 
****************************************
Report : area
Design : openC906
Version: X-2025.06-SP2
Date   : Wed May 27 13:13:47 2026
****************************************

Library(s) Used:

    tcbn28hpcplusbwp40p140ehvttt1v25c_ccs (File: /dfs/app/tsmc_icdc/tsmc028/28HPCplus_RF/SC/tcbn28hpcplusbwp40p140ehvt/tcbn28hpcplusbwp40p140ehvt_190a/Front_End/timing_power_noise/CCS/tcbn28hpcplusbwp40p140ehvt_170a/tcbn28hpcplusbwp40p140ehvttt1v25c_ccs.db)
    tcbn28hpcplusbwp30p140hvttt1v25c_ccs (File: /dfs/app/tsmc_icdc/tsmc028/28HPCplus_RF/SC/tcbn28hpcplusbwp30p140hvt/tcbn28hpcplusbwp30p140hvt_190a/Front_End/timing_power_noise/CCS/tcbn28hpcplusbwp30p140hvt_180a/tcbn28hpcplusbwp30p140hvttt1v25c_ccs.db)
    tcbn28hpcplusbwp30p140tt1v25c_ccs (File: /dfs/app/tsmc_icdc/tsmc028/28HPCplus_RF/SC/tcbn28hpcplusbwp30p140/tcbn28hpcplusbwp30p140_190a/Front_End/timing_power_noise/CCS/tcbn28hpcplusbwp30p140_180a/tcbn28hpcplusbwp30p140tt1v25c_ccs.db)
    tcbn28hpcplusbwp30p140lvttt1v25c_ccs (File: /dfs/app/tsmc_icdc/tsmc028/28HPCplus_RF/SC/tcbn28hpcplusbwp30p140lvt/tcbn28hpcplusbwp30p140lvt_190a/Front_End/timing_power_noise/CCS/tcbn28hpcplusbwp30p140lvt_180a/tcbn28hpcplusbwp30p140lvttt1v25c_ccs.db)
    ts1n28hpcpuhdsvtb64x88m2sw_tt1v25c (File: /dfs/usrhome/jjiangan/github/openc906-charles-imp/smart_run/impl/gen_sram/db/ts1n28hpcpuhdsvtb64x88m2sw_170a_tt1v25c.db)
    ts1n28hpcpuhdsvtb64x98m2sw_tt1v25c (File: /dfs/usrhome/jjiangan/github/openc906-charles-imp/smart_run/impl/gen_sram/db/ts1n28hpcpuhdsvtb64x98m2sw_170a_tt1v25c.db)
    ts1n28hpcphvtb1024x64m8swso_tt1v25c (File: /dfs/usrhome/jjiangan/github/openc906-charles-imp/smart_run/impl/gen_sram/db/ts1n28hpcphvtb1024x64m8swso_180a_tt1v25c.db)
    ts5n28hpcpsvta128x8m2fw_tt1v25c (File: /dfs/usrhome/jjiangan/github/openc906-charles-imp/smart_run/impl/gen_sram/db/ts5n28hpcpsvta128x8m2fw_130a_tt1v25c.db)
    ts1n28hpcpuhdsvtb64x58m2sw_tt1v25c (File: /dfs/usrhome/jjiangan/github/openc906-charles-imp/smart_run/impl/gen_sram/db/ts1n28hpcpuhdsvtb64x58m2sw_170a_tt1v25c.db)
    ts1n28hpcpuhdsvtb1024x16m4swso_tt1v25c (File: /dfs/usrhome/jjiangan/github/openc906-charles-imp/smart_run/impl/gen_sram/db/ts1n28hpcpuhdsvtb1024x16m4swso_170a_tt1v25c.db)
    ts1n28hpcpuhdsvtb2048x32m4swso_tt1v25c (File: /dfs/usrhome/jjiangan/github/openc906-charles-imp/smart_run/impl/gen_sram/db/ts1n28hpcpuhdsvtb2048x32m4swso_170a_tt1v25c.db)
    ts1n28hpcpuhdsvtb256x59m2sw_tt1v25c (File: /dfs/usrhome/jjiangan/github/openc906-charles-imp/smart_run/impl/gen_sram/db/ts1n28hpcpuhdsvtb256x59m2sw_170a_tt1v25c.db)

Number of ports:                       222129
Number of nets:                        388153
Number of cells:                       226828
Number of combinational cells:         196249
Number of sequential cells:             29083
Number of macros/black boxes:              17
Number of buf/inv:                      44157
Number of references:                      11

Combinational area:             112610.358219
Buf/Inv area:                    12611.844037
Noncombinational area:           61083.664066
Macro/Black Box area:           153901.245728
Net Interconnect area:      undefined  (Wire load has zero net area)

Total cell area:                327595.268013
Total area:                 undefined

Hierarchical area distribution
------------------------------

                                  Global cell area                Local cell area
                                  --------------------  ------------------------------------ 
Hierarchical cell                 Absolute     Percent  Combi-       Noncombi-   Black-
                                  Total        Total    national     national    boxes        Design
--------------------------------  -----------  -------  -----------  ----------  -----------  ---------------------------------------------------------------
openC906                          327595.2680    100.0      17.8920      0.0000       0.0000  openC906
x_aq_biu_top                        3351.4739      1.0       0.5040      0.0000       0.0000  aq_biu_top
x_aq_biu_top/x_aq_biu_apbif          429.5340      0.1     181.9440    247.2120       0.0000  aq_biu_apbif
x_aq_biu_top/x_aq_biu_apbif/x_apbif_gated_clk      0.3780     0.0      0.3780     0.0000      0.0000 gated_clk_cell_427
x_aq_biu_top/x_aq_biu_gated_clk        0.3780      0.0       0.3780      0.0000       0.0000  gated_clk_cell_439
x_aq_biu_top/x_aq_biu_read_channel    616.7700     0.2     176.0220    439.9920       0.0000  aq_biu_read_channel
x_aq_biu_top/x_aq_biu_read_channel/x_aq_biu_ar_gated_clk      0.3780     0.0      0.3780     0.0000      0.0000 gated_clk_cell_431
x_aq_biu_top/x_aq_biu_read_channel/x_aq_biu_r_gated_clk      0.3780     0.0      0.3780     0.0000      0.0000 gated_clk_cell_430
x_aq_biu_top/x_aq_biu_req_arbiter    575.9460      0.2     521.1360     54.4320       0.0000  aq_biu_req_arbiter
x_aq_biu_top/x_aq_biu_req_arbiter/x_aq_biu_arb_gated_clk      0.3780     0.0      0.3780     0.0000      0.0000 gated_clk_cell_432
x_aq_biu_top/x_aq_biu_write_channel   1728.3420     0.5    248.7240    480.8160       0.0000  aq_biu_write_channel
x_aq_biu_top/x_aq_biu_write_channel/x_aq_biu_aw_gated_clk      0.3780     0.0      0.3780     0.0000      0.0000 gated_clk_cell_429
x_aq_biu_top/x_aq_biu_write_channel/x_aq_biu_w_gated_clk      0.5040     0.0      0.5040     0.0000      0.0000 gated_clk_cell_428
x_aq_biu_top/x_aq_biu_write_channel/x_aq_biu_wt_entry_0     62.3700     0.0     32.5080    29.4840      0.0000 aq_biu_wt_entry_15
x_aq_biu_top/x_aq_biu_write_channel/x_aq_biu_wt_entry_0/x_aq_biu_wtable_gated_clk      0.3780     0.0      0.3780     0.0000      0.0000 gated_clk_cell_366
x_aq_biu_top/x_aq_biu_write_channel/x_aq_biu_wt_entry_1     62.3700     0.0     32.5080    29.4840      0.0000 aq_biu_wt_entry_14
x_aq_biu_top/x_aq_biu_write_channel/x_aq_biu_wt_entry_1/x_aq_biu_wtable_gated_clk      0.3780     0.0      0.3780     0.0000      0.0000 gated_clk_cell_365
x_aq_biu_top/x_aq_biu_write_channel/x_aq_biu_wt_entry_10     62.3700     0.0     32.5080    29.4840      0.0000 aq_biu_wt_entry_5
x_aq_biu_top/x_aq_biu_write_channel/x_aq_biu_wt_entry_10/x_aq_biu_wtable_gated_clk      0.3780     0.0      0.3780     0.0000      0.0000 gated_clk_cell_356
x_aq_biu_top/x_aq_biu_write_channel/x_aq_biu_wt_entry_11     62.3700     0.0     32.5080    29.4840      0.0000 aq_biu_wt_entry_4
x_aq_biu_top/x_aq_biu_write_channel/x_aq_biu_wt_entry_11/x_aq_biu_wtable_gated_clk      0.3780     0.0      0.3780     0.0000      0.0000 gated_clk_cell_355
x_aq_biu_top/x_aq_biu_write_channel/x_aq_biu_wt_entry_12     62.3700     0.0     32.5080    29.4840      0.0000 aq_biu_wt_entry_3
x_aq_biu_top/x_aq_biu_write_channel/x_aq_biu_wt_entry_12/x_aq_biu_wtable_gated_clk      0.3780     0.0      0.3780     0.0000      0.0000 gated_clk_cell_354
x_aq_biu_top/x_aq_biu_write_channel/x_aq_biu_wt_entry_13     62.3700     0.0     32.5080    29.4840      0.0000 aq_biu_wt_entry_2
x_aq_biu_top/x_aq_biu_write_channel/x_aq_biu_wt_entry_13/x_aq_biu_wtable_gated_clk      0.3780     0.0      0.3780     0.0000      0.0000 gated_clk_cell_353
x_aq_biu_top/x_aq_biu_write_channel/x_aq_biu_wt_entry_14     62.3700     0.0     32.5080    29.4840      0.0000 aq_biu_wt_entry_1
x_aq_biu_top/x_aq_biu_write_channel/x_aq_biu_wt_entry_14/x_aq_biu_wtable_gated_clk      0.3780     0.0      0.3780     0.0000      0.0000 gated_clk_cell_352
x_aq_biu_top/x_aq_biu_write_channel/x_aq_biu_wt_entry_15     62.3700     0.0     32.5080    29.4840      0.0000 aq_biu_wt_entry_0
x_aq_biu_top/x_aq_biu_write_channel/x_aq_biu_wt_entry_15/x_aq_biu_wtable_gated_clk      0.3780     0.0      0.3780     0.0000      0.0000 gated_clk_cell_351
x_aq_biu_top/x_aq_biu_write_channel/x_aq_biu_wt_entry_2     62.3700     0.0     32.5080    29.4840      0.0000 aq_biu_wt_entry_13
x_aq_biu_top/x_aq_biu_write_channel/x_aq_biu_wt_entry_2/x_aq_biu_wtable_gated_clk      0.3780     0.0      0.3780     0.0000      0.0000 gated_clk_cell_364
x_aq_biu_top/x_aq_biu_write_channel/x_aq_biu_wt_entry_3     62.3700     0.0     32.5080    29.4840      0.0000 aq_biu_wt_entry_12
x_aq_biu_top/x_aq_biu_write_channel/x_aq_biu_wt_entry_3/x_aq_biu_wtable_gated_clk      0.3780     0.0      0.3780     0.0000      0.0000 gated_clk_cell_363
x_aq_biu_top/x_aq_biu_write_channel/x_aq_biu_wt_entry_4     62.3700     0.0     32.5080    29.4840      0.0000 aq_biu_wt_entry_11
x_aq_biu_top/x_aq_biu_write_channel/x_aq_biu_wt_entry_4/x_aq_biu_wtable_gated_clk      0.3780     0.0      0.3780     0.0000      0.0000 gated_clk_cell_362
x_aq_biu_top/x_aq_biu_write_channel/x_aq_biu_wt_entry_5     62.3700     0.0     32.5080    29.4840      0.0000 aq_biu_wt_entry_10
x_aq_biu_top/x_aq_biu_write_channel/x_aq_biu_wt_entry_5/x_aq_biu_wtable_gated_clk      0.3780     0.0      0.3780     0.0000      0.0000 gated_clk_cell_361
x_aq_biu_top/x_aq_biu_write_channel/x_aq_biu_wt_entry_6     62.3700     0.0     32.5080    29.4840      0.0000 aq_biu_wt_entry_9
x_aq_biu_top/x_aq_biu_write_channel/x_aq_biu_wt_entry_6/x_aq_biu_wtable_gated_clk      0.3780     0.0      0.3780     0.0000      0.0000 gated_clk_cell_360
x_aq_biu_top/x_aq_biu_write_channel/x_aq_biu_wt_entry_7     62.3700     0.0     32.5080    29.4840      0.0000 aq_biu_wt_entry_8
x_aq_biu_top/x_aq_biu_write_channel/x_aq_biu_wt_entry_7/x_aq_biu_wtable_gated_clk      0.3780     0.0      0.3780     0.0000      0.0000 gated_clk_cell_359
x_aq_biu_top/x_aq_biu_write_channel/x_aq_biu_wt_entry_8     62.3700     0.0     32.5080    29.4840      0.0000 aq_biu_wt_entry_7
x_aq_biu_top/x_aq_biu_write_channel/x_aq_biu_wt_entry_8/x_aq_biu_wtable_gated_clk      0.3780     0.0      0.3780     0.0000      0.0000 gated_clk_cell_358
x_aq_biu_top/x_aq_biu_write_channel/x_aq_biu_wt_entry_9     62.3700     0.0     32.5080    29.4840      0.0000 aq_biu_wt_entry_6
x_aq_biu_top/x_aq_biu_write_channel/x_aq_biu_wt_entry_9/x_aq_biu_wtable_gated_clk      0.3780     0.0      0.3780     0.0000      0.0000 gated_clk_cell_357
x_aq_mp_clk_top                       10.3320      0.0       2.2680      6.0480       0.0000  aq_mp_clk_top
x_aq_mp_clk_top/apb_clk_buf            2.0160      0.0       0.7560      1.2600       0.0000  BUFGCE
x_aq_mp_rst_top                       13.3560      0.0       4.2840      9.0720       0.0000  aq_mp_rst_top
x_aq_plic_top                      17294.2556      5.3       1.6380      0.0000       0.0000  plic_top_256_10_01_5_32
x_aq_plic_top/HART_ARB_0__x_plic_hart_arb   3288.3480     1.0      0.5040     0.0000      0.0000 plic_hart_arb_INT_NUM256_ECH_RD32_PRIO_BIT5_ID_NUM10
x_aq_plic_top/HART_ARB_0__x_plic_hart_arb/x_plic_32to1_arb   2501.3520     0.8    105.2100   278.9640      0.0000 plic_32to1_arb_PRIO_BIT6_ID_NUM10_INT_NUM1024_SEL_NUM4_ECH_RD32
x_aq_plic_top/HART_ARB_0__x_plic_hart_arb/x_plic_32to1_arb/FIRST_SEL_0__x_first_prio_selection     34.9020     0.0     34.9020     0.0000      0.0000 plic_granu2_arb_ID_NUM10_PRIO_BIT6_7
x_aq_plic_top/HART_ARB_0__x_plic_hart_arb/x_plic_32to1_arb/FIRST_SEL_1__x_first_prio_selection     34.9020     0.0     34.9020     0.0000      0.0000 plic_granu2_arb_ID_NUM10_PRIO_BIT6_6
x_aq_plic_top/HART_ARB_0__x_plic_hart_arb/x_plic_32to1_arb/FIRST_SEL_2__x_first_prio_selection     34.9020     0.0     34.9020     0.0000      0.0000 plic_granu2_arb_ID_NUM10_PRIO_BIT6_5
x_aq_plic_top/HART_ARB_0__x_plic_hart_arb/x_plic_32to1_arb/FIRST_SEL_3__x_first_prio_selection     34.9020     0.0     34.9020     0.0000      0.0000 plic_granu2_arb_ID_NUM10_PRIO_BIT6_4
x_aq_plic_top/HART_ARB_0__x_plic_hart_arb/x_plic_32to1_arb/FIRST_SEL_4__x_first_prio_selection     34.9020     0.0     34.9020     0.0000      0.0000 plic_granu2_arb_ID_NUM10_PRIO_BIT6_3
x_aq_plic_top/HART_ARB_0__x_plic_hart_arb/x_plic_32to1_arb/FIRST_SEL_5__x_first_prio_selection     34.9020     0.0     34.9020     0.0000      0.0000 plic_granu2_arb_ID_NUM10_PRIO_BIT6_2
x_aq_plic_top/HART_ARB_0__x_plic_hart_arb/x_plic_32to1_arb/FIRST_SEL_6__x_first_prio_selection     34.9020     0.0     34.9020     0.0000      0.0000 plic_granu2_arb_ID_NUM10_PRIO_BIT6_1
x_aq_plic_top/HART_ARB_0__x_plic_hart_arb/x_plic_32to1_arb/FIRST_SEL_7__x_first_prio_selection     34.9020     0.0     34.9020     0.0000      0.0000 plic_granu2_arb_ID_NUM10_PRIO_BIT6_0
x_aq_plic_top/HART_ARB_0__x_plic_hart_arb/x_plic_32to1_arb/ROUND_SEL_0__x_round_sel_prio     22.3020     0.0     22.3020     0.0000      0.0000 nor_sel_SEL_BIT5_SEL_NUM32_DATA6_31
x_aq_plic_top/HART_ARB_0__x_plic_hart_arb/x_plic_32to1_arb/ROUND_SEL_0__x_round_sel_req      5.4180     0.0      5.4180     0.0000      0.0000 nor_sel_SEL_BIT5_SEL_NUM32_DATA1_31
x_aq_plic_top/HART_ARB_0__x_plic_hart_arb/x_plic_32to1_arb/ROUND_SEL_10__x_round_sel_prio     24.3180     0.0     24.3180     0.0000      0.0000 nor_sel_SEL_BIT5_SEL_NUM32_DATA6_21
x_aq_plic_top/HART_ARB_0__x_plic_hart_arb/x_plic_32to1_arb/ROUND_SEL_10__x_round_sel_req      5.0400     0.0      5.0400     0.0000      0.0000 nor_sel_SEL_BIT5_SEL_NUM32_DATA1_21
x_aq_plic_top/HART_ARB_0__x_plic_hart_arb/x_plic_32to1_arb/ROUND_SEL_11__x_round_sel_prio     23.8140     0.0     23.8140     0.0000      0.0000 nor_sel_SEL_BIT5_SEL_NUM32_DATA6_20
x_aq_plic_top/HART_ARB_0__x_plic_hart_arb/x_plic_32to1_arb/ROUND_SEL_11__x_round_sel_req      5.0400     0.0      5.0400     0.0000      0.0000 nor_sel_SEL_BIT5_SEL_NUM32_DATA1_20
x_aq_plic_top/HART_ARB_0__x_plic_hart_arb/x_plic_32to1_arb/ROUND_SEL_12__x_round_sel_prio     24.3180     0.0     24.3180     0.0000      0.0000 nor_sel_SEL_BIT5_SEL_NUM32_DATA6_19
x_aq_plic_top/HART_ARB_0__x_plic_hart_arb/x_plic_32to1_arb/ROUND_SEL_12__x_round_sel_req      5.0400     0.0      5.0400     0.0000      0.0000 nor_sel_SEL_BIT5_SEL_NUM32_DATA1_19
x_aq_plic_top/HART_ARB_0__x_plic_hart_arb/x_plic_32to1_arb/ROUND_SEL_13__x_round_sel_id      1.1340     0.0      1.1340     0.0000      0.0000 nor_sel_SEL_BIT5_SEL_NUM32_DATA10_18
x_aq_plic_top/HART_ARB_0__x_plic_hart_arb/x_plic_32to1_arb/ROUND_SEL_13__x_round_sel_prio     24.3180     0.0     24.3180     0.0000      0.0000 nor_sel_SEL_BIT5_SEL_NUM32_DATA6_18
x_aq_plic_top/HART_ARB_0__x_plic_hart_arb/x_plic_32to1_arb/ROUND_SEL_13__x_round_sel_req      5.0400     0.0      5.0400     0.0000      0.0000 nor_sel_SEL_BIT5_SEL_NUM32_DATA1_18
x_aq_plic_top/HART_ARB_0__x_plic_hart_arb/x_plic_32to1_arb/ROUND_SEL_14__x_round_sel_prio     24.3180     0.0     24.3180     0.0000      0.0000 nor_sel_SEL_BIT5_SEL_NUM32_DATA6_17
x_aq_plic_top/HART_ARB_0__x_plic_hart_arb/x_plic_32to1_arb/ROUND_SEL_14__x_round_sel_req      5.0400     0.0      5.0400     0.0000      0.0000 nor_sel_SEL_BIT5_SEL_NUM32_DATA1_17
x_aq_plic_top/HART_ARB_0__x_plic_hart_arb/x_plic_32to1_arb/ROUND_SEL_15__x_round_sel_prio     24.0660     0.0     24.0660     0.0000      0.0000 nor_sel_SEL_BIT5_SEL_NUM32_DATA6_16
x_aq_plic_top/HART_ARB_0__x_plic_hart_arb/x_plic_32to1_arb/ROUND_SEL_15__x_round_sel_req      5.0400     0.0      5.0400     0.0000      0.0000 nor_sel_SEL_BIT5_SEL_NUM32_DATA1_16
x_aq_plic_top/HART_ARB_0__x_plic_hart_arb/x_plic_32to1_arb/ROUND_SEL_16__x_round_sel_prio     24.3180     0.0     24.3180     0.0000      0.0000 nor_sel_SEL_BIT5_SEL_NUM32_DATA6_15
x_aq_plic_top/HART_ARB_0__x_plic_hart_arb/x_plic_32to1_arb/ROUND_SEL_16__x_round_sel_req      5.0400     0.0      5.0400     0.0000      0.0000 nor_sel_SEL_BIT5_SEL_NUM32_DATA1_15
x_aq_plic_top/HART_ARB_0__x_plic_hart_arb/x_plic_32to1_arb/ROUND_SEL_17__x_round_sel_id      1.1340     0.0      1.1340     0.0000      0.0000 nor_sel_SEL_BIT5_SEL_NUM32_DATA10_14
x_aq_plic_top/HART_ARB_0__x_plic_hart_arb/x_plic_32to1_arb/ROUND_SEL_17__x_round_sel_prio     24.3180     0.0     24.3180     0.0000      0.0000 nor_sel_SEL_BIT5_SEL_NUM32_DATA6_14
x_aq_plic_top/HART_ARB_0__x_plic_hart_arb/x_plic_32to1_arb/ROUND_SEL_17__x_round_sel_req      5.0400     0.0      5.0400     0.0000      0.0000 nor_sel_SEL_BIT5_SEL_NUM32_DATA1_14
x_aq_plic_top/HART_ARB_0__x_plic_hart_arb/x_plic_32to1_arb/ROUND_SEL_18__x_round_sel_prio     24.3180     0.0     24.3180     0.0000      0.0000 nor_sel_SEL_BIT5_SEL_NUM32_DATA6_13
x_aq_plic_top/HART_ARB_0__x_plic_hart_arb/x_plic_32to1_arb/ROUND_SEL_18__x_round_sel_req      5.0400     0.0      5.0400     0.0000      0.0000 nor_sel_SEL_BIT5_SEL_NUM32_DATA1_13
x_aq_plic_top/HART_ARB_0__x_plic_hart_arb/x_plic_32to1_arb/ROUND_SEL_19__x_round_sel_prio     23.8140     0.0     23.8140     0.0000      0.0000 nor_sel_SEL_BIT5_SEL_NUM32_DATA6_12
x_aq_plic_top/HART_ARB_0__x_plic_hart_arb/x_plic_32to1_arb/ROUND_SEL_19__x_round_sel_req      5.0400     0.0      5.0400     0.0000      0.0000 nor_sel_SEL_BIT5_SEL_NUM32_DATA1_12
x_aq_plic_top/HART_ARB_0__x_plic_hart_arb/x_plic_32to1_arb/ROUND_SEL_1__x_round_sel_prio     24.3180     0.0     24.3180     0.0000      0.0000 nor_sel_SEL_BIT5_SEL_NUM32_DATA6_30
x_aq_plic_top/HART_ARB_0__x_plic_hart_arb/x_plic_32to1_arb/ROUND_SEL_1__x_round_sel_req      5.0400     0.0      5.0400     0.0000      0.0000 nor_sel_SEL_BIT5_SEL_NUM32_DATA1_30
x_aq_plic_top/HART_ARB_0__x_plic_hart_arb/x_plic_32to1_arb/ROUND_SEL_20__x_round_sel_prio     24.3180     0.0     24.3180     0.0000      0.0000 nor_sel_SEL_BIT5_SEL_NUM32_DATA6_11
x_aq_plic_top/HART_ARB_0__x_plic_hart_arb/x_plic_32to1_arb/ROUND_SEL_20__x_round_sel_req      5.0400     0.0      5.0400     0.0000      0.0000 nor_sel_SEL_BIT5_SEL_NUM32_DATA1_11
x_aq_plic_top/HART_ARB_0__x_plic_hart_arb/x_plic_32to1_arb/ROUND_SEL_21__x_round_sel_id      1.1340     0.0      1.1340     0.0000      0.0000 nor_sel_SEL_BIT5_SEL_NUM32_DATA10_10
x_aq_plic_top/HART_ARB_0__x_plic_hart_arb/x_plic_32to1_arb/ROUND_SEL_21__x_round_sel_prio     24.3180     0.0     24.3180     0.0000      0.0000 nor_sel_SEL_BIT5_SEL_NUM32_DATA6_10
x_aq_plic_top/HART_ARB_0__x_plic_hart_arb/x_plic_32to1_arb/ROUND_SEL_21__x_round_sel_req      5.0400     0.0      5.0400     0.0000      0.0000 nor_sel_SEL_BIT5_SEL_NUM32_DATA1_10
x_aq_plic_top/HART_ARB_0__x_plic_hart_arb/x_plic_32to1_arb/ROUND_SEL_22__x_round_sel_prio     24.3180     0.0     24.3180     0.0000      0.0000 nor_sel_SEL_BIT5_SEL_NUM32_DATA6_9
x_aq_plic_top/HART_ARB_0__x_plic_hart_arb/x_plic_32to1_arb/ROUND_SEL_22__x_round_sel_req      5.0400     0.0      5.0400     0.0000      0.0000 nor_sel_SEL_BIT5_SEL_NUM32_DATA1_9
x_aq_plic_top/HART_ARB_0__x_plic_hart_arb/x_plic_32to1_arb/ROUND_SEL_23__x_round_sel_prio     23.8140     0.0     23.8140     0.0000      0.0000 nor_sel_SEL_BIT5_SEL_NUM32_DATA6_8
x_aq_plic_top/HART_ARB_0__x_plic_hart_arb/x_plic_32to1_arb/ROUND_SEL_23__x_round_sel_req      5.0400     0.0      5.0400     0.0000      0.0000 nor_sel_SEL_BIT5_SEL_NUM32_DATA1_8
x_aq_plic_top/HART_ARB_0__x_plic_hart_arb/x_plic_32to1_arb/ROUND_SEL_24__x_round_sel_prio     24.3180     0.0     24.3180     0.0000      0.0000 nor_sel_SEL_BIT5_SEL_NUM32_DATA6_7
x_aq_plic_top/HART_ARB_0__x_plic_hart_arb/x_plic_32to1_arb/ROUND_SEL_24__x_round_sel_req      5.0400     0.0      5.0400     0.0000      0.0000 nor_sel_SEL_BIT5_SEL_NUM32_DATA1_7
x_aq_plic_top/HART_ARB_0__x_plic_hart_arb/x_plic_32to1_arb/ROUND_SEL_25__x_round_sel_id      1.1340     0.0      1.1340     0.0000      0.0000 nor_sel_SEL_BIT5_SEL_NUM32_DATA10_6
x_aq_plic_top/HART_ARB_0__x_plic_hart_arb/x_plic_32to1_arb/ROUND_SEL_25__x_round_sel_prio     24.3180     0.0     24.3180     0.0000      0.0000 nor_sel_SEL_BIT5_SEL_NUM32_DATA6_6
x_aq_plic_top/HART_ARB_0__x_plic_hart_arb/x_plic_32to1_arb/ROUND_SEL_25__x_round_sel_req      5.0400     0.0      5.0400     0.0000      0.0000 nor_sel_SEL_BIT5_SEL_NUM32_DATA1_6
x_aq_plic_top/HART_ARB_0__x_plic_hart_arb/x_plic_32to1_arb/ROUND_SEL_26__x_round_sel_prio     24.3180     0.0     24.3180     0.0000      0.0000 nor_sel_SEL_BIT5_SEL_NUM32_DATA6_5
x_aq_plic_top/HART_ARB_0__x_plic_hart_arb/x_plic_32to1_arb/ROUND_SEL_26__x_round_sel_req      5.0400     0.0      5.0400     0.0000      0.0000 nor_sel_SEL_BIT5_SEL_NUM32_DATA1_5
x_aq_plic_top/HART_ARB_0__x_plic_hart_arb/x_plic_32to1_arb/ROUND_SEL_27__x_round_sel_prio     24.0660     0.0     24.0660     0.0000      0.0000 nor_sel_SEL_BIT5_SEL_NUM32_DATA6_4
x_aq_plic_top/HART_ARB_0__x_plic_hart_arb/x_plic_32to1_arb/ROUND_SEL_27__x_round_sel_req      5.0400     0.0      5.0400     0.0000      0.0000 nor_sel_SEL_BIT5_SEL_NUM32_DATA1_4
x_aq_plic_top/HART_ARB_0__x_plic_hart_arb/x_plic_32to1_arb/ROUND_SEL_28__x_round_sel_prio     24.3180     0.0     24.3180     0.0000      0.0000 nor_sel_SEL_BIT5_SEL_NUM32_DATA6_3
x_aq_plic_top/HART_ARB_0__x_plic_hart_arb/x_plic_32to1_arb/ROUND_SEL_28__x_round_sel_req      5.0400     0.0      5.0400     0.0000      0.0000 nor_sel_SEL_BIT5_SEL_NUM32_DATA1_3
x_aq_plic_top/HART_ARB_0__x_plic_hart_arb/x_plic_32to1_arb/ROUND_SEL_29__x_round_sel_id      1.1340     0.0      1.1340     0.0000      0.0000 nor_sel_SEL_BIT5_SEL_NUM32_DATA10_2
x_aq_plic_top/HART_ARB_0__x_plic_hart_arb/x_plic_32to1_arb/ROUND_SEL_29__x_round_sel_prio     24.3180     0.0     24.3180     0.0000      0.0000 nor_sel_SEL_BIT5_SEL_NUM32_DATA6_2
x_aq_plic_top/HART_ARB_0__x_plic_hart_arb/x_plic_32to1_arb/ROUND_SEL_29__x_round_sel_req      5.0400     0.0      5.0400     0.0000      0.0000 nor_sel_SEL_BIT5_SEL_NUM32_DATA1_2
x_aq_plic_top/HART_ARB_0__x_plic_hart_arb/x_plic_32to1_arb/ROUND_SEL_2__x_round_sel_prio     24.3180     0.0     24.3180     0.0000      0.0000 nor_sel_SEL_BIT5_SEL_NUM32_DATA6_29
x_aq_plic_top/HART_ARB_0__x_plic_hart_arb/x_plic_32to1_arb/ROUND_SEL_2__x_round_sel_req      5.0400     0.0      5.0400     0.0000      0.0000 nor_sel_SEL_BIT5_SEL_NUM32_DATA1_29
x_aq_plic_top/HART_ARB_0__x_plic_hart_arb/x_plic_32to1_arb/ROUND_SEL_30__x_round_sel_prio     24.3180     0.0     24.3180     0.0000      0.0000 nor_sel_SEL_BIT5_SEL_NUM32_DATA6_1
x_aq_plic_top/HART_ARB_0__x_plic_hart_arb/x_plic_32to1_arb/ROUND_SEL_30__x_round_sel_req      5.0400     0.0      5.0400     0.0000      0.0000 nor_sel_SEL_BIT5_SEL_NUM32_DATA1_1
x_aq_plic_top/HART_ARB_0__x_plic_hart_arb/x_plic_32to1_arb/ROUND_SEL_31__x_round_sel_prio     24.0660     0.0     24.0660     0.0000      0.0000 nor_sel_SEL_BIT5_SEL_NUM32_DATA6_0
x_aq_plic_top/HART_ARB_0__x_plic_hart_arb/x_plic_32to1_arb/ROUND_SEL_31__x_round_sel_req      5.0400     0.0      5.0400     0.0000      0.0000 nor_sel_SEL_BIT5_SEL_NUM32_DATA1_0
x_aq_plic_top/HART_ARB_0__x_plic_hart_arb/x_plic_32to1_arb/ROUND_SEL_3__x_round_sel_id      1.1340     0.0      1.1340     0.0000      0.0000 nor_sel_SEL_BIT5_SEL_NUM32_DATA10_28
x_aq_plic_top/HART_ARB_0__x_plic_hart_arb/x_plic_32to1_arb/ROUND_SEL_3__x_round_sel_prio     24.0660     0.0     24.0660     0.0000      0.0000 nor_sel_SEL_BIT5_SEL_NUM32_DATA6_28
x_aq_plic_top/HART_ARB_0__x_plic_hart_arb/x_plic_32to1_arb/ROUND_SEL_3__x_round_sel_req      5.0400     0.0      5.0400     0.0000      0.0000 nor_sel_SEL_BIT5_SEL_NUM32_DATA1_28
x_aq_plic_top/HART_ARB_0__x_plic_hart_arb/x_plic_32to1_arb/ROUND_SEL_4__x_round_sel_prio     24.3180     0.0     24.3180     0.0000      0.0000 nor_sel_SEL_BIT5_SEL_NUM32_DATA6_27
x_aq_plic_top/HART_ARB_0__x_plic_hart_arb/x_plic_32to1_arb/ROUND_SEL_4__x_round_sel_req      5.0400     0.0      5.0400     0.0000      0.0000 nor_sel_SEL_BIT5_SEL_NUM32_DATA1_27
x_aq_plic_top/HART_ARB_0__x_plic_hart_arb/x_plic_32to1_arb/ROUND_SEL_5__x_round_sel_id      1.1340     0.0      1.1340     0.0000      0.0000 nor_sel_SEL_BIT5_SEL_NUM32_DATA10_26
x_aq_plic_top/HART_ARB_0__x_plic_hart_arb/x_plic_32to1_arb/ROUND_SEL_5__x_round_sel_prio     24.3180     0.0     24.3180     0.0000      0.0000 nor_sel_SEL_BIT5_SEL_NUM32_DATA6_26
x_aq_plic_top/HART_ARB_0__x_plic_hart_arb/x_plic_32to1_arb/ROUND_SEL_5__x_round_sel_req      5.0400     0.0      5.0400     0.0000      0.0000 nor_sel_SEL_BIT5_SEL_NUM32_DATA1_26
x_aq_plic_top/HART_ARB_0__x_plic_hart_arb/x_plic_32to1_arb/ROUND_SEL_6__x_round_sel_prio     24.0660     0.0     24.0660     0.0000      0.0000 nor_sel_SEL_BIT5_SEL_NUM32_DATA6_25
x_aq_plic_top/HART_ARB_0__x_plic_hart_arb/x_plic_32to1_arb/ROUND_SEL_6__x_round_sel_req      5.0400     0.0      5.0400     0.0000      0.0000 nor_sel_SEL_BIT5_SEL_NUM32_DATA1_25
x_aq_plic_top/HART_ARB_0__x_plic_hart_arb/x_plic_32to1_arb/ROUND_SEL_7__x_round_sel_prio     23.8140     0.0     23.8140     0.0000      0.0000 nor_sel_SEL_BIT5_SEL_NUM32_DATA6_24
x_aq_plic_top/HART_ARB_0__x_plic_hart_arb/x_plic_32to1_arb/ROUND_SEL_7__x_round_sel_req      5.0400     0.0      5.0400     0.0000      0.0000 nor_sel_SEL_BIT5_SEL_NUM32_DATA1_24
x_aq_plic_top/HART_ARB_0__x_plic_hart_arb/x_plic_32to1_arb/ROUND_SEL_8__x_round_sel_prio     24.3180     0.0     24.3180     0.0000      0.0000 nor_sel_SEL_BIT5_SEL_NUM32_DATA6_23
x_aq_plic_top/HART_ARB_0__x_plic_hart_arb/x_plic_32to1_arb/ROUND_SEL_8__x_round_sel_req      5.0400     0.0      5.0400     0.0000      0.0000 nor_sel_SEL_BIT5_SEL_NUM32_DATA1_23
x_aq_plic_top/HART_ARB_0__x_plic_hart_arb/x_plic_32to1_arb/ROUND_SEL_9__x_round_sel_id      1.1340     0.0      1.1340     0.0000      0.0000 nor_sel_SEL_BIT5_SEL_NUM32_DATA10_22
x_aq_plic_top/HART_ARB_0__x_plic_hart_arb/x_plic_32to1_arb/ROUND_SEL_9__x_round_sel_prio     24.3180     0.0     24.3180     0.0000      0.0000 nor_sel_SEL_BIT5_SEL_NUM32_DATA6_22
x_aq_plic_top/HART_ARB_0__x_plic_hart_arb/x_plic_32to1_arb/ROUND_SEL_9__x_round_sel_req      5.0400     0.0      5.0400     0.0000      0.0000 nor_sel_SEL_BIT5_SEL_NUM32_DATA1_22
x_aq_plic_top/HART_ARB_0__x_plic_hart_arb/x_plic_32to1_arb/x_secd_prio_selection10    894.3480     0.3    472.2480     0.0000      0.0000 plic_granu_arb_SEL_NUM9_SEL_BIT4_ID_NUM10_PRIO_BIT6
x_aq_plic_top/HART_ARB_0__x_plic_hart_arb/x_plic_32to1_arb/x_secd_prio_selection10/x_id_select     36.6660     0.0     36.6660     0.0000      0.0000 prio_sel_DATA10_SEL9_SEL_BIT4
x_aq_plic_top/HART_ARB_0__x_plic_hart_arb/x_plic_32to1_arb/x_secd_prio_selection10/x_priority_select    385.4340     0.1    385.4340     0.0000      0.0000 prio_sel_DATA9_SEL64_SEL_BIT6
x_aq_plic_top/HART_ARB_0__x_plic_hart_arb/x_plic_arb_ctrl    786.4920     0.2    747.4320    38.5560      0.0000 plic_arb_ctrl_INT_NUM256_ECH_RD32_PRIO_BIT5
x_aq_plic_top/HART_ARB_0__x_plic_hart_arb/x_plic_arb_ctrl/x_arb_ctrl_ready_gateclk      0.5040     0.0      0.5040     0.0000      0.0000 gated_clk_cell_345
x_aq_plic_top/x_csky_apb_1tox_matrix    339.8220     0.1    115.2900   222.2640       0.0000  csky_apb_1tox_matrix_ADDR27_SLAVE5
x_aq_plic_top/x_csky_apb_1tox_matrix/GATE_CLK_0__x_mst_sel_gateclk      0.3780     0.0      0.3780     0.0000      0.0000 gated_clk_cell_420
x_aq_plic_top/x_csky_apb_1tox_matrix/GATE_CLK_1__x_mst_sel_gateclk      0.3780     0.0      0.3780     0.0000      0.0000 gated_clk_cell_419
x_aq_plic_top/x_csky_apb_1tox_matrix/GATE_CLK_2__x_mst_sel_gateclk      0.3780     0.0      0.3780     0.0000      0.0000 gated_clk_cell_418
x_aq_plic_top/x_csky_apb_1tox_matrix/GATE_CLK_3__x_mst_sel_gateclk      0.3780     0.0      0.3780     0.0000      0.0000 gated_clk_cell_417
x_aq_plic_top/x_csky_apb_1tox_matrix/GATE_CLK_4__x_mst_sel_gateclk      0.3780     0.0      0.3780     0.0000      0.0000 gated_clk_cell_416
x_aq_plic_top/x_csky_apb_1tox_matrix/x_slv_ready_gateclk      0.3780     0.0      0.3780     0.0000      0.0000 gated_clk_cell_421
x_aq_plic_top/x_plic_ctrl             11.2140      0.0       6.3000      4.5360       0.0000  plic_ctrl
x_aq_plic_top/x_plic_ctrl/x_ict_ready_gateclk      0.3780     0.0      0.3780     0.0000      0.0000 gated_clk_cell_415
x_aq_plic_top/x_plic_hreg_busif     3069.4859      0.9    1033.2000     38.5560       0.0000  plic_hreg_busif_256_32_01_10_5_13_18
x_aq_plic_top/x_plic_hreg_busif/HART_ICT_GATE_CLK_0__x_hart_claim_gateclk      0.3780     0.0      0.3780     0.0000      0.0000 gated_clk_cell_404
x_aq_plic_top/x_plic_hreg_busif/HART_ICT_GATE_CLK_0__x_hart_th_wr_gateclk      0.3780     0.0      0.3780     0.0000      0.0000 gated_clk_cell_403
x_aq_plic_top/x_plic_hreg_busif/HART_ICT_REG_0__x_hart_mth_ff     15.7500     0.0      4.4100    11.3400      0.0000 instance_reg_flog_DATA5_3
x_aq_plic_top/x_plic_hreg_busif/HART_ICT_REG_0__x_hart_sth_ff     15.7500     0.0      4.4100    11.3400      0.0000 instance_reg_flog_DATA5_2
x_aq_plic_top/x_plic_hreg_busif/HART_IE_0__HART_IE_32_0__x_hart_ie_wr_gateclk      0.3780     0.0      0.3780     0.0000      0.0000 gated_clk_cell_413
x_aq_plic_top/x_plic_hreg_busif/HART_IE_0__HART_IE_32_0__x_hart_mie_ff     98.1540     0.0     27.8460    70.3080      0.0000 instance_reg_flog_DATA32_16
x_aq_plic_top/x_plic_hreg_busif/HART_IE_0__HART_IE_32_0__x_hart_sie_ff     97.6500     0.0     27.3420    70.3080      0.0000 instance_reg_flog_DATA32_15
x_aq_plic_top/x_plic_hreg_busif/HART_IE_0__HART_IE_32_1__x_hart_ie_wr_gateclk      0.3780     0.0      0.3780     0.0000      0.0000 gated_clk_cell_412
x_aq_plic_top/x_plic_hreg_busif/HART_IE_0__HART_IE_32_1__x_hart_mie_ff    101.3040     0.0     28.7280    72.5760      0.0000 instance_reg_flog_DATA32_14
x_aq_plic_top/x_plic_hreg_busif/HART_IE_0__HART_IE_32_1__x_hart_sie_ff    101.3040     0.0     28.7280    72.5760      0.0000 instance_reg_flog_DATA32_13
x_aq_plic_top/x_plic_hreg_busif/HART_IE_0__HART_IE_32_2__x_hart_ie_wr_gateclk      0.3780     0.0      0.3780     0.0000      0.0000 gated_clk_cell_411
x_aq_plic_top/x_plic_hreg_busif/HART_IE_0__HART_IE_32_2__x_hart_mie_ff    101.3040     0.0     28.7280    72.5760      0.0000 instance_reg_flog_DATA32_12
x_aq_plic_top/x_plic_hreg_busif/HART_IE_0__HART_IE_32_2__x_hart_sie_ff    101.3040     0.0     28.7280    72.5760      0.0000 instance_reg_flog_DATA32_11
x_aq_plic_top/x_plic_hreg_busif/HART_IE_0__HART_IE_32_3__x_hart_ie_wr_gateclk      0.3780     0.0      0.3780     0.0000      0.0000 gated_clk_cell_410
x_aq_plic_top/x_plic_hreg_busif/HART_IE_0__HART_IE_32_3__x_hart_mie_ff    101.3040     0.0     28.7280    72.5760      0.0000 instance_reg_flog_DATA32_10
x_aq_plic_top/x_plic_hreg_busif/HART_IE_0__HART_IE_32_3__x_hart_sie_ff    101.3040     0.0     28.7280    72.5760      0.0000 instance_reg_flog_DATA32_9
x_aq_plic_top/x_plic_hreg_busif/HART_IE_0__HART_IE_32_4__x_hart_ie_wr_gateclk      0.3780     0.0      0.3780     0.0000      0.0000 gated_clk_cell_409
x_aq_plic_top/x_plic_hreg_busif/HART_IE_0__HART_IE_32_4__x_hart_mie_ff    101.3040     0.0     28.7280    72.5760      0.0000 instance_reg_flog_DATA32_8
x_aq_plic_top/x_plic_hreg_busif/HART_IE_0__HART_IE_32_4__x_hart_sie_ff    101.3040     0.0     28.7280    72.5760      0.0000 instance_reg_flog_DATA32_7
x_aq_plic_top/x_plic_hreg_busif/HART_IE_0__HART_IE_32_5__x_hart_ie_wr_gateclk      0.3780     0.0      0.3780     0.0000      0.0000 gated_clk_cell_408
x_aq_plic_top/x_plic_hreg_busif/HART_IE_0__HART_IE_32_5__x_hart_mie_ff    101.3040     0.0     28.7280    72.5760      0.0000 instance_reg_flog_DATA32_6
x_aq_plic_top/x_plic_hreg_busif/HART_IE_0__HART_IE_32_5__x_hart_sie_ff    101.3040     0.0     28.7280    72.5760      0.0000 instance_reg_flog_DATA32_5
x_aq_plic_top/x_plic_hreg_busif/HART_IE_0__HART_IE_32_6__x_hart_ie_wr_gateclk      0.3780     0.0      0.3780     0.0000      0.0000 gated_clk_cell_407
x_aq_plic_top/x_plic_hreg_busif/HART_IE_0__HART_IE_32_6__x_hart_mie_ff    101.3040     0.0     28.7280    72.5760      0.0000 instance_reg_flog_DATA32_4
x_aq_plic_top/x_plic_hreg_busif/HART_IE_0__HART_IE_32_6__x_hart_sie_ff    101.3040     0.0     28.7280    72.5760      0.0000 instance_reg_flog_DATA32_3
x_aq_plic_top/x_plic_hreg_busif/HART_IE_0__HART_IE_32_7__x_hart_ie_wr_gateclk      0.3780     0.0      0.3780     0.0000      0.0000 gated_clk_cell_406
x_aq_plic_top/x_plic_hreg_busif/HART_IE_0__HART_IE_32_7__x_hart_mie_ff    101.3040     0.0     28.7280    72.5760      0.0000 instance_reg_flog_DATA32_2
x_aq_plic_top/x_plic_hreg_busif/HART_IE_0__HART_IE_32_7__x_hart_sie_ff    101.3040     0.0     28.7280    72.5760      0.0000 instance_reg_flog_DATA32_1
x_aq_plic_top/x_plic_hreg_busif/HART_IE_RW_0__x_hart_ie_rdata_ff    101.3040     0.0     28.7280    72.5760      0.0000 instance_reg_flog_DATA32_17
x_aq_plic_top/x_plic_hreg_busif/HART_IE_RW_0__x_hart_ie_ready_ff      3.1500     0.0      0.8820     2.2680      0.0000 instance_reg_flog_DATA1_5
x_aq_plic_top/x_plic_hreg_busif/HART_IE_RW_0__x_hart_ie_ready_gateclk      0.3780     0.0      0.3780     0.0000      0.0000 gated_clk_cell_414
x_aq_plic_top/x_plic_hreg_busif/HART_IE_RW_0__x_hart_ie_slverr_ff      3.1500     0.0      0.8820     2.2680      0.0000 instance_reg_flog_DATA1_4
x_aq_plic_top/x_plic_hreg_busif/x_hart_ict_rdata_ff     25.2000     0.0      7.0560    18.1440      0.0000 instance_reg_flog_DATA32_0
x_aq_plic_top/x_plic_hreg_busif/x_hart_ict_ready_ff      3.1500     0.0      0.8820     2.2680      0.0000 instance_reg_flog_DATA1_3
x_aq_plic_top/x_plic_hreg_busif/x_hart_ict_slverr_ff      3.1500     0.0      0.8820     2.2680      0.0000 instance_reg_flog_DATA1_2
x_aq_plic_top/x_plic_hreg_busif/x_ict_ready_gateclk      0.3780     0.0      0.3780     0.0000      0.0000 gated_clk_cell_405
x_aq_plic_top/x_plic_hreg_busif/x_prio_1tox_matrix    208.5300     0.1     33.1380   174.6360      0.0000 csky_apb_1tox_matrix_13_01
x_aq_plic_top/x_plic_hreg_busif/x_prio_1tox_matrix/GATE_CLK_0__x_mst_sel_gateclk      0.3780     0.0      0.3780     0.0000      0.0000 gated_clk_cell_349
x_aq_plic_top/x_plic_hreg_busif/x_prio_1tox_matrix/x_slv_ready_gateclk      0.3780     0.0      0.3780     0.0000      0.0000 gated_clk_cell_350
x_aq_plic_top/x_plic_kid_busif     10583.7477      3.2    1192.5900     77.1120       0.0000  plic_kid_busif_INT_NUM256_PRIO_BIT5_ID_NUM10_ADDR12
x_aq_plic_top/x_plic_kid_busif/APB_SEL_EN_0__x_prio_split_rdata_ff     15.7500     0.0      4.4100    11.3400      0.0000 instance_reg_flog_DATA5_1
x_aq_plic_top/x_plic_kid_busif/APB_SEL_EN_0__x_prio_split_ready_ff      3.1500     0.0      0.8820     2.2680      0.0000 instance_reg_flog_DATA1_1
x_aq_plic_top/x_plic_kid_busif/APB_SEL_EN_0__x_prio_split_ready_gateclk      0.3780     0.0      0.3780     0.0000      0.0000 gated_clk_cell_394
x_aq_plic_top/x_plic_kid_busif/APB_SEL_EN_1__x_prio_split_rdata_ff     15.7500     0.0      4.4100    11.3400      0.0000 instance_reg_flog_DATA5_0
x_aq_plic_top/x_plic_kid_busif/APB_SEL_EN_1__x_prio_split_ready_ff      3.1500     0.0      0.8820     2.2680      0.0000 instance_reg_flog_DATA1_0
x_aq_plic_top/x_plic_kid_busif/APB_SEL_EN_1__x_prio_split_ready_gateclk      0.3780     0.0      0.3780     0.0000      0.0000 gated_clk_cell_393
x_aq_plic_top/x_plic_kid_busif/INT_KID_100__x_plic_int_kid     29.8620     0.0     11.7180    18.1440      0.0000 plic_int_kid_PRIO_BIT5_155
x_aq_plic_top/x_plic_kid_busif/INT_KID_101__x_plic_int_kid     29.8620     0.0     11.7180    18.1440      0.0000 plic_int_kid_PRIO_BIT5_154
x_aq_plic_top/x_plic_kid_busif/INT_KID_102__x_plic_int_kid     29.8620     0.0     11.7180    18.1440      0.0000 plic_int_kid_PRIO_BIT5_153
x_aq_plic_top/x_plic_kid_busif/INT_KID_103__x_plic_int_kid     29.8620     0.0     11.7180    18.1440      0.0000 plic_int_kid_PRIO_BIT5_152
x_aq_plic_top/x_plic_kid_busif/INT_KID_104__x_plic_int_kid     29.8620     0.0     11.7180    18.1440      0.0000 plic_int_kid_PRIO_BIT5_151
x_aq_plic_top/x_plic_kid_busif/INT_KID_105__x_plic_int_kid     29.8620     0.0     11.7180    18.1440      0.0000 plic_int_kid_PRIO_BIT5_150
x_aq_plic_top/x_plic_kid_busif/INT_KID_106__x_plic_int_kid     29.8620     0.0     11.7180    18.1440      0.0000 plic_int_kid_PRIO_BIT5_149
x_aq_plic_top/x_plic_kid_busif/INT_KID_107__x_plic_int_kid     29.8620     0.0     11.7180    18.1440      0.0000 plic_int_kid_PRIO_BIT5_148
x_aq_plic_top/x_plic_kid_busif/INT_KID_108__x_plic_int_kid     29.8620     0.0     11.7180    18.1440      0.0000 plic_int_kid_PRIO_BIT5_147
x_aq_plic_top/x_plic_kid_busif/INT_KID_109__x_plic_int_kid     29.8620     0.0     11.7180    18.1440      0.0000 plic_int_kid_PRIO_BIT5_146
x_aq_plic_top/x_plic_kid_busif/INT_KID_10__x_plic_int_kid     25.7040     0.0      9.8280    15.8760      0.0000 plic_int_kid_PRIO_BIT5_245
x_aq_plic_top/x_plic_kid_busif/INT_KID_110__x_plic_int_kid     29.8620     0.0     11.7180    18.1440      0.0000 plic_int_kid_PRIO_BIT5_145
x_aq_plic_top/x_plic_kid_busif/INT_KID_111__x_plic_int_kid     29.8620     0.0     11.7180    18.1440      0.0000 plic_int_kid_PRIO_BIT5_144
x_aq_plic_top/x_plic_kid_busif/INT_KID_112__x_plic_int_kid     29.8620     0.0     11.7180    18.1440      0.0000 plic_int_kid_PRIO_BIT5_143
x_aq_plic_top/x_plic_kid_busif/INT_KID_113__x_plic_int_kid     29.8620     0.0     11.7180    18.1440      0.0000 plic_int_kid_PRIO_BIT5_142
x_aq_plic_top/x_plic_kid_busif/INT_KID_114__x_plic_int_kid     29.8620     0.0     11.7180    18.1440      0.0000 plic_int_kid_PRIO_BIT5_141
x_aq_plic_top/x_plic_kid_busif/INT_KID_115__x_plic_int_kid     29.8620     0.0     11.7180    18.1440      0.0000 plic_int_kid_PRIO_BIT5_140
x_aq_plic_top/x_plic_kid_busif/INT_KID_116__x_plic_int_kid     29.8620     0.0     11.7180    18.1440      0.0000 plic_int_kid_PRIO_BIT5_139
x_aq_plic_top/x_plic_kid_busif/INT_KID_117__x_plic_int_kid     29.8620     0.0     11.7180    18.1440      0.0000 plic_int_kid_PRIO_BIT5_138
x_aq_plic_top/x_plic_kid_busif/INT_KID_118__x_plic_int_kid     29.8620     0.0     11.7180    18.1440      0.0000 plic_int_kid_PRIO_BIT5_137
x_aq_plic_top/x_plic_kid_busif/INT_KID_119__x_plic_int_kid     29.8620     0.0     11.7180    18.1440      0.0000 plic_int_kid_PRIO_BIT5_136
x_aq_plic_top/x_plic_kid_busif/INT_KID_11__x_plic_int_kid     25.7040     0.0      9.8280    15.8760      0.0000 plic_int_kid_PRIO_BIT5_244
x_aq_plic_top/x_plic_kid_busif/INT_KID_120__x_plic_int_kid     29.8620     0.0     11.7180    18.1440      0.0000 plic_int_kid_PRIO_BIT5_135
x_aq_plic_top/x_plic_kid_busif/INT_KID_121__x_plic_int_kid     29.8620     0.0     11.7180    18.1440      0.0000 plic_int_kid_PRIO_BIT5_134
x_aq_plic_top/x_plic_kid_busif/INT_KID_122__x_plic_int_kid     29.8620     0.0     11.7180    18.1440      0.0000 plic_int_kid_PRIO_BIT5_133
x_aq_plic_top/x_plic_kid_busif/INT_KID_123__x_plic_int_kid     29.8620     0.0     11.7180    18.1440      0.0000 plic_int_kid_PRIO_BIT5_132
x_aq_plic_top/x_plic_kid_busif/INT_KID_124__x_plic_int_kid     29.8620     0.0     11.7180    18.1440      0.0000 plic_int_kid_PRIO_BIT5_131
x_aq_plic_top/x_plic_kid_busif/INT_KID_125__x_plic_int_kid     29.8620     0.0     11.7180    18.1440      0.0000 plic_int_kid_PRIO_BIT5_130
x_aq_plic_top/x_plic_kid_busif/INT_KID_126__x_plic_int_kid     29.8620     0.0     11.7180    18.1440      0.0000 plic_int_kid_PRIO_BIT5_129
x_aq_plic_top/x_plic_kid_busif/INT_KID_127__x_plic_int_kid     29.8620     0.0     11.7180    18.1440      0.0000 plic_int_kid_PRIO_BIT5_128
x_aq_plic_top/x_plic_kid_busif/INT_KID_128__x_plic_int_kid     29.8620     0.0     11.7180    18.1440      0.0000 plic_int_kid_PRIO_BIT5_127
x_aq_plic_top/x_plic_kid_busif/INT_KID_129__x_plic_int_kid     29.8620     0.0     11.7180    18.1440      0.0000 plic_int_kid_PRIO_BIT5_126
x_aq_plic_top/x_plic_kid_busif/INT_KID_12__x_plic_int_kid     25.7040     0.0      9.8280    15.8760      0.0000 plic_int_kid_PRIO_BIT5_243
x_aq_plic_top/x_plic_kid_busif/INT_KID_130__x_plic_int_kid     29.8620     0.0     11.7180    18.1440      0.0000 plic_int_kid_PRIO_BIT5_125
x_aq_plic_top/x_plic_kid_busif/INT_KID_131__x_plic_int_kid     29.8620     0.0     11.7180    18.1440      0.0000 plic_int_kid_PRIO_BIT5_124
x_aq_plic_top/x_plic_kid_busif/INT_KID_132__x_plic_int_kid     29.8620     0.0     11.7180    18.1440      0.0000 plic_int_kid_PRIO_BIT5_123
x_aq_plic_top/x_plic_kid_busif/INT_KID_133__x_plic_int_kid     29.8620     0.0     11.7180    18.1440      0.0000 plic_int_kid_PRIO_BIT5_122
x_aq_plic_top/x_plic_kid_busif/INT_KID_134__x_plic_int_kid     29.8620     0.0     11.7180    18.1440      0.0000 plic_int_kid_PRIO_BIT5_121
x_aq_plic_top/x_plic_kid_busif/INT_KID_135__x_plic_int_kid     29.8620     0.0     11.7180    18.1440      0.0000 plic_int_kid_PRIO_BIT5_120
x_aq_plic_top/x_plic_kid_busif/INT_KID_136__x_plic_int_kid     29.8620     0.0     11.7180    18.1440      0.0000 plic_int_kid_PRIO_BIT5_119
x_aq_plic_top/x_plic_kid_busif/INT_KID_137__x_plic_int_kid     29.8620     0.0     11.7180    18.1440      0.0000 plic_int_kid_PRIO_BIT5_118
x_aq_plic_top/x_plic_kid_busif/INT_KID_138__x_plic_int_kid     29.8620     0.0     11.7180    18.1440      0.0000 plic_int_kid_PRIO_BIT5_117
x_aq_plic_top/x_plic_kid_busif/INT_KID_139__x_plic_int_kid     29.8620     0.0     11.7180    18.1440      0.0000 plic_int_kid_PRIO_BIT5_116
x_aq_plic_top/x_plic_kid_busif/INT_KID_13__x_plic_int_kid     25.7040     0.0      9.8280    15.8760      0.0000 plic_int_kid_PRIO_BIT5_242
x_aq_plic_top/x_plic_kid_busif/INT_KID_140__x_plic_int_kid     29.8620     0.0     11.7180    18.1440      0.0000 plic_int_kid_PRIO_BIT5_115
x_aq_plic_top/x_plic_kid_busif/INT_KID_141__x_plic_int_kid     29.8620     0.0     11.7180    18.1440      0.0000 plic_int_kid_PRIO_BIT5_114
x_aq_plic_top/x_plic_kid_busif/INT_KID_142__x_plic_int_kid     29.8620     0.0     11.7180    18.1440      0.0000 plic_int_kid_PRIO_BIT5_113
x_aq_plic_top/x_plic_kid_busif/INT_KID_143__x_plic_int_kid     29.8620     0.0     11.7180    18.1440      0.0000 plic_int_kid_PRIO_BIT5_112
x_aq_plic_top/x_plic_kid_busif/INT_KID_144__x_plic_int_kid     29.8620     0.0     11.7180    18.1440      0.0000 plic_int_kid_PRIO_BIT5_111
x_aq_plic_top/x_plic_kid_busif/INT_KID_145__x_plic_int_kid     29.8620     0.0     11.7180    18.1440      0.0000 plic_int_kid_PRIO_BIT5_110
x_aq_plic_top/x_plic_kid_busif/INT_KID_146__x_plic_int_kid     29.8620     0.0     11.7180    18.1440      0.0000 plic_int_kid_PRIO_BIT5_109
x_aq_plic_top/x_plic_kid_busif/INT_KID_147__x_plic_int_kid     29.8620     0.0     11.7180    18.1440      0.0000 plic_int_kid_PRIO_BIT5_108
x_aq_plic_top/x_plic_kid_busif/INT_KID_148__x_plic_int_kid     29.8620     0.0     11.7180    18.1440      0.0000 plic_int_kid_PRIO_BIT5_107
x_aq_plic_top/x_plic_kid_busif/INT_KID_149__x_plic_int_kid     29.8620     0.0     11.7180    18.1440      0.0000 plic_int_kid_PRIO_BIT5_106
x_aq_plic_top/x_plic_kid_busif/INT_KID_14__x_plic_int_kid     25.7040     0.0      9.8280    15.8760      0.0000 plic_int_kid_PRIO_BIT5_241
x_aq_plic_top/x_plic_kid_busif/INT_KID_150__x_plic_int_kid     29.8620     0.0     11.7180    18.1440      0.0000 plic_int_kid_PRIO_BIT5_105
x_aq_plic_top/x_plic_kid_busif/INT_KID_151__x_plic_int_kid     29.8620     0.0     11.7180    18.1440      0.0000 plic_int_kid_PRIO_BIT5_104
x_aq_plic_top/x_plic_kid_busif/INT_KID_152__x_plic_int_kid     29.8620     0.0     11.7180    18.1440      0.0000 plic_int_kid_PRIO_BIT5_103
x_aq_plic_top/x_plic_kid_busif/INT_KID_153__x_plic_int_kid     29.8620     0.0     11.7180    18.1440      0.0000 plic_int_kid_PRIO_BIT5_102
x_aq_plic_top/x_plic_kid_busif/INT_KID_154__x_plic_int_kid     29.8620     0.0     11.7180    18.1440      0.0000 plic_int_kid_PRIO_BIT5_101
x_aq_plic_top/x_plic_kid_busif/INT_KID_155__x_plic_int_kid     29.8620     0.0     11.7180    18.1440      0.0000 plic_int_kid_PRIO_BIT5_100
x_aq_plic_top/x_plic_kid_busif/INT_KID_156__x_plic_int_kid     29.8620     0.0     11.7180    18.1440      0.0000 plic_int_kid_PRIO_BIT5_99
x_aq_plic_top/x_plic_kid_busif/INT_KID_157__x_plic_int_kid     29.8620     0.0     11.7180    18.1440      0.0000 plic_int_kid_PRIO_BIT5_98
x_aq_plic_top/x_plic_kid_busif/INT_KID_158__x_plic_int_kid     29.8620     0.0     11.7180    18.1440      0.0000 plic_int_kid_PRIO_BIT5_97
x_aq_plic_top/x_plic_kid_busif/INT_KID_159__x_plic_int_kid     29.8620     0.0     11.7180    18.1440      0.0000 plic_int_kid_PRIO_BIT5_96
x_aq_plic_top/x_plic_kid_busif/INT_KID_15__x_plic_int_kid     25.7040     0.0      9.8280    15.8760      0.0000 plic_int_kid_PRIO_BIT5_240
x_aq_plic_top/x_plic_kid_busif/INT_KID_160__x_plic_int_kid     29.8620     0.0     11.7180    18.1440      0.0000 plic_int_kid_PRIO_BIT5_95
x_aq_plic_top/x_plic_kid_busif/INT_KID_161__x_plic_int_kid     29.8620     0.0     11.7180    18.1440      0.0000 plic_int_kid_PRIO_BIT5_94
x_aq_plic_top/x_plic_kid_busif/INT_KID_162__x_plic_int_kid     29.8620     0.0     11.7180    18.1440      0.0000 plic_int_kid_PRIO_BIT5_93
x_aq_plic_top/x_plic_kid_busif/INT_KID_163__x_plic_int_kid     29.8620     0.0     11.7180    18.1440      0.0000 plic_int_kid_PRIO_BIT5_92
x_aq_plic_top/x_plic_kid_busif/INT_KID_164__x_plic_int_kid     29.8620     0.0     11.7180    18.1440      0.0000 plic_int_kid_PRIO_BIT5_91
x_aq_plic_top/x_plic_kid_busif/INT_KID_165__x_plic_int_kid     29.8620     0.0     11.7180    18.1440      0.0000 plic_int_kid_PRIO_BIT5_90
x_aq_plic_top/x_plic_kid_busif/INT_KID_166__x_plic_int_kid     29.8620     0.0     11.7180    18.1440      0.0000 plic_int_kid_PRIO_BIT5_89
x_aq_plic_top/x_plic_kid_busif/INT_KID_167__x_plic_int_kid     29.8620     0.0     11.7180    18.1440      0.0000 plic_int_kid_PRIO_BIT5_88
x_aq_plic_top/x_plic_kid_busif/INT_KID_168__x_plic_int_kid     29.8620     0.0     11.7180    18.1440      0.0000 plic_int_kid_PRIO_BIT5_87
x_aq_plic_top/x_plic_kid_busif/INT_KID_169__x_plic_int_kid     29.8620     0.0     11.7180    18.1440      0.0000 plic_int_kid_PRIO_BIT5_86
x_aq_plic_top/x_plic_kid_busif/INT_KID_16__x_plic_int_kid     29.8620     0.0     11.7180    18.1440      0.0000 plic_int_kid_PRIO_BIT5_239
x_aq_plic_top/x_plic_kid_busif/INT_KID_170__x_plic_int_kid     29.8620     0.0     11.7180    18.1440      0.0000 plic_int_kid_PRIO_BIT5_85
x_aq_plic_top/x_plic_kid_busif/INT_KID_171__x_plic_int_kid     29.8620     0.0     11.7180    18.1440      0.0000 plic_int_kid_PRIO_BIT5_84
x_aq_plic_top/x_plic_kid_busif/INT_KID_172__x_plic_int_kid     29.8620     0.0     11.7180    18.1440      0.0000 plic_int_kid_PRIO_BIT5_83
x_aq_plic_top/x_plic_kid_busif/INT_KID_173__x_plic_int_kid     29.8620     0.0     11.7180    18.1440      0.0000 plic_int_kid_PRIO_BIT5_82
x_aq_plic_top/x_plic_kid_busif/INT_KID_174__x_plic_int_kid     29.8620     0.0     11.7180    18.1440      0.0000 plic_int_kid_PRIO_BIT5_81
x_aq_plic_top/x_plic_kid_busif/INT_KID_175__x_plic_int_kid     29.8620     0.0     11.7180    18.1440      0.0000 plic_int_kid_PRIO_BIT5_80
x_aq_plic_top/x_plic_kid_busif/INT_KID_176__x_plic_int_kid     29.8620     0.0     11.7180    18.1440      0.0000 plic_int_kid_PRIO_BIT5_79
x_aq_plic_top/x_plic_kid_busif/INT_KID_177__x_plic_int_kid     29.8620     0.0     11.7180    18.1440      0.0000 plic_int_kid_PRIO_BIT5_78
x_aq_plic_top/x_plic_kid_busif/INT_KID_178__x_plic_int_kid     29.8620     0.0     11.7180    18.1440      0.0000 plic_int_kid_PRIO_BIT5_77
x_aq_plic_top/x_plic_kid_busif/INT_KID_179__x_plic_int_kid     29.8620     0.0     11.7180    18.1440      0.0000 plic_int_kid_PRIO_BIT5_76
x_aq_plic_top/x_plic_kid_busif/INT_KID_17__x_plic_int_kid     29.8620     0.0     11.7180    18.1440      0.0000 plic_int_kid_PRIO_BIT5_238
x_aq_plic_top/x_plic_kid_busif/INT_KID_180__x_plic_int_kid     29.8620     0.0     11.7180    18.1440      0.0000 plic_int_kid_PRIO_BIT5_75
x_aq_plic_top/x_plic_kid_busif/INT_KID_181__x_plic_int_kid     29.8620     0.0     11.7180    18.1440      0.0000 plic_int_kid_PRIO_BIT5_74
x_aq_plic_top/x_plic_kid_busif/INT_KID_182__x_plic_int_kid     29.8620     0.0     11.7180    18.1440      0.0000 plic_int_kid_PRIO_BIT5_73
x_aq_plic_top/x_plic_kid_busif/INT_KID_183__x_plic_int_kid     29.8620     0.0     11.7180    18.1440      0.0000 plic_int_kid_PRIO_BIT5_72
x_aq_plic_top/x_plic_kid_busif/INT_KID_184__x_plic_int_kid     29.8620     0.0     11.7180    18.1440      0.0000 plic_int_kid_PRIO_BIT5_71
x_aq_plic_top/x_plic_kid_busif/INT_KID_185__x_plic_int_kid     29.8620     0.0     11.7180    18.1440      0.0000 plic_int_kid_PRIO_BIT5_70
x_aq_plic_top/x_plic_kid_busif/INT_KID_186__x_plic_int_kid     29.8620     0.0     11.7180    18.1440      0.0000 plic_int_kid_PRIO_BIT5_69
x_aq_plic_top/x_plic_kid_busif/INT_KID_187__x_plic_int_kid     29.8620     0.0     11.7180    18.1440      0.0000 plic_int_kid_PRIO_BIT5_68
x_aq_plic_top/x_plic_kid_busif/INT_KID_188__x_plic_int_kid     29.8620     0.0     11.7180    18.1440      0.0000 plic_int_kid_PRIO_BIT5_67
x_aq_plic_top/x_plic_kid_busif/INT_KID_189__x_plic_int_kid     29.8620     0.0     11.7180    18.1440      0.0000 plic_int_kid_PRIO_BIT5_66
x_aq_plic_top/x_plic_kid_busif/INT_KID_18__x_plic_int_kid     29.8620     0.0     11.7180    18.1440      0.0000 plic_int_kid_PRIO_BIT5_237
x_aq_plic_top/x_plic_kid_busif/INT_KID_190__x_plic_int_kid     29.8620     0.0     11.7180    18.1440      0.0000 plic_int_kid_PRIO_BIT5_65
x_aq_plic_top/x_plic_kid_busif/INT_KID_191__x_plic_int_kid     29.8620     0.0     11.7180    18.1440      0.0000 plic_int_kid_PRIO_BIT5_64
x_aq_plic_top/x_plic_kid_busif/INT_KID_192__x_plic_int_kid     29.8620     0.0     11.7180    18.1440      0.0000 plic_int_kid_PRIO_BIT5_63
x_aq_plic_top/x_plic_kid_busif/INT_KID_193__x_plic_int_kid     29.8620     0.0     11.7180    18.1440      0.0000 plic_int_kid_PRIO_BIT5_62
x_aq_plic_top/x_plic_kid_busif/INT_KID_194__x_plic_int_kid     29.8620     0.0     11.7180    18.1440      0.0000 plic_int_kid_PRIO_BIT5_61
x_aq_plic_top/x_plic_kid_busif/INT_KID_195__x_plic_int_kid     29.8620     0.0     11.7180    18.1440      0.0000 plic_int_kid_PRIO_BIT5_60
x_aq_plic_top/x_plic_kid_busif/INT_KID_196__x_plic_int_kid     29.8620     0.0     11.7180    18.1440      0.0000 plic_int_kid_PRIO_BIT5_59
x_aq_plic_top/x_plic_kid_busif/INT_KID_197__x_plic_int_kid     29.8620     0.0     11.7180    18.1440      0.0000 plic_int_kid_PRIO_BIT5_58
x_aq_plic_top/x_plic_kid_busif/INT_KID_198__x_plic_int_kid     29.8620     0.0     11.7180    18.1440      0.0000 plic_int_kid_PRIO_BIT5_57
x_aq_plic_top/x_plic_kid_busif/INT_KID_199__x_plic_int_kid     29.8620     0.0     11.7180    18.1440      0.0000 plic_int_kid_PRIO_BIT5_56
x_aq_plic_top/x_plic_kid_busif/INT_KID_19__x_plic_int_kid     29.8620     0.0     11.7180    18.1440      0.0000 plic_int_kid_PRIO_BIT5_236
x_aq_plic_top/x_plic_kid_busif/INT_KID_1__x_plic_int_kid     25.7040     0.0      9.8280    15.8760      0.0000 plic_int_kid_PRIO_BIT5_254
x_aq_plic_top/x_plic_kid_busif/INT_KID_200__x_plic_int_kid     29.8620     0.0     11.7180    18.1440      0.0000 plic_int_kid_PRIO_BIT5_55
x_aq_plic_top/x_plic_kid_busif/INT_KID_201__x_plic_int_kid     29.8620     0.0     11.7180    18.1440      0.0000 plic_int_kid_PRIO_BIT5_54
x_aq_plic_top/x_plic_kid_busif/INT_KID_202__x_plic_int_kid     29.8620     0.0     11.7180    18.1440      0.0000 plic_int_kid_PRIO_BIT5_53
x_aq_plic_top/x_plic_kid_busif/INT_KID_203__x_plic_int_kid     29.8620     0.0     11.7180    18.1440      0.0000 plic_int_kid_PRIO_BIT5_52
x_aq_plic_top/x_plic_kid_busif/INT_KID_204__x_plic_int_kid     29.8620     0.0     11.7180    18.1440      0.0000 plic_int_kid_PRIO_BIT5_51
x_aq_plic_top/x_plic_kid_busif/INT_KID_205__x_plic_int_kid     29.8620     0.0     11.7180    18.1440      0.0000 plic_int_kid_PRIO_BIT5_50
x_aq_plic_top/x_plic_kid_busif/INT_KID_206__x_plic_int_kid     29.8620     0.0     11.7180    18.1440      0.0000 plic_int_kid_PRIO_BIT5_49
x_aq_plic_top/x_plic_kid_busif/INT_KID_207__x_plic_int_kid     29.8620     0.0     11.7180    18.1440      0.0000 plic_int_kid_PRIO_BIT5_48
x_aq_plic_top/x_plic_kid_busif/INT_KID_208__x_plic_int_kid     29.8620     0.0     11.7180    18.1440      0.0000 plic_int_kid_PRIO_BIT5_47
x_aq_plic_top/x_plic_kid_busif/INT_KID_209__x_plic_int_kid     29.8620     0.0     11.7180    18.1440      0.0000 plic_int_kid_PRIO_BIT5_46
x_aq_plic_top/x_plic_kid_busif/INT_KID_20__x_plic_int_kid     29.8620     0.0     11.7180    18.1440      0.0000 plic_int_kid_PRIO_BIT5_235
x_aq_plic_top/x_plic_kid_busif/INT_KID_210__x_plic_int_kid     29.8620     0.0     11.7180    18.1440      0.0000 plic_int_kid_PRIO_BIT5_45
x_aq_plic_top/x_plic_kid_busif/INT_KID_211__x_plic_int_kid     29.8620     0.0     11.7180    18.1440      0.0000 plic_int_kid_PRIO_BIT5_44
x_aq_plic_top/x_plic_kid_busif/INT_KID_212__x_plic_int_kid     29.8620     0.0     11.7180    18.1440      0.0000 plic_int_kid_PRIO_BIT5_43
x_aq_plic_top/x_plic_kid_busif/INT_KID_213__x_plic_int_kid     29.8620     0.0     11.7180    18.1440      0.0000 plic_int_kid_PRIO_BIT5_42
x_aq_plic_top/x_plic_kid_busif/INT_KID_214__x_plic_int_kid     29.8620     0.0     11.7180    18.1440      0.0000 plic_int_kid_PRIO_BIT5_41
x_aq_plic_top/x_plic_kid_busif/INT_KID_215__x_plic_int_kid     29.8620     0.0     11.7180    18.1440      0.0000 plic_int_kid_PRIO_BIT5_40
x_aq_plic_top/x_plic_kid_busif/INT_KID_216__x_plic_int_kid     29.8620     0.0     11.7180    18.1440      0.0000 plic_int_kid_PRIO_BIT5_39
x_aq_plic_top/x_plic_kid_busif/INT_KID_217__x_plic_int_kid     29.8620     0.0     11.7180    18.1440      0.0000 plic_int_kid_PRIO_BIT5_38
x_aq_plic_top/x_plic_kid_busif/INT_KID_218__x_plic_int_kid     29.8620     0.0     11.7180    18.1440      0.0000 plic_int_kid_PRIO_BIT5_37
x_aq_plic_top/x_plic_kid_busif/INT_KID_219__x_plic_int_kid     29.8620     0.0     11.7180    18.1440      0.0000 plic_int_kid_PRIO_BIT5_36
x_aq_plic_top/x_plic_kid_busif/INT_KID_21__x_plic_int_kid     29.8620     0.0     11.7180    18.1440      0.0000 plic_int_kid_PRIO_BIT5_234
x_aq_plic_top/x_plic_kid_busif/INT_KID_220__x_plic_int_kid     29.8620     0.0     11.7180    18.1440      0.0000 plic_int_kid_PRIO_BIT5_35
x_aq_plic_top/x_plic_kid_busif/INT_KID_221__x_plic_int_kid     29.8620     0.0     11.7180    18.1440      0.0000 plic_int_kid_PRIO_BIT5_34
x_aq_plic_top/x_plic_kid_busif/INT_KID_222__x_plic_int_kid     29.8620     0.0     11.7180    18.1440      0.0000 plic_int_kid_PRIO_BIT5_33
x_aq_plic_top/x_plic_kid_busif/INT_KID_223__x_plic_int_kid     29.8620     0.0     11.7180    18.1440      0.0000 plic_int_kid_PRIO_BIT5_32
x_aq_plic_top/x_plic_kid_busif/INT_KID_224__x_plic_int_kid     29.8620     0.0     11.7180    18.1440      0.0000 plic_int_kid_PRIO_BIT5_31
x_aq_plic_top/x_plic_kid_busif/INT_KID_225__x_plic_int_kid     29.8620     0.0     11.7180    18.1440      0.0000 plic_int_kid_PRIO_BIT5_30
x_aq_plic_top/x_plic_kid_busif/INT_KID_226__x_plic_int_kid     29.8620     0.0     11.7180    18.1440      0.0000 plic_int_kid_PRIO_BIT5_29
x_aq_plic_top/x_plic_kid_busif/INT_KID_227__x_plic_int_kid     29.8620     0.0     11.7180    18.1440      0.0000 plic_int_kid_PRIO_BIT5_28
x_aq_plic_top/x_plic_kid_busif/INT_KID_228__x_plic_int_kid     29.8620     0.0     11.7180    18.1440      0.0000 plic_int_kid_PRIO_BIT5_27
x_aq_plic_top/x_plic_kid_busif/INT_KID_229__x_plic_int_kid     29.8620     0.0     11.7180    18.1440      0.0000 plic_int_kid_PRIO_BIT5_26
x_aq_plic_top/x_plic_kid_busif/INT_KID_22__x_plic_int_kid     29.8620     0.0     11.7180    18.1440      0.0000 plic_int_kid_PRIO_BIT5_233
x_aq_plic_top/x_plic_kid_busif/INT_KID_230__x_plic_int_kid     29.8620     0.0     11.7180    18.1440      0.0000 plic_int_kid_PRIO_BIT5_25
x_aq_plic_top/x_plic_kid_busif/INT_KID_231__x_plic_int_kid     29.8620     0.0     11.7180    18.1440      0.0000 plic_int_kid_PRIO_BIT5_24
x_aq_plic_top/x_plic_kid_busif/INT_KID_232__x_plic_int_kid     29.8620     0.0     11.7180    18.1440      0.0000 plic_int_kid_PRIO_BIT5_23
x_aq_plic_top/x_plic_kid_busif/INT_KID_233__x_plic_int_kid     29.8620     0.0     11.7180    18.1440      0.0000 plic_int_kid_PRIO_BIT5_22
x_aq_plic_top/x_plic_kid_busif/INT_KID_234__x_plic_int_kid     29.8620     0.0     11.7180    18.1440      0.0000 plic_int_kid_PRIO_BIT5_21
x_aq_plic_top/x_plic_kid_busif/INT_KID_235__x_plic_int_kid     29.8620     0.0     11.7180    18.1440      0.0000 plic_int_kid_PRIO_BIT5_20
x_aq_plic_top/x_plic_kid_busif/INT_KID_236__x_plic_int_kid     29.8620     0.0     11.7180    18.1440      0.0000 plic_int_kid_PRIO_BIT5_19
x_aq_plic_top/x_plic_kid_busif/INT_KID_237__x_plic_int_kid     29.8620     0.0     11.7180    18.1440      0.0000 plic_int_kid_PRIO_BIT5_18
x_aq_plic_top/x_plic_kid_busif/INT_KID_238__x_plic_int_kid     29.8620     0.0     11.7180    18.1440      0.0000 plic_int_kid_PRIO_BIT5_17
x_aq_plic_top/x_plic_kid_busif/INT_KID_239__x_plic_int_kid     29.8620     0.0     11.7180    18.1440      0.0000 plic_int_kid_PRIO_BIT5_16
x_aq_plic_top/x_plic_kid_busif/INT_KID_23__x_plic_int_kid     29.8620     0.0     11.7180    18.1440      0.0000 plic_int_kid_PRIO_BIT5_232
x_aq_plic_top/x_plic_kid_busif/INT_KID_240__x_plic_int_kid     29.8620     0.0     11.7180    18.1440      0.0000 plic_int_kid_PRIO_BIT5_15
x_aq_plic_top/x_plic_kid_busif/INT_KID_241__x_plic_int_kid     29.8620     0.0     11.7180    18.1440      0.0000 plic_int_kid_PRIO_BIT5_14
x_aq_plic_top/x_plic_kid_busif/INT_KID_242__x_plic_int_kid     29.8620     0.0     11.7180    18.1440      0.0000 plic_int_kid_PRIO_BIT5_13
x_aq_plic_top/x_plic_kid_busif/INT_KID_243__x_plic_int_kid     29.8620     0.0     11.7180    18.1440      0.0000 plic_int_kid_PRIO_BIT5_12
x_aq_plic_top/x_plic_kid_busif/INT_KID_244__x_plic_int_kid     29.8620     0.0     11.7180    18.1440      0.0000 plic_int_kid_PRIO_BIT5_11
x_aq_plic_top/x_plic_kid_busif/INT_KID_245__x_plic_int_kid     29.8620     0.0     11.7180    18.1440      0.0000 plic_int_kid_PRIO_BIT5_10
x_aq_plic_top/x_plic_kid_busif/INT_KID_246__x_plic_int_kid     29.8620     0.0     11.7180    18.1440      0.0000 plic_int_kid_PRIO_BIT5_9
x_aq_plic_top/x_plic_kid_busif/INT_KID_247__x_plic_int_kid     29.8620     0.0     11.7180    18.1440      0.0000 plic_int_kid_PRIO_BIT5_8
x_aq_plic_top/x_plic_kid_busif/INT_KID_248__x_plic_int_kid     29.8620     0.0     11.7180    18.1440      0.0000 plic_int_kid_PRIO_BIT5_7
x_aq_plic_top/x_plic_kid_busif/INT_KID_249__x_plic_int_kid     29.8620     0.0     11.7180    18.1440      0.0000 plic_int_kid_PRIO_BIT5_6
x_aq_plic_top/x_plic_kid_busif/INT_KID_24__x_plic_int_kid     29.8620     0.0     11.7180    18.1440      0.0000 plic_int_kid_PRIO_BIT5_231
x_aq_plic_top/x_plic_kid_busif/INT_KID_250__x_plic_int_kid     29.8620     0.0     11.7180    18.1440      0.0000 plic_int_kid_PRIO_BIT5_5
x_aq_plic_top/x_plic_kid_busif/INT_KID_251__x_plic_int_kid     29.8620     0.0     11.7180    18.1440      0.0000 plic_int_kid_PRIO_BIT5_4
x_aq_plic_top/x_plic_kid_busif/INT_KID_252__x_plic_int_kid     29.8620     0.0     11.7180    18.1440      0.0000 plic_int_kid_PRIO_BIT5_3
x_aq_plic_top/x_plic_kid_busif/INT_KID_253__x_plic_int_kid     29.8620     0.0     11.7180    18.1440      0.0000 plic_int_kid_PRIO_BIT5_2
x_aq_plic_top/x_plic_kid_busif/INT_KID_254__x_plic_int_kid     29.8620     0.0     11.7180    18.1440      0.0000 plic_int_kid_PRIO_BIT5_1
x_aq_plic_top/x_plic_kid_busif/INT_KID_255__x_plic_int_kid     29.8620     0.0     11.7180    18.1440      0.0000 plic_int_kid_PRIO_BIT5_0
x_aq_plic_top/x_plic_kid_busif/INT_KID_25__x_plic_int_kid     29.8620     0.0     11.7180    18.1440      0.0000 plic_int_kid_PRIO_BIT5_230
x_aq_plic_top/x_plic_kid_busif/INT_KID_26__x_plic_int_kid     29.8620     0.0     11.7180    18.1440      0.0000 plic_int_kid_PRIO_BIT5_229
x_aq_plic_top/x_plic_kid_busif/INT_KID_27__x_plic_int_kid     29.8620     0.0     11.7180    18.1440      0.0000 plic_int_kid_PRIO_BIT5_228
x_aq_plic_top/x_plic_kid_busif/INT_KID_28__x_plic_int_kid     29.8620     0.0     11.7180    18.1440      0.0000 plic_int_kid_PRIO_BIT5_227
x_aq_plic_top/x_plic_kid_busif/INT_KID_29__x_plic_int_kid     29.8620     0.0     11.7180    18.1440      0.0000 plic_int_kid_PRIO_BIT5_226
x_aq_plic_top/x_plic_kid_busif/INT_KID_2__x_plic_int_kid     25.7040     0.0      9.8280    15.8760      0.0000 plic_int_kid_PRIO_BIT5_253
x_aq_plic_top/x_plic_kid_busif/INT_KID_30__x_plic_int_kid     29.8620     0.0     11.7180    18.1440      0.0000 plic_int_kid_PRIO_BIT5_225
x_aq_plic_top/x_plic_kid_busif/INT_KID_31__x_plic_int_kid     29.8620     0.0     11.7180    18.1440      0.0000 plic_int_kid_PRIO_BIT5_224
x_aq_plic_top/x_plic_kid_busif/INT_KID_32__x_plic_int_kid     29.8620     0.0     11.7180    18.1440      0.0000 plic_int_kid_PRIO_BIT5_223
x_aq_plic_top/x_plic_kid_busif/INT_KID_33__x_plic_int_kid     29.8620     0.0     11.7180    18.1440      0.0000 plic_int_kid_PRIO_BIT5_222
x_aq_plic_top/x_plic_kid_busif/INT_KID_34__x_plic_int_kid     29.8620     0.0     11.7180    18.1440      0.0000 plic_int_kid_PRIO_BIT5_221
x_aq_plic_top/x_plic_kid_busif/INT_KID_35__x_plic_int_kid     29.8620     0.0     11.7180    18.1440      0.0000 plic_int_kid_PRIO_BIT5_220
x_aq_plic_top/x_plic_kid_busif/INT_KID_36__x_plic_int_kid     29.8620     0.0     11.7180    18.1440      0.0000 plic_int_kid_PRIO_BIT5_219
x_aq_plic_top/x_plic_kid_busif/INT_KID_37__x_plic_int_kid     29.8620     0.0     11.7180    18.1440      0.0000 plic_int_kid_PRIO_BIT5_218
x_aq_plic_top/x_plic_kid_busif/INT_KID_38__x_plic_int_kid     29.8620     0.0     11.7180    18.1440      0.0000 plic_int_kid_PRIO_BIT5_217
x_aq_plic_top/x_plic_kid_busif/INT_KID_39__x_plic_int_kid     29.8620     0.0     11.7180    18.1440      0.0000 plic_int_kid_PRIO_BIT5_216
x_aq_plic_top/x_plic_kid_busif/INT_KID_3__x_plic_int_kid     25.7040     0.0      9.8280    15.8760      0.0000 plic_int_kid_PRIO_BIT5_252
x_aq_plic_top/x_plic_kid_busif/INT_KID_40__x_plic_int_kid     29.8620     0.0     11.7180    18.1440      0.0000 plic_int_kid_PRIO_BIT5_215
x_aq_plic_top/x_plic_kid_busif/INT_KID_41__x_plic_int_kid     29.8620     0.0     11.7180    18.1440      0.0000 plic_int_kid_PRIO_BIT5_214
x_aq_plic_top/x_plic_kid_busif/INT_KID_42__x_plic_int_kid     29.8620     0.0     11.7180    18.1440      0.0000 plic_int_kid_PRIO_BIT5_213
x_aq_plic_top/x_plic_kid_busif/INT_KID_43__x_plic_int_kid     29.8620     0.0     11.7180    18.1440      0.0000 plic_int_kid_PRIO_BIT5_212
x_aq_plic_top/x_plic_kid_busif/INT_KID_44__x_plic_int_kid     29.8620     0.0     11.7180    18.1440      0.0000 plic_int_kid_PRIO_BIT5_211
x_aq_plic_top/x_plic_kid_busif/INT_KID_45__x_plic_int_kid     29.8620     0.0     11.7180    18.1440      0.0000 plic_int_kid_PRIO_BIT5_210
x_aq_plic_top/x_plic_kid_busif/INT_KID_46__x_plic_int_kid     29.8620     0.0     11.7180    18.1440      0.0000 plic_int_kid_PRIO_BIT5_209
x_aq_plic_top/x_plic_kid_busif/INT_KID_47__x_plic_int_kid     29.8620     0.0     11.7180    18.1440      0.0000 plic_int_kid_PRIO_BIT5_208
x_aq_plic_top/x_plic_kid_busif/INT_KID_48__x_plic_int_kid     29.8620     0.0     11.7180    18.1440      0.0000 plic_int_kid_PRIO_BIT5_207
x_aq_plic_top/x_plic_kid_busif/INT_KID_49__x_plic_int_kid     29.8620     0.0     11.7180    18.1440      0.0000 plic_int_kid_PRIO_BIT5_206
x_aq_plic_top/x_plic_kid_busif/INT_KID_4__x_plic_int_kid     25.7040     0.0      9.8280    15.8760      0.0000 plic_int_kid_PRIO_BIT5_251
x_aq_plic_top/x_plic_kid_busif/INT_KID_50__x_plic_int_kid     29.8620     0.0     11.7180    18.1440      0.0000 plic_int_kid_PRIO_BIT5_205
x_aq_plic_top/x_plic_kid_busif/INT_KID_51__x_plic_int_kid     29.8620     0.0     11.7180    18.1440      0.0000 plic_int_kid_PRIO_BIT5_204
x_aq_plic_top/x_plic_kid_busif/INT_KID_52__x_plic_int_kid     29.8620     0.0     11.7180    18.1440      0.0000 plic_int_kid_PRIO_BIT5_203
x_aq_plic_top/x_plic_kid_busif/INT_KID_53__x_plic_int_kid     29.8620     0.0     11.7180    18.1440      0.0000 plic_int_kid_PRIO_BIT5_202
x_aq_plic_top/x_plic_kid_busif/INT_KID_54__x_plic_int_kid     29.8620     0.0     11.7180    18.1440      0.0000 plic_int_kid_PRIO_BIT5_201
x_aq_plic_top/x_plic_kid_busif/INT_KID_55__x_plic_int_kid     29.8620     0.0     11.7180    18.1440      0.0000 plic_int_kid_PRIO_BIT5_200
x_aq_plic_top/x_plic_kid_busif/INT_KID_56__x_plic_int_kid     29.8620     0.0     11.7180    18.1440      0.0000 plic_int_kid_PRIO_BIT5_199
x_aq_plic_top/x_plic_kid_busif/INT_KID_57__x_plic_int_kid     29.8620     0.0     11.7180    18.1440      0.0000 plic_int_kid_PRIO_BIT5_198
x_aq_plic_top/x_plic_kid_busif/INT_KID_58__x_plic_int_kid     29.8620     0.0     11.7180    18.1440      0.0000 plic_int_kid_PRIO_BIT5_197
x_aq_plic_top/x_plic_kid_busif/INT_KID_59__x_plic_int_kid     29.8620     0.0     11.7180    18.1440      0.0000 plic_int_kid_PRIO_BIT5_196
x_aq_plic_top/x_plic_kid_busif/INT_KID_5__x_plic_int_kid     25.7040     0.0      9.8280    15.8760      0.0000 plic_int_kid_PRIO_BIT5_250
x_aq_plic_top/x_plic_kid_busif/INT_KID_60__x_plic_int_kid     29.8620     0.0     11.7180    18.1440      0.0000 plic_int_kid_PRIO_BIT5_195
x_aq_plic_top/x_plic_kid_busif/INT_KID_61__x_plic_int_kid     29.8620     0.0     11.7180    18.1440      0.0000 plic_int_kid_PRIO_BIT5_194
x_aq_plic_top/x_plic_kid_busif/INT_KID_62__x_plic_int_kid     29.8620     0.0     11.7180    18.1440      0.0000 plic_int_kid_PRIO_BIT5_193
x_aq_plic_top/x_plic_kid_busif/INT_KID_63__x_plic_int_kid     29.8620     0.0     11.7180    18.1440      0.0000 plic_int_kid_PRIO_BIT5_192
x_aq_plic_top/x_plic_kid_busif/INT_KID_64__x_plic_int_kid     29.8620     0.0     11.7180    18.1440      0.0000 plic_int_kid_PRIO_BIT5_191
x_aq_plic_top/x_plic_kid_busif/INT_KID_65__x_plic_int_kid     29.8620     0.0     11.7180    18.1440      0.0000 plic_int_kid_PRIO_BIT5_190
x_aq_plic_top/x_plic_kid_busif/INT_KID_66__x_plic_int_kid     29.8620     0.0     11.7180    18.1440      0.0000 plic_int_kid_PRIO_BIT5_189
x_aq_plic_top/x_plic_kid_busif/INT_KID_67__x_plic_int_kid     29.8620     0.0     11.7180    18.1440      0.0000 plic_int_kid_PRIO_BIT5_188
x_aq_plic_top/x_plic_kid_busif/INT_KID_68__x_plic_int_kid     29.8620     0.0     11.7180    18.1440      0.0000 plic_int_kid_PRIO_BIT5_187
x_aq_plic_top/x_plic_kid_busif/INT_KID_69__x_plic_int_kid     29.8620     0.0     11.7180    18.1440      0.0000 plic_int_kid_PRIO_BIT5_186
x_aq_plic_top/x_plic_kid_busif/INT_KID_6__x_plic_int_kid     25.7040     0.0      9.8280    15.8760      0.0000 plic_int_kid_PRIO_BIT5_249
x_aq_plic_top/x_plic_kid_busif/INT_KID_70__x_plic_int_kid     29.8620     0.0     11.7180    18.1440      0.0000 plic_int_kid_PRIO_BIT5_185
x_aq_plic_top/x_plic_kid_busif/INT_KID_71__x_plic_int_kid     29.8620     0.0     11.7180    18.1440      0.0000 plic_int_kid_PRIO_BIT5_184
x_aq_plic_top/x_plic_kid_busif/INT_KID_72__x_plic_int_kid     29.8620     0.0     11.7180    18.1440      0.0000 plic_int_kid_PRIO_BIT5_183
x_aq_plic_top/x_plic_kid_busif/INT_KID_73__x_plic_int_kid     29.8620     0.0     11.7180    18.1440      0.0000 plic_int_kid_PRIO_BIT5_182
x_aq_plic_top/x_plic_kid_busif/INT_KID_74__x_plic_int_kid     29.8620     0.0     11.7180    18.1440      0.0000 plic_int_kid_PRIO_BIT5_181
x_aq_plic_top/x_plic_kid_busif/INT_KID_75__x_plic_int_kid     29.8620     0.0     11.7180    18.1440      0.0000 plic_int_kid_PRIO_BIT5_180
x_aq_plic_top/x_plic_kid_busif/INT_KID_76__x_plic_int_kid     29.8620     0.0     11.7180    18.1440      0.0000 plic_int_kid_PRIO_BIT5_179
x_aq_plic_top/x_plic_kid_busif/INT_KID_77__x_plic_int_kid     29.8620     0.0     11.7180    18.1440      0.0000 plic_int_kid_PRIO_BIT5_178
x_aq_plic_top/x_plic_kid_busif/INT_KID_78__x_plic_int_kid     29.8620     0.0     11.7180    18.1440      0.0000 plic_int_kid_PRIO_BIT5_177
x_aq_plic_top/x_plic_kid_busif/INT_KID_79__x_plic_int_kid     29.8620     0.0     11.7180    18.1440      0.0000 plic_int_kid_PRIO_BIT5_176
x_aq_plic_top/x_plic_kid_busif/INT_KID_7__x_plic_int_kid     25.7040     0.0      9.8280    15.8760      0.0000 plic_int_kid_PRIO_BIT5_248
x_aq_plic_top/x_plic_kid_busif/INT_KID_80__x_plic_int_kid     29.8620     0.0     11.7180    18.1440      0.0000 plic_int_kid_PRIO_BIT5_175
x_aq_plic_top/x_plic_kid_busif/INT_KID_81__x_plic_int_kid     29.8620     0.0     11.7180    18.1440      0.0000 plic_int_kid_PRIO_BIT5_174
x_aq_plic_top/x_plic_kid_busif/INT_KID_82__x_plic_int_kid     29.8620     0.0     11.7180    18.1440      0.0000 plic_int_kid_PRIO_BIT5_173
x_aq_plic_top/x_plic_kid_busif/INT_KID_83__x_plic_int_kid     29.8620     0.0     11.7180    18.1440      0.0000 plic_int_kid_PRIO_BIT5_172
x_aq_plic_top/x_plic_kid_busif/INT_KID_84__x_plic_int_kid     29.8620     0.0     11.7180    18.1440      0.0000 plic_int_kid_PRIO_BIT5_171
x_aq_plic_top/x_plic_kid_busif/INT_KID_85__x_plic_int_kid     29.8620     0.0     11.7180    18.1440      0.0000 plic_int_kid_PRIO_BIT5_170
x_aq_plic_top/x_plic_kid_busif/INT_KID_86__x_plic_int_kid     29.8620     0.0     11.7180    18.1440      0.0000 plic_int_kid_PRIO_BIT5_169
x_aq_plic_top/x_plic_kid_busif/INT_KID_87__x_plic_int_kid     29.8620     0.0     11.7180    18.1440      0.0000 plic_int_kid_PRIO_BIT5_168
x_aq_plic_top/x_plic_kid_busif/INT_KID_88__x_plic_int_kid     29.8620     0.0     11.7180    18.1440      0.0000 plic_int_kid_PRIO_BIT5_167
x_aq_plic_top/x_plic_kid_busif/INT_KID_89__x_plic_int_kid     29.8620     0.0     11.7180    18.1440      0.0000 plic_int_kid_PRIO_BIT5_166
x_aq_plic_top/x_plic_kid_busif/INT_KID_8__x_plic_int_kid     25.7040     0.0      9.8280    15.8760      0.0000 plic_int_kid_PRIO_BIT5_247
x_aq_plic_top/x_plic_kid_busif/INT_KID_90__x_plic_int_kid     29.8620     0.0     11.7180    18.1440      0.0000 plic_int_kid_PRIO_BIT5_165
x_aq_plic_top/x_plic_kid_busif/INT_KID_91__x_plic_int_kid     29.8620     0.0     11.7180    18.1440      0.0000 plic_int_kid_PRIO_BIT5_164
x_aq_plic_top/x_plic_kid_busif/INT_KID_92__x_plic_int_kid     29.8620     0.0     11.7180    18.1440      0.0000 plic_int_kid_PRIO_BIT5_163
x_aq_plic_top/x_plic_kid_busif/INT_KID_93__x_plic_int_kid     29.8620     0.0     11.7180    18.1440      0.0000 plic_int_kid_PRIO_BIT5_162
x_aq_plic_top/x_plic_kid_busif/INT_KID_94__x_plic_int_kid     29.8620     0.0     11.7180    18.1440      0.0000 plic_int_kid_PRIO_BIT5_161
x_aq_plic_top/x_plic_kid_busif/INT_KID_95__x_plic_int_kid     29.8620     0.0     11.7180    18.1440      0.0000 plic_int_kid_PRIO_BIT5_160
x_aq_plic_top/x_plic_kid_busif/INT_KID_96__x_plic_int_kid     29.8620     0.0     11.7180    18.1440      0.0000 plic_int_kid_PRIO_BIT5_159
x_aq_plic_top/x_plic_kid_busif/INT_KID_97__x_plic_int_kid     29.8620     0.0     11.7180    18.1440      0.0000 plic_int_kid_PRIO_BIT5_158
x_aq_plic_top/x_plic_kid_busif/INT_KID_98__x_plic_int_kid     29.8620     0.0     11.7180    18.1440      0.0000 plic_int_kid_PRIO_BIT5_157
x_aq_plic_top/x_plic_kid_busif/INT_KID_99__x_plic_int_kid     29.8620     0.0     11.7180    18.1440      0.0000 plic_int_kid_PRIO_BIT5_156
x_aq_plic_top/x_plic_kid_busif/INT_KID_9__x_plic_int_kid     25.7040     0.0      9.8280    15.8760      0.0000 plic_int_kid_PRIO_BIT5_246
x_aq_plic_top/x_plic_kid_busif/KID_GATE_CLK_0__x_kid_regs_gateclk      0.3780     0.0      0.3780     0.0000      0.0000 gated_clk_cell_402
x_aq_plic_top/x_plic_kid_busif/KID_GATE_CLK_1__x_kid_regs_gateclk      0.5040     0.0      0.5040     0.0000      0.0000 gated_clk_cell_401
x_aq_plic_top/x_plic_kid_busif/KID_GATE_CLK_2__x_kid_regs_gateclk      0.6300     0.0      0.6300     0.0000      0.0000 gated_clk_cell_400
x_aq_plic_top/x_plic_kid_busif/KID_GATE_CLK_3__x_kid_regs_gateclk      0.5040     0.0      0.5040     0.0000      0.0000 gated_clk_cell_399
x_aq_plic_top/x_plic_kid_busif/KID_GATE_CLK_4__x_kid_regs_gateclk      0.5040     0.0      0.5040     0.0000      0.0000 gated_clk_cell_398
x_aq_plic_top/x_plic_kid_busif/KID_GATE_CLK_5__x_kid_regs_gateclk      0.5040     0.0      0.5040     0.0000      0.0000 gated_clk_cell_397
x_aq_plic_top/x_plic_kid_busif/KID_GATE_CLK_6__x_kid_regs_gateclk      0.5040     0.0      0.5040     0.0000      0.0000 gated_clk_cell_396
x_aq_plic_top/x_plic_kid_busif/KID_GATE_CLK_7__x_kid_regs_gateclk      0.6300     0.0      0.6300     0.0000      0.0000 gated_clk_cell_395
x_aq_plic_top/x_plic_kid_busif/x_ip_ready_gateclk      0.3780     0.0      0.3780     0.0000      0.0000 gated_clk_cell_392
x_aq_plic_top/x_plic_kid_busif/x_plic_int_sync   1642.0319     0.5      9.0720  1632.9599      0.0000 sync_level2level_SIGNAL_WIDTH256
x_aq_plic_top/x_plic_kid_busif/x_prio_1tox_matrix     76.4820     0.0     18.6480    56.7000      0.0000 csky_apb_1tox_matrix_ADDR12_SLAVE2
x_aq_plic_top/x_plic_kid_busif/x_prio_1tox_matrix/GATE_CLK_0__x_mst_sel_gateclk      0.3780     0.0      0.3780     0.0000      0.0000 gated_clk_cell_347
x_aq_plic_top/x_plic_kid_busif/x_prio_1tox_matrix/GATE_CLK_1__x_mst_sel_gateclk      0.3780     0.0      0.3780     0.0000      0.0000 gated_clk_cell_346
x_aq_plic_top/x_plic_kid_busif/x_prio_1tox_matrix/x_slv_ready_gateclk      0.3780     0.0      0.3780     0.0000      0.0000 gated_clk_cell_348
x_aq_sysio_top                       358.9740      0.1      53.9280    276.6960       0.0000  aq_sysio_top
x_aq_sysio_top/x_aq_apb_base_gated_clk      0.3780     0.0      0.3780     0.0000      0.0000 gated_clk_cell_436
x_aq_sysio_top/x_aq_rvba_gated_clk      0.3780     0.0       0.3780      0.0000       0.0000  gated_clk_cell_437
x_aq_sysio_top/x_aq_sysio_core0       27.2160      0.0       8.3160     18.1440       0.0000  aq_sysio_kid
x_aq_sysio_top/x_aq_sysio_core0/x_sysio_kid_gated_clk      0.3780     0.0      0.3780     0.0000      0.0000 gated_clk_cell_426
x_aq_sysio_top/x_aq_sysio_core0/x_sysio_kid_int_gated_clk      0.3780     0.0      0.3780     0.0000      0.0000 gated_clk_cell_425
x_aq_sysio_top/x_ccvr_gated_clk        0.3780      0.0       0.3780      0.0000       0.0000  gated_clk_cell_438
x_aq_top_0                        300373.9767     91.7       1.2600      0.0000       0.0000  aq_top
x_aq_top_0/x_aq_core              256421.7595     78.3       1.7640      0.0000       0.0000  aq_core
x_aq_top_0/x_aq_core/x_aq_cp0_top   4847.7239      1.5       0.0000      0.0000       0.0000  aq_cp0_top
x_aq_top_0/x_aq_core/x_aq_cp0_top/x_aq_cp0_iui    497.5740     0.2    495.3060     2.2680      0.0000 aq_cp0_iui
x_aq_top_0/x_aq_core/x_aq_cp0_top/x_aq_cp0_regs   4211.2979     1.3    701.1900     0.0000      0.0000 aq_cp0_regs
x_aq_top_0/x_aq_core/x_aq_cp0_top/x_aq_cp0_regs/x_aq_cp0_ext_csr    747.3060     0.2    295.2180   452.0880      0.0000 aq_cp0_ext_csr
x_aq_top_0/x_aq_core/x_aq_cp0_top/x_aq_cp0_regs/x_aq_cp0_float_csr     47.3760     0.0     22.0500    24.9480      0.0000 aq_cp0_float_csr
x_aq_top_0/x_aq_core/x_aq_cp0_top/x_aq_cp0_regs/x_aq_cp0_float_csr/x_float_clk      0.3780     0.0      0.3780     0.0000      0.0000 gated_clk_cell_65
x_aq_top_0/x_aq_core/x_aq_cp0_top/x_aq_cp0_regs/x_aq_cp0_hpcp_csr    394.7580     0.1    179.2980   215.4600      0.0000 aq_cp0_hpcp_csr
x_aq_top_0/x_aq_core/x_aq_cp0_top/x_aq_cp0_regs/x_aq_cp0_info_csr     19.4040     0.0     12.6000     6.8040      0.0000 aq_cp0_info_csr
x_aq_top_0/x_aq_core/x_aq_cp0_top/x_aq_cp0_regs/x_aq_cp0_prtc_csr    220.1220     0.1    118.0620   102.0600      0.0000 aq_cp0_prtc_csr
x_aq_top_0/x_aq_core/x_aq_cp0_top/x_aq_cp0_regs/x_aq_cp0_trap_csr   2080.0079     0.6    800.2260  1279.7819      0.0000 aq_cp0_trap_csr
x_aq_top_0/x_aq_core/x_aq_cp0_top/x_aq_cp0_regs/x_regs_clk      0.6300     0.0      0.6300     0.0000      0.0000 gated_clk_cell_254
x_aq_top_0/x_aq_core/x_aq_cp0_top/x_aq_cp0_regs/x_regs_flush_clk      0.5040     0.0      0.5040     0.0000      0.0000 gated_clk_cell_253
x_aq_top_0/x_aq_core/x_aq_cp0_top/x_aq_cp0_special    138.8520     0.0      2.3940     2.2680      0.0000 aq_cp0_special
x_aq_top_0/x_aq_core/x_aq_cp0_top/x_aq_cp0_special/x_aq_cp0_cache_inst      2.5200     0.0      2.5200     0.0000      0.0000 aq_cp0_cache_inst
x_aq_top_0/x_aq_core/x_aq_cp0_top/x_aq_cp0_special/x_aq_cp0_fence_inst     24.3180     0.0     17.5140     6.8040      0.0000 aq_cp0_fence_inst
x_aq_top_0/x_aq_core/x_aq_cp0_top/x_aq_cp0_special/x_aq_cp0_lpmd     19.0260     0.0      9.7020     9.3240      0.0000 aq_cp0_lpmd
x_aq_top_0/x_aq_core/x_aq_cp0_top/x_aq_cp0_special/x_aq_cp0_rst_ctrl     87.9480     0.0     69.8040    18.1440      0.0000 aq_cp0_rst_ctrl
x_aq_top_0/x_aq_core/x_aq_cp0_top/x_aq_cp0_special/x_special_clk      0.3780     0.0      0.3780     0.0000      0.0000 gated_clk_cell_252
x_aq_top_0/x_aq_core/x_aq_idu_top  13349.4480      4.1      48.7620      0.0000       0.0000  aq_idu_top
x_aq_top_0/x_aq_core/x_aq_idu_top/x_aq_idu_id_ctrl    119.0700     0.0     76.3560    41.9580      0.0000 aq_idu_id_ctrl
x_aq_top_0/x_aq_core/x_aq_idu_top/x_aq_idu_id_ctrl/x_ex1_hpcp_gated_clk      0.3780     0.0      0.3780     0.0000      0.0000 gated_clk_cell_320
x_aq_top_0/x_aq_core/x_aq_idu_top/x_aq_idu_id_ctrl/x_ex1_inst_gated_clk      0.3780     0.0      0.3780     0.0000      0.0000 gated_clk_cell_321
x_aq_top_0/x_aq_core/x_aq_idu_top/x_aq_idu_id_decd    560.5740     0.2    560.5740     0.0000      0.0000 aq_idu_id_decd
x_aq_top_0/x_aq_core/x_aq_idu_top/x_aq_idu_id_dp   2121.2100     0.6   1281.2940   799.4700      0.0000 aq_idu_id_dp
x_aq_top_0/x_aq_core/x_aq_idu_top/x_aq_idu_id_dp/x_aq_idu_expand_32_dp_wb0_reg     19.1520     0.0     19.1520     0.0000      0.0000 aq_idu_expand_32_5
x_aq_top_0/x_aq_core/x_aq_idu_top/x_aq_idu_id_dp/x_aq_idu_expand_32_dp_wb1_reg     19.0260     0.0     19.0260     0.0000      0.0000 aq_idu_expand_32_4
x_aq_top_0/x_aq_core/x_aq_idu_top/x_aq_idu_id_dp/x_ex1_int_inst_gated_clk      0.3780     0.0      0.3780     0.0000      0.0000 gated_clk_cell_327
x_aq_top_0/x_aq_core/x_aq_idu_top/x_aq_idu_id_dp/x_ex1_int_src0_gated_clk      0.3780     0.0      0.3780     0.0000      0.0000 gated_clk_cell_326
x_aq_top_0/x_aq_core/x_aq_idu_top/x_aq_idu_id_dp/x_ex1_int_src1_gated_clk      0.3780     0.0      0.3780     0.0000      0.0000 gated_clk_cell_325
x_aq_top_0/x_aq_core/x_aq_idu_top/x_aq_idu_id_dp/x_ex1_int_src2_gated_clk      0.3780     0.0      0.3780     0.0000      0.0000 gated_clk_cell_324
x_aq_top_0/x_aq_core/x_aq_idu_top/x_aq_idu_id_dp/x_ex1_vec_inst_gated_clk      0.3780     0.0      0.3780     0.0000      0.0000 gated_clk_cell_323
x_aq_top_0/x_aq_core/x_aq_idu_top/x_aq_idu_id_dp/x_ex1_vec_src1_gated_clk      0.3780     0.0      0.3780     0.0000      0.0000 gated_clk_cell_322
x_aq_top_0/x_aq_core/x_aq_idu_top/x_aq_idu_id_gpr   9025.5060     2.8   2651.5440     0.0000      0.0000 aq_idu_id_gpr
x_aq_top_0/x_aq_core/x_aq_idu_top/x_aq_idu_id_gpr/x_aq_idu_id_gpr_gated_reg_1    205.6320     0.1     84.2940   120.9600      0.0000 aq_idu_id_gpr_gated_reg_30
x_aq_top_0/x_aq_core/x_aq_idu_top/x_aq_idu_id_gpr/x_aq_idu_id_gpr_gated_reg_1/x_reg_gated_clk      0.3780     0.0      0.3780     0.0000      0.0000 gated_clk_cell_202
x_aq_top_0/x_aq_core/x_aq_idu_top/x_aq_idu_id_gpr/x_aq_idu_id_gpr_gated_reg_10    205.7580     0.1     84.4200   120.9600      0.0000 aq_idu_id_gpr_gated_reg_21
x_aq_top_0/x_aq_core/x_aq_idu_top/x_aq_idu_id_gpr/x_aq_idu_id_gpr_gated_reg_10/x_reg_gated_clk      0.3780     0.0      0.3780     0.0000      0.0000 gated_clk_cell_193
x_aq_top_0/x_aq_core/x_aq_idu_top/x_aq_idu_id_gpr/x_aq_idu_id_gpr_gated_reg_11    205.6320     0.1     84.2940   120.9600      0.0000 aq_idu_id_gpr_gated_reg_20
x_aq_top_0/x_aq_core/x_aq_idu_top/x_aq_idu_id_gpr/x_aq_idu_id_gpr_gated_reg_11/x_reg_gated_clk      0.3780     0.0      0.3780     0.0000      0.0000 gated_clk_cell_192
x_aq_top_0/x_aq_core/x_aq_idu_top/x_aq_idu_id_gpr/x_aq_idu_id_gpr_gated_reg_12    205.6320     0.1     84.2940   120.9600      0.0000 aq_idu_id_gpr_gated_reg_19
x_aq_top_0/x_aq_core/x_aq_idu_top/x_aq_idu_id_gpr/x_aq_idu_id_gpr_gated_reg_12/x_reg_gated_clk      0.3780     0.0      0.3780     0.0000      0.0000 gated_clk_cell_191
x_aq_top_0/x_aq_core/x_aq_idu_top/x_aq_idu_id_gpr/x_aq_idu_id_gpr_gated_reg_13    205.6320     0.1     84.2940   120.9600      0.0000 aq_idu_id_gpr_gated_reg_18
x_aq_top_0/x_aq_core/x_aq_idu_top/x_aq_idu_id_gpr/x_aq_idu_id_gpr_gated_reg_13/x_reg_gated_clk      0.3780     0.0      0.3780     0.0000      0.0000 gated_clk_cell_190
x_aq_top_0/x_aq_core/x_aq_idu_top/x_aq_idu_id_gpr/x_aq_idu_id_gpr_gated_reg_14    205.5060     0.1     84.1680   120.9600      0.0000 aq_idu_id_gpr_gated_reg_17
x_aq_top_0/x_aq_core/x_aq_idu_top/x_aq_idu_id_gpr/x_aq_idu_id_gpr_gated_reg_14/x_reg_gated_clk      0.3780     0.0      0.3780     0.0000      0.0000 gated_clk_cell_189
x_aq_top_0/x_aq_core/x_aq_idu_top/x_aq_idu_id_gpr/x_aq_idu_id_gpr_gated_reg_15    205.5060     0.1     84.1680   120.9600      0.0000 aq_idu_id_gpr_gated_reg_16
x_aq_top_0/x_aq_core/x_aq_idu_top/x_aq_idu_id_gpr/x_aq_idu_id_gpr_gated_reg_15/x_reg_gated_clk      0.3780     0.0      0.3780     0.0000      0.0000 gated_clk_cell_188
x_aq_top_0/x_aq_core/x_aq_idu_top/x_aq_idu_id_gpr/x_aq_idu_id_gpr_gated_reg_16    205.5060     0.1     84.1680   120.9600      0.0000 aq_idu_id_gpr_gated_reg_15
x_aq_top_0/x_aq_core/x_aq_idu_top/x_aq_idu_id_gpr/x_aq_idu_id_gpr_gated_reg_16/x_reg_gated_clk      0.3780     0.0      0.3780     0.0000      0.0000 gated_clk_cell_187
x_aq_top_0/x_aq_core/x_aq_idu_top/x_aq_idu_id_gpr/x_aq_idu_id_gpr_gated_reg_17    205.5060     0.1     84.1680   120.9600      0.0000 aq_idu_id_gpr_gated_reg_14
x_aq_top_0/x_aq_core/x_aq_idu_top/x_aq_idu_id_gpr/x_aq_idu_id_gpr_gated_reg_17/x_reg_gated_clk      0.3780     0.0      0.3780     0.0000      0.0000 gated_clk_cell_186
x_aq_top_0/x_aq_core/x_aq_idu_top/x_aq_idu_id_gpr/x_aq_idu_id_gpr_gated_reg_18    205.6320     0.1     84.2940   120.9600      0.0000 aq_idu_id_gpr_gated_reg_13
x_aq_top_0/x_aq_core/x_aq_idu_top/x_aq_idu_id_gpr/x_aq_idu_id_gpr_gated_reg_18/x_reg_gated_clk      0.3780     0.0      0.3780     0.0000      0.0000 gated_clk_cell_185
x_aq_top_0/x_aq_core/x_aq_idu_top/x_aq_idu_id_gpr/x_aq_idu_id_gpr_gated_reg_19    205.6320     0.1     84.2940   120.9600      0.0000 aq_idu_id_gpr_gated_reg_12
x_aq_top_0/x_aq_core/x_aq_idu_top/x_aq_idu_id_gpr/x_aq_idu_id_gpr_gated_reg_19/x_reg_gated_clk      0.3780     0.0      0.3780     0.0000      0.0000 gated_clk_cell_184
x_aq_top_0/x_aq_core/x_aq_idu_top/x_aq_idu_id_gpr/x_aq_idu_id_gpr_gated_reg_2    205.5060     0.1     84.1680   120.9600      0.0000 aq_idu_id_gpr_gated_reg_29
x_aq_top_0/x_aq_core/x_aq_idu_top/x_aq_idu_id_gpr/x_aq_idu_id_gpr_gated_reg_2/x_reg_gated_clk      0.3780     0.0      0.3780     0.0000      0.0000 gated_clk_cell_201
x_aq_top_0/x_aq_core/x_aq_idu_top/x_aq_idu_id_gpr/x_aq_idu_id_gpr_gated_reg_20    205.7580     0.1     84.4200   120.9600      0.0000 aq_idu_id_gpr_gated_reg_11
x_aq_top_0/x_aq_core/x_aq_idu_top/x_aq_idu_id_gpr/x_aq_idu_id_gpr_gated_reg_20/x_reg_gated_clk      0.3780     0.0      0.3780     0.0000      0.0000 gated_clk_cell_183
x_aq_top_0/x_aq_core/x_aq_idu_top/x_aq_idu_id_gpr/x_aq_idu_id_gpr_gated_reg_21    205.6320     0.1     84.2940   120.9600      0.0000 aq_idu_id_gpr_gated_reg_10
x_aq_top_0/x_aq_core/x_aq_idu_top/x_aq_idu_id_gpr/x_aq_idu_id_gpr_gated_reg_21/x_reg_gated_clk      0.3780     0.0      0.3780     0.0000      0.0000 gated_clk_cell_182
x_aq_top_0/x_aq_core/x_aq_idu_top/x_aq_idu_id_gpr/x_aq_idu_id_gpr_gated_reg_22    205.6320     0.1     84.2940   120.9600      0.0000 aq_idu_id_gpr_gated_reg_9
x_aq_top_0/x_aq_core/x_aq_idu_top/x_aq_idu_id_gpr/x_aq_idu_id_gpr_gated_reg_22/x_reg_gated_clk      0.3780     0.0      0.3780     0.0000      0.0000 gated_clk_cell_181
x_aq_top_0/x_aq_core/x_aq_idu_top/x_aq_idu_id_gpr/x_aq_idu_id_gpr_gated_reg_23    205.5060     0.1     84.1680   120.9600      0.0000 aq_idu_id_gpr_gated_reg_8
x_aq_top_0/x_aq_core/x_aq_idu_top/x_aq_idu_id_gpr/x_aq_idu_id_gpr_gated_reg_23/x_reg_gated_clk      0.3780     0.0      0.3780     0.0000      0.0000 gated_clk_cell_180
x_aq_top_0/x_aq_core/x_aq_idu_top/x_aq_idu_id_gpr/x_aq_idu_id_gpr_gated_reg_24    205.6320     0.1     84.2940   120.9600      0.0000 aq_idu_id_gpr_gated_reg_7
x_aq_top_0/x_aq_core/x_aq_idu_top/x_aq_idu_id_gpr/x_aq_idu_id_gpr_gated_reg_24/x_reg_gated_clk      0.3780     0.0      0.3780     0.0000      0.0000 gated_clk_cell_179
x_aq_top_0/x_aq_core/x_aq_idu_top/x_aq_idu_id_gpr/x_aq_idu_id_gpr_gated_reg_25    205.8840     0.1     84.5460   120.9600      0.0000 aq_idu_id_gpr_gated_reg_6
x_aq_top_0/x_aq_core/x_aq_idu_top/x_aq_idu_id_gpr/x_aq_idu_id_gpr_gated_reg_25/x_reg_gated_clk      0.3780     0.0      0.3780     0.0000      0.0000 gated_clk_cell_178
x_aq_top_0/x_aq_core/x_aq_idu_top/x_aq_idu_id_gpr/x_aq_idu_id_gpr_gated_reg_26    205.6320     0.1     84.2940   120.9600      0.0000 aq_idu_id_gpr_gated_reg_5
x_aq_top_0/x_aq_core/x_aq_idu_top/x_aq_idu_id_gpr/x_aq_idu_id_gpr_gated_reg_26/x_reg_gated_clk      0.3780     0.0      0.3780     0.0000      0.0000 gated_clk_cell_177
x_aq_top_0/x_aq_core/x_aq_idu_top/x_aq_idu_id_gpr/x_aq_idu_id_gpr_gated_reg_27    205.5060     0.1     84.1680   120.9600      0.0000 aq_idu_id_gpr_gated_reg_4
x_aq_top_0/x_aq_core/x_aq_idu_top/x_aq_idu_id_gpr/x_aq_idu_id_gpr_gated_reg_27/x_reg_gated_clk      0.3780     0.0      0.3780     0.0000      0.0000 gated_clk_cell_176
x_aq_top_0/x_aq_core/x_aq_idu_top/x_aq_idu_id_gpr/x_aq_idu_id_gpr_gated_reg_28    205.5060     0.1     84.1680   120.9600      0.0000 aq_idu_id_gpr_gated_reg_3
x_aq_top_0/x_aq_core/x_aq_idu_top/x_aq_idu_id_gpr/x_aq_idu_id_gpr_gated_reg_28/x_reg_gated_clk      0.3780     0.0      0.3780     0.0000      0.0000 gated_clk_cell_175
x_aq_top_0/x_aq_core/x_aq_idu_top/x_aq_idu_id_gpr/x_aq_idu_id_gpr_gated_reg_29    205.6320     0.1     84.2940   120.9600      0.0000 aq_idu_id_gpr_gated_reg_2
x_aq_top_0/x_aq_core/x_aq_idu_top/x_aq_idu_id_gpr/x_aq_idu_id_gpr_gated_reg_29/x_reg_gated_clk      0.3780     0.0      0.3780     0.0000      0.0000 gated_clk_cell_174
x_aq_top_0/x_aq_core/x_aq_idu_top/x_aq_idu_id_gpr/x_aq_idu_id_gpr_gated_reg_3    205.6320     0.1     84.2940   120.9600      0.0000 aq_idu_id_gpr_gated_reg_28
x_aq_top_0/x_aq_core/x_aq_idu_top/x_aq_idu_id_gpr/x_aq_idu_id_gpr_gated_reg_3/x_reg_gated_clk      0.3780     0.0      0.3780     0.0000      0.0000 gated_clk_cell_200
x_aq_top_0/x_aq_core/x_aq_idu_top/x_aq_idu_id_gpr/x_aq_idu_id_gpr_gated_reg_30    205.6320     0.1     84.2940   120.9600      0.0000 aq_idu_id_gpr_gated_reg_1
x_aq_top_0/x_aq_core/x_aq_idu_top/x_aq_idu_id_gpr/x_aq_idu_id_gpr_gated_reg_30/x_reg_gated_clk      0.3780     0.0      0.3780     0.0000      0.0000 gated_clk_cell_173
x_aq_top_0/x_aq_core/x_aq_idu_top/x_aq_idu_id_gpr/x_aq_idu_id_gpr_gated_reg_31    205.6320     0.1     84.2940   120.9600      0.0000 aq_idu_id_gpr_gated_reg_0
x_aq_top_0/x_aq_core/x_aq_idu_top/x_aq_idu_id_gpr/x_aq_idu_id_gpr_gated_reg_31/x_reg_gated_clk      0.3780     0.0      0.3780     0.0000      0.0000 gated_clk_cell_172
x_aq_top_0/x_aq_core/x_aq_idu_top/x_aq_idu_id_gpr/x_aq_idu_id_gpr_gated_reg_4    205.6320     0.1     84.2940   120.9600      0.0000 aq_idu_id_gpr_gated_reg_27
x_aq_top_0/x_aq_core/x_aq_idu_top/x_aq_idu_id_gpr/x_aq_idu_id_gpr_gated_reg_4/x_reg_gated_clk      0.3780     0.0      0.3780     0.0000      0.0000 gated_clk_cell_199
x_aq_top_0/x_aq_core/x_aq_idu_top/x_aq_idu_id_gpr/x_aq_idu_id_gpr_gated_reg_5    205.6320     0.1     84.2940   120.9600      0.0000 aq_idu_id_gpr_gated_reg_26
x_aq_top_0/x_aq_core/x_aq_idu_top/x_aq_idu_id_gpr/x_aq_idu_id_gpr_gated_reg_5/x_reg_gated_clk      0.3780     0.0      0.3780     0.0000      0.0000 gated_clk_cell_198
x_aq_top_0/x_aq_core/x_aq_idu_top/x_aq_idu_id_gpr/x_aq_idu_id_gpr_gated_reg_6    205.5060     0.1     84.1680   120.9600      0.0000 aq_idu_id_gpr_gated_reg_25
x_aq_top_0/x_aq_core/x_aq_idu_top/x_aq_idu_id_gpr/x_aq_idu_id_gpr_gated_reg_6/x_reg_gated_clk      0.3780     0.0      0.3780     0.0000      0.0000 gated_clk_cell_197
x_aq_top_0/x_aq_core/x_aq_idu_top/x_aq_idu_id_gpr/x_aq_idu_id_gpr_gated_reg_7    205.5060     0.1     84.1680   120.9600      0.0000 aq_idu_id_gpr_gated_reg_24
x_aq_top_0/x_aq_core/x_aq_idu_top/x_aq_idu_id_gpr/x_aq_idu_id_gpr_gated_reg_7/x_reg_gated_clk      0.3780     0.0      0.3780     0.0000      0.0000 gated_clk_cell_196
x_aq_top_0/x_aq_core/x_aq_idu_top/x_aq_idu_id_gpr/x_aq_idu_id_gpr_gated_reg_8    205.7580     0.1     84.4200   120.9600      0.0000 aq_idu_id_gpr_gated_reg_23
x_aq_top_0/x_aq_core/x_aq_idu_top/x_aq_idu_id_gpr/x_aq_idu_id_gpr_gated_reg_8/x_reg_gated_clk      0.3780     0.0      0.3780     0.0000      0.0000 gated_clk_cell_195
x_aq_top_0/x_aq_core/x_aq_idu_top/x_aq_idu_id_gpr/x_aq_idu_id_gpr_gated_reg_9    205.6320     0.1     84.2940   120.9600      0.0000 aq_idu_id_gpr_gated_reg_22
x_aq_top_0/x_aq_core/x_aq_idu_top/x_aq_idu_id_gpr/x_aq_idu_id_gpr_gated_reg_9/x_reg_gated_clk      0.3780     0.0      0.3780     0.0000      0.0000 gated_clk_cell_194
x_aq_top_0/x_aq_core/x_aq_idu_top/x_aq_idu_id_split    109.3680     0.0     95.3820    13.6080      0.0000 aq_idu_id_split
x_aq_top_0/x_aq_core/x_aq_idu_top/x_aq_idu_id_split/x_split_clk_gated_clk_cell      0.3780     0.0      0.3780     0.0000      0.0000 gated_clk_cell_330
x_aq_top_0/x_aq_core/x_aq_idu_top/x_aq_idu_id_wbt   1364.9580     0.4    500.2200     0.0000      0.0000 aq_idu_id_wbt
x_aq_top_0/x_aq_core/x_aq_idu_top/x_aq_idu_id_wbt/x_aq_idu_expand_32_wbt_dst0_reg     19.5300     0.0     19.5300     0.0000      0.0000 aq_idu_expand_32_7
x_aq_top_0/x_aq_core/x_aq_idu_top/x_aq_idu_id_wbt/x_aq_idu_expand_32_wbt_dst1_reg     18.5220     0.0     18.5220     0.0000      0.0000 aq_idu_expand_32_6
x_aq_top_0/x_aq_core/x_aq_idu_top/x_aq_idu_id_wbt/x_aq_idu_id_wbt_entry_reg_1     26.5860     0.0     12.8520    13.7340      0.0000 aq_idu_id_wbt_entry_30
x_aq_top_0/x_aq_core/x_aq_idu_top/x_aq_idu_id_wbt/x_aq_idu_id_wbt_entry_reg_10     26.5860     0.0     12.8520    13.7340      0.0000 aq_idu_id_wbt_entry_21
x_aq_top_0/x_aq_core/x_aq_idu_top/x_aq_idu_id_wbt/x_aq_idu_id_wbt_entry_reg_11     26.5860     0.0     12.8520    13.7340      0.0000 aq_idu_id_wbt_entry_20
x_aq_top_0/x_aq_core/x_aq_idu_top/x_aq_idu_id_wbt/x_aq_idu_id_wbt_entry_reg_12     26.5860     0.0     12.8520    13.7340      0.0000 aq_idu_id_wbt_entry_19
x_aq_top_0/x_aq_core/x_aq_idu_top/x_aq_idu_id_wbt/x_aq_idu_id_wbt_entry_reg_13     26.5860     0.0     12.8520    13.7340      0.0000 aq_idu_id_wbt_entry_18
x_aq_top_0/x_aq_core/x_aq_idu_top/x_aq_idu_id_wbt/x_aq_idu_id_wbt_entry_reg_14     26.5860     0.0     12.8520    13.7340      0.0000 aq_idu_id_wbt_entry_17
x_aq_top_0/x_aq_core/x_aq_idu_top/x_aq_idu_id_wbt/x_aq_idu_id_wbt_entry_reg_15     26.5860     0.0     12.8520    13.7340      0.0000 aq_idu_id_wbt_entry_16
x_aq_top_0/x_aq_core/x_aq_idu_top/x_aq_idu_id_wbt/x_aq_idu_id_wbt_entry_reg_16     26.5860     0.0     12.8520    13.7340      0.0000 aq_idu_id_wbt_entry_15
x_aq_top_0/x_aq_core/x_aq_idu_top/x_aq_idu_id_wbt/x_aq_idu_id_wbt_entry_reg_17     26.5860     0.0     12.8520    13.7340      0.0000 aq_idu_id_wbt_entry_14
x_aq_top_0/x_aq_core/x_aq_idu_top/x_aq_idu_id_wbt/x_aq_idu_id_wbt_entry_reg_18     26.5860     0.0     12.8520    13.7340      0.0000 aq_idu_id_wbt_entry_13
x_aq_top_0/x_aq_core/x_aq_idu_top/x_aq_idu_id_wbt/x_aq_idu_id_wbt_entry_reg_19     26.5860     0.0     12.8520    13.7340      0.0000 aq_idu_id_wbt_entry_12
x_aq_top_0/x_aq_core/x_aq_idu_top/x_aq_idu_id_wbt/x_aq_idu_id_wbt_entry_reg_2     26.5860     0.0     12.8520    13.7340      0.0000 aq_idu_id_wbt_entry_29
x_aq_top_0/x_aq_core/x_aq_idu_top/x_aq_idu_id_wbt/x_aq_idu_id_wbt_entry_reg_20     26.5860     0.0     12.8520    13.7340      0.0000 aq_idu_id_wbt_entry_11
x_aq_top_0/x_aq_core/x_aq_idu_top/x_aq_idu_id_wbt/x_aq_idu_id_wbt_entry_reg_21     26.5860     0.0     12.8520    13.7340      0.0000 aq_idu_id_wbt_entry_10
x_aq_top_0/x_aq_core/x_aq_idu_top/x_aq_idu_id_wbt/x_aq_idu_id_wbt_entry_reg_22     26.5860     0.0     12.8520    13.7340      0.0000 aq_idu_id_wbt_entry_9
x_aq_top_0/x_aq_core/x_aq_idu_top/x_aq_idu_id_wbt/x_aq_idu_id_wbt_entry_reg_23     26.5860     0.0     12.8520    13.7340      0.0000 aq_idu_id_wbt_entry_8
x_aq_top_0/x_aq_core/x_aq_idu_top/x_aq_idu_id_wbt/x_aq_idu_id_wbt_entry_reg_24     26.5860     0.0     12.8520    13.7340      0.0000 aq_idu_id_wbt_entry_7
x_aq_top_0/x_aq_core/x_aq_idu_top/x_aq_idu_id_wbt/x_aq_idu_id_wbt_entry_reg_25     26.5860     0.0     12.8520    13.7340      0.0000 aq_idu_id_wbt_entry_6
x_aq_top_0/x_aq_core/x_aq_idu_top/x_aq_idu_id_wbt/x_aq_idu_id_wbt_entry_reg_26     26.5860     0.0     12.8520    13.7340      0.0000 aq_idu_id_wbt_entry_5
x_aq_top_0/x_aq_core/x_aq_idu_top/x_aq_idu_id_wbt/x_aq_idu_id_wbt_entry_reg_27     26.5860     0.0     12.8520    13.7340      0.0000 aq_idu_id_wbt_entry_4
x_aq_top_0/x_aq_core/x_aq_idu_top/x_aq_idu_id_wbt/x_aq_idu_id_wbt_entry_reg_28     26.5860     0.0     12.8520    13.7340      0.0000 aq_idu_id_wbt_entry_3
x_aq_top_0/x_aq_core/x_aq_idu_top/x_aq_idu_id_wbt/x_aq_idu_id_wbt_entry_reg_29     26.5860     0.0     12.8520    13.7340      0.0000 aq_idu_id_wbt_entry_2
x_aq_top_0/x_aq_core/x_aq_idu_top/x_aq_idu_id_wbt/x_aq_idu_id_wbt_entry_reg_3     26.5860     0.0     12.8520    13.7340      0.0000 aq_idu_id_wbt_entry_28
x_aq_top_0/x_aq_core/x_aq_idu_top/x_aq_idu_id_wbt/x_aq_idu_id_wbt_entry_reg_30     26.5860     0.0     12.8520    13.7340      0.0000 aq_idu_id_wbt_entry_1
x_aq_top_0/x_aq_core/x_aq_idu_top/x_aq_idu_id_wbt/x_aq_idu_id_wbt_entry_reg_31     26.5860     0.0     12.8520    13.7340      0.0000 aq_idu_id_wbt_entry_0
x_aq_top_0/x_aq_core/x_aq_idu_top/x_aq_idu_id_wbt/x_aq_idu_id_wbt_entry_reg_4     26.5860     0.0     12.8520    13.7340      0.0000 aq_idu_id_wbt_entry_27
x_aq_top_0/x_aq_core/x_aq_idu_top/x_aq_idu_id_wbt/x_aq_idu_id_wbt_entry_reg_5     26.5860     0.0     12.8520    13.7340      0.0000 aq_idu_id_wbt_entry_26
x_aq_top_0/x_aq_core/x_aq_idu_top/x_aq_idu_id_wbt/x_aq_idu_id_wbt_entry_reg_6     26.5860     0.0     12.8520    13.7340      0.0000 aq_idu_id_wbt_entry_25
x_aq_top_0/x_aq_core/x_aq_idu_top/x_aq_idu_id_wbt/x_aq_idu_id_wbt_entry_reg_7     26.5860     0.0     12.8520    13.7340      0.0000 aq_idu_id_wbt_entry_24
x_aq_top_0/x_aq_core/x_aq_idu_top/x_aq_idu_id_wbt/x_aq_idu_id_wbt_entry_reg_8     26.5860     0.0     12.8520    13.7340      0.0000 aq_idu_id_wbt_entry_23
x_aq_top_0/x_aq_core/x_aq_idu_top/x_aq_idu_id_wbt/x_aq_idu_id_wbt_entry_reg_9     26.5860     0.0     12.8520    13.7340      0.0000 aq_idu_id_wbt_entry_22
x_aq_top_0/x_aq_core/x_aq_idu_top/x_aq_idu_id_wbt/x_create_clk_gated_clk_cell      0.3780     0.0      0.3780     0.0000      0.0000 gated_clk_cell_329
x_aq_top_0/x_aq_core/x_aq_idu_top/x_aq_idu_id_wbt/x_wb_clk_gated_clk_cell      2.1420     0.0      2.1420     0.0000      0.0000 gated_clk_cell_328
x_aq_top_0/x_aq_core/x_aq_ifu_top  78479.5399     24.0       1.0080      0.0000       0.0000  aq_ifu_top
x_aq_top_0/x_aq_core/x_aq_ifu_top/x_aq_ifu_btb   2493.4140     0.8    222.6420   167.9580      0.0000 aq_ifu_btb
x_aq_top_0/x_aq_core/x_aq_ifu_top/x_aq_ifu_btb/x_aq_ifu_btb_entry0    131.4180     0.0     60.7320    70.3080      0.0000 aq_ifu_btb_entry_15
x_aq_top_0/x_aq_core/x_aq_ifu_top/x_aq_ifu_btb/x_aq_ifu_btb_entry0/x_btb_entry_icg_cell      0.3780     0.0      0.3780     0.0000      0.0000 gated_clk_cell_232
x_aq_top_0/x_aq_core/x_aq_ifu_top/x_aq_ifu_btb/x_aq_ifu_btb_entry1    131.4180     0.0     60.7320    70.3080      0.0000 aq_ifu_btb_entry_14
x_aq_top_0/x_aq_core/x_aq_ifu_top/x_aq_ifu_btb/x_aq_ifu_btb_entry1/x_btb_entry_icg_cell      0.3780     0.0      0.3780     0.0000      0.0000 gated_clk_cell_231
x_aq_top_0/x_aq_core/x_aq_ifu_top/x_aq_ifu_btb/x_aq_ifu_btb_entry10    131.4180     0.0     60.7320    70.3080      0.0000 aq_ifu_btb_entry_5
x_aq_top_0/x_aq_core/x_aq_ifu_top/x_aq_ifu_btb/x_aq_ifu_btb_entry10/x_btb_entry_icg_cell      0.3780     0.0      0.3780     0.0000      0.0000 gated_clk_cell_222
x_aq_top_0/x_aq_core/x_aq_ifu_top/x_aq_ifu_btb/x_aq_ifu_btb_entry11    131.4180     0.0     60.7320    70.3080      0.0000 aq_ifu_btb_entry_4
x_aq_top_0/x_aq_core/x_aq_ifu_top/x_aq_ifu_btb/x_aq_ifu_btb_entry11/x_btb_entry_icg_cell      0.3780     0.0      0.3780     0.0000      0.0000 gated_clk_cell_221
x_aq_top_0/x_aq_core/x_aq_ifu_top/x_aq_ifu_btb/x_aq_ifu_btb_entry12    131.4180     0.0     60.7320    70.3080      0.0000 aq_ifu_btb_entry_3
x_aq_top_0/x_aq_core/x_aq_ifu_top/x_aq_ifu_btb/x_aq_ifu_btb_entry12/x_btb_entry_icg_cell      0.3780     0.0      0.3780     0.0000      0.0000 gated_clk_cell_220
x_aq_top_0/x_aq_core/x_aq_ifu_top/x_aq_ifu_btb/x_aq_ifu_btb_entry13    131.4180     0.0     60.7320    70.3080      0.0000 aq_ifu_btb_entry_2
x_aq_top_0/x_aq_core/x_aq_ifu_top/x_aq_ifu_btb/x_aq_ifu_btb_entry13/x_btb_entry_icg_cell      0.3780     0.0      0.3780     0.0000      0.0000 gated_clk_cell_219
x_aq_top_0/x_aq_core/x_aq_ifu_top/x_aq_ifu_btb/x_aq_ifu_btb_entry14    131.4180     0.0     60.7320    70.3080      0.0000 aq_ifu_btb_entry_1
x_aq_top_0/x_aq_core/x_aq_ifu_top/x_aq_ifu_btb/x_aq_ifu_btb_entry14/x_btb_entry_icg_cell      0.3780     0.0      0.3780     0.0000      0.0000 gated_clk_cell_218
x_aq_top_0/x_aq_core/x_aq_ifu_top/x_aq_ifu_btb/x_aq_ifu_btb_entry15    131.4180     0.0     60.7320    70.3080      0.0000 aq_ifu_btb_entry_0
x_aq_top_0/x_aq_core/x_aq_ifu_top/x_aq_ifu_btb/x_aq_ifu_btb_entry15/x_btb_entry_icg_cell      0.3780     0.0      0.3780     0.0000      0.0000 gated_clk_cell_217
x_aq_top_0/x_aq_core/x_aq_ifu_top/x_aq_ifu_btb/x_aq_ifu_btb_entry2    131.4180     0.0     60.7320    70.3080      0.0000 aq_ifu_btb_entry_13
x_aq_top_0/x_aq_core/x_aq_ifu_top/x_aq_ifu_btb/x_aq_ifu_btb_entry2/x_btb_entry_icg_cell      0.3780     0.0      0.3780     0.0000      0.0000 gated_clk_cell_230
x_aq_top_0/x_aq_core/x_aq_ifu_top/x_aq_ifu_btb/x_aq_ifu_btb_entry3    131.4180     0.0     60.7320    70.3080      0.0000 aq_ifu_btb_entry_12
x_aq_top_0/x_aq_core/x_aq_ifu_top/x_aq_ifu_btb/x_aq_ifu_btb_entry3/x_btb_entry_icg_cell      0.3780     0.0      0.3780     0.0000      0.0000 gated_clk_cell_229
x_aq_top_0/x_aq_core/x_aq_ifu_top/x_aq_ifu_btb/x_aq_ifu_btb_entry4    131.4180     0.0     60.7320    70.3080      0.0000 aq_ifu_btb_entry_11
x_aq_top_0/x_aq_core/x_aq_ifu_top/x_aq_ifu_btb/x_aq_ifu_btb_entry4/x_btb_entry_icg_cell      0.3780     0.0      0.3780     0.0000      0.0000 gated_clk_cell_228
x_aq_top_0/x_aq_core/x_aq_ifu_top/x_aq_ifu_btb/x_aq_ifu_btb_entry5    131.4180     0.0     60.7320    70.3080      0.0000 aq_ifu_btb_entry_10
x_aq_top_0/x_aq_core/x_aq_ifu_top/x_aq_ifu_btb/x_aq_ifu_btb_entry5/x_btb_entry_icg_cell      0.3780     0.0      0.3780     0.0000      0.0000 gated_clk_cell_227
x_aq_top_0/x_aq_core/x_aq_ifu_top/x_aq_ifu_btb/x_aq_ifu_btb_entry6    131.4180     0.0     60.7320    70.3080      0.0000 aq_ifu_btb_entry_9
x_aq_top_0/x_aq_core/x_aq_ifu_top/x_aq_ifu_btb/x_aq_ifu_btb_entry6/x_btb_entry_icg_cell      0.3780     0.0      0.3780     0.0000      0.0000 gated_clk_cell_226
x_aq_top_0/x_aq_core/x_aq_ifu_top/x_aq_ifu_btb/x_aq_ifu_btb_entry7    131.4180     0.0     60.7320    70.3080      0.0000 aq_ifu_btb_entry_8
x_aq_top_0/x_aq_core/x_aq_ifu_top/x_aq_ifu_btb/x_aq_ifu_btb_entry7/x_btb_entry_icg_cell      0.3780     0.0      0.3780     0.0000      0.0000 gated_clk_cell_225
x_aq_top_0/x_aq_core/x_aq_ifu_top/x_aq_ifu_btb/x_aq_ifu_btb_entry8    131.4180     0.0     60.7320    70.3080      0.0000 aq_ifu_btb_entry_7
x_aq_top_0/x_aq_core/x_aq_ifu_top/x_aq_ifu_btb/x_aq_ifu_btb_entry8/x_btb_entry_icg_cell      0.3780     0.0      0.3780     0.0000      0.0000 gated_clk_cell_224
x_aq_top_0/x_aq_core/x_aq_ifu_top/x_aq_ifu_btb/x_aq_ifu_btb_entry9    130.7880     0.0     60.1020    70.3080      0.0000 aq_ifu_btb_entry_6
x_aq_top_0/x_aq_core/x_aq_ifu_top/x_aq_ifu_btb/x_aq_ifu_btb_entry9/x_btb_entry_icg_cell      0.3780     0.0      0.3780     0.0000      0.0000 gated_clk_cell_223
x_aq_top_0/x_aq_core/x_aq_ifu_top/x_aq_ifu_btb/x_btb_icg_cell      0.3780     0.0      0.3780     0.0000      0.0000 gated_clk_cell_338
x_aq_top_0/x_aq_core/x_aq_ifu_top/x_aq_ifu_btb/x_ifu_btb_tar_icg_cell      0.3780     0.0      0.3780     0.0000      0.0000 gated_clk_cell_337
x_aq_top_0/x_aq_core/x_aq_ifu_top/x_aq_ifu_ctrl      4.1580     0.0      4.1580     0.0000      0.0000 aq_ifu_ctrl
x_aq_top_0/x_aq_core/x_aq_ifu_top/x_aq_ifu_ibuf   1570.3380     0.5    419.0760    27.4680      0.0000 aq_ifu_ibuf
x_aq_top_0/x_aq_core/x_aq_ifu_top/x_aq_ifu_ibuf/x_aq_ifu_ibuf_entry0    156.8700     0.0     67.2840    89.2080      0.0000 aq_ifu_ibuf_entry_5
x_aq_top_0/x_aq_core/x_aq_ifu_top/x_aq_ifu_ibuf/x_aq_ifu_ibuf_entry0/x_ibuf_data_icg_cell      0.3780     0.0      0.3780     0.0000      0.0000 gated_clk_cell_213
x_aq_top_0/x_aq_core/x_aq_ifu_top/x_aq_ifu_ibuf/x_aq_ifu_ibuf_entry1    156.9960     0.0     67.4100    89.2080      0.0000 aq_ifu_ibuf_entry_4
x_aq_top_0/x_aq_core/x_aq_ifu_top/x_aq_ifu_ibuf/x_aq_ifu_ibuf_entry1/x_ibuf_data_icg_cell      0.3780     0.0      0.3780     0.0000      0.0000 gated_clk_cell_212
x_aq_top_0/x_aq_core/x_aq_ifu_top/x_aq_ifu_ibuf/x_aq_ifu_ibuf_entry2    158.5080     0.0     68.9220    89.2080      0.0000 aq_ifu_ibuf_entry_3
x_aq_top_0/x_aq_core/x_aq_ifu_top/x_aq_ifu_ibuf/x_aq_ifu_ibuf_entry2/x_ibuf_data_icg_cell      0.3780     0.0      0.3780     0.0000      0.0000 gated_clk_cell_211
x_aq_top_0/x_aq_core/x_aq_ifu_top/x_aq_ifu_ibuf/x_aq_ifu_ibuf_entry3    156.9960     0.0     67.4100    89.2080      0.0000 aq_ifu_ibuf_entry_2
x_aq_top_0/x_aq_core/x_aq_ifu_top/x_aq_ifu_ibuf/x_aq_ifu_ibuf_entry3/x_ibuf_data_icg_cell      0.3780     0.0      0.3780     0.0000      0.0000 gated_clk_cell_210
x_aq_top_0/x_aq_core/x_aq_ifu_top/x_aq_ifu_ibuf/x_aq_ifu_ibuf_entry4    155.2320     0.0     65.6460    89.2080      0.0000 aq_ifu_ibuf_entry_1
x_aq_top_0/x_aq_core/x_aq_ifu_top/x_aq_ifu_ibuf/x_aq_ifu_ibuf_entry4/x_ibuf_data_icg_cell      0.3780     0.0      0.3780     0.0000      0.0000 gated_clk_cell_209
x_aq_top_0/x_aq_core/x_aq_ifu_top/x_aq_ifu_ibuf/x_aq_ifu_ibuf_entry5    155.7360     0.0     66.1500    89.2080      0.0000 aq_ifu_ibuf_entry_0
x_aq_top_0/x_aq_core/x_aq_ifu_top/x_aq_ifu_ibuf/x_aq_ifu_ibuf_entry5/x_ibuf_data_icg_cell      0.3780     0.0      0.3780     0.0000      0.0000 gated_clk_cell_208
x_aq_top_0/x_aq_core/x_aq_ifu_top/x_aq_ifu_ibuf/x_aq_ifu_ibuf_pop_entry0    127.6380     0.0     38.0520    89.2080      0.0000 aq_ifu_ibuf_pop_entry_1
x_aq_top_0/x_aq_core/x_aq_ifu_top/x_aq_ifu_ibuf/x_aq_ifu_ibuf_pop_entry0/x_ibuf_data_icg_cell      0.3780     0.0      0.3780     0.0000      0.0000 gated_clk_cell_207
x_aq_top_0/x_aq_core/x_aq_ifu_top/x_aq_ifu_ibuf/x_aq_ifu_ibuf_pop_entry1     55.4400     0.0     18.0180    37.0440      0.0000 aq_ifu_ibuf_pop_entry_0
x_aq_top_0/x_aq_core/x_aq_ifu_top/x_aq_ifu_ibuf/x_aq_ifu_ibuf_pop_entry1/x_ibuf_data_icg_cell      0.3780     0.0      0.3780     0.0000      0.0000 gated_clk_cell_206
x_aq_top_0/x_aq_core/x_aq_ifu_top/x_aq_ifu_ibuf/x_ifu_ibuf_icg_cell      0.3780     0.0      0.3780     0.0000      0.0000 gated_clk_cell_335
x_aq_top_0/x_aq_core/x_aq_ifu_top/x_aq_ifu_icache  66463.3153    20.3    777.0420   396.9000      0.0000 aq_ifu_icache
x_aq_top_0/x_aq_core/x_aq_ifu_top/x_aq_ifu_icache/x_aq_ifu_icache_data_array  60894.5714    18.6    123.1020     0.0000      0.0000 aq_ifu_icache_data_array
x_aq_top_0/x_aq_core/x_aq_ifu_top/x_aq_ifu_icache/x_aq_ifu_icache_data_array/x_aq_spsram_2048x32_0  15192.4894     4.6      0.0000     0.0000      0.0000 aq_spsram_2048x32_0
x_aq_top_0/x_aq_core/x_aq_ifu_top/x_aq_ifu_icache/x_aq_ifu_icache_data_array/x_aq_spsram_2048x32_0/x_aq_f_spsram_2048x32  15192.4894     4.6      0.0000     0.0000      0.0000 aq_f_spsram_2048x32_0
x_aq_top_0/x_aq_core/x_aq_ifu_top/x_aq_ifu_icache/x_aq_ifu_icache_data_array/x_aq_spsram_2048x32_0/x_aq_f_spsram_2048x32/u_mem  15192.4894     4.6      0.5040     0.0000  15191.9854 aq_umc_spsram_2048x32_0
x_aq_top_0/x_aq_core/x_aq_ifu_top/x_aq_ifu_icache/x_aq_ifu_icache_data_array/x_aq_spsram_2048x32_1  15192.4894     4.6      0.0000     0.0000      0.0000 aq_spsram_2048x32_1
x_aq_top_0/x_aq_core/x_aq_ifu_top/x_aq_ifu_icache/x_aq_ifu_icache_data_array/x_aq_spsram_2048x32_1/x_aq_f_spsram_2048x32  15192.4894     4.6      0.0000     0.0000      0.0000 aq_f_spsram_2048x32_1
x_aq_top_0/x_aq_core/x_aq_ifu_top/x_aq_ifu_icache/x_aq_ifu_icache_data_array/x_aq_spsram_2048x32_1/x_aq_f_spsram_2048x32/u_mem  15192.4894     4.6      0.5040     0.0000  15191.9854 aq_umc_spsram_2048x32_1
x_aq_top_0/x_aq_core/x_aq_ifu_top/x_aq_ifu_icache/x_aq_ifu_icache_data_array/x_aq_spsram_2048x32_2  15192.4894     4.6      0.0000     0.0000      0.0000 aq_spsram_2048x32_2
x_aq_top_0/x_aq_core/x_aq_ifu_top/x_aq_ifu_icache/x_aq_ifu_icache_data_array/x_aq_spsram_2048x32_2/x_aq_f_spsram_2048x32  15192.4894     4.6      0.0000     0.0000      0.0000 aq_f_spsram_2048x32_2
x_aq_top_0/x_aq_core/x_aq_ifu_top/x_aq_ifu_icache/x_aq_ifu_icache_data_array/x_aq_spsram_2048x32_2/x_aq_f_spsram_2048x32/u_mem  15192.4894     4.6      0.5040     0.0000  15191.9854 aq_umc_spsram_2048x32_2
x_aq_top_0/x_aq_core/x_aq_ifu_top/x_aq_ifu_icache/x_aq_ifu_icache_data_array/x_aq_spsram_2048x32_3  15192.4894     4.6      0.0000     0.0000      0.0000 aq_spsram_2048x32_3
x_aq_top_0/x_aq_core/x_aq_ifu_top/x_aq_ifu_icache/x_aq_ifu_icache_data_array/x_aq_spsram_2048x32_3/x_aq_f_spsram_2048x32  15192.4894     4.6      0.0000     0.0000      0.0000 aq_f_spsram_2048x32_3
x_aq_top_0/x_aq_core/x_aq_ifu_top/x_aq_ifu_icache/x_aq_ifu_icache_data_array/x_aq_spsram_2048x32_3/x_aq_f_spsram_2048x32/u_mem  15192.4894     4.6      0.5040     0.0000  15191.9854 aq_umc_spsram_2048x32_3
x_aq_top_0/x_aq_core/x_aq_ifu_top/x_aq_ifu_icache/x_aq_ifu_icache_data_array/x_icache_data0_icg_cell      0.3780     0.0      0.3780     0.0000      0.0000 gated_clk_cell_233
x_aq_top_0/x_aq_core/x_aq_ifu_top/x_aq_ifu_icache/x_aq_ifu_icache_data_array/x_icache_data1_icg_cell      0.3780     0.0      0.3780     0.0000      0.0000 gated_clk_cell_234
x_aq_top_0/x_aq_core/x_aq_ifu_top/x_aq_ifu_icache/x_aq_ifu_icache_data_array/x_icache_data2_icg_cell      0.3780     0.0      0.3780     0.0000      0.0000 gated_clk_cell_235
x_aq_top_0/x_aq_core/x_aq_ifu_top/x_aq_ifu_icache/x_aq_ifu_icache_data_array/x_icache_data3_icg_cell      0.3780     0.0      0.3780     0.0000      0.0000 gated_clk_cell_236
x_aq_top_0/x_aq_core/x_aq_ifu_top/x_aq_ifu_icache/x_aq_ifu_icache_tag_array   4391.1479     1.3      1.5120     0.0000      0.0000 aq_ifu_icache_tag_array
x_aq_top_0/x_aq_core/x_aq_ifu_top/x_aq_ifu_icache/x_aq_ifu_icache_tag_array/x_aq_spsram_256x59   4389.2579     1.3      0.0000     0.0000      0.0000 aq_spsram_256x59
x_aq_top_0/x_aq_core/x_aq_ifu_top/x_aq_ifu_icache/x_aq_ifu_icache_tag_array/x_aq_spsram_256x59/x_aq_f_spsram_256x59   4389.2579     1.3      0.0000     0.0000      0.0000 aq_f_spsram_256x59
x_aq_top_0/x_aq_core/x_aq_ifu_top/x_aq_ifu_icache/x_aq_ifu_icache_tag_array/x_aq_spsram_256x59/x_aq_f_spsram_256x59/u_mem   4389.2579     1.3      0.5040     0.0000   4388.7539 aq_umc_spsram_256x59
x_aq_top_0/x_aq_core/x_aq_ifu_top/x_aq_ifu_icache/x_aq_ifu_icache_tag_array/x_icache_tag_icg_cell      0.3780     0.0      0.3780     0.0000      0.0000 gated_clk_cell_237
x_aq_top_0/x_aq_core/x_aq_ifu_top/x_aq_ifu_icache/x_gated_hit_clk_cell      0.3780     0.0      0.3780     0.0000      0.0000 gated_clk_cell_339
x_aq_top_0/x_aq_core/x_aq_ifu_top/x_aq_ifu_icache/x_ifu_icache_inv_icg_cell      0.3780     0.0      0.3780     0.0000      0.0000 gated_clk_cell_340
x_aq_top_0/x_aq_core/x_aq_ifu_top/x_aq_ifu_icache/x_ifu_icache_rd_icg_cell      2.1420     0.0      2.1420     0.0000      0.0000 gated_clk_cell_343
x_aq_top_0/x_aq_core/x_aq_ifu_top/x_aq_ifu_icache/x_ifu_icache_refdp_icg_cell      0.3780     0.0      0.3780     0.0000      0.0000 gated_clk_cell_342
x_aq_top_0/x_aq_core/x_aq_ifu_top/x_aq_ifu_icache/x_ifu_icache_reffsm_icg_cell      0.3780     0.0      0.3780     0.0000      0.0000 gated_clk_cell_341
x_aq_top_0/x_aq_core/x_aq_ifu_top/x_aq_ifu_ipack    273.5460     0.1     89.5860     0.0000      0.0000 aq_ifu_ipack
x_aq_top_0/x_aq_core/x_aq_ifu_top/x_aq_ifu_ipack/x_aq_ifu_ipack_entry0     61.3620     0.0     17.8920    43.0920      0.0000 aq_ifu_ipack_entry_2
x_aq_top_0/x_aq_core/x_aq_ifu_top/x_aq_ifu_ipack/x_aq_ifu_ipack_entry0/x_ipack_data_icg_cell      0.3780     0.0      0.3780     0.0000      0.0000 gated_clk_cell_216
x_aq_top_0/x_aq_core/x_aq_ifu_top/x_aq_ifu_ipack/x_aq_ifu_ipack_entry1     61.1100     0.0     17.6400    43.0920      0.0000 aq_ifu_ipack_entry_1
x_aq_top_0/x_aq_core/x_aq_ifu_top/x_aq_ifu_ipack/x_aq_ifu_ipack_entry1/x_ipack_data_icg_cell      0.3780     0.0      0.3780     0.0000      0.0000 gated_clk_cell_215
x_aq_top_0/x_aq_core/x_aq_ifu_top/x_aq_ifu_ipack/x_aq_ifu_ipack_entry2     61.1100     0.0     17.6400    43.0920      0.0000 aq_ifu_ipack_entry_0
x_aq_top_0/x_aq_core/x_aq_ifu_top/x_aq_ifu_ipack/x_aq_ifu_ipack_entry2/x_ipack_data_icg_cell      0.3780     0.0      0.3780     0.0000      0.0000 gated_clk_cell_214
x_aq_top_0/x_aq_core/x_aq_ifu_top/x_aq_ifu_ipack/x_aq_ifu_ipack_icg_cell      0.3780     0.0      0.3780     0.0000      0.0000 gated_clk_cell_336
x_aq_top_0/x_aq_core/x_aq_ifu_top/x_aq_ifu_pcgen    706.9860     0.2    507.7800   198.8280      0.0000 aq_ifu_pcgen
x_aq_top_0/x_aq_core/x_aq_ifu_top/x_aq_ifu_pcgen/x_ifu_pcgen_icg_cell      0.3780     0.0      0.3780     0.0000      0.0000 gated_clk_cell_344
x_aq_top_0/x_aq_core/x_aq_ifu_top/x_aq_ifu_pred   6939.1806     2.1    718.4520   365.1480      0.0000 aq_ifu_pred
x_aq_top_0/x_aq_core/x_aq_ifu_top/x_aq_ifu_pred/x_aq_ifu_bht   5412.3127     1.7    163.5480   201.8520      0.0000 aq_ifu_bht
x_aq_top_0/x_aq_core/x_aq_ifu_top/x_aq_ifu_pred/x_aq_ifu_bht/x_aq_ifu_bht_array   5046.1567     1.5      4.0320     0.0000      0.0000 aq_ifu_bht_array
x_aq_top_0/x_aq_core/x_aq_ifu_top/x_aq_ifu_pred/x_aq_ifu_bht/x_aq_ifu_bht_array/x_aq_spsram_1024x16   5041.7467     1.5      0.0000     0.0000      0.0000 aq_spsram_1024x16
x_aq_top_0/x_aq_core/x_aq_ifu_top/x_aq_ifu_pred/x_aq_ifu_bht/x_aq_ifu_bht_array/x_aq_spsram_1024x16/x_aq_f_spsram_1024x16   5041.7467     1.5      0.0000     0.0000      0.0000 aq_f_spsram_1024x16
x_aq_top_0/x_aq_core/x_aq_ifu_top/x_aq_ifu_pred/x_aq_ifu_bht/x_aq_ifu_bht_array/x_aq_spsram_1024x16/x_aq_f_spsram_1024x16/u_mem   5041.7467     1.5      0.5040     0.0000   5041.2427 aq_umc_spsram_1024x16
x_aq_top_0/x_aq_core/x_aq_ifu_top/x_aq_ifu_pred/x_aq_ifu_bht/x_aq_ifu_bht_array/x_bht_icg_cell      0.3780     0.0      0.3780     0.0000      0.0000 gated_clk_cell_41
x_aq_top_0/x_aq_core/x_aq_ifu_top/x_aq_ifu_pred/x_aq_ifu_bht/x_aq_ifu_bht_icg_cell      0.3780     0.0      0.3780     0.0000      0.0000 gated_clk_cell_205
x_aq_top_0/x_aq_core/x_aq_ifu_top/x_aq_ifu_pred/x_aq_ifu_bht/x_aq_ifu_bht_inv_icg_cell      0.3780     0.0      0.3780     0.0000      0.0000 gated_clk_cell_204
x_aq_top_0/x_aq_core/x_aq_ifu_top/x_aq_ifu_pred/x_aq_ifu_id_ras_icg_cell      0.3780     0.0      0.3780     0.0000      0.0000 gated_clk_cell_333
x_aq_top_0/x_aq_core/x_aq_ifu_top/x_aq_ifu_pred/x_aq_ifu_pre_decd     58.2120     0.0     58.2120     0.0000      0.0000 aq_ifu_pre_decd
x_aq_top_0/x_aq_core/x_aq_ifu_top/x_aq_ifu_pred/x_aq_ifu_pred_icg_cell      0.3780     0.0      0.3780     0.0000      0.0000 gated_clk_cell_334
x_aq_top_0/x_aq_core/x_aq_ifu_top/x_aq_ifu_pred/x_aq_ifu_ras    383.9220     0.1     59.7240    18.3960      0.0000 aq_ifu_ras
x_aq_top_0/x_aq_core/x_aq_ifu_top/x_aq_ifu_pred/x_aq_ifu_ras/x_aq_ifu_ras_entry0     76.4820     0.0     21.6720    54.4320      0.0000 aq_ifu_ras_entry_3
x_aq_top_0/x_aq_core/x_aq_ifu_top/x_aq_ifu_pred/x_aq_ifu_ras/x_aq_ifu_ras_entry0/x_ras_entry_icg_cell      0.3780     0.0      0.3780     0.0000      0.0000 gated_clk_cell_40
x_aq_top_0/x_aq_core/x_aq_ifu_top/x_aq_ifu_pred/x_aq_ifu_ras/x_aq_ifu_ras_entry1     75.9780     0.0     21.1680    54.4320      0.0000 aq_ifu_ras_entry_2
x_aq_top_0/x_aq_core/x_aq_ifu_top/x_aq_ifu_pred/x_aq_ifu_ras/x_aq_ifu_ras_entry1/x_ras_entry_icg_cell      0.3780     0.0      0.3780     0.0000      0.0000 gated_clk_cell_39
x_aq_top_0/x_aq_core/x_aq_ifu_top/x_aq_ifu_pred/x_aq_ifu_ras/x_aq_ifu_ras_entry2     76.4820     0.0     21.6720    54.4320      0.0000 aq_ifu_ras_entry_1
x_aq_top_0/x_aq_core/x_aq_ifu_top/x_aq_ifu_pred/x_aq_ifu_ras/x_aq_ifu_ras_entry2/x_ras_entry_icg_cell      0.3780     0.0      0.3780     0.0000      0.0000 gated_clk_cell_38
x_aq_top_0/x_aq_core/x_aq_ifu_top/x_aq_ifu_pred/x_aq_ifu_ras/x_aq_ifu_ras_entry3     76.4820     0.0     21.6720    54.4320      0.0000 aq_ifu_ras_entry_0
x_aq_top_0/x_aq_core/x_aq_ifu_top/x_aq_ifu_pred/x_aq_ifu_ras/x_aq_ifu_ras_entry3/x_ras_entry_icg_cell      0.3780     0.0      0.3780     0.0000      0.0000 gated_clk_cell_37
x_aq_top_0/x_aq_core/x_aq_ifu_top/x_aq_ifu_pred/x_aq_ifu_ras/x_aq_ifu_ras_icg_cell      0.3780     0.0      0.3780     0.0000      0.0000 gated_clk_cell_203
x_aq_top_0/x_aq_core/x_aq_ifu_top/x_aq_ifu_pred/x_ifu_pred_idpc_icg_cell      0.3780     0.0      0.3780     0.0000      0.0000 gated_clk_cell_332
x_aq_top_0/x_aq_core/x_aq_ifu_top/x_aq_ifu_vec     27.5940     0.0     11.3400    15.8760      0.0000 aq_ifu_vec
x_aq_top_0/x_aq_core/x_aq_ifu_top/x_aq_ifu_vec/x_ifu_vec_sm_clk      0.3780     0.0      0.3780     0.0000      0.0000 gated_clk_cell_331
x_aq_top_0/x_aq_core/x_aq_iu_top   12025.5660      3.7       1.1340      0.0000       0.0000  aq_iu_top
x_aq_top_0/x_aq_core/x_aq_iu_top/x_aq_iu_addr_gen    302.6520     0.1    302.6520     0.0000      0.0000 aq_iu_addr_gen
x_aq_top_0/x_aq_core/x_aq_iu_top/x_aq_iu_alu   1938.1320     0.6   1938.1320     0.0000      0.0000 aq_iu_alu
x_aq_top_0/x_aq_core/x_aq_iu_top/x_aq_iu_bju   2046.6180     0.6   1534.5540   509.5440      0.0000 aq_iu_bju
x_aq_top_0/x_aq_core/x_aq_iu_top/x_aq_iu_bju/x_bju_clk      0.3780     0.0      0.3780     0.0000      0.0000 gated_clk_cell_310
x_aq_top_0/x_aq_core/x_aq_iu_top/x_aq_iu_bju/x_bju_entry_clk      2.1420     0.0      2.1420     0.0000      0.0000 gated_clk_cell_309
x_aq_top_0/x_aq_core/x_aq_iu_top/x_aq_iu_div   3432.2400     1.0   1854.0900   515.5920      0.0000 aq_iu_div
x_aq_top_0/x_aq_core/x_aq_iu_top/x_aq_iu_div/x_aq_iu_div_kernel   1062.0540     0.3   1037.1060    24.9480      0.0000 aq_iu_div_shift2_kernel
x_aq_top_0/x_aq_core/x_aq_iu_top/x_aq_iu_div/x_div_clk      0.5040     0.0      0.5040     0.0000      0.0000 gated_clk_cell_311
x_aq_top_0/x_aq_core/x_aq_iu_top/x_aq_iu_mul   4304.7900     1.3    987.3360   795.3120      0.0000 aq_iu_mul
x_aq_top_0/x_aq_core/x_aq_iu_top/x_aq_iu_mul/x_mul_ex1_ctrl_pipe_gated_clk      0.3780     0.0      0.3780     0.0000      0.0000 gated_clk_cell_313
x_aq_top_0/x_aq_core/x_aq_iu_top/x_aq_iu_mul/x_mul_ex1_pipe_gated_clk      0.3780     0.0      0.3780     0.0000      0.0000 gated_clk_cell_316
x_aq_top_0/x_aq_core/x_aq_iu_top/x_aq_iu_mul/x_mul_ex2_ctrl_pipe_gated_clk      0.3780     0.0      0.3780     0.0000      0.0000 gated_clk_cell_312
x_aq_top_0/x_aq_core/x_aq_iu_top/x_aq_iu_mul/x_mul_ex2_pipe_gated_clk      0.5040     0.0      0.5040     0.0000      0.0000 gated_clk_cell_315
x_aq_top_0/x_aq_core/x_aq_iu_top/x_aq_iu_mul/x_mul_gated_clk      0.3780     0.0      0.3780     0.0000      0.0000 gated_clk_cell_314
x_aq_top_0/x_aq_core/x_aq_iu_top/x_aq_iu_mul/x_multiplier_33x33_partial   2520.1260     0.8   1376.4240     0.0000      0.0000 multiplier_33x33_partial
x_aq_top_0/x_aq_core/x_aq_iu_top/x_aq_iu_mul/x_multiplier_33x33_partial/x_pa_dsp_mult_booth_code_33_bit0     51.5340     0.0     51.5340     0.0000      0.0000 booth_code_33_bit_16
x_aq_top_0/x_aq_core/x_aq_iu_top/x_aq_iu_mul/x_multiplier_33x33_partial/x_pa_dsp_mult_booth_code_33_bit1     71.9460     0.0     71.9460     0.0000      0.0000 booth_code_33_bit_15
x_aq_top_0/x_aq_core/x_aq_iu_top/x_aq_iu_mul/x_multiplier_33x33_partial/x_pa_dsp_mult_booth_code_33_bit10     73.3320     0.0     73.3320     0.0000      0.0000 booth_code_33_bit_6
x_aq_top_0/x_aq_core/x_aq_iu_top/x_aq_iu_mul/x_multiplier_33x33_partial/x_pa_dsp_mult_booth_code_33_bit11     71.9460     0.0     71.9460     0.0000      0.0000 booth_code_33_bit_5
x_aq_top_0/x_aq_core/x_aq_iu_top/x_aq_iu_mul/x_multiplier_33x33_partial/x_pa_dsp_mult_booth_code_33_bit12     70.9380     0.0     70.9380     0.0000      0.0000 booth_code_33_bit_4
x_aq_top_0/x_aq_core/x_aq_iu_top/x_aq_iu_mul/x_multiplier_33x33_partial/x_pa_dsp_mult_booth_code_33_bit13     69.1740     0.0     69.1740     0.0000      0.0000 booth_code_33_bit_3
x_aq_top_0/x_aq_core/x_aq_iu_top/x_aq_iu_mul/x_multiplier_33x33_partial/x_pa_dsp_mult_booth_code_33_bit14     73.3320     0.0     73.3320     0.0000      0.0000 booth_code_33_bit_2
x_aq_top_0/x_aq_core/x_aq_iu_top/x_aq_iu_mul/x_multiplier_33x33_partial/x_pa_dsp_mult_booth_code_33_bit15     74.3400     0.0     74.3400     0.0000      0.0000 booth_code_33_bit_1
x_aq_top_0/x_aq_core/x_aq_iu_top/x_aq_iu_mul/x_multiplier_33x33_partial/x_pa_dsp_mult_booth_code_33_bit16     27.0900     0.0     27.0900     0.0000      0.0000 booth_code_33_bit_0
x_aq_top_0/x_aq_core/x_aq_iu_top/x_aq_iu_mul/x_multiplier_33x33_partial/x_pa_dsp_mult_booth_code_33_bit2     72.8280     0.0     72.8280     0.0000      0.0000 booth_code_33_bit_14
x_aq_top_0/x_aq_core/x_aq_iu_top/x_aq_iu_mul/x_multiplier_33x33_partial/x_pa_dsp_mult_booth_code_33_bit3     67.2840     0.0     67.2840     0.0000      0.0000 booth_code_33_bit_13
x_aq_top_0/x_aq_core/x_aq_iu_top/x_aq_iu_mul/x_multiplier_33x33_partial/x_pa_dsp_mult_booth_code_33_bit4     67.2840     0.0     67.2840     0.0000      0.0000 booth_code_33_bit_12
x_aq_top_0/x_aq_core/x_aq_iu_top/x_aq_iu_mul/x_multiplier_33x33_partial/x_pa_dsp_mult_booth_code_33_bit5     67.5360     0.0     67.5360     0.0000      0.0000 booth_code_33_bit_11
x_aq_top_0/x_aq_core/x_aq_iu_top/x_aq_iu_mul/x_multiplier_33x33_partial/x_pa_dsp_mult_booth_code_33_bit6     69.6780     0.0     69.6780     0.0000      0.0000 booth_code_33_bit_10
x_aq_top_0/x_aq_core/x_aq_iu_top/x_aq_iu_mul/x_multiplier_33x33_partial/x_pa_dsp_mult_booth_code_33_bit7     70.0560     0.0     70.0560     0.0000      0.0000 booth_code_33_bit_9
x_aq_top_0/x_aq_core/x_aq_iu_top/x_aq_iu_mul/x_multiplier_33x33_partial/x_pa_dsp_mult_booth_code_33_bit8     73.4580     0.0     73.4580     0.0000      0.0000 booth_code_33_bit_8
x_aq_top_0/x_aq_core/x_aq_iu_top/x_aq_iu_mul/x_multiplier_33x33_partial/x_pa_dsp_mult_booth_code_33_bit9     71.9460     0.0     71.9460     0.0000      0.0000 booth_code_33_bit_7
x_aq_top_0/x_aq_core/x_aq_lsu_top 100867.8939     30.8       4.2840      0.0000       0.0000  aq_lsu_top
x_aq_top_0/x_aq_core/x_aq_lsu_top/x_aq_dcache_top  77439.9579    23.6     11.4660     0.0000      0.0000 aq_dcache_top
x_aq_top_0/x_aq_core/x_aq_lsu_top/x_aq_dcache_top/x_aq_dcache_data_array_bank0  16901.0284     5.2      0.0000     0.0000      0.0000 aq_dcache_data_array_3
x_aq_top_0/x_aq_core/x_aq_lsu_top/x_aq_dcache_top/x_aq_dcache_data_array_bank0/x_aq_spsram_1024x64  16900.6504     5.2      0.0000     0.0000      0.0000 aq_spsram_1024x64_3
x_aq_top_0/x_aq_core/x_aq_lsu_top/x_aq_dcache_top/x_aq_dcache_data_array_bank0/x_aq_spsram_1024x64/x_aq_f_spsram_1024x64  16900.6504     5.2      0.0000     0.0000      0.0000 aq_f_spsram_1024x64_3
x_aq_top_0/x_aq_core/x_aq_lsu_top/x_aq_dcache_top/x_aq_dcache_data_array_bank0/x_aq_spsram_1024x64/x_aq_f_spsram_1024x64/u_mem  16900.6504     5.2      0.2520     0.0000  16900.3984 aq_umc_spsram_1024x64_3
x_aq_top_0/x_aq_core/x_aq_lsu_top/x_aq_dcache_top/x_aq_dcache_data_array_bank0/x_dcache_data_gated_clk      0.3780     0.0      0.3780     0.0000      0.0000 gated_clk_cell_84
x_aq_top_0/x_aq_core/x_aq_lsu_top/x_aq_dcache_top/x_aq_dcache_data_array_bank1  16901.0284     5.2      0.0000     0.0000      0.0000 aq_dcache_data_array_2
x_aq_top_0/x_aq_core/x_aq_lsu_top/x_aq_dcache_top/x_aq_dcache_data_array_bank1/x_aq_spsram_1024x64  16900.6504     5.2      0.0000     0.0000      0.0000 aq_spsram_1024x64_2
x_aq_top_0/x_aq_core/x_aq_lsu_top/x_aq_dcache_top/x_aq_dcache_data_array_bank1/x_aq_spsram_1024x64/x_aq_f_spsram_1024x64  16900.6504     5.2      0.0000     0.0000      0.0000 aq_f_spsram_1024x64_2
x_aq_top_0/x_aq_core/x_aq_lsu_top/x_aq_dcache_top/x_aq_dcache_data_array_bank1/x_aq_spsram_1024x64/x_aq_f_spsram_1024x64/u_mem  16900.6504     5.2      0.2520     0.0000  16900.3984 aq_umc_spsram_1024x64_2
x_aq_top_0/x_aq_core/x_aq_lsu_top/x_aq_dcache_top/x_aq_dcache_data_array_bank1/x_dcache_data_gated_clk      0.3780     0.0      0.3780     0.0000      0.0000 gated_clk_cell_83
x_aq_top_0/x_aq_core/x_aq_lsu_top/x_aq_dcache_top/x_aq_dcache_data_array_bank2  16901.0284     5.2      0.0000     0.0000      0.0000 aq_dcache_data_array_1
x_aq_top_0/x_aq_core/x_aq_lsu_top/x_aq_dcache_top/x_aq_dcache_data_array_bank2/x_aq_spsram_1024x64  16900.6504     5.2      0.0000     0.0000      0.0000 aq_spsram_1024x64_1
x_aq_top_0/x_aq_core/x_aq_lsu_top/x_aq_dcache_top/x_aq_dcache_data_array_bank2/x_aq_spsram_1024x64/x_aq_f_spsram_1024x64  16900.6504     5.2      0.0000     0.0000      0.0000 aq_f_spsram_1024x64_1
x_aq_top_0/x_aq_core/x_aq_lsu_top/x_aq_dcache_top/x_aq_dcache_data_array_bank2/x_aq_spsram_1024x64/x_aq_f_spsram_1024x64/u_mem  16900.6504     5.2      0.2520     0.0000  16900.3984 aq_umc_spsram_1024x64_1
x_aq_top_0/x_aq_core/x_aq_lsu_top/x_aq_dcache_top/x_aq_dcache_data_array_bank2/x_dcache_data_gated_clk      0.3780     0.0      0.3780     0.0000      0.0000 gated_clk_cell_82
x_aq_top_0/x_aq_core/x_aq_lsu_top/x_aq_dcache_top/x_aq_dcache_data_array_bank3  16901.0284     5.2      0.0000     0.0000      0.0000 aq_dcache_data_array_0
x_aq_top_0/x_aq_core/x_aq_lsu_top/x_aq_dcache_top/x_aq_dcache_data_array_bank3/x_aq_spsram_1024x64  16900.6504     5.2      0.0000     0.0000      0.0000 aq_spsram_1024x64_0
x_aq_top_0/x_aq_core/x_aq_lsu_top/x_aq_dcache_top/x_aq_dcache_data_array_bank3/x_aq_spsram_1024x64/x_aq_f_spsram_1024x64  16900.6504     5.2      0.0000     0.0000      0.0000 aq_f_spsram_1024x64_0
x_aq_top_0/x_aq_core/x_aq_lsu_top/x_aq_dcache_top/x_aq_dcache_data_array_bank3/x_aq_spsram_1024x64/x_aq_f_spsram_1024x64/u_mem  16900.6504     5.2      0.2520     0.0000  16900.3984 aq_umc_spsram_1024x64_0
x_aq_top_0/x_aq_core/x_aq_lsu_top/x_aq_dcache_top/x_aq_dcache_data_array_bank3/x_dcache_data_gated_clk      0.3780     0.0      0.3780     0.0000      0.0000 gated_clk_cell_81
x_aq_top_0/x_aq_core/x_aq_lsu_top/x_aq_dcache_top/x_aq_dcache_dirty_array   1305.9067     0.4      0.0000     0.0000      0.0000 aq_dcache_dirty_array
x_aq_top_0/x_aq_core/x_aq_lsu_top/x_aq_dcache_top/x_aq_dcache_dirty_array/x_aq_spsram_128x8   1305.5287     0.4      0.0000     0.0000      0.0000 aq_spsram_128x8
x_aq_top_0/x_aq_core/x_aq_lsu_top/x_aq_dcache_top/x_aq_dcache_dirty_array/x_aq_spsram_128x8/x_aq_f_spsram_128x8   1305.5287     0.4      0.0000     0.0000      0.0000 aq_f_spsram_128x8
x_aq_top_0/x_aq_core/x_aq_lsu_top/x_aq_dcache_top/x_aq_dcache_dirty_array/x_aq_spsram_128x8/x_aq_f_spsram_128x8/u_mem   1305.5287     0.4      0.0000     0.0000   1305.5287 aq_umc_spsram_128x8
x_aq_top_0/x_aq_core/x_aq_lsu_top/x_aq_dcache_top/x_aq_dcache_dirty_array/x_dcache_dirty_gated_clk      0.3780     0.0      0.3780     0.0000      0.0000 gated_clk_cell_85
x_aq_top_0/x_aq_core/x_aq_lsu_top/x_aq_dcache_top/x_aq_dcache_tag_array_bank0   4257.4718     1.3      1.2600     0.0000      0.0000 aq_dcache_tag_array_1
x_aq_top_0/x_aq_core/x_aq_lsu_top/x_aq_dcache_top/x_aq_dcache_tag_array_bank0/x_aq_spsram_64x58_bank0   2127.7279     0.6      0.0000     0.0000      0.0000 aq_spsram_64x58_3
x_aq_top_0/x_aq_core/x_aq_lsu_top/x_aq_dcache_top/x_aq_dcache_tag_array_bank0/x_aq_spsram_64x58_bank0/x_aq_f_spsram_64x58   2127.7279     0.6      0.0000     0.0000      0.0000 aq_f_spsram_64x58_3
x_aq_top_0/x_aq_core/x_aq_lsu_top/x_aq_dcache_top/x_aq_dcache_tag_array_bank0/x_aq_spsram_64x58_bank0/x_aq_f_spsram_64x58/u_mem   2127.7279     0.6      0.5040     0.0000   2127.2239 aq_umc_spsram_64x58_3
x_aq_top_0/x_aq_core/x_aq_lsu_top/x_aq_dcache_top/x_aq_dcache_tag_array_bank0/x_aq_spsram_64x58_bank1   2127.7279     0.6      0.0000     0.0000      0.0000 aq_spsram_64x58_2
x_aq_top_0/x_aq_core/x_aq_lsu_top/x_aq_dcache_top/x_aq_dcache_tag_array_bank0/x_aq_spsram_64x58_bank1/x_aq_f_spsram_64x58   2127.7279     0.6      0.0000     0.0000      0.0000 aq_f_spsram_64x58_2
x_aq_top_0/x_aq_core/x_aq_lsu_top/x_aq_dcache_top/x_aq_dcache_tag_array_bank0/x_aq_spsram_64x58_bank1/x_aq_f_spsram_64x58/u_mem   2127.7279     0.6      0.5040     0.0000   2127.2239 aq_umc_spsram_64x58_2
x_aq_top_0/x_aq_core/x_aq_lsu_top/x_aq_dcache_top/x_aq_dcache_tag_array_bank0/x_dcache_tag_gated_clk_bank0      0.3780     0.0      0.3780     0.0000      0.0000 gated_clk_cell_89
x_aq_top_0/x_aq_core/x_aq_lsu_top/x_aq_dcache_top/x_aq_dcache_tag_array_bank0/x_dcache_tag_gated_clk_bank1      0.3780     0.0      0.3780     0.0000      0.0000 gated_clk_cell_88
x_aq_top_0/x_aq_core/x_aq_lsu_top/x_aq_dcache_top/x_aq_dcache_tag_array_bank1   4260.9998     1.3      1.2600     0.0000      0.0000 aq_dcache_tag_array_0
x_aq_top_0/x_aq_core/x_aq_lsu_top/x_aq_dcache_top/x_aq_dcache_tag_array_bank1/x_aq_spsram_64x58_bank0   2127.7279     0.6      0.0000     0.0000      0.0000 aq_spsram_64x58_1
x_aq_top_0/x_aq_core/x_aq_lsu_top/x_aq_dcache_top/x_aq_dcache_tag_array_bank1/x_aq_spsram_64x58_bank0/x_aq_f_spsram_64x58   2127.7279     0.6      0.0000     0.0000      0.0000 aq_f_spsram_64x58_1
x_aq_top_0/x_aq_core/x_aq_lsu_top/x_aq_dcache_top/x_aq_dcache_tag_array_bank1/x_aq_spsram_64x58_bank0/x_aq_f_spsram_64x58/u_mem   2127.7279     0.6      0.5040     0.0000   2127.2239 aq_umc_spsram_64x58_1
x_aq_top_0/x_aq_core/x_aq_lsu_top/x_aq_dcache_top/x_aq_dcache_tag_array_bank1/x_aq_spsram_64x58_bank1   2127.7279     0.6      0.0000     0.0000      0.0000 aq_spsram_64x58_0
x_aq_top_0/x_aq_core/x_aq_lsu_top/x_aq_dcache_top/x_aq_dcache_tag_array_bank1/x_aq_spsram_64x58_bank1/x_aq_f_spsram_64x58   2127.7279     0.6      0.0000     0.0000      0.0000 aq_f_spsram_64x58_0
x_aq_top_0/x_aq_core/x_aq_lsu_top/x_aq_dcache_top/x_aq_dcache_tag_array_bank1/x_aq_spsram_64x58_bank1/x_aq_f_spsram_64x58/u_mem   2127.7279     0.6      0.5040     0.0000   2127.2239 aq_umc_spsram_64x58_0
x_aq_top_0/x_aq_core/x_aq_lsu_top/x_aq_dcache_top/x_aq_dcache_tag_array_bank1/x_dcache_tag_gated_clk_bank0      2.1420     0.0      2.1420     0.0000      0.0000 gated_clk_cell_87
x_aq_top_0/x_aq_core/x_aq_lsu_top/x_aq_dcache_top/x_aq_dcache_tag_array_bank1/x_dcache_tag_gated_clk_bank1      2.1420     0.0      2.1420     0.0000      0.0000 gated_clk_cell_86
x_aq_top_0/x_aq_core/x_aq_lsu_top/x_aq_lsu_ag   2062.9980     0.6   1458.7020   603.2880      0.0000 aq_lsu_ag
x_aq_top_0/x_aq_core/x_aq_lsu_top/x_aq_lsu_ag/x_aq_lsu_ag_gated_clk      0.3780     0.0      0.3780     0.0000      0.0000 gated_clk_cell_293
x_aq_top_0/x_aq_core/x_aq_lsu_top/x_aq_lsu_ag/x_aq_lsu_ag_pipe_gated_clk      0.6300     0.0      0.6300     0.0000      0.0000 gated_clk_cell_292
x_aq_top_0/x_aq_core/x_aq_lsu_top/x_aq_lsu_amo_alu    687.7080     0.2    558.5580   127.0080      0.0000 aq_lsu_amo_alu
x_aq_top_0/x_aq_core/x_aq_lsu_top/x_aq_lsu_amo_alu/x_aq_lsu_amo_gated_clk      2.1420     0.0      2.1420     0.0000      0.0000 gated_clk_cell_258
x_aq_top_0/x_aq_core/x_aq_lsu_top/x_aq_lsu_amr    380.2680     0.1    249.4800   129.6540      0.0000 aq_lsu_amr
x_aq_top_0/x_aq_core/x_aq_lsu_top/x_aq_lsu_amr/x_aq_lsu_amr_dp_gated_clk      0.3780     0.0      0.3780     0.0000      0.0000 gated_clk_cell_262
x_aq_top_0/x_aq_core/x_aq_lsu_top/x_aq_lsu_amr/x_aq_lsu_amr_gated_clk      0.3780     0.0      0.3780     0.0000      0.0000 gated_clk_cell_263
x_aq_top_0/x_aq_core/x_aq_lsu_top/x_aq_lsu_amr/x_aq_lsu_amr_st_gated_clk      0.3780     0.0      0.3780     0.0000      0.0000 gated_clk_cell_261
x_aq_top_0/x_aq_core/x_aq_lsu_top/x_aq_lsu_arb    365.5260     0.1    365.5260     0.0000      0.0000 aq_lsu_arb
x_aq_top_0/x_aq_core/x_aq_lsu_top/x_aq_lsu_dc   3310.9020     1.0   2446.7940   861.0840      0.0000 aq_lsu_dc
x_aq_top_0/x_aq_core/x_aq_lsu_top/x_aq_lsu_dc/x_aq_lsu_async_expt_gated_clk      0.3780     0.0      0.3780     0.0000      0.0000 gated_clk_cell_291
x_aq_top_0/x_aq_core/x_aq_lsu_top/x_aq_lsu_dc/x_aq_lsu_da_data_gated_clk      0.3780     0.0      0.3780     0.0000      0.0000 gated_clk_cell_284
x_aq_top_0/x_aq_core/x_aq_lsu_top/x_aq_lsu_dc/x_aq_lsu_da_gated_clk      0.3780     0.0      0.3780     0.0000      0.0000 gated_clk_cell_285
x_aq_top_0/x_aq_core/x_aq_lsu_top/x_aq_lsu_dc/x_aq_lsu_dc_dp_gated_clk      0.3780     0.0      0.3780     0.0000      0.0000 gated_clk_cell_288
x_aq_top_0/x_aq_core/x_aq_lsu_top/x_aq_lsu_dc/x_aq_lsu_dc_gated_clk      0.3780     0.0      0.3780     0.0000      0.0000 gated_clk_cell_289
x_aq_top_0/x_aq_core/x_aq_lsu_top/x_aq_lsu_dc/x_aq_lsu_dc_mb_gated_clk      0.3780     0.0      0.3780     0.0000      0.0000 gated_clk_cell_286
x_aq_top_0/x_aq_core/x_aq_lsu_top/x_aq_lsu_dc/x_aq_lsu_dc_st_dp_gated_clk      0.3780     0.0      0.3780     0.0000      0.0000 gated_clk_cell_287
x_aq_top_0/x_aq_core/x_aq_lsu_top/x_aq_lsu_dc/x_aq_lsu_hpcp_gated_clk      0.3780     0.0      0.3780     0.0000      0.0000 gated_clk_cell_290
x_aq_top_0/x_aq_core/x_aq_lsu_top/x_aq_lsu_dtif    430.5420     0.1    195.4260   233.9820      0.0000 aq_lsu_dtif
x_aq_top_0/x_aq_core/x_aq_lsu_top/x_aq_lsu_dtif/x_aq_lsu_dtif_addr_gated_clk      0.3780     0.0      0.3780     0.0000      0.0000 gated_clk_cell_256
x_aq_top_0/x_aq_core/x_aq_lsu_top/x_aq_lsu_dtif/x_aq_lsu_dtif_data_gated_clk      0.3780     0.0      0.3780     0.0000      0.0000 gated_clk_cell_255
x_aq_top_0/x_aq_core/x_aq_lsu_top/x_aq_lsu_dtif/x_aq_lsu_dtif_fsm_gated_clk      0.3780     0.0      0.3780     0.0000      0.0000 gated_clk_cell_257
x_aq_top_0/x_aq_core/x_aq_lsu_top/x_aq_lsu_icc    670.0680     0.2    326.8440   342.0900      0.0000 aq_lsu_icc
x_aq_top_0/x_aq_core/x_aq_lsu_top/x_aq_lsu_icc/x_icc_data_gated_clk      0.3780     0.0      0.3780     0.0000      0.0000 gated_clk_cell_272
x_aq_top_0/x_aq_core/x_aq_lsu_top/x_aq_lsu_icc/x_icc_dp_gated_clk      0.3780     0.0      0.3780     0.0000      0.0000 gated_clk_cell_273
x_aq_top_0/x_aq_core/x_aq_lsu_top/x_aq_lsu_icc/x_icc_fsm_gated_clk      0.3780     0.0      0.3780     0.0000      0.0000 gated_clk_cell_274
x_aq_top_0/x_aq_core/x_aq_lsu_top/x_aq_lsu_lfb   4353.5520     1.3   1104.8940   371.9520      0.0000 aq_lsu_lfb
x_aq_top_0/x_aq_core/x_aq_lsu_top/x_aq_lsu_lfb/x_aq_lsu_lfb_entry_0    359.9820     0.1    155.2320   202.2300      0.0000 aq_lsu_lfb_entry_7
x_aq_top_0/x_aq_core/x_aq_lsu_top/x_aq_lsu_lfb/x_aq_lsu_lfb_entry_0/x_pa_lsu_lfb_dp_gated_clk      2.1420     0.0      2.1420     0.0000      0.0000 gated_clk_cell_116
x_aq_top_0/x_aq_core/x_aq_lsu_top/x_aq_lsu_lfb/x_aq_lsu_lfb_entry_0/x_pa_lsu_lfb_fsm_gated_clk      0.3780     0.0      0.3780     0.0000      0.0000 gated_clk_cell_117
x_aq_top_0/x_aq_core/x_aq_lsu_top/x_aq_lsu_lfb/x_aq_lsu_lfb_entry_1    360.2340     0.1    155.4840   202.2300      0.0000 aq_lsu_lfb_entry_6
x_aq_top_0/x_aq_core/x_aq_lsu_top/x_aq_lsu_lfb/x_aq_lsu_lfb_entry_1/x_pa_lsu_lfb_dp_gated_clk      2.1420     0.0      2.1420     0.0000      0.0000 gated_clk_cell_114
x_aq_top_0/x_aq_core/x_aq_lsu_top/x_aq_lsu_lfb/x_aq_lsu_lfb_entry_1/x_pa_lsu_lfb_fsm_gated_clk      0.3780     0.0      0.3780     0.0000      0.0000 gated_clk_cell_115
x_aq_top_0/x_aq_core/x_aq_lsu_top/x_aq_lsu_lfb/x_aq_lsu_lfb_entry_2    357.9660     0.1    154.9800   202.2300      0.0000 aq_lsu_lfb_entry_5
x_aq_top_0/x_aq_core/x_aq_lsu_top/x_aq_lsu_lfb/x_aq_lsu_lfb_entry_2/x_pa_lsu_lfb_dp_gated_clk      0.3780     0.0      0.3780     0.0000      0.0000 gated_clk_cell_112
x_aq_top_0/x_aq_core/x_aq_lsu_top/x_aq_lsu_lfb/x_aq_lsu_lfb_entry_2/x_pa_lsu_lfb_fsm_gated_clk      0.3780     0.0      0.3780     0.0000      0.0000 gated_clk_cell_113
x_aq_top_0/x_aq_core/x_aq_lsu_top/x_aq_lsu_lfb/x_aq_lsu_lfb_entry_3    359.6040     0.1    154.8540   202.2300      0.0000 aq_lsu_lfb_entry_4
x_aq_top_0/x_aq_core/x_aq_lsu_top/x_aq_lsu_lfb/x_aq_lsu_lfb_entry_3/x_pa_lsu_lfb_dp_gated_clk      2.1420     0.0      2.1420     0.0000      0.0000 gated_clk_cell_110
x_aq_top_0/x_aq_core/x_aq_lsu_top/x_aq_lsu_lfb/x_aq_lsu_lfb_entry_3/x_pa_lsu_lfb_fsm_gated_clk      0.3780     0.0      0.3780     0.0000      0.0000 gated_clk_cell_111
x_aq_top_0/x_aq_core/x_aq_lsu_top/x_aq_lsu_lfb/x_aq_lsu_lfb_entry_4    358.2180     0.1    155.2320   202.2300      0.0000 aq_lsu_lfb_entry_3
x_aq_top_0/x_aq_core/x_aq_lsu_top/x_aq_lsu_lfb/x_aq_lsu_lfb_entry_4/x_pa_lsu_lfb_dp_gated_clk      0.3780     0.0      0.3780     0.0000      0.0000 gated_clk_cell_108
x_aq_top_0/x_aq_core/x_aq_lsu_top/x_aq_lsu_lfb/x_aq_lsu_lfb_entry_4/x_pa_lsu_lfb_fsm_gated_clk      0.3780     0.0      0.3780     0.0000      0.0000 gated_clk_cell_109
x_aq_top_0/x_aq_core/x_aq_lsu_top/x_aq_lsu_lfb/x_aq_lsu_lfb_entry_5    359.7300     0.1    154.9800   202.2300      0.0000 aq_lsu_lfb_entry_2
x_aq_top_0/x_aq_core/x_aq_lsu_top/x_aq_lsu_lfb/x_aq_lsu_lfb_entry_5/x_pa_lsu_lfb_dp_gated_clk      2.1420     0.0      2.1420     0.0000      0.0000 gated_clk_cell_106
x_aq_top_0/x_aq_core/x_aq_lsu_top/x_aq_lsu_lfb/x_aq_lsu_lfb_entry_5/x_pa_lsu_lfb_fsm_gated_clk      0.3780     0.0      0.3780     0.0000      0.0000 gated_clk_cell_107
x_aq_top_0/x_aq_core/x_aq_lsu_top/x_aq_lsu_lfb/x_aq_lsu_lfb_entry_6    359.7300     0.1    154.9800   202.2300      0.0000 aq_lsu_lfb_entry_1
x_aq_top_0/x_aq_core/x_aq_lsu_top/x_aq_lsu_lfb/x_aq_lsu_lfb_entry_6/x_pa_lsu_lfb_dp_gated_clk      2.1420     0.0      2.1420     0.0000      0.0000 gated_clk_cell_104
x_aq_top_0/x_aq_core/x_aq_lsu_top/x_aq_lsu_lfb/x_aq_lsu_lfb_entry_6/x_pa_lsu_lfb_fsm_gated_clk      0.3780     0.0      0.3780     0.0000      0.0000 gated_clk_cell_105
x_aq_top_0/x_aq_core/x_aq_lsu_top/x_aq_lsu_lfb/x_aq_lsu_lfb_entry_7    358.3440     0.1    155.3580   202.2300      0.0000 aq_lsu_lfb_entry_0
x_aq_top_0/x_aq_core/x_aq_lsu_top/x_aq_lsu_lfb/x_aq_lsu_lfb_entry_7/x_pa_lsu_lfb_dp_gated_clk      0.3780     0.0      0.3780     0.0000      0.0000 gated_clk_cell_102
x_aq_top_0/x_aq_core/x_aq_lsu_top/x_aq_lsu_lfb/x_aq_lsu_lfb_entry_7/x_pa_lsu_lfb_fsm_gated_clk      0.3780     0.0      0.3780     0.0000      0.0000 gated_clk_cell_103
x_aq_top_0/x_aq_core/x_aq_lsu_top/x_aq_lsu_lfb/x_pa_lsu_lfb_gated_clk      0.3780     0.0      0.3780     0.0000      0.0000 gated_clk_cell_283
x_aq_top_0/x_aq_core/x_aq_lsu_top/x_aq_lsu_lfb/x_pa_lsu_lfb_rdata_gated_clk      2.1420     0.0      2.1420     0.0000      0.0000 gated_clk_cell_281
x_aq_top_0/x_aq_core/x_aq_lsu_top/x_aq_lsu_lfb/x_pa_lsu_lfb_rid_gated_clk      0.3780     0.0      0.3780     0.0000      0.0000 gated_clk_cell_282
x_aq_top_0/x_aq_core/x_aq_lsu_top/x_aq_lsu_lm    162.1620     0.0     80.1360    81.6480      0.0000 aq_lsu_lm
x_aq_top_0/x_aq_core/x_aq_lsu_top/x_aq_lsu_lm/x_aq_lsu_lm_gated_clk      0.3780     0.0      0.3780     0.0000      0.0000 gated_clk_cell_259
x_aq_top_0/x_aq_core/x_aq_lsu_top/x_aq_lsu_mcic     46.6200     0.0     41.7060     4.5360      0.0000 aq_lsu_mcic
x_aq_top_0/x_aq_core/x_aq_lsu_top/x_aq_lsu_mcic/x_aq_lsu_ptw_gated_clk      0.3780     0.0      0.3780     0.0000      0.0000 gated_clk_cell_260
x_aq_top_0/x_aq_core/x_aq_lsu_top/x_aq_lsu_pfb_top   3624.1380     1.1    143.3880     4.5360      0.0000 aq_lsu_pfb_top
x_aq_top_0/x_aq_core/x_aq_lsu_top/x_aq_lsu_pfb_top/x_aq_lsu_gpfb    605.0520     0.2    400.5540   203.3640      0.0000 aq_lsu_pfb_4
x_aq_top_0/x_aq_core/x_aq_lsu_top/x_aq_lsu_pfb_top/x_aq_lsu_gpfb/x_aq_lsu_pfb_fsm_gated_clk      0.3780     0.0      0.3780     0.0000      0.0000 gated_clk_cell_80
x_aq_top_0/x_aq_core/x_aq_lsu_top/x_aq_lsu_pfb_top/x_aq_lsu_gpfb/x_aq_lsu_pfb_ld_gated_clk      0.3780     0.0      0.3780     0.0000      0.0000 gated_clk_cell_79
x_aq_top_0/x_aq_core/x_aq_lsu_top/x_aq_lsu_pfb_top/x_aq_lsu_gpfb/x_aq_lsu_pfb_req_gated_clk      0.3780     0.0      0.3780     0.0000      0.0000 gated_clk_cell_78
x_aq_top_0/x_aq_core/x_aq_lsu_top/x_aq_lsu_pfb_top/x_aq_lsu_pfb_create_gated_clk      0.3780     0.0      0.3780     0.0000      0.0000 gated_clk_cell_264
x_aq_top_0/x_aq_core/x_aq_lsu_top/x_aq_lsu_pfb_top/x_aq_lsu_pfb_prio     80.7660     0.0     34.1460    46.6200      0.0000 aq_prio_NUM5
x_aq_top_0/x_aq_core/x_aq_lsu_top/x_aq_lsu_pfb_top/x_aq_lsu_pfb_prio_gated_clk      0.3780     0.0      0.3780     0.0000      0.0000 gated_clk_cell_265
x_aq_top_0/x_aq_core/x_aq_lsu_top/x_aq_lsu_pfb_top/x_aq_lsu_ppfb_0    703.0800     0.2    458.8920   243.0540      0.0000 aq_lsu_pfb_3
x_aq_top_0/x_aq_core/x_aq_lsu_top/x_aq_lsu_pfb_top/x_aq_lsu_ppfb_0/x_aq_lsu_pfb_fsm_gated_clk      0.3780     0.0      0.3780     0.0000      0.0000 gated_clk_cell_77
x_aq_top_0/x_aq_core/x_aq_lsu_top/x_aq_lsu_pfb_top/x_aq_lsu_ppfb_0/x_aq_lsu_pfb_ld_gated_clk      0.3780     0.0      0.3780     0.0000      0.0000 gated_clk_cell_76
x_aq_top_0/x_aq_core/x_aq_lsu_top/x_aq_lsu_pfb_top/x_aq_lsu_ppfb_0/x_aq_lsu_pfb_req_gated_clk      0.3780     0.0      0.3780     0.0000      0.0000 gated_clk_cell_75
x_aq_top_0/x_aq_core/x_aq_lsu_top/x_aq_lsu_pfb_top/x_aq_lsu_ppfb_1    696.4020     0.2    452.2140   243.0540      0.0000 aq_lsu_pfb_2
x_aq_top_0/x_aq_core/x_aq_lsu_top/x_aq_lsu_pfb_top/x_aq_lsu_ppfb_1/x_aq_lsu_pfb_fsm_gated_clk      0.3780     0.0      0.3780     0.0000      0.0000 gated_clk_cell_74
x_aq_top_0/x_aq_core/x_aq_lsu_top/x_aq_lsu_pfb_top/x_aq_lsu_ppfb_1/x_aq_lsu_pfb_ld_gated_clk      0.3780     0.0      0.3780     0.0000      0.0000 gated_clk_cell_73
x_aq_top_0/x_aq_core/x_aq_lsu_top/x_aq_lsu_pfb_top/x_aq_lsu_ppfb_1/x_aq_lsu_pfb_req_gated_clk      0.3780     0.0      0.3780     0.0000      0.0000 gated_clk_cell_72
x_aq_top_0/x_aq_core/x_aq_lsu_top/x_aq_lsu_pfb_top/x_aq_lsu_ppfb_2    699.3000     0.2    455.1120   243.0540      0.0000 aq_lsu_pfb_1
x_aq_top_0/x_aq_core/x_aq_lsu_top/x_aq_lsu_pfb_top/x_aq_lsu_ppfb_2/x_aq_lsu_pfb_fsm_gated_clk      0.3780     0.0      0.3780     0.0000      0.0000 gated_clk_cell_71
x_aq_top_0/x_aq_core/x_aq_lsu_top/x_aq_lsu_pfb_top/x_aq_lsu_ppfb_2/x_aq_lsu_pfb_ld_gated_clk      0.3780     0.0      0.3780     0.0000      0.0000 gated_clk_cell_70
x_aq_top_0/x_aq_core/x_aq_lsu_top/x_aq_lsu_pfb_top/x_aq_lsu_ppfb_2/x_aq_lsu_pfb_req_gated_clk      0.3780     0.0      0.3780     0.0000      0.0000 gated_clk_cell_69
x_aq_top_0/x_aq_core/x_aq_lsu_top/x_aq_lsu_pfb_top/x_aq_lsu_ppfb_3    690.8580     0.2    446.6700   243.0540      0.0000 aq_lsu_pfb_0
x_aq_top_0/x_aq_core/x_aq_lsu_top/x_aq_lsu_pfb_top/x_aq_lsu_ppfb_3/x_aq_lsu_pfb_fsm_gated_clk      0.3780     0.0      0.3780     0.0000      0.0000 gated_clk_cell_68
x_aq_top_0/x_aq_core/x_aq_lsu_top/x_aq_lsu_pfb_top/x_aq_lsu_ppfb_3/x_aq_lsu_pfb_ld_gated_clk      0.3780     0.0      0.3780     0.0000      0.0000 gated_clk_cell_67
x_aq_top_0/x_aq_core/x_aq_lsu_top/x_aq_lsu_pfb_top/x_aq_lsu_ppfb_3/x_aq_lsu_pfb_req_gated_clk      0.3780     0.0      0.3780     0.0000      0.0000 gated_clk_cell_66
x_aq_top_0/x_aq_core/x_aq_lsu_top/x_aq_lsu_rdl    328.1040     0.1    205.2540   121.7160      0.0000 aq_lsu_rdl
x_aq_top_0/x_aq_core/x_aq_lsu_top/x_aq_lsu_rdl/x_pa_lsu_rdl_dp_gated_clk      0.3780     0.0      0.3780     0.0000      0.0000 gated_clk_cell_276
x_aq_top_0/x_aq_core/x_aq_lsu_top/x_aq_lsu_rdl/x_pa_lsu_rdl_fsm_gated_clk      0.3780     0.0      0.3780     0.0000      0.0000 gated_clk_cell_277
x_aq_top_0/x_aq_core/x_aq_lsu_top/x_aq_lsu_rdl/x_pa_lsu_rdl_tag_gated_clk      0.3780     0.0      0.3780     0.0000      0.0000 gated_clk_cell_275
x_aq_top_0/x_aq_core/x_aq_lsu_top/x_aq_lsu_stb   4879.4760     1.5   1095.6960   474.7680      0.0000 aq_lsu_stb
x_aq_top_0/x_aq_core/x_aq_lsu_top/x_aq_lsu_stb/x_aq_lsu_stb_burst_gated_clk      0.3780     0.0      0.3780     0.0000      0.0000 gated_clk_cell_278
x_aq_top_0/x_aq_core/x_aq_lsu_top/x_aq_lsu_stb/x_aq_lsu_stb_entry_0    826.1820     0.3    540.0360   285.0120      0.0000 aq_lsu_stb_entry_3
x_aq_top_0/x_aq_core/x_aq_lsu_top/x_aq_lsu_stb/x_aq_lsu_stb_entry_0/x_pa_lsu_stb_dp_gated_clk      0.3780     0.0      0.3780     0.0000      0.0000 gated_clk_cell_100
x_aq_top_0/x_aq_core/x_aq_lsu_top/x_aq_lsu_stb/x_aq_lsu_stb_entry_0/x_pa_lsu_stb_fsm_gated_clk      0.3780     0.0      0.3780     0.0000      0.0000 gated_clk_cell_101
x_aq_top_0/x_aq_core/x_aq_lsu_top/x_aq_lsu_stb/x_aq_lsu_stb_entry_0/x_pa_lsu_stb_wdata_gated_clk      0.3780     0.0      0.3780     0.0000      0.0000 gated_clk_cell_99
x_aq_top_0/x_aq_core/x_aq_lsu_top/x_aq_lsu_stb/x_aq_lsu_stb_entry_1    829.8360     0.3    543.6900   285.0120      0.0000 aq_lsu_stb_entry_2
x_aq_top_0/x_aq_core/x_aq_lsu_top/x_aq_lsu_stb/x_aq_lsu_stb_entry_1/x_pa_lsu_stb_dp_gated_clk      0.3780     0.0      0.3780     0.0000      0.0000 gated_clk_cell_97
x_aq_top_0/x_aq_core/x_aq_lsu_top/x_aq_lsu_stb/x_aq_lsu_stb_entry_1/x_pa_lsu_stb_fsm_gated_clk      0.3780     0.0      0.3780     0.0000      0.0000 gated_clk_cell_98
x_aq_top_0/x_aq_core/x_aq_lsu_top/x_aq_lsu_stb/x_aq_lsu_stb_entry_1/x_pa_lsu_stb_wdata_gated_clk      0.3780     0.0      0.3780     0.0000      0.0000 gated_clk_cell_96
x_aq_top_0/x_aq_core/x_aq_lsu_top/x_aq_lsu_stb/x_aq_lsu_stb_entry_2    825.9300     0.3    539.7840   285.0120      0.0000 aq_lsu_stb_entry_1
x_aq_top_0/x_aq_core/x_aq_lsu_top/x_aq_lsu_stb/x_aq_lsu_stb_entry_2/x_pa_lsu_stb_dp_gated_clk      0.3780     0.0      0.3780     0.0000      0.0000 gated_clk_cell_94
x_aq_top_0/x_aq_core/x_aq_lsu_top/x_aq_lsu_stb/x_aq_lsu_stb_entry_2/x_pa_lsu_stb_fsm_gated_clk      0.3780     0.0      0.3780     0.0000      0.0000 gated_clk_cell_95
x_aq_top_0/x_aq_core/x_aq_lsu_top/x_aq_lsu_stb/x_aq_lsu_stb_entry_2/x_pa_lsu_stb_wdata_gated_clk      0.3780     0.0      0.3780     0.0000      0.0000 gated_clk_cell_93
x_aq_top_0/x_aq_core/x_aq_lsu_top/x_aq_lsu_stb/x_aq_lsu_stb_entry_3    825.9300     0.3    539.7840   285.0120      0.0000 aq_lsu_stb_entry_0
x_aq_top_0/x_aq_core/x_aq_lsu_top/x_aq_lsu_stb/x_aq_lsu_stb_entry_3/x_pa_lsu_stb_dp_gated_clk      0.3780     0.0      0.3780     0.0000      0.0000 gated_clk_cell_91
x_aq_top_0/x_aq_core/x_aq_lsu_top/x_aq_lsu_stb/x_aq_lsu_stb_entry_3/x_pa_lsu_stb_fsm_gated_clk      0.3780     0.0      0.3780     0.0000      0.0000 gated_clk_cell_92
x_aq_top_0/x_aq_core/x_aq_lsu_top/x_aq_lsu_stb/x_aq_lsu_stb_entry_3/x_pa_lsu_stb_wdata_gated_clk      0.3780     0.0      0.3780     0.0000      0.0000 gated_clk_cell_90
x_aq_top_0/x_aq_core/x_aq_lsu_top/x_aq_lsu_stb/x_aq_lsu_stb_gated_clk      0.3780     0.0      0.3780     0.0000      0.0000 gated_clk_cell_280
x_aq_top_0/x_aq_core/x_aq_lsu_top/x_aq_lsu_stb/x_aq_lsu_stb_merge_gated_clk      0.3780     0.0      0.3780     0.0000      0.0000 gated_clk_cell_279
x_aq_top_0/x_aq_core/x_aq_lsu_top/x_aq_lsu_vb   2121.5880     0.6   1055.5020  1063.3140      0.0000 aq_lsu_vb
x_aq_top_0/x_aq_core/x_aq_lsu_top/x_aq_lsu_vb/x_pa_lsu_vb_addr_gated_clk      0.3780     0.0      0.3780     0.0000      0.0000 gated_clk_cell_270
x_aq_top_0/x_aq_core/x_aq_lsu_top/x_aq_lsu_vb/x_pa_lsu_vb_data0_gated_clk      0.5040     0.0      0.5040     0.0000      0.0000 gated_clk_cell_266
x_aq_top_0/x_aq_core/x_aq_lsu_top/x_aq_lsu_vb/x_pa_lsu_vb_data1_gated_clk      0.5040     0.0      0.5040     0.0000      0.0000 gated_clk_cell_267
x_aq_top_0/x_aq_core/x_aq_lsu_top/x_aq_lsu_vb/x_pa_lsu_vb_data2_gated_clk      0.5040     0.0      0.5040     0.0000      0.0000 gated_clk_cell_268
x_aq_top_0/x_aq_core/x_aq_lsu_top/x_aq_lsu_vb/x_pa_lsu_vb_data3_gated_clk      0.5040     0.0      0.5040     0.0000      0.0000 gated_clk_cell_269
x_aq_top_0/x_aq_core/x_aq_lsu_top/x_aq_lsu_vb/x_pa_lsu_vb_gated_clk      0.3780     0.0      0.3780     0.0000      0.0000 gated_clk_cell_271
x_aq_top_0/x_aq_core/x_aq_rtu_top   1717.2540      0.5       0.5040      0.0000       0.0000  aq_rtu_top
x_aq_top_0/x_aq_core/x_aq_rtu_top/x_aq_rtu_ctrl     11.4660     0.0      4.7880     4.5360      0.0000 aq_rtu_ctrl
x_aq_top_0/x_aq_core/x_aq_rtu_top/x_aq_rtu_ctrl/x_cmplt_clk      2.1420     0.0      2.1420     0.0000      0.0000 gated_clk_cell_251
x_aq_top_0/x_aq_core/x_aq_rtu_top/x_aq_rtu_dp    560.0700     0.2    239.1480   320.5440      0.0000 aq_rtu_dp
x_aq_top_0/x_aq_core/x_aq_rtu_top/x_aq_rtu_dp/x_dp_trap_clk      0.3780     0.0      0.3780     0.0000      0.0000 gated_clk_cell_250
x_aq_top_0/x_aq_core/x_aq_rtu_top/x_aq_rtu_int      9.5760     0.0      9.5760     0.0000      0.0000 aq_rtu_int
x_aq_top_0/x_aq_core/x_aq_rtu_top/x_aq_rtu_rbus    264.9780     0.1    264.9780     0.0000      0.0000 aq_rtu_rbus
x_aq_top_0/x_aq_core/x_aq_rtu_top/x_aq_rtu_retire    581.6160     0.2    459.5220   121.7160      0.0000 aq_rtu_retire
x_aq_top_0/x_aq_core/x_aq_rtu_top/x_aq_rtu_retire/x_retire_clk      0.3780     0.0      0.3780     0.0000      0.0000 gated_clk_cell_249
x_aq_top_0/x_aq_core/x_aq_rtu_top/x_aq_rtu_wb    289.0440     0.1    153.8460   132.6780      0.0000 aq_rtu_wb
x_aq_top_0/x_aq_core/x_aq_rtu_top/x_aq_rtu_wb/x_rbus_wb_clk      2.1420     0.0      2.1420     0.0000      0.0000 gated_clk_cell_247
x_aq_top_0/x_aq_core/x_aq_rtu_top/x_aq_rtu_wb/x_wb_clk      0.3780     0.0      0.3780     0.0000      0.0000 gated_clk_cell_248
x_aq_top_0/x_aq_core/x_aq_vidu_top   9864.9180     3.0       6.9300      0.0000       0.0000  aq_vidu_top
x_aq_top_0/x_aq_core/x_aq_vidu_top/x_aq_vidu_vid_ctrl_fp     23.3100     0.0     23.3100     0.0000      0.0000 aq_vidu_vid_ctrl_fp
x_aq_top_0/x_aq_core/x_aq_vidu_top/x_aq_vidu_vid_dp_fp    254.1420     0.1    254.1420     0.0000      0.0000 aq_vidu_vid_dp_fp
x_aq_top_0/x_aq_core/x_aq_vidu_top/x_aq_vidu_vid_gpr_fp   8436.9600     2.6   2704.4640     0.0000      0.0000 aq_vidu_vid_gpr_fp
x_aq_top_0/x_aq_core/x_aq_vidu_top/x_aq_vidu_vid_gpr_fp/x_aq_idu_expand_32_vpu_vidu_fp_wb_reg     18.9000     0.0     18.9000     0.0000      0.0000 aq_idu_expand_32_3
x_aq_top_0/x_aq_core/x_aq_vidu_top/x_aq_vidu_vid_gpr_fp/x_aq_vidu_vid_gpr_reg_fp_0    178.5420     0.1     57.2040   120.9600      0.0000 aq_vidu_vid_gpr_reg_fp_31
x_aq_top_0/x_aq_core/x_aq_vidu_top/x_aq_vidu_vid_gpr_fp/x_aq_vidu_vid_gpr_reg_fp_0/x_reg_gated_clk      0.3780     0.0      0.3780     0.0000      0.0000 gated_clk_cell_171
x_aq_top_0/x_aq_core/x_aq_vidu_top/x_aq_vidu_vid_gpr_fp/x_aq_vidu_vid_gpr_reg_fp_1    178.5420     0.1     57.2040   120.9600      0.0000 aq_vidu_vid_gpr_reg_fp_30
x_aq_top_0/x_aq_core/x_aq_vidu_top/x_aq_vidu_vid_gpr_fp/x_aq_vidu_vid_gpr_reg_fp_1/x_reg_gated_clk      0.3780     0.0      0.3780     0.0000      0.0000 gated_clk_cell_170
x_aq_top_0/x_aq_core/x_aq_vidu_top/x_aq_vidu_vid_gpr_fp/x_aq_vidu_vid_gpr_reg_fp_10    178.5420     0.1     57.2040   120.9600      0.0000 aq_vidu_vid_gpr_reg_fp_21
x_aq_top_0/x_aq_core/x_aq_vidu_top/x_aq_vidu_vid_gpr_fp/x_aq_vidu_vid_gpr_reg_fp_10/x_reg_gated_clk      0.3780     0.0      0.3780     0.0000      0.0000 gated_clk_cell_161
x_aq_top_0/x_aq_core/x_aq_vidu_top/x_aq_vidu_vid_gpr_fp/x_aq_vidu_vid_gpr_reg_fp_11    178.5420     0.1     57.2040   120.9600      0.0000 aq_vidu_vid_gpr_reg_fp_20
x_aq_top_0/x_aq_core/x_aq_vidu_top/x_aq_vidu_vid_gpr_fp/x_aq_vidu_vid_gpr_reg_fp_11/x_reg_gated_clk      0.3780     0.0      0.3780     0.0000      0.0000 gated_clk_cell_160
x_aq_top_0/x_aq_core/x_aq_vidu_top/x_aq_vidu_vid_gpr_fp/x_aq_vidu_vid_gpr_reg_fp_12    178.5420     0.1     57.2040   120.9600      0.0000 aq_vidu_vid_gpr_reg_fp_19
x_aq_top_0/x_aq_core/x_aq_vidu_top/x_aq_vidu_vid_gpr_fp/x_aq_vidu_vid_gpr_reg_fp_12/x_reg_gated_clk      0.3780     0.0      0.3780     0.0000      0.0000 gated_clk_cell_159
x_aq_top_0/x_aq_core/x_aq_vidu_top/x_aq_vidu_vid_gpr_fp/x_aq_vidu_vid_gpr_reg_fp_13    178.5420     0.1     57.2040   120.9600      0.0000 aq_vidu_vid_gpr_reg_fp_18
x_aq_top_0/x_aq_core/x_aq_vidu_top/x_aq_vidu_vid_gpr_fp/x_aq_vidu_vid_gpr_reg_fp_13/x_reg_gated_clk      0.3780     0.0      0.3780     0.0000      0.0000 gated_clk_cell_158
x_aq_top_0/x_aq_core/x_aq_vidu_top/x_aq_vidu_vid_gpr_fp/x_aq_vidu_vid_gpr_reg_fp_14    178.5420     0.1     57.2040   120.9600      0.0000 aq_vidu_vid_gpr_reg_fp_17
x_aq_top_0/x_aq_core/x_aq_vidu_top/x_aq_vidu_vid_gpr_fp/x_aq_vidu_vid_gpr_reg_fp_14/x_reg_gated_clk      0.3780     0.0      0.3780     0.0000      0.0000 gated_clk_cell_157
x_aq_top_0/x_aq_core/x_aq_vidu_top/x_aq_vidu_vid_gpr_fp/x_aq_vidu_vid_gpr_reg_fp_15    178.7940     0.1     57.4560   120.9600      0.0000 aq_vidu_vid_gpr_reg_fp_16
x_aq_top_0/x_aq_core/x_aq_vidu_top/x_aq_vidu_vid_gpr_fp/x_aq_vidu_vid_gpr_reg_fp_15/x_reg_gated_clk      0.3780     0.0      0.3780     0.0000      0.0000 gated_clk_cell_156
x_aq_top_0/x_aq_core/x_aq_vidu_top/x_aq_vidu_vid_gpr_fp/x_aq_vidu_vid_gpr_reg_fp_16    178.5420     0.1     57.2040   120.9600      0.0000 aq_vidu_vid_gpr_reg_fp_15
x_aq_top_0/x_aq_core/x_aq_vidu_top/x_aq_vidu_vid_gpr_fp/x_aq_vidu_vid_gpr_reg_fp_16/x_reg_gated_clk      0.3780     0.0      0.3780     0.0000      0.0000 gated_clk_cell_155
x_aq_top_0/x_aq_core/x_aq_vidu_top/x_aq_vidu_vid_gpr_fp/x_aq_vidu_vid_gpr_reg_fp_17    178.5420     0.1     57.2040   120.9600      0.0000 aq_vidu_vid_gpr_reg_fp_14
x_aq_top_0/x_aq_core/x_aq_vidu_top/x_aq_vidu_vid_gpr_fp/x_aq_vidu_vid_gpr_reg_fp_17/x_reg_gated_clk      0.3780     0.0      0.3780     0.0000      0.0000 gated_clk_cell_154
x_aq_top_0/x_aq_core/x_aq_vidu_top/x_aq_vidu_vid_gpr_fp/x_aq_vidu_vid_gpr_reg_fp_18    178.5420     0.1     57.2040   120.9600      0.0000 aq_vidu_vid_gpr_reg_fp_13
x_aq_top_0/x_aq_core/x_aq_vidu_top/x_aq_vidu_vid_gpr_fp/x_aq_vidu_vid_gpr_reg_fp_18/x_reg_gated_clk      0.3780     0.0      0.3780     0.0000      0.0000 gated_clk_cell_153
x_aq_top_0/x_aq_core/x_aq_vidu_top/x_aq_vidu_vid_gpr_fp/x_aq_vidu_vid_gpr_reg_fp_19    178.5420     0.1     57.2040   120.9600      0.0000 aq_vidu_vid_gpr_reg_fp_12
x_aq_top_0/x_aq_core/x_aq_vidu_top/x_aq_vidu_vid_gpr_fp/x_aq_vidu_vid_gpr_reg_fp_19/x_reg_gated_clk      0.3780     0.0      0.3780     0.0000      0.0000 gated_clk_cell_152
x_aq_top_0/x_aq_core/x_aq_vidu_top/x_aq_vidu_vid_gpr_fp/x_aq_vidu_vid_gpr_reg_fp_2    178.5420     0.1     57.2040   120.9600      0.0000 aq_vidu_vid_gpr_reg_fp_29
x_aq_top_0/x_aq_core/x_aq_vidu_top/x_aq_vidu_vid_gpr_fp/x_aq_vidu_vid_gpr_reg_fp_2/x_reg_gated_clk      0.3780     0.0      0.3780     0.0000      0.0000 gated_clk_cell_169
x_aq_top_0/x_aq_core/x_aq_vidu_top/x_aq_vidu_vid_gpr_fp/x_aq_vidu_vid_gpr_reg_fp_20    178.5420     0.1     57.2040   120.9600      0.0000 aq_vidu_vid_gpr_reg_fp_11
x_aq_top_0/x_aq_core/x_aq_vidu_top/x_aq_vidu_vid_gpr_fp/x_aq_vidu_vid_gpr_reg_fp_20/x_reg_gated_clk      0.3780     0.0      0.3780     0.0000      0.0000 gated_clk_cell_151
x_aq_top_0/x_aq_core/x_aq_vidu_top/x_aq_vidu_vid_gpr_fp/x_aq_vidu_vid_gpr_reg_fp_21    178.5420     0.1     57.2040   120.9600      0.0000 aq_vidu_vid_gpr_reg_fp_10
x_aq_top_0/x_aq_core/x_aq_vidu_top/x_aq_vidu_vid_gpr_fp/x_aq_vidu_vid_gpr_reg_fp_21/x_reg_gated_clk      0.3780     0.0      0.3780     0.0000      0.0000 gated_clk_cell_150
x_aq_top_0/x_aq_core/x_aq_vidu_top/x_aq_vidu_vid_gpr_fp/x_aq_vidu_vid_gpr_reg_fp_22    178.5420     0.1     57.2040   120.9600      0.0000 aq_vidu_vid_gpr_reg_fp_9
x_aq_top_0/x_aq_core/x_aq_vidu_top/x_aq_vidu_vid_gpr_fp/x_aq_vidu_vid_gpr_reg_fp_22/x_reg_gated_clk      0.3780     0.0      0.3780     0.0000      0.0000 gated_clk_cell_149
x_aq_top_0/x_aq_core/x_aq_vidu_top/x_aq_vidu_vid_gpr_fp/x_aq_vidu_vid_gpr_reg_fp_23    178.5420     0.1     57.2040   120.9600      0.0000 aq_vidu_vid_gpr_reg_fp_8
x_aq_top_0/x_aq_core/x_aq_vidu_top/x_aq_vidu_vid_gpr_fp/x_aq_vidu_vid_gpr_reg_fp_23/x_reg_gated_clk      0.3780     0.0      0.3780     0.0000      0.0000 gated_clk_cell_148
x_aq_top_0/x_aq_core/x_aq_vidu_top/x_aq_vidu_vid_gpr_fp/x_aq_vidu_vid_gpr_reg_fp_24    178.5420     0.1     57.2040   120.9600      0.0000 aq_vidu_vid_gpr_reg_fp_7
x_aq_top_0/x_aq_core/x_aq_vidu_top/x_aq_vidu_vid_gpr_fp/x_aq_vidu_vid_gpr_reg_fp_24/x_reg_gated_clk      0.3780     0.0      0.3780     0.0000      0.0000 gated_clk_cell_147
x_aq_top_0/x_aq_core/x_aq_vidu_top/x_aq_vidu_vid_gpr_fp/x_aq_vidu_vid_gpr_reg_fp_25    178.5420     0.1     57.2040   120.9600      0.0000 aq_vidu_vid_gpr_reg_fp_6
x_aq_top_0/x_aq_core/x_aq_vidu_top/x_aq_vidu_vid_gpr_fp/x_aq_vidu_vid_gpr_reg_fp_25/x_reg_gated_clk      0.3780     0.0      0.3780     0.0000      0.0000 gated_clk_cell_146
x_aq_top_0/x_aq_core/x_aq_vidu_top/x_aq_vidu_vid_gpr_fp/x_aq_vidu_vid_gpr_reg_fp_26    178.5420     0.1     57.2040   120.9600      0.0000 aq_vidu_vid_gpr_reg_fp_5
x_aq_top_0/x_aq_core/x_aq_vidu_top/x_aq_vidu_vid_gpr_fp/x_aq_vidu_vid_gpr_reg_fp_26/x_reg_gated_clk      0.3780     0.0      0.3780     0.0000      0.0000 gated_clk_cell_145
x_aq_top_0/x_aq_core/x_aq_vidu_top/x_aq_vidu_vid_gpr_fp/x_aq_vidu_vid_gpr_reg_fp_27    178.5420     0.1     57.2040   120.9600      0.0000 aq_vidu_vid_gpr_reg_fp_4
x_aq_top_0/x_aq_core/x_aq_vidu_top/x_aq_vidu_vid_gpr_fp/x_aq_vidu_vid_gpr_reg_fp_27/x_reg_gated_clk      0.3780     0.0      0.3780     0.0000      0.0000 gated_clk_cell_144
x_aq_top_0/x_aq_core/x_aq_vidu_top/x_aq_vidu_vid_gpr_fp/x_aq_vidu_vid_gpr_reg_fp_28    178.5420     0.1     57.2040   120.9600      0.0000 aq_vidu_vid_gpr_reg_fp_3
x_aq_top_0/x_aq_core/x_aq_vidu_top/x_aq_vidu_vid_gpr_fp/x_aq_vidu_vid_gpr_reg_fp_28/x_reg_gated_clk      0.3780     0.0      0.3780     0.0000      0.0000 gated_clk_cell_143
x_aq_top_0/x_aq_core/x_aq_vidu_top/x_aq_vidu_vid_gpr_fp/x_aq_vidu_vid_gpr_reg_fp_29    178.5420     0.1     57.2040   120.9600      0.0000 aq_vidu_vid_gpr_reg_fp_2
x_aq_top_0/x_aq_core/x_aq_vidu_top/x_aq_vidu_vid_gpr_fp/x_aq_vidu_vid_gpr_reg_fp_29/x_reg_gated_clk      0.3780     0.0      0.3780     0.0000      0.0000 gated_clk_cell_142
x_aq_top_0/x_aq_core/x_aq_vidu_top/x_aq_vidu_vid_gpr_fp/x_aq_vidu_vid_gpr_reg_fp_3    178.5420     0.1     57.2040   120.9600      0.0000 aq_vidu_vid_gpr_reg_fp_28
x_aq_top_0/x_aq_core/x_aq_vidu_top/x_aq_vidu_vid_gpr_fp/x_aq_vidu_vid_gpr_reg_fp_3/x_reg_gated_clk      0.3780     0.0      0.3780     0.0000      0.0000 gated_clk_cell_168
x_aq_top_0/x_aq_core/x_aq_vidu_top/x_aq_vidu_vid_gpr_fp/x_aq_vidu_vid_gpr_reg_fp_30    178.5420     0.1     57.2040   120.9600      0.0000 aq_vidu_vid_gpr_reg_fp_1
x_aq_top_0/x_aq_core/x_aq_vidu_top/x_aq_vidu_vid_gpr_fp/x_aq_vidu_vid_gpr_reg_fp_30/x_reg_gated_clk      0.3780     0.0      0.3780     0.0000      0.0000 gated_clk_cell_141
x_aq_top_0/x_aq_core/x_aq_vidu_top/x_aq_vidu_vid_gpr_fp/x_aq_vidu_vid_gpr_reg_fp_31    178.5420     0.1     57.2040   120.9600      0.0000 aq_vidu_vid_gpr_reg_fp_0
x_aq_top_0/x_aq_core/x_aq_vidu_top/x_aq_vidu_vid_gpr_fp/x_aq_vidu_vid_gpr_reg_fp_31/x_reg_gated_clk      0.3780     0.0      0.3780     0.0000      0.0000 gated_clk_cell_140
x_aq_top_0/x_aq_core/x_aq_vidu_top/x_aq_vidu_vid_gpr_fp/x_aq_vidu_vid_gpr_reg_fp_4    178.5420     0.1     57.2040   120.9600      0.0000 aq_vidu_vid_gpr_reg_fp_27
x_aq_top_0/x_aq_core/x_aq_vidu_top/x_aq_vidu_vid_gpr_fp/x_aq_vidu_vid_gpr_reg_fp_4/x_reg_gated_clk      0.3780     0.0      0.3780     0.0000      0.0000 gated_clk_cell_167
x_aq_top_0/x_aq_core/x_aq_vidu_top/x_aq_vidu_vid_gpr_fp/x_aq_vidu_vid_gpr_reg_fp_5    178.5420     0.1     57.2040   120.9600      0.0000 aq_vidu_vid_gpr_reg_fp_26
x_aq_top_0/x_aq_core/x_aq_vidu_top/x_aq_vidu_vid_gpr_fp/x_aq_vidu_vid_gpr_reg_fp_5/x_reg_gated_clk      0.3780     0.0      0.3780     0.0000      0.0000 gated_clk_cell_166
x_aq_top_0/x_aq_core/x_aq_vidu_top/x_aq_vidu_vid_gpr_fp/x_aq_vidu_vid_gpr_reg_fp_6    178.5420     0.1     57.2040   120.9600      0.0000 aq_vidu_vid_gpr_reg_fp_25
x_aq_top_0/x_aq_core/x_aq_vidu_top/x_aq_vidu_vid_gpr_fp/x_aq_vidu_vid_gpr_reg_fp_6/x_reg_gated_clk      0.3780     0.0      0.3780     0.0000      0.0000 gated_clk_cell_165
x_aq_top_0/x_aq_core/x_aq_vidu_top/x_aq_vidu_vid_gpr_fp/x_aq_vidu_vid_gpr_reg_fp_7    178.5420     0.1     57.2040   120.9600      0.0000 aq_vidu_vid_gpr_reg_fp_24
x_aq_top_0/x_aq_core/x_aq_vidu_top/x_aq_vidu_vid_gpr_fp/x_aq_vidu_vid_gpr_reg_fp_7/x_reg_gated_clk      0.3780     0.0      0.3780     0.0000      0.0000 gated_clk_cell_164
x_aq_top_0/x_aq_core/x_aq_vidu_top/x_aq_vidu_vid_gpr_fp/x_aq_vidu_vid_gpr_reg_fp_8    178.5420     0.1     57.2040   120.9600      0.0000 aq_vidu_vid_gpr_reg_fp_23
x_aq_top_0/x_aq_core/x_aq_vidu_top/x_aq_vidu_vid_gpr_fp/x_aq_vidu_vid_gpr_reg_fp_8/x_reg_gated_clk      0.3780     0.0      0.3780     0.0000      0.0000 gated_clk_cell_163
x_aq_top_0/x_aq_core/x_aq_vidu_top/x_aq_vidu_vid_gpr_fp/x_aq_vidu_vid_gpr_reg_fp_9    178.5420     0.1     57.2040   120.9600      0.0000 aq_vidu_vid_gpr_reg_fp_22
x_aq_top_0/x_aq_core/x_aq_vidu_top/x_aq_vidu_vid_gpr_fp/x_aq_vidu_vid_gpr_reg_fp_9/x_reg_gated_clk      0.3780     0.0      0.3780     0.0000      0.0000 gated_clk_cell_162
x_aq_top_0/x_aq_core/x_aq_vidu_top/x_aq_vidu_vid_split_fp    455.4900     0.1    220.5000   232.8480      0.0000 aq_vidu_vid_split_fp
x_aq_top_0/x_aq_core/x_aq_vidu_top/x_aq_vidu_vid_split_fp/x_split_clk_gated_clk_cell      2.1420     0.0      2.1420     0.0000      0.0000 gated_clk_cell_319
x_aq_top_0/x_aq_core/x_aq_vidu_top/x_aq_vidu_vid_wbt_fp    688.0860     0.2    247.3380     0.0000      0.0000 aq_vidu_vid_wbt
x_aq_top_0/x_aq_core/x_aq_vidu_top/x_aq_vidu_vid_wbt_fp/x_aq_idu_expand_32_dp_wbt_bankx_dstv_reg     18.9000     0.0     18.9000     0.0000      0.0000 aq_idu_expand_32_2
x_aq_top_0/x_aq_core/x_aq_vidu_top/x_aq_vidu_vid_wbt_fp/x_aq_idu_expand_32_vpu_vidu_wbt_bankx_wb0_reg     18.9000     0.0     18.9000     0.0000      0.0000 aq_idu_expand_32_1
x_aq_top_0/x_aq_core/x_aq_vidu_top/x_aq_vidu_vid_wbt_fp/x_aq_idu_expand_32_vpu_vidu_wbt_bankx_wb1_reg     18.9000     0.0     18.9000     0.0000      0.0000 aq_idu_expand_32_0
x_aq_top_0/x_aq_core/x_aq_vidu_top/x_aq_vidu_vid_wbt_fp/x_aq_vidu_vid_wbt_entry_reg_0     11.9700     0.0      5.0400     6.9300      0.0000 aq_vidu_vid_wbt_entry_31
x_aq_top_0/x_aq_core/x_aq_vidu_top/x_aq_vidu_vid_wbt_fp/x_aq_vidu_vid_wbt_entry_reg_1     11.9700     0.0      5.0400     6.9300      0.0000 aq_vidu_vid_wbt_entry_30
x_aq_top_0/x_aq_core/x_aq_vidu_top/x_aq_vidu_vid_wbt_fp/x_aq_vidu_vid_wbt_entry_reg_10     11.9700     0.0      5.0400     6.9300      0.0000 aq_vidu_vid_wbt_entry_21
x_aq_top_0/x_aq_core/x_aq_vidu_top/x_aq_vidu_vid_wbt_fp/x_aq_vidu_vid_wbt_entry_reg_11     11.9700     0.0      5.0400     6.9300      0.0000 aq_vidu_vid_wbt_entry_20
x_aq_top_0/x_aq_core/x_aq_vidu_top/x_aq_vidu_vid_wbt_fp/x_aq_vidu_vid_wbt_entry_reg_12     11.9700     0.0      5.0400     6.9300      0.0000 aq_vidu_vid_wbt_entry_19
x_aq_top_0/x_aq_core/x_aq_vidu_top/x_aq_vidu_vid_wbt_fp/x_aq_vidu_vid_wbt_entry_reg_13     11.9700     0.0      5.0400     6.9300      0.0000 aq_vidu_vid_wbt_entry_18
x_aq_top_0/x_aq_core/x_aq_vidu_top/x_aq_vidu_vid_wbt_fp/x_aq_vidu_vid_wbt_entry_reg_14     11.9700     0.0      5.0400     6.9300      0.0000 aq_vidu_vid_wbt_entry_17
x_aq_top_0/x_aq_core/x_aq_vidu_top/x_aq_vidu_vid_wbt_fp/x_aq_vidu_vid_wbt_entry_reg_15     12.0960     0.0      5.1660     6.9300      0.0000 aq_vidu_vid_wbt_entry_16
x_aq_top_0/x_aq_core/x_aq_vidu_top/x_aq_vidu_vid_wbt_fp/x_aq_vidu_vid_wbt_entry_reg_16     11.9700     0.0      5.0400     6.9300      0.0000 aq_vidu_vid_wbt_entry_15
x_aq_top_0/x_aq_core/x_aq_vidu_top/x_aq_vidu_vid_wbt_fp/x_aq_vidu_vid_wbt_entry_reg_17     11.9700     0.0      5.0400     6.9300      0.0000 aq_vidu_vid_wbt_entry_14
x_aq_top_0/x_aq_core/x_aq_vidu_top/x_aq_vidu_vid_wbt_fp/x_aq_vidu_vid_wbt_entry_reg_18     11.9700     0.0      5.0400     6.9300      0.0000 aq_vidu_vid_wbt_entry_13
x_aq_top_0/x_aq_core/x_aq_vidu_top/x_aq_vidu_vid_wbt_fp/x_aq_vidu_vid_wbt_entry_reg_19     11.9700     0.0      5.0400     6.9300      0.0000 aq_vidu_vid_wbt_entry_12
x_aq_top_0/x_aq_core/x_aq_vidu_top/x_aq_vidu_vid_wbt_fp/x_aq_vidu_vid_wbt_entry_reg_2     11.9700     0.0      5.0400     6.9300      0.0000 aq_vidu_vid_wbt_entry_29
x_aq_top_0/x_aq_core/x_aq_vidu_top/x_aq_vidu_vid_wbt_fp/x_aq_vidu_vid_wbt_entry_reg_20     11.9700     0.0      5.0400     6.9300      0.0000 aq_vidu_vid_wbt_entry_11
x_aq_top_0/x_aq_core/x_aq_vidu_top/x_aq_vidu_vid_wbt_fp/x_aq_vidu_vid_wbt_entry_reg_21     11.9700     0.0      5.0400     6.9300      0.0000 aq_vidu_vid_wbt_entry_10
x_aq_top_0/x_aq_core/x_aq_vidu_top/x_aq_vidu_vid_wbt_fp/x_aq_vidu_vid_wbt_entry_reg_22     11.9700     0.0      5.0400     6.9300      0.0000 aq_vidu_vid_wbt_entry_9
x_aq_top_0/x_aq_core/x_aq_vidu_top/x_aq_vidu_vid_wbt_fp/x_aq_vidu_vid_wbt_entry_reg_23     11.9700     0.0      5.0400     6.9300      0.0000 aq_vidu_vid_wbt_entry_8
x_aq_top_0/x_aq_core/x_aq_vidu_top/x_aq_vidu_vid_wbt_fp/x_aq_vidu_vid_wbt_entry_reg_24     11.9700     0.0      5.0400     6.9300      0.0000 aq_vidu_vid_wbt_entry_7
x_aq_top_0/x_aq_core/x_aq_vidu_top/x_aq_vidu_vid_wbt_fp/x_aq_vidu_vid_wbt_entry_reg_25     11.9700     0.0      5.0400     6.9300      0.0000 aq_vidu_vid_wbt_entry_6
x_aq_top_0/x_aq_core/x_aq_vidu_top/x_aq_vidu_vid_wbt_fp/x_aq_vidu_vid_wbt_entry_reg_26     11.9700     0.0      5.0400     6.9300      0.0000 aq_vidu_vid_wbt_entry_5
x_aq_top_0/x_aq_core/x_aq_vidu_top/x_aq_vidu_vid_wbt_fp/x_aq_vidu_vid_wbt_entry_reg_27     11.9700     0.0      5.0400     6.9300      0.0000 aq_vidu_vid_wbt_entry_4
x_aq_top_0/x_aq_core/x_aq_vidu_top/x_aq_vidu_vid_wbt_fp/x_aq_vidu_vid_wbt_entry_reg_28     11.9700     0.0      5.0400     6.9300      0.0000 aq_vidu_vid_wbt_entry_3
x_aq_top_0/x_aq_core/x_aq_vidu_top/x_aq_vidu_vid_wbt_fp/x_aq_vidu_vid_wbt_entry_reg_29     11.9700     0.0      5.0400     6.9300      0.0000 aq_vidu_vid_wbt_entry_2
x_aq_top_0/x_aq_core/x_aq_vidu_top/x_aq_vidu_vid_wbt_fp/x_aq_vidu_vid_wbt_entry_reg_3     11.9700     0.0      5.0400     6.9300      0.0000 aq_vidu_vid_wbt_entry_28
x_aq_top_0/x_aq_core/x_aq_vidu_top/x_aq_vidu_vid_wbt_fp/x_aq_vidu_vid_wbt_entry_reg_30     11.9700     0.0      5.0400     6.9300      0.0000 aq_vidu_vid_wbt_entry_1
x_aq_top_0/x_aq_core/x_aq_vidu_top/x_aq_vidu_vid_wbt_fp/x_aq_vidu_vid_wbt_entry_reg_31     12.0960     0.0      5.1660     6.9300      0.0000 aq_vidu_vid_wbt_entry_0
x_aq_top_0/x_aq_core/x_aq_vidu_top/x_aq_vidu_vid_wbt_fp/x_aq_vidu_vid_wbt_entry_reg_4     11.9700     0.0      5.0400     6.9300      0.0000 aq_vidu_vid_wbt_entry_27
x_aq_top_0/x_aq_core/x_aq_vidu_top/x_aq_vidu_vid_wbt_fp/x_aq_vidu_vid_wbt_entry_reg_5     11.9700     0.0      5.0400     6.9300      0.0000 aq_vidu_vid_wbt_entry_26
x_aq_top_0/x_aq_core/x_aq_vidu_top/x_aq_vidu_vid_wbt_fp/x_aq_vidu_vid_wbt_entry_reg_6     11.9700     0.0      5.0400     6.9300      0.0000 aq_vidu_vid_wbt_entry_25
x_aq_top_0/x_aq_core/x_aq_vidu_top/x_aq_vidu_vid_wbt_fp/x_aq_vidu_vid_wbt_entry_reg_7     11.9700     0.0      5.0400     6.9300      0.0000 aq_vidu_vid_wbt_entry_24
x_aq_top_0/x_aq_core/x_aq_vidu_top/x_aq_vidu_vid_wbt_fp/x_aq_vidu_vid_wbt_entry_reg_8     11.9700     0.0      5.0400     6.9300      0.0000 aq_vidu_vid_wbt_entry_23
x_aq_top_0/x_aq_core/x_aq_vidu_top/x_aq_vidu_vid_wbt_fp/x_aq_vidu_vid_wbt_entry_reg_9     11.9700     0.0      5.0400     6.9300      0.0000 aq_vidu_vid_wbt_entry_22
x_aq_top_0/x_aq_core/x_aq_vidu_top/x_aq_vidu_vid_wbt_fp/x_create_clk_gated_clk_cell      0.3780     0.0      0.3780     0.0000      0.0000 gated_clk_cell_318
x_aq_top_0/x_aq_core/x_aq_vidu_top/x_aq_vidu_vid_wbt_fp/x_wb_clk_gated_clk_cell      0.3780     0.0      0.3780     0.0000      0.0000 gated_clk_cell_317
x_aq_top_0/x_aq_core/x_aq_vpu_top  35267.6519     10.8       1.0080      0.0000       0.0000  aq_vpu_top
x_aq_top_0/x_aq_core/x_aq_vpu_top/x_aq_falu_top   4763.6820     1.5      0.0000     0.0000      0.0000 aq_falu_top
x_aq_top_0/x_aq_core/x_aq_vpu_top/x_aq_falu_top/x_aq_fadd_double_top   3867.8220     1.2      0.3780     0.0000      0.0000 aq_fadd_double_top
x_aq_top_0/x_aq_core/x_aq_vpu_top/x_aq_falu_top/x_aq_fadd_double_top/x_aq_fadd_double_add   3523.5900     1.1   2312.6040   257.0400      0.0000 aq_fadd_double_add
x_aq_top_0/x_aq_core/x_aq_vpu_top/x_aq_falu_top/x_aq_fadd_double_top/x_aq_fadd_double_add/x_aq_fadd_double_round    261.5760     0.1    261.5760     0.0000      0.0000 aq_fadd_double_round
x_aq_top_0/x_aq_core/x_aq_vpu_top/x_aq_falu_top/x_aq_fadd_double_top/x_aq_fadd_double_add/x_aq_fadd_lop_s1_s_b    344.8620     0.1    344.8620     0.0000      0.0000 aq_fadd_lop_s1_sb
x_aq_top_0/x_aq_core/x_aq_vpu_top/x_aq_falu_top/x_aq_fadd_double_top/x_aq_fadd_double_add/x_aq_fadd_shift_sub     95.8860     0.0     95.8860     0.0000      0.0000 aq_fadd_shift_sub_single
x_aq_top_0/x_aq_core/x_aq_vpu_top/x_aq_falu_top/x_aq_fadd_double_top/x_aq_fadd_double_add/x_aq_fadd_shift_sub_h    251.6220     0.1    251.6220     0.0000      0.0000 aq_fadd_shift_sub_h_double
x_aq_top_0/x_aq_core/x_aq_vpu_top/x_aq_falu_top/x_aq_fadd_double_top/x_aq_fadd_double_cmp_max     68.0400     0.0     68.0400     0.0000      0.0000 aq_fadd_double_cmp_max
x_aq_top_0/x_aq_core/x_aq_vpu_top/x_aq_falu_top/x_aq_fadd_double_top/x_aq_fadd_double_dp    182.3220     0.1    136.9620    45.3600      0.0000 aq_fadd_double_dp
x_aq_top_0/x_aq_core/x_aq_vpu_top/x_aq_falu_top/x_aq_fadd_double_top/x_aq_fadd_double_special     93.4920     0.0     93.4920     0.0000      0.0000 aq_fadd_double_special
x_aq_top_0/x_aq_core/x_aq_vpu_top/x_aq_falu_top/x_aq_fadd_scalar_dp    887.7960     0.3    392.2380   495.1800      0.0000 aq_fadd_scalar_dp
x_aq_top_0/x_aq_core/x_aq_vpu_top/x_aq_falu_top/x_aq_fadd_scalar_dp/x_widden_denorm_clk      0.3780     0.0      0.3780     0.0000      0.0000 gated_clk_cell_139
x_aq_top_0/x_aq_core/x_aq_vpu_top/x_aq_falu_top/x_aq_falu_ctrl      8.0640     0.0      5.0400     0.0000      0.0000 aq_falu_ctrl
x_aq_top_0/x_aq_core/x_aq_vpu_top/x_aq_falu_top/x_aq_falu_ctrl/x_fadd_ex1_nocmp_pipe_clk      0.3780     0.0      0.3780     0.0000      0.0000 gated_clk_cell_136
x_aq_top_0/x_aq_core/x_aq_vpu_top/x_aq_falu_top/x_aq_falu_ctrl/x_fadd_ex1_pipe_clk      0.5040     0.0      0.5040     0.0000      0.0000 gated_clk_cell_138
x_aq_top_0/x_aq_core/x_aq_vpu_top/x_aq_falu_top/x_aq_falu_ctrl/x_fadd_ex2_pipe_clk      2.1420     0.0      2.1420     0.0000      0.0000 gated_clk_cell_137
x_aq_top_0/x_aq_core/x_aq_vpu_top/x_aq_fcnvt_top   5073.6420     1.5      0.5040     0.0000      0.0000 aq_fcnvt_top
x_aq_top_0/x_aq_core/x_aq_vpu_top/x_aq_fcnvt_top/x_aq_fcnvt_ctrl      3.9060     0.0      2.7720     0.0000      0.0000 aq_fcnvt_ctrl
x_aq_top_0/x_aq_core/x_aq_vpu_top/x_aq_fcnvt_top/x_aq_fcnvt_ctrl/x_fcnvt_ex1_pipe_clk      0.3780     0.0      0.3780     0.0000      0.0000 gated_clk_cell_135
x_aq_top_0/x_aq_core/x_aq_vpu_top/x_aq_fcnvt_top/x_aq_fcnvt_ctrl/x_fcnvt_ex2_pipe_clk      0.3780     0.0      0.3780     0.0000      0.0000 gated_clk_cell_134
x_aq_top_0/x_aq_core/x_aq_vpu_top/x_aq_fcnvt_top/x_aq_fcnvt_ctrl/x_fcnvt_ex2_pipe_double_clk      0.3780     0.0      0.3780     0.0000      0.0000 gated_clk_cell_133
x_aq_top_0/x_aq_core/x_aq_vpu_top/x_aq_fcnvt_top/x_aq_fcnvt_double   3263.9040     1.0   1820.4480   266.4900      0.0000 aq_fcnvt_double
x_aq_top_0/x_aq_core/x_aq_vpu_top/x_aq_fcnvt_top/x_aq_fcnvt_double/x_aq_fcnvt_dtos_d    606.4380     0.2    606.4380     0.0000      0.0000 aq_fcnvt_dtos_d
x_aq_top_0/x_aq_core/x_aq_vpu_top/x_aq_fcnvt_top/x_aq_fcnvt_double/x_aq_fcnvt_ftoi_d    353.9340     0.1    353.9340     0.0000      0.0000 aq_fcnvt_ftoi_d
x_aq_top_0/x_aq_core/x_aq_vpu_top/x_aq_fcnvt_top/x_aq_fcnvt_double/x_aq_fcnvt_xtoh_d    216.5940     0.1    216.5940     0.0000      0.0000 aq_fcnvt_xtoh_sh
x_aq_top_0/x_aq_core/x_aq_vpu_top/x_aq_fcnvt_top/x_aq_fcnvt_scalar_dp   1805.3280     0.6    768.6000   416.5560      0.0000 aq_fcnvt_scalar_dp
x_aq_top_0/x_aq_core/x_aq_vpu_top/x_aq_fcnvt_top/x_aq_fcnvt_scalar_dp/x_aq_left_shift_64    348.7680     0.1    348.7680     0.0000      0.0000 aq_left_shift_64_1
x_aq_top_0/x_aq_core/x_aq_vpu_top/x_aq_fcnvt_top/x_aq_fcnvt_scalar_dp/x_aq_vdsp_64_bit_ff1    271.4040     0.1    186.6060     0.0000      0.0000 aq_vdsp_64_bit_ff1_1
x_aq_top_0/x_aq_core/x_aq_vpu_top/x_aq_fcnvt_top/x_aq_fcnvt_scalar_dp/x_aq_vdsp_64_bit_ff1/x_aq_vdsp_8_bit_ff1_0     10.3320     0.0     10.3320     0.0000      0.0000 aq_vdsp_8_bit_ff1_15
x_aq_top_0/x_aq_core/x_aq_vpu_top/x_aq_fcnvt_top/x_aq_fcnvt_scalar_dp/x_aq_vdsp_64_bit_ff1/x_aq_vdsp_8_bit_ff1_1     10.5840     0.0     10.5840     0.0000      0.0000 aq_vdsp_8_bit_ff1_14
x_aq_top_0/x_aq_core/x_aq_vpu_top/x_aq_fcnvt_top/x_aq_fcnvt_scalar_dp/x_aq_vdsp_64_bit_ff1/x_aq_vdsp_8_bit_ff1_2     10.5840     0.0     10.5840     0.0000      0.0000 aq_vdsp_8_bit_ff1_13
x_aq_top_0/x_aq_core/x_aq_vpu_top/x_aq_fcnvt_top/x_aq_fcnvt_scalar_dp/x_aq_vdsp_64_bit_ff1/x_aq_vdsp_8_bit_ff1_3     10.5840     0.0     10.5840     0.0000      0.0000 aq_vdsp_8_bit_ff1_12
x_aq_top_0/x_aq_core/x_aq_vpu_top/x_aq_fcnvt_top/x_aq_fcnvt_scalar_dp/x_aq_vdsp_64_bit_ff1/x_aq_vdsp_8_bit_ff1_4     10.4580     0.0     10.4580     0.0000      0.0000 aq_vdsp_8_bit_ff1_11
x_aq_top_0/x_aq_core/x_aq_vpu_top/x_aq_fcnvt_top/x_aq_fcnvt_scalar_dp/x_aq_vdsp_64_bit_ff1/x_aq_vdsp_8_bit_ff1_5     10.8360     0.0     10.8360     0.0000      0.0000 aq_vdsp_8_bit_ff1_10
x_aq_top_0/x_aq_core/x_aq_vpu_top/x_aq_fcnvt_top/x_aq_fcnvt_scalar_dp/x_aq_vdsp_64_bit_ff1/x_aq_vdsp_8_bit_ff1_6     10.8360     0.0     10.8360     0.0000      0.0000 aq_vdsp_8_bit_ff1_9
x_aq_top_0/x_aq_core/x_aq_vpu_top/x_aq_fcnvt_top/x_aq_fcnvt_scalar_dp/x_aq_vdsp_64_bit_ff1/x_aq_vdsp_8_bit_ff1_7     10.5840     0.0     10.5840     0.0000      0.0000 aq_vdsp_8_bit_ff1_8
x_aq_top_0/x_aq_core/x_aq_vpu_top/x_aq_fdsu_top   5370.6240     1.6      0.0000     0.0000      0.0000 aq_fdsu_top
x_aq_top_0/x_aq_core/x_aq_vpu_top/x_aq_fdsu_top/x_aq_fdsu_double   2149.1820     0.7      0.0000     0.0000      0.0000 aq_fdsu_double
x_aq_top_0/x_aq_core/x_aq_vpu_top/x_aq_fdsu_top/x_aq_fdsu_double/x_aq_fdsu_double_dp    130.1580     0.0     77.2380    52.9200      0.0000 aq_fdsu_double_dp
x_aq_top_0/x_aq_core/x_aq_vpu_top/x_aq_fdsu_top/x_aq_fdsu_double/x_aq_fdsu_pack    329.7420     0.1    329.7420     0.0000      0.0000 aq_fdsu_pack
x_aq_top_0/x_aq_core/x_aq_vpu_top/x_aq_fdsu_top/x_aq_fdsu_double/x_aq_fdsu_prepare    502.3620     0.2    502.3620     0.0000      0.0000 aq_fdsu_prepare
x_aq_top_0/x_aq_core/x_aq_vpu_top/x_aq_fdsu_top/x_aq_fdsu_double/x_aq_fdsu_round    455.7420     0.1    445.9140     9.4500      0.0000 aq_fdsu_round
x_aq_top_0/x_aq_core/x_aq_vpu_top/x_aq_fdsu_top/x_aq_fdsu_double/x_aq_fdsu_round/x_ex3_pipe_clk      0.3780     0.0      0.3780     0.0000      0.0000 gated_clk_cell_36
x_aq_top_0/x_aq_core/x_aq_vpu_top/x_aq_fdsu_top/x_aq_fdsu_double/x_aq_fdsu_special     56.0700     0.0     56.0700     0.0000      0.0000 aq_fdsu_special
x_aq_top_0/x_aq_core/x_aq_vpu_top/x_aq_fdsu_top/x_aq_fdsu_double/x_aq_fdsu_srt    675.1080     0.2    669.4380     5.6700      0.0000 aq_fdsu_srt
x_aq_top_0/x_aq_core/x_aq_vpu_top/x_aq_fdsu_top/x_aq_fdsu_scalar_ctrl     64.2600     0.0     41.9580    20.4120      0.0000 aq_fdsu_scalar_ctrl
x_aq_top_0/x_aq_core/x_aq_vpu_top/x_aq_fdsu_top/x_aq_fdsu_scalar_ctrl/x_ex1_pipe_clk      0.3780     0.0      0.3780     0.0000      0.0000 gated_clk_cell_128
x_aq_top_0/x_aq_core/x_aq_vpu_top/x_aq_fdsu_top/x_aq_fdsu_scalar_ctrl/x_ex2_pipe_clk      0.3780     0.0      0.3780     0.0000      0.0000 gated_clk_cell_127
x_aq_top_0/x_aq_core/x_aq_vpu_top/x_aq_fdsu_top/x_aq_fdsu_scalar_ctrl/x_ex4_pipe_clk      0.3780     0.0      0.3780     0.0000      0.0000 gated_clk_cell_125
x_aq_top_0/x_aq_core/x_aq_vpu_top/x_aq_fdsu_top/x_aq_fdsu_scalar_ctrl/x_expnt_rst_clk      0.3780     0.0      0.3780     0.0000      0.0000 gated_clk_cell_126
x_aq_top_0/x_aq_core/x_aq_vpu_top/x_aq_fdsu_top/x_aq_fdsu_scalar_ctrl/x_fdsu_clk      0.3780     0.0      0.3780     0.0000      0.0000 gated_clk_cell_129
x_aq_top_0/x_aq_core/x_aq_vpu_top/x_aq_fdsu_top/x_aq_fdsu_scalar_dp   3157.1820     1.0   1594.1520   848.6100      0.0000 aq_fdsu_scalar_dp
x_aq_top_0/x_aq_core/x_aq_vpu_top/x_aq_fdsu_top/x_aq_fdsu_scalar_dp/x_aq_fdsu_denorm_shift    328.1040     0.1    174.8880     0.0000      0.0000 aq_fdsu_denorm_shift
x_aq_top_0/x_aq_core/x_aq_vpu_top/x_aq_fdsu_top/x_aq_fdsu_scalar_dp/x_aq_fdsu_denorm_shift/aq_fdsu_right_shift_8_0     32.3820     0.0     32.3820     0.0000      0.0000 aq_fdsu_right_shift_6
x_aq_top_0/x_aq_core/x_aq_vpu_top/x_aq_fdsu_top/x_aq_fdsu_scalar_dp/x_aq_fdsu_denorm_shift/aq_fdsu_right_shift_8_1     21.5460     0.0     21.5460     0.0000      0.0000 aq_fdsu_right_shift_5
x_aq_top_0/x_aq_core/x_aq_vpu_top/x_aq_fdsu_top/x_aq_fdsu_scalar_dp/x_aq_fdsu_denorm_shift/aq_fdsu_right_shift_8_2     21.5460     0.0     21.5460     0.0000      0.0000 aq_fdsu_right_shift_4
x_aq_top_0/x_aq_core/x_aq_vpu_top/x_aq_fdsu_top/x_aq_fdsu_scalar_dp/x_aq_fdsu_denorm_shift/aq_fdsu_right_shift_8_3     21.5460     0.0     21.5460     0.0000      0.0000 aq_fdsu_right_shift_3
x_aq_top_0/x_aq_core/x_aq_vpu_top/x_aq_fdsu_top/x_aq_fdsu_scalar_dp/x_aq_fdsu_denorm_shift/aq_fdsu_right_shift_8_4     21.5460     0.0     21.5460     0.0000      0.0000 aq_fdsu_right_shift_2
x_aq_top_0/x_aq_core/x_aq_vpu_top/x_aq_fdsu_top/x_aq_fdsu_scalar_dp/x_aq_fdsu_denorm_shift/aq_fdsu_right_shift_8_5     21.5460     0.0     21.5460     0.0000      0.0000 aq_fdsu_right_shift_1
x_aq_top_0/x_aq_core/x_aq_vpu_top/x_aq_fdsu_top/x_aq_fdsu_scalar_dp/x_aq_fdsu_denorm_shift/aq_fdsu_right_shift_8_6     13.1040     0.0     13.1040     0.0000      0.0000 aq_fdsu_right_shift_0
x_aq_top_0/x_aq_core/x_aq_vpu_top/x_aq_fdsu_top/x_aq_fdsu_scalar_dp/x_aq_left_shift_64    268.7580     0.1    268.7580     0.0000      0.0000 aq_left_shift_64_0
x_aq_top_0/x_aq_core/x_aq_vpu_top/x_aq_fdsu_top/x_aq_fdsu_scalar_dp/x_aq_vdsp_64_bit_ff1    116.4240     0.0     63.3780     0.0000      0.0000 aq_vdsp_64_bit_ff1_0
x_aq_top_0/x_aq_core/x_aq_vpu_top/x_aq_fdsu_top/x_aq_fdsu_scalar_dp/x_aq_vdsp_64_bit_ff1/x_aq_vdsp_8_bit_ff1_0      2.0160     0.0      2.0160     0.0000      0.0000 aq_vdsp_8_bit_ff1_7
x_aq_top_0/x_aq_core/x_aq_vpu_top/x_aq_fdsu_top/x_aq_fdsu_scalar_dp/x_aq_vdsp_64_bit_ff1/x_aq_vdsp_8_bit_ff1_1      7.4340     0.0      7.4340     0.0000      0.0000 aq_vdsp_8_bit_ff1_6
x_aq_top_0/x_aq_core/x_aq_vpu_top/x_aq_fdsu_top/x_aq_fdsu_scalar_dp/x_aq_vdsp_64_bit_ff1/x_aq_vdsp_8_bit_ff1_2      7.0560     0.0      7.0560     0.0000      0.0000 aq_vdsp_8_bit_ff1_5
x_aq_top_0/x_aq_core/x_aq_vpu_top/x_aq_fdsu_top/x_aq_fdsu_scalar_dp/x_aq_vdsp_64_bit_ff1/x_aq_vdsp_8_bit_ff1_3      7.0560     0.0      7.0560     0.0000      0.0000 aq_vdsp_8_bit_ff1_4
x_aq_top_0/x_aq_core/x_aq_vpu_top/x_aq_fdsu_top/x_aq_fdsu_scalar_dp/x_aq_vdsp_64_bit_ff1/x_aq_vdsp_8_bit_ff1_4      7.5600     0.0      7.5600     0.0000      0.0000 aq_vdsp_8_bit_ff1_3
x_aq_top_0/x_aq_core/x_aq_vpu_top/x_aq_fdsu_top/x_aq_fdsu_scalar_dp/x_aq_vdsp_64_bit_ff1/x_aq_vdsp_8_bit_ff1_5      7.5600     0.0      7.5600     0.0000      0.0000 aq_vdsp_8_bit_ff1_2
x_aq_top_0/x_aq_core/x_aq_vpu_top/x_aq_fdsu_top/x_aq_fdsu_scalar_dp/x_aq_vdsp_64_bit_ff1/x_aq_vdsp_8_bit_ff1_6      7.1820     0.0      7.1820     0.0000      0.0000 aq_vdsp_8_bit_ff1_1
x_aq_top_0/x_aq_core/x_aq_vpu_top/x_aq_fdsu_top/x_aq_fdsu_scalar_dp/x_aq_vdsp_64_bit_ff1/x_aq_vdsp_8_bit_ff1_7      7.1820     0.0      7.1820     0.0000      0.0000 aq_vdsp_8_bit_ff1_0
x_aq_top_0/x_aq_core/x_aq_vpu_top/x_aq_fdsu_top/x_aq_fdsu_scalar_dp/x_ex1_ex2_pipe_clk      0.3780     0.0      0.3780     0.0000      0.0000 gated_clk_cell_132
x_aq_top_0/x_aq_core/x_aq_vpu_top/x_aq_fdsu_top/x_aq_fdsu_scalar_dp/x_qt_clk      0.3780     0.0      0.3780     0.0000      0.0000 gated_clk_cell_130
x_aq_top_0/x_aq_core/x_aq_vpu_top/x_aq_fdsu_top/x_aq_fdsu_scalar_dp/x_srt_div_clk      0.3780     0.0      0.3780     0.0000      0.0000 gated_clk_cell_131
x_aq_top_0/x_aq_core/x_aq_vpu_top/x_aq_fspu_top    269.5140     0.1    148.1760   120.9600      0.0000 aq_fspu_top
x_aq_top_0/x_aq_core/x_aq_vpu_top/x_aq_fspu_top/x_ex1_pipe_clk      0.3780     0.0      0.3780     0.0000      0.0000 gated_clk_cell_308
x_aq_top_0/x_aq_core/x_aq_vpu_top/x_aq_vfmau_top  13925.3940     4.3      0.0000     0.0000      0.0000 aq_vfmau_top
x_aq_top_0/x_aq_core/x_aq_vpu_top/x_aq_vfmau_top/x_aq_vfmau_ctrl      6.6780     0.0      6.6780     0.0000      0.0000 aq_vfmau_ctrl
x_aq_top_0/x_aq_core/x_aq_vpu_top/x_aq_vfmau_top/x_aq_vfmau_dp  13918.7160     4.2     64.5120    51.0300      0.0000 aq_vfmau_dp
x_aq_top_0/x_aq_core/x_aq_vpu_top/x_aq_vfmau_top/x_aq_vfmau_dp/x_aq_vfmau_mult  13801.1580     4.2      0.0000     0.0000      0.0000 aq_vfmau_mult
x_aq_top_0/x_aq_core/x_aq_vpu_top/x_aq_vfmau_top/x_aq_vfmau_dp/x_aq_vfmau_mult/x_aq_vfmau_frac_mult   8232.5880     2.5   1117.4940   596.1060      0.0000 aq_vfmau_frac_mult
x_aq_top_0/x_aq_core/x_aq_vpu_top/x_aq_vfmau_top/x_aq_vfmau_dp/x_aq_vfmau_mult/x_aq_vfmau_frac_mult/multiplier_53x26   3309.3900     1.0   1961.8200     0.0000      0.0000 aq_vfmau_multiplier_53x27_partial_0
x_aq_top_0/x_aq_core/x_aq_vpu_top/x_aq_vfmau_top/x_aq_vfmau_dp/x_aq_vfmau_mult/x_aq_vfmau_frac_mult/multiplier_53x26/x_aq_booth_code_54_bit0     80.5140     0.0     80.5140     0.0000      0.0000 booth_code_54_bit_13
x_aq_top_0/x_aq_core/x_aq_vpu_top/x_aq_vfmau_top/x_aq_vfmau_dp/x_aq_vfmau_mult/x_aq_vfmau_frac_mult/multiplier_53x26/x_aq_booth_code_54_bit1    102.6900     0.0    102.6900     0.0000      0.0000 booth_code_54_bit_12
x_aq_top_0/x_aq_core/x_aq_vpu_top/x_aq_vfmau_top/x_aq_vfmau_dp/x_aq_vfmau_mult/x_aq_vfmau_frac_mult/multiplier_53x26/x_aq_booth_code_54_bit10    102.4380     0.0    102.4380     0.0000      0.0000 booth_code_54_bit_3
x_aq_top_0/x_aq_core/x_aq_vpu_top/x_aq_vfmau_top/x_aq_vfmau_dp/x_aq_vfmau_mult/x_aq_vfmau_frac_mult/multiplier_53x26/x_aq_booth_code_54_bit11    101.1780     0.0    101.1780     0.0000      0.0000 booth_code_54_bit_2
x_aq_top_0/x_aq_core/x_aq_vpu_top/x_aq_vfmau_top/x_aq_vfmau_dp/x_aq_vfmau_mult/x_aq_vfmau_frac_mult/multiplier_53x26/x_aq_booth_code_54_bit12     99.4140     0.0     99.4140     0.0000      0.0000 booth_code_54_bit_1
x_aq_top_0/x_aq_core/x_aq_vpu_top/x_aq_vfmau_top/x_aq_vfmau_dp/x_aq_vfmau_mult/x_aq_vfmau_frac_mult/multiplier_53x26/x_aq_booth_code_54_bit13     27.2160     0.0     27.2160     0.0000      0.0000 booth_code_54_bit_0
x_aq_top_0/x_aq_core/x_aq_vpu_top/x_aq_vfmau_top/x_aq_vfmau_dp/x_aq_vfmau_mult/x_aq_vfmau_frac_mult/multiplier_53x26/x_aq_booth_code_54_bit2    103.6980     0.0    103.6980     0.0000      0.0000 booth_code_54_bit_11
x_aq_top_0/x_aq_core/x_aq_vpu_top/x_aq_vfmau_top/x_aq_vfmau_dp/x_aq_vfmau_mult/x_aq_vfmau_frac_mult/multiplier_53x26/x_aq_booth_code_54_bit3    102.6900     0.0    102.6900     0.0000      0.0000 booth_code_54_bit_10
x_aq_top_0/x_aq_core/x_aq_vpu_top/x_aq_vfmau_top/x_aq_vfmau_dp/x_aq_vfmau_mult/x_aq_vfmau_frac_mult/multiplier_53x26/x_aq_booth_code_54_bit4    103.6980     0.0    103.6980     0.0000      0.0000 booth_code_54_bit_9
x_aq_top_0/x_aq_core/x_aq_vpu_top/x_aq_vfmau_top/x_aq_vfmau_dp/x_aq_vfmau_mult/x_aq_vfmau_frac_mult/multiplier_53x26/x_aq_booth_code_54_bit5    103.6980     0.0    103.6980     0.0000      0.0000 booth_code_54_bit_8
x_aq_top_0/x_aq_core/x_aq_vpu_top/x_aq_vfmau_top/x_aq_vfmau_dp/x_aq_vfmau_mult/x_aq_vfmau_frac_mult/multiplier_53x26/x_aq_booth_code_54_bit6    103.0680     0.0    103.0680     0.0000      0.0000 booth_code_54_bit_7
x_aq_top_0/x_aq_core/x_aq_vpu_top/x_aq_vfmau_top/x_aq_vfmau_dp/x_aq_vfmau_mult/x_aq_vfmau_frac_mult/multiplier_53x26/x_aq_booth_code_54_bit7    113.6520     0.0    113.6520     0.0000      0.0000 booth_code_54_bit_6
x_aq_top_0/x_aq_core/x_aq_vpu_top/x_aq_vfmau_top/x_aq_vfmau_dp/x_aq_vfmau_mult/x_aq_vfmau_frac_mult/multiplier_53x26/x_aq_booth_code_54_bit8    102.5640     0.0    102.5640     0.0000      0.0000 booth_code_54_bit_5
x_aq_top_0/x_aq_core/x_aq_vpu_top/x_aq_vfmau_top/x_aq_vfmau_dp/x_aq_vfmau_mult/x_aq_vfmau_frac_mult/multiplier_53x26/x_aq_booth_code_54_bit9    101.0520     0.0    101.0520     0.0000      0.0000 booth_code_54_bit_4
x_aq_top_0/x_aq_core/x_aq_vpu_top/x_aq_vfmau_top/x_aq_vfmau_dp/x_aq_vfmau_mult/x_aq_vfmau_frac_mult/multiplier_53x27   3209.5980     1.0   1854.0900     0.0000      0.0000 aq_vfmau_multiplier_53x27_partial_1
x_aq_top_0/x_aq_core/x_aq_vpu_top/x_aq_vfmau_top/x_aq_vfmau_dp/x_aq_vfmau_mult/x_aq_vfmau_frac_mult/multiplier_53x27/x_aq_booth_code_54_bit0     77.7420     0.0     77.7420     0.0000      0.0000 booth_code_54_bit_27
x_aq_top_0/x_aq_core/x_aq_vpu_top/x_aq_vfmau_top/x_aq_vfmau_dp/x_aq_vfmau_mult/x_aq_vfmau_frac_mult/multiplier_53x27/x_aq_booth_code_54_bit1    102.8160     0.0    102.8160     0.0000      0.0000 booth_code_54_bit_26
x_aq_top_0/x_aq_core/x_aq_vpu_top/x_aq_vfmau_top/x_aq_vfmau_dp/x_aq_vfmau_mult/x_aq_vfmau_frac_mult/multiplier_53x27/x_aq_booth_code_54_bit10    101.3040     0.0    101.3040     0.0000      0.0000 booth_code_54_bit_17
x_aq_top_0/x_aq_core/x_aq_vpu_top/x_aq_vfmau_top/x_aq_vfmau_dp/x_aq_vfmau_mult/x_aq_vfmau_frac_mult/multiplier_53x27/x_aq_booth_code_54_bit11    100.0440     0.0    100.0440     0.0000      0.0000 booth_code_54_bit_16
x_aq_top_0/x_aq_core/x_aq_vpu_top/x_aq_vfmau_top/x_aq_vfmau_dp/x_aq_vfmau_mult/x_aq_vfmau_frac_mult/multiplier_53x27/x_aq_booth_code_54_bit12     98.9100     0.0     98.9100     0.0000      0.0000 booth_code_54_bit_15
x_aq_top_0/x_aq_core/x_aq_vpu_top/x_aq_vfmau_top/x_aq_vfmau_dp/x_aq_vfmau_mult/x_aq_vfmau_frac_mult/multiplier_53x27/x_aq_booth_code_54_bit13     42.3360     0.0     42.3360     0.0000      0.0000 booth_code_54_bit_14
x_aq_top_0/x_aq_core/x_aq_vpu_top/x_aq_vfmau_top/x_aq_vfmau_dp/x_aq_vfmau_mult/x_aq_vfmau_frac_mult/multiplier_53x27/x_aq_booth_code_54_bit2    102.5640     0.0    102.5640     0.0000      0.0000 booth_code_54_bit_25
x_aq_top_0/x_aq_core/x_aq_vpu_top/x_aq_vfmau_top/x_aq_vfmau_dp/x_aq_vfmau_mult/x_aq_vfmau_frac_mult/multiplier_53x27/x_aq_booth_code_54_bit3    100.2960     0.0    100.2960     0.0000      0.0000 booth_code_54_bit_24
x_aq_top_0/x_aq_core/x_aq_vpu_top/x_aq_vfmau_top/x_aq_vfmau_dp/x_aq_vfmau_mult/x_aq_vfmau_frac_mult/multiplier_53x27/x_aq_booth_code_54_bit4    104.2020     0.0    104.2020     0.0000      0.0000 booth_code_54_bit_23
x_aq_top_0/x_aq_core/x_aq_vpu_top/x_aq_vfmau_top/x_aq_vfmau_dp/x_aq_vfmau_mult/x_aq_vfmau_frac_mult/multiplier_53x27/x_aq_booth_code_54_bit5    104.4540     0.0    104.4540     0.0000      0.0000 booth_code_54_bit_22
x_aq_top_0/x_aq_core/x_aq_vpu_top/x_aq_vfmau_top/x_aq_vfmau_dp/x_aq_vfmau_mult/x_aq_vfmau_frac_mult/multiplier_53x27/x_aq_booth_code_54_bit6    100.6740     0.0    100.6740     0.0000      0.0000 booth_code_54_bit_21
x_aq_top_0/x_aq_core/x_aq_vpu_top/x_aq_vfmau_top/x_aq_vfmau_dp/x_aq_vfmau_mult/x_aq_vfmau_frac_mult/multiplier_53x27/x_aq_booth_code_54_bit7    110.8800     0.0    110.8800     0.0000      0.0000 booth_code_54_bit_20
x_aq_top_0/x_aq_core/x_aq_vpu_top/x_aq_vfmau_top/x_aq_vfmau_dp/x_aq_vfmau_mult/x_aq_vfmau_frac_mult/multiplier_53x27/x_aq_booth_code_54_bit8    104.2020     0.0    104.2020     0.0000      0.0000 booth_code_54_bit_19
x_aq_top_0/x_aq_core/x_aq_vpu_top/x_aq_vfmau_top/x_aq_vfmau_dp/x_aq_vfmau_mult/x_aq_vfmau_frac_mult/multiplier_53x27/x_aq_booth_code_54_bit9    105.0840     0.0    105.0840     0.0000      0.0000 booth_code_54_bit_18
x_aq_top_0/x_aq_core/x_aq_vpu_top/x_aq_vfmau_top/x_aq_vfmau_dp/x_aq_vfmau_mult/x_aq_vfmau_mult_double   5568.5700     1.7   2841.8040  1058.4000      0.0000 aq_vfmau_mult_double
x_aq_top_0/x_aq_core/x_aq_vpu_top/x_aq_vfmau_top/x_aq_vfmau_dp/x_aq_vfmau_mult/x_aq_vfmau_mult_double/x_aq_vfmau_frac_shift_double    352.8000     0.1    352.8000     0.0000      0.0000 aq_vfmau_frac_shift_double
x_aq_top_0/x_aq_core/x_aq_vpu_top/x_aq_vfmau_top/x_aq_vfmau_dp/x_aq_vfmau_mult/x_aq_vfmau_mult_double/x_aq_vfmau_lza_double    588.0420     0.2    588.0420     0.0000      0.0000 aq_vfmau_lza_double
x_aq_top_0/x_aq_core/x_aq_vpu_top/x_aq_vfmau_top/x_aq_vfmau_dp/x_aq_vfmau_mult/x_aq_vfmau_mult_double/x_aq_vfmau_special_judge_double    727.5240     0.2    336.2940   391.2300      0.0000 aq_vfmau_special_judge_double
x_aq_top_0/x_aq_core/x_aq_vpu_top/x_aq_vfmau_top/x_aq_vfmau_dp/x_fmau_ex2_data_gated_clk      0.6300     0.0      0.6300     0.0000      0.0000 gated_clk_cell_124
x_aq_top_0/x_aq_core/x_aq_vpu_top/x_aq_vfmau_top/x_aq_vfmau_dp/x_fmau_ex3_data_gated_clk      0.6300     0.0      0.6300     0.0000      0.0000 gated_clk_cell_123
x_aq_top_0/x_aq_core/x_aq_vpu_top/x_aq_vfmau_top/x_aq_vfmau_dp/x_fmau_ex4_data_gated_clk      0.3780     0.0      0.3780     0.0000      0.0000 gated_clk_cell_122
x_aq_top_0/x_aq_core/x_aq_vpu_top/x_aq_vfmau_top/x_aq_vfmau_dp/x_fmau_ex5_data_gated_clk      0.3780     0.0      0.3780     0.0000      0.0000 gated_clk_cell_121
x_aq_top_0/x_aq_core/x_aq_vpu_top/x_aq_vlsu_top   3568.5720     1.1      0.0000     0.0000      0.0000 aq_vlsu_top
x_aq_top_0/x_aq_core/x_aq_vpu_top/x_aq_vlsu_top/x_aq_vlsu_lsu_if   1733.1300     0.5    144.1440    57.8340      0.0000 aq_vlsu_lsu_if
x_aq_top_0/x_aq_core/x_aq_vpu_top/x_aq_vlsu_top/x_aq_vlsu_lsu_if/x_aq_lsu_fof_gated_clk      0.3780     0.0      0.3780     0.0000      0.0000 gated_clk_cell_119
x_aq_top_0/x_aq_core/x_aq_vpu_top/x_aq_vlsu_top/x_aq_vlsu_lsu_if/x_aq_vlsu_data_trans    340.0740     0.1    340.0740     0.0000      0.0000 aq_vlsu_data_trans
x_aq_top_0/x_aq_core/x_aq_vpu_top/x_aq_vlsu_top/x_aq_vlsu_lsu_if/x_aq_vlsu_ld_align_buffer    652.9320     0.2    269.3880   174.7620      0.0000 aq_vlsu_ld_align_buffer
x_aq_top_0/x_aq_core/x_aq_vpu_top/x_aq_vlsu_top/x_aq_vlsu_lsu_if/x_aq_vlsu_ld_align_buffer/x_aq_lsu_align_buffer_data_gated_clk      0.3780     0.0      0.3780     0.0000      0.0000 gated_clk_cell_34
x_aq_top_0/x_aq_core/x_aq_vpu_top/x_aq_vlsu_top/x_aq_vlsu_lsu_if/x_aq_vlsu_ld_align_buffer/x_aq_lsu_align_buffer_gated_clk      0.3780     0.0      0.3780     0.0000      0.0000 gated_clk_cell_35
x_aq_top_0/x_aq_core/x_aq_vpu_top/x_aq_vlsu_top/x_aq_vlsu_lsu_if/x_aq_vlsu_ld_align_buffer/x_aq_lsu_align_buffer_overflow_gated_clk      0.3780     0.0      0.3780     0.0000      0.0000 gated_clk_cell_33
x_aq_top_0/x_aq_core/x_aq_vpu_top/x_aq_vlsu_top/x_aq_vlsu_lsu_if/x_aq_vlsu_ld_align_buffer/x_vlsu_ld_data_rot    207.6480     0.1    207.6480     0.0000      0.0000 aq_vlsu_rot_data_1
x_aq_top_0/x_aq_core/x_aq_vpu_top/x_aq_vlsu_top/x_aq_vlsu_lsu_if/x_aq_vlsu_st_align_buffer    537.3900     0.2    331.6320   147.7980      0.0000 aq_vlsu_st_align_buffer
x_aq_top_0/x_aq_core/x_aq_vpu_top/x_aq_vlsu_top/x_aq_vlsu_lsu_if/x_aq_vlsu_st_align_buffer/x_aq_lsu_align_buffer_data_gated_clk      0.3780     0.0      0.3780     0.0000      0.0000 gated_clk_cell_31
x_aq_top_0/x_aq_core/x_aq_vpu_top/x_aq_vlsu_top/x_aq_vlsu_lsu_if/x_aq_vlsu_st_align_buffer/x_aq_lsu_align_buffer_gated_clk      0.3780     0.0      0.3780     0.0000      0.0000 gated_clk_cell_32
x_aq_top_0/x_aq_core/x_aq_vpu_top/x_aq_vlsu_top/x_aq_vlsu_lsu_if/x_aq_vlsu_st_align_buffer/x_vlsu_st_data_next_rot     57.2040     0.0     57.2040     0.0000      0.0000 aq_vlsu_rot_data_0
x_aq_top_0/x_aq_core/x_aq_vpu_top/x_aq_vlsu_top/x_aq_vlsu_lsu_if/x_aq_vlsu_vtb_reorder_clk      0.3780     0.0      0.3780     0.0000      0.0000 gated_clk_cell_120
x_aq_top_0/x_aq_core/x_aq_vpu_top/x_aq_vlsu_top/x_aq_vlsu_vtb   1835.4420     0.6    562.7160     6.8040      0.0000 aq_vlsu_vtb
x_aq_top_0/x_aq_core/x_aq_vpu_top/x_aq_vlsu_top/x_aq_vlsu_vtb/x_aq_lsu_vlsu_gated_clk      0.3780     0.0      0.3780     0.0000      0.0000 gated_clk_cell_118
x_aq_top_0/x_aq_core/x_aq_vpu_top/x_aq_vlsu_top/x_aq_vlsu_vtb/x_aq_vlsu_vtb_entry_0    350.9100     0.1    185.8500   163.1700      0.0000 aq_vlsu_vtb_entry_3
x_aq_top_0/x_aq_core/x_aq_vpu_top/x_aq_vlsu_top/x_aq_vlsu_vtb/x_aq_vlsu_vtb_entry_0/x_aq_lsu_vtb_entry_data0_gated_clk      0.3780     0.0      0.3780     0.0000      0.0000 gated_clk_cell_29
x_aq_top_0/x_aq_core/x_aq_vpu_top/x_aq_vlsu_top/x_aq_vlsu_vtb/x_aq_vlsu_vtb_entry_0/x_aq_lsu_vtb_entry_data1_gated_clk      0.3780     0.0      0.3780     0.0000      0.0000 gated_clk_cell_28
x_aq_top_0/x_aq_core/x_aq_vpu_top/x_aq_vlsu_top/x_aq_vlsu_vtb/x_aq_vlsu_vtb_entry_0/x_aq_lsu_vtb_entry_data2_gated_clk      0.3780     0.0      0.3780     0.0000      0.0000 gated_clk_cell_27
x_aq_top_0/x_aq_core/x_aq_vpu_top/x_aq_vlsu_top/x_aq_vlsu_vtb/x_aq_vlsu_vtb_entry_0/x_aq_lsu_vtb_entry_data3_gated_clk      0.3780     0.0      0.3780     0.0000      0.0000 gated_clk_cell_26
x_aq_top_0/x_aq_core/x_aq_vpu_top/x_aq_vlsu_top/x_aq_vlsu_vtb/x_aq_vlsu_vtb_entry_0/x_aq_lsu_vtb_entry_gated_clk      0.3780     0.0      0.3780     0.0000      0.0000 gated_clk_cell_30
x_aq_top_0/x_aq_core/x_aq_vpu_top/x_aq_vlsu_top/x_aq_vlsu_vtb/x_aq_vlsu_vtb_entry_1    367.4160     0.1    202.3560   163.1700      0.0000 aq_vlsu_vtb_entry_2
x_aq_top_0/x_aq_core/x_aq_vpu_top/x_aq_vlsu_top/x_aq_vlsu_vtb/x_aq_vlsu_vtb_entry_1/x_aq_lsu_vtb_entry_data0_gated_clk      0.3780     0.0      0.3780     0.0000      0.0000 gated_clk_cell_24
x_aq_top_0/x_aq_core/x_aq_vpu_top/x_aq_vlsu_top/x_aq_vlsu_vtb/x_aq_vlsu_vtb_entry_1/x_aq_lsu_vtb_entry_data1_gated_clk      0.3780     0.0      0.3780     0.0000      0.0000 gated_clk_cell_23
x_aq_top_0/x_aq_core/x_aq_vpu_top/x_aq_vlsu_top/x_aq_vlsu_vtb/x_aq_vlsu_vtb_entry_1/x_aq_lsu_vtb_entry_data2_gated_clk      0.3780     0.0      0.3780     0.0000      0.0000 gated_clk_cell_22
x_aq_top_0/x_aq_core/x_aq_vpu_top/x_aq_vlsu_top/x_aq_vlsu_vtb/x_aq_vlsu_vtb_entry_1/x_aq_lsu_vtb_entry_data3_gated_clk      0.3780     0.0      0.3780     0.0000      0.0000 gated_clk_cell_21
x_aq_top_0/x_aq_core/x_aq_vpu_top/x_aq_vlsu_top/x_aq_vlsu_vtb/x_aq_vlsu_vtb_entry_1/x_aq_lsu_vtb_entry_gated_clk      0.3780     0.0      0.3780     0.0000      0.0000 gated_clk_cell_25
x_aq_top_0/x_aq_core/x_aq_vpu_top/x_aq_vlsu_top/x_aq_vlsu_vtb/x_aq_vlsu_vtb_entry_2    339.8220     0.1    180.4320   157.5000      0.0000 aq_vlsu_vtb_entry_1
x_aq_top_0/x_aq_core/x_aq_vpu_top/x_aq_vlsu_top/x_aq_vlsu_vtb/x_aq_vlsu_vtb_entry_2/x_aq_lsu_vtb_entry_data0_gated_clk      0.3780     0.0      0.3780     0.0000      0.0000 gated_clk_cell_19
x_aq_top_0/x_aq_core/x_aq_vpu_top/x_aq_vlsu_top/x_aq_vlsu_vtb/x_aq_vlsu_vtb_entry_2/x_aq_lsu_vtb_entry_data1_gated_clk      0.3780     0.0      0.3780     0.0000      0.0000 gated_clk_cell_18
x_aq_top_0/x_aq_core/x_aq_vpu_top/x_aq_vlsu_top/x_aq_vlsu_vtb/x_aq_vlsu_vtb_entry_2/x_aq_lsu_vtb_entry_data2_gated_clk      0.3780     0.0      0.3780     0.0000      0.0000 gated_clk_cell_17
x_aq_top_0/x_aq_core/x_aq_vpu_top/x_aq_vlsu_top/x_aq_vlsu_vtb/x_aq_vlsu_vtb_entry_2/x_aq_lsu_vtb_entry_data3_gated_clk      0.3780     0.0      0.3780     0.0000      0.0000 gated_clk_cell_16
x_aq_top_0/x_aq_core/x_aq_vpu_top/x_aq_vlsu_top/x_aq_vlsu_vtb/x_aq_vlsu_vtb_entry_2/x_aq_lsu_vtb_entry_gated_clk      0.3780     0.0      0.3780     0.0000      0.0000 gated_clk_cell_20
x_aq_top_0/x_aq_core/x_aq_vpu_top/x_aq_vlsu_top/x_aq_vlsu_vtb/x_aq_vlsu_vtb_entry_3    207.3960     0.1     84.9240   120.9600      0.0000 aq_vlsu_vtb_entry_0
x_aq_top_0/x_aq_core/x_aq_vpu_top/x_aq_vlsu_top/x_aq_vlsu_vtb/x_aq_vlsu_vtb_entry_3/x_aq_lsu_vtb_entry_data0_gated_clk      0.3780     0.0      0.3780     0.0000      0.0000 gated_clk_cell_14
x_aq_top_0/x_aq_core/x_aq_vpu_top/x_aq_vlsu_top/x_aq_vlsu_vtb/x_aq_vlsu_vtb_entry_3/x_aq_lsu_vtb_entry_data1_gated_clk      0.3780     0.0      0.3780     0.0000      0.0000 gated_clk_cell_13
x_aq_top_0/x_aq_core/x_aq_vpu_top/x_aq_vlsu_top/x_aq_vlsu_vtb/x_aq_vlsu_vtb_entry_3/x_aq_lsu_vtb_entry_data2_gated_clk      0.3780     0.0      0.3780     0.0000      0.0000 gated_clk_cell_12
x_aq_top_0/x_aq_core/x_aq_vpu_top/x_aq_vlsu_top/x_aq_vlsu_vtb/x_aq_vlsu_vtb_entry_3/x_aq_lsu_vtb_entry_data3_gated_clk      0.3780     0.0      0.3780     0.0000      0.0000 gated_clk_cell_11
x_aq_top_0/x_aq_core/x_aq_vpu_top/x_aq_vpu_fwd_wb_rbus    537.1380     0.2    401.8140   134.9460      0.0000 aq_vpu_fwd_wb_rbus
x_aq_top_0/x_aq_core/x_aq_vpu_top/x_aq_vpu_fwd_wb_rbus/x_vpu_rbus_fpr_wb_gated_clk      0.3780     0.0      0.3780     0.0000      0.0000 gated_clk_cell_307
x_aq_top_0/x_aq_core/x_aq_vpu_top/x_aq_vpu_group_0    100.5480     0.0    100.5480     0.0000      0.0000 aq_vpu_group_unit_3
x_aq_top_0/x_aq_core/x_aq_vpu_top/x_aq_vpu_group_1     72.9540     0.0     72.9540     0.0000      0.0000 aq_vpu_group_unit_2
x_aq_top_0/x_aq_core/x_aq_vpu_top/x_aq_vpu_group_2     66.2760     0.0     66.2760     0.0000      0.0000 aq_vpu_group_unit_1
x_aq_top_0/x_aq_core/x_aq_vpu_top/x_aq_vpu_group_3     91.0980     0.0     91.0980     0.0000      0.0000 aq_vpu_group_unit_0
x_aq_top_0/x_aq_core/x_aq_vpu_top/x_aq_vpu_viq0_dp   1427.2020     0.4    548.3520   751.8420      0.0000 aq_vpu_viq_dp
x_aq_top_0/x_aq_core/x_aq_vpu_top/x_aq_vpu_viq0_dp/x_aq_vpu_srcv0_type     40.1940     0.0     40.1940     0.0000      0.0000 aq_vpu_srcv_type_2
x_aq_top_0/x_aq_core/x_aq_vpu_top/x_aq_vpu_viq0_dp/x_aq_vpu_srcv1_type     42.0840     0.0     42.0840     0.0000      0.0000 aq_vpu_srcv_type_1
x_aq_top_0/x_aq_core/x_aq_vpu_top/x_aq_vpu_viq0_dp/x_aq_vpu_srcv2_type     38.0520     0.0     38.0520     0.0000      0.0000 aq_vpu_srcv_type_0
x_aq_top_0/x_aq_core/x_aq_vpu_top/x_aq_vpu_viq0_dp/x_ex1_denormal_clk      0.3780     0.0      0.3780     0.0000      0.0000 gated_clk_cell_294
x_aq_top_0/x_aq_core/x_aq_vpu_top/x_aq_vpu_viq0_dp/x_vpu_ex1_ctrl_gated_clk      0.3780     0.0      0.3780     0.0000      0.0000 gated_clk_cell_306
x_aq_top_0/x_aq_core/x_aq_vpu_top/x_aq_vpu_viq0_dp/x_vpu_ex1_inst_gated_clk      2.1420     0.0      2.1420     0.0000      0.0000 gated_clk_cell_305
x_aq_top_0/x_aq_core/x_aq_vpu_top/x_aq_vpu_viq0_dp/x_vpu_ex1_srcv2_gated_clk      0.3780     0.0      0.3780     0.0000      0.0000 gated_clk_cell_304
x_aq_top_0/x_aq_core/x_aq_vpu_top/x_aq_vpu_viq0_dp/x_vpu_ex2_ctrl_gated_clk      0.3780     0.0      0.3780     0.0000      0.0000 gated_clk_cell_303
x_aq_top_0/x_aq_core/x_aq_vpu_top/x_aq_vpu_viq0_dp/x_vpu_ex2_inst_gated_clk      0.3780     0.0      0.3780     0.0000      0.0000 gated_clk_cell_302
x_aq_top_0/x_aq_core/x_aq_vpu_top/x_aq_vpu_viq0_dp/x_vpu_ex3_ctrl_gated_clk      0.3780     0.0      0.3780     0.0000      0.0000 gated_clk_cell_301
x_aq_top_0/x_aq_core/x_aq_vpu_top/x_aq_vpu_viq0_dp/x_vpu_ex3_inst_gated_clk      0.3780     0.0      0.3780     0.0000      0.0000 gated_clk_cell_300
x_aq_top_0/x_aq_core/x_aq_vpu_top/x_aq_vpu_viq0_dp/x_vpu_ex3_result_gated_clk      0.3780     0.0      0.3780     0.0000      0.0000 gated_clk_cell_299
x_aq_top_0/x_aq_core/x_aq_vpu_top/x_aq_vpu_viq0_dp/x_vpu_ex4_ctrl_gated_clk      0.3780     0.0      0.3780     0.0000      0.0000 gated_clk_cell_298
x_aq_top_0/x_aq_core/x_aq_vpu_top/x_aq_vpu_viq0_dp/x_vpu_ex4_inst_gated_clk      0.3780     0.0      0.3780     0.0000      0.0000 gated_clk_cell_297
x_aq_top_0/x_aq_core/x_aq_vpu_top/x_aq_vpu_viq0_dp/x_vpu_ex5_ctrl_gated_clk      0.3780     0.0      0.3780     0.0000      0.0000 gated_clk_cell_296
x_aq_top_0/x_aq_core/x_aq_vpu_top/x_aq_vpu_viq0_dp/x_vpu_ex5_inst_gated_clk      0.3780     0.0      0.3780     0.0000      0.0000 gated_clk_cell_295
x_aq_top_0/x_aq_cpuio_top             42.3360      0.0      42.3360      0.0000       0.0000  aq_cpuio_top
x_aq_top_0/x_aq_dtu_top            19461.2037      5.9       0.0000      0.0000       0.0000  aq_dtu_top
x_aq_top_0/x_aq_dtu_top/x_aq_dtu_cdc    939.2040     0.3    215.2080   535.2480       0.0000  aq_dtu_cdc
x_aq_top_0/x_aq_dtu_top/x_aq_dtu_cdc/x_aq_dtu_rtu_resume_req_cdc     22.0500     0.0      1.6380    20.4120      0.0000 aq_dtu_cdc_pulse_6
x_aq_top_0/x_aq_dtu_top/x_aq_dtu_cdc/x_aq_dtu_tdt_dm_halted_cdc      6.8040     0.0      0.0000     6.8040      0.0000 aq_dtu_cdc_lvl_1
x_aq_top_0/x_aq_dtu_top/x_aq_dtu_cdc/x_aq_dtu_tdt_dm_havereset_cdc      6.8040     0.0      0.0000     6.8040      0.0000 aq_dtu_cdc_lvl_0
x_aq_top_0/x_aq_dtu_top/x_aq_dtu_cdc/x_aq_dtu_tdt_dm_itr_done_cdc     22.0500     0.0      1.6380    20.4120      0.0000 aq_dtu_cdc_pulse_2
x_aq_top_0/x_aq_dtu_top/x_aq_dtu_cdc/x_aq_dtu_tdt_dm_retire_debug_expt_vld_cdc     22.0500     0.0      1.6380    20.4120      0.0000 aq_dtu_cdc_pulse_1
x_aq_top_0/x_aq_dtu_top/x_aq_dtu_cdc/x_aq_dtu_tdt_dm_wr_ready_cdc     22.0500     0.0      1.6380    20.4120      0.0000 aq_dtu_cdc_pulse_0
x_aq_top_0/x_aq_dtu_top/x_aq_dtu_cdc/x_aq_tdt_dm_dtu_ack_havereset_cdc     22.0500     0.0      1.6380    20.4120      0.0000 aq_dtu_cdc_pulse_5
x_aq_top_0/x_aq_dtu_top/x_aq_dtu_cdc/x_aq_tdt_dm_dtu_async_halt_req_cdc      6.8040     0.0      0.0000     6.8040      0.0000 aq_dtu_cdc_lvl_3
x_aq_top_0/x_aq_dtu_top/x_aq_dtu_cdc/x_aq_tdt_dm_dtu_halt_on_reset_cdc      6.8040     0.0      0.0000     6.8040      0.0000 aq_dtu_cdc_lvl_2
x_aq_top_0/x_aq_dtu_top/x_aq_dtu_cdc/x_aq_tdt_dm_dtu_halt_req_cdc      6.8040     0.0      0.0000     6.8040      0.0000 aq_dtu_cdc_lvl_4
x_aq_top_0/x_aq_dtu_top/x_aq_dtu_cdc/x_aq_tdt_dm_dtu_itr_vld_cdc     22.0500     0.0      1.6380    20.4120      0.0000 aq_dtu_cdc_pulse_4
x_aq_top_0/x_aq_dtu_top/x_aq_dtu_cdc/x_aq_tdt_dm_dtu_wr_vld_cdc     22.0500     0.0      1.6380    20.4120      0.0000 aq_dtu_cdc_pulse_3
x_aq_top_0/x_aq_dtu_top/x_aq_dtu_cdc/x_reg_gated_clk      0.3780     0.0      0.3780     0.0000      0.0000 gated_clk_cell_385
x_aq_top_0/x_aq_dtu_top/x_aq_dtu_ctrl  18521.9997     5.7    569.7720   471.7440      0.0000  aq_dtu_ctrl
x_aq_top_0/x_aq_dtu_top/x_aq_dtu_ctrl/x_aq_dtu_dbginfo    690.6060     0.2    257.0400   433.1880      0.0000 aq_dtu_dbginfo
x_aq_top_0/x_aq_dtu_top/x_aq_dtu_ctrl/x_aq_dtu_dbginfo/x_reg_gated_clk      0.3780     0.0      0.3780     0.0000      0.0000 gated_clk_cell_239
x_aq_top_0/x_aq_dtu_top/x_aq_dtu_ctrl/x_aq_dtu_pcfifo   2726.2619     0.8   1255.9680  1469.6639      0.0000 aq_dtu_pcfifo
x_aq_top_0/x_aq_dtu_top/x_aq_dtu_ctrl/x_aq_dtu_pcfifo/x_reg_gated_clk      0.6300     0.0      0.6300     0.0000      0.0000 gated_clk_cell_240
x_aq_top_0/x_aq_dtu_top/x_aq_dtu_ctrl/x_aq_dtu_trigger_module  14063.2378     4.3     15.6240     0.0000      0.0000 aq_dtu_trigger_module
x_aq_top_0/x_aq_dtu_top/x_aq_dtu_ctrl/x_aq_dtu_trigger_module/x_aq_dtu_m_iie_all  14047.6138     4.3    696.2760   163.2960      0.0000 aq_dtu_m_iie_all
x_aq_top_0/x_aq_dtu_top/x_aq_dtu_ctrl/x_aq_dtu_trigger_module/x_aq_dtu_m_iie_all/x_aq_dtu_iie_trigger_0    333.5220     0.1    163.2960   168.0840      0.0000 aq_dtu_iie_trigger_1
x_aq_top_0/x_aq_dtu_top/x_aq_dtu_ctrl/x_aq_dtu_trigger_module/x_aq_dtu_m_iie_all/x_aq_dtu_iie_trigger_0/x_reg_gated_clk      2.1420     0.0      2.1420     0.0000      0.0000 gated_clk_cell_9
x_aq_top_0/x_aq_dtu_top/x_aq_dtu_ctrl/x_aq_dtu_trigger_module/x_aq_dtu_m_iie_all/x_aq_dtu_iie_trigger_1    331.7580     0.1    163.2960   168.0840      0.0000 aq_dtu_iie_trigger_0
x_aq_top_0/x_aq_dtu_top/x_aq_dtu_ctrl/x_aq_dtu_trigger_module/x_aq_dtu_m_iie_all/x_aq_dtu_iie_trigger_1/x_reg_gated_clk      0.3780     0.0      0.3780     0.0000      0.0000 gated_clk_cell_8
x_aq_top_0/x_aq_dtu_top/x_aq_dtu_ctrl/x_aq_dtu_trigger_module/x_aq_dtu_m_iie_all/x_aq_dtu_mcontrol_output_select  12520.6199     3.8    431.5500   265.3560      0.0000 aq_dtu_mcontrol_output_select
x_aq_top_0/x_aq_dtu_top/x_aq_dtu_ctrl/x_aq_dtu_trigger_module/x_aq_dtu_m_iie_all/x_aq_dtu_mcontrol_output_select/x_aq_dtu_mcontrol_0   1476.4680     0.5   1104.1380   371.9520      0.0000 aq_dtu_mcontrol_7
x_aq_top_0/x_aq_dtu_top/x_aq_dtu_ctrl/x_aq_dtu_trigger_module/x_aq_dtu_m_iie_all/x_aq_dtu_mcontrol_output_select/x_aq_dtu_mcontrol_0/x_reg_gated_clk      0.3780     0.0      0.3780     0.0000      0.0000 gated_clk_cell_7
x_aq_top_0/x_aq_dtu_top/x_aq_dtu_ctrl/x_aq_dtu_trigger_module/x_aq_dtu_m_iie_all/x_aq_dtu_mcontrol_output_select/x_aq_dtu_mcontrol_1   1477.6020     0.5   1105.2720   371.9520      0.0000 aq_dtu_mcontrol_6
x_aq_top_0/x_aq_dtu_top/x_aq_dtu_ctrl/x_aq_dtu_trigger_module/x_aq_dtu_m_iie_all/x_aq_dtu_mcontrol_output_select/x_aq_dtu_mcontrol_1/x_reg_gated_clk      0.3780     0.0      0.3780     0.0000      0.0000 gated_clk_cell_6
x_aq_top_0/x_aq_dtu_top/x_aq_dtu_ctrl/x_aq_dtu_trigger_module/x_aq_dtu_m_iie_all/x_aq_dtu_mcontrol_output_select/x_aq_dtu_mcontrol_2   1477.3500     0.5   1105.0200   371.9520      0.0000 aq_dtu_mcontrol_5
x_aq_top_0/x_aq_dtu_top/x_aq_dtu_ctrl/x_aq_dtu_trigger_module/x_aq_dtu_m_iie_all/x_aq_dtu_mcontrol_output_select/x_aq_dtu_mcontrol_2/x_reg_gated_clk      0.3780     0.0      0.3780     0.0000      0.0000 gated_clk_cell_5
x_aq_top_0/x_aq_dtu_top/x_aq_dtu_ctrl/x_aq_dtu_trigger_module/x_aq_dtu_m_iie_all/x_aq_dtu_mcontrol_output_select/x_aq_dtu_mcontrol_3   1481.1300     0.5   1107.0360   371.9520      0.0000 aq_dtu_mcontrol_4
x_aq_top_0/x_aq_dtu_top/x_aq_dtu_ctrl/x_aq_dtu_trigger_module/x_aq_dtu_m_iie_all/x_aq_dtu_mcontrol_output_select/x_aq_dtu_mcontrol_3/x_reg_gated_clk      2.1420     0.0      2.1420     0.0000      0.0000 gated_clk_cell_4
x_aq_top_0/x_aq_dtu_top/x_aq_dtu_ctrl/x_aq_dtu_trigger_module/x_aq_dtu_m_iie_all/x_aq_dtu_mcontrol_output_select/x_aq_dtu_mcontrol_4   1479.9960     0.5   1105.9020   371.9520      0.0000 aq_dtu_mcontrol_3
x_aq_top_0/x_aq_dtu_top/x_aq_dtu_ctrl/x_aq_dtu_trigger_module/x_aq_dtu_m_iie_all/x_aq_dtu_mcontrol_output_select/x_aq_dtu_mcontrol_4/x_reg_gated_clk      2.1420     0.0      2.1420     0.0000      0.0000 gated_clk_cell_3
x_aq_top_0/x_aq_dtu_top/x_aq_dtu_ctrl/x_aq_dtu_trigger_module/x_aq_dtu_m_iie_all/x_aq_dtu_mcontrol_output_select/x_aq_dtu_mcontrol_5   1481.0040     0.5   1106.9100   371.9520      0.0000 aq_dtu_mcontrol_2
x_aq_top_0/x_aq_dtu_top/x_aq_dtu_ctrl/x_aq_dtu_trigger_module/x_aq_dtu_m_iie_all/x_aq_dtu_mcontrol_output_select/x_aq_dtu_mcontrol_5/x_reg_gated_clk      2.1420     0.0      2.1420     0.0000      0.0000 gated_clk_cell_2
x_aq_top_0/x_aq_dtu_top/x_aq_dtu_ctrl/x_aq_dtu_trigger_module/x_aq_dtu_m_iie_all/x_aq_dtu_mcontrol_output_select/x_aq_dtu_mcontrol_6   1478.4840     0.5   1104.3900   371.9520      0.0000 aq_dtu_mcontrol_1
x_aq_top_0/x_aq_dtu_top/x_aq_dtu_ctrl/x_aq_dtu_trigger_module/x_aq_dtu_m_iie_all/x_aq_dtu_mcontrol_output_select/x_aq_dtu_mcontrol_6/x_reg_gated_clk      2.1420     0.0      2.1420     0.0000      0.0000 gated_clk_cell_1
x_aq_top_0/x_aq_dtu_top/x_aq_dtu_ctrl/x_aq_dtu_trigger_module/x_aq_dtu_m_iie_all/x_aq_dtu_mcontrol_output_select/x_aq_dtu_mcontrol_7   1471.3020     0.4   1099.3500   369.8100      0.0000 aq_dtu_mcontrol_0
x_aq_top_0/x_aq_dtu_top/x_aq_dtu_ctrl/x_aq_dtu_trigger_module/x_aq_dtu_m_iie_all/x_aq_dtu_mcontrol_output_select/x_aq_dtu_mcontrol_7/x_reg_gated_clk      2.1420     0.0      2.1420     0.0000      0.0000 gated_clk_cell_0
x_aq_top_0/x_aq_dtu_top/x_aq_dtu_ctrl/x_aq_dtu_trigger_module/x_aq_dtu_m_iie_all/x_aq_dtu_mcontrol_output_select/x_reg_gated_clk      0.3780     0.0      0.3780     0.0000      0.0000 gated_clk_cell_10
x_aq_top_0/x_aq_dtu_top/x_aq_dtu_ctrl/x_aq_dtu_trigger_module/x_aq_dtu_m_iie_all/x_reg_gated_clk      2.1420     0.0      2.1420     0.0000      0.0000 gated_clk_cell_42
x_aq_top_0/x_aq_dtu_top/x_aq_dtu_ctrl/x_reg_gated_clk      0.3780     0.0      0.3780     0.0000      0.0000 gated_clk_cell_386
x_aq_top_0/x_aq_hpcp_top            5987.0159      1.8    1065.5820    374.2200       0.0000  aq_hpcp_top
x_aq_top_0/x_aq_hpcp_top/x_aq_hpcp_adder_sel_10     19.6560     0.0     19.6560     0.0000      0.0000 aq_hpcp_adder_sel_0
x_aq_top_0/x_aq_hpcp_top/x_aq_hpcp_adder_sel_3     19.6560     0.0     19.6560     0.0000      0.0000 aq_hpcp_adder_sel_7
x_aq_top_0/x_aq_hpcp_top/x_aq_hpcp_adder_sel_4     19.6560     0.0     19.6560     0.0000      0.0000 aq_hpcp_adder_sel_6
x_aq_top_0/x_aq_hpcp_top/x_aq_hpcp_adder_sel_5     19.6560     0.0     19.6560     0.0000      0.0000 aq_hpcp_adder_sel_5
x_aq_top_0/x_aq_hpcp_top/x_aq_hpcp_adder_sel_6     19.6560     0.0     19.6560     0.0000      0.0000 aq_hpcp_adder_sel_4
x_aq_top_0/x_aq_hpcp_top/x_aq_hpcp_adder_sel_7     19.6560     0.0     19.6560     0.0000      0.0000 aq_hpcp_adder_sel_3
x_aq_top_0/x_aq_hpcp_top/x_aq_hpcp_adder_sel_8     19.6560     0.0     19.6560     0.0000      0.0000 aq_hpcp_adder_sel_2
x_aq_top_0/x_aq_hpcp_top/x_aq_hpcp_adder_sel_9     19.6560     0.0     19.6560     0.0000      0.0000 aq_hpcp_adder_sel_1
x_aq_top_0/x_aq_hpcp_top/x_aq_hpcp_cntinten_0      3.1500     0.0      0.8820     2.2680      0.0000 aq_hpcp_cntinten_reg_30
x_aq_top_0/x_aq_hpcp_top/x_aq_hpcp_cntinten_10      3.1500     0.0      0.8820     2.2680      0.0000 aq_hpcp_cntinten_reg_21
x_aq_top_0/x_aq_hpcp_top/x_aq_hpcp_cntinten_11      3.1500     0.0      0.8820     2.2680      0.0000 aq_hpcp_cntinten_reg_20
x_aq_top_0/x_aq_hpcp_top/x_aq_hpcp_cntinten_12      3.1500     0.0      0.8820     2.2680      0.0000 aq_hpcp_cntinten_reg_19
x_aq_top_0/x_aq_hpcp_top/x_aq_hpcp_cntinten_13      3.1500     0.0      0.8820     2.2680      0.0000 aq_hpcp_cntinten_reg_18
x_aq_top_0/x_aq_hpcp_top/x_aq_hpcp_cntinten_14      3.1500     0.0      0.8820     2.2680      0.0000 aq_hpcp_cntinten_reg_17
x_aq_top_0/x_aq_hpcp_top/x_aq_hpcp_cntinten_15      3.1500     0.0      0.8820     2.2680      0.0000 aq_hpcp_cntinten_reg_16
x_aq_top_0/x_aq_hpcp_top/x_aq_hpcp_cntinten_16      3.1500     0.0      0.8820     2.2680      0.0000 aq_hpcp_cntinten_reg_15
x_aq_top_0/x_aq_hpcp_top/x_aq_hpcp_cntinten_17      3.1500     0.0      0.8820     2.2680      0.0000 aq_hpcp_cntinten_reg_14
x_aq_top_0/x_aq_hpcp_top/x_aq_hpcp_cntinten_18      3.1500     0.0      0.8820     2.2680      0.0000 aq_hpcp_cntinten_reg_13
x_aq_top_0/x_aq_hpcp_top/x_aq_hpcp_cntinten_19      3.1500     0.0      0.8820     2.2680      0.0000 aq_hpcp_cntinten_reg_12
x_aq_top_0/x_aq_hpcp_top/x_aq_hpcp_cntinten_2      3.1500     0.0      0.8820     2.2680      0.0000 aq_hpcp_cntinten_reg_29
x_aq_top_0/x_aq_hpcp_top/x_aq_hpcp_cntinten_20      3.1500     0.0      0.8820     2.2680      0.0000 aq_hpcp_cntinten_reg_11
x_aq_top_0/x_aq_hpcp_top/x_aq_hpcp_cntinten_21      3.1500     0.0      0.8820     2.2680      0.0000 aq_hpcp_cntinten_reg_10
x_aq_top_0/x_aq_hpcp_top/x_aq_hpcp_cntinten_22      3.1500     0.0      0.8820     2.2680      0.0000 aq_hpcp_cntinten_reg_9
x_aq_top_0/x_aq_hpcp_top/x_aq_hpcp_cntinten_23      3.1500     0.0      0.8820     2.2680      0.0000 aq_hpcp_cntinten_reg_8
x_aq_top_0/x_aq_hpcp_top/x_aq_hpcp_cntinten_24      3.1500     0.0      0.8820     2.2680      0.0000 aq_hpcp_cntinten_reg_7
x_aq_top_0/x_aq_hpcp_top/x_aq_hpcp_cntinten_25      3.1500     0.0      0.8820     2.2680      0.0000 aq_hpcp_cntinten_reg_6
x_aq_top_0/x_aq_hpcp_top/x_aq_hpcp_cntinten_26      3.1500     0.0      0.8820     2.2680      0.0000 aq_hpcp_cntinten_reg_5
x_aq_top_0/x_aq_hpcp_top/x_aq_hpcp_cntinten_27      3.1500     0.0      0.8820     2.2680      0.0000 aq_hpcp_cntinten_reg_4
x_aq_top_0/x_aq_hpcp_top/x_aq_hpcp_cntinten_28      3.1500     0.0      0.8820     2.2680      0.0000 aq_hpcp_cntinten_reg_3
x_aq_top_0/x_aq_hpcp_top/x_aq_hpcp_cntinten_29      3.1500     0.0      0.8820     2.2680      0.0000 aq_hpcp_cntinten_reg_2
x_aq_top_0/x_aq_hpcp_top/x_aq_hpcp_cntinten_3      3.1500     0.0      0.8820     2.2680      0.0000 aq_hpcp_cntinten_reg_28
x_aq_top_0/x_aq_hpcp_top/x_aq_hpcp_cntinten_30      3.1500     0.0      0.8820     2.2680      0.0000 aq_hpcp_cntinten_reg_1
x_aq_top_0/x_aq_hpcp_top/x_aq_hpcp_cntinten_31      3.1500     0.0      0.8820     2.2680      0.0000 aq_hpcp_cntinten_reg_0
x_aq_top_0/x_aq_hpcp_top/x_aq_hpcp_cntinten_4      3.1500     0.0      0.8820     2.2680      0.0000 aq_hpcp_cntinten_reg_27
x_aq_top_0/x_aq_hpcp_top/x_aq_hpcp_cntinten_5      3.1500     0.0      0.8820     2.2680      0.0000 aq_hpcp_cntinten_reg_26
x_aq_top_0/x_aq_hpcp_top/x_aq_hpcp_cntinten_6      3.1500     0.0      0.8820     2.2680      0.0000 aq_hpcp_cntinten_reg_25
x_aq_top_0/x_aq_hpcp_top/x_aq_hpcp_cntinten_7      3.1500     0.0      0.8820     2.2680      0.0000 aq_hpcp_cntinten_reg_24
x_aq_top_0/x_aq_hpcp_top/x_aq_hpcp_cntinten_8      3.1500     0.0      0.8820     2.2680      0.0000 aq_hpcp_cntinten_reg_23
x_aq_top_0/x_aq_hpcp_top/x_aq_hpcp_cntinten_9      3.1500     0.0      0.8820     2.2680      0.0000 aq_hpcp_cntinten_reg_22
x_aq_top_0/x_aq_hpcp_top/x_aq_hpcp_cntof_0      3.5280     0.0      1.2600     2.2680      0.0000 aq_hpcp_cntof_reg_30
x_aq_top_0/x_aq_hpcp_top/x_aq_hpcp_cntof_10      3.5280     0.0      1.2600     2.2680      0.0000 aq_hpcp_cntof_reg_21
x_aq_top_0/x_aq_hpcp_top/x_aq_hpcp_cntof_11      3.1500     0.0      0.8820     2.2680      0.0000 aq_hpcp_cntof_reg_20
x_aq_top_0/x_aq_hpcp_top/x_aq_hpcp_cntof_12      3.1500     0.0      0.8820     2.2680      0.0000 aq_hpcp_cntof_reg_19
x_aq_top_0/x_aq_hpcp_top/x_aq_hpcp_cntof_13      3.1500     0.0      0.8820     2.2680      0.0000 aq_hpcp_cntof_reg_18
x_aq_top_0/x_aq_hpcp_top/x_aq_hpcp_cntof_14      3.1500     0.0      0.8820     2.2680      0.0000 aq_hpcp_cntof_reg_17
x_aq_top_0/x_aq_hpcp_top/x_aq_hpcp_cntof_15      3.1500     0.0      0.8820     2.2680      0.0000 aq_hpcp_cntof_reg_16
x_aq_top_0/x_aq_hpcp_top/x_aq_hpcp_cntof_16      3.1500     0.0      0.8820     2.2680      0.0000 aq_hpcp_cntof_reg_15
x_aq_top_0/x_aq_hpcp_top/x_aq_hpcp_cntof_17      3.1500     0.0      0.8820     2.2680      0.0000 aq_hpcp_cntof_reg_14
x_aq_top_0/x_aq_hpcp_top/x_aq_hpcp_cntof_18      3.1500     0.0      0.8820     2.2680      0.0000 aq_hpcp_cntof_reg_13
x_aq_top_0/x_aq_hpcp_top/x_aq_hpcp_cntof_19      3.1500     0.0      0.8820     2.2680      0.0000 aq_hpcp_cntof_reg_12
x_aq_top_0/x_aq_hpcp_top/x_aq_hpcp_cntof_2      3.5280     0.0      1.2600     2.2680      0.0000 aq_hpcp_cntof_reg_29
x_aq_top_0/x_aq_hpcp_top/x_aq_hpcp_cntof_20      3.1500     0.0      0.8820     2.2680      0.0000 aq_hpcp_cntof_reg_11
x_aq_top_0/x_aq_hpcp_top/x_aq_hpcp_cntof_21      3.1500     0.0      0.8820     2.2680      0.0000 aq_hpcp_cntof_reg_10
x_aq_top_0/x_aq_hpcp_top/x_aq_hpcp_cntof_22      3.1500     0.0      0.8820     2.2680      0.0000 aq_hpcp_cntof_reg_9
x_aq_top_0/x_aq_hpcp_top/x_aq_hpcp_cntof_23      3.1500     0.0      0.8820     2.2680      0.0000 aq_hpcp_cntof_reg_8
x_aq_top_0/x_aq_hpcp_top/x_aq_hpcp_cntof_24      3.1500     0.0      0.8820     2.2680      0.0000 aq_hpcp_cntof_reg_7
x_aq_top_0/x_aq_hpcp_top/x_aq_hpcp_cntof_25      3.1500     0.0      0.8820     2.2680      0.0000 aq_hpcp_cntof_reg_6
x_aq_top_0/x_aq_hpcp_top/x_aq_hpcp_cntof_26      3.1500     0.0      0.8820     2.2680      0.0000 aq_hpcp_cntof_reg_5
x_aq_top_0/x_aq_hpcp_top/x_aq_hpcp_cntof_27      3.1500     0.0      0.8820     2.2680      0.0000 aq_hpcp_cntof_reg_4
x_aq_top_0/x_aq_hpcp_top/x_aq_hpcp_cntof_28      3.1500     0.0      0.8820     2.2680      0.0000 aq_hpcp_cntof_reg_3
x_aq_top_0/x_aq_hpcp_top/x_aq_hpcp_cntof_29      3.1500     0.0      0.8820     2.2680      0.0000 aq_hpcp_cntof_reg_2
x_aq_top_0/x_aq_hpcp_top/x_aq_hpcp_cntof_3      3.5280     0.0      1.2600     2.2680      0.0000 aq_hpcp_cntof_reg_28
x_aq_top_0/x_aq_hpcp_top/x_aq_hpcp_cntof_30      3.1500     0.0      0.8820     2.2680      0.0000 aq_hpcp_cntof_reg_1
x_aq_top_0/x_aq_hpcp_top/x_aq_hpcp_cntof_31      3.1500     0.0      0.8820     2.2680      0.0000 aq_hpcp_cntof_reg_0
x_aq_top_0/x_aq_hpcp_top/x_aq_hpcp_cntof_4      3.5280     0.0      1.2600     2.2680      0.0000 aq_hpcp_cntof_reg_27
x_aq_top_0/x_aq_hpcp_top/x_aq_hpcp_cntof_5      3.5280     0.0      1.2600     2.2680      0.0000 aq_hpcp_cntof_reg_26
x_aq_top_0/x_aq_hpcp_top/x_aq_hpcp_cntof_6      3.5280     0.0      1.2600     2.2680      0.0000 aq_hpcp_cntof_reg_25
x_aq_top_0/x_aq_hpcp_top/x_aq_hpcp_cntof_7      3.5280     0.0      1.2600     2.2680      0.0000 aq_hpcp_cntof_reg_24
x_aq_top_0/x_aq_hpcp_top/x_aq_hpcp_cntof_8      3.5280     0.0      1.2600     2.2680      0.0000 aq_hpcp_cntof_reg_23
x_aq_top_0/x_aq_hpcp_top/x_aq_hpcp_cntof_9      3.5280     0.0      1.2600     2.2680      0.0000 aq_hpcp_cntof_reg_22
x_aq_top_0/x_aq_hpcp_top/x_hpcp_gated_clk      2.1420     0.0      2.1420     0.0000      0.0000 gated_clk_cell_433
x_aq_top_0/x_aq_hpcp_top/x_hpcp_mcycle    395.3880     0.1    243.0540   151.9560      0.0000 aq_hpcp_cnt_9
x_aq_top_0/x_aq_hpcp_top/x_hpcp_mcycle/x_gated_clk      0.3780     0.0      0.3780     0.0000      0.0000 gated_clk_cell_376
x_aq_top_0/x_aq_hpcp_top/x_hpcp_mhpmcnt10    394.3800     0.1    242.0460   151.9560      0.0000 aq_hpcp_cnt_0
x_aq_top_0/x_aq_hpcp_top/x_hpcp_mhpmcnt10/x_gated_clk      0.3780     0.0      0.3780     0.0000      0.0000 gated_clk_cell_367
x_aq_top_0/x_aq_hpcp_top/x_hpcp_mhpmcnt3    353.0520     0.1    200.7180   151.9560      0.0000 aq_hpcp_cnt_7
x_aq_top_0/x_aq_hpcp_top/x_hpcp_mhpmcnt3/x_gated_clk      0.3780     0.0      0.3780     0.0000      0.0000 gated_clk_cell_374
x_aq_top_0/x_aq_hpcp_top/x_hpcp_mhpmcnt4    394.8840     0.1    242.5500   151.9560      0.0000 aq_hpcp_cnt_6
x_aq_top_0/x_aq_hpcp_top/x_hpcp_mhpmcnt4/x_gated_clk      0.3780     0.0      0.3780     0.0000      0.0000 gated_clk_cell_373
x_aq_top_0/x_aq_hpcp_top/x_hpcp_mhpmcnt5    398.5380     0.1    246.2040   151.9560      0.0000 aq_hpcp_cnt_5
x_aq_top_0/x_aq_hpcp_top/x_hpcp_mhpmcnt5/x_gated_clk      0.3780     0.0      0.3780     0.0000      0.0000 gated_clk_cell_372
x_aq_top_0/x_aq_hpcp_top/x_hpcp_mhpmcnt6    394.8840     0.1    242.5500   151.9560      0.0000 aq_hpcp_cnt_4
x_aq_top_0/x_aq_hpcp_top/x_hpcp_mhpmcnt6/x_gated_clk      0.3780     0.0      0.3780     0.0000      0.0000 gated_clk_cell_371
x_aq_top_0/x_aq_hpcp_top/x_hpcp_mhpmcnt7    398.5380     0.1    246.2040   151.9560      0.0000 aq_hpcp_cnt_3
x_aq_top_0/x_aq_hpcp_top/x_hpcp_mhpmcnt7/x_gated_clk      0.3780     0.0      0.3780     0.0000      0.0000 gated_clk_cell_370
x_aq_top_0/x_aq_hpcp_top/x_hpcp_mhpmcnt8    391.8600     0.1    239.5260   151.9560      0.0000 aq_hpcp_cnt_2
x_aq_top_0/x_aq_hpcp_top/x_hpcp_mhpmcnt8/x_gated_clk      0.3780     0.0      0.3780     0.0000      0.0000 gated_clk_cell_369
x_aq_top_0/x_aq_hpcp_top/x_hpcp_mhpmcnt9    399.2940     0.1    246.9600   151.9560      0.0000 aq_hpcp_cnt_1
x_aq_top_0/x_aq_hpcp_top/x_hpcp_mhpmcnt9/x_gated_clk      0.3780     0.0      0.3780     0.0000      0.0000 gated_clk_cell_368
x_aq_top_0/x_aq_hpcp_top/x_hpcp_mhpmevent10     34.0200     0.0     20.0340    13.6080      0.0000 aq_hpcp_event_0
x_aq_top_0/x_aq_hpcp_top/x_hpcp_mhpmevent10/x_gated_clk      0.3780     0.0      0.3780     0.0000      0.0000 gated_clk_cell_377
x_aq_top_0/x_aq_hpcp_top/x_hpcp_mhpmevent3     34.0200     0.0     20.0340    13.6080      0.0000 aq_hpcp_event_7
x_aq_top_0/x_aq_hpcp_top/x_hpcp_mhpmevent3/x_gated_clk      0.3780     0.0      0.3780     0.0000      0.0000 gated_clk_cell_384
x_aq_top_0/x_aq_hpcp_top/x_hpcp_mhpmevent4     34.0200     0.0     20.0340    13.6080      0.0000 aq_hpcp_event_6
x_aq_top_0/x_aq_hpcp_top/x_hpcp_mhpmevent4/x_gated_clk      0.3780     0.0      0.3780     0.0000      0.0000 gated_clk_cell_383
x_aq_top_0/x_aq_hpcp_top/x_hpcp_mhpmevent5     34.0200     0.0     20.0340    13.6080      0.0000 aq_hpcp_event_5
x_aq_top_0/x_aq_hpcp_top/x_hpcp_mhpmevent5/x_gated_clk      0.3780     0.0      0.3780     0.0000      0.0000 gated_clk_cell_382
x_aq_top_0/x_aq_hpcp_top/x_hpcp_mhpmevent6     34.0200     0.0     20.0340    13.6080      0.0000 aq_hpcp_event_4
x_aq_top_0/x_aq_hpcp_top/x_hpcp_mhpmevent6/x_gated_clk      0.3780     0.0      0.3780     0.0000      0.0000 gated_clk_cell_381
x_aq_top_0/x_aq_hpcp_top/x_hpcp_mhpmevent7     34.0200     0.0     20.0340    13.6080      0.0000 aq_hpcp_event_3
x_aq_top_0/x_aq_hpcp_top/x_hpcp_mhpmevent7/x_gated_clk      0.3780     0.0      0.3780     0.0000      0.0000 gated_clk_cell_380
x_aq_top_0/x_aq_hpcp_top/x_hpcp_mhpmevent8     34.0200     0.0     20.0340    13.6080      0.0000 aq_hpcp_event_2
x_aq_top_0/x_aq_hpcp_top/x_hpcp_mhpmevent8/x_gated_clk      0.3780     0.0      0.3780     0.0000      0.0000 gated_clk_cell_379
x_aq_top_0/x_aq_hpcp_top/x_hpcp_mhpmevent9     34.0200     0.0     20.0340    13.6080      0.0000 aq_hpcp_event_1
x_aq_top_0/x_aq_hpcp_top/x_hpcp_mhpmevent9/x_gated_clk      0.3780     0.0      0.3780     0.0000      0.0000 gated_clk_cell_378
x_aq_top_0/x_aq_hpcp_top/x_hpcp_minstret    395.7660     0.1    243.4320   151.9560      0.0000 aq_hpcp_cnt_8
x_aq_top_0/x_aq_hpcp_top/x_hpcp_minstret/x_gated_clk      0.3780     0.0      0.3780     0.0000      0.0000 gated_clk_cell_375
x_aq_top_0/x_aq_mmu_top            15682.4796      4.8       1.0080      0.0000       0.0000  aq_mmu_top
x_aq_top_0/x_aq_mmu_top/x_aq_mmu_arb    196.0560     0.1    184.3380    11.3400       0.0000  aq_mmu_arb
x_aq_top_0/x_aq_mmu_top/x_aq_mmu_arb/x_jtlb_arb_gateclk      0.3780     0.0      0.3780     0.0000      0.0000 gated_clk_cell_389
x_aq_top_0/x_aq_mmu_top/x_aq_mmu_jtlb   7431.1178     2.3    539.2800   598.7520      0.0000  aq_mmu_jtlb
x_aq_top_0/x_aq_mmu_top/x_aq_mmu_jtlb/x_aq_mmu_jtlb_data_array   3000.9619     0.9      1.6380     0.0000      0.0000 aq_mmu_jtlb_data_array
x_aq_top_0/x_aq_mmu_top/x_aq_mmu_jtlb/x_aq_mmu_jtlb_data_array/x_aq_spsram_64x88   2998.9459     0.9      0.0000     0.0000      0.0000 aq_spsram_64x88
x_aq_top_0/x_aq_mmu_top/x_aq_mmu_jtlb/x_aq_mmu_jtlb_data_array/x_aq_spsram_64x88/x_aq_f_spsram_64x88   2998.9459     0.9      0.0000     0.0000      0.0000 aq_f_spsram_64x88
x_aq_top_0/x_aq_mmu_top/x_aq_mmu_jtlb/x_aq_mmu_jtlb_data_array/x_aq_spsram_64x88/x_aq_f_spsram_64x88/u_mem   2998.9459     0.9      0.5040     0.0000   2998.4419 aq_umc_spsram_64x88
x_aq_top_0/x_aq_mmu_top/x_aq_mmu_jtlb/x_aq_mmu_jtlb_data_array/x_jtlb_data_gateclk      0.3780     0.0      0.3780     0.0000      0.0000 gated_clk_cell_241
x_aq_top_0/x_aq_mmu_top/x_aq_mmu_jtlb/x_aq_mmu_jtlb_tag_array   3291.6199     1.0      1.8900     0.0000      0.0000 aq_mmu_jtlb_tag_array
x_aq_top_0/x_aq_mmu_top/x_aq_mmu_jtlb/x_aq_mmu_jtlb_tag_array/x_aq_spsram_64x98   3289.3519     1.0      0.0000     0.0000      0.0000 aq_spsram_64x98
x_aq_top_0/x_aq_mmu_top/x_aq_mmu_jtlb/x_aq_mmu_jtlb_tag_array/x_aq_spsram_64x98/x_aq_f_spsram_64x98   3289.3519     1.0      0.0000     0.0000      0.0000 aq_f_spsram_64x98
x_aq_top_0/x_aq_mmu_top/x_aq_mmu_jtlb/x_aq_mmu_jtlb_tag_array/x_aq_spsram_64x98/x_aq_f_spsram_64x98/u_mem   3289.3519     1.0      0.5040     0.0000   3288.8479 aq_umc_spsram_64x98
x_aq_top_0/x_aq_mmu_top/x_aq_mmu_jtlb/x_aq_mmu_jtlb_tag_array/x_jtlb_tag_gateclk      0.3780     0.0      0.3780     0.0000      0.0000 gated_clk_cell_242
x_aq_top_0/x_aq_mmu_top/x_aq_mmu_jtlb/x_jtlb_gateclk      0.5040     0.0      0.5040     0.0000      0.0000 gated_clk_cell_388
x_aq_top_0/x_aq_mmu_top/x_aq_mmu_ptw    684.9360     0.2    391.6080   292.9500       0.0000  aq_mmu_ptw
x_aq_top_0/x_aq_mmu_top/x_aq_mmu_ptw/x_ptw_gateclk      0.3780     0.0      0.3780     0.0000      0.0000 gated_clk_cell_387
x_aq_top_0/x_aq_mmu_top/x_aq_mmu_regs    542.3040     0.2    256.6620   283.5000      0.0000  aq_mmu_regs
x_aq_top_0/x_aq_mmu_top/x_aq_mmu_regs/x_mmu_regs_gateclk      2.1420     0.0      2.1420     0.0000      0.0000 gated_clk_cell_391
x_aq_top_0/x_aq_mmu_top/x_aq_mmu_sysmap     28.8540     0.0     23.5620     0.0000      0.0000 aq_mmu_sysmap
x_aq_top_0/x_aq_mmu_top/x_aq_mmu_sysmap/x_aq_mmu_sysmap_hit_0      0.2520     0.0      0.2520     0.0000      0.0000 aq_mmu_sysmap_hit_7
x_aq_top_0/x_aq_mmu_top/x_aq_mmu_sysmap/x_aq_mmu_sysmap_hit_1      0.7560     0.0      0.7560     0.0000      0.0000 aq_mmu_sysmap_hit_6
x_aq_top_0/x_aq_mmu_top/x_aq_mmu_sysmap/x_aq_mmu_sysmap_hit_2      0.7560     0.0      0.7560     0.0000      0.0000 aq_mmu_sysmap_hit_5
x_aq_top_0/x_aq_mmu_top/x_aq_mmu_sysmap/x_aq_mmu_sysmap_hit_3      0.7560     0.0      0.7560     0.0000      0.0000 aq_mmu_sysmap_hit_4
x_aq_top_0/x_aq_mmu_top/x_aq_mmu_sysmap/x_aq_mmu_sysmap_hit_4      0.7560     0.0      0.7560     0.0000      0.0000 aq_mmu_sysmap_hit_3
x_aq_top_0/x_aq_mmu_top/x_aq_mmu_sysmap/x_aq_mmu_sysmap_hit_5      0.7560     0.0      0.7560     0.0000      0.0000 aq_mmu_sysmap_hit_2
x_aq_top_0/x_aq_mmu_top/x_aq_mmu_sysmap/x_aq_mmu_sysmap_hit_6      0.7560     0.0      0.7560     0.0000      0.0000 aq_mmu_sysmap_hit_1
x_aq_top_0/x_aq_mmu_top/x_aq_mmu_sysmap/x_aq_mmu_sysmap_hit_7      0.5040     0.0      0.5040     0.0000      0.0000 aq_mmu_sysmap_hit_0
x_aq_top_0/x_aq_mmu_top/x_aq_mmu_tlboper    238.1400     0.1    178.7940    58.9680      0.0000 aq_mmu_tlboper
x_aq_top_0/x_aq_mmu_top/x_aq_mmu_tlboper/x_tlboper_gateclk      0.3780     0.0      0.3780     0.0000      0.0000 gated_clk_cell_390
x_aq_top_0/x_aq_mmu_top/x_aq_mmu_utlb_top   6559.6859     2.0      2.0160     0.0000      0.0000 aq_mmu_utlb_top
x_aq_top_0/x_aq_mmu_top/x_aq_mmu_utlb_top/x_aq_mmu_dutlb   3295.5299     1.0    298.9980   136.0800      0.0000 aq_mmu_utlb_0
x_aq_top_0/x_aq_mmu_top/x_aq_mmu_utlb_top/x_aq_mmu_dutlb/x_aq_mmu_plru    107.8560     0.0     68.9220    38.5560      0.0000 aq_mmu_plru_0
x_aq_top_0/x_aq_mmu_top/x_aq_mmu_utlb_top/x_aq_mmu_dutlb/x_aq_mmu_plru/x_plru_gateclk      0.3780     0.0      0.3780     0.0000      0.0000 gated_clk_cell_43
x_aq_top_0/x_aq_mmu_top/x_aq_mmu_utlb_top/x_aq_mmu_dutlb/x_aq_mmu_utlb_entry0    275.1840     0.1    109.2420   165.5640      0.0000 aq_mmu_utlb_entry_9
x_aq_top_0/x_aq_mmu_top/x_aq_mmu_utlb_top/x_aq_mmu_dutlb/x_aq_mmu_utlb_entry0/x_utlb_entry_gateclk      0.3780     0.0      0.3780     0.0000      0.0000 gated_clk_cell_53
x_aq_top_0/x_aq_mmu_top/x_aq_mmu_utlb_top/x_aq_mmu_dutlb/x_aq_mmu_utlb_entry1    275.4360     0.1    109.4940   165.5640      0.0000 aq_mmu_utlb_entry_8
x_aq_top_0/x_aq_mmu_top/x_aq_mmu_utlb_top/x_aq_mmu_dutlb/x_aq_mmu_utlb_entry1/x_utlb_entry_gateclk      0.3780     0.0      0.3780     0.0000      0.0000 gated_clk_cell_52
x_aq_top_0/x_aq_mmu_top/x_aq_mmu_utlb_top/x_aq_mmu_dutlb/x_aq_mmu_utlb_entry2    275.1840     0.1    109.2420   165.5640      0.0000 aq_mmu_utlb_entry_7
x_aq_top_0/x_aq_mmu_top/x_aq_mmu_utlb_top/x_aq_mmu_dutlb/x_aq_mmu_utlb_entry2/x_utlb_entry_gateclk      0.3780     0.0      0.3780     0.0000      0.0000 gated_clk_cell_51
x_aq_top_0/x_aq_mmu_top/x_aq_mmu_utlb_top/x_aq_mmu_dutlb/x_aq_mmu_utlb_entry3    275.0580     0.1    109.1160   165.5640      0.0000 aq_mmu_utlb_entry_6
x_aq_top_0/x_aq_mmu_top/x_aq_mmu_utlb_top/x_aq_mmu_dutlb/x_aq_mmu_utlb_entry3/x_utlb_entry_gateclk      0.3780     0.0      0.3780     0.0000      0.0000 gated_clk_cell_50
x_aq_top_0/x_aq_mmu_top/x_aq_mmu_utlb_top/x_aq_mmu_dutlb/x_aq_mmu_utlb_entry4    275.0580     0.1    109.1160   165.5640      0.0000 aq_mmu_utlb_entry_5
x_aq_top_0/x_aq_mmu_top/x_aq_mmu_utlb_top/x_aq_mmu_dutlb/x_aq_mmu_utlb_entry4/x_utlb_entry_gateclk      0.3780     0.0      0.3780     0.0000      0.0000 gated_clk_cell_49
x_aq_top_0/x_aq_mmu_top/x_aq_mmu_utlb_top/x_aq_mmu_dutlb/x_aq_mmu_utlb_entry5    275.1840     0.1    109.2420   165.5640      0.0000 aq_mmu_utlb_entry_4
x_aq_top_0/x_aq_mmu_top/x_aq_mmu_utlb_top/x_aq_mmu_dutlb/x_aq_mmu_utlb_entry5/x_utlb_entry_gateclk      0.3780     0.0      0.3780     0.0000      0.0000 gated_clk_cell_48
x_aq_top_0/x_aq_mmu_top/x_aq_mmu_utlb_top/x_aq_mmu_dutlb/x_aq_mmu_utlb_entry6    275.1840     0.1    109.2420   165.5640      0.0000 aq_mmu_utlb_entry_3
x_aq_top_0/x_aq_mmu_top/x_aq_mmu_utlb_top/x_aq_mmu_dutlb/x_aq_mmu_utlb_entry6/x_utlb_entry_gateclk      0.3780     0.0      0.3780     0.0000      0.0000 gated_clk_cell_47
x_aq_top_0/x_aq_mmu_top/x_aq_mmu_utlb_top/x_aq_mmu_dutlb/x_aq_mmu_utlb_entry7    274.9320     0.1    108.9900   165.5640      0.0000 aq_mmu_utlb_entry_2
x_aq_top_0/x_aq_mmu_top/x_aq_mmu_utlb_top/x_aq_mmu_dutlb/x_aq_mmu_utlb_entry7/x_utlb_entry_gateclk      0.3780     0.0      0.3780     0.0000      0.0000 gated_clk_cell_46
x_aq_top_0/x_aq_mmu_top/x_aq_mmu_utlb_top/x_aq_mmu_dutlb/x_aq_mmu_utlb_entry8    275.3100     0.1    109.3680   165.5640      0.0000 aq_mmu_utlb_entry_1
x_aq_top_0/x_aq_mmu_top/x_aq_mmu_utlb_top/x_aq_mmu_dutlb/x_aq_mmu_utlb_entry8/x_utlb_entry_gateclk      0.3780     0.0      0.3780     0.0000      0.0000 gated_clk_cell_45
x_aq_top_0/x_aq_mmu_top/x_aq_mmu_utlb_top/x_aq_mmu_dutlb/x_aq_mmu_utlb_entry9    275.3100     0.1    109.3680   165.5640      0.0000 aq_mmu_utlb_entry_0
x_aq_top_0/x_aq_mmu_top/x_aq_mmu_utlb_top/x_aq_mmu_dutlb/x_aq_mmu_utlb_entry9/x_utlb_entry_gateclk      0.3780     0.0      0.3780     0.0000      0.0000 gated_clk_cell_44
x_aq_top_0/x_aq_mmu_top/x_aq_mmu_utlb_top/x_aq_mmu_dutlb/x_utlb_gateclk      0.3780     0.0      0.3780     0.0000      0.0000 gated_clk_cell_244
x_aq_top_0/x_aq_mmu_top/x_aq_mmu_utlb_top/x_aq_mmu_dutlb/x_utlb_plru_gateclk      0.3780     0.0      0.3780     0.0000      0.0000 gated_clk_cell_243
x_aq_top_0/x_aq_mmu_top/x_aq_mmu_utlb_top/x_aq_mmu_iutlb   3262.1399     1.0    287.5320   133.8120      0.0000 aq_mmu_utlb_1
x_aq_top_0/x_aq_mmu_top/x_aq_mmu_utlb_top/x_aq_mmu_iutlb/x_aq_mmu_plru    107.8560     0.0     68.9220    38.5560      0.0000 aq_mmu_plru_1
x_aq_top_0/x_aq_mmu_top/x_aq_mmu_utlb_top/x_aq_mmu_iutlb/x_aq_mmu_plru/x_plru_gateclk      0.3780     0.0      0.3780     0.0000      0.0000 gated_clk_cell_54
x_aq_top_0/x_aq_mmu_top/x_aq_mmu_utlb_top/x_aq_mmu_iutlb/x_aq_mmu_utlb_entry0    274.1760     0.1    110.5020   163.2960      0.0000 aq_mmu_utlb_entry_19
x_aq_top_0/x_aq_mmu_top/x_aq_mmu_utlb_top/x_aq_mmu_iutlb/x_aq_mmu_utlb_entry0/x_utlb_entry_gateclk      0.3780     0.0      0.3780     0.0000      0.0000 gated_clk_cell_64
x_aq_top_0/x_aq_mmu_top/x_aq_mmu_utlb_top/x_aq_mmu_iutlb/x_aq_mmu_utlb_entry1    272.9160     0.1    109.2420   163.2960      0.0000 aq_mmu_utlb_entry_18
x_aq_top_0/x_aq_mmu_top/x_aq_mmu_utlb_top/x_aq_mmu_iutlb/x_aq_mmu_utlb_entry1/x_utlb_entry_gateclk      0.3780     0.0      0.3780     0.0000      0.0000 gated_clk_cell_63
x_aq_top_0/x_aq_mmu_top/x_aq_mmu_utlb_top/x_aq_mmu_iutlb/x_aq_mmu_utlb_entry2    273.0420     0.1    109.3680   163.2960      0.0000 aq_mmu_utlb_entry_17
x_aq_top_0/x_aq_mmu_top/x_aq_mmu_utlb_top/x_aq_mmu_iutlb/x_aq_mmu_utlb_entry2/x_utlb_entry_gateclk      0.3780     0.0      0.3780     0.0000      0.0000 gated_clk_cell_62
x_aq_top_0/x_aq_mmu_top/x_aq_mmu_utlb_top/x_aq_mmu_iutlb/x_aq_mmu_utlb_entry3    272.9160     0.1    109.2420   163.2960      0.0000 aq_mmu_utlb_entry_16
x_aq_top_0/x_aq_mmu_top/x_aq_mmu_utlb_top/x_aq_mmu_iutlb/x_aq_mmu_utlb_entry3/x_utlb_entry_gateclk      0.3780     0.0      0.3780     0.0000      0.0000 gated_clk_cell_61
x_aq_top_0/x_aq_mmu_top/x_aq_mmu_utlb_top/x_aq_mmu_iutlb/x_aq_mmu_utlb_entry4    272.9160     0.1    109.2420   163.2960      0.0000 aq_mmu_utlb_entry_15
x_aq_top_0/x_aq_mmu_top/x_aq_mmu_utlb_top/x_aq_mmu_iutlb/x_aq_mmu_utlb_entry4/x_utlb_entry_gateclk      0.3780     0.0      0.3780     0.0000      0.0000 gated_clk_cell_60
x_aq_top_0/x_aq_mmu_top/x_aq_mmu_utlb_top/x_aq_mmu_iutlb/x_aq_mmu_utlb_entry5    272.9160     0.1    109.2420   163.2960      0.0000 aq_mmu_utlb_entry_14
x_aq_top_0/x_aq_mmu_top/x_aq_mmu_utlb_top/x_aq_mmu_iutlb/x_aq_mmu_utlb_entry5/x_utlb_entry_gateclk      0.3780     0.0      0.3780     0.0000      0.0000 gated_clk_cell_59
x_aq_top_0/x_aq_mmu_top/x_aq_mmu_utlb_top/x_aq_mmu_iutlb/x_aq_mmu_utlb_entry6    273.5460     0.1    109.8720   163.2960      0.0000 aq_mmu_utlb_entry_13
x_aq_top_0/x_aq_mmu_top/x_aq_mmu_utlb_top/x_aq_mmu_iutlb/x_aq_mmu_utlb_entry6/x_utlb_entry_gateclk      0.3780     0.0      0.3780     0.0000      0.0000 gated_clk_cell_58
x_aq_top_0/x_aq_mmu_top/x_aq_mmu_utlb_top/x_aq_mmu_iutlb/x_aq_mmu_utlb_entry7    272.9160     0.1    109.2420   163.2960      0.0000 aq_mmu_utlb_entry_12
x_aq_top_0/x_aq_mmu_top/x_aq_mmu_utlb_top/x_aq_mmu_iutlb/x_aq_mmu_utlb_entry7/x_utlb_entry_gateclk      0.3780     0.0      0.3780     0.0000      0.0000 gated_clk_cell_57
x_aq_top_0/x_aq_mmu_top/x_aq_mmu_utlb_top/x_aq_mmu_iutlb/x_aq_mmu_utlb_entry8    274.1760     0.1    110.5020   163.2960      0.0000 aq_mmu_utlb_entry_11
x_aq_top_0/x_aq_mmu_top/x_aq_mmu_utlb_top/x_aq_mmu_iutlb/x_aq_mmu_utlb_entry8/x_utlb_entry_gateclk      0.3780     0.0      0.3780     0.0000      0.0000 gated_clk_cell_56
x_aq_top_0/x_aq_mmu_top/x_aq_mmu_utlb_top/x_aq_mmu_iutlb/x_aq_mmu_utlb_entry9    272.6640     0.1    108.9900   163.2960      0.0000 aq_mmu_utlb_entry_10
x_aq_top_0/x_aq_mmu_top/x_aq_mmu_utlb_top/x_aq_mmu_iutlb/x_aq_mmu_utlb_entry9/x_utlb_entry_gateclk      0.3780     0.0      0.3780     0.0000      0.0000 gated_clk_cell_55
x_aq_top_0/x_aq_mmu_top/x_aq_mmu_utlb_top/x_aq_mmu_iutlb/x_utlb_gateclk      0.3780     0.0      0.3780     0.0000      0.0000 gated_clk_cell_246
x_aq_top_0/x_aq_mmu_top/x_aq_mmu_utlb_top/x_aq_mmu_iutlb/x_utlb_plru_gateclk      0.3780     0.0      0.3780     0.0000      0.0000 gated_clk_cell_245
x_aq_top_0/x_aq_mmu_top/x_utlb_gateclk      0.3780     0.0      0.3780     0.0000      0.0000 gated_clk_cell_435
x_aq_top_0/x_aq_pmp_top             2777.9220      0.8      16.6320      0.0000       0.0000  aq_pmp_top
x_aq_top_0/x_aq_pmp_top/x_aq_pmp_acc   1711.2060     0.5     34.5240     0.0000       0.0000  aq_pmp_acc
x_aq_top_0/x_aq_pmp_top/x_aq_pmp_acc/x_aq_pmp_comp_hit_0    213.3180     0.1    213.3180     0.0000      0.0000 aq_pmp_comp_hit_7
x_aq_top_0/x_aq_pmp_top/x_aq_pmp_acc/x_aq_pmp_comp_hit_1    208.6560     0.1    208.6560     0.0000      0.0000 aq_pmp_comp_hit_6
x_aq_top_0/x_aq_pmp_top/x_aq_pmp_acc/x_aq_pmp_comp_hit_2    210.6720     0.1    210.6720     0.0000      0.0000 aq_pmp_comp_hit_5
x_aq_top_0/x_aq_pmp_top/x_aq_pmp_acc/x_aq_pmp_comp_hit_3    208.5300     0.1    208.5300     0.0000      0.0000 aq_pmp_comp_hit_4
x_aq_top_0/x_aq_pmp_top/x_aq_pmp_acc/x_aq_pmp_comp_hit_4    208.7820     0.1    208.7820     0.0000      0.0000 aq_pmp_comp_hit_3
x_aq_top_0/x_aq_pmp_top/x_aq_pmp_acc/x_aq_pmp_comp_hit_5    210.7980     0.1    210.7980     0.0000      0.0000 aq_pmp_comp_hit_2
x_aq_top_0/x_aq_pmp_top/x_aq_pmp_acc/x_aq_pmp_comp_hit_6    210.0420     0.1    210.0420     0.0000      0.0000 aq_pmp_comp_hit_1
x_aq_top_0/x_aq_pmp_top/x_aq_pmp_acc/x_aq_pmp_comp_hit_7    205.8840     0.1    205.8840     0.0000      0.0000 aq_pmp_comp_hit_0
x_aq_top_0/x_aq_pmp_top/x_aq_pmp_regs   1049.4540     0.3    414.4140   635.0400      0.0000  aq_pmp_regs
x_aq_top_0/x_aq_pmp_top/x_pmp_gated_clk      0.6300     0.0      0.6300     0.0000      0.0000 gated_clk_cell_434
x_clint_top                          849.3660      0.3       0.0000      0.0000       0.0000  clint_top
x_clint_top/x_clint_func             849.3660      0.3     309.5820    539.0280       0.0000  clint_func
x_clint_top/x_clint_func/x_clint_gateclk      0.3780     0.0      0.3780     0.0000      0.0000 gated_clk_cell_423
x_clint_top/x_clint_func/x_mtime_gated_clk      0.3780     0.0      0.3780     0.0000      0.0000 gated_clk_cell_422
x_tdt_top                           5325.6418      1.6       0.0000      0.0000       0.0000  tdt_top
x_tdt_top/x_tdt_dm_top              5325.6418      1.6       0.0000      0.0000       0.0000  tdt_dm_top
x_tdt_top/x_tdt_dm_top/x_gated_clk_cell      0.8820     0.0      0.8820     0.0000      0.0000 gated_clk_cell_424
x_tdt_top/x_tdt_dm_top/x_tdt_dm     5324.7598      1.6    1275.6240   1755.5579       0.0000  tdt_dm_12_1_4_1_64_00000000_40_2_0
x_tdt_top/x_tdt_dm_top/x_tdt_dm/u_tdt_dm_pulse_sync_cpuclk_vld     17.3880     0.0      1.5120     6.8040      0.0000 tdt_dm_pulse_sync_1
x_tdt_top/x_tdt_dm_top/x_tdt_dm/u_tdt_dm_pulse_sync_cpuclk_vld/x_tdt_dm_sync_dff      4.5360     0.0      0.0000     4.5360      0.0000 tdt_dm_sync_dff_SYNC_NUM2_3
x_tdt_top/x_tdt_dm_top/x_tdt_dm/u_tdt_dm_pulse_sync_cpuclk_vld/x_tdt_dm_sync_dff_back      4.5360     0.0      0.0000     4.5360      0.0000 tdt_dm_sync_dff_SYNC_NUM2_2
x_tdt_top/x_tdt_dm_top/x_tdt_dm/u_tdt_dm_pulse_sync_ready     17.3880     0.0      1.5120     6.8040      0.0000 tdt_dm_pulse_sync_0
x_tdt_top/x_tdt_dm_top/x_tdt_dm/u_tdt_dm_pulse_sync_ready/x_tdt_dm_sync_dff      4.5360     0.0      0.0000     4.5360      0.0000 tdt_dm_sync_dff_SYNC_NUM2_1
x_tdt_top/x_tdt_dm_top/x_tdt_dm/u_tdt_dm_pulse_sync_ready/x_tdt_dm_sync_dff_back      4.5360     0.0      0.0000     4.5360      0.0000 tdt_dm_sync_dff_SYNC_NUM2_0
x_tdt_top/x_tdt_dm_top/x_tdt_dm/x_tdt_sba_axi   2258.8019     0.7    752.9760  1503.6839      0.0000 tdt_sba_axi_AXI_ADDR_WIDTH40
x_tdt_top/x_tdt_dm_top/x_tdt_dm/x_tdt_sba_axi/x_gated_clk_cell      2.1420     0.0      2.1420     0.0000      0.0000 gated_clk_cell_238
--------------------------------  -----------  -------  -----------  ----------  -----------  ---------------------------------------------------------------
Total                                                   112610.3582  61083.6641  153901.2457

1
