 
****************************************
Report : saif
        -missing
        -hierarchy
        -rtl_saif
Design : mlp_wrapper_N_FEATURES32_HIDDEN116_HIDDEN216_DATA_WIDTH8
Version: X-2025.06-SP2
Date   : Sun Jun 14 23:46:18 2026
****************************************

  

--------------------------------------------------------------------------------
              User              Default           Propagated
Object type   Annotated (%)     Activity (%)      Activity (%)       Total
--------------------------------------------------------------------------------
  
 Ports        0(0.00%)          0(0.00%)          13(18.57%)         70
 Seq Cells    0(0.00%)          0(0.00%)          7410(100.00%)      7410
 Tri Cells    0(0.00%)          0(0.00%)          0(0.00%)           0
--------------------------------------------------------------------------------

 List of Non-annotated ports :

   o_shift[0] 
   o_shift[1] 
   o_shift[2] 
   o_shift[3] 
   o_shift[4] 
   o_y[0] 
   o_y[1] 
   o_y[2] 
   o_y[3] 
   o_y[4] 
   o_y[5] 
   o_y[6] 
   o_y[7] 
   o_valid 
   i_x[0] 
   i_x[1] 
   i_x[2] 
   i_x[3] 
   i_x[4] 
   i_x[5] 
   i_x[6] 
   i_x[7] 
   i_x[8] 
   i_x[9] 
   i_x[10] 
   i_x[11] 
   i_x[12] 
   i_x[13] 
   i_x[14] 
   i_x[15] 
   i_x[16] 
   i_x[17] 
   i_x[18] 
   i_x[19] 
   i_x[20] 
   i_x[21] 
   i_x[22] 
   i_x[23] 
   i_x[24] 
   i_x[25] 
   i_x[26] 
   i_x[27] 
   i_x[28] 
   i_x[29] 
   i_x[30] 
   i_x[31] 
   i_valid 
   i_wr_data[0] 
   i_wr_data[1] 
   i_wr_data[2] 
   i_wr_data[3] 
   i_wr_data[4] 
   i_wr_data[5] 
   i_wr_data[6] 
   i_wr_data[7] 
   i_wr_addr[0] 
   i_wr_addr[1] 
   i_wr_addr[2] 
   i_wr_addr[3] 
   i_wr_addr[4] 
   i_wr_addr[5] 
   i_wr_addr[6] 
   i_wr_addr[7] 
   i_wr_addr[8] 
   i_wr_sel[0] 
   i_wr_sel[1] 
   i_wr_sel[2] 
   i_wr_en 
   rst_n 
   clk 

 List of Non-annotated sequential cells :

   shift_ff_reg_0_ 
   y_ff_reg_3_ 
   o_valid_ff_reg 
   shift_ff_reg_1_ 
   shift_ff_reg_2_ 
   shift_ff_reg_3_ 
   y_ff_reg_0_ 
   y_ff_reg_1_ 
   y_ff_reg_2_ 
   y_ff_reg_4_ 
   y_ff_reg_5_ 
   y_ff_reg_6_ 
   y_ff_reg_7_ 
   x_ff_reg_0_ 
   x_ff_reg_1_ 
   x_ff_reg_2_ 
   x_ff_reg_3_ 
   x_ff_reg_4_ 
   x_ff_reg_5_ 
   x_ff_reg_6_ 
   x_ff_reg_7_ 
   x_ff_reg_8_ 
   x_ff_reg_9_ 
   x_ff_reg_10_ 
   x_ff_reg_11_ 
   x_ff_reg_12_ 
   x_ff_reg_13_ 
   x_ff_reg_14_ 
   x_ff_reg_15_ 
   x_ff_reg_16_ 
   x_ff_reg_17_ 
   x_ff_reg_18_ 
   x_ff_reg_19_ 
   x_ff_reg_20_ 
   x_ff_reg_21_ 
   x_ff_reg_22_ 
   x_ff_reg_23_ 
   x_ff_reg_24_ 
   x_ff_reg_25_ 
   x_ff_reg_26_ 
   x_ff_reg_27_ 
   x_ff_reg_28_ 
   x_ff_reg_29_ 
   x_ff_reg_30_ 
   x_ff_reg_31_ 
   wr_data_ff_reg_0_ 
   wr_data_ff_reg_1_ 
   wr_data_ff_reg_2_ 
   wr_data_ff_reg_3_ 
   wr_data_ff_reg_4_ 
   wr_data_ff_reg_5_ 
   wr_data_ff_reg_6_ 
   wr_data_ff_reg_7_ 
   wr_addr_ff_reg_0_ 
   wr_addr_ff_reg_1_ 
   wr_addr_ff_reg_2_ 
   wr_addr_ff_reg_3_ 
   wr_addr_ff_reg_4_ 
   wr_addr_ff_reg_5_ 
   wr_addr_ff_reg_6_ 
   wr_addr_ff_reg_7_ 
   wr_addr_ff_reg_8_ 
   wr_sel_ff_reg_0_ 
   wr_sel_ff_reg_1_ 
   wr_sel_ff_reg_2_ 
   wr_en_ff_reg 
   valid_ff_reg 
   U_DUT/x_ff_reg_13_ 
   U_DUT/x_ff_reg_5_ 
   U_DUT/x_ff_reg_18_ 
   U_DUT/x_ff_reg_2_ 
   U_DUT/x_ff_reg_15_ 
   U_DUT/x_ff_reg_22_ 
   U_DUT/x_ff_reg_24_ 
   U_DUT/x_ff_reg_26_ 
   U_DUT/h1q_ff_reg_6__5_ 
   U_DUT/w2_mem_reg_204__5_ 
   U_DUT/h1q_ff_reg_15__0_ 
   U_DUT/w2_mem_reg_206__1_ 
   U_DUT/w2_mem_reg_201__1_ 
   U_DUT/w2_mem_reg_198__3_ 
   U_DUT/w2_mem_reg_192__7_ 
   U_DUT/x_ff_reg_19_ 
   U_DUT/w2_mem_reg_199__5_ 
   U_DUT/acc2_ff_reg_14__12_ 
   U_DUT/acc2_ff_reg_14__8_ 
   U_DUT/w2_mem_reg_226__5_ 
   U_DUT/x_ff_reg_0_ 
   U_DUT/acc1_ff_reg_14__0_ 
   U_DUT/acc1_ff_reg_15__10_ 
   U_DUT/acc1_ff_reg_3__7_ 
   U_DUT/acc1_ff_reg_2__9_ 
   U_DUT/h1q_ff_reg_2__1_ 
   U_DUT/h2q_ff_reg_11__1_ 
   U_DUT/h1q_ff_reg_7__1_ 
   U_DUT/h1q_ff_reg_8__5_ 
   U_DUT/h1q_ff_reg_2__0_ 
   U_DUT/h1q_ff_reg_10__0_ 
   U_DUT/h1q_ff_reg_7__0_ 
   U_DUT/h1q_ff_reg_11__0_ 
   U_DUT/h1q_ff_reg_5__0_ 
   U_DUT/w2_mem_reg_225__3_ 
   U_DUT/h1q_ff_reg_3__0_ 
   U_DUT/h1q_ff_reg_6__0_ 
   U_DUT/h1q_ff_reg_0__0_ 
   U_DUT/h1q_ff_reg_8__0_ 
   U_DUT/h1q_ff_reg_10__5_ 
   U_DUT/h1q_ff_reg_11__6_ 
   U_DUT/h1q_ff_reg_11__5_ 
   U_DUT/h1q_ff_reg_6__6_ 
   U_DUT/h1q_ff_reg_5__4_ 
   U_DUT/h1q_ff_reg_10__6_ 
   U_DUT/h1q_ff_reg_0__3_ 
   U_DUT/h1q_ff_reg_0__6_ 
   U_DUT/h1q_ff_reg_0__4_ 
   U_DUT/h1q_ff_reg_7__6_ 
   U_DUT/h1q_ff_reg_10__4_ 
   U_DUT/h1q_ff_reg_5__6_ 
   U_DUT/h1q_ff_reg_8__6_ 
   U_DUT/h1q_ff_reg_7__5_ 
   U_DUT/h1q_ff_reg_11__4_ 
   U_DUT/h1q_ff_reg_5__5_ 
   U_DUT/h1q_ff_reg_0__5_ 
   U_DUT/h1q_ff_reg_3__5_ 
   U_DUT/h1q_ff_reg_5__3_ 
   U_DUT/h1q_ff_reg_3__3_ 
   U_DUT/h1q_ff_reg_6__3_ 
   U_DUT/h1q_ff_reg_1__2_ 
   U_DUT/h1q_ff_reg_7__3_ 
   U_DUT/h1q_ff_reg_8__3_ 
   U_DUT/h1q_ff_reg_10__3_ 
   U_DUT/h1q_ff_reg_3__6_ 
   U_DUT/w2_mem_reg_203__7_ 
   U_DUT/w2_mem_reg_203__5_ 
   U_DUT/w2_mem_reg_203__3_ 
   U_DUT/w2_mem_reg_202__7_ 
   U_DUT/w2_mem_reg_206__5_ 
   U_DUT/w2_mem_reg_206__3_ 
   U_DUT/w2_mem_reg_238__7_ 
   U_DUT/w2_mem_reg_238__1_ 
   U_DUT/w2_mem_reg_239__7_ 
   U_DUT/w2_mem_reg_239__5_ 
   U_DUT/w2_mem_reg_239__3_ 
   U_DUT/w2_mem_reg_239__1_ 
   U_DUT/w2_mem_reg_207__7_ 
   U_DUT/w2_mem_reg_207__5_ 
   U_DUT/w2_mem_reg_207__3_ 
   U_DUT/w2_mem_reg_207__1_ 
   U_DUT/w2_mem_reg_236__7_ 
   U_DUT/w2_mem_reg_236__5_ 
   U_DUT/w2_mem_reg_236__1_ 
   U_DUT/w2_mem_reg_204__7_ 
   U_DUT/w2_mem_reg_204__3_ 
   U_DUT/w2_mem_reg_204__1_ 
   U_DUT/w2_mem_reg_237__7_ 
   U_DUT/w2_mem_reg_237__3_ 
   U_DUT/w2_mem_reg_237__1_ 
   U_DUT/w2_mem_reg_205__7_ 
   U_DUT/w2_mem_reg_205__3_ 
   U_DUT/w2_mem_reg_205__1_ 
   U_DUT/w2_mem_reg_233__5_ 
   U_DUT/w2_mem_reg_233__3_ 
   U_DUT/w2_mem_reg_233__1_ 
   U_DUT/w2_mem_reg_201__7_ 
   U_DUT/w2_mem_reg_201__5_ 
   U_DUT/w2_mem_reg_201__3_ 
   U_DUT/w2_mem_reg_200__7_ 
   U_DUT/w2_mem_reg_200__5_ 
   U_DUT/w2_mem_reg_200__3_ 
   U_DUT/w2_mem_reg_200__1_ 
   U_DUT/w2_mem_reg_195__7_ 
   U_DUT/w2_mem_reg_195__3_ 
   U_DUT/w2_mem_reg_194__7_ 
   U_DUT/w2_mem_reg_194__5_ 
   U_DUT/w2_mem_reg_194__3_ 
   U_DUT/w2_mem_reg_194__1_ 
   U_DUT/w2_mem_reg_226__7_ 
   U_DUT/w2_mem_reg_226__3_ 
   U_DUT/w2_mem_reg_226__1_ 
   U_DUT/w2_mem_reg_198__7_ 
   U_DUT/w2_mem_reg_198__5_ 
   U_DUT/w2_mem_reg_198__1_ 
   U_DUT/w2_mem_reg_199__7_ 
   U_DUT/w2_mem_reg_197__7_ 
   U_DUT/w2_mem_reg_197__5_ 
   U_DUT/w2_mem_reg_197__3_ 
   U_DUT/w2_mem_reg_197__1_ 
   U_DUT/w2_mem_reg_196__5_ 
   U_DUT/w2_mem_reg_196__3_ 
   U_DUT/w2_mem_reg_196__1_ 
   U_DUT/w2_mem_reg_228__7_ 
   U_DUT/w2_mem_reg_228__5_ 
   U_DUT/w2_mem_reg_228__3_ 
   U_DUT/w2_mem_reg_228__1_ 
   U_DUT/w2_mem_reg_192__5_ 
   U_DUT/w2_mem_reg_192__1_ 
   U_DUT/w2_mem_reg_193__7_ 
   U_DUT/w2_mem_reg_193__3_ 
   U_DUT/w2_mem_reg_193__1_ 
   U_DUT/w2_mem_reg_225__7_ 
   U_DUT/w2_mem_reg_238__3_ 
   U_DUT/w2_mem_reg_233__7_ 
   U_DUT/w2_mem_reg_199__1_ 
   U_DUT/w2_mem_reg_193__5_ 
   U_DUT/w2_mem_reg_205__5_ 
   U_DUT/x_ff_reg_17_ 
   U_DUT/x_ff_reg_23_ 
   U_DUT/x_ff_reg_16_ 
   U_DUT/x_ff_reg_4_ 
   U_DUT/x_ff_reg_10_ 
   U_DUT/x_ff_reg_14_ 
   U_DUT/x_ff_reg_6_ 
   U_DUT/w2_mem_reg_225__5_ 
   U_DUT/w1_mem_reg_375__0_ 
   U_DUT/w1_mem_reg_375__2_ 
   U_DUT/w1_mem_reg_375__4_ 
   U_DUT/w1_mem_reg_375__6_ 
   U_DUT/w1_mem_reg_376__0_ 
   U_DUT/w1_mem_reg_376__2_ 
   U_DUT/w1_mem_reg_376__4_ 
   U_DUT/w1_mem_reg_376__6_ 
   U_DUT/w1_mem_reg_377__0_ 
   U_DUT/w1_mem_reg_377__2_ 
   U_DUT/w1_mem_reg_377__4_ 
   U_DUT/w1_mem_reg_377__6_ 
   U_DUT/w1_mem_reg_380__0_ 
   U_DUT/w1_mem_reg_380__2_ 
   U_DUT/w1_mem_reg_380__4_ 
   U_DUT/w1_mem_reg_380__6_ 
   U_DUT/w1_mem_reg_381__0_ 
   U_DUT/w1_mem_reg_381__2_ 
   U_DUT/w1_mem_reg_381__4_ 
   U_DUT/w1_mem_reg_381__6_ 
   U_DUT/w1_mem_reg_384__0_ 
   U_DUT/w1_mem_reg_384__2_ 
   U_DUT/w1_mem_reg_384__4_ 
   U_DUT/w1_mem_reg_384__6_ 
   U_DUT/w1_mem_reg_385__0_ 
   U_DUT/w1_mem_reg_385__2_ 
   U_DUT/w1_mem_reg_385__4_ 
   U_DUT/w1_mem_reg_385__6_ 
   U_DUT/w1_mem_reg_378__0_ 
   U_DUT/w1_mem_reg_378__2_ 
   U_DUT/w1_mem_reg_378__4_ 
   U_DUT/w1_mem_reg_378__6_ 
   U_DUT/w1_mem_reg_379__0_ 
   U_DUT/w1_mem_reg_379__2_ 
   U_DUT/w1_mem_reg_379__4_ 
   U_DUT/w1_mem_reg_379__6_ 
   U_DUT/w1_mem_reg_382__0_ 
   U_DUT/w1_mem_reg_382__2_ 
   U_DUT/w1_mem_reg_382__4_ 
   U_DUT/w1_mem_reg_382__6_ 
   U_DUT/w1_mem_reg_386__0_ 
   U_DUT/w1_mem_reg_386__2_ 
   U_DUT/w1_mem_reg_386__4_ 
   U_DUT/w1_mem_reg_386__6_ 
   U_DUT/w1_mem_reg_414__0_ 
   U_DUT/w1_mem_reg_414__2_ 
   U_DUT/w1_mem_reg_414__4_ 
   U_DUT/w1_mem_reg_414__6_ 
   U_DUT/w1_mem_reg_418__0_ 
   U_DUT/w1_mem_reg_418__2_ 
   U_DUT/w1_mem_reg_418__4_ 
   U_DUT/w1_mem_reg_418__6_ 
   U_DUT/w1_mem_reg_419__0_ 
   U_DUT/w1_mem_reg_419__2_ 
   U_DUT/w1_mem_reg_419__4_ 
   U_DUT/w1_mem_reg_419__6_ 
   U_DUT/w1_mem_reg_422__0_ 
   U_DUT/w1_mem_reg_422__2_ 
   U_DUT/w1_mem_reg_422__4_ 
   U_DUT/w1_mem_reg_422__6_ 
   U_DUT/w1_mem_reg_383__0_ 
   U_DUT/w1_mem_reg_383__2_ 
   U_DUT/w1_mem_reg_383__4_ 
   U_DUT/w1_mem_reg_383__6_ 
   U_DUT/b1_mem_reg_12__0_ 
   U_DUT/b1_mem_reg_12__2_ 
   U_DUT/b1_mem_reg_12__4_ 
   U_DUT/b1_mem_reg_12__6_ 
   U_DUT/w1_mem_reg_383__7_ 
   U_DUT/w2_mem_reg_195__1_ 
   U_DUT/w1_mem_reg_375__1_ 
   U_DUT/w1_mem_reg_375__3_ 
   U_DUT/w1_mem_reg_375__5_ 
   U_DUT/w1_mem_reg_376__1_ 
   U_DUT/w1_mem_reg_376__3_ 
   U_DUT/w1_mem_reg_376__5_ 
   U_DUT/w1_mem_reg_377__1_ 
   U_DUT/w1_mem_reg_377__3_ 
   U_DUT/w1_mem_reg_377__5_ 
   U_DUT/w1_mem_reg_380__1_ 
   U_DUT/w1_mem_reg_380__3_ 
   U_DUT/w1_mem_reg_380__5_ 
   U_DUT/w1_mem_reg_381__1_ 
   U_DUT/w1_mem_reg_381__3_ 
   U_DUT/w1_mem_reg_381__5_ 
   U_DUT/w1_mem_reg_384__1_ 
   U_DUT/w1_mem_reg_384__3_ 
   U_DUT/w1_mem_reg_384__5_ 
   U_DUT/w1_mem_reg_385__1_ 
   U_DUT/w1_mem_reg_385__3_ 
   U_DUT/w1_mem_reg_385__5_ 
   U_DUT/w1_mem_reg_378__1_ 
   U_DUT/w1_mem_reg_378__3_ 
   U_DUT/w1_mem_reg_378__5_ 
   U_DUT/w1_mem_reg_379__1_ 
   U_DUT/w1_mem_reg_379__3_ 
   U_DUT/w1_mem_reg_379__5_ 
   U_DUT/w1_mem_reg_382__1_ 
   U_DUT/w1_mem_reg_382__3_ 
   U_DUT/w1_mem_reg_382__5_ 
   U_DUT/w1_mem_reg_386__1_ 
   U_DUT/w1_mem_reg_386__3_ 
   U_DUT/w1_mem_reg_386__5_ 
   U_DUT/w1_mem_reg_414__1_ 
   U_DUT/w1_mem_reg_414__3_ 
   U_DUT/w1_mem_reg_414__5_ 
   U_DUT/w1_mem_reg_418__1_ 
   U_DUT/w1_mem_reg_418__3_ 
   U_DUT/w1_mem_reg_418__5_ 
   U_DUT/w1_mem_reg_419__1_ 
   U_DUT/w1_mem_reg_419__3_ 
   U_DUT/w1_mem_reg_419__5_ 
   U_DUT/w1_mem_reg_422__1_ 
   U_DUT/w1_mem_reg_422__3_ 
   U_DUT/w1_mem_reg_422__5_ 
   U_DUT/w1_mem_reg_383__1_ 
   U_DUT/w1_mem_reg_383__3_ 
   U_DUT/w1_mem_reg_383__5_ 
   U_DUT/b1_mem_reg_12__1_ 
   U_DUT/b1_mem_reg_12__3_ 
   U_DUT/b1_mem_reg_12__5_ 
   U_DUT/w1_mem_reg_375__7_ 
   U_DUT/w1_mem_reg_376__7_ 
   U_DUT/w1_mem_reg_377__7_ 
   U_DUT/w1_mem_reg_380__7_ 
   U_DUT/w1_mem_reg_381__7_ 
   U_DUT/w1_mem_reg_384__7_ 
   U_DUT/w1_mem_reg_385__7_ 
   U_DUT/w1_mem_reg_378__7_ 
   U_DUT/w1_mem_reg_379__7_ 
   U_DUT/w1_mem_reg_382__7_ 
   U_DUT/w1_mem_reg_386__7_ 
   U_DUT/w1_mem_reg_414__7_ 
   U_DUT/w1_mem_reg_418__7_ 
   U_DUT/w1_mem_reg_419__7_ 
   U_DUT/w1_mem_reg_422__7_ 
   U_DUT/b1_mem_reg_12__7_ 
   U_DUT/b1_mem_reg_13__2_ 
   U_DUT/b1_mem_reg_13__4_ 
   U_DUT/b1_mem_reg_13__6_ 
   U_DUT/b1_mem_reg_8__0_ 
   U_DUT/b1_mem_reg_8__2_ 
   U_DUT/b1_mem_reg_8__4_ 
   U_DUT/b1_mem_reg_8__6_ 
   U_DUT/b1_mem_reg_14__0_ 
   U_DUT/b1_mem_reg_14__2_ 
   U_DUT/b1_mem_reg_14__4_ 
   U_DUT/b1_mem_reg_14__6_ 
   U_DUT/b1_mem_reg_15__0_ 
   U_DUT/b1_mem_reg_15__2_ 
   U_DUT/b1_mem_reg_15__4_ 
   U_DUT/b1_mem_reg_15__6_ 
   U_DUT/b2_mem_reg_1__0_ 
   U_DUT/b2_mem_reg_1__2_ 
   U_DUT/b2_mem_reg_1__4_ 
   U_DUT/b2_mem_reg_1__6_ 
   U_DUT/b2_mem_reg_4__0_ 
   U_DUT/b2_mem_reg_4__2_ 
   U_DUT/b2_mem_reg_4__4_ 
   U_DUT/b2_mem_reg_4__6_ 
   U_DUT/b2_mem_reg_5__0_ 
   U_DUT/b2_mem_reg_5__2_ 
   U_DUT/b2_mem_reg_5__4_ 
   U_DUT/b2_mem_reg_5__6_ 
   U_DUT/b2_mem_reg_6__0_ 
   U_DUT/b2_mem_reg_6__2_ 
   U_DUT/b2_mem_reg_6__4_ 
   U_DUT/b2_mem_reg_6__6_ 
   U_DUT/b2_mem_reg_7__0_ 
   U_DUT/b2_mem_reg_7__2_ 
   U_DUT/b2_mem_reg_7__4_ 
   U_DUT/b2_mem_reg_7__6_ 
   U_DUT/b2_mem_reg_0__0_ 
   U_DUT/b2_mem_reg_0__2_ 
   U_DUT/b2_mem_reg_0__4_ 
   U_DUT/b2_mem_reg_0__6_ 
   U_DUT/b2_mem_reg_3__0_ 
   U_DUT/b2_mem_reg_3__2_ 
   U_DUT/b2_mem_reg_3__4_ 
   U_DUT/b2_mem_reg_3__6_ 
   U_DUT/b1_mem_reg_11__0_ 
   U_DUT/b1_mem_reg_11__2_ 
   U_DUT/b1_mem_reg_11__4_ 
   U_DUT/b1_mem_reg_11__6_ 
   U_DUT/b1_mem_reg_14__1_ 
   U_DUT/b1_mem_reg_14__3_ 
   U_DUT/b1_mem_reg_14__5_ 
   U_DUT/b2_mem_reg_2__0_ 
   U_DUT/b2_mem_reg_2__2_ 
   U_DUT/b2_mem_reg_2__4_ 
   U_DUT/b2_mem_reg_2__6_ 
   U_DUT/b1_mem_reg_8__1_ 
   U_DUT/b1_mem_reg_8__3_ 
   U_DUT/b1_mem_reg_8__5_ 
   U_DUT/b1_mem_reg_14__7_ 
   U_DUT/b1_mem_reg_15__1_ 
   U_DUT/b1_mem_reg_15__3_ 
   U_DUT/b1_mem_reg_15__5_ 
   U_DUT/b1_mem_reg_11__1_ 
   U_DUT/b1_mem_reg_11__3_ 
   U_DUT/b1_mem_reg_11__5_ 
   U_DUT/b2_mem_reg_0__1_ 
   U_DUT/b2_mem_reg_0__3_ 
   U_DUT/b2_mem_reg_0__5_ 
   U_DUT/b1_mem_reg_8__7_ 
   U_DUT/b1_mem_reg_15__7_ 
   U_DUT/b1_mem_reg_11__7_ 
   U_DUT/b1_mem_reg_9__0_ 
   U_DUT/b1_mem_reg_9__1_ 
   U_DUT/b1_mem_reg_9__2_ 
   U_DUT/b1_mem_reg_9__3_ 
   U_DUT/b1_mem_reg_9__4_ 
   U_DUT/b1_mem_reg_9__5_ 
   U_DUT/b1_mem_reg_9__6_ 
   U_DUT/b1_mem_reg_9__7_ 
   U_DUT/b1_mem_reg_10__1_ 
   U_DUT/b1_mem_reg_10__2_ 
   U_DUT/b1_mem_reg_10__3_ 
   U_DUT/b1_mem_reg_10__4_ 
   U_DUT/b1_mem_reg_10__5_ 
   U_DUT/b1_mem_reg_10__6_ 
   U_DUT/b1_mem_reg_10__7_ 
   U_DUT/b1_mem_reg_13__1_ 
   U_DUT/b1_mem_reg_13__3_ 
   U_DUT/b1_mem_reg_13__5_ 
   U_DUT/b1_mem_reg_13__7_ 
   U_DUT/b2_mem_reg_3__1_ 
   U_DUT/b2_mem_reg_3__3_ 
   U_DUT/b2_mem_reg_3__5_ 
   U_DUT/b2_mem_reg_2__7_ 
   U_DUT/b2_mem_reg_2__1_ 
   U_DUT/b2_mem_reg_2__3_ 
   U_DUT/b2_mem_reg_2__5_ 
   U_DUT/b2_mem_reg_9__0_ 
   U_DUT/b2_mem_reg_9__2_ 
   U_DUT/b2_mem_reg_9__4_ 
   U_DUT/b2_mem_reg_9__6_ 
   U_DUT/b2_mem_reg_10__0_ 
   U_DUT/b2_mem_reg_10__2_ 
   U_DUT/b2_mem_reg_10__4_ 
   U_DUT/b2_mem_reg_10__6_ 
   U_DUT/b2_mem_reg_11__0_ 
   U_DUT/b2_mem_reg_11__2_ 
   U_DUT/b2_mem_reg_11__4_ 
   U_DUT/b2_mem_reg_11__6_ 
   U_DUT/b2_mem_reg_12__0_ 
   U_DUT/b2_mem_reg_12__2_ 
   U_DUT/b2_mem_reg_12__4_ 
   U_DUT/b2_mem_reg_12__6_ 
   U_DUT/b2_mem_reg_13__0_ 
   U_DUT/b2_mem_reg_13__2_ 
   U_DUT/b2_mem_reg_13__4_ 
   U_DUT/b2_mem_reg_13__6_ 
   U_DUT/b2_mem_reg_14__0_ 
   U_DUT/b2_mem_reg_14__2_ 
   U_DUT/b2_mem_reg_14__4_ 
   U_DUT/b2_mem_reg_14__6_ 
   U_DUT/b2_mem_reg_15__0_ 
   U_DUT/b2_mem_reg_15__2_ 
   U_DUT/b2_mem_reg_15__4_ 
   U_DUT/b2_mem_reg_15__6_ 
   U_DUT/b2_mem_reg_0__7_ 
   U_DUT/b2_mem_reg_1__1_ 
   U_DUT/b2_mem_reg_1__3_ 
   U_DUT/b2_mem_reg_1__5_ 
   U_DUT/b2_mem_reg_1__7_ 
   U_DUT/b2_mem_reg_3__7_ 
   U_DUT/b2_mem_reg_4__1_ 
   U_DUT/b2_mem_reg_4__3_ 
   U_DUT/b2_mem_reg_4__5_ 
   U_DUT/b2_mem_reg_4__7_ 
   U_DUT/b2_mem_reg_5__1_ 
   U_DUT/b2_mem_reg_5__3_ 
   U_DUT/b2_mem_reg_5__5_ 
   U_DUT/b2_mem_reg_5__7_ 
   U_DUT/b2_mem_reg_6__1_ 
   U_DUT/b2_mem_reg_6__3_ 
   U_DUT/b2_mem_reg_6__5_ 
   U_DUT/b2_mem_reg_6__7_ 
   U_DUT/b2_mem_reg_7__1_ 
   U_DUT/b2_mem_reg_7__3_ 
   U_DUT/b2_mem_reg_7__5_ 
   U_DUT/b2_mem_reg_7__7_ 
   U_DUT/b2_mem_reg_8__0_ 
   U_DUT/b2_mem_reg_8__2_ 
   U_DUT/b2_mem_reg_8__4_ 
   U_DUT/b2_mem_reg_8__6_ 
   U_DUT/b1_mem_reg_5__0_ 
   U_DUT/b1_mem_reg_5__2_ 
   U_DUT/b1_mem_reg_5__4_ 
   U_DUT/b1_mem_reg_5__6_ 
   U_DUT/w1_mem_reg_135__0_ 
   U_DUT/w1_mem_reg_135__2_ 
   U_DUT/w1_mem_reg_135__4_ 
   U_DUT/w1_mem_reg_135__6_ 
   U_DUT/w1_mem_reg_136__0_ 
   U_DUT/w1_mem_reg_136__2_ 
   U_DUT/w1_mem_reg_136__4_ 
   U_DUT/w1_mem_reg_136__6_ 
   U_DUT/w1_mem_reg_139__0_ 
   U_DUT/w1_mem_reg_139__2_ 
   U_DUT/w1_mem_reg_139__4_ 
   U_DUT/w1_mem_reg_139__6_ 
   U_DUT/w1_mem_reg_144__0_ 
   U_DUT/w1_mem_reg_144__2_ 
   U_DUT/w1_mem_reg_144__4_ 
   U_DUT/w1_mem_reg_144__6_ 
   U_DUT/w1_mem_reg_145__0_ 
   U_DUT/w1_mem_reg_145__2_ 
   U_DUT/w1_mem_reg_145__4_ 
   U_DUT/w1_mem_reg_145__6_ 
   U_DUT/w1_mem_reg_146__0_ 
   U_DUT/w1_mem_reg_146__2_ 
   U_DUT/w1_mem_reg_146__4_ 
   U_DUT/w1_mem_reg_146__6_ 
   U_DUT/w1_mem_reg_148__0_ 
   U_DUT/w1_mem_reg_148__2_ 
   U_DUT/w1_mem_reg_148__4_ 
   U_DUT/w1_mem_reg_148__6_ 
   U_DUT/w1_mem_reg_149__0_ 
   U_DUT/w1_mem_reg_149__2_ 
   U_DUT/w1_mem_reg_149__4_ 
   U_DUT/w1_mem_reg_149__6_ 
   U_DUT/w1_mem_reg_150__0_ 
   U_DUT/w1_mem_reg_150__2_ 
   U_DUT/w1_mem_reg_150__4_ 
   U_DUT/w1_mem_reg_150__6_ 
   U_DUT/w1_mem_reg_151__0_ 
   U_DUT/w1_mem_reg_151__2_ 
   U_DUT/w1_mem_reg_151__4_ 
   U_DUT/w1_mem_reg_151__6_ 
   U_DUT/w1_mem_reg_152__0_ 
   U_DUT/w1_mem_reg_152__2_ 
   U_DUT/w1_mem_reg_152__4_ 
   U_DUT/w1_mem_reg_152__6_ 
   U_DUT/w1_mem_reg_153__0_ 
   U_DUT/w1_mem_reg_153__2_ 
   U_DUT/w1_mem_reg_153__4_ 
   U_DUT/w1_mem_reg_153__6_ 
   U_DUT/w1_mem_reg_154__0_ 
   U_DUT/w1_mem_reg_154__2_ 
   U_DUT/w1_mem_reg_154__4_ 
   U_DUT/w1_mem_reg_154__6_ 
   U_DUT/w1_mem_reg_155__0_ 
   U_DUT/w1_mem_reg_155__2_ 
   U_DUT/w1_mem_reg_155__4_ 
   U_DUT/w1_mem_reg_155__6_ 
   U_DUT/w1_mem_reg_156__0_ 
   U_DUT/w1_mem_reg_156__2_ 
   U_DUT/w1_mem_reg_156__4_ 
   U_DUT/w1_mem_reg_156__6_ 
   U_DUT/w1_mem_reg_157__0_ 
   U_DUT/w1_mem_reg_157__2_ 
   U_DUT/w1_mem_reg_157__4_ 
   U_DUT/w1_mem_reg_157__6_ 
   U_DUT/w1_mem_reg_158__0_ 
   U_DUT/w1_mem_reg_158__2_ 
   U_DUT/w1_mem_reg_158__4_ 
   U_DUT/w1_mem_reg_158__6_ 
   U_DUT/w1_mem_reg_159__0_ 
   U_DUT/w1_mem_reg_159__2_ 
   U_DUT/w1_mem_reg_159__4_ 
   U_DUT/w1_mem_reg_159__6_ 
   U_DUT/w1_mem_reg_203__0_ 
   U_DUT/w1_mem_reg_203__2_ 
   U_DUT/w1_mem_reg_203__4_ 
   U_DUT/w1_mem_reg_203__6_ 
   U_DUT/w1_mem_reg_207__0_ 
   U_DUT/w1_mem_reg_207__2_ 
   U_DUT/w1_mem_reg_207__4_ 
   U_DUT/w1_mem_reg_207__6_ 
   U_DUT/w1_mem_reg_208__0_ 
   U_DUT/w1_mem_reg_208__2_ 
   U_DUT/w1_mem_reg_208__4_ 
   U_DUT/w1_mem_reg_208__6_ 
   U_DUT/w1_mem_reg_209__0_ 
   U_DUT/w1_mem_reg_209__2_ 
   U_DUT/w1_mem_reg_209__4_ 
   U_DUT/w1_mem_reg_209__6_ 
   U_DUT/w1_mem_reg_210__0_ 
   U_DUT/w1_mem_reg_210__2_ 
   U_DUT/w1_mem_reg_210__4_ 
   U_DUT/w1_mem_reg_210__6_ 
   U_DUT/w1_mem_reg_257__0_ 
   U_DUT/w1_mem_reg_257__2_ 
   U_DUT/w1_mem_reg_257__4_ 
   U_DUT/w1_mem_reg_257__6_ 
   U_DUT/w1_mem_reg_450__0_ 
   U_DUT/w1_mem_reg_450__2_ 
   U_DUT/w1_mem_reg_450__4_ 
   U_DUT/w1_mem_reg_450__6_ 
   U_DUT/w1_mem_reg_458__0_ 
   U_DUT/w1_mem_reg_458__2_ 
   U_DUT/w1_mem_reg_458__4_ 
   U_DUT/w1_mem_reg_458__6_ 
   U_DUT/w1_mem_reg_466__0_ 
   U_DUT/w1_mem_reg_466__2_ 
   U_DUT/w1_mem_reg_466__4_ 
   U_DUT/w1_mem_reg_466__6_ 
   U_DUT/w1_mem_reg_472__0_ 
   U_DUT/w1_mem_reg_472__2_ 
   U_DUT/w1_mem_reg_472__4_ 
   U_DUT/w1_mem_reg_472__6_ 
   U_DUT/w1_mem_reg_474__0_ 
   U_DUT/w1_mem_reg_474__2_ 
   U_DUT/w1_mem_reg_474__4_ 
   U_DUT/w1_mem_reg_474__6_ 
   U_DUT/w1_mem_reg_503__0_ 
   U_DUT/w1_mem_reg_503__2_ 
   U_DUT/w1_mem_reg_503__4_ 
   U_DUT/w1_mem_reg_503__6_ 
   U_DUT/w1_mem_reg_508__0_ 
   U_DUT/w1_mem_reg_508__2_ 
   U_DUT/w1_mem_reg_508__4_ 
   U_DUT/w1_mem_reg_508__6_ 
   U_DUT/b2_mem_reg_8__1_ 
   U_DUT/b2_mem_reg_8__3_ 
   U_DUT/b2_mem_reg_8__5_ 
   U_DUT/b2_mem_reg_8__7_ 
   U_DUT/b2_mem_reg_9__1_ 
   U_DUT/b2_mem_reg_9__3_ 
   U_DUT/b2_mem_reg_9__5_ 
   U_DUT/b2_mem_reg_9__7_ 
   U_DUT/b2_mem_reg_10__1_ 
   U_DUT/b2_mem_reg_10__3_ 
   U_DUT/b2_mem_reg_10__5_ 
   U_DUT/b2_mem_reg_10__7_ 
   U_DUT/b2_mem_reg_11__1_ 
   U_DUT/b2_mem_reg_11__3_ 
   U_DUT/b2_mem_reg_11__5_ 
   U_DUT/b2_mem_reg_11__7_ 
   U_DUT/b2_mem_reg_12__1_ 
   U_DUT/b2_mem_reg_12__3_ 
   U_DUT/b2_mem_reg_12__5_ 
   U_DUT/b2_mem_reg_12__7_ 
   U_DUT/b2_mem_reg_13__1_ 
   U_DUT/b2_mem_reg_13__3_ 
   U_DUT/b2_mem_reg_13__5_ 
   U_DUT/b2_mem_reg_13__7_ 
   U_DUT/b2_mem_reg_14__1_ 
   U_DUT/b2_mem_reg_14__3_ 
   U_DUT/b2_mem_reg_14__5_ 
   U_DUT/b2_mem_reg_14__7_ 
   U_DUT/b2_mem_reg_15__1_ 
   U_DUT/b2_mem_reg_15__3_ 
   U_DUT/b2_mem_reg_15__5_ 
   U_DUT/b2_mem_reg_15__7_ 
   U_DUT/w1_mem_reg_362__0_ 
   U_DUT/w1_mem_reg_362__2_ 
   U_DUT/w1_mem_reg_362__4_ 
   U_DUT/w1_mem_reg_362__6_ 
   U_DUT/w1_mem_reg_363__0_ 
   U_DUT/w1_mem_reg_363__2_ 
   U_DUT/w1_mem_reg_363__4_ 
   U_DUT/w1_mem_reg_363__6_ 
   U_DUT/w1_mem_reg_364__0_ 
   U_DUT/w1_mem_reg_364__2_ 
   U_DUT/w1_mem_reg_364__4_ 
   U_DUT/w1_mem_reg_364__6_ 
   U_DUT/w1_mem_reg_365__0_ 
   U_DUT/w1_mem_reg_365__2_ 
   U_DUT/w1_mem_reg_365__4_ 
   U_DUT/w1_mem_reg_365__6_ 
   U_DUT/w1_mem_reg_366__0_ 
   U_DUT/w1_mem_reg_366__2_ 
   U_DUT/w1_mem_reg_366__4_ 
   U_DUT/w1_mem_reg_366__6_ 
   U_DUT/w1_mem_reg_367__0_ 
   U_DUT/w1_mem_reg_367__2_ 
   U_DUT/w1_mem_reg_367__4_ 
   U_DUT/w1_mem_reg_367__6_ 
   U_DUT/w1_mem_reg_368__0_ 
   U_DUT/w1_mem_reg_368__2_ 
   U_DUT/w1_mem_reg_368__4_ 
   U_DUT/w1_mem_reg_368__6_ 
   U_DUT/w1_mem_reg_369__0_ 
   U_DUT/w1_mem_reg_369__2_ 
   U_DUT/w1_mem_reg_369__4_ 
   U_DUT/w1_mem_reg_369__6_ 
   U_DUT/w1_mem_reg_370__0_ 
   U_DUT/w1_mem_reg_370__2_ 
   U_DUT/w1_mem_reg_370__4_ 
   U_DUT/w1_mem_reg_370__6_ 
   U_DUT/w1_mem_reg_371__0_ 
   U_DUT/w1_mem_reg_371__2_ 
   U_DUT/w1_mem_reg_371__4_ 
   U_DUT/w1_mem_reg_371__6_ 
   U_DUT/w1_mem_reg_372__0_ 
   U_DUT/w1_mem_reg_372__2_ 
   U_DUT/w1_mem_reg_372__4_ 
   U_DUT/w1_mem_reg_372__6_ 
   U_DUT/w1_mem_reg_373__0_ 
   U_DUT/w1_mem_reg_373__2_ 
   U_DUT/w1_mem_reg_373__4_ 
   U_DUT/w1_mem_reg_373__6_ 
   U_DUT/w1_mem_reg_374__0_ 
   U_DUT/w1_mem_reg_374__2_ 
   U_DUT/w1_mem_reg_374__4_ 
   U_DUT/w1_mem_reg_374__6_ 
   U_DUT/w1_mem_reg_400__0_ 
   U_DUT/w1_mem_reg_400__2_ 
   U_DUT/w1_mem_reg_400__4_ 
   U_DUT/w1_mem_reg_400__6_ 
   U_DUT/w1_mem_reg_401__0_ 
   U_DUT/w1_mem_reg_401__2_ 
   U_DUT/w1_mem_reg_401__4_ 
   U_DUT/w1_mem_reg_401__6_ 
   U_DUT/w1_mem_reg_402__0_ 
   U_DUT/w1_mem_reg_402__2_ 
   U_DUT/w1_mem_reg_402__4_ 
   U_DUT/w1_mem_reg_402__6_ 
   U_DUT/w1_mem_reg_403__0_ 
   U_DUT/w1_mem_reg_403__2_ 
   U_DUT/w1_mem_reg_403__4_ 
   U_DUT/w1_mem_reg_403__6_ 
   U_DUT/w1_mem_reg_404__0_ 
   U_DUT/w1_mem_reg_404__2_ 
   U_DUT/w1_mem_reg_404__4_ 
   U_DUT/w1_mem_reg_404__6_ 
   U_DUT/w1_mem_reg_405__0_ 
   U_DUT/w1_mem_reg_405__2_ 
   U_DUT/w1_mem_reg_405__4_ 
   U_DUT/w1_mem_reg_405__6_ 
   U_DUT/w1_mem_reg_406__0_ 
   U_DUT/w1_mem_reg_406__2_ 
   U_DUT/w1_mem_reg_406__4_ 
   U_DUT/w1_mem_reg_406__6_ 
   U_DUT/w1_mem_reg_407__0_ 
   U_DUT/w1_mem_reg_407__2_ 
   U_DUT/w1_mem_reg_407__4_ 
   U_DUT/w1_mem_reg_407__6_ 
   U_DUT/w1_mem_reg_408__0_ 
   U_DUT/w1_mem_reg_408__2_ 
   U_DUT/w1_mem_reg_408__4_ 
   U_DUT/w1_mem_reg_408__6_ 
   U_DUT/w1_mem_reg_409__0_ 
   U_DUT/w1_mem_reg_409__2_ 
   U_DUT/w1_mem_reg_409__4_ 
   U_DUT/w1_mem_reg_409__6_ 
   U_DUT/w1_mem_reg_412__0_ 
   U_DUT/w1_mem_reg_412__2_ 
   U_DUT/w1_mem_reg_412__4_ 
   U_DUT/w1_mem_reg_412__6_ 
   U_DUT/w1_mem_reg_415__0_ 
   U_DUT/w1_mem_reg_415__2_ 
   U_DUT/w1_mem_reg_415__4_ 
   U_DUT/w1_mem_reg_415__6_ 
   U_DUT/w1_mem_reg_416__0_ 
   U_DUT/w1_mem_reg_416__2_ 
   U_DUT/w1_mem_reg_416__4_ 
   U_DUT/w1_mem_reg_416__6_ 
   U_DUT/w1_mem_reg_417__0_ 
   U_DUT/w1_mem_reg_417__2_ 
   U_DUT/w1_mem_reg_417__4_ 
   U_DUT/w1_mem_reg_417__6_ 
   U_DUT/w1_mem_reg_420__0_ 
   U_DUT/w1_mem_reg_420__2_ 
   U_DUT/w1_mem_reg_420__4_ 
   U_DUT/w1_mem_reg_420__6_ 
   U_DUT/w1_mem_reg_421__0_ 
   U_DUT/w1_mem_reg_421__2_ 
   U_DUT/w1_mem_reg_421__4_ 
   U_DUT/w1_mem_reg_421__6_ 
   U_DUT/w1_mem_reg_423__0_ 
   U_DUT/w1_mem_reg_423__2_ 
   U_DUT/w1_mem_reg_423__4_ 
   U_DUT/w1_mem_reg_423__6_ 
   U_DUT/w1_mem_reg_424__0_ 
   U_DUT/w1_mem_reg_424__2_ 
   U_DUT/w1_mem_reg_424__4_ 
   U_DUT/w1_mem_reg_424__6_ 
   U_DUT/w1_mem_reg_362__1_ 
   U_DUT/w1_mem_reg_362__3_ 
   U_DUT/w1_mem_reg_362__5_ 
   U_DUT/w1_mem_reg_363__1_ 
   U_DUT/w1_mem_reg_363__3_ 
   U_DUT/w1_mem_reg_363__5_ 
   U_DUT/w1_mem_reg_364__1_ 
   U_DUT/w1_mem_reg_364__3_ 
   U_DUT/w1_mem_reg_364__5_ 
   U_DUT/w1_mem_reg_365__1_ 
   U_DUT/w1_mem_reg_365__3_ 
   U_DUT/w1_mem_reg_365__5_ 
   U_DUT/w1_mem_reg_366__1_ 
   U_DUT/w1_mem_reg_366__3_ 
   U_DUT/w1_mem_reg_366__5_ 
   U_DUT/w1_mem_reg_367__1_ 
   U_DUT/w1_mem_reg_367__3_ 
   U_DUT/w1_mem_reg_367__5_ 
   U_DUT/w1_mem_reg_368__1_ 
   U_DUT/w1_mem_reg_368__3_ 
   U_DUT/w1_mem_reg_368__5_ 
   U_DUT/w1_mem_reg_369__1_ 
   U_DUT/w1_mem_reg_369__3_ 
   U_DUT/w1_mem_reg_369__5_ 
   U_DUT/w1_mem_reg_370__1_ 
   U_DUT/w1_mem_reg_370__3_ 
   U_DUT/w1_mem_reg_370__5_ 
   U_DUT/w1_mem_reg_371__1_ 
   U_DUT/w1_mem_reg_371__3_ 
   U_DUT/w1_mem_reg_371__5_ 
   U_DUT/w1_mem_reg_372__1_ 
   U_DUT/w1_mem_reg_372__3_ 
   U_DUT/w1_mem_reg_372__5_ 
   U_DUT/w1_mem_reg_373__1_ 
   U_DUT/w1_mem_reg_373__3_ 
   U_DUT/w1_mem_reg_373__5_ 
   U_DUT/w1_mem_reg_374__1_ 
   U_DUT/w1_mem_reg_374__3_ 
   U_DUT/w1_mem_reg_374__5_ 
   U_DUT/w1_mem_reg_400__1_ 
   U_DUT/w1_mem_reg_400__3_ 
   U_DUT/w1_mem_reg_400__5_ 
   U_DUT/w1_mem_reg_401__1_ 
   U_DUT/w1_mem_reg_401__3_ 
   U_DUT/w1_mem_reg_401__5_ 
   U_DUT/w1_mem_reg_402__1_ 
   U_DUT/w1_mem_reg_402__3_ 
   U_DUT/w1_mem_reg_402__5_ 
   U_DUT/w1_mem_reg_403__1_ 
   U_DUT/w1_mem_reg_403__3_ 
   U_DUT/w1_mem_reg_403__5_ 
   U_DUT/w1_mem_reg_404__1_ 
   U_DUT/w1_mem_reg_404__3_ 
   U_DUT/w1_mem_reg_404__5_ 
   U_DUT/w1_mem_reg_405__1_ 
   U_DUT/w1_mem_reg_405__3_ 
   U_DUT/w1_mem_reg_405__5_ 
   U_DUT/w1_mem_reg_406__1_ 
   U_DUT/w1_mem_reg_406__3_ 
   U_DUT/w1_mem_reg_406__5_ 
   U_DUT/w1_mem_reg_407__1_ 
   U_DUT/w1_mem_reg_407__3_ 
   U_DUT/w1_mem_reg_407__5_ 
   U_DUT/w1_mem_reg_408__1_ 
   U_DUT/w1_mem_reg_408__3_ 
   U_DUT/w1_mem_reg_408__5_ 
   U_DUT/w1_mem_reg_409__1_ 
   U_DUT/w1_mem_reg_409__3_ 
   U_DUT/w1_mem_reg_409__5_ 
   U_DUT/w1_mem_reg_412__1_ 
   U_DUT/w1_mem_reg_412__3_ 
   U_DUT/w1_mem_reg_412__5_ 
   U_DUT/w1_mem_reg_415__1_ 
   U_DUT/w1_mem_reg_415__3_ 
   U_DUT/w1_mem_reg_415__5_ 
   U_DUT/w1_mem_reg_416__1_ 
   U_DUT/w1_mem_reg_416__3_ 
   U_DUT/w1_mem_reg_416__5_ 
   U_DUT/w1_mem_reg_417__1_ 
   U_DUT/w1_mem_reg_417__3_ 
   U_DUT/w1_mem_reg_417__5_ 
   U_DUT/w1_mem_reg_420__1_ 
   U_DUT/w1_mem_reg_420__3_ 
   U_DUT/w1_mem_reg_420__5_ 
   U_DUT/w1_mem_reg_421__1_ 
   U_DUT/w1_mem_reg_421__3_ 
   U_DUT/w1_mem_reg_421__5_ 
   U_DUT/w1_mem_reg_423__1_ 
   U_DUT/w1_mem_reg_423__3_ 
   U_DUT/w1_mem_reg_423__5_ 
   U_DUT/w1_mem_reg_424__1_ 
   U_DUT/w1_mem_reg_424__3_ 
   U_DUT/w1_mem_reg_424__5_ 
   U_DUT/w2_mem_reg_196__7_ 
   U_DUT/w2_mem_reg_206__7_ 
   U_DUT/w1_mem_reg_362__7_ 
   U_DUT/w1_mem_reg_363__7_ 
   U_DUT/w1_mem_reg_364__7_ 
   U_DUT/w1_mem_reg_365__7_ 
   U_DUT/w1_mem_reg_366__7_ 
   U_DUT/w1_mem_reg_367__7_ 
   U_DUT/w1_mem_reg_368__7_ 
   U_DUT/w1_mem_reg_369__7_ 
   U_DUT/w1_mem_reg_370__7_ 
   U_DUT/w1_mem_reg_371__7_ 
   U_DUT/w1_mem_reg_372__7_ 
   U_DUT/w1_mem_reg_373__7_ 
   U_DUT/w1_mem_reg_374__7_ 
   U_DUT/w1_mem_reg_400__7_ 
   U_DUT/w1_mem_reg_401__7_ 
   U_DUT/w1_mem_reg_402__7_ 
   U_DUT/w1_mem_reg_403__7_ 
   U_DUT/w1_mem_reg_404__7_ 
   U_DUT/w1_mem_reg_405__7_ 
   U_DUT/w1_mem_reg_406__7_ 
   U_DUT/w1_mem_reg_407__7_ 
   U_DUT/w1_mem_reg_408__7_ 
   U_DUT/w1_mem_reg_409__7_ 
   U_DUT/w1_mem_reg_410__7_ 
   U_DUT/w1_mem_reg_412__7_ 
   U_DUT/w1_mem_reg_416__7_ 
   U_DUT/w1_mem_reg_417__7_ 
   U_DUT/w1_mem_reg_420__7_ 
   U_DUT/w1_mem_reg_421__7_ 
   U_DUT/w1_mem_reg_423__7_ 
   U_DUT/w1_mem_reg_424__7_ 
   U_DUT/w1_mem_reg_159__7_ 
   U_DUT/b1_mem_reg_5__1_ 
   U_DUT/b1_mem_reg_5__3_ 
   U_DUT/b1_mem_reg_5__5_ 
   U_DUT/w1_mem_reg_135__1_ 
   U_DUT/w1_mem_reg_135__3_ 
   U_DUT/w1_mem_reg_135__5_ 
   U_DUT/w1_mem_reg_136__1_ 
   U_DUT/w1_mem_reg_136__3_ 
   U_DUT/w1_mem_reg_136__5_ 
   U_DUT/w1_mem_reg_139__1_ 
   U_DUT/w1_mem_reg_139__3_ 
   U_DUT/w1_mem_reg_139__5_ 
   U_DUT/w1_mem_reg_144__1_ 
   U_DUT/w1_mem_reg_144__3_ 
   U_DUT/w1_mem_reg_144__5_ 
   U_DUT/w1_mem_reg_145__1_ 
   U_DUT/w1_mem_reg_145__3_ 
   U_DUT/w1_mem_reg_145__5_ 
   U_DUT/w1_mem_reg_146__1_ 
   U_DUT/w1_mem_reg_146__3_ 
   U_DUT/w1_mem_reg_146__5_ 
   U_DUT/w1_mem_reg_148__1_ 
   U_DUT/w1_mem_reg_148__3_ 
   U_DUT/w1_mem_reg_148__5_ 
   U_DUT/w1_mem_reg_149__1_ 
   U_DUT/w1_mem_reg_149__3_ 
   U_DUT/w1_mem_reg_149__5_ 
   U_DUT/w1_mem_reg_150__1_ 
   U_DUT/w1_mem_reg_150__3_ 
   U_DUT/w1_mem_reg_150__5_ 
   U_DUT/w1_mem_reg_151__1_ 
   U_DUT/w1_mem_reg_151__3_ 
   U_DUT/w1_mem_reg_151__5_ 
   U_DUT/w1_mem_reg_152__1_ 
   U_DUT/w1_mem_reg_152__3_ 
   U_DUT/w1_mem_reg_152__5_ 
   U_DUT/w1_mem_reg_153__1_ 
   U_DUT/w1_mem_reg_153__3_ 
   U_DUT/w1_mem_reg_153__5_ 
   U_DUT/w1_mem_reg_154__1_ 
   U_DUT/w1_mem_reg_154__3_ 
   U_DUT/w1_mem_reg_154__5_ 
   U_DUT/w1_mem_reg_155__1_ 
   U_DUT/w1_mem_reg_155__3_ 
   U_DUT/w1_mem_reg_155__5_ 
   U_DUT/w1_mem_reg_156__1_ 
   U_DUT/w1_mem_reg_156__3_ 
   U_DUT/w1_mem_reg_156__5_ 
   U_DUT/w1_mem_reg_157__1_ 
   U_DUT/w1_mem_reg_157__3_ 
   U_DUT/w1_mem_reg_157__5_ 
   U_DUT/w1_mem_reg_158__1_ 
   U_DUT/w1_mem_reg_158__3_ 
   U_DUT/w1_mem_reg_158__5_ 
   U_DUT/w1_mem_reg_159__1_ 
   U_DUT/w1_mem_reg_159__3_ 
   U_DUT/w1_mem_reg_159__5_ 
   U_DUT/w1_mem_reg_203__1_ 
   U_DUT/w1_mem_reg_203__3_ 
   U_DUT/w1_mem_reg_203__5_ 
   U_DUT/w1_mem_reg_207__1_ 
   U_DUT/w1_mem_reg_207__3_ 
   U_DUT/w1_mem_reg_207__5_ 
   U_DUT/w1_mem_reg_208__1_ 
   U_DUT/w1_mem_reg_208__3_ 
   U_DUT/w1_mem_reg_208__5_ 
   U_DUT/w1_mem_reg_209__1_ 
   U_DUT/w1_mem_reg_209__3_ 
   U_DUT/w1_mem_reg_209__5_ 
   U_DUT/w1_mem_reg_210__1_ 
   U_DUT/w1_mem_reg_210__3_ 
   U_DUT/w1_mem_reg_210__5_ 
   U_DUT/w1_mem_reg_257__1_ 
   U_DUT/w1_mem_reg_257__3_ 
   U_DUT/w1_mem_reg_257__5_ 
   U_DUT/w1_mem_reg_450__1_ 
   U_DUT/w1_mem_reg_450__3_ 
   U_DUT/w1_mem_reg_450__5_ 
   U_DUT/w1_mem_reg_458__1_ 
   U_DUT/w1_mem_reg_458__3_ 
   U_DUT/w1_mem_reg_458__5_ 
   U_DUT/w1_mem_reg_466__1_ 
   U_DUT/w1_mem_reg_466__3_ 
   U_DUT/w1_mem_reg_466__5_ 
   U_DUT/w1_mem_reg_472__1_ 
   U_DUT/w1_mem_reg_472__3_ 
   U_DUT/w1_mem_reg_472__5_ 
   U_DUT/w1_mem_reg_474__1_ 
   U_DUT/w1_mem_reg_474__3_ 
   U_DUT/w1_mem_reg_474__5_ 
   U_DUT/w1_mem_reg_503__1_ 
   U_DUT/w1_mem_reg_503__3_ 
   U_DUT/w1_mem_reg_503__5_ 
   U_DUT/w1_mem_reg_508__1_ 
   U_DUT/w1_mem_reg_508__3_ 
   U_DUT/w1_mem_reg_508__5_ 
   U_DUT/b1_mem_reg_5__7_ 
   U_DUT/w1_mem_reg_138__7_ 
   U_DUT/w1_mem_reg_140__7_ 
   U_DUT/w1_mem_reg_141__7_ 
   U_DUT/w1_mem_reg_142__7_ 
   U_DUT/w1_mem_reg_143__7_ 
   U_DUT/w1_mem_reg_147__7_ 
   U_DUT/w1_mem_reg_148__7_ 
   U_DUT/w1_mem_reg_149__7_ 
   U_DUT/w1_mem_reg_150__7_ 
   U_DUT/w1_mem_reg_151__7_ 
   U_DUT/w1_mem_reg_152__7_ 
   U_DUT/w1_mem_reg_153__7_ 
   U_DUT/w1_mem_reg_154__7_ 
   U_DUT/w1_mem_reg_155__7_ 
   U_DUT/w1_mem_reg_156__7_ 
   U_DUT/w1_mem_reg_157__7_ 
   U_DUT/w1_mem_reg_158__7_ 
   U_DUT/w1_mem_reg_169__7_ 
   U_DUT/w1_mem_reg_176__7_ 
   U_DUT/w1_mem_reg_198__7_ 
   U_DUT/w1_mem_reg_206__7_ 
   U_DUT/w1_mem_reg_209__7_ 
   U_DUT/w1_mem_reg_257__7_ 
   U_DUT/w1_mem_reg_451__7_ 
   U_DUT/w1_mem_reg_459__7_ 
   U_DUT/w1_mem_reg_467__7_ 
   U_DUT/w1_mem_reg_472__7_ 
   U_DUT/w1_mem_reg_475__7_ 
   U_DUT/w1_mem_reg_503__7_ 
   U_DUT/w1_mem_reg_508__7_ 
   U_DUT/w2_mem_reg_80__1_ 
   U_DUT/w2_mem_reg_80__3_ 
   U_DUT/w2_mem_reg_80__5_ 
   U_DUT/w2_mem_reg_80__7_ 
   U_DUT/w2_mem_reg_81__1_ 
   U_DUT/w2_mem_reg_81__3_ 
   U_DUT/w2_mem_reg_81__5_ 
   U_DUT/w2_mem_reg_81__7_ 
   U_DUT/w2_mem_reg_82__1_ 
   U_DUT/w2_mem_reg_82__3_ 
   U_DUT/w2_mem_reg_82__5_ 
   U_DUT/w2_mem_reg_82__7_ 
   U_DUT/w2_mem_reg_83__1_ 
   U_DUT/w2_mem_reg_83__3_ 
   U_DUT/w2_mem_reg_83__5_ 
   U_DUT/w2_mem_reg_83__7_ 
   U_DUT/w2_mem_reg_84__1_ 
   U_DUT/w2_mem_reg_84__3_ 
   U_DUT/w2_mem_reg_84__5_ 
   U_DUT/w2_mem_reg_84__7_ 
   U_DUT/w2_mem_reg_85__1_ 
   U_DUT/w2_mem_reg_85__3_ 
   U_DUT/w2_mem_reg_85__5_ 
   U_DUT/w2_mem_reg_85__7_ 
   U_DUT/w2_mem_reg_86__1_ 
   U_DUT/w2_mem_reg_86__3_ 
   U_DUT/w2_mem_reg_86__5_ 
   U_DUT/w2_mem_reg_86__7_ 
   U_DUT/w2_mem_reg_87__1_ 
   U_DUT/w2_mem_reg_87__3_ 
   U_DUT/w2_mem_reg_87__5_ 
   U_DUT/w2_mem_reg_87__7_ 
   U_DUT/w2_mem_reg_88__1_ 
   U_DUT/w2_mem_reg_88__3_ 
   U_DUT/w2_mem_reg_88__5_ 
   U_DUT/w2_mem_reg_88__7_ 
   U_DUT/w2_mem_reg_89__1_ 
   U_DUT/w2_mem_reg_89__3_ 
   U_DUT/w2_mem_reg_89__5_ 
   U_DUT/w2_mem_reg_89__7_ 
   U_DUT/w2_mem_reg_90__1_ 
   U_DUT/w2_mem_reg_90__3_ 
   U_DUT/w2_mem_reg_90__5_ 
   U_DUT/w2_mem_reg_90__7_ 
   U_DUT/w2_mem_reg_91__1_ 
   U_DUT/w2_mem_reg_91__3_ 
   U_DUT/w2_mem_reg_91__5_ 
   U_DUT/w2_mem_reg_91__7_ 
   U_DUT/w2_mem_reg_92__1_ 
   U_DUT/w2_mem_reg_92__3_ 
   U_DUT/w2_mem_reg_92__5_ 
   U_DUT/w2_mem_reg_92__7_ 
   U_DUT/w2_mem_reg_93__1_ 
   U_DUT/w2_mem_reg_93__3_ 
   U_DUT/w2_mem_reg_93__5_ 
   U_DUT/w2_mem_reg_93__7_ 
   U_DUT/w2_mem_reg_94__1_ 
   U_DUT/w2_mem_reg_94__3_ 
   U_DUT/w2_mem_reg_94__5_ 
   U_DUT/w2_mem_reg_94__7_ 
   U_DUT/w2_mem_reg_95__1_ 
   U_DUT/w2_mem_reg_95__3_ 
   U_DUT/w2_mem_reg_95__5_ 
   U_DUT/w2_mem_reg_95__7_ 
   U_DUT/w3_mem_reg_8__1_ 
   U_DUT/w3_mem_reg_8__3_ 
   U_DUT/w3_mem_reg_8__5_ 
   U_DUT/w3_mem_reg_8__7_ 
   U_DUT/w3_mem_reg_9__1_ 
   U_DUT/w3_mem_reg_9__3_ 
   U_DUT/w3_mem_reg_9__5_ 
   U_DUT/w3_mem_reg_9__7_ 
   U_DUT/w3_mem_reg_10__1_ 
   U_DUT/w3_mem_reg_10__3_ 
   U_DUT/w3_mem_reg_10__5_ 
   U_DUT/w3_mem_reg_10__7_ 
   U_DUT/w3_mem_reg_11__1_ 
   U_DUT/w3_mem_reg_11__3_ 
   U_DUT/w3_mem_reg_11__5_ 
   U_DUT/w3_mem_reg_11__7_ 
   U_DUT/w3_mem_reg_12__1_ 
   U_DUT/w3_mem_reg_12__3_ 
   U_DUT/w3_mem_reg_12__5_ 
   U_DUT/w3_mem_reg_12__7_ 
   U_DUT/w3_mem_reg_13__1_ 
   U_DUT/w3_mem_reg_13__3_ 
   U_DUT/w3_mem_reg_13__5_ 
   U_DUT/w3_mem_reg_13__7_ 
   U_DUT/w3_mem_reg_14__1_ 
   U_DUT/w3_mem_reg_14__3_ 
   U_DUT/w3_mem_reg_14__5_ 
   U_DUT/w3_mem_reg_14__7_ 
   U_DUT/w3_mem_reg_15__1_ 
   U_DUT/w3_mem_reg_15__3_ 
   U_DUT/w3_mem_reg_15__5_ 
   U_DUT/w3_mem_reg_15__7_ 
   U_DUT/w2_mem_reg_80__0_ 
   U_DUT/w2_mem_reg_80__2_ 
   U_DUT/w2_mem_reg_80__4_ 
   U_DUT/w2_mem_reg_80__6_ 
   U_DUT/w2_mem_reg_81__0_ 
   U_DUT/w2_mem_reg_81__2_ 
   U_DUT/w2_mem_reg_81__4_ 
   U_DUT/w2_mem_reg_81__6_ 
   U_DUT/w2_mem_reg_82__0_ 
   U_DUT/w2_mem_reg_82__2_ 
   U_DUT/w2_mem_reg_82__4_ 
   U_DUT/w2_mem_reg_82__6_ 
   U_DUT/w2_mem_reg_83__0_ 
   U_DUT/w2_mem_reg_83__2_ 
   U_DUT/w2_mem_reg_83__4_ 
   U_DUT/w2_mem_reg_83__6_ 
   U_DUT/w2_mem_reg_86__0_ 
   U_DUT/w2_mem_reg_86__2_ 
   U_DUT/w2_mem_reg_86__4_ 
   U_DUT/w2_mem_reg_86__6_ 
   U_DUT/w2_mem_reg_88__0_ 
   U_DUT/w2_mem_reg_88__2_ 
   U_DUT/w2_mem_reg_88__4_ 
   U_DUT/w2_mem_reg_88__6_ 
   U_DUT/w2_mem_reg_90__0_ 
   U_DUT/w2_mem_reg_90__2_ 
   U_DUT/w2_mem_reg_90__4_ 
   U_DUT/w2_mem_reg_90__6_ 
   U_DUT/w2_mem_reg_93__0_ 
   U_DUT/w2_mem_reg_93__2_ 
   U_DUT/w2_mem_reg_93__4_ 
   U_DUT/w2_mem_reg_93__6_ 
   U_DUT/w2_mem_reg_94__0_ 
   U_DUT/w2_mem_reg_94__2_ 
   U_DUT/w2_mem_reg_94__4_ 
   U_DUT/w2_mem_reg_94__6_ 
   U_DUT/w2_mem_reg_95__0_ 
   U_DUT/w2_mem_reg_95__2_ 
   U_DUT/w2_mem_reg_95__4_ 
   U_DUT/w2_mem_reg_95__6_ 
   U_DUT/w2_mem_reg_84__0_ 
   U_DUT/w2_mem_reg_84__2_ 
   U_DUT/w2_mem_reg_84__4_ 
   U_DUT/w2_mem_reg_84__6_ 
   U_DUT/w2_mem_reg_85__0_ 
   U_DUT/w2_mem_reg_85__2_ 
   U_DUT/w2_mem_reg_85__4_ 
   U_DUT/w2_mem_reg_85__6_ 
   U_DUT/w2_mem_reg_89__0_ 
   U_DUT/w2_mem_reg_89__2_ 
   U_DUT/w2_mem_reg_89__4_ 
   U_DUT/w2_mem_reg_89__6_ 
   U_DUT/w2_mem_reg_91__0_ 
   U_DUT/w2_mem_reg_91__2_ 
   U_DUT/w2_mem_reg_91__4_ 
   U_DUT/w2_mem_reg_91__6_ 
   U_DUT/w2_mem_reg_87__0_ 
   U_DUT/w2_mem_reg_87__2_ 
   U_DUT/w2_mem_reg_87__4_ 
   U_DUT/w2_mem_reg_87__6_ 
   U_DUT/w2_mem_reg_92__0_ 
   U_DUT/w2_mem_reg_92__2_ 
   U_DUT/w2_mem_reg_92__4_ 
   U_DUT/w2_mem_reg_92__6_ 
   U_DUT/w3_mem_reg_8__0_ 
   U_DUT/w3_mem_reg_9__0_ 
   U_DUT/w3_mem_reg_10__0_ 
   U_DUT/w3_mem_reg_11__0_ 
   U_DUT/w3_mem_reg_12__0_ 
   U_DUT/w3_mem_reg_13__0_ 
   U_DUT/w3_mem_reg_14__0_ 
   U_DUT/w3_mem_reg_15__0_ 
   U_DUT/w3_mem_reg_8__2_ 
   U_DUT/w3_mem_reg_8__4_ 
   U_DUT/w3_mem_reg_8__6_ 
   U_DUT/w3_mem_reg_9__2_ 
   U_DUT/w3_mem_reg_9__4_ 
   U_DUT/w3_mem_reg_9__6_ 
   U_DUT/w3_mem_reg_10__2_ 
   U_DUT/w3_mem_reg_10__4_ 
   U_DUT/w3_mem_reg_10__6_ 
   U_DUT/w3_mem_reg_11__2_ 
   U_DUT/w3_mem_reg_11__4_ 
   U_DUT/w3_mem_reg_11__6_ 
   U_DUT/w3_mem_reg_12__2_ 
   U_DUT/w3_mem_reg_12__4_ 
   U_DUT/w3_mem_reg_12__6_ 
   U_DUT/w3_mem_reg_13__2_ 
   U_DUT/w3_mem_reg_13__4_ 
   U_DUT/w3_mem_reg_13__6_ 
   U_DUT/w3_mem_reg_14__2_ 
   U_DUT/w3_mem_reg_14__4_ 
   U_DUT/w3_mem_reg_14__6_ 
   U_DUT/w3_mem_reg_15__2_ 
   U_DUT/w3_mem_reg_15__4_ 
   U_DUT/w3_mem_reg_15__6_ 
   U_DUT/w3_mem_reg_0__0_ 
   U_DUT/w3_mem_reg_1__0_ 
   U_DUT/w3_mem_reg_2__0_ 
   U_DUT/w3_mem_reg_3__0_ 
   U_DUT/w3_mem_reg_5__0_ 
   U_DUT/w3_mem_reg_6__0_ 
   U_DUT/w3_mem_reg_0__2_ 
   U_DUT/w3_mem_reg_0__4_ 
   U_DUT/w3_mem_reg_0__6_ 
   U_DUT/w3_mem_reg_1__2_ 
   U_DUT/w3_mem_reg_1__4_ 
   U_DUT/w3_mem_reg_1__6_ 
   U_DUT/w3_mem_reg_2__2_ 
   U_DUT/w3_mem_reg_2__4_ 
   U_DUT/w3_mem_reg_2__6_ 
   U_DUT/w3_mem_reg_3__2_ 
   U_DUT/w3_mem_reg_3__4_ 
   U_DUT/w3_mem_reg_3__6_ 
   U_DUT/w3_mem_reg_5__2_ 
   U_DUT/w3_mem_reg_5__4_ 
   U_DUT/w3_mem_reg_5__6_ 
   U_DUT/w3_mem_reg_6__2_ 
   U_DUT/w3_mem_reg_6__4_ 
   U_DUT/w3_mem_reg_6__6_ 
   U_DUT/b3_mem_reg_0__0_ 
   U_DUT/b3_mem_reg_0__2_ 
   U_DUT/b3_mem_reg_0__4_ 
   U_DUT/b3_mem_reg_0__6_ 
   U_DUT/b1_mem_reg_2__2_ 
   U_DUT/b1_mem_reg_2__4_ 
   U_DUT/b1_mem_reg_2__6_ 
   U_DUT/b1_mem_reg_3__0_ 
   U_DUT/b1_mem_reg_3__2_ 
   U_DUT/b1_mem_reg_3__4_ 
   U_DUT/b1_mem_reg_3__6_ 
   U_DUT/b1_mem_reg_4__0_ 
   U_DUT/b1_mem_reg_4__2_ 
   U_DUT/b1_mem_reg_4__4_ 
   U_DUT/b1_mem_reg_4__6_ 
   U_DUT/w1_mem_reg_60__0_ 
   U_DUT/w1_mem_reg_60__2_ 
   U_DUT/w1_mem_reg_60__4_ 
   U_DUT/w1_mem_reg_60__6_ 
   U_DUT/w1_mem_reg_61__0_ 
   U_DUT/w1_mem_reg_61__2_ 
   U_DUT/w1_mem_reg_61__4_ 
   U_DUT/w1_mem_reg_61__6_ 
   U_DUT/w1_mem_reg_62__0_ 
   U_DUT/w1_mem_reg_62__2_ 
   U_DUT/w1_mem_reg_62__4_ 
   U_DUT/w1_mem_reg_62__6_ 
   U_DUT/w1_mem_reg_63__0_ 
   U_DUT/w1_mem_reg_63__2_ 
   U_DUT/w1_mem_reg_63__4_ 
   U_DUT/w1_mem_reg_63__6_ 
   U_DUT/w1_mem_reg_64__0_ 
   U_DUT/w1_mem_reg_64__2_ 
   U_DUT/w1_mem_reg_64__4_ 
   U_DUT/w1_mem_reg_64__6_ 
   U_DUT/w1_mem_reg_65__0_ 
   U_DUT/w1_mem_reg_65__2_ 
   U_DUT/w1_mem_reg_65__4_ 
   U_DUT/w1_mem_reg_65__6_ 
   U_DUT/w1_mem_reg_66__0_ 
   U_DUT/w1_mem_reg_66__2_ 
   U_DUT/w1_mem_reg_66__4_ 
   U_DUT/w1_mem_reg_66__6_ 
   U_DUT/w1_mem_reg_67__0_ 
   U_DUT/w1_mem_reg_67__2_ 
   U_DUT/w1_mem_reg_67__4_ 
   U_DUT/w1_mem_reg_67__6_ 
   U_DUT/w1_mem_reg_68__0_ 
   U_DUT/w1_mem_reg_68__2_ 
   U_DUT/w1_mem_reg_68__4_ 
   U_DUT/w1_mem_reg_68__6_ 
   U_DUT/w1_mem_reg_69__0_ 
   U_DUT/w1_mem_reg_69__2_ 
   U_DUT/w1_mem_reg_69__4_ 
   U_DUT/w1_mem_reg_69__6_ 
   U_DUT/w1_mem_reg_70__0_ 
   U_DUT/w1_mem_reg_70__2_ 
   U_DUT/w1_mem_reg_70__4_ 
   U_DUT/w1_mem_reg_70__6_ 
   U_DUT/w1_mem_reg_71__0_ 
   U_DUT/w1_mem_reg_71__2_ 
   U_DUT/w1_mem_reg_71__4_ 
   U_DUT/w1_mem_reg_71__6_ 
   U_DUT/w1_mem_reg_72__0_ 
   U_DUT/w1_mem_reg_72__2_ 
   U_DUT/w1_mem_reg_72__4_ 
   U_DUT/w1_mem_reg_72__6_ 
   U_DUT/w1_mem_reg_73__0_ 
   U_DUT/w1_mem_reg_73__2_ 
   U_DUT/w1_mem_reg_73__4_ 
   U_DUT/w1_mem_reg_73__6_ 
   U_DUT/w1_mem_reg_76__0_ 
   U_DUT/w1_mem_reg_76__2_ 
   U_DUT/w1_mem_reg_76__4_ 
   U_DUT/w1_mem_reg_76__6_ 
   U_DUT/w1_mem_reg_77__0_ 
   U_DUT/w1_mem_reg_77__2_ 
   U_DUT/w1_mem_reg_77__4_ 
   U_DUT/w1_mem_reg_77__6_ 
   U_DUT/w1_mem_reg_79__0_ 
   U_DUT/w1_mem_reg_79__2_ 
   U_DUT/w1_mem_reg_79__4_ 
   U_DUT/w1_mem_reg_79__6_ 
   U_DUT/w1_mem_reg_80__0_ 
   U_DUT/w1_mem_reg_80__2_ 
   U_DUT/w1_mem_reg_80__4_ 
   U_DUT/w1_mem_reg_80__6_ 
   U_DUT/w1_mem_reg_81__0_ 
   U_DUT/w1_mem_reg_81__2_ 
   U_DUT/w1_mem_reg_81__4_ 
   U_DUT/w1_mem_reg_81__6_ 
   U_DUT/w1_mem_reg_84__0_ 
   U_DUT/w1_mem_reg_84__2_ 
   U_DUT/w1_mem_reg_84__4_ 
   U_DUT/w1_mem_reg_84__6_ 
   U_DUT/w1_mem_reg_85__0_ 
   U_DUT/w1_mem_reg_85__2_ 
   U_DUT/w1_mem_reg_85__4_ 
   U_DUT/w1_mem_reg_85__6_ 
   U_DUT/w1_mem_reg_86__0_ 
   U_DUT/w1_mem_reg_86__2_ 
   U_DUT/w1_mem_reg_86__4_ 
   U_DUT/w1_mem_reg_86__6_ 
   U_DUT/w1_mem_reg_87__0_ 
   U_DUT/w1_mem_reg_87__2_ 
   U_DUT/w1_mem_reg_87__4_ 
   U_DUT/w1_mem_reg_87__6_ 
   U_DUT/w1_mem_reg_88__0_ 
   U_DUT/w1_mem_reg_88__2_ 
   U_DUT/w1_mem_reg_88__4_ 
   U_DUT/w1_mem_reg_88__6_ 
   U_DUT/w1_mem_reg_89__0_ 
   U_DUT/w1_mem_reg_89__2_ 
   U_DUT/w1_mem_reg_89__4_ 
   U_DUT/w1_mem_reg_89__6_ 
   U_DUT/w1_mem_reg_90__0_ 
   U_DUT/w1_mem_reg_90__2_ 
   U_DUT/w1_mem_reg_90__4_ 
   U_DUT/w1_mem_reg_90__6_ 
   U_DUT/w1_mem_reg_91__0_ 
   U_DUT/w1_mem_reg_91__2_ 
   U_DUT/w1_mem_reg_91__4_ 
   U_DUT/w1_mem_reg_91__6_ 
   U_DUT/w1_mem_reg_92__0_ 
   U_DUT/w1_mem_reg_92__2_ 
   U_DUT/w1_mem_reg_92__4_ 
   U_DUT/w1_mem_reg_92__6_ 
   U_DUT/w1_mem_reg_93__0_ 
   U_DUT/w1_mem_reg_93__2_ 
   U_DUT/w1_mem_reg_93__4_ 
   U_DUT/w1_mem_reg_93__6_ 
   U_DUT/w1_mem_reg_94__0_ 
   U_DUT/w1_mem_reg_94__2_ 
   U_DUT/w1_mem_reg_94__4_ 
   U_DUT/w1_mem_reg_94__6_ 
   U_DUT/w1_mem_reg_95__0_ 
   U_DUT/w1_mem_reg_95__2_ 
   U_DUT/w1_mem_reg_95__4_ 
   U_DUT/w1_mem_reg_95__6_ 
   U_DUT/w1_mem_reg_96__0_ 
   U_DUT/w1_mem_reg_96__2_ 
   U_DUT/w1_mem_reg_96__4_ 
   U_DUT/w1_mem_reg_96__6_ 
   U_DUT/w1_mem_reg_110__0_ 
   U_DUT/w1_mem_reg_110__2_ 
   U_DUT/w1_mem_reg_110__4_ 
   U_DUT/w1_mem_reg_110__6_ 
   U_DUT/w1_mem_reg_114__0_ 
   U_DUT/w1_mem_reg_114__2_ 
   U_DUT/w1_mem_reg_114__4_ 
   U_DUT/w1_mem_reg_114__6_ 
   U_DUT/w1_mem_reg_123__0_ 
   U_DUT/w1_mem_reg_123__2_ 
   U_DUT/w1_mem_reg_123__4_ 
   U_DUT/w1_mem_reg_123__6_ 
   U_DUT/w1_mem_reg_124__0_ 
   U_DUT/w1_mem_reg_124__2_ 
   U_DUT/w1_mem_reg_124__4_ 
   U_DUT/w1_mem_reg_124__6_ 
   U_DUT/w1_mem_reg_125__0_ 
   U_DUT/w1_mem_reg_125__2_ 
   U_DUT/w1_mem_reg_125__4_ 
   U_DUT/w1_mem_reg_125__6_ 
   U_DUT/w1_mem_reg_126__0_ 
   U_DUT/w1_mem_reg_126__2_ 
   U_DUT/w1_mem_reg_126__4_ 
   U_DUT/w1_mem_reg_126__6_ 
   U_DUT/w1_mem_reg_127__0_ 
   U_DUT/w1_mem_reg_127__2_ 
   U_DUT/w1_mem_reg_127__4_ 
   U_DUT/w1_mem_reg_127__6_ 
   U_DUT/w1_mem_reg_128__0_ 
   U_DUT/w1_mem_reg_128__2_ 
   U_DUT/w1_mem_reg_128__4_ 
   U_DUT/w1_mem_reg_128__6_ 
   U_DUT/w1_mem_reg_129__0_ 
   U_DUT/w1_mem_reg_129__2_ 
   U_DUT/w1_mem_reg_129__4_ 
   U_DUT/w1_mem_reg_129__6_ 
   U_DUT/w1_mem_reg_130__0_ 
   U_DUT/w1_mem_reg_130__2_ 
   U_DUT/w1_mem_reg_130__4_ 
   U_DUT/w1_mem_reg_130__6_ 
   U_DUT/w1_mem_reg_131__0_ 
   U_DUT/w1_mem_reg_131__2_ 
   U_DUT/w1_mem_reg_131__4_ 
   U_DUT/w1_mem_reg_131__6_ 
   U_DUT/w1_mem_reg_132__0_ 
   U_DUT/w1_mem_reg_132__2_ 
   U_DUT/w1_mem_reg_132__4_ 
   U_DUT/w1_mem_reg_132__6_ 
   U_DUT/w1_mem_reg_133__0_ 
   U_DUT/w1_mem_reg_133__2_ 
   U_DUT/w1_mem_reg_133__4_ 
   U_DUT/w1_mem_reg_133__6_ 
   U_DUT/w1_mem_reg_134__0_ 
   U_DUT/w1_mem_reg_134__2_ 
   U_DUT/w1_mem_reg_134__4_ 
   U_DUT/w1_mem_reg_134__6_ 
   U_DUT/w1_mem_reg_137__0_ 
   U_DUT/w1_mem_reg_137__2_ 
   U_DUT/w1_mem_reg_137__4_ 
   U_DUT/w1_mem_reg_137__6_ 
   U_DUT/w1_mem_reg_160__0_ 
   U_DUT/w1_mem_reg_160__2_ 
   U_DUT/w1_mem_reg_160__4_ 
   U_DUT/w1_mem_reg_160__6_ 
   U_DUT/w1_mem_reg_161__0_ 
   U_DUT/w1_mem_reg_161__2_ 
   U_DUT/w1_mem_reg_161__4_ 
   U_DUT/w1_mem_reg_161__6_ 
   U_DUT/w1_mem_reg_162__0_ 
   U_DUT/w1_mem_reg_162__2_ 
   U_DUT/w1_mem_reg_162__4_ 
   U_DUT/w1_mem_reg_162__6_ 
   U_DUT/w1_mem_reg_164__0_ 
   U_DUT/w1_mem_reg_164__2_ 
   U_DUT/w1_mem_reg_164__4_ 
   U_DUT/w1_mem_reg_164__6_ 
   U_DUT/w1_mem_reg_165__0_ 
   U_DUT/w1_mem_reg_165__2_ 
   U_DUT/w1_mem_reg_165__4_ 
   U_DUT/w1_mem_reg_165__6_ 
   U_DUT/w1_mem_reg_166__0_ 
   U_DUT/w1_mem_reg_166__2_ 
   U_DUT/w1_mem_reg_166__4_ 
   U_DUT/w1_mem_reg_166__6_ 
   U_DUT/w1_mem_reg_167__0_ 
   U_DUT/w1_mem_reg_167__2_ 
   U_DUT/w1_mem_reg_167__4_ 
   U_DUT/w1_mem_reg_167__6_ 
   U_DUT/w1_mem_reg_168__0_ 
   U_DUT/w1_mem_reg_168__2_ 
   U_DUT/w1_mem_reg_168__4_ 
   U_DUT/w1_mem_reg_168__6_ 
   U_DUT/w1_mem_reg_170__0_ 
   U_DUT/w1_mem_reg_170__2_ 
   U_DUT/w1_mem_reg_170__4_ 
   U_DUT/w1_mem_reg_170__6_ 
   U_DUT/w1_mem_reg_171__0_ 
   U_DUT/w1_mem_reg_171__2_ 
   U_DUT/w1_mem_reg_171__4_ 
   U_DUT/w1_mem_reg_171__6_ 
   U_DUT/w1_mem_reg_173__0_ 
   U_DUT/w1_mem_reg_173__2_ 
   U_DUT/w1_mem_reg_173__4_ 
   U_DUT/w1_mem_reg_173__6_ 
   U_DUT/w1_mem_reg_175__0_ 
   U_DUT/w1_mem_reg_175__2_ 
   U_DUT/w1_mem_reg_175__4_ 
   U_DUT/w1_mem_reg_175__6_ 
   U_DUT/w1_mem_reg_177__0_ 
   U_DUT/w1_mem_reg_177__2_ 
   U_DUT/w1_mem_reg_177__4_ 
   U_DUT/w1_mem_reg_177__6_ 
   U_DUT/w1_mem_reg_178__0_ 
   U_DUT/w1_mem_reg_178__2_ 
   U_DUT/w1_mem_reg_178__4_ 
   U_DUT/w1_mem_reg_178__6_ 
   U_DUT/w1_mem_reg_179__0_ 
   U_DUT/w1_mem_reg_179__2_ 
   U_DUT/w1_mem_reg_179__4_ 
   U_DUT/w1_mem_reg_179__6_ 
   U_DUT/w1_mem_reg_180__0_ 
   U_DUT/w1_mem_reg_180__2_ 
   U_DUT/w1_mem_reg_180__4_ 
   U_DUT/w1_mem_reg_180__6_ 
   U_DUT/w1_mem_reg_182__0_ 
   U_DUT/w1_mem_reg_182__2_ 
   U_DUT/w1_mem_reg_182__4_ 
   U_DUT/w1_mem_reg_182__6_ 
   U_DUT/w1_mem_reg_183__0_ 
   U_DUT/w1_mem_reg_183__2_ 
   U_DUT/w1_mem_reg_183__4_ 
   U_DUT/w1_mem_reg_183__6_ 
   U_DUT/w1_mem_reg_184__0_ 
   U_DUT/w1_mem_reg_184__2_ 
   U_DUT/w1_mem_reg_184__4_ 
   U_DUT/w1_mem_reg_184__6_ 
   U_DUT/w1_mem_reg_185__0_ 
   U_DUT/w1_mem_reg_185__2_ 
   U_DUT/w1_mem_reg_185__4_ 
   U_DUT/w1_mem_reg_185__6_ 
   U_DUT/w1_mem_reg_205__0_ 
   U_DUT/w1_mem_reg_205__2_ 
   U_DUT/w1_mem_reg_205__4_ 
   U_DUT/w1_mem_reg_205__6_ 
   U_DUT/w1_mem_reg_215__0_ 
   U_DUT/w1_mem_reg_215__2_ 
   U_DUT/w1_mem_reg_215__4_ 
   U_DUT/w1_mem_reg_215__6_ 
   U_DUT/w1_mem_reg_252__0_ 
   U_DUT/w1_mem_reg_252__2_ 
   U_DUT/w1_mem_reg_252__4_ 
   U_DUT/w1_mem_reg_252__6_ 
   U_DUT/w1_mem_reg_255__0_ 
   U_DUT/w1_mem_reg_255__2_ 
   U_DUT/w1_mem_reg_255__4_ 
   U_DUT/w1_mem_reg_255__6_ 
   U_DUT/w1_mem_reg_264__0_ 
   U_DUT/w1_mem_reg_264__2_ 
   U_DUT/w1_mem_reg_264__4_ 
   U_DUT/w1_mem_reg_264__6_ 
   U_DUT/w1_mem_reg_338__0_ 
   U_DUT/w1_mem_reg_338__2_ 
   U_DUT/w1_mem_reg_338__4_ 
   U_DUT/w1_mem_reg_338__6_ 
   U_DUT/w1_mem_reg_339__0_ 
   U_DUT/w1_mem_reg_339__2_ 
   U_DUT/w1_mem_reg_339__4_ 
   U_DUT/w1_mem_reg_339__6_ 
   U_DUT/w1_mem_reg_350__0_ 
   U_DUT/w1_mem_reg_350__2_ 
   U_DUT/w1_mem_reg_350__4_ 
   U_DUT/w1_mem_reg_350__6_ 
   U_DUT/w1_mem_reg_351__0_ 
   U_DUT/w1_mem_reg_351__2_ 
   U_DUT/w1_mem_reg_351__4_ 
   U_DUT/w1_mem_reg_351__6_ 
   U_DUT/w1_mem_reg_352__0_ 
   U_DUT/w1_mem_reg_352__2_ 
   U_DUT/w1_mem_reg_352__4_ 
   U_DUT/w1_mem_reg_352__6_ 
   U_DUT/w1_mem_reg_353__0_ 
   U_DUT/w1_mem_reg_353__2_ 
   U_DUT/w1_mem_reg_353__4_ 
   U_DUT/w1_mem_reg_353__6_ 
   U_DUT/w1_mem_reg_354__0_ 
   U_DUT/w1_mem_reg_354__2_ 
   U_DUT/w1_mem_reg_354__4_ 
   U_DUT/w1_mem_reg_354__6_ 
   U_DUT/w1_mem_reg_355__0_ 
   U_DUT/w1_mem_reg_355__2_ 
   U_DUT/w1_mem_reg_355__4_ 
   U_DUT/w1_mem_reg_355__6_ 
   U_DUT/w1_mem_reg_356__0_ 
   U_DUT/w1_mem_reg_356__2_ 
   U_DUT/w1_mem_reg_356__4_ 
   U_DUT/w1_mem_reg_356__6_ 
   U_DUT/w1_mem_reg_357__0_ 
   U_DUT/w1_mem_reg_357__2_ 
   U_DUT/w1_mem_reg_357__4_ 
   U_DUT/w1_mem_reg_357__6_ 
   U_DUT/w1_mem_reg_358__0_ 
   U_DUT/w1_mem_reg_358__2_ 
   U_DUT/w1_mem_reg_358__4_ 
   U_DUT/w1_mem_reg_358__6_ 
   U_DUT/w1_mem_reg_359__0_ 
   U_DUT/w1_mem_reg_359__2_ 
   U_DUT/w1_mem_reg_359__4_ 
   U_DUT/w1_mem_reg_359__6_ 
   U_DUT/w1_mem_reg_360__0_ 
   U_DUT/w1_mem_reg_360__2_ 
   U_DUT/w1_mem_reg_360__4_ 
   U_DUT/w1_mem_reg_360__6_ 
   U_DUT/w1_mem_reg_361__0_ 
   U_DUT/w1_mem_reg_361__2_ 
   U_DUT/w1_mem_reg_361__4_ 
   U_DUT/w1_mem_reg_361__6_ 
   U_DUT/w2_mem_reg_24__0_ 
   U_DUT/w2_mem_reg_24__2_ 
   U_DUT/w2_mem_reg_24__4_ 
   U_DUT/w2_mem_reg_24__6_ 
   U_DUT/w2_mem_reg_26__0_ 
   U_DUT/w2_mem_reg_26__2_ 
   U_DUT/w2_mem_reg_26__4_ 
   U_DUT/w2_mem_reg_26__6_ 
   U_DUT/w2_mem_reg_27__0_ 
   U_DUT/w2_mem_reg_27__2_ 
   U_DUT/w2_mem_reg_27__4_ 
   U_DUT/w2_mem_reg_27__6_ 
   U_DUT/w2_mem_reg_31__0_ 
   U_DUT/w2_mem_reg_31__2_ 
   U_DUT/w2_mem_reg_31__4_ 
   U_DUT/w2_mem_reg_31__6_ 
   U_DUT/w2_mem_reg_33__0_ 
   U_DUT/w2_mem_reg_33__2_ 
   U_DUT/w2_mem_reg_33__4_ 
   U_DUT/w2_mem_reg_33__6_ 
   U_DUT/w2_mem_reg_34__0_ 
   U_DUT/w2_mem_reg_34__2_ 
   U_DUT/w2_mem_reg_34__4_ 
   U_DUT/w2_mem_reg_34__6_ 
   U_DUT/w2_mem_reg_35__0_ 
   U_DUT/w2_mem_reg_35__2_ 
   U_DUT/w2_mem_reg_35__4_ 
   U_DUT/w2_mem_reg_35__6_ 
   U_DUT/w2_mem_reg_36__0_ 
   U_DUT/w2_mem_reg_36__2_ 
   U_DUT/w2_mem_reg_36__4_ 
   U_DUT/w2_mem_reg_36__6_ 
   U_DUT/w2_mem_reg_37__0_ 
   U_DUT/w2_mem_reg_37__2_ 
   U_DUT/w2_mem_reg_37__4_ 
   U_DUT/w2_mem_reg_37__6_ 
   U_DUT/w2_mem_reg_38__0_ 
   U_DUT/w2_mem_reg_38__2_ 
   U_DUT/w2_mem_reg_38__4_ 
   U_DUT/w2_mem_reg_38__6_ 
   U_DUT/w2_mem_reg_39__0_ 
   U_DUT/w2_mem_reg_39__2_ 
   U_DUT/w2_mem_reg_39__4_ 
   U_DUT/w2_mem_reg_39__6_ 
   U_DUT/w2_mem_reg_40__0_ 
   U_DUT/w2_mem_reg_40__2_ 
   U_DUT/w2_mem_reg_40__4_ 
   U_DUT/w2_mem_reg_40__6_ 
   U_DUT/w2_mem_reg_41__0_ 
   U_DUT/w2_mem_reg_41__2_ 
   U_DUT/w2_mem_reg_41__4_ 
   U_DUT/w2_mem_reg_41__6_ 
   U_DUT/w2_mem_reg_42__0_ 
   U_DUT/w2_mem_reg_42__2_ 
   U_DUT/w2_mem_reg_42__4_ 
   U_DUT/w2_mem_reg_42__6_ 
   U_DUT/w2_mem_reg_43__0_ 
   U_DUT/w2_mem_reg_43__2_ 
   U_DUT/w2_mem_reg_43__4_ 
   U_DUT/w2_mem_reg_43__6_ 
   U_DUT/w2_mem_reg_44__0_ 
   U_DUT/w2_mem_reg_44__2_ 
   U_DUT/w2_mem_reg_44__4_ 
   U_DUT/w2_mem_reg_44__6_ 
   U_DUT/w2_mem_reg_112__1_ 
   U_DUT/w2_mem_reg_112__3_ 
   U_DUT/w2_mem_reg_112__5_ 
   U_DUT/w2_mem_reg_112__7_ 
   U_DUT/w2_mem_reg_113__1_ 
   U_DUT/w2_mem_reg_113__3_ 
   U_DUT/w2_mem_reg_113__5_ 
   U_DUT/w2_mem_reg_113__7_ 
   U_DUT/w2_mem_reg_114__1_ 
   U_DUT/w2_mem_reg_114__3_ 
   U_DUT/w2_mem_reg_114__5_ 
   U_DUT/w2_mem_reg_114__7_ 
   U_DUT/w2_mem_reg_115__1_ 
   U_DUT/w2_mem_reg_115__3_ 
   U_DUT/w2_mem_reg_115__5_ 
   U_DUT/w2_mem_reg_115__7_ 
   U_DUT/w2_mem_reg_116__1_ 
   U_DUT/w2_mem_reg_116__3_ 
   U_DUT/w2_mem_reg_116__5_ 
   U_DUT/w2_mem_reg_116__7_ 
   U_DUT/w2_mem_reg_117__1_ 
   U_DUT/w2_mem_reg_117__3_ 
   U_DUT/w2_mem_reg_117__5_ 
   U_DUT/w2_mem_reg_117__7_ 
   U_DUT/w2_mem_reg_118__1_ 
   U_DUT/w2_mem_reg_118__3_ 
   U_DUT/w2_mem_reg_118__5_ 
   U_DUT/w2_mem_reg_118__7_ 
   U_DUT/w2_mem_reg_119__1_ 
   U_DUT/w2_mem_reg_119__3_ 
   U_DUT/w2_mem_reg_119__5_ 
   U_DUT/w2_mem_reg_119__7_ 
   U_DUT/w2_mem_reg_120__1_ 
   U_DUT/w2_mem_reg_120__3_ 
   U_DUT/w2_mem_reg_120__5_ 
   U_DUT/w2_mem_reg_120__7_ 
   U_DUT/w2_mem_reg_121__1_ 
   U_DUT/w2_mem_reg_121__3_ 
   U_DUT/w2_mem_reg_121__5_ 
   U_DUT/w2_mem_reg_121__7_ 
   U_DUT/w2_mem_reg_122__1_ 
   U_DUT/w2_mem_reg_122__3_ 
   U_DUT/w2_mem_reg_122__5_ 
   U_DUT/w2_mem_reg_122__7_ 
   U_DUT/w2_mem_reg_123__1_ 
   U_DUT/w2_mem_reg_123__3_ 
   U_DUT/w2_mem_reg_123__5_ 
   U_DUT/w2_mem_reg_123__7_ 
   U_DUT/w2_mem_reg_124__1_ 
   U_DUT/w2_mem_reg_124__3_ 
   U_DUT/w2_mem_reg_124__5_ 
   U_DUT/w2_mem_reg_124__7_ 
   U_DUT/w2_mem_reg_125__1_ 
   U_DUT/w2_mem_reg_125__3_ 
   U_DUT/w2_mem_reg_125__5_ 
   U_DUT/w2_mem_reg_125__7_ 
   U_DUT/w2_mem_reg_126__1_ 
   U_DUT/w2_mem_reg_126__3_ 
   U_DUT/w2_mem_reg_126__5_ 
   U_DUT/w2_mem_reg_126__7_ 
   U_DUT/w2_mem_reg_127__1_ 
   U_DUT/w2_mem_reg_127__3_ 
   U_DUT/w2_mem_reg_127__5_ 
   U_DUT/w2_mem_reg_127__7_ 
   U_DUT/w3_mem_reg_4__0_ 
   U_DUT/w3_mem_reg_7__0_ 
   U_DUT/b1_mem_reg_6__0_ 
   U_DUT/b1_mem_reg_6__1_ 
   U_DUT/b1_mem_reg_6__2_ 
   U_DUT/b1_mem_reg_6__3_ 
   U_DUT/b1_mem_reg_6__4_ 
   U_DUT/b1_mem_reg_6__5_ 
   U_DUT/b1_mem_reg_6__6_ 
   U_DUT/b1_mem_reg_7__0_ 
   U_DUT/b1_mem_reg_7__2_ 
   U_DUT/b1_mem_reg_7__4_ 
   U_DUT/b1_mem_reg_7__6_ 
   U_DUT/b1_mem_reg_7__1_ 
   U_DUT/b1_mem_reg_7__3_ 
   U_DUT/b1_mem_reg_7__5_ 
   U_DUT/b1_mem_reg_7__7_ 
   U_DUT/b1_mem_reg_6__7_ 
   U_DUT/b1_mem_reg_1__0_ 
   U_DUT/b1_mem_reg_1__2_ 
   U_DUT/b1_mem_reg_1__4_ 
   U_DUT/b1_mem_reg_1__6_ 
   U_DUT/b1_mem_reg_2__1_ 
   U_DUT/b1_mem_reg_2__3_ 
   U_DUT/b1_mem_reg_2__5_ 
   U_DUT/b1_mem_reg_2__7_ 
   U_DUT/b1_mem_reg_3__1_ 
   U_DUT/b1_mem_reg_3__3_ 
   U_DUT/b1_mem_reg_3__5_ 
   U_DUT/b1_mem_reg_3__7_ 
   U_DUT/b1_mem_reg_4__1_ 
   U_DUT/b1_mem_reg_4__3_ 
   U_DUT/b1_mem_reg_4__5_ 
   U_DUT/b1_mem_reg_4__7_ 
   U_DUT/b1_mem_reg_0__0_ 
   U_DUT/b1_mem_reg_0__1_ 
   U_DUT/b1_mem_reg_0__2_ 
   U_DUT/b1_mem_reg_0__3_ 
   U_DUT/b1_mem_reg_0__4_ 
   U_DUT/b1_mem_reg_0__5_ 
   U_DUT/b1_mem_reg_0__6_ 
   U_DUT/b1_mem_reg_0__7_ 
   U_DUT/b1_mem_reg_1__1_ 
   U_DUT/b1_mem_reg_1__3_ 
   U_DUT/b1_mem_reg_1__5_ 
   U_DUT/b1_mem_reg_1__7_ 
   U_DUT/w1_mem_reg_511__7_ 
   U_DUT/w1_mem_reg_415__7_ 
   U_DUT/w1_mem_reg_351__7_ 
   U_DUT/w1_mem_reg_319__7_ 
   U_DUT/w1_mem_reg_447__7_ 
   U_DUT/w1_mem_reg_479__7_ 
   U_DUT/w1_mem_reg_287__7_ 
   U_DUT/w1_mem_reg_275__0_ 
   U_DUT/w1_mem_reg_275__1_ 
   U_DUT/w1_mem_reg_275__2_ 
   U_DUT/w1_mem_reg_275__3_ 
   U_DUT/w1_mem_reg_275__4_ 
   U_DUT/w1_mem_reg_275__5_ 
   U_DUT/w1_mem_reg_275__6_ 
   U_DUT/w1_mem_reg_267__0_ 
   U_DUT/w1_mem_reg_267__1_ 
   U_DUT/w1_mem_reg_267__2_ 
   U_DUT/w1_mem_reg_267__3_ 
   U_DUT/w1_mem_reg_267__4_ 
   U_DUT/w1_mem_reg_267__5_ 
   U_DUT/w1_mem_reg_267__6_ 
   U_DUT/w1_mem_reg_275__7_ 
   U_DUT/w1_mem_reg_267__7_ 
   U_DUT/w1_mem_reg_435__0_ 
   U_DUT/w1_mem_reg_435__2_ 
   U_DUT/w1_mem_reg_435__4_ 
   U_DUT/w1_mem_reg_435__6_ 
   U_DUT/w1_mem_reg_467__0_ 
   U_DUT/w1_mem_reg_467__1_ 
   U_DUT/w1_mem_reg_467__2_ 
   U_DUT/w1_mem_reg_467__3_ 
   U_DUT/w1_mem_reg_467__4_ 
   U_DUT/w1_mem_reg_467__5_ 
   U_DUT/w1_mem_reg_467__6_ 
   U_DUT/w1_mem_reg_499__0_ 
   U_DUT/w1_mem_reg_499__2_ 
   U_DUT/w1_mem_reg_499__4_ 
   U_DUT/w1_mem_reg_499__6_ 
   U_DUT/w1_mem_reg_395__0_ 
   U_DUT/w1_mem_reg_395__2_ 
   U_DUT/w1_mem_reg_395__4_ 
   U_DUT/w1_mem_reg_395__6_ 
   U_DUT/w1_mem_reg_427__0_ 
   U_DUT/w1_mem_reg_427__2_ 
   U_DUT/w1_mem_reg_427__4_ 
   U_DUT/w1_mem_reg_427__6_ 
   U_DUT/w1_mem_reg_459__0_ 
   U_DUT/w1_mem_reg_459__1_ 
   U_DUT/w1_mem_reg_459__2_ 
   U_DUT/w1_mem_reg_459__3_ 
   U_DUT/w1_mem_reg_459__4_ 
   U_DUT/w1_mem_reg_459__5_ 
   U_DUT/w1_mem_reg_459__6_ 
   U_DUT/w1_mem_reg_491__0_ 
   U_DUT/w1_mem_reg_491__2_ 
   U_DUT/w1_mem_reg_491__4_ 
   U_DUT/w1_mem_reg_491__6_ 
   U_DUT/w1_mem_reg_307__0_ 
   U_DUT/w1_mem_reg_307__2_ 
   U_DUT/w1_mem_reg_307__4_ 
   U_DUT/w1_mem_reg_307__6_ 
   U_DUT/w1_mem_reg_307__1_ 
   U_DUT/w1_mem_reg_307__3_ 
   U_DUT/w1_mem_reg_307__5_ 
   U_DUT/w1_mem_reg_307__7_ 
   U_DUT/w1_mem_reg_299__0_ 
   U_DUT/w1_mem_reg_299__2_ 
   U_DUT/w1_mem_reg_299__4_ 
   U_DUT/w1_mem_reg_299__6_ 
   U_DUT/w1_mem_reg_331__0_ 
   U_DUT/w1_mem_reg_331__2_ 
   U_DUT/w1_mem_reg_331__4_ 
   U_DUT/w1_mem_reg_331__6_ 
   U_DUT/w1_mem_reg_299__1_ 
   U_DUT/w1_mem_reg_299__3_ 
   U_DUT/w1_mem_reg_299__5_ 
   U_DUT/w1_mem_reg_299__7_ 
   U_DUT/w1_mem_reg_331__1_ 
   U_DUT/w1_mem_reg_331__3_ 
   U_DUT/w1_mem_reg_331__5_ 
   U_DUT/w1_mem_reg_331__7_ 
   U_DUT/w1_mem_reg_259__0_ 
   U_DUT/w1_mem_reg_259__1_ 
   U_DUT/w1_mem_reg_259__2_ 
   U_DUT/w1_mem_reg_259__3_ 
   U_DUT/w1_mem_reg_259__4_ 
   U_DUT/w1_mem_reg_259__5_ 
   U_DUT/w1_mem_reg_259__6_ 
   U_DUT/w1_mem_reg_259__7_ 
   U_DUT/w1_mem_reg_19__0_ 
   U_DUT/w1_mem_reg_19__2_ 
   U_DUT/w1_mem_reg_19__4_ 
   U_DUT/w1_mem_reg_19__6_ 
   U_DUT/w1_mem_reg_147__0_ 
   U_DUT/w1_mem_reg_147__1_ 
   U_DUT/w1_mem_reg_147__2_ 
   U_DUT/w1_mem_reg_147__3_ 
   U_DUT/w1_mem_reg_147__4_ 
   U_DUT/w1_mem_reg_147__5_ 
   U_DUT/w1_mem_reg_147__6_ 
   U_DUT/w1_mem_reg_243__0_ 
   U_DUT/w1_mem_reg_243__2_ 
   U_DUT/w1_mem_reg_243__4_ 
   U_DUT/w1_mem_reg_243__6_ 
   U_DUT/w1_mem_reg_387__0_ 
   U_DUT/w1_mem_reg_387__2_ 
   U_DUT/w1_mem_reg_387__4_ 
   U_DUT/w1_mem_reg_387__6_ 
   U_DUT/w1_mem_reg_451__0_ 
   U_DUT/w1_mem_reg_451__1_ 
   U_DUT/w1_mem_reg_451__2_ 
   U_DUT/w1_mem_reg_451__3_ 
   U_DUT/w1_mem_reg_451__4_ 
   U_DUT/w1_mem_reg_451__5_ 
   U_DUT/w1_mem_reg_451__6_ 
   U_DUT/w1_mem_reg_211__0_ 
   U_DUT/w1_mem_reg_211__2_ 
   U_DUT/w1_mem_reg_211__4_ 
   U_DUT/w1_mem_reg_211__6_ 
   U_DUT/w1_mem_reg_483__0_ 
   U_DUT/w1_mem_reg_483__2_ 
   U_DUT/w1_mem_reg_483__4_ 
   U_DUT/w1_mem_reg_483__6_ 
   U_DUT/w1_mem_reg_51__0_ 
   U_DUT/w1_mem_reg_51__1_ 
   U_DUT/w1_mem_reg_51__2_ 
   U_DUT/w1_mem_reg_51__3_ 
   U_DUT/w1_mem_reg_51__4_ 
   U_DUT/w1_mem_reg_51__5_ 
   U_DUT/w1_mem_reg_51__6_ 
   U_DUT/w1_mem_reg_51__7_ 
   U_DUT/w1_mem_reg_11__0_ 
   U_DUT/w1_mem_reg_11__2_ 
   U_DUT/w1_mem_reg_11__4_ 
   U_DUT/w1_mem_reg_11__6_ 
   U_DUT/w1_mem_reg_235__0_ 
   U_DUT/w1_mem_reg_235__2_ 
   U_DUT/w1_mem_reg_235__4_ 
   U_DUT/w1_mem_reg_235__6_ 
   U_DUT/w1_mem_reg_83__0_ 
   U_DUT/w1_mem_reg_83__2_ 
   U_DUT/w1_mem_reg_83__4_ 
   U_DUT/w1_mem_reg_83__6_ 
   U_DUT/w1_mem_reg_115__0_ 
   U_DUT/w1_mem_reg_115__2_ 
   U_DUT/w1_mem_reg_115__4_ 
   U_DUT/w1_mem_reg_115__6_ 
   U_DUT/w1_mem_reg_43__0_ 
   U_DUT/w1_mem_reg_43__1_ 
   U_DUT/w1_mem_reg_43__2_ 
   U_DUT/w1_mem_reg_43__3_ 
   U_DUT/w1_mem_reg_43__4_ 
   U_DUT/w1_mem_reg_43__5_ 
   U_DUT/w1_mem_reg_43__6_ 
   U_DUT/w1_mem_reg_235__1_ 
   U_DUT/w1_mem_reg_235__3_ 
   U_DUT/w1_mem_reg_235__5_ 
   U_DUT/w1_mem_reg_235__7_ 
   U_DUT/w1_mem_reg_43__7_ 
   U_DUT/w1_mem_reg_83__1_ 
   U_DUT/w1_mem_reg_83__3_ 
   U_DUT/w1_mem_reg_83__5_ 
   U_DUT/w1_mem_reg_83__7_ 
   U_DUT/w1_mem_reg_115__1_ 
   U_DUT/w1_mem_reg_115__3_ 
   U_DUT/w1_mem_reg_115__5_ 
   U_DUT/w1_mem_reg_115__7_ 
   U_DUT/w1_mem_reg_75__0_ 
   U_DUT/w1_mem_reg_75__2_ 
   U_DUT/w1_mem_reg_75__4_ 
   U_DUT/w1_mem_reg_75__6_ 
   U_DUT/w1_mem_reg_107__0_ 
   U_DUT/w1_mem_reg_107__2_ 
   U_DUT/w1_mem_reg_107__4_ 
   U_DUT/w1_mem_reg_107__6_ 
   U_DUT/w1_mem_reg_75__1_ 
   U_DUT/w1_mem_reg_75__3_ 
   U_DUT/w1_mem_reg_75__5_ 
   U_DUT/w1_mem_reg_75__7_ 
   U_DUT/w1_mem_reg_107__1_ 
   U_DUT/w1_mem_reg_107__3_ 
   U_DUT/w1_mem_reg_107__5_ 
   U_DUT/w1_mem_reg_107__7_ 
   U_DUT/w1_mem_reg_139__7_ 
   U_DUT/w1_mem_reg_203__7_ 
   U_DUT/w1_mem_reg_195__0_ 
   U_DUT/w1_mem_reg_195__1_ 
   U_DUT/w1_mem_reg_195__2_ 
   U_DUT/w1_mem_reg_195__3_ 
   U_DUT/w1_mem_reg_195__4_ 
   U_DUT/w1_mem_reg_195__5_ 
   U_DUT/w1_mem_reg_195__6_ 
   U_DUT/w1_mem_reg_227__0_ 
   U_DUT/w1_mem_reg_227__2_ 
   U_DUT/w1_mem_reg_227__4_ 
   U_DUT/w1_mem_reg_227__6_ 
   U_DUT/w1_mem_reg_35__0_ 
   U_DUT/w1_mem_reg_35__1_ 
   U_DUT/w1_mem_reg_35__2_ 
   U_DUT/w1_mem_reg_35__3_ 
   U_DUT/w1_mem_reg_35__4_ 
   U_DUT/w1_mem_reg_35__5_ 
   U_DUT/w1_mem_reg_35__6_ 
   U_DUT/w1_mem_reg_35__7_ 
   U_DUT/w1_mem_reg_227__1_ 
   U_DUT/w1_mem_reg_227__3_ 
   U_DUT/w1_mem_reg_227__5_ 
   U_DUT/w1_mem_reg_227__7_ 
   U_DUT/w1_mem_reg_99__0_ 
   U_DUT/w1_mem_reg_99__2_ 
   U_DUT/w1_mem_reg_99__4_ 
   U_DUT/w1_mem_reg_99__6_ 
   U_DUT/w1_mem_reg_99__1_ 
   U_DUT/w1_mem_reg_99__3_ 
   U_DUT/w1_mem_reg_99__5_ 
   U_DUT/w1_mem_reg_99__7_ 
   U_DUT/w1_mem_reg_195__7_ 
   U_DUT/w1_mem_reg_499__1_ 
   U_DUT/w1_mem_reg_499__3_ 
   U_DUT/w1_mem_reg_499__5_ 
   U_DUT/w1_mem_reg_491__1_ 
   U_DUT/w1_mem_reg_491__3_ 
   U_DUT/w1_mem_reg_491__5_ 
   U_DUT/w1_mem_reg_339__1_ 
   U_DUT/w1_mem_reg_339__3_ 
   U_DUT/w1_mem_reg_339__5_ 
   U_DUT/w1_mem_reg_499__7_ 
   U_DUT/w1_mem_reg_491__7_ 
   U_DUT/w1_mem_reg_339__7_ 
   U_DUT/w1_mem_reg_211__1_ 
   U_DUT/w1_mem_reg_211__3_ 
   U_DUT/w1_mem_reg_211__5_ 
   U_DUT/w1_mem_reg_387__7_ 
   U_DUT/w1_mem_reg_483__1_ 
   U_DUT/w1_mem_reg_483__3_ 
   U_DUT/w1_mem_reg_483__5_ 
   U_DUT/w1_mem_reg_435__7_ 
   U_DUT/w1_mem_reg_435__1_ 
   U_DUT/w1_mem_reg_435__3_ 
   U_DUT/w1_mem_reg_435__5_ 
   U_DUT/w2_mem_reg_235__1_ 
   U_DUT/w2_mem_reg_235__3_ 
   U_DUT/w2_mem_reg_235__5_ 
   U_DUT/w2_mem_reg_235__7_ 
   U_DUT/w1_mem_reg_355__1_ 
   U_DUT/w1_mem_reg_355__3_ 
   U_DUT/w1_mem_reg_355__5_ 
   U_DUT/w1_mem_reg_395__1_ 
   U_DUT/w1_mem_reg_395__3_ 
   U_DUT/w1_mem_reg_395__5_ 
   U_DUT/w1_mem_reg_427__1_ 
   U_DUT/w1_mem_reg_427__3_ 
   U_DUT/w1_mem_reg_427__5_ 
   U_DUT/w1_mem_reg_171__1_ 
   U_DUT/w1_mem_reg_171__3_ 
   U_DUT/w1_mem_reg_171__5_ 
   U_DUT/w1_mem_reg_483__7_ 
   U_DUT/w1_mem_reg_355__7_ 
   U_DUT/w2_mem_reg_227__1_ 
   U_DUT/w2_mem_reg_227__3_ 
   U_DUT/w2_mem_reg_227__5_ 
   U_DUT/w2_mem_reg_227__7_ 
   U_DUT/w1_mem_reg_395__7_ 
   U_DUT/w1_mem_reg_427__7_ 
   U_DUT/w1_mem_reg_171__7_ 
   U_DUT/w1_mem_reg_67__1_ 
   U_DUT/w1_mem_reg_67__3_ 
   U_DUT/w1_mem_reg_67__5_ 
   U_DUT/w1_mem_reg_179__1_ 
   U_DUT/w1_mem_reg_179__3_ 
   U_DUT/w1_mem_reg_179__5_ 
   U_DUT/w1_mem_reg_19__1_ 
   U_DUT/w1_mem_reg_19__3_ 
   U_DUT/w1_mem_reg_19__5_ 
   U_DUT/w1_mem_reg_243__1_ 
   U_DUT/w1_mem_reg_243__3_ 
   U_DUT/w1_mem_reg_243__5_ 
   U_DUT/w1_mem_reg_387__1_ 
   U_DUT/w1_mem_reg_387__3_ 
   U_DUT/w1_mem_reg_387__5_ 
   U_DUT/w1_mem_reg_211__7_ 
   U_DUT/w1_mem_reg_243__7_ 
   U_DUT/w1_mem_reg_67__7_ 
   U_DUT/w1_mem_reg_11__7_ 
   U_DUT/w1_mem_reg_179__7_ 
   U_DUT/w1_mem_reg_11__1_ 
   U_DUT/w1_mem_reg_11__3_ 
   U_DUT/w1_mem_reg_11__5_ 
   U_DUT/w1_mem_reg_131__1_ 
   U_DUT/w1_mem_reg_131__3_ 
   U_DUT/w1_mem_reg_131__5_ 
   U_DUT/w1_mem_reg_291__0_ 
   U_DUT/w1_mem_reg_291__1_ 
   U_DUT/w1_mem_reg_291__2_ 
   U_DUT/w1_mem_reg_291__3_ 
   U_DUT/w1_mem_reg_291__4_ 
   U_DUT/w1_mem_reg_291__5_ 
   U_DUT/w1_mem_reg_291__6_ 
   U_DUT/w1_mem_reg_323__0_ 
   U_DUT/w1_mem_reg_323__2_ 
   U_DUT/w1_mem_reg_323__4_ 
   U_DUT/w1_mem_reg_323__6_ 
   U_DUT/w3_mem_reg_4__2_ 
   U_DUT/w3_mem_reg_4__4_ 
   U_DUT/w3_mem_reg_4__6_ 
   U_DUT/w3_mem_reg_7__2_ 
   U_DUT/w3_mem_reg_7__4_ 
   U_DUT/w3_mem_reg_7__6_ 
   U_DUT/w1_mem_reg_131__7_ 
   U_DUT/w1_mem_reg_163__7_ 
   U_DUT/w1_mem_reg_291__7_ 
   U_DUT/w1_mem_reg_323__1_ 
   U_DUT/w1_mem_reg_323__3_ 
   U_DUT/w1_mem_reg_323__5_ 
   U_DUT/w1_mem_reg_323__7_ 
   U_DUT/w1_mem_reg_163__0_ 
   U_DUT/w1_mem_reg_163__2_ 
   U_DUT/w1_mem_reg_163__4_ 
   U_DUT/w1_mem_reg_163__6_ 
   U_DUT/w1_mem_reg_19__7_ 
   U_DUT/w1_mem_reg_163__1_ 
   U_DUT/w1_mem_reg_163__3_ 
   U_DUT/w1_mem_reg_163__5_ 
   U_DUT/w1_mem_reg_3__0_ 
   U_DUT/w1_mem_reg_3__1_ 
   U_DUT/w1_mem_reg_3__2_ 
   U_DUT/w1_mem_reg_3__3_ 
   U_DUT/w1_mem_reg_3__4_ 
   U_DUT/w1_mem_reg_3__5_ 
   U_DUT/w1_mem_reg_3__6_ 
   U_DUT/w1_mem_reg_3__7_ 
   U_DUT/w1_mem_reg_274__0_ 
   U_DUT/w1_mem_reg_274__1_ 
   U_DUT/w1_mem_reg_274__2_ 
   U_DUT/w1_mem_reg_274__3_ 
   U_DUT/w1_mem_reg_274__4_ 
   U_DUT/w1_mem_reg_274__5_ 
   U_DUT/w1_mem_reg_274__6_ 
   U_DUT/w1_mem_reg_266__0_ 
   U_DUT/w1_mem_reg_266__1_ 
   U_DUT/w1_mem_reg_266__2_ 
   U_DUT/w1_mem_reg_266__3_ 
   U_DUT/w1_mem_reg_266__4_ 
   U_DUT/w1_mem_reg_266__5_ 
   U_DUT/w1_mem_reg_266__6_ 
   U_DUT/w1_mem_reg_266__7_ 
   U_DUT/w1_mem_reg_434__0_ 
   U_DUT/w1_mem_reg_434__2_ 
   U_DUT/w1_mem_reg_434__4_ 
   U_DUT/w1_mem_reg_434__6_ 
   U_DUT/w1_mem_reg_498__0_ 
   U_DUT/w1_mem_reg_498__2_ 
   U_DUT/w1_mem_reg_498__4_ 
   U_DUT/w1_mem_reg_498__6_ 
   U_DUT/w1_mem_reg_274__7_ 
   U_DUT/w1_mem_reg_466__7_ 
   U_DUT/w1_mem_reg_426__0_ 
   U_DUT/w1_mem_reg_426__2_ 
   U_DUT/w1_mem_reg_426__4_ 
   U_DUT/w1_mem_reg_426__6_ 
   U_DUT/w1_mem_reg_394__0_ 
   U_DUT/w1_mem_reg_394__2_ 
   U_DUT/w1_mem_reg_394__4_ 
   U_DUT/w1_mem_reg_394__6_ 
   U_DUT/w1_mem_reg_490__0_ 
   U_DUT/w1_mem_reg_490__2_ 
   U_DUT/w1_mem_reg_490__4_ 
   U_DUT/w1_mem_reg_490__6_ 
   U_DUT/w1_mem_reg_306__0_ 
   U_DUT/w1_mem_reg_306__2_ 
   U_DUT/w1_mem_reg_306__4_ 
   U_DUT/w1_mem_reg_306__6_ 
   U_DUT/w1_mem_reg_458__7_ 
   U_DUT/w1_mem_reg_306__1_ 
   U_DUT/w1_mem_reg_306__3_ 
   U_DUT/w1_mem_reg_306__5_ 
   U_DUT/w1_mem_reg_306__7_ 
   U_DUT/w1_mem_reg_330__0_ 
   U_DUT/w1_mem_reg_330__2_ 
   U_DUT/w1_mem_reg_330__4_ 
   U_DUT/w1_mem_reg_330__6_ 
   U_DUT/w1_mem_reg_330__1_ 
   U_DUT/w1_mem_reg_330__3_ 
   U_DUT/w1_mem_reg_330__5_ 
   U_DUT/w1_mem_reg_330__7_ 
   U_DUT/w1_mem_reg_258__0_ 
   U_DUT/w1_mem_reg_258__1_ 
   U_DUT/w1_mem_reg_258__2_ 
   U_DUT/w1_mem_reg_258__3_ 
   U_DUT/w1_mem_reg_258__4_ 
   U_DUT/w1_mem_reg_258__5_ 
   U_DUT/w1_mem_reg_258__6_ 
   U_DUT/w1_mem_reg_258__7_ 
   U_DUT/w1_mem_reg_18__0_ 
   U_DUT/w1_mem_reg_18__2_ 
   U_DUT/w1_mem_reg_18__4_ 
   U_DUT/w1_mem_reg_18__6_ 
   U_DUT/w1_mem_reg_242__0_ 
   U_DUT/w1_mem_reg_242__2_ 
   U_DUT/w1_mem_reg_242__4_ 
   U_DUT/w1_mem_reg_242__6_ 
   U_DUT/w1_mem_reg_482__0_ 
   U_DUT/w1_mem_reg_482__2_ 
   U_DUT/w1_mem_reg_482__4_ 
   U_DUT/w1_mem_reg_482__6_ 
   U_DUT/w1_mem_reg_50__0_ 
   U_DUT/w1_mem_reg_50__1_ 
   U_DUT/w1_mem_reg_50__2_ 
   U_DUT/w1_mem_reg_50__3_ 
   U_DUT/w1_mem_reg_50__4_ 
   U_DUT/w1_mem_reg_50__5_ 
   U_DUT/w1_mem_reg_50__6_ 
   U_DUT/w1_mem_reg_50__7_ 
   U_DUT/w1_mem_reg_450__7_ 
   U_DUT/w1_mem_reg_138__0_ 
   U_DUT/w1_mem_reg_138__1_ 
   U_DUT/w1_mem_reg_138__2_ 
   U_DUT/w1_mem_reg_138__3_ 
   U_DUT/w1_mem_reg_138__4_ 
   U_DUT/w1_mem_reg_138__5_ 
   U_DUT/w1_mem_reg_138__6_ 
   U_DUT/w1_mem_reg_202__0_ 
   U_DUT/w1_mem_reg_202__1_ 
   U_DUT/w1_mem_reg_202__2_ 
   U_DUT/w1_mem_reg_202__3_ 
   U_DUT/w1_mem_reg_202__4_ 
   U_DUT/w1_mem_reg_202__5_ 
   U_DUT/w1_mem_reg_202__6_ 
   U_DUT/w1_mem_reg_10__0_ 
   U_DUT/w1_mem_reg_10__2_ 
   U_DUT/w1_mem_reg_10__4_ 
   U_DUT/w1_mem_reg_10__6_ 
   U_DUT/w1_mem_reg_234__0_ 
   U_DUT/w1_mem_reg_234__2_ 
   U_DUT/w1_mem_reg_234__4_ 
   U_DUT/w1_mem_reg_234__6_ 
   U_DUT/w1_mem_reg_82__0_ 
   U_DUT/w1_mem_reg_82__2_ 
   U_DUT/w1_mem_reg_82__4_ 
   U_DUT/w1_mem_reg_82__6_ 
   U_DUT/w1_mem_reg_42__0_ 
   U_DUT/w1_mem_reg_42__1_ 
   U_DUT/w1_mem_reg_42__2_ 
   U_DUT/w1_mem_reg_42__3_ 
   U_DUT/w1_mem_reg_42__4_ 
   U_DUT/w1_mem_reg_42__5_ 
   U_DUT/w1_mem_reg_42__6_ 
   U_DUT/w1_mem_reg_234__1_ 
   U_DUT/w1_mem_reg_234__3_ 
   U_DUT/w1_mem_reg_234__5_ 
   U_DUT/w1_mem_reg_234__7_ 
   U_DUT/w1_mem_reg_42__7_ 
   U_DUT/w1_mem_reg_82__1_ 
   U_DUT/w1_mem_reg_82__3_ 
   U_DUT/w1_mem_reg_82__5_ 
   U_DUT/w1_mem_reg_82__7_ 
   U_DUT/w1_mem_reg_74__0_ 
   U_DUT/w1_mem_reg_74__2_ 
   U_DUT/w1_mem_reg_74__4_ 
   U_DUT/w1_mem_reg_74__6_ 
   U_DUT/w1_mem_reg_106__0_ 
   U_DUT/w1_mem_reg_106__2_ 
   U_DUT/w1_mem_reg_106__4_ 
   U_DUT/w1_mem_reg_106__6_ 
   U_DUT/w1_mem_reg_74__1_ 
   U_DUT/w1_mem_reg_74__3_ 
   U_DUT/w1_mem_reg_74__5_ 
   U_DUT/w1_mem_reg_74__7_ 
   U_DUT/w1_mem_reg_106__1_ 
   U_DUT/w1_mem_reg_106__3_ 
   U_DUT/w1_mem_reg_106__5_ 
   U_DUT/w1_mem_reg_106__7_ 
   U_DUT/w1_mem_reg_146__7_ 
   U_DUT/w1_mem_reg_210__7_ 
   U_DUT/w1_mem_reg_202__7_ 
   U_DUT/w1_mem_reg_194__0_ 
   U_DUT/w1_mem_reg_194__1_ 
   U_DUT/w1_mem_reg_194__2_ 
   U_DUT/w1_mem_reg_194__3_ 
   U_DUT/w1_mem_reg_194__4_ 
   U_DUT/w1_mem_reg_194__5_ 
   U_DUT/w1_mem_reg_194__6_ 
   U_DUT/w1_mem_reg_226__0_ 
   U_DUT/w1_mem_reg_226__2_ 
   U_DUT/w1_mem_reg_226__4_ 
   U_DUT/w1_mem_reg_226__6_ 
   U_DUT/w1_mem_reg_34__0_ 
   U_DUT/w1_mem_reg_34__1_ 
   U_DUT/w1_mem_reg_34__2_ 
   U_DUT/w1_mem_reg_34__3_ 
   U_DUT/w1_mem_reg_34__4_ 
   U_DUT/w1_mem_reg_34__5_ 
   U_DUT/w1_mem_reg_34__6_ 
   U_DUT/w1_mem_reg_34__7_ 
   U_DUT/w1_mem_reg_226__1_ 
   U_DUT/w1_mem_reg_226__3_ 
   U_DUT/w1_mem_reg_226__5_ 
   U_DUT/w1_mem_reg_226__7_ 
   U_DUT/w1_mem_reg_98__0_ 
   U_DUT/w1_mem_reg_98__2_ 
   U_DUT/w1_mem_reg_98__4_ 
   U_DUT/w1_mem_reg_98__6_ 
   U_DUT/w1_mem_reg_98__1_ 
   U_DUT/w1_mem_reg_98__3_ 
   U_DUT/w1_mem_reg_98__5_ 
   U_DUT/w1_mem_reg_98__7_ 
   U_DUT/w1_mem_reg_194__7_ 
   U_DUT/w1_mem_reg_498__1_ 
   U_DUT/w1_mem_reg_498__3_ 
   U_DUT/w1_mem_reg_498__5_ 
   U_DUT/w1_mem_reg_394__1_ 
   U_DUT/w1_mem_reg_394__3_ 
   U_DUT/w1_mem_reg_394__5_ 
   U_DUT/w1_mem_reg_490__1_ 
   U_DUT/w1_mem_reg_490__3_ 
   U_DUT/w1_mem_reg_490__5_ 
   U_DUT/w1_mem_reg_338__1_ 
   U_DUT/w1_mem_reg_338__3_ 
   U_DUT/w1_mem_reg_338__5_ 
   U_DUT/w1_mem_reg_10__1_ 
   U_DUT/w1_mem_reg_10__3_ 
   U_DUT/w1_mem_reg_10__5_ 
   U_DUT/w1_mem_reg_434__7_ 
   U_DUT/w1_mem_reg_498__7_ 
   U_DUT/w2_mem_reg_112__0_ 
   U_DUT/w2_mem_reg_112__2_ 
   U_DUT/w2_mem_reg_112__4_ 
   U_DUT/w2_mem_reg_112__6_ 
   U_DUT/w2_mem_reg_113__0_ 
   U_DUT/w2_mem_reg_113__2_ 
   U_DUT/w2_mem_reg_113__4_ 
   U_DUT/w2_mem_reg_113__6_ 
   U_DUT/w2_mem_reg_114__0_ 
   U_DUT/w2_mem_reg_114__2_ 
   U_DUT/w2_mem_reg_114__4_ 
   U_DUT/w2_mem_reg_114__6_ 
   U_DUT/w2_mem_reg_115__0_ 
   U_DUT/w2_mem_reg_115__2_ 
   U_DUT/w2_mem_reg_115__4_ 
   U_DUT/w2_mem_reg_115__6_ 
   U_DUT/w2_mem_reg_116__0_ 
   U_DUT/w2_mem_reg_116__2_ 
   U_DUT/w2_mem_reg_116__4_ 
   U_DUT/w2_mem_reg_116__6_ 
   U_DUT/w2_mem_reg_117__0_ 
   U_DUT/w2_mem_reg_117__2_ 
   U_DUT/w2_mem_reg_117__4_ 
   U_DUT/w2_mem_reg_117__6_ 
   U_DUT/w1_mem_reg_490__7_ 
   U_DUT/w1_mem_reg_338__7_ 
   U_DUT/w2_mem_reg_118__0_ 
   U_DUT/w2_mem_reg_118__2_ 
   U_DUT/w2_mem_reg_118__4_ 
   U_DUT/w2_mem_reg_118__6_ 
   U_DUT/w2_mem_reg_119__0_ 
   U_DUT/w2_mem_reg_119__2_ 
   U_DUT/w2_mem_reg_119__4_ 
   U_DUT/w2_mem_reg_119__6_ 
   U_DUT/w2_mem_reg_120__0_ 
   U_DUT/w2_mem_reg_120__2_ 
   U_DUT/w2_mem_reg_120__4_ 
   U_DUT/w2_mem_reg_120__6_ 
   U_DUT/w2_mem_reg_121__0_ 
   U_DUT/w2_mem_reg_121__2_ 
   U_DUT/w2_mem_reg_121__4_ 
   U_DUT/w2_mem_reg_121__6_ 
   U_DUT/w2_mem_reg_122__0_ 
   U_DUT/w2_mem_reg_122__2_ 
   U_DUT/w2_mem_reg_122__4_ 
   U_DUT/w2_mem_reg_122__6_ 
   U_DUT/w2_mem_reg_123__0_ 
   U_DUT/w2_mem_reg_123__2_ 
   U_DUT/w2_mem_reg_123__4_ 
   U_DUT/w2_mem_reg_123__6_ 
   U_DUT/w2_mem_reg_124__0_ 
   U_DUT/w2_mem_reg_124__2_ 
   U_DUT/w2_mem_reg_124__4_ 
   U_DUT/w2_mem_reg_124__6_ 
   U_DUT/w2_mem_reg_125__0_ 
   U_DUT/w2_mem_reg_125__2_ 
   U_DUT/w2_mem_reg_125__4_ 
   U_DUT/w2_mem_reg_125__6_ 
   U_DUT/w2_mem_reg_126__0_ 
   U_DUT/w2_mem_reg_126__2_ 
   U_DUT/w2_mem_reg_126__4_ 
   U_DUT/w2_mem_reg_126__6_ 
   U_DUT/w2_mem_reg_127__0_ 
   U_DUT/w2_mem_reg_127__2_ 
   U_DUT/w2_mem_reg_127__4_ 
   U_DUT/w2_mem_reg_127__6_ 
   U_DUT/w1_mem_reg_482__1_ 
   U_DUT/w1_mem_reg_482__3_ 
   U_DUT/w1_mem_reg_482__5_ 
   U_DUT/w1_mem_reg_426__1_ 
   U_DUT/w1_mem_reg_426__3_ 
   U_DUT/w1_mem_reg_426__5_ 
   U_DUT/w1_mem_reg_426__7_ 
   U_DUT/w1_mem_reg_434__1_ 
   U_DUT/w1_mem_reg_434__3_ 
   U_DUT/w1_mem_reg_434__5_ 
   U_DUT/w2_mem_reg_234__1_ 
   U_DUT/w2_mem_reg_234__3_ 
   U_DUT/w2_mem_reg_234__5_ 
   U_DUT/w2_mem_reg_234__7_ 
   U_DUT/w1_mem_reg_354__1_ 
   U_DUT/w1_mem_reg_354__3_ 
   U_DUT/w1_mem_reg_354__5_ 
   U_DUT/w1_mem_reg_394__7_ 
   U_DUT/w1_mem_reg_482__7_ 
   U_DUT/w1_mem_reg_354__7_ 
   U_DUT/w1_mem_reg_66__1_ 
   U_DUT/w1_mem_reg_66__3_ 
   U_DUT/w1_mem_reg_66__5_ 
   U_DUT/w1_mem_reg_114__1_ 
   U_DUT/w1_mem_reg_114__3_ 
   U_DUT/w1_mem_reg_114__5_ 
   U_DUT/w1_mem_reg_170__1_ 
   U_DUT/w1_mem_reg_170__3_ 
   U_DUT/w1_mem_reg_170__5_ 
   U_DUT/w1_mem_reg_18__7_ 
   U_DUT/w1_mem_reg_66__7_ 
   U_DUT/w1_mem_reg_298__0_ 
   U_DUT/w1_mem_reg_298__1_ 
   U_DUT/w1_mem_reg_298__2_ 
   U_DUT/w1_mem_reg_298__3_ 
   U_DUT/w1_mem_reg_298__4_ 
   U_DUT/w1_mem_reg_298__5_ 
   U_DUT/w1_mem_reg_298__6_ 
   U_DUT/w1_mem_reg_10__7_ 
   U_DUT/w1_mem_reg_114__7_ 
   U_DUT/w1_mem_reg_242__1_ 
   U_DUT/w1_mem_reg_242__3_ 
   U_DUT/w1_mem_reg_242__5_ 
   U_DUT/w1_mem_reg_242__7_ 
   U_DUT/w1_mem_reg_162__1_ 
   U_DUT/w1_mem_reg_162__3_ 
   U_DUT/w1_mem_reg_162__5_ 
   U_DUT/w1_mem_reg_298__7_ 
   U_DUT/w1_mem_reg_178__1_ 
   U_DUT/w1_mem_reg_178__3_ 
   U_DUT/w1_mem_reg_178__5_ 
   U_DUT/w1_mem_reg_162__7_ 
   U_DUT/w1_mem_reg_178__7_ 
   U_DUT/w1_mem_reg_130__1_ 
   U_DUT/w1_mem_reg_130__3_ 
   U_DUT/w1_mem_reg_130__5_ 
   U_DUT/w1_mem_reg_290__0_ 
   U_DUT/w1_mem_reg_290__1_ 
   U_DUT/w1_mem_reg_290__2_ 
   U_DUT/w1_mem_reg_290__3_ 
   U_DUT/w1_mem_reg_290__4_ 
   U_DUT/w1_mem_reg_290__5_ 
   U_DUT/w1_mem_reg_290__6_ 
   U_DUT/w1_mem_reg_322__0_ 
   U_DUT/w1_mem_reg_322__2_ 
   U_DUT/w1_mem_reg_322__4_ 
   U_DUT/w1_mem_reg_322__6_ 
   U_DUT/w1_mem_reg_130__7_ 
   U_DUT/w1_mem_reg_290__7_ 
   U_DUT/w1_mem_reg_322__1_ 
   U_DUT/w1_mem_reg_322__3_ 
   U_DUT/w1_mem_reg_322__5_ 
   U_DUT/w1_mem_reg_322__7_ 
   U_DUT/w1_mem_reg_18__1_ 
   U_DUT/w1_mem_reg_18__3_ 
   U_DUT/w1_mem_reg_18__5_ 
   U_DUT/w1_mem_reg_170__7_ 
   U_DUT/w1_mem_reg_2__0_ 
   U_DUT/w1_mem_reg_2__1_ 
   U_DUT/w1_mem_reg_2__2_ 
   U_DUT/w1_mem_reg_2__3_ 
   U_DUT/w1_mem_reg_2__4_ 
   U_DUT/w1_mem_reg_2__5_ 
   U_DUT/w1_mem_reg_2__6_ 
   U_DUT/w1_mem_reg_2__7_ 
   U_DUT/w2_mem_reg_27__1_ 
   U_DUT/w2_mem_reg_27__3_ 
   U_DUT/w2_mem_reg_27__5_ 
   U_DUT/w2_mem_reg_27__7_ 
   U_DUT/w2_mem_reg_59__1_ 
   U_DUT/w2_mem_reg_59__3_ 
   U_DUT/w2_mem_reg_59__5_ 
   U_DUT/w2_mem_reg_59__7_ 
   U_DUT/w2_mem_reg_155__1_ 
   U_DUT/w2_mem_reg_155__3_ 
   U_DUT/w2_mem_reg_155__5_ 
   U_DUT/w2_mem_reg_155__7_ 
   U_DUT/w2_mem_reg_187__1_ 
   U_DUT/w2_mem_reg_187__3_ 
   U_DUT/w2_mem_reg_187__5_ 
   U_DUT/w2_mem_reg_187__7_ 
   U_DUT/w2_mem_reg_219__1_ 
   U_DUT/w2_mem_reg_219__3_ 
   U_DUT/w2_mem_reg_219__5_ 
   U_DUT/w2_mem_reg_219__7_ 
   U_DUT/w2_mem_reg_251__1_ 
   U_DUT/w2_mem_reg_251__3_ 
   U_DUT/w2_mem_reg_251__5_ 
   U_DUT/w2_mem_reg_251__7_ 
   U_DUT/w2_mem_reg_19__1_ 
   U_DUT/w2_mem_reg_19__3_ 
   U_DUT/w2_mem_reg_19__5_ 
   U_DUT/w2_mem_reg_19__7_ 
   U_DUT/w2_mem_reg_51__1_ 
   U_DUT/w2_mem_reg_51__3_ 
   U_DUT/w2_mem_reg_51__5_ 
   U_DUT/w2_mem_reg_51__7_ 
   U_DUT/w2_mem_reg_147__1_ 
   U_DUT/w2_mem_reg_147__3_ 
   U_DUT/w2_mem_reg_147__5_ 
   U_DUT/w2_mem_reg_147__7_ 
   U_DUT/w2_mem_reg_179__1_ 
   U_DUT/w2_mem_reg_179__3_ 
   U_DUT/w2_mem_reg_179__5_ 
   U_DUT/w2_mem_reg_179__7_ 
   U_DUT/w2_mem_reg_211__1_ 
   U_DUT/w2_mem_reg_211__3_ 
   U_DUT/w2_mem_reg_211__5_ 
   U_DUT/w2_mem_reg_211__7_ 
   U_DUT/w2_mem_reg_243__1_ 
   U_DUT/w2_mem_reg_243__3_ 
   U_DUT/w2_mem_reg_243__5_ 
   U_DUT/w2_mem_reg_243__7_ 
   U_DUT/w1_mem_reg_283__0_ 
   U_DUT/w1_mem_reg_283__1_ 
   U_DUT/w1_mem_reg_283__2_ 
   U_DUT/w1_mem_reg_283__3_ 
   U_DUT/w1_mem_reg_283__4_ 
   U_DUT/w1_mem_reg_283__5_ 
   U_DUT/w1_mem_reg_283__6_ 
   U_DUT/w1_mem_reg_283__7_ 
   U_DUT/w1_mem_reg_411__0_ 
   U_DUT/w1_mem_reg_411__2_ 
   U_DUT/w1_mem_reg_411__4_ 
   U_DUT/w1_mem_reg_411__6_ 
   U_DUT/w1_mem_reg_475__0_ 
   U_DUT/w1_mem_reg_475__1_ 
   U_DUT/w1_mem_reg_475__2_ 
   U_DUT/w1_mem_reg_475__3_ 
   U_DUT/w1_mem_reg_475__4_ 
   U_DUT/w1_mem_reg_475__5_ 
   U_DUT/w1_mem_reg_475__6_ 
   U_DUT/w1_mem_reg_443__0_ 
   U_DUT/w1_mem_reg_443__2_ 
   U_DUT/w1_mem_reg_443__4_ 
   U_DUT/w1_mem_reg_443__6_ 
   U_DUT/w1_mem_reg_507__0_ 
   U_DUT/w1_mem_reg_507__2_ 
   U_DUT/w1_mem_reg_507__4_ 
   U_DUT/w1_mem_reg_507__6_ 
   U_DUT/w1_mem_reg_347__0_ 
   U_DUT/w1_mem_reg_347__2_ 
   U_DUT/w1_mem_reg_347__4_ 
   U_DUT/w1_mem_reg_347__6_ 
   U_DUT/w1_mem_reg_347__1_ 
   U_DUT/w1_mem_reg_347__3_ 
   U_DUT/w1_mem_reg_347__5_ 
   U_DUT/w1_mem_reg_347__7_ 
   U_DUT/w1_mem_reg_507__7_ 
   U_DUT/w1_mem_reg_187__0_ 
   U_DUT/w1_mem_reg_187__1_ 
   U_DUT/w1_mem_reg_187__2_ 
   U_DUT/w1_mem_reg_187__3_ 
   U_DUT/w1_mem_reg_187__4_ 
   U_DUT/w1_mem_reg_187__5_ 
   U_DUT/w1_mem_reg_187__6_ 
   U_DUT/w1_mem_reg_219__0_ 
   U_DUT/w1_mem_reg_219__2_ 
   U_DUT/w1_mem_reg_219__4_ 
   U_DUT/w1_mem_reg_219__6_ 
   U_DUT/w1_mem_reg_251__0_ 
   U_DUT/w1_mem_reg_251__2_ 
   U_DUT/w1_mem_reg_251__4_ 
   U_DUT/w1_mem_reg_251__6_ 
   U_DUT/w1_mem_reg_59__0_ 
   U_DUT/w1_mem_reg_59__1_ 
   U_DUT/w1_mem_reg_59__2_ 
   U_DUT/w1_mem_reg_59__3_ 
   U_DUT/w1_mem_reg_59__4_ 
   U_DUT/w1_mem_reg_59__5_ 
   U_DUT/w1_mem_reg_59__6_ 
   U_DUT/w1_mem_reg_251__1_ 
   U_DUT/w1_mem_reg_251__3_ 
   U_DUT/w1_mem_reg_251__5_ 
   U_DUT/w1_mem_reg_251__7_ 
   U_DUT/w1_mem_reg_59__7_ 
   U_DUT/w1_mem_reg_187__7_ 
   U_DUT/w1_mem_reg_443__1_ 
   U_DUT/w1_mem_reg_443__3_ 
   U_DUT/w1_mem_reg_443__5_ 
   U_DUT/w1_mem_reg_443__7_ 
   U_DUT/w1_mem_reg_507__1_ 
   U_DUT/w1_mem_reg_507__3_ 
   U_DUT/w1_mem_reg_507__5_ 
   U_DUT/w1_mem_reg_411__1_ 
   U_DUT/w1_mem_reg_411__3_ 
   U_DUT/w1_mem_reg_411__5_ 
   U_DUT/w1_mem_reg_411__7_ 
   U_DUT/w1_mem_reg_315__0_ 
   U_DUT/w1_mem_reg_315__2_ 
   U_DUT/w1_mem_reg_315__4_ 
   U_DUT/w1_mem_reg_315__6_ 
   U_DUT/w1_mem_reg_123__1_ 
   U_DUT/w1_mem_reg_123__3_ 
   U_DUT/w1_mem_reg_123__5_ 
   U_DUT/w1_mem_reg_219__1_ 
   U_DUT/w1_mem_reg_219__3_ 
   U_DUT/w1_mem_reg_219__5_ 
   U_DUT/w1_mem_reg_123__7_ 
   U_DUT/w1_mem_reg_91__1_ 
   U_DUT/w1_mem_reg_91__3_ 
   U_DUT/w1_mem_reg_91__5_ 
   U_DUT/w1_mem_reg_219__7_ 
   U_DUT/w1_mem_reg_315__1_ 
   U_DUT/w1_mem_reg_315__3_ 
   U_DUT/w1_mem_reg_315__5_ 
   U_DUT/w1_mem_reg_315__7_ 
   U_DUT/w1_mem_reg_91__7_ 
   U_DUT/w1_mem_reg_27__0_ 
   U_DUT/w1_mem_reg_27__1_ 
   U_DUT/w1_mem_reg_27__2_ 
   U_DUT/w1_mem_reg_27__3_ 
   U_DUT/w1_mem_reg_27__4_ 
   U_DUT/w1_mem_reg_27__5_ 
   U_DUT/w1_mem_reg_27__6_ 
   U_DUT/w1_mem_reg_27__7_ 
   U_DUT/w2_mem_reg_26__1_ 
   U_DUT/w2_mem_reg_26__3_ 
   U_DUT/w2_mem_reg_26__5_ 
   U_DUT/w2_mem_reg_26__7_ 
   U_DUT/w2_mem_reg_58__1_ 
   U_DUT/w2_mem_reg_58__3_ 
   U_DUT/w2_mem_reg_58__5_ 
   U_DUT/w2_mem_reg_58__7_ 
   U_DUT/w2_mem_reg_154__1_ 
   U_DUT/w2_mem_reg_154__3_ 
   U_DUT/w2_mem_reg_154__5_ 
   U_DUT/w2_mem_reg_154__7_ 
   U_DUT/w2_mem_reg_186__1_ 
   U_DUT/w2_mem_reg_186__3_ 
   U_DUT/w2_mem_reg_186__5_ 
   U_DUT/w2_mem_reg_186__7_ 
   U_DUT/w2_mem_reg_218__1_ 
   U_DUT/w2_mem_reg_218__3_ 
   U_DUT/w2_mem_reg_218__5_ 
   U_DUT/w2_mem_reg_218__7_ 
   U_DUT/w2_mem_reg_250__1_ 
   U_DUT/w2_mem_reg_250__3_ 
   U_DUT/w2_mem_reg_250__5_ 
   U_DUT/w2_mem_reg_250__7_ 
   U_DUT/w2_mem_reg_18__1_ 
   U_DUT/w2_mem_reg_18__3_ 
   U_DUT/w2_mem_reg_18__5_ 
   U_DUT/w2_mem_reg_18__7_ 
   U_DUT/w2_mem_reg_50__1_ 
   U_DUT/w2_mem_reg_50__3_ 
   U_DUT/w2_mem_reg_50__5_ 
   U_DUT/w2_mem_reg_50__7_ 
   U_DUT/w2_mem_reg_146__1_ 
   U_DUT/w2_mem_reg_146__3_ 
   U_DUT/w2_mem_reg_146__5_ 
   U_DUT/w2_mem_reg_146__7_ 
   U_DUT/w2_mem_reg_178__1_ 
   U_DUT/w2_mem_reg_178__3_ 
   U_DUT/w2_mem_reg_178__5_ 
   U_DUT/w2_mem_reg_178__7_ 
   U_DUT/w2_mem_reg_210__1_ 
   U_DUT/w2_mem_reg_210__3_ 
   U_DUT/w2_mem_reg_210__5_ 
   U_DUT/w2_mem_reg_210__7_ 
   U_DUT/w2_mem_reg_242__1_ 
   U_DUT/w2_mem_reg_242__3_ 
   U_DUT/w2_mem_reg_242__5_ 
   U_DUT/w2_mem_reg_242__7_ 
   U_DUT/w1_mem_reg_282__0_ 
   U_DUT/w1_mem_reg_282__1_ 
   U_DUT/w1_mem_reg_282__2_ 
   U_DUT/w1_mem_reg_282__3_ 
   U_DUT/w1_mem_reg_282__4_ 
   U_DUT/w1_mem_reg_282__5_ 
   U_DUT/w1_mem_reg_282__6_ 
   U_DUT/w1_mem_reg_282__7_ 
   U_DUT/w1_mem_reg_410__0_ 
   U_DUT/w1_mem_reg_410__2_ 
   U_DUT/w1_mem_reg_410__4_ 
   U_DUT/w1_mem_reg_410__6_ 
   U_DUT/w1_mem_reg_442__0_ 
   U_DUT/w1_mem_reg_442__2_ 
   U_DUT/w1_mem_reg_442__4_ 
   U_DUT/w1_mem_reg_442__6_ 
   U_DUT/w1_mem_reg_506__0_ 
   U_DUT/w1_mem_reg_506__2_ 
   U_DUT/w1_mem_reg_506__4_ 
   U_DUT/w1_mem_reg_506__6_ 
   U_DUT/w1_mem_reg_474__7_ 
   U_DUT/w1_mem_reg_346__0_ 
   U_DUT/w1_mem_reg_346__2_ 
   U_DUT/w1_mem_reg_346__4_ 
   U_DUT/w1_mem_reg_346__6_ 
   U_DUT/w1_mem_reg_346__1_ 
   U_DUT/w1_mem_reg_346__3_ 
   U_DUT/w1_mem_reg_346__5_ 
   U_DUT/w1_mem_reg_346__7_ 
   U_DUT/w1_mem_reg_250__7_ 
   U_DUT/w2_mem_reg_11__1_ 
   U_DUT/w2_mem_reg_11__3_ 
   U_DUT/w2_mem_reg_11__5_ 
   U_DUT/w2_mem_reg_43__1_ 
   U_DUT/w2_mem_reg_43__3_ 
   U_DUT/w2_mem_reg_43__5_ 
   U_DUT/w2_mem_reg_75__1_ 
   U_DUT/w2_mem_reg_75__3_ 
   U_DUT/w2_mem_reg_75__5_ 
   U_DUT/w2_mem_reg_107__1_ 
   U_DUT/w2_mem_reg_107__3_ 
   U_DUT/w2_mem_reg_107__5_ 
   U_DUT/w2_mem_reg_139__1_ 
   U_DUT/w2_mem_reg_139__3_ 
   U_DUT/w2_mem_reg_139__5_ 
   U_DUT/w2_mem_reg_171__1_ 
   U_DUT/w2_mem_reg_171__3_ 
   U_DUT/w2_mem_reg_171__5_ 
   U_DUT/w1_mem_reg_186__0_ 
   U_DUT/w1_mem_reg_186__1_ 
   U_DUT/w1_mem_reg_186__2_ 
   U_DUT/w1_mem_reg_186__3_ 
   U_DUT/w1_mem_reg_186__4_ 
   U_DUT/w1_mem_reg_186__5_ 
   U_DUT/w1_mem_reg_186__6_ 
   U_DUT/w1_mem_reg_218__0_ 
   U_DUT/w1_mem_reg_218__2_ 
   U_DUT/w1_mem_reg_218__4_ 
   U_DUT/w1_mem_reg_218__6_ 
   U_DUT/w1_mem_reg_250__0_ 
   U_DUT/w1_mem_reg_250__2_ 
   U_DUT/w1_mem_reg_250__4_ 
   U_DUT/w1_mem_reg_250__6_ 
   U_DUT/w1_mem_reg_26__0_ 
   U_DUT/w1_mem_reg_26__1_ 
   U_DUT/w1_mem_reg_26__2_ 
   U_DUT/w1_mem_reg_26__3_ 
   U_DUT/w1_mem_reg_26__4_ 
   U_DUT/w1_mem_reg_26__5_ 
   U_DUT/w1_mem_reg_26__6_ 
   U_DUT/w1_mem_reg_58__0_ 
   U_DUT/w1_mem_reg_58__1_ 
   U_DUT/w1_mem_reg_58__2_ 
   U_DUT/w1_mem_reg_58__3_ 
   U_DUT/w1_mem_reg_58__4_ 
   U_DUT/w1_mem_reg_58__5_ 
   U_DUT/w1_mem_reg_58__6_ 
   U_DUT/w1_mem_reg_250__1_ 
   U_DUT/w1_mem_reg_250__3_ 
   U_DUT/w1_mem_reg_250__5_ 
   U_DUT/w1_mem_reg_26__7_ 
   U_DUT/w1_mem_reg_58__7_ 
   U_DUT/w1_mem_reg_122__0_ 
   U_DUT/w1_mem_reg_122__2_ 
   U_DUT/w1_mem_reg_122__4_ 
   U_DUT/w1_mem_reg_122__6_ 
   U_DUT/w1_mem_reg_122__1_ 
   U_DUT/w1_mem_reg_122__3_ 
   U_DUT/w1_mem_reg_122__5_ 
   U_DUT/w1_mem_reg_122__7_ 
   U_DUT/w2_mem_reg_3__1_ 
   U_DUT/w2_mem_reg_3__3_ 
   U_DUT/w2_mem_reg_3__5_ 
   U_DUT/w2_mem_reg_35__1_ 
   U_DUT/w2_mem_reg_35__3_ 
   U_DUT/w2_mem_reg_35__5_ 
   U_DUT/w2_mem_reg_67__1_ 
   U_DUT/w2_mem_reg_67__3_ 
   U_DUT/w2_mem_reg_67__5_ 
   U_DUT/w2_mem_reg_99__1_ 
   U_DUT/w2_mem_reg_99__3_ 
   U_DUT/w2_mem_reg_99__5_ 
   U_DUT/w2_mem_reg_131__1_ 
   U_DUT/w2_mem_reg_131__3_ 
   U_DUT/w2_mem_reg_131__5_ 
   U_DUT/w2_mem_reg_163__1_ 
   U_DUT/w2_mem_reg_163__3_ 
   U_DUT/w2_mem_reg_163__5_ 
   U_DUT/w1_mem_reg_186__7_ 
   U_DUT/w1_mem_reg_442__1_ 
   U_DUT/w1_mem_reg_442__3_ 
   U_DUT/w1_mem_reg_442__5_ 
   U_DUT/w1_mem_reg_442__7_ 
   U_DUT/w2_mem_reg_11__7_ 
   U_DUT/w2_mem_reg_43__7_ 
   U_DUT/w2_mem_reg_75__7_ 
   U_DUT/w2_mem_reg_107__7_ 
   U_DUT/w2_mem_reg_139__7_ 
   U_DUT/w2_mem_reg_171__7_ 
   U_DUT/w1_mem_reg_506__1_ 
   U_DUT/w1_mem_reg_506__3_ 
   U_DUT/w1_mem_reg_506__5_ 
   U_DUT/w2_mem_reg_3__7_ 
   U_DUT/w2_mem_reg_35__7_ 
   U_DUT/w2_mem_reg_67__7_ 
   U_DUT/w2_mem_reg_99__7_ 
   U_DUT/w2_mem_reg_131__7_ 
   U_DUT/w2_mem_reg_163__7_ 
   U_DUT/w1_mem_reg_506__7_ 
   U_DUT/w1_mem_reg_410__1_ 
   U_DUT/w1_mem_reg_410__3_ 
   U_DUT/w1_mem_reg_410__5_ 
   U_DUT/w1_mem_reg_218__7_ 
   U_DUT/w1_mem_reg_314__0_ 
   U_DUT/w1_mem_reg_314__2_ 
   U_DUT/w1_mem_reg_314__4_ 
   U_DUT/w1_mem_reg_314__6_ 
   U_DUT/w1_mem_reg_218__1_ 
   U_DUT/w1_mem_reg_218__3_ 
   U_DUT/w1_mem_reg_218__5_ 
   U_DUT/w1_mem_reg_127__7_ 
   U_DUT/w1_mem_reg_90__1_ 
   U_DUT/w1_mem_reg_90__3_ 
   U_DUT/w1_mem_reg_90__5_ 
   U_DUT/w1_mem_reg_314__1_ 
   U_DUT/w1_mem_reg_314__3_ 
   U_DUT/w1_mem_reg_314__5_ 
   U_DUT/w1_mem_reg_314__7_ 
   U_DUT/w1_mem_reg_90__7_ 
   U_DUT/w1_mem_reg_223__7_ 
   U_DUT/w2_mem_reg_10__1_ 
   U_DUT/w2_mem_reg_10__3_ 
   U_DUT/w2_mem_reg_10__5_ 
   U_DUT/w2_mem_reg_42__1_ 
   U_DUT/w2_mem_reg_42__3_ 
   U_DUT/w2_mem_reg_42__5_ 
   U_DUT/w2_mem_reg_74__1_ 
   U_DUT/w2_mem_reg_74__3_ 
   U_DUT/w2_mem_reg_74__5_ 
   U_DUT/w2_mem_reg_106__1_ 
   U_DUT/w2_mem_reg_106__3_ 
   U_DUT/w2_mem_reg_106__5_ 
   U_DUT/w2_mem_reg_138__1_ 
   U_DUT/w2_mem_reg_138__3_ 
   U_DUT/w2_mem_reg_138__5_ 
   U_DUT/w2_mem_reg_170__1_ 
   U_DUT/w2_mem_reg_170__3_ 
   U_DUT/w2_mem_reg_170__5_ 
   U_DUT/w2_mem_reg_2__1_ 
   U_DUT/w2_mem_reg_2__3_ 
   U_DUT/w2_mem_reg_2__5_ 
   U_DUT/w2_mem_reg_34__1_ 
   U_DUT/w2_mem_reg_34__3_ 
   U_DUT/w2_mem_reg_34__5_ 
   U_DUT/w2_mem_reg_66__1_ 
   U_DUT/w2_mem_reg_66__3_ 
   U_DUT/w2_mem_reg_66__5_ 
   U_DUT/w2_mem_reg_98__1_ 
   U_DUT/w2_mem_reg_98__3_ 
   U_DUT/w2_mem_reg_98__5_ 
   U_DUT/w2_mem_reg_130__1_ 
   U_DUT/w2_mem_reg_130__3_ 
   U_DUT/w2_mem_reg_130__5_ 
   U_DUT/w2_mem_reg_162__1_ 
   U_DUT/w2_mem_reg_162__3_ 
   U_DUT/w2_mem_reg_162__5_ 
   U_DUT/w1_mem_reg_95__7_ 
   U_DUT/w2_mem_reg_224__0_ 
   U_DUT/w2_mem_reg_227__0_ 
   U_DUT/w2_mem_reg_229__0_ 
   U_DUT/w2_mem_reg_230__0_ 
   U_DUT/w2_mem_reg_231__0_ 
   U_DUT/w2_mem_reg_232__0_ 
   U_DUT/w2_mem_reg_234__0_ 
   U_DUT/w2_mem_reg_235__0_ 
   U_DUT/w1_mem_reg_191__7_ 
   U_DUT/w2_mem_reg_10__7_ 
   U_DUT/w2_mem_reg_42__7_ 
   U_DUT/w2_mem_reg_74__7_ 
   U_DUT/w2_mem_reg_106__7_ 
   U_DUT/w2_mem_reg_138__7_ 
   U_DUT/w2_mem_reg_170__7_ 
   U_DUT/w2_mem_reg_2__7_ 
   U_DUT/w2_mem_reg_34__7_ 
   U_DUT/w2_mem_reg_66__7_ 
   U_DUT/w2_mem_reg_98__7_ 
   U_DUT/w2_mem_reg_130__7_ 
   U_DUT/w2_mem_reg_162__7_ 
   U_DUT/w1_mem_reg_63__7_ 
   U_DUT/w1_mem_reg_169__0_ 
   U_DUT/w1_mem_reg_169__2_ 
   U_DUT/w1_mem_reg_169__4_ 
   U_DUT/w1_mem_reg_169__6_ 
   U_DUT/w1_mem_reg_172__0_ 
   U_DUT/w1_mem_reg_172__2_ 
   U_DUT/w1_mem_reg_172__4_ 
   U_DUT/w1_mem_reg_172__6_ 
   U_DUT/w1_mem_reg_174__0_ 
   U_DUT/w1_mem_reg_174__2_ 
   U_DUT/w1_mem_reg_174__4_ 
   U_DUT/w1_mem_reg_174__6_ 
   U_DUT/w1_mem_reg_176__0_ 
   U_DUT/w1_mem_reg_176__2_ 
   U_DUT/w1_mem_reg_176__4_ 
   U_DUT/w1_mem_reg_176__6_ 
   U_DUT/w1_mem_reg_181__0_ 
   U_DUT/w1_mem_reg_181__2_ 
   U_DUT/w1_mem_reg_181__4_ 
   U_DUT/w1_mem_reg_181__6_ 
   U_DUT/w1_mem_reg_199__0_ 
   U_DUT/w1_mem_reg_199__2_ 
   U_DUT/w1_mem_reg_199__4_ 
   U_DUT/w1_mem_reg_199__6_ 
   U_DUT/w1_mem_reg_201__0_ 
   U_DUT/w1_mem_reg_201__2_ 
   U_DUT/w1_mem_reg_201__4_ 
   U_DUT/w1_mem_reg_201__6_ 
   U_DUT/w1_mem_reg_287__0_ 
   U_DUT/w1_mem_reg_287__2_ 
   U_DUT/w1_mem_reg_287__4_ 
   U_DUT/w1_mem_reg_287__6_ 
   U_DUT/w1_mem_reg_288__0_ 
   U_DUT/w1_mem_reg_288__2_ 
   U_DUT/w1_mem_reg_288__4_ 
   U_DUT/w1_mem_reg_288__6_ 
   U_DUT/w1_mem_reg_289__0_ 
   U_DUT/w1_mem_reg_289__2_ 
   U_DUT/w1_mem_reg_289__4_ 
   U_DUT/w1_mem_reg_289__6_ 
   U_DUT/w1_mem_reg_292__0_ 
   U_DUT/w1_mem_reg_292__2_ 
   U_DUT/w1_mem_reg_292__4_ 
   U_DUT/w1_mem_reg_292__6_ 
   U_DUT/w1_mem_reg_293__0_ 
   U_DUT/w1_mem_reg_293__2_ 
   U_DUT/w1_mem_reg_293__4_ 
   U_DUT/w1_mem_reg_293__6_ 
   U_DUT/w1_mem_reg_294__0_ 
   U_DUT/w1_mem_reg_294__2_ 
   U_DUT/w1_mem_reg_294__4_ 
   U_DUT/w1_mem_reg_294__6_ 
   U_DUT/w1_mem_reg_295__0_ 
   U_DUT/w1_mem_reg_295__2_ 
   U_DUT/w1_mem_reg_295__4_ 
   U_DUT/w1_mem_reg_295__6_ 
   U_DUT/w1_mem_reg_296__0_ 
   U_DUT/w1_mem_reg_296__2_ 
   U_DUT/w1_mem_reg_296__4_ 
   U_DUT/w1_mem_reg_296__6_ 
   U_DUT/w1_mem_reg_297__0_ 
   U_DUT/w1_mem_reg_297__2_ 
   U_DUT/w1_mem_reg_297__4_ 
   U_DUT/w1_mem_reg_297__6_ 
   U_DUT/w1_mem_reg_300__0_ 
   U_DUT/w1_mem_reg_300__2_ 
   U_DUT/w1_mem_reg_300__4_ 
   U_DUT/w1_mem_reg_300__6_ 
   U_DUT/w1_mem_reg_301__0_ 
   U_DUT/w1_mem_reg_301__2_ 
   U_DUT/w1_mem_reg_301__4_ 
   U_DUT/w1_mem_reg_301__6_ 
   U_DUT/w1_mem_reg_303__0_ 
   U_DUT/w1_mem_reg_303__2_ 
   U_DUT/w1_mem_reg_303__4_ 
   U_DUT/w1_mem_reg_303__6_ 
   U_DUT/w1_mem_reg_304__0_ 
   U_DUT/w1_mem_reg_304__2_ 
   U_DUT/w1_mem_reg_304__4_ 
   U_DUT/w1_mem_reg_304__6_ 
   U_DUT/w1_mem_reg_305__0_ 
   U_DUT/w1_mem_reg_305__2_ 
   U_DUT/w1_mem_reg_305__4_ 
   U_DUT/w1_mem_reg_305__6_ 
   U_DUT/w1_mem_reg_308__0_ 
   U_DUT/w1_mem_reg_308__2_ 
   U_DUT/w1_mem_reg_308__4_ 
   U_DUT/w1_mem_reg_308__6_ 
   U_DUT/w1_mem_reg_309__0_ 
   U_DUT/w1_mem_reg_309__2_ 
   U_DUT/w1_mem_reg_309__4_ 
   U_DUT/w1_mem_reg_309__6_ 
   U_DUT/w1_mem_reg_311__0_ 
   U_DUT/w1_mem_reg_311__2_ 
   U_DUT/w1_mem_reg_311__4_ 
   U_DUT/w1_mem_reg_311__6_ 
   U_DUT/w1_mem_reg_312__0_ 
   U_DUT/w1_mem_reg_312__2_ 
   U_DUT/w1_mem_reg_312__4_ 
   U_DUT/w1_mem_reg_312__6_ 
   U_DUT/w1_mem_reg_313__0_ 
   U_DUT/w1_mem_reg_313__2_ 
   U_DUT/w1_mem_reg_313__4_ 
   U_DUT/w1_mem_reg_313__6_ 
   U_DUT/w1_mem_reg_316__0_ 
   U_DUT/w1_mem_reg_316__2_ 
   U_DUT/w1_mem_reg_316__4_ 
   U_DUT/w1_mem_reg_316__6_ 
   U_DUT/w1_mem_reg_317__0_ 
   U_DUT/w1_mem_reg_317__2_ 
   U_DUT/w1_mem_reg_317__4_ 
   U_DUT/w1_mem_reg_317__6_ 
   U_DUT/w1_mem_reg_318__0_ 
   U_DUT/w1_mem_reg_318__2_ 
   U_DUT/w1_mem_reg_318__4_ 
   U_DUT/w1_mem_reg_318__6_ 
   U_DUT/w1_mem_reg_319__0_ 
   U_DUT/w1_mem_reg_319__2_ 
   U_DUT/w1_mem_reg_319__4_ 
   U_DUT/w1_mem_reg_319__6_ 
   U_DUT/w1_mem_reg_320__0_ 
   U_DUT/w1_mem_reg_320__2_ 
   U_DUT/w1_mem_reg_320__4_ 
   U_DUT/w1_mem_reg_320__6_ 
   U_DUT/w1_mem_reg_321__0_ 
   U_DUT/w1_mem_reg_321__2_ 
   U_DUT/w1_mem_reg_321__4_ 
   U_DUT/w1_mem_reg_321__6_ 
   U_DUT/w2_mem_reg_29__0_ 
   U_DUT/w2_mem_reg_29__2_ 
   U_DUT/w2_mem_reg_29__4_ 
   U_DUT/w2_mem_reg_29__6_ 
   U_DUT/w2_mem_reg_208__1_ 
   U_DUT/w2_mem_reg_208__3_ 
   U_DUT/w2_mem_reg_208__5_ 
   U_DUT/w2_mem_reg_208__7_ 
   U_DUT/w2_mem_reg_209__1_ 
   U_DUT/w2_mem_reg_209__3_ 
   U_DUT/w2_mem_reg_209__5_ 
   U_DUT/w2_mem_reg_209__7_ 
   U_DUT/w2_mem_reg_212__1_ 
   U_DUT/w2_mem_reg_212__3_ 
   U_DUT/w2_mem_reg_212__5_ 
   U_DUT/w2_mem_reg_212__7_ 
   U_DUT/w2_mem_reg_213__1_ 
   U_DUT/w2_mem_reg_213__3_ 
   U_DUT/w2_mem_reg_213__5_ 
   U_DUT/w2_mem_reg_213__7_ 
   U_DUT/w2_mem_reg_214__1_ 
   U_DUT/w2_mem_reg_214__3_ 
   U_DUT/w2_mem_reg_214__5_ 
   U_DUT/w2_mem_reg_214__7_ 
   U_DUT/w2_mem_reg_215__1_ 
   U_DUT/w2_mem_reg_215__3_ 
   U_DUT/w2_mem_reg_215__5_ 
   U_DUT/w2_mem_reg_215__7_ 
   U_DUT/w2_mem_reg_216__1_ 
   U_DUT/w2_mem_reg_216__3_ 
   U_DUT/w2_mem_reg_216__5_ 
   U_DUT/w2_mem_reg_216__7_ 
   U_DUT/w2_mem_reg_217__1_ 
   U_DUT/w2_mem_reg_217__3_ 
   U_DUT/w2_mem_reg_217__5_ 
   U_DUT/w2_mem_reg_217__7_ 
   U_DUT/w2_mem_reg_220__1_ 
   U_DUT/w2_mem_reg_220__3_ 
   U_DUT/w2_mem_reg_220__5_ 
   U_DUT/w2_mem_reg_220__7_ 
   U_DUT/w2_mem_reg_221__1_ 
   U_DUT/w2_mem_reg_221__3_ 
   U_DUT/w2_mem_reg_221__5_ 
   U_DUT/w2_mem_reg_221__7_ 
   U_DUT/w2_mem_reg_222__1_ 
   U_DUT/w2_mem_reg_222__3_ 
   U_DUT/w2_mem_reg_222__5_ 
   U_DUT/w2_mem_reg_222__7_ 
   U_DUT/w2_mem_reg_223__1_ 
   U_DUT/w2_mem_reg_223__3_ 
   U_DUT/w2_mem_reg_223__5_ 
   U_DUT/w2_mem_reg_223__7_ 
   U_DUT/w1_mem_reg_265__0_ 
   U_DUT/w1_mem_reg_265__1_ 
   U_DUT/w1_mem_reg_265__2_ 
   U_DUT/w1_mem_reg_265__3_ 
   U_DUT/w1_mem_reg_265__4_ 
   U_DUT/w1_mem_reg_265__5_ 
   U_DUT/w1_mem_reg_265__6_ 
   U_DUT/w1_mem_reg_268__0_ 
   U_DUT/w1_mem_reg_268__1_ 
   U_DUT/w1_mem_reg_268__2_ 
   U_DUT/w1_mem_reg_268__3_ 
   U_DUT/w1_mem_reg_268__4_ 
   U_DUT/w1_mem_reg_268__5_ 
   U_DUT/w1_mem_reg_268__6_ 
   U_DUT/w1_mem_reg_269__0_ 
   U_DUT/w1_mem_reg_269__1_ 
   U_DUT/w1_mem_reg_269__2_ 
   U_DUT/w1_mem_reg_269__3_ 
   U_DUT/w1_mem_reg_269__4_ 
   U_DUT/w1_mem_reg_269__5_ 
   U_DUT/w1_mem_reg_269__6_ 
   U_DUT/w1_mem_reg_271__0_ 
   U_DUT/w1_mem_reg_271__1_ 
   U_DUT/w1_mem_reg_271__2_ 
   U_DUT/w1_mem_reg_271__3_ 
   U_DUT/w1_mem_reg_271__4_ 
   U_DUT/w1_mem_reg_271__5_ 
   U_DUT/w1_mem_reg_271__6_ 
   U_DUT/w1_mem_reg_272__0_ 
   U_DUT/w1_mem_reg_272__1_ 
   U_DUT/w1_mem_reg_272__2_ 
   U_DUT/w1_mem_reg_272__3_ 
   U_DUT/w1_mem_reg_272__4_ 
   U_DUT/w1_mem_reg_272__5_ 
   U_DUT/w1_mem_reg_272__6_ 
   U_DUT/w1_mem_reg_273__0_ 
   U_DUT/w1_mem_reg_273__1_ 
   U_DUT/w1_mem_reg_273__2_ 
   U_DUT/w1_mem_reg_273__3_ 
   U_DUT/w1_mem_reg_273__4_ 
   U_DUT/w1_mem_reg_273__5_ 
   U_DUT/w1_mem_reg_273__6_ 
   U_DUT/w1_mem_reg_285__0_ 
   U_DUT/w1_mem_reg_285__1_ 
   U_DUT/w1_mem_reg_285__2_ 
   U_DUT/w1_mem_reg_285__3_ 
   U_DUT/w1_mem_reg_285__4_ 
   U_DUT/w1_mem_reg_285__5_ 
   U_DUT/w1_mem_reg_285__6_ 
   U_DUT/w1_mem_reg_261__7_ 
   U_DUT/w1_mem_reg_263__7_ 
   U_DUT/w1_mem_reg_264__7_ 
   U_DUT/w1_mem_reg_265__7_ 
   U_DUT/w1_mem_reg_268__7_ 
   U_DUT/w1_mem_reg_269__7_ 
   U_DUT/w1_mem_reg_285__7_ 
   U_DUT/w1_mem_reg_260__0_ 
   U_DUT/w1_mem_reg_260__1_ 
   U_DUT/w1_mem_reg_260__2_ 
   U_DUT/w1_mem_reg_260__3_ 
   U_DUT/w1_mem_reg_260__4_ 
   U_DUT/w1_mem_reg_260__5_ 
   U_DUT/w1_mem_reg_260__6_ 
   U_DUT/w1_mem_reg_277__0_ 
   U_DUT/w1_mem_reg_277__2_ 
   U_DUT/w1_mem_reg_277__4_ 
   U_DUT/w1_mem_reg_277__6_ 
   U_DUT/w1_mem_reg_279__0_ 
   U_DUT/w1_mem_reg_279__2_ 
   U_DUT/w1_mem_reg_279__4_ 
   U_DUT/w1_mem_reg_279__6_ 
   U_DUT/w1_mem_reg_280__0_ 
   U_DUT/w1_mem_reg_280__2_ 
   U_DUT/w1_mem_reg_280__4_ 
   U_DUT/w1_mem_reg_280__6_ 
   U_DUT/w1_mem_reg_389__0_ 
   U_DUT/w1_mem_reg_389__2_ 
   U_DUT/w1_mem_reg_389__4_ 
   U_DUT/w1_mem_reg_389__6_ 
   U_DUT/w1_mem_reg_391__0_ 
   U_DUT/w1_mem_reg_391__2_ 
   U_DUT/w1_mem_reg_391__4_ 
   U_DUT/w1_mem_reg_391__6_ 
   U_DUT/w1_mem_reg_392__0_ 
   U_DUT/w1_mem_reg_392__2_ 
   U_DUT/w1_mem_reg_392__4_ 
   U_DUT/w1_mem_reg_392__6_ 
   U_DUT/w1_mem_reg_393__0_ 
   U_DUT/w1_mem_reg_393__2_ 
   U_DUT/w1_mem_reg_393__4_ 
   U_DUT/w1_mem_reg_393__6_ 
   U_DUT/w1_mem_reg_397__0_ 
   U_DUT/w1_mem_reg_397__2_ 
   U_DUT/w1_mem_reg_397__4_ 
   U_DUT/w1_mem_reg_397__6_ 
   U_DUT/w1_mem_reg_399__0_ 
   U_DUT/w1_mem_reg_399__2_ 
   U_DUT/w1_mem_reg_399__4_ 
   U_DUT/w1_mem_reg_399__6_ 
   U_DUT/w1_mem_reg_413__0_ 
   U_DUT/w1_mem_reg_413__2_ 
   U_DUT/w1_mem_reg_413__4_ 
   U_DUT/w1_mem_reg_413__6_ 
   U_DUT/w1_mem_reg_428__0_ 
   U_DUT/w1_mem_reg_428__2_ 
   U_DUT/w1_mem_reg_428__4_ 
   U_DUT/w1_mem_reg_428__6_ 
   U_DUT/w1_mem_reg_429__0_ 
   U_DUT/w1_mem_reg_429__2_ 
   U_DUT/w1_mem_reg_429__4_ 
   U_DUT/w1_mem_reg_429__6_ 
   U_DUT/w1_mem_reg_432__0_ 
   U_DUT/w1_mem_reg_432__2_ 
   U_DUT/w1_mem_reg_432__4_ 
   U_DUT/w1_mem_reg_432__6_ 
   U_DUT/w1_mem_reg_433__0_ 
   U_DUT/w1_mem_reg_433__2_ 
   U_DUT/w1_mem_reg_433__4_ 
   U_DUT/w1_mem_reg_433__6_ 
   U_DUT/w1_mem_reg_436__0_ 
   U_DUT/w1_mem_reg_436__2_ 
   U_DUT/w1_mem_reg_436__4_ 
   U_DUT/w1_mem_reg_436__6_ 
   U_DUT/w1_mem_reg_437__0_ 
   U_DUT/w1_mem_reg_437__2_ 
   U_DUT/w1_mem_reg_437__4_ 
   U_DUT/w1_mem_reg_437__6_ 
   U_DUT/w1_mem_reg_473__0_ 
   U_DUT/w1_mem_reg_473__1_ 
   U_DUT/w1_mem_reg_473__2_ 
   U_DUT/w1_mem_reg_473__3_ 
   U_DUT/w1_mem_reg_473__4_ 
   U_DUT/w1_mem_reg_473__5_ 
   U_DUT/w1_mem_reg_473__6_ 
   U_DUT/w1_mem_reg_504__0_ 
   U_DUT/w1_mem_reg_504__1_ 
   U_DUT/w1_mem_reg_504__2_ 
   U_DUT/w1_mem_reg_504__3_ 
   U_DUT/w1_mem_reg_504__4_ 
   U_DUT/w1_mem_reg_504__5_ 
   U_DUT/w1_mem_reg_504__6_ 
   U_DUT/w1_mem_reg_509__0_ 
   U_DUT/w1_mem_reg_509__1_ 
   U_DUT/w1_mem_reg_509__2_ 
   U_DUT/w1_mem_reg_509__3_ 
   U_DUT/w1_mem_reg_509__4_ 
   U_DUT/w1_mem_reg_509__5_ 
   U_DUT/w1_mem_reg_509__6_ 
   U_DUT/w1_mem_reg_256__0_ 
   U_DUT/w1_mem_reg_256__2_ 
   U_DUT/w1_mem_reg_256__4_ 
   U_DUT/w1_mem_reg_256__6_ 
   U_DUT/w1_mem_reg_276__0_ 
   U_DUT/w1_mem_reg_276__2_ 
   U_DUT/w1_mem_reg_276__4_ 
   U_DUT/w1_mem_reg_276__6_ 
   U_DUT/w1_mem_reg_281__0_ 
   U_DUT/w1_mem_reg_281__2_ 
   U_DUT/w1_mem_reg_281__4_ 
   U_DUT/w1_mem_reg_281__6_ 
   U_DUT/w1_mem_reg_284__0_ 
   U_DUT/w1_mem_reg_284__2_ 
   U_DUT/w1_mem_reg_284__4_ 
   U_DUT/w1_mem_reg_284__6_ 
   U_DUT/w1_mem_reg_388__0_ 
   U_DUT/w1_mem_reg_388__2_ 
   U_DUT/w1_mem_reg_388__4_ 
   U_DUT/w1_mem_reg_388__6_ 
   U_DUT/w1_mem_reg_396__0_ 
   U_DUT/w1_mem_reg_396__2_ 
   U_DUT/w1_mem_reg_396__4_ 
   U_DUT/w1_mem_reg_396__6_ 
   U_DUT/w1_mem_reg_425__0_ 
   U_DUT/w1_mem_reg_425__2_ 
   U_DUT/w1_mem_reg_425__4_ 
   U_DUT/w1_mem_reg_425__6_ 
   U_DUT/w1_mem_reg_431__0_ 
   U_DUT/w1_mem_reg_431__2_ 
   U_DUT/w1_mem_reg_431__4_ 
   U_DUT/w1_mem_reg_431__6_ 
   U_DUT/w1_mem_reg_439__0_ 
   U_DUT/w1_mem_reg_439__2_ 
   U_DUT/w1_mem_reg_439__4_ 
   U_DUT/w1_mem_reg_439__6_ 
   U_DUT/w1_mem_reg_440__0_ 
   U_DUT/w1_mem_reg_440__2_ 
   U_DUT/w1_mem_reg_440__4_ 
   U_DUT/w1_mem_reg_440__6_ 
   U_DUT/w1_mem_reg_441__0_ 
   U_DUT/w1_mem_reg_441__2_ 
   U_DUT/w1_mem_reg_441__4_ 
   U_DUT/w1_mem_reg_441__6_ 
   U_DUT/w1_mem_reg_444__0_ 
   U_DUT/w1_mem_reg_444__2_ 
   U_DUT/w1_mem_reg_444__4_ 
   U_DUT/w1_mem_reg_444__6_ 
   U_DUT/w1_mem_reg_445__0_ 
   U_DUT/w1_mem_reg_445__2_ 
   U_DUT/w1_mem_reg_445__4_ 
   U_DUT/w1_mem_reg_445__6_ 
   U_DUT/w1_mem_reg_448__0_ 
   U_DUT/w1_mem_reg_448__2_ 
   U_DUT/w1_mem_reg_448__4_ 
   U_DUT/w1_mem_reg_448__6_ 
   U_DUT/w1_mem_reg_449__0_ 
   U_DUT/w1_mem_reg_449__2_ 
   U_DUT/w1_mem_reg_449__4_ 
   U_DUT/w1_mem_reg_449__6_ 
   U_DUT/w1_mem_reg_452__0_ 
   U_DUT/w1_mem_reg_452__2_ 
   U_DUT/w1_mem_reg_452__4_ 
   U_DUT/w1_mem_reg_452__6_ 
   U_DUT/w1_mem_reg_453__0_ 
   U_DUT/w1_mem_reg_453__2_ 
   U_DUT/w1_mem_reg_453__4_ 
   U_DUT/w1_mem_reg_453__6_ 
   U_DUT/w1_mem_reg_455__0_ 
   U_DUT/w1_mem_reg_455__2_ 
   U_DUT/w1_mem_reg_455__4_ 
   U_DUT/w1_mem_reg_455__6_ 
   U_DUT/w1_mem_reg_456__0_ 
   U_DUT/w1_mem_reg_456__2_ 
   U_DUT/w1_mem_reg_456__4_ 
   U_DUT/w1_mem_reg_456__6_ 
   U_DUT/w1_mem_reg_457__0_ 
   U_DUT/w1_mem_reg_457__2_ 
   U_DUT/w1_mem_reg_457__4_ 
   U_DUT/w1_mem_reg_457__6_ 
   U_DUT/w1_mem_reg_460__0_ 
   U_DUT/w1_mem_reg_460__2_ 
   U_DUT/w1_mem_reg_460__4_ 
   U_DUT/w1_mem_reg_460__6_ 
   U_DUT/w1_mem_reg_461__0_ 
   U_DUT/w1_mem_reg_461__2_ 
   U_DUT/w1_mem_reg_461__4_ 
   U_DUT/w1_mem_reg_461__6_ 
   U_DUT/w1_mem_reg_463__0_ 
   U_DUT/w1_mem_reg_463__2_ 
   U_DUT/w1_mem_reg_463__4_ 
   U_DUT/w1_mem_reg_463__6_ 
   U_DUT/w1_mem_reg_464__0_ 
   U_DUT/w1_mem_reg_464__2_ 
   U_DUT/w1_mem_reg_464__4_ 
   U_DUT/w1_mem_reg_464__6_ 
   U_DUT/w1_mem_reg_465__0_ 
   U_DUT/w1_mem_reg_465__2_ 
   U_DUT/w1_mem_reg_465__4_ 
   U_DUT/w1_mem_reg_465__6_ 
   U_DUT/w1_mem_reg_468__0_ 
   U_DUT/w1_mem_reg_468__2_ 
   U_DUT/w1_mem_reg_468__4_ 
   U_DUT/w1_mem_reg_468__6_ 
   U_DUT/w1_mem_reg_469__0_ 
   U_DUT/w1_mem_reg_469__2_ 
   U_DUT/w1_mem_reg_469__4_ 
   U_DUT/w1_mem_reg_469__6_ 
   U_DUT/w1_mem_reg_471__0_ 
   U_DUT/w1_mem_reg_471__2_ 
   U_DUT/w1_mem_reg_471__4_ 
   U_DUT/w1_mem_reg_471__6_ 
   U_DUT/w1_mem_reg_476__0_ 
   U_DUT/w1_mem_reg_476__2_ 
   U_DUT/w1_mem_reg_476__4_ 
   U_DUT/w1_mem_reg_476__6_ 
   U_DUT/w1_mem_reg_477__0_ 
   U_DUT/w1_mem_reg_477__2_ 
   U_DUT/w1_mem_reg_477__4_ 
   U_DUT/w1_mem_reg_477__6_ 
   U_DUT/w1_mem_reg_480__0_ 
   U_DUT/w1_mem_reg_480__2_ 
   U_DUT/w1_mem_reg_480__4_ 
   U_DUT/w1_mem_reg_480__6_ 
   U_DUT/w1_mem_reg_481__0_ 
   U_DUT/w1_mem_reg_481__2_ 
   U_DUT/w1_mem_reg_481__4_ 
   U_DUT/w1_mem_reg_481__6_ 
   U_DUT/w1_mem_reg_484__0_ 
   U_DUT/w1_mem_reg_484__2_ 
   U_DUT/w1_mem_reg_484__4_ 
   U_DUT/w1_mem_reg_484__6_ 
   U_DUT/w1_mem_reg_485__0_ 
   U_DUT/w1_mem_reg_485__2_ 
   U_DUT/w1_mem_reg_485__4_ 
   U_DUT/w1_mem_reg_485__6_ 
   U_DUT/w1_mem_reg_487__0_ 
   U_DUT/w1_mem_reg_487__2_ 
   U_DUT/w1_mem_reg_487__4_ 
   U_DUT/w1_mem_reg_487__6_ 
   U_DUT/w1_mem_reg_488__0_ 
   U_DUT/w1_mem_reg_488__2_ 
   U_DUT/w1_mem_reg_488__4_ 
   U_DUT/w1_mem_reg_488__6_ 
   U_DUT/w1_mem_reg_489__0_ 
   U_DUT/w1_mem_reg_489__2_ 
   U_DUT/w1_mem_reg_489__4_ 
   U_DUT/w1_mem_reg_489__6_ 
   U_DUT/w1_mem_reg_492__0_ 
   U_DUT/w1_mem_reg_492__2_ 
   U_DUT/w1_mem_reg_492__4_ 
   U_DUT/w1_mem_reg_492__6_ 
   U_DUT/w1_mem_reg_493__0_ 
   U_DUT/w1_mem_reg_493__2_ 
   U_DUT/w1_mem_reg_493__4_ 
   U_DUT/w1_mem_reg_493__6_ 
   U_DUT/w1_mem_reg_495__0_ 
   U_DUT/w1_mem_reg_495__2_ 
   U_DUT/w1_mem_reg_495__4_ 
   U_DUT/w1_mem_reg_495__6_ 
   U_DUT/w1_mem_reg_496__0_ 
   U_DUT/w1_mem_reg_496__2_ 
   U_DUT/w1_mem_reg_496__4_ 
   U_DUT/w1_mem_reg_496__6_ 
   U_DUT/w1_mem_reg_497__0_ 
   U_DUT/w1_mem_reg_497__2_ 
   U_DUT/w1_mem_reg_497__4_ 
   U_DUT/w1_mem_reg_497__6_ 
   U_DUT/w1_mem_reg_500__0_ 
   U_DUT/w1_mem_reg_500__2_ 
   U_DUT/w1_mem_reg_500__4_ 
   U_DUT/w1_mem_reg_500__6_ 
   U_DUT/w1_mem_reg_501__0_ 
   U_DUT/w1_mem_reg_501__2_ 
   U_DUT/w1_mem_reg_501__4_ 
   U_DUT/w1_mem_reg_501__6_ 
   U_DUT/w1_mem_reg_505__0_ 
   U_DUT/w1_mem_reg_505__2_ 
   U_DUT/w1_mem_reg_505__4_ 
   U_DUT/w1_mem_reg_505__6_ 
   U_DUT/w1_mem_reg_452__1_ 
   U_DUT/w1_mem_reg_452__3_ 
   U_DUT/w1_mem_reg_452__5_ 
   U_DUT/w1_mem_reg_452__7_ 
   U_DUT/w1_mem_reg_453__1_ 
   U_DUT/w1_mem_reg_453__3_ 
   U_DUT/w1_mem_reg_453__5_ 
   U_DUT/w1_mem_reg_453__7_ 
   U_DUT/w1_mem_reg_463__1_ 
   U_DUT/w1_mem_reg_463__3_ 
   U_DUT/w1_mem_reg_463__5_ 
   U_DUT/w1_mem_reg_463__7_ 
   U_DUT/w1_mem_reg_464__1_ 
   U_DUT/w1_mem_reg_464__3_ 
   U_DUT/w1_mem_reg_464__5_ 
   U_DUT/w1_mem_reg_464__7_ 
   U_DUT/w1_mem_reg_465__1_ 
   U_DUT/w1_mem_reg_465__3_ 
   U_DUT/w1_mem_reg_465__5_ 
   U_DUT/w1_mem_reg_465__7_ 
   U_DUT/w1_mem_reg_468__1_ 
   U_DUT/w1_mem_reg_468__3_ 
   U_DUT/w1_mem_reg_468__5_ 
   U_DUT/w1_mem_reg_468__7_ 
   U_DUT/w1_mem_reg_469__1_ 
   U_DUT/w1_mem_reg_469__3_ 
   U_DUT/w1_mem_reg_469__5_ 
   U_DUT/w1_mem_reg_469__7_ 
   U_DUT/w1_mem_reg_471__1_ 
   U_DUT/w1_mem_reg_471__3_ 
   U_DUT/w1_mem_reg_471__5_ 
   U_DUT/w1_mem_reg_471__7_ 
   U_DUT/w1_mem_reg_501__1_ 
   U_DUT/w1_mem_reg_501__3_ 
   U_DUT/w1_mem_reg_501__5_ 
   U_DUT/w1_mem_reg_501__7_ 
   U_DUT/w1_mem_reg_505__1_ 
   U_DUT/w1_mem_reg_505__3_ 
   U_DUT/w1_mem_reg_505__5_ 
   U_DUT/w1_mem_reg_505__7_ 
   U_DUT/w1_mem_reg_324__0_ 
   U_DUT/w1_mem_reg_324__2_ 
   U_DUT/w1_mem_reg_324__4_ 
   U_DUT/w1_mem_reg_324__6_ 
   U_DUT/w1_mem_reg_325__0_ 
   U_DUT/w1_mem_reg_325__2_ 
   U_DUT/w1_mem_reg_325__4_ 
   U_DUT/w1_mem_reg_325__6_ 
   U_DUT/w1_mem_reg_327__0_ 
   U_DUT/w1_mem_reg_327__2_ 
   U_DUT/w1_mem_reg_327__4_ 
   U_DUT/w1_mem_reg_327__6_ 
   U_DUT/w1_mem_reg_328__0_ 
   U_DUT/w1_mem_reg_328__2_ 
   U_DUT/w1_mem_reg_328__4_ 
   U_DUT/w1_mem_reg_328__6_ 
   U_DUT/w1_mem_reg_329__0_ 
   U_DUT/w1_mem_reg_329__2_ 
   U_DUT/w1_mem_reg_329__4_ 
   U_DUT/w1_mem_reg_329__6_ 
   U_DUT/w1_mem_reg_332__0_ 
   U_DUT/w1_mem_reg_332__2_ 
   U_DUT/w1_mem_reg_332__4_ 
   U_DUT/w1_mem_reg_332__6_ 
   U_DUT/w1_mem_reg_333__0_ 
   U_DUT/w1_mem_reg_333__2_ 
   U_DUT/w1_mem_reg_333__4_ 
   U_DUT/w1_mem_reg_333__6_ 
   U_DUT/w1_mem_reg_335__0_ 
   U_DUT/w1_mem_reg_335__2_ 
   U_DUT/w1_mem_reg_335__4_ 
   U_DUT/w1_mem_reg_335__6_ 
   U_DUT/w1_mem_reg_336__0_ 
   U_DUT/w1_mem_reg_336__2_ 
   U_DUT/w1_mem_reg_336__4_ 
   U_DUT/w1_mem_reg_336__6_ 
   U_DUT/w1_mem_reg_337__0_ 
   U_DUT/w1_mem_reg_337__2_ 
   U_DUT/w1_mem_reg_337__4_ 
   U_DUT/w1_mem_reg_337__6_ 
   U_DUT/w1_mem_reg_340__0_ 
   U_DUT/w1_mem_reg_340__2_ 
   U_DUT/w1_mem_reg_340__4_ 
   U_DUT/w1_mem_reg_340__6_ 
   U_DUT/w1_mem_reg_341__0_ 
   U_DUT/w1_mem_reg_341__2_ 
   U_DUT/w1_mem_reg_341__4_ 
   U_DUT/w1_mem_reg_341__6_ 
   U_DUT/w1_mem_reg_343__0_ 
   U_DUT/w1_mem_reg_343__2_ 
   U_DUT/w1_mem_reg_343__4_ 
   U_DUT/w1_mem_reg_343__6_ 
   U_DUT/w1_mem_reg_344__0_ 
   U_DUT/w1_mem_reg_344__2_ 
   U_DUT/w1_mem_reg_344__4_ 
   U_DUT/w1_mem_reg_344__6_ 
   U_DUT/w1_mem_reg_345__0_ 
   U_DUT/w1_mem_reg_345__2_ 
   U_DUT/w1_mem_reg_345__4_ 
   U_DUT/w1_mem_reg_345__6_ 
   U_DUT/w1_mem_reg_348__0_ 
   U_DUT/w1_mem_reg_348__2_ 
   U_DUT/w1_mem_reg_348__4_ 
   U_DUT/w1_mem_reg_348__6_ 
   U_DUT/w1_mem_reg_349__0_ 
   U_DUT/w1_mem_reg_349__2_ 
   U_DUT/w1_mem_reg_349__4_ 
   U_DUT/w1_mem_reg_349__6_ 
   U_DUT/w1_mem_reg_324__1_ 
   U_DUT/w1_mem_reg_324__3_ 
   U_DUT/w1_mem_reg_324__5_ 
   U_DUT/w1_mem_reg_324__7_ 
   U_DUT/w1_mem_reg_325__1_ 
   U_DUT/w1_mem_reg_325__3_ 
   U_DUT/w1_mem_reg_325__5_ 
   U_DUT/w1_mem_reg_325__7_ 
   U_DUT/w1_mem_reg_327__1_ 
   U_DUT/w1_mem_reg_327__3_ 
   U_DUT/w1_mem_reg_327__5_ 
   U_DUT/w1_mem_reg_327__7_ 
   U_DUT/w1_mem_reg_328__1_ 
   U_DUT/w1_mem_reg_328__3_ 
   U_DUT/w1_mem_reg_328__5_ 
   U_DUT/w1_mem_reg_328__7_ 
   U_DUT/w1_mem_reg_329__1_ 
   U_DUT/w1_mem_reg_329__3_ 
   U_DUT/w1_mem_reg_329__5_ 
   U_DUT/w1_mem_reg_329__7_ 
   U_DUT/w1_mem_reg_332__1_ 
   U_DUT/w1_mem_reg_332__3_ 
   U_DUT/w1_mem_reg_332__5_ 
   U_DUT/w1_mem_reg_332__7_ 
   U_DUT/w1_mem_reg_333__1_ 
   U_DUT/w1_mem_reg_333__3_ 
   U_DUT/w1_mem_reg_333__5_ 
   U_DUT/w1_mem_reg_333__7_ 
   U_DUT/w1_mem_reg_335__1_ 
   U_DUT/w1_mem_reg_335__3_ 
   U_DUT/w1_mem_reg_335__5_ 
   U_DUT/w1_mem_reg_335__7_ 
   U_DUT/w1_mem_reg_336__1_ 
   U_DUT/w1_mem_reg_336__3_ 
   U_DUT/w1_mem_reg_336__5_ 
   U_DUT/w1_mem_reg_336__7_ 
   U_DUT/w1_mem_reg_337__1_ 
   U_DUT/w1_mem_reg_337__3_ 
   U_DUT/w1_mem_reg_337__5_ 
   U_DUT/w1_mem_reg_337__7_ 
   U_DUT/w1_mem_reg_340__1_ 
   U_DUT/w1_mem_reg_340__3_ 
   U_DUT/w1_mem_reg_340__5_ 
   U_DUT/w1_mem_reg_340__7_ 
   U_DUT/w1_mem_reg_341__1_ 
   U_DUT/w1_mem_reg_341__3_ 
   U_DUT/w1_mem_reg_341__5_ 
   U_DUT/w1_mem_reg_341__7_ 
   U_DUT/w1_mem_reg_343__1_ 
   U_DUT/w1_mem_reg_343__3_ 
   U_DUT/w1_mem_reg_343__5_ 
   U_DUT/w1_mem_reg_343__7_ 
   U_DUT/w1_mem_reg_344__1_ 
   U_DUT/w1_mem_reg_344__3_ 
   U_DUT/w1_mem_reg_344__5_ 
   U_DUT/w1_mem_reg_344__7_ 
   U_DUT/w1_mem_reg_345__1_ 
   U_DUT/w1_mem_reg_345__3_ 
   U_DUT/w1_mem_reg_345__5_ 
   U_DUT/w1_mem_reg_345__7_ 
   U_DUT/w1_mem_reg_348__1_ 
   U_DUT/w1_mem_reg_348__3_ 
   U_DUT/w1_mem_reg_348__5_ 
   U_DUT/w1_mem_reg_348__7_ 
   U_DUT/w1_mem_reg_349__1_ 
   U_DUT/w1_mem_reg_349__3_ 
   U_DUT/w1_mem_reg_349__5_ 
   U_DUT/w1_mem_reg_349__7_ 
   U_DUT/w1_mem_reg_261__0_ 
   U_DUT/w1_mem_reg_261__2_ 
   U_DUT/w1_mem_reg_261__4_ 
   U_DUT/w1_mem_reg_261__6_ 
   U_DUT/w1_mem_reg_263__0_ 
   U_DUT/w1_mem_reg_263__2_ 
   U_DUT/w1_mem_reg_263__4_ 
   U_DUT/w1_mem_reg_263__6_ 
   U_DUT/w1_mem_reg_256__7_ 
   U_DUT/w1_mem_reg_473__7_ 
   U_DUT/w1_mem_reg_504__7_ 
   U_DUT/w1_mem_reg_509__7_ 
   U_DUT/w1_mem_reg_276__1_ 
   U_DUT/w1_mem_reg_276__3_ 
   U_DUT/w1_mem_reg_276__5_ 
   U_DUT/w1_mem_reg_388__1_ 
   U_DUT/w1_mem_reg_388__3_ 
   U_DUT/w1_mem_reg_388__5_ 
   U_DUT/w1_mem_reg_439__1_ 
   U_DUT/w1_mem_reg_439__3_ 
   U_DUT/w1_mem_reg_439__5_ 
   U_DUT/w1_mem_reg_440__1_ 
   U_DUT/w1_mem_reg_440__3_ 
   U_DUT/w1_mem_reg_440__5_ 
   U_DUT/w1_mem_reg_441__1_ 
   U_DUT/w1_mem_reg_441__3_ 
   U_DUT/w1_mem_reg_441__5_ 
   U_DUT/w1_mem_reg_444__1_ 
   U_DUT/w1_mem_reg_444__3_ 
   U_DUT/w1_mem_reg_444__5_ 
   U_DUT/w1_mem_reg_445__1_ 
   U_DUT/w1_mem_reg_445__3_ 
   U_DUT/w1_mem_reg_445__5_ 
   U_DUT/w1_mem_reg_448__1_ 
   U_DUT/w1_mem_reg_448__3_ 
   U_DUT/w1_mem_reg_448__5_ 
   U_DUT/w1_mem_reg_449__1_ 
   U_DUT/w1_mem_reg_449__3_ 
   U_DUT/w1_mem_reg_449__5_ 
   U_DUT/w1_mem_reg_455__1_ 
   U_DUT/w1_mem_reg_455__3_ 
   U_DUT/w1_mem_reg_455__5_ 
   U_DUT/w1_mem_reg_456__1_ 
   U_DUT/w1_mem_reg_456__3_ 
   U_DUT/w1_mem_reg_456__5_ 
   U_DUT/w1_mem_reg_457__1_ 
   U_DUT/w1_mem_reg_457__3_ 
   U_DUT/w1_mem_reg_457__5_ 
   U_DUT/w1_mem_reg_460__1_ 
   U_DUT/w1_mem_reg_460__3_ 
   U_DUT/w1_mem_reg_460__5_ 
   U_DUT/w1_mem_reg_461__1_ 
   U_DUT/w1_mem_reg_461__3_ 
   U_DUT/w1_mem_reg_461__5_ 
   U_DUT/w1_mem_reg_281__1_ 
   U_DUT/w1_mem_reg_281__3_ 
   U_DUT/w1_mem_reg_281__5_ 
   U_DUT/w1_mem_reg_284__1_ 
   U_DUT/w1_mem_reg_284__3_ 
   U_DUT/w1_mem_reg_284__5_ 
   U_DUT/w1_mem_reg_392__7_ 
   U_DUT/w1_mem_reg_393__7_ 
   U_DUT/w1_mem_reg_431__1_ 
   U_DUT/w1_mem_reg_431__3_ 
   U_DUT/w1_mem_reg_431__5_ 
   U_DUT/w1_mem_reg_439__7_ 
   U_DUT/w1_mem_reg_440__7_ 
   U_DUT/w1_mem_reg_441__7_ 
   U_DUT/w1_mem_reg_444__7_ 
   U_DUT/w1_mem_reg_445__7_ 
   U_DUT/w1_mem_reg_448__7_ 
   U_DUT/w1_mem_reg_449__7_ 
   U_DUT/w1_mem_reg_455__7_ 
   U_DUT/w1_mem_reg_456__7_ 
   U_DUT/w1_mem_reg_457__7_ 
   U_DUT/w1_mem_reg_460__7_ 
   U_DUT/w1_mem_reg_461__7_ 
   U_DUT/w1_mem_reg_476__1_ 
   U_DUT/w1_mem_reg_476__3_ 
   U_DUT/w1_mem_reg_476__5_ 
   U_DUT/w1_mem_reg_477__1_ 
   U_DUT/w1_mem_reg_477__3_ 
   U_DUT/w1_mem_reg_477__5_ 
   U_DUT/w1_mem_reg_480__1_ 
   U_DUT/w1_mem_reg_480__3_ 
   U_DUT/w1_mem_reg_480__5_ 
   U_DUT/w1_mem_reg_481__1_ 
   U_DUT/w1_mem_reg_481__3_ 
   U_DUT/w1_mem_reg_481__5_ 
   U_DUT/w1_mem_reg_484__1_ 
   U_DUT/w1_mem_reg_484__3_ 
   U_DUT/w1_mem_reg_484__5_ 
   U_DUT/w1_mem_reg_485__1_ 
   U_DUT/w1_mem_reg_485__3_ 
   U_DUT/w1_mem_reg_485__5_ 
   U_DUT/w1_mem_reg_487__1_ 
   U_DUT/w1_mem_reg_487__3_ 
   U_DUT/w1_mem_reg_487__5_ 
   U_DUT/w1_mem_reg_271__7_ 
   U_DUT/w1_mem_reg_256__1_ 
   U_DUT/w1_mem_reg_256__3_ 
   U_DUT/w1_mem_reg_256__5_ 
   U_DUT/w1_mem_reg_396__1_ 
   U_DUT/w1_mem_reg_396__3_ 
   U_DUT/w1_mem_reg_396__5_ 
   U_DUT/w1_mem_reg_425__1_ 
   U_DUT/w1_mem_reg_425__3_ 
   U_DUT/w1_mem_reg_425__5_ 
   U_DUT/w1_mem_reg_488__1_ 
   U_DUT/w1_mem_reg_488__3_ 
   U_DUT/w1_mem_reg_488__5_ 
   U_DUT/w1_mem_reg_489__1_ 
   U_DUT/w1_mem_reg_489__3_ 
   U_DUT/w1_mem_reg_489__5_ 
   U_DUT/w1_mem_reg_492__1_ 
   U_DUT/w1_mem_reg_492__3_ 
   U_DUT/w1_mem_reg_492__5_ 
   U_DUT/w1_mem_reg_493__1_ 
   U_DUT/w1_mem_reg_493__3_ 
   U_DUT/w1_mem_reg_493__5_ 
   U_DUT/w1_mem_reg_495__1_ 
   U_DUT/w1_mem_reg_495__3_ 
   U_DUT/w1_mem_reg_495__5_ 
   U_DUT/w1_mem_reg_496__1_ 
   U_DUT/w1_mem_reg_496__3_ 
   U_DUT/w1_mem_reg_496__5_ 
   U_DUT/w1_mem_reg_497__1_ 
   U_DUT/w1_mem_reg_497__3_ 
   U_DUT/w1_mem_reg_497__5_ 
   U_DUT/w1_mem_reg_500__1_ 
   U_DUT/w1_mem_reg_500__3_ 
   U_DUT/w1_mem_reg_500__5_ 
   U_DUT/w1_mem_reg_264__1_ 
   U_DUT/w1_mem_reg_264__3_ 
   U_DUT/w1_mem_reg_264__5_ 
   U_DUT/w1_mem_reg_352__1_ 
   U_DUT/w1_mem_reg_352__3_ 
   U_DUT/w1_mem_reg_352__5_ 
   U_DUT/w1_mem_reg_353__1_ 
   U_DUT/w1_mem_reg_353__3_ 
   U_DUT/w1_mem_reg_353__5_ 
   U_DUT/w1_mem_reg_356__1_ 
   U_DUT/w1_mem_reg_356__3_ 
   U_DUT/w1_mem_reg_356__5_ 
   U_DUT/w1_mem_reg_357__1_ 
   U_DUT/w1_mem_reg_357__3_ 
   U_DUT/w1_mem_reg_357__5_ 
   U_DUT/w1_mem_reg_359__1_ 
   U_DUT/w1_mem_reg_359__3_ 
   U_DUT/w1_mem_reg_359__5_ 
   U_DUT/w1_mem_reg_360__1_ 
   U_DUT/w1_mem_reg_360__3_ 
   U_DUT/w1_mem_reg_360__5_ 
   U_DUT/w1_mem_reg_361__1_ 
   U_DUT/w1_mem_reg_361__3_ 
   U_DUT/w1_mem_reg_361__5_ 
   U_DUT/w1_mem_reg_260__7_ 
   U_DUT/w1_mem_reg_276__7_ 
   U_DUT/w1_mem_reg_284__7_ 
   U_DUT/w1_mem_reg_425__7_ 
   U_DUT/w1_mem_reg_433__7_ 
   U_DUT/w1_mem_reg_476__7_ 
   U_DUT/w1_mem_reg_477__7_ 
   U_DUT/w1_mem_reg_480__7_ 
   U_DUT/w1_mem_reg_481__7_ 
   U_DUT/w1_mem_reg_484__7_ 
   U_DUT/w1_mem_reg_485__7_ 
   U_DUT/w1_mem_reg_487__7_ 
   U_DUT/w1_mem_reg_488__7_ 
   U_DUT/w1_mem_reg_489__7_ 
   U_DUT/w1_mem_reg_492__7_ 
   U_DUT/w1_mem_reg_493__7_ 
   U_DUT/w1_mem_reg_495__7_ 
   U_DUT/w1_mem_reg_496__7_ 
   U_DUT/w1_mem_reg_497__7_ 
   U_DUT/w1_mem_reg_500__7_ 
   U_DUT/w1_mem_reg_352__7_ 
   U_DUT/w1_mem_reg_353__7_ 
   U_DUT/w1_mem_reg_356__7_ 
   U_DUT/w1_mem_reg_357__7_ 
   U_DUT/w1_mem_reg_359__7_ 
   U_DUT/w1_mem_reg_360__7_ 
   U_DUT/w1_mem_reg_361__7_ 
   U_DUT/w1_mem_reg_261__1_ 
   U_DUT/w1_mem_reg_261__3_ 
   U_DUT/w1_mem_reg_261__5_ 
   U_DUT/w1_mem_reg_263__1_ 
   U_DUT/w1_mem_reg_263__3_ 
   U_DUT/w1_mem_reg_263__5_ 
   U_DUT/w1_mem_reg_272__7_ 
   U_DUT/w1_mem_reg_273__7_ 
   U_DUT/w1_mem_reg_277__1_ 
   U_DUT/w1_mem_reg_277__3_ 
   U_DUT/w1_mem_reg_277__5_ 
   U_DUT/w1_mem_reg_277__7_ 
   U_DUT/w1_mem_reg_279__1_ 
   U_DUT/w1_mem_reg_279__3_ 
   U_DUT/w1_mem_reg_279__5_ 
   U_DUT/w1_mem_reg_279__7_ 
   U_DUT/w1_mem_reg_280__1_ 
   U_DUT/w1_mem_reg_280__3_ 
   U_DUT/w1_mem_reg_280__5_ 
   U_DUT/w1_mem_reg_280__7_ 
   U_DUT/w1_mem_reg_281__7_ 
   U_DUT/w1_mem_reg_288__1_ 
   U_DUT/w1_mem_reg_288__3_ 
   U_DUT/w1_mem_reg_288__5_ 
   U_DUT/w1_mem_reg_288__7_ 
   U_DUT/w1_mem_reg_289__1_ 
   U_DUT/w1_mem_reg_289__3_ 
   U_DUT/w1_mem_reg_289__5_ 
   U_DUT/w1_mem_reg_289__7_ 
   U_DUT/w1_mem_reg_292__1_ 
   U_DUT/w1_mem_reg_292__3_ 
   U_DUT/w1_mem_reg_292__5_ 
   U_DUT/w1_mem_reg_292__7_ 
   U_DUT/w1_mem_reg_293__1_ 
   U_DUT/w1_mem_reg_293__3_ 
   U_DUT/w1_mem_reg_293__5_ 
   U_DUT/w1_mem_reg_293__7_ 
   U_DUT/w1_mem_reg_295__1_ 
   U_DUT/w1_mem_reg_295__3_ 
   U_DUT/w1_mem_reg_295__5_ 
   U_DUT/w1_mem_reg_295__7_ 
   U_DUT/w1_mem_reg_296__1_ 
   U_DUT/w1_mem_reg_296__3_ 
   U_DUT/w1_mem_reg_296__5_ 
   U_DUT/w1_mem_reg_296__7_ 
   U_DUT/w1_mem_reg_297__1_ 
   U_DUT/w1_mem_reg_297__3_ 
   U_DUT/w1_mem_reg_297__5_ 
   U_DUT/w1_mem_reg_297__7_ 
   U_DUT/w1_mem_reg_300__1_ 
   U_DUT/w1_mem_reg_300__3_ 
   U_DUT/w1_mem_reg_300__5_ 
   U_DUT/w1_mem_reg_300__7_ 
   U_DUT/w1_mem_reg_301__1_ 
   U_DUT/w1_mem_reg_301__3_ 
   U_DUT/w1_mem_reg_301__5_ 
   U_DUT/w1_mem_reg_301__7_ 
   U_DUT/w1_mem_reg_303__1_ 
   U_DUT/w1_mem_reg_303__3_ 
   U_DUT/w1_mem_reg_303__5_ 
   U_DUT/w1_mem_reg_303__7_ 
   U_DUT/w1_mem_reg_304__1_ 
   U_DUT/w1_mem_reg_304__3_ 
   U_DUT/w1_mem_reg_304__5_ 
   U_DUT/w1_mem_reg_304__7_ 
   U_DUT/w1_mem_reg_305__1_ 
   U_DUT/w1_mem_reg_305__3_ 
   U_DUT/w1_mem_reg_305__5_ 
   U_DUT/w1_mem_reg_305__7_ 
   U_DUT/w1_mem_reg_308__1_ 
   U_DUT/w1_mem_reg_308__3_ 
   U_DUT/w1_mem_reg_308__5_ 
   U_DUT/w1_mem_reg_308__7_ 
   U_DUT/w1_mem_reg_309__1_ 
   U_DUT/w1_mem_reg_309__3_ 
   U_DUT/w1_mem_reg_309__5_ 
   U_DUT/w1_mem_reg_309__7_ 
   U_DUT/w1_mem_reg_311__1_ 
   U_DUT/w1_mem_reg_311__3_ 
   U_DUT/w1_mem_reg_311__5_ 
   U_DUT/w1_mem_reg_311__7_ 
   U_DUT/w1_mem_reg_312__1_ 
   U_DUT/w1_mem_reg_312__3_ 
   U_DUT/w1_mem_reg_312__5_ 
   U_DUT/w1_mem_reg_312__7_ 
   U_DUT/w1_mem_reg_313__1_ 
   U_DUT/w1_mem_reg_313__3_ 
   U_DUT/w1_mem_reg_313__5_ 
   U_DUT/w1_mem_reg_313__7_ 
   U_DUT/w1_mem_reg_316__1_ 
   U_DUT/w1_mem_reg_316__3_ 
   U_DUT/w1_mem_reg_316__5_ 
   U_DUT/w1_mem_reg_316__7_ 
   U_DUT/w1_mem_reg_317__1_ 
   U_DUT/w1_mem_reg_317__3_ 
   U_DUT/w1_mem_reg_317__5_ 
   U_DUT/w1_mem_reg_317__7_ 
   U_DUT/w1_mem_reg_320__1_ 
   U_DUT/w1_mem_reg_320__3_ 
   U_DUT/w1_mem_reg_320__5_ 
   U_DUT/w1_mem_reg_320__7_ 
   U_DUT/w1_mem_reg_321__1_ 
   U_DUT/w1_mem_reg_321__3_ 
   U_DUT/w1_mem_reg_321__5_ 
   U_DUT/w1_mem_reg_321__7_ 
   U_DUT/w1_mem_reg_388__7_ 
   U_DUT/w1_mem_reg_389__1_ 
   U_DUT/w1_mem_reg_389__3_ 
   U_DUT/w1_mem_reg_389__5_ 
   U_DUT/w1_mem_reg_389__7_ 
   U_DUT/w1_mem_reg_391__1_ 
   U_DUT/w1_mem_reg_391__3_ 
   U_DUT/w1_mem_reg_391__5_ 
   U_DUT/w1_mem_reg_391__7_ 
   U_DUT/w1_mem_reg_392__1_ 
   U_DUT/w1_mem_reg_392__3_ 
   U_DUT/w1_mem_reg_392__5_ 
   U_DUT/w1_mem_reg_393__1_ 
   U_DUT/w1_mem_reg_393__3_ 
   U_DUT/w1_mem_reg_393__5_ 
   U_DUT/w1_mem_reg_396__7_ 
   U_DUT/w1_mem_reg_397__1_ 
   U_DUT/w1_mem_reg_397__3_ 
   U_DUT/w1_mem_reg_397__5_ 
   U_DUT/w1_mem_reg_397__7_ 
   U_DUT/w1_mem_reg_399__1_ 
   U_DUT/w1_mem_reg_399__3_ 
   U_DUT/w1_mem_reg_399__5_ 
   U_DUT/w1_mem_reg_399__7_ 
   U_DUT/w1_mem_reg_413__1_ 
   U_DUT/w1_mem_reg_413__3_ 
   U_DUT/w1_mem_reg_413__5_ 
   U_DUT/w1_mem_reg_413__7_ 
   U_DUT/w1_mem_reg_428__1_ 
   U_DUT/w1_mem_reg_428__3_ 
   U_DUT/w1_mem_reg_428__5_ 
   U_DUT/w1_mem_reg_428__7_ 
   U_DUT/w1_mem_reg_429__1_ 
   U_DUT/w1_mem_reg_429__3_ 
   U_DUT/w1_mem_reg_429__5_ 
   U_DUT/w1_mem_reg_429__7_ 
   U_DUT/w1_mem_reg_431__7_ 
   U_DUT/w1_mem_reg_432__1_ 
   U_DUT/w1_mem_reg_432__3_ 
   U_DUT/w1_mem_reg_432__5_ 
   U_DUT/w1_mem_reg_432__7_ 
   U_DUT/w1_mem_reg_433__1_ 
   U_DUT/w1_mem_reg_433__3_ 
   U_DUT/w1_mem_reg_433__5_ 
   U_DUT/w1_mem_reg_436__1_ 
   U_DUT/w1_mem_reg_436__3_ 
   U_DUT/w1_mem_reg_436__5_ 
   U_DUT/w1_mem_reg_436__7_ 
   U_DUT/w1_mem_reg_437__1_ 
   U_DUT/w1_mem_reg_437__3_ 
   U_DUT/w1_mem_reg_437__5_ 
   U_DUT/w1_mem_reg_437__7_ 
   U_DUT/w2_mem_reg_235__2_ 
   U_DUT/w2_mem_reg_235__4_ 
   U_DUT/w2_mem_reg_235__6_ 
   U_DUT/w2_mem_reg_227__2_ 
   U_DUT/w2_mem_reg_227__4_ 
   U_DUT/w2_mem_reg_227__6_ 
   U_DUT/w1_mem_reg_447__0_ 
   U_DUT/w1_mem_reg_447__2_ 
   U_DUT/w1_mem_reg_447__4_ 
   U_DUT/w1_mem_reg_447__6_ 
   U_DUT/w1_mem_reg_479__0_ 
   U_DUT/w1_mem_reg_479__2_ 
   U_DUT/w1_mem_reg_479__4_ 
   U_DUT/w1_mem_reg_479__6_ 
   U_DUT/w1_mem_reg_511__0_ 
   U_DUT/w1_mem_reg_511__2_ 
   U_DUT/w1_mem_reg_511__4_ 
   U_DUT/w1_mem_reg_511__6_ 
   U_DUT/w1_mem_reg_511__1_ 
   U_DUT/w1_mem_reg_511__3_ 
   U_DUT/w1_mem_reg_511__5_ 
   U_DUT/w2_mem_reg_234__2_ 
   U_DUT/w2_mem_reg_234__4_ 
   U_DUT/w2_mem_reg_234__6_ 
   U_DUT/w1_mem_reg_447__1_ 
   U_DUT/w1_mem_reg_447__3_ 
   U_DUT/w1_mem_reg_447__5_ 
   U_DUT/w1_mem_reg_479__1_ 
   U_DUT/w1_mem_reg_479__3_ 
   U_DUT/w1_mem_reg_479__5_ 
   U_DUT/w1_mem_reg_351__1_ 
   U_DUT/w1_mem_reg_351__3_ 
   U_DUT/w1_mem_reg_351__5_ 
   U_DUT/w1_mem_reg_287__1_ 
   U_DUT/w1_mem_reg_287__3_ 
   U_DUT/w1_mem_reg_287__5_ 
   U_DUT/w1_mem_reg_319__1_ 
   U_DUT/w1_mem_reg_319__3_ 
   U_DUT/w1_mem_reg_319__5_ 
   U_DUT/w2_mem_reg_203__2_ 
   U_DUT/w2_mem_reg_203__4_ 
   U_DUT/w2_mem_reg_203__6_ 
   U_DUT/w2_mem_reg_59__0_ 
   U_DUT/w2_mem_reg_59__2_ 
   U_DUT/w2_mem_reg_59__4_ 
   U_DUT/w2_mem_reg_59__6_ 
   U_DUT/w2_mem_reg_155__0_ 
   U_DUT/w2_mem_reg_155__2_ 
   U_DUT/w2_mem_reg_155__4_ 
   U_DUT/w2_mem_reg_155__6_ 
   U_DUT/w2_mem_reg_219__0_ 
   U_DUT/w2_mem_reg_219__2_ 
   U_DUT/w2_mem_reg_219__4_ 
   U_DUT/w2_mem_reg_219__6_ 
   U_DUT/w2_mem_reg_251__0_ 
   U_DUT/w2_mem_reg_251__2_ 
   U_DUT/w2_mem_reg_251__4_ 
   U_DUT/w2_mem_reg_251__6_ 
   U_DUT/w2_mem_reg_195__2_ 
   U_DUT/w2_mem_reg_195__4_ 
   U_DUT/w2_mem_reg_195__6_ 
   U_DUT/w2_mem_reg_187__0_ 
   U_DUT/w2_mem_reg_187__2_ 
   U_DUT/w2_mem_reg_187__4_ 
   U_DUT/w2_mem_reg_187__6_ 
   U_DUT/w2_mem_reg_19__0_ 
   U_DUT/w2_mem_reg_19__2_ 
   U_DUT/w2_mem_reg_19__4_ 
   U_DUT/w2_mem_reg_19__6_ 
   U_DUT/w2_mem_reg_147__0_ 
   U_DUT/w2_mem_reg_147__2_ 
   U_DUT/w2_mem_reg_147__4_ 
   U_DUT/w2_mem_reg_147__6_ 
   U_DUT/w2_mem_reg_211__0_ 
   U_DUT/w2_mem_reg_211__2_ 
   U_DUT/w2_mem_reg_211__4_ 
   U_DUT/w2_mem_reg_211__6_ 
   U_DUT/w2_mem_reg_243__0_ 
   U_DUT/w2_mem_reg_243__2_ 
   U_DUT/w2_mem_reg_243__4_ 
   U_DUT/w2_mem_reg_243__6_ 
   U_DUT/w2_mem_reg_51__0_ 
   U_DUT/w2_mem_reg_51__2_ 
   U_DUT/w2_mem_reg_51__4_ 
   U_DUT/w2_mem_reg_51__6_ 
   U_DUT/w1_mem_reg_212__0_ 
   U_DUT/w1_mem_reg_212__1_ 
   U_DUT/w1_mem_reg_212__2_ 
   U_DUT/w1_mem_reg_212__3_ 
   U_DUT/w1_mem_reg_212__4_ 
   U_DUT/w1_mem_reg_212__5_ 
   U_DUT/w1_mem_reg_212__6_ 
   U_DUT/w2_mem_reg_179__0_ 
   U_DUT/w2_mem_reg_179__2_ 
   U_DUT/w2_mem_reg_179__4_ 
   U_DUT/w2_mem_reg_179__6_ 
   U_DUT/w1_mem_reg_47__0_ 
   U_DUT/w1_mem_reg_47__2_ 
   U_DUT/w1_mem_reg_47__4_ 
   U_DUT/w1_mem_reg_47__6_ 
   U_DUT/w1_mem_reg_140__0_ 
   U_DUT/w1_mem_reg_140__1_ 
   U_DUT/w1_mem_reg_140__2_ 
   U_DUT/w1_mem_reg_140__3_ 
   U_DUT/w1_mem_reg_140__4_ 
   U_DUT/w1_mem_reg_140__5_ 
   U_DUT/w1_mem_reg_140__6_ 
   U_DUT/w1_mem_reg_143__0_ 
   U_DUT/w1_mem_reg_143__1_ 
   U_DUT/w1_mem_reg_143__2_ 
   U_DUT/w1_mem_reg_143__3_ 
   U_DUT/w1_mem_reg_143__4_ 
   U_DUT/w1_mem_reg_143__5_ 
   U_DUT/w1_mem_reg_143__6_ 
   U_DUT/w1_mem_reg_188__0_ 
   U_DUT/w1_mem_reg_188__1_ 
   U_DUT/w1_mem_reg_188__2_ 
   U_DUT/w1_mem_reg_188__3_ 
   U_DUT/w1_mem_reg_188__4_ 
   U_DUT/w1_mem_reg_188__5_ 
   U_DUT/w1_mem_reg_188__6_ 
   U_DUT/w1_mem_reg_192__0_ 
   U_DUT/w1_mem_reg_192__1_ 
   U_DUT/w1_mem_reg_192__2_ 
   U_DUT/w1_mem_reg_192__3_ 
   U_DUT/w1_mem_reg_192__4_ 
   U_DUT/w1_mem_reg_192__5_ 
   U_DUT/w1_mem_reg_192__6_ 
   U_DUT/w1_mem_reg_196__0_ 
   U_DUT/w1_mem_reg_196__1_ 
   U_DUT/w1_mem_reg_196__2_ 
   U_DUT/w1_mem_reg_196__3_ 
   U_DUT/w1_mem_reg_196__4_ 
   U_DUT/w1_mem_reg_196__5_ 
   U_DUT/w1_mem_reg_196__6_ 
   U_DUT/w1_mem_reg_200__0_ 
   U_DUT/w1_mem_reg_200__1_ 
   U_DUT/w1_mem_reg_200__2_ 
   U_DUT/w1_mem_reg_200__3_ 
   U_DUT/w1_mem_reg_200__4_ 
   U_DUT/w1_mem_reg_200__5_ 
   U_DUT/w1_mem_reg_200__6_ 
   U_DUT/w1_mem_reg_204__0_ 
   U_DUT/w1_mem_reg_204__1_ 
   U_DUT/w1_mem_reg_204__2_ 
   U_DUT/w1_mem_reg_204__3_ 
   U_DUT/w1_mem_reg_204__4_ 
   U_DUT/w1_mem_reg_204__5_ 
   U_DUT/w1_mem_reg_204__6_ 
   U_DUT/w1_mem_reg_216__0_ 
   U_DUT/w1_mem_reg_216__2_ 
   U_DUT/w1_mem_reg_216__4_ 
   U_DUT/w1_mem_reg_216__6_ 
   U_DUT/w1_mem_reg_220__0_ 
   U_DUT/w1_mem_reg_220__2_ 
   U_DUT/w1_mem_reg_220__4_ 
   U_DUT/w1_mem_reg_220__6_ 
   U_DUT/w1_mem_reg_32__0_ 
   U_DUT/w1_mem_reg_32__1_ 
   U_DUT/w1_mem_reg_32__2_ 
   U_DUT/w1_mem_reg_32__3_ 
   U_DUT/w1_mem_reg_32__4_ 
   U_DUT/w1_mem_reg_32__5_ 
   U_DUT/w1_mem_reg_32__6_ 
   U_DUT/w1_mem_reg_32__7_ 
   U_DUT/w1_mem_reg_36__0_ 
   U_DUT/w1_mem_reg_36__1_ 
   U_DUT/w1_mem_reg_36__2_ 
   U_DUT/w1_mem_reg_36__3_ 
   U_DUT/w1_mem_reg_36__4_ 
   U_DUT/w1_mem_reg_36__5_ 
   U_DUT/w1_mem_reg_36__6_ 
   U_DUT/w1_mem_reg_36__7_ 
   U_DUT/w1_mem_reg_39__0_ 
   U_DUT/w1_mem_reg_39__1_ 
   U_DUT/w1_mem_reg_39__2_ 
   U_DUT/w1_mem_reg_39__3_ 
   U_DUT/w1_mem_reg_39__4_ 
   U_DUT/w1_mem_reg_39__5_ 
   U_DUT/w1_mem_reg_39__6_ 
   U_DUT/w1_mem_reg_39__7_ 
   U_DUT/w1_mem_reg_40__0_ 
   U_DUT/w1_mem_reg_40__1_ 
   U_DUT/w1_mem_reg_40__2_ 
   U_DUT/w1_mem_reg_40__3_ 
   U_DUT/w1_mem_reg_40__4_ 
   U_DUT/w1_mem_reg_40__5_ 
   U_DUT/w1_mem_reg_40__6_ 
   U_DUT/w1_mem_reg_40__7_ 
   U_DUT/w1_mem_reg_44__0_ 
   U_DUT/w1_mem_reg_44__1_ 
   U_DUT/w1_mem_reg_44__2_ 
   U_DUT/w1_mem_reg_44__3_ 
   U_DUT/w1_mem_reg_44__4_ 
   U_DUT/w1_mem_reg_44__5_ 
   U_DUT/w1_mem_reg_44__6_ 
   U_DUT/w1_mem_reg_44__7_ 
   U_DUT/w1_mem_reg_48__0_ 
   U_DUT/w1_mem_reg_48__1_ 
   U_DUT/w1_mem_reg_48__2_ 
   U_DUT/w1_mem_reg_48__3_ 
   U_DUT/w1_mem_reg_48__4_ 
   U_DUT/w1_mem_reg_48__5_ 
   U_DUT/w1_mem_reg_48__6_ 
   U_DUT/w1_mem_reg_48__7_ 
   U_DUT/w1_mem_reg_52__0_ 
   U_DUT/w1_mem_reg_52__1_ 
   U_DUT/w1_mem_reg_52__2_ 
   U_DUT/w1_mem_reg_52__3_ 
   U_DUT/w1_mem_reg_52__4_ 
   U_DUT/w1_mem_reg_52__5_ 
   U_DUT/w1_mem_reg_52__6_ 
   U_DUT/w1_mem_reg_52__7_ 
   U_DUT/w1_mem_reg_55__0_ 
   U_DUT/w1_mem_reg_55__1_ 
   U_DUT/w1_mem_reg_55__2_ 
   U_DUT/w1_mem_reg_55__3_ 
   U_DUT/w1_mem_reg_55__4_ 
   U_DUT/w1_mem_reg_55__5_ 
   U_DUT/w1_mem_reg_55__6_ 
   U_DUT/w1_mem_reg_55__7_ 
   U_DUT/w1_mem_reg_56__0_ 
   U_DUT/w1_mem_reg_56__1_ 
   U_DUT/w1_mem_reg_56__2_ 
   U_DUT/w1_mem_reg_56__3_ 
   U_DUT/w1_mem_reg_56__4_ 
   U_DUT/w1_mem_reg_56__5_ 
   U_DUT/w1_mem_reg_56__6_ 
   U_DUT/w1_mem_reg_56__7_ 
   U_DUT/w1_mem_reg_100__0_ 
   U_DUT/w1_mem_reg_100__2_ 
   U_DUT/w1_mem_reg_100__4_ 
   U_DUT/w1_mem_reg_100__6_ 
   U_DUT/w1_mem_reg_103__0_ 
   U_DUT/w1_mem_reg_103__2_ 
   U_DUT/w1_mem_reg_103__4_ 
   U_DUT/w1_mem_reg_103__6_ 
   U_DUT/w1_mem_reg_104__0_ 
   U_DUT/w1_mem_reg_104__2_ 
   U_DUT/w1_mem_reg_104__4_ 
   U_DUT/w1_mem_reg_104__6_ 
   U_DUT/w1_mem_reg_108__0_ 
   U_DUT/w1_mem_reg_108__2_ 
   U_DUT/w1_mem_reg_108__4_ 
   U_DUT/w1_mem_reg_108__6_ 
   U_DUT/w1_mem_reg_111__0_ 
   U_DUT/w1_mem_reg_111__2_ 
   U_DUT/w1_mem_reg_111__4_ 
   U_DUT/w1_mem_reg_111__6_ 
   U_DUT/w1_mem_reg_112__0_ 
   U_DUT/w1_mem_reg_112__2_ 
   U_DUT/w1_mem_reg_112__4_ 
   U_DUT/w1_mem_reg_112__6_ 
   U_DUT/w1_mem_reg_116__0_ 
   U_DUT/w1_mem_reg_116__2_ 
   U_DUT/w1_mem_reg_116__4_ 
   U_DUT/w1_mem_reg_116__6_ 
   U_DUT/w1_mem_reg_119__0_ 
   U_DUT/w1_mem_reg_119__2_ 
   U_DUT/w1_mem_reg_119__4_ 
   U_DUT/w1_mem_reg_119__6_ 
   U_DUT/w1_mem_reg_120__0_ 
   U_DUT/w1_mem_reg_120__2_ 
   U_DUT/w1_mem_reg_120__4_ 
   U_DUT/w1_mem_reg_120__6_ 
   U_DUT/w1_mem_reg_100__1_ 
   U_DUT/w1_mem_reg_100__3_ 
   U_DUT/w1_mem_reg_100__5_ 
   U_DUT/w1_mem_reg_100__7_ 
   U_DUT/w1_mem_reg_103__1_ 
   U_DUT/w1_mem_reg_103__3_ 
   U_DUT/w1_mem_reg_103__5_ 
   U_DUT/w1_mem_reg_103__7_ 
   U_DUT/w1_mem_reg_104__1_ 
   U_DUT/w1_mem_reg_104__3_ 
   U_DUT/w1_mem_reg_104__5_ 
   U_DUT/w1_mem_reg_104__7_ 
   U_DUT/w1_mem_reg_108__1_ 
   U_DUT/w1_mem_reg_108__3_ 
   U_DUT/w1_mem_reg_108__5_ 
   U_DUT/w1_mem_reg_108__7_ 
   U_DUT/w1_mem_reg_111__1_ 
   U_DUT/w1_mem_reg_111__3_ 
   U_DUT/w1_mem_reg_111__5_ 
   U_DUT/w1_mem_reg_111__7_ 
   U_DUT/w1_mem_reg_112__1_ 
   U_DUT/w1_mem_reg_112__3_ 
   U_DUT/w1_mem_reg_112__5_ 
   U_DUT/w1_mem_reg_112__7_ 
   U_DUT/w1_mem_reg_116__1_ 
   U_DUT/w1_mem_reg_116__3_ 
   U_DUT/w1_mem_reg_116__5_ 
   U_DUT/w1_mem_reg_116__7_ 
   U_DUT/w1_mem_reg_119__1_ 
   U_DUT/w1_mem_reg_119__3_ 
   U_DUT/w1_mem_reg_119__5_ 
   U_DUT/w1_mem_reg_119__7_ 
   U_DUT/w1_mem_reg_120__1_ 
   U_DUT/w1_mem_reg_120__3_ 
   U_DUT/w1_mem_reg_120__5_ 
   U_DUT/w1_mem_reg_120__7_ 
   U_DUT/w1_mem_reg_135__7_ 
   U_DUT/w1_mem_reg_136__7_ 
   U_DUT/w1_mem_reg_144__7_ 
   U_DUT/w1_mem_reg_188__7_ 
   U_DUT/w1_mem_reg_192__7_ 
   U_DUT/w1_mem_reg_196__7_ 
   U_DUT/w1_mem_reg_208__7_ 
   U_DUT/w1_mem_reg_220__1_ 
   U_DUT/w1_mem_reg_220__3_ 
   U_DUT/w1_mem_reg_220__5_ 
   U_DUT/w2_mem_reg_11__0_ 
   U_DUT/w2_mem_reg_11__2_ 
   U_DUT/w2_mem_reg_11__4_ 
   U_DUT/w2_mem_reg_11__6_ 
   U_DUT/w2_mem_reg_75__0_ 
   U_DUT/w2_mem_reg_75__2_ 
   U_DUT/w2_mem_reg_75__4_ 
   U_DUT/w2_mem_reg_75__6_ 
   U_DUT/w2_mem_reg_107__0_ 
   U_DUT/w2_mem_reg_107__2_ 
   U_DUT/w2_mem_reg_107__4_ 
   U_DUT/w2_mem_reg_107__6_ 
   U_DUT/w2_mem_reg_139__0_ 
   U_DUT/w2_mem_reg_139__2_ 
   U_DUT/w2_mem_reg_139__4_ 
   U_DUT/w2_mem_reg_139__6_ 
   U_DUT/w2_mem_reg_171__0_ 
   U_DUT/w2_mem_reg_171__2_ 
   U_DUT/w2_mem_reg_171__4_ 
   U_DUT/w2_mem_reg_171__6_ 
   U_DUT/w2_mem_reg_203__0_ 
   U_DUT/w2_mem_reg_67__0_ 
   U_DUT/w2_mem_reg_67__2_ 
   U_DUT/w2_mem_reg_67__4_ 
   U_DUT/w2_mem_reg_67__6_ 
   U_DUT/w2_mem_reg_99__0_ 
   U_DUT/w2_mem_reg_99__2_ 
   U_DUT/w2_mem_reg_99__4_ 
   U_DUT/w2_mem_reg_99__6_ 
   U_DUT/w2_mem_reg_163__0_ 
   U_DUT/w2_mem_reg_163__2_ 
   U_DUT/w2_mem_reg_163__4_ 
   U_DUT/w2_mem_reg_163__6_ 
   U_DUT/w2_mem_reg_195__0_ 
   U_DUT/w2_mem_reg_3__0_ 
   U_DUT/w2_mem_reg_3__2_ 
   U_DUT/w2_mem_reg_3__4_ 
   U_DUT/w2_mem_reg_3__6_ 
   U_DUT/w1_mem_reg_60__1_ 
   U_DUT/w1_mem_reg_60__3_ 
   U_DUT/w1_mem_reg_60__5_ 
   U_DUT/w1_mem_reg_64__1_ 
   U_DUT/w1_mem_reg_64__3_ 
   U_DUT/w1_mem_reg_64__5_ 
   U_DUT/w1_mem_reg_68__1_ 
   U_DUT/w1_mem_reg_68__3_ 
   U_DUT/w1_mem_reg_68__5_ 
   U_DUT/w1_mem_reg_71__1_ 
   U_DUT/w1_mem_reg_71__3_ 
   U_DUT/w1_mem_reg_71__5_ 
   U_DUT/w1_mem_reg_72__1_ 
   U_DUT/w1_mem_reg_72__3_ 
   U_DUT/w1_mem_reg_72__5_ 
   U_DUT/w1_mem_reg_76__1_ 
   U_DUT/w1_mem_reg_76__3_ 
   U_DUT/w1_mem_reg_76__5_ 
   U_DUT/w1_mem_reg_79__1_ 
   U_DUT/w1_mem_reg_79__3_ 
   U_DUT/w1_mem_reg_79__5_ 
   U_DUT/w1_mem_reg_80__1_ 
   U_DUT/w1_mem_reg_80__3_ 
   U_DUT/w1_mem_reg_80__5_ 
   U_DUT/w1_mem_reg_84__1_ 
   U_DUT/w1_mem_reg_84__3_ 
   U_DUT/w1_mem_reg_84__5_ 
   U_DUT/w1_mem_reg_175__1_ 
   U_DUT/w1_mem_reg_175__3_ 
   U_DUT/w1_mem_reg_175__5_ 
   U_DUT/w1_mem_reg_184__1_ 
   U_DUT/w1_mem_reg_184__3_ 
   U_DUT/w1_mem_reg_184__5_ 
   U_DUT/w1_mem_reg_212__7_ 
   U_DUT/w1_mem_reg_216__1_ 
   U_DUT/w1_mem_reg_216__3_ 
   U_DUT/w1_mem_reg_216__5_ 
   U_DUT/w2_mem_reg_131__0_ 
   U_DUT/w2_mem_reg_131__2_ 
   U_DUT/w2_mem_reg_131__4_ 
   U_DUT/w2_mem_reg_131__6_ 
   U_DUT/w1_mem_reg_60__7_ 
   U_DUT/w1_mem_reg_64__7_ 
   U_DUT/w1_mem_reg_68__7_ 
   U_DUT/w1_mem_reg_71__7_ 
   U_DUT/w1_mem_reg_72__7_ 
   U_DUT/w1_mem_reg_76__7_ 
   U_DUT/w1_mem_reg_79__7_ 
   U_DUT/w1_mem_reg_80__7_ 
   U_DUT/w1_mem_reg_84__7_ 
   U_DUT/w1_mem_reg_164__7_ 
   U_DUT/w1_mem_reg_199__7_ 
   U_DUT/w1_mem_reg_168__1_ 
   U_DUT/w1_mem_reg_168__3_ 
   U_DUT/w1_mem_reg_168__5_ 
   U_DUT/w1_mem_reg_168__7_ 
   U_DUT/w1_mem_reg_172__7_ 
   U_DUT/w1_mem_reg_184__7_ 
   U_DUT/w1_mem_reg_124__1_ 
   U_DUT/w1_mem_reg_124__3_ 
   U_DUT/w1_mem_reg_124__5_ 
   U_DUT/w1_mem_reg_128__1_ 
   U_DUT/w1_mem_reg_128__3_ 
   U_DUT/w1_mem_reg_128__5_ 
   U_DUT/w1_mem_reg_132__1_ 
   U_DUT/w1_mem_reg_132__3_ 
   U_DUT/w1_mem_reg_132__5_ 
   U_DUT/w1_mem_reg_164__1_ 
   U_DUT/w1_mem_reg_164__3_ 
   U_DUT/w1_mem_reg_164__5_ 
   U_DUT/w1_mem_reg_167__1_ 
   U_DUT/w1_mem_reg_167__3_ 
   U_DUT/w1_mem_reg_167__5_ 
   U_DUT/w1_mem_reg_183__1_ 
   U_DUT/w1_mem_reg_183__3_ 
   U_DUT/w1_mem_reg_183__5_ 
   U_DUT/w1_mem_reg_220__7_ 
   U_DUT/w1_mem_reg_124__7_ 
   U_DUT/w1_mem_reg_128__7_ 
   U_DUT/w1_mem_reg_132__7_ 
   U_DUT/w1_mem_reg_180__7_ 
   U_DUT/w1_mem_reg_207__7_ 
   U_DUT/w1_mem_reg_216__7_ 
   U_DUT/w1_mem_reg_87__1_ 
   U_DUT/w1_mem_reg_87__3_ 
   U_DUT/w1_mem_reg_87__5_ 
   U_DUT/w1_mem_reg_88__1_ 
   U_DUT/w1_mem_reg_88__3_ 
   U_DUT/w1_mem_reg_88__5_ 
   U_DUT/w1_mem_reg_92__1_ 
   U_DUT/w1_mem_reg_92__3_ 
   U_DUT/w1_mem_reg_92__5_ 
   U_DUT/w1_mem_reg_96__1_ 
   U_DUT/w1_mem_reg_96__3_ 
   U_DUT/w1_mem_reg_96__5_ 
   U_DUT/w1_mem_reg_160__1_ 
   U_DUT/w1_mem_reg_160__3_ 
   U_DUT/w1_mem_reg_160__5_ 
   U_DUT/w1_mem_reg_180__1_ 
   U_DUT/w1_mem_reg_180__3_ 
   U_DUT/w1_mem_reg_180__5_ 
   U_DUT/w1_mem_reg_215__1_ 
   U_DUT/w1_mem_reg_215__3_ 
   U_DUT/w1_mem_reg_215__5_ 
   U_DUT/w1_mem_reg_215__7_ 
   U_DUT/w1_mem_reg_87__7_ 
   U_DUT/w1_mem_reg_88__7_ 
   U_DUT/w1_mem_reg_92__7_ 
   U_DUT/w1_mem_reg_96__7_ 
   U_DUT/w1_mem_reg_175__7_ 
   U_DUT/w1_mem_reg_183__7_ 
   U_DUT/w1_mem_reg_204__7_ 
   U_DUT/w1_mem_reg_255__7_ 
   U_DUT/w1_mem_reg_172__1_ 
   U_DUT/w1_mem_reg_172__3_ 
   U_DUT/w1_mem_reg_172__5_ 
   U_DUT/w1_mem_reg_167__7_ 
   U_DUT/w1_mem_reg_176__1_ 
   U_DUT/w1_mem_reg_176__3_ 
   U_DUT/w1_mem_reg_176__5_ 
   U_DUT/w1_mem_reg_199__1_ 
   U_DUT/w1_mem_reg_199__3_ 
   U_DUT/w1_mem_reg_199__5_ 
   U_DUT/w1_mem_reg_160__7_ 
   U_DUT/w1_mem_reg_200__7_ 
   U_DUT/w1_mem_reg_47__1_ 
   U_DUT/w1_mem_reg_47__3_ 
   U_DUT/w1_mem_reg_47__5_ 
   U_DUT/w1_mem_reg_47__7_ 
   U_DUT/w2_mem_reg_202__2_ 
   U_DUT/w2_mem_reg_202__4_ 
   U_DUT/w2_mem_reg_202__6_ 
   U_DUT/w2_mem_reg_58__0_ 
   U_DUT/w2_mem_reg_58__2_ 
   U_DUT/w2_mem_reg_58__4_ 
   U_DUT/w2_mem_reg_58__6_ 
   U_DUT/w2_mem_reg_154__0_ 
   U_DUT/w2_mem_reg_154__2_ 
   U_DUT/w2_mem_reg_154__4_ 
   U_DUT/w2_mem_reg_154__6_ 
   U_DUT/w2_mem_reg_186__0_ 
   U_DUT/w2_mem_reg_186__2_ 
   U_DUT/w2_mem_reg_186__4_ 
   U_DUT/w2_mem_reg_186__6_ 
   U_DUT/w2_mem_reg_218__0_ 
   U_DUT/w2_mem_reg_218__2_ 
   U_DUT/w2_mem_reg_218__4_ 
   U_DUT/w2_mem_reg_218__6_ 
   U_DUT/w2_mem_reg_250__0_ 
   U_DUT/w2_mem_reg_250__2_ 
   U_DUT/w2_mem_reg_250__4_ 
   U_DUT/w2_mem_reg_250__6_ 
   U_DUT/w2_mem_reg_194__2_ 
   U_DUT/w2_mem_reg_194__4_ 
   U_DUT/w2_mem_reg_194__6_ 
   U_DUT/w2_mem_reg_226__2_ 
   U_DUT/w2_mem_reg_226__4_ 
   U_DUT/w2_mem_reg_226__6_ 
   U_DUT/w2_mem_reg_18__0_ 
   U_DUT/w2_mem_reg_18__2_ 
   U_DUT/w2_mem_reg_18__4_ 
   U_DUT/w2_mem_reg_18__6_ 
   U_DUT/w2_mem_reg_146__0_ 
   U_DUT/w2_mem_reg_146__2_ 
   U_DUT/w2_mem_reg_146__4_ 
   U_DUT/w2_mem_reg_146__6_ 
   U_DUT/w2_mem_reg_178__0_ 
   U_DUT/w2_mem_reg_178__2_ 
   U_DUT/w2_mem_reg_178__4_ 
   U_DUT/w2_mem_reg_178__6_ 
   U_DUT/w2_mem_reg_210__0_ 
   U_DUT/w2_mem_reg_210__2_ 
   U_DUT/w2_mem_reg_210__4_ 
   U_DUT/w2_mem_reg_210__6_ 
   U_DUT/w2_mem_reg_242__0_ 
   U_DUT/w2_mem_reg_242__2_ 
   U_DUT/w2_mem_reg_242__4_ 
   U_DUT/w2_mem_reg_242__6_ 
   U_DUT/w2_mem_reg_50__0_ 
   U_DUT/w2_mem_reg_50__2_ 
   U_DUT/w2_mem_reg_50__4_ 
   U_DUT/w2_mem_reg_50__6_ 
   U_DUT/w2_mem_reg_10__0_ 
   U_DUT/w2_mem_reg_10__2_ 
   U_DUT/w2_mem_reg_10__4_ 
   U_DUT/w2_mem_reg_10__6_ 
   U_DUT/w2_mem_reg_74__0_ 
   U_DUT/w2_mem_reg_74__2_ 
   U_DUT/w2_mem_reg_74__4_ 
   U_DUT/w2_mem_reg_74__6_ 
   U_DUT/w2_mem_reg_106__0_ 
   U_DUT/w2_mem_reg_106__2_ 
   U_DUT/w2_mem_reg_106__4_ 
   U_DUT/w2_mem_reg_106__6_ 
   U_DUT/w2_mem_reg_138__0_ 
   U_DUT/w2_mem_reg_138__2_ 
   U_DUT/w2_mem_reg_138__4_ 
   U_DUT/w2_mem_reg_138__6_ 
   U_DUT/w2_mem_reg_170__0_ 
   U_DUT/w2_mem_reg_170__2_ 
   U_DUT/w2_mem_reg_170__4_ 
   U_DUT/w2_mem_reg_170__6_ 
   U_DUT/w2_mem_reg_202__0_ 
   U_DUT/w2_mem_reg_66__0_ 
   U_DUT/w2_mem_reg_66__2_ 
   U_DUT/w2_mem_reg_66__4_ 
   U_DUT/w2_mem_reg_66__6_ 
   U_DUT/w2_mem_reg_98__0_ 
   U_DUT/w2_mem_reg_98__2_ 
   U_DUT/w2_mem_reg_98__4_ 
   U_DUT/w2_mem_reg_98__6_ 
   U_DUT/w2_mem_reg_162__0_ 
   U_DUT/w2_mem_reg_162__2_ 
   U_DUT/w2_mem_reg_162__4_ 
   U_DUT/w2_mem_reg_162__6_ 
   U_DUT/w2_mem_reg_194__0_ 
   U_DUT/w2_mem_reg_226__0_ 
   U_DUT/w2_mem_reg_2__0_ 
   U_DUT/w2_mem_reg_2__2_ 
   U_DUT/w2_mem_reg_2__4_ 
   U_DUT/w2_mem_reg_2__6_ 
   U_DUT/w2_mem_reg_130__0_ 
   U_DUT/w2_mem_reg_130__2_ 
   U_DUT/w2_mem_reg_130__4_ 
   U_DUT/w2_mem_reg_130__6_ 
   U_DUT/w1_mem_reg_31__7_ 
   U_DUT/w1_mem_reg_191__0_ 
   U_DUT/w1_mem_reg_191__1_ 
   U_DUT/w1_mem_reg_191__2_ 
   U_DUT/w1_mem_reg_191__3_ 
   U_DUT/w1_mem_reg_191__4_ 
   U_DUT/w1_mem_reg_191__5_ 
   U_DUT/w1_mem_reg_191__6_ 
   U_DUT/w1_mem_reg_223__0_ 
   U_DUT/w1_mem_reg_223__2_ 
   U_DUT/w1_mem_reg_223__4_ 
   U_DUT/w1_mem_reg_223__6_ 
   U_DUT/w1_mem_reg_63__1_ 
   U_DUT/w1_mem_reg_63__3_ 
   U_DUT/w1_mem_reg_63__5_ 
   U_DUT/w1_mem_reg_127__1_ 
   U_DUT/w1_mem_reg_127__3_ 
   U_DUT/w1_mem_reg_127__5_ 
   U_DUT/w1_mem_reg_223__1_ 
   U_DUT/w1_mem_reg_223__3_ 
   U_DUT/w1_mem_reg_223__5_ 
   U_DUT/w1_mem_reg_95__1_ 
   U_DUT/w1_mem_reg_95__3_ 
   U_DUT/w1_mem_reg_95__5_ 
   U_DUT/w1_mem_reg_262__0_ 
   U_DUT/w1_mem_reg_262__1_ 
   U_DUT/w1_mem_reg_262__2_ 
   U_DUT/w1_mem_reg_262__3_ 
   U_DUT/w1_mem_reg_262__4_ 
   U_DUT/w1_mem_reg_262__5_ 
   U_DUT/w1_mem_reg_262__6_ 
   U_DUT/w1_mem_reg_270__0_ 
   U_DUT/w1_mem_reg_270__1_ 
   U_DUT/w1_mem_reg_270__2_ 
   U_DUT/w1_mem_reg_270__3_ 
   U_DUT/w1_mem_reg_270__4_ 
   U_DUT/w1_mem_reg_270__5_ 
   U_DUT/w1_mem_reg_270__6_ 
   U_DUT/w1_mem_reg_278__0_ 
   U_DUT/w1_mem_reg_278__1_ 
   U_DUT/w1_mem_reg_278__2_ 
   U_DUT/w1_mem_reg_278__3_ 
   U_DUT/w1_mem_reg_278__4_ 
   U_DUT/w1_mem_reg_278__5_ 
   U_DUT/w1_mem_reg_278__6_ 
   U_DUT/w1_mem_reg_286__0_ 
   U_DUT/w1_mem_reg_286__1_ 
   U_DUT/w1_mem_reg_286__2_ 
   U_DUT/w1_mem_reg_286__3_ 
   U_DUT/w1_mem_reg_286__4_ 
   U_DUT/w1_mem_reg_286__5_ 
   U_DUT/w1_mem_reg_286__6_ 
   U_DUT/w1_mem_reg_262__7_ 
   U_DUT/w1_mem_reg_270__7_ 
   U_DUT/w1_mem_reg_278__7_ 
   U_DUT/w1_mem_reg_286__7_ 
   U_DUT/w1_mem_reg_390__0_ 
   U_DUT/w1_mem_reg_390__2_ 
   U_DUT/w1_mem_reg_390__4_ 
   U_DUT/w1_mem_reg_390__6_ 
   U_DUT/w1_mem_reg_398__0_ 
   U_DUT/w1_mem_reg_398__2_ 
   U_DUT/w1_mem_reg_398__4_ 
   U_DUT/w1_mem_reg_398__6_ 
   U_DUT/w1_mem_reg_430__0_ 
   U_DUT/w1_mem_reg_430__2_ 
   U_DUT/w1_mem_reg_430__4_ 
   U_DUT/w1_mem_reg_430__6_ 
   U_DUT/w1_mem_reg_438__0_ 
   U_DUT/w1_mem_reg_438__2_ 
   U_DUT/w1_mem_reg_438__4_ 
   U_DUT/w1_mem_reg_438__6_ 
   U_DUT/w1_mem_reg_446__0_ 
   U_DUT/w1_mem_reg_446__2_ 
   U_DUT/w1_mem_reg_446__4_ 
   U_DUT/w1_mem_reg_446__6_ 
   U_DUT/w1_mem_reg_454__0_ 
   U_DUT/w1_mem_reg_454__2_ 
   U_DUT/w1_mem_reg_454__4_ 
   U_DUT/w1_mem_reg_454__6_ 
   U_DUT/w1_mem_reg_462__0_ 
   U_DUT/w1_mem_reg_462__2_ 
   U_DUT/w1_mem_reg_462__4_ 
   U_DUT/w1_mem_reg_462__6_ 
   U_DUT/w1_mem_reg_470__0_ 
   U_DUT/w1_mem_reg_470__2_ 
   U_DUT/w1_mem_reg_470__4_ 
   U_DUT/w1_mem_reg_470__6_ 
   U_DUT/w1_mem_reg_478__0_ 
   U_DUT/w1_mem_reg_478__2_ 
   U_DUT/w1_mem_reg_478__4_ 
   U_DUT/w1_mem_reg_478__6_ 
   U_DUT/w1_mem_reg_486__0_ 
   U_DUT/w1_mem_reg_486__2_ 
   U_DUT/w1_mem_reg_486__4_ 
   U_DUT/w1_mem_reg_486__6_ 
   U_DUT/w1_mem_reg_494__0_ 
   U_DUT/w1_mem_reg_494__2_ 
   U_DUT/w1_mem_reg_494__4_ 
   U_DUT/w1_mem_reg_494__6_ 
   U_DUT/w1_mem_reg_502__0_ 
   U_DUT/w1_mem_reg_502__2_ 
   U_DUT/w1_mem_reg_502__4_ 
   U_DUT/w1_mem_reg_502__6_ 
   U_DUT/w1_mem_reg_510__0_ 
   U_DUT/w1_mem_reg_510__2_ 
   U_DUT/w1_mem_reg_510__4_ 
   U_DUT/w1_mem_reg_510__6_ 
   U_DUT/w1_mem_reg_454__1_ 
   U_DUT/w1_mem_reg_454__3_ 
   U_DUT/w1_mem_reg_454__5_ 
   U_DUT/w1_mem_reg_462__1_ 
   U_DUT/w1_mem_reg_462__3_ 
   U_DUT/w1_mem_reg_462__5_ 
   U_DUT/w1_mem_reg_470__1_ 
   U_DUT/w1_mem_reg_470__3_ 
   U_DUT/w1_mem_reg_470__5_ 
   U_DUT/w1_mem_reg_510__1_ 
   U_DUT/w1_mem_reg_510__3_ 
   U_DUT/w1_mem_reg_510__5_ 
   U_DUT/w1_mem_reg_510__7_ 
   U_DUT/w1_mem_reg_302__0_ 
   U_DUT/w1_mem_reg_302__2_ 
   U_DUT/w1_mem_reg_302__4_ 
   U_DUT/w1_mem_reg_302__6_ 
   U_DUT/w1_mem_reg_310__0_ 
   U_DUT/w1_mem_reg_310__2_ 
   U_DUT/w1_mem_reg_310__4_ 
   U_DUT/w1_mem_reg_310__6_ 
   U_DUT/w1_mem_reg_326__0_ 
   U_DUT/w1_mem_reg_326__2_ 
   U_DUT/w1_mem_reg_326__4_ 
   U_DUT/w1_mem_reg_326__6_ 
   U_DUT/w1_mem_reg_334__0_ 
   U_DUT/w1_mem_reg_334__2_ 
   U_DUT/w1_mem_reg_334__4_ 
   U_DUT/w1_mem_reg_334__6_ 
   U_DUT/w1_mem_reg_342__0_ 
   U_DUT/w1_mem_reg_342__2_ 
   U_DUT/w1_mem_reg_342__4_ 
   U_DUT/w1_mem_reg_342__6_ 
   U_DUT/w1_mem_reg_302__1_ 
   U_DUT/w1_mem_reg_302__3_ 
   U_DUT/w1_mem_reg_302__5_ 
   U_DUT/w1_mem_reg_302__7_ 
   U_DUT/w1_mem_reg_310__1_ 
   U_DUT/w1_mem_reg_310__3_ 
   U_DUT/w1_mem_reg_310__5_ 
   U_DUT/w1_mem_reg_310__7_ 
   U_DUT/w1_mem_reg_326__1_ 
   U_DUT/w1_mem_reg_326__3_ 
   U_DUT/w1_mem_reg_326__5_ 
   U_DUT/w1_mem_reg_326__7_ 
   U_DUT/w1_mem_reg_334__1_ 
   U_DUT/w1_mem_reg_334__3_ 
   U_DUT/w1_mem_reg_334__5_ 
   U_DUT/w1_mem_reg_334__7_ 
   U_DUT/w1_mem_reg_342__1_ 
   U_DUT/w1_mem_reg_342__3_ 
   U_DUT/w1_mem_reg_342__5_ 
   U_DUT/w1_mem_reg_342__7_ 
   U_DUT/w1_mem_reg_454__7_ 
   U_DUT/w1_mem_reg_462__7_ 
   U_DUT/w1_mem_reg_470__7_ 
   U_DUT/w1_mem_reg_41__0_ 
   U_DUT/w1_mem_reg_41__2_ 
   U_DUT/w1_mem_reg_41__4_ 
   U_DUT/w1_mem_reg_41__6_ 
   U_DUT/w1_mem_reg_141__0_ 
   U_DUT/w1_mem_reg_141__1_ 
   U_DUT/w1_mem_reg_141__2_ 
   U_DUT/w1_mem_reg_141__3_ 
   U_DUT/w1_mem_reg_141__4_ 
   U_DUT/w1_mem_reg_141__5_ 
   U_DUT/w1_mem_reg_141__6_ 
   U_DUT/w1_mem_reg_213__0_ 
   U_DUT/w1_mem_reg_213__2_ 
   U_DUT/w1_mem_reg_213__4_ 
   U_DUT/w1_mem_reg_213__6_ 
   U_DUT/w1_mem_reg_142__0_ 
   U_DUT/w1_mem_reg_142__1_ 
   U_DUT/w1_mem_reg_142__2_ 
   U_DUT/w1_mem_reg_142__3_ 
   U_DUT/w1_mem_reg_142__4_ 
   U_DUT/w1_mem_reg_142__5_ 
   U_DUT/w1_mem_reg_142__6_ 
   U_DUT/w1_mem_reg_197__0_ 
   U_DUT/w1_mem_reg_197__1_ 
   U_DUT/w1_mem_reg_197__2_ 
   U_DUT/w1_mem_reg_197__3_ 
   U_DUT/w1_mem_reg_197__4_ 
   U_DUT/w1_mem_reg_197__5_ 
   U_DUT/w1_mem_reg_197__6_ 
   U_DUT/w1_mem_reg_206__0_ 
   U_DUT/w1_mem_reg_206__1_ 
   U_DUT/w1_mem_reg_206__2_ 
   U_DUT/w1_mem_reg_206__3_ 
   U_DUT/w1_mem_reg_206__4_ 
   U_DUT/w1_mem_reg_206__5_ 
   U_DUT/w1_mem_reg_206__6_ 
   U_DUT/w1_mem_reg_214__0_ 
   U_DUT/w1_mem_reg_214__2_ 
   U_DUT/w1_mem_reg_214__4_ 
   U_DUT/w1_mem_reg_214__6_ 
   U_DUT/w1_mem_reg_37__0_ 
   U_DUT/w1_mem_reg_37__2_ 
   U_DUT/w1_mem_reg_37__4_ 
   U_DUT/w1_mem_reg_37__6_ 
   U_DUT/w1_mem_reg_49__0_ 
   U_DUT/w1_mem_reg_49__1_ 
   U_DUT/w1_mem_reg_49__2_ 
   U_DUT/w1_mem_reg_49__3_ 
   U_DUT/w1_mem_reg_49__4_ 
   U_DUT/w1_mem_reg_49__5_ 
   U_DUT/w1_mem_reg_49__6_ 
   U_DUT/w1_mem_reg_53__0_ 
   U_DUT/w1_mem_reg_53__1_ 
   U_DUT/w1_mem_reg_53__2_ 
   U_DUT/w1_mem_reg_53__3_ 
   U_DUT/w1_mem_reg_53__4_ 
   U_DUT/w1_mem_reg_53__5_ 
   U_DUT/w1_mem_reg_53__6_ 
   U_DUT/w1_mem_reg_49__7_ 
   U_DUT/w1_mem_reg_53__7_ 
   U_DUT/w1_mem_reg_54__0_ 
   U_DUT/w1_mem_reg_54__1_ 
   U_DUT/w1_mem_reg_54__2_ 
   U_DUT/w1_mem_reg_54__3_ 
   U_DUT/w1_mem_reg_54__4_ 
   U_DUT/w1_mem_reg_54__5_ 
   U_DUT/w1_mem_reg_54__6_ 
   U_DUT/w1_mem_reg_46__0_ 
   U_DUT/w1_mem_reg_46__1_ 
   U_DUT/w1_mem_reg_46__2_ 
   U_DUT/w1_mem_reg_46__3_ 
   U_DUT/w1_mem_reg_46__4_ 
   U_DUT/w1_mem_reg_46__5_ 
   U_DUT/w1_mem_reg_46__6_ 
   U_DUT/w1_mem_reg_46__7_ 
   U_DUT/w1_mem_reg_54__7_ 
   U_DUT/w1_mem_reg_105__0_ 
   U_DUT/w1_mem_reg_105__2_ 
   U_DUT/w1_mem_reg_105__4_ 
   U_DUT/w1_mem_reg_105__6_ 
   U_DUT/w1_mem_reg_109__0_ 
   U_DUT/w1_mem_reg_109__2_ 
   U_DUT/w1_mem_reg_109__4_ 
   U_DUT/w1_mem_reg_109__6_ 
   U_DUT/w1_mem_reg_113__0_ 
   U_DUT/w1_mem_reg_113__2_ 
   U_DUT/w1_mem_reg_113__4_ 
   U_DUT/w1_mem_reg_113__6_ 
   U_DUT/w1_mem_reg_117__0_ 
   U_DUT/w1_mem_reg_117__2_ 
   U_DUT/w1_mem_reg_117__4_ 
   U_DUT/w1_mem_reg_117__6_ 
   U_DUT/w1_mem_reg_78__0_ 
   U_DUT/w1_mem_reg_78__2_ 
   U_DUT/w1_mem_reg_78__4_ 
   U_DUT/w1_mem_reg_78__6_ 
   U_DUT/w1_mem_reg_101__0_ 
   U_DUT/w1_mem_reg_101__2_ 
   U_DUT/w1_mem_reg_101__4_ 
   U_DUT/w1_mem_reg_101__6_ 
   U_DUT/w1_mem_reg_118__0_ 
   U_DUT/w1_mem_reg_118__2_ 
   U_DUT/w1_mem_reg_118__4_ 
   U_DUT/w1_mem_reg_118__6_ 
   U_DUT/w1_mem_reg_105__1_ 
   U_DUT/w1_mem_reg_105__3_ 
   U_DUT/w1_mem_reg_105__5_ 
   U_DUT/w1_mem_reg_105__7_ 
   U_DUT/w1_mem_reg_109__1_ 
   U_DUT/w1_mem_reg_109__3_ 
   U_DUT/w1_mem_reg_109__5_ 
   U_DUT/w1_mem_reg_109__7_ 
   U_DUT/w1_mem_reg_113__1_ 
   U_DUT/w1_mem_reg_113__3_ 
   U_DUT/w1_mem_reg_113__5_ 
   U_DUT/w1_mem_reg_113__7_ 
   U_DUT/w1_mem_reg_117__1_ 
   U_DUT/w1_mem_reg_117__3_ 
   U_DUT/w1_mem_reg_117__5_ 
   U_DUT/w1_mem_reg_117__7_ 
   U_DUT/w1_mem_reg_78__1_ 
   U_DUT/w1_mem_reg_78__3_ 
   U_DUT/w1_mem_reg_78__5_ 
   U_DUT/w1_mem_reg_78__7_ 
   U_DUT/w1_mem_reg_101__1_ 
   U_DUT/w1_mem_reg_101__3_ 
   U_DUT/w1_mem_reg_101__5_ 
   U_DUT/w1_mem_reg_101__7_ 
   U_DUT/w1_mem_reg_118__1_ 
   U_DUT/w1_mem_reg_118__3_ 
   U_DUT/w1_mem_reg_118__5_ 
   U_DUT/w1_mem_reg_118__7_ 
   U_DUT/w1_mem_reg_217__0_ 
   U_DUT/w1_mem_reg_217__2_ 
   U_DUT/w1_mem_reg_217__4_ 
   U_DUT/w1_mem_reg_217__6_ 
   U_DUT/w1_mem_reg_57__0_ 
   U_DUT/w1_mem_reg_57__1_ 
   U_DUT/w1_mem_reg_57__2_ 
   U_DUT/w1_mem_reg_57__3_ 
   U_DUT/w1_mem_reg_57__4_ 
   U_DUT/w1_mem_reg_57__5_ 
   U_DUT/w1_mem_reg_57__6_ 
   U_DUT/w1_mem_reg_57__7_ 
   U_DUT/w1_mem_reg_145__7_ 
   U_DUT/w1_mem_reg_197__7_ 
   U_DUT/w1_mem_reg_121__0_ 
   U_DUT/w1_mem_reg_121__2_ 
   U_DUT/w1_mem_reg_121__4_ 
   U_DUT/w1_mem_reg_121__6_ 
   U_DUT/w1_mem_reg_121__1_ 
   U_DUT/w1_mem_reg_121__3_ 
   U_DUT/w1_mem_reg_121__5_ 
   U_DUT/w1_mem_reg_121__7_ 
   U_DUT/w1_mem_reg_430__1_ 
   U_DUT/w1_mem_reg_430__3_ 
   U_DUT/w1_mem_reg_430__5_ 
   U_DUT/w1_mem_reg_438__1_ 
   U_DUT/w1_mem_reg_438__3_ 
   U_DUT/w1_mem_reg_438__5_ 
   U_DUT/w1_mem_reg_446__1_ 
   U_DUT/w1_mem_reg_446__3_ 
   U_DUT/w1_mem_reg_446__5_ 
   U_DUT/w1_mem_reg_438__7_ 
   U_DUT/w1_mem_reg_446__7_ 
   U_DUT/w1_mem_reg_478__1_ 
   U_DUT/w1_mem_reg_478__3_ 
   U_DUT/w1_mem_reg_478__5_ 
   U_DUT/w1_mem_reg_486__1_ 
   U_DUT/w1_mem_reg_486__3_ 
   U_DUT/w1_mem_reg_486__5_ 
   U_DUT/w1_mem_reg_494__1_ 
   U_DUT/w1_mem_reg_494__3_ 
   U_DUT/w1_mem_reg_494__5_ 
   U_DUT/w1_mem_reg_502__1_ 
   U_DUT/w1_mem_reg_502__3_ 
   U_DUT/w1_mem_reg_502__5_ 
   U_DUT/w1_mem_reg_350__1_ 
   U_DUT/w1_mem_reg_350__3_ 
   U_DUT/w1_mem_reg_350__5_ 
   U_DUT/w1_mem_reg_358__1_ 
   U_DUT/w1_mem_reg_358__3_ 
   U_DUT/w1_mem_reg_358__5_ 
   U_DUT/w1_mem_reg_390__7_ 
   U_DUT/w1_mem_reg_478__7_ 
   U_DUT/w1_mem_reg_486__7_ 
   U_DUT/w1_mem_reg_494__7_ 
   U_DUT/w1_mem_reg_502__7_ 
   U_DUT/w1_mem_reg_350__7_ 
   U_DUT/w1_mem_reg_358__7_ 
   U_DUT/w1_mem_reg_398__7_ 
   U_DUT/w1_mem_reg_390__1_ 
   U_DUT/w1_mem_reg_390__3_ 
   U_DUT/w1_mem_reg_390__5_ 
   U_DUT/w1_mem_reg_398__1_ 
   U_DUT/w1_mem_reg_398__3_ 
   U_DUT/w1_mem_reg_398__5_ 
   U_DUT/w1_mem_reg_430__7_ 
   U_DUT/w1_mem_reg_81__1_ 
   U_DUT/w1_mem_reg_81__3_ 
   U_DUT/w1_mem_reg_81__5_ 
   U_DUT/w1_mem_reg_73__1_ 
   U_DUT/w1_mem_reg_73__3_ 
   U_DUT/w1_mem_reg_73__5_ 
   U_DUT/w1_mem_reg_77__1_ 
   U_DUT/w1_mem_reg_77__3_ 
   U_DUT/w1_mem_reg_77__5_ 
   U_DUT/w1_mem_reg_205__1_ 
   U_DUT/w1_mem_reg_205__3_ 
   U_DUT/w1_mem_reg_205__5_ 
   U_DUT/w1_mem_reg_182__1_ 
   U_DUT/w1_mem_reg_182__3_ 
   U_DUT/w1_mem_reg_182__5_ 
   U_DUT/w1_mem_reg_69__1_ 
   U_DUT/w1_mem_reg_69__3_ 
   U_DUT/w1_mem_reg_69__5_ 
   U_DUT/w1_mem_reg_37__1_ 
   U_DUT/w1_mem_reg_37__3_ 
   U_DUT/w1_mem_reg_37__5_ 
   U_DUT/w1_mem_reg_185__1_ 
   U_DUT/w1_mem_reg_185__3_ 
   U_DUT/w1_mem_reg_185__5_ 
   U_DUT/w1_mem_reg_73__7_ 
   U_DUT/w1_mem_reg_77__7_ 
   U_DUT/w1_mem_reg_81__7_ 
   U_DUT/w1_mem_reg_201__7_ 
   U_DUT/w1_mem_reg_69__7_ 
   U_DUT/w1_mem_reg_294__1_ 
   U_DUT/w1_mem_reg_294__3_ 
   U_DUT/w1_mem_reg_294__5_ 
   U_DUT/w1_mem_reg_137__1_ 
   U_DUT/w1_mem_reg_137__3_ 
   U_DUT/w1_mem_reg_137__5_ 
   U_DUT/w1_mem_reg_177__1_ 
   U_DUT/w1_mem_reg_177__3_ 
   U_DUT/w1_mem_reg_177__5_ 
   U_DUT/w1_mem_reg_213__7_ 
   U_DUT/w1_mem_reg_294__7_ 
   U_DUT/w1_mem_reg_181__7_ 
   U_DUT/w1_mem_reg_182__7_ 
   U_DUT/w1_mem_reg_110__1_ 
   U_DUT/w1_mem_reg_110__3_ 
   U_DUT/w1_mem_reg_110__5_ 
   U_DUT/w1_mem_reg_133__1_ 
   U_DUT/w1_mem_reg_133__3_ 
   U_DUT/w1_mem_reg_133__5_ 
   U_DUT/w1_mem_reg_110__7_ 
   U_DUT/w1_mem_reg_133__7_ 
   U_DUT/w1_mem_reg_165__7_ 
   U_DUT/w1_mem_reg_217__1_ 
   U_DUT/w1_mem_reg_217__3_ 
   U_DUT/w1_mem_reg_217__5_ 
   U_DUT/w1_mem_reg_318__1_ 
   U_DUT/w1_mem_reg_318__3_ 
   U_DUT/w1_mem_reg_318__5_ 
   U_DUT/w1_mem_reg_318__7_ 
   U_DUT/w1_mem_reg_213__1_ 
   U_DUT/w1_mem_reg_213__3_ 
   U_DUT/w1_mem_reg_213__5_ 
   U_DUT/w1_mem_reg_214__1_ 
   U_DUT/w1_mem_reg_214__3_ 
   U_DUT/w1_mem_reg_214__5_ 
   U_DUT/w1_mem_reg_214__7_ 
   U_DUT/w1_mem_reg_85__1_ 
   U_DUT/w1_mem_reg_85__3_ 
   U_DUT/w1_mem_reg_85__5_ 
   U_DUT/w1_mem_reg_173__1_ 
   U_DUT/w1_mem_reg_173__3_ 
   U_DUT/w1_mem_reg_173__5_ 
   U_DUT/w1_mem_reg_86__1_ 
   U_DUT/w1_mem_reg_86__3_ 
   U_DUT/w1_mem_reg_86__5_ 
   U_DUT/w1_mem_reg_165__1_ 
   U_DUT/w1_mem_reg_165__3_ 
   U_DUT/w1_mem_reg_165__5_ 
   U_DUT/w1_mem_reg_89__1_ 
   U_DUT/w1_mem_reg_89__3_ 
   U_DUT/w1_mem_reg_89__5_ 
   U_DUT/w1_mem_reg_85__7_ 
   U_DUT/w1_mem_reg_177__7_ 
   U_DUT/w1_mem_reg_173__7_ 
   U_DUT/w1_mem_reg_86__7_ 
   U_DUT/w1_mem_reg_217__7_ 
   U_DUT/w1_mem_reg_181__1_ 
   U_DUT/w1_mem_reg_181__3_ 
   U_DUT/w1_mem_reg_181__5_ 
   U_DUT/w1_mem_reg_201__1_ 
   U_DUT/w1_mem_reg_201__3_ 
   U_DUT/w1_mem_reg_201__5_ 
   U_DUT/w1_mem_reg_89__7_ 
   U_DUT/w1_mem_reg_137__7_ 
   U_DUT/w1_mem_reg_185__7_ 
   U_DUT/w1_mem_reg_169__1_ 
   U_DUT/w1_mem_reg_169__3_ 
   U_DUT/w1_mem_reg_169__5_ 
   U_DUT/w1_mem_reg_174__1_ 
   U_DUT/w1_mem_reg_174__3_ 
   U_DUT/w1_mem_reg_174__5_ 
   U_DUT/w1_mem_reg_41__1_ 
   U_DUT/w1_mem_reg_41__3_ 
   U_DUT/w1_mem_reg_41__5_ 
   U_DUT/w1_mem_reg_41__7_ 
   U_DUT/w1_mem_reg_45__0_ 
   U_DUT/w1_mem_reg_45__1_ 
   U_DUT/w1_mem_reg_45__2_ 
   U_DUT/w1_mem_reg_45__3_ 
   U_DUT/w1_mem_reg_45__4_ 
   U_DUT/w1_mem_reg_45__5_ 
   U_DUT/w1_mem_reg_45__6_ 
   U_DUT/w1_mem_reg_45__7_ 
   U_DUT/w1_mem_reg_205__7_ 
   U_DUT/w1_mem_reg_174__7_ 
   U_DUT/w1_mem_reg_37__7_ 
   U_DUT/w2_mem_reg_208__0_ 
   U_DUT/w2_mem_reg_208__2_ 
   U_DUT/w2_mem_reg_208__4_ 
   U_DUT/w2_mem_reg_208__6_ 
   U_DUT/w2_mem_reg_209__0_ 
   U_DUT/w2_mem_reg_209__2_ 
   U_DUT/w2_mem_reg_209__4_ 
   U_DUT/w2_mem_reg_209__6_ 
   U_DUT/w2_mem_reg_212__0_ 
   U_DUT/w2_mem_reg_212__2_ 
   U_DUT/w2_mem_reg_212__4_ 
   U_DUT/w2_mem_reg_212__6_ 
   U_DUT/w2_mem_reg_213__0_ 
   U_DUT/w2_mem_reg_213__2_ 
   U_DUT/w2_mem_reg_213__4_ 
   U_DUT/w2_mem_reg_213__6_ 
   U_DUT/w2_mem_reg_214__0_ 
   U_DUT/w2_mem_reg_214__2_ 
   U_DUT/w2_mem_reg_214__4_ 
   U_DUT/w2_mem_reg_214__6_ 
   U_DUT/w2_mem_reg_215__0_ 
   U_DUT/w2_mem_reg_215__2_ 
   U_DUT/w2_mem_reg_215__4_ 
   U_DUT/w2_mem_reg_215__6_ 
   U_DUT/w2_mem_reg_216__0_ 
   U_DUT/w2_mem_reg_216__2_ 
   U_DUT/w2_mem_reg_216__4_ 
   U_DUT/w2_mem_reg_216__6_ 
   U_DUT/w2_mem_reg_217__0_ 
   U_DUT/w2_mem_reg_217__2_ 
   U_DUT/w2_mem_reg_217__4_ 
   U_DUT/w2_mem_reg_217__6_ 
   U_DUT/w2_mem_reg_220__0_ 
   U_DUT/w2_mem_reg_220__2_ 
   U_DUT/w2_mem_reg_220__4_ 
   U_DUT/w2_mem_reg_220__6_ 
   U_DUT/w2_mem_reg_221__0_ 
   U_DUT/w2_mem_reg_221__2_ 
   U_DUT/w2_mem_reg_221__4_ 
   U_DUT/w2_mem_reg_221__6_ 
   U_DUT/w2_mem_reg_222__0_ 
   U_DUT/w2_mem_reg_222__2_ 
   U_DUT/w2_mem_reg_222__4_ 
   U_DUT/w2_mem_reg_222__6_ 
   U_DUT/w2_mem_reg_223__0_ 
   U_DUT/w2_mem_reg_223__2_ 
   U_DUT/w2_mem_reg_223__4_ 
   U_DUT/w2_mem_reg_223__6_ 
   U_DUT/w3_mem_reg_2__1_ 
   U_DUT/w3_mem_reg_2__3_ 
   U_DUT/w3_mem_reg_2__5_ 
   U_DUT/w1_mem_reg_224__0_ 
   U_DUT/w1_mem_reg_224__2_ 
   U_DUT/w1_mem_reg_224__4_ 
   U_DUT/w1_mem_reg_224__6_ 
   U_DUT/w1_mem_reg_12__0_ 
   U_DUT/w1_mem_reg_12__2_ 
   U_DUT/w1_mem_reg_12__4_ 
   U_DUT/w1_mem_reg_12__6_ 
   U_DUT/w1_mem_reg_15__0_ 
   U_DUT/w1_mem_reg_15__2_ 
   U_DUT/w1_mem_reg_15__4_ 
   U_DUT/w1_mem_reg_15__6_ 
   U_DUT/w1_mem_reg_20__0_ 
   U_DUT/w1_mem_reg_20__2_ 
   U_DUT/w1_mem_reg_20__4_ 
   U_DUT/w1_mem_reg_20__6_ 
   U_DUT/w1_mem_reg_236__0_ 
   U_DUT/w1_mem_reg_236__2_ 
   U_DUT/w1_mem_reg_236__4_ 
   U_DUT/w1_mem_reg_236__6_ 
   U_DUT/w1_mem_reg_244__0_ 
   U_DUT/w1_mem_reg_244__2_ 
   U_DUT/w1_mem_reg_244__4_ 
   U_DUT/w1_mem_reg_244__6_ 
   U_DUT/w1_mem_reg_247__0_ 
   U_DUT/w1_mem_reg_247__2_ 
   U_DUT/w1_mem_reg_247__4_ 
   U_DUT/w1_mem_reg_247__6_ 
   U_DUT/w1_mem_reg_248__0_ 
   U_DUT/w1_mem_reg_248__2_ 
   U_DUT/w1_mem_reg_248__4_ 
   U_DUT/w1_mem_reg_248__6_ 
   U_DUT/w1_mem_reg_16__0_ 
   U_DUT/w1_mem_reg_16__2_ 
   U_DUT/w1_mem_reg_16__4_ 
   U_DUT/w1_mem_reg_16__6_ 
   U_DUT/w1_mem_reg_228__0_ 
   U_DUT/w1_mem_reg_228__2_ 
   U_DUT/w1_mem_reg_228__4_ 
   U_DUT/w1_mem_reg_228__6_ 
   U_DUT/w1_mem_reg_231__0_ 
   U_DUT/w1_mem_reg_231__2_ 
   U_DUT/w1_mem_reg_231__4_ 
   U_DUT/w1_mem_reg_231__6_ 
   U_DUT/w1_mem_reg_232__0_ 
   U_DUT/w1_mem_reg_232__2_ 
   U_DUT/w1_mem_reg_232__4_ 
   U_DUT/w1_mem_reg_232__6_ 
   U_DUT/w1_mem_reg_239__0_ 
   U_DUT/w1_mem_reg_239__2_ 
   U_DUT/w1_mem_reg_239__4_ 
   U_DUT/w1_mem_reg_239__6_ 
   U_DUT/w1_mem_reg_240__0_ 
   U_DUT/w1_mem_reg_240__2_ 
   U_DUT/w1_mem_reg_240__4_ 
   U_DUT/w1_mem_reg_240__6_ 
   U_DUT/w1_mem_reg_224__1_ 
   U_DUT/w1_mem_reg_224__3_ 
   U_DUT/w1_mem_reg_224__5_ 
   U_DUT/w1_mem_reg_224__7_ 
   U_DUT/w1_mem_reg_23__0_ 
   U_DUT/w1_mem_reg_23__1_ 
   U_DUT/w1_mem_reg_23__2_ 
   U_DUT/w1_mem_reg_23__3_ 
   U_DUT/w1_mem_reg_23__4_ 
   U_DUT/w1_mem_reg_23__5_ 
   U_DUT/w1_mem_reg_23__6_ 
   U_DUT/w1_mem_reg_24__0_ 
   U_DUT/w1_mem_reg_24__1_ 
   U_DUT/w1_mem_reg_24__2_ 
   U_DUT/w1_mem_reg_24__3_ 
   U_DUT/w1_mem_reg_24__4_ 
   U_DUT/w1_mem_reg_24__5_ 
   U_DUT/w1_mem_reg_24__6_ 
   U_DUT/w1_mem_reg_28__0_ 
   U_DUT/w1_mem_reg_28__1_ 
   U_DUT/w1_mem_reg_28__2_ 
   U_DUT/w1_mem_reg_28__3_ 
   U_DUT/w1_mem_reg_28__4_ 
   U_DUT/w1_mem_reg_28__5_ 
   U_DUT/w1_mem_reg_28__6_ 
   U_DUT/w1_mem_reg_228__1_ 
   U_DUT/w1_mem_reg_228__3_ 
   U_DUT/w1_mem_reg_228__5_ 
   U_DUT/w1_mem_reg_228__7_ 
   U_DUT/w1_mem_reg_231__1_ 
   U_DUT/w1_mem_reg_231__3_ 
   U_DUT/w1_mem_reg_231__5_ 
   U_DUT/w1_mem_reg_231__7_ 
   U_DUT/w1_mem_reg_232__1_ 
   U_DUT/w1_mem_reg_232__3_ 
   U_DUT/w1_mem_reg_232__5_ 
   U_DUT/w1_mem_reg_232__7_ 
   U_DUT/w1_mem_reg_23__7_ 
   U_DUT/w1_mem_reg_24__7_ 
   U_DUT/w1_mem_reg_28__7_ 
   U_DUT/w1_mem_reg_240__1_ 
   U_DUT/w1_mem_reg_240__3_ 
   U_DUT/w1_mem_reg_240__5_ 
   U_DUT/w1_mem_reg_236__7_ 
   U_DUT/w1_mem_reg_239__1_ 
   U_DUT/w1_mem_reg_239__3_ 
   U_DUT/w1_mem_reg_239__5_ 
   U_DUT/w1_mem_reg_16__1_ 
   U_DUT/w1_mem_reg_16__3_ 
   U_DUT/w1_mem_reg_16__5_ 
   U_DUT/w1_mem_reg_16__7_ 
   U_DUT/w1_mem_reg_240__7_ 
   U_DUT/w1_mem_reg_239__7_ 
   U_DUT/w1_mem_reg_252__1_ 
   U_DUT/w1_mem_reg_252__3_ 
   U_DUT/w1_mem_reg_252__5_ 
   U_DUT/w1_mem_reg_12__1_ 
   U_DUT/w1_mem_reg_12__3_ 
   U_DUT/w1_mem_reg_12__5_ 
   U_DUT/w1_mem_reg_247__1_ 
   U_DUT/w1_mem_reg_247__3_ 
   U_DUT/w1_mem_reg_247__5_ 
   U_DUT/w1_mem_reg_20__7_ 
   U_DUT/w1_mem_reg_248__7_ 
   U_DUT/w1_mem_reg_252__7_ 
   U_DUT/w1_mem_reg_15__1_ 
   U_DUT/w1_mem_reg_15__3_ 
   U_DUT/w1_mem_reg_15__5_ 
   U_DUT/w1_mem_reg_20__1_ 
   U_DUT/w1_mem_reg_20__3_ 
   U_DUT/w1_mem_reg_20__5_ 
   U_DUT/w1_mem_reg_236__1_ 
   U_DUT/w1_mem_reg_236__3_ 
   U_DUT/w1_mem_reg_236__5_ 
   U_DUT/w1_mem_reg_244__1_ 
   U_DUT/w1_mem_reg_244__3_ 
   U_DUT/w1_mem_reg_244__5_ 
   U_DUT/w1_mem_reg_248__1_ 
   U_DUT/w1_mem_reg_248__3_ 
   U_DUT/w1_mem_reg_248__5_ 
   U_DUT/w1_mem_reg_15__7_ 
   U_DUT/w1_mem_reg_247__7_ 
   U_DUT/w1_mem_reg_12__7_ 
   U_DUT/w1_mem_reg_244__7_ 
   U_DUT/w2_mem_reg_37__1_ 
   U_DUT/w2_mem_reg_37__3_ 
   U_DUT/w2_mem_reg_37__5_ 
   U_DUT/w1_mem_reg_0__0_ 
   U_DUT/w1_mem_reg_0__1_ 
   U_DUT/w1_mem_reg_0__2_ 
   U_DUT/w1_mem_reg_0__3_ 
   U_DUT/w1_mem_reg_0__4_ 
   U_DUT/w1_mem_reg_0__5_ 
   U_DUT/w1_mem_reg_0__6_ 
   U_DUT/w1_mem_reg_0__7_ 
   U_DUT/w1_mem_reg_4__0_ 
   U_DUT/w1_mem_reg_4__1_ 
   U_DUT/w1_mem_reg_4__2_ 
   U_DUT/w1_mem_reg_4__3_ 
   U_DUT/w1_mem_reg_4__4_ 
   U_DUT/w1_mem_reg_4__5_ 
   U_DUT/w1_mem_reg_4__6_ 
   U_DUT/w1_mem_reg_4__7_ 
   U_DUT/w1_mem_reg_7__0_ 
   U_DUT/w1_mem_reg_7__1_ 
   U_DUT/w1_mem_reg_7__2_ 
   U_DUT/w1_mem_reg_7__3_ 
   U_DUT/w1_mem_reg_7__4_ 
   U_DUT/w1_mem_reg_7__5_ 
   U_DUT/w1_mem_reg_7__6_ 
   U_DUT/w1_mem_reg_7__7_ 
   U_DUT/w1_mem_reg_8__0_ 
   U_DUT/w1_mem_reg_8__1_ 
   U_DUT/w1_mem_reg_8__2_ 
   U_DUT/w1_mem_reg_8__3_ 
   U_DUT/w1_mem_reg_8__4_ 
   U_DUT/w1_mem_reg_8__5_ 
   U_DUT/w1_mem_reg_8__6_ 
   U_DUT/w1_mem_reg_8__7_ 
   U_DUT/w1_mem_reg_246__0_ 
   U_DUT/w1_mem_reg_246__2_ 
   U_DUT/w1_mem_reg_246__4_ 
   U_DUT/w1_mem_reg_246__6_ 
   U_DUT/w1_mem_reg_22__0_ 
   U_DUT/w1_mem_reg_22__1_ 
   U_DUT/w1_mem_reg_22__2_ 
   U_DUT/w1_mem_reg_22__3_ 
   U_DUT/w1_mem_reg_22__4_ 
   U_DUT/w1_mem_reg_22__5_ 
   U_DUT/w1_mem_reg_22__6_ 
   U_DUT/w1_mem_reg_22__7_ 
   U_DUT/w1_mem_reg_14__0_ 
   U_DUT/w1_mem_reg_14__2_ 
   U_DUT/w1_mem_reg_14__4_ 
   U_DUT/w1_mem_reg_14__6_ 
   U_DUT/w1_mem_reg_238__0_ 
   U_DUT/w1_mem_reg_238__2_ 
   U_DUT/w1_mem_reg_238__4_ 
   U_DUT/w1_mem_reg_238__6_ 
   U_DUT/w1_mem_reg_17__0_ 
   U_DUT/w1_mem_reg_17__2_ 
   U_DUT/w1_mem_reg_17__4_ 
   U_DUT/w1_mem_reg_17__6_ 
   U_DUT/w1_mem_reg_21__0_ 
   U_DUT/w1_mem_reg_21__2_ 
   U_DUT/w1_mem_reg_21__4_ 
   U_DUT/w1_mem_reg_21__6_ 
   U_DUT/w1_mem_reg_241__0_ 
   U_DUT/w1_mem_reg_241__2_ 
   U_DUT/w1_mem_reg_241__4_ 
   U_DUT/w1_mem_reg_241__6_ 
   U_DUT/w1_mem_reg_245__0_ 
   U_DUT/w1_mem_reg_245__2_ 
   U_DUT/w1_mem_reg_245__4_ 
   U_DUT/w1_mem_reg_245__6_ 
   U_DUT/w1_mem_reg_198__0_ 
   U_DUT/w1_mem_reg_198__1_ 
   U_DUT/w1_mem_reg_198__2_ 
   U_DUT/w1_mem_reg_198__3_ 
   U_DUT/w1_mem_reg_198__4_ 
   U_DUT/w1_mem_reg_198__5_ 
   U_DUT/w1_mem_reg_198__6_ 
   U_DUT/w1_mem_reg_230__0_ 
   U_DUT/w1_mem_reg_230__2_ 
   U_DUT/w1_mem_reg_230__4_ 
   U_DUT/w1_mem_reg_230__6_ 
   U_DUT/w1_mem_reg_38__0_ 
   U_DUT/w1_mem_reg_38__1_ 
   U_DUT/w1_mem_reg_38__2_ 
   U_DUT/w1_mem_reg_38__3_ 
   U_DUT/w1_mem_reg_38__4_ 
   U_DUT/w1_mem_reg_38__5_ 
   U_DUT/w1_mem_reg_38__6_ 
   U_DUT/w1_mem_reg_230__1_ 
   U_DUT/w1_mem_reg_230__3_ 
   U_DUT/w1_mem_reg_230__5_ 
   U_DUT/w1_mem_reg_230__7_ 
   U_DUT/w1_mem_reg_38__7_ 
   U_DUT/w1_mem_reg_102__0_ 
   U_DUT/w1_mem_reg_102__2_ 
   U_DUT/w1_mem_reg_102__4_ 
   U_DUT/w1_mem_reg_102__6_ 
   U_DUT/w1_mem_reg_102__1_ 
   U_DUT/w1_mem_reg_102__3_ 
   U_DUT/w1_mem_reg_102__5_ 
   U_DUT/w1_mem_reg_102__7_ 
   U_DUT/w1_mem_reg_241__1_ 
   U_DUT/w1_mem_reg_241__3_ 
   U_DUT/w1_mem_reg_241__5_ 
   U_DUT/w1_mem_reg_245__1_ 
   U_DUT/w1_mem_reg_245__3_ 
   U_DUT/w1_mem_reg_245__5_ 
   U_DUT/w1_mem_reg_246__7_ 
   U_DUT/w2_mem_reg_230__1_ 
   U_DUT/w2_mem_reg_230__3_ 
   U_DUT/w2_mem_reg_230__5_ 
   U_DUT/w2_mem_reg_230__7_ 
   U_DUT/w1_mem_reg_245__7_ 
   U_DUT/w1_mem_reg_70__1_ 
   U_DUT/w1_mem_reg_70__3_ 
   U_DUT/w1_mem_reg_70__5_ 
   U_DUT/w1_mem_reg_70__7_ 
   U_DUT/w1_mem_reg_238__1_ 
   U_DUT/w1_mem_reg_238__3_ 
   U_DUT/w1_mem_reg_238__5_ 
   U_DUT/w1_mem_reg_17__1_ 
   U_DUT/w1_mem_reg_17__3_ 
   U_DUT/w1_mem_reg_17__5_ 
   U_DUT/w1_mem_reg_241__7_ 
   U_DUT/w1_mem_reg_246__1_ 
   U_DUT/w1_mem_reg_246__3_ 
   U_DUT/w1_mem_reg_246__5_ 
   U_DUT/w1_mem_reg_14__1_ 
   U_DUT/w1_mem_reg_14__3_ 
   U_DUT/w1_mem_reg_14__5_ 
   U_DUT/w1_mem_reg_14__7_ 
   U_DUT/w1_mem_reg_21__1_ 
   U_DUT/w1_mem_reg_21__3_ 
   U_DUT/w1_mem_reg_21__5_ 
   U_DUT/w1_mem_reg_21__7_ 
   U_DUT/w1_mem_reg_238__7_ 
   U_DUT/w1_mem_reg_17__7_ 
   U_DUT/w1_mem_reg_134__1_ 
   U_DUT/w1_mem_reg_134__3_ 
   U_DUT/w1_mem_reg_134__5_ 
   U_DUT/w1_mem_reg_134__7_ 
   U_DUT/w1_mem_reg_166__1_ 
   U_DUT/w1_mem_reg_166__3_ 
   U_DUT/w1_mem_reg_166__5_ 
   U_DUT/w1_mem_reg_166__7_ 
   U_DUT/w1_mem_reg_6__0_ 
   U_DUT/w1_mem_reg_6__1_ 
   U_DUT/w1_mem_reg_6__2_ 
   U_DUT/w1_mem_reg_6__3_ 
   U_DUT/w1_mem_reg_6__4_ 
   U_DUT/w1_mem_reg_6__5_ 
   U_DUT/w1_mem_reg_6__6_ 
   U_DUT/w1_mem_reg_6__7_ 
   U_DUT/w1_mem_reg_31__0_ 
   U_DUT/w1_mem_reg_31__1_ 
   U_DUT/w1_mem_reg_31__2_ 
   U_DUT/w1_mem_reg_31__3_ 
   U_DUT/w1_mem_reg_31__4_ 
   U_DUT/w1_mem_reg_31__5_ 
   U_DUT/w1_mem_reg_31__6_ 
   U_DUT/w1_mem_reg_255__1_ 
   U_DUT/w1_mem_reg_255__3_ 
   U_DUT/w1_mem_reg_255__5_ 
   U_DUT/w1_mem_reg_237__7_ 
   U_DUT/w1_mem_reg_13__0_ 
   U_DUT/w1_mem_reg_13__2_ 
   U_DUT/w1_mem_reg_13__4_ 
   U_DUT/w1_mem_reg_13__6_ 
   U_DUT/w1_mem_reg_237__0_ 
   U_DUT/w1_mem_reg_237__2_ 
   U_DUT/w1_mem_reg_237__4_ 
   U_DUT/w1_mem_reg_237__6_ 
   U_DUT/w1_mem_reg_233__0_ 
   U_DUT/w1_mem_reg_233__2_ 
   U_DUT/w1_mem_reg_233__4_ 
   U_DUT/w1_mem_reg_233__6_ 
   U_DUT/w1_mem_reg_233__1_ 
   U_DUT/w1_mem_reg_233__3_ 
   U_DUT/w1_mem_reg_233__5_ 
   U_DUT/w1_mem_reg_233__7_ 
   U_DUT/w1_mem_reg_249__0_ 
   U_DUT/w1_mem_reg_249__2_ 
   U_DUT/w1_mem_reg_249__4_ 
   U_DUT/w1_mem_reg_249__6_ 
   U_DUT/w1_mem_reg_25__0_ 
   U_DUT/w1_mem_reg_25__1_ 
   U_DUT/w1_mem_reg_25__2_ 
   U_DUT/w1_mem_reg_25__3_ 
   U_DUT/w1_mem_reg_25__4_ 
   U_DUT/w1_mem_reg_25__5_ 
   U_DUT/w1_mem_reg_25__6_ 
   U_DUT/w1_mem_reg_25__7_ 
   U_DUT/w1_mem_reg_249__1_ 
   U_DUT/w1_mem_reg_249__3_ 
   U_DUT/w1_mem_reg_249__5_ 
   U_DUT/w1_mem_reg_249__7_ 
   U_DUT/w1_mem_reg_237__1_ 
   U_DUT/w1_mem_reg_237__3_ 
   U_DUT/w1_mem_reg_237__5_ 
   U_DUT/w1_mem_reg_9__0_ 
   U_DUT/w1_mem_reg_9__1_ 
   U_DUT/w1_mem_reg_9__2_ 
   U_DUT/w1_mem_reg_9__3_ 
   U_DUT/w1_mem_reg_9__4_ 
   U_DUT/w1_mem_reg_9__5_ 
   U_DUT/w1_mem_reg_9__6_ 
   U_DUT/w1_mem_reg_9__7_ 
   U_DUT/w1_mem_reg_13__1_ 
   U_DUT/w1_mem_reg_13__3_ 
   U_DUT/w1_mem_reg_13__5_ 
   U_DUT/w1_mem_reg_13__7_ 
   U_DUT/w2_mem_reg_30__1_ 
   U_DUT/w2_mem_reg_30__3_ 
   U_DUT/w2_mem_reg_30__5_ 
   U_DUT/w2_mem_reg_30__7_ 
   U_DUT/w2_mem_reg_62__1_ 
   U_DUT/w2_mem_reg_62__3_ 
   U_DUT/w2_mem_reg_62__5_ 
   U_DUT/w2_mem_reg_62__7_ 
   U_DUT/w2_mem_reg_158__1_ 
   U_DUT/w2_mem_reg_158__3_ 
   U_DUT/w2_mem_reg_158__5_ 
   U_DUT/w2_mem_reg_158__7_ 
   U_DUT/w2_mem_reg_190__1_ 
   U_DUT/w2_mem_reg_190__3_ 
   U_DUT/w2_mem_reg_190__5_ 
   U_DUT/w2_mem_reg_190__7_ 
   U_DUT/w2_mem_reg_254__1_ 
   U_DUT/w2_mem_reg_254__3_ 
   U_DUT/w2_mem_reg_254__5_ 
   U_DUT/w2_mem_reg_254__7_ 
   U_DUT/w2_mem_reg_22__1_ 
   U_DUT/w2_mem_reg_22__3_ 
   U_DUT/w2_mem_reg_22__5_ 
   U_DUT/w2_mem_reg_22__7_ 
   U_DUT/w2_mem_reg_54__1_ 
   U_DUT/w2_mem_reg_54__3_ 
   U_DUT/w2_mem_reg_54__5_ 
   U_DUT/w2_mem_reg_54__7_ 
   U_DUT/w2_mem_reg_150__1_ 
   U_DUT/w2_mem_reg_150__3_ 
   U_DUT/w2_mem_reg_150__5_ 
   U_DUT/w2_mem_reg_150__7_ 
   U_DUT/w2_mem_reg_182__1_ 
   U_DUT/w2_mem_reg_182__3_ 
   U_DUT/w2_mem_reg_182__5_ 
   U_DUT/w2_mem_reg_182__7_ 
   U_DUT/w2_mem_reg_246__1_ 
   U_DUT/w2_mem_reg_246__3_ 
   U_DUT/w2_mem_reg_246__5_ 
   U_DUT/w2_mem_reg_246__7_ 
   U_DUT/w1_mem_reg_190__0_ 
   U_DUT/w1_mem_reg_190__1_ 
   U_DUT/w1_mem_reg_190__2_ 
   U_DUT/w1_mem_reg_190__3_ 
   U_DUT/w1_mem_reg_190__4_ 
   U_DUT/w1_mem_reg_190__5_ 
   U_DUT/w1_mem_reg_190__6_ 
   U_DUT/w1_mem_reg_222__0_ 
   U_DUT/w1_mem_reg_222__2_ 
   U_DUT/w1_mem_reg_222__4_ 
   U_DUT/w1_mem_reg_222__6_ 
   U_DUT/w1_mem_reg_254__0_ 
   U_DUT/w1_mem_reg_254__2_ 
   U_DUT/w1_mem_reg_254__4_ 
   U_DUT/w1_mem_reg_254__6_ 
   U_DUT/w1_mem_reg_254__1_ 
   U_DUT/w1_mem_reg_254__3_ 
   U_DUT/w1_mem_reg_254__5_ 
   U_DUT/w1_mem_reg_254__7_ 
   U_DUT/w1_mem_reg_190__7_ 
   U_DUT/w1_mem_reg_62__1_ 
   U_DUT/w1_mem_reg_62__3_ 
   U_DUT/w1_mem_reg_62__5_ 
   U_DUT/w1_mem_reg_62__7_ 
   U_DUT/w1_mem_reg_222__7_ 
   U_DUT/w1_mem_reg_126__1_ 
   U_DUT/w1_mem_reg_126__3_ 
   U_DUT/w1_mem_reg_126__5_ 
   U_DUT/w1_mem_reg_126__7_ 
   U_DUT/w1_mem_reg_222__1_ 
   U_DUT/w1_mem_reg_222__3_ 
   U_DUT/w1_mem_reg_222__5_ 
   U_DUT/w1_mem_reg_94__1_ 
   U_DUT/w1_mem_reg_94__3_ 
   U_DUT/w1_mem_reg_94__5_ 
   U_DUT/w1_mem_reg_94__7_ 
   U_DUT/w2_mem_reg_36__7_ 
   U_DUT/w2_mem_reg_39__7_ 
   U_DUT/w2_mem_reg_44__7_ 
   U_DUT/w1_mem_reg_30__0_ 
   U_DUT/w1_mem_reg_30__1_ 
   U_DUT/w1_mem_reg_30__2_ 
   U_DUT/w1_mem_reg_30__3_ 
   U_DUT/w1_mem_reg_30__4_ 
   U_DUT/w1_mem_reg_30__5_ 
   U_DUT/w1_mem_reg_30__6_ 
   U_DUT/w1_mem_reg_30__7_ 
   U_DUT/w2_mem_reg_36__1_ 
   U_DUT/w2_mem_reg_36__3_ 
   U_DUT/w2_mem_reg_36__5_ 
   U_DUT/w2_mem_reg_39__1_ 
   U_DUT/w2_mem_reg_39__3_ 
   U_DUT/w2_mem_reg_39__5_ 
   U_DUT/w2_mem_reg_44__1_ 
   U_DUT/w2_mem_reg_44__3_ 
   U_DUT/w2_mem_reg_44__5_ 
   U_DUT/w2_mem_reg_6__5_ 
   U_DUT/w2_mem_reg_38__5_ 
   U_DUT/w2_mem_reg_70__5_ 
   U_DUT/w2_mem_reg_102__5_ 
   U_DUT/w2_mem_reg_134__5_ 
   U_DUT/w2_mem_reg_166__5_ 
   U_DUT/w2_mem_reg_14__1_ 
   U_DUT/w2_mem_reg_14__3_ 
   U_DUT/w2_mem_reg_14__5_ 
   U_DUT/w2_mem_reg_46__1_ 
   U_DUT/w2_mem_reg_46__3_ 
   U_DUT/w2_mem_reg_46__5_ 
   U_DUT/w2_mem_reg_78__1_ 
   U_DUT/w2_mem_reg_78__3_ 
   U_DUT/w2_mem_reg_78__5_ 
   U_DUT/w2_mem_reg_110__1_ 
   U_DUT/w2_mem_reg_110__3_ 
   U_DUT/w2_mem_reg_110__5_ 
   U_DUT/w2_mem_reg_142__1_ 
   U_DUT/w2_mem_reg_142__3_ 
   U_DUT/w2_mem_reg_142__5_ 
   U_DUT/w2_mem_reg_174__1_ 
   U_DUT/w2_mem_reg_174__3_ 
   U_DUT/w2_mem_reg_174__5_ 
   U_DUT/w2_mem_reg_6__1_ 
   U_DUT/w2_mem_reg_6__3_ 
   U_DUT/w2_mem_reg_38__1_ 
   U_DUT/w2_mem_reg_38__3_ 
   U_DUT/w2_mem_reg_70__1_ 
   U_DUT/w2_mem_reg_70__3_ 
   U_DUT/w2_mem_reg_102__1_ 
   U_DUT/w2_mem_reg_102__3_ 
   U_DUT/w2_mem_reg_134__1_ 
   U_DUT/w2_mem_reg_134__3_ 
   U_DUT/w2_mem_reg_166__1_ 
   U_DUT/w2_mem_reg_166__3_ 
   U_DUT/w2_mem_reg_14__7_ 
   U_DUT/w2_mem_reg_46__7_ 
   U_DUT/w2_mem_reg_78__7_ 
   U_DUT/w2_mem_reg_110__7_ 
   U_DUT/w2_mem_reg_142__7_ 
   U_DUT/w2_mem_reg_174__7_ 
   U_DUT/w2_mem_reg_6__7_ 
   U_DUT/w2_mem_reg_38__7_ 
   U_DUT/w2_mem_reg_70__7_ 
   U_DUT/w2_mem_reg_102__7_ 
   U_DUT/w2_mem_reg_134__7_ 
   U_DUT/w2_mem_reg_166__7_ 
   U_DUT/w3_mem_reg_2__7_ 
   U_DUT/w3_mem_reg_0__1_ 
   U_DUT/w3_mem_reg_0__3_ 
   U_DUT/w3_mem_reg_0__5_ 
   U_DUT/w3_mem_reg_5__1_ 
   U_DUT/w3_mem_reg_5__3_ 
   U_DUT/w3_mem_reg_5__5_ 
   U_DUT/w3_mem_reg_6__1_ 
   U_DUT/w3_mem_reg_6__3_ 
   U_DUT/w3_mem_reg_6__5_ 
   U_DUT/w2_mem_reg_37__7_ 
   U_DUT/w2_mem_reg_33__1_ 
   U_DUT/w2_mem_reg_33__3_ 
   U_DUT/w2_mem_reg_33__5_ 
   U_DUT/w2_mem_reg_41__1_ 
   U_DUT/w2_mem_reg_41__3_ 
   U_DUT/w2_mem_reg_41__5_ 
   U_DUT/w3_mem_reg_0__7_ 
   U_DUT/w3_mem_reg_5__7_ 
   U_DUT/w3_mem_reg_6__7_ 
   U_DUT/w3_mem_reg_3__1_ 
   U_DUT/w3_mem_reg_3__3_ 
   U_DUT/w3_mem_reg_3__5_ 
   U_DUT/w3_mem_reg_4__1_ 
   U_DUT/w3_mem_reg_4__3_ 
   U_DUT/w3_mem_reg_4__5_ 
   U_DUT/w1_mem_reg_61__1_ 
   U_DUT/w1_mem_reg_61__3_ 
   U_DUT/w1_mem_reg_61__5_ 
   U_DUT/w1_mem_reg_65__1_ 
   U_DUT/w1_mem_reg_65__3_ 
   U_DUT/w1_mem_reg_65__5_ 
   U_DUT/w2_mem_reg_230__2_ 
   U_DUT/w2_mem_reg_230__4_ 
   U_DUT/w2_mem_reg_230__6_ 
   U_DUT/b3_mem_reg_0__1_ 
   U_DUT/b3_mem_reg_0__3_ 
   U_DUT/b3_mem_reg_0__5_ 
   U_DUT/b3_mem_reg_0__7_ 
   U_DUT/w2_mem_reg_33__7_ 
   U_DUT/w2_mem_reg_41__7_ 
   U_DUT/w2_mem_reg_24__1_ 
   U_DUT/w2_mem_reg_24__3_ 
   U_DUT/w2_mem_reg_24__5_ 
   U_DUT/w2_mem_reg_31__1_ 
   U_DUT/w2_mem_reg_31__3_ 
   U_DUT/w2_mem_reg_31__5_ 
   U_DUT/w2_mem_reg_40__1_ 
   U_DUT/w2_mem_reg_40__3_ 
   U_DUT/w2_mem_reg_40__5_ 
   U_DUT/w3_mem_reg_3__7_ 
   U_DUT/w3_mem_reg_4__7_ 
   U_DUT/w2_mem_reg_206__2_ 
   U_DUT/w2_mem_reg_206__4_ 
   U_DUT/w2_mem_reg_206__6_ 
   U_DUT/w2_mem_reg_238__2_ 
   U_DUT/w2_mem_reg_238__4_ 
   U_DUT/w2_mem_reg_238__6_ 
   U_DUT/w2_mem_reg_30__0_ 
   U_DUT/w2_mem_reg_30__2_ 
   U_DUT/w2_mem_reg_30__4_ 
   U_DUT/w2_mem_reg_30__6_ 
   U_DUT/w2_mem_reg_62__0_ 
   U_DUT/w2_mem_reg_62__2_ 
   U_DUT/w2_mem_reg_62__4_ 
   U_DUT/w2_mem_reg_62__6_ 
   U_DUT/w2_mem_reg_158__0_ 
   U_DUT/w2_mem_reg_158__2_ 
   U_DUT/w2_mem_reg_158__4_ 
   U_DUT/w2_mem_reg_158__6_ 
   U_DUT/w2_mem_reg_198__2_ 
   U_DUT/w2_mem_reg_198__6_ 
   U_DUT/w2_mem_reg_190__0_ 
   U_DUT/w2_mem_reg_190__2_ 
   U_DUT/w2_mem_reg_190__4_ 
   U_DUT/w2_mem_reg_190__6_ 
   U_DUT/w2_mem_reg_150__0_ 
   U_DUT/w2_mem_reg_150__2_ 
   U_DUT/w2_mem_reg_150__4_ 
   U_DUT/w2_mem_reg_150__6_ 
   U_DUT/w2_mem_reg_182__0_ 
   U_DUT/w2_mem_reg_182__2_ 
   U_DUT/w2_mem_reg_182__4_ 
   U_DUT/w2_mem_reg_182__6_ 
   U_DUT/w2_mem_reg_246__0_ 
   U_DUT/w2_mem_reg_246__2_ 
   U_DUT/w2_mem_reg_246__4_ 
   U_DUT/w2_mem_reg_246__6_ 
   U_DUT/w2_mem_reg_22__0_ 
   U_DUT/w2_mem_reg_22__2_ 
   U_DUT/w2_mem_reg_22__4_ 
   U_DUT/w2_mem_reg_22__6_ 
   U_DUT/w2_mem_reg_54__0_ 
   U_DUT/w2_mem_reg_54__2_ 
   U_DUT/w2_mem_reg_54__4_ 
   U_DUT/w2_mem_reg_54__6_ 
   U_DUT/w1_mem_reg_61__7_ 
   U_DUT/w1_mem_reg_65__7_ 
   U_DUT/w2_mem_reg_198__4_ 
   U_DUT/w2_mem_reg_14__0_ 
   U_DUT/w2_mem_reg_14__2_ 
   U_DUT/w2_mem_reg_14__4_ 
   U_DUT/w2_mem_reg_14__6_ 
   U_DUT/w2_mem_reg_46__0_ 
   U_DUT/w2_mem_reg_46__2_ 
   U_DUT/w2_mem_reg_46__4_ 
   U_DUT/w2_mem_reg_46__6_ 
   U_DUT/w2_mem_reg_78__0_ 
   U_DUT/w2_mem_reg_78__2_ 
   U_DUT/w2_mem_reg_78__4_ 
   U_DUT/w2_mem_reg_78__6_ 
   U_DUT/w2_mem_reg_110__0_ 
   U_DUT/w2_mem_reg_110__2_ 
   U_DUT/w2_mem_reg_110__4_ 
   U_DUT/w2_mem_reg_110__6_ 
   U_DUT/w2_mem_reg_142__0_ 
   U_DUT/w2_mem_reg_142__2_ 
   U_DUT/w2_mem_reg_142__4_ 
   U_DUT/w2_mem_reg_142__6_ 
   U_DUT/w2_mem_reg_174__0_ 
   U_DUT/w2_mem_reg_174__2_ 
   U_DUT/w2_mem_reg_174__4_ 
   U_DUT/w2_mem_reg_174__6_ 
   U_DUT/w2_mem_reg_206__0_ 
   U_DUT/w2_mem_reg_238__0_ 
   U_DUT/w2_mem_reg_70__0_ 
   U_DUT/w2_mem_reg_70__2_ 
   U_DUT/w2_mem_reg_70__4_ 
   U_DUT/w2_mem_reg_70__6_ 
   U_DUT/w2_mem_reg_102__0_ 
   U_DUT/w2_mem_reg_102__2_ 
   U_DUT/w2_mem_reg_102__4_ 
   U_DUT/w2_mem_reg_102__6_ 
   U_DUT/w2_mem_reg_134__0_ 
   U_DUT/w2_mem_reg_134__2_ 
   U_DUT/w2_mem_reg_134__4_ 
   U_DUT/w2_mem_reg_134__6_ 
   U_DUT/w2_mem_reg_166__0_ 
   U_DUT/w2_mem_reg_166__2_ 
   U_DUT/w2_mem_reg_166__4_ 
   U_DUT/w2_mem_reg_166__6_ 
   U_DUT/w2_mem_reg_198__0_ 
   U_DUT/w2_mem_reg_6__0_ 
   U_DUT/w2_mem_reg_6__2_ 
   U_DUT/w2_mem_reg_6__4_ 
   U_DUT/w2_mem_reg_6__6_ 
   U_DUT/w2_mem_reg_254__0_ 
   U_DUT/w2_mem_reg_254__2_ 
   U_DUT/w2_mem_reg_254__4_ 
   U_DUT/w2_mem_reg_254__6_ 
   U_DUT/w2_mem_reg_24__7_ 
   U_DUT/w2_mem_reg_31__7_ 
   U_DUT/w2_mem_reg_40__7_ 
   U_DUT/w1_mem_reg_125__1_ 
   U_DUT/w1_mem_reg_125__3_ 
   U_DUT/w1_mem_reg_125__5_ 
   U_DUT/w1_mem_reg_129__1_ 
   U_DUT/w1_mem_reg_129__3_ 
   U_DUT/w1_mem_reg_129__5_ 
   U_DUT/w1_mem_reg_161__1_ 
   U_DUT/w1_mem_reg_161__3_ 
   U_DUT/w1_mem_reg_161__5_ 
   U_DUT/w3_mem_reg_7__1_ 
   U_DUT/w3_mem_reg_7__3_ 
   U_DUT/w3_mem_reg_7__5_ 
   U_DUT/w3_mem_reg_7__7_ 
   U_DUT/w2_mem_reg_16__1_ 
   U_DUT/w2_mem_reg_16__3_ 
   U_DUT/w2_mem_reg_16__5_ 
   U_DUT/w2_mem_reg_16__7_ 
   U_DUT/w2_mem_reg_17__1_ 
   U_DUT/w2_mem_reg_17__3_ 
   U_DUT/w2_mem_reg_17__5_ 
   U_DUT/w2_mem_reg_17__7_ 
   U_DUT/w2_mem_reg_20__1_ 
   U_DUT/w2_mem_reg_20__3_ 
   U_DUT/w2_mem_reg_20__5_ 
   U_DUT/w2_mem_reg_20__7_ 
   U_DUT/w2_mem_reg_21__1_ 
   U_DUT/w2_mem_reg_21__3_ 
   U_DUT/w2_mem_reg_21__5_ 
   U_DUT/w2_mem_reg_21__7_ 
   U_DUT/w2_mem_reg_23__1_ 
   U_DUT/w2_mem_reg_23__3_ 
   U_DUT/w2_mem_reg_23__5_ 
   U_DUT/w2_mem_reg_23__7_ 
   U_DUT/w2_mem_reg_25__1_ 
   U_DUT/w2_mem_reg_25__3_ 
   U_DUT/w2_mem_reg_25__5_ 
   U_DUT/w2_mem_reg_25__7_ 
   U_DUT/w2_mem_reg_28__1_ 
   U_DUT/w2_mem_reg_28__3_ 
   U_DUT/w2_mem_reg_28__5_ 
   U_DUT/w2_mem_reg_28__7_ 
   U_DUT/w2_mem_reg_29__1_ 
   U_DUT/w2_mem_reg_29__3_ 
   U_DUT/w2_mem_reg_29__5_ 
   U_DUT/w2_mem_reg_29__7_ 
   U_DUT/w3_mem_reg_1__1_ 
   U_DUT/w3_mem_reg_1__3_ 
   U_DUT/w3_mem_reg_1__5_ 
   U_DUT/w3_mem_reg_1__7_ 
   U_DUT/w1_mem_reg_125__7_ 
   U_DUT/w1_mem_reg_129__7_ 
   U_DUT/w1_mem_reg_253__7_ 
   U_DUT/w1_mem_reg_93__1_ 
   U_DUT/w1_mem_reg_93__3_ 
   U_DUT/w1_mem_reg_93__5_ 
   U_DUT/w1_mem_reg_93__7_ 
   U_DUT/w2_mem_reg_176__1_ 
   U_DUT/w2_mem_reg_176__3_ 
   U_DUT/w2_mem_reg_176__5_ 
   U_DUT/w2_mem_reg_176__7_ 
   U_DUT/w2_mem_reg_177__1_ 
   U_DUT/w2_mem_reg_177__3_ 
   U_DUT/w2_mem_reg_177__5_ 
   U_DUT/w2_mem_reg_177__7_ 
   U_DUT/w2_mem_reg_180__1_ 
   U_DUT/w2_mem_reg_180__3_ 
   U_DUT/w2_mem_reg_180__5_ 
   U_DUT/w2_mem_reg_180__7_ 
   U_DUT/w2_mem_reg_181__1_ 
   U_DUT/w2_mem_reg_181__3_ 
   U_DUT/w2_mem_reg_181__5_ 
   U_DUT/w2_mem_reg_181__7_ 
   U_DUT/w2_mem_reg_183__1_ 
   U_DUT/w2_mem_reg_183__3_ 
   U_DUT/w2_mem_reg_183__5_ 
   U_DUT/w2_mem_reg_183__7_ 
   U_DUT/w2_mem_reg_184__1_ 
   U_DUT/w2_mem_reg_184__3_ 
   U_DUT/w2_mem_reg_184__5_ 
   U_DUT/w2_mem_reg_184__7_ 
   U_DUT/w2_mem_reg_185__1_ 
   U_DUT/w2_mem_reg_185__3_ 
   U_DUT/w2_mem_reg_185__5_ 
   U_DUT/w2_mem_reg_185__7_ 
   U_DUT/w2_mem_reg_188__1_ 
   U_DUT/w2_mem_reg_188__3_ 
   U_DUT/w2_mem_reg_188__5_ 
   U_DUT/w2_mem_reg_188__7_ 
   U_DUT/w2_mem_reg_189__1_ 
   U_DUT/w2_mem_reg_189__3_ 
   U_DUT/w2_mem_reg_189__5_ 
   U_DUT/w2_mem_reg_189__7_ 
   U_DUT/w2_mem_reg_191__1_ 
   U_DUT/w2_mem_reg_191__3_ 
   U_DUT/w2_mem_reg_191__5_ 
   U_DUT/w2_mem_reg_191__7_ 
   U_DUT/w2_mem_reg_48__1_ 
   U_DUT/w2_mem_reg_48__3_ 
   U_DUT/w2_mem_reg_48__5_ 
   U_DUT/w2_mem_reg_48__7_ 
   U_DUT/w2_mem_reg_49__1_ 
   U_DUT/w2_mem_reg_49__3_ 
   U_DUT/w2_mem_reg_49__5_ 
   U_DUT/w2_mem_reg_49__7_ 
   U_DUT/w2_mem_reg_52__1_ 
   U_DUT/w2_mem_reg_52__3_ 
   U_DUT/w2_mem_reg_52__5_ 
   U_DUT/w2_mem_reg_52__7_ 
   U_DUT/w2_mem_reg_53__1_ 
   U_DUT/w2_mem_reg_53__3_ 
   U_DUT/w2_mem_reg_53__5_ 
   U_DUT/w2_mem_reg_53__7_ 
   U_DUT/w2_mem_reg_55__1_ 
   U_DUT/w2_mem_reg_55__3_ 
   U_DUT/w2_mem_reg_55__5_ 
   U_DUT/w2_mem_reg_55__7_ 
   U_DUT/w2_mem_reg_56__1_ 
   U_DUT/w2_mem_reg_56__3_ 
   U_DUT/w2_mem_reg_56__5_ 
   U_DUT/w2_mem_reg_56__7_ 
   U_DUT/w2_mem_reg_57__1_ 
   U_DUT/w2_mem_reg_57__3_ 
   U_DUT/w2_mem_reg_57__5_ 
   U_DUT/w2_mem_reg_57__7_ 
   U_DUT/w2_mem_reg_60__1_ 
   U_DUT/w2_mem_reg_60__3_ 
   U_DUT/w2_mem_reg_60__5_ 
   U_DUT/w2_mem_reg_60__7_ 
   U_DUT/w2_mem_reg_61__1_ 
   U_DUT/w2_mem_reg_61__3_ 
   U_DUT/w2_mem_reg_61__5_ 
   U_DUT/w2_mem_reg_61__7_ 
   U_DUT/w2_mem_reg_63__1_ 
   U_DUT/w2_mem_reg_63__3_ 
   U_DUT/w2_mem_reg_63__5_ 
   U_DUT/w2_mem_reg_63__7_ 
   U_DUT/w2_mem_reg_144__1_ 
   U_DUT/w2_mem_reg_144__3_ 
   U_DUT/w2_mem_reg_144__5_ 
   U_DUT/w2_mem_reg_144__7_ 
   U_DUT/w2_mem_reg_145__1_ 
   U_DUT/w2_mem_reg_145__3_ 
   U_DUT/w2_mem_reg_145__5_ 
   U_DUT/w2_mem_reg_145__7_ 
   U_DUT/w2_mem_reg_148__1_ 
   U_DUT/w2_mem_reg_148__3_ 
   U_DUT/w2_mem_reg_148__5_ 
   U_DUT/w2_mem_reg_148__7_ 
   U_DUT/w2_mem_reg_149__1_ 
   U_DUT/w2_mem_reg_149__3_ 
   U_DUT/w2_mem_reg_149__5_ 
   U_DUT/w2_mem_reg_149__7_ 
   U_DUT/w2_mem_reg_151__1_ 
   U_DUT/w2_mem_reg_151__3_ 
   U_DUT/w2_mem_reg_151__5_ 
   U_DUT/w2_mem_reg_151__7_ 
   U_DUT/w2_mem_reg_152__1_ 
   U_DUT/w2_mem_reg_152__3_ 
   U_DUT/w2_mem_reg_152__5_ 
   U_DUT/w2_mem_reg_152__7_ 
   U_DUT/w2_mem_reg_153__1_ 
   U_DUT/w2_mem_reg_153__3_ 
   U_DUT/w2_mem_reg_153__5_ 
   U_DUT/w2_mem_reg_153__7_ 
   U_DUT/w2_mem_reg_156__1_ 
   U_DUT/w2_mem_reg_156__3_ 
   U_DUT/w2_mem_reg_156__5_ 
   U_DUT/w2_mem_reg_156__7_ 
   U_DUT/w2_mem_reg_157__1_ 
   U_DUT/w2_mem_reg_157__3_ 
   U_DUT/w2_mem_reg_157__5_ 
   U_DUT/w2_mem_reg_157__7_ 
   U_DUT/w2_mem_reg_159__1_ 
   U_DUT/w2_mem_reg_159__3_ 
   U_DUT/w2_mem_reg_159__5_ 
   U_DUT/w2_mem_reg_159__7_ 
   U_DUT/w2_mem_reg_16__0_ 
   U_DUT/w2_mem_reg_16__2_ 
   U_DUT/w2_mem_reg_16__4_ 
   U_DUT/w2_mem_reg_16__6_ 
   U_DUT/w2_mem_reg_17__0_ 
   U_DUT/w2_mem_reg_17__2_ 
   U_DUT/w2_mem_reg_17__4_ 
   U_DUT/w2_mem_reg_17__6_ 
   U_DUT/w2_mem_reg_23__0_ 
   U_DUT/w2_mem_reg_23__2_ 
   U_DUT/w2_mem_reg_23__4_ 
   U_DUT/w2_mem_reg_23__6_ 
   U_DUT/w2_mem_reg_25__0_ 
   U_DUT/w2_mem_reg_25__2_ 
   U_DUT/w2_mem_reg_25__4_ 
   U_DUT/w2_mem_reg_25__6_ 
   U_DUT/w2_mem_reg_28__0_ 
   U_DUT/w2_mem_reg_28__2_ 
   U_DUT/w2_mem_reg_28__4_ 
   U_DUT/w2_mem_reg_28__6_ 
   U_DUT/w2_mem_reg_20__0_ 
   U_DUT/w2_mem_reg_20__2_ 
   U_DUT/w2_mem_reg_20__4_ 
   U_DUT/w2_mem_reg_20__6_ 
   U_DUT/w2_mem_reg_21__0_ 
   U_DUT/w2_mem_reg_21__2_ 
   U_DUT/w2_mem_reg_21__4_ 
   U_DUT/w2_mem_reg_21__6_ 
   U_DUT/w1_mem_reg_229__0_ 
   U_DUT/w1_mem_reg_229__2_ 
   U_DUT/w1_mem_reg_229__4_ 
   U_DUT/w1_mem_reg_229__6_ 
   U_DUT/w1_mem_reg_229__1_ 
   U_DUT/w1_mem_reg_229__3_ 
   U_DUT/w1_mem_reg_229__5_ 
   U_DUT/w1_mem_reg_229__7_ 
   U_DUT/w2_mem_reg_229__1_ 
   U_DUT/w2_mem_reg_229__3_ 
   U_DUT/w2_mem_reg_229__5_ 
   U_DUT/w2_mem_reg_229__7_ 
   U_DUT/w1_mem_reg_5__0_ 
   U_DUT/w1_mem_reg_5__1_ 
   U_DUT/w1_mem_reg_5__2_ 
   U_DUT/w1_mem_reg_5__3_ 
   U_DUT/w1_mem_reg_5__4_ 
   U_DUT/w1_mem_reg_5__5_ 
   U_DUT/w1_mem_reg_5__6_ 
   U_DUT/w1_mem_reg_5__7_ 
   U_DUT/w2_mem_reg_252__1_ 
   U_DUT/w2_mem_reg_252__3_ 
   U_DUT/w2_mem_reg_252__5_ 
   U_DUT/w2_mem_reg_252__7_ 
   U_DUT/w2_mem_reg_253__1_ 
   U_DUT/w2_mem_reg_253__3_ 
   U_DUT/w2_mem_reg_253__5_ 
   U_DUT/w2_mem_reg_253__7_ 
   U_DUT/w2_mem_reg_244__1_ 
   U_DUT/w2_mem_reg_244__3_ 
   U_DUT/w2_mem_reg_244__5_ 
   U_DUT/w2_mem_reg_244__7_ 
   U_DUT/w2_mem_reg_245__1_ 
   U_DUT/w2_mem_reg_245__3_ 
   U_DUT/w2_mem_reg_245__5_ 
   U_DUT/w2_mem_reg_245__7_ 
   U_DUT/w1_mem_reg_253__0_ 
   U_DUT/w1_mem_reg_253__1_ 
   U_DUT/w1_mem_reg_253__2_ 
   U_DUT/w1_mem_reg_253__3_ 
   U_DUT/w1_mem_reg_253__4_ 
   U_DUT/w1_mem_reg_253__5_ 
   U_DUT/w1_mem_reg_253__6_ 
   U_DUT/w2_mem_reg_176__0_ 
   U_DUT/w2_mem_reg_176__2_ 
   U_DUT/w2_mem_reg_176__4_ 
   U_DUT/w2_mem_reg_176__6_ 
   U_DUT/w2_mem_reg_177__0_ 
   U_DUT/w2_mem_reg_177__2_ 
   U_DUT/w2_mem_reg_177__4_ 
   U_DUT/w2_mem_reg_177__6_ 
   U_DUT/w2_mem_reg_180__0_ 
   U_DUT/w2_mem_reg_180__2_ 
   U_DUT/w2_mem_reg_180__4_ 
   U_DUT/w2_mem_reg_180__6_ 
   U_DUT/w2_mem_reg_183__0_ 
   U_DUT/w2_mem_reg_183__2_ 
   U_DUT/w2_mem_reg_183__4_ 
   U_DUT/w2_mem_reg_183__6_ 
   U_DUT/w2_mem_reg_185__0_ 
   U_DUT/w2_mem_reg_185__2_ 
   U_DUT/w2_mem_reg_185__4_ 
   U_DUT/w2_mem_reg_185__6_ 
   U_DUT/w2_mem_reg_188__0_ 
   U_DUT/w2_mem_reg_188__2_ 
   U_DUT/w2_mem_reg_188__4_ 
   U_DUT/w2_mem_reg_188__6_ 
   U_DUT/w2_mem_reg_189__0_ 
   U_DUT/w2_mem_reg_189__2_ 
   U_DUT/w2_mem_reg_189__4_ 
   U_DUT/w2_mem_reg_189__6_ 
   U_DUT/w2_mem_reg_191__0_ 
   U_DUT/w2_mem_reg_191__2_ 
   U_DUT/w2_mem_reg_191__4_ 
   U_DUT/w2_mem_reg_191__6_ 
   U_DUT/w2_mem_reg_181__0_ 
   U_DUT/w2_mem_reg_181__2_ 
   U_DUT/w2_mem_reg_181__4_ 
   U_DUT/w2_mem_reg_181__6_ 
   U_DUT/w2_mem_reg_184__0_ 
   U_DUT/w2_mem_reg_184__2_ 
   U_DUT/w2_mem_reg_184__4_ 
   U_DUT/w2_mem_reg_184__6_ 
   U_DUT/w1_mem_reg_189__0_ 
   U_DUT/w1_mem_reg_189__1_ 
   U_DUT/w1_mem_reg_189__2_ 
   U_DUT/w1_mem_reg_189__3_ 
   U_DUT/w1_mem_reg_189__4_ 
   U_DUT/w1_mem_reg_189__5_ 
   U_DUT/w1_mem_reg_189__6_ 
   U_DUT/w1_mem_reg_221__0_ 
   U_DUT/w1_mem_reg_221__2_ 
   U_DUT/w1_mem_reg_221__4_ 
   U_DUT/w1_mem_reg_221__6_ 
   U_DUT/w1_mem_reg_29__0_ 
   U_DUT/w1_mem_reg_29__1_ 
   U_DUT/w1_mem_reg_29__2_ 
   U_DUT/w1_mem_reg_29__3_ 
   U_DUT/w1_mem_reg_29__4_ 
   U_DUT/w1_mem_reg_29__5_ 
   U_DUT/w1_mem_reg_29__6_ 
   U_DUT/w1_mem_reg_29__7_ 
   U_DUT/w1_mem_reg_189__7_ 
   U_DUT/w1_mem_reg_221__1_ 
   U_DUT/w1_mem_reg_221__3_ 
   U_DUT/w1_mem_reg_221__5_ 
   U_DUT/w1_mem_reg_221__7_ 
   U_DUT/w2_mem_reg_57__0_ 
   U_DUT/w2_mem_reg_57__2_ 
   U_DUT/w2_mem_reg_57__4_ 
   U_DUT/w2_mem_reg_57__6_ 
   U_DUT/w2_mem_reg_60__0_ 
   U_DUT/w2_mem_reg_60__2_ 
   U_DUT/w2_mem_reg_60__4_ 
   U_DUT/w2_mem_reg_60__6_ 
   U_DUT/w2_mem_reg_61__0_ 
   U_DUT/w2_mem_reg_61__2_ 
   U_DUT/w2_mem_reg_61__4_ 
   U_DUT/w2_mem_reg_61__6_ 
   U_DUT/w2_mem_reg_63__0_ 
   U_DUT/w2_mem_reg_63__2_ 
   U_DUT/w2_mem_reg_63__4_ 
   U_DUT/w2_mem_reg_63__6_ 
   U_DUT/w2_mem_reg_48__0_ 
   U_DUT/w2_mem_reg_48__2_ 
   U_DUT/w2_mem_reg_48__4_ 
   U_DUT/w2_mem_reg_48__6_ 
   U_DUT/w2_mem_reg_49__0_ 
   U_DUT/w2_mem_reg_49__2_ 
   U_DUT/w2_mem_reg_49__4_ 
   U_DUT/w2_mem_reg_49__6_ 
   U_DUT/w2_mem_reg_52__0_ 
   U_DUT/w2_mem_reg_52__2_ 
   U_DUT/w2_mem_reg_52__4_ 
   U_DUT/w2_mem_reg_52__6_ 
   U_DUT/w2_mem_reg_53__0_ 
   U_DUT/w2_mem_reg_53__2_ 
   U_DUT/w2_mem_reg_53__4_ 
   U_DUT/w2_mem_reg_53__6_ 
   U_DUT/w2_mem_reg_55__0_ 
   U_DUT/w2_mem_reg_55__2_ 
   U_DUT/w2_mem_reg_55__4_ 
   U_DUT/w2_mem_reg_55__6_ 
   U_DUT/w2_mem_reg_56__0_ 
   U_DUT/w2_mem_reg_56__2_ 
   U_DUT/w2_mem_reg_56__4_ 
   U_DUT/w2_mem_reg_56__6_ 
   U_DUT/w2_mem_reg_12__1_ 
   U_DUT/w2_mem_reg_12__3_ 
   U_DUT/w2_mem_reg_12__5_ 
   U_DUT/w2_mem_reg_13__1_ 
   U_DUT/w2_mem_reg_13__3_ 
   U_DUT/w2_mem_reg_13__5_ 
   U_DUT/w2_mem_reg_45__1_ 
   U_DUT/w2_mem_reg_45__3_ 
   U_DUT/w2_mem_reg_45__5_ 
   U_DUT/w2_mem_reg_76__1_ 
   U_DUT/w2_mem_reg_76__3_ 
   U_DUT/w2_mem_reg_76__5_ 
   U_DUT/w2_mem_reg_77__1_ 
   U_DUT/w2_mem_reg_77__3_ 
   U_DUT/w2_mem_reg_77__5_ 
   U_DUT/w2_mem_reg_108__1_ 
   U_DUT/w2_mem_reg_108__3_ 
   U_DUT/w2_mem_reg_108__5_ 
   U_DUT/w2_mem_reg_109__1_ 
   U_DUT/w2_mem_reg_109__3_ 
   U_DUT/w2_mem_reg_109__5_ 
   U_DUT/w2_mem_reg_140__1_ 
   U_DUT/w2_mem_reg_140__3_ 
   U_DUT/w2_mem_reg_140__5_ 
   U_DUT/w2_mem_reg_141__1_ 
   U_DUT/w2_mem_reg_141__3_ 
   U_DUT/w2_mem_reg_141__5_ 
   U_DUT/w2_mem_reg_172__1_ 
   U_DUT/w2_mem_reg_172__3_ 
   U_DUT/w2_mem_reg_172__5_ 
   U_DUT/w2_mem_reg_173__1_ 
   U_DUT/w2_mem_reg_173__3_ 
   U_DUT/w2_mem_reg_173__5_ 
   U_DUT/w2_mem_reg_100__1_ 
   U_DUT/w2_mem_reg_4__1_ 
   U_DUT/w2_mem_reg_4__3_ 
   U_DUT/w2_mem_reg_4__5_ 
   U_DUT/w2_mem_reg_5__1_ 
   U_DUT/w2_mem_reg_5__3_ 
   U_DUT/w2_mem_reg_5__5_ 
   U_DUT/w2_mem_reg_68__1_ 
   U_DUT/w2_mem_reg_68__3_ 
   U_DUT/w2_mem_reg_68__5_ 
   U_DUT/w2_mem_reg_69__1_ 
   U_DUT/w2_mem_reg_69__3_ 
   U_DUT/w2_mem_reg_69__5_ 
   U_DUT/w2_mem_reg_100__3_ 
   U_DUT/w2_mem_reg_100__5_ 
   U_DUT/w2_mem_reg_101__1_ 
   U_DUT/w2_mem_reg_101__3_ 
   U_DUT/w2_mem_reg_101__5_ 
   U_DUT/w2_mem_reg_132__1_ 
   U_DUT/w2_mem_reg_132__3_ 
   U_DUT/w2_mem_reg_132__5_ 
   U_DUT/w2_mem_reg_133__1_ 
   U_DUT/w2_mem_reg_133__3_ 
   U_DUT/w2_mem_reg_133__5_ 
   U_DUT/w2_mem_reg_164__1_ 
   U_DUT/w2_mem_reg_164__3_ 
   U_DUT/w2_mem_reg_164__5_ 
   U_DUT/w2_mem_reg_165__1_ 
   U_DUT/w2_mem_reg_165__3_ 
   U_DUT/w2_mem_reg_165__5_ 
   U_DUT/w2_mem_reg_12__7_ 
   U_DUT/w2_mem_reg_13__7_ 
   U_DUT/w2_mem_reg_45__7_ 
   U_DUT/w2_mem_reg_76__7_ 
   U_DUT/w2_mem_reg_77__7_ 
   U_DUT/w2_mem_reg_108__7_ 
   U_DUT/w2_mem_reg_109__7_ 
   U_DUT/w2_mem_reg_140__7_ 
   U_DUT/w2_mem_reg_141__7_ 
   U_DUT/w2_mem_reg_172__7_ 
   U_DUT/w2_mem_reg_173__7_ 
   U_DUT/w2_mem_reg_4__7_ 
   U_DUT/w2_mem_reg_5__7_ 
   U_DUT/w2_mem_reg_68__7_ 
   U_DUT/w2_mem_reg_69__7_ 
   U_DUT/w2_mem_reg_100__7_ 
   U_DUT/w2_mem_reg_101__7_ 
   U_DUT/w2_mem_reg_132__7_ 
   U_DUT/w2_mem_reg_133__7_ 
   U_DUT/w2_mem_reg_164__7_ 
   U_DUT/w2_mem_reg_165__7_ 
   U_DUT/w2_mem_reg_144__0_ 
   U_DUT/w2_mem_reg_144__2_ 
   U_DUT/w2_mem_reg_144__4_ 
   U_DUT/w2_mem_reg_144__6_ 
   U_DUT/w2_mem_reg_145__0_ 
   U_DUT/w2_mem_reg_145__2_ 
   U_DUT/w2_mem_reg_145__4_ 
   U_DUT/w2_mem_reg_145__6_ 
   U_DUT/w2_mem_reg_148__0_ 
   U_DUT/w2_mem_reg_148__2_ 
   U_DUT/w2_mem_reg_148__4_ 
   U_DUT/w2_mem_reg_148__6_ 
   U_DUT/w2_mem_reg_149__0_ 
   U_DUT/w2_mem_reg_149__2_ 
   U_DUT/w2_mem_reg_149__4_ 
   U_DUT/w2_mem_reg_149__6_ 
   U_DUT/w2_mem_reg_151__0_ 
   U_DUT/w2_mem_reg_151__2_ 
   U_DUT/w2_mem_reg_151__4_ 
   U_DUT/w2_mem_reg_151__6_ 
   U_DUT/w2_mem_reg_152__0_ 
   U_DUT/w2_mem_reg_152__2_ 
   U_DUT/w2_mem_reg_152__4_ 
   U_DUT/w2_mem_reg_152__6_ 
   U_DUT/w2_mem_reg_153__0_ 
   U_DUT/w2_mem_reg_153__2_ 
   U_DUT/w2_mem_reg_153__4_ 
   U_DUT/w2_mem_reg_153__6_ 
   U_DUT/w2_mem_reg_156__0_ 
   U_DUT/w2_mem_reg_156__2_ 
   U_DUT/w2_mem_reg_156__4_ 
   U_DUT/w2_mem_reg_156__6_ 
   U_DUT/w2_mem_reg_157__0_ 
   U_DUT/w2_mem_reg_157__2_ 
   U_DUT/w2_mem_reg_157__4_ 
   U_DUT/w2_mem_reg_157__6_ 
   U_DUT/w2_mem_reg_159__0_ 
   U_DUT/w2_mem_reg_159__2_ 
   U_DUT/w2_mem_reg_159__4_ 
   U_DUT/w2_mem_reg_159__6_ 
   U_DUT/w2_mem_reg_240__1_ 
   U_DUT/w2_mem_reg_240__3_ 
   U_DUT/w2_mem_reg_240__5_ 
   U_DUT/w2_mem_reg_240__7_ 
   U_DUT/w2_mem_reg_241__1_ 
   U_DUT/w2_mem_reg_241__3_ 
   U_DUT/w2_mem_reg_241__5_ 
   U_DUT/w2_mem_reg_241__7_ 
   U_DUT/w2_mem_reg_247__1_ 
   U_DUT/w2_mem_reg_247__3_ 
   U_DUT/w2_mem_reg_247__5_ 
   U_DUT/w2_mem_reg_247__7_ 
   U_DUT/w2_mem_reg_248__1_ 
   U_DUT/w2_mem_reg_248__3_ 
   U_DUT/w2_mem_reg_248__5_ 
   U_DUT/w2_mem_reg_248__7_ 
   U_DUT/w2_mem_reg_249__1_ 
   U_DUT/w2_mem_reg_249__3_ 
   U_DUT/w2_mem_reg_249__5_ 
   U_DUT/w2_mem_reg_249__7_ 
   U_DUT/w2_mem_reg_255__1_ 
   U_DUT/w2_mem_reg_255__3_ 
   U_DUT/w2_mem_reg_255__5_ 
   U_DUT/w2_mem_reg_255__7_ 
   U_DUT/w2_mem_reg_229__2_ 
   U_DUT/w2_mem_reg_229__4_ 
   U_DUT/w2_mem_reg_229__6_ 
   U_DUT/w2_mem_reg_204__2_ 
   U_DUT/w2_mem_reg_204__4_ 
   U_DUT/w2_mem_reg_204__6_ 
   U_DUT/w2_mem_reg_205__2_ 
   U_DUT/w2_mem_reg_205__4_ 
   U_DUT/w2_mem_reg_205__6_ 
   U_DUT/w2_mem_reg_236__2_ 
   U_DUT/w2_mem_reg_236__4_ 
   U_DUT/w2_mem_reg_236__6_ 
   U_DUT/w2_mem_reg_237__2_ 
   U_DUT/w2_mem_reg_237__4_ 
   U_DUT/w2_mem_reg_237__6_ 
   U_DUT/w2_mem_reg_252__0_ 
   U_DUT/w2_mem_reg_252__2_ 
   U_DUT/w2_mem_reg_252__4_ 
   U_DUT/w2_mem_reg_252__6_ 
   U_DUT/w2_mem_reg_196__2_ 
   U_DUT/w2_mem_reg_196__4_ 
   U_DUT/w2_mem_reg_196__6_ 
   U_DUT/w2_mem_reg_197__2_ 
   U_DUT/w2_mem_reg_197__4_ 
   U_DUT/w2_mem_reg_197__6_ 
   U_DUT/w2_mem_reg_228__2_ 
   U_DUT/w2_mem_reg_228__4_ 
   U_DUT/w2_mem_reg_228__6_ 
   U_DUT/w2_mem_reg_244__0_ 
   U_DUT/w2_mem_reg_244__2_ 
   U_DUT/w2_mem_reg_244__4_ 
   U_DUT/w2_mem_reg_244__6_ 
   U_DUT/w2_mem_reg_245__0_ 
   U_DUT/w2_mem_reg_245__2_ 
   U_DUT/w2_mem_reg_245__4_ 
   U_DUT/w2_mem_reg_245__6_ 
   U_DUT/w2_mem_reg_12__0_ 
   U_DUT/w2_mem_reg_12__2_ 
   U_DUT/w2_mem_reg_12__4_ 
   U_DUT/w2_mem_reg_12__6_ 
   U_DUT/w2_mem_reg_13__0_ 
   U_DUT/w2_mem_reg_13__2_ 
   U_DUT/w2_mem_reg_13__4_ 
   U_DUT/w2_mem_reg_13__6_ 
   U_DUT/w2_mem_reg_76__0_ 
   U_DUT/w2_mem_reg_76__2_ 
   U_DUT/w2_mem_reg_76__4_ 
   U_DUT/w2_mem_reg_76__6_ 
   U_DUT/w2_mem_reg_77__0_ 
   U_DUT/w2_mem_reg_77__2_ 
   U_DUT/w2_mem_reg_77__4_ 
   U_DUT/w2_mem_reg_77__6_ 
   U_DUT/w2_mem_reg_108__0_ 
   U_DUT/w2_mem_reg_108__2_ 
   U_DUT/w2_mem_reg_108__4_ 
   U_DUT/w2_mem_reg_108__6_ 
   U_DUT/w2_mem_reg_109__0_ 
   U_DUT/w2_mem_reg_109__2_ 
   U_DUT/w2_mem_reg_109__4_ 
   U_DUT/w2_mem_reg_109__6_ 
   U_DUT/w2_mem_reg_140__0_ 
   U_DUT/w2_mem_reg_140__2_ 
   U_DUT/w2_mem_reg_140__4_ 
   U_DUT/w2_mem_reg_140__6_ 
   U_DUT/w2_mem_reg_141__0_ 
   U_DUT/w2_mem_reg_141__2_ 
   U_DUT/w2_mem_reg_141__4_ 
   U_DUT/w2_mem_reg_141__6_ 
   U_DUT/w2_mem_reg_172__0_ 
   U_DUT/w2_mem_reg_172__2_ 
   U_DUT/w2_mem_reg_172__4_ 
   U_DUT/w2_mem_reg_172__6_ 
   U_DUT/w2_mem_reg_173__0_ 
   U_DUT/w2_mem_reg_173__2_ 
   U_DUT/w2_mem_reg_173__4_ 
   U_DUT/w2_mem_reg_173__6_ 
   U_DUT/w2_mem_reg_204__0_ 
   U_DUT/w2_mem_reg_205__0_ 
   U_DUT/w2_mem_reg_237__0_ 
   U_DUT/w2_mem_reg_45__0_ 
   U_DUT/w2_mem_reg_45__2_ 
   U_DUT/w2_mem_reg_45__4_ 
   U_DUT/w2_mem_reg_45__6_ 
   U_DUT/w2_mem_reg_236__0_ 
   U_DUT/w2_mem_reg_68__0_ 
   U_DUT/w2_mem_reg_68__2_ 
   U_DUT/w2_mem_reg_68__4_ 
   U_DUT/w2_mem_reg_68__6_ 
   U_DUT/w2_mem_reg_69__0_ 
   U_DUT/w2_mem_reg_69__2_ 
   U_DUT/w2_mem_reg_69__4_ 
   U_DUT/w2_mem_reg_69__6_ 
   U_DUT/w2_mem_reg_100__0_ 
   U_DUT/w2_mem_reg_100__2_ 
   U_DUT/w2_mem_reg_100__4_ 
   U_DUT/w2_mem_reg_100__6_ 
   U_DUT/w2_mem_reg_101__0_ 
   U_DUT/w2_mem_reg_101__2_ 
   U_DUT/w2_mem_reg_101__4_ 
   U_DUT/w2_mem_reg_101__6_ 
   U_DUT/w2_mem_reg_132__0_ 
   U_DUT/w2_mem_reg_132__2_ 
   U_DUT/w2_mem_reg_132__4_ 
   U_DUT/w2_mem_reg_132__6_ 
   U_DUT/w2_mem_reg_133__0_ 
   U_DUT/w2_mem_reg_133__2_ 
   U_DUT/w2_mem_reg_133__4_ 
   U_DUT/w2_mem_reg_133__6_ 
   U_DUT/w2_mem_reg_164__0_ 
   U_DUT/w2_mem_reg_164__2_ 
   U_DUT/w2_mem_reg_164__4_ 
   U_DUT/w2_mem_reg_164__6_ 
   U_DUT/w2_mem_reg_165__0_ 
   U_DUT/w2_mem_reg_165__2_ 
   U_DUT/w2_mem_reg_165__4_ 
   U_DUT/w2_mem_reg_165__6_ 
   U_DUT/w2_mem_reg_196__0_ 
   U_DUT/w2_mem_reg_197__0_ 
   U_DUT/w2_mem_reg_228__0_ 
   U_DUT/w2_mem_reg_4__0_ 
   U_DUT/w2_mem_reg_4__2_ 
   U_DUT/w2_mem_reg_4__4_ 
   U_DUT/w2_mem_reg_4__6_ 
   U_DUT/w2_mem_reg_5__0_ 
   U_DUT/w2_mem_reg_5__2_ 
   U_DUT/w2_mem_reg_5__4_ 
   U_DUT/w2_mem_reg_5__6_ 
   U_DUT/w2_mem_reg_253__0_ 
   U_DUT/w2_mem_reg_253__2_ 
   U_DUT/w2_mem_reg_253__4_ 
   U_DUT/w2_mem_reg_253__6_ 
   U_DUT/w2_mem_reg_240__0_ 
   U_DUT/w2_mem_reg_240__2_ 
   U_DUT/w2_mem_reg_240__4_ 
   U_DUT/w2_mem_reg_240__6_ 
   U_DUT/w2_mem_reg_241__0_ 
   U_DUT/w2_mem_reg_241__2_ 
   U_DUT/w2_mem_reg_241__4_ 
   U_DUT/w2_mem_reg_241__6_ 
   U_DUT/w2_mem_reg_247__0_ 
   U_DUT/w2_mem_reg_247__2_ 
   U_DUT/w2_mem_reg_247__4_ 
   U_DUT/w2_mem_reg_247__6_ 
   U_DUT/w2_mem_reg_248__0_ 
   U_DUT/w2_mem_reg_248__2_ 
   U_DUT/w2_mem_reg_248__4_ 
   U_DUT/w2_mem_reg_248__6_ 
   U_DUT/w2_mem_reg_249__0_ 
   U_DUT/w2_mem_reg_249__2_ 
   U_DUT/w2_mem_reg_249__4_ 
   U_DUT/w2_mem_reg_249__6_ 
   U_DUT/w2_mem_reg_255__0_ 
   U_DUT/w2_mem_reg_255__2_ 
   U_DUT/w2_mem_reg_255__4_ 
   U_DUT/w2_mem_reg_255__6_ 
   U_DUT/w2_mem_reg_231__1_ 
   U_DUT/w2_mem_reg_231__3_ 
   U_DUT/w2_mem_reg_231__5_ 
   U_DUT/w2_mem_reg_231__7_ 
   U_DUT/w2_mem_reg_15__1_ 
   U_DUT/w2_mem_reg_15__3_ 
   U_DUT/w2_mem_reg_15__5_ 
   U_DUT/w2_mem_reg_47__1_ 
   U_DUT/w2_mem_reg_47__3_ 
   U_DUT/w2_mem_reg_47__5_ 
   U_DUT/w2_mem_reg_79__1_ 
   U_DUT/w2_mem_reg_79__3_ 
   U_DUT/w2_mem_reg_79__5_ 
   U_DUT/w2_mem_reg_111__1_ 
   U_DUT/w2_mem_reg_111__3_ 
   U_DUT/w2_mem_reg_111__5_ 
   U_DUT/w2_mem_reg_143__1_ 
   U_DUT/w2_mem_reg_143__3_ 
   U_DUT/w2_mem_reg_143__5_ 
   U_DUT/w2_mem_reg_175__1_ 
   U_DUT/w2_mem_reg_175__3_ 
   U_DUT/w2_mem_reg_175__5_ 
   U_DUT/w2_mem_reg_7__1_ 
   U_DUT/w2_mem_reg_7__3_ 
   U_DUT/w2_mem_reg_7__5_ 
   U_DUT/w2_mem_reg_71__1_ 
   U_DUT/w2_mem_reg_71__3_ 
   U_DUT/w2_mem_reg_71__5_ 
   U_DUT/w2_mem_reg_103__1_ 
   U_DUT/w2_mem_reg_103__3_ 
   U_DUT/w2_mem_reg_103__5_ 
   U_DUT/w2_mem_reg_135__1_ 
   U_DUT/w2_mem_reg_135__3_ 
   U_DUT/w2_mem_reg_135__5_ 
   U_DUT/w2_mem_reg_167__1_ 
   U_DUT/w2_mem_reg_167__3_ 
   U_DUT/w2_mem_reg_167__5_ 
   U_DUT/w2_mem_reg_15__7_ 
   U_DUT/w2_mem_reg_47__7_ 
   U_DUT/w2_mem_reg_79__7_ 
   U_DUT/w2_mem_reg_111__7_ 
   U_DUT/w2_mem_reg_143__7_ 
   U_DUT/w2_mem_reg_175__7_ 
   U_DUT/w2_mem_reg_7__7_ 
   U_DUT/w2_mem_reg_71__7_ 
   U_DUT/w2_mem_reg_103__7_ 
   U_DUT/w2_mem_reg_135__7_ 
   U_DUT/w2_mem_reg_167__7_ 
   U_DUT/w1_mem_reg_33__0_ 
   U_DUT/w1_mem_reg_33__2_ 
   U_DUT/w1_mem_reg_33__4_ 
   U_DUT/w1_mem_reg_33__6_ 
   U_DUT/w1_mem_reg_193__0_ 
   U_DUT/w1_mem_reg_193__1_ 
   U_DUT/w1_mem_reg_193__2_ 
   U_DUT/w1_mem_reg_193__3_ 
   U_DUT/w1_mem_reg_193__4_ 
   U_DUT/w1_mem_reg_193__5_ 
   U_DUT/w1_mem_reg_193__6_ 
   U_DUT/w1_mem_reg_225__0_ 
   U_DUT/w1_mem_reg_225__2_ 
   U_DUT/w1_mem_reg_225__4_ 
   U_DUT/w1_mem_reg_225__6_ 
   U_DUT/w1_mem_reg_225__1_ 
   U_DUT/w1_mem_reg_225__3_ 
   U_DUT/w1_mem_reg_225__5_ 
   U_DUT/w1_mem_reg_225__7_ 
   U_DUT/w1_mem_reg_33__7_ 
   U_DUT/w1_mem_reg_97__0_ 
   U_DUT/w1_mem_reg_97__2_ 
   U_DUT/w1_mem_reg_97__4_ 
   U_DUT/w1_mem_reg_97__6_ 
   U_DUT/w1_mem_reg_97__1_ 
   U_DUT/w1_mem_reg_97__3_ 
   U_DUT/w1_mem_reg_97__5_ 
   U_DUT/w1_mem_reg_97__7_ 
   U_DUT/w1_mem_reg_161__7_ 
   U_DUT/w1_mem_reg_193__7_ 
   U_DUT/w1_mem_reg_1__0_ 
   U_DUT/w1_mem_reg_1__1_ 
   U_DUT/w1_mem_reg_1__2_ 
   U_DUT/w1_mem_reg_1__3_ 
   U_DUT/w1_mem_reg_1__4_ 
   U_DUT/w1_mem_reg_1__5_ 
   U_DUT/w1_mem_reg_1__6_ 
   U_DUT/w1_mem_reg_1__7_ 
   U_DUT/w1_mem_reg_33__1_ 
   U_DUT/w1_mem_reg_33__3_ 
   U_DUT/w1_mem_reg_33__5_ 
   U_DUT/w2_mem_reg_231__2_ 
   U_DUT/w2_mem_reg_231__4_ 
   U_DUT/w2_mem_reg_231__6_ 
   U_DUT/w2_mem_reg_207__2_ 
   U_DUT/w2_mem_reg_207__4_ 
   U_DUT/w2_mem_reg_207__6_ 
   U_DUT/w2_mem_reg_239__2_ 
   U_DUT/w2_mem_reg_239__4_ 
   U_DUT/w2_mem_reg_239__6_ 
   U_DUT/w2_mem_reg_199__2_ 
   U_DUT/w2_mem_reg_199__4_ 
   U_DUT/w2_mem_reg_199__6_ 
   U_DUT/w2_mem_reg_15__0_ 
   U_DUT/w2_mem_reg_15__2_ 
   U_DUT/w2_mem_reg_15__4_ 
   U_DUT/w2_mem_reg_15__6_ 
   U_DUT/w2_mem_reg_47__0_ 
   U_DUT/w2_mem_reg_47__2_ 
   U_DUT/w2_mem_reg_47__4_ 
   U_DUT/w2_mem_reg_47__6_ 
   U_DUT/w2_mem_reg_79__0_ 
   U_DUT/w2_mem_reg_79__2_ 
   U_DUT/w2_mem_reg_79__4_ 
   U_DUT/w2_mem_reg_79__6_ 
   U_DUT/w2_mem_reg_111__0_ 
   U_DUT/w2_mem_reg_111__2_ 
   U_DUT/w2_mem_reg_111__4_ 
   U_DUT/w2_mem_reg_111__6_ 
   U_DUT/w2_mem_reg_143__0_ 
   U_DUT/w2_mem_reg_143__2_ 
   U_DUT/w2_mem_reg_143__4_ 
   U_DUT/w2_mem_reg_143__6_ 
   U_DUT/w2_mem_reg_175__0_ 
   U_DUT/w2_mem_reg_175__2_ 
   U_DUT/w2_mem_reg_175__4_ 
   U_DUT/w2_mem_reg_175__6_ 
   U_DUT/w2_mem_reg_207__0_ 
   U_DUT/w2_mem_reg_239__0_ 
   U_DUT/w2_mem_reg_71__0_ 
   U_DUT/w2_mem_reg_71__2_ 
   U_DUT/w2_mem_reg_71__4_ 
   U_DUT/w2_mem_reg_71__6_ 
   U_DUT/w2_mem_reg_103__0_ 
   U_DUT/w2_mem_reg_103__2_ 
   U_DUT/w2_mem_reg_103__4_ 
   U_DUT/w2_mem_reg_103__6_ 
   U_DUT/w2_mem_reg_135__0_ 
   U_DUT/w2_mem_reg_135__2_ 
   U_DUT/w2_mem_reg_135__4_ 
   U_DUT/w2_mem_reg_135__6_ 
   U_DUT/w2_mem_reg_167__0_ 
   U_DUT/w2_mem_reg_167__2_ 
   U_DUT/w2_mem_reg_167__4_ 
   U_DUT/w2_mem_reg_167__6_ 
   U_DUT/w2_mem_reg_199__0_ 
   U_DUT/w2_mem_reg_7__0_ 
   U_DUT/w2_mem_reg_7__2_ 
   U_DUT/w2_mem_reg_7__4_ 
   U_DUT/w2_mem_reg_7__6_ 
   U_DUT/w2_mem_reg_72__1_ 
   U_DUT/w2_mem_reg_72__3_ 
   U_DUT/w2_mem_reg_72__5_ 
   U_DUT/w2_mem_reg_73__1_ 
   U_DUT/w2_mem_reg_73__3_ 
   U_DUT/w2_mem_reg_73__5_ 
   U_DUT/w2_mem_reg_64__1_ 
   U_DUT/w2_mem_reg_64__3_ 
   U_DUT/w2_mem_reg_64__5_ 
   U_DUT/w2_mem_reg_65__1_ 
   U_DUT/w2_mem_reg_65__3_ 
   U_DUT/w2_mem_reg_65__5_ 
   U_DUT/w2_mem_reg_72__7_ 
   U_DUT/w2_mem_reg_73__7_ 
   U_DUT/w2_mem_reg_64__7_ 
   U_DUT/w2_mem_reg_65__7_ 
   U_DUT/w2_mem_reg_232__1_ 
   U_DUT/w2_mem_reg_232__3_ 
   U_DUT/w2_mem_reg_232__5_ 
   U_DUT/w2_mem_reg_232__7_ 
   U_DUT/w2_mem_reg_224__1_ 
   U_DUT/w2_mem_reg_224__3_ 
   U_DUT/w2_mem_reg_224__5_ 
   U_DUT/w2_mem_reg_224__7_ 
   U_DUT/w2_mem_reg_8__1_ 
   U_DUT/w2_mem_reg_8__3_ 
   U_DUT/w2_mem_reg_8__5_ 
   U_DUT/w2_mem_reg_9__1_ 
   U_DUT/w2_mem_reg_9__3_ 
   U_DUT/w2_mem_reg_9__5_ 
   U_DUT/w2_mem_reg_104__1_ 
   U_DUT/w2_mem_reg_104__3_ 
   U_DUT/w2_mem_reg_104__5_ 
   U_DUT/w2_mem_reg_105__1_ 
   U_DUT/w2_mem_reg_105__3_ 
   U_DUT/w2_mem_reg_105__5_ 
   U_DUT/w2_mem_reg_136__1_ 
   U_DUT/w2_mem_reg_136__3_ 
   U_DUT/w2_mem_reg_136__5_ 
   U_DUT/w2_mem_reg_137__1_ 
   U_DUT/w2_mem_reg_137__3_ 
   U_DUT/w2_mem_reg_137__5_ 
   U_DUT/w2_mem_reg_168__1_ 
   U_DUT/w2_mem_reg_168__3_ 
   U_DUT/w2_mem_reg_168__5_ 
   U_DUT/w2_mem_reg_169__1_ 
   U_DUT/w2_mem_reg_169__3_ 
   U_DUT/w2_mem_reg_169__5_ 
   U_DUT/w2_mem_reg_8__7_ 
   U_DUT/w2_mem_reg_9__7_ 
   U_DUT/w2_mem_reg_104__7_ 
   U_DUT/w2_mem_reg_105__7_ 
   U_DUT/w2_mem_reg_136__7_ 
   U_DUT/w2_mem_reg_137__7_ 
   U_DUT/w2_mem_reg_168__7_ 
   U_DUT/w2_mem_reg_169__7_ 
   U_DUT/w2_mem_reg_0__1_ 
   U_DUT/w2_mem_reg_0__3_ 
   U_DUT/w2_mem_reg_0__5_ 
   U_DUT/w2_mem_reg_1__1_ 
   U_DUT/w2_mem_reg_1__3_ 
   U_DUT/w2_mem_reg_1__5_ 
   U_DUT/w2_mem_reg_32__1_ 
   U_DUT/w2_mem_reg_32__3_ 
   U_DUT/w2_mem_reg_32__5_ 
   U_DUT/w2_mem_reg_96__1_ 
   U_DUT/w2_mem_reg_96__3_ 
   U_DUT/w2_mem_reg_96__5_ 
   U_DUT/w2_mem_reg_97__1_ 
   U_DUT/w2_mem_reg_97__3_ 
   U_DUT/w2_mem_reg_97__5_ 
   U_DUT/w2_mem_reg_128__1_ 
   U_DUT/w2_mem_reg_128__3_ 
   U_DUT/w2_mem_reg_128__5_ 
   U_DUT/w2_mem_reg_129__1_ 
   U_DUT/w2_mem_reg_129__3_ 
   U_DUT/w2_mem_reg_129__5_ 
   U_DUT/w2_mem_reg_160__1_ 
   U_DUT/w2_mem_reg_160__3_ 
   U_DUT/w2_mem_reg_160__5_ 
   U_DUT/w2_mem_reg_161__1_ 
   U_DUT/w2_mem_reg_161__3_ 
   U_DUT/w2_mem_reg_161__5_ 
   U_DUT/w2_mem_reg_0__7_ 
   U_DUT/w2_mem_reg_1__7_ 
   U_DUT/w2_mem_reg_32__7_ 
   U_DUT/w2_mem_reg_96__7_ 
   U_DUT/w2_mem_reg_97__7_ 
   U_DUT/w2_mem_reg_128__7_ 
   U_DUT/w2_mem_reg_129__7_ 
   U_DUT/w2_mem_reg_160__7_ 
   U_DUT/w2_mem_reg_161__7_ 
   U_DUT/w2_mem_reg_72__0_ 
   U_DUT/w2_mem_reg_72__2_ 
   U_DUT/w2_mem_reg_72__4_ 
   U_DUT/w2_mem_reg_72__6_ 
   U_DUT/w2_mem_reg_73__0_ 
   U_DUT/w2_mem_reg_73__2_ 
   U_DUT/w2_mem_reg_73__4_ 
   U_DUT/w2_mem_reg_73__6_ 
   U_DUT/w2_mem_reg_64__0_ 
   U_DUT/w2_mem_reg_64__2_ 
   U_DUT/w2_mem_reg_64__4_ 
   U_DUT/w2_mem_reg_64__6_ 
   U_DUT/w2_mem_reg_65__0_ 
   U_DUT/w2_mem_reg_65__2_ 
   U_DUT/w2_mem_reg_65__4_ 
   U_DUT/w2_mem_reg_65__6_ 
   U_DUT/w2_mem_reg_0__0_ 
   U_DUT/w2_mem_reg_0__2_ 
   U_DUT/w2_mem_reg_0__4_ 
   U_DUT/w2_mem_reg_0__6_ 
   U_DUT/w2_mem_reg_1__0_ 
   U_DUT/w2_mem_reg_1__2_ 
   U_DUT/w2_mem_reg_1__4_ 
   U_DUT/w2_mem_reg_1__6_ 
   U_DUT/w2_mem_reg_32__0_ 
   U_DUT/w2_mem_reg_32__2_ 
   U_DUT/w2_mem_reg_32__4_ 
   U_DUT/w2_mem_reg_32__6_ 
   U_DUT/w2_mem_reg_232__2_ 
   U_DUT/w2_mem_reg_232__4_ 
   U_DUT/w2_mem_reg_232__6_ 
   U_DUT/w2_mem_reg_224__2_ 
   U_DUT/w2_mem_reg_224__4_ 
   U_DUT/w2_mem_reg_224__6_ 
   U_DUT/w2_mem_reg_200__2_ 
   U_DUT/w2_mem_reg_200__4_ 
   U_DUT/w2_mem_reg_200__6_ 
   U_DUT/w2_mem_reg_201__2_ 
   U_DUT/w2_mem_reg_201__4_ 
   U_DUT/w2_mem_reg_201__6_ 
   U_DUT/w2_mem_reg_233__2_ 
   U_DUT/w2_mem_reg_233__4_ 
   U_DUT/w2_mem_reg_233__6_ 
   U_DUT/w2_mem_reg_192__2_ 
   U_DUT/w2_mem_reg_192__4_ 
   U_DUT/w2_mem_reg_192__6_ 
   U_DUT/w2_mem_reg_193__2_ 
   U_DUT/w2_mem_reg_193__4_ 
   U_DUT/w2_mem_reg_193__6_ 
   U_DUT/w2_mem_reg_225__2_ 
   U_DUT/w2_mem_reg_225__4_ 
   U_DUT/w2_mem_reg_225__6_ 
   U_DUT/w2_mem_reg_8__0_ 
   U_DUT/w2_mem_reg_8__2_ 
   U_DUT/w2_mem_reg_8__4_ 
   U_DUT/w2_mem_reg_8__6_ 
   U_DUT/w2_mem_reg_9__0_ 
   U_DUT/w2_mem_reg_9__2_ 
   U_DUT/w2_mem_reg_9__4_ 
   U_DUT/w2_mem_reg_9__6_ 
   U_DUT/w2_mem_reg_104__0_ 
   U_DUT/w2_mem_reg_104__2_ 
   U_DUT/w2_mem_reg_104__4_ 
   U_DUT/w2_mem_reg_104__6_ 
   U_DUT/w2_mem_reg_105__0_ 
   U_DUT/w2_mem_reg_105__2_ 
   U_DUT/w2_mem_reg_105__4_ 
   U_DUT/w2_mem_reg_105__6_ 
   U_DUT/w2_mem_reg_136__0_ 
   U_DUT/acc2_ff_reg_12__9_ 
   U_DUT/acc2_ff_reg_12__14_ 
   U_DUT/acc2_ff_reg_10__10_ 
   U_DUT/acc2_ff_reg_10__11_ 
   U_DUT/acc2_ff_reg_10__12_ 
   U_DUT/acc2_ff_reg_10__13_ 
   U_DUT/acc2_ff_reg_10__14_ 
   U_DUT/acc2_ff_reg_10__15_ 
   U_DUT/acc2_ff_reg_10__16_ 
   U_DUT/w2_mem_reg_203__1_ 
   U_DUT/b1_mem_reg_13__0_ 
   U_DUT/w2_mem_reg_238__5_ 
   U_DUT/acc2_ff_reg_11__10_ 
   U_DUT/acc2_ff_reg_11__13_ 
   U_DUT/acc2_ff_reg_11__14_ 
   U_DUT/acc2_ff_reg_11__15_ 
   U_DUT/acc2_ff_reg_11__16_ 
   U_DUT/b1_mem_reg_10__0_ 
   U_DUT/x_ff_reg_20_ 
   U_DUT/x_ff_reg_7_ 
   U_DUT/acc3_ff_reg_9_ 
   U_DUT/w2_mem_reg_202__1_ 
   U_DUT/x_ff_reg_21_ 
   U_DUT/x_ff_reg_1_ 
   U_DUT/acc2_ff_reg_12__8_ 
   U_DUT/acc2_ff_reg_12__10_ 
   U_DUT/acc2_ff_reg_12__12_ 
   U_DUT/acc2_ff_reg_12__13_ 
   U_DUT/acc2_ff_reg_12__15_ 
   U_DUT/acc2_ff_reg_12__16_ 
   U_DUT/acc2_ff_reg_12__17_ 
   U_DUT/acc2_ff_reg_12__0_ 
   U_DUT/acc2_ff_reg_12__1_ 
   U_DUT/acc2_ff_reg_12__2_ 
   U_DUT/acc2_ff_reg_12__3_ 
   U_DUT/acc2_ff_reg_12__4_ 
   U_DUT/acc2_ff_reg_12__5_ 
   U_DUT/acc2_ff_reg_12__6_ 
   U_DUT/acc2_ff_reg_12__7_ 
   U_DUT/acc2_ff_reg_12__11_ 
   U_DUT/w2_mem_reg_202__3_ 
   U_DUT/w2_mem_reg_237__5_ 
   U_DUT/w2_mem_reg_195__5_ 
   U_DUT/x_ff_reg_30_ 
   U_DUT/w2_mem_reg_225__1_ 
   U_DUT/w2_mem_reg_192__3_ 
   U_DUT/acc2_ff_reg_14__9_ 
   U_DUT/acc2_ff_reg_14__11_ 
   U_DUT/acc2_ff_reg_14__13_ 
   U_DUT/acc2_ff_reg_14__14_ 
   U_DUT/acc2_ff_reg_14__15_ 
   U_DUT/acc2_ff_reg_14__16_ 
   U_DUT/acc2_ff_reg_14__17_ 
   U_DUT/w2_mem_reg_236__3_ 
   U_DUT/acc2_ff_reg_14__0_ 
   U_DUT/acc2_ff_reg_14__1_ 
   U_DUT/acc2_ff_reg_14__2_ 
   U_DUT/acc2_ff_reg_14__3_ 
   U_DUT/acc2_ff_reg_14__4_ 
   U_DUT/acc2_ff_reg_14__5_ 
   U_DUT/acc2_ff_reg_14__6_ 
   U_DUT/acc2_ff_reg_14__7_ 
   U_DUT/acc2_ff_reg_14__10_ 
   U_DUT/w2_mem_reg_199__3_ 
   U_DUT/acc3_ff_reg_7_ 
   U_DUT/y_ff_reg_0_ 
   U_DUT/y_ff_reg_1_ 
   U_DUT/y_ff_reg_2_ 
   U_DUT/y_ff_reg_3_ 
   U_DUT/y_ff_reg_4_ 
   U_DUT/y_ff_reg_5_ 
   U_DUT/y_ff_reg_6_ 
   U_DUT/acc3_ff_reg_10_ 
   U_DUT/b1_mem_reg_2__0_ 
   U_DUT/acc2_ff_reg_14__18_ 
   U_DUT/acc2_ff_reg_12__18_ 
   U_DUT/w2_mem_reg_202__5_ 
   U_DUT/acc2_ff_reg_5__11_ 
   U_DUT/acc2_ff_reg_5__14_ 
   U_DUT/acc2_ff_reg_2__17_ 
   U_DUT/acc2_ff_reg_2__14_ 
   U_DUT/acc2_ff_reg_1__17_ 
   U_DUT/acc2_ff_reg_1__2_ 
   U_DUT/acc2_ff_reg_0__2_ 
   U_DUT/x_ff_reg_8_ 
   U_DUT/acc2_ff_reg_13__0_ 
   U_DUT/acc2_ff_reg_13__1_ 
   U_DUT/acc2_ff_reg_13__2_ 
   U_DUT/acc2_ff_reg_13__3_ 
   U_DUT/acc2_ff_reg_13__4_ 
   U_DUT/acc2_ff_reg_13__5_ 
   U_DUT/acc2_ff_reg_13__6_ 
   U_DUT/acc2_ff_reg_13__7_ 
   U_DUT/acc2_ff_reg_13__8_ 
   U_DUT/acc2_ff_reg_13__9_ 
   U_DUT/acc2_ff_reg_13__10_ 
   U_DUT/acc2_ff_reg_13__11_ 
   U_DUT/acc2_ff_reg_13__12_ 
   U_DUT/acc2_ff_reg_13__13_ 
   U_DUT/acc2_ff_reg_13__14_ 
   U_DUT/acc2_ff_reg_13__15_ 
   U_DUT/acc2_ff_reg_13__16_ 
   U_DUT/acc2_ff_reg_5__0_ 
   U_DUT/acc2_ff_reg_5__1_ 
   U_DUT/acc2_ff_reg_5__2_ 
   U_DUT/acc2_ff_reg_5__3_ 
   U_DUT/acc2_ff_reg_5__4_ 
   U_DUT/acc2_ff_reg_5__5_ 
   U_DUT/acc2_ff_reg_5__6_ 
   U_DUT/acc2_ff_reg_5__7_ 
   U_DUT/acc2_ff_reg_5__8_ 
   U_DUT/acc2_ff_reg_5__9_ 
   U_DUT/acc2_ff_reg_5__10_ 
   U_DUT/acc2_ff_reg_5__12_ 
   U_DUT/acc2_ff_reg_5__13_ 
   U_DUT/acc2_ff_reg_5__15_ 
   U_DUT/acc2_ff_reg_5__16_ 
   U_DUT/acc2_ff_reg_5__17_ 
   U_DUT/acc2_ff_reg_4__0_ 
   U_DUT/acc2_ff_reg_4__1_ 
   U_DUT/acc2_ff_reg_4__2_ 
   U_DUT/acc2_ff_reg_4__3_ 
   U_DUT/acc2_ff_reg_4__4_ 
   U_DUT/acc2_ff_reg_4__5_ 
   U_DUT/acc2_ff_reg_4__6_ 
   U_DUT/acc2_ff_reg_4__7_ 
   U_DUT/acc2_ff_reg_4__8_ 
   U_DUT/acc2_ff_reg_4__9_ 
   U_DUT/acc2_ff_reg_4__10_ 
   U_DUT/acc2_ff_reg_4__11_ 
   U_DUT/acc2_ff_reg_4__12_ 
   U_DUT/acc2_ff_reg_4__13_ 
   U_DUT/acc2_ff_reg_4__14_ 
   U_DUT/acc2_ff_reg_4__15_ 
   U_DUT/acc2_ff_reg_4__16_ 
   U_DUT/acc2_ff_reg_4__17_ 
   U_DUT/acc2_ff_reg_3__0_ 
   U_DUT/acc2_ff_reg_3__1_ 
   U_DUT/acc2_ff_reg_3__2_ 
   U_DUT/acc2_ff_reg_3__3_ 
   U_DUT/acc2_ff_reg_3__4_ 
   U_DUT/acc2_ff_reg_3__5_ 
   U_DUT/acc2_ff_reg_3__6_ 
   U_DUT/acc2_ff_reg_3__7_ 
   U_DUT/acc2_ff_reg_3__8_ 
   U_DUT/acc2_ff_reg_3__9_ 
   U_DUT/acc2_ff_reg_3__10_ 
   U_DUT/acc2_ff_reg_3__11_ 
   U_DUT/acc2_ff_reg_3__12_ 
   U_DUT/acc2_ff_reg_3__13_ 
   U_DUT/acc2_ff_reg_3__14_ 
   U_DUT/acc2_ff_reg_3__15_ 
   U_DUT/acc2_ff_reg_3__16_ 
   U_DUT/acc2_ff_reg_3__17_ 
   U_DUT/acc2_ff_reg_2__0_ 
   U_DUT/acc2_ff_reg_2__1_ 
   U_DUT/acc2_ff_reg_2__2_ 
   U_DUT/acc2_ff_reg_2__3_ 
   U_DUT/acc2_ff_reg_2__4_ 
   U_DUT/acc2_ff_reg_2__5_ 
   U_DUT/acc2_ff_reg_2__6_ 
   U_DUT/acc2_ff_reg_2__7_ 
   U_DUT/acc2_ff_reg_2__8_ 
   U_DUT/acc2_ff_reg_2__9_ 
   U_DUT/acc2_ff_reg_2__10_ 
   U_DUT/acc2_ff_reg_2__11_ 
   U_DUT/acc2_ff_reg_2__12_ 
   U_DUT/acc2_ff_reg_2__13_ 
   U_DUT/acc2_ff_reg_2__15_ 
   U_DUT/acc2_ff_reg_2__16_ 
   U_DUT/acc2_ff_reg_1__0_ 
   U_DUT/acc2_ff_reg_1__1_ 
   U_DUT/acc2_ff_reg_1__3_ 
   U_DUT/acc2_ff_reg_1__4_ 
   U_DUT/acc2_ff_reg_1__5_ 
   U_DUT/acc2_ff_reg_1__6_ 
   U_DUT/acc2_ff_reg_1__7_ 
   U_DUT/acc2_ff_reg_1__8_ 
   U_DUT/acc2_ff_reg_1__9_ 
   U_DUT/acc2_ff_reg_1__10_ 
   U_DUT/acc2_ff_reg_1__11_ 
   U_DUT/acc2_ff_reg_1__12_ 
   U_DUT/acc2_ff_reg_1__13_ 
   U_DUT/acc2_ff_reg_1__14_ 
   U_DUT/acc2_ff_reg_1__15_ 
   U_DUT/acc2_ff_reg_1__16_ 
   U_DUT/acc2_ff_reg_0__0_ 
   U_DUT/acc2_ff_reg_0__1_ 
   U_DUT/acc2_ff_reg_0__3_ 
   U_DUT/acc2_ff_reg_0__4_ 
   U_DUT/acc2_ff_reg_0__5_ 
   U_DUT/acc2_ff_reg_0__6_ 
   U_DUT/acc2_ff_reg_0__7_ 
   U_DUT/acc2_ff_reg_0__8_ 
   U_DUT/acc2_ff_reg_0__9_ 
   U_DUT/acc2_ff_reg_0__10_ 
   U_DUT/acc2_ff_reg_0__11_ 
   U_DUT/acc2_ff_reg_0__12_ 
   U_DUT/acc2_ff_reg_0__13_ 
   U_DUT/acc2_ff_reg_0__14_ 
   U_DUT/acc2_ff_reg_0__15_ 
   U_DUT/acc2_ff_reg_0__16_ 
   U_DUT/acc2_ff_reg_0__17_ 
   U_DUT/acc1_ff_reg_13__0_ 
   U_DUT/acc1_ff_reg_13__1_ 
   U_DUT/acc1_ff_reg_13__2_ 
   U_DUT/acc1_ff_reg_13__3_ 
   U_DUT/acc1_ff_reg_13__4_ 
   U_DUT/acc1_ff_reg_13__5_ 
   U_DUT/acc1_ff_reg_13__6_ 
   U_DUT/acc1_ff_reg_13__7_ 
   U_DUT/acc1_ff_reg_13__8_ 
   U_DUT/acc1_ff_reg_13__9_ 
   U_DUT/acc1_ff_reg_13__10_ 
   U_DUT/acc1_ff_reg_13__11_ 
   U_DUT/acc1_ff_reg_13__12_ 
   U_DUT/acc1_ff_reg_14__1_ 
   U_DUT/acc1_ff_reg_14__2_ 
   U_DUT/acc1_ff_reg_14__3_ 
   U_DUT/acc1_ff_reg_14__4_ 
   U_DUT/acc1_ff_reg_14__5_ 
   U_DUT/acc1_ff_reg_14__6_ 
   U_DUT/acc1_ff_reg_14__7_ 
   U_DUT/acc1_ff_reg_14__8_ 
   U_DUT/acc1_ff_reg_14__9_ 
   U_DUT/acc1_ff_reg_14__10_ 
   U_DUT/acc1_ff_reg_14__11_ 
   U_DUT/acc1_ff_reg_14__12_ 
   U_DUT/acc2_ff_reg_11__0_ 
   U_DUT/acc2_ff_reg_11__1_ 
   U_DUT/acc2_ff_reg_11__2_ 
   U_DUT/acc2_ff_reg_11__3_ 
   U_DUT/acc2_ff_reg_11__4_ 
   U_DUT/acc2_ff_reg_11__5_ 
   U_DUT/acc2_ff_reg_11__6_ 
   U_DUT/acc2_ff_reg_11__7_ 
   U_DUT/acc2_ff_reg_11__8_ 
   U_DUT/acc2_ff_reg_11__9_ 
   U_DUT/acc2_ff_reg_11__11_ 
   U_DUT/acc2_ff_reg_11__12_ 
   U_DUT/acc2_ff_reg_10__0_ 
   U_DUT/acc2_ff_reg_10__1_ 
   U_DUT/acc2_ff_reg_10__2_ 
   U_DUT/acc2_ff_reg_10__3_ 
   U_DUT/acc2_ff_reg_10__4_ 
   U_DUT/acc2_ff_reg_10__5_ 
   U_DUT/acc2_ff_reg_10__6_ 
   U_DUT/acc2_ff_reg_10__7_ 
   U_DUT/acc2_ff_reg_10__8_ 
   U_DUT/acc2_ff_reg_10__9_ 
   U_DUT/acc1_ff_reg_15__0_ 
   U_DUT/acc1_ff_reg_15__1_ 
   U_DUT/acc1_ff_reg_15__2_ 
   U_DUT/acc1_ff_reg_15__3_ 
   U_DUT/acc1_ff_reg_15__4_ 
   U_DUT/acc1_ff_reg_15__5_ 
   U_DUT/acc1_ff_reg_15__6_ 
   U_DUT/acc1_ff_reg_15__7_ 
   U_DUT/acc1_ff_reg_15__8_ 
   U_DUT/acc1_ff_reg_15__9_ 
   U_DUT/acc1_ff_reg_15__11_ 
   U_DUT/acc1_ff_reg_15__12_ 
   U_DUT/acc1_ff_reg_11__0_ 
   U_DUT/acc1_ff_reg_11__1_ 
   U_DUT/acc1_ff_reg_11__2_ 
   U_DUT/acc1_ff_reg_11__3_ 
   U_DUT/acc1_ff_reg_11__4_ 
   U_DUT/acc1_ff_reg_11__5_ 
   U_DUT/acc1_ff_reg_11__6_ 
   U_DUT/acc1_ff_reg_11__7_ 
   U_DUT/acc1_ff_reg_11__8_ 
   U_DUT/acc1_ff_reg_11__9_ 
   U_DUT/acc1_ff_reg_11__10_ 
   U_DUT/acc1_ff_reg_11__11_ 
   U_DUT/acc1_ff_reg_11__12_ 
   U_DUT/acc1_ff_reg_10__0_ 
   U_DUT/acc1_ff_reg_10__1_ 
   U_DUT/acc1_ff_reg_10__2_ 
   U_DUT/acc1_ff_reg_10__3_ 
   U_DUT/acc1_ff_reg_10__4_ 
   U_DUT/acc1_ff_reg_10__5_ 
   U_DUT/acc1_ff_reg_10__6_ 
   U_DUT/acc1_ff_reg_10__7_ 
   U_DUT/acc1_ff_reg_10__8_ 
   U_DUT/acc1_ff_reg_10__9_ 
   U_DUT/acc1_ff_reg_10__10_ 
   U_DUT/acc1_ff_reg_10__11_ 
   U_DUT/acc1_ff_reg_10__12_ 
   U_DUT/acc1_ff_reg_12__0_ 
   U_DUT/acc1_ff_reg_12__1_ 
   U_DUT/acc1_ff_reg_12__2_ 
   U_DUT/acc1_ff_reg_12__3_ 
   U_DUT/acc1_ff_reg_12__4_ 
   U_DUT/acc1_ff_reg_12__5_ 
   U_DUT/acc1_ff_reg_12__6_ 
   U_DUT/acc1_ff_reg_12__7_ 
   U_DUT/acc1_ff_reg_12__8_ 
   U_DUT/acc1_ff_reg_12__9_ 
   U_DUT/acc1_ff_reg_12__10_ 
   U_DUT/acc1_ff_reg_12__11_ 
   U_DUT/acc1_ff_reg_12__12_ 
   U_DUT/acc1_ff_reg_9__0_ 
   U_DUT/acc1_ff_reg_9__1_ 
   U_DUT/acc1_ff_reg_9__2_ 
   U_DUT/acc1_ff_reg_9__3_ 
   U_DUT/acc1_ff_reg_9__4_ 
   U_DUT/acc1_ff_reg_9__5_ 
   U_DUT/acc1_ff_reg_9__6_ 
   U_DUT/acc1_ff_reg_9__7_ 
   U_DUT/acc1_ff_reg_9__8_ 
   U_DUT/acc1_ff_reg_9__9_ 
   U_DUT/acc1_ff_reg_9__10_ 
   U_DUT/acc1_ff_reg_9__11_ 
   U_DUT/acc1_ff_reg_9__12_ 
   U_DUT/acc1_ff_reg_8__0_ 
   U_DUT/acc1_ff_reg_8__1_ 
   U_DUT/acc1_ff_reg_8__2_ 
   U_DUT/acc1_ff_reg_8__3_ 
   U_DUT/acc1_ff_reg_8__4_ 
   U_DUT/acc1_ff_reg_8__5_ 
   U_DUT/acc1_ff_reg_8__6_ 
   U_DUT/acc1_ff_reg_8__7_ 
   U_DUT/acc1_ff_reg_8__8_ 
   U_DUT/acc1_ff_reg_8__9_ 
   U_DUT/acc1_ff_reg_8__10_ 
   U_DUT/acc1_ff_reg_8__11_ 
   U_DUT/acc1_ff_reg_8__12_ 
   U_DUT/acc1_ff_reg_3__0_ 
   U_DUT/acc1_ff_reg_3__1_ 
   U_DUT/acc1_ff_reg_3__2_ 
   U_DUT/acc1_ff_reg_3__3_ 
   U_DUT/acc1_ff_reg_3__4_ 
   U_DUT/acc1_ff_reg_3__5_ 
   U_DUT/acc1_ff_reg_3__6_ 
   U_DUT/acc1_ff_reg_3__8_ 
   U_DUT/acc1_ff_reg_3__9_ 
   U_DUT/acc1_ff_reg_3__10_ 
   U_DUT/acc1_ff_reg_3__11_ 
   U_DUT/acc1_ff_reg_3__12_ 
   U_DUT/acc1_ff_reg_2__0_ 
   U_DUT/acc1_ff_reg_2__1_ 
   U_DUT/acc1_ff_reg_2__2_ 
   U_DUT/acc1_ff_reg_2__3_ 
   U_DUT/acc1_ff_reg_2__4_ 
   U_DUT/acc1_ff_reg_2__5_ 
   U_DUT/acc1_ff_reg_2__6_ 
   U_DUT/acc1_ff_reg_2__7_ 
   U_DUT/acc1_ff_reg_2__8_ 
   U_DUT/acc1_ff_reg_2__10_ 
   U_DUT/acc1_ff_reg_2__11_ 
   U_DUT/acc1_ff_reg_2__12_ 
   U_DUT/acc1_ff_reg_1__0_ 
   U_DUT/acc1_ff_reg_1__1_ 
   U_DUT/acc1_ff_reg_1__2_ 
   U_DUT/acc1_ff_reg_1__3_ 
   U_DUT/acc1_ff_reg_1__4_ 
   U_DUT/acc1_ff_reg_1__5_ 
   U_DUT/acc1_ff_reg_1__6_ 
   U_DUT/acc1_ff_reg_1__7_ 
   U_DUT/acc1_ff_reg_1__8_ 
   U_DUT/acc1_ff_reg_1__9_ 
   U_DUT/acc1_ff_reg_1__10_ 
   U_DUT/acc1_ff_reg_1__11_ 
   U_DUT/acc1_ff_reg_1__12_ 
   U_DUT/acc1_ff_reg_6__0_ 
   U_DUT/acc1_ff_reg_6__1_ 
   U_DUT/acc1_ff_reg_6__2_ 
   U_DUT/acc1_ff_reg_6__3_ 
   U_DUT/acc1_ff_reg_6__4_ 
   U_DUT/acc1_ff_reg_6__5_ 
   U_DUT/acc1_ff_reg_6__6_ 
   U_DUT/acc1_ff_reg_6__7_ 
   U_DUT/acc1_ff_reg_6__8_ 
   U_DUT/acc1_ff_reg_6__9_ 
   U_DUT/acc1_ff_reg_6__10_ 
   U_DUT/acc1_ff_reg_6__11_ 
   U_DUT/acc1_ff_reg_6__12_ 
   U_DUT/acc1_ff_reg_0__0_ 
   U_DUT/acc1_ff_reg_0__1_ 
   U_DUT/acc1_ff_reg_0__2_ 
   U_DUT/acc1_ff_reg_0__3_ 
   U_DUT/acc1_ff_reg_0__4_ 
   U_DUT/acc1_ff_reg_0__5_ 
   U_DUT/acc1_ff_reg_0__6_ 
   U_DUT/acc1_ff_reg_0__7_ 
   U_DUT/acc1_ff_reg_0__8_ 
   U_DUT/acc1_ff_reg_0__9_ 
   U_DUT/acc1_ff_reg_0__10_ 
   U_DUT/acc1_ff_reg_0__11_ 
   U_DUT/acc1_ff_reg_0__12_ 
   U_DUT/acc1_ff_reg_7__0_ 
   U_DUT/acc1_ff_reg_7__1_ 
   U_DUT/acc1_ff_reg_7__2_ 
   U_DUT/acc1_ff_reg_7__3_ 
   U_DUT/acc1_ff_reg_7__4_ 
   U_DUT/acc1_ff_reg_7__5_ 
   U_DUT/acc1_ff_reg_7__6_ 
   U_DUT/acc1_ff_reg_7__7_ 
   U_DUT/acc1_ff_reg_7__8_ 
   U_DUT/acc1_ff_reg_7__9_ 
   U_DUT/acc1_ff_reg_7__10_ 
   U_DUT/acc1_ff_reg_7__11_ 
   U_DUT/acc1_ff_reg_7__12_ 
   U_DUT/acc1_ff_reg_5__0_ 
   U_DUT/acc1_ff_reg_5__1_ 
   U_DUT/acc1_ff_reg_5__2_ 
   U_DUT/acc1_ff_reg_5__3_ 
   U_DUT/acc1_ff_reg_5__4_ 
   U_DUT/acc1_ff_reg_5__5_ 
   U_DUT/acc1_ff_reg_5__6_ 
   U_DUT/acc1_ff_reg_5__7_ 
   U_DUT/acc1_ff_reg_5__8_ 
   U_DUT/acc1_ff_reg_5__9_ 
   U_DUT/acc1_ff_reg_5__10_ 
   U_DUT/acc1_ff_reg_5__11_ 
   U_DUT/acc1_ff_reg_5__12_ 
   U_DUT/acc1_ff_reg_4__0_ 
   U_DUT/acc1_ff_reg_4__1_ 
   U_DUT/acc1_ff_reg_4__2_ 
   U_DUT/acc1_ff_reg_4__3_ 
   U_DUT/acc1_ff_reg_4__4_ 
   U_DUT/acc1_ff_reg_4__5_ 
   U_DUT/acc1_ff_reg_4__6_ 
   U_DUT/acc1_ff_reg_4__7_ 
   U_DUT/acc1_ff_reg_4__8_ 
   U_DUT/acc1_ff_reg_4__9_ 
   U_DUT/acc1_ff_reg_4__10_ 
   U_DUT/acc1_ff_reg_4__11_ 
   U_DUT/acc1_ff_reg_4__12_ 
   U_DUT/h1q_ff_reg_12__0_ 
   U_DUT/acc2_ff_reg_5__18_ 
   U_DUT/acc2_ff_reg_4__18_ 
   U_DUT/acc2_ff_reg_3__18_ 
   U_DUT/acc2_ff_reg_2__18_ 
   U_DUT/acc2_ff_reg_1__18_ 
   U_DUT/acc2_ff_reg_0__18_ 
   U_DUT/acc2_ff_reg_7__0_ 
   U_DUT/acc2_ff_reg_7__1_ 
   U_DUT/acc2_ff_reg_7__2_ 
   U_DUT/acc2_ff_reg_7__3_ 
   U_DUT/acc2_ff_reg_7__4_ 
   U_DUT/acc2_ff_reg_7__5_ 
   U_DUT/acc2_ff_reg_7__6_ 
   U_DUT/acc2_ff_reg_7__7_ 
   U_DUT/acc2_ff_reg_7__8_ 
   U_DUT/acc2_ff_reg_7__9_ 
   U_DUT/acc2_ff_reg_7__10_ 
   U_DUT/acc2_ff_reg_7__11_ 
   U_DUT/acc2_ff_reg_7__12_ 
   U_DUT/acc2_ff_reg_7__13_ 
   U_DUT/acc2_ff_reg_7__14_ 
   U_DUT/acc2_ff_reg_7__15_ 
   U_DUT/acc2_ff_reg_7__16_ 
   U_DUT/acc2_ff_reg_7__17_ 
   U_DUT/h1q_ff_reg_4__0_ 
   U_DUT/acc2_ff_reg_13__17_ 
   U_DUT/acc2_ff_reg_11__17_ 
   U_DUT/acc2_ff_reg_10__17_ 
   U_DUT/h1q_ff_reg_1__0_ 
   U_DUT/acc2_ff_reg_8__0_ 
   U_DUT/acc2_ff_reg_8__1_ 
   U_DUT/acc2_ff_reg_8__2_ 
   U_DUT/acc2_ff_reg_8__3_ 
   U_DUT/acc2_ff_reg_8__4_ 
   U_DUT/acc2_ff_reg_8__5_ 
   U_DUT/acc2_ff_reg_8__6_ 
   U_DUT/acc2_ff_reg_8__7_ 
   U_DUT/acc2_ff_reg_8__8_ 
   U_DUT/acc2_ff_reg_8__9_ 
   U_DUT/acc2_ff_reg_8__10_ 
   U_DUT/acc2_ff_reg_8__11_ 
   U_DUT/acc2_ff_reg_8__12_ 
   U_DUT/acc2_ff_reg_8__13_ 
   U_DUT/acc2_ff_reg_8__14_ 
   U_DUT/acc2_ff_reg_8__15_ 
   U_DUT/acc2_ff_reg_8__16_ 
   U_DUT/acc2_ff_reg_8__17_ 
   U_DUT/h1q_ff_reg_14__0_ 
   U_DUT/acc2_ff_reg_15__0_ 
   U_DUT/acc2_ff_reg_15__1_ 
   U_DUT/acc2_ff_reg_15__2_ 
   U_DUT/acc2_ff_reg_15__3_ 
   U_DUT/acc2_ff_reg_15__4_ 
   U_DUT/acc2_ff_reg_15__5_ 
   U_DUT/acc2_ff_reg_15__6_ 
   U_DUT/acc2_ff_reg_15__7_ 
   U_DUT/acc2_ff_reg_15__8_ 
   U_DUT/acc2_ff_reg_15__9_ 
   U_DUT/acc2_ff_reg_15__10_ 
   U_DUT/acc2_ff_reg_15__11_ 
   U_DUT/acc2_ff_reg_15__12_ 
   U_DUT/acc2_ff_reg_15__13_ 
   U_DUT/acc2_ff_reg_15__14_ 
   U_DUT/acc2_ff_reg_15__15_ 
   U_DUT/acc2_ff_reg_15__16_ 
   U_DUT/acc2_ff_reg_15__17_ 
   U_DUT/acc2_ff_reg_9__0_ 
   U_DUT/acc2_ff_reg_9__1_ 
   U_DUT/acc2_ff_reg_9__2_ 
   U_DUT/acc2_ff_reg_9__3_ 
   U_DUT/acc2_ff_reg_9__4_ 
   U_DUT/acc2_ff_reg_9__5_ 
   U_DUT/acc2_ff_reg_9__6_ 
   U_DUT/acc2_ff_reg_9__7_ 
   U_DUT/acc2_ff_reg_9__8_ 
   U_DUT/acc2_ff_reg_9__9_ 
   U_DUT/acc2_ff_reg_9__10_ 
   U_DUT/acc2_ff_reg_9__11_ 
   U_DUT/acc2_ff_reg_9__12_ 
   U_DUT/acc2_ff_reg_9__13_ 
   U_DUT/acc2_ff_reg_9__14_ 
   U_DUT/acc2_ff_reg_9__15_ 
   U_DUT/acc2_ff_reg_9__16_ 
   U_DUT/acc2_ff_reg_9__17_ 
   U_DUT/acc2_ff_reg_13__18_ 
   U_DUT/acc2_ff_reg_11__18_ 
   U_DUT/acc2_ff_reg_10__18_ 
   U_DUT/acc2_ff_reg_8__18_ 
   U_DUT/acc2_ff_reg_6__0_ 
   U_DUT/acc2_ff_reg_6__1_ 
   U_DUT/acc2_ff_reg_6__2_ 
   U_DUT/acc2_ff_reg_6__3_ 
   U_DUT/acc2_ff_reg_6__4_ 
   U_DUT/acc2_ff_reg_6__5_ 
   U_DUT/acc2_ff_reg_6__6_ 
   U_DUT/acc2_ff_reg_6__7_ 
   U_DUT/acc2_ff_reg_6__8_ 
   U_DUT/acc2_ff_reg_6__9_ 
   U_DUT/acc2_ff_reg_6__10_ 
   U_DUT/acc2_ff_reg_6__11_ 
   U_DUT/acc2_ff_reg_6__12_ 
   U_DUT/acc2_ff_reg_6__13_ 
   U_DUT/acc2_ff_reg_6__14_ 
   U_DUT/acc2_ff_reg_6__15_ 
   U_DUT/acc2_ff_reg_6__16_ 
   U_DUT/acc2_ff_reg_6__17_ 
   U_DUT/h1q_ff_reg_9__0_ 
   U_DUT/acc2_ff_reg_7__18_ 
   U_DUT/h1q_ff_reg_13__0_ 
   U_DUT/acc2_ff_reg_15__18_ 
   U_DUT/acc2_ff_reg_9__18_ 
   U_DUT/acc2_ff_reg_6__18_ 
   U_DUT/acc3_ff_reg_19_ 
   U_DUT/acc3_ff_reg_16_ 
   U_DUT/acc3_ff_reg_15_ 
   U_DUT/acc3_ff_reg_11_ 
   U_DUT/acc3_ff_reg_12_ 
   U_DUT/x_ff_reg_3_ 
   U_DUT/x_ff_reg_9_ 
   U_DUT/x_ff_reg_11_ 
   U_DUT/x_ff_reg_12_ 
   U_DUT/x_ff_reg_25_ 
   U_DUT/x_ff_reg_27_ 
   U_DUT/x_ff_reg_28_ 
   U_DUT/x_ff_reg_29_ 
   U_DUT/h1q_ff_reg_15__1_ 
   U_DUT/h1q_ff_reg_15__2_ 
   U_DUT/h1q_ff_reg_15__5_ 
   U_DUT/h1q_ff_reg_14__1_ 
   U_DUT/h1q_ff_reg_14__2_ 
   U_DUT/h1q_ff_reg_14__5_ 
   U_DUT/h1q_ff_reg_13__1_ 
   U_DUT/h1q_ff_reg_13__2_ 
   U_DUT/h1q_ff_reg_13__5_ 
   U_DUT/h1q_ff_reg_12__1_ 
   U_DUT/h1q_ff_reg_12__2_ 
   U_DUT/h1q_ff_reg_12__5_ 
   U_DUT/h1q_ff_reg_11__1_ 
   U_DUT/h1q_ff_reg_11__2_ 
   U_DUT/h1q_ff_reg_10__1_ 
   U_DUT/h1q_ff_reg_10__2_ 
   U_DUT/h1q_ff_reg_9__1_ 
   U_DUT/h1q_ff_reg_9__2_ 
   U_DUT/h1q_ff_reg_9__5_ 
   U_DUT/h1q_ff_reg_8__1_ 
   U_DUT/h1q_ff_reg_8__2_ 
   U_DUT/h1q_ff_reg_7__2_ 
   U_DUT/h1q_ff_reg_6__1_ 
   U_DUT/h1q_ff_reg_6__2_ 
   U_DUT/h1q_ff_reg_5__1_ 
   U_DUT/h1q_ff_reg_5__2_ 
   U_DUT/h1q_ff_reg_4__1_ 
   U_DUT/h1q_ff_reg_4__2_ 
   U_DUT/h1q_ff_reg_4__5_ 
   U_DUT/h1q_ff_reg_3__1_ 
   U_DUT/h1q_ff_reg_3__2_ 
   U_DUT/h1q_ff_reg_2__2_ 
   U_DUT/h1q_ff_reg_2__5_ 
   U_DUT/h1q_ff_reg_1__1_ 
   U_DUT/h1q_ff_reg_1__5_ 
   U_DUT/h1q_ff_reg_0__1_ 
   U_DUT/h1q_ff_reg_0__2_ 
   U_DUT/h1q_ff_reg_15__3_ 
   U_DUT/h1q_ff_reg_14__3_ 
   U_DUT/h1q_ff_reg_13__3_ 
   U_DUT/h1q_ff_reg_12__3_ 
   U_DUT/h1q_ff_reg_11__3_ 
   U_DUT/h1q_ff_reg_9__3_ 
   U_DUT/h1q_ff_reg_4__3_ 
   U_DUT/h1q_ff_reg_2__3_ 
   U_DUT/h1q_ff_reg_1__3_ 
   U_DUT/h1q_ff_reg_15__4_ 
   U_DUT/h1q_ff_reg_15__6_ 
   U_DUT/h1q_ff_reg_14__4_ 
   U_DUT/h1q_ff_reg_14__6_ 
   U_DUT/h1q_ff_reg_13__4_ 
   U_DUT/h1q_ff_reg_13__6_ 
   U_DUT/h1q_ff_reg_12__4_ 
   U_DUT/h1q_ff_reg_12__6_ 
   U_DUT/h1q_ff_reg_9__4_ 
   U_DUT/h1q_ff_reg_9__6_ 
   U_DUT/h1q_ff_reg_8__4_ 
   U_DUT/h1q_ff_reg_7__4_ 
   U_DUT/h1q_ff_reg_6__4_ 
   U_DUT/h1q_ff_reg_4__4_ 
   U_DUT/h1q_ff_reg_4__6_ 
   U_DUT/h1q_ff_reg_3__4_ 
   U_DUT/h1q_ff_reg_2__4_ 
   U_DUT/h1q_ff_reg_2__6_ 
   U_DUT/h1q_ff_reg_1__4_ 
   U_DUT/h1q_ff_reg_1__6_ 
   U_DUT/h2q_ff_reg_15__6_ 
   U_DUT/h2q_ff_reg_14__6_ 
   U_DUT/h2q_ff_reg_13__6_ 
   U_DUT/h2q_ff_reg_12__6_ 
   U_DUT/h2q_ff_reg_11__6_ 
   U_DUT/h2q_ff_reg_10__6_ 
   U_DUT/h2q_ff_reg_9__6_ 
   U_DUT/h2q_ff_reg_8__6_ 
   U_DUT/h2q_ff_reg_7__6_ 
   U_DUT/h2q_ff_reg_6__6_ 
   U_DUT/h2q_ff_reg_5__6_ 
   U_DUT/h2q_ff_reg_4__6_ 
   U_DUT/h2q_ff_reg_3__6_ 
   U_DUT/h2q_ff_reg_2__6_ 
   U_DUT/h2q_ff_reg_1__6_ 
   U_DUT/h2q_ff_reg_0__6_ 
   U_DUT/h2q_ff_reg_15__1_ 
   U_DUT/h2q_ff_reg_15__2_ 
   U_DUT/h2q_ff_reg_14__1_ 
   U_DUT/h2q_ff_reg_14__2_ 
   U_DUT/h2q_ff_reg_13__1_ 
   U_DUT/h2q_ff_reg_13__2_ 
   U_DUT/h2q_ff_reg_12__1_ 
   U_DUT/h2q_ff_reg_12__2_ 
   U_DUT/h2q_ff_reg_11__2_ 
   U_DUT/h2q_ff_reg_10__1_ 
   U_DUT/h2q_ff_reg_10__2_ 
   U_DUT/h2q_ff_reg_9__1_ 
   U_DUT/h2q_ff_reg_9__2_ 
   U_DUT/h2q_ff_reg_8__1_ 
   U_DUT/h2q_ff_reg_8__2_ 
   U_DUT/h2q_ff_reg_7__1_ 
   U_DUT/h2q_ff_reg_7__2_ 
   U_DUT/h2q_ff_reg_6__1_ 
   U_DUT/h2q_ff_reg_6__2_ 
   U_DUT/h2q_ff_reg_5__1_ 
   U_DUT/h2q_ff_reg_5__2_ 
   U_DUT/h2q_ff_reg_4__1_ 
   U_DUT/h2q_ff_reg_4__2_ 
   U_DUT/h2q_ff_reg_3__1_ 
   U_DUT/h2q_ff_reg_3__2_ 
   U_DUT/h2q_ff_reg_2__1_ 
   U_DUT/h2q_ff_reg_2__2_ 
   U_DUT/h2q_ff_reg_1__1_ 
   U_DUT/h2q_ff_reg_1__2_ 
   U_DUT/h2q_ff_reg_0__1_ 
   U_DUT/h2q_ff_reg_0__2_ 
   U_DUT/h2q_ff_reg_15__0_ 
   U_DUT/h2q_ff_reg_15__3_ 
   U_DUT/h2q_ff_reg_15__4_ 
   U_DUT/h2q_ff_reg_15__5_ 
   U_DUT/h2q_ff_reg_14__0_ 
   U_DUT/h2q_ff_reg_14__3_ 
   U_DUT/h2q_ff_reg_14__4_ 
   U_DUT/h2q_ff_reg_14__5_ 
   U_DUT/h2q_ff_reg_13__0_ 
   U_DUT/h2q_ff_reg_13__3_ 
   U_DUT/h2q_ff_reg_13__4_ 
   U_DUT/h2q_ff_reg_13__5_ 
   U_DUT/h2q_ff_reg_12__0_ 
   U_DUT/h2q_ff_reg_12__3_ 
   U_DUT/h2q_ff_reg_12__4_ 
   U_DUT/h2q_ff_reg_12__5_ 
   U_DUT/h2q_ff_reg_11__0_ 
   U_DUT/h2q_ff_reg_11__3_ 
   U_DUT/h2q_ff_reg_11__4_ 
   U_DUT/h2q_ff_reg_11__5_ 
   U_DUT/h2q_ff_reg_10__0_ 
   U_DUT/h2q_ff_reg_10__3_ 
   U_DUT/h2q_ff_reg_10__4_ 
   U_DUT/h2q_ff_reg_10__5_ 
   U_DUT/h2q_ff_reg_9__0_ 
   U_DUT/h2q_ff_reg_9__3_ 
   U_DUT/h2q_ff_reg_9__4_ 
   U_DUT/h2q_ff_reg_9__5_ 
   U_DUT/h2q_ff_reg_8__0_ 
   U_DUT/h2q_ff_reg_8__3_ 
   U_DUT/h2q_ff_reg_8__4_ 
   U_DUT/h2q_ff_reg_8__5_ 
   U_DUT/h2q_ff_reg_7__0_ 
   U_DUT/h2q_ff_reg_7__3_ 
   U_DUT/h2q_ff_reg_7__4_ 
   U_DUT/h2q_ff_reg_7__5_ 
   U_DUT/h2q_ff_reg_6__0_ 
   U_DUT/h2q_ff_reg_6__3_ 
   U_DUT/h2q_ff_reg_6__4_ 
   U_DUT/h2q_ff_reg_6__5_ 
   U_DUT/h2q_ff_reg_5__0_ 
   U_DUT/h2q_ff_reg_5__3_ 
   U_DUT/h2q_ff_reg_5__4_ 
   U_DUT/h2q_ff_reg_5__5_ 
   U_DUT/h2q_ff_reg_4__0_ 
   U_DUT/h2q_ff_reg_4__3_ 
   U_DUT/h2q_ff_reg_4__4_ 
   U_DUT/h2q_ff_reg_4__5_ 
   U_DUT/h2q_ff_reg_3__0_ 
   U_DUT/h2q_ff_reg_3__3_ 
   U_DUT/h2q_ff_reg_3__4_ 
   U_DUT/h2q_ff_reg_3__5_ 
   U_DUT/h2q_ff_reg_2__0_ 
   U_DUT/h2q_ff_reg_2__3_ 
   U_DUT/h2q_ff_reg_2__4_ 
   U_DUT/h2q_ff_reg_2__5_ 
   U_DUT/h2q_ff_reg_1__0_ 
   U_DUT/h2q_ff_reg_1__3_ 
   U_DUT/h2q_ff_reg_1__4_ 
   U_DUT/h2q_ff_reg_1__5_ 
   U_DUT/h2q_ff_reg_0__0_ 
   U_DUT/h2q_ff_reg_0__3_ 
   U_DUT/h2q_ff_reg_0__4_ 
   U_DUT/h2q_ff_reg_0__5_ 
   U_DUT/valid_ff_reg_6_ 
   U_DUT/valid_ff_reg_5_ 
   U_DUT/valid_ff_reg_4_ 
   U_DUT/valid_ff_reg_3_ 
   U_DUT/valid_ff_reg_2_ 
   U_DUT/valid_ff_reg_1_ 
   U_DUT/valid_ff_reg_0_ 
   U_DUT/shift_ff_reg_0_ 
   U_DUT/shift_ff_reg_1_ 
   U_DUT/shift_ff_reg_2_ 
   U_DUT/shift_ff_reg_3_ 
   U_DUT/y_ff_reg_7_ 
   U_DUT/acc3_ff_reg_0_ 
   U_DUT/acc3_ff_reg_1_ 
   U_DUT/acc3_ff_reg_2_ 
   U_DUT/acc3_ff_reg_3_ 
   U_DUT/acc3_ff_reg_4_ 
   U_DUT/acc3_ff_reg_5_ 
   U_DUT/acc3_ff_reg_6_ 
   U_DUT/acc3_ff_reg_8_ 
   U_DUT/acc3_ff_reg_13_ 
   U_DUT/acc3_ff_reg_14_ 
   U_DUT/acc3_ff_reg_17_ 
   U_DUT/acc3_ff_reg_18_ 
   U_DUT/x_ff_reg_31_ 
   U_DUT/w2_mem_reg_96__0_ 
   U_DUT/w2_mem_reg_96__2_ 
   U_DUT/w2_mem_reg_96__4_ 
   U_DUT/w2_mem_reg_96__6_ 
   U_DUT/w2_mem_reg_97__0_ 
   U_DUT/w2_mem_reg_97__2_ 
   U_DUT/w2_mem_reg_97__4_ 
   U_DUT/w2_mem_reg_97__6_ 
   U_DUT/w2_mem_reg_128__0_ 
   U_DUT/w2_mem_reg_128__2_ 
   U_DUT/w2_mem_reg_128__4_ 
   U_DUT/w2_mem_reg_128__6_ 
   U_DUT/w2_mem_reg_129__0_ 
   U_DUT/w2_mem_reg_129__2_ 
   U_DUT/w2_mem_reg_129__4_ 
   U_DUT/w2_mem_reg_129__6_ 
   U_DUT/w2_mem_reg_136__2_ 
   U_DUT/w2_mem_reg_136__4_ 
   U_DUT/w2_mem_reg_136__6_ 
   U_DUT/w2_mem_reg_137__0_ 
   U_DUT/w2_mem_reg_137__2_ 
   U_DUT/w2_mem_reg_137__4_ 
   U_DUT/w2_mem_reg_137__6_ 
   U_DUT/w2_mem_reg_160__0_ 
   U_DUT/w2_mem_reg_160__2_ 
   U_DUT/w2_mem_reg_160__4_ 
   U_DUT/w2_mem_reg_160__6_ 
   U_DUT/w2_mem_reg_161__0_ 
   U_DUT/w2_mem_reg_161__2_ 
   U_DUT/w2_mem_reg_161__4_ 
   U_DUT/w2_mem_reg_161__6_ 
   U_DUT/w2_mem_reg_168__0_ 
   U_DUT/w2_mem_reg_168__2_ 
   U_DUT/w2_mem_reg_168__4_ 
   U_DUT/w2_mem_reg_168__6_ 
   U_DUT/w2_mem_reg_169__0_ 
   U_DUT/w2_mem_reg_169__2_ 
   U_DUT/w2_mem_reg_169__4_ 
   U_DUT/w2_mem_reg_169__6_ 
   U_DUT/w2_mem_reg_192__0_ 
   U_DUT/w2_mem_reg_193__0_ 
   U_DUT/w2_mem_reg_200__0_ 
   U_DUT/w2_mem_reg_201__0_ 
   U_DUT/w2_mem_reg_225__0_ 
   U_DUT/w2_mem_reg_233__0_ 

 List of Non-annotated three-state cells :

   0 three-state cells

--------------------------------------------------------------------------------
1
