Information: Changed wire load model for 'requant_rne_ACC_W22_DATA_WIDTH8_SHW5_0' from '(none)' to 'ZeroWireload'. (OPT-170)
Information: Changed wire load model for 'dyn_quant_M1_ACC_W22_DATA_WIDTH8' from '(none)' to 'ZeroWireload'. (OPT-170)
Information: Changed wire load model for 'requant_rne_ACC_W22_DATA_WIDTH8_SHW5_1' from '(none)' to 'ZeroWireload'. (OPT-170)
Information: Changed wire load model for 'requant_rne_ACC_W22_DATA_WIDTH8_SHW5_2' from '(none)' to 'ZeroWireload'. (OPT-170)
Information: Changed wire load model for 'requant_rne_ACC_W22_DATA_WIDTH8_SHW5_3' from '(none)' to 'ZeroWireload'. (OPT-170)
Information: Changed wire load model for 'requant_rne_ACC_W22_DATA_WIDTH8_SHW5_4' from '(none)' to 'ZeroWireload'. (OPT-170)
Information: Changed wire load model for 'requant_rne_ACC_W22_DATA_WIDTH8_SHW5_5' from '(none)' to 'ZeroWireload'. (OPT-170)
Information: Changed wire load model for 'requant_rne_ACC_W22_DATA_WIDTH8_SHW5_6' from '(none)' to 'ZeroWireload'. (OPT-170)
Information: Changed wire load model for 'requant_rne_ACC_W22_DATA_WIDTH8_SHW5_7' from '(none)' to 'ZeroWireload'. (OPT-170)
Information: Changed wire load model for 'requant_rne_ACC_W22_DATA_WIDTH8_SHW5_8' from '(none)' to 'ZeroWireload'. (OPT-170)
Information: Changed wire load model for 'requant_rne_ACC_W22_DATA_WIDTH8_SHW5_9' from '(none)' to 'ZeroWireload'. (OPT-170)
Information: Changed wire load model for 'requant_rne_ACC_W22_DATA_WIDTH8_SHW5_10' from '(none)' to 'ZeroWireload'. (OPT-170)
Information: Changed wire load model for 'requant_rne_ACC_W22_DATA_WIDTH8_SHW5_11' from '(none)' to 'ZeroWireload'. (OPT-170)
Information: Changed wire load model for 'requant_rne_ACC_W22_DATA_WIDTH8_SHW5_12' from '(none)' to 'ZeroWireload'. (OPT-170)
Information: Changed wire load model for 'requant_rne_ACC_W22_DATA_WIDTH8_SHW5_13' from '(none)' to 'ZeroWireload'. (OPT-170)
Information: Changed wire load model for 'requant_rne_ACC_W22_DATA_WIDTH8_SHW5_14' from '(none)' to 'ZeroWireload'. (OPT-170)
Information: Changed wire load model for 'requant_rne_ACC_W22_DATA_WIDTH8_SHW5_15' from '(none)' to 'ZeroWireload'. (OPT-170)
Information: Changed wire load model for 'requant_rne_ACC_W22_DATA_WIDTH8_SHW5_16' from '(none)' to 'ZeroWireload'. (OPT-170)
Information: Changed wire load model for 'dyn_quant_M16_ACC_W22_DATA_WIDTH8' from '(none)' to 'ZeroWireload'. (OPT-170)
Information: Changed wire load model for 'requant_rne_ACC_W15_DATA_WIDTH8_SHW4_0' from '(none)' to 'ZeroWireload'. (OPT-170)
Information: Changed wire load model for 'requant_rne_ACC_W15_DATA_WIDTH8_SHW4_1' from '(none)' to 'ZeroWireload'. (OPT-170)
Information: Changed wire load model for 'requant_rne_ACC_W15_DATA_WIDTH8_SHW4_2' from '(none)' to 'ZeroWireload'. (OPT-170)
Information: Changed wire load model for 'requant_rne_ACC_W15_DATA_WIDTH8_SHW4_3' from '(none)' to 'ZeroWireload'. (OPT-170)
Information: Changed wire load model for 'requant_rne_ACC_W15_DATA_WIDTH8_SHW4_4' from '(none)' to 'ZeroWireload'. (OPT-170)
Information: Changed wire load model for 'requant_rne_ACC_W15_DATA_WIDTH8_SHW4_5' from '(none)' to 'ZeroWireload'. (OPT-170)
Information: Changed wire load model for 'requant_rne_ACC_W15_DATA_WIDTH8_SHW4_6' from '(none)' to 'ZeroWireload'. (OPT-170)
Information: Changed wire load model for 'requant_rne_ACC_W15_DATA_WIDTH8_SHW4_7' from '(none)' to 'ZeroWireload'. (OPT-170)
Information: Changed wire load model for 'requant_rne_ACC_W15_DATA_WIDTH8_SHW4_8' from '(none)' to 'ZeroWireload'. (OPT-170)
Information: Changed wire load model for 'requant_rne_ACC_W15_DATA_WIDTH8_SHW4_9' from '(none)' to 'ZeroWireload'. (OPT-170)
Information: Changed wire load model for 'requant_rne_ACC_W15_DATA_WIDTH8_SHW4_10' from '(none)' to 'ZeroWireload'. (OPT-170)
Information: Changed wire load model for 'requant_rne_ACC_W15_DATA_WIDTH8_SHW4_11' from '(none)' to 'ZeroWireload'. (OPT-170)
Information: Changed wire load model for 'requant_rne_ACC_W15_DATA_WIDTH8_SHW4_12' from '(none)' to 'ZeroWireload'. (OPT-170)
Information: Changed wire load model for 'requant_rne_ACC_W15_DATA_WIDTH8_SHW4_13' from '(none)' to 'ZeroWireload'. (OPT-170)
Information: Changed wire load model for 'requant_rne_ACC_W15_DATA_WIDTH8_SHW4_14' from '(none)' to 'ZeroWireload'. (OPT-170)
Information: Changed wire load model for 'requant_rne_ACC_W15_DATA_WIDTH8_SHW4_15' from '(none)' to 'ZeroWireload'. (OPT-170)
Information: Changed wire load model for 'dyn_quant_M16_ACC_W15_DATA_WIDTH8' from '(none)' to 'ZeroWireload'. (OPT-170)
Information: Changed wire load model for 'mlp_N_FEATURES32_HIDDEN116_HIDDEN216_DATA_WIDTH8' from '(none)' to 'ZeroWireload'. (OPT-170)
Module: DW01_add_width9, Ports: 29, Input: 19, Output: 10, Inout: 0
Module: DW01_add_width9, Registers: 0, Async set/reset: 0, Sync set/reset: 0
Module: DW01_add_width9, Ports: 29, Input: 19, Output: 10, Inout: 0
Module: DW01_add_width9, Registers: 0, Async set/reset: 0, Sync set/reset: 0
Module: DW01_add_width15, Ports: 47, Input: 31, Output: 16, Inout: 0
Module: DW01_add_width15, Registers: 0, Async set/reset: 0, Sync set/reset: 0
Module: DW01_add_width15, Ports: 47, Input: 31, Output: 16, Inout: 0
Module: DW01_add_width15, Registers: 0, Async set/reset: 0, Sync set/reset: 0
Module: DW01_cmp2_width15, Ports: 34, Input: 32, Output: 2, Inout: 0
Module: DW01_cmp2_width15, Registers: 0, Async set/reset: 0, Sync set/reset: 0
Module: DW02_mult_A_width8_B_width8, Ports: 33, Input: 17, Output: 16, Inout: 0
Module: DW02_mult_A_width8_B_width8, Registers: 0, Async set/reset: 0, Sync set/reset: 0
  Allocating blocks in 'DW02_mult_A_width8_B_width8'
Module: DW01_MUX, Ports: 4, Input: 3, Output: 1, Inout: 0
Module: DW01_MUX, Registers: 0, Async set/reset: 0, Sync set/reset: 0
Module: DW01_mmux_width2, Ports: 7, Input: 5, Output: 2, Inout: 0
Module: DW01_mmux_width2, Registers: 0, Async set/reset: 0, Sync set/reset: 0
Module: DW01_mmux_width3, Ports: 10, Input: 7, Output: 3, Inout: 0
Module: DW01_mmux_width3, Registers: 0, Async set/reset: 0, Sync set/reset: 0
Module: DW01_mmux_width4, Ports: 13, Input: 9, Output: 4, Inout: 0
Module: DW01_mmux_width4, Registers: 0, Async set/reset: 0, Sync set/reset: 0
Module: DW01_mmux_width5, Ports: 16, Input: 11, Output: 5, Inout: 0
Module: DW01_mmux_width5, Registers: 0, Async set/reset: 0, Sync set/reset: 0
Module: DW01_add_width14, Ports: 44, Input: 29, Output: 15, Inout: 0
Module: DW01_add_width14, Registers: 0, Async set/reset: 0, Sync set/reset: 0
Module: DW01_add_width17, Ports: 53, Input: 35, Output: 18, Inout: 0
Module: DW01_add_width17, Registers: 0, Async set/reset: 0, Sync set/reset: 0
Module: DW01_add_width17, Ports: 53, Input: 35, Output: 18, Inout: 0
Module: DW01_add_width17, Registers: 0, Async set/reset: 0, Sync set/reset: 0
Module: DW01_add_width18, Ports: 56, Input: 37, Output: 19, Inout: 0
Module: DW01_add_width18, Registers: 0, Async set/reset: 0, Sync set/reset: 0
Module: DW01_add_width18, Ports: 56, Input: 37, Output: 19, Inout: 0
Module: DW01_add_width18, Registers: 0, Async set/reset: 0, Sync set/reset: 0
Module: DW01_add_width19, Ports: 59, Input: 39, Output: 20, Inout: 0
Module: DW01_add_width19, Registers: 0, Async set/reset: 0, Sync set/reset: 0
Module: DW01_add_width19, Ports: 59, Input: 39, Output: 20, Inout: 0
Module: DW01_add_width19, Registers: 0, Async set/reset: 0, Sync set/reset: 0
Module: DW01_add_width20, Ports: 62, Input: 41, Output: 21, Inout: 0
Module: DW01_add_width20, Registers: 0, Async set/reset: 0, Sync set/reset: 0
Module: DW01_add_width20, Ports: 62, Input: 41, Output: 21, Inout: 0
Module: DW01_add_width20, Registers: 0, Async set/reset: 0, Sync set/reset: 0
Module: DW01_add_width21, Ports: 65, Input: 43, Output: 22, Inout: 0
Module: DW01_add_width21, Registers: 0, Async set/reset: 0, Sync set/reset: 0
Module: DW01_add_width21, Ports: 65, Input: 43, Output: 22, Inout: 0
Module: DW01_add_width21, Registers: 0, Async set/reset: 0, Sync set/reset: 0
Module: DW01_add_width22, Ports: 68, Input: 45, Output: 23, Inout: 0
Module: DW01_add_width22, Registers: 0, Async set/reset: 0, Sync set/reset: 0
Module: DW01_add_width22, Ports: 68, Input: 45, Output: 23, Inout: 0
Module: DW01_add_width22, Registers: 0, Async set/reset: 0, Sync set/reset: 0
Module: DW01_cmp2_width22, Ports: 48, Input: 46, Output: 2, Inout: 0
Module: DW01_cmp2_width22, Registers: 0, Async set/reset: 0, Sync set/reset: 0
Module: DW02_mult_A_width8_B_width1, Ports: 19, Input: 10, Output: 9, Inout: 0
Module: DW02_mult_A_width8_B_width1, Registers: 0, Async set/reset: 0, Sync set/reset: 0
  Allocating blocks in 'DW02_mult_A_width8_B_width1'
Module: DW01_absval_width8, Ports: 16, Input: 8, Output: 8, Inout: 0
Module: DW01_absval_width8, Registers: 0, Async set/reset: 0, Sync set/reset: 0
  Allocating blocks in 'DW01_absval_width8'
Module: DW01_inc_width8, Ports: 16, Input: 8, Output: 8, Inout: 0
Module: DW01_inc_width8, Registers: 0, Async set/reset: 0, Sync set/reset: 0
Module: DW01_absval_width1, Ports: 2, Input: 1, Output: 1, Inout: 0
Module: DW01_absval_width1, Registers: 0, Async set/reset: 0, Sync set/reset: 0
  Allocating blocks in 'DW01_absval_width1'
Module: DW01_inc_width1, Ports: 2, Input: 1, Output: 1, Inout: 0
Module: DW01_inc_width1, Registers: 0, Async set/reset: 0, Sync set/reset: 0
Module: DW01_inc_width9, Ports: 18, Input: 9, Output: 9, Inout: 0
Module: DW01_inc_width9, Registers: 0, Async set/reset: 0, Sync set/reset: 0
Module: DW01_sub_width15, Ports: 47, Input: 31, Output: 16, Inout: 0
Module: DW01_sub_width15, Registers: 0, Async set/reset: 0, Sync set/reset: 0
Module: DW01_sub_width15, Ports: 47, Input: 31, Output: 16, Inout: 0
Module: DW01_sub_width15, Registers: 0, Async set/reset: 0, Sync set/reset: 0
Module: DW01_cmp2_width4, Ports: 12, Input: 10, Output: 2, Inout: 0
Module: DW01_cmp2_width4, Registers: 0, Async set/reset: 0, Sync set/reset: 0
Module: DW01_sub_width4, Ports: 14, Input: 9, Output: 5, Inout: 0
Module: DW01_sub_width4, Registers: 0, Async set/reset: 0, Sync set/reset: 0
Module: DW01_sub_width4, Ports: 14, Input: 9, Output: 5, Inout: 0
Module: DW01_sub_width4, Registers: 0, Async set/reset: 0, Sync set/reset: 0
Module: DW01_sub_width22, Ports: 68, Input: 45, Output: 23, Inout: 0
Module: DW01_sub_width22, Registers: 0, Async set/reset: 0, Sync set/reset: 0
Module: DW01_sub_width22, Ports: 68, Input: 45, Output: 23, Inout: 0
Module: DW01_sub_width22, Registers: 0, Async set/reset: 0, Sync set/reset: 0
Module: DW01_cmp2_width5, Ports: 14, Input: 12, Output: 2, Inout: 0
Module: DW01_cmp2_width5, Registers: 0, Async set/reset: 0, Sync set/reset: 0
Module: DW01_sub_width5, Ports: 17, Input: 11, Output: 6, Inout: 0
Module: DW01_sub_width5, Registers: 0, Async set/reset: 0, Sync set/reset: 0
Module: DW01_sub_width5, Ports: 17, Input: 11, Output: 6, Inout: 0
Module: DW01_sub_width5, Registers: 0, Async set/reset: 0, Sync set/reset: 0
Module: DW_rash_A_width15_SH_width4, Ports: 36, Input: 21, Output: 15, Inout: 0
Module: DW_rash_A_width15_SH_width4, Registers: 0, Async set/reset: 0, Sync set/reset: 0
Module: DW01_ash_A_width15_SH_width4, Ports: 36, Input: 21, Output: 15, Inout: 0
Module: DW01_ash_A_width15_SH_width4, Registers: 0, Async set/reset: 0, Sync set/reset: 0
Module: DW01_dec_width5, Ports: 10, Input: 5, Output: 5, Inout: 0
Module: DW01_dec_width5, Registers: 0, Async set/reset: 0, Sync set/reset: 0
Module: DW01_ash_A_width15_SH_width32, Ports: 64, Input: 49, Output: 15, Inout: 0
Module: DW01_ash_A_width15_SH_width32, Registers: 0, Async set/reset: 0, Sync set/reset: 0
  Allocating blocks in 'DW01_ash_A_width15_SH_width32'
Module: DW01_NAND2, Ports: 3, Input: 2, Output: 1, Inout: 0
Module: DW01_NAND2, Registers: 0, Async set/reset: 0, Sync set/reset: 0
Module: DW01_NOT, Ports: 2, Input: 1, Output: 1, Inout: 0
Module: DW01_NOT, Registers: 0, Async set/reset: 0, Sync set/reset: 0
Module: DW01_cmp6_width15, Ports: 37, Input: 31, Output: 6, Inout: 0
Module: DW01_cmp6_width15, Registers: 0, Async set/reset: 0, Sync set/reset: 0
Module: DW_rash_A_width22_SH_width5, Ports: 51, Input: 29, Output: 22, Inout: 0
Module: DW_rash_A_width22_SH_width5, Registers: 0, Async set/reset: 0, Sync set/reset: 0
Module: DW01_ash_A_width22_SH_width5, Ports: 51, Input: 29, Output: 22, Inout: 0
Module: DW01_ash_A_width22_SH_width5, Registers: 0, Async set/reset: 0, Sync set/reset: 0
Module: DW01_dec_width6, Ports: 12, Input: 6, Output: 6, Inout: 0
Module: DW01_dec_width6, Registers: 0, Async set/reset: 0, Sync set/reset: 0
Module: DW01_ash_A_width22_SH_width32, Ports: 78, Input: 56, Output: 22, Inout: 0
Module: DW01_ash_A_width22_SH_width32, Registers: 0, Async set/reset: 0, Sync set/reset: 0
  Allocating blocks in 'DW01_ash_A_width22_SH_width32'
Module: DW01_cmp6_width22, Ports: 51, Input: 45, Output: 6, Inout: 0
Module: DW01_cmp6_width22, Registers: 0, Async set/reset: 0, Sync set/reset: 0
Information: Changed wire load model for 'DW02_mult_A_width8_B_width1' from '(none)' to 'ZeroWireload'. (OPT-170)
Information: Changed wire load model for '*MULT_UNS_OP_8_1_8' from '(none)' to 'ZeroWireload'. (OPT-170)
Information: Changed wire load model for 'DW02_mult_A_width8_B_width1' from '(none)' to 'ZeroWireload'. (OPT-170)
Information: Changed wire load model for '*MULT_UNS_OP_8_1_8' from '(none)' to 'ZeroWireload'. (OPT-170)
Information: Changed wire load model for 'DW02_mult_A_width8_B_width1' from '(none)' to 'ZeroWireload'. (OPT-170)
Information: Changed wire load model for '*MULT_UNS_OP_8_1_8' from '(none)' to 'ZeroWireload'. (OPT-170)
Information: Changed wire load model for 'DW02_mult_A_width8_B_width1' from '(none)' to 'ZeroWireload'. (OPT-170)
Information: Changed wire load model for '*MULT_UNS_OP_8_1_8' from '(none)' to 'ZeroWireload'. (OPT-170)
Information: Changed wire load model for 'DW02_mult_A_width8_B_width1' from '(none)' to 'ZeroWireload'. (OPT-170)
Information: Changed wire load model for '*MULT_UNS_OP_8_1_8' from '(none)' to 'ZeroWireload'. (OPT-170)
Information: Changed wire load model for 'DW02_mult_A_width8_B_width1' from '(none)' to 'ZeroWireload'. (OPT-170)
Information: Changed wire load model for '*MULT_UNS_OP_8_1_8' from '(none)' to 'ZeroWireload'. (OPT-170)
Information: Changed wire load model for 'DW02_mult_A_width8_B_width1' from '(none)' to 'ZeroWireload'. (OPT-170)
Information: Changed wire load model for '*MULT_UNS_OP_8_1_8' from '(none)' to 'ZeroWireload'. (OPT-170)
Information: Changed wire load model for 'DW02_mult_A_width8_B_width1' from '(none)' to 'ZeroWireload'. (OPT-170)
Information: Changed wire load model for '*MULT_UNS_OP_8_1_8' from '(none)' to 'ZeroWireload'. (OPT-170)
Information: Changed wire load model for 'DW02_mult_A_width8_B_width1' from '(none)' to 'ZeroWireload'. (OPT-170)
Information: Changed wire load model for '*MULT_UNS_OP_8_1_8' from '(none)' to 'ZeroWireload'. (OPT-170)
Information: Changed wire load model for 'DW02_mult_A_width8_B_width1' from '(none)' to 'ZeroWireload'. (OPT-170)
Information: Changed wire load model for '*MULT_UNS_OP_8_1_8' from '(none)' to 'ZeroWireload'. (OPT-170)
Information: Changed wire load model for 'DW02_mult_A_width8_B_width1' from '(none)' to 'ZeroWireload'. (OPT-170)
Information: Changed wire load model for '*MULT_UNS_OP_8_1_8' from '(none)' to 'ZeroWireload'. (OPT-170)
Information: Changed wire load model for 'DW02_mult_A_width8_B_width1' from '(none)' to 'ZeroWireload'. (OPT-170)
Information: Changed wire load model for '*MULT_UNS_OP_8_1_8' from '(none)' to 'ZeroWireload'. (OPT-170)
Information: Changed wire load model for 'DW02_mult_A_width8_B_width1' from '(none)' to 'ZeroWireload'. (OPT-170)
Information: Changed wire load model for '*MULT_UNS_OP_8_1_8' from '(none)' to 'ZeroWireload'. (OPT-170)
Information: Changed wire load model for 'DW02_mult_A_width8_B_width1' from '(none)' to 'ZeroWireload'. (OPT-170)
Information: Changed wire load model for '*MULT_UNS_OP_8_1_8' from '(none)' to 'ZeroWireload'. (OPT-170)
Information: Changed wire load model for 'DW02_mult_A_width8_B_width1' from '(none)' to 'ZeroWireload'. (OPT-170)
Information: Changed wire load model for '*MULT_UNS_OP_8_1_8' from '(none)' to 'ZeroWireload'. (OPT-170)
Information: Changed wire load model for 'DW02_mult_A_width8_B_width1' from '(none)' to 'ZeroWireload'. (OPT-170)
Information: Changed wire load model for '*MULT_UNS_OP_8_1_8' from '(none)' to 'ZeroWireload'. (OPT-170)
Information: Changed wire load model for 'DW02_mult_A_width8_B_width1' from '(none)' to 'ZeroWireload'. (OPT-170)
Information: Changed wire load model for '*MULT_UNS_OP_8_1_8' from '(none)' to 'ZeroWireload'. (OPT-170)
Information: Changed wire load model for 'DW02_mult_A_width8_B_width1' from '(none)' to 'ZeroWireload'. (OPT-170)
Information: Changed wire load model for '*MULT_UNS_OP_8_1_8' from '(none)' to 'ZeroWireload'. (OPT-170)
Information: Changed wire load model for 'DW02_mult_A_width8_B_width1' from '(none)' to 'ZeroWireload'. (OPT-170)
Information: Changed wire load model for '*MULT_UNS_OP_8_1_8' from '(none)' to 'ZeroWireload'. (OPT-170)
Information: Changed wire load model for 'DW02_mult_A_width8_B_width1' from '(none)' to 'ZeroWireload'. (OPT-170)
Information: Changed wire load model for '*MULT_UNS_OP_8_1_8' from '(none)' to 'ZeroWireload'. (OPT-170)
Information: Changed wire load model for 'DW02_mult_A_width8_B_width1' from '(none)' to 'ZeroWireload'. (OPT-170)
Information: Changed wire load model for '*MULT_UNS_OP_8_1_8' from '(none)' to 'ZeroWireload'. (OPT-170)
Information: Changed wire load model for 'DW02_mult_A_width8_B_width1' from '(none)' to 'ZeroWireload'. (OPT-170)
Information: Changed wire load model for '*MULT_UNS_OP_8_1_8' from '(none)' to 'ZeroWireload'. (OPT-170)
Information: Changed wire load model for 'DW02_mult_A_width8_B_width1' from '(none)' to 'ZeroWireload'. (OPT-170)
Information: Changed wire load model for '*MULT_UNS_OP_8_1_8' from '(none)' to 'ZeroWireload'. (OPT-170)
Information: Changed wire load model for 'DW02_mult_A_width8_B_width1' from '(none)' to 'ZeroWireload'. (OPT-170)
Information: Changed wire load model for '*MULT_UNS_OP_8_1_8' from '(none)' to 'ZeroWireload'. (OPT-170)
Information: Changed wire load model for 'DW02_mult_A_width8_B_width1' from '(none)' to 'ZeroWireload'. (OPT-170)
Information: Changed wire load model for '*MULT_UNS_OP_8_1_8' from '(none)' to 'ZeroWireload'. (OPT-170)
Information: Changed wire load model for 'DW02_mult_A_width8_B_width1' from '(none)' to 'ZeroWireload'. (OPT-170)
Information: Changed wire load model for '*MULT_UNS_OP_8_1_8' from '(none)' to 'ZeroWireload'. (OPT-170)
Information: Changed wire load model for 'DW02_mult_A_width8_B_width1' from '(none)' to 'ZeroWireload'. (OPT-170)
Information: Changed wire load model for '*MULT_UNS_OP_8_1_8' from '(none)' to 'ZeroWireload'. (OPT-170)
Information: Changed wire load model for 'DW02_mult_A_width8_B_width1' from '(none)' to 'ZeroWireload'. (OPT-170)
Information: Changed wire load model for '*MULT_UNS_OP_8_1_8' from '(none)' to 'ZeroWireload'. (OPT-170)
Information: Changed wire load model for 'DW02_mult_A_width8_B_width1' from '(none)' to 'ZeroWireload'. (OPT-170)
Information: Changed wire load model for '*MULT_UNS_OP_8_1_8' from '(none)' to 'ZeroWireload'. (OPT-170)
Information: Changed wire load model for 'DW02_mult_A_width8_B_width1' from '(none)' to 'ZeroWireload'. (OPT-170)
Information: Changed wire load model for '*MULT_UNS_OP_8_1_8' from '(none)' to 'ZeroWireload'. (OPT-170)
Information: Changed wire load model for 'DW02_mult_A_width8_B_width1' from '(none)' to 'ZeroWireload'. (OPT-170)
Information: Changed wire load model for '*MULT_UNS_OP_8_1_8' from '(none)' to 'ZeroWireload'. (OPT-170)
Information: Changed wire load model for 'DW02_mult_A_width8_B_width1' from '(none)' to 'ZeroWireload'. (OPT-170)
Information: Changed wire load model for '*MULT_UNS_OP_8_1_8' from '(none)' to 'ZeroWireload'. (OPT-170)
Information: Changed wire load model for 'DW02_mult_A_width8_B_width1' from '(none)' to 'ZeroWireload'. (OPT-170)
Information: Changed wire load model for '*MULT_UNS_OP_8_1_8' from '(none)' to 'ZeroWireload'. (OPT-170)
Information: Changed wire load model for 'DW02_mult_A_width8_B_width1' from '(none)' to 'ZeroWireload'. (OPT-170)
Information: Changed wire load model for '*MULT_UNS_OP_8_1_8' from '(none)' to 'ZeroWireload'. (OPT-170)
Information: Changed wire load model for 'DW02_mult_A_width8_B_width1' from '(none)' to 'ZeroWireload'. (OPT-170)
Information: Changed wire load model for '*MULT_UNS_OP_8_1_8' from '(none)' to 'ZeroWireload'. (OPT-170)
Information: Changed wire load model for 'DW02_mult_A_width8_B_width1' from '(none)' to 'ZeroWireload'. (OPT-170)
Information: Changed wire load model for '*MULT_UNS_OP_8_1_8' from '(none)' to 'ZeroWireload'. (OPT-170)
Information: Changed wire load model for 'DW02_mult_A_width8_B_width1' from '(none)' to 'ZeroWireload'. (OPT-170)
Information: Changed wire load model for '*MULT_UNS_OP_8_1_8' from '(none)' to 'ZeroWireload'. (OPT-170)
Information: Changed wire load model for 'DW02_mult_A_width8_B_width1' from '(none)' to 'ZeroWireload'. (OPT-170)
Information: Changed wire load model for '*MULT_UNS_OP_8_1_8' from '(none)' to 'ZeroWireload'. (OPT-170)
Information: Changed wire load model for 'DW02_mult_A_width8_B_width1' from '(none)' to 'ZeroWireload'. (OPT-170)
Information: Changed wire load model for '*MULT_UNS_OP_8_1_8' from '(none)' to 'ZeroWireload'. (OPT-170)
Information: Changed wire load model for 'DW02_mult_A_width8_B_width1' from '(none)' to 'ZeroWireload'. (OPT-170)
Information: Changed wire load model for '*MULT_UNS_OP_8_1_8' from '(none)' to 'ZeroWireload'. (OPT-170)
Information: Changed wire load model for 'DW02_mult_A_width8_B_width1' from '(none)' to 'ZeroWireload'. (OPT-170)
Information: Changed wire load model for '*MULT_UNS_OP_8_1_8' from '(none)' to 'ZeroWireload'. (OPT-170)
Information: Changed wire load model for 'DW02_mult_A_width8_B_width1' from '(none)' to 'ZeroWireload'. (OPT-170)
Information: Changed wire load model for '*MULT_UNS_OP_8_1_8' from '(none)' to 'ZeroWireload'. (OPT-170)
Information: Changed wire load model for 'DW02_mult_A_width8_B_width1' from '(none)' to 'ZeroWireload'. (OPT-170)
Information: Changed wire load model for '*MULT_UNS_OP_8_1_8' from '(none)' to 'ZeroWireload'. (OPT-170)
Information: Changed wire load model for 'DW02_mult_A_width8_B_width1' from '(none)' to 'ZeroWireload'. (OPT-170)
Information: Changed wire load model for '*MULT_UNS_OP_8_1_8' from '(none)' to 'ZeroWireload'. (OPT-170)
Information: Changed wire load model for 'DW02_mult_A_width8_B_width1' from '(none)' to 'ZeroWireload'. (OPT-170)
Information: Changed wire load model for '*MULT_UNS_OP_8_1_8' from '(none)' to 'ZeroWireload'. (OPT-170)
Information: Changed wire load model for 'DW02_mult_A_width8_B_width1' from '(none)' to 'ZeroWireload'. (OPT-170)
Information: Changed wire load model for '*MULT_UNS_OP_8_1_8' from '(none)' to 'ZeroWireload'. (OPT-170)
Information: Changed wire load model for 'DW02_mult_A_width8_B_width1' from '(none)' to 'ZeroWireload'. (OPT-170)
Information: Changed wire load model for '*MULT_UNS_OP_8_1_8' from '(none)' to 'ZeroWireload'. (OPT-170)
Information: Changed wire load model for 'DW02_mult_A_width8_B_width1' from '(none)' to 'ZeroWireload'. (OPT-170)
Information: Changed wire load model for '*MULT_UNS_OP_8_1_8' from '(none)' to 'ZeroWireload'. (OPT-170)
Information: Changed wire load model for 'DW02_mult_A_width8_B_width1' from '(none)' to 'ZeroWireload'. (OPT-170)
Information: Changed wire load model for '*MULT_UNS_OP_8_1_8' from '(none)' to 'ZeroWireload'. (OPT-170)
Information: Changed wire load model for 'DW02_mult_A_width8_B_width1' from '(none)' to 'ZeroWireload'. (OPT-170)
Information: Changed wire load model for '*MULT_UNS_OP_8_1_8' from '(none)' to 'ZeroWireload'. (OPT-170)
Information: Changed wire load model for 'DW02_mult_A_width8_B_width1' from '(none)' to 'ZeroWireload'. (OPT-170)
Information: Changed wire load model for '*MULT_UNS_OP_8_1_8' from '(none)' to 'ZeroWireload'. (OPT-170)
Information: Changed wire load model for 'DW02_mult_A_width8_B_width1' from '(none)' to 'ZeroWireload'. (OPT-170)
Information: Changed wire load model for '*MULT_UNS_OP_8_1_8' from '(none)' to 'ZeroWireload'. (OPT-170)
Information: Changed wire load model for 'DW02_mult_A_width8_B_width1' from '(none)' to 'ZeroWireload'. (OPT-170)
Information: Changed wire load model for '*MULT_UNS_OP_8_1_8' from '(none)' to 'ZeroWireload'. (OPT-170)
Information: Changed wire load model for 'DW02_mult_A_width8_B_width1' from '(none)' to 'ZeroWireload'. (OPT-170)
Information: Changed wire load model for '*MULT_UNS_OP_8_1_8' from '(none)' to 'ZeroWireload'. (OPT-170)
Information: Changed wire load model for 'DW02_mult_A_width8_B_width1' from '(none)' to 'ZeroWireload'. (OPT-170)
Information: Changed wire load model for '*MULT_UNS_OP_8_1_8' from '(none)' to 'ZeroWireload'. (OPT-170)
Information: Changed wire load model for 'DW02_mult_A_width8_B_width1' from '(none)' to 'ZeroWireload'. (OPT-170)
Information: Changed wire load model for '*MULT_UNS_OP_8_1_8' from '(none)' to 'ZeroWireload'. (OPT-170)
Information: Changed wire load model for 'DW02_mult_A_width8_B_width1' from '(none)' to 'ZeroWireload'. (OPT-170)
Information: Changed wire load model for '*MULT_UNS_OP_8_1_8' from '(none)' to 'ZeroWireload'. (OPT-170)
Information: Changed wire load model for 'DW02_mult_A_width8_B_width1' from '(none)' to 'ZeroWireload'. (OPT-170)
Information: Changed wire load model for '*MULT_UNS_OP_8_1_8' from '(none)' to 'ZeroWireload'. (OPT-170)
Information: Changed wire load model for 'DW02_mult_A_width8_B_width1' from '(none)' to 'ZeroWireload'. (OPT-170)
Information: Changed wire load model for '*MULT_UNS_OP_8_1_8' from '(none)' to 'ZeroWireload'. (OPT-170)
Information: Changed wire load model for 'DW02_mult_A_width8_B_width1' from '(none)' to 'ZeroWireload'. (OPT-170)
Information: Changed wire load model for '*MULT_UNS_OP_8_1_8' from '(none)' to 'ZeroWireload'. (OPT-170)
Information: Changed wire load model for 'DW02_mult_A_width8_B_width1' from '(none)' to 'ZeroWireload'. (OPT-170)
Information: Changed wire load model for '*MULT_UNS_OP_8_1_8' from '(none)' to 'ZeroWireload'. (OPT-170)
Information: Changed wire load model for 'DW02_mult_A_width8_B_width1' from '(none)' to 'ZeroWireload'. (OPT-170)
Information: Changed wire load model for '*MULT_UNS_OP_8_1_8' from '(none)' to 'ZeroWireload'. (OPT-170)
Information: Changed wire load model for 'DW02_mult_A_width8_B_width1' from '(none)' to 'ZeroWireload'. (OPT-170)
Information: Changed wire load model for '*MULT_UNS_OP_8_1_8' from '(none)' to 'ZeroWireload'. (OPT-170)
Information: Changed wire load model for 'DW02_mult_A_width8_B_width1' from '(none)' to 'ZeroWireload'. (OPT-170)
Information: Changed wire load model for '*MULT_UNS_OP_8_1_8' from '(none)' to 'ZeroWireload'. (OPT-170)
Information: Changed wire load model for 'DW02_mult_A_width8_B_width1' from '(none)' to 'ZeroWireload'. (OPT-170)
Information: Changed wire load model for '*MULT_UNS_OP_8_1_8' from '(none)' to 'ZeroWireload'. (OPT-170)
Information: Changed wire load model for 'DW02_mult_A_width8_B_width1' from '(none)' to 'ZeroWireload'. (OPT-170)
Information: Changed wire load model for '*MULT_UNS_OP_8_1_8' from '(none)' to 'ZeroWireload'. (OPT-170)
Information: Changed wire load model for 'DW02_mult_A_width8_B_width1' from '(none)' to 'ZeroWireload'. (OPT-170)
Information: Changed wire load model for '*MULT_UNS_OP_8_1_8' from '(none)' to 'ZeroWireload'. (OPT-170)
Information: Changed wire load model for 'DW02_mult_A_width8_B_width1' from '(none)' to 'ZeroWireload'. (OPT-170)
Information: Changed wire load model for '*MULT_UNS_OP_8_1_8' from '(none)' to 'ZeroWireload'. (OPT-170)
Information: Changed wire load model for 'DW02_mult_A_width8_B_width1' from '(none)' to 'ZeroWireload'. (OPT-170)
Information: Changed wire load model for '*MULT_UNS_OP_8_1_8' from '(none)' to 'ZeroWireload'. (OPT-170)
Information: Changed wire load model for 'DW02_mult_A_width8_B_width1' from '(none)' to 'ZeroWireload'. (OPT-170)
Information: Changed wire load model for '*MULT_UNS_OP_8_1_8' from '(none)' to 'ZeroWireload'. (OPT-170)
Information: Changed wire load model for 'DW02_mult_A_width8_B_width1' from '(none)' to 'ZeroWireload'. (OPT-170)
Information: Changed wire load model for '*MULT_UNS_OP_8_1_8' from '(none)' to 'ZeroWireload'. (OPT-170)
Information: Changed wire load model for 'DW02_mult_A_width8_B_width1' from '(none)' to 'ZeroWireload'. (OPT-170)
Information: Changed wire load model for '*MULT_UNS_OP_8_1_8' from '(none)' to 'ZeroWireload'. (OPT-170)
Information: Changed wire load model for 'DW02_mult_A_width8_B_width1' from '(none)' to 'ZeroWireload'. (OPT-170)
Information: Changed wire load model for '*MULT_UNS_OP_8_1_8' from '(none)' to 'ZeroWireload'. (OPT-170)
Information: Changed wire load model for 'DW02_mult_A_width8_B_width1' from '(none)' to 'ZeroWireload'. (OPT-170)
Information: Changed wire load model for '*MULT_UNS_OP_8_1_8' from '(none)' to 'ZeroWireload'. (OPT-170)
Information: Changed wire load model for 'DW02_mult_A_width8_B_width1' from '(none)' to 'ZeroWireload'. (OPT-170)
Information: Changed wire load model for '*MULT_UNS_OP_8_1_8' from '(none)' to 'ZeroWireload'. (OPT-170)
Information: Changed wire load model for 'DW02_mult_A_width8_B_width1' from '(none)' to 'ZeroWireload'. (OPT-170)
Information: Changed wire load model for '*MULT_UNS_OP_8_1_8' from '(none)' to 'ZeroWireload'. (OPT-170)
Information: Changed wire load model for 'DW02_mult_A_width8_B_width1' from '(none)' to 'ZeroWireload'. (OPT-170)
Information: Changed wire load model for '*MULT_UNS_OP_8_1_8' from '(none)' to 'ZeroWireload'. (OPT-170)
Information: Changed wire load model for 'DW02_mult_A_width8_B_width1' from '(none)' to 'ZeroWireload'. (OPT-170)
Information: Changed wire load model for '*MULT_UNS_OP_8_1_8' from '(none)' to 'ZeroWireload'. (OPT-170)
Information: Changed wire load model for 'DW02_mult_A_width8_B_width1' from '(none)' to 'ZeroWireload'. (OPT-170)
Information: Changed wire load model for '*MULT_UNS_OP_8_1_8' from '(none)' to 'ZeroWireload'. (OPT-170)
Information: Changed wire load model for 'DW02_mult_A_width8_B_width1' from '(none)' to 'ZeroWireload'. (OPT-170)
Information: Changed wire load model for '*MULT_UNS_OP_8_1_8' from '(none)' to 'ZeroWireload'. (OPT-170)
Information: Changed wire load model for 'DW02_mult_A_width8_B_width1' from '(none)' to 'ZeroWireload'. (OPT-170)
Information: Changed wire load model for '*MULT_UNS_OP_8_1_8' from '(none)' to 'ZeroWireload'. (OPT-170)
Information: Changed wire load model for 'DW02_mult_A_width8_B_width1' from '(none)' to 'ZeroWireload'. (OPT-170)
Information: Changed wire load model for '*MULT_UNS_OP_8_1_8' from '(none)' to 'ZeroWireload'. (OPT-170)
Information: Changed wire load model for 'DW02_mult_A_width8_B_width1' from '(none)' to 'ZeroWireload'. (OPT-170)
Information: Changed wire load model for '*MULT_UNS_OP_8_1_8' from '(none)' to 'ZeroWireload'. (OPT-170)
Information: Changed wire load model for 'DW02_mult_A_width8_B_width1' from '(none)' to 'ZeroWireload'. (OPT-170)
Information: Changed wire load model for '*MULT_UNS_OP_8_1_8' from '(none)' to 'ZeroWireload'. (OPT-170)
Information: Changed wire load model for 'DW02_mult_A_width8_B_width1' from '(none)' to 'ZeroWireload'. (OPT-170)
Information: Changed wire load model for '*MULT_UNS_OP_8_1_8' from '(none)' to 'ZeroWireload'. (OPT-170)
Information: Changed wire load model for 'DW02_mult_A_width8_B_width1' from '(none)' to 'ZeroWireload'. (OPT-170)
Information: Changed wire load model for '*MULT_UNS_OP_8_1_8' from '(none)' to 'ZeroWireload'. (OPT-170)
Information: Changed wire load model for 'DW02_mult_A_width8_B_width1' from '(none)' to 'ZeroWireload'. (OPT-170)
Information: Changed wire load model for '*MULT_UNS_OP_8_1_8' from '(none)' to 'ZeroWireload'. (OPT-170)
Information: Changed wire load model for 'DW02_mult_A_width8_B_width1' from '(none)' to 'ZeroWireload'. (OPT-170)
Information: Changed wire load model for '*MULT_UNS_OP_8_1_8' from '(none)' to 'ZeroWireload'. (OPT-170)
Information: Changed wire load model for 'DW02_mult_A_width8_B_width1' from '(none)' to 'ZeroWireload'. (OPT-170)
Information: Changed wire load model for '*MULT_UNS_OP_8_1_8' from '(none)' to 'ZeroWireload'. (OPT-170)
Information: Changed wire load model for 'DW02_mult_A_width8_B_width1' from '(none)' to 'ZeroWireload'. (OPT-170)
Information: Changed wire load model for '*MULT_UNS_OP_8_1_8' from '(none)' to 'ZeroWireload'. (OPT-170)
Information: Changed wire load model for 'DW02_mult_A_width8_B_width1' from '(none)' to 'ZeroWireload'. (OPT-170)
Information: Changed wire load model for '*MULT_UNS_OP_8_1_8' from '(none)' to 'ZeroWireload'. (OPT-170)
Information: Changed wire load model for 'DW02_mult_A_width8_B_width1' from '(none)' to 'ZeroWireload'. (OPT-170)
Information: Changed wire load model for '*MULT_UNS_OP_8_1_8' from '(none)' to 'ZeroWireload'. (OPT-170)
Information: Changed wire load model for 'DW02_mult_A_width8_B_width1' from '(none)' to 'ZeroWireload'. (OPT-170)
Information: Changed wire load model for '*MULT_UNS_OP_8_1_8' from '(none)' to 'ZeroWireload'. (OPT-170)
Information: Changed wire load model for 'DW02_mult_A_width8_B_width1' from '(none)' to 'ZeroWireload'. (OPT-170)
Information: Changed wire load model for '*MULT_UNS_OP_8_1_8' from '(none)' to 'ZeroWireload'. (OPT-170)
Information: Changed wire load model for 'DW02_mult_A_width8_B_width1' from '(none)' to 'ZeroWireload'. (OPT-170)
Information: Changed wire load model for '*MULT_UNS_OP_8_1_8' from '(none)' to 'ZeroWireload'. (OPT-170)
Information: Changed wire load model for 'DW02_mult_A_width8_B_width1' from '(none)' to 'ZeroWireload'. (OPT-170)
Information: Changed wire load model for '*MULT_UNS_OP_8_1_8' from '(none)' to 'ZeroWireload'. (OPT-170)
Information: Changed wire load model for 'DW02_mult_A_width8_B_width1' from '(none)' to 'ZeroWireload'. (OPT-170)
Information: Changed wire load model for '*MULT_UNS_OP_8_1_8' from '(none)' to 'ZeroWireload'. (OPT-170)
Information: Changed wire load model for 'DW02_mult_A_width8_B_width1' from '(none)' to 'ZeroWireload'. (OPT-170)
Information: Changed wire load model for '*MULT_UNS_OP_8_1_8' from '(none)' to 'ZeroWireload'. (OPT-170)
Information: Changed wire load model for 'DW02_mult_A_width8_B_width1' from '(none)' to 'ZeroWireload'. (OPT-170)
Information: Changed wire load model for '*MULT_UNS_OP_8_1_8' from '(none)' to 'ZeroWireload'. (OPT-170)
Information: Changed wire load model for 'DW02_mult_A_width8_B_width1' from '(none)' to 'ZeroWireload'. (OPT-170)
Information: Changed wire load model for '*MULT_UNS_OP_8_1_8' from '(none)' to 'ZeroWireload'. (OPT-170)
Information: Changed wire load model for 'DW02_mult_A_width8_B_width1' from '(none)' to 'ZeroWireload'. (OPT-170)
Information: Changed wire load model for '*MULT_UNS_OP_8_1_8' from '(none)' to 'ZeroWireload'. (OPT-170)
Information: Changed wire load model for 'DW02_mult_A_width8_B_width1' from '(none)' to 'ZeroWireload'. (OPT-170)
Information: Changed wire load model for '*MULT_UNS_OP_8_1_8' from '(none)' to 'ZeroWireload'. (OPT-170)
Information: Changed wire load model for 'DW02_mult_A_width8_B_width1' from '(none)' to 'ZeroWireload'. (OPT-170)
Information: Changed wire load model for '*MULT_UNS_OP_8_1_8' from '(none)' to 'ZeroWireload'. (OPT-170)
Information: Changed wire load model for 'DW02_mult_A_width8_B_width1' from '(none)' to 'ZeroWireload'. (OPT-170)
Information: Changed wire load model for '*MULT_UNS_OP_8_1_8' from '(none)' to 'ZeroWireload'. (OPT-170)
Information: Changed wire load model for 'DW02_mult_A_width8_B_width1' from '(none)' to 'ZeroWireload'. (OPT-170)
Information: Changed wire load model for '*MULT_UNS_OP_8_1_8' from '(none)' to 'ZeroWireload'. (OPT-170)
Information: Changed wire load model for 'DW02_mult_A_width8_B_width1' from '(none)' to 'ZeroWireload'. (OPT-170)
Information: Changed wire load model for '*MULT_UNS_OP_8_1_8' from '(none)' to 'ZeroWireload'. (OPT-170)
Information: Changed wire load model for 'DW02_mult_A_width8_B_width1' from '(none)' to 'ZeroWireload'. (OPT-170)
Information: Changed wire load model for '*MULT_UNS_OP_8_1_8' from '(none)' to 'ZeroWireload'. (OPT-170)
Information: Changed wire load model for 'DW02_mult_A_width8_B_width1' from '(none)' to 'ZeroWireload'. (OPT-170)
Information: Changed wire load model for '*MULT_UNS_OP_8_1_8' from '(none)' to 'ZeroWireload'. (OPT-170)
Information: Changed wire load model for 'DW02_mult_A_width8_B_width1' from '(none)' to 'ZeroWireload'. (OPT-170)
Information: Changed wire load model for '*MULT_UNS_OP_8_1_8' from '(none)' to 'ZeroWireload'. (OPT-170)
Information: Changed wire load model for 'DW02_mult_A_width8_B_width1' from '(none)' to 'ZeroWireload'. (OPT-170)
Information: Changed wire load model for '*MULT_UNS_OP_8_1_8' from '(none)' to 'ZeroWireload'. (OPT-170)
Information: Changed wire load model for 'DW02_mult_A_width8_B_width1' from '(none)' to 'ZeroWireload'. (OPT-170)
Information: Changed wire load model for '*MULT_UNS_OP_8_1_8' from '(none)' to 'ZeroWireload'. (OPT-170)
Information: Changed wire load model for 'DW02_mult_A_width8_B_width1' from '(none)' to 'ZeroWireload'. (OPT-170)
Information: Changed wire load model for '*MULT_UNS_OP_8_1_8' from '(none)' to 'ZeroWireload'. (OPT-170)
Information: Changed wire load model for 'DW02_mult_A_width8_B_width1' from '(none)' to 'ZeroWireload'. (OPT-170)
Information: Changed wire load model for '*MULT_UNS_OP_8_1_8' from '(none)' to 'ZeroWireload'. (OPT-170)
Information: Changed wire load model for 'DW02_mult_A_width8_B_width1' from '(none)' to 'ZeroWireload'. (OPT-170)
Information: Changed wire load model for '*MULT_UNS_OP_8_1_8' from '(none)' to 'ZeroWireload'. (OPT-170)
Information: Changed wire load model for 'DW02_mult_A_width8_B_width1' from '(none)' to 'ZeroWireload'. (OPT-170)
Information: Changed wire load model for '*MULT_UNS_OP_8_1_8' from '(none)' to 'ZeroWireload'. (OPT-170)
Information: Changed wire load model for 'DW02_mult_A_width8_B_width1' from '(none)' to 'ZeroWireload'. (OPT-170)
Information: Changed wire load model for '*MULT_UNS_OP_8_1_8' from '(none)' to 'ZeroWireload'. (OPT-170)
Information: Changed wire load model for 'DW02_mult_A_width8_B_width1' from '(none)' to 'ZeroWireload'. (OPT-170)
Information: Changed wire load model for '*MULT_UNS_OP_8_1_8' from '(none)' to 'ZeroWireload'. (OPT-170)
Information: Changed wire load model for 'DW02_mult_A_width8_B_width1' from '(none)' to 'ZeroWireload'. (OPT-170)
Information: Changed wire load model for '*MULT_UNS_OP_8_1_8' from '(none)' to 'ZeroWireload'. (OPT-170)
Information: Changed wire load model for 'DW02_mult_A_width8_B_width1' from '(none)' to 'ZeroWireload'. (OPT-170)
Information: Changed wire load model for '*MULT_UNS_OP_8_1_8' from '(none)' to 'ZeroWireload'. (OPT-170)
Information: Changed wire load model for 'DW02_mult_A_width8_B_width1' from '(none)' to 'ZeroWireload'. (OPT-170)
Information: Changed wire load model for '*MULT_UNS_OP_8_1_8' from '(none)' to 'ZeroWireload'. (OPT-170)
Information: Changed wire load model for 'DW02_mult_A_width8_B_width1' from '(none)' to 'ZeroWireload'. (OPT-170)
Information: Changed wire load model for '*MULT_UNS_OP_8_1_8' from '(none)' to 'ZeroWireload'. (OPT-170)
Information: Changed wire load model for 'DW02_mult_A_width8_B_width1' from '(none)' to 'ZeroWireload'. (OPT-170)
Information: Changed wire load model for '*MULT_UNS_OP_8_1_8' from '(none)' to 'ZeroWireload'. (OPT-170)
Information: Changed wire load model for 'DW02_mult_A_width8_B_width1' from '(none)' to 'ZeroWireload'. (OPT-170)
Information: Changed wire load model for '*MULT_UNS_OP_8_1_8' from '(none)' to 'ZeroWireload'. (OPT-170)
Information: Changed wire load model for 'DW02_mult_A_width8_B_width1' from '(none)' to 'ZeroWireload'. (OPT-170)
Information: Changed wire load model for '*MULT_UNS_OP_8_1_8' from '(none)' to 'ZeroWireload'. (OPT-170)
Information: Changed wire load model for 'DW02_mult_A_width8_B_width1' from '(none)' to 'ZeroWireload'. (OPT-170)
Information: Changed wire load model for '*MULT_UNS_OP_8_1_8' from '(none)' to 'ZeroWireload'. (OPT-170)
Information: Changed wire load model for 'DW02_mult_A_width8_B_width1' from '(none)' to 'ZeroWireload'. (OPT-170)
Information: Changed wire load model for '*MULT_UNS_OP_8_1_8' from '(none)' to 'ZeroWireload'. (OPT-170)
Information: Changed wire load model for 'DW02_mult_A_width8_B_width1' from '(none)' to 'ZeroWireload'. (OPT-170)
Information: Changed wire load model for '*MULT_UNS_OP_8_1_8' from '(none)' to 'ZeroWireload'. (OPT-170)
Information: Changed wire load model for 'DW02_mult_A_width8_B_width1' from '(none)' to 'ZeroWireload'. (OPT-170)
Information: Changed wire load model for '*MULT_UNS_OP_8_1_8' from '(none)' to 'ZeroWireload'. (OPT-170)
Information: Changed wire load model for 'DW02_mult_A_width8_B_width1' from '(none)' to 'ZeroWireload'. (OPT-170)
Information: Changed wire load model for '*MULT_UNS_OP_8_1_8' from '(none)' to 'ZeroWireload'. (OPT-170)
Information: Changed wire load model for 'DW02_mult_A_width8_B_width1' from '(none)' to 'ZeroWireload'. (OPT-170)
Information: Changed wire load model for '*MULT_UNS_OP_8_1_8' from '(none)' to 'ZeroWireload'. (OPT-170)
Information: Changed wire load model for 'DW02_mult_A_width8_B_width1' from '(none)' to 'ZeroWireload'. (OPT-170)
Information: Changed wire load model for '*MULT_UNS_OP_8_1_8' from '(none)' to 'ZeroWireload'. (OPT-170)
Information: Changed wire load model for 'DW02_mult_A_width8_B_width1' from '(none)' to 'ZeroWireload'. (OPT-170)
Information: Changed wire load model for '*MULT_UNS_OP_8_1_8' from '(none)' to 'ZeroWireload'. (OPT-170)
Information: Changed wire load model for 'DW02_mult_A_width8_B_width1' from '(none)' to 'ZeroWireload'. (OPT-170)
Information: Changed wire load model for '*MULT_UNS_OP_8_1_8' from '(none)' to 'ZeroWireload'. (OPT-170)
Information: Changed wire load model for 'DW02_mult_A_width8_B_width1' from '(none)' to 'ZeroWireload'. (OPT-170)
Information: Changed wire load model for '*MULT_UNS_OP_8_1_8' from '(none)' to 'ZeroWireload'. (OPT-170)
Information: Changed wire load model for 'DW02_mult_A_width8_B_width1' from '(none)' to 'ZeroWireload'. (OPT-170)
Information: Changed wire load model for '*MULT_UNS_OP_8_1_8' from '(none)' to 'ZeroWireload'. (OPT-170)
Information: Changed wire load model for 'DW02_mult_A_width8_B_width1' from '(none)' to 'ZeroWireload'. (OPT-170)
Information: Changed wire load model for '*MULT_UNS_OP_8_1_8' from '(none)' to 'ZeroWireload'. (OPT-170)
Information: Changed wire load model for 'DW02_mult_A_width8_B_width1' from '(none)' to 'ZeroWireload'. (OPT-170)
Information: Changed wire load model for '*MULT_UNS_OP_8_1_8' from '(none)' to 'ZeroWireload'. (OPT-170)
Information: Changed wire load model for 'DW02_mult_A_width8_B_width1' from '(none)' to 'ZeroWireload'. (OPT-170)
Information: Changed wire load model for '*MULT_UNS_OP_8_1_8' from '(none)' to 'ZeroWireload'. (OPT-170)
Information: Changed wire load model for 'DW02_mult_A_width8_B_width1' from '(none)' to 'ZeroWireload'. (OPT-170)
Information: Changed wire load model for '*MULT_UNS_OP_8_1_8' from '(none)' to 'ZeroWireload'. (OPT-170)
Information: Changed wire load model for 'DW02_mult_A_width8_B_width1' from '(none)' to 'ZeroWireload'. (OPT-170)
Information: Changed wire load model for '*MULT_UNS_OP_8_1_8' from '(none)' to 'ZeroWireload'. (OPT-170)
Information: Changed wire load model for 'DW02_mult_A_width8_B_width1' from '(none)' to 'ZeroWireload'. (OPT-170)
Information: Changed wire load model for '*MULT_UNS_OP_8_1_8' from '(none)' to 'ZeroWireload'. (OPT-170)
Information: Changed wire load model for 'DW02_mult_A_width8_B_width1' from '(none)' to 'ZeroWireload'. (OPT-170)
Information: Changed wire load model for '*MULT_UNS_OP_8_1_8' from '(none)' to 'ZeroWireload'. (OPT-170)
Information: Changed wire load model for 'DW02_mult_A_width8_B_width1' from '(none)' to 'ZeroWireload'. (OPT-170)
Information: Changed wire load model for '*MULT_UNS_OP_8_1_8' from '(none)' to 'ZeroWireload'. (OPT-170)
Information: Changed wire load model for 'DW02_mult_A_width8_B_width1' from '(none)' to 'ZeroWireload'. (OPT-170)
Information: Changed wire load model for '*MULT_UNS_OP_8_1_8' from '(none)' to 'ZeroWireload'. (OPT-170)
Information: Changed wire load model for 'DW02_mult_A_width8_B_width1' from '(none)' to 'ZeroWireload'. (OPT-170)
Information: Changed wire load model for '*MULT_UNS_OP_8_1_8' from '(none)' to 'ZeroWireload'. (OPT-170)
Information: Changed wire load model for 'DW02_mult_A_width8_B_width1' from '(none)' to 'ZeroWireload'. (OPT-170)
Information: Changed wire load model for '*MULT_UNS_OP_8_1_8' from '(none)' to 'ZeroWireload'. (OPT-170)
Information: Changed wire load model for 'DW02_mult_A_width8_B_width1' from '(none)' to 'ZeroWireload'. (OPT-170)
Information: Changed wire load model for '*MULT_UNS_OP_8_1_8' from '(none)' to 'ZeroWireload'. (OPT-170)
Information: Changed wire load model for 'DW02_mult_A_width8_B_width1' from '(none)' to 'ZeroWireload'. (OPT-170)
Information: Changed wire load model for '*MULT_UNS_OP_8_1_8' from '(none)' to 'ZeroWireload'. (OPT-170)
Information: Changed wire load model for 'DW02_mult_A_width8_B_width1' from '(none)' to 'ZeroWireload'. (OPT-170)
Information: Changed wire load model for '*MULT_UNS_OP_8_1_8' from '(none)' to 'ZeroWireload'. (OPT-170)
Information: Changed wire load model for 'DW02_mult_A_width8_B_width1' from '(none)' to 'ZeroWireload'. (OPT-170)
Information: Changed wire load model for '*MULT_UNS_OP_8_1_8' from '(none)' to 'ZeroWireload'. (OPT-170)
Information: Changed wire load model for 'DW02_mult_A_width8_B_width1' from '(none)' to 'ZeroWireload'. (OPT-170)
Information: Changed wire load model for '*MULT_UNS_OP_8_1_8' from '(none)' to 'ZeroWireload'. (OPT-170)
Information: Changed wire load model for 'DW02_mult_A_width8_B_width1' from '(none)' to 'ZeroWireload'. (OPT-170)
Information: Changed wire load model for '*MULT_UNS_OP_8_1_8' from '(none)' to 'ZeroWireload'. (OPT-170)
Information: Changed wire load model for 'DW02_mult_A_width8_B_width1' from '(none)' to 'ZeroWireload'. (OPT-170)
Information: Changed wire load model for '*MULT_UNS_OP_8_1_8' from '(none)' to 'ZeroWireload'. (OPT-170)
Information: Changed wire load model for 'DW02_mult_A_width8_B_width1' from '(none)' to 'ZeroWireload'. (OPT-170)
Information: Changed wire load model for '*MULT_UNS_OP_8_1_8' from '(none)' to 'ZeroWireload'. (OPT-170)
Information: Changed wire load model for 'DW02_mult_A_width8_B_width1' from '(none)' to 'ZeroWireload'. (OPT-170)
Information: Changed wire load model for '*MULT_UNS_OP_8_1_8' from '(none)' to 'ZeroWireload'. (OPT-170)
Information: Changed wire load model for 'DW02_mult_A_width8_B_width1' from '(none)' to 'ZeroWireload'. (OPT-170)
Information: Changed wire load model for '*MULT_UNS_OP_8_1_8' from '(none)' to 'ZeroWireload'. (OPT-170)
Information: Changed wire load model for 'DW02_mult_A_width8_B_width1' from '(none)' to 'ZeroWireload'. (OPT-170)
Information: Changed wire load model for '*MULT_UNS_OP_8_1_8' from '(none)' to 'ZeroWireload'. (OPT-170)
Information: Changed wire load model for 'DW02_mult_A_width8_B_width1' from '(none)' to 'ZeroWireload'. (OPT-170)
Information: Changed wire load model for '*MULT_UNS_OP_8_1_8' from '(none)' to 'ZeroWireload'. (OPT-170)
Information: Changed wire load model for 'DW02_mult_A_width8_B_width1' from '(none)' to 'ZeroWireload'. (OPT-170)
Information: Changed wire load model for '*MULT_UNS_OP_8_1_8' from '(none)' to 'ZeroWireload'. (OPT-170)
Information: Changed wire load model for 'DW02_mult_A_width8_B_width1' from '(none)' to 'ZeroWireload'. (OPT-170)
Information: Changed wire load model for '*MULT_UNS_OP_8_1_8' from '(none)' to 'ZeroWireload'. (OPT-170)
Information: Changed wire load model for 'DW02_mult_A_width8_B_width1' from '(none)' to 'ZeroWireload'. (OPT-170)
Information: Changed wire load model for '*MULT_UNS_OP_8_1_8' from '(none)' to 'ZeroWireload'. (OPT-170)
Information: Changed wire load model for 'DW02_mult_A_width8_B_width1' from '(none)' to 'ZeroWireload'. (OPT-170)
Information: Changed wire load model for '*MULT_UNS_OP_8_1_8' from '(none)' to 'ZeroWireload'. (OPT-170)
Information: Changed wire load model for 'DW02_mult_A_width8_B_width1' from '(none)' to 'ZeroWireload'. (OPT-170)
Information: Changed wire load model for '*MULT_UNS_OP_8_1_8' from '(none)' to 'ZeroWireload'. (OPT-170)
Information: Changed wire load model for 'DW02_mult_A_width8_B_width1' from '(none)' to 'ZeroWireload'. (OPT-170)
Information: Changed wire load model for '*MULT_UNS_OP_8_1_8' from '(none)' to 'ZeroWireload'. (OPT-170)
Information: Changed wire load model for 'DW02_mult_A_width8_B_width1' from '(none)' to 'ZeroWireload'. (OPT-170)
Information: Changed wire load model for '*MULT_UNS_OP_8_1_8' from '(none)' to 'ZeroWireload'. (OPT-170)
Information: Changed wire load model for 'DW02_mult_A_width8_B_width1' from '(none)' to 'ZeroWireload'. (OPT-170)
Information: Changed wire load model for '*MULT_UNS_OP_8_1_8' from '(none)' to 'ZeroWireload'. (OPT-170)
Information: Changed wire load model for 'DW02_mult_A_width8_B_width1' from '(none)' to 'ZeroWireload'. (OPT-170)
Information: Changed wire load model for '*MULT_UNS_OP_8_1_8' from '(none)' to 'ZeroWireload'. (OPT-170)
Information: Changed wire load model for 'DW02_mult_A_width8_B_width1' from '(none)' to 'ZeroWireload'. (OPT-170)
Information: Changed wire load model for '*MULT_UNS_OP_8_1_8' from '(none)' to 'ZeroWireload'. (OPT-170)
Information: Changed wire load model for 'DW02_mult_A_width8_B_width1' from '(none)' to 'ZeroWireload'. (OPT-170)
Information: Changed wire load model for '*MULT_UNS_OP_8_1_8' from '(none)' to 'ZeroWireload'. (OPT-170)
Information: Changed wire load model for 'DW02_mult_A_width8_B_width1' from '(none)' to 'ZeroWireload'. (OPT-170)
Information: Changed wire load model for '*MULT_UNS_OP_8_1_8' from '(none)' to 'ZeroWireload'. (OPT-170)
Information: Changed wire load model for 'DW02_mult_A_width8_B_width1' from '(none)' to 'ZeroWireload'. (OPT-170)
Information: Changed wire load model for '*MULT_UNS_OP_8_1_8' from '(none)' to 'ZeroWireload'. (OPT-170)
Information: Changed wire load model for 'DW02_mult_A_width8_B_width1' from '(none)' to 'ZeroWireload'. (OPT-170)
Information: Changed wire load model for '*MULT_UNS_OP_8_1_8' from '(none)' to 'ZeroWireload'. (OPT-170)
Information: Changed wire load model for 'DW02_mult_A_width8_B_width1' from '(none)' to 'ZeroWireload'. (OPT-170)
Information: Changed wire load model for '*MULT_UNS_OP_8_1_8' from '(none)' to 'ZeroWireload'. (OPT-170)
Information: Changed wire load model for 'DW02_mult_A_width8_B_width1' from '(none)' to 'ZeroWireload'. (OPT-170)
Information: Changed wire load model for '*MULT_UNS_OP_8_1_8' from '(none)' to 'ZeroWireload'. (OPT-170)
Information: Changed wire load model for 'DW02_mult_A_width8_B_width1' from '(none)' to 'ZeroWireload'. (OPT-170)
Information: Changed wire load model for '*MULT_UNS_OP_8_1_8' from '(none)' to 'ZeroWireload'. (OPT-170)
Information: Changed wire load model for 'DW02_mult_A_width8_B_width1' from '(none)' to 'ZeroWireload'. (OPT-170)
Information: Changed wire load model for '*MULT_UNS_OP_8_1_8' from '(none)' to 'ZeroWireload'. (OPT-170)
Information: Changed wire load model for 'DW02_mult_A_width8_B_width1' from '(none)' to 'ZeroWireload'. (OPT-170)
Information: Changed wire load model for '*MULT_UNS_OP_8_1_8' from '(none)' to 'ZeroWireload'. (OPT-170)
Information: Changed wire load model for 'DW02_mult_A_width8_B_width1' from '(none)' to 'ZeroWireload'. (OPT-170)
Information: Changed wire load model for '*MULT_UNS_OP_8_1_8' from '(none)' to 'ZeroWireload'. (OPT-170)
Information: Changed wire load model for 'DW02_mult_A_width8_B_width1' from '(none)' to 'ZeroWireload'. (OPT-170)
Information: Changed wire load model for '*MULT_UNS_OP_8_1_8' from '(none)' to 'ZeroWireload'. (OPT-170)
Information: Changed wire load model for 'DW02_mult_A_width8_B_width1' from '(none)' to 'ZeroWireload'. (OPT-170)
Information: Changed wire load model for '*MULT_UNS_OP_8_1_8' from '(none)' to 'ZeroWireload'. (OPT-170)
Information: Changed wire load model for 'DW02_mult_A_width8_B_width1' from '(none)' to 'ZeroWireload'. (OPT-170)
Information: Changed wire load model for '*MULT_UNS_OP_8_1_8' from '(none)' to 'ZeroWireload'. (OPT-170)
Information: Changed wire load model for 'DW02_mult_A_width8_B_width1' from '(none)' to 'ZeroWireload'. (OPT-170)
Information: Changed wire load model for '*MULT_UNS_OP_8_1_8' from '(none)' to 'ZeroWireload'. (OPT-170)
Information: Changed wire load model for 'DW02_mult_A_width8_B_width1' from '(none)' to 'ZeroWireload'. (OPT-170)
Information: Changed wire load model for '*MULT_UNS_OP_8_1_8' from '(none)' to 'ZeroWireload'. (OPT-170)
Information: Changed wire load model for 'DW02_mult_A_width8_B_width1' from '(none)' to 'ZeroWireload'. (OPT-170)
Information: Changed wire load model for '*MULT_UNS_OP_8_1_8' from '(none)' to 'ZeroWireload'. (OPT-170)
Information: Changed wire load model for 'DW02_mult_A_width8_B_width1' from '(none)' to 'ZeroWireload'. (OPT-170)
Information: Changed wire load model for '*MULT_UNS_OP_8_1_8' from '(none)' to 'ZeroWireload'. (OPT-170)
Information: Changed wire load model for 'DW02_mult_A_width8_B_width1' from '(none)' to 'ZeroWireload'. (OPT-170)
Information: Changed wire load model for '*MULT_UNS_OP_8_1_8' from '(none)' to 'ZeroWireload'. (OPT-170)
Information: Changed wire load model for 'DW02_mult_A_width8_B_width1' from '(none)' to 'ZeroWireload'. (OPT-170)
Information: Changed wire load model for '*MULT_UNS_OP_8_1_8' from '(none)' to 'ZeroWireload'. (OPT-170)
Information: Changed wire load model for 'DW02_mult_A_width8_B_width1' from '(none)' to 'ZeroWireload'. (OPT-170)
Information: Changed wire load model for '*MULT_UNS_OP_8_1_8' from '(none)' to 'ZeroWireload'. (OPT-170)
Information: Changed wire load model for 'DW02_mult_A_width8_B_width1' from '(none)' to 'ZeroWireload'. (OPT-170)
Information: Changed wire load model for '*MULT_UNS_OP_8_1_8' from '(none)' to 'ZeroWireload'. (OPT-170)
Information: Changed wire load model for 'DW02_mult_A_width8_B_width1' from '(none)' to 'ZeroWireload'. (OPT-170)
Information: Changed wire load model for '*MULT_UNS_OP_8_1_8' from '(none)' to 'ZeroWireload'. (OPT-170)
Information: Changed wire load model for 'DW02_mult_A_width8_B_width1' from '(none)' to 'ZeroWireload'. (OPT-170)
Information: Changed wire load model for '*MULT_UNS_OP_8_1_8' from '(none)' to 'ZeroWireload'. (OPT-170)
Information: Changed wire load model for 'DW02_mult_A_width8_B_width1' from '(none)' to 'ZeroWireload'. (OPT-170)
Information: Changed wire load model for '*MULT_UNS_OP_8_1_8' from '(none)' to 'ZeroWireload'. (OPT-170)
Information: Changed wire load model for 'DW02_mult_A_width8_B_width1' from '(none)' to 'ZeroWireload'. (OPT-170)
Information: Changed wire load model for '*MULT_UNS_OP_8_1_8' from '(none)' to 'ZeroWireload'. (OPT-170)
Information: Changed wire load model for 'DW02_mult_A_width8_B_width1' from '(none)' to 'ZeroWireload'. (OPT-170)
Information: Changed wire load model for '*MULT_UNS_OP_8_1_8' from '(none)' to 'ZeroWireload'. (OPT-170)
Information: Changed wire load model for 'DW02_mult_A_width8_B_width1' from '(none)' to 'ZeroWireload'. (OPT-170)
Information: Changed wire load model for '*MULT_UNS_OP_8_1_8' from '(none)' to 'ZeroWireload'. (OPT-170)
Information: Changed wire load model for 'DW02_mult_A_width8_B_width1' from '(none)' to 'ZeroWireload'. (OPT-170)
Information: Changed wire load model for '*MULT_UNS_OP_8_1_8' from '(none)' to 'ZeroWireload'. (OPT-170)
Information: Changed wire load model for 'DW02_mult_A_width8_B_width1' from '(none)' to 'ZeroWireload'. (OPT-170)
Information: Changed wire load model for '*MULT_UNS_OP_8_1_8' from '(none)' to 'ZeroWireload'. (OPT-170)
Information: Changed wire load model for 'DW02_mult_A_width8_B_width1' from '(none)' to 'ZeroWireload'. (OPT-170)
Information: Changed wire load model for '*MULT_UNS_OP_8_1_8' from '(none)' to 'ZeroWireload'. (OPT-170)
Information: Changed wire load model for 'DW02_mult_A_width8_B_width1' from '(none)' to 'ZeroWireload'. (OPT-170)
Information: Changed wire load model for '*MULT_UNS_OP_8_1_8' from '(none)' to 'ZeroWireload'. (OPT-170)
Information: Changed wire load model for 'DW02_mult_A_width8_B_width1' from '(none)' to 'ZeroWireload'. (OPT-170)
Information: Changed wire load model for '*MULT_UNS_OP_8_1_8' from '(none)' to 'ZeroWireload'. (OPT-170)
Information: Changed wire load model for 'DW02_mult_A_width8_B_width1' from '(none)' to 'ZeroWireload'. (OPT-170)
Information: Changed wire load model for '*MULT_UNS_OP_8_1_8' from '(none)' to 'ZeroWireload'. (OPT-170)
Information: Changed wire load model for 'DW02_mult_A_width8_B_width1' from '(none)' to 'ZeroWireload'. (OPT-170)
Information: Changed wire load model for '*MULT_UNS_OP_8_1_8' from '(none)' to 'ZeroWireload'. (OPT-170)
Information: Changed wire load model for 'DW02_mult_A_width8_B_width1' from '(none)' to 'ZeroWireload'. (OPT-170)
Information: Changed wire load model for '*MULT_UNS_OP_8_1_8' from '(none)' to 'ZeroWireload'. (OPT-170)
Information: Changed wire load model for 'DW02_mult_A_width8_B_width1' from '(none)' to 'ZeroWireload'. (OPT-170)
Information: Changed wire load model for '*MULT_UNS_OP_8_1_8' from '(none)' to 'ZeroWireload'. (OPT-170)
Information: Changed wire load model for 'DW02_mult_A_width8_B_width1' from '(none)' to 'ZeroWireload'. (OPT-170)
Information: Changed wire load model for '*MULT_UNS_OP_8_1_8' from '(none)' to 'ZeroWireload'. (OPT-170)
Information: Changed wire load model for 'DW02_mult_A_width8_B_width1' from '(none)' to 'ZeroWireload'. (OPT-170)
Information: Changed wire load model for '*MULT_UNS_OP_8_1_8' from '(none)' to 'ZeroWireload'. (OPT-170)
Information: Changed wire load model for 'DW02_mult_A_width8_B_width1' from '(none)' to 'ZeroWireload'. (OPT-170)
Information: Changed wire load model for '*MULT_UNS_OP_8_1_8' from '(none)' to 'ZeroWireload'. (OPT-170)
Information: Changed wire load model for 'DW02_mult_A_width8_B_width1' from '(none)' to 'ZeroWireload'. (OPT-170)
Information: Changed wire load model for '*MULT_UNS_OP_8_1_8' from '(none)' to 'ZeroWireload'. (OPT-170)
Information: Changed wire load model for 'DW02_mult_A_width8_B_width1' from '(none)' to 'ZeroWireload'. (OPT-170)
Information: Changed wire load model for '*MULT_UNS_OP_8_1_8' from '(none)' to 'ZeroWireload'. (OPT-170)
Information: Changed wire load model for 'DW02_mult_A_width8_B_width1' from '(none)' to 'ZeroWireload'. (OPT-170)
Information: Changed wire load model for '*MULT_UNS_OP_8_1_8' from '(none)' to 'ZeroWireload'. (OPT-170)
Information: Changed wire load model for 'DW02_mult_A_width8_B_width1' from '(none)' to 'ZeroWireload'. (OPT-170)
Information: Changed wire load model for '*MULT_UNS_OP_8_1_8' from '(none)' to 'ZeroWireload'. (OPT-170)
Information: Changed wire load model for 'DW02_mult_A_width8_B_width1' from '(none)' to 'ZeroWireload'. (OPT-170)
Information: Changed wire load model for '*MULT_UNS_OP_8_1_8' from '(none)' to 'ZeroWireload'. (OPT-170)
Information: Changed wire load model for 'DW02_mult_A_width8_B_width1' from '(none)' to 'ZeroWireload'. (OPT-170)
Information: Changed wire load model for '*MULT_UNS_OP_8_1_8' from '(none)' to 'ZeroWireload'. (OPT-170)
Information: Changed wire load model for 'DW02_mult_A_width8_B_width1' from '(none)' to 'ZeroWireload'. (OPT-170)
Information: Changed wire load model for '*MULT_UNS_OP_8_1_8' from '(none)' to 'ZeroWireload'. (OPT-170)
Information: Changed wire load model for 'DW02_mult_A_width8_B_width1' from '(none)' to 'ZeroWireload'. (OPT-170)
Information: Changed wire load model for '*MULT_UNS_OP_8_1_8' from '(none)' to 'ZeroWireload'. (OPT-170)
Information: Changed wire load model for 'DW02_mult_A_width8_B_width1' from '(none)' to 'ZeroWireload'. (OPT-170)
Information: Changed wire load model for '*MULT_UNS_OP_8_1_8' from '(none)' to 'ZeroWireload'. (OPT-170)
Information: Changed wire load model for 'DW02_mult_A_width8_B_width1' from '(none)' to 'ZeroWireload'. (OPT-170)
Information: Changed wire load model for '*MULT_UNS_OP_8_1_8' from '(none)' to 'ZeroWireload'. (OPT-170)
Information: Changed wire load model for 'DW02_mult_A_width8_B_width1' from '(none)' to 'ZeroWireload'. (OPT-170)
Information: Changed wire load model for '*MULT_UNS_OP_8_1_8' from '(none)' to 'ZeroWireload'. (OPT-170)
Information: Changed wire load model for 'DW02_mult_A_width8_B_width1' from '(none)' to 'ZeroWireload'. (OPT-170)
Information: Changed wire load model for '*MULT_UNS_OP_8_1_8' from '(none)' to 'ZeroWireload'. (OPT-170)
Information: Changed wire load model for 'DW02_mult_A_width8_B_width1' from '(none)' to 'ZeroWireload'. (OPT-170)
Information: Changed wire load model for '*MULT_UNS_OP_8_1_8' from '(none)' to 'ZeroWireload'. (OPT-170)
Information: Changed wire load model for 'DW02_mult_A_width8_B_width1' from '(none)' to 'ZeroWireload'. (OPT-170)
Information: Changed wire load model for '*MULT_UNS_OP_8_1_8' from '(none)' to 'ZeroWireload'. (OPT-170)
Information: Changed wire load model for 'DW02_mult_A_width8_B_width1' from '(none)' to 'ZeroWireload'. (OPT-170)
Information: Changed wire load model for '*MULT_UNS_OP_8_1_8' from '(none)' to 'ZeroWireload'. (OPT-170)
Information: Changed wire load model for 'DW02_mult_A_width8_B_width1' from '(none)' to 'ZeroWireload'. (OPT-170)
Information: Changed wire load model for '*MULT_UNS_OP_8_1_8' from '(none)' to 'ZeroWireload'. (OPT-170)
Information: Changed wire load model for 'DW02_mult_A_width8_B_width1' from '(none)' to 'ZeroWireload'. (OPT-170)
Information: Changed wire load model for '*MULT_UNS_OP_8_1_8' from '(none)' to 'ZeroWireload'. (OPT-170)
Information: Changed wire load model for 'DW02_mult_A_width8_B_width1' from '(none)' to 'ZeroWireload'. (OPT-170)
Information: Changed wire load model for '*MULT_UNS_OP_8_1_8' from '(none)' to 'ZeroWireload'. (OPT-170)
Information: Changed wire load model for 'DW02_mult_A_width8_B_width1' from '(none)' to 'ZeroWireload'. (OPT-170)
Information: Changed wire load model for '*MULT_UNS_OP_8_1_8' from '(none)' to 'ZeroWireload'. (OPT-170)
Information: Changed wire load model for 'DW02_mult_A_width8_B_width1' from '(none)' to 'ZeroWireload'. (OPT-170)
Information: Changed wire load model for '*MULT_UNS_OP_8_1_8' from '(none)' to 'ZeroWireload'. (OPT-170)
Information: Changed wire load model for 'DW02_mult_A_width8_B_width1' from '(none)' to 'ZeroWireload'. (OPT-170)
Information: Changed wire load model for '*MULT_UNS_OP_8_1_8' from '(none)' to 'ZeroWireload'. (OPT-170)
Information: Changed wire load model for 'DW02_mult_A_width8_B_width1' from '(none)' to 'ZeroWireload'. (OPT-170)
Information: Changed wire load model for '*MULT_UNS_OP_8_1_8' from '(none)' to 'ZeroWireload'. (OPT-170)
Information: Changed wire load model for 'DW02_mult_A_width8_B_width1' from '(none)' to 'ZeroWireload'. (OPT-170)
Information: Changed wire load model for '*MULT_UNS_OP_8_1_8' from '(none)' to 'ZeroWireload'. (OPT-170)
Information: Changed wire load model for 'DW02_mult_A_width8_B_width1' from '(none)' to 'ZeroWireload'. (OPT-170)
Information: Changed wire load model for '*MULT_UNS_OP_8_1_8' from '(none)' to 'ZeroWireload'. (OPT-170)
Information: Changed wire load model for 'DW02_mult_A_width8_B_width1' from '(none)' to 'ZeroWireload'. (OPT-170)
Information: Changed wire load model for '*MULT_UNS_OP_8_1_8' from '(none)' to 'ZeroWireload'. (OPT-170)
Information: Changed wire load model for 'DW02_mult_A_width8_B_width1' from '(none)' to 'ZeroWireload'. (OPT-170)
Information: Changed wire load model for '*MULT_UNS_OP_8_1_8' from '(none)' to 'ZeroWireload'. (OPT-170)
Information: Changed wire load model for 'DW02_mult_A_width8_B_width1' from '(none)' to 'ZeroWireload'. (OPT-170)
Information: Changed wire load model for '*MULT_UNS_OP_8_1_8' from '(none)' to 'ZeroWireload'. (OPT-170)
Information: Changed wire load model for 'DW02_mult_A_width8_B_width1' from '(none)' to 'ZeroWireload'. (OPT-170)
Information: Changed wire load model for '*MULT_UNS_OP_8_1_8' from '(none)' to 'ZeroWireload'. (OPT-170)
Information: Changed wire load model for 'DW02_mult_A_width8_B_width1' from '(none)' to 'ZeroWireload'. (OPT-170)
Information: Changed wire load model for '*MULT_UNS_OP_8_1_8' from '(none)' to 'ZeroWireload'. (OPT-170)
Information: Changed wire load model for 'DW02_mult_A_width8_B_width1' from '(none)' to 'ZeroWireload'. (OPT-170)
Information: Changed wire load model for '*MULT_UNS_OP_8_1_8' from '(none)' to 'ZeroWireload'. (OPT-170)
Information: Changed wire load model for 'DW02_mult_A_width8_B_width1' from '(none)' to 'ZeroWireload'. (OPT-170)
Information: Changed wire load model for '*MULT_UNS_OP_8_1_8' from '(none)' to 'ZeroWireload'. (OPT-170)
Information: Changed wire load model for 'DW02_mult_A_width8_B_width1' from '(none)' to 'ZeroWireload'. (OPT-170)
Information: Changed wire load model for '*MULT_UNS_OP_8_1_8' from '(none)' to 'ZeroWireload'. (OPT-170)
Information: Changed wire load model for 'DW02_mult_A_width8_B_width1' from '(none)' to 'ZeroWireload'. (OPT-170)
Information: Changed wire load model for '*MULT_UNS_OP_8_1_8' from '(none)' to 'ZeroWireload'. (OPT-170)
Information: Changed wire load model for 'DW02_mult_A_width8_B_width1' from '(none)' to 'ZeroWireload'. (OPT-170)
Information: Changed wire load model for '*MULT_UNS_OP_8_1_8' from '(none)' to 'ZeroWireload'. (OPT-170)
Information: Changed wire load model for 'DW02_mult_A_width8_B_width1' from '(none)' to 'ZeroWireload'. (OPT-170)
Information: Changed wire load model for '*MULT_UNS_OP_8_1_8' from '(none)' to 'ZeroWireload'. (OPT-170)
Information: Changed wire load model for 'DW02_mult_A_width8_B_width1' from '(none)' to 'ZeroWireload'. (OPT-170)
Information: Changed wire load model for '*MULT_UNS_OP_8_1_8' from '(none)' to 'ZeroWireload'. (OPT-170)
Information: Changed wire load model for 'DW02_mult_A_width8_B_width1' from '(none)' to 'ZeroWireload'. (OPT-170)
Information: Changed wire load model for '*MULT_UNS_OP_8_1_8' from '(none)' to 'ZeroWireload'. (OPT-170)
Information: Changed wire load model for 'DW02_mult_A_width8_B_width1' from '(none)' to 'ZeroWireload'. (OPT-170)
Information: Changed wire load model for '*MULT_UNS_OP_8_1_8' from '(none)' to 'ZeroWireload'. (OPT-170)
Information: Changed wire load model for 'DW02_mult_A_width8_B_width1' from '(none)' to 'ZeroWireload'. (OPT-170)
Information: Changed wire load model for '*MULT_UNS_OP_8_1_8' from '(none)' to 'ZeroWireload'. (OPT-170)
Information: Changed wire load model for 'DW02_mult_A_width8_B_width1' from '(none)' to 'ZeroWireload'. (OPT-170)
Information: Changed wire load model for '*MULT_UNS_OP_8_1_8' from '(none)' to 'ZeroWireload'. (OPT-170)
Information: Changed wire load model for 'DW02_mult_A_width8_B_width1' from '(none)' to 'ZeroWireload'. (OPT-170)
Information: Changed wire load model for '*MULT_UNS_OP_8_1_8' from '(none)' to 'ZeroWireload'. (OPT-170)
Information: Changed wire load model for 'DW02_mult_A_width8_B_width1' from '(none)' to 'ZeroWireload'. (OPT-170)
Information: Changed wire load model for '*MULT_UNS_OP_8_1_8' from '(none)' to 'ZeroWireload'. (OPT-170)
Information: Changed wire load model for 'DW02_mult_A_width8_B_width1' from '(none)' to 'ZeroWireload'. (OPT-170)
Information: Changed wire load model for '*MULT_UNS_OP_8_1_8' from '(none)' to 'ZeroWireload'. (OPT-170)
Information: Changed wire load model for 'DW02_mult_A_width8_B_width1' from '(none)' to 'ZeroWireload'. (OPT-170)
Information: Changed wire load model for '*MULT_UNS_OP_8_1_8' from '(none)' to 'ZeroWireload'. (OPT-170)
Information: Changed wire load model for 'DW02_mult_A_width8_B_width1' from '(none)' to 'ZeroWireload'. (OPT-170)
Information: Changed wire load model for '*MULT_UNS_OP_8_1_8' from '(none)' to 'ZeroWireload'. (OPT-170)
Information: Changed wire load model for 'DW02_mult_A_width8_B_width1' from '(none)' to 'ZeroWireload'. (OPT-170)
Information: Changed wire load model for '*MULT_UNS_OP_8_1_8' from '(none)' to 'ZeroWireload'. (OPT-170)
Information: Changed wire load model for 'DW02_mult_A_width8_B_width1' from '(none)' to 'ZeroWireload'. (OPT-170)
Information: Changed wire load model for '*MULT_UNS_OP_8_1_8' from '(none)' to 'ZeroWireload'. (OPT-170)
Information: Changed wire load model for 'DW02_mult_A_width8_B_width1' from '(none)' to 'ZeroWireload'. (OPT-170)
Information: Changed wire load model for '*MULT_UNS_OP_8_1_8' from '(none)' to 'ZeroWireload'. (OPT-170)
Information: Changed wire load model for 'DW02_mult_A_width8_B_width1' from '(none)' to 'ZeroWireload'. (OPT-170)
Information: Changed wire load model for '*MULT_UNS_OP_8_1_8' from '(none)' to 'ZeroWireload'. (OPT-170)
Information: Changed wire load model for 'DW02_mult_A_width8_B_width1' from '(none)' to 'ZeroWireload'. (OPT-170)
Information: Changed wire load model for '*MULT_UNS_OP_8_1_8' from '(none)' to 'ZeroWireload'. (OPT-170)
Information: Changed wire load model for 'DW02_mult_A_width8_B_width1' from '(none)' to 'ZeroWireload'. (OPT-170)
Information: Changed wire load model for '*MULT_UNS_OP_8_1_8' from '(none)' to 'ZeroWireload'. (OPT-170)
Information: Changed wire load model for 'DW02_mult_A_width8_B_width1' from '(none)' to 'ZeroWireload'. (OPT-170)
Information: Changed wire load model for '*MULT_UNS_OP_8_1_8' from '(none)' to 'ZeroWireload'. (OPT-170)
Information: Changed wire load model for 'DW02_mult_A_width8_B_width1' from '(none)' to 'ZeroWireload'. (OPT-170)
Information: Changed wire load model for '*MULT_UNS_OP_8_1_8' from '(none)' to 'ZeroWireload'. (OPT-170)
Information: Changed wire load model for 'DW02_mult_A_width8_B_width1' from '(none)' to 'ZeroWireload'. (OPT-170)
Information: Changed wire load model for '*MULT_UNS_OP_8_1_8' from '(none)' to 'ZeroWireload'. (OPT-170)
Information: Changed wire load model for 'DW02_mult_A_width8_B_width1' from '(none)' to 'ZeroWireload'. (OPT-170)
Information: Changed wire load model for '*MULT_UNS_OP_8_1_8' from '(none)' to 'ZeroWireload'. (OPT-170)
Information: Changed wire load model for 'DW02_mult_A_width8_B_width1' from '(none)' to 'ZeroWireload'. (OPT-170)
Information: Changed wire load model for '*MULT_UNS_OP_8_1_8' from '(none)' to 'ZeroWireload'. (OPT-170)
Information: Changed wire load model for 'DW02_mult_A_width8_B_width1' from '(none)' to 'ZeroWireload'. (OPT-170)
Information: Changed wire load model for '*MULT_UNS_OP_8_1_8' from '(none)' to 'ZeroWireload'. (OPT-170)
Information: Changed wire load model for 'DW02_mult_A_width8_B_width1' from '(none)' to 'ZeroWireload'. (OPT-170)
Information: Changed wire load model for '*MULT_UNS_OP_8_1_8' from '(none)' to 'ZeroWireload'. (OPT-170)
Information: Changed wire load model for 'DW02_mult_A_width8_B_width1' from '(none)' to 'ZeroWireload'. (OPT-170)
Information: Changed wire load model for '*MULT_UNS_OP_8_1_8' from '(none)' to 'ZeroWireload'. (OPT-170)
Information: Changed wire load model for 'DW02_mult_A_width8_B_width1' from '(none)' to 'ZeroWireload'. (OPT-170)
Information: Changed wire load model for '*MULT_UNS_OP_8_1_8' from '(none)' to 'ZeroWireload'. (OPT-170)
Information: Changed wire load model for 'DW02_mult_A_width8_B_width1' from '(none)' to 'ZeroWireload'. (OPT-170)
Information: Changed wire load model for '*MULT_UNS_OP_8_1_8' from '(none)' to 'ZeroWireload'. (OPT-170)
Information: Changed wire load model for 'DW02_mult_A_width8_B_width1' from '(none)' to 'ZeroWireload'. (OPT-170)
Information: Changed wire load model for '*MULT_UNS_OP_8_1_8' from '(none)' to 'ZeroWireload'. (OPT-170)
Information: Changed wire load model for 'DW02_mult_A_width8_B_width1' from '(none)' to 'ZeroWireload'. (OPT-170)
Information: Changed wire load model for '*MULT_UNS_OP_8_1_8' from '(none)' to 'ZeroWireload'. (OPT-170)
Information: Changed wire load model for 'DW02_mult_A_width8_B_width1' from '(none)' to 'ZeroWireload'. (OPT-170)
Information: Changed wire load model for '*MULT_UNS_OP_8_1_8' from '(none)' to 'ZeroWireload'. (OPT-170)
Information: Changed wire load model for 'DW02_mult_A_width8_B_width1' from '(none)' to 'ZeroWireload'. (OPT-170)
Information: Changed wire load model for '*MULT_UNS_OP_8_1_8' from '(none)' to 'ZeroWireload'. (OPT-170)
Information: Changed wire load model for 'DW02_mult_A_width8_B_width1' from '(none)' to 'ZeroWireload'. (OPT-170)
Information: Changed wire load model for '*MULT_UNS_OP_8_1_8' from '(none)' to 'ZeroWireload'. (OPT-170)
Information: Changed wire load model for 'DW02_mult_A_width8_B_width1' from '(none)' to 'ZeroWireload'. (OPT-170)
Information: Changed wire load model for '*MULT_UNS_OP_8_1_8' from '(none)' to 'ZeroWireload'. (OPT-170)
Information: Changed wire load model for 'DW02_mult_A_width8_B_width1' from '(none)' to 'ZeroWireload'. (OPT-170)
Information: Changed wire load model for '*MULT_UNS_OP_8_1_8' from '(none)' to 'ZeroWireload'. (OPT-170)
Information: Changed wire load model for 'DW02_mult_A_width8_B_width1' from '(none)' to 'ZeroWireload'. (OPT-170)
Information: Changed wire load model for '*MULT_UNS_OP_8_1_8' from '(none)' to 'ZeroWireload'. (OPT-170)
Information: Changed wire load model for 'DW02_mult_A_width8_B_width1' from '(none)' to 'ZeroWireload'. (OPT-170)
Information: Changed wire load model for '*MULT_UNS_OP_8_1_8' from '(none)' to 'ZeroWireload'. (OPT-170)
Information: Changed wire load model for 'DW02_mult_A_width8_B_width1' from '(none)' to 'ZeroWireload'. (OPT-170)
Information: Changed wire load model for '*MULT_UNS_OP_8_1_8' from '(none)' to 'ZeroWireload'. (OPT-170)
Information: Changed wire load model for 'DW02_mult_A_width8_B_width1' from '(none)' to 'ZeroWireload'. (OPT-170)
Information: Changed wire load model for '*MULT_UNS_OP_8_1_8' from '(none)' to 'ZeroWireload'. (OPT-170)
Information: Changed wire load model for 'DW02_mult_A_width8_B_width1' from '(none)' to 'ZeroWireload'. (OPT-170)
Information: Changed wire load model for '*MULT_UNS_OP_8_1_8' from '(none)' to 'ZeroWireload'. (OPT-170)
Information: Changed wire load model for 'DW02_mult_A_width8_B_width1' from '(none)' to 'ZeroWireload'. (OPT-170)
Information: Changed wire load model for '*MULT_UNS_OP_8_1_8' from '(none)' to 'ZeroWireload'. (OPT-170)
Information: Changed wire load model for 'DW02_mult_A_width8_B_width1' from '(none)' to 'ZeroWireload'. (OPT-170)
Information: Changed wire load model for '*MULT_UNS_OP_8_1_8' from '(none)' to 'ZeroWireload'. (OPT-170)
Information: Changed wire load model for 'DW02_mult_A_width8_B_width1' from '(none)' to 'ZeroWireload'. (OPT-170)
Information: Changed wire load model for '*MULT_UNS_OP_8_1_8' from '(none)' to 'ZeroWireload'. (OPT-170)
Information: Changed wire load model for 'DW02_mult_A_width8_B_width1' from '(none)' to 'ZeroWireload'. (OPT-170)
Information: Changed wire load model for '*MULT_UNS_OP_8_1_8' from '(none)' to 'ZeroWireload'. (OPT-170)
Information: Changed wire load model for 'DW02_mult_A_width8_B_width1' from '(none)' to 'ZeroWireload'. (OPT-170)
Information: Changed wire load model for '*MULT_UNS_OP_8_1_8' from '(none)' to 'ZeroWireload'. (OPT-170)
Information: Changed wire load model for 'DW02_mult_A_width8_B_width1' from '(none)' to 'ZeroWireload'. (OPT-170)
Information: Changed wire load model for '*MULT_UNS_OP_8_1_8' from '(none)' to 'ZeroWireload'. (OPT-170)
Information: Changed wire load model for 'DW02_mult_A_width8_B_width1' from '(none)' to 'ZeroWireload'. (OPT-170)
Information: Changed wire load model for '*MULT_UNS_OP_8_1_8' from '(none)' to 'ZeroWireload'. (OPT-170)
Information: Changed wire load model for 'DW02_mult_A_width8_B_width1' from '(none)' to 'ZeroWireload'. (OPT-170)
Information: Changed wire load model for '*MULT_UNS_OP_8_1_8' from '(none)' to 'ZeroWireload'. (OPT-170)
Information: Changed wire load model for 'DW02_mult_A_width8_B_width1' from '(none)' to 'ZeroWireload'. (OPT-170)
Information: Changed wire load model for '*MULT_UNS_OP_8_1_8' from '(none)' to 'ZeroWireload'. (OPT-170)
Information: Changed wire load model for 'DW02_mult_A_width8_B_width1' from '(none)' to 'ZeroWireload'. (OPT-170)
Information: Changed wire load model for '*MULT_UNS_OP_8_1_8' from '(none)' to 'ZeroWireload'. (OPT-170)
Information: Changed wire load model for 'DW02_mult_A_width8_B_width1' from '(none)' to 'ZeroWireload'. (OPT-170)
Information: Changed wire load model for '*MULT_UNS_OP_8_1_8' from '(none)' to 'ZeroWireload'. (OPT-170)
Information: Changed wire load model for 'DW02_mult_A_width8_B_width1' from '(none)' to 'ZeroWireload'. (OPT-170)
Information: Changed wire load model for '*MULT_UNS_OP_8_1_8' from '(none)' to 'ZeroWireload'. (OPT-170)
Information: Changed wire load model for 'DW02_mult_A_width8_B_width1' from '(none)' to 'ZeroWireload'. (OPT-170)
Information: Changed wire load model for '*MULT_UNS_OP_8_1_8' from '(none)' to 'ZeroWireload'. (OPT-170)
Information: Changed wire load model for 'DW02_mult_A_width8_B_width1' from '(none)' to 'ZeroWireload'. (OPT-170)
Information: Changed wire load model for '*MULT_UNS_OP_8_1_8' from '(none)' to 'ZeroWireload'. (OPT-170)
Information: Changed wire load model for 'DW02_mult_A_width8_B_width1' from '(none)' to 'ZeroWireload'. (OPT-170)
Information: Changed wire load model for '*MULT_UNS_OP_8_1_8' from '(none)' to 'ZeroWireload'. (OPT-170)
Information: Changed wire load model for 'DW02_mult_A_width8_B_width1' from '(none)' to 'ZeroWireload'. (OPT-170)
Information: Changed wire load model for '*MULT_UNS_OP_8_1_8' from '(none)' to 'ZeroWireload'. (OPT-170)
Information: Changed wire load model for 'DW02_mult_A_width8_B_width1' from '(none)' to 'ZeroWireload'. (OPT-170)
Information: Changed wire load model for '*MULT_UNS_OP_8_1_8' from '(none)' to 'ZeroWireload'. (OPT-170)
Information: Changed wire load model for 'DW02_mult_A_width8_B_width1' from '(none)' to 'ZeroWireload'. (OPT-170)
Information: Changed wire load model for '*MULT_UNS_OP_8_1_8' from '(none)' to 'ZeroWireload'. (OPT-170)
Information: Changed wire load model for 'DW02_mult_A_width8_B_width1' from '(none)' to 'ZeroWireload'. (OPT-170)
Information: Changed wire load model for '*MULT_UNS_OP_8_1_8' from '(none)' to 'ZeroWireload'. (OPT-170)
Information: Changed wire load model for 'DW02_mult_A_width8_B_width1' from '(none)' to 'ZeroWireload'. (OPT-170)
Information: Changed wire load model for '*MULT_UNS_OP_8_1_8' from '(none)' to 'ZeroWireload'. (OPT-170)
Information: Changed wire load model for 'DW02_mult_A_width8_B_width1' from '(none)' to 'ZeroWireload'. (OPT-170)
Information: Changed wire load model for '*MULT_UNS_OP_8_1_8' from '(none)' to 'ZeroWireload'. (OPT-170)
Information: Changed wire load model for 'DW02_mult_A_width8_B_width1' from '(none)' to 'ZeroWireload'. (OPT-170)
Information: Changed wire load model for '*MULT_UNS_OP_8_1_8' from '(none)' to 'ZeroWireload'. (OPT-170)
Information: Changed wire load model for 'DW02_mult_A_width8_B_width1' from '(none)' to 'ZeroWireload'. (OPT-170)
Information: Changed wire load model for '*MULT_UNS_OP_8_1_8' from '(none)' to 'ZeroWireload'. (OPT-170)
Information: Changed wire load model for 'DW02_mult_A_width8_B_width1' from '(none)' to 'ZeroWireload'. (OPT-170)
Information: Changed wire load model for '*MULT_UNS_OP_8_1_8' from '(none)' to 'ZeroWireload'. (OPT-170)
Information: Changed wire load model for 'DW02_mult_A_width8_B_width1' from '(none)' to 'ZeroWireload'. (OPT-170)
Information: Changed wire load model for '*MULT_UNS_OP_8_1_8' from '(none)' to 'ZeroWireload'. (OPT-170)
Information: Changed wire load model for 'DW02_mult_A_width8_B_width1' from '(none)' to 'ZeroWireload'. (OPT-170)
Information: Changed wire load model for '*MULT_UNS_OP_8_1_8' from '(none)' to 'ZeroWireload'. (OPT-170)
Information: Changed wire load model for 'DW02_mult_A_width8_B_width1' from '(none)' to 'ZeroWireload'. (OPT-170)
Information: Changed wire load model for '*MULT_UNS_OP_8_1_8' from '(none)' to 'ZeroWireload'. (OPT-170)
Information: Changed wire load model for 'DW02_mult_A_width8_B_width1' from '(none)' to 'ZeroWireload'. (OPT-170)
Information: Changed wire load model for '*MULT_UNS_OP_8_1_8' from '(none)' to 'ZeroWireload'. (OPT-170)
Information: Changed wire load model for 'DW02_mult_A_width8_B_width1' from '(none)' to 'ZeroWireload'. (OPT-170)
Information: Changed wire load model for '*MULT_UNS_OP_8_1_8' from '(none)' to 'ZeroWireload'. (OPT-170)
Information: Changed wire load model for 'DW02_mult_A_width8_B_width1' from '(none)' to 'ZeroWireload'. (OPT-170)
Information: Changed wire load model for '*MULT_UNS_OP_8_1_8' from '(none)' to 'ZeroWireload'. (OPT-170)
Information: Changed wire load model for 'DW02_mult_A_width8_B_width1' from '(none)' to 'ZeroWireload'. (OPT-170)
Information: Changed wire load model for '*MULT_UNS_OP_8_1_8' from '(none)' to 'ZeroWireload'. (OPT-170)
Information: Changed wire load model for 'DW02_mult_A_width8_B_width1' from '(none)' to 'ZeroWireload'. (OPT-170)
Information: Changed wire load model for '*MULT_UNS_OP_8_1_8' from '(none)' to 'ZeroWireload'. (OPT-170)
Information: Changed wire load model for 'DW02_mult_A_width8_B_width1' from '(none)' to 'ZeroWireload'. (OPT-170)
Information: Changed wire load model for '*MULT_UNS_OP_8_1_8' from '(none)' to 'ZeroWireload'. (OPT-170)
Information: Changed wire load model for 'DW02_mult_A_width8_B_width1' from '(none)' to 'ZeroWireload'. (OPT-170)
Information: Changed wire load model for '*MULT_UNS_OP_8_1_8' from '(none)' to 'ZeroWireload'. (OPT-170)
Information: Changed wire load model for 'DW02_mult_A_width8_B_width1' from '(none)' to 'ZeroWireload'. (OPT-170)
Information: Changed wire load model for '*MULT_UNS_OP_8_1_8' from '(none)' to 'ZeroWireload'. (OPT-170)
Information: Changed wire load model for 'DW02_mult_A_width8_B_width1' from '(none)' to 'ZeroWireload'. (OPT-170)
Information: Changed wire load model for '*MULT_UNS_OP_8_1_8' from '(none)' to 'ZeroWireload'. (OPT-170)
Information: Changed wire load model for 'DW02_mult_A_width8_B_width1' from '(none)' to 'ZeroWireload'. (OPT-170)
Information: Changed wire load model for '*MULT_UNS_OP_8_1_8' from '(none)' to 'ZeroWireload'. (OPT-170)
Information: Changed wire load model for 'DW02_mult_A_width8_B_width1' from '(none)' to 'ZeroWireload'. (OPT-170)
Information: Changed wire load model for '*MULT_UNS_OP_8_1_8' from '(none)' to 'ZeroWireload'. (OPT-170)
Information: Changed wire load model for 'DW02_mult_A_width8_B_width1' from '(none)' to 'ZeroWireload'. (OPT-170)
Information: Changed wire load model for '*MULT_UNS_OP_8_1_8' from '(none)' to 'ZeroWireload'. (OPT-170)
Information: Changed wire load model for 'DW02_mult_A_width8_B_width1' from '(none)' to 'ZeroWireload'. (OPT-170)
Information: Changed wire load model for '*MULT_UNS_OP_8_1_8' from '(none)' to 'ZeroWireload'. (OPT-170)
Information: Changed wire load model for 'DW02_mult_A_width8_B_width1' from '(none)' to 'ZeroWireload'. (OPT-170)
Information: Changed wire load model for '*MULT_UNS_OP_8_1_8' from '(none)' to 'ZeroWireload'. (OPT-170)
Information: Changed wire load model for 'DW02_mult_A_width8_B_width1' from '(none)' to 'ZeroWireload'. (OPT-170)
Information: Changed wire load model for '*MULT_UNS_OP_8_1_8' from '(none)' to 'ZeroWireload'. (OPT-170)
Information: Changed wire load model for 'DW02_mult_A_width8_B_width1' from '(none)' to 'ZeroWireload'. (OPT-170)
Information: Changed wire load model for '*MULT_UNS_OP_8_1_8' from '(none)' to 'ZeroWireload'. (OPT-170)
Information: Changed wire load model for 'DW02_mult_A_width8_B_width1' from '(none)' to 'ZeroWireload'. (OPT-170)
Information: Changed wire load model for '*MULT_UNS_OP_8_1_8' from '(none)' to 'ZeroWireload'. (OPT-170)
Information: Changed wire load model for 'DW02_mult_A_width8_B_width1' from '(none)' to 'ZeroWireload'. (OPT-170)
Information: Changed wire load model for '*MULT_UNS_OP_8_1_8' from '(none)' to 'ZeroWireload'. (OPT-170)
Information: Changed wire load model for 'DW02_mult_A_width8_B_width1' from '(none)' to 'ZeroWireload'. (OPT-170)
Information: Changed wire load model for '*MULT_UNS_OP_8_1_8' from '(none)' to 'ZeroWireload'. (OPT-170)
Information: Changed wire load model for 'DW02_mult_A_width8_B_width1' from '(none)' to 'ZeroWireload'. (OPT-170)
Information: Changed wire load model for '*MULT_UNS_OP_8_1_8' from '(none)' to 'ZeroWireload'. (OPT-170)
Information: Changed wire load model for 'DW02_mult_A_width8_B_width1' from '(none)' to 'ZeroWireload'. (OPT-170)
Information: Changed wire load model for '*MULT_UNS_OP_8_1_8' from '(none)' to 'ZeroWireload'. (OPT-170)
Information: Changed wire load model for 'DW02_mult_A_width8_B_width1' from '(none)' to 'ZeroWireload'. (OPT-170)
Information: Changed wire load model for '*MULT_UNS_OP_8_1_8' from '(none)' to 'ZeroWireload'. (OPT-170)
Information: Changed wire load model for 'DW02_mult_A_width8_B_width1' from '(none)' to 'ZeroWireload'. (OPT-170)
Information: Changed wire load model for '*MULT_UNS_OP_8_1_8' from '(none)' to 'ZeroWireload'. (OPT-170)
Information: Changed wire load model for 'DW02_mult_A_width8_B_width1' from '(none)' to 'ZeroWireload'. (OPT-170)
Information: Changed wire load model for '*MULT_UNS_OP_8_1_8' from '(none)' to 'ZeroWireload'. (OPT-170)
Information: Changed wire load model for 'DW02_mult_A_width8_B_width1' from '(none)' to 'ZeroWireload'. (OPT-170)
Information: Changed wire load model for '*MULT_UNS_OP_8_1_8' from '(none)' to 'ZeroWireload'. (OPT-170)
Information: Changed wire load model for 'DW02_mult_A_width8_B_width1' from '(none)' to 'ZeroWireload'. (OPT-170)
Information: Changed wire load model for '*MULT_UNS_OP_8_1_8' from '(none)' to 'ZeroWireload'. (OPT-170)
Information: Changed wire load model for 'DW02_mult_A_width8_B_width1' from '(none)' to 'ZeroWireload'. (OPT-170)
Information: Changed wire load model for '*MULT_UNS_OP_8_1_8' from '(none)' to 'ZeroWireload'. (OPT-170)
Information: Changed wire load model for 'DW02_mult_A_width8_B_width1' from '(none)' to 'ZeroWireload'. (OPT-170)
Information: Changed wire load model for '*MULT_UNS_OP_8_1_8' from '(none)' to 'ZeroWireload'. (OPT-170)
Information: Changed wire load model for 'DW02_mult_A_width8_B_width1' from '(none)' to 'ZeroWireload'. (OPT-170)
Information: Changed wire load model for '*MULT_UNS_OP_8_1_8' from '(none)' to 'ZeroWireload'. (OPT-170)
Information: Changed wire load model for 'DW02_mult_A_width8_B_width1' from '(none)' to 'ZeroWireload'. (OPT-170)
Information: Changed wire load model for '*MULT_UNS_OP_8_1_8' from '(none)' to 'ZeroWireload'. (OPT-170)
Information: Changed wire load model for 'DW02_mult_A_width8_B_width1' from '(none)' to 'ZeroWireload'. (OPT-170)
Information: Changed wire load model for '*MULT_UNS_OP_8_1_8' from '(none)' to 'ZeroWireload'. (OPT-170)
Information: Changed wire load model for 'DW02_mult_A_width8_B_width1' from '(none)' to 'ZeroWireload'. (OPT-170)
Information: Changed wire load model for '*MULT_UNS_OP_8_1_8' from '(none)' to 'ZeroWireload'. (OPT-170)
Information: Changed wire load model for 'DW02_mult_A_width8_B_width1' from '(none)' to 'ZeroWireload'. (OPT-170)
Information: Changed wire load model for '*MULT_UNS_OP_8_1_8' from '(none)' to 'ZeroWireload'. (OPT-170)
Information: Changed wire load model for 'DW02_mult_A_width8_B_width1' from '(none)' to 'ZeroWireload'. (OPT-170)
Information: Changed wire load model for '*MULT_UNS_OP_8_1_8' from '(none)' to 'ZeroWireload'. (OPT-170)
Information: Changed wire load model for 'DW02_mult_A_width8_B_width1' from '(none)' to 'ZeroWireload'. (OPT-170)
Information: Changed wire load model for '*MULT_UNS_OP_8_1_8' from '(none)' to 'ZeroWireload'. (OPT-170)
Information: Changed wire load model for 'DW02_mult_A_width8_B_width1' from '(none)' to 'ZeroWireload'. (OPT-170)
Information: Changed wire load model for '*MULT_UNS_OP_8_1_8' from '(none)' to 'ZeroWireload'. (OPT-170)
Information: Changed wire load model for 'DW02_mult_A_width8_B_width1' from '(none)' to 'ZeroWireload'. (OPT-170)
Information: Changed wire load model for '*MULT_UNS_OP_8_1_8' from '(none)' to 'ZeroWireload'. (OPT-170)
Information: Changed wire load model for 'DW02_mult_A_width8_B_width1' from '(none)' to 'ZeroWireload'. (OPT-170)
Information: Changed wire load model for '*MULT_UNS_OP_8_1_8' from '(none)' to 'ZeroWireload'. (OPT-170)
Information: Changed wire load model for 'DW02_mult_A_width8_B_width1' from '(none)' to 'ZeroWireload'. (OPT-170)
Information: Changed wire load model for '*MULT_UNS_OP_8_1_8' from '(none)' to 'ZeroWireload'. (OPT-170)
Information: Changed wire load model for 'DW02_mult_A_width8_B_width1' from '(none)' to 'ZeroWireload'. (OPT-170)
Information: Changed wire load model for '*MULT_UNS_OP_8_1_8' from '(none)' to 'ZeroWireload'. (OPT-170)
Information: Changed wire load model for 'DW02_mult_A_width8_B_width1' from '(none)' to 'ZeroWireload'. (OPT-170)
Information: Changed wire load model for '*MULT_UNS_OP_8_1_8' from '(none)' to 'ZeroWireload'. (OPT-170)
Information: Changed wire load model for 'DW02_mult_A_width8_B_width1' from '(none)' to 'ZeroWireload'. (OPT-170)
Information: Changed wire load model for '*MULT_UNS_OP_8_1_8' from '(none)' to 'ZeroWireload'. (OPT-170)
Information: Changed wire load model for 'DW02_mult_A_width8_B_width1' from '(none)' to 'ZeroWireload'. (OPT-170)
Information: Changed wire load model for '*MULT_UNS_OP_8_1_8' from '(none)' to 'ZeroWireload'. (OPT-170)
Information: Changed wire load model for 'DW02_mult_A_width8_B_width1' from '(none)' to 'ZeroWireload'. (OPT-170)
Information: Changed wire load model for '*MULT_UNS_OP_8_1_8' from '(none)' to 'ZeroWireload'. (OPT-170)
Information: Changed wire load model for 'DW02_mult_A_width8_B_width1' from '(none)' to 'ZeroWireload'. (OPT-170)
Information: Changed wire load model for '*MULT_UNS_OP_8_1_8' from '(none)' to 'ZeroWireload'. (OPT-170)
Information: Changed wire load model for 'DW02_mult_A_width8_B_width1' from '(none)' to 'ZeroWireload'. (OPT-170)
Information: Changed wire load model for '*MULT_UNS_OP_8_1_8' from '(none)' to 'ZeroWireload'. (OPT-170)
Information: Changed wire load model for 'DW02_mult_A_width8_B_width1' from '(none)' to 'ZeroWireload'. (OPT-170)
Information: Changed wire load model for '*MULT_UNS_OP_8_1_8' from '(none)' to 'ZeroWireload'. (OPT-170)
Information: Changed wire load model for 'DW02_mult_A_width8_B_width1' from '(none)' to 'ZeroWireload'. (OPT-170)
Information: Changed wire load model for '*MULT_UNS_OP_8_1_8' from '(none)' to 'ZeroWireload'. (OPT-170)
Information: Changed wire load model for 'DW02_mult_A_width8_B_width1' from '(none)' to 'ZeroWireload'. (OPT-170)
Information: Changed wire load model for '*MULT_UNS_OP_8_1_8' from '(none)' to 'ZeroWireload'. (OPT-170)
Information: Changed wire load model for 'DW02_mult_A_width8_B_width1' from '(none)' to 'ZeroWireload'. (OPT-170)
Information: Changed wire load model for '*MULT_UNS_OP_8_1_8' from '(none)' to 'ZeroWireload'. (OPT-170)
Information: Changed wire load model for 'DW02_mult_A_width8_B_width1' from '(none)' to 'ZeroWireload'. (OPT-170)
Information: Changed wire load model for '*MULT_UNS_OP_8_1_8' from '(none)' to 'ZeroWireload'. (OPT-170)
Information: Changed wire load model for 'DW02_mult_A_width8_B_width1' from '(none)' to 'ZeroWireload'. (OPT-170)
Information: Changed wire load model for '*MULT_UNS_OP_8_1_8' from '(none)' to 'ZeroWireload'. (OPT-170)
Information: Changed wire load model for 'DW02_mult_A_width8_B_width1' from '(none)' to 'ZeroWireload'. (OPT-170)
Information: Changed wire load model for '*MULT_UNS_OP_8_1_8' from '(none)' to 'ZeroWireload'. (OPT-170)
Information: Changed wire load model for 'DW02_mult_A_width8_B_width1' from '(none)' to 'ZeroWireload'. (OPT-170)
Information: Changed wire load model for '*MULT_UNS_OP_8_1_8' from '(none)' to 'ZeroWireload'. (OPT-170)
Information: Changed wire load model for 'DW02_mult_A_width8_B_width1' from '(none)' to 'ZeroWireload'. (OPT-170)
Information: Changed wire load model for '*MULT_UNS_OP_8_1_8' from '(none)' to 'ZeroWireload'. (OPT-170)
Information: Changed wire load model for 'DW02_mult_A_width8_B_width1' from '(none)' to 'ZeroWireload'. (OPT-170)
Information: Changed wire load model for '*MULT_UNS_OP_8_1_8' from '(none)' to 'ZeroWireload'. (OPT-170)
Information: Changed wire load model for 'DW02_mult_A_width8_B_width1' from '(none)' to 'ZeroWireload'. (OPT-170)
Information: Changed wire load model for '*MULT_UNS_OP_8_1_8' from '(none)' to 'ZeroWireload'. (OPT-170)
Information: Changed wire load model for 'DW02_mult_A_width8_B_width1' from '(none)' to 'ZeroWireload'. (OPT-170)
Information: Changed wire load model for '*MULT_UNS_OP_8_1_8' from '(none)' to 'ZeroWireload'. (OPT-170)
Information: Changed wire load model for 'DW02_mult_A_width8_B_width1' from '(none)' to 'ZeroWireload'. (OPT-170)
Information: Changed wire load model for '*MULT_UNS_OP_8_1_8' from '(none)' to 'ZeroWireload'. (OPT-170)
Information: Changed wire load model for 'DW02_mult_A_width8_B_width1' from '(none)' to 'ZeroWireload'. (OPT-170)
Information: Changed wire load model for '*MULT_UNS_OP_8_1_8' from '(none)' to 'ZeroWireload'. (OPT-170)
Information: Changed wire load model for 'DW02_mult_A_width8_B_width1' from '(none)' to 'ZeroWireload'. (OPT-170)
Information: Changed wire load model for '*MULT_UNS_OP_8_1_8' from '(none)' to 'ZeroWireload'. (OPT-170)
Information: Changed wire load model for 'DW02_mult_A_width8_B_width1' from '(none)' to 'ZeroWireload'. (OPT-170)
Information: Changed wire load model for '*MULT_UNS_OP_8_1_8' from '(none)' to 'ZeroWireload'. (OPT-170)
Information: Changed wire load model for 'DW02_mult_A_width8_B_width1' from '(none)' to 'ZeroWireload'. (OPT-170)
Information: Changed wire load model for '*MULT_UNS_OP_8_1_8' from '(none)' to 'ZeroWireload'. (OPT-170)
Information: Changed wire load model for 'DW02_mult_A_width8_B_width1' from '(none)' to 'ZeroWireload'. (OPT-170)
Information: Changed wire load model for '*MULT_UNS_OP_8_1_8' from '(none)' to 'ZeroWireload'. (OPT-170)
Information: Changed wire load model for 'DW02_mult_A_width8_B_width1' from '(none)' to 'ZeroWireload'. (OPT-170)
Information: Changed wire load model for '*MULT_UNS_OP_8_1_8' from '(none)' to 'ZeroWireload'. (OPT-170)
Information: Changed wire load model for 'DW02_mult_A_width8_B_width1' from '(none)' to 'ZeroWireload'. (OPT-170)
Information: Changed wire load model for '*MULT_UNS_OP_8_1_8' from '(none)' to 'ZeroWireload'. (OPT-170)
Information: Changed wire load model for 'DW02_mult_A_width8_B_width1' from '(none)' to 'ZeroWireload'. (OPT-170)
Information: Changed wire load model for '*MULT_UNS_OP_8_1_8' from '(none)' to 'ZeroWireload'. (OPT-170)
Information: Changed wire load model for 'DW02_mult_A_width8_B_width1' from '(none)' to 'ZeroWireload'. (OPT-170)
Information: Changed wire load model for '*MULT_UNS_OP_8_1_8' from '(none)' to 'ZeroWireload'. (OPT-170)
Information: Changed wire load model for 'DW02_mult_A_width8_B_width1' from '(none)' to 'ZeroWireload'. (OPT-170)
Information: Changed wire load model for '*MULT_UNS_OP_8_1_8' from '(none)' to 'ZeroWireload'. (OPT-170)
Information: Changed wire load model for 'DW02_mult_A_width8_B_width1' from '(none)' to 'ZeroWireload'. (OPT-170)
Information: Changed wire load model for '*MULT_UNS_OP_8_1_8' from '(none)' to 'ZeroWireload'. (OPT-170)
Information: Changed wire load model for 'DW02_mult_A_width8_B_width1' from '(none)' to 'ZeroWireload'. (OPT-170)
Information: Changed wire load model for '*MULT_UNS_OP_8_1_8' from '(none)' to 'ZeroWireload'. (OPT-170)
Information: Changed wire load model for 'DW02_mult_A_width8_B_width1' from '(none)' to 'ZeroWireload'. (OPT-170)
Information: Changed wire load model for '*MULT_UNS_OP_8_1_8' from '(none)' to 'ZeroWireload'. (OPT-170)
Information: Changed wire load model for 'DW02_mult_A_width8_B_width1' from '(none)' to 'ZeroWireload'. (OPT-170)
Information: Changed wire load model for '*MULT_UNS_OP_8_1_8' from '(none)' to 'ZeroWireload'. (OPT-170)
Information: Changed wire load model for 'DW02_mult_A_width8_B_width1' from '(none)' to 'ZeroWireload'. (OPT-170)
Information: Changed wire load model for '*MULT_UNS_OP_8_1_8' from '(none)' to 'ZeroWireload'. (OPT-170)
Information: Changed wire load model for 'DW02_mult_A_width8_B_width1' from '(none)' to 'ZeroWireload'. (OPT-170)
Information: Changed wire load model for '*MULT_UNS_OP_8_1_8' from '(none)' to 'ZeroWireload'. (OPT-170)
Information: Changed wire load model for 'DW02_mult_A_width8_B_width1' from '(none)' to 'ZeroWireload'. (OPT-170)
Information: Changed wire load model for '*MULT_UNS_OP_8_1_8' from '(none)' to 'ZeroWireload'. (OPT-170)
Information: Changed wire load model for 'DW02_mult_A_width8_B_width1' from '(none)' to 'ZeroWireload'. (OPT-170)
Information: Changed wire load model for '*MULT_UNS_OP_8_1_8' from '(none)' to 'ZeroWireload'. (OPT-170)
Information: Changed wire load model for 'DW02_mult_A_width8_B_width1' from '(none)' to 'ZeroWireload'. (OPT-170)
Information: Changed wire load model for '*MULT_UNS_OP_8_1_8' from '(none)' to 'ZeroWireload'. (OPT-170)
Information: Changed wire load model for 'DW02_mult_A_width8_B_width1' from '(none)' to 'ZeroWireload'. (OPT-170)
Information: Changed wire load model for '*MULT_UNS_OP_8_1_8' from '(none)' to 'ZeroWireload'. (OPT-170)
Information: Changed wire load model for 'DW02_mult_A_width8_B_width1' from '(none)' to 'ZeroWireload'. (OPT-170)
Information: Changed wire load model for '*MULT_UNS_OP_8_1_8' from '(none)' to 'ZeroWireload'. (OPT-170)
Information: Changed wire load model for 'DW02_mult_A_width8_B_width1' from '(none)' to 'ZeroWireload'. (OPT-170)
Information: Changed wire load model for '*MULT_UNS_OP_8_1_8' from '(none)' to 'ZeroWireload'. (OPT-170)
Information: Changed wire load model for 'DW02_mult_A_width8_B_width1' from '(none)' to 'ZeroWireload'. (OPT-170)
Information: Changed wire load model for '*MULT_UNS_OP_8_1_8' from '(none)' to 'ZeroWireload'. (OPT-170)
Information: Changed wire load model for 'DW02_mult_A_width8_B_width1' from '(none)' to 'ZeroWireload'. (OPT-170)
Information: Changed wire load model for '*MULT_UNS_OP_8_1_8' from '(none)' to 'ZeroWireload'. (OPT-170)
Information: Changed wire load model for 'DW02_mult_A_width8_B_width1' from '(none)' to 'ZeroWireload'. (OPT-170)
Information: Changed wire load model for '*MULT_UNS_OP_8_1_8' from '(none)' to 'ZeroWireload'. (OPT-170)
Information: Changed wire load model for 'DW02_mult_A_width8_B_width1' from '(none)' to 'ZeroWireload'. (OPT-170)
Information: Changed wire load model for '*MULT_UNS_OP_8_1_8' from '(none)' to 'ZeroWireload'. (OPT-170)
Information: Changed wire load model for 'DW02_mult_A_width8_B_width1' from '(none)' to 'ZeroWireload'. (OPT-170)
Information: Changed wire load model for '*MULT_UNS_OP_8_1_8' from '(none)' to 'ZeroWireload'. (OPT-170)
Information: Changed wire load model for 'DW02_mult_A_width8_B_width1' from '(none)' to 'ZeroWireload'. (OPT-170)
Information: Changed wire load model for '*MULT_UNS_OP_8_1_8' from '(none)' to 'ZeroWireload'. (OPT-170)
Information: Changed wire load model for 'DW02_mult_A_width8_B_width1' from '(none)' to 'ZeroWireload'. (OPT-170)
Information: Changed wire load model for '*MULT_UNS_OP_8_1_8' from '(none)' to 'ZeroWireload'. (OPT-170)
Information: Changed wire load model for 'DW02_mult_A_width8_B_width1' from '(none)' to 'ZeroWireload'. (OPT-170)
Information: Changed wire load model for '*MULT_UNS_OP_8_1_8' from '(none)' to 'ZeroWireload'. (OPT-170)
Information: Changed wire load model for 'DW02_mult_A_width8_B_width1' from '(none)' to 'ZeroWireload'. (OPT-170)
Information: Changed wire load model for '*MULT_UNS_OP_8_1_8' from '(none)' to 'ZeroWireload'. (OPT-170)
Information: Changed wire load model for 'DW02_mult_A_width8_B_width1' from '(none)' to 'ZeroWireload'. (OPT-170)
Information: Changed wire load model for '*MULT_UNS_OP_8_1_8' from '(none)' to 'ZeroWireload'. (OPT-170)
Information: Changed wire load model for 'DW02_mult_A_width8_B_width1' from '(none)' to 'ZeroWireload'. (OPT-170)
Information: Changed wire load model for '*MULT_UNS_OP_8_1_8' from '(none)' to 'ZeroWireload'. (OPT-170)
Information: Changed wire load model for 'DW02_mult_A_width8_B_width1' from '(none)' to 'ZeroWireload'. (OPT-170)
Information: Changed wire load model for '*MULT_UNS_OP_8_1_8' from '(none)' to 'ZeroWireload'. (OPT-170)
Information: Changed wire load model for 'DW02_mult_A_width8_B_width1' from '(none)' to 'ZeroWireload'. (OPT-170)
Information: Changed wire load model for '*MULT_UNS_OP_8_1_8' from '(none)' to 'ZeroWireload'. (OPT-170)
Information: Changed wire load model for 'DW02_mult_A_width8_B_width1' from '(none)' to 'ZeroWireload'. (OPT-170)
Information: Changed wire load model for '*MULT_UNS_OP_8_1_8' from '(none)' to 'ZeroWireload'. (OPT-170)
Information: Changed wire load model for 'DW02_mult_A_width8_B_width1' from '(none)' to 'ZeroWireload'. (OPT-170)
Information: Changed wire load model for '*MULT_UNS_OP_8_1_8' from '(none)' to 'ZeroWireload'. (OPT-170)
Information: Changed wire load model for 'DW02_mult_A_width8_B_width1' from '(none)' to 'ZeroWireload'. (OPT-170)
Information: Changed wire load model for '*MULT_UNS_OP_8_1_8' from '(none)' to 'ZeroWireload'. (OPT-170)
Information: Changed wire load model for 'DW02_mult_A_width8_B_width1' from '(none)' to 'ZeroWireload'. (OPT-170)
Information: Changed wire load model for '*MULT_UNS_OP_8_1_8' from '(none)' to 'ZeroWireload'. (OPT-170)
Information: Changed wire load model for 'DW02_mult_A_width8_B_width1' from '(none)' to 'ZeroWireload'. (OPT-170)
Information: Changed wire load model for '*MULT_UNS_OP_8_1_8' from '(none)' to 'ZeroWireload'. (OPT-170)
Information: Changed wire load model for 'DW02_mult_A_width8_B_width1' from '(none)' to 'ZeroWireload'. (OPT-170)
Information: Changed wire load model for '*MULT_UNS_OP_8_1_8' from '(none)' to 'ZeroWireload'. (OPT-170)
Information: Changed wire load model for 'DW02_mult_A_width8_B_width1' from '(none)' to 'ZeroWireload'. (OPT-170)
Information: Changed wire load model for '*MULT_UNS_OP_8_1_8' from '(none)' to 'ZeroWireload'. (OPT-170)
Information: Changed wire load model for 'DW02_mult_A_width8_B_width1' from '(none)' to 'ZeroWireload'. (OPT-170)
Information: Changed wire load model for '*MULT_UNS_OP_8_1_8' from '(none)' to 'ZeroWireload'. (OPT-170)
Information: Changed wire load model for 'DW02_mult_A_width8_B_width1' from '(none)' to 'ZeroWireload'. (OPT-170)
Information: Changed wire load model for '*MULT_UNS_OP_8_1_8' from '(none)' to 'ZeroWireload'. (OPT-170)
Information: Changed wire load model for 'DW02_mult_A_width8_B_width1' from '(none)' to 'ZeroWireload'. (OPT-170)
Information: Changed wire load model for '*MULT_UNS_OP_8_1_8' from '(none)' to 'ZeroWireload'. (OPT-170)
Information: Changed wire load model for 'DW02_mult_A_width8_B_width1' from '(none)' to 'ZeroWireload'. (OPT-170)
Information: Changed wire load model for '*MULT_UNS_OP_8_1_8' from '(none)' to 'ZeroWireload'. (OPT-170)
Information: Changed wire load model for 'DW02_mult_A_width8_B_width1' from '(none)' to 'ZeroWireload'. (OPT-170)
Information: Changed wire load model for '*MULT_UNS_OP_8_1_8' from '(none)' to 'ZeroWireload'. (OPT-170)
Information: Changed wire load model for 'DW02_mult_A_width8_B_width1' from '(none)' to 'ZeroWireload'. (OPT-170)
Information: Changed wire load model for '*MULT_UNS_OP_8_1_8' from '(none)' to 'ZeroWireload'. (OPT-170)
Information: Changed wire load model for 'DW02_mult_A_width8_B_width1' from '(none)' to 'ZeroWireload'. (OPT-170)
Information: Changed wire load model for '*MULT_UNS_OP_8_1_8' from '(none)' to 'ZeroWireload'. (OPT-170)
Information: Changed wire load model for 'DW02_mult_A_width8_B_width1' from '(none)' to 'ZeroWireload'. (OPT-170)
Information: Changed wire load model for '*MULT_UNS_OP_8_1_8' from '(none)' to 'ZeroWireload'. (OPT-170)
Information: Changed wire load model for 'DW02_mult_A_width8_B_width1' from '(none)' to 'ZeroWireload'. (OPT-170)
Information: Changed wire load model for '*MULT_UNS_OP_8_1_8' from '(none)' to 'ZeroWireload'. (OPT-170)
Information: Changed wire load model for 'DW02_mult_A_width8_B_width1' from '(none)' to 'ZeroWireload'. (OPT-170)
Information: Changed wire load model for '*MULT_UNS_OP_8_1_8' from '(none)' to 'ZeroWireload'. (OPT-170)
Information: Changed wire load model for 'DW02_mult_A_width8_B_width1' from '(none)' to 'ZeroWireload'. (OPT-170)
Information: Changed wire load model for '*MULT_UNS_OP_8_1_8' from '(none)' to 'ZeroWireload'. (OPT-170)
Information: Changed wire load model for 'DW02_mult_A_width8_B_width1' from '(none)' to 'ZeroWireload'. (OPT-170)
Information: Changed wire load model for '*MULT_UNS_OP_8_1_8' from '(none)' to 'ZeroWireload'. (OPT-170)
Information: Changed wire load model for 'DW02_mult_A_width8_B_width1' from '(none)' to 'ZeroWireload'. (OPT-170)
Information: Changed wire load model for '*MULT_UNS_OP_8_1_8' from '(none)' to 'ZeroWireload'. (OPT-170)
Information: Changed wire load model for 'DW02_mult_A_width8_B_width1' from '(none)' to 'ZeroWireload'. (OPT-170)
Information: Changed wire load model for '*MULT_UNS_OP_8_1_8' from '(none)' to 'ZeroWireload'. (OPT-170)
Information: Changed wire load model for 'DW02_mult_A_width8_B_width1' from '(none)' to 'ZeroWireload'. (OPT-170)
Information: Changed wire load model for '*MULT_UNS_OP_8_1_8' from '(none)' to 'ZeroWireload'. (OPT-170)
Information: Changed wire load model for 'DW02_mult_A_width8_B_width1' from '(none)' to 'ZeroWireload'. (OPT-170)
Information: Changed wire load model for '*MULT_UNS_OP_8_1_8' from '(none)' to 'ZeroWireload'. (OPT-170)
Information: Changed wire load model for 'DW02_mult_A_width8_B_width1' from '(none)' to 'ZeroWireload'. (OPT-170)
Information: Changed wire load model for '*MULT_UNS_OP_8_1_8' from '(none)' to 'ZeroWireload'. (OPT-170)
Information: Changed wire load model for 'DW02_mult_A_width8_B_width1' from '(none)' to 'ZeroWireload'. (OPT-170)
Information: Changed wire load model for '*MULT_UNS_OP_8_1_8' from '(none)' to 'ZeroWireload'. (OPT-170)
Information: Changed wire load model for 'DW02_mult_A_width8_B_width1' from '(none)' to 'ZeroWireload'. (OPT-170)
Information: Changed wire load model for '*MULT_UNS_OP_8_1_8' from '(none)' to 'ZeroWireload'. (OPT-170)
Information: Changed wire load model for 'DW02_mult_A_width8_B_width1' from '(none)' to 'ZeroWireload'. (OPT-170)
Information: Changed wire load model for '*MULT_UNS_OP_8_1_8' from '(none)' to 'ZeroWireload'. (OPT-170)
Information: Changed wire load model for 'DW02_mult_A_width8_B_width1' from '(none)' to 'ZeroWireload'. (OPT-170)
Information: Changed wire load model for '*MULT_UNS_OP_8_1_8' from '(none)' to 'ZeroWireload'. (OPT-170)
Information: Changed wire load model for 'DW02_mult_A_width8_B_width1' from '(none)' to 'ZeroWireload'. (OPT-170)
Information: Changed wire load model for '*MULT_UNS_OP_8_1_8' from '(none)' to 'ZeroWireload'. (OPT-170)
Information: Changed wire load model for 'DW02_mult_A_width8_B_width1' from '(none)' to 'ZeroWireload'. (OPT-170)
Information: Changed wire load model for '*MULT_UNS_OP_8_1_8' from '(none)' to 'ZeroWireload'. (OPT-170)
Information: Changed wire load model for 'DW02_mult_A_width8_B_width1' from '(none)' to 'ZeroWireload'. (OPT-170)
Information: Changed wire load model for '*MULT_UNS_OP_8_1_8' from '(none)' to 'ZeroWireload'. (OPT-170)
Information: Changed wire load model for 'DW02_mult_A_width8_B_width1' from '(none)' to 'ZeroWireload'. (OPT-170)
Information: Changed wire load model for '*MULT_UNS_OP_8_1_8' from '(none)' to 'ZeroWireload'. (OPT-170)
Information: Changed wire load model for 'DW02_mult_A_width8_B_width1' from '(none)' to 'ZeroWireload'. (OPT-170)
Information: Changed wire load model for '*MULT_UNS_OP_8_1_8' from '(none)' to 'ZeroWireload'. (OPT-170)
Information: Changed wire load model for 'DW02_mult_A_width8_B_width1' from '(none)' to 'ZeroWireload'. (OPT-170)
Information: Changed wire load model for '*MULT_UNS_OP_8_1_8' from '(none)' to 'ZeroWireload'. (OPT-170)
Information: Changed wire load model for 'DW02_mult_A_width8_B_width1' from '(none)' to 'ZeroWireload'. (OPT-170)
Information: Changed wire load model for '*MULT_UNS_OP_8_1_8' from '(none)' to 'ZeroWireload'. (OPT-170)
Information: Changed wire load model for 'DW02_mult_A_width8_B_width1' from '(none)' to 'ZeroWireload'. (OPT-170)
Information: Changed wire load model for '*MULT_UNS_OP_8_1_8' from '(none)' to 'ZeroWireload'. (OPT-170)
Information: Changed wire load model for 'DW02_mult_A_width8_B_width1' from '(none)' to 'ZeroWireload'. (OPT-170)
Information: Changed wire load model for '*MULT_UNS_OP_8_1_8' from '(none)' to 'ZeroWireload'. (OPT-170)
Information: Changed wire load model for 'DW02_mult_A_width8_B_width1' from '(none)' to 'ZeroWireload'. (OPT-170)
Information: Changed wire load model for '*MULT_UNS_OP_8_1_8' from '(none)' to 'ZeroWireload'. (OPT-170)
Information: Changed wire load model for 'DW02_mult_A_width8_B_width1' from '(none)' to 'ZeroWireload'. (OPT-170)
Information: Changed wire load model for '*MULT_UNS_OP_8_1_8' from '(none)' to 'ZeroWireload'. (OPT-170)
Information: Changed wire load model for 'DW02_mult_A_width8_B_width1' from '(none)' to 'ZeroWireload'. (OPT-170)
Information: Changed wire load model for '*MULT_UNS_OP_8_1_8' from '(none)' to 'ZeroWireload'. (OPT-170)
Information: Changed wire load model for 'DW02_mult_A_width8_B_width1' from '(none)' to 'ZeroWireload'. (OPT-170)
Information: Changed wire load model for '*MULT_UNS_OP_8_1_8' from '(none)' to 'ZeroWireload'. (OPT-170)
Information: Changed wire load model for 'DW02_mult_A_width8_B_width1' from '(none)' to 'ZeroWireload'. (OPT-170)
Information: Changed wire load model for '*MULT_UNS_OP_8_1_8' from '(none)' to 'ZeroWireload'. (OPT-170)
Information: Changed wire load model for 'DW02_mult_A_width8_B_width1' from '(none)' to 'ZeroWireload'. (OPT-170)
Information: Changed wire load model for '*MULT_UNS_OP_8_1_8' from '(none)' to 'ZeroWireload'. (OPT-170)
Information: Changed wire load model for 'DW02_mult_A_width8_B_width1' from '(none)' to 'ZeroWireload'. (OPT-170)
Information: Changed wire load model for '*MULT_UNS_OP_8_1_8' from '(none)' to 'ZeroWireload'. (OPT-170)
Information: Changed wire load model for 'DW02_mult_A_width8_B_width1' from '(none)' to 'ZeroWireload'. (OPT-170)
Information: Changed wire load model for '*MULT_UNS_OP_8_1_8' from '(none)' to 'ZeroWireload'. (OPT-170)
Information: Changed wire load model for 'DW02_mult_A_width8_B_width1' from '(none)' to 'ZeroWireload'. (OPT-170)
Information: Changed wire load model for '*MULT_UNS_OP_8_1_8' from '(none)' to 'ZeroWireload'. (OPT-170)
Information: Changed wire load model for 'DW02_mult_A_width8_B_width1' from '(none)' to 'ZeroWireload'. (OPT-170)
Information: Changed wire load model for '*MULT_UNS_OP_8_1_8' from '(none)' to 'ZeroWireload'. (OPT-170)
Information: Changed wire load model for 'DW02_mult_A_width8_B_width1' from '(none)' to 'ZeroWireload'. (OPT-170)
Information: Changed wire load model for '*MULT_UNS_OP_8_1_8' from '(none)' to 'ZeroWireload'. (OPT-170)
Information: Changed wire load model for 'DW02_mult_A_width8_B_width1' from '(none)' to 'ZeroWireload'. (OPT-170)
Information: Changed wire load model for '*MULT_UNS_OP_8_1_8' from '(none)' to 'ZeroWireload'. (OPT-170)
Information: Changed wire load model for 'DW02_mult_A_width8_B_width1' from '(none)' to 'ZeroWireload'. (OPT-170)
Information: Changed wire load model for '*MULT_UNS_OP_8_1_8' from '(none)' to 'ZeroWireload'. (OPT-170)
Information: Changed wire load model for 'DW02_mult_A_width8_B_width1' from '(none)' to 'ZeroWireload'. (OPT-170)
Information: Changed wire load model for '*MULT_UNS_OP_8_1_8' from '(none)' to 'ZeroWireload'. (OPT-170)
Information: Changed wire load model for 'DW02_mult_A_width8_B_width1' from '(none)' to 'ZeroWireload'. (OPT-170)
Information: Changed wire load model for '*MULT_UNS_OP_8_1_8' from '(none)' to 'ZeroWireload'. (OPT-170)
Information: Changed wire load model for 'DW02_mult_A_width8_B_width1' from '(none)' to 'ZeroWireload'. (OPT-170)
Information: Changed wire load model for '*MULT_UNS_OP_8_1_8' from '(none)' to 'ZeroWireload'. (OPT-170)
Information: Changed wire load model for 'DW02_mult_A_width8_B_width1' from '(none)' to 'ZeroWireload'. (OPT-170)
Information: Changed wire load model for '*MULT_UNS_OP_8_1_8' from '(none)' to 'ZeroWireload'. (OPT-170)
Information: Changed wire load model for 'DW02_mult_A_width8_B_width1' from '(none)' to 'ZeroWireload'. (OPT-170)
Information: Changed wire load model for '*MULT_UNS_OP_8_1_8' from '(none)' to 'ZeroWireload'. (OPT-170)
Information: Changed wire load model for 'DW02_mult_A_width8_B_width1' from '(none)' to 'ZeroWireload'. (OPT-170)
Information: Changed wire load model for '*MULT_UNS_OP_8_1_8' from '(none)' to 'ZeroWireload'. (OPT-170)
Information: Changed wire load model for 'DW02_mult_A_width8_B_width1' from '(none)' to 'ZeroWireload'. (OPT-170)
Information: Changed wire load model for '*MULT_UNS_OP_8_1_8' from '(none)' to 'ZeroWireload'. (OPT-170)
Information: Changed wire load model for 'DW02_mult_A_width8_B_width1' from '(none)' to 'ZeroWireload'. (OPT-170)
Information: Changed wire load model for '*MULT_UNS_OP_8_1_8' from '(none)' to 'ZeroWireload'. (OPT-170)
Information: Changed wire load model for 'DW02_mult_A_width8_B_width1' from '(none)' to 'ZeroWireload'. (OPT-170)
Information: Changed wire load model for '*MULT_UNS_OP_8_1_8' from '(none)' to 'ZeroWireload'. (OPT-170)
Information: Changed wire load model for 'DW02_mult_A_width8_B_width1' from '(none)' to 'ZeroWireload'. (OPT-170)
Information: Changed wire load model for '*MULT_UNS_OP_8_1_8' from '(none)' to 'ZeroWireload'. (OPT-170)
Information: Changed wire load model for 'DW02_mult_A_width8_B_width1' from '(none)' to 'ZeroWireload'. (OPT-170)
Information: Changed wire load model for '*MULT_UNS_OP_8_1_8' from '(none)' to 'ZeroWireload'. (OPT-170)
Information: Changed wire load model for 'DW02_mult_A_width8_B_width1' from '(none)' to 'ZeroWireload'. (OPT-170)
Information: Changed wire load model for '*MULT_UNS_OP_8_1_8' from '(none)' to 'ZeroWireload'. (OPT-170)
Information: Changed wire load model for 'DW02_mult_A_width8_B_width1' from '(none)' to 'ZeroWireload'. (OPT-170)
Information: Changed wire load model for '*MULT_UNS_OP_8_1_8' from '(none)' to 'ZeroWireload'. (OPT-170)
Information: Changed wire load model for 'DW02_mult_A_width8_B_width1' from '(none)' to 'ZeroWireload'. (OPT-170)
Information: Changed wire load model for '*MULT_UNS_OP_8_1_8' from '(none)' to 'ZeroWireload'. (OPT-170)
Information: Changed wire load model for 'DW02_mult_A_width8_B_width1' from '(none)' to 'ZeroWireload'. (OPT-170)
Information: Changed wire load model for '*MULT_UNS_OP_8_1_8' from '(none)' to 'ZeroWireload'. (OPT-170)
Information: Changed wire load model for 'DW02_mult_A_width8_B_width1' from '(none)' to 'ZeroWireload'. (OPT-170)
Information: Changed wire load model for '*MULT_UNS_OP_8_1_8' from '(none)' to 'ZeroWireload'. (OPT-170)
Information: Changed wire load model for 'DW02_mult_A_width8_B_width1' from '(none)' to 'ZeroWireload'. (OPT-170)
Information: Changed wire load model for '*MULT_UNS_OP_8_1_8' from '(none)' to 'ZeroWireload'. (OPT-170)
Information: Changed wire load model for 'DW02_mult_A_width8_B_width1' from '(none)' to 'ZeroWireload'. (OPT-170)
Information: Changed wire load model for '*MULT_UNS_OP_8_1_8' from '(none)' to 'ZeroWireload'. (OPT-170)
Information: Changed wire load model for 'DW02_mult_A_width8_B_width1' from '(none)' to 'ZeroWireload'. (OPT-170)
Information: Changed wire load model for '*MULT_UNS_OP_8_1_8' from '(none)' to 'ZeroWireload'. (OPT-170)
Information: Changed wire load model for 'DW02_mult_A_width8_B_width1' from '(none)' to 'ZeroWireload'. (OPT-170)
Information: Changed wire load model for '*MULT_UNS_OP_8_1_8' from '(none)' to 'ZeroWireload'. (OPT-170)
Information: Changed wire load model for 'DW02_mult_A_width8_B_width1' from '(none)' to 'ZeroWireload'. (OPT-170)
Information: Changed wire load model for '*MULT_UNS_OP_8_1_8' from '(none)' to 'ZeroWireload'. (OPT-170)
Information: Changed wire load model for 'DW02_mult_A_width8_B_width1' from '(none)' to 'ZeroWireload'. (OPT-170)
Information: Changed wire load model for '*MULT_UNS_OP_8_1_8' from '(none)' to 'ZeroWireload'. (OPT-170)
Information: Changed wire load model for 'DW02_mult_A_width8_B_width1' from '(none)' to 'ZeroWireload'. (OPT-170)
Information: Changed wire load model for '*MULT_UNS_OP_8_1_8' from '(none)' to 'ZeroWireload'. (OPT-170)
Information: Changed wire load model for 'DW02_mult_A_width8_B_width1' from '(none)' to 'ZeroWireload'. (OPT-170)
Information: Changed wire load model for '*MULT_UNS_OP_8_1_8' from '(none)' to 'ZeroWireload'. (OPT-170)
Information: Changed wire load model for 'DW02_mult_A_width8_B_width1' from '(none)' to 'ZeroWireload'. (OPT-170)
Information: Changed wire load model for '*MULT_UNS_OP_8_1_8' from '(none)' to 'ZeroWireload'. (OPT-170)
Information: Changed wire load model for 'DW02_mult_A_width8_B_width1' from '(none)' to 'ZeroWireload'. (OPT-170)
Information: Changed wire load model for '*MULT_UNS_OP_8_1_8' from '(none)' to 'ZeroWireload'. (OPT-170)
Information: Changed wire load model for 'DW02_mult_A_width8_B_width1' from '(none)' to 'ZeroWireload'. (OPT-170)
Information: Changed wire load model for '*MULT_UNS_OP_8_1_8' from '(none)' to 'ZeroWireload'. (OPT-170)
Information: Changed wire load model for 'DW02_mult_A_width8_B_width1' from '(none)' to 'ZeroWireload'. (OPT-170)
Information: Changed wire load model for '*MULT_UNS_OP_8_1_8' from '(none)' to 'ZeroWireload'. (OPT-170)
Information: Changed wire load model for 'DW02_mult_A_width8_B_width1' from '(none)' to 'ZeroWireload'. (OPT-170)
Information: Changed wire load model for '*MULT_UNS_OP_8_1_8' from '(none)' to 'ZeroWireload'. (OPT-170)
Information: Changed wire load model for 'DW01_add_width15' from '(none)' to 'ZeroWireload'. (OPT-170)
Information: Changed wire load model for '*ADD_TC_OP_15_8_15' from '(none)' to 'ZeroWireload'. (OPT-170)
Information: Changed wire load model for 'DW01_add_width15' from '(none)' to 'ZeroWireload'. (OPT-170)
Information: Changed wire load model for '*ADD_TC_OP_15_8_15' from '(none)' to 'ZeroWireload'. (OPT-170)
Information: Changed wire load model for 'DW01_add_width15' from '(none)' to 'ZeroWireload'. (OPT-170)
Information: Changed wire load model for '*ADD_TC_OP_15_8_15' from '(none)' to 'ZeroWireload'. (OPT-170)
Information: Changed wire load model for 'DW01_add_width15' from '(none)' to 'ZeroWireload'. (OPT-170)
Information: Changed wire load model for '*ADD_TC_OP_15_8_15' from '(none)' to 'ZeroWireload'. (OPT-170)
Information: Changed wire load model for 'DW01_add_width15' from '(none)' to 'ZeroWireload'. (OPT-170)
Information: Changed wire load model for '*ADD_TC_OP_15_8_15' from '(none)' to 'ZeroWireload'. (OPT-170)
Information: Changed wire load model for 'DW01_add_width15' from '(none)' to 'ZeroWireload'. (OPT-170)
Information: Changed wire load model for '*ADD_TC_OP_15_8_15' from '(none)' to 'ZeroWireload'. (OPT-170)
Information: Changed wire load model for 'DW01_add_width15' from '(none)' to 'ZeroWireload'. (OPT-170)
Information: Changed wire load model for '*ADD_TC_OP_15_8_15' from '(none)' to 'ZeroWireload'. (OPT-170)
Information: Changed wire load model for 'DW01_add_width15' from '(none)' to 'ZeroWireload'. (OPT-170)
Information: Changed wire load model for '*ADD_TC_OP_15_8_15' from '(none)' to 'ZeroWireload'. (OPT-170)
Information: Changed wire load model for 'DW01_add_width15' from '(none)' to 'ZeroWireload'. (OPT-170)
Information: Changed wire load model for '*ADD_TC_OP_15_8_15' from '(none)' to 'ZeroWireload'. (OPT-170)
Information: Changed wire load model for 'DW01_add_width15' from '(none)' to 'ZeroWireload'. (OPT-170)
Information: Changed wire load model for '*ADD_TC_OP_15_8_15' from '(none)' to 'ZeroWireload'. (OPT-170)
Information: Changed wire load model for 'DW01_add_width15' from '(none)' to 'ZeroWireload'. (OPT-170)
Information: Changed wire load model for '*ADD_TC_OP_15_8_15' from '(none)' to 'ZeroWireload'. (OPT-170)
Information: Changed wire load model for 'DW01_add_width15' from '(none)' to 'ZeroWireload'. (OPT-170)
Information: Changed wire load model for '*ADD_TC_OP_15_8_15' from '(none)' to 'ZeroWireload'. (OPT-170)
Information: Changed wire load model for 'DW01_add_width15' from '(none)' to 'ZeroWireload'. (OPT-170)
Information: Changed wire load model for '*ADD_TC_OP_15_8_15' from '(none)' to 'ZeroWireload'. (OPT-170)
Information: Changed wire load model for 'DW01_add_width15' from '(none)' to 'ZeroWireload'. (OPT-170)
Information: Changed wire load model for '*ADD_TC_OP_15_8_15' from '(none)' to 'ZeroWireload'. (OPT-170)
Information: Changed wire load model for 'DW01_add_width15' from '(none)' to 'ZeroWireload'. (OPT-170)
Information: Changed wire load model for '*ADD_TC_OP_15_8_15' from '(none)' to 'ZeroWireload'. (OPT-170)
Information: Changed wire load model for 'DW01_add_width15' from '(none)' to 'ZeroWireload'. (OPT-170)
Information: Changed wire load model for '*ADD_TC_OP_15_8_15' from '(none)' to 'ZeroWireload'. (OPT-170)
Information: Changed wire load model for 'DW01_add_width15' from '(none)' to 'ZeroWireload'. (OPT-170)
Information: Changed wire load model for '*ADD_TC_OP_15_8_15' from '(none)' to 'ZeroWireload'. (OPT-170)
Information: Changed wire load model for 'DW01_add_width15' from '(none)' to 'ZeroWireload'. (OPT-170)
Information: Changed wire load model for '*ADD_TC_OP_15_8_15' from '(none)' to 'ZeroWireload'. (OPT-170)
Information: Changed wire load model for 'DW01_add_width15' from '(none)' to 'ZeroWireload'. (OPT-170)
Information: Changed wire load model for '*ADD_TC_OP_15_8_15' from '(none)' to 'ZeroWireload'. (OPT-170)
Information: Changed wire load model for 'DW01_add_width15' from '(none)' to 'ZeroWireload'. (OPT-170)
Information: Changed wire load model for '*ADD_TC_OP_15_8_15' from '(none)' to 'ZeroWireload'. (OPT-170)
Information: Changed wire load model for 'DW01_add_width15' from '(none)' to 'ZeroWireload'. (OPT-170)
Information: Changed wire load model for '*ADD_TC_OP_15_8_15' from '(none)' to 'ZeroWireload'. (OPT-170)
Information: Changed wire load model for 'DW01_add_width15' from '(none)' to 'ZeroWireload'. (OPT-170)
Information: Changed wire load model for '*ADD_TC_OP_15_8_15' from '(none)' to 'ZeroWireload'. (OPT-170)
Information: Changed wire load model for 'DW01_add_width15' from '(none)' to 'ZeroWireload'. (OPT-170)
Information: Changed wire load model for '*ADD_TC_OP_15_8_15' from '(none)' to 'ZeroWireload'. (OPT-170)
Information: Changed wire load model for 'DW01_add_width15' from '(none)' to 'ZeroWireload'. (OPT-170)
Information: Changed wire load model for '*ADD_TC_OP_15_8_15' from '(none)' to 'ZeroWireload'. (OPT-170)
Information: Changed wire load model for 'DW01_add_width15' from '(none)' to 'ZeroWireload'. (OPT-170)
Information: Changed wire load model for '*ADD_TC_OP_15_8_15' from '(none)' to 'ZeroWireload'. (OPT-170)
Information: Changed wire load model for 'DW01_add_width15' from '(none)' to 'ZeroWireload'. (OPT-170)
Information: Changed wire load model for '*ADD_TC_OP_15_8_15' from '(none)' to 'ZeroWireload'. (OPT-170)
Information: Changed wire load model for 'DW01_add_width15' from '(none)' to 'ZeroWireload'. (OPT-170)
Information: Changed wire load model for '*ADD_TC_OP_15_8_15' from '(none)' to 'ZeroWireload'. (OPT-170)
Information: Changed wire load model for 'DW01_add_width15' from '(none)' to 'ZeroWireload'. (OPT-170)
Information: Changed wire load model for '*ADD_TC_OP_15_8_15' from '(none)' to 'ZeroWireload'. (OPT-170)
Information: Changed wire load model for 'DW01_add_width15' from '(none)' to 'ZeroWireload'. (OPT-170)
Information: Changed wire load model for '*ADD_TC_OP_15_8_15' from '(none)' to 'ZeroWireload'. (OPT-170)
Information: Changed wire load model for 'DW01_add_width15' from '(none)' to 'ZeroWireload'. (OPT-170)
Information: Changed wire load model for '*ADD_TC_OP_15_8_15' from '(none)' to 'ZeroWireload'. (OPT-170)
Information: Changed wire load model for 'DW01_add_width15' from '(none)' to 'ZeroWireload'. (OPT-170)
Information: Changed wire load model for '*ADD_TC_OP_15_8_15' from '(none)' to 'ZeroWireload'. (OPT-170)
Information: Changed wire load model for 'DW01_add_width15' from '(none)' to 'ZeroWireload'. (OPT-170)
Information: Changed wire load model for '*ADD_TC_OP_15_8_15' from '(none)' to 'ZeroWireload'. (OPT-170)
Information: Changed wire load model for 'DW01_add_width15' from '(none)' to 'ZeroWireload'. (OPT-170)
Information: Changed wire load model for '*ADD_TC_OP_15_8_15' from '(none)' to 'ZeroWireload'. (OPT-170)
Information: Changed wire load model for 'DW01_add_width15' from '(none)' to 'ZeroWireload'. (OPT-170)
Information: Changed wire load model for '*ADD_TC_OP_15_8_15' from '(none)' to 'ZeroWireload'. (OPT-170)
Information: Changed wire load model for 'DW01_add_width15' from '(none)' to 'ZeroWireload'. (OPT-170)
Information: Changed wire load model for '*ADD_TC_OP_15_8_15' from '(none)' to 'ZeroWireload'. (OPT-170)
Information: Changed wire load model for 'DW01_add_width15' from '(none)' to 'ZeroWireload'. (OPT-170)
Information: Changed wire load model for '*ADD_TC_OP_15_8_15' from '(none)' to 'ZeroWireload'. (OPT-170)
Information: Changed wire load model for 'DW01_add_width15' from '(none)' to 'ZeroWireload'. (OPT-170)
Information: Changed wire load model for '*ADD_TC_OP_15_8_15' from '(none)' to 'ZeroWireload'. (OPT-170)
Information: Changed wire load model for 'DW01_add_width15' from '(none)' to 'ZeroWireload'. (OPT-170)
Information: Changed wire load model for '*ADD_TC_OP_15_8_15' from '(none)' to 'ZeroWireload'. (OPT-170)
Information: Changed wire load model for 'DW01_add_width15' from '(none)' to 'ZeroWireload'. (OPT-170)
Information: Changed wire load model for '*ADD_TC_OP_15_8_15' from '(none)' to 'ZeroWireload'. (OPT-170)
Information: Changed wire load model for 'DW01_add_width15' from '(none)' to 'ZeroWireload'. (OPT-170)
Information: Changed wire load model for '*ADD_TC_OP_15_8_15' from '(none)' to 'ZeroWireload'. (OPT-170)
Information: Changed wire load model for 'DW01_add_width15' from '(none)' to 'ZeroWireload'. (OPT-170)
Information: Changed wire load model for '*ADD_TC_OP_15_8_15' from '(none)' to 'ZeroWireload'. (OPT-170)
Information: Changed wire load model for 'DW01_add_width15' from '(none)' to 'ZeroWireload'. (OPT-170)
Information: Changed wire load model for '*ADD_TC_OP_15_8_15' from '(none)' to 'ZeroWireload'. (OPT-170)
Information: Changed wire load model for 'DW01_add_width15' from '(none)' to 'ZeroWireload'. (OPT-170)
Information: Changed wire load model for '*ADD_TC_OP_15_8_15' from '(none)' to 'ZeroWireload'. (OPT-170)
Information: Changed wire load model for 'DW01_add_width15' from '(none)' to 'ZeroWireload'. (OPT-170)
Information: Changed wire load model for '*ADD_TC_OP_15_8_15' from '(none)' to 'ZeroWireload'. (OPT-170)
Information: Changed wire load model for 'DW01_add_width15' from '(none)' to 'ZeroWireload'. (OPT-170)
Information: Changed wire load model for '*ADD_TC_OP_15_8_15' from '(none)' to 'ZeroWireload'. (OPT-170)
Information: Changed wire load model for 'DW01_add_width15' from '(none)' to 'ZeroWireload'. (OPT-170)
Information: Changed wire load model for '*ADD_TC_OP_15_8_15' from '(none)' to 'ZeroWireload'. (OPT-170)
Information: Changed wire load model for 'DW01_add_width15' from '(none)' to 'ZeroWireload'. (OPT-170)
Information: Changed wire load model for '*ADD_TC_OP_15_8_15' from '(none)' to 'ZeroWireload'. (OPT-170)
Information: Changed wire load model for 'DW01_add_width15' from '(none)' to 'ZeroWireload'. (OPT-170)
Information: Changed wire load model for '*ADD_TC_OP_15_8_15' from '(none)' to 'ZeroWireload'. (OPT-170)
Information: Changed wire load model for 'DW01_add_width15' from '(none)' to 'ZeroWireload'. (OPT-170)
Information: Changed wire load model for '*ADD_TC_OP_15_8_15' from '(none)' to 'ZeroWireload'. (OPT-170)
Information: Changed wire load model for 'DW01_add_width15' from '(none)' to 'ZeroWireload'. (OPT-170)
Information: Changed wire load model for '*ADD_TC_OP_15_8_15' from '(none)' to 'ZeroWireload'. (OPT-170)
Information: Changed wire load model for 'DW01_add_width15' from '(none)' to 'ZeroWireload'. (OPT-170)
Information: Changed wire load model for '*ADD_TC_OP_15_8_15' from '(none)' to 'ZeroWireload'. (OPT-170)
Information: Changed wire load model for 'DW01_add_width15' from '(none)' to 'ZeroWireload'. (OPT-170)
Information: Changed wire load model for '*ADD_TC_OP_15_8_15' from '(none)' to 'ZeroWireload'. (OPT-170)
Information: Changed wire load model for 'DW01_add_width15' from '(none)' to 'ZeroWireload'. (OPT-170)
Information: Changed wire load model for '*ADD_TC_OP_15_8_15' from '(none)' to 'ZeroWireload'. (OPT-170)
Information: Changed wire load model for 'DW01_add_width15' from '(none)' to 'ZeroWireload'. (OPT-170)
Information: Changed wire load model for '*ADD_TC_OP_15_8_15' from '(none)' to 'ZeroWireload'. (OPT-170)
Information: Changed wire load model for 'DW01_add_width15' from '(none)' to 'ZeroWireload'. (OPT-170)
Information: Changed wire load model for '*ADD_TC_OP_15_8_15' from '(none)' to 'ZeroWireload'. (OPT-170)
Information: Changed wire load model for 'DW01_add_width15' from '(none)' to 'ZeroWireload'. (OPT-170)
Information: Changed wire load model for '*ADD_TC_OP_15_8_15' from '(none)' to 'ZeroWireload'. (OPT-170)
Information: Changed wire load model for 'DW01_add_width15' from '(none)' to 'ZeroWireload'. (OPT-170)
Information: Changed wire load model for '*ADD_TC_OP_15_8_15' from '(none)' to 'ZeroWireload'. (OPT-170)
Information: Changed wire load model for 'DW01_add_width15' from '(none)' to 'ZeroWireload'. (OPT-170)
Information: Changed wire load model for '*ADD_TC_OP_15_8_15' from '(none)' to 'ZeroWireload'. (OPT-170)
Information: Changed wire load model for 'DW01_add_width15' from '(none)' to 'ZeroWireload'. (OPT-170)
Information: Changed wire load model for '*ADD_TC_OP_15_8_15' from '(none)' to 'ZeroWireload'. (OPT-170)
Information: Changed wire load model for 'DW01_add_width15' from '(none)' to 'ZeroWireload'. (OPT-170)
Information: Changed wire load model for '*ADD_TC_OP_15_8_15' from '(none)' to 'ZeroWireload'. (OPT-170)
Information: Changed wire load model for 'DW01_add_width15' from '(none)' to 'ZeroWireload'. (OPT-170)
Information: Changed wire load model for '*ADD_TC_OP_15_8_15' from '(none)' to 'ZeroWireload'. (OPT-170)
Information: Changed wire load model for 'DW01_add_width15' from '(none)' to 'ZeroWireload'. (OPT-170)
Information: Changed wire load model for '*ADD_TC_OP_15_8_15' from '(none)' to 'ZeroWireload'. (OPT-170)
Information: Changed wire load model for 'DW01_add_width15' from '(none)' to 'ZeroWireload'. (OPT-170)
Information: Changed wire load model for '*ADD_TC_OP_15_8_15' from '(none)' to 'ZeroWireload'. (OPT-170)
Information: Changed wire load model for 'DW01_add_width15' from '(none)' to 'ZeroWireload'. (OPT-170)
Information: Changed wire load model for '*ADD_TC_OP_15_8_15' from '(none)' to 'ZeroWireload'. (OPT-170)
Information: Changed wire load model for 'DW01_add_width15' from '(none)' to 'ZeroWireload'. (OPT-170)
Information: Changed wire load model for '*ADD_TC_OP_15_8_15' from '(none)' to 'ZeroWireload'. (OPT-170)
Information: Changed wire load model for 'DW01_add_width15' from '(none)' to 'ZeroWireload'. (OPT-170)
Information: Changed wire load model for '*ADD_TC_OP_15_8_15' from '(none)' to 'ZeroWireload'. (OPT-170)
Information: Changed wire load model for 'DW01_add_width15' from '(none)' to 'ZeroWireload'. (OPT-170)
Information: Changed wire load model for '*ADD_TC_OP_15_8_15' from '(none)' to 'ZeroWireload'. (OPT-170)
Information: Changed wire load model for 'DW01_add_width15' from '(none)' to 'ZeroWireload'. (OPT-170)
Information: Changed wire load model for '*ADD_TC_OP_15_8_15' from '(none)' to 'ZeroWireload'. (OPT-170)
Information: Changed wire load model for 'DW01_add_width15' from '(none)' to 'ZeroWireload'. (OPT-170)
Information: Changed wire load model for '*ADD_TC_OP_15_8_15' from '(none)' to 'ZeroWireload'. (OPT-170)
Information: Changed wire load model for 'DW01_add_width15' from '(none)' to 'ZeroWireload'. (OPT-170)
Information: Changed wire load model for '*ADD_TC_OP_15_8_15' from '(none)' to 'ZeroWireload'. (OPT-170)
Information: Changed wire load model for 'DW01_add_width15' from '(none)' to 'ZeroWireload'. (OPT-170)
Information: Changed wire load model for '*ADD_TC_OP_15_8_15' from '(none)' to 'ZeroWireload'. (OPT-170)
Information: Changed wire load model for 'DW01_add_width15' from '(none)' to 'ZeroWireload'. (OPT-170)
Information: Changed wire load model for '*ADD_TC_OP_15_8_15' from '(none)' to 'ZeroWireload'. (OPT-170)
Information: Changed wire load model for 'DW01_add_width15' from '(none)' to 'ZeroWireload'. (OPT-170)
Information: Changed wire load model for '*ADD_TC_OP_15_8_15' from '(none)' to 'ZeroWireload'. (OPT-170)
Information: Changed wire load model for 'DW01_add_width15' from '(none)' to 'ZeroWireload'. (OPT-170)
Information: Changed wire load model for '*ADD_TC_OP_15_8_15' from '(none)' to 'ZeroWireload'. (OPT-170)
Information: Changed wire load model for 'DW01_add_width15' from '(none)' to 'ZeroWireload'. (OPT-170)
Information: Changed wire load model for '*ADD_TC_OP_15_8_15' from '(none)' to 'ZeroWireload'. (OPT-170)
Information: Changed wire load model for 'DW01_add_width15' from '(none)' to 'ZeroWireload'. (OPT-170)
Information: Changed wire load model for '*ADD_TC_OP_15_8_15' from '(none)' to 'ZeroWireload'. (OPT-170)
Information: Changed wire load model for 'DW01_add_width15' from '(none)' to 'ZeroWireload'. (OPT-170)
Information: Changed wire load model for '*ADD_TC_OP_15_8_15' from '(none)' to 'ZeroWireload'. (OPT-170)
Information: Changed wire load model for 'DW01_add_width15' from '(none)' to 'ZeroWireload'. (OPT-170)
Information: Changed wire load model for '*ADD_TC_OP_15_8_15' from '(none)' to 'ZeroWireload'. (OPT-170)
Information: Changed wire load model for 'DW01_add_width15' from '(none)' to 'ZeroWireload'. (OPT-170)
Information: Changed wire load model for '*ADD_TC_OP_15_8_15' from '(none)' to 'ZeroWireload'. (OPT-170)
Information: Changed wire load model for 'DW01_add_width15' from '(none)' to 'ZeroWireload'. (OPT-170)
Information: Changed wire load model for '*ADD_TC_OP_15_8_15' from '(none)' to 'ZeroWireload'. (OPT-170)
Information: Changed wire load model for 'DW01_add_width15' from '(none)' to 'ZeroWireload'. (OPT-170)
Information: Changed wire load model for '*ADD_TC_OP_15_8_15' from '(none)' to 'ZeroWireload'. (OPT-170)
Information: Changed wire load model for 'DW01_add_width15' from '(none)' to 'ZeroWireload'. (OPT-170)
Information: Changed wire load model for '*ADD_TC_OP_15_8_15' from '(none)' to 'ZeroWireload'. (OPT-170)
Information: Changed wire load model for 'DW01_add_width15' from '(none)' to 'ZeroWireload'. (OPT-170)
Information: Changed wire load model for '*ADD_TC_OP_15_8_15' from '(none)' to 'ZeroWireload'. (OPT-170)
Information: Changed wire load model for 'DW01_add_width15' from '(none)' to 'ZeroWireload'. (OPT-170)
Information: Changed wire load model for '*ADD_TC_OP_15_8_15' from '(none)' to 'ZeroWireload'. (OPT-170)
Information: Changed wire load model for 'DW01_add_width15' from '(none)' to 'ZeroWireload'. (OPT-170)
Information: Changed wire load model for '*ADD_TC_OP_15_8_15' from '(none)' to 'ZeroWireload'. (OPT-170)
Information: Changed wire load model for 'DW01_add_width15' from '(none)' to 'ZeroWireload'. (OPT-170)
Information: Changed wire load model for '*ADD_TC_OP_15_8_15' from '(none)' to 'ZeroWireload'. (OPT-170)
Information: Changed wire load model for 'DW01_add_width15' from '(none)' to 'ZeroWireload'. (OPT-170)
Information: Changed wire load model for '*ADD_TC_OP_15_8_15' from '(none)' to 'ZeroWireload'. (OPT-170)
Information: Changed wire load model for 'DW01_add_width15' from '(none)' to 'ZeroWireload'. (OPT-170)
Information: Changed wire load model for '*ADD_TC_OP_15_8_15' from '(none)' to 'ZeroWireload'. (OPT-170)
Information: Changed wire load model for 'DW01_add_width15' from '(none)' to 'ZeroWireload'. (OPT-170)
Information: Changed wire load model for '*ADD_TC_OP_15_8_15' from '(none)' to 'ZeroWireload'. (OPT-170)
Information: Changed wire load model for 'DW01_add_width15' from '(none)' to 'ZeroWireload'. (OPT-170)
Information: Changed wire load model for '*ADD_TC_OP_15_8_15' from '(none)' to 'ZeroWireload'. (OPT-170)
Information: Changed wire load model for 'DW01_add_width15' from '(none)' to 'ZeroWireload'. (OPT-170)
Information: Changed wire load model for '*ADD_TC_OP_15_8_15' from '(none)' to 'ZeroWireload'. (OPT-170)
Information: Changed wire load model for 'DW01_add_width15' from '(none)' to 'ZeroWireload'. (OPT-170)
Information: Changed wire load model for '*ADD_TC_OP_15_8_15' from '(none)' to 'ZeroWireload'. (OPT-170)
Information: Changed wire load model for 'DW01_add_width15' from '(none)' to 'ZeroWireload'. (OPT-170)
Information: Changed wire load model for '*ADD_TC_OP_15_8_15' from '(none)' to 'ZeroWireload'. (OPT-170)
Information: Changed wire load model for 'DW01_add_width15' from '(none)' to 'ZeroWireload'. (OPT-170)
Information: Changed wire load model for '*ADD_TC_OP_15_8_15' from '(none)' to 'ZeroWireload'. (OPT-170)
Information: Changed wire load model for 'DW01_add_width15' from '(none)' to 'ZeroWireload'. (OPT-170)
Information: Changed wire load model for '*ADD_TC_OP_15_8_15' from '(none)' to 'ZeroWireload'. (OPT-170)
Information: Changed wire load model for 'DW01_add_width15' from '(none)' to 'ZeroWireload'. (OPT-170)
Information: Changed wire load model for '*ADD_TC_OP_15_8_15' from '(none)' to 'ZeroWireload'. (OPT-170)
Information: Changed wire load model for 'DW01_add_width15' from '(none)' to 'ZeroWireload'. (OPT-170)
Information: Changed wire load model for '*ADD_TC_OP_15_8_15' from '(none)' to 'ZeroWireload'. (OPT-170)
Information: Changed wire load model for 'DW01_add_width15' from '(none)' to 'ZeroWireload'. (OPT-170)
Information: Changed wire load model for '*ADD_TC_OP_15_8_15' from '(none)' to 'ZeroWireload'. (OPT-170)
Information: Changed wire load model for 'DW01_add_width15' from '(none)' to 'ZeroWireload'. (OPT-170)
Information: Changed wire load model for '*ADD_TC_OP_15_8_15' from '(none)' to 'ZeroWireload'. (OPT-170)
Information: Changed wire load model for 'DW01_add_width15' from '(none)' to 'ZeroWireload'. (OPT-170)
Information: Changed wire load model for '*ADD_TC_OP_15_8_15' from '(none)' to 'ZeroWireload'. (OPT-170)
Information: Changed wire load model for 'DW01_add_width15' from '(none)' to 'ZeroWireload'. (OPT-170)
Information: Changed wire load model for '*ADD_TC_OP_15_8_15' from '(none)' to 'ZeroWireload'. (OPT-170)
Information: Changed wire load model for 'DW01_add_width15' from '(none)' to 'ZeroWireload'. (OPT-170)
Information: Changed wire load model for '*ADD_TC_OP_15_8_15' from '(none)' to 'ZeroWireload'. (OPT-170)
Information: Changed wire load model for 'DW01_add_width15' from '(none)' to 'ZeroWireload'. (OPT-170)
Information: Changed wire load model for '*ADD_TC_OP_15_8_15' from '(none)' to 'ZeroWireload'. (OPT-170)
Information: Changed wire load model for 'DW01_add_width15' from '(none)' to 'ZeroWireload'. (OPT-170)
Information: Changed wire load model for '*ADD_TC_OP_15_8_15' from '(none)' to 'ZeroWireload'. (OPT-170)
Information: Changed wire load model for 'DW01_add_width15' from '(none)' to 'ZeroWireload'. (OPT-170)
Information: Changed wire load model for '*ADD_TC_OP_15_8_15' from '(none)' to 'ZeroWireload'. (OPT-170)
Information: Changed wire load model for 'DW01_add_width15' from '(none)' to 'ZeroWireload'. (OPT-170)
Information: Changed wire load model for '*ADD_TC_OP_15_8_15' from '(none)' to 'ZeroWireload'. (OPT-170)
Information: Changed wire load model for 'DW01_add_width15' from '(none)' to 'ZeroWireload'. (OPT-170)
Information: Changed wire load model for '*ADD_TC_OP_15_8_15' from '(none)' to 'ZeroWireload'. (OPT-170)
Information: Changed wire load model for 'DW01_add_width15' from '(none)' to 'ZeroWireload'. (OPT-170)
Information: Changed wire load model for '*ADD_TC_OP_15_8_15' from '(none)' to 'ZeroWireload'. (OPT-170)
Information: Changed wire load model for 'DW01_add_width15' from '(none)' to 'ZeroWireload'. (OPT-170)
Information: Changed wire load model for '*ADD_TC_OP_15_8_15' from '(none)' to 'ZeroWireload'. (OPT-170)
Information: Changed wire load model for 'DW01_add_width15' from '(none)' to 'ZeroWireload'. (OPT-170)
Information: Changed wire load model for '*ADD_TC_OP_15_8_15' from '(none)' to 'ZeroWireload'. (OPT-170)
Information: Changed wire load model for 'DW01_add_width15' from '(none)' to 'ZeroWireload'. (OPT-170)
Information: Changed wire load model for '*ADD_TC_OP_15_8_15' from '(none)' to 'ZeroWireload'. (OPT-170)
Information: Changed wire load model for 'DW01_add_width15' from '(none)' to 'ZeroWireload'. (OPT-170)
Information: Changed wire load model for '*ADD_TC_OP_15_8_15' from '(none)' to 'ZeroWireload'. (OPT-170)
Information: Changed wire load model for 'DW01_add_width15' from '(none)' to 'ZeroWireload'. (OPT-170)
Information: Changed wire load model for '*ADD_TC_OP_15_8_15' from '(none)' to 'ZeroWireload'. (OPT-170)
Information: Changed wire load model for 'DW01_add_width15' from '(none)' to 'ZeroWireload'. (OPT-170)
Information: Changed wire load model for '*ADD_TC_OP_15_8_15' from '(none)' to 'ZeroWireload'. (OPT-170)
Information: Changed wire load model for 'DW01_add_width15' from '(none)' to 'ZeroWireload'. (OPT-170)
Information: Changed wire load model for '*ADD_TC_OP_15_8_15' from '(none)' to 'ZeroWireload'. (OPT-170)
Information: Changed wire load model for 'DW01_add_width15' from '(none)' to 'ZeroWireload'. (OPT-170)
Information: Changed wire load model for '*ADD_TC_OP_15_8_15' from '(none)' to 'ZeroWireload'. (OPT-170)
Information: Changed wire load model for 'DW01_add_width15' from '(none)' to 'ZeroWireload'. (OPT-170)
Information: Changed wire load model for '*ADD_TC_OP_15_8_15' from '(none)' to 'ZeroWireload'. (OPT-170)
Information: Changed wire load model for 'DW01_add_width15' from '(none)' to 'ZeroWireload'. (OPT-170)
Information: Changed wire load model for '*ADD_TC_OP_15_8_15' from '(none)' to 'ZeroWireload'. (OPT-170)
Information: Changed wire load model for 'DW01_add_width15' from '(none)' to 'ZeroWireload'. (OPT-170)
Information: Changed wire load model for '*ADD_TC_OP_15_8_15' from '(none)' to 'ZeroWireload'. (OPT-170)
Information: Changed wire load model for 'DW01_add_width15' from '(none)' to 'ZeroWireload'. (OPT-170)
Information: Changed wire load model for '*ADD_TC_OP_15_8_15' from '(none)' to 'ZeroWireload'. (OPT-170)
Information: Changed wire load model for 'DW01_add_width15' from '(none)' to 'ZeroWireload'. (OPT-170)
Information: Changed wire load model for '*ADD_TC_OP_15_8_15' from '(none)' to 'ZeroWireload'. (OPT-170)
Information: Changed wire load model for 'DW01_add_width15' from '(none)' to 'ZeroWireload'. (OPT-170)
Information: Changed wire load model for '*ADD_TC_OP_15_8_15' from '(none)' to 'ZeroWireload'. (OPT-170)
Information: Changed wire load model for 'DW01_add_width15' from '(none)' to 'ZeroWireload'. (OPT-170)
Information: Changed wire load model for '*ADD_TC_OP_15_8_15' from '(none)' to 'ZeroWireload'. (OPT-170)
Information: Changed wire load model for 'DW01_add_width15' from '(none)' to 'ZeroWireload'. (OPT-170)
Information: Changed wire load model for '*ADD_TC_OP_15_8_15' from '(none)' to 'ZeroWireload'. (OPT-170)
Information: Changed wire load model for 'DW01_add_width15' from '(none)' to 'ZeroWireload'. (OPT-170)
Information: Changed wire load model for '*ADD_TC_OP_15_8_15' from '(none)' to 'ZeroWireload'. (OPT-170)
Information: Changed wire load model for 'DW01_add_width15' from '(none)' to 'ZeroWireload'. (OPT-170)
Information: Changed wire load model for '*ADD_TC_OP_15_8_15' from '(none)' to 'ZeroWireload'. (OPT-170)
Information: Changed wire load model for 'DW01_add_width15' from '(none)' to 'ZeroWireload'. (OPT-170)
Information: Changed wire load model for '*ADD_TC_OP_15_8_15' from '(none)' to 'ZeroWireload'. (OPT-170)
Information: Changed wire load model for 'DW01_add_width15' from '(none)' to 'ZeroWireload'. (OPT-170)
Information: Changed wire load model for '*ADD_TC_OP_15_8_15' from '(none)' to 'ZeroWireload'. (OPT-170)
Information: Changed wire load model for 'DW01_add_width15' from '(none)' to 'ZeroWireload'. (OPT-170)
Information: Changed wire load model for '*ADD_TC_OP_15_8_15' from '(none)' to 'ZeroWireload'. (OPT-170)
Information: Changed wire load model for 'DW01_add_width15' from '(none)' to 'ZeroWireload'. (OPT-170)
Information: Changed wire load model for '*ADD_TC_OP_15_8_15' from '(none)' to 'ZeroWireload'. (OPT-170)
Information: Changed wire load model for 'DW01_add_width15' from '(none)' to 'ZeroWireload'. (OPT-170)
Information: Changed wire load model for '*ADD_TC_OP_15_8_15' from '(none)' to 'ZeroWireload'. (OPT-170)
Information: Changed wire load model for 'DW01_add_width15' from '(none)' to 'ZeroWireload'. (OPT-170)
Information: Changed wire load model for '*ADD_TC_OP_15_8_15' from '(none)' to 'ZeroWireload'. (OPT-170)
Information: Changed wire load model for 'DW01_add_width15' from '(none)' to 'ZeroWireload'. (OPT-170)
Information: Changed wire load model for '*ADD_TC_OP_15_8_15' from '(none)' to 'ZeroWireload'. (OPT-170)
Information: Changed wire load model for 'DW01_add_width15' from '(none)' to 'ZeroWireload'. (OPT-170)
Information: Changed wire load model for '*ADD_TC_OP_15_8_15' from '(none)' to 'ZeroWireload'. (OPT-170)
Information: Changed wire load model for 'DW01_add_width15' from '(none)' to 'ZeroWireload'. (OPT-170)
Information: Changed wire load model for '*ADD_TC_OP_15_8_15' from '(none)' to 'ZeroWireload'. (OPT-170)
Information: Changed wire load model for 'DW01_add_width15' from '(none)' to 'ZeroWireload'. (OPT-170)
Information: Changed wire load model for '*ADD_TC_OP_15_8_15' from '(none)' to 'ZeroWireload'. (OPT-170)
Information: Changed wire load model for 'DW01_add_width15' from '(none)' to 'ZeroWireload'. (OPT-170)
Information: Changed wire load model for '*ADD_TC_OP_15_8_15' from '(none)' to 'ZeroWireload'. (OPT-170)
Information: Changed wire load model for 'DW01_add_width15' from '(none)' to 'ZeroWireload'. (OPT-170)
Information: Changed wire load model for '*ADD_TC_OP_15_8_15' from '(none)' to 'ZeroWireload'. (OPT-170)
Information: Changed wire load model for 'DW01_add_width15' from '(none)' to 'ZeroWireload'. (OPT-170)
Information: Changed wire load model for '*ADD_TC_OP_15_8_15' from '(none)' to 'ZeroWireload'. (OPT-170)
Information: Changed wire load model for 'DW01_add_width15' from '(none)' to 'ZeroWireload'. (OPT-170)
Information: Changed wire load model for '*ADD_TC_OP_15_8_15' from '(none)' to 'ZeroWireload'. (OPT-170)
Information: Changed wire load model for 'DW01_add_width15' from '(none)' to 'ZeroWireload'. (OPT-170)
Information: Changed wire load model for '*ADD_TC_OP_15_8_15' from '(none)' to 'ZeroWireload'. (OPT-170)
Information: Changed wire load model for 'DW01_add_width15' from '(none)' to 'ZeroWireload'. (OPT-170)
Information: Changed wire load model for '*ADD_TC_OP_15_8_15' from '(none)' to 'ZeroWireload'. (OPT-170)
Information: Changed wire load model for 'DW01_add_width15' from '(none)' to 'ZeroWireload'. (OPT-170)
Information: Changed wire load model for '*ADD_TC_OP_15_8_15' from '(none)' to 'ZeroWireload'. (OPT-170)
Information: Changed wire load model for 'DW01_add_width15' from '(none)' to 'ZeroWireload'. (OPT-170)
Information: Changed wire load model for '*ADD_TC_OP_15_8_15' from '(none)' to 'ZeroWireload'. (OPT-170)
Information: Changed wire load model for 'DW01_add_width15' from '(none)' to 'ZeroWireload'. (OPT-170)
Information: Changed wire load model for '*ADD_TC_OP_15_8_15' from '(none)' to 'ZeroWireload'. (OPT-170)
Information: Changed wire load model for 'DW01_add_width15' from '(none)' to 'ZeroWireload'. (OPT-170)
Information: Changed wire load model for '*ADD_TC_OP_15_8_15' from '(none)' to 'ZeroWireload'. (OPT-170)
Information: Changed wire load model for 'DW01_add_width15' from '(none)' to 'ZeroWireload'. (OPT-170)
Information: Changed wire load model for '*ADD_TC_OP_15_8_15' from '(none)' to 'ZeroWireload'. (OPT-170)
Information: Changed wire load model for 'DW01_add_width15' from '(none)' to 'ZeroWireload'. (OPT-170)
Information: Changed wire load model for '*ADD_TC_OP_15_8_15' from '(none)' to 'ZeroWireload'. (OPT-170)
Information: Changed wire load model for 'DW01_add_width15' from '(none)' to 'ZeroWireload'. (OPT-170)
Information: Changed wire load model for '*ADD_TC_OP_15_8_15' from '(none)' to 'ZeroWireload'. (OPT-170)
Information: Changed wire load model for 'DW01_add_width15' from '(none)' to 'ZeroWireload'. (OPT-170)
Information: Changed wire load model for '*ADD_TC_OP_15_8_15' from '(none)' to 'ZeroWireload'. (OPT-170)
Information: Changed wire load model for 'DW01_add_width15' from '(none)' to 'ZeroWireload'. (OPT-170)
Information: Changed wire load model for '*ADD_TC_OP_15_8_15' from '(none)' to 'ZeroWireload'. (OPT-170)
Information: Changed wire load model for 'DW01_add_width15' from '(none)' to 'ZeroWireload'. (OPT-170)
Information: Changed wire load model for '*ADD_TC_OP_15_8_15' from '(none)' to 'ZeroWireload'. (OPT-170)
Information: Changed wire load model for 'DW01_add_width15' from '(none)' to 'ZeroWireload'. (OPT-170)
Information: Changed wire load model for '*ADD_TC_OP_15_8_15' from '(none)' to 'ZeroWireload'. (OPT-170)
Information: Changed wire load model for 'DW01_add_width15' from '(none)' to 'ZeroWireload'. (OPT-170)
Information: Changed wire load model for '*ADD_TC_OP_15_8_15' from '(none)' to 'ZeroWireload'. (OPT-170)
Information: Changed wire load model for 'DW01_add_width15' from '(none)' to 'ZeroWireload'. (OPT-170)
Information: Changed wire load model for '*ADD_TC_OP_15_8_15' from '(none)' to 'ZeroWireload'. (OPT-170)
Information: Changed wire load model for 'DW01_add_width15' from '(none)' to 'ZeroWireload'. (OPT-170)
Information: Changed wire load model for '*ADD_TC_OP_15_8_15' from '(none)' to 'ZeroWireload'. (OPT-170)
Information: Changed wire load model for 'DW01_add_width15' from '(none)' to 'ZeroWireload'. (OPT-170)
Information: Changed wire load model for '*ADD_TC_OP_15_8_15' from '(none)' to 'ZeroWireload'. (OPT-170)
Information: Changed wire load model for 'DW01_add_width15' from '(none)' to 'ZeroWireload'. (OPT-170)
Information: Changed wire load model for '*ADD_TC_OP_15_8_15' from '(none)' to 'ZeroWireload'. (OPT-170)
Information: Changed wire load model for 'DW01_add_width15' from '(none)' to 'ZeroWireload'. (OPT-170)
Information: Changed wire load model for '*ADD_TC_OP_15_8_15' from '(none)' to 'ZeroWireload'. (OPT-170)
Information: Changed wire load model for 'DW01_add_width15' from '(none)' to 'ZeroWireload'. (OPT-170)
Information: Changed wire load model for '*ADD_TC_OP_15_8_15' from '(none)' to 'ZeroWireload'. (OPT-170)
Information: Changed wire load model for 'DW01_add_width15' from '(none)' to 'ZeroWireload'. (OPT-170)
Information: Changed wire load model for '*ADD_TC_OP_15_8_15' from '(none)' to 'ZeroWireload'. (OPT-170)
Information: Changed wire load model for 'DW01_add_width15' from '(none)' to 'ZeroWireload'. (OPT-170)
Information: Changed wire load model for '*ADD_TC_OP_15_8_15' from '(none)' to 'ZeroWireload'. (OPT-170)
Information: Changed wire load model for 'DW01_add_width15' from '(none)' to 'ZeroWireload'. (OPT-170)
Information: Changed wire load model for '*ADD_TC_OP_15_8_15' from '(none)' to 'ZeroWireload'. (OPT-170)
Information: Changed wire load model for 'DW01_add_width15' from '(none)' to 'ZeroWireload'. (OPT-170)
Information: Changed wire load model for '*ADD_TC_OP_15_8_15' from '(none)' to 'ZeroWireload'. (OPT-170)
Information: Changed wire load model for 'DW01_add_width15' from '(none)' to 'ZeroWireload'. (OPT-170)
Information: Changed wire load model for '*ADD_TC_OP_15_8_15' from '(none)' to 'ZeroWireload'. (OPT-170)
Information: Changed wire load model for 'DW01_add_width15' from '(none)' to 'ZeroWireload'. (OPT-170)
Information: Changed wire load model for '*ADD_TC_OP_15_8_15' from '(none)' to 'ZeroWireload'. (OPT-170)
Information: Changed wire load model for 'DW01_add_width15' from '(none)' to 'ZeroWireload'. (OPT-170)
Information: Changed wire load model for '*ADD_TC_OP_15_8_15' from '(none)' to 'ZeroWireload'. (OPT-170)
Information: Changed wire load model for 'DW01_add_width15' from '(none)' to 'ZeroWireload'. (OPT-170)
Information: Changed wire load model for '*ADD_TC_OP_15_8_15' from '(none)' to 'ZeroWireload'. (OPT-170)
Information: Changed wire load model for 'DW01_add_width15' from '(none)' to 'ZeroWireload'. (OPT-170)
Information: Changed wire load model for '*ADD_TC_OP_15_8_15' from '(none)' to 'ZeroWireload'. (OPT-170)
Information: Changed wire load model for 'DW01_add_width15' from '(none)' to 'ZeroWireload'. (OPT-170)
Information: Changed wire load model for '*ADD_TC_OP_15_8_15' from '(none)' to 'ZeroWireload'. (OPT-170)
Information: Changed wire load model for 'DW01_add_width15' from '(none)' to 'ZeroWireload'. (OPT-170)
Information: Changed wire load model for '*ADD_TC_OP_15_8_15' from '(none)' to 'ZeroWireload'. (OPT-170)
Information: Changed wire load model for 'DW01_add_width15' from '(none)' to 'ZeroWireload'. (OPT-170)
Information: Changed wire load model for '*ADD_TC_OP_15_8_15' from '(none)' to 'ZeroWireload'. (OPT-170)
Information: Changed wire load model for 'DW01_add_width15' from '(none)' to 'ZeroWireload'. (OPT-170)
Information: Changed wire load model for '*ADD_TC_OP_15_8_15' from '(none)' to 'ZeroWireload'. (OPT-170)
Information: Changed wire load model for 'DW01_add_width15' from '(none)' to 'ZeroWireload'. (OPT-170)
Information: Changed wire load model for '*ADD_TC_OP_15_8_15' from '(none)' to 'ZeroWireload'. (OPT-170)
Information: Changed wire load model for 'DW01_add_width15' from '(none)' to 'ZeroWireload'. (OPT-170)
Information: Changed wire load model for '*ADD_TC_OP_15_8_15' from '(none)' to 'ZeroWireload'. (OPT-170)
Information: Changed wire load model for 'DW01_add_width15' from '(none)' to 'ZeroWireload'. (OPT-170)
Information: Changed wire load model for '*ADD_TC_OP_15_8_15' from '(none)' to 'ZeroWireload'. (OPT-170)
Information: Changed wire load model for 'DW01_add_width15' from '(none)' to 'ZeroWireload'. (OPT-170)
Information: Changed wire load model for '*ADD_TC_OP_15_8_15' from '(none)' to 'ZeroWireload'. (OPT-170)
Information: Changed wire load model for 'DW01_add_width15' from '(none)' to 'ZeroWireload'. (OPT-170)
Information: Changed wire load model for '*ADD_TC_OP_15_8_15' from '(none)' to 'ZeroWireload'. (OPT-170)
Information: Changed wire load model for 'DW01_add_width15' from '(none)' to 'ZeroWireload'. (OPT-170)
Information: Changed wire load model for '*ADD_TC_OP_15_8_15' from '(none)' to 'ZeroWireload'. (OPT-170)
Information: Changed wire load model for 'DW01_add_width15' from '(none)' to 'ZeroWireload'. (OPT-170)
Information: Changed wire load model for '*ADD_TC_OP_15_8_15' from '(none)' to 'ZeroWireload'. (OPT-170)
Information: Changed wire load model for 'DW01_add_width15' from '(none)' to 'ZeroWireload'. (OPT-170)
Information: Changed wire load model for '*ADD_TC_OP_15_8_15' from '(none)' to 'ZeroWireload'. (OPT-170)
Information: Changed wire load model for 'DW01_add_width15' from '(none)' to 'ZeroWireload'. (OPT-170)
Information: Changed wire load model for '*ADD_TC_OP_15_8_15' from '(none)' to 'ZeroWireload'. (OPT-170)
Information: Changed wire load model for 'DW01_add_width15' from '(none)' to 'ZeroWireload'. (OPT-170)
Information: Changed wire load model for '*ADD_TC_OP_15_8_15' from '(none)' to 'ZeroWireload'. (OPT-170)
Information: Changed wire load model for 'DW01_add_width15' from '(none)' to 'ZeroWireload'. (OPT-170)
Information: Changed wire load model for '*ADD_TC_OP_15_8_15' from '(none)' to 'ZeroWireload'. (OPT-170)
Information: Changed wire load model for 'DW01_add_width15' from '(none)' to 'ZeroWireload'. (OPT-170)
Information: Changed wire load model for '*ADD_TC_OP_15_8_15' from '(none)' to 'ZeroWireload'. (OPT-170)
Information: Changed wire load model for 'DW01_add_width15' from '(none)' to 'ZeroWireload'. (OPT-170)
Information: Changed wire load model for '*ADD_TC_OP_15_8_15' from '(none)' to 'ZeroWireload'. (OPT-170)
Information: Changed wire load model for 'DW01_add_width15' from '(none)' to 'ZeroWireload'. (OPT-170)
Information: Changed wire load model for '*ADD_TC_OP_15_8_15' from '(none)' to 'ZeroWireload'. (OPT-170)
Information: Changed wire load model for 'DW01_add_width15' from '(none)' to 'ZeroWireload'. (OPT-170)
Information: Changed wire load model for '*ADD_TC_OP_15_8_15' from '(none)' to 'ZeroWireload'. (OPT-170)
Information: Changed wire load model for 'DW01_add_width15' from '(none)' to 'ZeroWireload'. (OPT-170)
Information: Changed wire load model for '*ADD_TC_OP_15_8_15' from '(none)' to 'ZeroWireload'. (OPT-170)
Information: Changed wire load model for 'DW01_add_width15' from '(none)' to 'ZeroWireload'. (OPT-170)
Information: Changed wire load model for '*ADD_TC_OP_15_8_15' from '(none)' to 'ZeroWireload'. (OPT-170)
Information: Changed wire load model for 'DW01_add_width15' from '(none)' to 'ZeroWireload'. (OPT-170)
Information: Changed wire load model for '*ADD_TC_OP_15_8_15' from '(none)' to 'ZeroWireload'. (OPT-170)
Information: Changed wire load model for 'DW01_add_width15' from '(none)' to 'ZeroWireload'. (OPT-170)
Information: Changed wire load model for '*ADD_TC_OP_15_8_15' from '(none)' to 'ZeroWireload'. (OPT-170)
Information: Changed wire load model for 'DW01_add_width15' from '(none)' to 'ZeroWireload'. (OPT-170)
Information: Changed wire load model for '*ADD_TC_OP_15_8_15' from '(none)' to 'ZeroWireload'. (OPT-170)
Information: Changed wire load model for 'DW01_add_width15' from '(none)' to 'ZeroWireload'. (OPT-170)
Information: Changed wire load model for '*ADD_TC_OP_15_8_15' from '(none)' to 'ZeroWireload'. (OPT-170)
Information: Changed wire load model for 'DW01_add_width15' from '(none)' to 'ZeroWireload'. (OPT-170)
Information: Changed wire load model for '*ADD_TC_OP_15_8_15' from '(none)' to 'ZeroWireload'. (OPT-170)
Information: Changed wire load model for 'DW01_add_width15' from '(none)' to 'ZeroWireload'. (OPT-170)
Information: Changed wire load model for '*ADD_TC_OP_15_8_15' from '(none)' to 'ZeroWireload'. (OPT-170)
Information: Changed wire load model for 'DW01_add_width15' from '(none)' to 'ZeroWireload'. (OPT-170)
Information: Changed wire load model for '*ADD_TC_OP_15_8_15' from '(none)' to 'ZeroWireload'. (OPT-170)
Information: Changed wire load model for 'DW01_add_width15' from '(none)' to 'ZeroWireload'. (OPT-170)
Information: Changed wire load model for '*ADD_TC_OP_15_8_15' from '(none)' to 'ZeroWireload'. (OPT-170)
Information: Changed wire load model for 'DW01_add_width15' from '(none)' to 'ZeroWireload'. (OPT-170)
Information: Changed wire load model for '*ADD_TC_OP_15_8_15' from '(none)' to 'ZeroWireload'. (OPT-170)
Information: Changed wire load model for 'DW01_add_width15' from '(none)' to 'ZeroWireload'. (OPT-170)
Information: Changed wire load model for '*ADD_TC_OP_15_8_15' from '(none)' to 'ZeroWireload'. (OPT-170)
Information: Changed wire load model for 'DW01_add_width15' from '(none)' to 'ZeroWireload'. (OPT-170)
Information: Changed wire load model for '*ADD_TC_OP_15_8_15' from '(none)' to 'ZeroWireload'. (OPT-170)
Information: Changed wire load model for 'DW01_add_width15' from '(none)' to 'ZeroWireload'. (OPT-170)
Information: Changed wire load model for '*ADD_TC_OP_15_8_15' from '(none)' to 'ZeroWireload'. (OPT-170)
Information: Changed wire load model for 'DW01_add_width15' from '(none)' to 'ZeroWireload'. (OPT-170)
Information: Changed wire load model for '*ADD_TC_OP_15_8_15' from '(none)' to 'ZeroWireload'. (OPT-170)
Information: Changed wire load model for 'DW01_add_width15' from '(none)' to 'ZeroWireload'. (OPT-170)
Information: Changed wire load model for '*ADD_TC_OP_15_8_15' from '(none)' to 'ZeroWireload'. (OPT-170)
Information: Changed wire load model for 'DW01_add_width15' from '(none)' to 'ZeroWireload'. (OPT-170)
Information: Changed wire load model for '*ADD_TC_OP_15_8_15' from '(none)' to 'ZeroWireload'. (OPT-170)
Information: Changed wire load model for 'DW01_add_width15' from '(none)' to 'ZeroWireload'. (OPT-170)
Information: Changed wire load model for '*ADD_TC_OP_15_8_15' from '(none)' to 'ZeroWireload'. (OPT-170)
Information: Changed wire load model for 'DW01_add_width15' from '(none)' to 'ZeroWireload'. (OPT-170)
Information: Changed wire load model for '*ADD_TC_OP_15_8_15' from '(none)' to 'ZeroWireload'. (OPT-170)
Information: Changed wire load model for 'DW01_add_width15' from '(none)' to 'ZeroWireload'. (OPT-170)
Information: Changed wire load model for '*ADD_TC_OP_15_8_15' from '(none)' to 'ZeroWireload'. (OPT-170)
Information: Changed wire load model for 'DW01_add_width15' from '(none)' to 'ZeroWireload'. (OPT-170)
Information: Changed wire load model for '*ADD_TC_OP_15_8_15' from '(none)' to 'ZeroWireload'. (OPT-170)
Information: Changed wire load model for 'DW01_add_width15' from '(none)' to 'ZeroWireload'. (OPT-170)
Information: Changed wire load model for '*ADD_TC_OP_15_8_15' from '(none)' to 'ZeroWireload'. (OPT-170)
Information: Changed wire load model for 'DW01_add_width15' from '(none)' to 'ZeroWireload'. (OPT-170)
Information: Changed wire load model for '*ADD_TC_OP_15_8_15' from '(none)' to 'ZeroWireload'. (OPT-170)
Information: Changed wire load model for 'DW01_add_width15' from '(none)' to 'ZeroWireload'. (OPT-170)
Information: Changed wire load model for '*ADD_TC_OP_15_8_15' from '(none)' to 'ZeroWireload'. (OPT-170)
Information: Changed wire load model for 'DW01_add_width15' from '(none)' to 'ZeroWireload'. (OPT-170)
Information: Changed wire load model for '*ADD_TC_OP_15_8_15' from '(none)' to 'ZeroWireload'. (OPT-170)
Information: Changed wire load model for 'DW01_add_width15' from '(none)' to 'ZeroWireload'. (OPT-170)
Information: Changed wire load model for '*ADD_TC_OP_15_8_15' from '(none)' to 'ZeroWireload'. (OPT-170)
Information: Changed wire load model for 'DW01_add_width15' from '(none)' to 'ZeroWireload'. (OPT-170)
Information: Changed wire load model for '*ADD_TC_OP_15_8_15' from '(none)' to 'ZeroWireload'. (OPT-170)
Information: Changed wire load model for 'DW01_add_width15' from '(none)' to 'ZeroWireload'. (OPT-170)
Information: Changed wire load model for '*ADD_TC_OP_15_8_15' from '(none)' to 'ZeroWireload'. (OPT-170)
Information: Changed wire load model for 'DW01_add_width15' from '(none)' to 'ZeroWireload'. (OPT-170)
Information: Changed wire load model for '*ADD_TC_OP_15_8_15' from '(none)' to 'ZeroWireload'. (OPT-170)
Information: Changed wire load model for 'DW01_add_width15' from '(none)' to 'ZeroWireload'. (OPT-170)
Information: Changed wire load model for '*ADD_TC_OP_15_8_15' from '(none)' to 'ZeroWireload'. (OPT-170)
Information: Changed wire load model for 'DW01_add_width15' from '(none)' to 'ZeroWireload'. (OPT-170)
Information: Changed wire load model for '*ADD_TC_OP_15_8_15' from '(none)' to 'ZeroWireload'. (OPT-170)
Information: Changed wire load model for 'DW01_add_width15' from '(none)' to 'ZeroWireload'. (OPT-170)
Information: Changed wire load model for '*ADD_TC_OP_15_8_15' from '(none)' to 'ZeroWireload'. (OPT-170)
Information: Changed wire load model for 'DW01_add_width15' from '(none)' to 'ZeroWireload'. (OPT-170)
Information: Changed wire load model for '*ADD_TC_OP_15_8_15' from '(none)' to 'ZeroWireload'. (OPT-170)
Information: Changed wire load model for 'DW01_add_width15' from '(none)' to 'ZeroWireload'. (OPT-170)
Information: Changed wire load model for '*ADD_TC_OP_15_8_15' from '(none)' to 'ZeroWireload'. (OPT-170)
Information: Changed wire load model for 'DW01_add_width15' from '(none)' to 'ZeroWireload'. (OPT-170)
Information: Changed wire load model for '*ADD_TC_OP_15_8_15' from '(none)' to 'ZeroWireload'. (OPT-170)
Information: Changed wire load model for 'DW01_add_width15' from '(none)' to 'ZeroWireload'. (OPT-170)
Information: Changed wire load model for '*ADD_TC_OP_15_8_15' from '(none)' to 'ZeroWireload'. (OPT-170)
Information: Changed wire load model for 'DW01_add_width15' from '(none)' to 'ZeroWireload'. (OPT-170)
Information: Changed wire load model for '*ADD_TC_OP_15_8_15' from '(none)' to 'ZeroWireload'. (OPT-170)
Information: Changed wire load model for 'DW01_add_width15' from '(none)' to 'ZeroWireload'. (OPT-170)
Information: Changed wire load model for '*ADD_TC_OP_15_8_15' from '(none)' to 'ZeroWireload'. (OPT-170)
Information: Changed wire load model for 'DW01_add_width15' from '(none)' to 'ZeroWireload'. (OPT-170)
Information: Changed wire load model for '*ADD_TC_OP_15_8_15' from '(none)' to 'ZeroWireload'. (OPT-170)
Information: Changed wire load model for 'DW01_add_width15' from '(none)' to 'ZeroWireload'. (OPT-170)
Information: Changed wire load model for '*ADD_TC_OP_15_8_15' from '(none)' to 'ZeroWireload'. (OPT-170)
Information: Changed wire load model for 'DW01_add_width15' from '(none)' to 'ZeroWireload'. (OPT-170)
Information: Changed wire load model for '*ADD_TC_OP_15_8_15' from '(none)' to 'ZeroWireload'. (OPT-170)
Information: Changed wire load model for 'DW01_add_width15' from '(none)' to 'ZeroWireload'. (OPT-170)
Information: Changed wire load model for '*ADD_TC_OP_15_8_15' from '(none)' to 'ZeroWireload'. (OPT-170)
Information: Changed wire load model for 'DW01_add_width15' from '(none)' to 'ZeroWireload'. (OPT-170)
Information: Changed wire load model for '*ADD_TC_OP_15_8_15' from '(none)' to 'ZeroWireload'. (OPT-170)
Information: Changed wire load model for 'DW01_add_width15' from '(none)' to 'ZeroWireload'. (OPT-170)
Information: Changed wire load model for '*ADD_TC_OP_15_8_15' from '(none)' to 'ZeroWireload'. (OPT-170)
Information: Changed wire load model for 'DW01_add_width15' from '(none)' to 'ZeroWireload'. (OPT-170)
Information: Changed wire load model for '*ADD_TC_OP_15_8_15' from '(none)' to 'ZeroWireload'. (OPT-170)
Information: Changed wire load model for 'DW01_add_width15' from '(none)' to 'ZeroWireload'. (OPT-170)
Information: Changed wire load model for '*ADD_TC_OP_15_8_15' from '(none)' to 'ZeroWireload'. (OPT-170)
Information: Changed wire load model for 'DW01_add_width15' from '(none)' to 'ZeroWireload'. (OPT-170)
Information: Changed wire load model for '*ADD_TC_OP_15_8_15' from '(none)' to 'ZeroWireload'. (OPT-170)
Information: Changed wire load model for 'DW01_add_width15' from '(none)' to 'ZeroWireload'. (OPT-170)
Information: Changed wire load model for '*ADD_TC_OP_15_8_15' from '(none)' to 'ZeroWireload'. (OPT-170)
Information: Changed wire load model for 'DW01_add_width15' from '(none)' to 'ZeroWireload'. (OPT-170)
Information: Changed wire load model for '*ADD_TC_OP_15_8_15' from '(none)' to 'ZeroWireload'. (OPT-170)
Information: Changed wire load model for 'DW01_add_width15' from '(none)' to 'ZeroWireload'. (OPT-170)
Information: Changed wire load model for '*ADD_TC_OP_15_8_15' from '(none)' to 'ZeroWireload'. (OPT-170)
Information: Changed wire load model for 'DW01_add_width15' from '(none)' to 'ZeroWireload'. (OPT-170)
Information: Changed wire load model for '*ADD_TC_OP_15_8_15' from '(none)' to 'ZeroWireload'. (OPT-170)
Information: Changed wire load model for 'DW01_add_width15' from '(none)' to 'ZeroWireload'. (OPT-170)
Information: Changed wire load model for '*ADD_TC_OP_15_8_15' from '(none)' to 'ZeroWireload'. (OPT-170)
Information: Changed wire load model for 'DW01_add_width15' from '(none)' to 'ZeroWireload'. (OPT-170)
Information: Changed wire load model for '*ADD_TC_OP_15_8_15' from '(none)' to 'ZeroWireload'. (OPT-170)
Information: Changed wire load model for 'DW01_add_width15' from '(none)' to 'ZeroWireload'. (OPT-170)
Information: Changed wire load model for '*ADD_TC_OP_15_8_15' from '(none)' to 'ZeroWireload'. (OPT-170)
Information: Changed wire load model for 'DW01_add_width15' from '(none)' to 'ZeroWireload'. (OPT-170)
Information: Changed wire load model for '*ADD_TC_OP_15_8_15' from '(none)' to 'ZeroWireload'. (OPT-170)
Information: Changed wire load model for 'DW01_add_width15' from '(none)' to 'ZeroWireload'. (OPT-170)
Information: Changed wire load model for '*ADD_TC_OP_15_8_15' from '(none)' to 'ZeroWireload'. (OPT-170)
Information: Changed wire load model for 'DW01_add_width15' from '(none)' to 'ZeroWireload'. (OPT-170)
Information: Changed wire load model for '*ADD_TC_OP_15_8_15' from '(none)' to 'ZeroWireload'. (OPT-170)
Information: Changed wire load model for 'DW01_add_width15' from '(none)' to 'ZeroWireload'. (OPT-170)
Information: Changed wire load model for '*ADD_TC_OP_15_8_15' from '(none)' to 'ZeroWireload'. (OPT-170)
Information: Changed wire load model for 'DW01_add_width15' from '(none)' to 'ZeroWireload'. (OPT-170)
Information: Changed wire load model for '*ADD_TC_OP_15_8_15' from '(none)' to 'ZeroWireload'. (OPT-170)
Information: Changed wire load model for 'DW01_add_width15' from '(none)' to 'ZeroWireload'. (OPT-170)
Information: Changed wire load model for '*ADD_TC_OP_15_8_15' from '(none)' to 'ZeroWireload'. (OPT-170)
Information: Changed wire load model for 'DW01_add_width15' from '(none)' to 'ZeroWireload'. (OPT-170)
Information: Changed wire load model for '*ADD_TC_OP_15_8_15' from '(none)' to 'ZeroWireload'. (OPT-170)
Information: Changed wire load model for 'DW01_add_width15' from '(none)' to 'ZeroWireload'. (OPT-170)
Information: Changed wire load model for '*ADD_TC_OP_15_8_15' from '(none)' to 'ZeroWireload'. (OPT-170)
Information: Changed wire load model for 'DW01_add_width15' from '(none)' to 'ZeroWireload'. (OPT-170)
Information: Changed wire load model for '*ADD_TC_OP_15_8_15' from '(none)' to 'ZeroWireload'. (OPT-170)
Information: Changed wire load model for 'DW01_add_width15' from '(none)' to 'ZeroWireload'. (OPT-170)
Information: Changed wire load model for '*ADD_TC_OP_15_8_15' from '(none)' to 'ZeroWireload'. (OPT-170)
Information: Changed wire load model for 'DW01_add_width15' from '(none)' to 'ZeroWireload'. (OPT-170)
Information: Changed wire load model for '*ADD_TC_OP_15_8_15' from '(none)' to 'ZeroWireload'. (OPT-170)
Information: Changed wire load model for 'DW01_add_width15' from '(none)' to 'ZeroWireload'. (OPT-170)
Information: Changed wire load model for '*ADD_TC_OP_15_8_15' from '(none)' to 'ZeroWireload'. (OPT-170)
Information: Changed wire load model for 'DW01_add_width15' from '(none)' to 'ZeroWireload'. (OPT-170)
Information: Changed wire load model for '*ADD_TC_OP_15_8_15' from '(none)' to 'ZeroWireload'. (OPT-170)
Information: Changed wire load model for 'DW01_add_width15' from '(none)' to 'ZeroWireload'. (OPT-170)
Information: Changed wire load model for '*ADD_TC_OP_15_8_15' from '(none)' to 'ZeroWireload'. (OPT-170)
Information: Changed wire load model for 'DW01_add_width15' from '(none)' to 'ZeroWireload'. (OPT-170)
Information: Changed wire load model for '*ADD_TC_OP_15_8_15' from '(none)' to 'ZeroWireload'. (OPT-170)
Information: Changed wire load model for 'DW01_add_width15' from '(none)' to 'ZeroWireload'. (OPT-170)
Information: Changed wire load model for '*ADD_TC_OP_15_8_15' from '(none)' to 'ZeroWireload'. (OPT-170)
Information: Changed wire load model for 'DW01_add_width15' from '(none)' to 'ZeroWireload'. (OPT-170)
Information: Changed wire load model for '*ADD_TC_OP_15_8_15' from '(none)' to 'ZeroWireload'. (OPT-170)
Information: Changed wire load model for 'DW01_add_width15' from '(none)' to 'ZeroWireload'. (OPT-170)
Information: Changed wire load model for '*ADD_TC_OP_15_8_15' from '(none)' to 'ZeroWireload'. (OPT-170)
Information: Changed wire load model for 'DW01_add_width15' from '(none)' to 'ZeroWireload'. (OPT-170)
Information: Changed wire load model for '*ADD_TC_OP_15_8_15' from '(none)' to 'ZeroWireload'. (OPT-170)
Information: Changed wire load model for 'DW01_add_width15' from '(none)' to 'ZeroWireload'. (OPT-170)
Information: Changed wire load model for '*ADD_TC_OP_15_8_15' from '(none)' to 'ZeroWireload'. (OPT-170)
Information: Changed wire load model for 'DW01_add_width15' from '(none)' to 'ZeroWireload'. (OPT-170)
Information: Changed wire load model for '*ADD_TC_OP_15_8_15' from '(none)' to 'ZeroWireload'. (OPT-170)
Information: Changed wire load model for 'DW01_add_width15' from '(none)' to 'ZeroWireload'. (OPT-170)
Information: Changed wire load model for '*ADD_TC_OP_15_8_15' from '(none)' to 'ZeroWireload'. (OPT-170)
Information: Changed wire load model for 'DW01_add_width15' from '(none)' to 'ZeroWireload'. (OPT-170)
Information: Changed wire load model for '*ADD_TC_OP_15_8_15' from '(none)' to 'ZeroWireload'. (OPT-170)
Information: Changed wire load model for 'DW01_add_width15' from '(none)' to 'ZeroWireload'. (OPT-170)
Information: Changed wire load model for '*ADD_TC_OP_15_8_15' from '(none)' to 'ZeroWireload'. (OPT-170)
Information: Changed wire load model for 'DW01_add_width15' from '(none)' to 'ZeroWireload'. (OPT-170)
Information: Changed wire load model for '*ADD_TC_OP_15_8_15' from '(none)' to 'ZeroWireload'. (OPT-170)
Information: Changed wire load model for 'DW01_add_width15' from '(none)' to 'ZeroWireload'. (OPT-170)
Information: Changed wire load model for '*ADD_TC_OP_15_8_15' from '(none)' to 'ZeroWireload'. (OPT-170)
Information: Changed wire load model for 'DW01_add_width15' from '(none)' to 'ZeroWireload'. (OPT-170)
Information: Changed wire load model for '*ADD_TC_OP_15_8_15' from '(none)' to 'ZeroWireload'. (OPT-170)
Information: Changed wire load model for 'DW01_add_width15' from '(none)' to 'ZeroWireload'. (OPT-170)
Information: Changed wire load model for '*ADD_TC_OP_15_8_15' from '(none)' to 'ZeroWireload'. (OPT-170)
Information: Changed wire load model for 'DW01_add_width15' from '(none)' to 'ZeroWireload'. (OPT-170)
Information: Changed wire load model for '*ADD_TC_OP_15_8_15' from '(none)' to 'ZeroWireload'. (OPT-170)
Information: Changed wire load model for 'DW01_add_width15' from '(none)' to 'ZeroWireload'. (OPT-170)
Information: Changed wire load model for '*ADD_TC_OP_15_8_15' from '(none)' to 'ZeroWireload'. (OPT-170)
Information: Changed wire load model for 'DW01_add_width15' from '(none)' to 'ZeroWireload'. (OPT-170)
Information: Changed wire load model for '*ADD_TC_OP_15_8_15' from '(none)' to 'ZeroWireload'. (OPT-170)
Information: Changed wire load model for 'DW01_add_width15' from '(none)' to 'ZeroWireload'. (OPT-170)
Information: Changed wire load model for '*ADD_TC_OP_15_8_15' from '(none)' to 'ZeroWireload'. (OPT-170)
Information: Changed wire load model for 'DW01_add_width15' from '(none)' to 'ZeroWireload'. (OPT-170)
Information: Changed wire load model for '*ADD_TC_OP_15_8_15' from '(none)' to 'ZeroWireload'. (OPT-170)
Information: Changed wire load model for 'DW01_add_width15' from '(none)' to 'ZeroWireload'. (OPT-170)
Information: Changed wire load model for '*ADD_TC_OP_15_8_15' from '(none)' to 'ZeroWireload'. (OPT-170)
Information: Changed wire load model for 'DW01_add_width15' from '(none)' to 'ZeroWireload'. (OPT-170)
Information: Changed wire load model for '*ADD_TC_OP_15_8_15' from '(none)' to 'ZeroWireload'. (OPT-170)
Information: Changed wire load model for 'DW01_add_width15' from '(none)' to 'ZeroWireload'. (OPT-170)
Information: Changed wire load model for '*ADD_TC_OP_15_8_15' from '(none)' to 'ZeroWireload'. (OPT-170)
Information: Changed wire load model for 'DW01_add_width15' from '(none)' to 'ZeroWireload'. (OPT-170)
Information: Changed wire load model for '*ADD_TC_OP_15_8_15' from '(none)' to 'ZeroWireload'. (OPT-170)
Information: Changed wire load model for 'DW01_add_width15' from '(none)' to 'ZeroWireload'. (OPT-170)
Information: Changed wire load model for '*ADD_TC_OP_15_8_15' from '(none)' to 'ZeroWireload'. (OPT-170)
Information: Changed wire load model for 'DW01_add_width15' from '(none)' to 'ZeroWireload'. (OPT-170)
Information: Changed wire load model for '*ADD_TC_OP_15_8_15' from '(none)' to 'ZeroWireload'. (OPT-170)
Information: Changed wire load model for 'DW01_add_width15' from '(none)' to 'ZeroWireload'. (OPT-170)
Information: Changed wire load model for '*ADD_TC_OP_15_8_15' from '(none)' to 'ZeroWireload'. (OPT-170)
Information: Changed wire load model for 'DW01_add_width15' from '(none)' to 'ZeroWireload'. (OPT-170)
Information: Changed wire load model for '*ADD_TC_OP_15_8_15' from '(none)' to 'ZeroWireload'. (OPT-170)
Information: Changed wire load model for 'DW01_add_width15' from '(none)' to 'ZeroWireload'. (OPT-170)
Information: Changed wire load model for '*ADD_TC_OP_15_8_15' from '(none)' to 'ZeroWireload'. (OPT-170)
Information: Changed wire load model for 'DW01_add_width15' from '(none)' to 'ZeroWireload'. (OPT-170)
Information: Changed wire load model for '*ADD_TC_OP_15_8_15' from '(none)' to 'ZeroWireload'. (OPT-170)
Information: Changed wire load model for 'DW01_add_width15' from '(none)' to 'ZeroWireload'. (OPT-170)
Information: Changed wire load model for '*ADD_TC_OP_15_8_15' from '(none)' to 'ZeroWireload'. (OPT-170)
Information: Changed wire load model for 'DW01_add_width15' from '(none)' to 'ZeroWireload'. (OPT-170)
Information: Changed wire load model for '*ADD_TC_OP_15_8_15' from '(none)' to 'ZeroWireload'. (OPT-170)
Information: Changed wire load model for 'DW01_add_width15' from '(none)' to 'ZeroWireload'. (OPT-170)
Information: Changed wire load model for '*ADD_TC_OP_15_8_15' from '(none)' to 'ZeroWireload'. (OPT-170)
Information: Changed wire load model for 'DW01_add_width15' from '(none)' to 'ZeroWireload'. (OPT-170)
Information: Changed wire load model for '*ADD_TC_OP_15_8_15' from '(none)' to 'ZeroWireload'. (OPT-170)
Information: Changed wire load model for 'DW01_add_width15' from '(none)' to 'ZeroWireload'. (OPT-170)
Information: Changed wire load model for '*ADD_TC_OP_15_8_15' from '(none)' to 'ZeroWireload'. (OPT-170)
Information: Changed wire load model for 'DW01_add_width15' from '(none)' to 'ZeroWireload'. (OPT-170)
Information: Changed wire load model for '*ADD_TC_OP_15_8_15' from '(none)' to 'ZeroWireload'. (OPT-170)
Information: Changed wire load model for 'DW01_add_width15' from '(none)' to 'ZeroWireload'. (OPT-170)
Information: Changed wire load model for '*ADD_TC_OP_15_8_15' from '(none)' to 'ZeroWireload'. (OPT-170)
Information: Changed wire load model for 'DW01_add_width15' from '(none)' to 'ZeroWireload'. (OPT-170)
Information: Changed wire load model for '*ADD_TC_OP_15_8_15' from '(none)' to 'ZeroWireload'. (OPT-170)
Information: Changed wire load model for 'DW01_add_width15' from '(none)' to 'ZeroWireload'. (OPT-170)
Information: Changed wire load model for '*ADD_TC_OP_15_8_15' from '(none)' to 'ZeroWireload'. (OPT-170)
Information: Changed wire load model for 'DW01_add_width15' from '(none)' to 'ZeroWireload'. (OPT-170)
Information: Changed wire load model for '*ADD_TC_OP_15_8_15' from '(none)' to 'ZeroWireload'. (OPT-170)
Information: Changed wire load model for 'DW01_add_width15' from '(none)' to 'ZeroWireload'. (OPT-170)
Information: Changed wire load model for '*ADD_TC_OP_15_8_15' from '(none)' to 'ZeroWireload'. (OPT-170)
Information: Changed wire load model for 'DW01_add_width15' from '(none)' to 'ZeroWireload'. (OPT-170)
Information: Changed wire load model for '*ADD_TC_OP_15_8_15' from '(none)' to 'ZeroWireload'. (OPT-170)
Information: Changed wire load model for 'DW01_add_width15' from '(none)' to 'ZeroWireload'. (OPT-170)
Information: Changed wire load model for '*ADD_TC_OP_15_8_15' from '(none)' to 'ZeroWireload'. (OPT-170)
Information: Changed wire load model for 'DW01_add_width15' from '(none)' to 'ZeroWireload'. (OPT-170)
Information: Changed wire load model for '*ADD_TC_OP_15_8_15' from '(none)' to 'ZeroWireload'. (OPT-170)
Information: Changed wire load model for 'DW01_add_width15' from '(none)' to 'ZeroWireload'. (OPT-170)
Information: Changed wire load model for '*ADD_TC_OP_15_8_15' from '(none)' to 'ZeroWireload'. (OPT-170)
Information: Changed wire load model for 'DW01_add_width15' from '(none)' to 'ZeroWireload'. (OPT-170)
Information: Changed wire load model for '*ADD_TC_OP_15_8_15' from '(none)' to 'ZeroWireload'. (OPT-170)
Information: Changed wire load model for 'DW01_add_width15' from '(none)' to 'ZeroWireload'. (OPT-170)
Information: Changed wire load model for '*ADD_TC_OP_15_8_15' from '(none)' to 'ZeroWireload'. (OPT-170)
Information: Changed wire load model for 'DW01_add_width15' from '(none)' to 'ZeroWireload'. (OPT-170)
Information: Changed wire load model for '*ADD_TC_OP_15_8_15' from '(none)' to 'ZeroWireload'. (OPT-170)
Information: Changed wire load model for 'DW01_add_width15' from '(none)' to 'ZeroWireload'. (OPT-170)
Information: Changed wire load model for '*ADD_TC_OP_15_8_15' from '(none)' to 'ZeroWireload'. (OPT-170)
Information: Changed wire load model for 'DW01_add_width15' from '(none)' to 'ZeroWireload'. (OPT-170)
Information: Changed wire load model for '*ADD_TC_OP_15_8_15' from '(none)' to 'ZeroWireload'. (OPT-170)
Information: Changed wire load model for 'DW01_add_width15' from '(none)' to 'ZeroWireload'. (OPT-170)
Information: Changed wire load model for '*ADD_TC_OP_15_8_15' from '(none)' to 'ZeroWireload'. (OPT-170)
Information: Changed wire load model for 'DW01_add_width15' from '(none)' to 'ZeroWireload'. (OPT-170)
Information: Changed wire load model for '*ADD_TC_OP_15_8_15' from '(none)' to 'ZeroWireload'. (OPT-170)
Information: Changed wire load model for 'DW01_add_width15' from '(none)' to 'ZeroWireload'. (OPT-170)
Information: Changed wire load model for '*ADD_TC_OP_15_8_15' from '(none)' to 'ZeroWireload'. (OPT-170)
Information: Changed wire load model for 'DW01_add_width15' from '(none)' to 'ZeroWireload'. (OPT-170)
Information: Changed wire load model for '*ADD_TC_OP_15_8_15' from '(none)' to 'ZeroWireload'. (OPT-170)
Information: Changed wire load model for 'DW01_add_width15' from '(none)' to 'ZeroWireload'. (OPT-170)
Information: Changed wire load model for '*ADD_TC_OP_15_8_15' from '(none)' to 'ZeroWireload'. (OPT-170)
Information: Changed wire load model for 'DW01_add_width15' from '(none)' to 'ZeroWireload'. (OPT-170)
Information: Changed wire load model for '*ADD_TC_OP_15_8_15' from '(none)' to 'ZeroWireload'. (OPT-170)
Information: Changed wire load model for 'DW01_add_width15' from '(none)' to 'ZeroWireload'. (OPT-170)
Information: Changed wire load model for '*ADD_TC_OP_15_8_15' from '(none)' to 'ZeroWireload'. (OPT-170)
Information: Changed wire load model for 'DW01_add_width15' from '(none)' to 'ZeroWireload'. (OPT-170)
Information: Changed wire load model for '*ADD_TC_OP_15_8_15' from '(none)' to 'ZeroWireload'. (OPT-170)
Information: Changed wire load model for 'DW01_add_width15' from '(none)' to 'ZeroWireload'. (OPT-170)
Information: Changed wire load model for '*ADD_TC_OP_15_8_15' from '(none)' to 'ZeroWireload'. (OPT-170)
Information: Changed wire load model for 'DW01_add_width15' from '(none)' to 'ZeroWireload'. (OPT-170)
Information: Changed wire load model for '*ADD_TC_OP_15_8_15' from '(none)' to 'ZeroWireload'. (OPT-170)
Information: Changed wire load model for 'DW01_add_width15' from '(none)' to 'ZeroWireload'. (OPT-170)
Information: Changed wire load model for '*ADD_TC_OP_15_8_15' from '(none)' to 'ZeroWireload'. (OPT-170)
Information: Changed wire load model for 'DW01_add_width15' from '(none)' to 'ZeroWireload'. (OPT-170)
Information: Changed wire load model for '*ADD_TC_OP_15_8_15' from '(none)' to 'ZeroWireload'. (OPT-170)
Information: Changed wire load model for 'DW01_add_width15' from '(none)' to 'ZeroWireload'. (OPT-170)
Information: Changed wire load model for '*ADD_TC_OP_15_8_15' from '(none)' to 'ZeroWireload'. (OPT-170)
Information: Changed wire load model for 'DW01_add_width15' from '(none)' to 'ZeroWireload'. (OPT-170)
Information: Changed wire load model for '*ADD_TC_OP_15_8_15' from '(none)' to 'ZeroWireload'. (OPT-170)
Information: Changed wire load model for 'DW01_add_width15' from '(none)' to 'ZeroWireload'. (OPT-170)
Information: Changed wire load model for '*ADD_TC_OP_15_8_15' from '(none)' to 'ZeroWireload'. (OPT-170)
Information: Changed wire load model for 'DW01_add_width15' from '(none)' to 'ZeroWireload'. (OPT-170)
Information: Changed wire load model for '*ADD_TC_OP_15_8_15' from '(none)' to 'ZeroWireload'. (OPT-170)
Information: Changed wire load model for 'DW01_add_width15' from '(none)' to 'ZeroWireload'. (OPT-170)
Information: Changed wire load model for '*ADD_TC_OP_15_8_15' from '(none)' to 'ZeroWireload'. (OPT-170)
Information: Changed wire load model for 'DW01_add_width15' from '(none)' to 'ZeroWireload'. (OPT-170)
Information: Changed wire load model for '*ADD_TC_OP_15_8_15' from '(none)' to 'ZeroWireload'. (OPT-170)
Information: Changed wire load model for 'DW01_add_width15' from '(none)' to 'ZeroWireload'. (OPT-170)
Information: Changed wire load model for '*ADD_TC_OP_15_8_15' from '(none)' to 'ZeroWireload'. (OPT-170)
Information: Changed wire load model for 'DW01_add_width15' from '(none)' to 'ZeroWireload'. (OPT-170)
Information: Changed wire load model for '*ADD_TC_OP_15_8_15' from '(none)' to 'ZeroWireload'. (OPT-170)
Information: Changed wire load model for 'DW01_add_width15' from '(none)' to 'ZeroWireload'. (OPT-170)
Information: Changed wire load model for '*ADD_TC_OP_15_8_15' from '(none)' to 'ZeroWireload'. (OPT-170)
Information: Changed wire load model for 'DW01_add_width15' from '(none)' to 'ZeroWireload'. (OPT-170)
Information: Changed wire load model for '*ADD_TC_OP_15_8_15' from '(none)' to 'ZeroWireload'. (OPT-170)
Information: Changed wire load model for 'DW01_add_width15' from '(none)' to 'ZeroWireload'. (OPT-170)
Information: Changed wire load model for '*ADD_TC_OP_15_8_15' from '(none)' to 'ZeroWireload'. (OPT-170)
Information: Changed wire load model for 'DW01_add_width15' from '(none)' to 'ZeroWireload'. (OPT-170)
Information: Changed wire load model for '*ADD_TC_OP_15_8_15' from '(none)' to 'ZeroWireload'. (OPT-170)
Information: Changed wire load model for 'DW01_add_width15' from '(none)' to 'ZeroWireload'. (OPT-170)
Information: Changed wire load model for '*ADD_TC_OP_15_8_15' from '(none)' to 'ZeroWireload'. (OPT-170)
Information: Changed wire load model for 'DW01_add_width15' from '(none)' to 'ZeroWireload'. (OPT-170)
Information: Changed wire load model for '*ADD_TC_OP_15_8_15' from '(none)' to 'ZeroWireload'. (OPT-170)
Information: Changed wire load model for 'DW01_add_width15' from '(none)' to 'ZeroWireload'. (OPT-170)
Information: Changed wire load model for '*ADD_TC_OP_15_8_15' from '(none)' to 'ZeroWireload'. (OPT-170)
Information: Changed wire load model for 'DW01_add_width15' from '(none)' to 'ZeroWireload'. (OPT-170)
Information: Changed wire load model for '*ADD_TC_OP_15_8_15' from '(none)' to 'ZeroWireload'. (OPT-170)
Information: Changed wire load model for 'DW01_add_width15' from '(none)' to 'ZeroWireload'. (OPT-170)
Information: Changed wire load model for '*ADD_TC_OP_15_8_15' from '(none)' to 'ZeroWireload'. (OPT-170)
Information: Changed wire load model for 'DW01_add_width15' from '(none)' to 'ZeroWireload'. (OPT-170)
Information: Changed wire load model for '*ADD_TC_OP_15_8_15' from '(none)' to 'ZeroWireload'. (OPT-170)
Information: Changed wire load model for 'DW01_add_width15' from '(none)' to 'ZeroWireload'. (OPT-170)
Information: Changed wire load model for '*ADD_TC_OP_15_8_15' from '(none)' to 'ZeroWireload'. (OPT-170)
Information: Changed wire load model for 'DW01_add_width15' from '(none)' to 'ZeroWireload'. (OPT-170)
Information: Changed wire load model for '*ADD_TC_OP_15_8_15' from '(none)' to 'ZeroWireload'. (OPT-170)
Information: Changed wire load model for 'DW01_add_width15' from '(none)' to 'ZeroWireload'. (OPT-170)
Information: Changed wire load model for '*ADD_TC_OP_15_8_15' from '(none)' to 'ZeroWireload'. (OPT-170)
Information: Changed wire load model for 'DW01_add_width15' from '(none)' to 'ZeroWireload'. (OPT-170)
Information: Changed wire load model for '*ADD_TC_OP_15_8_15' from '(none)' to 'ZeroWireload'. (OPT-170)
Information: Changed wire load model for 'DW01_add_width15' from '(none)' to 'ZeroWireload'. (OPT-170)
Information: Changed wire load model for '*ADD_TC_OP_15_8_15' from '(none)' to 'ZeroWireload'. (OPT-170)
Information: Changed wire load model for 'DW01_add_width15' from '(none)' to 'ZeroWireload'. (OPT-170)
Information: Changed wire load model for '*ADD_TC_OP_15_8_15' from '(none)' to 'ZeroWireload'. (OPT-170)
Information: Changed wire load model for 'DW01_add_width15' from '(none)' to 'ZeroWireload'. (OPT-170)
Information: Changed wire load model for '*ADD_TC_OP_15_8_15' from '(none)' to 'ZeroWireload'. (OPT-170)
Information: Changed wire load model for 'DW01_add_width15' from '(none)' to 'ZeroWireload'. (OPT-170)
Information: Changed wire load model for '*ADD_TC_OP_15_8_15' from '(none)' to 'ZeroWireload'. (OPT-170)
Information: Changed wire load model for 'DW01_add_width15' from '(none)' to 'ZeroWireload'. (OPT-170)
Information: Changed wire load model for '*ADD_TC_OP_15_8_15' from '(none)' to 'ZeroWireload'. (OPT-170)
Information: Changed wire load model for 'DW01_add_width15' from '(none)' to 'ZeroWireload'. (OPT-170)
Information: Changed wire load model for '*ADD_TC_OP_15_8_15' from '(none)' to 'ZeroWireload'. (OPT-170)
Information: Changed wire load model for 'DW01_add_width15' from '(none)' to 'ZeroWireload'. (OPT-170)
Information: Changed wire load model for '*ADD_TC_OP_15_8_15' from '(none)' to 'ZeroWireload'. (OPT-170)
Information: Changed wire load model for 'DW01_add_width15' from '(none)' to 'ZeroWireload'. (OPT-170)
Information: Changed wire load model for '*ADD_TC_OP_15_8_15' from '(none)' to 'ZeroWireload'. (OPT-170)
Information: Changed wire load model for 'DW01_add_width15' from '(none)' to 'ZeroWireload'. (OPT-170)
Information: Changed wire load model for '*ADD_TC_OP_15_8_15' from '(none)' to 'ZeroWireload'. (OPT-170)
Information: Changed wire load model for 'DW01_add_width15' from '(none)' to 'ZeroWireload'. (OPT-170)
Information: Changed wire load model for '*ADD_TC_OP_15_8_15' from '(none)' to 'ZeroWireload'. (OPT-170)
Information: Changed wire load model for 'DW01_add_width15' from '(none)' to 'ZeroWireload'. (OPT-170)
Information: Changed wire load model for '*ADD_TC_OP_15_8_15' from '(none)' to 'ZeroWireload'. (OPT-170)
Information: Changed wire load model for 'DW01_add_width15' from '(none)' to 'ZeroWireload'. (OPT-170)
Information: Changed wire load model for '*ADD_TC_OP_15_8_15' from '(none)' to 'ZeroWireload'. (OPT-170)
Information: Changed wire load model for 'DW01_add_width15' from '(none)' to 'ZeroWireload'. (OPT-170)
Information: Changed wire load model for '*ADD_TC_OP_15_8_15' from '(none)' to 'ZeroWireload'. (OPT-170)
Information: Changed wire load model for 'DW01_add_width15' from '(none)' to 'ZeroWireload'. (OPT-170)
Information: Changed wire load model for '*ADD_TC_OP_15_8_15' from '(none)' to 'ZeroWireload'. (OPT-170)
Information: Changed wire load model for 'DW01_add_width15' from '(none)' to 'ZeroWireload'. (OPT-170)
Information: Changed wire load model for '*ADD_TC_OP_15_8_15' from '(none)' to 'ZeroWireload'. (OPT-170)
Information: Changed wire load model for 'DW01_add_width15' from '(none)' to 'ZeroWireload'. (OPT-170)
Information: Changed wire load model for '*ADD_TC_OP_15_8_15' from '(none)' to 'ZeroWireload'. (OPT-170)
Information: Changed wire load model for 'DW01_add_width15' from '(none)' to 'ZeroWireload'. (OPT-170)
Information: Changed wire load model for '*ADD_TC_OP_15_8_15' from '(none)' to 'ZeroWireload'. (OPT-170)
Information: Changed wire load model for 'DW01_add_width15' from '(none)' to 'ZeroWireload'. (OPT-170)
Information: Changed wire load model for '*ADD_TC_OP_15_8_15' from '(none)' to 'ZeroWireload'. (OPT-170)
Information: Changed wire load model for 'DW01_add_width15' from '(none)' to 'ZeroWireload'. (OPT-170)
Information: Changed wire load model for '*ADD_TC_OP_15_8_15' from '(none)' to 'ZeroWireload'. (OPT-170)
Information: Changed wire load model for 'DW01_add_width15' from '(none)' to 'ZeroWireload'. (OPT-170)
Information: Changed wire load model for '*ADD_TC_OP_15_8_15' from '(none)' to 'ZeroWireload'. (OPT-170)
Information: Changed wire load model for 'DW01_add_width15' from '(none)' to 'ZeroWireload'. (OPT-170)
Information: Changed wire load model for '*ADD_TC_OP_15_8_15' from '(none)' to 'ZeroWireload'. (OPT-170)
Information: Changed wire load model for 'DW01_add_width15' from '(none)' to 'ZeroWireload'. (OPT-170)
Information: Changed wire load model for '*ADD_TC_OP_15_8_15' from '(none)' to 'ZeroWireload'. (OPT-170)
Information: Changed wire load model for 'DW01_add_width15' from '(none)' to 'ZeroWireload'. (OPT-170)
Information: Changed wire load model for '*ADD_TC_OP_15_8_15' from '(none)' to 'ZeroWireload'. (OPT-170)
Information: Changed wire load model for 'DW01_add_width15' from '(none)' to 'ZeroWireload'. (OPT-170)
Information: Changed wire load model for '*ADD_TC_OP_15_8_15' from '(none)' to 'ZeroWireload'. (OPT-170)
Information: Changed wire load model for 'DW01_add_width15' from '(none)' to 'ZeroWireload'. (OPT-170)
Information: Changed wire load model for '*ADD_TC_OP_15_8_15' from '(none)' to 'ZeroWireload'. (OPT-170)
Information: Changed wire load model for 'DW01_add_width15' from '(none)' to 'ZeroWireload'. (OPT-170)
Information: Changed wire load model for '*ADD_TC_OP_15_8_15' from '(none)' to 'ZeroWireload'. (OPT-170)
Information: Changed wire load model for 'DW01_add_width15' from '(none)' to 'ZeroWireload'. (OPT-170)
Information: Changed wire load model for '*ADD_TC_OP_15_8_15' from '(none)' to 'ZeroWireload'. (OPT-170)
Information: Changed wire load model for 'DW01_add_width15' from '(none)' to 'ZeroWireload'. (OPT-170)
Information: Changed wire load model for '*ADD_TC_OP_15_8_15' from '(none)' to 'ZeroWireload'. (OPT-170)
Information: Changed wire load model for 'DW01_add_width15' from '(none)' to 'ZeroWireload'. (OPT-170)
Information: Changed wire load model for '*ADD_TC_OP_15_8_15' from '(none)' to 'ZeroWireload'. (OPT-170)
Information: Changed wire load model for 'DW01_add_width15' from '(none)' to 'ZeroWireload'. (OPT-170)
Information: Changed wire load model for '*ADD_TC_OP_15_8_15' from '(none)' to 'ZeroWireload'. (OPT-170)
Information: Changed wire load model for 'DW01_add_width15' from '(none)' to 'ZeroWireload'. (OPT-170)
Information: Changed wire load model for '*ADD_TC_OP_15_8_15' from '(none)' to 'ZeroWireload'. (OPT-170)
Information: Changed wire load model for 'DW01_add_width15' from '(none)' to 'ZeroWireload'. (OPT-170)
Information: Changed wire load model for '*ADD_TC_OP_15_8_15' from '(none)' to 'ZeroWireload'. (OPT-170)
Information: Changed wire load model for 'DW01_add_width15' from '(none)' to 'ZeroWireload'. (OPT-170)
Information: Changed wire load model for '*ADD_TC_OP_15_8_15' from '(none)' to 'ZeroWireload'. (OPT-170)
Information: Changed wire load model for 'DW01_add_width15' from '(none)' to 'ZeroWireload'. (OPT-170)
Information: Changed wire load model for '*ADD_TC_OP_15_8_15' from '(none)' to 'ZeroWireload'. (OPT-170)
Information: Changed wire load model for 'DW01_add_width15' from '(none)' to 'ZeroWireload'. (OPT-170)
Information: Changed wire load model for '*ADD_TC_OP_15_8_15' from '(none)' to 'ZeroWireload'. (OPT-170)
Information: Changed wire load model for 'DW01_add_width15' from '(none)' to 'ZeroWireload'. (OPT-170)
Information: Changed wire load model for '*ADD_TC_OP_15_8_15' from '(none)' to 'ZeroWireload'. (OPT-170)
Information: Changed wire load model for 'DW01_add_width15' from '(none)' to 'ZeroWireload'. (OPT-170)
Information: Changed wire load model for '*ADD_TC_OP_15_8_15' from '(none)' to 'ZeroWireload'. (OPT-170)
Information: Changed wire load model for 'DW01_add_width15' from '(none)' to 'ZeroWireload'. (OPT-170)
Information: Changed wire load model for '*ADD_TC_OP_15_8_15' from '(none)' to 'ZeroWireload'. (OPT-170)
Information: Changed wire load model for 'DW01_add_width15' from '(none)' to 'ZeroWireload'. (OPT-170)
Information: Changed wire load model for '*ADD_TC_OP_15_8_15' from '(none)' to 'ZeroWireload'. (OPT-170)
Information: Changed wire load model for 'DW01_add_width15' from '(none)' to 'ZeroWireload'. (OPT-170)
Information: Changed wire load model for '*ADD_TC_OP_15_8_15' from '(none)' to 'ZeroWireload'. (OPT-170)
Information: Changed wire load model for 'DW01_add_width15' from '(none)' to 'ZeroWireload'. (OPT-170)
Information: Changed wire load model for '*ADD_TC_OP_15_8_15' from '(none)' to 'ZeroWireload'. (OPT-170)
Information: Changed wire load model for 'DW01_add_width15' from '(none)' to 'ZeroWireload'. (OPT-170)
Information: Changed wire load model for '*ADD_TC_OP_15_8_15' from '(none)' to 'ZeroWireload'. (OPT-170)
Information: Changed wire load model for 'DW01_add_width15' from '(none)' to 'ZeroWireload'. (OPT-170)
Information: Changed wire load model for '*ADD_TC_OP_15_8_15' from '(none)' to 'ZeroWireload'. (OPT-170)
Information: Changed wire load model for 'DW01_add_width15' from '(none)' to 'ZeroWireload'. (OPT-170)
Information: Changed wire load model for '*ADD_TC_OP_15_8_15' from '(none)' to 'ZeroWireload'. (OPT-170)
Information: Changed wire load model for 'DW01_add_width15' from '(none)' to 'ZeroWireload'. (OPT-170)
Information: Changed wire load model for '*ADD_TC_OP_15_8_15' from '(none)' to 'ZeroWireload'. (OPT-170)
Information: Changed wire load model for 'DW01_add_width22' from '(none)' to 'ZeroWireload'. (OPT-170)
Information: Changed wire load model for '*ADD_TC_OP_22_16_22' from '(none)' to 'ZeroWireload'. (OPT-170)
Information: Changed wire load model for 'DW01_add_width22' from '(none)' to 'ZeroWireload'. (OPT-170)
Information: Changed wire load model for '*ADD_TC_OP_22_16_22' from '(none)' to 'ZeroWireload'. (OPT-170)
Information: Changed wire load model for 'DW01_add_width22' from '(none)' to 'ZeroWireload'. (OPT-170)
Information: Changed wire load model for '*ADD_TC_OP_22_16_22' from '(none)' to 'ZeroWireload'. (OPT-170)
Information: Changed wire load model for 'DW01_add_width22' from '(none)' to 'ZeroWireload'. (OPT-170)
Information: Changed wire load model for '*ADD_TC_OP_22_16_22' from '(none)' to 'ZeroWireload'. (OPT-170)
Information: Changed wire load model for 'DW01_add_width22' from '(none)' to 'ZeroWireload'. (OPT-170)
Information: Changed wire load model for '*ADD_TC_OP_22_16_22' from '(none)' to 'ZeroWireload'. (OPT-170)
Information: Changed wire load model for 'DW01_add_width22' from '(none)' to 'ZeroWireload'. (OPT-170)
Information: Changed wire load model for '*ADD_TC_OP_22_16_22' from '(none)' to 'ZeroWireload'. (OPT-170)
Information: Changed wire load model for 'DW01_add_width22' from '(none)' to 'ZeroWireload'. (OPT-170)
Information: Changed wire load model for '*ADD_TC_OP_22_16_22' from '(none)' to 'ZeroWireload'. (OPT-170)
Information: Changed wire load model for 'DW01_add_width22' from '(none)' to 'ZeroWireload'. (OPT-170)
Information: Changed wire load model for '*ADD_TC_OP_22_16_22' from '(none)' to 'ZeroWireload'. (OPT-170)
Information: Changed wire load model for 'DW01_add_width22' from '(none)' to 'ZeroWireload'. (OPT-170)
Information: Changed wire load model for '*ADD_TC_OP_22_16_22' from '(none)' to 'ZeroWireload'. (OPT-170)
Information: Changed wire load model for 'DW01_add_width22' from '(none)' to 'ZeroWireload'. (OPT-170)
Information: Changed wire load model for '*ADD_TC_OP_22_16_22' from '(none)' to 'ZeroWireload'. (OPT-170)
Information: Changed wire load model for 'DW01_add_width22' from '(none)' to 'ZeroWireload'. (OPT-170)
Information: Changed wire load model for '*ADD_TC_OP_22_16_22' from '(none)' to 'ZeroWireload'. (OPT-170)
Information: Changed wire load model for 'DW01_add_width22' from '(none)' to 'ZeroWireload'. (OPT-170)
Information: Changed wire load model for '*ADD_TC_OP_22_16_22' from '(none)' to 'ZeroWireload'. (OPT-170)
Information: Changed wire load model for 'DW01_add_width22' from '(none)' to 'ZeroWireload'. (OPT-170)
Information: Changed wire load model for '*ADD_TC_OP_22_16_22' from '(none)' to 'ZeroWireload'. (OPT-170)
Information: Changed wire load model for 'DW01_add_width22' from '(none)' to 'ZeroWireload'. (OPT-170)
Information: Changed wire load model for '*ADD_TC_OP_22_16_22' from '(none)' to 'ZeroWireload'. (OPT-170)
Information: Changed wire load model for 'DW01_add_width22' from '(none)' to 'ZeroWireload'. (OPT-170)
Information: Changed wire load model for '*ADD_TC_OP_22_16_22' from '(none)' to 'ZeroWireload'. (OPT-170)
Information: Changed wire load model for 'DW01_add_width22' from '(none)' to 'ZeroWireload'. (OPT-170)
Information: Changed wire load model for '*ADD_TC_OP_22_16_22' from '(none)' to 'ZeroWireload'. (OPT-170)
Information: Changed wire load model for 'DW01_add_width22' from '(none)' to 'ZeroWireload'. (OPT-170)
Information: Changed wire load model for '*ADD_TC_OP_22_16_22' from '(none)' to 'ZeroWireload'. (OPT-170)
Information: Changed wire load model for 'DW01_add_width15' from '(none)' to 'ZeroWireload'. (OPT-170)
Information: Changed wire load model for '*ADD_TC_OP_15_8_15' from '(none)' to 'ZeroWireload'. (OPT-170)
Information: Changed wire load model for 'DW01_add_width15' from '(none)' to 'ZeroWireload'. (OPT-170)
Information: Changed wire load model for '*ADD_TC_OP_15_8_15' from '(none)' to 'ZeroWireload'. (OPT-170)
Information: Changed wire load model for 'DW01_add_width15' from '(none)' to 'ZeroWireload'. (OPT-170)
Information: Changed wire load model for '*ADD_TC_OP_15_8_15' from '(none)' to 'ZeroWireload'. (OPT-170)
Information: Changed wire load model for 'DW01_add_width15' from '(none)' to 'ZeroWireload'. (OPT-170)
Information: Changed wire load model for '*ADD_TC_OP_15_8_15' from '(none)' to 'ZeroWireload'. (OPT-170)
Information: Changed wire load model for 'DW01_add_width15' from '(none)' to 'ZeroWireload'. (OPT-170)
Information: Changed wire load model for '*ADD_TC_OP_15_8_15' from '(none)' to 'ZeroWireload'. (OPT-170)
Information: Changed wire load model for 'DW01_add_width15' from '(none)' to 'ZeroWireload'. (OPT-170)
Information: Changed wire load model for '*ADD_TC_OP_15_8_15' from '(none)' to 'ZeroWireload'. (OPT-170)
Information: Changed wire load model for 'DW01_add_width15' from '(none)' to 'ZeroWireload'. (OPT-170)
Information: Changed wire load model for '*ADD_TC_OP_15_8_15' from '(none)' to 'ZeroWireload'. (OPT-170)
Information: Changed wire load model for 'DW01_add_width15' from '(none)' to 'ZeroWireload'. (OPT-170)
Information: Changed wire load model for '*ADD_TC_OP_15_8_15' from '(none)' to 'ZeroWireload'. (OPT-170)
Information: Changed wire load model for 'DW01_add_width15' from '(none)' to 'ZeroWireload'. (OPT-170)
Information: Changed wire load model for '*ADD_TC_OP_15_8_15' from '(none)' to 'ZeroWireload'. (OPT-170)
Information: Changed wire load model for 'DW01_add_width15' from '(none)' to 'ZeroWireload'. (OPT-170)
Information: Changed wire load model for '*ADD_TC_OP_15_8_15' from '(none)' to 'ZeroWireload'. (OPT-170)
Information: Changed wire load model for 'DW01_add_width15' from '(none)' to 'ZeroWireload'. (OPT-170)
Information: Changed wire load model for '*ADD_TC_OP_15_8_15' from '(none)' to 'ZeroWireload'. (OPT-170)
Information: Changed wire load model for 'DW01_add_width15' from '(none)' to 'ZeroWireload'. (OPT-170)
Information: Changed wire load model for '*ADD_TC_OP_15_8_15' from '(none)' to 'ZeroWireload'. (OPT-170)
Information: Changed wire load model for 'DW01_add_width15' from '(none)' to 'ZeroWireload'. (OPT-170)
Information: Changed wire load model for '*ADD_TC_OP_15_8_15' from '(none)' to 'ZeroWireload'. (OPT-170)
Information: Changed wire load model for 'DW01_add_width15' from '(none)' to 'ZeroWireload'. (OPT-170)
Information: Changed wire load model for '*ADD_TC_OP_15_8_15' from '(none)' to 'ZeroWireload'. (OPT-170)
Information: Changed wire load model for 'DW01_add_width15' from '(none)' to 'ZeroWireload'. (OPT-170)
Information: Changed wire load model for '*ADD_TC_OP_15_8_15' from '(none)' to 'ZeroWireload'. (OPT-170)
Information: Changed wire load model for 'DW01_add_width15' from '(none)' to 'ZeroWireload'. (OPT-170)
Information: Changed wire load model for '*ADD_TC_OP_15_8_15' from '(none)' to 'ZeroWireload'. (OPT-170)
Information: Changed wire load model for 'DW01_add_width22' from '(none)' to 'ZeroWireload'. (OPT-170)
Information: Changed wire load model for '*ADD_TC_OP_22_16_22' from '(none)' to 'ZeroWireload'. (OPT-170)
Information: Changed wire load model for 'DW01_add_width22' from '(none)' to 'ZeroWireload'. (OPT-170)
Information: Changed wire load model for '*ADD_TC_OP_22_16_22' from '(none)' to 'ZeroWireload'. (OPT-170)
Information: Changed wire load model for 'DW01_add_width22' from '(none)' to 'ZeroWireload'. (OPT-170)
Information: Changed wire load model for '*ADD_TC_OP_22_16_22' from '(none)' to 'ZeroWireload'. (OPT-170)
Information: Changed wire load model for 'DW01_add_width22' from '(none)' to 'ZeroWireload'. (OPT-170)
Information: Changed wire load model for '*ADD_TC_OP_22_16_22' from '(none)' to 'ZeroWireload'. (OPT-170)
Information: Changed wire load model for 'DW01_add_width22' from '(none)' to 'ZeroWireload'. (OPT-170)
Information: Changed wire load model for '*ADD_TC_OP_22_16_22' from '(none)' to 'ZeroWireload'. (OPT-170)
Information: Changed wire load model for 'DW01_add_width22' from '(none)' to 'ZeroWireload'. (OPT-170)
Information: Changed wire load model for '*ADD_TC_OP_22_16_22' from '(none)' to 'ZeroWireload'. (OPT-170)
Information: Changed wire load model for 'DW01_add_width22' from '(none)' to 'ZeroWireload'. (OPT-170)
Information: Changed wire load model for '*ADD_TC_OP_22_16_22' from '(none)' to 'ZeroWireload'. (OPT-170)
Information: Changed wire load model for 'DW01_add_width22' from '(none)' to 'ZeroWireload'. (OPT-170)
Information: Changed wire load model for '*ADD_TC_OP_22_16_22' from '(none)' to 'ZeroWireload'. (OPT-170)
Information: Changed wire load model for 'DW01_add_width22' from '(none)' to 'ZeroWireload'. (OPT-170)
Information: Changed wire load model for '*ADD_TC_OP_22_16_22' from '(none)' to 'ZeroWireload'. (OPT-170)
Information: Changed wire load model for 'DW01_add_width22' from '(none)' to 'ZeroWireload'. (OPT-170)
Information: Changed wire load model for '*ADD_TC_OP_22_16_22' from '(none)' to 'ZeroWireload'. (OPT-170)
Information: Changed wire load model for 'DW01_add_width22' from '(none)' to 'ZeroWireload'. (OPT-170)
Information: Changed wire load model for '*ADD_TC_OP_22_16_22' from '(none)' to 'ZeroWireload'. (OPT-170)
Information: Changed wire load model for 'DW01_add_width22' from '(none)' to 'ZeroWireload'. (OPT-170)
Information: Changed wire load model for '*ADD_TC_OP_22_16_22' from '(none)' to 'ZeroWireload'. (OPT-170)
Information: Changed wire load model for 'DW01_add_width22' from '(none)' to 'ZeroWireload'. (OPT-170)
Information: Changed wire load model for '*ADD_TC_OP_22_16_22' from '(none)' to 'ZeroWireload'. (OPT-170)
Information: Changed wire load model for 'DW01_add_width22' from '(none)' to 'ZeroWireload'. (OPT-170)
Information: Changed wire load model for '*ADD_TC_OP_22_16_22' from '(none)' to 'ZeroWireload'. (OPT-170)
Information: Changed wire load model for 'DW01_add_width22' from '(none)' to 'ZeroWireload'. (OPT-170)
Information: Changed wire load model for '*ADD_TC_OP_22_16_22' from '(none)' to 'ZeroWireload'. (OPT-170)
Information: Changed wire load model for 'DW01_add_width22' from '(none)' to 'ZeroWireload'. (OPT-170)
Information: Changed wire load model for '*ADD_TC_OP_22_16_22' from '(none)' to 'ZeroWireload'. (OPT-170)
Information: Changed wire load model for 'DW01_add_width22' from '(none)' to 'ZeroWireload'. (OPT-170)
Information: Changed wire load model for '*ADD_TC_OP_22_16_22' from '(none)' to 'ZeroWireload'. (OPT-170)
Information: Changed wire load model for 'DW01_add_width22' from '(none)' to 'ZeroWireload'. (OPT-170)
Information: Changed wire load model for '*ADD_TC_OP_22_16_22' from '(none)' to 'ZeroWireload'. (OPT-170)
Information: Changed wire load model for 'DW01_add_width22' from '(none)' to 'ZeroWireload'. (OPT-170)
Information: Changed wire load model for '*ADD_TC_OP_22_16_22' from '(none)' to 'ZeroWireload'. (OPT-170)
Information: Changed wire load model for 'DW01_add_width22' from '(none)' to 'ZeroWireload'. (OPT-170)
Information: Changed wire load model for '*ADD_TC_OP_22_16_22' from '(none)' to 'ZeroWireload'. (OPT-170)
Information: Changed wire load model for 'DW01_add_width22' from '(none)' to 'ZeroWireload'. (OPT-170)
Information: Changed wire load model for '*ADD_TC_OP_22_16_22' from '(none)' to 'ZeroWireload'. (OPT-170)
Information: Changed wire load model for 'DW01_add_width22' from '(none)' to 'ZeroWireload'. (OPT-170)
Information: Changed wire load model for '*ADD_TC_OP_22_16_22' from '(none)' to 'ZeroWireload'. (OPT-170)
Information: Changed wire load model for 'DW01_add_width22' from '(none)' to 'ZeroWireload'. (OPT-170)
Information: Changed wire load model for '*ADD_TC_OP_22_16_22' from '(none)' to 'ZeroWireload'. (OPT-170)
Information: Changed wire load model for 'DW01_add_width22' from '(none)' to 'ZeroWireload'. (OPT-170)
Information: Changed wire load model for '*ADD_TC_OP_22_16_22' from '(none)' to 'ZeroWireload'. (OPT-170)
Information: Changed wire load model for 'DW01_add_width22' from '(none)' to 'ZeroWireload'. (OPT-170)
Information: Changed wire load model for '*ADD_TC_OP_22_16_22' from '(none)' to 'ZeroWireload'. (OPT-170)
Information: Changed wire load model for 'DW01_add_width22' from '(none)' to 'ZeroWireload'. (OPT-170)
Information: Changed wire load model for '*ADD_TC_OP_22_16_22' from '(none)' to 'ZeroWireload'. (OPT-170)
Information: Changed wire load model for 'DW01_add_width22' from '(none)' to 'ZeroWireload'. (OPT-170)
Information: Changed wire load model for '*ADD_TC_OP_22_16_22' from '(none)' to 'ZeroWireload'. (OPT-170)
Information: Changed wire load model for 'DW01_add_width22' from '(none)' to 'ZeroWireload'. (OPT-170)
Information: Changed wire load model for '*ADD_TC_OP_22_16_22' from '(none)' to 'ZeroWireload'. (OPT-170)
Information: Changed wire load model for 'DW01_add_width22' from '(none)' to 'ZeroWireload'. (OPT-170)
Information: Changed wire load model for '*ADD_TC_OP_22_16_22' from '(none)' to 'ZeroWireload'. (OPT-170)
Information: Changed wire load model for 'DW01_add_width22' from '(none)' to 'ZeroWireload'. (OPT-170)
Information: Changed wire load model for '*ADD_TC_OP_22_16_22' from '(none)' to 'ZeroWireload'. (OPT-170)
Information: Changed wire load model for 'DW01_add_width22' from '(none)' to 'ZeroWireload'. (OPT-170)
Information: Changed wire load model for '*ADD_TC_OP_22_16_22' from '(none)' to 'ZeroWireload'. (OPT-170)
Information: Changed wire load model for 'DW01_add_width22' from '(none)' to 'ZeroWireload'. (OPT-170)
Information: Changed wire load model for '*ADD_TC_OP_22_16_22' from '(none)' to 'ZeroWireload'. (OPT-170)
Information: Changed wire load model for 'DW01_add_width22' from '(none)' to 'ZeroWireload'. (OPT-170)
Information: Changed wire load model for '*ADD_TC_OP_22_16_22' from '(none)' to 'ZeroWireload'. (OPT-170)
Information: Changed wire load model for 'DW01_add_width22' from '(none)' to 'ZeroWireload'. (OPT-170)
Information: Changed wire load model for '*ADD_TC_OP_22_16_22' from '(none)' to 'ZeroWireload'. (OPT-170)
Information: Changed wire load model for 'DW01_add_width15' from '(none)' to 'ZeroWireload'. (OPT-170)
Information: Changed wire load model for '*ADD_TC_OP_15_8_15' from '(none)' to 'ZeroWireload'. (OPT-170)
Information: Changed wire load model for 'DW01_add_width15' from '(none)' to 'ZeroWireload'. (OPT-170)
Information: Changed wire load model for '*ADD_TC_OP_15_8_15' from '(none)' to 'ZeroWireload'. (OPT-170)
Information: Changed wire load model for 'DW01_add_width15' from '(none)' to 'ZeroWireload'. (OPT-170)
Information: Changed wire load model for '*ADD_TC_OP_15_8_15' from '(none)' to 'ZeroWireload'. (OPT-170)
Information: Changed wire load model for 'DW01_add_width15' from '(none)' to 'ZeroWireload'. (OPT-170)
Information: Changed wire load model for '*ADD_TC_OP_15_8_15' from '(none)' to 'ZeroWireload'. (OPT-170)
Information: Changed wire load model for 'DW01_add_width15' from '(none)' to 'ZeroWireload'. (OPT-170)
Information: Changed wire load model for '*ADD_TC_OP_15_8_15' from '(none)' to 'ZeroWireload'. (OPT-170)
Information: Changed wire load model for 'DW01_add_width15' from '(none)' to 'ZeroWireload'. (OPT-170)
Information: Changed wire load model for '*ADD_TC_OP_15_8_15' from '(none)' to 'ZeroWireload'. (OPT-170)
Information: Changed wire load model for 'DW01_add_width15' from '(none)' to 'ZeroWireload'. (OPT-170)
Information: Changed wire load model for '*ADD_TC_OP_15_8_15' from '(none)' to 'ZeroWireload'. (OPT-170)
Information: Changed wire load model for 'DW01_add_width15' from '(none)' to 'ZeroWireload'. (OPT-170)
Information: Changed wire load model for '*ADD_TC_OP_15_8_15' from '(none)' to 'ZeroWireload'. (OPT-170)
Information: Changed wire load model for 'DW01_add_width15' from '(none)' to 'ZeroWireload'. (OPT-170)
Information: Changed wire load model for '*ADD_TC_OP_15_8_15' from '(none)' to 'ZeroWireload'. (OPT-170)
Information: Changed wire load model for 'DW01_add_width15' from '(none)' to 'ZeroWireload'. (OPT-170)
Information: Changed wire load model for '*ADD_TC_OP_15_8_15' from '(none)' to 'ZeroWireload'. (OPT-170)
Information: Changed wire load model for 'DW01_add_width15' from '(none)' to 'ZeroWireload'. (OPT-170)
Information: Changed wire load model for '*ADD_TC_OP_15_8_15' from '(none)' to 'ZeroWireload'. (OPT-170)
Information: Changed wire load model for 'DW01_add_width15' from '(none)' to 'ZeroWireload'. (OPT-170)
Information: Changed wire load model for '*ADD_TC_OP_15_8_15' from '(none)' to 'ZeroWireload'. (OPT-170)
Information: Changed wire load model for 'DW01_add_width15' from '(none)' to 'ZeroWireload'. (OPT-170)
Information: Changed wire load model for '*ADD_TC_OP_15_8_15' from '(none)' to 'ZeroWireload'. (OPT-170)
Information: Changed wire load model for 'DW01_add_width15' from '(none)' to 'ZeroWireload'. (OPT-170)
Information: Changed wire load model for '*ADD_TC_OP_15_8_15' from '(none)' to 'ZeroWireload'. (OPT-170)
Information: Changed wire load model for 'DW01_add_width15' from '(none)' to 'ZeroWireload'. (OPT-170)
Information: Changed wire load model for '*ADD_TC_OP_15_8_15' from '(none)' to 'ZeroWireload'. (OPT-170)
Information: Changed wire load model for 'DW01_add_width15' from '(none)' to 'ZeroWireload'. (OPT-170)
Information: Changed wire load model for '*ADD_TC_OP_15_8_15' from '(none)' to 'ZeroWireload'. (OPT-170)
Information: Changed wire load model for 'DW01_add_width22' from '(none)' to 'ZeroWireload'. (OPT-170)
Information: Changed wire load model for '*ADD_TC_OP_22_16_22' from '(none)' to 'ZeroWireload'. (OPT-170)
Information: Changed wire load model for 'DW01_add_width22' from '(none)' to 'ZeroWireload'. (OPT-170)
Information: Changed wire load model for '*ADD_TC_OP_22_16_22' from '(none)' to 'ZeroWireload'. (OPT-170)
Information: Changed wire load model for 'DW01_add_width22' from '(none)' to 'ZeroWireload'. (OPT-170)
Information: Changed wire load model for '*ADD_TC_OP_22_16_22' from '(none)' to 'ZeroWireload'. (OPT-170)
Information: Changed wire load model for 'DW01_add_width22' from '(none)' to 'ZeroWireload'. (OPT-170)
Information: Changed wire load model for '*ADD_TC_OP_22_16_22' from '(none)' to 'ZeroWireload'. (OPT-170)
Information: Changed wire load model for 'DW01_add_width22' from '(none)' to 'ZeroWireload'. (OPT-170)
Information: Changed wire load model for '*ADD_TC_OP_22_16_22' from '(none)' to 'ZeroWireload'. (OPT-170)
Information: Changed wire load model for 'DW01_add_width22' from '(none)' to 'ZeroWireload'. (OPT-170)
Information: Changed wire load model for '*ADD_TC_OP_22_16_22' from '(none)' to 'ZeroWireload'. (OPT-170)
Information: Changed wire load model for 'DW01_add_width22' from '(none)' to 'ZeroWireload'. (OPT-170)
Information: Changed wire load model for '*ADD_TC_OP_22_16_22' from '(none)' to 'ZeroWireload'. (OPT-170)
Information: Changed wire load model for 'DW01_add_width22' from '(none)' to 'ZeroWireload'. (OPT-170)
Information: Changed wire load model for '*ADD_TC_OP_22_16_22' from '(none)' to 'ZeroWireload'. (OPT-170)
Information: Changed wire load model for 'DW01_add_width22' from '(none)' to 'ZeroWireload'. (OPT-170)
Information: Changed wire load model for '*ADD_TC_OP_22_16_22' from '(none)' to 'ZeroWireload'. (OPT-170)
Information: Changed wire load model for 'DW01_add_width22' from '(none)' to 'ZeroWireload'. (OPT-170)
Information: Changed wire load model for '*ADD_TC_OP_22_16_22' from '(none)' to 'ZeroWireload'. (OPT-170)
Information: Changed wire load model for 'DW01_add_width22' from '(none)' to 'ZeroWireload'. (OPT-170)
Information: Changed wire load model for '*ADD_TC_OP_22_16_22' from '(none)' to 'ZeroWireload'. (OPT-170)
Information: Changed wire load model for 'DW01_add_width22' from '(none)' to 'ZeroWireload'. (OPT-170)
Information: Changed wire load model for '*ADD_TC_OP_22_16_22' from '(none)' to 'ZeroWireload'. (OPT-170)
Information: Changed wire load model for 'DW01_add_width22' from '(none)' to 'ZeroWireload'. (OPT-170)
Information: Changed wire load model for '*ADD_TC_OP_22_16_22' from '(none)' to 'ZeroWireload'. (OPT-170)
Information: Changed wire load model for 'DW01_add_width22' from '(none)' to 'ZeroWireload'. (OPT-170)
Information: Changed wire load model for '*ADD_TC_OP_22_16_22' from '(none)' to 'ZeroWireload'. (OPT-170)
Information: Changed wire load model for 'DW01_add_width22' from '(none)' to 'ZeroWireload'. (OPT-170)
Information: Changed wire load model for '*ADD_TC_OP_22_16_22' from '(none)' to 'ZeroWireload'. (OPT-170)
Information: Changed wire load model for 'DW01_add_width22' from '(none)' to 'ZeroWireload'. (OPT-170)
Information: Changed wire load model for '*ADD_TC_OP_22_16_22' from '(none)' to 'ZeroWireload'. (OPT-170)
Information: Changed wire load model for 'DW01_add_width22' from '(none)' to 'ZeroWireload'. (OPT-170)
Information: Changed wire load model for '*ADD_TC_OP_22_16_22' from '(none)' to 'ZeroWireload'. (OPT-170)
Information: Changed wire load model for 'DW01_add_width22' from '(none)' to 'ZeroWireload'. (OPT-170)
Information: Changed wire load model for '*ADD_TC_OP_22_16_22' from '(none)' to 'ZeroWireload'. (OPT-170)
Information: Changed wire load model for 'DW01_add_width22' from '(none)' to 'ZeroWireload'. (OPT-170)
Information: Changed wire load model for '*ADD_TC_OP_22_16_22' from '(none)' to 'ZeroWireload'. (OPT-170)
Information: Changed wire load model for 'DW01_add_width22' from '(none)' to 'ZeroWireload'. (OPT-170)
Information: Changed wire load model for '*ADD_TC_OP_22_16_22' from '(none)' to 'ZeroWireload'. (OPT-170)
Information: Changed wire load model for 'DW01_add_width22' from '(none)' to 'ZeroWireload'. (OPT-170)
Information: Changed wire load model for '*ADD_TC_OP_22_16_22' from '(none)' to 'ZeroWireload'. (OPT-170)
Information: Changed wire load model for 'DW01_add_width22' from '(none)' to 'ZeroWireload'. (OPT-170)
Information: Changed wire load model for '*ADD_TC_OP_22_16_22' from '(none)' to 'ZeroWireload'. (OPT-170)
Information: Changed wire load model for 'DW01_add_width22' from '(none)' to 'ZeroWireload'. (OPT-170)
Information: Changed wire load model for '*ADD_TC_OP_22_16_22' from '(none)' to 'ZeroWireload'. (OPT-170)
Information: Changed wire load model for 'DW01_add_width22' from '(none)' to 'ZeroWireload'. (OPT-170)
Information: Changed wire load model for '*ADD_TC_OP_22_16_22' from '(none)' to 'ZeroWireload'. (OPT-170)
Information: Changed wire load model for 'DW01_add_width22' from '(none)' to 'ZeroWireload'. (OPT-170)
Information: Changed wire load model for '*ADD_TC_OP_22_16_22' from '(none)' to 'ZeroWireload'. (OPT-170)
Information: Changed wire load model for 'DW01_add_width22' from '(none)' to 'ZeroWireload'. (OPT-170)
Information: Changed wire load model for '*ADD_TC_OP_22_16_22' from '(none)' to 'ZeroWireload'. (OPT-170)
Information: Changed wire load model for 'DW01_add_width22' from '(none)' to 'ZeroWireload'. (OPT-170)
Information: Changed wire load model for '*ADD_TC_OP_22_16_22' from '(none)' to 'ZeroWireload'. (OPT-170)
Information: Changed wire load model for 'DW01_add_width22' from '(none)' to 'ZeroWireload'. (OPT-170)
Information: Changed wire load model for '*ADD_TC_OP_22_16_22' from '(none)' to 'ZeroWireload'. (OPT-170)
Information: Changed wire load model for 'DW01_add_width22' from '(none)' to 'ZeroWireload'. (OPT-170)
Information: Changed wire load model for '*ADD_TC_OP_22_16_22' from '(none)' to 'ZeroWireload'. (OPT-170)
Information: Changed wire load model for 'DW01_add_width22' from '(none)' to 'ZeroWireload'. (OPT-170)
Information: Changed wire load model for '*ADD_TC_OP_22_16_22' from '(none)' to 'ZeroWireload'. (OPT-170)
Information: Changed wire load model for 'DW01_add_width22' from '(none)' to 'ZeroWireload'. (OPT-170)
Information: Changed wire load model for '*ADD_TC_OP_22_16_22' from '(none)' to 'ZeroWireload'. (OPT-170)
Information: Changed wire load model for 'DW01_add_width22' from '(none)' to 'ZeroWireload'. (OPT-170)
Information: Changed wire load model for '*ADD_TC_OP_22_16_22' from '(none)' to 'ZeroWireload'. (OPT-170)
Information: Changed wire load model for 'DW01_add_width22' from '(none)' to 'ZeroWireload'. (OPT-170)
Information: Changed wire load model for '*ADD_TC_OP_22_16_22' from '(none)' to 'ZeroWireload'. (OPT-170)
Information: Changed wire load model for 'DW01_add_width22' from '(none)' to 'ZeroWireload'. (OPT-170)
Information: Changed wire load model for '*ADD_TC_OP_22_16_22' from '(none)' to 'ZeroWireload'. (OPT-170)
Information: Changed wire load model for 'DW01_add_width15' from '(none)' to 'ZeroWireload'. (OPT-170)
Information: Changed wire load model for '*ADD_TC_OP_15_8_15' from '(none)' to 'ZeroWireload'. (OPT-170)
Information: Changed wire load model for 'DW01_add_width15' from '(none)' to 'ZeroWireload'. (OPT-170)
Information: Changed wire load model for '*ADD_TC_OP_15_8_15' from '(none)' to 'ZeroWireload'. (OPT-170)
Information: Changed wire load model for 'DW01_add_width15' from '(none)' to 'ZeroWireload'. (OPT-170)
Information: Changed wire load model for '*ADD_TC_OP_15_8_15' from '(none)' to 'ZeroWireload'. (OPT-170)
Information: Changed wire load model for 'DW01_add_width15' from '(none)' to 'ZeroWireload'. (OPT-170)
Information: Changed wire load model for '*ADD_TC_OP_15_8_15' from '(none)' to 'ZeroWireload'. (OPT-170)
Information: Changed wire load model for 'DW01_add_width15' from '(none)' to 'ZeroWireload'. (OPT-170)
Information: Changed wire load model for '*ADD_TC_OP_15_8_15' from '(none)' to 'ZeroWireload'. (OPT-170)
Information: Changed wire load model for 'DW01_add_width15' from '(none)' to 'ZeroWireload'. (OPT-170)
Information: Changed wire load model for '*ADD_TC_OP_15_8_15' from '(none)' to 'ZeroWireload'. (OPT-170)
Information: Changed wire load model for 'DW01_add_width15' from '(none)' to 'ZeroWireload'. (OPT-170)
Information: Changed wire load model for '*ADD_TC_OP_15_8_15' from '(none)' to 'ZeroWireload'. (OPT-170)
Information: Changed wire load model for 'DW01_add_width15' from '(none)' to 'ZeroWireload'. (OPT-170)
Information: Changed wire load model for '*ADD_TC_OP_15_8_15' from '(none)' to 'ZeroWireload'. (OPT-170)
Information: Changed wire load model for 'DW01_add_width15' from '(none)' to 'ZeroWireload'. (OPT-170)
Information: Changed wire load model for '*ADD_TC_OP_15_8_15' from '(none)' to 'ZeroWireload'. (OPT-170)
Information: Changed wire load model for 'DW01_add_width15' from '(none)' to 'ZeroWireload'. (OPT-170)
Information: Changed wire load model for '*ADD_TC_OP_15_8_15' from '(none)' to 'ZeroWireload'. (OPT-170)
Information: Changed wire load model for 'DW01_add_width15' from '(none)' to 'ZeroWireload'. (OPT-170)
Information: Changed wire load model for '*ADD_TC_OP_15_8_15' from '(none)' to 'ZeroWireload'. (OPT-170)
Information: Changed wire load model for 'DW01_add_width15' from '(none)' to 'ZeroWireload'. (OPT-170)
Information: Changed wire load model for '*ADD_TC_OP_15_8_15' from '(none)' to 'ZeroWireload'. (OPT-170)
Information: Changed wire load model for 'DW01_add_width15' from '(none)' to 'ZeroWireload'. (OPT-170)
Information: Changed wire load model for '*ADD_TC_OP_15_8_15' from '(none)' to 'ZeroWireload'. (OPT-170)
Information: Changed wire load model for 'DW01_add_width15' from '(none)' to 'ZeroWireload'. (OPT-170)
Information: Changed wire load model for '*ADD_TC_OP_15_8_15' from '(none)' to 'ZeroWireload'. (OPT-170)
Information: Changed wire load model for 'DW01_add_width15' from '(none)' to 'ZeroWireload'. (OPT-170)
Information: Changed wire load model for '*ADD_TC_OP_15_8_15' from '(none)' to 'ZeroWireload'. (OPT-170)
Information: Changed wire load model for 'DW01_add_width15' from '(none)' to 'ZeroWireload'. (OPT-170)
Information: Changed wire load model for '*ADD_TC_OP_15_8_15' from '(none)' to 'ZeroWireload'. (OPT-170)
Information: Changed wire load model for 'DW01_add_width22' from '(none)' to 'ZeroWireload'. (OPT-170)
Information: Changed wire load model for '*ADD_TC_OP_22_16_22' from '(none)' to 'ZeroWireload'. (OPT-170)
Information: Changed wire load model for 'DW01_add_width22' from '(none)' to 'ZeroWireload'. (OPT-170)
Information: Changed wire load model for '*ADD_TC_OP_22_16_22' from '(none)' to 'ZeroWireload'. (OPT-170)
Information: Changed wire load model for 'DW01_add_width22' from '(none)' to 'ZeroWireload'. (OPT-170)
Information: Changed wire load model for '*ADD_TC_OP_22_16_22' from '(none)' to 'ZeroWireload'. (OPT-170)
Information: Changed wire load model for 'DW01_add_width22' from '(none)' to 'ZeroWireload'. (OPT-170)
Information: Changed wire load model for '*ADD_TC_OP_22_16_22' from '(none)' to 'ZeroWireload'. (OPT-170)
Information: Changed wire load model for 'DW01_add_width22' from '(none)' to 'ZeroWireload'. (OPT-170)
Information: Changed wire load model for '*ADD_TC_OP_22_16_22' from '(none)' to 'ZeroWireload'. (OPT-170)
Information: Changed wire load model for 'DW01_add_width22' from '(none)' to 'ZeroWireload'. (OPT-170)
Information: Changed wire load model for '*ADD_TC_OP_22_16_22' from '(none)' to 'ZeroWireload'. (OPT-170)
Information: Changed wire load model for 'DW01_add_width22' from '(none)' to 'ZeroWireload'. (OPT-170)
Information: Changed wire load model for '*ADD_TC_OP_22_16_22' from '(none)' to 'ZeroWireload'. (OPT-170)
Information: Changed wire load model for 'DW01_add_width22' from '(none)' to 'ZeroWireload'. (OPT-170)
Information: Changed wire load model for '*ADD_TC_OP_22_16_22' from '(none)' to 'ZeroWireload'. (OPT-170)
Information: Changed wire load model for 'DW01_add_width22' from '(none)' to 'ZeroWireload'. (OPT-170)
Information: Changed wire load model for '*ADD_TC_OP_22_16_22' from '(none)' to 'ZeroWireload'. (OPT-170)
Information: Changed wire load model for 'DW01_add_width22' from '(none)' to 'ZeroWireload'. (OPT-170)
Information: Changed wire load model for '*ADD_TC_OP_22_16_22' from '(none)' to 'ZeroWireload'. (OPT-170)
Information: Changed wire load model for 'DW01_add_width22' from '(none)' to 'ZeroWireload'. (OPT-170)
Information: Changed wire load model for '*ADD_TC_OP_22_16_22' from '(none)' to 'ZeroWireload'. (OPT-170)
Information: Changed wire load model for 'DW01_add_width22' from '(none)' to 'ZeroWireload'. (OPT-170)
Information: Changed wire load model for '*ADD_TC_OP_22_16_22' from '(none)' to 'ZeroWireload'. (OPT-170)
Information: Changed wire load model for 'DW01_add_width22' from '(none)' to 'ZeroWireload'. (OPT-170)
Information: Changed wire load model for '*ADD_TC_OP_22_16_22' from '(none)' to 'ZeroWireload'. (OPT-170)
Information: Changed wire load model for 'DW01_add_width22' from '(none)' to 'ZeroWireload'. (OPT-170)
Information: Changed wire load model for '*ADD_TC_OP_22_16_22' from '(none)' to 'ZeroWireload'. (OPT-170)
Information: Changed wire load model for 'DW01_add_width22' from '(none)' to 'ZeroWireload'. (OPT-170)
Information: Changed wire load model for '*ADD_TC_OP_22_16_22' from '(none)' to 'ZeroWireload'. (OPT-170)
Information: Changed wire load model for 'DW01_add_width22' from '(none)' to 'ZeroWireload'. (OPT-170)
Information: Changed wire load model for '*ADD_TC_OP_22_16_22' from '(none)' to 'ZeroWireload'. (OPT-170)
Information: Changed wire load model for 'DW01_add_width22' from '(none)' to 'ZeroWireload'. (OPT-170)
Information: Changed wire load model for '*ADD_TC_OP_22_16_22' from '(none)' to 'ZeroWireload'. (OPT-170)
Information: Changed wire load model for 'DW01_add_width22' from '(none)' to 'ZeroWireload'. (OPT-170)
Information: Changed wire load model for '*ADD_TC_OP_22_16_22' from '(none)' to 'ZeroWireload'. (OPT-170)
Information: Changed wire load model for 'DW01_add_width22' from '(none)' to 'ZeroWireload'. (OPT-170)
Information: Changed wire load model for '*ADD_TC_OP_22_16_22' from '(none)' to 'ZeroWireload'. (OPT-170)
Information: Changed wire load model for 'DW01_add_width22' from '(none)' to 'ZeroWireload'. (OPT-170)
Information: Changed wire load model for '*ADD_TC_OP_22_16_22' from '(none)' to 'ZeroWireload'. (OPT-170)
Information: Changed wire load model for 'DW01_add_width22' from '(none)' to 'ZeroWireload'. (OPT-170)
Information: Changed wire load model for '*ADD_TC_OP_22_16_22' from '(none)' to 'ZeroWireload'. (OPT-170)
Information: Changed wire load model for 'DW01_add_width22' from '(none)' to 'ZeroWireload'. (OPT-170)
Information: Changed wire load model for '*ADD_TC_OP_22_16_22' from '(none)' to 'ZeroWireload'. (OPT-170)
Information: Changed wire load model for 'DW01_add_width22' from '(none)' to 'ZeroWireload'. (OPT-170)
Information: Changed wire load model for '*ADD_TC_OP_22_16_22' from '(none)' to 'ZeroWireload'. (OPT-170)
Information: Changed wire load model for 'DW01_add_width22' from '(none)' to 'ZeroWireload'. (OPT-170)
Information: Changed wire load model for '*ADD_TC_OP_22_16_22' from '(none)' to 'ZeroWireload'. (OPT-170)
Information: Changed wire load model for 'DW01_add_width22' from '(none)' to 'ZeroWireload'. (OPT-170)
Information: Changed wire load model for '*ADD_TC_OP_22_16_22' from '(none)' to 'ZeroWireload'. (OPT-170)
Information: Changed wire load model for 'DW01_add_width22' from '(none)' to 'ZeroWireload'. (OPT-170)
Information: Changed wire load model for '*ADD_TC_OP_22_16_22' from '(none)' to 'ZeroWireload'. (OPT-170)
Information: Changed wire load model for 'DW01_add_width22' from '(none)' to 'ZeroWireload'. (OPT-170)
Information: Changed wire load model for '*ADD_TC_OP_22_16_22' from '(none)' to 'ZeroWireload'. (OPT-170)
Information: Changed wire load model for 'DW01_add_width22' from '(none)' to 'ZeroWireload'. (OPT-170)
Information: Changed wire load model for '*ADD_TC_OP_22_16_22' from '(none)' to 'ZeroWireload'. (OPT-170)
Information: Changed wire load model for 'DW01_add_width22' from '(none)' to 'ZeroWireload'. (OPT-170)
Information: Changed wire load model for '*ADD_TC_OP_22_16_22' from '(none)' to 'ZeroWireload'. (OPT-170)
Information: Changed wire load model for 'DW01_add_width22' from '(none)' to 'ZeroWireload'. (OPT-170)
Information: Changed wire load model for '*ADD_TC_OP_22_16_22' from '(none)' to 'ZeroWireload'. (OPT-170)
Information: Changed wire load model for 'DW01_add_width22' from '(none)' to 'ZeroWireload'. (OPT-170)
Information: Changed wire load model for '*ADD_TC_OP_22_16_22' from '(none)' to 'ZeroWireload'. (OPT-170)
Information: Changed wire load model for 'DW01_add_width22' from '(none)' to 'ZeroWireload'. (OPT-170)
Information: Changed wire load model for '*ADD_TC_OP_22_16_22' from '(none)' to 'ZeroWireload'. (OPT-170)
Information: Changed wire load model for 'DW01_add_width22' from '(none)' to 'ZeroWireload'. (OPT-170)
Information: Changed wire load model for '*ADD_TC_OP_22_16_22' from '(none)' to 'ZeroWireload'. (OPT-170)
Information: Changed wire load model for 'DW01_add_width22' from '(none)' to 'ZeroWireload'. (OPT-170)
Information: Changed wire load model for '*ADD_TC_OP_22_16_22' from '(none)' to 'ZeroWireload'. (OPT-170)
Information: Changed wire load model for 'DW01_add_width15' from '(none)' to 'ZeroWireload'. (OPT-170)
Information: Changed wire load model for '*ADD_TC_OP_15_8_15' from '(none)' to 'ZeroWireload'. (OPT-170)
Information: Changed wire load model for 'DW01_add_width15' from '(none)' to 'ZeroWireload'. (OPT-170)
Information: Changed wire load model for '*ADD_TC_OP_15_8_15' from '(none)' to 'ZeroWireload'. (OPT-170)
Information: Changed wire load model for 'DW01_add_width15' from '(none)' to 'ZeroWireload'. (OPT-170)
Information: Changed wire load model for '*ADD_TC_OP_15_8_15' from '(none)' to 'ZeroWireload'. (OPT-170)
Information: Changed wire load model for 'DW01_add_width15' from '(none)' to 'ZeroWireload'. (OPT-170)
Information: Changed wire load model for '*ADD_TC_OP_15_8_15' from '(none)' to 'ZeroWireload'. (OPT-170)
Information: Changed wire load model for 'DW01_add_width15' from '(none)' to 'ZeroWireload'. (OPT-170)
Information: Changed wire load model for '*ADD_TC_OP_15_8_15' from '(none)' to 'ZeroWireload'. (OPT-170)
Information: Changed wire load model for 'DW01_add_width15' from '(none)' to 'ZeroWireload'. (OPT-170)
Information: Changed wire load model for '*ADD_TC_OP_15_8_15' from '(none)' to 'ZeroWireload'. (OPT-170)
Information: Changed wire load model for 'DW01_add_width15' from '(none)' to 'ZeroWireload'. (OPT-170)
Information: Changed wire load model for '*ADD_TC_OP_15_8_15' from '(none)' to 'ZeroWireload'. (OPT-170)
Information: Changed wire load model for 'DW01_add_width15' from '(none)' to 'ZeroWireload'. (OPT-170)
Information: Changed wire load model for '*ADD_TC_OP_15_8_15' from '(none)' to 'ZeroWireload'. (OPT-170)
Information: Changed wire load model for 'DW01_add_width15' from '(none)' to 'ZeroWireload'. (OPT-170)
Information: Changed wire load model for '*ADD_TC_OP_15_8_15' from '(none)' to 'ZeroWireload'. (OPT-170)
Information: Changed wire load model for 'DW01_add_width15' from '(none)' to 'ZeroWireload'. (OPT-170)
Information: Changed wire load model for '*ADD_TC_OP_15_8_15' from '(none)' to 'ZeroWireload'. (OPT-170)
Information: Changed wire load model for 'DW01_add_width15' from '(none)' to 'ZeroWireload'. (OPT-170)
Information: Changed wire load model for '*ADD_TC_OP_15_8_15' from '(none)' to 'ZeroWireload'. (OPT-170)
Information: Changed wire load model for 'DW01_add_width15' from '(none)' to 'ZeroWireload'. (OPT-170)
Information: Changed wire load model for '*ADD_TC_OP_15_8_15' from '(none)' to 'ZeroWireload'. (OPT-170)
Information: Changed wire load model for 'DW01_add_width15' from '(none)' to 'ZeroWireload'. (OPT-170)
Information: Changed wire load model for '*ADD_TC_OP_15_8_15' from '(none)' to 'ZeroWireload'. (OPT-170)
Information: Changed wire load model for 'DW01_add_width15' from '(none)' to 'ZeroWireload'. (OPT-170)
Information: Changed wire load model for '*ADD_TC_OP_15_8_15' from '(none)' to 'ZeroWireload'. (OPT-170)
Information: Changed wire load model for 'DW01_add_width15' from '(none)' to 'ZeroWireload'. (OPT-170)
Information: Changed wire load model for '*ADD_TC_OP_15_8_15' from '(none)' to 'ZeroWireload'. (OPT-170)
Information: Changed wire load model for 'DW01_add_width15' from '(none)' to 'ZeroWireload'. (OPT-170)
Information: Changed wire load model for '*ADD_TC_OP_15_8_15' from '(none)' to 'ZeroWireload'. (OPT-170)
Information: Changed wire load model for 'DW01_add_width22' from '(none)' to 'ZeroWireload'. (OPT-170)
Information: Changed wire load model for '*ADD_TC_OP_22_16_22' from '(none)' to 'ZeroWireload'. (OPT-170)
Information: Changed wire load model for 'DW01_add_width22' from '(none)' to 'ZeroWireload'. (OPT-170)
Information: Changed wire load model for '*ADD_TC_OP_22_16_22' from '(none)' to 'ZeroWireload'. (OPT-170)
Information: Changed wire load model for 'DW01_add_width22' from '(none)' to 'ZeroWireload'. (OPT-170)
Information: Changed wire load model for '*ADD_TC_OP_22_16_22' from '(none)' to 'ZeroWireload'. (OPT-170)
Information: Changed wire load model for 'DW01_add_width22' from '(none)' to 'ZeroWireload'. (OPT-170)
Information: Changed wire load model for '*ADD_TC_OP_22_16_22' from '(none)' to 'ZeroWireload'. (OPT-170)
Information: Changed wire load model for 'DW01_add_width22' from '(none)' to 'ZeroWireload'. (OPT-170)
Information: Changed wire load model for '*ADD_TC_OP_22_16_22' from '(none)' to 'ZeroWireload'. (OPT-170)
Information: Changed wire load model for 'DW01_add_width22' from '(none)' to 'ZeroWireload'. (OPT-170)
Information: Changed wire load model for '*ADD_TC_OP_22_16_22' from '(none)' to 'ZeroWireload'. (OPT-170)
Information: Changed wire load model for 'DW01_add_width22' from '(none)' to 'ZeroWireload'. (OPT-170)
Information: Changed wire load model for '*ADD_TC_OP_22_16_22' from '(none)' to 'ZeroWireload'. (OPT-170)
Information: Changed wire load model for 'DW01_add_width22' from '(none)' to 'ZeroWireload'. (OPT-170)
Information: Changed wire load model for '*ADD_TC_OP_22_16_22' from '(none)' to 'ZeroWireload'. (OPT-170)
Information: Changed wire load model for 'DW01_add_width22' from '(none)' to 'ZeroWireload'. (OPT-170)
Information: Changed wire load model for '*ADD_TC_OP_22_16_22' from '(none)' to 'ZeroWireload'. (OPT-170)
Information: Changed wire load model for 'DW01_add_width22' from '(none)' to 'ZeroWireload'. (OPT-170)
Information: Changed wire load model for '*ADD_TC_OP_22_16_22' from '(none)' to 'ZeroWireload'. (OPT-170)
Information: Changed wire load model for 'DW01_add_width22' from '(none)' to 'ZeroWireload'. (OPT-170)
Information: Changed wire load model for '*ADD_TC_OP_22_16_22' from '(none)' to 'ZeroWireload'. (OPT-170)
Information: Changed wire load model for 'DW01_add_width22' from '(none)' to 'ZeroWireload'. (OPT-170)
Information: Changed wire load model for '*ADD_TC_OP_22_16_22' from '(none)' to 'ZeroWireload'. (OPT-170)
Information: Changed wire load model for 'DW01_add_width22' from '(none)' to 'ZeroWireload'. (OPT-170)
Information: Changed wire load model for '*ADD_TC_OP_22_16_22' from '(none)' to 'ZeroWireload'. (OPT-170)
Information: Changed wire load model for 'DW01_add_width22' from '(none)' to 'ZeroWireload'. (OPT-170)
Information: Changed wire load model for '*ADD_TC_OP_22_16_22' from '(none)' to 'ZeroWireload'. (OPT-170)
Information: Changed wire load model for 'DW01_add_width22' from '(none)' to 'ZeroWireload'. (OPT-170)
Information: Changed wire load model for '*ADD_TC_OP_22_16_22' from '(none)' to 'ZeroWireload'. (OPT-170)
Information: Changed wire load model for 'DW01_add_width22' from '(none)' to 'ZeroWireload'. (OPT-170)
Information: Changed wire load model for '*ADD_TC_OP_22_16_22' from '(none)' to 'ZeroWireload'. (OPT-170)
Information: Changed wire load model for 'DW01_add_width22' from '(none)' to 'ZeroWireload'. (OPT-170)
Information: Changed wire load model for '*ADD_TC_OP_22_16_22' from '(none)' to 'ZeroWireload'. (OPT-170)
Information: Changed wire load model for 'DW01_add_width22' from '(none)' to 'ZeroWireload'. (OPT-170)
Information: Changed wire load model for '*ADD_TC_OP_22_16_22' from '(none)' to 'ZeroWireload'. (OPT-170)
Information: Changed wire load model for 'DW01_add_width22' from '(none)' to 'ZeroWireload'. (OPT-170)
Information: Changed wire load model for '*ADD_TC_OP_22_16_22' from '(none)' to 'ZeroWireload'. (OPT-170)
Information: Changed wire load model for 'DW01_add_width22' from '(none)' to 'ZeroWireload'. (OPT-170)
Information: Changed wire load model for '*ADD_TC_OP_22_16_22' from '(none)' to 'ZeroWireload'. (OPT-170)
Information: Changed wire load model for 'DW01_add_width22' from '(none)' to 'ZeroWireload'. (OPT-170)
Information: Changed wire load model for '*ADD_TC_OP_22_16_22' from '(none)' to 'ZeroWireload'. (OPT-170)
Information: Changed wire load model for 'DW01_add_width22' from '(none)' to 'ZeroWireload'. (OPT-170)
Information: Changed wire load model for '*ADD_TC_OP_22_16_22' from '(none)' to 'ZeroWireload'. (OPT-170)
Information: Changed wire load model for 'DW01_add_width22' from '(none)' to 'ZeroWireload'. (OPT-170)
Information: Changed wire load model for '*ADD_TC_OP_22_16_22' from '(none)' to 'ZeroWireload'. (OPT-170)
Information: Changed wire load model for 'DW01_add_width22' from '(none)' to 'ZeroWireload'. (OPT-170)
Information: Changed wire load model for '*ADD_TC_OP_22_16_22' from '(none)' to 'ZeroWireload'. (OPT-170)
Information: Changed wire load model for 'DW01_add_width22' from '(none)' to 'ZeroWireload'. (OPT-170)
Information: Changed wire load model for '*ADD_TC_OP_22_16_22' from '(none)' to 'ZeroWireload'. (OPT-170)
Information: Changed wire load model for 'DW01_add_width22' from '(none)' to 'ZeroWireload'. (OPT-170)
Information: Changed wire load model for '*ADD_TC_OP_22_16_22' from '(none)' to 'ZeroWireload'. (OPT-170)
Information: Changed wire load model for 'DW01_add_width22' from '(none)' to 'ZeroWireload'. (OPT-170)
Information: Changed wire load model for '*ADD_TC_OP_22_16_22' from '(none)' to 'ZeroWireload'. (OPT-170)
Information: Changed wire load model for 'DW01_add_width22' from '(none)' to 'ZeroWireload'. (OPT-170)
Information: Changed wire load model for '*ADD_TC_OP_22_16_22' from '(none)' to 'ZeroWireload'. (OPT-170)
Information: Changed wire load model for 'DW01_add_width22' from '(none)' to 'ZeroWireload'. (OPT-170)
Information: Changed wire load model for '*ADD_TC_OP_22_16_22' from '(none)' to 'ZeroWireload'. (OPT-170)
Information: Changed wire load model for 'DW01_add_width22' from '(none)' to 'ZeroWireload'. (OPT-170)
Information: Changed wire load model for '*ADD_TC_OP_22_16_22' from '(none)' to 'ZeroWireload'. (OPT-170)
Information: Changed wire load model for 'DW01_add_width22' from '(none)' to 'ZeroWireload'. (OPT-170)
Information: Changed wire load model for '*ADD_TC_OP_22_16_22' from '(none)' to 'ZeroWireload'. (OPT-170)
Information: Changed wire load model for 'DW01_add_width22' from '(none)' to 'ZeroWireload'. (OPT-170)
Information: Changed wire load model for '*ADD_TC_OP_22_16_22' from '(none)' to 'ZeroWireload'. (OPT-170)
Information: Changed wire load model for 'DW01_add_width22' from '(none)' to 'ZeroWireload'. (OPT-170)
Information: Changed wire load model for '*ADD_TC_OP_22_16_22' from '(none)' to 'ZeroWireload'. (OPT-170)
Information: Changed wire load model for 'DW01_add_width22' from '(none)' to 'ZeroWireload'. (OPT-170)
Information: Changed wire load model for '*ADD_TC_OP_22_16_22' from '(none)' to 'ZeroWireload'. (OPT-170)
Information: Changed wire load model for 'DW01_add_width15' from '(none)' to 'ZeroWireload'. (OPT-170)
Information: Changed wire load model for '*ADD_TC_OP_15_8_15' from '(none)' to 'ZeroWireload'. (OPT-170)
Information: Changed wire load model for 'DW01_add_width15' from '(none)' to 'ZeroWireload'. (OPT-170)
Information: Changed wire load model for '*ADD_TC_OP_15_8_15' from '(none)' to 'ZeroWireload'. (OPT-170)
Information: Changed wire load model for 'DW01_add_width15' from '(none)' to 'ZeroWireload'. (OPT-170)
Information: Changed wire load model for '*ADD_TC_OP_15_8_15' from '(none)' to 'ZeroWireload'. (OPT-170)
Information: Changed wire load model for 'DW01_add_width15' from '(none)' to 'ZeroWireload'. (OPT-170)
Information: Changed wire load model for '*ADD_TC_OP_15_8_15' from '(none)' to 'ZeroWireload'. (OPT-170)
Information: Changed wire load model for 'DW01_add_width15' from '(none)' to 'ZeroWireload'. (OPT-170)
Information: Changed wire load model for '*ADD_TC_OP_15_8_15' from '(none)' to 'ZeroWireload'. (OPT-170)
Information: Changed wire load model for 'DW01_add_width15' from '(none)' to 'ZeroWireload'. (OPT-170)
Information: Changed wire load model for '*ADD_TC_OP_15_8_15' from '(none)' to 'ZeroWireload'. (OPT-170)
Information: Changed wire load model for 'DW01_add_width15' from '(none)' to 'ZeroWireload'. (OPT-170)
Information: Changed wire load model for '*ADD_TC_OP_15_8_15' from '(none)' to 'ZeroWireload'. (OPT-170)
Information: Changed wire load model for 'DW01_add_width15' from '(none)' to 'ZeroWireload'. (OPT-170)
Information: Changed wire load model for '*ADD_TC_OP_15_8_15' from '(none)' to 'ZeroWireload'. (OPT-170)
Information: Changed wire load model for 'DW01_add_width15' from '(none)' to 'ZeroWireload'. (OPT-170)
Information: Changed wire load model for '*ADD_TC_OP_15_8_15' from '(none)' to 'ZeroWireload'. (OPT-170)
Information: Changed wire load model for 'DW01_add_width15' from '(none)' to 'ZeroWireload'. (OPT-170)
Information: Changed wire load model for '*ADD_TC_OP_15_8_15' from '(none)' to 'ZeroWireload'. (OPT-170)
Information: Changed wire load model for 'DW01_add_width15' from '(none)' to 'ZeroWireload'. (OPT-170)
Information: Changed wire load model for '*ADD_TC_OP_15_8_15' from '(none)' to 'ZeroWireload'. (OPT-170)
Information: Changed wire load model for 'DW01_add_width15' from '(none)' to 'ZeroWireload'. (OPT-170)
Information: Changed wire load model for '*ADD_TC_OP_15_8_15' from '(none)' to 'ZeroWireload'. (OPT-170)
Information: Changed wire load model for 'DW01_add_width15' from '(none)' to 'ZeroWireload'. (OPT-170)
Information: Changed wire load model for '*ADD_TC_OP_15_8_15' from '(none)' to 'ZeroWireload'. (OPT-170)
Information: Changed wire load model for 'DW01_add_width15' from '(none)' to 'ZeroWireload'. (OPT-170)
Information: Changed wire load model for '*ADD_TC_OP_15_8_15' from '(none)' to 'ZeroWireload'. (OPT-170)
Information: Changed wire load model for 'DW01_add_width15' from '(none)' to 'ZeroWireload'. (OPT-170)
Information: Changed wire load model for '*ADD_TC_OP_15_8_15' from '(none)' to 'ZeroWireload'. (OPT-170)
Information: Changed wire load model for 'DW01_add_width15' from '(none)' to 'ZeroWireload'. (OPT-170)
Information: Changed wire load model for '*ADD_TC_OP_15_8_15' from '(none)' to 'ZeroWireload'. (OPT-170)
Information: Changed wire load model for 'DW01_add_width22' from '(none)' to 'ZeroWireload'. (OPT-170)
Information: Changed wire load model for '*ADD_TC_OP_22_16_22' from '(none)' to 'ZeroWireload'. (OPT-170)
Information: Changed wire load model for 'DW01_add_width22' from '(none)' to 'ZeroWireload'. (OPT-170)
Information: Changed wire load model for '*ADD_TC_OP_22_16_22' from '(none)' to 'ZeroWireload'. (OPT-170)
Information: Changed wire load model for 'DW01_add_width22' from '(none)' to 'ZeroWireload'. (OPT-170)
Information: Changed wire load model for '*ADD_TC_OP_22_16_22' from '(none)' to 'ZeroWireload'. (OPT-170)
Information: Changed wire load model for 'DW01_add_width22' from '(none)' to 'ZeroWireload'. (OPT-170)
Information: Changed wire load model for '*ADD_TC_OP_22_16_22' from '(none)' to 'ZeroWireload'. (OPT-170)
Information: Changed wire load model for 'DW01_add_width22' from '(none)' to 'ZeroWireload'. (OPT-170)
Information: Changed wire load model for '*ADD_TC_OP_22_16_22' from '(none)' to 'ZeroWireload'. (OPT-170)
Information: Changed wire load model for 'DW01_add_width22' from '(none)' to 'ZeroWireload'. (OPT-170)
Information: Changed wire load model for '*ADD_TC_OP_22_16_22' from '(none)' to 'ZeroWireload'. (OPT-170)
Information: Changed wire load model for 'DW01_add_width22' from '(none)' to 'ZeroWireload'. (OPT-170)
Information: Changed wire load model for '*ADD_TC_OP_22_16_22' from '(none)' to 'ZeroWireload'. (OPT-170)
Information: Changed wire load model for 'DW01_add_width22' from '(none)' to 'ZeroWireload'. (OPT-170)
Information: Changed wire load model for '*ADD_TC_OP_22_16_22' from '(none)' to 'ZeroWireload'. (OPT-170)
Information: Changed wire load model for 'DW01_add_width22' from '(none)' to 'ZeroWireload'. (OPT-170)
Information: Changed wire load model for '*ADD_TC_OP_22_16_22' from '(none)' to 'ZeroWireload'. (OPT-170)
Information: Changed wire load model for 'DW01_add_width22' from '(none)' to 'ZeroWireload'. (OPT-170)
Information: Changed wire load model for '*ADD_TC_OP_22_16_22' from '(none)' to 'ZeroWireload'. (OPT-170)
Information: Changed wire load model for 'DW01_add_width22' from '(none)' to 'ZeroWireload'. (OPT-170)
Information: Changed wire load model for '*ADD_TC_OP_22_16_22' from '(none)' to 'ZeroWireload'. (OPT-170)
Information: Changed wire load model for 'DW01_add_width22' from '(none)' to 'ZeroWireload'. (OPT-170)
Information: Changed wire load model for '*ADD_TC_OP_22_16_22' from '(none)' to 'ZeroWireload'. (OPT-170)
Information: Changed wire load model for 'DW01_add_width22' from '(none)' to 'ZeroWireload'. (OPT-170)
Information: Changed wire load model for '*ADD_TC_OP_22_16_22' from '(none)' to 'ZeroWireload'. (OPT-170)
Information: Changed wire load model for 'DW01_add_width22' from '(none)' to 'ZeroWireload'. (OPT-170)
Information: Changed wire load model for '*ADD_TC_OP_22_16_22' from '(none)' to 'ZeroWireload'. (OPT-170)
Information: Changed wire load model for 'DW01_add_width22' from '(none)' to 'ZeroWireload'. (OPT-170)
Information: Changed wire load model for '*ADD_TC_OP_22_16_22' from '(none)' to 'ZeroWireload'. (OPT-170)
Information: Changed wire load model for 'DW01_add_width22' from '(none)' to 'ZeroWireload'. (OPT-170)
Information: Changed wire load model for '*ADD_TC_OP_22_16_22' from '(none)' to 'ZeroWireload'. (OPT-170)
Information: Changed wire load model for 'DW01_add_width22' from '(none)' to 'ZeroWireload'. (OPT-170)
Information: Changed wire load model for '*ADD_TC_OP_22_16_22' from '(none)' to 'ZeroWireload'. (OPT-170)
Information: Changed wire load model for 'DW01_add_width22' from '(none)' to 'ZeroWireload'. (OPT-170)
Information: Changed wire load model for '*ADD_TC_OP_21_16_22' from '(none)' to 'ZeroWireload'. (OPT-170)
Information: Changed wire load model for 'DW01_add_width22' from '(none)' to 'ZeroWireload'. (OPT-170)
Information: Changed wire load model for '*ADD_TC_OP_21_16_22' from '(none)' to 'ZeroWireload'. (OPT-170)
Information: Changed wire load model for 'DW01_add_width22' from '(none)' to 'ZeroWireload'. (OPT-170)
Information: Changed wire load model for '*ADD_TC_OP_21_16_22' from '(none)' to 'ZeroWireload'. (OPT-170)
Information: Changed wire load model for 'DW01_add_width22' from '(none)' to 'ZeroWireload'. (OPT-170)
Information: Changed wire load model for '*ADD_TC_OP_21_16_22' from '(none)' to 'ZeroWireload'. (OPT-170)
Information: Changed wire load model for 'DW01_add_width22' from '(none)' to 'ZeroWireload'. (OPT-170)
Information: Changed wire load model for '*ADD_TC_OP_21_16_22' from '(none)' to 'ZeroWireload'. (OPT-170)
Information: Changed wire load model for 'DW01_add_width22' from '(none)' to 'ZeroWireload'. (OPT-170)
Information: Changed wire load model for '*ADD_TC_OP_21_16_22' from '(none)' to 'ZeroWireload'. (OPT-170)
Information: Changed wire load model for 'DW01_add_width22' from '(none)' to 'ZeroWireload'. (OPT-170)
Information: Changed wire load model for '*ADD_TC_OP_21_16_22' from '(none)' to 'ZeroWireload'. (OPT-170)
Information: Changed wire load model for 'DW01_add_width22' from '(none)' to 'ZeroWireload'. (OPT-170)
Information: Changed wire load model for '*ADD_TC_OP_21_16_22' from '(none)' to 'ZeroWireload'. (OPT-170)
Information: Changed wire load model for 'DW01_add_width22' from '(none)' to 'ZeroWireload'. (OPT-170)
Information: Changed wire load model for '*ADD_TC_OP_21_16_22' from '(none)' to 'ZeroWireload'. (OPT-170)
Information: Changed wire load model for 'DW01_add_width22' from '(none)' to 'ZeroWireload'. (OPT-170)
Information: Changed wire load model for '*ADD_TC_OP_21_16_22' from '(none)' to 'ZeroWireload'. (OPT-170)
Information: Changed wire load model for 'DW01_add_width22' from '(none)' to 'ZeroWireload'. (OPT-170)
Information: Changed wire load model for '*ADD_TC_OP_21_16_22' from '(none)' to 'ZeroWireload'. (OPT-170)
Information: Changed wire load model for 'DW01_add_width22' from '(none)' to 'ZeroWireload'. (OPT-170)
Information: Changed wire load model for '*ADD_TC_OP_21_16_22' from '(none)' to 'ZeroWireload'. (OPT-170)
Information: Changed wire load model for 'DW01_add_width22' from '(none)' to 'ZeroWireload'. (OPT-170)
Information: Changed wire load model for '*ADD_TC_OP_21_16_22' from '(none)' to 'ZeroWireload'. (OPT-170)
Information: Changed wire load model for 'DW01_add_width22' from '(none)' to 'ZeroWireload'. (OPT-170)
Information: Changed wire load model for '*ADD_TC_OP_21_16_22' from '(none)' to 'ZeroWireload'. (OPT-170)
Information: Changed wire load model for 'DW01_add_width22' from '(none)' to 'ZeroWireload'. (OPT-170)
Information: Changed wire load model for '*ADD_TC_OP_21_16_22' from '(none)' to 'ZeroWireload'. (OPT-170)
Information: Changed wire load model for 'DW01_add_width22' from '(none)' to 'ZeroWireload'. (OPT-170)
Information: Changed wire load model for '*ADD_TC_OP_21_16_22' from '(none)' to 'ZeroWireload'. (OPT-170)
Information: Changed wire load model for 'DW01_add_width22' from '(none)' to 'ZeroWireload'. (OPT-170)
Information: Changed wire load model for '*ADD_TC_OP_21_16_22' from '(none)' to 'ZeroWireload'. (OPT-170)
Information: Changed wire load model for 'DW01_add_width15' from '(none)' to 'ZeroWireload'. (OPT-170)
Information: Changed wire load model for '*ADD_TC_OP_15_8_15' from '(none)' to 'ZeroWireload'. (OPT-170)
Information: Changed wire load model for 'DW01_add_width15' from '(none)' to 'ZeroWireload'. (OPT-170)
Information: Changed wire load model for '*ADD_TC_OP_15_8_15' from '(none)' to 'ZeroWireload'. (OPT-170)
Information: Changed wire load model for 'DW01_add_width15' from '(none)' to 'ZeroWireload'. (OPT-170)
Information: Changed wire load model for '*ADD_TC_OP_15_8_15' from '(none)' to 'ZeroWireload'. (OPT-170)
Information: Changed wire load model for 'DW01_add_width15' from '(none)' to 'ZeroWireload'. (OPT-170)
Information: Changed wire load model for '*ADD_TC_OP_15_8_15' from '(none)' to 'ZeroWireload'. (OPT-170)
Information: Changed wire load model for 'DW01_add_width15' from '(none)' to 'ZeroWireload'. (OPT-170)
Information: Changed wire load model for '*ADD_TC_OP_15_8_15' from '(none)' to 'ZeroWireload'. (OPT-170)
Information: Changed wire load model for 'DW01_add_width15' from '(none)' to 'ZeroWireload'. (OPT-170)
Information: Changed wire load model for '*ADD_TC_OP_15_8_15' from '(none)' to 'ZeroWireload'. (OPT-170)
Information: Changed wire load model for 'DW01_add_width15' from '(none)' to 'ZeroWireload'. (OPT-170)
Information: Changed wire load model for '*ADD_TC_OP_15_8_15' from '(none)' to 'ZeroWireload'. (OPT-170)
Information: Changed wire load model for 'DW01_add_width15' from '(none)' to 'ZeroWireload'. (OPT-170)
Information: Changed wire load model for '*ADD_TC_OP_15_8_15' from '(none)' to 'ZeroWireload'. (OPT-170)
Information: Changed wire load model for 'DW01_add_width15' from '(none)' to 'ZeroWireload'. (OPT-170)
Information: Changed wire load model for '*ADD_TC_OP_15_8_15' from '(none)' to 'ZeroWireload'. (OPT-170)
Information: Changed wire load model for 'DW01_add_width15' from '(none)' to 'ZeroWireload'. (OPT-170)
Information: Changed wire load model for '*ADD_TC_OP_15_8_15' from '(none)' to 'ZeroWireload'. (OPT-170)
Information: Changed wire load model for 'DW01_add_width15' from '(none)' to 'ZeroWireload'. (OPT-170)
Information: Changed wire load model for '*ADD_TC_OP_15_8_15' from '(none)' to 'ZeroWireload'. (OPT-170)
Information: Changed wire load model for 'DW01_add_width15' from '(none)' to 'ZeroWireload'. (OPT-170)
Information: Changed wire load model for '*ADD_TC_OP_15_8_15' from '(none)' to 'ZeroWireload'. (OPT-170)
Information: Changed wire load model for 'DW01_add_width15' from '(none)' to 'ZeroWireload'. (OPT-170)
Information: Changed wire load model for '*ADD_TC_OP_15_8_15' from '(none)' to 'ZeroWireload'. (OPT-170)
Information: Changed wire load model for 'DW01_add_width15' from '(none)' to 'ZeroWireload'. (OPT-170)
Information: Changed wire load model for '*ADD_TC_OP_15_8_15' from '(none)' to 'ZeroWireload'. (OPT-170)
Information: Changed wire load model for 'DW01_add_width15' from '(none)' to 'ZeroWireload'. (OPT-170)
Information: Changed wire load model for '*ADD_TC_OP_15_8_15' from '(none)' to 'ZeroWireload'. (OPT-170)
Information: Changed wire load model for 'DW01_add_width15' from '(none)' to 'ZeroWireload'. (OPT-170)
Information: Changed wire load model for '*ADD_TC_OP_15_8_15' from '(none)' to 'ZeroWireload'. (OPT-170)
Information: Changed wire load model for 'DW01_add_width21' from '(none)' to 'ZeroWireload'. (OPT-170)
Information: Changed wire load model for '*ADD_TC_OP_20_16_21' from '(none)' to 'ZeroWireload'. (OPT-170)
Information: Changed wire load model for 'DW01_add_width21' from '(none)' to 'ZeroWireload'. (OPT-170)
Information: Changed wire load model for '*ADD_TC_OP_20_16_21' from '(none)' to 'ZeroWireload'. (OPT-170)
Information: Changed wire load model for 'DW01_add_width21' from '(none)' to 'ZeroWireload'. (OPT-170)
Information: Changed wire load model for '*ADD_TC_OP_20_16_21' from '(none)' to 'ZeroWireload'. (OPT-170)
Information: Changed wire load model for 'DW01_add_width21' from '(none)' to 'ZeroWireload'. (OPT-170)
Information: Changed wire load model for '*ADD_TC_OP_20_16_21' from '(none)' to 'ZeroWireload'. (OPT-170)
Information: Changed wire load model for 'DW01_add_width21' from '(none)' to 'ZeroWireload'. (OPT-170)
Information: Changed wire load model for '*ADD_TC_OP_20_16_21' from '(none)' to 'ZeroWireload'. (OPT-170)
Information: Changed wire load model for 'DW01_add_width21' from '(none)' to 'ZeroWireload'. (OPT-170)
Information: Changed wire load model for '*ADD_TC_OP_20_16_21' from '(none)' to 'ZeroWireload'. (OPT-170)
Information: Changed wire load model for 'DW01_add_width21' from '(none)' to 'ZeroWireload'. (OPT-170)
Information: Changed wire load model for '*ADD_TC_OP_20_16_21' from '(none)' to 'ZeroWireload'. (OPT-170)
Information: Changed wire load model for 'DW01_add_width21' from '(none)' to 'ZeroWireload'. (OPT-170)
Information: Changed wire load model for '*ADD_TC_OP_20_16_21' from '(none)' to 'ZeroWireload'. (OPT-170)
Information: Changed wire load model for 'DW01_add_width21' from '(none)' to 'ZeroWireload'. (OPT-170)
Information: Changed wire load model for '*ADD_TC_OP_20_16_21' from '(none)' to 'ZeroWireload'. (OPT-170)
Information: Changed wire load model for 'DW01_add_width21' from '(none)' to 'ZeroWireload'. (OPT-170)
Information: Changed wire load model for '*ADD_TC_OP_20_16_21' from '(none)' to 'ZeroWireload'. (OPT-170)
Information: Changed wire load model for 'DW01_add_width21' from '(none)' to 'ZeroWireload'. (OPT-170)
Information: Changed wire load model for '*ADD_TC_OP_20_16_21' from '(none)' to 'ZeroWireload'. (OPT-170)
Information: Changed wire load model for 'DW01_add_width21' from '(none)' to 'ZeroWireload'. (OPT-170)
Information: Changed wire load model for '*ADD_TC_OP_20_16_21' from '(none)' to 'ZeroWireload'. (OPT-170)
Information: Changed wire load model for 'DW01_add_width21' from '(none)' to 'ZeroWireload'. (OPT-170)
Information: Changed wire load model for '*ADD_TC_OP_20_16_21' from '(none)' to 'ZeroWireload'. (OPT-170)
Information: Changed wire load model for 'DW01_add_width21' from '(none)' to 'ZeroWireload'. (OPT-170)
Information: Changed wire load model for '*ADD_TC_OP_20_16_21' from '(none)' to 'ZeroWireload'. (OPT-170)
Information: Changed wire load model for 'DW01_add_width21' from '(none)' to 'ZeroWireload'. (OPT-170)
Information: Changed wire load model for '*ADD_TC_OP_20_16_21' from '(none)' to 'ZeroWireload'. (OPT-170)
Information: Changed wire load model for 'DW01_add_width21' from '(none)' to 'ZeroWireload'. (OPT-170)
Information: Changed wire load model for '*ADD_TC_OP_20_16_21' from '(none)' to 'ZeroWireload'. (OPT-170)
Information: Changed wire load model for 'DW01_add_width21' from '(none)' to 'ZeroWireload'. (OPT-170)
Information: Changed wire load model for '*ADD_TC_OP_20_16_21' from '(none)' to 'ZeroWireload'. (OPT-170)
Information: Changed wire load model for 'DW01_add_width20' from '(none)' to 'ZeroWireload'. (OPT-170)
Information: Changed wire load model for '*ADD_TC_OP_19_16_20' from '(none)' to 'ZeroWireload'. (OPT-170)
Information: Changed wire load model for 'DW01_add_width20' from '(none)' to 'ZeroWireload'. (OPT-170)
Information: Changed wire load model for '*ADD_TC_OP_19_16_20' from '(none)' to 'ZeroWireload'. (OPT-170)
Information: Changed wire load model for 'DW01_add_width20' from '(none)' to 'ZeroWireload'. (OPT-170)
Information: Changed wire load model for '*ADD_TC_OP_19_16_20' from '(none)' to 'ZeroWireload'. (OPT-170)
Information: Changed wire load model for 'DW01_add_width20' from '(none)' to 'ZeroWireload'. (OPT-170)
Information: Changed wire load model for '*ADD_TC_OP_19_16_20' from '(none)' to 'ZeroWireload'. (OPT-170)
Information: Changed wire load model for 'DW01_add_width20' from '(none)' to 'ZeroWireload'. (OPT-170)
Information: Changed wire load model for '*ADD_TC_OP_19_16_20' from '(none)' to 'ZeroWireload'. (OPT-170)
Information: Changed wire load model for 'DW01_add_width20' from '(none)' to 'ZeroWireload'. (OPT-170)
Information: Changed wire load model for '*ADD_TC_OP_19_16_20' from '(none)' to 'ZeroWireload'. (OPT-170)
Information: Changed wire load model for 'DW01_add_width20' from '(none)' to 'ZeroWireload'. (OPT-170)
Information: Changed wire load model for '*ADD_TC_OP_19_16_20' from '(none)' to 'ZeroWireload'. (OPT-170)
Information: Changed wire load model for 'DW01_add_width20' from '(none)' to 'ZeroWireload'. (OPT-170)
Information: Changed wire load model for '*ADD_TC_OP_19_16_20' from '(none)' to 'ZeroWireload'. (OPT-170)
Information: Changed wire load model for 'DW01_add_width20' from '(none)' to 'ZeroWireload'. (OPT-170)
Information: Changed wire load model for '*ADD_TC_OP_19_16_20' from '(none)' to 'ZeroWireload'. (OPT-170)
Information: Changed wire load model for 'DW01_add_width20' from '(none)' to 'ZeroWireload'. (OPT-170)
Information: Changed wire load model for '*ADD_TC_OP_19_16_20' from '(none)' to 'ZeroWireload'. (OPT-170)
Information: Changed wire load model for 'DW01_add_width20' from '(none)' to 'ZeroWireload'. (OPT-170)
Information: Changed wire load model for '*ADD_TC_OP_19_16_20' from '(none)' to 'ZeroWireload'. (OPT-170)
Information: Changed wire load model for 'DW01_add_width20' from '(none)' to 'ZeroWireload'. (OPT-170)
Information: Changed wire load model for '*ADD_TC_OP_19_16_20' from '(none)' to 'ZeroWireload'. (OPT-170)
Information: Changed wire load model for 'DW01_add_width20' from '(none)' to 'ZeroWireload'. (OPT-170)
Information: Changed wire load model for '*ADD_TC_OP_19_16_20' from '(none)' to 'ZeroWireload'. (OPT-170)
Information: Changed wire load model for 'DW01_add_width20' from '(none)' to 'ZeroWireload'. (OPT-170)
Information: Changed wire load model for '*ADD_TC_OP_19_16_20' from '(none)' to 'ZeroWireload'. (OPT-170)
Information: Changed wire load model for 'DW01_add_width20' from '(none)' to 'ZeroWireload'. (OPT-170)
Information: Changed wire load model for '*ADD_TC_OP_19_16_20' from '(none)' to 'ZeroWireload'. (OPT-170)
Information: Changed wire load model for 'DW01_add_width20' from '(none)' to 'ZeroWireload'. (OPT-170)
Information: Changed wire load model for '*ADD_TC_OP_19_16_20' from '(none)' to 'ZeroWireload'. (OPT-170)
Information: Changed wire load model for 'DW01_add_width20' from '(none)' to 'ZeroWireload'. (OPT-170)
Information: Changed wire load model for '*ADD_TC_OP_19_16_20' from '(none)' to 'ZeroWireload'. (OPT-170)
Information: Changed wire load model for 'DW01_add_width15' from '(none)' to 'ZeroWireload'. (OPT-170)
Information: Changed wire load model for '*ADD_TC_OP_15_8_15' from '(none)' to 'ZeroWireload'. (OPT-170)
Information: Changed wire load model for 'DW01_add_width15' from '(none)' to 'ZeroWireload'. (OPT-170)
Information: Changed wire load model for '*ADD_TC_OP_15_8_15' from '(none)' to 'ZeroWireload'. (OPT-170)
Information: Changed wire load model for 'DW01_add_width15' from '(none)' to 'ZeroWireload'. (OPT-170)
Information: Changed wire load model for '*ADD_TC_OP_15_8_15' from '(none)' to 'ZeroWireload'. (OPT-170)
Information: Changed wire load model for 'DW01_add_width15' from '(none)' to 'ZeroWireload'. (OPT-170)
Information: Changed wire load model for '*ADD_TC_OP_15_8_15' from '(none)' to 'ZeroWireload'. (OPT-170)
Information: Changed wire load model for 'DW01_add_width15' from '(none)' to 'ZeroWireload'. (OPT-170)
Information: Changed wire load model for '*ADD_TC_OP_15_8_15' from '(none)' to 'ZeroWireload'. (OPT-170)
Information: Changed wire load model for 'DW01_add_width15' from '(none)' to 'ZeroWireload'. (OPT-170)
Information: Changed wire load model for '*ADD_TC_OP_15_8_15' from '(none)' to 'ZeroWireload'. (OPT-170)
Information: Changed wire load model for 'DW01_add_width15' from '(none)' to 'ZeroWireload'. (OPT-170)
Information: Changed wire load model for '*ADD_TC_OP_15_8_15' from '(none)' to 'ZeroWireload'. (OPT-170)
Information: Changed wire load model for 'DW01_add_width15' from '(none)' to 'ZeroWireload'. (OPT-170)
Information: Changed wire load model for '*ADD_TC_OP_15_8_15' from '(none)' to 'ZeroWireload'. (OPT-170)
Information: Changed wire load model for 'DW01_add_width15' from '(none)' to 'ZeroWireload'. (OPT-170)
Information: Changed wire load model for '*ADD_TC_OP_15_8_15' from '(none)' to 'ZeroWireload'. (OPT-170)
Information: Changed wire load model for 'DW01_add_width15' from '(none)' to 'ZeroWireload'. (OPT-170)
Information: Changed wire load model for '*ADD_TC_OP_15_8_15' from '(none)' to 'ZeroWireload'. (OPT-170)
Information: Changed wire load model for 'DW01_add_width15' from '(none)' to 'ZeroWireload'. (OPT-170)
Information: Changed wire load model for '*ADD_TC_OP_15_8_15' from '(none)' to 'ZeroWireload'. (OPT-170)
Information: Changed wire load model for 'DW01_add_width15' from '(none)' to 'ZeroWireload'. (OPT-170)
Information: Changed wire load model for '*ADD_TC_OP_15_8_15' from '(none)' to 'ZeroWireload'. (OPT-170)
Information: Changed wire load model for 'DW01_add_width15' from '(none)' to 'ZeroWireload'. (OPT-170)
Information: Changed wire load model for '*ADD_TC_OP_15_8_15' from '(none)' to 'ZeroWireload'. (OPT-170)
Information: Changed wire load model for 'DW01_add_width15' from '(none)' to 'ZeroWireload'. (OPT-170)
Information: Changed wire load model for '*ADD_TC_OP_15_8_15' from '(none)' to 'ZeroWireload'. (OPT-170)
Information: Changed wire load model for 'DW01_add_width15' from '(none)' to 'ZeroWireload'. (OPT-170)
Information: Changed wire load model for '*ADD_TC_OP_15_8_15' from '(none)' to 'ZeroWireload'. (OPT-170)
Information: Changed wire load model for 'DW01_add_width15' from '(none)' to 'ZeroWireload'. (OPT-170)
Information: Changed wire load model for '*ADD_TC_OP_15_8_15' from '(none)' to 'ZeroWireload'. (OPT-170)
Information: Changed wire load model for 'DW01_add_width19' from '(none)' to 'ZeroWireload'. (OPT-170)
Information: Changed wire load model for '*ADD_TC_OP_18_16_19' from '(none)' to 'ZeroWireload'. (OPT-170)
Information: Changed wire load model for 'DW01_add_width19' from '(none)' to 'ZeroWireload'. (OPT-170)
Information: Changed wire load model for '*ADD_TC_OP_18_16_19' from '(none)' to 'ZeroWireload'. (OPT-170)
Information: Changed wire load model for 'DW01_add_width19' from '(none)' to 'ZeroWireload'. (OPT-170)
Information: Changed wire load model for '*ADD_TC_OP_18_16_19' from '(none)' to 'ZeroWireload'. (OPT-170)
Information: Changed wire load model for 'DW01_add_width19' from '(none)' to 'ZeroWireload'. (OPT-170)
Information: Changed wire load model for '*ADD_TC_OP_18_16_19' from '(none)' to 'ZeroWireload'. (OPT-170)
Information: Changed wire load model for 'DW01_add_width19' from '(none)' to 'ZeroWireload'. (OPT-170)
Information: Changed wire load model for '*ADD_TC_OP_18_16_19' from '(none)' to 'ZeroWireload'. (OPT-170)
Information: Changed wire load model for 'DW01_add_width19' from '(none)' to 'ZeroWireload'. (OPT-170)
Information: Changed wire load model for '*ADD_TC_OP_18_16_19' from '(none)' to 'ZeroWireload'. (OPT-170)
Information: Changed wire load model for 'DW01_add_width19' from '(none)' to 'ZeroWireload'. (OPT-170)
Information: Changed wire load model for '*ADD_TC_OP_18_16_19' from '(none)' to 'ZeroWireload'. (OPT-170)
Information: Changed wire load model for 'DW01_add_width19' from '(none)' to 'ZeroWireload'. (OPT-170)
Information: Changed wire load model for '*ADD_TC_OP_18_16_19' from '(none)' to 'ZeroWireload'. (OPT-170)
Information: Changed wire load model for 'DW01_add_width19' from '(none)' to 'ZeroWireload'. (OPT-170)
Information: Changed wire load model for '*ADD_TC_OP_18_16_19' from '(none)' to 'ZeroWireload'. (OPT-170)
Information: Changed wire load model for 'DW01_add_width19' from '(none)' to 'ZeroWireload'. (OPT-170)
Information: Changed wire load model for '*ADD_TC_OP_18_16_19' from '(none)' to 'ZeroWireload'. (OPT-170)
Information: Changed wire load model for 'DW01_add_width19' from '(none)' to 'ZeroWireload'. (OPT-170)
Information: Changed wire load model for '*ADD_TC_OP_18_16_19' from '(none)' to 'ZeroWireload'. (OPT-170)
Information: Changed wire load model for 'DW01_add_width19' from '(none)' to 'ZeroWireload'. (OPT-170)
Information: Changed wire load model for '*ADD_TC_OP_18_16_19' from '(none)' to 'ZeroWireload'. (OPT-170)
Information: Changed wire load model for 'DW01_add_width19' from '(none)' to 'ZeroWireload'. (OPT-170)
Information: Changed wire load model for '*ADD_TC_OP_18_16_19' from '(none)' to 'ZeroWireload'. (OPT-170)
Information: Changed wire load model for 'DW01_add_width19' from '(none)' to 'ZeroWireload'. (OPT-170)
Information: Changed wire load model for '*ADD_TC_OP_18_16_19' from '(none)' to 'ZeroWireload'. (OPT-170)
Information: Changed wire load model for 'DW01_add_width19' from '(none)' to 'ZeroWireload'. (OPT-170)
Information: Changed wire load model for '*ADD_TC_OP_18_16_19' from '(none)' to 'ZeroWireload'. (OPT-170)
Information: Changed wire load model for 'DW01_add_width19' from '(none)' to 'ZeroWireload'. (OPT-170)
Information: Changed wire load model for '*ADD_TC_OP_18_16_19' from '(none)' to 'ZeroWireload'. (OPT-170)
Information: Changed wire load model for 'DW01_add_width19' from '(none)' to 'ZeroWireload'. (OPT-170)
Information: Changed wire load model for '*ADD_TC_OP_18_16_19' from '(none)' to 'ZeroWireload'. (OPT-170)
Information: Changed wire load model for 'DW01_add_width18' from '(none)' to 'ZeroWireload'. (OPT-170)
Information: Changed wire load model for '*ADD_TC_OP_17_16_18' from '(none)' to 'ZeroWireload'. (OPT-170)
Information: Changed wire load model for 'DW01_add_width18' from '(none)' to 'ZeroWireload'. (OPT-170)
Information: Changed wire load model for '*ADD_TC_OP_17_16_18' from '(none)' to 'ZeroWireload'. (OPT-170)
Information: Changed wire load model for 'DW01_add_width18' from '(none)' to 'ZeroWireload'. (OPT-170)
Information: Changed wire load model for '*ADD_TC_OP_17_16_18' from '(none)' to 'ZeroWireload'. (OPT-170)
Information: Changed wire load model for 'DW01_add_width18' from '(none)' to 'ZeroWireload'. (OPT-170)
Information: Changed wire load model for '*ADD_TC_OP_17_16_18' from '(none)' to 'ZeroWireload'. (OPT-170)
Information: Changed wire load model for 'DW01_add_width18' from '(none)' to 'ZeroWireload'. (OPT-170)
Information: Changed wire load model for '*ADD_TC_OP_17_16_18' from '(none)' to 'ZeroWireload'. (OPT-170)
Information: Changed wire load model for 'DW01_add_width18' from '(none)' to 'ZeroWireload'. (OPT-170)
Information: Changed wire load model for '*ADD_TC_OP_17_16_18' from '(none)' to 'ZeroWireload'. (OPT-170)
Information: Changed wire load model for 'DW01_add_width18' from '(none)' to 'ZeroWireload'. (OPT-170)
Information: Changed wire load model for '*ADD_TC_OP_17_16_18' from '(none)' to 'ZeroWireload'. (OPT-170)
Information: Changed wire load model for 'DW01_add_width18' from '(none)' to 'ZeroWireload'. (OPT-170)
Information: Changed wire load model for '*ADD_TC_OP_17_16_18' from '(none)' to 'ZeroWireload'. (OPT-170)
Information: Changed wire load model for 'DW01_add_width18' from '(none)' to 'ZeroWireload'. (OPT-170)
Information: Changed wire load model for '*ADD_TC_OP_17_16_18' from '(none)' to 'ZeroWireload'. (OPT-170)
Information: Changed wire load model for 'DW01_add_width18' from '(none)' to 'ZeroWireload'. (OPT-170)
Information: Changed wire load model for '*ADD_TC_OP_17_16_18' from '(none)' to 'ZeroWireload'. (OPT-170)
Information: Changed wire load model for 'DW01_add_width18' from '(none)' to 'ZeroWireload'. (OPT-170)
Information: Changed wire load model for '*ADD_TC_OP_17_16_18' from '(none)' to 'ZeroWireload'. (OPT-170)
Information: Changed wire load model for 'DW01_add_width18' from '(none)' to 'ZeroWireload'. (OPT-170)
Information: Changed wire load model for '*ADD_TC_OP_17_16_18' from '(none)' to 'ZeroWireload'. (OPT-170)
Information: Changed wire load model for 'DW01_add_width18' from '(none)' to 'ZeroWireload'. (OPT-170)
Information: Changed wire load model for '*ADD_TC_OP_17_16_18' from '(none)' to 'ZeroWireload'. (OPT-170)
Information: Changed wire load model for 'DW01_add_width18' from '(none)' to 'ZeroWireload'. (OPT-170)
Information: Changed wire load model for '*ADD_TC_OP_17_16_18' from '(none)' to 'ZeroWireload'. (OPT-170)
Information: Changed wire load model for 'DW01_add_width18' from '(none)' to 'ZeroWireload'. (OPT-170)
Information: Changed wire load model for '*ADD_TC_OP_17_16_18' from '(none)' to 'ZeroWireload'. (OPT-170)
Information: Changed wire load model for 'DW01_add_width18' from '(none)' to 'ZeroWireload'. (OPT-170)
Information: Changed wire load model for '*ADD_TC_OP_17_16_18' from '(none)' to 'ZeroWireload'. (OPT-170)
Information: Changed wire load model for 'DW01_add_width18' from '(none)' to 'ZeroWireload'. (OPT-170)
Information: Changed wire load model for '*ADD_TC_OP_17_16_18' from '(none)' to 'ZeroWireload'. (OPT-170)
Information: Changed wire load model for 'DW01_add_width9' from '(none)' to 'ZeroWireload'. (OPT-170)
Information: Changed wire load model for '*ADD_TC_OP_8_8_9' from '(none)' to 'ZeroWireload'. (OPT-170)
Information: Changed wire load model for 'DW01_add_width9' from '(none)' to 'ZeroWireload'. (OPT-170)
Information: Changed wire load model for '*ADD_TC_OP_8_8_9' from '(none)' to 'ZeroWireload'. (OPT-170)
Information: Changed wire load model for 'DW01_add_width9' from '(none)' to 'ZeroWireload'. (OPT-170)
Information: Changed wire load model for '*ADD_TC_OP_8_8_9' from '(none)' to 'ZeroWireload'. (OPT-170)
Information: Changed wire load model for 'DW01_add_width9' from '(none)' to 'ZeroWireload'. (OPT-170)
Information: Changed wire load model for '*ADD_TC_OP_8_8_9' from '(none)' to 'ZeroWireload'. (OPT-170)
Information: Changed wire load model for 'DW01_add_width9' from '(none)' to 'ZeroWireload'. (OPT-170)
Information: Changed wire load model for '*ADD_TC_OP_8_8_9' from '(none)' to 'ZeroWireload'. (OPT-170)
Information: Changed wire load model for 'DW01_add_width9' from '(none)' to 'ZeroWireload'. (OPT-170)
Information: Changed wire load model for '*ADD_TC_OP_8_8_9' from '(none)' to 'ZeroWireload'. (OPT-170)
Information: Changed wire load model for 'DW01_add_width9' from '(none)' to 'ZeroWireload'. (OPT-170)
Information: Changed wire load model for '*ADD_TC_OP_8_8_9' from '(none)' to 'ZeroWireload'. (OPT-170)
Information: Changed wire load model for 'DW01_add_width9' from '(none)' to 'ZeroWireload'. (OPT-170)
Information: Changed wire load model for '*ADD_TC_OP_8_8_9' from '(none)' to 'ZeroWireload'. (OPT-170)
Information: Changed wire load model for 'DW01_add_width9' from '(none)' to 'ZeroWireload'. (OPT-170)
Information: Changed wire load model for '*ADD_TC_OP_8_8_9' from '(none)' to 'ZeroWireload'. (OPT-170)
Information: Changed wire load model for 'DW01_add_width9' from '(none)' to 'ZeroWireload'. (OPT-170)
Information: Changed wire load model for '*ADD_TC_OP_8_8_9' from '(none)' to 'ZeroWireload'. (OPT-170)
Information: Changed wire load model for 'DW01_add_width9' from '(none)' to 'ZeroWireload'. (OPT-170)
Information: Changed wire load model for '*ADD_TC_OP_8_8_9' from '(none)' to 'ZeroWireload'. (OPT-170)
Information: Changed wire load model for 'DW01_add_width9' from '(none)' to 'ZeroWireload'. (OPT-170)
Information: Changed wire load model for '*ADD_TC_OP_8_8_9' from '(none)' to 'ZeroWireload'. (OPT-170)
Information: Changed wire load model for 'DW01_add_width9' from '(none)' to 'ZeroWireload'. (OPT-170)
Information: Changed wire load model for '*ADD_TC_OP_8_8_9' from '(none)' to 'ZeroWireload'. (OPT-170)
Information: Changed wire load model for 'DW01_add_width9' from '(none)' to 'ZeroWireload'. (OPT-170)
Information: Changed wire load model for '*ADD_TC_OP_8_8_9' from '(none)' to 'ZeroWireload'. (OPT-170)
Information: Changed wire load model for 'DW01_add_width9' from '(none)' to 'ZeroWireload'. (OPT-170)
Information: Changed wire load model for '*ADD_TC_OP_8_8_9' from '(none)' to 'ZeroWireload'. (OPT-170)
Information: Changed wire load model for 'DW01_add_width9' from '(none)' to 'ZeroWireload'. (OPT-170)
Information: Changed wire load model for '*ADD_TC_OP_8_8_9' from '(none)' to 'ZeroWireload'. (OPT-170)
Information: Changed wire load model for 'DW01_add_width17' from '(none)' to 'ZeroWireload'. (OPT-170)
Information: Changed wire load model for '*ADD_TC_OP_8_16_17' from '(none)' to 'ZeroWireload'. (OPT-170)
Information: Changed wire load model for 'DW01_add_width17' from '(none)' to 'ZeroWireload'. (OPT-170)
Information: Changed wire load model for '*ADD_TC_OP_8_16_17' from '(none)' to 'ZeroWireload'. (OPT-170)
Information: Changed wire load model for 'DW01_add_width17' from '(none)' to 'ZeroWireload'. (OPT-170)
Information: Changed wire load model for '*ADD_TC_OP_8_16_17' from '(none)' to 'ZeroWireload'. (OPT-170)
Information: Changed wire load model for 'DW01_add_width17' from '(none)' to 'ZeroWireload'. (OPT-170)
Information: Changed wire load model for '*ADD_TC_OP_8_16_17' from '(none)' to 'ZeroWireload'. (OPT-170)
Information: Changed wire load model for 'DW01_add_width17' from '(none)' to 'ZeroWireload'. (OPT-170)
Information: Changed wire load model for '*ADD_TC_OP_8_16_17' from '(none)' to 'ZeroWireload'. (OPT-170)
Information: Changed wire load model for 'DW01_add_width17' from '(none)' to 'ZeroWireload'. (OPT-170)
Information: Changed wire load model for '*ADD_TC_OP_8_16_17' from '(none)' to 'ZeroWireload'. (OPT-170)
Information: Changed wire load model for 'DW01_add_width17' from '(none)' to 'ZeroWireload'. (OPT-170)
Information: Changed wire load model for '*ADD_TC_OP_8_16_17' from '(none)' to 'ZeroWireload'. (OPT-170)
Information: Changed wire load model for 'DW01_add_width17' from '(none)' to 'ZeroWireload'. (OPT-170)
Information: Changed wire load model for '*ADD_TC_OP_8_16_17' from '(none)' to 'ZeroWireload'. (OPT-170)
Information: Changed wire load model for 'DW01_add_width17' from '(none)' to 'ZeroWireload'. (OPT-170)
Information: Changed wire load model for '*ADD_TC_OP_8_16_17' from '(none)' to 'ZeroWireload'. (OPT-170)
Information: Changed wire load model for 'DW01_add_width17' from '(none)' to 'ZeroWireload'. (OPT-170)
Information: Changed wire load model for '*ADD_TC_OP_8_16_17' from '(none)' to 'ZeroWireload'. (OPT-170)
Information: Changed wire load model for 'DW01_add_width17' from '(none)' to 'ZeroWireload'. (OPT-170)
Information: Changed wire load model for '*ADD_TC_OP_8_16_17' from '(none)' to 'ZeroWireload'. (OPT-170)
Information: Changed wire load model for 'DW01_add_width17' from '(none)' to 'ZeroWireload'. (OPT-170)
Information: Changed wire load model for '*ADD_TC_OP_8_16_17' from '(none)' to 'ZeroWireload'. (OPT-170)
Information: Changed wire load model for 'DW01_add_width17' from '(none)' to 'ZeroWireload'. (OPT-170)
Information: Changed wire load model for '*ADD_TC_OP_8_16_17' from '(none)' to 'ZeroWireload'. (OPT-170)
Information: Changed wire load model for 'DW01_add_width17' from '(none)' to 'ZeroWireload'. (OPT-170)
Information: Changed wire load model for '*ADD_TC_OP_8_16_17' from '(none)' to 'ZeroWireload'. (OPT-170)
Information: Changed wire load model for 'DW01_add_width17' from '(none)' to 'ZeroWireload'. (OPT-170)
Information: Changed wire load model for '*ADD_TC_OP_8_16_17' from '(none)' to 'ZeroWireload'. (OPT-170)
Information: Changed wire load model for 'DW01_add_width17' from '(none)' to 'ZeroWireload'. (OPT-170)
Information: Changed wire load model for '*ADD_TC_OP_8_16_17' from '(none)' to 'ZeroWireload'. (OPT-170)
Information: Changed wire load model for 'DW01_add_width17' from '(none)' to 'ZeroWireload'. (OPT-170)
Information: Changed wire load model for '*ADD_TC_OP_8_16_17' from '(none)' to 'ZeroWireload'. (OPT-170)
Information: Changed wire load model for 'DW02_mult_A_width8_B_width8' from '(none)' to 'ZeroWireload'. (OPT-170)
Information: Changed wire load model for '*MULT_TC_OP_8_8_16' from '(none)' to 'ZeroWireload'. (OPT-170)
Information: Changed wire load model for 'DW02_mult_A_width8_B_width8' from '(none)' to 'ZeroWireload'. (OPT-170)
Information: Changed wire load model for '*MULT_TC_OP_8_8_16' from '(none)' to 'ZeroWireload'. (OPT-170)
Information: Changed wire load model for 'DW02_mult_A_width8_B_width8' from '(none)' to 'ZeroWireload'. (OPT-170)
Information: Changed wire load model for '*MULT_TC_OP_8_8_16' from '(none)' to 'ZeroWireload'. (OPT-170)
Information: Changed wire load model for 'DW02_mult_A_width8_B_width8' from '(none)' to 'ZeroWireload'. (OPT-170)
Information: Changed wire load model for '*MULT_TC_OP_8_8_16' from '(none)' to 'ZeroWireload'. (OPT-170)
Information: Changed wire load model for 'DW02_mult_A_width8_B_width8' from '(none)' to 'ZeroWireload'. (OPT-170)
Information: Changed wire load model for '*MULT_TC_OP_8_8_16' from '(none)' to 'ZeroWireload'. (OPT-170)
Information: Changed wire load model for 'DW02_mult_A_width8_B_width8' from '(none)' to 'ZeroWireload'. (OPT-170)
Information: Changed wire load model for '*MULT_TC_OP_8_8_16' from '(none)' to 'ZeroWireload'. (OPT-170)
Information: Changed wire load model for 'DW02_mult_A_width8_B_width8' from '(none)' to 'ZeroWireload'. (OPT-170)
Information: Changed wire load model for '*MULT_TC_OP_8_8_16' from '(none)' to 'ZeroWireload'. (OPT-170)
Information: Changed wire load model for 'DW02_mult_A_width8_B_width8' from '(none)' to 'ZeroWireload'. (OPT-170)
Information: Changed wire load model for '*MULT_TC_OP_8_8_16' from '(none)' to 'ZeroWireload'. (OPT-170)
Information: Changed wire load model for 'DW02_mult_A_width8_B_width8' from '(none)' to 'ZeroWireload'. (OPT-170)
Information: Changed wire load model for '*MULT_TC_OP_8_8_16' from '(none)' to 'ZeroWireload'. (OPT-170)
Information: Changed wire load model for 'DW02_mult_A_width8_B_width8' from '(none)' to 'ZeroWireload'. (OPT-170)
Information: Changed wire load model for '*MULT_TC_OP_8_8_16' from '(none)' to 'ZeroWireload'. (OPT-170)
Information: Changed wire load model for 'DW02_mult_A_width8_B_width8' from '(none)' to 'ZeroWireload'. (OPT-170)
Information: Changed wire load model for '*MULT_TC_OP_8_8_16' from '(none)' to 'ZeroWireload'. (OPT-170)
Information: Changed wire load model for 'DW02_mult_A_width8_B_width8' from '(none)' to 'ZeroWireload'. (OPT-170)
Information: Changed wire load model for '*MULT_TC_OP_8_8_16' from '(none)' to 'ZeroWireload'. (OPT-170)
Information: Changed wire load model for 'DW02_mult_A_width8_B_width8' from '(none)' to 'ZeroWireload'. (OPT-170)
Information: Changed wire load model for '*MULT_TC_OP_8_8_16' from '(none)' to 'ZeroWireload'. (OPT-170)
Information: Changed wire load model for 'DW02_mult_A_width8_B_width8' from '(none)' to 'ZeroWireload'. (OPT-170)
Information: Changed wire load model for '*MULT_TC_OP_8_8_16' from '(none)' to 'ZeroWireload'. (OPT-170)
Information: Changed wire load model for 'DW02_mult_A_width8_B_width8' from '(none)' to 'ZeroWireload'. (OPT-170)
Information: Changed wire load model for '*MULT_TC_OP_8_8_16' from '(none)' to 'ZeroWireload'. (OPT-170)
Information: Changed wire load model for 'DW02_mult_A_width8_B_width8' from '(none)' to 'ZeroWireload'. (OPT-170)
Information: Changed wire load model for '*MULT_TC_OP_8_8_16' from '(none)' to 'ZeroWireload'. (OPT-170)
Information: Changed wire load model for 'DW02_mult_A_width8_B_width8' from '(none)' to 'ZeroWireload'. (OPT-170)
Information: Changed wire load model for '*MULT_TC_OP_8_8_16' from '(none)' to 'ZeroWireload'. (OPT-170)
Information: Changed wire load model for 'DW02_mult_A_width8_B_width8' from '(none)' to 'ZeroWireload'. (OPT-170)
Information: Changed wire load model for '*MULT_TC_OP_8_8_16' from '(none)' to 'ZeroWireload'. (OPT-170)
Information: Changed wire load model for 'DW02_mult_A_width8_B_width8' from '(none)' to 'ZeroWireload'. (OPT-170)
Information: Changed wire load model for '*MULT_TC_OP_8_8_16' from '(none)' to 'ZeroWireload'. (OPT-170)
Information: Changed wire load model for 'DW02_mult_A_width8_B_width8' from '(none)' to 'ZeroWireload'. (OPT-170)
Information: Changed wire load model for '*MULT_TC_OP_8_8_16' from '(none)' to 'ZeroWireload'. (OPT-170)
Information: Changed wire load model for 'DW02_mult_A_width8_B_width8' from '(none)' to 'ZeroWireload'. (OPT-170)
Information: Changed wire load model for '*MULT_TC_OP_8_8_16' from '(none)' to 'ZeroWireload'. (OPT-170)
Information: Changed wire load model for 'DW02_mult_A_width8_B_width8' from '(none)' to 'ZeroWireload'. (OPT-170)
Information: Changed wire load model for '*MULT_TC_OP_8_8_16' from '(none)' to 'ZeroWireload'. (OPT-170)
Information: Changed wire load model for 'DW02_mult_A_width8_B_width8' from '(none)' to 'ZeroWireload'. (OPT-170)
Information: Changed wire load model for '*MULT_TC_OP_8_8_16' from '(none)' to 'ZeroWireload'. (OPT-170)
Information: Changed wire load model for 'DW02_mult_A_width8_B_width8' from '(none)' to 'ZeroWireload'. (OPT-170)
Information: Changed wire load model for '*MULT_TC_OP_8_8_16' from '(none)' to 'ZeroWireload'. (OPT-170)
Information: Changed wire load model for 'DW02_mult_A_width8_B_width8' from '(none)' to 'ZeroWireload'. (OPT-170)
Information: Changed wire load model for '*MULT_TC_OP_8_8_16' from '(none)' to 'ZeroWireload'. (OPT-170)
Information: Changed wire load model for 'DW02_mult_A_width8_B_width8' from '(none)' to 'ZeroWireload'. (OPT-170)
Information: Changed wire load model for '*MULT_TC_OP_8_8_16' from '(none)' to 'ZeroWireload'. (OPT-170)
Information: Changed wire load model for 'DW02_mult_A_width8_B_width8' from '(none)' to 'ZeroWireload'. (OPT-170)
Information: Changed wire load model for '*MULT_TC_OP_8_8_16' from '(none)' to 'ZeroWireload'. (OPT-170)
Information: Changed wire load model for 'DW02_mult_A_width8_B_width8' from '(none)' to 'ZeroWireload'. (OPT-170)
Information: Changed wire load model for '*MULT_TC_OP_8_8_16' from '(none)' to 'ZeroWireload'. (OPT-170)
Information: Changed wire load model for 'DW02_mult_A_width8_B_width8' from '(none)' to 'ZeroWireload'. (OPT-170)
Information: Changed wire load model for '*MULT_TC_OP_8_8_16' from '(none)' to 'ZeroWireload'. (OPT-170)
Information: Changed wire load model for 'DW02_mult_A_width8_B_width8' from '(none)' to 'ZeroWireload'. (OPT-170)
Information: Changed wire load model for '*MULT_TC_OP_8_8_16' from '(none)' to 'ZeroWireload'. (OPT-170)
Information: Changed wire load model for 'DW02_mult_A_width8_B_width8' from '(none)' to 'ZeroWireload'. (OPT-170)
Information: Changed wire load model for '*MULT_TC_OP_8_8_16' from '(none)' to 'ZeroWireload'. (OPT-170)
Information: Changed wire load model for 'DW02_mult_A_width8_B_width8' from '(none)' to 'ZeroWireload'. (OPT-170)
Information: Changed wire load model for '*MULT_TC_OP_8_8_16' from '(none)' to 'ZeroWireload'. (OPT-170)
Information: Changed wire load model for 'DW02_mult_A_width8_B_width8' from '(none)' to 'ZeroWireload'. (OPT-170)
Information: Changed wire load model for '*MULT_TC_OP_8_8_16' from '(none)' to 'ZeroWireload'. (OPT-170)
Information: Changed wire load model for 'DW02_mult_A_width8_B_width8' from '(none)' to 'ZeroWireload'. (OPT-170)
Information: Changed wire load model for '*MULT_TC_OP_8_8_16' from '(none)' to 'ZeroWireload'. (OPT-170)
Information: Changed wire load model for 'DW02_mult_A_width8_B_width8' from '(none)' to 'ZeroWireload'. (OPT-170)
Information: Changed wire load model for '*MULT_TC_OP_8_8_16' from '(none)' to 'ZeroWireload'. (OPT-170)
Information: Changed wire load model for 'DW02_mult_A_width8_B_width8' from '(none)' to 'ZeroWireload'. (OPT-170)
Information: Changed wire load model for '*MULT_TC_OP_8_8_16' from '(none)' to 'ZeroWireload'. (OPT-170)
Information: Changed wire load model for 'DW02_mult_A_width8_B_width8' from '(none)' to 'ZeroWireload'. (OPT-170)
Information: Changed wire load model for '*MULT_TC_OP_8_8_16' from '(none)' to 'ZeroWireload'. (OPT-170)
Information: Changed wire load model for 'DW02_mult_A_width8_B_width8' from '(none)' to 'ZeroWireload'. (OPT-170)
Information: Changed wire load model for '*MULT_TC_OP_8_8_16' from '(none)' to 'ZeroWireload'. (OPT-170)
Information: Changed wire load model for 'DW02_mult_A_width8_B_width8' from '(none)' to 'ZeroWireload'. (OPT-170)
Information: Changed wire load model for '*MULT_TC_OP_8_8_16' from '(none)' to 'ZeroWireload'. (OPT-170)
Information: Changed wire load model for 'DW02_mult_A_width8_B_width8' from '(none)' to 'ZeroWireload'. (OPT-170)
Information: Changed wire load model for '*MULT_TC_OP_8_8_16' from '(none)' to 'ZeroWireload'. (OPT-170)
Information: Changed wire load model for 'DW02_mult_A_width8_B_width8' from '(none)' to 'ZeroWireload'. (OPT-170)
Information: Changed wire load model for '*MULT_TC_OP_8_8_16' from '(none)' to 'ZeroWireload'. (OPT-170)
Information: Changed wire load model for 'DW02_mult_A_width8_B_width8' from '(none)' to 'ZeroWireload'. (OPT-170)
Information: Changed wire load model for '*MULT_TC_OP_8_8_16' from '(none)' to 'ZeroWireload'. (OPT-170)
Information: Changed wire load model for 'DW02_mult_A_width8_B_width8' from '(none)' to 'ZeroWireload'. (OPT-170)
Information: Changed wire load model for '*MULT_TC_OP_8_8_16' from '(none)' to 'ZeroWireload'. (OPT-170)
Information: Changed wire load model for 'DW02_mult_A_width8_B_width8' from '(none)' to 'ZeroWireload'. (OPT-170)
Information: Changed wire load model for '*MULT_TC_OP_8_8_16' from '(none)' to 'ZeroWireload'. (OPT-170)
Information: Changed wire load model for 'DW02_mult_A_width8_B_width8' from '(none)' to 'ZeroWireload'. (OPT-170)
Information: Changed wire load model for '*MULT_TC_OP_8_8_16' from '(none)' to 'ZeroWireload'. (OPT-170)
Information: Changed wire load model for 'DW02_mult_A_width8_B_width8' from '(none)' to 'ZeroWireload'. (OPT-170)
Information: Changed wire load model for '*MULT_TC_OP_8_8_16' from '(none)' to 'ZeroWireload'. (OPT-170)
Information: Changed wire load model for 'DW02_mult_A_width8_B_width8' from '(none)' to 'ZeroWireload'. (OPT-170)
Information: Changed wire load model for '*MULT_TC_OP_8_8_16' from '(none)' to 'ZeroWireload'. (OPT-170)
Information: Changed wire load model for 'DW02_mult_A_width8_B_width8' from '(none)' to 'ZeroWireload'. (OPT-170)
Information: Changed wire load model for '*MULT_TC_OP_8_8_16' from '(none)' to 'ZeroWireload'. (OPT-170)
Information: Changed wire load model for 'DW02_mult_A_width8_B_width8' from '(none)' to 'ZeroWireload'. (OPT-170)
Information: Changed wire load model for '*MULT_TC_OP_8_8_16' from '(none)' to 'ZeroWireload'. (OPT-170)
Information: Changed wire load model for 'DW02_mult_A_width8_B_width8' from '(none)' to 'ZeroWireload'. (OPT-170)
Information: Changed wire load model for '*MULT_TC_OP_8_8_16' from '(none)' to 'ZeroWireload'. (OPT-170)
Information: Changed wire load model for 'DW02_mult_A_width8_B_width8' from '(none)' to 'ZeroWireload'. (OPT-170)
Information: Changed wire load model for '*MULT_TC_OP_8_8_16' from '(none)' to 'ZeroWireload'. (OPT-170)
Information: Changed wire load model for 'DW02_mult_A_width8_B_width8' from '(none)' to 'ZeroWireload'. (OPT-170)
Information: Changed wire load model for '*MULT_TC_OP_8_8_16' from '(none)' to 'ZeroWireload'. (OPT-170)
Information: Changed wire load model for 'DW02_mult_A_width8_B_width8' from '(none)' to 'ZeroWireload'. (OPT-170)
Information: Changed wire load model for '*MULT_TC_OP_8_8_16' from '(none)' to 'ZeroWireload'. (OPT-170)
Information: Changed wire load model for 'DW02_mult_A_width8_B_width8' from '(none)' to 'ZeroWireload'. (OPT-170)
Information: Changed wire load model for '*MULT_TC_OP_8_8_16' from '(none)' to 'ZeroWireload'. (OPT-170)
Information: Changed wire load model for 'DW02_mult_A_width8_B_width8' from '(none)' to 'ZeroWireload'. (OPT-170)
Information: Changed wire load model for '*MULT_TC_OP_8_8_16' from '(none)' to 'ZeroWireload'. (OPT-170)
Information: Changed wire load model for 'DW02_mult_A_width8_B_width8' from '(none)' to 'ZeroWireload'. (OPT-170)
Information: Changed wire load model for '*MULT_TC_OP_8_8_16' from '(none)' to 'ZeroWireload'. (OPT-170)
Information: Changed wire load model for 'DW02_mult_A_width8_B_width8' from '(none)' to 'ZeroWireload'. (OPT-170)
Information: Changed wire load model for '*MULT_TC_OP_8_8_16' from '(none)' to 'ZeroWireload'. (OPT-170)
Information: Changed wire load model for 'DW02_mult_A_width8_B_width8' from '(none)' to 'ZeroWireload'. (OPT-170)
Information: Changed wire load model for '*MULT_TC_OP_8_8_16' from '(none)' to 'ZeroWireload'. (OPT-170)
Information: Changed wire load model for 'DW02_mult_A_width8_B_width8' from '(none)' to 'ZeroWireload'. (OPT-170)
Information: Changed wire load model for '*MULT_TC_OP_8_8_16' from '(none)' to 'ZeroWireload'. (OPT-170)
Information: Changed wire load model for 'DW02_mult_A_width8_B_width8' from '(none)' to 'ZeroWireload'. (OPT-170)
Information: Changed wire load model for '*MULT_TC_OP_8_8_16' from '(none)' to 'ZeroWireload'. (OPT-170)
Information: Changed wire load model for 'DW02_mult_A_width8_B_width8' from '(none)' to 'ZeroWireload'. (OPT-170)
Information: Changed wire load model for '*MULT_TC_OP_8_8_16' from '(none)' to 'ZeroWireload'. (OPT-170)
Information: Changed wire load model for 'DW02_mult_A_width8_B_width8' from '(none)' to 'ZeroWireload'. (OPT-170)
Information: Changed wire load model for '*MULT_TC_OP_8_8_16' from '(none)' to 'ZeroWireload'. (OPT-170)
Information: Changed wire load model for 'DW02_mult_A_width8_B_width8' from '(none)' to 'ZeroWireload'. (OPT-170)
Information: Changed wire load model for '*MULT_TC_OP_8_8_16' from '(none)' to 'ZeroWireload'. (OPT-170)
Information: Changed wire load model for 'DW02_mult_A_width8_B_width8' from '(none)' to 'ZeroWireload'. (OPT-170)
Information: Changed wire load model for '*MULT_TC_OP_8_8_16' from '(none)' to 'ZeroWireload'. (OPT-170)
Information: Changed wire load model for 'DW02_mult_A_width8_B_width8' from '(none)' to 'ZeroWireload'. (OPT-170)
Information: Changed wire load model for '*MULT_TC_OP_8_8_16' from '(none)' to 'ZeroWireload'. (OPT-170)
Information: Changed wire load model for 'DW02_mult_A_width8_B_width8' from '(none)' to 'ZeroWireload'. (OPT-170)
Information: Changed wire load model for '*MULT_TC_OP_8_8_16' from '(none)' to 'ZeroWireload'. (OPT-170)
Information: Changed wire load model for 'DW02_mult_A_width8_B_width8' from '(none)' to 'ZeroWireload'. (OPT-170)
Information: Changed wire load model for '*MULT_TC_OP_8_8_16' from '(none)' to 'ZeroWireload'. (OPT-170)
Information: Changed wire load model for 'DW02_mult_A_width8_B_width8' from '(none)' to 'ZeroWireload'. (OPT-170)
Information: Changed wire load model for '*MULT_TC_OP_8_8_16' from '(none)' to 'ZeroWireload'. (OPT-170)
Information: Changed wire load model for 'DW02_mult_A_width8_B_width8' from '(none)' to 'ZeroWireload'. (OPT-170)
Information: Changed wire load model for '*MULT_TC_OP_8_8_16' from '(none)' to 'ZeroWireload'. (OPT-170)
Information: Changed wire load model for 'DW02_mult_A_width8_B_width8' from '(none)' to 'ZeroWireload'. (OPT-170)
Information: Changed wire load model for '*MULT_TC_OP_8_8_16' from '(none)' to 'ZeroWireload'. (OPT-170)
Information: Changed wire load model for 'DW02_mult_A_width8_B_width8' from '(none)' to 'ZeroWireload'. (OPT-170)
Information: Changed wire load model for '*MULT_TC_OP_8_8_16' from '(none)' to 'ZeroWireload'. (OPT-170)
Information: Changed wire load model for 'DW02_mult_A_width8_B_width8' from '(none)' to 'ZeroWireload'. (OPT-170)
Information: Changed wire load model for '*MULT_TC_OP_8_8_16' from '(none)' to 'ZeroWireload'. (OPT-170)
Information: Changed wire load model for 'DW02_mult_A_width8_B_width8' from '(none)' to 'ZeroWireload'. (OPT-170)
Information: Changed wire load model for '*MULT_TC_OP_8_8_16' from '(none)' to 'ZeroWireload'. (OPT-170)
Information: Changed wire load model for 'DW02_mult_A_width8_B_width8' from '(none)' to 'ZeroWireload'. (OPT-170)
Information: Changed wire load model for '*MULT_TC_OP_8_8_16' from '(none)' to 'ZeroWireload'. (OPT-170)
Information: Changed wire load model for 'DW02_mult_A_width8_B_width8' from '(none)' to 'ZeroWireload'. (OPT-170)
Information: Changed wire load model for '*MULT_TC_OP_8_8_16' from '(none)' to 'ZeroWireload'. (OPT-170)
Information: Changed wire load model for 'DW02_mult_A_width8_B_width8' from '(none)' to 'ZeroWireload'. (OPT-170)
Information: Changed wire load model for '*MULT_TC_OP_8_8_16' from '(none)' to 'ZeroWireload'. (OPT-170)
Information: Changed wire load model for 'DW02_mult_A_width8_B_width8' from '(none)' to 'ZeroWireload'. (OPT-170)
Information: Changed wire load model for '*MULT_TC_OP_8_8_16' from '(none)' to 'ZeroWireload'. (OPT-170)
Information: Changed wire load model for 'DW02_mult_A_width8_B_width8' from '(none)' to 'ZeroWireload'. (OPT-170)
Information: Changed wire load model for '*MULT_TC_OP_8_8_16' from '(none)' to 'ZeroWireload'. (OPT-170)
Information: Changed wire load model for 'DW02_mult_A_width8_B_width8' from '(none)' to 'ZeroWireload'. (OPT-170)
Information: Changed wire load model for '*MULT_TC_OP_8_8_16' from '(none)' to 'ZeroWireload'. (OPT-170)
Information: Changed wire load model for 'DW02_mult_A_width8_B_width8' from '(none)' to 'ZeroWireload'. (OPT-170)
Information: Changed wire load model for '*MULT_TC_OP_8_8_16' from '(none)' to 'ZeroWireload'. (OPT-170)
Information: Changed wire load model for 'DW02_mult_A_width8_B_width8' from '(none)' to 'ZeroWireload'. (OPT-170)
Information: Changed wire load model for '*MULT_TC_OP_8_8_16' from '(none)' to 'ZeroWireload'. (OPT-170)
Information: Changed wire load model for 'DW02_mult_A_width8_B_width8' from '(none)' to 'ZeroWireload'. (OPT-170)
Information: Changed wire load model for '*MULT_TC_OP_8_8_16' from '(none)' to 'ZeroWireload'. (OPT-170)
Information: Changed wire load model for 'DW02_mult_A_width8_B_width8' from '(none)' to 'ZeroWireload'. (OPT-170)
Information: Changed wire load model for '*MULT_TC_OP_8_8_16' from '(none)' to 'ZeroWireload'. (OPT-170)
Information: Changed wire load model for 'DW02_mult_A_width8_B_width8' from '(none)' to 'ZeroWireload'. (OPT-170)
Information: Changed wire load model for '*MULT_TC_OP_8_8_16' from '(none)' to 'ZeroWireload'. (OPT-170)
Information: Changed wire load model for 'DW02_mult_A_width8_B_width8' from '(none)' to 'ZeroWireload'. (OPT-170)
Information: Changed wire load model for '*MULT_TC_OP_8_8_16' from '(none)' to 'ZeroWireload'. (OPT-170)
Information: Changed wire load model for 'DW02_mult_A_width8_B_width8' from '(none)' to 'ZeroWireload'. (OPT-170)
Information: Changed wire load model for '*MULT_TC_OP_8_8_16' from '(none)' to 'ZeroWireload'. (OPT-170)
Information: Changed wire load model for 'DW02_mult_A_width8_B_width8' from '(none)' to 'ZeroWireload'. (OPT-170)
Information: Changed wire load model for '*MULT_TC_OP_8_8_16' from '(none)' to 'ZeroWireload'. (OPT-170)
Information: Changed wire load model for 'DW02_mult_A_width8_B_width8' from '(none)' to 'ZeroWireload'. (OPT-170)
Information: Changed wire load model for '*MULT_TC_OP_8_8_16' from '(none)' to 'ZeroWireload'. (OPT-170)
Information: Changed wire load model for 'DW02_mult_A_width8_B_width8' from '(none)' to 'ZeroWireload'. (OPT-170)
Information: Changed wire load model for '*MULT_TC_OP_8_8_16' from '(none)' to 'ZeroWireload'. (OPT-170)
Information: Changed wire load model for 'DW02_mult_A_width8_B_width8' from '(none)' to 'ZeroWireload'. (OPT-170)
Information: Changed wire load model for '*MULT_TC_OP_8_8_16' from '(none)' to 'ZeroWireload'. (OPT-170)
Information: Changed wire load model for 'DW02_mult_A_width8_B_width8' from '(none)' to 'ZeroWireload'. (OPT-170)
Information: Changed wire load model for '*MULT_TC_OP_8_8_16' from '(none)' to 'ZeroWireload'. (OPT-170)
Information: Changed wire load model for 'DW02_mult_A_width8_B_width8' from '(none)' to 'ZeroWireload'. (OPT-170)
Information: Changed wire load model for '*MULT_TC_OP_8_8_16' from '(none)' to 'ZeroWireload'. (OPT-170)
Information: Changed wire load model for 'DW02_mult_A_width8_B_width8' from '(none)' to 'ZeroWireload'. (OPT-170)
Information: Changed wire load model for '*MULT_TC_OP_8_8_16' from '(none)' to 'ZeroWireload'. (OPT-170)
Information: Changed wire load model for 'DW02_mult_A_width8_B_width8' from '(none)' to 'ZeroWireload'. (OPT-170)
Information: Changed wire load model for '*MULT_TC_OP_8_8_16' from '(none)' to 'ZeroWireload'. (OPT-170)
Information: Changed wire load model for 'DW02_mult_A_width8_B_width8' from '(none)' to 'ZeroWireload'. (OPT-170)
Information: Changed wire load model for '*MULT_TC_OP_8_8_16' from '(none)' to 'ZeroWireload'. (OPT-170)
Information: Changed wire load model for 'DW02_mult_A_width8_B_width8' from '(none)' to 'ZeroWireload'. (OPT-170)
Information: Changed wire load model for '*MULT_TC_OP_8_8_16' from '(none)' to 'ZeroWireload'. (OPT-170)
Information: Changed wire load model for 'DW02_mult_A_width8_B_width8' from '(none)' to 'ZeroWireload'. (OPT-170)
Information: Changed wire load model for '*MULT_TC_OP_8_8_16' from '(none)' to 'ZeroWireload'. (OPT-170)
Information: Changed wire load model for 'DW02_mult_A_width8_B_width8' from '(none)' to 'ZeroWireload'. (OPT-170)
Information: Changed wire load model for '*MULT_TC_OP_8_8_16' from '(none)' to 'ZeroWireload'. (OPT-170)
Information: Changed wire load model for 'DW02_mult_A_width8_B_width8' from '(none)' to 'ZeroWireload'. (OPT-170)
Information: Changed wire load model for '*MULT_TC_OP_8_8_16' from '(none)' to 'ZeroWireload'. (OPT-170)
Information: Changed wire load model for 'DW02_mult_A_width8_B_width8' from '(none)' to 'ZeroWireload'. (OPT-170)
Information: Changed wire load model for '*MULT_TC_OP_8_8_16' from '(none)' to 'ZeroWireload'. (OPT-170)
Information: Changed wire load model for 'DW02_mult_A_width8_B_width8' from '(none)' to 'ZeroWireload'. (OPT-170)
Information: Changed wire load model for '*MULT_TC_OP_8_8_16' from '(none)' to 'ZeroWireload'. (OPT-170)
Information: Changed wire load model for 'DW02_mult_A_width8_B_width8' from '(none)' to 'ZeroWireload'. (OPT-170)
Information: Changed wire load model for '*MULT_TC_OP_8_8_16' from '(none)' to 'ZeroWireload'. (OPT-170)
Information: Changed wire load model for 'DW02_mult_A_width8_B_width8' from '(none)' to 'ZeroWireload'. (OPT-170)
Information: Changed wire load model for '*MULT_TC_OP_8_8_16' from '(none)' to 'ZeroWireload'. (OPT-170)
Information: Changed wire load model for 'DW02_mult_A_width8_B_width8' from '(none)' to 'ZeroWireload'. (OPT-170)
Information: Changed wire load model for '*MULT_TC_OP_8_8_16' from '(none)' to 'ZeroWireload'. (OPT-170)
Information: Changed wire load model for 'DW02_mult_A_width8_B_width8' from '(none)' to 'ZeroWireload'. (OPT-170)
Information: Changed wire load model for '*MULT_TC_OP_8_8_16' from '(none)' to 'ZeroWireload'. (OPT-170)
Information: Changed wire load model for 'DW02_mult_A_width8_B_width8' from '(none)' to 'ZeroWireload'. (OPT-170)
Information: Changed wire load model for '*MULT_TC_OP_8_8_16' from '(none)' to 'ZeroWireload'. (OPT-170)
Information: Changed wire load model for 'DW02_mult_A_width8_B_width8' from '(none)' to 'ZeroWireload'. (OPT-170)
Information: Changed wire load model for '*MULT_TC_OP_8_8_16' from '(none)' to 'ZeroWireload'. (OPT-170)
Information: Changed wire load model for 'DW02_mult_A_width8_B_width8' from '(none)' to 'ZeroWireload'. (OPT-170)
Information: Changed wire load model for '*MULT_TC_OP_8_8_16' from '(none)' to 'ZeroWireload'. (OPT-170)
Information: Changed wire load model for 'DW02_mult_A_width8_B_width8' from '(none)' to 'ZeroWireload'. (OPT-170)
Information: Changed wire load model for '*MULT_TC_OP_8_8_16' from '(none)' to 'ZeroWireload'. (OPT-170)
Information: Changed wire load model for 'DW02_mult_A_width8_B_width8' from '(none)' to 'ZeroWireload'. (OPT-170)
Information: Changed wire load model for '*MULT_TC_OP_8_8_16' from '(none)' to 'ZeroWireload'. (OPT-170)
Information: Changed wire load model for 'DW02_mult_A_width8_B_width8' from '(none)' to 'ZeroWireload'. (OPT-170)
Information: Changed wire load model for '*MULT_TC_OP_8_8_16' from '(none)' to 'ZeroWireload'. (OPT-170)
Information: Changed wire load model for 'DW02_mult_A_width8_B_width8' from '(none)' to 'ZeroWireload'. (OPT-170)
Information: Changed wire load model for '*MULT_TC_OP_8_8_16' from '(none)' to 'ZeroWireload'. (OPT-170)
Information: Changed wire load model for 'DW02_mult_A_width8_B_width8' from '(none)' to 'ZeroWireload'. (OPT-170)
Information: Changed wire load model for '*MULT_TC_OP_8_8_16' from '(none)' to 'ZeroWireload'. (OPT-170)
Information: Changed wire load model for 'DW02_mult_A_width8_B_width8' from '(none)' to 'ZeroWireload'. (OPT-170)
Information: Changed wire load model for '*MULT_TC_OP_8_8_16' from '(none)' to 'ZeroWireload'. (OPT-170)
Information: Changed wire load model for 'DW02_mult_A_width8_B_width8' from '(none)' to 'ZeroWireload'. (OPT-170)
Information: Changed wire load model for '*MULT_TC_OP_8_8_16' from '(none)' to 'ZeroWireload'. (OPT-170)
Information: Changed wire load model for 'DW02_mult_A_width8_B_width8' from '(none)' to 'ZeroWireload'. (OPT-170)
Information: Changed wire load model for '*MULT_TC_OP_8_8_16' from '(none)' to 'ZeroWireload'. (OPT-170)
Information: Changed wire load model for 'DW02_mult_A_width8_B_width8' from '(none)' to 'ZeroWireload'. (OPT-170)
Information: Changed wire load model for '*MULT_TC_OP_8_8_16' from '(none)' to 'ZeroWireload'. (OPT-170)
Information: Changed wire load model for 'DW02_mult_A_width8_B_width8' from '(none)' to 'ZeroWireload'. (OPT-170)
Information: Changed wire load model for '*MULT_TC_OP_8_8_16' from '(none)' to 'ZeroWireload'. (OPT-170)
Information: Changed wire load model for 'DW02_mult_A_width8_B_width8' from '(none)' to 'ZeroWireload'. (OPT-170)
Information: Changed wire load model for '*MULT_TC_OP_8_8_16' from '(none)' to 'ZeroWireload'. (OPT-170)
Information: Changed wire load model for 'DW02_mult_A_width8_B_width8' from '(none)' to 'ZeroWireload'. (OPT-170)
Information: Changed wire load model for '*MULT_TC_OP_8_8_16' from '(none)' to 'ZeroWireload'. (OPT-170)
Information: Changed wire load model for 'DW02_mult_A_width8_B_width8' from '(none)' to 'ZeroWireload'. (OPT-170)
Information: Changed wire load model for '*MULT_TC_OP_8_8_16' from '(none)' to 'ZeroWireload'. (OPT-170)
Information: Changed wire load model for 'DW02_mult_A_width8_B_width8' from '(none)' to 'ZeroWireload'. (OPT-170)
Information: Changed wire load model for '*MULT_TC_OP_8_8_16' from '(none)' to 'ZeroWireload'. (OPT-170)
Information: Changed wire load model for 'DW02_mult_A_width8_B_width8' from '(none)' to 'ZeroWireload'. (OPT-170)
Information: Changed wire load model for '*MULT_TC_OP_8_8_16' from '(none)' to 'ZeroWireload'. (OPT-170)
Information: Changed wire load model for 'DW02_mult_A_width8_B_width8' from '(none)' to 'ZeroWireload'. (OPT-170)
Information: Changed wire load model for '*MULT_TC_OP_8_8_16' from '(none)' to 'ZeroWireload'. (OPT-170)
Information: Changed wire load model for 'DW02_mult_A_width8_B_width8' from '(none)' to 'ZeroWireload'. (OPT-170)
Information: Changed wire load model for '*MULT_TC_OP_8_8_16' from '(none)' to 'ZeroWireload'. (OPT-170)
Information: Changed wire load model for 'DW02_mult_A_width8_B_width8' from '(none)' to 'ZeroWireload'. (OPT-170)
Information: Changed wire load model for '*MULT_TC_OP_8_8_16' from '(none)' to 'ZeroWireload'. (OPT-170)
Information: Changed wire load model for 'DW02_mult_A_width8_B_width8' from '(none)' to 'ZeroWireload'. (OPT-170)
Information: Changed wire load model for '*MULT_TC_OP_8_8_16' from '(none)' to 'ZeroWireload'. (OPT-170)
Information: Changed wire load model for 'DW02_mult_A_width8_B_width8' from '(none)' to 'ZeroWireload'. (OPT-170)
Information: Changed wire load model for '*MULT_TC_OP_8_8_16' from '(none)' to 'ZeroWireload'. (OPT-170)
Information: Changed wire load model for 'DW02_mult_A_width8_B_width8' from '(none)' to 'ZeroWireload'. (OPT-170)
Information: Changed wire load model for '*MULT_TC_OP_8_8_16' from '(none)' to 'ZeroWireload'. (OPT-170)
Information: Changed wire load model for 'DW02_mult_A_width8_B_width8' from '(none)' to 'ZeroWireload'. (OPT-170)
Information: Changed wire load model for '*MULT_TC_OP_8_8_16' from '(none)' to 'ZeroWireload'. (OPT-170)
Information: Changed wire load model for 'DW02_mult_A_width8_B_width8' from '(none)' to 'ZeroWireload'. (OPT-170)
Information: Changed wire load model for '*MULT_TC_OP_8_8_16' from '(none)' to 'ZeroWireload'. (OPT-170)
Information: Changed wire load model for 'DW02_mult_A_width8_B_width8' from '(none)' to 'ZeroWireload'. (OPT-170)
Information: Changed wire load model for '*MULT_TC_OP_8_8_16' from '(none)' to 'ZeroWireload'. (OPT-170)
Information: Changed wire load model for 'DW02_mult_A_width8_B_width8' from '(none)' to 'ZeroWireload'. (OPT-170)
Information: Changed wire load model for '*MULT_TC_OP_8_8_16' from '(none)' to 'ZeroWireload'. (OPT-170)
Information: Changed wire load model for 'DW02_mult_A_width8_B_width8' from '(none)' to 'ZeroWireload'. (OPT-170)
Information: Changed wire load model for '*MULT_TC_OP_8_8_16' from '(none)' to 'ZeroWireload'. (OPT-170)
Information: Changed wire load model for 'DW02_mult_A_width8_B_width8' from '(none)' to 'ZeroWireload'. (OPT-170)
Information: Changed wire load model for '*MULT_TC_OP_8_8_16' from '(none)' to 'ZeroWireload'. (OPT-170)
Information: Changed wire load model for 'DW02_mult_A_width8_B_width8' from '(none)' to 'ZeroWireload'. (OPT-170)
Information: Changed wire load model for '*MULT_TC_OP_8_8_16' from '(none)' to 'ZeroWireload'. (OPT-170)
Information: Changed wire load model for 'DW02_mult_A_width8_B_width8' from '(none)' to 'ZeroWireload'. (OPT-170)
Information: Changed wire load model for '*MULT_TC_OP_8_8_16' from '(none)' to 'ZeroWireload'. (OPT-170)
Information: Changed wire load model for 'DW02_mult_A_width8_B_width8' from '(none)' to 'ZeroWireload'. (OPT-170)
Information: Changed wire load model for '*MULT_TC_OP_8_8_16' from '(none)' to 'ZeroWireload'. (OPT-170)
Information: Changed wire load model for 'DW02_mult_A_width8_B_width8' from '(none)' to 'ZeroWireload'. (OPT-170)
Information: Changed wire load model for '*MULT_TC_OP_8_8_16' from '(none)' to 'ZeroWireload'. (OPT-170)
Information: Changed wire load model for 'DW02_mult_A_width8_B_width8' from '(none)' to 'ZeroWireload'. (OPT-170)
Information: Changed wire load model for '*MULT_TC_OP_8_8_16' from '(none)' to 'ZeroWireload'. (OPT-170)
Information: Changed wire load model for 'DW02_mult_A_width8_B_width8' from '(none)' to 'ZeroWireload'. (OPT-170)
Information: Changed wire load model for '*MULT_TC_OP_8_8_16' from '(none)' to 'ZeroWireload'. (OPT-170)
Information: Changed wire load model for 'DW02_mult_A_width8_B_width8' from '(none)' to 'ZeroWireload'. (OPT-170)
Information: Changed wire load model for '*MULT_TC_OP_8_8_16' from '(none)' to 'ZeroWireload'. (OPT-170)
Information: Changed wire load model for 'DW02_mult_A_width8_B_width8' from '(none)' to 'ZeroWireload'. (OPT-170)
Information: Changed wire load model for '*MULT_TC_OP_8_8_16' from '(none)' to 'ZeroWireload'. (OPT-170)
Information: Changed wire load model for 'DW02_mult_A_width8_B_width8' from '(none)' to 'ZeroWireload'. (OPT-170)
Information: Changed wire load model for '*MULT_TC_OP_8_8_16' from '(none)' to 'ZeroWireload'. (OPT-170)
Information: Changed wire load model for 'DW02_mult_A_width8_B_width8' from '(none)' to 'ZeroWireload'. (OPT-170)
Information: Changed wire load model for '*MULT_TC_OP_8_8_16' from '(none)' to 'ZeroWireload'. (OPT-170)
Information: Changed wire load model for 'DW02_mult_A_width8_B_width8' from '(none)' to 'ZeroWireload'. (OPT-170)
Information: Changed wire load model for '*MULT_TC_OP_8_8_16' from '(none)' to 'ZeroWireload'. (OPT-170)
Information: Changed wire load model for 'DW02_mult_A_width8_B_width8' from '(none)' to 'ZeroWireload'. (OPT-170)
Information: Changed wire load model for '*MULT_TC_OP_8_8_16' from '(none)' to 'ZeroWireload'. (OPT-170)
Information: Changed wire load model for 'DW02_mult_A_width8_B_width8' from '(none)' to 'ZeroWireload'. (OPT-170)
Information: Changed wire load model for '*MULT_TC_OP_8_8_16' from '(none)' to 'ZeroWireload'. (OPT-170)
Information: Changed wire load model for 'DW02_mult_A_width8_B_width8' from '(none)' to 'ZeroWireload'. (OPT-170)
Information: Changed wire load model for '*MULT_TC_OP_8_8_16' from '(none)' to 'ZeroWireload'. (OPT-170)
Information: Changed wire load model for 'DW02_mult_A_width8_B_width8' from '(none)' to 'ZeroWireload'. (OPT-170)
Information: Changed wire load model for '*MULT_TC_OP_8_8_16' from '(none)' to 'ZeroWireload'. (OPT-170)
Information: Changed wire load model for 'DW02_mult_A_width8_B_width8' from '(none)' to 'ZeroWireload'. (OPT-170)
Information: Changed wire load model for '*MULT_TC_OP_8_8_16' from '(none)' to 'ZeroWireload'. (OPT-170)
Information: Changed wire load model for 'DW02_mult_A_width8_B_width8' from '(none)' to 'ZeroWireload'. (OPT-170)
Information: Changed wire load model for '*MULT_TC_OP_8_8_16' from '(none)' to 'ZeroWireload'. (OPT-170)
Information: Changed wire load model for 'DW02_mult_A_width8_B_width8' from '(none)' to 'ZeroWireload'. (OPT-170)
Information: Changed wire load model for '*MULT_TC_OP_8_8_16' from '(none)' to 'ZeroWireload'. (OPT-170)
Information: Changed wire load model for 'DW02_mult_A_width8_B_width8' from '(none)' to 'ZeroWireload'. (OPT-170)
Information: Changed wire load model for '*MULT_TC_OP_8_8_16' from '(none)' to 'ZeroWireload'. (OPT-170)
Information: Changed wire load model for 'DW02_mult_A_width8_B_width8' from '(none)' to 'ZeroWireload'. (OPT-170)
Information: Changed wire load model for '*MULT_TC_OP_8_8_16' from '(none)' to 'ZeroWireload'. (OPT-170)
Information: Changed wire load model for 'DW02_mult_A_width8_B_width8' from '(none)' to 'ZeroWireload'. (OPT-170)
Information: Changed wire load model for '*MULT_TC_OP_8_8_16' from '(none)' to 'ZeroWireload'. (OPT-170)
Information: Changed wire load model for 'DW02_mult_A_width8_B_width8' from '(none)' to 'ZeroWireload'. (OPT-170)
Information: Changed wire load model for '*MULT_TC_OP_8_8_16' from '(none)' to 'ZeroWireload'. (OPT-170)
Information: Changed wire load model for 'DW02_mult_A_width8_B_width8' from '(none)' to 'ZeroWireload'. (OPT-170)
Information: Changed wire load model for '*MULT_TC_OP_8_8_16' from '(none)' to 'ZeroWireload'. (OPT-170)
Information: Changed wire load model for 'DW02_mult_A_width8_B_width8' from '(none)' to 'ZeroWireload'. (OPT-170)
Information: Changed wire load model for '*MULT_TC_OP_8_8_16' from '(none)' to 'ZeroWireload'. (OPT-170)
Information: Changed wire load model for 'DW02_mult_A_width8_B_width8' from '(none)' to 'ZeroWireload'. (OPT-170)
Information: Changed wire load model for '*MULT_TC_OP_8_8_16' from '(none)' to 'ZeroWireload'. (OPT-170)
Information: Changed wire load model for 'DW02_mult_A_width8_B_width8' from '(none)' to 'ZeroWireload'. (OPT-170)
Information: Changed wire load model for '*MULT_TC_OP_8_8_16' from '(none)' to 'ZeroWireload'. (OPT-170)
Information: Changed wire load model for 'DW02_mult_A_width8_B_width8' from '(none)' to 'ZeroWireload'. (OPT-170)
Information: Changed wire load model for '*MULT_TC_OP_8_8_16' from '(none)' to 'ZeroWireload'. (OPT-170)
Information: Changed wire load model for 'DW02_mult_A_width8_B_width8' from '(none)' to 'ZeroWireload'. (OPT-170)
Information: Changed wire load model for '*MULT_TC_OP_8_8_16' from '(none)' to 'ZeroWireload'. (OPT-170)
Information: Changed wire load model for 'DW02_mult_A_width8_B_width8' from '(none)' to 'ZeroWireload'. (OPT-170)
Information: Changed wire load model for '*MULT_TC_OP_8_8_16' from '(none)' to 'ZeroWireload'. (OPT-170)
Information: Changed wire load model for 'DW02_mult_A_width8_B_width8' from '(none)' to 'ZeroWireload'. (OPT-170)
Information: Changed wire load model for '*MULT_TC_OP_8_8_16' from '(none)' to 'ZeroWireload'. (OPT-170)
Information: Changed wire load model for 'DW02_mult_A_width8_B_width8' from '(none)' to 'ZeroWireload'. (OPT-170)
Information: Changed wire load model for '*MULT_TC_OP_8_8_16' from '(none)' to 'ZeroWireload'. (OPT-170)
Information: Changed wire load model for 'DW02_mult_A_width8_B_width8' from '(none)' to 'ZeroWireload'. (OPT-170)
Information: Changed wire load model for '*MULT_TC_OP_8_8_16' from '(none)' to 'ZeroWireload'. (OPT-170)
Information: Changed wire load model for 'DW02_mult_A_width8_B_width8' from '(none)' to 'ZeroWireload'. (OPT-170)
Information: Changed wire load model for '*MULT_TC_OP_8_8_16' from '(none)' to 'ZeroWireload'. (OPT-170)
Information: Changed wire load model for 'DW02_mult_A_width8_B_width8' from '(none)' to 'ZeroWireload'. (OPT-170)
Information: Changed wire load model for '*MULT_TC_OP_8_8_16' from '(none)' to 'ZeroWireload'. (OPT-170)
Information: Changed wire load model for 'DW02_mult_A_width8_B_width8' from '(none)' to 'ZeroWireload'. (OPT-170)
Information: Changed wire load model for '*MULT_TC_OP_8_8_16' from '(none)' to 'ZeroWireload'. (OPT-170)
Information: Changed wire load model for 'DW02_mult_A_width8_B_width8' from '(none)' to 'ZeroWireload'. (OPT-170)
Information: Changed wire load model for '*MULT_TC_OP_8_8_16' from '(none)' to 'ZeroWireload'. (OPT-170)
Information: Changed wire load model for 'DW02_mult_A_width8_B_width8' from '(none)' to 'ZeroWireload'. (OPT-170)
Information: Changed wire load model for '*MULT_TC_OP_8_8_16' from '(none)' to 'ZeroWireload'. (OPT-170)
Information: Changed wire load model for 'DW02_mult_A_width8_B_width8' from '(none)' to 'ZeroWireload'. (OPT-170)
Information: Changed wire load model for '*MULT_TC_OP_8_8_16' from '(none)' to 'ZeroWireload'. (OPT-170)
Information: Changed wire load model for 'DW02_mult_A_width8_B_width8' from '(none)' to 'ZeroWireload'. (OPT-170)
Information: Changed wire load model for '*MULT_TC_OP_8_8_16' from '(none)' to 'ZeroWireload'. (OPT-170)
Information: Changed wire load model for 'DW02_mult_A_width8_B_width8' from '(none)' to 'ZeroWireload'. (OPT-170)
Information: Changed wire load model for '*MULT_TC_OP_8_8_16' from '(none)' to 'ZeroWireload'. (OPT-170)
Information: Changed wire load model for 'DW02_mult_A_width8_B_width8' from '(none)' to 'ZeroWireload'. (OPT-170)
Information: Changed wire load model for '*MULT_TC_OP_8_8_16' from '(none)' to 'ZeroWireload'. (OPT-170)
Information: Changed wire load model for 'DW02_mult_A_width8_B_width8' from '(none)' to 'ZeroWireload'. (OPT-170)
Information: Changed wire load model for '*MULT_TC_OP_8_8_16' from '(none)' to 'ZeroWireload'. (OPT-170)
Information: Changed wire load model for 'DW02_mult_A_width8_B_width8' from '(none)' to 'ZeroWireload'. (OPT-170)
Information: Changed wire load model for '*MULT_TC_OP_8_8_16' from '(none)' to 'ZeroWireload'. (OPT-170)
Information: Changed wire load model for 'DW02_mult_A_width8_B_width8' from '(none)' to 'ZeroWireload'. (OPT-170)
Information: Changed wire load model for '*MULT_TC_OP_8_8_16' from '(none)' to 'ZeroWireload'. (OPT-170)
Information: Changed wire load model for 'DW02_mult_A_width8_B_width8' from '(none)' to 'ZeroWireload'. (OPT-170)
Information: Changed wire load model for '*MULT_TC_OP_8_8_16' from '(none)' to 'ZeroWireload'. (OPT-170)
Information: Changed wire load model for 'DW02_mult_A_width8_B_width8' from '(none)' to 'ZeroWireload'. (OPT-170)
Information: Changed wire load model for '*MULT_TC_OP_8_8_16' from '(none)' to 'ZeroWireload'. (OPT-170)
Information: Changed wire load model for 'DW02_mult_A_width8_B_width8' from '(none)' to 'ZeroWireload'. (OPT-170)
Information: Changed wire load model for '*MULT_TC_OP_8_8_16' from '(none)' to 'ZeroWireload'. (OPT-170)
Information: Changed wire load model for 'DW02_mult_A_width8_B_width8' from '(none)' to 'ZeroWireload'. (OPT-170)
Information: Changed wire load model for '*MULT_TC_OP_8_8_16' from '(none)' to 'ZeroWireload'. (OPT-170)
Information: Changed wire load model for 'DW02_mult_A_width8_B_width8' from '(none)' to 'ZeroWireload'. (OPT-170)
Information: Changed wire load model for '*MULT_TC_OP_8_8_16' from '(none)' to 'ZeroWireload'. (OPT-170)
Information: Changed wire load model for 'DW02_mult_A_width8_B_width8' from '(none)' to 'ZeroWireload'. (OPT-170)
Information: Changed wire load model for '*MULT_TC_OP_8_8_16' from '(none)' to 'ZeroWireload'. (OPT-170)
Information: Changed wire load model for 'DW02_mult_A_width8_B_width8' from '(none)' to 'ZeroWireload'. (OPT-170)
Information: Changed wire load model for '*MULT_TC_OP_8_8_16' from '(none)' to 'ZeroWireload'. (OPT-170)
Information: Changed wire load model for 'DW02_mult_A_width8_B_width8' from '(none)' to 'ZeroWireload'. (OPT-170)
Information: Changed wire load model for '*MULT_TC_OP_8_8_16' from '(none)' to 'ZeroWireload'. (OPT-170)
Information: Changed wire load model for 'DW02_mult_A_width8_B_width8' from '(none)' to 'ZeroWireload'. (OPT-170)
Information: Changed wire load model for '*MULT_TC_OP_8_8_16' from '(none)' to 'ZeroWireload'. (OPT-170)
Information: Changed wire load model for 'DW02_mult_A_width8_B_width8' from '(none)' to 'ZeroWireload'. (OPT-170)
Information: Changed wire load model for '*MULT_TC_OP_8_8_16' from '(none)' to 'ZeroWireload'. (OPT-170)
Information: Changed wire load model for 'DW02_mult_A_width8_B_width8' from '(none)' to 'ZeroWireload'. (OPT-170)
Information: Changed wire load model for '*MULT_TC_OP_8_8_16' from '(none)' to 'ZeroWireload'. (OPT-170)
Information: Changed wire load model for 'DW02_mult_A_width8_B_width8' from '(none)' to 'ZeroWireload'. (OPT-170)
Information: Changed wire load model for '*MULT_TC_OP_8_8_16' from '(none)' to 'ZeroWireload'. (OPT-170)
Information: Changed wire load model for 'DW02_mult_A_width8_B_width8' from '(none)' to 'ZeroWireload'. (OPT-170)
Information: Changed wire load model for '*MULT_TC_OP_8_8_16' from '(none)' to 'ZeroWireload'. (OPT-170)
Information: Changed wire load model for 'DW02_mult_A_width8_B_width8' from '(none)' to 'ZeroWireload'. (OPT-170)
Information: Changed wire load model for '*MULT_TC_OP_8_8_16' from '(none)' to 'ZeroWireload'. (OPT-170)
Information: Changed wire load model for 'DW02_mult_A_width8_B_width8' from '(none)' to 'ZeroWireload'. (OPT-170)
Information: Changed wire load model for '*MULT_TC_OP_8_8_16' from '(none)' to 'ZeroWireload'. (OPT-170)
Information: Changed wire load model for 'DW02_mult_A_width8_B_width8' from '(none)' to 'ZeroWireload'. (OPT-170)
Information: Changed wire load model for '*MULT_TC_OP_8_8_16' from '(none)' to 'ZeroWireload'. (OPT-170)
Information: Changed wire load model for 'DW02_mult_A_width8_B_width8' from '(none)' to 'ZeroWireload'. (OPT-170)
Information: Changed wire load model for '*MULT_TC_OP_8_8_16' from '(none)' to 'ZeroWireload'. (OPT-170)
Information: Changed wire load model for 'DW02_mult_A_width8_B_width8' from '(none)' to 'ZeroWireload'. (OPT-170)
Information: Changed wire load model for '*MULT_TC_OP_8_8_16' from '(none)' to 'ZeroWireload'. (OPT-170)
Information: Changed wire load model for 'DW02_mult_A_width8_B_width8' from '(none)' to 'ZeroWireload'. (OPT-170)
Information: Changed wire load model for '*MULT_TC_OP_8_8_16' from '(none)' to 'ZeroWireload'. (OPT-170)
Information: Changed wire load model for 'DW02_mult_A_width8_B_width8' from '(none)' to 'ZeroWireload'. (OPT-170)
Information: Changed wire load model for '*MULT_TC_OP_8_8_16' from '(none)' to 'ZeroWireload'. (OPT-170)
Information: Changed wire load model for 'DW02_mult_A_width8_B_width8' from '(none)' to 'ZeroWireload'. (OPT-170)
Information: Changed wire load model for '*MULT_TC_OP_8_8_16' from '(none)' to 'ZeroWireload'. (OPT-170)
Information: Changed wire load model for 'DW02_mult_A_width8_B_width8' from '(none)' to 'ZeroWireload'. (OPT-170)
Information: Changed wire load model for '*MULT_TC_OP_8_8_16' from '(none)' to 'ZeroWireload'. (OPT-170)
Information: Changed wire load model for 'DW02_mult_A_width8_B_width8' from '(none)' to 'ZeroWireload'. (OPT-170)
Information: Changed wire load model for '*MULT_TC_OP_8_8_16' from '(none)' to 'ZeroWireload'. (OPT-170)
Information: Changed wire load model for 'DW02_mult_A_width8_B_width8' from '(none)' to 'ZeroWireload'. (OPT-170)
Information: Changed wire load model for '*MULT_TC_OP_8_8_16' from '(none)' to 'ZeroWireload'. (OPT-170)
Information: Changed wire load model for 'DW02_mult_A_width8_B_width8' from '(none)' to 'ZeroWireload'. (OPT-170)
Information: Changed wire load model for '*MULT_TC_OP_8_8_16' from '(none)' to 'ZeroWireload'. (OPT-170)
Information: Changed wire load model for 'DW02_mult_A_width8_B_width8' from '(none)' to 'ZeroWireload'. (OPT-170)
Information: Changed wire load model for '*MULT_TC_OP_8_8_16' from '(none)' to 'ZeroWireload'. (OPT-170)
Information: Changed wire load model for 'DW02_mult_A_width8_B_width8' from '(none)' to 'ZeroWireload'. (OPT-170)
Information: Changed wire load model for '*MULT_TC_OP_8_8_16' from '(none)' to 'ZeroWireload'. (OPT-170)
Information: Changed wire load model for 'DW02_mult_A_width8_B_width8' from '(none)' to 'ZeroWireload'. (OPT-170)
Information: Changed wire load model for '*MULT_TC_OP_8_8_16' from '(none)' to 'ZeroWireload'. (OPT-170)
Information: Changed wire load model for 'DW02_mult_A_width8_B_width8' from '(none)' to 'ZeroWireload'. (OPT-170)
Information: Changed wire load model for '*MULT_TC_OP_8_8_16' from '(none)' to 'ZeroWireload'. (OPT-170)
Information: Changed wire load model for 'DW02_mult_A_width8_B_width8' from '(none)' to 'ZeroWireload'. (OPT-170)
Information: Changed wire load model for '*MULT_TC_OP_8_8_16' from '(none)' to 'ZeroWireload'. (OPT-170)
Information: Changed wire load model for 'DW02_mult_A_width8_B_width8' from '(none)' to 'ZeroWireload'. (OPT-170)
Information: Changed wire load model for '*MULT_TC_OP_8_8_16' from '(none)' to 'ZeroWireload'. (OPT-170)
Information: Changed wire load model for 'DW02_mult_A_width8_B_width8' from '(none)' to 'ZeroWireload'. (OPT-170)
Information: Changed wire load model for '*MULT_TC_OP_8_8_16' from '(none)' to 'ZeroWireload'. (OPT-170)
Information: Changed wire load model for 'DW02_mult_A_width8_B_width8' from '(none)' to 'ZeroWireload'. (OPT-170)
Information: Changed wire load model for '*MULT_TC_OP_8_8_16' from '(none)' to 'ZeroWireload'. (OPT-170)
Information: Changed wire load model for 'DW02_mult_A_width8_B_width8' from '(none)' to 'ZeroWireload'. (OPT-170)
Information: Changed wire load model for '*MULT_TC_OP_8_8_16' from '(none)' to 'ZeroWireload'. (OPT-170)
Information: Changed wire load model for 'DW02_mult_A_width8_B_width8' from '(none)' to 'ZeroWireload'. (OPT-170)
Information: Changed wire load model for '*MULT_TC_OP_8_8_16' from '(none)' to 'ZeroWireload'. (OPT-170)
Information: Changed wire load model for 'DW02_mult_A_width8_B_width8' from '(none)' to 'ZeroWireload'. (OPT-170)
Information: Changed wire load model for '*MULT_TC_OP_8_8_16' from '(none)' to 'ZeroWireload'. (OPT-170)
Information: Changed wire load model for 'DW02_mult_A_width8_B_width8' from '(none)' to 'ZeroWireload'. (OPT-170)
Information: Changed wire load model for '*MULT_TC_OP_8_8_16' from '(none)' to 'ZeroWireload'. (OPT-170)
Information: Changed wire load model for 'DW02_mult_A_width8_B_width8' from '(none)' to 'ZeroWireload'. (OPT-170)
Information: Changed wire load model for '*MULT_TC_OP_8_8_16' from '(none)' to 'ZeroWireload'. (OPT-170)
Information: Changed wire load model for 'DW02_mult_A_width8_B_width8' from '(none)' to 'ZeroWireload'. (OPT-170)
Information: Changed wire load model for '*MULT_TC_OP_8_8_16' from '(none)' to 'ZeroWireload'. (OPT-170)
Information: Changed wire load model for 'DW02_mult_A_width8_B_width8' from '(none)' to 'ZeroWireload'. (OPT-170)
Information: Changed wire load model for '*MULT_TC_OP_8_8_16' from '(none)' to 'ZeroWireload'. (OPT-170)
Information: Changed wire load model for 'DW02_mult_A_width8_B_width8' from '(none)' to 'ZeroWireload'. (OPT-170)
Information: Changed wire load model for '*MULT_TC_OP_8_8_16' from '(none)' to 'ZeroWireload'. (OPT-170)
Information: Changed wire load model for 'DW02_mult_A_width8_B_width8' from '(none)' to 'ZeroWireload'. (OPT-170)
Information: Changed wire load model for '*MULT_TC_OP_8_8_16' from '(none)' to 'ZeroWireload'. (OPT-170)
Information: Changed wire load model for 'DW02_mult_A_width8_B_width8' from '(none)' to 'ZeroWireload'. (OPT-170)
Information: Changed wire load model for '*MULT_TC_OP_8_8_16' from '(none)' to 'ZeroWireload'. (OPT-170)
Information: Changed wire load model for 'DW02_mult_A_width8_B_width8' from '(none)' to 'ZeroWireload'. (OPT-170)
Information: Changed wire load model for '*MULT_TC_OP_8_8_16' from '(none)' to 'ZeroWireload'. (OPT-170)
Information: Changed wire load model for 'DW02_mult_A_width8_B_width8' from '(none)' to 'ZeroWireload'. (OPT-170)
Information: Changed wire load model for '*MULT_TC_OP_8_8_16' from '(none)' to 'ZeroWireload'. (OPT-170)
Information: Changed wire load model for 'DW02_mult_A_width8_B_width8' from '(none)' to 'ZeroWireload'. (OPT-170)
Information: Changed wire load model for '*MULT_TC_OP_8_8_16' from '(none)' to 'ZeroWireload'. (OPT-170)
Information: Changed wire load model for 'DW02_mult_A_width8_B_width8' from '(none)' to 'ZeroWireload'. (OPT-170)
Information: Changed wire load model for '*MULT_TC_OP_8_8_16' from '(none)' to 'ZeroWireload'. (OPT-170)
Information: Changed wire load model for 'DW02_mult_A_width8_B_width8' from '(none)' to 'ZeroWireload'. (OPT-170)
Information: Changed wire load model for '*MULT_TC_OP_8_8_16' from '(none)' to 'ZeroWireload'. (OPT-170)
Information: Changed wire load model for 'DW02_mult_A_width8_B_width8' from '(none)' to 'ZeroWireload'. (OPT-170)
Information: Changed wire load model for '*MULT_TC_OP_8_8_16' from '(none)' to 'ZeroWireload'. (OPT-170)
Information: Changed wire load model for 'DW02_mult_A_width8_B_width8' from '(none)' to 'ZeroWireload'. (OPT-170)
Information: Changed wire load model for '*MULT_TC_OP_8_8_16' from '(none)' to 'ZeroWireload'. (OPT-170)
Information: Changed wire load model for 'DW02_mult_A_width8_B_width8' from '(none)' to 'ZeroWireload'. (OPT-170)
Information: Changed wire load model for '*MULT_TC_OP_8_8_16' from '(none)' to 'ZeroWireload'. (OPT-170)
Information: Changed wire load model for 'DW02_mult_A_width8_B_width8' from '(none)' to 'ZeroWireload'. (OPT-170)
Information: Changed wire load model for '*MULT_TC_OP_8_8_16' from '(none)' to 'ZeroWireload'. (OPT-170)
Information: Changed wire load model for 'DW02_mult_A_width8_B_width8' from '(none)' to 'ZeroWireload'. (OPT-170)
Information: Changed wire load model for '*MULT_TC_OP_8_8_16' from '(none)' to 'ZeroWireload'. (OPT-170)
Information: Changed wire load model for 'DW02_mult_A_width8_B_width8' from '(none)' to 'ZeroWireload'. (OPT-170)
Information: Changed wire load model for '*MULT_TC_OP_8_8_16' from '(none)' to 'ZeroWireload'. (OPT-170)
Information: Changed wire load model for 'DW02_mult_A_width8_B_width8' from '(none)' to 'ZeroWireload'. (OPT-170)
Information: Changed wire load model for '*MULT_TC_OP_8_8_16' from '(none)' to 'ZeroWireload'. (OPT-170)
Information: Changed wire load model for 'DW02_mult_A_width8_B_width8' from '(none)' to 'ZeroWireload'. (OPT-170)
Information: Changed wire load model for '*MULT_TC_OP_8_8_16' from '(none)' to 'ZeroWireload'. (OPT-170)
Information: Changed wire load model for 'DW02_mult_A_width8_B_width8' from '(none)' to 'ZeroWireload'. (OPT-170)
Information: Changed wire load model for '*MULT_TC_OP_8_8_16' from '(none)' to 'ZeroWireload'. (OPT-170)
Information: Changed wire load model for 'DW02_mult_A_width8_B_width8' from '(none)' to 'ZeroWireload'. (OPT-170)
Information: Changed wire load model for '*MULT_TC_OP_8_8_16' from '(none)' to 'ZeroWireload'. (OPT-170)
Information: Changed wire load model for 'DW02_mult_A_width8_B_width8' from '(none)' to 'ZeroWireload'. (OPT-170)
Information: Changed wire load model for '*MULT_TC_OP_8_8_16' from '(none)' to 'ZeroWireload'. (OPT-170)
Information: Changed wire load model for 'DW02_mult_A_width8_B_width8' from '(none)' to 'ZeroWireload'. (OPT-170)
Information: Changed wire load model for '*MULT_TC_OP_8_8_16' from '(none)' to 'ZeroWireload'. (OPT-170)
Information: Changed wire load model for 'DW02_mult_A_width8_B_width8' from '(none)' to 'ZeroWireload'. (OPT-170)
Information: Changed wire load model for '*MULT_TC_OP_8_8_16' from '(none)' to 'ZeroWireload'. (OPT-170)
Information: Changed wire load model for 'DW02_mult_A_width8_B_width8' from '(none)' to 'ZeroWireload'. (OPT-170)
Information: Changed wire load model for '*MULT_TC_OP_8_8_16' from '(none)' to 'ZeroWireload'. (OPT-170)
Information: Changed wire load model for 'DW02_mult_A_width8_B_width8' from '(none)' to 'ZeroWireload'. (OPT-170)
Information: Changed wire load model for '*MULT_TC_OP_8_8_16' from '(none)' to 'ZeroWireload'. (OPT-170)
Information: Changed wire load model for 'DW02_mult_A_width8_B_width8' from '(none)' to 'ZeroWireload'. (OPT-170)
Information: Changed wire load model for '*MULT_TC_OP_8_8_16' from '(none)' to 'ZeroWireload'. (OPT-170)
Information: Changed wire load model for 'DW02_mult_A_width8_B_width8' from '(none)' to 'ZeroWireload'. (OPT-170)
Information: Changed wire load model for '*MULT_TC_OP_8_8_16' from '(none)' to 'ZeroWireload'. (OPT-170)
Information: Changed wire load model for 'DW02_mult_A_width8_B_width8' from '(none)' to 'ZeroWireload'. (OPT-170)
Information: Changed wire load model for '*MULT_TC_OP_8_8_16' from '(none)' to 'ZeroWireload'. (OPT-170)
Information: Changed wire load model for 'DW02_mult_A_width8_B_width8' from '(none)' to 'ZeroWireload'. (OPT-170)
Information: Changed wire load model for '*MULT_TC_OP_8_8_16' from '(none)' to 'ZeroWireload'. (OPT-170)
Information: Changed wire load model for 'DW02_mult_A_width8_B_width8' from '(none)' to 'ZeroWireload'. (OPT-170)
Information: Changed wire load model for '*MULT_TC_OP_8_8_16' from '(none)' to 'ZeroWireload'. (OPT-170)
Information: Changed wire load model for 'DW02_mult_A_width8_B_width8' from '(none)' to 'ZeroWireload'. (OPT-170)
Information: Changed wire load model for '*MULT_TC_OP_8_8_16' from '(none)' to 'ZeroWireload'. (OPT-170)
Information: Changed wire load model for 'DW02_mult_A_width8_B_width8' from '(none)' to 'ZeroWireload'. (OPT-170)
Information: Changed wire load model for '*MULT_TC_OP_8_8_16' from '(none)' to 'ZeroWireload'. (OPT-170)
Information: Changed wire load model for 'DW02_mult_A_width8_B_width8' from '(none)' to 'ZeroWireload'. (OPT-170)
Information: Changed wire load model for '*MULT_TC_OP_8_8_16' from '(none)' to 'ZeroWireload'. (OPT-170)
Information: Changed wire load model for 'DW02_mult_A_width8_B_width8' from '(none)' to 'ZeroWireload'. (OPT-170)
Information: Changed wire load model for '*MULT_TC_OP_8_8_16' from '(none)' to 'ZeroWireload'. (OPT-170)
Information: Changed wire load model for 'DW02_mult_A_width8_B_width8' from '(none)' to 'ZeroWireload'. (OPT-170)
Information: Changed wire load model for '*MULT_TC_OP_8_8_16' from '(none)' to 'ZeroWireload'. (OPT-170)
Information: Changed wire load model for 'DW02_mult_A_width8_B_width8' from '(none)' to 'ZeroWireload'. (OPT-170)
Information: Changed wire load model for '*MULT_TC_OP_8_8_16' from '(none)' to 'ZeroWireload'. (OPT-170)
Information: Changed wire load model for 'DW02_mult_A_width8_B_width8' from '(none)' to 'ZeroWireload'. (OPT-170)
Information: Changed wire load model for '*MULT_TC_OP_8_8_16' from '(none)' to 'ZeroWireload'. (OPT-170)
Information: Changed wire load model for 'DW02_mult_A_width8_B_width8' from '(none)' to 'ZeroWireload'. (OPT-170)
Information: Changed wire load model for '*MULT_TC_OP_8_8_16' from '(none)' to 'ZeroWireload'. (OPT-170)
Information: Changed wire load model for 'DW02_mult_A_width8_B_width8' from '(none)' to 'ZeroWireload'. (OPT-170)
Information: Changed wire load model for '*MULT_TC_OP_8_8_16' from '(none)' to 'ZeroWireload'. (OPT-170)
Information: Changed wire load model for 'DW02_mult_A_width8_B_width8' from '(none)' to 'ZeroWireload'. (OPT-170)
Information: Changed wire load model for '*MULT_TC_OP_8_8_16' from '(none)' to 'ZeroWireload'. (OPT-170)
Information: Changed wire load model for 'DW02_mult_A_width8_B_width8' from '(none)' to 'ZeroWireload'. (OPT-170)
Information: Changed wire load model for '*MULT_TC_OP_8_8_16' from '(none)' to 'ZeroWireload'. (OPT-170)
Information: Changed wire load model for 'DW02_mult_A_width8_B_width8' from '(none)' to 'ZeroWireload'. (OPT-170)
Information: Changed wire load model for '*MULT_TC_OP_8_8_16' from '(none)' to 'ZeroWireload'. (OPT-170)
Information: Changed wire load model for 'DW02_mult_A_width8_B_width8' from '(none)' to 'ZeroWireload'. (OPT-170)
Information: Changed wire load model for '*MULT_TC_OP_8_8_16' from '(none)' to 'ZeroWireload'. (OPT-170)
Information: Changed wire load model for 'DW02_mult_A_width8_B_width8' from '(none)' to 'ZeroWireload'. (OPT-170)
Information: Changed wire load model for '*MULT_TC_OP_8_8_16' from '(none)' to 'ZeroWireload'. (OPT-170)
Information: Changed wire load model for 'DW02_mult_A_width8_B_width8' from '(none)' to 'ZeroWireload'. (OPT-170)
Information: Changed wire load model for '*MULT_TC_OP_8_8_16' from '(none)' to 'ZeroWireload'. (OPT-170)
Information: Changed wire load model for 'DW02_mult_A_width8_B_width8' from '(none)' to 'ZeroWireload'. (OPT-170)
Information: Changed wire load model for '*MULT_TC_OP_8_8_16' from '(none)' to 'ZeroWireload'. (OPT-170)
Information: Changed wire load model for 'DW02_mult_A_width8_B_width8' from '(none)' to 'ZeroWireload'. (OPT-170)
Information: Changed wire load model for '*MULT_TC_OP_8_8_16' from '(none)' to 'ZeroWireload'. (OPT-170)
Information: Changed wire load model for 'DW02_mult_A_width8_B_width8' from '(none)' to 'ZeroWireload'. (OPT-170)
Information: Changed wire load model for '*MULT_TC_OP_8_8_16' from '(none)' to 'ZeroWireload'. (OPT-170)
Information: Changed wire load model for 'DW02_mult_A_width8_B_width8' from '(none)' to 'ZeroWireload'. (OPT-170)
Information: Changed wire load model for '*MULT_TC_OP_8_8_16' from '(none)' to 'ZeroWireload'. (OPT-170)
Information: Changed wire load model for 'DW02_mult_A_width8_B_width8' from '(none)' to 'ZeroWireload'. (OPT-170)
Information: Changed wire load model for '*MULT_TC_OP_8_8_16' from '(none)' to 'ZeroWireload'. (OPT-170)
Information: Changed wire load model for 'DW02_mult_A_width8_B_width8' from '(none)' to 'ZeroWireload'. (OPT-170)
Information: Changed wire load model for '*MULT_TC_OP_8_8_16' from '(none)' to 'ZeroWireload'. (OPT-170)
Information: Changed wire load model for 'DW02_mult_A_width8_B_width8' from '(none)' to 'ZeroWireload'. (OPT-170)
Information: Changed wire load model for '*MULT_TC_OP_8_8_16' from '(none)' to 'ZeroWireload'. (OPT-170)
Information: Changed wire load model for 'DW02_mult_A_width8_B_width8' from '(none)' to 'ZeroWireload'. (OPT-170)
Information: Changed wire load model for '*MULT_TC_OP_8_8_16' from '(none)' to 'ZeroWireload'. (OPT-170)
Information: Changed wire load model for 'DW02_mult_A_width8_B_width8' from '(none)' to 'ZeroWireload'. (OPT-170)
Information: Changed wire load model for '*MULT_TC_OP_8_8_16' from '(none)' to 'ZeroWireload'. (OPT-170)
Information: Changed wire load model for 'DW02_mult_A_width8_B_width8' from '(none)' to 'ZeroWireload'. (OPT-170)
Information: Changed wire load model for '*MULT_TC_OP_8_8_16' from '(none)' to 'ZeroWireload'. (OPT-170)
Information: Changed wire load model for 'DW01_sub_width5' from '(none)' to 'ZeroWireload'. (OPT-170)
Information: Changed wire load model for '*SUB_UNS_OP_5_3_5' from '(none)' to 'ZeroWireload'. (OPT-170)
Information: Changed wire load model for 'DW01_sub_width22' from '(none)' to 'ZeroWireload'. (OPT-170)
Information: Changed wire load model for '*SUB_TC_OP_1_22_22' from '(none)' to 'ZeroWireload'. (OPT-170)
Information: Changed wire load model for 'DW01_add_width22' from '(none)' to 'ZeroWireload'. (OPT-170)
Information: Changed wire load model for '*ADD_TC_OP_22_2_22' from '(none)' to 'ZeroWireload'. (OPT-170)
Information: Changed wire load model for 'DW01_sub_width22' from '(none)' to 'ZeroWireload'. (OPT-170)
Information: Changed wire load model for '*SUB_TC_OP_22_22_22' from '(none)' to 'ZeroWireload'. (OPT-170)
Information: Changed wire load model for 'DW01_dec_width6' from '(none)' to 'ZeroWireload'. (OPT-170)
Information: Changed wire load model for '*SUB_UNS_OP_5_1_6' from '(none)' to 'ZeroWireload'. (OPT-170)
Information: Changed wire load model for 'DW01_cmp2_width22' from '(none)' to 'ZeroWireload'. (OPT-170)
Information: Changed wire load model for '*LT_TC_OP_22_8_1' from '(none)' to 'ZeroWireload'. (OPT-170)
Information: Changed wire load model for 'DW01_cmp2_width22' from '(none)' to 'ZeroWireload'. (OPT-170)
Information: Changed wire load model for '*GT_TC_OP_22_8_1' from '(none)' to 'ZeroWireload'. (OPT-170)
Information: Changed wire load model for 'DW01_cmp2_width22' from '(none)' to 'ZeroWireload'. (OPT-170)
Information: Changed wire load model for '*GT_TC_OP_22_22_1' from '(none)' to 'ZeroWireload'. (OPT-170)
Information: Changed wire load model for 'DW01_cmp6_width22' from '(none)' to 'ZeroWireload'. (OPT-170)
Information: Changed wire load model for '*EQ_TC_OP_22_22_1' from '(none)' to 'ZeroWireload'. (OPT-170)
Information: Changed wire load model for 'DW01_ash_A_width22_SH_width32' from '(none)' to 'ZeroWireload'. (OPT-170)
Information: Changed wire load model for '*ASH_UNS_UNS_OP_22_32_22' from '(none)' to 'ZeroWireload'. (OPT-170)
Information: Changed wire load model for 'DW01_ash_A_width22_SH_width5' from '(none)' to 'ZeroWireload'. (OPT-170)
Information: Changed wire load model for '*ASH_UNS_UNS_OP_22_5_22' from '(none)' to 'ZeroWireload'. (OPT-170)
Information: Changed wire load model for 'DW_rash_A_width22_SH_width5' from '(none)' to 'ZeroWireload'. (OPT-170)
Information: Changed wire load model for '*ASHR_TC_UNS_OP_22_5_22' from '(none)' to 'ZeroWireload'. (OPT-170)
Information: Changed wire load model for 'DW01_cmp2_width5' from '(none)' to 'ZeroWireload'. (OPT-170)
Information: Changed wire load model for '*GT_UNS_OP_5_3_1' from '(none)' to 'ZeroWireload'. (OPT-170)
Information: Changed wire load model for 'DW01_cmp2_width22' from '(none)' to 'ZeroWireload'. (OPT-170)
Information: Changed wire load model for '*GT_UNS_OP_22_1_1' from '(none)' to 'ZeroWireload'. (OPT-170)
Information: Changed wire load model for 'DW01_sub_width5' from '(none)' to 'ZeroWireload'. (OPT-170)
Information: Changed wire load model for '*SUB_UNS_OP_5_3_5' from '(none)' to 'ZeroWireload'. (OPT-170)
Information: Changed wire load model for 'DW01_sub_width22' from '(none)' to 'ZeroWireload'. (OPT-170)
Information: Changed wire load model for '*SUB_TC_OP_1_22_22' from '(none)' to 'ZeroWireload'. (OPT-170)
Information: Changed wire load model for 'DW01_sub_width22' from '(none)' to 'ZeroWireload'. (OPT-170)
Information: Changed wire load model for '*SUB_TC_OP_1_22_22' from '(none)' to 'ZeroWireload'. (OPT-170)
Information: Changed wire load model for 'DW01_sub_width22' from '(none)' to 'ZeroWireload'. (OPT-170)
Information: Changed wire load model for '*SUB_TC_OP_1_22_22' from '(none)' to 'ZeroWireload'. (OPT-170)
Information: Changed wire load model for 'DW01_sub_width22' from '(none)' to 'ZeroWireload'. (OPT-170)
Information: Changed wire load model for '*SUB_TC_OP_1_22_22' from '(none)' to 'ZeroWireload'. (OPT-170)
Information: Changed wire load model for 'DW01_sub_width22' from '(none)' to 'ZeroWireload'. (OPT-170)
Information: Changed wire load model for '*SUB_TC_OP_1_22_22' from '(none)' to 'ZeroWireload'. (OPT-170)
Information: Changed wire load model for 'DW01_sub_width22' from '(none)' to 'ZeroWireload'. (OPT-170)
Information: Changed wire load model for '*SUB_TC_OP_1_22_22' from '(none)' to 'ZeroWireload'. (OPT-170)
Information: Changed wire load model for 'DW01_sub_width22' from '(none)' to 'ZeroWireload'. (OPT-170)
Information: Changed wire load model for '*SUB_TC_OP_1_22_22' from '(none)' to 'ZeroWireload'. (OPT-170)
Information: Changed wire load model for 'DW01_sub_width22' from '(none)' to 'ZeroWireload'. (OPT-170)
Information: Changed wire load model for '*SUB_TC_OP_1_22_22' from '(none)' to 'ZeroWireload'. (OPT-170)
Information: Changed wire load model for 'DW01_sub_width22' from '(none)' to 'ZeroWireload'. (OPT-170)
Information: Changed wire load model for '*SUB_TC_OP_1_22_22' from '(none)' to 'ZeroWireload'. (OPT-170)
Information: Changed wire load model for 'DW01_sub_width22' from '(none)' to 'ZeroWireload'. (OPT-170)
Information: Changed wire load model for '*SUB_TC_OP_1_22_22' from '(none)' to 'ZeroWireload'. (OPT-170)
Information: Changed wire load model for 'DW01_sub_width22' from '(none)' to 'ZeroWireload'. (OPT-170)
Information: Changed wire load model for '*SUB_TC_OP_1_22_22' from '(none)' to 'ZeroWireload'. (OPT-170)
Information: Changed wire load model for 'DW01_sub_width22' from '(none)' to 'ZeroWireload'. (OPT-170)
Information: Changed wire load model for '*SUB_TC_OP_1_22_22' from '(none)' to 'ZeroWireload'. (OPT-170)
Information: Changed wire load model for 'DW01_sub_width22' from '(none)' to 'ZeroWireload'. (OPT-170)
Information: Changed wire load model for '*SUB_TC_OP_1_22_22' from '(none)' to 'ZeroWireload'. (OPT-170)
Information: Changed wire load model for 'DW01_sub_width22' from '(none)' to 'ZeroWireload'. (OPT-170)
Information: Changed wire load model for '*SUB_TC_OP_1_22_22' from '(none)' to 'ZeroWireload'. (OPT-170)
Information: Changed wire load model for 'DW01_sub_width22' from '(none)' to 'ZeroWireload'. (OPT-170)
Information: Changed wire load model for '*SUB_TC_OP_1_22_22' from '(none)' to 'ZeroWireload'. (OPT-170)
Information: Changed wire load model for 'DW01_sub_width22' from '(none)' to 'ZeroWireload'. (OPT-170)
Information: Changed wire load model for '*SUB_TC_OP_1_22_22' from '(none)' to 'ZeroWireload'. (OPT-170)
Information: Changed wire load model for 'DW01_add_width22' from '(none)' to 'ZeroWireload'. (OPT-170)
Information: Changed wire load model for '*ADD_TC_OP_22_2_22' from '(none)' to 'ZeroWireload'. (OPT-170)
Information: Changed wire load model for 'DW01_sub_width22' from '(none)' to 'ZeroWireload'. (OPT-170)
Information: Changed wire load model for '*SUB_TC_OP_22_22_22' from '(none)' to 'ZeroWireload'. (OPT-170)
Information: Changed wire load model for 'DW01_dec_width6' from '(none)' to 'ZeroWireload'. (OPT-170)
Information: Changed wire load model for '*SUB_UNS_OP_5_1_6' from '(none)' to 'ZeroWireload'. (OPT-170)
Information: Changed wire load model for 'DW01_cmp2_width22' from '(none)' to 'ZeroWireload'. (OPT-170)
Information: Changed wire load model for '*LT_TC_OP_22_8_1' from '(none)' to 'ZeroWireload'. (OPT-170)
Information: Changed wire load model for 'DW01_cmp2_width22' from '(none)' to 'ZeroWireload'. (OPT-170)
Information: Changed wire load model for '*GT_TC_OP_22_8_1' from '(none)' to 'ZeroWireload'. (OPT-170)
Information: Changed wire load model for 'DW01_cmp2_width22' from '(none)' to 'ZeroWireload'. (OPT-170)
Information: Changed wire load model for '*GT_TC_OP_22_22_1' from '(none)' to 'ZeroWireload'. (OPT-170)
Information: Changed wire load model for 'DW01_cmp6_width22' from '(none)' to 'ZeroWireload'. (OPT-170)
Information: Changed wire load model for '*EQ_TC_OP_22_22_1' from '(none)' to 'ZeroWireload'. (OPT-170)
Information: Changed wire load model for 'DW01_ash_A_width22_SH_width32' from '(none)' to 'ZeroWireload'. (OPT-170)
Information: Changed wire load model for '*ASH_UNS_UNS_OP_22_32_22' from '(none)' to 'ZeroWireload'. (OPT-170)
Information: Changed wire load model for 'DW01_ash_A_width22_SH_width5' from '(none)' to 'ZeroWireload'. (OPT-170)
Information: Changed wire load model for '*ASH_UNS_UNS_OP_22_5_22' from '(none)' to 'ZeroWireload'. (OPT-170)
Information: Changed wire load model for 'DW_rash_A_width22_SH_width5' from '(none)' to 'ZeroWireload'. (OPT-170)
Information: Changed wire load model for '*ASHR_TC_UNS_OP_22_5_22' from '(none)' to 'ZeroWireload'. (OPT-170)
Information: Changed wire load model for 'DW01_add_width22' from '(none)' to 'ZeroWireload'. (OPT-170)
Information: Changed wire load model for '*ADD_TC_OP_22_2_22' from '(none)' to 'ZeroWireload'. (OPT-170)
Information: Changed wire load model for 'DW01_sub_width22' from '(none)' to 'ZeroWireload'. (OPT-170)
Information: Changed wire load model for '*SUB_TC_OP_22_22_22' from '(none)' to 'ZeroWireload'. (OPT-170)
Information: Changed wire load model for 'DW01_dec_width6' from '(none)' to 'ZeroWireload'. (OPT-170)
Information: Changed wire load model for '*SUB_UNS_OP_5_1_6' from '(none)' to 'ZeroWireload'. (OPT-170)
Information: Changed wire load model for 'DW01_cmp2_width22' from '(none)' to 'ZeroWireload'. (OPT-170)
Information: Changed wire load model for '*LT_TC_OP_22_8_1' from '(none)' to 'ZeroWireload'. (OPT-170)
Information: Changed wire load model for 'DW01_cmp2_width22' from '(none)' to 'ZeroWireload'. (OPT-170)
Information: Changed wire load model for '*GT_TC_OP_22_8_1' from '(none)' to 'ZeroWireload'. (OPT-170)
Information: Changed wire load model for 'DW01_cmp2_width22' from '(none)' to 'ZeroWireload'. (OPT-170)
Information: Changed wire load model for '*GT_TC_OP_22_22_1' from '(none)' to 'ZeroWireload'. (OPT-170)
Information: Changed wire load model for 'DW01_cmp6_width22' from '(none)' to 'ZeroWireload'. (OPT-170)
Information: Changed wire load model for '*EQ_TC_OP_22_22_1' from '(none)' to 'ZeroWireload'. (OPT-170)
Information: Changed wire load model for 'DW01_ash_A_width22_SH_width32' from '(none)' to 'ZeroWireload'. (OPT-170)
Information: Changed wire load model for '*ASH_UNS_UNS_OP_22_32_22' from '(none)' to 'ZeroWireload'. (OPT-170)
Information: Changed wire load model for 'DW01_ash_A_width22_SH_width5' from '(none)' to 'ZeroWireload'. (OPT-170)
Information: Changed wire load model for '*ASH_UNS_UNS_OP_22_5_22' from '(none)' to 'ZeroWireload'. (OPT-170)
Information: Changed wire load model for 'DW_rash_A_width22_SH_width5' from '(none)' to 'ZeroWireload'. (OPT-170)
Information: Changed wire load model for '*ASHR_TC_UNS_OP_22_5_22' from '(none)' to 'ZeroWireload'. (OPT-170)
Information: Changed wire load model for 'DW01_add_width22' from '(none)' to 'ZeroWireload'. (OPT-170)
Information: Changed wire load model for '*ADD_TC_OP_22_2_22' from '(none)' to 'ZeroWireload'. (OPT-170)
Information: Changed wire load model for 'DW01_sub_width22' from '(none)' to 'ZeroWireload'. (OPT-170)
Information: Changed wire load model for '*SUB_TC_OP_22_22_22' from '(none)' to 'ZeroWireload'. (OPT-170)
Information: Changed wire load model for 'DW01_dec_width6' from '(none)' to 'ZeroWireload'. (OPT-170)
Information: Changed wire load model for '*SUB_UNS_OP_5_1_6' from '(none)' to 'ZeroWireload'. (OPT-170)
Information: Changed wire load model for 'DW01_cmp2_width22' from '(none)' to 'ZeroWireload'. (OPT-170)
Information: Changed wire load model for '*LT_TC_OP_22_8_1' from '(none)' to 'ZeroWireload'. (OPT-170)
Information: Changed wire load model for 'DW01_cmp2_width22' from '(none)' to 'ZeroWireload'. (OPT-170)
Information: Changed wire load model for '*GT_TC_OP_22_8_1' from '(none)' to 'ZeroWireload'. (OPT-170)
Information: Changed wire load model for 'DW01_cmp2_width22' from '(none)' to 'ZeroWireload'. (OPT-170)
Information: Changed wire load model for '*GT_TC_OP_22_22_1' from '(none)' to 'ZeroWireload'. (OPT-170)
Information: Changed wire load model for 'DW01_cmp6_width22' from '(none)' to 'ZeroWireload'. (OPT-170)
Information: Changed wire load model for '*EQ_TC_OP_22_22_1' from '(none)' to 'ZeroWireload'. (OPT-170)
Information: Changed wire load model for 'DW01_ash_A_width22_SH_width32' from '(none)' to 'ZeroWireload'. (OPT-170)
Information: Changed wire load model for '*ASH_UNS_UNS_OP_22_32_22' from '(none)' to 'ZeroWireload'. (OPT-170)
Information: Changed wire load model for 'DW01_ash_A_width22_SH_width5' from '(none)' to 'ZeroWireload'. (OPT-170)
Information: Changed wire load model for '*ASH_UNS_UNS_OP_22_5_22' from '(none)' to 'ZeroWireload'. (OPT-170)
Information: Changed wire load model for 'DW_rash_A_width22_SH_width5' from '(none)' to 'ZeroWireload'. (OPT-170)
Information: Changed wire load model for '*ASHR_TC_UNS_OP_22_5_22' from '(none)' to 'ZeroWireload'. (OPT-170)
Information: Changed wire load model for 'DW01_add_width22' from '(none)' to 'ZeroWireload'. (OPT-170)
Information: Changed wire load model for '*ADD_TC_OP_22_2_22' from '(none)' to 'ZeroWireload'. (OPT-170)
Information: Changed wire load model for 'DW01_sub_width22' from '(none)' to 'ZeroWireload'. (OPT-170)
Information: Changed wire load model for '*SUB_TC_OP_22_22_22' from '(none)' to 'ZeroWireload'. (OPT-170)
Information: Changed wire load model for 'DW01_dec_width6' from '(none)' to 'ZeroWireload'. (OPT-170)
Information: Changed wire load model for '*SUB_UNS_OP_5_1_6' from '(none)' to 'ZeroWireload'. (OPT-170)
Information: Changed wire load model for 'DW01_cmp2_width22' from '(none)' to 'ZeroWireload'. (OPT-170)
Information: Changed wire load model for '*LT_TC_OP_22_8_1' from '(none)' to 'ZeroWireload'. (OPT-170)
Information: Changed wire load model for 'DW01_cmp2_width22' from '(none)' to 'ZeroWireload'. (OPT-170)
Information: Changed wire load model for '*GT_TC_OP_22_8_1' from '(none)' to 'ZeroWireload'. (OPT-170)
Information: Changed wire load model for 'DW01_cmp2_width22' from '(none)' to 'ZeroWireload'. (OPT-170)
Information: Changed wire load model for '*GT_TC_OP_22_22_1' from '(none)' to 'ZeroWireload'. (OPT-170)
Information: Changed wire load model for 'DW01_cmp6_width22' from '(none)' to 'ZeroWireload'. (OPT-170)
Information: Changed wire load model for '*EQ_TC_OP_22_22_1' from '(none)' to 'ZeroWireload'. (OPT-170)
Information: Changed wire load model for 'DW01_ash_A_width22_SH_width32' from '(none)' to 'ZeroWireload'. (OPT-170)
Information: Changed wire load model for '*ASH_UNS_UNS_OP_22_32_22' from '(none)' to 'ZeroWireload'. (OPT-170)
Information: Changed wire load model for 'DW01_ash_A_width22_SH_width5' from '(none)' to 'ZeroWireload'. (OPT-170)
Information: Changed wire load model for '*ASH_UNS_UNS_OP_22_5_22' from '(none)' to 'ZeroWireload'. (OPT-170)
Information: Changed wire load model for 'DW_rash_A_width22_SH_width5' from '(none)' to 'ZeroWireload'. (OPT-170)
Information: Changed wire load model for '*ASHR_TC_UNS_OP_22_5_22' from '(none)' to 'ZeroWireload'. (OPT-170)
Information: Changed wire load model for 'DW01_add_width22' from '(none)' to 'ZeroWireload'. (OPT-170)
Information: Changed wire load model for '*ADD_TC_OP_22_2_22' from '(none)' to 'ZeroWireload'. (OPT-170)
Information: Changed wire load model for 'DW01_sub_width22' from '(none)' to 'ZeroWireload'. (OPT-170)
Information: Changed wire load model for '*SUB_TC_OP_22_22_22' from '(none)' to 'ZeroWireload'. (OPT-170)
Information: Changed wire load model for 'DW01_dec_width6' from '(none)' to 'ZeroWireload'. (OPT-170)
Information: Changed wire load model for '*SUB_UNS_OP_5_1_6' from '(none)' to 'ZeroWireload'. (OPT-170)
Information: Changed wire load model for 'DW01_cmp2_width22' from '(none)' to 'ZeroWireload'. (OPT-170)
Information: Changed wire load model for '*LT_TC_OP_22_8_1' from '(none)' to 'ZeroWireload'. (OPT-170)
Information: Changed wire load model for 'DW01_cmp2_width22' from '(none)' to 'ZeroWireload'. (OPT-170)
Information: Changed wire load model for '*GT_TC_OP_22_8_1' from '(none)' to 'ZeroWireload'. (OPT-170)
Information: Changed wire load model for 'DW01_cmp2_width22' from '(none)' to 'ZeroWireload'. (OPT-170)
Information: Changed wire load model for '*GT_TC_OP_22_22_1' from '(none)' to 'ZeroWireload'. (OPT-170)
Information: Changed wire load model for 'DW01_cmp6_width22' from '(none)' to 'ZeroWireload'. (OPT-170)
Information: Changed wire load model for '*EQ_TC_OP_22_22_1' from '(none)' to 'ZeroWireload'. (OPT-170)
Information: Changed wire load model for 'DW01_ash_A_width22_SH_width32' from '(none)' to 'ZeroWireload'. (OPT-170)
Information: Changed wire load model for '*ASH_UNS_UNS_OP_22_32_22' from '(none)' to 'ZeroWireload'. (OPT-170)
Information: Changed wire load model for 'DW01_ash_A_width22_SH_width5' from '(none)' to 'ZeroWireload'. (OPT-170)
Information: Changed wire load model for '*ASH_UNS_UNS_OP_22_5_22' from '(none)' to 'ZeroWireload'. (OPT-170)
Information: Changed wire load model for 'DW_rash_A_width22_SH_width5' from '(none)' to 'ZeroWireload'. (OPT-170)
Information: Changed wire load model for '*ASHR_TC_UNS_OP_22_5_22' from '(none)' to 'ZeroWireload'. (OPT-170)
Information: Changed wire load model for 'DW01_add_width22' from '(none)' to 'ZeroWireload'. (OPT-170)
Information: Changed wire load model for '*ADD_TC_OP_22_2_22' from '(none)' to 'ZeroWireload'. (OPT-170)
Information: Changed wire load model for 'DW01_sub_width22' from '(none)' to 'ZeroWireload'. (OPT-170)
Information: Changed wire load model for '*SUB_TC_OP_22_22_22' from '(none)' to 'ZeroWireload'. (OPT-170)
Information: Changed wire load model for 'DW01_dec_width6' from '(none)' to 'ZeroWireload'. (OPT-170)
Information: Changed wire load model for '*SUB_UNS_OP_5_1_6' from '(none)' to 'ZeroWireload'. (OPT-170)
Information: Changed wire load model for 'DW01_cmp2_width22' from '(none)' to 'ZeroWireload'. (OPT-170)
Information: Changed wire load model for '*LT_TC_OP_22_8_1' from '(none)' to 'ZeroWireload'. (OPT-170)
Information: Changed wire load model for 'DW01_cmp2_width22' from '(none)' to 'ZeroWireload'. (OPT-170)
Information: Changed wire load model for '*GT_TC_OP_22_8_1' from '(none)' to 'ZeroWireload'. (OPT-170)
Information: Changed wire load model for 'DW01_cmp2_width22' from '(none)' to 'ZeroWireload'. (OPT-170)
Information: Changed wire load model for '*GT_TC_OP_22_22_1' from '(none)' to 'ZeroWireload'. (OPT-170)
Information: Changed wire load model for 'DW01_cmp6_width22' from '(none)' to 'ZeroWireload'. (OPT-170)
Information: Changed wire load model for '*EQ_TC_OP_22_22_1' from '(none)' to 'ZeroWireload'. (OPT-170)
Information: Changed wire load model for 'DW01_ash_A_width22_SH_width32' from '(none)' to 'ZeroWireload'. (OPT-170)
Information: Changed wire load model for '*ASH_UNS_UNS_OP_22_32_22' from '(none)' to 'ZeroWireload'. (OPT-170)
Information: Changed wire load model for 'DW01_ash_A_width22_SH_width5' from '(none)' to 'ZeroWireload'. (OPT-170)
Information: Changed wire load model for '*ASH_UNS_UNS_OP_22_5_22' from '(none)' to 'ZeroWireload'. (OPT-170)
Information: Changed wire load model for 'DW_rash_A_width22_SH_width5' from '(none)' to 'ZeroWireload'. (OPT-170)
Information: Changed wire load model for '*ASHR_TC_UNS_OP_22_5_22' from '(none)' to 'ZeroWireload'. (OPT-170)
Information: Changed wire load model for 'DW01_add_width22' from '(none)' to 'ZeroWireload'. (OPT-170)
Information: Changed wire load model for '*ADD_TC_OP_22_2_22' from '(none)' to 'ZeroWireload'. (OPT-170)
Information: Changed wire load model for 'DW01_sub_width22' from '(none)' to 'ZeroWireload'. (OPT-170)
Information: Changed wire load model for '*SUB_TC_OP_22_22_22' from '(none)' to 'ZeroWireload'. (OPT-170)
Information: Changed wire load model for 'DW01_dec_width6' from '(none)' to 'ZeroWireload'. (OPT-170)
Information: Changed wire load model for '*SUB_UNS_OP_5_1_6' from '(none)' to 'ZeroWireload'. (OPT-170)
Information: Changed wire load model for 'DW01_cmp2_width22' from '(none)' to 'ZeroWireload'. (OPT-170)
Information: Changed wire load model for '*LT_TC_OP_22_8_1' from '(none)' to 'ZeroWireload'. (OPT-170)
Information: Changed wire load model for 'DW01_cmp2_width22' from '(none)' to 'ZeroWireload'. (OPT-170)
Information: Changed wire load model for '*GT_TC_OP_22_8_1' from '(none)' to 'ZeroWireload'. (OPT-170)
Information: Changed wire load model for 'DW01_cmp2_width22' from '(none)' to 'ZeroWireload'. (OPT-170)
Information: Changed wire load model for '*GT_TC_OP_22_22_1' from '(none)' to 'ZeroWireload'. (OPT-170)
Information: Changed wire load model for 'DW01_cmp6_width22' from '(none)' to 'ZeroWireload'. (OPT-170)
Information: Changed wire load model for '*EQ_TC_OP_22_22_1' from '(none)' to 'ZeroWireload'. (OPT-170)
Information: Changed wire load model for 'DW01_ash_A_width22_SH_width32' from '(none)' to 'ZeroWireload'. (OPT-170)
Information: Changed wire load model for '*ASH_UNS_UNS_OP_22_32_22' from '(none)' to 'ZeroWireload'. (OPT-170)
Information: Changed wire load model for 'DW01_ash_A_width22_SH_width5' from '(none)' to 'ZeroWireload'. (OPT-170)
Information: Changed wire load model for '*ASH_UNS_UNS_OP_22_5_22' from '(none)' to 'ZeroWireload'. (OPT-170)
Information: Changed wire load model for 'DW_rash_A_width22_SH_width5' from '(none)' to 'ZeroWireload'. (OPT-170)
Information: Changed wire load model for '*ASHR_TC_UNS_OP_22_5_22' from '(none)' to 'ZeroWireload'. (OPT-170)
Information: Changed wire load model for 'DW01_add_width22' from '(none)' to 'ZeroWireload'. (OPT-170)
Information: Changed wire load model for '*ADD_TC_OP_22_2_22' from '(none)' to 'ZeroWireload'. (OPT-170)
Information: Changed wire load model for 'DW01_sub_width22' from '(none)' to 'ZeroWireload'. (OPT-170)
Information: Changed wire load model for '*SUB_TC_OP_22_22_22' from '(none)' to 'ZeroWireload'. (OPT-170)
Information: Changed wire load model for 'DW01_dec_width6' from '(none)' to 'ZeroWireload'. (OPT-170)
Information: Changed wire load model for '*SUB_UNS_OP_5_1_6' from '(none)' to 'ZeroWireload'. (OPT-170)
Information: Changed wire load model for 'DW01_cmp2_width22' from '(none)' to 'ZeroWireload'. (OPT-170)
Information: Changed wire load model for '*LT_TC_OP_22_8_1' from '(none)' to 'ZeroWireload'. (OPT-170)
Information: Changed wire load model for 'DW01_cmp2_width22' from '(none)' to 'ZeroWireload'. (OPT-170)
Information: Changed wire load model for '*GT_TC_OP_22_8_1' from '(none)' to 'ZeroWireload'. (OPT-170)
Information: Changed wire load model for 'DW01_cmp2_width22' from '(none)' to 'ZeroWireload'. (OPT-170)
Information: Changed wire load model for '*GT_TC_OP_22_22_1' from '(none)' to 'ZeroWireload'. (OPT-170)
Information: Changed wire load model for 'DW01_cmp6_width22' from '(none)' to 'ZeroWireload'. (OPT-170)
Information: Changed wire load model for '*EQ_TC_OP_22_22_1' from '(none)' to 'ZeroWireload'. (OPT-170)
Information: Changed wire load model for 'DW01_ash_A_width22_SH_width32' from '(none)' to 'ZeroWireload'. (OPT-170)
Information: Changed wire load model for '*ASH_UNS_UNS_OP_22_32_22' from '(none)' to 'ZeroWireload'. (OPT-170)
Information: Changed wire load model for 'DW01_ash_A_width22_SH_width5' from '(none)' to 'ZeroWireload'. (OPT-170)
Information: Changed wire load model for '*ASH_UNS_UNS_OP_22_5_22' from '(none)' to 'ZeroWireload'. (OPT-170)
Information: Changed wire load model for 'DW_rash_A_width22_SH_width5' from '(none)' to 'ZeroWireload'. (OPT-170)
Information: Changed wire load model for '*ASHR_TC_UNS_OP_22_5_22' from '(none)' to 'ZeroWireload'. (OPT-170)
Information: Changed wire load model for 'DW01_add_width22' from '(none)' to 'ZeroWireload'. (OPT-170)
Information: Changed wire load model for '*ADD_TC_OP_22_2_22' from '(none)' to 'ZeroWireload'. (OPT-170)
Information: Changed wire load model for 'DW01_sub_width22' from '(none)' to 'ZeroWireload'. (OPT-170)
Information: Changed wire load model for '*SUB_TC_OP_22_22_22' from '(none)' to 'ZeroWireload'. (OPT-170)
Information: Changed wire load model for 'DW01_dec_width6' from '(none)' to 'ZeroWireload'. (OPT-170)
Information: Changed wire load model for '*SUB_UNS_OP_5_1_6' from '(none)' to 'ZeroWireload'. (OPT-170)
Information: Changed wire load model for 'DW01_cmp2_width22' from '(none)' to 'ZeroWireload'. (OPT-170)
Information: Changed wire load model for '*LT_TC_OP_22_8_1' from '(none)' to 'ZeroWireload'. (OPT-170)
Information: Changed wire load model for 'DW01_cmp2_width22' from '(none)' to 'ZeroWireload'. (OPT-170)
Information: Changed wire load model for '*GT_TC_OP_22_8_1' from '(none)' to 'ZeroWireload'. (OPT-170)
Information: Changed wire load model for 'DW01_cmp2_width22' from '(none)' to 'ZeroWireload'. (OPT-170)
Information: Changed wire load model for '*GT_TC_OP_22_22_1' from '(none)' to 'ZeroWireload'. (OPT-170)
Information: Changed wire load model for 'DW01_cmp6_width22' from '(none)' to 'ZeroWireload'. (OPT-170)
Information: Changed wire load model for '*EQ_TC_OP_22_22_1' from '(none)' to 'ZeroWireload'. (OPT-170)
Information: Changed wire load model for 'DW01_ash_A_width22_SH_width32' from '(none)' to 'ZeroWireload'. (OPT-170)
Information: Changed wire load model for '*ASH_UNS_UNS_OP_22_32_22' from '(none)' to 'ZeroWireload'. (OPT-170)
Information: Changed wire load model for 'DW01_ash_A_width22_SH_width5' from '(none)' to 'ZeroWireload'. (OPT-170)
Information: Changed wire load model for '*ASH_UNS_UNS_OP_22_5_22' from '(none)' to 'ZeroWireload'. (OPT-170)
Information: Changed wire load model for 'DW_rash_A_width22_SH_width5' from '(none)' to 'ZeroWireload'. (OPT-170)
Information: Changed wire load model for '*ASHR_TC_UNS_OP_22_5_22' from '(none)' to 'ZeroWireload'. (OPT-170)
Information: Changed wire load model for 'DW01_add_width22' from '(none)' to 'ZeroWireload'. (OPT-170)
Information: Changed wire load model for '*ADD_TC_OP_22_2_22' from '(none)' to 'ZeroWireload'. (OPT-170)
Information: Changed wire load model for 'DW01_sub_width22' from '(none)' to 'ZeroWireload'. (OPT-170)
Information: Changed wire load model for '*SUB_TC_OP_22_22_22' from '(none)' to 'ZeroWireload'. (OPT-170)
Information: Changed wire load model for 'DW01_dec_width6' from '(none)' to 'ZeroWireload'. (OPT-170)
Information: Changed wire load model for '*SUB_UNS_OP_5_1_6' from '(none)' to 'ZeroWireload'. (OPT-170)
Information: Changed wire load model for 'DW01_cmp2_width22' from '(none)' to 'ZeroWireload'. (OPT-170)
Information: Changed wire load model for '*LT_TC_OP_22_8_1' from '(none)' to 'ZeroWireload'. (OPT-170)
Information: Changed wire load model for 'DW01_cmp2_width22' from '(none)' to 'ZeroWireload'. (OPT-170)
Information: Changed wire load model for '*GT_TC_OP_22_8_1' from '(none)' to 'ZeroWireload'. (OPT-170)
Information: Changed wire load model for 'DW01_cmp2_width22' from '(none)' to 'ZeroWireload'. (OPT-170)
Information: Changed wire load model for '*GT_TC_OP_22_22_1' from '(none)' to 'ZeroWireload'. (OPT-170)
Information: Changed wire load model for 'DW01_cmp6_width22' from '(none)' to 'ZeroWireload'. (OPT-170)
Information: Changed wire load model for '*EQ_TC_OP_22_22_1' from '(none)' to 'ZeroWireload'. (OPT-170)
Information: Changed wire load model for 'DW01_ash_A_width22_SH_width32' from '(none)' to 'ZeroWireload'. (OPT-170)
Information: Changed wire load model for '*ASH_UNS_UNS_OP_22_32_22' from '(none)' to 'ZeroWireload'. (OPT-170)
Information: Changed wire load model for 'DW01_ash_A_width22_SH_width5' from '(none)' to 'ZeroWireload'. (OPT-170)
Information: Changed wire load model for '*ASH_UNS_UNS_OP_22_5_22' from '(none)' to 'ZeroWireload'. (OPT-170)
Information: Changed wire load model for 'DW_rash_A_width22_SH_width5' from '(none)' to 'ZeroWireload'. (OPT-170)
Information: Changed wire load model for '*ASHR_TC_UNS_OP_22_5_22' from '(none)' to 'ZeroWireload'. (OPT-170)
Information: Changed wire load model for 'DW01_add_width22' from '(none)' to 'ZeroWireload'. (OPT-170)
Information: Changed wire load model for '*ADD_TC_OP_22_2_22' from '(none)' to 'ZeroWireload'. (OPT-170)
Information: Changed wire load model for 'DW01_sub_width22' from '(none)' to 'ZeroWireload'. (OPT-170)
Information: Changed wire load model for '*SUB_TC_OP_22_22_22' from '(none)' to 'ZeroWireload'. (OPT-170)
Information: Changed wire load model for 'DW01_dec_width6' from '(none)' to 'ZeroWireload'. (OPT-170)
Information: Changed wire load model for '*SUB_UNS_OP_5_1_6' from '(none)' to 'ZeroWireload'. (OPT-170)
Information: Changed wire load model for 'DW01_cmp2_width22' from '(none)' to 'ZeroWireload'. (OPT-170)
Information: Changed wire load model for '*LT_TC_OP_22_8_1' from '(none)' to 'ZeroWireload'. (OPT-170)
Information: Changed wire load model for 'DW01_cmp2_width22' from '(none)' to 'ZeroWireload'. (OPT-170)
Information: Changed wire load model for '*GT_TC_OP_22_8_1' from '(none)' to 'ZeroWireload'. (OPT-170)
Information: Changed wire load model for 'DW01_cmp2_width22' from '(none)' to 'ZeroWireload'. (OPT-170)
Information: Changed wire load model for '*GT_TC_OP_22_22_1' from '(none)' to 'ZeroWireload'. (OPT-170)
Information: Changed wire load model for 'DW01_cmp6_width22' from '(none)' to 'ZeroWireload'. (OPT-170)
Information: Changed wire load model for '*EQ_TC_OP_22_22_1' from '(none)' to 'ZeroWireload'. (OPT-170)
Information: Changed wire load model for 'DW01_ash_A_width22_SH_width32' from '(none)' to 'ZeroWireload'. (OPT-170)
Information: Changed wire load model for '*ASH_UNS_UNS_OP_22_32_22' from '(none)' to 'ZeroWireload'. (OPT-170)
Information: Changed wire load model for 'DW01_ash_A_width22_SH_width5' from '(none)' to 'ZeroWireload'. (OPT-170)
Information: Changed wire load model for '*ASH_UNS_UNS_OP_22_5_22' from '(none)' to 'ZeroWireload'. (OPT-170)
Information: Changed wire load model for 'DW_rash_A_width22_SH_width5' from '(none)' to 'ZeroWireload'. (OPT-170)
Information: Changed wire load model for '*ASHR_TC_UNS_OP_22_5_22' from '(none)' to 'ZeroWireload'. (OPT-170)
Information: Changed wire load model for 'DW01_add_width22' from '(none)' to 'ZeroWireload'. (OPT-170)
Information: Changed wire load model for '*ADD_TC_OP_22_2_22' from '(none)' to 'ZeroWireload'. (OPT-170)
Information: Changed wire load model for 'DW01_sub_width22' from '(none)' to 'ZeroWireload'. (OPT-170)
Information: Changed wire load model for '*SUB_TC_OP_22_22_22' from '(none)' to 'ZeroWireload'. (OPT-170)
Information: Changed wire load model for 'DW01_dec_width6' from '(none)' to 'ZeroWireload'. (OPT-170)
Information: Changed wire load model for '*SUB_UNS_OP_5_1_6' from '(none)' to 'ZeroWireload'. (OPT-170)
Information: Changed wire load model for 'DW01_cmp2_width22' from '(none)' to 'ZeroWireload'. (OPT-170)
Information: Changed wire load model for '*LT_TC_OP_22_8_1' from '(none)' to 'ZeroWireload'. (OPT-170)
Information: Changed wire load model for 'DW01_cmp2_width22' from '(none)' to 'ZeroWireload'. (OPT-170)
Information: Changed wire load model for '*GT_TC_OP_22_8_1' from '(none)' to 'ZeroWireload'. (OPT-170)
Information: Changed wire load model for 'DW01_cmp2_width22' from '(none)' to 'ZeroWireload'. (OPT-170)
Information: Changed wire load model for '*GT_TC_OP_22_22_1' from '(none)' to 'ZeroWireload'. (OPT-170)
Information: Changed wire load model for 'DW01_cmp6_width22' from '(none)' to 'ZeroWireload'. (OPT-170)
Information: Changed wire load model for '*EQ_TC_OP_22_22_1' from '(none)' to 'ZeroWireload'. (OPT-170)
Information: Changed wire load model for 'DW01_ash_A_width22_SH_width32' from '(none)' to 'ZeroWireload'. (OPT-170)
Information: Changed wire load model for '*ASH_UNS_UNS_OP_22_32_22' from '(none)' to 'ZeroWireload'. (OPT-170)
Information: Changed wire load model for 'DW01_ash_A_width22_SH_width5' from '(none)' to 'ZeroWireload'. (OPT-170)
Information: Changed wire load model for '*ASH_UNS_UNS_OP_22_5_22' from '(none)' to 'ZeroWireload'. (OPT-170)
Information: Changed wire load model for 'DW_rash_A_width22_SH_width5' from '(none)' to 'ZeroWireload'. (OPT-170)
Information: Changed wire load model for '*ASHR_TC_UNS_OP_22_5_22' from '(none)' to 'ZeroWireload'. (OPT-170)
Information: Changed wire load model for 'DW01_add_width22' from '(none)' to 'ZeroWireload'. (OPT-170)
Information: Changed wire load model for '*ADD_TC_OP_22_2_22' from '(none)' to 'ZeroWireload'. (OPT-170)
Information: Changed wire load model for 'DW01_sub_width22' from '(none)' to 'ZeroWireload'. (OPT-170)
Information: Changed wire load model for '*SUB_TC_OP_22_22_22' from '(none)' to 'ZeroWireload'. (OPT-170)
Information: Changed wire load model for 'DW01_dec_width6' from '(none)' to 'ZeroWireload'. (OPT-170)
Information: Changed wire load model for '*SUB_UNS_OP_5_1_6' from '(none)' to 'ZeroWireload'. (OPT-170)
Information: Changed wire load model for 'DW01_cmp2_width22' from '(none)' to 'ZeroWireload'. (OPT-170)
Information: Changed wire load model for '*LT_TC_OP_22_8_1' from '(none)' to 'ZeroWireload'. (OPT-170)
Information: Changed wire load model for 'DW01_cmp2_width22' from '(none)' to 'ZeroWireload'. (OPT-170)
Information: Changed wire load model for '*GT_TC_OP_22_8_1' from '(none)' to 'ZeroWireload'. (OPT-170)
Information: Changed wire load model for 'DW01_cmp2_width22' from '(none)' to 'ZeroWireload'. (OPT-170)
Information: Changed wire load model for '*GT_TC_OP_22_22_1' from '(none)' to 'ZeroWireload'. (OPT-170)
Information: Changed wire load model for 'DW01_cmp6_width22' from '(none)' to 'ZeroWireload'. (OPT-170)
Information: Changed wire load model for '*EQ_TC_OP_22_22_1' from '(none)' to 'ZeroWireload'. (OPT-170)
Information: Changed wire load model for 'DW01_ash_A_width22_SH_width32' from '(none)' to 'ZeroWireload'. (OPT-170)
Information: Changed wire load model for '*ASH_UNS_UNS_OP_22_32_22' from '(none)' to 'ZeroWireload'. (OPT-170)
Information: Changed wire load model for 'DW01_ash_A_width22_SH_width5' from '(none)' to 'ZeroWireload'. (OPT-170)
Information: Changed wire load model for '*ASH_UNS_UNS_OP_22_5_22' from '(none)' to 'ZeroWireload'. (OPT-170)
Information: Changed wire load model for 'DW_rash_A_width22_SH_width5' from '(none)' to 'ZeroWireload'. (OPT-170)
Information: Changed wire load model for '*ASHR_TC_UNS_OP_22_5_22' from '(none)' to 'ZeroWireload'. (OPT-170)
Information: Changed wire load model for 'DW01_add_width22' from '(none)' to 'ZeroWireload'. (OPT-170)
Information: Changed wire load model for '*ADD_TC_OP_22_2_22' from '(none)' to 'ZeroWireload'. (OPT-170)
Information: Changed wire load model for 'DW01_sub_width22' from '(none)' to 'ZeroWireload'. (OPT-170)
Information: Changed wire load model for '*SUB_TC_OP_22_22_22' from '(none)' to 'ZeroWireload'. (OPT-170)
Information: Changed wire load model for 'DW01_dec_width6' from '(none)' to 'ZeroWireload'. (OPT-170)
Information: Changed wire load model for '*SUB_UNS_OP_5_1_6' from '(none)' to 'ZeroWireload'. (OPT-170)
Information: Changed wire load model for 'DW01_cmp2_width22' from '(none)' to 'ZeroWireload'. (OPT-170)
Information: Changed wire load model for '*LT_TC_OP_22_8_1' from '(none)' to 'ZeroWireload'. (OPT-170)
Information: Changed wire load model for 'DW01_cmp2_width22' from '(none)' to 'ZeroWireload'. (OPT-170)
Information: Changed wire load model for '*GT_TC_OP_22_8_1' from '(none)' to 'ZeroWireload'. (OPT-170)
Information: Changed wire load model for 'DW01_cmp2_width22' from '(none)' to 'ZeroWireload'. (OPT-170)
Information: Changed wire load model for '*GT_TC_OP_22_22_1' from '(none)' to 'ZeroWireload'. (OPT-170)
Information: Changed wire load model for 'DW01_cmp6_width22' from '(none)' to 'ZeroWireload'. (OPT-170)
Information: Changed wire load model for '*EQ_TC_OP_22_22_1' from '(none)' to 'ZeroWireload'. (OPT-170)
Information: Changed wire load model for 'DW01_ash_A_width22_SH_width32' from '(none)' to 'ZeroWireload'. (OPT-170)
Information: Changed wire load model for '*ASH_UNS_UNS_OP_22_32_22' from '(none)' to 'ZeroWireload'. (OPT-170)
Information: Changed wire load model for 'DW01_ash_A_width22_SH_width5' from '(none)' to 'ZeroWireload'. (OPT-170)
Information: Changed wire load model for '*ASH_UNS_UNS_OP_22_5_22' from '(none)' to 'ZeroWireload'. (OPT-170)
Information: Changed wire load model for 'DW_rash_A_width22_SH_width5' from '(none)' to 'ZeroWireload'. (OPT-170)
Information: Changed wire load model for '*ASHR_TC_UNS_OP_22_5_22' from '(none)' to 'ZeroWireload'. (OPT-170)
Information: Changed wire load model for 'DW01_add_width22' from '(none)' to 'ZeroWireload'. (OPT-170)
Information: Changed wire load model for '*ADD_TC_OP_22_2_22' from '(none)' to 'ZeroWireload'. (OPT-170)
Information: Changed wire load model for 'DW01_sub_width22' from '(none)' to 'ZeroWireload'. (OPT-170)
Information: Changed wire load model for '*SUB_TC_OP_22_22_22' from '(none)' to 'ZeroWireload'. (OPT-170)
Information: Changed wire load model for 'DW01_dec_width6' from '(none)' to 'ZeroWireload'. (OPT-170)
Information: Changed wire load model for '*SUB_UNS_OP_5_1_6' from '(none)' to 'ZeroWireload'. (OPT-170)
Information: Changed wire load model for 'DW01_cmp2_width22' from '(none)' to 'ZeroWireload'. (OPT-170)
Information: Changed wire load model for '*LT_TC_OP_22_8_1' from '(none)' to 'ZeroWireload'. (OPT-170)
Information: Changed wire load model for 'DW01_cmp2_width22' from '(none)' to 'ZeroWireload'. (OPT-170)
Information: Changed wire load model for '*GT_TC_OP_22_8_1' from '(none)' to 'ZeroWireload'. (OPT-170)
Information: Changed wire load model for 'DW01_cmp2_width22' from '(none)' to 'ZeroWireload'. (OPT-170)
Information: Changed wire load model for '*GT_TC_OP_22_22_1' from '(none)' to 'ZeroWireload'. (OPT-170)
Information: Changed wire load model for 'DW01_cmp6_width22' from '(none)' to 'ZeroWireload'. (OPT-170)
Information: Changed wire load model for '*EQ_TC_OP_22_22_1' from '(none)' to 'ZeroWireload'. (OPT-170)
Information: Changed wire load model for 'DW01_ash_A_width22_SH_width32' from '(none)' to 'ZeroWireload'. (OPT-170)
Information: Changed wire load model for '*ASH_UNS_UNS_OP_22_32_22' from '(none)' to 'ZeroWireload'. (OPT-170)
Information: Changed wire load model for 'DW01_ash_A_width22_SH_width5' from '(none)' to 'ZeroWireload'. (OPT-170)
Information: Changed wire load model for '*ASH_UNS_UNS_OP_22_5_22' from '(none)' to 'ZeroWireload'. (OPT-170)
Information: Changed wire load model for 'DW_rash_A_width22_SH_width5' from '(none)' to 'ZeroWireload'. (OPT-170)
Information: Changed wire load model for '*ASHR_TC_UNS_OP_22_5_22' from '(none)' to 'ZeroWireload'. (OPT-170)
Information: Changed wire load model for 'DW01_add_width22' from '(none)' to 'ZeroWireload'. (OPT-170)
Information: Changed wire load model for '*ADD_TC_OP_22_2_22' from '(none)' to 'ZeroWireload'. (OPT-170)
Information: Changed wire load model for 'DW01_sub_width22' from '(none)' to 'ZeroWireload'. (OPT-170)
Information: Changed wire load model for '*SUB_TC_OP_22_22_22' from '(none)' to 'ZeroWireload'. (OPT-170)
Information: Changed wire load model for 'DW01_dec_width6' from '(none)' to 'ZeroWireload'. (OPT-170)
Information: Changed wire load model for '*SUB_UNS_OP_5_1_6' from '(none)' to 'ZeroWireload'. (OPT-170)
Information: Changed wire load model for 'DW01_cmp2_width22' from '(none)' to 'ZeroWireload'. (OPT-170)
Information: Changed wire load model for '*LT_TC_OP_22_8_1' from '(none)' to 'ZeroWireload'. (OPT-170)
Information: Changed wire load model for 'DW01_cmp2_width22' from '(none)' to 'ZeroWireload'. (OPT-170)
Information: Changed wire load model for '*GT_TC_OP_22_8_1' from '(none)' to 'ZeroWireload'. (OPT-170)
Information: Changed wire load model for 'DW01_cmp2_width22' from '(none)' to 'ZeroWireload'. (OPT-170)
Information: Changed wire load model for '*GT_TC_OP_22_22_1' from '(none)' to 'ZeroWireload'. (OPT-170)
Information: Changed wire load model for 'DW01_cmp6_width22' from '(none)' to 'ZeroWireload'. (OPT-170)
Information: Changed wire load model for '*EQ_TC_OP_22_22_1' from '(none)' to 'ZeroWireload'. (OPT-170)
Information: Changed wire load model for 'DW01_ash_A_width22_SH_width32' from '(none)' to 'ZeroWireload'. (OPT-170)
Information: Changed wire load model for '*ASH_UNS_UNS_OP_22_32_22' from '(none)' to 'ZeroWireload'. (OPT-170)
Information: Changed wire load model for 'DW01_ash_A_width22_SH_width5' from '(none)' to 'ZeroWireload'. (OPT-170)
Information: Changed wire load model for '*ASH_UNS_UNS_OP_22_5_22' from '(none)' to 'ZeroWireload'. (OPT-170)
Information: Changed wire load model for 'DW_rash_A_width22_SH_width5' from '(none)' to 'ZeroWireload'. (OPT-170)
Information: Changed wire load model for '*ASHR_TC_UNS_OP_22_5_22' from '(none)' to 'ZeroWireload'. (OPT-170)
Information: Changed wire load model for 'DW01_cmp2_width5' from '(none)' to 'ZeroWireload'. (OPT-170)
Information: Changed wire load model for '*GT_UNS_OP_5_3_1' from '(none)' to 'ZeroWireload'. (OPT-170)
Information: Changed wire load model for 'DW01_cmp2_width22' from '(none)' to 'ZeroWireload'. (OPT-170)
Information: Changed wire load model for '*GT_UNS_OP_22_22_1' from '(none)' to 'ZeroWireload'. (OPT-170)
Information: Changed wire load model for 'DW01_cmp2_width22' from '(none)' to 'ZeroWireload'. (OPT-170)
Information: Changed wire load model for '*GT_UNS_OP_22_22_1' from '(none)' to 'ZeroWireload'. (OPT-170)
Information: Changed wire load model for 'DW01_cmp2_width22' from '(none)' to 'ZeroWireload'. (OPT-170)
Information: Changed wire load model for '*GT_UNS_OP_22_22_1' from '(none)' to 'ZeroWireload'. (OPT-170)
Information: Changed wire load model for 'DW01_cmp2_width22' from '(none)' to 'ZeroWireload'. (OPT-170)
Information: Changed wire load model for '*GT_UNS_OP_22_22_1' from '(none)' to 'ZeroWireload'. (OPT-170)
Information: Changed wire load model for 'DW01_cmp2_width22' from '(none)' to 'ZeroWireload'. (OPT-170)
Information: Changed wire load model for '*GT_UNS_OP_22_22_1' from '(none)' to 'ZeroWireload'. (OPT-170)
Information: Changed wire load model for 'DW01_cmp2_width22' from '(none)' to 'ZeroWireload'. (OPT-170)
Information: Changed wire load model for '*GT_UNS_OP_22_22_1' from '(none)' to 'ZeroWireload'. (OPT-170)
Information: Changed wire load model for 'DW01_cmp2_width22' from '(none)' to 'ZeroWireload'. (OPT-170)
Information: Changed wire load model for '*GT_UNS_OP_22_22_1' from '(none)' to 'ZeroWireload'. (OPT-170)
Information: Changed wire load model for 'DW01_cmp2_width22' from '(none)' to 'ZeroWireload'. (OPT-170)
Information: Changed wire load model for '*GT_UNS_OP_22_22_1' from '(none)' to 'ZeroWireload'. (OPT-170)
Information: Changed wire load model for 'DW01_cmp2_width22' from '(none)' to 'ZeroWireload'. (OPT-170)
Information: Changed wire load model for '*GT_UNS_OP_22_22_1' from '(none)' to 'ZeroWireload'. (OPT-170)
Information: Changed wire load model for 'DW01_cmp2_width22' from '(none)' to 'ZeroWireload'. (OPT-170)
Information: Changed wire load model for '*GT_UNS_OP_22_22_1' from '(none)' to 'ZeroWireload'. (OPT-170)
Information: Changed wire load model for 'DW01_cmp2_width22' from '(none)' to 'ZeroWireload'. (OPT-170)
Information: Changed wire load model for '*GT_UNS_OP_22_22_1' from '(none)' to 'ZeroWireload'. (OPT-170)
Information: Changed wire load model for 'DW01_cmp2_width22' from '(none)' to 'ZeroWireload'. (OPT-170)
Information: Changed wire load model for '*GT_UNS_OP_22_22_1' from '(none)' to 'ZeroWireload'. (OPT-170)
Information: Changed wire load model for 'DW01_cmp2_width22' from '(none)' to 'ZeroWireload'. (OPT-170)
Information: Changed wire load model for '*GT_UNS_OP_22_22_1' from '(none)' to 'ZeroWireload'. (OPT-170)
Information: Changed wire load model for 'DW01_cmp2_width22' from '(none)' to 'ZeroWireload'. (OPT-170)
Information: Changed wire load model for '*GT_UNS_OP_22_22_1' from '(none)' to 'ZeroWireload'. (OPT-170)
Information: Changed wire load model for 'DW01_cmp2_width22' from '(none)' to 'ZeroWireload'. (OPT-170)
Information: Changed wire load model for '*GT_UNS_OP_22_22_1' from '(none)' to 'ZeroWireload'. (OPT-170)
Information: Changed wire load model for 'DW01_cmp2_width22' from '(none)' to 'ZeroWireload'. (OPT-170)
Information: Changed wire load model for '*GT_UNS_OP_22_1_1' from '(none)' to 'ZeroWireload'. (OPT-170)
Information: Changed wire load model for 'DW01_cmp2_width22' from '(none)' to 'ZeroWireload'. (OPT-170)
Information: Changed wire load model for '*LT_TC_OP_22_1_1' from '(none)' to 'ZeroWireload'. (OPT-170)
Information: Changed wire load model for 'DW01_cmp2_width22' from '(none)' to 'ZeroWireload'. (OPT-170)
Information: Changed wire load model for '*LT_TC_OP_22_1_1' from '(none)' to 'ZeroWireload'. (OPT-170)
Information: Changed wire load model for 'DW01_cmp2_width22' from '(none)' to 'ZeroWireload'. (OPT-170)
Information: Changed wire load model for '*LT_TC_OP_22_1_1' from '(none)' to 'ZeroWireload'. (OPT-170)
Information: Changed wire load model for 'DW01_cmp2_width22' from '(none)' to 'ZeroWireload'. (OPT-170)
Information: Changed wire load model for '*LT_TC_OP_22_1_1' from '(none)' to 'ZeroWireload'. (OPT-170)
Information: Changed wire load model for 'DW01_cmp2_width22' from '(none)' to 'ZeroWireload'. (OPT-170)
Information: Changed wire load model for '*LT_TC_OP_22_1_1' from '(none)' to 'ZeroWireload'. (OPT-170)
Information: Changed wire load model for 'DW01_cmp2_width22' from '(none)' to 'ZeroWireload'. (OPT-170)
Information: Changed wire load model for '*LT_TC_OP_22_1_1' from '(none)' to 'ZeroWireload'. (OPT-170)
Information: Changed wire load model for 'DW01_cmp2_width22' from '(none)' to 'ZeroWireload'. (OPT-170)
Information: Changed wire load model for '*LT_TC_OP_22_1_1' from '(none)' to 'ZeroWireload'. (OPT-170)
Information: Changed wire load model for 'DW01_cmp2_width22' from '(none)' to 'ZeroWireload'. (OPT-170)
Information: Changed wire load model for '*LT_TC_OP_22_1_1' from '(none)' to 'ZeroWireload'. (OPT-170)
Information: Changed wire load model for 'DW01_cmp2_width22' from '(none)' to 'ZeroWireload'. (OPT-170)
Information: Changed wire load model for '*LT_TC_OP_22_1_1' from '(none)' to 'ZeroWireload'. (OPT-170)
Information: Changed wire load model for 'DW01_cmp2_width22' from '(none)' to 'ZeroWireload'. (OPT-170)
Information: Changed wire load model for '*LT_TC_OP_22_1_1' from '(none)' to 'ZeroWireload'. (OPT-170)
Information: Changed wire load model for 'DW01_cmp2_width22' from '(none)' to 'ZeroWireload'. (OPT-170)
Information: Changed wire load model for '*LT_TC_OP_22_1_1' from '(none)' to 'ZeroWireload'. (OPT-170)
Information: Changed wire load model for 'DW01_cmp2_width22' from '(none)' to 'ZeroWireload'. (OPT-170)
Information: Changed wire load model for '*LT_TC_OP_22_1_1' from '(none)' to 'ZeroWireload'. (OPT-170)
Information: Changed wire load model for 'DW01_cmp2_width22' from '(none)' to 'ZeroWireload'. (OPT-170)
Information: Changed wire load model for '*LT_TC_OP_22_1_1' from '(none)' to 'ZeroWireload'. (OPT-170)
Information: Changed wire load model for 'DW01_cmp2_width22' from '(none)' to 'ZeroWireload'. (OPT-170)
Information: Changed wire load model for '*LT_TC_OP_22_1_1' from '(none)' to 'ZeroWireload'. (OPT-170)
Information: Changed wire load model for 'DW01_cmp2_width22' from '(none)' to 'ZeroWireload'. (OPT-170)
Information: Changed wire load model for '*LT_TC_OP_22_1_1' from '(none)' to 'ZeroWireload'. (OPT-170)
Information: Changed wire load model for 'DW01_cmp2_width22' from '(none)' to 'ZeroWireload'. (OPT-170)
Information: Changed wire load model for '*LT_TC_OP_22_1_1' from '(none)' to 'ZeroWireload'. (OPT-170)
Information: Changed wire load model for 'DW01_sub_width4' from '(none)' to 'ZeroWireload'. (OPT-170)
Information: Changed wire load model for '*SUB_UNS_OP_4_3_4' from '(none)' to 'ZeroWireload'. (OPT-170)
Information: Changed wire load model for 'DW01_sub_width15' from '(none)' to 'ZeroWireload'. (OPT-170)
Information: Changed wire load model for '*SUB_TC_OP_1_15_15' from '(none)' to 'ZeroWireload'. (OPT-170)
Information: Changed wire load model for 'DW01_sub_width15' from '(none)' to 'ZeroWireload'. (OPT-170)
Information: Changed wire load model for '*SUB_TC_OP_1_15_15' from '(none)' to 'ZeroWireload'. (OPT-170)
Information: Changed wire load model for 'DW01_sub_width15' from '(none)' to 'ZeroWireload'. (OPT-170)
Information: Changed wire load model for '*SUB_TC_OP_1_15_15' from '(none)' to 'ZeroWireload'. (OPT-170)
Information: Changed wire load model for 'DW01_sub_width15' from '(none)' to 'ZeroWireload'. (OPT-170)
Information: Changed wire load model for '*SUB_TC_OP_1_15_15' from '(none)' to 'ZeroWireload'. (OPT-170)
Information: Changed wire load model for 'DW01_sub_width15' from '(none)' to 'ZeroWireload'. (OPT-170)
Information: Changed wire load model for '*SUB_TC_OP_1_15_15' from '(none)' to 'ZeroWireload'. (OPT-170)
Information: Changed wire load model for 'DW01_sub_width15' from '(none)' to 'ZeroWireload'. (OPT-170)
Information: Changed wire load model for '*SUB_TC_OP_1_15_15' from '(none)' to 'ZeroWireload'. (OPT-170)
Information: Changed wire load model for 'DW01_sub_width15' from '(none)' to 'ZeroWireload'. (OPT-170)
Information: Changed wire load model for '*SUB_TC_OP_1_15_15' from '(none)' to 'ZeroWireload'. (OPT-170)
Information: Changed wire load model for 'DW01_sub_width15' from '(none)' to 'ZeroWireload'. (OPT-170)
Information: Changed wire load model for '*SUB_TC_OP_1_15_15' from '(none)' to 'ZeroWireload'. (OPT-170)
Information: Changed wire load model for 'DW01_sub_width15' from '(none)' to 'ZeroWireload'. (OPT-170)
Information: Changed wire load model for '*SUB_TC_OP_1_15_15' from '(none)' to 'ZeroWireload'. (OPT-170)
Information: Changed wire load model for 'DW01_sub_width15' from '(none)' to 'ZeroWireload'. (OPT-170)
Information: Changed wire load model for '*SUB_TC_OP_1_15_15' from '(none)' to 'ZeroWireload'. (OPT-170)
Information: Changed wire load model for 'DW01_sub_width15' from '(none)' to 'ZeroWireload'. (OPT-170)
Information: Changed wire load model for '*SUB_TC_OP_1_15_15' from '(none)' to 'ZeroWireload'. (OPT-170)
Information: Changed wire load model for 'DW01_sub_width15' from '(none)' to 'ZeroWireload'. (OPT-170)
Information: Changed wire load model for '*SUB_TC_OP_1_15_15' from '(none)' to 'ZeroWireload'. (OPT-170)
Information: Changed wire load model for 'DW01_sub_width15' from '(none)' to 'ZeroWireload'. (OPT-170)
Information: Changed wire load model for '*SUB_TC_OP_1_15_15' from '(none)' to 'ZeroWireload'. (OPT-170)
Information: Changed wire load model for 'DW01_sub_width15' from '(none)' to 'ZeroWireload'. (OPT-170)
Information: Changed wire load model for '*SUB_TC_OP_1_15_15' from '(none)' to 'ZeroWireload'. (OPT-170)
Information: Changed wire load model for 'DW01_sub_width15' from '(none)' to 'ZeroWireload'. (OPT-170)
Information: Changed wire load model for '*SUB_TC_OP_1_15_15' from '(none)' to 'ZeroWireload'. (OPT-170)
Information: Changed wire load model for 'DW01_sub_width15' from '(none)' to 'ZeroWireload'. (OPT-170)
Information: Changed wire load model for '*SUB_TC_OP_1_15_15' from '(none)' to 'ZeroWireload'. (OPT-170)
Information: Changed wire load model for 'DW01_add_width15' from '(none)' to 'ZeroWireload'. (OPT-170)
Information: Changed wire load model for '*ADD_TC_OP_15_2_15' from '(none)' to 'ZeroWireload'. (OPT-170)
Information: Changed wire load model for 'DW01_sub_width15' from '(none)' to 'ZeroWireload'. (OPT-170)
Information: Changed wire load model for '*SUB_TC_OP_15_15_15' from '(none)' to 'ZeroWireload'. (OPT-170)
Information: Changed wire load model for 'DW01_dec_width5' from '(none)' to 'ZeroWireload'. (OPT-170)
Information: Changed wire load model for '*SUB_UNS_OP_4_1_5' from '(none)' to 'ZeroWireload'. (OPT-170)
Information: Changed wire load model for 'DW01_cmp2_width15' from '(none)' to 'ZeroWireload'. (OPT-170)
Information: Changed wire load model for '*LT_TC_OP_15_8_1' from '(none)' to 'ZeroWireload'. (OPT-170)
Information: Changed wire load model for 'DW01_cmp2_width15' from '(none)' to 'ZeroWireload'. (OPT-170)
Information: Changed wire load model for '*GT_TC_OP_15_8_1' from '(none)' to 'ZeroWireload'. (OPT-170)
Information: Changed wire load model for 'DW01_cmp2_width15' from '(none)' to 'ZeroWireload'. (OPT-170)
Information: Changed wire load model for '*GT_TC_OP_15_15_1' from '(none)' to 'ZeroWireload'. (OPT-170)
Information: Changed wire load model for 'DW01_cmp6_width15' from '(none)' to 'ZeroWireload'. (OPT-170)
Information: Changed wire load model for '*EQ_TC_OP_15_15_1' from '(none)' to 'ZeroWireload'. (OPT-170)
Information: Changed wire load model for 'DW01_ash_A_width15_SH_width32' from '(none)' to 'ZeroWireload'. (OPT-170)
Information: Changed wire load model for '*ASH_UNS_UNS_OP_15_32_15' from '(none)' to 'ZeroWireload'. (OPT-170)
Information: Changed wire load model for 'DW01_ash_A_width15_SH_width4' from '(none)' to 'ZeroWireload'. (OPT-170)
Information: Changed wire load model for '*ASH_UNS_UNS_OP_15_4_15' from '(none)' to 'ZeroWireload'. (OPT-170)
Information: Changed wire load model for 'DW_rash_A_width15_SH_width4' from '(none)' to 'ZeroWireload'. (OPT-170)
Information: Changed wire load model for '*ASHR_TC_UNS_OP_15_4_15' from '(none)' to 'ZeroWireload'. (OPT-170)
Information: Changed wire load model for 'DW01_add_width15' from '(none)' to 'ZeroWireload'. (OPT-170)
Information: Changed wire load model for '*ADD_TC_OP_15_2_15' from '(none)' to 'ZeroWireload'. (OPT-170)
Information: Changed wire load model for 'DW01_sub_width15' from '(none)' to 'ZeroWireload'. (OPT-170)
Information: Changed wire load model for '*SUB_TC_OP_15_15_15' from '(none)' to 'ZeroWireload'. (OPT-170)
Information: Changed wire load model for 'DW01_dec_width5' from '(none)' to 'ZeroWireload'. (OPT-170)
Information: Changed wire load model for '*SUB_UNS_OP_4_1_5' from '(none)' to 'ZeroWireload'. (OPT-170)
Information: Changed wire load model for 'DW01_cmp2_width15' from '(none)' to 'ZeroWireload'. (OPT-170)
Information: Changed wire load model for '*LT_TC_OP_15_8_1' from '(none)' to 'ZeroWireload'. (OPT-170)
Information: Changed wire load model for 'DW01_cmp2_width15' from '(none)' to 'ZeroWireload'. (OPT-170)
Information: Changed wire load model for '*GT_TC_OP_15_8_1' from '(none)' to 'ZeroWireload'. (OPT-170)
Information: Changed wire load model for 'DW01_cmp2_width15' from '(none)' to 'ZeroWireload'. (OPT-170)
Information: Changed wire load model for '*GT_TC_OP_15_15_1' from '(none)' to 'ZeroWireload'. (OPT-170)
Information: Changed wire load model for 'DW01_cmp6_width15' from '(none)' to 'ZeroWireload'. (OPT-170)
Information: Changed wire load model for '*EQ_TC_OP_15_15_1' from '(none)' to 'ZeroWireload'. (OPT-170)
Information: Changed wire load model for 'DW01_ash_A_width15_SH_width32' from '(none)' to 'ZeroWireload'. (OPT-170)
Information: Changed wire load model for '*ASH_UNS_UNS_OP_15_32_15' from '(none)' to 'ZeroWireload'. (OPT-170)
Information: Changed wire load model for 'DW01_ash_A_width15_SH_width4' from '(none)' to 'ZeroWireload'. (OPT-170)
Information: Changed wire load model for '*ASH_UNS_UNS_OP_15_4_15' from '(none)' to 'ZeroWireload'. (OPT-170)
Information: Changed wire load model for 'DW_rash_A_width15_SH_width4' from '(none)' to 'ZeroWireload'. (OPT-170)
Information: Changed wire load model for '*ASHR_TC_UNS_OP_15_4_15' from '(none)' to 'ZeroWireload'. (OPT-170)
Information: Changed wire load model for 'DW01_add_width15' from '(none)' to 'ZeroWireload'. (OPT-170)
Information: Changed wire load model for '*ADD_TC_OP_15_2_15' from '(none)' to 'ZeroWireload'. (OPT-170)
Information: Changed wire load model for 'DW01_sub_width15' from '(none)' to 'ZeroWireload'. (OPT-170)
Information: Changed wire load model for '*SUB_TC_OP_15_15_15' from '(none)' to 'ZeroWireload'. (OPT-170)
Information: Changed wire load model for 'DW01_dec_width5' from '(none)' to 'ZeroWireload'. (OPT-170)
Information: Changed wire load model for '*SUB_UNS_OP_4_1_5' from '(none)' to 'ZeroWireload'. (OPT-170)
Information: Changed wire load model for 'DW01_cmp2_width15' from '(none)' to 'ZeroWireload'. (OPT-170)
Information: Changed wire load model for '*LT_TC_OP_15_8_1' from '(none)' to 'ZeroWireload'. (OPT-170)
Information: Changed wire load model for 'DW01_cmp2_width15' from '(none)' to 'ZeroWireload'. (OPT-170)
Information: Changed wire load model for '*GT_TC_OP_15_8_1' from '(none)' to 'ZeroWireload'. (OPT-170)
Information: Changed wire load model for 'DW01_cmp2_width15' from '(none)' to 'ZeroWireload'. (OPT-170)
Information: Changed wire load model for '*GT_TC_OP_15_15_1' from '(none)' to 'ZeroWireload'. (OPT-170)
Information: Changed wire load model for 'DW01_cmp6_width15' from '(none)' to 'ZeroWireload'. (OPT-170)
Information: Changed wire load model for '*EQ_TC_OP_15_15_1' from '(none)' to 'ZeroWireload'. (OPT-170)
Information: Changed wire load model for 'DW01_ash_A_width15_SH_width32' from '(none)' to 'ZeroWireload'. (OPT-170)
Information: Changed wire load model for '*ASH_UNS_UNS_OP_15_32_15' from '(none)' to 'ZeroWireload'. (OPT-170)
Information: Changed wire load model for 'DW01_ash_A_width15_SH_width4' from '(none)' to 'ZeroWireload'. (OPT-170)
Information: Changed wire load model for '*ASH_UNS_UNS_OP_15_4_15' from '(none)' to 'ZeroWireload'. (OPT-170)
Information: Changed wire load model for 'DW_rash_A_width15_SH_width4' from '(none)' to 'ZeroWireload'. (OPT-170)
Information: Changed wire load model for '*ASHR_TC_UNS_OP_15_4_15' from '(none)' to 'ZeroWireload'. (OPT-170)
Information: Changed wire load model for 'DW01_add_width15' from '(none)' to 'ZeroWireload'. (OPT-170)
Information: Changed wire load model for '*ADD_TC_OP_15_2_15' from '(none)' to 'ZeroWireload'. (OPT-170)
Information: Changed wire load model for 'DW01_sub_width15' from '(none)' to 'ZeroWireload'. (OPT-170)
Information: Changed wire load model for '*SUB_TC_OP_15_15_15' from '(none)' to 'ZeroWireload'. (OPT-170)
Information: Changed wire load model for 'DW01_dec_width5' from '(none)' to 'ZeroWireload'. (OPT-170)
Information: Changed wire load model for '*SUB_UNS_OP_4_1_5' from '(none)' to 'ZeroWireload'. (OPT-170)
Information: Changed wire load model for 'DW01_cmp2_width15' from '(none)' to 'ZeroWireload'. (OPT-170)
Information: Changed wire load model for '*LT_TC_OP_15_8_1' from '(none)' to 'ZeroWireload'. (OPT-170)
Information: Changed wire load model for 'DW01_cmp2_width15' from '(none)' to 'ZeroWireload'. (OPT-170)
Information: Changed wire load model for '*GT_TC_OP_15_8_1' from '(none)' to 'ZeroWireload'. (OPT-170)
Information: Changed wire load model for 'DW01_cmp2_width15' from '(none)' to 'ZeroWireload'. (OPT-170)
Information: Changed wire load model for '*GT_TC_OP_15_15_1' from '(none)' to 'ZeroWireload'. (OPT-170)
Information: Changed wire load model for 'DW01_cmp6_width15' from '(none)' to 'ZeroWireload'. (OPT-170)
Information: Changed wire load model for '*EQ_TC_OP_15_15_1' from '(none)' to 'ZeroWireload'. (OPT-170)
Information: Changed wire load model for 'DW01_ash_A_width15_SH_width32' from '(none)' to 'ZeroWireload'. (OPT-170)
Information: Changed wire load model for '*ASH_UNS_UNS_OP_15_32_15' from '(none)' to 'ZeroWireload'. (OPT-170)
Information: Changed wire load model for 'DW01_ash_A_width15_SH_width4' from '(none)' to 'ZeroWireload'. (OPT-170)
Information: Changed wire load model for '*ASH_UNS_UNS_OP_15_4_15' from '(none)' to 'ZeroWireload'. (OPT-170)
Information: Changed wire load model for 'DW_rash_A_width15_SH_width4' from '(none)' to 'ZeroWireload'. (OPT-170)
Information: Changed wire load model for '*ASHR_TC_UNS_OP_15_4_15' from '(none)' to 'ZeroWireload'. (OPT-170)
Information: Changed wire load model for 'DW01_add_width15' from '(none)' to 'ZeroWireload'. (OPT-170)
Information: Changed wire load model for '*ADD_TC_OP_15_2_15' from '(none)' to 'ZeroWireload'. (OPT-170)
Information: Changed wire load model for 'DW01_sub_width15' from '(none)' to 'ZeroWireload'. (OPT-170)
Information: Changed wire load model for '*SUB_TC_OP_15_15_15' from '(none)' to 'ZeroWireload'. (OPT-170)
Information: Changed wire load model for 'DW01_dec_width5' from '(none)' to 'ZeroWireload'. (OPT-170)
Information: Changed wire load model for '*SUB_UNS_OP_4_1_5' from '(none)' to 'ZeroWireload'. (OPT-170)
Information: Changed wire load model for 'DW01_cmp2_width15' from '(none)' to 'ZeroWireload'. (OPT-170)
Information: Changed wire load model for '*LT_TC_OP_15_8_1' from '(none)' to 'ZeroWireload'. (OPT-170)
Information: Changed wire load model for 'DW01_cmp2_width15' from '(none)' to 'ZeroWireload'. (OPT-170)
Information: Changed wire load model for '*GT_TC_OP_15_8_1' from '(none)' to 'ZeroWireload'. (OPT-170)
Information: Changed wire load model for 'DW01_cmp2_width15' from '(none)' to 'ZeroWireload'. (OPT-170)
Information: Changed wire load model for '*GT_TC_OP_15_15_1' from '(none)' to 'ZeroWireload'. (OPT-170)
Information: Changed wire load model for 'DW01_cmp6_width15' from '(none)' to 'ZeroWireload'. (OPT-170)
Information: Changed wire load model for '*EQ_TC_OP_15_15_1' from '(none)' to 'ZeroWireload'. (OPT-170)
Information: Changed wire load model for 'DW01_ash_A_width15_SH_width32' from '(none)' to 'ZeroWireload'. (OPT-170)
Information: Changed wire load model for '*ASH_UNS_UNS_OP_15_32_15' from '(none)' to 'ZeroWireload'. (OPT-170)
Information: Changed wire load model for 'DW01_ash_A_width15_SH_width4' from '(none)' to 'ZeroWireload'. (OPT-170)
Information: Changed wire load model for '*ASH_UNS_UNS_OP_15_4_15' from '(none)' to 'ZeroWireload'. (OPT-170)
Information: Changed wire load model for 'DW_rash_A_width15_SH_width4' from '(none)' to 'ZeroWireload'. (OPT-170)
Information: Changed wire load model for '*ASHR_TC_UNS_OP_15_4_15' from '(none)' to 'ZeroWireload'. (OPT-170)
Information: Changed wire load model for 'DW01_add_width15' from '(none)' to 'ZeroWireload'. (OPT-170)
Information: Changed wire load model for '*ADD_TC_OP_15_2_15' from '(none)' to 'ZeroWireload'. (OPT-170)
Information: Changed wire load model for 'DW01_sub_width15' from '(none)' to 'ZeroWireload'. (OPT-170)
Information: Changed wire load model for '*SUB_TC_OP_15_15_15' from '(none)' to 'ZeroWireload'. (OPT-170)
Information: Changed wire load model for 'DW01_dec_width5' from '(none)' to 'ZeroWireload'. (OPT-170)
Information: Changed wire load model for '*SUB_UNS_OP_4_1_5' from '(none)' to 'ZeroWireload'. (OPT-170)
Information: Changed wire load model for 'DW01_cmp2_width15' from '(none)' to 'ZeroWireload'. (OPT-170)
Information: Changed wire load model for '*LT_TC_OP_15_8_1' from '(none)' to 'ZeroWireload'. (OPT-170)
Information: Changed wire load model for 'DW01_cmp2_width15' from '(none)' to 'ZeroWireload'. (OPT-170)
Information: Changed wire load model for '*GT_TC_OP_15_8_1' from '(none)' to 'ZeroWireload'. (OPT-170)
Information: Changed wire load model for 'DW01_cmp2_width15' from '(none)' to 'ZeroWireload'. (OPT-170)
Information: Changed wire load model for '*GT_TC_OP_15_15_1' from '(none)' to 'ZeroWireload'. (OPT-170)
Information: Changed wire load model for 'DW01_cmp6_width15' from '(none)' to 'ZeroWireload'. (OPT-170)
Information: Changed wire load model for '*EQ_TC_OP_15_15_1' from '(none)' to 'ZeroWireload'. (OPT-170)
Information: Changed wire load model for 'DW01_ash_A_width15_SH_width32' from '(none)' to 'ZeroWireload'. (OPT-170)
Information: Changed wire load model for '*ASH_UNS_UNS_OP_15_32_15' from '(none)' to 'ZeroWireload'. (OPT-170)
Information: Changed wire load model for 'DW01_ash_A_width15_SH_width4' from '(none)' to 'ZeroWireload'. (OPT-170)
Information: Changed wire load model for '*ASH_UNS_UNS_OP_15_4_15' from '(none)' to 'ZeroWireload'. (OPT-170)
Information: Changed wire load model for 'DW_rash_A_width15_SH_width4' from '(none)' to 'ZeroWireload'. (OPT-170)
Information: Changed wire load model for '*ASHR_TC_UNS_OP_15_4_15' from '(none)' to 'ZeroWireload'. (OPT-170)
Information: Changed wire load model for 'DW01_add_width15' from '(none)' to 'ZeroWireload'. (OPT-170)
Information: Changed wire load model for '*ADD_TC_OP_15_2_15' from '(none)' to 'ZeroWireload'. (OPT-170)
Information: Changed wire load model for 'DW01_sub_width15' from '(none)' to 'ZeroWireload'. (OPT-170)
Information: Changed wire load model for '*SUB_TC_OP_15_15_15' from '(none)' to 'ZeroWireload'. (OPT-170)
Information: Changed wire load model for 'DW01_dec_width5' from '(none)' to 'ZeroWireload'. (OPT-170)
Information: Changed wire load model for '*SUB_UNS_OP_4_1_5' from '(none)' to 'ZeroWireload'. (OPT-170)
Information: Changed wire load model for 'DW01_cmp2_width15' from '(none)' to 'ZeroWireload'. (OPT-170)
Information: Changed wire load model for '*LT_TC_OP_15_8_1' from '(none)' to 'ZeroWireload'. (OPT-170)
Information: Changed wire load model for 'DW01_cmp2_width15' from '(none)' to 'ZeroWireload'. (OPT-170)
Information: Changed wire load model for '*GT_TC_OP_15_8_1' from '(none)' to 'ZeroWireload'. (OPT-170)
Information: Changed wire load model for 'DW01_cmp2_width15' from '(none)' to 'ZeroWireload'. (OPT-170)
Information: Changed wire load model for '*GT_TC_OP_15_15_1' from '(none)' to 'ZeroWireload'. (OPT-170)
Information: Changed wire load model for 'DW01_cmp6_width15' from '(none)' to 'ZeroWireload'. (OPT-170)
Information: Changed wire load model for '*EQ_TC_OP_15_15_1' from '(none)' to 'ZeroWireload'. (OPT-170)
Information: Changed wire load model for 'DW01_ash_A_width15_SH_width32' from '(none)' to 'ZeroWireload'. (OPT-170)
Information: Changed wire load model for '*ASH_UNS_UNS_OP_15_32_15' from '(none)' to 'ZeroWireload'. (OPT-170)
Information: Changed wire load model for 'DW01_ash_A_width15_SH_width4' from '(none)' to 'ZeroWireload'. (OPT-170)
Information: Changed wire load model for '*ASH_UNS_UNS_OP_15_4_15' from '(none)' to 'ZeroWireload'. (OPT-170)
Information: Changed wire load model for 'DW_rash_A_width15_SH_width4' from '(none)' to 'ZeroWireload'. (OPT-170)
Information: Changed wire load model for '*ASHR_TC_UNS_OP_15_4_15' from '(none)' to 'ZeroWireload'. (OPT-170)
Information: Changed wire load model for 'DW01_add_width15' from '(none)' to 'ZeroWireload'. (OPT-170)
Information: Changed wire load model for '*ADD_TC_OP_15_2_15' from '(none)' to 'ZeroWireload'. (OPT-170)
Information: Changed wire load model for 'DW01_sub_width15' from '(none)' to 'ZeroWireload'. (OPT-170)
Information: Changed wire load model for '*SUB_TC_OP_15_15_15' from '(none)' to 'ZeroWireload'. (OPT-170)
Information: Changed wire load model for 'DW01_dec_width5' from '(none)' to 'ZeroWireload'. (OPT-170)
Information: Changed wire load model for '*SUB_UNS_OP_4_1_5' from '(none)' to 'ZeroWireload'. (OPT-170)
Information: Changed wire load model for 'DW01_cmp2_width15' from '(none)' to 'ZeroWireload'. (OPT-170)
Information: Changed wire load model for '*LT_TC_OP_15_8_1' from '(none)' to 'ZeroWireload'. (OPT-170)
Information: Changed wire load model for 'DW01_cmp2_width15' from '(none)' to 'ZeroWireload'. (OPT-170)
Information: Changed wire load model for '*GT_TC_OP_15_8_1' from '(none)' to 'ZeroWireload'. (OPT-170)
Information: Changed wire load model for 'DW01_cmp2_width15' from '(none)' to 'ZeroWireload'. (OPT-170)
Information: Changed wire load model for '*GT_TC_OP_15_15_1' from '(none)' to 'ZeroWireload'. (OPT-170)
Information: Changed wire load model for 'DW01_cmp6_width15' from '(none)' to 'ZeroWireload'. (OPT-170)
Information: Changed wire load model for '*EQ_TC_OP_15_15_1' from '(none)' to 'ZeroWireload'. (OPT-170)
Information: Changed wire load model for 'DW01_ash_A_width15_SH_width32' from '(none)' to 'ZeroWireload'. (OPT-170)
Information: Changed wire load model for '*ASH_UNS_UNS_OP_15_32_15' from '(none)' to 'ZeroWireload'. (OPT-170)
Information: Changed wire load model for 'DW01_ash_A_width15_SH_width4' from '(none)' to 'ZeroWireload'. (OPT-170)
Information: Changed wire load model for '*ASH_UNS_UNS_OP_15_4_15' from '(none)' to 'ZeroWireload'. (OPT-170)
Information: Changed wire load model for 'DW_rash_A_width15_SH_width4' from '(none)' to 'ZeroWireload'. (OPT-170)
Information: Changed wire load model for '*ASHR_TC_UNS_OP_15_4_15' from '(none)' to 'ZeroWireload'. (OPT-170)
Information: Changed wire load model for 'DW01_add_width15' from '(none)' to 'ZeroWireload'. (OPT-170)
Information: Changed wire load model for '*ADD_TC_OP_15_2_15' from '(none)' to 'ZeroWireload'. (OPT-170)
Information: Changed wire load model for 'DW01_sub_width15' from '(none)' to 'ZeroWireload'. (OPT-170)
Information: Changed wire load model for '*SUB_TC_OP_15_15_15' from '(none)' to 'ZeroWireload'. (OPT-170)
Information: Changed wire load model for 'DW01_dec_width5' from '(none)' to 'ZeroWireload'. (OPT-170)
Information: Changed wire load model for '*SUB_UNS_OP_4_1_5' from '(none)' to 'ZeroWireload'. (OPT-170)
Information: Changed wire load model for 'DW01_cmp2_width15' from '(none)' to 'ZeroWireload'. (OPT-170)
Information: Changed wire load model for '*LT_TC_OP_15_8_1' from '(none)' to 'ZeroWireload'. (OPT-170)
Information: Changed wire load model for 'DW01_cmp2_width15' from '(none)' to 'ZeroWireload'. (OPT-170)
Information: Changed wire load model for '*GT_TC_OP_15_8_1' from '(none)' to 'ZeroWireload'. (OPT-170)
Information: Changed wire load model for 'DW01_cmp2_width15' from '(none)' to 'ZeroWireload'. (OPT-170)
Information: Changed wire load model for '*GT_TC_OP_15_15_1' from '(none)' to 'ZeroWireload'. (OPT-170)
Information: Changed wire load model for 'DW01_cmp6_width15' from '(none)' to 'ZeroWireload'. (OPT-170)
Information: Changed wire load model for '*EQ_TC_OP_15_15_1' from '(none)' to 'ZeroWireload'. (OPT-170)
Information: Changed wire load model for 'DW01_ash_A_width15_SH_width32' from '(none)' to 'ZeroWireload'. (OPT-170)
Information: Changed wire load model for '*ASH_UNS_UNS_OP_15_32_15' from '(none)' to 'ZeroWireload'. (OPT-170)
Information: Changed wire load model for 'DW01_ash_A_width15_SH_width4' from '(none)' to 'ZeroWireload'. (OPT-170)
Information: Changed wire load model for '*ASH_UNS_UNS_OP_15_4_15' from '(none)' to 'ZeroWireload'. (OPT-170)
Information: Changed wire load model for 'DW_rash_A_width15_SH_width4' from '(none)' to 'ZeroWireload'. (OPT-170)
Information: Changed wire load model for '*ASHR_TC_UNS_OP_15_4_15' from '(none)' to 'ZeroWireload'. (OPT-170)
Information: Changed wire load model for 'DW01_add_width15' from '(none)' to 'ZeroWireload'. (OPT-170)
Information: Changed wire load model for '*ADD_TC_OP_15_2_15' from '(none)' to 'ZeroWireload'. (OPT-170)
Information: Changed wire load model for 'DW01_sub_width15' from '(none)' to 'ZeroWireload'. (OPT-170)
Information: Changed wire load model for '*SUB_TC_OP_15_15_15' from '(none)' to 'ZeroWireload'. (OPT-170)
Information: Changed wire load model for 'DW01_dec_width5' from '(none)' to 'ZeroWireload'. (OPT-170)
Information: Changed wire load model for '*SUB_UNS_OP_4_1_5' from '(none)' to 'ZeroWireload'. (OPT-170)
Information: Changed wire load model for 'DW01_cmp2_width15' from '(none)' to 'ZeroWireload'. (OPT-170)
Information: Changed wire load model for '*LT_TC_OP_15_8_1' from '(none)' to 'ZeroWireload'. (OPT-170)
Information: Changed wire load model for 'DW01_cmp2_width15' from '(none)' to 'ZeroWireload'. (OPT-170)
Information: Changed wire load model for '*GT_TC_OP_15_8_1' from '(none)' to 'ZeroWireload'. (OPT-170)
Information: Changed wire load model for 'DW01_cmp2_width15' from '(none)' to 'ZeroWireload'. (OPT-170)
Information: Changed wire load model for '*GT_TC_OP_15_15_1' from '(none)' to 'ZeroWireload'. (OPT-170)
Information: Changed wire load model for 'DW01_cmp6_width15' from '(none)' to 'ZeroWireload'. (OPT-170)
Information: Changed wire load model for '*EQ_TC_OP_15_15_1' from '(none)' to 'ZeroWireload'. (OPT-170)
Information: Changed wire load model for 'DW01_ash_A_width15_SH_width32' from '(none)' to 'ZeroWireload'. (OPT-170)
Information: Changed wire load model for '*ASH_UNS_UNS_OP_15_32_15' from '(none)' to 'ZeroWireload'. (OPT-170)
Information: Changed wire load model for 'DW01_ash_A_width15_SH_width4' from '(none)' to 'ZeroWireload'. (OPT-170)
Information: Changed wire load model for '*ASH_UNS_UNS_OP_15_4_15' from '(none)' to 'ZeroWireload'. (OPT-170)
Information: Changed wire load model for 'DW_rash_A_width15_SH_width4' from '(none)' to 'ZeroWireload'. (OPT-170)
Information: Changed wire load model for '*ASHR_TC_UNS_OP_15_4_15' from '(none)' to 'ZeroWireload'. (OPT-170)
Information: Changed wire load model for 'DW01_add_width15' from '(none)' to 'ZeroWireload'. (OPT-170)
Information: Changed wire load model for '*ADD_TC_OP_15_2_15' from '(none)' to 'ZeroWireload'. (OPT-170)
Information: Changed wire load model for 'DW01_sub_width15' from '(none)' to 'ZeroWireload'. (OPT-170)
Information: Changed wire load model for '*SUB_TC_OP_15_15_15' from '(none)' to 'ZeroWireload'. (OPT-170)
Information: Changed wire load model for 'DW01_dec_width5' from '(none)' to 'ZeroWireload'. (OPT-170)
Information: Changed wire load model for '*SUB_UNS_OP_4_1_5' from '(none)' to 'ZeroWireload'. (OPT-170)
Information: Changed wire load model for 'DW01_cmp2_width15' from '(none)' to 'ZeroWireload'. (OPT-170)
Information: Changed wire load model for '*LT_TC_OP_15_8_1' from '(none)' to 'ZeroWireload'. (OPT-170)
Information: Changed wire load model for 'DW01_cmp2_width15' from '(none)' to 'ZeroWireload'. (OPT-170)
Information: Changed wire load model for '*GT_TC_OP_15_8_1' from '(none)' to 'ZeroWireload'. (OPT-170)
Information: Changed wire load model for 'DW01_cmp2_width15' from '(none)' to 'ZeroWireload'. (OPT-170)
Information: Changed wire load model for '*GT_TC_OP_15_15_1' from '(none)' to 'ZeroWireload'. (OPT-170)
Information: Changed wire load model for 'DW01_cmp6_width15' from '(none)' to 'ZeroWireload'. (OPT-170)
Information: Changed wire load model for '*EQ_TC_OP_15_15_1' from '(none)' to 'ZeroWireload'. (OPT-170)
Information: Changed wire load model for 'DW01_ash_A_width15_SH_width32' from '(none)' to 'ZeroWireload'. (OPT-170)
Information: Changed wire load model for '*ASH_UNS_UNS_OP_15_32_15' from '(none)' to 'ZeroWireload'. (OPT-170)
Information: Changed wire load model for 'DW01_ash_A_width15_SH_width4' from '(none)' to 'ZeroWireload'. (OPT-170)
Information: Changed wire load model for '*ASH_UNS_UNS_OP_15_4_15' from '(none)' to 'ZeroWireload'. (OPT-170)
Information: Changed wire load model for 'DW_rash_A_width15_SH_width4' from '(none)' to 'ZeroWireload'. (OPT-170)
Information: Changed wire load model for '*ASHR_TC_UNS_OP_15_4_15' from '(none)' to 'ZeroWireload'. (OPT-170)
Information: Changed wire load model for 'DW01_add_width15' from '(none)' to 'ZeroWireload'. (OPT-170)
Information: Changed wire load model for '*ADD_TC_OP_15_2_15' from '(none)' to 'ZeroWireload'. (OPT-170)
Information: Changed wire load model for 'DW01_sub_width15' from '(none)' to 'ZeroWireload'. (OPT-170)
Information: Changed wire load model for '*SUB_TC_OP_15_15_15' from '(none)' to 'ZeroWireload'. (OPT-170)
Information: Changed wire load model for 'DW01_dec_width5' from '(none)' to 'ZeroWireload'. (OPT-170)
Information: Changed wire load model for '*SUB_UNS_OP_4_1_5' from '(none)' to 'ZeroWireload'. (OPT-170)
Information: Changed wire load model for 'DW01_cmp2_width15' from '(none)' to 'ZeroWireload'. (OPT-170)
Information: Changed wire load model for '*LT_TC_OP_15_8_1' from '(none)' to 'ZeroWireload'. (OPT-170)
Information: Changed wire load model for 'DW01_cmp2_width15' from '(none)' to 'ZeroWireload'. (OPT-170)
Information: Changed wire load model for '*GT_TC_OP_15_8_1' from '(none)' to 'ZeroWireload'. (OPT-170)
Information: Changed wire load model for 'DW01_cmp2_width15' from '(none)' to 'ZeroWireload'. (OPT-170)
Information: Changed wire load model for '*GT_TC_OP_15_15_1' from '(none)' to 'ZeroWireload'. (OPT-170)
Information: Changed wire load model for 'DW01_cmp6_width15' from '(none)' to 'ZeroWireload'. (OPT-170)
Information: Changed wire load model for '*EQ_TC_OP_15_15_1' from '(none)' to 'ZeroWireload'. (OPT-170)
Information: Changed wire load model for 'DW01_ash_A_width15_SH_width32' from '(none)' to 'ZeroWireload'. (OPT-170)
Information: Changed wire load model for '*ASH_UNS_UNS_OP_15_32_15' from '(none)' to 'ZeroWireload'. (OPT-170)
Information: Changed wire load model for 'DW01_ash_A_width15_SH_width4' from '(none)' to 'ZeroWireload'. (OPT-170)
Information: Changed wire load model for '*ASH_UNS_UNS_OP_15_4_15' from '(none)' to 'ZeroWireload'. (OPT-170)
Information: Changed wire load model for 'DW_rash_A_width15_SH_width4' from '(none)' to 'ZeroWireload'. (OPT-170)
Information: Changed wire load model for '*ASHR_TC_UNS_OP_15_4_15' from '(none)' to 'ZeroWireload'. (OPT-170)
Information: Changed wire load model for 'DW01_add_width15' from '(none)' to 'ZeroWireload'. (OPT-170)
Information: Changed wire load model for '*ADD_TC_OP_15_2_15' from '(none)' to 'ZeroWireload'. (OPT-170)
Information: Changed wire load model for 'DW01_sub_width15' from '(none)' to 'ZeroWireload'. (OPT-170)
Information: Changed wire load model for '*SUB_TC_OP_15_15_15' from '(none)' to 'ZeroWireload'. (OPT-170)
Information: Changed wire load model for 'DW01_dec_width5' from '(none)' to 'ZeroWireload'. (OPT-170)
Information: Changed wire load model for '*SUB_UNS_OP_4_1_5' from '(none)' to 'ZeroWireload'. (OPT-170)
Information: Changed wire load model for 'DW01_cmp2_width15' from '(none)' to 'ZeroWireload'. (OPT-170)
Information: Changed wire load model for '*LT_TC_OP_15_8_1' from '(none)' to 'ZeroWireload'. (OPT-170)
Information: Changed wire load model for 'DW01_cmp2_width15' from '(none)' to 'ZeroWireload'. (OPT-170)
Information: Changed wire load model for '*GT_TC_OP_15_8_1' from '(none)' to 'ZeroWireload'. (OPT-170)
Information: Changed wire load model for 'DW01_cmp2_width15' from '(none)' to 'ZeroWireload'. (OPT-170)
Information: Changed wire load model for '*GT_TC_OP_15_15_1' from '(none)' to 'ZeroWireload'. (OPT-170)
Information: Changed wire load model for 'DW01_cmp6_width15' from '(none)' to 'ZeroWireload'. (OPT-170)
Information: Changed wire load model for '*EQ_TC_OP_15_15_1' from '(none)' to 'ZeroWireload'. (OPT-170)
Information: Changed wire load model for 'DW01_ash_A_width15_SH_width32' from '(none)' to 'ZeroWireload'. (OPT-170)
Information: Changed wire load model for '*ASH_UNS_UNS_OP_15_32_15' from '(none)' to 'ZeroWireload'. (OPT-170)
Information: Changed wire load model for 'DW01_ash_A_width15_SH_width4' from '(none)' to 'ZeroWireload'. (OPT-170)
Information: Changed wire load model for '*ASH_UNS_UNS_OP_15_4_15' from '(none)' to 'ZeroWireload'. (OPT-170)
Information: Changed wire load model for 'DW_rash_A_width15_SH_width4' from '(none)' to 'ZeroWireload'. (OPT-170)
Information: Changed wire load model for '*ASHR_TC_UNS_OP_15_4_15' from '(none)' to 'ZeroWireload'. (OPT-170)
Information: Changed wire load model for 'DW01_add_width15' from '(none)' to 'ZeroWireload'. (OPT-170)
Information: Changed wire load model for '*ADD_TC_OP_15_2_15' from '(none)' to 'ZeroWireload'. (OPT-170)
Information: Changed wire load model for 'DW01_sub_width15' from '(none)' to 'ZeroWireload'. (OPT-170)
Information: Changed wire load model for '*SUB_TC_OP_15_15_15' from '(none)' to 'ZeroWireload'. (OPT-170)
Information: Changed wire load model for 'DW01_dec_width5' from '(none)' to 'ZeroWireload'. (OPT-170)
Information: Changed wire load model for '*SUB_UNS_OP_4_1_5' from '(none)' to 'ZeroWireload'. (OPT-170)
Information: Changed wire load model for 'DW01_cmp2_width15' from '(none)' to 'ZeroWireload'. (OPT-170)
Information: Changed wire load model for '*LT_TC_OP_15_8_1' from '(none)' to 'ZeroWireload'. (OPT-170)
Information: Changed wire load model for 'DW01_cmp2_width15' from '(none)' to 'ZeroWireload'. (OPT-170)
Information: Changed wire load model for '*GT_TC_OP_15_8_1' from '(none)' to 'ZeroWireload'. (OPT-170)
Information: Changed wire load model for 'DW01_cmp2_width15' from '(none)' to 'ZeroWireload'. (OPT-170)
Information: Changed wire load model for '*GT_TC_OP_15_15_1' from '(none)' to 'ZeroWireload'. (OPT-170)
Information: Changed wire load model for 'DW01_cmp6_width15' from '(none)' to 'ZeroWireload'. (OPT-170)
Information: Changed wire load model for '*EQ_TC_OP_15_15_1' from '(none)' to 'ZeroWireload'. (OPT-170)
Information: Changed wire load model for 'DW01_ash_A_width15_SH_width32' from '(none)' to 'ZeroWireload'. (OPT-170)
Information: Changed wire load model for '*ASH_UNS_UNS_OP_15_32_15' from '(none)' to 'ZeroWireload'. (OPT-170)
Information: Changed wire load model for 'DW01_ash_A_width15_SH_width4' from '(none)' to 'ZeroWireload'. (OPT-170)
Information: Changed wire load model for '*ASH_UNS_UNS_OP_15_4_15' from '(none)' to 'ZeroWireload'. (OPT-170)
Information: Changed wire load model for 'DW_rash_A_width15_SH_width4' from '(none)' to 'ZeroWireload'. (OPT-170)
Information: Changed wire load model for '*ASHR_TC_UNS_OP_15_4_15' from '(none)' to 'ZeroWireload'. (OPT-170)
Information: Changed wire load model for 'DW01_add_width15' from '(none)' to 'ZeroWireload'. (OPT-170)
Information: Changed wire load model for '*ADD_TC_OP_15_2_15' from '(none)' to 'ZeroWireload'. (OPT-170)
Information: Changed wire load model for 'DW01_sub_width15' from '(none)' to 'ZeroWireload'. (OPT-170)
Information: Changed wire load model for '*SUB_TC_OP_15_15_15' from '(none)' to 'ZeroWireload'. (OPT-170)
Information: Changed wire load model for 'DW01_dec_width5' from '(none)' to 'ZeroWireload'. (OPT-170)
Information: Changed wire load model for '*SUB_UNS_OP_4_1_5' from '(none)' to 'ZeroWireload'. (OPT-170)
Information: Changed wire load model for 'DW01_cmp2_width15' from '(none)' to 'ZeroWireload'. (OPT-170)
Information: Changed wire load model for '*LT_TC_OP_15_8_1' from '(none)' to 'ZeroWireload'. (OPT-170)
Information: Changed wire load model for 'DW01_cmp2_width15' from '(none)' to 'ZeroWireload'. (OPT-170)
Information: Changed wire load model for '*GT_TC_OP_15_8_1' from '(none)' to 'ZeroWireload'. (OPT-170)
Information: Changed wire load model for 'DW01_cmp2_width15' from '(none)' to 'ZeroWireload'. (OPT-170)
Information: Changed wire load model for '*GT_TC_OP_15_15_1' from '(none)' to 'ZeroWireload'. (OPT-170)
Information: Changed wire load model for 'DW01_cmp6_width15' from '(none)' to 'ZeroWireload'. (OPT-170)
Information: Changed wire load model for '*EQ_TC_OP_15_15_1' from '(none)' to 'ZeroWireload'. (OPT-170)
Information: Changed wire load model for 'DW01_ash_A_width15_SH_width32' from '(none)' to 'ZeroWireload'. (OPT-170)
Information: Changed wire load model for '*ASH_UNS_UNS_OP_15_32_15' from '(none)' to 'ZeroWireload'. (OPT-170)
Information: Changed wire load model for 'DW01_ash_A_width15_SH_width4' from '(none)' to 'ZeroWireload'. (OPT-170)
Information: Changed wire load model for '*ASH_UNS_UNS_OP_15_4_15' from '(none)' to 'ZeroWireload'. (OPT-170)
Information: Changed wire load model for 'DW_rash_A_width15_SH_width4' from '(none)' to 'ZeroWireload'. (OPT-170)
Information: Changed wire load model for '*ASHR_TC_UNS_OP_15_4_15' from '(none)' to 'ZeroWireload'. (OPT-170)
Information: Changed wire load model for 'DW01_add_width15' from '(none)' to 'ZeroWireload'. (OPT-170)
Information: Changed wire load model for '*ADD_TC_OP_15_2_15' from '(none)' to 'ZeroWireload'. (OPT-170)
Information: Changed wire load model for 'DW01_sub_width15' from '(none)' to 'ZeroWireload'. (OPT-170)
Information: Changed wire load model for '*SUB_TC_OP_15_15_15' from '(none)' to 'ZeroWireload'. (OPT-170)
Information: Changed wire load model for 'DW01_dec_width5' from '(none)' to 'ZeroWireload'. (OPT-170)
Information: Changed wire load model for '*SUB_UNS_OP_4_1_5' from '(none)' to 'ZeroWireload'. (OPT-170)
Information: Changed wire load model for 'DW01_cmp2_width15' from '(none)' to 'ZeroWireload'. (OPT-170)
Information: Changed wire load model for '*LT_TC_OP_15_8_1' from '(none)' to 'ZeroWireload'. (OPT-170)
Information: Changed wire load model for 'DW01_cmp2_width15' from '(none)' to 'ZeroWireload'. (OPT-170)
Information: Changed wire load model for '*GT_TC_OP_15_8_1' from '(none)' to 'ZeroWireload'. (OPT-170)
Information: Changed wire load model for 'DW01_cmp2_width15' from '(none)' to 'ZeroWireload'. (OPT-170)
Information: Changed wire load model for '*GT_TC_OP_15_15_1' from '(none)' to 'ZeroWireload'. (OPT-170)
Information: Changed wire load model for 'DW01_cmp6_width15' from '(none)' to 'ZeroWireload'. (OPT-170)
Information: Changed wire load model for '*EQ_TC_OP_15_15_1' from '(none)' to 'ZeroWireload'. (OPT-170)
Information: Changed wire load model for 'DW01_ash_A_width15_SH_width32' from '(none)' to 'ZeroWireload'. (OPT-170)
Information: Changed wire load model for '*ASH_UNS_UNS_OP_15_32_15' from '(none)' to 'ZeroWireload'. (OPT-170)
Information: Changed wire load model for 'DW01_ash_A_width15_SH_width4' from '(none)' to 'ZeroWireload'. (OPT-170)
Information: Changed wire load model for '*ASH_UNS_UNS_OP_15_4_15' from '(none)' to 'ZeroWireload'. (OPT-170)
Information: Changed wire load model for 'DW_rash_A_width15_SH_width4' from '(none)' to 'ZeroWireload'. (OPT-170)
Information: Changed wire load model for '*ASHR_TC_UNS_OP_15_4_15' from '(none)' to 'ZeroWireload'. (OPT-170)
Information: Changed wire load model for 'DW01_cmp2_width4' from '(none)' to 'ZeroWireload'. (OPT-170)
Information: Changed wire load model for '*GT_UNS_OP_4_3_1' from '(none)' to 'ZeroWireload'. (OPT-170)
Information: Changed wire load model for 'DW01_cmp2_width15' from '(none)' to 'ZeroWireload'. (OPT-170)
Information: Changed wire load model for '*GT_UNS_OP_15_15_1' from '(none)' to 'ZeroWireload'. (OPT-170)
Information: Changed wire load model for 'DW01_cmp2_width15' from '(none)' to 'ZeroWireload'. (OPT-170)
Information: Changed wire load model for '*GT_UNS_OP_15_15_1' from '(none)' to 'ZeroWireload'. (OPT-170)
Information: Changed wire load model for 'DW01_cmp2_width15' from '(none)' to 'ZeroWireload'. (OPT-170)
Information: Changed wire load model for '*GT_UNS_OP_15_15_1' from '(none)' to 'ZeroWireload'. (OPT-170)
Information: Changed wire load model for 'DW01_cmp2_width15' from '(none)' to 'ZeroWireload'. (OPT-170)
Information: Changed wire load model for '*GT_UNS_OP_15_15_1' from '(none)' to 'ZeroWireload'. (OPT-170)
Information: Changed wire load model for 'DW01_cmp2_width15' from '(none)' to 'ZeroWireload'. (OPT-170)
Information: Changed wire load model for '*GT_UNS_OP_15_15_1' from '(none)' to 'ZeroWireload'. (OPT-170)
Information: Changed wire load model for 'DW01_cmp2_width15' from '(none)' to 'ZeroWireload'. (OPT-170)
Information: Changed wire load model for '*GT_UNS_OP_15_15_1' from '(none)' to 'ZeroWireload'. (OPT-170)
Information: Changed wire load model for 'DW01_cmp2_width15' from '(none)' to 'ZeroWireload'. (OPT-170)
Information: Changed wire load model for '*GT_UNS_OP_15_15_1' from '(none)' to 'ZeroWireload'. (OPT-170)
Information: Changed wire load model for 'DW01_cmp2_width15' from '(none)' to 'ZeroWireload'. (OPT-170)
Information: Changed wire load model for '*GT_UNS_OP_15_15_1' from '(none)' to 'ZeroWireload'. (OPT-170)
Information: Changed wire load model for 'DW01_cmp2_width15' from '(none)' to 'ZeroWireload'. (OPT-170)
Information: Changed wire load model for '*GT_UNS_OP_15_15_1' from '(none)' to 'ZeroWireload'. (OPT-170)
Information: Changed wire load model for 'DW01_cmp2_width15' from '(none)' to 'ZeroWireload'. (OPT-170)
Information: Changed wire load model for '*GT_UNS_OP_15_15_1' from '(none)' to 'ZeroWireload'. (OPT-170)
Information: Changed wire load model for 'DW01_cmp2_width15' from '(none)' to 'ZeroWireload'. (OPT-170)
Information: Changed wire load model for '*GT_UNS_OP_15_15_1' from '(none)' to 'ZeroWireload'. (OPT-170)
Information: Changed wire load model for 'DW01_cmp2_width15' from '(none)' to 'ZeroWireload'. (OPT-170)
Information: Changed wire load model for '*GT_UNS_OP_15_15_1' from '(none)' to 'ZeroWireload'. (OPT-170)
Information: Changed wire load model for 'DW01_cmp2_width15' from '(none)' to 'ZeroWireload'. (OPT-170)
Information: Changed wire load model for '*GT_UNS_OP_15_15_1' from '(none)' to 'ZeroWireload'. (OPT-170)
Information: Changed wire load model for 'DW01_cmp2_width15' from '(none)' to 'ZeroWireload'. (OPT-170)
Information: Changed wire load model for '*GT_UNS_OP_15_15_1' from '(none)' to 'ZeroWireload'. (OPT-170)
Information: Changed wire load model for 'DW01_cmp2_width15' from '(none)' to 'ZeroWireload'. (OPT-170)
Information: Changed wire load model for '*GT_UNS_OP_15_15_1' from '(none)' to 'ZeroWireload'. (OPT-170)
Information: Changed wire load model for 'DW01_cmp2_width15' from '(none)' to 'ZeroWireload'. (OPT-170)
Information: Changed wire load model for '*GT_UNS_OP_15_1_1' from '(none)' to 'ZeroWireload'. (OPT-170)
Information: Changed wire load model for 'DW01_cmp2_width15' from '(none)' to 'ZeroWireload'. (OPT-170)
Information: Changed wire load model for '*LT_TC_OP_15_1_1' from '(none)' to 'ZeroWireload'. (OPT-170)
Information: Changed wire load model for 'DW01_cmp2_width15' from '(none)' to 'ZeroWireload'. (OPT-170)
Information: Changed wire load model for '*LT_TC_OP_15_1_1' from '(none)' to 'ZeroWireload'. (OPT-170)
Information: Changed wire load model for 'DW01_cmp2_width15' from '(none)' to 'ZeroWireload'. (OPT-170)
Information: Changed wire load model for '*LT_TC_OP_15_1_1' from '(none)' to 'ZeroWireload'. (OPT-170)
Information: Changed wire load model for 'DW01_cmp2_width15' from '(none)' to 'ZeroWireload'. (OPT-170)
Information: Changed wire load model for '*LT_TC_OP_15_1_1' from '(none)' to 'ZeroWireload'. (OPT-170)
Information: Changed wire load model for 'DW01_cmp2_width15' from '(none)' to 'ZeroWireload'. (OPT-170)
Information: Changed wire load model for '*LT_TC_OP_15_1_1' from '(none)' to 'ZeroWireload'. (OPT-170)
Information: Changed wire load model for 'DW01_cmp2_width15' from '(none)' to 'ZeroWireload'. (OPT-170)
Information: Changed wire load model for '*LT_TC_OP_15_1_1' from '(none)' to 'ZeroWireload'. (OPT-170)
Information: Changed wire load model for 'DW01_cmp2_width15' from '(none)' to 'ZeroWireload'. (OPT-170)
Information: Changed wire load model for '*LT_TC_OP_15_1_1' from '(none)' to 'ZeroWireload'. (OPT-170)
Information: Changed wire load model for 'DW01_cmp2_width15' from '(none)' to 'ZeroWireload'. (OPT-170)
Information: Changed wire load model for '*LT_TC_OP_15_1_1' from '(none)' to 'ZeroWireload'. (OPT-170)
Information: Changed wire load model for 'DW01_cmp2_width15' from '(none)' to 'ZeroWireload'. (OPT-170)
Information: Changed wire load model for '*LT_TC_OP_15_1_1' from '(none)' to 'ZeroWireload'. (OPT-170)
Information: Changed wire load model for 'DW01_cmp2_width15' from '(none)' to 'ZeroWireload'. (OPT-170)
Information: Changed wire load model for '*LT_TC_OP_15_1_1' from '(none)' to 'ZeroWireload'. (OPT-170)
Information: Changed wire load model for 'DW01_cmp2_width15' from '(none)' to 'ZeroWireload'. (OPT-170)
Information: Changed wire load model for '*LT_TC_OP_15_1_1' from '(none)' to 'ZeroWireload'. (OPT-170)
Information: Changed wire load model for 'DW01_cmp2_width15' from '(none)' to 'ZeroWireload'. (OPT-170)
Information: Changed wire load model for '*LT_TC_OP_15_1_1' from '(none)' to 'ZeroWireload'. (OPT-170)
Information: Changed wire load model for 'DW01_cmp2_width15' from '(none)' to 'ZeroWireload'. (OPT-170)
Information: Changed wire load model for '*LT_TC_OP_15_1_1' from '(none)' to 'ZeroWireload'. (OPT-170)
Information: Changed wire load model for 'DW01_cmp2_width15' from '(none)' to 'ZeroWireload'. (OPT-170)
Information: Changed wire load model for '*LT_TC_OP_15_1_1' from '(none)' to 'ZeroWireload'. (OPT-170)
Information: Changed wire load model for 'DW01_cmp2_width15' from '(none)' to 'ZeroWireload'. (OPT-170)
Information: Changed wire load model for '*LT_TC_OP_15_1_1' from '(none)' to 'ZeroWireload'. (OPT-170)
Information: Changed wire load model for 'DW01_cmp2_width15' from '(none)' to 'ZeroWireload'. (OPT-170)
Information: Changed wire load model for '*LT_TC_OP_15_1_1' from '(none)' to 'ZeroWireload'. (OPT-170)
Information: Updating design information... (UID-85)
Warning: Design 'mlp_wrapper_N_FEATURES32_HIDDEN116_HIDDEN216_DATA_WIDTH8' contains 2 high-fanout nets. A fanout number of 1000 will be used for delay calculations involving these nets. (TIM-134)

Information: Checking generated_clocks...

Information: Checking loops...

Information: Checking no_input_delay...

Information: Checking unconstrained_endpoints...

Information: Checking pulse_clock_cell_type...

Information: Checking no_driving_cell...

Information: Checking partial_input_delay...
1
