 
****************************************
Report : reference
Design : mlp_wrapper_N_FEATURES32_HIDDEN116_HIDDEN216_DATA_WIDTH8
Version: X-2025.06-SP2
Date   : Sun Jun 14 23:46:24 2026
****************************************

Attributes:
    b - black box (unknown)
   bo - allows boundary optimization
    d - dont_touch
   mo - map_only
    h - hierarchical
    n - noncombinational
    r - removable
    s - synthetic operator
    u - contains unmapped logic

Reference          Library       Unit Area   Count    Total Area   Attributes
-----------------------------------------------------------------------------
DFCNQD1BWP40P140EHVT tcbn28hpcplusbwp40p140ehvttt1v25c_ccs     2.268000       3     6.804000 n
DFQD1BWP40P140EHVT tcbn28hpcplusbwp40p140ehvttt1v25c_ccs     1.890000      54   102.059999 n
DFQD2BWP40P140EHVT tcbn28hpcplusbwp40p140ehvttt1v25c_ccs     1.890000      10    18.900000 n
INVD1BWP30P140LVT  tcbn28hpcplusbwp30p140lvttt1v25c_ccs     0.252000       1     0.252000
TIEHBWP40P140EHVT  tcbn28hpcplusbwp40p140ehvttt1v25c_ccs     0.252000       1     0.252000
mlp_N_FEATURES32_HIDDEN116_HIDDEN216_DATA_WIDTH8 76592.376126       1 76592.376126 h, n
-----------------------------------------------------------------------------
Total 6 references                                  76720.644125

****************************************
Design: mlp_N_FEATURES32_HIDDEN116_HIDDEN216_DATA_WIDTH8 
****************************************
Reference          Library       Unit Area   Count    Total Area   Attributes
-----------------------------------------------------------------------------
AN2D0BWP30P140HVT  tcbn28hpcplusbwp30p140hvttt1v25c_ccs     0.504000      84    42.336001
AN2D0BWP40P140EHVT tcbn28hpcplusbwp40p140ehvttt1v25c_ccs     0.504000    3009  1516.536024
AN2D1BWP30P140HVT  tcbn28hpcplusbwp30p140hvttt1v25c_ccs     0.504000      17     8.568000
AN2D1BWP40P140EHVT tcbn28hpcplusbwp40p140ehvttt1v25c_ccs     0.504000     139    70.056001
AO21D0BWP30P140HVT tcbn28hpcplusbwp30p140hvttt1v25c_ccs     0.630000       5     3.150000
AO21D0BWP40P140EHVT tcbn28hpcplusbwp40p140ehvttt1v25c_ccs     0.630000    1098   691.739995
AO21D1BWP30P140    tcbn28hpcplusbwp30p140tt1v25c_ccs     0.630000       8     5.040000
AO21D1BWP30P140HVT tcbn28hpcplusbwp30p140hvttt1v25c_ccs     0.630000      16    10.080000
AO21D1BWP40P140EHVT tcbn28hpcplusbwp40p140ehvttt1v25c_ccs     0.630000       4     2.520000
AO21D2BWP30P140LVT tcbn28hpcplusbwp30p140lvttt1v25c_ccs     0.756000       1     0.756000
AO22D0BWP30P140    tcbn28hpcplusbwp30p140tt1v25c_ccs     0.756000      60    45.359999
AO22D0BWP30P140HVT tcbn28hpcplusbwp30p140hvttt1v25c_ccs     0.756000      96    72.575998
AO22D0BWP40P140EHVT tcbn28hpcplusbwp40p140ehvttt1v25c_ccs     0.756000      36    27.215999
AOI21D0BWP30P140HVT tcbn28hpcplusbwp30p140hvttt1v25c_ccs     0.504000       1     0.504000
AOI21D0BWP40P140EHVT tcbn28hpcplusbwp40p140ehvttt1v25c_ccs     0.504000       2     1.008000
AOI21D0P7BWP40P140EHVT tcbn28hpcplusbwp40p140ehvttt1v25c_ccs     0.504000       2     1.008000
AOI21D1BWP30P140   tcbn28hpcplusbwp30p140tt1v25c_ccs     0.504000      13     6.552000
AOI21D1BWP30P140HVT tcbn28hpcplusbwp30p140hvttt1v25c_ccs     0.504000      32    16.128000
AOI21D1BWP40P140EHVT tcbn28hpcplusbwp40p140ehvttt1v25c_ccs     0.504000       2     1.008000
BUFFD1BWP30P140    tcbn28hpcplusbwp30p140tt1v25c_ccs     0.378000       1     0.378000
BUFFD1BWP30P140HVT tcbn28hpcplusbwp30p140hvttt1v25c_ccs     0.378000       8     3.024000
BUFFD2BWP30P140    tcbn28hpcplusbwp30p140tt1v25c_ccs     0.504000      11     5.544000
BUFFD2BWP30P140HVT tcbn28hpcplusbwp30p140hvttt1v25c_ccs     0.504000      17     8.568000
BUFFD3BWP30P140    tcbn28hpcplusbwp30p140tt1v25c_ccs     0.630000      20    12.600000
BUFFD4BWP30P140    tcbn28hpcplusbwp30p140tt1v25c_ccs     0.882000       1     0.882000
CKAN2D0BWP40P140EHVT tcbn28hpcplusbwp40p140ehvttt1v25c_ccs     0.504000      77    38.808001
CKAN2D1BWP30P140HVT tcbn28hpcplusbwp30p140hvttt1v25c_ccs     0.504000       1     0.504000
CKAN2D1BWP40P140EHVT tcbn28hpcplusbwp40p140ehvttt1v25c_ccs     0.504000      54    27.216000
CKAN2D2BWP30P140HVT tcbn28hpcplusbwp30p140hvttt1v25c_ccs     0.630000       1     0.630000
CKBD0BWP40P140EHVT tcbn28hpcplusbwp40p140ehvttt1v25c_ccs     0.378000     192    72.575998
CKBD1BWP30P140     tcbn28hpcplusbwp30p140tt1v25c_ccs     0.378000      73    27.593999
CKBD1BWP30P140HVT  tcbn28hpcplusbwp30p140hvttt1v25c_ccs     0.378000       5     1.890000
CKND2D1BWP40P140EHVT tcbn28hpcplusbwp40p140ehvttt1v25c_ccs     0.378000      58    21.923999
CKXOR2D1BWP30P140  tcbn28hpcplusbwp30p140tt1v25c_ccs     1.008000       3     3.024000
CKXOR2D1BWP30P140HVT tcbn28hpcplusbwp30p140hvttt1v25c_ccs     1.008000       7     7.056000
CKXOR2D1BWP40P140EHVT tcbn28hpcplusbwp40p140ehvttt1v25c_ccs     1.008000      57    57.456001
DFCNQD1BWP40P140EHVT tcbn28hpcplusbwp40p140ehvttt1v25c_ccs     2.268000       7    15.875999 n
DFQD1BWP30P140     tcbn28hpcplusbwp30p140tt1v25c_ccs     1.890000       2     3.780000 n
DFQD1BWP30P140HVT  tcbn28hpcplusbwp30p140hvttt1v25c_ccs     1.890000      12    22.680000 n
DFQD1BWP30P140LVT  tcbn28hpcplusbwp30p140lvttt1v25c_ccs     1.890000     691  1305.989990 n
DFQD1BWP40P140EHVT tcbn28hpcplusbwp40p140ehvttt1v25c_ccs     1.890000      67   126.629999 n
DFQD2BWP30P140     tcbn28hpcplusbwp30p140tt1v25c_ccs     1.890000       7    13.230000 n
DFQD2BWP30P140HVT  tcbn28hpcplusbwp30p140hvttt1v25c_ccs     1.890000       1     1.890000 n
DFQD2BWP30P140LVT  tcbn28hpcplusbwp30p140lvttt1v25c_ccs     1.890000      64   120.959999 n
DFQD4BWP30P140     tcbn28hpcplusbwp30p140tt1v25c_ccs     2.268000       9    20.411999 n
DFQD4BWP30P140HVT  tcbn28hpcplusbwp30p140hvttt1v25c_ccs     2.268000       1     2.268000 n
DFQD4BWP30P140LVT  tcbn28hpcplusbwp30p140lvttt1v25c_ccs     2.268000       7    15.875999 n
EDFD1BWP30P140HVT  tcbn28hpcplusbwp30p140hvttt1v25c_ccs     2.772000       3     8.316000 n
EDFD1BWP30P140LVT  tcbn28hpcplusbwp30p140lvttt1v25c_ccs     2.772000      73   202.356005 n
EDFD1BWP40P140EHVT tcbn28hpcplusbwp40p140ehvttt1v25c_ccs     2.772000    6399 17738.028476 n
FA1D0BWP30P140     tcbn28hpcplusbwp30p140tt1v25c_ccs     2.142000     123   263.465995 r
FA1D0BWP30P140HVT  tcbn28hpcplusbwp30p140hvttt1v25c_ccs     2.142000   10859 23259.977565 r
FA1D0BWP40P140EHVT tcbn28hpcplusbwp40p140ehvttt1v25c_ccs     2.142000       2     4.284000 r
FA1D1BWP30P140     tcbn28hpcplusbwp30p140tt1v25c_ccs     2.142000    1446  3097.331942 r
FA1D1BWP30P140HVT  tcbn28hpcplusbwp30p140hvttt1v25c_ccs     2.142000     206   441.251992 r
FA1D1BWP30P140LVT  tcbn28hpcplusbwp30p140lvttt1v25c_ccs     2.142000    1540  3298.679938 r
FA1D1BWP40P140EHVT tcbn28hpcplusbwp40p140ehvttt1v25c_ccs     2.142000     301   644.741988 r
FA1D2BWP30P140     tcbn28hpcplusbwp30p140tt1v25c_ccs     2.394000      10    23.940001 r
FA1D2BWP30P140HVT  tcbn28hpcplusbwp30p140hvttt1v25c_ccs     2.394000       4     9.576000 r
FA1D2BWP30P140LVT  tcbn28hpcplusbwp30p140lvttt1v25c_ccs     2.394000      39    93.366002 r
FA1D4BWP30P140LVT  tcbn28hpcplusbwp30p140lvttt1v25c_ccs     3.654000      67   244.818003 r
FA1OPTCD1BWP30P140 tcbn28hpcplusbwp30p140tt1v25c_ccs     2.520000      15    37.800000 r
FA1OPTCD1BWP30P140LVT tcbn28hpcplusbwp30p140lvttt1v25c_ccs     2.520000      15    37.800000 r
FA1OPTCD2BWP30P140 tcbn28hpcplusbwp30p140tt1v25c_ccs     3.024000       3     9.072000 r
FA1OPTCD2BWP30P140LVT tcbn28hpcplusbwp30p140lvttt1v25c_ccs     3.024000      94   284.255993 r
HA1D0BWP30P140HVT  tcbn28hpcplusbwp30p140hvttt1v25c_ccs     1.638000     106   173.628001 r
HA1D0BWP40P140EHVT tcbn28hpcplusbwp40p140ehvttt1v25c_ccs     1.638000       1     1.638000 r
HA1D1BWP30P140     tcbn28hpcplusbwp30p140tt1v25c_ccs     1.638000       5     8.190000 r
HA1D1BWP30P140HVT  tcbn28hpcplusbwp30p140hvttt1v25c_ccs     1.638000       4     6.552000 r
HA1D1BWP40P140EHVT tcbn28hpcplusbwp40p140ehvttt1v25c_ccs     1.638000      15    24.570000 r
IND2D0BWP30P140HVT tcbn28hpcplusbwp30p140hvttt1v25c_ccs     0.504000      19     9.576000
IND2D0BWP40P140EHVT tcbn28hpcplusbwp40p140ehvttt1v25c_ccs     0.504000     964   485.856008
IND2D1BWP30P140LVT tcbn28hpcplusbwp30p140lvttt1v25c_ccs     0.504000       5     2.520000
IND2D1BWP40P140EHVT tcbn28hpcplusbwp40p140ehvttt1v25c_ccs     0.504000      78    39.312001
IND4D0BWP40P140EHVT tcbn28hpcplusbwp40p140ehvttt1v25c_ccs     0.756000       1     0.756000
INR2D0BWP30P140HVT tcbn28hpcplusbwp30p140hvttt1v25c_ccs     0.504000     181    91.224001
INR2D0BWP40P140EHVT tcbn28hpcplusbwp40p140ehvttt1v25c_ccs     0.504000    1029   518.616008
INR2D1BWP30P140    tcbn28hpcplusbwp30p140tt1v25c_ccs     0.504000      42    21.168000
INR2D1BWP30P140HVT tcbn28hpcplusbwp30p140hvttt1v25c_ccs     0.504000      67    33.768001
INR2D1BWP30P140LVT tcbn28hpcplusbwp30p140lvttt1v25c_ccs     0.504000      12     6.048000
INR2D1BWP40P140EHVT tcbn28hpcplusbwp40p140ehvttt1v25c_ccs     0.504000      60    30.240000
INR2D2BWP30P140    tcbn28hpcplusbwp30p140tt1v25c_ccs     0.756000       2     1.512000
INR2D2BWP30P140LVT tcbn28hpcplusbwp30p140lvttt1v25c_ccs     0.756000      13     9.828000
INR2D4BWP30P140    tcbn28hpcplusbwp30p140tt1v25c_ccs     1.386000       1     1.386000
INR3D0BWP40P140EHVT tcbn28hpcplusbwp40p140ehvttt1v25c_ccs     0.630000       2     1.260000
INVD0BWP30P140HVT  tcbn28hpcplusbwp30p140hvttt1v25c_ccs     0.252000      16     4.032000
INVD0BWP40P140EHVT tcbn28hpcplusbwp40p140ehvttt1v25c_ccs     0.252000     381    96.012002
INVD0P7BWP30P140HVT tcbn28hpcplusbwp30p140hvttt1v25c_ccs     0.252000       7     1.764000
INVD0P7BWP40P140EHVT tcbn28hpcplusbwp40p140ehvttt1v25c_ccs     0.252000       5     1.260000
INVD1BWP30P140     tcbn28hpcplusbwp30p140tt1v25c_ccs     0.252000     136    34.272001
INVD1BWP30P140HVT  tcbn28hpcplusbwp30p140hvttt1v25c_ccs     0.252000     107    26.964000
INVD1BWP30P140LVT  tcbn28hpcplusbwp30p140lvttt1v25c_ccs     0.252000       4     1.008000
INVD1BWP40P140EHVT tcbn28hpcplusbwp40p140ehvttt1v25c_ccs     0.252000      12     3.024000
INVD1P5BWP30P140HVT tcbn28hpcplusbwp30p140hvttt1v25c_ccs     0.378000      38    14.364000
INVD2BWP30P140     tcbn28hpcplusbwp30p140tt1v25c_ccs     0.378000       7     2.646000
INVD2BWP30P140HVT  tcbn28hpcplusbwp30p140hvttt1v25c_ccs     0.378000     140    52.919999
INVD2BWP40P140EHVT tcbn28hpcplusbwp40p140ehvttt1v25c_ccs     0.378000       1     0.378000
INVD3BWP30P140     tcbn28hpcplusbwp30p140tt1v25c_ccs     0.504000       5     2.520000
INVD3BWP30P140LVT  tcbn28hpcplusbwp30p140lvttt1v25c_ccs     0.504000       3     1.512000
IOA21D0BWP40P140EHVT tcbn28hpcplusbwp40p140ehvttt1v25c_ccs     0.630000       2     1.260000
MUX2D0BWP30P140    tcbn28hpcplusbwp30p140tt1v25c_ccs     0.882000      10     8.820000
MUX2D0BWP30P140HVT tcbn28hpcplusbwp30p140hvttt1v25c_ccs     0.882000      46    40.572001
MUX2D0BWP40P140EHVT tcbn28hpcplusbwp40p140ehvttt1v25c_ccs     0.882000     149   131.418004
ND2D0BWP30P140HVT  tcbn28hpcplusbwp30p140hvttt1v25c_ccs     0.378000      17     6.426000
ND2D0BWP40P140EHVT tcbn28hpcplusbwp40p140ehvttt1v25c_ccs     0.378000     952   359.855992
ND2D0P7BWP40P140EHVT tcbn28hpcplusbwp40p140ehvttt1v25c_ccs     0.378000      20     7.560000
ND2D1BWP30P140     tcbn28hpcplusbwp30p140tt1v25c_ccs     0.378000     276   104.327998
ND2D1BWP30P140HVT  tcbn28hpcplusbwp30p140hvttt1v25c_ccs     0.378000     403   152.333996
ND2OPTIBD1BWP30P140 tcbn28hpcplusbwp30p140tt1v25c_ccs     0.378000       1     0.378000
ND2OPTIBD1BWP30P140HVT tcbn28hpcplusbwp30p140hvttt1v25c_ccs     0.378000     299   113.021997
ND3D0BWP40P140EHVT tcbn28hpcplusbwp40p140ehvttt1v25c_ccs     0.504000       9     4.536000
NR2D0BWP30P140HVT  tcbn28hpcplusbwp30p140hvttt1v25c_ccs     0.378000       5     1.890000
NR2D0BWP40P140EHVT tcbn28hpcplusbwp40p140ehvttt1v25c_ccs     0.378000     865   326.969992
NR2D0P7BWP40P140EHVT tcbn28hpcplusbwp40p140ehvttt1v25c_ccs     0.378000       6     2.268000
NR2OPTIBD1BWP30P140HVT tcbn28hpcplusbwp30p140hvttt1v25c_ccs     0.378000      26     9.828000
NR2OPTIBD1BWP40P140EHVT tcbn28hpcplusbwp40p140ehvttt1v25c_ccs     0.378000       1     0.378000
NR3D0BWP40P140EHVT tcbn28hpcplusbwp40p140ehvttt1v25c_ccs     0.504000       7     3.528000
NR4D0BWP40P140EHVT tcbn28hpcplusbwp40p140ehvttt1v25c_ccs     0.630000       2     1.260000
OA21D1BWP40P140EHVT tcbn28hpcplusbwp40p140ehvttt1v25c_ccs     0.630000       2     1.260000
OAI21D0BWP30P140HVT tcbn28hpcplusbwp30p140hvttt1v25c_ccs     0.504000       4     2.016000
OAI21D0BWP40P140EHVT tcbn28hpcplusbwp40p140ehvttt1v25c_ccs     0.504000       6     3.024000
OAI21D0P7BWP30P140HVT tcbn28hpcplusbwp30p140hvttt1v25c_ccs     0.504000       4     2.016000
OAI21D0P7BWP40P140EHVT tcbn28hpcplusbwp40p140ehvttt1v25c_ccs     0.504000       2     1.008000
OAI21D1BWP30P140   tcbn28hpcplusbwp30p140tt1v25c_ccs     0.504000      14     7.056000
OAI21D1BWP30P140HVT tcbn28hpcplusbwp30p140hvttt1v25c_ccs     0.504000      21    10.584000
OAI21D1BWP30P140LVT tcbn28hpcplusbwp30p140lvttt1v25c_ccs     0.504000       3     1.512000
OAI21D1BWP40P140EHVT tcbn28hpcplusbwp40p140ehvttt1v25c_ccs     0.504000       5     2.520000
OAI22D0BWP30P140HVT tcbn28hpcplusbwp30p140hvttt1v25c_ccs     0.630000     192   120.959999
OAI22D0BWP40P140EHVT tcbn28hpcplusbwp40p140ehvttt1v25c_ccs     0.630000    7780  4901.399963
OAI22D0P7BWP30P140HVT tcbn28hpcplusbwp30p140hvttt1v25c_ccs     0.630000       6     3.780000
OAI22D0P7BWP40P140EHVT tcbn28hpcplusbwp40p140ehvttt1v25c_ccs     0.630000     359   226.169998
OAI22D1BWP30P140HVT tcbn28hpcplusbwp30p140hvttt1v25c_ccs     0.630000     157    98.909999
OAI22D1BWP30P140LVT tcbn28hpcplusbwp30p140lvttt1v25c_ccs     0.630000       1     0.630000
OAI22D1BWP40P140EHVT tcbn28hpcplusbwp40p140ehvttt1v25c_ccs     0.630000     160   100.799999
OR2D0BWP40P140EHVT tcbn28hpcplusbwp40p140ehvttt1v25c_ccs     0.504000     100    50.400001
OR2D1BWP30P140HVT  tcbn28hpcplusbwp30p140hvttt1v25c_ccs     0.504000      48    24.192000
OR2D1BWP40P140EHVT tcbn28hpcplusbwp40p140ehvttt1v25c_ccs     0.504000      10     5.040000
XNR2D1BWP30P140    tcbn28hpcplusbwp30p140tt1v25c_ccs     1.008000       3     3.024000
XNR2D1BWP30P140HVT tcbn28hpcplusbwp30p140hvttt1v25c_ccs     1.008000      62    62.496001
XNR2D2BWP30P140HVT tcbn28hpcplusbwp30p140hvttt1v25c_ccs     1.134000      33    37.421998
XNR2UD0BWP30P140   tcbn28hpcplusbwp30p140tt1v25c_ccs     0.882000       1     0.882000
XNR2UD0BWP30P140HVT tcbn28hpcplusbwp30p140hvttt1v25c_ccs     0.882000     124   109.368004
XNR2UD0BWP40P140EHVT tcbn28hpcplusbwp40p140ehvttt1v25c_ccs     0.882000    5571  4913.622162
XNR2UD1BWP30P140   tcbn28hpcplusbwp30p140tt1v25c_ccs     0.882000     126   111.132004
XNR2UD1BWP30P140HVT tcbn28hpcplusbwp30p140hvttt1v25c_ccs     0.882000     830   732.060024
XNR2UD1BWP30P140LVT tcbn28hpcplusbwp30p140lvttt1v25c_ccs     0.882000     104    91.728003
XNR2UD1BWP40P140EHVT tcbn28hpcplusbwp40p140ehvttt1v25c_ccs     0.882000    1612  1421.784047
XOR2UD0BWP30P140   tcbn28hpcplusbwp30p140tt1v25c_ccs     0.882000      12    10.584000
XOR2UD0BWP30P140HVT tcbn28hpcplusbwp30p140hvttt1v25c_ccs     0.882000      53    46.746002
XOR2UD0BWP40P140EHVT tcbn28hpcplusbwp40p140ehvttt1v25c_ccs     0.882000     487   429.534014
XOR2UD1BWP30P140   tcbn28hpcplusbwp30p140tt1v25c_ccs     0.882000      75    66.150002
XOR2UD1BWP30P140HVT tcbn28hpcplusbwp30p140hvttt1v25c_ccs     0.882000     178   156.996005
XOR2UD1BWP30P140LVT tcbn28hpcplusbwp30p140lvttt1v25c_ccs     0.882000      18    15.876001
XOR2UD1BWP40P140EHVT tcbn28hpcplusbwp40p140ehvttt1v25c_ccs     0.882000     234   206.388007
dyn_quant_M1_ACC_W22_DATA_WIDTH8   305.298000       1   305.298000 h
dyn_quant_M16_ACC_W15_DATA_WIDTH8  1596.672001       1  1596.672001 h
dyn_quant_M16_ACC_W22_DATA_WIDTH8  3563.909986       1  3563.909986 h
-----------------------------------------------------------------------------
Total 157 references                                76592.376126

****************************************
Design: dyn_quant_M1_ACC_W22_DATA_WIDTH8 
****************************************
Reference          Library       Unit Area   Count    Total Area   Attributes
-----------------------------------------------------------------------------
AN2D0BWP30P140HVT  tcbn28hpcplusbwp30p140hvttt1v25c_ccs     0.504000       1     0.504000
AO211D1BWP30P140LVT tcbn28hpcplusbwp30p140lvttt1v25c_ccs     0.756000       1     0.756000
AOI21D0BWP40P140EHVT tcbn28hpcplusbwp40p140ehvttt1v25c_ccs     0.504000       1     0.504000
AOI22D1BWP30P140LVT tcbn28hpcplusbwp30p140lvttt1v25c_ccs     0.630000       1     0.630000
AOI211D0BWP40P140EHVT tcbn28hpcplusbwp40p140ehvttt1v25c_ccs     0.630000       1     0.630000
AOI211D1BWP30P140HVT tcbn28hpcplusbwp30p140hvttt1v25c_ccs     0.630000       1     0.630000
AOI211D1BWP30P140LVT tcbn28hpcplusbwp30p140lvttt1v25c_ccs     0.630000       2     1.260000
AOI211D2BWP30P140LVT tcbn28hpcplusbwp30p140lvttt1v25c_ccs     1.134000       1     1.134000
CKAN2D1BWP30P140   tcbn28hpcplusbwp30p140tt1v25c_ccs     0.504000       1     0.504000
CKAN2D2BWP30P140   tcbn28hpcplusbwp30p140tt1v25c_ccs     0.630000       1     0.630000
INVD0BWP30P140HVT  tcbn28hpcplusbwp30p140hvttt1v25c_ccs     0.252000       2     0.504000
INVD0BWP40P140EHVT tcbn28hpcplusbwp40p140ehvttt1v25c_ccs     0.252000       7     1.764000
INVD0P7BWP30P140HVT tcbn28hpcplusbwp30p140hvttt1v25c_ccs     0.252000       2     0.504000
INVD0P7BWP40P140EHVT tcbn28hpcplusbwp40p140ehvttt1v25c_ccs     0.252000       1     0.252000
INVD1BWP30P140     tcbn28hpcplusbwp30p140tt1v25c_ccs     0.252000       4     1.008000
INVD1BWP30P140HVT  tcbn28hpcplusbwp30p140hvttt1v25c_ccs     0.252000       7     1.764000
INVD1BWP30P140LVT  tcbn28hpcplusbwp30p140lvttt1v25c_ccs     0.252000       2     0.504000
INVD2BWP30P140     tcbn28hpcplusbwp30p140tt1v25c_ccs     0.378000       2     0.756000
MUX2D0BWP30P140    tcbn28hpcplusbwp30p140tt1v25c_ccs     0.882000       1     0.882000
MUX2D0BWP30P140LVT tcbn28hpcplusbwp30p140lvttt1v25c_ccs     0.882000       2     1.764000
MUX2D1BWP30P140LVT tcbn28hpcplusbwp30p140lvttt1v25c_ccs     1.008000       2     2.016000
MUX2ND2BWP30P140   tcbn28hpcplusbwp30p140tt1v25c_ccs     1.260000       1     1.260000
MUX2NUD1BWP30P140HVT tcbn28hpcplusbwp30p140hvttt1v25c_ccs     0.756000       1     0.756000
MUX2NUD1BWP30P140LVT tcbn28hpcplusbwp30p140lvttt1v25c_ccs     0.756000       1     0.756000
MUX2OPTD2BWP30P140LVT tcbn28hpcplusbwp30p140lvttt1v25c_ccs     1.134000       1     1.134000
ND2D0BWP30P140HVT  tcbn28hpcplusbwp30p140hvttt1v25c_ccs     0.378000       1     0.378000
ND2D0BWP40P140EHVT tcbn28hpcplusbwp40p140ehvttt1v25c_ccs     0.378000       4     1.512000
ND2D0P7BWP40P140EHVT tcbn28hpcplusbwp40p140ehvttt1v25c_ccs     0.378000       1     0.378000
ND2D1BWP30P140     tcbn28hpcplusbwp30p140tt1v25c_ccs     0.378000       9     3.402000
ND2D1BWP30P140HVT  tcbn28hpcplusbwp30p140hvttt1v25c_ccs     0.378000       3     1.134000
ND2D1BWP30P140LVT  tcbn28hpcplusbwp30p140lvttt1v25c_ccs     0.378000       6     2.268000
ND2OPTIBD1BWP30P140HVT tcbn28hpcplusbwp30p140hvttt1v25c_ccs     0.378000       2     0.756000
ND2OPTIBD2BWP30P140 tcbn28hpcplusbwp30p140tt1v25c_ccs     0.630000       1     0.630000
NR2D1BWP30P140     tcbn28hpcplusbwp30p140tt1v25c_ccs     0.378000       4     1.512000
NR2D1BWP30P140HVT  tcbn28hpcplusbwp30p140hvttt1v25c_ccs     0.378000       1     0.378000
NR2D1BWP30P140LVT  tcbn28hpcplusbwp30p140lvttt1v25c_ccs     0.378000       8     3.024000
NR2OPTIBD1BWP30P140HVT tcbn28hpcplusbwp30p140hvttt1v25c_ccs     0.378000       4     1.512000
NR3D0BWP40P140EHVT tcbn28hpcplusbwp40p140ehvttt1v25c_ccs     0.504000       1     0.504000
NR4D0BWP30P140     tcbn28hpcplusbwp30p140tt1v25c_ccs     0.630000       2     1.260000
OAI21D0BWP40P140EHVT tcbn28hpcplusbwp40p140ehvttt1v25c_ccs     0.504000       1     0.504000
OAI21D1BWP30P140   tcbn28hpcplusbwp30p140tt1v25c_ccs     0.504000       2     1.008000
OAI31D1BWP30P140LVT tcbn28hpcplusbwp30p140lvttt1v25c_ccs     0.630000       1     0.630000
OAI211D1BWP30P140LVT tcbn28hpcplusbwp30p140lvttt1v25c_ccs     0.630000       1     0.630000
XNR2OPTND2BWP30P140 tcbn28hpcplusbwp30p140tt1v25c_ccs     1.386000       1     1.386000
XNR2UD0BWP30P140HVT tcbn28hpcplusbwp30p140hvttt1v25c_ccs     0.882000       1     0.882000
XNR2UD1BWP30P140   tcbn28hpcplusbwp30p140tt1v25c_ccs     0.882000       1     0.882000
XNR2UD1BWP30P140HVT tcbn28hpcplusbwp30p140hvttt1v25c_ccs     0.882000       1     0.882000
XOR2D1BWP30P140    tcbn28hpcplusbwp30p140tt1v25c_ccs     1.008000       1     1.008000
XOR2D2BWP30P140    tcbn28hpcplusbwp30p140tt1v25c_ccs     1.134000       1     1.134000
XOR2UD0BWP40P140EHVT tcbn28hpcplusbwp40p140ehvttt1v25c_ccs     0.882000       1     0.882000
XOR2UD1BWP30P140   tcbn28hpcplusbwp30p140tt1v25c_ccs     0.882000       3     2.646000
XOR2UD1BWP30P140LVT tcbn28hpcplusbwp30p140lvttt1v25c_ccs     0.882000       4     3.528000
requant_rne_ACC_W22_DATA_WIDTH8_SHW5_0   247.842000       1   247.842000 h
-----------------------------------------------------------------------------
Total 53 references                                   305.298000

****************************************
Design: requant_rne_ACC_W22_DATA_WIDTH8_SHW5_0 
****************************************
Reference          Library       Unit Area   Count    Total Area   Attributes
-----------------------------------------------------------------------------
AN2D0BWP40P140EHVT tcbn28hpcplusbwp40p140ehvttt1v25c_ccs     0.504000       2     1.008000
AO21D1BWP30P140HVT tcbn28hpcplusbwp30p140hvttt1v25c_ccs     0.630000       7     4.410000
AO211D1BWP30P140LVT tcbn28hpcplusbwp30p140lvttt1v25c_ccs     0.756000       1     0.756000
AOI21D0BWP40P140EHVT tcbn28hpcplusbwp40p140ehvttt1v25c_ccs     0.504000       2     1.008000
AOI21D1BWP30P140   tcbn28hpcplusbwp30p140tt1v25c_ccs     0.504000       1     0.504000
AOI21D1BWP30P140HVT tcbn28hpcplusbwp30p140hvttt1v25c_ccs     0.504000       1     0.504000
AOI21D1BWP30P140LVT tcbn28hpcplusbwp30p140lvttt1v25c_ccs     0.504000       1     0.504000
AOI22D0BWP30P140   tcbn28hpcplusbwp30p140tt1v25c_ccs     0.630000       3     1.890000
AOI22D0BWP30P140HVT tcbn28hpcplusbwp30p140hvttt1v25c_ccs     0.630000       6     3.780000
AOI22D0BWP40P140EHVT tcbn28hpcplusbwp40p140ehvttt1v25c_ccs     0.630000       8     5.040000
AOI22D1BWP30P140   tcbn28hpcplusbwp30p140tt1v25c_ccs     0.630000       7     4.410000
AOI22D1BWP30P140HVT tcbn28hpcplusbwp30p140hvttt1v25c_ccs     0.630000      11     6.930000
AOI22D1BWP30P140LVT tcbn28hpcplusbwp30p140lvttt1v25c_ccs     0.630000       4     2.520000
AOI31D1BWP30P140   tcbn28hpcplusbwp30p140tt1v25c_ccs     0.630000       1     0.630000
AOI31D1BWP30P140HVT tcbn28hpcplusbwp30p140hvttt1v25c_ccs     0.630000       1     0.630000
AOI31D1BWP30P140LVT tcbn28hpcplusbwp30p140lvttt1v25c_ccs     0.630000       1     0.630000
AOI211D0BWP40P140EHVT tcbn28hpcplusbwp40p140ehvttt1v25c_ccs     0.630000       1     0.630000
AOI211D1BWP30P140  tcbn28hpcplusbwp30p140tt1v25c_ccs     0.630000       7     4.410000
AOI222D1BWP30P140  tcbn28hpcplusbwp30p140tt1v25c_ccs     1.008000       1     1.008000
AOI222D1BWP30P140LVT tcbn28hpcplusbwp30p140lvttt1v25c_ccs     1.008000       2     2.016000
CKAN2D1BWP30P140   tcbn28hpcplusbwp30p140tt1v25c_ccs     0.504000       1     0.504000
CKAN2D1BWP30P140HVT tcbn28hpcplusbwp30p140hvttt1v25c_ccs     0.504000       1     0.504000
CKAN2D1BWP40P140EHVT tcbn28hpcplusbwp40p140ehvttt1v25c_ccs     0.504000       1     0.504000
CKND2D1BWP40P140EHVT tcbn28hpcplusbwp40p140ehvttt1v25c_ccs     0.378000       1     0.378000
CKXOR2D1BWP30P140HVT tcbn28hpcplusbwp30p140hvttt1v25c_ccs     1.008000       1     1.008000
FA1D1BWP30P140LVT  tcbn28hpcplusbwp30p140lvttt1v25c_ccs     2.142000       5    10.710000 r
FA1OPTCD1BWP30P140LVT tcbn28hpcplusbwp30p140lvttt1v25c_ccs     2.520000       1     2.520000 r
FA1OPTCD2BWP30P140LVT tcbn28hpcplusbwp30p140lvttt1v25c_ccs     3.024000       3     9.072000 r
IAO21D1BWP30P140LVT tcbn28hpcplusbwp30p140lvttt1v25c_ccs     0.630000       1     0.630000
IND2D0BWP30P140HVT tcbn28hpcplusbwp30p140hvttt1v25c_ccs     0.504000       1     0.504000
IND2D0BWP40P140EHVT tcbn28hpcplusbwp40p140ehvttt1v25c_ccs     0.504000       1     0.504000
IND2D2BWP30P140    tcbn28hpcplusbwp30p140tt1v25c_ccs     0.756000       1     0.756000
INR2D0BWP40P140EHVT tcbn28hpcplusbwp40p140ehvttt1v25c_ccs     0.504000       9     4.536000
INR2D1BWP40P140EHVT tcbn28hpcplusbwp40p140ehvttt1v25c_ccs     0.504000       2     1.008000
INR2D2BWP30P140    tcbn28hpcplusbwp30p140tt1v25c_ccs     0.756000       1     0.756000
INVD0BWP30P140HVT  tcbn28hpcplusbwp30p140hvttt1v25c_ccs     0.252000       4     1.008000
INVD0BWP40P140EHVT tcbn28hpcplusbwp40p140ehvttt1v25c_ccs     0.252000      51    12.852000
INVD0P7BWP30P140HVT tcbn28hpcplusbwp30p140hvttt1v25c_ccs     0.252000       6     1.512000
INVD0P7BWP40P140EHVT tcbn28hpcplusbwp40p140ehvttt1v25c_ccs     0.252000       3     0.756000
INVD1BWP30P140     tcbn28hpcplusbwp30p140tt1v25c_ccs     0.252000       3     0.756000
INVD1BWP30P140HVT  tcbn28hpcplusbwp30p140hvttt1v25c_ccs     0.252000       9     2.268000
INVD1BWP30P140LVT  tcbn28hpcplusbwp30p140lvttt1v25c_ccs     0.252000       1     0.252000
INVD1BWP40P140EHVT tcbn28hpcplusbwp40p140ehvttt1v25c_ccs     0.252000       2     0.504000
INVD1P5BWP30P140   tcbn28hpcplusbwp30p140tt1v25c_ccs     0.378000       1     0.378000
INVD2BWP30P140HVT  tcbn28hpcplusbwp30p140hvttt1v25c_ccs     0.378000       4     1.512000
INVD4BWP30P140     tcbn28hpcplusbwp30p140tt1v25c_ccs     0.630000       1     0.630000
MAOI22D0BWP30P140HVT tcbn28hpcplusbwp30p140hvttt1v25c_ccs     0.756000       3     2.268000
MAOI22D1BWP30P140  tcbn28hpcplusbwp30p140tt1v25c_ccs     0.756000       2     1.512000
MAOI22D1BWP30P140HVT tcbn28hpcplusbwp30p140hvttt1v25c_ccs     0.756000       1     0.756000
MAOI222D0BWP30P140HVT tcbn28hpcplusbwp30p140hvttt1v25c_ccs     0.756000       1     0.756000
MAOI222D1BWP30P140HVT tcbn28hpcplusbwp30p140hvttt1v25c_ccs     0.756000       1     0.756000
MAOI222D1BWP30P140LVT tcbn28hpcplusbwp30p140lvttt1v25c_ccs     0.756000       1     0.756000
MAOI222D1BWP40P140EHVT tcbn28hpcplusbwp40p140ehvttt1v25c_ccs     0.756000       1     0.756000
MOAI22D0BWP30P140LVT tcbn28hpcplusbwp30p140lvttt1v25c_ccs     0.756000       1     0.756000
MOAI22D0BWP40P140EHVT tcbn28hpcplusbwp40p140ehvttt1v25c_ccs     0.756000       1     0.756000
MOAI22D1BWP30P140HVT tcbn28hpcplusbwp30p140hvttt1v25c_ccs     0.756000       2     1.512000
MOAI22D1BWP30P140LVT tcbn28hpcplusbwp30p140lvttt1v25c_ccs     0.756000       3     2.268000
MUX2ND0BWP40P140EHVT tcbn28hpcplusbwp40p140ehvttt1v25c_ccs     0.756000       3     2.268000
MUX2NUD1BWP30P140HVT tcbn28hpcplusbwp30p140hvttt1v25c_ccs     0.756000       2     1.512000
MUX2NUD1BWP30P140LVT tcbn28hpcplusbwp30p140lvttt1v25c_ccs     0.756000       1     0.756000
ND2D0BWP30P140     tcbn28hpcplusbwp30p140tt1v25c_ccs     0.378000       1     0.378000
ND2D0BWP30P140HVT  tcbn28hpcplusbwp30p140hvttt1v25c_ccs     0.378000       6     2.268000
ND2D0BWP40P140EHVT tcbn28hpcplusbwp40p140ehvttt1v25c_ccs     0.378000      10     3.780000
ND2D0P7BWP40P140EHVT tcbn28hpcplusbwp40p140ehvttt1v25c_ccs     0.378000       2     0.756000
ND2D1BWP30P140     tcbn28hpcplusbwp30p140tt1v25c_ccs     0.378000       5     1.890000
ND2D1BWP30P140HVT  tcbn28hpcplusbwp30p140hvttt1v25c_ccs     0.378000       6     2.268000
ND2D1BWP30P140LVT  tcbn28hpcplusbwp30p140lvttt1v25c_ccs     0.378000       7     2.646000
ND2D2BWP30P140HVT  tcbn28hpcplusbwp30p140hvttt1v25c_ccs     0.630000       1     0.630000
ND2OPTIBD1BWP30P140HVT tcbn28hpcplusbwp30p140hvttt1v25c_ccs     0.378000      11     4.158000
ND3D0BWP30P140     tcbn28hpcplusbwp30p140tt1v25c_ccs     0.504000       1     0.504000
ND3D0BWP30P140HVT  tcbn28hpcplusbwp30p140hvttt1v25c_ccs     0.504000       1     0.504000
ND3D0BWP40P140EHVT tcbn28hpcplusbwp40p140ehvttt1v25c_ccs     0.504000       1     0.504000
ND3D1BWP30P140     tcbn28hpcplusbwp30p140tt1v25c_ccs     0.504000       3     1.512000
ND3D1BWP30P140HVT  tcbn28hpcplusbwp30p140hvttt1v25c_ccs     0.504000       1     0.504000
ND3D1BWP30P140LVT  tcbn28hpcplusbwp30p140lvttt1v25c_ccs     0.504000       1     0.504000
ND4D0BWP30P140HVT  tcbn28hpcplusbwp30p140hvttt1v25c_ccs     0.630000       2     1.260000
ND4D1BWP30P140     tcbn28hpcplusbwp30p140tt1v25c_ccs     0.630000       1     0.630000
NR2D0BWP30P140     tcbn28hpcplusbwp30p140tt1v25c_ccs     0.378000       1     0.378000
NR2D0BWP30P140HVT  tcbn28hpcplusbwp30p140hvttt1v25c_ccs     0.378000       3     1.134000
NR2D0BWP40P140EHVT tcbn28hpcplusbwp40p140ehvttt1v25c_ccs     0.378000      21     7.938000
NR2D0P7BWP30P140   tcbn28hpcplusbwp30p140tt1v25c_ccs     0.378000       1     0.378000
NR2D0P7BWP40P140EHVT tcbn28hpcplusbwp40p140ehvttt1v25c_ccs     0.378000       2     0.756000
NR2D1BWP30P140     tcbn28hpcplusbwp30p140tt1v25c_ccs     0.378000       4     1.512000
NR2D1BWP30P140LVT  tcbn28hpcplusbwp30p140lvttt1v25c_ccs     0.378000       2     0.756000
NR2OPTIBD1BWP30P140HVT tcbn28hpcplusbwp30p140hvttt1v25c_ccs     0.378000      18     6.804000
NR2OPTIBD1BWP40P140EHVT tcbn28hpcplusbwp40p140ehvttt1v25c_ccs     0.378000       1     0.378000
NR3D0BWP40P140EHVT tcbn28hpcplusbwp40p140ehvttt1v25c_ccs     0.504000       2     1.008000
NR3D0P7BWP30P140HVT tcbn28hpcplusbwp30p140hvttt1v25c_ccs     0.504000       2     1.008000
NR3D0P7BWP30P140LVT tcbn28hpcplusbwp30p140lvttt1v25c_ccs     0.504000       1     0.504000
NR4D0BWP40P140EHVT tcbn28hpcplusbwp40p140ehvttt1v25c_ccs     0.630000       2     1.260000
OA21D0BWP30P140HVT tcbn28hpcplusbwp30p140hvttt1v25c_ccs     0.630000       1     0.630000
OA21D0BWP40P140EHVT tcbn28hpcplusbwp40p140ehvttt1v25c_ccs     0.630000       4     2.520000
OA21D1BWP30P140HVT tcbn28hpcplusbwp30p140hvttt1v25c_ccs     0.630000       2     1.260000
OA22D1BWP30P140    tcbn28hpcplusbwp30p140tt1v25c_ccs     0.882000       1     0.882000
OA22D1BWP30P140LVT tcbn28hpcplusbwp30p140lvttt1v25c_ccs     0.882000       2     1.764000
OA211D0BWP40P140EHVT tcbn28hpcplusbwp40p140ehvttt1v25c_ccs     0.756000       4     3.024000
OA211D1BWP30P140   tcbn28hpcplusbwp30p140tt1v25c_ccs     0.756000       2     1.512000
OA211D1BWP40P140EHVT tcbn28hpcplusbwp40p140ehvttt1v25c_ccs     0.756000       1     0.756000
OAI21D0BWP40P140EHVT tcbn28hpcplusbwp40p140ehvttt1v25c_ccs     0.504000       3     1.512000
OAI21D0P7BWP30P140HVT tcbn28hpcplusbwp30p140hvttt1v25c_ccs     0.504000       1     0.504000
OAI21D1BWP30P140   tcbn28hpcplusbwp30p140tt1v25c_ccs     0.504000       2     1.008000
OAI21D1BWP30P140HVT tcbn28hpcplusbwp30p140hvttt1v25c_ccs     0.504000       1     0.504000
OAI21D1BWP30P140LVT tcbn28hpcplusbwp30p140lvttt1v25c_ccs     0.504000       2     1.008000
OAI22D0BWP30P140HVT tcbn28hpcplusbwp30p140hvttt1v25c_ccs     0.630000       4     2.520000
OAI22D0BWP40P140EHVT tcbn28hpcplusbwp40p140ehvttt1v25c_ccs     0.630000       2     1.260000
OAI22D0P7BWP40P140EHVT tcbn28hpcplusbwp40p140ehvttt1v25c_ccs     0.630000       1     0.630000
OAI22D1BWP30P140   tcbn28hpcplusbwp30p140tt1v25c_ccs     0.630000       1     0.630000
OAI22D1BWP30P140HVT tcbn28hpcplusbwp30p140hvttt1v25c_ccs     0.630000       1     0.630000
OAI31D1BWP30P140HVT tcbn28hpcplusbwp30p140hvttt1v25c_ccs     0.630000       2     1.260000
OAI211D0BWP30P140HVT tcbn28hpcplusbwp30p140hvttt1v25c_ccs     0.630000       1     0.630000
OAI211D1BWP30P140  tcbn28hpcplusbwp30p140tt1v25c_ccs     0.630000      12     7.560000
OAI211D1BWP30P140HVT tcbn28hpcplusbwp30p140hvttt1v25c_ccs     0.630000       3     1.890000
OAI211D1BWP30P140LVT tcbn28hpcplusbwp30p140lvttt1v25c_ccs     0.630000       6     3.780000
OAI222D1BWP30P140  tcbn28hpcplusbwp30p140tt1v25c_ccs     1.008000       1     1.008000
OAI222D1BWP30P140LVT tcbn28hpcplusbwp30p140lvttt1v25c_ccs     1.008000       2     2.016000
OR2D0BWP40P140EHVT tcbn28hpcplusbwp40p140ehvttt1v25c_ccs     0.504000       3     1.512000
OR2D1BWP30P140     tcbn28hpcplusbwp30p140tt1v25c_ccs     0.504000       1     0.504000
OR2D1BWP30P140HVT  tcbn28hpcplusbwp30p140hvttt1v25c_ccs     0.504000       1     0.504000
OR2D1BWP30P140LVT  tcbn28hpcplusbwp30p140lvttt1v25c_ccs     0.504000       4     2.016000
OR3D0BWP40P140EHVT tcbn28hpcplusbwp40p140ehvttt1v25c_ccs     0.630000       1     0.630000
XNR2D1BWP30P140HVT tcbn28hpcplusbwp30p140hvttt1v25c_ccs     1.008000       3     3.024000
XNR2UD0BWP30P140HVT tcbn28hpcplusbwp30p140hvttt1v25c_ccs     0.882000       2     1.764000
XNR2UD0BWP40P140EHVT tcbn28hpcplusbwp40p140ehvttt1v25c_ccs     0.882000      11     9.702000
XNR2UD1BWP30P140   tcbn28hpcplusbwp30p140tt1v25c_ccs     0.882000       3     2.646000
XNR2UD1BWP30P140HVT tcbn28hpcplusbwp30p140hvttt1v25c_ccs     0.882000       5     4.410000
XNR2UD1BWP30P140LVT tcbn28hpcplusbwp30p140lvttt1v25c_ccs     0.882000       7     6.174000
XNR2UD1BWP40P140EHVT tcbn28hpcplusbwp40p140ehvttt1v25c_ccs     0.882000       3     2.646000
XOR2UD0BWP40P140EHVT tcbn28hpcplusbwp40p140ehvttt1v25c_ccs     0.882000       2     1.764000
XOR2UD1BWP30P140HVT tcbn28hpcplusbwp30p140hvttt1v25c_ccs     0.882000       2     1.764000
XOR2UD1BWP40P140EHVT tcbn28hpcplusbwp40p140ehvttt1v25c_ccs     0.882000       3     2.646000
-----------------------------------------------------------------------------
Total 130 references                                  247.842000

****************************************
Design: dyn_quant_M16_ACC_W15_DATA_WIDTH8 
****************************************
Reference          Library       Unit Area   Count    Total Area   Attributes
-----------------------------------------------------------------------------
AN4D0BWP30P140HVT  tcbn28hpcplusbwp30p140hvttt1v25c_ccs     0.756000       1     0.756000
AN4D0BWP40P140EHVT tcbn28hpcplusbwp40p140ehvttt1v25c_ccs     0.756000       2     1.512000
AO21D0BWP30P140HVT tcbn28hpcplusbwp30p140hvttt1v25c_ccs     0.630000       1     0.630000
AOI21D0BWP40P140EHVT tcbn28hpcplusbwp40p140ehvttt1v25c_ccs     0.504000       1     0.504000
AOI21D1BWP30P140   tcbn28hpcplusbwp30p140tt1v25c_ccs     0.504000       1     0.504000
AOI21D1BWP30P140HVT tcbn28hpcplusbwp30p140hvttt1v25c_ccs     0.504000       1     0.504000
AOI21D1BWP30P140LVT tcbn28hpcplusbwp30p140lvttt1v25c_ccs     0.504000       1     0.504000
BUFFD2BWP30P140HVT tcbn28hpcplusbwp30p140hvttt1v25c_ccs     0.504000       1     0.504000
IND2D0BWP40P140EHVT tcbn28hpcplusbwp40p140ehvttt1v25c_ccs     0.504000       1     0.504000
INR2D1BWP30P140LVT tcbn28hpcplusbwp30p140lvttt1v25c_ccs     0.504000       1     0.504000
INVD0BWP40P140EHVT tcbn28hpcplusbwp40p140ehvttt1v25c_ccs     0.252000       8     2.016000
INVD1BWP30P140     tcbn28hpcplusbwp30p140tt1v25c_ccs     0.252000       6     1.512000
INVD1BWP30P140HVT  tcbn28hpcplusbwp30p140hvttt1v25c_ccs     0.252000       2     0.504000
INVD1BWP30P140LVT  tcbn28hpcplusbwp30p140lvttt1v25c_ccs     0.252000       1     0.252000
INVD1BWP40P140EHVT tcbn28hpcplusbwp40p140ehvttt1v25c_ccs     0.252000       1     0.252000
INVD2BWP30P140HVT  tcbn28hpcplusbwp30p140hvttt1v25c_ccs     0.378000       1     0.378000
MUX2NUD1BWP30P140  tcbn28hpcplusbwp30p140tt1v25c_ccs     0.756000       2     1.512000
MUX2NUD1BWP30P140HVT tcbn28hpcplusbwp30p140hvttt1v25c_ccs     0.756000       1     0.756000
ND2D0BWP40P140EHVT tcbn28hpcplusbwp40p140ehvttt1v25c_ccs     0.378000       2     0.756000
ND2D0P7BWP40P140EHVT tcbn28hpcplusbwp40p140ehvttt1v25c_ccs     0.378000       1     0.378000
ND2D1BWP30P140LVT  tcbn28hpcplusbwp30p140lvttt1v25c_ccs     0.378000       2     0.756000
ND2OPTIBD1BWP30P140 tcbn28hpcplusbwp30p140tt1v25c_ccs     0.378000       3     1.134000
ND3D0BWP30P140HVT  tcbn28hpcplusbwp30p140hvttt1v25c_ccs     0.504000       1     0.504000
ND3D0BWP40P140EHVT tcbn28hpcplusbwp40p140ehvttt1v25c_ccs     0.504000       2     1.008000
NR2D0BWP40P140EHVT tcbn28hpcplusbwp40p140ehvttt1v25c_ccs     0.378000       2     0.756000
NR2D1BWP30P140LVT  tcbn28hpcplusbwp30p140lvttt1v25c_ccs     0.378000       1     0.378000
NR2OPTIBD1BWP30P140HVT tcbn28hpcplusbwp30p140hvttt1v25c_ccs     0.378000       1     0.378000
NR2OPTIBD1BWP40P140EHVT tcbn28hpcplusbwp40p140ehvttt1v25c_ccs     0.378000       1     0.378000
NR3D0BWP30P140     tcbn28hpcplusbwp30p140tt1v25c_ccs     0.504000       1     0.504000
NR3D0BWP30P140HVT  tcbn28hpcplusbwp30p140hvttt1v25c_ccs     0.504000       2     1.008000
NR3D0BWP40P140EHVT tcbn28hpcplusbwp40p140ehvttt1v25c_ccs     0.504000       4     2.016000
NR3D0P7BWP30P140LVT tcbn28hpcplusbwp30p140lvttt1v25c_ccs     0.504000       1     0.504000
NR4D0BWP30P140     tcbn28hpcplusbwp30p140tt1v25c_ccs     0.630000       2     1.260000
NR4D0BWP30P140HVT  tcbn28hpcplusbwp30p140hvttt1v25c_ccs     0.630000      10     6.300000
NR4D0BWP40P140EHVT tcbn28hpcplusbwp40p140ehvttt1v25c_ccs     0.630000       5     3.150000
OAI21D0BWP40P140EHVT tcbn28hpcplusbwp40p140ehvttt1v25c_ccs     0.504000       2     1.008000
OAI21D1BWP30P140   tcbn28hpcplusbwp30p140tt1v25c_ccs     0.504000       1     0.504000
OAI21D1BWP30P140HVT tcbn28hpcplusbwp30p140hvttt1v25c_ccs     0.504000       1     0.504000
OAI21D1BWP30P140LVT tcbn28hpcplusbwp30p140lvttt1v25c_ccs     0.504000       1     0.504000
OR2D0BWP30P140     tcbn28hpcplusbwp30p140tt1v25c_ccs     0.504000       1     0.504000
OR2D0BWP40P140EHVT tcbn28hpcplusbwp40p140ehvttt1v25c_ccs     0.504000       1     0.504000
OR2D1BWP30P140     tcbn28hpcplusbwp30p140tt1v25c_ccs     0.504000       1     0.504000
XOR2UD1BWP30P140HVT tcbn28hpcplusbwp30p140hvttt1v25c_ccs     0.882000       1     0.882000
requant_rne_ACC_W15_DATA_WIDTH8_SHW4_0    88.830000       1    88.830000 h
requant_rne_ACC_W15_DATA_WIDTH8_SHW4_1    94.374000       1    94.374000 h
requant_rne_ACC_W15_DATA_WIDTH8_SHW4_2    88.578000       1    88.578000 h
requant_rne_ACC_W15_DATA_WIDTH8_SHW4_3   105.840000       1   105.840000 h
requant_rne_ACC_W15_DATA_WIDTH8_SHW4_4    92.106000       1    92.106000 h
requant_rne_ACC_W15_DATA_WIDTH8_SHW4_5    92.736000       1    92.736000 h
requant_rne_ACC_W15_DATA_WIDTH8_SHW4_6    92.106000       1    92.106000 h
requant_rne_ACC_W15_DATA_WIDTH8_SHW4_7   105.966000       1   105.966000 h
requant_rne_ACC_W15_DATA_WIDTH8_SHW4_8   105.840000       1   105.840000 h
requant_rne_ACC_W15_DATA_WIDTH8_SHW4_9    92.736000       1    92.736000 h
requant_rne_ACC_W15_DATA_WIDTH8_SHW4_10    94.374000       1    94.374000 h
requant_rne_ACC_W15_DATA_WIDTH8_SHW4_11    92.106000       1    92.106000 h
requant_rne_ACC_W15_DATA_WIDTH8_SHW4_12   105.588000       1   105.588000 h
requant_rne_ACC_W15_DATA_WIDTH8_SHW4_13   105.588000       1   105.588000 h
requant_rne_ACC_W15_DATA_WIDTH8_SHW4_14   105.588000       1   105.588000 h
requant_rne_ACC_W15_DATA_WIDTH8_SHW4_15    94.626000       1    94.626000 h
-----------------------------------------------------------------------------
Total 59 references                                  1596.672001

****************************************
Design: requant_rne_ACC_W15_DATA_WIDTH8_SHW4_0 
****************************************
Reference          Library       Unit Area   Count    Total Area   Attributes
-----------------------------------------------------------------------------
AN2D0BWP40P140EHVT tcbn28hpcplusbwp40p140ehvttt1v25c_ccs     0.504000       2     1.008000
AN2D1BWP30P140HVT  tcbn28hpcplusbwp30p140hvttt1v25c_ccs     0.504000       1     0.504000
AO21D0BWP40P140EHVT tcbn28hpcplusbwp40p140ehvttt1v25c_ccs     0.630000       1     0.630000
AO21D1BWP30P140HVT tcbn28hpcplusbwp30p140hvttt1v25c_ccs     0.630000       1     0.630000
AOI21D0BWP40P140EHVT tcbn28hpcplusbwp40p140ehvttt1v25c_ccs     0.504000       3     1.512000
AOI21D1BWP40P140EHVT tcbn28hpcplusbwp40p140ehvttt1v25c_ccs     0.504000       2     1.008000
AOI22D0BWP40P140EHVT tcbn28hpcplusbwp40p140ehvttt1v25c_ccs     0.630000      12     7.560000
AOI22D0P7BWP40P140EHVT tcbn28hpcplusbwp40p140ehvttt1v25c_ccs     0.630000       1     0.630000
AOI22D1BWP30P140HVT tcbn28hpcplusbwp30p140hvttt1v25c_ccs     0.630000       1     0.630000
AOI22D1BWP40P140EHVT tcbn28hpcplusbwp40p140ehvttt1v25c_ccs     0.630000       1     0.630000
AOI222D0BWP40P140EHVT tcbn28hpcplusbwp40p140ehvttt1v25c_ccs     1.008000       1     1.008000
CKAN2D0BWP40P140EHVT tcbn28hpcplusbwp40p140ehvttt1v25c_ccs     0.504000       1     0.504000
CKAN2D1BWP30P140HVT tcbn28hpcplusbwp30p140hvttt1v25c_ccs     0.504000       1     0.504000
CKND2D1BWP40P140EHVT tcbn28hpcplusbwp40p140ehvttt1v25c_ccs     0.378000       4     1.512000
IND2D0BWP30P140HVT tcbn28hpcplusbwp30p140hvttt1v25c_ccs     0.504000       1     0.504000
INR2D0BWP30P140HVT tcbn28hpcplusbwp30p140hvttt1v25c_ccs     0.504000       1     0.504000
INR2D0BWP40P140EHVT tcbn28hpcplusbwp40p140ehvttt1v25c_ccs     0.504000       6     3.024000
INR2D1BWP30P140    tcbn28hpcplusbwp30p140tt1v25c_ccs     0.504000       2     1.008000
INR2D1BWP30P140HVT tcbn28hpcplusbwp30p140hvttt1v25c_ccs     0.504000       1     0.504000
INR2D1BWP30P140LVT tcbn28hpcplusbwp30p140lvttt1v25c_ccs     0.504000       1     0.504000
INR4D0BWP30P140HVT tcbn28hpcplusbwp30p140hvttt1v25c_ccs     0.756000       1     0.756000
INVD0BWP40P140EHVT tcbn28hpcplusbwp40p140ehvttt1v25c_ccs     0.252000      30     7.560000
INVD0P7BWP30P140HVT tcbn28hpcplusbwp30p140hvttt1v25c_ccs     0.252000       3     0.756000
INVD1BWP30P140HVT  tcbn28hpcplusbwp30p140hvttt1v25c_ccs     0.252000       3     0.756000
INVD1BWP40P140EHVT tcbn28hpcplusbwp40p140ehvttt1v25c_ccs     0.252000       3     0.756000
IOA21D0BWP40P140EHVT tcbn28hpcplusbwp40p140ehvttt1v25c_ccs     0.630000       1     0.630000
MAOI22D1BWP40P140EHVT tcbn28hpcplusbwp40p140ehvttt1v25c_ccs     0.756000       2     1.512000
MAOI222D0BWP40P140EHVT tcbn28hpcplusbwp40p140ehvttt1v25c_ccs     0.756000       1     0.756000
MOAI22D0BWP30P140HVT tcbn28hpcplusbwp30p140hvttt1v25c_ccs     0.756000       1     0.756000
MOAI22D0BWP40P140EHVT tcbn28hpcplusbwp40p140ehvttt1v25c_ccs     0.756000       3     2.268000
MOAI22D1BWP40P140EHVT tcbn28hpcplusbwp40p140ehvttt1v25c_ccs     0.756000       1     0.756000
MUX2NUD1BWP40P140EHVT tcbn28hpcplusbwp40p140ehvttt1v25c_ccs     0.756000       2     1.512000
ND2D0BWP30P140HVT  tcbn28hpcplusbwp30p140hvttt1v25c_ccs     0.378000       1     0.378000
ND2D0BWP40P140EHVT tcbn28hpcplusbwp40p140ehvttt1v25c_ccs     0.378000      26     9.828000
ND2D1BWP30P140HVT  tcbn28hpcplusbwp30p140hvttt1v25c_ccs     0.378000       1     0.378000
NR2D0BWP40P140EHVT tcbn28hpcplusbwp40p140ehvttt1v25c_ccs     0.378000      13     4.914000
NR2D0P7BWP40P140EHVT tcbn28hpcplusbwp40p140ehvttt1v25c_ccs     0.378000       3     1.134000
NR2D1BWP30P140     tcbn28hpcplusbwp30p140tt1v25c_ccs     0.378000       1     0.378000
NR2OPTIBD1BWP30P140HVT tcbn28hpcplusbwp30p140hvttt1v25c_ccs     0.378000       4     1.512000
NR2OPTIBD1BWP40P140EHVT tcbn28hpcplusbwp40p140ehvttt1v25c_ccs     0.378000       1     0.378000
NR3D0BWP30P140HVT  tcbn28hpcplusbwp30p140hvttt1v25c_ccs     0.504000       1     0.504000
NR3D0BWP40P140EHVT tcbn28hpcplusbwp40p140ehvttt1v25c_ccs     0.504000       2     1.008000
NR4D0BWP30P140HVT  tcbn28hpcplusbwp30p140hvttt1v25c_ccs     0.630000       1     0.630000
OA22D0BWP40P140EHVT tcbn28hpcplusbwp40p140ehvttt1v25c_ccs     0.882000       1     0.882000
OAI21D0BWP40P140EHVT tcbn28hpcplusbwp40p140ehvttt1v25c_ccs     0.504000       5     2.520000
OAI21D0P7BWP40P140EHVT tcbn28hpcplusbwp40p140ehvttt1v25c_ccs     0.504000       2     1.008000
OAI21D1BWP30P140HVT tcbn28hpcplusbwp30p140hvttt1v25c_ccs     0.504000       1     0.504000
OAI22D0BWP40P140EHVT tcbn28hpcplusbwp40p140ehvttt1v25c_ccs     0.630000       5     3.150000
OAI22D1BWP40P140EHVT tcbn28hpcplusbwp40p140ehvttt1v25c_ccs     0.630000       1     0.630000
OAI222D1BWP30P140HVT tcbn28hpcplusbwp30p140hvttt1v25c_ccs     1.008000       2     2.016000
OR2D0BWP40P140EHVT tcbn28hpcplusbwp40p140ehvttt1v25c_ccs     0.504000       2     1.008000
OR2D1BWP40P140EHVT tcbn28hpcplusbwp40p140ehvttt1v25c_ccs     0.504000       3     1.512000
XNR2UD0BWP40P140EHVT tcbn28hpcplusbwp40p140ehvttt1v25c_ccs     0.882000       6     5.292000
XNR2UD1BWP30P140HVT tcbn28hpcplusbwp30p140hvttt1v25c_ccs     0.882000       1     0.882000
XNR2UD1BWP40P140EHVT tcbn28hpcplusbwp40p140ehvttt1v25c_ccs     0.882000       3     2.646000
XOR2UD0BWP40P140EHVT tcbn28hpcplusbwp40p140ehvttt1v25c_ccs     0.882000       1     0.882000
XOR2UD1BWP30P140HVT tcbn28hpcplusbwp30p140hvttt1v25c_ccs     0.882000       1     0.882000
XOR2UD1BWP40P140EHVT tcbn28hpcplusbwp40p140ehvttt1v25c_ccs     0.882000       1     0.882000
-----------------------------------------------------------------------------
Total 58 references                                    88.830000

****************************************
Design: requant_rne_ACC_W15_DATA_WIDTH8_SHW4_1 
****************************************
Reference          Library       Unit Area   Count    Total Area   Attributes
-----------------------------------------------------------------------------
AN2D0BWP40P140EHVT tcbn28hpcplusbwp40p140ehvttt1v25c_ccs     0.504000       3     1.512000
AN2D1BWP30P140HVT  tcbn28hpcplusbwp30p140hvttt1v25c_ccs     0.504000       1     0.504000
AO21D0BWP40P140EHVT tcbn28hpcplusbwp40p140ehvttt1v25c_ccs     0.630000       1     0.630000
AO21D1BWP30P140HVT tcbn28hpcplusbwp30p140hvttt1v25c_ccs     0.630000       1     0.630000
AOI21D0BWP40P140EHVT tcbn28hpcplusbwp40p140ehvttt1v25c_ccs     0.504000       2     1.008000
AOI21D0P7BWP40P140EHVT tcbn28hpcplusbwp40p140ehvttt1v25c_ccs     0.504000       1     0.504000
AOI21D1BWP30P140HVT tcbn28hpcplusbwp30p140hvttt1v25c_ccs     0.504000       2     1.008000
AOI22D0BWP30P140HVT tcbn28hpcplusbwp30p140hvttt1v25c_ccs     0.630000       1     0.630000
AOI22D0BWP40P140EHVT tcbn28hpcplusbwp40p140ehvttt1v25c_ccs     0.630000       9     5.670000
AOI22D0P7BWP40P140EHVT tcbn28hpcplusbwp40p140ehvttt1v25c_ccs     0.630000       3     1.890000
AOI22D1BWP40P140EHVT tcbn28hpcplusbwp40p140ehvttt1v25c_ccs     0.630000       3     1.890000
AOI222D1BWP30P140HVT tcbn28hpcplusbwp30p140hvttt1v25c_ccs     1.008000       1     1.008000
CKND2D1BWP40P140EHVT tcbn28hpcplusbwp40p140ehvttt1v25c_ccs     0.378000       2     0.756000
FA1D1BWP30P140     tcbn28hpcplusbwp30p140tt1v25c_ccs     2.142000       1     2.142000 r
IND2D0BWP30P140HVT tcbn28hpcplusbwp30p140hvttt1v25c_ccs     0.504000       1     0.504000
INR2D0BWP40P140EHVT tcbn28hpcplusbwp40p140ehvttt1v25c_ccs     0.504000       3     1.512000
INR2D1BWP30P140HVT tcbn28hpcplusbwp30p140hvttt1v25c_ccs     0.504000       5     2.520000
INR2D1BWP40P140EHVT tcbn28hpcplusbwp40p140ehvttt1v25c_ccs     0.504000       3     1.512000
INR4D0BWP30P140HVT tcbn28hpcplusbwp30p140hvttt1v25c_ccs     0.756000       1     0.756000
INVD0BWP40P140EHVT tcbn28hpcplusbwp40p140ehvttt1v25c_ccs     0.252000      31     7.812000
INVD1BWP30P140HVT  tcbn28hpcplusbwp30p140hvttt1v25c_ccs     0.252000       3     0.756000
INVD1BWP40P140EHVT tcbn28hpcplusbwp40p140ehvttt1v25c_ccs     0.252000       5     1.260000
IOA21D1BWP40P140EHVT tcbn28hpcplusbwp40p140ehvttt1v25c_ccs     0.630000       1     0.630000
MAOI22D0BWP30P140HVT tcbn28hpcplusbwp30p140hvttt1v25c_ccs     0.756000       1     0.756000
MAOI22D1BWP40P140EHVT tcbn28hpcplusbwp40p140ehvttt1v25c_ccs     0.756000       1     0.756000
MAOI222D1BWP40P140EHVT tcbn28hpcplusbwp40p140ehvttt1v25c_ccs     0.756000       1     0.756000
MOAI22D0BWP40P140EHVT tcbn28hpcplusbwp40p140ehvttt1v25c_ccs     0.756000       2     1.512000
MOAI22D1BWP40P140EHVT tcbn28hpcplusbwp40p140ehvttt1v25c_ccs     0.756000       3     2.268000
MUX2ND0BWP40P140EHVT tcbn28hpcplusbwp40p140ehvttt1v25c_ccs     0.756000       1     0.756000
MUX2NUD1BWP40P140EHVT tcbn28hpcplusbwp40p140ehvttt1v25c_ccs     0.756000       1     0.756000
ND2D0BWP40P140EHVT tcbn28hpcplusbwp40p140ehvttt1v25c_ccs     0.378000      23     8.694000
ND2D0P7BWP40P140EHVT tcbn28hpcplusbwp40p140ehvttt1v25c_ccs     0.378000       1     0.378000
ND2D1BWP30P140HVT  tcbn28hpcplusbwp30p140hvttt1v25c_ccs     0.378000       2     0.756000
ND2OPTIBD1BWP30P140HVT tcbn28hpcplusbwp30p140hvttt1v25c_ccs     0.378000       6     2.268000
NR2D0BWP30P140HVT  tcbn28hpcplusbwp30p140hvttt1v25c_ccs     0.378000       1     0.378000
NR2D0BWP40P140EHVT tcbn28hpcplusbwp40p140ehvttt1v25c_ccs     0.378000      13     4.914000
NR2D0P7BWP40P140EHVT tcbn28hpcplusbwp40p140ehvttt1v25c_ccs     0.378000       1     0.378000
NR2OPTIBD1BWP30P140HVT tcbn28hpcplusbwp30p140hvttt1v25c_ccs     0.378000       6     2.268000
NR2OPTIBD1BWP40P140EHVT tcbn28hpcplusbwp40p140ehvttt1v25c_ccs     0.378000       2     0.756000
NR3D0BWP40P140EHVT tcbn28hpcplusbwp40p140ehvttt1v25c_ccs     0.504000       3     1.512000
NR4D0BWP40P140EHVT tcbn28hpcplusbwp40p140ehvttt1v25c_ccs     0.630000       1     0.630000
OA21D0BWP40P140EHVT tcbn28hpcplusbwp40p140ehvttt1v25c_ccs     0.630000       1     0.630000
OA22D0BWP40P140EHVT tcbn28hpcplusbwp40p140ehvttt1v25c_ccs     0.882000       1     0.882000
OAI21D0BWP40P140EHVT tcbn28hpcplusbwp40p140ehvttt1v25c_ccs     0.504000       4     2.016000
OAI21D0P7BWP40P140EHVT tcbn28hpcplusbwp40p140ehvttt1v25c_ccs     0.504000       1     0.504000
OAI21D1BWP30P140HVT tcbn28hpcplusbwp30p140hvttt1v25c_ccs     0.504000       4     2.016000
OAI22D0BWP40P140EHVT tcbn28hpcplusbwp40p140ehvttt1v25c_ccs     0.630000       3     1.890000
OAI22D0P7BWP40P140EHVT tcbn28hpcplusbwp40p140ehvttt1v25c_ccs     0.630000       1     0.630000
OAI22D1BWP30P140HVT tcbn28hpcplusbwp30p140hvttt1v25c_ccs     0.630000       1     0.630000
OAI22D1BWP40P140EHVT tcbn28hpcplusbwp40p140ehvttt1v25c_ccs     0.630000       1     0.630000
OAI222D0BWP30P140HVT tcbn28hpcplusbwp30p140hvttt1v25c_ccs     1.008000       1     1.008000
OAI222D0BWP40P140EHVT tcbn28hpcplusbwp40p140ehvttt1v25c_ccs     1.008000       1     1.008000
OR2D0BWP40P140EHVT tcbn28hpcplusbwp40p140ehvttt1v25c_ccs     0.504000       4     2.016000
OR2D1BWP30P140HVT  tcbn28hpcplusbwp30p140hvttt1v25c_ccs     0.504000       1     0.504000
OR2D1BWP40P140EHVT tcbn28hpcplusbwp40p140ehvttt1v25c_ccs     0.504000       2     1.008000
XNR2UD0BWP30P140HVT tcbn28hpcplusbwp30p140hvttt1v25c_ccs     0.882000       1     0.882000
XNR2UD0BWP40P140EHVT tcbn28hpcplusbwp40p140ehvttt1v25c_ccs     0.882000       4     3.528000
XNR2UD1BWP30P140HVT tcbn28hpcplusbwp30p140hvttt1v25c_ccs     0.882000       3     2.646000
XNR2UD1BWP40P140EHVT tcbn28hpcplusbwp40p140ehvttt1v25c_ccs     0.882000       2     1.764000
XOR2UD0BWP40P140EHVT tcbn28hpcplusbwp40p140ehvttt1v25c_ccs     0.882000       1     0.882000
XOR2UD1BWP30P140HVT tcbn28hpcplusbwp30p140hvttt1v25c_ccs     0.882000       2     1.764000
-----------------------------------------------------------------------------
Total 61 references                                    94.374000

****************************************
Design: requant_rne_ACC_W15_DATA_WIDTH8_SHW4_2 
****************************************
Reference          Library       Unit Area   Count    Total Area   Attributes
-----------------------------------------------------------------------------
AN2D0BWP40P140EHVT tcbn28hpcplusbwp40p140ehvttt1v25c_ccs     0.504000       2     1.008000
AN2D1BWP30P140HVT  tcbn28hpcplusbwp30p140hvttt1v25c_ccs     0.504000       1     0.504000
AO21D1BWP30P140HVT tcbn28hpcplusbwp30p140hvttt1v25c_ccs     0.630000       1     0.630000
AO21D1BWP40P140EHVT tcbn28hpcplusbwp40p140ehvttt1v25c_ccs     0.630000       1     0.630000
AOI21D0BWP40P140EHVT tcbn28hpcplusbwp40p140ehvttt1v25c_ccs     0.504000       1     0.504000
AOI21D0P7BWP40P140EHVT tcbn28hpcplusbwp40p140ehvttt1v25c_ccs     0.504000       1     0.504000
AOI21D1BWP40P140EHVT tcbn28hpcplusbwp40p140ehvttt1v25c_ccs     0.504000       3     1.512000
AOI22D0BWP40P140EHVT tcbn28hpcplusbwp40p140ehvttt1v25c_ccs     0.630000      13     8.190000
AOI22D1BWP30P140HVT tcbn28hpcplusbwp30p140hvttt1v25c_ccs     0.630000       2     1.260000
AOI222D0BWP40P140EHVT tcbn28hpcplusbwp40p140ehvttt1v25c_ccs     1.008000       1     1.008000
CKAN2D0BWP40P140EHVT tcbn28hpcplusbwp40p140ehvttt1v25c_ccs     0.504000       1     0.504000
CKAN2D1BWP30P140HVT tcbn28hpcplusbwp30p140hvttt1v25c_ccs     0.504000       1     0.504000
CKND2D1BWP40P140EHVT tcbn28hpcplusbwp40p140ehvttt1v25c_ccs     0.378000       5     1.890000
IND2D0BWP30P140HVT tcbn28hpcplusbwp30p140hvttt1v25c_ccs     0.504000       1     0.504000
INR2D0BWP30P140HVT tcbn28hpcplusbwp30p140hvttt1v25c_ccs     0.504000       1     0.504000
INR2D0BWP40P140EHVT tcbn28hpcplusbwp40p140ehvttt1v25c_ccs     0.504000       3     1.512000
INR2D1BWP30P140    tcbn28hpcplusbwp30p140tt1v25c_ccs     0.504000       2     1.008000
INR2D1BWP30P140HVT tcbn28hpcplusbwp30p140hvttt1v25c_ccs     0.504000       1     0.504000
INR2D1BWP30P140LVT tcbn28hpcplusbwp30p140lvttt1v25c_ccs     0.504000       1     0.504000
INR2D1BWP40P140EHVT tcbn28hpcplusbwp40p140ehvttt1v25c_ccs     0.504000       3     1.512000
INR4D0BWP30P140HVT tcbn28hpcplusbwp30p140hvttt1v25c_ccs     0.756000       1     0.756000
INVD0BWP40P140EHVT tcbn28hpcplusbwp40p140ehvttt1v25c_ccs     0.252000      30     7.560000
INVD0P7BWP30P140HVT tcbn28hpcplusbwp30p140hvttt1v25c_ccs     0.252000       2     0.504000
INVD1BWP30P140HVT  tcbn28hpcplusbwp30p140hvttt1v25c_ccs     0.252000       3     0.756000
INVD1BWP40P140EHVT tcbn28hpcplusbwp40p140ehvttt1v25c_ccs     0.252000       3     0.756000
IOA21D0BWP40P140EHVT tcbn28hpcplusbwp40p140ehvttt1v25c_ccs     0.630000       1     0.630000
MAOI22D1BWP40P140EHVT tcbn28hpcplusbwp40p140ehvttt1v25c_ccs     0.756000       2     1.512000
MAOI222D0BWP40P140EHVT tcbn28hpcplusbwp40p140ehvttt1v25c_ccs     0.756000       1     0.756000
MOAI22D0BWP30P140HVT tcbn28hpcplusbwp30p140hvttt1v25c_ccs     0.756000       1     0.756000
MOAI22D0BWP40P140EHVT tcbn28hpcplusbwp40p140ehvttt1v25c_ccs     0.756000       3     2.268000
MOAI22D1BWP40P140EHVT tcbn28hpcplusbwp40p140ehvttt1v25c_ccs     0.756000       1     0.756000
MUX2NUD1BWP40P140EHVT tcbn28hpcplusbwp40p140ehvttt1v25c_ccs     0.756000       2     1.512000
ND2D0BWP30P140HVT  tcbn28hpcplusbwp30p140hvttt1v25c_ccs     0.378000       2     0.756000
ND2D0BWP40P140EHVT tcbn28hpcplusbwp40p140ehvttt1v25c_ccs     0.378000      24     9.072000
ND2OPTIBD1BWP30P140HVT tcbn28hpcplusbwp30p140hvttt1v25c_ccs     0.378000       1     0.378000
NR2D0BWP30P140HVT  tcbn28hpcplusbwp30p140hvttt1v25c_ccs     0.378000       2     0.756000
NR2D0BWP40P140EHVT tcbn28hpcplusbwp40p140ehvttt1v25c_ccs     0.378000      12     4.536000
NR2D0P7BWP40P140EHVT tcbn28hpcplusbwp40p140ehvttt1v25c_ccs     0.378000       1     0.378000
NR2D1BWP30P140LVT  tcbn28hpcplusbwp30p140lvttt1v25c_ccs     0.378000       1     0.378000
NR2OPTIBD1BWP30P140HVT tcbn28hpcplusbwp30p140hvttt1v25c_ccs     0.378000       2     0.756000
NR2OPTIBD1BWP40P140EHVT tcbn28hpcplusbwp40p140ehvttt1v25c_ccs     0.378000       4     1.512000
NR3D0BWP30P140HVT  tcbn28hpcplusbwp30p140hvttt1v25c_ccs     0.504000       1     0.504000
NR3D0BWP40P140EHVT tcbn28hpcplusbwp40p140ehvttt1v25c_ccs     0.504000       2     1.008000
NR4D0BWP30P140HVT  tcbn28hpcplusbwp30p140hvttt1v25c_ccs     0.630000       1     0.630000
OA22D0BWP40P140EHVT tcbn28hpcplusbwp40p140ehvttt1v25c_ccs     0.882000       1     0.882000
OAI21D0BWP40P140EHVT tcbn28hpcplusbwp40p140ehvttt1v25c_ccs     0.504000       5     2.520000
OAI21D0P7BWP40P140EHVT tcbn28hpcplusbwp40p140ehvttt1v25c_ccs     0.504000       2     1.008000
OAI21D1BWP30P140HVT tcbn28hpcplusbwp30p140hvttt1v25c_ccs     0.504000       1     0.504000
OAI22D0BWP40P140EHVT tcbn28hpcplusbwp40p140ehvttt1v25c_ccs     0.630000       5     3.150000
OAI22D0P7BWP40P140EHVT tcbn28hpcplusbwp40p140ehvttt1v25c_ccs     0.630000       1     0.630000
OAI222D1BWP30P140HVT tcbn28hpcplusbwp30p140hvttt1v25c_ccs     1.008000       2     2.016000
OR2D0BWP40P140EHVT tcbn28hpcplusbwp40p140ehvttt1v25c_ccs     0.504000       1     0.504000
OR2D1BWP40P140EHVT tcbn28hpcplusbwp40p140ehvttt1v25c_ccs     0.504000       4     2.016000
XNR2UD0BWP40P140EHVT tcbn28hpcplusbwp40p140ehvttt1v25c_ccs     0.882000       7     6.174000
XNR2UD1BWP40P140EHVT tcbn28hpcplusbwp40p140ehvttt1v25c_ccs     0.882000       3     2.646000
XOR2UD0BWP40P140EHVT tcbn28hpcplusbwp40p140ehvttt1v25c_ccs     0.882000       1     0.882000
XOR2UD1BWP30P140HVT tcbn28hpcplusbwp30p140hvttt1v25c_ccs     0.882000       1     0.882000
XOR2UD1BWP40P140EHVT tcbn28hpcplusbwp40p140ehvttt1v25c_ccs     0.882000       1     0.882000
-----------------------------------------------------------------------------
Total 58 references                                    88.578000

****************************************
Design: requant_rne_ACC_W15_DATA_WIDTH8_SHW4_3 
****************************************
Reference          Library       Unit Area   Count    Total Area   Attributes
-----------------------------------------------------------------------------
AN2D0BWP40P140EHVT tcbn28hpcplusbwp40p140ehvttt1v25c_ccs     0.504000       2     1.008000
AN2D1BWP30P140HVT  tcbn28hpcplusbwp30p140hvttt1v25c_ccs     0.504000       1     0.504000
AO21D1BWP30P140HVT tcbn28hpcplusbwp30p140hvttt1v25c_ccs     0.630000       1     0.630000
AO21D1BWP40P140EHVT tcbn28hpcplusbwp40p140ehvttt1v25c_ccs     0.630000       1     0.630000
AOI21D0BWP40P140EHVT tcbn28hpcplusbwp40p140ehvttt1v25c_ccs     0.504000       1     0.504000
AOI21D1BWP30P140HVT tcbn28hpcplusbwp30p140hvttt1v25c_ccs     0.504000       4     2.016000
AOI22D0BWP30P140HVT tcbn28hpcplusbwp30p140hvttt1v25c_ccs     0.630000       2     1.260000
AOI22D0BWP40P140EHVT tcbn28hpcplusbwp40p140ehvttt1v25c_ccs     0.630000       3     1.890000
AOI22D0P7BWP40P140EHVT tcbn28hpcplusbwp40p140ehvttt1v25c_ccs     0.630000       1     0.630000
AOI22D1BWP30P140HVT tcbn28hpcplusbwp30p140hvttt1v25c_ccs     0.630000       7     4.410000
AOI22D1BWP40P140EHVT tcbn28hpcplusbwp40p140ehvttt1v25c_ccs     0.630000       3     1.890000
AOI222D1BWP30P140HVT tcbn28hpcplusbwp30p140hvttt1v25c_ccs     1.008000       1     1.008000
CKAN2D1BWP30P140HVT tcbn28hpcplusbwp30p140hvttt1v25c_ccs     0.504000       1     0.504000
CKND2D1BWP40P140EHVT tcbn28hpcplusbwp40p140ehvttt1v25c_ccs     0.378000       2     0.756000
FA1D0BWP30P140HVT  tcbn28hpcplusbwp30p140hvttt1v25c_ccs     2.142000       2     4.284000 r
FA1D1BWP30P140LVT  tcbn28hpcplusbwp30p140lvttt1v25c_ccs     2.142000       1     2.142000 r
IND2D0BWP40P140EHVT tcbn28hpcplusbwp40p140ehvttt1v25c_ccs     0.504000       1     0.504000
INR2D0BWP40P140EHVT tcbn28hpcplusbwp40p140ehvttt1v25c_ccs     0.504000       6     3.024000
INR2D1BWP30P140    tcbn28hpcplusbwp30p140tt1v25c_ccs     0.504000       5     2.520000
INR4D0BWP40P140EHVT tcbn28hpcplusbwp40p140ehvttt1v25c_ccs     0.756000       1     0.756000
INVD0BWP40P140EHVT tcbn28hpcplusbwp40p140ehvttt1v25c_ccs     0.252000      31     7.812000
INVD0P7BWP30P140HVT tcbn28hpcplusbwp30p140hvttt1v25c_ccs     0.252000       3     0.756000
INVD0P7BWP40P140EHVT tcbn28hpcplusbwp40p140ehvttt1v25c_ccs     0.252000       1     0.252000
INVD1BWP30P140     tcbn28hpcplusbwp30p140tt1v25c_ccs     0.252000       2     0.504000
INVD1BWP30P140HVT  tcbn28hpcplusbwp30p140hvttt1v25c_ccs     0.252000       4     1.008000
INVD1BWP40P140EHVT tcbn28hpcplusbwp40p140ehvttt1v25c_ccs     0.252000       2     0.504000
IOA21D1BWP40P140EHVT tcbn28hpcplusbwp40p140ehvttt1v25c_ccs     0.630000       1     0.630000
MAOI22D1BWP30P140HVT tcbn28hpcplusbwp30p140hvttt1v25c_ccs     0.756000       1     0.756000
MAOI22D1BWP40P140EHVT tcbn28hpcplusbwp40p140ehvttt1v25c_ccs     0.756000       1     0.756000
MAOI222D1BWP40P140EHVT tcbn28hpcplusbwp40p140ehvttt1v25c_ccs     0.756000       1     0.756000
MOAI22D0BWP30P140HVT tcbn28hpcplusbwp30p140hvttt1v25c_ccs     0.756000       4     3.024000
MOAI22D1BWP30P140HVT tcbn28hpcplusbwp30p140hvttt1v25c_ccs     0.756000       2     1.512000
MUX2ND0BWP40P140EHVT tcbn28hpcplusbwp40p140ehvttt1v25c_ccs     0.756000       1     0.756000
MUX2NUD1BWP30P140HVT tcbn28hpcplusbwp30p140hvttt1v25c_ccs     0.756000       1     0.756000
ND2D0BWP30P140HVT  tcbn28hpcplusbwp30p140hvttt1v25c_ccs     0.378000       4     1.512000
ND2D0BWP40P140EHVT tcbn28hpcplusbwp40p140ehvttt1v25c_ccs     0.378000      25     9.450000
ND2D1BWP30P140HVT  tcbn28hpcplusbwp30p140hvttt1v25c_ccs     0.378000       3     1.134000
ND2OPTIBD1BWP30P140HVT tcbn28hpcplusbwp30p140hvttt1v25c_ccs     0.378000       2     0.756000
NR2D0BWP30P140HVT  tcbn28hpcplusbwp30p140hvttt1v25c_ccs     0.378000       1     0.378000
NR2D0BWP40P140EHVT tcbn28hpcplusbwp40p140ehvttt1v25c_ccs     0.378000      15     5.670000
NR2D1BWP30P140     tcbn28hpcplusbwp30p140tt1v25c_ccs     0.378000       2     0.756000
NR2OPTIBD1BWP30P140HVT tcbn28hpcplusbwp30p140hvttt1v25c_ccs     0.378000       4     1.512000
NR2OPTIBD1BWP40P140EHVT tcbn28hpcplusbwp40p140ehvttt1v25c_ccs     0.378000       2     0.756000
NR3D0BWP30P140HVT  tcbn28hpcplusbwp30p140hvttt1v25c_ccs     0.504000       1     0.504000
NR3D0BWP40P140EHVT tcbn28hpcplusbwp40p140ehvttt1v25c_ccs     0.504000       2     1.008000
NR4D0BWP40P140EHVT tcbn28hpcplusbwp40p140ehvttt1v25c_ccs     0.630000       1     0.630000
OA21D0BWP30P140HVT tcbn28hpcplusbwp30p140hvttt1v25c_ccs     0.630000       1     0.630000
OA21D0BWP40P140EHVT tcbn28hpcplusbwp40p140ehvttt1v25c_ccs     0.630000       2     1.260000
OA22D1BWP30P140HVT tcbn28hpcplusbwp30p140hvttt1v25c_ccs     0.882000       1     0.882000
OAI21D0BWP30P140HVT tcbn28hpcplusbwp30p140hvttt1v25c_ccs     0.504000       1     0.504000
OAI21D0BWP40P140EHVT tcbn28hpcplusbwp40p140ehvttt1v25c_ccs     0.504000       6     3.024000
OAI21D1BWP30P140HVT tcbn28hpcplusbwp30p140hvttt1v25c_ccs     0.504000       1     0.504000
OAI21D1BWP40P140EHVT tcbn28hpcplusbwp40p140ehvttt1v25c_ccs     0.504000       1     0.504000
OAI22D0BWP30P140HVT tcbn28hpcplusbwp30p140hvttt1v25c_ccs     0.630000       4     2.520000
OAI22D0BWP40P140EHVT tcbn28hpcplusbwp40p140ehvttt1v25c_ccs     0.630000       1     0.630000
OAI22D0P7BWP30P140HVT tcbn28hpcplusbwp30p140hvttt1v25c_ccs     0.630000       2     1.260000
OAI222D1BWP30P140HVT tcbn28hpcplusbwp30p140hvttt1v25c_ccs     1.008000       2     2.016000
OR2D0BWP40P140EHVT tcbn28hpcplusbwp40p140ehvttt1v25c_ccs     0.504000       4     2.016000
OR2D1BWP30P140HVT  tcbn28hpcplusbwp30p140hvttt1v25c_ccs     0.504000       4     2.016000
OR2D1BWP40P140EHVT tcbn28hpcplusbwp40p140ehvttt1v25c_ccs     0.504000       2     1.008000
XNR2UD0BWP40P140EHVT tcbn28hpcplusbwp40p140ehvttt1v25c_ccs     0.882000       4     3.528000
XNR2UD1BWP30P140HVT tcbn28hpcplusbwp30p140hvttt1v25c_ccs     0.882000       5     4.410000
XNR2UD1BWP40P140EHVT tcbn28hpcplusbwp40p140ehvttt1v25c_ccs     0.882000       1     0.882000
XOR2UD0BWP30P140HVT tcbn28hpcplusbwp30p140hvttt1v25c_ccs     0.882000       1     0.882000
XOR2UD0BWP40P140EHVT tcbn28hpcplusbwp40p140ehvttt1v25c_ccs     0.882000       1     0.882000
XOR2UD1BWP30P140HVT tcbn28hpcplusbwp30p140hvttt1v25c_ccs     0.882000       2     1.764000
-----------------------------------------------------------------------------
Total 66 references                                   105.840000

****************************************
Design: requant_rne_ACC_W15_DATA_WIDTH8_SHW4_4 
****************************************
Reference          Library       Unit Area   Count    Total Area   Attributes
-----------------------------------------------------------------------------
AN2D0BWP40P140EHVT tcbn28hpcplusbwp40p140ehvttt1v25c_ccs     0.504000       2     1.008000
AN2D1BWP30P140HVT  tcbn28hpcplusbwp30p140hvttt1v25c_ccs     0.504000       2     1.008000
AO21D0BWP40P140EHVT tcbn28hpcplusbwp40p140ehvttt1v25c_ccs     0.630000       1     0.630000
AO21D1BWP30P140HVT tcbn28hpcplusbwp30p140hvttt1v25c_ccs     0.630000       1     0.630000
AOI21D0BWP40P140EHVT tcbn28hpcplusbwp40p140ehvttt1v25c_ccs     0.504000       2     1.008000
AOI21D0P7BWP40P140EHVT tcbn28hpcplusbwp40p140ehvttt1v25c_ccs     0.504000       1     0.504000
AOI21D1BWP40P140EHVT tcbn28hpcplusbwp40p140ehvttt1v25c_ccs     0.504000       2     1.008000
AOI22D0BWP40P140EHVT tcbn28hpcplusbwp40p140ehvttt1v25c_ccs     0.630000       9     5.670000
AOI22D0P7BWP40P140EHVT tcbn28hpcplusbwp40p140ehvttt1v25c_ccs     0.630000       2     1.260000
AOI22D1BWP30P140   tcbn28hpcplusbwp30p140tt1v25c_ccs     0.630000       1     0.630000
AOI22D1BWP40P140EHVT tcbn28hpcplusbwp40p140ehvttt1v25c_ccs     0.630000       3     1.890000
AOI222D0BWP40P140EHVT tcbn28hpcplusbwp40p140ehvttt1v25c_ccs     1.008000       1     1.008000
CKAN2D1BWP30P140HVT tcbn28hpcplusbwp30p140hvttt1v25c_ccs     0.504000       1     0.504000
CKAN2D1BWP40P140EHVT tcbn28hpcplusbwp40p140ehvttt1v25c_ccs     0.504000       1     0.504000
CKND2D1BWP40P140EHVT tcbn28hpcplusbwp40p140ehvttt1v25c_ccs     0.378000       6     2.268000
IND2D0BWP30P140HVT tcbn28hpcplusbwp30p140hvttt1v25c_ccs     0.504000       1     0.504000
INR2D0BWP40P140EHVT tcbn28hpcplusbwp40p140ehvttt1v25c_ccs     0.504000       7     3.528000
INR2D1BWP30P140HVT tcbn28hpcplusbwp30p140hvttt1v25c_ccs     0.504000       1     0.504000
INR2D1BWP30P140LVT tcbn28hpcplusbwp30p140lvttt1v25c_ccs     0.504000       3     1.512000
INR4D0BWP30P140HVT tcbn28hpcplusbwp30p140hvttt1v25c_ccs     0.756000       1     0.756000
INVD0BWP40P140EHVT tcbn28hpcplusbwp40p140ehvttt1v25c_ccs     0.252000      30     7.560000
INVD0P7BWP30P140HVT tcbn28hpcplusbwp30p140hvttt1v25c_ccs     0.252000       1     0.252000
INVD0P7BWP40P140EHVT tcbn28hpcplusbwp40p140ehvttt1v25c_ccs     0.252000       1     0.252000
INVD1BWP30P140     tcbn28hpcplusbwp30p140tt1v25c_ccs     0.252000       1     0.252000
INVD1BWP30P140HVT  tcbn28hpcplusbwp30p140hvttt1v25c_ccs     0.252000       5     1.260000
INVD1BWP40P140EHVT tcbn28hpcplusbwp40p140ehvttt1v25c_ccs     0.252000       3     0.756000
IOA21D1BWP40P140EHVT tcbn28hpcplusbwp40p140ehvttt1v25c_ccs     0.630000       1     0.630000
MAOI22D0BWP40P140EHVT tcbn28hpcplusbwp40p140ehvttt1v25c_ccs     0.756000       1     0.756000
MAOI22D1BWP40P140EHVT tcbn28hpcplusbwp40p140ehvttt1v25c_ccs     0.756000       1     0.756000
MAOI222D0BWP40P140EHVT tcbn28hpcplusbwp40p140ehvttt1v25c_ccs     0.756000       1     0.756000
MOAI22D0BWP30P140HVT tcbn28hpcplusbwp30p140hvttt1v25c_ccs     0.756000       1     0.756000
MOAI22D0BWP40P140EHVT tcbn28hpcplusbwp40p140ehvttt1v25c_ccs     0.756000       3     2.268000
MOAI22D1BWP40P140EHVT tcbn28hpcplusbwp40p140ehvttt1v25c_ccs     0.756000       1     0.756000
MUX2NUD1BWP30P140  tcbn28hpcplusbwp30p140tt1v25c_ccs     0.756000       1     0.756000
MUX2NUD1BWP40P140EHVT tcbn28hpcplusbwp40p140ehvttt1v25c_ccs     0.756000       1     0.756000
ND2D0BWP40P140EHVT tcbn28hpcplusbwp40p140ehvttt1v25c_ccs     0.378000      22     8.316000
ND2D0P7BWP40P140EHVT tcbn28hpcplusbwp40p140ehvttt1v25c_ccs     0.378000       4     1.512000
ND2OPTIBD1BWP30P140HVT tcbn28hpcplusbwp30p140hvttt1v25c_ccs     0.378000       2     0.756000
NR2D0BWP40P140EHVT tcbn28hpcplusbwp40p140ehvttt1v25c_ccs     0.378000       9     3.402000
NR2D0P7BWP40P140EHVT tcbn28hpcplusbwp40p140ehvttt1v25c_ccs     0.378000       2     0.756000
NR2D1BWP30P140LVT  tcbn28hpcplusbwp30p140lvttt1v25c_ccs     0.378000       1     0.378000
NR2OPTIBD1BWP30P140HVT tcbn28hpcplusbwp30p140hvttt1v25c_ccs     0.378000       4     1.512000
NR2OPTIBD1BWP40P140EHVT tcbn28hpcplusbwp40p140ehvttt1v25c_ccs     0.378000       6     2.268000
NR3D0BWP30P140HVT  tcbn28hpcplusbwp30p140hvttt1v25c_ccs     0.504000       1     0.504000
NR3D0BWP40P140EHVT tcbn28hpcplusbwp40p140ehvttt1v25c_ccs     0.504000       2     1.008000
NR4D0BWP30P140HVT  tcbn28hpcplusbwp30p140hvttt1v25c_ccs     0.630000       1     0.630000
OA21D0BWP40P140EHVT tcbn28hpcplusbwp40p140ehvttt1v25c_ccs     0.630000       1     0.630000
OA22D0BWP40P140EHVT tcbn28hpcplusbwp40p140ehvttt1v25c_ccs     0.882000       1     0.882000
OAI21D0BWP30P140HVT tcbn28hpcplusbwp30p140hvttt1v25c_ccs     0.504000       2     1.008000
OAI21D0BWP40P140EHVT tcbn28hpcplusbwp40p140ehvttt1v25c_ccs     0.504000       2     1.008000
OAI21D0P7BWP30P140HVT tcbn28hpcplusbwp30p140hvttt1v25c_ccs     0.504000       1     0.504000
OAI21D0P7BWP40P140EHVT tcbn28hpcplusbwp40p140ehvttt1v25c_ccs     0.504000       2     1.008000
OAI21D1BWP40P140EHVT tcbn28hpcplusbwp40p140ehvttt1v25c_ccs     0.504000       1     0.504000
OAI22D0BWP40P140EHVT tcbn28hpcplusbwp40p140ehvttt1v25c_ccs     0.630000       5     3.150000
OAI22D0P7BWP40P140EHVT tcbn28hpcplusbwp40p140ehvttt1v25c_ccs     0.630000       1     0.630000
OAI222D1BWP30P140HVT tcbn28hpcplusbwp30p140hvttt1v25c_ccs     1.008000       2     2.016000
OR2D0BWP40P140EHVT tcbn28hpcplusbwp40p140ehvttt1v25c_ccs     0.504000       2     1.008000
OR2D1BWP40P140EHVT tcbn28hpcplusbwp40p140ehvttt1v25c_ccs     0.504000       3     1.512000
XNR2UD0BWP40P140EHVT tcbn28hpcplusbwp40p140ehvttt1v25c_ccs     0.882000       7     6.174000
XNR2UD1BWP40P140EHVT tcbn28hpcplusbwp40p140ehvttt1v25c_ccs     0.882000       3     2.646000
XOR2UD0BWP40P140EHVT tcbn28hpcplusbwp40p140ehvttt1v25c_ccs     0.882000       3     2.646000
XOR2UD1BWP40P140EHVT tcbn28hpcplusbwp40p140ehvttt1v25c_ccs     0.882000       1     0.882000
-----------------------------------------------------------------------------
Total 62 references                                    92.106000

****************************************
Design: requant_rne_ACC_W15_DATA_WIDTH8_SHW4_5 
****************************************
Reference          Library       Unit Area   Count    Total Area   Attributes
-----------------------------------------------------------------------------
AN2D0BWP30P140HVT  tcbn28hpcplusbwp30p140hvttt1v25c_ccs     0.504000       2     1.008000
AN2D0BWP40P140EHVT tcbn28hpcplusbwp40p140ehvttt1v25c_ccs     0.504000       2     1.008000
AN2D1BWP30P140     tcbn28hpcplusbwp30p140tt1v25c_ccs     0.504000       1     0.504000
AO21D1BWP30P140HVT tcbn28hpcplusbwp30p140hvttt1v25c_ccs     0.630000       2     1.260000
AOI21D0BWP30P140HVT tcbn28hpcplusbwp30p140hvttt1v25c_ccs     0.504000       2     1.008000
AOI21D0BWP40P140EHVT tcbn28hpcplusbwp40p140ehvttt1v25c_ccs     0.504000       1     0.504000
AOI21D1BWP30P140HVT tcbn28hpcplusbwp30p140hvttt1v25c_ccs     0.504000       2     1.008000
AOI22D0BWP40P140EHVT tcbn28hpcplusbwp40p140ehvttt1v25c_ccs     0.630000       8     5.040000
AOI22D0P7BWP40P140EHVT tcbn28hpcplusbwp40p140ehvttt1v25c_ccs     0.630000       2     1.260000
AOI22D1BWP30P140HVT tcbn28hpcplusbwp30p140hvttt1v25c_ccs     0.630000       4     2.520000
AOI22D1BWP40P140EHVT tcbn28hpcplusbwp40p140ehvttt1v25c_ccs     0.630000       1     0.630000
AOI222D1BWP30P140HVT tcbn28hpcplusbwp30p140hvttt1v25c_ccs     1.008000       1     1.008000
CKND2D1BWP40P140EHVT tcbn28hpcplusbwp40p140ehvttt1v25c_ccs     0.378000       1     0.378000
IND2D0BWP40P140EHVT tcbn28hpcplusbwp40p140ehvttt1v25c_ccs     0.504000       1     0.504000
INR2D0BWP40P140EHVT tcbn28hpcplusbwp40p140ehvttt1v25c_ccs     0.504000       2     1.008000
INR2D1BWP30P140    tcbn28hpcplusbwp30p140tt1v25c_ccs     0.504000       2     1.008000
INR2D1BWP30P140HVT tcbn28hpcplusbwp30p140hvttt1v25c_ccs     0.504000       6     3.024000
INR2D1BWP40P140EHVT tcbn28hpcplusbwp40p140ehvttt1v25c_ccs     0.504000       1     0.504000
INR4D0BWP40P140EHVT tcbn28hpcplusbwp40p140ehvttt1v25c_ccs     0.756000       1     0.756000
INVD0BWP40P140EHVT tcbn28hpcplusbwp40p140ehvttt1v25c_ccs     0.252000      31     7.812000
INVD0P7BWP30P140HVT tcbn28hpcplusbwp30p140hvttt1v25c_ccs     0.252000       2     0.504000
INVD0P7BWP40P140EHVT tcbn28hpcplusbwp40p140ehvttt1v25c_ccs     0.252000       2     0.504000
INVD1BWP30P140     tcbn28hpcplusbwp30p140tt1v25c_ccs     0.252000       1     0.252000
INVD1BWP30P140HVT  tcbn28hpcplusbwp30p140hvttt1v25c_ccs     0.252000       4     1.008000
INVD1BWP40P140EHVT tcbn28hpcplusbwp40p140ehvttt1v25c_ccs     0.252000       1     0.252000
IOA21D0BWP40P140EHVT tcbn28hpcplusbwp40p140ehvttt1v25c_ccs     0.630000       1     0.630000
MAOI22D0BWP40P140EHVT tcbn28hpcplusbwp40p140ehvttt1v25c_ccs     0.756000       1     0.756000
MAOI22D1BWP40P140EHVT tcbn28hpcplusbwp40p140ehvttt1v25c_ccs     0.756000       1     0.756000
MAOI222D1BWP30P140HVT tcbn28hpcplusbwp30p140hvttt1v25c_ccs     0.756000       1     0.756000
MOAI22D0BWP40P140EHVT tcbn28hpcplusbwp40p140ehvttt1v25c_ccs     0.756000       3     2.268000
MOAI22D1BWP40P140EHVT tcbn28hpcplusbwp40p140ehvttt1v25c_ccs     0.756000       2     1.512000
MUX2ND0BWP40P140EHVT tcbn28hpcplusbwp40p140ehvttt1v25c_ccs     0.756000       2     1.512000
ND2D0BWP30P140HVT  tcbn28hpcplusbwp30p140hvttt1v25c_ccs     0.378000       2     0.756000
ND2D0BWP40P140EHVT tcbn28hpcplusbwp40p140ehvttt1v25c_ccs     0.378000      20     7.560000
ND2D0P7BWP40P140EHVT tcbn28hpcplusbwp40p140ehvttt1v25c_ccs     0.378000       1     0.378000
ND2D1BWP30P140HVT  tcbn28hpcplusbwp30p140hvttt1v25c_ccs     0.378000       1     0.378000
ND2OPTIBD1BWP30P140HVT tcbn28hpcplusbwp30p140hvttt1v25c_ccs     0.378000      10     3.780000
NR2D0BWP30P140HVT  tcbn28hpcplusbwp30p140hvttt1v25c_ccs     0.378000       2     0.756000
NR2D0BWP40P140EHVT tcbn28hpcplusbwp40p140ehvttt1v25c_ccs     0.378000      14     5.292000
NR2D0P7BWP40P140EHVT tcbn28hpcplusbwp40p140ehvttt1v25c_ccs     0.378000       1     0.378000
NR2D1BWP30P140     tcbn28hpcplusbwp30p140tt1v25c_ccs     0.378000       2     0.756000
NR2D1BWP30P140HVT  tcbn28hpcplusbwp30p140hvttt1v25c_ccs     0.378000       2     0.756000
NR2OPTIBD1BWP30P140HVT tcbn28hpcplusbwp30p140hvttt1v25c_ccs     0.378000       2     0.756000
NR2OPTIBD1BWP40P140EHVT tcbn28hpcplusbwp40p140ehvttt1v25c_ccs     0.378000       1     0.378000
NR3D0BWP30P140HVT  tcbn28hpcplusbwp30p140hvttt1v25c_ccs     0.504000       1     0.504000
NR3D0BWP40P140EHVT tcbn28hpcplusbwp40p140ehvttt1v25c_ccs     0.504000       2     1.008000
NR4D0BWP40P140EHVT tcbn28hpcplusbwp40p140ehvttt1v25c_ccs     0.630000       1     0.630000
OA21D1BWP30P140HVT tcbn28hpcplusbwp30p140hvttt1v25c_ccs     0.630000       1     0.630000
OA22D0BWP40P140EHVT tcbn28hpcplusbwp40p140ehvttt1v25c_ccs     0.882000       1     0.882000
OAI21D0BWP40P140EHVT tcbn28hpcplusbwp40p140ehvttt1v25c_ccs     0.504000       4     2.016000
OAI21D1BWP30P140HVT tcbn28hpcplusbwp30p140hvttt1v25c_ccs     0.504000       4     2.016000
OAI22D0BWP40P140EHVT tcbn28hpcplusbwp40p140ehvttt1v25c_ccs     0.630000       2     1.260000
OAI22D0P7BWP40P140EHVT tcbn28hpcplusbwp40p140ehvttt1v25c_ccs     0.630000       1     0.630000
OAI22D1BWP30P140HVT tcbn28hpcplusbwp30p140hvttt1v25c_ccs     0.630000       3     1.890000
OAI222D1BWP30P140HVT tcbn28hpcplusbwp30p140hvttt1v25c_ccs     1.008000       2     2.016000
OR2D1BWP30P140HVT  tcbn28hpcplusbwp30p140hvttt1v25c_ccs     0.504000       5     2.520000
XNR2UD0BWP30P140   tcbn28hpcplusbwp30p140tt1v25c_ccs     0.882000       1     0.882000
XNR2UD0BWP40P140EHVT tcbn28hpcplusbwp40p140ehvttt1v25c_ccs     0.882000       2     1.764000
XNR2UD1BWP30P140   tcbn28hpcplusbwp30p140tt1v25c_ccs     0.882000       1     0.882000
XNR2UD1BWP30P140HVT tcbn28hpcplusbwp30p140hvttt1v25c_ccs     0.882000       6     5.292000
XOR2UD0BWP40P140EHVT tcbn28hpcplusbwp40p140ehvttt1v25c_ccs     0.882000       3     2.646000
XOR2UD1BWP30P140HVT tcbn28hpcplusbwp30p140hvttt1v25c_ccs     0.882000       1     0.882000
-----------------------------------------------------------------------------
Total 62 references                                    92.736000

****************************************
Design: requant_rne_ACC_W15_DATA_WIDTH8_SHW4_6 
****************************************
Reference          Library       Unit Area   Count    Total Area   Attributes
-----------------------------------------------------------------------------
AN2D0BWP40P140EHVT tcbn28hpcplusbwp40p140ehvttt1v25c_ccs     0.504000       2     1.008000
AN2D1BWP30P140HVT  tcbn28hpcplusbwp30p140hvttt1v25c_ccs     0.504000       2     1.008000
AO21D0BWP40P140EHVT tcbn28hpcplusbwp40p140ehvttt1v25c_ccs     0.630000       1     0.630000
AO21D1BWP30P140HVT tcbn28hpcplusbwp30p140hvttt1v25c_ccs     0.630000       1     0.630000
AOI21D0BWP40P140EHVT tcbn28hpcplusbwp40p140ehvttt1v25c_ccs     0.504000       1     0.504000
AOI21D0P7BWP40P140EHVT tcbn28hpcplusbwp40p140ehvttt1v25c_ccs     0.504000       1     0.504000
AOI21D1BWP40P140EHVT tcbn28hpcplusbwp40p140ehvttt1v25c_ccs     0.504000       3     1.512000
AOI22D0BWP40P140EHVT tcbn28hpcplusbwp40p140ehvttt1v25c_ccs     0.630000       9     5.670000
AOI22D0P7BWP40P140EHVT tcbn28hpcplusbwp40p140ehvttt1v25c_ccs     0.630000       3     1.890000
AOI22D1BWP30P140HVT tcbn28hpcplusbwp30p140hvttt1v25c_ccs     0.630000       1     0.630000
AOI22D1BWP40P140EHVT tcbn28hpcplusbwp40p140ehvttt1v25c_ccs     0.630000       2     1.260000
AOI222D1BWP40P140EHVT tcbn28hpcplusbwp40p140ehvttt1v25c_ccs     1.008000       1     1.008000
CKAN2D0BWP40P140EHVT tcbn28hpcplusbwp40p140ehvttt1v25c_ccs     0.504000       1     0.504000
CKAN2D1BWP30P140HVT tcbn28hpcplusbwp30p140hvttt1v25c_ccs     0.504000       1     0.504000
CKND2D1BWP40P140EHVT tcbn28hpcplusbwp40p140ehvttt1v25c_ccs     0.378000       8     3.024000
IND2D0BWP30P140HVT tcbn28hpcplusbwp30p140hvttt1v25c_ccs     0.504000       1     0.504000
INR2D0BWP40P140EHVT tcbn28hpcplusbwp40p140ehvttt1v25c_ccs     0.504000       7     3.528000
INR2D1BWP30P140    tcbn28hpcplusbwp30p140tt1v25c_ccs     0.504000       1     0.504000
INR2D1BWP30P140HVT tcbn28hpcplusbwp30p140hvttt1v25c_ccs     0.504000       1     0.504000
INR2D1BWP30P140LVT tcbn28hpcplusbwp30p140lvttt1v25c_ccs     0.504000       2     1.008000
INR4D0BWP30P140HVT tcbn28hpcplusbwp30p140hvttt1v25c_ccs     0.756000       1     0.756000
INVD0BWP40P140EHVT tcbn28hpcplusbwp40p140ehvttt1v25c_ccs     0.252000      30     7.560000
INVD0P7BWP30P140HVT tcbn28hpcplusbwp30p140hvttt1v25c_ccs     0.252000       1     0.252000
INVD1BWP30P140     tcbn28hpcplusbwp30p140tt1v25c_ccs     0.252000       1     0.252000
INVD1BWP30P140HVT  tcbn28hpcplusbwp30p140hvttt1v25c_ccs     0.252000       5     1.260000
INVD1BWP40P140EHVT tcbn28hpcplusbwp40p140ehvttt1v25c_ccs     0.252000       4     1.008000
IOA21D1BWP40P140EHVT tcbn28hpcplusbwp40p140ehvttt1v25c_ccs     0.630000       1     0.630000
MAOI22D0BWP40P140EHVT tcbn28hpcplusbwp40p140ehvttt1v25c_ccs     0.756000       1     0.756000
MAOI22D1BWP40P140EHVT tcbn28hpcplusbwp40p140ehvttt1v25c_ccs     0.756000       1     0.756000
MAOI222D0BWP40P140EHVT tcbn28hpcplusbwp40p140ehvttt1v25c_ccs     0.756000       1     0.756000
MOAI22D0BWP30P140HVT tcbn28hpcplusbwp30p140hvttt1v25c_ccs     0.756000       1     0.756000
MOAI22D0BWP40P140EHVT tcbn28hpcplusbwp40p140ehvttt1v25c_ccs     0.756000       3     2.268000
MOAI22D1BWP40P140EHVT tcbn28hpcplusbwp40p140ehvttt1v25c_ccs     0.756000       1     0.756000
MUX2NUD1BWP30P140  tcbn28hpcplusbwp30p140tt1v25c_ccs     0.756000       1     0.756000
MUX2NUD1BWP40P140EHVT tcbn28hpcplusbwp40p140ehvttt1v25c_ccs     0.756000       1     0.756000
ND2D0BWP30P140HVT  tcbn28hpcplusbwp30p140hvttt1v25c_ccs     0.378000       1     0.378000
ND2D0BWP40P140EHVT tcbn28hpcplusbwp40p140ehvttt1v25c_ccs     0.378000      23     8.694000
ND2D0P7BWP40P140EHVT tcbn28hpcplusbwp40p140ehvttt1v25c_ccs     0.378000       1     0.378000
ND2OPTIBD1BWP30P140HVT tcbn28hpcplusbwp30p140hvttt1v25c_ccs     0.378000       1     0.378000
NR2D0BWP30P140HVT  tcbn28hpcplusbwp30p140hvttt1v25c_ccs     0.378000       1     0.378000
NR2D0BWP40P140EHVT tcbn28hpcplusbwp40p140ehvttt1v25c_ccs     0.378000      11     4.158000
NR2D1BWP30P140     tcbn28hpcplusbwp30p140tt1v25c_ccs     0.378000       1     0.378000
NR2OPTIBD1BWP30P140HVT tcbn28hpcplusbwp30p140hvttt1v25c_ccs     0.378000       3     1.134000
NR2OPTIBD1BWP40P140EHVT tcbn28hpcplusbwp40p140ehvttt1v25c_ccs     0.378000       6     2.268000
NR3D0BWP30P140HVT  tcbn28hpcplusbwp30p140hvttt1v25c_ccs     0.504000       1     0.504000
NR3D0BWP40P140EHVT tcbn28hpcplusbwp40p140ehvttt1v25c_ccs     0.504000       2     1.008000
NR4D0BWP30P140HVT  tcbn28hpcplusbwp30p140hvttt1v25c_ccs     0.630000       1     0.630000
OA21D0BWP40P140EHVT tcbn28hpcplusbwp40p140ehvttt1v25c_ccs     0.630000       1     0.630000
OA22D0BWP40P140EHVT tcbn28hpcplusbwp40p140ehvttt1v25c_ccs     0.882000       1     0.882000
OAI21D0BWP30P140HVT tcbn28hpcplusbwp30p140hvttt1v25c_ccs     0.504000       3     1.512000
OAI21D0BWP40P140EHVT tcbn28hpcplusbwp40p140ehvttt1v25c_ccs     0.504000       2     1.008000
OAI21D0P7BWP40P140EHVT tcbn28hpcplusbwp40p140ehvttt1v25c_ccs     0.504000       1     0.504000
OAI21D1BWP30P140HVT tcbn28hpcplusbwp30p140hvttt1v25c_ccs     0.504000       1     0.504000
OAI21D1BWP40P140EHVT tcbn28hpcplusbwp40p140ehvttt1v25c_ccs     0.504000       1     0.504000
OAI22D0BWP40P140EHVT tcbn28hpcplusbwp40p140ehvttt1v25c_ccs     0.630000       5     3.150000
OAI22D1BWP40P140EHVT tcbn28hpcplusbwp40p140ehvttt1v25c_ccs     0.630000       1     0.630000
OAI222D1BWP30P140HVT tcbn28hpcplusbwp30p140hvttt1v25c_ccs     1.008000       2     2.016000
OR2D0BWP40P140EHVT tcbn28hpcplusbwp40p140ehvttt1v25c_ccs     0.504000       1     0.504000
OR2D1BWP40P140EHVT tcbn28hpcplusbwp40p140ehvttt1v25c_ccs     0.504000       4     2.016000
XNR2UD0BWP40P140EHVT tcbn28hpcplusbwp40p140ehvttt1v25c_ccs     0.882000       6     5.292000
XNR2UD1BWP40P140EHVT tcbn28hpcplusbwp40p140ehvttt1v25c_ccs     0.882000       4     3.528000
XOR2UD0BWP40P140EHVT tcbn28hpcplusbwp40p140ehvttt1v25c_ccs     0.882000       3     2.646000
XOR2UD1BWP40P140EHVT tcbn28hpcplusbwp40p140ehvttt1v25c_ccs     0.882000       1     0.882000
-----------------------------------------------------------------------------
Total 63 references                                    92.106000

****************************************
Design: requant_rne_ACC_W15_DATA_WIDTH8_SHW4_7 
****************************************
Reference          Library       Unit Area   Count    Total Area   Attributes
-----------------------------------------------------------------------------
AN2D0BWP40P140EHVT tcbn28hpcplusbwp40p140ehvttt1v25c_ccs     0.504000       2     1.008000
AN2D1BWP30P140HVT  tcbn28hpcplusbwp30p140hvttt1v25c_ccs     0.504000       1     0.504000
AO21D0BWP30P140HVT tcbn28hpcplusbwp30p140hvttt1v25c_ccs     0.630000       1     0.630000
AO21D1BWP40P140EHVT tcbn28hpcplusbwp40p140ehvttt1v25c_ccs     0.630000       1     0.630000
AOI21D0P7BWP40P140EHVT tcbn28hpcplusbwp40p140ehvttt1v25c_ccs     0.504000       1     0.504000
AOI21D1BWP30P140HVT tcbn28hpcplusbwp30p140hvttt1v25c_ccs     0.504000       4     2.016000
AOI22D0BWP30P140HVT tcbn28hpcplusbwp30p140hvttt1v25c_ccs     0.630000       2     1.260000
AOI22D0BWP40P140EHVT tcbn28hpcplusbwp40p140ehvttt1v25c_ccs     0.630000       3     1.890000
AOI22D0P7BWP40P140EHVT tcbn28hpcplusbwp40p140ehvttt1v25c_ccs     0.630000       1     0.630000
AOI22D1BWP30P140HVT tcbn28hpcplusbwp30p140hvttt1v25c_ccs     0.630000       8     5.040000
AOI22D1BWP40P140EHVT tcbn28hpcplusbwp40p140ehvttt1v25c_ccs     0.630000       2     1.260000
AOI222D1BWP30P140HVT tcbn28hpcplusbwp30p140hvttt1v25c_ccs     1.008000       1     1.008000
CKAN2D1BWP30P140HVT tcbn28hpcplusbwp30p140hvttt1v25c_ccs     0.504000       1     0.504000
CKND2D1BWP40P140EHVT tcbn28hpcplusbwp40p140ehvttt1v25c_ccs     0.378000       1     0.378000
FA1D0BWP30P140HVT  tcbn28hpcplusbwp30p140hvttt1v25c_ccs     2.142000       2     4.284000 r
FA1D1BWP30P140LVT  tcbn28hpcplusbwp30p140lvttt1v25c_ccs     2.142000       1     2.142000 r
IND2D0BWP40P140EHVT tcbn28hpcplusbwp40p140ehvttt1v25c_ccs     0.504000       1     0.504000
INR2D0BWP40P140EHVT tcbn28hpcplusbwp40p140ehvttt1v25c_ccs     0.504000       5     2.520000
INR2D1BWP30P140    tcbn28hpcplusbwp30p140tt1v25c_ccs     0.504000       5     2.520000
INR2D1BWP40P140EHVT tcbn28hpcplusbwp40p140ehvttt1v25c_ccs     0.504000       1     0.504000
INR4D0BWP40P140EHVT tcbn28hpcplusbwp40p140ehvttt1v25c_ccs     0.756000       1     0.756000
INVD0BWP40P140EHVT tcbn28hpcplusbwp40p140ehvttt1v25c_ccs     0.252000      28     7.056000
INVD0P7BWP30P140HVT tcbn28hpcplusbwp30p140hvttt1v25c_ccs     0.252000       1     0.252000
INVD0P7BWP40P140EHVT tcbn28hpcplusbwp40p140ehvttt1v25c_ccs     0.252000       3     0.756000
INVD1BWP30P140     tcbn28hpcplusbwp30p140tt1v25c_ccs     0.252000       1     0.252000
INVD1BWP30P140HVT  tcbn28hpcplusbwp30p140hvttt1v25c_ccs     0.252000       9     2.268000
INVD2BWP30P140HVT  tcbn28hpcplusbwp30p140hvttt1v25c_ccs     0.378000       1     0.378000
IOA21D1BWP40P140EHVT tcbn28hpcplusbwp40p140ehvttt1v25c_ccs     0.630000       1     0.630000
MAOI22D0BWP30P140HVT tcbn28hpcplusbwp30p140hvttt1v25c_ccs     0.756000       1     0.756000
MAOI22D1BWP40P140EHVT tcbn28hpcplusbwp40p140ehvttt1v25c_ccs     0.756000       1     0.756000
MAOI222D1BWP40P140EHVT tcbn28hpcplusbwp40p140ehvttt1v25c_ccs     0.756000       1     0.756000
MOAI22D0BWP30P140HVT tcbn28hpcplusbwp30p140hvttt1v25c_ccs     0.756000       2     1.512000
MOAI22D1BWP30P140HVT tcbn28hpcplusbwp30p140hvttt1v25c_ccs     0.756000       4     3.024000
MUX2ND0BWP40P140EHVT tcbn28hpcplusbwp40p140ehvttt1v25c_ccs     0.756000       1     0.756000
MUX2NUD1BWP30P140HVT tcbn28hpcplusbwp30p140hvttt1v25c_ccs     0.756000       1     0.756000
ND2D0BWP30P140HVT  tcbn28hpcplusbwp30p140hvttt1v25c_ccs     0.378000       2     0.756000
ND2D0BWP40P140EHVT tcbn28hpcplusbwp40p140ehvttt1v25c_ccs     0.378000      26     9.828000
ND2D0P7BWP40P140EHVT tcbn28hpcplusbwp40p140ehvttt1v25c_ccs     0.378000       1     0.378000
ND2D1BWP30P140HVT  tcbn28hpcplusbwp30p140hvttt1v25c_ccs     0.378000       1     0.378000
ND2OPTIBD1BWP30P140HVT tcbn28hpcplusbwp30p140hvttt1v25c_ccs     0.378000       5     1.890000
NR2D0BWP30P140HVT  tcbn28hpcplusbwp30p140hvttt1v25c_ccs     0.378000       1     0.378000
NR2D0BWP40P140EHVT tcbn28hpcplusbwp40p140ehvttt1v25c_ccs     0.378000      14     5.292000
NR2D0P7BWP40P140EHVT tcbn28hpcplusbwp40p140ehvttt1v25c_ccs     0.378000       1     0.378000
NR2D1BWP30P140     tcbn28hpcplusbwp30p140tt1v25c_ccs     0.378000       2     0.756000
NR2D1BWP30P140HVT  tcbn28hpcplusbwp30p140hvttt1v25c_ccs     0.378000       1     0.378000
NR2OPTIBD1BWP30P140HVT tcbn28hpcplusbwp30p140hvttt1v25c_ccs     0.378000       2     0.756000
NR2OPTIBD1BWP40P140EHVT tcbn28hpcplusbwp40p140ehvttt1v25c_ccs     0.378000       3     1.134000
NR3D0BWP30P140HVT  tcbn28hpcplusbwp30p140hvttt1v25c_ccs     0.504000       1     0.504000
NR3D0BWP40P140EHVT tcbn28hpcplusbwp40p140ehvttt1v25c_ccs     0.504000       2     1.008000
NR4D0BWP40P140EHVT tcbn28hpcplusbwp40p140ehvttt1v25c_ccs     0.630000       1     0.630000
OA21D0BWP30P140HVT tcbn28hpcplusbwp30p140hvttt1v25c_ccs     0.630000       1     0.630000
OA21D0BWP40P140EHVT tcbn28hpcplusbwp40p140ehvttt1v25c_ccs     0.630000       2     1.260000
OA22D1BWP30P140HVT tcbn28hpcplusbwp30p140hvttt1v25c_ccs     0.882000       1     0.882000
OAI21D0BWP30P140HVT tcbn28hpcplusbwp30p140hvttt1v25c_ccs     0.504000       1     0.504000
OAI21D0BWP40P140EHVT tcbn28hpcplusbwp40p140ehvttt1v25c_ccs     0.504000       6     3.024000
OAI21D1BWP30P140HVT tcbn28hpcplusbwp30p140hvttt1v25c_ccs     0.504000       1     0.504000
OAI21D1BWP40P140EHVT tcbn28hpcplusbwp40p140ehvttt1v25c_ccs     0.504000       1     0.504000
OAI22D0BWP30P140HVT tcbn28hpcplusbwp30p140hvttt1v25c_ccs     0.630000       2     1.260000
OAI22D0BWP40P140EHVT tcbn28hpcplusbwp40p140ehvttt1v25c_ccs     0.630000       1     0.630000
OAI22D1BWP30P140HVT tcbn28hpcplusbwp30p140hvttt1v25c_ccs     0.630000       4     2.520000
OAI222D0BWP30P140HVT tcbn28hpcplusbwp30p140hvttt1v25c_ccs     1.008000       1     1.008000
OAI222D1BWP30P140HVT tcbn28hpcplusbwp30p140hvttt1v25c_ccs     1.008000       1     1.008000
OR2D0BWP40P140EHVT tcbn28hpcplusbwp40p140ehvttt1v25c_ccs     0.504000       4     2.016000
OR2D1BWP30P140HVT  tcbn28hpcplusbwp30p140hvttt1v25c_ccs     0.504000       4     2.016000
OR2D1BWP40P140EHVT tcbn28hpcplusbwp40p140ehvttt1v25c_ccs     0.504000       2     1.008000
XNR2UD0BWP40P140EHVT tcbn28hpcplusbwp40p140ehvttt1v25c_ccs     0.882000       4     3.528000
XNR2UD1BWP30P140HVT tcbn28hpcplusbwp30p140hvttt1v25c_ccs     0.882000       5     4.410000
XNR2UD1BWP40P140EHVT tcbn28hpcplusbwp40p140ehvttt1v25c_ccs     0.882000       1     0.882000
XOR2UD0BWP30P140HVT tcbn28hpcplusbwp30p140hvttt1v25c_ccs     0.882000       1     0.882000
XOR2UD0BWP40P140EHVT tcbn28hpcplusbwp40p140ehvttt1v25c_ccs     0.882000       1     0.882000
XOR2UD1BWP30P140HVT tcbn28hpcplusbwp30p140hvttt1v25c_ccs     0.882000       2     1.764000
-----------------------------------------------------------------------------
Total 71 references                                   105.966000

****************************************
Design: requant_rne_ACC_W15_DATA_WIDTH8_SHW4_8 
****************************************
Reference          Library       Unit Area   Count    Total Area   Attributes
-----------------------------------------------------------------------------
AN2D0BWP30P140HVT  tcbn28hpcplusbwp30p140hvttt1v25c_ccs     0.504000       1     0.504000
AN2D0BWP40P140EHVT tcbn28hpcplusbwp40p140ehvttt1v25c_ccs     0.504000       2     1.008000
AN2D1BWP30P140HVT  tcbn28hpcplusbwp30p140hvttt1v25c_ccs     0.504000       1     0.504000
AO21D0BWP30P140HVT tcbn28hpcplusbwp30p140hvttt1v25c_ccs     0.630000       1     0.630000
AO21D0BWP40P140EHVT tcbn28hpcplusbwp40p140ehvttt1v25c_ccs     0.630000       1     0.630000
AOI21D0P7BWP40P140EHVT tcbn28hpcplusbwp40p140ehvttt1v25c_ccs     0.504000       1     0.504000
AOI21D1BWP30P140HVT tcbn28hpcplusbwp30p140hvttt1v25c_ccs     0.504000       4     2.016000
AOI22D0BWP40P140EHVT tcbn28hpcplusbwp40p140ehvttt1v25c_ccs     0.630000       5     3.150000
AOI22D1BWP30P140HVT tcbn28hpcplusbwp30p140hvttt1v25c_ccs     0.630000       5     3.150000
AOI22D1BWP40P140EHVT tcbn28hpcplusbwp40p140ehvttt1v25c_ccs     0.630000       6     3.780000
AOI222D1BWP30P140HVT tcbn28hpcplusbwp30p140hvttt1v25c_ccs     1.008000       1     1.008000
CKND2D1BWP40P140EHVT tcbn28hpcplusbwp40p140ehvttt1v25c_ccs     0.378000       1     0.378000
FA1D0BWP30P140HVT  tcbn28hpcplusbwp30p140hvttt1v25c_ccs     2.142000       2     4.284000 r
FA1D1BWP30P140LVT  tcbn28hpcplusbwp30p140lvttt1v25c_ccs     2.142000       1     2.142000 r
IND2D0BWP40P140EHVT tcbn28hpcplusbwp40p140ehvttt1v25c_ccs     0.504000       1     0.504000
INR2D0BWP40P140EHVT tcbn28hpcplusbwp40p140ehvttt1v25c_ccs     0.504000       3     1.512000
INR2D1BWP30P140    tcbn28hpcplusbwp30p140tt1v25c_ccs     0.504000       2     1.008000
INR2D1BWP30P140HVT tcbn28hpcplusbwp30p140hvttt1v25c_ccs     0.504000       3     1.512000
INR2D1BWP40P140EHVT tcbn28hpcplusbwp40p140ehvttt1v25c_ccs     0.504000       3     1.512000
INR4D0BWP30P140    tcbn28hpcplusbwp30p140tt1v25c_ccs     0.756000       1     0.756000
INVD0BWP40P140EHVT tcbn28hpcplusbwp40p140ehvttt1v25c_ccs     0.252000      32     8.064000
INVD0P7BWP40P140EHVT tcbn28hpcplusbwp40p140ehvttt1v25c_ccs     0.252000       1     0.252000
INVD1BWP30P140     tcbn28hpcplusbwp30p140tt1v25c_ccs     0.252000       1     0.252000
INVD1BWP30P140HVT  tcbn28hpcplusbwp30p140hvttt1v25c_ccs     0.252000       8     2.016000
INVD1BWP40P140EHVT tcbn28hpcplusbwp40p140ehvttt1v25c_ccs     0.252000       1     0.252000
IOA21D1BWP40P140EHVT tcbn28hpcplusbwp40p140ehvttt1v25c_ccs     0.630000       1     0.630000
MAOI22D1BWP40P140EHVT tcbn28hpcplusbwp40p140ehvttt1v25c_ccs     0.756000       2     1.512000
MAOI222D1BWP40P140EHVT tcbn28hpcplusbwp40p140ehvttt1v25c_ccs     0.756000       1     0.756000
MOAI22D0BWP30P140HVT tcbn28hpcplusbwp30p140hvttt1v25c_ccs     0.756000       2     1.512000
MOAI22D0BWP40P140EHVT tcbn28hpcplusbwp40p140ehvttt1v25c_ccs     0.756000       1     0.756000
MOAI22D1BWP30P140HVT tcbn28hpcplusbwp30p140hvttt1v25c_ccs     0.756000       3     2.268000
MUX2ND0BWP40P140EHVT tcbn28hpcplusbwp40p140ehvttt1v25c_ccs     0.756000       2     1.512000
ND2D0BWP30P140HVT  tcbn28hpcplusbwp30p140hvttt1v25c_ccs     0.378000       3     1.134000
ND2D0BWP40P140EHVT tcbn28hpcplusbwp40p140ehvttt1v25c_ccs     0.378000      25     9.450000
ND2D1BWP30P140HVT  tcbn28hpcplusbwp30p140hvttt1v25c_ccs     0.378000       2     0.756000
ND2OPTIBD1BWP30P140HVT tcbn28hpcplusbwp30p140hvttt1v25c_ccs     0.378000       5     1.890000
NR2D0BWP40P140EHVT tcbn28hpcplusbwp40p140ehvttt1v25c_ccs     0.378000      11     4.158000
NR2D1BWP30P140     tcbn28hpcplusbwp30p140tt1v25c_ccs     0.378000       1     0.378000
NR2OPTIBD1BWP30P140HVT tcbn28hpcplusbwp30p140hvttt1v25c_ccs     0.378000      10     3.780000
NR2OPTIBD1BWP40P140EHVT tcbn28hpcplusbwp40p140ehvttt1v25c_ccs     0.378000       2     0.756000
NR3D0BWP40P140EHVT tcbn28hpcplusbwp40p140ehvttt1v25c_ccs     0.504000       3     1.512000
NR4D0BWP40P140EHVT tcbn28hpcplusbwp40p140ehvttt1v25c_ccs     0.630000       1     0.630000
OA21D0BWP40P140EHVT tcbn28hpcplusbwp40p140ehvttt1v25c_ccs     0.630000       2     1.260000
OA21D1BWP40P140EHVT tcbn28hpcplusbwp40p140ehvttt1v25c_ccs     0.630000       1     0.630000
OA22D0BWP40P140EHVT tcbn28hpcplusbwp40p140ehvttt1v25c_ccs     0.882000       1     0.882000
OAI21D0BWP40P140EHVT tcbn28hpcplusbwp40p140ehvttt1v25c_ccs     0.504000       6     3.024000
OAI21D0P7BWP40P140EHVT tcbn28hpcplusbwp40p140ehvttt1v25c_ccs     0.504000       1     0.504000
OAI21D1BWP30P140HVT tcbn28hpcplusbwp30p140hvttt1v25c_ccs     0.504000       1     0.504000
OAI21D1BWP40P140EHVT tcbn28hpcplusbwp40p140ehvttt1v25c_ccs     0.504000       1     0.504000
OAI22D0BWP30P140HVT tcbn28hpcplusbwp30p140hvttt1v25c_ccs     0.630000       1     0.630000
OAI22D0BWP40P140EHVT tcbn28hpcplusbwp40p140ehvttt1v25c_ccs     0.630000       1     0.630000
OAI22D0P7BWP30P140HVT tcbn28hpcplusbwp30p140hvttt1v25c_ccs     0.630000       1     0.630000
OAI22D1BWP30P140HVT tcbn28hpcplusbwp30p140hvttt1v25c_ccs     0.630000       4     2.520000
OAI222D0BWP30P140HVT tcbn28hpcplusbwp30p140hvttt1v25c_ccs     1.008000       1     1.008000
OAI222D0BWP40P140EHVT tcbn28hpcplusbwp40p140ehvttt1v25c_ccs     1.008000       1     1.008000
OR2D0BWP40P140EHVT tcbn28hpcplusbwp40p140ehvttt1v25c_ccs     0.504000       6     3.024000
OR2D1BWP30P140HVT  tcbn28hpcplusbwp30p140hvttt1v25c_ccs     0.504000       3     1.512000
OR2D1BWP40P140EHVT tcbn28hpcplusbwp40p140ehvttt1v25c_ccs     0.504000       1     0.504000
XNR2UD0BWP40P140EHVT tcbn28hpcplusbwp40p140ehvttt1v25c_ccs     0.882000       5     4.410000
XNR2UD1BWP30P140HVT tcbn28hpcplusbwp30p140hvttt1v25c_ccs     0.882000       3     2.646000
XNR2UD1BWP40P140EHVT tcbn28hpcplusbwp40p140ehvttt1v25c_ccs     0.882000       2     1.764000
XOR2UD1BWP30P140HVT tcbn28hpcplusbwp30p140hvttt1v25c_ccs     0.882000       4     3.528000
-----------------------------------------------------------------------------
Total 62 references                                   105.840000

****************************************
Design: requant_rne_ACC_W15_DATA_WIDTH8_SHW4_9 
****************************************
Reference          Library       Unit Area   Count    Total Area   Attributes
-----------------------------------------------------------------------------
AN2D0BWP30P140HVT  tcbn28hpcplusbwp30p140hvttt1v25c_ccs     0.504000       1     0.504000
AN2D0BWP40P140EHVT tcbn28hpcplusbwp40p140ehvttt1v25c_ccs     0.504000       3     1.512000
AO21D0BWP40P140EHVT tcbn28hpcplusbwp40p140ehvttt1v25c_ccs     0.630000       1     0.630000
AO21D1BWP30P140HVT tcbn28hpcplusbwp30p140hvttt1v25c_ccs     0.630000       1     0.630000
AOI21D0BWP30P140HVT tcbn28hpcplusbwp30p140hvttt1v25c_ccs     0.504000       1     0.504000
AOI21D0BWP40P140EHVT tcbn28hpcplusbwp40p140ehvttt1v25c_ccs     0.504000       1     0.504000
AOI21D0P7BWP40P140EHVT tcbn28hpcplusbwp40p140ehvttt1v25c_ccs     0.504000       1     0.504000
AOI21D1BWP30P140HVT tcbn28hpcplusbwp30p140hvttt1v25c_ccs     0.504000       2     1.008000
AOI22D0BWP30P140HVT tcbn28hpcplusbwp30p140hvttt1v25c_ccs     0.630000       1     0.630000
AOI22D0BWP40P140EHVT tcbn28hpcplusbwp40p140ehvttt1v25c_ccs     0.630000      11     6.930000
AOI22D0P7BWP40P140EHVT tcbn28hpcplusbwp40p140ehvttt1v25c_ccs     0.630000       1     0.630000
AOI22D1BWP40P140EHVT tcbn28hpcplusbwp40p140ehvttt1v25c_ccs     0.630000       2     1.260000
AOI222D0BWP30P140HVT tcbn28hpcplusbwp30p140hvttt1v25c_ccs     1.008000       1     1.008000
CKAN2D1BWP30P140HVT tcbn28hpcplusbwp30p140hvttt1v25c_ccs     0.504000       1     0.504000
CKND0BWP30P140     tcbn28hpcplusbwp30p140tt1v25c_ccs     0.252000       1     0.252000
CKND2D1BWP40P140EHVT tcbn28hpcplusbwp40p140ehvttt1v25c_ccs     0.378000       2     0.756000
IND2D0BWP40P140EHVT tcbn28hpcplusbwp40p140ehvttt1v25c_ccs     0.504000       1     0.504000
INR2D0BWP40P140EHVT tcbn28hpcplusbwp40p140ehvttt1v25c_ccs     0.504000       6     3.024000
INR2D1BWP30P140HVT tcbn28hpcplusbwp30p140hvttt1v25c_ccs     0.504000       4     2.016000
INR2D1BWP40P140EHVT tcbn28hpcplusbwp40p140ehvttt1v25c_ccs     0.504000       1     0.504000
INR4D0BWP30P140    tcbn28hpcplusbwp30p140tt1v25c_ccs     0.756000       1     0.756000
INVD0BWP40P140EHVT tcbn28hpcplusbwp40p140ehvttt1v25c_ccs     0.252000      32     8.064000
INVD0P7BWP30P140HVT tcbn28hpcplusbwp30p140hvttt1v25c_ccs     0.252000       2     0.504000
INVD1BWP30P140     tcbn28hpcplusbwp30p140tt1v25c_ccs     0.252000       2     0.504000
INVD1BWP30P140HVT  tcbn28hpcplusbwp30p140hvttt1v25c_ccs     0.252000       3     0.756000
INVD1BWP40P140EHVT tcbn28hpcplusbwp40p140ehvttt1v25c_ccs     0.252000       1     0.252000
IOA21D0BWP40P140EHVT tcbn28hpcplusbwp40p140ehvttt1v25c_ccs     0.630000       1     0.630000
MAOI22D0BWP40P140EHVT tcbn28hpcplusbwp40p140ehvttt1v25c_ccs     0.756000       1     0.756000
MAOI22D1BWP40P140EHVT tcbn28hpcplusbwp40p140ehvttt1v25c_ccs     0.756000       1     0.756000
MAOI222D0BWP40P140EHVT tcbn28hpcplusbwp40p140ehvttt1v25c_ccs     0.756000       1     0.756000
MOAI22D0BWP40P140EHVT tcbn28hpcplusbwp40p140ehvttt1v25c_ccs     0.756000       2     1.512000
MOAI22D1BWP30P140HVT tcbn28hpcplusbwp30p140hvttt1v25c_ccs     0.756000       1     0.756000
MOAI22D1BWP40P140EHVT tcbn28hpcplusbwp40p140ehvttt1v25c_ccs     0.756000       2     1.512000
MUX2NUD1BWP30P140HVT tcbn28hpcplusbwp30p140hvttt1v25c_ccs     0.756000       1     0.756000
MUX2NUD1BWP40P140EHVT tcbn28hpcplusbwp40p140ehvttt1v25c_ccs     0.756000       1     0.756000
ND2D0BWP30P140     tcbn28hpcplusbwp30p140tt1v25c_ccs     0.378000       1     0.378000
ND2D0BWP40P140EHVT tcbn28hpcplusbwp40p140ehvttt1v25c_ccs     0.378000      23     8.694000
ND2OPTIBD1BWP30P140HVT tcbn28hpcplusbwp30p140hvttt1v25c_ccs     0.378000       9     3.402000
NR2D0BWP30P140HVT  tcbn28hpcplusbwp30p140hvttt1v25c_ccs     0.378000       1     0.378000
NR2D0BWP40P140EHVT tcbn28hpcplusbwp40p140ehvttt1v25c_ccs     0.378000      16     6.048000
NR2D1BWP30P140     tcbn28hpcplusbwp30p140tt1v25c_ccs     0.378000       1     0.378000
NR2OPTIBD1BWP30P140HVT tcbn28hpcplusbwp30p140hvttt1v25c_ccs     0.378000       5     1.890000
NR2OPTIBD1BWP40P140EHVT tcbn28hpcplusbwp40p140ehvttt1v25c_ccs     0.378000       1     0.378000
NR3D0BWP40P140EHVT tcbn28hpcplusbwp40p140ehvttt1v25c_ccs     0.504000       3     1.512000
NR4D0BWP40P140EHVT tcbn28hpcplusbwp40p140ehvttt1v25c_ccs     0.630000       1     0.630000
OA21D0BWP40P140EHVT tcbn28hpcplusbwp40p140ehvttt1v25c_ccs     0.630000       1     0.630000
OA22D1BWP30P140HVT tcbn28hpcplusbwp30p140hvttt1v25c_ccs     0.882000       1     0.882000
OAI21D0BWP40P140EHVT tcbn28hpcplusbwp40p140ehvttt1v25c_ccs     0.504000       3     1.512000
OAI21D0P7BWP40P140EHVT tcbn28hpcplusbwp40p140ehvttt1v25c_ccs     0.504000       1     0.504000
OAI21D1BWP30P140HVT tcbn28hpcplusbwp30p140hvttt1v25c_ccs     0.504000       4     2.016000
OAI22D0BWP30P140HVT tcbn28hpcplusbwp30p140hvttt1v25c_ccs     0.630000       1     0.630000
OAI22D0BWP40P140EHVT tcbn28hpcplusbwp40p140ehvttt1v25c_ccs     0.630000       5     3.150000
OAI222D0BWP30P140HVT tcbn28hpcplusbwp30p140hvttt1v25c_ccs     1.008000       1     1.008000
OAI222D0BWP40P140EHVT tcbn28hpcplusbwp40p140ehvttt1v25c_ccs     1.008000       1     1.008000
OR2D0BWP40P140EHVT tcbn28hpcplusbwp40p140ehvttt1v25c_ccs     0.504000       3     1.512000
OR2D1BWP30P140HVT  tcbn28hpcplusbwp30p140hvttt1v25c_ccs     0.504000       1     0.504000
OR2D1BWP40P140EHVT tcbn28hpcplusbwp40p140ehvttt1v25c_ccs     0.504000       1     0.504000
XNR2UD0BWP30P140HVT tcbn28hpcplusbwp30p140hvttt1v25c_ccs     0.882000       1     0.882000
XNR2UD0BWP40P140EHVT tcbn28hpcplusbwp40p140ehvttt1v25c_ccs     0.882000       4     3.528000
XNR2UD1BWP30P140HVT tcbn28hpcplusbwp30p140hvttt1v25c_ccs     0.882000       3     2.646000
XNR2UD1BWP40P140EHVT tcbn28hpcplusbwp40p140ehvttt1v25c_ccs     0.882000       2     1.764000
XOR2UD0BWP40P140EHVT tcbn28hpcplusbwp40p140ehvttt1v25c_ccs     0.882000       2     1.764000
XOR2UD1BWP30P140HVT tcbn28hpcplusbwp30p140hvttt1v25c_ccs     0.882000       2     1.764000
-----------------------------------------------------------------------------
Total 63 references                                    92.736000

****************************************
Design: requant_rne_ACC_W15_DATA_WIDTH8_SHW4_10 
****************************************
Reference          Library       Unit Area   Count    Total Area   Attributes
-----------------------------------------------------------------------------
AN2D0BWP40P140EHVT tcbn28hpcplusbwp40p140ehvttt1v25c_ccs     0.504000       3     1.512000
AN2D1BWP30P140HVT  tcbn28hpcplusbwp30p140hvttt1v25c_ccs     0.504000       1     0.504000
AO21D0BWP40P140EHVT tcbn28hpcplusbwp40p140ehvttt1v25c_ccs     0.630000       1     0.630000
AO21D1BWP30P140HVT tcbn28hpcplusbwp30p140hvttt1v25c_ccs     0.630000       1     0.630000
AOI21D0BWP40P140EHVT tcbn28hpcplusbwp40p140ehvttt1v25c_ccs     0.504000       2     1.008000
AOI21D0P7BWP40P140EHVT tcbn28hpcplusbwp40p140ehvttt1v25c_ccs     0.504000       3     1.512000
AOI22D0BWP40P140EHVT tcbn28hpcplusbwp40p140ehvttt1v25c_ccs     0.630000      13     8.190000
AOI22D0P7BWP40P140EHVT tcbn28hpcplusbwp40p140ehvttt1v25c_ccs     0.630000       1     0.630000
AOI22D1BWP30P140HVT tcbn28hpcplusbwp30p140hvttt1v25c_ccs     0.630000       1     0.630000
AOI22D1BWP40P140EHVT tcbn28hpcplusbwp40p140ehvttt1v25c_ccs     0.630000       1     0.630000
AOI222D0BWP40P140EHVT tcbn28hpcplusbwp40p140ehvttt1v25c_ccs     1.008000       1     1.008000
CKND2D1BWP40P140EHVT tcbn28hpcplusbwp40p140ehvttt1v25c_ccs     0.378000       3     1.134000
FA1D1BWP30P140LVT  tcbn28hpcplusbwp30p140lvttt1v25c_ccs     2.142000       1     2.142000 r
IND2D0BWP30P140HVT tcbn28hpcplusbwp30p140hvttt1v25c_ccs     0.504000       1     0.504000
INR2D0BWP40P140EHVT tcbn28hpcplusbwp40p140ehvttt1v25c_ccs     0.504000       6     3.024000
INR2D1BWP30P140    tcbn28hpcplusbwp30p140tt1v25c_ccs     0.504000       1     0.504000
INR2D1BWP30P140HVT tcbn28hpcplusbwp30p140hvttt1v25c_ccs     0.504000       2     1.008000
INR2D1BWP30P140LVT tcbn28hpcplusbwp30p140lvttt1v25c_ccs     0.504000       2     1.008000
INR4D0BWP30P140HVT tcbn28hpcplusbwp30p140hvttt1v25c_ccs     0.756000       1     0.756000
INVD0BWP40P140EHVT tcbn28hpcplusbwp40p140ehvttt1v25c_ccs     0.252000      28     7.056000
INVD0P7BWP30P140HVT tcbn28hpcplusbwp30p140hvttt1v25c_ccs     0.252000       2     0.504000
INVD0P7BWP40P140EHVT tcbn28hpcplusbwp40p140ehvttt1v25c_ccs     0.252000       3     0.756000
INVD1BWP30P140HVT  tcbn28hpcplusbwp30p140hvttt1v25c_ccs     0.252000       4     1.008000
INVD1BWP40P140EHVT tcbn28hpcplusbwp40p140ehvttt1v25c_ccs     0.252000       2     0.504000
IOA21D0BWP40P140EHVT tcbn28hpcplusbwp40p140ehvttt1v25c_ccs     0.630000       1     0.630000
MAOI22D0BWP40P140EHVT tcbn28hpcplusbwp40p140ehvttt1v25c_ccs     0.756000       1     0.756000
MAOI22D1BWP40P140EHVT tcbn28hpcplusbwp40p140ehvttt1v25c_ccs     0.756000       1     0.756000
MAOI222D0BWP40P140EHVT tcbn28hpcplusbwp40p140ehvttt1v25c_ccs     0.756000       1     0.756000
MOAI22D0BWP40P140EHVT tcbn28hpcplusbwp40p140ehvttt1v25c_ccs     0.756000       3     2.268000
MOAI22D1BWP40P140EHVT tcbn28hpcplusbwp40p140ehvttt1v25c_ccs     0.756000       2     1.512000
MUX2NUD1BWP30P140HVT tcbn28hpcplusbwp30p140hvttt1v25c_ccs     0.756000       1     0.756000
MUX2NUD1BWP40P140EHVT tcbn28hpcplusbwp40p140ehvttt1v25c_ccs     0.756000       1     0.756000
ND2D0BWP40P140EHVT tcbn28hpcplusbwp40p140ehvttt1v25c_ccs     0.378000      25     9.450000
ND2D0P7BWP40P140EHVT tcbn28hpcplusbwp40p140ehvttt1v25c_ccs     0.378000       2     0.756000
ND2D1BWP30P140HVT  tcbn28hpcplusbwp30p140hvttt1v25c_ccs     0.378000       1     0.378000
ND2OPTIBD1BWP30P140HVT tcbn28hpcplusbwp30p140hvttt1v25c_ccs     0.378000       3     1.134000
NR2D0BWP40P140EHVT tcbn28hpcplusbwp40p140ehvttt1v25c_ccs     0.378000      11     4.158000
NR2D0P7BWP40P140EHVT tcbn28hpcplusbwp40p140ehvttt1v25c_ccs     0.378000       1     0.378000
NR2D1BWP30P140     tcbn28hpcplusbwp30p140tt1v25c_ccs     0.378000       1     0.378000
NR2OPTIBD1BWP30P140HVT tcbn28hpcplusbwp30p140hvttt1v25c_ccs     0.378000       5     1.890000
NR2OPTIBD1BWP40P140EHVT tcbn28hpcplusbwp40p140ehvttt1v25c_ccs     0.378000       5     1.890000
NR3D0BWP30P140HVT  tcbn28hpcplusbwp30p140hvttt1v25c_ccs     0.504000       1     0.504000
NR3D0BWP40P140EHVT tcbn28hpcplusbwp40p140ehvttt1v25c_ccs     0.504000       2     1.008000
NR4D0BWP30P140HVT  tcbn28hpcplusbwp30p140hvttt1v25c_ccs     0.630000       1     0.630000
OA21D0BWP40P140EHVT tcbn28hpcplusbwp40p140ehvttt1v25c_ccs     0.630000       1     0.630000
OA22D0BWP40P140EHVT tcbn28hpcplusbwp40p140ehvttt1v25c_ccs     0.882000       1     0.882000
OAI21D0BWP40P140EHVT tcbn28hpcplusbwp40p140ehvttt1v25c_ccs     0.504000       5     2.520000
OAI21D0P7BWP40P140EHVT tcbn28hpcplusbwp40p140ehvttt1v25c_ccs     0.504000       3     1.512000
OAI21D1BWP30P140HVT tcbn28hpcplusbwp30p140hvttt1v25c_ccs     0.504000       1     0.504000
OAI22D0BWP40P140EHVT tcbn28hpcplusbwp40p140ehvttt1v25c_ccs     0.630000       5     3.150000
OAI22D1BWP40P140EHVT tcbn28hpcplusbwp40p140ehvttt1v25c_ccs     0.630000       1     0.630000
OAI222D1BWP30P140HVT tcbn28hpcplusbwp30p140hvttt1v25c_ccs     1.008000       2     2.016000
OR2D0BWP40P140EHVT tcbn28hpcplusbwp40p140ehvttt1v25c_ccs     0.504000       5     2.520000
OR2D1BWP40P140EHVT tcbn28hpcplusbwp40p140ehvttt1v25c_ccs     0.504000       2     1.008000
XNR2UD0BWP40P140EHVT tcbn28hpcplusbwp40p140ehvttt1v25c_ccs     0.882000       6     5.292000
XNR2UD1BWP40P140EHVT tcbn28hpcplusbwp40p140ehvttt1v25c_ccs     0.882000       4     3.528000
XOR2UD0BWP40P140EHVT tcbn28hpcplusbwp40p140ehvttt1v25c_ccs     0.882000       3     2.646000
-----------------------------------------------------------------------------
Total 57 references                                    94.374000

****************************************
Design: requant_rne_ACC_W15_DATA_WIDTH8_SHW4_11 
****************************************
Reference          Library       Unit Area   Count    Total Area   Attributes
-----------------------------------------------------------------------------
AN2D0BWP40P140EHVT tcbn28hpcplusbwp40p140ehvttt1v25c_ccs     0.504000       2     1.008000
AN2D1BWP30P140HVT  tcbn28hpcplusbwp30p140hvttt1v25c_ccs     0.504000       2     1.008000
AO21D0BWP40P140EHVT tcbn28hpcplusbwp40p140ehvttt1v25c_ccs     0.630000       1     0.630000
AO21D1BWP30P140HVT tcbn28hpcplusbwp30p140hvttt1v25c_ccs     0.630000       1     0.630000
AOI21D0BWP40P140EHVT tcbn28hpcplusbwp40p140ehvttt1v25c_ccs     0.504000       1     0.504000
AOI21D0P7BWP40P140EHVT tcbn28hpcplusbwp40p140ehvttt1v25c_ccs     0.504000       1     0.504000
AOI21D1BWP40P140EHVT tcbn28hpcplusbwp40p140ehvttt1v25c_ccs     0.504000       3     1.512000
AOI22D0BWP30P140   tcbn28hpcplusbwp30p140tt1v25c_ccs     0.630000       1     0.630000
AOI22D0BWP40P140EHVT tcbn28hpcplusbwp40p140ehvttt1v25c_ccs     0.630000       9     5.670000
AOI22D0P7BWP40P140EHVT tcbn28hpcplusbwp40p140ehvttt1v25c_ccs     0.630000       3     1.890000
AOI22D1BWP40P140EHVT tcbn28hpcplusbwp40p140ehvttt1v25c_ccs     0.630000       2     1.260000
AOI222D1BWP40P140EHVT tcbn28hpcplusbwp40p140ehvttt1v25c_ccs     1.008000       1     1.008000
CKAN2D0BWP40P140EHVT tcbn28hpcplusbwp40p140ehvttt1v25c_ccs     0.504000       2     1.008000
CKND2D1BWP40P140EHVT tcbn28hpcplusbwp40p140ehvttt1v25c_ccs     0.378000       7     2.646000
IND2D0BWP30P140HVT tcbn28hpcplusbwp30p140hvttt1v25c_ccs     0.504000       1     0.504000
INR2D0BWP40P140EHVT tcbn28hpcplusbwp40p140ehvttt1v25c_ccs     0.504000       6     3.024000
INR2D1BWP30P140    tcbn28hpcplusbwp30p140tt1v25c_ccs     0.504000       1     0.504000
INR2D1BWP30P140HVT tcbn28hpcplusbwp30p140hvttt1v25c_ccs     0.504000       2     1.008000
INR2D1BWP30P140LVT tcbn28hpcplusbwp30p140lvttt1v25c_ccs     0.504000       2     1.008000
INR4D0BWP30P140HVT tcbn28hpcplusbwp30p140hvttt1v25c_ccs     0.756000       1     0.756000
INVD0BWP40P140EHVT tcbn28hpcplusbwp40p140ehvttt1v25c_ccs     0.252000      31     7.812000
INVD0P7BWP30P140HVT tcbn28hpcplusbwp30p140hvttt1v25c_ccs     0.252000       1     0.252000
INVD1BWP30P140     tcbn28hpcplusbwp30p140tt1v25c_ccs     0.252000       2     0.504000
INVD1BWP30P140HVT  tcbn28hpcplusbwp30p140hvttt1v25c_ccs     0.252000       4     1.008000
INVD1BWP40P140EHVT tcbn28hpcplusbwp40p140ehvttt1v25c_ccs     0.252000       3     0.756000
IOA21D1BWP40P140EHVT tcbn28hpcplusbwp40p140ehvttt1v25c_ccs     0.630000       1     0.630000
MAOI22D0BWP40P140EHVT tcbn28hpcplusbwp40p140ehvttt1v25c_ccs     0.756000       1     0.756000
MAOI22D1BWP40P140EHVT tcbn28hpcplusbwp40p140ehvttt1v25c_ccs     0.756000       1     0.756000
MAOI222D0BWP40P140EHVT tcbn28hpcplusbwp40p140ehvttt1v25c_ccs     0.756000       1     0.756000
MOAI22D0BWP30P140HVT tcbn28hpcplusbwp30p140hvttt1v25c_ccs     0.756000       1     0.756000
MOAI22D0BWP40P140EHVT tcbn28hpcplusbwp40p140ehvttt1v25c_ccs     0.756000       2     1.512000
MOAI22D1BWP40P140EHVT tcbn28hpcplusbwp40p140ehvttt1v25c_ccs     0.756000       2     1.512000
MUX2NUD1BWP30P140  tcbn28hpcplusbwp30p140tt1v25c_ccs     0.756000       1     0.756000
MUX2NUD1BWP40P140EHVT tcbn28hpcplusbwp40p140ehvttt1v25c_ccs     0.756000       1     0.756000
ND2D0BWP30P140HVT  tcbn28hpcplusbwp30p140hvttt1v25c_ccs     0.378000       1     0.378000
ND2D0BWP40P140EHVT tcbn28hpcplusbwp40p140ehvttt1v25c_ccs     0.378000      23     8.694000
ND2D0P7BWP40P140EHVT tcbn28hpcplusbwp40p140ehvttt1v25c_ccs     0.378000       2     0.756000
ND2OPTIBD1BWP30P140HVT tcbn28hpcplusbwp30p140hvttt1v25c_ccs     0.378000       1     0.378000
NR2D0BWP30P140HVT  tcbn28hpcplusbwp30p140hvttt1v25c_ccs     0.378000       1     0.378000
NR2D0BWP40P140EHVT tcbn28hpcplusbwp40p140ehvttt1v25c_ccs     0.378000      11     4.158000
NR2D1BWP30P140     tcbn28hpcplusbwp30p140tt1v25c_ccs     0.378000       1     0.378000
NR2OPTIBD1BWP30P140HVT tcbn28hpcplusbwp30p140hvttt1v25c_ccs     0.378000       3     1.134000
NR2OPTIBD1BWP40P140EHVT tcbn28hpcplusbwp40p140ehvttt1v25c_ccs     0.378000       6     2.268000
NR3D0BWP30P140HVT  tcbn28hpcplusbwp30p140hvttt1v25c_ccs     0.504000       1     0.504000
NR3D0BWP40P140EHVT tcbn28hpcplusbwp40p140ehvttt1v25c_ccs     0.504000       2     1.008000
NR4D0BWP30P140HVT  tcbn28hpcplusbwp30p140hvttt1v25c_ccs     0.630000       1     0.630000
OA21D0BWP40P140EHVT tcbn28hpcplusbwp40p140ehvttt1v25c_ccs     0.630000       1     0.630000
OA22D1BWP30P140HVT tcbn28hpcplusbwp30p140hvttt1v25c_ccs     0.882000       1     0.882000
OAI21D0BWP30P140HVT tcbn28hpcplusbwp30p140hvttt1v25c_ccs     0.504000       3     1.512000
OAI21D0BWP40P140EHVT tcbn28hpcplusbwp40p140ehvttt1v25c_ccs     0.504000       2     1.008000
OAI21D0P7BWP40P140EHVT tcbn28hpcplusbwp40p140ehvttt1v25c_ccs     0.504000       1     0.504000
OAI21D1BWP30P140HVT tcbn28hpcplusbwp30p140hvttt1v25c_ccs     0.504000       1     0.504000
OAI21D1BWP40P140EHVT tcbn28hpcplusbwp40p140ehvttt1v25c_ccs     0.504000       1     0.504000
OAI22D0BWP40P140EHVT tcbn28hpcplusbwp40p140ehvttt1v25c_ccs     0.630000       5     3.150000
OAI22D1BWP40P140EHVT tcbn28hpcplusbwp40p140ehvttt1v25c_ccs     0.630000       1     0.630000
OAI222D1BWP30P140HVT tcbn28hpcplusbwp30p140hvttt1v25c_ccs     1.008000       2     2.016000
OR2D0BWP40P140EHVT tcbn28hpcplusbwp40p140ehvttt1v25c_ccs     0.504000       1     0.504000
OR2D1BWP40P140EHVT tcbn28hpcplusbwp40p140ehvttt1v25c_ccs     0.504000       4     2.016000
XNR2UD0BWP40P140EHVT tcbn28hpcplusbwp40p140ehvttt1v25c_ccs     0.882000       6     5.292000
XNR2UD1BWP40P140EHVT tcbn28hpcplusbwp40p140ehvttt1v25c_ccs     0.882000       4     3.528000
XOR2UD0BWP40P140EHVT tcbn28hpcplusbwp40p140ehvttt1v25c_ccs     0.882000       3     2.646000
XOR2UD1BWP40P140EHVT tcbn28hpcplusbwp40p140ehvttt1v25c_ccs     0.882000       1     0.882000
-----------------------------------------------------------------------------
Total 62 references                                    92.106000

****************************************
Design: requant_rne_ACC_W15_DATA_WIDTH8_SHW4_12 
****************************************
Reference          Library       Unit Area   Count    Total Area   Attributes
-----------------------------------------------------------------------------
AN2D0BWP30P140HVT  tcbn28hpcplusbwp30p140hvttt1v25c_ccs     0.504000       1     0.504000
AN2D0BWP40P140EHVT tcbn28hpcplusbwp40p140ehvttt1v25c_ccs     0.504000       2     1.008000
AN2D1BWP30P140HVT  tcbn28hpcplusbwp30p140hvttt1v25c_ccs     0.504000       1     0.504000
AO21D0BWP30P140HVT tcbn28hpcplusbwp30p140hvttt1v25c_ccs     0.630000       1     0.630000
AO21D0BWP40P140EHVT tcbn28hpcplusbwp40p140ehvttt1v25c_ccs     0.630000       1     0.630000
AOI21D0P7BWP40P140EHVT tcbn28hpcplusbwp40p140ehvttt1v25c_ccs     0.504000       2     1.008000
AOI21D1BWP30P140HVT tcbn28hpcplusbwp30p140hvttt1v25c_ccs     0.504000       2     1.008000
AOI21D1BWP40P140EHVT tcbn28hpcplusbwp40p140ehvttt1v25c_ccs     0.504000       1     0.504000
AOI22D0BWP40P140EHVT tcbn28hpcplusbwp40p140ehvttt1v25c_ccs     0.630000       9     5.670000
AOI22D0P7BWP40P140EHVT tcbn28hpcplusbwp40p140ehvttt1v25c_ccs     0.630000       4     2.520000
AOI22D1BWP30P140HVT tcbn28hpcplusbwp30p140hvttt1v25c_ccs     0.630000       2     1.260000
AOI22D1BWP40P140EHVT tcbn28hpcplusbwp40p140ehvttt1v25c_ccs     0.630000       1     0.630000
AOI222D1BWP30P140HVT tcbn28hpcplusbwp30p140hvttt1v25c_ccs     1.008000       1     1.008000
CKND2D1BWP40P140EHVT tcbn28hpcplusbwp40p140ehvttt1v25c_ccs     0.378000       4     1.512000
FA1D0BWP30P140HVT  tcbn28hpcplusbwp30p140hvttt1v25c_ccs     2.142000       2     4.284000 r
FA1D1BWP30P140LVT  tcbn28hpcplusbwp30p140lvttt1v25c_ccs     2.142000       1     2.142000 r
IND2D1BWP40P140EHVT tcbn28hpcplusbwp40p140ehvttt1v25c_ccs     0.504000       1     0.504000
INR2D0BWP40P140EHVT tcbn28hpcplusbwp40p140ehvttt1v25c_ccs     0.504000       6     3.024000
INR2D1BWP30P140    tcbn28hpcplusbwp30p140tt1v25c_ccs     0.504000       1     0.504000
INR2D1BWP30P140HVT tcbn28hpcplusbwp30p140hvttt1v25c_ccs     0.504000       3     1.512000
INR2D1BWP30P140LVT tcbn28hpcplusbwp30p140lvttt1v25c_ccs     0.504000       1     0.504000
INR4D0BWP30P140    tcbn28hpcplusbwp30p140tt1v25c_ccs     0.756000       1     0.756000
INVD0BWP30P140HVT  tcbn28hpcplusbwp30p140hvttt1v25c_ccs     0.252000       1     0.252000
INVD0BWP40P140EHVT tcbn28hpcplusbwp40p140ehvttt1v25c_ccs     0.252000      33     8.316000
INVD0P7BWP40P140EHVT tcbn28hpcplusbwp40p140ehvttt1v25c_ccs     0.252000       2     0.504000
INVD1BWP30P140     tcbn28hpcplusbwp30p140tt1v25c_ccs     0.252000       1     0.252000
INVD1BWP30P140HVT  tcbn28hpcplusbwp30p140hvttt1v25c_ccs     0.252000       5     1.260000
IOA21D1BWP40P140EHVT tcbn28hpcplusbwp40p140ehvttt1v25c_ccs     0.630000       1     0.630000
MAOI22D1BWP40P140EHVT tcbn28hpcplusbwp40p140ehvttt1v25c_ccs     0.756000       2     1.512000
MAOI222D1BWP40P140EHVT tcbn28hpcplusbwp40p140ehvttt1v25c_ccs     0.756000       1     0.756000
MOAI22D0BWP30P140HVT tcbn28hpcplusbwp30p140hvttt1v25c_ccs     0.756000       1     0.756000
MOAI22D0BWP40P140EHVT tcbn28hpcplusbwp40p140ehvttt1v25c_ccs     0.756000       2     1.512000
MOAI22D1BWP30P140HVT tcbn28hpcplusbwp30p140hvttt1v25c_ccs     0.756000       2     1.512000
MOAI22D1BWP40P140EHVT tcbn28hpcplusbwp40p140ehvttt1v25c_ccs     0.756000       1     0.756000
MUX2ND0BWP40P140EHVT tcbn28hpcplusbwp40p140ehvttt1v25c_ccs     0.756000       1     0.756000
MUX2NUD1BWP30P140HVT tcbn28hpcplusbwp30p140hvttt1v25c_ccs     0.756000       1     0.756000
ND2D0BWP30P140HVT  tcbn28hpcplusbwp30p140hvttt1v25c_ccs     0.378000       2     0.756000
ND2D0BWP40P140EHVT tcbn28hpcplusbwp40p140ehvttt1v25c_ccs     0.378000      23     8.694000
ND2D0P7BWP40P140EHVT tcbn28hpcplusbwp40p140ehvttt1v25c_ccs     0.378000       2     0.756000
ND2D1BWP30P140HVT  tcbn28hpcplusbwp30p140hvttt1v25c_ccs     0.378000       1     0.378000
ND2OPTIBD1BWP30P140HVT tcbn28hpcplusbwp30p140hvttt1v25c_ccs     0.378000       4     1.512000
NR2D0BWP30P140HVT  tcbn28hpcplusbwp30p140hvttt1v25c_ccs     0.378000       3     1.134000
NR2D0BWP40P140EHVT tcbn28hpcplusbwp40p140ehvttt1v25c_ccs     0.378000      11     4.158000
NR2D0P7BWP40P140EHVT tcbn28hpcplusbwp40p140ehvttt1v25c_ccs     0.378000       2     0.756000
NR2D1BWP30P140     tcbn28hpcplusbwp30p140tt1v25c_ccs     0.378000       1     0.378000
NR2D1BWP30P140LVT  tcbn28hpcplusbwp30p140lvttt1v25c_ccs     0.378000       1     0.378000
NR2OPTIBD1BWP30P140HVT tcbn28hpcplusbwp30p140hvttt1v25c_ccs     0.378000       3     1.134000
NR2OPTIBD1BWP40P140EHVT tcbn28hpcplusbwp40p140ehvttt1v25c_ccs     0.378000       3     1.134000
NR3D0BWP40P140EHVT tcbn28hpcplusbwp40p140ehvttt1v25c_ccs     0.504000       3     1.512000
NR4D0BWP40P140EHVT tcbn28hpcplusbwp40p140ehvttt1v25c_ccs     0.630000       1     0.630000
OA21D0BWP40P140EHVT tcbn28hpcplusbwp40p140ehvttt1v25c_ccs     0.630000       3     1.890000
OA22D0BWP40P140EHVT tcbn28hpcplusbwp40p140ehvttt1v25c_ccs     0.882000       1     0.882000
OAI21D0BWP40P140EHVT tcbn28hpcplusbwp40p140ehvttt1v25c_ccs     0.504000       6     3.024000
OAI21D0P7BWP40P140EHVT tcbn28hpcplusbwp40p140ehvttt1v25c_ccs     0.504000       2     1.008000
OAI21D1BWP30P140HVT tcbn28hpcplusbwp30p140hvttt1v25c_ccs     0.504000       1     0.504000
OAI22D0BWP30P140HVT tcbn28hpcplusbwp30p140hvttt1v25c_ccs     0.630000       3     1.890000
OAI22D0BWP40P140EHVT tcbn28hpcplusbwp40p140ehvttt1v25c_ccs     0.630000       1     0.630000
OAI22D0P7BWP30P140HVT tcbn28hpcplusbwp30p140hvttt1v25c_ccs     0.630000       1     0.630000
OAI22D1BWP30P140HVT tcbn28hpcplusbwp30p140hvttt1v25c_ccs     0.630000       2     1.260000
OAI222D0BWP40P140EHVT tcbn28hpcplusbwp40p140ehvttt1v25c_ccs     1.008000       1     1.008000
OAI222D1BWP30P140HVT tcbn28hpcplusbwp30p140hvttt1v25c_ccs     1.008000       1     1.008000
OR2D0BWP40P140EHVT tcbn28hpcplusbwp40p140ehvttt1v25c_ccs     0.504000       6     3.024000
OR2D1BWP30P140HVT  tcbn28hpcplusbwp30p140hvttt1v25c_ccs     0.504000       3     1.512000
OR2D1BWP40P140EHVT tcbn28hpcplusbwp40p140ehvttt1v25c_ccs     0.504000       1     0.504000
XNR2UD0BWP30P140HVT tcbn28hpcplusbwp30p140hvttt1v25c_ccs     0.882000       1     0.882000
XNR2UD0BWP40P140EHVT tcbn28hpcplusbwp40p140ehvttt1v25c_ccs     0.882000       5     4.410000
XNR2UD1BWP30P140HVT tcbn28hpcplusbwp30p140hvttt1v25c_ccs     0.882000       1     0.882000
XNR2UD1BWP40P140EHVT tcbn28hpcplusbwp40p140ehvttt1v25c_ccs     0.882000       3     2.646000
XOR2UD0BWP40P140EHVT tcbn28hpcplusbwp40p140ehvttt1v25c_ccs     0.882000       2     1.764000
XOR2UD1BWP30P140HVT tcbn28hpcplusbwp30p140hvttt1v25c_ccs     0.882000       2     1.764000
-----------------------------------------------------------------------------
Total 70 references                                   105.588000

****************************************
Design: requant_rne_ACC_W15_DATA_WIDTH8_SHW4_13 
****************************************
Reference          Library       Unit Area   Count    Total Area   Attributes
-----------------------------------------------------------------------------
AN2D0BWP30P140HVT  tcbn28hpcplusbwp30p140hvttt1v25c_ccs     0.504000       1     0.504000
AN2D0BWP40P140EHVT tcbn28hpcplusbwp40p140ehvttt1v25c_ccs     0.504000       2     1.008000
AN2D1BWP30P140HVT  tcbn28hpcplusbwp30p140hvttt1v25c_ccs     0.504000       1     0.504000
AO21D0BWP40P140EHVT tcbn28hpcplusbwp40p140ehvttt1v25c_ccs     0.630000       2     1.260000
AOI21D0P7BWP40P140EHVT tcbn28hpcplusbwp40p140ehvttt1v25c_ccs     0.504000       3     1.512000
AOI21D1BWP30P140HVT tcbn28hpcplusbwp30p140hvttt1v25c_ccs     0.504000       2     1.008000
AOI22D0BWP40P140EHVT tcbn28hpcplusbwp40p140ehvttt1v25c_ccs     0.630000       4     2.520000
AOI22D0P7BWP40P140EHVT tcbn28hpcplusbwp40p140ehvttt1v25c_ccs     0.630000       3     1.890000
AOI22D1BWP30P140HVT tcbn28hpcplusbwp30p140hvttt1v25c_ccs     0.630000       6     3.780000
AOI22D1BWP40P140EHVT tcbn28hpcplusbwp40p140ehvttt1v25c_ccs     0.630000       3     1.890000
AOI222D1BWP30P140HVT tcbn28hpcplusbwp30p140hvttt1v25c_ccs     1.008000       1     1.008000
CKND2D1BWP40P140EHVT tcbn28hpcplusbwp40p140ehvttt1v25c_ccs     0.378000       4     1.512000
FA1D0BWP30P140HVT  tcbn28hpcplusbwp30p140hvttt1v25c_ccs     2.142000       2     4.284000 r
FA1D1BWP30P140LVT  tcbn28hpcplusbwp30p140lvttt1v25c_ccs     2.142000       1     2.142000 r
IND2D1BWP40P140EHVT tcbn28hpcplusbwp40p140ehvttt1v25c_ccs     0.504000       1     0.504000
INR2D0BWP40P140EHVT tcbn28hpcplusbwp40p140ehvttt1v25c_ccs     0.504000       6     3.024000
INR2D1BWP30P140    tcbn28hpcplusbwp30p140tt1v25c_ccs     0.504000       1     0.504000
INR2D1BWP30P140HVT tcbn28hpcplusbwp30p140hvttt1v25c_ccs     0.504000       3     1.512000
INR2D1BWP30P140LVT tcbn28hpcplusbwp30p140lvttt1v25c_ccs     0.504000       1     0.504000
INR4D0BWP30P140    tcbn28hpcplusbwp30p140tt1v25c_ccs     0.756000       1     0.756000
INVD0BWP40P140EHVT tcbn28hpcplusbwp40p140ehvttt1v25c_ccs     0.252000      31     7.812000
INVD0P7BWP40P140EHVT tcbn28hpcplusbwp40p140ehvttt1v25c_ccs     0.252000       1     0.252000
INVD1BWP30P140     tcbn28hpcplusbwp30p140tt1v25c_ccs     0.252000       1     0.252000
INVD1BWP30P140HVT  tcbn28hpcplusbwp30p140hvttt1v25c_ccs     0.252000       7     1.764000
INVD1BWP40P140EHVT tcbn28hpcplusbwp40p140ehvttt1v25c_ccs     0.252000       2     0.504000
IOA21D1BWP40P140EHVT tcbn28hpcplusbwp40p140ehvttt1v25c_ccs     0.630000       1     0.630000
MAOI22D1BWP40P140EHVT tcbn28hpcplusbwp40p140ehvttt1v25c_ccs     0.756000       2     1.512000
MAOI222D1BWP40P140EHVT tcbn28hpcplusbwp40p140ehvttt1v25c_ccs     0.756000       1     0.756000
MOAI22D0BWP30P140HVT tcbn28hpcplusbwp30p140hvttt1v25c_ccs     0.756000       1     0.756000
MOAI22D0BWP40P140EHVT tcbn28hpcplusbwp40p140ehvttt1v25c_ccs     0.756000       3     2.268000
MOAI22D1BWP30P140HVT tcbn28hpcplusbwp30p140hvttt1v25c_ccs     0.756000       2     1.512000
MUX2ND0BWP40P140EHVT tcbn28hpcplusbwp40p140ehvttt1v25c_ccs     0.756000       1     0.756000
MUX2NUD1BWP30P140HVT tcbn28hpcplusbwp30p140hvttt1v25c_ccs     0.756000       1     0.756000
ND2D0BWP30P140HVT  tcbn28hpcplusbwp30p140hvttt1v25c_ccs     0.378000       1     0.378000
ND2D0BWP40P140EHVT tcbn28hpcplusbwp40p140ehvttt1v25c_ccs     0.378000      24     9.072000
ND2D1BWP30P140HVT  tcbn28hpcplusbwp30p140hvttt1v25c_ccs     0.378000       2     0.756000
ND2OPTIBD1BWP30P140HVT tcbn28hpcplusbwp30p140hvttt1v25c_ccs     0.378000       5     1.890000
NR2D0BWP30P140HVT  tcbn28hpcplusbwp30p140hvttt1v25c_ccs     0.378000       3     1.134000
NR2D0BWP40P140EHVT tcbn28hpcplusbwp40p140ehvttt1v25c_ccs     0.378000      10     3.780000
NR2D0P7BWP40P140EHVT tcbn28hpcplusbwp40p140ehvttt1v25c_ccs     0.378000       2     0.756000
NR2D1BWP30P140     tcbn28hpcplusbwp30p140tt1v25c_ccs     0.378000       1     0.378000
NR2D1BWP30P140LVT  tcbn28hpcplusbwp30p140lvttt1v25c_ccs     0.378000       1     0.378000
NR2D1BWP40P140EHVT tcbn28hpcplusbwp40p140ehvttt1v25c_ccs     0.378000       1     0.378000
NR2OPTIBD1BWP30P140HVT tcbn28hpcplusbwp30p140hvttt1v25c_ccs     0.378000       3     1.134000
NR2OPTIBD1BWP40P140EHVT tcbn28hpcplusbwp40p140ehvttt1v25c_ccs     0.378000       3     1.134000
NR3D0BWP40P140EHVT tcbn28hpcplusbwp40p140ehvttt1v25c_ccs     0.504000       3     1.512000
NR4D0BWP40P140EHVT tcbn28hpcplusbwp40p140ehvttt1v25c_ccs     0.630000       1     0.630000
OA21D0BWP40P140EHVT tcbn28hpcplusbwp40p140ehvttt1v25c_ccs     0.630000       3     1.890000
OA22D0BWP40P140EHVT tcbn28hpcplusbwp40p140ehvttt1v25c_ccs     0.882000       1     0.882000
OAI21D0BWP40P140EHVT tcbn28hpcplusbwp40p140ehvttt1v25c_ccs     0.504000       6     3.024000
OAI21D0P7BWP30P140HVT tcbn28hpcplusbwp30p140hvttt1v25c_ccs     0.504000       1     0.504000
OAI21D0P7BWP40P140EHVT tcbn28hpcplusbwp40p140ehvttt1v25c_ccs     0.504000       2     1.008000
OAI22D0BWP30P140HVT tcbn28hpcplusbwp30p140hvttt1v25c_ccs     0.630000       3     1.890000
OAI22D0BWP40P140EHVT tcbn28hpcplusbwp40p140ehvttt1v25c_ccs     0.630000       2     1.260000
OAI22D1BWP30P140HVT tcbn28hpcplusbwp30p140hvttt1v25c_ccs     0.630000       2     1.260000
OAI222D0BWP30P140HVT tcbn28hpcplusbwp30p140hvttt1v25c_ccs     1.008000       1     1.008000
OAI222D0BWP40P140EHVT tcbn28hpcplusbwp40p140ehvttt1v25c_ccs     1.008000       1     1.008000
OR2D0BWP40P140EHVT tcbn28hpcplusbwp40p140ehvttt1v25c_ccs     0.504000       6     3.024000
OR2D1BWP30P140HVT  tcbn28hpcplusbwp30p140hvttt1v25c_ccs     0.504000       3     1.512000
OR2D1BWP40P140EHVT tcbn28hpcplusbwp40p140ehvttt1v25c_ccs     0.504000       1     0.504000
XNR2UD0BWP30P140HVT tcbn28hpcplusbwp30p140hvttt1v25c_ccs     0.882000       1     0.882000
XNR2UD0BWP40P140EHVT tcbn28hpcplusbwp40p140ehvttt1v25c_ccs     0.882000       5     4.410000
XNR2UD1BWP30P140HVT tcbn28hpcplusbwp30p140hvttt1v25c_ccs     0.882000       2     1.764000
XNR2UD1BWP40P140EHVT tcbn28hpcplusbwp40p140ehvttt1v25c_ccs     0.882000       2     1.764000
XOR2UD0BWP40P140EHVT tcbn28hpcplusbwp40p140ehvttt1v25c_ccs     0.882000       2     1.764000
XOR2UD1BWP30P140HVT tcbn28hpcplusbwp30p140hvttt1v25c_ccs     0.882000       2     1.764000
-----------------------------------------------------------------------------
Total 66 references                                   105.588000

****************************************
Design: requant_rne_ACC_W15_DATA_WIDTH8_SHW4_14 
****************************************
Reference          Library       Unit Area   Count    Total Area   Attributes
-----------------------------------------------------------------------------
AN2D0BWP30P140HVT  tcbn28hpcplusbwp30p140hvttt1v25c_ccs     0.504000       1     0.504000
AN2D0BWP40P140EHVT tcbn28hpcplusbwp40p140ehvttt1v25c_ccs     0.504000       2     1.008000
AN2D1BWP30P140HVT  tcbn28hpcplusbwp30p140hvttt1v25c_ccs     0.504000       1     0.504000
AO21D0BWP30P140HVT tcbn28hpcplusbwp30p140hvttt1v25c_ccs     0.630000       1     0.630000
AO21D0BWP40P140EHVT tcbn28hpcplusbwp40p140ehvttt1v25c_ccs     0.630000       1     0.630000
AOI21D0P7BWP40P140EHVT tcbn28hpcplusbwp40p140ehvttt1v25c_ccs     0.504000       2     1.008000
AOI21D1BWP30P140HVT tcbn28hpcplusbwp30p140hvttt1v25c_ccs     0.504000       2     1.008000
AOI21D1BWP40P140EHVT tcbn28hpcplusbwp40p140ehvttt1v25c_ccs     0.504000       1     0.504000
AOI22D0BWP40P140EHVT tcbn28hpcplusbwp40p140ehvttt1v25c_ccs     0.630000       8     5.040000
AOI22D0P7BWP40P140EHVT tcbn28hpcplusbwp40p140ehvttt1v25c_ccs     0.630000       3     1.890000
AOI22D1BWP30P140HVT tcbn28hpcplusbwp30p140hvttt1v25c_ccs     0.630000       4     2.520000
AOI22D1BWP40P140EHVT tcbn28hpcplusbwp40p140ehvttt1v25c_ccs     0.630000       1     0.630000
AOI222D1BWP30P140HVT tcbn28hpcplusbwp30p140hvttt1v25c_ccs     1.008000       1     1.008000
CKND2D1BWP40P140EHVT tcbn28hpcplusbwp40p140ehvttt1v25c_ccs     0.378000       4     1.512000
FA1D0BWP30P140HVT  tcbn28hpcplusbwp30p140hvttt1v25c_ccs     2.142000       2     4.284000 r
FA1D1BWP30P140LVT  tcbn28hpcplusbwp30p140lvttt1v25c_ccs     2.142000       1     2.142000 r
IND2D1BWP40P140EHVT tcbn28hpcplusbwp40p140ehvttt1v25c_ccs     0.504000       1     0.504000
INR2D0BWP40P140EHVT tcbn28hpcplusbwp40p140ehvttt1v25c_ccs     0.504000       6     3.024000
INR2D1BWP30P140    tcbn28hpcplusbwp30p140tt1v25c_ccs     0.504000       1     0.504000
INR2D1BWP30P140HVT tcbn28hpcplusbwp30p140hvttt1v25c_ccs     0.504000       3     1.512000
INR2D1BWP30P140LVT tcbn28hpcplusbwp30p140lvttt1v25c_ccs     0.504000       1     0.504000
INR4D0BWP30P140    tcbn28hpcplusbwp30p140tt1v25c_ccs     0.756000       1     0.756000
INVD0BWP40P140EHVT tcbn28hpcplusbwp40p140ehvttt1v25c_ccs     0.252000      31     7.812000
INVD0P7BWP40P140EHVT tcbn28hpcplusbwp40p140ehvttt1v25c_ccs     0.252000       1     0.252000
INVD1BWP30P140     tcbn28hpcplusbwp30p140tt1v25c_ccs     0.252000       1     0.252000
INVD1BWP30P140HVT  tcbn28hpcplusbwp30p140hvttt1v25c_ccs     0.252000       6     1.512000
INVD1BWP40P140EHVT tcbn28hpcplusbwp40p140ehvttt1v25c_ccs     0.252000       3     0.756000
IOA21D1BWP40P140EHVT tcbn28hpcplusbwp40p140ehvttt1v25c_ccs     0.630000       1     0.630000
MAOI22D1BWP40P140EHVT tcbn28hpcplusbwp40p140ehvttt1v25c_ccs     0.756000       2     1.512000
MAOI222D1BWP40P140EHVT tcbn28hpcplusbwp40p140ehvttt1v25c_ccs     0.756000       1     0.756000
MOAI22D0BWP30P140HVT tcbn28hpcplusbwp30p140hvttt1v25c_ccs     0.756000       1     0.756000
MOAI22D0BWP40P140EHVT tcbn28hpcplusbwp40p140ehvttt1v25c_ccs     0.756000       2     1.512000
MOAI22D1BWP30P140HVT tcbn28hpcplusbwp30p140hvttt1v25c_ccs     0.756000       2     1.512000
MOAI22D1BWP40P140EHVT tcbn28hpcplusbwp40p140ehvttt1v25c_ccs     0.756000       1     0.756000
MUX2ND0BWP40P140EHVT tcbn28hpcplusbwp40p140ehvttt1v25c_ccs     0.756000       1     0.756000
MUX2NUD1BWP30P140HVT tcbn28hpcplusbwp30p140hvttt1v25c_ccs     0.756000       1     0.756000
ND2D0BWP30P140HVT  tcbn28hpcplusbwp30p140hvttt1v25c_ccs     0.378000       1     0.378000
ND2D0BWP40P140EHVT tcbn28hpcplusbwp40p140ehvttt1v25c_ccs     0.378000      24     9.072000
ND2D0P7BWP40P140EHVT tcbn28hpcplusbwp40p140ehvttt1v25c_ccs     0.378000       1     0.378000
ND2D1BWP30P140HVT  tcbn28hpcplusbwp30p140hvttt1v25c_ccs     0.378000       1     0.378000
ND2OPTIBD1BWP30P140HVT tcbn28hpcplusbwp30p140hvttt1v25c_ccs     0.378000       5     1.890000
NR2D0BWP30P140HVT  tcbn28hpcplusbwp30p140hvttt1v25c_ccs     0.378000       5     1.890000
NR2D0BWP40P140EHVT tcbn28hpcplusbwp40p140ehvttt1v25c_ccs     0.378000      12     4.536000
NR2D0P7BWP40P140EHVT tcbn28hpcplusbwp40p140ehvttt1v25c_ccs     0.378000       1     0.378000
NR2D1BWP30P140     tcbn28hpcplusbwp30p140tt1v25c_ccs     0.378000       1     0.378000
NR2D1BWP30P140LVT  tcbn28hpcplusbwp30p140lvttt1v25c_ccs     0.378000       1     0.378000
NR2OPTIBD1BWP30P140HVT tcbn28hpcplusbwp30p140hvttt1v25c_ccs     0.378000       1     0.378000
NR2OPTIBD1BWP40P140EHVT tcbn28hpcplusbwp40p140ehvttt1v25c_ccs     0.378000       3     1.134000
NR3D0BWP40P140EHVT tcbn28hpcplusbwp40p140ehvttt1v25c_ccs     0.504000       3     1.512000
NR4D0BWP40P140EHVT tcbn28hpcplusbwp40p140ehvttt1v25c_ccs     0.630000       1     0.630000
OA21D0BWP40P140EHVT tcbn28hpcplusbwp40p140ehvttt1v25c_ccs     0.630000       3     1.890000
OA22D0BWP40P140EHVT tcbn28hpcplusbwp40p140ehvttt1v25c_ccs     0.882000       1     0.882000
OAI21D0BWP40P140EHVT tcbn28hpcplusbwp40p140ehvttt1v25c_ccs     0.504000       6     3.024000
OAI21D0P7BWP30P140HVT tcbn28hpcplusbwp30p140hvttt1v25c_ccs     0.504000       1     0.504000
OAI21D0P7BWP40P140EHVT tcbn28hpcplusbwp40p140ehvttt1v25c_ccs     0.504000       2     1.008000
OAI22D0BWP30P140HVT tcbn28hpcplusbwp30p140hvttt1v25c_ccs     0.630000       2     1.260000
OAI22D0BWP40P140EHVT tcbn28hpcplusbwp40p140ehvttt1v25c_ccs     0.630000       1     0.630000
OAI22D1BWP30P140HVT tcbn28hpcplusbwp30p140hvttt1v25c_ccs     0.630000       4     2.520000
OAI222D0BWP30P140HVT tcbn28hpcplusbwp30p140hvttt1v25c_ccs     1.008000       1     1.008000
OAI222D0BWP40P140EHVT tcbn28hpcplusbwp40p140ehvttt1v25c_ccs     1.008000       1     1.008000
OR2D0BWP40P140EHVT tcbn28hpcplusbwp40p140ehvttt1v25c_ccs     0.504000       6     3.024000
OR2D1BWP30P140HVT  tcbn28hpcplusbwp30p140hvttt1v25c_ccs     0.504000       3     1.512000
OR2D1BWP40P140EHVT tcbn28hpcplusbwp40p140ehvttt1v25c_ccs     0.504000       1     0.504000
XNR2UD0BWP30P140HVT tcbn28hpcplusbwp30p140hvttt1v25c_ccs     0.882000       1     0.882000
XNR2UD0BWP40P140EHVT tcbn28hpcplusbwp40p140ehvttt1v25c_ccs     0.882000       5     4.410000
XNR2UD1BWP30P140HVT tcbn28hpcplusbwp30p140hvttt1v25c_ccs     0.882000       1     0.882000
XNR2UD1BWP40P140EHVT tcbn28hpcplusbwp40p140ehvttt1v25c_ccs     0.882000       3     2.646000
XOR2UD0BWP40P140EHVT tcbn28hpcplusbwp40p140ehvttt1v25c_ccs     0.882000       2     1.764000
XOR2UD1BWP30P140HVT tcbn28hpcplusbwp30p140hvttt1v25c_ccs     0.882000       2     1.764000
-----------------------------------------------------------------------------
Total 69 references                                   105.588000

****************************************
Design: requant_rne_ACC_W15_DATA_WIDTH8_SHW4_15 
****************************************
Reference          Library       Unit Area   Count    Total Area   Attributes
-----------------------------------------------------------------------------
AN2D0BWP40P140EHVT tcbn28hpcplusbwp40p140ehvttt1v25c_ccs     0.504000       3     1.512000
AN2D1BWP30P140HVT  tcbn28hpcplusbwp30p140hvttt1v25c_ccs     0.504000       1     0.504000
AO21D1BWP30P140HVT tcbn28hpcplusbwp30p140hvttt1v25c_ccs     0.630000       2     1.260000
AOI21D0BWP40P140EHVT tcbn28hpcplusbwp40p140ehvttt1v25c_ccs     0.504000       1     0.504000
AOI21D1BWP30P140HVT tcbn28hpcplusbwp30p140hvttt1v25c_ccs     0.504000       3     1.512000
AOI21D1BWP40P140EHVT tcbn28hpcplusbwp40p140ehvttt1v25c_ccs     0.504000       1     0.504000
AOI22D0BWP40P140EHVT tcbn28hpcplusbwp40p140ehvttt1v25c_ccs     0.630000       8     5.040000
AOI22D0P7BWP40P140EHVT tcbn28hpcplusbwp40p140ehvttt1v25c_ccs     0.630000       3     1.890000
AOI22D1BWP30P140HVT tcbn28hpcplusbwp30p140hvttt1v25c_ccs     0.630000       2     1.260000
AOI22D1BWP40P140EHVT tcbn28hpcplusbwp40p140ehvttt1v25c_ccs     0.630000       3     1.890000
AOI222D1BWP30P140HVT tcbn28hpcplusbwp30p140hvttt1v25c_ccs     1.008000       1     1.008000
CKND2D1BWP40P140EHVT tcbn28hpcplusbwp40p140ehvttt1v25c_ccs     0.378000       2     0.756000
FA1D1BWP30P140     tcbn28hpcplusbwp30p140tt1v25c_ccs     2.142000       1     2.142000 r
IND2D1BWP40P140EHVT tcbn28hpcplusbwp40p140ehvttt1v25c_ccs     0.504000       1     0.504000
INR2D0BWP40P140EHVT tcbn28hpcplusbwp40p140ehvttt1v25c_ccs     0.504000       6     3.024000
INR2D1BWP30P140HVT tcbn28hpcplusbwp30p140hvttt1v25c_ccs     0.504000       5     2.520000
INR4D0BWP30P140    tcbn28hpcplusbwp30p140tt1v25c_ccs     0.756000       1     0.756000
INVD0BWP40P140EHVT tcbn28hpcplusbwp40p140ehvttt1v25c_ccs     0.252000      30     7.560000
INVD0P7BWP30P140HVT tcbn28hpcplusbwp30p140hvttt1v25c_ccs     0.252000       1     0.252000
INVD0P7BWP40P140EHVT tcbn28hpcplusbwp40p140ehvttt1v25c_ccs     0.252000       1     0.252000
INVD1BWP30P140HVT  tcbn28hpcplusbwp30p140hvttt1v25c_ccs     0.252000       5     1.260000
INVD1BWP40P140EHVT tcbn28hpcplusbwp40p140ehvttt1v25c_ccs     0.252000       3     0.756000
IOA21D0BWP40P140EHVT tcbn28hpcplusbwp40p140ehvttt1v25c_ccs     0.630000       1     0.630000
MAOI22D0BWP40P140EHVT tcbn28hpcplusbwp40p140ehvttt1v25c_ccs     0.756000       1     0.756000
MAOI22D1BWP40P140EHVT tcbn28hpcplusbwp40p140ehvttt1v25c_ccs     0.756000       1     0.756000
MAOI222D1BWP40P140EHVT tcbn28hpcplusbwp40p140ehvttt1v25c_ccs     0.756000       1     0.756000
MOAI22D0BWP40P140EHVT tcbn28hpcplusbwp40p140ehvttt1v25c_ccs     0.756000       4     3.024000
MOAI22D1BWP40P140EHVT tcbn28hpcplusbwp40p140ehvttt1v25c_ccs     0.756000       1     0.756000
MUX2NUD1BWP40P140EHVT tcbn28hpcplusbwp40p140ehvttt1v25c_ccs     0.756000       2     1.512000
ND2D0BWP30P140HVT  tcbn28hpcplusbwp30p140hvttt1v25c_ccs     0.378000       2     0.756000
ND2D0BWP40P140EHVT tcbn28hpcplusbwp40p140ehvttt1v25c_ccs     0.378000      20     7.560000
ND2D1BWP30P140HVT  tcbn28hpcplusbwp30p140hvttt1v25c_ccs     0.378000       1     0.378000
ND2OPTIBD1BWP30P140HVT tcbn28hpcplusbwp30p140hvttt1v25c_ccs     0.378000       9     3.402000
NR2D0BWP30P140HVT  tcbn28hpcplusbwp30p140hvttt1v25c_ccs     0.378000       1     0.378000
NR2D0BWP40P140EHVT tcbn28hpcplusbwp40p140ehvttt1v25c_ccs     0.378000      13     4.914000
NR2D1BWP30P140     tcbn28hpcplusbwp30p140tt1v25c_ccs     0.378000       1     0.378000
NR2OPTIBD1BWP30P140HVT tcbn28hpcplusbwp30p140hvttt1v25c_ccs     0.378000       6     2.268000
NR2OPTIBD1BWP40P140EHVT tcbn28hpcplusbwp40p140ehvttt1v25c_ccs     0.378000       2     0.756000
NR3D0BWP30P140HVT  tcbn28hpcplusbwp30p140hvttt1v25c_ccs     0.504000       1     0.504000
NR3D0BWP40P140EHVT tcbn28hpcplusbwp40p140ehvttt1v25c_ccs     0.504000       2     1.008000
NR4D0BWP30P140HVT  tcbn28hpcplusbwp30p140hvttt1v25c_ccs     0.630000       1     0.630000
OA21D0BWP40P140EHVT tcbn28hpcplusbwp40p140ehvttt1v25c_ccs     0.630000       1     0.630000
OA22D0BWP40P140EHVT tcbn28hpcplusbwp40p140ehvttt1v25c_ccs     0.882000       1     0.882000
OAI21D0BWP40P140EHVT tcbn28hpcplusbwp40p140ehvttt1v25c_ccs     0.504000       4     2.016000
OAI21D0P7BWP30P140HVT tcbn28hpcplusbwp30p140hvttt1v25c_ccs     0.504000       1     0.504000
OAI21D0P7BWP40P140EHVT tcbn28hpcplusbwp40p140ehvttt1v25c_ccs     0.504000       1     0.504000
OAI21D1BWP30P140HVT tcbn28hpcplusbwp30p140hvttt1v25c_ccs     0.504000       3     1.512000
OAI22D0BWP40P140EHVT tcbn28hpcplusbwp40p140ehvttt1v25c_ccs     0.630000       3     1.890000
OAI22D0P7BWP30P140HVT tcbn28hpcplusbwp30p140hvttt1v25c_ccs     0.630000       1     0.630000
OAI22D0P7BWP40P140EHVT tcbn28hpcplusbwp40p140ehvttt1v25c_ccs     0.630000       2     1.260000
OAI222D1BWP30P140HVT tcbn28hpcplusbwp30p140hvttt1v25c_ccs     1.008000       2     2.016000
OR2D0BWP40P140EHVT tcbn28hpcplusbwp40p140ehvttt1v25c_ccs     0.504000       3     1.512000
OR2D1BWP40P140EHVT tcbn28hpcplusbwp40p140ehvttt1v25c_ccs     0.504000       4     2.016000
XNR2UD0BWP40P140EHVT tcbn28hpcplusbwp40p140ehvttt1v25c_ccs     0.882000       7     6.174000
XNR2UD1BWP40P140EHVT tcbn28hpcplusbwp40p140ehvttt1v25c_ccs     0.882000       3     2.646000
XOR2UD1BWP30P140HVT tcbn28hpcplusbwp30p140hvttt1v25c_ccs     0.882000       2     1.764000
XOR2UD1BWP40P140EHVT tcbn28hpcplusbwp40p140ehvttt1v25c_ccs     0.882000       1     0.882000
-----------------------------------------------------------------------------
Total 57 references                                    94.626000

****************************************
Design: dyn_quant_M16_ACC_W22_DATA_WIDTH8 
****************************************
Reference          Library       Unit Area   Count    Total Area   Attributes
-----------------------------------------------------------------------------
AN2D1BWP30P140HVT  tcbn28hpcplusbwp30p140hvttt1v25c_ccs     0.504000       1     0.504000
AN3D0BWP30P140HVT  tcbn28hpcplusbwp30p140hvttt1v25c_ccs     0.630000       1     0.630000
AN4D0BWP30P140LVT  tcbn28hpcplusbwp30p140lvttt1v25c_ccs     0.756000       7     5.292000
AN4D2BWP30P140     tcbn28hpcplusbwp30p140tt1v25c_ccs     0.882000       2     1.764000
AN4D2BWP30P140HVT  tcbn28hpcplusbwp30p140hvttt1v25c_ccs     0.882000       1     0.882000
AN4D2BWP30P140LVT  tcbn28hpcplusbwp30p140lvttt1v25c_ccs     0.882000       1     0.882000
AOI21D0BWP30P140HVT tcbn28hpcplusbwp30p140hvttt1v25c_ccs     0.504000       1     0.504000
AOI21D0BWP40P140EHVT tcbn28hpcplusbwp40p140ehvttt1v25c_ccs     0.504000       1     0.504000
AOI21D1BWP30P140HVT tcbn28hpcplusbwp30p140hvttt1v25c_ccs     0.504000       1     0.504000
AOI21D2BWP30P140LVT tcbn28hpcplusbwp30p140lvttt1v25c_ccs     0.882000       1     0.882000
AOI31D1BWP30P140   tcbn28hpcplusbwp30p140tt1v25c_ccs     0.630000       1     0.630000
AOI211D1BWP30P140LVT tcbn28hpcplusbwp30p140lvttt1v25c_ccs     0.630000       2     1.260000
CKXOR2D1BWP30P140HVT tcbn28hpcplusbwp30p140hvttt1v25c_ccs     1.008000       1     1.008000
IND2D0BWP30P140HVT tcbn28hpcplusbwp30p140hvttt1v25c_ccs     0.504000       1     0.504000
INR2D0BWP30P140HVT tcbn28hpcplusbwp30p140hvttt1v25c_ccs     0.504000       1     0.504000
INR2D1BWP30P140    tcbn28hpcplusbwp30p140tt1v25c_ccs     0.504000       3     1.512000
INR2D1BWP30P140LVT tcbn28hpcplusbwp30p140lvttt1v25c_ccs     0.504000       1     0.504000
INR4D0BWP30P140    tcbn28hpcplusbwp30p140tt1v25c_ccs     0.756000       1     0.756000
INVD0BWP40P140EHVT tcbn28hpcplusbwp40p140ehvttt1v25c_ccs     0.252000       9     2.268000
INVD0P7BWP30P140   tcbn28hpcplusbwp30p140tt1v25c_ccs     0.252000       1     0.252000
INVD0P7BWP30P140LVT tcbn28hpcplusbwp30p140lvttt1v25c_ccs     0.252000       1     0.252000
INVD1BWP30P140     tcbn28hpcplusbwp30p140tt1v25c_ccs     0.252000       1     0.252000
INVD1BWP30P140HVT  tcbn28hpcplusbwp30p140hvttt1v25c_ccs     0.252000       1     0.252000
INVD1BWP30P140LVT  tcbn28hpcplusbwp30p140lvttt1v25c_ccs     0.252000       6     1.512000
INVD1BWP40P140EHVT tcbn28hpcplusbwp40p140ehvttt1v25c_ccs     0.252000       1     0.252000
INVD1P5BWP30P140LVT tcbn28hpcplusbwp30p140lvttt1v25c_ccs     0.378000       1     0.378000
INVD2BWP30P140     tcbn28hpcplusbwp30p140tt1v25c_ccs     0.378000       1     0.378000
INVD2BWP30P140HVT  tcbn28hpcplusbwp30p140hvttt1v25c_ccs     0.378000       1     0.378000
INVD8BWP30P140     tcbn28hpcplusbwp30p140tt1v25c_ccs     1.134000       1     1.134000
MUX2ND0BWP40P140EHVT tcbn28hpcplusbwp40p140ehvttt1v25c_ccs     0.756000       1     0.756000
MUX2ND2BWP40P140EHVT tcbn28hpcplusbwp40p140ehvttt1v25c_ccs     1.260000       1     1.260000
MUX2NUD1BWP30P140  tcbn28hpcplusbwp30p140tt1v25c_ccs     0.756000       2     1.512000
ND2D0BWP30P140LVT  tcbn28hpcplusbwp30p140lvttt1v25c_ccs     0.378000       1     0.378000
ND2D0BWP40P140EHVT tcbn28hpcplusbwp40p140ehvttt1v25c_ccs     0.378000       3     1.134000
ND2D1BWP30P140     tcbn28hpcplusbwp30p140tt1v25c_ccs     0.378000       2     0.756000
ND2D1BWP30P140LVT  tcbn28hpcplusbwp30p140lvttt1v25c_ccs     0.378000       3     1.134000
ND2OPTIBD1BWP30P140 tcbn28hpcplusbwp30p140tt1v25c_ccs     0.378000       2     0.756000
ND2OPTIBD1BWP30P140LVT tcbn28hpcplusbwp30p140lvttt1v25c_ccs     0.378000       1     0.378000
ND2OPTIBD2BWP30P140LVT tcbn28hpcplusbwp30p140lvttt1v25c_ccs     0.630000       1     0.630000
ND3D0P7BWP30P140LVT tcbn28hpcplusbwp30p140lvttt1v25c_ccs     0.504000       1     0.504000
ND3D1BWP30P140     tcbn28hpcplusbwp30p140tt1v25c_ccs     0.504000       1     0.504000
ND4D1BWP30P140     tcbn28hpcplusbwp30p140tt1v25c_ccs     0.630000       1     0.630000
NR2D1BWP30P140     tcbn28hpcplusbwp30p140tt1v25c_ccs     0.378000       2     0.756000
NR2D1BWP30P140LVT  tcbn28hpcplusbwp30p140lvttt1v25c_ccs     0.378000       4     1.512000
NR2D1P5BWP30P140LVT tcbn28hpcplusbwp30p140lvttt1v25c_ccs     0.630000       1     0.630000
NR2OPTIBD1BWP30P140HVT tcbn28hpcplusbwp30p140hvttt1v25c_ccs     0.378000       1     0.378000
NR2OPTPAD1BWP30P140 tcbn28hpcplusbwp30p140tt1v25c_ccs     0.504000       1     0.504000
NR2OPTPAD2BWP30P140LVT tcbn28hpcplusbwp30p140lvttt1v25c_ccs     0.882000       1     0.882000
NR3D0BWP30P140HVT  tcbn28hpcplusbwp30p140hvttt1v25c_ccs     0.504000       9     4.536000
NR3D0BWP40P140EHVT tcbn28hpcplusbwp40p140ehvttt1v25c_ccs     0.504000       1     0.504000
NR3D0P7BWP30P140   tcbn28hpcplusbwp30p140tt1v25c_ccs     0.504000       1     0.504000
NR3D0P7BWP30P140HVT tcbn28hpcplusbwp30p140hvttt1v25c_ccs     0.504000       1     0.504000
NR4D0BWP30P140     tcbn28hpcplusbwp30p140tt1v25c_ccs     0.630000      28    17.640000
NR4D0BWP30P140HVT  tcbn28hpcplusbwp30p140hvttt1v25c_ccs     0.630000       3     1.890000
NR4D0BWP40P140EHVT tcbn28hpcplusbwp40p140ehvttt1v25c_ccs     0.630000       7     4.410000
OAI21D0BWP30P140   tcbn28hpcplusbwp30p140tt1v25c_ccs     0.504000       1     0.504000
OAI21D0BWP40P140EHVT tcbn28hpcplusbwp40p140ehvttt1v25c_ccs     0.504000       3     1.512000
OAI21D0P7BWP30P140LVT tcbn28hpcplusbwp30p140lvttt1v25c_ccs     0.504000       1     0.504000
OAI21D1BWP30P140   tcbn28hpcplusbwp30p140tt1v25c_ccs     0.504000       2     1.008000
OAI21D1BWP30P140LVT tcbn28hpcplusbwp30p140lvttt1v25c_ccs     0.504000       2     1.008000
OAI31D2BWP30P140LVT tcbn28hpcplusbwp30p140lvttt1v25c_ccs     1.134000       1     1.134000
OR2D0BWP40P140EHVT tcbn28hpcplusbwp40p140ehvttt1v25c_ccs     0.504000       2     1.008000
OR2D1BWP30P140HVT  tcbn28hpcplusbwp30p140hvttt1v25c_ccs     0.504000       3     1.512000
XNR2UD1BWP30P140   tcbn28hpcplusbwp30p140tt1v25c_ccs     0.882000       1     0.882000
requant_rne_ACC_W22_DATA_WIDTH8_SHW5_1   216.593999       1   216.593999 h
requant_rne_ACC_W22_DATA_WIDTH8_SHW5_2   220.877999       1   220.877999 h
requant_rne_ACC_W22_DATA_WIDTH8_SHW5_3   215.459999       1   215.459999 h
requant_rne_ACC_W22_DATA_WIDTH8_SHW5_4   215.459999       1   215.459999 h
requant_rne_ACC_W22_DATA_WIDTH8_SHW5_5   216.089999       1   216.089999 h
requant_rne_ACC_W22_DATA_WIDTH8_SHW5_6   215.963999       1   215.963999 h
requant_rne_ACC_W22_DATA_WIDTH8_SHW5_7   220.751999       1   220.751999 h
requant_rne_ACC_W22_DATA_WIDTH8_SHW5_8   215.585999       1   215.585999 h
requant_rne_ACC_W22_DATA_WIDTH8_SHW5_9   215.963999       1   215.963999 h
requant_rne_ACC_W22_DATA_WIDTH8_SHW5_10   219.491999       1   219.491999 h
requant_rne_ACC_W22_DATA_WIDTH8_SHW5_11   219.239999       1   219.239999 h
requant_rne_ACC_W22_DATA_WIDTH8_SHW5_12   218.861999       1   218.861999 h
requant_rne_ACC_W22_DATA_WIDTH8_SHW5_13   220.877999       1   220.877999 h
requant_rne_ACC_W22_DATA_WIDTH8_SHW5_14   215.333999       1   215.333999 h
requant_rne_ACC_W22_DATA_WIDTH8_SHW5_15   216.089999       1   216.089999 h
requant_rne_ACC_W22_DATA_WIDTH8_SHW5_16   220.877999       1   220.877999 h
-----------------------------------------------------------------------------
Total 80 references                                  3563.909986

****************************************
Design: requant_rne_ACC_W22_DATA_WIDTH8_SHW5_1 
****************************************
Reference          Library       Unit Area   Count    Total Area   Attributes
-----------------------------------------------------------------------------
AN2D0BWP40P140EHVT tcbn28hpcplusbwp40p140ehvttt1v25c_ccs     0.504000       4     2.016000
AO211D0BWP30P140HVT tcbn28hpcplusbwp30p140hvttt1v25c_ccs     0.756000       1     0.756000
AOI21D0BWP30P140HVT tcbn28hpcplusbwp30p140hvttt1v25c_ccs     0.504000       1     0.504000
AOI21D0BWP40P140EHVT tcbn28hpcplusbwp40p140ehvttt1v25c_ccs     0.504000       3     1.512000
AOI21D0P7BWP40P140EHVT tcbn28hpcplusbwp40p140ehvttt1v25c_ccs     0.504000       1     0.504000
AOI21D1BWP30P140LVT tcbn28hpcplusbwp30p140lvttt1v25c_ccs     0.504000       1     0.504000
AOI21D1BWP40P140EHVT tcbn28hpcplusbwp40p140ehvttt1v25c_ccs     0.504000       1     0.504000
AOI22D0BWP30P140HVT tcbn28hpcplusbwp30p140hvttt1v25c_ccs     0.630000       5     3.150000
AOI22D0BWP40P140EHVT tcbn28hpcplusbwp40p140ehvttt1v25c_ccs     0.630000       4     2.520000
AOI22D0P7BWP40P140EHVT tcbn28hpcplusbwp40p140ehvttt1v25c_ccs     0.630000       1     0.630000
AOI22D1BWP30P140HVT tcbn28hpcplusbwp30p140hvttt1v25c_ccs     0.630000       1     0.630000
AOI31D0BWP40P140EHVT tcbn28hpcplusbwp40p140ehvttt1v25c_ccs     0.630000       1     0.630000
AOI211D0BWP40P140EHVT tcbn28hpcplusbwp40p140ehvttt1v25c_ccs     0.630000       2     1.260000
AOI211D1BWP30P140  tcbn28hpcplusbwp30p140tt1v25c_ccs     0.630000       1     0.630000
CKND2D1BWP40P140EHVT tcbn28hpcplusbwp40p140ehvttt1v25c_ccs     0.378000       5     1.890000
FA1D0BWP30P140     tcbn28hpcplusbwp30p140tt1v25c_ccs     2.142000       2     4.284000 r
FA1D0BWP30P140HVT  tcbn28hpcplusbwp30p140hvttt1v25c_ccs     2.142000       2     4.284000 r
FA1D1BWP30P140LVT  tcbn28hpcplusbwp30p140lvttt1v25c_ccs     2.142000       3     6.426000 r
FA1D2BWP30P140LVT  tcbn28hpcplusbwp30p140lvttt1v25c_ccs     2.394000       2     4.788000 r
FA1OPTCD2BWP30P140LVT tcbn28hpcplusbwp30p140lvttt1v25c_ccs     3.024000       1     3.024000 r
IAO21D0BWP30P140HVT tcbn28hpcplusbwp30p140hvttt1v25c_ccs     0.630000       1     0.630000
IND2D0BWP40P140EHVT tcbn28hpcplusbwp40p140ehvttt1v25c_ccs     0.504000       1     0.504000
IND2D1BWP30P140HVT tcbn28hpcplusbwp30p140hvttt1v25c_ccs     0.504000       1     0.504000
IND2D1BWP30P140LVT tcbn28hpcplusbwp30p140lvttt1v25c_ccs     0.504000       1     0.504000
IND2D1BWP40P140EHVT tcbn28hpcplusbwp40p140ehvttt1v25c_ccs     0.504000       1     0.504000
INR2D0BWP30P140HVT tcbn28hpcplusbwp30p140hvttt1v25c_ccs     0.504000       1     0.504000
INR2D0BWP40P140EHVT tcbn28hpcplusbwp40p140ehvttt1v25c_ccs     0.504000      20    10.080000
INR2D1BWP30P140    tcbn28hpcplusbwp30p140tt1v25c_ccs     0.504000       3     1.512000
INR2D1BWP30P140HVT tcbn28hpcplusbwp30p140hvttt1v25c_ccs     0.504000       2     1.008000
INR2D1BWP30P140LVT tcbn28hpcplusbwp30p140lvttt1v25c_ccs     0.504000       2     1.008000
INR2D1BWP40P140EHVT tcbn28hpcplusbwp40p140ehvttt1v25c_ccs     0.504000       1     0.504000
INR4D0BWP30P140    tcbn28hpcplusbwp30p140tt1v25c_ccs     0.756000       1     0.756000
INR4D0BWP40P140EHVT tcbn28hpcplusbwp40p140ehvttt1v25c_ccs     0.756000       1     0.756000
INVD0BWP30P140HVT  tcbn28hpcplusbwp30p140hvttt1v25c_ccs     0.252000       2     0.504000
INVD0BWP40P140EHVT tcbn28hpcplusbwp40p140ehvttt1v25c_ccs     0.252000      50    12.600000
INVD0P7BWP30P140HVT tcbn28hpcplusbwp30p140hvttt1v25c_ccs     0.252000       4     1.008000
INVD0P7BWP40P140EHVT tcbn28hpcplusbwp40p140ehvttt1v25c_ccs     0.252000       3     0.756000
INVD1BWP30P140     tcbn28hpcplusbwp30p140tt1v25c_ccs     0.252000       1     0.252000
INVD1BWP30P140HVT  tcbn28hpcplusbwp30p140hvttt1v25c_ccs     0.252000       7     1.764000
INVD1BWP30P140LVT  tcbn28hpcplusbwp30p140lvttt1v25c_ccs     0.252000       1     0.252000
INVD1BWP40P140EHVT tcbn28hpcplusbwp40p140ehvttt1v25c_ccs     0.252000       2     0.504000
INVD2BWP30P140     tcbn28hpcplusbwp30p140tt1v25c_ccs     0.378000       1     0.378000
INVD2BWP30P140HVT  tcbn28hpcplusbwp30p140hvttt1v25c_ccs     0.378000       1     0.378000
IOA21D0BWP40P140EHVT tcbn28hpcplusbwp40p140ehvttt1v25c_ccs     0.630000       2     1.260000
MAOI22D0BWP30P140HVT tcbn28hpcplusbwp30p140hvttt1v25c_ccs     0.756000       3     2.268000
MAOI22D1BWP30P140  tcbn28hpcplusbwp30p140tt1v25c_ccs     0.756000       1     0.756000
MAOI22D1BWP30P140HVT tcbn28hpcplusbwp30p140hvttt1v25c_ccs     0.756000       4     3.024000
MAOI22D1BWP40P140EHVT tcbn28hpcplusbwp40p140ehvttt1v25c_ccs     0.756000       3     2.268000
MAOI222D0BWP40P140EHVT tcbn28hpcplusbwp40p140ehvttt1v25c_ccs     0.756000       1     0.756000
MOAI22D0BWP30P140  tcbn28hpcplusbwp30p140tt1v25c_ccs     0.756000       3     2.268000
MOAI22D0BWP30P140HVT tcbn28hpcplusbwp30p140hvttt1v25c_ccs     0.756000       2     1.512000
MOAI22D0BWP40P140EHVT tcbn28hpcplusbwp40p140ehvttt1v25c_ccs     0.756000       1     0.756000
MOAI22D1BWP30P140  tcbn28hpcplusbwp30p140tt1v25c_ccs     0.756000       1     0.756000
MOAI22D1BWP30P140HVT tcbn28hpcplusbwp30p140hvttt1v25c_ccs     0.756000       3     2.268000
MOAI22D1BWP30P140LVT tcbn28hpcplusbwp30p140lvttt1v25c_ccs     0.756000       1     0.756000
MOAI22D1BWP40P140EHVT tcbn28hpcplusbwp40p140ehvttt1v25c_ccs     0.756000       2     1.512000
MUX2ND0BWP30P140HVT tcbn28hpcplusbwp30p140hvttt1v25c_ccs     0.756000       1     0.756000
MUX2ND0BWP40P140EHVT tcbn28hpcplusbwp40p140ehvttt1v25c_ccs     0.756000       1     0.756000
MUX2NUD1BWP30P140HVT tcbn28hpcplusbwp30p140hvttt1v25c_ccs     0.756000       6     4.536000
MUX2NUD1BWP30P140LVT tcbn28hpcplusbwp30p140lvttt1v25c_ccs     0.756000       1     0.756000
ND2D0BWP30P140     tcbn28hpcplusbwp30p140tt1v25c_ccs     0.378000       1     0.378000
ND2D0BWP30P140HVT  tcbn28hpcplusbwp30p140hvttt1v25c_ccs     0.378000       2     0.756000
ND2D0BWP40P140EHVT tcbn28hpcplusbwp40p140ehvttt1v25c_ccs     0.378000      30    11.340000
ND2D1BWP30P140     tcbn28hpcplusbwp30p140tt1v25c_ccs     0.378000       6     2.268000
ND2D1BWP30P140HVT  tcbn28hpcplusbwp30p140hvttt1v25c_ccs     0.378000       4     1.512000
ND2D2BWP30P140     tcbn28hpcplusbwp30p140tt1v25c_ccs     0.630000       1     0.630000
ND2OPTIBD1BWP30P140HVT tcbn28hpcplusbwp30p140hvttt1v25c_ccs     0.378000       9     3.402000
ND2OPTIBD2BWP30P140 tcbn28hpcplusbwp30p140tt1v25c_ccs     0.630000       1     0.630000
ND3D0BWP30P140HVT  tcbn28hpcplusbwp30p140hvttt1v25c_ccs     0.504000       1     0.504000
ND3D0BWP40P140EHVT tcbn28hpcplusbwp40p140ehvttt1v25c_ccs     0.504000       4     2.016000
ND3D0P7BWP30P140HVT tcbn28hpcplusbwp30p140hvttt1v25c_ccs     0.504000       1     0.504000
ND3D1BWP30P140     tcbn28hpcplusbwp30p140tt1v25c_ccs     0.504000       1     0.504000
ND3D1BWP30P140HVT  tcbn28hpcplusbwp30p140hvttt1v25c_ccs     0.504000       3     1.512000
NR2D0BWP30P140HVT  tcbn28hpcplusbwp30p140hvttt1v25c_ccs     0.378000       6     2.268000
NR2D0BWP40P140EHVT tcbn28hpcplusbwp40p140ehvttt1v25c_ccs     0.378000      44    16.632000
NR2D1BWP30P140     tcbn28hpcplusbwp30p140tt1v25c_ccs     0.378000       6     2.268000
NR2D1BWP30P140HVT  tcbn28hpcplusbwp30p140hvttt1v25c_ccs     0.378000       2     0.756000
NR2D1BWP30P140LVT  tcbn28hpcplusbwp30p140lvttt1v25c_ccs     0.378000       1     0.378000
NR2OPTIBD1BWP30P140HVT tcbn28hpcplusbwp30p140hvttt1v25c_ccs     0.378000      17     6.426000
NR2OPTIBD1BWP40P140EHVT tcbn28hpcplusbwp40p140ehvttt1v25c_ccs     0.378000       7     2.646000
NR3D0BWP30P140HVT  tcbn28hpcplusbwp30p140hvttt1v25c_ccs     0.504000       1     0.504000
NR3D0BWP40P140EHVT tcbn28hpcplusbwp40p140ehvttt1v25c_ccs     0.504000       4     2.016000
NR3D0P7BWP30P140HVT tcbn28hpcplusbwp30p140hvttt1v25c_ccs     0.504000       1     0.504000
NR3D0P7BWP30P140LVT tcbn28hpcplusbwp30p140lvttt1v25c_ccs     0.504000       1     0.504000
OA21D0BWP40P140EHVT tcbn28hpcplusbwp40p140ehvttt1v25c_ccs     0.630000       4     2.520000
OA22D0BWP30P140HVT tcbn28hpcplusbwp30p140hvttt1v25c_ccs     0.882000       1     0.882000
OA22D0BWP40P140EHVT tcbn28hpcplusbwp40p140ehvttt1v25c_ccs     0.882000       1     0.882000
OA211D0BWP40P140EHVT tcbn28hpcplusbwp40p140ehvttt1v25c_ccs     0.756000       2     1.512000
OAI21D0BWP30P140   tcbn28hpcplusbwp30p140tt1v25c_ccs     0.504000       1     0.504000
OAI21D0BWP40P140EHVT tcbn28hpcplusbwp40p140ehvttt1v25c_ccs     0.504000       7     3.528000
OAI21D1BWP30P140HVT tcbn28hpcplusbwp30p140hvttt1v25c_ccs     0.504000       2     1.008000
OAI21D1BWP40P140EHVT tcbn28hpcplusbwp40p140ehvttt1v25c_ccs     0.504000       1     0.504000
OAI22D0BWP30P140HVT tcbn28hpcplusbwp30p140hvttt1v25c_ccs     0.630000       2     1.260000
OAI22D0BWP40P140EHVT tcbn28hpcplusbwp40p140ehvttt1v25c_ccs     0.630000       6     3.780000
OAI22D0P7BWP30P140HVT tcbn28hpcplusbwp30p140hvttt1v25c_ccs     0.630000       1     0.630000
OAI22D1BWP30P140   tcbn28hpcplusbwp30p140tt1v25c_ccs     0.630000       3     1.890000
OAI22D1BWP30P140HVT tcbn28hpcplusbwp30p140hvttt1v25c_ccs     0.630000       4     2.520000
OAI22D1BWP30P140LVT tcbn28hpcplusbwp30p140lvttt1v25c_ccs     0.630000       3     1.890000
OAI31D0BWP40P140EHVT tcbn28hpcplusbwp40p140ehvttt1v25c_ccs     0.630000       1     0.630000
OAI211D0BWP30P140HVT tcbn28hpcplusbwp30p140hvttt1v25c_ccs     0.630000       1     0.630000
OAI211D1BWP30P140HVT tcbn28hpcplusbwp30p140hvttt1v25c_ccs     0.630000       1     0.630000
OR2D0BWP40P140EHVT tcbn28hpcplusbwp40p140ehvttt1v25c_ccs     0.504000       6     3.024000
OR2D1BWP30P140HVT  tcbn28hpcplusbwp30p140hvttt1v25c_ccs     0.504000       6     3.024000
OR2D1BWP40P140EHVT tcbn28hpcplusbwp40p140ehvttt1v25c_ccs     0.504000       1     0.504000
XNR2UD0BWP40P140EHVT tcbn28hpcplusbwp40p140ehvttt1v25c_ccs     0.882000       8     7.056000
XNR2UD1BWP30P140   tcbn28hpcplusbwp30p140tt1v25c_ccs     0.882000       2     1.764000
XNR2UD1BWP30P140HVT tcbn28hpcplusbwp30p140hvttt1v25c_ccs     0.882000       4     3.528000
XNR2UD1BWP30P140LVT tcbn28hpcplusbwp30p140lvttt1v25c_ccs     0.882000       1     0.882000
XNR2UD1BWP40P140EHVT tcbn28hpcplusbwp40p140ehvttt1v25c_ccs     0.882000       1     0.882000
XOR2UD0BWP30P140HVT tcbn28hpcplusbwp30p140hvttt1v25c_ccs     0.882000       1     0.882000
XOR2UD0BWP40P140EHVT tcbn28hpcplusbwp40p140ehvttt1v25c_ccs     0.882000       5     4.410000
-----------------------------------------------------------------------------
Total 111 references                                  216.593999

****************************************
Design: requant_rne_ACC_W22_DATA_WIDTH8_SHW5_2 
****************************************
Reference          Library       Unit Area   Count    Total Area   Attributes
-----------------------------------------------------------------------------
AN2D0BWP30P140HVT  tcbn28hpcplusbwp30p140hvttt1v25c_ccs     0.504000       1     0.504000
AN2D0BWP40P140EHVT tcbn28hpcplusbwp40p140ehvttt1v25c_ccs     0.504000       3     1.512000
AO211D0BWP30P140HVT tcbn28hpcplusbwp30p140hvttt1v25c_ccs     0.756000       1     0.756000
AOI21D0BWP40P140EHVT tcbn28hpcplusbwp40p140ehvttt1v25c_ccs     0.504000       3     1.512000
AOI21D1BWP30P140   tcbn28hpcplusbwp30p140tt1v25c_ccs     0.504000       1     0.504000
AOI21D1BWP30P140HVT tcbn28hpcplusbwp30p140hvttt1v25c_ccs     0.504000       3     1.512000
AOI22D0BWP30P140HVT tcbn28hpcplusbwp30p140hvttt1v25c_ccs     0.630000       2     1.260000
AOI22D0BWP40P140EHVT tcbn28hpcplusbwp40p140ehvttt1v25c_ccs     0.630000       3     1.890000
AOI22D0P7BWP40P140EHVT tcbn28hpcplusbwp40p140ehvttt1v25c_ccs     0.630000       1     0.630000
AOI22D1BWP30P140HVT tcbn28hpcplusbwp30p140hvttt1v25c_ccs     0.630000       4     2.520000
AOI22D1BWP30P140LVT tcbn28hpcplusbwp30p140lvttt1v25c_ccs     0.630000       1     0.630000
AOI31D0BWP40P140EHVT tcbn28hpcplusbwp40p140ehvttt1v25c_ccs     0.630000       1     0.630000
AOI211D0BWP40P140EHVT tcbn28hpcplusbwp40p140ehvttt1v25c_ccs     0.630000       2     1.260000
AOI211D1BWP30P140  tcbn28hpcplusbwp30p140tt1v25c_ccs     0.630000       1     0.630000
CKND2D1BWP40P140EHVT tcbn28hpcplusbwp40p140ehvttt1v25c_ccs     0.378000       6     2.268000
FA1D0BWP30P140HVT  tcbn28hpcplusbwp30p140hvttt1v25c_ccs     2.142000       3     6.426000 r
FA1D1BWP30P140LVT  tcbn28hpcplusbwp30p140lvttt1v25c_ccs     2.142000       6    12.852000 r
FA1OPTCD2BWP30P140LVT tcbn28hpcplusbwp30p140lvttt1v25c_ccs     3.024000       2     6.048000 r
IAO21D0BWP30P140HVT tcbn28hpcplusbwp30p140hvttt1v25c_ccs     0.630000       1     0.630000
IND2D0BWP30P140HVT tcbn28hpcplusbwp30p140hvttt1v25c_ccs     0.504000       2     1.008000
IND2D0BWP40P140EHVT tcbn28hpcplusbwp40p140ehvttt1v25c_ccs     0.504000       1     0.504000
IND2D1BWP30P140HVT tcbn28hpcplusbwp30p140hvttt1v25c_ccs     0.504000       1     0.504000
INR2D0BWP30P140HVT tcbn28hpcplusbwp30p140hvttt1v25c_ccs     0.504000       1     0.504000
INR2D0BWP40P140EHVT tcbn28hpcplusbwp40p140ehvttt1v25c_ccs     0.504000      19     9.576000
INR2D1BWP30P140    tcbn28hpcplusbwp30p140tt1v25c_ccs     0.504000       1     0.504000
INR2D1BWP30P140HVT tcbn28hpcplusbwp30p140hvttt1v25c_ccs     0.504000       2     1.008000
INR2D1BWP30P140LVT tcbn28hpcplusbwp30p140lvttt1v25c_ccs     0.504000       3     1.512000
INR2D1BWP40P140EHVT tcbn28hpcplusbwp40p140ehvttt1v25c_ccs     0.504000       2     1.008000
INR2D2BWP30P140    tcbn28hpcplusbwp30p140tt1v25c_ccs     0.756000       1     0.756000
INR4D0BWP30P140    tcbn28hpcplusbwp30p140tt1v25c_ccs     0.756000       1     0.756000
INR4D0BWP40P140EHVT tcbn28hpcplusbwp40p140ehvttt1v25c_ccs     0.756000       1     0.756000
INVD0BWP30P140HVT  tcbn28hpcplusbwp30p140hvttt1v25c_ccs     0.252000       1     0.252000
INVD0BWP40P140EHVT tcbn28hpcplusbwp40p140ehvttt1v25c_ccs     0.252000      53    13.356000
INVD0P7BWP30P140HVT tcbn28hpcplusbwp30p140hvttt1v25c_ccs     0.252000       3     0.756000
INVD0P7BWP40P140EHVT tcbn28hpcplusbwp40p140ehvttt1v25c_ccs     0.252000       1     0.252000
INVD1BWP30P140     tcbn28hpcplusbwp30p140tt1v25c_ccs     0.252000       3     0.756000
INVD1BWP30P140HVT  tcbn28hpcplusbwp30p140hvttt1v25c_ccs     0.252000       6     1.512000
INVD1BWP30P140LVT  tcbn28hpcplusbwp30p140lvttt1v25c_ccs     0.252000       1     0.252000
INVD1BWP40P140EHVT tcbn28hpcplusbwp40p140ehvttt1v25c_ccs     0.252000       3     0.756000
INVD2BWP30P140     tcbn28hpcplusbwp30p140tt1v25c_ccs     0.378000       1     0.378000
INVD2BWP30P140HVT  tcbn28hpcplusbwp30p140hvttt1v25c_ccs     0.378000       1     0.378000
INVD3BWP30P140     tcbn28hpcplusbwp30p140tt1v25c_ccs     0.504000       1     0.504000
IOA21D0BWP40P140EHVT tcbn28hpcplusbwp40p140ehvttt1v25c_ccs     0.630000       2     1.260000
MAOI22D0BWP30P140HVT tcbn28hpcplusbwp30p140hvttt1v25c_ccs     0.756000       2     1.512000
MAOI22D1BWP30P140  tcbn28hpcplusbwp30p140tt1v25c_ccs     0.756000       2     1.512000
MAOI22D1BWP30P140HVT tcbn28hpcplusbwp30p140hvttt1v25c_ccs     0.756000       4     3.024000
MAOI22D1BWP40P140EHVT tcbn28hpcplusbwp40p140ehvttt1v25c_ccs     0.756000       3     2.268000
MAOI222D0BWP40P140EHVT tcbn28hpcplusbwp40p140ehvttt1v25c_ccs     0.756000       1     0.756000
MOAI22D0BWP30P140HVT tcbn28hpcplusbwp30p140hvttt1v25c_ccs     0.756000       1     0.756000
MOAI22D0BWP40P140EHVT tcbn28hpcplusbwp40p140ehvttt1v25c_ccs     0.756000       1     0.756000
MOAI22D1BWP30P140  tcbn28hpcplusbwp30p140tt1v25c_ccs     0.756000       6     4.536000
MOAI22D1BWP30P140HVT tcbn28hpcplusbwp30p140hvttt1v25c_ccs     0.756000       1     0.756000
MOAI22D1BWP30P140LVT tcbn28hpcplusbwp30p140lvttt1v25c_ccs     0.756000       3     2.268000
MOAI22D1BWP40P140EHVT tcbn28hpcplusbwp40p140ehvttt1v25c_ccs     0.756000       1     0.756000
MUX2ND0BWP30P140   tcbn28hpcplusbwp30p140tt1v25c_ccs     0.756000       1     0.756000
MUX2ND0BWP30P140HVT tcbn28hpcplusbwp30p140hvttt1v25c_ccs     0.756000       3     2.268000
MUX2NUD1BWP30P140HVT tcbn28hpcplusbwp30p140hvttt1v25c_ccs     0.756000       4     3.024000
MUX2NUD1BWP40P140EHVT tcbn28hpcplusbwp40p140ehvttt1v25c_ccs     0.756000       1     0.756000
ND2D0BWP30P140HVT  tcbn28hpcplusbwp30p140hvttt1v25c_ccs     0.378000       3     1.134000
ND2D0BWP40P140EHVT tcbn28hpcplusbwp40p140ehvttt1v25c_ccs     0.378000      27    10.206000
ND2D0P7BWP40P140EHVT tcbn28hpcplusbwp40p140ehvttt1v25c_ccs     0.378000       3     1.134000
ND2D1BWP30P140     tcbn28hpcplusbwp30p140tt1v25c_ccs     0.378000       5     1.890000
ND2D1BWP30P140HVT  tcbn28hpcplusbwp30p140hvttt1v25c_ccs     0.378000       6     2.268000
ND2D1BWP30P140LVT  tcbn28hpcplusbwp30p140lvttt1v25c_ccs     0.378000       1     0.378000
ND2OPTIBD1BWP30P140HVT tcbn28hpcplusbwp30p140hvttt1v25c_ccs     0.378000       8     3.024000
ND3D0BWP30P140HVT  tcbn28hpcplusbwp30p140hvttt1v25c_ccs     0.504000       2     1.008000
ND3D0BWP40P140EHVT tcbn28hpcplusbwp40p140ehvttt1v25c_ccs     0.504000       4     2.016000
ND3D1BWP30P140     tcbn28hpcplusbwp30p140tt1v25c_ccs     0.504000       3     1.512000
ND3D1BWP30P140LVT  tcbn28hpcplusbwp30p140lvttt1v25c_ccs     0.504000       1     0.504000
NR2D0BWP30P140HVT  tcbn28hpcplusbwp30p140hvttt1v25c_ccs     0.378000       4     1.512000
NR2D0BWP40P140EHVT tcbn28hpcplusbwp40p140ehvttt1v25c_ccs     0.378000      42    15.876000
NR2D0P7BWP40P140EHVT tcbn28hpcplusbwp40p140ehvttt1v25c_ccs     0.378000       5     1.890000
NR2D1BWP30P140     tcbn28hpcplusbwp30p140tt1v25c_ccs     0.378000       5     1.890000
NR2D1BWP30P140HVT  tcbn28hpcplusbwp30p140hvttt1v25c_ccs     0.378000       1     0.378000
NR2D1BWP30P140LVT  tcbn28hpcplusbwp30p140lvttt1v25c_ccs     0.378000       1     0.378000
NR2OPTIBD1BWP30P140HVT tcbn28hpcplusbwp30p140hvttt1v25c_ccs     0.378000      17     6.426000
NR2OPTIBD1BWP40P140EHVT tcbn28hpcplusbwp40p140ehvttt1v25c_ccs     0.378000       7     2.646000
NR3D0BWP30P140HVT  tcbn28hpcplusbwp30p140hvttt1v25c_ccs     0.504000       2     1.008000
NR3D0BWP40P140EHVT tcbn28hpcplusbwp40p140ehvttt1v25c_ccs     0.504000       3     1.512000
NR3D0P7BWP30P140HVT tcbn28hpcplusbwp30p140hvttt1v25c_ccs     0.504000       1     0.504000
NR3D0P7BWP30P140LVT tcbn28hpcplusbwp30p140lvttt1v25c_ccs     0.504000       1     0.504000
OA21D0BWP40P140EHVT tcbn28hpcplusbwp40p140ehvttt1v25c_ccs     0.630000       5     3.150000
OA22D0BWP30P140HVT tcbn28hpcplusbwp30p140hvttt1v25c_ccs     0.882000       1     0.882000
OA22D0BWP40P140EHVT tcbn28hpcplusbwp40p140ehvttt1v25c_ccs     0.882000       1     0.882000
OA211D0BWP40P140EHVT tcbn28hpcplusbwp40p140ehvttt1v25c_ccs     0.756000       2     1.512000
OAI21D0BWP30P140HVT tcbn28hpcplusbwp30p140hvttt1v25c_ccs     0.504000       1     0.504000
OAI21D0BWP40P140EHVT tcbn28hpcplusbwp40p140ehvttt1v25c_ccs     0.504000       6     3.024000
OAI21D1BWP30P140   tcbn28hpcplusbwp30p140tt1v25c_ccs     0.504000       1     0.504000
OAI21D1BWP30P140HVT tcbn28hpcplusbwp30p140hvttt1v25c_ccs     0.504000       3     1.512000
OAI22D0BWP30P140HVT tcbn28hpcplusbwp30p140hvttt1v25c_ccs     0.630000       1     0.630000
OAI22D0BWP40P140EHVT tcbn28hpcplusbwp40p140ehvttt1v25c_ccs     0.630000       6     3.780000
OAI22D1BWP30P140   tcbn28hpcplusbwp30p140tt1v25c_ccs     0.630000       3     1.890000
OAI22D1BWP30P140HVT tcbn28hpcplusbwp30p140hvttt1v25c_ccs     0.630000       6     3.780000
OAI22D1BWP30P140LVT tcbn28hpcplusbwp30p140lvttt1v25c_ccs     0.630000       3     1.890000
OAI31D0BWP40P140EHVT tcbn28hpcplusbwp40p140ehvttt1v25c_ccs     0.630000       1     0.630000
OAI211D1BWP30P140LVT tcbn28hpcplusbwp30p140lvttt1v25c_ccs     0.630000       2     1.260000
OR2D0BWP40P140EHVT tcbn28hpcplusbwp40p140ehvttt1v25c_ccs     0.504000       7     3.528000
OR2D1BWP30P140HVT  tcbn28hpcplusbwp30p140hvttt1v25c_ccs     0.504000       6     3.024000
OR2D1BWP40P140EHVT tcbn28hpcplusbwp40p140ehvttt1v25c_ccs     0.504000       2     1.008000
XNR2UD0BWP30P140   tcbn28hpcplusbwp30p140tt1v25c_ccs     0.882000       1     0.882000
XNR2UD0BWP30P140HVT tcbn28hpcplusbwp30p140hvttt1v25c_ccs     0.882000       1     0.882000
XNR2UD0BWP40P140EHVT tcbn28hpcplusbwp40p140ehvttt1v25c_ccs     0.882000      10     8.820000
XNR2UD1BWP30P140LVT tcbn28hpcplusbwp30p140lvttt1v25c_ccs     0.882000       3     2.646000
XNR2UD1BWP40P140EHVT tcbn28hpcplusbwp40p140ehvttt1v25c_ccs     0.882000       1     0.882000
XOR2UD0BWP40P140EHVT tcbn28hpcplusbwp40p140ehvttt1v25c_ccs     0.882000       4     3.528000
XOR2UD1BWP30P140HVT tcbn28hpcplusbwp30p140hvttt1v25c_ccs     0.882000       1     0.882000
XOR2UD1BWP30P140LVT tcbn28hpcplusbwp30p140lvttt1v25c_ccs     0.882000       1     0.882000
-----------------------------------------------------------------------------
Total 107 references                                  220.877999

****************************************
Design: requant_rne_ACC_W22_DATA_WIDTH8_SHW5_3 
****************************************
Reference          Library       Unit Area   Count    Total Area   Attributes
-----------------------------------------------------------------------------
AN2D0BWP40P140EHVT tcbn28hpcplusbwp40p140ehvttt1v25c_ccs     0.504000       3     1.512000
AO211D0BWP30P140HVT tcbn28hpcplusbwp30p140hvttt1v25c_ccs     0.756000       1     0.756000
AOI21D0BWP40P140EHVT tcbn28hpcplusbwp40p140ehvttt1v25c_ccs     0.504000       3     1.512000
AOI21D1BWP30P140HVT tcbn28hpcplusbwp30p140hvttt1v25c_ccs     0.504000       3     1.512000
AOI21D1BWP30P140LVT tcbn28hpcplusbwp30p140lvttt1v25c_ccs     0.504000       1     0.504000
AOI22D0BWP30P140HVT tcbn28hpcplusbwp30p140hvttt1v25c_ccs     0.630000       3     1.890000
AOI22D0BWP40P140EHVT tcbn28hpcplusbwp40p140ehvttt1v25c_ccs     0.630000       2     1.260000
AOI22D0P7BWP40P140EHVT tcbn28hpcplusbwp40p140ehvttt1v25c_ccs     0.630000       2     1.260000
AOI22D1BWP30P140   tcbn28hpcplusbwp30p140tt1v25c_ccs     0.630000       1     0.630000
AOI22D1BWP30P140HVT tcbn28hpcplusbwp30p140hvttt1v25c_ccs     0.630000       2     1.260000
AOI22D1BWP40P140EHVT tcbn28hpcplusbwp40p140ehvttt1v25c_ccs     0.630000       1     0.630000
AOI31D0BWP40P140EHVT tcbn28hpcplusbwp40p140ehvttt1v25c_ccs     0.630000       1     0.630000
AOI211D0BWP40P140EHVT tcbn28hpcplusbwp40p140ehvttt1v25c_ccs     0.630000       2     1.260000
AOI211D1BWP30P140  tcbn28hpcplusbwp30p140tt1v25c_ccs     0.630000       1     0.630000
CKAN2D0BWP40P140EHVT tcbn28hpcplusbwp40p140ehvttt1v25c_ccs     0.504000       1     0.504000
CKND2D1BWP40P140EHVT tcbn28hpcplusbwp40p140ehvttt1v25c_ccs     0.378000       7     2.646000
FA1D1BWP30P140     tcbn28hpcplusbwp30p140tt1v25c_ccs     2.142000       9    19.278000 r
FA1D1BWP30P140HVT  tcbn28hpcplusbwp30p140hvttt1v25c_ccs     2.142000       1     2.142000 r
IAO21D0BWP30P140HVT tcbn28hpcplusbwp30p140hvttt1v25c_ccs     0.630000       1     0.630000
IND2D0BWP40P140EHVT tcbn28hpcplusbwp40p140ehvttt1v25c_ccs     0.504000       1     0.504000
IND2D1BWP30P140HVT tcbn28hpcplusbwp30p140hvttt1v25c_ccs     0.504000       2     1.008000
IND2D1BWP40P140EHVT tcbn28hpcplusbwp40p140ehvttt1v25c_ccs     0.504000       1     0.504000
INR2D0BWP30P140HVT tcbn28hpcplusbwp30p140hvttt1v25c_ccs     0.504000       2     1.008000
INR2D0BWP40P140EHVT tcbn28hpcplusbwp40p140ehvttt1v25c_ccs     0.504000      19     9.576000
INR2D1BWP30P140    tcbn28hpcplusbwp30p140tt1v25c_ccs     0.504000       1     0.504000
INR2D1BWP30P140HVT tcbn28hpcplusbwp30p140hvttt1v25c_ccs     0.504000       3     1.512000
INR2D1BWP30P140LVT tcbn28hpcplusbwp30p140lvttt1v25c_ccs     0.504000       2     1.008000
INR2D1BWP40P140EHVT tcbn28hpcplusbwp40p140ehvttt1v25c_ccs     0.504000       1     0.504000
INR2D2BWP30P140    tcbn28hpcplusbwp30p140tt1v25c_ccs     0.756000       1     0.756000
INR4D0BWP30P140    tcbn28hpcplusbwp30p140tt1v25c_ccs     0.756000       1     0.756000
INR4D0BWP40P140EHVT tcbn28hpcplusbwp40p140ehvttt1v25c_ccs     0.756000       1     0.756000
INVD0BWP30P140HVT  tcbn28hpcplusbwp30p140hvttt1v25c_ccs     0.252000       2     0.504000
INVD0BWP40P140EHVT tcbn28hpcplusbwp40p140ehvttt1v25c_ccs     0.252000      52    13.104000
INVD0P7BWP30P140HVT tcbn28hpcplusbwp30p140hvttt1v25c_ccs     0.252000       3     0.756000
INVD0P7BWP40P140EHVT tcbn28hpcplusbwp40p140ehvttt1v25c_ccs     0.252000       3     0.756000
INVD1BWP30P140     tcbn28hpcplusbwp30p140tt1v25c_ccs     0.252000       3     0.756000
INVD1BWP30P140HVT  tcbn28hpcplusbwp30p140hvttt1v25c_ccs     0.252000       6     1.512000
INVD1BWP40P140EHVT tcbn28hpcplusbwp40p140ehvttt1v25c_ccs     0.252000       1     0.252000
INVD1P5BWP30P140HVT tcbn28hpcplusbwp30p140hvttt1v25c_ccs     0.378000       1     0.378000
INVD2BWP30P140HVT  tcbn28hpcplusbwp30p140hvttt1v25c_ccs     0.378000       1     0.378000
IOA21D0BWP40P140EHVT tcbn28hpcplusbwp40p140ehvttt1v25c_ccs     0.630000       2     1.260000
MAOI22D0BWP30P140HVT tcbn28hpcplusbwp30p140hvttt1v25c_ccs     0.756000       2     1.512000
MAOI22D0BWP40P140EHVT tcbn28hpcplusbwp40p140ehvttt1v25c_ccs     0.756000       1     0.756000
MAOI22D1BWP30P140  tcbn28hpcplusbwp30p140tt1v25c_ccs     0.756000       2     1.512000
MAOI22D1BWP30P140HVT tcbn28hpcplusbwp30p140hvttt1v25c_ccs     0.756000       1     0.756000
MAOI22D1BWP40P140EHVT tcbn28hpcplusbwp40p140ehvttt1v25c_ccs     0.756000       5     3.780000
MAOI222D0BWP40P140EHVT tcbn28hpcplusbwp40p140ehvttt1v25c_ccs     0.756000       1     0.756000
MOAI22D0BWP30P140HVT tcbn28hpcplusbwp30p140hvttt1v25c_ccs     0.756000       3     2.268000
MOAI22D0BWP40P140EHVT tcbn28hpcplusbwp40p140ehvttt1v25c_ccs     0.756000       1     0.756000
MOAI22D1BWP30P140  tcbn28hpcplusbwp30p140tt1v25c_ccs     0.756000       3     2.268000
MOAI22D1BWP30P140HVT tcbn28hpcplusbwp30p140hvttt1v25c_ccs     0.756000       3     2.268000
MOAI22D1BWP30P140LVT tcbn28hpcplusbwp30p140lvttt1v25c_ccs     0.756000       2     1.512000
MOAI22D1BWP40P140EHVT tcbn28hpcplusbwp40p140ehvttt1v25c_ccs     0.756000       1     0.756000
MUX2ND0BWP40P140EHVT tcbn28hpcplusbwp40p140ehvttt1v25c_ccs     0.756000       2     1.512000
MUX2NUD1BWP30P140HVT tcbn28hpcplusbwp30p140hvttt1v25c_ccs     0.756000       5     3.780000
MUX2NUD1BWP30P140LVT tcbn28hpcplusbwp30p140lvttt1v25c_ccs     0.756000       1     0.756000
MUX2NUD1BWP40P140EHVT tcbn28hpcplusbwp40p140ehvttt1v25c_ccs     0.756000       1     0.756000
ND2D0BWP30P140HVT  tcbn28hpcplusbwp30p140hvttt1v25c_ccs     0.378000       1     0.378000
ND2D0BWP40P140EHVT tcbn28hpcplusbwp40p140ehvttt1v25c_ccs     0.378000      26     9.828000
ND2D0P7BWP40P140EHVT tcbn28hpcplusbwp40p140ehvttt1v25c_ccs     0.378000       1     0.378000
ND2D1BWP30P140     tcbn28hpcplusbwp30p140tt1v25c_ccs     0.378000       6     2.268000
ND2D1BWP30P140HVT  tcbn28hpcplusbwp30p140hvttt1v25c_ccs     0.378000       6     2.268000
ND2D1BWP30P140LVT  tcbn28hpcplusbwp30p140lvttt1v25c_ccs     0.378000       1     0.378000
ND2OPTIBD1BWP30P140HVT tcbn28hpcplusbwp30p140hvttt1v25c_ccs     0.378000      10     3.780000
ND2OPTIBD2BWP30P140 tcbn28hpcplusbwp30p140tt1v25c_ccs     0.630000       1     0.630000
ND3D0BWP40P140EHVT tcbn28hpcplusbwp40p140ehvttt1v25c_ccs     0.504000       5     2.520000
ND3D1BWP30P140     tcbn28hpcplusbwp30p140tt1v25c_ccs     0.504000       2     1.008000
ND3D1BWP30P140HVT  tcbn28hpcplusbwp30p140hvttt1v25c_ccs     0.504000       2     1.008000
ND3D1BWP30P140LVT  tcbn28hpcplusbwp30p140lvttt1v25c_ccs     0.504000       1     0.504000
NR2D0BWP30P140HVT  tcbn28hpcplusbwp30p140hvttt1v25c_ccs     0.378000       4     1.512000
NR2D0BWP40P140EHVT tcbn28hpcplusbwp40p140ehvttt1v25c_ccs     0.378000      43    16.254000
NR2D0P7BWP40P140EHVT tcbn28hpcplusbwp40p140ehvttt1v25c_ccs     0.378000       7     2.646000
NR2D1BWP30P140     tcbn28hpcplusbwp30p140tt1v25c_ccs     0.378000       6     2.268000
NR2D1BWP30P140HVT  tcbn28hpcplusbwp30p140hvttt1v25c_ccs     0.378000       3     1.134000
NR2D1P5BWP30P140   tcbn28hpcplusbwp30p140tt1v25c_ccs     0.630000       1     0.630000
NR2OPTIBD1BWP30P140HVT tcbn28hpcplusbwp30p140hvttt1v25c_ccs     0.378000      16     6.048000
NR2OPTIBD1BWP40P140EHVT tcbn28hpcplusbwp40p140ehvttt1v25c_ccs     0.378000       3     1.134000
NR3D0BWP30P140     tcbn28hpcplusbwp30p140tt1v25c_ccs     0.504000       1     0.504000
NR3D0BWP30P140HVT  tcbn28hpcplusbwp30p140hvttt1v25c_ccs     0.504000       2     1.008000
NR3D0BWP40P140EHVT tcbn28hpcplusbwp40p140ehvttt1v25c_ccs     0.504000       4     2.016000
OA21D0BWP40P140EHVT tcbn28hpcplusbwp40p140ehvttt1v25c_ccs     0.630000       3     1.890000
OA21D1BWP30P140HVT tcbn28hpcplusbwp30p140hvttt1v25c_ccs     0.630000       1     0.630000
OA22D0BWP40P140EHVT tcbn28hpcplusbwp40p140ehvttt1v25c_ccs     0.882000       1     0.882000
OA22D1BWP30P140HVT tcbn28hpcplusbwp30p140hvttt1v25c_ccs     0.882000       1     0.882000
OA211D0BWP40P140EHVT tcbn28hpcplusbwp40p140ehvttt1v25c_ccs     0.756000       2     1.512000
OAI21D0BWP40P140EHVT tcbn28hpcplusbwp40p140ehvttt1v25c_ccs     0.504000       6     3.024000
OAI21D0P7BWP30P140HVT tcbn28hpcplusbwp30p140hvttt1v25c_ccs     0.504000       1     0.504000
OAI21D1BWP30P140HVT tcbn28hpcplusbwp30p140hvttt1v25c_ccs     0.504000       3     1.512000
OAI21D1BWP40P140EHVT tcbn28hpcplusbwp40p140ehvttt1v25c_ccs     0.504000       1     0.504000
OAI22D0BWP30P140HVT tcbn28hpcplusbwp30p140hvttt1v25c_ccs     0.630000       4     2.520000
OAI22D0BWP40P140EHVT tcbn28hpcplusbwp40p140ehvttt1v25c_ccs     0.630000       5     3.150000
OAI22D0P7BWP40P140EHVT tcbn28hpcplusbwp40p140ehvttt1v25c_ccs     0.630000       2     1.260000
OAI22D1BWP30P140   tcbn28hpcplusbwp30p140tt1v25c_ccs     0.630000       3     1.890000
OAI22D1BWP30P140HVT tcbn28hpcplusbwp30p140hvttt1v25c_ccs     0.630000       4     2.520000
OAI22D1BWP30P140LVT tcbn28hpcplusbwp30p140lvttt1v25c_ccs     0.630000       1     0.630000
OAI31D0BWP40P140EHVT tcbn28hpcplusbwp40p140ehvttt1v25c_ccs     0.630000       1     0.630000
OAI211D1BWP30P140  tcbn28hpcplusbwp30p140tt1v25c_ccs     0.630000       1     0.630000
OAI211D1BWP30P140LVT tcbn28hpcplusbwp30p140lvttt1v25c_ccs     0.630000       1     0.630000
OR2D0BWP40P140EHVT tcbn28hpcplusbwp40p140ehvttt1v25c_ccs     0.504000       5     2.520000
OR2D1BWP30P140     tcbn28hpcplusbwp30p140tt1v25c_ccs     0.504000       1     0.504000
OR2D1BWP30P140HVT  tcbn28hpcplusbwp30p140hvttt1v25c_ccs     0.504000       4     2.016000
OR2D1BWP40P140EHVT tcbn28hpcplusbwp40p140ehvttt1v25c_ccs     0.504000       3     1.512000
XNR2UD0BWP30P140HVT tcbn28hpcplusbwp30p140hvttt1v25c_ccs     0.882000       2     1.764000
XNR2UD0BWP40P140EHVT tcbn28hpcplusbwp40p140ehvttt1v25c_ccs     0.882000       7     6.174000
XNR2UD1BWP30P140   tcbn28hpcplusbwp30p140tt1v25c_ccs     0.882000       2     1.764000
XNR2UD1BWP30P140HVT tcbn28hpcplusbwp30p140hvttt1v25c_ccs     0.882000       1     0.882000
XNR2UD1BWP30P140LVT tcbn28hpcplusbwp30p140lvttt1v25c_ccs     0.882000       3     2.646000
XNR2UD1BWP40P140EHVT tcbn28hpcplusbwp40p140ehvttt1v25c_ccs     0.882000       1     0.882000
XOR2UD0BWP30P140   tcbn28hpcplusbwp30p140tt1v25c_ccs     0.882000       1     0.882000
XOR2UD0BWP30P140HVT tcbn28hpcplusbwp30p140hvttt1v25c_ccs     0.882000       1     0.882000
XOR2UD0BWP40P140EHVT tcbn28hpcplusbwp40p140ehvttt1v25c_ccs     0.882000       2     1.764000
XOR2UD1BWP30P140HVT tcbn28hpcplusbwp30p140hvttt1v25c_ccs     0.882000       1     0.882000
XOR2UD1BWP40P140EHVT tcbn28hpcplusbwp40p140ehvttt1v25c_ccs     0.882000       1     0.882000
-----------------------------------------------------------------------------
Total 113 references                                  215.459999

****************************************
Design: requant_rne_ACC_W22_DATA_WIDTH8_SHW5_4 
****************************************
Reference          Library       Unit Area   Count    Total Area   Attributes
-----------------------------------------------------------------------------
AN2D0BWP40P140EHVT tcbn28hpcplusbwp40p140ehvttt1v25c_ccs     0.504000       3     1.512000
AN2D1BWP30P140     tcbn28hpcplusbwp30p140tt1v25c_ccs     0.504000       1     0.504000
AO211D1BWP30P140HVT tcbn28hpcplusbwp30p140hvttt1v25c_ccs     0.756000       1     0.756000
AOI21D0BWP30P140HVT tcbn28hpcplusbwp30p140hvttt1v25c_ccs     0.504000       1     0.504000
AOI21D0BWP40P140EHVT tcbn28hpcplusbwp40p140ehvttt1v25c_ccs     0.504000       4     2.016000
AOI21D1BWP30P140   tcbn28hpcplusbwp30p140tt1v25c_ccs     0.504000       1     0.504000
AOI21D1BWP30P140HVT tcbn28hpcplusbwp30p140hvttt1v25c_ccs     0.504000       1     0.504000
AOI22D0BWP30P140HVT tcbn28hpcplusbwp30p140hvttt1v25c_ccs     0.630000       2     1.260000
AOI22D0BWP40P140EHVT tcbn28hpcplusbwp40p140ehvttt1v25c_ccs     0.630000       2     1.260000
AOI22D1BWP30P140HVT tcbn28hpcplusbwp30p140hvttt1v25c_ccs     0.630000       7     4.410000
AOI31D0BWP40P140EHVT tcbn28hpcplusbwp40p140ehvttt1v25c_ccs     0.630000       1     0.630000
AOI211D0BWP40P140EHVT tcbn28hpcplusbwp40p140ehvttt1v25c_ccs     0.630000       2     1.260000
AOI211D1BWP30P140HVT tcbn28hpcplusbwp30p140hvttt1v25c_ccs     0.630000       1     0.630000
CKND2D1BWP40P140EHVT tcbn28hpcplusbwp40p140ehvttt1v25c_ccs     0.378000       5     1.890000
FA1D1BWP30P140     tcbn28hpcplusbwp30p140tt1v25c_ccs     2.142000      10    21.420000 r
IAO21D1BWP30P140HVT tcbn28hpcplusbwp30p140hvttt1v25c_ccs     0.630000       1     0.630000
IND2D0BWP40P140EHVT tcbn28hpcplusbwp40p140ehvttt1v25c_ccs     0.504000       1     0.504000
IND2D1BWP30P140    tcbn28hpcplusbwp30p140tt1v25c_ccs     0.504000       1     0.504000
IND2D1BWP30P140HVT tcbn28hpcplusbwp30p140hvttt1v25c_ccs     0.504000       1     0.504000
IND2D1BWP40P140EHVT tcbn28hpcplusbwp40p140ehvttt1v25c_ccs     0.504000       1     0.504000
INR2D0BWP30P140HVT tcbn28hpcplusbwp30p140hvttt1v25c_ccs     0.504000       4     2.016000
INR2D0BWP40P140EHVT tcbn28hpcplusbwp40p140ehvttt1v25c_ccs     0.504000      19     9.576000
INR2D1BWP30P140    tcbn28hpcplusbwp30p140tt1v25c_ccs     0.504000       1     0.504000
INR2D1BWP30P140HVT tcbn28hpcplusbwp30p140hvttt1v25c_ccs     0.504000       3     1.512000
INR2D1BWP30P140LVT tcbn28hpcplusbwp30p140lvttt1v25c_ccs     0.504000       1     0.504000
INR2D2BWP30P140    tcbn28hpcplusbwp30p140tt1v25c_ccs     0.756000       1     0.756000
INR4D0BWP30P140    tcbn28hpcplusbwp30p140tt1v25c_ccs     0.756000       1     0.756000
INR4D0BWP40P140EHVT tcbn28hpcplusbwp40p140ehvttt1v25c_ccs     0.756000       1     0.756000
INVD0BWP40P140EHVT tcbn28hpcplusbwp40p140ehvttt1v25c_ccs     0.252000      52    13.104000
INVD0P7BWP30P140HVT tcbn28hpcplusbwp30p140hvttt1v25c_ccs     0.252000       5     1.260000
INVD0P7BWP40P140EHVT tcbn28hpcplusbwp40p140ehvttt1v25c_ccs     0.252000       2     0.504000
INVD1BWP30P140     tcbn28hpcplusbwp30p140tt1v25c_ccs     0.252000       2     0.504000
INVD1BWP30P140HVT  tcbn28hpcplusbwp30p140hvttt1v25c_ccs     0.252000       6     1.512000
INVD1BWP30P140LVT  tcbn28hpcplusbwp30p140lvttt1v25c_ccs     0.252000       1     0.252000
INVD1BWP40P140EHVT tcbn28hpcplusbwp40p140ehvttt1v25c_ccs     0.252000       3     0.756000
INVD2BWP30P140HVT  tcbn28hpcplusbwp30p140hvttt1v25c_ccs     0.378000       2     0.756000
IOA21D0BWP40P140EHVT tcbn28hpcplusbwp40p140ehvttt1v25c_ccs     0.630000       2     1.260000
MAOI22D0BWP30P140HVT tcbn28hpcplusbwp30p140hvttt1v25c_ccs     0.756000       4     3.024000
MAOI22D1BWP30P140  tcbn28hpcplusbwp30p140tt1v25c_ccs     0.756000       2     1.512000
MAOI22D1BWP40P140EHVT tcbn28hpcplusbwp40p140ehvttt1v25c_ccs     0.756000       5     3.780000
MAOI222D0BWP40P140EHVT tcbn28hpcplusbwp40p140ehvttt1v25c_ccs     0.756000       1     0.756000
MOAI22D0BWP30P140  tcbn28hpcplusbwp30p140tt1v25c_ccs     0.756000       1     0.756000
MOAI22D0BWP30P140HVT tcbn28hpcplusbwp30p140hvttt1v25c_ccs     0.756000       1     0.756000
MOAI22D0BWP40P140EHVT tcbn28hpcplusbwp40p140ehvttt1v25c_ccs     0.756000       2     1.512000
MOAI22D1BWP30P140  tcbn28hpcplusbwp30p140tt1v25c_ccs     0.756000       3     2.268000
MOAI22D1BWP30P140HVT tcbn28hpcplusbwp30p140hvttt1v25c_ccs     0.756000       4     3.024000
MOAI22D1BWP30P140LVT tcbn28hpcplusbwp30p140lvttt1v25c_ccs     0.756000       1     0.756000
MOAI22D1BWP40P140EHVT tcbn28hpcplusbwp40p140ehvttt1v25c_ccs     0.756000       1     0.756000
MUX2NUD1BWP30P140  tcbn28hpcplusbwp30p140tt1v25c_ccs     0.756000       1     0.756000
MUX2NUD1BWP30P140HVT tcbn28hpcplusbwp30p140hvttt1v25c_ccs     0.756000       5     3.780000
MUX2NUD1BWP30P140LVT tcbn28hpcplusbwp30p140lvttt1v25c_ccs     0.756000       1     0.756000
MUX2NUD1BWP40P140EHVT tcbn28hpcplusbwp40p140ehvttt1v25c_ccs     0.756000       2     1.512000
ND2D0BWP30P140HVT  tcbn28hpcplusbwp30p140hvttt1v25c_ccs     0.378000       2     0.756000
ND2D0BWP40P140EHVT tcbn28hpcplusbwp40p140ehvttt1v25c_ccs     0.378000      28    10.584000
ND2D0P7BWP40P140EHVT tcbn28hpcplusbwp40p140ehvttt1v25c_ccs     0.378000       2     0.756000
ND2D1BWP30P140     tcbn28hpcplusbwp30p140tt1v25c_ccs     0.378000       4     1.512000
ND2D1BWP30P140HVT  tcbn28hpcplusbwp30p140hvttt1v25c_ccs     0.378000       5     1.890000
ND2D1BWP30P140LVT  tcbn28hpcplusbwp30p140lvttt1v25c_ccs     0.378000       2     0.756000
ND2D2BWP30P140     tcbn28hpcplusbwp30p140tt1v25c_ccs     0.630000       1     0.630000
ND2OPTIBD1BWP30P140HVT tcbn28hpcplusbwp30p140hvttt1v25c_ccs     0.378000      10     3.780000
ND3D0BWP30P140HVT  tcbn28hpcplusbwp30p140hvttt1v25c_ccs     0.504000       1     0.504000
ND3D0BWP40P140EHVT tcbn28hpcplusbwp40p140ehvttt1v25c_ccs     0.504000       4     2.016000
ND3D0P7BWP30P140HVT tcbn28hpcplusbwp30p140hvttt1v25c_ccs     0.504000       2     1.008000
ND3D1BWP30P140     tcbn28hpcplusbwp30p140tt1v25c_ccs     0.504000       1     0.504000
ND3D1BWP30P140HVT  tcbn28hpcplusbwp30p140hvttt1v25c_ccs     0.504000       2     1.008000
NR2D0BWP30P140HVT  tcbn28hpcplusbwp30p140hvttt1v25c_ccs     0.378000       4     1.512000
NR2D0BWP40P140EHVT tcbn28hpcplusbwp40p140ehvttt1v25c_ccs     0.378000      47    17.766000
NR2D0P7BWP40P140EHVT tcbn28hpcplusbwp40p140ehvttt1v25c_ccs     0.378000       2     0.756000
NR2D1BWP30P140     tcbn28hpcplusbwp30p140tt1v25c_ccs     0.378000       9     3.402000
NR2D1BWP30P140HVT  tcbn28hpcplusbwp30p140hvttt1v25c_ccs     0.378000       2     0.756000
NR2D1BWP30P140LVT  tcbn28hpcplusbwp30p140lvttt1v25c_ccs     0.378000       2     0.756000
NR2OPTIBD1BWP30P140HVT tcbn28hpcplusbwp30p140hvttt1v25c_ccs     0.378000      14     5.292000
NR2OPTIBD1BWP40P140EHVT tcbn28hpcplusbwp40p140ehvttt1v25c_ccs     0.378000       3     1.134000
NR3D0BWP30P140     tcbn28hpcplusbwp30p140tt1v25c_ccs     0.504000       1     0.504000
NR3D0BWP30P140HVT  tcbn28hpcplusbwp30p140hvttt1v25c_ccs     0.504000       3     1.512000
NR3D0BWP40P140EHVT tcbn28hpcplusbwp40p140ehvttt1v25c_ccs     0.504000       3     1.512000
OA21D0BWP40P140EHVT tcbn28hpcplusbwp40p140ehvttt1v25c_ccs     0.630000       4     2.520000
OA22D0BWP40P140EHVT tcbn28hpcplusbwp40p140ehvttt1v25c_ccs     0.882000       2     1.764000
OA211D0BWP40P140EHVT tcbn28hpcplusbwp40p140ehvttt1v25c_ccs     0.756000       2     1.512000
OAI21D0BWP40P140EHVT tcbn28hpcplusbwp40p140ehvttt1v25c_ccs     0.504000       8     4.032000
OAI21D0P7BWP30P140HVT tcbn28hpcplusbwp30p140hvttt1v25c_ccs     0.504000       1     0.504000
OAI21D1BWP30P140HVT tcbn28hpcplusbwp30p140hvttt1v25c_ccs     0.504000       1     0.504000
OAI21D1BWP40P140EHVT tcbn28hpcplusbwp40p140ehvttt1v25c_ccs     0.504000       1     0.504000
OAI22D0BWP30P140HVT tcbn28hpcplusbwp30p140hvttt1v25c_ccs     0.630000       5     3.150000
OAI22D0BWP40P140EHVT tcbn28hpcplusbwp40p140ehvttt1v25c_ccs     0.630000       5     3.150000
OAI22D0P7BWP30P140HVT tcbn28hpcplusbwp30p140hvttt1v25c_ccs     0.630000       2     1.260000
OAI22D0P7BWP40P140EHVT tcbn28hpcplusbwp40p140ehvttt1v25c_ccs     0.630000       1     0.630000
OAI22D1BWP30P140   tcbn28hpcplusbwp30p140tt1v25c_ccs     0.630000       3     1.890000
OAI22D1BWP30P140HVT tcbn28hpcplusbwp30p140hvttt1v25c_ccs     0.630000       1     0.630000
OAI22D1BWP30P140LVT tcbn28hpcplusbwp30p140lvttt1v25c_ccs     0.630000       2     1.260000
OAI31D0BWP40P140EHVT tcbn28hpcplusbwp40p140ehvttt1v25c_ccs     0.630000       1     0.630000
OAI211D0BWP30P140HVT tcbn28hpcplusbwp30p140hvttt1v25c_ccs     0.630000       1     0.630000
OAI211D1BWP30P140HVT tcbn28hpcplusbwp30p140hvttt1v25c_ccs     0.630000       1     0.630000
OR2D0BWP40P140EHVT tcbn28hpcplusbwp40p140ehvttt1v25c_ccs     0.504000       7     3.528000
OR2D1BWP30P140HVT  tcbn28hpcplusbwp30p140hvttt1v25c_ccs     0.504000       4     2.016000
OR2D1BWP40P140EHVT tcbn28hpcplusbwp40p140ehvttt1v25c_ccs     0.504000       2     1.008000
XNR2UD0BWP40P140EHVT tcbn28hpcplusbwp40p140ehvttt1v25c_ccs     0.882000      11     9.702000
XNR2UD1BWP30P140   tcbn28hpcplusbwp30p140tt1v25c_ccs     0.882000       2     1.764000
XNR2UD1BWP30P140HVT tcbn28hpcplusbwp30p140hvttt1v25c_ccs     0.882000       1     0.882000
XNR2UD1BWP30P140LVT tcbn28hpcplusbwp30p140lvttt1v25c_ccs     0.882000       2     1.764000
XOR2UD0BWP30P140HVT tcbn28hpcplusbwp30p140hvttt1v25c_ccs     0.882000       1     0.882000
XOR2UD0BWP40P140EHVT tcbn28hpcplusbwp40p140ehvttt1v25c_ccs     0.882000       4     3.528000
XOR2UD1BWP30P140HVT tcbn28hpcplusbwp30p140hvttt1v25c_ccs     0.882000       1     0.882000
-----------------------------------------------------------------------------
Total 103 references                                  215.459999

****************************************
Design: requant_rne_ACC_W22_DATA_WIDTH8_SHW5_5 
****************************************
Reference          Library       Unit Area   Count    Total Area   Attributes
-----------------------------------------------------------------------------
AN2D0BWP30P140HVT  tcbn28hpcplusbwp30p140hvttt1v25c_ccs     0.504000       1     0.504000
AN2D0BWP40P140EHVT tcbn28hpcplusbwp40p140ehvttt1v25c_ccs     0.504000       3     1.512000
AO211D1BWP30P140HVT tcbn28hpcplusbwp30p140hvttt1v25c_ccs     0.756000       1     0.756000
AOI21D0BWP30P140HVT tcbn28hpcplusbwp30p140hvttt1v25c_ccs     0.504000       1     0.504000
AOI21D0BWP40P140EHVT tcbn28hpcplusbwp40p140ehvttt1v25c_ccs     0.504000       2     1.008000
AOI21D1BWP30P140HVT tcbn28hpcplusbwp30p140hvttt1v25c_ccs     0.504000       3     1.512000
AOI21D1BWP30P140LVT tcbn28hpcplusbwp30p140lvttt1v25c_ccs     0.504000       1     0.504000
AOI22D0BWP30P140HVT tcbn28hpcplusbwp30p140hvttt1v25c_ccs     0.630000       2     1.260000
AOI22D0BWP40P140EHVT tcbn28hpcplusbwp40p140ehvttt1v25c_ccs     0.630000       4     2.520000
AOI22D1BWP30P140HVT tcbn28hpcplusbwp30p140hvttt1v25c_ccs     0.630000       4     2.520000
AOI22D1BWP30P140LVT tcbn28hpcplusbwp30p140lvttt1v25c_ccs     0.630000       1     0.630000
AOI31D0BWP40P140EHVT tcbn28hpcplusbwp40p140ehvttt1v25c_ccs     0.630000       1     0.630000
AOI211D0BWP30P140HVT tcbn28hpcplusbwp30p140hvttt1v25c_ccs     0.630000       1     0.630000
AOI211D0BWP40P140EHVT tcbn28hpcplusbwp40p140ehvttt1v25c_ccs     0.630000       1     0.630000
AOI211D1BWP30P140  tcbn28hpcplusbwp30p140tt1v25c_ccs     0.630000       1     0.630000
CKND2D1BWP40P140EHVT tcbn28hpcplusbwp40p140ehvttt1v25c_ccs     0.378000       6     2.268000
FA1D1BWP30P140     tcbn28hpcplusbwp30p140tt1v25c_ccs     2.142000      10    21.420000 r
IAO21D0BWP30P140HVT tcbn28hpcplusbwp30p140hvttt1v25c_ccs     0.630000       1     0.630000
IND2D0BWP30P140HVT tcbn28hpcplusbwp30p140hvttt1v25c_ccs     0.504000       1     0.504000
IND2D0BWP40P140EHVT tcbn28hpcplusbwp40p140ehvttt1v25c_ccs     0.504000       1     0.504000
IND2D1BWP30P140HVT tcbn28hpcplusbwp30p140hvttt1v25c_ccs     0.504000       1     0.504000
IND2D1BWP40P140EHVT tcbn28hpcplusbwp40p140ehvttt1v25c_ccs     0.504000       1     0.504000
INR2D0BWP30P140HVT tcbn28hpcplusbwp30p140hvttt1v25c_ccs     0.504000       3     1.512000
INR2D0BWP30P140LVT tcbn28hpcplusbwp30p140lvttt1v25c_ccs     0.504000       1     0.504000
INR2D0BWP40P140EHVT tcbn28hpcplusbwp40p140ehvttt1v25c_ccs     0.504000      20    10.080000
INR2D1BWP30P140    tcbn28hpcplusbwp30p140tt1v25c_ccs     0.504000       2     1.008000
INR2D1BWP30P140HVT tcbn28hpcplusbwp30p140hvttt1v25c_ccs     0.504000       2     1.008000
INR2D1BWP30P140LVT tcbn28hpcplusbwp30p140lvttt1v25c_ccs     0.504000       1     0.504000
INR4D0BWP30P140    tcbn28hpcplusbwp30p140tt1v25c_ccs     0.756000       1     0.756000
INR4D0BWP40P140EHVT tcbn28hpcplusbwp40p140ehvttt1v25c_ccs     0.756000       1     0.756000
INVD0BWP30P140HVT  tcbn28hpcplusbwp30p140hvttt1v25c_ccs     0.252000       1     0.252000
INVD0BWP40P140EHVT tcbn28hpcplusbwp40p140ehvttt1v25c_ccs     0.252000      51    12.852000
INVD0P7BWP30P140HVT tcbn28hpcplusbwp30p140hvttt1v25c_ccs     0.252000       2     0.504000
INVD0P7BWP40P140EHVT tcbn28hpcplusbwp40p140ehvttt1v25c_ccs     0.252000       5     1.260000
INVD1BWP30P140     tcbn28hpcplusbwp30p140tt1v25c_ccs     0.252000       3     0.756000
INVD1BWP30P140HVT  tcbn28hpcplusbwp30p140hvttt1v25c_ccs     0.252000       8     2.016000
INVD1BWP30P140LVT  tcbn28hpcplusbwp30p140lvttt1v25c_ccs     0.252000       1     0.252000
INVD1BWP40P140EHVT tcbn28hpcplusbwp40p140ehvttt1v25c_ccs     0.252000       2     0.504000
INVD2BWP30P140HVT  tcbn28hpcplusbwp30p140hvttt1v25c_ccs     0.378000       2     0.756000
IOA21D0BWP40P140EHVT tcbn28hpcplusbwp40p140ehvttt1v25c_ccs     0.630000       2     1.260000
MAOI22D0BWP30P140HVT tcbn28hpcplusbwp30p140hvttt1v25c_ccs     0.756000       2     1.512000
MAOI22D1BWP30P140  tcbn28hpcplusbwp30p140tt1v25c_ccs     0.756000       1     0.756000
MAOI22D1BWP30P140HVT tcbn28hpcplusbwp30p140hvttt1v25c_ccs     0.756000       3     2.268000
MAOI22D1BWP40P140EHVT tcbn28hpcplusbwp40p140ehvttt1v25c_ccs     0.756000       5     3.780000
MAOI222D0BWP40P140EHVT tcbn28hpcplusbwp40p140ehvttt1v25c_ccs     0.756000       1     0.756000
MOAI22D0BWP30P140  tcbn28hpcplusbwp30p140tt1v25c_ccs     0.756000       1     0.756000
MOAI22D0BWP30P140HVT tcbn28hpcplusbwp30p140hvttt1v25c_ccs     0.756000       2     1.512000
MOAI22D0BWP40P140EHVT tcbn28hpcplusbwp40p140ehvttt1v25c_ccs     0.756000       1     0.756000
MOAI22D1BWP30P140  tcbn28hpcplusbwp30p140tt1v25c_ccs     0.756000       3     2.268000
MOAI22D1BWP30P140HVT tcbn28hpcplusbwp30p140hvttt1v25c_ccs     0.756000       3     2.268000
MOAI22D1BWP30P140LVT tcbn28hpcplusbwp30p140lvttt1v25c_ccs     0.756000       2     1.512000
MOAI22D1BWP40P140EHVT tcbn28hpcplusbwp40p140ehvttt1v25c_ccs     0.756000       1     0.756000
MUX2NUD1BWP30P140HVT tcbn28hpcplusbwp30p140hvttt1v25c_ccs     0.756000       6     4.536000
MUX2NUD1BWP30P140LVT tcbn28hpcplusbwp30p140lvttt1v25c_ccs     0.756000       1     0.756000
MUX2NUD1BWP40P140EHVT tcbn28hpcplusbwp40p140ehvttt1v25c_ccs     0.756000       2     1.512000
ND2D0BWP30P140HVT  tcbn28hpcplusbwp30p140hvttt1v25c_ccs     0.378000       5     1.890000
ND2D0BWP40P140EHVT tcbn28hpcplusbwp40p140ehvttt1v25c_ccs     0.378000      27    10.206000
ND2D0P7BWP40P140EHVT tcbn28hpcplusbwp40p140ehvttt1v25c_ccs     0.378000       1     0.378000
ND2D1BWP30P140     tcbn28hpcplusbwp30p140tt1v25c_ccs     0.378000       7     2.646000
ND2D1BWP30P140HVT  tcbn28hpcplusbwp30p140hvttt1v25c_ccs     0.378000       4     1.512000
ND2D1BWP40P140EHVT tcbn28hpcplusbwp40p140ehvttt1v25c_ccs     0.378000       1     0.378000
ND2OPTIBD1BWP30P140HVT tcbn28hpcplusbwp30p140hvttt1v25c_ccs     0.378000       7     2.646000
ND2OPTIBD2BWP30P140 tcbn28hpcplusbwp30p140tt1v25c_ccs     0.630000       1     0.630000
ND3D0BWP40P140EHVT tcbn28hpcplusbwp40p140ehvttt1v25c_ccs     0.504000       5     2.520000
ND3D0P7BWP30P140HVT tcbn28hpcplusbwp30p140hvttt1v25c_ccs     0.504000       2     1.008000
ND3D1BWP30P140HVT  tcbn28hpcplusbwp30p140hvttt1v25c_ccs     0.504000       2     1.008000
ND3D1BWP30P140LVT  tcbn28hpcplusbwp30p140lvttt1v25c_ccs     0.504000       1     0.504000
NR2D0BWP30P140HVT  tcbn28hpcplusbwp30p140hvttt1v25c_ccs     0.378000       6     2.268000
NR2D0BWP40P140EHVT tcbn28hpcplusbwp40p140ehvttt1v25c_ccs     0.378000      46    17.388000
NR2D0P7BWP40P140EHVT tcbn28hpcplusbwp40p140ehvttt1v25c_ccs     0.378000       6     2.268000
NR2D1BWP30P140     tcbn28hpcplusbwp30p140tt1v25c_ccs     0.378000       5     1.890000
NR2D1P5BWP30P140   tcbn28hpcplusbwp30p140tt1v25c_ccs     0.630000       1     0.630000
NR2OPTIBD1BWP30P140HVT tcbn28hpcplusbwp30p140hvttt1v25c_ccs     0.378000      15     5.670000
NR2OPTIBD1BWP40P140EHVT tcbn28hpcplusbwp40p140ehvttt1v25c_ccs     0.378000       4     1.512000
NR3D0BWP30P140     tcbn28hpcplusbwp30p140tt1v25c_ccs     0.504000       1     0.504000
NR3D0BWP30P140HVT  tcbn28hpcplusbwp30p140hvttt1v25c_ccs     0.504000       3     1.512000
NR3D0BWP40P140EHVT tcbn28hpcplusbwp40p140ehvttt1v25c_ccs     0.504000       3     1.512000
OA21D0BWP40P140EHVT tcbn28hpcplusbwp40p140ehvttt1v25c_ccs     0.630000       4     2.520000
OA22D0BWP40P140EHVT tcbn28hpcplusbwp40p140ehvttt1v25c_ccs     0.882000       2     1.764000
OA211D0BWP40P140EHVT tcbn28hpcplusbwp40p140ehvttt1v25c_ccs     0.756000       2     1.512000
OAI21D0BWP40P140EHVT tcbn28hpcplusbwp40p140ehvttt1v25c_ccs     0.504000       8     4.032000
OAI21D0P7BWP30P140HVT tcbn28hpcplusbwp30p140hvttt1v25c_ccs     0.504000       1     0.504000
OAI21D1BWP30P140HVT tcbn28hpcplusbwp30p140hvttt1v25c_ccs     0.504000       2     1.008000
OAI22D0BWP30P140   tcbn28hpcplusbwp30p140tt1v25c_ccs     0.630000       1     0.630000
OAI22D0BWP30P140HVT tcbn28hpcplusbwp30p140hvttt1v25c_ccs     0.630000       2     1.260000
OAI22D0BWP40P140EHVT tcbn28hpcplusbwp40p140ehvttt1v25c_ccs     0.630000       6     3.780000
OAI22D0P7BWP40P140EHVT tcbn28hpcplusbwp40p140ehvttt1v25c_ccs     0.630000       1     0.630000
OAI22D1BWP30P140   tcbn28hpcplusbwp30p140tt1v25c_ccs     0.630000       1     0.630000
OAI22D1BWP30P140HVT tcbn28hpcplusbwp30p140hvttt1v25c_ccs     0.630000       8     5.040000
OAI31D0BWP40P140EHVT tcbn28hpcplusbwp40p140ehvttt1v25c_ccs     0.630000       1     0.630000
OAI211D1BWP30P140  tcbn28hpcplusbwp30p140tt1v25c_ccs     0.630000       1     0.630000
OAI211D1BWP30P140LVT tcbn28hpcplusbwp30p140lvttt1v25c_ccs     0.630000       1     0.630000
OR2D0BWP40P140EHVT tcbn28hpcplusbwp40p140ehvttt1v25c_ccs     0.504000       5     2.520000
OR2D1BWP30P140HVT  tcbn28hpcplusbwp30p140hvttt1v25c_ccs     0.504000       5     2.520000
OR2D1BWP40P140EHVT tcbn28hpcplusbwp40p140ehvttt1v25c_ccs     0.504000       3     1.512000
XNR2D1BWP30P140    tcbn28hpcplusbwp30p140tt1v25c_ccs     1.008000       1     1.008000
XNR2UD0BWP30P140HVT tcbn28hpcplusbwp30p140hvttt1v25c_ccs     0.882000       3     2.646000
XNR2UD0BWP40P140EHVT tcbn28hpcplusbwp40p140ehvttt1v25c_ccs     0.882000       5     4.410000
XNR2UD1BWP30P140   tcbn28hpcplusbwp30p140tt1v25c_ccs     0.882000       1     0.882000
XNR2UD1BWP30P140HVT tcbn28hpcplusbwp30p140hvttt1v25c_ccs     0.882000       1     0.882000
XNR2UD1BWP30P140LVT tcbn28hpcplusbwp30p140lvttt1v25c_ccs     0.882000       4     3.528000
XNR2UD1BWP40P140EHVT tcbn28hpcplusbwp40p140ehvttt1v25c_ccs     0.882000       1     0.882000
XOR2UD0BWP30P140HVT tcbn28hpcplusbwp30p140hvttt1v25c_ccs     0.882000       1     0.882000
XOR2UD0BWP40P140EHVT tcbn28hpcplusbwp40p140ehvttt1v25c_ccs     0.882000       3     2.646000
XOR2UD1BWP30P140HVT tcbn28hpcplusbwp30p140hvttt1v25c_ccs     0.882000       1     0.882000
XOR2UD1BWP40P140EHVT tcbn28hpcplusbwp40p140ehvttt1v25c_ccs     0.882000       1     0.882000
-----------------------------------------------------------------------------
Total 106 references                                  216.089999

****************************************
Design: requant_rne_ACC_W22_DATA_WIDTH8_SHW5_6 
****************************************
Reference          Library       Unit Area   Count    Total Area   Attributes
-----------------------------------------------------------------------------
AN2D0BWP40P140EHVT tcbn28hpcplusbwp40p140ehvttt1v25c_ccs     0.504000       4     2.016000
AO211D1BWP30P140HVT tcbn28hpcplusbwp30p140hvttt1v25c_ccs     0.756000       1     0.756000
AOI21D0BWP30P140HVT tcbn28hpcplusbwp30p140hvttt1v25c_ccs     0.504000       1     0.504000
AOI21D0BWP40P140EHVT tcbn28hpcplusbwp40p140ehvttt1v25c_ccs     0.504000       3     1.512000
AOI21D1BWP30P140   tcbn28hpcplusbwp30p140tt1v25c_ccs     0.504000       1     0.504000
AOI21D1BWP30P140HVT tcbn28hpcplusbwp30p140hvttt1v25c_ccs     0.504000       2     1.008000
AOI22D0BWP30P140HVT tcbn28hpcplusbwp30p140hvttt1v25c_ccs     0.630000       1     0.630000
AOI22D0BWP40P140EHVT tcbn28hpcplusbwp40p140ehvttt1v25c_ccs     0.630000       4     2.520000
AOI22D0P7BWP40P140EHVT tcbn28hpcplusbwp40p140ehvttt1v25c_ccs     0.630000       2     1.260000
AOI22D1BWP30P140HVT tcbn28hpcplusbwp30p140hvttt1v25c_ccs     0.630000       2     1.260000
AOI22D1BWP30P140LVT tcbn28hpcplusbwp30p140lvttt1v25c_ccs     0.630000       1     0.630000
AOI22D1BWP40P140EHVT tcbn28hpcplusbwp40p140ehvttt1v25c_ccs     0.630000       1     0.630000
AOI31D0BWP40P140EHVT tcbn28hpcplusbwp40p140ehvttt1v25c_ccs     0.630000       1     0.630000
AOI211D0BWP40P140EHVT tcbn28hpcplusbwp40p140ehvttt1v25c_ccs     0.630000       1     0.630000
AOI211D1BWP30P140  tcbn28hpcplusbwp30p140tt1v25c_ccs     0.630000       1     0.630000
AOI211D1BWP30P140HVT tcbn28hpcplusbwp30p140hvttt1v25c_ccs     0.630000       1     0.630000
CKND2D1BWP40P140EHVT tcbn28hpcplusbwp40p140ehvttt1v25c_ccs     0.378000       7     2.646000
FA1D1BWP30P140     tcbn28hpcplusbwp30p140tt1v25c_ccs     2.142000      10    21.420000 r
IAO21D0BWP30P140HVT tcbn28hpcplusbwp30p140hvttt1v25c_ccs     0.630000       1     0.630000
IND2D0BWP30P140HVT tcbn28hpcplusbwp30p140hvttt1v25c_ccs     0.504000       2     1.008000
IND2D0BWP40P140EHVT tcbn28hpcplusbwp40p140ehvttt1v25c_ccs     0.504000       1     0.504000
IND2D1BWP40P140EHVT tcbn28hpcplusbwp40p140ehvttt1v25c_ccs     0.504000       1     0.504000
INR2D0BWP30P140HVT tcbn28hpcplusbwp30p140hvttt1v25c_ccs     0.504000       2     1.008000
INR2D0BWP40P140EHVT tcbn28hpcplusbwp40p140ehvttt1v25c_ccs     0.504000      19     9.576000
INR2D1BWP30P140    tcbn28hpcplusbwp30p140tt1v25c_ccs     0.504000       2     1.008000
INR2D1BWP30P140HVT tcbn28hpcplusbwp30p140hvttt1v25c_ccs     0.504000       3     1.512000
INR2D1BWP30P140LVT tcbn28hpcplusbwp30p140lvttt1v25c_ccs     0.504000       2     1.008000
INR2D1BWP40P140EHVT tcbn28hpcplusbwp40p140ehvttt1v25c_ccs     0.504000       1     0.504000
INR4D0BWP30P140    tcbn28hpcplusbwp30p140tt1v25c_ccs     0.756000       1     0.756000
INR4D0BWP40P140EHVT tcbn28hpcplusbwp40p140ehvttt1v25c_ccs     0.756000       1     0.756000
INVD0BWP30P140HVT  tcbn28hpcplusbwp30p140hvttt1v25c_ccs     0.252000       3     0.756000
INVD0BWP40P140EHVT tcbn28hpcplusbwp40p140ehvttt1v25c_ccs     0.252000      51    12.852000
INVD0P7BWP30P140HVT tcbn28hpcplusbwp30p140hvttt1v25c_ccs     0.252000       2     0.504000
INVD0P7BWP40P140EHVT tcbn28hpcplusbwp40p140ehvttt1v25c_ccs     0.252000       3     0.756000
INVD1BWP30P140     tcbn28hpcplusbwp30p140tt1v25c_ccs     0.252000       5     1.260000
INVD1BWP30P140HVT  tcbn28hpcplusbwp30p140hvttt1v25c_ccs     0.252000       7     1.764000
INVD1BWP30P140LVT  tcbn28hpcplusbwp30p140lvttt1v25c_ccs     0.252000       2     0.504000
INVD2BWP30P140HVT  tcbn28hpcplusbwp30p140hvttt1v25c_ccs     0.378000       2     0.756000
IOA21D0BWP40P140EHVT tcbn28hpcplusbwp40p140ehvttt1v25c_ccs     0.630000       2     1.260000
MAOI22D0BWP30P140HVT tcbn28hpcplusbwp30p140hvttt1v25c_ccs     0.756000       2     1.512000
MAOI22D1BWP30P140  tcbn28hpcplusbwp30p140tt1v25c_ccs     0.756000       1     0.756000
MAOI22D1BWP30P140HVT tcbn28hpcplusbwp30p140hvttt1v25c_ccs     0.756000       2     1.512000
MAOI22D1BWP30P140LVT tcbn28hpcplusbwp30p140lvttt1v25c_ccs     0.756000       1     0.756000
MAOI22D1BWP40P140EHVT tcbn28hpcplusbwp40p140ehvttt1v25c_ccs     0.756000       5     3.780000
MAOI222D0BWP40P140EHVT tcbn28hpcplusbwp40p140ehvttt1v25c_ccs     0.756000       1     0.756000
MOAI22D0BWP30P140  tcbn28hpcplusbwp30p140tt1v25c_ccs     0.756000       1     0.756000
MOAI22D0BWP30P140HVT tcbn28hpcplusbwp30p140hvttt1v25c_ccs     0.756000       1     0.756000
MOAI22D0BWP40P140EHVT tcbn28hpcplusbwp40p140ehvttt1v25c_ccs     0.756000       1     0.756000
MOAI22D1BWP30P140  tcbn28hpcplusbwp30p140tt1v25c_ccs     0.756000       5     3.780000
MOAI22D1BWP30P140HVT tcbn28hpcplusbwp30p140hvttt1v25c_ccs     0.756000       1     0.756000
MOAI22D1BWP30P140LVT tcbn28hpcplusbwp30p140lvttt1v25c_ccs     0.756000       2     1.512000
MOAI22D1BWP40P140EHVT tcbn28hpcplusbwp40p140ehvttt1v25c_ccs     0.756000       2     1.512000
MUX2ND0BWP40P140EHVT tcbn28hpcplusbwp40p140ehvttt1v25c_ccs     0.756000       1     0.756000
MUX2NUD1BWP30P140HVT tcbn28hpcplusbwp30p140hvttt1v25c_ccs     0.756000       5     3.780000
MUX2NUD1BWP30P140LVT tcbn28hpcplusbwp30p140lvttt1v25c_ccs     0.756000       1     0.756000
MUX2NUD1BWP40P140EHVT tcbn28hpcplusbwp40p140ehvttt1v25c_ccs     0.756000       2     1.512000
ND2D0BWP30P140HVT  tcbn28hpcplusbwp30p140hvttt1v25c_ccs     0.378000       1     0.378000
ND2D0BWP40P140EHVT tcbn28hpcplusbwp40p140ehvttt1v25c_ccs     0.378000      26     9.828000
ND2D0P7BWP40P140EHVT tcbn28hpcplusbwp40p140ehvttt1v25c_ccs     0.378000       1     0.378000
ND2D1BWP30P140     tcbn28hpcplusbwp30p140tt1v25c_ccs     0.378000       9     3.402000
ND2D1BWP30P140HVT  tcbn28hpcplusbwp30p140hvttt1v25c_ccs     0.378000       3     1.134000
ND2D1BWP40P140EHVT tcbn28hpcplusbwp40p140ehvttt1v25c_ccs     0.378000       2     0.756000
ND2OPTIBD1BWP30P140HVT tcbn28hpcplusbwp30p140hvttt1v25c_ccs     0.378000      10     3.780000
ND3D0BWP40P140EHVT tcbn28hpcplusbwp40p140ehvttt1v25c_ccs     0.504000       4     2.016000
ND3D0P7BWP30P140   tcbn28hpcplusbwp30p140tt1v25c_ccs     0.504000       1     0.504000
ND3D0P7BWP30P140HVT tcbn28hpcplusbwp30p140hvttt1v25c_ccs     0.504000       2     1.008000
ND3D1BWP30P140HVT  tcbn28hpcplusbwp30p140hvttt1v25c_ccs     0.504000       2     1.008000
ND3D1BWP30P140LVT  tcbn28hpcplusbwp30p140lvttt1v25c_ccs     0.504000       1     0.504000
NR2D0BWP30P140HVT  tcbn28hpcplusbwp30p140hvttt1v25c_ccs     0.378000       6     2.268000
NR2D0BWP40P140EHVT tcbn28hpcplusbwp40p140ehvttt1v25c_ccs     0.378000      43    16.254000
NR2D0P7BWP40P140EHVT tcbn28hpcplusbwp40p140ehvttt1v25c_ccs     0.378000       3     1.134000
NR2D1BWP30P140     tcbn28hpcplusbwp30p140tt1v25c_ccs     0.378000       3     1.134000
NR2D1P5BWP30P140   tcbn28hpcplusbwp30p140tt1v25c_ccs     0.630000       1     0.630000
NR2OPTIBD1BWP30P140HVT tcbn28hpcplusbwp30p140hvttt1v25c_ccs     0.378000      20     7.560000
NR2OPTIBD1BWP40P140EHVT tcbn28hpcplusbwp40p140ehvttt1v25c_ccs     0.378000       7     2.646000
NR3D0BWP30P140     tcbn28hpcplusbwp30p140tt1v25c_ccs     0.504000       1     0.504000
NR3D0BWP30P140HVT  tcbn28hpcplusbwp30p140hvttt1v25c_ccs     0.504000       2     1.008000
NR3D0BWP40P140EHVT tcbn28hpcplusbwp40p140ehvttt1v25c_ccs     0.504000       4     2.016000
OA21D0BWP40P140EHVT tcbn28hpcplusbwp40p140ehvttt1v25c_ccs     0.630000       4     2.520000
OA22D0BWP40P140EHVT tcbn28hpcplusbwp40p140ehvttt1v25c_ccs     0.882000       1     0.882000
OA22D1BWP30P140HVT tcbn28hpcplusbwp30p140hvttt1v25c_ccs     0.882000       1     0.882000
OA211D0BWP40P140EHVT tcbn28hpcplusbwp40p140ehvttt1v25c_ccs     0.756000       2     1.512000
OAI21D0BWP40P140EHVT tcbn28hpcplusbwp40p140ehvttt1v25c_ccs     0.504000       8     4.032000
OAI21D0P7BWP30P140HVT tcbn28hpcplusbwp30p140hvttt1v25c_ccs     0.504000       1     0.504000
OAI21D1BWP30P140   tcbn28hpcplusbwp30p140tt1v25c_ccs     0.504000       1     0.504000
OAI21D1BWP30P140HVT tcbn28hpcplusbwp30p140hvttt1v25c_ccs     0.504000       1     0.504000
OAI22D0BWP30P140HVT tcbn28hpcplusbwp30p140hvttt1v25c_ccs     0.630000       2     1.260000
OAI22D0BWP40P140EHVT tcbn28hpcplusbwp40p140ehvttt1v25c_ccs     0.630000      10     6.300000
OAI22D0P7BWP30P140HVT tcbn28hpcplusbwp30p140hvttt1v25c_ccs     0.630000       2     1.260000
OAI22D1BWP30P140   tcbn28hpcplusbwp30p140tt1v25c_ccs     0.630000       1     0.630000
OAI22D1BWP30P140HVT tcbn28hpcplusbwp30p140hvttt1v25c_ccs     0.630000       1     0.630000
OAI22D1BWP30P140LVT tcbn28hpcplusbwp30p140lvttt1v25c_ccs     0.630000       2     1.260000
OAI22D1BWP40P140EHVT tcbn28hpcplusbwp40p140ehvttt1v25c_ccs     0.630000       1     0.630000
OAI31D0BWP40P140EHVT tcbn28hpcplusbwp40p140ehvttt1v25c_ccs     0.630000       1     0.630000
OAI211D1BWP30P140  tcbn28hpcplusbwp30p140tt1v25c_ccs     0.630000       1     0.630000
OAI211D1BWP30P140LVT tcbn28hpcplusbwp30p140lvttt1v25c_ccs     0.630000       1     0.630000
OR2D0BWP40P140EHVT tcbn28hpcplusbwp40p140ehvttt1v25c_ccs     0.504000       5     2.520000
OR2D1BWP30P140     tcbn28hpcplusbwp30p140tt1v25c_ccs     0.504000       1     0.504000
OR2D1BWP30P140HVT  tcbn28hpcplusbwp30p140hvttt1v25c_ccs     0.504000       5     2.520000
OR2D1BWP40P140EHVT tcbn28hpcplusbwp40p140ehvttt1v25c_ccs     0.504000       2     1.008000
XNR2D1BWP40P140EHVT tcbn28hpcplusbwp40p140ehvttt1v25c_ccs     1.008000       2     2.016000
XNR2UD0BWP40P140EHVT tcbn28hpcplusbwp40p140ehvttt1v25c_ccs     0.882000       5     4.410000
XNR2UD1BWP30P140   tcbn28hpcplusbwp30p140tt1v25c_ccs     0.882000       2     1.764000
XNR2UD1BWP30P140HVT tcbn28hpcplusbwp30p140hvttt1v25c_ccs     0.882000       4     3.528000
XNR2UD1BWP30P140LVT tcbn28hpcplusbwp30p140lvttt1v25c_ccs     0.882000       2     1.764000
XNR2UD1BWP40P140EHVT tcbn28hpcplusbwp40p140ehvttt1v25c_ccs     0.882000       1     0.882000
XOR2UD0BWP30P140HVT tcbn28hpcplusbwp30p140hvttt1v25c_ccs     0.882000       1     0.882000
XOR2UD0BWP40P140EHVT tcbn28hpcplusbwp40p140ehvttt1v25c_ccs     0.882000       3     2.646000
XOR2UD1BWP30P140HVT tcbn28hpcplusbwp30p140hvttt1v25c_ccs     0.882000       1     0.882000
XOR2UD1BWP40P140EHVT tcbn28hpcplusbwp40p140ehvttt1v25c_ccs     0.882000       1     0.882000
-----------------------------------------------------------------------------
Total 110 references                                  215.963999

****************************************
Design: requant_rne_ACC_W22_DATA_WIDTH8_SHW5_7 
****************************************
Reference          Library       Unit Area   Count    Total Area   Attributes
-----------------------------------------------------------------------------
AN2D0BWP40P140EHVT tcbn28hpcplusbwp40p140ehvttt1v25c_ccs     0.504000       3     1.512000
AO211D1BWP30P140HVT tcbn28hpcplusbwp30p140hvttt1v25c_ccs     0.756000       1     0.756000
AOI21D0BWP40P140EHVT tcbn28hpcplusbwp40p140ehvttt1v25c_ccs     0.504000       2     1.008000
AOI21D1BWP30P140HVT tcbn28hpcplusbwp30p140hvttt1v25c_ccs     0.504000       4     2.016000
AOI21D1BWP30P140LVT tcbn28hpcplusbwp30p140lvttt1v25c_ccs     0.504000       1     0.504000
AOI22D0BWP30P140HVT tcbn28hpcplusbwp30p140hvttt1v25c_ccs     0.630000       1     0.630000
AOI22D0BWP40P140EHVT tcbn28hpcplusbwp40p140ehvttt1v25c_ccs     0.630000       4     2.520000
AOI22D1BWP30P140HVT tcbn28hpcplusbwp30p140hvttt1v25c_ccs     0.630000       4     2.520000
AOI22D1BWP30P140LVT tcbn28hpcplusbwp30p140lvttt1v25c_ccs     0.630000       1     0.630000
AOI22D1BWP40P140EHVT tcbn28hpcplusbwp40p140ehvttt1v25c_ccs     0.630000       1     0.630000
AOI31D0BWP40P140EHVT tcbn28hpcplusbwp40p140ehvttt1v25c_ccs     0.630000       1     0.630000
AOI211D0BWP40P140EHVT tcbn28hpcplusbwp40p140ehvttt1v25c_ccs     0.630000       3     1.890000
CKAN2D0BWP40P140EHVT tcbn28hpcplusbwp40p140ehvttt1v25c_ccs     0.504000       1     0.504000
CKND2D1BWP40P140EHVT tcbn28hpcplusbwp40p140ehvttt1v25c_ccs     0.378000       4     1.512000
FA1D0BWP30P140     tcbn28hpcplusbwp30p140tt1v25c_ccs     2.142000       1     2.142000 r
FA1D0BWP30P140HVT  tcbn28hpcplusbwp30p140hvttt1v25c_ccs     2.142000       2     4.284000 r
FA1D1BWP30P140LVT  tcbn28hpcplusbwp30p140lvttt1v25c_ccs     2.142000       6    12.852000 r
FA1D2BWP30P140LVT  tcbn28hpcplusbwp30p140lvttt1v25c_ccs     2.394000       1     2.394000 r
FA1OPTCD2BWP30P140LVT tcbn28hpcplusbwp30p140lvttt1v25c_ccs     3.024000       1     3.024000 r
IAO21D1BWP30P140   tcbn28hpcplusbwp30p140tt1v25c_ccs     0.630000       1     0.630000
IND2D0BWP30P140HVT tcbn28hpcplusbwp30p140hvttt1v25c_ccs     0.504000       1     0.504000
IND2D0BWP40P140EHVT tcbn28hpcplusbwp40p140ehvttt1v25c_ccs     0.504000       2     1.008000
IND2D1BWP30P140HVT tcbn28hpcplusbwp30p140hvttt1v25c_ccs     0.504000       1     0.504000
INR2D0BWP30P140HVT tcbn28hpcplusbwp30p140hvttt1v25c_ccs     0.504000       4     2.016000
INR2D0BWP40P140EHVT tcbn28hpcplusbwp40p140ehvttt1v25c_ccs     0.504000      18     9.072000
INR2D1BWP30P140    tcbn28hpcplusbwp30p140tt1v25c_ccs     0.504000       2     1.008000
INR2D1BWP30P140HVT tcbn28hpcplusbwp30p140hvttt1v25c_ccs     0.504000       2     1.008000
INR2D1BWP30P140LVT tcbn28hpcplusbwp30p140lvttt1v25c_ccs     0.504000       2     1.008000
INR2D2BWP30P140    tcbn28hpcplusbwp30p140tt1v25c_ccs     0.756000       1     0.756000
INR4D0BWP30P140    tcbn28hpcplusbwp30p140tt1v25c_ccs     0.756000       1     0.756000
INR4D0BWP40P140EHVT tcbn28hpcplusbwp40p140ehvttt1v25c_ccs     0.756000       1     0.756000
INVD0BWP30P140HVT  tcbn28hpcplusbwp30p140hvttt1v25c_ccs     0.252000       2     0.504000
INVD0BWP40P140EHVT tcbn28hpcplusbwp40p140ehvttt1v25c_ccs     0.252000      52    13.104000
INVD0P7BWP30P140HVT tcbn28hpcplusbwp30p140hvttt1v25c_ccs     0.252000       3     0.756000
INVD0P7BWP40P140EHVT tcbn28hpcplusbwp40p140ehvttt1v25c_ccs     0.252000       1     0.252000
INVD1BWP30P140     tcbn28hpcplusbwp30p140tt1v25c_ccs     0.252000       6     1.512000
INVD1BWP30P140HVT  tcbn28hpcplusbwp30p140hvttt1v25c_ccs     0.252000       6     1.512000
INVD1BWP30P140LVT  tcbn28hpcplusbwp30p140lvttt1v25c_ccs     0.252000       1     0.252000
INVD1BWP40P140EHVT tcbn28hpcplusbwp40p140ehvttt1v25c_ccs     0.252000       2     0.504000
INVD2BWP30P140HVT  tcbn28hpcplusbwp30p140hvttt1v25c_ccs     0.378000       2     0.756000
IOA21D0BWP40P140EHVT tcbn28hpcplusbwp40p140ehvttt1v25c_ccs     0.630000       2     1.260000
MAOI22D0BWP30P140HVT tcbn28hpcplusbwp30p140hvttt1v25c_ccs     0.756000       3     2.268000
MAOI22D1BWP30P140HVT tcbn28hpcplusbwp30p140hvttt1v25c_ccs     0.756000       5     3.780000
MAOI22D1BWP30P140LVT tcbn28hpcplusbwp30p140lvttt1v25c_ccs     0.756000       1     0.756000
MAOI22D1BWP40P140EHVT tcbn28hpcplusbwp40p140ehvttt1v25c_ccs     0.756000       2     1.512000
MAOI222D0BWP40P140EHVT tcbn28hpcplusbwp40p140ehvttt1v25c_ccs     0.756000       1     0.756000
MOAI22D0BWP30P140  tcbn28hpcplusbwp30p140tt1v25c_ccs     0.756000       1     0.756000
MOAI22D0BWP30P140HVT tcbn28hpcplusbwp30p140hvttt1v25c_ccs     0.756000       3     2.268000
MOAI22D0BWP40P140EHVT tcbn28hpcplusbwp40p140ehvttt1v25c_ccs     0.756000       1     0.756000
MOAI22D1BWP30P140  tcbn28hpcplusbwp30p140tt1v25c_ccs     0.756000       4     3.024000
MOAI22D1BWP30P140HVT tcbn28hpcplusbwp30p140hvttt1v25c_ccs     0.756000       2     1.512000
MOAI22D1BWP30P140LVT tcbn28hpcplusbwp30p140lvttt1v25c_ccs     0.756000       1     0.756000
MOAI22D1BWP40P140EHVT tcbn28hpcplusbwp40p140ehvttt1v25c_ccs     0.756000       1     0.756000
MUX2ND0BWP30P140HVT tcbn28hpcplusbwp30p140hvttt1v25c_ccs     0.756000       1     0.756000
MUX2ND0BWP40P140EHVT tcbn28hpcplusbwp40p140ehvttt1v25c_ccs     0.756000       5     3.780000
MUX2NUD1BWP30P140HVT tcbn28hpcplusbwp30p140hvttt1v25c_ccs     0.756000       2     1.512000
MUX2NUD1BWP30P140LVT tcbn28hpcplusbwp30p140lvttt1v25c_ccs     0.756000       1     0.756000
ND2D0BWP30P140HVT  tcbn28hpcplusbwp30p140hvttt1v25c_ccs     0.378000       2     0.756000
ND2D0BWP40P140EHVT tcbn28hpcplusbwp40p140ehvttt1v25c_ccs     0.378000      26     9.828000
ND2D0P7BWP40P140EHVT tcbn28hpcplusbwp40p140ehvttt1v25c_ccs     0.378000       3     1.134000
ND2D1BWP30P140     tcbn28hpcplusbwp30p140tt1v25c_ccs     0.378000       6     2.268000
ND2D1BWP30P140HVT  tcbn28hpcplusbwp30p140hvttt1v25c_ccs     0.378000       9     3.402000
ND2OPTIBD1BWP30P140HVT tcbn28hpcplusbwp30p140hvttt1v25c_ccs     0.378000       8     3.024000
ND2OPTIBD2BWP30P140 tcbn28hpcplusbwp30p140tt1v25c_ccs     0.630000       1     0.630000
ND3D0BWP30P140HVT  tcbn28hpcplusbwp30p140hvttt1v25c_ccs     0.504000       1     0.504000
ND3D0BWP40P140EHVT tcbn28hpcplusbwp40p140ehvttt1v25c_ccs     0.504000       4     2.016000
ND3D1BWP30P140     tcbn28hpcplusbwp30p140tt1v25c_ccs     0.504000       3     1.512000
ND3D1BWP30P140HVT  tcbn28hpcplusbwp30p140hvttt1v25c_ccs     0.504000       1     0.504000
ND3D1BWP30P140LVT  tcbn28hpcplusbwp30p140lvttt1v25c_ccs     0.504000       1     0.504000
NR2D0BWP30P140HVT  tcbn28hpcplusbwp30p140hvttt1v25c_ccs     0.378000       4     1.512000
NR2D0BWP40P140EHVT tcbn28hpcplusbwp40p140ehvttt1v25c_ccs     0.378000      47    17.766000
NR2D0P7BWP40P140EHVT tcbn28hpcplusbwp40p140ehvttt1v25c_ccs     0.378000       2     0.756000
NR2D1BWP30P140     tcbn28hpcplusbwp30p140tt1v25c_ccs     0.378000       6     2.268000
NR2D1BWP30P140HVT  tcbn28hpcplusbwp30p140hvttt1v25c_ccs     0.378000       1     0.378000
NR2D2BWP30P140HVT  tcbn28hpcplusbwp30p140hvttt1v25c_ccs     0.630000       1     0.630000
NR2OPTIBD1BWP30P140HVT tcbn28hpcplusbwp30p140hvttt1v25c_ccs     0.378000      16     6.048000
NR2OPTIBD1BWP40P140EHVT tcbn28hpcplusbwp40p140ehvttt1v25c_ccs     0.378000       5     1.890000
NR3D0BWP30P140HVT  tcbn28hpcplusbwp30p140hvttt1v25c_ccs     0.504000       1     0.504000
NR3D0BWP40P140EHVT tcbn28hpcplusbwp40p140ehvttt1v25c_ccs     0.504000       4     2.016000
NR3D0P7BWP30P140   tcbn28hpcplusbwp30p140tt1v25c_ccs     0.504000       1     0.504000
NR3D0P7BWP30P140LVT tcbn28hpcplusbwp30p140lvttt1v25c_ccs     0.504000       1     0.504000
OA21D0BWP30P140HVT tcbn28hpcplusbwp30p140hvttt1v25c_ccs     0.630000       1     0.630000
OA21D0BWP40P140EHVT tcbn28hpcplusbwp40p140ehvttt1v25c_ccs     0.630000       4     2.520000
OA22D0BWP30P140HVT tcbn28hpcplusbwp30p140hvttt1v25c_ccs     0.882000       1     0.882000
OA22D0BWP40P140EHVT tcbn28hpcplusbwp40p140ehvttt1v25c_ccs     0.882000       1     0.882000
OA211D0BWP40P140EHVT tcbn28hpcplusbwp40p140ehvttt1v25c_ccs     0.756000       2     1.512000
OAI21D0BWP30P140   tcbn28hpcplusbwp30p140tt1v25c_ccs     0.504000       1     0.504000
OAI21D0BWP40P140EHVT tcbn28hpcplusbwp40p140ehvttt1v25c_ccs     0.504000       6     3.024000
OAI21D0P7BWP30P140HVT tcbn28hpcplusbwp30p140hvttt1v25c_ccs     0.504000       1     0.504000
OAI21D1BWP30P140   tcbn28hpcplusbwp30p140tt1v25c_ccs     0.504000       1     0.504000
OAI21D1BWP30P140HVT tcbn28hpcplusbwp30p140hvttt1v25c_ccs     0.504000       2     1.008000
OAI22D0BWP30P140HVT tcbn28hpcplusbwp30p140hvttt1v25c_ccs     0.630000       2     1.260000
OAI22D0BWP40P140EHVT tcbn28hpcplusbwp40p140ehvttt1v25c_ccs     0.630000       6     3.780000
OAI22D1BWP30P140   tcbn28hpcplusbwp30p140tt1v25c_ccs     0.630000       5     3.150000
OAI22D1BWP30P140HVT tcbn28hpcplusbwp30p140hvttt1v25c_ccs     0.630000       5     3.150000
OAI22D1BWP30P140LVT tcbn28hpcplusbwp30p140lvttt1v25c_ccs     0.630000       1     0.630000
OAI31D0BWP40P140EHVT tcbn28hpcplusbwp40p140ehvttt1v25c_ccs     0.630000       1     0.630000
OAI211D1BWP30P140LVT tcbn28hpcplusbwp30p140lvttt1v25c_ccs     0.630000       2     1.260000
OR2D0BWP40P140EHVT tcbn28hpcplusbwp40p140ehvttt1v25c_ccs     0.504000       7     3.528000
OR2D1BWP30P140HVT  tcbn28hpcplusbwp30p140hvttt1v25c_ccs     0.504000       8     4.032000
XNR2UD0BWP40P140EHVT tcbn28hpcplusbwp40p140ehvttt1v25c_ccs     0.882000       7     6.174000
XNR2UD1BWP30P140   tcbn28hpcplusbwp30p140tt1v25c_ccs     0.882000       1     0.882000
XNR2UD1BWP30P140HVT tcbn28hpcplusbwp30p140hvttt1v25c_ccs     0.882000       6     5.292000
XNR2UD1BWP40P140EHVT tcbn28hpcplusbwp40p140ehvttt1v25c_ccs     0.882000       2     1.764000
XOR2UD0BWP40P140EHVT tcbn28hpcplusbwp40p140ehvttt1v25c_ccs     0.882000       3     2.646000
XOR2UD1BWP30P140   tcbn28hpcplusbwp30p140tt1v25c_ccs     0.882000       1     0.882000
XOR2UD1BWP30P140HVT tcbn28hpcplusbwp30p140hvttt1v25c_ccs     0.882000       1     0.882000
XOR2UD1BWP40P140EHVT tcbn28hpcplusbwp40p140ehvttt1v25c_ccs     0.882000       1     0.882000
-----------------------------------------------------------------------------
Total 108 references                                  220.751999

****************************************
Design: requant_rne_ACC_W22_DATA_WIDTH8_SHW5_8 
****************************************
Reference          Library       Unit Area   Count    Total Area   Attributes
-----------------------------------------------------------------------------
AN2D0BWP40P140EHVT tcbn28hpcplusbwp40p140ehvttt1v25c_ccs     0.504000       4     2.016000
AO211D1BWP30P140HVT tcbn28hpcplusbwp30p140hvttt1v25c_ccs     0.756000       1     0.756000
AOI21D0BWP30P140HVT tcbn28hpcplusbwp30p140hvttt1v25c_ccs     0.504000       1     0.504000
AOI21D0BWP40P140EHVT tcbn28hpcplusbwp40p140ehvttt1v25c_ccs     0.504000       3     1.512000
AOI21D0P7BWP40P140EHVT tcbn28hpcplusbwp40p140ehvttt1v25c_ccs     0.504000       1     0.504000
AOI21D1BWP30P140HVT tcbn28hpcplusbwp30p140hvttt1v25c_ccs     0.504000       1     0.504000
AOI21D1BWP30P140LVT tcbn28hpcplusbwp30p140lvttt1v25c_ccs     0.504000       1     0.504000
AOI22D0BWP30P140HVT tcbn28hpcplusbwp30p140hvttt1v25c_ccs     0.630000       3     1.890000
AOI22D0BWP40P140EHVT tcbn28hpcplusbwp40p140ehvttt1v25c_ccs     0.630000       3     1.890000
AOI22D0P7BWP40P140EHVT tcbn28hpcplusbwp40p140ehvttt1v25c_ccs     0.630000       1     0.630000
AOI22D1BWP30P140HVT tcbn28hpcplusbwp30p140hvttt1v25c_ccs     0.630000       4     2.520000
AOI31D0BWP40P140EHVT tcbn28hpcplusbwp40p140ehvttt1v25c_ccs     0.630000       1     0.630000
AOI211D0BWP40P140EHVT tcbn28hpcplusbwp40p140ehvttt1v25c_ccs     0.630000       2     1.260000
AOI211D1BWP30P140  tcbn28hpcplusbwp30p140tt1v25c_ccs     0.630000       1     0.630000
CKND2D1BWP40P140EHVT tcbn28hpcplusbwp40p140ehvttt1v25c_ccs     0.378000       8     3.024000
FA1D1BWP30P140     tcbn28hpcplusbwp30p140tt1v25c_ccs     2.142000      10    21.420000 r
IAO21D1BWP30P140HVT tcbn28hpcplusbwp30p140hvttt1v25c_ccs     0.630000       1     0.630000
IND2D0BWP40P140EHVT tcbn28hpcplusbwp40p140ehvttt1v25c_ccs     0.504000       1     0.504000
IND2D1BWP30P140    tcbn28hpcplusbwp30p140tt1v25c_ccs     0.504000       1     0.504000
IND2D1BWP40P140EHVT tcbn28hpcplusbwp40p140ehvttt1v25c_ccs     0.504000       2     1.008000
INR2D0BWP30P140HVT tcbn28hpcplusbwp30p140hvttt1v25c_ccs     0.504000       3     1.512000
INR2D0BWP40P140EHVT tcbn28hpcplusbwp40p140ehvttt1v25c_ccs     0.504000      19     9.576000
INR2D1BWP30P140    tcbn28hpcplusbwp30p140tt1v25c_ccs     0.504000       1     0.504000
INR2D1BWP30P140HVT tcbn28hpcplusbwp30p140hvttt1v25c_ccs     0.504000       3     1.512000
INR2D1BWP30P140LVT tcbn28hpcplusbwp30p140lvttt1v25c_ccs     0.504000       2     1.008000
INR2D1BWP40P140EHVT tcbn28hpcplusbwp40p140ehvttt1v25c_ccs     0.504000       1     0.504000
INR4D0BWP30P140    tcbn28hpcplusbwp30p140tt1v25c_ccs     0.756000       1     0.756000
INR4D0BWP40P140EHVT tcbn28hpcplusbwp40p140ehvttt1v25c_ccs     0.756000       1     0.756000
INVD0BWP30P140HVT  tcbn28hpcplusbwp30p140hvttt1v25c_ccs     0.252000       2     0.504000
INVD0BWP40P140EHVT tcbn28hpcplusbwp40p140ehvttt1v25c_ccs     0.252000      50    12.600000
INVD0P7BWP30P140HVT tcbn28hpcplusbwp30p140hvttt1v25c_ccs     0.252000       4     1.008000
INVD0P7BWP40P140EHVT tcbn28hpcplusbwp40p140ehvttt1v25c_ccs     0.252000       3     0.756000
INVD1BWP30P140     tcbn28hpcplusbwp30p140tt1v25c_ccs     0.252000       5     1.260000
INVD1BWP30P140HVT  tcbn28hpcplusbwp30p140hvttt1v25c_ccs     0.252000       7     1.764000
INVD1BWP30P140LVT  tcbn28hpcplusbwp30p140lvttt1v25c_ccs     0.252000       1     0.252000
INVD1BWP40P140EHVT tcbn28hpcplusbwp40p140ehvttt1v25c_ccs     0.252000       1     0.252000
INVD1P5BWP30P140HVT tcbn28hpcplusbwp30p140hvttt1v25c_ccs     0.378000       1     0.378000
INVD2BWP30P140HVT  tcbn28hpcplusbwp30p140hvttt1v25c_ccs     0.378000       1     0.378000
IOA21D0BWP40P140EHVT tcbn28hpcplusbwp40p140ehvttt1v25c_ccs     0.630000       2     1.260000
MAOI22D0BWP30P140HVT tcbn28hpcplusbwp30p140hvttt1v25c_ccs     0.756000       2     1.512000
MAOI22D1BWP30P140  tcbn28hpcplusbwp30p140tt1v25c_ccs     0.756000       1     0.756000
MAOI22D1BWP30P140HVT tcbn28hpcplusbwp30p140hvttt1v25c_ccs     0.756000       1     0.756000
MAOI22D1BWP30P140LVT tcbn28hpcplusbwp30p140lvttt1v25c_ccs     0.756000       1     0.756000
MAOI22D1BWP40P140EHVT tcbn28hpcplusbwp40p140ehvttt1v25c_ccs     0.756000       6     4.536000
MAOI222D0BWP40P140EHVT tcbn28hpcplusbwp40p140ehvttt1v25c_ccs     0.756000       1     0.756000
MOAI22D0BWP30P140  tcbn28hpcplusbwp30p140tt1v25c_ccs     0.756000       1     0.756000
MOAI22D0BWP30P140HVT tcbn28hpcplusbwp30p140hvttt1v25c_ccs     0.756000       3     2.268000
MOAI22D0BWP40P140EHVT tcbn28hpcplusbwp40p140ehvttt1v25c_ccs     0.756000       1     0.756000
MOAI22D1BWP30P140  tcbn28hpcplusbwp30p140tt1v25c_ccs     0.756000       6     4.536000
MOAI22D1BWP30P140LVT tcbn28hpcplusbwp30p140lvttt1v25c_ccs     0.756000       1     0.756000
MOAI22D1BWP40P140EHVT tcbn28hpcplusbwp40p140ehvttt1v25c_ccs     0.756000       1     0.756000
MUX2ND0BWP40P140EHVT tcbn28hpcplusbwp40p140ehvttt1v25c_ccs     0.756000       1     0.756000
MUX2NUD1BWP30P140  tcbn28hpcplusbwp30p140tt1v25c_ccs     0.756000       2     1.512000
MUX2NUD1BWP30P140HVT tcbn28hpcplusbwp30p140hvttt1v25c_ccs     0.756000       2     1.512000
MUX2NUD1BWP30P140LVT tcbn28hpcplusbwp30p140lvttt1v25c_ccs     0.756000       1     0.756000
MUX2NUD1BWP40P140EHVT tcbn28hpcplusbwp40p140ehvttt1v25c_ccs     0.756000       3     2.268000
ND2D0BWP30P140     tcbn28hpcplusbwp30p140tt1v25c_ccs     0.378000       1     0.378000
ND2D0BWP30P140HVT  tcbn28hpcplusbwp30p140hvttt1v25c_ccs     0.378000       3     1.134000
ND2D0BWP40P140EHVT tcbn28hpcplusbwp40p140ehvttt1v25c_ccs     0.378000      26     9.828000
ND2D0P7BWP40P140EHVT tcbn28hpcplusbwp40p140ehvttt1v25c_ccs     0.378000       2     0.756000
ND2D1BWP30P140     tcbn28hpcplusbwp30p140tt1v25c_ccs     0.378000       6     2.268000
ND2D1BWP30P140HVT  tcbn28hpcplusbwp30p140hvttt1v25c_ccs     0.378000       1     0.378000
ND2D1BWP30P140LVT  tcbn28hpcplusbwp30p140lvttt1v25c_ccs     0.378000       2     0.756000
ND2OPTIBD1BWP30P140HVT tcbn28hpcplusbwp30p140hvttt1v25c_ccs     0.378000      10     3.780000
ND3D0BWP30P140HVT  tcbn28hpcplusbwp30p140hvttt1v25c_ccs     0.504000       2     1.008000
ND3D0BWP40P140EHVT tcbn28hpcplusbwp40p140ehvttt1v25c_ccs     0.504000       4     2.016000
ND3D0P7BWP30P140HVT tcbn28hpcplusbwp30p140hvttt1v25c_ccs     0.504000       1     0.504000
ND3D1BWP30P140     tcbn28hpcplusbwp30p140tt1v25c_ccs     0.504000       2     1.008000
ND3D1BWP30P140HVT  tcbn28hpcplusbwp30p140hvttt1v25c_ccs     0.504000       1     0.504000
NR2D0BWP30P140HVT  tcbn28hpcplusbwp30p140hvttt1v25c_ccs     0.378000       4     1.512000
NR2D0BWP40P140EHVT tcbn28hpcplusbwp40p140ehvttt1v25c_ccs     0.378000      42    15.876000
NR2D0P7BWP40P140EHVT tcbn28hpcplusbwp40p140ehvttt1v25c_ccs     0.378000       3     1.134000
NR2D1BWP30P140     tcbn28hpcplusbwp30p140tt1v25c_ccs     0.378000       6     2.268000
NR2D1BWP30P140HVT  tcbn28hpcplusbwp30p140hvttt1v25c_ccs     0.378000       6     2.268000
NR2D1BWP30P140LVT  tcbn28hpcplusbwp30p140lvttt1v25c_ccs     0.378000       3     1.134000
NR2OPTIBD1BWP30P140HVT tcbn28hpcplusbwp30p140hvttt1v25c_ccs     0.378000      15     5.670000
NR2OPTIBD1BWP40P140EHVT tcbn28hpcplusbwp40p140ehvttt1v25c_ccs     0.378000       3     1.134000
NR3D0BWP30P140HVT  tcbn28hpcplusbwp30p140hvttt1v25c_ccs     0.504000       2     1.008000
NR3D0BWP40P140EHVT tcbn28hpcplusbwp40p140ehvttt1v25c_ccs     0.504000       3     1.512000
NR3D0P7BWP30P140HVT tcbn28hpcplusbwp30p140hvttt1v25c_ccs     0.504000       1     0.504000
NR3D0P7BWP30P140LVT tcbn28hpcplusbwp30p140lvttt1v25c_ccs     0.504000       1     0.504000
OA21D0BWP30P140HVT tcbn28hpcplusbwp30p140hvttt1v25c_ccs     0.630000       1     0.630000
OA21D0BWP40P140EHVT tcbn28hpcplusbwp40p140ehvttt1v25c_ccs     0.630000       3     1.890000
OA22D0BWP30P140HVT tcbn28hpcplusbwp30p140hvttt1v25c_ccs     0.882000       1     0.882000
OA22D0BWP40P140EHVT tcbn28hpcplusbwp40p140ehvttt1v25c_ccs     0.882000       1     0.882000
OA211D0BWP40P140EHVT tcbn28hpcplusbwp40p140ehvttt1v25c_ccs     0.756000       2     1.512000
OAI21D0BWP30P140   tcbn28hpcplusbwp30p140tt1v25c_ccs     0.504000       1     0.504000
OAI21D0BWP30P140HVT tcbn28hpcplusbwp30p140hvttt1v25c_ccs     0.504000       1     0.504000
OAI21D0BWP40P140EHVT tcbn28hpcplusbwp40p140ehvttt1v25c_ccs     0.504000       7     3.528000
OAI21D1BWP30P140HVT tcbn28hpcplusbwp30p140hvttt1v25c_ccs     0.504000       2     1.008000
OAI22D0BWP30P140HVT tcbn28hpcplusbwp30p140hvttt1v25c_ccs     0.630000       3     1.890000
OAI22D0BWP40P140EHVT tcbn28hpcplusbwp40p140ehvttt1v25c_ccs     0.630000       5     3.150000
OAI22D0P7BWP30P140HVT tcbn28hpcplusbwp30p140hvttt1v25c_ccs     0.630000       1     0.630000
OAI22D1BWP30P140   tcbn28hpcplusbwp30p140tt1v25c_ccs     0.630000       3     1.890000
OAI22D1BWP30P140HVT tcbn28hpcplusbwp30p140hvttt1v25c_ccs     0.630000       2     1.260000
OAI22D1BWP30P140LVT tcbn28hpcplusbwp30p140lvttt1v25c_ccs     0.630000       5     3.150000
OAI31D0BWP40P140EHVT tcbn28hpcplusbwp40p140ehvttt1v25c_ccs     0.630000       1     0.630000
OAI211D0BWP30P140HVT tcbn28hpcplusbwp30p140hvttt1v25c_ccs     0.630000       1     0.630000
OAI211D1BWP30P140  tcbn28hpcplusbwp30p140tt1v25c_ccs     0.630000       1     0.630000
OR2D0BWP40P140EHVT tcbn28hpcplusbwp40p140ehvttt1v25c_ccs     0.504000       5     2.520000
OR2D1BWP30P140     tcbn28hpcplusbwp30p140tt1v25c_ccs     0.504000       1     0.504000
OR2D1BWP30P140HVT  tcbn28hpcplusbwp30p140hvttt1v25c_ccs     0.504000       6     3.024000
OR2D1BWP40P140EHVT tcbn28hpcplusbwp40p140ehvttt1v25c_ccs     0.504000       2     1.008000
XNR2UD0BWP40P140EHVT tcbn28hpcplusbwp40p140ehvttt1v25c_ccs     0.882000       8     7.056000
XNR2UD1BWP30P140HVT tcbn28hpcplusbwp30p140hvttt1v25c_ccs     0.882000       2     1.764000
XNR2UD1BWP30P140LVT tcbn28hpcplusbwp30p140lvttt1v25c_ccs     0.882000       4     3.528000
XNR2UD1BWP40P140EHVT tcbn28hpcplusbwp40p140ehvttt1v25c_ccs     0.882000       2     1.764000
XOR2UD0BWP30P140HVT tcbn28hpcplusbwp30p140hvttt1v25c_ccs     0.882000       1     0.882000
XOR2UD0BWP40P140EHVT tcbn28hpcplusbwp40p140ehvttt1v25c_ccs     0.882000       4     3.528000
XOR2UD1BWP40P140EHVT tcbn28hpcplusbwp40p140ehvttt1v25c_ccs     0.882000       1     0.882000
-----------------------------------------------------------------------------
Total 110 references                                  215.585999

****************************************
Design: requant_rne_ACC_W22_DATA_WIDTH8_SHW5_9 
****************************************
Reference          Library       Unit Area   Count    Total Area   Attributes
-----------------------------------------------------------------------------
AN2D0BWP40P140EHVT tcbn28hpcplusbwp40p140ehvttt1v25c_ccs     0.504000       4     2.016000
AO211D1BWP30P140HVT tcbn28hpcplusbwp30p140hvttt1v25c_ccs     0.756000       1     0.756000
AOI21D0BWP30P140   tcbn28hpcplusbwp30p140tt1v25c_ccs     0.504000       1     0.504000
AOI21D0BWP40P140EHVT tcbn28hpcplusbwp40p140ehvttt1v25c_ccs     0.504000       3     1.512000
AOI21D1BWP30P140   tcbn28hpcplusbwp30p140tt1v25c_ccs     0.504000       1     0.504000
AOI21D1BWP30P140HVT tcbn28hpcplusbwp30p140hvttt1v25c_ccs     0.504000       2     1.008000
AOI22D0BWP30P140HVT tcbn28hpcplusbwp30p140hvttt1v25c_ccs     0.630000       4     2.520000
AOI22D0BWP40P140EHVT tcbn28hpcplusbwp40p140ehvttt1v25c_ccs     0.630000       3     1.890000
AOI22D0P7BWP40P140EHVT tcbn28hpcplusbwp40p140ehvttt1v25c_ccs     0.630000       1     0.630000
AOI22D1BWP30P140   tcbn28hpcplusbwp30p140tt1v25c_ccs     0.630000       1     0.630000
AOI22D1BWP30P140HVT tcbn28hpcplusbwp30p140hvttt1v25c_ccs     0.630000       2     1.260000
AOI22D1BWP30P140LVT tcbn28hpcplusbwp30p140lvttt1v25c_ccs     0.630000       1     0.630000
AOI31D0BWP40P140EHVT tcbn28hpcplusbwp40p140ehvttt1v25c_ccs     0.630000       1     0.630000
AOI211D0BWP40P140EHVT tcbn28hpcplusbwp40p140ehvttt1v25c_ccs     0.630000       2     1.260000
AOI211D1BWP30P140  tcbn28hpcplusbwp30p140tt1v25c_ccs     0.630000       1     0.630000
CKND2D1BWP40P140EHVT tcbn28hpcplusbwp40p140ehvttt1v25c_ccs     0.378000       3     1.134000
FA1D1BWP30P140     tcbn28hpcplusbwp30p140tt1v25c_ccs     2.142000      10    21.420000 r
IAO21D1BWP30P140HVT tcbn28hpcplusbwp30p140hvttt1v25c_ccs     0.630000       1     0.630000
IND2D0BWP40P140EHVT tcbn28hpcplusbwp40p140ehvttt1v25c_ccs     0.504000       1     0.504000
IND2D1BWP30P140    tcbn28hpcplusbwp30p140tt1v25c_ccs     0.504000       1     0.504000
IND2D1BWP30P140HVT tcbn28hpcplusbwp30p140hvttt1v25c_ccs     0.504000       2     1.008000
INR2D0BWP30P140HVT tcbn28hpcplusbwp30p140hvttt1v25c_ccs     0.504000       2     1.008000
INR2D0BWP30P140LVT tcbn28hpcplusbwp30p140lvttt1v25c_ccs     0.504000       1     0.504000
INR2D0BWP40P140EHVT tcbn28hpcplusbwp40p140ehvttt1v25c_ccs     0.504000      19     9.576000
INR2D1BWP30P140HVT tcbn28hpcplusbwp30p140hvttt1v25c_ccs     0.504000       4     2.016000
INR2D1BWP30P140LVT tcbn28hpcplusbwp30p140lvttt1v25c_ccs     0.504000       2     1.008000
INR2D1BWP40P140EHVT tcbn28hpcplusbwp40p140ehvttt1v25c_ccs     0.504000       1     0.504000
INR4D0BWP30P140    tcbn28hpcplusbwp30p140tt1v25c_ccs     0.756000       1     0.756000
INR4D0BWP40P140EHVT tcbn28hpcplusbwp40p140ehvttt1v25c_ccs     0.756000       1     0.756000
INVD0BWP30P140HVT  tcbn28hpcplusbwp30p140hvttt1v25c_ccs     0.252000       1     0.252000
INVD0BWP40P140EHVT tcbn28hpcplusbwp40p140ehvttt1v25c_ccs     0.252000      52    13.104000
INVD0P7BWP30P140HVT tcbn28hpcplusbwp30p140hvttt1v25c_ccs     0.252000       2     0.504000
INVD0P7BWP40P140EHVT tcbn28hpcplusbwp40p140ehvttt1v25c_ccs     0.252000       2     0.504000
INVD1BWP30P140     tcbn28hpcplusbwp30p140tt1v25c_ccs     0.252000       4     1.008000
INVD1BWP30P140HVT  tcbn28hpcplusbwp30p140hvttt1v25c_ccs     0.252000       7     1.764000
INVD1BWP30P140LVT  tcbn28hpcplusbwp30p140lvttt1v25c_ccs     0.252000       1     0.252000
INVD1BWP40P140EHVT tcbn28hpcplusbwp40p140ehvttt1v25c_ccs     0.252000       4     1.008000
INVD2BWP30P140     tcbn28hpcplusbwp30p140tt1v25c_ccs     0.378000       1     0.378000
INVD2BWP30P140HVT  tcbn28hpcplusbwp30p140hvttt1v25c_ccs     0.378000       2     0.756000
IOA21D0BWP40P140EHVT tcbn28hpcplusbwp40p140ehvttt1v25c_ccs     0.630000       2     1.260000
MAOI22D0BWP30P140HVT tcbn28hpcplusbwp30p140hvttt1v25c_ccs     0.756000       2     1.512000
MAOI22D1BWP30P140  tcbn28hpcplusbwp30p140tt1v25c_ccs     0.756000       2     1.512000
MAOI22D1BWP30P140HVT tcbn28hpcplusbwp30p140hvttt1v25c_ccs     0.756000       2     1.512000
MAOI22D1BWP30P140LVT tcbn28hpcplusbwp30p140lvttt1v25c_ccs     0.756000       2     1.512000
MAOI22D1BWP40P140EHVT tcbn28hpcplusbwp40p140ehvttt1v25c_ccs     0.756000       2     1.512000
MAOI222D0BWP40P140EHVT tcbn28hpcplusbwp40p140ehvttt1v25c_ccs     0.756000       1     0.756000
MOAI22D0BWP30P140HVT tcbn28hpcplusbwp30p140hvttt1v25c_ccs     0.756000       1     0.756000
MOAI22D0BWP40P140EHVT tcbn28hpcplusbwp40p140ehvttt1v25c_ccs     0.756000       1     0.756000
MOAI22D1BWP30P140  tcbn28hpcplusbwp30p140tt1v25c_ccs     0.756000       3     2.268000
MOAI22D1BWP30P140HVT tcbn28hpcplusbwp30p140hvttt1v25c_ccs     0.756000       3     2.268000
MOAI22D1BWP30P140LVT tcbn28hpcplusbwp30p140lvttt1v25c_ccs     0.756000       4     3.024000
MOAI22D1BWP40P140EHVT tcbn28hpcplusbwp40p140ehvttt1v25c_ccs     0.756000       1     0.756000
MUX2ND0BWP40P140EHVT tcbn28hpcplusbwp40p140ehvttt1v25c_ccs     0.756000       1     0.756000
MUX2NUD1BWP30P140HVT tcbn28hpcplusbwp30p140hvttt1v25c_ccs     0.756000       6     4.536000
MUX2NUD1BWP30P140LVT tcbn28hpcplusbwp30p140lvttt1v25c_ccs     0.756000       1     0.756000
MUX2NUD1BWP40P140EHVT tcbn28hpcplusbwp40p140ehvttt1v25c_ccs     0.756000       1     0.756000
ND2D0BWP30P140     tcbn28hpcplusbwp30p140tt1v25c_ccs     0.378000       1     0.378000
ND2D0BWP30P140HVT  tcbn28hpcplusbwp30p140hvttt1v25c_ccs     0.378000       3     1.134000
ND2D0BWP40P140EHVT tcbn28hpcplusbwp40p140ehvttt1v25c_ccs     0.378000      25     9.450000
ND2D0P7BWP40P140EHVT tcbn28hpcplusbwp40p140ehvttt1v25c_ccs     0.378000       1     0.378000
ND2D1BWP30P140     tcbn28hpcplusbwp30p140tt1v25c_ccs     0.378000       5     1.890000
ND2D1BWP30P140HVT  tcbn28hpcplusbwp30p140hvttt1v25c_ccs     0.378000       6     2.268000
ND2D1BWP30P140LVT  tcbn28hpcplusbwp30p140lvttt1v25c_ccs     0.378000       2     0.756000
ND2D1BWP40P140EHVT tcbn28hpcplusbwp40p140ehvttt1v25c_ccs     0.378000       1     0.378000
ND2OPTIBD1BWP30P140HVT tcbn28hpcplusbwp30p140hvttt1v25c_ccs     0.378000      12     4.536000
ND3D0BWP30P140HVT  tcbn28hpcplusbwp30p140hvttt1v25c_ccs     0.504000       1     0.504000
ND3D0BWP40P140EHVT tcbn28hpcplusbwp40p140ehvttt1v25c_ccs     0.504000       4     2.016000
ND3D1BWP30P140     tcbn28hpcplusbwp30p140tt1v25c_ccs     0.504000       1     0.504000
ND3D1BWP30P140HVT  tcbn28hpcplusbwp30p140hvttt1v25c_ccs     0.504000       3     1.512000
ND3D1BWP30P140LVT  tcbn28hpcplusbwp30p140lvttt1v25c_ccs     0.504000       1     0.504000
NR2D0BWP30P140HVT  tcbn28hpcplusbwp30p140hvttt1v25c_ccs     0.378000       4     1.512000
NR2D0BWP40P140EHVT tcbn28hpcplusbwp40p140ehvttt1v25c_ccs     0.378000      44    16.632000
NR2D0P7BWP40P140EHVT tcbn28hpcplusbwp40p140ehvttt1v25c_ccs     0.378000       2     0.756000
NR2D1BWP30P140     tcbn28hpcplusbwp30p140tt1v25c_ccs     0.378000       9     3.402000
NR2D1BWP30P140HVT  tcbn28hpcplusbwp30p140hvttt1v25c_ccs     0.378000       3     1.134000
NR2D1BWP30P140LVT  tcbn28hpcplusbwp30p140lvttt1v25c_ccs     0.378000       2     0.756000
NR2D2BWP30P140LVT  tcbn28hpcplusbwp30p140lvttt1v25c_ccs     0.630000       1     0.630000
NR2OPTIBD1BWP30P140HVT tcbn28hpcplusbwp30p140hvttt1v25c_ccs     0.378000      15     5.670000
NR2OPTIBD1BWP40P140EHVT tcbn28hpcplusbwp40p140ehvttt1v25c_ccs     0.378000       3     1.134000
NR3D0BWP30P140HVT  tcbn28hpcplusbwp30p140hvttt1v25c_ccs     0.504000       3     1.512000
NR3D0BWP40P140EHVT tcbn28hpcplusbwp40p140ehvttt1v25c_ccs     0.504000       3     1.512000
NR3D0P7BWP30P140LVT tcbn28hpcplusbwp30p140lvttt1v25c_ccs     0.504000       1     0.504000
OA21D0BWP40P140EHVT tcbn28hpcplusbwp40p140ehvttt1v25c_ccs     0.630000       4     2.520000
OA22D0BWP40P140EHVT tcbn28hpcplusbwp40p140ehvttt1v25c_ccs     0.882000       1     0.882000
OA22D1BWP30P140HVT tcbn28hpcplusbwp30p140hvttt1v25c_ccs     0.882000       1     0.882000
OA211D0BWP40P140EHVT tcbn28hpcplusbwp40p140ehvttt1v25c_ccs     0.756000       2     1.512000
OAI21D0BWP30P140HVT tcbn28hpcplusbwp30p140hvttt1v25c_ccs     0.504000       1     0.504000
OAI21D0BWP40P140EHVT tcbn28hpcplusbwp40p140ehvttt1v25c_ccs     0.504000       6     3.024000
OAI21D0P7BWP40P140EHVT tcbn28hpcplusbwp40p140ehvttt1v25c_ccs     0.504000       1     0.504000
OAI21D1BWP30P140   tcbn28hpcplusbwp30p140tt1v25c_ccs     0.504000       1     0.504000
OAI21D1BWP30P140HVT tcbn28hpcplusbwp30p140hvttt1v25c_ccs     0.504000       2     1.008000
OAI22D0BWP30P140HVT tcbn28hpcplusbwp30p140hvttt1v25c_ccs     0.630000       2     1.260000
OAI22D0BWP40P140EHVT tcbn28hpcplusbwp40p140ehvttt1v25c_ccs     0.630000       5     3.150000
OAI22D0P7BWP30P140HVT tcbn28hpcplusbwp30p140hvttt1v25c_ccs     0.630000       2     1.260000
OAI22D0P7BWP40P140EHVT tcbn28hpcplusbwp40p140ehvttt1v25c_ccs     0.630000       1     0.630000
OAI22D1BWP30P140HVT tcbn28hpcplusbwp30p140hvttt1v25c_ccs     0.630000       2     1.260000
OAI22D1BWP30P140LVT tcbn28hpcplusbwp30p140lvttt1v25c_ccs     0.630000       7     4.410000
OAI31D0BWP40P140EHVT tcbn28hpcplusbwp40p140ehvttt1v25c_ccs     0.630000       1     0.630000
OAI211D1BWP30P140  tcbn28hpcplusbwp30p140tt1v25c_ccs     0.630000       1     0.630000
OAI211D1BWP30P140LVT tcbn28hpcplusbwp30p140lvttt1v25c_ccs     0.630000       1     0.630000
OR2D0BWP40P140EHVT tcbn28hpcplusbwp40p140ehvttt1v25c_ccs     0.504000       6     3.024000
OR2D1BWP30P140HVT  tcbn28hpcplusbwp30p140hvttt1v25c_ccs     0.504000       6     3.024000
OR2D1BWP40P140EHVT tcbn28hpcplusbwp40p140ehvttt1v25c_ccs     0.504000       1     0.504000
XNR2UD0BWP30P140HVT tcbn28hpcplusbwp30p140hvttt1v25c_ccs     0.882000       2     1.764000
XNR2UD0BWP40P140EHVT tcbn28hpcplusbwp40p140ehvttt1v25c_ccs     0.882000       7     6.174000
XNR2UD1BWP30P140   tcbn28hpcplusbwp30p140tt1v25c_ccs     0.882000       3     2.646000
XNR2UD1BWP30P140HVT tcbn28hpcplusbwp30p140hvttt1v25c_ccs     0.882000       1     0.882000
XNR2UD1BWP30P140LVT tcbn28hpcplusbwp30p140lvttt1v25c_ccs     0.882000       2     1.764000
XNR2UD1BWP40P140EHVT tcbn28hpcplusbwp40p140ehvttt1v25c_ccs     0.882000       1     0.882000
XOR2UD0BWP30P140   tcbn28hpcplusbwp30p140tt1v25c_ccs     0.882000       1     0.882000
XOR2UD0BWP40P140EHVT tcbn28hpcplusbwp40p140ehvttt1v25c_ccs     0.882000       3     2.646000
XOR2UD1BWP30P140HVT tcbn28hpcplusbwp30p140hvttt1v25c_ccs     0.882000       1     0.882000
XOR2UD1BWP40P140EHVT tcbn28hpcplusbwp40p140ehvttt1v25c_ccs     0.882000       1     0.882000
-----------------------------------------------------------------------------
Total 113 references                                  215.963999

****************************************
Design: requant_rne_ACC_W22_DATA_WIDTH8_SHW5_10 
****************************************
Reference          Library       Unit Area   Count    Total Area   Attributes
-----------------------------------------------------------------------------
AN2D0BWP40P140EHVT tcbn28hpcplusbwp40p140ehvttt1v25c_ccs     0.504000       3     1.512000
AO211D1BWP30P140HVT tcbn28hpcplusbwp30p140hvttt1v25c_ccs     0.756000       1     0.756000
AOI21D0BWP40P140EHVT tcbn28hpcplusbwp40p140ehvttt1v25c_ccs     0.504000       2     1.008000
AOI21D1BWP30P140   tcbn28hpcplusbwp30p140tt1v25c_ccs     0.504000       2     1.008000
AOI21D1BWP30P140HVT tcbn28hpcplusbwp30p140hvttt1v25c_ccs     0.504000       3     1.512000
AOI22D0BWP30P140HVT tcbn28hpcplusbwp30p140hvttt1v25c_ccs     0.630000       4     2.520000
AOI22D0BWP40P140EHVT tcbn28hpcplusbwp40p140ehvttt1v25c_ccs     0.630000       3     1.890000
AOI22D1BWP30P140   tcbn28hpcplusbwp30p140tt1v25c_ccs     0.630000       1     0.630000
AOI22D1BWP30P140HVT tcbn28hpcplusbwp30p140hvttt1v25c_ccs     0.630000       3     1.890000
AOI31D0BWP40P140EHVT tcbn28hpcplusbwp40p140ehvttt1v25c_ccs     0.630000       1     0.630000
AOI211D0BWP40P140EHVT tcbn28hpcplusbwp40p140ehvttt1v25c_ccs     0.630000       3     1.890000
CKAN2D0BWP40P140EHVT tcbn28hpcplusbwp40p140ehvttt1v25c_ccs     0.504000       1     0.504000
CKND2D1BWP40P140EHVT tcbn28hpcplusbwp40p140ehvttt1v25c_ccs     0.378000       3     1.134000
FA1D0BWP30P140HVT  tcbn28hpcplusbwp30p140hvttt1v25c_ccs     2.142000       2     4.284000 r
FA1D1BWP30P140LVT  tcbn28hpcplusbwp30p140lvttt1v25c_ccs     2.142000       7    14.994000 r
FA1D2BWP30P140LVT  tcbn28hpcplusbwp30p140lvttt1v25c_ccs     2.394000       2     4.788000 r
IAO21D1BWP30P140HVT tcbn28hpcplusbwp30p140hvttt1v25c_ccs     0.630000       1     0.630000
IND2D0BWP30P140HVT tcbn28hpcplusbwp30p140hvttt1v25c_ccs     0.504000       1     0.504000
IND2D0BWP40P140EHVT tcbn28hpcplusbwp40p140ehvttt1v25c_ccs     0.504000       1     0.504000
IND2D1BWP30P140HVT tcbn28hpcplusbwp30p140hvttt1v25c_ccs     0.504000       2     1.008000
INR2D0BWP30P140HVT tcbn28hpcplusbwp30p140hvttt1v25c_ccs     0.504000       3     1.512000
INR2D0BWP40P140EHVT tcbn28hpcplusbwp40p140ehvttt1v25c_ccs     0.504000      19     9.576000
INR2D1BWP30P140    tcbn28hpcplusbwp30p140tt1v25c_ccs     0.504000       1     0.504000
INR2D1BWP30P140HVT tcbn28hpcplusbwp30p140hvttt1v25c_ccs     0.504000       4     2.016000
INR2D1BWP30P140LVT tcbn28hpcplusbwp30p140lvttt1v25c_ccs     0.504000       2     1.008000
INR4D0BWP30P140    tcbn28hpcplusbwp30p140tt1v25c_ccs     0.756000       1     0.756000
INR4D0BWP40P140EHVT tcbn28hpcplusbwp40p140ehvttt1v25c_ccs     0.756000       1     0.756000
INVD0BWP30P140HVT  tcbn28hpcplusbwp30p140hvttt1v25c_ccs     0.252000       3     0.756000
INVD0BWP40P140EHVT tcbn28hpcplusbwp40p140ehvttt1v25c_ccs     0.252000      48    12.096000
INVD0P7BWP40P140EHVT tcbn28hpcplusbwp40p140ehvttt1v25c_ccs     0.252000       5     1.260000
INVD1BWP30P140     tcbn28hpcplusbwp30p140tt1v25c_ccs     0.252000       3     0.756000
INVD1BWP30P140HVT  tcbn28hpcplusbwp30p140hvttt1v25c_ccs     0.252000       7     1.764000
INVD1BWP30P140LVT  tcbn28hpcplusbwp30p140lvttt1v25c_ccs     0.252000       1     0.252000
INVD1BWP40P140EHVT tcbn28hpcplusbwp40p140ehvttt1v25c_ccs     0.252000       4     1.008000
INVD1P5BWP30P140HVT tcbn28hpcplusbwp30p140hvttt1v25c_ccs     0.378000       1     0.378000
INVD2BWP30P140HVT  tcbn28hpcplusbwp30p140hvttt1v25c_ccs     0.378000       1     0.378000
IOA21D0BWP40P140EHVT tcbn28hpcplusbwp40p140ehvttt1v25c_ccs     0.630000       2     1.260000
MAOI22D0BWP30P140HVT tcbn28hpcplusbwp30p140hvttt1v25c_ccs     0.756000       2     1.512000
MAOI22D1BWP30P140  tcbn28hpcplusbwp30p140tt1v25c_ccs     0.756000       1     0.756000
MAOI22D1BWP30P140HVT tcbn28hpcplusbwp30p140hvttt1v25c_ccs     0.756000       6     4.536000
MAOI22D1BWP30P140LVT tcbn28hpcplusbwp30p140lvttt1v25c_ccs     0.756000       1     0.756000
MAOI22D1BWP40P140EHVT tcbn28hpcplusbwp40p140ehvttt1v25c_ccs     0.756000       1     0.756000
MAOI222D0BWP40P140EHVT tcbn28hpcplusbwp40p140ehvttt1v25c_ccs     0.756000       1     0.756000
MOAI22D0BWP30P140  tcbn28hpcplusbwp30p140tt1v25c_ccs     0.756000       1     0.756000
MOAI22D0BWP40P140EHVT tcbn28hpcplusbwp40p140ehvttt1v25c_ccs     0.756000       1     0.756000
MOAI22D1BWP30P140  tcbn28hpcplusbwp30p140tt1v25c_ccs     0.756000       3     2.268000
MOAI22D1BWP30P140HVT tcbn28hpcplusbwp30p140hvttt1v25c_ccs     0.756000       3     2.268000
MOAI22D1BWP30P140LVT tcbn28hpcplusbwp30p140lvttt1v25c_ccs     0.756000       4     3.024000
MOAI22D1BWP40P140EHVT tcbn28hpcplusbwp40p140ehvttt1v25c_ccs     0.756000       1     0.756000
MUX2NUD1BWP30P140  tcbn28hpcplusbwp30p140tt1v25c_ccs     0.756000       2     1.512000
MUX2NUD1BWP30P140HVT tcbn28hpcplusbwp30p140hvttt1v25c_ccs     0.756000       6     4.536000
MUX2NUD1BWP40P140EHVT tcbn28hpcplusbwp40p140ehvttt1v25c_ccs     0.756000       1     0.756000
ND2D0BWP30P140HVT  tcbn28hpcplusbwp30p140hvttt1v25c_ccs     0.378000       5     1.890000
ND2D0BWP40P140EHVT tcbn28hpcplusbwp40p140ehvttt1v25c_ccs     0.378000      26     9.828000
ND2D0P7BWP40P140EHVT tcbn28hpcplusbwp40p140ehvttt1v25c_ccs     0.378000       5     1.890000
ND2D1BWP30P140     tcbn28hpcplusbwp30p140tt1v25c_ccs     0.378000       4     1.512000
ND2D1BWP30P140HVT  tcbn28hpcplusbwp30p140hvttt1v25c_ccs     0.378000       1     0.378000
ND2D1BWP30P140LVT  tcbn28hpcplusbwp30p140lvttt1v25c_ccs     0.378000       2     0.756000
ND2OPTIBD1BWP30P140HVT tcbn28hpcplusbwp30p140hvttt1v25c_ccs     0.378000      12     4.536000
ND2OPTIBD2BWP30P140 tcbn28hpcplusbwp30p140tt1v25c_ccs     0.630000       1     0.630000
ND3D0BWP40P140EHVT tcbn28hpcplusbwp40p140ehvttt1v25c_ccs     0.504000       4     2.016000
ND3D0P7BWP30P140HVT tcbn28hpcplusbwp30p140hvttt1v25c_ccs     0.504000       1     0.504000
ND3D1BWP30P140     tcbn28hpcplusbwp30p140tt1v25c_ccs     0.504000       2     1.008000
ND3D1BWP30P140HVT  tcbn28hpcplusbwp30p140hvttt1v25c_ccs     0.504000       2     1.008000
ND3D1BWP30P140LVT  tcbn28hpcplusbwp30p140lvttt1v25c_ccs     0.504000       1     0.504000
NR2D0BWP30P140HVT  tcbn28hpcplusbwp30p140hvttt1v25c_ccs     0.378000       5     1.890000
NR2D0BWP40P140EHVT tcbn28hpcplusbwp40p140ehvttt1v25c_ccs     0.378000      41    15.498000
NR2D1BWP30P140     tcbn28hpcplusbwp30p140tt1v25c_ccs     0.378000       7     2.646000
NR2D1BWP30P140HVT  tcbn28hpcplusbwp30p140hvttt1v25c_ccs     0.378000       7     2.646000
NR2D1BWP30P140LVT  tcbn28hpcplusbwp30p140lvttt1v25c_ccs     0.378000       1     0.378000
NR2OPTIBD1BWP30P140HVT tcbn28hpcplusbwp30p140hvttt1v25c_ccs     0.378000      19     7.182000
NR2OPTIBD1BWP40P140EHVT tcbn28hpcplusbwp40p140ehvttt1v25c_ccs     0.378000       2     0.756000
NR3D0BWP30P140HVT  tcbn28hpcplusbwp30p140hvttt1v25c_ccs     0.504000       2     1.008000
NR3D0BWP40P140EHVT tcbn28hpcplusbwp40p140ehvttt1v25c_ccs     0.504000       4     2.016000
NR3D1P5BWP30P140   tcbn28hpcplusbwp30p140tt1v25c_ccs     0.882000       1     0.882000
OA21D0BWP40P140EHVT tcbn28hpcplusbwp40p140ehvttt1v25c_ccs     0.630000       5     3.150000
OA22D0BWP40P140EHVT tcbn28hpcplusbwp40p140ehvttt1v25c_ccs     0.882000       1     0.882000
OA22D1BWP40P140EHVT tcbn28hpcplusbwp40p140ehvttt1v25c_ccs     0.882000       1     0.882000
OA211D0BWP40P140EHVT tcbn28hpcplusbwp40p140ehvttt1v25c_ccs     0.756000       2     1.512000
OAI21D0BWP30P140HVT tcbn28hpcplusbwp30p140hvttt1v25c_ccs     0.504000       1     0.504000
OAI21D0BWP40P140EHVT tcbn28hpcplusbwp40p140ehvttt1v25c_ccs     0.504000       7     3.528000
OAI21D0P7BWP30P140HVT tcbn28hpcplusbwp30p140hvttt1v25c_ccs     0.504000       1     0.504000
OAI21D1BWP30P140   tcbn28hpcplusbwp30p140tt1v25c_ccs     0.504000       1     0.504000
OAI21D1BWP30P140HVT tcbn28hpcplusbwp30p140hvttt1v25c_ccs     0.504000       1     0.504000
OAI22D0BWP30P140HVT tcbn28hpcplusbwp30p140hvttt1v25c_ccs     0.630000       4     2.520000
OAI22D0BWP40P140EHVT tcbn28hpcplusbwp40p140ehvttt1v25c_ccs     0.630000       5     3.150000
OAI22D0P7BWP30P140HVT tcbn28hpcplusbwp30p140hvttt1v25c_ccs     0.630000       4     2.520000
OAI22D1BWP30P140   tcbn28hpcplusbwp30p140tt1v25c_ccs     0.630000       3     1.890000
OAI22D1BWP30P140HVT tcbn28hpcplusbwp30p140hvttt1v25c_ccs     0.630000       2     1.260000
OAI22D1BWP30P140LVT tcbn28hpcplusbwp30p140lvttt1v25c_ccs     0.630000       1     0.630000
OAI31D0BWP40P140EHVT tcbn28hpcplusbwp40p140ehvttt1v25c_ccs     0.630000       1     0.630000
OAI211D1BWP30P140  tcbn28hpcplusbwp30p140tt1v25c_ccs     0.630000       1     0.630000
OAI211D1BWP30P140LVT tcbn28hpcplusbwp30p140lvttt1v25c_ccs     0.630000       1     0.630000
OR2D0BWP30P140     tcbn28hpcplusbwp30p140tt1v25c_ccs     0.504000       1     0.504000
OR2D0BWP40P140EHVT tcbn28hpcplusbwp40p140ehvttt1v25c_ccs     0.504000       8     4.032000
OR2D1BWP30P140HVT  tcbn28hpcplusbwp30p140hvttt1v25c_ccs     0.504000       5     2.520000
OR2D1BWP40P140EHVT tcbn28hpcplusbwp40p140ehvttt1v25c_ccs     0.504000       1     0.504000
XNR2UD0BWP40P140EHVT tcbn28hpcplusbwp40p140ehvttt1v25c_ccs     0.882000       9     7.938000
XNR2UD1BWP30P140   tcbn28hpcplusbwp30p140tt1v25c_ccs     0.882000       2     1.764000
XNR2UD1BWP30P140LVT tcbn28hpcplusbwp30p140lvttt1v25c_ccs     0.882000       3     2.646000
XNR2UD1BWP40P140EHVT tcbn28hpcplusbwp40p140ehvttt1v25c_ccs     0.882000       2     1.764000
XOR2UD0BWP30P140   tcbn28hpcplusbwp30p140tt1v25c_ccs     0.882000       1     0.882000
XOR2UD0BWP40P140EHVT tcbn28hpcplusbwp40p140ehvttt1v25c_ccs     0.882000       3     2.646000
XOR2UD1BWP30P140HVT tcbn28hpcplusbwp30p140hvttt1v25c_ccs     0.882000       1     0.882000
XOR2UD1BWP40P140EHVT tcbn28hpcplusbwp40p140ehvttt1v25c_ccs     0.882000       1     0.882000
-----------------------------------------------------------------------------
Total 105 references                                  219.491999

****************************************
Design: requant_rne_ACC_W22_DATA_WIDTH8_SHW5_11 
****************************************
Reference          Library       Unit Area   Count    Total Area   Attributes
-----------------------------------------------------------------------------
AN2D0BWP40P140EHVT tcbn28hpcplusbwp40p140ehvttt1v25c_ccs     0.504000       4     2.016000
AO211D1BWP30P140HVT tcbn28hpcplusbwp30p140hvttt1v25c_ccs     0.756000       1     0.756000
AOI21D0BWP40P140EHVT tcbn28hpcplusbwp40p140ehvttt1v25c_ccs     0.504000       2     1.008000
AOI21D0P7BWP40P140EHVT tcbn28hpcplusbwp40p140ehvttt1v25c_ccs     0.504000       2     1.008000
AOI21D1BWP30P140   tcbn28hpcplusbwp30p140tt1v25c_ccs     0.504000       1     0.504000
AOI21D1BWP30P140HVT tcbn28hpcplusbwp30p140hvttt1v25c_ccs     0.504000       2     1.008000
AOI22D0BWP30P140HVT tcbn28hpcplusbwp30p140hvttt1v25c_ccs     0.630000       3     1.890000
AOI22D0BWP40P140EHVT tcbn28hpcplusbwp40p140ehvttt1v25c_ccs     0.630000       3     1.890000
AOI22D0P7BWP40P140EHVT tcbn28hpcplusbwp40p140ehvttt1v25c_ccs     0.630000       1     0.630000
AOI22D1BWP30P140HVT tcbn28hpcplusbwp30p140hvttt1v25c_ccs     0.630000       4     2.520000
AOI31D0BWP40P140EHVT tcbn28hpcplusbwp40p140ehvttt1v25c_ccs     0.630000       1     0.630000
AOI211D0BWP40P140EHVT tcbn28hpcplusbwp40p140ehvttt1v25c_ccs     0.630000       3     1.890000
CKND2D1BWP40P140EHVT tcbn28hpcplusbwp40p140ehvttt1v25c_ccs     0.378000       7     2.646000
FA1D1BWP30P140     tcbn28hpcplusbwp30p140tt1v25c_ccs     2.142000      10    21.420000 r
FA1D1BWP30P140LVT  tcbn28hpcplusbwp30p140lvttt1v25c_ccs     2.142000       1     2.142000 r
IAO21D1BWP30P140HVT tcbn28hpcplusbwp30p140hvttt1v25c_ccs     0.630000       1     0.630000
IND2D0BWP40P140EHVT tcbn28hpcplusbwp40p140ehvttt1v25c_ccs     0.504000       1     0.504000
IND2D1BWP30P140    tcbn28hpcplusbwp30p140tt1v25c_ccs     0.504000       2     1.008000
IND2D1BWP40P140EHVT tcbn28hpcplusbwp40p140ehvttt1v25c_ccs     0.504000       1     0.504000
INR2D0BWP30P140HVT tcbn28hpcplusbwp30p140hvttt1v25c_ccs     0.504000       4     2.016000
INR2D0BWP40P140EHVT tcbn28hpcplusbwp40p140ehvttt1v25c_ccs     0.504000      18     9.072000
INR2D1BWP30P140    tcbn28hpcplusbwp30p140tt1v25c_ccs     0.504000       1     0.504000
INR2D1BWP30P140HVT tcbn28hpcplusbwp30p140hvttt1v25c_ccs     0.504000       4     2.016000
INR2D1BWP30P140LVT tcbn28hpcplusbwp30p140lvttt1v25c_ccs     0.504000       2     1.008000
INR4D0BWP30P140    tcbn28hpcplusbwp30p140tt1v25c_ccs     0.756000       1     0.756000
INR4D0BWP40P140EHVT tcbn28hpcplusbwp40p140ehvttt1v25c_ccs     0.756000       1     0.756000
INVD0BWP30P140HVT  tcbn28hpcplusbwp30p140hvttt1v25c_ccs     0.252000       1     0.252000
INVD0BWP40P140EHVT tcbn28hpcplusbwp40p140ehvttt1v25c_ccs     0.252000      47    11.844000
INVD0P7BWP30P140HVT tcbn28hpcplusbwp30p140hvttt1v25c_ccs     0.252000       3     0.756000
INVD0P7BWP40P140EHVT tcbn28hpcplusbwp40p140ehvttt1v25c_ccs     0.252000       6     1.512000
INVD1BWP30P140     tcbn28hpcplusbwp30p140tt1v25c_ccs     0.252000       4     1.008000
INVD1BWP30P140HVT  tcbn28hpcplusbwp30p140hvttt1v25c_ccs     0.252000       7     1.764000
INVD1BWP30P140LVT  tcbn28hpcplusbwp30p140lvttt1v25c_ccs     0.252000       2     0.504000
INVD1BWP40P140EHVT tcbn28hpcplusbwp40p140ehvttt1v25c_ccs     0.252000       3     0.756000
INVD2BWP30P140HVT  tcbn28hpcplusbwp30p140hvttt1v25c_ccs     0.378000       2     0.756000
IOA21D0BWP40P140EHVT tcbn28hpcplusbwp40p140ehvttt1v25c_ccs     0.630000       2     1.260000
MAOI22D0BWP30P140HVT tcbn28hpcplusbwp30p140hvttt1v25c_ccs     0.756000       3     2.268000
MAOI22D1BWP30P140  tcbn28hpcplusbwp30p140tt1v25c_ccs     0.756000       1     0.756000
MAOI22D1BWP30P140HVT tcbn28hpcplusbwp30p140hvttt1v25c_ccs     0.756000       3     2.268000
MAOI22D1BWP30P140LVT tcbn28hpcplusbwp30p140lvttt1v25c_ccs     0.756000       2     1.512000
MAOI22D1BWP40P140EHVT tcbn28hpcplusbwp40p140ehvttt1v25c_ccs     0.756000       2     1.512000
MAOI222D0BWP40P140EHVT tcbn28hpcplusbwp40p140ehvttt1v25c_ccs     0.756000       1     0.756000
MOAI22D0BWP30P140  tcbn28hpcplusbwp30p140tt1v25c_ccs     0.756000       1     0.756000
MOAI22D0BWP30P140HVT tcbn28hpcplusbwp30p140hvttt1v25c_ccs     0.756000       1     0.756000
MOAI22D0BWP40P140EHVT tcbn28hpcplusbwp40p140ehvttt1v25c_ccs     0.756000       1     0.756000
MOAI22D1BWP30P140  tcbn28hpcplusbwp30p140tt1v25c_ccs     0.756000       6     4.536000
MOAI22D1BWP30P140HVT tcbn28hpcplusbwp30p140hvttt1v25c_ccs     0.756000       3     2.268000
MOAI22D1BWP30P140LVT tcbn28hpcplusbwp30p140lvttt1v25c_ccs     0.756000       1     0.756000
MUX2NUD1BWP30P140HVT tcbn28hpcplusbwp30p140hvttt1v25c_ccs     0.756000       8     6.048000
MUX2NUD1BWP30P140LVT tcbn28hpcplusbwp30p140lvttt1v25c_ccs     0.756000       1     0.756000
ND2D0BWP30P140HVT  tcbn28hpcplusbwp30p140hvttt1v25c_ccs     0.378000       1     0.378000
ND2D0BWP40P140EHVT tcbn28hpcplusbwp40p140ehvttt1v25c_ccs     0.378000      28    10.584000
ND2D1BWP30P140     tcbn28hpcplusbwp30p140tt1v25c_ccs     0.378000       7     2.646000
ND2D1BWP30P140HVT  tcbn28hpcplusbwp30p140hvttt1v25c_ccs     0.378000       1     0.378000
ND2D1BWP30P140LVT  tcbn28hpcplusbwp30p140lvttt1v25c_ccs     0.378000       3     1.134000
ND2OPTIBD1BWP30P140HVT tcbn28hpcplusbwp30p140hvttt1v25c_ccs     0.378000      12     4.536000
ND3D0BWP30P140HVT  tcbn28hpcplusbwp30p140hvttt1v25c_ccs     0.504000       2     1.008000
ND3D0BWP40P140EHVT tcbn28hpcplusbwp40p140ehvttt1v25c_ccs     0.504000       4     2.016000
ND3D0P7BWP30P140HVT tcbn28hpcplusbwp30p140hvttt1v25c_ccs     0.504000       1     0.504000
ND3D1BWP30P140     tcbn28hpcplusbwp30p140tt1v25c_ccs     0.504000       1     0.504000
ND3D1BWP30P140HVT  tcbn28hpcplusbwp30p140hvttt1v25c_ccs     0.504000       1     0.504000
ND3D1BWP30P140LVT  tcbn28hpcplusbwp30p140lvttt1v25c_ccs     0.504000       1     0.504000
NR2D0BWP30P140HVT  tcbn28hpcplusbwp30p140hvttt1v25c_ccs     0.378000       3     1.134000
NR2D0BWP40P140EHVT tcbn28hpcplusbwp40p140ehvttt1v25c_ccs     0.378000      42    15.876000
NR2D0P7BWP40P140EHVT tcbn28hpcplusbwp40p140ehvttt1v25c_ccs     0.378000       3     1.134000
NR2D1BWP30P140     tcbn28hpcplusbwp30p140tt1v25c_ccs     0.378000       9     3.402000
NR2D1BWP30P140HVT  tcbn28hpcplusbwp30p140hvttt1v25c_ccs     0.378000       5     1.890000
NR2D1BWP30P140LVT  tcbn28hpcplusbwp30p140lvttt1v25c_ccs     0.378000       2     0.756000
NR2D2BWP30P140     tcbn28hpcplusbwp30p140tt1v25c_ccs     0.630000       1     0.630000
NR2OPTIBD1BWP30P140HVT tcbn28hpcplusbwp30p140hvttt1v25c_ccs     0.378000      14     5.292000
NR2OPTIBD1BWP40P140EHVT tcbn28hpcplusbwp40p140ehvttt1v25c_ccs     0.378000       2     0.756000
NR2OPTPAD1BWP30P140 tcbn28hpcplusbwp30p140tt1v25c_ccs     0.504000       1     0.504000
NR3D0BWP30P140HVT  tcbn28hpcplusbwp30p140hvttt1v25c_ccs     0.504000       2     1.008000
NR3D0BWP40P140EHVT tcbn28hpcplusbwp40p140ehvttt1v25c_ccs     0.504000       3     1.512000
NR3D0P7BWP30P140HVT tcbn28hpcplusbwp30p140hvttt1v25c_ccs     0.504000       1     0.504000
NR3D0P7BWP30P140LVT tcbn28hpcplusbwp30p140lvttt1v25c_ccs     0.504000       1     0.504000
OA21D0BWP40P140EHVT tcbn28hpcplusbwp40p140ehvttt1v25c_ccs     0.630000       5     3.150000
OA22D0BWP30P140HVT tcbn28hpcplusbwp30p140hvttt1v25c_ccs     0.882000       1     0.882000
OA22D0BWP40P140EHVT tcbn28hpcplusbwp40p140ehvttt1v25c_ccs     0.882000       1     0.882000
OA211D0BWP40P140EHVT tcbn28hpcplusbwp40p140ehvttt1v25c_ccs     0.756000       2     1.512000
OAI21D0BWP30P140   tcbn28hpcplusbwp30p140tt1v25c_ccs     0.504000       1     0.504000
OAI21D0BWP30P140HVT tcbn28hpcplusbwp30p140hvttt1v25c_ccs     0.504000       1     0.504000
OAI21D0BWP40P140EHVT tcbn28hpcplusbwp40p140ehvttt1v25c_ccs     0.504000       7     3.528000
OAI21D1BWP30P140HVT tcbn28hpcplusbwp30p140hvttt1v25c_ccs     0.504000       2     1.008000
OAI22D0BWP40P140EHVT tcbn28hpcplusbwp40p140ehvttt1v25c_ccs     0.630000       5     3.150000
OAI22D0P7BWP30P140HVT tcbn28hpcplusbwp30p140hvttt1v25c_ccs     0.630000       1     0.630000
OAI22D0P7BWP40P140EHVT tcbn28hpcplusbwp40p140ehvttt1v25c_ccs     0.630000       1     0.630000
OAI22D1BWP30P140   tcbn28hpcplusbwp30p140tt1v25c_ccs     0.630000       3     1.890000
OAI22D1BWP30P140HVT tcbn28hpcplusbwp30p140hvttt1v25c_ccs     0.630000       5     3.150000
OAI22D1BWP30P140LVT tcbn28hpcplusbwp30p140lvttt1v25c_ccs     0.630000       4     2.520000
OAI31D0BWP40P140EHVT tcbn28hpcplusbwp40p140ehvttt1v25c_ccs     0.630000       1     0.630000
OAI211D1BWP30P140HVT tcbn28hpcplusbwp30p140hvttt1v25c_ccs     0.630000       2     1.260000
OR2D0BWP40P140EHVT tcbn28hpcplusbwp40p140ehvttt1v25c_ccs     0.504000       7     3.528000
OR2D1BWP30P140     tcbn28hpcplusbwp30p140tt1v25c_ccs     0.504000       1     0.504000
OR2D1BWP30P140HVT  tcbn28hpcplusbwp30p140hvttt1v25c_ccs     0.504000       6     3.024000
OR2D1BWP40P140EHVT tcbn28hpcplusbwp40p140ehvttt1v25c_ccs     0.504000       1     0.504000
XNR2UD0BWP30P140   tcbn28hpcplusbwp30p140tt1v25c_ccs     0.882000       1     0.882000
XNR2UD0BWP30P140HVT tcbn28hpcplusbwp30p140hvttt1v25c_ccs     0.882000       1     0.882000
XNR2UD0BWP40P140EHVT tcbn28hpcplusbwp40p140ehvttt1v25c_ccs     0.882000       9     7.938000
XNR2UD1BWP30P140   tcbn28hpcplusbwp30p140tt1v25c_ccs     0.882000       1     0.882000
XNR2UD1BWP30P140LVT tcbn28hpcplusbwp30p140lvttt1v25c_ccs     0.882000       2     1.764000
XNR2UD1BWP40P140EHVT tcbn28hpcplusbwp40p140ehvttt1v25c_ccs     0.882000       2     1.764000
XOR2UD0BWP40P140EHVT tcbn28hpcplusbwp40p140ehvttt1v25c_ccs     0.882000       3     2.646000
XOR2UD1BWP30P140HVT tcbn28hpcplusbwp30p140hvttt1v25c_ccs     0.882000       1     0.882000
XOR2UD1BWP30P140LVT tcbn28hpcplusbwp30p140lvttt1v25c_ccs     0.882000       1     0.882000
XOR2UD1BWP40P140EHVT tcbn28hpcplusbwp40p140ehvttt1v25c_ccs     0.882000       1     0.882000
-----------------------------------------------------------------------------
Total 106 references                                  219.239999

****************************************
Design: requant_rne_ACC_W22_DATA_WIDTH8_SHW5_12 
****************************************
Reference          Library       Unit Area   Count    Total Area   Attributes
-----------------------------------------------------------------------------
AN2D0BWP40P140EHVT tcbn28hpcplusbwp40p140ehvttt1v25c_ccs     0.504000       3     1.512000
AN2D1BWP30P140     tcbn28hpcplusbwp30p140tt1v25c_ccs     0.504000       1     0.504000
AO211D1BWP30P140HVT tcbn28hpcplusbwp30p140hvttt1v25c_ccs     0.756000       1     0.756000
AOI21D0BWP30P140HVT tcbn28hpcplusbwp30p140hvttt1v25c_ccs     0.504000       2     1.008000
AOI21D0BWP40P140EHVT tcbn28hpcplusbwp40p140ehvttt1v25c_ccs     0.504000       3     1.512000
AOI21D0P7BWP40P140EHVT tcbn28hpcplusbwp40p140ehvttt1v25c_ccs     0.504000       1     0.504000
AOI21D1BWP30P140   tcbn28hpcplusbwp30p140tt1v25c_ccs     0.504000       1     0.504000
AOI22D0BWP30P140HVT tcbn28hpcplusbwp30p140hvttt1v25c_ccs     0.630000       5     3.150000
AOI22D0BWP40P140EHVT tcbn28hpcplusbwp40p140ehvttt1v25c_ccs     0.630000       2     1.260000
AOI22D0P7BWP40P140EHVT tcbn28hpcplusbwp40p140ehvttt1v25c_ccs     0.630000       1     0.630000
AOI22D1BWP30P140HVT tcbn28hpcplusbwp30p140hvttt1v25c_ccs     0.630000       2     1.260000
AOI22D1BWP30P140LVT tcbn28hpcplusbwp30p140lvttt1v25c_ccs     0.630000       1     0.630000
AOI31D0BWP40P140EHVT tcbn28hpcplusbwp40p140ehvttt1v25c_ccs     0.630000       1     0.630000
AOI211D0BWP40P140EHVT tcbn28hpcplusbwp40p140ehvttt1v25c_ccs     0.630000       3     1.890000
CKND2D1BWP40P140EHVT tcbn28hpcplusbwp40p140ehvttt1v25c_ccs     0.378000       9     3.402000
FA1D1BWP30P140     tcbn28hpcplusbwp30p140tt1v25c_ccs     2.142000      10    21.420000 r
FA1D1BWP30P140LVT  tcbn28hpcplusbwp30p140lvttt1v25c_ccs     2.142000       1     2.142000 r
IAO21D1BWP30P140HVT tcbn28hpcplusbwp30p140hvttt1v25c_ccs     0.630000       1     0.630000
IND2D0BWP30P140HVT tcbn28hpcplusbwp30p140hvttt1v25c_ccs     0.504000       1     0.504000
IND2D0BWP40P140EHVT tcbn28hpcplusbwp40p140ehvttt1v25c_ccs     0.504000       1     0.504000
IND2D1BWP30P140    tcbn28hpcplusbwp30p140tt1v25c_ccs     0.504000       1     0.504000
IND2D1BWP30P140HVT tcbn28hpcplusbwp30p140hvttt1v25c_ccs     0.504000       1     0.504000
INR2D0BWP30P140HVT tcbn28hpcplusbwp30p140hvttt1v25c_ccs     0.504000       3     1.512000
INR2D0BWP40P140EHVT tcbn28hpcplusbwp40p140ehvttt1v25c_ccs     0.504000      18     9.072000
INR2D1BWP30P140    tcbn28hpcplusbwp30p140tt1v25c_ccs     0.504000       2     1.008000
INR2D1BWP30P140HVT tcbn28hpcplusbwp30p140hvttt1v25c_ccs     0.504000       4     2.016000
INR2D1BWP30P140LVT tcbn28hpcplusbwp30p140lvttt1v25c_ccs     0.504000       2     1.008000
INR4D0BWP30P140    tcbn28hpcplusbwp30p140tt1v25c_ccs     0.756000       1     0.756000
INR4D0BWP40P140EHVT tcbn28hpcplusbwp40p140ehvttt1v25c_ccs     0.756000       1     0.756000
INVD0BWP40P140EHVT tcbn28hpcplusbwp40p140ehvttt1v25c_ccs     0.252000      50    12.600000
INVD0P7BWP30P140HVT tcbn28hpcplusbwp30p140hvttt1v25c_ccs     0.252000       2     0.504000
INVD0P7BWP40P140EHVT tcbn28hpcplusbwp40p140ehvttt1v25c_ccs     0.252000       4     1.008000
INVD1BWP30P140     tcbn28hpcplusbwp30p140tt1v25c_ccs     0.252000       4     1.008000
INVD1BWP30P140HVT  tcbn28hpcplusbwp30p140hvttt1v25c_ccs     0.252000       9     2.268000
INVD1BWP30P140LVT  tcbn28hpcplusbwp30p140lvttt1v25c_ccs     0.252000       1     0.252000
INVD1BWP40P140EHVT tcbn28hpcplusbwp40p140ehvttt1v25c_ccs     0.252000       3     0.756000
INVD2BWP30P140HVT  tcbn28hpcplusbwp30p140hvttt1v25c_ccs     0.378000       2     0.756000
IOA21D0BWP40P140EHVT tcbn28hpcplusbwp40p140ehvttt1v25c_ccs     0.630000       2     1.260000
MAOI22D0BWP30P140HVT tcbn28hpcplusbwp30p140hvttt1v25c_ccs     0.756000       3     2.268000
MAOI22D1BWP30P140HVT tcbn28hpcplusbwp30p140hvttt1v25c_ccs     0.756000       3     2.268000
MAOI22D1BWP30P140LVT tcbn28hpcplusbwp30p140lvttt1v25c_ccs     0.756000       1     0.756000
MAOI22D1BWP40P140EHVT tcbn28hpcplusbwp40p140ehvttt1v25c_ccs     0.756000       4     3.024000
MAOI222D0BWP40P140EHVT tcbn28hpcplusbwp40p140ehvttt1v25c_ccs     0.756000       1     0.756000
MOAI22D0BWP30P140  tcbn28hpcplusbwp30p140tt1v25c_ccs     0.756000       1     0.756000
MOAI22D0BWP40P140EHVT tcbn28hpcplusbwp40p140ehvttt1v25c_ccs     0.756000       2     1.512000
MOAI22D1BWP30P140  tcbn28hpcplusbwp30p140tt1v25c_ccs     0.756000       5     3.780000
MOAI22D1BWP30P140HVT tcbn28hpcplusbwp30p140hvttt1v25c_ccs     0.756000       3     2.268000
MOAI22D1BWP30P140LVT tcbn28hpcplusbwp30p140lvttt1v25c_ccs     0.756000       2     1.512000
MUX2NUD1BWP30P140  tcbn28hpcplusbwp30p140tt1v25c_ccs     0.756000       1     0.756000
MUX2NUD1BWP30P140HVT tcbn28hpcplusbwp30p140hvttt1v25c_ccs     0.756000       6     4.536000
MUX2NUD1BWP30P140LVT tcbn28hpcplusbwp30p140lvttt1v25c_ccs     0.756000       1     0.756000
MUX2NUD1BWP40P140EHVT tcbn28hpcplusbwp40p140ehvttt1v25c_ccs     0.756000       1     0.756000
ND2D0BWP30P140HVT  tcbn28hpcplusbwp30p140hvttt1v25c_ccs     0.378000       4     1.512000
ND2D0BWP40P140EHVT tcbn28hpcplusbwp40p140ehvttt1v25c_ccs     0.378000      26     9.828000
ND2D0P7BWP40P140EHVT tcbn28hpcplusbwp40p140ehvttt1v25c_ccs     0.378000       1     0.378000
ND2D1BWP30P140     tcbn28hpcplusbwp30p140tt1v25c_ccs     0.378000       6     2.268000
ND2D1BWP30P140HVT  tcbn28hpcplusbwp30p140hvttt1v25c_ccs     0.378000       5     1.890000
ND2D1BWP30P140LVT  tcbn28hpcplusbwp30p140lvttt1v25c_ccs     0.378000       3     1.134000
ND2OPTIBD1BWP30P140HVT tcbn28hpcplusbwp30p140hvttt1v25c_ccs     0.378000       5     1.890000
ND3D0BWP30P140HVT  tcbn28hpcplusbwp30p140hvttt1v25c_ccs     0.504000       2     1.008000
ND3D0BWP40P140EHVT tcbn28hpcplusbwp40p140ehvttt1v25c_ccs     0.504000       4     2.016000
ND3D0P7BWP30P140HVT tcbn28hpcplusbwp30p140hvttt1v25c_ccs     0.504000       2     1.008000
ND3D1BWP30P140     tcbn28hpcplusbwp30p140tt1v25c_ccs     0.504000       1     0.504000
ND3D1BWP30P140HVT  tcbn28hpcplusbwp30p140hvttt1v25c_ccs     0.504000       1     0.504000
NR2D0BWP30P140HVT  tcbn28hpcplusbwp30p140hvttt1v25c_ccs     0.378000       4     1.512000
NR2D0BWP40P140EHVT tcbn28hpcplusbwp40p140ehvttt1v25c_ccs     0.378000      43    16.254000
NR2D0P7BWP40P140EHVT tcbn28hpcplusbwp40p140ehvttt1v25c_ccs     0.378000       5     1.890000
NR2D1BWP30P140     tcbn28hpcplusbwp30p140tt1v25c_ccs     0.378000       7     2.646000
NR2D1BWP30P140HVT  tcbn28hpcplusbwp30p140hvttt1v25c_ccs     0.378000       3     1.134000
NR2D1BWP30P140LVT  tcbn28hpcplusbwp30p140lvttt1v25c_ccs     0.378000       2     0.756000
NR2OPTIBD1BWP30P140HVT tcbn28hpcplusbwp30p140hvttt1v25c_ccs     0.378000      15     5.670000
NR2OPTIBD1BWP40P140EHVT tcbn28hpcplusbwp40p140ehvttt1v25c_ccs     0.378000       3     1.134000
NR3D0BWP30P140HVT  tcbn28hpcplusbwp30p140hvttt1v25c_ccs     0.504000       2     1.008000
NR3D0BWP40P140EHVT tcbn28hpcplusbwp40p140ehvttt1v25c_ccs     0.504000       3     1.512000
NR3D0P7BWP30P140HVT tcbn28hpcplusbwp30p140hvttt1v25c_ccs     0.504000       1     0.504000
NR3D0P7BWP30P140LVT tcbn28hpcplusbwp30p140lvttt1v25c_ccs     0.504000       1     0.504000
OA21D0BWP30P140HVT tcbn28hpcplusbwp30p140hvttt1v25c_ccs     0.630000       2     1.260000
OA21D0BWP40P140EHVT tcbn28hpcplusbwp40p140ehvttt1v25c_ccs     0.630000       3     1.890000
OA22D0BWP40P140EHVT tcbn28hpcplusbwp40p140ehvttt1v25c_ccs     0.882000       2     1.764000
OA211D0BWP40P140EHVT tcbn28hpcplusbwp40p140ehvttt1v25c_ccs     0.756000       2     1.512000
OAI21D0BWP30P140   tcbn28hpcplusbwp30p140tt1v25c_ccs     0.504000       1     0.504000
OAI21D0BWP40P140EHVT tcbn28hpcplusbwp40p140ehvttt1v25c_ccs     0.504000       7     3.528000
OAI21D0P7BWP30P140HVT tcbn28hpcplusbwp30p140hvttt1v25c_ccs     0.504000       1     0.504000
OAI21D1BWP30P140HVT tcbn28hpcplusbwp30p140hvttt1v25c_ccs     0.504000       2     1.008000
OAI22D0BWP30P140HVT tcbn28hpcplusbwp30p140hvttt1v25c_ccs     0.630000       1     0.630000
OAI22D0BWP30P140LVT tcbn28hpcplusbwp30p140lvttt1v25c_ccs     0.630000       1     0.630000
OAI22D0BWP40P140EHVT tcbn28hpcplusbwp40p140ehvttt1v25c_ccs     0.630000       5     3.150000
OAI22D0P7BWP40P140EHVT tcbn28hpcplusbwp40p140ehvttt1v25c_ccs     0.630000       1     0.630000
OAI22D1BWP30P140   tcbn28hpcplusbwp30p140tt1v25c_ccs     0.630000       4     2.520000
OAI22D1BWP30P140HVT tcbn28hpcplusbwp30p140hvttt1v25c_ccs     0.630000       4     2.520000
OAI22D1BWP30P140LVT tcbn28hpcplusbwp30p140lvttt1v25c_ccs     0.630000       3     1.890000
OAI31D0BWP40P140EHVT tcbn28hpcplusbwp40p140ehvttt1v25c_ccs     0.630000       1     0.630000
OAI211D0BWP30P140HVT tcbn28hpcplusbwp30p140hvttt1v25c_ccs     0.630000       1     0.630000
OAI211D1BWP30P140HVT tcbn28hpcplusbwp30p140hvttt1v25c_ccs     0.630000       1     0.630000
OR2D0BWP40P140EHVT tcbn28hpcplusbwp40p140ehvttt1v25c_ccs     0.504000       7     3.528000
OR2D1BWP30P140HVT  tcbn28hpcplusbwp30p140hvttt1v25c_ccs     0.504000       6     3.024000
OR2D1BWP40P140EHVT tcbn28hpcplusbwp40p140ehvttt1v25c_ccs     0.504000       2     1.008000
XNR2UD0BWP30P140HVT tcbn28hpcplusbwp30p140hvttt1v25c_ccs     0.882000       4     3.528000
XNR2UD0BWP40P140EHVT tcbn28hpcplusbwp40p140ehvttt1v25c_ccs     0.882000       7     6.174000
XNR2UD1BWP30P140   tcbn28hpcplusbwp30p140tt1v25c_ccs     0.882000       3     2.646000
XNR2UD1BWP30P140HVT tcbn28hpcplusbwp30p140hvttt1v25c_ccs     0.882000       1     0.882000
XNR2UD1BWP40P140EHVT tcbn28hpcplusbwp40p140ehvttt1v25c_ccs     0.882000       1     0.882000
XOR2UD0BWP30P140HVT tcbn28hpcplusbwp30p140hvttt1v25c_ccs     0.882000       1     0.882000
XOR2UD0BWP40P140EHVT tcbn28hpcplusbwp40p140ehvttt1v25c_ccs     0.882000       4     3.528000
XOR2UD1BWP30P140HVT tcbn28hpcplusbwp30p140hvttt1v25c_ccs     0.882000       1     0.882000
-----------------------------------------------------------------------------
Total 105 references                                  218.861999

****************************************
Design: requant_rne_ACC_W22_DATA_WIDTH8_SHW5_13 
****************************************
Reference          Library       Unit Area   Count    Total Area   Attributes
-----------------------------------------------------------------------------
AN2D0BWP40P140EHVT tcbn28hpcplusbwp40p140ehvttt1v25c_ccs     0.504000       4     2.016000
AO211D0BWP30P140HVT tcbn28hpcplusbwp30p140hvttt1v25c_ccs     0.756000       1     0.756000
AOI21D0BWP30P140HVT tcbn28hpcplusbwp30p140hvttt1v25c_ccs     0.504000       2     1.008000
AOI21D0BWP40P140EHVT tcbn28hpcplusbwp40p140ehvttt1v25c_ccs     0.504000       2     1.008000
AOI21D1BWP30P140HVT tcbn28hpcplusbwp30p140hvttt1v25c_ccs     0.504000       2     1.008000
AOI21D1BWP30P140LVT tcbn28hpcplusbwp30p140lvttt1v25c_ccs     0.504000       1     0.504000
AOI22D0BWP30P140HVT tcbn28hpcplusbwp30p140hvttt1v25c_ccs     0.630000       3     1.890000
AOI22D0BWP40P140EHVT tcbn28hpcplusbwp40p140ehvttt1v25c_ccs     0.630000       4     2.520000
AOI22D0P7BWP40P140EHVT tcbn28hpcplusbwp40p140ehvttt1v25c_ccs     0.630000       1     0.630000
AOI22D1BWP30P140HVT tcbn28hpcplusbwp30p140hvttt1v25c_ccs     0.630000       2     1.260000
AOI22D1BWP30P140LVT tcbn28hpcplusbwp30p140lvttt1v25c_ccs     0.630000       1     0.630000
AOI31D0BWP40P140EHVT tcbn28hpcplusbwp40p140ehvttt1v25c_ccs     0.630000       1     0.630000
AOI211D0BWP40P140EHVT tcbn28hpcplusbwp40p140ehvttt1v25c_ccs     0.630000       3     1.890000
CKND2D1BWP40P140EHVT tcbn28hpcplusbwp40p140ehvttt1v25c_ccs     0.378000       9     3.402000
FA1D0BWP30P140HVT  tcbn28hpcplusbwp30p140hvttt1v25c_ccs     2.142000       3     6.426000 r
FA1D1BWP30P140LVT  tcbn28hpcplusbwp30p140lvttt1v25c_ccs     2.142000       5    10.710000 r
FA1D2BWP30P140LVT  tcbn28hpcplusbwp30p140lvttt1v25c_ccs     2.394000       3     7.182000 r
IAO21D1BWP30P140HVT tcbn28hpcplusbwp30p140hvttt1v25c_ccs     0.630000       1     0.630000
IND2D0BWP40P140EHVT tcbn28hpcplusbwp40p140ehvttt1v25c_ccs     0.504000       1     0.504000
IND2D1BWP30P140    tcbn28hpcplusbwp30p140tt1v25c_ccs     0.504000       1     0.504000
IND2D1BWP40P140EHVT tcbn28hpcplusbwp40p140ehvttt1v25c_ccs     0.504000       2     1.008000
INR2D0BWP30P140HVT tcbn28hpcplusbwp30p140hvttt1v25c_ccs     0.504000       3     1.512000
INR2D0BWP40P140EHVT tcbn28hpcplusbwp40p140ehvttt1v25c_ccs     0.504000      18     9.072000
INR2D1BWP30P140    tcbn28hpcplusbwp30p140tt1v25c_ccs     0.504000       1     0.504000
INR2D1BWP30P140HVT tcbn28hpcplusbwp30p140hvttt1v25c_ccs     0.504000       2     1.008000
INR2D1BWP30P140LVT tcbn28hpcplusbwp30p140lvttt1v25c_ccs     0.504000       3     1.512000
INR2D1BWP40P140EHVT tcbn28hpcplusbwp40p140ehvttt1v25c_ccs     0.504000       1     0.504000
INR2D2BWP30P140    tcbn28hpcplusbwp30p140tt1v25c_ccs     0.756000       1     0.756000
INR4D0BWP30P140    tcbn28hpcplusbwp30p140tt1v25c_ccs     0.756000       1     0.756000
INR4D0BWP40P140EHVT tcbn28hpcplusbwp40p140ehvttt1v25c_ccs     0.756000       1     0.756000
INVD0BWP30P140HVT  tcbn28hpcplusbwp30p140hvttt1v25c_ccs     0.252000       1     0.252000
INVD0BWP40P140EHVT tcbn28hpcplusbwp40p140ehvttt1v25c_ccs     0.252000      51    12.852000
INVD0P7BWP30P140HVT tcbn28hpcplusbwp30p140hvttt1v25c_ccs     0.252000       3     0.756000
INVD0P7BWP40P140EHVT tcbn28hpcplusbwp40p140ehvttt1v25c_ccs     0.252000       2     0.504000
INVD1BWP30P140     tcbn28hpcplusbwp30p140tt1v25c_ccs     0.252000       2     0.504000
INVD1BWP30P140HVT  tcbn28hpcplusbwp30p140hvttt1v25c_ccs     0.252000       6     1.512000
INVD1BWP30P140LVT  tcbn28hpcplusbwp30p140lvttt1v25c_ccs     0.252000       1     0.252000
INVD1BWP40P140EHVT tcbn28hpcplusbwp40p140ehvttt1v25c_ccs     0.252000       4     1.008000
INVD2BWP30P140     tcbn28hpcplusbwp30p140tt1v25c_ccs     0.378000       2     0.756000
INVD3BWP30P140     tcbn28hpcplusbwp30p140tt1v25c_ccs     0.504000       1     0.504000
INVD3BWP30P140HVT  tcbn28hpcplusbwp30p140hvttt1v25c_ccs     0.504000       1     0.504000
IOA21D0BWP40P140EHVT tcbn28hpcplusbwp40p140ehvttt1v25c_ccs     0.630000       2     1.260000
MAOI22D0BWP30P140HVT tcbn28hpcplusbwp30p140hvttt1v25c_ccs     0.756000       2     1.512000
MAOI22D1BWP30P140  tcbn28hpcplusbwp30p140tt1v25c_ccs     0.756000       1     0.756000
MAOI22D1BWP30P140HVT tcbn28hpcplusbwp30p140hvttt1v25c_ccs     0.756000       3     2.268000
MAOI22D1BWP30P140LVT tcbn28hpcplusbwp30p140lvttt1v25c_ccs     0.756000       1     0.756000
MAOI22D1BWP40P140EHVT tcbn28hpcplusbwp40p140ehvttt1v25c_ccs     0.756000       4     3.024000
MAOI222D0BWP40P140EHVT tcbn28hpcplusbwp40p140ehvttt1v25c_ccs     0.756000       1     0.756000
MOAI22D0BWP40P140EHVT tcbn28hpcplusbwp40p140ehvttt1v25c_ccs     0.756000       1     0.756000
MOAI22D1BWP30P140  tcbn28hpcplusbwp30p140tt1v25c_ccs     0.756000       8     6.048000
MOAI22D1BWP30P140HVT tcbn28hpcplusbwp30p140hvttt1v25c_ccs     0.756000       2     1.512000
MOAI22D1BWP30P140LVT tcbn28hpcplusbwp30p140lvttt1v25c_ccs     0.756000       2     1.512000
MUX2NUD1BWP30P140HVT tcbn28hpcplusbwp30p140hvttt1v25c_ccs     0.756000       7     5.292000
MUX2NUD1BWP30P140LVT tcbn28hpcplusbwp30p140lvttt1v25c_ccs     0.756000       1     0.756000
MUX2NUD1BWP40P140EHVT tcbn28hpcplusbwp40p140ehvttt1v25c_ccs     0.756000       1     0.756000
ND2D0BWP30P140HVT  tcbn28hpcplusbwp30p140hvttt1v25c_ccs     0.378000       2     0.756000
ND2D0BWP40P140EHVT tcbn28hpcplusbwp40p140ehvttt1v25c_ccs     0.378000      25     9.450000
ND2D0P7BWP40P140EHVT tcbn28hpcplusbwp40p140ehvttt1v25c_ccs     0.378000       1     0.378000
ND2D1BWP30P140     tcbn28hpcplusbwp30p140tt1v25c_ccs     0.378000       7     2.646000
ND2D1BWP30P140HVT  tcbn28hpcplusbwp30p140hvttt1v25c_ccs     0.378000       4     1.512000
ND2OPTIBD1BWP30P140HVT tcbn28hpcplusbwp30p140hvttt1v25c_ccs     0.378000       9     3.402000
ND2OPTIBD2BWP30P140HVT tcbn28hpcplusbwp30p140hvttt1v25c_ccs     0.630000       2     1.260000
ND3D0BWP30P140HVT  tcbn28hpcplusbwp30p140hvttt1v25c_ccs     0.504000       1     0.504000
ND3D0BWP40P140EHVT tcbn28hpcplusbwp40p140ehvttt1v25c_ccs     0.504000       4     2.016000
ND3D0P7BWP30P140HVT tcbn28hpcplusbwp30p140hvttt1v25c_ccs     0.504000       1     0.504000
ND3D1BWP30P140     tcbn28hpcplusbwp30p140tt1v25c_ccs     0.504000       1     0.504000
ND3D1BWP30P140HVT  tcbn28hpcplusbwp30p140hvttt1v25c_ccs     0.504000       2     1.008000
ND3D1BWP30P140LVT  tcbn28hpcplusbwp30p140lvttt1v25c_ccs     0.504000       1     0.504000
NR2D0BWP30P140HVT  tcbn28hpcplusbwp30p140hvttt1v25c_ccs     0.378000       3     1.134000
NR2D0BWP40P140EHVT tcbn28hpcplusbwp40p140ehvttt1v25c_ccs     0.378000      46    17.388000
NR2D0P7BWP40P140EHVT tcbn28hpcplusbwp40p140ehvttt1v25c_ccs     0.378000       3     1.134000
NR2D1BWP30P140     tcbn28hpcplusbwp30p140tt1v25c_ccs     0.378000       9     3.402000
NR2D1BWP30P140HVT  tcbn28hpcplusbwp30p140hvttt1v25c_ccs     0.378000       2     0.756000
NR2D2BWP30P140HVT  tcbn28hpcplusbwp30p140hvttt1v25c_ccs     0.630000       1     0.630000
NR2OPTIBD1BWP30P140HVT tcbn28hpcplusbwp30p140hvttt1v25c_ccs     0.378000      15     5.670000
NR2OPTIBD1BWP40P140EHVT tcbn28hpcplusbwp40p140ehvttt1v25c_ccs     0.378000       3     1.134000
NR3D0BWP30P140HVT  tcbn28hpcplusbwp30p140hvttt1v25c_ccs     0.504000       2     1.008000
NR3D0BWP40P140EHVT tcbn28hpcplusbwp40p140ehvttt1v25c_ccs     0.504000       4     2.016000
NR3D0P7BWP30P140LVT tcbn28hpcplusbwp30p140lvttt1v25c_ccs     0.504000       1     0.504000
OA21D0BWP30P140HVT tcbn28hpcplusbwp30p140hvttt1v25c_ccs     0.630000       1     0.630000
OA21D0BWP40P140EHVT tcbn28hpcplusbwp40p140ehvttt1v25c_ccs     0.630000       4     2.520000
OA22D0BWP30P140HVT tcbn28hpcplusbwp30p140hvttt1v25c_ccs     0.882000       1     0.882000
OA22D1BWP40P140EHVT tcbn28hpcplusbwp40p140ehvttt1v25c_ccs     0.882000       1     0.882000
OA211D0BWP40P140EHVT tcbn28hpcplusbwp40p140ehvttt1v25c_ccs     0.756000       2     1.512000
OAI21D0BWP40P140EHVT tcbn28hpcplusbwp40p140ehvttt1v25c_ccs     0.504000       6     3.024000
OAI21D0P7BWP30P140HVT tcbn28hpcplusbwp30p140hvttt1v25c_ccs     0.504000       2     1.008000
OAI21D1BWP30P140HVT tcbn28hpcplusbwp30p140hvttt1v25c_ccs     0.504000       3     1.512000
OAI22D0BWP30P140HVT tcbn28hpcplusbwp30p140hvttt1v25c_ccs     0.630000       3     1.890000
OAI22D0BWP40P140EHVT tcbn28hpcplusbwp40p140ehvttt1v25c_ccs     0.630000       5     3.150000
OAI22D0P7BWP30P140HVT tcbn28hpcplusbwp30p140hvttt1v25c_ccs     0.630000       1     0.630000
OAI22D0P7BWP40P140EHVT tcbn28hpcplusbwp40p140ehvttt1v25c_ccs     0.630000       1     0.630000
OAI22D1BWP30P140   tcbn28hpcplusbwp30p140tt1v25c_ccs     0.630000       1     0.630000
OAI22D1BWP30P140HVT tcbn28hpcplusbwp30p140hvttt1v25c_ccs     0.630000       3     1.890000
OAI22D1BWP30P140LVT tcbn28hpcplusbwp30p140lvttt1v25c_ccs     0.630000       5     3.150000
OAI31D0BWP40P140EHVT tcbn28hpcplusbwp40p140ehvttt1v25c_ccs     0.630000       1     0.630000
OAI211D1BWP30P140  tcbn28hpcplusbwp30p140tt1v25c_ccs     0.630000       1     0.630000
OAI211D1BWP30P140LVT tcbn28hpcplusbwp30p140lvttt1v25c_ccs     0.630000       1     0.630000
OR2D0BWP30P140     tcbn28hpcplusbwp30p140tt1v25c_ccs     0.504000       1     0.504000
OR2D0BWP40P140EHVT tcbn28hpcplusbwp40p140ehvttt1v25c_ccs     0.504000       7     3.528000
OR2D1BWP30P140HVT  tcbn28hpcplusbwp30p140hvttt1v25c_ccs     0.504000       5     2.520000
OR2D1BWP40P140EHVT tcbn28hpcplusbwp40p140ehvttt1v25c_ccs     0.504000       2     1.008000
XNR2UD0BWP30P140HVT tcbn28hpcplusbwp30p140hvttt1v25c_ccs     0.882000       1     0.882000
XNR2UD0BWP40P140EHVT tcbn28hpcplusbwp40p140ehvttt1v25c_ccs     0.882000       7     6.174000
XNR2UD1BWP30P140   tcbn28hpcplusbwp30p140tt1v25c_ccs     0.882000       2     1.764000
XNR2UD1BWP30P140HVT tcbn28hpcplusbwp30p140hvttt1v25c_ccs     0.882000       1     0.882000
XNR2UD1BWP30P140LVT tcbn28hpcplusbwp30p140lvttt1v25c_ccs     0.882000       3     2.646000
XNR2UD1BWP40P140EHVT tcbn28hpcplusbwp40p140ehvttt1v25c_ccs     0.882000       2     1.764000
XOR2UD0BWP40P140EHVT tcbn28hpcplusbwp40p140ehvttt1v25c_ccs     0.882000       3     2.646000
XOR2UD1BWP30P140   tcbn28hpcplusbwp30p140tt1v25c_ccs     0.882000       1     0.882000
XOR2UD1BWP30P140HVT tcbn28hpcplusbwp30p140hvttt1v25c_ccs     0.882000       1     0.882000
XOR2UD1BWP40P140EHVT tcbn28hpcplusbwp40p140ehvttt1v25c_ccs     0.882000       1     0.882000
-----------------------------------------------------------------------------
Total 111 references                                  220.877999

****************************************
Design: requant_rne_ACC_W22_DATA_WIDTH8_SHW5_14 
****************************************
Reference          Library       Unit Area   Count    Total Area   Attributes
-----------------------------------------------------------------------------
AN2D0BWP40P140EHVT tcbn28hpcplusbwp40p140ehvttt1v25c_ccs     0.504000       4     2.016000
AO211D1BWP30P140HVT tcbn28hpcplusbwp30p140hvttt1v25c_ccs     0.756000       1     0.756000
AOI21D0BWP30P140HVT tcbn28hpcplusbwp30p140hvttt1v25c_ccs     0.504000       1     0.504000
AOI21D0BWP40P140EHVT tcbn28hpcplusbwp40p140ehvttt1v25c_ccs     0.504000       2     1.008000
AOI21D0P7BWP40P140EHVT tcbn28hpcplusbwp40p140ehvttt1v25c_ccs     0.504000       1     0.504000
AOI21D1BWP30P140   tcbn28hpcplusbwp30p140tt1v25c_ccs     0.504000       1     0.504000
AOI21D1BWP30P140HVT tcbn28hpcplusbwp30p140hvttt1v25c_ccs     0.504000       1     0.504000
AOI21D1BWP30P140LVT tcbn28hpcplusbwp30p140lvttt1v25c_ccs     0.504000       1     0.504000
AOI22D0BWP30P140HVT tcbn28hpcplusbwp30p140hvttt1v25c_ccs     0.630000       1     0.630000
AOI22D0BWP40P140EHVT tcbn28hpcplusbwp40p140ehvttt1v25c_ccs     0.630000       3     1.890000
AOI22D1BWP30P140HVT tcbn28hpcplusbwp30p140hvttt1v25c_ccs     0.630000       7     4.410000
AOI31D0BWP40P140EHVT tcbn28hpcplusbwp40p140ehvttt1v25c_ccs     0.630000       1     0.630000
AOI211D0BWP40P140EHVT tcbn28hpcplusbwp40p140ehvttt1v25c_ccs     0.630000       3     1.890000
CKND2D1BWP40P140EHVT tcbn28hpcplusbwp40p140ehvttt1v25c_ccs     0.378000       6     2.268000
FA1D1BWP30P140     tcbn28hpcplusbwp30p140tt1v25c_ccs     2.142000       9    19.278000 r
FA1D1BWP30P140HVT  tcbn28hpcplusbwp30p140hvttt1v25c_ccs     2.142000       1     2.142000 r
IAO21D1BWP30P140HVT tcbn28hpcplusbwp30p140hvttt1v25c_ccs     0.630000       1     0.630000
IND2D0BWP30P140HVT tcbn28hpcplusbwp30p140hvttt1v25c_ccs     0.504000       1     0.504000
IND2D0BWP40P140EHVT tcbn28hpcplusbwp40p140ehvttt1v25c_ccs     0.504000       1     0.504000
IND2D1BWP30P140HVT tcbn28hpcplusbwp30p140hvttt1v25c_ccs     0.504000       1     0.504000
IND2D1BWP40P140EHVT tcbn28hpcplusbwp40p140ehvttt1v25c_ccs     0.504000       1     0.504000
INR2D0BWP40P140EHVT tcbn28hpcplusbwp40p140ehvttt1v25c_ccs     0.504000      18     9.072000
INR2D1BWP30P140    tcbn28hpcplusbwp30p140tt1v25c_ccs     0.504000       2     1.008000
INR2D1BWP30P140HVT tcbn28hpcplusbwp30p140hvttt1v25c_ccs     0.504000       4     2.016000
INR2D1BWP30P140LVT tcbn28hpcplusbwp30p140lvttt1v25c_ccs     0.504000       2     1.008000
INR2D1BWP40P140EHVT tcbn28hpcplusbwp40p140ehvttt1v25c_ccs     0.504000       3     1.512000
INR4D0BWP30P140    tcbn28hpcplusbwp30p140tt1v25c_ccs     0.756000       1     0.756000
INR4D0BWP40P140EHVT tcbn28hpcplusbwp40p140ehvttt1v25c_ccs     0.756000       1     0.756000
INVD0BWP30P140HVT  tcbn28hpcplusbwp30p140hvttt1v25c_ccs     0.252000       1     0.252000
INVD0BWP40P140EHVT tcbn28hpcplusbwp40p140ehvttt1v25c_ccs     0.252000      49    12.348000
INVD0P7BWP30P140HVT tcbn28hpcplusbwp30p140hvttt1v25c_ccs     0.252000       2     0.504000
INVD0P7BWP40P140EHVT tcbn28hpcplusbwp40p140ehvttt1v25c_ccs     0.252000       5     1.260000
INVD1BWP30P140     tcbn28hpcplusbwp30p140tt1v25c_ccs     0.252000       3     0.756000
INVD1BWP30P140HVT  tcbn28hpcplusbwp30p140hvttt1v25c_ccs     0.252000       8     2.016000
INVD1BWP30P140LVT  tcbn28hpcplusbwp30p140lvttt1v25c_ccs     0.252000       1     0.252000
INVD1BWP40P140EHVT tcbn28hpcplusbwp40p140ehvttt1v25c_ccs     0.252000       3     0.756000
INVD1P5BWP30P140HVT tcbn28hpcplusbwp30p140hvttt1v25c_ccs     0.378000       1     0.378000
INVD2BWP30P140HVT  tcbn28hpcplusbwp30p140hvttt1v25c_ccs     0.378000       1     0.378000
IOA21D0BWP40P140EHVT tcbn28hpcplusbwp40p140ehvttt1v25c_ccs     0.630000       2     1.260000
MAOI22D0BWP30P140HVT tcbn28hpcplusbwp30p140hvttt1v25c_ccs     0.756000       3     2.268000
MAOI22D1BWP30P140  tcbn28hpcplusbwp30p140tt1v25c_ccs     0.756000       1     0.756000
MAOI22D1BWP30P140HVT tcbn28hpcplusbwp30p140hvttt1v25c_ccs     0.756000       6     4.536000
MAOI22D1BWP30P140LVT tcbn28hpcplusbwp30p140lvttt1v25c_ccs     0.756000       1     0.756000
MAOI222D0BWP40P140EHVT tcbn28hpcplusbwp40p140ehvttt1v25c_ccs     0.756000       1     0.756000
MOAI22D0BWP30P140  tcbn28hpcplusbwp30p140tt1v25c_ccs     0.756000       1     0.756000
MOAI22D0BWP30P140HVT tcbn28hpcplusbwp30p140hvttt1v25c_ccs     0.756000       1     0.756000
MOAI22D0BWP40P140EHVT tcbn28hpcplusbwp40p140ehvttt1v25c_ccs     0.756000       1     0.756000
MOAI22D1BWP30P140  tcbn28hpcplusbwp30p140tt1v25c_ccs     0.756000       3     2.268000
MOAI22D1BWP30P140HVT tcbn28hpcplusbwp30p140hvttt1v25c_ccs     0.756000       5     3.780000
MOAI22D1BWP30P140LVT tcbn28hpcplusbwp30p140lvttt1v25c_ccs     0.756000       1     0.756000
MOAI22D1BWP40P140EHVT tcbn28hpcplusbwp40p140ehvttt1v25c_ccs     0.756000       1     0.756000
MUX2NUD1BWP30P140  tcbn28hpcplusbwp30p140tt1v25c_ccs     0.756000       1     0.756000
MUX2NUD1BWP30P140HVT tcbn28hpcplusbwp30p140hvttt1v25c_ccs     0.756000       6     4.536000
MUX2NUD1BWP30P140LVT tcbn28hpcplusbwp30p140lvttt1v25c_ccs     0.756000       1     0.756000
MUX2NUD1BWP40P140EHVT tcbn28hpcplusbwp40p140ehvttt1v25c_ccs     0.756000       1     0.756000
ND2D0BWP30P140HVT  tcbn28hpcplusbwp30p140hvttt1v25c_ccs     0.378000       3     1.134000
ND2D0BWP40P140EHVT tcbn28hpcplusbwp40p140ehvttt1v25c_ccs     0.378000      28    10.584000
ND2D1BWP30P140     tcbn28hpcplusbwp30p140tt1v25c_ccs     0.378000       4     1.512000
ND2D1BWP30P140HVT  tcbn28hpcplusbwp30p140hvttt1v25c_ccs     0.378000       3     1.134000
ND2D1BWP30P140LVT  tcbn28hpcplusbwp30p140lvttt1v25c_ccs     0.378000       2     0.756000
ND2OPTIBD1BWP30P140HVT tcbn28hpcplusbwp30p140hvttt1v25c_ccs     0.378000      13     4.914000
ND3D0BWP30P140     tcbn28hpcplusbwp30p140tt1v25c_ccs     0.504000       2     1.008000
ND3D0BWP40P140EHVT tcbn28hpcplusbwp40p140ehvttt1v25c_ccs     0.504000       4     2.016000
ND3D0P7BWP30P140HVT tcbn28hpcplusbwp30p140hvttt1v25c_ccs     0.504000       1     0.504000
ND3D1BWP30P140HVT  tcbn28hpcplusbwp30p140hvttt1v25c_ccs     0.504000       2     1.008000
ND3D1BWP30P140LVT  tcbn28hpcplusbwp30p140lvttt1v25c_ccs     0.504000       1     0.504000
NR2D0BWP30P140HVT  tcbn28hpcplusbwp30p140hvttt1v25c_ccs     0.378000       3     1.134000
NR2D0BWP40P140EHVT tcbn28hpcplusbwp40p140ehvttt1v25c_ccs     0.378000      41    15.498000
NR2D0P7BWP40P140EHVT tcbn28hpcplusbwp40p140ehvttt1v25c_ccs     0.378000       1     0.378000
NR2D1BWP30P140     tcbn28hpcplusbwp30p140tt1v25c_ccs     0.378000       9     3.402000
NR2D1BWP30P140HVT  tcbn28hpcplusbwp30p140hvttt1v25c_ccs     0.378000       7     2.646000
NR2D1BWP30P140LVT  tcbn28hpcplusbwp30p140lvttt1v25c_ccs     0.378000       1     0.378000
NR2OPTIBD1BWP30P140HVT tcbn28hpcplusbwp30p140hvttt1v25c_ccs     0.378000      17     6.426000
NR2OPTIBD1BWP40P140EHVT tcbn28hpcplusbwp40p140ehvttt1v25c_ccs     0.378000       4     1.512000
NR3D0BWP30P140HVT  tcbn28hpcplusbwp30p140hvttt1v25c_ccs     0.504000       2     1.008000
NR3D0BWP40P140EHVT tcbn28hpcplusbwp40p140ehvttt1v25c_ccs     0.504000       4     2.016000
NR3D0P7BWP30P140LVT tcbn28hpcplusbwp30p140lvttt1v25c_ccs     0.504000       1     0.504000
OA21D0BWP30P140HVT tcbn28hpcplusbwp30p140hvttt1v25c_ccs     0.630000       1     0.630000
OA21D0BWP40P140EHVT tcbn28hpcplusbwp40p140ehvttt1v25c_ccs     0.630000       3     1.890000
OA22D1BWP30P140HVT tcbn28hpcplusbwp30p140hvttt1v25c_ccs     0.882000       1     0.882000
OA22D1BWP40P140EHVT tcbn28hpcplusbwp40p140ehvttt1v25c_ccs     0.882000       1     0.882000
OA211D0BWP40P140EHVT tcbn28hpcplusbwp40p140ehvttt1v25c_ccs     0.756000       2     1.512000
OAI21D0BWP30P140HVT tcbn28hpcplusbwp30p140hvttt1v25c_ccs     0.504000       1     0.504000
OAI21D0BWP40P140EHVT tcbn28hpcplusbwp40p140ehvttt1v25c_ccs     0.504000       8     4.032000
OAI21D0P7BWP30P140HVT tcbn28hpcplusbwp30p140hvttt1v25c_ccs     0.504000       1     0.504000
OAI21D1BWP30P140HVT tcbn28hpcplusbwp30p140hvttt1v25c_ccs     0.504000       1     0.504000
OAI22D0BWP30P140HVT tcbn28hpcplusbwp30p140hvttt1v25c_ccs     0.630000       3     1.890000
OAI22D0BWP40P140EHVT tcbn28hpcplusbwp40p140ehvttt1v25c_ccs     0.630000       5     3.150000
OAI22D0P7BWP30P140HVT tcbn28hpcplusbwp30p140hvttt1v25c_ccs     0.630000       2     1.260000
OAI22D1BWP30P140   tcbn28hpcplusbwp30p140tt1v25c_ccs     0.630000       2     1.260000
OAI22D1BWP30P140HVT tcbn28hpcplusbwp30p140hvttt1v25c_ccs     0.630000       5     3.150000
OAI22D1BWP30P140LVT tcbn28hpcplusbwp30p140lvttt1v25c_ccs     0.630000       1     0.630000
OAI22D1BWP40P140EHVT tcbn28hpcplusbwp40p140ehvttt1v25c_ccs     0.630000       1     0.630000
OAI31D0BWP40P140EHVT tcbn28hpcplusbwp40p140ehvttt1v25c_ccs     0.630000       1     0.630000
OAI211D1BWP30P140  tcbn28hpcplusbwp30p140tt1v25c_ccs     0.630000       2     1.260000
OR2D0BWP40P140EHVT tcbn28hpcplusbwp40p140ehvttt1v25c_ccs     0.504000       6     3.024000
OR2D1BWP30P140HVT  tcbn28hpcplusbwp30p140hvttt1v25c_ccs     0.504000       6     3.024000
OR2D1BWP40P140EHVT tcbn28hpcplusbwp40p140ehvttt1v25c_ccs     0.504000       1     0.504000
XNR2D1BWP30P140    tcbn28hpcplusbwp30p140tt1v25c_ccs     1.008000       1     1.008000
XNR2UD0BWP40P140EHVT tcbn28hpcplusbwp40p140ehvttt1v25c_ccs     0.882000       8     7.056000
XNR2UD1BWP30P140   tcbn28hpcplusbwp30p140tt1v25c_ccs     0.882000       2     1.764000
XNR2UD1BWP30P140HVT tcbn28hpcplusbwp30p140hvttt1v25c_ccs     0.882000       3     2.646000
XNR2UD1BWP30P140LVT tcbn28hpcplusbwp30p140lvttt1v25c_ccs     0.882000       1     0.882000
XNR2UD1BWP40P140EHVT tcbn28hpcplusbwp40p140ehvttt1v25c_ccs     0.882000       1     0.882000
XOR2UD0BWP30P140HVT tcbn28hpcplusbwp30p140hvttt1v25c_ccs     0.882000       1     0.882000
XOR2UD0BWP40P140EHVT tcbn28hpcplusbwp40p140ehvttt1v25c_ccs     0.882000       3     2.646000
XOR2UD1BWP30P140HVT tcbn28hpcplusbwp30p140hvttt1v25c_ccs     0.882000       1     0.882000
XOR2UD1BWP40P140EHVT tcbn28hpcplusbwp40p140ehvttt1v25c_ccs     0.882000       1     0.882000
-----------------------------------------------------------------------------
Total 108 references                                  215.333999

****************************************
Design: requant_rne_ACC_W22_DATA_WIDTH8_SHW5_15 
****************************************
Reference          Library       Unit Area   Count    Total Area   Attributes
-----------------------------------------------------------------------------
AN2D0BWP40P140EHVT tcbn28hpcplusbwp40p140ehvttt1v25c_ccs     0.504000       3     1.512000
AN2D1BWP30P140     tcbn28hpcplusbwp30p140tt1v25c_ccs     0.504000       1     0.504000
AO211D1BWP30P140HVT tcbn28hpcplusbwp30p140hvttt1v25c_ccs     0.756000       1     0.756000
AOI21D0BWP40P140EHVT tcbn28hpcplusbwp40p140ehvttt1v25c_ccs     0.504000       4     2.016000
AOI21D1BWP30P140HVT tcbn28hpcplusbwp30p140hvttt1v25c_ccs     0.504000       1     0.504000
AOI21D1BWP30P140LVT tcbn28hpcplusbwp30p140lvttt1v25c_ccs     0.504000       1     0.504000
AOI21D1BWP40P140EHVT tcbn28hpcplusbwp40p140ehvttt1v25c_ccs     0.504000       1     0.504000
AOI22D0BWP30P140HVT tcbn28hpcplusbwp30p140hvttt1v25c_ccs     0.630000       3     1.890000
AOI22D0BWP40P140EHVT tcbn28hpcplusbwp40p140ehvttt1v25c_ccs     0.630000       3     1.890000
AOI22D0P7BWP40P140EHVT tcbn28hpcplusbwp40p140ehvttt1v25c_ccs     0.630000       1     0.630000
AOI22D1BWP30P140HVT tcbn28hpcplusbwp30p140hvttt1v25c_ccs     0.630000       4     2.520000
AOI31D0BWP40P140EHVT tcbn28hpcplusbwp40p140ehvttt1v25c_ccs     0.630000       1     0.630000
AOI211D0BWP40P140EHVT tcbn28hpcplusbwp40p140ehvttt1v25c_ccs     0.630000       2     1.260000
AOI211D1BWP30P140  tcbn28hpcplusbwp30p140tt1v25c_ccs     0.630000       1     0.630000
CKND2D1BWP40P140EHVT tcbn28hpcplusbwp40p140ehvttt1v25c_ccs     0.378000       9     3.402000
FA1D1BWP30P140     tcbn28hpcplusbwp30p140tt1v25c_ccs     2.142000      10    21.420000 r
IAO21D1BWP30P140HVT tcbn28hpcplusbwp30p140hvttt1v25c_ccs     0.630000       1     0.630000
IND2D0BWP40P140EHVT tcbn28hpcplusbwp40p140ehvttt1v25c_ccs     0.504000       1     0.504000
IND2D1BWP30P140HVT tcbn28hpcplusbwp30p140hvttt1v25c_ccs     0.504000       2     1.008000
IND2D1BWP40P140EHVT tcbn28hpcplusbwp40p140ehvttt1v25c_ccs     0.504000       1     0.504000
INR2D0BWP30P140HVT tcbn28hpcplusbwp30p140hvttt1v25c_ccs     0.504000       3     1.512000
INR2D0BWP40P140EHVT tcbn28hpcplusbwp40p140ehvttt1v25c_ccs     0.504000      20    10.080000
INR2D1BWP30P140    tcbn28hpcplusbwp30p140tt1v25c_ccs     0.504000       4     2.016000
INR2D1BWP30P140HVT tcbn28hpcplusbwp30p140hvttt1v25c_ccs     0.504000       1     0.504000
INR2D1BWP40P140EHVT tcbn28hpcplusbwp40p140ehvttt1v25c_ccs     0.504000       1     0.504000
INR4D0BWP30P140    tcbn28hpcplusbwp30p140tt1v25c_ccs     0.756000       1     0.756000
INR4D0BWP40P140EHVT tcbn28hpcplusbwp40p140ehvttt1v25c_ccs     0.756000       1     0.756000
INVD0BWP30P140HVT  tcbn28hpcplusbwp30p140hvttt1v25c_ccs     0.252000       3     0.756000
INVD0BWP40P140EHVT tcbn28hpcplusbwp40p140ehvttt1v25c_ccs     0.252000      50    12.600000
INVD0P7BWP30P140HVT tcbn28hpcplusbwp30p140hvttt1v25c_ccs     0.252000       2     0.504000
INVD0P7BWP40P140EHVT tcbn28hpcplusbwp40p140ehvttt1v25c_ccs     0.252000       4     1.008000
INVD1BWP30P140     tcbn28hpcplusbwp30p140tt1v25c_ccs     0.252000       4     1.008000
INVD1BWP30P140HVT  tcbn28hpcplusbwp30p140hvttt1v25c_ccs     0.252000       6     1.512000
INVD1BWP30P140LVT  tcbn28hpcplusbwp30p140lvttt1v25c_ccs     0.252000       1     0.252000
INVD1BWP40P140EHVT tcbn28hpcplusbwp40p140ehvttt1v25c_ccs     0.252000       3     0.756000
INVD2BWP30P140HVT  tcbn28hpcplusbwp30p140hvttt1v25c_ccs     0.378000       2     0.756000
IOA21D0BWP40P140EHVT tcbn28hpcplusbwp40p140ehvttt1v25c_ccs     0.630000       2     1.260000
MAOI22D0BWP30P140HVT tcbn28hpcplusbwp30p140hvttt1v25c_ccs     0.756000       2     1.512000
MAOI22D1BWP30P140  tcbn28hpcplusbwp30p140tt1v25c_ccs     0.756000       1     0.756000
MAOI22D1BWP30P140HVT tcbn28hpcplusbwp30p140hvttt1v25c_ccs     0.756000       6     4.536000
MAOI22D1BWP30P140LVT tcbn28hpcplusbwp30p140lvttt1v25c_ccs     0.756000       1     0.756000
MAOI22D1BWP40P140EHVT tcbn28hpcplusbwp40p140ehvttt1v25c_ccs     0.756000       1     0.756000
MAOI222D0BWP40P140EHVT tcbn28hpcplusbwp40p140ehvttt1v25c_ccs     0.756000       1     0.756000
MOAI22D0BWP30P140HVT tcbn28hpcplusbwp30p140hvttt1v25c_ccs     0.756000       3     2.268000
MOAI22D0BWP40P140EHVT tcbn28hpcplusbwp40p140ehvttt1v25c_ccs     0.756000       2     1.512000
MOAI22D1BWP30P140  tcbn28hpcplusbwp30p140tt1v25c_ccs     0.756000       2     1.512000
MOAI22D1BWP30P140HVT tcbn28hpcplusbwp30p140hvttt1v25c_ccs     0.756000       5     3.780000
MOAI22D1BWP30P140LVT tcbn28hpcplusbwp30p140lvttt1v25c_ccs     0.756000       1     0.756000
MUX2NUD1BWP30P140  tcbn28hpcplusbwp30p140tt1v25c_ccs     0.756000       2     1.512000
MUX2NUD1BWP30P140HVT tcbn28hpcplusbwp30p140hvttt1v25c_ccs     0.756000       6     4.536000
MUX2NUD1BWP40P140EHVT tcbn28hpcplusbwp40p140ehvttt1v25c_ccs     0.756000       1     0.756000
ND2D0BWP30P140HVT  tcbn28hpcplusbwp30p140hvttt1v25c_ccs     0.378000       1     0.378000
ND2D0BWP40P140EHVT tcbn28hpcplusbwp40p140ehvttt1v25c_ccs     0.378000      28    10.584000
ND2D1BWP30P140     tcbn28hpcplusbwp30p140tt1v25c_ccs     0.378000       3     1.134000
ND2D1BWP30P140HVT  tcbn28hpcplusbwp30p140hvttt1v25c_ccs     0.378000       3     1.134000
ND2D1BWP30P140LVT  tcbn28hpcplusbwp30p140lvttt1v25c_ccs     0.378000       2     0.756000
ND2OPTIBD1BWP30P140HVT tcbn28hpcplusbwp30p140hvttt1v25c_ccs     0.378000      11     4.158000
ND2OPTIBD2BWP30P140 tcbn28hpcplusbwp30p140tt1v25c_ccs     0.630000       2     1.260000
ND3D0BWP30P140HVT  tcbn28hpcplusbwp30p140hvttt1v25c_ccs     0.504000       2     1.008000
ND3D0BWP40P140EHVT tcbn28hpcplusbwp40p140ehvttt1v25c_ccs     0.504000       4     2.016000
ND3D0P7BWP30P140HVT tcbn28hpcplusbwp30p140hvttt1v25c_ccs     0.504000       1     0.504000
ND3D1BWP30P140     tcbn28hpcplusbwp30p140tt1v25c_ccs     0.504000       1     0.504000
ND3D1BWP30P140HVT  tcbn28hpcplusbwp30p140hvttt1v25c_ccs     0.504000       2     1.008000
NR2D0BWP30P140HVT  tcbn28hpcplusbwp30p140hvttt1v25c_ccs     0.378000       3     1.134000
NR2D0BWP40P140EHVT tcbn28hpcplusbwp40p140ehvttt1v25c_ccs     0.378000      46    17.388000
NR2D0P7BWP40P140EHVT tcbn28hpcplusbwp40p140ehvttt1v25c_ccs     0.378000       3     1.134000
NR2D1BWP30P140     tcbn28hpcplusbwp30p140tt1v25c_ccs     0.378000       6     2.268000
NR2D1BWP30P140LVT  tcbn28hpcplusbwp30p140lvttt1v25c_ccs     0.378000       3     1.134000
NR2D1BWP40P140EHVT tcbn28hpcplusbwp40p140ehvttt1v25c_ccs     0.378000       1     0.378000
NR2OPTIBD1BWP30P140HVT tcbn28hpcplusbwp30p140hvttt1v25c_ccs     0.378000      17     6.426000
NR2OPTIBD1BWP40P140EHVT tcbn28hpcplusbwp40p140ehvttt1v25c_ccs     0.378000       3     1.134000
NR3D0BWP30P140HVT  tcbn28hpcplusbwp30p140hvttt1v25c_ccs     0.504000       2     1.008000
NR3D0BWP40P140EHVT tcbn28hpcplusbwp40p140ehvttt1v25c_ccs     0.504000       4     2.016000
NR3D0P7BWP30P140LVT tcbn28hpcplusbwp30p140lvttt1v25c_ccs     0.504000       1     0.504000
OA21D0BWP30P140HVT tcbn28hpcplusbwp30p140hvttt1v25c_ccs     0.630000       1     0.630000
OA21D0BWP40P140EHVT tcbn28hpcplusbwp40p140ehvttt1v25c_ccs     0.630000       3     1.890000
OA22D0BWP40P140EHVT tcbn28hpcplusbwp40p140ehvttt1v25c_ccs     0.882000       1     0.882000
OA22D1BWP40P140EHVT tcbn28hpcplusbwp40p140ehvttt1v25c_ccs     0.882000       1     0.882000
OA211D0BWP40P140EHVT tcbn28hpcplusbwp40p140ehvttt1v25c_ccs     0.756000       2     1.512000
OAI21D0BWP30P140   tcbn28hpcplusbwp30p140tt1v25c_ccs     0.504000       1     0.504000
OAI21D0BWP30P140HVT tcbn28hpcplusbwp30p140hvttt1v25c_ccs     0.504000       1     0.504000
OAI21D0BWP40P140EHVT tcbn28hpcplusbwp40p140ehvttt1v25c_ccs     0.504000       7     3.528000
OAI21D1BWP30P140HVT tcbn28hpcplusbwp30p140hvttt1v25c_ccs     0.504000       2     1.008000
OAI22D0BWP30P140   tcbn28hpcplusbwp30p140tt1v25c_ccs     0.630000       2     1.260000
OAI22D0BWP30P140HVT tcbn28hpcplusbwp30p140hvttt1v25c_ccs     0.630000       2     1.260000
OAI22D0BWP40P140EHVT tcbn28hpcplusbwp40p140ehvttt1v25c_ccs     0.630000       5     3.150000
OAI22D0P7BWP30P140HVT tcbn28hpcplusbwp30p140hvttt1v25c_ccs     0.630000       1     0.630000
OAI22D0P7BWP40P140EHVT tcbn28hpcplusbwp40p140ehvttt1v25c_ccs     0.630000       1     0.630000
OAI22D1BWP30P140   tcbn28hpcplusbwp30p140tt1v25c_ccs     0.630000       3     1.890000
OAI22D1BWP30P140HVT tcbn28hpcplusbwp30p140hvttt1v25c_ccs     0.630000       3     1.890000
OAI22D1BWP30P140LVT tcbn28hpcplusbwp30p140lvttt1v25c_ccs     0.630000       2     1.260000
OAI31D0BWP40P140EHVT tcbn28hpcplusbwp40p140ehvttt1v25c_ccs     0.630000       1     0.630000
OAI211D1BWP30P140HVT tcbn28hpcplusbwp30p140hvttt1v25c_ccs     0.630000       2     1.260000
OR2D0BWP40P140EHVT tcbn28hpcplusbwp40p140ehvttt1v25c_ccs     0.504000       5     2.520000
OR2D1BWP30P140     tcbn28hpcplusbwp30p140tt1v25c_ccs     0.504000       1     0.504000
OR2D1BWP30P140HVT  tcbn28hpcplusbwp30p140hvttt1v25c_ccs     0.504000       5     2.520000
OR2D1BWP40P140EHVT tcbn28hpcplusbwp40p140ehvttt1v25c_ccs     0.504000       3     1.512000
XNR2UD0BWP30P140HVT tcbn28hpcplusbwp30p140hvttt1v25c_ccs     0.882000       3     2.646000
XNR2UD0BWP40P140EHVT tcbn28hpcplusbwp40p140ehvttt1v25c_ccs     0.882000       7     6.174000
XNR2UD1BWP30P140   tcbn28hpcplusbwp30p140tt1v25c_ccs     0.882000       1     0.882000
XNR2UD1BWP30P140HVT tcbn28hpcplusbwp30p140hvttt1v25c_ccs     0.882000       2     1.764000
XNR2UD1BWP30P140LVT tcbn28hpcplusbwp30p140lvttt1v25c_ccs     0.882000       2     1.764000
XNR2UD1BWP40P140EHVT tcbn28hpcplusbwp40p140ehvttt1v25c_ccs     0.882000       1     0.882000
XOR2UD0BWP30P140HVT tcbn28hpcplusbwp30p140hvttt1v25c_ccs     0.882000       1     0.882000
XOR2UD0BWP40P140EHVT tcbn28hpcplusbwp40p140ehvttt1v25c_ccs     0.882000       4     3.528000
XOR2UD1BWP30P140HVT tcbn28hpcplusbwp30p140hvttt1v25c_ccs     0.882000       1     0.882000
-----------------------------------------------------------------------------
Total 106 references                                  216.089999

****************************************
Design: requant_rne_ACC_W22_DATA_WIDTH8_SHW5_16 
****************************************
Reference          Library       Unit Area   Count    Total Area   Attributes
-----------------------------------------------------------------------------
AN2D0BWP40P140EHVT tcbn28hpcplusbwp40p140ehvttt1v25c_ccs     0.504000       4     2.016000
AO211D0BWP30P140HVT tcbn28hpcplusbwp30p140hvttt1v25c_ccs     0.756000       1     0.756000
AOI21D0BWP30P140HVT tcbn28hpcplusbwp30p140hvttt1v25c_ccs     0.504000       1     0.504000
AOI21D0BWP40P140EHVT tcbn28hpcplusbwp40p140ehvttt1v25c_ccs     0.504000       2     1.008000
AOI21D0P7BWP40P140EHVT tcbn28hpcplusbwp40p140ehvttt1v25c_ccs     0.504000       1     0.504000
AOI21D1BWP30P140HVT tcbn28hpcplusbwp30p140hvttt1v25c_ccs     0.504000       2     1.008000
AOI21D1BWP30P140LVT tcbn28hpcplusbwp30p140lvttt1v25c_ccs     0.504000       1     0.504000
AOI22D0BWP30P140HVT tcbn28hpcplusbwp30p140hvttt1v25c_ccs     0.630000       1     0.630000
AOI22D0BWP40P140EHVT tcbn28hpcplusbwp40p140ehvttt1v25c_ccs     0.630000       7     4.410000
AOI22D1BWP30P140HVT tcbn28hpcplusbwp30p140hvttt1v25c_ccs     0.630000       2     1.260000
AOI22D1BWP30P140LVT tcbn28hpcplusbwp30p140lvttt1v25c_ccs     0.630000       1     0.630000
AOI31D0BWP40P140EHVT tcbn28hpcplusbwp40p140ehvttt1v25c_ccs     0.630000       1     0.630000
AOI211D0BWP40P140EHVT tcbn28hpcplusbwp40p140ehvttt1v25c_ccs     0.630000       2     1.260000
AOI211D1BWP30P140  tcbn28hpcplusbwp30p140tt1v25c_ccs     0.630000       1     0.630000
CKND2D1BWP40P140EHVT tcbn28hpcplusbwp40p140ehvttt1v25c_ccs     0.378000       4     1.512000
FA1D0BWP30P140HVT  tcbn28hpcplusbwp30p140hvttt1v25c_ccs     2.142000       3     6.426000 r
FA1D1BWP30P140LVT  tcbn28hpcplusbwp30p140lvttt1v25c_ccs     2.142000       5    10.710000 r
FA1D2BWP30P140LVT  tcbn28hpcplusbwp30p140lvttt1v25c_ccs     2.394000       1     2.394000 r
FA1OPTCD2BWP30P140LVT tcbn28hpcplusbwp30p140lvttt1v25c_ccs     3.024000       2     6.048000 r
IAO21D0BWP30P140HVT tcbn28hpcplusbwp30p140hvttt1v25c_ccs     0.630000       1     0.630000
IND2D0BWP40P140EHVT tcbn28hpcplusbwp40p140ehvttt1v25c_ccs     0.504000       1     0.504000
IND2D1BWP30P140    tcbn28hpcplusbwp30p140tt1v25c_ccs     0.504000       1     0.504000
IND2D1BWP30P140HVT tcbn28hpcplusbwp30p140hvttt1v25c_ccs     0.504000       1     0.504000
IND2D1BWP40P140EHVT tcbn28hpcplusbwp40p140ehvttt1v25c_ccs     0.504000       1     0.504000
INR2D0BWP30P140HVT tcbn28hpcplusbwp30p140hvttt1v25c_ccs     0.504000       3     1.512000
INR2D0BWP40P140EHVT tcbn28hpcplusbwp40p140ehvttt1v25c_ccs     0.504000      19     9.576000
INR2D1BWP30P140    tcbn28hpcplusbwp30p140tt1v25c_ccs     0.504000       3     1.512000
INR2D1BWP30P140HVT tcbn28hpcplusbwp30p140hvttt1v25c_ccs     0.504000       1     0.504000
INR2D1BWP30P140LVT tcbn28hpcplusbwp30p140lvttt1v25c_ccs     0.504000       2     1.008000
INR2D1BWP40P140EHVT tcbn28hpcplusbwp40p140ehvttt1v25c_ccs     0.504000       1     0.504000
INR4D0BWP30P140    tcbn28hpcplusbwp30p140tt1v25c_ccs     0.756000       1     0.756000
INR4D0BWP40P140EHVT tcbn28hpcplusbwp40p140ehvttt1v25c_ccs     0.756000       1     0.756000
INVD0BWP30P140HVT  tcbn28hpcplusbwp30p140hvttt1v25c_ccs     0.252000       3     0.756000
INVD0BWP40P140EHVT tcbn28hpcplusbwp40p140ehvttt1v25c_ccs     0.252000      52    13.104000
INVD0P7BWP30P140HVT tcbn28hpcplusbwp30p140hvttt1v25c_ccs     0.252000       2     0.504000
INVD0P7BWP40P140EHVT tcbn28hpcplusbwp40p140ehvttt1v25c_ccs     0.252000       3     0.756000
INVD1BWP30P140     tcbn28hpcplusbwp30p140tt1v25c_ccs     0.252000       3     0.756000
INVD1BWP30P140HVT  tcbn28hpcplusbwp30p140hvttt1v25c_ccs     0.252000       4     1.008000
INVD1BWP30P140LVT  tcbn28hpcplusbwp30p140lvttt1v25c_ccs     0.252000       1     0.252000
INVD1BWP40P140EHVT tcbn28hpcplusbwp40p140ehvttt1v25c_ccs     0.252000       3     0.756000
INVD2BWP30P140     tcbn28hpcplusbwp30p140tt1v25c_ccs     0.378000       2     0.756000
INVD3BWP30P140HVT  tcbn28hpcplusbwp30p140hvttt1v25c_ccs     0.504000       1     0.504000
IOA21D0BWP40P140EHVT tcbn28hpcplusbwp40p140ehvttt1v25c_ccs     0.630000       2     1.260000
MAOI22D0BWP30P140HVT tcbn28hpcplusbwp30p140hvttt1v25c_ccs     0.756000       2     1.512000
MAOI22D1BWP30P140  tcbn28hpcplusbwp30p140tt1v25c_ccs     0.756000       1     0.756000
MAOI22D1BWP30P140HVT tcbn28hpcplusbwp30p140hvttt1v25c_ccs     0.756000       5     3.780000
MAOI22D1BWP40P140EHVT tcbn28hpcplusbwp40p140ehvttt1v25c_ccs     0.756000       3     2.268000
MAOI222D0BWP40P140EHVT tcbn28hpcplusbwp40p140ehvttt1v25c_ccs     0.756000       1     0.756000
MOAI22D0BWP30P140  tcbn28hpcplusbwp30p140tt1v25c_ccs     0.756000       1     0.756000
MOAI22D0BWP40P140EHVT tcbn28hpcplusbwp40p140ehvttt1v25c_ccs     0.756000       1     0.756000
MOAI22D1BWP30P140  tcbn28hpcplusbwp30p140tt1v25c_ccs     0.756000       4     3.024000
MOAI22D1BWP30P140HVT tcbn28hpcplusbwp30p140hvttt1v25c_ccs     0.756000       3     2.268000
MOAI22D1BWP30P140LVT tcbn28hpcplusbwp30p140lvttt1v25c_ccs     0.756000       3     2.268000
MOAI22D1BWP40P140EHVT tcbn28hpcplusbwp40p140ehvttt1v25c_ccs     0.756000       1     0.756000
MUX2ND0BWP30P140HVT tcbn28hpcplusbwp30p140hvttt1v25c_ccs     0.756000       1     0.756000
MUX2NUD1BWP30P140HVT tcbn28hpcplusbwp30p140hvttt1v25c_ccs     0.756000       5     3.780000
MUX2NUD1BWP30P140LVT tcbn28hpcplusbwp30p140lvttt1v25c_ccs     0.756000       2     1.512000
MUX2NUD1BWP40P140EHVT tcbn28hpcplusbwp40p140ehvttt1v25c_ccs     0.756000       1     0.756000
ND2D0BWP30P140     tcbn28hpcplusbwp30p140tt1v25c_ccs     0.378000       1     0.378000
ND2D0BWP30P140HVT  tcbn28hpcplusbwp30p140hvttt1v25c_ccs     0.378000       3     1.134000
ND2D0BWP40P140EHVT tcbn28hpcplusbwp40p140ehvttt1v25c_ccs     0.378000      27    10.206000
ND2D1BWP30P140     tcbn28hpcplusbwp30p140tt1v25c_ccs     0.378000       5     1.890000
ND2D1BWP30P140HVT  tcbn28hpcplusbwp30p140hvttt1v25c_ccs     0.378000       2     0.756000
ND2D1BWP30P140LVT  tcbn28hpcplusbwp30p140lvttt1v25c_ccs     0.378000       3     1.134000
ND2OPTIBD1BWP30P140HVT tcbn28hpcplusbwp30p140hvttt1v25c_ccs     0.378000      14     5.292000
ND3D0BWP40P140EHVT tcbn28hpcplusbwp40p140ehvttt1v25c_ccs     0.504000       4     2.016000
ND3D1BWP30P140     tcbn28hpcplusbwp30p140tt1v25c_ccs     0.504000       4     2.016000
ND3D1BWP30P140HVT  tcbn28hpcplusbwp30p140hvttt1v25c_ccs     0.504000       2     1.008000
NR2D0BWP30P140HVT  tcbn28hpcplusbwp30p140hvttt1v25c_ccs     0.378000       3     1.134000
NR2D0BWP40P140EHVT tcbn28hpcplusbwp40p140ehvttt1v25c_ccs     0.378000      49    18.522000
NR2D0P7BWP40P140EHVT tcbn28hpcplusbwp40p140ehvttt1v25c_ccs     0.378000       2     0.756000
NR2D1BWP30P140     tcbn28hpcplusbwp30p140tt1v25c_ccs     0.378000       6     2.268000
NR2D1BWP30P140HVT  tcbn28hpcplusbwp30p140hvttt1v25c_ccs     0.378000       1     0.378000
NR2D1BWP30P140LVT  tcbn28hpcplusbwp30p140lvttt1v25c_ccs     0.378000       2     0.756000
NR2OPTIBD1BWP30P140HVT tcbn28hpcplusbwp30p140hvttt1v25c_ccs     0.378000      16     6.048000
NR2OPTIBD1BWP40P140EHVT tcbn28hpcplusbwp40p140ehvttt1v25c_ccs     0.378000       3     1.134000
NR3D0BWP30P140HVT  tcbn28hpcplusbwp30p140hvttt1v25c_ccs     0.504000       2     1.008000
NR3D0BWP40P140EHVT tcbn28hpcplusbwp40p140ehvttt1v25c_ccs     0.504000       4     2.016000
NR3D0P7BWP30P140LVT tcbn28hpcplusbwp30p140lvttt1v25c_ccs     0.504000       1     0.504000
OA21D0BWP40P140EHVT tcbn28hpcplusbwp40p140ehvttt1v25c_ccs     0.630000       5     3.150000
OA22D0BWP30P140HVT tcbn28hpcplusbwp30p140hvttt1v25c_ccs     0.882000       1     0.882000
OA22D0BWP40P140EHVT tcbn28hpcplusbwp40p140ehvttt1v25c_ccs     0.882000       1     0.882000
OA211D0BWP40P140EHVT tcbn28hpcplusbwp40p140ehvttt1v25c_ccs     0.756000       2     1.512000
OAI21D0BWP30P140HVT tcbn28hpcplusbwp30p140hvttt1v25c_ccs     0.504000       1     0.504000
OAI21D0BWP40P140EHVT tcbn28hpcplusbwp40p140ehvttt1v25c_ccs     0.504000       6     3.024000
OAI21D0P7BWP30P140 tcbn28hpcplusbwp30p140tt1v25c_ccs     0.504000       1     0.504000
OAI21D1BWP30P140HVT tcbn28hpcplusbwp30p140hvttt1v25c_ccs     0.504000       3     1.512000
OAI22D0BWP30P140   tcbn28hpcplusbwp30p140tt1v25c_ccs     0.630000       1     0.630000
OAI22D0BWP30P140HVT tcbn28hpcplusbwp30p140hvttt1v25c_ccs     0.630000       1     0.630000
OAI22D0BWP40P140EHVT tcbn28hpcplusbwp40p140ehvttt1v25c_ccs     0.630000       8     5.040000
OAI22D0P7BWP40P140EHVT tcbn28hpcplusbwp40p140ehvttt1v25c_ccs     0.630000       1     0.630000
OAI22D1BWP30P140   tcbn28hpcplusbwp30p140tt1v25c_ccs     0.630000       3     1.890000
OAI22D1BWP30P140HVT tcbn28hpcplusbwp30p140hvttt1v25c_ccs     0.630000       2     1.260000
OAI22D1BWP30P140LVT tcbn28hpcplusbwp30p140lvttt1v25c_ccs     0.630000       3     1.890000
OAI31D0BWP40P140EHVT tcbn28hpcplusbwp40p140ehvttt1v25c_ccs     0.630000       1     0.630000
OAI211D1BWP30P140LVT tcbn28hpcplusbwp30p140lvttt1v25c_ccs     0.630000       2     1.260000
OR2D0BWP40P140EHVT tcbn28hpcplusbwp40p140ehvttt1v25c_ccs     0.504000       7     3.528000
OR2D1BWP30P140HVT  tcbn28hpcplusbwp30p140hvttt1v25c_ccs     0.504000       7     3.528000
OR2D1BWP40P140EHVT tcbn28hpcplusbwp40p140ehvttt1v25c_ccs     0.504000       1     0.504000
XNR2UD0BWP40P140EHVT tcbn28hpcplusbwp40p140ehvttt1v25c_ccs     0.882000       9     7.938000
XNR2UD1BWP30P140   tcbn28hpcplusbwp30p140tt1v25c_ccs     0.882000       1     0.882000
XNR2UD1BWP30P140HVT tcbn28hpcplusbwp30p140hvttt1v25c_ccs     0.882000       5     4.410000
XNR2UD1BWP30P140LVT tcbn28hpcplusbwp30p140lvttt1v25c_ccs     0.882000       1     0.882000
XOR2UD0BWP30P140HVT tcbn28hpcplusbwp30p140hvttt1v25c_ccs     0.882000       1     0.882000
XOR2UD0BWP40P140EHVT tcbn28hpcplusbwp40p140ehvttt1v25c_ccs     0.882000       4     3.528000
XOR2UD1BWP30P140HVT tcbn28hpcplusbwp30p140hvttt1v25c_ccs     0.882000       1     0.882000
-----------------------------------------------------------------------------
Total 106 references                                  220.877999
1
