signal,n_edges,edge_rate,impact_mW,lift,spec,lvl_corr,max_hamming
x_aq_cp0_top/biu_cp0_coreid[2:0],0,0.0,0.0,0.0,0.0,,0
x_aq_cp0_top/biu_cp0_me_int,0,0.0,0.0,0.0,0.0,,0
x_aq_cp0_top/biu_cp0_ms_int,0,0.0,0.0,0.0,0.0,,0
x_aq_cp0_top/biu_cp0_mt_int,0,0.0,0.0,0.0,0.0,,0
x_aq_cp0_top/biu_cp0_rvba[39:0],0,0.0,0.0,0.0,0.0,,0
x_aq_cp0_top/biu_cp0_se_int,0,0.0,0.0,0.0,0.0,,0
x_aq_cp0_top/biu_cp0_ss_int,0,0.0,0.0,0.0,0.0,,0
x_aq_cp0_top/biu_cp0_st_int,0,0.0,0.0,0.0,0.0,,0
x_aq_cp0_top/cp0_biu_icg_en,0,0.0,0.0,0.0,0.0,,0
x_aq_cp0_top/cp0_biu_lpmd_b[1:0],1,0.00036563071297989033,1.6444,4.277984679805532,1.0,0.1536203648324412,2
x_aq_cp0_top/cp0_dtu_addr[11:0],42,0.015356489945155392,0.9567154761904763,2.488940738309238,0.5714285714285714,0.0006556288328025087,6
x_aq_cp0_top/cp0_dtu_debug_info[5:0],3,0.0010968921389396709,0.6848000000000001,1.781539715842148,0.3333333333333333,0.0700931569233797,1
x_aq_cp0_top/cp0_dtu_icg_en,0,0.0,0.0,0.0,0.0,,0
x_aq_cp0_top/cp0_dtu_mexpt_vld,0,0.0,0.0,0.0,0.0,,0
x_aq_cp0_top/cp0_dtu_pcfifo_frz,0,0.0,0.0,0.0,0.0,,0
x_aq_cp0_top/cp0_dtu_rreg,2,0.0007312614259597807,0.9101200000000003,2.367720394541846,0.5,-0.022347796715474863,1
x_aq_cp0_top/cp0_dtu_satp[63:0],0,0.0,0.0,0.0,0.0,,0
x_aq_cp0_top/cp0_dtu_wdata[63:0],42,0.015356489945155392,0.9567154761904763,2.488940738309238,0.5714285714285714,0.2611315375104546,7
x_aq_cp0_top/cp0_dtu_wreg,0,0.0,0.0,0.0,0.0,,0
x_aq_cp0_top/cp0_hpcp_icg_en,0,0.0,0.0,0.0,0.0,,0
x_aq_cp0_top/cp0_hpcp_index[11:0],42,0.015356489945155392,0.9567154761904763,2.488940738309238,0.5714285714285714,0.0006556288328025087,6
x_aq_cp0_top/cp0_hpcp_int_off_vld,5,0.0018281535648994515,1.2584980000000001,3.274042303311787,0.8,-0.004453721909273666,1
x_aq_cp0_top/cp0_hpcp_mcntwen[31:0],0,0.0,0.0,0.0,0.0,,0
x_aq_cp0_top/cp0_hpcp_pmdm,0,0.0,0.0,0.0,0.0,,0
x_aq_cp0_top/cp0_hpcp_pmds,0,0.0,0.0,0.0,0.0,,0
x_aq_cp0_top/cp0_hpcp_pmdu,0,0.0,0.0,0.0,0.0,,0
x_aq_cp0_top/cp0_hpcp_sync_stall_vld,0,0.0,0.0,0.0,0.0,,0
x_aq_cp0_top/cp0_hpcp_wdata[63:0],42,0.015356489945155392,0.9567154761904763,2.488940738309238,0.5714285714285714,0.2611315375104546,7
x_aq_cp0_top/cp0_hpcp_wreg,0,0.0,0.0,0.0,0.0,,0
x_aq_cp0_top/cp0_idu_cskyee,1,0.00036563071297989033,1.6444,4.277984679805532,1.0,0.15362036483244196,1
x_aq_cp0_top/cp0_idu_dis_fence_in_dbg,0,0.0,0.0,0.0,0.0,,0
x_aq_cp0_top/cp0_idu_frm[2:0],0,0.0,0.0,0.0,0.0,,0
x_aq_cp0_top/cp0_idu_fs[1:0],9,0.0032906764168190127,1.4595533333333333,3.7970972995372754,0.8888888888888888,0.08072922096589515,2
x_aq_cp0_top/cp0_idu_icg_en,0,0.0,0.0,0.0,0.0,,0
x_aq_cp0_top/cp0_idu_issue_stall,2,0.0007312614259597807,0.48516000000000015,1.2621667764865314,0.0,-0.022431129455314627,1
x_aq_cp0_top/cp0_idu_ucme,1,0.00036563071297989033,1.6444,4.277984679805532,1.0,0.15362036483244196,1
x_aq_cp0_top/cp0_idu_vill,0,0.0,0.0,0.0,0.0,,0
x_aq_cp0_top/cp0_idu_vl_zero,0,0.0,0.0,0.0,0.0,,0
x_aq_cp0_top/cp0_idu_vlmul[1:0],0,0.0,0.0,0.0,0.0,,0
x_aq_cp0_top/cp0_idu_vs[1:0],0,0.0,0.0,0.0,0.0,,0
x_aq_cp0_top/cp0_idu_vsetvl_dis_stall,0,0.0,0.0,0.0,0.0,,0
x_aq_cp0_top/cp0_idu_vsew[1:0],0,0.0,0.0,0.0,0.0,,0
x_aq_cp0_top/cp0_idu_vstart[6:0],0,0.0,0.0,0.0,0.0,,0
x_aq_cp0_top/cp0_ifu_bht_en,1,0.00036563071297989033,1.1654000000000002,3.031843435809637,1.0,0.07413472607143354,1
x_aq_cp0_top/cp0_ifu_bht_inv,4,0.0014625228519195613,0.4273225,1.1116997739821206,0.0,-0.051936434484796776,1
x_aq_cp0_top/cp0_ifu_btb_clr,0,0.0,0.0,0.0,0.0,,0
x_aq_cp0_top/cp0_ifu_btb_en,1,0.00036563071297989033,1.1654000000000002,3.031843435809637,1.0,0.07413472607143354,1
x_aq_cp0_top/cp0_ifu_icache_en,1,0.00036563071297989033,1.1654000000000002,3.031843435809637,1.0,0.07413472607143354,1
x_aq_cp0_top/cp0_ifu_icache_inv_addr[63:0],28,0.010237659963436929,1.0824664285714287,2.8160878118659576,0.6428571428571429,0.3524246132538748,31
x_aq_cp0_top/cp0_ifu_icache_inv_req,4,0.0014625228519195613,0.39820999999999995,1.03596222290523,0.0,-0.01908217771522785,1
x_aq_cp0_top/cp0_ifu_icache_inv_type[1:0],0,0.0,0.0,0.0,0.0,,0
x_aq_cp0_top/cp0_ifu_icache_pref_en,1,0.00036563071297989033,0.6600000000000004,1.7170213382824449,0.0,0.07250526982324153,1
x_aq_cp0_top/cp0_ifu_icache_read_index[13:0],0,0.0,0.0,0.0,0.0,,0
x_aq_cp0_top/cp0_ifu_icache_read_req,0,0.0,0.0,0.0,0.0,,0
x_aq_cp0_top/cp0_ifu_icache_read_tag,1,0.00036563071297989033,1.6444,4.277984679805532,1.0,0.15362036483244196,1
x_aq_cp0_top/cp0_ifu_icache_read_way,0,0.0,0.0,0.0,0.0,,0
x_aq_cp0_top/cp0_ifu_icg_en,0,0.0,0.0,0.0,0.0,,0
x_aq_cp0_top/cp0_ifu_in_lpmd,0,0.0,0.0,0.0,0.0,,0
x_aq_cp0_top/cp0_ifu_iwpe,0,0.0,0.0,0.0,0.0,,0
x_aq_cp0_top/cp0_ifu_lpmd_req,0,0.0,0.0,0.0,0.0,,0
x_aq_cp0_top/cp0_ifu_ras_en,1,0.00036563071297989033,1.1654000000000002,3.031843435809637,1.0,0.07413472607143354,1
x_aq_cp0_top/cp0_ifu_rst_inv_done,3,0.0010968921389396709,0.6848000000000001,1.781539715842148,0.3333333333333333,0.0700931569233797,1
x_aq_cp0_top/cp0_iu_icg_en,0,0.0,0.0,0.0,0.0,,0
x_aq_cp0_top/cp0_lsu_amr[1:0],1,0.00036563071297989033,0.6600000000000004,1.7170213382824449,0.0,0.07250526982324153,1
x_aq_cp0_top/cp0_lsu_dcache_en,1,0.00036563071297989033,1.1654000000000002,3.031843435809637,1.0,0.07413472607143354,1
x_aq_cp0_top/cp0_lsu_dcache_pref_dist[1:0],2,0.0007312614259597807,1.1522000000000001,2.997503009043988,0.5,0.12160843883030165,1
x_aq_cp0_top/cp0_lsu_dcache_pref_en,1,0.00036563071297989033,0.6600000000000004,1.7170213382824449,0.0,0.07250526982324153,1
x_aq_cp0_top/cp0_lsu_dcache_read_idx[16:0],0,0.0,0.0,0.0,0.0,,0
x_aq_cp0_top/cp0_lsu_dcache_read_req,0,0.0,0.0,0.0,0.0,,0
x_aq_cp0_top/cp0_lsu_dcache_read_type,0,0.0,0.0,0.0,0.0,,0
x_aq_cp0_top/cp0_lsu_dcache_read_way[1:0],0,0.0,0.0,0.0,0.0,,0
x_aq_cp0_top/cp0_lsu_dcache_wa,1,0.00036563071297989033,1.1654000000000002,3.031843435809637,1.0,0.07413472607143354,1
x_aq_cp0_top/cp0_lsu_dcache_wb,0,0.0,0.0,0.0,0.0,,0
x_aq_cp0_top/cp0_lsu_fence_req,0,0.0,0.0,0.0,0.0,,0
x_aq_cp0_top/cp0_lsu_icc_addr[63:0],28,0.010237659963436929,1.0824664285714287,2.8160878118659576,0.6428571428571429,0.3524246132687946,6
x_aq_cp0_top/cp0_lsu_icc_op[1:0],1,0.00036563071297989033,1.6444,4.277984679805532,1.0,0.15362036483244196,1
x_aq_cp0_top/cp0_lsu_icc_req,4,0.0014625228519195613,0.4925575,1.2814117239864466,0.0,-0.010832940157496463,1
x_aq_cp0_top/cp0_lsu_icc_type[1:0],0,0.0,0.0,0.0,0.0,,0
x_aq_cp0_top/cp0_lsu_icg_en,0,0.0,0.0,0.0,0.0,,0
x_aq_cp0_top/cp0_lsu_mm,1,0.00036563071297989033,1.6444,4.277984679805532,1.0,0.15362036483244196,1
x_aq_cp0_top/cp0_lsu_mpp[1:0],7,0.002559414990859232,1.5482157142857145,4.02775669347389,1.0,0.005474669206771672,2
x_aq_cp0_top/cp0_lsu_mprv,4,0.0014625228519195613,1.7394325000000002,4.525216240912087,1.0,0.14158242695307527,1
x_aq_cp0_top/cp0_lsu_sync_req,0,0.0,0.0,0.0,0.0,,0
x_aq_cp0_top/cp0_lsu_we_en,0,0.0,0.0,0.0,0.0,,0
x_aq_cp0_top/cp0_mmu_addr[11:0],42,0.015356489945155392,0.9567154761904763,2.488940738309238,0.5714285714285714,0.0006556288328025087,6
x_aq_cp0_top/cp0_mmu_icg_en,0,0.0,0.0,0.0,0.0,,0
x_aq_cp0_top/cp0_mmu_lpmd_req,0,0.0,0.0,0.0,0.0,,0
x_aq_cp0_top/cp0_mmu_maee,1,0.00036563071297989033,1.6444,4.277984679805532,1.0,0.15362036483244196,1
x_aq_cp0_top/cp0_mmu_mxr,4,0.0014625228519195613,1.7394325000000002,4.525216240912087,1.0,0.14158242695307527,1
x_aq_cp0_top/cp0_mmu_ptw_en,1,0.00036563071297989033,1.6444,4.277984679805532,1.0,0.15362036483244196,1
x_aq_cp0_top/cp0_mmu_satp_data[63:0],0,0.0,0.0,0.0,0.0,,0
x_aq_cp0_top/cp0_mmu_satp_wen,0,0.0,0.0,0.0,0.0,,0
x_aq_cp0_top/cp0_mmu_sum,4,0.0014625228519195613,1.7394325000000002,4.525216240912087,1.0,0.14158242695307527,1
x_aq_cp0_top/cp0_mmu_tlb_all_inv,2,0.0007312614259597807,0.67868,1.7656182452508014,0.0,-0.0010975215421910223,1
x_aq_cp0_top/cp0_mmu_tlb_asid[15:0],42,0.015356489945155392,0.9567154761904763,2.488940738309238,0.5714285714285714,0.0006556288328025087,6
x_aq_cp0_top/cp0_mmu_tlb_asid_all_inv,0,0.0,0.0,0.0,0.0,,0
x_aq_cp0_top/cp0_mmu_tlb_va[26:0],22,0.008043875685557587,1.214807272727273,3.1603788017779215,0.6363636363636364,0.3524246088401136,2
x_aq_cp0_top/cp0_mmu_tlb_va_all_inv,0,0.0,0.0,0.0,0.0,,0
x_aq_cp0_top/cp0_mmu_tlb_va_asid_inv,0,0.0,0.0,0.0,0.0,,0
x_aq_cp0_top/cp0_mmu_wdata[63:0],42,0.015356489945155392,0.9567154761904763,2.488940738309238,0.5714285714285714,0.2611315375104546,7
x_aq_cp0_top/cp0_mmu_wreg,0,0.0,0.0,0.0,0.0,,0
x_aq_cp0_top/cp0_pmp_addr[11:0],42,0.015356489945155392,0.9567154761904763,2.488940738309238,0.5714285714285714,0.0006556288328025087,6
x_aq_cp0_top/cp0_pmp_icg_en,0,0.0,0.0,0.0,0.0,,0
x_aq_cp0_top/cp0_pmp_wdata[63:0],42,0.015356489945155392,0.9567154761904763,2.488940738309238,0.5714285714285714,0.2611315375104546,7
x_aq_cp0_top/cp0_pmp_wreg,0,0.0,0.0,0.0,0.0,,0
x_aq_cp0_top/cp0_rtu_ex1_chgflw,0,0.0,0.0,0.0,0.0,,0
x_aq_cp0_top/cp0_rtu_ex1_chgflw_pc[39:0],0,0.0,0.0,0.0,0.0,,0
x_aq_cp0_top/cp0_rtu_ex1_cmplt,0,0.0,0.0,0.0,0.0,,0
x_aq_cp0_top/cp0_rtu_ex1_cmplt_dp,2,0.0007312614259597807,0.9101200000000003,2.367720394541846,0.5,-0.022347796715474863,1
x_aq_cp0_top/cp0_rtu_ex1_expt_tval[39:0],42,0.015356489945155392,0.9567154761904763,2.488940738309238,0.5714285714285714,0.0006593222205207101,14
x_aq_cp0_top/cp0_rtu_ex1_expt_vec[4:0],60,0.021937842778793418,0.4497358333333333,1.170009124884197,0.4166666666666667,-0.028243189177671393,2
x_aq_cp0_top/cp0_rtu_ex1_expt_vld,0,0.0,0.0,0.0,0.0,,0
x_aq_cp0_top/cp0_rtu_ex1_flush,2,0.0007312614259597807,0.9101200000000003,2.367720394541846,0.5,-0.022347796715474863,1
x_aq_cp0_top/cp0_rtu_ex1_halt_info[21:0],42,0.015356489945155392,0.9567154761904763,2.488940738309238,0.5714285714285714,0.024092876824749233,2
x_aq_cp0_top/cp0_rtu_ex1_inst_dret,0,0.0,0.0,0.0,0.0,,0
x_aq_cp0_top/cp0_rtu_ex1_inst_ebreak,0,0.0,0.0,0.0,0.0,,0
x_aq_cp0_top/cp0_rtu_ex1_inst_len,38,0.013893967093235832,0.5555086842105263,1.4451822187737537,0.6578947368421053,0.022590153703477348,1
x_aq_cp0_top/cp0_rtu_ex1_inst_mret,0,0.0,0.0,0.0,0.0,,0
x_aq_cp0_top/cp0_rtu_ex1_inst_split,0,0.0,0.0,0.0,0.0,,0
x_aq_cp0_top/cp0_rtu_ex1_inst_sret,0,0.0,0.0,0.0,0.0,,0
x_aq_cp0_top/cp0_rtu_ex1_vs_dirty,0,0.0,0.0,0.0,0.0,,0
x_aq_cp0_top/cp0_rtu_ex1_vs_dirty_dp,0,0.0,0.0,0.0,0.0,,0
x_aq_cp0_top/cp0_rtu_ex1_wb_data[63:0],44,0.016087751371115174,0.8740850000000002,2.2739736310191065,0.5,0.26113153829097674,18
x_aq_cp0_top/cp0_rtu_ex1_wb_dp,2,0.0007312614259597807,0.9101200000000003,2.367720394541846,0.5,-0.022347796715474863,1
x_aq_cp0_top/cp0_rtu_ex1_wb_preg[5:0],14,0.005118829981718464,0.9657542857142858,2.512455630468407,0.5714285714285714,0.2200805266210739,2
x_aq_cp0_top/cp0_rtu_ex1_wb_vld,0,0.0,0.0,0.0,0.0,,0
x_aq_cp0_top/cp0_rtu_fence_idle,3,0.0010968921389396709,0.6848000000000001,1.781539715842148,0.3333333333333333,0.0700931569233797,1
x_aq_cp0_top/cp0_rtu_icg_en,0,0.0,0.0,0.0,0.0,,0
x_aq_cp0_top/cp0_rtu_in_lpmd,0,0.0,0.0,0.0,0.0,,0
x_aq_cp0_top/cp0_rtu_int_vld[14:0],0,0.0,0.0,0.0,0.0,,0
x_aq_cp0_top/cp0_rtu_trap_pc[39:0],2,0.0007312614259597807,1.2394650000000003,3.2245270500821968,1.0,0.03814378431380811,5
x_aq_cp0_top/cp0_rtu_vstart_eq_0,0,0.0,0.0,0.0,0.0,,0
x_aq_cp0_top/cp0_vpu_icg_en,0,0.0,0.0,0.0,0.0,,0
x_aq_cp0_top/cp0_vpu_xx_bf16,0,0.0,0.0,0.0,0.0,,0
x_aq_cp0_top/cp0_vpu_xx_dqnan,0,0.0,0.0,0.0,0.0,,0
x_aq_cp0_top/cp0_vpu_xx_rm[2:0],0,0.0,0.0,0.0,0.0,,0
x_aq_cp0_top/cp0_xx_mrvbr[39:0],0,0.0,0.0,0.0,0.0,,0
x_aq_cp0_top/cp0_yy_clk_en,1,0.00036563071297989033,1.6444,4.277984679805532,1.0,0.15362036483244196,1
x_aq_cp0_top/cp0_yy_priv_mode[1:0],1,0.00036563071297989033,1.6444,4.277984679805532,1.0,0.1536203648324412,2
x_aq_cp0_top/cpurst_b,3,0.0010968921389396709,0.6837766666666667,1.7788774655853161,0.3333333333333333,0.02643048972449982,1
x_aq_cp0_top/dtu_cp0_dcsr_mprven,0,0.0,0.0,0.0,0.0,,0
x_aq_cp0_top/dtu_cp0_dcsr_prv[1:0],0,0.0,0.0,0.0,0.0,,0
x_aq_cp0_top/dtu_cp0_rdata[63:0],0,0.0,0.0,0.0,0.0,,0
x_aq_cp0_top/dtu_cp0_wake_up,0,0.0,0.0,0.0,0.0,,0
x_aq_cp0_top/forever_cpuclk,0,0.0,0.0,0.0,0.0,,0
x_aq_cp0_top/hpcp_cp0_data[63:0],0,0.0,0.0,0.0,0.0,,0
x_aq_cp0_top/hpcp_cp0_int_vld,0,0.0,0.0,0.0,0.0,,0
x_aq_cp0_top/hpcp_cp0_sce,0,0.0,0.0,0.0,0.0,,0
x_aq_cp0_top/idu_cp0_ex1_dp_sel,2,0.0007312614259597807,0.9101200000000003,2.367720394541846,0.5,-0.022347796715474863,1
x_aq_cp0_top/idu_cp0_ex1_dst0_reg[5:0],119,0.043510054844606946,0.48259873949579835,1.2555035356704487,0.31092436974789917,-0.002663365849457216,4
x_aq_cp0_top/idu_cp0_ex1_expt_acc_error,0,0.0,0.0,0.0,0.0,,0
x_aq_cp0_top/idu_cp0_ex1_expt_high,0,0.0,0.0,0.0,0.0,,0
x_aq_cp0_top/idu_cp0_ex1_expt_illegal,30,0.010968921389396709,0.31474033333333334,0.8188119217446401,0.13333333333333333,-0.03681613419608465,1
x_aq_cp0_top/idu_cp0_ex1_expt_page_fault,0,0.0,0.0,0.0,0.0,,0
x_aq_cp0_top/idu_cp0_ex1_func[19:0],132,0.04826325411334552,0.5912493939393939,1.538163372182579,0.3939393939393939,-0.03746278564617655,8
x_aq_cp0_top/idu_cp0_ex1_gateclk_sel,2,0.0007312614259597807,0.9101200000000003,2.367720394541846,0.5,-0.022347796715474863,1
x_aq_cp0_top/idu_cp0_ex1_halt_info[21:0],2,0.0007312614259597807,1.32128,3.437372657342163,1.0,0.1436953229228389,2
x_aq_cp0_top/idu_cp0_ex1_length,38,0.013893967093235832,0.5555086842105263,1.4451822187737537,0.6578947368421053,0.022590153703477348,1
x_aq_cp0_top/idu_cp0_ex1_opcode[31:0],191,0.06983546617915905,0.5233814659685864,1.361601735044863,0.2774869109947644,0.005198819226540927,17
x_aq_cp0_top/idu_cp0_ex1_sel,2,0.0007312614259597807,0.9101200000000003,2.367720394541846,0.5,-0.022347796715474863,1
x_aq_cp0_top/idu_cp0_ex1_split,0,0.0,0.0,0.0,0.0,,0
x_aq_cp0_top/idu_cp0_ex1_src0_data[63:0],77,0.028153564899451554,0.5462792207792209,1.4211713314215584,0.3246753246753247,0.14572765700304446,33
x_aq_cp0_top/idu_cp0_ex1_src1_data[63:0],128,0.04680073126142596,0.46273578125000003,1.2038291066561322,0.3125,0.020555048799863043,60
x_aq_cp0_top/ifu_cp0_bht_inv_done,0,0.0,0.0,0.0,0.0,,0
x_aq_cp0_top/ifu_cp0_icache_inv_done,0,0.0,0.0,0.0,0.0,,0
x_aq_cp0_top/ifu_cp0_icache_read_data[127:0],7,0.002559414990859232,0.2475257142857143,0.6439498987911743,0.0,0.07772482881709787,1
x_aq_cp0_top/ifu_cp0_icache_read_data_vld,0,0.0,0.0,0.0,0.0,,0
x_aq_cp0_top/ifu_cp0_rst_inv_req,2,0.0007312614259597807,0.9682000000000001,2.5188182723107007,0.5,0.01395066346413373,1
x_aq_cp0_top/ifu_cp0_warm_up,2,0.0007312614259597807,0.41285,1.0740488780453137,0.0,-0.001289645745254902,1
x_aq_cp0_top/ifu_yy_xx_no_op,91,0.033272394881170016,0.3902407692307692,1.0152298906620996,0.06593406593406594,0.031236927345600917,1
x_aq_cp0_top/iu_cp0_ex1_cur_pc[39:0],131,0.04789762340036563,0.5869409923664122,1.526954860917883,0.2595419847328244,0.07854964827619786,8
x_aq_cp0_top/lsu_cp0_dcache_read_data[127:0],0,0.0,0.0,0.0,0.0,,0
x_aq_cp0_top/lsu_cp0_dcache_read_data_vld,0,0.0,0.0,0.0,0.0,,0
x_aq_cp0_top/lsu_cp0_fence_ack,5,0.0018281535648994515,0.65296,1.698706444007431,0.2,0.037163950876900935,1
x_aq_cp0_top/lsu_cp0_icc_done,0,0.0,0.0,0.0,0.0,,0
x_aq_cp0_top/lsu_cp0_sync_ack,5,0.0018281535648994515,0.65296,1.698706444007431,0.2,0.037163950876900935,1
x_aq_cp0_top/mmu_cp0_cmplt,0,0.0,0.0,0.0,0.0,,0
x_aq_cp0_top/mmu_cp0_data[63:0],0,0.0,0.0,0.0,0.0,,0
x_aq_cp0_top/mmu_cp0_tlb_inv_done,2,0.0007312614259597807,0.6452799999999999,1.6787265593437806,0.0,-0.028728974329637863,1
x_aq_cp0_top/mmu_yy_xx_no_op,0,0.0,0.0,0.0,0.0,,0
x_aq_cp0_top/pad_yy_icg_scan_en,0,0.0,0.0,0.0,0.0,,0
x_aq_cp0_top/pmp_cp0_data[63:0],0,0.0,0.0,0.0,0.0,,0
x_aq_cp0_top/rtu_cp0_epc[63:0],131,0.04789762340036563,0.5868943511450382,1.5268335215658486,0.2824427480916031,0.07851416008454831,7
x_aq_cp0_top/rtu_cp0_exit_debug,0,0.0,0.0,0.0,0.0,,0
x_aq_cp0_top/rtu_cp0_fflags[4:0],0,0.0,0.0,0.0,0.0,,0
x_aq_cp0_top/rtu_cp0_fflags_updt,0,0.0,0.0,0.0,0.0,,0
x_aq_cp0_top/rtu_cp0_fs_dirty_updt,0,0.0,0.0,0.0,0.0,,0
x_aq_cp0_top/rtu_cp0_fs_dirty_updt_dp,0,0.0,0.0,0.0,0.0,,0
x_aq_cp0_top/rtu_cp0_tval[63:0],0,0.0,0.0,0.0,0.0,,0
x_aq_cp0_top/rtu_cp0_vl[7:0],0,0.0,0.0,0.0,0.0,,0
x_aq_cp0_top/rtu_cp0_vl_vld,0,0.0,0.0,0.0,0.0,,0
x_aq_cp0_top/rtu_cp0_vs_dirty_updt,0,0.0,0.0,0.0,0.0,,0
x_aq_cp0_top/rtu_cp0_vs_dirty_updt_dp,0,0.0,0.0,0.0,0.0,,0
x_aq_cp0_top/rtu_cp0_vstart[6:0],0,0.0,0.0,0.0,0.0,,0
x_aq_cp0_top/rtu_cp0_vstart_vld,0,0.0,0.0,0.0,0.0,,0
x_aq_cp0_top/rtu_cp0_vxsat,0,0.0,0.0,0.0,0.0,,0
x_aq_cp0_top/rtu_cp0_vxsat_vld,0,0.0,0.0,0.0,0.0,,0
x_aq_cp0_top/rtu_yy_xx_dbgon,0,0.0,0.0,0.0,0.0,,0
x_aq_cp0_top/rtu_yy_xx_expt_int,0,0.0,0.0,0.0,0.0,,0
x_aq_cp0_top/rtu_yy_xx_expt_vec[4:0],0,0.0,0.0,0.0,0.0,,0
x_aq_cp0_top/rtu_yy_xx_expt_vld,0,0.0,0.0,0.0,0.0,,0
x_aq_cp0_top/rtu_yy_xx_flush,0,0.0,0.0,0.0,0.0,,0
x_aq_cp0_top/sysio_cp0_apb_base[39:0],5,0.0018281535648994515,0.588254,1.5303707126212134,0.2,0.006717050852979961,2
x_aq_cp0_top/vidu_cp0_vid_fof_vld,0,0.0,0.0,0.0,0.0,,0
x_aq_cp0_top/fence_top_cur_state[2:0],0,0.0,0.0,0.0,0.0,,0
x_aq_cp0_top/iui_inst_rs2[63:0],42,0.015356489945155392,0.9567154761904763,2.488940738309238,0.5714285714285714,0.0006556288328025087,6
x_aq_cp0_top/iui_inst_vsetvl_decd,0,0.0,0.0,0.0,0.0,,0
x_aq_cp0_top/iui_regs_csr_en,2,0.0007312614259597807,0.9101200000000003,2.367720394541846,0.5,-0.022347796715474863,1
x_aq_cp0_top/iui_regs_csr_wen,0,0.0,0.0,0.0,0.0,,0
x_aq_cp0_top/iui_regs_csr_wen_no_imm_ill,0,0.0,0.0,0.0,0.0,,0
x_aq_cp0_top/iui_regs_csr_write,2,0.0007312614259597807,0.9101200000000003,2.367720394541846,0.5,-0.022347796715474863,1
x_aq_cp0_top/iui_regs_csr_write_no_imm_ill,2,0.0007312614259597807,0.9101200000000003,2.367720394541846,0.5,-0.022347796715474863,1
x_aq_cp0_top/iui_regs_imm[11:0],42,0.015356489945155392,0.9567154761904763,2.488940738309238,0.5714285714285714,0.0006556288328025087,6
x_aq_cp0_top/iui_regs_inst_mret,0,0.0,0.0,0.0,0.0,,0
x_aq_cp0_top/iui_regs_inst_sret,0,0.0,0.0,0.0,0.0,,0
x_aq_cp0_top/iui_regs_wdata[63:0],42,0.015356489945155392,0.9567154761904763,2.488940738309238,0.5714285714285714,0.2611315375104546,7
x_aq_cp0_top/iui_special_cache,0,0.0,0.0,0.0,0.0,,0
x_aq_cp0_top/iui_special_cache_func[5:0],0,0.0,0.0,0.0,0.0,,0
x_aq_cp0_top/iui_special_fence,0,0.0,0.0,0.0,0.0,,0
x_aq_cp0_top/iui_special_fencei,0,0.0,0.0,0.0,0.0,,0
x_aq_cp0_top/iui_special_rs1[63:0],28,0.010237659963436929,1.0824664285714287,2.8160878118659576,0.6428571428571429,0.3524246132687946,6
x_aq_cp0_top/iui_special_rs1_x0,0,0.0,0.0,0.0,0.0,,0
x_aq_cp0_top/iui_special_rs2[63:0],42,0.015356489945155392,0.9567154761904763,2.488940738309238,0.5714285714285714,0.0006556288328025087,6
x_aq_cp0_top/iui_special_rs2_x0,0,0.0,0.0,0.0,0.0,,0
x_aq_cp0_top/iui_special_sfence,0,0.0,0.0,0.0,0.0,,0
x_aq_cp0_top/iui_special_sync,0,0.0,0.0,0.0,0.0,,0
x_aq_cp0_top/iui_special_synci,0,0.0,0.0,0.0,0.0,,0
x_aq_cp0_top/iui_special_vsetvl,0,0.0,0.0,0.0,0.0,,0
x_aq_cp0_top/iui_special_vsetvl_dp,0,0.0,0.0,0.0,0.0,,0
x_aq_cp0_top/iui_special_vsetvl_rs1[63:0],42,0.015356489945155392,0.9567154761904763,2.488940738309238,0.5714285714285714,0.0006556288328025087,6
x_aq_cp0_top/iui_special_vsetvl_rs2[11:0],24,0.008775137111517367,1.1713775000000002,3.0473941858847633,0.7083333333333334,0.3560017511775489,6
x_aq_cp0_top/iui_special_wfi,0,0.0,0.0,0.0,0.0,,0
x_aq_cp0_top/iui_vsetvl_bypass,0,0.0,0.0,0.0,0.0,,0
x_aq_cp0_top/iui_vsetvl_data[4:0],45,0.016453382084095063,0.6215868888888889,1.6170878057860922,0.4444444444444444,0.05590983813157321,4
x_aq_cp0_top/lpmd_top_cur_state[1:0],0,0.0,0.0,0.0,0.0,,0
x_aq_cp0_top/regs_clk,0,0.0,0.0,0.0,0.0,,0
x_aq_cp0_top/regs_iui_csr_inv,41,0.014990859232175503,0.9757612195121952,2.538489143895362,0.5853658536585366,-0.05073960319104065,1
x_aq_cp0_top/regs_iui_mcins_stall,0,0.0,0.0,0.0,0.0,,0
x_aq_cp0_top/regs_iui_mcor_stall,2,0.0007312614259597807,0.48516000000000015,1.2621667764865314,0.0,-0.022431129455314627,1
x_aq_cp0_top/regs_iui_mepc[39:0],0,0.0,0.0,0.0,0.0,,0
x_aq_cp0_top/regs_iui_pm[1:0],1,0.00036563071297989033,1.6444,4.277984679805532,1.0,0.1536203648324412,2
x_aq_cp0_top/regs_iui_rdata[63:0],44,0.016087751371115174,0.8740850000000002,2.2739736310191065,0.5,0.26113153829097674,18
x_aq_cp0_top/regs_iui_rdata_for_w[63:0],44,0.016087751371115174,0.8740850000000002,2.2739736310191065,0.5,0.26113153829097674,18
x_aq_cp0_top/regs_iui_sepc[39:0],0,0.0,0.0,0.0,0.0,,0
x_aq_cp0_top/regs_iui_smcir_stall,0,0.0,0.0,0.0,0.0,,0
x_aq_cp0_top/regs_iui_trigger_mro,0,0.0,0.0,0.0,0.0,,0
x_aq_cp0_top/regs_iui_trigger_smode,0,0.0,0.0,0.0,0.0,,0
x_aq_cp0_top/regs_iui_tsr,4,0.0014625228519195613,1.7394325000000002,4.525216240912087,1.0,0.14158242695307527,1
x_aq_cp0_top/regs_iui_tvm,4,0.0014625228519195613,1.7394325000000002,4.525216240912087,1.0,0.14158242695307527,1
x_aq_cp0_top/regs_iui_tw,4,0.0014625228519195613,1.7394325000000002,4.525216240912087,1.0,0.14158242695307527,1
x_aq_cp0_top/regs_lpmd_int_vld,0,0.0,0.0,0.0,0.0,,0
x_aq_cp0_top/regs_special_bht_inv,2,0.0007312614259597807,0.21716000000000002,0.564952051244569,0.0,-0.022028418956518796,1
x_aq_cp0_top/regs_special_dcache_clr,0,0.0,0.0,0.0,0.0,,0
x_aq_cp0_top/regs_special_dcache_inv,2,0.0007312614259597807,0.582165,1.5145298900018167,0.0,-0.010470501983208194,1
x_aq_cp0_top/regs_special_dcache_req,2,0.0007312614259597807,0.582165,1.5145298900018167,0.0,-0.010470501983208194,1
x_aq_cp0_top/regs_special_icache_inv,2,0.0007312614259597807,0.2111599999999999,0.5493427663510919,0.0,-0.010212318201465094,1
x_aq_cp0_top/regs_xx_icg_en,0,0.0,0.0,0.0,0.0,,0
x_aq_cp0_top/rst_top_op_done,3,0.0010968921389396709,0.6848000000000001,1.781539715842148,0.3333333333333333,0.0700931569233797,1
x_aq_cp0_top/special_iui_stall,0,0.0,0.0,0.0,0.0,,0
x_aq_cp0_top/special_iui_vsetvl_wdata[63:0],0,0.0,0.0,0.0,0.0,,0
x_aq_cp0_top/special_regs_vill,0,0.0,0.0,0.0,0.0,,0
x_aq_cp0_top/special_regs_vsetvl_dp,0,0.0,0.0,0.0,0.0,,0
x_aq_cp0_top/special_vsetvl_illegal,0,0.0,0.0,0.0,0.0,,0
x_aq_cp0_top/x_aq_cp0_iui/cp0_dtu_addr[11:0],42,0.015356489945155392,0.9567154761904763,2.488940738309238,0.5714285714285714,0.0006556288328025087,6
x_aq_cp0_top/x_aq_cp0_iui/cp0_dtu_rreg,2,0.0007312614259597807,0.9101200000000003,2.367720394541846,0.5,-0.022347796715474863,1
x_aq_cp0_top/x_aq_cp0_iui/cp0_dtu_wdata[63:0],42,0.015356489945155392,0.9567154761904763,2.488940738309238,0.5714285714285714,0.2611315375104546,7
x_aq_cp0_top/x_aq_cp0_iui/cp0_dtu_wreg,0,0.0,0.0,0.0,0.0,,0
x_aq_cp0_top/x_aq_cp0_iui/cp0_hpcp_index[11:0],42,0.015356489945155392,0.9567154761904763,2.488940738309238,0.5714285714285714,0.0006556288328025087,6
x_aq_cp0_top/x_aq_cp0_iui/cp0_hpcp_wdata[63:0],42,0.015356489945155392,0.9567154761904763,2.488940738309238,0.5714285714285714,0.2611315375104546,7
x_aq_cp0_top/x_aq_cp0_iui/cp0_hpcp_wreg,0,0.0,0.0,0.0,0.0,,0
x_aq_cp0_top/x_aq_cp0_iui/cp0_idu_issue_stall,2,0.0007312614259597807,0.48516000000000015,1.2621667764865314,0.0,-0.022431129455314627,1
x_aq_cp0_top/x_aq_cp0_iui/cp0_idu_vsetvl_dis_stall,0,0.0,0.0,0.0,0.0,,0
x_aq_cp0_top/x_aq_cp0_iui/cp0_mmu_addr[11:0],42,0.015356489945155392,0.9567154761904763,2.488940738309238,0.5714285714285714,0.0006556288328025087,6
x_aq_cp0_top/x_aq_cp0_iui/cp0_mmu_wdata[63:0],42,0.015356489945155392,0.9567154761904763,2.488940738309238,0.5714285714285714,0.2611315375104546,7
x_aq_cp0_top/x_aq_cp0_iui/cp0_mmu_wreg,0,0.0,0.0,0.0,0.0,,0
x_aq_cp0_top/x_aq_cp0_iui/cp0_pmp_addr[11:0],42,0.015356489945155392,0.9567154761904763,2.488940738309238,0.5714285714285714,0.0006556288328025087,6
x_aq_cp0_top/x_aq_cp0_iui/cp0_pmp_wdata[63:0],42,0.015356489945155392,0.9567154761904763,2.488940738309238,0.5714285714285714,0.2611315375104546,7
x_aq_cp0_top/x_aq_cp0_iui/cp0_pmp_wreg,0,0.0,0.0,0.0,0.0,,0
x_aq_cp0_top/x_aq_cp0_iui/cp0_rtu_ex1_chgflw,0,0.0,0.0,0.0,0.0,,0
x_aq_cp0_top/x_aq_cp0_iui/cp0_rtu_ex1_chgflw_pc[39:0],0,0.0,0.0,0.0,0.0,,0
x_aq_cp0_top/x_aq_cp0_iui/cp0_rtu_ex1_cmplt,0,0.0,0.0,0.0,0.0,,0
x_aq_cp0_top/x_aq_cp0_iui/cp0_rtu_ex1_cmplt_dp,2,0.0007312614259597807,0.9101200000000003,2.367720394541846,0.5,-0.022347796715474863,1
x_aq_cp0_top/x_aq_cp0_iui/cp0_rtu_ex1_expt_tval[39:0],42,0.015356489945155392,0.9567154761904763,2.488940738309238,0.5714285714285714,0.0006593222205207101,14
x_aq_cp0_top/x_aq_cp0_iui/cp0_rtu_ex1_expt_vec[4:0],60,0.021937842778793418,0.4497358333333333,1.170009124884197,0.4166666666666667,-0.028243189177671393,2
x_aq_cp0_top/x_aq_cp0_iui/cp0_rtu_ex1_expt_vld,0,0.0,0.0,0.0,0.0,,0
x_aq_cp0_top/x_aq_cp0_iui/cp0_rtu_ex1_flush,2,0.0007312614259597807,0.9101200000000003,2.367720394541846,0.5,-0.022347796715474863,1
x_aq_cp0_top/x_aq_cp0_iui/cp0_rtu_ex1_halt_info[21:0],42,0.015356489945155392,0.9567154761904763,2.488940738309238,0.5714285714285714,0.024092876824749233,2
x_aq_cp0_top/x_aq_cp0_iui/cp0_rtu_ex1_inst_dret,0,0.0,0.0,0.0,0.0,,0
x_aq_cp0_top/x_aq_cp0_iui/cp0_rtu_ex1_inst_ebreak,0,0.0,0.0,0.0,0.0,,0
x_aq_cp0_top/x_aq_cp0_iui/cp0_rtu_ex1_inst_len,38,0.013893967093235832,0.5555086842105263,1.4451822187737537,0.6578947368421053,0.022590153703477348,1
x_aq_cp0_top/x_aq_cp0_iui/cp0_rtu_ex1_inst_mret,0,0.0,0.0,0.0,0.0,,0
x_aq_cp0_top/x_aq_cp0_iui/cp0_rtu_ex1_inst_split,0,0.0,0.0,0.0,0.0,,0
x_aq_cp0_top/x_aq_cp0_iui/cp0_rtu_ex1_inst_sret,0,0.0,0.0,0.0,0.0,,0
x_aq_cp0_top/x_aq_cp0_iui/cp0_rtu_ex1_vs_dirty,0,0.0,0.0,0.0,0.0,,0
x_aq_cp0_top/x_aq_cp0_iui/cp0_rtu_ex1_vs_dirty_dp,0,0.0,0.0,0.0,0.0,,0
x_aq_cp0_top/x_aq_cp0_iui/cp0_rtu_ex1_wb_data[63:0],44,0.016087751371115174,0.8740850000000002,2.2739736310191065,0.5,0.26113153829097674,18
x_aq_cp0_top/x_aq_cp0_iui/cp0_rtu_ex1_wb_dp,2,0.0007312614259597807,0.9101200000000003,2.367720394541846,0.5,-0.022347796715474863,1
x_aq_cp0_top/x_aq_cp0_iui/cp0_rtu_ex1_wb_preg[5:0],14,0.005118829981718464,0.9657542857142858,2.512455630468407,0.5714285714285714,0.2200805266210739,2
x_aq_cp0_top/x_aq_cp0_iui/cp0_rtu_ex1_wb_vld,0,0.0,0.0,0.0,0.0,,0
x_aq_cp0_top/x_aq_cp0_iui/cpurst_b,3,0.0010968921389396709,0.6837766666666667,1.7788774655853161,0.3333333333333333,0.02643048972449982,1
x_aq_cp0_top/x_aq_cp0_iui/idu_cp0_ex1_dp_sel,2,0.0007312614259597807,0.9101200000000003,2.367720394541846,0.5,-0.022347796715474863,1
x_aq_cp0_top/x_aq_cp0_iui/idu_cp0_ex1_dst0_reg[5:0],119,0.043510054844606946,0.48259873949579835,1.2555035356704487,0.31092436974789917,-0.002663365849457216,4
x_aq_cp0_top/x_aq_cp0_iui/idu_cp0_ex1_expt_acc_error,0,0.0,0.0,0.0,0.0,,0
x_aq_cp0_top/x_aq_cp0_iui/idu_cp0_ex1_expt_high,0,0.0,0.0,0.0,0.0,,0
x_aq_cp0_top/x_aq_cp0_iui/idu_cp0_ex1_expt_illegal,30,0.010968921389396709,0.31474033333333334,0.8188119217446401,0.13333333333333333,-0.03681613419608465,1
x_aq_cp0_top/x_aq_cp0_iui/idu_cp0_ex1_expt_page_fault,0,0.0,0.0,0.0,0.0,,0
x_aq_cp0_top/x_aq_cp0_iui/idu_cp0_ex1_func[19:0],132,0.04826325411334552,0.5912493939393939,1.538163372182579,0.3939393939393939,-0.03746278564617655,8
x_aq_cp0_top/x_aq_cp0_iui/idu_cp0_ex1_gateclk_sel,2,0.0007312614259597807,0.9101200000000003,2.367720394541846,0.5,-0.022347796715474863,1
x_aq_cp0_top/x_aq_cp0_iui/idu_cp0_ex1_halt_info[21:0],2,0.0007312614259597807,1.32128,3.437372657342163,1.0,0.1436953229228389,2
x_aq_cp0_top/x_aq_cp0_iui/idu_cp0_ex1_length,38,0.013893967093235832,0.5555086842105263,1.4451822187737537,0.6578947368421053,0.022590153703477348,1
x_aq_cp0_top/x_aq_cp0_iui/idu_cp0_ex1_opcode[31:0],191,0.06983546617915905,0.5233814659685864,1.361601735044863,0.2774869109947644,0.005198819226540927,17
x_aq_cp0_top/x_aq_cp0_iui/idu_cp0_ex1_sel,2,0.0007312614259597807,0.9101200000000003,2.367720394541846,0.5,-0.022347796715474863,1
x_aq_cp0_top/x_aq_cp0_iui/idu_cp0_ex1_split,0,0.0,0.0,0.0,0.0,,0
x_aq_cp0_top/x_aq_cp0_iui/idu_cp0_ex1_src0_data[63:0],77,0.028153564899451554,0.5462792207792209,1.4211713314215584,0.3246753246753247,0.14572765700304446,33
x_aq_cp0_top/x_aq_cp0_iui/idu_cp0_ex1_src1_data[63:0],128,0.04680073126142596,0.46273578125000003,1.2038291066561322,0.3125,0.020555048799863043,60
x_aq_cp0_top/x_aq_cp0_iui/ifu_cp0_warm_up,2,0.0007312614259597807,0.41285,1.0740488780453137,0.0,-0.001289645745254902,1
x_aq_cp0_top/x_aq_cp0_iui/iu_cp0_ex1_cur_pc[39:0],131,0.04789762340036563,0.5869409923664122,1.526954860917883,0.2595419847328244,0.07854964827619786,8
x_aq_cp0_top/x_aq_cp0_iui/iui_inst_rs2[63:0],42,0.015356489945155392,0.9567154761904763,2.488940738309238,0.5714285714285714,0.0006556288328025087,6
x_aq_cp0_top/x_aq_cp0_iui/iui_inst_vsetvl_decd,0,0.0,0.0,0.0,0.0,,0
x_aq_cp0_top/x_aq_cp0_iui/iui_regs_csr_en,2,0.0007312614259597807,0.9101200000000003,2.367720394541846,0.5,-0.022347796715474863,1
x_aq_cp0_top/x_aq_cp0_iui/iui_regs_csr_wen,0,0.0,0.0,0.0,0.0,,0
x_aq_cp0_top/x_aq_cp0_iui/iui_regs_csr_wen_no_imm_ill,0,0.0,0.0,0.0,0.0,,0
x_aq_cp0_top/x_aq_cp0_iui/iui_regs_csr_write,2,0.0007312614259597807,0.9101200000000003,2.367720394541846,0.5,-0.022347796715474863,1
x_aq_cp0_top/x_aq_cp0_iui/iui_regs_csr_write_no_imm_ill,2,0.0007312614259597807,0.9101200000000003,2.367720394541846,0.5,-0.022347796715474863,1
x_aq_cp0_top/x_aq_cp0_iui/iui_regs_imm[11:0],42,0.015356489945155392,0.9567154761904763,2.488940738309238,0.5714285714285714,0.0006556288328025087,6
x_aq_cp0_top/x_aq_cp0_iui/iui_regs_inst_mret,0,0.0,0.0,0.0,0.0,,0
x_aq_cp0_top/x_aq_cp0_iui/iui_regs_inst_sret,0,0.0,0.0,0.0,0.0,,0
x_aq_cp0_top/x_aq_cp0_iui/iui_regs_wdata[63:0],42,0.015356489945155392,0.9567154761904763,2.488940738309238,0.5714285714285714,0.2611315375104546,7
x_aq_cp0_top/x_aq_cp0_iui/iui_special_cache,0,0.0,0.0,0.0,0.0,,0
x_aq_cp0_top/x_aq_cp0_iui/iui_special_cache_func[5:0],0,0.0,0.0,0.0,0.0,,0
x_aq_cp0_top/x_aq_cp0_iui/iui_special_fence,0,0.0,0.0,0.0,0.0,,0
x_aq_cp0_top/x_aq_cp0_iui/iui_special_fencei,0,0.0,0.0,0.0,0.0,,0
x_aq_cp0_top/x_aq_cp0_iui/iui_special_rs1[63:0],28,0.010237659963436929,1.0824664285714287,2.8160878118659576,0.6428571428571429,0.3524246132687946,6
x_aq_cp0_top/x_aq_cp0_iui/iui_special_rs1_x0,0,0.0,0.0,0.0,0.0,,0
x_aq_cp0_top/x_aq_cp0_iui/iui_special_rs2[63:0],42,0.015356489945155392,0.9567154761904763,2.488940738309238,0.5714285714285714,0.0006556288328025087,6
x_aq_cp0_top/x_aq_cp0_iui/iui_special_rs2_x0,0,0.0,0.0,0.0,0.0,,0
x_aq_cp0_top/x_aq_cp0_iui/iui_special_sfence,0,0.0,0.0,0.0,0.0,,0
x_aq_cp0_top/x_aq_cp0_iui/iui_special_sync,0,0.0,0.0,0.0,0.0,,0
x_aq_cp0_top/x_aq_cp0_iui/iui_special_synci,0,0.0,0.0,0.0,0.0,,0
x_aq_cp0_top/x_aq_cp0_iui/iui_special_vsetvl,0,0.0,0.0,0.0,0.0,,0
x_aq_cp0_top/x_aq_cp0_iui/iui_special_vsetvl_dp,0,0.0,0.0,0.0,0.0,,0
x_aq_cp0_top/x_aq_cp0_iui/iui_special_vsetvl_rs1[63:0],42,0.015356489945155392,0.9567154761904763,2.488940738309238,0.5714285714285714,0.0006556288328025087,6
x_aq_cp0_top/x_aq_cp0_iui/iui_special_vsetvl_rs2[11:0],24,0.008775137111517367,1.1713775000000002,3.0473941858847633,0.7083333333333334,0.3560017511775489,6
x_aq_cp0_top/x_aq_cp0_iui/iui_special_wfi,0,0.0,0.0,0.0,0.0,,0
x_aq_cp0_top/x_aq_cp0_iui/iui_vsetvl_bypass,0,0.0,0.0,0.0,0.0,,0
x_aq_cp0_top/x_aq_cp0_iui/iui_vsetvl_data[4:0],45,0.016453382084095063,0.6215868888888889,1.6170878057860922,0.4444444444444444,0.05590983813157321,4
x_aq_cp0_top/x_aq_cp0_iui/regs_clk,0,0.0,0.0,0.0,0.0,,0
x_aq_cp0_top/x_aq_cp0_iui/regs_iui_csr_inv,41,0.014990859232175503,0.9757612195121952,2.538489143895362,0.5853658536585366,-0.05073960319104065,1
x_aq_cp0_top/x_aq_cp0_iui/regs_iui_mcins_stall,0,0.0,0.0,0.0,0.0,,0
x_aq_cp0_top/x_aq_cp0_iui/regs_iui_mcor_stall,2,0.0007312614259597807,0.48516000000000015,1.2621667764865314,0.0,-0.022431129455314627,1
x_aq_cp0_top/x_aq_cp0_iui/regs_iui_mepc[39:0],0,0.0,0.0,0.0,0.0,,0
x_aq_cp0_top/x_aq_cp0_iui/regs_iui_pm[1:0],1,0.00036563071297989033,1.6444,4.277984679805532,1.0,0.1536203648324412,2
x_aq_cp0_top/x_aq_cp0_iui/regs_iui_rdata[63:0],44,0.016087751371115174,0.8740850000000002,2.2739736310191065,0.5,0.26113153829097674,18
x_aq_cp0_top/x_aq_cp0_iui/regs_iui_rdata_for_w[63:0],44,0.016087751371115174,0.8740850000000002,2.2739736310191065,0.5,0.26113153829097674,18
x_aq_cp0_top/x_aq_cp0_iui/regs_iui_sepc[39:0],0,0.0,0.0,0.0,0.0,,0
x_aq_cp0_top/x_aq_cp0_iui/regs_iui_smcir_stall,0,0.0,0.0,0.0,0.0,,0
x_aq_cp0_top/x_aq_cp0_iui/regs_iui_trigger_mro,0,0.0,0.0,0.0,0.0,,0
x_aq_cp0_top/x_aq_cp0_iui/regs_iui_trigger_smode,0,0.0,0.0,0.0,0.0,,0
x_aq_cp0_top/x_aq_cp0_iui/regs_iui_tsr,4,0.0014625228519195613,1.7394325000000002,4.525216240912087,1.0,0.14158242695307527,1
x_aq_cp0_top/x_aq_cp0_iui/regs_iui_tvm,4,0.0014625228519195613,1.7394325000000002,4.525216240912087,1.0,0.14158242695307527,1
x_aq_cp0_top/x_aq_cp0_iui/regs_iui_tw,4,0.0014625228519195613,1.7394325000000002,4.525216240912087,1.0,0.14158242695307527,1
x_aq_cp0_top/x_aq_cp0_iui/rtu_yy_xx_dbgon,0,0.0,0.0,0.0,0.0,,0
x_aq_cp0_top/x_aq_cp0_iui/special_iui_stall,0,0.0,0.0,0.0,0.0,,0
x_aq_cp0_top/x_aq_cp0_iui/special_iui_vsetvl_wdata[63:0],0,0.0,0.0,0.0,0.0,,0
x_aq_cp0_top/x_aq_cp0_iui/vidu_cp0_vid_fof_vld,0,0.0,0.0,0.0,0.0,,0
x_aq_cp0_top/x_aq_cp0_iui/iui_accflt_expt,0,0.0,0.0,0.0,0.0,,0
x_aq_cp0_top/x_aq_cp0_iui/iui_cancel,0,0.0,0.0,0.0,0.0,,0
x_aq_cp0_top/x_aq_cp0_iui/iui_chgflw_pc[39:0],0,0.0,0.0,0.0,0.0,,0
x_aq_cp0_top/x_aq_cp0_iui/iui_csr_expt_vld,0,0.0,0.0,0.0,0.0,,0
x_aq_cp0_top/x_aq_cp0_iui/iui_csr_expt_vld_no_imm_ill,0,0.0,0.0,0.0,0.0,,0
x_aq_cp0_top/x_aq_cp0_iui/iui_csr_rdata[63:0],44,0.016087751371115174,0.8740850000000002,2.2739736310191065,0.5,0.26113153829097674,18
x_aq_cp0_top/x_aq_cp0_iui/iui_csr_rs1[63:0],34,0.01243144424131627,1.022020882352941,2.6588358532882594,0.6176470588235294,0.35242461332275316,6
x_aq_cp0_top/x_aq_cp0_iui/iui_csr_stall,2,0.0007312614259597807,0.48516000000000015,1.2621667764865314,0.0,-0.022431129455314627,1
x_aq_cp0_top/x_aq_cp0_iui/iui_csr_wdata[63:0],42,0.015356489945155392,0.9567154761904763,2.488940738309238,0.5714285714285714,0.2611315375104546,7
x_aq_cp0_top/x_aq_cp0_iui/iui_csr_wen,2,0.0007312614259597807,0.9101200000000003,2.367720394541846,0.5,-0.022347796715474863,1
x_aq_cp0_top/x_aq_cp0_iui/iui_csr_wen_vld,0,0.0,0.0,0.0,0.0,,0
x_aq_cp0_top/x_aq_cp0_iui/iui_csr_wen_vld_no_imm_ill,0,0.0,0.0,0.0,0.0,,0
x_aq_cp0_top/x_aq_cp0_iui/iui_csr_write_inv,0,0.0,0.0,0.0,0.0,,0
x_aq_cp0_top/x_aq_cp0_iui/iui_csr_write_no_imm_ill,2,0.0007312614259597807,0.9101200000000003,2.367720394541846,0.5,-0.022347796715474863,1
x_aq_cp0_top/x_aq_cp0_iui/iui_csrrc_rs1[63:0],34,0.01243144424131627,0.9512535294117646,2.4747312244189184,0.5588235294117647,0.2611315382909655,6
x_aq_cp0_top/x_aq_cp0_iui/iui_csrrs_rs1[63:0],42,0.015356489945155392,0.9567154761904763,2.488940738309238,0.5714285714285714,0.2611315383703883,7
x_aq_cp0_top/x_aq_cp0_iui/iui_csrrw_rs1[63:0],34,0.01243144424131627,1.022020882352941,2.6588358532882594,0.6176470588235294,0.35242461332275316,6
x_aq_cp0_top/x_aq_cp0_iui/iui_ex1_expt_pc[39:0],42,0.015356489945155392,0.9567154761904763,2.488940738309238,0.5714285714285714,0.2781760455601371,8
x_aq_cp0_top/x_aq_cp0_iui/iui_ex1_pc[39:0],42,0.015356489945155392,0.9567154761904763,2.488940738309238,0.5714285714285714,0.2781760455601371,8
x_aq_cp0_top/x_aq_cp0_iui/iui_expt_vld,0,0.0,0.0,0.0,0.0,,0
x_aq_cp0_top/x_aq_cp0_iui/iui_idu_expt_vld,30,0.010968921389396709,0.31474033333333334,0.8188119217446401,0.13333333333333333,-0.03681613419608465,1
x_aq_cp0_top/x_aq_cp0_iui/iui_ifu_expt_vld,0,0.0,0.0,0.0,0.0,,0
x_aq_cp0_top/x_aq_cp0_iui/iui_illegal_expt,30,0.010968921389396709,0.31474033333333334,0.8188119217446401,0.13333333333333333,-0.03681613419608465,1
x_aq_cp0_top/x_aq_cp0_iui/iui_inst_cache,0,0.0,0.0,0.0,0.0,,0
x_aq_cp0_top/x_aq_cp0_iui/iui_inst_cache_func[5:0],0,0.0,0.0,0.0,0.0,,0
x_aq_cp0_top/x_aq_cp0_iui/iui_inst_chgflw,0,0.0,0.0,0.0,0.0,,0
x_aq_cp0_top/x_aq_cp0_iui/iui_inst_cmplt,0,0.0,0.0,0.0,0.0,,0
x_aq_cp0_top/x_aq_cp0_iui/iui_inst_csr,2,0.0007312614259597807,0.9101200000000003,2.367720394541846,0.5,-0.022347796715474863,1
x_aq_cp0_top/x_aq_cp0_iui/iui_inst_csr_func[2:0],34,0.01243144424131627,0.8803364705882353,2.2902371285882652,0.5,0.017690087503084564,2
x_aq_cp0_top/x_aq_cp0_iui/iui_inst_dis_stall,0,0.0,0.0,0.0,0.0,,0
x_aq_cp0_top/x_aq_cp0_iui/iui_inst_dret,0,0.0,0.0,0.0,0.0,,0
x_aq_cp0_top/x_aq_cp0_iui/iui_inst_dst_idx[5:0],14,0.005118829981718464,0.9657542857142858,2.512455630468407,0.5714285714285714,0.2200805266210739,2
x_aq_cp0_top/x_aq_cp0_iui/iui_inst_dst_vld,2,0.0007312614259597807,0.9101200000000003,2.367720394541846,0.5,-0.022347796715474863,1
x_aq_cp0_top/x_aq_cp0_iui/iui_inst_dst_vld_dp,2,0.0007312614259597807,0.9101200000000003,2.367720394541846,0.5,-0.022347796715474863,1
x_aq_cp0_top/x_aq_cp0_iui/iui_inst_ebreak,0,0.0,0.0,0.0,0.0,,0
x_aq_cp0_top/x_aq_cp0_iui/iui_inst_ecall,0,0.0,0.0,0.0,0.0,,0
x_aq_cp0_top/x_aq_cp0_iui/iui_inst_fence,0,0.0,0.0,0.0,0.0,,0
x_aq_cp0_top/x_aq_cp0_iui/iui_inst_fencei,0,0.0,0.0,0.0,0.0,,0
x_aq_cp0_top/x_aq_cp0_iui/iui_inst_flush,2,0.0007312614259597807,0.9101200000000003,2.367720394541846,0.5,-0.022347796715474863,1
x_aq_cp0_top/x_aq_cp0_iui/iui_inst_func[19:0],42,0.015356489945155392,0.9567154761904763,2.488940738309238,0.5714285714285714,0.0977692855991902,3
x_aq_cp0_top/x_aq_cp0_iui/iui_inst_halt_info[21:0],42,0.015356489945155392,0.9567154761904763,2.488940738309238,0.5714285714285714,0.024092876824749233,2
x_aq_cp0_top/x_aq_cp0_iui/iui_inst_imm[11:0],42,0.015356489945155392,0.9567154761904763,2.488940738309238,0.5714285714285714,0.0006556288328025087,6
x_aq_cp0_top/x_aq_cp0_iui/iui_inst_issue_stall,2,0.0007312614259597807,0.48516000000000015,1.2621667764865314,0.0,-0.022431129455314627,1
x_aq_cp0_top/x_aq_cp0_iui/iui_inst_mret,0,0.0,0.0,0.0,0.0,,0
x_aq_cp0_top/x_aq_cp0_iui/iui_inst_nop,0,0.0,0.0,0.0,0.0,,0
x_aq_cp0_top/x_aq_cp0_iui/iui_inst_opcode[31:0],42,0.015356489945155392,0.9567154761904763,2.488940738309238,0.5714285714285714,0.0006593222205207101,14
x_aq_cp0_top/x_aq_cp0_iui/iui_inst_rs1[63:0],28,0.010237659963436929,1.0824664285714287,2.8160878118659576,0.6428571428571429,0.3524246132687946,6
x_aq_cp0_top/x_aq_cp0_iui/iui_inst_rs1_x0,0,0.0,0.0,0.0,0.0,,0
x_aq_cp0_top/x_aq_cp0_iui/iui_inst_rs2_x0,0,0.0,0.0,0.0,0.0,,0
x_aq_cp0_top/x_aq_cp0_iui/iui_inst_sel,2,0.0007312614259597807,0.9101200000000003,2.367720394541846,0.5,-0.022347796715474863,1
x_aq_cp0_top/x_aq_cp0_iui/iui_inst_sel_dp,2,0.0007312614259597807,0.9101200000000003,2.367720394541846,0.5,-0.022347796715474863,1
x_aq_cp0_top/x_aq_cp0_iui/iui_inst_sfence,0,0.0,0.0,0.0,0.0,,0
x_aq_cp0_top/x_aq_cp0_iui/iui_inst_sret,0,0.0,0.0,0.0,0.0,,0
x_aq_cp0_top/x_aq_cp0_iui/iui_inst_sync,0,0.0,0.0,0.0,0.0,,0
x_aq_cp0_top/x_aq_cp0_iui/iui_inst_synci,0,0.0,0.0,0.0,0.0,,0
x_aq_cp0_top/x_aq_cp0_iui/iui_inst_vld,2,0.0007312614259597807,0.9101200000000003,2.367720394541846,0.5,-0.022347796715474863,1
x_aq_cp0_top/x_aq_cp0_iui/iui_inst_vld_no_brir,2,0.0007312614259597807,0.9101200000000003,2.367720394541846,0.5,-0.022347796715474863,1
x_aq_cp0_top/x_aq_cp0_iui/iui_inst_vsetvl,0,0.0,0.0,0.0,0.0,,0
x_aq_cp0_top/x_aq_cp0_iui/iui_inst_vsetvl_dp,0,0.0,0.0,0.0,0.0,,0
x_aq_cp0_top/x_aq_cp0_iui/iui_inst_vsetvl_raw,0,0.0,0.0,0.0,0.0,,0
x_aq_cp0_top/x_aq_cp0_iui/iui_inst_wfi,0,0.0,0.0,0.0,0.0,,0
x_aq_cp0_top/x_aq_cp0_iui/iui_mecall_expt,0,0.0,0.0,0.0,0.0,,0
x_aq_cp0_top/x_aq_cp0_iui/iui_mmode,1,0.00036563071297989033,1.6444,4.277984679805532,1.0,0.15362036483244196,1
x_aq_cp0_top/x_aq_cp0_iui/iui_pageflt_expt,0,0.0,0.0,0.0,0.0,,0
x_aq_cp0_top/x_aq_cp0_iui/iui_secall_expt,0,0.0,0.0,0.0,0.0,,0
x_aq_cp0_top/x_aq_cp0_iui/iui_smode,0,0.0,0.0,0.0,0.0,,0
x_aq_cp0_top/x_aq_cp0_iui/iui_smode_csr_inv,0,0.0,0.0,0.0,0.0,,0
x_aq_cp0_top/x_aq_cp0_iui/iui_smode_special_inv,0,0.0,0.0,0.0,0.0,,0
x_aq_cp0_top/x_aq_cp0_iui/iui_special_expt_vld,0,0.0,0.0,0.0,0.0,,0
x_aq_cp0_top/x_aq_cp0_iui/iui_uecall_expt,0,0.0,0.0,0.0,0.0,,0
x_aq_cp0_top/x_aq_cp0_iui/iui_umode,0,0.0,0.0,0.0,0.0,,0
x_aq_cp0_top/x_aq_cp0_iui/iui_umode_csr_inv,0,0.0,0.0,0.0,0.0,,0
x_aq_cp0_top/x_aq_cp0_iui/iui_umode_special_inv,0,0.0,0.0,0.0,0.0,,0
x_aq_cp0_top/x_aq_cp0_iui/iui_vsetvl_rs1[63:0],42,0.015356489945155392,0.9567154761904763,2.488940738309238,0.5714285714285714,0.0006556288328025087,6
x_aq_cp0_top/x_aq_cp0_iui/iui_vsetvl_rs2[11:0],24,0.008775137111517367,1.1713775000000002,3.0473941858847633,0.7083333333333334,0.3560017511775489,6
x_aq_cp0_top/x_aq_cp0_iui/iui_vsetvl_stall,0,0.0,0.0,0.0,0.0,,0
x_aq_cp0_top/x_aq_cp0_iui/iui_wdata[63:0],44,0.016087751371115174,0.8740850000000002,2.2739736310191065,0.5,0.26113153829097674,18
x_aq_cp0_top/x_aq_cp0_regs/biu_cp0_coreid[2:0],0,0.0,0.0,0.0,0.0,,0
x_aq_cp0_top/x_aq_cp0_regs/biu_cp0_me_int,0,0.0,0.0,0.0,0.0,,0
x_aq_cp0_top/x_aq_cp0_regs/biu_cp0_ms_int,0,0.0,0.0,0.0,0.0,,0
x_aq_cp0_top/x_aq_cp0_regs/biu_cp0_mt_int,0,0.0,0.0,0.0,0.0,,0
x_aq_cp0_top/x_aq_cp0_regs/biu_cp0_rvba[39:0],0,0.0,0.0,0.0,0.0,,0
x_aq_cp0_top/x_aq_cp0_regs/biu_cp0_se_int,0,0.0,0.0,0.0,0.0,,0
x_aq_cp0_top/x_aq_cp0_regs/biu_cp0_ss_int,0,0.0,0.0,0.0,0.0,,0
x_aq_cp0_top/x_aq_cp0_regs/biu_cp0_st_int,0,0.0,0.0,0.0,0.0,,0
x_aq_cp0_top/x_aq_cp0_regs/cp0_biu_icg_en,0,0.0,0.0,0.0,0.0,,0
x_aq_cp0_top/x_aq_cp0_regs/cp0_dtu_icg_en,0,0.0,0.0,0.0,0.0,,0
x_aq_cp0_top/x_aq_cp0_regs/cp0_dtu_mexpt_vld,0,0.0,0.0,0.0,0.0,,0
x_aq_cp0_top/x_aq_cp0_regs/cp0_dtu_pcfifo_frz,0,0.0,0.0,0.0,0.0,,0
x_aq_cp0_top/x_aq_cp0_regs/cp0_dtu_satp[63:0],0,0.0,0.0,0.0,0.0,,0
x_aq_cp0_top/x_aq_cp0_regs/cp0_hpcp_icg_en,0,0.0,0.0,0.0,0.0,,0
x_aq_cp0_top/x_aq_cp0_regs/cp0_hpcp_int_off_vld,5,0.0018281535648994515,1.2584980000000001,3.274042303311787,0.8,-0.004453721909273666,1
x_aq_cp0_top/x_aq_cp0_regs/cp0_hpcp_mcntwen[31:0],0,0.0,0.0,0.0,0.0,,0
x_aq_cp0_top/x_aq_cp0_regs/cp0_hpcp_pmdm,0,0.0,0.0,0.0,0.0,,0
x_aq_cp0_top/x_aq_cp0_regs/cp0_hpcp_pmds,0,0.0,0.0,0.0,0.0,,0
x_aq_cp0_top/x_aq_cp0_regs/cp0_hpcp_pmdu,0,0.0,0.0,0.0,0.0,,0
x_aq_cp0_top/x_aq_cp0_regs/cp0_idu_cskyee,1,0.00036563071297989033,1.6444,4.277984679805532,1.0,0.15362036483244196,1
x_aq_cp0_top/x_aq_cp0_regs/cp0_idu_dis_fence_in_dbg,0,0.0,0.0,0.0,0.0,,0
x_aq_cp0_top/x_aq_cp0_regs/cp0_idu_frm[2:0],0,0.0,0.0,0.0,0.0,,0
x_aq_cp0_top/x_aq_cp0_regs/cp0_idu_fs[1:0],9,0.0032906764168190127,1.4595533333333333,3.7970972995372754,0.8888888888888888,0.08072922096589515,2
x_aq_cp0_top/x_aq_cp0_regs/cp0_idu_icg_en,0,0.0,0.0,0.0,0.0,,0
x_aq_cp0_top/x_aq_cp0_regs/cp0_idu_ucme,1,0.00036563071297989033,1.6444,4.277984679805532,1.0,0.15362036483244196,1
x_aq_cp0_top/x_aq_cp0_regs/cp0_idu_vill,0,0.0,0.0,0.0,0.0,,0
x_aq_cp0_top/x_aq_cp0_regs/cp0_idu_vl_zero,0,0.0,0.0,0.0,0.0,,0
x_aq_cp0_top/x_aq_cp0_regs/cp0_idu_vlmul[1:0],0,0.0,0.0,0.0,0.0,,0
x_aq_cp0_top/x_aq_cp0_regs/cp0_idu_vs[1:0],0,0.0,0.0,0.0,0.0,,0
x_aq_cp0_top/x_aq_cp0_regs/cp0_idu_vsew[1:0],0,0.0,0.0,0.0,0.0,,0
x_aq_cp0_top/x_aq_cp0_regs/cp0_idu_vstart[6:0],0,0.0,0.0,0.0,0.0,,0
x_aq_cp0_top/x_aq_cp0_regs/cp0_ifu_bht_en,1,0.00036563071297989033,1.1654000000000002,3.031843435809637,1.0,0.07413472607143354,1
x_aq_cp0_top/x_aq_cp0_regs/cp0_ifu_btb_clr,0,0.0,0.0,0.0,0.0,,0
x_aq_cp0_top/x_aq_cp0_regs/cp0_ifu_btb_en,1,0.00036563071297989033,1.1654000000000002,3.031843435809637,1.0,0.07413472607143354,1
x_aq_cp0_top/x_aq_cp0_regs/cp0_ifu_icache_en,1,0.00036563071297989033,1.1654000000000002,3.031843435809637,1.0,0.07413472607143354,1
x_aq_cp0_top/x_aq_cp0_regs/cp0_ifu_icache_pref_en,1,0.00036563071297989033,0.6600000000000004,1.7170213382824449,0.0,0.07250526982324153,1
x_aq_cp0_top/x_aq_cp0_regs/cp0_ifu_icache_read_index[13:0],0,0.0,0.0,0.0,0.0,,0
x_aq_cp0_top/x_aq_cp0_regs/cp0_ifu_icache_read_req,0,0.0,0.0,0.0,0.0,,0
x_aq_cp0_top/x_aq_cp0_regs/cp0_ifu_icache_read_tag,1,0.00036563071297989033,1.6444,4.277984679805532,1.0,0.15362036483244196,1
x_aq_cp0_top/x_aq_cp0_regs/cp0_ifu_icache_read_way,0,0.0,0.0,0.0,0.0,,0
x_aq_cp0_top/x_aq_cp0_regs/cp0_ifu_icg_en,0,0.0,0.0,0.0,0.0,,0
x_aq_cp0_top/x_aq_cp0_regs/cp0_ifu_iwpe,0,0.0,0.0,0.0,0.0,,0
x_aq_cp0_top/x_aq_cp0_regs/cp0_ifu_ras_en,1,0.00036563071297989033,1.1654000000000002,3.031843435809637,1.0,0.07413472607143354,1
x_aq_cp0_top/x_aq_cp0_regs/cp0_iu_icg_en,0,0.0,0.0,0.0,0.0,,0
x_aq_cp0_top/x_aq_cp0_regs/cp0_lsu_amr[1:0],1,0.00036563071297989033,0.6600000000000004,1.7170213382824449,0.0,0.07250526982324153,1
x_aq_cp0_top/x_aq_cp0_regs/cp0_lsu_dcache_en,1,0.00036563071297989033,1.1654000000000002,3.031843435809637,1.0,0.07413472607143354,1
x_aq_cp0_top/x_aq_cp0_regs/cp0_lsu_dcache_pref_dist[1:0],2,0.0007312614259597807,1.1522000000000001,2.997503009043988,0.5,0.12160843883030165,1
x_aq_cp0_top/x_aq_cp0_regs/cp0_lsu_dcache_pref_en,1,0.00036563071297989033,0.6600000000000004,1.7170213382824449,0.0,0.07250526982324153,1
x_aq_cp0_top/x_aq_cp0_regs/cp0_lsu_dcache_read_idx[16:0],0,0.0,0.0,0.0,0.0,,0
x_aq_cp0_top/x_aq_cp0_regs/cp0_lsu_dcache_read_req,0,0.0,0.0,0.0,0.0,,0
x_aq_cp0_top/x_aq_cp0_regs/cp0_lsu_dcache_read_type,0,0.0,0.0,0.0,0.0,,0
x_aq_cp0_top/x_aq_cp0_regs/cp0_lsu_dcache_read_way[1:0],0,0.0,0.0,0.0,0.0,,0
x_aq_cp0_top/x_aq_cp0_regs/cp0_lsu_dcache_wa,1,0.00036563071297989033,1.1654000000000002,3.031843435809637,1.0,0.07413472607143354,1
x_aq_cp0_top/x_aq_cp0_regs/cp0_lsu_dcache_wb,0,0.0,0.0,0.0,0.0,,0
x_aq_cp0_top/x_aq_cp0_regs/cp0_lsu_icg_en,0,0.0,0.0,0.0,0.0,,0
x_aq_cp0_top/x_aq_cp0_regs/cp0_lsu_mm,1,0.00036563071297989033,1.6444,4.277984679805532,1.0,0.15362036483244196,1
x_aq_cp0_top/x_aq_cp0_regs/cp0_lsu_mpp[1:0],7,0.002559414990859232,1.5482157142857145,4.02775669347389,1.0,0.005474669206771672,2
x_aq_cp0_top/x_aq_cp0_regs/cp0_lsu_mprv,4,0.0014625228519195613,1.7394325000000002,4.525216240912087,1.0,0.14158242695307527,1
x_aq_cp0_top/x_aq_cp0_regs/cp0_lsu_we_en,0,0.0,0.0,0.0,0.0,,0
x_aq_cp0_top/x_aq_cp0_regs/cp0_mmu_icg_en,0,0.0,0.0,0.0,0.0,,0
x_aq_cp0_top/x_aq_cp0_regs/cp0_mmu_maee,1,0.00036563071297989033,1.6444,4.277984679805532,1.0,0.15362036483244196,1
x_aq_cp0_top/x_aq_cp0_regs/cp0_mmu_mxr,4,0.0014625228519195613,1.7394325000000002,4.525216240912087,1.0,0.14158242695307527,1
x_aq_cp0_top/x_aq_cp0_regs/cp0_mmu_ptw_en,1,0.00036563071297989033,1.6444,4.277984679805532,1.0,0.15362036483244196,1
x_aq_cp0_top/x_aq_cp0_regs/cp0_mmu_satp_data[63:0],0,0.0,0.0,0.0,0.0,,0
x_aq_cp0_top/x_aq_cp0_regs/cp0_mmu_satp_wen,0,0.0,0.0,0.0,0.0,,0
x_aq_cp0_top/x_aq_cp0_regs/cp0_mmu_sum,4,0.0014625228519195613,1.7394325000000002,4.525216240912087,1.0,0.14158242695307527,1
x_aq_cp0_top/x_aq_cp0_regs/cp0_pmp_icg_en,0,0.0,0.0,0.0,0.0,,0
x_aq_cp0_top/x_aq_cp0_regs/cp0_rtu_icg_en,0,0.0,0.0,0.0,0.0,,0
x_aq_cp0_top/x_aq_cp0_regs/cp0_rtu_int_vld[14:0],0,0.0,0.0,0.0,0.0,,0
x_aq_cp0_top/x_aq_cp0_regs/cp0_rtu_trap_pc[39:0],2,0.0007312614259597807,1.2394650000000003,3.2245270500821968,1.0,0.03814378431380811,5
x_aq_cp0_top/x_aq_cp0_regs/cp0_rtu_vstart_eq_0,0,0.0,0.0,0.0,0.0,,0
x_aq_cp0_top/x_aq_cp0_regs/cp0_vpu_icg_en,0,0.0,0.0,0.0,0.0,,0
x_aq_cp0_top/x_aq_cp0_regs/cp0_vpu_xx_bf16,0,0.0,0.0,0.0,0.0,,0
x_aq_cp0_top/x_aq_cp0_regs/cp0_vpu_xx_dqnan,0,0.0,0.0,0.0,0.0,,0
x_aq_cp0_top/x_aq_cp0_regs/cp0_vpu_xx_rm[2:0],0,0.0,0.0,0.0,0.0,,0
x_aq_cp0_top/x_aq_cp0_regs/cp0_xx_mrvbr[39:0],0,0.0,0.0,0.0,0.0,,0
x_aq_cp0_top/x_aq_cp0_regs/cp0_yy_clk_en,1,0.00036563071297989033,1.6444,4.277984679805532,1.0,0.15362036483244196,1
x_aq_cp0_top/x_aq_cp0_regs/cp0_yy_priv_mode[1:0],1,0.00036563071297989033,1.6444,4.277984679805532,1.0,0.1536203648324412,2
x_aq_cp0_top/x_aq_cp0_regs/cpurst_b,3,0.0010968921389396709,0.6837766666666667,1.7788774655853161,0.3333333333333333,0.02643048972449982,1
x_aq_cp0_top/x_aq_cp0_regs/dtu_cp0_dcsr_mprven,0,0.0,0.0,0.0,0.0,,0
x_aq_cp0_top/x_aq_cp0_regs/dtu_cp0_dcsr_prv[1:0],0,0.0,0.0,0.0,0.0,,0
x_aq_cp0_top/x_aq_cp0_regs/dtu_cp0_rdata[63:0],0,0.0,0.0,0.0,0.0,,0
x_aq_cp0_top/x_aq_cp0_regs/forever_cpuclk,0,0.0,0.0,0.0,0.0,,0
x_aq_cp0_top/x_aq_cp0_regs/hpcp_cp0_data[63:0],0,0.0,0.0,0.0,0.0,,0
x_aq_cp0_top/x_aq_cp0_regs/hpcp_cp0_int_vld,0,0.0,0.0,0.0,0.0,,0
x_aq_cp0_top/x_aq_cp0_regs/hpcp_cp0_sce,0,0.0,0.0,0.0,0.0,,0
x_aq_cp0_top/x_aq_cp0_regs/ifu_cp0_bht_inv_done,0,0.0,0.0,0.0,0.0,,0
x_aq_cp0_top/x_aq_cp0_regs/ifu_cp0_icache_inv_done,0,0.0,0.0,0.0,0.0,,0
x_aq_cp0_top/x_aq_cp0_regs/ifu_cp0_icache_read_data[127:0],7,0.002559414990859232,0.2475257142857143,0.6439498987911743,0.0,0.07772482881709787,1
x_aq_cp0_top/x_aq_cp0_regs/ifu_cp0_icache_read_data_vld,0,0.0,0.0,0.0,0.0,,0
x_aq_cp0_top/x_aq_cp0_regs/iui_inst_rs2[63:0],42,0.015356489945155392,0.9567154761904763,2.488940738309238,0.5714285714285714,0.0006556288328025087,6
x_aq_cp0_top/x_aq_cp0_regs/iui_regs_csr_en,2,0.0007312614259597807,0.9101200000000003,2.367720394541846,0.5,-0.022347796715474863,1
x_aq_cp0_top/x_aq_cp0_regs/iui_regs_csr_wen,0,0.0,0.0,0.0,0.0,,0
x_aq_cp0_top/x_aq_cp0_regs/iui_regs_csr_wen_no_imm_ill,0,0.0,0.0,0.0,0.0,,0
x_aq_cp0_top/x_aq_cp0_regs/iui_regs_csr_write,2,0.0007312614259597807,0.9101200000000003,2.367720394541846,0.5,-0.022347796715474863,1
x_aq_cp0_top/x_aq_cp0_regs/iui_regs_csr_write_no_imm_ill,2,0.0007312614259597807,0.9101200000000003,2.367720394541846,0.5,-0.022347796715474863,1
x_aq_cp0_top/x_aq_cp0_regs/iui_regs_imm[11:0],42,0.015356489945155392,0.9567154761904763,2.488940738309238,0.5714285714285714,0.0006556288328025087,6
x_aq_cp0_top/x_aq_cp0_regs/iui_regs_inst_mret,0,0.0,0.0,0.0,0.0,,0
x_aq_cp0_top/x_aq_cp0_regs/iui_regs_inst_sret,0,0.0,0.0,0.0,0.0,,0
x_aq_cp0_top/x_aq_cp0_regs/iui_regs_wdata[63:0],42,0.015356489945155392,0.9567154761904763,2.488940738309238,0.5714285714285714,0.2611315375104546,7
x_aq_cp0_top/x_aq_cp0_regs/iui_vsetvl_bypass,0,0.0,0.0,0.0,0.0,,0
x_aq_cp0_top/x_aq_cp0_regs/iui_vsetvl_data[4:0],45,0.016453382084095063,0.6215868888888889,1.6170878057860922,0.4444444444444444,0.05590983813157321,4
x_aq_cp0_top/x_aq_cp0_regs/lsu_cp0_dcache_read_data[127:0],0,0.0,0.0,0.0,0.0,,0
x_aq_cp0_top/x_aq_cp0_regs/lsu_cp0_dcache_read_data_vld,0,0.0,0.0,0.0,0.0,,0
x_aq_cp0_top/x_aq_cp0_regs/lsu_cp0_icc_done,0,0.0,0.0,0.0,0.0,,0
x_aq_cp0_top/x_aq_cp0_regs/mmu_cp0_cmplt,0,0.0,0.0,0.0,0.0,,0
x_aq_cp0_top/x_aq_cp0_regs/mmu_cp0_data[63:0],0,0.0,0.0,0.0,0.0,,0
x_aq_cp0_top/x_aq_cp0_regs/pad_yy_icg_scan_en,0,0.0,0.0,0.0,0.0,,0
x_aq_cp0_top/x_aq_cp0_regs/pmp_cp0_data[63:0],0,0.0,0.0,0.0,0.0,,0
x_aq_cp0_top/x_aq_cp0_regs/regs_clk,0,0.0,0.0,0.0,0.0,,0
x_aq_cp0_top/x_aq_cp0_regs/regs_iui_csr_inv,41,0.014990859232175503,0.9757612195121952,2.538489143895362,0.5853658536585366,-0.05073960319104065,1
x_aq_cp0_top/x_aq_cp0_regs/regs_iui_mcins_stall,0,0.0,0.0,0.0,0.0,,0
x_aq_cp0_top/x_aq_cp0_regs/regs_iui_mcor_stall,2,0.0007312614259597807,0.48516000000000015,1.2621667764865314,0.0,-0.022431129455314627,1
x_aq_cp0_top/x_aq_cp0_regs/regs_iui_mepc[39:0],0,0.0,0.0,0.0,0.0,,0
x_aq_cp0_top/x_aq_cp0_regs/regs_iui_pm[1:0],1,0.00036563071297989033,1.6444,4.277984679805532,1.0,0.1536203648324412,2
x_aq_cp0_top/x_aq_cp0_regs/regs_iui_rdata[63:0],44,0.016087751371115174,0.8740850000000002,2.2739736310191065,0.5,0.26113153829097674,18
x_aq_cp0_top/x_aq_cp0_regs/regs_iui_rdata_for_w[63:0],44,0.016087751371115174,0.8740850000000002,2.2739736310191065,0.5,0.26113153829097674,18
x_aq_cp0_top/x_aq_cp0_regs/regs_iui_sepc[39:0],0,0.0,0.0,0.0,0.0,,0
x_aq_cp0_top/x_aq_cp0_regs/regs_iui_smcir_stall,0,0.0,0.0,0.0,0.0,,0
x_aq_cp0_top/x_aq_cp0_regs/regs_iui_trigger_mro,0,0.0,0.0,0.0,0.0,,0
x_aq_cp0_top/x_aq_cp0_regs/regs_iui_trigger_smode,0,0.0,0.0,0.0,0.0,,0
x_aq_cp0_top/x_aq_cp0_regs/regs_iui_tsr,4,0.0014625228519195613,1.7394325000000002,4.525216240912087,1.0,0.14158242695307527,1
x_aq_cp0_top/x_aq_cp0_regs/regs_iui_tvm,4,0.0014625228519195613,1.7394325000000002,4.525216240912087,1.0,0.14158242695307527,1
x_aq_cp0_top/x_aq_cp0_regs/regs_iui_tw,4,0.0014625228519195613,1.7394325000000002,4.525216240912087,1.0,0.14158242695307527,1
x_aq_cp0_top/x_aq_cp0_regs/regs_lpmd_int_vld,0,0.0,0.0,0.0,0.0,,0
x_aq_cp0_top/x_aq_cp0_regs/regs_special_bht_inv,2,0.0007312614259597807,0.21716000000000002,0.564952051244569,0.0,-0.022028418956518796,1
x_aq_cp0_top/x_aq_cp0_regs/regs_special_dcache_clr,0,0.0,0.0,0.0,0.0,,0
x_aq_cp0_top/x_aq_cp0_regs/regs_special_dcache_inv,2,0.0007312614259597807,0.582165,1.5145298900018167,0.0,-0.010470501983208194,1
x_aq_cp0_top/x_aq_cp0_regs/regs_special_dcache_req,2,0.0007312614259597807,0.582165,1.5145298900018167,0.0,-0.010470501983208194,1
x_aq_cp0_top/x_aq_cp0_regs/regs_special_icache_inv,2,0.0007312614259597807,0.2111599999999999,0.5493427663510919,0.0,-0.010212318201465094,1
x_aq_cp0_top/x_aq_cp0_regs/regs_xx_icg_en,0,0.0,0.0,0.0,0.0,,0
x_aq_cp0_top/x_aq_cp0_regs/rtu_cp0_epc[63:0],131,0.04789762340036563,0.5868943511450382,1.5268335215658486,0.2824427480916031,0.07851416008454831,7
x_aq_cp0_top/x_aq_cp0_regs/rtu_cp0_exit_debug,0,0.0,0.0,0.0,0.0,,0
x_aq_cp0_top/x_aq_cp0_regs/rtu_cp0_fflags[4:0],0,0.0,0.0,0.0,0.0,,0
x_aq_cp0_top/x_aq_cp0_regs/rtu_cp0_fflags_updt,0,0.0,0.0,0.0,0.0,,0
x_aq_cp0_top/x_aq_cp0_regs/rtu_cp0_fs_dirty_updt,0,0.0,0.0,0.0,0.0,,0
x_aq_cp0_top/x_aq_cp0_regs/rtu_cp0_fs_dirty_updt_dp,0,0.0,0.0,0.0,0.0,,0
x_aq_cp0_top/x_aq_cp0_regs/rtu_cp0_tval[63:0],0,0.0,0.0,0.0,0.0,,0
x_aq_cp0_top/x_aq_cp0_regs/rtu_cp0_vl[7:0],0,0.0,0.0,0.0,0.0,,0
x_aq_cp0_top/x_aq_cp0_regs/rtu_cp0_vl_vld,0,0.0,0.0,0.0,0.0,,0
x_aq_cp0_top/x_aq_cp0_regs/rtu_cp0_vs_dirty_updt,0,0.0,0.0,0.0,0.0,,0
x_aq_cp0_top/x_aq_cp0_regs/rtu_cp0_vs_dirty_updt_dp,0,0.0,0.0,0.0,0.0,,0
x_aq_cp0_top/x_aq_cp0_regs/rtu_cp0_vstart[6:0],0,0.0,0.0,0.0,0.0,,0
x_aq_cp0_top/x_aq_cp0_regs/rtu_cp0_vstart_vld,0,0.0,0.0,0.0,0.0,,0
x_aq_cp0_top/x_aq_cp0_regs/rtu_cp0_vxsat,0,0.0,0.0,0.0,0.0,,0
x_aq_cp0_top/x_aq_cp0_regs/rtu_cp0_vxsat_vld,0,0.0,0.0,0.0,0.0,,0
x_aq_cp0_top/x_aq_cp0_regs/rtu_yy_xx_dbgon,0,0.0,0.0,0.0,0.0,,0
x_aq_cp0_top/x_aq_cp0_regs/rtu_yy_xx_expt_int,0,0.0,0.0,0.0,0.0,,0
x_aq_cp0_top/x_aq_cp0_regs/rtu_yy_xx_expt_vec[4:0],0,0.0,0.0,0.0,0.0,,0
x_aq_cp0_top/x_aq_cp0_regs/rtu_yy_xx_expt_vld,0,0.0,0.0,0.0,0.0,,0
x_aq_cp0_top/x_aq_cp0_regs/rtu_yy_xx_flush,0,0.0,0.0,0.0,0.0,,0
x_aq_cp0_top/x_aq_cp0_regs/special_regs_vill,0,0.0,0.0,0.0,0.0,,0
x_aq_cp0_top/x_aq_cp0_regs/special_regs_vsetvl_dp,0,0.0,0.0,0.0,0.0,,0
x_aq_cp0_top/x_aq_cp0_regs/special_vsetvl_illegal,0,0.0,0.0,0.0,0.0,,0
x_aq_cp0_top/x_aq_cp0_regs/sysio_cp0_apb_base[39:0],5,0.0018281535648994515,0.588254,1.5303707126212134,0.2,0.006717050852979961,2
x_aq_cp0_top/x_aq_cp0_regs/fcsr_local_en,0,0.0,0.0,0.0,0.0,,0
x_aq_cp0_top/x_aq_cp0_regs/fcsr_value[63:0],0,0.0,0.0,0.0,0.0,,0
x_aq_cp0_top/x_aq_cp0_regs/fflags_local_en,0,0.0,0.0,0.0,0.0,,0
x_aq_cp0_top/x_aq_cp0_regs/fflags_value[63:0],0,0.0,0.0,0.0,0.0,,0
x_aq_cp0_top/x_aq_cp0_regs/float_clk,0,0.0,0.0,0.0,0.0,,0
x_aq_cp0_top/x_aq_cp0_regs/frm_local_en,0,0.0,0.0,0.0,0.0,,0
x_aq_cp0_top/x_aq_cp0_regs/frm_value[63:0],0,0.0,0.0,0.0,0.0,,0
x_aq_cp0_top/x_aq_cp0_regs/fs_dirty_upd_gate,0,0.0,0.0,0.0,0.0,,0
x_aq_cp0_top/x_aq_cp0_regs/fxcr_local_en,0,0.0,0.0,0.0,0.0,,0
x_aq_cp0_top/x_aq_cp0_regs/fxcr_value[63:0],0,0.0,0.0,0.0,0.0,,0
x_aq_cp0_top/x_aq_cp0_regs/hpcp_value[63:0],0,0.0,0.0,0.0,0.0,,0
x_aq_cp0_top/x_aq_cp0_regs/mapbaddr_value[63:0],5,0.0018281535648994515,0.588254,1.5303707126212134,0.2,0.006717050852979961,2
x_aq_cp0_top/x_aq_cp0_regs/marchid_value[63:0],0,0.0,0.0,0.0,0.0,,0
x_aq_cp0_top/x_aq_cp0_regs/mcause_local_en,0,0.0,0.0,0.0,0.0,,0
x_aq_cp0_top/x_aq_cp0_regs/mcause_value[63:0],0,0.0,0.0,0.0,0.0,,0
x_aq_cp0_top/x_aq_cp0_regs/mccr2_value[63:0],0,0.0,0.0,0.0,0.0,,0
x_aq_cp0_top/x_aq_cp0_regs/mcdata0_value[63:0],0,0.0,0.0,0.0,0.0,,0
x_aq_cp0_top/x_aq_cp0_regs/mcdata1_value[63:0],0,0.0,0.0,0.0,0.0,,0
x_aq_cp0_top/x_aq_cp0_regs/mcer2_value[63:0],0,0.0,0.0,0.0,0.0,,0
x_aq_cp0_top/x_aq_cp0_regs/mcer_value[63:0],0,0.0,0.0,0.0,0.0,,0
x_aq_cp0_top/x_aq_cp0_regs/mcindex_local_en,0,0.0,0.0,0.0,0.0,,0
x_aq_cp0_top/x_aq_cp0_regs/mcindex_value[63:0],0,0.0,0.0,0.0,0.0,,0
x_aq_cp0_top/x_aq_cp0_regs/mcins_local_en,0,0.0,0.0,0.0,0.0,,0
x_aq_cp0_top/x_aq_cp0_regs/mcins_value[63:0],0,0.0,0.0,0.0,0.0,,0
x_aq_cp0_top/x_aq_cp0_regs/mcnten_local_en,0,0.0,0.0,0.0,0.0,,0
x_aq_cp0_top/x_aq_cp0_regs/mcnten_value[63:0],0,0.0,0.0,0.0,0.0,,0
x_aq_cp0_top/x_aq_cp0_regs/mcntwen_local_en,0,0.0,0.0,0.0,0.0,,0
x_aq_cp0_top/x_aq_cp0_regs/mcntwen_value[63:0],0,0.0,0.0,0.0,0.0,,0
x_aq_cp0_top/x_aq_cp0_regs/mcor_local_en,0,0.0,0.0,0.0,0.0,,0
x_aq_cp0_top/x_aq_cp0_regs/mcor_value[63:0],7,0.002559414990859232,0.3834057142857144,0.9974481706787783,0.14285714285714285,-0.021871631844404542,6
x_aq_cp0_top/x_aq_cp0_regs/mcpuid_local_en,0,0.0,0.0,0.0,0.0,,0
x_aq_cp0_top/x_aq_cp0_regs/mcpuid_value[63:0],1,0.00036563071297989033,1.6444,4.277984679805532,1.0,0.1536203648324418,7
x_aq_cp0_top/x_aq_cp0_regs/medeleg_local_en,0,0.0,0.0,0.0,0.0,,0
x_aq_cp0_top/x_aq_cp0_regs/medeleg_value[63:0],0,0.0,0.0,0.0,0.0,,0
x_aq_cp0_top/x_aq_cp0_regs/meicr2_value[63:0],0,0.0,0.0,0.0,0.0,,0
x_aq_cp0_top/x_aq_cp0_regs/meicr_value[63:0],0,0.0,0.0,0.0,0.0,,0
x_aq_cp0_top/x_aq_cp0_regs/mepc_local_en,0,0.0,0.0,0.0,0.0,,0
x_aq_cp0_top/x_aq_cp0_regs/mepc_value[63:0],0,0.0,0.0,0.0,0.0,,0
x_aq_cp0_top/x_aq_cp0_regs/mhartid_value[63:0],0,0.0,0.0,0.0,0.0,,0
x_aq_cp0_top/x_aq_cp0_regs/mhcr_local_en,0,0.0,0.0,0.0,0.0,,0
x_aq_cp0_top/x_aq_cp0_regs/mhcr_value[63:0],2,0.0007312614259597807,0.9537000000000002,2.481095833818132,1.0,0.07641612163750815,5
x_aq_cp0_top/x_aq_cp0_regs/mhint2_local_en,0,0.0,0.0,0.0,0.0,,0
x_aq_cp0_top/x_aq_cp0_regs/mhint2_value[63:0],0,0.0,0.0,0.0,0.0,,0
x_aq_cp0_top/x_aq_cp0_regs/mhint3_value[63:0],0,0.0,0.0,0.0,0.0,,0
x_aq_cp0_top/x_aq_cp0_regs/mhint4_value[63:0],0,0.0,0.0,0.0,0.0,,0
x_aq_cp0_top/x_aq_cp0_regs/mhint_local_en,0,0.0,0.0,0.0,0.0,,0
x_aq_cp0_top/x_aq_cp0_regs/mhint_value[63:0],3,0.0010968921389396709,0.934106666666667,2.4301228468159897,0.6666666666666666,0.12159962373343745,6
x_aq_cp0_top/x_aq_cp0_regs/mhpmcr_local_en,0,0.0,0.0,0.0,0.0,,0
x_aq_cp0_top/x_aq_cp0_regs/mideleg_local_en,0,0.0,0.0,0.0,0.0,,0
x_aq_cp0_top/x_aq_cp0_regs/mideleg_value[63:0],0,0.0,0.0,0.0,0.0,,0
x_aq_cp0_top/x_aq_cp0_regs/mie_local_en,0,0.0,0.0,0.0,0.0,,0
x_aq_cp0_top/x_aq_cp0_regs/mie_value[63:0],0,0.0,0.0,0.0,0.0,,0
x_aq_cp0_top/x_aq_cp0_regs/mimpid_value[63:0],0,0.0,0.0,0.0,0.0,,0
x_aq_cp0_top/x_aq_cp0_regs/mip_local_en,0,0.0,0.0,0.0,0.0,,0
x_aq_cp0_top/x_aq_cp0_regs/mip_value[63:0],0,0.0,0.0,0.0,0.0,,0
x_aq_cp0_top/x_aq_cp0_regs/misa_value[63:0],0,0.0,0.0,0.0,0.0,,0
x_aq_cp0_top/x_aq_cp0_regs/mmu_value[63:0],0,0.0,0.0,0.0,0.0,,0
x_aq_cp0_top/x_aq_cp0_regs/mrmr_value[63:0],0,0.0,0.0,0.0,0.0,,0
x_aq_cp0_top/x_aq_cp0_regs/mrvbr_value[63:0],0,0.0,0.0,0.0,0.0,,0
x_aq_cp0_top/x_aq_cp0_regs/mscratch_local_en,0,0.0,0.0,0.0,0.0,,0
x_aq_cp0_top/x_aq_cp0_regs/mscratch_value[63:0],0,0.0,0.0,0.0,0.0,,0
x_aq_cp0_top/x_aq_cp0_regs/mstatus_local_en,0,0.0,0.0,0.0,0.0,,0
x_aq_cp0_top/x_aq_cp0_regs/mstatus_value[63:0],17,0.006215722120658135,1.1264894117647062,2.9306156929533924,0.8823529411764706,0.1946182205415494,16
x_aq_cp0_top/x_aq_cp0_regs/mtval_local_en,0,0.0,0.0,0.0,0.0,,0
x_aq_cp0_top/x_aq_cp0_regs/mtval_value[63:0],0,0.0,0.0,0.0,0.0,,0
x_aq_cp0_top/x_aq_cp0_regs/mtvec_local_en,0,0.0,0.0,0.0,0.0,,0
x_aq_cp0_top/x_aq_cp0_regs/mtvec_value[63:0],2,0.0007312614259597807,1.2394650000000003,3.2245270500821968,1.0,0.03814378431380811,5
x_aq_cp0_top/x_aq_cp0_regs/mvendorid_value[63:0],0,0.0,0.0,0.0,0.0,,0
x_aq_cp0_top/x_aq_cp0_regs/mxstatus_local_en,0,0.0,0.0,0.0,0.0,,0
x_aq_cp0_top/x_aq_cp0_regs/mxstatus_value[63:0],1,0.00036563071297989033,1.6444,4.277984679805532,1.0,0.1536203648324425,7
x_aq_cp0_top/x_aq_cp0_regs/pmp_value[63:0],0,0.0,0.0,0.0,0.0,,0
x_aq_cp0_top/x_aq_cp0_regs/regs_clintee,1,0.00036563071297989033,1.6444,4.277984679805532,1.0,0.15362036483244196,1
x_aq_cp0_top/x_aq_cp0_regs/regs_clk_en,2,0.0007312614259597807,0.9101200000000003,2.367720394541846,0.5,-0.022347796715474863,1
x_aq_cp0_top/x_aq_cp0_regs/regs_csr_imm[11:0],42,0.015356489945155392,0.9567154761904763,2.488940738309238,0.5714285714285714,0.0006556288328025087,6
x_aq_cp0_top/x_aq_cp0_regs/regs_csr_wen,0,0.0,0.0,0.0,0.0,,0
x_aq_cp0_top/x_aq_cp0_regs/regs_csr_wen_no_imm_ill,0,0.0,0.0,0.0,0.0,,0
x_aq_cp0_top/x_aq_cp0_regs/regs_csr_write_no_imm_ill,2,0.0007312614259597807,0.9101200000000003,2.367720394541846,0.5,-0.022347796715474863,1
x_aq_cp0_top/x_aq_cp0_regs/regs_flush_clk,0,0.0,0.0,0.0,0.0,,0
x_aq_cp0_top/x_aq_cp0_regs/regs_flush_clk_en,2,0.0007312614259597807,0.48516000000000015,1.2621667764865314,0.0,-0.022431129455314627,1
x_aq_cp0_top/x_aq_cp0_regs/regs_fs_off,5,0.0018281535648994515,1.3200340000000004,3.4341311291792853,1.0,-0.0044834702530458055,1
x_aq_cp0_top/x_aq_cp0_regs/regs_mcins_busy,0,0.0,0.0,0.0,0.0,,0
x_aq_cp0_top/x_aq_cp0_regs/regs_mcor_busy,2,0.0007312614259597807,0.48516000000000015,1.2621667764865314,0.0,-0.022431129455314627,1
x_aq_cp0_top/x_aq_cp0_regs/regs_mxl[1:0],0,0.0,0.0,0.0,0.0,,0
x_aq_cp0_top/x_aq_cp0_regs/regs_pm[1:0],1,0.00036563071297989033,1.6444,4.277984679805532,1.0,0.1536203648324412,2
x_aq_cp0_top/x_aq_cp0_regs/regs_scnt_inv,0,0.0,0.0,0.0,0.0,,0
x_aq_cp0_top/x_aq_cp0_regs/regs_smode,0,0.0,0.0,0.0,0.0,,0
x_aq_cp0_top/x_aq_cp0_regs/regs_tvm,4,0.0014625228519195613,1.7394325000000002,4.525216240912087,1.0,0.14158242695307527,1
x_aq_cp0_top/x_aq_cp0_regs/regs_ucnt_inv,0,0.0,0.0,0.0,0.0,,0
x_aq_cp0_top/x_aq_cp0_regs/regs_umode,0,0.0,0.0,0.0,0.0,,0
x_aq_cp0_top/x_aq_cp0_regs/satp_local_en,0,0.0,0.0,0.0,0.0,,0
x_aq_cp0_top/x_aq_cp0_regs/satp_value[63:0],0,0.0,0.0,0.0,0.0,,0
x_aq_cp0_top/x_aq_cp0_regs/scause_local_en,0,0.0,0.0,0.0,0.0,,0
x_aq_cp0_top/x_aq_cp0_regs/scause_value[63:0],0,0.0,0.0,0.0,0.0,,0
x_aq_cp0_top/x_aq_cp0_regs/scer2_value[63:0],0,0.0,0.0,0.0,0.0,,0
x_aq_cp0_top/x_aq_cp0_regs/scer_value[63:0],0,0.0,0.0,0.0,0.0,,0
x_aq_cp0_top/x_aq_cp0_regs/scnten_local_en,0,0.0,0.0,0.0,0.0,,0
x_aq_cp0_top/x_aq_cp0_regs/scnten_value[63:0],0,0.0,0.0,0.0,0.0,,0
x_aq_cp0_top/x_aq_cp0_regs/sepc_local_en,0,0.0,0.0,0.0,0.0,,0
x_aq_cp0_top/x_aq_cp0_regs/sepc_value[63:0],0,0.0,0.0,0.0,0.0,,0
x_aq_cp0_top/x_aq_cp0_regs/shcr_value[63:0],2,0.0007312614259597807,0.9537000000000002,2.481095833818132,1.0,0.07641612163750815,5
x_aq_cp0_top/x_aq_cp0_regs/shint2_value[63:0],0,0.0,0.0,0.0,0.0,,0
x_aq_cp0_top/x_aq_cp0_regs/shint_value[63:0],0,0.0,0.0,0.0,0.0,,0
x_aq_cp0_top/x_aq_cp0_regs/shpmcr_local_en,0,0.0,0.0,0.0,0.0,,0
x_aq_cp0_top/x_aq_cp0_regs/sie_local_en,0,0.0,0.0,0.0,0.0,,0
x_aq_cp0_top/x_aq_cp0_regs/sie_value[63:0],0,0.0,0.0,0.0,0.0,,0
x_aq_cp0_top/x_aq_cp0_regs/sip_local_en,0,0.0,0.0,0.0,0.0,,0
x_aq_cp0_top/x_aq_cp0_regs/sip_raw[63:0],0,0.0,0.0,0.0,0.0,,0
x_aq_cp0_top/x_aq_cp0_regs/sip_value[63:0],0,0.0,0.0,0.0,0.0,,0
x_aq_cp0_top/x_aq_cp0_regs/smcir_local_en,0,0.0,0.0,0.0,0.0,,0
x_aq_cp0_top/x_aq_cp0_regs/smcir_local_en_raw,0,0.0,0.0,0.0,0.0,,0
x_aq_cp0_top/x_aq_cp0_regs/sscratch_local_en,0,0.0,0.0,0.0,0.0,,0
x_aq_cp0_top/x_aq_cp0_regs/sscratch_value[63:0],0,0.0,0.0,0.0,0.0,,0
x_aq_cp0_top/x_aq_cp0_regs/sstatus_local_en,0,0.0,0.0,0.0,0.0,,0
x_aq_cp0_top/x_aq_cp0_regs/sstatus_value[63:0],15,0.005484460694698354,1.2546253333333335,3.263967377095542,0.9333333333333333,0.19461822054154934,12
x_aq_cp0_top/x_aq_cp0_regs/stval_local_en,0,0.0,0.0,0.0,0.0,,0
x_aq_cp0_top/x_aq_cp0_regs/stval_value[63:0],0,0.0,0.0,0.0,0.0,,0
x_aq_cp0_top/x_aq_cp0_regs/stvec_local_en,0,0.0,0.0,0.0,0.0,,0
x_aq_cp0_top/x_aq_cp0_regs/stvec_value[63:0],0,0.0,0.0,0.0,0.0,,0
x_aq_cp0_top/x_aq_cp0_regs/sxstatus_local_en,0,0.0,0.0,0.0,0.0,,0
x_aq_cp0_top/x_aq_cp0_regs/sxstatus_value[63:0],1,0.00036563071297989033,1.6444,4.277984679805532,1.0,0.1536203648324425,7
x_aq_cp0_top/x_aq_cp0_regs/vl_value[63:0],0,0.0,0.0,0.0,0.0,,0
x_aq_cp0_top/x_aq_cp0_regs/vlenb_value[63:0],0,0.0,0.0,0.0,0.0,,0
x_aq_cp0_top/x_aq_cp0_regs/vs_dirty_upd_gate,0,0.0,0.0,0.0,0.0,,0
x_aq_cp0_top/x_aq_cp0_regs/vstart_value[63:0],0,0.0,0.0,0.0,0.0,,0
x_aq_cp0_top/x_aq_cp0_regs/vtype_value[63:0],0,0.0,0.0,0.0,0.0,,0
x_aq_cp0_top/x_aq_cp0_regs/vxrm_value[63:0],0,0.0,0.0,0.0,0.0,,0
x_aq_cp0_top/x_aq_cp0_regs/vxsat_value[63:0],0,0.0,0.0,0.0,0.0,,0
x_aq_cp0_top/x_aq_cp0_regs/x_aq_cp0_info_csr/biu_cp0_coreid[2:0],0,0.0,0.0,0.0,0.0,,0
x_aq_cp0_top/x_aq_cp0_regs/x_aq_cp0_info_csr/cpurst_b,3,0.0010968921389396709,0.6837766666666667,1.7788774655853161,0.3333333333333333,0.02643048972449982,1
x_aq_cp0_top/x_aq_cp0_regs/x_aq_cp0_info_csr/iui_regs_csr_en,2,0.0007312614259597807,0.9101200000000003,2.367720394541846,0.5,-0.022347796715474863,1
x_aq_cp0_top/x_aq_cp0_regs/x_aq_cp0_info_csr/marchid_value[63:0],0,0.0,0.0,0.0,0.0,,0
x_aq_cp0_top/x_aq_cp0_regs/x_aq_cp0_info_csr/mcpuid_local_en,0,0.0,0.0,0.0,0.0,,0
x_aq_cp0_top/x_aq_cp0_regs/x_aq_cp0_info_csr/mhartid_value[63:0],0,0.0,0.0,0.0,0.0,,0
x_aq_cp0_top/x_aq_cp0_regs/x_aq_cp0_info_csr/mimpid_value[63:0],0,0.0,0.0,0.0,0.0,,0
x_aq_cp0_top/x_aq_cp0_regs/x_aq_cp0_info_csr/misa_value[63:0],0,0.0,0.0,0.0,0.0,,0
x_aq_cp0_top/x_aq_cp0_regs/x_aq_cp0_info_csr/mvendorid_value[63:0],0,0.0,0.0,0.0,0.0,,0
x_aq_cp0_top/x_aq_cp0_regs/x_aq_cp0_info_csr/regs_clk,0,0.0,0.0,0.0,0.0,,0
x_aq_cp0_top/x_aq_cp0_regs/x_aq_cp0_info_csr/regs_mxl[1:0],0,0.0,0.0,0.0,0.0,,0
x_aq_cp0_top/x_aq_cp0_regs/x_aq_cp0_info_csr/cpuid_index0_value[31:0],0,0.0,0.0,0.0,0.0,,0
x_aq_cp0_top/x_aq_cp0_regs/x_aq_cp0_info_csr/cpuid_index1_value[31:0],0,0.0,0.0,0.0,0.0,,0
x_aq_cp0_top/x_aq_cp0_regs/x_aq_cp0_info_csr/cpuid_index2_value[31:0],0,0.0,0.0,0.0,0.0,,0
x_aq_cp0_top/x_aq_cp0_regs/x_aq_cp0_info_csr/cpuid_index3_value[31:0],0,0.0,0.0,0.0,0.0,,0
x_aq_cp0_top/x_aq_cp0_regs/x_aq_cp0_info_csr/cpuid_index4_value[31:0],0,0.0,0.0,0.0,0.0,,0
x_aq_cp0_top/x_aq_cp0_regs/x_aq_cp0_info_csr/cpuid_index5_core_num_1,0,0.0,0.0,0.0,0.0,,0
x_aq_cp0_top/x_aq_cp0_regs/x_aq_cp0_info_csr/cpuid_index5_core_num_2,0,0.0,0.0,0.0,0.0,,0
x_aq_cp0_top/x_aq_cp0_regs/x_aq_cp0_info_csr/cpuid_index5_core_num_3,0,0.0,0.0,0.0,0.0,,0
x_aq_cp0_top/x_aq_cp0_regs/x_aq_cp0_info_csr/cpuid_index5_value[31:0],0,0.0,0.0,0.0,0.0,,0
x_aq_cp0_top/x_aq_cp0_regs/x_aq_cp0_info_csr/cpuid_index6_value[31:0],0,0.0,0.0,0.0,0.0,,0
x_aq_cp0_top/x_aq_cp0_regs/x_aq_cp0_info_csr/extensions[25:0],0,0.0,0.0,0.0,0.0,,0
x_aq_cp0_top/x_aq_cp0_regs/x_aq_cp0_info_csr/index_max,0,0.0,0.0,0.0,0.0,,0
x_aq_cp0_top/x_aq_cp0_regs/x_aq_cp0_info_csr/index_next_val[2:0],1,0.00036563071297989033,1.6444,4.277984679805532,1.0,0.15362036483244196,1
x_aq_cp0_top/x_aq_cp0_regs/x_aq_cp0_info_csr/misa_fd,0,0.0,0.0,0.0,0.0,,0
x_aq_cp0_top/x_aq_cp0_regs/x_aq_cp0_info_csr/misa_vector,0,0.0,0.0,0.0,0.0,,0
x_aq_cp0_top/x_aq_cp0_regs/x_aq_cp0_info_csr/mxl[1:0],0,0.0,0.0,0.0,0.0,,0
x_aq_cp0_top/x_aq_cp0_regs/x_aq_cp0_trap_csr/biu_cp0_me_int,0,0.0,0.0,0.0,0.0,,0
x_aq_cp0_top/x_aq_cp0_regs/x_aq_cp0_trap_csr/biu_cp0_ms_int,0,0.0,0.0,0.0,0.0,,0
x_aq_cp0_top/x_aq_cp0_regs/x_aq_cp0_trap_csr/biu_cp0_mt_int,0,0.0,0.0,0.0,0.0,,0
x_aq_cp0_top/x_aq_cp0_regs/x_aq_cp0_trap_csr/biu_cp0_se_int,0,0.0,0.0,0.0,0.0,,0
x_aq_cp0_top/x_aq_cp0_regs/x_aq_cp0_trap_csr/biu_cp0_ss_int,0,0.0,0.0,0.0,0.0,,0
x_aq_cp0_top/x_aq_cp0_regs/x_aq_cp0_trap_csr/biu_cp0_st_int,0,0.0,0.0,0.0,0.0,,0
x_aq_cp0_top/x_aq_cp0_regs/x_aq_cp0_trap_csr/cp0_dtu_mexpt_vld,0,0.0,0.0,0.0,0.0,,0
x_aq_cp0_top/x_aq_cp0_regs/x_aq_cp0_trap_csr/cp0_hpcp_int_off_vld,5,0.0018281535648994515,1.2584980000000001,3.274042303311787,0.8,-0.004453721909273666,1
x_aq_cp0_top/x_aq_cp0_regs/x_aq_cp0_trap_csr/cp0_idu_fs[1:0],9,0.0032906764168190127,1.4595533333333333,3.7970972995372754,0.8888888888888888,0.08072922096589515,2
x_aq_cp0_top/x_aq_cp0_regs/x_aq_cp0_trap_csr/cp0_idu_vs[1:0],0,0.0,0.0,0.0,0.0,,0
x_aq_cp0_top/x_aq_cp0_regs/x_aq_cp0_trap_csr/cp0_lsu_mpp[1:0],7,0.002559414990859232,1.5482157142857145,4.02775669347389,1.0,0.005474669206771672,2
x_aq_cp0_top/x_aq_cp0_regs/x_aq_cp0_trap_csr/cp0_lsu_mprv,4,0.0014625228519195613,1.7394325000000002,4.525216240912087,1.0,0.14158242695307527,1
x_aq_cp0_top/x_aq_cp0_regs/x_aq_cp0_trap_csr/cp0_mmu_mxr,4,0.0014625228519195613,1.7394325000000002,4.525216240912087,1.0,0.14158242695307527,1
x_aq_cp0_top/x_aq_cp0_regs/x_aq_cp0_trap_csr/cp0_mmu_sum,4,0.0014625228519195613,1.7394325000000002,4.525216240912087,1.0,0.14158242695307527,1
x_aq_cp0_top/x_aq_cp0_regs/x_aq_cp0_trap_csr/cp0_rtu_int_vld[14:0],0,0.0,0.0,0.0,0.0,,0
x_aq_cp0_top/x_aq_cp0_regs/x_aq_cp0_trap_csr/cp0_rtu_trap_pc[39:0],2,0.0007312614259597807,1.2394650000000003,3.2245270500821968,1.0,0.03814378431380811,5
x_aq_cp0_top/x_aq_cp0_regs/x_aq_cp0_trap_csr/cp0_yy_priv_mode[1:0],1,0.00036563071297989033,1.6444,4.277984679805532,1.0,0.1536203648324412,2
x_aq_cp0_top/x_aq_cp0_regs/x_aq_cp0_trap_csr/cpurst_b,3,0.0010968921389396709,0.6837766666666667,1.7788774655853161,0.3333333333333333,0.02643048972449982,1
x_aq_cp0_top/x_aq_cp0_regs/x_aq_cp0_trap_csr/dtu_cp0_dcsr_mprven,0,0.0,0.0,0.0,0.0,,0
x_aq_cp0_top/x_aq_cp0_regs/x_aq_cp0_trap_csr/dtu_cp0_dcsr_prv[1:0],0,0.0,0.0,0.0,0.0,,0
x_aq_cp0_top/x_aq_cp0_regs/x_aq_cp0_trap_csr/fcsr_local_en,0,0.0,0.0,0.0,0.0,,0
x_aq_cp0_top/x_aq_cp0_regs/x_aq_cp0_trap_csr/fflags_local_en,0,0.0,0.0,0.0,0.0,,0
x_aq_cp0_top/x_aq_cp0_regs/x_aq_cp0_trap_csr/float_clk,0,0.0,0.0,0.0,0.0,,0
x_aq_cp0_top/x_aq_cp0_regs/x_aq_cp0_trap_csr/frm_local_en,0,0.0,0.0,0.0,0.0,,0
x_aq_cp0_top/x_aq_cp0_regs/x_aq_cp0_trap_csr/fs_dirty_upd_gate,0,0.0,0.0,0.0,0.0,,0
x_aq_cp0_top/x_aq_cp0_regs/x_aq_cp0_trap_csr/fxcr_local_en,0,0.0,0.0,0.0,0.0,,0
x_aq_cp0_top/x_aq_cp0_regs/x_aq_cp0_trap_csr/hpcp_cp0_int_vld,0,0.0,0.0,0.0,0.0,,0
x_aq_cp0_top/x_aq_cp0_regs/x_aq_cp0_trap_csr/iui_regs_inst_mret,0,0.0,0.0,0.0,0.0,,0
x_aq_cp0_top/x_aq_cp0_regs/x_aq_cp0_trap_csr/iui_regs_inst_sret,0,0.0,0.0,0.0,0.0,,0
x_aq_cp0_top/x_aq_cp0_regs/x_aq_cp0_trap_csr/iui_regs_wdata[63:0],42,0.015356489945155392,0.9567154761904763,2.488940738309238,0.5714285714285714,0.2611315375104546,7
x_aq_cp0_top/x_aq_cp0_regs/x_aq_cp0_trap_csr/mcause_local_en,0,0.0,0.0,0.0,0.0,,0
x_aq_cp0_top/x_aq_cp0_regs/x_aq_cp0_trap_csr/mcause_value[63:0],0,0.0,0.0,0.0,0.0,,0
x_aq_cp0_top/x_aq_cp0_regs/x_aq_cp0_trap_csr/medeleg_local_en,0,0.0,0.0,0.0,0.0,,0
x_aq_cp0_top/x_aq_cp0_regs/x_aq_cp0_trap_csr/medeleg_value[63:0],0,0.0,0.0,0.0,0.0,,0
x_aq_cp0_top/x_aq_cp0_regs/x_aq_cp0_trap_csr/mepc_local_en,0,0.0,0.0,0.0,0.0,,0
x_aq_cp0_top/x_aq_cp0_regs/x_aq_cp0_trap_csr/mepc_value[63:0],0,0.0,0.0,0.0,0.0,,0
x_aq_cp0_top/x_aq_cp0_regs/x_aq_cp0_trap_csr/mideleg_local_en,0,0.0,0.0,0.0,0.0,,0
x_aq_cp0_top/x_aq_cp0_regs/x_aq_cp0_trap_csr/mideleg_value[63:0],0,0.0,0.0,0.0,0.0,,0
x_aq_cp0_top/x_aq_cp0_regs/x_aq_cp0_trap_csr/mie_local_en,0,0.0,0.0,0.0,0.0,,0
x_aq_cp0_top/x_aq_cp0_regs/x_aq_cp0_trap_csr/mie_value[63:0],0,0.0,0.0,0.0,0.0,,0
x_aq_cp0_top/x_aq_cp0_regs/x_aq_cp0_trap_csr/mip_local_en,0,0.0,0.0,0.0,0.0,,0
x_aq_cp0_top/x_aq_cp0_regs/x_aq_cp0_trap_csr/mip_value[63:0],0,0.0,0.0,0.0,0.0,,0
x_aq_cp0_top/x_aq_cp0_regs/x_aq_cp0_trap_csr/mscratch_local_en,0,0.0,0.0,0.0,0.0,,0
x_aq_cp0_top/x_aq_cp0_regs/x_aq_cp0_trap_csr/mscratch_value[63:0],0,0.0,0.0,0.0,0.0,,0
x_aq_cp0_top/x_aq_cp0_regs/x_aq_cp0_trap_csr/mstatus_local_en,0,0.0,0.0,0.0,0.0,,0
x_aq_cp0_top/x_aq_cp0_regs/x_aq_cp0_trap_csr/mstatus_value[63:0],17,0.006215722120658135,1.1264894117647062,2.9306156929533924,0.8823529411764706,0.1946182205415494,16
x_aq_cp0_top/x_aq_cp0_regs/x_aq_cp0_trap_csr/mtval_local_en,0,0.0,0.0,0.0,0.0,,0
x_aq_cp0_top/x_aq_cp0_regs/x_aq_cp0_trap_csr/mtval_value[63:0],0,0.0,0.0,0.0,0.0,,0
x_aq_cp0_top/x_aq_cp0_regs/x_aq_cp0_trap_csr/mtvec_local_en,0,0.0,0.0,0.0,0.0,,0
x_aq_cp0_top/x_aq_cp0_regs/x_aq_cp0_trap_csr/mtvec_value[63:0],2,0.0007312614259597807,1.2394650000000003,3.2245270500821968,1.0,0.03814378431380811,5
x_aq_cp0_top/x_aq_cp0_regs/x_aq_cp0_trap_csr/regs_clintee,1,0.00036563071297989033,1.6444,4.277984679805532,1.0,0.15362036483244196,1
x_aq_cp0_top/x_aq_cp0_regs/x_aq_cp0_trap_csr/regs_clk,0,0.0,0.0,0.0,0.0,,0
x_aq_cp0_top/x_aq_cp0_regs/x_aq_cp0_trap_csr/regs_flush_clk,0,0.0,0.0,0.0,0.0,,0
x_aq_cp0_top/x_aq_cp0_regs/x_aq_cp0_trap_csr/regs_fs_off,5,0.0018281535648994515,1.3200340000000004,3.4341311291792853,1.0,-0.0044834702530458055,1
x_aq_cp0_top/x_aq_cp0_regs/x_aq_cp0_trap_csr/regs_iui_mepc[39:0],0,0.0,0.0,0.0,0.0,,0
x_aq_cp0_top/x_aq_cp0_regs/x_aq_cp0_trap_csr/regs_iui_pm[1:0],1,0.00036563071297989033,1.6444,4.277984679805532,1.0,0.1536203648324412,2
x_aq_cp0_top/x_aq_cp0_regs/x_aq_cp0_trap_csr/regs_iui_sepc[39:0],0,0.0,0.0,0.0,0.0,,0
x_aq_cp0_top/x_aq_cp0_regs/x_aq_cp0_trap_csr/regs_iui_tsr,4,0.0014625228519195613,1.7394325000000002,4.525216240912087,1.0,0.14158242695307527,1
x_aq_cp0_top/x_aq_cp0_regs/x_aq_cp0_trap_csr/regs_iui_tvm,4,0.0014625228519195613,1.7394325000000002,4.525216240912087,1.0,0.14158242695307527,1
x_aq_cp0_top/x_aq_cp0_regs/x_aq_cp0_trap_csr/regs_iui_tw,4,0.0014625228519195613,1.7394325000000002,4.525216240912087,1.0,0.14158242695307527,1
x_aq_cp0_top/x_aq_cp0_regs/x_aq_cp0_trap_csr/regs_lpmd_int_vld,0,0.0,0.0,0.0,0.0,,0
x_aq_cp0_top/x_aq_cp0_regs/x_aq_cp0_trap_csr/regs_mxl[1:0],0,0.0,0.0,0.0,0.0,,0
x_aq_cp0_top/x_aq_cp0_regs/x_aq_cp0_trap_csr/regs_pm[1:0],1,0.00036563071297989033,1.6444,4.277984679805532,1.0,0.1536203648324412,2
x_aq_cp0_top/x_aq_cp0_regs/x_aq_cp0_trap_csr/regs_tvm,4,0.0014625228519195613,1.7394325000000002,4.525216240912087,1.0,0.14158242695307527,1
x_aq_cp0_top/x_aq_cp0_regs/x_aq_cp0_trap_csr/rtu_cp0_epc[63:0],131,0.04789762340036563,0.5868943511450382,1.5268335215658486,0.2824427480916031,0.07851416008454831,7
x_aq_cp0_top/x_aq_cp0_regs/x_aq_cp0_trap_csr/rtu_cp0_exit_debug,0,0.0,0.0,0.0,0.0,,0
x_aq_cp0_top/x_aq_cp0_regs/x_aq_cp0_trap_csr/rtu_cp0_fs_dirty_updt,0,0.0,0.0,0.0,0.0,,0
x_aq_cp0_top/x_aq_cp0_regs/x_aq_cp0_trap_csr/rtu_cp0_fs_dirty_updt_dp,0,0.0,0.0,0.0,0.0,,0
x_aq_cp0_top/x_aq_cp0_regs/x_aq_cp0_trap_csr/rtu_cp0_tval[63:0],0,0.0,0.0,0.0,0.0,,0
x_aq_cp0_top/x_aq_cp0_regs/x_aq_cp0_trap_csr/rtu_cp0_vs_dirty_updt,0,0.0,0.0,0.0,0.0,,0
x_aq_cp0_top/x_aq_cp0_regs/x_aq_cp0_trap_csr/rtu_cp0_vs_dirty_updt_dp,0,0.0,0.0,0.0,0.0,,0
x_aq_cp0_top/x_aq_cp0_regs/x_aq_cp0_trap_csr/rtu_yy_xx_dbgon,0,0.0,0.0,0.0,0.0,,0
x_aq_cp0_top/x_aq_cp0_regs/x_aq_cp0_trap_csr/rtu_yy_xx_expt_int,0,0.0,0.0,0.0,0.0,,0
x_aq_cp0_top/x_aq_cp0_regs/x_aq_cp0_trap_csr/rtu_yy_xx_expt_vec[4:0],0,0.0,0.0,0.0,0.0,,0
x_aq_cp0_top/x_aq_cp0_regs/x_aq_cp0_trap_csr/rtu_yy_xx_expt_vld,0,0.0,0.0,0.0,0.0,,0
x_aq_cp0_top/x_aq_cp0_regs/x_aq_cp0_trap_csr/scause_local_en,0,0.0,0.0,0.0,0.0,,0
x_aq_cp0_top/x_aq_cp0_regs/x_aq_cp0_trap_csr/scause_value[63:0],0,0.0,0.0,0.0,0.0,,0
x_aq_cp0_top/x_aq_cp0_regs/x_aq_cp0_trap_csr/sepc_local_en,0,0.0,0.0,0.0,0.0,,0
x_aq_cp0_top/x_aq_cp0_regs/x_aq_cp0_trap_csr/sepc_value[63:0],0,0.0,0.0,0.0,0.0,,0
x_aq_cp0_top/x_aq_cp0_regs/x_aq_cp0_trap_csr/sie_local_en,0,0.0,0.0,0.0,0.0,,0
x_aq_cp0_top/x_aq_cp0_regs/x_aq_cp0_trap_csr/sie_value[63:0],0,0.0,0.0,0.0,0.0,,0
x_aq_cp0_top/x_aq_cp0_regs/x_aq_cp0_trap_csr/sip_local_en,0,0.0,0.0,0.0,0.0,,0
x_aq_cp0_top/x_aq_cp0_regs/x_aq_cp0_trap_csr/sip_raw[63:0],0,0.0,0.0,0.0,0.0,,0
x_aq_cp0_top/x_aq_cp0_regs/x_aq_cp0_trap_csr/sip_value[63:0],0,0.0,0.0,0.0,0.0,,0
x_aq_cp0_top/x_aq_cp0_regs/x_aq_cp0_trap_csr/sscratch_local_en,0,0.0,0.0,0.0,0.0,,0
x_aq_cp0_top/x_aq_cp0_regs/x_aq_cp0_trap_csr/sscratch_value[63:0],0,0.0,0.0,0.0,0.0,,0
x_aq_cp0_top/x_aq_cp0_regs/x_aq_cp0_trap_csr/sstatus_local_en,0,0.0,0.0,0.0,0.0,,0
x_aq_cp0_top/x_aq_cp0_regs/x_aq_cp0_trap_csr/sstatus_value[63:0],15,0.005484460694698354,1.2546253333333335,3.263967377095542,0.9333333333333333,0.19461822054154934,12
x_aq_cp0_top/x_aq_cp0_regs/x_aq_cp0_trap_csr/stval_local_en,0,0.0,0.0,0.0,0.0,,0
x_aq_cp0_top/x_aq_cp0_regs/x_aq_cp0_trap_csr/stval_value[63:0],0,0.0,0.0,0.0,0.0,,0
x_aq_cp0_top/x_aq_cp0_regs/x_aq_cp0_trap_csr/stvec_local_en,0,0.0,0.0,0.0,0.0,,0
x_aq_cp0_top/x_aq_cp0_regs/x_aq_cp0_trap_csr/stvec_value[63:0],0,0.0,0.0,0.0,0.0,,0
x_aq_cp0_top/x_aq_cp0_regs/x_aq_cp0_trap_csr/vs_dirty_upd_gate,0,0.0,0.0,0.0,0.0,,0
x_aq_cp0_top/x_aq_cp0_regs/x_aq_cp0_trap_csr/edeleg_upd_val[15:0],28,0.010237659963436929,1.0766814285714286,2.8010378596811636,0.6428571428571429,0.37555332803326974,6
x_aq_cp0_top/x_aq_cp0_regs/x_aq_cp0_trap_csr/fs[1:0],9,0.0032906764168190127,1.4595533333333333,3.7970972995372754,0.8888888888888888,0.08072922096589515,2
x_aq_cp0_top/x_aq_cp0_regs/x_aq_cp0_trap_csr/fs_dirty_upd,0,0.0,0.0,0.0,0.0,,0
x_aq_cp0_top/x_aq_cp0_regs/x_aq_cp0_trap_csr/fs_off,5,0.0018281535648994515,1.3200340000000004,3.4341311291792853,1.0,-0.0044834702530458055,1
x_aq_cp0_top/x_aq_cp0_regs/x_aq_cp0_trap_csr/int_off_vld,5,0.0018281535648994515,1.2584980000000001,3.274042303311787,0.8,-0.004453721909273666,1
x_aq_cp0_top/x_aq_cp0_regs/x_aq_cp0_trap_csr/int_sel[14:0],0,0.0,0.0,0.0,0.0,,0
x_aq_cp0_top/x_aq_cp0_regs/x_aq_cp0_trap_csr/lpmd_ack_vld,0,0.0,0.0,0.0,0.0,,0
x_aq_cp0_top/x_aq_cp0_regs/x_aq_cp0_trap_csr/mcie,0,0.0,0.0,0.0,0.0,,0
x_aq_cp0_top/x_aq_cp0_regs/x_aq_cp0_trap_csr/mcie_deleg,0,0.0,0.0,0.0,0.0,,0
x_aq_cp0_top/x_aq_cp0_regs/x_aq_cp0_trap_csr/mcip,0,0.0,0.0,0.0,0.0,,0
x_aq_cp0_top/x_aq_cp0_regs/x_aq_cp0_trap_csr/mcip_acc_en,0,0.0,0.0,0.0,0.0,,0
x_aq_cp0_top/x_aq_cp0_regs/x_aq_cp0_trap_csr/mcip_deleg_vld,0,0.0,0.0,0.0,0.0,,0
x_aq_cp0_top/x_aq_cp0_regs/x_aq_cp0_trap_csr/mcip_en,0,0.0,0.0,0.0,0.0,,0
x_aq_cp0_top/x_aq_cp0_regs/x_aq_cp0_trap_csr/mcip_nodeleg_vld,0,0.0,0.0,0.0,0.0,,0
x_aq_cp0_top/x_aq_cp0_regs/x_aq_cp0_trap_csr/mdeleg_vld_dp,0,0.0,0.0,0.0,0.0,,0
x_aq_cp0_top/x_aq_cp0_regs/x_aq_cp0_trap_csr/medeleg_vld_dp,0,0.0,0.0,0.0,0.0,,0
x_aq_cp0_top/x_aq_cp0_regs/x_aq_cp0_trap_csr/meip,0,0.0,0.0,0.0,0.0,,0
x_aq_cp0_top/x_aq_cp0_regs/x_aq_cp0_trap_csr/meip_en,0,0.0,0.0,0.0,0.0,,0
x_aq_cp0_top/x_aq_cp0_regs/x_aq_cp0_trap_csr/meip_vld,0,0.0,0.0,0.0,0.0,,0
x_aq_cp0_top/x_aq_cp0_regs/x_aq_cp0_trap_csr/mhie,0,0.0,0.0,0.0,0.0,,0
x_aq_cp0_top/x_aq_cp0_regs/x_aq_cp0_trap_csr/mhie_deleg,0,0.0,0.0,0.0,0.0,,0
x_aq_cp0_top/x_aq_cp0_regs/x_aq_cp0_trap_csr/mhip,0,0.0,0.0,0.0,0.0,,0
x_aq_cp0_top/x_aq_cp0_regs/x_aq_cp0_trap_csr/mhip_acc_en,0,0.0,0.0,0.0,0.0,,0
x_aq_cp0_top/x_aq_cp0_regs/x_aq_cp0_trap_csr/mhip_deleg_vld,0,0.0,0.0,0.0,0.0,,0
x_aq_cp0_top/x_aq_cp0_regs/x_aq_cp0_trap_csr/mhip_en,0,0.0,0.0,0.0,0.0,,0
x_aq_cp0_top/x_aq_cp0_regs/x_aq_cp0_trap_csr/mhip_nodeleg_vld,0,0.0,0.0,0.0,0.0,,0
x_aq_cp0_top/x_aq_cp0_regs/x_aq_cp0_trap_csr/mideleg[63:0],0,0.0,0.0,0.0,0.0,,0
x_aq_cp0_top/x_aq_cp0_regs/x_aq_cp0_trap_csr/mideleg_vld_dp,0,0.0,0.0,0.0,0.0,,0
x_aq_cp0_top/x_aq_cp0_regs/x_aq_cp0_trap_csr/moip,0,0.0,0.0,0.0,0.0,,0
x_aq_cp0_top/x_aq_cp0_regs/x_aq_cp0_trap_csr/moip_acc_en,0,0.0,0.0,0.0,0.0,,0
x_aq_cp0_top/x_aq_cp0_regs/x_aq_cp0_trap_csr/moip_deleg_vld,0,0.0,0.0,0.0,0.0,,0
x_aq_cp0_top/x_aq_cp0_regs/x_aq_cp0_trap_csr/moip_en,0,0.0,0.0,0.0,0.0,,0
x_aq_cp0_top/x_aq_cp0_regs/x_aq_cp0_trap_csr/moip_nodeleg_vld,0,0.0,0.0,0.0,0.0,,0
x_aq_cp0_top/x_aq_cp0_regs/x_aq_cp0_trap_csr/mpv,0,0.0,0.0,0.0,0.0,,0
x_aq_cp0_top/x_aq_cp0_regs/x_aq_cp0_trap_csr/msip,0,0.0,0.0,0.0,0.0,,0
x_aq_cp0_top/x_aq_cp0_regs/x_aq_cp0_trap_csr/msip_en,0,0.0,0.0,0.0,0.0,,0
x_aq_cp0_top/x_aq_cp0_regs/x_aq_cp0_trap_csr/msip_vld,0,0.0,0.0,0.0,0.0,,0
x_aq_cp0_top/x_aq_cp0_regs/x_aq_cp0_trap_csr/mtip,0,0.0,0.0,0.0,0.0,,0
x_aq_cp0_top/x_aq_cp0_regs/x_aq_cp0_trap_csr/mtip_en,0,0.0,0.0,0.0,0.0,,0
x_aq_cp0_top/x_aq_cp0_regs/x_aq_cp0_trap_csr/mtip_vld,0,0.0,0.0,0.0,0.0,,0
x_aq_cp0_top/x_aq_cp0_regs/x_aq_cp0_trap_csr/pm[1:0],1,0.00036563071297989033,1.6444,4.277984679805532,1.0,0.1536203648324412,2
x_aq_cp0_top/x_aq_cp0_regs/x_aq_cp0_trap_csr/pm_wen,0,0.0,0.0,0.0,0.0,,0
x_aq_cp0_top/x_aq_cp0_regs/x_aq_cp0_trap_csr/regs_intr,0,0.0,0.0,0.0,0.0,,0
x_aq_cp0_top/x_aq_cp0_regs/x_aq_cp0_trap_csr/regs_mpp_write_ill,0,0.0,0.0,0.0,0.0,,0
x_aq_cp0_top/x_aq_cp0_regs/x_aq_cp0_trap_csr/regs_trap_pc[39:0],2,0.0007312614259597807,1.2394650000000003,3.2245270500821968,1.0,0.03814378431380811,5
x_aq_cp0_top/x_aq_cp0_regs/x_aq_cp0_trap_csr/regs_tvec[39:0],2,0.0007312614259597807,1.2394650000000003,3.2245270500821968,1.0,0.03814378431380811,5
x_aq_cp0_top/x_aq_cp0_regs/x_aq_cp0_trap_csr/regs_vector[4:0],0,0.0,0.0,0.0,0.0,,0
x_aq_cp0_top/x_aq_cp0_regs/x_aq_cp0_trap_csr/sd,4,0.0014625228519195613,1.7394325000000002,4.525216240912087,1.0,0.14158242695307527,1
x_aq_cp0_top/x_aq_cp0_regs/x_aq_cp0_trap_csr/seip,0,0.0,0.0,0.0,0.0,,0
x_aq_cp0_top/x_aq_cp0_regs/x_aq_cp0_trap_csr/seip_acc_en,0,0.0,0.0,0.0,0.0,,0
x_aq_cp0_top/x_aq_cp0_regs/x_aq_cp0_trap_csr/seip_deleg_vld,0,0.0,0.0,0.0,0.0,,0
x_aq_cp0_top/x_aq_cp0_regs/x_aq_cp0_trap_csr/seip_en,0,0.0,0.0,0.0,0.0,,0
x_aq_cp0_top/x_aq_cp0_regs/x_aq_cp0_trap_csr/seip_nodeleg_vld,0,0.0,0.0,0.0,0.0,,0
x_aq_cp0_top/x_aq_cp0_regs/x_aq_cp0_trap_csr/ssip,0,0.0,0.0,0.0,0.0,,0
x_aq_cp0_top/x_aq_cp0_regs/x_aq_cp0_trap_csr/ssip_acc_en,0,0.0,0.0,0.0,0.0,,0
x_aq_cp0_top/x_aq_cp0_regs/x_aq_cp0_trap_csr/ssip_deleg_vld,0,0.0,0.0,0.0,0.0,,0
x_aq_cp0_top/x_aq_cp0_regs/x_aq_cp0_trap_csr/ssip_en,0,0.0,0.0,0.0,0.0,,0
x_aq_cp0_top/x_aq_cp0_regs/x_aq_cp0_trap_csr/ssip_nodeleg_vld,0,0.0,0.0,0.0,0.0,,0
x_aq_cp0_top/x_aq_cp0_regs/x_aq_cp0_trap_csr/sstatus_spp,4,0.0014625228519195613,1.5863150000000001,4.126873794299265,1.0,-0.022222192385107566,1
x_aq_cp0_top/x_aq_cp0_regs/x_aq_cp0_trap_csr/stip,0,0.0,0.0,0.0,0.0,,0
x_aq_cp0_top/x_aq_cp0_regs/x_aq_cp0_trap_csr/stip_acc_en,0,0.0,0.0,0.0,0.0,,0
x_aq_cp0_top/x_aq_cp0_regs/x_aq_cp0_trap_csr/stip_deleg_vld,0,0.0,0.0,0.0,0.0,,0
x_aq_cp0_top/x_aq_cp0_regs/x_aq_cp0_trap_csr/stip_en,0,0.0,0.0,0.0,0.0,,0
x_aq_cp0_top/x_aq_cp0_regs/x_aq_cp0_trap_csr/stip_nodeleg_vld,0,0.0,0.0,0.0,0.0,,0
x_aq_cp0_top/x_aq_cp0_regs/x_aq_cp0_trap_csr/sxl[1:0],0,0.0,0.0,0.0,0.0,,0
x_aq_cp0_top/x_aq_cp0_regs/x_aq_cp0_trap_csr/uxl[1:0],0,0.0,0.0,0.0,0.0,,0
x_aq_cp0_top/x_aq_cp0_regs/x_aq_cp0_trap_csr/vec_int_pc[39:0],2,0.0007312614259597807,1.2394650000000003,3.2245270500821968,1.0,0.03814378431380811,5
x_aq_cp0_top/x_aq_cp0_regs/x_aq_cp0_trap_csr/vs[1:0],0,0.0,0.0,0.0,0.0,,0
x_aq_cp0_top/x_aq_cp0_regs/x_aq_cp0_trap_csr/vxrm_local_en,0,0.0,0.0,0.0,0.0,,0
x_aq_cp0_top/x_aq_cp0_regs/x_aq_cp0_trap_csr/vxsat_local_en,0,0.0,0.0,0.0,0.0,,0
x_aq_cp0_top/x_aq_cp0_regs/x_aq_cp0_trap_csr/xs[1:0],0,0.0,0.0,0.0,0.0,,0
x_aq_cp0_top/x_aq_cp0_regs/x_aq_cp0_prtc_csr/cp0_dtu_satp[63:0],0,0.0,0.0,0.0,0.0,,0
x_aq_cp0_top/x_aq_cp0_regs/x_aq_cp0_prtc_csr/cp0_mmu_satp_data[63:0],0,0.0,0.0,0.0,0.0,,0
x_aq_cp0_top/x_aq_cp0_regs/x_aq_cp0_prtc_csr/cp0_mmu_satp_wen,0,0.0,0.0,0.0,0.0,,0
x_aq_cp0_top/x_aq_cp0_regs/x_aq_cp0_prtc_csr/cpurst_b,3,0.0010968921389396709,0.6837766666666667,1.7788774655853161,0.3333333333333333,0.02643048972449982,1
x_aq_cp0_top/x_aq_cp0_regs/x_aq_cp0_prtc_csr/iui_regs_wdata[63:0],42,0.015356489945155392,0.9567154761904763,2.488940738309238,0.5714285714285714,0.2611315375104546,7
x_aq_cp0_top/x_aq_cp0_regs/x_aq_cp0_prtc_csr/mmu_cp0_cmplt,0,0.0,0.0,0.0,0.0,,0
x_aq_cp0_top/x_aq_cp0_regs/x_aq_cp0_prtc_csr/mmu_cp0_data[63:0],0,0.0,0.0,0.0,0.0,,0
x_aq_cp0_top/x_aq_cp0_regs/x_aq_cp0_prtc_csr/mmu_value[63:0],0,0.0,0.0,0.0,0.0,,0
x_aq_cp0_top/x_aq_cp0_regs/x_aq_cp0_prtc_csr/pmp_cp0_data[63:0],0,0.0,0.0,0.0,0.0,,0
x_aq_cp0_top/x_aq_cp0_regs/x_aq_cp0_prtc_csr/pmp_value[63:0],0,0.0,0.0,0.0,0.0,,0
x_aq_cp0_top/x_aq_cp0_regs/x_aq_cp0_prtc_csr/regs_clk,0,0.0,0.0,0.0,0.0,,0
x_aq_cp0_top/x_aq_cp0_regs/x_aq_cp0_prtc_csr/regs_iui_smcir_stall,0,0.0,0.0,0.0,0.0,,0
x_aq_cp0_top/x_aq_cp0_regs/x_aq_cp0_prtc_csr/satp_local_en,0,0.0,0.0,0.0,0.0,,0
x_aq_cp0_top/x_aq_cp0_regs/x_aq_cp0_prtc_csr/satp_value[63:0],0,0.0,0.0,0.0,0.0,,0
x_aq_cp0_top/x_aq_cp0_regs/x_aq_cp0_prtc_csr/smcir_local_en,0,0.0,0.0,0.0,0.0,,0
x_aq_cp0_top/x_aq_cp0_regs/x_aq_cp0_prtc_csr/smcir_local_en_raw,0,0.0,0.0,0.0,0.0,,0
x_aq_cp0_top/x_aq_cp0_regs/x_aq_cp0_hpcp_csr/cp0_hpcp_mcntwen[31:0],0,0.0,0.0,0.0,0.0,,0
x_aq_cp0_top/x_aq_cp0_regs/x_aq_cp0_hpcp_csr/cpurst_b,3,0.0010968921389396709,0.6837766666666667,1.7788774655853161,0.3333333333333333,0.02643048972449982,1
x_aq_cp0_top/x_aq_cp0_regs/x_aq_cp0_hpcp_csr/hpcp_cp0_data[63:0],0,0.0,0.0,0.0,0.0,,0
x_aq_cp0_top/x_aq_cp0_regs/x_aq_cp0_hpcp_csr/hpcp_value[63:0],0,0.0,0.0,0.0,0.0,,0
x_aq_cp0_top/x_aq_cp0_regs/x_aq_cp0_hpcp_csr/iui_regs_csr_write,2,0.0007312614259597807,0.9101200000000003,2.367720394541846,0.5,-0.022347796715474863,1
x_aq_cp0_top/x_aq_cp0_regs/x_aq_cp0_hpcp_csr/iui_regs_imm[11:0],42,0.015356489945155392,0.9567154761904763,2.488940738309238,0.5714285714285714,0.0006556288328025087,6
x_aq_cp0_top/x_aq_cp0_regs/x_aq_cp0_hpcp_csr/iui_regs_wdata[63:0],42,0.015356489945155392,0.9567154761904763,2.488940738309238,0.5714285714285714,0.2611315375104546,7
x_aq_cp0_top/x_aq_cp0_regs/x_aq_cp0_hpcp_csr/mcnten_local_en,0,0.0,0.0,0.0,0.0,,0
x_aq_cp0_top/x_aq_cp0_regs/x_aq_cp0_hpcp_csr/mcnten_value[63:0],0,0.0,0.0,0.0,0.0,,0
x_aq_cp0_top/x_aq_cp0_regs/x_aq_cp0_hpcp_csr/mcntwen_local_en,0,0.0,0.0,0.0,0.0,,0
x_aq_cp0_top/x_aq_cp0_regs/x_aq_cp0_hpcp_csr/mcntwen_value[63:0],0,0.0,0.0,0.0,0.0,,0
x_aq_cp0_top/x_aq_cp0_regs/x_aq_cp0_hpcp_csr/regs_clk,0,0.0,0.0,0.0,0.0,,0
x_aq_cp0_top/x_aq_cp0_regs/x_aq_cp0_hpcp_csr/regs_scnt_inv,0,0.0,0.0,0.0,0.0,,0
x_aq_cp0_top/x_aq_cp0_regs/x_aq_cp0_hpcp_csr/regs_smode,0,0.0,0.0,0.0,0.0,,0
x_aq_cp0_top/x_aq_cp0_regs/x_aq_cp0_hpcp_csr/regs_ucnt_inv,0,0.0,0.0,0.0,0.0,,0
x_aq_cp0_top/x_aq_cp0_regs/x_aq_cp0_hpcp_csr/regs_umode,0,0.0,0.0,0.0,0.0,,0
x_aq_cp0_top/x_aq_cp0_regs/x_aq_cp0_hpcp_csr/scnten_local_en,0,0.0,0.0,0.0,0.0,,0
x_aq_cp0_top/x_aq_cp0_regs/x_aq_cp0_hpcp_csr/scnten_value[63:0],0,0.0,0.0,0.0,0.0,,0
x_aq_cp0_top/x_aq_cp0_regs/x_aq_cp0_hpcp_csr/mcnten_hit,0,0.0,0.0,0.0,0.0,,0
x_aq_cp0_top/x_aq_cp0_regs/x_aq_cp0_hpcp_csr/mcntwen_hit,0,0.0,0.0,0.0,0.0,,0
x_aq_cp0_top/x_aq_cp0_regs/x_aq_cp0_hpcp_csr/scnten_hit,0,0.0,0.0,0.0,0.0,,0
x_aq_cp0_top/x_aq_cp0_regs/x_aq_cp0_float_csr/cp0_idu_frm[2:0],0,0.0,0.0,0.0,0.0,,0
x_aq_cp0_top/x_aq_cp0_regs/x_aq_cp0_float_csr/cp0_idu_vill,0,0.0,0.0,0.0,0.0,,0
x_aq_cp0_top/x_aq_cp0_regs/x_aq_cp0_float_csr/cp0_idu_vl_zero,0,0.0,0.0,0.0,0.0,,0
x_aq_cp0_top/x_aq_cp0_regs/x_aq_cp0_float_csr/cp0_idu_vlmul[1:0],0,0.0,0.0,0.0,0.0,,0
x_aq_cp0_top/x_aq_cp0_regs/x_aq_cp0_float_csr/cp0_idu_vsew[1:0],0,0.0,0.0,0.0,0.0,,0
x_aq_cp0_top/x_aq_cp0_regs/x_aq_cp0_float_csr/cp0_idu_vstart[6:0],0,0.0,0.0,0.0,0.0,,0
x_aq_cp0_top/x_aq_cp0_regs/x_aq_cp0_float_csr/cp0_rtu_vstart_eq_0,0,0.0,0.0,0.0,0.0,,0
x_aq_cp0_top/x_aq_cp0_regs/x_aq_cp0_float_csr/cp0_vpu_xx_bf16,0,0.0,0.0,0.0,0.0,,0
x_aq_cp0_top/x_aq_cp0_regs/x_aq_cp0_float_csr/cp0_vpu_xx_dqnan,0,0.0,0.0,0.0,0.0,,0
x_aq_cp0_top/x_aq_cp0_regs/x_aq_cp0_float_csr/cp0_vpu_xx_rm[2:0],0,0.0,0.0,0.0,0.0,,0
x_aq_cp0_top/x_aq_cp0_regs/x_aq_cp0_float_csr/cp0_yy_clk_en,1,0.00036563071297989033,1.6444,4.277984679805532,1.0,0.15362036483244196,1
x_aq_cp0_top/x_aq_cp0_regs/x_aq_cp0_float_csr/cpurst_b,3,0.0010968921389396709,0.6837766666666667,1.7788774655853161,0.3333333333333333,0.02643048972449982,1
x_aq_cp0_top/x_aq_cp0_regs/x_aq_cp0_float_csr/fcsr_local_en,0,0.0,0.0,0.0,0.0,,0
x_aq_cp0_top/x_aq_cp0_regs/x_aq_cp0_float_csr/fcsr_value[63:0],0,0.0,0.0,0.0,0.0,,0
x_aq_cp0_top/x_aq_cp0_regs/x_aq_cp0_float_csr/fflags_local_en,0,0.0,0.0,0.0,0.0,,0
x_aq_cp0_top/x_aq_cp0_regs/x_aq_cp0_float_csr/fflags_value[63:0],0,0.0,0.0,0.0,0.0,,0
x_aq_cp0_top/x_aq_cp0_regs/x_aq_cp0_float_csr/float_clk,0,0.0,0.0,0.0,0.0,,0
x_aq_cp0_top/x_aq_cp0_regs/x_aq_cp0_float_csr/forever_cpuclk,0,0.0,0.0,0.0,0.0,,0
x_aq_cp0_top/x_aq_cp0_regs/x_aq_cp0_float_csr/frm_local_en,0,0.0,0.0,0.0,0.0,,0
x_aq_cp0_top/x_aq_cp0_regs/x_aq_cp0_float_csr/frm_value[63:0],0,0.0,0.0,0.0,0.0,,0
x_aq_cp0_top/x_aq_cp0_regs/x_aq_cp0_float_csr/fs_dirty_upd_gate,0,0.0,0.0,0.0,0.0,,0
x_aq_cp0_top/x_aq_cp0_regs/x_aq_cp0_float_csr/fxcr_local_en,0,0.0,0.0,0.0,0.0,,0
x_aq_cp0_top/x_aq_cp0_regs/x_aq_cp0_float_csr/fxcr_value[63:0],0,0.0,0.0,0.0,0.0,,0
x_aq_cp0_top/x_aq_cp0_regs/x_aq_cp0_float_csr/iui_inst_rs2[63:0],42,0.015356489945155392,0.9567154761904763,2.488940738309238,0.5714285714285714,0.0006556288328025087,6
x_aq_cp0_top/x_aq_cp0_regs/x_aq_cp0_float_csr/iui_regs_csr_wen,0,0.0,0.0,0.0,0.0,,0
x_aq_cp0_top/x_aq_cp0_regs/x_aq_cp0_float_csr/iui_regs_wdata[63:0],42,0.015356489945155392,0.9567154761904763,2.488940738309238,0.5714285714285714,0.2611315375104546,7
x_aq_cp0_top/x_aq_cp0_regs/x_aq_cp0_float_csr/iui_vsetvl_bypass,0,0.0,0.0,0.0,0.0,,0
x_aq_cp0_top/x_aq_cp0_regs/x_aq_cp0_float_csr/iui_vsetvl_data[4:0],45,0.016453382084095063,0.6215868888888889,1.6170878057860922,0.4444444444444444,0.05590983813157321,4
x_aq_cp0_top/x_aq_cp0_regs/x_aq_cp0_float_csr/pad_yy_icg_scan_en,0,0.0,0.0,0.0,0.0,,0
x_aq_cp0_top/x_aq_cp0_regs/x_aq_cp0_float_csr/regs_clk,0,0.0,0.0,0.0,0.0,,0
x_aq_cp0_top/x_aq_cp0_regs/x_aq_cp0_float_csr/regs_xx_icg_en,0,0.0,0.0,0.0,0.0,,0
x_aq_cp0_top/x_aq_cp0_regs/x_aq_cp0_float_csr/rtu_cp0_fflags[4:0],0,0.0,0.0,0.0,0.0,,0
x_aq_cp0_top/x_aq_cp0_regs/x_aq_cp0_float_csr/rtu_cp0_fflags_updt,0,0.0,0.0,0.0,0.0,,0
x_aq_cp0_top/x_aq_cp0_regs/x_aq_cp0_float_csr/rtu_cp0_vl[7:0],0,0.0,0.0,0.0,0.0,,0
x_aq_cp0_top/x_aq_cp0_regs/x_aq_cp0_float_csr/rtu_cp0_vl_vld,0,0.0,0.0,0.0,0.0,,0
x_aq_cp0_top/x_aq_cp0_regs/x_aq_cp0_float_csr/rtu_cp0_vstart[6:0],0,0.0,0.0,0.0,0.0,,0
x_aq_cp0_top/x_aq_cp0_regs/x_aq_cp0_float_csr/rtu_cp0_vstart_vld,0,0.0,0.0,0.0,0.0,,0
x_aq_cp0_top/x_aq_cp0_regs/x_aq_cp0_float_csr/rtu_cp0_vxsat,0,0.0,0.0,0.0,0.0,,0
x_aq_cp0_top/x_aq_cp0_regs/x_aq_cp0_float_csr/rtu_cp0_vxsat_vld,0,0.0,0.0,0.0,0.0,,0
x_aq_cp0_top/x_aq_cp0_regs/x_aq_cp0_float_csr/special_regs_vill,0,0.0,0.0,0.0,0.0,,0
x_aq_cp0_top/x_aq_cp0_regs/x_aq_cp0_float_csr/special_regs_vsetvl_dp,0,0.0,0.0,0.0,0.0,,0
x_aq_cp0_top/x_aq_cp0_regs/x_aq_cp0_float_csr/special_vsetvl_illegal,0,0.0,0.0,0.0,0.0,,0
x_aq_cp0_top/x_aq_cp0_regs/x_aq_cp0_float_csr/vl_value[63:0],0,0.0,0.0,0.0,0.0,,0
x_aq_cp0_top/x_aq_cp0_regs/x_aq_cp0_float_csr/vlenb_value[63:0],0,0.0,0.0,0.0,0.0,,0
x_aq_cp0_top/x_aq_cp0_regs/x_aq_cp0_float_csr/vs_dirty_upd_gate,0,0.0,0.0,0.0,0.0,,0
x_aq_cp0_top/x_aq_cp0_regs/x_aq_cp0_float_csr/vstart_value[63:0],0,0.0,0.0,0.0,0.0,,0
x_aq_cp0_top/x_aq_cp0_regs/x_aq_cp0_float_csr/vtype_value[63:0],0,0.0,0.0,0.0,0.0,,0
x_aq_cp0_top/x_aq_cp0_regs/x_aq_cp0_float_csr/vxrm_value[63:0],0,0.0,0.0,0.0,0.0,,0
x_aq_cp0_top/x_aq_cp0_regs/x_aq_cp0_float_csr/vxsat_value[63:0],0,0.0,0.0,0.0,0.0,,0
x_aq_cp0_top/x_aq_cp0_regs/x_aq_cp0_float_csr/fcsr_vxrm[1:0],0,0.0,0.0,0.0,0.0,,0
x_aq_cp0_top/x_aq_cp0_regs/x_aq_cp0_float_csr/fcsr_vxsat,0,0.0,0.0,0.0,0.0,,0
x_aq_cp0_top/x_aq_cp0_regs/x_aq_cp0_float_csr/float_clk_en,0,0.0,0.0,0.0,0.0,,0
x_aq_cp0_top/x_aq_cp0_regs/x_aq_cp0_float_csr/regs_vstart_eq_0,0,0.0,0.0,0.0,0.0,,0
x_aq_cp0_top/x_aq_cp0_regs/x_aq_cp0_float_csr/vl_bypass_zero,41,0.014990859232175503,0.9757612195121952,2.538489143895362,0.5853658536585366,-0.05073960319104065,1
x_aq_cp0_top/x_aq_cp0_regs/x_aq_cp0_float_csr/vl_vl[7:0],0,0.0,0.0,0.0,0.0,,0
x_aq_cp0_top/x_aq_cp0_regs/x_aq_cp0_float_csr/vstart_vstart[6:0],0,0.0,0.0,0.0,0.0,,0
x_aq_cp0_top/x_aq_cp0_regs/x_aq_cp0_float_csr/vtype_vill,0,0.0,0.0,0.0,0.0,,0
x_aq_cp0_top/x_aq_cp0_regs/x_aq_cp0_float_csr/vtype_vlmul[1:0],0,0.0,0.0,0.0,0.0,,0
x_aq_cp0_top/x_aq_cp0_regs/x_aq_cp0_float_csr/vtype_vsew[2:0],0,0.0,0.0,0.0,0.0,,0
x_aq_cp0_top/x_aq_cp0_regs/x_aq_cp0_float_csr/x_float_clk/clk_in,0,0.0,0.0,0.0,0.0,,0
x_aq_cp0_top/x_aq_cp0_regs/x_aq_cp0_float_csr/x_float_clk/global_en,1,0.00036563071297989033,1.6444,4.277984679805532,1.0,0.15362036483244196,1
x_aq_cp0_top/x_aq_cp0_regs/x_aq_cp0_float_csr/x_float_clk/module_en,0,0.0,0.0,0.0,0.0,,0
x_aq_cp0_top/x_aq_cp0_regs/x_aq_cp0_float_csr/x_float_clk/local_en,0,0.0,0.0,0.0,0.0,,0
x_aq_cp0_top/x_aq_cp0_regs/x_aq_cp0_float_csr/x_float_clk/external_en,0,0.0,0.0,0.0,0.0,,0
x_aq_cp0_top/x_aq_cp0_regs/x_aq_cp0_float_csr/x_float_clk/pad_yy_icg_scan_en,0,0.0,0.0,0.0,0.0,,0
x_aq_cp0_top/x_aq_cp0_regs/x_aq_cp0_float_csr/x_float_clk/clk_out,0,0.0,0.0,0.0,0.0,,0
x_aq_cp0_top/x_aq_cp0_regs/x_aq_cp0_float_csr/x_float_clk/clk_en_bf_latch,0,0.0,0.0,0.0,0.0,,0
x_aq_cp0_top/x_aq_cp0_regs/x_aq_cp0_float_csr/x_float_clk/SE,0,0.0,0.0,0.0,0.0,,0
x_aq_cp0_top/x_aq_cp0_regs/x_aq_cp0_ext_csr/biu_cp0_rvba[39:0],0,0.0,0.0,0.0,0.0,,0
x_aq_cp0_top/x_aq_cp0_regs/x_aq_cp0_ext_csr/cp0_biu_icg_en,0,0.0,0.0,0.0,0.0,,0
x_aq_cp0_top/x_aq_cp0_regs/x_aq_cp0_ext_csr/cp0_dtu_icg_en,0,0.0,0.0,0.0,0.0,,0
x_aq_cp0_top/x_aq_cp0_regs/x_aq_cp0_ext_csr/cp0_dtu_pcfifo_frz,0,0.0,0.0,0.0,0.0,,0
x_aq_cp0_top/x_aq_cp0_regs/x_aq_cp0_ext_csr/cp0_hpcp_icg_en,0,0.0,0.0,0.0,0.0,,0
x_aq_cp0_top/x_aq_cp0_regs/x_aq_cp0_ext_csr/cp0_hpcp_pmdm,0,0.0,0.0,0.0,0.0,,0
x_aq_cp0_top/x_aq_cp0_regs/x_aq_cp0_ext_csr/cp0_hpcp_pmds,0,0.0,0.0,0.0,0.0,,0
x_aq_cp0_top/x_aq_cp0_regs/x_aq_cp0_ext_csr/cp0_hpcp_pmdu,0,0.0,0.0,0.0,0.0,,0
x_aq_cp0_top/x_aq_cp0_regs/x_aq_cp0_ext_csr/cp0_idu_cskyee,1,0.00036563071297989033,1.6444,4.277984679805532,1.0,0.15362036483244196,1
x_aq_cp0_top/x_aq_cp0_regs/x_aq_cp0_ext_csr/cp0_idu_dis_fence_in_dbg,0,0.0,0.0,0.0,0.0,,0
x_aq_cp0_top/x_aq_cp0_regs/x_aq_cp0_ext_csr/cp0_idu_icg_en,0,0.0,0.0,0.0,0.0,,0
x_aq_cp0_top/x_aq_cp0_regs/x_aq_cp0_ext_csr/cp0_idu_ucme,1,0.00036563071297989033,1.6444,4.277984679805532,1.0,0.15362036483244196,1
x_aq_cp0_top/x_aq_cp0_regs/x_aq_cp0_ext_csr/cp0_ifu_bht_en,1,0.00036563071297989033,1.1654000000000002,3.031843435809637,1.0,0.07413472607143354,1
x_aq_cp0_top/x_aq_cp0_regs/x_aq_cp0_ext_csr/cp0_ifu_btb_clr,0,0.0,0.0,0.0,0.0,,0
x_aq_cp0_top/x_aq_cp0_regs/x_aq_cp0_ext_csr/cp0_ifu_btb_en,1,0.00036563071297989033,1.1654000000000002,3.031843435809637,1.0,0.07413472607143354,1
x_aq_cp0_top/x_aq_cp0_regs/x_aq_cp0_ext_csr/cp0_ifu_icache_en,1,0.00036563071297989033,1.1654000000000002,3.031843435809637,1.0,0.07413472607143354,1
x_aq_cp0_top/x_aq_cp0_regs/x_aq_cp0_ext_csr/cp0_ifu_icache_pref_en,1,0.00036563071297989033,0.6600000000000004,1.7170213382824449,0.0,0.07250526982324153,1
x_aq_cp0_top/x_aq_cp0_regs/x_aq_cp0_ext_csr/cp0_ifu_icache_read_index[13:0],0,0.0,0.0,0.0,0.0,,0
x_aq_cp0_top/x_aq_cp0_regs/x_aq_cp0_ext_csr/cp0_ifu_icache_read_req,0,0.0,0.0,0.0,0.0,,0
x_aq_cp0_top/x_aq_cp0_regs/x_aq_cp0_ext_csr/cp0_ifu_icache_read_tag,1,0.00036563071297989033,1.6444,4.277984679805532,1.0,0.15362036483244196,1
x_aq_cp0_top/x_aq_cp0_regs/x_aq_cp0_ext_csr/cp0_ifu_icache_read_way,0,0.0,0.0,0.0,0.0,,0
x_aq_cp0_top/x_aq_cp0_regs/x_aq_cp0_ext_csr/cp0_ifu_icg_en,0,0.0,0.0,0.0,0.0,,0
x_aq_cp0_top/x_aq_cp0_regs/x_aq_cp0_ext_csr/cp0_ifu_iwpe,0,0.0,0.0,0.0,0.0,,0
x_aq_cp0_top/x_aq_cp0_regs/x_aq_cp0_ext_csr/cp0_ifu_ras_en,1,0.00036563071297989033,1.1654000000000002,3.031843435809637,1.0,0.07413472607143354,1
x_aq_cp0_top/x_aq_cp0_regs/x_aq_cp0_ext_csr/cp0_iu_icg_en,0,0.0,0.0,0.0,0.0,,0
x_aq_cp0_top/x_aq_cp0_regs/x_aq_cp0_ext_csr/cp0_lsu_amr[1:0],1,0.00036563071297989033,0.6600000000000004,1.7170213382824449,0.0,0.07250526982324153,1
x_aq_cp0_top/x_aq_cp0_regs/x_aq_cp0_ext_csr/cp0_lsu_dcache_en,1,0.00036563071297989033,1.1654000000000002,3.031843435809637,1.0,0.07413472607143354,1
x_aq_cp0_top/x_aq_cp0_regs/x_aq_cp0_ext_csr/cp0_lsu_dcache_pref_dist[1:0],2,0.0007312614259597807,1.1522000000000001,2.997503009043988,0.5,0.12160843883030165,1
x_aq_cp0_top/x_aq_cp0_regs/x_aq_cp0_ext_csr/cp0_lsu_dcache_pref_en,1,0.00036563071297989033,0.6600000000000004,1.7170213382824449,0.0,0.07250526982324153,1
x_aq_cp0_top/x_aq_cp0_regs/x_aq_cp0_ext_csr/cp0_lsu_dcache_read_idx[16:0],0,0.0,0.0,0.0,0.0,,0
x_aq_cp0_top/x_aq_cp0_regs/x_aq_cp0_ext_csr/cp0_lsu_dcache_read_req,0,0.0,0.0,0.0,0.0,,0
x_aq_cp0_top/x_aq_cp0_regs/x_aq_cp0_ext_csr/cp0_lsu_dcache_read_type,0,0.0,0.0,0.0,0.0,,0
x_aq_cp0_top/x_aq_cp0_regs/x_aq_cp0_ext_csr/cp0_lsu_dcache_read_way[1:0],0,0.0,0.0,0.0,0.0,,0
x_aq_cp0_top/x_aq_cp0_regs/x_aq_cp0_ext_csr/cp0_lsu_dcache_wa,1,0.00036563071297989033,1.1654000000000002,3.031843435809637,1.0,0.07413472607143354,1
x_aq_cp0_top/x_aq_cp0_regs/x_aq_cp0_ext_csr/cp0_lsu_dcache_wb,0,0.0,0.0,0.0,0.0,,0
x_aq_cp0_top/x_aq_cp0_regs/x_aq_cp0_ext_csr/cp0_lsu_icg_en,0,0.0,0.0,0.0,0.0,,0
x_aq_cp0_top/x_aq_cp0_regs/x_aq_cp0_ext_csr/cp0_lsu_mm,1,0.00036563071297989033,1.6444,4.277984679805532,1.0,0.15362036483244196,1
x_aq_cp0_top/x_aq_cp0_regs/x_aq_cp0_ext_csr/cp0_lsu_we_en,0,0.0,0.0,0.0,0.0,,0
x_aq_cp0_top/x_aq_cp0_regs/x_aq_cp0_ext_csr/cp0_mmu_icg_en,0,0.0,0.0,0.0,0.0,,0
x_aq_cp0_top/x_aq_cp0_regs/x_aq_cp0_ext_csr/cp0_mmu_maee,1,0.00036563071297989033,1.6444,4.277984679805532,1.0,0.15362036483244196,1
x_aq_cp0_top/x_aq_cp0_regs/x_aq_cp0_ext_csr/cp0_mmu_ptw_en,1,0.00036563071297989033,1.6444,4.277984679805532,1.0,0.15362036483244196,1
x_aq_cp0_top/x_aq_cp0_regs/x_aq_cp0_ext_csr/cp0_pmp_icg_en,0,0.0,0.0,0.0,0.0,,0
x_aq_cp0_top/x_aq_cp0_regs/x_aq_cp0_ext_csr/cp0_rtu_icg_en,0,0.0,0.0,0.0,0.0,,0
x_aq_cp0_top/x_aq_cp0_regs/x_aq_cp0_ext_csr/cp0_vpu_icg_en,0,0.0,0.0,0.0,0.0,,0
x_aq_cp0_top/x_aq_cp0_regs/x_aq_cp0_ext_csr/cp0_xx_mrvbr[39:0],0,0.0,0.0,0.0,0.0,,0
x_aq_cp0_top/x_aq_cp0_regs/x_aq_cp0_ext_csr/cpurst_b,3,0.0010968921389396709,0.6837766666666667,1.7788774655853161,0.3333333333333333,0.02643048972449982,1
x_aq_cp0_top/x_aq_cp0_regs/x_aq_cp0_ext_csr/ifu_cp0_bht_inv_done,0,0.0,0.0,0.0,0.0,,0
x_aq_cp0_top/x_aq_cp0_regs/x_aq_cp0_ext_csr/ifu_cp0_icache_inv_done,0,0.0,0.0,0.0,0.0,,0
x_aq_cp0_top/x_aq_cp0_regs/x_aq_cp0_ext_csr/ifu_cp0_icache_read_data[127:0],7,0.002559414990859232,0.2475257142857143,0.6439498987911743,0.0,0.07772482881709787,1
x_aq_cp0_top/x_aq_cp0_regs/x_aq_cp0_ext_csr/ifu_cp0_icache_read_data_vld,0,0.0,0.0,0.0,0.0,,0
x_aq_cp0_top/x_aq_cp0_regs/x_aq_cp0_ext_csr/iui_regs_wdata[63:0],42,0.015356489945155392,0.9567154761904763,2.488940738309238,0.5714285714285714,0.2611315375104546,7
x_aq_cp0_top/x_aq_cp0_regs/x_aq_cp0_ext_csr/lsu_cp0_dcache_read_data[127:0],0,0.0,0.0,0.0,0.0,,0
x_aq_cp0_top/x_aq_cp0_regs/x_aq_cp0_ext_csr/lsu_cp0_dcache_read_data_vld,0,0.0,0.0,0.0,0.0,,0
x_aq_cp0_top/x_aq_cp0_regs/x_aq_cp0_ext_csr/lsu_cp0_icc_done,0,0.0,0.0,0.0,0.0,,0
x_aq_cp0_top/x_aq_cp0_regs/x_aq_cp0_ext_csr/mapbaddr_value[63:0],5,0.0018281535648994515,0.588254,1.5303707126212134,0.2,0.006717050852979961,2
x_aq_cp0_top/x_aq_cp0_regs/x_aq_cp0_ext_csr/mccr2_value[63:0],0,0.0,0.0,0.0,0.0,,0
x_aq_cp0_top/x_aq_cp0_regs/x_aq_cp0_ext_csr/mcdata0_value[63:0],0,0.0,0.0,0.0,0.0,,0
x_aq_cp0_top/x_aq_cp0_regs/x_aq_cp0_ext_csr/mcdata1_value[63:0],0,0.0,0.0,0.0,0.0,,0
x_aq_cp0_top/x_aq_cp0_regs/x_aq_cp0_ext_csr/mcer2_value[63:0],0,0.0,0.0,0.0,0.0,,0
x_aq_cp0_top/x_aq_cp0_regs/x_aq_cp0_ext_csr/mcer_value[63:0],0,0.0,0.0,0.0,0.0,,0
x_aq_cp0_top/x_aq_cp0_regs/x_aq_cp0_ext_csr/mcindex_local_en,0,0.0,0.0,0.0,0.0,,0
x_aq_cp0_top/x_aq_cp0_regs/x_aq_cp0_ext_csr/mcindex_value[63:0],0,0.0,0.0,0.0,0.0,,0
x_aq_cp0_top/x_aq_cp0_regs/x_aq_cp0_ext_csr/mcins_local_en,0,0.0,0.0,0.0,0.0,,0
x_aq_cp0_top/x_aq_cp0_regs/x_aq_cp0_ext_csr/mcins_value[63:0],0,0.0,0.0,0.0,0.0,,0
x_aq_cp0_top/x_aq_cp0_regs/x_aq_cp0_ext_csr/mcor_local_en,0,0.0,0.0,0.0,0.0,,0
x_aq_cp0_top/x_aq_cp0_regs/x_aq_cp0_ext_csr/mcor_value[63:0],7,0.002559414990859232,0.3834057142857144,0.9974481706787783,0.14285714285714285,-0.021871631844404542,6
x_aq_cp0_top/x_aq_cp0_regs/x_aq_cp0_ext_csr/meicr2_value[63:0],0,0.0,0.0,0.0,0.0,,0
x_aq_cp0_top/x_aq_cp0_regs/x_aq_cp0_ext_csr/meicr_value[63:0],0,0.0,0.0,0.0,0.0,,0
x_aq_cp0_top/x_aq_cp0_regs/x_aq_cp0_ext_csr/mhcr_local_en,0,0.0,0.0,0.0,0.0,,0
x_aq_cp0_top/x_aq_cp0_regs/x_aq_cp0_ext_csr/mhcr_value[63:0],2,0.0007312614259597807,0.9537000000000002,2.481095833818132,1.0,0.07641612163750815,5
x_aq_cp0_top/x_aq_cp0_regs/x_aq_cp0_ext_csr/mhint2_local_en,0,0.0,0.0,0.0,0.0,,0
x_aq_cp0_top/x_aq_cp0_regs/x_aq_cp0_ext_csr/mhint2_value[63:0],0,0.0,0.0,0.0,0.0,,0
x_aq_cp0_top/x_aq_cp0_regs/x_aq_cp0_ext_csr/mhint3_value[63:0],0,0.0,0.0,0.0,0.0,,0
x_aq_cp0_top/x_aq_cp0_regs/x_aq_cp0_ext_csr/mhint4_value[63:0],0,0.0,0.0,0.0,0.0,,0
x_aq_cp0_top/x_aq_cp0_regs/x_aq_cp0_ext_csr/mhint_local_en,0,0.0,0.0,0.0,0.0,,0
x_aq_cp0_top/x_aq_cp0_regs/x_aq_cp0_ext_csr/mhint_value[63:0],3,0.0010968921389396709,0.934106666666667,2.4301228468159897,0.6666666666666666,0.12159962373343745,6
x_aq_cp0_top/x_aq_cp0_regs/x_aq_cp0_ext_csr/mhpmcr_local_en,0,0.0,0.0,0.0,0.0,,0
x_aq_cp0_top/x_aq_cp0_regs/x_aq_cp0_ext_csr/mrmr_value[63:0],0,0.0,0.0,0.0,0.0,,0
x_aq_cp0_top/x_aq_cp0_regs/x_aq_cp0_ext_csr/mrvbr_value[63:0],0,0.0,0.0,0.0,0.0,,0
x_aq_cp0_top/x_aq_cp0_regs/x_aq_cp0_ext_csr/mxstatus_local_en,0,0.0,0.0,0.0,0.0,,0
x_aq_cp0_top/x_aq_cp0_regs/x_aq_cp0_ext_csr/mxstatus_value[63:0],1,0.00036563071297989033,1.6444,4.277984679805532,1.0,0.1536203648324425,7
x_aq_cp0_top/x_aq_cp0_regs/x_aq_cp0_ext_csr/regs_clintee,1,0.00036563071297989033,1.6444,4.277984679805532,1.0,0.15362036483244196,1
x_aq_cp0_top/x_aq_cp0_regs/x_aq_cp0_ext_csr/regs_clk,0,0.0,0.0,0.0,0.0,,0
x_aq_cp0_top/x_aq_cp0_regs/x_aq_cp0_ext_csr/regs_flush_clk,0,0.0,0.0,0.0,0.0,,0
x_aq_cp0_top/x_aq_cp0_regs/x_aq_cp0_ext_csr/regs_iui_mcins_stall,0,0.0,0.0,0.0,0.0,,0
x_aq_cp0_top/x_aq_cp0_regs/x_aq_cp0_ext_csr/regs_iui_mcor_stall,2,0.0007312614259597807,0.48516000000000015,1.2621667764865314,0.0,-0.022431129455314627,1
x_aq_cp0_top/x_aq_cp0_regs/x_aq_cp0_ext_csr/regs_mcins_busy,0,0.0,0.0,0.0,0.0,,0
x_aq_cp0_top/x_aq_cp0_regs/x_aq_cp0_ext_csr/regs_mcor_busy,2,0.0007312614259597807,0.48516000000000015,1.2621667764865314,0.0,-0.022431129455314627,1
x_aq_cp0_top/x_aq_cp0_regs/x_aq_cp0_ext_csr/regs_pm[1:0],1,0.00036563071297989033,1.6444,4.277984679805532,1.0,0.1536203648324412,2
x_aq_cp0_top/x_aq_cp0_regs/x_aq_cp0_ext_csr/regs_special_bht_inv,2,0.0007312614259597807,0.21716000000000002,0.564952051244569,0.0,-0.022028418956518796,1
x_aq_cp0_top/x_aq_cp0_regs/x_aq_cp0_ext_csr/regs_special_dcache_clr,0,0.0,0.0,0.0,0.0,,0
x_aq_cp0_top/x_aq_cp0_regs/x_aq_cp0_ext_csr/regs_special_dcache_inv,2,0.0007312614259597807,0.582165,1.5145298900018167,0.0,-0.010470501983208194,1
x_aq_cp0_top/x_aq_cp0_regs/x_aq_cp0_ext_csr/regs_special_dcache_req,2,0.0007312614259597807,0.582165,1.5145298900018167,0.0,-0.010470501983208194,1
x_aq_cp0_top/x_aq_cp0_regs/x_aq_cp0_ext_csr/regs_special_icache_inv,2,0.0007312614259597807,0.2111599999999999,0.5493427663510919,0.0,-0.010212318201465094,1
x_aq_cp0_top/x_aq_cp0_regs/x_aq_cp0_ext_csr/regs_xx_icg_en,0,0.0,0.0,0.0,0.0,,0
x_aq_cp0_top/x_aq_cp0_regs/x_aq_cp0_ext_csr/rtu_yy_xx_flush,0,0.0,0.0,0.0,0.0,,0
x_aq_cp0_top/x_aq_cp0_regs/x_aq_cp0_ext_csr/scer2_value[63:0],0,0.0,0.0,0.0,0.0,,0
x_aq_cp0_top/x_aq_cp0_regs/x_aq_cp0_ext_csr/scer_value[63:0],0,0.0,0.0,0.0,0.0,,0
x_aq_cp0_top/x_aq_cp0_regs/x_aq_cp0_ext_csr/shcr_value[63:0],2,0.0007312614259597807,0.9537000000000002,2.481095833818132,1.0,0.07641612163750815,5
x_aq_cp0_top/x_aq_cp0_regs/x_aq_cp0_ext_csr/shint2_value[63:0],0,0.0,0.0,0.0,0.0,,0
x_aq_cp0_top/x_aq_cp0_regs/x_aq_cp0_ext_csr/shint_value[63:0],0,0.0,0.0,0.0,0.0,,0
x_aq_cp0_top/x_aq_cp0_regs/x_aq_cp0_ext_csr/shpmcr_local_en,0,0.0,0.0,0.0,0.0,,0
x_aq_cp0_top/x_aq_cp0_regs/x_aq_cp0_ext_csr/sxstatus_local_en,0,0.0,0.0,0.0,0.0,,0
x_aq_cp0_top/x_aq_cp0_regs/x_aq_cp0_ext_csr/sxstatus_value[63:0],1,0.00036563071297989033,1.6444,4.277984679805532,1.0,0.1536203648324425,7
x_aq_cp0_top/x_aq_cp0_regs/x_aq_cp0_ext_csr/sysio_cp0_apb_base[39:0],5,0.0018281535648994515,0.588254,1.5303707126212134,0.2,0.006717050852979961,2
x_aq_cp0_top/x_aq_cp0_regs/x_aq_cp0_ext_csr/amr2,0,0.0,0.0,0.0,0.0,,0
x_aq_cp0_top/x_aq_cp0_regs/x_aq_cp0_ext_csr/biu_cp0_l2_read_data[127:0],0,0.0,0.0,0.0,0.0,,0
x_aq_cp0_top/x_aq_cp0_regs/x_aq_cp0_ext_csr/biu_cp0_l2_read_data_vld,0,0.0,0.0,0.0,0.0,,0
x_aq_cp0_top/x_aq_cp0_regs/x_aq_cp0_ext_csr/cdata_clk,0,0.0,0.0,0.0,0.0,,0
x_aq_cp0_top/x_aq_cp0_regs/x_aq_cp0_ext_csr/cdata_data_vld,0,0.0,0.0,0.0,0.0,,0
x_aq_cp0_top/x_aq_cp0_regs/x_aq_cp0_ext_csr/cindex_rid_dcache_data,0,0.0,0.0,0.0,0.0,,0
x_aq_cp0_top/x_aq_cp0_regs/x_aq_cp0_ext_csr/cindex_rid_dcache_st_tag,0,0.0,0.0,0.0,0.0,,0
x_aq_cp0_top/x_aq_cp0_regs/x_aq_cp0_ext_csr/cindex_rid_icache_data,0,0.0,0.0,0.0,0.0,,0
x_aq_cp0_top/x_aq_cp0_regs/x_aq_cp0_ext_csr/cindex_rid_icache_tag,1,0.00036563071297989033,1.6444,4.277984679805532,1.0,0.15362036483244196,1
x_aq_cp0_top/x_aq_cp0_regs/x_aq_cp0_ext_csr/cins_no_op_data_vld,0,0.0,0.0,0.0,0.0,,0
x_aq_cp0_top/x_aq_cp0_regs/x_aq_cp0_ext_csr/cins_read_data_vld,0,0.0,0.0,0.0,0.0,,0
x_aq_cp0_top/x_aq_cp0_regs/x_aq_cp0_ext_csr/clr_done,2,0.0007312614259597807,1.2923600000000002,3.3621359041556054,0.5,-0.014297927845203211,1
x_aq_cp0_top/x_aq_cp0_regs/x_aq_cp0_ext_csr/dcache_read_idx[16:0],0,0.0,0.0,0.0,0.0,,0
x_aq_cp0_top/x_aq_cp0_regs/x_aq_cp0_ext_csr/dcache_read_req,0,0.0,0.0,0.0,0.0,,0
x_aq_cp0_top/x_aq_cp0_regs/x_aq_cp0_ext_csr/dcache_read_tag,0,0.0,0.0,0.0,0.0,,0
x_aq_cp0_top/x_aq_cp0_regs/x_aq_cp0_ext_csr/dcache_read_way[1:0],0,0.0,0.0,0.0,0.0,,0
x_aq_cp0_top/x_aq_cp0_regs/x_aq_cp0_ext_csr/ecc_en,0,0.0,0.0,0.0,0.0,,0
x_aq_cp0_top/x_aq_cp0_regs/x_aq_cp0_ext_csr/fccee,0,0.0,0.0,0.0,0.0,,0
x_aq_cp0_top/x_aq_cp0_regs/x_aq_cp0_ext_csr/ibp_inv,0,0.0,0.0,0.0,0.0,,0
x_aq_cp0_top/x_aq_cp0_regs/x_aq_cp0_ext_csr/ibpe,0,0.0,0.0,0.0,0.0,,0
x_aq_cp0_top/x_aq_cp0_regs/x_aq_cp0_ext_csr/icache_read_idx[16:0],0,0.0,0.0,0.0,0.0,,0
x_aq_cp0_top/x_aq_cp0_regs/x_aq_cp0_ext_csr/icache_read_req,0,0.0,0.0,0.0,0.0,,0
x_aq_cp0_top/x_aq_cp0_regs/x_aq_cp0_ext_csr/icache_read_tag,1,0.00036563071297989033,1.6444,4.277984679805532,1.0,0.15362036483244196,1
x_aq_cp0_top/x_aq_cp0_regs/x_aq_cp0_ext_csr/icache_read_way,0,0.0,0.0,0.0,0.0,,0
x_aq_cp0_top/x_aq_cp0_regs/x_aq_cp0_ext_csr/inv,2,0.0007312614259597807,0.2111599999999999,0.5493427663510919,0.0,-0.010212318201465094,1
x_aq_cp0_top/x_aq_cp0_regs/x_aq_cp0_ext_csr/l0btbe,0,0.0,0.0,0.0,0.0,,0
x_aq_cp0_top/x_aq_cp0_regs/x_aq_cp0_ext_csr/l2_pref_dist[1:0],0,0.0,0.0,0.0,0.0,,0
x_aq_cp0_top/x_aq_cp0_regs/x_aq_cp0_ext_csr/l2pld,0,0.0,0.0,0.0,0.0,,0
x_aq_cp0_top/x_aq_cp0_regs/x_aq_cp0_ext_csr/l2stpld,0,0.0,0.0,0.0,0.0,,0
x_aq_cp0_top/x_aq_cp0_regs/x_aq_cp0_ext_csr/lpe,0,0.0,0.0,0.0,0.0,,0
x_aq_cp0_top/x_aq_cp0_regs/x_aq_cp0_ext_csr/mcins_busy,0,0.0,0.0,0.0,0.0,,0
x_aq_cp0_top/x_aq_cp0_regs/x_aq_cp0_ext_csr/mcor_busy,2,0.0007312614259597807,0.48516000000000015,1.2621667764865314,0.0,-0.022431129455314627,1
x_aq_cp0_top/x_aq_cp0_regs/x_aq_cp0_ext_csr/mrvbr_reg[39:0],0,0.0,0.0,0.0,0.0,,0
x_aq_cp0_top/x_aq_cp0_regs/x_aq_cp0_ext_csr/nsfe,0,0.0,0.0,0.0,0.0,,0
x_aq_cp0_top/x_aq_cp0_regs/x_aq_cp0_ext_csr/pmp4k,0,0.0,0.0,0.0,0.0,,0
x_aq_cp0_top/x_aq_cp0_regs/x_aq_cp0_ext_csr/sck[2:0],0,0.0,0.0,0.0,0.0,,0
x_aq_cp0_top/x_aq_cp0_regs/x_aq_cp0_ext_csr/sre,0,0.0,0.0,0.0,0.0,,0
x_aq_cp0_top/x_aq_cp0_regs/x_aq_cp0_ext_csr/tlb_broad_dis,0,0.0,0.0,0.0,0.0,,0
x_aq_cp0_top/x_aq_cp0_regs/x_aq_cp0_ext_csr/v,0,0.0,0.0,0.0,0.0,,0
x_aq_cp0_top/x_aq_cp0_regs/x_aq_cp0_ext_csr/ve,0,0.0,0.0,0.0,0.0,,0
x_aq_cp0_top/x_aq_cp0_regs/x_aq_cp0_ext_csr/wb,0,0.0,0.0,0.0,0.0,,0
x_aq_cp0_top/x_aq_cp0_regs/x_aq_cp0_ext_csr/wbr,0,0.0,0.0,0.0,0.0,,0
x_aq_cp0_top/x_aq_cp0_regs/x_regs_clk/clk_in,0,0.0,0.0,0.0,0.0,,0
x_aq_cp0_top/x_aq_cp0_regs/x_regs_clk/global_en,1,0.00036563071297989033,1.6444,4.277984679805532,1.0,0.15362036483244196,1
x_aq_cp0_top/x_aq_cp0_regs/x_regs_clk/module_en,0,0.0,0.0,0.0,0.0,,0
x_aq_cp0_top/x_aq_cp0_regs/x_regs_clk/local_en,2,0.0007312614259597807,0.9101200000000003,2.367720394541846,0.5,-0.022347796715474863,1
x_aq_cp0_top/x_aq_cp0_regs/x_regs_clk/external_en,0,0.0,0.0,0.0,0.0,,0
x_aq_cp0_top/x_aq_cp0_regs/x_regs_clk/pad_yy_icg_scan_en,0,0.0,0.0,0.0,0.0,,0
x_aq_cp0_top/x_aq_cp0_regs/x_regs_clk/clk_out,0,0.0,0.0,0.0,0.0,,0
x_aq_cp0_top/x_aq_cp0_regs/x_regs_clk/clk_en_bf_latch,2,0.0007312614259597807,0.9101200000000003,2.367720394541846,0.5,-0.022347796715474863,1
x_aq_cp0_top/x_aq_cp0_regs/x_regs_clk/SE,0,0.0,0.0,0.0,0.0,,0
x_aq_cp0_top/x_aq_cp0_regs/x_regs_flush_clk/clk_in,0,0.0,0.0,0.0,0.0,,0
x_aq_cp0_top/x_aq_cp0_regs/x_regs_flush_clk/global_en,1,0.00036563071297989033,1.6444,4.277984679805532,1.0,0.15362036483244196,1
x_aq_cp0_top/x_aq_cp0_regs/x_regs_flush_clk/module_en,0,0.0,0.0,0.0,0.0,,0
x_aq_cp0_top/x_aq_cp0_regs/x_regs_flush_clk/local_en,2,0.0007312614259597807,0.48516000000000015,1.2621667764865314,0.0,-0.022431129455314627,1
x_aq_cp0_top/x_aq_cp0_regs/x_regs_flush_clk/external_en,0,0.0,0.0,0.0,0.0,,0
x_aq_cp0_top/x_aq_cp0_regs/x_regs_flush_clk/pad_yy_icg_scan_en,0,0.0,0.0,0.0,0.0,,0
x_aq_cp0_top/x_aq_cp0_regs/x_regs_flush_clk/clk_out,0,0.0,0.0,0.0,0.0,,0
x_aq_cp0_top/x_aq_cp0_regs/x_regs_flush_clk/clk_en_bf_latch,2,0.0007312614259597807,0.48516000000000015,1.2621667764865314,0.0,-0.022431129455314627,1
x_aq_cp0_top/x_aq_cp0_regs/x_regs_flush_clk/SE,0,0.0,0.0,0.0,0.0,,0
x_aq_cp0_top/x_aq_cp0_special/cp0_biu_lpmd_b[1:0],1,0.00036563071297989033,1.6444,4.277984679805532,1.0,0.1536203648324412,2
x_aq_cp0_top/x_aq_cp0_special/cp0_hpcp_sync_stall_vld,0,0.0,0.0,0.0,0.0,,0
x_aq_cp0_top/x_aq_cp0_special/cp0_ifu_bht_inv,4,0.0014625228519195613,0.4273225,1.1116997739821206,0.0,-0.051936434484796776,1
x_aq_cp0_top/x_aq_cp0_special/cp0_ifu_icache_inv_addr[63:0],28,0.010237659963436929,1.0824664285714287,2.8160878118659576,0.6428571428571429,0.3524246132538748,31
x_aq_cp0_top/x_aq_cp0_special/cp0_ifu_icache_inv_req,4,0.0014625228519195613,0.39820999999999995,1.03596222290523,0.0,-0.01908217771522785,1
x_aq_cp0_top/x_aq_cp0_special/cp0_ifu_icache_inv_type[1:0],0,0.0,0.0,0.0,0.0,,0
x_aq_cp0_top/x_aq_cp0_special/cp0_ifu_in_lpmd,0,0.0,0.0,0.0,0.0,,0
x_aq_cp0_top/x_aq_cp0_special/cp0_ifu_lpmd_req,0,0.0,0.0,0.0,0.0,,0
x_aq_cp0_top/x_aq_cp0_special/cp0_ifu_rst_inv_done,3,0.0010968921389396709,0.6848000000000001,1.781539715842148,0.3333333333333333,0.0700931569233797,1
x_aq_cp0_top/x_aq_cp0_special/cp0_lsu_fence_req,0,0.0,0.0,0.0,0.0,,0
x_aq_cp0_top/x_aq_cp0_special/cp0_lsu_icc_addr[63:0],28,0.010237659963436929,1.0824664285714287,2.8160878118659576,0.6428571428571429,0.3524246132687946,6
x_aq_cp0_top/x_aq_cp0_special/cp0_lsu_icc_op[1:0],1,0.00036563071297989033,1.6444,4.277984679805532,1.0,0.15362036483244196,1
x_aq_cp0_top/x_aq_cp0_special/cp0_lsu_icc_req,4,0.0014625228519195613,0.4925575,1.2814117239864466,0.0,-0.010832940157496463,1
x_aq_cp0_top/x_aq_cp0_special/cp0_lsu_icc_type[1:0],0,0.0,0.0,0.0,0.0,,0
x_aq_cp0_top/x_aq_cp0_special/cp0_lsu_sync_req,0,0.0,0.0,0.0,0.0,,0
x_aq_cp0_top/x_aq_cp0_special/cp0_mmu_lpmd_req,0,0.0,0.0,0.0,0.0,,0
x_aq_cp0_top/x_aq_cp0_special/cp0_mmu_tlb_all_inv,2,0.0007312614259597807,0.67868,1.7656182452508014,0.0,-0.0010975215421910223,1
x_aq_cp0_top/x_aq_cp0_special/cp0_mmu_tlb_asid[15:0],42,0.015356489945155392,0.9567154761904763,2.488940738309238,0.5714285714285714,0.0006556288328025087,6
x_aq_cp0_top/x_aq_cp0_special/cp0_mmu_tlb_asid_all_inv,0,0.0,0.0,0.0,0.0,,0
x_aq_cp0_top/x_aq_cp0_special/cp0_mmu_tlb_va[26:0],22,0.008043875685557587,1.214807272727273,3.1603788017779215,0.6363636363636364,0.3524246088401136,2
x_aq_cp0_top/x_aq_cp0_special/cp0_mmu_tlb_va_all_inv,0,0.0,0.0,0.0,0.0,,0
x_aq_cp0_top/x_aq_cp0_special/cp0_mmu_tlb_va_asid_inv,0,0.0,0.0,0.0,0.0,,0
x_aq_cp0_top/x_aq_cp0_special/cp0_rtu_fence_idle,3,0.0010968921389396709,0.6848000000000001,1.781539715842148,0.3333333333333333,0.0700931569233797,1
x_aq_cp0_top/x_aq_cp0_special/cp0_rtu_in_lpmd,0,0.0,0.0,0.0,0.0,,0
x_aq_cp0_top/x_aq_cp0_special/cp0_yy_clk_en,1,0.00036563071297989033,1.6444,4.277984679805532,1.0,0.15362036483244196,1
x_aq_cp0_top/x_aq_cp0_special/cpurst_b,3,0.0010968921389396709,0.6837766666666667,1.7788774655853161,0.3333333333333333,0.02643048972449982,1
x_aq_cp0_top/x_aq_cp0_special/dtu_cp0_wake_up,0,0.0,0.0,0.0,0.0,,0
x_aq_cp0_top/x_aq_cp0_special/fence_top_cur_state[2:0],0,0.0,0.0,0.0,0.0,,0
x_aq_cp0_top/x_aq_cp0_special/forever_cpuclk,0,0.0,0.0,0.0,0.0,,0
x_aq_cp0_top/x_aq_cp0_special/ifu_cp0_bht_inv_done,0,0.0,0.0,0.0,0.0,,0
x_aq_cp0_top/x_aq_cp0_special/ifu_cp0_icache_inv_done,0,0.0,0.0,0.0,0.0,,0
x_aq_cp0_top/x_aq_cp0_special/ifu_cp0_rst_inv_req,2,0.0007312614259597807,0.9682000000000001,2.5188182723107007,0.5,0.01395066346413373,1
x_aq_cp0_top/x_aq_cp0_special/ifu_yy_xx_no_op,91,0.033272394881170016,0.3902407692307692,1.0152298906620996,0.06593406593406594,0.031236927345600917,1
x_aq_cp0_top/x_aq_cp0_special/iui_special_cache,0,0.0,0.0,0.0,0.0,,0
x_aq_cp0_top/x_aq_cp0_special/iui_special_cache_func[5:0],0,0.0,0.0,0.0,0.0,,0
x_aq_cp0_top/x_aq_cp0_special/iui_special_fence,0,0.0,0.0,0.0,0.0,,0
x_aq_cp0_top/x_aq_cp0_special/iui_special_fencei,0,0.0,0.0,0.0,0.0,,0
x_aq_cp0_top/x_aq_cp0_special/iui_special_rs1[63:0],28,0.010237659963436929,1.0824664285714287,2.8160878118659576,0.6428571428571429,0.3524246132687946,6
x_aq_cp0_top/x_aq_cp0_special/iui_special_rs1_x0,0,0.0,0.0,0.0,0.0,,0
x_aq_cp0_top/x_aq_cp0_special/iui_special_rs2[63:0],42,0.015356489945155392,0.9567154761904763,2.488940738309238,0.5714285714285714,0.0006556288328025087,6
x_aq_cp0_top/x_aq_cp0_special/iui_special_rs2_x0,0,0.0,0.0,0.0,0.0,,0
x_aq_cp0_top/x_aq_cp0_special/iui_special_sfence,0,0.0,0.0,0.0,0.0,,0
x_aq_cp0_top/x_aq_cp0_special/iui_special_sync,0,0.0,0.0,0.0,0.0,,0
x_aq_cp0_top/x_aq_cp0_special/iui_special_synci,0,0.0,0.0,0.0,0.0,,0
x_aq_cp0_top/x_aq_cp0_special/iui_special_vsetvl,0,0.0,0.0,0.0,0.0,,0
x_aq_cp0_top/x_aq_cp0_special/iui_special_vsetvl_dp,0,0.0,0.0,0.0,0.0,,0
x_aq_cp0_top/x_aq_cp0_special/iui_special_vsetvl_rs1[63:0],42,0.015356489945155392,0.9567154761904763,2.488940738309238,0.5714285714285714,0.0006556288328025087,6
x_aq_cp0_top/x_aq_cp0_special/iui_special_vsetvl_rs2[11:0],24,0.008775137111517367,1.1713775000000002,3.0473941858847633,0.7083333333333334,0.3560017511775489,6
x_aq_cp0_top/x_aq_cp0_special/iui_special_wfi,0,0.0,0.0,0.0,0.0,,0
x_aq_cp0_top/x_aq_cp0_special/lpmd_top_cur_state[1:0],0,0.0,0.0,0.0,0.0,,0
x_aq_cp0_top/x_aq_cp0_special/lsu_cp0_fence_ack,5,0.0018281535648994515,0.65296,1.698706444007431,0.2,0.037163950876900935,1
x_aq_cp0_top/x_aq_cp0_special/lsu_cp0_icc_done,0,0.0,0.0,0.0,0.0,,0
x_aq_cp0_top/x_aq_cp0_special/lsu_cp0_sync_ack,5,0.0018281535648994515,0.65296,1.698706444007431,0.2,0.037163950876900935,1
x_aq_cp0_top/x_aq_cp0_special/mmu_cp0_tlb_inv_done,2,0.0007312614259597807,0.6452799999999999,1.6787265593437806,0.0,-0.028728974329637863,1
x_aq_cp0_top/x_aq_cp0_special/mmu_yy_xx_no_op,0,0.0,0.0,0.0,0.0,,0
x_aq_cp0_top/x_aq_cp0_special/pad_yy_icg_scan_en,0,0.0,0.0,0.0,0.0,,0
x_aq_cp0_top/x_aq_cp0_special/regs_lpmd_int_vld,0,0.0,0.0,0.0,0.0,,0
x_aq_cp0_top/x_aq_cp0_special/regs_special_bht_inv,2,0.0007312614259597807,0.21716000000000002,0.564952051244569,0.0,-0.022028418956518796,1
x_aq_cp0_top/x_aq_cp0_special/regs_special_dcache_clr,0,0.0,0.0,0.0,0.0,,0
x_aq_cp0_top/x_aq_cp0_special/regs_special_dcache_inv,2,0.0007312614259597807,0.582165,1.5145298900018167,0.0,-0.010470501983208194,1
x_aq_cp0_top/x_aq_cp0_special/regs_special_dcache_req,2,0.0007312614259597807,0.582165,1.5145298900018167,0.0,-0.010470501983208194,1
x_aq_cp0_top/x_aq_cp0_special/regs_special_icache_inv,2,0.0007312614259597807,0.2111599999999999,0.5493427663510919,0.0,-0.010212318201465094,1
x_aq_cp0_top/x_aq_cp0_special/regs_xx_icg_en,0,0.0,0.0,0.0,0.0,,0
x_aq_cp0_top/x_aq_cp0_special/rst_top_op_done,3,0.0010968921389396709,0.6848000000000001,1.781539715842148,0.3333333333333333,0.0700931569233797,1
x_aq_cp0_top/x_aq_cp0_special/rtu_yy_xx_dbgon,0,0.0,0.0,0.0,0.0,,0
x_aq_cp0_top/x_aq_cp0_special/rtu_yy_xx_flush,0,0.0,0.0,0.0,0.0,,0
x_aq_cp0_top/x_aq_cp0_special/special_iui_stall,0,0.0,0.0,0.0,0.0,,0
x_aq_cp0_top/x_aq_cp0_special/special_iui_vsetvl_wdata[63:0],0,0.0,0.0,0.0,0.0,,0
x_aq_cp0_top/x_aq_cp0_special/special_regs_vsetvl_dp,0,0.0,0.0,0.0,0.0,,0
x_aq_cp0_top/x_aq_cp0_special/fence_clk,0,0.0,0.0,0.0,0.0,,0
x_aq_cp0_top/x_aq_cp0_special/fence_clk_en,0,0.0,0.0,0.0,0.0,,0
x_aq_cp0_top/x_aq_cp0_special/inv_sm_clk,0,0.0,0.0,0.0,0.0,,0
x_aq_cp0_top/x_aq_cp0_special/inv_sm_clk_en,4,0.0014625228519195613,0.7907000000000001,2.057043594212013,0.5,-0.047695984612947794,1
x_aq_cp0_top/x_aq_cp0_special/lpmd_clk,0,0.0,0.0,0.0,0.0,,0
x_aq_cp0_top/x_aq_cp0_special/lpmd_clk_en,0,0.0,0.0,0.0,0.0,,0
x_aq_cp0_top/x_aq_cp0_special/sfence_clr_asid_all,0,0.0,0.0,0.0,0.0,,0
x_aq_cp0_top/x_aq_cp0_special/sfence_clr_va_all,0,0.0,0.0,0.0,0.0,,0
x_aq_cp0_top/x_aq_cp0_special/sfence_clr_va_asid,0,0.0,0.0,0.0,0.0,,0
x_aq_cp0_top/x_aq_cp0_special/special_cacheop_op[1:0],0,0.0,0.0,0.0,0.0,,0
x_aq_cp0_top/x_aq_cp0_special/special_cacheop_type[1:0],0,0.0,0.0,0.0,0.0,,0
x_aq_cp0_top/x_aq_cp0_special/special_clk,0,0.0,0.0,0.0,0.0,,0
x_aq_cp0_top/x_aq_cp0_special/special_clk_en,4,0.0014625228519195613,0.7907000000000001,2.057043594212013,0.5,-0.047695984612947794,1
x_aq_cp0_top/x_aq_cp0_special/special_dcacheop_req,0,0.0,0.0,0.0,0.0,,0
x_aq_cp0_top/x_aq_cp0_special/special_fence_dcache_req,0,0.0,0.0,0.0,0.0,,0
x_aq_cp0_top/x_aq_cp0_special/special_fence_icache_req,0,0.0,0.0,0.0,0.0,,0
x_aq_cp0_top/x_aq_cp0_special/special_fence_mmu_req,0,0.0,0.0,0.0,0.0,,0
x_aq_cp0_top/x_aq_cp0_special/special_fence_req,0,0.0,0.0,0.0,0.0,,0
x_aq_cp0_top/x_aq_cp0_special/special_fence_stall,0,0.0,0.0,0.0,0.0,,0
x_aq_cp0_top/x_aq_cp0_special/special_icacheop_req,0,0.0,0.0,0.0,0.0,,0
x_aq_cp0_top/x_aq_cp0_special/special_inst_fence_req,0,0.0,0.0,0.0,0.0,,0
x_aq_cp0_top/x_aq_cp0_special/special_inst_sync_req,0,0.0,0.0,0.0,0.0,,0
x_aq_cp0_top/x_aq_cp0_special/special_lpmd_stall,0,0.0,0.0,0.0,0.0,,0
x_aq_cp0_top/x_aq_cp0_special/special_lpmd_sync_req,0,0.0,0.0,0.0,0.0,,0
x_aq_cp0_top/x_aq_cp0_special/special_op_done,3,0.0010968921389396709,0.6848000000000001,1.781539715842148,0.3333333333333333,0.0700931569233797,1
x_aq_cp0_top/x_aq_cp0_special/special_sync_req,0,0.0,0.0,0.0,0.0,,0
x_aq_cp0_top/x_aq_cp0_special/special_sync_stall_cnt_vld,0,0.0,0.0,0.0,0.0,,0
x_aq_cp0_top/x_aq_cp0_special/x_aq_cp0_lpmd/cp0_biu_lpmd_b[1:0],1,0.00036563071297989033,1.6444,4.277984679805532,1.0,0.1536203648324412,2
x_aq_cp0_top/x_aq_cp0_special/x_aq_cp0_lpmd/cp0_ifu_in_lpmd,0,0.0,0.0,0.0,0.0,,0
x_aq_cp0_top/x_aq_cp0_special/x_aq_cp0_lpmd/cp0_ifu_lpmd_req,0,0.0,0.0,0.0,0.0,,0
x_aq_cp0_top/x_aq_cp0_special/x_aq_cp0_lpmd/cp0_mmu_lpmd_req,0,0.0,0.0,0.0,0.0,,0
x_aq_cp0_top/x_aq_cp0_special/x_aq_cp0_lpmd/cp0_rtu_in_lpmd,0,0.0,0.0,0.0,0.0,,0
x_aq_cp0_top/x_aq_cp0_special/x_aq_cp0_lpmd/cp0_yy_clk_en,1,0.00036563071297989033,1.6444,4.277984679805532,1.0,0.15362036483244196,1
x_aq_cp0_top/x_aq_cp0_special/x_aq_cp0_lpmd/cpurst_b,3,0.0010968921389396709,0.6837766666666667,1.7788774655853161,0.3333333333333333,0.02643048972449982,1
x_aq_cp0_top/x_aq_cp0_special/x_aq_cp0_lpmd/dtu_cp0_wake_up,0,0.0,0.0,0.0,0.0,,0
x_aq_cp0_top/x_aq_cp0_special/x_aq_cp0_lpmd/forever_cpuclk,0,0.0,0.0,0.0,0.0,,0
x_aq_cp0_top/x_aq_cp0_special/x_aq_cp0_lpmd/ifu_yy_xx_no_op,91,0.033272394881170016,0.3902407692307692,1.0152298906620996,0.06593406593406594,0.031236927345600917,1
x_aq_cp0_top/x_aq_cp0_special/x_aq_cp0_lpmd/iui_special_wfi,0,0.0,0.0,0.0,0.0,,0
x_aq_cp0_top/x_aq_cp0_special/x_aq_cp0_lpmd/lpmd_clk,0,0.0,0.0,0.0,0.0,,0
x_aq_cp0_top/x_aq_cp0_special/x_aq_cp0_lpmd/lpmd_clk_en,0,0.0,0.0,0.0,0.0,,0
x_aq_cp0_top/x_aq_cp0_special/x_aq_cp0_lpmd/lpmd_top_cur_state[1:0],0,0.0,0.0,0.0,0.0,,0
x_aq_cp0_top/x_aq_cp0_special/x_aq_cp0_lpmd/lsu_cp0_sync_ack,5,0.0018281535648994515,0.65296,1.698706444007431,0.2,0.037163950876900935,1
x_aq_cp0_top/x_aq_cp0_special/x_aq_cp0_lpmd/mmu_yy_xx_no_op,0,0.0,0.0,0.0,0.0,,0
x_aq_cp0_top/x_aq_cp0_special/x_aq_cp0_lpmd/regs_lpmd_int_vld,0,0.0,0.0,0.0,0.0,,0
x_aq_cp0_top/x_aq_cp0_special/x_aq_cp0_lpmd/rtu_yy_xx_dbgon,0,0.0,0.0,0.0,0.0,,0
x_aq_cp0_top/x_aq_cp0_special/x_aq_cp0_lpmd/rtu_yy_xx_flush,0,0.0,0.0,0.0,0.0,,0
x_aq_cp0_top/x_aq_cp0_special/x_aq_cp0_lpmd/special_lpmd_stall,0,0.0,0.0,0.0,0.0,,0
x_aq_cp0_top/x_aq_cp0_special/x_aq_cp0_lpmd/special_lpmd_sync_req,0,0.0,0.0,0.0,0.0,,0
x_aq_cp0_top/x_aq_cp0_special/x_aq_cp0_lpmd/cpu_in_lpmd,0,0.0,0.0,0.0,0.0,,0
x_aq_cp0_top/x_aq_cp0_special/x_aq_cp0_lpmd/lpmd_ack,0,0.0,0.0,0.0,0.0,,0
x_aq_cp0_top/x_aq_cp0_special/x_aq_cp0_lpmd/lpmd_in_wait_state,0,0.0,0.0,0.0,0.0,,0
x_aq_cp0_top/x_aq_cp0_special/x_aq_cp0_lpmd/lpmd_stall,0,0.0,0.0,0.0,0.0,,0
x_aq_cp0_top/x_aq_cp0_special/x_aq_cp0_rst_ctrl/cp0_ifu_bht_inv,4,0.0014625228519195613,0.4273225,1.1116997739821206,0.0,-0.051936434484796776,1
x_aq_cp0_top/x_aq_cp0_special/x_aq_cp0_rst_ctrl/cp0_ifu_icache_inv_addr[63:0],28,0.010237659963436929,1.0824664285714287,2.8160878118659576,0.6428571428571429,0.3524246132538748,31
x_aq_cp0_top/x_aq_cp0_special/x_aq_cp0_rst_ctrl/cp0_ifu_icache_inv_req,4,0.0014625228519195613,0.39820999999999995,1.03596222290523,0.0,-0.01908217771522785,1
x_aq_cp0_top/x_aq_cp0_special/x_aq_cp0_rst_ctrl/cp0_ifu_icache_inv_type[1:0],0,0.0,0.0,0.0,0.0,,0
x_aq_cp0_top/x_aq_cp0_special/x_aq_cp0_rst_ctrl/cp0_ifu_rst_inv_done,3,0.0010968921389396709,0.6848000000000001,1.781539715842148,0.3333333333333333,0.0700931569233797,1
x_aq_cp0_top/x_aq_cp0_special/x_aq_cp0_rst_ctrl/cp0_lsu_icc_addr[63:0],28,0.010237659963436929,1.0824664285714287,2.8160878118659576,0.6428571428571429,0.3524246132687946,6
x_aq_cp0_top/x_aq_cp0_special/x_aq_cp0_rst_ctrl/cp0_lsu_icc_op[1:0],1,0.00036563071297989033,1.6444,4.277984679805532,1.0,0.15362036483244196,1
x_aq_cp0_top/x_aq_cp0_special/x_aq_cp0_rst_ctrl/cp0_lsu_icc_req,4,0.0014625228519195613,0.4925575,1.2814117239864466,0.0,-0.010832940157496463,1
x_aq_cp0_top/x_aq_cp0_special/x_aq_cp0_rst_ctrl/cp0_lsu_icc_type[1:0],0,0.0,0.0,0.0,0.0,,0
x_aq_cp0_top/x_aq_cp0_special/x_aq_cp0_rst_ctrl/cp0_mmu_tlb_all_inv,2,0.0007312614259597807,0.67868,1.7656182452508014,0.0,-0.0010975215421910223,1
x_aq_cp0_top/x_aq_cp0_special/x_aq_cp0_rst_ctrl/cp0_mmu_tlb_asid[15:0],42,0.015356489945155392,0.9567154761904763,2.488940738309238,0.5714285714285714,0.0006556288328025087,6
x_aq_cp0_top/x_aq_cp0_special/x_aq_cp0_rst_ctrl/cp0_mmu_tlb_asid_all_inv,0,0.0,0.0,0.0,0.0,,0
x_aq_cp0_top/x_aq_cp0_special/x_aq_cp0_rst_ctrl/cp0_mmu_tlb_va[26:0],22,0.008043875685557587,1.214807272727273,3.1603788017779215,0.6363636363636364,0.3524246088401136,2
x_aq_cp0_top/x_aq_cp0_special/x_aq_cp0_rst_ctrl/cp0_mmu_tlb_va_all_inv,0,0.0,0.0,0.0,0.0,,0
x_aq_cp0_top/x_aq_cp0_special/x_aq_cp0_rst_ctrl/cp0_mmu_tlb_va_asid_inv,0,0.0,0.0,0.0,0.0,,0
x_aq_cp0_top/x_aq_cp0_special/x_aq_cp0_rst_ctrl/cp0_rtu_fence_idle,3,0.0010968921389396709,0.6848000000000001,1.781539715842148,0.3333333333333333,0.0700931569233797,1
x_aq_cp0_top/x_aq_cp0_special/x_aq_cp0_rst_ctrl/cpurst_b,3,0.0010968921389396709,0.6837766666666667,1.7788774655853161,0.3333333333333333,0.02643048972449982,1
x_aq_cp0_top/x_aq_cp0_special/x_aq_cp0_rst_ctrl/ifu_cp0_bht_inv_done,0,0.0,0.0,0.0,0.0,,0
x_aq_cp0_top/x_aq_cp0_special/x_aq_cp0_rst_ctrl/ifu_cp0_icache_inv_done,0,0.0,0.0,0.0,0.0,,0
x_aq_cp0_top/x_aq_cp0_special/x_aq_cp0_rst_ctrl/ifu_cp0_rst_inv_req,2,0.0007312614259597807,0.9682000000000001,2.5188182723107007,0.5,0.01395066346413373,1
x_aq_cp0_top/x_aq_cp0_special/x_aq_cp0_rst_ctrl/inv_sm_clk,0,0.0,0.0,0.0,0.0,,0
x_aq_cp0_top/x_aq_cp0_special/x_aq_cp0_rst_ctrl/inv_sm_clk_en,4,0.0014625228519195613,0.7907000000000001,2.057043594212013,0.5,-0.047695984612947794,1
x_aq_cp0_top/x_aq_cp0_special/x_aq_cp0_rst_ctrl/iui_special_rs1[63:0],28,0.010237659963436929,1.0824664285714287,2.8160878118659576,0.6428571428571429,0.3524246132687946,6
x_aq_cp0_top/x_aq_cp0_special/x_aq_cp0_rst_ctrl/iui_special_rs2[63:0],42,0.015356489945155392,0.9567154761904763,2.488940738309238,0.5714285714285714,0.0006556288328025087,6
x_aq_cp0_top/x_aq_cp0_special/x_aq_cp0_rst_ctrl/lsu_cp0_icc_done,0,0.0,0.0,0.0,0.0,,0
x_aq_cp0_top/x_aq_cp0_special/x_aq_cp0_rst_ctrl/mmu_cp0_tlb_inv_done,2,0.0007312614259597807,0.6452799999999999,1.6787265593437806,0.0,-0.028728974329637863,1
x_aq_cp0_top/x_aq_cp0_special/x_aq_cp0_rst_ctrl/regs_special_bht_inv,2,0.0007312614259597807,0.21716000000000002,0.564952051244569,0.0,-0.022028418956518796,1
x_aq_cp0_top/x_aq_cp0_special/x_aq_cp0_rst_ctrl/regs_special_dcache_clr,0,0.0,0.0,0.0,0.0,,0
x_aq_cp0_top/x_aq_cp0_special/x_aq_cp0_rst_ctrl/regs_special_dcache_inv,2,0.0007312614259597807,0.582165,1.5145298900018167,0.0,-0.010470501983208194,1
x_aq_cp0_top/x_aq_cp0_special/x_aq_cp0_rst_ctrl/regs_special_dcache_req,2,0.0007312614259597807,0.582165,1.5145298900018167,0.0,-0.010470501983208194,1
x_aq_cp0_top/x_aq_cp0_special/x_aq_cp0_rst_ctrl/regs_special_icache_inv,2,0.0007312614259597807,0.2111599999999999,0.5493427663510919,0.0,-0.010212318201465094,1
x_aq_cp0_top/x_aq_cp0_special/x_aq_cp0_rst_ctrl/rst_top_op_done,3,0.0010968921389396709,0.6848000000000001,1.781539715842148,0.3333333333333333,0.0700931569233797,1
x_aq_cp0_top/x_aq_cp0_special/x_aq_cp0_rst_ctrl/sfence_clr_asid_all,0,0.0,0.0,0.0,0.0,,0
x_aq_cp0_top/x_aq_cp0_special/x_aq_cp0_rst_ctrl/sfence_clr_va_all,0,0.0,0.0,0.0,0.0,,0
x_aq_cp0_top/x_aq_cp0_special/x_aq_cp0_rst_ctrl/sfence_clr_va_asid,0,0.0,0.0,0.0,0.0,,0
x_aq_cp0_top/x_aq_cp0_special/x_aq_cp0_rst_ctrl/special_cacheop_op[1:0],0,0.0,0.0,0.0,0.0,,0
x_aq_cp0_top/x_aq_cp0_special/x_aq_cp0_rst_ctrl/special_cacheop_type[1:0],0,0.0,0.0,0.0,0.0,,0
x_aq_cp0_top/x_aq_cp0_special/x_aq_cp0_rst_ctrl/special_dcacheop_req,0,0.0,0.0,0.0,0.0,,0
x_aq_cp0_top/x_aq_cp0_special/x_aq_cp0_rst_ctrl/special_fence_dcache_req,0,0.0,0.0,0.0,0.0,,0
x_aq_cp0_top/x_aq_cp0_special/x_aq_cp0_rst_ctrl/special_fence_icache_req,0,0.0,0.0,0.0,0.0,,0
x_aq_cp0_top/x_aq_cp0_special/x_aq_cp0_rst_ctrl/special_fence_mmu_req,0,0.0,0.0,0.0,0.0,,0
x_aq_cp0_top/x_aq_cp0_special/x_aq_cp0_rst_ctrl/special_icacheop_req,0,0.0,0.0,0.0,0.0,,0
x_aq_cp0_top/x_aq_cp0_special/x_aq_cp0_rst_ctrl/special_op_done,3,0.0010968921389396709,0.6848000000000001,1.781539715842148,0.3333333333333333,0.0700931569233797,1
x_aq_cp0_top/x_aq_cp0_special/x_aq_cp0_rst_ctrl/bht_op_done,3,0.0010968921389396709,0.6848000000000001,1.781539715842148,0.3333333333333333,0.0700931569233797,1
x_aq_cp0_top/x_aq_cp0_special/x_aq_cp0_rst_ctrl/bht_op_req,4,0.0014625228519195613,0.5926800000000001,1.5418851617776348,0.25,-0.019996603849467512,1
x_aq_cp0_top/x_aq_cp0_special/x_aq_cp0_rst_ctrl/bht_sm_done,0,0.0,0.0,0.0,0.0,,0
x_aq_cp0_top/x_aq_cp0_special/x_aq_cp0_rst_ctrl/bht_sm_idle,5,0.0018281535648994515,0.7364040000000001,1.9157899721159772,0.4,0.06865926779164458,1
x_aq_cp0_top/x_aq_cp0_special/x_aq_cp0_rst_ctrl/bht_sm_wfc,4,0.0014625228519195613,0.4273225,1.1116997739821206,0.0,-0.051936434484796776,1
x_aq_cp0_top/x_aq_cp0_special/x_aq_cp0_rst_ctrl/dcache_op_done,3,0.0010968921389396709,0.6214666666666667,1.61677504196656,0.0,0.033854747320198435,1
x_aq_cp0_top/x_aq_cp0_special/x_aq_cp0_rst_ctrl/dcache_op_req,4,0.0014625228519195613,0.7751825,2.0166740811562587,0.25,-0.005697791283575542,1
x_aq_cp0_top/x_aq_cp0_special/x_aq_cp0_rst_ctrl/dcache_sm_done,4,0.0014625228519195613,0.50954,1.3255925041036916,0.25,-0.041272816272861244,1
x_aq_cp0_top/x_aq_cp0_special/x_aq_cp0_rst_ctrl/dcache_sm_idle,5,0.0018281535648994515,0.4305100000000001,1.1199922065817804,0.2,0.05384551960597444,1
x_aq_cp0_top/x_aq_cp0_special/x_aq_cp0_rst_ctrl/dcache_sm_wfc,4,0.0014625228519195613,0.4925575,1.2814117239864466,0.0,-0.010832940157496463,1
x_aq_cp0_top/x_aq_cp0_special/x_aq_cp0_rst_ctrl/dcache_type[1:0],0,0.0,0.0,0.0,0.0,,0
x_aq_cp0_top/x_aq_cp0_special/x_aq_cp0_rst_ctrl/fence_dcache_req,0,0.0,0.0,0.0,0.0,,0
x_aq_cp0_top/x_aq_cp0_special/x_aq_cp0_rst_ctrl/fence_icache_req,0,0.0,0.0,0.0,0.0,,0
x_aq_cp0_top/x_aq_cp0_special/x_aq_cp0_rst_ctrl/fence_mmu_req,0,0.0,0.0,0.0,0.0,,0
x_aq_cp0_top/x_aq_cp0_special/x_aq_cp0_rst_ctrl/icache_op_done,3,0.0010968921389396709,0.46144000000000013,1.2004580702076533,0.0,0.03748570963186723,1
x_aq_cp0_top/x_aq_cp0_special/x_aq_cp0_rst_ctrl/icache_op_req,4,0.0014625228519195613,0.58968,1.5340805193308962,0.25,-0.006803737348435707,1
x_aq_cp0_top/x_aq_cp0_special/x_aq_cp0_rst_ctrl/icache_sm_done,4,0.0014625228519195613,0.3895200000000001,1.0133547752845118,0.25,-0.030247903536227798,1
x_aq_cp0_top/x_aq_cp0_special/x_aq_cp0_rst_ctrl/icache_sm_idle,5,0.0018281535648994515,0.7364040000000001,1.9157899721159772,0.4,0.06865926779164458,1
x_aq_cp0_top/x_aq_cp0_special/x_aq_cp0_rst_ctrl/icache_sm_wfc,4,0.0014625228519195613,0.39820999999999995,1.03596222290523,0.0,-0.01908217771522785,1
x_aq_cp0_top/x_aq_cp0_special/x_aq_cp0_rst_ctrl/icache_type[1:0],0,0.0,0.0,0.0,0.0,,0
x_aq_cp0_top/x_aq_cp0_special/x_aq_cp0_rst_ctrl/mmu_op_done,1,0.00036563071297989033,0.6452799999999999,1.6787265593437806,0.0,0.04856163394522164,1
x_aq_cp0_top/x_aq_cp0_special/x_aq_cp0_rst_ctrl/mmu_op_req,2,0.0007312614259597807,0.9682000000000001,2.5188182723107007,0.5,0.01395066346413373,1
x_aq_cp0_top/x_aq_cp0_special/x_aq_cp0_rst_ctrl/mmu_sm_done,2,0.0007312614259597807,0.4397199999999999,1.1439524588932668,0.0,-0.022017359236702574,1
x_aq_cp0_top/x_aq_cp0_special/x_aq_cp0_rst_ctrl/mmu_sm_idle,3,0.0010968921389396709,0.6739800000000001,1.753390972084245,0.3333333333333333,0.0414383758839951,1
x_aq_cp0_top/x_aq_cp0_special/x_aq_cp0_rst_ctrl/mmu_sm_wfc,2,0.0007312614259597807,0.67868,1.7656182452508014,0.0,-0.0010975215421910223,1
x_aq_cp0_top/x_aq_cp0_special/x_aq_cp0_rst_ctrl/op_done,3,0.0010968921389396709,0.6848000000000001,1.781539715842148,0.3333333333333333,0.0700931569233797,1
x_aq_cp0_top/x_aq_cp0_special/x_aq_cp0_rst_ctrl/reset_req,2,0.0007312614259597807,0.9682000000000001,2.5188182723107007,0.5,0.01395066346413373,1
x_aq_cp0_top/x_aq_cp0_special/x_aq_cp0_rst_ctrl/rst_inv_done,3,0.0010968921389396709,0.6848000000000001,1.781539715842148,0.3333333333333333,0.0700931569233797,1
x_aq_cp0_top/x_aq_cp0_special/x_aq_cp0_rst_ctrl/rst_sm_idle,3,0.0010968921389396709,0.6739800000000001,1.753390972084245,0.3333333333333333,0.0414383758839951,1
x_aq_cp0_top/x_aq_cp0_special/x_aq_cp0_cache_inst/iui_special_cache,0,0.0,0.0,0.0,0.0,,0
x_aq_cp0_top/x_aq_cp0_special/x_aq_cp0_cache_inst/iui_special_cache_func[5:0],0,0.0,0.0,0.0,0.0,,0
x_aq_cp0_top/x_aq_cp0_special/x_aq_cp0_cache_inst/special_cacheop_op[1:0],0,0.0,0.0,0.0,0.0,,0
x_aq_cp0_top/x_aq_cp0_special/x_aq_cp0_cache_inst/special_cacheop_type[1:0],0,0.0,0.0,0.0,0.0,,0
x_aq_cp0_top/x_aq_cp0_special/x_aq_cp0_cache_inst/special_dcacheop_req,0,0.0,0.0,0.0,0.0,,0
x_aq_cp0_top/x_aq_cp0_special/x_aq_cp0_cache_inst/special_icacheop_req,0,0.0,0.0,0.0,0.0,,0
x_aq_cp0_top/x_aq_cp0_special/x_aq_cp0_cache_inst/cache_func[5:0],0,0.0,0.0,0.0,0.0,,0
x_aq_cp0_top/x_aq_cp0_special/x_aq_cp0_cache_inst/inst_dst[1:0],0,0.0,0.0,0.0,0.0,,0
x_aq_cp0_top/x_aq_cp0_special/x_aq_cp0_cache_inst/inst_op[1:0],0,0.0,0.0,0.0,0.0,,0
x_aq_cp0_top/x_aq_cp0_special/x_aq_cp0_cache_inst/inst_type[1:0],0,0.0,0.0,0.0,0.0,,0
x_aq_cp0_top/x_aq_cp0_special/x_aq_cp0_fence_inst/cpurst_b,3,0.0010968921389396709,0.6837766666666667,1.7788774655853161,0.3333333333333333,0.02643048972449982,1
x_aq_cp0_top/x_aq_cp0_special/x_aq_cp0_fence_inst/fence_clk,0,0.0,0.0,0.0,0.0,,0
x_aq_cp0_top/x_aq_cp0_special/x_aq_cp0_fence_inst/fence_clk_en,0,0.0,0.0,0.0,0.0,,0
x_aq_cp0_top/x_aq_cp0_special/x_aq_cp0_fence_inst/fence_top_cur_state[2:0],0,0.0,0.0,0.0,0.0,,0
x_aq_cp0_top/x_aq_cp0_special/x_aq_cp0_fence_inst/iui_special_fence,0,0.0,0.0,0.0,0.0,,0
x_aq_cp0_top/x_aq_cp0_special/x_aq_cp0_fence_inst/iui_special_fencei,0,0.0,0.0,0.0,0.0,,0
x_aq_cp0_top/x_aq_cp0_special/x_aq_cp0_fence_inst/iui_special_rs1_x0,0,0.0,0.0,0.0,0.0,,0
x_aq_cp0_top/x_aq_cp0_special/x_aq_cp0_fence_inst/iui_special_rs2_x0,0,0.0,0.0,0.0,0.0,,0
x_aq_cp0_top/x_aq_cp0_special/x_aq_cp0_fence_inst/iui_special_sfence,0,0.0,0.0,0.0,0.0,,0
x_aq_cp0_top/x_aq_cp0_special/x_aq_cp0_fence_inst/iui_special_sync,0,0.0,0.0,0.0,0.0,,0
x_aq_cp0_top/x_aq_cp0_special/x_aq_cp0_fence_inst/iui_special_synci,0,0.0,0.0,0.0,0.0,,0
x_aq_cp0_top/x_aq_cp0_special/x_aq_cp0_fence_inst/lsu_cp0_fence_ack,5,0.0018281535648994515,0.65296,1.698706444007431,0.2,0.037163950876900935,1
x_aq_cp0_top/x_aq_cp0_special/x_aq_cp0_fence_inst/lsu_cp0_sync_ack,5,0.0018281535648994515,0.65296,1.698706444007431,0.2,0.037163950876900935,1
x_aq_cp0_top/x_aq_cp0_special/x_aq_cp0_fence_inst/sfence_clr_asid_all,0,0.0,0.0,0.0,0.0,,0
x_aq_cp0_top/x_aq_cp0_special/x_aq_cp0_fence_inst/sfence_clr_va_all,0,0.0,0.0,0.0,0.0,,0
x_aq_cp0_top/x_aq_cp0_special/x_aq_cp0_fence_inst/sfence_clr_va_asid,0,0.0,0.0,0.0,0.0,,0
x_aq_cp0_top/x_aq_cp0_special/x_aq_cp0_fence_inst/special_dcacheop_req,0,0.0,0.0,0.0,0.0,,0
x_aq_cp0_top/x_aq_cp0_special/x_aq_cp0_fence_inst/special_fence_dcache_req,0,0.0,0.0,0.0,0.0,,0
x_aq_cp0_top/x_aq_cp0_special/x_aq_cp0_fence_inst/special_fence_icache_req,0,0.0,0.0,0.0,0.0,,0
x_aq_cp0_top/x_aq_cp0_special/x_aq_cp0_fence_inst/special_fence_mmu_req,0,0.0,0.0,0.0,0.0,,0
x_aq_cp0_top/x_aq_cp0_special/x_aq_cp0_fence_inst/special_fence_stall,0,0.0,0.0,0.0,0.0,,0
x_aq_cp0_top/x_aq_cp0_special/x_aq_cp0_fence_inst/special_icacheop_req,0,0.0,0.0,0.0,0.0,,0
x_aq_cp0_top/x_aq_cp0_special/x_aq_cp0_fence_inst/special_inst_fence_req,0,0.0,0.0,0.0,0.0,,0
x_aq_cp0_top/x_aq_cp0_special/x_aq_cp0_fence_inst/special_inst_sync_req,0,0.0,0.0,0.0,0.0,,0
x_aq_cp0_top/x_aq_cp0_special/x_aq_cp0_fence_inst/special_op_done,3,0.0010968921389396709,0.6848000000000001,1.781539715842148,0.3333333333333333,0.0700931569233797,1
x_aq_cp0_top/x_aq_cp0_special/x_aq_cp0_fence_inst/fence_inst_vld,0,0.0,0.0,0.0,0.0,,0
x_aq_cp0_top/x_aq_cp0_special/x_aq_cp0_fence_inst/special_dcache_op,0,0.0,0.0,0.0,0.0,,0
x_aq_cp0_top/x_aq_cp0_special/x_aq_cp0_fence_inst/special_icache_inv,0,0.0,0.0,0.0,0.0,,0
x_aq_cp0_top/x_aq_cp0_special/x_aq_cp0_fence_inst/special_mmu_clean,0,0.0,0.0,0.0,0.0,,0
x_aq_cp0_top/x_aq_cp0_special/x_aq_cp0_fence_inst/special_sm_fence,0,0.0,0.0,0.0,0.0,,0
x_aq_cp0_top/x_aq_cp0_special/x_aq_cp0_vector_inst/iui_special_rs1_x0,0,0.0,0.0,0.0,0.0,,0
x_aq_cp0_top/x_aq_cp0_special/x_aq_cp0_vector_inst/iui_special_vsetvl,0,0.0,0.0,0.0,0.0,,0
x_aq_cp0_top/x_aq_cp0_special/x_aq_cp0_vector_inst/iui_special_vsetvl_dp,0,0.0,0.0,0.0,0.0,,0
x_aq_cp0_top/x_aq_cp0_special/x_aq_cp0_vector_inst/iui_special_vsetvl_rs1[63:0],42,0.015356489945155392,0.9567154761904763,2.488940738309238,0.5714285714285714,0.0006556288328025087,6
x_aq_cp0_top/x_aq_cp0_special/x_aq_cp0_vector_inst/iui_special_vsetvl_rs2[11:0],24,0.008775137111517367,1.1713775000000002,3.0473941858847633,0.7083333333333334,0.3560017511775489,6
x_aq_cp0_top/x_aq_cp0_special/x_aq_cp0_vector_inst/special_iui_vsetvl_wdata[63:0],0,0.0,0.0,0.0,0.0,,0
x_aq_cp0_top/x_aq_cp0_special/x_aq_cp0_vector_inst/special_regs_vsetvl_dp,0,0.0,0.0,0.0,0.0,,0
x_aq_cp0_top/x_aq_cp0_special/x_special_clk/clk_in,0,0.0,0.0,0.0,0.0,,0
x_aq_cp0_top/x_aq_cp0_special/x_special_clk/global_en,1,0.00036563071297989033,1.6444,4.277984679805532,1.0,0.15362036483244196,1
x_aq_cp0_top/x_aq_cp0_special/x_special_clk/module_en,0,0.0,0.0,0.0,0.0,,0
x_aq_cp0_top/x_aq_cp0_special/x_special_clk/local_en,4,0.0014625228519195613,0.7907000000000001,2.057043594212013,0.5,-0.047695984612947794,1
x_aq_cp0_top/x_aq_cp0_special/x_special_clk/external_en,0,0.0,0.0,0.0,0.0,,0
x_aq_cp0_top/x_aq_cp0_special/x_special_clk/pad_yy_icg_scan_en,0,0.0,0.0,0.0,0.0,,0
x_aq_cp0_top/x_aq_cp0_special/x_special_clk/clk_out,0,0.0,0.0,0.0,0.0,,0
x_aq_cp0_top/x_aq_cp0_special/x_special_clk/clk_en_bf_latch,4,0.0014625228519195613,0.7907000000000001,2.057043594212013,0.5,-0.047695984612947794,1
x_aq_cp0_top/x_aq_cp0_special/x_special_clk/SE,0,0.0,0.0,0.0,0.0,,0
