signal,n_edges,edge_rate,impact_mW,lift,spec,lvl_corr,max_hamming
x_aq_cp0_top/biu_cp0_coreid[2:0],0,0.0,0.0,0.0,0.0,,0
x_aq_cp0_top/biu_cp0_me_int,0,0.0,0.0,0.0,0.0,,0
x_aq_cp0_top/biu_cp0_ms_int,0,0.0,0.0,0.0,0.0,,0
x_aq_cp0_top/biu_cp0_mt_int,0,0.0,0.0,0.0,0.0,,0
x_aq_cp0_top/biu_cp0_rvba[39:0],0,0.0,0.0,0.0,0.0,,0
x_aq_cp0_top/biu_cp0_se_int,0,0.0,0.0,0.0,0.0,,0
x_aq_cp0_top/biu_cp0_ss_int,0,0.0,0.0,0.0,0.0,,0
x_aq_cp0_top/biu_cp0_st_int,0,0.0,0.0,0.0,0.0,,0
x_aq_cp0_top/cp0_biu_icg_en,0,0.0,0.0,0.0,0.0,,0
x_aq_cp0_top/cp0_biu_lpmd_b[1:0],1,0.00023629489603024575,1.6444,4.393912523475744,1.0,0.13282543670708166,2
x_aq_cp0_top/cp0_dtu_addr[11:0],62,0.014650283553875236,0.5381298387096777,1.4379077095368733,0.6451612903225806,0.025410824933784583,7
x_aq_cp0_top/cp0_dtu_debug_info[5:0],13,0.0030718336483931945,0.36872307692307715,0.9852450409795783,0.46153846153846156,-0.01188682963302713,3
x_aq_cp0_top/cp0_dtu_icg_en,0,0.0,0.0,0.0,0.0,,0
x_aq_cp0_top/cp0_dtu_mexpt_vld,0,0.0,0.0,0.0,0.0,,0
x_aq_cp0_top/cp0_dtu_pcfifo_frz,0,0.0,0.0,0.0,0.0,,0
x_aq_cp0_top/cp0_dtu_rreg,2,0.0004725897920604915,0.9101200000000003,2.431882550392693,1.0,0.004361376793285674,1
x_aq_cp0_top/cp0_dtu_satp[63:0],6,0.0014177693761814746,0.4009933333333333,1.0714726521306353,0.5,0.0019731409187234185,2
x_aq_cp0_top/cp0_dtu_wdata[63:0],54,0.01275992438563327,0.5213240740740742,1.3930019325367737,0.6666666666666666,0.07862161274667817,8
x_aq_cp0_top/cp0_dtu_wreg,0,0.0,0.0,0.0,0.0,,0
x_aq_cp0_top/cp0_hpcp_icg_en,0,0.0,0.0,0.0,0.0,,0
x_aq_cp0_top/cp0_hpcp_index[11:0],62,0.014650283553875236,0.5381298387096777,1.4379077095368733,0.6451612903225806,0.025410824933784583,7
x_aq_cp0_top/cp0_hpcp_int_off_vld,3,0.0007088846880907373,0.6308466666666667,1.6856513433833584,0.6666666666666666,0.011053883091643398,1
x_aq_cp0_top/cp0_hpcp_mcntwen[31:0],0,0.0,0.0,0.0,0.0,,0
x_aq_cp0_top/cp0_hpcp_pmdm,0,0.0,0.0,0.0,0.0,,0
x_aq_cp0_top/cp0_hpcp_pmds,0,0.0,0.0,0.0,0.0,,0
x_aq_cp0_top/cp0_hpcp_pmdu,0,0.0,0.0,0.0,0.0,,0
x_aq_cp0_top/cp0_hpcp_sync_stall_vld,6,0.0014177693761814746,0.39996333333333345,1.0687204446998522,0.3333333333333333,-0.018515005424734055,1
x_aq_cp0_top/cp0_hpcp_wdata[63:0],54,0.01275992438563327,0.5213240740740742,1.3930019325367737,0.6666666666666666,0.07862161274667817,8
x_aq_cp0_top/cp0_hpcp_wreg,0,0.0,0.0,0.0,0.0,,0
x_aq_cp0_top/cp0_idu_cskyee,3,0.0007088846880907373,0.668166666666667,1.7853721019433901,1.0,0.05057049967857515,1
x_aq_cp0_top/cp0_idu_dis_fence_in_dbg,0,0.0,0.0,0.0,0.0,,0
x_aq_cp0_top/cp0_idu_frm[2:0],0,0.0,0.0,0.0,0.0,,0
x_aq_cp0_top/cp0_idu_fs[1:0],1,0.00023629489603024575,0.5820000000000001,1.555130800695015,0.0,0.003956325861585049,1
x_aq_cp0_top/cp0_idu_icg_en,0,0.0,0.0,0.0,0.0,,0
x_aq_cp0_top/cp0_idu_issue_stall,8,0.001890359168241966,0.40344250000000004,1.0780169382463893,0.5,-0.00463322805407398,1
x_aq_cp0_top/cp0_idu_ucme,1,0.00023629489603024575,1.6444,4.393912523475744,1.0,0.1328254367070838,1
x_aq_cp0_top/cp0_idu_vill,0,0.0,0.0,0.0,0.0,,0
x_aq_cp0_top/cp0_idu_vl_zero,0,0.0,0.0,0.0,0.0,,0
x_aq_cp0_top/cp0_idu_vlmul[1:0],0,0.0,0.0,0.0,0.0,,0
x_aq_cp0_top/cp0_idu_vs[1:0],0,0.0,0.0,0.0,0.0,,0
x_aq_cp0_top/cp0_idu_vsetvl_dis_stall,0,0.0,0.0,0.0,0.0,,0
x_aq_cp0_top/cp0_idu_vsew[1:0],0,0.0,0.0,0.0,0.0,,0
x_aq_cp0_top/cp0_idu_vstart[6:0],0,0.0,0.0,0.0,0.0,,0
x_aq_cp0_top/cp0_ifu_bht_en,1,0.00023629489603024575,1.1654000000000002,3.1140024658590564,1.0,-0.009956038179480776,1
x_aq_cp0_top/cp0_ifu_bht_inv,4,0.000945179584120983,0.4273225,1.1418253979037725,0.5,0.0061139229821366645,1
x_aq_cp0_top/cp0_ifu_btb_clr,0,0.0,0.0,0.0,0.0,,0
x_aq_cp0_top/cp0_ifu_btb_en,1,0.00023629489603024575,1.1654000000000002,3.1140024658590564,1.0,-0.009956038179480776,1
x_aq_cp0_top/cp0_ifu_icache_en,1,0.00023629489603024575,1.1654000000000002,3.1140024658590564,1.0,-0.009956038179480776,1
x_aq_cp0_top/cp0_ifu_icache_inv_addr[63:0],44,0.010396975425330813,0.4756409090909093,1.2709344120237982,0.7272727272727273,0.055342250457082694,8
x_aq_cp0_top/cp0_ifu_icache_inv_req,6,0.0014177693761814746,0.4246733333333333,1.1347467025781575,0.0,-0.007711670081295734,1
x_aq_cp0_top/cp0_ifu_icache_inv_type[1:0],0,0.0,0.0,0.0,0.0,,0
x_aq_cp0_top/cp0_ifu_icache_pref_en,1,0.00023629489603024575,0.6600000000000004,1.7635503925407396,0.0,-0.012706644552425076,1
x_aq_cp0_top/cp0_ifu_icache_read_index[13:0],0,0.0,0.0,0.0,0.0,,0
x_aq_cp0_top/cp0_ifu_icache_read_req,0,0.0,0.0,0.0,0.0,,0
x_aq_cp0_top/cp0_ifu_icache_read_tag,1,0.00023629489603024575,1.6444,4.393912523475744,1.0,0.1328254367070838,1
x_aq_cp0_top/cp0_ifu_icache_read_way,0,0.0,0.0,0.0,0.0,,0
x_aq_cp0_top/cp0_ifu_icg_en,0,0.0,0.0,0.0,0.0,,0
x_aq_cp0_top/cp0_ifu_in_lpmd,0,0.0,0.0,0.0,0.0,,0
x_aq_cp0_top/cp0_ifu_iwpe,0,0.0,0.0,0.0,0.0,,0
x_aq_cp0_top/cp0_ifu_lpmd_req,0,0.0,0.0,0.0,0.0,,0
x_aq_cp0_top/cp0_ifu_ras_en,1,0.00023629489603024575,1.1654000000000002,3.1140024658590564,1.0,-0.009956038179480776,1
x_aq_cp0_top/cp0_ifu_rst_inv_done,5,0.0011814744801512287,0.4973660000000001,1.3289848553582078,0.8,0.012755721728681602,1
x_aq_cp0_top/cp0_iu_icg_en,0,0.0,0.0,0.0,0.0,,0
x_aq_cp0_top/cp0_lsu_amr[1:0],1,0.00023629489603024575,0.6600000000000004,1.7635503925407396,0.0,-0.012706644552425076,1
x_aq_cp0_top/cp0_lsu_dcache_en,1,0.00023629489603024575,1.1654000000000002,3.1140024658590564,1.0,-0.009956038179480776,1
x_aq_cp0_top/cp0_lsu_dcache_pref_dist[1:0],2,0.0004725897920604915,1.1522000000000001,3.0787314580082414,0.5,0.013015322970156548,1
x_aq_cp0_top/cp0_lsu_dcache_pref_en,1,0.00023629489603024575,0.6600000000000004,1.7635503925407396,0.0,-0.012706644552425076,1
x_aq_cp0_top/cp0_lsu_dcache_read_idx[16:0],0,0.0,0.0,0.0,0.0,,0
x_aq_cp0_top/cp0_lsu_dcache_read_req,0,0.0,0.0,0.0,0.0,,0
x_aq_cp0_top/cp0_lsu_dcache_read_type,0,0.0,0.0,0.0,0.0,,0
x_aq_cp0_top/cp0_lsu_dcache_read_way[1:0],0,0.0,0.0,0.0,0.0,,0
x_aq_cp0_top/cp0_lsu_dcache_wa,1,0.00023629489603024575,1.1654000000000002,3.1140024658590564,1.0,-0.009956038179480776,1
x_aq_cp0_top/cp0_lsu_dcache_wb,0,0.0,0.0,0.0,0.0,,0
x_aq_cp0_top/cp0_lsu_fence_req,2,0.0004725897920604915,0.750135,2.0043952631947684,0.5,-0.006324721527365876,1
x_aq_cp0_top/cp0_lsu_icc_addr[63:0],44,0.010396975425330813,0.4756409090909093,1.2709344120237982,0.7272727272727273,0.055342250457082694,8
x_aq_cp0_top/cp0_lsu_icc_op[1:0],1,0.00023629489603024575,1.6444,4.393912523475744,1.0,0.1328254367070838,1
x_aq_cp0_top/cp0_lsu_icc_req,4,0.000945179584120983,0.4925575,1.3161363219301285,0.0,0.0006437491292861157,1
x_aq_cp0_top/cp0_lsu_icc_type[1:0],0,0.0,0.0,0.0,0.0,,0
x_aq_cp0_top/cp0_lsu_icg_en,0,0.0,0.0,0.0,0.0,,0
x_aq_cp0_top/cp0_lsu_mm,1,0.00023629489603024575,1.6444,4.393912523475744,1.0,0.1328254367070838,1
x_aq_cp0_top/cp0_lsu_mpp[1:0],4,0.000945179584120983,0.88828,2.37352506467589,1.0,0.04110657684777156,2
x_aq_cp0_top/cp0_lsu_mprv,0,0.0,0.0,0.0,0.0,,0
x_aq_cp0_top/cp0_lsu_sync_req,0,0.0,0.0,0.0,0.0,,0
x_aq_cp0_top/cp0_lsu_we_en,0,0.0,0.0,0.0,0.0,,0
x_aq_cp0_top/cp0_mmu_addr[11:0],62,0.014650283553875236,0.5381298387096777,1.4379077095368733,0.6451612903225806,0.025410824933784583,7
x_aq_cp0_top/cp0_mmu_icg_en,0,0.0,0.0,0.0,0.0,,0
x_aq_cp0_top/cp0_mmu_lpmd_req,0,0.0,0.0,0.0,0.0,,0
x_aq_cp0_top/cp0_mmu_maee,3,0.0007088846880907373,0.6628000000000002,1.7710321214787907,0.3333333333333333,0.04543933920409403,1
x_aq_cp0_top/cp0_mmu_mxr,0,0.0,0.0,0.0,0.0,,0
x_aq_cp0_top/cp0_mmu_ptw_en,1,0.00023629489603024575,1.6444,4.393912523475744,1.0,0.1328254367070838,1
x_aq_cp0_top/cp0_mmu_satp_data[63:0],6,0.0014177693761814746,0.4009933333333333,1.0714726521306353,0.5,0.0019731409187234185,2
x_aq_cp0_top/cp0_mmu_satp_wen,0,0.0,0.0,0.0,0.0,,0
x_aq_cp0_top/cp0_mmu_sum,0,0.0,0.0,0.0,0.0,,0
x_aq_cp0_top/cp0_mmu_tlb_all_inv,4,0.000945179584120983,0.7153924999999999,1.9115617033268184,0.5,-0.009361872957299488,1
x_aq_cp0_top/cp0_mmu_tlb_asid[15:0],62,0.014650283553875236,0.5381298387096777,1.4379077095368733,0.6451612903225806,0.025410824933784583,7
x_aq_cp0_top/cp0_mmu_tlb_asid_all_inv,0,0.0,0.0,0.0,0.0,,0
x_aq_cp0_top/cp0_mmu_tlb_va[26:0],20,0.004725897920604915,0.5968120000000001,1.5947091467773085,0.75,0.06886997929994954,7
x_aq_cp0_top/cp0_mmu_tlb_va_all_inv,0,0.0,0.0,0.0,0.0,,0
x_aq_cp0_top/cp0_mmu_tlb_va_asid_inv,0,0.0,0.0,0.0,0.0,,0
x_aq_cp0_top/cp0_mmu_wdata[63:0],54,0.01275992438563327,0.5213240740740742,1.3930019325367737,0.6666666666666666,0.07862161274667817,8
x_aq_cp0_top/cp0_mmu_wreg,0,0.0,0.0,0.0,0.0,,0
x_aq_cp0_top/cp0_pmp_addr[11:0],62,0.014650283553875236,0.5381298387096777,1.4379077095368733,0.6451612903225806,0.025410824933784583,7
x_aq_cp0_top/cp0_pmp_icg_en,0,0.0,0.0,0.0,0.0,,0
x_aq_cp0_top/cp0_pmp_wdata[63:0],54,0.01275992438563327,0.5213240740740742,1.3930019325367737,0.6666666666666666,0.07862161274667817,8
x_aq_cp0_top/cp0_pmp_wreg,0,0.0,0.0,0.0,0.0,,0
x_aq_cp0_top/cp0_rtu_ex1_chgflw,0,0.0,0.0,0.0,0.0,,0
x_aq_cp0_top/cp0_rtu_ex1_chgflw_pc[39:0],2,0.0004725897920604915,0.7596849999999998,2.0299133029656224,0.5,0.03962152930135906,8
x_aq_cp0_top/cp0_rtu_ex1_cmplt,0,0.0,0.0,0.0,0.0,,0
x_aq_cp0_top/cp0_rtu_ex1_cmplt_dp,8,0.001890359168241966,0.5281037500000001,1.4111175388102064,0.5,-0.005283264777688706,1
x_aq_cp0_top/cp0_rtu_ex1_expt_tval[39:0],70,0.0165406427221172,0.505111142857143,1.3496802337309328,0.5857142857142857,0.024284961312587804,14
x_aq_cp0_top/cp0_rtu_ex1_expt_vec[4:0],32,0.007561436672967864,0.430235625,1.1496094020511516,0.375,0.005022435515867391,2
x_aq_cp0_top/cp0_rtu_ex1_expt_vld,0,0.0,0.0,0.0,0.0,,0
x_aq_cp0_top/cp0_rtu_ex1_flush,4,0.000945179584120983,0.6043600000000002,1.6148777503574563,0.5,0.004993967589269643,1
x_aq_cp0_top/cp0_rtu_ex1_halt_info[21:0],70,0.0165406427221172,0.505111142857143,1.3496802337309328,0.5857142857142857,0.025013438979032698,2
x_aq_cp0_top/cp0_rtu_ex1_inst_dret,0,0.0,0.0,0.0,0.0,,0
x_aq_cp0_top/cp0_rtu_ex1_inst_ebreak,0,0.0,0.0,0.0,0.0,,0
x_aq_cp0_top/cp0_rtu_ex1_inst_len,68,0.01606805293005671,0.42415867647058825,1.1333715157413122,0.38235294117647056,-0.002847327869102076,1
x_aq_cp0_top/cp0_rtu_ex1_inst_mret,0,0.0,0.0,0.0,0.0,,0
x_aq_cp0_top/cp0_rtu_ex1_inst_split,4,0.000945179584120983,0.3523525000000002,0.9415021055874409,0.75,-0.014311313665728605,1
x_aq_cp0_top/cp0_rtu_ex1_inst_sret,0,0.0,0.0,0.0,0.0,,0
x_aq_cp0_top/cp0_rtu_ex1_vs_dirty,0,0.0,0.0,0.0,0.0,,0
x_aq_cp0_top/cp0_rtu_ex1_vs_dirty_dp,0,0.0,0.0,0.0,0.0,,0
x_aq_cp0_top/cp0_rtu_ex1_wb_data[63:0],48,0.011342155009451797,0.5167466666666667,1.380770889157755,0.625,0.06703965664248653,7
x_aq_cp0_top/cp0_rtu_ex1_wb_dp,2,0.0004725897920604915,0.9101200000000003,2.431882550392693,1.0,0.004361376793285674,1
x_aq_cp0_top/cp0_rtu_ex1_wb_preg[5:0],16,0.003780718336483932,0.6014531250000001,1.6071104464978851,0.5625,0.11728279315402472,1
x_aq_cp0_top/cp0_rtu_ex1_wb_vld,0,0.0,0.0,0.0,0.0,,0
x_aq_cp0_top/cp0_rtu_fence_idle,5,0.0011814744801512287,0.4973660000000001,1.3289848553582078,0.8,0.012755721728681602,1
x_aq_cp0_top/cp0_rtu_icg_en,0,0.0,0.0,0.0,0.0,,0
x_aq_cp0_top/cp0_rtu_in_lpmd,0,0.0,0.0,0.0,0.0,,0
x_aq_cp0_top/cp0_rtu_int_vld[14:0],0,0.0,0.0,0.0,0.0,,0
x_aq_cp0_top/cp0_rtu_trap_pc[39:0],4,0.000945179584120983,0.7854200000000001,2.0986784080444654,0.75,0.011951649958665319,5
x_aq_cp0_top/cp0_rtu_vstart_eq_0,0,0.0,0.0,0.0,0.0,,0
x_aq_cp0_top/cp0_vpu_icg_en,0,0.0,0.0,0.0,0.0,,0
x_aq_cp0_top/cp0_vpu_xx_bf16,0,0.0,0.0,0.0,0.0,,0
x_aq_cp0_top/cp0_vpu_xx_dqnan,0,0.0,0.0,0.0,0.0,,0
x_aq_cp0_top/cp0_vpu_xx_rm[2:0],0,0.0,0.0,0.0,0.0,,0
x_aq_cp0_top/cp0_xx_mrvbr[39:0],0,0.0,0.0,0.0,0.0,,0
x_aq_cp0_top/cp0_yy_clk_en,1,0.00023629489603024575,1.6444,4.393912523475744,1.0,0.1328254367070838,1
x_aq_cp0_top/cp0_yy_priv_mode[1:0],3,0.0007088846880907373,0.76905,2.054937014217356,0.6666666666666666,0.05557438793328686,2
x_aq_cp0_top/cpurst_b,3,0.0007088846880907373,0.6837766666666667,1.827082740773027,0.3333333333333333,0.020758564418104496,1
x_aq_cp0_top/dtu_cp0_dcsr_mprven,0,0.0,0.0,0.0,0.0,,0
x_aq_cp0_top/dtu_cp0_dcsr_prv[1:0],0,0.0,0.0,0.0,0.0,,0
x_aq_cp0_top/dtu_cp0_rdata[63:0],0,0.0,0.0,0.0,0.0,,0
x_aq_cp0_top/dtu_cp0_wake_up,0,0.0,0.0,0.0,0.0,,0
x_aq_cp0_top/forever_cpuclk,0,0.0,0.0,0.0,0.0,,0
x_aq_cp0_top/hpcp_cp0_data[63:0],0,0.0,0.0,0.0,0.0,,0
x_aq_cp0_top/hpcp_cp0_int_vld,0,0.0,0.0,0.0,0.0,,0
x_aq_cp0_top/hpcp_cp0_sce,0,0.0,0.0,0.0,0.0,,0
x_aq_cp0_top/idu_cp0_ex1_dp_sel,8,0.001890359168241966,0.5281037500000001,1.4111175388102064,0.5,-0.005283264777688706,1
x_aq_cp0_top/idu_cp0_ex1_dst0_reg[5:0],202,0.04773156899810964,0.4286070792079208,1.1452578527013155,0.25742574257425743,0.005962447209581361,4
x_aq_cp0_top/idu_cp0_ex1_expt_acc_error,0,0.0,0.0,0.0,0.0,,0
x_aq_cp0_top/idu_cp0_ex1_expt_high,0,0.0,0.0,0.0,0.0,,0
x_aq_cp0_top/idu_cp0_ex1_expt_illegal,14,0.0033081285444234404,0.37587000000000004,1.0043419485519507,0.2857142857142857,0.004166459574632859,1
x_aq_cp0_top/idu_cp0_ex1_expt_page_fault,0,0.0,0.0,0.0,0.0,,0
x_aq_cp0_top/idu_cp0_ex1_func[19:0],259,0.06120037807183365,0.41725779922779926,1.114932053967985,0.29343629343629346,-0.022378863707461765,10
x_aq_cp0_top/idu_cp0_ex1_gateclk_sel,8,0.001890359168241966,0.5281037500000001,1.4111175388102064,0.5,-0.005283264777688706,1
x_aq_cp0_top/idu_cp0_ex1_halt_info[21:0],2,0.0004725897920604915,1.32128,3.5305210040245867,1.0,0.12404361052071332,2
x_aq_cp0_top/idu_cp0_ex1_length,68,0.01606805293005671,0.42415867647058825,1.1333715157413122,0.38235294117647056,-0.002847327869102076,1
x_aq_cp0_top/idu_cp0_ex1_opcode[31:0],346,0.08175803402646503,0.40887612716763005,1.092535840253047,0.23121387283236994,0.024697161259502127,22
x_aq_cp0_top/idu_cp0_ex1_sel,8,0.001890359168241966,0.5281037500000001,1.4111175388102064,0.5,-0.005283264777688706,1
x_aq_cp0_top/idu_cp0_ex1_split,4,0.000945179584120983,0.3523525000000002,0.9415021055874409,0.75,-0.014311313665728605,1
x_aq_cp0_top/idu_cp0_ex1_src0_data[63:0],185,0.043714555765595464,0.43185043243243243,1.1539242418713695,0.3027027027027027,0.023127048764543467,48
x_aq_cp0_top/idu_cp0_ex1_src1_data[63:0],285,0.06734404536862004,0.42044845614035087,1.1234576361658535,0.27017543859649124,-0.010154578810480838,61
x_aq_cp0_top/ifu_cp0_bht_inv_done,0,0.0,0.0,0.0,0.0,,0
x_aq_cp0_top/ifu_cp0_icache_inv_done,0,0.0,0.0,0.0,0.0,,0
x_aq_cp0_top/ifu_cp0_icache_read_data[127:0],23,0.005434782608695652,0.30404347826086964,0.8124181749036488,0.0,-0.007576415085483586,1
x_aq_cp0_top/ifu_cp0_icache_read_data_vld,0,0.0,0.0,0.0,0.0,,0
x_aq_cp0_top/ifu_cp0_rst_inv_req,2,0.0004725897920604915,0.9682000000000001,2.5870749849362777,0.5,0.014407296139769545,1
x_aq_cp0_top/ifu_cp0_warm_up,2,0.0004725897920604915,0.41285,1.1031542114552182,0.0,0.000463101734503419,1
x_aq_cp0_top/ifu_yy_xx_no_op,109,0.025756143667296786,0.4005282568807339,1.0702299464328426,0.08256880733944955,0.046591832661324224,1
x_aq_cp0_top/iu_cp0_ex1_cur_pc[39:0],258,0.0609640831758034,0.39955251937984493,1.0676227308984343,0.20155038759689922,-0.00397678728393228,10
x_aq_cp0_top/lsu_cp0_dcache_read_data[127:0],0,0.0,0.0,0.0,0.0,,0
x_aq_cp0_top/lsu_cp0_dcache_read_data_vld,0,0.0,0.0,0.0,0.0,,0
x_aq_cp0_top/lsu_cp0_fence_ack,18,0.004253308128544423,0.6222277777777777,1.662621275378411,0.3333333333333333,0.030390066465161795,1
x_aq_cp0_top/lsu_cp0_icc_done,0,0.0,0.0,0.0,0.0,,0
x_aq_cp0_top/lsu_cp0_sync_ack,18,0.004253308128544423,0.6222277777777777,1.662621275378411,0.3333333333333333,0.030390066465161795,1
x_aq_cp0_top/mmu_cp0_cmplt,0,0.0,0.0,0.0,0.0,,0
x_aq_cp0_top/mmu_cp0_data[63:0],0,0.0,0.0,0.0,0.0,,0
x_aq_cp0_top/mmu_cp0_tlb_inv_done,4,0.000945179584120983,0.5736724999999998,1.5328793372194343,0.5,-0.006776904817167919,1
x_aq_cp0_top/mmu_yy_xx_no_op,0,0.0,0.0,0.0,0.0,,0
x_aq_cp0_top/pad_yy_icg_scan_en,0,0.0,0.0,0.0,0.0,,0
x_aq_cp0_top/pmp_cp0_data[63:0],0,0.0,0.0,0.0,0.0,,0
x_aq_cp0_top/rtu_cp0_epc[63:0],263,0.06214555765595463,0.4063060076045627,1.0856683624283134,0.23954372623574144,-0.004007567894786867,10
x_aq_cp0_top/rtu_cp0_exit_debug,0,0.0,0.0,0.0,0.0,,0
x_aq_cp0_top/rtu_cp0_fflags[4:0],0,0.0,0.0,0.0,0.0,,0
x_aq_cp0_top/rtu_cp0_fflags_updt,0,0.0,0.0,0.0,0.0,,0
x_aq_cp0_top/rtu_cp0_fs_dirty_updt,0,0.0,0.0,0.0,0.0,,0
x_aq_cp0_top/rtu_cp0_fs_dirty_updt_dp,0,0.0,0.0,0.0,0.0,,0
x_aq_cp0_top/rtu_cp0_tval[63:0],0,0.0,0.0,0.0,0.0,,0
x_aq_cp0_top/rtu_cp0_vl[7:0],0,0.0,0.0,0.0,0.0,,0
x_aq_cp0_top/rtu_cp0_vl_vld,0,0.0,0.0,0.0,0.0,,0
x_aq_cp0_top/rtu_cp0_vs_dirty_updt,0,0.0,0.0,0.0,0.0,,0
x_aq_cp0_top/rtu_cp0_vs_dirty_updt_dp,0,0.0,0.0,0.0,0.0,,0
x_aq_cp0_top/rtu_cp0_vstart[6:0],0,0.0,0.0,0.0,0.0,,0
x_aq_cp0_top/rtu_cp0_vstart_vld,0,0.0,0.0,0.0,0.0,,0
x_aq_cp0_top/rtu_cp0_vxsat,0,0.0,0.0,0.0,0.0,,0
x_aq_cp0_top/rtu_cp0_vxsat_vld,0,0.0,0.0,0.0,0.0,,0
x_aq_cp0_top/rtu_yy_xx_dbgon,0,0.0,0.0,0.0,0.0,,0
x_aq_cp0_top/rtu_yy_xx_expt_int,0,0.0,0.0,0.0,0.0,,0
x_aq_cp0_top/rtu_yy_xx_expt_vec[4:0],0,0.0,0.0,0.0,0.0,,0
x_aq_cp0_top/rtu_yy_xx_expt_vld,0,0.0,0.0,0.0,0.0,,0
x_aq_cp0_top/rtu_yy_xx_flush,0,0.0,0.0,0.0,0.0,,0
x_aq_cp0_top/sysio_cp0_apb_base[39:0],5,0.0011814744801512287,0.588254,1.5718417766873634,0.2,0.0035127760650378245,2
x_aq_cp0_top/vidu_cp0_vid_fof_vld,0,0.0,0.0,0.0,0.0,,0
x_aq_cp0_top/fence_top_cur_state[2:0],8,0.001890359168241966,0.25118875000000007,0.6711879070671478,0.375,-0.014790438727217367,3
x_aq_cp0_top/iui_inst_rs2[63:0],62,0.014650283553875236,0.5381298387096777,1.4379077095368733,0.6451612903225806,0.025410824933784583,7
x_aq_cp0_top/iui_inst_vsetvl_decd,0,0.0,0.0,0.0,0.0,,0
x_aq_cp0_top/iui_regs_csr_en,2,0.0004725897920604915,0.9101200000000003,2.431882550392693,1.0,0.004361376793285674,1
x_aq_cp0_top/iui_regs_csr_wen,0,0.0,0.0,0.0,0.0,,0
x_aq_cp0_top/iui_regs_csr_wen_no_imm_ill,0,0.0,0.0,0.0,0.0,,0
x_aq_cp0_top/iui_regs_csr_write,2,0.0004725897920604915,0.9101200000000003,2.431882550392693,1.0,0.004361376793285674,1
x_aq_cp0_top/iui_regs_csr_write_no_imm_ill,2,0.0004725897920604915,0.9101200000000003,2.431882550392693,1.0,0.004361376793285674,1
x_aq_cp0_top/iui_regs_imm[11:0],62,0.014650283553875236,0.5381298387096777,1.4379077095368733,0.6451612903225806,0.025410824933784583,7
x_aq_cp0_top/iui_regs_inst_mret,0,0.0,0.0,0.0,0.0,,0
x_aq_cp0_top/iui_regs_inst_sret,0,0.0,0.0,0.0,0.0,,0
x_aq_cp0_top/iui_regs_wdata[63:0],54,0.01275992438563327,0.5213240740740742,1.3930019325367737,0.6666666666666666,0.07862161274667817,8
x_aq_cp0_top/iui_special_cache,0,0.0,0.0,0.0,0.0,,0
x_aq_cp0_top/iui_special_cache_func[5:0],0,0.0,0.0,0.0,0.0,,0
x_aq_cp0_top/iui_special_fence,2,0.0004725897920604915,0.750135,2.0043952631947684,0.5,-0.006324721527365876,1
x_aq_cp0_top/iui_special_fencei,0,0.0,0.0,0.0,0.0,,0
x_aq_cp0_top/iui_special_rs1[63:0],44,0.010396975425330813,0.4756409090909093,1.2709344120237982,0.7272727272727273,0.055342250457082694,8
x_aq_cp0_top/iui_special_rs1_x0,6,0.0014177693761814746,0.4007650000000001,1.0708625349493777,0.3333333333333333,-0.015968304848018797,1
x_aq_cp0_top/iui_special_rs2[63:0],62,0.014650283553875236,0.5381298387096777,1.4379077095368733,0.6451612903225806,0.025410824933784583,7
x_aq_cp0_top/iui_special_rs2_x0,4,0.000945179584120983,0.22608000000000011,0.6040961708266824,0.25,-0.015042427929394723,1
x_aq_cp0_top/iui_special_sfence,2,0.0004725897920604915,0.15356000000000003,0.41031939133114526,0.5,-0.0161038912083135,1
x_aq_cp0_top/iui_special_sync,0,0.0,0.0,0.0,0.0,,0
x_aq_cp0_top/iui_special_synci,2,0.0004725897920604915,0.2986000000000002,0.7978729503222196,0.0,0.012543351553159941,1
x_aq_cp0_top/iui_special_vsetvl,0,0.0,0.0,0.0,0.0,,0
x_aq_cp0_top/iui_special_vsetvl_dp,0,0.0,0.0,0.0,0.0,,0
x_aq_cp0_top/iui_special_vsetvl_rs1[63:0],62,0.014650283553875236,0.5381298387096777,1.4379077095368733,0.6451612903225806,0.025410824933784583,7
x_aq_cp0_top/iui_special_vsetvl_rs2[11:0],26,0.006143667296786389,0.489128076923077,1.306972745546044,0.7307692307692307,0.06701398259820494,8
x_aq_cp0_top/iui_special_wfi,0,0.0,0.0,0.0,0.0,,0
x_aq_cp0_top/iui_vsetvl_bypass,0,0.0,0.0,0.0,0.0,,0
x_aq_cp0_top/iui_vsetvl_data[4:0],102,0.024102079395085067,0.42040382352941175,1.1233383757741235,0.2647058823529412,-0.0016709444492837248,4
x_aq_cp0_top/lpmd_top_cur_state[1:0],0,0.0,0.0,0.0,0.0,,0
x_aq_cp0_top/regs_clk,0,0.0,0.0,0.0,0.0,,0
x_aq_cp0_top/regs_iui_csr_inv,57,0.013468809073724008,0.5389885964912282,1.4402023498743748,0.6491228070175439,-0.05368768563033326,1
x_aq_cp0_top/regs_iui_mcins_stall,0,0.0,0.0,0.0,0.0,,0
x_aq_cp0_top/regs_iui_mcor_stall,2,0.0004725897920604915,0.48516000000000015,1.2963698612804015,1.0,0.004278266335194282,1
x_aq_cp0_top/regs_iui_mepc[39:0],2,0.0004725897920604915,0.04401999999999995,0.11762346709036853,0.5,-0.0056540098189273936,8
x_aq_cp0_top/regs_iui_pm[1:0],3,0.0007088846880907373,0.76905,2.054937014217356,0.6666666666666666,0.05557438793328686,2
x_aq_cp0_top/regs_iui_rdata[63:0],48,0.011342155009451797,0.5167466666666667,1.380770889157755,0.625,0.06703965664248653,7
x_aq_cp0_top/regs_iui_rdata_for_w[63:0],48,0.011342155009451797,0.5167466666666667,1.380770889157755,0.625,0.06703965664248653,7
x_aq_cp0_top/regs_iui_sepc[39:0],0,0.0,0.0,0.0,0.0,,0
x_aq_cp0_top/regs_iui_smcir_stall,0,0.0,0.0,0.0,0.0,,0
x_aq_cp0_top/regs_iui_trigger_mro,0,0.0,0.0,0.0,0.0,,0
x_aq_cp0_top/regs_iui_trigger_smode,0,0.0,0.0,0.0,0.0,,0
x_aq_cp0_top/regs_iui_tsr,0,0.0,0.0,0.0,0.0,,0
x_aq_cp0_top/regs_iui_tvm,0,0.0,0.0,0.0,0.0,,0
x_aq_cp0_top/regs_iui_tw,0,0.0,0.0,0.0,0.0,,0
x_aq_cp0_top/regs_lpmd_int_vld,0,0.0,0.0,0.0,0.0,,0
x_aq_cp0_top/regs_special_bht_inv,2,0.0004725897920604915,0.21716000000000002,0.5802615200668891,1.0,0.004582621391410421,1
x_aq_cp0_top/regs_special_dcache_clr,0,0.0,0.0,0.0,0.0,,0
x_aq_cp0_top/regs_special_dcache_inv,2,0.0004725897920604915,0.582165,1.5555716882931503,0.5,-0.0021358246274142643,1
x_aq_cp0_top/regs_special_dcache_req,2,0.0004725897920604915,0.582165,1.5555716882931503,0.5,-0.0021358246274142643,1
x_aq_cp0_top/regs_special_icache_inv,2,0.0004725897920604915,0.2111599999999999,0.564229243771064,0.5,0.0012634695606696853,1
x_aq_cp0_top/regs_xx_icg_en,0,0.0,0.0,0.0,0.0,,0
x_aq_cp0_top/rst_top_op_done,5,0.0011814744801512287,0.4973660000000001,1.3289848553582078,0.8,0.012755721728681602,1
x_aq_cp0_top/special_iui_stall,6,0.0014177693761814746,0.3762033333333334,1.0052326305683856,0.3333333333333333,-0.01477016082580644,1
x_aq_cp0_top/special_iui_vsetvl_wdata[63:0],0,0.0,0.0,0.0,0.0,,0
x_aq_cp0_top/special_regs_vill,0,0.0,0.0,0.0,0.0,,0
x_aq_cp0_top/special_regs_vsetvl_dp,0,0.0,0.0,0.0,0.0,,0
x_aq_cp0_top/special_vsetvl_illegal,0,0.0,0.0,0.0,0.0,,0
x_aq_cp0_top/x_aq_cp0_iui/cp0_dtu_addr[11:0],62,0.014650283553875236,0.5381298387096777,1.4379077095368733,0.6451612903225806,0.025410824933784583,7
x_aq_cp0_top/x_aq_cp0_iui/cp0_dtu_rreg,2,0.0004725897920604915,0.9101200000000003,2.431882550392693,1.0,0.004361376793285674,1
x_aq_cp0_top/x_aq_cp0_iui/cp0_dtu_wdata[63:0],54,0.01275992438563327,0.5213240740740742,1.3930019325367737,0.6666666666666666,0.07862161274667817,8
x_aq_cp0_top/x_aq_cp0_iui/cp0_dtu_wreg,0,0.0,0.0,0.0,0.0,,0
x_aq_cp0_top/x_aq_cp0_iui/cp0_hpcp_index[11:0],62,0.014650283553875236,0.5381298387096777,1.4379077095368733,0.6451612903225806,0.025410824933784583,7
x_aq_cp0_top/x_aq_cp0_iui/cp0_hpcp_wdata[63:0],54,0.01275992438563327,0.5213240740740742,1.3930019325367737,0.6666666666666666,0.07862161274667817,8
x_aq_cp0_top/x_aq_cp0_iui/cp0_hpcp_wreg,0,0.0,0.0,0.0,0.0,,0
x_aq_cp0_top/x_aq_cp0_iui/cp0_idu_issue_stall,8,0.001890359168241966,0.40344250000000004,1.0780169382463893,0.5,-0.00463322805407398,1
x_aq_cp0_top/x_aq_cp0_iui/cp0_idu_vsetvl_dis_stall,0,0.0,0.0,0.0,0.0,,0
x_aq_cp0_top/x_aq_cp0_iui/cp0_mmu_addr[11:0],62,0.014650283553875236,0.5381298387096777,1.4379077095368733,0.6451612903225806,0.025410824933784583,7
x_aq_cp0_top/x_aq_cp0_iui/cp0_mmu_wdata[63:0],54,0.01275992438563327,0.5213240740740742,1.3930019325367737,0.6666666666666666,0.07862161274667817,8
x_aq_cp0_top/x_aq_cp0_iui/cp0_mmu_wreg,0,0.0,0.0,0.0,0.0,,0
x_aq_cp0_top/x_aq_cp0_iui/cp0_pmp_addr[11:0],62,0.014650283553875236,0.5381298387096777,1.4379077095368733,0.6451612903225806,0.025410824933784583,7
x_aq_cp0_top/x_aq_cp0_iui/cp0_pmp_wdata[63:0],54,0.01275992438563327,0.5213240740740742,1.3930019325367737,0.6666666666666666,0.07862161274667817,8
x_aq_cp0_top/x_aq_cp0_iui/cp0_pmp_wreg,0,0.0,0.0,0.0,0.0,,0
x_aq_cp0_top/x_aq_cp0_iui/cp0_rtu_ex1_chgflw,0,0.0,0.0,0.0,0.0,,0
x_aq_cp0_top/x_aq_cp0_iui/cp0_rtu_ex1_chgflw_pc[39:0],2,0.0004725897920604915,0.7596849999999998,2.0299133029656224,0.5,0.03962152930135906,8
x_aq_cp0_top/x_aq_cp0_iui/cp0_rtu_ex1_cmplt,0,0.0,0.0,0.0,0.0,,0
x_aq_cp0_top/x_aq_cp0_iui/cp0_rtu_ex1_cmplt_dp,8,0.001890359168241966,0.5281037500000001,1.4111175388102064,0.5,-0.005283264777688706,1
x_aq_cp0_top/x_aq_cp0_iui/cp0_rtu_ex1_expt_tval[39:0],70,0.0165406427221172,0.505111142857143,1.3496802337309328,0.5857142857142857,0.024284961312587804,14
x_aq_cp0_top/x_aq_cp0_iui/cp0_rtu_ex1_expt_vec[4:0],32,0.007561436672967864,0.430235625,1.1496094020511516,0.375,0.005022435515867391,2
x_aq_cp0_top/x_aq_cp0_iui/cp0_rtu_ex1_expt_vld,0,0.0,0.0,0.0,0.0,,0
x_aq_cp0_top/x_aq_cp0_iui/cp0_rtu_ex1_flush,4,0.000945179584120983,0.6043600000000002,1.6148777503574563,0.5,0.004993967589269643,1
x_aq_cp0_top/x_aq_cp0_iui/cp0_rtu_ex1_halt_info[21:0],70,0.0165406427221172,0.505111142857143,1.3496802337309328,0.5857142857142857,0.025013438979032698,2
x_aq_cp0_top/x_aq_cp0_iui/cp0_rtu_ex1_inst_dret,0,0.0,0.0,0.0,0.0,,0
x_aq_cp0_top/x_aq_cp0_iui/cp0_rtu_ex1_inst_ebreak,0,0.0,0.0,0.0,0.0,,0
x_aq_cp0_top/x_aq_cp0_iui/cp0_rtu_ex1_inst_len,68,0.01606805293005671,0.42415867647058825,1.1333715157413122,0.38235294117647056,-0.002847327869102076,1
x_aq_cp0_top/x_aq_cp0_iui/cp0_rtu_ex1_inst_mret,0,0.0,0.0,0.0,0.0,,0
x_aq_cp0_top/x_aq_cp0_iui/cp0_rtu_ex1_inst_split,4,0.000945179584120983,0.3523525000000002,0.9415021055874409,0.75,-0.014311313665728605,1
x_aq_cp0_top/x_aq_cp0_iui/cp0_rtu_ex1_inst_sret,0,0.0,0.0,0.0,0.0,,0
x_aq_cp0_top/x_aq_cp0_iui/cp0_rtu_ex1_vs_dirty,0,0.0,0.0,0.0,0.0,,0
x_aq_cp0_top/x_aq_cp0_iui/cp0_rtu_ex1_vs_dirty_dp,0,0.0,0.0,0.0,0.0,,0
x_aq_cp0_top/x_aq_cp0_iui/cp0_rtu_ex1_wb_data[63:0],48,0.011342155009451797,0.5167466666666667,1.380770889157755,0.625,0.06703965664248653,7
x_aq_cp0_top/x_aq_cp0_iui/cp0_rtu_ex1_wb_dp,2,0.0004725897920604915,0.9101200000000003,2.431882550392693,1.0,0.004361376793285674,1
x_aq_cp0_top/x_aq_cp0_iui/cp0_rtu_ex1_wb_preg[5:0],16,0.003780718336483932,0.6014531250000001,1.6071104464978851,0.5625,0.11728279315402472,1
x_aq_cp0_top/x_aq_cp0_iui/cp0_rtu_ex1_wb_vld,0,0.0,0.0,0.0,0.0,,0
x_aq_cp0_top/x_aq_cp0_iui/cpurst_b,3,0.0007088846880907373,0.6837766666666667,1.827082740773027,0.3333333333333333,0.020758564418104496,1
x_aq_cp0_top/x_aq_cp0_iui/idu_cp0_ex1_dp_sel,8,0.001890359168241966,0.5281037500000001,1.4111175388102064,0.5,-0.005283264777688706,1
x_aq_cp0_top/x_aq_cp0_iui/idu_cp0_ex1_dst0_reg[5:0],202,0.04773156899810964,0.4286070792079208,1.1452578527013155,0.25742574257425743,0.005962447209581361,4
x_aq_cp0_top/x_aq_cp0_iui/idu_cp0_ex1_expt_acc_error,0,0.0,0.0,0.0,0.0,,0
x_aq_cp0_top/x_aq_cp0_iui/idu_cp0_ex1_expt_high,0,0.0,0.0,0.0,0.0,,0
x_aq_cp0_top/x_aq_cp0_iui/idu_cp0_ex1_expt_illegal,14,0.0033081285444234404,0.37587000000000004,1.0043419485519507,0.2857142857142857,0.004166459574632859,1
x_aq_cp0_top/x_aq_cp0_iui/idu_cp0_ex1_expt_page_fault,0,0.0,0.0,0.0,0.0,,0
x_aq_cp0_top/x_aq_cp0_iui/idu_cp0_ex1_func[19:0],259,0.06120037807183365,0.41725779922779926,1.114932053967985,0.29343629343629346,-0.022378863707461765,10
x_aq_cp0_top/x_aq_cp0_iui/idu_cp0_ex1_gateclk_sel,8,0.001890359168241966,0.5281037500000001,1.4111175388102064,0.5,-0.005283264777688706,1
x_aq_cp0_top/x_aq_cp0_iui/idu_cp0_ex1_halt_info[21:0],2,0.0004725897920604915,1.32128,3.5305210040245867,1.0,0.12404361052071332,2
x_aq_cp0_top/x_aq_cp0_iui/idu_cp0_ex1_length,68,0.01606805293005671,0.42415867647058825,1.1333715157413122,0.38235294117647056,-0.002847327869102076,1
x_aq_cp0_top/x_aq_cp0_iui/idu_cp0_ex1_opcode[31:0],346,0.08175803402646503,0.40887612716763005,1.092535840253047,0.23121387283236994,0.024697161259502127,22
x_aq_cp0_top/x_aq_cp0_iui/idu_cp0_ex1_sel,8,0.001890359168241966,0.5281037500000001,1.4111175388102064,0.5,-0.005283264777688706,1
x_aq_cp0_top/x_aq_cp0_iui/idu_cp0_ex1_split,4,0.000945179584120983,0.3523525000000002,0.9415021055874409,0.75,-0.014311313665728605,1
x_aq_cp0_top/x_aq_cp0_iui/idu_cp0_ex1_src0_data[63:0],185,0.043714555765595464,0.43185043243243243,1.1539242418713695,0.3027027027027027,0.023127048764543467,48
x_aq_cp0_top/x_aq_cp0_iui/idu_cp0_ex1_src1_data[63:0],285,0.06734404536862004,0.42044845614035087,1.1234576361658535,0.27017543859649124,-0.010154578810480838,61
x_aq_cp0_top/x_aq_cp0_iui/ifu_cp0_warm_up,2,0.0004725897920604915,0.41285,1.1031542114552182,0.0,0.000463101734503419,1
x_aq_cp0_top/x_aq_cp0_iui/iu_cp0_ex1_cur_pc[39:0],258,0.0609640831758034,0.39955251937984493,1.0676227308984343,0.20155038759689922,-0.00397678728393228,10
x_aq_cp0_top/x_aq_cp0_iui/iui_inst_rs2[63:0],62,0.014650283553875236,0.5381298387096777,1.4379077095368733,0.6451612903225806,0.025410824933784583,7
x_aq_cp0_top/x_aq_cp0_iui/iui_inst_vsetvl_decd,0,0.0,0.0,0.0,0.0,,0
x_aq_cp0_top/x_aq_cp0_iui/iui_regs_csr_en,2,0.0004725897920604915,0.9101200000000003,2.431882550392693,1.0,0.004361376793285674,1
x_aq_cp0_top/x_aq_cp0_iui/iui_regs_csr_wen,0,0.0,0.0,0.0,0.0,,0
x_aq_cp0_top/x_aq_cp0_iui/iui_regs_csr_wen_no_imm_ill,0,0.0,0.0,0.0,0.0,,0
x_aq_cp0_top/x_aq_cp0_iui/iui_regs_csr_write,2,0.0004725897920604915,0.9101200000000003,2.431882550392693,1.0,0.004361376793285674,1
x_aq_cp0_top/x_aq_cp0_iui/iui_regs_csr_write_no_imm_ill,2,0.0004725897920604915,0.9101200000000003,2.431882550392693,1.0,0.004361376793285674,1
x_aq_cp0_top/x_aq_cp0_iui/iui_regs_imm[11:0],62,0.014650283553875236,0.5381298387096777,1.4379077095368733,0.6451612903225806,0.025410824933784583,7
x_aq_cp0_top/x_aq_cp0_iui/iui_regs_inst_mret,0,0.0,0.0,0.0,0.0,,0
x_aq_cp0_top/x_aq_cp0_iui/iui_regs_inst_sret,0,0.0,0.0,0.0,0.0,,0
x_aq_cp0_top/x_aq_cp0_iui/iui_regs_wdata[63:0],54,0.01275992438563327,0.5213240740740742,1.3930019325367737,0.6666666666666666,0.07862161274667817,8
x_aq_cp0_top/x_aq_cp0_iui/iui_special_cache,0,0.0,0.0,0.0,0.0,,0
x_aq_cp0_top/x_aq_cp0_iui/iui_special_cache_func[5:0],0,0.0,0.0,0.0,0.0,,0
x_aq_cp0_top/x_aq_cp0_iui/iui_special_fence,2,0.0004725897920604915,0.750135,2.0043952631947684,0.5,-0.006324721527365876,1
x_aq_cp0_top/x_aq_cp0_iui/iui_special_fencei,0,0.0,0.0,0.0,0.0,,0
x_aq_cp0_top/x_aq_cp0_iui/iui_special_rs1[63:0],44,0.010396975425330813,0.4756409090909093,1.2709344120237982,0.7272727272727273,0.055342250457082694,8
x_aq_cp0_top/x_aq_cp0_iui/iui_special_rs1_x0,6,0.0014177693761814746,0.4007650000000001,1.0708625349493777,0.3333333333333333,-0.015968304848018797,1
x_aq_cp0_top/x_aq_cp0_iui/iui_special_rs2[63:0],62,0.014650283553875236,0.5381298387096777,1.4379077095368733,0.6451612903225806,0.025410824933784583,7
x_aq_cp0_top/x_aq_cp0_iui/iui_special_rs2_x0,4,0.000945179584120983,0.22608000000000011,0.6040961708266824,0.25,-0.015042427929394723,1
x_aq_cp0_top/x_aq_cp0_iui/iui_special_sfence,2,0.0004725897920604915,0.15356000000000003,0.41031939133114526,0.5,-0.0161038912083135,1
x_aq_cp0_top/x_aq_cp0_iui/iui_special_sync,0,0.0,0.0,0.0,0.0,,0
x_aq_cp0_top/x_aq_cp0_iui/iui_special_synci,2,0.0004725897920604915,0.2986000000000002,0.7978729503222196,0.0,0.012543351553159941,1
x_aq_cp0_top/x_aq_cp0_iui/iui_special_vsetvl,0,0.0,0.0,0.0,0.0,,0
x_aq_cp0_top/x_aq_cp0_iui/iui_special_vsetvl_dp,0,0.0,0.0,0.0,0.0,,0
x_aq_cp0_top/x_aq_cp0_iui/iui_special_vsetvl_rs1[63:0],62,0.014650283553875236,0.5381298387096777,1.4379077095368733,0.6451612903225806,0.025410824933784583,7
x_aq_cp0_top/x_aq_cp0_iui/iui_special_vsetvl_rs2[11:0],26,0.006143667296786389,0.489128076923077,1.306972745546044,0.7307692307692307,0.06701398259820494,8
x_aq_cp0_top/x_aq_cp0_iui/iui_special_wfi,0,0.0,0.0,0.0,0.0,,0
x_aq_cp0_top/x_aq_cp0_iui/iui_vsetvl_bypass,0,0.0,0.0,0.0,0.0,,0
x_aq_cp0_top/x_aq_cp0_iui/iui_vsetvl_data[4:0],102,0.024102079395085067,0.42040382352941175,1.1233383757741235,0.2647058823529412,-0.0016709444492837248,4
x_aq_cp0_top/x_aq_cp0_iui/regs_clk,0,0.0,0.0,0.0,0.0,,0
x_aq_cp0_top/x_aq_cp0_iui/regs_iui_csr_inv,57,0.013468809073724008,0.5389885964912282,1.4402023498743748,0.6491228070175439,-0.05368768563033326,1
x_aq_cp0_top/x_aq_cp0_iui/regs_iui_mcins_stall,0,0.0,0.0,0.0,0.0,,0
x_aq_cp0_top/x_aq_cp0_iui/regs_iui_mcor_stall,2,0.0004725897920604915,0.48516000000000015,1.2963698612804015,1.0,0.004278266335194282,1
x_aq_cp0_top/x_aq_cp0_iui/regs_iui_mepc[39:0],2,0.0004725897920604915,0.04401999999999995,0.11762346709036853,0.5,-0.0056540098189273936,8
x_aq_cp0_top/x_aq_cp0_iui/regs_iui_pm[1:0],3,0.0007088846880907373,0.76905,2.054937014217356,0.6666666666666666,0.05557438793328686,2
x_aq_cp0_top/x_aq_cp0_iui/regs_iui_rdata[63:0],48,0.011342155009451797,0.5167466666666667,1.380770889157755,0.625,0.06703965664248653,7
x_aq_cp0_top/x_aq_cp0_iui/regs_iui_rdata_for_w[63:0],48,0.011342155009451797,0.5167466666666667,1.380770889157755,0.625,0.06703965664248653,7
x_aq_cp0_top/x_aq_cp0_iui/regs_iui_sepc[39:0],0,0.0,0.0,0.0,0.0,,0
x_aq_cp0_top/x_aq_cp0_iui/regs_iui_smcir_stall,0,0.0,0.0,0.0,0.0,,0
x_aq_cp0_top/x_aq_cp0_iui/regs_iui_trigger_mro,0,0.0,0.0,0.0,0.0,,0
x_aq_cp0_top/x_aq_cp0_iui/regs_iui_trigger_smode,0,0.0,0.0,0.0,0.0,,0
x_aq_cp0_top/x_aq_cp0_iui/regs_iui_tsr,0,0.0,0.0,0.0,0.0,,0
x_aq_cp0_top/x_aq_cp0_iui/regs_iui_tvm,0,0.0,0.0,0.0,0.0,,0
x_aq_cp0_top/x_aq_cp0_iui/regs_iui_tw,0,0.0,0.0,0.0,0.0,,0
x_aq_cp0_top/x_aq_cp0_iui/rtu_yy_xx_dbgon,0,0.0,0.0,0.0,0.0,,0
x_aq_cp0_top/x_aq_cp0_iui/special_iui_stall,6,0.0014177693761814746,0.3762033333333334,1.0052326305683856,0.3333333333333333,-0.01477016082580644,1
x_aq_cp0_top/x_aq_cp0_iui/special_iui_vsetvl_wdata[63:0],0,0.0,0.0,0.0,0.0,,0
x_aq_cp0_top/x_aq_cp0_iui/vidu_cp0_vid_fof_vld,0,0.0,0.0,0.0,0.0,,0
x_aq_cp0_top/x_aq_cp0_iui/iui_accflt_expt,0,0.0,0.0,0.0,0.0,,0
x_aq_cp0_top/x_aq_cp0_iui/iui_cancel,0,0.0,0.0,0.0,0.0,,0
x_aq_cp0_top/x_aq_cp0_iui/iui_chgflw_pc[39:0],2,0.0004725897920604915,0.7596849999999998,2.0299133029656224,0.5,0.03962152930135906,8
x_aq_cp0_top/x_aq_cp0_iui/iui_csr_expt_vld,0,0.0,0.0,0.0,0.0,,0
x_aq_cp0_top/x_aq_cp0_iui/iui_csr_expt_vld_no_imm_ill,0,0.0,0.0,0.0,0.0,,0
x_aq_cp0_top/x_aq_cp0_iui/iui_csr_rdata[63:0],48,0.011342155009451797,0.5167466666666667,1.380770889157755,0.625,0.06703965664248653,7
x_aq_cp0_top/x_aq_cp0_iui/iui_csr_rs1[63:0],44,0.010396975425330813,0.4756409090909093,1.2709344120237982,0.7272727272727273,0.055342250457082694,8
x_aq_cp0_top/x_aq_cp0_iui/iui_csr_stall,2,0.0004725897920604915,0.48516000000000015,1.2963698612804015,1.0,0.004278266335194282,1
x_aq_cp0_top/x_aq_cp0_iui/iui_csr_wdata[63:0],54,0.01275992438563327,0.5213240740740742,1.3930019325367737,0.6666666666666666,0.07862161274667817,8
x_aq_cp0_top/x_aq_cp0_iui/iui_csr_wen,2,0.0004725897920604915,0.9101200000000003,2.431882550392693,1.0,0.004361376793285674,1
x_aq_cp0_top/x_aq_cp0_iui/iui_csr_wen_vld,0,0.0,0.0,0.0,0.0,,0
x_aq_cp0_top/x_aq_cp0_iui/iui_csr_wen_vld_no_imm_ill,0,0.0,0.0,0.0,0.0,,0
x_aq_cp0_top/x_aq_cp0_iui/iui_csr_write_inv,0,0.0,0.0,0.0,0.0,,0
x_aq_cp0_top/x_aq_cp0_iui/iui_csr_write_no_imm_ill,2,0.0004725897920604915,0.9101200000000003,2.431882550392693,1.0,0.004361376793285674,1
x_aq_cp0_top/x_aq_cp0_iui/iui_csrrc_rs1[63:0],30,0.007088846880907372,0.530204,1.4167295035252574,0.6333333333333333,0.05576656003385955,7
x_aq_cp0_top/x_aq_cp0_iui/iui_csrrs_rs1[63:0],54,0.01275992438563327,0.5213240740740742,1.3930019325367737,0.6666666666666666,0.07862161274669568,8
x_aq_cp0_top/x_aq_cp0_iui/iui_csrrw_rs1[63:0],44,0.010396975425330813,0.4756409090909093,1.2709344120237982,0.7272727272727273,0.055342250457082694,8
x_aq_cp0_top/x_aq_cp0_iui/iui_ex1_expt_pc[39:0],70,0.0165406427221172,0.505111142857143,1.3496802337309328,0.5857142857142857,0.021758346869748982,9
x_aq_cp0_top/x_aq_cp0_iui/iui_ex1_pc[39:0],70,0.0165406427221172,0.505111142857143,1.3496802337309328,0.5857142857142857,0.021758346869748982,9
x_aq_cp0_top/x_aq_cp0_iui/iui_expt_vld,0,0.0,0.0,0.0,0.0,,0
x_aq_cp0_top/x_aq_cp0_iui/iui_idu_expt_vld,14,0.0033081285444234404,0.37587000000000004,1.0043419485519507,0.2857142857142857,0.004166459574632859,1
x_aq_cp0_top/x_aq_cp0_iui/iui_ifu_expt_vld,0,0.0,0.0,0.0,0.0,,0
x_aq_cp0_top/x_aq_cp0_iui/iui_illegal_expt,14,0.0033081285444234404,0.37587000000000004,1.0043419485519507,0.2857142857142857,0.004166459574632859,1
x_aq_cp0_top/x_aq_cp0_iui/iui_inst_cache,0,0.0,0.0,0.0,0.0,,0
x_aq_cp0_top/x_aq_cp0_iui/iui_inst_cache_func[5:0],0,0.0,0.0,0.0,0.0,,0
x_aq_cp0_top/x_aq_cp0_iui/iui_inst_chgflw,0,0.0,0.0,0.0,0.0,,0
x_aq_cp0_top/x_aq_cp0_iui/iui_inst_cmplt,0,0.0,0.0,0.0,0.0,,0
x_aq_cp0_top/x_aq_cp0_iui/iui_inst_csr,2,0.0004725897920604915,0.9101200000000003,2.431882550392693,1.0,0.004361376793285674,1
x_aq_cp0_top/x_aq_cp0_iui/iui_inst_csr_func[2:0],38,0.008979206049149339,0.611758157894737,1.634645968932216,0.6578947368421053,0.03293066975017548,2
x_aq_cp0_top/x_aq_cp0_iui/iui_inst_dis_stall,0,0.0,0.0,0.0,0.0,,0
x_aq_cp0_top/x_aq_cp0_iui/iui_inst_dret,0,0.0,0.0,0.0,0.0,,0
x_aq_cp0_top/x_aq_cp0_iui/iui_inst_dst_idx[5:0],16,0.003780718336483932,0.6014531250000001,1.6071104464978851,0.5625,0.11728279315402472,1
x_aq_cp0_top/x_aq_cp0_iui/iui_inst_dst_vld,2,0.0004725897920604915,0.9101200000000003,2.431882550392693,1.0,0.004361376793285674,1
x_aq_cp0_top/x_aq_cp0_iui/iui_inst_dst_vld_dp,2,0.0004725897920604915,0.9101200000000003,2.431882550392693,1.0,0.004361376793285674,1
x_aq_cp0_top/x_aq_cp0_iui/iui_inst_ebreak,0,0.0,0.0,0.0,0.0,,0
x_aq_cp0_top/x_aq_cp0_iui/iui_inst_ecall,0,0.0,0.0,0.0,0.0,,0
x_aq_cp0_top/x_aq_cp0_iui/iui_inst_fence,2,0.0004725897920604915,0.750135,2.0043952631947684,0.5,-0.006324721527365876,1
x_aq_cp0_top/x_aq_cp0_iui/iui_inst_fencei,0,0.0,0.0,0.0,0.0,,0
x_aq_cp0_top/x_aq_cp0_iui/iui_inst_flush,4,0.000945179584120983,0.6043600000000002,1.6148777503574563,0.5,0.004993967589269643,1
x_aq_cp0_top/x_aq_cp0_iui/iui_inst_func[19:0],70,0.0165406427221172,0.505111142857143,1.3496802337309328,0.5857142857142857,0.013005891245035383,4
x_aq_cp0_top/x_aq_cp0_iui/iui_inst_halt_info[21:0],70,0.0165406427221172,0.505111142857143,1.3496802337309328,0.5857142857142857,0.025013438979032698,2
x_aq_cp0_top/x_aq_cp0_iui/iui_inst_imm[11:0],62,0.014650283553875236,0.5381298387096777,1.4379077095368733,0.6451612903225806,0.025410824933784583,7
x_aq_cp0_top/x_aq_cp0_iui/iui_inst_issue_stall,8,0.001890359168241966,0.40344250000000004,1.0780169382463893,0.5,-0.00463322805407398,1
x_aq_cp0_top/x_aq_cp0_iui/iui_inst_mret,0,0.0,0.0,0.0,0.0,,0
x_aq_cp0_top/x_aq_cp0_iui/iui_inst_nop,2,0.0004725897920604915,0.750135,2.0043952631947684,0.5,-0.006324721527365876,1
x_aq_cp0_top/x_aq_cp0_iui/iui_inst_opcode[31:0],70,0.0165406427221172,0.505111142857143,1.3496802337309328,0.5857142857142857,0.024284961312587804,14
x_aq_cp0_top/x_aq_cp0_iui/iui_inst_rs1[63:0],44,0.010396975425330813,0.4756409090909093,1.2709344120237982,0.7272727272727273,0.055342250457082694,8
x_aq_cp0_top/x_aq_cp0_iui/iui_inst_rs1_x0,6,0.0014177693761814746,0.4007650000000001,1.0708625349493777,0.3333333333333333,-0.015968304848018797,1
x_aq_cp0_top/x_aq_cp0_iui/iui_inst_rs2_x0,4,0.000945179584120983,0.22608000000000011,0.6040961708266824,0.25,-0.015042427929394723,1
x_aq_cp0_top/x_aq_cp0_iui/iui_inst_sel,8,0.001890359168241966,0.5281037500000001,1.4111175388102064,0.5,-0.005283264777688706,1
x_aq_cp0_top/x_aq_cp0_iui/iui_inst_sel_dp,8,0.001890359168241966,0.5281037500000001,1.4111175388102064,0.5,-0.005283264777688706,1
x_aq_cp0_top/x_aq_cp0_iui/iui_inst_sfence,2,0.0004725897920604915,0.15356000000000003,0.41031939133114526,0.5,-0.0161038912083135,1
x_aq_cp0_top/x_aq_cp0_iui/iui_inst_sret,0,0.0,0.0,0.0,0.0,,0
x_aq_cp0_top/x_aq_cp0_iui/iui_inst_sync,0,0.0,0.0,0.0,0.0,,0
x_aq_cp0_top/x_aq_cp0_iui/iui_inst_synci,2,0.0004725897920604915,0.2986000000000002,0.7978729503222196,0.0,0.012543351553159941,1
x_aq_cp0_top/x_aq_cp0_iui/iui_inst_vld,8,0.001890359168241966,0.5281037500000001,1.4111175388102064,0.5,-0.005283264777688706,1
x_aq_cp0_top/x_aq_cp0_iui/iui_inst_vld_no_brir,8,0.001890359168241966,0.5281037500000001,1.4111175388102064,0.5,-0.005283264777688706,1
x_aq_cp0_top/x_aq_cp0_iui/iui_inst_vsetvl,0,0.0,0.0,0.0,0.0,,0
x_aq_cp0_top/x_aq_cp0_iui/iui_inst_vsetvl_dp,0,0.0,0.0,0.0,0.0,,0
x_aq_cp0_top/x_aq_cp0_iui/iui_inst_vsetvl_raw,0,0.0,0.0,0.0,0.0,,0
x_aq_cp0_top/x_aq_cp0_iui/iui_inst_wfi,0,0.0,0.0,0.0,0.0,,0
x_aq_cp0_top/x_aq_cp0_iui/iui_mecall_expt,0,0.0,0.0,0.0,0.0,,0
x_aq_cp0_top/x_aq_cp0_iui/iui_mmode,2,0.0004725897920604915,0.9549,2.5515367724805325,1.0,0.04298105868953605,1
x_aq_cp0_top/x_aq_cp0_iui/iui_pageflt_expt,0,0.0,0.0,0.0,0.0,,0
x_aq_cp0_top/x_aq_cp0_iui/iui_secall_expt,0,0.0,0.0,0.0,0.0,,0
x_aq_cp0_top/x_aq_cp0_iui/iui_smode,1,0.00023629489603024575,0.39734999999999987,1.0617374976910035,0.0,-0.018253830542093587,1
x_aq_cp0_top/x_aq_cp0_iui/iui_smode_csr_inv,0,0.0,0.0,0.0,0.0,,0
x_aq_cp0_top/x_aq_cp0_iui/iui_smode_special_inv,0,0.0,0.0,0.0,0.0,,0
x_aq_cp0_top/x_aq_cp0_iui/iui_special_expt_vld,0,0.0,0.0,0.0,0.0,,0
x_aq_cp0_top/x_aq_cp0_iui/iui_uecall_expt,0,0.0,0.0,0.0,0.0,,0
x_aq_cp0_top/x_aq_cp0_iui/iui_umode,0,0.0,0.0,0.0,0.0,,0
x_aq_cp0_top/x_aq_cp0_iui/iui_umode_csr_inv,0,0.0,0.0,0.0,0.0,,0
x_aq_cp0_top/x_aq_cp0_iui/iui_umode_special_inv,0,0.0,0.0,0.0,0.0,,0
x_aq_cp0_top/x_aq_cp0_iui/iui_vsetvl_rs1[63:0],62,0.014650283553875236,0.5381298387096777,1.4379077095368733,0.6451612903225806,0.025410824933784583,7
x_aq_cp0_top/x_aq_cp0_iui/iui_vsetvl_rs2[11:0],26,0.006143667296786389,0.489128076923077,1.306972745546044,0.7307692307692307,0.06701398259820494,8
x_aq_cp0_top/x_aq_cp0_iui/iui_vsetvl_stall,0,0.0,0.0,0.0,0.0,,0
x_aq_cp0_top/x_aq_cp0_iui/iui_wdata[63:0],48,0.011342155009451797,0.5167466666666667,1.380770889157755,0.625,0.06703965664248653,7
x_aq_cp0_top/x_aq_cp0_regs/biu_cp0_coreid[2:0],0,0.0,0.0,0.0,0.0,,0
x_aq_cp0_top/x_aq_cp0_regs/biu_cp0_me_int,0,0.0,0.0,0.0,0.0,,0
x_aq_cp0_top/x_aq_cp0_regs/biu_cp0_ms_int,0,0.0,0.0,0.0,0.0,,0
x_aq_cp0_top/x_aq_cp0_regs/biu_cp0_mt_int,0,0.0,0.0,0.0,0.0,,0
x_aq_cp0_top/x_aq_cp0_regs/biu_cp0_rvba[39:0],0,0.0,0.0,0.0,0.0,,0
x_aq_cp0_top/x_aq_cp0_regs/biu_cp0_se_int,0,0.0,0.0,0.0,0.0,,0
x_aq_cp0_top/x_aq_cp0_regs/biu_cp0_ss_int,0,0.0,0.0,0.0,0.0,,0
x_aq_cp0_top/x_aq_cp0_regs/biu_cp0_st_int,0,0.0,0.0,0.0,0.0,,0
x_aq_cp0_top/x_aq_cp0_regs/cp0_biu_icg_en,0,0.0,0.0,0.0,0.0,,0
x_aq_cp0_top/x_aq_cp0_regs/cp0_dtu_icg_en,0,0.0,0.0,0.0,0.0,,0
x_aq_cp0_top/x_aq_cp0_regs/cp0_dtu_mexpt_vld,0,0.0,0.0,0.0,0.0,,0
x_aq_cp0_top/x_aq_cp0_regs/cp0_dtu_pcfifo_frz,0,0.0,0.0,0.0,0.0,,0
x_aq_cp0_top/x_aq_cp0_regs/cp0_dtu_satp[63:0],6,0.0014177693761814746,0.4009933333333333,1.0714726521306353,0.5,0.0019731409187234185,2
x_aq_cp0_top/x_aq_cp0_regs/cp0_hpcp_icg_en,0,0.0,0.0,0.0,0.0,,0
x_aq_cp0_top/x_aq_cp0_regs/cp0_hpcp_int_off_vld,3,0.0007088846880907373,0.6308466666666667,1.6856513433833584,0.6666666666666666,0.011053883091643398,1
x_aq_cp0_top/x_aq_cp0_regs/cp0_hpcp_mcntwen[31:0],0,0.0,0.0,0.0,0.0,,0
x_aq_cp0_top/x_aq_cp0_regs/cp0_hpcp_pmdm,0,0.0,0.0,0.0,0.0,,0
x_aq_cp0_top/x_aq_cp0_regs/cp0_hpcp_pmds,0,0.0,0.0,0.0,0.0,,0
x_aq_cp0_top/x_aq_cp0_regs/cp0_hpcp_pmdu,0,0.0,0.0,0.0,0.0,,0
x_aq_cp0_top/x_aq_cp0_regs/cp0_idu_cskyee,3,0.0007088846880907373,0.668166666666667,1.7853721019433901,1.0,0.05057049967857515,1
x_aq_cp0_top/x_aq_cp0_regs/cp0_idu_dis_fence_in_dbg,0,0.0,0.0,0.0,0.0,,0
x_aq_cp0_top/x_aq_cp0_regs/cp0_idu_frm[2:0],0,0.0,0.0,0.0,0.0,,0
x_aq_cp0_top/x_aq_cp0_regs/cp0_idu_fs[1:0],1,0.00023629489603024575,0.5820000000000001,1.555130800695015,0.0,0.003956325861585049,1
x_aq_cp0_top/x_aq_cp0_regs/cp0_idu_icg_en,0,0.0,0.0,0.0,0.0,,0
x_aq_cp0_top/x_aq_cp0_regs/cp0_idu_ucme,1,0.00023629489603024575,1.6444,4.393912523475744,1.0,0.1328254367070838,1
x_aq_cp0_top/x_aq_cp0_regs/cp0_idu_vill,0,0.0,0.0,0.0,0.0,,0
x_aq_cp0_top/x_aq_cp0_regs/cp0_idu_vl_zero,0,0.0,0.0,0.0,0.0,,0
x_aq_cp0_top/x_aq_cp0_regs/cp0_idu_vlmul[1:0],0,0.0,0.0,0.0,0.0,,0
x_aq_cp0_top/x_aq_cp0_regs/cp0_idu_vs[1:0],0,0.0,0.0,0.0,0.0,,0
x_aq_cp0_top/x_aq_cp0_regs/cp0_idu_vsew[1:0],0,0.0,0.0,0.0,0.0,,0
x_aq_cp0_top/x_aq_cp0_regs/cp0_idu_vstart[6:0],0,0.0,0.0,0.0,0.0,,0
x_aq_cp0_top/x_aq_cp0_regs/cp0_ifu_bht_en,1,0.00023629489603024575,1.1654000000000002,3.1140024658590564,1.0,-0.009956038179480776,1
x_aq_cp0_top/x_aq_cp0_regs/cp0_ifu_btb_clr,0,0.0,0.0,0.0,0.0,,0
x_aq_cp0_top/x_aq_cp0_regs/cp0_ifu_btb_en,1,0.00023629489603024575,1.1654000000000002,3.1140024658590564,1.0,-0.009956038179480776,1
x_aq_cp0_top/x_aq_cp0_regs/cp0_ifu_icache_en,1,0.00023629489603024575,1.1654000000000002,3.1140024658590564,1.0,-0.009956038179480776,1
x_aq_cp0_top/x_aq_cp0_regs/cp0_ifu_icache_pref_en,1,0.00023629489603024575,0.6600000000000004,1.7635503925407396,0.0,-0.012706644552425076,1
x_aq_cp0_top/x_aq_cp0_regs/cp0_ifu_icache_read_index[13:0],0,0.0,0.0,0.0,0.0,,0
x_aq_cp0_top/x_aq_cp0_regs/cp0_ifu_icache_read_req,0,0.0,0.0,0.0,0.0,,0
x_aq_cp0_top/x_aq_cp0_regs/cp0_ifu_icache_read_tag,1,0.00023629489603024575,1.6444,4.393912523475744,1.0,0.1328254367070838,1
x_aq_cp0_top/x_aq_cp0_regs/cp0_ifu_icache_read_way,0,0.0,0.0,0.0,0.0,,0
x_aq_cp0_top/x_aq_cp0_regs/cp0_ifu_icg_en,0,0.0,0.0,0.0,0.0,,0
x_aq_cp0_top/x_aq_cp0_regs/cp0_ifu_iwpe,0,0.0,0.0,0.0,0.0,,0
x_aq_cp0_top/x_aq_cp0_regs/cp0_ifu_ras_en,1,0.00023629489603024575,1.1654000000000002,3.1140024658590564,1.0,-0.009956038179480776,1
x_aq_cp0_top/x_aq_cp0_regs/cp0_iu_icg_en,0,0.0,0.0,0.0,0.0,,0
x_aq_cp0_top/x_aq_cp0_regs/cp0_lsu_amr[1:0],1,0.00023629489603024575,0.6600000000000004,1.7635503925407396,0.0,-0.012706644552425076,1
x_aq_cp0_top/x_aq_cp0_regs/cp0_lsu_dcache_en,1,0.00023629489603024575,1.1654000000000002,3.1140024658590564,1.0,-0.009956038179480776,1
x_aq_cp0_top/x_aq_cp0_regs/cp0_lsu_dcache_pref_dist[1:0],2,0.0004725897920604915,1.1522000000000001,3.0787314580082414,0.5,0.013015322970156548,1
x_aq_cp0_top/x_aq_cp0_regs/cp0_lsu_dcache_pref_en,1,0.00023629489603024575,0.6600000000000004,1.7635503925407396,0.0,-0.012706644552425076,1
x_aq_cp0_top/x_aq_cp0_regs/cp0_lsu_dcache_read_idx[16:0],0,0.0,0.0,0.0,0.0,,0
x_aq_cp0_top/x_aq_cp0_regs/cp0_lsu_dcache_read_req,0,0.0,0.0,0.0,0.0,,0
x_aq_cp0_top/x_aq_cp0_regs/cp0_lsu_dcache_read_type,0,0.0,0.0,0.0,0.0,,0
x_aq_cp0_top/x_aq_cp0_regs/cp0_lsu_dcache_read_way[1:0],0,0.0,0.0,0.0,0.0,,0
x_aq_cp0_top/x_aq_cp0_regs/cp0_lsu_dcache_wa,1,0.00023629489603024575,1.1654000000000002,3.1140024658590564,1.0,-0.009956038179480776,1
x_aq_cp0_top/x_aq_cp0_regs/cp0_lsu_dcache_wb,0,0.0,0.0,0.0,0.0,,0
x_aq_cp0_top/x_aq_cp0_regs/cp0_lsu_icg_en,0,0.0,0.0,0.0,0.0,,0
x_aq_cp0_top/x_aq_cp0_regs/cp0_lsu_mm,1,0.00023629489603024575,1.6444,4.393912523475744,1.0,0.1328254367070838,1
x_aq_cp0_top/x_aq_cp0_regs/cp0_lsu_mpp[1:0],4,0.000945179584120983,0.88828,2.37352506467589,1.0,0.04110657684777156,2
x_aq_cp0_top/x_aq_cp0_regs/cp0_lsu_mprv,0,0.0,0.0,0.0,0.0,,0
x_aq_cp0_top/x_aq_cp0_regs/cp0_lsu_we_en,0,0.0,0.0,0.0,0.0,,0
x_aq_cp0_top/x_aq_cp0_regs/cp0_mmu_icg_en,0,0.0,0.0,0.0,0.0,,0
x_aq_cp0_top/x_aq_cp0_regs/cp0_mmu_maee,3,0.0007088846880907373,0.6628000000000002,1.7710321214787907,0.3333333333333333,0.04543933920409403,1
x_aq_cp0_top/x_aq_cp0_regs/cp0_mmu_mxr,0,0.0,0.0,0.0,0.0,,0
x_aq_cp0_top/x_aq_cp0_regs/cp0_mmu_ptw_en,1,0.00023629489603024575,1.6444,4.393912523475744,1.0,0.1328254367070838,1
x_aq_cp0_top/x_aq_cp0_regs/cp0_mmu_satp_data[63:0],6,0.0014177693761814746,0.4009933333333333,1.0714726521306353,0.5,0.0019731409187234185,2
x_aq_cp0_top/x_aq_cp0_regs/cp0_mmu_satp_wen,0,0.0,0.0,0.0,0.0,,0
x_aq_cp0_top/x_aq_cp0_regs/cp0_mmu_sum,0,0.0,0.0,0.0,0.0,,0
x_aq_cp0_top/x_aq_cp0_regs/cp0_pmp_icg_en,0,0.0,0.0,0.0,0.0,,0
x_aq_cp0_top/x_aq_cp0_regs/cp0_rtu_icg_en,0,0.0,0.0,0.0,0.0,,0
x_aq_cp0_top/x_aq_cp0_regs/cp0_rtu_int_vld[14:0],0,0.0,0.0,0.0,0.0,,0
x_aq_cp0_top/x_aq_cp0_regs/cp0_rtu_trap_pc[39:0],4,0.000945179584120983,0.7854200000000001,2.0986784080444654,0.75,0.011951649958665319,5
x_aq_cp0_top/x_aq_cp0_regs/cp0_rtu_vstart_eq_0,0,0.0,0.0,0.0,0.0,,0
x_aq_cp0_top/x_aq_cp0_regs/cp0_vpu_icg_en,0,0.0,0.0,0.0,0.0,,0
x_aq_cp0_top/x_aq_cp0_regs/cp0_vpu_xx_bf16,0,0.0,0.0,0.0,0.0,,0
x_aq_cp0_top/x_aq_cp0_regs/cp0_vpu_xx_dqnan,0,0.0,0.0,0.0,0.0,,0
x_aq_cp0_top/x_aq_cp0_regs/cp0_vpu_xx_rm[2:0],0,0.0,0.0,0.0,0.0,,0
x_aq_cp0_top/x_aq_cp0_regs/cp0_xx_mrvbr[39:0],0,0.0,0.0,0.0,0.0,,0
x_aq_cp0_top/x_aq_cp0_regs/cp0_yy_clk_en,1,0.00023629489603024575,1.6444,4.393912523475744,1.0,0.1328254367070838,1
x_aq_cp0_top/x_aq_cp0_regs/cp0_yy_priv_mode[1:0],3,0.0007088846880907373,0.76905,2.054937014217356,0.6666666666666666,0.05557438793328686,2
x_aq_cp0_top/x_aq_cp0_regs/cpurst_b,3,0.0007088846880907373,0.6837766666666667,1.827082740773027,0.3333333333333333,0.020758564418104496,1
x_aq_cp0_top/x_aq_cp0_regs/dtu_cp0_dcsr_mprven,0,0.0,0.0,0.0,0.0,,0
x_aq_cp0_top/x_aq_cp0_regs/dtu_cp0_dcsr_prv[1:0],0,0.0,0.0,0.0,0.0,,0
x_aq_cp0_top/x_aq_cp0_regs/dtu_cp0_rdata[63:0],0,0.0,0.0,0.0,0.0,,0
x_aq_cp0_top/x_aq_cp0_regs/forever_cpuclk,0,0.0,0.0,0.0,0.0,,0
x_aq_cp0_top/x_aq_cp0_regs/hpcp_cp0_data[63:0],0,0.0,0.0,0.0,0.0,,0
x_aq_cp0_top/x_aq_cp0_regs/hpcp_cp0_int_vld,0,0.0,0.0,0.0,0.0,,0
x_aq_cp0_top/x_aq_cp0_regs/hpcp_cp0_sce,0,0.0,0.0,0.0,0.0,,0
x_aq_cp0_top/x_aq_cp0_regs/ifu_cp0_bht_inv_done,0,0.0,0.0,0.0,0.0,,0
x_aq_cp0_top/x_aq_cp0_regs/ifu_cp0_icache_inv_done,0,0.0,0.0,0.0,0.0,,0
x_aq_cp0_top/x_aq_cp0_regs/ifu_cp0_icache_read_data[127:0],23,0.005434782608695652,0.30404347826086964,0.8124181749036488,0.0,-0.007576415085483586,1
x_aq_cp0_top/x_aq_cp0_regs/ifu_cp0_icache_read_data_vld,0,0.0,0.0,0.0,0.0,,0
x_aq_cp0_top/x_aq_cp0_regs/iui_inst_rs2[63:0],62,0.014650283553875236,0.5381298387096777,1.4379077095368733,0.6451612903225806,0.025410824933784583,7
x_aq_cp0_top/x_aq_cp0_regs/iui_regs_csr_en,2,0.0004725897920604915,0.9101200000000003,2.431882550392693,1.0,0.004361376793285674,1
x_aq_cp0_top/x_aq_cp0_regs/iui_regs_csr_wen,0,0.0,0.0,0.0,0.0,,0
x_aq_cp0_top/x_aq_cp0_regs/iui_regs_csr_wen_no_imm_ill,0,0.0,0.0,0.0,0.0,,0
x_aq_cp0_top/x_aq_cp0_regs/iui_regs_csr_write,2,0.0004725897920604915,0.9101200000000003,2.431882550392693,1.0,0.004361376793285674,1
x_aq_cp0_top/x_aq_cp0_regs/iui_regs_csr_write_no_imm_ill,2,0.0004725897920604915,0.9101200000000003,2.431882550392693,1.0,0.004361376793285674,1
x_aq_cp0_top/x_aq_cp0_regs/iui_regs_imm[11:0],62,0.014650283553875236,0.5381298387096777,1.4379077095368733,0.6451612903225806,0.025410824933784583,7
x_aq_cp0_top/x_aq_cp0_regs/iui_regs_inst_mret,0,0.0,0.0,0.0,0.0,,0
x_aq_cp0_top/x_aq_cp0_regs/iui_regs_inst_sret,0,0.0,0.0,0.0,0.0,,0
x_aq_cp0_top/x_aq_cp0_regs/iui_regs_wdata[63:0],54,0.01275992438563327,0.5213240740740742,1.3930019325367737,0.6666666666666666,0.07862161274667817,8
x_aq_cp0_top/x_aq_cp0_regs/iui_vsetvl_bypass,0,0.0,0.0,0.0,0.0,,0
x_aq_cp0_top/x_aq_cp0_regs/iui_vsetvl_data[4:0],102,0.024102079395085067,0.42040382352941175,1.1233383757741235,0.2647058823529412,-0.0016709444492837248,4
x_aq_cp0_top/x_aq_cp0_regs/lsu_cp0_dcache_read_data[127:0],0,0.0,0.0,0.0,0.0,,0
x_aq_cp0_top/x_aq_cp0_regs/lsu_cp0_dcache_read_data_vld,0,0.0,0.0,0.0,0.0,,0
x_aq_cp0_top/x_aq_cp0_regs/lsu_cp0_icc_done,0,0.0,0.0,0.0,0.0,,0
x_aq_cp0_top/x_aq_cp0_regs/mmu_cp0_cmplt,0,0.0,0.0,0.0,0.0,,0
x_aq_cp0_top/x_aq_cp0_regs/mmu_cp0_data[63:0],0,0.0,0.0,0.0,0.0,,0
x_aq_cp0_top/x_aq_cp0_regs/pad_yy_icg_scan_en,0,0.0,0.0,0.0,0.0,,0
x_aq_cp0_top/x_aq_cp0_regs/pmp_cp0_data[63:0],0,0.0,0.0,0.0,0.0,,0
x_aq_cp0_top/x_aq_cp0_regs/regs_clk,0,0.0,0.0,0.0,0.0,,0
x_aq_cp0_top/x_aq_cp0_regs/regs_iui_csr_inv,57,0.013468809073724008,0.5389885964912282,1.4402023498743748,0.6491228070175439,-0.05368768563033326,1
x_aq_cp0_top/x_aq_cp0_regs/regs_iui_mcins_stall,0,0.0,0.0,0.0,0.0,,0
x_aq_cp0_top/x_aq_cp0_regs/regs_iui_mcor_stall,2,0.0004725897920604915,0.48516000000000015,1.2963698612804015,1.0,0.004278266335194282,1
x_aq_cp0_top/x_aq_cp0_regs/regs_iui_mepc[39:0],2,0.0004725897920604915,0.04401999999999995,0.11762346709036853,0.5,-0.0056540098189273936,8
x_aq_cp0_top/x_aq_cp0_regs/regs_iui_pm[1:0],3,0.0007088846880907373,0.76905,2.054937014217356,0.6666666666666666,0.05557438793328686,2
x_aq_cp0_top/x_aq_cp0_regs/regs_iui_rdata[63:0],48,0.011342155009451797,0.5167466666666667,1.380770889157755,0.625,0.06703965664248653,7
x_aq_cp0_top/x_aq_cp0_regs/regs_iui_rdata_for_w[63:0],48,0.011342155009451797,0.5167466666666667,1.380770889157755,0.625,0.06703965664248653,7
x_aq_cp0_top/x_aq_cp0_regs/regs_iui_sepc[39:0],0,0.0,0.0,0.0,0.0,,0
x_aq_cp0_top/x_aq_cp0_regs/regs_iui_smcir_stall,0,0.0,0.0,0.0,0.0,,0
x_aq_cp0_top/x_aq_cp0_regs/regs_iui_trigger_mro,0,0.0,0.0,0.0,0.0,,0
x_aq_cp0_top/x_aq_cp0_regs/regs_iui_trigger_smode,0,0.0,0.0,0.0,0.0,,0
x_aq_cp0_top/x_aq_cp0_regs/regs_iui_tsr,0,0.0,0.0,0.0,0.0,,0
x_aq_cp0_top/x_aq_cp0_regs/regs_iui_tvm,0,0.0,0.0,0.0,0.0,,0
x_aq_cp0_top/x_aq_cp0_regs/regs_iui_tw,0,0.0,0.0,0.0,0.0,,0
x_aq_cp0_top/x_aq_cp0_regs/regs_lpmd_int_vld,0,0.0,0.0,0.0,0.0,,0
x_aq_cp0_top/x_aq_cp0_regs/regs_special_bht_inv,2,0.0004725897920604915,0.21716000000000002,0.5802615200668891,1.0,0.004582621391410421,1
x_aq_cp0_top/x_aq_cp0_regs/regs_special_dcache_clr,0,0.0,0.0,0.0,0.0,,0
x_aq_cp0_top/x_aq_cp0_regs/regs_special_dcache_inv,2,0.0004725897920604915,0.582165,1.5555716882931503,0.5,-0.0021358246274142643,1
x_aq_cp0_top/x_aq_cp0_regs/regs_special_dcache_req,2,0.0004725897920604915,0.582165,1.5555716882931503,0.5,-0.0021358246274142643,1
x_aq_cp0_top/x_aq_cp0_regs/regs_special_icache_inv,2,0.0004725897920604915,0.2111599999999999,0.564229243771064,0.5,0.0012634695606696853,1
x_aq_cp0_top/x_aq_cp0_regs/regs_xx_icg_en,0,0.0,0.0,0.0,0.0,,0
x_aq_cp0_top/x_aq_cp0_regs/rtu_cp0_epc[63:0],263,0.06214555765595463,0.4063060076045627,1.0856683624283134,0.23954372623574144,-0.004007567894786867,10
x_aq_cp0_top/x_aq_cp0_regs/rtu_cp0_exit_debug,0,0.0,0.0,0.0,0.0,,0
x_aq_cp0_top/x_aq_cp0_regs/rtu_cp0_fflags[4:0],0,0.0,0.0,0.0,0.0,,0
x_aq_cp0_top/x_aq_cp0_regs/rtu_cp0_fflags_updt,0,0.0,0.0,0.0,0.0,,0
x_aq_cp0_top/x_aq_cp0_regs/rtu_cp0_fs_dirty_updt,0,0.0,0.0,0.0,0.0,,0
x_aq_cp0_top/x_aq_cp0_regs/rtu_cp0_fs_dirty_updt_dp,0,0.0,0.0,0.0,0.0,,0
x_aq_cp0_top/x_aq_cp0_regs/rtu_cp0_tval[63:0],0,0.0,0.0,0.0,0.0,,0
x_aq_cp0_top/x_aq_cp0_regs/rtu_cp0_vl[7:0],0,0.0,0.0,0.0,0.0,,0
x_aq_cp0_top/x_aq_cp0_regs/rtu_cp0_vl_vld,0,0.0,0.0,0.0,0.0,,0
x_aq_cp0_top/x_aq_cp0_regs/rtu_cp0_vs_dirty_updt,0,0.0,0.0,0.0,0.0,,0
x_aq_cp0_top/x_aq_cp0_regs/rtu_cp0_vs_dirty_updt_dp,0,0.0,0.0,0.0,0.0,,0
x_aq_cp0_top/x_aq_cp0_regs/rtu_cp0_vstart[6:0],0,0.0,0.0,0.0,0.0,,0
x_aq_cp0_top/x_aq_cp0_regs/rtu_cp0_vstart_vld,0,0.0,0.0,0.0,0.0,,0
x_aq_cp0_top/x_aq_cp0_regs/rtu_cp0_vxsat,0,0.0,0.0,0.0,0.0,,0
x_aq_cp0_top/x_aq_cp0_regs/rtu_cp0_vxsat_vld,0,0.0,0.0,0.0,0.0,,0
x_aq_cp0_top/x_aq_cp0_regs/rtu_yy_xx_dbgon,0,0.0,0.0,0.0,0.0,,0
x_aq_cp0_top/x_aq_cp0_regs/rtu_yy_xx_expt_int,0,0.0,0.0,0.0,0.0,,0
x_aq_cp0_top/x_aq_cp0_regs/rtu_yy_xx_expt_vec[4:0],0,0.0,0.0,0.0,0.0,,0
x_aq_cp0_top/x_aq_cp0_regs/rtu_yy_xx_expt_vld,0,0.0,0.0,0.0,0.0,,0
x_aq_cp0_top/x_aq_cp0_regs/rtu_yy_xx_flush,0,0.0,0.0,0.0,0.0,,0
x_aq_cp0_top/x_aq_cp0_regs/special_regs_vill,0,0.0,0.0,0.0,0.0,,0
x_aq_cp0_top/x_aq_cp0_regs/special_regs_vsetvl_dp,0,0.0,0.0,0.0,0.0,,0
x_aq_cp0_top/x_aq_cp0_regs/special_vsetvl_illegal,0,0.0,0.0,0.0,0.0,,0
x_aq_cp0_top/x_aq_cp0_regs/sysio_cp0_apb_base[39:0],5,0.0011814744801512287,0.588254,1.5718417766873634,0.2,0.0035127760650378245,2
x_aq_cp0_top/x_aq_cp0_regs/fcsr_local_en,0,0.0,0.0,0.0,0.0,,0
x_aq_cp0_top/x_aq_cp0_regs/fcsr_value[63:0],0,0.0,0.0,0.0,0.0,,0
x_aq_cp0_top/x_aq_cp0_regs/fflags_local_en,0,0.0,0.0,0.0,0.0,,0
x_aq_cp0_top/x_aq_cp0_regs/fflags_value[63:0],0,0.0,0.0,0.0,0.0,,0
x_aq_cp0_top/x_aq_cp0_regs/float_clk,0,0.0,0.0,0.0,0.0,,0
x_aq_cp0_top/x_aq_cp0_regs/frm_local_en,0,0.0,0.0,0.0,0.0,,0
x_aq_cp0_top/x_aq_cp0_regs/frm_value[63:0],0,0.0,0.0,0.0,0.0,,0
x_aq_cp0_top/x_aq_cp0_regs/fs_dirty_upd_gate,0,0.0,0.0,0.0,0.0,,0
x_aq_cp0_top/x_aq_cp0_regs/fxcr_local_en,0,0.0,0.0,0.0,0.0,,0
x_aq_cp0_top/x_aq_cp0_regs/fxcr_value[63:0],0,0.0,0.0,0.0,0.0,,0
x_aq_cp0_top/x_aq_cp0_regs/hpcp_value[63:0],0,0.0,0.0,0.0,0.0,,0
x_aq_cp0_top/x_aq_cp0_regs/mapbaddr_value[63:0],5,0.0011814744801512287,0.588254,1.5718417766873634,0.2,0.0035127760650378245,2
x_aq_cp0_top/x_aq_cp0_regs/marchid_value[63:0],0,0.0,0.0,0.0,0.0,,0
x_aq_cp0_top/x_aq_cp0_regs/mcause_local_en,0,0.0,0.0,0.0,0.0,,0
x_aq_cp0_top/x_aq_cp0_regs/mcause_value[63:0],0,0.0,0.0,0.0,0.0,,0
x_aq_cp0_top/x_aq_cp0_regs/mccr2_value[63:0],0,0.0,0.0,0.0,0.0,,0
x_aq_cp0_top/x_aq_cp0_regs/mcdata0_value[63:0],0,0.0,0.0,0.0,0.0,,0
x_aq_cp0_top/x_aq_cp0_regs/mcdata1_value[63:0],0,0.0,0.0,0.0,0.0,,0
x_aq_cp0_top/x_aq_cp0_regs/mcer2_value[63:0],0,0.0,0.0,0.0,0.0,,0
x_aq_cp0_top/x_aq_cp0_regs/mcer_value[63:0],0,0.0,0.0,0.0,0.0,,0
x_aq_cp0_top/x_aq_cp0_regs/mcindex_local_en,0,0.0,0.0,0.0,0.0,,0
x_aq_cp0_top/x_aq_cp0_regs/mcindex_value[63:0],0,0.0,0.0,0.0,0.0,,0
x_aq_cp0_top/x_aq_cp0_regs/mcins_local_en,0,0.0,0.0,0.0,0.0,,0
x_aq_cp0_top/x_aq_cp0_regs/mcins_value[63:0],0,0.0,0.0,0.0,0.0,,0
x_aq_cp0_top/x_aq_cp0_regs/mcnten_local_en,0,0.0,0.0,0.0,0.0,,0
x_aq_cp0_top/x_aq_cp0_regs/mcnten_value[63:0],0,0.0,0.0,0.0,0.0,,0
x_aq_cp0_top/x_aq_cp0_regs/mcntwen_local_en,0,0.0,0.0,0.0,0.0,,0
x_aq_cp0_top/x_aq_cp0_regs/mcntwen_value[63:0],0,0.0,0.0,0.0,0.0,,0
x_aq_cp0_top/x_aq_cp0_regs/mcor_local_en,0,0.0,0.0,0.0,0.0,,0
x_aq_cp0_top/x_aq_cp0_regs/mcor_value[63:0],7,0.0016540642722117202,0.3834057142857144,1.0244777241377787,0.5714285714285714,0.004713988055181216,6
x_aq_cp0_top/x_aq_cp0_regs/mcpuid_local_en,0,0.0,0.0,0.0,0.0,,0
x_aq_cp0_top/x_aq_cp0_regs/mcpuid_value[63:0],1,0.00023629489603024575,1.6444,4.393912523475744,1.0,0.1328254367070838,7
x_aq_cp0_top/x_aq_cp0_regs/medeleg_local_en,0,0.0,0.0,0.0,0.0,,0
x_aq_cp0_top/x_aq_cp0_regs/medeleg_value[63:0],0,0.0,0.0,0.0,0.0,,0
x_aq_cp0_top/x_aq_cp0_regs/meicr2_value[63:0],0,0.0,0.0,0.0,0.0,,0
x_aq_cp0_top/x_aq_cp0_regs/meicr_value[63:0],0,0.0,0.0,0.0,0.0,,0
x_aq_cp0_top/x_aq_cp0_regs/mepc_local_en,0,0.0,0.0,0.0,0.0,,0
x_aq_cp0_top/x_aq_cp0_regs/mepc_value[63:0],2,0.0004725897920604915,0.04401999999999995,0.11762346709036853,0.5,-0.0056540098189273936,8
x_aq_cp0_top/x_aq_cp0_regs/mhartid_value[63:0],0,0.0,0.0,0.0,0.0,,0
x_aq_cp0_top/x_aq_cp0_regs/mhcr_local_en,0,0.0,0.0,0.0,0.0,,0
x_aq_cp0_top/x_aq_cp0_regs/mhcr_value[63:0],2,0.0004725897920604915,0.9537000000000002,2.548330317221368,1.0,-0.008868236922955837,5
x_aq_cp0_top/x_aq_cp0_regs/mhint2_local_en,0,0.0,0.0,0.0,0.0,,0
x_aq_cp0_top/x_aq_cp0_regs/mhint2_value[63:0],0,0.0,0.0,0.0,0.0,,0
x_aq_cp0_top/x_aq_cp0_regs/mhint3_value[63:0],0,0.0,0.0,0.0,0.0,,0
x_aq_cp0_top/x_aq_cp0_regs/mhint4_value[63:0],0,0.0,0.0,0.0,0.0,,0
x_aq_cp0_top/x_aq_cp0_regs/mhint_local_en,0,0.0,0.0,0.0,0.0,,0
x_aq_cp0_top/x_aq_cp0_regs/mhint_value[63:0],3,0.0007088846880907373,0.934106666666667,2.4959760282953356,0.6666666666666666,0.012825444358806656,6
x_aq_cp0_top/x_aq_cp0_regs/mhpmcr_local_en,0,0.0,0.0,0.0,0.0,,0
x_aq_cp0_top/x_aq_cp0_regs/mideleg_local_en,0,0.0,0.0,0.0,0.0,,0
x_aq_cp0_top/x_aq_cp0_regs/mideleg_value[63:0],0,0.0,0.0,0.0,0.0,,0
x_aq_cp0_top/x_aq_cp0_regs/mie_local_en,0,0.0,0.0,0.0,0.0,,0
x_aq_cp0_top/x_aq_cp0_regs/mie_value[63:0],0,0.0,0.0,0.0,0.0,,0
x_aq_cp0_top/x_aq_cp0_regs/mimpid_value[63:0],0,0.0,0.0,0.0,0.0,,0
x_aq_cp0_top/x_aq_cp0_regs/mip_local_en,0,0.0,0.0,0.0,0.0,,0
x_aq_cp0_top/x_aq_cp0_regs/mip_value[63:0],0,0.0,0.0,0.0,0.0,,0
x_aq_cp0_top/x_aq_cp0_regs/misa_value[63:0],0,0.0,0.0,0.0,0.0,,0
x_aq_cp0_top/x_aq_cp0_regs/mmu_value[63:0],0,0.0,0.0,0.0,0.0,,0
x_aq_cp0_top/x_aq_cp0_regs/mrmr_value[63:0],0,0.0,0.0,0.0,0.0,,0
x_aq_cp0_top/x_aq_cp0_regs/mrvbr_value[63:0],0,0.0,0.0,0.0,0.0,,0
x_aq_cp0_top/x_aq_cp0_regs/mscratch_local_en,0,0.0,0.0,0.0,0.0,,0
x_aq_cp0_top/x_aq_cp0_regs/mscratch_value[63:0],0,0.0,0.0,0.0,0.0,,0
x_aq_cp0_top/x_aq_cp0_regs/mstatus_local_en,0,0.0,0.0,0.0,0.0,,0
x_aq_cp0_top/x_aq_cp0_regs/mstatus_value[63:0],11,0.0025992438563327033,0.49522636363636363,1.3232676484658055,0.6363636363636364,0.02154423684890034,3
x_aq_cp0_top/x_aq_cp0_regs/mtval_local_en,0,0.0,0.0,0.0,0.0,,0
x_aq_cp0_top/x_aq_cp0_regs/mtval_value[63:0],0,0.0,0.0,0.0,0.0,,0
x_aq_cp0_top/x_aq_cp0_regs/mtvec_local_en,0,0.0,0.0,0.0,0.0,,0
x_aq_cp0_top/x_aq_cp0_regs/mtvec_value[63:0],2,0.0004725897920604915,1.2394650000000003,3.3119075565007683,1.0,0.003317306675734451,5
x_aq_cp0_top/x_aq_cp0_regs/mvendorid_value[63:0],0,0.0,0.0,0.0,0.0,,0
x_aq_cp0_top/x_aq_cp0_regs/mxstatus_local_en,0,0.0,0.0,0.0,0.0,,0
x_aq_cp0_top/x_aq_cp0_regs/mxstatus_value[63:0],11,0.0025992438563327033,0.3782400000000001,1.0106746976888017,0.5454545454545454,0.05561586311570385,7
x_aq_cp0_top/x_aq_cp0_regs/pmp_value[63:0],0,0.0,0.0,0.0,0.0,,0
x_aq_cp0_top/x_aq_cp0_regs/regs_clintee,1,0.00023629489603024575,1.6444,4.393912523475744,1.0,0.1328254367070838,1
x_aq_cp0_top/x_aq_cp0_regs/regs_clk_en,2,0.0004725897920604915,0.9101200000000003,2.431882550392693,1.0,0.004361376793285674,1
x_aq_cp0_top/x_aq_cp0_regs/regs_csr_imm[11:0],62,0.014650283553875236,0.5381298387096777,1.4379077095368733,0.6451612903225806,0.025410824933784583,7
x_aq_cp0_top/x_aq_cp0_regs/regs_csr_wen,0,0.0,0.0,0.0,0.0,,0
x_aq_cp0_top/x_aq_cp0_regs/regs_csr_wen_no_imm_ill,0,0.0,0.0,0.0,0.0,,0
x_aq_cp0_top/x_aq_cp0_regs/regs_csr_write_no_imm_ill,2,0.0004725897920604915,0.9101200000000003,2.431882550392693,1.0,0.004361376793285674,1
x_aq_cp0_top/x_aq_cp0_regs/regs_flush_clk,0,0.0,0.0,0.0,0.0,,0
x_aq_cp0_top/x_aq_cp0_regs/regs_flush_clk_en,2,0.0004725897920604915,0.48516000000000015,1.2963698612804015,1.0,0.004278266335194282,1
x_aq_cp0_top/x_aq_cp0_regs/regs_fs_off,2,0.0004725897920604915,1.0519600000000002,2.8108855620259936,1.0,0.009521667019597219,1
x_aq_cp0_top/x_aq_cp0_regs/regs_mcins_busy,0,0.0,0.0,0.0,0.0,,0
x_aq_cp0_top/x_aq_cp0_regs/regs_mcor_busy,2,0.0004725897920604915,0.48516000000000015,1.2963698612804015,1.0,0.004278266335194282,1
x_aq_cp0_top/x_aq_cp0_regs/regs_mxl[1:0],0,0.0,0.0,0.0,0.0,,0
x_aq_cp0_top/x_aq_cp0_regs/regs_pm[1:0],3,0.0007088846880907373,0.76905,2.054937014217356,0.6666666666666666,0.05557438793328686,2
x_aq_cp0_top/x_aq_cp0_regs/regs_scnt_inv,1,0.00023629489603024575,0.39734999999999987,1.0617374976910035,0.0,-0.018253830542093587,1
x_aq_cp0_top/x_aq_cp0_regs/regs_smode,1,0.00023629489603024575,0.39734999999999987,1.0617374976910035,0.0,-0.018253830542093587,1
x_aq_cp0_top/x_aq_cp0_regs/regs_tvm,0,0.0,0.0,0.0,0.0,,0
x_aq_cp0_top/x_aq_cp0_regs/regs_ucnt_inv,1,0.00023629489603024575,0.39734999999999987,1.0617374976910035,0.0,-0.018253830542093587,1
x_aq_cp0_top/x_aq_cp0_regs/regs_umode,0,0.0,0.0,0.0,0.0,,0
x_aq_cp0_top/x_aq_cp0_regs/satp_local_en,0,0.0,0.0,0.0,0.0,,0
x_aq_cp0_top/x_aq_cp0_regs/satp_value[63:0],6,0.0014177693761814746,0.4009933333333333,1.0714726521306353,0.5,0.0019731409187234185,2
x_aq_cp0_top/x_aq_cp0_regs/scause_local_en,0,0.0,0.0,0.0,0.0,,0
x_aq_cp0_top/x_aq_cp0_regs/scause_value[63:0],0,0.0,0.0,0.0,0.0,,0
x_aq_cp0_top/x_aq_cp0_regs/scer2_value[63:0],0,0.0,0.0,0.0,0.0,,0
x_aq_cp0_top/x_aq_cp0_regs/scer_value[63:0],0,0.0,0.0,0.0,0.0,,0
x_aq_cp0_top/x_aq_cp0_regs/scnten_local_en,0,0.0,0.0,0.0,0.0,,0
x_aq_cp0_top/x_aq_cp0_regs/scnten_value[63:0],0,0.0,0.0,0.0,0.0,,0
x_aq_cp0_top/x_aq_cp0_regs/sepc_local_en,0,0.0,0.0,0.0,0.0,,0
x_aq_cp0_top/x_aq_cp0_regs/sepc_value[63:0],0,0.0,0.0,0.0,0.0,,0
x_aq_cp0_top/x_aq_cp0_regs/shcr_value[63:0],2,0.0004725897920604915,0.9537000000000002,2.548330317221368,1.0,-0.008868236922955837,5
x_aq_cp0_top/x_aq_cp0_regs/shint2_value[63:0],0,0.0,0.0,0.0,0.0,,0
x_aq_cp0_top/x_aq_cp0_regs/shint_value[63:0],0,0.0,0.0,0.0,0.0,,0
x_aq_cp0_top/x_aq_cp0_regs/shpmcr_local_en,0,0.0,0.0,0.0,0.0,,0
x_aq_cp0_top/x_aq_cp0_regs/sie_local_en,0,0.0,0.0,0.0,0.0,,0
x_aq_cp0_top/x_aq_cp0_regs/sie_value[63:0],0,0.0,0.0,0.0,0.0,,0
x_aq_cp0_top/x_aq_cp0_regs/sip_local_en,0,0.0,0.0,0.0,0.0,,0
x_aq_cp0_top/x_aq_cp0_regs/sip_raw[63:0],0,0.0,0.0,0.0,0.0,,0
x_aq_cp0_top/x_aq_cp0_regs/sip_value[63:0],0,0.0,0.0,0.0,0.0,,0
x_aq_cp0_top/x_aq_cp0_regs/smcir_local_en,0,0.0,0.0,0.0,0.0,,0
x_aq_cp0_top/x_aq_cp0_regs/smcir_local_en_raw,0,0.0,0.0,0.0,0.0,,0
x_aq_cp0_top/x_aq_cp0_regs/sscratch_local_en,0,0.0,0.0,0.0,0.0,,0
x_aq_cp0_top/x_aq_cp0_regs/sscratch_value[63:0],0,0.0,0.0,0.0,0.0,,0
x_aq_cp0_top/x_aq_cp0_regs/sstatus_local_en,0,0.0,0.0,0.0,0.0,,0
x_aq_cp0_top/x_aq_cp0_regs/sstatus_value[63:0],3,0.0007088846880907373,0.8953066666666668,2.392300641582334,0.6666666666666666,0.005021004705180288,2
x_aq_cp0_top/x_aq_cp0_regs/stval_local_en,0,0.0,0.0,0.0,0.0,,0
x_aq_cp0_top/x_aq_cp0_regs/stval_value[63:0],0,0.0,0.0,0.0,0.0,,0
x_aq_cp0_top/x_aq_cp0_regs/stvec_local_en,0,0.0,0.0,0.0,0.0,,0
x_aq_cp0_top/x_aq_cp0_regs/stvec_value[63:0],0,0.0,0.0,0.0,0.0,,0
x_aq_cp0_top/x_aq_cp0_regs/sxstatus_local_en,0,0.0,0.0,0.0,0.0,,0
x_aq_cp0_top/x_aq_cp0_regs/sxstatus_value[63:0],11,0.0025992438563327033,0.3782400000000001,1.0106746976888017,0.5454545454545454,0.05561586311570385,7
x_aq_cp0_top/x_aq_cp0_regs/vl_value[63:0],0,0.0,0.0,0.0,0.0,,0
x_aq_cp0_top/x_aq_cp0_regs/vlenb_value[63:0],0,0.0,0.0,0.0,0.0,,0
x_aq_cp0_top/x_aq_cp0_regs/vs_dirty_upd_gate,0,0.0,0.0,0.0,0.0,,0
x_aq_cp0_top/x_aq_cp0_regs/vstart_value[63:0],0,0.0,0.0,0.0,0.0,,0
x_aq_cp0_top/x_aq_cp0_regs/vtype_value[63:0],0,0.0,0.0,0.0,0.0,,0
x_aq_cp0_top/x_aq_cp0_regs/vxrm_value[63:0],0,0.0,0.0,0.0,0.0,,0
x_aq_cp0_top/x_aq_cp0_regs/vxsat_value[63:0],0,0.0,0.0,0.0,0.0,,0
x_aq_cp0_top/x_aq_cp0_regs/x_aq_cp0_info_csr/biu_cp0_coreid[2:0],0,0.0,0.0,0.0,0.0,,0
x_aq_cp0_top/x_aq_cp0_regs/x_aq_cp0_info_csr/cpurst_b,3,0.0007088846880907373,0.6837766666666667,1.827082740773027,0.3333333333333333,0.020758564418104496,1
x_aq_cp0_top/x_aq_cp0_regs/x_aq_cp0_info_csr/iui_regs_csr_en,2,0.0004725897920604915,0.9101200000000003,2.431882550392693,1.0,0.004361376793285674,1
x_aq_cp0_top/x_aq_cp0_regs/x_aq_cp0_info_csr/marchid_value[63:0],0,0.0,0.0,0.0,0.0,,0
x_aq_cp0_top/x_aq_cp0_regs/x_aq_cp0_info_csr/mcpuid_local_en,0,0.0,0.0,0.0,0.0,,0
x_aq_cp0_top/x_aq_cp0_regs/x_aq_cp0_info_csr/mhartid_value[63:0],0,0.0,0.0,0.0,0.0,,0
x_aq_cp0_top/x_aq_cp0_regs/x_aq_cp0_info_csr/mimpid_value[63:0],0,0.0,0.0,0.0,0.0,,0
x_aq_cp0_top/x_aq_cp0_regs/x_aq_cp0_info_csr/misa_value[63:0],0,0.0,0.0,0.0,0.0,,0
x_aq_cp0_top/x_aq_cp0_regs/x_aq_cp0_info_csr/mvendorid_value[63:0],0,0.0,0.0,0.0,0.0,,0
x_aq_cp0_top/x_aq_cp0_regs/x_aq_cp0_info_csr/regs_clk,0,0.0,0.0,0.0,0.0,,0
x_aq_cp0_top/x_aq_cp0_regs/x_aq_cp0_info_csr/regs_mxl[1:0],0,0.0,0.0,0.0,0.0,,0
x_aq_cp0_top/x_aq_cp0_regs/x_aq_cp0_info_csr/cpuid_index0_value[31:0],0,0.0,0.0,0.0,0.0,,0
x_aq_cp0_top/x_aq_cp0_regs/x_aq_cp0_info_csr/cpuid_index1_value[31:0],0,0.0,0.0,0.0,0.0,,0
x_aq_cp0_top/x_aq_cp0_regs/x_aq_cp0_info_csr/cpuid_index2_value[31:0],0,0.0,0.0,0.0,0.0,,0
x_aq_cp0_top/x_aq_cp0_regs/x_aq_cp0_info_csr/cpuid_index3_value[31:0],0,0.0,0.0,0.0,0.0,,0
x_aq_cp0_top/x_aq_cp0_regs/x_aq_cp0_info_csr/cpuid_index4_value[31:0],0,0.0,0.0,0.0,0.0,,0
x_aq_cp0_top/x_aq_cp0_regs/x_aq_cp0_info_csr/cpuid_index5_core_num_1,0,0.0,0.0,0.0,0.0,,0
x_aq_cp0_top/x_aq_cp0_regs/x_aq_cp0_info_csr/cpuid_index5_core_num_2,0,0.0,0.0,0.0,0.0,,0
x_aq_cp0_top/x_aq_cp0_regs/x_aq_cp0_info_csr/cpuid_index5_core_num_3,0,0.0,0.0,0.0,0.0,,0
x_aq_cp0_top/x_aq_cp0_regs/x_aq_cp0_info_csr/cpuid_index5_value[31:0],0,0.0,0.0,0.0,0.0,,0
x_aq_cp0_top/x_aq_cp0_regs/x_aq_cp0_info_csr/cpuid_index6_value[31:0],0,0.0,0.0,0.0,0.0,,0
x_aq_cp0_top/x_aq_cp0_regs/x_aq_cp0_info_csr/extensions[25:0],0,0.0,0.0,0.0,0.0,,0
x_aq_cp0_top/x_aq_cp0_regs/x_aq_cp0_info_csr/index_max,0,0.0,0.0,0.0,0.0,,0
x_aq_cp0_top/x_aq_cp0_regs/x_aq_cp0_info_csr/index_next_val[2:0],1,0.00023629489603024575,1.6444,4.393912523475744,1.0,0.1328254367070838,1
x_aq_cp0_top/x_aq_cp0_regs/x_aq_cp0_info_csr/misa_fd,0,0.0,0.0,0.0,0.0,,0
x_aq_cp0_top/x_aq_cp0_regs/x_aq_cp0_info_csr/misa_vector,0,0.0,0.0,0.0,0.0,,0
x_aq_cp0_top/x_aq_cp0_regs/x_aq_cp0_info_csr/mxl[1:0],0,0.0,0.0,0.0,0.0,,0
x_aq_cp0_top/x_aq_cp0_regs/x_aq_cp0_trap_csr/biu_cp0_me_int,0,0.0,0.0,0.0,0.0,,0
x_aq_cp0_top/x_aq_cp0_regs/x_aq_cp0_trap_csr/biu_cp0_ms_int,0,0.0,0.0,0.0,0.0,,0
x_aq_cp0_top/x_aq_cp0_regs/x_aq_cp0_trap_csr/biu_cp0_mt_int,0,0.0,0.0,0.0,0.0,,0
x_aq_cp0_top/x_aq_cp0_regs/x_aq_cp0_trap_csr/biu_cp0_se_int,0,0.0,0.0,0.0,0.0,,0
x_aq_cp0_top/x_aq_cp0_regs/x_aq_cp0_trap_csr/biu_cp0_ss_int,0,0.0,0.0,0.0,0.0,,0
x_aq_cp0_top/x_aq_cp0_regs/x_aq_cp0_trap_csr/biu_cp0_st_int,0,0.0,0.0,0.0,0.0,,0
x_aq_cp0_top/x_aq_cp0_regs/x_aq_cp0_trap_csr/cp0_dtu_mexpt_vld,0,0.0,0.0,0.0,0.0,,0
x_aq_cp0_top/x_aq_cp0_regs/x_aq_cp0_trap_csr/cp0_hpcp_int_off_vld,3,0.0007088846880907373,0.6308466666666667,1.6856513433833584,0.6666666666666666,0.011053883091643398,1
x_aq_cp0_top/x_aq_cp0_regs/x_aq_cp0_trap_csr/cp0_idu_fs[1:0],1,0.00023629489603024575,0.5820000000000001,1.555130800695015,0.0,0.003956325861585049,1
x_aq_cp0_top/x_aq_cp0_regs/x_aq_cp0_trap_csr/cp0_idu_vs[1:0],0,0.0,0.0,0.0,0.0,,0
x_aq_cp0_top/x_aq_cp0_regs/x_aq_cp0_trap_csr/cp0_lsu_mpp[1:0],4,0.000945179584120983,0.88828,2.37352506467589,1.0,0.04110657684777156,2
x_aq_cp0_top/x_aq_cp0_regs/x_aq_cp0_trap_csr/cp0_lsu_mprv,0,0.0,0.0,0.0,0.0,,0
x_aq_cp0_top/x_aq_cp0_regs/x_aq_cp0_trap_csr/cp0_mmu_mxr,0,0.0,0.0,0.0,0.0,,0
x_aq_cp0_top/x_aq_cp0_regs/x_aq_cp0_trap_csr/cp0_mmu_sum,0,0.0,0.0,0.0,0.0,,0
x_aq_cp0_top/x_aq_cp0_regs/x_aq_cp0_trap_csr/cp0_rtu_int_vld[14:0],0,0.0,0.0,0.0,0.0,,0
x_aq_cp0_top/x_aq_cp0_regs/x_aq_cp0_trap_csr/cp0_rtu_trap_pc[39:0],4,0.000945179584120983,0.7854200000000001,2.0986784080444654,0.75,0.011951649958665319,5
x_aq_cp0_top/x_aq_cp0_regs/x_aq_cp0_trap_csr/cp0_yy_priv_mode[1:0],3,0.0007088846880907373,0.76905,2.054937014217356,0.6666666666666666,0.05557438793328686,2
x_aq_cp0_top/x_aq_cp0_regs/x_aq_cp0_trap_csr/cpurst_b,3,0.0007088846880907373,0.6837766666666667,1.827082740773027,0.3333333333333333,0.020758564418104496,1
x_aq_cp0_top/x_aq_cp0_regs/x_aq_cp0_trap_csr/dtu_cp0_dcsr_mprven,0,0.0,0.0,0.0,0.0,,0
x_aq_cp0_top/x_aq_cp0_regs/x_aq_cp0_trap_csr/dtu_cp0_dcsr_prv[1:0],0,0.0,0.0,0.0,0.0,,0
x_aq_cp0_top/x_aq_cp0_regs/x_aq_cp0_trap_csr/fcsr_local_en,0,0.0,0.0,0.0,0.0,,0
x_aq_cp0_top/x_aq_cp0_regs/x_aq_cp0_trap_csr/fflags_local_en,0,0.0,0.0,0.0,0.0,,0
x_aq_cp0_top/x_aq_cp0_regs/x_aq_cp0_trap_csr/float_clk,0,0.0,0.0,0.0,0.0,,0
x_aq_cp0_top/x_aq_cp0_regs/x_aq_cp0_trap_csr/frm_local_en,0,0.0,0.0,0.0,0.0,,0
x_aq_cp0_top/x_aq_cp0_regs/x_aq_cp0_trap_csr/fs_dirty_upd_gate,0,0.0,0.0,0.0,0.0,,0
x_aq_cp0_top/x_aq_cp0_regs/x_aq_cp0_trap_csr/fxcr_local_en,0,0.0,0.0,0.0,0.0,,0
x_aq_cp0_top/x_aq_cp0_regs/x_aq_cp0_trap_csr/hpcp_cp0_int_vld,0,0.0,0.0,0.0,0.0,,0
x_aq_cp0_top/x_aq_cp0_regs/x_aq_cp0_trap_csr/iui_regs_inst_mret,0,0.0,0.0,0.0,0.0,,0
x_aq_cp0_top/x_aq_cp0_regs/x_aq_cp0_trap_csr/iui_regs_inst_sret,0,0.0,0.0,0.0,0.0,,0
x_aq_cp0_top/x_aq_cp0_regs/x_aq_cp0_trap_csr/iui_regs_wdata[63:0],54,0.01275992438563327,0.5213240740740742,1.3930019325367737,0.6666666666666666,0.07862161274667817,8
x_aq_cp0_top/x_aq_cp0_regs/x_aq_cp0_trap_csr/mcause_local_en,0,0.0,0.0,0.0,0.0,,0
x_aq_cp0_top/x_aq_cp0_regs/x_aq_cp0_trap_csr/mcause_value[63:0],0,0.0,0.0,0.0,0.0,,0
x_aq_cp0_top/x_aq_cp0_regs/x_aq_cp0_trap_csr/medeleg_local_en,0,0.0,0.0,0.0,0.0,,0
x_aq_cp0_top/x_aq_cp0_regs/x_aq_cp0_trap_csr/medeleg_value[63:0],0,0.0,0.0,0.0,0.0,,0
x_aq_cp0_top/x_aq_cp0_regs/x_aq_cp0_trap_csr/mepc_local_en,0,0.0,0.0,0.0,0.0,,0
x_aq_cp0_top/x_aq_cp0_regs/x_aq_cp0_trap_csr/mepc_value[63:0],2,0.0004725897920604915,0.04401999999999995,0.11762346709036853,0.5,-0.0056540098189273936,8
x_aq_cp0_top/x_aq_cp0_regs/x_aq_cp0_trap_csr/mideleg_local_en,0,0.0,0.0,0.0,0.0,,0
x_aq_cp0_top/x_aq_cp0_regs/x_aq_cp0_trap_csr/mideleg_value[63:0],0,0.0,0.0,0.0,0.0,,0
x_aq_cp0_top/x_aq_cp0_regs/x_aq_cp0_trap_csr/mie_local_en,0,0.0,0.0,0.0,0.0,,0
x_aq_cp0_top/x_aq_cp0_regs/x_aq_cp0_trap_csr/mie_value[63:0],0,0.0,0.0,0.0,0.0,,0
x_aq_cp0_top/x_aq_cp0_regs/x_aq_cp0_trap_csr/mip_local_en,0,0.0,0.0,0.0,0.0,,0
x_aq_cp0_top/x_aq_cp0_regs/x_aq_cp0_trap_csr/mip_value[63:0],0,0.0,0.0,0.0,0.0,,0
x_aq_cp0_top/x_aq_cp0_regs/x_aq_cp0_trap_csr/mscratch_local_en,0,0.0,0.0,0.0,0.0,,0
x_aq_cp0_top/x_aq_cp0_regs/x_aq_cp0_trap_csr/mscratch_value[63:0],0,0.0,0.0,0.0,0.0,,0
x_aq_cp0_top/x_aq_cp0_regs/x_aq_cp0_trap_csr/mstatus_local_en,0,0.0,0.0,0.0,0.0,,0
x_aq_cp0_top/x_aq_cp0_regs/x_aq_cp0_trap_csr/mstatus_value[63:0],11,0.0025992438563327033,0.49522636363636363,1.3232676484658055,0.6363636363636364,0.02154423684890034,3
x_aq_cp0_top/x_aq_cp0_regs/x_aq_cp0_trap_csr/mtval_local_en,0,0.0,0.0,0.0,0.0,,0
x_aq_cp0_top/x_aq_cp0_regs/x_aq_cp0_trap_csr/mtval_value[63:0],0,0.0,0.0,0.0,0.0,,0
x_aq_cp0_top/x_aq_cp0_regs/x_aq_cp0_trap_csr/mtvec_local_en,0,0.0,0.0,0.0,0.0,,0
x_aq_cp0_top/x_aq_cp0_regs/x_aq_cp0_trap_csr/mtvec_value[63:0],2,0.0004725897920604915,1.2394650000000003,3.3119075565007683,1.0,0.003317306675734451,5
x_aq_cp0_top/x_aq_cp0_regs/x_aq_cp0_trap_csr/regs_clintee,1,0.00023629489603024575,1.6444,4.393912523475744,1.0,0.1328254367070838,1
x_aq_cp0_top/x_aq_cp0_regs/x_aq_cp0_trap_csr/regs_clk,0,0.0,0.0,0.0,0.0,,0
x_aq_cp0_top/x_aq_cp0_regs/x_aq_cp0_trap_csr/regs_flush_clk,0,0.0,0.0,0.0,0.0,,0
x_aq_cp0_top/x_aq_cp0_regs/x_aq_cp0_trap_csr/regs_fs_off,2,0.0004725897920604915,1.0519600000000002,2.8108855620259936,1.0,0.009521667019597219,1
x_aq_cp0_top/x_aq_cp0_regs/x_aq_cp0_trap_csr/regs_iui_mepc[39:0],2,0.0004725897920604915,0.04401999999999995,0.11762346709036853,0.5,-0.0056540098189273936,8
x_aq_cp0_top/x_aq_cp0_regs/x_aq_cp0_trap_csr/regs_iui_pm[1:0],3,0.0007088846880907373,0.76905,2.054937014217356,0.6666666666666666,0.05557438793328686,2
x_aq_cp0_top/x_aq_cp0_regs/x_aq_cp0_trap_csr/regs_iui_sepc[39:0],0,0.0,0.0,0.0,0.0,,0
x_aq_cp0_top/x_aq_cp0_regs/x_aq_cp0_trap_csr/regs_iui_tsr,0,0.0,0.0,0.0,0.0,,0
x_aq_cp0_top/x_aq_cp0_regs/x_aq_cp0_trap_csr/regs_iui_tvm,0,0.0,0.0,0.0,0.0,,0
x_aq_cp0_top/x_aq_cp0_regs/x_aq_cp0_trap_csr/regs_iui_tw,0,0.0,0.0,0.0,0.0,,0
x_aq_cp0_top/x_aq_cp0_regs/x_aq_cp0_trap_csr/regs_lpmd_int_vld,0,0.0,0.0,0.0,0.0,,0
x_aq_cp0_top/x_aq_cp0_regs/x_aq_cp0_trap_csr/regs_mxl[1:0],0,0.0,0.0,0.0,0.0,,0
x_aq_cp0_top/x_aq_cp0_regs/x_aq_cp0_trap_csr/regs_pm[1:0],3,0.0007088846880907373,0.76905,2.054937014217356,0.6666666666666666,0.05557438793328686,2
x_aq_cp0_top/x_aq_cp0_regs/x_aq_cp0_trap_csr/regs_tvm,0,0.0,0.0,0.0,0.0,,0
x_aq_cp0_top/x_aq_cp0_regs/x_aq_cp0_trap_csr/rtu_cp0_epc[63:0],263,0.06214555765595463,0.4063060076045627,1.0856683624283134,0.23954372623574144,-0.004007567894786867,10
x_aq_cp0_top/x_aq_cp0_regs/x_aq_cp0_trap_csr/rtu_cp0_exit_debug,0,0.0,0.0,0.0,0.0,,0
x_aq_cp0_top/x_aq_cp0_regs/x_aq_cp0_trap_csr/rtu_cp0_fs_dirty_updt,0,0.0,0.0,0.0,0.0,,0
x_aq_cp0_top/x_aq_cp0_regs/x_aq_cp0_trap_csr/rtu_cp0_fs_dirty_updt_dp,0,0.0,0.0,0.0,0.0,,0
x_aq_cp0_top/x_aq_cp0_regs/x_aq_cp0_trap_csr/rtu_cp0_tval[63:0],0,0.0,0.0,0.0,0.0,,0
x_aq_cp0_top/x_aq_cp0_regs/x_aq_cp0_trap_csr/rtu_cp0_vs_dirty_updt,0,0.0,0.0,0.0,0.0,,0
x_aq_cp0_top/x_aq_cp0_regs/x_aq_cp0_trap_csr/rtu_cp0_vs_dirty_updt_dp,0,0.0,0.0,0.0,0.0,,0
x_aq_cp0_top/x_aq_cp0_regs/x_aq_cp0_trap_csr/rtu_yy_xx_dbgon,0,0.0,0.0,0.0,0.0,,0
x_aq_cp0_top/x_aq_cp0_regs/x_aq_cp0_trap_csr/rtu_yy_xx_expt_int,0,0.0,0.0,0.0,0.0,,0
x_aq_cp0_top/x_aq_cp0_regs/x_aq_cp0_trap_csr/rtu_yy_xx_expt_vec[4:0],0,0.0,0.0,0.0,0.0,,0
x_aq_cp0_top/x_aq_cp0_regs/x_aq_cp0_trap_csr/rtu_yy_xx_expt_vld,0,0.0,0.0,0.0,0.0,,0
x_aq_cp0_top/x_aq_cp0_regs/x_aq_cp0_trap_csr/scause_local_en,0,0.0,0.0,0.0,0.0,,0
x_aq_cp0_top/x_aq_cp0_regs/x_aq_cp0_trap_csr/scause_value[63:0],0,0.0,0.0,0.0,0.0,,0
x_aq_cp0_top/x_aq_cp0_regs/x_aq_cp0_trap_csr/sepc_local_en,0,0.0,0.0,0.0,0.0,,0
x_aq_cp0_top/x_aq_cp0_regs/x_aq_cp0_trap_csr/sepc_value[63:0],0,0.0,0.0,0.0,0.0,,0
x_aq_cp0_top/x_aq_cp0_regs/x_aq_cp0_trap_csr/sie_local_en,0,0.0,0.0,0.0,0.0,,0
x_aq_cp0_top/x_aq_cp0_regs/x_aq_cp0_trap_csr/sie_value[63:0],0,0.0,0.0,0.0,0.0,,0
x_aq_cp0_top/x_aq_cp0_regs/x_aq_cp0_trap_csr/sip_local_en,0,0.0,0.0,0.0,0.0,,0
x_aq_cp0_top/x_aq_cp0_regs/x_aq_cp0_trap_csr/sip_raw[63:0],0,0.0,0.0,0.0,0.0,,0
x_aq_cp0_top/x_aq_cp0_regs/x_aq_cp0_trap_csr/sip_value[63:0],0,0.0,0.0,0.0,0.0,,0
x_aq_cp0_top/x_aq_cp0_regs/x_aq_cp0_trap_csr/sscratch_local_en,0,0.0,0.0,0.0,0.0,,0
x_aq_cp0_top/x_aq_cp0_regs/x_aq_cp0_trap_csr/sscratch_value[63:0],0,0.0,0.0,0.0,0.0,,0
x_aq_cp0_top/x_aq_cp0_regs/x_aq_cp0_trap_csr/sstatus_local_en,0,0.0,0.0,0.0,0.0,,0
x_aq_cp0_top/x_aq_cp0_regs/x_aq_cp0_trap_csr/sstatus_value[63:0],3,0.0007088846880907373,0.8953066666666668,2.392300641582334,0.6666666666666666,0.005021004705180288,2
x_aq_cp0_top/x_aq_cp0_regs/x_aq_cp0_trap_csr/stval_local_en,0,0.0,0.0,0.0,0.0,,0
x_aq_cp0_top/x_aq_cp0_regs/x_aq_cp0_trap_csr/stval_value[63:0],0,0.0,0.0,0.0,0.0,,0
x_aq_cp0_top/x_aq_cp0_regs/x_aq_cp0_trap_csr/stvec_local_en,0,0.0,0.0,0.0,0.0,,0
x_aq_cp0_top/x_aq_cp0_regs/x_aq_cp0_trap_csr/stvec_value[63:0],0,0.0,0.0,0.0,0.0,,0
x_aq_cp0_top/x_aq_cp0_regs/x_aq_cp0_trap_csr/vs_dirty_upd_gate,0,0.0,0.0,0.0,0.0,,0
x_aq_cp0_top/x_aq_cp0_regs/x_aq_cp0_trap_csr/edeleg_upd_val[15:0],48,0.011342155009451797,0.5300154166666667,1.4162256001744595,0.6875,0.17954541802262197,7
x_aq_cp0_top/x_aq_cp0_regs/x_aq_cp0_trap_csr/fs[1:0],1,0.00023629489603024575,0.5820000000000001,1.555130800695015,0.0,0.003956325861585049,1
x_aq_cp0_top/x_aq_cp0_regs/x_aq_cp0_trap_csr/fs_dirty_upd,0,0.0,0.0,0.0,0.0,,0
x_aq_cp0_top/x_aq_cp0_regs/x_aq_cp0_trap_csr/fs_off,2,0.0004725897920604915,1.0519600000000002,2.8108855620259936,1.0,0.009521667019597219,1
x_aq_cp0_top/x_aq_cp0_regs/x_aq_cp0_trap_csr/int_off_vld,3,0.0007088846880907373,0.6308466666666667,1.6856513433833584,0.6666666666666666,0.011053883091643398,1
x_aq_cp0_top/x_aq_cp0_regs/x_aq_cp0_trap_csr/int_sel[14:0],0,0.0,0.0,0.0,0.0,,0
x_aq_cp0_top/x_aq_cp0_regs/x_aq_cp0_trap_csr/lpmd_ack_vld,0,0.0,0.0,0.0,0.0,,0
x_aq_cp0_top/x_aq_cp0_regs/x_aq_cp0_trap_csr/mcie,0,0.0,0.0,0.0,0.0,,0
x_aq_cp0_top/x_aq_cp0_regs/x_aq_cp0_trap_csr/mcie_deleg,0,0.0,0.0,0.0,0.0,,0
x_aq_cp0_top/x_aq_cp0_regs/x_aq_cp0_trap_csr/mcip,0,0.0,0.0,0.0,0.0,,0
x_aq_cp0_top/x_aq_cp0_regs/x_aq_cp0_trap_csr/mcip_acc_en,0,0.0,0.0,0.0,0.0,,0
x_aq_cp0_top/x_aq_cp0_regs/x_aq_cp0_trap_csr/mcip_deleg_vld,0,0.0,0.0,0.0,0.0,,0
x_aq_cp0_top/x_aq_cp0_regs/x_aq_cp0_trap_csr/mcip_en,0,0.0,0.0,0.0,0.0,,0
x_aq_cp0_top/x_aq_cp0_regs/x_aq_cp0_trap_csr/mcip_nodeleg_vld,0,0.0,0.0,0.0,0.0,,0
x_aq_cp0_top/x_aq_cp0_regs/x_aq_cp0_trap_csr/mdeleg_vld_dp,0,0.0,0.0,0.0,0.0,,0
x_aq_cp0_top/x_aq_cp0_regs/x_aq_cp0_trap_csr/medeleg_vld_dp,0,0.0,0.0,0.0,0.0,,0
x_aq_cp0_top/x_aq_cp0_regs/x_aq_cp0_trap_csr/meip,0,0.0,0.0,0.0,0.0,,0
x_aq_cp0_top/x_aq_cp0_regs/x_aq_cp0_trap_csr/meip_en,0,0.0,0.0,0.0,0.0,,0
x_aq_cp0_top/x_aq_cp0_regs/x_aq_cp0_trap_csr/meip_vld,0,0.0,0.0,0.0,0.0,,0
x_aq_cp0_top/x_aq_cp0_regs/x_aq_cp0_trap_csr/mhie,0,0.0,0.0,0.0,0.0,,0
x_aq_cp0_top/x_aq_cp0_regs/x_aq_cp0_trap_csr/mhie_deleg,0,0.0,0.0,0.0,0.0,,0
x_aq_cp0_top/x_aq_cp0_regs/x_aq_cp0_trap_csr/mhip,0,0.0,0.0,0.0,0.0,,0
x_aq_cp0_top/x_aq_cp0_regs/x_aq_cp0_trap_csr/mhip_acc_en,0,0.0,0.0,0.0,0.0,,0
x_aq_cp0_top/x_aq_cp0_regs/x_aq_cp0_trap_csr/mhip_deleg_vld,0,0.0,0.0,0.0,0.0,,0
x_aq_cp0_top/x_aq_cp0_regs/x_aq_cp0_trap_csr/mhip_en,0,0.0,0.0,0.0,0.0,,0
x_aq_cp0_top/x_aq_cp0_regs/x_aq_cp0_trap_csr/mhip_nodeleg_vld,0,0.0,0.0,0.0,0.0,,0
x_aq_cp0_top/x_aq_cp0_regs/x_aq_cp0_trap_csr/mideleg[63:0],0,0.0,0.0,0.0,0.0,,0
x_aq_cp0_top/x_aq_cp0_regs/x_aq_cp0_trap_csr/mideleg_vld_dp,0,0.0,0.0,0.0,0.0,,0
x_aq_cp0_top/x_aq_cp0_regs/x_aq_cp0_trap_csr/moip,0,0.0,0.0,0.0,0.0,,0
x_aq_cp0_top/x_aq_cp0_regs/x_aq_cp0_trap_csr/moip_acc_en,0,0.0,0.0,0.0,0.0,,0
x_aq_cp0_top/x_aq_cp0_regs/x_aq_cp0_trap_csr/moip_deleg_vld,0,0.0,0.0,0.0,0.0,,0
x_aq_cp0_top/x_aq_cp0_regs/x_aq_cp0_trap_csr/moip_en,0,0.0,0.0,0.0,0.0,,0
x_aq_cp0_top/x_aq_cp0_regs/x_aq_cp0_trap_csr/moip_nodeleg_vld,0,0.0,0.0,0.0,0.0,,0
x_aq_cp0_top/x_aq_cp0_regs/x_aq_cp0_trap_csr/mpv,0,0.0,0.0,0.0,0.0,,0
x_aq_cp0_top/x_aq_cp0_regs/x_aq_cp0_trap_csr/msip,0,0.0,0.0,0.0,0.0,,0
x_aq_cp0_top/x_aq_cp0_regs/x_aq_cp0_trap_csr/msip_en,0,0.0,0.0,0.0,0.0,,0
x_aq_cp0_top/x_aq_cp0_regs/x_aq_cp0_trap_csr/msip_vld,0,0.0,0.0,0.0,0.0,,0
x_aq_cp0_top/x_aq_cp0_regs/x_aq_cp0_trap_csr/mtip,0,0.0,0.0,0.0,0.0,,0
x_aq_cp0_top/x_aq_cp0_regs/x_aq_cp0_trap_csr/mtip_en,0,0.0,0.0,0.0,0.0,,0
x_aq_cp0_top/x_aq_cp0_regs/x_aq_cp0_trap_csr/mtip_vld,0,0.0,0.0,0.0,0.0,,0
x_aq_cp0_top/x_aq_cp0_regs/x_aq_cp0_trap_csr/pm[1:0],3,0.0007088846880907373,0.76905,2.054937014217356,0.6666666666666666,0.05557438793328686,2
x_aq_cp0_top/x_aq_cp0_regs/x_aq_cp0_trap_csr/pm_wen,0,0.0,0.0,0.0,0.0,,0
x_aq_cp0_top/x_aq_cp0_regs/x_aq_cp0_trap_csr/regs_intr,0,0.0,0.0,0.0,0.0,,0
x_aq_cp0_top/x_aq_cp0_regs/x_aq_cp0_trap_csr/regs_mpp_write_ill,0,0.0,0.0,0.0,0.0,,0
x_aq_cp0_top/x_aq_cp0_regs/x_aq_cp0_trap_csr/regs_trap_pc[39:0],4,0.000945179584120983,0.7854200000000001,2.0986784080444654,0.75,0.011951649958665319,5
x_aq_cp0_top/x_aq_cp0_regs/x_aq_cp0_trap_csr/regs_tvec[39:0],4,0.000945179584120983,0.7854200000000001,2.0986784080444654,0.75,0.011951649958665319,5
x_aq_cp0_top/x_aq_cp0_regs/x_aq_cp0_trap_csr/regs_vector[4:0],0,0.0,0.0,0.0,0.0,,0
x_aq_cp0_top/x_aq_cp0_regs/x_aq_cp0_trap_csr/sd,0,0.0,0.0,0.0,0.0,,0
x_aq_cp0_top/x_aq_cp0_regs/x_aq_cp0_trap_csr/seip,0,0.0,0.0,0.0,0.0,,0
x_aq_cp0_top/x_aq_cp0_regs/x_aq_cp0_trap_csr/seip_acc_en,0,0.0,0.0,0.0,0.0,,0
x_aq_cp0_top/x_aq_cp0_regs/x_aq_cp0_trap_csr/seip_deleg_vld,0,0.0,0.0,0.0,0.0,,0
x_aq_cp0_top/x_aq_cp0_regs/x_aq_cp0_trap_csr/seip_en,0,0.0,0.0,0.0,0.0,,0
x_aq_cp0_top/x_aq_cp0_regs/x_aq_cp0_trap_csr/seip_nodeleg_vld,0,0.0,0.0,0.0,0.0,,0
x_aq_cp0_top/x_aq_cp0_regs/x_aq_cp0_trap_csr/ssip,0,0.0,0.0,0.0,0.0,,0
x_aq_cp0_top/x_aq_cp0_regs/x_aq_cp0_trap_csr/ssip_acc_en,0,0.0,0.0,0.0,0.0,,0
x_aq_cp0_top/x_aq_cp0_regs/x_aq_cp0_trap_csr/ssip_deleg_vld,0,0.0,0.0,0.0,0.0,,0
x_aq_cp0_top/x_aq_cp0_regs/x_aq_cp0_trap_csr/ssip_en,0,0.0,0.0,0.0,0.0,,0
x_aq_cp0_top/x_aq_cp0_regs/x_aq_cp0_trap_csr/ssip_nodeleg_vld,0,0.0,0.0,0.0,0.0,,0
x_aq_cp0_top/x_aq_cp0_regs/x_aq_cp0_trap_csr/sstatus_spp,1,0.00023629489603024575,1.6444,4.393912523475744,1.0,0.1328254367070838,1
x_aq_cp0_top/x_aq_cp0_regs/x_aq_cp0_trap_csr/stip,0,0.0,0.0,0.0,0.0,,0
x_aq_cp0_top/x_aq_cp0_regs/x_aq_cp0_trap_csr/stip_acc_en,0,0.0,0.0,0.0,0.0,,0
x_aq_cp0_top/x_aq_cp0_regs/x_aq_cp0_trap_csr/stip_deleg_vld,0,0.0,0.0,0.0,0.0,,0
x_aq_cp0_top/x_aq_cp0_regs/x_aq_cp0_trap_csr/stip_en,0,0.0,0.0,0.0,0.0,,0
x_aq_cp0_top/x_aq_cp0_regs/x_aq_cp0_trap_csr/stip_nodeleg_vld,0,0.0,0.0,0.0,0.0,,0
x_aq_cp0_top/x_aq_cp0_regs/x_aq_cp0_trap_csr/sxl[1:0],0,0.0,0.0,0.0,0.0,,0
x_aq_cp0_top/x_aq_cp0_regs/x_aq_cp0_trap_csr/uxl[1:0],0,0.0,0.0,0.0,0.0,,0
x_aq_cp0_top/x_aq_cp0_regs/x_aq_cp0_trap_csr/vec_int_pc[39:0],4,0.000945179584120983,0.7854200000000001,2.0986784080444654,0.75,0.011951649958665319,5
x_aq_cp0_top/x_aq_cp0_regs/x_aq_cp0_trap_csr/vs[1:0],0,0.0,0.0,0.0,0.0,,0
x_aq_cp0_top/x_aq_cp0_regs/x_aq_cp0_trap_csr/vxrm_local_en,0,0.0,0.0,0.0,0.0,,0
x_aq_cp0_top/x_aq_cp0_regs/x_aq_cp0_trap_csr/vxsat_local_en,0,0.0,0.0,0.0,0.0,,0
x_aq_cp0_top/x_aq_cp0_regs/x_aq_cp0_trap_csr/xs[1:0],0,0.0,0.0,0.0,0.0,,0
x_aq_cp0_top/x_aq_cp0_regs/x_aq_cp0_prtc_csr/cp0_dtu_satp[63:0],6,0.0014177693761814746,0.4009933333333333,1.0714726521306353,0.5,0.0019731409187234185,2
x_aq_cp0_top/x_aq_cp0_regs/x_aq_cp0_prtc_csr/cp0_mmu_satp_data[63:0],6,0.0014177693761814746,0.4009933333333333,1.0714726521306353,0.5,0.0019731409187234185,2
x_aq_cp0_top/x_aq_cp0_regs/x_aq_cp0_prtc_csr/cp0_mmu_satp_wen,0,0.0,0.0,0.0,0.0,,0
x_aq_cp0_top/x_aq_cp0_regs/x_aq_cp0_prtc_csr/cpurst_b,3,0.0007088846880907373,0.6837766666666667,1.827082740773027,0.3333333333333333,0.020758564418104496,1
x_aq_cp0_top/x_aq_cp0_regs/x_aq_cp0_prtc_csr/iui_regs_wdata[63:0],54,0.01275992438563327,0.5213240740740742,1.3930019325367737,0.6666666666666666,0.07862161274667817,8
x_aq_cp0_top/x_aq_cp0_regs/x_aq_cp0_prtc_csr/mmu_cp0_cmplt,0,0.0,0.0,0.0,0.0,,0
x_aq_cp0_top/x_aq_cp0_regs/x_aq_cp0_prtc_csr/mmu_cp0_data[63:0],0,0.0,0.0,0.0,0.0,,0
x_aq_cp0_top/x_aq_cp0_regs/x_aq_cp0_prtc_csr/mmu_value[63:0],0,0.0,0.0,0.0,0.0,,0
x_aq_cp0_top/x_aq_cp0_regs/x_aq_cp0_prtc_csr/pmp_cp0_data[63:0],0,0.0,0.0,0.0,0.0,,0
x_aq_cp0_top/x_aq_cp0_regs/x_aq_cp0_prtc_csr/pmp_value[63:0],0,0.0,0.0,0.0,0.0,,0
x_aq_cp0_top/x_aq_cp0_regs/x_aq_cp0_prtc_csr/regs_clk,0,0.0,0.0,0.0,0.0,,0
x_aq_cp0_top/x_aq_cp0_regs/x_aq_cp0_prtc_csr/regs_iui_smcir_stall,0,0.0,0.0,0.0,0.0,,0
x_aq_cp0_top/x_aq_cp0_regs/x_aq_cp0_prtc_csr/satp_local_en,0,0.0,0.0,0.0,0.0,,0
x_aq_cp0_top/x_aq_cp0_regs/x_aq_cp0_prtc_csr/satp_value[63:0],6,0.0014177693761814746,0.4009933333333333,1.0714726521306353,0.5,0.0019731409187234185,2
x_aq_cp0_top/x_aq_cp0_regs/x_aq_cp0_prtc_csr/smcir_local_en,0,0.0,0.0,0.0,0.0,,0
x_aq_cp0_top/x_aq_cp0_regs/x_aq_cp0_prtc_csr/smcir_local_en_raw,0,0.0,0.0,0.0,0.0,,0
x_aq_cp0_top/x_aq_cp0_regs/x_aq_cp0_hpcp_csr/cp0_hpcp_mcntwen[31:0],0,0.0,0.0,0.0,0.0,,0
x_aq_cp0_top/x_aq_cp0_regs/x_aq_cp0_hpcp_csr/cpurst_b,3,0.0007088846880907373,0.6837766666666667,1.827082740773027,0.3333333333333333,0.020758564418104496,1
x_aq_cp0_top/x_aq_cp0_regs/x_aq_cp0_hpcp_csr/hpcp_cp0_data[63:0],0,0.0,0.0,0.0,0.0,,0
x_aq_cp0_top/x_aq_cp0_regs/x_aq_cp0_hpcp_csr/hpcp_value[63:0],0,0.0,0.0,0.0,0.0,,0
x_aq_cp0_top/x_aq_cp0_regs/x_aq_cp0_hpcp_csr/iui_regs_csr_write,2,0.0004725897920604915,0.9101200000000003,2.431882550392693,1.0,0.004361376793285674,1
x_aq_cp0_top/x_aq_cp0_regs/x_aq_cp0_hpcp_csr/iui_regs_imm[11:0],62,0.014650283553875236,0.5381298387096777,1.4379077095368733,0.6451612903225806,0.025410824933784583,7
x_aq_cp0_top/x_aq_cp0_regs/x_aq_cp0_hpcp_csr/iui_regs_wdata[63:0],54,0.01275992438563327,0.5213240740740742,1.3930019325367737,0.6666666666666666,0.07862161274667817,8
x_aq_cp0_top/x_aq_cp0_regs/x_aq_cp0_hpcp_csr/mcnten_local_en,0,0.0,0.0,0.0,0.0,,0
x_aq_cp0_top/x_aq_cp0_regs/x_aq_cp0_hpcp_csr/mcnten_value[63:0],0,0.0,0.0,0.0,0.0,,0
x_aq_cp0_top/x_aq_cp0_regs/x_aq_cp0_hpcp_csr/mcntwen_local_en,0,0.0,0.0,0.0,0.0,,0
x_aq_cp0_top/x_aq_cp0_regs/x_aq_cp0_hpcp_csr/mcntwen_value[63:0],0,0.0,0.0,0.0,0.0,,0
x_aq_cp0_top/x_aq_cp0_regs/x_aq_cp0_hpcp_csr/regs_clk,0,0.0,0.0,0.0,0.0,,0
x_aq_cp0_top/x_aq_cp0_regs/x_aq_cp0_hpcp_csr/regs_scnt_inv,1,0.00023629489603024575,0.39734999999999987,1.0617374976910035,0.0,-0.018253830542093587,1
x_aq_cp0_top/x_aq_cp0_regs/x_aq_cp0_hpcp_csr/regs_smode,1,0.00023629489603024575,0.39734999999999987,1.0617374976910035,0.0,-0.018253830542093587,1
x_aq_cp0_top/x_aq_cp0_regs/x_aq_cp0_hpcp_csr/regs_ucnt_inv,1,0.00023629489603024575,0.39734999999999987,1.0617374976910035,0.0,-0.018253830542093587,1
x_aq_cp0_top/x_aq_cp0_regs/x_aq_cp0_hpcp_csr/regs_umode,0,0.0,0.0,0.0,0.0,,0
x_aq_cp0_top/x_aq_cp0_regs/x_aq_cp0_hpcp_csr/scnten_local_en,0,0.0,0.0,0.0,0.0,,0
x_aq_cp0_top/x_aq_cp0_regs/x_aq_cp0_hpcp_csr/scnten_value[63:0],0,0.0,0.0,0.0,0.0,,0
x_aq_cp0_top/x_aq_cp0_regs/x_aq_cp0_hpcp_csr/mcnten_hit,0,0.0,0.0,0.0,0.0,,0
x_aq_cp0_top/x_aq_cp0_regs/x_aq_cp0_hpcp_csr/mcntwen_hit,0,0.0,0.0,0.0,0.0,,0
x_aq_cp0_top/x_aq_cp0_regs/x_aq_cp0_hpcp_csr/scnten_hit,0,0.0,0.0,0.0,0.0,,0
x_aq_cp0_top/x_aq_cp0_regs/x_aq_cp0_float_csr/cp0_idu_frm[2:0],0,0.0,0.0,0.0,0.0,,0
x_aq_cp0_top/x_aq_cp0_regs/x_aq_cp0_float_csr/cp0_idu_vill,0,0.0,0.0,0.0,0.0,,0
x_aq_cp0_top/x_aq_cp0_regs/x_aq_cp0_float_csr/cp0_idu_vl_zero,0,0.0,0.0,0.0,0.0,,0
x_aq_cp0_top/x_aq_cp0_regs/x_aq_cp0_float_csr/cp0_idu_vlmul[1:0],0,0.0,0.0,0.0,0.0,,0
x_aq_cp0_top/x_aq_cp0_regs/x_aq_cp0_float_csr/cp0_idu_vsew[1:0],0,0.0,0.0,0.0,0.0,,0
x_aq_cp0_top/x_aq_cp0_regs/x_aq_cp0_float_csr/cp0_idu_vstart[6:0],0,0.0,0.0,0.0,0.0,,0
x_aq_cp0_top/x_aq_cp0_regs/x_aq_cp0_float_csr/cp0_rtu_vstart_eq_0,0,0.0,0.0,0.0,0.0,,0
x_aq_cp0_top/x_aq_cp0_regs/x_aq_cp0_float_csr/cp0_vpu_xx_bf16,0,0.0,0.0,0.0,0.0,,0
x_aq_cp0_top/x_aq_cp0_regs/x_aq_cp0_float_csr/cp0_vpu_xx_dqnan,0,0.0,0.0,0.0,0.0,,0
x_aq_cp0_top/x_aq_cp0_regs/x_aq_cp0_float_csr/cp0_vpu_xx_rm[2:0],0,0.0,0.0,0.0,0.0,,0
x_aq_cp0_top/x_aq_cp0_regs/x_aq_cp0_float_csr/cp0_yy_clk_en,1,0.00023629489603024575,1.6444,4.393912523475744,1.0,0.1328254367070838,1
x_aq_cp0_top/x_aq_cp0_regs/x_aq_cp0_float_csr/cpurst_b,3,0.0007088846880907373,0.6837766666666667,1.827082740773027,0.3333333333333333,0.020758564418104496,1
x_aq_cp0_top/x_aq_cp0_regs/x_aq_cp0_float_csr/fcsr_local_en,0,0.0,0.0,0.0,0.0,,0
x_aq_cp0_top/x_aq_cp0_regs/x_aq_cp0_float_csr/fcsr_value[63:0],0,0.0,0.0,0.0,0.0,,0
x_aq_cp0_top/x_aq_cp0_regs/x_aq_cp0_float_csr/fflags_local_en,0,0.0,0.0,0.0,0.0,,0
x_aq_cp0_top/x_aq_cp0_regs/x_aq_cp0_float_csr/fflags_value[63:0],0,0.0,0.0,0.0,0.0,,0
x_aq_cp0_top/x_aq_cp0_regs/x_aq_cp0_float_csr/float_clk,0,0.0,0.0,0.0,0.0,,0
x_aq_cp0_top/x_aq_cp0_regs/x_aq_cp0_float_csr/forever_cpuclk,0,0.0,0.0,0.0,0.0,,0
x_aq_cp0_top/x_aq_cp0_regs/x_aq_cp0_float_csr/frm_local_en,0,0.0,0.0,0.0,0.0,,0
x_aq_cp0_top/x_aq_cp0_regs/x_aq_cp0_float_csr/frm_value[63:0],0,0.0,0.0,0.0,0.0,,0
x_aq_cp0_top/x_aq_cp0_regs/x_aq_cp0_float_csr/fs_dirty_upd_gate,0,0.0,0.0,0.0,0.0,,0
x_aq_cp0_top/x_aq_cp0_regs/x_aq_cp0_float_csr/fxcr_local_en,0,0.0,0.0,0.0,0.0,,0
x_aq_cp0_top/x_aq_cp0_regs/x_aq_cp0_float_csr/fxcr_value[63:0],0,0.0,0.0,0.0,0.0,,0
x_aq_cp0_top/x_aq_cp0_regs/x_aq_cp0_float_csr/iui_inst_rs2[63:0],62,0.014650283553875236,0.5381298387096777,1.4379077095368733,0.6451612903225806,0.025410824933784583,7
x_aq_cp0_top/x_aq_cp0_regs/x_aq_cp0_float_csr/iui_regs_csr_wen,0,0.0,0.0,0.0,0.0,,0
x_aq_cp0_top/x_aq_cp0_regs/x_aq_cp0_float_csr/iui_regs_wdata[63:0],54,0.01275992438563327,0.5213240740740742,1.3930019325367737,0.6666666666666666,0.07862161274667817,8
x_aq_cp0_top/x_aq_cp0_regs/x_aq_cp0_float_csr/iui_vsetvl_bypass,0,0.0,0.0,0.0,0.0,,0
x_aq_cp0_top/x_aq_cp0_regs/x_aq_cp0_float_csr/iui_vsetvl_data[4:0],102,0.024102079395085067,0.42040382352941175,1.1233383757741235,0.2647058823529412,-0.0016709444492837248,4
x_aq_cp0_top/x_aq_cp0_regs/x_aq_cp0_float_csr/pad_yy_icg_scan_en,0,0.0,0.0,0.0,0.0,,0
x_aq_cp0_top/x_aq_cp0_regs/x_aq_cp0_float_csr/regs_clk,0,0.0,0.0,0.0,0.0,,0
x_aq_cp0_top/x_aq_cp0_regs/x_aq_cp0_float_csr/regs_xx_icg_en,0,0.0,0.0,0.0,0.0,,0
x_aq_cp0_top/x_aq_cp0_regs/x_aq_cp0_float_csr/rtu_cp0_fflags[4:0],0,0.0,0.0,0.0,0.0,,0
x_aq_cp0_top/x_aq_cp0_regs/x_aq_cp0_float_csr/rtu_cp0_fflags_updt,0,0.0,0.0,0.0,0.0,,0
x_aq_cp0_top/x_aq_cp0_regs/x_aq_cp0_float_csr/rtu_cp0_vl[7:0],0,0.0,0.0,0.0,0.0,,0
x_aq_cp0_top/x_aq_cp0_regs/x_aq_cp0_float_csr/rtu_cp0_vl_vld,0,0.0,0.0,0.0,0.0,,0
x_aq_cp0_top/x_aq_cp0_regs/x_aq_cp0_float_csr/rtu_cp0_vstart[6:0],0,0.0,0.0,0.0,0.0,,0
x_aq_cp0_top/x_aq_cp0_regs/x_aq_cp0_float_csr/rtu_cp0_vstart_vld,0,0.0,0.0,0.0,0.0,,0
x_aq_cp0_top/x_aq_cp0_regs/x_aq_cp0_float_csr/rtu_cp0_vxsat,0,0.0,0.0,0.0,0.0,,0
x_aq_cp0_top/x_aq_cp0_regs/x_aq_cp0_float_csr/rtu_cp0_vxsat_vld,0,0.0,0.0,0.0,0.0,,0
x_aq_cp0_top/x_aq_cp0_regs/x_aq_cp0_float_csr/special_regs_vill,0,0.0,0.0,0.0,0.0,,0
x_aq_cp0_top/x_aq_cp0_regs/x_aq_cp0_float_csr/special_regs_vsetvl_dp,0,0.0,0.0,0.0,0.0,,0
x_aq_cp0_top/x_aq_cp0_regs/x_aq_cp0_float_csr/special_vsetvl_illegal,0,0.0,0.0,0.0,0.0,,0
x_aq_cp0_top/x_aq_cp0_regs/x_aq_cp0_float_csr/vl_value[63:0],0,0.0,0.0,0.0,0.0,,0
x_aq_cp0_top/x_aq_cp0_regs/x_aq_cp0_float_csr/vlenb_value[63:0],0,0.0,0.0,0.0,0.0,,0
x_aq_cp0_top/x_aq_cp0_regs/x_aq_cp0_float_csr/vs_dirty_upd_gate,0,0.0,0.0,0.0,0.0,,0
x_aq_cp0_top/x_aq_cp0_regs/x_aq_cp0_float_csr/vstart_value[63:0],0,0.0,0.0,0.0,0.0,,0
x_aq_cp0_top/x_aq_cp0_regs/x_aq_cp0_float_csr/vtype_value[63:0],0,0.0,0.0,0.0,0.0,,0
x_aq_cp0_top/x_aq_cp0_regs/x_aq_cp0_float_csr/vxrm_value[63:0],0,0.0,0.0,0.0,0.0,,0
x_aq_cp0_top/x_aq_cp0_regs/x_aq_cp0_float_csr/vxsat_value[63:0],0,0.0,0.0,0.0,0.0,,0
x_aq_cp0_top/x_aq_cp0_regs/x_aq_cp0_float_csr/fcsr_vxrm[1:0],0,0.0,0.0,0.0,0.0,,0
x_aq_cp0_top/x_aq_cp0_regs/x_aq_cp0_float_csr/fcsr_vxsat,0,0.0,0.0,0.0,0.0,,0
x_aq_cp0_top/x_aq_cp0_regs/x_aq_cp0_float_csr/float_clk_en,0,0.0,0.0,0.0,0.0,,0
x_aq_cp0_top/x_aq_cp0_regs/x_aq_cp0_float_csr/regs_vstart_eq_0,0,0.0,0.0,0.0,0.0,,0
x_aq_cp0_top/x_aq_cp0_regs/x_aq_cp0_float_csr/vl_bypass_zero,59,0.013941398865784499,0.5370837288135594,1.4351124557218125,0.6440677966101694,-0.053749977355393705,1
x_aq_cp0_top/x_aq_cp0_regs/x_aq_cp0_float_csr/vl_vl[7:0],0,0.0,0.0,0.0,0.0,,0
x_aq_cp0_top/x_aq_cp0_regs/x_aq_cp0_float_csr/vstart_vstart[6:0],0,0.0,0.0,0.0,0.0,,0
x_aq_cp0_top/x_aq_cp0_regs/x_aq_cp0_float_csr/vtype_vill,0,0.0,0.0,0.0,0.0,,0
x_aq_cp0_top/x_aq_cp0_regs/x_aq_cp0_float_csr/vtype_vlmul[1:0],0,0.0,0.0,0.0,0.0,,0
x_aq_cp0_top/x_aq_cp0_regs/x_aq_cp0_float_csr/vtype_vsew[2:0],0,0.0,0.0,0.0,0.0,,0
x_aq_cp0_top/x_aq_cp0_regs/x_aq_cp0_float_csr/x_float_clk/clk_in,0,0.0,0.0,0.0,0.0,,0
x_aq_cp0_top/x_aq_cp0_regs/x_aq_cp0_float_csr/x_float_clk/global_en,1,0.00023629489603024575,1.6444,4.393912523475744,1.0,0.1328254367070838,1
x_aq_cp0_top/x_aq_cp0_regs/x_aq_cp0_float_csr/x_float_clk/module_en,0,0.0,0.0,0.0,0.0,,0
x_aq_cp0_top/x_aq_cp0_regs/x_aq_cp0_float_csr/x_float_clk/local_en,0,0.0,0.0,0.0,0.0,,0
x_aq_cp0_top/x_aq_cp0_regs/x_aq_cp0_float_csr/x_float_clk/external_en,0,0.0,0.0,0.0,0.0,,0
x_aq_cp0_top/x_aq_cp0_regs/x_aq_cp0_float_csr/x_float_clk/pad_yy_icg_scan_en,0,0.0,0.0,0.0,0.0,,0
x_aq_cp0_top/x_aq_cp0_regs/x_aq_cp0_float_csr/x_float_clk/clk_out,0,0.0,0.0,0.0,0.0,,0
x_aq_cp0_top/x_aq_cp0_regs/x_aq_cp0_float_csr/x_float_clk/clk_en_bf_latch,0,0.0,0.0,0.0,0.0,,0
x_aq_cp0_top/x_aq_cp0_regs/x_aq_cp0_float_csr/x_float_clk/SE,0,0.0,0.0,0.0,0.0,,0
x_aq_cp0_top/x_aq_cp0_regs/x_aq_cp0_ext_csr/biu_cp0_rvba[39:0],0,0.0,0.0,0.0,0.0,,0
x_aq_cp0_top/x_aq_cp0_regs/x_aq_cp0_ext_csr/cp0_biu_icg_en,0,0.0,0.0,0.0,0.0,,0
x_aq_cp0_top/x_aq_cp0_regs/x_aq_cp0_ext_csr/cp0_dtu_icg_en,0,0.0,0.0,0.0,0.0,,0
x_aq_cp0_top/x_aq_cp0_regs/x_aq_cp0_ext_csr/cp0_dtu_pcfifo_frz,0,0.0,0.0,0.0,0.0,,0
x_aq_cp0_top/x_aq_cp0_regs/x_aq_cp0_ext_csr/cp0_hpcp_icg_en,0,0.0,0.0,0.0,0.0,,0
x_aq_cp0_top/x_aq_cp0_regs/x_aq_cp0_ext_csr/cp0_hpcp_pmdm,0,0.0,0.0,0.0,0.0,,0
x_aq_cp0_top/x_aq_cp0_regs/x_aq_cp0_ext_csr/cp0_hpcp_pmds,0,0.0,0.0,0.0,0.0,,0
x_aq_cp0_top/x_aq_cp0_regs/x_aq_cp0_ext_csr/cp0_hpcp_pmdu,0,0.0,0.0,0.0,0.0,,0
x_aq_cp0_top/x_aq_cp0_regs/x_aq_cp0_ext_csr/cp0_idu_cskyee,3,0.0007088846880907373,0.668166666666667,1.7853721019433901,1.0,0.05057049967857515,1
x_aq_cp0_top/x_aq_cp0_regs/x_aq_cp0_ext_csr/cp0_idu_dis_fence_in_dbg,0,0.0,0.0,0.0,0.0,,0
x_aq_cp0_top/x_aq_cp0_regs/x_aq_cp0_ext_csr/cp0_idu_icg_en,0,0.0,0.0,0.0,0.0,,0
x_aq_cp0_top/x_aq_cp0_regs/x_aq_cp0_ext_csr/cp0_idu_ucme,1,0.00023629489603024575,1.6444,4.393912523475744,1.0,0.1328254367070838,1
x_aq_cp0_top/x_aq_cp0_regs/x_aq_cp0_ext_csr/cp0_ifu_bht_en,1,0.00023629489603024575,1.1654000000000002,3.1140024658590564,1.0,-0.009956038179480776,1
x_aq_cp0_top/x_aq_cp0_regs/x_aq_cp0_ext_csr/cp0_ifu_btb_clr,0,0.0,0.0,0.0,0.0,,0
x_aq_cp0_top/x_aq_cp0_regs/x_aq_cp0_ext_csr/cp0_ifu_btb_en,1,0.00023629489603024575,1.1654000000000002,3.1140024658590564,1.0,-0.009956038179480776,1
x_aq_cp0_top/x_aq_cp0_regs/x_aq_cp0_ext_csr/cp0_ifu_icache_en,1,0.00023629489603024575,1.1654000000000002,3.1140024658590564,1.0,-0.009956038179480776,1
x_aq_cp0_top/x_aq_cp0_regs/x_aq_cp0_ext_csr/cp0_ifu_icache_pref_en,1,0.00023629489603024575,0.6600000000000004,1.7635503925407396,0.0,-0.012706644552425076,1
x_aq_cp0_top/x_aq_cp0_regs/x_aq_cp0_ext_csr/cp0_ifu_icache_read_index[13:0],0,0.0,0.0,0.0,0.0,,0
x_aq_cp0_top/x_aq_cp0_regs/x_aq_cp0_ext_csr/cp0_ifu_icache_read_req,0,0.0,0.0,0.0,0.0,,0
x_aq_cp0_top/x_aq_cp0_regs/x_aq_cp0_ext_csr/cp0_ifu_icache_read_tag,1,0.00023629489603024575,1.6444,4.393912523475744,1.0,0.1328254367070838,1
x_aq_cp0_top/x_aq_cp0_regs/x_aq_cp0_ext_csr/cp0_ifu_icache_read_way,0,0.0,0.0,0.0,0.0,,0
x_aq_cp0_top/x_aq_cp0_regs/x_aq_cp0_ext_csr/cp0_ifu_icg_en,0,0.0,0.0,0.0,0.0,,0
x_aq_cp0_top/x_aq_cp0_regs/x_aq_cp0_ext_csr/cp0_ifu_iwpe,0,0.0,0.0,0.0,0.0,,0
x_aq_cp0_top/x_aq_cp0_regs/x_aq_cp0_ext_csr/cp0_ifu_ras_en,1,0.00023629489603024575,1.1654000000000002,3.1140024658590564,1.0,-0.009956038179480776,1
x_aq_cp0_top/x_aq_cp0_regs/x_aq_cp0_ext_csr/cp0_iu_icg_en,0,0.0,0.0,0.0,0.0,,0
x_aq_cp0_top/x_aq_cp0_regs/x_aq_cp0_ext_csr/cp0_lsu_amr[1:0],1,0.00023629489603024575,0.6600000000000004,1.7635503925407396,0.0,-0.012706644552425076,1
x_aq_cp0_top/x_aq_cp0_regs/x_aq_cp0_ext_csr/cp0_lsu_dcache_en,1,0.00023629489603024575,1.1654000000000002,3.1140024658590564,1.0,-0.009956038179480776,1
x_aq_cp0_top/x_aq_cp0_regs/x_aq_cp0_ext_csr/cp0_lsu_dcache_pref_dist[1:0],2,0.0004725897920604915,1.1522000000000001,3.0787314580082414,0.5,0.013015322970156548,1
x_aq_cp0_top/x_aq_cp0_regs/x_aq_cp0_ext_csr/cp0_lsu_dcache_pref_en,1,0.00023629489603024575,0.6600000000000004,1.7635503925407396,0.0,-0.012706644552425076,1
x_aq_cp0_top/x_aq_cp0_regs/x_aq_cp0_ext_csr/cp0_lsu_dcache_read_idx[16:0],0,0.0,0.0,0.0,0.0,,0
x_aq_cp0_top/x_aq_cp0_regs/x_aq_cp0_ext_csr/cp0_lsu_dcache_read_req,0,0.0,0.0,0.0,0.0,,0
x_aq_cp0_top/x_aq_cp0_regs/x_aq_cp0_ext_csr/cp0_lsu_dcache_read_type,0,0.0,0.0,0.0,0.0,,0
x_aq_cp0_top/x_aq_cp0_regs/x_aq_cp0_ext_csr/cp0_lsu_dcache_read_way[1:0],0,0.0,0.0,0.0,0.0,,0
x_aq_cp0_top/x_aq_cp0_regs/x_aq_cp0_ext_csr/cp0_lsu_dcache_wa,1,0.00023629489603024575,1.1654000000000002,3.1140024658590564,1.0,-0.009956038179480776,1
x_aq_cp0_top/x_aq_cp0_regs/x_aq_cp0_ext_csr/cp0_lsu_dcache_wb,0,0.0,0.0,0.0,0.0,,0
x_aq_cp0_top/x_aq_cp0_regs/x_aq_cp0_ext_csr/cp0_lsu_icg_en,0,0.0,0.0,0.0,0.0,,0
x_aq_cp0_top/x_aq_cp0_regs/x_aq_cp0_ext_csr/cp0_lsu_mm,1,0.00023629489603024575,1.6444,4.393912523475744,1.0,0.1328254367070838,1
x_aq_cp0_top/x_aq_cp0_regs/x_aq_cp0_ext_csr/cp0_lsu_we_en,0,0.0,0.0,0.0,0.0,,0
x_aq_cp0_top/x_aq_cp0_regs/x_aq_cp0_ext_csr/cp0_mmu_icg_en,0,0.0,0.0,0.0,0.0,,0
x_aq_cp0_top/x_aq_cp0_regs/x_aq_cp0_ext_csr/cp0_mmu_maee,3,0.0007088846880907373,0.6628000000000002,1.7710321214787907,0.3333333333333333,0.04543933920409403,1
x_aq_cp0_top/x_aq_cp0_regs/x_aq_cp0_ext_csr/cp0_mmu_ptw_en,1,0.00023629489603024575,1.6444,4.393912523475744,1.0,0.1328254367070838,1
x_aq_cp0_top/x_aq_cp0_regs/x_aq_cp0_ext_csr/cp0_pmp_icg_en,0,0.0,0.0,0.0,0.0,,0
x_aq_cp0_top/x_aq_cp0_regs/x_aq_cp0_ext_csr/cp0_rtu_icg_en,0,0.0,0.0,0.0,0.0,,0
x_aq_cp0_top/x_aq_cp0_regs/x_aq_cp0_ext_csr/cp0_vpu_icg_en,0,0.0,0.0,0.0,0.0,,0
x_aq_cp0_top/x_aq_cp0_regs/x_aq_cp0_ext_csr/cp0_xx_mrvbr[39:0],0,0.0,0.0,0.0,0.0,,0
x_aq_cp0_top/x_aq_cp0_regs/x_aq_cp0_ext_csr/cpurst_b,3,0.0007088846880907373,0.6837766666666667,1.827082740773027,0.3333333333333333,0.020758564418104496,1
x_aq_cp0_top/x_aq_cp0_regs/x_aq_cp0_ext_csr/ifu_cp0_bht_inv_done,0,0.0,0.0,0.0,0.0,,0
x_aq_cp0_top/x_aq_cp0_regs/x_aq_cp0_ext_csr/ifu_cp0_icache_inv_done,0,0.0,0.0,0.0,0.0,,0
x_aq_cp0_top/x_aq_cp0_regs/x_aq_cp0_ext_csr/ifu_cp0_icache_read_data[127:0],23,0.005434782608695652,0.30404347826086964,0.8124181749036488,0.0,-0.007576415085483586,1
x_aq_cp0_top/x_aq_cp0_regs/x_aq_cp0_ext_csr/ifu_cp0_icache_read_data_vld,0,0.0,0.0,0.0,0.0,,0
x_aq_cp0_top/x_aq_cp0_regs/x_aq_cp0_ext_csr/iui_regs_wdata[63:0],54,0.01275992438563327,0.5213240740740742,1.3930019325367737,0.6666666666666666,0.07862161274667817,8
x_aq_cp0_top/x_aq_cp0_regs/x_aq_cp0_ext_csr/lsu_cp0_dcache_read_data[127:0],0,0.0,0.0,0.0,0.0,,0
x_aq_cp0_top/x_aq_cp0_regs/x_aq_cp0_ext_csr/lsu_cp0_dcache_read_data_vld,0,0.0,0.0,0.0,0.0,,0
x_aq_cp0_top/x_aq_cp0_regs/x_aq_cp0_ext_csr/lsu_cp0_icc_done,0,0.0,0.0,0.0,0.0,,0
x_aq_cp0_top/x_aq_cp0_regs/x_aq_cp0_ext_csr/mapbaddr_value[63:0],5,0.0011814744801512287,0.588254,1.5718417766873634,0.2,0.0035127760650378245,2
x_aq_cp0_top/x_aq_cp0_regs/x_aq_cp0_ext_csr/mccr2_value[63:0],0,0.0,0.0,0.0,0.0,,0
x_aq_cp0_top/x_aq_cp0_regs/x_aq_cp0_ext_csr/mcdata0_value[63:0],0,0.0,0.0,0.0,0.0,,0
x_aq_cp0_top/x_aq_cp0_regs/x_aq_cp0_ext_csr/mcdata1_value[63:0],0,0.0,0.0,0.0,0.0,,0
x_aq_cp0_top/x_aq_cp0_regs/x_aq_cp0_ext_csr/mcer2_value[63:0],0,0.0,0.0,0.0,0.0,,0
x_aq_cp0_top/x_aq_cp0_regs/x_aq_cp0_ext_csr/mcer_value[63:0],0,0.0,0.0,0.0,0.0,,0
x_aq_cp0_top/x_aq_cp0_regs/x_aq_cp0_ext_csr/mcindex_local_en,0,0.0,0.0,0.0,0.0,,0
x_aq_cp0_top/x_aq_cp0_regs/x_aq_cp0_ext_csr/mcindex_value[63:0],0,0.0,0.0,0.0,0.0,,0
x_aq_cp0_top/x_aq_cp0_regs/x_aq_cp0_ext_csr/mcins_local_en,0,0.0,0.0,0.0,0.0,,0
x_aq_cp0_top/x_aq_cp0_regs/x_aq_cp0_ext_csr/mcins_value[63:0],0,0.0,0.0,0.0,0.0,,0
x_aq_cp0_top/x_aq_cp0_regs/x_aq_cp0_ext_csr/mcor_local_en,0,0.0,0.0,0.0,0.0,,0
x_aq_cp0_top/x_aq_cp0_regs/x_aq_cp0_ext_csr/mcor_value[63:0],7,0.0016540642722117202,0.3834057142857144,1.0244777241377787,0.5714285714285714,0.004713988055181216,6
x_aq_cp0_top/x_aq_cp0_regs/x_aq_cp0_ext_csr/meicr2_value[63:0],0,0.0,0.0,0.0,0.0,,0
x_aq_cp0_top/x_aq_cp0_regs/x_aq_cp0_ext_csr/meicr_value[63:0],0,0.0,0.0,0.0,0.0,,0
x_aq_cp0_top/x_aq_cp0_regs/x_aq_cp0_ext_csr/mhcr_local_en,0,0.0,0.0,0.0,0.0,,0
x_aq_cp0_top/x_aq_cp0_regs/x_aq_cp0_ext_csr/mhcr_value[63:0],2,0.0004725897920604915,0.9537000000000002,2.548330317221368,1.0,-0.008868236922955837,5
x_aq_cp0_top/x_aq_cp0_regs/x_aq_cp0_ext_csr/mhint2_local_en,0,0.0,0.0,0.0,0.0,,0
x_aq_cp0_top/x_aq_cp0_regs/x_aq_cp0_ext_csr/mhint2_value[63:0],0,0.0,0.0,0.0,0.0,,0
x_aq_cp0_top/x_aq_cp0_regs/x_aq_cp0_ext_csr/mhint3_value[63:0],0,0.0,0.0,0.0,0.0,,0
x_aq_cp0_top/x_aq_cp0_regs/x_aq_cp0_ext_csr/mhint4_value[63:0],0,0.0,0.0,0.0,0.0,,0
x_aq_cp0_top/x_aq_cp0_regs/x_aq_cp0_ext_csr/mhint_local_en,0,0.0,0.0,0.0,0.0,,0
x_aq_cp0_top/x_aq_cp0_regs/x_aq_cp0_ext_csr/mhint_value[63:0],3,0.0007088846880907373,0.934106666666667,2.4959760282953356,0.6666666666666666,0.012825444358806656,6
x_aq_cp0_top/x_aq_cp0_regs/x_aq_cp0_ext_csr/mhpmcr_local_en,0,0.0,0.0,0.0,0.0,,0
x_aq_cp0_top/x_aq_cp0_regs/x_aq_cp0_ext_csr/mrmr_value[63:0],0,0.0,0.0,0.0,0.0,,0
x_aq_cp0_top/x_aq_cp0_regs/x_aq_cp0_ext_csr/mrvbr_value[63:0],0,0.0,0.0,0.0,0.0,,0
x_aq_cp0_top/x_aq_cp0_regs/x_aq_cp0_ext_csr/mxstatus_local_en,0,0.0,0.0,0.0,0.0,,0
x_aq_cp0_top/x_aq_cp0_regs/x_aq_cp0_ext_csr/mxstatus_value[63:0],11,0.0025992438563327033,0.3782400000000001,1.0106746976888017,0.5454545454545454,0.05561586311570385,7
x_aq_cp0_top/x_aq_cp0_regs/x_aq_cp0_ext_csr/regs_clintee,1,0.00023629489603024575,1.6444,4.393912523475744,1.0,0.1328254367070838,1
x_aq_cp0_top/x_aq_cp0_regs/x_aq_cp0_ext_csr/regs_clk,0,0.0,0.0,0.0,0.0,,0
x_aq_cp0_top/x_aq_cp0_regs/x_aq_cp0_ext_csr/regs_flush_clk,0,0.0,0.0,0.0,0.0,,0
x_aq_cp0_top/x_aq_cp0_regs/x_aq_cp0_ext_csr/regs_iui_mcins_stall,0,0.0,0.0,0.0,0.0,,0
x_aq_cp0_top/x_aq_cp0_regs/x_aq_cp0_ext_csr/regs_iui_mcor_stall,2,0.0004725897920604915,0.48516000000000015,1.2963698612804015,1.0,0.004278266335194282,1
x_aq_cp0_top/x_aq_cp0_regs/x_aq_cp0_ext_csr/regs_mcins_busy,0,0.0,0.0,0.0,0.0,,0
x_aq_cp0_top/x_aq_cp0_regs/x_aq_cp0_ext_csr/regs_mcor_busy,2,0.0004725897920604915,0.48516000000000015,1.2963698612804015,1.0,0.004278266335194282,1
x_aq_cp0_top/x_aq_cp0_regs/x_aq_cp0_ext_csr/regs_pm[1:0],3,0.0007088846880907373,0.76905,2.054937014217356,0.6666666666666666,0.05557438793328686,2
x_aq_cp0_top/x_aq_cp0_regs/x_aq_cp0_ext_csr/regs_special_bht_inv,2,0.0004725897920604915,0.21716000000000002,0.5802615200668891,1.0,0.004582621391410421,1
x_aq_cp0_top/x_aq_cp0_regs/x_aq_cp0_ext_csr/regs_special_dcache_clr,0,0.0,0.0,0.0,0.0,,0
x_aq_cp0_top/x_aq_cp0_regs/x_aq_cp0_ext_csr/regs_special_dcache_inv,2,0.0004725897920604915,0.582165,1.5555716882931503,0.5,-0.0021358246274142643,1
x_aq_cp0_top/x_aq_cp0_regs/x_aq_cp0_ext_csr/regs_special_dcache_req,2,0.0004725897920604915,0.582165,1.5555716882931503,0.5,-0.0021358246274142643,1
x_aq_cp0_top/x_aq_cp0_regs/x_aq_cp0_ext_csr/regs_special_icache_inv,2,0.0004725897920604915,0.2111599999999999,0.564229243771064,0.5,0.0012634695606696853,1
x_aq_cp0_top/x_aq_cp0_regs/x_aq_cp0_ext_csr/regs_xx_icg_en,0,0.0,0.0,0.0,0.0,,0
x_aq_cp0_top/x_aq_cp0_regs/x_aq_cp0_ext_csr/rtu_yy_xx_flush,0,0.0,0.0,0.0,0.0,,0
x_aq_cp0_top/x_aq_cp0_regs/x_aq_cp0_ext_csr/scer2_value[63:0],0,0.0,0.0,0.0,0.0,,0
x_aq_cp0_top/x_aq_cp0_regs/x_aq_cp0_ext_csr/scer_value[63:0],0,0.0,0.0,0.0,0.0,,0
x_aq_cp0_top/x_aq_cp0_regs/x_aq_cp0_ext_csr/shcr_value[63:0],2,0.0004725897920604915,0.9537000000000002,2.548330317221368,1.0,-0.008868236922955837,5
x_aq_cp0_top/x_aq_cp0_regs/x_aq_cp0_ext_csr/shint2_value[63:0],0,0.0,0.0,0.0,0.0,,0
x_aq_cp0_top/x_aq_cp0_regs/x_aq_cp0_ext_csr/shint_value[63:0],0,0.0,0.0,0.0,0.0,,0
x_aq_cp0_top/x_aq_cp0_regs/x_aq_cp0_ext_csr/shpmcr_local_en,0,0.0,0.0,0.0,0.0,,0
x_aq_cp0_top/x_aq_cp0_regs/x_aq_cp0_ext_csr/sxstatus_local_en,0,0.0,0.0,0.0,0.0,,0
x_aq_cp0_top/x_aq_cp0_regs/x_aq_cp0_ext_csr/sxstatus_value[63:0],11,0.0025992438563327033,0.3782400000000001,1.0106746976888017,0.5454545454545454,0.05561586311570385,7
x_aq_cp0_top/x_aq_cp0_regs/x_aq_cp0_ext_csr/sysio_cp0_apb_base[39:0],5,0.0011814744801512287,0.588254,1.5718417766873634,0.2,0.0035127760650378245,2
x_aq_cp0_top/x_aq_cp0_regs/x_aq_cp0_ext_csr/amr2,0,0.0,0.0,0.0,0.0,,0
x_aq_cp0_top/x_aq_cp0_regs/x_aq_cp0_ext_csr/biu_cp0_l2_read_data[127:0],0,0.0,0.0,0.0,0.0,,0
x_aq_cp0_top/x_aq_cp0_regs/x_aq_cp0_ext_csr/biu_cp0_l2_read_data_vld,0,0.0,0.0,0.0,0.0,,0
x_aq_cp0_top/x_aq_cp0_regs/x_aq_cp0_ext_csr/cdata_clk,0,0.0,0.0,0.0,0.0,,0
x_aq_cp0_top/x_aq_cp0_regs/x_aq_cp0_ext_csr/cdata_data_vld,0,0.0,0.0,0.0,0.0,,0
x_aq_cp0_top/x_aq_cp0_regs/x_aq_cp0_ext_csr/cindex_rid_dcache_data,0,0.0,0.0,0.0,0.0,,0
x_aq_cp0_top/x_aq_cp0_regs/x_aq_cp0_ext_csr/cindex_rid_dcache_st_tag,0,0.0,0.0,0.0,0.0,,0
x_aq_cp0_top/x_aq_cp0_regs/x_aq_cp0_ext_csr/cindex_rid_icache_data,0,0.0,0.0,0.0,0.0,,0
x_aq_cp0_top/x_aq_cp0_regs/x_aq_cp0_ext_csr/cindex_rid_icache_tag,1,0.00023629489603024575,1.6444,4.393912523475744,1.0,0.1328254367070838,1
x_aq_cp0_top/x_aq_cp0_regs/x_aq_cp0_ext_csr/cins_no_op_data_vld,0,0.0,0.0,0.0,0.0,,0
x_aq_cp0_top/x_aq_cp0_regs/x_aq_cp0_ext_csr/cins_read_data_vld,0,0.0,0.0,0.0,0.0,,0
x_aq_cp0_top/x_aq_cp0_regs/x_aq_cp0_ext_csr/clr_done,2,0.0004725897920604915,1.2923600000000002,3.453245432278711,1.0,0.015704232171811976,1
x_aq_cp0_top/x_aq_cp0_regs/x_aq_cp0_ext_csr/dcache_read_idx[16:0],0,0.0,0.0,0.0,0.0,,0
x_aq_cp0_top/x_aq_cp0_regs/x_aq_cp0_ext_csr/dcache_read_req,0,0.0,0.0,0.0,0.0,,0
x_aq_cp0_top/x_aq_cp0_regs/x_aq_cp0_ext_csr/dcache_read_tag,0,0.0,0.0,0.0,0.0,,0
x_aq_cp0_top/x_aq_cp0_regs/x_aq_cp0_ext_csr/dcache_read_way[1:0],0,0.0,0.0,0.0,0.0,,0
x_aq_cp0_top/x_aq_cp0_regs/x_aq_cp0_ext_csr/ecc_en,0,0.0,0.0,0.0,0.0,,0
x_aq_cp0_top/x_aq_cp0_regs/x_aq_cp0_ext_csr/fccee,0,0.0,0.0,0.0,0.0,,0
x_aq_cp0_top/x_aq_cp0_regs/x_aq_cp0_ext_csr/ibp_inv,0,0.0,0.0,0.0,0.0,,0
x_aq_cp0_top/x_aq_cp0_regs/x_aq_cp0_ext_csr/ibpe,0,0.0,0.0,0.0,0.0,,0
x_aq_cp0_top/x_aq_cp0_regs/x_aq_cp0_ext_csr/icache_read_idx[16:0],0,0.0,0.0,0.0,0.0,,0
x_aq_cp0_top/x_aq_cp0_regs/x_aq_cp0_ext_csr/icache_read_req,0,0.0,0.0,0.0,0.0,,0
x_aq_cp0_top/x_aq_cp0_regs/x_aq_cp0_ext_csr/icache_read_tag,1,0.00023629489603024575,1.6444,4.393912523475744,1.0,0.1328254367070838,1
x_aq_cp0_top/x_aq_cp0_regs/x_aq_cp0_ext_csr/icache_read_way,0,0.0,0.0,0.0,0.0,,0
x_aq_cp0_top/x_aq_cp0_regs/x_aq_cp0_ext_csr/inv,2,0.0004725897920604915,0.2111599999999999,0.564229243771064,0.5,0.0012634695606696853,1
x_aq_cp0_top/x_aq_cp0_regs/x_aq_cp0_ext_csr/l0btbe,0,0.0,0.0,0.0,0.0,,0
x_aq_cp0_top/x_aq_cp0_regs/x_aq_cp0_ext_csr/l2_pref_dist[1:0],0,0.0,0.0,0.0,0.0,,0
x_aq_cp0_top/x_aq_cp0_regs/x_aq_cp0_ext_csr/l2pld,0,0.0,0.0,0.0,0.0,,0
x_aq_cp0_top/x_aq_cp0_regs/x_aq_cp0_ext_csr/l2stpld,0,0.0,0.0,0.0,0.0,,0
x_aq_cp0_top/x_aq_cp0_regs/x_aq_cp0_ext_csr/lpe,0,0.0,0.0,0.0,0.0,,0
x_aq_cp0_top/x_aq_cp0_regs/x_aq_cp0_ext_csr/mcins_busy,0,0.0,0.0,0.0,0.0,,0
x_aq_cp0_top/x_aq_cp0_regs/x_aq_cp0_ext_csr/mcor_busy,2,0.0004725897920604915,0.48516000000000015,1.2963698612804015,1.0,0.004278266335194282,1
x_aq_cp0_top/x_aq_cp0_regs/x_aq_cp0_ext_csr/mrvbr_reg[39:0],0,0.0,0.0,0.0,0.0,,0
x_aq_cp0_top/x_aq_cp0_regs/x_aq_cp0_ext_csr/nsfe,0,0.0,0.0,0.0,0.0,,0
x_aq_cp0_top/x_aq_cp0_regs/x_aq_cp0_ext_csr/pmp4k,0,0.0,0.0,0.0,0.0,,0
x_aq_cp0_top/x_aq_cp0_regs/x_aq_cp0_ext_csr/sck[2:0],0,0.0,0.0,0.0,0.0,,0
x_aq_cp0_top/x_aq_cp0_regs/x_aq_cp0_ext_csr/sre,0,0.0,0.0,0.0,0.0,,0
x_aq_cp0_top/x_aq_cp0_regs/x_aq_cp0_ext_csr/tlb_broad_dis,0,0.0,0.0,0.0,0.0,,0
x_aq_cp0_top/x_aq_cp0_regs/x_aq_cp0_ext_csr/v,0,0.0,0.0,0.0,0.0,,0
x_aq_cp0_top/x_aq_cp0_regs/x_aq_cp0_ext_csr/ve,0,0.0,0.0,0.0,0.0,,0
x_aq_cp0_top/x_aq_cp0_regs/x_aq_cp0_ext_csr/wb,0,0.0,0.0,0.0,0.0,,0
x_aq_cp0_top/x_aq_cp0_regs/x_aq_cp0_ext_csr/wbr,0,0.0,0.0,0.0,0.0,,0
x_aq_cp0_top/x_aq_cp0_regs/x_regs_clk/clk_in,0,0.0,0.0,0.0,0.0,,0
x_aq_cp0_top/x_aq_cp0_regs/x_regs_clk/global_en,1,0.00023629489603024575,1.6444,4.393912523475744,1.0,0.1328254367070838,1
x_aq_cp0_top/x_aq_cp0_regs/x_regs_clk/module_en,0,0.0,0.0,0.0,0.0,,0
x_aq_cp0_top/x_aq_cp0_regs/x_regs_clk/local_en,2,0.0004725897920604915,0.9101200000000003,2.431882550392693,1.0,0.004361376793285674,1
x_aq_cp0_top/x_aq_cp0_regs/x_regs_clk/external_en,0,0.0,0.0,0.0,0.0,,0
x_aq_cp0_top/x_aq_cp0_regs/x_regs_clk/pad_yy_icg_scan_en,0,0.0,0.0,0.0,0.0,,0
x_aq_cp0_top/x_aq_cp0_regs/x_regs_clk/clk_out,0,0.0,0.0,0.0,0.0,,0
x_aq_cp0_top/x_aq_cp0_regs/x_regs_clk/clk_en_bf_latch,2,0.0004725897920604915,0.9101200000000003,2.431882550392693,1.0,0.004361376793285674,1
x_aq_cp0_top/x_aq_cp0_regs/x_regs_clk/SE,0,0.0,0.0,0.0,0.0,,0
x_aq_cp0_top/x_aq_cp0_regs/x_regs_flush_clk/clk_in,0,0.0,0.0,0.0,0.0,,0
x_aq_cp0_top/x_aq_cp0_regs/x_regs_flush_clk/global_en,1,0.00023629489603024575,1.6444,4.393912523475744,1.0,0.1328254367070838,1
x_aq_cp0_top/x_aq_cp0_regs/x_regs_flush_clk/module_en,0,0.0,0.0,0.0,0.0,,0
x_aq_cp0_top/x_aq_cp0_regs/x_regs_flush_clk/local_en,2,0.0004725897920604915,0.48516000000000015,1.2963698612804015,1.0,0.004278266335194282,1
x_aq_cp0_top/x_aq_cp0_regs/x_regs_flush_clk/external_en,0,0.0,0.0,0.0,0.0,,0
x_aq_cp0_top/x_aq_cp0_regs/x_regs_flush_clk/pad_yy_icg_scan_en,0,0.0,0.0,0.0,0.0,,0
x_aq_cp0_top/x_aq_cp0_regs/x_regs_flush_clk/clk_out,0,0.0,0.0,0.0,0.0,,0
x_aq_cp0_top/x_aq_cp0_regs/x_regs_flush_clk/clk_en_bf_latch,2,0.0004725897920604915,0.48516000000000015,1.2963698612804015,1.0,0.004278266335194282,1
x_aq_cp0_top/x_aq_cp0_regs/x_regs_flush_clk/SE,0,0.0,0.0,0.0,0.0,,0
x_aq_cp0_top/x_aq_cp0_special/cp0_biu_lpmd_b[1:0],1,0.00023629489603024575,1.6444,4.393912523475744,1.0,0.13282543670708166,2
x_aq_cp0_top/x_aq_cp0_special/cp0_hpcp_sync_stall_vld,6,0.0014177693761814746,0.39996333333333345,1.0687204446998522,0.3333333333333333,-0.018515005424734055,1
x_aq_cp0_top/x_aq_cp0_special/cp0_ifu_bht_inv,4,0.000945179584120983,0.4273225,1.1418253979037725,0.5,0.0061139229821366645,1
x_aq_cp0_top/x_aq_cp0_special/cp0_ifu_icache_inv_addr[63:0],44,0.010396975425330813,0.4756409090909093,1.2709344120237982,0.7272727272727273,0.055342250457082694,8
x_aq_cp0_top/x_aq_cp0_special/cp0_ifu_icache_inv_req,6,0.0014177693761814746,0.4246733333333333,1.1347467025781575,0.0,-0.007711670081295734,1
x_aq_cp0_top/x_aq_cp0_special/cp0_ifu_icache_inv_type[1:0],0,0.0,0.0,0.0,0.0,,0
x_aq_cp0_top/x_aq_cp0_special/cp0_ifu_in_lpmd,0,0.0,0.0,0.0,0.0,,0
x_aq_cp0_top/x_aq_cp0_special/cp0_ifu_lpmd_req,0,0.0,0.0,0.0,0.0,,0
x_aq_cp0_top/x_aq_cp0_special/cp0_ifu_rst_inv_done,5,0.0011814744801512287,0.4973660000000001,1.3289848553582078,0.8,0.012755721728681602,1
x_aq_cp0_top/x_aq_cp0_special/cp0_lsu_fence_req,2,0.0004725897920604915,0.750135,2.0043952631947684,0.5,-0.006324721527365876,1
x_aq_cp0_top/x_aq_cp0_special/cp0_lsu_icc_addr[63:0],44,0.010396975425330813,0.4756409090909093,1.2709344120237982,0.7272727272727273,0.055342250457082694,8
x_aq_cp0_top/x_aq_cp0_special/cp0_lsu_icc_op[1:0],1,0.00023629489603024575,1.6444,4.393912523475744,1.0,0.1328254367070838,1
x_aq_cp0_top/x_aq_cp0_special/cp0_lsu_icc_req,4,0.000945179584120983,0.4925575,1.3161363219301285,0.0,0.0006437491292861157,1
x_aq_cp0_top/x_aq_cp0_special/cp0_lsu_icc_type[1:0],0,0.0,0.0,0.0,0.0,,0
x_aq_cp0_top/x_aq_cp0_special/cp0_lsu_sync_req,0,0.0,0.0,0.0,0.0,,0
x_aq_cp0_top/x_aq_cp0_special/cp0_mmu_lpmd_req,0,0.0,0.0,0.0,0.0,,0
x_aq_cp0_top/x_aq_cp0_special/cp0_mmu_tlb_all_inv,4,0.000945179584120983,0.7153924999999999,1.9115617033268184,0.5,-0.009361872957299488,1
x_aq_cp0_top/x_aq_cp0_special/cp0_mmu_tlb_asid[15:0],62,0.014650283553875236,0.5381298387096777,1.4379077095368733,0.6451612903225806,0.025410824933784583,7
x_aq_cp0_top/x_aq_cp0_special/cp0_mmu_tlb_asid_all_inv,0,0.0,0.0,0.0,0.0,,0
x_aq_cp0_top/x_aq_cp0_special/cp0_mmu_tlb_va[26:0],20,0.004725897920604915,0.5968120000000001,1.5947091467773085,0.75,0.06886997929994954,7
x_aq_cp0_top/x_aq_cp0_special/cp0_mmu_tlb_va_all_inv,0,0.0,0.0,0.0,0.0,,0
x_aq_cp0_top/x_aq_cp0_special/cp0_mmu_tlb_va_asid_inv,0,0.0,0.0,0.0,0.0,,0
x_aq_cp0_top/x_aq_cp0_special/cp0_rtu_fence_idle,5,0.0011814744801512287,0.4973660000000001,1.3289848553582078,0.8,0.012755721728681602,1
x_aq_cp0_top/x_aq_cp0_special/cp0_rtu_in_lpmd,0,0.0,0.0,0.0,0.0,,0
x_aq_cp0_top/x_aq_cp0_special/cp0_yy_clk_en,1,0.00023629489603024575,1.6444,4.393912523475744,1.0,0.1328254367070838,1
x_aq_cp0_top/x_aq_cp0_special/cpurst_b,3,0.0007088846880907373,0.6837766666666667,1.827082740773027,0.3333333333333333,0.020758564418104496,1
x_aq_cp0_top/x_aq_cp0_special/dtu_cp0_wake_up,0,0.0,0.0,0.0,0.0,,0
x_aq_cp0_top/x_aq_cp0_special/fence_top_cur_state[2:0],8,0.001890359168241966,0.25118875000000007,0.6711879070671478,0.375,-0.014790438727217367,3
x_aq_cp0_top/x_aq_cp0_special/forever_cpuclk,0,0.0,0.0,0.0,0.0,,0
x_aq_cp0_top/x_aq_cp0_special/ifu_cp0_bht_inv_done,0,0.0,0.0,0.0,0.0,,0
x_aq_cp0_top/x_aq_cp0_special/ifu_cp0_icache_inv_done,0,0.0,0.0,0.0,0.0,,0
x_aq_cp0_top/x_aq_cp0_special/ifu_cp0_rst_inv_req,2,0.0004725897920604915,0.9682000000000001,2.5870749849362777,0.5,0.014407296139769545,1
x_aq_cp0_top/x_aq_cp0_special/ifu_yy_xx_no_op,109,0.025756143667296786,0.4005282568807339,1.0702299464328426,0.08256880733944955,0.046591832661324224,1
x_aq_cp0_top/x_aq_cp0_special/iui_special_cache,0,0.0,0.0,0.0,0.0,,0
x_aq_cp0_top/x_aq_cp0_special/iui_special_cache_func[5:0],0,0.0,0.0,0.0,0.0,,0
x_aq_cp0_top/x_aq_cp0_special/iui_special_fence,2,0.0004725897920604915,0.750135,2.0043952631947684,0.5,-0.006324721527365876,1
x_aq_cp0_top/x_aq_cp0_special/iui_special_fencei,0,0.0,0.0,0.0,0.0,,0
x_aq_cp0_top/x_aq_cp0_special/iui_special_rs1[63:0],44,0.010396975425330813,0.4756409090909093,1.2709344120237982,0.7272727272727273,0.055342250457082694,8
x_aq_cp0_top/x_aq_cp0_special/iui_special_rs1_x0,6,0.0014177693761814746,0.4007650000000001,1.0708625349493777,0.3333333333333333,-0.015968304848018797,1
x_aq_cp0_top/x_aq_cp0_special/iui_special_rs2[63:0],62,0.014650283553875236,0.5381298387096777,1.4379077095368733,0.6451612903225806,0.025410824933784583,7
x_aq_cp0_top/x_aq_cp0_special/iui_special_rs2_x0,4,0.000945179584120983,0.22608000000000011,0.6040961708266824,0.25,-0.015042427929394723,1
x_aq_cp0_top/x_aq_cp0_special/iui_special_sfence,2,0.0004725897920604915,0.15356000000000003,0.41031939133114526,0.5,-0.0161038912083135,1
x_aq_cp0_top/x_aq_cp0_special/iui_special_sync,0,0.0,0.0,0.0,0.0,,0
x_aq_cp0_top/x_aq_cp0_special/iui_special_synci,2,0.0004725897920604915,0.2986000000000002,0.7978729503222196,0.0,0.012543351553159941,1
x_aq_cp0_top/x_aq_cp0_special/iui_special_vsetvl,0,0.0,0.0,0.0,0.0,,0
x_aq_cp0_top/x_aq_cp0_special/iui_special_vsetvl_dp,0,0.0,0.0,0.0,0.0,,0
x_aq_cp0_top/x_aq_cp0_special/iui_special_vsetvl_rs1[63:0],62,0.014650283553875236,0.5381298387096777,1.4379077095368733,0.6451612903225806,0.025410824933784583,7
x_aq_cp0_top/x_aq_cp0_special/iui_special_vsetvl_rs2[11:0],26,0.006143667296786389,0.489128076923077,1.306972745546044,0.7307692307692307,0.06701398259820494,8
x_aq_cp0_top/x_aq_cp0_special/iui_special_wfi,0,0.0,0.0,0.0,0.0,,0
x_aq_cp0_top/x_aq_cp0_special/lpmd_top_cur_state[1:0],0,0.0,0.0,0.0,0.0,,0
x_aq_cp0_top/x_aq_cp0_special/lsu_cp0_fence_ack,18,0.004253308128544423,0.6222277777777777,1.662621275378411,0.3333333333333333,0.030390066465161795,1
x_aq_cp0_top/x_aq_cp0_special/lsu_cp0_icc_done,0,0.0,0.0,0.0,0.0,,0
x_aq_cp0_top/x_aq_cp0_special/lsu_cp0_sync_ack,18,0.004253308128544423,0.6222277777777777,1.662621275378411,0.3333333333333333,0.030390066465161795,1
x_aq_cp0_top/x_aq_cp0_special/mmu_cp0_tlb_inv_done,4,0.000945179584120983,0.5736724999999998,1.5328793372194343,0.5,-0.006776904817167919,1
x_aq_cp0_top/x_aq_cp0_special/mmu_yy_xx_no_op,0,0.0,0.0,0.0,0.0,,0
x_aq_cp0_top/x_aq_cp0_special/pad_yy_icg_scan_en,0,0.0,0.0,0.0,0.0,,0
x_aq_cp0_top/x_aq_cp0_special/regs_lpmd_int_vld,0,0.0,0.0,0.0,0.0,,0
x_aq_cp0_top/x_aq_cp0_special/regs_special_bht_inv,2,0.0004725897920604915,0.21716000000000002,0.5802615200668891,1.0,0.004582621391410421,1
x_aq_cp0_top/x_aq_cp0_special/regs_special_dcache_clr,0,0.0,0.0,0.0,0.0,,0
x_aq_cp0_top/x_aq_cp0_special/regs_special_dcache_inv,2,0.0004725897920604915,0.582165,1.5555716882931503,0.5,-0.0021358246274142643,1
x_aq_cp0_top/x_aq_cp0_special/regs_special_dcache_req,2,0.0004725897920604915,0.582165,1.5555716882931503,0.5,-0.0021358246274142643,1
x_aq_cp0_top/x_aq_cp0_special/regs_special_icache_inv,2,0.0004725897920604915,0.2111599999999999,0.564229243771064,0.5,0.0012634695606696853,1
x_aq_cp0_top/x_aq_cp0_special/regs_xx_icg_en,0,0.0,0.0,0.0,0.0,,0
x_aq_cp0_top/x_aq_cp0_special/rst_top_op_done,5,0.0011814744801512287,0.4973660000000001,1.3289848553582078,0.8,0.012755721728681602,1
x_aq_cp0_top/x_aq_cp0_special/rtu_yy_xx_dbgon,0,0.0,0.0,0.0,0.0,,0
x_aq_cp0_top/x_aq_cp0_special/rtu_yy_xx_flush,0,0.0,0.0,0.0,0.0,,0
x_aq_cp0_top/x_aq_cp0_special/special_iui_stall,6,0.0014177693761814746,0.3762033333333334,1.0052326305683856,0.3333333333333333,-0.01477016082580644,1
x_aq_cp0_top/x_aq_cp0_special/special_iui_vsetvl_wdata[63:0],0,0.0,0.0,0.0,0.0,,0
x_aq_cp0_top/x_aq_cp0_special/special_regs_vsetvl_dp,0,0.0,0.0,0.0,0.0,,0
x_aq_cp0_top/x_aq_cp0_special/fence_clk,0,0.0,0.0,0.0,0.0,,0
x_aq_cp0_top/x_aq_cp0_special/fence_clk_en,6,0.0014177693761814746,0.4007650000000001,1.0708625349493777,0.3333333333333333,-0.015968304848018797,1
x_aq_cp0_top/x_aq_cp0_special/inv_sm_clk,0,0.0,0.0,0.0,0.0,,0
x_aq_cp0_top/x_aq_cp0_special/inv_sm_clk_en,6,0.0014177693761814746,0.689015,1.8410798086612987,0.8333333333333334,-7.85033019729377e-06,1
x_aq_cp0_top/x_aq_cp0_special/lpmd_clk,0,0.0,0.0,0.0,0.0,,0
x_aq_cp0_top/x_aq_cp0_special/lpmd_clk_en,0,0.0,0.0,0.0,0.0,,0
x_aq_cp0_top/x_aq_cp0_special/sfence_clr_asid_all,0,0.0,0.0,0.0,0.0,,0
x_aq_cp0_top/x_aq_cp0_special/sfence_clr_va_all,0,0.0,0.0,0.0,0.0,,0
x_aq_cp0_top/x_aq_cp0_special/sfence_clr_va_asid,0,0.0,0.0,0.0,0.0,,0
x_aq_cp0_top/x_aq_cp0_special/special_cacheop_op[1:0],0,0.0,0.0,0.0,0.0,,0
x_aq_cp0_top/x_aq_cp0_special/special_cacheop_type[1:0],0,0.0,0.0,0.0,0.0,,0
x_aq_cp0_top/x_aq_cp0_special/special_clk,0,0.0,0.0,0.0,0.0,,0
x_aq_cp0_top/x_aq_cp0_special/special_clk_en,10,0.0023629489603024575,0.5567390000000001,1.487632245443543,0.6,0.0005905251832053397,1
x_aq_cp0_top/x_aq_cp0_special/special_dcacheop_req,0,0.0,0.0,0.0,0.0,,0
x_aq_cp0_top/x_aq_cp0_special/special_fence_dcache_req,0,0.0,0.0,0.0,0.0,,0
x_aq_cp0_top/x_aq_cp0_special/special_fence_icache_req,2,0.0004725897920604915,0.12612499999999993,0.3370118079684857,0.0,-0.009718753063765418,1
x_aq_cp0_top/x_aq_cp0_special/special_fence_mmu_req,2,0.0004725897920604915,0.51482,1.3756227471027624,1.0,-0.01872627717825561,1
x_aq_cp0_top/x_aq_cp0_special/special_fence_req,2,0.0004725897920604915,0.750135,2.0043952631947684,0.5,-0.006324721527365876,1
x_aq_cp0_top/x_aq_cp0_special/special_fence_stall,6,0.0014177693761814746,0.3762033333333334,1.0052326305683856,0.3333333333333333,-0.01477016082580644,1
x_aq_cp0_top/x_aq_cp0_special/special_icacheop_req,0,0.0,0.0,0.0,0.0,,0
x_aq_cp0_top/x_aq_cp0_special/special_inst_fence_req,2,0.0004725897920604915,0.750135,2.0043952631947684,0.5,-0.006324721527365876,1
x_aq_cp0_top/x_aq_cp0_special/special_inst_sync_req,0,0.0,0.0,0.0,0.0,,0
x_aq_cp0_top/x_aq_cp0_special/special_lpmd_stall,0,0.0,0.0,0.0,0.0,,0
x_aq_cp0_top/x_aq_cp0_special/special_lpmd_sync_req,0,0.0,0.0,0.0,0.0,,0
x_aq_cp0_top/x_aq_cp0_special/special_op_done,5,0.0011814744801512287,0.4973660000000001,1.3289848553582078,0.8,0.012755721728681602,1
x_aq_cp0_top/x_aq_cp0_special/special_sync_req,0,0.0,0.0,0.0,0.0,,0
x_aq_cp0_top/x_aq_cp0_special/special_sync_stall_cnt_vld,6,0.0014177693761814746,0.3762033333333334,1.0052326305683856,0.3333333333333333,-0.01477016082580644,1
x_aq_cp0_top/x_aq_cp0_special/x_aq_cp0_lpmd/cp0_biu_lpmd_b[1:0],1,0.00023629489603024575,1.6444,4.393912523475744,1.0,0.13282543670708166,2
x_aq_cp0_top/x_aq_cp0_special/x_aq_cp0_lpmd/cp0_ifu_in_lpmd,0,0.0,0.0,0.0,0.0,,0
x_aq_cp0_top/x_aq_cp0_special/x_aq_cp0_lpmd/cp0_ifu_lpmd_req,0,0.0,0.0,0.0,0.0,,0
x_aq_cp0_top/x_aq_cp0_special/x_aq_cp0_lpmd/cp0_mmu_lpmd_req,0,0.0,0.0,0.0,0.0,,0
x_aq_cp0_top/x_aq_cp0_special/x_aq_cp0_lpmd/cp0_rtu_in_lpmd,0,0.0,0.0,0.0,0.0,,0
x_aq_cp0_top/x_aq_cp0_special/x_aq_cp0_lpmd/cp0_yy_clk_en,1,0.00023629489603024575,1.6444,4.393912523475744,1.0,0.1328254367070838,1
x_aq_cp0_top/x_aq_cp0_special/x_aq_cp0_lpmd/cpurst_b,3,0.0007088846880907373,0.6837766666666667,1.827082740773027,0.3333333333333333,0.020758564418104496,1
x_aq_cp0_top/x_aq_cp0_special/x_aq_cp0_lpmd/dtu_cp0_wake_up,0,0.0,0.0,0.0,0.0,,0
x_aq_cp0_top/x_aq_cp0_special/x_aq_cp0_lpmd/forever_cpuclk,0,0.0,0.0,0.0,0.0,,0
x_aq_cp0_top/x_aq_cp0_special/x_aq_cp0_lpmd/ifu_yy_xx_no_op,109,0.025756143667296786,0.4005282568807339,1.0702299464328426,0.08256880733944955,0.046591832661324224,1
x_aq_cp0_top/x_aq_cp0_special/x_aq_cp0_lpmd/iui_special_wfi,0,0.0,0.0,0.0,0.0,,0
x_aq_cp0_top/x_aq_cp0_special/x_aq_cp0_lpmd/lpmd_clk,0,0.0,0.0,0.0,0.0,,0
x_aq_cp0_top/x_aq_cp0_special/x_aq_cp0_lpmd/lpmd_clk_en,0,0.0,0.0,0.0,0.0,,0
x_aq_cp0_top/x_aq_cp0_special/x_aq_cp0_lpmd/lpmd_top_cur_state[1:0],0,0.0,0.0,0.0,0.0,,0
x_aq_cp0_top/x_aq_cp0_special/x_aq_cp0_lpmd/lsu_cp0_sync_ack,18,0.004253308128544423,0.6222277777777777,1.662621275378411,0.3333333333333333,0.030390066465161795,1
x_aq_cp0_top/x_aq_cp0_special/x_aq_cp0_lpmd/mmu_yy_xx_no_op,0,0.0,0.0,0.0,0.0,,0
x_aq_cp0_top/x_aq_cp0_special/x_aq_cp0_lpmd/regs_lpmd_int_vld,0,0.0,0.0,0.0,0.0,,0
x_aq_cp0_top/x_aq_cp0_special/x_aq_cp0_lpmd/rtu_yy_xx_dbgon,0,0.0,0.0,0.0,0.0,,0
x_aq_cp0_top/x_aq_cp0_special/x_aq_cp0_lpmd/rtu_yy_xx_flush,0,0.0,0.0,0.0,0.0,,0
x_aq_cp0_top/x_aq_cp0_special/x_aq_cp0_lpmd/special_lpmd_stall,0,0.0,0.0,0.0,0.0,,0
x_aq_cp0_top/x_aq_cp0_special/x_aq_cp0_lpmd/special_lpmd_sync_req,0,0.0,0.0,0.0,0.0,,0
x_aq_cp0_top/x_aq_cp0_special/x_aq_cp0_lpmd/cpu_in_lpmd,0,0.0,0.0,0.0,0.0,,0
x_aq_cp0_top/x_aq_cp0_special/x_aq_cp0_lpmd/lpmd_ack,0,0.0,0.0,0.0,0.0,,0
x_aq_cp0_top/x_aq_cp0_special/x_aq_cp0_lpmd/lpmd_in_wait_state,0,0.0,0.0,0.0,0.0,,0
x_aq_cp0_top/x_aq_cp0_special/x_aq_cp0_lpmd/lpmd_stall,0,0.0,0.0,0.0,0.0,,0
x_aq_cp0_top/x_aq_cp0_special/x_aq_cp0_rst_ctrl/cp0_ifu_bht_inv,4,0.000945179584120983,0.4273225,1.1418253979037725,0.5,0.0061139229821366645,1
x_aq_cp0_top/x_aq_cp0_special/x_aq_cp0_rst_ctrl/cp0_ifu_icache_inv_addr[63:0],44,0.010396975425330813,0.4756409090909093,1.2709344120237982,0.7272727272727273,0.055342250457082694,8
x_aq_cp0_top/x_aq_cp0_special/x_aq_cp0_rst_ctrl/cp0_ifu_icache_inv_req,6,0.0014177693761814746,0.4246733333333333,1.1347467025781575,0.0,-0.007711670081295734,1
x_aq_cp0_top/x_aq_cp0_special/x_aq_cp0_rst_ctrl/cp0_ifu_icache_inv_type[1:0],0,0.0,0.0,0.0,0.0,,0
x_aq_cp0_top/x_aq_cp0_special/x_aq_cp0_rst_ctrl/cp0_ifu_rst_inv_done,5,0.0011814744801512287,0.4973660000000001,1.3289848553582078,0.8,0.012755721728681602,1
x_aq_cp0_top/x_aq_cp0_special/x_aq_cp0_rst_ctrl/cp0_lsu_icc_addr[63:0],44,0.010396975425330813,0.4756409090909093,1.2709344120237982,0.7272727272727273,0.055342250457082694,8
x_aq_cp0_top/x_aq_cp0_special/x_aq_cp0_rst_ctrl/cp0_lsu_icc_op[1:0],1,0.00023629489603024575,1.6444,4.393912523475744,1.0,0.1328254367070838,1
x_aq_cp0_top/x_aq_cp0_special/x_aq_cp0_rst_ctrl/cp0_lsu_icc_req,4,0.000945179584120983,0.4925575,1.3161363219301285,0.0,0.0006437491292861157,1
x_aq_cp0_top/x_aq_cp0_special/x_aq_cp0_rst_ctrl/cp0_lsu_icc_type[1:0],0,0.0,0.0,0.0,0.0,,0
x_aq_cp0_top/x_aq_cp0_special/x_aq_cp0_rst_ctrl/cp0_mmu_tlb_all_inv,4,0.000945179584120983,0.7153924999999999,1.9115617033268184,0.5,-0.009361872957299488,1
x_aq_cp0_top/x_aq_cp0_special/x_aq_cp0_rst_ctrl/cp0_mmu_tlb_asid[15:0],62,0.014650283553875236,0.5381298387096777,1.4379077095368733,0.6451612903225806,0.025410824933784583,7
x_aq_cp0_top/x_aq_cp0_special/x_aq_cp0_rst_ctrl/cp0_mmu_tlb_asid_all_inv,0,0.0,0.0,0.0,0.0,,0
x_aq_cp0_top/x_aq_cp0_special/x_aq_cp0_rst_ctrl/cp0_mmu_tlb_va[26:0],20,0.004725897920604915,0.5968120000000001,1.5947091467773085,0.75,0.06886997929994954,7
x_aq_cp0_top/x_aq_cp0_special/x_aq_cp0_rst_ctrl/cp0_mmu_tlb_va_all_inv,0,0.0,0.0,0.0,0.0,,0
x_aq_cp0_top/x_aq_cp0_special/x_aq_cp0_rst_ctrl/cp0_mmu_tlb_va_asid_inv,0,0.0,0.0,0.0,0.0,,0
x_aq_cp0_top/x_aq_cp0_special/x_aq_cp0_rst_ctrl/cp0_rtu_fence_idle,5,0.0011814744801512287,0.4973660000000001,1.3289848553582078,0.8,0.012755721728681602,1
x_aq_cp0_top/x_aq_cp0_special/x_aq_cp0_rst_ctrl/cpurst_b,3,0.0007088846880907373,0.6837766666666667,1.827082740773027,0.3333333333333333,0.020758564418104496,1
x_aq_cp0_top/x_aq_cp0_special/x_aq_cp0_rst_ctrl/ifu_cp0_bht_inv_done,0,0.0,0.0,0.0,0.0,,0
x_aq_cp0_top/x_aq_cp0_special/x_aq_cp0_rst_ctrl/ifu_cp0_icache_inv_done,0,0.0,0.0,0.0,0.0,,0
x_aq_cp0_top/x_aq_cp0_special/x_aq_cp0_rst_ctrl/ifu_cp0_rst_inv_req,2,0.0004725897920604915,0.9682000000000001,2.5870749849362777,0.5,0.014407296139769545,1
x_aq_cp0_top/x_aq_cp0_special/x_aq_cp0_rst_ctrl/inv_sm_clk,0,0.0,0.0,0.0,0.0,,0
x_aq_cp0_top/x_aq_cp0_special/x_aq_cp0_rst_ctrl/inv_sm_clk_en,6,0.0014177693761814746,0.689015,1.8410798086612987,0.8333333333333334,-7.85033019729377e-06,1
x_aq_cp0_top/x_aq_cp0_special/x_aq_cp0_rst_ctrl/iui_special_rs1[63:0],44,0.010396975425330813,0.4756409090909093,1.2709344120237982,0.7272727272727273,0.055342250457082694,8
x_aq_cp0_top/x_aq_cp0_special/x_aq_cp0_rst_ctrl/iui_special_rs2[63:0],62,0.014650283553875236,0.5381298387096777,1.4379077095368733,0.6451612903225806,0.025410824933784583,7
x_aq_cp0_top/x_aq_cp0_special/x_aq_cp0_rst_ctrl/lsu_cp0_icc_done,0,0.0,0.0,0.0,0.0,,0
x_aq_cp0_top/x_aq_cp0_special/x_aq_cp0_rst_ctrl/mmu_cp0_tlb_inv_done,4,0.000945179584120983,0.5736724999999998,1.5328793372194343,0.5,-0.006776904817167919,1
x_aq_cp0_top/x_aq_cp0_special/x_aq_cp0_rst_ctrl/regs_special_bht_inv,2,0.0004725897920604915,0.21716000000000002,0.5802615200668891,1.0,0.004582621391410421,1
x_aq_cp0_top/x_aq_cp0_special/x_aq_cp0_rst_ctrl/regs_special_dcache_clr,0,0.0,0.0,0.0,0.0,,0
x_aq_cp0_top/x_aq_cp0_special/x_aq_cp0_rst_ctrl/regs_special_dcache_inv,2,0.0004725897920604915,0.582165,1.5555716882931503,0.5,-0.0021358246274142643,1
x_aq_cp0_top/x_aq_cp0_special/x_aq_cp0_rst_ctrl/regs_special_dcache_req,2,0.0004725897920604915,0.582165,1.5555716882931503,0.5,-0.0021358246274142643,1
x_aq_cp0_top/x_aq_cp0_special/x_aq_cp0_rst_ctrl/regs_special_icache_inv,2,0.0004725897920604915,0.2111599999999999,0.564229243771064,0.5,0.0012634695606696853,1
x_aq_cp0_top/x_aq_cp0_special/x_aq_cp0_rst_ctrl/rst_top_op_done,5,0.0011814744801512287,0.4973660000000001,1.3289848553582078,0.8,0.012755721728681602,1
x_aq_cp0_top/x_aq_cp0_special/x_aq_cp0_rst_ctrl/sfence_clr_asid_all,0,0.0,0.0,0.0,0.0,,0
x_aq_cp0_top/x_aq_cp0_special/x_aq_cp0_rst_ctrl/sfence_clr_va_all,0,0.0,0.0,0.0,0.0,,0
x_aq_cp0_top/x_aq_cp0_special/x_aq_cp0_rst_ctrl/sfence_clr_va_asid,0,0.0,0.0,0.0,0.0,,0
x_aq_cp0_top/x_aq_cp0_special/x_aq_cp0_rst_ctrl/special_cacheop_op[1:0],0,0.0,0.0,0.0,0.0,,0
x_aq_cp0_top/x_aq_cp0_special/x_aq_cp0_rst_ctrl/special_cacheop_type[1:0],0,0.0,0.0,0.0,0.0,,0
x_aq_cp0_top/x_aq_cp0_special/x_aq_cp0_rst_ctrl/special_dcacheop_req,0,0.0,0.0,0.0,0.0,,0
x_aq_cp0_top/x_aq_cp0_special/x_aq_cp0_rst_ctrl/special_fence_dcache_req,0,0.0,0.0,0.0,0.0,,0
x_aq_cp0_top/x_aq_cp0_special/x_aq_cp0_rst_ctrl/special_fence_icache_req,2,0.0004725897920604915,0.12612499999999993,0.3370118079684857,0.0,-0.009718753063765418,1
x_aq_cp0_top/x_aq_cp0_special/x_aq_cp0_rst_ctrl/special_fence_mmu_req,2,0.0004725897920604915,0.51482,1.3756227471027624,1.0,-0.01872627717825561,1
x_aq_cp0_top/x_aq_cp0_special/x_aq_cp0_rst_ctrl/special_icacheop_req,0,0.0,0.0,0.0,0.0,,0
x_aq_cp0_top/x_aq_cp0_special/x_aq_cp0_rst_ctrl/special_op_done,5,0.0011814744801512287,0.4973660000000001,1.3289848553582078,0.8,0.012755721728681602,1
x_aq_cp0_top/x_aq_cp0_special/x_aq_cp0_rst_ctrl/bht_op_done,3,0.0007088846880907373,0.6848000000000001,1.8298171345634817,1.0,0.003891743185638137,1
x_aq_cp0_top/x_aq_cp0_special/x_aq_cp0_rst_ctrl/bht_op_req,4,0.000945179584120983,0.5926800000000001,1.5836682525015835,0.75,0.006416093110786545,1
x_aq_cp0_top/x_aq_cp0_special/x_aq_cp0_rst_ctrl/bht_sm_done,0,0.0,0.0,0.0,0.0,,0
x_aq_cp0_top/x_aq_cp0_special/x_aq_cp0_rst_ctrl/bht_sm_idle,5,0.0011814744801512287,0.7364040000000001,1.967705398891773,0.6,0.003502623266507433,1
x_aq_cp0_top/x_aq_cp0_special/x_aq_cp0_rst_ctrl/bht_sm_wfc,4,0.000945179584120983,0.4273225,1.1418253979037725,0.5,0.0061139229821366645,1
x_aq_cp0_top/x_aq_cp0_special/x_aq_cp0_rst_ctrl/dcache_op_done,3,0.0007088846880907373,0.6214666666666667,1.6605875514408857,0.3333333333333333,0.018571045414176587,1
x_aq_cp0_top/x_aq_cp0_special/x_aq_cp0_rst_ctrl/dcache_op_req,4,0.000945179584120983,0.7751825,2.071323336614714,0.5,0.002372796604539773,1
x_aq_cp0_top/x_aq_cp0_special/x_aq_cp0_rst_ctrl/dcache_sm_done,4,0.000945179584120983,0.50954,1.3615143439624362,0.5,0.005497322944321196,1
x_aq_cp0_top/x_aq_cp0_special/x_aq_cp0_rst_ctrl/dcache_sm_idle,5,0.0011814744801512287,0.4305100000000001,1.1503425446859297,0.4,-0.005255043376796142,1
x_aq_cp0_top/x_aq_cp0_special/x_aq_cp0_rst_ctrl/dcache_sm_wfc,4,0.000945179584120983,0.4925575,1.3161363219301285,0.0,0.0006437491292861157,1
x_aq_cp0_top/x_aq_cp0_special/x_aq_cp0_rst_ctrl/dcache_type[1:0],0,0.0,0.0,0.0,0.0,,0
x_aq_cp0_top/x_aq_cp0_special/x_aq_cp0_rst_ctrl/fence_dcache_req,0,0.0,0.0,0.0,0.0,,0
x_aq_cp0_top/x_aq_cp0_special/x_aq_cp0_rst_ctrl/fence_icache_req,2,0.0004725897920604915,0.12612499999999993,0.3370118079684857,0.0,-0.009718753063765418,1
x_aq_cp0_top/x_aq_cp0_special/x_aq_cp0_rst_ctrl/fence_mmu_req,2,0.0004725897920604915,0.51482,1.3756227471027624,1.0,-0.01872627717825561,1
x_aq_cp0_top/x_aq_cp0_special/x_aq_cp0_rst_ctrl/icache_op_done,5,0.0011814744801512287,0.35530600000000007,0.9493939935940603,0.4,0.01993322535439518,1
x_aq_cp0_top/x_aq_cp0_special/x_aq_cp0_rst_ctrl/icache_op_req,6,0.0014177693761814746,0.43516166666666667,1.1627720122252758,0.3333333333333333,-0.0036878337669196573,1
x_aq_cp0_top/x_aq_cp0_special/x_aq_cp0_rst_ctrl/icache_sm_done,4,0.000945179584120983,0.3895200000000001,1.0408153771249526,0.5,0.007438492841698803,1
x_aq_cp0_top/x_aq_cp0_special/x_aq_cp0_rst_ctrl/icache_sm_idle,7,0.0016540642722117202,0.544137142857143,1.4539595028510766,0.42857142857142855,0.008054003386208236,1
x_aq_cp0_top/x_aq_cp0_special/x_aq_cp0_rst_ctrl/icache_sm_wfc,6,0.0014177693761814746,0.4246733333333333,1.1347467025781575,0.0,-0.007711670081295734,1
x_aq_cp0_top/x_aq_cp0_special/x_aq_cp0_rst_ctrl/icache_type[1:0],0,0.0,0.0,0.0,0.0,,0
x_aq_cp0_top/x_aq_cp0_special/x_aq_cp0_rst_ctrl/mmu_op_done,3,0.0007088846880907373,0.37868666666666656,1.0118682115908237,0.6666666666666666,0.03878882961633383,1
x_aq_cp0_top/x_aq_cp0_special/x_aq_cp0_rst_ctrl/mmu_op_req,4,0.000945179584120983,0.7415100000000001,1.9813488660195202,0.75,-0.011309731329308254,1
x_aq_cp0_top/x_aq_cp0_special/x_aq_cp0_rst_ctrl/mmu_sm_done,2,0.0004725897920604915,0.4397199999999999,1.1749520888000202,0.5,0.0034955378761685014,1
x_aq_cp0_top/x_aq_cp0_special/x_aq_cp0_rst_ctrl/mmu_sm_idle,5,0.0011814744801512287,0.5823240000000001,1.5559965436149896,0.4,0.01570685505551895,1
x_aq_cp0_top/x_aq_cp0_special/x_aq_cp0_rst_ctrl/mmu_sm_wfc,4,0.000945179584120983,0.7153924999999999,1.9115617033268184,0.5,-0.009361872957299488,1
x_aq_cp0_top/x_aq_cp0_special/x_aq_cp0_rst_ctrl/op_done,5,0.0011814744801512287,0.4973660000000001,1.3289848553582078,0.8,0.012755721728681602,1
x_aq_cp0_top/x_aq_cp0_special/x_aq_cp0_rst_ctrl/reset_req,2,0.0004725897920604915,0.9682000000000001,2.5870749849362777,0.5,0.014407296139769545,1
x_aq_cp0_top/x_aq_cp0_special/x_aq_cp0_rst_ctrl/rst_inv_done,5,0.0011814744801512287,0.4973660000000001,1.3289848553582078,0.8,0.012755721728681602,1
x_aq_cp0_top/x_aq_cp0_special/x_aq_cp0_rst_ctrl/rst_sm_idle,3,0.0007088846880907373,0.6739800000000001,1.8009055963100111,0.3333333333333333,0.010666003045970526,1
x_aq_cp0_top/x_aq_cp0_special/x_aq_cp0_cache_inst/iui_special_cache,0,0.0,0.0,0.0,0.0,,0
x_aq_cp0_top/x_aq_cp0_special/x_aq_cp0_cache_inst/iui_special_cache_func[5:0],0,0.0,0.0,0.0,0.0,,0
x_aq_cp0_top/x_aq_cp0_special/x_aq_cp0_cache_inst/special_cacheop_op[1:0],0,0.0,0.0,0.0,0.0,,0
x_aq_cp0_top/x_aq_cp0_special/x_aq_cp0_cache_inst/special_cacheop_type[1:0],0,0.0,0.0,0.0,0.0,,0
x_aq_cp0_top/x_aq_cp0_special/x_aq_cp0_cache_inst/special_dcacheop_req,0,0.0,0.0,0.0,0.0,,0
x_aq_cp0_top/x_aq_cp0_special/x_aq_cp0_cache_inst/special_icacheop_req,0,0.0,0.0,0.0,0.0,,0
x_aq_cp0_top/x_aq_cp0_special/x_aq_cp0_cache_inst/cache_func[5:0],0,0.0,0.0,0.0,0.0,,0
x_aq_cp0_top/x_aq_cp0_special/x_aq_cp0_cache_inst/inst_dst[1:0],0,0.0,0.0,0.0,0.0,,0
x_aq_cp0_top/x_aq_cp0_special/x_aq_cp0_cache_inst/inst_op[1:0],0,0.0,0.0,0.0,0.0,,0
x_aq_cp0_top/x_aq_cp0_special/x_aq_cp0_cache_inst/inst_type[1:0],0,0.0,0.0,0.0,0.0,,0
x_aq_cp0_top/x_aq_cp0_special/x_aq_cp0_fence_inst/cpurst_b,3,0.0007088846880907373,0.6837766666666667,1.827082740773027,0.3333333333333333,0.020758564418104496,1
x_aq_cp0_top/x_aq_cp0_special/x_aq_cp0_fence_inst/fence_clk,0,0.0,0.0,0.0,0.0,,0
x_aq_cp0_top/x_aq_cp0_special/x_aq_cp0_fence_inst/fence_clk_en,6,0.0014177693761814746,0.4007650000000001,1.0708625349493777,0.3333333333333333,-0.015968304848018797,1
x_aq_cp0_top/x_aq_cp0_special/x_aq_cp0_fence_inst/fence_top_cur_state[2:0],8,0.001890359168241966,0.25118875000000007,0.6711879070671478,0.375,-0.014790438727217367,3
x_aq_cp0_top/x_aq_cp0_special/x_aq_cp0_fence_inst/iui_special_fence,2,0.0004725897920604915,0.750135,2.0043952631947684,0.5,-0.006324721527365876,1
x_aq_cp0_top/x_aq_cp0_special/x_aq_cp0_fence_inst/iui_special_fencei,0,0.0,0.0,0.0,0.0,,0
x_aq_cp0_top/x_aq_cp0_special/x_aq_cp0_fence_inst/iui_special_rs1_x0,6,0.0014177693761814746,0.4007650000000001,1.0708625349493777,0.3333333333333333,-0.015968304848018797,1
x_aq_cp0_top/x_aq_cp0_special/x_aq_cp0_fence_inst/iui_special_rs2_x0,4,0.000945179584120983,0.22608000000000011,0.6040961708266824,0.25,-0.015042427929394723,1
x_aq_cp0_top/x_aq_cp0_special/x_aq_cp0_fence_inst/iui_special_sfence,2,0.0004725897920604915,0.15356000000000003,0.41031939133114526,0.5,-0.0161038912083135,1
x_aq_cp0_top/x_aq_cp0_special/x_aq_cp0_fence_inst/iui_special_sync,0,0.0,0.0,0.0,0.0,,0
x_aq_cp0_top/x_aq_cp0_special/x_aq_cp0_fence_inst/iui_special_synci,2,0.0004725897920604915,0.2986000000000002,0.7978729503222196,0.0,0.012543351553159941,1
x_aq_cp0_top/x_aq_cp0_special/x_aq_cp0_fence_inst/lsu_cp0_fence_ack,18,0.004253308128544423,0.6222277777777777,1.662621275378411,0.3333333333333333,0.030390066465161795,1
x_aq_cp0_top/x_aq_cp0_special/x_aq_cp0_fence_inst/lsu_cp0_sync_ack,18,0.004253308128544423,0.6222277777777777,1.662621275378411,0.3333333333333333,0.030390066465161795,1
x_aq_cp0_top/x_aq_cp0_special/x_aq_cp0_fence_inst/sfence_clr_asid_all,0,0.0,0.0,0.0,0.0,,0
x_aq_cp0_top/x_aq_cp0_special/x_aq_cp0_fence_inst/sfence_clr_va_all,0,0.0,0.0,0.0,0.0,,0
x_aq_cp0_top/x_aq_cp0_special/x_aq_cp0_fence_inst/sfence_clr_va_asid,0,0.0,0.0,0.0,0.0,,0
x_aq_cp0_top/x_aq_cp0_special/x_aq_cp0_fence_inst/special_dcacheop_req,0,0.0,0.0,0.0,0.0,,0
x_aq_cp0_top/x_aq_cp0_special/x_aq_cp0_fence_inst/special_fence_dcache_req,0,0.0,0.0,0.0,0.0,,0
x_aq_cp0_top/x_aq_cp0_special/x_aq_cp0_fence_inst/special_fence_icache_req,2,0.0004725897920604915,0.12612499999999993,0.3370118079684857,0.0,-0.009718753063765418,1
x_aq_cp0_top/x_aq_cp0_special/x_aq_cp0_fence_inst/special_fence_mmu_req,2,0.0004725897920604915,0.51482,1.3756227471027624,1.0,-0.01872627717825561,1
x_aq_cp0_top/x_aq_cp0_special/x_aq_cp0_fence_inst/special_fence_stall,6,0.0014177693761814746,0.3762033333333334,1.0052326305683856,0.3333333333333333,-0.01477016082580644,1
x_aq_cp0_top/x_aq_cp0_special/x_aq_cp0_fence_inst/special_icacheop_req,0,0.0,0.0,0.0,0.0,,0
x_aq_cp0_top/x_aq_cp0_special/x_aq_cp0_fence_inst/special_inst_fence_req,2,0.0004725897920604915,0.750135,2.0043952631947684,0.5,-0.006324721527365876,1
x_aq_cp0_top/x_aq_cp0_special/x_aq_cp0_fence_inst/special_inst_sync_req,0,0.0,0.0,0.0,0.0,,0
x_aq_cp0_top/x_aq_cp0_special/x_aq_cp0_fence_inst/special_op_done,5,0.0011814744801512287,0.4973660000000001,1.3289848553582078,0.8,0.012755721728681602,1
x_aq_cp0_top/x_aq_cp0_special/x_aq_cp0_fence_inst/fence_inst_vld,4,0.000945179584120983,0.22608000000000011,0.6040961708266824,0.25,-0.015042427929394723,1
x_aq_cp0_top/x_aq_cp0_special/x_aq_cp0_fence_inst/special_dcache_op,0,0.0,0.0,0.0,0.0,,0
x_aq_cp0_top/x_aq_cp0_special/x_aq_cp0_fence_inst/special_icache_inv,2,0.0004725897920604915,0.12612499999999993,0.3370118079684857,0.0,-0.009718753063765418,1
x_aq_cp0_top/x_aq_cp0_special/x_aq_cp0_fence_inst/special_mmu_clean,2,0.0004725897920604915,0.51482,1.3756227471027624,1.0,-0.01872627717825561,1
x_aq_cp0_top/x_aq_cp0_special/x_aq_cp0_fence_inst/special_sm_fence,0,0.0,0.0,0.0,0.0,,0
x_aq_cp0_top/x_aq_cp0_special/x_aq_cp0_vector_inst/iui_special_rs1_x0,6,0.0014177693761814746,0.4007650000000001,1.0708625349493777,0.3333333333333333,-0.015968304848018797,1
x_aq_cp0_top/x_aq_cp0_special/x_aq_cp0_vector_inst/iui_special_vsetvl,0,0.0,0.0,0.0,0.0,,0
x_aq_cp0_top/x_aq_cp0_special/x_aq_cp0_vector_inst/iui_special_vsetvl_dp,0,0.0,0.0,0.0,0.0,,0
x_aq_cp0_top/x_aq_cp0_special/x_aq_cp0_vector_inst/iui_special_vsetvl_rs1[63:0],62,0.014650283553875236,0.5381298387096777,1.4379077095368733,0.6451612903225806,0.025410824933784583,7
x_aq_cp0_top/x_aq_cp0_special/x_aq_cp0_vector_inst/iui_special_vsetvl_rs2[11:0],26,0.006143667296786389,0.489128076923077,1.306972745546044,0.7307692307692307,0.06701398259820494,8
x_aq_cp0_top/x_aq_cp0_special/x_aq_cp0_vector_inst/special_iui_vsetvl_wdata[63:0],0,0.0,0.0,0.0,0.0,,0
x_aq_cp0_top/x_aq_cp0_special/x_aq_cp0_vector_inst/special_regs_vsetvl_dp,0,0.0,0.0,0.0,0.0,,0
x_aq_cp0_top/x_aq_cp0_special/x_special_clk/clk_in,0,0.0,0.0,0.0,0.0,,0
x_aq_cp0_top/x_aq_cp0_special/x_special_clk/global_en,1,0.00023629489603024575,1.6444,4.393912523475744,1.0,0.1328254367070838,1
x_aq_cp0_top/x_aq_cp0_special/x_special_clk/module_en,0,0.0,0.0,0.0,0.0,,0
x_aq_cp0_top/x_aq_cp0_special/x_special_clk/local_en,10,0.0023629489603024575,0.5567390000000001,1.487632245443543,0.6,0.0005905251832053397,1
x_aq_cp0_top/x_aq_cp0_special/x_special_clk/external_en,0,0.0,0.0,0.0,0.0,,0
x_aq_cp0_top/x_aq_cp0_special/x_special_clk/pad_yy_icg_scan_en,0,0.0,0.0,0.0,0.0,,0
x_aq_cp0_top/x_aq_cp0_special/x_special_clk/clk_out,0,0.0,0.0,0.0,0.0,,0
x_aq_cp0_top/x_aq_cp0_special/x_special_clk/clk_en_bf_latch,10,0.0023629489603024575,0.5567390000000001,1.487632245443543,0.6,0.0005905251832053397,1
x_aq_cp0_top/x_aq_cp0_special/x_special_clk/SE,0,0.0,0.0,0.0,0.0,,0
