signal,n_edges,edge_rate,impact_mW,lift,spec,lvl_corr,max_hamming
x_aq_vidu_top/cp0_idu_icg_en,0,0.0,0.0,0.0,0.0,,0
x_aq_vidu_top/cp0_yy_clk_en,1,6.953039173422703e-07,1.187,1.535783056590295,0.0,0.002476449595952213,1
x_aq_vidu_top/cpurst_b,3,2.0859117520268108e-06,0.5556666666666668,0.7189414084066336,0.0,0.002281077192413555,1
x_aq_vidu_top/forever_cpuclk,0,0.0,0.0,0.0,0.0,,0
x_aq_vidu_top/idu_vidu_ex1_fp_dp_sel,67260,0.0467661414804411,1.135086549955397,1.4686155780834307,0.07438299137674695,0.16733516426442357,1
x_aq_vidu_top/idu_vidu_ex1_fp_gateclk_sel,67260,0.0467661414804411,1.0090543537912577,1.305550614769404,0.03751115075825156,0.22960400344400125,1
x_aq_vidu_top/idu_vidu_ex1_fp_sel,67260,0.0467661414804411,1.135086549955397,1.4686155780834307,0.07438299137674695,0.16733516426442357,1
x_aq_vidu_top/idu_vidu_ex1_inst_data[179:0],678909,0.4720480872189234,0.8802888043493311,1.1389491412180555,0.0308259280698886,,92
x_aq_vidu_top/idu_vidu_ex1_vec_dp_sel,0,0.0,0.0,0.0,0.0,,0
x_aq_vidu_top/idu_vidu_ex1_vec_gateclk_sel,0,0.0,0.0,0.0,0.0,,0
x_aq_vidu_top/idu_vidu_ex1_vec_sel,0,0.0,0.0,0.0,0.0,,0
x_aq_vidu_top/ifu_vidu_warm_up,2,1.3906078346845406e-06,0.8842500000000002,1.1440742778348514,0.0,7.643165717517879e-05,1
x_aq_vidu_top/pad_yy_icg_scan_en,0,0.0,0.0,0.0,0.0,,0
x_aq_vidu_top/rtu_vidu_flush_wbt,0,0.0,0.0,0.0,0.0,,0
x_aq_vidu_top/rtu_yy_xx_async_flush,0,0.0,0.0,0.0,0.0,,0
x_aq_vidu_top/vidu_cp0_vid_fof_vld,0,0.0,0.0,0.0,0.0,,0
x_aq_vidu_top/vidu_dtu_debug_info[7:0],330628,0.22988694358304015,1.0249443599937091,1.3261096731475335,0.0436472410080211,0.2494352600008663,2
x_aq_vidu_top/vidu_idu_fp_full,142520,0.09909471429962037,1.294902221975863,1.6753908108270055,0.0971653101319113,-0.11197381008302926,1
x_aq_vidu_top/vidu_idu_vec_full,0,0.0,0.0,0.0,0.0,,0
x_aq_vidu_top/vidu_rtu_no_op,67257,0.046764055568689074,1.2831782609988551,1.6602219307725703,0.08638506029112211,-0.25177114657332844,1
x_aq_vidu_top/vidu_vpu_vid_fp_inst_dp_vld,67260,0.0467661414804411,0.9927126076419863,1.2844070790902544,0.01512042818911686,0.2646143069989479,1
x_aq_vidu_top/vidu_vpu_vid_fp_inst_dst_reg[5:0],366472,0.2548094171962565,0.7883454237704381,1.0199895067962383,0.014014713265952106,-0.0763022385838279,5
x_aq_vidu_top/vidu_vpu_vid_fp_inst_dst_vld,166775,0.11595931081475713,0.8862958257892369,1.1467212404160185,0.01852795682806176,-0.25362833737712065,1
x_aq_vidu_top/vidu_vpu_vid_fp_inst_dste_vld,92368,0.06422383223707083,1.120364081131994,1.4495671213267656,0.08158669669149489,0.10483207759800606,1
x_aq_vidu_top/vidu_vpu_vid_fp_inst_dstf_reg[4:0],453766,0.3155052773567326,0.8313674780393419,1.0756529794212513,0.013817694582670364,-0.013769299670226394,5
x_aq_vidu_top/vidu_vpu_vid_fp_inst_dstf_vld,67294,0.046789781813630735,1.1702771175736324,1.514146393163364,0.05880167622670669,0.14666613561849648,1
x_aq_vidu_top/vidu_vpu_vid_fp_inst_eu[9:0],551137,0.3832077150922668,0.9338522941047326,1.2082515001213356,0.03096326321767546,0.3132034982839387,6
x_aq_vidu_top/vidu_vpu_vid_fp_inst_func[19:0],675199,0.46946850968558357,0.9041175766788753,1.1697796591650325,0.025784990795306273,0.21582442598302656,12
x_aq_vidu_top/vidu_vpu_vid_fp_inst_gateclk_vld,67260,0.0467661414804411,0.9931468777876897,1.2849689533377306,0.013559322033898305,0.2648989674908191,1
x_aq_vidu_top/vidu_vpu_vid_fp_inst_src1_data[63:0],614054,0.4269541516596905,0.9186465197946762,1.1885777254391783,0.02835255531272494,,60
x_aq_vidu_top/vidu_vpu_vid_fp_inst_srcf0_data[63:0],398182,0.27685750441517987,0.986186171529602,1.275962942610626,0.041056602257259246,0.22760411434633857,51
x_aq_vidu_top/vidu_vpu_vid_fp_inst_srcf1_data[63:0],358146,0.24902031678046474,1.0621729684709587,1.3742773783874607,0.04624091850809446,0.3033685155478282,50
x_aq_vidu_top/vidu_vpu_vid_fp_inst_srcf2_data[63:0],72424,0.05035669090959659,0.7369647097647188,0.9535113012313727,0.0,0.020354275088576824,41
x_aq_vidu_top/vidu_vpu_vid_fp_inst_srcf2_rdy,1,6.953039173422703e-07,0.21599999999999997,0.2794685258833224,0.0,0.0024160844855880353,1
x_aq_vidu_top/vidu_vpu_vid_fp_inst_srcf2_vld,24,1.6687294016214486e-05,0.6494916666666666,0.8403355493372016,0.0,-0.01600230890472349,1
x_aq_vidu_top/vidu_vpu_vid_fp_inst_vld,41508,0.028860675001042956,1.1260520249108605,1.456926386434113,0.11096656066300473,0.20652453884893995,1
x_aq_vidu_top/vpu_rtu_ex1_cmplt,42262,0.029384934154719027,1.3166706693956747,1.7035556067121138,0.21104065117599735,0.07794428997120122,1
x_aq_vidu_top/vpu_rtu_ex1_cmplt_dp,42262,0.029384934154719027,1.3166706693956747,1.7035556067121138,0.21104065117599735,0.07794428997120122,1
x_aq_vidu_top/vpu_rtu_ex1_fp_dirty,67296,0.046791172421465424,1.0055355408345223,1.3009978487051543,0.03749108416547789,0.2007767919004296,1
x_aq_vidu_top/vpu_rtu_ex1_vec_dirty,0,0.0,0.0,0.0,0.0,,0
x_aq_vidu_top/vpu_vidu_fp_fwd_data[63:0],268230,0.18650136974871717,1.0704289329008687,1.3849592404660354,0.07014502479215598,0.4449736973335189,51
x_aq_vidu_top/vpu_vidu_fp_fwd_reg[4:0],283035,0.19679534424496947,1.0629382772165987,1.3752675622161166,0.0689137385835674,0.5082159752777992,4
x_aq_vidu_top/vpu_vidu_fp_fwd_vld,25032,0.01740484765891171,0.9391055848513902,1.2150483955889508,3.994886545222116e-05,0.13850038625824804,1
x_aq_vidu_top/vpu_vidu_fp_wb_data[63:0],262939,0.1828225167220592,1.4066570595689496,1.8199832169495518,0.09232559643111139,0.3657840869718321,45
x_aq_vidu_top/vpu_vidu_fp_wb_reg[4:0],155991,0.10846115337013809,1.1008555202543737,1.4243262474815177,0.07029892750222769,0.3128821913051139,4
x_aq_vidu_top/vpu_vidu_fp_wb_vld,25032,0.01740484765891171,1.1938123202301056,1.5445970801669282,3.994886545222116e-05,0.23896515829560902,1
x_aq_vidu_top/vpu_vidu_vex1_fp_stall,0,0.0,0.0,0.0,0.0,,0
x_aq_vidu_top/vpu_vidu_wbt_fp_wb0_reg[4:0],155991,0.10846115337013809,1.1008555202543737,1.4243262474815177,0.07029892750222769,0.3128821913051139,4
x_aq_vidu_top/vpu_vidu_wbt_fp_wb0_vld,17032,0.011842416320173547,0.9926990371066227,1.2843895210462102,5.871301080319399e-05,0.10958256853178171,1
x_aq_vidu_top/vpu_vidu_wbt_fp_wb1_reg[4:0],101570,0.0706220188844544,0.8551253046175052,1.1063917052175056,0.04298513340553313,0.0511218314221419,5
x_aq_vidu_top/vpu_vidu_wbt_fp_wb1_vld,2,1.3906078346845406e-06,2.0815,2.693119151046924,0.0,0.0012841038901835842,1
x_aq_vidu_top/ctrl_dis_fp_dep_stall_dp,142520,0.09909471429962037,1.277523592001123,1.6529057177672262,0.08759472354757226,-0.052172775447426524,1
x_aq_vidu_top/ctrl_dp_fgpr_reuse_inst_dp_vld,0,0.0,0.0,0.0,0.0,,0
x_aq_vidu_top/ctrl_fgpr_reuse_inst_gateclk_vld,0,0.0,0.0,0.0,0.0,,0
x_aq_vidu_top/ctrl_fgpr_reuse_inst_vld,0,0.0,0.0,0.0,0.0,,0
x_aq_vidu_top/ctrl_split_fp_dis_stall,142520,0.09909471429962037,1.277523592001123,1.6529057177672262,0.08759472354757226,-0.052172775447426524,1
x_aq_vidu_top/ctrl_wbt_fp_dis_inst_gateclk_vld,67260,0.0467661414804411,0.9931468777876897,1.2849689533377306,0.013559322033898305,0.2648989674908191,1
x_aq_vidu_top/ctrl_wbt_fp_dis_inst_vld,41508,0.028860675001042956,1.1260520249108605,1.456926386434113,0.11096656066300473,0.20652453884893995,1
x_aq_vidu_top/dp_ctrl_dis_fp_inst_dstf_vld,67294,0.046789781813630735,1.1702771175736324,1.514146393163364,0.05880167622670669,0.14666613561849648,1
x_aq_vidu_top/dp_ctrl_dis_fp_inst_srcf0_reg[4:0],400331,0.2783517125335484,0.8781372214892178,1.1361653463558719,0.027384839045689693,0.25327994649441005,5
x_aq_vidu_top/dp_ctrl_dis_fp_inst_srcf0_vld,67278,0.04677865695095326,1.0992512836291208,1.4222506287554646,0.07176194298284728,0.20526911813023818,1
x_aq_vidu_top/dp_ctrl_dis_fp_inst_srcf1_reg[4:0],586360,0.4076984049728136,0.9398844573231462,1.2160561286516025,0.029691657002524047,0.19928936165111819,5
x_aq_vidu_top/dp_ctrl_dis_fp_inst_srcf1_vld,92982,0.06465074884231897,1.01592772256996,1.3144436251417946,0.010948355595706696,0.1970610728376852,1
x_aq_vidu_top/dp_ctrl_dis_fp_inst_srcf2_reg[4:0],563930,0.3921027381068265,0.8977683037894774,1.1615647428000742,0.028861738158991363,0.13333275869855224,5
x_aq_vidu_top/dp_ctrl_dis_fp_inst_srcf2_vld,24,1.6687294016214486e-05,0.6494916666666666,0.8403355493372016,0.0,-0.01600230890472349,1
x_aq_vidu_top/dp_ctrl_dis_fp_inst_store,16424,0.011419671538429448,0.6876007446419872,0.8896424375063471,0.0,-0.09769701383533377,1
x_aq_vidu_top/dp_ctrl_dis_fp_inst_wb_type,42880,0.029814631975636552,0.7141620333488806,0.9240083828789251,0.0,-0.08962630594198402,1
x_aq_vidu_top/dp_gpr_fp_src0_reg[4:0],400331,0.2783517125335484,0.8781372214892178,1.1361653463558719,0.027384839045689693,0.25327994649441005,5
x_aq_vidu_top/dp_gpr_fp_src1_reg[4:0],586360,0.4076984049728136,0.9398844573231462,1.2160561286516025,0.029691657002524047,0.19928936165111819,5
x_aq_vidu_top/dp_gpr_fp_src2_reg[4:0],563930,0.3921027381068265,0.8977683037894774,1.1615647428000742,0.028861738158991363,0.13333275869855224,5
x_aq_vidu_top/dp_vec_fgpr_reuse_dstf_reg[4:0],0,0.0,0.0,0.0,0.0,,0
x_aq_vidu_top/dp_vec_fgpr_reuse_dstf_vld,0,0.0,0.0,0.0,0.0,,0
x_aq_vidu_top/dp_vec_fgpr_reuse_srcf0_reg[4:0],0,0.0,0.0,0.0,0.0,,0
x_aq_vidu_top/dp_vec_fgpr_reuse_srcf0_vld,0,0.0,0.0,0.0,0.0,,0
x_aq_vidu_top/dp_vec_fgpr_reuse_srcf1_reg[4:0],0,0.0,0.0,0.0,0.0,,0
x_aq_vidu_top/dp_vec_fgpr_reuse_srcf1_vld,0,0.0,0.0,0.0,0.0,,0
x_aq_vidu_top/dp_vec_fgpr_reuse_srcf2_reg[4:0],0,0.0,0.0,0.0,0.0,,0
x_aq_vidu_top/dp_vec_fgpr_reuse_srcf2_vld,0,0.0,0.0,0.0,0.0,,0
x_aq_vidu_top/dp_wbt_fp_dstv_reg[4:0],453766,0.3155052773567326,0.8313674780393419,1.0756529794212513,0.013817694582670364,-0.013769299670226394,5
x_aq_vidu_top/dp_wbt_fp_dstv_type,42880,0.029814631975636552,0.7141620333488806,0.9240083828789251,0.0,-0.08962630594198402,1
x_aq_vidu_top/dp_wbt_fp_dstv_vld,67294,0.046789781813630735,1.1702771175736324,1.514146393163364,0.05880167622670669,0.14666613561849648,1
x_aq_vidu_top/dp_wbt_fp_srcv0_reg[4:0],400331,0.2783517125335484,0.8781372214892178,1.1361653463558719,0.027384839045689693,0.25327994649441005,5
x_aq_vidu_top/dp_wbt_fp_srcv1_reg[4:0],586360,0.4076984049728136,0.9398844573231462,1.2160561286516025,0.029691657002524047,0.19928936165111819,5
x_aq_vidu_top/dp_wbt_fp_srcv2_reg[4:0],563930,0.3921027381068265,0.8977683037894774,1.1615647428000742,0.028861738158991363,0.13333275869855224,5
x_aq_vidu_top/gpr_fp_dp_src0_data[63:0],371217,0.25810863428404557,1.019745301066492,1.319382944747673,0.03600320028446973,0.2370152684493548,51
x_aq_vidu_top/gpr_fp_dp_src1_data[63:0],333026,0.2315542823768269,1.0777958155999832,1.3944907768006505,0.04051035054320083,0.3130537825971551,50
x_aq_vidu_top/gpr_fp_dp_src2_data[63:0],72424,0.05035669090959659,0.7369647097647188,0.9535113012313727,0.0,0.020354275088576824,41
x_aq_vidu_top/split_fp_ctrl_entry_vld,142520,0.09909471429962037,1.294902221975863,1.6753908108270055,0.0971653101319113,-0.11197381008302926,1
x_aq_vidu_top/split_fp_ctrl_inst_dp_vld,67260,0.0467661414804411,0.9927126076419863,1.2844070790902544,0.01512042818911686,0.2646143069989479,1
x_aq_vidu_top/split_fp_ctrl_inst_gateclk_vld,67260,0.0467661414804411,0.9931468777876897,1.2849689533377306,0.013559322033898305,0.2648989674908191,1
x_aq_vidu_top/split_fp_ctrl_inst_vld,67260,0.0467661414804411,0.9927126076419863,1.2844070790902544,0.01512042818911686,0.2646143069989479,1
x_aq_vidu_top/split_fp_dp_inst_data[179:0],695457,0.4835539764431033,0.8957637712266897,1.1589712068722622,0.025033898573168435,,92
x_aq_vidu_top/split_vec0_ctrl_entry_vld,0,0.0,0.0,0.0,0.0,,0
x_aq_vidu_top/split_vec1_ctrl_entry_vld,0,0.0,0.0,0.0,0.0,,0
x_aq_vidu_top/wbt_ctrl_fp_dstv_info[2:0],206989,0.1439202625467592,1.1537594889873375,1.4927752944962343,0.07443390711583707,0.03797333138683506,2
x_aq_vidu_top/wbt_ctrl_fp_srcv0_info[2:0],194371,0.13514691771773443,1.035659000210937,1.339972657901602,0.05910346708099459,-0.0555436072057261,2
x_aq_vidu_top/wbt_ctrl_fp_srcv1_info[2:0],133045,0.09250670968280235,1.337050710481416,1.729924032821714,0.09196136645495885,0.10410492229080574,2
x_aq_vidu_top/wbt_ctrl_fp_srcv2_info[2:0],7531,0.005236333801504638,0.6796102708803612,0.8793040767504628,0.0,0.02077508389596898,2
x_aq_vidu_top/wbt_ctrl_fp_srcvm_info[2:0],1,6.953039173422703e-07,1.187,1.535783056590295,0.0,0.002476449595952213,1
x_aq_vidu_top/wbt_top_fp_gpr_no_wb,94056,0.06539750524954457,0.8817275615590713,1.140810656757454,0.00603895551586289,0.3364164562729176,1
x_aq_vidu_top/x_aq_vidu_vid_ctrl_fp/ctrl_dis_fp_dep_stall_dp,142520,0.09909471429962037,1.277523592001123,1.6529057177672262,0.08759472354757226,-0.052172775447426524,1
x_aq_vidu_top/x_aq_vidu_vid_ctrl_fp/ctrl_fgpr_reuse_inst_gateclk_vld,0,0.0,0.0,0.0,0.0,,0
x_aq_vidu_top/x_aq_vidu_vid_ctrl_fp/ctrl_fgpr_reuse_inst_vld,0,0.0,0.0,0.0,0.0,,0
x_aq_vidu_top/x_aq_vidu_vid_ctrl_fp/ctrl_split_fp_dis_stall,142520,0.09909471429962037,1.277523592001123,1.6529057177672262,0.08759472354757226,-0.052172775447426524,1
x_aq_vidu_top/x_aq_vidu_vid_ctrl_fp/ctrl_wbt_fp_dis_inst_gateclk_vld,67260,0.0467661414804411,0.9931468777876897,1.2849689533377306,0.013559322033898305,0.2648989674908191,1
x_aq_vidu_top/x_aq_vidu_vid_ctrl_fp/ctrl_wbt_fp_dis_inst_vld,41508,0.028860675001042956,1.1260520249108605,1.456926386434113,0.11096656066300473,0.20652453884893995,1
x_aq_vidu_top/x_aq_vidu_vid_ctrl_fp/dp_ctrl_dis_fp_inst_dstf_vld,67294,0.046789781813630735,1.1702771175736324,1.514146393163364,0.05880167622670669,0.14666613561849648,1
x_aq_vidu_top/x_aq_vidu_vid_ctrl_fp/dp_ctrl_dis_fp_inst_srcf0_reg[4:0],400331,0.2783517125335484,0.8781372214892178,1.1361653463558719,0.027384839045689693,0.25327994649441005,5
x_aq_vidu_top/x_aq_vidu_vid_ctrl_fp/dp_ctrl_dis_fp_inst_srcf0_vld,67278,0.04677865695095326,1.0992512836291208,1.4222506287554646,0.07176194298284728,0.20526911813023818,1
x_aq_vidu_top/x_aq_vidu_vid_ctrl_fp/dp_ctrl_dis_fp_inst_srcf1_reg[4:0],586360,0.4076984049728136,0.9398844573231462,1.2160561286516025,0.029691657002524047,0.19928936165111819,5
x_aq_vidu_top/x_aq_vidu_vid_ctrl_fp/dp_ctrl_dis_fp_inst_srcf1_vld,92982,0.06465074884231897,1.01592772256996,1.3144436251417946,0.010948355595706696,0.1970610728376852,1
x_aq_vidu_top/x_aq_vidu_vid_ctrl_fp/dp_ctrl_dis_fp_inst_srcf2_reg[4:0],563930,0.3921027381068265,0.8977683037894774,1.1615647428000742,0.028861738158991363,0.13333275869855224,5
x_aq_vidu_top/x_aq_vidu_vid_ctrl_fp/dp_ctrl_dis_fp_inst_srcf2_vld,24,1.6687294016214486e-05,0.6494916666666666,0.8403355493372016,0.0,-0.01600230890472349,1
x_aq_vidu_top/x_aq_vidu_vid_ctrl_fp/dp_ctrl_dis_fp_inst_store,16424,0.011419671538429448,0.6876007446419872,0.8896424375063471,0.0,-0.09769701383533377,1
x_aq_vidu_top/x_aq_vidu_vid_ctrl_fp/dp_ctrl_dis_fp_inst_wb_type,42880,0.029814631975636552,0.7141620333488806,0.9240083828789251,0.0,-0.08962630594198402,1
x_aq_vidu_top/x_aq_vidu_vid_ctrl_fp/idu_vidu_ex1_fp_dp_sel,67260,0.0467661414804411,1.135086549955397,1.4686155780834307,0.07438299137674695,0.16733516426442357,1
x_aq_vidu_top/x_aq_vidu_vid_ctrl_fp/idu_vidu_ex1_fp_sel,67260,0.0467661414804411,1.135086549955397,1.4686155780834307,0.07438299137674695,0.16733516426442357,1
x_aq_vidu_top/x_aq_vidu_vid_ctrl_fp/idu_vidu_ex1_inst_data[179:0],678909,0.4720480872189234,0.8802888043493311,1.1389491412180555,0.0308259280698886,,92
x_aq_vidu_top/x_aq_vidu_vid_ctrl_fp/idu_vidu_ex1_vec_dp_sel,0,0.0,0.0,0.0,0.0,,0
x_aq_vidu_top/x_aq_vidu_vid_ctrl_fp/idu_vidu_ex1_vec_sel,0,0.0,0.0,0.0,0.0,,0
x_aq_vidu_top/x_aq_vidu_vid_ctrl_fp/split_fp_ctrl_entry_vld,142520,0.09909471429962037,1.294902221975863,1.6753908108270055,0.0971653101319113,-0.11197381008302926,1
x_aq_vidu_top/x_aq_vidu_vid_ctrl_fp/split_fp_ctrl_inst_dp_vld,67260,0.0467661414804411,0.9927126076419863,1.2844070790902544,0.01512042818911686,0.2646143069989479,1
x_aq_vidu_top/x_aq_vidu_vid_ctrl_fp/split_fp_ctrl_inst_gateclk_vld,67260,0.0467661414804411,0.9931468777876897,1.2849689533377306,0.013559322033898305,0.2648989674908191,1
x_aq_vidu_top/x_aq_vidu_vid_ctrl_fp/split_fp_ctrl_inst_vld,67260,0.0467661414804411,0.9927126076419863,1.2844070790902544,0.01512042818911686,0.2646143069989479,1
x_aq_vidu_top/x_aq_vidu_vid_ctrl_fp/split_vec0_ctrl_entry_vld,0,0.0,0.0,0.0,0.0,,0
x_aq_vidu_top/x_aq_vidu_vid_ctrl_fp/split_vec1_ctrl_entry_vld,0,0.0,0.0,0.0,0.0,,0
x_aq_vidu_top/x_aq_vidu_vid_ctrl_fp/vidu_idu_fp_full,142520,0.09909471429962037,1.294902221975863,1.6753908108270055,0.0971653101319113,-0.11197381008302926,1
x_aq_vidu_top/x_aq_vidu_vid_ctrl_fp/vidu_rtu_no_op,67257,0.046764055568689074,1.2831782609988551,1.6602219307725703,0.08638506029112211,-0.25177114657332844,1
x_aq_vidu_top/x_aq_vidu_vid_ctrl_fp/vidu_vpu_vid_fp_inst_dp_vld,67260,0.0467661414804411,0.9927126076419863,1.2844070790902544,0.01512042818911686,0.2646143069989479,1
x_aq_vidu_top/x_aq_vidu_vid_ctrl_fp/vidu_vpu_vid_fp_inst_gateclk_vld,67260,0.0467661414804411,0.9931468777876897,1.2849689533377306,0.013559322033898305,0.2648989674908191,1
x_aq_vidu_top/x_aq_vidu_vid_ctrl_fp/vidu_vpu_vid_fp_inst_vld,41508,0.028860675001042956,1.1260520249108605,1.456926386434113,0.11096656066300473,0.20652453884893995,1
x_aq_vidu_top/x_aq_vidu_vid_ctrl_fp/vpu_rtu_ex1_cmplt,42262,0.029384934154719027,1.3166706693956747,1.7035556067121138,0.21104065117599735,0.07794428997120122,1
x_aq_vidu_top/x_aq_vidu_vid_ctrl_fp/vpu_rtu_ex1_cmplt_dp,42262,0.029384934154719027,1.3166706693956747,1.7035556067121138,0.21104065117599735,0.07794428997120122,1
x_aq_vidu_top/x_aq_vidu_vid_ctrl_fp/vpu_vidu_fp_fwd_reg[4:0],283035,0.19679534424496947,1.0629382772165987,1.3752675622161166,0.0689137385835674,0.5082159752777992,4
x_aq_vidu_top/x_aq_vidu_vid_ctrl_fp/vpu_vidu_fp_fwd_vld,25032,0.01740484765891171,0.9391055848513902,1.2150483955889508,3.994886545222116e-05,0.13850038625824804,1
x_aq_vidu_top/x_aq_vidu_vid_ctrl_fp/vpu_vidu_vex1_fp_stall,0,0.0,0.0,0.0,0.0,,0
x_aq_vidu_top/x_aq_vidu_vid_ctrl_fp/wbt_ctrl_fp_dstv_info[2:0],206989,0.1439202625467592,1.1537594889873375,1.4927752944962343,0.07443390711583707,0.03797333138683506,2
x_aq_vidu_top/x_aq_vidu_vid_ctrl_fp/wbt_ctrl_fp_srcv0_info[2:0],194371,0.13514691771773443,1.035659000210937,1.339972657901602,0.05910346708099459,-0.0555436072057261,2
x_aq_vidu_top/x_aq_vidu_vid_ctrl_fp/wbt_ctrl_fp_srcv1_info[2:0],133045,0.09250670968280235,1.337050710481416,1.729924032821714,0.09196136645495885,0.10410492229080574,2
x_aq_vidu_top/x_aq_vidu_vid_ctrl_fp/wbt_ctrl_fp_srcv2_info[2:0],7531,0.005236333801504638,0.6796102708803612,0.8793040767504628,0.0,0.02077508389596898,2
x_aq_vidu_top/x_aq_vidu_vid_ctrl_fp/wbt_ctrl_fp_srcvm_info[2:0],1,6.953039173422703e-07,1.187,1.535783056590295,0.0,0.002476449595952213,1
x_aq_vidu_top/x_aq_vidu_vid_ctrl_fp/ctrl_dis_dstf_waw,50176,0.034887569356565756,1.8283611409837375,2.3655990409864565,0.12990274234693877,-0.09299406885023233,1
x_aq_vidu_top/x_aq_vidu_vid_ctrl_fp/ctrl_dis_dstf_waw_except,84,5.840552905675071e-05,0.8698783333333333,1.1254797014560556,0.0,-0.014387621637858563,1
x_aq_vidu_top/x_aq_vidu_vid_ctrl_fp/ctrl_dis_fp_dep_stall,142520,0.09909471429962037,1.277523592001123,1.6529057177672262,0.08759472354757226,-0.052172775447426524,1
x_aq_vidu_top/x_aq_vidu_vid_ctrl_fp/ctrl_dis_fp_inst_dp_vld,67260,0.0467661414804411,0.9927126076419863,1.2844070790902544,0.01512042818911686,0.2646143069989479,1
x_aq_vidu_top/x_aq_vidu_vid_ctrl_fp/ctrl_dis_fp_inst_gateclk_vld,67260,0.0467661414804411,0.9931468777876897,1.2849689533377306,0.013559322033898305,0.2648989674908191,1
x_aq_vidu_top/x_aq_vidu_vid_ctrl_fp/ctrl_dis_fp_inst_vld,67260,0.0467661414804411,0.9927126076419863,1.2844070790902544,0.01512042818911686,0.2646143069989479,1
x_aq_vidu_top/x_aq_vidu_vid_ctrl_fp/ctrl_dis_fp_stall,142520,0.09909471429962037,1.277523592001123,1.6529057177672262,0.08759472354757226,-0.052172775447426524,1
x_aq_vidu_top/x_aq_vidu_vid_ctrl_fp/ctrl_dis_srcf0_raw,117436,0.08165371083700686,1.140415785210668,1.4755107332726713,0.10167240028611328,-0.046079011654508686,1
x_aq_vidu_top/x_aq_vidu_vid_ctrl_fp/ctrl_dis_srcf0_raw_except,0,0.0,0.0,0.0,0.0,,0
x_aq_vidu_top/x_aq_vidu_vid_ctrl_fp/ctrl_dis_srcf1_raw,50180,0.03489035057223512,0.847641483260263,1.0967088694643454,0.061199681147867675,0.03472375933338299,1
x_aq_vidu_top/x_aq_vidu_vid_ctrl_fp/ctrl_dis_srcf1_raw_except,0,0.0,0.0,0.0,0.0,,0
x_aq_vidu_top/x_aq_vidu_vid_ctrl_fp/ctrl_dis_srcf2_raw,0,0.0,0.0,0.0,0.0,,0
x_aq_vidu_top/x_aq_vidu_vid_ctrl_fp/ctrl_dis_srcf2_raw_except,16424,0.011419671538429448,0.6876007446419872,0.8896424375063471,0.0,-0.09769701383533377,1
x_aq_vidu_top/x_aq_vidu_vid_ctrl_fp/ctrl_dis_srcf_raw,142520,0.09909471429962037,1.0942554765085601,1.4157868748129623,0.08769295537468426,-0.037764777697210816,1
x_aq_vidu_top/x_aq_vidu_vid_ctrl_fp/ctrl_pipedown_inst_dp_vld,67260,0.0467661414804411,0.9927126076419863,1.2844070790902544,0.01512042818911686,0.2646143069989479,1
x_aq_vidu_top/x_aq_vidu_vid_ctrl_fp/ctrl_pipedown_inst_gateclk_vld,67260,0.0467661414804411,0.9931468777876897,1.2849689533377306,0.013559322033898305,0.2648989674908191,1
x_aq_vidu_top/x_aq_vidu_vid_ctrl_fp/ctrl_pipedown_inst_vld,41508,0.028860675001042956,1.1260520249108605,1.456926386434113,0.11096656066300473,0.20652453884893995,1
x_aq_vidu_top/x_aq_vidu_vid_ctrl_fp/ctrl_vidu_no_op,67257,0.046764055568689074,1.2831782609988551,1.6602219307725703,0.08638506029112211,-0.25177114657332844,1
x_aq_vidu_top/x_aq_vidu_vid_ctrl_fp/ctrl_wbt_ctrl_fp_srcvm_info[2:0],1,6.953039173422703e-07,1.187,1.535783056590295,0.0,0.002476449595952213,1
x_aq_vidu_top/x_aq_vidu_vid_dp_fp/ctrl_dp_fgpr_reuse_inst_dp_vld,0,0.0,0.0,0.0,0.0,,0
x_aq_vidu_top/x_aq_vidu_vid_dp_fp/dp_ctrl_dis_fp_inst_dstf_vld,67294,0.046789781813630735,1.1702771175736324,1.514146393163364,0.05880167622670669,0.14666613561849648,1
x_aq_vidu_top/x_aq_vidu_vid_dp_fp/dp_ctrl_dis_fp_inst_srcf0_reg[4:0],400331,0.2783517125335484,0.8781372214892178,1.1361653463558719,0.027384839045689693,0.25327994649441005,5
x_aq_vidu_top/x_aq_vidu_vid_dp_fp/dp_ctrl_dis_fp_inst_srcf0_vld,67278,0.04677865695095326,1.0992512836291208,1.4222506287554646,0.07176194298284728,0.20526911813023818,1
x_aq_vidu_top/x_aq_vidu_vid_dp_fp/dp_ctrl_dis_fp_inst_srcf1_reg[4:0],586360,0.4076984049728136,0.9398844573231462,1.2160561286516025,0.029691657002524047,0.19928936165111819,5
x_aq_vidu_top/x_aq_vidu_vid_dp_fp/dp_ctrl_dis_fp_inst_srcf1_vld,92982,0.06465074884231897,1.01592772256996,1.3144436251417946,0.010948355595706696,0.1970610728376852,1
x_aq_vidu_top/x_aq_vidu_vid_dp_fp/dp_ctrl_dis_fp_inst_srcf2_reg[4:0],563930,0.3921027381068265,0.8977683037894774,1.1615647428000742,0.028861738158991363,0.13333275869855224,5
x_aq_vidu_top/x_aq_vidu_vid_dp_fp/dp_ctrl_dis_fp_inst_srcf2_vld,24,1.6687294016214486e-05,0.6494916666666666,0.8403355493372016,0.0,-0.01600230890472349,1
x_aq_vidu_top/x_aq_vidu_vid_dp_fp/dp_ctrl_dis_fp_inst_store,16424,0.011419671538429448,0.6876007446419872,0.8896424375063471,0.0,-0.09769701383533377,1
x_aq_vidu_top/x_aq_vidu_vid_dp_fp/dp_ctrl_dis_fp_inst_wb_type,42880,0.029814631975636552,0.7141620333488806,0.9240083828789251,0.0,-0.08962630594198402,1
x_aq_vidu_top/x_aq_vidu_vid_dp_fp/dp_gpr_fp_src0_reg[4:0],400331,0.2783517125335484,0.8781372214892178,1.1361653463558719,0.027384839045689693,0.25327994649441005,5
x_aq_vidu_top/x_aq_vidu_vid_dp_fp/dp_gpr_fp_src1_reg[4:0],586360,0.4076984049728136,0.9398844573231462,1.2160561286516025,0.029691657002524047,0.19928936165111819,5
x_aq_vidu_top/x_aq_vidu_vid_dp_fp/dp_gpr_fp_src2_reg[4:0],563930,0.3921027381068265,0.8977683037894774,1.1615647428000742,0.028861738158991363,0.13333275869855224,5
x_aq_vidu_top/x_aq_vidu_vid_dp_fp/dp_vec_fgpr_reuse_dstf_reg[4:0],0,0.0,0.0,0.0,0.0,,0
x_aq_vidu_top/x_aq_vidu_vid_dp_fp/dp_vec_fgpr_reuse_dstf_vld,0,0.0,0.0,0.0,0.0,,0
x_aq_vidu_top/x_aq_vidu_vid_dp_fp/dp_vec_fgpr_reuse_srcf0_reg[4:0],0,0.0,0.0,0.0,0.0,,0
x_aq_vidu_top/x_aq_vidu_vid_dp_fp/dp_vec_fgpr_reuse_srcf0_vld,0,0.0,0.0,0.0,0.0,,0
x_aq_vidu_top/x_aq_vidu_vid_dp_fp/dp_vec_fgpr_reuse_srcf1_reg[4:0],0,0.0,0.0,0.0,0.0,,0
x_aq_vidu_top/x_aq_vidu_vid_dp_fp/dp_vec_fgpr_reuse_srcf1_vld,0,0.0,0.0,0.0,0.0,,0
x_aq_vidu_top/x_aq_vidu_vid_dp_fp/dp_vec_fgpr_reuse_srcf2_reg[4:0],0,0.0,0.0,0.0,0.0,,0
x_aq_vidu_top/x_aq_vidu_vid_dp_fp/dp_vec_fgpr_reuse_srcf2_vld,0,0.0,0.0,0.0,0.0,,0
x_aq_vidu_top/x_aq_vidu_vid_dp_fp/dp_wbt_fp_dstv_reg[4:0],453766,0.3155052773567326,0.8313674780393419,1.0756529794212513,0.013817694582670364,-0.013769299670226394,5
x_aq_vidu_top/x_aq_vidu_vid_dp_fp/dp_wbt_fp_dstv_type,42880,0.029814631975636552,0.7141620333488806,0.9240083828789251,0.0,-0.08962630594198402,1
x_aq_vidu_top/x_aq_vidu_vid_dp_fp/dp_wbt_fp_dstv_vld,67294,0.046789781813630735,1.1702771175736324,1.514146393163364,0.05880167622670669,0.14666613561849648,1
x_aq_vidu_top/x_aq_vidu_vid_dp_fp/dp_wbt_fp_srcv0_reg[4:0],400331,0.2783517125335484,0.8781372214892178,1.1361653463558719,0.027384839045689693,0.25327994649441005,5
x_aq_vidu_top/x_aq_vidu_vid_dp_fp/dp_wbt_fp_srcv1_reg[4:0],586360,0.4076984049728136,0.9398844573231462,1.2160561286516025,0.029691657002524047,0.19928936165111819,5
x_aq_vidu_top/x_aq_vidu_vid_dp_fp/dp_wbt_fp_srcv2_reg[4:0],563930,0.3921027381068265,0.8977683037894774,1.1615647428000742,0.028861738158991363,0.13333275869855224,5
x_aq_vidu_top/x_aq_vidu_vid_dp_fp/gpr_fp_dp_src0_data[63:0],371217,0.25810863428404557,1.019745301066492,1.319382944747673,0.03600320028446973,0.2370152684493548,51
x_aq_vidu_top/x_aq_vidu_vid_dp_fp/gpr_fp_dp_src1_data[63:0],333026,0.2315542823768269,1.0777958155999832,1.3944907768006505,0.04051035054320083,0.3130537825971551,50
x_aq_vidu_top/x_aq_vidu_vid_dp_fp/gpr_fp_dp_src2_data[63:0],72424,0.05035669090959659,0.7369647097647188,0.9535113012313727,0.0,0.020354275088576824,41
x_aq_vidu_top/x_aq_vidu_vid_dp_fp/idu_vidu_ex1_inst_data[179:0],678909,0.4720480872189234,0.8802888043493311,1.1389491412180555,0.0308259280698886,,92
x_aq_vidu_top/x_aq_vidu_vid_dp_fp/split_fp_dp_inst_data[179:0],695457,0.4835539764431033,0.8957637712266897,1.1589712068722622,0.025033898573168435,,92
x_aq_vidu_top/x_aq_vidu_vid_dp_fp/vidu_vpu_vid_fp_inst_dst_reg[5:0],366472,0.2548094171962565,0.7883454237704381,1.0199895067962383,0.014014713265952106,-0.0763022385838279,5
x_aq_vidu_top/x_aq_vidu_vid_dp_fp/vidu_vpu_vid_fp_inst_dst_vld,166775,0.11595931081475713,0.8862958257892369,1.1467212404160185,0.01852795682806176,-0.25362833737712065,1
x_aq_vidu_top/x_aq_vidu_vid_dp_fp/vidu_vpu_vid_fp_inst_dste_vld,92368,0.06422383223707083,1.120364081131994,1.4495671213267656,0.08158669669149489,0.10483207759800606,1
x_aq_vidu_top/x_aq_vidu_vid_dp_fp/vidu_vpu_vid_fp_inst_dstf_reg[4:0],453766,0.3155052773567326,0.8313674780393419,1.0756529794212513,0.013817694582670364,-0.013769299670226394,5
x_aq_vidu_top/x_aq_vidu_vid_dp_fp/vidu_vpu_vid_fp_inst_dstf_vld,67294,0.046789781813630735,1.1702771175736324,1.514146393163364,0.05880167622670669,0.14666613561849648,1
x_aq_vidu_top/x_aq_vidu_vid_dp_fp/vidu_vpu_vid_fp_inst_eu[9:0],551137,0.3832077150922668,0.9338522941047326,1.2082515001213356,0.03096326321767546,0.3132034982839387,6
x_aq_vidu_top/x_aq_vidu_vid_dp_fp/vidu_vpu_vid_fp_inst_func[19:0],675199,0.46946850968558357,0.9041175766788753,1.1697796591650325,0.025784990795306273,0.21582442598302656,12
x_aq_vidu_top/x_aq_vidu_vid_dp_fp/vidu_vpu_vid_fp_inst_src1_data[63:0],614054,0.4269541516596905,0.9186465197946762,1.1885777254391783,0.02835255531272494,,60
x_aq_vidu_top/x_aq_vidu_vid_dp_fp/vidu_vpu_vid_fp_inst_srcf0_data[63:0],398182,0.27685750441517987,0.986186171529602,1.275962942610626,0.041056602257259246,0.22760411434633857,51
x_aq_vidu_top/x_aq_vidu_vid_dp_fp/vidu_vpu_vid_fp_inst_srcf1_data[63:0],358146,0.24902031678046474,1.0621729684709587,1.3742773783874607,0.04624091850809446,0.3033685155478282,50
x_aq_vidu_top/x_aq_vidu_vid_dp_fp/vidu_vpu_vid_fp_inst_srcf2_data[63:0],72424,0.05035669090959659,0.7369647097647188,0.9535113012313727,0.0,0.020354275088576824,41
x_aq_vidu_top/x_aq_vidu_vid_dp_fp/vidu_vpu_vid_fp_inst_srcf2_rdy,1,6.953039173422703e-07,0.21599999999999997,0.2794685258833224,0.0,0.0024160844855880353,1
x_aq_vidu_top/x_aq_vidu_vid_dp_fp/vidu_vpu_vid_fp_inst_srcf2_vld,24,1.6687294016214486e-05,0.6494916666666666,0.8403355493372016,0.0,-0.01600230890472349,1
x_aq_vidu_top/x_aq_vidu_vid_dp_fp/vpu_rtu_ex1_fp_dirty,67296,0.046791172421465424,1.0055355408345223,1.3009978487051543,0.03749108416547789,0.2007767919004296,1
x_aq_vidu_top/x_aq_vidu_vid_dp_fp/vpu_rtu_ex1_vec_dirty,0,0.0,0.0,0.0,0.0,,0
x_aq_vidu_top/x_aq_vidu_vid_dp_fp/vpu_vidu_fp_fwd_data[63:0],268230,0.18650136974871717,1.0704289329008687,1.3849592404660354,0.07014502479215598,0.4449736973335189,51
x_aq_vidu_top/x_aq_vidu_vid_dp_fp/vpu_vidu_fp_fwd_reg[4:0],283035,0.19679534424496947,1.0629382772165987,1.3752675622161166,0.0689137385835674,0.5082159752777992,4
x_aq_vidu_top/x_aq_vidu_vid_dp_fp/vpu_vidu_fp_fwd_vld,25032,0.01740484765891171,0.9391055848513902,1.2150483955889508,3.994886545222116e-05,0.13850038625824804,1
x_aq_vidu_top/x_aq_vidu_vid_dp_fp/wbt_ctrl_fp_srcv2_info[2:0],7531,0.005236333801504638,0.6796102708803612,0.8793040767504628,0.0,0.02077508389596898,2
x_aq_vidu_top/x_aq_vidu_vid_dp_fp/dp_dis_fp_inst_dst0_reg[5:0],366472,0.2548094171962565,0.7883454237704381,1.0199895067962383,0.014014713265952106,-0.0763022385838279,5
x_aq_vidu_top/x_aq_vidu_vid_dp_fp/dp_dis_fp_inst_dst0_vld,166775,0.11595931081475713,0.8862958257892369,1.1467212404160185,0.01852795682806176,-0.25362833737712065,1
x_aq_vidu_top/x_aq_vidu_vid_dp_fp/dp_dis_fp_inst_dste_vld,92368,0.06422383223707083,1.120364081131994,1.4495671213267656,0.08158669669149489,0.10483207759800606,1
x_aq_vidu_top/x_aq_vidu_vid_dp_fp/dp_dis_fp_inst_dstf_reg[4:0],453766,0.3155052773567326,0.8313674780393419,1.0756529794212513,0.013817694582670364,-0.013769299670226394,5
x_aq_vidu_top/x_aq_vidu_vid_dp_fp/dp_dis_fp_inst_dstf_vld,67294,0.046789781813630735,1.1702771175736324,1.514146393163364,0.05880167622670669,0.14666613561849648,1
x_aq_vidu_top/x_aq_vidu_vid_dp_fp/dp_dis_fp_inst_eu[9:0],551137,0.3832077150922668,0.9338522941047326,1.2082515001213356,0.03096326321767546,0.3132034982839387,6
x_aq_vidu_top/x_aq_vidu_vid_dp_fp/dp_dis_fp_inst_func[19:0],675199,0.46946850968558357,0.9041175766788753,1.1697796591650325,0.025784990795306273,0.21582442598302656,12
x_aq_vidu_top/x_aq_vidu_vid_dp_fp/dp_dis_fp_inst_src1_data[63:0],614054,0.4269541516596905,0.9186465197946762,1.1885777254391783,0.02835255531272494,,60
x_aq_vidu_top/x_aq_vidu_vid_dp_fp/dp_dis_fp_inst_srcf0_data[63:0],398182,0.27685750441517987,0.986186171529602,1.275962942610626,0.041056602257259246,0.22760411434633857,51
x_aq_vidu_top/x_aq_vidu_vid_dp_fp/dp_dis_fp_inst_srcf0_fwd_vld,0,0.0,0.0,0.0,0.0,,0
x_aq_vidu_top/x_aq_vidu_vid_dp_fp/dp_dis_fp_inst_srcf1_data[63:0],358146,0.24902031678046474,1.0621729684709587,1.3742773783874607,0.04624091850809446,0.3033685155478282,50
x_aq_vidu_top/x_aq_vidu_vid_dp_fp/dp_dis_fp_inst_srcf1_fwd_vld,0,0.0,0.0,0.0,0.0,,0
x_aq_vidu_top/x_aq_vidu_vid_dp_fp/dp_dis_fp_inst_srcf2_data[63:0],72424,0.05035669090959659,0.7369647097647188,0.9535113012313727,0.0,0.020354275088576824,41
x_aq_vidu_top/x_aq_vidu_vid_dp_fp/dp_dis_fp_inst_srcf2_fwd_vld,0,0.0,0.0,0.0,0.0,,0
x_aq_vidu_top/x_aq_vidu_vid_dp_fp/dp_dis_fp_inst_srcf2_rdy,1,6.953039173422703e-07,0.21599999999999997,0.2794685258833224,0.0,0.0024160844855880353,1
x_aq_vidu_top/x_aq_vidu_vid_dp_fp/dp_dis_fp_inst_srcf2_vld,24,1.6687294016214486e-05,0.6494916666666666,0.8403355493372016,0.0,-0.01600230890472349,1
x_aq_vidu_top/x_aq_vidu_vid_dp_fp/dp_fp_dstf_reg[4:0],453766,0.3155052773567326,0.8313674780393419,1.0756529794212513,0.013817694582670364,-0.013769299670226394,5
x_aq_vidu_top/x_aq_vidu_vid_dp_fp/dp_fp_dstf_vld,67294,0.046789781813630735,1.1702771175736324,1.514146393163364,0.05880167622670669,0.14666613561849648,1
x_aq_vidu_top/x_aq_vidu_vid_dp_fp/dp_fp_inst_data[179:0],695457,0.4835539764431033,0.8957637712266897,1.1589712068722622,0.025033898573168435,,92
x_aq_vidu_top/x_aq_vidu_vid_dp_fp/dp_fp_srcf0_reg[4:0],400331,0.2783517125335484,0.8781372214892178,1.1361653463558719,0.027384839045689693,0.25327994649441005,5
x_aq_vidu_top/x_aq_vidu_vid_dp_fp/dp_fp_srcf0_vld,67278,0.04677865695095326,1.0992512836291208,1.4222506287554646,0.07176194298284728,0.20526911813023818,1
x_aq_vidu_top/x_aq_vidu_vid_dp_fp/dp_fp_srcf1_reg[4:0],586360,0.4076984049728136,0.9398844573231462,1.2160561286516025,0.029691657002524047,0.19928936165111819,5
x_aq_vidu_top/x_aq_vidu_vid_dp_fp/dp_fp_srcf1_vld,92982,0.06465074884231897,1.01592772256996,1.3144436251417946,0.010948355595706696,0.1970610728376852,1
x_aq_vidu_top/x_aq_vidu_vid_dp_fp/dp_fp_srcf2_reg[4:0],563930,0.3921027381068265,0.8977683037894774,1.1615647428000742,0.028861738158991363,0.13333275869855224,5
x_aq_vidu_top/x_aq_vidu_vid_dp_fp/dp_fp_srcf2_vld,24,1.6687294016214486e-05,0.6494916666666666,0.8403355493372016,0.0,-0.01600230890472349,1
x_aq_vidu_top/x_aq_vidu_vid_dp_fp/dp_wb_inst_type,42880,0.029814631975636552,0.7141620333488806,0.9240083828789251,0.0,-0.08962630594198402,1
x_aq_vidu_top/x_aq_vidu_vid_gpr_fp/cp0_idu_icg_en,0,0.0,0.0,0.0,0.0,,0
x_aq_vidu_top/x_aq_vidu_vid_gpr_fp/cp0_yy_clk_en,1,6.953039173422703e-07,1.187,1.535783056590295,0.0,0.002476449595952213,1
x_aq_vidu_top/x_aq_vidu_vid_gpr_fp/dp_gpr_fp_src0_reg[4:0],400331,0.2783517125335484,0.8781372214892178,1.1361653463558719,0.027384839045689693,0.25327994649441005,5
x_aq_vidu_top/x_aq_vidu_vid_gpr_fp/dp_gpr_fp_src1_reg[4:0],586360,0.4076984049728136,0.9398844573231462,1.2160561286516025,0.029691657002524047,0.19928936165111819,5
x_aq_vidu_top/x_aq_vidu_vid_gpr_fp/dp_gpr_fp_src2_reg[4:0],563930,0.3921027381068265,0.8977683037894774,1.1615647428000742,0.028861738158991363,0.13333275869855224,5
x_aq_vidu_top/x_aq_vidu_vid_gpr_fp/forever_cpuclk,0,0.0,0.0,0.0,0.0,,0
x_aq_vidu_top/x_aq_vidu_vid_gpr_fp/pad_yy_icg_scan_en,0,0.0,0.0,0.0,0.0,,0
x_aq_vidu_top/x_aq_vidu_vid_gpr_fp/vpu_vidu_fp_wb_data[63:0],262939,0.1828225167220592,1.4066570595689496,1.8199832169495518,0.09232559643111139,0.3657840869718321,45
x_aq_vidu_top/x_aq_vidu_vid_gpr_fp/vpu_vidu_fp_wb_reg[4:0],155991,0.10846115337013809,1.1008555202543737,1.4243262474815177,0.07029892750222769,0.3128821913051139,4
x_aq_vidu_top/x_aq_vidu_vid_gpr_fp/vpu_vidu_fp_wb_vld,25032,0.01740484765891171,1.1938123202301056,1.5445970801669282,3.994886545222116e-05,0.23896515829560902,1
x_aq_vidu_top/x_aq_vidu_vid_gpr_fp/read_data_0[63:0],0,0.0,0.0,0.0,0.0,,0
x_aq_vidu_top/x_aq_vidu_vid_gpr_fp/read_data_1[63:0],0,0.0,0.0,0.0,0.0,,0
x_aq_vidu_top/x_aq_vidu_vid_gpr_fp/read_data_10[63:0],89322,0.06210593650484627,1.3545119434853676,1.7525160006352307,0.06838180963256532,0.21932941919011695,51
x_aq_vidu_top/x_aq_vidu_vid_gpr_fp/read_data_11[63:0],0,0.0,0.0,0.0,0.0,,0
x_aq_vidu_top/x_aq_vidu_vid_gpr_fp/read_data_12[63:0],0,0.0,0.0,0.0,0.0,,0
x_aq_vidu_top/x_aq_vidu_vid_gpr_fp/read_data_13[63:0],0,0.0,0.0,0.0,0.0,,0
x_aq_vidu_top/x_aq_vidu_vid_gpr_fp/read_data_14[63:0],68964,0.04795093935559233,1.6625707753320575,2.151093535920104,0.14862826982193608,0.3076379225754752,35
x_aq_vidu_top/x_aq_vidu_vid_gpr_fp/read_data_15[63:0],129064,0.08973870478786278,1.1527789850771708,1.491506683466618,0.0510986797247877,0.28054765449540553,44
x_aq_vidu_top/x_aq_vidu_vid_gpr_fp/read_data_16[63:0],0,0.0,0.0,0.0,0.0,,0
x_aq_vidu_top/x_aq_vidu_vid_gpr_fp/read_data_17[63:0],0,0.0,0.0,0.0,0.0,,0
x_aq_vidu_top/x_aq_vidu_vid_gpr_fp/read_data_18[63:0],0,0.0,0.0,0.0,0.0,,0
x_aq_vidu_top/x_aq_vidu_vid_gpr_fp/read_data_19[63:0],0,0.0,0.0,0.0,0.0,,0
x_aq_vidu_top/x_aq_vidu_vid_gpr_fp/read_data_2[63:0],0,0.0,0.0,0.0,0.0,,0
x_aq_vidu_top/x_aq_vidu_vid_gpr_fp/read_data_20[63:0],0,0.0,0.0,0.0,0.0,,0
x_aq_vidu_top/x_aq_vidu_vid_gpr_fp/read_data_21[63:0],0,0.0,0.0,0.0,0.0,,0
x_aq_vidu_top/x_aq_vidu_vid_gpr_fp/read_data_22[63:0],0,0.0,0.0,0.0,0.0,,0
x_aq_vidu_top/x_aq_vidu_vid_gpr_fp/read_data_23[63:0],0,0.0,0.0,0.0,0.0,,0
x_aq_vidu_top/x_aq_vidu_vid_gpr_fp/read_data_24[63:0],0,0.0,0.0,0.0,0.0,,0
x_aq_vidu_top/x_aq_vidu_vid_gpr_fp/read_data_25[63:0],0,0.0,0.0,0.0,0.0,,0
x_aq_vidu_top/x_aq_vidu_vid_gpr_fp/read_data_26[63:0],0,0.0,0.0,0.0,0.0,,0
x_aq_vidu_top/x_aq_vidu_vid_gpr_fp/read_data_27[63:0],0,0.0,0.0,0.0,0.0,,0
x_aq_vidu_top/x_aq_vidu_vid_gpr_fp/read_data_28[63:0],0,0.0,0.0,0.0,0.0,,0
x_aq_vidu_top/x_aq_vidu_vid_gpr_fp/read_data_29[63:0],0,0.0,0.0,0.0,0.0,,0
x_aq_vidu_top/x_aq_vidu_vid_gpr_fp/read_data_3[63:0],0,0.0,0.0,0.0,0.0,,0
x_aq_vidu_top/x_aq_vidu_vid_gpr_fp/read_data_30[63:0],0,0.0,0.0,0.0,0.0,,0
x_aq_vidu_top/x_aq_vidu_vid_gpr_fp/read_data_31[63:0],0,0.0,0.0,0.0,0.0,,0
x_aq_vidu_top/x_aq_vidu_vid_gpr_fp/read_data_4[63:0],0,0.0,0.0,0.0,0.0,,0
x_aq_vidu_top/x_aq_vidu_vid_gpr_fp/read_data_5[63:0],0,0.0,0.0,0.0,0.0,,0
x_aq_vidu_top/x_aq_vidu_vid_gpr_fp/read_data_6[63:0],0,0.0,0.0,0.0,0.0,,0
x_aq_vidu_top/x_aq_vidu_vid_gpr_fp/read_data_7[63:0],0,0.0,0.0,0.0,0.0,,0
x_aq_vidu_top/x_aq_vidu_vid_gpr_fp/read_data_8[63:0],0,0.0,0.0,0.0,0.0,,0
x_aq_vidu_top/x_aq_vidu_vid_gpr_fp/read_data_9[63:0],0,0.0,0.0,0.0,0.0,,0
x_aq_vidu_top/x_aq_vidu_vid_gpr_fp/vpu_vidu_fp_wb_reg_expand[31:0],203016,0.14115782008315836,1.2694027884009143,1.642398731604549,0.08573708476179218,0.007767082005973386,3
x_aq_vidu_top/x_aq_vidu_vid_gpr_fp/wb_vld[31:0],283036,0.19679603954888683,1.1506097241905624,1.4887000161414474,0.05433231108410238,0.46884853226336815,2
x_aq_vidu_top/x_aq_vidu_vid_gpr_fp/x_aq_vidu_vid_gpr_reg_fp_0/cp0_idu_icg_en,0,0.0,0.0,0.0,0.0,,0
x_aq_vidu_top/x_aq_vidu_vid_gpr_fp/x_aq_vidu_vid_gpr_reg_fp_0/cp0_yy_clk_en,1,6.953039173422703e-07,1.187,1.535783056590295,0.0,0.002476449595952213,1
x_aq_vidu_top/x_aq_vidu_vid_gpr_fp/x_aq_vidu_vid_gpr_reg_fp_0/forever_cpuclk,0,0.0,0.0,0.0,0.0,,0
x_aq_vidu_top/x_aq_vidu_vid_gpr_fp/x_aq_vidu_vid_gpr_reg_fp_0/pad_yy_icg_scan_en,0,0.0,0.0,0.0,0.0,,0
x_aq_vidu_top/x_aq_vidu_vid_gpr_fp/x_aq_vidu_vid_gpr_reg_fp_0/read_data_y[63:0],0,0.0,0.0,0.0,0.0,,0
x_aq_vidu_top/x_aq_vidu_vid_gpr_fp/x_aq_vidu_vid_gpr_reg_fp_0/vpu_vidu_fp_wb_data[63:0],262939,0.1828225167220592,1.4066570595689496,1.8199832169495518,0.09232559643111139,0.3657840869718321,45
x_aq_vidu_top/x_aq_vidu_vid_gpr_fp/x_aq_vidu_vid_gpr_reg_fp_0/wb_vld_x,0,0.0,0.0,0.0,0.0,,0
x_aq_vidu_top/x_aq_vidu_vid_gpr_fp/x_aq_vidu_vid_gpr_reg_fp_0/reg_clk,0,0.0,0.0,0.0,0.0,,0
x_aq_vidu_top/x_aq_vidu_vid_gpr_fp/x_aq_vidu_vid_gpr_reg_fp_0/reg_clk_en,0,0.0,0.0,0.0,0.0,,0
x_aq_vidu_top/x_aq_vidu_vid_gpr_fp/x_aq_vidu_vid_gpr_reg_fp_0/write_data[63:0],0,0.0,0.0,0.0,0.0,,0
x_aq_vidu_top/x_aq_vidu_vid_gpr_fp/x_aq_vidu_vid_gpr_reg_fp_0/write_en,0,0.0,0.0,0.0,0.0,,0
x_aq_vidu_top/x_aq_vidu_vid_gpr_fp/x_aq_vidu_vid_gpr_reg_fp_0/x_reg_gated_clk/clk_in,0,0.0,0.0,0.0,0.0,,0
x_aq_vidu_top/x_aq_vidu_vid_gpr_fp/x_aq_vidu_vid_gpr_reg_fp_0/x_reg_gated_clk/global_en,1,6.953039173422703e-07,1.187,1.535783056590295,0.0,0.002476449595952213,1
x_aq_vidu_top/x_aq_vidu_vid_gpr_fp/x_aq_vidu_vid_gpr_reg_fp_0/x_reg_gated_clk/module_en,0,0.0,0.0,0.0,0.0,,0
x_aq_vidu_top/x_aq_vidu_vid_gpr_fp/x_aq_vidu_vid_gpr_reg_fp_0/x_reg_gated_clk/local_en,0,0.0,0.0,0.0,0.0,,0
x_aq_vidu_top/x_aq_vidu_vid_gpr_fp/x_aq_vidu_vid_gpr_reg_fp_0/x_reg_gated_clk/external_en,0,0.0,0.0,0.0,0.0,,0
x_aq_vidu_top/x_aq_vidu_vid_gpr_fp/x_aq_vidu_vid_gpr_reg_fp_0/x_reg_gated_clk/pad_yy_icg_scan_en,0,0.0,0.0,0.0,0.0,,0
x_aq_vidu_top/x_aq_vidu_vid_gpr_fp/x_aq_vidu_vid_gpr_reg_fp_0/x_reg_gated_clk/clk_out,0,0.0,0.0,0.0,0.0,,0
x_aq_vidu_top/x_aq_vidu_vid_gpr_fp/x_aq_vidu_vid_gpr_reg_fp_0/x_reg_gated_clk/clk_en_bf_latch,0,0.0,0.0,0.0,0.0,,0
x_aq_vidu_top/x_aq_vidu_vid_gpr_fp/x_aq_vidu_vid_gpr_reg_fp_0/x_reg_gated_clk/SE,0,0.0,0.0,0.0,0.0,,0
x_aq_vidu_top/x_aq_vidu_vid_gpr_fp/x_aq_vidu_vid_gpr_reg_fp_1/cp0_idu_icg_en,0,0.0,0.0,0.0,0.0,,0
x_aq_vidu_top/x_aq_vidu_vid_gpr_fp/x_aq_vidu_vid_gpr_reg_fp_1/cp0_yy_clk_en,1,6.953039173422703e-07,1.187,1.535783056590295,0.0,0.002476449595952213,1
x_aq_vidu_top/x_aq_vidu_vid_gpr_fp/x_aq_vidu_vid_gpr_reg_fp_1/forever_cpuclk,0,0.0,0.0,0.0,0.0,,0
x_aq_vidu_top/x_aq_vidu_vid_gpr_fp/x_aq_vidu_vid_gpr_reg_fp_1/pad_yy_icg_scan_en,0,0.0,0.0,0.0,0.0,,0
x_aq_vidu_top/x_aq_vidu_vid_gpr_fp/x_aq_vidu_vid_gpr_reg_fp_1/read_data_y[63:0],0,0.0,0.0,0.0,0.0,,0
x_aq_vidu_top/x_aq_vidu_vid_gpr_fp/x_aq_vidu_vid_gpr_reg_fp_1/vpu_vidu_fp_wb_data[63:0],262939,0.1828225167220592,1.4066570595689496,1.8199832169495518,0.09232559643111139,0.3657840869718321,45
x_aq_vidu_top/x_aq_vidu_vid_gpr_fp/x_aq_vidu_vid_gpr_reg_fp_1/wb_vld_x,0,0.0,0.0,0.0,0.0,,0
x_aq_vidu_top/x_aq_vidu_vid_gpr_fp/x_aq_vidu_vid_gpr_reg_fp_1/reg_clk,0,0.0,0.0,0.0,0.0,,0
x_aq_vidu_top/x_aq_vidu_vid_gpr_fp/x_aq_vidu_vid_gpr_reg_fp_1/reg_clk_en,0,0.0,0.0,0.0,0.0,,0
x_aq_vidu_top/x_aq_vidu_vid_gpr_fp/x_aq_vidu_vid_gpr_reg_fp_1/write_data[63:0],0,0.0,0.0,0.0,0.0,,0
x_aq_vidu_top/x_aq_vidu_vid_gpr_fp/x_aq_vidu_vid_gpr_reg_fp_1/write_en,0,0.0,0.0,0.0,0.0,,0
x_aq_vidu_top/x_aq_vidu_vid_gpr_fp/x_aq_vidu_vid_gpr_reg_fp_1/x_reg_gated_clk/clk_in,0,0.0,0.0,0.0,0.0,,0
x_aq_vidu_top/x_aq_vidu_vid_gpr_fp/x_aq_vidu_vid_gpr_reg_fp_1/x_reg_gated_clk/global_en,1,6.953039173422703e-07,1.187,1.535783056590295,0.0,0.002476449595952213,1
x_aq_vidu_top/x_aq_vidu_vid_gpr_fp/x_aq_vidu_vid_gpr_reg_fp_1/x_reg_gated_clk/module_en,0,0.0,0.0,0.0,0.0,,0
x_aq_vidu_top/x_aq_vidu_vid_gpr_fp/x_aq_vidu_vid_gpr_reg_fp_1/x_reg_gated_clk/local_en,0,0.0,0.0,0.0,0.0,,0
x_aq_vidu_top/x_aq_vidu_vid_gpr_fp/x_aq_vidu_vid_gpr_reg_fp_1/x_reg_gated_clk/external_en,0,0.0,0.0,0.0,0.0,,0
x_aq_vidu_top/x_aq_vidu_vid_gpr_fp/x_aq_vidu_vid_gpr_reg_fp_1/x_reg_gated_clk/pad_yy_icg_scan_en,0,0.0,0.0,0.0,0.0,,0
x_aq_vidu_top/x_aq_vidu_vid_gpr_fp/x_aq_vidu_vid_gpr_reg_fp_1/x_reg_gated_clk/clk_out,0,0.0,0.0,0.0,0.0,,0
x_aq_vidu_top/x_aq_vidu_vid_gpr_fp/x_aq_vidu_vid_gpr_reg_fp_1/x_reg_gated_clk/clk_en_bf_latch,0,0.0,0.0,0.0,0.0,,0
x_aq_vidu_top/x_aq_vidu_vid_gpr_fp/x_aq_vidu_vid_gpr_reg_fp_1/x_reg_gated_clk/SE,0,0.0,0.0,0.0,0.0,,0
x_aq_vidu_top/x_aq_vidu_vid_gpr_fp/x_aq_vidu_vid_gpr_reg_fp_2/cp0_idu_icg_en,0,0.0,0.0,0.0,0.0,,0
x_aq_vidu_top/x_aq_vidu_vid_gpr_fp/x_aq_vidu_vid_gpr_reg_fp_2/cp0_yy_clk_en,1,6.953039173422703e-07,1.187,1.535783056590295,0.0,0.002476449595952213,1
x_aq_vidu_top/x_aq_vidu_vid_gpr_fp/x_aq_vidu_vid_gpr_reg_fp_2/forever_cpuclk,0,0.0,0.0,0.0,0.0,,0
x_aq_vidu_top/x_aq_vidu_vid_gpr_fp/x_aq_vidu_vid_gpr_reg_fp_2/pad_yy_icg_scan_en,0,0.0,0.0,0.0,0.0,,0
x_aq_vidu_top/x_aq_vidu_vid_gpr_fp/x_aq_vidu_vid_gpr_reg_fp_2/read_data_y[63:0],0,0.0,0.0,0.0,0.0,,0
x_aq_vidu_top/x_aq_vidu_vid_gpr_fp/x_aq_vidu_vid_gpr_reg_fp_2/vpu_vidu_fp_wb_data[63:0],262939,0.1828225167220592,1.4066570595689496,1.8199832169495518,0.09232559643111139,0.3657840869718321,45
x_aq_vidu_top/x_aq_vidu_vid_gpr_fp/x_aq_vidu_vid_gpr_reg_fp_2/wb_vld_x,0,0.0,0.0,0.0,0.0,,0
x_aq_vidu_top/x_aq_vidu_vid_gpr_fp/x_aq_vidu_vid_gpr_reg_fp_2/reg_clk,0,0.0,0.0,0.0,0.0,,0
x_aq_vidu_top/x_aq_vidu_vid_gpr_fp/x_aq_vidu_vid_gpr_reg_fp_2/reg_clk_en,0,0.0,0.0,0.0,0.0,,0
x_aq_vidu_top/x_aq_vidu_vid_gpr_fp/x_aq_vidu_vid_gpr_reg_fp_2/write_data[63:0],0,0.0,0.0,0.0,0.0,,0
x_aq_vidu_top/x_aq_vidu_vid_gpr_fp/x_aq_vidu_vid_gpr_reg_fp_2/write_en,0,0.0,0.0,0.0,0.0,,0
x_aq_vidu_top/x_aq_vidu_vid_gpr_fp/x_aq_vidu_vid_gpr_reg_fp_2/x_reg_gated_clk/clk_in,0,0.0,0.0,0.0,0.0,,0
x_aq_vidu_top/x_aq_vidu_vid_gpr_fp/x_aq_vidu_vid_gpr_reg_fp_2/x_reg_gated_clk/global_en,1,6.953039173422703e-07,1.187,1.535783056590295,0.0,0.002476449595952213,1
x_aq_vidu_top/x_aq_vidu_vid_gpr_fp/x_aq_vidu_vid_gpr_reg_fp_2/x_reg_gated_clk/module_en,0,0.0,0.0,0.0,0.0,,0
x_aq_vidu_top/x_aq_vidu_vid_gpr_fp/x_aq_vidu_vid_gpr_reg_fp_2/x_reg_gated_clk/local_en,0,0.0,0.0,0.0,0.0,,0
x_aq_vidu_top/x_aq_vidu_vid_gpr_fp/x_aq_vidu_vid_gpr_reg_fp_2/x_reg_gated_clk/external_en,0,0.0,0.0,0.0,0.0,,0
x_aq_vidu_top/x_aq_vidu_vid_gpr_fp/x_aq_vidu_vid_gpr_reg_fp_2/x_reg_gated_clk/pad_yy_icg_scan_en,0,0.0,0.0,0.0,0.0,,0
x_aq_vidu_top/x_aq_vidu_vid_gpr_fp/x_aq_vidu_vid_gpr_reg_fp_2/x_reg_gated_clk/clk_out,0,0.0,0.0,0.0,0.0,,0
x_aq_vidu_top/x_aq_vidu_vid_gpr_fp/x_aq_vidu_vid_gpr_reg_fp_2/x_reg_gated_clk/clk_en_bf_latch,0,0.0,0.0,0.0,0.0,,0
x_aq_vidu_top/x_aq_vidu_vid_gpr_fp/x_aq_vidu_vid_gpr_reg_fp_2/x_reg_gated_clk/SE,0,0.0,0.0,0.0,0.0,,0
x_aq_vidu_top/x_aq_vidu_vid_gpr_fp/x_aq_vidu_vid_gpr_reg_fp_3/cp0_idu_icg_en,0,0.0,0.0,0.0,0.0,,0
x_aq_vidu_top/x_aq_vidu_vid_gpr_fp/x_aq_vidu_vid_gpr_reg_fp_3/cp0_yy_clk_en,1,6.953039173422703e-07,1.187,1.535783056590295,0.0,0.002476449595952213,1
x_aq_vidu_top/x_aq_vidu_vid_gpr_fp/x_aq_vidu_vid_gpr_reg_fp_3/forever_cpuclk,0,0.0,0.0,0.0,0.0,,0
x_aq_vidu_top/x_aq_vidu_vid_gpr_fp/x_aq_vidu_vid_gpr_reg_fp_3/pad_yy_icg_scan_en,0,0.0,0.0,0.0,0.0,,0
x_aq_vidu_top/x_aq_vidu_vid_gpr_fp/x_aq_vidu_vid_gpr_reg_fp_3/read_data_y[63:0],0,0.0,0.0,0.0,0.0,,0
x_aq_vidu_top/x_aq_vidu_vid_gpr_fp/x_aq_vidu_vid_gpr_reg_fp_3/vpu_vidu_fp_wb_data[63:0],262939,0.1828225167220592,1.4066570595689496,1.8199832169495518,0.09232559643111139,0.3657840869718321,45
x_aq_vidu_top/x_aq_vidu_vid_gpr_fp/x_aq_vidu_vid_gpr_reg_fp_3/wb_vld_x,0,0.0,0.0,0.0,0.0,,0
x_aq_vidu_top/x_aq_vidu_vid_gpr_fp/x_aq_vidu_vid_gpr_reg_fp_3/reg_clk,0,0.0,0.0,0.0,0.0,,0
x_aq_vidu_top/x_aq_vidu_vid_gpr_fp/x_aq_vidu_vid_gpr_reg_fp_3/reg_clk_en,0,0.0,0.0,0.0,0.0,,0
x_aq_vidu_top/x_aq_vidu_vid_gpr_fp/x_aq_vidu_vid_gpr_reg_fp_3/write_data[63:0],0,0.0,0.0,0.0,0.0,,0
x_aq_vidu_top/x_aq_vidu_vid_gpr_fp/x_aq_vidu_vid_gpr_reg_fp_3/write_en,0,0.0,0.0,0.0,0.0,,0
x_aq_vidu_top/x_aq_vidu_vid_gpr_fp/x_aq_vidu_vid_gpr_reg_fp_3/x_reg_gated_clk/clk_in,0,0.0,0.0,0.0,0.0,,0
x_aq_vidu_top/x_aq_vidu_vid_gpr_fp/x_aq_vidu_vid_gpr_reg_fp_3/x_reg_gated_clk/global_en,1,6.953039173422703e-07,1.187,1.535783056590295,0.0,0.002476449595952213,1
x_aq_vidu_top/x_aq_vidu_vid_gpr_fp/x_aq_vidu_vid_gpr_reg_fp_3/x_reg_gated_clk/module_en,0,0.0,0.0,0.0,0.0,,0
x_aq_vidu_top/x_aq_vidu_vid_gpr_fp/x_aq_vidu_vid_gpr_reg_fp_3/x_reg_gated_clk/local_en,0,0.0,0.0,0.0,0.0,,0
x_aq_vidu_top/x_aq_vidu_vid_gpr_fp/x_aq_vidu_vid_gpr_reg_fp_3/x_reg_gated_clk/external_en,0,0.0,0.0,0.0,0.0,,0
x_aq_vidu_top/x_aq_vidu_vid_gpr_fp/x_aq_vidu_vid_gpr_reg_fp_3/x_reg_gated_clk/pad_yy_icg_scan_en,0,0.0,0.0,0.0,0.0,,0
x_aq_vidu_top/x_aq_vidu_vid_gpr_fp/x_aq_vidu_vid_gpr_reg_fp_3/x_reg_gated_clk/clk_out,0,0.0,0.0,0.0,0.0,,0
x_aq_vidu_top/x_aq_vidu_vid_gpr_fp/x_aq_vidu_vid_gpr_reg_fp_3/x_reg_gated_clk/clk_en_bf_latch,0,0.0,0.0,0.0,0.0,,0
x_aq_vidu_top/x_aq_vidu_vid_gpr_fp/x_aq_vidu_vid_gpr_reg_fp_3/x_reg_gated_clk/SE,0,0.0,0.0,0.0,0.0,,0
x_aq_vidu_top/x_aq_vidu_vid_gpr_fp/x_aq_vidu_vid_gpr_reg_fp_4/cp0_idu_icg_en,0,0.0,0.0,0.0,0.0,,0
x_aq_vidu_top/x_aq_vidu_vid_gpr_fp/x_aq_vidu_vid_gpr_reg_fp_4/cp0_yy_clk_en,1,6.953039173422703e-07,1.187,1.535783056590295,0.0,0.002476449595952213,1
x_aq_vidu_top/x_aq_vidu_vid_gpr_fp/x_aq_vidu_vid_gpr_reg_fp_4/forever_cpuclk,0,0.0,0.0,0.0,0.0,,0
x_aq_vidu_top/x_aq_vidu_vid_gpr_fp/x_aq_vidu_vid_gpr_reg_fp_4/pad_yy_icg_scan_en,0,0.0,0.0,0.0,0.0,,0
x_aq_vidu_top/x_aq_vidu_vid_gpr_fp/x_aq_vidu_vid_gpr_reg_fp_4/read_data_y[63:0],0,0.0,0.0,0.0,0.0,,0
x_aq_vidu_top/x_aq_vidu_vid_gpr_fp/x_aq_vidu_vid_gpr_reg_fp_4/vpu_vidu_fp_wb_data[63:0],262939,0.1828225167220592,1.4066570595689496,1.8199832169495518,0.09232559643111139,0.3657840869718321,45
x_aq_vidu_top/x_aq_vidu_vid_gpr_fp/x_aq_vidu_vid_gpr_reg_fp_4/wb_vld_x,0,0.0,0.0,0.0,0.0,,0
x_aq_vidu_top/x_aq_vidu_vid_gpr_fp/x_aq_vidu_vid_gpr_reg_fp_4/reg_clk,0,0.0,0.0,0.0,0.0,,0
x_aq_vidu_top/x_aq_vidu_vid_gpr_fp/x_aq_vidu_vid_gpr_reg_fp_4/reg_clk_en,0,0.0,0.0,0.0,0.0,,0
x_aq_vidu_top/x_aq_vidu_vid_gpr_fp/x_aq_vidu_vid_gpr_reg_fp_4/write_data[63:0],0,0.0,0.0,0.0,0.0,,0
x_aq_vidu_top/x_aq_vidu_vid_gpr_fp/x_aq_vidu_vid_gpr_reg_fp_4/write_en,0,0.0,0.0,0.0,0.0,,0
x_aq_vidu_top/x_aq_vidu_vid_gpr_fp/x_aq_vidu_vid_gpr_reg_fp_4/x_reg_gated_clk/clk_in,0,0.0,0.0,0.0,0.0,,0
x_aq_vidu_top/x_aq_vidu_vid_gpr_fp/x_aq_vidu_vid_gpr_reg_fp_4/x_reg_gated_clk/global_en,1,6.953039173422703e-07,1.187,1.535783056590295,0.0,0.002476449595952213,1
x_aq_vidu_top/x_aq_vidu_vid_gpr_fp/x_aq_vidu_vid_gpr_reg_fp_4/x_reg_gated_clk/module_en,0,0.0,0.0,0.0,0.0,,0
x_aq_vidu_top/x_aq_vidu_vid_gpr_fp/x_aq_vidu_vid_gpr_reg_fp_4/x_reg_gated_clk/local_en,0,0.0,0.0,0.0,0.0,,0
x_aq_vidu_top/x_aq_vidu_vid_gpr_fp/x_aq_vidu_vid_gpr_reg_fp_4/x_reg_gated_clk/external_en,0,0.0,0.0,0.0,0.0,,0
x_aq_vidu_top/x_aq_vidu_vid_gpr_fp/x_aq_vidu_vid_gpr_reg_fp_4/x_reg_gated_clk/pad_yy_icg_scan_en,0,0.0,0.0,0.0,0.0,,0
x_aq_vidu_top/x_aq_vidu_vid_gpr_fp/x_aq_vidu_vid_gpr_reg_fp_4/x_reg_gated_clk/clk_out,0,0.0,0.0,0.0,0.0,,0
x_aq_vidu_top/x_aq_vidu_vid_gpr_fp/x_aq_vidu_vid_gpr_reg_fp_4/x_reg_gated_clk/clk_en_bf_latch,0,0.0,0.0,0.0,0.0,,0
x_aq_vidu_top/x_aq_vidu_vid_gpr_fp/x_aq_vidu_vid_gpr_reg_fp_4/x_reg_gated_clk/SE,0,0.0,0.0,0.0,0.0,,0
x_aq_vidu_top/x_aq_vidu_vid_gpr_fp/x_aq_vidu_vid_gpr_reg_fp_5/cp0_idu_icg_en,0,0.0,0.0,0.0,0.0,,0
x_aq_vidu_top/x_aq_vidu_vid_gpr_fp/x_aq_vidu_vid_gpr_reg_fp_5/cp0_yy_clk_en,1,6.953039173422703e-07,1.187,1.535783056590295,0.0,0.002476449595952213,1
x_aq_vidu_top/x_aq_vidu_vid_gpr_fp/x_aq_vidu_vid_gpr_reg_fp_5/forever_cpuclk,0,0.0,0.0,0.0,0.0,,0
x_aq_vidu_top/x_aq_vidu_vid_gpr_fp/x_aq_vidu_vid_gpr_reg_fp_5/pad_yy_icg_scan_en,0,0.0,0.0,0.0,0.0,,0
x_aq_vidu_top/x_aq_vidu_vid_gpr_fp/x_aq_vidu_vid_gpr_reg_fp_5/read_data_y[63:0],0,0.0,0.0,0.0,0.0,,0
x_aq_vidu_top/x_aq_vidu_vid_gpr_fp/x_aq_vidu_vid_gpr_reg_fp_5/vpu_vidu_fp_wb_data[63:0],262939,0.1828225167220592,1.4066570595689496,1.8199832169495518,0.09232559643111139,0.3657840869718321,45
x_aq_vidu_top/x_aq_vidu_vid_gpr_fp/x_aq_vidu_vid_gpr_reg_fp_5/wb_vld_x,0,0.0,0.0,0.0,0.0,,0
x_aq_vidu_top/x_aq_vidu_vid_gpr_fp/x_aq_vidu_vid_gpr_reg_fp_5/reg_clk,0,0.0,0.0,0.0,0.0,,0
x_aq_vidu_top/x_aq_vidu_vid_gpr_fp/x_aq_vidu_vid_gpr_reg_fp_5/reg_clk_en,0,0.0,0.0,0.0,0.0,,0
x_aq_vidu_top/x_aq_vidu_vid_gpr_fp/x_aq_vidu_vid_gpr_reg_fp_5/write_data[63:0],0,0.0,0.0,0.0,0.0,,0
x_aq_vidu_top/x_aq_vidu_vid_gpr_fp/x_aq_vidu_vid_gpr_reg_fp_5/write_en,0,0.0,0.0,0.0,0.0,,0
x_aq_vidu_top/x_aq_vidu_vid_gpr_fp/x_aq_vidu_vid_gpr_reg_fp_5/x_reg_gated_clk/clk_in,0,0.0,0.0,0.0,0.0,,0
x_aq_vidu_top/x_aq_vidu_vid_gpr_fp/x_aq_vidu_vid_gpr_reg_fp_5/x_reg_gated_clk/global_en,1,6.953039173422703e-07,1.187,1.535783056590295,0.0,0.002476449595952213,1
x_aq_vidu_top/x_aq_vidu_vid_gpr_fp/x_aq_vidu_vid_gpr_reg_fp_5/x_reg_gated_clk/module_en,0,0.0,0.0,0.0,0.0,,0
x_aq_vidu_top/x_aq_vidu_vid_gpr_fp/x_aq_vidu_vid_gpr_reg_fp_5/x_reg_gated_clk/local_en,0,0.0,0.0,0.0,0.0,,0
x_aq_vidu_top/x_aq_vidu_vid_gpr_fp/x_aq_vidu_vid_gpr_reg_fp_5/x_reg_gated_clk/external_en,0,0.0,0.0,0.0,0.0,,0
x_aq_vidu_top/x_aq_vidu_vid_gpr_fp/x_aq_vidu_vid_gpr_reg_fp_5/x_reg_gated_clk/pad_yy_icg_scan_en,0,0.0,0.0,0.0,0.0,,0
x_aq_vidu_top/x_aq_vidu_vid_gpr_fp/x_aq_vidu_vid_gpr_reg_fp_5/x_reg_gated_clk/clk_out,0,0.0,0.0,0.0,0.0,,0
x_aq_vidu_top/x_aq_vidu_vid_gpr_fp/x_aq_vidu_vid_gpr_reg_fp_5/x_reg_gated_clk/clk_en_bf_latch,0,0.0,0.0,0.0,0.0,,0
x_aq_vidu_top/x_aq_vidu_vid_gpr_fp/x_aq_vidu_vid_gpr_reg_fp_5/x_reg_gated_clk/SE,0,0.0,0.0,0.0,0.0,,0
x_aq_vidu_top/x_aq_vidu_vid_gpr_fp/x_aq_vidu_vid_gpr_reg_fp_6/cp0_idu_icg_en,0,0.0,0.0,0.0,0.0,,0
x_aq_vidu_top/x_aq_vidu_vid_gpr_fp/x_aq_vidu_vid_gpr_reg_fp_6/cp0_yy_clk_en,1,6.953039173422703e-07,1.187,1.535783056590295,0.0,0.002476449595952213,1
x_aq_vidu_top/x_aq_vidu_vid_gpr_fp/x_aq_vidu_vid_gpr_reg_fp_6/forever_cpuclk,0,0.0,0.0,0.0,0.0,,0
x_aq_vidu_top/x_aq_vidu_vid_gpr_fp/x_aq_vidu_vid_gpr_reg_fp_6/pad_yy_icg_scan_en,0,0.0,0.0,0.0,0.0,,0
x_aq_vidu_top/x_aq_vidu_vid_gpr_fp/x_aq_vidu_vid_gpr_reg_fp_6/read_data_y[63:0],0,0.0,0.0,0.0,0.0,,0
x_aq_vidu_top/x_aq_vidu_vid_gpr_fp/x_aq_vidu_vid_gpr_reg_fp_6/vpu_vidu_fp_wb_data[63:0],262939,0.1828225167220592,1.4066570595689496,1.8199832169495518,0.09232559643111139,0.3657840869718321,45
x_aq_vidu_top/x_aq_vidu_vid_gpr_fp/x_aq_vidu_vid_gpr_reg_fp_6/wb_vld_x,0,0.0,0.0,0.0,0.0,,0
x_aq_vidu_top/x_aq_vidu_vid_gpr_fp/x_aq_vidu_vid_gpr_reg_fp_6/reg_clk,0,0.0,0.0,0.0,0.0,,0
x_aq_vidu_top/x_aq_vidu_vid_gpr_fp/x_aq_vidu_vid_gpr_reg_fp_6/reg_clk_en,0,0.0,0.0,0.0,0.0,,0
x_aq_vidu_top/x_aq_vidu_vid_gpr_fp/x_aq_vidu_vid_gpr_reg_fp_6/write_data[63:0],0,0.0,0.0,0.0,0.0,,0
x_aq_vidu_top/x_aq_vidu_vid_gpr_fp/x_aq_vidu_vid_gpr_reg_fp_6/write_en,0,0.0,0.0,0.0,0.0,,0
x_aq_vidu_top/x_aq_vidu_vid_gpr_fp/x_aq_vidu_vid_gpr_reg_fp_6/x_reg_gated_clk/clk_in,0,0.0,0.0,0.0,0.0,,0
x_aq_vidu_top/x_aq_vidu_vid_gpr_fp/x_aq_vidu_vid_gpr_reg_fp_6/x_reg_gated_clk/global_en,1,6.953039173422703e-07,1.187,1.535783056590295,0.0,0.002476449595952213,1
x_aq_vidu_top/x_aq_vidu_vid_gpr_fp/x_aq_vidu_vid_gpr_reg_fp_6/x_reg_gated_clk/module_en,0,0.0,0.0,0.0,0.0,,0
x_aq_vidu_top/x_aq_vidu_vid_gpr_fp/x_aq_vidu_vid_gpr_reg_fp_6/x_reg_gated_clk/local_en,0,0.0,0.0,0.0,0.0,,0
x_aq_vidu_top/x_aq_vidu_vid_gpr_fp/x_aq_vidu_vid_gpr_reg_fp_6/x_reg_gated_clk/external_en,0,0.0,0.0,0.0,0.0,,0
x_aq_vidu_top/x_aq_vidu_vid_gpr_fp/x_aq_vidu_vid_gpr_reg_fp_6/x_reg_gated_clk/pad_yy_icg_scan_en,0,0.0,0.0,0.0,0.0,,0
x_aq_vidu_top/x_aq_vidu_vid_gpr_fp/x_aq_vidu_vid_gpr_reg_fp_6/x_reg_gated_clk/clk_out,0,0.0,0.0,0.0,0.0,,0
x_aq_vidu_top/x_aq_vidu_vid_gpr_fp/x_aq_vidu_vid_gpr_reg_fp_6/x_reg_gated_clk/clk_en_bf_latch,0,0.0,0.0,0.0,0.0,,0
x_aq_vidu_top/x_aq_vidu_vid_gpr_fp/x_aq_vidu_vid_gpr_reg_fp_6/x_reg_gated_clk/SE,0,0.0,0.0,0.0,0.0,,0
x_aq_vidu_top/x_aq_vidu_vid_gpr_fp/x_aq_vidu_vid_gpr_reg_fp_7/cp0_idu_icg_en,0,0.0,0.0,0.0,0.0,,0
x_aq_vidu_top/x_aq_vidu_vid_gpr_fp/x_aq_vidu_vid_gpr_reg_fp_7/cp0_yy_clk_en,1,6.953039173422703e-07,1.187,1.535783056590295,0.0,0.002476449595952213,1
x_aq_vidu_top/x_aq_vidu_vid_gpr_fp/x_aq_vidu_vid_gpr_reg_fp_7/forever_cpuclk,0,0.0,0.0,0.0,0.0,,0
x_aq_vidu_top/x_aq_vidu_vid_gpr_fp/x_aq_vidu_vid_gpr_reg_fp_7/pad_yy_icg_scan_en,0,0.0,0.0,0.0,0.0,,0
x_aq_vidu_top/x_aq_vidu_vid_gpr_fp/x_aq_vidu_vid_gpr_reg_fp_7/read_data_y[63:0],0,0.0,0.0,0.0,0.0,,0
x_aq_vidu_top/x_aq_vidu_vid_gpr_fp/x_aq_vidu_vid_gpr_reg_fp_7/vpu_vidu_fp_wb_data[63:0],262939,0.1828225167220592,1.4066570595689496,1.8199832169495518,0.09232559643111139,0.3657840869718321,45
x_aq_vidu_top/x_aq_vidu_vid_gpr_fp/x_aq_vidu_vid_gpr_reg_fp_7/wb_vld_x,0,0.0,0.0,0.0,0.0,,0
x_aq_vidu_top/x_aq_vidu_vid_gpr_fp/x_aq_vidu_vid_gpr_reg_fp_7/reg_clk,0,0.0,0.0,0.0,0.0,,0
x_aq_vidu_top/x_aq_vidu_vid_gpr_fp/x_aq_vidu_vid_gpr_reg_fp_7/reg_clk_en,0,0.0,0.0,0.0,0.0,,0
x_aq_vidu_top/x_aq_vidu_vid_gpr_fp/x_aq_vidu_vid_gpr_reg_fp_7/write_data[63:0],0,0.0,0.0,0.0,0.0,,0
x_aq_vidu_top/x_aq_vidu_vid_gpr_fp/x_aq_vidu_vid_gpr_reg_fp_7/write_en,0,0.0,0.0,0.0,0.0,,0
x_aq_vidu_top/x_aq_vidu_vid_gpr_fp/x_aq_vidu_vid_gpr_reg_fp_7/x_reg_gated_clk/clk_in,0,0.0,0.0,0.0,0.0,,0
x_aq_vidu_top/x_aq_vidu_vid_gpr_fp/x_aq_vidu_vid_gpr_reg_fp_7/x_reg_gated_clk/global_en,1,6.953039173422703e-07,1.187,1.535783056590295,0.0,0.002476449595952213,1
x_aq_vidu_top/x_aq_vidu_vid_gpr_fp/x_aq_vidu_vid_gpr_reg_fp_7/x_reg_gated_clk/module_en,0,0.0,0.0,0.0,0.0,,0
x_aq_vidu_top/x_aq_vidu_vid_gpr_fp/x_aq_vidu_vid_gpr_reg_fp_7/x_reg_gated_clk/local_en,0,0.0,0.0,0.0,0.0,,0
x_aq_vidu_top/x_aq_vidu_vid_gpr_fp/x_aq_vidu_vid_gpr_reg_fp_7/x_reg_gated_clk/external_en,0,0.0,0.0,0.0,0.0,,0
x_aq_vidu_top/x_aq_vidu_vid_gpr_fp/x_aq_vidu_vid_gpr_reg_fp_7/x_reg_gated_clk/pad_yy_icg_scan_en,0,0.0,0.0,0.0,0.0,,0
x_aq_vidu_top/x_aq_vidu_vid_gpr_fp/x_aq_vidu_vid_gpr_reg_fp_7/x_reg_gated_clk/clk_out,0,0.0,0.0,0.0,0.0,,0
x_aq_vidu_top/x_aq_vidu_vid_gpr_fp/x_aq_vidu_vid_gpr_reg_fp_7/x_reg_gated_clk/clk_en_bf_latch,0,0.0,0.0,0.0,0.0,,0
x_aq_vidu_top/x_aq_vidu_vid_gpr_fp/x_aq_vidu_vid_gpr_reg_fp_7/x_reg_gated_clk/SE,0,0.0,0.0,0.0,0.0,,0
x_aq_vidu_top/x_aq_vidu_vid_gpr_fp/x_aq_vidu_vid_gpr_reg_fp_8/cp0_idu_icg_en,0,0.0,0.0,0.0,0.0,,0
x_aq_vidu_top/x_aq_vidu_vid_gpr_fp/x_aq_vidu_vid_gpr_reg_fp_8/cp0_yy_clk_en,1,6.953039173422703e-07,1.187,1.535783056590295,0.0,0.002476449595952213,1
x_aq_vidu_top/x_aq_vidu_vid_gpr_fp/x_aq_vidu_vid_gpr_reg_fp_8/forever_cpuclk,0,0.0,0.0,0.0,0.0,,0
x_aq_vidu_top/x_aq_vidu_vid_gpr_fp/x_aq_vidu_vid_gpr_reg_fp_8/pad_yy_icg_scan_en,0,0.0,0.0,0.0,0.0,,0
x_aq_vidu_top/x_aq_vidu_vid_gpr_fp/x_aq_vidu_vid_gpr_reg_fp_8/read_data_y[63:0],0,0.0,0.0,0.0,0.0,,0
x_aq_vidu_top/x_aq_vidu_vid_gpr_fp/x_aq_vidu_vid_gpr_reg_fp_8/vpu_vidu_fp_wb_data[63:0],262939,0.1828225167220592,1.4066570595689496,1.8199832169495518,0.09232559643111139,0.3657840869718321,45
x_aq_vidu_top/x_aq_vidu_vid_gpr_fp/x_aq_vidu_vid_gpr_reg_fp_8/wb_vld_x,0,0.0,0.0,0.0,0.0,,0
x_aq_vidu_top/x_aq_vidu_vid_gpr_fp/x_aq_vidu_vid_gpr_reg_fp_8/reg_clk,0,0.0,0.0,0.0,0.0,,0
x_aq_vidu_top/x_aq_vidu_vid_gpr_fp/x_aq_vidu_vid_gpr_reg_fp_8/reg_clk_en,0,0.0,0.0,0.0,0.0,,0
x_aq_vidu_top/x_aq_vidu_vid_gpr_fp/x_aq_vidu_vid_gpr_reg_fp_8/write_data[63:0],0,0.0,0.0,0.0,0.0,,0
x_aq_vidu_top/x_aq_vidu_vid_gpr_fp/x_aq_vidu_vid_gpr_reg_fp_8/write_en,0,0.0,0.0,0.0,0.0,,0
x_aq_vidu_top/x_aq_vidu_vid_gpr_fp/x_aq_vidu_vid_gpr_reg_fp_8/x_reg_gated_clk/clk_in,0,0.0,0.0,0.0,0.0,,0
x_aq_vidu_top/x_aq_vidu_vid_gpr_fp/x_aq_vidu_vid_gpr_reg_fp_8/x_reg_gated_clk/global_en,1,6.953039173422703e-07,1.187,1.535783056590295,0.0,0.002476449595952213,1
x_aq_vidu_top/x_aq_vidu_vid_gpr_fp/x_aq_vidu_vid_gpr_reg_fp_8/x_reg_gated_clk/module_en,0,0.0,0.0,0.0,0.0,,0
x_aq_vidu_top/x_aq_vidu_vid_gpr_fp/x_aq_vidu_vid_gpr_reg_fp_8/x_reg_gated_clk/local_en,0,0.0,0.0,0.0,0.0,,0
x_aq_vidu_top/x_aq_vidu_vid_gpr_fp/x_aq_vidu_vid_gpr_reg_fp_8/x_reg_gated_clk/external_en,0,0.0,0.0,0.0,0.0,,0
x_aq_vidu_top/x_aq_vidu_vid_gpr_fp/x_aq_vidu_vid_gpr_reg_fp_8/x_reg_gated_clk/pad_yy_icg_scan_en,0,0.0,0.0,0.0,0.0,,0
x_aq_vidu_top/x_aq_vidu_vid_gpr_fp/x_aq_vidu_vid_gpr_reg_fp_8/x_reg_gated_clk/clk_out,0,0.0,0.0,0.0,0.0,,0
x_aq_vidu_top/x_aq_vidu_vid_gpr_fp/x_aq_vidu_vid_gpr_reg_fp_8/x_reg_gated_clk/clk_en_bf_latch,0,0.0,0.0,0.0,0.0,,0
x_aq_vidu_top/x_aq_vidu_vid_gpr_fp/x_aq_vidu_vid_gpr_reg_fp_8/x_reg_gated_clk/SE,0,0.0,0.0,0.0,0.0,,0
x_aq_vidu_top/x_aq_vidu_vid_gpr_fp/x_aq_vidu_vid_gpr_reg_fp_9/cp0_idu_icg_en,0,0.0,0.0,0.0,0.0,,0
x_aq_vidu_top/x_aq_vidu_vid_gpr_fp/x_aq_vidu_vid_gpr_reg_fp_9/cp0_yy_clk_en,1,6.953039173422703e-07,1.187,1.535783056590295,0.0,0.002476449595952213,1
x_aq_vidu_top/x_aq_vidu_vid_gpr_fp/x_aq_vidu_vid_gpr_reg_fp_9/forever_cpuclk,0,0.0,0.0,0.0,0.0,,0
x_aq_vidu_top/x_aq_vidu_vid_gpr_fp/x_aq_vidu_vid_gpr_reg_fp_9/pad_yy_icg_scan_en,0,0.0,0.0,0.0,0.0,,0
x_aq_vidu_top/x_aq_vidu_vid_gpr_fp/x_aq_vidu_vid_gpr_reg_fp_9/read_data_y[63:0],0,0.0,0.0,0.0,0.0,,0
x_aq_vidu_top/x_aq_vidu_vid_gpr_fp/x_aq_vidu_vid_gpr_reg_fp_9/vpu_vidu_fp_wb_data[63:0],262939,0.1828225167220592,1.4066570595689496,1.8199832169495518,0.09232559643111139,0.3657840869718321,45
x_aq_vidu_top/x_aq_vidu_vid_gpr_fp/x_aq_vidu_vid_gpr_reg_fp_9/wb_vld_x,0,0.0,0.0,0.0,0.0,,0
x_aq_vidu_top/x_aq_vidu_vid_gpr_fp/x_aq_vidu_vid_gpr_reg_fp_9/reg_clk,0,0.0,0.0,0.0,0.0,,0
x_aq_vidu_top/x_aq_vidu_vid_gpr_fp/x_aq_vidu_vid_gpr_reg_fp_9/reg_clk_en,0,0.0,0.0,0.0,0.0,,0
x_aq_vidu_top/x_aq_vidu_vid_gpr_fp/x_aq_vidu_vid_gpr_reg_fp_9/write_data[63:0],0,0.0,0.0,0.0,0.0,,0
x_aq_vidu_top/x_aq_vidu_vid_gpr_fp/x_aq_vidu_vid_gpr_reg_fp_9/write_en,0,0.0,0.0,0.0,0.0,,0
x_aq_vidu_top/x_aq_vidu_vid_gpr_fp/x_aq_vidu_vid_gpr_reg_fp_9/x_reg_gated_clk/clk_in,0,0.0,0.0,0.0,0.0,,0
x_aq_vidu_top/x_aq_vidu_vid_gpr_fp/x_aq_vidu_vid_gpr_reg_fp_9/x_reg_gated_clk/global_en,1,6.953039173422703e-07,1.187,1.535783056590295,0.0,0.002476449595952213,1
x_aq_vidu_top/x_aq_vidu_vid_gpr_fp/x_aq_vidu_vid_gpr_reg_fp_9/x_reg_gated_clk/module_en,0,0.0,0.0,0.0,0.0,,0
x_aq_vidu_top/x_aq_vidu_vid_gpr_fp/x_aq_vidu_vid_gpr_reg_fp_9/x_reg_gated_clk/local_en,0,0.0,0.0,0.0,0.0,,0
x_aq_vidu_top/x_aq_vidu_vid_gpr_fp/x_aq_vidu_vid_gpr_reg_fp_9/x_reg_gated_clk/external_en,0,0.0,0.0,0.0,0.0,,0
x_aq_vidu_top/x_aq_vidu_vid_gpr_fp/x_aq_vidu_vid_gpr_reg_fp_9/x_reg_gated_clk/pad_yy_icg_scan_en,0,0.0,0.0,0.0,0.0,,0
x_aq_vidu_top/x_aq_vidu_vid_gpr_fp/x_aq_vidu_vid_gpr_reg_fp_9/x_reg_gated_clk/clk_out,0,0.0,0.0,0.0,0.0,,0
x_aq_vidu_top/x_aq_vidu_vid_gpr_fp/x_aq_vidu_vid_gpr_reg_fp_9/x_reg_gated_clk/clk_en_bf_latch,0,0.0,0.0,0.0,0.0,,0
x_aq_vidu_top/x_aq_vidu_vid_gpr_fp/x_aq_vidu_vid_gpr_reg_fp_9/x_reg_gated_clk/SE,0,0.0,0.0,0.0,0.0,,0
x_aq_vidu_top/x_aq_vidu_vid_gpr_fp/x_aq_vidu_vid_gpr_reg_fp_10/cp0_idu_icg_en,0,0.0,0.0,0.0,0.0,,0
x_aq_vidu_top/x_aq_vidu_vid_gpr_fp/x_aq_vidu_vid_gpr_reg_fp_10/cp0_yy_clk_en,1,6.953039173422703e-07,1.187,1.535783056590295,0.0,0.002476449595952213,1
x_aq_vidu_top/x_aq_vidu_vid_gpr_fp/x_aq_vidu_vid_gpr_reg_fp_10/forever_cpuclk,0,0.0,0.0,0.0,0.0,,0
x_aq_vidu_top/x_aq_vidu_vid_gpr_fp/x_aq_vidu_vid_gpr_reg_fp_10/pad_yy_icg_scan_en,0,0.0,0.0,0.0,0.0,,0
x_aq_vidu_top/x_aq_vidu_vid_gpr_fp/x_aq_vidu_vid_gpr_reg_fp_10/read_data_y[63:0],89322,0.06210593650484627,1.3545119434853676,1.7525160006352307,0.06838180963256532,0.21932941919011695,51
x_aq_vidu_top/x_aq_vidu_vid_gpr_fp/x_aq_vidu_vid_gpr_reg_fp_10/vpu_vidu_fp_wb_data[63:0],262939,0.1828225167220592,1.4066570595689496,1.8199832169495518,0.09232559643111139,0.3657840869718321,45
x_aq_vidu_top/x_aq_vidu_vid_gpr_fp/x_aq_vidu_vid_gpr_reg_fp_10/wb_vld_x,0,0.0,0.0,0.0,0.0,,0
x_aq_vidu_top/x_aq_vidu_vid_gpr_fp/x_aq_vidu_vid_gpr_reg_fp_10/reg_clk,0,0.0,0.0,0.0,0.0,,0
x_aq_vidu_top/x_aq_vidu_vid_gpr_fp/x_aq_vidu_vid_gpr_reg_fp_10/reg_clk_en,0,0.0,0.0,0.0,0.0,,0
x_aq_vidu_top/x_aq_vidu_vid_gpr_fp/x_aq_vidu_vid_gpr_reg_fp_10/write_data[63:0],89322,0.06210593650484627,1.3545119434853676,1.7525160006352307,0.06838180963256532,0.21932941919011695,51
x_aq_vidu_top/x_aq_vidu_vid_gpr_fp/x_aq_vidu_vid_gpr_reg_fp_10/write_en,0,0.0,0.0,0.0,0.0,,0
x_aq_vidu_top/x_aq_vidu_vid_gpr_fp/x_aq_vidu_vid_gpr_reg_fp_10/x_reg_gated_clk/clk_in,0,0.0,0.0,0.0,0.0,,0
x_aq_vidu_top/x_aq_vidu_vid_gpr_fp/x_aq_vidu_vid_gpr_reg_fp_10/x_reg_gated_clk/global_en,1,6.953039173422703e-07,1.187,1.535783056590295,0.0,0.002476449595952213,1
x_aq_vidu_top/x_aq_vidu_vid_gpr_fp/x_aq_vidu_vid_gpr_reg_fp_10/x_reg_gated_clk/module_en,0,0.0,0.0,0.0,0.0,,0
x_aq_vidu_top/x_aq_vidu_vid_gpr_fp/x_aq_vidu_vid_gpr_reg_fp_10/x_reg_gated_clk/local_en,0,0.0,0.0,0.0,0.0,,0
x_aq_vidu_top/x_aq_vidu_vid_gpr_fp/x_aq_vidu_vid_gpr_reg_fp_10/x_reg_gated_clk/external_en,0,0.0,0.0,0.0,0.0,,0
x_aq_vidu_top/x_aq_vidu_vid_gpr_fp/x_aq_vidu_vid_gpr_reg_fp_10/x_reg_gated_clk/pad_yy_icg_scan_en,0,0.0,0.0,0.0,0.0,,0
x_aq_vidu_top/x_aq_vidu_vid_gpr_fp/x_aq_vidu_vid_gpr_reg_fp_10/x_reg_gated_clk/clk_out,0,0.0,0.0,0.0,0.0,,0
x_aq_vidu_top/x_aq_vidu_vid_gpr_fp/x_aq_vidu_vid_gpr_reg_fp_10/x_reg_gated_clk/clk_en_bf_latch,0,0.0,0.0,0.0,0.0,,0
x_aq_vidu_top/x_aq_vidu_vid_gpr_fp/x_aq_vidu_vid_gpr_reg_fp_10/x_reg_gated_clk/SE,0,0.0,0.0,0.0,0.0,,0
x_aq_vidu_top/x_aq_vidu_vid_gpr_fp/x_aq_vidu_vid_gpr_reg_fp_11/cp0_idu_icg_en,0,0.0,0.0,0.0,0.0,,0
x_aq_vidu_top/x_aq_vidu_vid_gpr_fp/x_aq_vidu_vid_gpr_reg_fp_11/cp0_yy_clk_en,1,6.953039173422703e-07,1.187,1.535783056590295,0.0,0.002476449595952213,1
x_aq_vidu_top/x_aq_vidu_vid_gpr_fp/x_aq_vidu_vid_gpr_reg_fp_11/forever_cpuclk,0,0.0,0.0,0.0,0.0,,0
x_aq_vidu_top/x_aq_vidu_vid_gpr_fp/x_aq_vidu_vid_gpr_reg_fp_11/pad_yy_icg_scan_en,0,0.0,0.0,0.0,0.0,,0
x_aq_vidu_top/x_aq_vidu_vid_gpr_fp/x_aq_vidu_vid_gpr_reg_fp_11/read_data_y[63:0],0,0.0,0.0,0.0,0.0,,0
x_aq_vidu_top/x_aq_vidu_vid_gpr_fp/x_aq_vidu_vid_gpr_reg_fp_11/vpu_vidu_fp_wb_data[63:0],262939,0.1828225167220592,1.4066570595689496,1.8199832169495518,0.09232559643111139,0.3657840869718321,45
x_aq_vidu_top/x_aq_vidu_vid_gpr_fp/x_aq_vidu_vid_gpr_reg_fp_11/wb_vld_x,0,0.0,0.0,0.0,0.0,,0
x_aq_vidu_top/x_aq_vidu_vid_gpr_fp/x_aq_vidu_vid_gpr_reg_fp_11/reg_clk,0,0.0,0.0,0.0,0.0,,0
x_aq_vidu_top/x_aq_vidu_vid_gpr_fp/x_aq_vidu_vid_gpr_reg_fp_11/reg_clk_en,0,0.0,0.0,0.0,0.0,,0
x_aq_vidu_top/x_aq_vidu_vid_gpr_fp/x_aq_vidu_vid_gpr_reg_fp_11/write_data[63:0],0,0.0,0.0,0.0,0.0,,0
x_aq_vidu_top/x_aq_vidu_vid_gpr_fp/x_aq_vidu_vid_gpr_reg_fp_11/write_en,0,0.0,0.0,0.0,0.0,,0
x_aq_vidu_top/x_aq_vidu_vid_gpr_fp/x_aq_vidu_vid_gpr_reg_fp_11/x_reg_gated_clk/clk_in,0,0.0,0.0,0.0,0.0,,0
x_aq_vidu_top/x_aq_vidu_vid_gpr_fp/x_aq_vidu_vid_gpr_reg_fp_11/x_reg_gated_clk/global_en,1,6.953039173422703e-07,1.187,1.535783056590295,0.0,0.002476449595952213,1
x_aq_vidu_top/x_aq_vidu_vid_gpr_fp/x_aq_vidu_vid_gpr_reg_fp_11/x_reg_gated_clk/module_en,0,0.0,0.0,0.0,0.0,,0
x_aq_vidu_top/x_aq_vidu_vid_gpr_fp/x_aq_vidu_vid_gpr_reg_fp_11/x_reg_gated_clk/local_en,0,0.0,0.0,0.0,0.0,,0
x_aq_vidu_top/x_aq_vidu_vid_gpr_fp/x_aq_vidu_vid_gpr_reg_fp_11/x_reg_gated_clk/external_en,0,0.0,0.0,0.0,0.0,,0
x_aq_vidu_top/x_aq_vidu_vid_gpr_fp/x_aq_vidu_vid_gpr_reg_fp_11/x_reg_gated_clk/pad_yy_icg_scan_en,0,0.0,0.0,0.0,0.0,,0
x_aq_vidu_top/x_aq_vidu_vid_gpr_fp/x_aq_vidu_vid_gpr_reg_fp_11/x_reg_gated_clk/clk_out,0,0.0,0.0,0.0,0.0,,0
x_aq_vidu_top/x_aq_vidu_vid_gpr_fp/x_aq_vidu_vid_gpr_reg_fp_11/x_reg_gated_clk/clk_en_bf_latch,0,0.0,0.0,0.0,0.0,,0
x_aq_vidu_top/x_aq_vidu_vid_gpr_fp/x_aq_vidu_vid_gpr_reg_fp_11/x_reg_gated_clk/SE,0,0.0,0.0,0.0,0.0,,0
x_aq_vidu_top/x_aq_vidu_vid_gpr_fp/x_aq_vidu_vid_gpr_reg_fp_12/cp0_idu_icg_en,0,0.0,0.0,0.0,0.0,,0
x_aq_vidu_top/x_aq_vidu_vid_gpr_fp/x_aq_vidu_vid_gpr_reg_fp_12/cp0_yy_clk_en,1,6.953039173422703e-07,1.187,1.535783056590295,0.0,0.002476449595952213,1
x_aq_vidu_top/x_aq_vidu_vid_gpr_fp/x_aq_vidu_vid_gpr_reg_fp_12/forever_cpuclk,0,0.0,0.0,0.0,0.0,,0
x_aq_vidu_top/x_aq_vidu_vid_gpr_fp/x_aq_vidu_vid_gpr_reg_fp_12/pad_yy_icg_scan_en,0,0.0,0.0,0.0,0.0,,0
x_aq_vidu_top/x_aq_vidu_vid_gpr_fp/x_aq_vidu_vid_gpr_reg_fp_12/read_data_y[63:0],0,0.0,0.0,0.0,0.0,,0
x_aq_vidu_top/x_aq_vidu_vid_gpr_fp/x_aq_vidu_vid_gpr_reg_fp_12/vpu_vidu_fp_wb_data[63:0],262939,0.1828225167220592,1.4066570595689496,1.8199832169495518,0.09232559643111139,0.3657840869718321,45
x_aq_vidu_top/x_aq_vidu_vid_gpr_fp/x_aq_vidu_vid_gpr_reg_fp_12/wb_vld_x,0,0.0,0.0,0.0,0.0,,0
x_aq_vidu_top/x_aq_vidu_vid_gpr_fp/x_aq_vidu_vid_gpr_reg_fp_12/reg_clk,0,0.0,0.0,0.0,0.0,,0
x_aq_vidu_top/x_aq_vidu_vid_gpr_fp/x_aq_vidu_vid_gpr_reg_fp_12/reg_clk_en,0,0.0,0.0,0.0,0.0,,0
x_aq_vidu_top/x_aq_vidu_vid_gpr_fp/x_aq_vidu_vid_gpr_reg_fp_12/write_data[63:0],0,0.0,0.0,0.0,0.0,,0
x_aq_vidu_top/x_aq_vidu_vid_gpr_fp/x_aq_vidu_vid_gpr_reg_fp_12/write_en,0,0.0,0.0,0.0,0.0,,0
x_aq_vidu_top/x_aq_vidu_vid_gpr_fp/x_aq_vidu_vid_gpr_reg_fp_12/x_reg_gated_clk/clk_in,0,0.0,0.0,0.0,0.0,,0
x_aq_vidu_top/x_aq_vidu_vid_gpr_fp/x_aq_vidu_vid_gpr_reg_fp_12/x_reg_gated_clk/global_en,1,6.953039173422703e-07,1.187,1.535783056590295,0.0,0.002476449595952213,1
x_aq_vidu_top/x_aq_vidu_vid_gpr_fp/x_aq_vidu_vid_gpr_reg_fp_12/x_reg_gated_clk/module_en,0,0.0,0.0,0.0,0.0,,0
x_aq_vidu_top/x_aq_vidu_vid_gpr_fp/x_aq_vidu_vid_gpr_reg_fp_12/x_reg_gated_clk/local_en,0,0.0,0.0,0.0,0.0,,0
x_aq_vidu_top/x_aq_vidu_vid_gpr_fp/x_aq_vidu_vid_gpr_reg_fp_12/x_reg_gated_clk/external_en,0,0.0,0.0,0.0,0.0,,0
x_aq_vidu_top/x_aq_vidu_vid_gpr_fp/x_aq_vidu_vid_gpr_reg_fp_12/x_reg_gated_clk/pad_yy_icg_scan_en,0,0.0,0.0,0.0,0.0,,0
x_aq_vidu_top/x_aq_vidu_vid_gpr_fp/x_aq_vidu_vid_gpr_reg_fp_12/x_reg_gated_clk/clk_out,0,0.0,0.0,0.0,0.0,,0
x_aq_vidu_top/x_aq_vidu_vid_gpr_fp/x_aq_vidu_vid_gpr_reg_fp_12/x_reg_gated_clk/clk_en_bf_latch,0,0.0,0.0,0.0,0.0,,0
x_aq_vidu_top/x_aq_vidu_vid_gpr_fp/x_aq_vidu_vid_gpr_reg_fp_12/x_reg_gated_clk/SE,0,0.0,0.0,0.0,0.0,,0
x_aq_vidu_top/x_aq_vidu_vid_gpr_fp/x_aq_vidu_vid_gpr_reg_fp_13/cp0_idu_icg_en,0,0.0,0.0,0.0,0.0,,0
x_aq_vidu_top/x_aq_vidu_vid_gpr_fp/x_aq_vidu_vid_gpr_reg_fp_13/cp0_yy_clk_en,1,6.953039173422703e-07,1.187,1.535783056590295,0.0,0.002476449595952213,1
x_aq_vidu_top/x_aq_vidu_vid_gpr_fp/x_aq_vidu_vid_gpr_reg_fp_13/forever_cpuclk,0,0.0,0.0,0.0,0.0,,0
x_aq_vidu_top/x_aq_vidu_vid_gpr_fp/x_aq_vidu_vid_gpr_reg_fp_13/pad_yy_icg_scan_en,0,0.0,0.0,0.0,0.0,,0
x_aq_vidu_top/x_aq_vidu_vid_gpr_fp/x_aq_vidu_vid_gpr_reg_fp_13/read_data_y[63:0],0,0.0,0.0,0.0,0.0,,0
x_aq_vidu_top/x_aq_vidu_vid_gpr_fp/x_aq_vidu_vid_gpr_reg_fp_13/vpu_vidu_fp_wb_data[63:0],262939,0.1828225167220592,1.4066570595689496,1.8199832169495518,0.09232559643111139,0.3657840869718321,45
x_aq_vidu_top/x_aq_vidu_vid_gpr_fp/x_aq_vidu_vid_gpr_reg_fp_13/wb_vld_x,0,0.0,0.0,0.0,0.0,,0
x_aq_vidu_top/x_aq_vidu_vid_gpr_fp/x_aq_vidu_vid_gpr_reg_fp_13/reg_clk,0,0.0,0.0,0.0,0.0,,0
x_aq_vidu_top/x_aq_vidu_vid_gpr_fp/x_aq_vidu_vid_gpr_reg_fp_13/reg_clk_en,0,0.0,0.0,0.0,0.0,,0
x_aq_vidu_top/x_aq_vidu_vid_gpr_fp/x_aq_vidu_vid_gpr_reg_fp_13/write_data[63:0],0,0.0,0.0,0.0,0.0,,0
x_aq_vidu_top/x_aq_vidu_vid_gpr_fp/x_aq_vidu_vid_gpr_reg_fp_13/write_en,0,0.0,0.0,0.0,0.0,,0
x_aq_vidu_top/x_aq_vidu_vid_gpr_fp/x_aq_vidu_vid_gpr_reg_fp_13/x_reg_gated_clk/clk_in,0,0.0,0.0,0.0,0.0,,0
x_aq_vidu_top/x_aq_vidu_vid_gpr_fp/x_aq_vidu_vid_gpr_reg_fp_13/x_reg_gated_clk/global_en,1,6.953039173422703e-07,1.187,1.535783056590295,0.0,0.002476449595952213,1
x_aq_vidu_top/x_aq_vidu_vid_gpr_fp/x_aq_vidu_vid_gpr_reg_fp_13/x_reg_gated_clk/module_en,0,0.0,0.0,0.0,0.0,,0
x_aq_vidu_top/x_aq_vidu_vid_gpr_fp/x_aq_vidu_vid_gpr_reg_fp_13/x_reg_gated_clk/local_en,0,0.0,0.0,0.0,0.0,,0
x_aq_vidu_top/x_aq_vidu_vid_gpr_fp/x_aq_vidu_vid_gpr_reg_fp_13/x_reg_gated_clk/external_en,0,0.0,0.0,0.0,0.0,,0
x_aq_vidu_top/x_aq_vidu_vid_gpr_fp/x_aq_vidu_vid_gpr_reg_fp_13/x_reg_gated_clk/pad_yy_icg_scan_en,0,0.0,0.0,0.0,0.0,,0
x_aq_vidu_top/x_aq_vidu_vid_gpr_fp/x_aq_vidu_vid_gpr_reg_fp_13/x_reg_gated_clk/clk_out,0,0.0,0.0,0.0,0.0,,0
x_aq_vidu_top/x_aq_vidu_vid_gpr_fp/x_aq_vidu_vid_gpr_reg_fp_13/x_reg_gated_clk/clk_en_bf_latch,0,0.0,0.0,0.0,0.0,,0
x_aq_vidu_top/x_aq_vidu_vid_gpr_fp/x_aq_vidu_vid_gpr_reg_fp_13/x_reg_gated_clk/SE,0,0.0,0.0,0.0,0.0,,0
x_aq_vidu_top/x_aq_vidu_vid_gpr_fp/x_aq_vidu_vid_gpr_reg_fp_14/cp0_idu_icg_en,0,0.0,0.0,0.0,0.0,,0
x_aq_vidu_top/x_aq_vidu_vid_gpr_fp/x_aq_vidu_vid_gpr_reg_fp_14/cp0_yy_clk_en,1,6.953039173422703e-07,1.187,1.535783056590295,0.0,0.002476449595952213,1
x_aq_vidu_top/x_aq_vidu_vid_gpr_fp/x_aq_vidu_vid_gpr_reg_fp_14/forever_cpuclk,0,0.0,0.0,0.0,0.0,,0
x_aq_vidu_top/x_aq_vidu_vid_gpr_fp/x_aq_vidu_vid_gpr_reg_fp_14/pad_yy_icg_scan_en,0,0.0,0.0,0.0,0.0,,0
x_aq_vidu_top/x_aq_vidu_vid_gpr_fp/x_aq_vidu_vid_gpr_reg_fp_14/read_data_y[63:0],68964,0.04795093935559233,1.6625707753320575,2.151093535920104,0.14862826982193608,0.3076379225754752,35
x_aq_vidu_top/x_aq_vidu_vid_gpr_fp/x_aq_vidu_vid_gpr_reg_fp_14/vpu_vidu_fp_wb_data[63:0],262939,0.1828225167220592,1.4066570595689496,1.8199832169495518,0.09232559643111139,0.3657840869718321,45
x_aq_vidu_top/x_aq_vidu_vid_gpr_fp/x_aq_vidu_vid_gpr_reg_fp_14/wb_vld_x,0,0.0,0.0,0.0,0.0,,0
x_aq_vidu_top/x_aq_vidu_vid_gpr_fp/x_aq_vidu_vid_gpr_reg_fp_14/reg_clk,0,0.0,0.0,0.0,0.0,,0
x_aq_vidu_top/x_aq_vidu_vid_gpr_fp/x_aq_vidu_vid_gpr_reg_fp_14/reg_clk_en,0,0.0,0.0,0.0,0.0,,0
x_aq_vidu_top/x_aq_vidu_vid_gpr_fp/x_aq_vidu_vid_gpr_reg_fp_14/write_data[63:0],68964,0.04795093935559233,1.6625707753320575,2.151093535920104,0.14862826982193608,0.3076379225754752,35
x_aq_vidu_top/x_aq_vidu_vid_gpr_fp/x_aq_vidu_vid_gpr_reg_fp_14/write_en,0,0.0,0.0,0.0,0.0,,0
x_aq_vidu_top/x_aq_vidu_vid_gpr_fp/x_aq_vidu_vid_gpr_reg_fp_14/x_reg_gated_clk/clk_in,0,0.0,0.0,0.0,0.0,,0
x_aq_vidu_top/x_aq_vidu_vid_gpr_fp/x_aq_vidu_vid_gpr_reg_fp_14/x_reg_gated_clk/global_en,1,6.953039173422703e-07,1.187,1.535783056590295,0.0,0.002476449595952213,1
x_aq_vidu_top/x_aq_vidu_vid_gpr_fp/x_aq_vidu_vid_gpr_reg_fp_14/x_reg_gated_clk/module_en,0,0.0,0.0,0.0,0.0,,0
x_aq_vidu_top/x_aq_vidu_vid_gpr_fp/x_aq_vidu_vid_gpr_reg_fp_14/x_reg_gated_clk/local_en,0,0.0,0.0,0.0,0.0,,0
x_aq_vidu_top/x_aq_vidu_vid_gpr_fp/x_aq_vidu_vid_gpr_reg_fp_14/x_reg_gated_clk/external_en,0,0.0,0.0,0.0,0.0,,0
x_aq_vidu_top/x_aq_vidu_vid_gpr_fp/x_aq_vidu_vid_gpr_reg_fp_14/x_reg_gated_clk/pad_yy_icg_scan_en,0,0.0,0.0,0.0,0.0,,0
x_aq_vidu_top/x_aq_vidu_vid_gpr_fp/x_aq_vidu_vid_gpr_reg_fp_14/x_reg_gated_clk/clk_out,0,0.0,0.0,0.0,0.0,,0
x_aq_vidu_top/x_aq_vidu_vid_gpr_fp/x_aq_vidu_vid_gpr_reg_fp_14/x_reg_gated_clk/clk_en_bf_latch,0,0.0,0.0,0.0,0.0,,0
x_aq_vidu_top/x_aq_vidu_vid_gpr_fp/x_aq_vidu_vid_gpr_reg_fp_14/x_reg_gated_clk/SE,0,0.0,0.0,0.0,0.0,,0
x_aq_vidu_top/x_aq_vidu_vid_gpr_fp/x_aq_vidu_vid_gpr_reg_fp_15/cp0_idu_icg_en,0,0.0,0.0,0.0,0.0,,0
x_aq_vidu_top/x_aq_vidu_vid_gpr_fp/x_aq_vidu_vid_gpr_reg_fp_15/cp0_yy_clk_en,1,6.953039173422703e-07,1.187,1.535783056590295,0.0,0.002476449595952213,1
x_aq_vidu_top/x_aq_vidu_vid_gpr_fp/x_aq_vidu_vid_gpr_reg_fp_15/forever_cpuclk,0,0.0,0.0,0.0,0.0,,0
x_aq_vidu_top/x_aq_vidu_vid_gpr_fp/x_aq_vidu_vid_gpr_reg_fp_15/pad_yy_icg_scan_en,0,0.0,0.0,0.0,0.0,,0
x_aq_vidu_top/x_aq_vidu_vid_gpr_fp/x_aq_vidu_vid_gpr_reg_fp_15/read_data_y[63:0],129064,0.08973870478786278,1.1527789850771708,1.491506683466618,0.0510986797247877,0.28054765449540553,44
x_aq_vidu_top/x_aq_vidu_vid_gpr_fp/x_aq_vidu_vid_gpr_reg_fp_15/vpu_vidu_fp_wb_data[63:0],262939,0.1828225167220592,1.4066570595689496,1.8199832169495518,0.09232559643111139,0.3657840869718321,45
x_aq_vidu_top/x_aq_vidu_vid_gpr_fp/x_aq_vidu_vid_gpr_reg_fp_15/wb_vld_x,0,0.0,0.0,0.0,0.0,,0
x_aq_vidu_top/x_aq_vidu_vid_gpr_fp/x_aq_vidu_vid_gpr_reg_fp_15/reg_clk,0,0.0,0.0,0.0,0.0,,0
x_aq_vidu_top/x_aq_vidu_vid_gpr_fp/x_aq_vidu_vid_gpr_reg_fp_15/reg_clk_en,0,0.0,0.0,0.0,0.0,,0
x_aq_vidu_top/x_aq_vidu_vid_gpr_fp/x_aq_vidu_vid_gpr_reg_fp_15/write_data[63:0],129064,0.08973870478786278,1.1527789850771708,1.491506683466618,0.0510986797247877,0.28054765449540553,44
x_aq_vidu_top/x_aq_vidu_vid_gpr_fp/x_aq_vidu_vid_gpr_reg_fp_15/write_en,0,0.0,0.0,0.0,0.0,,0
x_aq_vidu_top/x_aq_vidu_vid_gpr_fp/x_aq_vidu_vid_gpr_reg_fp_15/x_reg_gated_clk/clk_in,0,0.0,0.0,0.0,0.0,,0
x_aq_vidu_top/x_aq_vidu_vid_gpr_fp/x_aq_vidu_vid_gpr_reg_fp_15/x_reg_gated_clk/global_en,1,6.953039173422703e-07,1.187,1.535783056590295,0.0,0.002476449595952213,1
x_aq_vidu_top/x_aq_vidu_vid_gpr_fp/x_aq_vidu_vid_gpr_reg_fp_15/x_reg_gated_clk/module_en,0,0.0,0.0,0.0,0.0,,0
x_aq_vidu_top/x_aq_vidu_vid_gpr_fp/x_aq_vidu_vid_gpr_reg_fp_15/x_reg_gated_clk/local_en,0,0.0,0.0,0.0,0.0,,0
x_aq_vidu_top/x_aq_vidu_vid_gpr_fp/x_aq_vidu_vid_gpr_reg_fp_15/x_reg_gated_clk/external_en,0,0.0,0.0,0.0,0.0,,0
x_aq_vidu_top/x_aq_vidu_vid_gpr_fp/x_aq_vidu_vid_gpr_reg_fp_15/x_reg_gated_clk/pad_yy_icg_scan_en,0,0.0,0.0,0.0,0.0,,0
x_aq_vidu_top/x_aq_vidu_vid_gpr_fp/x_aq_vidu_vid_gpr_reg_fp_15/x_reg_gated_clk/clk_out,0,0.0,0.0,0.0,0.0,,0
x_aq_vidu_top/x_aq_vidu_vid_gpr_fp/x_aq_vidu_vid_gpr_reg_fp_15/x_reg_gated_clk/clk_en_bf_latch,0,0.0,0.0,0.0,0.0,,0
x_aq_vidu_top/x_aq_vidu_vid_gpr_fp/x_aq_vidu_vid_gpr_reg_fp_15/x_reg_gated_clk/SE,0,0.0,0.0,0.0,0.0,,0
x_aq_vidu_top/x_aq_vidu_vid_gpr_fp/x_aq_vidu_vid_gpr_reg_fp_16/cp0_idu_icg_en,0,0.0,0.0,0.0,0.0,,0
x_aq_vidu_top/x_aq_vidu_vid_gpr_fp/x_aq_vidu_vid_gpr_reg_fp_16/cp0_yy_clk_en,1,6.953039173422703e-07,1.187,1.535783056590295,0.0,0.002476449595952213,1
x_aq_vidu_top/x_aq_vidu_vid_gpr_fp/x_aq_vidu_vid_gpr_reg_fp_16/forever_cpuclk,0,0.0,0.0,0.0,0.0,,0
x_aq_vidu_top/x_aq_vidu_vid_gpr_fp/x_aq_vidu_vid_gpr_reg_fp_16/pad_yy_icg_scan_en,0,0.0,0.0,0.0,0.0,,0
x_aq_vidu_top/x_aq_vidu_vid_gpr_fp/x_aq_vidu_vid_gpr_reg_fp_16/read_data_y[63:0],0,0.0,0.0,0.0,0.0,,0
x_aq_vidu_top/x_aq_vidu_vid_gpr_fp/x_aq_vidu_vid_gpr_reg_fp_16/vpu_vidu_fp_wb_data[63:0],262939,0.1828225167220592,1.4066570595689496,1.8199832169495518,0.09232559643111139,0.3657840869718321,45
x_aq_vidu_top/x_aq_vidu_vid_gpr_fp/x_aq_vidu_vid_gpr_reg_fp_16/wb_vld_x,0,0.0,0.0,0.0,0.0,,0
x_aq_vidu_top/x_aq_vidu_vid_gpr_fp/x_aq_vidu_vid_gpr_reg_fp_16/reg_clk,0,0.0,0.0,0.0,0.0,,0
x_aq_vidu_top/x_aq_vidu_vid_gpr_fp/x_aq_vidu_vid_gpr_reg_fp_16/reg_clk_en,0,0.0,0.0,0.0,0.0,,0
x_aq_vidu_top/x_aq_vidu_vid_gpr_fp/x_aq_vidu_vid_gpr_reg_fp_16/write_data[63:0],0,0.0,0.0,0.0,0.0,,0
x_aq_vidu_top/x_aq_vidu_vid_gpr_fp/x_aq_vidu_vid_gpr_reg_fp_16/write_en,0,0.0,0.0,0.0,0.0,,0
x_aq_vidu_top/x_aq_vidu_vid_gpr_fp/x_aq_vidu_vid_gpr_reg_fp_16/x_reg_gated_clk/clk_in,0,0.0,0.0,0.0,0.0,,0
x_aq_vidu_top/x_aq_vidu_vid_gpr_fp/x_aq_vidu_vid_gpr_reg_fp_16/x_reg_gated_clk/global_en,1,6.953039173422703e-07,1.187,1.535783056590295,0.0,0.002476449595952213,1
x_aq_vidu_top/x_aq_vidu_vid_gpr_fp/x_aq_vidu_vid_gpr_reg_fp_16/x_reg_gated_clk/module_en,0,0.0,0.0,0.0,0.0,,0
x_aq_vidu_top/x_aq_vidu_vid_gpr_fp/x_aq_vidu_vid_gpr_reg_fp_16/x_reg_gated_clk/local_en,0,0.0,0.0,0.0,0.0,,0
x_aq_vidu_top/x_aq_vidu_vid_gpr_fp/x_aq_vidu_vid_gpr_reg_fp_16/x_reg_gated_clk/external_en,0,0.0,0.0,0.0,0.0,,0
x_aq_vidu_top/x_aq_vidu_vid_gpr_fp/x_aq_vidu_vid_gpr_reg_fp_16/x_reg_gated_clk/pad_yy_icg_scan_en,0,0.0,0.0,0.0,0.0,,0
x_aq_vidu_top/x_aq_vidu_vid_gpr_fp/x_aq_vidu_vid_gpr_reg_fp_16/x_reg_gated_clk/clk_out,0,0.0,0.0,0.0,0.0,,0
x_aq_vidu_top/x_aq_vidu_vid_gpr_fp/x_aq_vidu_vid_gpr_reg_fp_16/x_reg_gated_clk/clk_en_bf_latch,0,0.0,0.0,0.0,0.0,,0
x_aq_vidu_top/x_aq_vidu_vid_gpr_fp/x_aq_vidu_vid_gpr_reg_fp_16/x_reg_gated_clk/SE,0,0.0,0.0,0.0,0.0,,0
x_aq_vidu_top/x_aq_vidu_vid_gpr_fp/x_aq_vidu_vid_gpr_reg_fp_17/cp0_idu_icg_en,0,0.0,0.0,0.0,0.0,,0
x_aq_vidu_top/x_aq_vidu_vid_gpr_fp/x_aq_vidu_vid_gpr_reg_fp_17/cp0_yy_clk_en,1,6.953039173422703e-07,1.187,1.535783056590295,0.0,0.002476449595952213,1
x_aq_vidu_top/x_aq_vidu_vid_gpr_fp/x_aq_vidu_vid_gpr_reg_fp_17/forever_cpuclk,0,0.0,0.0,0.0,0.0,,0
x_aq_vidu_top/x_aq_vidu_vid_gpr_fp/x_aq_vidu_vid_gpr_reg_fp_17/pad_yy_icg_scan_en,0,0.0,0.0,0.0,0.0,,0
x_aq_vidu_top/x_aq_vidu_vid_gpr_fp/x_aq_vidu_vid_gpr_reg_fp_17/read_data_y[63:0],0,0.0,0.0,0.0,0.0,,0
x_aq_vidu_top/x_aq_vidu_vid_gpr_fp/x_aq_vidu_vid_gpr_reg_fp_17/vpu_vidu_fp_wb_data[63:0],262939,0.1828225167220592,1.4066570595689496,1.8199832169495518,0.09232559643111139,0.3657840869718321,45
x_aq_vidu_top/x_aq_vidu_vid_gpr_fp/x_aq_vidu_vid_gpr_reg_fp_17/wb_vld_x,0,0.0,0.0,0.0,0.0,,0
x_aq_vidu_top/x_aq_vidu_vid_gpr_fp/x_aq_vidu_vid_gpr_reg_fp_17/reg_clk,0,0.0,0.0,0.0,0.0,,0
x_aq_vidu_top/x_aq_vidu_vid_gpr_fp/x_aq_vidu_vid_gpr_reg_fp_17/reg_clk_en,0,0.0,0.0,0.0,0.0,,0
x_aq_vidu_top/x_aq_vidu_vid_gpr_fp/x_aq_vidu_vid_gpr_reg_fp_17/write_data[63:0],0,0.0,0.0,0.0,0.0,,0
x_aq_vidu_top/x_aq_vidu_vid_gpr_fp/x_aq_vidu_vid_gpr_reg_fp_17/write_en,0,0.0,0.0,0.0,0.0,,0
x_aq_vidu_top/x_aq_vidu_vid_gpr_fp/x_aq_vidu_vid_gpr_reg_fp_17/x_reg_gated_clk/clk_in,0,0.0,0.0,0.0,0.0,,0
x_aq_vidu_top/x_aq_vidu_vid_gpr_fp/x_aq_vidu_vid_gpr_reg_fp_17/x_reg_gated_clk/global_en,1,6.953039173422703e-07,1.187,1.535783056590295,0.0,0.002476449595952213,1
x_aq_vidu_top/x_aq_vidu_vid_gpr_fp/x_aq_vidu_vid_gpr_reg_fp_17/x_reg_gated_clk/module_en,0,0.0,0.0,0.0,0.0,,0
x_aq_vidu_top/x_aq_vidu_vid_gpr_fp/x_aq_vidu_vid_gpr_reg_fp_17/x_reg_gated_clk/local_en,0,0.0,0.0,0.0,0.0,,0
x_aq_vidu_top/x_aq_vidu_vid_gpr_fp/x_aq_vidu_vid_gpr_reg_fp_17/x_reg_gated_clk/external_en,0,0.0,0.0,0.0,0.0,,0
x_aq_vidu_top/x_aq_vidu_vid_gpr_fp/x_aq_vidu_vid_gpr_reg_fp_17/x_reg_gated_clk/pad_yy_icg_scan_en,0,0.0,0.0,0.0,0.0,,0
x_aq_vidu_top/x_aq_vidu_vid_gpr_fp/x_aq_vidu_vid_gpr_reg_fp_17/x_reg_gated_clk/clk_out,0,0.0,0.0,0.0,0.0,,0
x_aq_vidu_top/x_aq_vidu_vid_gpr_fp/x_aq_vidu_vid_gpr_reg_fp_17/x_reg_gated_clk/clk_en_bf_latch,0,0.0,0.0,0.0,0.0,,0
x_aq_vidu_top/x_aq_vidu_vid_gpr_fp/x_aq_vidu_vid_gpr_reg_fp_17/x_reg_gated_clk/SE,0,0.0,0.0,0.0,0.0,,0
x_aq_vidu_top/x_aq_vidu_vid_gpr_fp/x_aq_vidu_vid_gpr_reg_fp_18/cp0_idu_icg_en,0,0.0,0.0,0.0,0.0,,0
x_aq_vidu_top/x_aq_vidu_vid_gpr_fp/x_aq_vidu_vid_gpr_reg_fp_18/cp0_yy_clk_en,1,6.953039173422703e-07,1.187,1.535783056590295,0.0,0.002476449595952213,1
x_aq_vidu_top/x_aq_vidu_vid_gpr_fp/x_aq_vidu_vid_gpr_reg_fp_18/forever_cpuclk,0,0.0,0.0,0.0,0.0,,0
x_aq_vidu_top/x_aq_vidu_vid_gpr_fp/x_aq_vidu_vid_gpr_reg_fp_18/pad_yy_icg_scan_en,0,0.0,0.0,0.0,0.0,,0
x_aq_vidu_top/x_aq_vidu_vid_gpr_fp/x_aq_vidu_vid_gpr_reg_fp_18/read_data_y[63:0],0,0.0,0.0,0.0,0.0,,0
x_aq_vidu_top/x_aq_vidu_vid_gpr_fp/x_aq_vidu_vid_gpr_reg_fp_18/vpu_vidu_fp_wb_data[63:0],262939,0.1828225167220592,1.4066570595689496,1.8199832169495518,0.09232559643111139,0.3657840869718321,45
x_aq_vidu_top/x_aq_vidu_vid_gpr_fp/x_aq_vidu_vid_gpr_reg_fp_18/wb_vld_x,0,0.0,0.0,0.0,0.0,,0
x_aq_vidu_top/x_aq_vidu_vid_gpr_fp/x_aq_vidu_vid_gpr_reg_fp_18/reg_clk,0,0.0,0.0,0.0,0.0,,0
x_aq_vidu_top/x_aq_vidu_vid_gpr_fp/x_aq_vidu_vid_gpr_reg_fp_18/reg_clk_en,0,0.0,0.0,0.0,0.0,,0
x_aq_vidu_top/x_aq_vidu_vid_gpr_fp/x_aq_vidu_vid_gpr_reg_fp_18/write_data[63:0],0,0.0,0.0,0.0,0.0,,0
x_aq_vidu_top/x_aq_vidu_vid_gpr_fp/x_aq_vidu_vid_gpr_reg_fp_18/write_en,0,0.0,0.0,0.0,0.0,,0
x_aq_vidu_top/x_aq_vidu_vid_gpr_fp/x_aq_vidu_vid_gpr_reg_fp_18/x_reg_gated_clk/clk_in,0,0.0,0.0,0.0,0.0,,0
x_aq_vidu_top/x_aq_vidu_vid_gpr_fp/x_aq_vidu_vid_gpr_reg_fp_18/x_reg_gated_clk/global_en,1,6.953039173422703e-07,1.187,1.535783056590295,0.0,0.002476449595952213,1
x_aq_vidu_top/x_aq_vidu_vid_gpr_fp/x_aq_vidu_vid_gpr_reg_fp_18/x_reg_gated_clk/module_en,0,0.0,0.0,0.0,0.0,,0
x_aq_vidu_top/x_aq_vidu_vid_gpr_fp/x_aq_vidu_vid_gpr_reg_fp_18/x_reg_gated_clk/local_en,0,0.0,0.0,0.0,0.0,,0
x_aq_vidu_top/x_aq_vidu_vid_gpr_fp/x_aq_vidu_vid_gpr_reg_fp_18/x_reg_gated_clk/external_en,0,0.0,0.0,0.0,0.0,,0
x_aq_vidu_top/x_aq_vidu_vid_gpr_fp/x_aq_vidu_vid_gpr_reg_fp_18/x_reg_gated_clk/pad_yy_icg_scan_en,0,0.0,0.0,0.0,0.0,,0
x_aq_vidu_top/x_aq_vidu_vid_gpr_fp/x_aq_vidu_vid_gpr_reg_fp_18/x_reg_gated_clk/clk_out,0,0.0,0.0,0.0,0.0,,0
x_aq_vidu_top/x_aq_vidu_vid_gpr_fp/x_aq_vidu_vid_gpr_reg_fp_18/x_reg_gated_clk/clk_en_bf_latch,0,0.0,0.0,0.0,0.0,,0
x_aq_vidu_top/x_aq_vidu_vid_gpr_fp/x_aq_vidu_vid_gpr_reg_fp_18/x_reg_gated_clk/SE,0,0.0,0.0,0.0,0.0,,0
x_aq_vidu_top/x_aq_vidu_vid_gpr_fp/x_aq_vidu_vid_gpr_reg_fp_19/cp0_idu_icg_en,0,0.0,0.0,0.0,0.0,,0
x_aq_vidu_top/x_aq_vidu_vid_gpr_fp/x_aq_vidu_vid_gpr_reg_fp_19/cp0_yy_clk_en,1,6.953039173422703e-07,1.187,1.535783056590295,0.0,0.002476449595952213,1
x_aq_vidu_top/x_aq_vidu_vid_gpr_fp/x_aq_vidu_vid_gpr_reg_fp_19/forever_cpuclk,0,0.0,0.0,0.0,0.0,,0
x_aq_vidu_top/x_aq_vidu_vid_gpr_fp/x_aq_vidu_vid_gpr_reg_fp_19/pad_yy_icg_scan_en,0,0.0,0.0,0.0,0.0,,0
x_aq_vidu_top/x_aq_vidu_vid_gpr_fp/x_aq_vidu_vid_gpr_reg_fp_19/read_data_y[63:0],0,0.0,0.0,0.0,0.0,,0
x_aq_vidu_top/x_aq_vidu_vid_gpr_fp/x_aq_vidu_vid_gpr_reg_fp_19/vpu_vidu_fp_wb_data[63:0],262939,0.1828225167220592,1.4066570595689496,1.8199832169495518,0.09232559643111139,0.3657840869718321,45
x_aq_vidu_top/x_aq_vidu_vid_gpr_fp/x_aq_vidu_vid_gpr_reg_fp_19/wb_vld_x,0,0.0,0.0,0.0,0.0,,0
x_aq_vidu_top/x_aq_vidu_vid_gpr_fp/x_aq_vidu_vid_gpr_reg_fp_19/reg_clk,0,0.0,0.0,0.0,0.0,,0
x_aq_vidu_top/x_aq_vidu_vid_gpr_fp/x_aq_vidu_vid_gpr_reg_fp_19/reg_clk_en,0,0.0,0.0,0.0,0.0,,0
x_aq_vidu_top/x_aq_vidu_vid_gpr_fp/x_aq_vidu_vid_gpr_reg_fp_19/write_data[63:0],0,0.0,0.0,0.0,0.0,,0
x_aq_vidu_top/x_aq_vidu_vid_gpr_fp/x_aq_vidu_vid_gpr_reg_fp_19/write_en,0,0.0,0.0,0.0,0.0,,0
x_aq_vidu_top/x_aq_vidu_vid_gpr_fp/x_aq_vidu_vid_gpr_reg_fp_19/x_reg_gated_clk/clk_in,0,0.0,0.0,0.0,0.0,,0
x_aq_vidu_top/x_aq_vidu_vid_gpr_fp/x_aq_vidu_vid_gpr_reg_fp_19/x_reg_gated_clk/global_en,1,6.953039173422703e-07,1.187,1.535783056590295,0.0,0.002476449595952213,1
x_aq_vidu_top/x_aq_vidu_vid_gpr_fp/x_aq_vidu_vid_gpr_reg_fp_19/x_reg_gated_clk/module_en,0,0.0,0.0,0.0,0.0,,0
x_aq_vidu_top/x_aq_vidu_vid_gpr_fp/x_aq_vidu_vid_gpr_reg_fp_19/x_reg_gated_clk/local_en,0,0.0,0.0,0.0,0.0,,0
x_aq_vidu_top/x_aq_vidu_vid_gpr_fp/x_aq_vidu_vid_gpr_reg_fp_19/x_reg_gated_clk/external_en,0,0.0,0.0,0.0,0.0,,0
x_aq_vidu_top/x_aq_vidu_vid_gpr_fp/x_aq_vidu_vid_gpr_reg_fp_19/x_reg_gated_clk/pad_yy_icg_scan_en,0,0.0,0.0,0.0,0.0,,0
x_aq_vidu_top/x_aq_vidu_vid_gpr_fp/x_aq_vidu_vid_gpr_reg_fp_19/x_reg_gated_clk/clk_out,0,0.0,0.0,0.0,0.0,,0
x_aq_vidu_top/x_aq_vidu_vid_gpr_fp/x_aq_vidu_vid_gpr_reg_fp_19/x_reg_gated_clk/clk_en_bf_latch,0,0.0,0.0,0.0,0.0,,0
x_aq_vidu_top/x_aq_vidu_vid_gpr_fp/x_aq_vidu_vid_gpr_reg_fp_19/x_reg_gated_clk/SE,0,0.0,0.0,0.0,0.0,,0
x_aq_vidu_top/x_aq_vidu_vid_gpr_fp/x_aq_vidu_vid_gpr_reg_fp_20/cp0_idu_icg_en,0,0.0,0.0,0.0,0.0,,0
x_aq_vidu_top/x_aq_vidu_vid_gpr_fp/x_aq_vidu_vid_gpr_reg_fp_20/cp0_yy_clk_en,1,6.953039173422703e-07,1.187,1.535783056590295,0.0,0.002476449595952213,1
x_aq_vidu_top/x_aq_vidu_vid_gpr_fp/x_aq_vidu_vid_gpr_reg_fp_20/forever_cpuclk,0,0.0,0.0,0.0,0.0,,0
x_aq_vidu_top/x_aq_vidu_vid_gpr_fp/x_aq_vidu_vid_gpr_reg_fp_20/pad_yy_icg_scan_en,0,0.0,0.0,0.0,0.0,,0
x_aq_vidu_top/x_aq_vidu_vid_gpr_fp/x_aq_vidu_vid_gpr_reg_fp_20/read_data_y[63:0],0,0.0,0.0,0.0,0.0,,0
x_aq_vidu_top/x_aq_vidu_vid_gpr_fp/x_aq_vidu_vid_gpr_reg_fp_20/vpu_vidu_fp_wb_data[63:0],262939,0.1828225167220592,1.4066570595689496,1.8199832169495518,0.09232559643111139,0.3657840869718321,45
x_aq_vidu_top/x_aq_vidu_vid_gpr_fp/x_aq_vidu_vid_gpr_reg_fp_20/wb_vld_x,0,0.0,0.0,0.0,0.0,,0
x_aq_vidu_top/x_aq_vidu_vid_gpr_fp/x_aq_vidu_vid_gpr_reg_fp_20/reg_clk,0,0.0,0.0,0.0,0.0,,0
x_aq_vidu_top/x_aq_vidu_vid_gpr_fp/x_aq_vidu_vid_gpr_reg_fp_20/reg_clk_en,0,0.0,0.0,0.0,0.0,,0
x_aq_vidu_top/x_aq_vidu_vid_gpr_fp/x_aq_vidu_vid_gpr_reg_fp_20/write_data[63:0],0,0.0,0.0,0.0,0.0,,0
x_aq_vidu_top/x_aq_vidu_vid_gpr_fp/x_aq_vidu_vid_gpr_reg_fp_20/write_en,0,0.0,0.0,0.0,0.0,,0
x_aq_vidu_top/x_aq_vidu_vid_gpr_fp/x_aq_vidu_vid_gpr_reg_fp_20/x_reg_gated_clk/clk_in,0,0.0,0.0,0.0,0.0,,0
x_aq_vidu_top/x_aq_vidu_vid_gpr_fp/x_aq_vidu_vid_gpr_reg_fp_20/x_reg_gated_clk/global_en,1,6.953039173422703e-07,1.187,1.535783056590295,0.0,0.002476449595952213,1
x_aq_vidu_top/x_aq_vidu_vid_gpr_fp/x_aq_vidu_vid_gpr_reg_fp_20/x_reg_gated_clk/module_en,0,0.0,0.0,0.0,0.0,,0
x_aq_vidu_top/x_aq_vidu_vid_gpr_fp/x_aq_vidu_vid_gpr_reg_fp_20/x_reg_gated_clk/local_en,0,0.0,0.0,0.0,0.0,,0
x_aq_vidu_top/x_aq_vidu_vid_gpr_fp/x_aq_vidu_vid_gpr_reg_fp_20/x_reg_gated_clk/external_en,0,0.0,0.0,0.0,0.0,,0
x_aq_vidu_top/x_aq_vidu_vid_gpr_fp/x_aq_vidu_vid_gpr_reg_fp_20/x_reg_gated_clk/pad_yy_icg_scan_en,0,0.0,0.0,0.0,0.0,,0
x_aq_vidu_top/x_aq_vidu_vid_gpr_fp/x_aq_vidu_vid_gpr_reg_fp_20/x_reg_gated_clk/clk_out,0,0.0,0.0,0.0,0.0,,0
x_aq_vidu_top/x_aq_vidu_vid_gpr_fp/x_aq_vidu_vid_gpr_reg_fp_20/x_reg_gated_clk/clk_en_bf_latch,0,0.0,0.0,0.0,0.0,,0
x_aq_vidu_top/x_aq_vidu_vid_gpr_fp/x_aq_vidu_vid_gpr_reg_fp_20/x_reg_gated_clk/SE,0,0.0,0.0,0.0,0.0,,0
x_aq_vidu_top/x_aq_vidu_vid_gpr_fp/x_aq_vidu_vid_gpr_reg_fp_21/cp0_idu_icg_en,0,0.0,0.0,0.0,0.0,,0
x_aq_vidu_top/x_aq_vidu_vid_gpr_fp/x_aq_vidu_vid_gpr_reg_fp_21/cp0_yy_clk_en,1,6.953039173422703e-07,1.187,1.535783056590295,0.0,0.002476449595952213,1
x_aq_vidu_top/x_aq_vidu_vid_gpr_fp/x_aq_vidu_vid_gpr_reg_fp_21/forever_cpuclk,0,0.0,0.0,0.0,0.0,,0
x_aq_vidu_top/x_aq_vidu_vid_gpr_fp/x_aq_vidu_vid_gpr_reg_fp_21/pad_yy_icg_scan_en,0,0.0,0.0,0.0,0.0,,0
x_aq_vidu_top/x_aq_vidu_vid_gpr_fp/x_aq_vidu_vid_gpr_reg_fp_21/read_data_y[63:0],0,0.0,0.0,0.0,0.0,,0
x_aq_vidu_top/x_aq_vidu_vid_gpr_fp/x_aq_vidu_vid_gpr_reg_fp_21/vpu_vidu_fp_wb_data[63:0],262939,0.1828225167220592,1.4066570595689496,1.8199832169495518,0.09232559643111139,0.3657840869718321,45
x_aq_vidu_top/x_aq_vidu_vid_gpr_fp/x_aq_vidu_vid_gpr_reg_fp_21/wb_vld_x,0,0.0,0.0,0.0,0.0,,0
x_aq_vidu_top/x_aq_vidu_vid_gpr_fp/x_aq_vidu_vid_gpr_reg_fp_21/reg_clk,0,0.0,0.0,0.0,0.0,,0
x_aq_vidu_top/x_aq_vidu_vid_gpr_fp/x_aq_vidu_vid_gpr_reg_fp_21/reg_clk_en,0,0.0,0.0,0.0,0.0,,0
x_aq_vidu_top/x_aq_vidu_vid_gpr_fp/x_aq_vidu_vid_gpr_reg_fp_21/write_data[63:0],0,0.0,0.0,0.0,0.0,,0
x_aq_vidu_top/x_aq_vidu_vid_gpr_fp/x_aq_vidu_vid_gpr_reg_fp_21/write_en,0,0.0,0.0,0.0,0.0,,0
x_aq_vidu_top/x_aq_vidu_vid_gpr_fp/x_aq_vidu_vid_gpr_reg_fp_21/x_reg_gated_clk/clk_in,0,0.0,0.0,0.0,0.0,,0
x_aq_vidu_top/x_aq_vidu_vid_gpr_fp/x_aq_vidu_vid_gpr_reg_fp_21/x_reg_gated_clk/global_en,1,6.953039173422703e-07,1.187,1.535783056590295,0.0,0.002476449595952213,1
x_aq_vidu_top/x_aq_vidu_vid_gpr_fp/x_aq_vidu_vid_gpr_reg_fp_21/x_reg_gated_clk/module_en,0,0.0,0.0,0.0,0.0,,0
x_aq_vidu_top/x_aq_vidu_vid_gpr_fp/x_aq_vidu_vid_gpr_reg_fp_21/x_reg_gated_clk/local_en,0,0.0,0.0,0.0,0.0,,0
x_aq_vidu_top/x_aq_vidu_vid_gpr_fp/x_aq_vidu_vid_gpr_reg_fp_21/x_reg_gated_clk/external_en,0,0.0,0.0,0.0,0.0,,0
x_aq_vidu_top/x_aq_vidu_vid_gpr_fp/x_aq_vidu_vid_gpr_reg_fp_21/x_reg_gated_clk/pad_yy_icg_scan_en,0,0.0,0.0,0.0,0.0,,0
x_aq_vidu_top/x_aq_vidu_vid_gpr_fp/x_aq_vidu_vid_gpr_reg_fp_21/x_reg_gated_clk/clk_out,0,0.0,0.0,0.0,0.0,,0
x_aq_vidu_top/x_aq_vidu_vid_gpr_fp/x_aq_vidu_vid_gpr_reg_fp_21/x_reg_gated_clk/clk_en_bf_latch,0,0.0,0.0,0.0,0.0,,0
x_aq_vidu_top/x_aq_vidu_vid_gpr_fp/x_aq_vidu_vid_gpr_reg_fp_21/x_reg_gated_clk/SE,0,0.0,0.0,0.0,0.0,,0
x_aq_vidu_top/x_aq_vidu_vid_gpr_fp/x_aq_vidu_vid_gpr_reg_fp_22/cp0_idu_icg_en,0,0.0,0.0,0.0,0.0,,0
x_aq_vidu_top/x_aq_vidu_vid_gpr_fp/x_aq_vidu_vid_gpr_reg_fp_22/cp0_yy_clk_en,1,6.953039173422703e-07,1.187,1.535783056590295,0.0,0.002476449595952213,1
x_aq_vidu_top/x_aq_vidu_vid_gpr_fp/x_aq_vidu_vid_gpr_reg_fp_22/forever_cpuclk,0,0.0,0.0,0.0,0.0,,0
x_aq_vidu_top/x_aq_vidu_vid_gpr_fp/x_aq_vidu_vid_gpr_reg_fp_22/pad_yy_icg_scan_en,0,0.0,0.0,0.0,0.0,,0
x_aq_vidu_top/x_aq_vidu_vid_gpr_fp/x_aq_vidu_vid_gpr_reg_fp_22/read_data_y[63:0],0,0.0,0.0,0.0,0.0,,0
x_aq_vidu_top/x_aq_vidu_vid_gpr_fp/x_aq_vidu_vid_gpr_reg_fp_22/vpu_vidu_fp_wb_data[63:0],262939,0.1828225167220592,1.4066570595689496,1.8199832169495518,0.09232559643111139,0.3657840869718321,45
x_aq_vidu_top/x_aq_vidu_vid_gpr_fp/x_aq_vidu_vid_gpr_reg_fp_22/wb_vld_x,0,0.0,0.0,0.0,0.0,,0
x_aq_vidu_top/x_aq_vidu_vid_gpr_fp/x_aq_vidu_vid_gpr_reg_fp_22/reg_clk,0,0.0,0.0,0.0,0.0,,0
x_aq_vidu_top/x_aq_vidu_vid_gpr_fp/x_aq_vidu_vid_gpr_reg_fp_22/reg_clk_en,0,0.0,0.0,0.0,0.0,,0
x_aq_vidu_top/x_aq_vidu_vid_gpr_fp/x_aq_vidu_vid_gpr_reg_fp_22/write_data[63:0],0,0.0,0.0,0.0,0.0,,0
x_aq_vidu_top/x_aq_vidu_vid_gpr_fp/x_aq_vidu_vid_gpr_reg_fp_22/write_en,0,0.0,0.0,0.0,0.0,,0
x_aq_vidu_top/x_aq_vidu_vid_gpr_fp/x_aq_vidu_vid_gpr_reg_fp_22/x_reg_gated_clk/clk_in,0,0.0,0.0,0.0,0.0,,0
x_aq_vidu_top/x_aq_vidu_vid_gpr_fp/x_aq_vidu_vid_gpr_reg_fp_22/x_reg_gated_clk/global_en,1,6.953039173422703e-07,1.187,1.535783056590295,0.0,0.002476449595952213,1
x_aq_vidu_top/x_aq_vidu_vid_gpr_fp/x_aq_vidu_vid_gpr_reg_fp_22/x_reg_gated_clk/module_en,0,0.0,0.0,0.0,0.0,,0
x_aq_vidu_top/x_aq_vidu_vid_gpr_fp/x_aq_vidu_vid_gpr_reg_fp_22/x_reg_gated_clk/local_en,0,0.0,0.0,0.0,0.0,,0
x_aq_vidu_top/x_aq_vidu_vid_gpr_fp/x_aq_vidu_vid_gpr_reg_fp_22/x_reg_gated_clk/external_en,0,0.0,0.0,0.0,0.0,,0
x_aq_vidu_top/x_aq_vidu_vid_gpr_fp/x_aq_vidu_vid_gpr_reg_fp_22/x_reg_gated_clk/pad_yy_icg_scan_en,0,0.0,0.0,0.0,0.0,,0
x_aq_vidu_top/x_aq_vidu_vid_gpr_fp/x_aq_vidu_vid_gpr_reg_fp_22/x_reg_gated_clk/clk_out,0,0.0,0.0,0.0,0.0,,0
x_aq_vidu_top/x_aq_vidu_vid_gpr_fp/x_aq_vidu_vid_gpr_reg_fp_22/x_reg_gated_clk/clk_en_bf_latch,0,0.0,0.0,0.0,0.0,,0
x_aq_vidu_top/x_aq_vidu_vid_gpr_fp/x_aq_vidu_vid_gpr_reg_fp_22/x_reg_gated_clk/SE,0,0.0,0.0,0.0,0.0,,0
x_aq_vidu_top/x_aq_vidu_vid_gpr_fp/x_aq_vidu_vid_gpr_reg_fp_23/cp0_idu_icg_en,0,0.0,0.0,0.0,0.0,,0
x_aq_vidu_top/x_aq_vidu_vid_gpr_fp/x_aq_vidu_vid_gpr_reg_fp_23/cp0_yy_clk_en,1,6.953039173422703e-07,1.187,1.535783056590295,0.0,0.002476449595952213,1
x_aq_vidu_top/x_aq_vidu_vid_gpr_fp/x_aq_vidu_vid_gpr_reg_fp_23/forever_cpuclk,0,0.0,0.0,0.0,0.0,,0
x_aq_vidu_top/x_aq_vidu_vid_gpr_fp/x_aq_vidu_vid_gpr_reg_fp_23/pad_yy_icg_scan_en,0,0.0,0.0,0.0,0.0,,0
x_aq_vidu_top/x_aq_vidu_vid_gpr_fp/x_aq_vidu_vid_gpr_reg_fp_23/read_data_y[63:0],0,0.0,0.0,0.0,0.0,,0
x_aq_vidu_top/x_aq_vidu_vid_gpr_fp/x_aq_vidu_vid_gpr_reg_fp_23/vpu_vidu_fp_wb_data[63:0],262939,0.1828225167220592,1.4066570595689496,1.8199832169495518,0.09232559643111139,0.3657840869718321,45
x_aq_vidu_top/x_aq_vidu_vid_gpr_fp/x_aq_vidu_vid_gpr_reg_fp_23/wb_vld_x,0,0.0,0.0,0.0,0.0,,0
x_aq_vidu_top/x_aq_vidu_vid_gpr_fp/x_aq_vidu_vid_gpr_reg_fp_23/reg_clk,0,0.0,0.0,0.0,0.0,,0
x_aq_vidu_top/x_aq_vidu_vid_gpr_fp/x_aq_vidu_vid_gpr_reg_fp_23/reg_clk_en,0,0.0,0.0,0.0,0.0,,0
x_aq_vidu_top/x_aq_vidu_vid_gpr_fp/x_aq_vidu_vid_gpr_reg_fp_23/write_data[63:0],0,0.0,0.0,0.0,0.0,,0
x_aq_vidu_top/x_aq_vidu_vid_gpr_fp/x_aq_vidu_vid_gpr_reg_fp_23/write_en,0,0.0,0.0,0.0,0.0,,0
x_aq_vidu_top/x_aq_vidu_vid_gpr_fp/x_aq_vidu_vid_gpr_reg_fp_23/x_reg_gated_clk/clk_in,0,0.0,0.0,0.0,0.0,,0
x_aq_vidu_top/x_aq_vidu_vid_gpr_fp/x_aq_vidu_vid_gpr_reg_fp_23/x_reg_gated_clk/global_en,1,6.953039173422703e-07,1.187,1.535783056590295,0.0,0.002476449595952213,1
x_aq_vidu_top/x_aq_vidu_vid_gpr_fp/x_aq_vidu_vid_gpr_reg_fp_23/x_reg_gated_clk/module_en,0,0.0,0.0,0.0,0.0,,0
x_aq_vidu_top/x_aq_vidu_vid_gpr_fp/x_aq_vidu_vid_gpr_reg_fp_23/x_reg_gated_clk/local_en,0,0.0,0.0,0.0,0.0,,0
x_aq_vidu_top/x_aq_vidu_vid_gpr_fp/x_aq_vidu_vid_gpr_reg_fp_23/x_reg_gated_clk/external_en,0,0.0,0.0,0.0,0.0,,0
x_aq_vidu_top/x_aq_vidu_vid_gpr_fp/x_aq_vidu_vid_gpr_reg_fp_23/x_reg_gated_clk/pad_yy_icg_scan_en,0,0.0,0.0,0.0,0.0,,0
x_aq_vidu_top/x_aq_vidu_vid_gpr_fp/x_aq_vidu_vid_gpr_reg_fp_23/x_reg_gated_clk/clk_out,0,0.0,0.0,0.0,0.0,,0
x_aq_vidu_top/x_aq_vidu_vid_gpr_fp/x_aq_vidu_vid_gpr_reg_fp_23/x_reg_gated_clk/clk_en_bf_latch,0,0.0,0.0,0.0,0.0,,0
x_aq_vidu_top/x_aq_vidu_vid_gpr_fp/x_aq_vidu_vid_gpr_reg_fp_23/x_reg_gated_clk/SE,0,0.0,0.0,0.0,0.0,,0
x_aq_vidu_top/x_aq_vidu_vid_gpr_fp/x_aq_vidu_vid_gpr_reg_fp_24/cp0_idu_icg_en,0,0.0,0.0,0.0,0.0,,0
x_aq_vidu_top/x_aq_vidu_vid_gpr_fp/x_aq_vidu_vid_gpr_reg_fp_24/cp0_yy_clk_en,1,6.953039173422703e-07,1.187,1.535783056590295,0.0,0.002476449595952213,1
x_aq_vidu_top/x_aq_vidu_vid_gpr_fp/x_aq_vidu_vid_gpr_reg_fp_24/forever_cpuclk,0,0.0,0.0,0.0,0.0,,0
x_aq_vidu_top/x_aq_vidu_vid_gpr_fp/x_aq_vidu_vid_gpr_reg_fp_24/pad_yy_icg_scan_en,0,0.0,0.0,0.0,0.0,,0
x_aq_vidu_top/x_aq_vidu_vid_gpr_fp/x_aq_vidu_vid_gpr_reg_fp_24/read_data_y[63:0],0,0.0,0.0,0.0,0.0,,0
x_aq_vidu_top/x_aq_vidu_vid_gpr_fp/x_aq_vidu_vid_gpr_reg_fp_24/vpu_vidu_fp_wb_data[63:0],262939,0.1828225167220592,1.4066570595689496,1.8199832169495518,0.09232559643111139,0.3657840869718321,45
x_aq_vidu_top/x_aq_vidu_vid_gpr_fp/x_aq_vidu_vid_gpr_reg_fp_24/wb_vld_x,0,0.0,0.0,0.0,0.0,,0
x_aq_vidu_top/x_aq_vidu_vid_gpr_fp/x_aq_vidu_vid_gpr_reg_fp_24/reg_clk,0,0.0,0.0,0.0,0.0,,0
x_aq_vidu_top/x_aq_vidu_vid_gpr_fp/x_aq_vidu_vid_gpr_reg_fp_24/reg_clk_en,0,0.0,0.0,0.0,0.0,,0
x_aq_vidu_top/x_aq_vidu_vid_gpr_fp/x_aq_vidu_vid_gpr_reg_fp_24/write_data[63:0],0,0.0,0.0,0.0,0.0,,0
x_aq_vidu_top/x_aq_vidu_vid_gpr_fp/x_aq_vidu_vid_gpr_reg_fp_24/write_en,0,0.0,0.0,0.0,0.0,,0
x_aq_vidu_top/x_aq_vidu_vid_gpr_fp/x_aq_vidu_vid_gpr_reg_fp_24/x_reg_gated_clk/clk_in,0,0.0,0.0,0.0,0.0,,0
x_aq_vidu_top/x_aq_vidu_vid_gpr_fp/x_aq_vidu_vid_gpr_reg_fp_24/x_reg_gated_clk/global_en,1,6.953039173422703e-07,1.187,1.535783056590295,0.0,0.002476449595952213,1
x_aq_vidu_top/x_aq_vidu_vid_gpr_fp/x_aq_vidu_vid_gpr_reg_fp_24/x_reg_gated_clk/module_en,0,0.0,0.0,0.0,0.0,,0
x_aq_vidu_top/x_aq_vidu_vid_gpr_fp/x_aq_vidu_vid_gpr_reg_fp_24/x_reg_gated_clk/local_en,0,0.0,0.0,0.0,0.0,,0
x_aq_vidu_top/x_aq_vidu_vid_gpr_fp/x_aq_vidu_vid_gpr_reg_fp_24/x_reg_gated_clk/external_en,0,0.0,0.0,0.0,0.0,,0
x_aq_vidu_top/x_aq_vidu_vid_gpr_fp/x_aq_vidu_vid_gpr_reg_fp_24/x_reg_gated_clk/pad_yy_icg_scan_en,0,0.0,0.0,0.0,0.0,,0
x_aq_vidu_top/x_aq_vidu_vid_gpr_fp/x_aq_vidu_vid_gpr_reg_fp_24/x_reg_gated_clk/clk_out,0,0.0,0.0,0.0,0.0,,0
x_aq_vidu_top/x_aq_vidu_vid_gpr_fp/x_aq_vidu_vid_gpr_reg_fp_24/x_reg_gated_clk/clk_en_bf_latch,0,0.0,0.0,0.0,0.0,,0
x_aq_vidu_top/x_aq_vidu_vid_gpr_fp/x_aq_vidu_vid_gpr_reg_fp_24/x_reg_gated_clk/SE,0,0.0,0.0,0.0,0.0,,0
x_aq_vidu_top/x_aq_vidu_vid_gpr_fp/x_aq_vidu_vid_gpr_reg_fp_25/cp0_idu_icg_en,0,0.0,0.0,0.0,0.0,,0
x_aq_vidu_top/x_aq_vidu_vid_gpr_fp/x_aq_vidu_vid_gpr_reg_fp_25/cp0_yy_clk_en,1,6.953039173422703e-07,1.187,1.535783056590295,0.0,0.002476449595952213,1
x_aq_vidu_top/x_aq_vidu_vid_gpr_fp/x_aq_vidu_vid_gpr_reg_fp_25/forever_cpuclk,0,0.0,0.0,0.0,0.0,,0
x_aq_vidu_top/x_aq_vidu_vid_gpr_fp/x_aq_vidu_vid_gpr_reg_fp_25/pad_yy_icg_scan_en,0,0.0,0.0,0.0,0.0,,0
x_aq_vidu_top/x_aq_vidu_vid_gpr_fp/x_aq_vidu_vid_gpr_reg_fp_25/read_data_y[63:0],0,0.0,0.0,0.0,0.0,,0
x_aq_vidu_top/x_aq_vidu_vid_gpr_fp/x_aq_vidu_vid_gpr_reg_fp_25/vpu_vidu_fp_wb_data[63:0],262939,0.1828225167220592,1.4066570595689496,1.8199832169495518,0.09232559643111139,0.3657840869718321,45
x_aq_vidu_top/x_aq_vidu_vid_gpr_fp/x_aq_vidu_vid_gpr_reg_fp_25/wb_vld_x,0,0.0,0.0,0.0,0.0,,0
x_aq_vidu_top/x_aq_vidu_vid_gpr_fp/x_aq_vidu_vid_gpr_reg_fp_25/reg_clk,0,0.0,0.0,0.0,0.0,,0
x_aq_vidu_top/x_aq_vidu_vid_gpr_fp/x_aq_vidu_vid_gpr_reg_fp_25/reg_clk_en,0,0.0,0.0,0.0,0.0,,0
x_aq_vidu_top/x_aq_vidu_vid_gpr_fp/x_aq_vidu_vid_gpr_reg_fp_25/write_data[63:0],0,0.0,0.0,0.0,0.0,,0
x_aq_vidu_top/x_aq_vidu_vid_gpr_fp/x_aq_vidu_vid_gpr_reg_fp_25/write_en,0,0.0,0.0,0.0,0.0,,0
x_aq_vidu_top/x_aq_vidu_vid_gpr_fp/x_aq_vidu_vid_gpr_reg_fp_25/x_reg_gated_clk/clk_in,0,0.0,0.0,0.0,0.0,,0
x_aq_vidu_top/x_aq_vidu_vid_gpr_fp/x_aq_vidu_vid_gpr_reg_fp_25/x_reg_gated_clk/global_en,1,6.953039173422703e-07,1.187,1.535783056590295,0.0,0.002476449595952213,1
x_aq_vidu_top/x_aq_vidu_vid_gpr_fp/x_aq_vidu_vid_gpr_reg_fp_25/x_reg_gated_clk/module_en,0,0.0,0.0,0.0,0.0,,0
x_aq_vidu_top/x_aq_vidu_vid_gpr_fp/x_aq_vidu_vid_gpr_reg_fp_25/x_reg_gated_clk/local_en,0,0.0,0.0,0.0,0.0,,0
x_aq_vidu_top/x_aq_vidu_vid_gpr_fp/x_aq_vidu_vid_gpr_reg_fp_25/x_reg_gated_clk/external_en,0,0.0,0.0,0.0,0.0,,0
x_aq_vidu_top/x_aq_vidu_vid_gpr_fp/x_aq_vidu_vid_gpr_reg_fp_25/x_reg_gated_clk/pad_yy_icg_scan_en,0,0.0,0.0,0.0,0.0,,0
x_aq_vidu_top/x_aq_vidu_vid_gpr_fp/x_aq_vidu_vid_gpr_reg_fp_25/x_reg_gated_clk/clk_out,0,0.0,0.0,0.0,0.0,,0
x_aq_vidu_top/x_aq_vidu_vid_gpr_fp/x_aq_vidu_vid_gpr_reg_fp_25/x_reg_gated_clk/clk_en_bf_latch,0,0.0,0.0,0.0,0.0,,0
x_aq_vidu_top/x_aq_vidu_vid_gpr_fp/x_aq_vidu_vid_gpr_reg_fp_25/x_reg_gated_clk/SE,0,0.0,0.0,0.0,0.0,,0
x_aq_vidu_top/x_aq_vidu_vid_gpr_fp/x_aq_vidu_vid_gpr_reg_fp_26/cp0_idu_icg_en,0,0.0,0.0,0.0,0.0,,0
x_aq_vidu_top/x_aq_vidu_vid_gpr_fp/x_aq_vidu_vid_gpr_reg_fp_26/cp0_yy_clk_en,1,6.953039173422703e-07,1.187,1.535783056590295,0.0,0.002476449595952213,1
x_aq_vidu_top/x_aq_vidu_vid_gpr_fp/x_aq_vidu_vid_gpr_reg_fp_26/forever_cpuclk,0,0.0,0.0,0.0,0.0,,0
x_aq_vidu_top/x_aq_vidu_vid_gpr_fp/x_aq_vidu_vid_gpr_reg_fp_26/pad_yy_icg_scan_en,0,0.0,0.0,0.0,0.0,,0
x_aq_vidu_top/x_aq_vidu_vid_gpr_fp/x_aq_vidu_vid_gpr_reg_fp_26/read_data_y[63:0],0,0.0,0.0,0.0,0.0,,0
x_aq_vidu_top/x_aq_vidu_vid_gpr_fp/x_aq_vidu_vid_gpr_reg_fp_26/vpu_vidu_fp_wb_data[63:0],262939,0.1828225167220592,1.4066570595689496,1.8199832169495518,0.09232559643111139,0.3657840869718321,45
x_aq_vidu_top/x_aq_vidu_vid_gpr_fp/x_aq_vidu_vid_gpr_reg_fp_26/wb_vld_x,0,0.0,0.0,0.0,0.0,,0
x_aq_vidu_top/x_aq_vidu_vid_gpr_fp/x_aq_vidu_vid_gpr_reg_fp_26/reg_clk,0,0.0,0.0,0.0,0.0,,0
x_aq_vidu_top/x_aq_vidu_vid_gpr_fp/x_aq_vidu_vid_gpr_reg_fp_26/reg_clk_en,0,0.0,0.0,0.0,0.0,,0
x_aq_vidu_top/x_aq_vidu_vid_gpr_fp/x_aq_vidu_vid_gpr_reg_fp_26/write_data[63:0],0,0.0,0.0,0.0,0.0,,0
x_aq_vidu_top/x_aq_vidu_vid_gpr_fp/x_aq_vidu_vid_gpr_reg_fp_26/write_en,0,0.0,0.0,0.0,0.0,,0
x_aq_vidu_top/x_aq_vidu_vid_gpr_fp/x_aq_vidu_vid_gpr_reg_fp_26/x_reg_gated_clk/clk_in,0,0.0,0.0,0.0,0.0,,0
x_aq_vidu_top/x_aq_vidu_vid_gpr_fp/x_aq_vidu_vid_gpr_reg_fp_26/x_reg_gated_clk/global_en,1,6.953039173422703e-07,1.187,1.535783056590295,0.0,0.002476449595952213,1
x_aq_vidu_top/x_aq_vidu_vid_gpr_fp/x_aq_vidu_vid_gpr_reg_fp_26/x_reg_gated_clk/module_en,0,0.0,0.0,0.0,0.0,,0
x_aq_vidu_top/x_aq_vidu_vid_gpr_fp/x_aq_vidu_vid_gpr_reg_fp_26/x_reg_gated_clk/local_en,0,0.0,0.0,0.0,0.0,,0
x_aq_vidu_top/x_aq_vidu_vid_gpr_fp/x_aq_vidu_vid_gpr_reg_fp_26/x_reg_gated_clk/external_en,0,0.0,0.0,0.0,0.0,,0
x_aq_vidu_top/x_aq_vidu_vid_gpr_fp/x_aq_vidu_vid_gpr_reg_fp_26/x_reg_gated_clk/pad_yy_icg_scan_en,0,0.0,0.0,0.0,0.0,,0
x_aq_vidu_top/x_aq_vidu_vid_gpr_fp/x_aq_vidu_vid_gpr_reg_fp_26/x_reg_gated_clk/clk_out,0,0.0,0.0,0.0,0.0,,0
x_aq_vidu_top/x_aq_vidu_vid_gpr_fp/x_aq_vidu_vid_gpr_reg_fp_26/x_reg_gated_clk/clk_en_bf_latch,0,0.0,0.0,0.0,0.0,,0
x_aq_vidu_top/x_aq_vidu_vid_gpr_fp/x_aq_vidu_vid_gpr_reg_fp_26/x_reg_gated_clk/SE,0,0.0,0.0,0.0,0.0,,0
x_aq_vidu_top/x_aq_vidu_vid_gpr_fp/x_aq_vidu_vid_gpr_reg_fp_27/cp0_idu_icg_en,0,0.0,0.0,0.0,0.0,,0
x_aq_vidu_top/x_aq_vidu_vid_gpr_fp/x_aq_vidu_vid_gpr_reg_fp_27/cp0_yy_clk_en,1,6.953039173422703e-07,1.187,1.535783056590295,0.0,0.002476449595952213,1
x_aq_vidu_top/x_aq_vidu_vid_gpr_fp/x_aq_vidu_vid_gpr_reg_fp_27/forever_cpuclk,0,0.0,0.0,0.0,0.0,,0
x_aq_vidu_top/x_aq_vidu_vid_gpr_fp/x_aq_vidu_vid_gpr_reg_fp_27/pad_yy_icg_scan_en,0,0.0,0.0,0.0,0.0,,0
x_aq_vidu_top/x_aq_vidu_vid_gpr_fp/x_aq_vidu_vid_gpr_reg_fp_27/read_data_y[63:0],0,0.0,0.0,0.0,0.0,,0
x_aq_vidu_top/x_aq_vidu_vid_gpr_fp/x_aq_vidu_vid_gpr_reg_fp_27/vpu_vidu_fp_wb_data[63:0],262939,0.1828225167220592,1.4066570595689496,1.8199832169495518,0.09232559643111139,0.3657840869718321,45
x_aq_vidu_top/x_aq_vidu_vid_gpr_fp/x_aq_vidu_vid_gpr_reg_fp_27/wb_vld_x,0,0.0,0.0,0.0,0.0,,0
x_aq_vidu_top/x_aq_vidu_vid_gpr_fp/x_aq_vidu_vid_gpr_reg_fp_27/reg_clk,0,0.0,0.0,0.0,0.0,,0
x_aq_vidu_top/x_aq_vidu_vid_gpr_fp/x_aq_vidu_vid_gpr_reg_fp_27/reg_clk_en,0,0.0,0.0,0.0,0.0,,0
x_aq_vidu_top/x_aq_vidu_vid_gpr_fp/x_aq_vidu_vid_gpr_reg_fp_27/write_data[63:0],0,0.0,0.0,0.0,0.0,,0
x_aq_vidu_top/x_aq_vidu_vid_gpr_fp/x_aq_vidu_vid_gpr_reg_fp_27/write_en,0,0.0,0.0,0.0,0.0,,0
x_aq_vidu_top/x_aq_vidu_vid_gpr_fp/x_aq_vidu_vid_gpr_reg_fp_27/x_reg_gated_clk/clk_in,0,0.0,0.0,0.0,0.0,,0
x_aq_vidu_top/x_aq_vidu_vid_gpr_fp/x_aq_vidu_vid_gpr_reg_fp_27/x_reg_gated_clk/global_en,1,6.953039173422703e-07,1.187,1.535783056590295,0.0,0.002476449595952213,1
x_aq_vidu_top/x_aq_vidu_vid_gpr_fp/x_aq_vidu_vid_gpr_reg_fp_27/x_reg_gated_clk/module_en,0,0.0,0.0,0.0,0.0,,0
x_aq_vidu_top/x_aq_vidu_vid_gpr_fp/x_aq_vidu_vid_gpr_reg_fp_27/x_reg_gated_clk/local_en,0,0.0,0.0,0.0,0.0,,0
x_aq_vidu_top/x_aq_vidu_vid_gpr_fp/x_aq_vidu_vid_gpr_reg_fp_27/x_reg_gated_clk/external_en,0,0.0,0.0,0.0,0.0,,0
x_aq_vidu_top/x_aq_vidu_vid_gpr_fp/x_aq_vidu_vid_gpr_reg_fp_27/x_reg_gated_clk/pad_yy_icg_scan_en,0,0.0,0.0,0.0,0.0,,0
x_aq_vidu_top/x_aq_vidu_vid_gpr_fp/x_aq_vidu_vid_gpr_reg_fp_27/x_reg_gated_clk/clk_out,0,0.0,0.0,0.0,0.0,,0
x_aq_vidu_top/x_aq_vidu_vid_gpr_fp/x_aq_vidu_vid_gpr_reg_fp_27/x_reg_gated_clk/clk_en_bf_latch,0,0.0,0.0,0.0,0.0,,0
x_aq_vidu_top/x_aq_vidu_vid_gpr_fp/x_aq_vidu_vid_gpr_reg_fp_27/x_reg_gated_clk/SE,0,0.0,0.0,0.0,0.0,,0
x_aq_vidu_top/x_aq_vidu_vid_gpr_fp/x_aq_vidu_vid_gpr_reg_fp_28/cp0_idu_icg_en,0,0.0,0.0,0.0,0.0,,0
x_aq_vidu_top/x_aq_vidu_vid_gpr_fp/x_aq_vidu_vid_gpr_reg_fp_28/cp0_yy_clk_en,1,6.953039173422703e-07,1.187,1.535783056590295,0.0,0.002476449595952213,1
x_aq_vidu_top/x_aq_vidu_vid_gpr_fp/x_aq_vidu_vid_gpr_reg_fp_28/forever_cpuclk,0,0.0,0.0,0.0,0.0,,0
x_aq_vidu_top/x_aq_vidu_vid_gpr_fp/x_aq_vidu_vid_gpr_reg_fp_28/pad_yy_icg_scan_en,0,0.0,0.0,0.0,0.0,,0
x_aq_vidu_top/x_aq_vidu_vid_gpr_fp/x_aq_vidu_vid_gpr_reg_fp_28/read_data_y[63:0],0,0.0,0.0,0.0,0.0,,0
x_aq_vidu_top/x_aq_vidu_vid_gpr_fp/x_aq_vidu_vid_gpr_reg_fp_28/vpu_vidu_fp_wb_data[63:0],262939,0.1828225167220592,1.4066570595689496,1.8199832169495518,0.09232559643111139,0.3657840869718321,45
x_aq_vidu_top/x_aq_vidu_vid_gpr_fp/x_aq_vidu_vid_gpr_reg_fp_28/wb_vld_x,0,0.0,0.0,0.0,0.0,,0
x_aq_vidu_top/x_aq_vidu_vid_gpr_fp/x_aq_vidu_vid_gpr_reg_fp_28/reg_clk,0,0.0,0.0,0.0,0.0,,0
x_aq_vidu_top/x_aq_vidu_vid_gpr_fp/x_aq_vidu_vid_gpr_reg_fp_28/reg_clk_en,0,0.0,0.0,0.0,0.0,,0
x_aq_vidu_top/x_aq_vidu_vid_gpr_fp/x_aq_vidu_vid_gpr_reg_fp_28/write_data[63:0],0,0.0,0.0,0.0,0.0,,0
x_aq_vidu_top/x_aq_vidu_vid_gpr_fp/x_aq_vidu_vid_gpr_reg_fp_28/write_en,0,0.0,0.0,0.0,0.0,,0
x_aq_vidu_top/x_aq_vidu_vid_gpr_fp/x_aq_vidu_vid_gpr_reg_fp_28/x_reg_gated_clk/clk_in,0,0.0,0.0,0.0,0.0,,0
x_aq_vidu_top/x_aq_vidu_vid_gpr_fp/x_aq_vidu_vid_gpr_reg_fp_28/x_reg_gated_clk/global_en,1,6.953039173422703e-07,1.187,1.535783056590295,0.0,0.002476449595952213,1
x_aq_vidu_top/x_aq_vidu_vid_gpr_fp/x_aq_vidu_vid_gpr_reg_fp_28/x_reg_gated_clk/module_en,0,0.0,0.0,0.0,0.0,,0
x_aq_vidu_top/x_aq_vidu_vid_gpr_fp/x_aq_vidu_vid_gpr_reg_fp_28/x_reg_gated_clk/local_en,0,0.0,0.0,0.0,0.0,,0
x_aq_vidu_top/x_aq_vidu_vid_gpr_fp/x_aq_vidu_vid_gpr_reg_fp_28/x_reg_gated_clk/external_en,0,0.0,0.0,0.0,0.0,,0
x_aq_vidu_top/x_aq_vidu_vid_gpr_fp/x_aq_vidu_vid_gpr_reg_fp_28/x_reg_gated_clk/pad_yy_icg_scan_en,0,0.0,0.0,0.0,0.0,,0
x_aq_vidu_top/x_aq_vidu_vid_gpr_fp/x_aq_vidu_vid_gpr_reg_fp_28/x_reg_gated_clk/clk_out,0,0.0,0.0,0.0,0.0,,0
x_aq_vidu_top/x_aq_vidu_vid_gpr_fp/x_aq_vidu_vid_gpr_reg_fp_28/x_reg_gated_clk/clk_en_bf_latch,0,0.0,0.0,0.0,0.0,,0
x_aq_vidu_top/x_aq_vidu_vid_gpr_fp/x_aq_vidu_vid_gpr_reg_fp_28/x_reg_gated_clk/SE,0,0.0,0.0,0.0,0.0,,0
x_aq_vidu_top/x_aq_vidu_vid_gpr_fp/x_aq_vidu_vid_gpr_reg_fp_29/cp0_idu_icg_en,0,0.0,0.0,0.0,0.0,,0
x_aq_vidu_top/x_aq_vidu_vid_gpr_fp/x_aq_vidu_vid_gpr_reg_fp_29/cp0_yy_clk_en,1,6.953039173422703e-07,1.187,1.535783056590295,0.0,0.002476449595952213,1
x_aq_vidu_top/x_aq_vidu_vid_gpr_fp/x_aq_vidu_vid_gpr_reg_fp_29/forever_cpuclk,0,0.0,0.0,0.0,0.0,,0
x_aq_vidu_top/x_aq_vidu_vid_gpr_fp/x_aq_vidu_vid_gpr_reg_fp_29/pad_yy_icg_scan_en,0,0.0,0.0,0.0,0.0,,0
x_aq_vidu_top/x_aq_vidu_vid_gpr_fp/x_aq_vidu_vid_gpr_reg_fp_29/read_data_y[63:0],0,0.0,0.0,0.0,0.0,,0
x_aq_vidu_top/x_aq_vidu_vid_gpr_fp/x_aq_vidu_vid_gpr_reg_fp_29/vpu_vidu_fp_wb_data[63:0],262939,0.1828225167220592,1.4066570595689496,1.8199832169495518,0.09232559643111139,0.3657840869718321,45
x_aq_vidu_top/x_aq_vidu_vid_gpr_fp/x_aq_vidu_vid_gpr_reg_fp_29/wb_vld_x,0,0.0,0.0,0.0,0.0,,0
x_aq_vidu_top/x_aq_vidu_vid_gpr_fp/x_aq_vidu_vid_gpr_reg_fp_29/reg_clk,0,0.0,0.0,0.0,0.0,,0
x_aq_vidu_top/x_aq_vidu_vid_gpr_fp/x_aq_vidu_vid_gpr_reg_fp_29/reg_clk_en,0,0.0,0.0,0.0,0.0,,0
x_aq_vidu_top/x_aq_vidu_vid_gpr_fp/x_aq_vidu_vid_gpr_reg_fp_29/write_data[63:0],0,0.0,0.0,0.0,0.0,,0
x_aq_vidu_top/x_aq_vidu_vid_gpr_fp/x_aq_vidu_vid_gpr_reg_fp_29/write_en,0,0.0,0.0,0.0,0.0,,0
x_aq_vidu_top/x_aq_vidu_vid_gpr_fp/x_aq_vidu_vid_gpr_reg_fp_29/x_reg_gated_clk/clk_in,0,0.0,0.0,0.0,0.0,,0
x_aq_vidu_top/x_aq_vidu_vid_gpr_fp/x_aq_vidu_vid_gpr_reg_fp_29/x_reg_gated_clk/global_en,1,6.953039173422703e-07,1.187,1.535783056590295,0.0,0.002476449595952213,1
x_aq_vidu_top/x_aq_vidu_vid_gpr_fp/x_aq_vidu_vid_gpr_reg_fp_29/x_reg_gated_clk/module_en,0,0.0,0.0,0.0,0.0,,0
x_aq_vidu_top/x_aq_vidu_vid_gpr_fp/x_aq_vidu_vid_gpr_reg_fp_29/x_reg_gated_clk/local_en,0,0.0,0.0,0.0,0.0,,0
x_aq_vidu_top/x_aq_vidu_vid_gpr_fp/x_aq_vidu_vid_gpr_reg_fp_29/x_reg_gated_clk/external_en,0,0.0,0.0,0.0,0.0,,0
x_aq_vidu_top/x_aq_vidu_vid_gpr_fp/x_aq_vidu_vid_gpr_reg_fp_29/x_reg_gated_clk/pad_yy_icg_scan_en,0,0.0,0.0,0.0,0.0,,0
x_aq_vidu_top/x_aq_vidu_vid_gpr_fp/x_aq_vidu_vid_gpr_reg_fp_29/x_reg_gated_clk/clk_out,0,0.0,0.0,0.0,0.0,,0
x_aq_vidu_top/x_aq_vidu_vid_gpr_fp/x_aq_vidu_vid_gpr_reg_fp_29/x_reg_gated_clk/clk_en_bf_latch,0,0.0,0.0,0.0,0.0,,0
x_aq_vidu_top/x_aq_vidu_vid_gpr_fp/x_aq_vidu_vid_gpr_reg_fp_29/x_reg_gated_clk/SE,0,0.0,0.0,0.0,0.0,,0
x_aq_vidu_top/x_aq_vidu_vid_gpr_fp/x_aq_vidu_vid_gpr_reg_fp_30/cp0_idu_icg_en,0,0.0,0.0,0.0,0.0,,0
x_aq_vidu_top/x_aq_vidu_vid_gpr_fp/x_aq_vidu_vid_gpr_reg_fp_30/cp0_yy_clk_en,1,6.953039173422703e-07,1.187,1.535783056590295,0.0,0.002476449595952213,1
x_aq_vidu_top/x_aq_vidu_vid_gpr_fp/x_aq_vidu_vid_gpr_reg_fp_30/forever_cpuclk,0,0.0,0.0,0.0,0.0,,0
x_aq_vidu_top/x_aq_vidu_vid_gpr_fp/x_aq_vidu_vid_gpr_reg_fp_30/pad_yy_icg_scan_en,0,0.0,0.0,0.0,0.0,,0
x_aq_vidu_top/x_aq_vidu_vid_gpr_fp/x_aq_vidu_vid_gpr_reg_fp_30/read_data_y[63:0],0,0.0,0.0,0.0,0.0,,0
x_aq_vidu_top/x_aq_vidu_vid_gpr_fp/x_aq_vidu_vid_gpr_reg_fp_30/vpu_vidu_fp_wb_data[63:0],262939,0.1828225167220592,1.4066570595689496,1.8199832169495518,0.09232559643111139,0.3657840869718321,45
x_aq_vidu_top/x_aq_vidu_vid_gpr_fp/x_aq_vidu_vid_gpr_reg_fp_30/wb_vld_x,0,0.0,0.0,0.0,0.0,,0
x_aq_vidu_top/x_aq_vidu_vid_gpr_fp/x_aq_vidu_vid_gpr_reg_fp_30/reg_clk,0,0.0,0.0,0.0,0.0,,0
x_aq_vidu_top/x_aq_vidu_vid_gpr_fp/x_aq_vidu_vid_gpr_reg_fp_30/reg_clk_en,0,0.0,0.0,0.0,0.0,,0
x_aq_vidu_top/x_aq_vidu_vid_gpr_fp/x_aq_vidu_vid_gpr_reg_fp_30/write_data[63:0],0,0.0,0.0,0.0,0.0,,0
x_aq_vidu_top/x_aq_vidu_vid_gpr_fp/x_aq_vidu_vid_gpr_reg_fp_30/write_en,0,0.0,0.0,0.0,0.0,,0
x_aq_vidu_top/x_aq_vidu_vid_gpr_fp/x_aq_vidu_vid_gpr_reg_fp_30/x_reg_gated_clk/clk_in,0,0.0,0.0,0.0,0.0,,0
x_aq_vidu_top/x_aq_vidu_vid_gpr_fp/x_aq_vidu_vid_gpr_reg_fp_30/x_reg_gated_clk/global_en,1,6.953039173422703e-07,1.187,1.535783056590295,0.0,0.002476449595952213,1
x_aq_vidu_top/x_aq_vidu_vid_gpr_fp/x_aq_vidu_vid_gpr_reg_fp_30/x_reg_gated_clk/module_en,0,0.0,0.0,0.0,0.0,,0
x_aq_vidu_top/x_aq_vidu_vid_gpr_fp/x_aq_vidu_vid_gpr_reg_fp_30/x_reg_gated_clk/local_en,0,0.0,0.0,0.0,0.0,,0
x_aq_vidu_top/x_aq_vidu_vid_gpr_fp/x_aq_vidu_vid_gpr_reg_fp_30/x_reg_gated_clk/external_en,0,0.0,0.0,0.0,0.0,,0
x_aq_vidu_top/x_aq_vidu_vid_gpr_fp/x_aq_vidu_vid_gpr_reg_fp_30/x_reg_gated_clk/pad_yy_icg_scan_en,0,0.0,0.0,0.0,0.0,,0
x_aq_vidu_top/x_aq_vidu_vid_gpr_fp/x_aq_vidu_vid_gpr_reg_fp_30/x_reg_gated_clk/clk_out,0,0.0,0.0,0.0,0.0,,0
x_aq_vidu_top/x_aq_vidu_vid_gpr_fp/x_aq_vidu_vid_gpr_reg_fp_30/x_reg_gated_clk/clk_en_bf_latch,0,0.0,0.0,0.0,0.0,,0
x_aq_vidu_top/x_aq_vidu_vid_gpr_fp/x_aq_vidu_vid_gpr_reg_fp_30/x_reg_gated_clk/SE,0,0.0,0.0,0.0,0.0,,0
x_aq_vidu_top/x_aq_vidu_vid_gpr_fp/x_aq_vidu_vid_gpr_reg_fp_31/cp0_idu_icg_en,0,0.0,0.0,0.0,0.0,,0
x_aq_vidu_top/x_aq_vidu_vid_gpr_fp/x_aq_vidu_vid_gpr_reg_fp_31/cp0_yy_clk_en,1,6.953039173422703e-07,1.187,1.535783056590295,0.0,0.002476449595952213,1
x_aq_vidu_top/x_aq_vidu_vid_gpr_fp/x_aq_vidu_vid_gpr_reg_fp_31/forever_cpuclk,0,0.0,0.0,0.0,0.0,,0
x_aq_vidu_top/x_aq_vidu_vid_gpr_fp/x_aq_vidu_vid_gpr_reg_fp_31/pad_yy_icg_scan_en,0,0.0,0.0,0.0,0.0,,0
x_aq_vidu_top/x_aq_vidu_vid_gpr_fp/x_aq_vidu_vid_gpr_reg_fp_31/read_data_y[63:0],0,0.0,0.0,0.0,0.0,,0
x_aq_vidu_top/x_aq_vidu_vid_gpr_fp/x_aq_vidu_vid_gpr_reg_fp_31/vpu_vidu_fp_wb_data[63:0],262939,0.1828225167220592,1.4066570595689496,1.8199832169495518,0.09232559643111139,0.3657840869718321,45
x_aq_vidu_top/x_aq_vidu_vid_gpr_fp/x_aq_vidu_vid_gpr_reg_fp_31/wb_vld_x,0,0.0,0.0,0.0,0.0,,0
x_aq_vidu_top/x_aq_vidu_vid_gpr_fp/x_aq_vidu_vid_gpr_reg_fp_31/reg_clk,0,0.0,0.0,0.0,0.0,,0
x_aq_vidu_top/x_aq_vidu_vid_gpr_fp/x_aq_vidu_vid_gpr_reg_fp_31/reg_clk_en,0,0.0,0.0,0.0,0.0,,0
x_aq_vidu_top/x_aq_vidu_vid_gpr_fp/x_aq_vidu_vid_gpr_reg_fp_31/write_data[63:0],0,0.0,0.0,0.0,0.0,,0
x_aq_vidu_top/x_aq_vidu_vid_gpr_fp/x_aq_vidu_vid_gpr_reg_fp_31/write_en,0,0.0,0.0,0.0,0.0,,0
x_aq_vidu_top/x_aq_vidu_vid_gpr_fp/x_aq_vidu_vid_gpr_reg_fp_31/x_reg_gated_clk/clk_in,0,0.0,0.0,0.0,0.0,,0
x_aq_vidu_top/x_aq_vidu_vid_gpr_fp/x_aq_vidu_vid_gpr_reg_fp_31/x_reg_gated_clk/global_en,1,6.953039173422703e-07,1.187,1.535783056590295,0.0,0.002476449595952213,1
x_aq_vidu_top/x_aq_vidu_vid_gpr_fp/x_aq_vidu_vid_gpr_reg_fp_31/x_reg_gated_clk/module_en,0,0.0,0.0,0.0,0.0,,0
x_aq_vidu_top/x_aq_vidu_vid_gpr_fp/x_aq_vidu_vid_gpr_reg_fp_31/x_reg_gated_clk/local_en,0,0.0,0.0,0.0,0.0,,0
x_aq_vidu_top/x_aq_vidu_vid_gpr_fp/x_aq_vidu_vid_gpr_reg_fp_31/x_reg_gated_clk/external_en,0,0.0,0.0,0.0,0.0,,0
x_aq_vidu_top/x_aq_vidu_vid_gpr_fp/x_aq_vidu_vid_gpr_reg_fp_31/x_reg_gated_clk/pad_yy_icg_scan_en,0,0.0,0.0,0.0,0.0,,0
x_aq_vidu_top/x_aq_vidu_vid_gpr_fp/x_aq_vidu_vid_gpr_reg_fp_31/x_reg_gated_clk/clk_out,0,0.0,0.0,0.0,0.0,,0
x_aq_vidu_top/x_aq_vidu_vid_gpr_fp/x_aq_vidu_vid_gpr_reg_fp_31/x_reg_gated_clk/clk_en_bf_latch,0,0.0,0.0,0.0,0.0,,0
x_aq_vidu_top/x_aq_vidu_vid_gpr_fp/x_aq_vidu_vid_gpr_reg_fp_31/x_reg_gated_clk/SE,0,0.0,0.0,0.0,0.0,,0
x_aq_vidu_top/x_aq_vidu_vid_gpr_fp/x_aq_idu_expand_32_vpu_vidu_fp_wb_reg/x_num[4:0],155991,0.10846115337013809,1.1008555202543737,1.4243262474815177,0.07029892750222769,0.3128821913051139,4
x_aq_vidu_top/x_aq_vidu_vid_gpr_fp/x_aq_idu_expand_32_vpu_vidu_fp_wb_reg/x_num_expand[31:0],203016,0.14115782008315836,1.2694027884009143,1.642398731604549,0.08573708476179218,0.007767082005973386,3
x_aq_vidu_top/x_aq_vidu_vid_split_fp/cp0_idu_icg_en,0,0.0,0.0,0.0,0.0,,0
x_aq_vidu_top/x_aq_vidu_vid_split_fp/cp0_yy_clk_en,1,6.953039173422703e-07,1.187,1.535783056590295,0.0,0.002476449595952213,1
x_aq_vidu_top/x_aq_vidu_vid_split_fp/cpurst_b,3,2.0859117520268108e-06,0.5556666666666668,0.7189414084066336,0.0,0.002281077192413555,1
x_aq_vidu_top/x_aq_vidu_vid_split_fp/ctrl_split_fp_dis_stall,142520,0.09909471429962037,1.277523592001123,1.6529057177672262,0.08759472354757226,-0.052172775447426524,1
x_aq_vidu_top/x_aq_vidu_vid_split_fp/forever_cpuclk,0,0.0,0.0,0.0,0.0,,0
x_aq_vidu_top/x_aq_vidu_vid_split_fp/idu_vidu_ex1_fp_dp_sel,67260,0.0467661414804411,1.135086549955397,1.4686155780834307,0.07438299137674695,0.16733516426442357,1
x_aq_vidu_top/x_aq_vidu_vid_split_fp/idu_vidu_ex1_fp_gateclk_sel,67260,0.0467661414804411,1.0090543537912577,1.305550614769404,0.03751115075825156,0.22960400344400125,1
x_aq_vidu_top/x_aq_vidu_vid_split_fp/idu_vidu_ex1_fp_sel,67260,0.0467661414804411,1.135086549955397,1.4686155780834307,0.07438299137674695,0.16733516426442357,1
x_aq_vidu_top/x_aq_vidu_vid_split_fp/idu_vidu_ex1_inst_data[179:0],678909,0.4720480872189234,0.8802888043493311,1.1389491412180555,0.0308259280698886,,92
x_aq_vidu_top/x_aq_vidu_vid_split_fp/ifu_vidu_warm_up,2,1.3906078346845406e-06,0.8842500000000002,1.1440742778348514,0.0,7.643165717517879e-05,1
x_aq_vidu_top/x_aq_vidu_vid_split_fp/pad_yy_icg_scan_en,0,0.0,0.0,0.0,0.0,,0
x_aq_vidu_top/x_aq_vidu_vid_split_fp/rtu_yy_xx_async_flush,0,0.0,0.0,0.0,0.0,,0
x_aq_vidu_top/x_aq_vidu_vid_split_fp/split_fp_ctrl_entry_vld,142520,0.09909471429962037,1.294902221975863,1.6753908108270055,0.0971653101319113,-0.11197381008302926,1
x_aq_vidu_top/x_aq_vidu_vid_split_fp/split_fp_ctrl_inst_dp_vld,67260,0.0467661414804411,0.9927126076419863,1.2844070790902544,0.01512042818911686,0.2646143069989479,1
x_aq_vidu_top/x_aq_vidu_vid_split_fp/split_fp_ctrl_inst_gateclk_vld,67260,0.0467661414804411,0.9931468777876897,1.2849689533377306,0.013559322033898305,0.2648989674908191,1
x_aq_vidu_top/x_aq_vidu_vid_split_fp/split_fp_ctrl_inst_vld,67260,0.0467661414804411,0.9927126076419863,1.2844070790902544,0.01512042818911686,0.2646143069989479,1
x_aq_vidu_top/x_aq_vidu_vid_split_fp/split_fp_dp_inst_data[179:0],695457,0.4835539764431033,0.8957637712266897,1.1589712068722622,0.025033898573168435,,92
x_aq_vidu_top/x_aq_vidu_vid_split_fp/non_entry_vld,142520,0.09909471429962037,1.294902221975863,1.6753908108270055,0.0971653101319113,-0.11197381008302926,1
x_aq_vidu_top/x_aq_vidu_vid_split_fp/non_inst_data[179:0],695457,0.4835539764431033,0.8957637712266897,1.1589712068722622,0.025033898573168435,,92
x_aq_vidu_top/x_aq_vidu_vid_split_fp/non_inst_data_wen,0,0.0,0.0,0.0,0.0,,0
x_aq_vidu_top/x_aq_vidu_vid_split_fp/non_inst_vld,0,0.0,0.0,0.0,0.0,,0
x_aq_vidu_top/x_aq_vidu_vid_split_fp/non_sm_start,67260,0.0467661414804411,1.135086549955397,1.4686155780834307,0.07438299137674695,0.16733516426442357,1
x_aq_vidu_top/x_aq_vidu_vid_split_fp/non_split_type,1,6.953039173422703e-07,0.21599999999999997,0.2794685258833224,0.0,0.0024160844855880353,1
x_aq_vidu_top/x_aq_vidu_vid_split_fp/split_clk,0,0.0,0.0,0.0,0.0,,0
x_aq_vidu_top/x_aq_vidu_vid_split_fp/split_clk_en,67262,0.04676753208827578,0.9931436397966165,1.2849647639090636,0.01355891885462817,0.26489837651123893,1
x_aq_vidu_top/x_aq_vidu_vid_split_fp/split_fp_entry_vld,142520,0.09909471429962037,1.294902221975863,1.6753908108270055,0.0971653101319113,-0.11197381008302926,1
x_aq_vidu_top/x_aq_vidu_vid_split_fp/split_fp_inst_vld,1,6.953039173422703e-07,0.21599999999999997,0.2794685258833224,0.0,0.0024160844855880353,1
x_aq_vidu_top/x_aq_vidu_vid_split_fp/split_inst_data[179:0],695457,0.4835539764431033,0.8957637712266897,1.1589712068722622,0.025033898573168435,,92
x_aq_vidu_top/x_aq_vidu_vid_split_fp/split_inst_data_wen,0,0.0,0.0,0.0,0.0,,0
x_aq_vidu_top/x_aq_vidu_vid_split_fp/split_inst_wdata[179:0],695457,0.4835539764431033,0.8957637712266897,1.1589712068722622,0.025033898573168435,,92
x_aq_vidu_top/x_aq_vidu_vid_split_fp/x_split_clk_gated_clk_cell/clk_in,0,0.0,0.0,0.0,0.0,,0
x_aq_vidu_top/x_aq_vidu_vid_split_fp/x_split_clk_gated_clk_cell/global_en,1,6.953039173422703e-07,1.187,1.535783056590295,0.0,0.002476449595952213,1
x_aq_vidu_top/x_aq_vidu_vid_split_fp/x_split_clk_gated_clk_cell/module_en,0,0.0,0.0,0.0,0.0,,0
x_aq_vidu_top/x_aq_vidu_vid_split_fp/x_split_clk_gated_clk_cell/local_en,67262,0.04676753208827578,0.9931436397966165,1.2849647639090636,0.01355891885462817,0.26489837651123893,1
x_aq_vidu_top/x_aq_vidu_vid_split_fp/x_split_clk_gated_clk_cell/external_en,0,0.0,0.0,0.0,0.0,,0
x_aq_vidu_top/x_aq_vidu_vid_split_fp/x_split_clk_gated_clk_cell/pad_yy_icg_scan_en,0,0.0,0.0,0.0,0.0,,0
x_aq_vidu_top/x_aq_vidu_vid_split_fp/x_split_clk_gated_clk_cell/clk_out,0,0.0,0.0,0.0,0.0,,0
x_aq_vidu_top/x_aq_vidu_vid_split_fp/x_split_clk_gated_clk_cell/clk_en_bf_latch,67262,0.04676753208827578,0.9931436397966165,1.2849647639090636,0.01355891885462817,0.26489837651123893,1
x_aq_vidu_top/x_aq_vidu_vid_split_fp/x_split_clk_gated_clk_cell/SE,0,0.0,0.0,0.0,0.0,,0
x_aq_vidu_top/x_aq_vidu_vid_wbt_fp/cp0_idu_icg_en,0,0.0,0.0,0.0,0.0,,0
x_aq_vidu_top/x_aq_vidu_vid_wbt_fp/cp0_yy_clk_en,1,6.953039173422703e-07,1.187,1.535783056590295,0.0,0.002476449595952213,1
x_aq_vidu_top/x_aq_vidu_vid_wbt_fp/cpurst_b,3,2.0859117520268108e-06,0.5556666666666668,0.7189414084066336,0.0,0.002281077192413555,1
x_aq_vidu_top/x_aq_vidu_vid_wbt_fp/ctrl_wbt_bankx_dis_inst_gateclk_vld,67260,0.0467661414804411,0.9931468777876897,1.2849689533377306,0.013559322033898305,0.2648989674908191,1
x_aq_vidu_top/x_aq_vidu_vid_wbt_fp/ctrl_wbt_bankx_dis_inst_vld,41508,0.028860675001042956,1.1260520249108605,1.456926386434113,0.11096656066300473,0.20652453884893995,1
x_aq_vidu_top/x_aq_vidu_vid_wbt_fp/dp_wbt_bankx_dstv_reg[4:0],453766,0.3155052773567326,0.8313674780393419,1.0756529794212513,0.013817694582670364,-0.013769299670226394,5
x_aq_vidu_top/x_aq_vidu_vid_wbt_fp/dp_wbt_bankx_dstv_type,42880,0.029814631975636552,0.7141620333488806,0.9240083828789251,0.0,-0.08962630594198402,1
x_aq_vidu_top/x_aq_vidu_vid_wbt_fp/dp_wbt_bankx_dstv_vld,67294,0.046789781813630735,1.1702771175736324,1.514146393163364,0.05880167622670669,0.14666613561849648,1
x_aq_vidu_top/x_aq_vidu_vid_wbt_fp/dp_wbt_bankx_srcv0_reg[4:0],400331,0.2783517125335484,0.8781372214892178,1.1361653463558719,0.027384839045689693,0.25327994649441005,5
x_aq_vidu_top/x_aq_vidu_vid_wbt_fp/dp_wbt_bankx_srcv1_reg[4:0],586360,0.4076984049728136,0.9398844573231462,1.2160561286516025,0.029691657002524047,0.19928936165111819,5
x_aq_vidu_top/x_aq_vidu_vid_wbt_fp/dp_wbt_bankx_srcv2_reg[4:0],563930,0.3921027381068265,0.8977683037894774,1.1615647428000742,0.028861738158991363,0.13333275869855224,5
x_aq_vidu_top/x_aq_vidu_vid_wbt_fp/forever_cpuclk,0,0.0,0.0,0.0,0.0,,0
x_aq_vidu_top/x_aq_vidu_vid_wbt_fp/pad_yy_icg_scan_en,0,0.0,0.0,0.0,0.0,,0
x_aq_vidu_top/x_aq_vidu_vid_wbt_fp/rtu_vidu_flush_wbt,0,0.0,0.0,0.0,0.0,,0
x_aq_vidu_top/x_aq_vidu_vid_wbt_fp/rtu_yy_xx_async_flush,0,0.0,0.0,0.0,0.0,,0
x_aq_vidu_top/x_aq_vidu_vid_wbt_fp/vpu_vidu_wbt_bankx_wb0_reg[4:0],155991,0.10846115337013809,1.1008555202543737,1.4243262474815177,0.07029892750222769,0.3128821913051139,4
x_aq_vidu_top/x_aq_vidu_vid_wbt_fp/vpu_vidu_wbt_bankx_wb0_vld,17032,0.011842416320173547,0.9926990371066227,1.2843895210462102,5.871301080319399e-05,0.10958256853178171,1
x_aq_vidu_top/x_aq_vidu_vid_wbt_fp/vpu_vidu_wbt_bankx_wb1_reg[4:0],101570,0.0706220188844544,0.8551253046175052,1.1063917052175056,0.04298513340553313,0.0511218314221419,5
x_aq_vidu_top/x_aq_vidu_vid_wbt_fp/vpu_vidu_wbt_bankx_wb1_vld,2,1.3906078346845406e-06,2.0815,2.693119151046924,0.0,0.0012841038901835842,1
x_aq_vidu_top/x_aq_vidu_vid_wbt_fp/wbt_ctrl_bankx_srcvm_info[2:0],1,6.953039173422703e-07,1.187,1.535783056590295,0.0,0.002476449595952213,1
x_aq_vidu_top/x_aq_vidu_vid_wbt_fp/wbt_top_bankx_gpr_no_wb,94056,0.06539750524954457,0.8817275615590713,1.140810656757454,0.00603895551586289,0.3364164562729176,1
x_aq_vidu_top/x_aq_vidu_vid_wbt_fp/create_clk,0,0.0,0.0,0.0,0.0,,0
x_aq_vidu_top/x_aq_vidu_vid_wbt_fp/create_clk_en,67260,0.0467661414804411,0.9931468777876897,1.2849689533377306,0.013559322033898305,0.2648989674908191,1
x_aq_vidu_top/x_aq_vidu_vid_wbt_fp/create_en[31:0],266079,0.18500577102251395,1.0752390695094314,1.3911827672590558,0.06202669132099865,0.37225881657560517,2
x_aq_vidu_top/x_aq_vidu_vid_wbt_fp/dp_wbt_bankx_dstv_reg_expand[31:0],474770,0.33010944083658966,0.8277469314615498,1.0709685867592724,0.01320639467531647,-0.0839470418544923,3
x_aq_vidu_top/x_aq_vidu_vid_wbt_fp/read_data_0[2:0],1,6.953039173422703e-07,1.187,1.535783056590295,0.0,0.002476449595952213,1
x_aq_vidu_top/x_aq_vidu_vid_wbt_fp/read_data_1[2:0],1,6.953039173422703e-07,1.187,1.535783056590295,0.0,0.002476449595952213,1
x_aq_vidu_top/x_aq_vidu_vid_wbt_fp/read_data_10[2:0],79801,0.05548594790783051,1.3586527484116742,1.757873522157107,0.1477174471497851,0.05873079828655687,2
x_aq_vidu_top/x_aq_vidu_vid_wbt_fp/read_data_11[2:0],1,6.953039173422703e-07,1.187,1.535783056590295,0.0,0.002476449595952213,1
x_aq_vidu_top/x_aq_vidu_vid_wbt_fp/read_data_12[2:0],1,6.953039173422703e-07,1.187,1.535783056590295,0.0,0.002476449595952213,1
x_aq_vidu_top/x_aq_vidu_vid_wbt_fp/read_data_13[2:0],1,6.953039173422703e-07,1.187,1.535783056590295,0.0,0.002476449595952213,1
x_aq_vidu_top/x_aq_vidu_vid_wbt_fp/read_data_14[2:0],68967,0.04795302526734436,1.1576742210042483,1.4978403148017634,0.07103397276958545,0.3062377115472617,2
x_aq_vidu_top/x_aq_vidu_vid_wbt_fp/read_data_15[2:0],87859,0.061088706873774525,1.2756151149683015,1.6504364619197966,0.06388645443267053,-0.06395252612365032,2
x_aq_vidu_top/x_aq_vidu_vid_wbt_fp/read_data_16[2:0],1,6.953039173422703e-07,1.187,1.535783056590295,0.0,0.002476449595952213,1
x_aq_vidu_top/x_aq_vidu_vid_wbt_fp/read_data_17[2:0],1,6.953039173422703e-07,1.187,1.535783056590295,0.0,0.002476449595952213,1
x_aq_vidu_top/x_aq_vidu_vid_wbt_fp/read_data_18[2:0],5,3.4765195867113516e-06,1.0822000000000003,1.4001890681061648,0.0,-0.009057636598676455,2
x_aq_vidu_top/x_aq_vidu_vid_wbt_fp/read_data_19[2:0],5,3.4765195867113516e-06,1.0859999999999999,1.405105644024482,0.0,-0.009097874134884781,2
x_aq_vidu_top/x_aq_vidu_vid_wbt_fp/read_data_2[2:0],1,6.953039173422703e-07,1.187,1.535783056590295,0.0,0.002476449595952213,1
x_aq_vidu_top/x_aq_vidu_vid_wbt_fp/read_data_20[2:0],5,3.4765195867113516e-06,0.7814,1.0110032690982784,0.0,-0.009120395474950927,2
x_aq_vidu_top/x_aq_vidu_vid_wbt_fp/read_data_21[2:0],5,3.4765195867113516e-06,0.9470000000000001,1.2252624722754923,0.0,-0.0091197866548722,2
x_aq_vidu_top/x_aq_vidu_vid_wbt_fp/read_data_22[2:0],1,6.953039173422703e-07,1.187,1.535783056590295,0.0,0.002476449595952213,1
x_aq_vidu_top/x_aq_vidu_vid_wbt_fp/read_data_23[2:0],1,6.953039173422703e-07,1.187,1.535783056590295,0.0,0.002476449595952213,1
x_aq_vidu_top/x_aq_vidu_vid_wbt_fp/read_data_24[2:0],1,6.953039173422703e-07,1.187,1.535783056590295,0.0,0.002476449595952213,1
x_aq_vidu_top/x_aq_vidu_vid_wbt_fp/read_data_25[2:0],1,6.953039173422703e-07,1.187,1.535783056590295,0.0,0.002476449595952213,1
x_aq_vidu_top/x_aq_vidu_vid_wbt_fp/read_data_26[2:0],1,6.953039173422703e-07,1.187,1.535783056590295,0.0,0.002476449595952213,1
x_aq_vidu_top/x_aq_vidu_vid_wbt_fp/read_data_27[2:0],1,6.953039173422703e-07,1.187,1.535783056590295,0.0,0.002476449595952213,1
x_aq_vidu_top/x_aq_vidu_vid_wbt_fp/read_data_28[2:0],1,6.953039173422703e-07,1.187,1.535783056590295,0.0,0.002476449595952213,1
x_aq_vidu_top/x_aq_vidu_vid_wbt_fp/read_data_29[2:0],1,6.953039173422703e-07,1.187,1.535783056590295,0.0,0.002476449595952213,1
x_aq_vidu_top/x_aq_vidu_vid_wbt_fp/read_data_3[2:0],1,6.953039173422703e-07,1.187,1.535783056590295,0.0,0.002476449595952213,1
x_aq_vidu_top/x_aq_vidu_vid_wbt_fp/read_data_30[2:0],1,6.953039173422703e-07,1.187,1.535783056590295,0.0,0.002476449595952213,1
x_aq_vidu_top/x_aq_vidu_vid_wbt_fp/read_data_31[2:0],1,6.953039173422703e-07,1.187,1.535783056590295,0.0,0.002476449595952213,1
x_aq_vidu_top/x_aq_vidu_vid_wbt_fp/read_data_4[2:0],1,6.953039173422703e-07,1.187,1.535783056590295,0.0,0.002476449595952213,1
x_aq_vidu_top/x_aq_vidu_vid_wbt_fp/read_data_5[2:0],1,6.953039173422703e-07,1.187,1.535783056590295,0.0,0.002476449595952213,1
x_aq_vidu_top/x_aq_vidu_vid_wbt_fp/read_data_6[2:0],1,6.953039173422703e-07,1.187,1.535783056590295,0.0,0.002476449595952213,1
x_aq_vidu_top/x_aq_vidu_vid_wbt_fp/read_data_7[2:0],1,6.953039173422703e-07,1.187,1.535783056590295,0.0,0.002476449595952213,1
x_aq_vidu_top/x_aq_vidu_vid_wbt_fp/read_data_8[2:0],5,3.4765195867113516e-06,1.1652,1.507577436848367,0.0,-0.009017820837543702,2
x_aq_vidu_top/x_aq_vidu_vid_wbt_fp/read_data_9[2:0],5,3.4765195867113516e-06,1.126,1.4568590747436159,0.0,-0.009063429342797488,2
x_aq_vidu_top/x_aq_vidu_vid_wbt_fp/vpu_vidu_wbt_bankx_wb0_reg_expand[31:0],203016,0.14115782008315836,1.2694027884009143,1.642398731604549,0.08573708476179218,0.007767082005973386,3
x_aq_vidu_top/x_aq_vidu_vid_wbt_fp/vpu_vidu_wbt_bankx_wb1_reg_expand[31:0],139487,0.09698585751832126,1.0390979086940002,1.3444220406997935,0.06889530924028762,-0.12014516445467896,3
x_aq_vidu_top/x_aq_vidu_vid_wbt_fp/wb_clk,0,0.0,0.0,0.0,0.0,,0
x_aq_vidu_top/x_aq_vidu_vid_wbt_fp/wb_clk_en,67260,0.0467661414804411,0.9811864504906334,1.2694941247004945,0.013559322033898305,0.3078183290570361,1
x_aq_vidu_top/x_aq_vidu_vid_wbt_fp/wb_debug[31:0],343537,0.23886262185201151,1.1245342416450048,1.4549626241567102,0.06001682497081828,0.001953807645286262,32
x_aq_vidu_top/x_aq_vidu_vid_wbt_fp/wb_en[31:0],266567,0.18534507933417696,1.1866536518248694,1.535334938933137,0.05428653959417332,0.4610888288653683,3
x_aq_vidu_top/x_aq_vidu_vid_wbt_fp/wbt_create_dstv_reg[31:0],266079,0.18500577102251395,1.0752390695094314,1.3911827672590558,0.06202669132099865,0.37225881657560517,2
x_aq_vidu_top/x_aq_vidu_vid_wbt_fp/x_create_clk_gated_clk_cell/clk_in,0,0.0,0.0,0.0,0.0,,0
x_aq_vidu_top/x_aq_vidu_vid_wbt_fp/x_create_clk_gated_clk_cell/global_en,1,6.953039173422703e-07,1.187,1.535783056590295,0.0,0.002476449595952213,1
x_aq_vidu_top/x_aq_vidu_vid_wbt_fp/x_create_clk_gated_clk_cell/module_en,0,0.0,0.0,0.0,0.0,,0
x_aq_vidu_top/x_aq_vidu_vid_wbt_fp/x_create_clk_gated_clk_cell/local_en,67260,0.0467661414804411,0.9931468777876897,1.2849689533377306,0.013559322033898305,0.2648989674908191,1
x_aq_vidu_top/x_aq_vidu_vid_wbt_fp/x_create_clk_gated_clk_cell/external_en,0,0.0,0.0,0.0,0.0,,0
x_aq_vidu_top/x_aq_vidu_vid_wbt_fp/x_create_clk_gated_clk_cell/pad_yy_icg_scan_en,0,0.0,0.0,0.0,0.0,,0
x_aq_vidu_top/x_aq_vidu_vid_wbt_fp/x_create_clk_gated_clk_cell/clk_out,0,0.0,0.0,0.0,0.0,,0
x_aq_vidu_top/x_aq_vidu_vid_wbt_fp/x_create_clk_gated_clk_cell/clk_en_bf_latch,67260,0.0467661414804411,0.9931468777876897,1.2849689533377306,0.013559322033898305,0.2648989674908191,1
x_aq_vidu_top/x_aq_vidu_vid_wbt_fp/x_create_clk_gated_clk_cell/SE,0,0.0,0.0,0.0,0.0,,0
x_aq_vidu_top/x_aq_vidu_vid_wbt_fp/x_wb_clk_gated_clk_cell/clk_in,0,0.0,0.0,0.0,0.0,,0
x_aq_vidu_top/x_aq_vidu_vid_wbt_fp/x_wb_clk_gated_clk_cell/global_en,1,6.953039173422703e-07,1.187,1.535783056590295,0.0,0.002476449595952213,1
x_aq_vidu_top/x_aq_vidu_vid_wbt_fp/x_wb_clk_gated_clk_cell/module_en,0,0.0,0.0,0.0,0.0,,0
x_aq_vidu_top/x_aq_vidu_vid_wbt_fp/x_wb_clk_gated_clk_cell/local_en,67260,0.0467661414804411,0.9811864504906334,1.2694941247004945,0.013559322033898305,0.3078183290570361,1
x_aq_vidu_top/x_aq_vidu_vid_wbt_fp/x_wb_clk_gated_clk_cell/external_en,0,0.0,0.0,0.0,0.0,,0
x_aq_vidu_top/x_aq_vidu_vid_wbt_fp/x_wb_clk_gated_clk_cell/pad_yy_icg_scan_en,0,0.0,0.0,0.0,0.0,,0
x_aq_vidu_top/x_aq_vidu_vid_wbt_fp/x_wb_clk_gated_clk_cell/clk_out,0,0.0,0.0,0.0,0.0,,0
x_aq_vidu_top/x_aq_vidu_vid_wbt_fp/x_wb_clk_gated_clk_cell/clk_en_bf_latch,67260,0.0467661414804411,0.9811864504906334,1.2694941247004945,0.013559322033898305,0.3078183290570361,1
x_aq_vidu_top/x_aq_vidu_vid_wbt_fp/x_wb_clk_gated_clk_cell/SE,0,0.0,0.0,0.0,0.0,,0
x_aq_vidu_top/x_aq_vidu_vid_wbt_fp/x_aq_vidu_vid_wbt_entry_reg_0/cpurst_b,3,2.0859117520268108e-06,0.5556666666666668,0.7189414084066336,0.0,0.002281077192413555,1
x_aq_vidu_top/x_aq_vidu_vid_wbt_fp/x_aq_vidu_vid_wbt_entry_reg_0/create_clk,0,0.0,0.0,0.0,0.0,,0
x_aq_vidu_top/x_aq_vidu_vid_wbt_fp/x_aq_vidu_vid_wbt_entry_reg_0/create_en_x,0,0.0,0.0,0.0,0.0,,0
x_aq_vidu_top/x_aq_vidu_vid_wbt_fp/x_aq_vidu_vid_wbt_entry_reg_0/dp_wbt_bankx_dstv_type,42880,0.029814631975636552,0.7141620333488806,0.9240083828789251,0.0,-0.08962630594198402,1
x_aq_vidu_top/x_aq_vidu_vid_wbt_fp/x_aq_vidu_vid_wbt_entry_reg_0/read_data_y[2:0],1,6.953039173422703e-07,1.187,1.535783056590295,0.0,0.002476449595952213,1
x_aq_vidu_top/x_aq_vidu_vid_wbt_fp/x_aq_vidu_vid_wbt_entry_reg_0/rtu_vidu_flush_wbt,0,0.0,0.0,0.0,0.0,,0
x_aq_vidu_top/x_aq_vidu_vid_wbt_fp/x_aq_vidu_vid_wbt_entry_reg_0/rtu_yy_xx_async_flush,0,0.0,0.0,0.0,0.0,,0
x_aq_vidu_top/x_aq_vidu_vid_wbt_fp/x_aq_vidu_vid_wbt_entry_reg_0/wb_clk,0,0.0,0.0,0.0,0.0,,0
x_aq_vidu_top/x_aq_vidu_vid_wbt_fp/x_aq_vidu_vid_wbt_entry_reg_0/wb_debug_x,1,6.953039173422703e-07,1.187,1.535783056590295,0.0,0.002476449595952213,1
x_aq_vidu_top/x_aq_vidu_vid_wbt_fp/x_aq_vidu_vid_wbt_entry_reg_0/wb_en_x,0,0.0,0.0,0.0,0.0,,0
x_aq_vidu_top/x_aq_vidu_vid_wbt_fp/x_aq_vidu_vid_wbt_entry_reg_0/cnt_update_val,0,0.0,0.0,0.0,0.0,,0
x_aq_vidu_top/x_aq_vidu_vid_wbt_fp/x_aq_vidu_vid_wbt_entry_reg_1/cpurst_b,3,2.0859117520268108e-06,0.5556666666666668,0.7189414084066336,0.0,0.002281077192413555,1
x_aq_vidu_top/x_aq_vidu_vid_wbt_fp/x_aq_vidu_vid_wbt_entry_reg_1/create_clk,0,0.0,0.0,0.0,0.0,,0
x_aq_vidu_top/x_aq_vidu_vid_wbt_fp/x_aq_vidu_vid_wbt_entry_reg_1/create_en_x,0,0.0,0.0,0.0,0.0,,0
x_aq_vidu_top/x_aq_vidu_vid_wbt_fp/x_aq_vidu_vid_wbt_entry_reg_1/dp_wbt_bankx_dstv_type,42880,0.029814631975636552,0.7141620333488806,0.9240083828789251,0.0,-0.08962630594198402,1
x_aq_vidu_top/x_aq_vidu_vid_wbt_fp/x_aq_vidu_vid_wbt_entry_reg_1/read_data_y[2:0],1,6.953039173422703e-07,1.187,1.535783056590295,0.0,0.002476449595952213,1
x_aq_vidu_top/x_aq_vidu_vid_wbt_fp/x_aq_vidu_vid_wbt_entry_reg_1/rtu_vidu_flush_wbt,0,0.0,0.0,0.0,0.0,,0
x_aq_vidu_top/x_aq_vidu_vid_wbt_fp/x_aq_vidu_vid_wbt_entry_reg_1/rtu_yy_xx_async_flush,0,0.0,0.0,0.0,0.0,,0
x_aq_vidu_top/x_aq_vidu_vid_wbt_fp/x_aq_vidu_vid_wbt_entry_reg_1/wb_clk,0,0.0,0.0,0.0,0.0,,0
x_aq_vidu_top/x_aq_vidu_vid_wbt_fp/x_aq_vidu_vid_wbt_entry_reg_1/wb_debug_x,1,6.953039173422703e-07,1.187,1.535783056590295,0.0,0.002476449595952213,1
x_aq_vidu_top/x_aq_vidu_vid_wbt_fp/x_aq_vidu_vid_wbt_entry_reg_1/wb_en_x,0,0.0,0.0,0.0,0.0,,0
x_aq_vidu_top/x_aq_vidu_vid_wbt_fp/x_aq_vidu_vid_wbt_entry_reg_1/cnt_update_val,0,0.0,0.0,0.0,0.0,,0
x_aq_vidu_top/x_aq_vidu_vid_wbt_fp/x_aq_vidu_vid_wbt_entry_reg_2/cpurst_b,3,2.0859117520268108e-06,0.5556666666666668,0.7189414084066336,0.0,0.002281077192413555,1
x_aq_vidu_top/x_aq_vidu_vid_wbt_fp/x_aq_vidu_vid_wbt_entry_reg_2/create_clk,0,0.0,0.0,0.0,0.0,,0
x_aq_vidu_top/x_aq_vidu_vid_wbt_fp/x_aq_vidu_vid_wbt_entry_reg_2/create_en_x,0,0.0,0.0,0.0,0.0,,0
x_aq_vidu_top/x_aq_vidu_vid_wbt_fp/x_aq_vidu_vid_wbt_entry_reg_2/dp_wbt_bankx_dstv_type,42880,0.029814631975636552,0.7141620333488806,0.9240083828789251,0.0,-0.08962630594198402,1
x_aq_vidu_top/x_aq_vidu_vid_wbt_fp/x_aq_vidu_vid_wbt_entry_reg_2/read_data_y[2:0],1,6.953039173422703e-07,1.187,1.535783056590295,0.0,0.002476449595952213,1
x_aq_vidu_top/x_aq_vidu_vid_wbt_fp/x_aq_vidu_vid_wbt_entry_reg_2/rtu_vidu_flush_wbt,0,0.0,0.0,0.0,0.0,,0
x_aq_vidu_top/x_aq_vidu_vid_wbt_fp/x_aq_vidu_vid_wbt_entry_reg_2/rtu_yy_xx_async_flush,0,0.0,0.0,0.0,0.0,,0
x_aq_vidu_top/x_aq_vidu_vid_wbt_fp/x_aq_vidu_vid_wbt_entry_reg_2/wb_clk,0,0.0,0.0,0.0,0.0,,0
x_aq_vidu_top/x_aq_vidu_vid_wbt_fp/x_aq_vidu_vid_wbt_entry_reg_2/wb_debug_x,1,6.953039173422703e-07,1.187,1.535783056590295,0.0,0.002476449595952213,1
x_aq_vidu_top/x_aq_vidu_vid_wbt_fp/x_aq_vidu_vid_wbt_entry_reg_2/wb_en_x,0,0.0,0.0,0.0,0.0,,0
x_aq_vidu_top/x_aq_vidu_vid_wbt_fp/x_aq_vidu_vid_wbt_entry_reg_2/cnt_update_val,0,0.0,0.0,0.0,0.0,,0
x_aq_vidu_top/x_aq_vidu_vid_wbt_fp/x_aq_vidu_vid_wbt_entry_reg_3/cpurst_b,3,2.0859117520268108e-06,0.5556666666666668,0.7189414084066336,0.0,0.002281077192413555,1
x_aq_vidu_top/x_aq_vidu_vid_wbt_fp/x_aq_vidu_vid_wbt_entry_reg_3/create_clk,0,0.0,0.0,0.0,0.0,,0
x_aq_vidu_top/x_aq_vidu_vid_wbt_fp/x_aq_vidu_vid_wbt_entry_reg_3/create_en_x,0,0.0,0.0,0.0,0.0,,0
x_aq_vidu_top/x_aq_vidu_vid_wbt_fp/x_aq_vidu_vid_wbt_entry_reg_3/dp_wbt_bankx_dstv_type,42880,0.029814631975636552,0.7141620333488806,0.9240083828789251,0.0,-0.08962630594198402,1
x_aq_vidu_top/x_aq_vidu_vid_wbt_fp/x_aq_vidu_vid_wbt_entry_reg_3/read_data_y[2:0],1,6.953039173422703e-07,1.187,1.535783056590295,0.0,0.002476449595952213,1
x_aq_vidu_top/x_aq_vidu_vid_wbt_fp/x_aq_vidu_vid_wbt_entry_reg_3/rtu_vidu_flush_wbt,0,0.0,0.0,0.0,0.0,,0
x_aq_vidu_top/x_aq_vidu_vid_wbt_fp/x_aq_vidu_vid_wbt_entry_reg_3/rtu_yy_xx_async_flush,0,0.0,0.0,0.0,0.0,,0
x_aq_vidu_top/x_aq_vidu_vid_wbt_fp/x_aq_vidu_vid_wbt_entry_reg_3/wb_clk,0,0.0,0.0,0.0,0.0,,0
x_aq_vidu_top/x_aq_vidu_vid_wbt_fp/x_aq_vidu_vid_wbt_entry_reg_3/wb_debug_x,1,6.953039173422703e-07,1.187,1.535783056590295,0.0,0.002476449595952213,1
x_aq_vidu_top/x_aq_vidu_vid_wbt_fp/x_aq_vidu_vid_wbt_entry_reg_3/wb_en_x,0,0.0,0.0,0.0,0.0,,0
x_aq_vidu_top/x_aq_vidu_vid_wbt_fp/x_aq_vidu_vid_wbt_entry_reg_3/cnt_update_val,0,0.0,0.0,0.0,0.0,,0
x_aq_vidu_top/x_aq_vidu_vid_wbt_fp/x_aq_vidu_vid_wbt_entry_reg_4/cpurst_b,3,2.0859117520268108e-06,0.5556666666666668,0.7189414084066336,0.0,0.002281077192413555,1
x_aq_vidu_top/x_aq_vidu_vid_wbt_fp/x_aq_vidu_vid_wbt_entry_reg_4/create_clk,0,0.0,0.0,0.0,0.0,,0
x_aq_vidu_top/x_aq_vidu_vid_wbt_fp/x_aq_vidu_vid_wbt_entry_reg_4/create_en_x,0,0.0,0.0,0.0,0.0,,0
x_aq_vidu_top/x_aq_vidu_vid_wbt_fp/x_aq_vidu_vid_wbt_entry_reg_4/dp_wbt_bankx_dstv_type,42880,0.029814631975636552,0.7141620333488806,0.9240083828789251,0.0,-0.08962630594198402,1
x_aq_vidu_top/x_aq_vidu_vid_wbt_fp/x_aq_vidu_vid_wbt_entry_reg_4/read_data_y[2:0],1,6.953039173422703e-07,1.187,1.535783056590295,0.0,0.002476449595952213,1
x_aq_vidu_top/x_aq_vidu_vid_wbt_fp/x_aq_vidu_vid_wbt_entry_reg_4/rtu_vidu_flush_wbt,0,0.0,0.0,0.0,0.0,,0
x_aq_vidu_top/x_aq_vidu_vid_wbt_fp/x_aq_vidu_vid_wbt_entry_reg_4/rtu_yy_xx_async_flush,0,0.0,0.0,0.0,0.0,,0
x_aq_vidu_top/x_aq_vidu_vid_wbt_fp/x_aq_vidu_vid_wbt_entry_reg_4/wb_clk,0,0.0,0.0,0.0,0.0,,0
x_aq_vidu_top/x_aq_vidu_vid_wbt_fp/x_aq_vidu_vid_wbt_entry_reg_4/wb_debug_x,1,6.953039173422703e-07,1.187,1.535783056590295,0.0,0.002476449595952213,1
x_aq_vidu_top/x_aq_vidu_vid_wbt_fp/x_aq_vidu_vid_wbt_entry_reg_4/wb_en_x,0,0.0,0.0,0.0,0.0,,0
x_aq_vidu_top/x_aq_vidu_vid_wbt_fp/x_aq_vidu_vid_wbt_entry_reg_4/cnt_update_val,0,0.0,0.0,0.0,0.0,,0
x_aq_vidu_top/x_aq_vidu_vid_wbt_fp/x_aq_vidu_vid_wbt_entry_reg_5/cpurst_b,3,2.0859117520268108e-06,0.5556666666666668,0.7189414084066336,0.0,0.002281077192413555,1
x_aq_vidu_top/x_aq_vidu_vid_wbt_fp/x_aq_vidu_vid_wbt_entry_reg_5/create_clk,0,0.0,0.0,0.0,0.0,,0
x_aq_vidu_top/x_aq_vidu_vid_wbt_fp/x_aq_vidu_vid_wbt_entry_reg_5/create_en_x,0,0.0,0.0,0.0,0.0,,0
x_aq_vidu_top/x_aq_vidu_vid_wbt_fp/x_aq_vidu_vid_wbt_entry_reg_5/dp_wbt_bankx_dstv_type,42880,0.029814631975636552,0.7141620333488806,0.9240083828789251,0.0,-0.08962630594198402,1
x_aq_vidu_top/x_aq_vidu_vid_wbt_fp/x_aq_vidu_vid_wbt_entry_reg_5/read_data_y[2:0],1,6.953039173422703e-07,1.187,1.535783056590295,0.0,0.002476449595952213,1
x_aq_vidu_top/x_aq_vidu_vid_wbt_fp/x_aq_vidu_vid_wbt_entry_reg_5/rtu_vidu_flush_wbt,0,0.0,0.0,0.0,0.0,,0
x_aq_vidu_top/x_aq_vidu_vid_wbt_fp/x_aq_vidu_vid_wbt_entry_reg_5/rtu_yy_xx_async_flush,0,0.0,0.0,0.0,0.0,,0
x_aq_vidu_top/x_aq_vidu_vid_wbt_fp/x_aq_vidu_vid_wbt_entry_reg_5/wb_clk,0,0.0,0.0,0.0,0.0,,0
x_aq_vidu_top/x_aq_vidu_vid_wbt_fp/x_aq_vidu_vid_wbt_entry_reg_5/wb_debug_x,1,6.953039173422703e-07,1.187,1.535783056590295,0.0,0.002476449595952213,1
x_aq_vidu_top/x_aq_vidu_vid_wbt_fp/x_aq_vidu_vid_wbt_entry_reg_5/wb_en_x,0,0.0,0.0,0.0,0.0,,0
x_aq_vidu_top/x_aq_vidu_vid_wbt_fp/x_aq_vidu_vid_wbt_entry_reg_5/cnt_update_val,0,0.0,0.0,0.0,0.0,,0
x_aq_vidu_top/x_aq_vidu_vid_wbt_fp/x_aq_vidu_vid_wbt_entry_reg_6/cpurst_b,3,2.0859117520268108e-06,0.5556666666666668,0.7189414084066336,0.0,0.002281077192413555,1
x_aq_vidu_top/x_aq_vidu_vid_wbt_fp/x_aq_vidu_vid_wbt_entry_reg_6/create_clk,0,0.0,0.0,0.0,0.0,,0
x_aq_vidu_top/x_aq_vidu_vid_wbt_fp/x_aq_vidu_vid_wbt_entry_reg_6/create_en_x,0,0.0,0.0,0.0,0.0,,0
x_aq_vidu_top/x_aq_vidu_vid_wbt_fp/x_aq_vidu_vid_wbt_entry_reg_6/dp_wbt_bankx_dstv_type,42880,0.029814631975636552,0.7141620333488806,0.9240083828789251,0.0,-0.08962630594198402,1
x_aq_vidu_top/x_aq_vidu_vid_wbt_fp/x_aq_vidu_vid_wbt_entry_reg_6/read_data_y[2:0],1,6.953039173422703e-07,1.187,1.535783056590295,0.0,0.002476449595952213,1
x_aq_vidu_top/x_aq_vidu_vid_wbt_fp/x_aq_vidu_vid_wbt_entry_reg_6/rtu_vidu_flush_wbt,0,0.0,0.0,0.0,0.0,,0
x_aq_vidu_top/x_aq_vidu_vid_wbt_fp/x_aq_vidu_vid_wbt_entry_reg_6/rtu_yy_xx_async_flush,0,0.0,0.0,0.0,0.0,,0
x_aq_vidu_top/x_aq_vidu_vid_wbt_fp/x_aq_vidu_vid_wbt_entry_reg_6/wb_clk,0,0.0,0.0,0.0,0.0,,0
x_aq_vidu_top/x_aq_vidu_vid_wbt_fp/x_aq_vidu_vid_wbt_entry_reg_6/wb_debug_x,1,6.953039173422703e-07,1.187,1.535783056590295,0.0,0.002476449595952213,1
x_aq_vidu_top/x_aq_vidu_vid_wbt_fp/x_aq_vidu_vid_wbt_entry_reg_6/wb_en_x,0,0.0,0.0,0.0,0.0,,0
x_aq_vidu_top/x_aq_vidu_vid_wbt_fp/x_aq_vidu_vid_wbt_entry_reg_6/cnt_update_val,0,0.0,0.0,0.0,0.0,,0
x_aq_vidu_top/x_aq_vidu_vid_wbt_fp/x_aq_vidu_vid_wbt_entry_reg_7/cpurst_b,3,2.0859117520268108e-06,0.5556666666666668,0.7189414084066336,0.0,0.002281077192413555,1
x_aq_vidu_top/x_aq_vidu_vid_wbt_fp/x_aq_vidu_vid_wbt_entry_reg_7/create_clk,0,0.0,0.0,0.0,0.0,,0
x_aq_vidu_top/x_aq_vidu_vid_wbt_fp/x_aq_vidu_vid_wbt_entry_reg_7/create_en_x,0,0.0,0.0,0.0,0.0,,0
x_aq_vidu_top/x_aq_vidu_vid_wbt_fp/x_aq_vidu_vid_wbt_entry_reg_7/dp_wbt_bankx_dstv_type,42880,0.029814631975636552,0.7141620333488806,0.9240083828789251,0.0,-0.08962630594198402,1
x_aq_vidu_top/x_aq_vidu_vid_wbt_fp/x_aq_vidu_vid_wbt_entry_reg_7/read_data_y[2:0],1,6.953039173422703e-07,1.187,1.535783056590295,0.0,0.002476449595952213,1
x_aq_vidu_top/x_aq_vidu_vid_wbt_fp/x_aq_vidu_vid_wbt_entry_reg_7/rtu_vidu_flush_wbt,0,0.0,0.0,0.0,0.0,,0
x_aq_vidu_top/x_aq_vidu_vid_wbt_fp/x_aq_vidu_vid_wbt_entry_reg_7/rtu_yy_xx_async_flush,0,0.0,0.0,0.0,0.0,,0
x_aq_vidu_top/x_aq_vidu_vid_wbt_fp/x_aq_vidu_vid_wbt_entry_reg_7/wb_clk,0,0.0,0.0,0.0,0.0,,0
x_aq_vidu_top/x_aq_vidu_vid_wbt_fp/x_aq_vidu_vid_wbt_entry_reg_7/wb_debug_x,1,6.953039173422703e-07,1.187,1.535783056590295,0.0,0.002476449595952213,1
x_aq_vidu_top/x_aq_vidu_vid_wbt_fp/x_aq_vidu_vid_wbt_entry_reg_7/wb_en_x,0,0.0,0.0,0.0,0.0,,0
x_aq_vidu_top/x_aq_vidu_vid_wbt_fp/x_aq_vidu_vid_wbt_entry_reg_7/cnt_update_val,0,0.0,0.0,0.0,0.0,,0
x_aq_vidu_top/x_aq_vidu_vid_wbt_fp/x_aq_vidu_vid_wbt_entry_reg_8/cpurst_b,3,2.0859117520268108e-06,0.5556666666666668,0.7189414084066336,0.0,0.002281077192413555,1
x_aq_vidu_top/x_aq_vidu_vid_wbt_fp/x_aq_vidu_vid_wbt_entry_reg_8/create_clk,0,0.0,0.0,0.0,0.0,,0
x_aq_vidu_top/x_aq_vidu_vid_wbt_fp/x_aq_vidu_vid_wbt_entry_reg_8/create_en_x,0,0.0,0.0,0.0,0.0,,0
x_aq_vidu_top/x_aq_vidu_vid_wbt_fp/x_aq_vidu_vid_wbt_entry_reg_8/dp_wbt_bankx_dstv_type,42880,0.029814631975636552,0.7141620333488806,0.9240083828789251,0.0,-0.08962630594198402,1
x_aq_vidu_top/x_aq_vidu_vid_wbt_fp/x_aq_vidu_vid_wbt_entry_reg_8/read_data_y[2:0],5,3.4765195867113516e-06,1.1652,1.507577436848367,0.0,-0.009017820837543702,2
x_aq_vidu_top/x_aq_vidu_vid_wbt_fp/x_aq_vidu_vid_wbt_entry_reg_8/rtu_vidu_flush_wbt,0,0.0,0.0,0.0,0.0,,0
x_aq_vidu_top/x_aq_vidu_vid_wbt_fp/x_aq_vidu_vid_wbt_entry_reg_8/rtu_yy_xx_async_flush,0,0.0,0.0,0.0,0.0,,0
x_aq_vidu_top/x_aq_vidu_vid_wbt_fp/x_aq_vidu_vid_wbt_entry_reg_8/wb_clk,0,0.0,0.0,0.0,0.0,,0
x_aq_vidu_top/x_aq_vidu_vid_wbt_fp/x_aq_vidu_vid_wbt_entry_reg_8/wb_debug_x,3,2.0859117520268108e-06,1.2206666666666663,1.579342194112232,0.0,0.0016865093528532858,1
x_aq_vidu_top/x_aq_vidu_vid_wbt_fp/x_aq_vidu_vid_wbt_entry_reg_8/wb_en_x,0,0.0,0.0,0.0,0.0,,0
x_aq_vidu_top/x_aq_vidu_vid_wbt_fp/x_aq_vidu_vid_wbt_entry_reg_8/cnt_update_val,0,0.0,0.0,0.0,0.0,,0
x_aq_vidu_top/x_aq_vidu_vid_wbt_fp/x_aq_vidu_vid_wbt_entry_reg_9/cpurst_b,3,2.0859117520268108e-06,0.5556666666666668,0.7189414084066336,0.0,0.002281077192413555,1
x_aq_vidu_top/x_aq_vidu_vid_wbt_fp/x_aq_vidu_vid_wbt_entry_reg_9/create_clk,0,0.0,0.0,0.0,0.0,,0
x_aq_vidu_top/x_aq_vidu_vid_wbt_fp/x_aq_vidu_vid_wbt_entry_reg_9/create_en_x,0,0.0,0.0,0.0,0.0,,0
x_aq_vidu_top/x_aq_vidu_vid_wbt_fp/x_aq_vidu_vid_wbt_entry_reg_9/dp_wbt_bankx_dstv_type,42880,0.029814631975636552,0.7141620333488806,0.9240083828789251,0.0,-0.08962630594198402,1
x_aq_vidu_top/x_aq_vidu_vid_wbt_fp/x_aq_vidu_vid_wbt_entry_reg_9/read_data_y[2:0],5,3.4765195867113516e-06,1.126,1.4568590747436159,0.0,-0.009063429342797488,2
x_aq_vidu_top/x_aq_vidu_vid_wbt_fp/x_aq_vidu_vid_wbt_entry_reg_9/rtu_vidu_flush_wbt,0,0.0,0.0,0.0,0.0,,0
x_aq_vidu_top/x_aq_vidu_vid_wbt_fp/x_aq_vidu_vid_wbt_entry_reg_9/rtu_yy_xx_async_flush,0,0.0,0.0,0.0,0.0,,0
x_aq_vidu_top/x_aq_vidu_vid_wbt_fp/x_aq_vidu_vid_wbt_entry_reg_9/wb_clk,0,0.0,0.0,0.0,0.0,,0
x_aq_vidu_top/x_aq_vidu_vid_wbt_fp/x_aq_vidu_vid_wbt_entry_reg_9/wb_debug_x,3,2.0859117520268108e-06,0.7893333333333336,1.0212676995242402,0.0,0.0017634000097005785,1
x_aq_vidu_top/x_aq_vidu_vid_wbt_fp/x_aq_vidu_vid_wbt_entry_reg_9/wb_en_x,0,0.0,0.0,0.0,0.0,,0
x_aq_vidu_top/x_aq_vidu_vid_wbt_fp/x_aq_vidu_vid_wbt_entry_reg_9/cnt_update_val,0,0.0,0.0,0.0,0.0,,0
x_aq_vidu_top/x_aq_vidu_vid_wbt_fp/x_aq_vidu_vid_wbt_entry_reg_10/cpurst_b,3,2.0859117520268108e-06,0.5556666666666668,0.7189414084066336,0.0,0.002281077192413555,1
x_aq_vidu_top/x_aq_vidu_vid_wbt_fp/x_aq_vidu_vid_wbt_entry_reg_10/create_clk,0,0.0,0.0,0.0,0.0,,0
x_aq_vidu_top/x_aq_vidu_vid_wbt_fp/x_aq_vidu_vid_wbt_entry_reg_10/create_en_x,0,0.0,0.0,0.0,0.0,,0
x_aq_vidu_top/x_aq_vidu_vid_wbt_fp/x_aq_vidu_vid_wbt_entry_reg_10/dp_wbt_bankx_dstv_type,42880,0.029814631975636552,0.7141620333488806,0.9240083828789251,0.0,-0.08962630594198402,1
x_aq_vidu_top/x_aq_vidu_vid_wbt_fp/x_aq_vidu_vid_wbt_entry_reg_10/read_data_y[2:0],79801,0.05548594790783051,1.3586527484116742,1.757873522157107,0.1477174471497851,0.05873079828655687,2
x_aq_vidu_top/x_aq_vidu_vid_wbt_fp/x_aq_vidu_vid_wbt_entry_reg_10/rtu_vidu_flush_wbt,0,0.0,0.0,0.0,0.0,,0
x_aq_vidu_top/x_aq_vidu_vid_wbt_fp/x_aq_vidu_vid_wbt_entry_reg_10/rtu_yy_xx_async_flush,0,0.0,0.0,0.0,0.0,,0
x_aq_vidu_top/x_aq_vidu_vid_wbt_fp/x_aq_vidu_vid_wbt_entry_reg_10/wb_clk,0,0.0,0.0,0.0,0.0,,0
x_aq_vidu_top/x_aq_vidu_vid_wbt_fp/x_aq_vidu_vid_wbt_entry_reg_10/wb_debug_x,67257,0.046764055568689074,0.999002945953581,1.2925457437904802,0.06536122634075263,-0.1678224318920915,1
x_aq_vidu_top/x_aq_vidu_vid_wbt_fp/x_aq_vidu_vid_wbt_entry_reg_10/wb_en_x,0,0.0,0.0,0.0,0.0,,0
x_aq_vidu_top/x_aq_vidu_vid_wbt_fp/x_aq_vidu_vid_wbt_entry_reg_10/cnt_update_val,0,0.0,0.0,0.0,0.0,,0
x_aq_vidu_top/x_aq_vidu_vid_wbt_fp/x_aq_vidu_vid_wbt_entry_reg_11/cpurst_b,3,2.0859117520268108e-06,0.5556666666666668,0.7189414084066336,0.0,0.002281077192413555,1
x_aq_vidu_top/x_aq_vidu_vid_wbt_fp/x_aq_vidu_vid_wbt_entry_reg_11/create_clk,0,0.0,0.0,0.0,0.0,,0
x_aq_vidu_top/x_aq_vidu_vid_wbt_fp/x_aq_vidu_vid_wbt_entry_reg_11/create_en_x,0,0.0,0.0,0.0,0.0,,0
x_aq_vidu_top/x_aq_vidu_vid_wbt_fp/x_aq_vidu_vid_wbt_entry_reg_11/dp_wbt_bankx_dstv_type,42880,0.029814631975636552,0.7141620333488806,0.9240083828789251,0.0,-0.08962630594198402,1
x_aq_vidu_top/x_aq_vidu_vid_wbt_fp/x_aq_vidu_vid_wbt_entry_reg_11/read_data_y[2:0],1,6.953039173422703e-07,1.187,1.535783056590295,0.0,0.002476449595952213,1
x_aq_vidu_top/x_aq_vidu_vid_wbt_fp/x_aq_vidu_vid_wbt_entry_reg_11/rtu_vidu_flush_wbt,0,0.0,0.0,0.0,0.0,,0
x_aq_vidu_top/x_aq_vidu_vid_wbt_fp/x_aq_vidu_vid_wbt_entry_reg_11/rtu_yy_xx_async_flush,0,0.0,0.0,0.0,0.0,,0
x_aq_vidu_top/x_aq_vidu_vid_wbt_fp/x_aq_vidu_vid_wbt_entry_reg_11/wb_clk,0,0.0,0.0,0.0,0.0,,0
x_aq_vidu_top/x_aq_vidu_vid_wbt_fp/x_aq_vidu_vid_wbt_entry_reg_11/wb_debug_x,1,6.953039173422703e-07,1.187,1.535783056590295,0.0,0.002476449595952213,1
x_aq_vidu_top/x_aq_vidu_vid_wbt_fp/x_aq_vidu_vid_wbt_entry_reg_11/wb_en_x,0,0.0,0.0,0.0,0.0,,0
x_aq_vidu_top/x_aq_vidu_vid_wbt_fp/x_aq_vidu_vid_wbt_entry_reg_11/cnt_update_val,0,0.0,0.0,0.0,0.0,,0
x_aq_vidu_top/x_aq_vidu_vid_wbt_fp/x_aq_vidu_vid_wbt_entry_reg_12/cpurst_b,3,2.0859117520268108e-06,0.5556666666666668,0.7189414084066336,0.0,0.002281077192413555,1
x_aq_vidu_top/x_aq_vidu_vid_wbt_fp/x_aq_vidu_vid_wbt_entry_reg_12/create_clk,0,0.0,0.0,0.0,0.0,,0
x_aq_vidu_top/x_aq_vidu_vid_wbt_fp/x_aq_vidu_vid_wbt_entry_reg_12/create_en_x,0,0.0,0.0,0.0,0.0,,0
x_aq_vidu_top/x_aq_vidu_vid_wbt_fp/x_aq_vidu_vid_wbt_entry_reg_12/dp_wbt_bankx_dstv_type,42880,0.029814631975636552,0.7141620333488806,0.9240083828789251,0.0,-0.08962630594198402,1
x_aq_vidu_top/x_aq_vidu_vid_wbt_fp/x_aq_vidu_vid_wbt_entry_reg_12/read_data_y[2:0],1,6.953039173422703e-07,1.187,1.535783056590295,0.0,0.002476449595952213,1
x_aq_vidu_top/x_aq_vidu_vid_wbt_fp/x_aq_vidu_vid_wbt_entry_reg_12/rtu_vidu_flush_wbt,0,0.0,0.0,0.0,0.0,,0
x_aq_vidu_top/x_aq_vidu_vid_wbt_fp/x_aq_vidu_vid_wbt_entry_reg_12/rtu_yy_xx_async_flush,0,0.0,0.0,0.0,0.0,,0
x_aq_vidu_top/x_aq_vidu_vid_wbt_fp/x_aq_vidu_vid_wbt_entry_reg_12/wb_clk,0,0.0,0.0,0.0,0.0,,0
x_aq_vidu_top/x_aq_vidu_vid_wbt_fp/x_aq_vidu_vid_wbt_entry_reg_12/wb_debug_x,1,6.953039173422703e-07,1.187,1.535783056590295,0.0,0.002476449595952213,1
x_aq_vidu_top/x_aq_vidu_vid_wbt_fp/x_aq_vidu_vid_wbt_entry_reg_12/wb_en_x,0,0.0,0.0,0.0,0.0,,0
x_aq_vidu_top/x_aq_vidu_vid_wbt_fp/x_aq_vidu_vid_wbt_entry_reg_12/cnt_update_val,0,0.0,0.0,0.0,0.0,,0
x_aq_vidu_top/x_aq_vidu_vid_wbt_fp/x_aq_vidu_vid_wbt_entry_reg_13/cpurst_b,3,2.0859117520268108e-06,0.5556666666666668,0.7189414084066336,0.0,0.002281077192413555,1
x_aq_vidu_top/x_aq_vidu_vid_wbt_fp/x_aq_vidu_vid_wbt_entry_reg_13/create_clk,0,0.0,0.0,0.0,0.0,,0
x_aq_vidu_top/x_aq_vidu_vid_wbt_fp/x_aq_vidu_vid_wbt_entry_reg_13/create_en_x,0,0.0,0.0,0.0,0.0,,0
x_aq_vidu_top/x_aq_vidu_vid_wbt_fp/x_aq_vidu_vid_wbt_entry_reg_13/dp_wbt_bankx_dstv_type,42880,0.029814631975636552,0.7141620333488806,0.9240083828789251,0.0,-0.08962630594198402,1
x_aq_vidu_top/x_aq_vidu_vid_wbt_fp/x_aq_vidu_vid_wbt_entry_reg_13/read_data_y[2:0],1,6.953039173422703e-07,1.187,1.535783056590295,0.0,0.002476449595952213,1
x_aq_vidu_top/x_aq_vidu_vid_wbt_fp/x_aq_vidu_vid_wbt_entry_reg_13/rtu_vidu_flush_wbt,0,0.0,0.0,0.0,0.0,,0
x_aq_vidu_top/x_aq_vidu_vid_wbt_fp/x_aq_vidu_vid_wbt_entry_reg_13/rtu_yy_xx_async_flush,0,0.0,0.0,0.0,0.0,,0
x_aq_vidu_top/x_aq_vidu_vid_wbt_fp/x_aq_vidu_vid_wbt_entry_reg_13/wb_clk,0,0.0,0.0,0.0,0.0,,0
x_aq_vidu_top/x_aq_vidu_vid_wbt_fp/x_aq_vidu_vid_wbt_entry_reg_13/wb_debug_x,1,6.953039173422703e-07,1.187,1.535783056590295,0.0,0.002476449595952213,1
x_aq_vidu_top/x_aq_vidu_vid_wbt_fp/x_aq_vidu_vid_wbt_entry_reg_13/wb_en_x,0,0.0,0.0,0.0,0.0,,0
x_aq_vidu_top/x_aq_vidu_vid_wbt_fp/x_aq_vidu_vid_wbt_entry_reg_13/cnt_update_val,0,0.0,0.0,0.0,0.0,,0
x_aq_vidu_top/x_aq_vidu_vid_wbt_fp/x_aq_vidu_vid_wbt_entry_reg_14/cpurst_b,3,2.0859117520268108e-06,0.5556666666666668,0.7189414084066336,0.0,0.002281077192413555,1
x_aq_vidu_top/x_aq_vidu_vid_wbt_fp/x_aq_vidu_vid_wbt_entry_reg_14/create_clk,0,0.0,0.0,0.0,0.0,,0
x_aq_vidu_top/x_aq_vidu_vid_wbt_fp/x_aq_vidu_vid_wbt_entry_reg_14/create_en_x,0,0.0,0.0,0.0,0.0,,0
x_aq_vidu_top/x_aq_vidu_vid_wbt_fp/x_aq_vidu_vid_wbt_entry_reg_14/dp_wbt_bankx_dstv_type,42880,0.029814631975636552,0.7141620333488806,0.9240083828789251,0.0,-0.08962630594198402,1
x_aq_vidu_top/x_aq_vidu_vid_wbt_fp/x_aq_vidu_vid_wbt_entry_reg_14/read_data_y[2:0],68967,0.04795302526734436,1.1576742210042483,1.4978403148017634,0.07103397276958545,0.3062377115472617,2
x_aq_vidu_top/x_aq_vidu_vid_wbt_fp/x_aq_vidu_vid_wbt_entry_reg_14/rtu_vidu_flush_wbt,0,0.0,0.0,0.0,0.0,,0
x_aq_vidu_top/x_aq_vidu_vid_wbt_fp/x_aq_vidu_vid_wbt_entry_reg_14/rtu_yy_xx_async_flush,0,0.0,0.0,0.0,0.0,,0
x_aq_vidu_top/x_aq_vidu_vid_wbt_fp/x_aq_vidu_vid_wbt_entry_reg_14/wb_clk,0,0.0,0.0,0.0,0.0,,0
x_aq_vidu_top/x_aq_vidu_vid_wbt_fp/x_aq_vidu_vid_wbt_entry_reg_14/wb_debug_x,68965,0.04795163465950967,1.3474666127745958,1.7434004997643977,0.07759008192561444,-0.4289510279617819,1
x_aq_vidu_top/x_aq_vidu_vid_wbt_fp/x_aq_vidu_vid_wbt_entry_reg_14/wb_en_x,0,0.0,0.0,0.0,0.0,,0
x_aq_vidu_top/x_aq_vidu_vid_wbt_fp/x_aq_vidu_vid_wbt_entry_reg_14/cnt_update_val,0,0.0,0.0,0.0,0.0,,0
x_aq_vidu_top/x_aq_vidu_vid_wbt_fp/x_aq_vidu_vid_wbt_entry_reg_15/cpurst_b,3,2.0859117520268108e-06,0.5556666666666668,0.7189414084066336,0.0,0.002281077192413555,1
x_aq_vidu_top/x_aq_vidu_vid_wbt_fp/x_aq_vidu_vid_wbt_entry_reg_15/create_clk,0,0.0,0.0,0.0,0.0,,0
x_aq_vidu_top/x_aq_vidu_vid_wbt_fp/x_aq_vidu_vid_wbt_entry_reg_15/create_en_x,0,0.0,0.0,0.0,0.0,,0
x_aq_vidu_top/x_aq_vidu_vid_wbt_fp/x_aq_vidu_vid_wbt_entry_reg_15/dp_wbt_bankx_dstv_type,42880,0.029814631975636552,0.7141620333488806,0.9240083828789251,0.0,-0.08962630594198402,1
x_aq_vidu_top/x_aq_vidu_vid_wbt_fp/x_aq_vidu_vid_wbt_entry_reg_15/read_data_y[2:0],87859,0.061088706873774525,1.2756151149683015,1.6504364619197966,0.06388645443267053,-0.06395252612365032,2
x_aq_vidu_top/x_aq_vidu_vid_wbt_fp/x_aq_vidu_vid_wbt_entry_reg_15/rtu_vidu_flush_wbt,0,0.0,0.0,0.0,0.0,,0
x_aq_vidu_top/x_aq_vidu_vid_wbt_fp/x_aq_vidu_vid_wbt_entry_reg_15/rtu_yy_xx_async_flush,0,0.0,0.0,0.0,0.0,,0
x_aq_vidu_top/x_aq_vidu_vid_wbt_fp/x_aq_vidu_vid_wbt_entry_reg_15/wb_clk,0,0.0,0.0,0.0,0.0,,0
x_aq_vidu_top/x_aq_vidu_vid_wbt_fp/x_aq_vidu_vid_wbt_entry_reg_15/wb_debug_x,75267,0.05233343994660066,1.0392039337292573,1.3445592196827103,0.08573478416836064,-0.4070956668111496,1
x_aq_vidu_top/x_aq_vidu_vid_wbt_fp/x_aq_vidu_vid_wbt_entry_reg_15/wb_en_x,0,0.0,0.0,0.0,0.0,,0
x_aq_vidu_top/x_aq_vidu_vid_wbt_fp/x_aq_vidu_vid_wbt_entry_reg_15/cnt_update_val,0,0.0,0.0,0.0,0.0,,0
x_aq_vidu_top/x_aq_vidu_vid_wbt_fp/x_aq_vidu_vid_wbt_entry_reg_16/cpurst_b,3,2.0859117520268108e-06,0.5556666666666668,0.7189414084066336,0.0,0.002281077192413555,1
x_aq_vidu_top/x_aq_vidu_vid_wbt_fp/x_aq_vidu_vid_wbt_entry_reg_16/create_clk,0,0.0,0.0,0.0,0.0,,0
x_aq_vidu_top/x_aq_vidu_vid_wbt_fp/x_aq_vidu_vid_wbt_entry_reg_16/create_en_x,0,0.0,0.0,0.0,0.0,,0
x_aq_vidu_top/x_aq_vidu_vid_wbt_fp/x_aq_vidu_vid_wbt_entry_reg_16/dp_wbt_bankx_dstv_type,42880,0.029814631975636552,0.7141620333488806,0.9240083828789251,0.0,-0.08962630594198402,1
x_aq_vidu_top/x_aq_vidu_vid_wbt_fp/x_aq_vidu_vid_wbt_entry_reg_16/read_data_y[2:0],1,6.953039173422703e-07,1.187,1.535783056590295,0.0,0.002476449595952213,1
x_aq_vidu_top/x_aq_vidu_vid_wbt_fp/x_aq_vidu_vid_wbt_entry_reg_16/rtu_vidu_flush_wbt,0,0.0,0.0,0.0,0.0,,0
x_aq_vidu_top/x_aq_vidu_vid_wbt_fp/x_aq_vidu_vid_wbt_entry_reg_16/rtu_yy_xx_async_flush,0,0.0,0.0,0.0,0.0,,0
x_aq_vidu_top/x_aq_vidu_vid_wbt_fp/x_aq_vidu_vid_wbt_entry_reg_16/wb_clk,0,0.0,0.0,0.0,0.0,,0
x_aq_vidu_top/x_aq_vidu_vid_wbt_fp/x_aq_vidu_vid_wbt_entry_reg_16/wb_debug_x,1,6.953039173422703e-07,1.187,1.535783056590295,0.0,0.002476449595952213,1
x_aq_vidu_top/x_aq_vidu_vid_wbt_fp/x_aq_vidu_vid_wbt_entry_reg_16/wb_en_x,0,0.0,0.0,0.0,0.0,,0
x_aq_vidu_top/x_aq_vidu_vid_wbt_fp/x_aq_vidu_vid_wbt_entry_reg_16/cnt_update_val,0,0.0,0.0,0.0,0.0,,0
x_aq_vidu_top/x_aq_vidu_vid_wbt_fp/x_aq_vidu_vid_wbt_entry_reg_17/cpurst_b,3,2.0859117520268108e-06,0.5556666666666668,0.7189414084066336,0.0,0.002281077192413555,1
x_aq_vidu_top/x_aq_vidu_vid_wbt_fp/x_aq_vidu_vid_wbt_entry_reg_17/create_clk,0,0.0,0.0,0.0,0.0,,0
x_aq_vidu_top/x_aq_vidu_vid_wbt_fp/x_aq_vidu_vid_wbt_entry_reg_17/create_en_x,0,0.0,0.0,0.0,0.0,,0
x_aq_vidu_top/x_aq_vidu_vid_wbt_fp/x_aq_vidu_vid_wbt_entry_reg_17/dp_wbt_bankx_dstv_type,42880,0.029814631975636552,0.7141620333488806,0.9240083828789251,0.0,-0.08962630594198402,1
x_aq_vidu_top/x_aq_vidu_vid_wbt_fp/x_aq_vidu_vid_wbt_entry_reg_17/read_data_y[2:0],1,6.953039173422703e-07,1.187,1.535783056590295,0.0,0.002476449595952213,1
x_aq_vidu_top/x_aq_vidu_vid_wbt_fp/x_aq_vidu_vid_wbt_entry_reg_17/rtu_vidu_flush_wbt,0,0.0,0.0,0.0,0.0,,0
x_aq_vidu_top/x_aq_vidu_vid_wbt_fp/x_aq_vidu_vid_wbt_entry_reg_17/rtu_yy_xx_async_flush,0,0.0,0.0,0.0,0.0,,0
x_aq_vidu_top/x_aq_vidu_vid_wbt_fp/x_aq_vidu_vid_wbt_entry_reg_17/wb_clk,0,0.0,0.0,0.0,0.0,,0
x_aq_vidu_top/x_aq_vidu_vid_wbt_fp/x_aq_vidu_vid_wbt_entry_reg_17/wb_debug_x,1,6.953039173422703e-07,1.187,1.535783056590295,0.0,0.002476449595952213,1
x_aq_vidu_top/x_aq_vidu_vid_wbt_fp/x_aq_vidu_vid_wbt_entry_reg_17/wb_en_x,0,0.0,0.0,0.0,0.0,,0
x_aq_vidu_top/x_aq_vidu_vid_wbt_fp/x_aq_vidu_vid_wbt_entry_reg_17/cnt_update_val,0,0.0,0.0,0.0,0.0,,0
x_aq_vidu_top/x_aq_vidu_vid_wbt_fp/x_aq_vidu_vid_wbt_entry_reg_18/cpurst_b,3,2.0859117520268108e-06,0.5556666666666668,0.7189414084066336,0.0,0.002281077192413555,1
x_aq_vidu_top/x_aq_vidu_vid_wbt_fp/x_aq_vidu_vid_wbt_entry_reg_18/create_clk,0,0.0,0.0,0.0,0.0,,0
x_aq_vidu_top/x_aq_vidu_vid_wbt_fp/x_aq_vidu_vid_wbt_entry_reg_18/create_en_x,0,0.0,0.0,0.0,0.0,,0
x_aq_vidu_top/x_aq_vidu_vid_wbt_fp/x_aq_vidu_vid_wbt_entry_reg_18/dp_wbt_bankx_dstv_type,42880,0.029814631975636552,0.7141620333488806,0.9240083828789251,0.0,-0.08962630594198402,1
x_aq_vidu_top/x_aq_vidu_vid_wbt_fp/x_aq_vidu_vid_wbt_entry_reg_18/read_data_y[2:0],5,3.4765195867113516e-06,1.0822000000000003,1.4001890681061648,0.0,-0.009057636598676455,2
x_aq_vidu_top/x_aq_vidu_vid_wbt_fp/x_aq_vidu_vid_wbt_entry_reg_18/rtu_vidu_flush_wbt,0,0.0,0.0,0.0,0.0,,0
x_aq_vidu_top/x_aq_vidu_vid_wbt_fp/x_aq_vidu_vid_wbt_entry_reg_18/rtu_yy_xx_async_flush,0,0.0,0.0,0.0,0.0,,0
x_aq_vidu_top/x_aq_vidu_vid_wbt_fp/x_aq_vidu_vid_wbt_entry_reg_18/wb_clk,0,0.0,0.0,0.0,0.0,,0
x_aq_vidu_top/x_aq_vidu_vid_wbt_fp/x_aq_vidu_vid_wbt_entry_reg_18/wb_debug_x,3,2.0859117520268108e-06,1.6553333333333333,2.1417294745934865,0.0,0.0015413957132033365,1
x_aq_vidu_top/x_aq_vidu_vid_wbt_fp/x_aq_vidu_vid_wbt_entry_reg_18/wb_en_x,0,0.0,0.0,0.0,0.0,,0
x_aq_vidu_top/x_aq_vidu_vid_wbt_fp/x_aq_vidu_vid_wbt_entry_reg_18/cnt_update_val,0,0.0,0.0,0.0,0.0,,0
x_aq_vidu_top/x_aq_vidu_vid_wbt_fp/x_aq_vidu_vid_wbt_entry_reg_19/cpurst_b,3,2.0859117520268108e-06,0.5556666666666668,0.7189414084066336,0.0,0.002281077192413555,1
x_aq_vidu_top/x_aq_vidu_vid_wbt_fp/x_aq_vidu_vid_wbt_entry_reg_19/create_clk,0,0.0,0.0,0.0,0.0,,0
x_aq_vidu_top/x_aq_vidu_vid_wbt_fp/x_aq_vidu_vid_wbt_entry_reg_19/create_en_x,0,0.0,0.0,0.0,0.0,,0
x_aq_vidu_top/x_aq_vidu_vid_wbt_fp/x_aq_vidu_vid_wbt_entry_reg_19/dp_wbt_bankx_dstv_type,42880,0.029814631975636552,0.7141620333488806,0.9240083828789251,0.0,-0.08962630594198402,1
x_aq_vidu_top/x_aq_vidu_vid_wbt_fp/x_aq_vidu_vid_wbt_entry_reg_19/read_data_y[2:0],5,3.4765195867113516e-06,1.0859999999999999,1.405105644024482,0.0,-0.009097874134884781,2
x_aq_vidu_top/x_aq_vidu_vid_wbt_fp/x_aq_vidu_vid_wbt_entry_reg_19/rtu_vidu_flush_wbt,0,0.0,0.0,0.0,0.0,,0
x_aq_vidu_top/x_aq_vidu_vid_wbt_fp/x_aq_vidu_vid_wbt_entry_reg_19/rtu_yy_xx_async_flush,0,0.0,0.0,0.0,0.0,,0
x_aq_vidu_top/x_aq_vidu_vid_wbt_fp/x_aq_vidu_vid_wbt_entry_reg_19/wb_clk,0,0.0,0.0,0.0,0.0,,0
x_aq_vidu_top/x_aq_vidu_vid_wbt_fp/x_aq_vidu_vid_wbt_entry_reg_19/wb_debug_x,3,2.0859117520268108e-06,1.5136666666666665,1.9584360741298872,0.0,0.0018587444241912113,1
x_aq_vidu_top/x_aq_vidu_vid_wbt_fp/x_aq_vidu_vid_wbt_entry_reg_19/wb_en_x,0,0.0,0.0,0.0,0.0,,0
x_aq_vidu_top/x_aq_vidu_vid_wbt_fp/x_aq_vidu_vid_wbt_entry_reg_19/cnt_update_val,0,0.0,0.0,0.0,0.0,,0
x_aq_vidu_top/x_aq_vidu_vid_wbt_fp/x_aq_vidu_vid_wbt_entry_reg_20/cpurst_b,3,2.0859117520268108e-06,0.5556666666666668,0.7189414084066336,0.0,0.002281077192413555,1
x_aq_vidu_top/x_aq_vidu_vid_wbt_fp/x_aq_vidu_vid_wbt_entry_reg_20/create_clk,0,0.0,0.0,0.0,0.0,,0
x_aq_vidu_top/x_aq_vidu_vid_wbt_fp/x_aq_vidu_vid_wbt_entry_reg_20/create_en_x,0,0.0,0.0,0.0,0.0,,0
x_aq_vidu_top/x_aq_vidu_vid_wbt_fp/x_aq_vidu_vid_wbt_entry_reg_20/dp_wbt_bankx_dstv_type,42880,0.029814631975636552,0.7141620333488806,0.9240083828789251,0.0,-0.08962630594198402,1
x_aq_vidu_top/x_aq_vidu_vid_wbt_fp/x_aq_vidu_vid_wbt_entry_reg_20/read_data_y[2:0],5,3.4765195867113516e-06,0.7814,1.0110032690982784,0.0,-0.009120395474950927,2
x_aq_vidu_top/x_aq_vidu_vid_wbt_fp/x_aq_vidu_vid_wbt_entry_reg_20/rtu_vidu_flush_wbt,0,0.0,0.0,0.0,0.0,,0
x_aq_vidu_top/x_aq_vidu_vid_wbt_fp/x_aq_vidu_vid_wbt_entry_reg_20/rtu_yy_xx_async_flush,0,0.0,0.0,0.0,0.0,,0
x_aq_vidu_top/x_aq_vidu_vid_wbt_fp/x_aq_vidu_vid_wbt_entry_reg_20/wb_clk,0,0.0,0.0,0.0,0.0,,0
x_aq_vidu_top/x_aq_vidu_vid_wbt_fp/x_aq_vidu_vid_wbt_entry_reg_20/wb_debug_x,3,2.0859117520268108e-06,0.8506666666666668,1.1006229599602453,0.0,0.00199323317307682,1
x_aq_vidu_top/x_aq_vidu_vid_wbt_fp/x_aq_vidu_vid_wbt_entry_reg_20/wb_en_x,0,0.0,0.0,0.0,0.0,,0
x_aq_vidu_top/x_aq_vidu_vid_wbt_fp/x_aq_vidu_vid_wbt_entry_reg_20/cnt_update_val,0,0.0,0.0,0.0,0.0,,0
x_aq_vidu_top/x_aq_vidu_vid_wbt_fp/x_aq_vidu_vid_wbt_entry_reg_21/cpurst_b,3,2.0859117520268108e-06,0.5556666666666668,0.7189414084066336,0.0,0.002281077192413555,1
x_aq_vidu_top/x_aq_vidu_vid_wbt_fp/x_aq_vidu_vid_wbt_entry_reg_21/create_clk,0,0.0,0.0,0.0,0.0,,0
x_aq_vidu_top/x_aq_vidu_vid_wbt_fp/x_aq_vidu_vid_wbt_entry_reg_21/create_en_x,0,0.0,0.0,0.0,0.0,,0
x_aq_vidu_top/x_aq_vidu_vid_wbt_fp/x_aq_vidu_vid_wbt_entry_reg_21/dp_wbt_bankx_dstv_type,42880,0.029814631975636552,0.7141620333488806,0.9240083828789251,0.0,-0.08962630594198402,1
x_aq_vidu_top/x_aq_vidu_vid_wbt_fp/x_aq_vidu_vid_wbt_entry_reg_21/read_data_y[2:0],5,3.4765195867113516e-06,0.9470000000000001,1.2252624722754923,0.0,-0.0091197866548722,2
x_aq_vidu_top/x_aq_vidu_vid_wbt_fp/x_aq_vidu_vid_wbt_entry_reg_21/rtu_vidu_flush_wbt,0,0.0,0.0,0.0,0.0,,0
x_aq_vidu_top/x_aq_vidu_vid_wbt_fp/x_aq_vidu_vid_wbt_entry_reg_21/rtu_yy_xx_async_flush,0,0.0,0.0,0.0,0.0,,0
x_aq_vidu_top/x_aq_vidu_vid_wbt_fp/x_aq_vidu_vid_wbt_entry_reg_21/wb_clk,0,0.0,0.0,0.0,0.0,,0
x_aq_vidu_top/x_aq_vidu_vid_wbt_fp/x_aq_vidu_vid_wbt_entry_reg_21/wb_debug_x,3,2.0859117520268108e-06,0.844,1.0919973881737228,0.0,0.0017460646616113645,1
x_aq_vidu_top/x_aq_vidu_vid_wbt_fp/x_aq_vidu_vid_wbt_entry_reg_21/wb_en_x,0,0.0,0.0,0.0,0.0,,0
x_aq_vidu_top/x_aq_vidu_vid_wbt_fp/x_aq_vidu_vid_wbt_entry_reg_21/cnt_update_val,0,0.0,0.0,0.0,0.0,,0
x_aq_vidu_top/x_aq_vidu_vid_wbt_fp/x_aq_vidu_vid_wbt_entry_reg_22/cpurst_b,3,2.0859117520268108e-06,0.5556666666666668,0.7189414084066336,0.0,0.002281077192413555,1
x_aq_vidu_top/x_aq_vidu_vid_wbt_fp/x_aq_vidu_vid_wbt_entry_reg_22/create_clk,0,0.0,0.0,0.0,0.0,,0
x_aq_vidu_top/x_aq_vidu_vid_wbt_fp/x_aq_vidu_vid_wbt_entry_reg_22/create_en_x,0,0.0,0.0,0.0,0.0,,0
x_aq_vidu_top/x_aq_vidu_vid_wbt_fp/x_aq_vidu_vid_wbt_entry_reg_22/dp_wbt_bankx_dstv_type,42880,0.029814631975636552,0.7141620333488806,0.9240083828789251,0.0,-0.08962630594198402,1
x_aq_vidu_top/x_aq_vidu_vid_wbt_fp/x_aq_vidu_vid_wbt_entry_reg_22/read_data_y[2:0],1,6.953039173422703e-07,1.187,1.535783056590295,0.0,0.002476449595952213,1
x_aq_vidu_top/x_aq_vidu_vid_wbt_fp/x_aq_vidu_vid_wbt_entry_reg_22/rtu_vidu_flush_wbt,0,0.0,0.0,0.0,0.0,,0
x_aq_vidu_top/x_aq_vidu_vid_wbt_fp/x_aq_vidu_vid_wbt_entry_reg_22/rtu_yy_xx_async_flush,0,0.0,0.0,0.0,0.0,,0
x_aq_vidu_top/x_aq_vidu_vid_wbt_fp/x_aq_vidu_vid_wbt_entry_reg_22/wb_clk,0,0.0,0.0,0.0,0.0,,0
x_aq_vidu_top/x_aq_vidu_vid_wbt_fp/x_aq_vidu_vid_wbt_entry_reg_22/wb_debug_x,1,6.953039173422703e-07,1.187,1.535783056590295,0.0,0.002476449595952213,1
x_aq_vidu_top/x_aq_vidu_vid_wbt_fp/x_aq_vidu_vid_wbt_entry_reg_22/wb_en_x,0,0.0,0.0,0.0,0.0,,0
x_aq_vidu_top/x_aq_vidu_vid_wbt_fp/x_aq_vidu_vid_wbt_entry_reg_22/cnt_update_val,0,0.0,0.0,0.0,0.0,,0
x_aq_vidu_top/x_aq_vidu_vid_wbt_fp/x_aq_vidu_vid_wbt_entry_reg_23/cpurst_b,3,2.0859117520268108e-06,0.5556666666666668,0.7189414084066336,0.0,0.002281077192413555,1
x_aq_vidu_top/x_aq_vidu_vid_wbt_fp/x_aq_vidu_vid_wbt_entry_reg_23/create_clk,0,0.0,0.0,0.0,0.0,,0
x_aq_vidu_top/x_aq_vidu_vid_wbt_fp/x_aq_vidu_vid_wbt_entry_reg_23/create_en_x,0,0.0,0.0,0.0,0.0,,0
x_aq_vidu_top/x_aq_vidu_vid_wbt_fp/x_aq_vidu_vid_wbt_entry_reg_23/dp_wbt_bankx_dstv_type,42880,0.029814631975636552,0.7141620333488806,0.9240083828789251,0.0,-0.08962630594198402,1
x_aq_vidu_top/x_aq_vidu_vid_wbt_fp/x_aq_vidu_vid_wbt_entry_reg_23/read_data_y[2:0],1,6.953039173422703e-07,1.187,1.535783056590295,0.0,0.002476449595952213,1
x_aq_vidu_top/x_aq_vidu_vid_wbt_fp/x_aq_vidu_vid_wbt_entry_reg_23/rtu_vidu_flush_wbt,0,0.0,0.0,0.0,0.0,,0
x_aq_vidu_top/x_aq_vidu_vid_wbt_fp/x_aq_vidu_vid_wbt_entry_reg_23/rtu_yy_xx_async_flush,0,0.0,0.0,0.0,0.0,,0
x_aq_vidu_top/x_aq_vidu_vid_wbt_fp/x_aq_vidu_vid_wbt_entry_reg_23/wb_clk,0,0.0,0.0,0.0,0.0,,0
x_aq_vidu_top/x_aq_vidu_vid_wbt_fp/x_aq_vidu_vid_wbt_entry_reg_23/wb_debug_x,1,6.953039173422703e-07,1.187,1.535783056590295,0.0,0.002476449595952213,1
x_aq_vidu_top/x_aq_vidu_vid_wbt_fp/x_aq_vidu_vid_wbt_entry_reg_23/wb_en_x,0,0.0,0.0,0.0,0.0,,0
x_aq_vidu_top/x_aq_vidu_vid_wbt_fp/x_aq_vidu_vid_wbt_entry_reg_23/cnt_update_val,0,0.0,0.0,0.0,0.0,,0
x_aq_vidu_top/x_aq_vidu_vid_wbt_fp/x_aq_vidu_vid_wbt_entry_reg_24/cpurst_b,3,2.0859117520268108e-06,0.5556666666666668,0.7189414084066336,0.0,0.002281077192413555,1
x_aq_vidu_top/x_aq_vidu_vid_wbt_fp/x_aq_vidu_vid_wbt_entry_reg_24/create_clk,0,0.0,0.0,0.0,0.0,,0
x_aq_vidu_top/x_aq_vidu_vid_wbt_fp/x_aq_vidu_vid_wbt_entry_reg_24/create_en_x,0,0.0,0.0,0.0,0.0,,0
x_aq_vidu_top/x_aq_vidu_vid_wbt_fp/x_aq_vidu_vid_wbt_entry_reg_24/dp_wbt_bankx_dstv_type,42880,0.029814631975636552,0.7141620333488806,0.9240083828789251,0.0,-0.08962630594198402,1
x_aq_vidu_top/x_aq_vidu_vid_wbt_fp/x_aq_vidu_vid_wbt_entry_reg_24/read_data_y[2:0],1,6.953039173422703e-07,1.187,1.535783056590295,0.0,0.002476449595952213,1
x_aq_vidu_top/x_aq_vidu_vid_wbt_fp/x_aq_vidu_vid_wbt_entry_reg_24/rtu_vidu_flush_wbt,0,0.0,0.0,0.0,0.0,,0
x_aq_vidu_top/x_aq_vidu_vid_wbt_fp/x_aq_vidu_vid_wbt_entry_reg_24/rtu_yy_xx_async_flush,0,0.0,0.0,0.0,0.0,,0
x_aq_vidu_top/x_aq_vidu_vid_wbt_fp/x_aq_vidu_vid_wbt_entry_reg_24/wb_clk,0,0.0,0.0,0.0,0.0,,0
x_aq_vidu_top/x_aq_vidu_vid_wbt_fp/x_aq_vidu_vid_wbt_entry_reg_24/wb_debug_x,1,6.953039173422703e-07,1.187,1.535783056590295,0.0,0.002476449595952213,1
x_aq_vidu_top/x_aq_vidu_vid_wbt_fp/x_aq_vidu_vid_wbt_entry_reg_24/wb_en_x,0,0.0,0.0,0.0,0.0,,0
x_aq_vidu_top/x_aq_vidu_vid_wbt_fp/x_aq_vidu_vid_wbt_entry_reg_24/cnt_update_val,0,0.0,0.0,0.0,0.0,,0
x_aq_vidu_top/x_aq_vidu_vid_wbt_fp/x_aq_vidu_vid_wbt_entry_reg_25/cpurst_b,3,2.0859117520268108e-06,0.5556666666666668,0.7189414084066336,0.0,0.002281077192413555,1
x_aq_vidu_top/x_aq_vidu_vid_wbt_fp/x_aq_vidu_vid_wbt_entry_reg_25/create_clk,0,0.0,0.0,0.0,0.0,,0
x_aq_vidu_top/x_aq_vidu_vid_wbt_fp/x_aq_vidu_vid_wbt_entry_reg_25/create_en_x,0,0.0,0.0,0.0,0.0,,0
x_aq_vidu_top/x_aq_vidu_vid_wbt_fp/x_aq_vidu_vid_wbt_entry_reg_25/dp_wbt_bankx_dstv_type,42880,0.029814631975636552,0.7141620333488806,0.9240083828789251,0.0,-0.08962630594198402,1
x_aq_vidu_top/x_aq_vidu_vid_wbt_fp/x_aq_vidu_vid_wbt_entry_reg_25/read_data_y[2:0],1,6.953039173422703e-07,1.187,1.535783056590295,0.0,0.002476449595952213,1
x_aq_vidu_top/x_aq_vidu_vid_wbt_fp/x_aq_vidu_vid_wbt_entry_reg_25/rtu_vidu_flush_wbt,0,0.0,0.0,0.0,0.0,,0
x_aq_vidu_top/x_aq_vidu_vid_wbt_fp/x_aq_vidu_vid_wbt_entry_reg_25/rtu_yy_xx_async_flush,0,0.0,0.0,0.0,0.0,,0
x_aq_vidu_top/x_aq_vidu_vid_wbt_fp/x_aq_vidu_vid_wbt_entry_reg_25/wb_clk,0,0.0,0.0,0.0,0.0,,0
x_aq_vidu_top/x_aq_vidu_vid_wbt_fp/x_aq_vidu_vid_wbt_entry_reg_25/wb_debug_x,1,6.953039173422703e-07,1.187,1.535783056590295,0.0,0.002476449595952213,1
x_aq_vidu_top/x_aq_vidu_vid_wbt_fp/x_aq_vidu_vid_wbt_entry_reg_25/wb_en_x,0,0.0,0.0,0.0,0.0,,0
x_aq_vidu_top/x_aq_vidu_vid_wbt_fp/x_aq_vidu_vid_wbt_entry_reg_25/cnt_update_val,0,0.0,0.0,0.0,0.0,,0
x_aq_vidu_top/x_aq_vidu_vid_wbt_fp/x_aq_vidu_vid_wbt_entry_reg_26/cpurst_b,3,2.0859117520268108e-06,0.5556666666666668,0.7189414084066336,0.0,0.002281077192413555,1
x_aq_vidu_top/x_aq_vidu_vid_wbt_fp/x_aq_vidu_vid_wbt_entry_reg_26/create_clk,0,0.0,0.0,0.0,0.0,,0
x_aq_vidu_top/x_aq_vidu_vid_wbt_fp/x_aq_vidu_vid_wbt_entry_reg_26/create_en_x,0,0.0,0.0,0.0,0.0,,0
x_aq_vidu_top/x_aq_vidu_vid_wbt_fp/x_aq_vidu_vid_wbt_entry_reg_26/dp_wbt_bankx_dstv_type,42880,0.029814631975636552,0.7141620333488806,0.9240083828789251,0.0,-0.08962630594198402,1
x_aq_vidu_top/x_aq_vidu_vid_wbt_fp/x_aq_vidu_vid_wbt_entry_reg_26/read_data_y[2:0],1,6.953039173422703e-07,1.187,1.535783056590295,0.0,0.002476449595952213,1
x_aq_vidu_top/x_aq_vidu_vid_wbt_fp/x_aq_vidu_vid_wbt_entry_reg_26/rtu_vidu_flush_wbt,0,0.0,0.0,0.0,0.0,,0
x_aq_vidu_top/x_aq_vidu_vid_wbt_fp/x_aq_vidu_vid_wbt_entry_reg_26/rtu_yy_xx_async_flush,0,0.0,0.0,0.0,0.0,,0
x_aq_vidu_top/x_aq_vidu_vid_wbt_fp/x_aq_vidu_vid_wbt_entry_reg_26/wb_clk,0,0.0,0.0,0.0,0.0,,0
x_aq_vidu_top/x_aq_vidu_vid_wbt_fp/x_aq_vidu_vid_wbt_entry_reg_26/wb_debug_x,1,6.953039173422703e-07,1.187,1.535783056590295,0.0,0.002476449595952213,1
x_aq_vidu_top/x_aq_vidu_vid_wbt_fp/x_aq_vidu_vid_wbt_entry_reg_26/wb_en_x,0,0.0,0.0,0.0,0.0,,0
x_aq_vidu_top/x_aq_vidu_vid_wbt_fp/x_aq_vidu_vid_wbt_entry_reg_26/cnt_update_val,0,0.0,0.0,0.0,0.0,,0
x_aq_vidu_top/x_aq_vidu_vid_wbt_fp/x_aq_vidu_vid_wbt_entry_reg_27/cpurst_b,3,2.0859117520268108e-06,0.5556666666666668,0.7189414084066336,0.0,0.002281077192413555,1
x_aq_vidu_top/x_aq_vidu_vid_wbt_fp/x_aq_vidu_vid_wbt_entry_reg_27/create_clk,0,0.0,0.0,0.0,0.0,,0
x_aq_vidu_top/x_aq_vidu_vid_wbt_fp/x_aq_vidu_vid_wbt_entry_reg_27/create_en_x,0,0.0,0.0,0.0,0.0,,0
x_aq_vidu_top/x_aq_vidu_vid_wbt_fp/x_aq_vidu_vid_wbt_entry_reg_27/dp_wbt_bankx_dstv_type,42880,0.029814631975636552,0.7141620333488806,0.9240083828789251,0.0,-0.08962630594198402,1
x_aq_vidu_top/x_aq_vidu_vid_wbt_fp/x_aq_vidu_vid_wbt_entry_reg_27/read_data_y[2:0],1,6.953039173422703e-07,1.187,1.535783056590295,0.0,0.002476449595952213,1
x_aq_vidu_top/x_aq_vidu_vid_wbt_fp/x_aq_vidu_vid_wbt_entry_reg_27/rtu_vidu_flush_wbt,0,0.0,0.0,0.0,0.0,,0
x_aq_vidu_top/x_aq_vidu_vid_wbt_fp/x_aq_vidu_vid_wbt_entry_reg_27/rtu_yy_xx_async_flush,0,0.0,0.0,0.0,0.0,,0
x_aq_vidu_top/x_aq_vidu_vid_wbt_fp/x_aq_vidu_vid_wbt_entry_reg_27/wb_clk,0,0.0,0.0,0.0,0.0,,0
x_aq_vidu_top/x_aq_vidu_vid_wbt_fp/x_aq_vidu_vid_wbt_entry_reg_27/wb_debug_x,1,6.953039173422703e-07,1.187,1.535783056590295,0.0,0.002476449595952213,1
x_aq_vidu_top/x_aq_vidu_vid_wbt_fp/x_aq_vidu_vid_wbt_entry_reg_27/wb_en_x,0,0.0,0.0,0.0,0.0,,0
x_aq_vidu_top/x_aq_vidu_vid_wbt_fp/x_aq_vidu_vid_wbt_entry_reg_27/cnt_update_val,0,0.0,0.0,0.0,0.0,,0
x_aq_vidu_top/x_aq_vidu_vid_wbt_fp/x_aq_vidu_vid_wbt_entry_reg_28/cpurst_b,3,2.0859117520268108e-06,0.5556666666666668,0.7189414084066336,0.0,0.002281077192413555,1
x_aq_vidu_top/x_aq_vidu_vid_wbt_fp/x_aq_vidu_vid_wbt_entry_reg_28/create_clk,0,0.0,0.0,0.0,0.0,,0
x_aq_vidu_top/x_aq_vidu_vid_wbt_fp/x_aq_vidu_vid_wbt_entry_reg_28/create_en_x,0,0.0,0.0,0.0,0.0,,0
x_aq_vidu_top/x_aq_vidu_vid_wbt_fp/x_aq_vidu_vid_wbt_entry_reg_28/dp_wbt_bankx_dstv_type,42880,0.029814631975636552,0.7141620333488806,0.9240083828789251,0.0,-0.08962630594198402,1
x_aq_vidu_top/x_aq_vidu_vid_wbt_fp/x_aq_vidu_vid_wbt_entry_reg_28/read_data_y[2:0],1,6.953039173422703e-07,1.187,1.535783056590295,0.0,0.002476449595952213,1
x_aq_vidu_top/x_aq_vidu_vid_wbt_fp/x_aq_vidu_vid_wbt_entry_reg_28/rtu_vidu_flush_wbt,0,0.0,0.0,0.0,0.0,,0
x_aq_vidu_top/x_aq_vidu_vid_wbt_fp/x_aq_vidu_vid_wbt_entry_reg_28/rtu_yy_xx_async_flush,0,0.0,0.0,0.0,0.0,,0
x_aq_vidu_top/x_aq_vidu_vid_wbt_fp/x_aq_vidu_vid_wbt_entry_reg_28/wb_clk,0,0.0,0.0,0.0,0.0,,0
x_aq_vidu_top/x_aq_vidu_vid_wbt_fp/x_aq_vidu_vid_wbt_entry_reg_28/wb_debug_x,1,6.953039173422703e-07,1.187,1.535783056590295,0.0,0.002476449595952213,1
x_aq_vidu_top/x_aq_vidu_vid_wbt_fp/x_aq_vidu_vid_wbt_entry_reg_28/wb_en_x,0,0.0,0.0,0.0,0.0,,0
x_aq_vidu_top/x_aq_vidu_vid_wbt_fp/x_aq_vidu_vid_wbt_entry_reg_28/cnt_update_val,0,0.0,0.0,0.0,0.0,,0
x_aq_vidu_top/x_aq_vidu_vid_wbt_fp/x_aq_vidu_vid_wbt_entry_reg_29/cpurst_b,3,2.0859117520268108e-06,0.5556666666666668,0.7189414084066336,0.0,0.002281077192413555,1
x_aq_vidu_top/x_aq_vidu_vid_wbt_fp/x_aq_vidu_vid_wbt_entry_reg_29/create_clk,0,0.0,0.0,0.0,0.0,,0
x_aq_vidu_top/x_aq_vidu_vid_wbt_fp/x_aq_vidu_vid_wbt_entry_reg_29/create_en_x,0,0.0,0.0,0.0,0.0,,0
x_aq_vidu_top/x_aq_vidu_vid_wbt_fp/x_aq_vidu_vid_wbt_entry_reg_29/dp_wbt_bankx_dstv_type,42880,0.029814631975636552,0.7141620333488806,0.9240083828789251,0.0,-0.08962630594198402,1
x_aq_vidu_top/x_aq_vidu_vid_wbt_fp/x_aq_vidu_vid_wbt_entry_reg_29/read_data_y[2:0],1,6.953039173422703e-07,1.187,1.535783056590295,0.0,0.002476449595952213,1
x_aq_vidu_top/x_aq_vidu_vid_wbt_fp/x_aq_vidu_vid_wbt_entry_reg_29/rtu_vidu_flush_wbt,0,0.0,0.0,0.0,0.0,,0
x_aq_vidu_top/x_aq_vidu_vid_wbt_fp/x_aq_vidu_vid_wbt_entry_reg_29/rtu_yy_xx_async_flush,0,0.0,0.0,0.0,0.0,,0
x_aq_vidu_top/x_aq_vidu_vid_wbt_fp/x_aq_vidu_vid_wbt_entry_reg_29/wb_clk,0,0.0,0.0,0.0,0.0,,0
x_aq_vidu_top/x_aq_vidu_vid_wbt_fp/x_aq_vidu_vid_wbt_entry_reg_29/wb_debug_x,1,6.953039173422703e-07,1.187,1.535783056590295,0.0,0.002476449595952213,1
x_aq_vidu_top/x_aq_vidu_vid_wbt_fp/x_aq_vidu_vid_wbt_entry_reg_29/wb_en_x,0,0.0,0.0,0.0,0.0,,0
x_aq_vidu_top/x_aq_vidu_vid_wbt_fp/x_aq_vidu_vid_wbt_entry_reg_29/cnt_update_val,0,0.0,0.0,0.0,0.0,,0
x_aq_vidu_top/x_aq_vidu_vid_wbt_fp/x_aq_vidu_vid_wbt_entry_reg_30/cpurst_b,3,2.0859117520268108e-06,0.5556666666666668,0.7189414084066336,0.0,0.002281077192413555,1
x_aq_vidu_top/x_aq_vidu_vid_wbt_fp/x_aq_vidu_vid_wbt_entry_reg_30/create_clk,0,0.0,0.0,0.0,0.0,,0
x_aq_vidu_top/x_aq_vidu_vid_wbt_fp/x_aq_vidu_vid_wbt_entry_reg_30/create_en_x,0,0.0,0.0,0.0,0.0,,0
x_aq_vidu_top/x_aq_vidu_vid_wbt_fp/x_aq_vidu_vid_wbt_entry_reg_30/dp_wbt_bankx_dstv_type,42880,0.029814631975636552,0.7141620333488806,0.9240083828789251,0.0,-0.08962630594198402,1
x_aq_vidu_top/x_aq_vidu_vid_wbt_fp/x_aq_vidu_vid_wbt_entry_reg_30/read_data_y[2:0],1,6.953039173422703e-07,1.187,1.535783056590295,0.0,0.002476449595952213,1
x_aq_vidu_top/x_aq_vidu_vid_wbt_fp/x_aq_vidu_vid_wbt_entry_reg_30/rtu_vidu_flush_wbt,0,0.0,0.0,0.0,0.0,,0
x_aq_vidu_top/x_aq_vidu_vid_wbt_fp/x_aq_vidu_vid_wbt_entry_reg_30/rtu_yy_xx_async_flush,0,0.0,0.0,0.0,0.0,,0
x_aq_vidu_top/x_aq_vidu_vid_wbt_fp/x_aq_vidu_vid_wbt_entry_reg_30/wb_clk,0,0.0,0.0,0.0,0.0,,0
x_aq_vidu_top/x_aq_vidu_vid_wbt_fp/x_aq_vidu_vid_wbt_entry_reg_30/wb_debug_x,1,6.953039173422703e-07,1.187,1.535783056590295,0.0,0.002476449595952213,1
x_aq_vidu_top/x_aq_vidu_vid_wbt_fp/x_aq_vidu_vid_wbt_entry_reg_30/wb_en_x,0,0.0,0.0,0.0,0.0,,0
x_aq_vidu_top/x_aq_vidu_vid_wbt_fp/x_aq_vidu_vid_wbt_entry_reg_30/cnt_update_val,0,0.0,0.0,0.0,0.0,,0
x_aq_vidu_top/x_aq_vidu_vid_wbt_fp/x_aq_vidu_vid_wbt_entry_reg_31/cpurst_b,3,2.0859117520268108e-06,0.5556666666666668,0.7189414084066336,0.0,0.002281077192413555,1
x_aq_vidu_top/x_aq_vidu_vid_wbt_fp/x_aq_vidu_vid_wbt_entry_reg_31/create_clk,0,0.0,0.0,0.0,0.0,,0
x_aq_vidu_top/x_aq_vidu_vid_wbt_fp/x_aq_vidu_vid_wbt_entry_reg_31/create_en_x,0,0.0,0.0,0.0,0.0,,0
x_aq_vidu_top/x_aq_vidu_vid_wbt_fp/x_aq_vidu_vid_wbt_entry_reg_31/dp_wbt_bankx_dstv_type,42880,0.029814631975636552,0.7141620333488806,0.9240083828789251,0.0,-0.08962630594198402,1
x_aq_vidu_top/x_aq_vidu_vid_wbt_fp/x_aq_vidu_vid_wbt_entry_reg_31/read_data_y[2:0],1,6.953039173422703e-07,1.187,1.535783056590295,0.0,0.002476449595952213,1
x_aq_vidu_top/x_aq_vidu_vid_wbt_fp/x_aq_vidu_vid_wbt_entry_reg_31/rtu_vidu_flush_wbt,0,0.0,0.0,0.0,0.0,,0
x_aq_vidu_top/x_aq_vidu_vid_wbt_fp/x_aq_vidu_vid_wbt_entry_reg_31/rtu_yy_xx_async_flush,0,0.0,0.0,0.0,0.0,,0
x_aq_vidu_top/x_aq_vidu_vid_wbt_fp/x_aq_vidu_vid_wbt_entry_reg_31/wb_clk,0,0.0,0.0,0.0,0.0,,0
x_aq_vidu_top/x_aq_vidu_vid_wbt_fp/x_aq_vidu_vid_wbt_entry_reg_31/wb_debug_x,1,6.953039173422703e-07,1.187,1.535783056590295,0.0,0.002476449595952213,1
x_aq_vidu_top/x_aq_vidu_vid_wbt_fp/x_aq_vidu_vid_wbt_entry_reg_31/wb_en_x,0,0.0,0.0,0.0,0.0,,0
x_aq_vidu_top/x_aq_vidu_vid_wbt_fp/x_aq_vidu_vid_wbt_entry_reg_31/cnt_update_val,0,0.0,0.0,0.0,0.0,,0
x_aq_vidu_top/x_aq_vidu_vid_wbt_fp/x_aq_idu_expand_32_dp_wbt_bankx_dstv_reg/x_num[4:0],453766,0.3155052773567326,0.8313674780393419,1.0756529794212513,0.013817694582670364,-0.013769299670226394,5
x_aq_vidu_top/x_aq_vidu_vid_wbt_fp/x_aq_idu_expand_32_dp_wbt_bankx_dstv_reg/x_num_expand[31:0],474770,0.33010944083658966,0.8277469314615498,1.0709685867592724,0.01320639467531647,-0.0839470418544923,3
x_aq_vidu_top/x_aq_vidu_vid_wbt_fp/x_aq_idu_expand_32_vpu_vidu_wbt_bankx_wb0_reg/x_num[4:0],155991,0.10846115337013809,1.1008555202543737,1.4243262474815177,0.07029892750222769,0.3128821913051139,4
x_aq_vidu_top/x_aq_vidu_vid_wbt_fp/x_aq_idu_expand_32_vpu_vidu_wbt_bankx_wb0_reg/x_num_expand[31:0],203016,0.14115782008315836,1.2694027884009143,1.642398731604549,0.08573708476179218,0.007767082005973386,3
x_aq_vidu_top/x_aq_vidu_vid_wbt_fp/x_aq_idu_expand_32_vpu_vidu_wbt_bankx_wb1_reg/x_num[4:0],101570,0.0706220188844544,0.8551253046175052,1.1063917052175056,0.04298513340553313,0.0511218314221419,5
x_aq_vidu_top/x_aq_vidu_vid_wbt_fp/x_aq_idu_expand_32_vpu_vidu_wbt_bankx_wb1_reg/x_num_expand[31:0],139487,0.09698585751832126,1.0390979086940002,1.3444220406997935,0.06889530924028762,-0.12014516445467896,3
