signal,n_edges,edge_rate,impact_mW,lift,spec,lvl_corr,max_hamming
x_aq_vidu_top/cp0_idu_icg_en,0,0.0,0.0,0.0,0.0,,0
x_aq_vidu_top/cp0_yy_clk_en,1,3.330114222917846e-05,1.187,2.200820152656901,0.0,0.012715280083722025,1
x_aq_vidu_top/cpurst_b,3,9.990342668753538e-05,0.5556666666666668,1.0302631829483446,0.0,0.004974988306899891,1
x_aq_vidu_top/forever_cpuclk,0,0.0,0.0,0.0,0.0,,0
x_aq_vidu_top/idu_vidu_ex1_fp_dp_sel,20,0.0006660228445835693,0.5681699999999998,1.0534456496504392,0.1,0.04974523397218318,1
x_aq_vidu_top/idu_vidu_ex1_fp_gateclk_sel,16,0.0005328182756668553,0.5005624999999998,0.928094387248795,0.125,0.04238836659355415,1
x_aq_vidu_top/idu_vidu_ex1_fp_sel,20,0.0006660228445835693,0.5681699999999998,1.0534456496504392,0.1,0.04974523397218318,1
x_aq_vidu_top/idu_vidu_ex1_inst_data[179:0],4161,0.13856605281561157,0.6475091180004807,1.2005485391108286,0.15717375630857966,,92
x_aq_vidu_top/idu_vidu_ex1_vec_dp_sel,0,0.0,0.0,0.0,0.0,,0
x_aq_vidu_top/idu_vidu_ex1_vec_gateclk_sel,0,0.0,0.0,0.0,0.0,,0
x_aq_vidu_top/idu_vidu_ex1_vec_sel,0,0.0,0.0,0.0,0.0,,0
x_aq_vidu_top/ifu_vidu_warm_up,2,6.660228445835692e-05,0.8842500000000002,1.6394904970403246,0.5,0.0173926270221066,1
x_aq_vidu_top/pad_yy_icg_scan_en,0,0.0,0.0,0.0,0.0,,0
x_aq_vidu_top/rtu_vidu_flush_wbt,0,0.0,0.0,0.0,0.0,,0
x_aq_vidu_top/rtu_yy_xx_async_flush,0,0.0,0.0,0.0,0.0,,0
x_aq_vidu_top/vidu_cp0_vid_fof_vld,0,0.0,0.0,0.0,0.0,,0
x_aq_vidu_top/vidu_dtu_debug_info[7:0],48,0.0015984548270005661,0.8341110416666666,1.5465277085540354,0.3125,0.017985939503705826,2
x_aq_vidu_top/vidu_idu_fp_full,16,0.0005328182756668553,0.971325,1.8009365078175776,0.4375,-0.0012690786024654819,1
x_aq_vidu_top/vidu_idu_vec_full,0,0.0,0.0,0.0,0.0,,0
x_aq_vidu_top/vidu_rtu_no_op,17,0.0005661194178960339,0.9780429411764707,1.8133922620935172,0.4117647058823529,-0.01173167504000673,1
x_aq_vidu_top/vidu_vpu_vid_fp_inst_dp_vld,20,0.0006660228445835693,0.86423,1.6023713568076443,0.4,0.0194804965081234,1
x_aq_vidu_top/vidu_vpu_vid_fp_inst_dst_reg[5:0],2439,0.08122148589696626,0.6518769331693317,1.2086469179201695,0.18901189011890118,0.009073974589888532,5
x_aq_vidu_top/vidu_vpu_vid_fp_inst_dst_vld,935,0.03113656798428186,0.6560307272727274,1.2163484796495212,0.18823529411764706,0.014751222930803306,1
x_aq_vidu_top/vidu_vpu_vid_fp_inst_dste_vld,8,0.00026640913783342767,0.46048999999999984,0.8537958484389016,0.125,0.0002644319839147491,1
x_aq_vidu_top/vidu_vpu_vid_fp_inst_dstf_reg[4:0],2439,0.08122148589696626,0.6552362197621976,1.214875380963244,0.1906519065190652,0.019730404008586996,5
x_aq_vidu_top/vidu_vpu_vid_fp_inst_dstf_vld,20,0.0006660228445835693,0.6980819999999998,1.2943158667287569,0.2,-0.011492655622566477,1
x_aq_vidu_top/vidu_vpu_vid_fp_inst_eu[9:0],1512,0.050351327050517834,0.6513081547619047,1.207592344220539,0.18518518518518517,-0.0006660947262044045,6
x_aq_vidu_top/vidu_vpu_vid_fp_inst_func[19:0],3390,0.11289087215691498,0.6517784306784661,1.2084642841653388,0.1728613569321534,0.012987644737685041,11
x_aq_vidu_top/vidu_vpu_vid_fp_inst_gateclk_vld,16,0.0005328182756668553,0.8706375000000001,1.6142515211953015,0.5,0.021212819368267383,1
x_aq_vidu_top/vidu_vpu_vid_fp_inst_src1_data[63:0],3538,0.1178194412068334,0.6602945929903901,1.2242541254790538,0.17269643866591294,0.050682752104753655,64
x_aq_vidu_top/vidu_vpu_vid_fp_inst_srcf0_data[63:0],132,0.0043957507742515564,0.7078358333333333,1.3124004774833122,0.29545454545454547,0.022893403926553056,47
x_aq_vidu_top/vidu_vpu_vid_fp_inst_srcf1_data[63:0],331,0.01102267807785807,0.7632876435045316,1.4152138400158127,0.2175226586102719,0.036608948857840315,47
x_aq_vidu_top/vidu_vpu_vid_fp_inst_srcf2_data[63:0],272,0.009057910686336542,0.7207643014705882,1.3363711878619584,0.20588235294117646,0.011105477070830339,47
x_aq_vidu_top/vidu_vpu_vid_fp_inst_srcf2_rdy,17,0.0005661194178960339,0.6281999999999999,1.1647474472612174,0.11764705882352941,-0.0176734395327951,1
x_aq_vidu_top/vidu_vpu_vid_fp_inst_srcf2_vld,8,0.00026640913783342767,0.8184899999999998,1.5175646897625499,0.25,-0.012620689046510989,1
x_aq_vidu_top/vidu_vpu_vid_fp_inst_vld,16,0.0005328182756668553,0.7273374999999999,1.3485585743749693,0.125,0.03580459974902866,1
x_aq_vidu_top/vpu_rtu_ex1_cmplt,0,0.0,0.0,0.0,0.0,,0
x_aq_vidu_top/vpu_rtu_ex1_cmplt_dp,0,0.0,0.0,0.0,0.0,,0
x_aq_vidu_top/vpu_rtu_ex1_fp_dirty,20,0.0006660228445835693,0.6980819999999998,1.2943158667287569,0.2,-0.011492655622566477,1
x_aq_vidu_top/vpu_rtu_ex1_vec_dirty,0,0.0,0.0,0.0,0.0,,0
x_aq_vidu_top/vpu_vidu_fp_fwd_data[63:0],32,0.0010656365513337107,0.8475065625,1.571364382695009,0.34375,0.06638614235506644,53
x_aq_vidu_top/vpu_vidu_fp_fwd_reg[4:0],32,0.0010656365513337107,0.8475065625,1.571364382695009,0.34375,0.0639279485363493,3
x_aq_vidu_top/vpu_vidu_fp_fwd_vld,0,0.0,0.0,0.0,0.0,,0
x_aq_vidu_top/vpu_vidu_fp_wb_data[63:0],16,0.0005328182756668553,0.9546206249999999,1.7699648775416397,0.3125,0.02839621097303371,34
x_aq_vidu_top/vpu_vidu_fp_wb_reg[4:0],28,0.0009324319824169969,0.9282046428571429,1.7209869282137336,0.42857142857142855,0.029610949873468566,5
x_aq_vidu_top/vpu_vidu_fp_wb_vld,0,0.0,0.0,0.0,0.0,,0
x_aq_vidu_top/vpu_vidu_vex1_fp_stall,0,0.0,0.0,0.0,0.0,,0
x_aq_vidu_top/vpu_vidu_wbt_fp_wb0_reg[4:0],28,0.0009324319824169969,0.9282046428571429,1.7209869282137336,0.42857142857142855,0.029610949873468566,5
x_aq_vidu_top/vpu_vidu_wbt_fp_wb0_vld,0,0.0,0.0,0.0,0.0,,0
x_aq_vidu_top/vpu_vidu_wbt_fp_wb1_reg[4:0],397,0.01322055346498385,0.6512630730478588,1.207508758083396,0.11838790931989925,0.030191696279817208,5
x_aq_vidu_top/vpu_vidu_wbt_fp_wb1_vld,0,0.0,0.0,0.0,0.0,,0
x_aq_vidu_top/ctrl_dis_fp_dep_stall_dp,16,0.0005328182756668553,0.45737999999999995,0.8480295883927661,0.3125,0.005235471360069294,1
x_aq_vidu_top/ctrl_dp_fgpr_reuse_inst_dp_vld,0,0.0,0.0,0.0,0.0,,0
x_aq_vidu_top/ctrl_fgpr_reuse_inst_gateclk_vld,0,0.0,0.0,0.0,0.0,,0
x_aq_vidu_top/ctrl_fgpr_reuse_inst_vld,0,0.0,0.0,0.0,0.0,,0
x_aq_vidu_top/ctrl_split_fp_dis_stall,16,0.0005328182756668553,0.45737999999999995,0.8480295883927661,0.3125,0.005235471360069294,1
x_aq_vidu_top/ctrl_wbt_fp_dis_inst_gateclk_vld,16,0.0005328182756668553,0.8706375000000001,1.6142515211953015,0.5,0.021212819368267383,1
x_aq_vidu_top/ctrl_wbt_fp_dis_inst_vld,16,0.0005328182756668553,0.7273374999999999,1.3485585743749693,0.125,0.03580459974902866,1
x_aq_vidu_top/dp_ctrl_dis_fp_inst_dstf_vld,20,0.0006660228445835693,0.6980819999999998,1.2943158667287569,0.2,-0.011492655622566477,1
x_aq_vidu_top/dp_ctrl_dis_fp_inst_srcf0_reg[4:0],2518,0.08385227613307136,0.6542948927720413,1.2131300638527336,0.17394757744241462,-0.0012327335777184473,5
x_aq_vidu_top/dp_ctrl_dis_fp_inst_srcf0_vld,24,0.0007992274135002831,0.7372133333333334,1.366869385684389,0.375,0.005807963346996418,1
x_aq_vidu_top/dp_ctrl_dis_fp_inst_srcf1_reg[4:0],3265,0.10872822937826768,0.6589846830015313,1.2218254175585423,0.17151607963246554,0.015925770888737673,5
x_aq_vidu_top/dp_ctrl_dis_fp_inst_srcf1_vld,8,0.00026640913783342767,0.46048999999999984,0.8537958484389016,0.125,0.0002644319839147491,1
x_aq_vidu_top/dp_ctrl_dis_fp_inst_srcf2_reg[4:0],2849,0.09487495421092944,0.6594214004914005,1.2226351367268,0.17865917865917866,0.023035834688462094,5
x_aq_vidu_top/dp_ctrl_dis_fp_inst_srcf2_vld,8,0.00026640913783342767,0.8184899999999998,1.5175646897625499,0.25,-0.012620689046510989,1
x_aq_vidu_top/dp_ctrl_dis_fp_inst_store,114,0.0037963302141263444,0.6592294736842105,1.2222792846753268,0.18421052631578946,-0.04399921456663102,1
x_aq_vidu_top/dp_ctrl_dis_fp_inst_wb_type,226,0.007526058143794332,0.7067498230088496,1.3103869025817811,0.19469026548672566,-0.04941448445433761,1
x_aq_vidu_top/dp_gpr_fp_src0_reg[4:0],2518,0.08385227613307136,0.6542948927720413,1.2131300638527336,0.17394757744241462,-0.0012327335777184473,5
x_aq_vidu_top/dp_gpr_fp_src1_reg[4:0],3265,0.10872822937826768,0.6589846830015313,1.2218254175585423,0.17151607963246554,0.015925770888737673,5
x_aq_vidu_top/dp_gpr_fp_src2_reg[4:0],2849,0.09487495421092944,0.6594214004914005,1.2226351367268,0.17865917865917866,0.023035834688462094,5
x_aq_vidu_top/dp_vec_fgpr_reuse_dstf_reg[4:0],0,0.0,0.0,0.0,0.0,,0
x_aq_vidu_top/dp_vec_fgpr_reuse_dstf_vld,0,0.0,0.0,0.0,0.0,,0
x_aq_vidu_top/dp_vec_fgpr_reuse_srcf0_reg[4:0],0,0.0,0.0,0.0,0.0,,0
x_aq_vidu_top/dp_vec_fgpr_reuse_srcf0_vld,0,0.0,0.0,0.0,0.0,,0
x_aq_vidu_top/dp_vec_fgpr_reuse_srcf1_reg[4:0],0,0.0,0.0,0.0,0.0,,0
x_aq_vidu_top/dp_vec_fgpr_reuse_srcf1_vld,0,0.0,0.0,0.0,0.0,,0
x_aq_vidu_top/dp_vec_fgpr_reuse_srcf2_reg[4:0],0,0.0,0.0,0.0,0.0,,0
x_aq_vidu_top/dp_vec_fgpr_reuse_srcf2_vld,0,0.0,0.0,0.0,0.0,,0
x_aq_vidu_top/dp_wbt_fp_dstv_reg[4:0],2439,0.08122148589696626,0.6552362197621976,1.214875380963244,0.1906519065190652,0.019730404008586996,5
x_aq_vidu_top/dp_wbt_fp_dstv_type,226,0.007526058143794332,0.7067498230088496,1.3103869025817811,0.19469026548672566,-0.04941448445433761,1
x_aq_vidu_top/dp_wbt_fp_dstv_vld,20,0.0006660228445835693,0.6980819999999998,1.2943158667287569,0.2,-0.011492655622566477,1
x_aq_vidu_top/dp_wbt_fp_srcv0_reg[4:0],2518,0.08385227613307136,0.6542948927720413,1.2131300638527336,0.17394757744241462,-0.0012327335777184473,5
x_aq_vidu_top/dp_wbt_fp_srcv1_reg[4:0],3265,0.10872822937826768,0.6589846830015313,1.2218254175585423,0.17151607963246554,0.015925770888737673,5
x_aq_vidu_top/dp_wbt_fp_srcv2_reg[4:0],2849,0.09487495421092944,0.6594214004914005,1.2226351367268,0.17865917865917866,0.023035834688462094,5
x_aq_vidu_top/gpr_fp_dp_src0_data[63:0],130,0.0043291484897932,0.7288908461538461,1.3514386379970729,0.3,0.021165070888495084,47
x_aq_vidu_top/gpr_fp_dp_src1_data[63:0],331,0.01102267807785807,0.7632876435045316,1.4152138400158127,0.2175226586102719,0.036608948857840315,47
x_aq_vidu_top/gpr_fp_dp_src2_data[63:0],272,0.009057910686336542,0.7207643014705882,1.3363711878619584,0.20588235294117646,0.011105477070830339,47
x_aq_vidu_top/split_fp_ctrl_entry_vld,16,0.0005328182756668553,0.971325,1.8009365078175776,0.4375,-0.0012690786024654819,1
x_aq_vidu_top/split_fp_ctrl_inst_dp_vld,20,0.0006660228445835693,0.86423,1.6023713568076443,0.4,0.0194804965081234,1
x_aq_vidu_top/split_fp_ctrl_inst_gateclk_vld,16,0.0005328182756668553,0.8706375000000001,1.6142515211953015,0.5,0.021212819368267383,1
x_aq_vidu_top/split_fp_ctrl_inst_vld,20,0.0006660228445835693,0.86423,1.6023713568076443,0.4,0.0194804965081234,1
x_aq_vidu_top/split_fp_dp_inst_data[179:0],4169,0.138832461953445,0.6500528591988486,1.2052648970657667,0.1599904053729911,,92
x_aq_vidu_top/split_vec0_ctrl_entry_vld,0,0.0,0.0,0.0,0.0,,0
x_aq_vidu_top/split_vec1_ctrl_entry_vld,0,0.0,0.0,0.0,0.0,,0
x_aq_vidu_top/wbt_ctrl_fp_dstv_info[2:0],35,0.0011655399780212462,0.7342982857142856,1.3614645874148399,0.22857142857142856,0.01057318606374878,2
x_aq_vidu_top/wbt_ctrl_fp_srcv0_info[2:0],35,0.0011655399780212462,0.7494585714285714,1.3895733172548035,0.37142857142857144,0.020506817347683053,2
x_aq_vidu_top/wbt_ctrl_fp_srcv1_info[2:0],61,0.002031369675979886,0.8176119672131147,1.51593672661843,0.29508196721311475,0.024905885328936502,2
x_aq_vidu_top/wbt_ctrl_fp_srcv2_info[2:0],28,0.0009324319824169969,0.6684142857142857,1.239308871376384,0.17857142857142858,0.0055397062973132445,2
x_aq_vidu_top/wbt_ctrl_fp_srcvm_info[2:0],1,3.330114222917846e-05,1.187,2.200820152656901,0.0,0.012715280083722025,1
x_aq_vidu_top/wbt_top_fp_gpr_no_wb,20,0.0006660228445835693,0.9123800000000001,1.6916464118627663,0.4,0.01546896413233101,1
x_aq_vidu_top/x_aq_vidu_vid_ctrl_fp/ctrl_dis_fp_dep_stall_dp,16,0.0005328182756668553,0.45737999999999995,0.8480295883927661,0.3125,0.005235471360069294,1
x_aq_vidu_top/x_aq_vidu_vid_ctrl_fp/ctrl_fgpr_reuse_inst_gateclk_vld,0,0.0,0.0,0.0,0.0,,0
x_aq_vidu_top/x_aq_vidu_vid_ctrl_fp/ctrl_fgpr_reuse_inst_vld,0,0.0,0.0,0.0,0.0,,0
x_aq_vidu_top/x_aq_vidu_vid_ctrl_fp/ctrl_split_fp_dis_stall,16,0.0005328182756668553,0.45737999999999995,0.8480295883927661,0.3125,0.005235471360069294,1
x_aq_vidu_top/x_aq_vidu_vid_ctrl_fp/ctrl_wbt_fp_dis_inst_gateclk_vld,16,0.0005328182756668553,0.8706375000000001,1.6142515211953015,0.5,0.021212819368267383,1
x_aq_vidu_top/x_aq_vidu_vid_ctrl_fp/ctrl_wbt_fp_dis_inst_vld,16,0.0005328182756668553,0.7273374999999999,1.3485585743749693,0.125,0.03580459974902866,1
x_aq_vidu_top/x_aq_vidu_vid_ctrl_fp/dp_ctrl_dis_fp_inst_dstf_vld,20,0.0006660228445835693,0.6980819999999998,1.2943158667287569,0.2,-0.011492655622566477,1
x_aq_vidu_top/x_aq_vidu_vid_ctrl_fp/dp_ctrl_dis_fp_inst_srcf0_reg[4:0],2518,0.08385227613307136,0.6542948927720413,1.2131300638527336,0.17394757744241462,-0.0012327335777184473,5
x_aq_vidu_top/x_aq_vidu_vid_ctrl_fp/dp_ctrl_dis_fp_inst_srcf0_vld,24,0.0007992274135002831,0.7372133333333334,1.366869385684389,0.375,0.005807963346996418,1
x_aq_vidu_top/x_aq_vidu_vid_ctrl_fp/dp_ctrl_dis_fp_inst_srcf1_reg[4:0],3265,0.10872822937826768,0.6589846830015313,1.2218254175585423,0.17151607963246554,0.015925770888737673,5
x_aq_vidu_top/x_aq_vidu_vid_ctrl_fp/dp_ctrl_dis_fp_inst_srcf1_vld,8,0.00026640913783342767,0.46048999999999984,0.8537958484389016,0.125,0.0002644319839147491,1
x_aq_vidu_top/x_aq_vidu_vid_ctrl_fp/dp_ctrl_dis_fp_inst_srcf2_reg[4:0],2849,0.09487495421092944,0.6594214004914005,1.2226351367268,0.17865917865917866,0.023035834688462094,5
x_aq_vidu_top/x_aq_vidu_vid_ctrl_fp/dp_ctrl_dis_fp_inst_srcf2_vld,8,0.00026640913783342767,0.8184899999999998,1.5175646897625499,0.25,-0.012620689046510989,1
x_aq_vidu_top/x_aq_vidu_vid_ctrl_fp/dp_ctrl_dis_fp_inst_store,114,0.0037963302141263444,0.6592294736842105,1.2222792846753268,0.18421052631578946,-0.04399921456663102,1
x_aq_vidu_top/x_aq_vidu_vid_ctrl_fp/dp_ctrl_dis_fp_inst_wb_type,226,0.007526058143794332,0.7067498230088496,1.3103869025817811,0.19469026548672566,-0.04941448445433761,1
x_aq_vidu_top/x_aq_vidu_vid_ctrl_fp/idu_vidu_ex1_fp_dp_sel,20,0.0006660228445835693,0.5681699999999998,1.0534456496504392,0.1,0.04974523397218318,1
x_aq_vidu_top/x_aq_vidu_vid_ctrl_fp/idu_vidu_ex1_fp_sel,20,0.0006660228445835693,0.5681699999999998,1.0534456496504392,0.1,0.04974523397218318,1
x_aq_vidu_top/x_aq_vidu_vid_ctrl_fp/idu_vidu_ex1_inst_data[179:0],4161,0.13856605281561157,0.6475091180004807,1.2005485391108286,0.15717375630857966,,92
x_aq_vidu_top/x_aq_vidu_vid_ctrl_fp/idu_vidu_ex1_vec_dp_sel,0,0.0,0.0,0.0,0.0,,0
x_aq_vidu_top/x_aq_vidu_vid_ctrl_fp/idu_vidu_ex1_vec_sel,0,0.0,0.0,0.0,0.0,,0
x_aq_vidu_top/x_aq_vidu_vid_ctrl_fp/split_fp_ctrl_entry_vld,16,0.0005328182756668553,0.971325,1.8009365078175776,0.4375,-0.0012690786024654819,1
x_aq_vidu_top/x_aq_vidu_vid_ctrl_fp/split_fp_ctrl_inst_dp_vld,20,0.0006660228445835693,0.86423,1.6023713568076443,0.4,0.0194804965081234,1
x_aq_vidu_top/x_aq_vidu_vid_ctrl_fp/split_fp_ctrl_inst_gateclk_vld,16,0.0005328182756668553,0.8706375000000001,1.6142515211953015,0.5,0.021212819368267383,1
x_aq_vidu_top/x_aq_vidu_vid_ctrl_fp/split_fp_ctrl_inst_vld,20,0.0006660228445835693,0.86423,1.6023713568076443,0.4,0.0194804965081234,1
x_aq_vidu_top/x_aq_vidu_vid_ctrl_fp/split_vec0_ctrl_entry_vld,0,0.0,0.0,0.0,0.0,,0
x_aq_vidu_top/x_aq_vidu_vid_ctrl_fp/split_vec1_ctrl_entry_vld,0,0.0,0.0,0.0,0.0,,0
x_aq_vidu_top/x_aq_vidu_vid_ctrl_fp/vidu_idu_fp_full,16,0.0005328182756668553,0.971325,1.8009365078175776,0.4375,-0.0012690786024654819,1
x_aq_vidu_top/x_aq_vidu_vid_ctrl_fp/vidu_rtu_no_op,17,0.0005661194178960339,0.9780429411764707,1.8133922620935172,0.4117647058823529,-0.01173167504000673,1
x_aq_vidu_top/x_aq_vidu_vid_ctrl_fp/vidu_vpu_vid_fp_inst_dp_vld,20,0.0006660228445835693,0.86423,1.6023713568076443,0.4,0.0194804965081234,1
x_aq_vidu_top/x_aq_vidu_vid_ctrl_fp/vidu_vpu_vid_fp_inst_gateclk_vld,16,0.0005328182756668553,0.8706375000000001,1.6142515211953015,0.5,0.021212819368267383,1
x_aq_vidu_top/x_aq_vidu_vid_ctrl_fp/vidu_vpu_vid_fp_inst_vld,16,0.0005328182756668553,0.7273374999999999,1.3485585743749693,0.125,0.03580459974902866,1
x_aq_vidu_top/x_aq_vidu_vid_ctrl_fp/vpu_rtu_ex1_cmplt,0,0.0,0.0,0.0,0.0,,0
x_aq_vidu_top/x_aq_vidu_vid_ctrl_fp/vpu_rtu_ex1_cmplt_dp,0,0.0,0.0,0.0,0.0,,0
x_aq_vidu_top/x_aq_vidu_vid_ctrl_fp/vpu_vidu_fp_fwd_reg[4:0],32,0.0010656365513337107,0.8475065625,1.571364382695009,0.34375,0.0639279485363493,3
x_aq_vidu_top/x_aq_vidu_vid_ctrl_fp/vpu_vidu_fp_fwd_vld,0,0.0,0.0,0.0,0.0,,0
x_aq_vidu_top/x_aq_vidu_vid_ctrl_fp/vpu_vidu_vex1_fp_stall,0,0.0,0.0,0.0,0.0,,0
x_aq_vidu_top/x_aq_vidu_vid_ctrl_fp/wbt_ctrl_fp_dstv_info[2:0],35,0.0011655399780212462,0.7342982857142856,1.3614645874148399,0.22857142857142856,0.01057318606374878,2
x_aq_vidu_top/x_aq_vidu_vid_ctrl_fp/wbt_ctrl_fp_srcv0_info[2:0],35,0.0011655399780212462,0.7494585714285714,1.3895733172548035,0.37142857142857144,0.020506817347683053,2
x_aq_vidu_top/x_aq_vidu_vid_ctrl_fp/wbt_ctrl_fp_srcv1_info[2:0],61,0.002031369675979886,0.8176119672131147,1.51593672661843,0.29508196721311475,0.024905885328936502,2
x_aq_vidu_top/x_aq_vidu_vid_ctrl_fp/wbt_ctrl_fp_srcv2_info[2:0],28,0.0009324319824169969,0.6684142857142857,1.239308871376384,0.17857142857142858,0.0055397062973132445,2
x_aq_vidu_top/x_aq_vidu_vid_ctrl_fp/wbt_ctrl_fp_srcvm_info[2:0],1,3.330114222917846e-05,1.187,2.200820152656901,0.0,0.012715280083722025,1
x_aq_vidu_top/x_aq_vidu_vid_ctrl_fp/ctrl_dis_dstf_waw,0,0.0,0.0,0.0,0.0,,0
x_aq_vidu_top/x_aq_vidu_vid_ctrl_fp/ctrl_dis_dstf_waw_except,2,6.660228445835692e-05,0.3019999999999996,0.5599390784350322,0.0,0.0042148473639094285,1
x_aq_vidu_top/x_aq_vidu_vid_ctrl_fp/ctrl_dis_fp_dep_stall,16,0.0005328182756668553,0.45737999999999995,0.8480295883927661,0.3125,0.005235471360069294,1
x_aq_vidu_top/x_aq_vidu_vid_ctrl_fp/ctrl_dis_fp_inst_dp_vld,20,0.0006660228445835693,0.86423,1.6023713568076443,0.4,0.0194804965081234,1
x_aq_vidu_top/x_aq_vidu_vid_ctrl_fp/ctrl_dis_fp_inst_gateclk_vld,16,0.0005328182756668553,0.8706375000000001,1.6142515211953015,0.5,0.021212819368267383,1
x_aq_vidu_top/x_aq_vidu_vid_ctrl_fp/ctrl_dis_fp_inst_vld,20,0.0006660228445835693,0.86423,1.6023713568076443,0.4,0.0194804965081234,1
x_aq_vidu_top/x_aq_vidu_vid_ctrl_fp/ctrl_dis_fp_stall,16,0.0005328182756668553,0.45737999999999995,0.8480295883927661,0.3125,0.005235471360069294,1
x_aq_vidu_top/x_aq_vidu_vid_ctrl_fp/ctrl_dis_srcf0_raw,16,0.0005328182756668553,0.45737999999999995,0.8480295883927661,0.3125,0.005235471360069294,1
x_aq_vidu_top/x_aq_vidu_vid_ctrl_fp/ctrl_dis_srcf0_raw_except,0,0.0,0.0,0.0,0.0,,0
x_aq_vidu_top/x_aq_vidu_vid_ctrl_fp/ctrl_dis_srcf1_raw,0,0.0,0.0,0.0,0.0,,0
x_aq_vidu_top/x_aq_vidu_vid_ctrl_fp/ctrl_dis_srcf1_raw_except,0,0.0,0.0,0.0,0.0,,0
x_aq_vidu_top/x_aq_vidu_vid_ctrl_fp/ctrl_dis_srcf2_raw,0,0.0,0.0,0.0,0.0,,0
x_aq_vidu_top/x_aq_vidu_vid_ctrl_fp/ctrl_dis_srcf2_raw_except,114,0.0037963302141263444,0.6592294736842105,1.2222792846753268,0.18421052631578946,-0.04399921456663102,1
x_aq_vidu_top/x_aq_vidu_vid_ctrl_fp/ctrl_dis_srcf_raw,16,0.0005328182756668553,0.45737999999999995,0.8480295883927661,0.3125,0.005235471360069294,1
x_aq_vidu_top/x_aq_vidu_vid_ctrl_fp/ctrl_pipedown_inst_dp_vld,20,0.0006660228445835693,0.86423,1.6023713568076443,0.4,0.0194804965081234,1
x_aq_vidu_top/x_aq_vidu_vid_ctrl_fp/ctrl_pipedown_inst_gateclk_vld,16,0.0005328182756668553,0.8706375000000001,1.6142515211953015,0.5,0.021212819368267383,1
x_aq_vidu_top/x_aq_vidu_vid_ctrl_fp/ctrl_pipedown_inst_vld,16,0.0005328182756668553,0.7273374999999999,1.3485585743749693,0.125,0.03580459974902866,1
x_aq_vidu_top/x_aq_vidu_vid_ctrl_fp/ctrl_vidu_no_op,17,0.0005661194178960339,0.9780429411764707,1.8133922620935172,0.4117647058823529,-0.01173167504000673,1
x_aq_vidu_top/x_aq_vidu_vid_ctrl_fp/ctrl_wbt_ctrl_fp_srcvm_info[2:0],1,3.330114222917846e-05,1.187,2.200820152656901,0.0,0.012715280083722025,1
x_aq_vidu_top/x_aq_vidu_vid_dp_fp/ctrl_dp_fgpr_reuse_inst_dp_vld,0,0.0,0.0,0.0,0.0,,0
x_aq_vidu_top/x_aq_vidu_vid_dp_fp/dp_ctrl_dis_fp_inst_dstf_vld,20,0.0006660228445835693,0.6980819999999998,1.2943158667287569,0.2,-0.011492655622566477,1
x_aq_vidu_top/x_aq_vidu_vid_dp_fp/dp_ctrl_dis_fp_inst_srcf0_reg[4:0],2518,0.08385227613307136,0.6542948927720413,1.2131300638527336,0.17394757744241462,-0.0012327335777184473,5
x_aq_vidu_top/x_aq_vidu_vid_dp_fp/dp_ctrl_dis_fp_inst_srcf0_vld,24,0.0007992274135002831,0.7372133333333334,1.366869385684389,0.375,0.005807963346996418,1
x_aq_vidu_top/x_aq_vidu_vid_dp_fp/dp_ctrl_dis_fp_inst_srcf1_reg[4:0],3265,0.10872822937826768,0.6589846830015313,1.2218254175585423,0.17151607963246554,0.015925770888737673,5
x_aq_vidu_top/x_aq_vidu_vid_dp_fp/dp_ctrl_dis_fp_inst_srcf1_vld,8,0.00026640913783342767,0.46048999999999984,0.8537958484389016,0.125,0.0002644319839147491,1
x_aq_vidu_top/x_aq_vidu_vid_dp_fp/dp_ctrl_dis_fp_inst_srcf2_reg[4:0],2849,0.09487495421092944,0.6594214004914005,1.2226351367268,0.17865917865917866,0.023035834688462094,5
x_aq_vidu_top/x_aq_vidu_vid_dp_fp/dp_ctrl_dis_fp_inst_srcf2_vld,8,0.00026640913783342767,0.8184899999999998,1.5175646897625499,0.25,-0.012620689046510989,1
x_aq_vidu_top/x_aq_vidu_vid_dp_fp/dp_ctrl_dis_fp_inst_store,114,0.0037963302141263444,0.6592294736842105,1.2222792846753268,0.18421052631578946,-0.04399921456663102,1
x_aq_vidu_top/x_aq_vidu_vid_dp_fp/dp_ctrl_dis_fp_inst_wb_type,226,0.007526058143794332,0.7067498230088496,1.3103869025817811,0.19469026548672566,-0.04941448445433761,1
x_aq_vidu_top/x_aq_vidu_vid_dp_fp/dp_gpr_fp_src0_reg[4:0],2518,0.08385227613307136,0.6542948927720413,1.2131300638527336,0.17394757744241462,-0.0012327335777184473,5
x_aq_vidu_top/x_aq_vidu_vid_dp_fp/dp_gpr_fp_src1_reg[4:0],3265,0.10872822937826768,0.6589846830015313,1.2218254175585423,0.17151607963246554,0.015925770888737673,5
x_aq_vidu_top/x_aq_vidu_vid_dp_fp/dp_gpr_fp_src2_reg[4:0],2849,0.09487495421092944,0.6594214004914005,1.2226351367268,0.17865917865917866,0.023035834688462094,5
x_aq_vidu_top/x_aq_vidu_vid_dp_fp/dp_vec_fgpr_reuse_dstf_reg[4:0],0,0.0,0.0,0.0,0.0,,0
x_aq_vidu_top/x_aq_vidu_vid_dp_fp/dp_vec_fgpr_reuse_dstf_vld,0,0.0,0.0,0.0,0.0,,0
x_aq_vidu_top/x_aq_vidu_vid_dp_fp/dp_vec_fgpr_reuse_srcf0_reg[4:0],0,0.0,0.0,0.0,0.0,,0
x_aq_vidu_top/x_aq_vidu_vid_dp_fp/dp_vec_fgpr_reuse_srcf0_vld,0,0.0,0.0,0.0,0.0,,0
x_aq_vidu_top/x_aq_vidu_vid_dp_fp/dp_vec_fgpr_reuse_srcf1_reg[4:0],0,0.0,0.0,0.0,0.0,,0
x_aq_vidu_top/x_aq_vidu_vid_dp_fp/dp_vec_fgpr_reuse_srcf1_vld,0,0.0,0.0,0.0,0.0,,0
x_aq_vidu_top/x_aq_vidu_vid_dp_fp/dp_vec_fgpr_reuse_srcf2_reg[4:0],0,0.0,0.0,0.0,0.0,,0
x_aq_vidu_top/x_aq_vidu_vid_dp_fp/dp_vec_fgpr_reuse_srcf2_vld,0,0.0,0.0,0.0,0.0,,0
x_aq_vidu_top/x_aq_vidu_vid_dp_fp/dp_wbt_fp_dstv_reg[4:0],2439,0.08122148589696626,0.6552362197621976,1.214875380963244,0.1906519065190652,0.019730404008586996,5
x_aq_vidu_top/x_aq_vidu_vid_dp_fp/dp_wbt_fp_dstv_type,226,0.007526058143794332,0.7067498230088496,1.3103869025817811,0.19469026548672566,-0.04941448445433761,1
x_aq_vidu_top/x_aq_vidu_vid_dp_fp/dp_wbt_fp_dstv_vld,20,0.0006660228445835693,0.6980819999999998,1.2943158667287569,0.2,-0.011492655622566477,1
x_aq_vidu_top/x_aq_vidu_vid_dp_fp/dp_wbt_fp_srcv0_reg[4:0],2518,0.08385227613307136,0.6542948927720413,1.2131300638527336,0.17394757744241462,-0.0012327335777184473,5
x_aq_vidu_top/x_aq_vidu_vid_dp_fp/dp_wbt_fp_srcv1_reg[4:0],3265,0.10872822937826768,0.6589846830015313,1.2218254175585423,0.17151607963246554,0.015925770888737673,5
x_aq_vidu_top/x_aq_vidu_vid_dp_fp/dp_wbt_fp_srcv2_reg[4:0],2849,0.09487495421092944,0.6594214004914005,1.2226351367268,0.17865917865917866,0.023035834688462094,5
x_aq_vidu_top/x_aq_vidu_vid_dp_fp/gpr_fp_dp_src0_data[63:0],130,0.0043291484897932,0.7288908461538461,1.3514386379970729,0.3,0.021165070888495084,47
x_aq_vidu_top/x_aq_vidu_vid_dp_fp/gpr_fp_dp_src1_data[63:0],331,0.01102267807785807,0.7632876435045316,1.4152138400158127,0.2175226586102719,0.036608948857840315,47
x_aq_vidu_top/x_aq_vidu_vid_dp_fp/gpr_fp_dp_src2_data[63:0],272,0.009057910686336542,0.7207643014705882,1.3363711878619584,0.20588235294117646,0.011105477070830339,47
x_aq_vidu_top/x_aq_vidu_vid_dp_fp/idu_vidu_ex1_inst_data[179:0],4161,0.13856605281561157,0.6475091180004807,1.2005485391108286,0.15717375630857966,,92
x_aq_vidu_top/x_aq_vidu_vid_dp_fp/split_fp_dp_inst_data[179:0],4169,0.138832461953445,0.6500528591988486,1.2052648970657667,0.1599904053729911,,92
x_aq_vidu_top/x_aq_vidu_vid_dp_fp/vidu_vpu_vid_fp_inst_dst_reg[5:0],2439,0.08122148589696626,0.6518769331693317,1.2086469179201695,0.18901189011890118,0.009073974589888532,5
x_aq_vidu_top/x_aq_vidu_vid_dp_fp/vidu_vpu_vid_fp_inst_dst_vld,935,0.03113656798428186,0.6560307272727274,1.2163484796495212,0.18823529411764706,0.014751222930803306,1
x_aq_vidu_top/x_aq_vidu_vid_dp_fp/vidu_vpu_vid_fp_inst_dste_vld,8,0.00026640913783342767,0.46048999999999984,0.8537958484389016,0.125,0.0002644319839147491,1
x_aq_vidu_top/x_aq_vidu_vid_dp_fp/vidu_vpu_vid_fp_inst_dstf_reg[4:0],2439,0.08122148589696626,0.6552362197621976,1.214875380963244,0.1906519065190652,0.019730404008586996,5
x_aq_vidu_top/x_aq_vidu_vid_dp_fp/vidu_vpu_vid_fp_inst_dstf_vld,20,0.0006660228445835693,0.6980819999999998,1.2943158667287569,0.2,-0.011492655622566477,1
x_aq_vidu_top/x_aq_vidu_vid_dp_fp/vidu_vpu_vid_fp_inst_eu[9:0],1512,0.050351327050517834,0.6513081547619047,1.207592344220539,0.18518518518518517,-0.0006660947262044045,6
x_aq_vidu_top/x_aq_vidu_vid_dp_fp/vidu_vpu_vid_fp_inst_func[19:0],3390,0.11289087215691498,0.6517784306784661,1.2084642841653388,0.1728613569321534,0.012987644737685041,11
x_aq_vidu_top/x_aq_vidu_vid_dp_fp/vidu_vpu_vid_fp_inst_src1_data[63:0],3538,0.1178194412068334,0.6602945929903901,1.2242541254790538,0.17269643866591294,0.050682752104753655,64
x_aq_vidu_top/x_aq_vidu_vid_dp_fp/vidu_vpu_vid_fp_inst_srcf0_data[63:0],132,0.0043957507742515564,0.7078358333333333,1.3124004774833122,0.29545454545454547,0.022893403926553056,47
x_aq_vidu_top/x_aq_vidu_vid_dp_fp/vidu_vpu_vid_fp_inst_srcf1_data[63:0],331,0.01102267807785807,0.7632876435045316,1.4152138400158127,0.2175226586102719,0.036608948857840315,47
x_aq_vidu_top/x_aq_vidu_vid_dp_fp/vidu_vpu_vid_fp_inst_srcf2_data[63:0],272,0.009057910686336542,0.7207643014705882,1.3363711878619584,0.20588235294117646,0.011105477070830339,47
x_aq_vidu_top/x_aq_vidu_vid_dp_fp/vidu_vpu_vid_fp_inst_srcf2_rdy,17,0.0005661194178960339,0.6281999999999999,1.1647474472612174,0.11764705882352941,-0.0176734395327951,1
x_aq_vidu_top/x_aq_vidu_vid_dp_fp/vidu_vpu_vid_fp_inst_srcf2_vld,8,0.00026640913783342767,0.8184899999999998,1.5175646897625499,0.25,-0.012620689046510989,1
x_aq_vidu_top/x_aq_vidu_vid_dp_fp/vpu_rtu_ex1_fp_dirty,20,0.0006660228445835693,0.6980819999999998,1.2943158667287569,0.2,-0.011492655622566477,1
x_aq_vidu_top/x_aq_vidu_vid_dp_fp/vpu_rtu_ex1_vec_dirty,0,0.0,0.0,0.0,0.0,,0
x_aq_vidu_top/x_aq_vidu_vid_dp_fp/vpu_vidu_fp_fwd_data[63:0],32,0.0010656365513337107,0.8475065625,1.571364382695009,0.34375,0.06638614235506644,53
x_aq_vidu_top/x_aq_vidu_vid_dp_fp/vpu_vidu_fp_fwd_reg[4:0],32,0.0010656365513337107,0.8475065625,1.571364382695009,0.34375,0.0639279485363493,3
x_aq_vidu_top/x_aq_vidu_vid_dp_fp/vpu_vidu_fp_fwd_vld,0,0.0,0.0,0.0,0.0,,0
x_aq_vidu_top/x_aq_vidu_vid_dp_fp/wbt_ctrl_fp_srcv2_info[2:0],28,0.0009324319824169969,0.6684142857142857,1.239308871376384,0.17857142857142858,0.0055397062973132445,2
x_aq_vidu_top/x_aq_vidu_vid_dp_fp/dp_dis_fp_inst_dst0_reg[5:0],2439,0.08122148589696626,0.6518769331693317,1.2086469179201695,0.18901189011890118,0.009073974589888532,5
x_aq_vidu_top/x_aq_vidu_vid_dp_fp/dp_dis_fp_inst_dst0_vld,935,0.03113656798428186,0.6560307272727274,1.2163484796495212,0.18823529411764706,0.014751222930803306,1
x_aq_vidu_top/x_aq_vidu_vid_dp_fp/dp_dis_fp_inst_dste_vld,8,0.00026640913783342767,0.46048999999999984,0.8537958484389016,0.125,0.0002644319839147491,1
x_aq_vidu_top/x_aq_vidu_vid_dp_fp/dp_dis_fp_inst_dstf_reg[4:0],2439,0.08122148589696626,0.6552362197621976,1.214875380963244,0.1906519065190652,0.019730404008586996,5
x_aq_vidu_top/x_aq_vidu_vid_dp_fp/dp_dis_fp_inst_dstf_vld,20,0.0006660228445835693,0.6980819999999998,1.2943158667287569,0.2,-0.011492655622566477,1
x_aq_vidu_top/x_aq_vidu_vid_dp_fp/dp_dis_fp_inst_eu[9:0],1512,0.050351327050517834,0.6513081547619047,1.207592344220539,0.18518518518518517,-0.0006660947262044045,6
x_aq_vidu_top/x_aq_vidu_vid_dp_fp/dp_dis_fp_inst_func[19:0],3390,0.11289087215691498,0.6517784306784661,1.2084642841653388,0.1728613569321534,0.012987644737685041,11
x_aq_vidu_top/x_aq_vidu_vid_dp_fp/dp_dis_fp_inst_src1_data[63:0],3538,0.1178194412068334,0.6602945929903901,1.2242541254790538,0.17269643866591294,0.050682752104753655,64
x_aq_vidu_top/x_aq_vidu_vid_dp_fp/dp_dis_fp_inst_srcf0_data[63:0],132,0.0043957507742515564,0.7078358333333333,1.3124004774833122,0.29545454545454547,0.022893403926553056,47
x_aq_vidu_top/x_aq_vidu_vid_dp_fp/dp_dis_fp_inst_srcf0_fwd_vld,0,0.0,0.0,0.0,0.0,,0
x_aq_vidu_top/x_aq_vidu_vid_dp_fp/dp_dis_fp_inst_srcf1_data[63:0],331,0.01102267807785807,0.7632876435045316,1.4152138400158127,0.2175226586102719,0.036608948857840315,47
x_aq_vidu_top/x_aq_vidu_vid_dp_fp/dp_dis_fp_inst_srcf1_fwd_vld,0,0.0,0.0,0.0,0.0,,0
x_aq_vidu_top/x_aq_vidu_vid_dp_fp/dp_dis_fp_inst_srcf2_data[63:0],272,0.009057910686336542,0.7207643014705882,1.3363711878619584,0.20588235294117646,0.011105477070830339,47
x_aq_vidu_top/x_aq_vidu_vid_dp_fp/dp_dis_fp_inst_srcf2_fwd_vld,0,0.0,0.0,0.0,0.0,,0
x_aq_vidu_top/x_aq_vidu_vid_dp_fp/dp_dis_fp_inst_srcf2_rdy,17,0.0005661194178960339,0.6281999999999999,1.1647474472612174,0.11764705882352941,-0.0176734395327951,1
x_aq_vidu_top/x_aq_vidu_vid_dp_fp/dp_dis_fp_inst_srcf2_vld,8,0.00026640913783342767,0.8184899999999998,1.5175646897625499,0.25,-0.012620689046510989,1
x_aq_vidu_top/x_aq_vidu_vid_dp_fp/dp_fp_dstf_reg[4:0],2439,0.08122148589696626,0.6552362197621976,1.214875380963244,0.1906519065190652,0.019730404008586996,5
x_aq_vidu_top/x_aq_vidu_vid_dp_fp/dp_fp_dstf_vld,20,0.0006660228445835693,0.6980819999999998,1.2943158667287569,0.2,-0.011492655622566477,1
x_aq_vidu_top/x_aq_vidu_vid_dp_fp/dp_fp_inst_data[179:0],4169,0.138832461953445,0.6500528591988486,1.2052648970657667,0.1599904053729911,,92
x_aq_vidu_top/x_aq_vidu_vid_dp_fp/dp_fp_srcf0_reg[4:0],2518,0.08385227613307136,0.6542948927720413,1.2131300638527336,0.17394757744241462,-0.0012327335777184473,5
x_aq_vidu_top/x_aq_vidu_vid_dp_fp/dp_fp_srcf0_vld,24,0.0007992274135002831,0.7372133333333334,1.366869385684389,0.375,0.005807963346996418,1
x_aq_vidu_top/x_aq_vidu_vid_dp_fp/dp_fp_srcf1_reg[4:0],3265,0.10872822937826768,0.6589846830015313,1.2218254175585423,0.17151607963246554,0.015925770888737673,5
x_aq_vidu_top/x_aq_vidu_vid_dp_fp/dp_fp_srcf1_vld,8,0.00026640913783342767,0.46048999999999984,0.8537958484389016,0.125,0.0002644319839147491,1
x_aq_vidu_top/x_aq_vidu_vid_dp_fp/dp_fp_srcf2_reg[4:0],2849,0.09487495421092944,0.6594214004914005,1.2226351367268,0.17865917865917866,0.023035834688462094,5
x_aq_vidu_top/x_aq_vidu_vid_dp_fp/dp_fp_srcf2_vld,8,0.00026640913783342767,0.8184899999999998,1.5175646897625499,0.25,-0.012620689046510989,1
x_aq_vidu_top/x_aq_vidu_vid_dp_fp/dp_wb_inst_type,226,0.007526058143794332,0.7067498230088496,1.3103869025817811,0.19469026548672566,-0.04941448445433761,1
x_aq_vidu_top/x_aq_vidu_vid_gpr_fp/cp0_idu_icg_en,0,0.0,0.0,0.0,0.0,,0
x_aq_vidu_top/x_aq_vidu_vid_gpr_fp/cp0_yy_clk_en,1,3.330114222917846e-05,1.187,2.200820152656901,0.0,0.012715280083722025,1
x_aq_vidu_top/x_aq_vidu_vid_gpr_fp/dp_gpr_fp_src0_reg[4:0],2518,0.08385227613307136,0.6542948927720413,1.2131300638527336,0.17394757744241462,-0.0012327335777184473,5
x_aq_vidu_top/x_aq_vidu_vid_gpr_fp/dp_gpr_fp_src1_reg[4:0],3265,0.10872822937826768,0.6589846830015313,1.2218254175585423,0.17151607963246554,0.015925770888737673,5
x_aq_vidu_top/x_aq_vidu_vid_gpr_fp/dp_gpr_fp_src2_reg[4:0],2849,0.09487495421092944,0.6594214004914005,1.2226351367268,0.17865917865917866,0.023035834688462094,5
x_aq_vidu_top/x_aq_vidu_vid_gpr_fp/forever_cpuclk,0,0.0,0.0,0.0,0.0,,0
x_aq_vidu_top/x_aq_vidu_vid_gpr_fp/pad_yy_icg_scan_en,0,0.0,0.0,0.0,0.0,,0
x_aq_vidu_top/x_aq_vidu_vid_gpr_fp/vpu_vidu_fp_wb_data[63:0],16,0.0005328182756668553,0.9546206249999999,1.7699648775416397,0.3125,0.02839621097303371,34
x_aq_vidu_top/x_aq_vidu_vid_gpr_fp/vpu_vidu_fp_wb_reg[4:0],28,0.0009324319824169969,0.9282046428571429,1.7209869282137336,0.42857142857142855,0.029610949873468566,5
x_aq_vidu_top/x_aq_vidu_vid_gpr_fp/vpu_vidu_fp_wb_vld,0,0.0,0.0,0.0,0.0,,0
x_aq_vidu_top/x_aq_vidu_vid_gpr_fp/read_data_0[63:0],0,0.0,0.0,0.0,0.0,,0
x_aq_vidu_top/x_aq_vidu_vid_gpr_fp/read_data_1[63:0],0,0.0,0.0,0.0,0.0,,0
x_aq_vidu_top/x_aq_vidu_vid_gpr_fp/read_data_10[63:0],0,0.0,0.0,0.0,0.0,,0
x_aq_vidu_top/x_aq_vidu_vid_gpr_fp/read_data_11[63:0],0,0.0,0.0,0.0,0.0,,0
x_aq_vidu_top/x_aq_vidu_vid_gpr_fp/read_data_12[63:0],8,0.00026640913783342767,0.6978749999999997,1.2939320674266506,0.125,0.02816460529875901,34
x_aq_vidu_top/x_aq_vidu_vid_gpr_fp/read_data_13[63:0],4,0.00013320456891671384,1.42841,2.6484191358522695,1.0,0.025563792542128996,36
x_aq_vidu_top/x_aq_vidu_vid_gpr_fp/read_data_14[63:0],2,6.660228445835692e-05,0.952,1.7651059691064614,0.0,0.030902601578364573,40
x_aq_vidu_top/x_aq_vidu_vid_gpr_fp/read_data_15[63:0],0,0.0,0.0,0.0,0.0,,0
x_aq_vidu_top/x_aq_vidu_vid_gpr_fp/read_data_16[63:0],0,0.0,0.0,0.0,0.0,,0
x_aq_vidu_top/x_aq_vidu_vid_gpr_fp/read_data_17[63:0],0,0.0,0.0,0.0,0.0,,0
x_aq_vidu_top/x_aq_vidu_vid_gpr_fp/read_data_18[63:0],0,0.0,0.0,0.0,0.0,,0
x_aq_vidu_top/x_aq_vidu_vid_gpr_fp/read_data_19[63:0],6,0.00019980685337507077,1.1845600000000003,2.196296141559612,0.8333333333333334,0.028188899014132355,34
x_aq_vidu_top/x_aq_vidu_vid_gpr_fp/read_data_2[63:0],0,0.0,0.0,0.0,0.0,,0
x_aq_vidu_top/x_aq_vidu_vid_gpr_fp/read_data_20[63:0],2,6.660228445835692e-05,2.1981200000000003,4.075540685727201,1.0,0.030544636932853794,47
x_aq_vidu_top/x_aq_vidu_vid_gpr_fp/read_data_21[63:0],0,0.0,0.0,0.0,0.0,,0
x_aq_vidu_top/x_aq_vidu_vid_gpr_fp/read_data_22[63:0],0,0.0,0.0,0.0,0.0,,0
x_aq_vidu_top/x_aq_vidu_vid_gpr_fp/read_data_23[63:0],0,0.0,0.0,0.0,0.0,,0
x_aq_vidu_top/x_aq_vidu_vid_gpr_fp/read_data_24[63:0],0,0.0,0.0,0.0,0.0,,0
x_aq_vidu_top/x_aq_vidu_vid_gpr_fp/read_data_25[63:0],0,0.0,0.0,0.0,0.0,,0
x_aq_vidu_top/x_aq_vidu_vid_gpr_fp/read_data_26[63:0],0,0.0,0.0,0.0,0.0,,0
x_aq_vidu_top/x_aq_vidu_vid_gpr_fp/read_data_27[63:0],0,0.0,0.0,0.0,0.0,,0
x_aq_vidu_top/x_aq_vidu_vid_gpr_fp/read_data_28[63:0],0,0.0,0.0,0.0,0.0,,0
x_aq_vidu_top/x_aq_vidu_vid_gpr_fp/read_data_29[63:0],0,0.0,0.0,0.0,0.0,,0
x_aq_vidu_top/x_aq_vidu_vid_gpr_fp/read_data_3[63:0],0,0.0,0.0,0.0,0.0,,0
x_aq_vidu_top/x_aq_vidu_vid_gpr_fp/read_data_30[63:0],0,0.0,0.0,0.0,0.0,,0
x_aq_vidu_top/x_aq_vidu_vid_gpr_fp/read_data_31[63:0],0,0.0,0.0,0.0,0.0,,0
x_aq_vidu_top/x_aq_vidu_vid_gpr_fp/read_data_4[63:0],0,0.0,0.0,0.0,0.0,,0
x_aq_vidu_top/x_aq_vidu_vid_gpr_fp/read_data_5[63:0],0,0.0,0.0,0.0,0.0,,0
x_aq_vidu_top/x_aq_vidu_vid_gpr_fp/read_data_6[63:0],0,0.0,0.0,0.0,0.0,,0
x_aq_vidu_top/x_aq_vidu_vid_gpr_fp/read_data_7[63:0],0,0.0,0.0,0.0,0.0,,0
x_aq_vidu_top/x_aq_vidu_vid_gpr_fp/read_data_8[63:0],0,0.0,0.0,0.0,0.0,,0
x_aq_vidu_top/x_aq_vidu_vid_gpr_fp/read_data_9[63:0],0,0.0,0.0,0.0,0.0,,0
x_aq_vidu_top/x_aq_vidu_vid_gpr_fp/vpu_vidu_fp_wb_reg_expand[31:0],32,0.0010656365513337107,0.9546228125,1.7699689333917528,0.4375,0.02474722744153586,3
x_aq_vidu_top/x_aq_vidu_vid_gpr_fp/wb_vld[31:0],32,0.0010656365513337107,0.6548415624999999,1.2141436457854538,0.40625,0.029052884226336,1
x_aq_vidu_top/x_aq_vidu_vid_gpr_fp/x_aq_vidu_vid_gpr_reg_fp_0/cp0_idu_icg_en,0,0.0,0.0,0.0,0.0,,0
x_aq_vidu_top/x_aq_vidu_vid_gpr_fp/x_aq_vidu_vid_gpr_reg_fp_0/cp0_yy_clk_en,1,3.330114222917846e-05,1.187,2.200820152656901,0.0,0.012715280083722025,1
x_aq_vidu_top/x_aq_vidu_vid_gpr_fp/x_aq_vidu_vid_gpr_reg_fp_0/forever_cpuclk,0,0.0,0.0,0.0,0.0,,0
x_aq_vidu_top/x_aq_vidu_vid_gpr_fp/x_aq_vidu_vid_gpr_reg_fp_0/pad_yy_icg_scan_en,0,0.0,0.0,0.0,0.0,,0
x_aq_vidu_top/x_aq_vidu_vid_gpr_fp/x_aq_vidu_vid_gpr_reg_fp_0/read_data_y[63:0],0,0.0,0.0,0.0,0.0,,0
x_aq_vidu_top/x_aq_vidu_vid_gpr_fp/x_aq_vidu_vid_gpr_reg_fp_0/vpu_vidu_fp_wb_data[63:0],16,0.0005328182756668553,0.9546206249999999,1.7699648775416397,0.3125,0.02839621097303371,34
x_aq_vidu_top/x_aq_vidu_vid_gpr_fp/x_aq_vidu_vid_gpr_reg_fp_0/wb_vld_x,0,0.0,0.0,0.0,0.0,,0
x_aq_vidu_top/x_aq_vidu_vid_gpr_fp/x_aq_vidu_vid_gpr_reg_fp_0/reg_clk,0,0.0,0.0,0.0,0.0,,0
x_aq_vidu_top/x_aq_vidu_vid_gpr_fp/x_aq_vidu_vid_gpr_reg_fp_0/reg_clk_en,0,0.0,0.0,0.0,0.0,,0
x_aq_vidu_top/x_aq_vidu_vid_gpr_fp/x_aq_vidu_vid_gpr_reg_fp_0/write_data[63:0],0,0.0,0.0,0.0,0.0,,0
x_aq_vidu_top/x_aq_vidu_vid_gpr_fp/x_aq_vidu_vid_gpr_reg_fp_0/write_en,0,0.0,0.0,0.0,0.0,,0
x_aq_vidu_top/x_aq_vidu_vid_gpr_fp/x_aq_vidu_vid_gpr_reg_fp_0/x_reg_gated_clk/clk_in,0,0.0,0.0,0.0,0.0,,0
x_aq_vidu_top/x_aq_vidu_vid_gpr_fp/x_aq_vidu_vid_gpr_reg_fp_0/x_reg_gated_clk/global_en,1,3.330114222917846e-05,1.187,2.200820152656901,0.0,0.012715280083722025,1
x_aq_vidu_top/x_aq_vidu_vid_gpr_fp/x_aq_vidu_vid_gpr_reg_fp_0/x_reg_gated_clk/module_en,0,0.0,0.0,0.0,0.0,,0
x_aq_vidu_top/x_aq_vidu_vid_gpr_fp/x_aq_vidu_vid_gpr_reg_fp_0/x_reg_gated_clk/local_en,0,0.0,0.0,0.0,0.0,,0
x_aq_vidu_top/x_aq_vidu_vid_gpr_fp/x_aq_vidu_vid_gpr_reg_fp_0/x_reg_gated_clk/external_en,0,0.0,0.0,0.0,0.0,,0
x_aq_vidu_top/x_aq_vidu_vid_gpr_fp/x_aq_vidu_vid_gpr_reg_fp_0/x_reg_gated_clk/pad_yy_icg_scan_en,0,0.0,0.0,0.0,0.0,,0
x_aq_vidu_top/x_aq_vidu_vid_gpr_fp/x_aq_vidu_vid_gpr_reg_fp_0/x_reg_gated_clk/clk_out,0,0.0,0.0,0.0,0.0,,0
x_aq_vidu_top/x_aq_vidu_vid_gpr_fp/x_aq_vidu_vid_gpr_reg_fp_0/x_reg_gated_clk/clk_en_bf_latch,0,0.0,0.0,0.0,0.0,,0
x_aq_vidu_top/x_aq_vidu_vid_gpr_fp/x_aq_vidu_vid_gpr_reg_fp_0/x_reg_gated_clk/SE,0,0.0,0.0,0.0,0.0,,0
x_aq_vidu_top/x_aq_vidu_vid_gpr_fp/x_aq_vidu_vid_gpr_reg_fp_1/cp0_idu_icg_en,0,0.0,0.0,0.0,0.0,,0
x_aq_vidu_top/x_aq_vidu_vid_gpr_fp/x_aq_vidu_vid_gpr_reg_fp_1/cp0_yy_clk_en,1,3.330114222917846e-05,1.187,2.200820152656901,0.0,0.012715280083722025,1
x_aq_vidu_top/x_aq_vidu_vid_gpr_fp/x_aq_vidu_vid_gpr_reg_fp_1/forever_cpuclk,0,0.0,0.0,0.0,0.0,,0
x_aq_vidu_top/x_aq_vidu_vid_gpr_fp/x_aq_vidu_vid_gpr_reg_fp_1/pad_yy_icg_scan_en,0,0.0,0.0,0.0,0.0,,0
x_aq_vidu_top/x_aq_vidu_vid_gpr_fp/x_aq_vidu_vid_gpr_reg_fp_1/read_data_y[63:0],0,0.0,0.0,0.0,0.0,,0
x_aq_vidu_top/x_aq_vidu_vid_gpr_fp/x_aq_vidu_vid_gpr_reg_fp_1/vpu_vidu_fp_wb_data[63:0],16,0.0005328182756668553,0.9546206249999999,1.7699648775416397,0.3125,0.02839621097303371,34
x_aq_vidu_top/x_aq_vidu_vid_gpr_fp/x_aq_vidu_vid_gpr_reg_fp_1/wb_vld_x,0,0.0,0.0,0.0,0.0,,0
x_aq_vidu_top/x_aq_vidu_vid_gpr_fp/x_aq_vidu_vid_gpr_reg_fp_1/reg_clk,0,0.0,0.0,0.0,0.0,,0
x_aq_vidu_top/x_aq_vidu_vid_gpr_fp/x_aq_vidu_vid_gpr_reg_fp_1/reg_clk_en,0,0.0,0.0,0.0,0.0,,0
x_aq_vidu_top/x_aq_vidu_vid_gpr_fp/x_aq_vidu_vid_gpr_reg_fp_1/write_data[63:0],0,0.0,0.0,0.0,0.0,,0
x_aq_vidu_top/x_aq_vidu_vid_gpr_fp/x_aq_vidu_vid_gpr_reg_fp_1/write_en,0,0.0,0.0,0.0,0.0,,0
x_aq_vidu_top/x_aq_vidu_vid_gpr_fp/x_aq_vidu_vid_gpr_reg_fp_1/x_reg_gated_clk/clk_in,0,0.0,0.0,0.0,0.0,,0
x_aq_vidu_top/x_aq_vidu_vid_gpr_fp/x_aq_vidu_vid_gpr_reg_fp_1/x_reg_gated_clk/global_en,1,3.330114222917846e-05,1.187,2.200820152656901,0.0,0.012715280083722025,1
x_aq_vidu_top/x_aq_vidu_vid_gpr_fp/x_aq_vidu_vid_gpr_reg_fp_1/x_reg_gated_clk/module_en,0,0.0,0.0,0.0,0.0,,0
x_aq_vidu_top/x_aq_vidu_vid_gpr_fp/x_aq_vidu_vid_gpr_reg_fp_1/x_reg_gated_clk/local_en,0,0.0,0.0,0.0,0.0,,0
x_aq_vidu_top/x_aq_vidu_vid_gpr_fp/x_aq_vidu_vid_gpr_reg_fp_1/x_reg_gated_clk/external_en,0,0.0,0.0,0.0,0.0,,0
x_aq_vidu_top/x_aq_vidu_vid_gpr_fp/x_aq_vidu_vid_gpr_reg_fp_1/x_reg_gated_clk/pad_yy_icg_scan_en,0,0.0,0.0,0.0,0.0,,0
x_aq_vidu_top/x_aq_vidu_vid_gpr_fp/x_aq_vidu_vid_gpr_reg_fp_1/x_reg_gated_clk/clk_out,0,0.0,0.0,0.0,0.0,,0
x_aq_vidu_top/x_aq_vidu_vid_gpr_fp/x_aq_vidu_vid_gpr_reg_fp_1/x_reg_gated_clk/clk_en_bf_latch,0,0.0,0.0,0.0,0.0,,0
x_aq_vidu_top/x_aq_vidu_vid_gpr_fp/x_aq_vidu_vid_gpr_reg_fp_1/x_reg_gated_clk/SE,0,0.0,0.0,0.0,0.0,,0
x_aq_vidu_top/x_aq_vidu_vid_gpr_fp/x_aq_vidu_vid_gpr_reg_fp_2/cp0_idu_icg_en,0,0.0,0.0,0.0,0.0,,0
x_aq_vidu_top/x_aq_vidu_vid_gpr_fp/x_aq_vidu_vid_gpr_reg_fp_2/cp0_yy_clk_en,1,3.330114222917846e-05,1.187,2.200820152656901,0.0,0.012715280083722025,1
x_aq_vidu_top/x_aq_vidu_vid_gpr_fp/x_aq_vidu_vid_gpr_reg_fp_2/forever_cpuclk,0,0.0,0.0,0.0,0.0,,0
x_aq_vidu_top/x_aq_vidu_vid_gpr_fp/x_aq_vidu_vid_gpr_reg_fp_2/pad_yy_icg_scan_en,0,0.0,0.0,0.0,0.0,,0
x_aq_vidu_top/x_aq_vidu_vid_gpr_fp/x_aq_vidu_vid_gpr_reg_fp_2/read_data_y[63:0],0,0.0,0.0,0.0,0.0,,0
x_aq_vidu_top/x_aq_vidu_vid_gpr_fp/x_aq_vidu_vid_gpr_reg_fp_2/vpu_vidu_fp_wb_data[63:0],16,0.0005328182756668553,0.9546206249999999,1.7699648775416397,0.3125,0.02839621097303371,34
x_aq_vidu_top/x_aq_vidu_vid_gpr_fp/x_aq_vidu_vid_gpr_reg_fp_2/wb_vld_x,0,0.0,0.0,0.0,0.0,,0
x_aq_vidu_top/x_aq_vidu_vid_gpr_fp/x_aq_vidu_vid_gpr_reg_fp_2/reg_clk,0,0.0,0.0,0.0,0.0,,0
x_aq_vidu_top/x_aq_vidu_vid_gpr_fp/x_aq_vidu_vid_gpr_reg_fp_2/reg_clk_en,0,0.0,0.0,0.0,0.0,,0
x_aq_vidu_top/x_aq_vidu_vid_gpr_fp/x_aq_vidu_vid_gpr_reg_fp_2/write_data[63:0],0,0.0,0.0,0.0,0.0,,0
x_aq_vidu_top/x_aq_vidu_vid_gpr_fp/x_aq_vidu_vid_gpr_reg_fp_2/write_en,0,0.0,0.0,0.0,0.0,,0
x_aq_vidu_top/x_aq_vidu_vid_gpr_fp/x_aq_vidu_vid_gpr_reg_fp_2/x_reg_gated_clk/clk_in,0,0.0,0.0,0.0,0.0,,0
x_aq_vidu_top/x_aq_vidu_vid_gpr_fp/x_aq_vidu_vid_gpr_reg_fp_2/x_reg_gated_clk/global_en,1,3.330114222917846e-05,1.187,2.200820152656901,0.0,0.012715280083722025,1
x_aq_vidu_top/x_aq_vidu_vid_gpr_fp/x_aq_vidu_vid_gpr_reg_fp_2/x_reg_gated_clk/module_en,0,0.0,0.0,0.0,0.0,,0
x_aq_vidu_top/x_aq_vidu_vid_gpr_fp/x_aq_vidu_vid_gpr_reg_fp_2/x_reg_gated_clk/local_en,0,0.0,0.0,0.0,0.0,,0
x_aq_vidu_top/x_aq_vidu_vid_gpr_fp/x_aq_vidu_vid_gpr_reg_fp_2/x_reg_gated_clk/external_en,0,0.0,0.0,0.0,0.0,,0
x_aq_vidu_top/x_aq_vidu_vid_gpr_fp/x_aq_vidu_vid_gpr_reg_fp_2/x_reg_gated_clk/pad_yy_icg_scan_en,0,0.0,0.0,0.0,0.0,,0
x_aq_vidu_top/x_aq_vidu_vid_gpr_fp/x_aq_vidu_vid_gpr_reg_fp_2/x_reg_gated_clk/clk_out,0,0.0,0.0,0.0,0.0,,0
x_aq_vidu_top/x_aq_vidu_vid_gpr_fp/x_aq_vidu_vid_gpr_reg_fp_2/x_reg_gated_clk/clk_en_bf_latch,0,0.0,0.0,0.0,0.0,,0
x_aq_vidu_top/x_aq_vidu_vid_gpr_fp/x_aq_vidu_vid_gpr_reg_fp_2/x_reg_gated_clk/SE,0,0.0,0.0,0.0,0.0,,0
x_aq_vidu_top/x_aq_vidu_vid_gpr_fp/x_aq_vidu_vid_gpr_reg_fp_3/cp0_idu_icg_en,0,0.0,0.0,0.0,0.0,,0
x_aq_vidu_top/x_aq_vidu_vid_gpr_fp/x_aq_vidu_vid_gpr_reg_fp_3/cp0_yy_clk_en,1,3.330114222917846e-05,1.187,2.200820152656901,0.0,0.012715280083722025,1
x_aq_vidu_top/x_aq_vidu_vid_gpr_fp/x_aq_vidu_vid_gpr_reg_fp_3/forever_cpuclk,0,0.0,0.0,0.0,0.0,,0
x_aq_vidu_top/x_aq_vidu_vid_gpr_fp/x_aq_vidu_vid_gpr_reg_fp_3/pad_yy_icg_scan_en,0,0.0,0.0,0.0,0.0,,0
x_aq_vidu_top/x_aq_vidu_vid_gpr_fp/x_aq_vidu_vid_gpr_reg_fp_3/read_data_y[63:0],0,0.0,0.0,0.0,0.0,,0
x_aq_vidu_top/x_aq_vidu_vid_gpr_fp/x_aq_vidu_vid_gpr_reg_fp_3/vpu_vidu_fp_wb_data[63:0],16,0.0005328182756668553,0.9546206249999999,1.7699648775416397,0.3125,0.02839621097303371,34
x_aq_vidu_top/x_aq_vidu_vid_gpr_fp/x_aq_vidu_vid_gpr_reg_fp_3/wb_vld_x,0,0.0,0.0,0.0,0.0,,0
x_aq_vidu_top/x_aq_vidu_vid_gpr_fp/x_aq_vidu_vid_gpr_reg_fp_3/reg_clk,0,0.0,0.0,0.0,0.0,,0
x_aq_vidu_top/x_aq_vidu_vid_gpr_fp/x_aq_vidu_vid_gpr_reg_fp_3/reg_clk_en,0,0.0,0.0,0.0,0.0,,0
x_aq_vidu_top/x_aq_vidu_vid_gpr_fp/x_aq_vidu_vid_gpr_reg_fp_3/write_data[63:0],0,0.0,0.0,0.0,0.0,,0
x_aq_vidu_top/x_aq_vidu_vid_gpr_fp/x_aq_vidu_vid_gpr_reg_fp_3/write_en,0,0.0,0.0,0.0,0.0,,0
x_aq_vidu_top/x_aq_vidu_vid_gpr_fp/x_aq_vidu_vid_gpr_reg_fp_3/x_reg_gated_clk/clk_in,0,0.0,0.0,0.0,0.0,,0
x_aq_vidu_top/x_aq_vidu_vid_gpr_fp/x_aq_vidu_vid_gpr_reg_fp_3/x_reg_gated_clk/global_en,1,3.330114222917846e-05,1.187,2.200820152656901,0.0,0.012715280083722025,1
x_aq_vidu_top/x_aq_vidu_vid_gpr_fp/x_aq_vidu_vid_gpr_reg_fp_3/x_reg_gated_clk/module_en,0,0.0,0.0,0.0,0.0,,0
x_aq_vidu_top/x_aq_vidu_vid_gpr_fp/x_aq_vidu_vid_gpr_reg_fp_3/x_reg_gated_clk/local_en,0,0.0,0.0,0.0,0.0,,0
x_aq_vidu_top/x_aq_vidu_vid_gpr_fp/x_aq_vidu_vid_gpr_reg_fp_3/x_reg_gated_clk/external_en,0,0.0,0.0,0.0,0.0,,0
x_aq_vidu_top/x_aq_vidu_vid_gpr_fp/x_aq_vidu_vid_gpr_reg_fp_3/x_reg_gated_clk/pad_yy_icg_scan_en,0,0.0,0.0,0.0,0.0,,0
x_aq_vidu_top/x_aq_vidu_vid_gpr_fp/x_aq_vidu_vid_gpr_reg_fp_3/x_reg_gated_clk/clk_out,0,0.0,0.0,0.0,0.0,,0
x_aq_vidu_top/x_aq_vidu_vid_gpr_fp/x_aq_vidu_vid_gpr_reg_fp_3/x_reg_gated_clk/clk_en_bf_latch,0,0.0,0.0,0.0,0.0,,0
x_aq_vidu_top/x_aq_vidu_vid_gpr_fp/x_aq_vidu_vid_gpr_reg_fp_3/x_reg_gated_clk/SE,0,0.0,0.0,0.0,0.0,,0
x_aq_vidu_top/x_aq_vidu_vid_gpr_fp/x_aq_vidu_vid_gpr_reg_fp_4/cp0_idu_icg_en,0,0.0,0.0,0.0,0.0,,0
x_aq_vidu_top/x_aq_vidu_vid_gpr_fp/x_aq_vidu_vid_gpr_reg_fp_4/cp0_yy_clk_en,1,3.330114222917846e-05,1.187,2.200820152656901,0.0,0.012715280083722025,1
x_aq_vidu_top/x_aq_vidu_vid_gpr_fp/x_aq_vidu_vid_gpr_reg_fp_4/forever_cpuclk,0,0.0,0.0,0.0,0.0,,0
x_aq_vidu_top/x_aq_vidu_vid_gpr_fp/x_aq_vidu_vid_gpr_reg_fp_4/pad_yy_icg_scan_en,0,0.0,0.0,0.0,0.0,,0
x_aq_vidu_top/x_aq_vidu_vid_gpr_fp/x_aq_vidu_vid_gpr_reg_fp_4/read_data_y[63:0],0,0.0,0.0,0.0,0.0,,0
x_aq_vidu_top/x_aq_vidu_vid_gpr_fp/x_aq_vidu_vid_gpr_reg_fp_4/vpu_vidu_fp_wb_data[63:0],16,0.0005328182756668553,0.9546206249999999,1.7699648775416397,0.3125,0.02839621097303371,34
x_aq_vidu_top/x_aq_vidu_vid_gpr_fp/x_aq_vidu_vid_gpr_reg_fp_4/wb_vld_x,0,0.0,0.0,0.0,0.0,,0
x_aq_vidu_top/x_aq_vidu_vid_gpr_fp/x_aq_vidu_vid_gpr_reg_fp_4/reg_clk,0,0.0,0.0,0.0,0.0,,0
x_aq_vidu_top/x_aq_vidu_vid_gpr_fp/x_aq_vidu_vid_gpr_reg_fp_4/reg_clk_en,0,0.0,0.0,0.0,0.0,,0
x_aq_vidu_top/x_aq_vidu_vid_gpr_fp/x_aq_vidu_vid_gpr_reg_fp_4/write_data[63:0],0,0.0,0.0,0.0,0.0,,0
x_aq_vidu_top/x_aq_vidu_vid_gpr_fp/x_aq_vidu_vid_gpr_reg_fp_4/write_en,0,0.0,0.0,0.0,0.0,,0
x_aq_vidu_top/x_aq_vidu_vid_gpr_fp/x_aq_vidu_vid_gpr_reg_fp_4/x_reg_gated_clk/clk_in,0,0.0,0.0,0.0,0.0,,0
x_aq_vidu_top/x_aq_vidu_vid_gpr_fp/x_aq_vidu_vid_gpr_reg_fp_4/x_reg_gated_clk/global_en,1,3.330114222917846e-05,1.187,2.200820152656901,0.0,0.012715280083722025,1
x_aq_vidu_top/x_aq_vidu_vid_gpr_fp/x_aq_vidu_vid_gpr_reg_fp_4/x_reg_gated_clk/module_en,0,0.0,0.0,0.0,0.0,,0
x_aq_vidu_top/x_aq_vidu_vid_gpr_fp/x_aq_vidu_vid_gpr_reg_fp_4/x_reg_gated_clk/local_en,0,0.0,0.0,0.0,0.0,,0
x_aq_vidu_top/x_aq_vidu_vid_gpr_fp/x_aq_vidu_vid_gpr_reg_fp_4/x_reg_gated_clk/external_en,0,0.0,0.0,0.0,0.0,,0
x_aq_vidu_top/x_aq_vidu_vid_gpr_fp/x_aq_vidu_vid_gpr_reg_fp_4/x_reg_gated_clk/pad_yy_icg_scan_en,0,0.0,0.0,0.0,0.0,,0
x_aq_vidu_top/x_aq_vidu_vid_gpr_fp/x_aq_vidu_vid_gpr_reg_fp_4/x_reg_gated_clk/clk_out,0,0.0,0.0,0.0,0.0,,0
x_aq_vidu_top/x_aq_vidu_vid_gpr_fp/x_aq_vidu_vid_gpr_reg_fp_4/x_reg_gated_clk/clk_en_bf_latch,0,0.0,0.0,0.0,0.0,,0
x_aq_vidu_top/x_aq_vidu_vid_gpr_fp/x_aq_vidu_vid_gpr_reg_fp_4/x_reg_gated_clk/SE,0,0.0,0.0,0.0,0.0,,0
x_aq_vidu_top/x_aq_vidu_vid_gpr_fp/x_aq_vidu_vid_gpr_reg_fp_5/cp0_idu_icg_en,0,0.0,0.0,0.0,0.0,,0
x_aq_vidu_top/x_aq_vidu_vid_gpr_fp/x_aq_vidu_vid_gpr_reg_fp_5/cp0_yy_clk_en,1,3.330114222917846e-05,1.187,2.200820152656901,0.0,0.012715280083722025,1
x_aq_vidu_top/x_aq_vidu_vid_gpr_fp/x_aq_vidu_vid_gpr_reg_fp_5/forever_cpuclk,0,0.0,0.0,0.0,0.0,,0
x_aq_vidu_top/x_aq_vidu_vid_gpr_fp/x_aq_vidu_vid_gpr_reg_fp_5/pad_yy_icg_scan_en,0,0.0,0.0,0.0,0.0,,0
x_aq_vidu_top/x_aq_vidu_vid_gpr_fp/x_aq_vidu_vid_gpr_reg_fp_5/read_data_y[63:0],0,0.0,0.0,0.0,0.0,,0
x_aq_vidu_top/x_aq_vidu_vid_gpr_fp/x_aq_vidu_vid_gpr_reg_fp_5/vpu_vidu_fp_wb_data[63:0],16,0.0005328182756668553,0.9546206249999999,1.7699648775416397,0.3125,0.02839621097303371,34
x_aq_vidu_top/x_aq_vidu_vid_gpr_fp/x_aq_vidu_vid_gpr_reg_fp_5/wb_vld_x,0,0.0,0.0,0.0,0.0,,0
x_aq_vidu_top/x_aq_vidu_vid_gpr_fp/x_aq_vidu_vid_gpr_reg_fp_5/reg_clk,0,0.0,0.0,0.0,0.0,,0
x_aq_vidu_top/x_aq_vidu_vid_gpr_fp/x_aq_vidu_vid_gpr_reg_fp_5/reg_clk_en,0,0.0,0.0,0.0,0.0,,0
x_aq_vidu_top/x_aq_vidu_vid_gpr_fp/x_aq_vidu_vid_gpr_reg_fp_5/write_data[63:0],0,0.0,0.0,0.0,0.0,,0
x_aq_vidu_top/x_aq_vidu_vid_gpr_fp/x_aq_vidu_vid_gpr_reg_fp_5/write_en,0,0.0,0.0,0.0,0.0,,0
x_aq_vidu_top/x_aq_vidu_vid_gpr_fp/x_aq_vidu_vid_gpr_reg_fp_5/x_reg_gated_clk/clk_in,0,0.0,0.0,0.0,0.0,,0
x_aq_vidu_top/x_aq_vidu_vid_gpr_fp/x_aq_vidu_vid_gpr_reg_fp_5/x_reg_gated_clk/global_en,1,3.330114222917846e-05,1.187,2.200820152656901,0.0,0.012715280083722025,1
x_aq_vidu_top/x_aq_vidu_vid_gpr_fp/x_aq_vidu_vid_gpr_reg_fp_5/x_reg_gated_clk/module_en,0,0.0,0.0,0.0,0.0,,0
x_aq_vidu_top/x_aq_vidu_vid_gpr_fp/x_aq_vidu_vid_gpr_reg_fp_5/x_reg_gated_clk/local_en,0,0.0,0.0,0.0,0.0,,0
x_aq_vidu_top/x_aq_vidu_vid_gpr_fp/x_aq_vidu_vid_gpr_reg_fp_5/x_reg_gated_clk/external_en,0,0.0,0.0,0.0,0.0,,0
x_aq_vidu_top/x_aq_vidu_vid_gpr_fp/x_aq_vidu_vid_gpr_reg_fp_5/x_reg_gated_clk/pad_yy_icg_scan_en,0,0.0,0.0,0.0,0.0,,0
x_aq_vidu_top/x_aq_vidu_vid_gpr_fp/x_aq_vidu_vid_gpr_reg_fp_5/x_reg_gated_clk/clk_out,0,0.0,0.0,0.0,0.0,,0
x_aq_vidu_top/x_aq_vidu_vid_gpr_fp/x_aq_vidu_vid_gpr_reg_fp_5/x_reg_gated_clk/clk_en_bf_latch,0,0.0,0.0,0.0,0.0,,0
x_aq_vidu_top/x_aq_vidu_vid_gpr_fp/x_aq_vidu_vid_gpr_reg_fp_5/x_reg_gated_clk/SE,0,0.0,0.0,0.0,0.0,,0
x_aq_vidu_top/x_aq_vidu_vid_gpr_fp/x_aq_vidu_vid_gpr_reg_fp_6/cp0_idu_icg_en,0,0.0,0.0,0.0,0.0,,0
x_aq_vidu_top/x_aq_vidu_vid_gpr_fp/x_aq_vidu_vid_gpr_reg_fp_6/cp0_yy_clk_en,1,3.330114222917846e-05,1.187,2.200820152656901,0.0,0.012715280083722025,1
x_aq_vidu_top/x_aq_vidu_vid_gpr_fp/x_aq_vidu_vid_gpr_reg_fp_6/forever_cpuclk,0,0.0,0.0,0.0,0.0,,0
x_aq_vidu_top/x_aq_vidu_vid_gpr_fp/x_aq_vidu_vid_gpr_reg_fp_6/pad_yy_icg_scan_en,0,0.0,0.0,0.0,0.0,,0
x_aq_vidu_top/x_aq_vidu_vid_gpr_fp/x_aq_vidu_vid_gpr_reg_fp_6/read_data_y[63:0],0,0.0,0.0,0.0,0.0,,0
x_aq_vidu_top/x_aq_vidu_vid_gpr_fp/x_aq_vidu_vid_gpr_reg_fp_6/vpu_vidu_fp_wb_data[63:0],16,0.0005328182756668553,0.9546206249999999,1.7699648775416397,0.3125,0.02839621097303371,34
x_aq_vidu_top/x_aq_vidu_vid_gpr_fp/x_aq_vidu_vid_gpr_reg_fp_6/wb_vld_x,0,0.0,0.0,0.0,0.0,,0
x_aq_vidu_top/x_aq_vidu_vid_gpr_fp/x_aq_vidu_vid_gpr_reg_fp_6/reg_clk,0,0.0,0.0,0.0,0.0,,0
x_aq_vidu_top/x_aq_vidu_vid_gpr_fp/x_aq_vidu_vid_gpr_reg_fp_6/reg_clk_en,0,0.0,0.0,0.0,0.0,,0
x_aq_vidu_top/x_aq_vidu_vid_gpr_fp/x_aq_vidu_vid_gpr_reg_fp_6/write_data[63:0],0,0.0,0.0,0.0,0.0,,0
x_aq_vidu_top/x_aq_vidu_vid_gpr_fp/x_aq_vidu_vid_gpr_reg_fp_6/write_en,0,0.0,0.0,0.0,0.0,,0
x_aq_vidu_top/x_aq_vidu_vid_gpr_fp/x_aq_vidu_vid_gpr_reg_fp_6/x_reg_gated_clk/clk_in,0,0.0,0.0,0.0,0.0,,0
x_aq_vidu_top/x_aq_vidu_vid_gpr_fp/x_aq_vidu_vid_gpr_reg_fp_6/x_reg_gated_clk/global_en,1,3.330114222917846e-05,1.187,2.200820152656901,0.0,0.012715280083722025,1
x_aq_vidu_top/x_aq_vidu_vid_gpr_fp/x_aq_vidu_vid_gpr_reg_fp_6/x_reg_gated_clk/module_en,0,0.0,0.0,0.0,0.0,,0
x_aq_vidu_top/x_aq_vidu_vid_gpr_fp/x_aq_vidu_vid_gpr_reg_fp_6/x_reg_gated_clk/local_en,0,0.0,0.0,0.0,0.0,,0
x_aq_vidu_top/x_aq_vidu_vid_gpr_fp/x_aq_vidu_vid_gpr_reg_fp_6/x_reg_gated_clk/external_en,0,0.0,0.0,0.0,0.0,,0
x_aq_vidu_top/x_aq_vidu_vid_gpr_fp/x_aq_vidu_vid_gpr_reg_fp_6/x_reg_gated_clk/pad_yy_icg_scan_en,0,0.0,0.0,0.0,0.0,,0
x_aq_vidu_top/x_aq_vidu_vid_gpr_fp/x_aq_vidu_vid_gpr_reg_fp_6/x_reg_gated_clk/clk_out,0,0.0,0.0,0.0,0.0,,0
x_aq_vidu_top/x_aq_vidu_vid_gpr_fp/x_aq_vidu_vid_gpr_reg_fp_6/x_reg_gated_clk/clk_en_bf_latch,0,0.0,0.0,0.0,0.0,,0
x_aq_vidu_top/x_aq_vidu_vid_gpr_fp/x_aq_vidu_vid_gpr_reg_fp_6/x_reg_gated_clk/SE,0,0.0,0.0,0.0,0.0,,0
x_aq_vidu_top/x_aq_vidu_vid_gpr_fp/x_aq_vidu_vid_gpr_reg_fp_7/cp0_idu_icg_en,0,0.0,0.0,0.0,0.0,,0
x_aq_vidu_top/x_aq_vidu_vid_gpr_fp/x_aq_vidu_vid_gpr_reg_fp_7/cp0_yy_clk_en,1,3.330114222917846e-05,1.187,2.200820152656901,0.0,0.012715280083722025,1
x_aq_vidu_top/x_aq_vidu_vid_gpr_fp/x_aq_vidu_vid_gpr_reg_fp_7/forever_cpuclk,0,0.0,0.0,0.0,0.0,,0
x_aq_vidu_top/x_aq_vidu_vid_gpr_fp/x_aq_vidu_vid_gpr_reg_fp_7/pad_yy_icg_scan_en,0,0.0,0.0,0.0,0.0,,0
x_aq_vidu_top/x_aq_vidu_vid_gpr_fp/x_aq_vidu_vid_gpr_reg_fp_7/read_data_y[63:0],0,0.0,0.0,0.0,0.0,,0
x_aq_vidu_top/x_aq_vidu_vid_gpr_fp/x_aq_vidu_vid_gpr_reg_fp_7/vpu_vidu_fp_wb_data[63:0],16,0.0005328182756668553,0.9546206249999999,1.7699648775416397,0.3125,0.02839621097303371,34
x_aq_vidu_top/x_aq_vidu_vid_gpr_fp/x_aq_vidu_vid_gpr_reg_fp_7/wb_vld_x,0,0.0,0.0,0.0,0.0,,0
x_aq_vidu_top/x_aq_vidu_vid_gpr_fp/x_aq_vidu_vid_gpr_reg_fp_7/reg_clk,0,0.0,0.0,0.0,0.0,,0
x_aq_vidu_top/x_aq_vidu_vid_gpr_fp/x_aq_vidu_vid_gpr_reg_fp_7/reg_clk_en,0,0.0,0.0,0.0,0.0,,0
x_aq_vidu_top/x_aq_vidu_vid_gpr_fp/x_aq_vidu_vid_gpr_reg_fp_7/write_data[63:0],0,0.0,0.0,0.0,0.0,,0
x_aq_vidu_top/x_aq_vidu_vid_gpr_fp/x_aq_vidu_vid_gpr_reg_fp_7/write_en,0,0.0,0.0,0.0,0.0,,0
x_aq_vidu_top/x_aq_vidu_vid_gpr_fp/x_aq_vidu_vid_gpr_reg_fp_7/x_reg_gated_clk/clk_in,0,0.0,0.0,0.0,0.0,,0
x_aq_vidu_top/x_aq_vidu_vid_gpr_fp/x_aq_vidu_vid_gpr_reg_fp_7/x_reg_gated_clk/global_en,1,3.330114222917846e-05,1.187,2.200820152656901,0.0,0.012715280083722025,1
x_aq_vidu_top/x_aq_vidu_vid_gpr_fp/x_aq_vidu_vid_gpr_reg_fp_7/x_reg_gated_clk/module_en,0,0.0,0.0,0.0,0.0,,0
x_aq_vidu_top/x_aq_vidu_vid_gpr_fp/x_aq_vidu_vid_gpr_reg_fp_7/x_reg_gated_clk/local_en,0,0.0,0.0,0.0,0.0,,0
x_aq_vidu_top/x_aq_vidu_vid_gpr_fp/x_aq_vidu_vid_gpr_reg_fp_7/x_reg_gated_clk/external_en,0,0.0,0.0,0.0,0.0,,0
x_aq_vidu_top/x_aq_vidu_vid_gpr_fp/x_aq_vidu_vid_gpr_reg_fp_7/x_reg_gated_clk/pad_yy_icg_scan_en,0,0.0,0.0,0.0,0.0,,0
x_aq_vidu_top/x_aq_vidu_vid_gpr_fp/x_aq_vidu_vid_gpr_reg_fp_7/x_reg_gated_clk/clk_out,0,0.0,0.0,0.0,0.0,,0
x_aq_vidu_top/x_aq_vidu_vid_gpr_fp/x_aq_vidu_vid_gpr_reg_fp_7/x_reg_gated_clk/clk_en_bf_latch,0,0.0,0.0,0.0,0.0,,0
x_aq_vidu_top/x_aq_vidu_vid_gpr_fp/x_aq_vidu_vid_gpr_reg_fp_7/x_reg_gated_clk/SE,0,0.0,0.0,0.0,0.0,,0
x_aq_vidu_top/x_aq_vidu_vid_gpr_fp/x_aq_vidu_vid_gpr_reg_fp_8/cp0_idu_icg_en,0,0.0,0.0,0.0,0.0,,0
x_aq_vidu_top/x_aq_vidu_vid_gpr_fp/x_aq_vidu_vid_gpr_reg_fp_8/cp0_yy_clk_en,1,3.330114222917846e-05,1.187,2.200820152656901,0.0,0.012715280083722025,1
x_aq_vidu_top/x_aq_vidu_vid_gpr_fp/x_aq_vidu_vid_gpr_reg_fp_8/forever_cpuclk,0,0.0,0.0,0.0,0.0,,0
x_aq_vidu_top/x_aq_vidu_vid_gpr_fp/x_aq_vidu_vid_gpr_reg_fp_8/pad_yy_icg_scan_en,0,0.0,0.0,0.0,0.0,,0
x_aq_vidu_top/x_aq_vidu_vid_gpr_fp/x_aq_vidu_vid_gpr_reg_fp_8/read_data_y[63:0],0,0.0,0.0,0.0,0.0,,0
x_aq_vidu_top/x_aq_vidu_vid_gpr_fp/x_aq_vidu_vid_gpr_reg_fp_8/vpu_vidu_fp_wb_data[63:0],16,0.0005328182756668553,0.9546206249999999,1.7699648775416397,0.3125,0.02839621097303371,34
x_aq_vidu_top/x_aq_vidu_vid_gpr_fp/x_aq_vidu_vid_gpr_reg_fp_8/wb_vld_x,0,0.0,0.0,0.0,0.0,,0
x_aq_vidu_top/x_aq_vidu_vid_gpr_fp/x_aq_vidu_vid_gpr_reg_fp_8/reg_clk,0,0.0,0.0,0.0,0.0,,0
x_aq_vidu_top/x_aq_vidu_vid_gpr_fp/x_aq_vidu_vid_gpr_reg_fp_8/reg_clk_en,0,0.0,0.0,0.0,0.0,,0
x_aq_vidu_top/x_aq_vidu_vid_gpr_fp/x_aq_vidu_vid_gpr_reg_fp_8/write_data[63:0],0,0.0,0.0,0.0,0.0,,0
x_aq_vidu_top/x_aq_vidu_vid_gpr_fp/x_aq_vidu_vid_gpr_reg_fp_8/write_en,0,0.0,0.0,0.0,0.0,,0
x_aq_vidu_top/x_aq_vidu_vid_gpr_fp/x_aq_vidu_vid_gpr_reg_fp_8/x_reg_gated_clk/clk_in,0,0.0,0.0,0.0,0.0,,0
x_aq_vidu_top/x_aq_vidu_vid_gpr_fp/x_aq_vidu_vid_gpr_reg_fp_8/x_reg_gated_clk/global_en,1,3.330114222917846e-05,1.187,2.200820152656901,0.0,0.012715280083722025,1
x_aq_vidu_top/x_aq_vidu_vid_gpr_fp/x_aq_vidu_vid_gpr_reg_fp_8/x_reg_gated_clk/module_en,0,0.0,0.0,0.0,0.0,,0
x_aq_vidu_top/x_aq_vidu_vid_gpr_fp/x_aq_vidu_vid_gpr_reg_fp_8/x_reg_gated_clk/local_en,0,0.0,0.0,0.0,0.0,,0
x_aq_vidu_top/x_aq_vidu_vid_gpr_fp/x_aq_vidu_vid_gpr_reg_fp_8/x_reg_gated_clk/external_en,0,0.0,0.0,0.0,0.0,,0
x_aq_vidu_top/x_aq_vidu_vid_gpr_fp/x_aq_vidu_vid_gpr_reg_fp_8/x_reg_gated_clk/pad_yy_icg_scan_en,0,0.0,0.0,0.0,0.0,,0
x_aq_vidu_top/x_aq_vidu_vid_gpr_fp/x_aq_vidu_vid_gpr_reg_fp_8/x_reg_gated_clk/clk_out,0,0.0,0.0,0.0,0.0,,0
x_aq_vidu_top/x_aq_vidu_vid_gpr_fp/x_aq_vidu_vid_gpr_reg_fp_8/x_reg_gated_clk/clk_en_bf_latch,0,0.0,0.0,0.0,0.0,,0
x_aq_vidu_top/x_aq_vidu_vid_gpr_fp/x_aq_vidu_vid_gpr_reg_fp_8/x_reg_gated_clk/SE,0,0.0,0.0,0.0,0.0,,0
x_aq_vidu_top/x_aq_vidu_vid_gpr_fp/x_aq_vidu_vid_gpr_reg_fp_9/cp0_idu_icg_en,0,0.0,0.0,0.0,0.0,,0
x_aq_vidu_top/x_aq_vidu_vid_gpr_fp/x_aq_vidu_vid_gpr_reg_fp_9/cp0_yy_clk_en,1,3.330114222917846e-05,1.187,2.200820152656901,0.0,0.012715280083722025,1
x_aq_vidu_top/x_aq_vidu_vid_gpr_fp/x_aq_vidu_vid_gpr_reg_fp_9/forever_cpuclk,0,0.0,0.0,0.0,0.0,,0
x_aq_vidu_top/x_aq_vidu_vid_gpr_fp/x_aq_vidu_vid_gpr_reg_fp_9/pad_yy_icg_scan_en,0,0.0,0.0,0.0,0.0,,0
x_aq_vidu_top/x_aq_vidu_vid_gpr_fp/x_aq_vidu_vid_gpr_reg_fp_9/read_data_y[63:0],0,0.0,0.0,0.0,0.0,,0
x_aq_vidu_top/x_aq_vidu_vid_gpr_fp/x_aq_vidu_vid_gpr_reg_fp_9/vpu_vidu_fp_wb_data[63:0],16,0.0005328182756668553,0.9546206249999999,1.7699648775416397,0.3125,0.02839621097303371,34
x_aq_vidu_top/x_aq_vidu_vid_gpr_fp/x_aq_vidu_vid_gpr_reg_fp_9/wb_vld_x,0,0.0,0.0,0.0,0.0,,0
x_aq_vidu_top/x_aq_vidu_vid_gpr_fp/x_aq_vidu_vid_gpr_reg_fp_9/reg_clk,0,0.0,0.0,0.0,0.0,,0
x_aq_vidu_top/x_aq_vidu_vid_gpr_fp/x_aq_vidu_vid_gpr_reg_fp_9/reg_clk_en,0,0.0,0.0,0.0,0.0,,0
x_aq_vidu_top/x_aq_vidu_vid_gpr_fp/x_aq_vidu_vid_gpr_reg_fp_9/write_data[63:0],0,0.0,0.0,0.0,0.0,,0
x_aq_vidu_top/x_aq_vidu_vid_gpr_fp/x_aq_vidu_vid_gpr_reg_fp_9/write_en,0,0.0,0.0,0.0,0.0,,0
x_aq_vidu_top/x_aq_vidu_vid_gpr_fp/x_aq_vidu_vid_gpr_reg_fp_9/x_reg_gated_clk/clk_in,0,0.0,0.0,0.0,0.0,,0
x_aq_vidu_top/x_aq_vidu_vid_gpr_fp/x_aq_vidu_vid_gpr_reg_fp_9/x_reg_gated_clk/global_en,1,3.330114222917846e-05,1.187,2.200820152656901,0.0,0.012715280083722025,1
x_aq_vidu_top/x_aq_vidu_vid_gpr_fp/x_aq_vidu_vid_gpr_reg_fp_9/x_reg_gated_clk/module_en,0,0.0,0.0,0.0,0.0,,0
x_aq_vidu_top/x_aq_vidu_vid_gpr_fp/x_aq_vidu_vid_gpr_reg_fp_9/x_reg_gated_clk/local_en,0,0.0,0.0,0.0,0.0,,0
x_aq_vidu_top/x_aq_vidu_vid_gpr_fp/x_aq_vidu_vid_gpr_reg_fp_9/x_reg_gated_clk/external_en,0,0.0,0.0,0.0,0.0,,0
x_aq_vidu_top/x_aq_vidu_vid_gpr_fp/x_aq_vidu_vid_gpr_reg_fp_9/x_reg_gated_clk/pad_yy_icg_scan_en,0,0.0,0.0,0.0,0.0,,0
x_aq_vidu_top/x_aq_vidu_vid_gpr_fp/x_aq_vidu_vid_gpr_reg_fp_9/x_reg_gated_clk/clk_out,0,0.0,0.0,0.0,0.0,,0
x_aq_vidu_top/x_aq_vidu_vid_gpr_fp/x_aq_vidu_vid_gpr_reg_fp_9/x_reg_gated_clk/clk_en_bf_latch,0,0.0,0.0,0.0,0.0,,0
x_aq_vidu_top/x_aq_vidu_vid_gpr_fp/x_aq_vidu_vid_gpr_reg_fp_9/x_reg_gated_clk/SE,0,0.0,0.0,0.0,0.0,,0
x_aq_vidu_top/x_aq_vidu_vid_gpr_fp/x_aq_vidu_vid_gpr_reg_fp_10/cp0_idu_icg_en,0,0.0,0.0,0.0,0.0,,0
x_aq_vidu_top/x_aq_vidu_vid_gpr_fp/x_aq_vidu_vid_gpr_reg_fp_10/cp0_yy_clk_en,1,3.330114222917846e-05,1.187,2.200820152656901,0.0,0.012715280083722025,1
x_aq_vidu_top/x_aq_vidu_vid_gpr_fp/x_aq_vidu_vid_gpr_reg_fp_10/forever_cpuclk,0,0.0,0.0,0.0,0.0,,0
x_aq_vidu_top/x_aq_vidu_vid_gpr_fp/x_aq_vidu_vid_gpr_reg_fp_10/pad_yy_icg_scan_en,0,0.0,0.0,0.0,0.0,,0
x_aq_vidu_top/x_aq_vidu_vid_gpr_fp/x_aq_vidu_vid_gpr_reg_fp_10/read_data_y[63:0],0,0.0,0.0,0.0,0.0,,0
x_aq_vidu_top/x_aq_vidu_vid_gpr_fp/x_aq_vidu_vid_gpr_reg_fp_10/vpu_vidu_fp_wb_data[63:0],16,0.0005328182756668553,0.9546206249999999,1.7699648775416397,0.3125,0.02839621097303371,34
x_aq_vidu_top/x_aq_vidu_vid_gpr_fp/x_aq_vidu_vid_gpr_reg_fp_10/wb_vld_x,0,0.0,0.0,0.0,0.0,,0
x_aq_vidu_top/x_aq_vidu_vid_gpr_fp/x_aq_vidu_vid_gpr_reg_fp_10/reg_clk,0,0.0,0.0,0.0,0.0,,0
x_aq_vidu_top/x_aq_vidu_vid_gpr_fp/x_aq_vidu_vid_gpr_reg_fp_10/reg_clk_en,0,0.0,0.0,0.0,0.0,,0
x_aq_vidu_top/x_aq_vidu_vid_gpr_fp/x_aq_vidu_vid_gpr_reg_fp_10/write_data[63:0],0,0.0,0.0,0.0,0.0,,0
x_aq_vidu_top/x_aq_vidu_vid_gpr_fp/x_aq_vidu_vid_gpr_reg_fp_10/write_en,0,0.0,0.0,0.0,0.0,,0
x_aq_vidu_top/x_aq_vidu_vid_gpr_fp/x_aq_vidu_vid_gpr_reg_fp_10/x_reg_gated_clk/clk_in,0,0.0,0.0,0.0,0.0,,0
x_aq_vidu_top/x_aq_vidu_vid_gpr_fp/x_aq_vidu_vid_gpr_reg_fp_10/x_reg_gated_clk/global_en,1,3.330114222917846e-05,1.187,2.200820152656901,0.0,0.012715280083722025,1
x_aq_vidu_top/x_aq_vidu_vid_gpr_fp/x_aq_vidu_vid_gpr_reg_fp_10/x_reg_gated_clk/module_en,0,0.0,0.0,0.0,0.0,,0
x_aq_vidu_top/x_aq_vidu_vid_gpr_fp/x_aq_vidu_vid_gpr_reg_fp_10/x_reg_gated_clk/local_en,0,0.0,0.0,0.0,0.0,,0
x_aq_vidu_top/x_aq_vidu_vid_gpr_fp/x_aq_vidu_vid_gpr_reg_fp_10/x_reg_gated_clk/external_en,0,0.0,0.0,0.0,0.0,,0
x_aq_vidu_top/x_aq_vidu_vid_gpr_fp/x_aq_vidu_vid_gpr_reg_fp_10/x_reg_gated_clk/pad_yy_icg_scan_en,0,0.0,0.0,0.0,0.0,,0
x_aq_vidu_top/x_aq_vidu_vid_gpr_fp/x_aq_vidu_vid_gpr_reg_fp_10/x_reg_gated_clk/clk_out,0,0.0,0.0,0.0,0.0,,0
x_aq_vidu_top/x_aq_vidu_vid_gpr_fp/x_aq_vidu_vid_gpr_reg_fp_10/x_reg_gated_clk/clk_en_bf_latch,0,0.0,0.0,0.0,0.0,,0
x_aq_vidu_top/x_aq_vidu_vid_gpr_fp/x_aq_vidu_vid_gpr_reg_fp_10/x_reg_gated_clk/SE,0,0.0,0.0,0.0,0.0,,0
x_aq_vidu_top/x_aq_vidu_vid_gpr_fp/x_aq_vidu_vid_gpr_reg_fp_11/cp0_idu_icg_en,0,0.0,0.0,0.0,0.0,,0
x_aq_vidu_top/x_aq_vidu_vid_gpr_fp/x_aq_vidu_vid_gpr_reg_fp_11/cp0_yy_clk_en,1,3.330114222917846e-05,1.187,2.200820152656901,0.0,0.012715280083722025,1
x_aq_vidu_top/x_aq_vidu_vid_gpr_fp/x_aq_vidu_vid_gpr_reg_fp_11/forever_cpuclk,0,0.0,0.0,0.0,0.0,,0
x_aq_vidu_top/x_aq_vidu_vid_gpr_fp/x_aq_vidu_vid_gpr_reg_fp_11/pad_yy_icg_scan_en,0,0.0,0.0,0.0,0.0,,0
x_aq_vidu_top/x_aq_vidu_vid_gpr_fp/x_aq_vidu_vid_gpr_reg_fp_11/read_data_y[63:0],0,0.0,0.0,0.0,0.0,,0
x_aq_vidu_top/x_aq_vidu_vid_gpr_fp/x_aq_vidu_vid_gpr_reg_fp_11/vpu_vidu_fp_wb_data[63:0],16,0.0005328182756668553,0.9546206249999999,1.7699648775416397,0.3125,0.02839621097303371,34
x_aq_vidu_top/x_aq_vidu_vid_gpr_fp/x_aq_vidu_vid_gpr_reg_fp_11/wb_vld_x,0,0.0,0.0,0.0,0.0,,0
x_aq_vidu_top/x_aq_vidu_vid_gpr_fp/x_aq_vidu_vid_gpr_reg_fp_11/reg_clk,0,0.0,0.0,0.0,0.0,,0
x_aq_vidu_top/x_aq_vidu_vid_gpr_fp/x_aq_vidu_vid_gpr_reg_fp_11/reg_clk_en,0,0.0,0.0,0.0,0.0,,0
x_aq_vidu_top/x_aq_vidu_vid_gpr_fp/x_aq_vidu_vid_gpr_reg_fp_11/write_data[63:0],0,0.0,0.0,0.0,0.0,,0
x_aq_vidu_top/x_aq_vidu_vid_gpr_fp/x_aq_vidu_vid_gpr_reg_fp_11/write_en,0,0.0,0.0,0.0,0.0,,0
x_aq_vidu_top/x_aq_vidu_vid_gpr_fp/x_aq_vidu_vid_gpr_reg_fp_11/x_reg_gated_clk/clk_in,0,0.0,0.0,0.0,0.0,,0
x_aq_vidu_top/x_aq_vidu_vid_gpr_fp/x_aq_vidu_vid_gpr_reg_fp_11/x_reg_gated_clk/global_en,1,3.330114222917846e-05,1.187,2.200820152656901,0.0,0.012715280083722025,1
x_aq_vidu_top/x_aq_vidu_vid_gpr_fp/x_aq_vidu_vid_gpr_reg_fp_11/x_reg_gated_clk/module_en,0,0.0,0.0,0.0,0.0,,0
x_aq_vidu_top/x_aq_vidu_vid_gpr_fp/x_aq_vidu_vid_gpr_reg_fp_11/x_reg_gated_clk/local_en,0,0.0,0.0,0.0,0.0,,0
x_aq_vidu_top/x_aq_vidu_vid_gpr_fp/x_aq_vidu_vid_gpr_reg_fp_11/x_reg_gated_clk/external_en,0,0.0,0.0,0.0,0.0,,0
x_aq_vidu_top/x_aq_vidu_vid_gpr_fp/x_aq_vidu_vid_gpr_reg_fp_11/x_reg_gated_clk/pad_yy_icg_scan_en,0,0.0,0.0,0.0,0.0,,0
x_aq_vidu_top/x_aq_vidu_vid_gpr_fp/x_aq_vidu_vid_gpr_reg_fp_11/x_reg_gated_clk/clk_out,0,0.0,0.0,0.0,0.0,,0
x_aq_vidu_top/x_aq_vidu_vid_gpr_fp/x_aq_vidu_vid_gpr_reg_fp_11/x_reg_gated_clk/clk_en_bf_latch,0,0.0,0.0,0.0,0.0,,0
x_aq_vidu_top/x_aq_vidu_vid_gpr_fp/x_aq_vidu_vid_gpr_reg_fp_11/x_reg_gated_clk/SE,0,0.0,0.0,0.0,0.0,,0
x_aq_vidu_top/x_aq_vidu_vid_gpr_fp/x_aq_vidu_vid_gpr_reg_fp_12/cp0_idu_icg_en,0,0.0,0.0,0.0,0.0,,0
x_aq_vidu_top/x_aq_vidu_vid_gpr_fp/x_aq_vidu_vid_gpr_reg_fp_12/cp0_yy_clk_en,1,3.330114222917846e-05,1.187,2.200820152656901,0.0,0.012715280083722025,1
x_aq_vidu_top/x_aq_vidu_vid_gpr_fp/x_aq_vidu_vid_gpr_reg_fp_12/forever_cpuclk,0,0.0,0.0,0.0,0.0,,0
x_aq_vidu_top/x_aq_vidu_vid_gpr_fp/x_aq_vidu_vid_gpr_reg_fp_12/pad_yy_icg_scan_en,0,0.0,0.0,0.0,0.0,,0
x_aq_vidu_top/x_aq_vidu_vid_gpr_fp/x_aq_vidu_vid_gpr_reg_fp_12/read_data_y[63:0],8,0.00026640913783342767,0.6978749999999997,1.2939320674266506,0.125,0.02816460529875901,34
x_aq_vidu_top/x_aq_vidu_vid_gpr_fp/x_aq_vidu_vid_gpr_reg_fp_12/vpu_vidu_fp_wb_data[63:0],16,0.0005328182756668553,0.9546206249999999,1.7699648775416397,0.3125,0.02839621097303371,34
x_aq_vidu_top/x_aq_vidu_vid_gpr_fp/x_aq_vidu_vid_gpr_reg_fp_12/wb_vld_x,0,0.0,0.0,0.0,0.0,,0
x_aq_vidu_top/x_aq_vidu_vid_gpr_fp/x_aq_vidu_vid_gpr_reg_fp_12/reg_clk,0,0.0,0.0,0.0,0.0,,0
x_aq_vidu_top/x_aq_vidu_vid_gpr_fp/x_aq_vidu_vid_gpr_reg_fp_12/reg_clk_en,0,0.0,0.0,0.0,0.0,,0
x_aq_vidu_top/x_aq_vidu_vid_gpr_fp/x_aq_vidu_vid_gpr_reg_fp_12/write_data[63:0],8,0.00026640913783342767,0.6978749999999997,1.2939320674266506,0.125,0.02816460529875901,34
x_aq_vidu_top/x_aq_vidu_vid_gpr_fp/x_aq_vidu_vid_gpr_reg_fp_12/write_en,0,0.0,0.0,0.0,0.0,,0
x_aq_vidu_top/x_aq_vidu_vid_gpr_fp/x_aq_vidu_vid_gpr_reg_fp_12/x_reg_gated_clk/clk_in,0,0.0,0.0,0.0,0.0,,0
x_aq_vidu_top/x_aq_vidu_vid_gpr_fp/x_aq_vidu_vid_gpr_reg_fp_12/x_reg_gated_clk/global_en,1,3.330114222917846e-05,1.187,2.200820152656901,0.0,0.012715280083722025,1
x_aq_vidu_top/x_aq_vidu_vid_gpr_fp/x_aq_vidu_vid_gpr_reg_fp_12/x_reg_gated_clk/module_en,0,0.0,0.0,0.0,0.0,,0
x_aq_vidu_top/x_aq_vidu_vid_gpr_fp/x_aq_vidu_vid_gpr_reg_fp_12/x_reg_gated_clk/local_en,0,0.0,0.0,0.0,0.0,,0
x_aq_vidu_top/x_aq_vidu_vid_gpr_fp/x_aq_vidu_vid_gpr_reg_fp_12/x_reg_gated_clk/external_en,0,0.0,0.0,0.0,0.0,,0
x_aq_vidu_top/x_aq_vidu_vid_gpr_fp/x_aq_vidu_vid_gpr_reg_fp_12/x_reg_gated_clk/pad_yy_icg_scan_en,0,0.0,0.0,0.0,0.0,,0
x_aq_vidu_top/x_aq_vidu_vid_gpr_fp/x_aq_vidu_vid_gpr_reg_fp_12/x_reg_gated_clk/clk_out,0,0.0,0.0,0.0,0.0,,0
x_aq_vidu_top/x_aq_vidu_vid_gpr_fp/x_aq_vidu_vid_gpr_reg_fp_12/x_reg_gated_clk/clk_en_bf_latch,0,0.0,0.0,0.0,0.0,,0
x_aq_vidu_top/x_aq_vidu_vid_gpr_fp/x_aq_vidu_vid_gpr_reg_fp_12/x_reg_gated_clk/SE,0,0.0,0.0,0.0,0.0,,0
x_aq_vidu_top/x_aq_vidu_vid_gpr_fp/x_aq_vidu_vid_gpr_reg_fp_13/cp0_idu_icg_en,0,0.0,0.0,0.0,0.0,,0
x_aq_vidu_top/x_aq_vidu_vid_gpr_fp/x_aq_vidu_vid_gpr_reg_fp_13/cp0_yy_clk_en,1,3.330114222917846e-05,1.187,2.200820152656901,0.0,0.012715280083722025,1
x_aq_vidu_top/x_aq_vidu_vid_gpr_fp/x_aq_vidu_vid_gpr_reg_fp_13/forever_cpuclk,0,0.0,0.0,0.0,0.0,,0
x_aq_vidu_top/x_aq_vidu_vid_gpr_fp/x_aq_vidu_vid_gpr_reg_fp_13/pad_yy_icg_scan_en,0,0.0,0.0,0.0,0.0,,0
x_aq_vidu_top/x_aq_vidu_vid_gpr_fp/x_aq_vidu_vid_gpr_reg_fp_13/read_data_y[63:0],4,0.00013320456891671384,1.42841,2.6484191358522695,1.0,0.025563792542128996,36
x_aq_vidu_top/x_aq_vidu_vid_gpr_fp/x_aq_vidu_vid_gpr_reg_fp_13/vpu_vidu_fp_wb_data[63:0],16,0.0005328182756668553,0.9546206249999999,1.7699648775416397,0.3125,0.02839621097303371,34
x_aq_vidu_top/x_aq_vidu_vid_gpr_fp/x_aq_vidu_vid_gpr_reg_fp_13/wb_vld_x,0,0.0,0.0,0.0,0.0,,0
x_aq_vidu_top/x_aq_vidu_vid_gpr_fp/x_aq_vidu_vid_gpr_reg_fp_13/reg_clk,0,0.0,0.0,0.0,0.0,,0
x_aq_vidu_top/x_aq_vidu_vid_gpr_fp/x_aq_vidu_vid_gpr_reg_fp_13/reg_clk_en,0,0.0,0.0,0.0,0.0,,0
x_aq_vidu_top/x_aq_vidu_vid_gpr_fp/x_aq_vidu_vid_gpr_reg_fp_13/write_data[63:0],4,0.00013320456891671384,1.42841,2.6484191358522695,1.0,0.025563792542128996,36
x_aq_vidu_top/x_aq_vidu_vid_gpr_fp/x_aq_vidu_vid_gpr_reg_fp_13/write_en,0,0.0,0.0,0.0,0.0,,0
x_aq_vidu_top/x_aq_vidu_vid_gpr_fp/x_aq_vidu_vid_gpr_reg_fp_13/x_reg_gated_clk/clk_in,0,0.0,0.0,0.0,0.0,,0
x_aq_vidu_top/x_aq_vidu_vid_gpr_fp/x_aq_vidu_vid_gpr_reg_fp_13/x_reg_gated_clk/global_en,1,3.330114222917846e-05,1.187,2.200820152656901,0.0,0.012715280083722025,1
x_aq_vidu_top/x_aq_vidu_vid_gpr_fp/x_aq_vidu_vid_gpr_reg_fp_13/x_reg_gated_clk/module_en,0,0.0,0.0,0.0,0.0,,0
x_aq_vidu_top/x_aq_vidu_vid_gpr_fp/x_aq_vidu_vid_gpr_reg_fp_13/x_reg_gated_clk/local_en,0,0.0,0.0,0.0,0.0,,0
x_aq_vidu_top/x_aq_vidu_vid_gpr_fp/x_aq_vidu_vid_gpr_reg_fp_13/x_reg_gated_clk/external_en,0,0.0,0.0,0.0,0.0,,0
x_aq_vidu_top/x_aq_vidu_vid_gpr_fp/x_aq_vidu_vid_gpr_reg_fp_13/x_reg_gated_clk/pad_yy_icg_scan_en,0,0.0,0.0,0.0,0.0,,0
x_aq_vidu_top/x_aq_vidu_vid_gpr_fp/x_aq_vidu_vid_gpr_reg_fp_13/x_reg_gated_clk/clk_out,0,0.0,0.0,0.0,0.0,,0
x_aq_vidu_top/x_aq_vidu_vid_gpr_fp/x_aq_vidu_vid_gpr_reg_fp_13/x_reg_gated_clk/clk_en_bf_latch,0,0.0,0.0,0.0,0.0,,0
x_aq_vidu_top/x_aq_vidu_vid_gpr_fp/x_aq_vidu_vid_gpr_reg_fp_13/x_reg_gated_clk/SE,0,0.0,0.0,0.0,0.0,,0
x_aq_vidu_top/x_aq_vidu_vid_gpr_fp/x_aq_vidu_vid_gpr_reg_fp_14/cp0_idu_icg_en,0,0.0,0.0,0.0,0.0,,0
x_aq_vidu_top/x_aq_vidu_vid_gpr_fp/x_aq_vidu_vid_gpr_reg_fp_14/cp0_yy_clk_en,1,3.330114222917846e-05,1.187,2.200820152656901,0.0,0.012715280083722025,1
x_aq_vidu_top/x_aq_vidu_vid_gpr_fp/x_aq_vidu_vid_gpr_reg_fp_14/forever_cpuclk,0,0.0,0.0,0.0,0.0,,0
x_aq_vidu_top/x_aq_vidu_vid_gpr_fp/x_aq_vidu_vid_gpr_reg_fp_14/pad_yy_icg_scan_en,0,0.0,0.0,0.0,0.0,,0
x_aq_vidu_top/x_aq_vidu_vid_gpr_fp/x_aq_vidu_vid_gpr_reg_fp_14/read_data_y[63:0],2,6.660228445835692e-05,0.952,1.7651059691064614,0.0,0.030902601578364573,40
x_aq_vidu_top/x_aq_vidu_vid_gpr_fp/x_aq_vidu_vid_gpr_reg_fp_14/vpu_vidu_fp_wb_data[63:0],16,0.0005328182756668553,0.9546206249999999,1.7699648775416397,0.3125,0.02839621097303371,34
x_aq_vidu_top/x_aq_vidu_vid_gpr_fp/x_aq_vidu_vid_gpr_reg_fp_14/wb_vld_x,0,0.0,0.0,0.0,0.0,,0
x_aq_vidu_top/x_aq_vidu_vid_gpr_fp/x_aq_vidu_vid_gpr_reg_fp_14/reg_clk,0,0.0,0.0,0.0,0.0,,0
x_aq_vidu_top/x_aq_vidu_vid_gpr_fp/x_aq_vidu_vid_gpr_reg_fp_14/reg_clk_en,0,0.0,0.0,0.0,0.0,,0
x_aq_vidu_top/x_aq_vidu_vid_gpr_fp/x_aq_vidu_vid_gpr_reg_fp_14/write_data[63:0],2,6.660228445835692e-05,0.952,1.7651059691064614,0.0,0.030902601578364573,40
x_aq_vidu_top/x_aq_vidu_vid_gpr_fp/x_aq_vidu_vid_gpr_reg_fp_14/write_en,0,0.0,0.0,0.0,0.0,,0
x_aq_vidu_top/x_aq_vidu_vid_gpr_fp/x_aq_vidu_vid_gpr_reg_fp_14/x_reg_gated_clk/clk_in,0,0.0,0.0,0.0,0.0,,0
x_aq_vidu_top/x_aq_vidu_vid_gpr_fp/x_aq_vidu_vid_gpr_reg_fp_14/x_reg_gated_clk/global_en,1,3.330114222917846e-05,1.187,2.200820152656901,0.0,0.012715280083722025,1
x_aq_vidu_top/x_aq_vidu_vid_gpr_fp/x_aq_vidu_vid_gpr_reg_fp_14/x_reg_gated_clk/module_en,0,0.0,0.0,0.0,0.0,,0
x_aq_vidu_top/x_aq_vidu_vid_gpr_fp/x_aq_vidu_vid_gpr_reg_fp_14/x_reg_gated_clk/local_en,0,0.0,0.0,0.0,0.0,,0
x_aq_vidu_top/x_aq_vidu_vid_gpr_fp/x_aq_vidu_vid_gpr_reg_fp_14/x_reg_gated_clk/external_en,0,0.0,0.0,0.0,0.0,,0
x_aq_vidu_top/x_aq_vidu_vid_gpr_fp/x_aq_vidu_vid_gpr_reg_fp_14/x_reg_gated_clk/pad_yy_icg_scan_en,0,0.0,0.0,0.0,0.0,,0
x_aq_vidu_top/x_aq_vidu_vid_gpr_fp/x_aq_vidu_vid_gpr_reg_fp_14/x_reg_gated_clk/clk_out,0,0.0,0.0,0.0,0.0,,0
x_aq_vidu_top/x_aq_vidu_vid_gpr_fp/x_aq_vidu_vid_gpr_reg_fp_14/x_reg_gated_clk/clk_en_bf_latch,0,0.0,0.0,0.0,0.0,,0
x_aq_vidu_top/x_aq_vidu_vid_gpr_fp/x_aq_vidu_vid_gpr_reg_fp_14/x_reg_gated_clk/SE,0,0.0,0.0,0.0,0.0,,0
x_aq_vidu_top/x_aq_vidu_vid_gpr_fp/x_aq_vidu_vid_gpr_reg_fp_15/cp0_idu_icg_en,0,0.0,0.0,0.0,0.0,,0
x_aq_vidu_top/x_aq_vidu_vid_gpr_fp/x_aq_vidu_vid_gpr_reg_fp_15/cp0_yy_clk_en,1,3.330114222917846e-05,1.187,2.200820152656901,0.0,0.012715280083722025,1
x_aq_vidu_top/x_aq_vidu_vid_gpr_fp/x_aq_vidu_vid_gpr_reg_fp_15/forever_cpuclk,0,0.0,0.0,0.0,0.0,,0
x_aq_vidu_top/x_aq_vidu_vid_gpr_fp/x_aq_vidu_vid_gpr_reg_fp_15/pad_yy_icg_scan_en,0,0.0,0.0,0.0,0.0,,0
x_aq_vidu_top/x_aq_vidu_vid_gpr_fp/x_aq_vidu_vid_gpr_reg_fp_15/read_data_y[63:0],0,0.0,0.0,0.0,0.0,,0
x_aq_vidu_top/x_aq_vidu_vid_gpr_fp/x_aq_vidu_vid_gpr_reg_fp_15/vpu_vidu_fp_wb_data[63:0],16,0.0005328182756668553,0.9546206249999999,1.7699648775416397,0.3125,0.02839621097303371,34
x_aq_vidu_top/x_aq_vidu_vid_gpr_fp/x_aq_vidu_vid_gpr_reg_fp_15/wb_vld_x,0,0.0,0.0,0.0,0.0,,0
x_aq_vidu_top/x_aq_vidu_vid_gpr_fp/x_aq_vidu_vid_gpr_reg_fp_15/reg_clk,0,0.0,0.0,0.0,0.0,,0
x_aq_vidu_top/x_aq_vidu_vid_gpr_fp/x_aq_vidu_vid_gpr_reg_fp_15/reg_clk_en,0,0.0,0.0,0.0,0.0,,0
x_aq_vidu_top/x_aq_vidu_vid_gpr_fp/x_aq_vidu_vid_gpr_reg_fp_15/write_data[63:0],0,0.0,0.0,0.0,0.0,,0
x_aq_vidu_top/x_aq_vidu_vid_gpr_fp/x_aq_vidu_vid_gpr_reg_fp_15/write_en,0,0.0,0.0,0.0,0.0,,0
x_aq_vidu_top/x_aq_vidu_vid_gpr_fp/x_aq_vidu_vid_gpr_reg_fp_15/x_reg_gated_clk/clk_in,0,0.0,0.0,0.0,0.0,,0
x_aq_vidu_top/x_aq_vidu_vid_gpr_fp/x_aq_vidu_vid_gpr_reg_fp_15/x_reg_gated_clk/global_en,1,3.330114222917846e-05,1.187,2.200820152656901,0.0,0.012715280083722025,1
x_aq_vidu_top/x_aq_vidu_vid_gpr_fp/x_aq_vidu_vid_gpr_reg_fp_15/x_reg_gated_clk/module_en,0,0.0,0.0,0.0,0.0,,0
x_aq_vidu_top/x_aq_vidu_vid_gpr_fp/x_aq_vidu_vid_gpr_reg_fp_15/x_reg_gated_clk/local_en,0,0.0,0.0,0.0,0.0,,0
x_aq_vidu_top/x_aq_vidu_vid_gpr_fp/x_aq_vidu_vid_gpr_reg_fp_15/x_reg_gated_clk/external_en,0,0.0,0.0,0.0,0.0,,0
x_aq_vidu_top/x_aq_vidu_vid_gpr_fp/x_aq_vidu_vid_gpr_reg_fp_15/x_reg_gated_clk/pad_yy_icg_scan_en,0,0.0,0.0,0.0,0.0,,0
x_aq_vidu_top/x_aq_vidu_vid_gpr_fp/x_aq_vidu_vid_gpr_reg_fp_15/x_reg_gated_clk/clk_out,0,0.0,0.0,0.0,0.0,,0
x_aq_vidu_top/x_aq_vidu_vid_gpr_fp/x_aq_vidu_vid_gpr_reg_fp_15/x_reg_gated_clk/clk_en_bf_latch,0,0.0,0.0,0.0,0.0,,0
x_aq_vidu_top/x_aq_vidu_vid_gpr_fp/x_aq_vidu_vid_gpr_reg_fp_15/x_reg_gated_clk/SE,0,0.0,0.0,0.0,0.0,,0
x_aq_vidu_top/x_aq_vidu_vid_gpr_fp/x_aq_vidu_vid_gpr_reg_fp_16/cp0_idu_icg_en,0,0.0,0.0,0.0,0.0,,0
x_aq_vidu_top/x_aq_vidu_vid_gpr_fp/x_aq_vidu_vid_gpr_reg_fp_16/cp0_yy_clk_en,1,3.330114222917846e-05,1.187,2.200820152656901,0.0,0.012715280083722025,1
x_aq_vidu_top/x_aq_vidu_vid_gpr_fp/x_aq_vidu_vid_gpr_reg_fp_16/forever_cpuclk,0,0.0,0.0,0.0,0.0,,0
x_aq_vidu_top/x_aq_vidu_vid_gpr_fp/x_aq_vidu_vid_gpr_reg_fp_16/pad_yy_icg_scan_en,0,0.0,0.0,0.0,0.0,,0
x_aq_vidu_top/x_aq_vidu_vid_gpr_fp/x_aq_vidu_vid_gpr_reg_fp_16/read_data_y[63:0],0,0.0,0.0,0.0,0.0,,0
x_aq_vidu_top/x_aq_vidu_vid_gpr_fp/x_aq_vidu_vid_gpr_reg_fp_16/vpu_vidu_fp_wb_data[63:0],16,0.0005328182756668553,0.9546206249999999,1.7699648775416397,0.3125,0.02839621097303371,34
x_aq_vidu_top/x_aq_vidu_vid_gpr_fp/x_aq_vidu_vid_gpr_reg_fp_16/wb_vld_x,0,0.0,0.0,0.0,0.0,,0
x_aq_vidu_top/x_aq_vidu_vid_gpr_fp/x_aq_vidu_vid_gpr_reg_fp_16/reg_clk,0,0.0,0.0,0.0,0.0,,0
x_aq_vidu_top/x_aq_vidu_vid_gpr_fp/x_aq_vidu_vid_gpr_reg_fp_16/reg_clk_en,0,0.0,0.0,0.0,0.0,,0
x_aq_vidu_top/x_aq_vidu_vid_gpr_fp/x_aq_vidu_vid_gpr_reg_fp_16/write_data[63:0],0,0.0,0.0,0.0,0.0,,0
x_aq_vidu_top/x_aq_vidu_vid_gpr_fp/x_aq_vidu_vid_gpr_reg_fp_16/write_en,0,0.0,0.0,0.0,0.0,,0
x_aq_vidu_top/x_aq_vidu_vid_gpr_fp/x_aq_vidu_vid_gpr_reg_fp_16/x_reg_gated_clk/clk_in,0,0.0,0.0,0.0,0.0,,0
x_aq_vidu_top/x_aq_vidu_vid_gpr_fp/x_aq_vidu_vid_gpr_reg_fp_16/x_reg_gated_clk/global_en,1,3.330114222917846e-05,1.187,2.200820152656901,0.0,0.012715280083722025,1
x_aq_vidu_top/x_aq_vidu_vid_gpr_fp/x_aq_vidu_vid_gpr_reg_fp_16/x_reg_gated_clk/module_en,0,0.0,0.0,0.0,0.0,,0
x_aq_vidu_top/x_aq_vidu_vid_gpr_fp/x_aq_vidu_vid_gpr_reg_fp_16/x_reg_gated_clk/local_en,0,0.0,0.0,0.0,0.0,,0
x_aq_vidu_top/x_aq_vidu_vid_gpr_fp/x_aq_vidu_vid_gpr_reg_fp_16/x_reg_gated_clk/external_en,0,0.0,0.0,0.0,0.0,,0
x_aq_vidu_top/x_aq_vidu_vid_gpr_fp/x_aq_vidu_vid_gpr_reg_fp_16/x_reg_gated_clk/pad_yy_icg_scan_en,0,0.0,0.0,0.0,0.0,,0
x_aq_vidu_top/x_aq_vidu_vid_gpr_fp/x_aq_vidu_vid_gpr_reg_fp_16/x_reg_gated_clk/clk_out,0,0.0,0.0,0.0,0.0,,0
x_aq_vidu_top/x_aq_vidu_vid_gpr_fp/x_aq_vidu_vid_gpr_reg_fp_16/x_reg_gated_clk/clk_en_bf_latch,0,0.0,0.0,0.0,0.0,,0
x_aq_vidu_top/x_aq_vidu_vid_gpr_fp/x_aq_vidu_vid_gpr_reg_fp_16/x_reg_gated_clk/SE,0,0.0,0.0,0.0,0.0,,0
x_aq_vidu_top/x_aq_vidu_vid_gpr_fp/x_aq_vidu_vid_gpr_reg_fp_17/cp0_idu_icg_en,0,0.0,0.0,0.0,0.0,,0
x_aq_vidu_top/x_aq_vidu_vid_gpr_fp/x_aq_vidu_vid_gpr_reg_fp_17/cp0_yy_clk_en,1,3.330114222917846e-05,1.187,2.200820152656901,0.0,0.012715280083722025,1
x_aq_vidu_top/x_aq_vidu_vid_gpr_fp/x_aq_vidu_vid_gpr_reg_fp_17/forever_cpuclk,0,0.0,0.0,0.0,0.0,,0
x_aq_vidu_top/x_aq_vidu_vid_gpr_fp/x_aq_vidu_vid_gpr_reg_fp_17/pad_yy_icg_scan_en,0,0.0,0.0,0.0,0.0,,0
x_aq_vidu_top/x_aq_vidu_vid_gpr_fp/x_aq_vidu_vid_gpr_reg_fp_17/read_data_y[63:0],0,0.0,0.0,0.0,0.0,,0
x_aq_vidu_top/x_aq_vidu_vid_gpr_fp/x_aq_vidu_vid_gpr_reg_fp_17/vpu_vidu_fp_wb_data[63:0],16,0.0005328182756668553,0.9546206249999999,1.7699648775416397,0.3125,0.02839621097303371,34
x_aq_vidu_top/x_aq_vidu_vid_gpr_fp/x_aq_vidu_vid_gpr_reg_fp_17/wb_vld_x,0,0.0,0.0,0.0,0.0,,0
x_aq_vidu_top/x_aq_vidu_vid_gpr_fp/x_aq_vidu_vid_gpr_reg_fp_17/reg_clk,0,0.0,0.0,0.0,0.0,,0
x_aq_vidu_top/x_aq_vidu_vid_gpr_fp/x_aq_vidu_vid_gpr_reg_fp_17/reg_clk_en,0,0.0,0.0,0.0,0.0,,0
x_aq_vidu_top/x_aq_vidu_vid_gpr_fp/x_aq_vidu_vid_gpr_reg_fp_17/write_data[63:0],0,0.0,0.0,0.0,0.0,,0
x_aq_vidu_top/x_aq_vidu_vid_gpr_fp/x_aq_vidu_vid_gpr_reg_fp_17/write_en,0,0.0,0.0,0.0,0.0,,0
x_aq_vidu_top/x_aq_vidu_vid_gpr_fp/x_aq_vidu_vid_gpr_reg_fp_17/x_reg_gated_clk/clk_in,0,0.0,0.0,0.0,0.0,,0
x_aq_vidu_top/x_aq_vidu_vid_gpr_fp/x_aq_vidu_vid_gpr_reg_fp_17/x_reg_gated_clk/global_en,1,3.330114222917846e-05,1.187,2.200820152656901,0.0,0.012715280083722025,1
x_aq_vidu_top/x_aq_vidu_vid_gpr_fp/x_aq_vidu_vid_gpr_reg_fp_17/x_reg_gated_clk/module_en,0,0.0,0.0,0.0,0.0,,0
x_aq_vidu_top/x_aq_vidu_vid_gpr_fp/x_aq_vidu_vid_gpr_reg_fp_17/x_reg_gated_clk/local_en,0,0.0,0.0,0.0,0.0,,0
x_aq_vidu_top/x_aq_vidu_vid_gpr_fp/x_aq_vidu_vid_gpr_reg_fp_17/x_reg_gated_clk/external_en,0,0.0,0.0,0.0,0.0,,0
x_aq_vidu_top/x_aq_vidu_vid_gpr_fp/x_aq_vidu_vid_gpr_reg_fp_17/x_reg_gated_clk/pad_yy_icg_scan_en,0,0.0,0.0,0.0,0.0,,0
x_aq_vidu_top/x_aq_vidu_vid_gpr_fp/x_aq_vidu_vid_gpr_reg_fp_17/x_reg_gated_clk/clk_out,0,0.0,0.0,0.0,0.0,,0
x_aq_vidu_top/x_aq_vidu_vid_gpr_fp/x_aq_vidu_vid_gpr_reg_fp_17/x_reg_gated_clk/clk_en_bf_latch,0,0.0,0.0,0.0,0.0,,0
x_aq_vidu_top/x_aq_vidu_vid_gpr_fp/x_aq_vidu_vid_gpr_reg_fp_17/x_reg_gated_clk/SE,0,0.0,0.0,0.0,0.0,,0
x_aq_vidu_top/x_aq_vidu_vid_gpr_fp/x_aq_vidu_vid_gpr_reg_fp_18/cp0_idu_icg_en,0,0.0,0.0,0.0,0.0,,0
x_aq_vidu_top/x_aq_vidu_vid_gpr_fp/x_aq_vidu_vid_gpr_reg_fp_18/cp0_yy_clk_en,1,3.330114222917846e-05,1.187,2.200820152656901,0.0,0.012715280083722025,1
x_aq_vidu_top/x_aq_vidu_vid_gpr_fp/x_aq_vidu_vid_gpr_reg_fp_18/forever_cpuclk,0,0.0,0.0,0.0,0.0,,0
x_aq_vidu_top/x_aq_vidu_vid_gpr_fp/x_aq_vidu_vid_gpr_reg_fp_18/pad_yy_icg_scan_en,0,0.0,0.0,0.0,0.0,,0
x_aq_vidu_top/x_aq_vidu_vid_gpr_fp/x_aq_vidu_vid_gpr_reg_fp_18/read_data_y[63:0],0,0.0,0.0,0.0,0.0,,0
x_aq_vidu_top/x_aq_vidu_vid_gpr_fp/x_aq_vidu_vid_gpr_reg_fp_18/vpu_vidu_fp_wb_data[63:0],16,0.0005328182756668553,0.9546206249999999,1.7699648775416397,0.3125,0.02839621097303371,34
x_aq_vidu_top/x_aq_vidu_vid_gpr_fp/x_aq_vidu_vid_gpr_reg_fp_18/wb_vld_x,0,0.0,0.0,0.0,0.0,,0
x_aq_vidu_top/x_aq_vidu_vid_gpr_fp/x_aq_vidu_vid_gpr_reg_fp_18/reg_clk,0,0.0,0.0,0.0,0.0,,0
x_aq_vidu_top/x_aq_vidu_vid_gpr_fp/x_aq_vidu_vid_gpr_reg_fp_18/reg_clk_en,0,0.0,0.0,0.0,0.0,,0
x_aq_vidu_top/x_aq_vidu_vid_gpr_fp/x_aq_vidu_vid_gpr_reg_fp_18/write_data[63:0],0,0.0,0.0,0.0,0.0,,0
x_aq_vidu_top/x_aq_vidu_vid_gpr_fp/x_aq_vidu_vid_gpr_reg_fp_18/write_en,0,0.0,0.0,0.0,0.0,,0
x_aq_vidu_top/x_aq_vidu_vid_gpr_fp/x_aq_vidu_vid_gpr_reg_fp_18/x_reg_gated_clk/clk_in,0,0.0,0.0,0.0,0.0,,0
x_aq_vidu_top/x_aq_vidu_vid_gpr_fp/x_aq_vidu_vid_gpr_reg_fp_18/x_reg_gated_clk/global_en,1,3.330114222917846e-05,1.187,2.200820152656901,0.0,0.012715280083722025,1
x_aq_vidu_top/x_aq_vidu_vid_gpr_fp/x_aq_vidu_vid_gpr_reg_fp_18/x_reg_gated_clk/module_en,0,0.0,0.0,0.0,0.0,,0
x_aq_vidu_top/x_aq_vidu_vid_gpr_fp/x_aq_vidu_vid_gpr_reg_fp_18/x_reg_gated_clk/local_en,0,0.0,0.0,0.0,0.0,,0
x_aq_vidu_top/x_aq_vidu_vid_gpr_fp/x_aq_vidu_vid_gpr_reg_fp_18/x_reg_gated_clk/external_en,0,0.0,0.0,0.0,0.0,,0
x_aq_vidu_top/x_aq_vidu_vid_gpr_fp/x_aq_vidu_vid_gpr_reg_fp_18/x_reg_gated_clk/pad_yy_icg_scan_en,0,0.0,0.0,0.0,0.0,,0
x_aq_vidu_top/x_aq_vidu_vid_gpr_fp/x_aq_vidu_vid_gpr_reg_fp_18/x_reg_gated_clk/clk_out,0,0.0,0.0,0.0,0.0,,0
x_aq_vidu_top/x_aq_vidu_vid_gpr_fp/x_aq_vidu_vid_gpr_reg_fp_18/x_reg_gated_clk/clk_en_bf_latch,0,0.0,0.0,0.0,0.0,,0
x_aq_vidu_top/x_aq_vidu_vid_gpr_fp/x_aq_vidu_vid_gpr_reg_fp_18/x_reg_gated_clk/SE,0,0.0,0.0,0.0,0.0,,0
x_aq_vidu_top/x_aq_vidu_vid_gpr_fp/x_aq_vidu_vid_gpr_reg_fp_19/cp0_idu_icg_en,0,0.0,0.0,0.0,0.0,,0
x_aq_vidu_top/x_aq_vidu_vid_gpr_fp/x_aq_vidu_vid_gpr_reg_fp_19/cp0_yy_clk_en,1,3.330114222917846e-05,1.187,2.200820152656901,0.0,0.012715280083722025,1
x_aq_vidu_top/x_aq_vidu_vid_gpr_fp/x_aq_vidu_vid_gpr_reg_fp_19/forever_cpuclk,0,0.0,0.0,0.0,0.0,,0
x_aq_vidu_top/x_aq_vidu_vid_gpr_fp/x_aq_vidu_vid_gpr_reg_fp_19/pad_yy_icg_scan_en,0,0.0,0.0,0.0,0.0,,0
x_aq_vidu_top/x_aq_vidu_vid_gpr_fp/x_aq_vidu_vid_gpr_reg_fp_19/read_data_y[63:0],6,0.00019980685337507077,1.1845600000000003,2.196296141559612,0.8333333333333334,0.028188899014132355,34
x_aq_vidu_top/x_aq_vidu_vid_gpr_fp/x_aq_vidu_vid_gpr_reg_fp_19/vpu_vidu_fp_wb_data[63:0],16,0.0005328182756668553,0.9546206249999999,1.7699648775416397,0.3125,0.02839621097303371,34
x_aq_vidu_top/x_aq_vidu_vid_gpr_fp/x_aq_vidu_vid_gpr_reg_fp_19/wb_vld_x,0,0.0,0.0,0.0,0.0,,0
x_aq_vidu_top/x_aq_vidu_vid_gpr_fp/x_aq_vidu_vid_gpr_reg_fp_19/reg_clk,0,0.0,0.0,0.0,0.0,,0
x_aq_vidu_top/x_aq_vidu_vid_gpr_fp/x_aq_vidu_vid_gpr_reg_fp_19/reg_clk_en,0,0.0,0.0,0.0,0.0,,0
x_aq_vidu_top/x_aq_vidu_vid_gpr_fp/x_aq_vidu_vid_gpr_reg_fp_19/write_data[63:0],6,0.00019980685337507077,1.1845600000000003,2.196296141559612,0.8333333333333334,0.028188899014132355,34
x_aq_vidu_top/x_aq_vidu_vid_gpr_fp/x_aq_vidu_vid_gpr_reg_fp_19/write_en,0,0.0,0.0,0.0,0.0,,0
x_aq_vidu_top/x_aq_vidu_vid_gpr_fp/x_aq_vidu_vid_gpr_reg_fp_19/x_reg_gated_clk/clk_in,0,0.0,0.0,0.0,0.0,,0
x_aq_vidu_top/x_aq_vidu_vid_gpr_fp/x_aq_vidu_vid_gpr_reg_fp_19/x_reg_gated_clk/global_en,1,3.330114222917846e-05,1.187,2.200820152656901,0.0,0.012715280083722025,1
x_aq_vidu_top/x_aq_vidu_vid_gpr_fp/x_aq_vidu_vid_gpr_reg_fp_19/x_reg_gated_clk/module_en,0,0.0,0.0,0.0,0.0,,0
x_aq_vidu_top/x_aq_vidu_vid_gpr_fp/x_aq_vidu_vid_gpr_reg_fp_19/x_reg_gated_clk/local_en,0,0.0,0.0,0.0,0.0,,0
x_aq_vidu_top/x_aq_vidu_vid_gpr_fp/x_aq_vidu_vid_gpr_reg_fp_19/x_reg_gated_clk/external_en,0,0.0,0.0,0.0,0.0,,0
x_aq_vidu_top/x_aq_vidu_vid_gpr_fp/x_aq_vidu_vid_gpr_reg_fp_19/x_reg_gated_clk/pad_yy_icg_scan_en,0,0.0,0.0,0.0,0.0,,0
x_aq_vidu_top/x_aq_vidu_vid_gpr_fp/x_aq_vidu_vid_gpr_reg_fp_19/x_reg_gated_clk/clk_out,0,0.0,0.0,0.0,0.0,,0
x_aq_vidu_top/x_aq_vidu_vid_gpr_fp/x_aq_vidu_vid_gpr_reg_fp_19/x_reg_gated_clk/clk_en_bf_latch,0,0.0,0.0,0.0,0.0,,0
x_aq_vidu_top/x_aq_vidu_vid_gpr_fp/x_aq_vidu_vid_gpr_reg_fp_19/x_reg_gated_clk/SE,0,0.0,0.0,0.0,0.0,,0
x_aq_vidu_top/x_aq_vidu_vid_gpr_fp/x_aq_vidu_vid_gpr_reg_fp_20/cp0_idu_icg_en,0,0.0,0.0,0.0,0.0,,0
x_aq_vidu_top/x_aq_vidu_vid_gpr_fp/x_aq_vidu_vid_gpr_reg_fp_20/cp0_yy_clk_en,1,3.330114222917846e-05,1.187,2.200820152656901,0.0,0.012715280083722025,1
x_aq_vidu_top/x_aq_vidu_vid_gpr_fp/x_aq_vidu_vid_gpr_reg_fp_20/forever_cpuclk,0,0.0,0.0,0.0,0.0,,0
x_aq_vidu_top/x_aq_vidu_vid_gpr_fp/x_aq_vidu_vid_gpr_reg_fp_20/pad_yy_icg_scan_en,0,0.0,0.0,0.0,0.0,,0
x_aq_vidu_top/x_aq_vidu_vid_gpr_fp/x_aq_vidu_vid_gpr_reg_fp_20/read_data_y[63:0],2,6.660228445835692e-05,2.1981200000000003,4.075540685727201,1.0,0.030544636932853794,47
x_aq_vidu_top/x_aq_vidu_vid_gpr_fp/x_aq_vidu_vid_gpr_reg_fp_20/vpu_vidu_fp_wb_data[63:0],16,0.0005328182756668553,0.9546206249999999,1.7699648775416397,0.3125,0.02839621097303371,34
x_aq_vidu_top/x_aq_vidu_vid_gpr_fp/x_aq_vidu_vid_gpr_reg_fp_20/wb_vld_x,0,0.0,0.0,0.0,0.0,,0
x_aq_vidu_top/x_aq_vidu_vid_gpr_fp/x_aq_vidu_vid_gpr_reg_fp_20/reg_clk,0,0.0,0.0,0.0,0.0,,0
x_aq_vidu_top/x_aq_vidu_vid_gpr_fp/x_aq_vidu_vid_gpr_reg_fp_20/reg_clk_en,0,0.0,0.0,0.0,0.0,,0
x_aq_vidu_top/x_aq_vidu_vid_gpr_fp/x_aq_vidu_vid_gpr_reg_fp_20/write_data[63:0],2,6.660228445835692e-05,2.1981200000000003,4.075540685727201,1.0,0.030544636932853794,47
x_aq_vidu_top/x_aq_vidu_vid_gpr_fp/x_aq_vidu_vid_gpr_reg_fp_20/write_en,0,0.0,0.0,0.0,0.0,,0
x_aq_vidu_top/x_aq_vidu_vid_gpr_fp/x_aq_vidu_vid_gpr_reg_fp_20/x_reg_gated_clk/clk_in,0,0.0,0.0,0.0,0.0,,0
x_aq_vidu_top/x_aq_vidu_vid_gpr_fp/x_aq_vidu_vid_gpr_reg_fp_20/x_reg_gated_clk/global_en,1,3.330114222917846e-05,1.187,2.200820152656901,0.0,0.012715280083722025,1
x_aq_vidu_top/x_aq_vidu_vid_gpr_fp/x_aq_vidu_vid_gpr_reg_fp_20/x_reg_gated_clk/module_en,0,0.0,0.0,0.0,0.0,,0
x_aq_vidu_top/x_aq_vidu_vid_gpr_fp/x_aq_vidu_vid_gpr_reg_fp_20/x_reg_gated_clk/local_en,0,0.0,0.0,0.0,0.0,,0
x_aq_vidu_top/x_aq_vidu_vid_gpr_fp/x_aq_vidu_vid_gpr_reg_fp_20/x_reg_gated_clk/external_en,0,0.0,0.0,0.0,0.0,,0
x_aq_vidu_top/x_aq_vidu_vid_gpr_fp/x_aq_vidu_vid_gpr_reg_fp_20/x_reg_gated_clk/pad_yy_icg_scan_en,0,0.0,0.0,0.0,0.0,,0
x_aq_vidu_top/x_aq_vidu_vid_gpr_fp/x_aq_vidu_vid_gpr_reg_fp_20/x_reg_gated_clk/clk_out,0,0.0,0.0,0.0,0.0,,0
x_aq_vidu_top/x_aq_vidu_vid_gpr_fp/x_aq_vidu_vid_gpr_reg_fp_20/x_reg_gated_clk/clk_en_bf_latch,0,0.0,0.0,0.0,0.0,,0
x_aq_vidu_top/x_aq_vidu_vid_gpr_fp/x_aq_vidu_vid_gpr_reg_fp_20/x_reg_gated_clk/SE,0,0.0,0.0,0.0,0.0,,0
x_aq_vidu_top/x_aq_vidu_vid_gpr_fp/x_aq_vidu_vid_gpr_reg_fp_21/cp0_idu_icg_en,0,0.0,0.0,0.0,0.0,,0
x_aq_vidu_top/x_aq_vidu_vid_gpr_fp/x_aq_vidu_vid_gpr_reg_fp_21/cp0_yy_clk_en,1,3.330114222917846e-05,1.187,2.200820152656901,0.0,0.012715280083722025,1
x_aq_vidu_top/x_aq_vidu_vid_gpr_fp/x_aq_vidu_vid_gpr_reg_fp_21/forever_cpuclk,0,0.0,0.0,0.0,0.0,,0
x_aq_vidu_top/x_aq_vidu_vid_gpr_fp/x_aq_vidu_vid_gpr_reg_fp_21/pad_yy_icg_scan_en,0,0.0,0.0,0.0,0.0,,0
x_aq_vidu_top/x_aq_vidu_vid_gpr_fp/x_aq_vidu_vid_gpr_reg_fp_21/read_data_y[63:0],0,0.0,0.0,0.0,0.0,,0
x_aq_vidu_top/x_aq_vidu_vid_gpr_fp/x_aq_vidu_vid_gpr_reg_fp_21/vpu_vidu_fp_wb_data[63:0],16,0.0005328182756668553,0.9546206249999999,1.7699648775416397,0.3125,0.02839621097303371,34
x_aq_vidu_top/x_aq_vidu_vid_gpr_fp/x_aq_vidu_vid_gpr_reg_fp_21/wb_vld_x,0,0.0,0.0,0.0,0.0,,0
x_aq_vidu_top/x_aq_vidu_vid_gpr_fp/x_aq_vidu_vid_gpr_reg_fp_21/reg_clk,0,0.0,0.0,0.0,0.0,,0
x_aq_vidu_top/x_aq_vidu_vid_gpr_fp/x_aq_vidu_vid_gpr_reg_fp_21/reg_clk_en,0,0.0,0.0,0.0,0.0,,0
x_aq_vidu_top/x_aq_vidu_vid_gpr_fp/x_aq_vidu_vid_gpr_reg_fp_21/write_data[63:0],0,0.0,0.0,0.0,0.0,,0
x_aq_vidu_top/x_aq_vidu_vid_gpr_fp/x_aq_vidu_vid_gpr_reg_fp_21/write_en,0,0.0,0.0,0.0,0.0,,0
x_aq_vidu_top/x_aq_vidu_vid_gpr_fp/x_aq_vidu_vid_gpr_reg_fp_21/x_reg_gated_clk/clk_in,0,0.0,0.0,0.0,0.0,,0
x_aq_vidu_top/x_aq_vidu_vid_gpr_fp/x_aq_vidu_vid_gpr_reg_fp_21/x_reg_gated_clk/global_en,1,3.330114222917846e-05,1.187,2.200820152656901,0.0,0.012715280083722025,1
x_aq_vidu_top/x_aq_vidu_vid_gpr_fp/x_aq_vidu_vid_gpr_reg_fp_21/x_reg_gated_clk/module_en,0,0.0,0.0,0.0,0.0,,0
x_aq_vidu_top/x_aq_vidu_vid_gpr_fp/x_aq_vidu_vid_gpr_reg_fp_21/x_reg_gated_clk/local_en,0,0.0,0.0,0.0,0.0,,0
x_aq_vidu_top/x_aq_vidu_vid_gpr_fp/x_aq_vidu_vid_gpr_reg_fp_21/x_reg_gated_clk/external_en,0,0.0,0.0,0.0,0.0,,0
x_aq_vidu_top/x_aq_vidu_vid_gpr_fp/x_aq_vidu_vid_gpr_reg_fp_21/x_reg_gated_clk/pad_yy_icg_scan_en,0,0.0,0.0,0.0,0.0,,0
x_aq_vidu_top/x_aq_vidu_vid_gpr_fp/x_aq_vidu_vid_gpr_reg_fp_21/x_reg_gated_clk/clk_out,0,0.0,0.0,0.0,0.0,,0
x_aq_vidu_top/x_aq_vidu_vid_gpr_fp/x_aq_vidu_vid_gpr_reg_fp_21/x_reg_gated_clk/clk_en_bf_latch,0,0.0,0.0,0.0,0.0,,0
x_aq_vidu_top/x_aq_vidu_vid_gpr_fp/x_aq_vidu_vid_gpr_reg_fp_21/x_reg_gated_clk/SE,0,0.0,0.0,0.0,0.0,,0
x_aq_vidu_top/x_aq_vidu_vid_gpr_fp/x_aq_vidu_vid_gpr_reg_fp_22/cp0_idu_icg_en,0,0.0,0.0,0.0,0.0,,0
x_aq_vidu_top/x_aq_vidu_vid_gpr_fp/x_aq_vidu_vid_gpr_reg_fp_22/cp0_yy_clk_en,1,3.330114222917846e-05,1.187,2.200820152656901,0.0,0.012715280083722025,1
x_aq_vidu_top/x_aq_vidu_vid_gpr_fp/x_aq_vidu_vid_gpr_reg_fp_22/forever_cpuclk,0,0.0,0.0,0.0,0.0,,0
x_aq_vidu_top/x_aq_vidu_vid_gpr_fp/x_aq_vidu_vid_gpr_reg_fp_22/pad_yy_icg_scan_en,0,0.0,0.0,0.0,0.0,,0
x_aq_vidu_top/x_aq_vidu_vid_gpr_fp/x_aq_vidu_vid_gpr_reg_fp_22/read_data_y[63:0],0,0.0,0.0,0.0,0.0,,0
x_aq_vidu_top/x_aq_vidu_vid_gpr_fp/x_aq_vidu_vid_gpr_reg_fp_22/vpu_vidu_fp_wb_data[63:0],16,0.0005328182756668553,0.9546206249999999,1.7699648775416397,0.3125,0.02839621097303371,34
x_aq_vidu_top/x_aq_vidu_vid_gpr_fp/x_aq_vidu_vid_gpr_reg_fp_22/wb_vld_x,0,0.0,0.0,0.0,0.0,,0
x_aq_vidu_top/x_aq_vidu_vid_gpr_fp/x_aq_vidu_vid_gpr_reg_fp_22/reg_clk,0,0.0,0.0,0.0,0.0,,0
x_aq_vidu_top/x_aq_vidu_vid_gpr_fp/x_aq_vidu_vid_gpr_reg_fp_22/reg_clk_en,0,0.0,0.0,0.0,0.0,,0
x_aq_vidu_top/x_aq_vidu_vid_gpr_fp/x_aq_vidu_vid_gpr_reg_fp_22/write_data[63:0],0,0.0,0.0,0.0,0.0,,0
x_aq_vidu_top/x_aq_vidu_vid_gpr_fp/x_aq_vidu_vid_gpr_reg_fp_22/write_en,0,0.0,0.0,0.0,0.0,,0
x_aq_vidu_top/x_aq_vidu_vid_gpr_fp/x_aq_vidu_vid_gpr_reg_fp_22/x_reg_gated_clk/clk_in,0,0.0,0.0,0.0,0.0,,0
x_aq_vidu_top/x_aq_vidu_vid_gpr_fp/x_aq_vidu_vid_gpr_reg_fp_22/x_reg_gated_clk/global_en,1,3.330114222917846e-05,1.187,2.200820152656901,0.0,0.012715280083722025,1
x_aq_vidu_top/x_aq_vidu_vid_gpr_fp/x_aq_vidu_vid_gpr_reg_fp_22/x_reg_gated_clk/module_en,0,0.0,0.0,0.0,0.0,,0
x_aq_vidu_top/x_aq_vidu_vid_gpr_fp/x_aq_vidu_vid_gpr_reg_fp_22/x_reg_gated_clk/local_en,0,0.0,0.0,0.0,0.0,,0
x_aq_vidu_top/x_aq_vidu_vid_gpr_fp/x_aq_vidu_vid_gpr_reg_fp_22/x_reg_gated_clk/external_en,0,0.0,0.0,0.0,0.0,,0
x_aq_vidu_top/x_aq_vidu_vid_gpr_fp/x_aq_vidu_vid_gpr_reg_fp_22/x_reg_gated_clk/pad_yy_icg_scan_en,0,0.0,0.0,0.0,0.0,,0
x_aq_vidu_top/x_aq_vidu_vid_gpr_fp/x_aq_vidu_vid_gpr_reg_fp_22/x_reg_gated_clk/clk_out,0,0.0,0.0,0.0,0.0,,0
x_aq_vidu_top/x_aq_vidu_vid_gpr_fp/x_aq_vidu_vid_gpr_reg_fp_22/x_reg_gated_clk/clk_en_bf_latch,0,0.0,0.0,0.0,0.0,,0
x_aq_vidu_top/x_aq_vidu_vid_gpr_fp/x_aq_vidu_vid_gpr_reg_fp_22/x_reg_gated_clk/SE,0,0.0,0.0,0.0,0.0,,0
x_aq_vidu_top/x_aq_vidu_vid_gpr_fp/x_aq_vidu_vid_gpr_reg_fp_23/cp0_idu_icg_en,0,0.0,0.0,0.0,0.0,,0
x_aq_vidu_top/x_aq_vidu_vid_gpr_fp/x_aq_vidu_vid_gpr_reg_fp_23/cp0_yy_clk_en,1,3.330114222917846e-05,1.187,2.200820152656901,0.0,0.012715280083722025,1
x_aq_vidu_top/x_aq_vidu_vid_gpr_fp/x_aq_vidu_vid_gpr_reg_fp_23/forever_cpuclk,0,0.0,0.0,0.0,0.0,,0
x_aq_vidu_top/x_aq_vidu_vid_gpr_fp/x_aq_vidu_vid_gpr_reg_fp_23/pad_yy_icg_scan_en,0,0.0,0.0,0.0,0.0,,0
x_aq_vidu_top/x_aq_vidu_vid_gpr_fp/x_aq_vidu_vid_gpr_reg_fp_23/read_data_y[63:0],0,0.0,0.0,0.0,0.0,,0
x_aq_vidu_top/x_aq_vidu_vid_gpr_fp/x_aq_vidu_vid_gpr_reg_fp_23/vpu_vidu_fp_wb_data[63:0],16,0.0005328182756668553,0.9546206249999999,1.7699648775416397,0.3125,0.02839621097303371,34
x_aq_vidu_top/x_aq_vidu_vid_gpr_fp/x_aq_vidu_vid_gpr_reg_fp_23/wb_vld_x,0,0.0,0.0,0.0,0.0,,0
x_aq_vidu_top/x_aq_vidu_vid_gpr_fp/x_aq_vidu_vid_gpr_reg_fp_23/reg_clk,0,0.0,0.0,0.0,0.0,,0
x_aq_vidu_top/x_aq_vidu_vid_gpr_fp/x_aq_vidu_vid_gpr_reg_fp_23/reg_clk_en,0,0.0,0.0,0.0,0.0,,0
x_aq_vidu_top/x_aq_vidu_vid_gpr_fp/x_aq_vidu_vid_gpr_reg_fp_23/write_data[63:0],0,0.0,0.0,0.0,0.0,,0
x_aq_vidu_top/x_aq_vidu_vid_gpr_fp/x_aq_vidu_vid_gpr_reg_fp_23/write_en,0,0.0,0.0,0.0,0.0,,0
x_aq_vidu_top/x_aq_vidu_vid_gpr_fp/x_aq_vidu_vid_gpr_reg_fp_23/x_reg_gated_clk/clk_in,0,0.0,0.0,0.0,0.0,,0
x_aq_vidu_top/x_aq_vidu_vid_gpr_fp/x_aq_vidu_vid_gpr_reg_fp_23/x_reg_gated_clk/global_en,1,3.330114222917846e-05,1.187,2.200820152656901,0.0,0.012715280083722025,1
x_aq_vidu_top/x_aq_vidu_vid_gpr_fp/x_aq_vidu_vid_gpr_reg_fp_23/x_reg_gated_clk/module_en,0,0.0,0.0,0.0,0.0,,0
x_aq_vidu_top/x_aq_vidu_vid_gpr_fp/x_aq_vidu_vid_gpr_reg_fp_23/x_reg_gated_clk/local_en,0,0.0,0.0,0.0,0.0,,0
x_aq_vidu_top/x_aq_vidu_vid_gpr_fp/x_aq_vidu_vid_gpr_reg_fp_23/x_reg_gated_clk/external_en,0,0.0,0.0,0.0,0.0,,0
x_aq_vidu_top/x_aq_vidu_vid_gpr_fp/x_aq_vidu_vid_gpr_reg_fp_23/x_reg_gated_clk/pad_yy_icg_scan_en,0,0.0,0.0,0.0,0.0,,0
x_aq_vidu_top/x_aq_vidu_vid_gpr_fp/x_aq_vidu_vid_gpr_reg_fp_23/x_reg_gated_clk/clk_out,0,0.0,0.0,0.0,0.0,,0
x_aq_vidu_top/x_aq_vidu_vid_gpr_fp/x_aq_vidu_vid_gpr_reg_fp_23/x_reg_gated_clk/clk_en_bf_latch,0,0.0,0.0,0.0,0.0,,0
x_aq_vidu_top/x_aq_vidu_vid_gpr_fp/x_aq_vidu_vid_gpr_reg_fp_23/x_reg_gated_clk/SE,0,0.0,0.0,0.0,0.0,,0
x_aq_vidu_top/x_aq_vidu_vid_gpr_fp/x_aq_vidu_vid_gpr_reg_fp_24/cp0_idu_icg_en,0,0.0,0.0,0.0,0.0,,0
x_aq_vidu_top/x_aq_vidu_vid_gpr_fp/x_aq_vidu_vid_gpr_reg_fp_24/cp0_yy_clk_en,1,3.330114222917846e-05,1.187,2.200820152656901,0.0,0.012715280083722025,1
x_aq_vidu_top/x_aq_vidu_vid_gpr_fp/x_aq_vidu_vid_gpr_reg_fp_24/forever_cpuclk,0,0.0,0.0,0.0,0.0,,0
x_aq_vidu_top/x_aq_vidu_vid_gpr_fp/x_aq_vidu_vid_gpr_reg_fp_24/pad_yy_icg_scan_en,0,0.0,0.0,0.0,0.0,,0
x_aq_vidu_top/x_aq_vidu_vid_gpr_fp/x_aq_vidu_vid_gpr_reg_fp_24/read_data_y[63:0],0,0.0,0.0,0.0,0.0,,0
x_aq_vidu_top/x_aq_vidu_vid_gpr_fp/x_aq_vidu_vid_gpr_reg_fp_24/vpu_vidu_fp_wb_data[63:0],16,0.0005328182756668553,0.9546206249999999,1.7699648775416397,0.3125,0.02839621097303371,34
x_aq_vidu_top/x_aq_vidu_vid_gpr_fp/x_aq_vidu_vid_gpr_reg_fp_24/wb_vld_x,0,0.0,0.0,0.0,0.0,,0
x_aq_vidu_top/x_aq_vidu_vid_gpr_fp/x_aq_vidu_vid_gpr_reg_fp_24/reg_clk,0,0.0,0.0,0.0,0.0,,0
x_aq_vidu_top/x_aq_vidu_vid_gpr_fp/x_aq_vidu_vid_gpr_reg_fp_24/reg_clk_en,0,0.0,0.0,0.0,0.0,,0
x_aq_vidu_top/x_aq_vidu_vid_gpr_fp/x_aq_vidu_vid_gpr_reg_fp_24/write_data[63:0],0,0.0,0.0,0.0,0.0,,0
x_aq_vidu_top/x_aq_vidu_vid_gpr_fp/x_aq_vidu_vid_gpr_reg_fp_24/write_en,0,0.0,0.0,0.0,0.0,,0
x_aq_vidu_top/x_aq_vidu_vid_gpr_fp/x_aq_vidu_vid_gpr_reg_fp_24/x_reg_gated_clk/clk_in,0,0.0,0.0,0.0,0.0,,0
x_aq_vidu_top/x_aq_vidu_vid_gpr_fp/x_aq_vidu_vid_gpr_reg_fp_24/x_reg_gated_clk/global_en,1,3.330114222917846e-05,1.187,2.200820152656901,0.0,0.012715280083722025,1
x_aq_vidu_top/x_aq_vidu_vid_gpr_fp/x_aq_vidu_vid_gpr_reg_fp_24/x_reg_gated_clk/module_en,0,0.0,0.0,0.0,0.0,,0
x_aq_vidu_top/x_aq_vidu_vid_gpr_fp/x_aq_vidu_vid_gpr_reg_fp_24/x_reg_gated_clk/local_en,0,0.0,0.0,0.0,0.0,,0
x_aq_vidu_top/x_aq_vidu_vid_gpr_fp/x_aq_vidu_vid_gpr_reg_fp_24/x_reg_gated_clk/external_en,0,0.0,0.0,0.0,0.0,,0
x_aq_vidu_top/x_aq_vidu_vid_gpr_fp/x_aq_vidu_vid_gpr_reg_fp_24/x_reg_gated_clk/pad_yy_icg_scan_en,0,0.0,0.0,0.0,0.0,,0
x_aq_vidu_top/x_aq_vidu_vid_gpr_fp/x_aq_vidu_vid_gpr_reg_fp_24/x_reg_gated_clk/clk_out,0,0.0,0.0,0.0,0.0,,0
x_aq_vidu_top/x_aq_vidu_vid_gpr_fp/x_aq_vidu_vid_gpr_reg_fp_24/x_reg_gated_clk/clk_en_bf_latch,0,0.0,0.0,0.0,0.0,,0
x_aq_vidu_top/x_aq_vidu_vid_gpr_fp/x_aq_vidu_vid_gpr_reg_fp_24/x_reg_gated_clk/SE,0,0.0,0.0,0.0,0.0,,0
x_aq_vidu_top/x_aq_vidu_vid_gpr_fp/x_aq_vidu_vid_gpr_reg_fp_25/cp0_idu_icg_en,0,0.0,0.0,0.0,0.0,,0
x_aq_vidu_top/x_aq_vidu_vid_gpr_fp/x_aq_vidu_vid_gpr_reg_fp_25/cp0_yy_clk_en,1,3.330114222917846e-05,1.187,2.200820152656901,0.0,0.012715280083722025,1
x_aq_vidu_top/x_aq_vidu_vid_gpr_fp/x_aq_vidu_vid_gpr_reg_fp_25/forever_cpuclk,0,0.0,0.0,0.0,0.0,,0
x_aq_vidu_top/x_aq_vidu_vid_gpr_fp/x_aq_vidu_vid_gpr_reg_fp_25/pad_yy_icg_scan_en,0,0.0,0.0,0.0,0.0,,0
x_aq_vidu_top/x_aq_vidu_vid_gpr_fp/x_aq_vidu_vid_gpr_reg_fp_25/read_data_y[63:0],0,0.0,0.0,0.0,0.0,,0
x_aq_vidu_top/x_aq_vidu_vid_gpr_fp/x_aq_vidu_vid_gpr_reg_fp_25/vpu_vidu_fp_wb_data[63:0],16,0.0005328182756668553,0.9546206249999999,1.7699648775416397,0.3125,0.02839621097303371,34
x_aq_vidu_top/x_aq_vidu_vid_gpr_fp/x_aq_vidu_vid_gpr_reg_fp_25/wb_vld_x,0,0.0,0.0,0.0,0.0,,0
x_aq_vidu_top/x_aq_vidu_vid_gpr_fp/x_aq_vidu_vid_gpr_reg_fp_25/reg_clk,0,0.0,0.0,0.0,0.0,,0
x_aq_vidu_top/x_aq_vidu_vid_gpr_fp/x_aq_vidu_vid_gpr_reg_fp_25/reg_clk_en,0,0.0,0.0,0.0,0.0,,0
x_aq_vidu_top/x_aq_vidu_vid_gpr_fp/x_aq_vidu_vid_gpr_reg_fp_25/write_data[63:0],0,0.0,0.0,0.0,0.0,,0
x_aq_vidu_top/x_aq_vidu_vid_gpr_fp/x_aq_vidu_vid_gpr_reg_fp_25/write_en,0,0.0,0.0,0.0,0.0,,0
x_aq_vidu_top/x_aq_vidu_vid_gpr_fp/x_aq_vidu_vid_gpr_reg_fp_25/x_reg_gated_clk/clk_in,0,0.0,0.0,0.0,0.0,,0
x_aq_vidu_top/x_aq_vidu_vid_gpr_fp/x_aq_vidu_vid_gpr_reg_fp_25/x_reg_gated_clk/global_en,1,3.330114222917846e-05,1.187,2.200820152656901,0.0,0.012715280083722025,1
x_aq_vidu_top/x_aq_vidu_vid_gpr_fp/x_aq_vidu_vid_gpr_reg_fp_25/x_reg_gated_clk/module_en,0,0.0,0.0,0.0,0.0,,0
x_aq_vidu_top/x_aq_vidu_vid_gpr_fp/x_aq_vidu_vid_gpr_reg_fp_25/x_reg_gated_clk/local_en,0,0.0,0.0,0.0,0.0,,0
x_aq_vidu_top/x_aq_vidu_vid_gpr_fp/x_aq_vidu_vid_gpr_reg_fp_25/x_reg_gated_clk/external_en,0,0.0,0.0,0.0,0.0,,0
x_aq_vidu_top/x_aq_vidu_vid_gpr_fp/x_aq_vidu_vid_gpr_reg_fp_25/x_reg_gated_clk/pad_yy_icg_scan_en,0,0.0,0.0,0.0,0.0,,0
x_aq_vidu_top/x_aq_vidu_vid_gpr_fp/x_aq_vidu_vid_gpr_reg_fp_25/x_reg_gated_clk/clk_out,0,0.0,0.0,0.0,0.0,,0
x_aq_vidu_top/x_aq_vidu_vid_gpr_fp/x_aq_vidu_vid_gpr_reg_fp_25/x_reg_gated_clk/clk_en_bf_latch,0,0.0,0.0,0.0,0.0,,0
x_aq_vidu_top/x_aq_vidu_vid_gpr_fp/x_aq_vidu_vid_gpr_reg_fp_25/x_reg_gated_clk/SE,0,0.0,0.0,0.0,0.0,,0
x_aq_vidu_top/x_aq_vidu_vid_gpr_fp/x_aq_vidu_vid_gpr_reg_fp_26/cp0_idu_icg_en,0,0.0,0.0,0.0,0.0,,0
x_aq_vidu_top/x_aq_vidu_vid_gpr_fp/x_aq_vidu_vid_gpr_reg_fp_26/cp0_yy_clk_en,1,3.330114222917846e-05,1.187,2.200820152656901,0.0,0.012715280083722025,1
x_aq_vidu_top/x_aq_vidu_vid_gpr_fp/x_aq_vidu_vid_gpr_reg_fp_26/forever_cpuclk,0,0.0,0.0,0.0,0.0,,0
x_aq_vidu_top/x_aq_vidu_vid_gpr_fp/x_aq_vidu_vid_gpr_reg_fp_26/pad_yy_icg_scan_en,0,0.0,0.0,0.0,0.0,,0
x_aq_vidu_top/x_aq_vidu_vid_gpr_fp/x_aq_vidu_vid_gpr_reg_fp_26/read_data_y[63:0],0,0.0,0.0,0.0,0.0,,0
x_aq_vidu_top/x_aq_vidu_vid_gpr_fp/x_aq_vidu_vid_gpr_reg_fp_26/vpu_vidu_fp_wb_data[63:0],16,0.0005328182756668553,0.9546206249999999,1.7699648775416397,0.3125,0.02839621097303371,34
x_aq_vidu_top/x_aq_vidu_vid_gpr_fp/x_aq_vidu_vid_gpr_reg_fp_26/wb_vld_x,0,0.0,0.0,0.0,0.0,,0
x_aq_vidu_top/x_aq_vidu_vid_gpr_fp/x_aq_vidu_vid_gpr_reg_fp_26/reg_clk,0,0.0,0.0,0.0,0.0,,0
x_aq_vidu_top/x_aq_vidu_vid_gpr_fp/x_aq_vidu_vid_gpr_reg_fp_26/reg_clk_en,0,0.0,0.0,0.0,0.0,,0
x_aq_vidu_top/x_aq_vidu_vid_gpr_fp/x_aq_vidu_vid_gpr_reg_fp_26/write_data[63:0],0,0.0,0.0,0.0,0.0,,0
x_aq_vidu_top/x_aq_vidu_vid_gpr_fp/x_aq_vidu_vid_gpr_reg_fp_26/write_en,0,0.0,0.0,0.0,0.0,,0
x_aq_vidu_top/x_aq_vidu_vid_gpr_fp/x_aq_vidu_vid_gpr_reg_fp_26/x_reg_gated_clk/clk_in,0,0.0,0.0,0.0,0.0,,0
x_aq_vidu_top/x_aq_vidu_vid_gpr_fp/x_aq_vidu_vid_gpr_reg_fp_26/x_reg_gated_clk/global_en,1,3.330114222917846e-05,1.187,2.200820152656901,0.0,0.012715280083722025,1
x_aq_vidu_top/x_aq_vidu_vid_gpr_fp/x_aq_vidu_vid_gpr_reg_fp_26/x_reg_gated_clk/module_en,0,0.0,0.0,0.0,0.0,,0
x_aq_vidu_top/x_aq_vidu_vid_gpr_fp/x_aq_vidu_vid_gpr_reg_fp_26/x_reg_gated_clk/local_en,0,0.0,0.0,0.0,0.0,,0
x_aq_vidu_top/x_aq_vidu_vid_gpr_fp/x_aq_vidu_vid_gpr_reg_fp_26/x_reg_gated_clk/external_en,0,0.0,0.0,0.0,0.0,,0
x_aq_vidu_top/x_aq_vidu_vid_gpr_fp/x_aq_vidu_vid_gpr_reg_fp_26/x_reg_gated_clk/pad_yy_icg_scan_en,0,0.0,0.0,0.0,0.0,,0
x_aq_vidu_top/x_aq_vidu_vid_gpr_fp/x_aq_vidu_vid_gpr_reg_fp_26/x_reg_gated_clk/clk_out,0,0.0,0.0,0.0,0.0,,0
x_aq_vidu_top/x_aq_vidu_vid_gpr_fp/x_aq_vidu_vid_gpr_reg_fp_26/x_reg_gated_clk/clk_en_bf_latch,0,0.0,0.0,0.0,0.0,,0
x_aq_vidu_top/x_aq_vidu_vid_gpr_fp/x_aq_vidu_vid_gpr_reg_fp_26/x_reg_gated_clk/SE,0,0.0,0.0,0.0,0.0,,0
x_aq_vidu_top/x_aq_vidu_vid_gpr_fp/x_aq_vidu_vid_gpr_reg_fp_27/cp0_idu_icg_en,0,0.0,0.0,0.0,0.0,,0
x_aq_vidu_top/x_aq_vidu_vid_gpr_fp/x_aq_vidu_vid_gpr_reg_fp_27/cp0_yy_clk_en,1,3.330114222917846e-05,1.187,2.200820152656901,0.0,0.012715280083722025,1
x_aq_vidu_top/x_aq_vidu_vid_gpr_fp/x_aq_vidu_vid_gpr_reg_fp_27/forever_cpuclk,0,0.0,0.0,0.0,0.0,,0
x_aq_vidu_top/x_aq_vidu_vid_gpr_fp/x_aq_vidu_vid_gpr_reg_fp_27/pad_yy_icg_scan_en,0,0.0,0.0,0.0,0.0,,0
x_aq_vidu_top/x_aq_vidu_vid_gpr_fp/x_aq_vidu_vid_gpr_reg_fp_27/read_data_y[63:0],0,0.0,0.0,0.0,0.0,,0
x_aq_vidu_top/x_aq_vidu_vid_gpr_fp/x_aq_vidu_vid_gpr_reg_fp_27/vpu_vidu_fp_wb_data[63:0],16,0.0005328182756668553,0.9546206249999999,1.7699648775416397,0.3125,0.02839621097303371,34
x_aq_vidu_top/x_aq_vidu_vid_gpr_fp/x_aq_vidu_vid_gpr_reg_fp_27/wb_vld_x,0,0.0,0.0,0.0,0.0,,0
x_aq_vidu_top/x_aq_vidu_vid_gpr_fp/x_aq_vidu_vid_gpr_reg_fp_27/reg_clk,0,0.0,0.0,0.0,0.0,,0
x_aq_vidu_top/x_aq_vidu_vid_gpr_fp/x_aq_vidu_vid_gpr_reg_fp_27/reg_clk_en,0,0.0,0.0,0.0,0.0,,0
x_aq_vidu_top/x_aq_vidu_vid_gpr_fp/x_aq_vidu_vid_gpr_reg_fp_27/write_data[63:0],0,0.0,0.0,0.0,0.0,,0
x_aq_vidu_top/x_aq_vidu_vid_gpr_fp/x_aq_vidu_vid_gpr_reg_fp_27/write_en,0,0.0,0.0,0.0,0.0,,0
x_aq_vidu_top/x_aq_vidu_vid_gpr_fp/x_aq_vidu_vid_gpr_reg_fp_27/x_reg_gated_clk/clk_in,0,0.0,0.0,0.0,0.0,,0
x_aq_vidu_top/x_aq_vidu_vid_gpr_fp/x_aq_vidu_vid_gpr_reg_fp_27/x_reg_gated_clk/global_en,1,3.330114222917846e-05,1.187,2.200820152656901,0.0,0.012715280083722025,1
x_aq_vidu_top/x_aq_vidu_vid_gpr_fp/x_aq_vidu_vid_gpr_reg_fp_27/x_reg_gated_clk/module_en,0,0.0,0.0,0.0,0.0,,0
x_aq_vidu_top/x_aq_vidu_vid_gpr_fp/x_aq_vidu_vid_gpr_reg_fp_27/x_reg_gated_clk/local_en,0,0.0,0.0,0.0,0.0,,0
x_aq_vidu_top/x_aq_vidu_vid_gpr_fp/x_aq_vidu_vid_gpr_reg_fp_27/x_reg_gated_clk/external_en,0,0.0,0.0,0.0,0.0,,0
x_aq_vidu_top/x_aq_vidu_vid_gpr_fp/x_aq_vidu_vid_gpr_reg_fp_27/x_reg_gated_clk/pad_yy_icg_scan_en,0,0.0,0.0,0.0,0.0,,0
x_aq_vidu_top/x_aq_vidu_vid_gpr_fp/x_aq_vidu_vid_gpr_reg_fp_27/x_reg_gated_clk/clk_out,0,0.0,0.0,0.0,0.0,,0
x_aq_vidu_top/x_aq_vidu_vid_gpr_fp/x_aq_vidu_vid_gpr_reg_fp_27/x_reg_gated_clk/clk_en_bf_latch,0,0.0,0.0,0.0,0.0,,0
x_aq_vidu_top/x_aq_vidu_vid_gpr_fp/x_aq_vidu_vid_gpr_reg_fp_27/x_reg_gated_clk/SE,0,0.0,0.0,0.0,0.0,,0
x_aq_vidu_top/x_aq_vidu_vid_gpr_fp/x_aq_vidu_vid_gpr_reg_fp_28/cp0_idu_icg_en,0,0.0,0.0,0.0,0.0,,0
x_aq_vidu_top/x_aq_vidu_vid_gpr_fp/x_aq_vidu_vid_gpr_reg_fp_28/cp0_yy_clk_en,1,3.330114222917846e-05,1.187,2.200820152656901,0.0,0.012715280083722025,1
x_aq_vidu_top/x_aq_vidu_vid_gpr_fp/x_aq_vidu_vid_gpr_reg_fp_28/forever_cpuclk,0,0.0,0.0,0.0,0.0,,0
x_aq_vidu_top/x_aq_vidu_vid_gpr_fp/x_aq_vidu_vid_gpr_reg_fp_28/pad_yy_icg_scan_en,0,0.0,0.0,0.0,0.0,,0
x_aq_vidu_top/x_aq_vidu_vid_gpr_fp/x_aq_vidu_vid_gpr_reg_fp_28/read_data_y[63:0],0,0.0,0.0,0.0,0.0,,0
x_aq_vidu_top/x_aq_vidu_vid_gpr_fp/x_aq_vidu_vid_gpr_reg_fp_28/vpu_vidu_fp_wb_data[63:0],16,0.0005328182756668553,0.9546206249999999,1.7699648775416397,0.3125,0.02839621097303371,34
x_aq_vidu_top/x_aq_vidu_vid_gpr_fp/x_aq_vidu_vid_gpr_reg_fp_28/wb_vld_x,0,0.0,0.0,0.0,0.0,,0
x_aq_vidu_top/x_aq_vidu_vid_gpr_fp/x_aq_vidu_vid_gpr_reg_fp_28/reg_clk,0,0.0,0.0,0.0,0.0,,0
x_aq_vidu_top/x_aq_vidu_vid_gpr_fp/x_aq_vidu_vid_gpr_reg_fp_28/reg_clk_en,0,0.0,0.0,0.0,0.0,,0
x_aq_vidu_top/x_aq_vidu_vid_gpr_fp/x_aq_vidu_vid_gpr_reg_fp_28/write_data[63:0],0,0.0,0.0,0.0,0.0,,0
x_aq_vidu_top/x_aq_vidu_vid_gpr_fp/x_aq_vidu_vid_gpr_reg_fp_28/write_en,0,0.0,0.0,0.0,0.0,,0
x_aq_vidu_top/x_aq_vidu_vid_gpr_fp/x_aq_vidu_vid_gpr_reg_fp_28/x_reg_gated_clk/clk_in,0,0.0,0.0,0.0,0.0,,0
x_aq_vidu_top/x_aq_vidu_vid_gpr_fp/x_aq_vidu_vid_gpr_reg_fp_28/x_reg_gated_clk/global_en,1,3.330114222917846e-05,1.187,2.200820152656901,0.0,0.012715280083722025,1
x_aq_vidu_top/x_aq_vidu_vid_gpr_fp/x_aq_vidu_vid_gpr_reg_fp_28/x_reg_gated_clk/module_en,0,0.0,0.0,0.0,0.0,,0
x_aq_vidu_top/x_aq_vidu_vid_gpr_fp/x_aq_vidu_vid_gpr_reg_fp_28/x_reg_gated_clk/local_en,0,0.0,0.0,0.0,0.0,,0
x_aq_vidu_top/x_aq_vidu_vid_gpr_fp/x_aq_vidu_vid_gpr_reg_fp_28/x_reg_gated_clk/external_en,0,0.0,0.0,0.0,0.0,,0
x_aq_vidu_top/x_aq_vidu_vid_gpr_fp/x_aq_vidu_vid_gpr_reg_fp_28/x_reg_gated_clk/pad_yy_icg_scan_en,0,0.0,0.0,0.0,0.0,,0
x_aq_vidu_top/x_aq_vidu_vid_gpr_fp/x_aq_vidu_vid_gpr_reg_fp_28/x_reg_gated_clk/clk_out,0,0.0,0.0,0.0,0.0,,0
x_aq_vidu_top/x_aq_vidu_vid_gpr_fp/x_aq_vidu_vid_gpr_reg_fp_28/x_reg_gated_clk/clk_en_bf_latch,0,0.0,0.0,0.0,0.0,,0
x_aq_vidu_top/x_aq_vidu_vid_gpr_fp/x_aq_vidu_vid_gpr_reg_fp_28/x_reg_gated_clk/SE,0,0.0,0.0,0.0,0.0,,0
x_aq_vidu_top/x_aq_vidu_vid_gpr_fp/x_aq_vidu_vid_gpr_reg_fp_29/cp0_idu_icg_en,0,0.0,0.0,0.0,0.0,,0
x_aq_vidu_top/x_aq_vidu_vid_gpr_fp/x_aq_vidu_vid_gpr_reg_fp_29/cp0_yy_clk_en,1,3.330114222917846e-05,1.187,2.200820152656901,0.0,0.012715280083722025,1
x_aq_vidu_top/x_aq_vidu_vid_gpr_fp/x_aq_vidu_vid_gpr_reg_fp_29/forever_cpuclk,0,0.0,0.0,0.0,0.0,,0
x_aq_vidu_top/x_aq_vidu_vid_gpr_fp/x_aq_vidu_vid_gpr_reg_fp_29/pad_yy_icg_scan_en,0,0.0,0.0,0.0,0.0,,0
x_aq_vidu_top/x_aq_vidu_vid_gpr_fp/x_aq_vidu_vid_gpr_reg_fp_29/read_data_y[63:0],0,0.0,0.0,0.0,0.0,,0
x_aq_vidu_top/x_aq_vidu_vid_gpr_fp/x_aq_vidu_vid_gpr_reg_fp_29/vpu_vidu_fp_wb_data[63:0],16,0.0005328182756668553,0.9546206249999999,1.7699648775416397,0.3125,0.02839621097303371,34
x_aq_vidu_top/x_aq_vidu_vid_gpr_fp/x_aq_vidu_vid_gpr_reg_fp_29/wb_vld_x,0,0.0,0.0,0.0,0.0,,0
x_aq_vidu_top/x_aq_vidu_vid_gpr_fp/x_aq_vidu_vid_gpr_reg_fp_29/reg_clk,0,0.0,0.0,0.0,0.0,,0
x_aq_vidu_top/x_aq_vidu_vid_gpr_fp/x_aq_vidu_vid_gpr_reg_fp_29/reg_clk_en,0,0.0,0.0,0.0,0.0,,0
x_aq_vidu_top/x_aq_vidu_vid_gpr_fp/x_aq_vidu_vid_gpr_reg_fp_29/write_data[63:0],0,0.0,0.0,0.0,0.0,,0
x_aq_vidu_top/x_aq_vidu_vid_gpr_fp/x_aq_vidu_vid_gpr_reg_fp_29/write_en,0,0.0,0.0,0.0,0.0,,0
x_aq_vidu_top/x_aq_vidu_vid_gpr_fp/x_aq_vidu_vid_gpr_reg_fp_29/x_reg_gated_clk/clk_in,0,0.0,0.0,0.0,0.0,,0
x_aq_vidu_top/x_aq_vidu_vid_gpr_fp/x_aq_vidu_vid_gpr_reg_fp_29/x_reg_gated_clk/global_en,1,3.330114222917846e-05,1.187,2.200820152656901,0.0,0.012715280083722025,1
x_aq_vidu_top/x_aq_vidu_vid_gpr_fp/x_aq_vidu_vid_gpr_reg_fp_29/x_reg_gated_clk/module_en,0,0.0,0.0,0.0,0.0,,0
x_aq_vidu_top/x_aq_vidu_vid_gpr_fp/x_aq_vidu_vid_gpr_reg_fp_29/x_reg_gated_clk/local_en,0,0.0,0.0,0.0,0.0,,0
x_aq_vidu_top/x_aq_vidu_vid_gpr_fp/x_aq_vidu_vid_gpr_reg_fp_29/x_reg_gated_clk/external_en,0,0.0,0.0,0.0,0.0,,0
x_aq_vidu_top/x_aq_vidu_vid_gpr_fp/x_aq_vidu_vid_gpr_reg_fp_29/x_reg_gated_clk/pad_yy_icg_scan_en,0,0.0,0.0,0.0,0.0,,0
x_aq_vidu_top/x_aq_vidu_vid_gpr_fp/x_aq_vidu_vid_gpr_reg_fp_29/x_reg_gated_clk/clk_out,0,0.0,0.0,0.0,0.0,,0
x_aq_vidu_top/x_aq_vidu_vid_gpr_fp/x_aq_vidu_vid_gpr_reg_fp_29/x_reg_gated_clk/clk_en_bf_latch,0,0.0,0.0,0.0,0.0,,0
x_aq_vidu_top/x_aq_vidu_vid_gpr_fp/x_aq_vidu_vid_gpr_reg_fp_29/x_reg_gated_clk/SE,0,0.0,0.0,0.0,0.0,,0
x_aq_vidu_top/x_aq_vidu_vid_gpr_fp/x_aq_vidu_vid_gpr_reg_fp_30/cp0_idu_icg_en,0,0.0,0.0,0.0,0.0,,0
x_aq_vidu_top/x_aq_vidu_vid_gpr_fp/x_aq_vidu_vid_gpr_reg_fp_30/cp0_yy_clk_en,1,3.330114222917846e-05,1.187,2.200820152656901,0.0,0.012715280083722025,1
x_aq_vidu_top/x_aq_vidu_vid_gpr_fp/x_aq_vidu_vid_gpr_reg_fp_30/forever_cpuclk,0,0.0,0.0,0.0,0.0,,0
x_aq_vidu_top/x_aq_vidu_vid_gpr_fp/x_aq_vidu_vid_gpr_reg_fp_30/pad_yy_icg_scan_en,0,0.0,0.0,0.0,0.0,,0
x_aq_vidu_top/x_aq_vidu_vid_gpr_fp/x_aq_vidu_vid_gpr_reg_fp_30/read_data_y[63:0],0,0.0,0.0,0.0,0.0,,0
x_aq_vidu_top/x_aq_vidu_vid_gpr_fp/x_aq_vidu_vid_gpr_reg_fp_30/vpu_vidu_fp_wb_data[63:0],16,0.0005328182756668553,0.9546206249999999,1.7699648775416397,0.3125,0.02839621097303371,34
x_aq_vidu_top/x_aq_vidu_vid_gpr_fp/x_aq_vidu_vid_gpr_reg_fp_30/wb_vld_x,0,0.0,0.0,0.0,0.0,,0
x_aq_vidu_top/x_aq_vidu_vid_gpr_fp/x_aq_vidu_vid_gpr_reg_fp_30/reg_clk,0,0.0,0.0,0.0,0.0,,0
x_aq_vidu_top/x_aq_vidu_vid_gpr_fp/x_aq_vidu_vid_gpr_reg_fp_30/reg_clk_en,0,0.0,0.0,0.0,0.0,,0
x_aq_vidu_top/x_aq_vidu_vid_gpr_fp/x_aq_vidu_vid_gpr_reg_fp_30/write_data[63:0],0,0.0,0.0,0.0,0.0,,0
x_aq_vidu_top/x_aq_vidu_vid_gpr_fp/x_aq_vidu_vid_gpr_reg_fp_30/write_en,0,0.0,0.0,0.0,0.0,,0
x_aq_vidu_top/x_aq_vidu_vid_gpr_fp/x_aq_vidu_vid_gpr_reg_fp_30/x_reg_gated_clk/clk_in,0,0.0,0.0,0.0,0.0,,0
x_aq_vidu_top/x_aq_vidu_vid_gpr_fp/x_aq_vidu_vid_gpr_reg_fp_30/x_reg_gated_clk/global_en,1,3.330114222917846e-05,1.187,2.200820152656901,0.0,0.012715280083722025,1
x_aq_vidu_top/x_aq_vidu_vid_gpr_fp/x_aq_vidu_vid_gpr_reg_fp_30/x_reg_gated_clk/module_en,0,0.0,0.0,0.0,0.0,,0
x_aq_vidu_top/x_aq_vidu_vid_gpr_fp/x_aq_vidu_vid_gpr_reg_fp_30/x_reg_gated_clk/local_en,0,0.0,0.0,0.0,0.0,,0
x_aq_vidu_top/x_aq_vidu_vid_gpr_fp/x_aq_vidu_vid_gpr_reg_fp_30/x_reg_gated_clk/external_en,0,0.0,0.0,0.0,0.0,,0
x_aq_vidu_top/x_aq_vidu_vid_gpr_fp/x_aq_vidu_vid_gpr_reg_fp_30/x_reg_gated_clk/pad_yy_icg_scan_en,0,0.0,0.0,0.0,0.0,,0
x_aq_vidu_top/x_aq_vidu_vid_gpr_fp/x_aq_vidu_vid_gpr_reg_fp_30/x_reg_gated_clk/clk_out,0,0.0,0.0,0.0,0.0,,0
x_aq_vidu_top/x_aq_vidu_vid_gpr_fp/x_aq_vidu_vid_gpr_reg_fp_30/x_reg_gated_clk/clk_en_bf_latch,0,0.0,0.0,0.0,0.0,,0
x_aq_vidu_top/x_aq_vidu_vid_gpr_fp/x_aq_vidu_vid_gpr_reg_fp_30/x_reg_gated_clk/SE,0,0.0,0.0,0.0,0.0,,0
x_aq_vidu_top/x_aq_vidu_vid_gpr_fp/x_aq_vidu_vid_gpr_reg_fp_31/cp0_idu_icg_en,0,0.0,0.0,0.0,0.0,,0
x_aq_vidu_top/x_aq_vidu_vid_gpr_fp/x_aq_vidu_vid_gpr_reg_fp_31/cp0_yy_clk_en,1,3.330114222917846e-05,1.187,2.200820152656901,0.0,0.012715280083722025,1
x_aq_vidu_top/x_aq_vidu_vid_gpr_fp/x_aq_vidu_vid_gpr_reg_fp_31/forever_cpuclk,0,0.0,0.0,0.0,0.0,,0
x_aq_vidu_top/x_aq_vidu_vid_gpr_fp/x_aq_vidu_vid_gpr_reg_fp_31/pad_yy_icg_scan_en,0,0.0,0.0,0.0,0.0,,0
x_aq_vidu_top/x_aq_vidu_vid_gpr_fp/x_aq_vidu_vid_gpr_reg_fp_31/read_data_y[63:0],0,0.0,0.0,0.0,0.0,,0
x_aq_vidu_top/x_aq_vidu_vid_gpr_fp/x_aq_vidu_vid_gpr_reg_fp_31/vpu_vidu_fp_wb_data[63:0],16,0.0005328182756668553,0.9546206249999999,1.7699648775416397,0.3125,0.02839621097303371,34
x_aq_vidu_top/x_aq_vidu_vid_gpr_fp/x_aq_vidu_vid_gpr_reg_fp_31/wb_vld_x,0,0.0,0.0,0.0,0.0,,0
x_aq_vidu_top/x_aq_vidu_vid_gpr_fp/x_aq_vidu_vid_gpr_reg_fp_31/reg_clk,0,0.0,0.0,0.0,0.0,,0
x_aq_vidu_top/x_aq_vidu_vid_gpr_fp/x_aq_vidu_vid_gpr_reg_fp_31/reg_clk_en,0,0.0,0.0,0.0,0.0,,0
x_aq_vidu_top/x_aq_vidu_vid_gpr_fp/x_aq_vidu_vid_gpr_reg_fp_31/write_data[63:0],0,0.0,0.0,0.0,0.0,,0
x_aq_vidu_top/x_aq_vidu_vid_gpr_fp/x_aq_vidu_vid_gpr_reg_fp_31/write_en,0,0.0,0.0,0.0,0.0,,0
x_aq_vidu_top/x_aq_vidu_vid_gpr_fp/x_aq_vidu_vid_gpr_reg_fp_31/x_reg_gated_clk/clk_in,0,0.0,0.0,0.0,0.0,,0
x_aq_vidu_top/x_aq_vidu_vid_gpr_fp/x_aq_vidu_vid_gpr_reg_fp_31/x_reg_gated_clk/global_en,1,3.330114222917846e-05,1.187,2.200820152656901,0.0,0.012715280083722025,1
x_aq_vidu_top/x_aq_vidu_vid_gpr_fp/x_aq_vidu_vid_gpr_reg_fp_31/x_reg_gated_clk/module_en,0,0.0,0.0,0.0,0.0,,0
x_aq_vidu_top/x_aq_vidu_vid_gpr_fp/x_aq_vidu_vid_gpr_reg_fp_31/x_reg_gated_clk/local_en,0,0.0,0.0,0.0,0.0,,0
x_aq_vidu_top/x_aq_vidu_vid_gpr_fp/x_aq_vidu_vid_gpr_reg_fp_31/x_reg_gated_clk/external_en,0,0.0,0.0,0.0,0.0,,0
x_aq_vidu_top/x_aq_vidu_vid_gpr_fp/x_aq_vidu_vid_gpr_reg_fp_31/x_reg_gated_clk/pad_yy_icg_scan_en,0,0.0,0.0,0.0,0.0,,0
x_aq_vidu_top/x_aq_vidu_vid_gpr_fp/x_aq_vidu_vid_gpr_reg_fp_31/x_reg_gated_clk/clk_out,0,0.0,0.0,0.0,0.0,,0
x_aq_vidu_top/x_aq_vidu_vid_gpr_fp/x_aq_vidu_vid_gpr_reg_fp_31/x_reg_gated_clk/clk_en_bf_latch,0,0.0,0.0,0.0,0.0,,0
x_aq_vidu_top/x_aq_vidu_vid_gpr_fp/x_aq_vidu_vid_gpr_reg_fp_31/x_reg_gated_clk/SE,0,0.0,0.0,0.0,0.0,,0
x_aq_vidu_top/x_aq_vidu_vid_gpr_fp/x_aq_idu_expand_32_vpu_vidu_fp_wb_reg/x_num[4:0],28,0.0009324319824169969,0.9282046428571429,1.7209869282137336,0.42857142857142855,0.029610949873468566,5
x_aq_vidu_top/x_aq_vidu_vid_gpr_fp/x_aq_idu_expand_32_vpu_vidu_fp_wb_reg/x_num_expand[31:0],32,0.0010656365513337107,0.9546228125,1.7699689333917528,0.4375,0.02474722744153586,3
x_aq_vidu_top/x_aq_vidu_vid_split_fp/cp0_idu_icg_en,0,0.0,0.0,0.0,0.0,,0
x_aq_vidu_top/x_aq_vidu_vid_split_fp/cp0_yy_clk_en,1,3.330114222917846e-05,1.187,2.200820152656901,0.0,0.012715280083722025,1
x_aq_vidu_top/x_aq_vidu_vid_split_fp/cpurst_b,3,9.990342668753538e-05,0.5556666666666668,1.0302631829483446,0.0,0.004974988306899891,1
x_aq_vidu_top/x_aq_vidu_vid_split_fp/ctrl_split_fp_dis_stall,16,0.0005328182756668553,0.45737999999999995,0.8480295883927661,0.3125,0.005235471360069294,1
x_aq_vidu_top/x_aq_vidu_vid_split_fp/forever_cpuclk,0,0.0,0.0,0.0,0.0,,0
x_aq_vidu_top/x_aq_vidu_vid_split_fp/idu_vidu_ex1_fp_dp_sel,20,0.0006660228445835693,0.5681699999999998,1.0534456496504392,0.1,0.04974523397218318,1
x_aq_vidu_top/x_aq_vidu_vid_split_fp/idu_vidu_ex1_fp_gateclk_sel,16,0.0005328182756668553,0.5005624999999998,0.928094387248795,0.125,0.04238836659355415,1
x_aq_vidu_top/x_aq_vidu_vid_split_fp/idu_vidu_ex1_fp_sel,20,0.0006660228445835693,0.5681699999999998,1.0534456496504392,0.1,0.04974523397218318,1
x_aq_vidu_top/x_aq_vidu_vid_split_fp/idu_vidu_ex1_inst_data[179:0],4161,0.13856605281561157,0.6475091180004807,1.2005485391108286,0.15717375630857966,,92
x_aq_vidu_top/x_aq_vidu_vid_split_fp/ifu_vidu_warm_up,2,6.660228445835692e-05,0.8842500000000002,1.6394904970403246,0.5,0.0173926270221066,1
x_aq_vidu_top/x_aq_vidu_vid_split_fp/pad_yy_icg_scan_en,0,0.0,0.0,0.0,0.0,,0
x_aq_vidu_top/x_aq_vidu_vid_split_fp/rtu_yy_xx_async_flush,0,0.0,0.0,0.0,0.0,,0
x_aq_vidu_top/x_aq_vidu_vid_split_fp/split_fp_ctrl_entry_vld,16,0.0005328182756668553,0.971325,1.8009365078175776,0.4375,-0.0012690786024654819,1
x_aq_vidu_top/x_aq_vidu_vid_split_fp/split_fp_ctrl_inst_dp_vld,20,0.0006660228445835693,0.86423,1.6023713568076443,0.4,0.0194804965081234,1
x_aq_vidu_top/x_aq_vidu_vid_split_fp/split_fp_ctrl_inst_gateclk_vld,16,0.0005328182756668553,0.8706375000000001,1.6142515211953015,0.5,0.021212819368267383,1
x_aq_vidu_top/x_aq_vidu_vid_split_fp/split_fp_ctrl_inst_vld,20,0.0006660228445835693,0.86423,1.6023713568076443,0.4,0.0194804965081234,1
x_aq_vidu_top/x_aq_vidu_vid_split_fp/split_fp_dp_inst_data[179:0],4169,0.138832461953445,0.6500528591988486,1.2052648970657667,0.1599904053729911,,92
x_aq_vidu_top/x_aq_vidu_vid_split_fp/non_entry_vld,16,0.0005328182756668553,0.971325,1.8009365078175776,0.4375,-0.0012690786024654819,1
x_aq_vidu_top/x_aq_vidu_vid_split_fp/non_inst_data[179:0],4169,0.138832461953445,0.6500528591988486,1.2052648970657667,0.1599904053729911,,92
x_aq_vidu_top/x_aq_vidu_vid_split_fp/non_inst_data_wen,0,0.0,0.0,0.0,0.0,,0
x_aq_vidu_top/x_aq_vidu_vid_split_fp/non_inst_vld,0,0.0,0.0,0.0,0.0,,0
x_aq_vidu_top/x_aq_vidu_vid_split_fp/non_sm_start,20,0.0006660228445835693,0.5681699999999998,1.0534456496504392,0.1,0.04974523397218318,1
x_aq_vidu_top/x_aq_vidu_vid_split_fp/non_split_type,1,3.330114222917846e-05,0.21599999999999997,0.4004862282846593,0.0,0.010971294478004363,1
x_aq_vidu_top/x_aq_vidu_vid_split_fp/split_clk,0,0.0,0.0,0.0,0.0,,0
x_aq_vidu_top/x_aq_vidu_vid_split_fp/split_clk_en,18,0.0005994205601252123,0.8721500000000001,1.6170558518447486,0.5,0.023594484650411755,1
x_aq_vidu_top/x_aq_vidu_vid_split_fp/split_fp_entry_vld,16,0.0005328182756668553,0.971325,1.8009365078175776,0.4375,-0.0012690786024654819,1
x_aq_vidu_top/x_aq_vidu_vid_split_fp/split_fp_inst_vld,1,3.330114222917846e-05,0.21599999999999997,0.4004862282846593,0.0,0.010971294478004363,1
x_aq_vidu_top/x_aq_vidu_vid_split_fp/split_inst_data[179:0],4169,0.138832461953445,0.6500528591988486,1.2052648970657667,0.1599904053729911,,92
x_aq_vidu_top/x_aq_vidu_vid_split_fp/split_inst_data_wen,0,0.0,0.0,0.0,0.0,,0
x_aq_vidu_top/x_aq_vidu_vid_split_fp/split_inst_wdata[179:0],4169,0.138832461953445,0.6500528591988486,1.2052648970657667,0.1599904053729911,,92
x_aq_vidu_top/x_aq_vidu_vid_split_fp/x_split_clk_gated_clk_cell/clk_in,0,0.0,0.0,0.0,0.0,,0
x_aq_vidu_top/x_aq_vidu_vid_split_fp/x_split_clk_gated_clk_cell/global_en,1,3.330114222917846e-05,1.187,2.200820152656901,0.0,0.012715280083722025,1
x_aq_vidu_top/x_aq_vidu_vid_split_fp/x_split_clk_gated_clk_cell/module_en,0,0.0,0.0,0.0,0.0,,0
x_aq_vidu_top/x_aq_vidu_vid_split_fp/x_split_clk_gated_clk_cell/local_en,18,0.0005994205601252123,0.8721500000000001,1.6170558518447486,0.5,0.023594484650411755,1
x_aq_vidu_top/x_aq_vidu_vid_split_fp/x_split_clk_gated_clk_cell/external_en,0,0.0,0.0,0.0,0.0,,0
x_aq_vidu_top/x_aq_vidu_vid_split_fp/x_split_clk_gated_clk_cell/pad_yy_icg_scan_en,0,0.0,0.0,0.0,0.0,,0
x_aq_vidu_top/x_aq_vidu_vid_split_fp/x_split_clk_gated_clk_cell/clk_out,0,0.0,0.0,0.0,0.0,,0
x_aq_vidu_top/x_aq_vidu_vid_split_fp/x_split_clk_gated_clk_cell/clk_en_bf_latch,18,0.0005994205601252123,0.8721500000000001,1.6170558518447486,0.5,0.023594484650411755,1
x_aq_vidu_top/x_aq_vidu_vid_split_fp/x_split_clk_gated_clk_cell/SE,0,0.0,0.0,0.0,0.0,,0
x_aq_vidu_top/x_aq_vidu_vid_wbt_fp/cp0_idu_icg_en,0,0.0,0.0,0.0,0.0,,0
x_aq_vidu_top/x_aq_vidu_vid_wbt_fp/cp0_yy_clk_en,1,3.330114222917846e-05,1.187,2.200820152656901,0.0,0.012715280083722025,1
x_aq_vidu_top/x_aq_vidu_vid_wbt_fp/cpurst_b,3,9.990342668753538e-05,0.5556666666666668,1.0302631829483446,0.0,0.004974988306899891,1
x_aq_vidu_top/x_aq_vidu_vid_wbt_fp/ctrl_wbt_bankx_dis_inst_gateclk_vld,16,0.0005328182756668553,0.8706375000000001,1.6142515211953015,0.5,0.021212819368267383,1
x_aq_vidu_top/x_aq_vidu_vid_wbt_fp/ctrl_wbt_bankx_dis_inst_vld,16,0.0005328182756668553,0.7273374999999999,1.3485585743749693,0.125,0.03580459974902866,1
x_aq_vidu_top/x_aq_vidu_vid_wbt_fp/dp_wbt_bankx_dstv_reg[4:0],2439,0.08122148589696626,0.6552362197621976,1.214875380963244,0.1906519065190652,0.019730404008586996,5
x_aq_vidu_top/x_aq_vidu_vid_wbt_fp/dp_wbt_bankx_dstv_type,226,0.007526058143794332,0.7067498230088496,1.3103869025817811,0.19469026548672566,-0.04941448445433761,1
x_aq_vidu_top/x_aq_vidu_vid_wbt_fp/dp_wbt_bankx_dstv_vld,20,0.0006660228445835693,0.6980819999999998,1.2943158667287569,0.2,-0.011492655622566477,1
x_aq_vidu_top/x_aq_vidu_vid_wbt_fp/dp_wbt_bankx_srcv0_reg[4:0],2518,0.08385227613307136,0.6542948927720413,1.2131300638527336,0.17394757744241462,-0.0012327335777184473,5
x_aq_vidu_top/x_aq_vidu_vid_wbt_fp/dp_wbt_bankx_srcv1_reg[4:0],3265,0.10872822937826768,0.6589846830015313,1.2218254175585423,0.17151607963246554,0.015925770888737673,5
x_aq_vidu_top/x_aq_vidu_vid_wbt_fp/dp_wbt_bankx_srcv2_reg[4:0],2849,0.09487495421092944,0.6594214004914005,1.2226351367268,0.17865917865917866,0.023035834688462094,5
x_aq_vidu_top/x_aq_vidu_vid_wbt_fp/forever_cpuclk,0,0.0,0.0,0.0,0.0,,0
x_aq_vidu_top/x_aq_vidu_vid_wbt_fp/pad_yy_icg_scan_en,0,0.0,0.0,0.0,0.0,,0
x_aq_vidu_top/x_aq_vidu_vid_wbt_fp/rtu_vidu_flush_wbt,0,0.0,0.0,0.0,0.0,,0
x_aq_vidu_top/x_aq_vidu_vid_wbt_fp/rtu_yy_xx_async_flush,0,0.0,0.0,0.0,0.0,,0
x_aq_vidu_top/x_aq_vidu_vid_wbt_fp/vpu_vidu_wbt_bankx_wb0_reg[4:0],28,0.0009324319824169969,0.9282046428571429,1.7209869282137336,0.42857142857142855,0.029610949873468566,5
x_aq_vidu_top/x_aq_vidu_vid_wbt_fp/vpu_vidu_wbt_bankx_wb0_vld,0,0.0,0.0,0.0,0.0,,0
x_aq_vidu_top/x_aq_vidu_vid_wbt_fp/vpu_vidu_wbt_bankx_wb1_reg[4:0],397,0.01322055346498385,0.6512630730478588,1.207508758083396,0.11838790931989925,0.030191696279817208,5
x_aq_vidu_top/x_aq_vidu_vid_wbt_fp/vpu_vidu_wbt_bankx_wb1_vld,0,0.0,0.0,0.0,0.0,,0
x_aq_vidu_top/x_aq_vidu_vid_wbt_fp/wbt_ctrl_bankx_srcvm_info[2:0],1,3.330114222917846e-05,1.187,2.200820152656901,0.0,0.012715280083722025,1
x_aq_vidu_top/x_aq_vidu_vid_wbt_fp/wbt_top_bankx_gpr_no_wb,20,0.0006660228445835693,0.9123800000000001,1.6916464118627663,0.4,0.01546896413233101,1
x_aq_vidu_top/x_aq_vidu_vid_wbt_fp/create_clk,0,0.0,0.0,0.0,0.0,,0
x_aq_vidu_top/x_aq_vidu_vid_wbt_fp/create_clk_en,16,0.0005328182756668553,0.8706375000000001,1.6142515211953015,0.5,0.021212819368267383,1
x_aq_vidu_top/x_aq_vidu_vid_wbt_fp/create_en[31:0],26,0.00086582969795864,0.6187076923076922,1.1471477319583945,0.15384615384615385,0.025322746877184523,2
x_aq_vidu_top/x_aq_vidu_vid_wbt_fp/dp_wbt_bankx_dstv_reg_expand[31:0],2730,0.09091211828565719,0.6525155201465201,1.2098309238920486,0.18461538461538463,0.015685015115453033,3
x_aq_vidu_top/x_aq_vidu_vid_wbt_fp/read_data_0[2:0],1,3.330114222917846e-05,1.187,2.200820152656901,0.0,0.012715280083722025,1
x_aq_vidu_top/x_aq_vidu_vid_wbt_fp/read_data_1[2:0],1,3.330114222917846e-05,1.187,2.200820152656901,0.0,0.012715280083722025,1
x_aq_vidu_top/x_aq_vidu_vid_wbt_fp/read_data_10[2:0],1,3.330114222917846e-05,1.187,2.200820152656901,0.0,0.012715280083722025,1
x_aq_vidu_top/x_aq_vidu_vid_wbt_fp/read_data_11[2:0],1,3.330114222917846e-05,1.187,2.200820152656901,0.0,0.012715280083722025,1
x_aq_vidu_top/x_aq_vidu_vid_wbt_fp/read_data_12[2:0],11,0.00036631256452096306,0.7477272727272726,1.386363311296853,0.0,-0.036996917784624384,1
x_aq_vidu_top/x_aq_vidu_vid_wbt_fp/read_data_13[2:0],7,0.00023310799560424922,1.3442914285714285,2.4924546478887404,0.7142857142857143,0.01431496705520538,2
x_aq_vidu_top/x_aq_vidu_vid_wbt_fp/read_data_14[2:0],7,0.00023310799560424922,0.5808571428571426,1.0769689181252806,0.14285714285714285,-0.015926814565034923,1
x_aq_vidu_top/x_aq_vidu_vid_wbt_fp/read_data_15[2:0],1,3.330114222917846e-05,1.187,2.200820152656901,0.0,0.012715280083722025,1
x_aq_vidu_top/x_aq_vidu_vid_wbt_fp/read_data_16[2:0],1,3.330114222917846e-05,1.187,2.200820152656901,0.0,0.012715280083722025,1
x_aq_vidu_top/x_aq_vidu_vid_wbt_fp/read_data_17[2:0],1,3.330114222917846e-05,1.187,2.200820152656901,0.0,0.012715280083722025,1
x_aq_vidu_top/x_aq_vidu_vid_wbt_fp/read_data_18[2:0],1,3.330114222917846e-05,1.187,2.200820152656901,0.0,0.012715280083722025,1
x_aq_vidu_top/x_aq_vidu_vid_wbt_fp/read_data_19[2:0],13,0.00043291484897932,0.7908338461538461,1.4662873344722425,0.38461538461538464,0.008626861481956962,2
x_aq_vidu_top/x_aq_vidu_vid_wbt_fp/read_data_2[2:0],1,3.330114222917846e-05,1.187,2.200820152656901,0.0,0.012715280083722025,1
x_aq_vidu_top/x_aq_vidu_vid_wbt_fp/read_data_20[2:0],7,0.00023310799560424922,0.9752857142857143,1.8082800796953502,0.2857142857142857,0.004937429834592415,2
x_aq_vidu_top/x_aq_vidu_vid_wbt_fp/read_data_21[2:0],1,3.330114222917846e-05,1.187,2.200820152656901,0.0,0.012715280083722025,1
x_aq_vidu_top/x_aq_vidu_vid_wbt_fp/read_data_22[2:0],1,3.330114222917846e-05,1.187,2.200820152656901,0.0,0.012715280083722025,1
x_aq_vidu_top/x_aq_vidu_vid_wbt_fp/read_data_23[2:0],1,3.330114222917846e-05,1.187,2.200820152656901,0.0,0.012715280083722025,1
x_aq_vidu_top/x_aq_vidu_vid_wbt_fp/read_data_24[2:0],1,3.330114222917846e-05,1.187,2.200820152656901,0.0,0.012715280083722025,1
x_aq_vidu_top/x_aq_vidu_vid_wbt_fp/read_data_25[2:0],1,3.330114222917846e-05,1.187,2.200820152656901,0.0,0.012715280083722025,1
x_aq_vidu_top/x_aq_vidu_vid_wbt_fp/read_data_26[2:0],1,3.330114222917846e-05,1.187,2.200820152656901,0.0,0.012715280083722025,1
x_aq_vidu_top/x_aq_vidu_vid_wbt_fp/read_data_27[2:0],1,3.330114222917846e-05,1.187,2.200820152656901,0.0,0.012715280083722025,1
x_aq_vidu_top/x_aq_vidu_vid_wbt_fp/read_data_28[2:0],1,3.330114222917846e-05,1.187,2.200820152656901,0.0,0.012715280083722025,1
x_aq_vidu_top/x_aq_vidu_vid_wbt_fp/read_data_29[2:0],1,3.330114222917846e-05,1.187,2.200820152656901,0.0,0.012715280083722025,1
x_aq_vidu_top/x_aq_vidu_vid_wbt_fp/read_data_3[2:0],1,3.330114222917846e-05,1.187,2.200820152656901,0.0,0.012715280083722025,1
x_aq_vidu_top/x_aq_vidu_vid_wbt_fp/read_data_30[2:0],1,3.330114222917846e-05,1.187,2.200820152656901,0.0,0.012715280083722025,1
x_aq_vidu_top/x_aq_vidu_vid_wbt_fp/read_data_31[2:0],1,3.330114222917846e-05,1.187,2.200820152656901,0.0,0.012715280083722025,1
x_aq_vidu_top/x_aq_vidu_vid_wbt_fp/read_data_4[2:0],1,3.330114222917846e-05,1.187,2.200820152656901,0.0,0.012715280083722025,1
x_aq_vidu_top/x_aq_vidu_vid_wbt_fp/read_data_5[2:0],1,3.330114222917846e-05,1.187,2.200820152656901,0.0,0.012715280083722025,1
x_aq_vidu_top/x_aq_vidu_vid_wbt_fp/read_data_6[2:0],1,3.330114222917846e-05,1.187,2.200820152656901,0.0,0.012715280083722025,1
x_aq_vidu_top/x_aq_vidu_vid_wbt_fp/read_data_7[2:0],1,3.330114222917846e-05,1.187,2.200820152656901,0.0,0.012715280083722025,1
x_aq_vidu_top/x_aq_vidu_vid_wbt_fp/read_data_8[2:0],1,3.330114222917846e-05,1.187,2.200820152656901,0.0,0.012715280083722025,1
x_aq_vidu_top/x_aq_vidu_vid_wbt_fp/read_data_9[2:0],1,3.330114222917846e-05,1.187,2.200820152656901,0.0,0.012715280083722025,1
x_aq_vidu_top/x_aq_vidu_vid_wbt_fp/vpu_vidu_wbt_bankx_wb0_reg_expand[31:0],32,0.0010656365513337107,0.9546228125,1.7699689333917528,0.4375,0.02474722744153586,3
x_aq_vidu_top/x_aq_vidu_vid_wbt_fp/vpu_vidu_wbt_bankx_wb1_reg_expand[31:0],421,0.014019780878484132,0.6456922565320664,1.1971798909774907,0.12589073634204276,0.004286983952426041,3
x_aq_vidu_top/x_aq_vidu_vid_wbt_fp/wb_clk,0,0.0,0.0,0.0,0.0,,0
x_aq_vidu_top/x_aq_vidu_vid_wbt_fp/wb_clk_en,16,0.0005328182756668553,0.8706375000000001,1.6142515211953015,0.5,0.021212819368267383,1
x_aq_vidu_top/x_aq_vidu_vid_wbt_fp/wb_debug[31:0],65,0.0021645742448966,0.7882358461538461,1.4614703751153744,0.26153846153846155,0.012708085003175698,32
x_aq_vidu_top/x_aq_vidu_vid_wbt_fp/wb_en[31:0],32,0.0010656365513337107,0.6721190625,1.2461779087909548,0.34375,0.03669656946300215,1
x_aq_vidu_top/x_aq_vidu_vid_wbt_fp/wbt_create_dstv_reg[31:0],26,0.00086582969795864,0.6187076923076922,1.1471477319583945,0.15384615384615385,0.025322746877184523,2
x_aq_vidu_top/x_aq_vidu_vid_wbt_fp/x_create_clk_gated_clk_cell/clk_in,0,0.0,0.0,0.0,0.0,,0
x_aq_vidu_top/x_aq_vidu_vid_wbt_fp/x_create_clk_gated_clk_cell/global_en,1,3.330114222917846e-05,1.187,2.200820152656901,0.0,0.012715280083722025,1
x_aq_vidu_top/x_aq_vidu_vid_wbt_fp/x_create_clk_gated_clk_cell/module_en,0,0.0,0.0,0.0,0.0,,0
x_aq_vidu_top/x_aq_vidu_vid_wbt_fp/x_create_clk_gated_clk_cell/local_en,16,0.0005328182756668553,0.8706375000000001,1.6142515211953015,0.5,0.021212819368267383,1
x_aq_vidu_top/x_aq_vidu_vid_wbt_fp/x_create_clk_gated_clk_cell/external_en,0,0.0,0.0,0.0,0.0,,0
x_aq_vidu_top/x_aq_vidu_vid_wbt_fp/x_create_clk_gated_clk_cell/pad_yy_icg_scan_en,0,0.0,0.0,0.0,0.0,,0
x_aq_vidu_top/x_aq_vidu_vid_wbt_fp/x_create_clk_gated_clk_cell/clk_out,0,0.0,0.0,0.0,0.0,,0
x_aq_vidu_top/x_aq_vidu_vid_wbt_fp/x_create_clk_gated_clk_cell/clk_en_bf_latch,16,0.0005328182756668553,0.8706375000000001,1.6142515211953015,0.5,0.021212819368267383,1
x_aq_vidu_top/x_aq_vidu_vid_wbt_fp/x_create_clk_gated_clk_cell/SE,0,0.0,0.0,0.0,0.0,,0
x_aq_vidu_top/x_aq_vidu_vid_wbt_fp/x_wb_clk_gated_clk_cell/clk_in,0,0.0,0.0,0.0,0.0,,0
x_aq_vidu_top/x_aq_vidu_vid_wbt_fp/x_wb_clk_gated_clk_cell/global_en,1,3.330114222917846e-05,1.187,2.200820152656901,0.0,0.012715280083722025,1
x_aq_vidu_top/x_aq_vidu_vid_wbt_fp/x_wb_clk_gated_clk_cell/module_en,0,0.0,0.0,0.0,0.0,,0
x_aq_vidu_top/x_aq_vidu_vid_wbt_fp/x_wb_clk_gated_clk_cell/local_en,16,0.0005328182756668553,0.8706375000000001,1.6142515211953015,0.5,0.021212819368267383,1
x_aq_vidu_top/x_aq_vidu_vid_wbt_fp/x_wb_clk_gated_clk_cell/external_en,0,0.0,0.0,0.0,0.0,,0
x_aq_vidu_top/x_aq_vidu_vid_wbt_fp/x_wb_clk_gated_clk_cell/pad_yy_icg_scan_en,0,0.0,0.0,0.0,0.0,,0
x_aq_vidu_top/x_aq_vidu_vid_wbt_fp/x_wb_clk_gated_clk_cell/clk_out,0,0.0,0.0,0.0,0.0,,0
x_aq_vidu_top/x_aq_vidu_vid_wbt_fp/x_wb_clk_gated_clk_cell/clk_en_bf_latch,16,0.0005328182756668553,0.8706375000000001,1.6142515211953015,0.5,0.021212819368267383,1
x_aq_vidu_top/x_aq_vidu_vid_wbt_fp/x_wb_clk_gated_clk_cell/SE,0,0.0,0.0,0.0,0.0,,0
x_aq_vidu_top/x_aq_vidu_vid_wbt_fp/x_aq_vidu_vid_wbt_entry_reg_0/cpurst_b,3,9.990342668753538e-05,0.5556666666666668,1.0302631829483446,0.0,0.004974988306899891,1
x_aq_vidu_top/x_aq_vidu_vid_wbt_fp/x_aq_vidu_vid_wbt_entry_reg_0/create_clk,0,0.0,0.0,0.0,0.0,,0
x_aq_vidu_top/x_aq_vidu_vid_wbt_fp/x_aq_vidu_vid_wbt_entry_reg_0/create_en_x,0,0.0,0.0,0.0,0.0,,0
x_aq_vidu_top/x_aq_vidu_vid_wbt_fp/x_aq_vidu_vid_wbt_entry_reg_0/dp_wbt_bankx_dstv_type,226,0.007526058143794332,0.7067498230088496,1.3103869025817811,0.19469026548672566,-0.04941448445433761,1
x_aq_vidu_top/x_aq_vidu_vid_wbt_fp/x_aq_vidu_vid_wbt_entry_reg_0/read_data_y[2:0],1,3.330114222917846e-05,1.187,2.200820152656901,0.0,0.012715280083722025,1
x_aq_vidu_top/x_aq_vidu_vid_wbt_fp/x_aq_vidu_vid_wbt_entry_reg_0/rtu_vidu_flush_wbt,0,0.0,0.0,0.0,0.0,,0
x_aq_vidu_top/x_aq_vidu_vid_wbt_fp/x_aq_vidu_vid_wbt_entry_reg_0/rtu_yy_xx_async_flush,0,0.0,0.0,0.0,0.0,,0
x_aq_vidu_top/x_aq_vidu_vid_wbt_fp/x_aq_vidu_vid_wbt_entry_reg_0/wb_clk,0,0.0,0.0,0.0,0.0,,0
x_aq_vidu_top/x_aq_vidu_vid_wbt_fp/x_aq_vidu_vid_wbt_entry_reg_0/wb_debug_x,1,3.330114222917846e-05,1.187,2.200820152656901,0.0,0.012715280083722025,1
x_aq_vidu_top/x_aq_vidu_vid_wbt_fp/x_aq_vidu_vid_wbt_entry_reg_0/wb_en_x,0,0.0,0.0,0.0,0.0,,0
x_aq_vidu_top/x_aq_vidu_vid_wbt_fp/x_aq_vidu_vid_wbt_entry_reg_0/cnt_update_val,0,0.0,0.0,0.0,0.0,,0
x_aq_vidu_top/x_aq_vidu_vid_wbt_fp/x_aq_vidu_vid_wbt_entry_reg_1/cpurst_b,3,9.990342668753538e-05,0.5556666666666668,1.0302631829483446,0.0,0.004974988306899891,1
x_aq_vidu_top/x_aq_vidu_vid_wbt_fp/x_aq_vidu_vid_wbt_entry_reg_1/create_clk,0,0.0,0.0,0.0,0.0,,0
x_aq_vidu_top/x_aq_vidu_vid_wbt_fp/x_aq_vidu_vid_wbt_entry_reg_1/create_en_x,0,0.0,0.0,0.0,0.0,,0
x_aq_vidu_top/x_aq_vidu_vid_wbt_fp/x_aq_vidu_vid_wbt_entry_reg_1/dp_wbt_bankx_dstv_type,226,0.007526058143794332,0.7067498230088496,1.3103869025817811,0.19469026548672566,-0.04941448445433761,1
x_aq_vidu_top/x_aq_vidu_vid_wbt_fp/x_aq_vidu_vid_wbt_entry_reg_1/read_data_y[2:0],1,3.330114222917846e-05,1.187,2.200820152656901,0.0,0.012715280083722025,1
x_aq_vidu_top/x_aq_vidu_vid_wbt_fp/x_aq_vidu_vid_wbt_entry_reg_1/rtu_vidu_flush_wbt,0,0.0,0.0,0.0,0.0,,0
x_aq_vidu_top/x_aq_vidu_vid_wbt_fp/x_aq_vidu_vid_wbt_entry_reg_1/rtu_yy_xx_async_flush,0,0.0,0.0,0.0,0.0,,0
x_aq_vidu_top/x_aq_vidu_vid_wbt_fp/x_aq_vidu_vid_wbt_entry_reg_1/wb_clk,0,0.0,0.0,0.0,0.0,,0
x_aq_vidu_top/x_aq_vidu_vid_wbt_fp/x_aq_vidu_vid_wbt_entry_reg_1/wb_debug_x,1,3.330114222917846e-05,1.187,2.200820152656901,0.0,0.012715280083722025,1
x_aq_vidu_top/x_aq_vidu_vid_wbt_fp/x_aq_vidu_vid_wbt_entry_reg_1/wb_en_x,0,0.0,0.0,0.0,0.0,,0
x_aq_vidu_top/x_aq_vidu_vid_wbt_fp/x_aq_vidu_vid_wbt_entry_reg_1/cnt_update_val,0,0.0,0.0,0.0,0.0,,0
x_aq_vidu_top/x_aq_vidu_vid_wbt_fp/x_aq_vidu_vid_wbt_entry_reg_2/cpurst_b,3,9.990342668753538e-05,0.5556666666666668,1.0302631829483446,0.0,0.004974988306899891,1
x_aq_vidu_top/x_aq_vidu_vid_wbt_fp/x_aq_vidu_vid_wbt_entry_reg_2/create_clk,0,0.0,0.0,0.0,0.0,,0
x_aq_vidu_top/x_aq_vidu_vid_wbt_fp/x_aq_vidu_vid_wbt_entry_reg_2/create_en_x,0,0.0,0.0,0.0,0.0,,0
x_aq_vidu_top/x_aq_vidu_vid_wbt_fp/x_aq_vidu_vid_wbt_entry_reg_2/dp_wbt_bankx_dstv_type,226,0.007526058143794332,0.7067498230088496,1.3103869025817811,0.19469026548672566,-0.04941448445433761,1
x_aq_vidu_top/x_aq_vidu_vid_wbt_fp/x_aq_vidu_vid_wbt_entry_reg_2/read_data_y[2:0],1,3.330114222917846e-05,1.187,2.200820152656901,0.0,0.012715280083722025,1
x_aq_vidu_top/x_aq_vidu_vid_wbt_fp/x_aq_vidu_vid_wbt_entry_reg_2/rtu_vidu_flush_wbt,0,0.0,0.0,0.0,0.0,,0
x_aq_vidu_top/x_aq_vidu_vid_wbt_fp/x_aq_vidu_vid_wbt_entry_reg_2/rtu_yy_xx_async_flush,0,0.0,0.0,0.0,0.0,,0
x_aq_vidu_top/x_aq_vidu_vid_wbt_fp/x_aq_vidu_vid_wbt_entry_reg_2/wb_clk,0,0.0,0.0,0.0,0.0,,0
x_aq_vidu_top/x_aq_vidu_vid_wbt_fp/x_aq_vidu_vid_wbt_entry_reg_2/wb_debug_x,1,3.330114222917846e-05,1.187,2.200820152656901,0.0,0.012715280083722025,1
x_aq_vidu_top/x_aq_vidu_vid_wbt_fp/x_aq_vidu_vid_wbt_entry_reg_2/wb_en_x,0,0.0,0.0,0.0,0.0,,0
x_aq_vidu_top/x_aq_vidu_vid_wbt_fp/x_aq_vidu_vid_wbt_entry_reg_2/cnt_update_val,0,0.0,0.0,0.0,0.0,,0
x_aq_vidu_top/x_aq_vidu_vid_wbt_fp/x_aq_vidu_vid_wbt_entry_reg_3/cpurst_b,3,9.990342668753538e-05,0.5556666666666668,1.0302631829483446,0.0,0.004974988306899891,1
x_aq_vidu_top/x_aq_vidu_vid_wbt_fp/x_aq_vidu_vid_wbt_entry_reg_3/create_clk,0,0.0,0.0,0.0,0.0,,0
x_aq_vidu_top/x_aq_vidu_vid_wbt_fp/x_aq_vidu_vid_wbt_entry_reg_3/create_en_x,0,0.0,0.0,0.0,0.0,,0
x_aq_vidu_top/x_aq_vidu_vid_wbt_fp/x_aq_vidu_vid_wbt_entry_reg_3/dp_wbt_bankx_dstv_type,226,0.007526058143794332,0.7067498230088496,1.3103869025817811,0.19469026548672566,-0.04941448445433761,1
x_aq_vidu_top/x_aq_vidu_vid_wbt_fp/x_aq_vidu_vid_wbt_entry_reg_3/read_data_y[2:0],1,3.330114222917846e-05,1.187,2.200820152656901,0.0,0.012715280083722025,1
x_aq_vidu_top/x_aq_vidu_vid_wbt_fp/x_aq_vidu_vid_wbt_entry_reg_3/rtu_vidu_flush_wbt,0,0.0,0.0,0.0,0.0,,0
x_aq_vidu_top/x_aq_vidu_vid_wbt_fp/x_aq_vidu_vid_wbt_entry_reg_3/rtu_yy_xx_async_flush,0,0.0,0.0,0.0,0.0,,0
x_aq_vidu_top/x_aq_vidu_vid_wbt_fp/x_aq_vidu_vid_wbt_entry_reg_3/wb_clk,0,0.0,0.0,0.0,0.0,,0
x_aq_vidu_top/x_aq_vidu_vid_wbt_fp/x_aq_vidu_vid_wbt_entry_reg_3/wb_debug_x,1,3.330114222917846e-05,1.187,2.200820152656901,0.0,0.012715280083722025,1
x_aq_vidu_top/x_aq_vidu_vid_wbt_fp/x_aq_vidu_vid_wbt_entry_reg_3/wb_en_x,0,0.0,0.0,0.0,0.0,,0
x_aq_vidu_top/x_aq_vidu_vid_wbt_fp/x_aq_vidu_vid_wbt_entry_reg_3/cnt_update_val,0,0.0,0.0,0.0,0.0,,0
x_aq_vidu_top/x_aq_vidu_vid_wbt_fp/x_aq_vidu_vid_wbt_entry_reg_4/cpurst_b,3,9.990342668753538e-05,0.5556666666666668,1.0302631829483446,0.0,0.004974988306899891,1
x_aq_vidu_top/x_aq_vidu_vid_wbt_fp/x_aq_vidu_vid_wbt_entry_reg_4/create_clk,0,0.0,0.0,0.0,0.0,,0
x_aq_vidu_top/x_aq_vidu_vid_wbt_fp/x_aq_vidu_vid_wbt_entry_reg_4/create_en_x,0,0.0,0.0,0.0,0.0,,0
x_aq_vidu_top/x_aq_vidu_vid_wbt_fp/x_aq_vidu_vid_wbt_entry_reg_4/dp_wbt_bankx_dstv_type,226,0.007526058143794332,0.7067498230088496,1.3103869025817811,0.19469026548672566,-0.04941448445433761,1
x_aq_vidu_top/x_aq_vidu_vid_wbt_fp/x_aq_vidu_vid_wbt_entry_reg_4/read_data_y[2:0],1,3.330114222917846e-05,1.187,2.200820152656901,0.0,0.012715280083722025,1
x_aq_vidu_top/x_aq_vidu_vid_wbt_fp/x_aq_vidu_vid_wbt_entry_reg_4/rtu_vidu_flush_wbt,0,0.0,0.0,0.0,0.0,,0
x_aq_vidu_top/x_aq_vidu_vid_wbt_fp/x_aq_vidu_vid_wbt_entry_reg_4/rtu_yy_xx_async_flush,0,0.0,0.0,0.0,0.0,,0
x_aq_vidu_top/x_aq_vidu_vid_wbt_fp/x_aq_vidu_vid_wbt_entry_reg_4/wb_clk,0,0.0,0.0,0.0,0.0,,0
x_aq_vidu_top/x_aq_vidu_vid_wbt_fp/x_aq_vidu_vid_wbt_entry_reg_4/wb_debug_x,1,3.330114222917846e-05,1.187,2.200820152656901,0.0,0.012715280083722025,1
x_aq_vidu_top/x_aq_vidu_vid_wbt_fp/x_aq_vidu_vid_wbt_entry_reg_4/wb_en_x,0,0.0,0.0,0.0,0.0,,0
x_aq_vidu_top/x_aq_vidu_vid_wbt_fp/x_aq_vidu_vid_wbt_entry_reg_4/cnt_update_val,0,0.0,0.0,0.0,0.0,,0
x_aq_vidu_top/x_aq_vidu_vid_wbt_fp/x_aq_vidu_vid_wbt_entry_reg_5/cpurst_b,3,9.990342668753538e-05,0.5556666666666668,1.0302631829483446,0.0,0.004974988306899891,1
x_aq_vidu_top/x_aq_vidu_vid_wbt_fp/x_aq_vidu_vid_wbt_entry_reg_5/create_clk,0,0.0,0.0,0.0,0.0,,0
x_aq_vidu_top/x_aq_vidu_vid_wbt_fp/x_aq_vidu_vid_wbt_entry_reg_5/create_en_x,0,0.0,0.0,0.0,0.0,,0
x_aq_vidu_top/x_aq_vidu_vid_wbt_fp/x_aq_vidu_vid_wbt_entry_reg_5/dp_wbt_bankx_dstv_type,226,0.007526058143794332,0.7067498230088496,1.3103869025817811,0.19469026548672566,-0.04941448445433761,1
x_aq_vidu_top/x_aq_vidu_vid_wbt_fp/x_aq_vidu_vid_wbt_entry_reg_5/read_data_y[2:0],1,3.330114222917846e-05,1.187,2.200820152656901,0.0,0.012715280083722025,1
x_aq_vidu_top/x_aq_vidu_vid_wbt_fp/x_aq_vidu_vid_wbt_entry_reg_5/rtu_vidu_flush_wbt,0,0.0,0.0,0.0,0.0,,0
x_aq_vidu_top/x_aq_vidu_vid_wbt_fp/x_aq_vidu_vid_wbt_entry_reg_5/rtu_yy_xx_async_flush,0,0.0,0.0,0.0,0.0,,0
x_aq_vidu_top/x_aq_vidu_vid_wbt_fp/x_aq_vidu_vid_wbt_entry_reg_5/wb_clk,0,0.0,0.0,0.0,0.0,,0
x_aq_vidu_top/x_aq_vidu_vid_wbt_fp/x_aq_vidu_vid_wbt_entry_reg_5/wb_debug_x,1,3.330114222917846e-05,1.187,2.200820152656901,0.0,0.012715280083722025,1
x_aq_vidu_top/x_aq_vidu_vid_wbt_fp/x_aq_vidu_vid_wbt_entry_reg_5/wb_en_x,0,0.0,0.0,0.0,0.0,,0
x_aq_vidu_top/x_aq_vidu_vid_wbt_fp/x_aq_vidu_vid_wbt_entry_reg_5/cnt_update_val,0,0.0,0.0,0.0,0.0,,0
x_aq_vidu_top/x_aq_vidu_vid_wbt_fp/x_aq_vidu_vid_wbt_entry_reg_6/cpurst_b,3,9.990342668753538e-05,0.5556666666666668,1.0302631829483446,0.0,0.004974988306899891,1
x_aq_vidu_top/x_aq_vidu_vid_wbt_fp/x_aq_vidu_vid_wbt_entry_reg_6/create_clk,0,0.0,0.0,0.0,0.0,,0
x_aq_vidu_top/x_aq_vidu_vid_wbt_fp/x_aq_vidu_vid_wbt_entry_reg_6/create_en_x,0,0.0,0.0,0.0,0.0,,0
x_aq_vidu_top/x_aq_vidu_vid_wbt_fp/x_aq_vidu_vid_wbt_entry_reg_6/dp_wbt_bankx_dstv_type,226,0.007526058143794332,0.7067498230088496,1.3103869025817811,0.19469026548672566,-0.04941448445433761,1
x_aq_vidu_top/x_aq_vidu_vid_wbt_fp/x_aq_vidu_vid_wbt_entry_reg_6/read_data_y[2:0],1,3.330114222917846e-05,1.187,2.200820152656901,0.0,0.012715280083722025,1
x_aq_vidu_top/x_aq_vidu_vid_wbt_fp/x_aq_vidu_vid_wbt_entry_reg_6/rtu_vidu_flush_wbt,0,0.0,0.0,0.0,0.0,,0
x_aq_vidu_top/x_aq_vidu_vid_wbt_fp/x_aq_vidu_vid_wbt_entry_reg_6/rtu_yy_xx_async_flush,0,0.0,0.0,0.0,0.0,,0
x_aq_vidu_top/x_aq_vidu_vid_wbt_fp/x_aq_vidu_vid_wbt_entry_reg_6/wb_clk,0,0.0,0.0,0.0,0.0,,0
x_aq_vidu_top/x_aq_vidu_vid_wbt_fp/x_aq_vidu_vid_wbt_entry_reg_6/wb_debug_x,1,3.330114222917846e-05,1.187,2.200820152656901,0.0,0.012715280083722025,1
x_aq_vidu_top/x_aq_vidu_vid_wbt_fp/x_aq_vidu_vid_wbt_entry_reg_6/wb_en_x,0,0.0,0.0,0.0,0.0,,0
x_aq_vidu_top/x_aq_vidu_vid_wbt_fp/x_aq_vidu_vid_wbt_entry_reg_6/cnt_update_val,0,0.0,0.0,0.0,0.0,,0
x_aq_vidu_top/x_aq_vidu_vid_wbt_fp/x_aq_vidu_vid_wbt_entry_reg_7/cpurst_b,3,9.990342668753538e-05,0.5556666666666668,1.0302631829483446,0.0,0.004974988306899891,1
x_aq_vidu_top/x_aq_vidu_vid_wbt_fp/x_aq_vidu_vid_wbt_entry_reg_7/create_clk,0,0.0,0.0,0.0,0.0,,0
x_aq_vidu_top/x_aq_vidu_vid_wbt_fp/x_aq_vidu_vid_wbt_entry_reg_7/create_en_x,0,0.0,0.0,0.0,0.0,,0
x_aq_vidu_top/x_aq_vidu_vid_wbt_fp/x_aq_vidu_vid_wbt_entry_reg_7/dp_wbt_bankx_dstv_type,226,0.007526058143794332,0.7067498230088496,1.3103869025817811,0.19469026548672566,-0.04941448445433761,1
x_aq_vidu_top/x_aq_vidu_vid_wbt_fp/x_aq_vidu_vid_wbt_entry_reg_7/read_data_y[2:0],1,3.330114222917846e-05,1.187,2.200820152656901,0.0,0.012715280083722025,1
x_aq_vidu_top/x_aq_vidu_vid_wbt_fp/x_aq_vidu_vid_wbt_entry_reg_7/rtu_vidu_flush_wbt,0,0.0,0.0,0.0,0.0,,0
x_aq_vidu_top/x_aq_vidu_vid_wbt_fp/x_aq_vidu_vid_wbt_entry_reg_7/rtu_yy_xx_async_flush,0,0.0,0.0,0.0,0.0,,0
x_aq_vidu_top/x_aq_vidu_vid_wbt_fp/x_aq_vidu_vid_wbt_entry_reg_7/wb_clk,0,0.0,0.0,0.0,0.0,,0
x_aq_vidu_top/x_aq_vidu_vid_wbt_fp/x_aq_vidu_vid_wbt_entry_reg_7/wb_debug_x,1,3.330114222917846e-05,1.187,2.200820152656901,0.0,0.012715280083722025,1
x_aq_vidu_top/x_aq_vidu_vid_wbt_fp/x_aq_vidu_vid_wbt_entry_reg_7/wb_en_x,0,0.0,0.0,0.0,0.0,,0
x_aq_vidu_top/x_aq_vidu_vid_wbt_fp/x_aq_vidu_vid_wbt_entry_reg_7/cnt_update_val,0,0.0,0.0,0.0,0.0,,0
x_aq_vidu_top/x_aq_vidu_vid_wbt_fp/x_aq_vidu_vid_wbt_entry_reg_8/cpurst_b,3,9.990342668753538e-05,0.5556666666666668,1.0302631829483446,0.0,0.004974988306899891,1
x_aq_vidu_top/x_aq_vidu_vid_wbt_fp/x_aq_vidu_vid_wbt_entry_reg_8/create_clk,0,0.0,0.0,0.0,0.0,,0
x_aq_vidu_top/x_aq_vidu_vid_wbt_fp/x_aq_vidu_vid_wbt_entry_reg_8/create_en_x,0,0.0,0.0,0.0,0.0,,0
x_aq_vidu_top/x_aq_vidu_vid_wbt_fp/x_aq_vidu_vid_wbt_entry_reg_8/dp_wbt_bankx_dstv_type,226,0.007526058143794332,0.7067498230088496,1.3103869025817811,0.19469026548672566,-0.04941448445433761,1
x_aq_vidu_top/x_aq_vidu_vid_wbt_fp/x_aq_vidu_vid_wbt_entry_reg_8/read_data_y[2:0],1,3.330114222917846e-05,1.187,2.200820152656901,0.0,0.012715280083722025,1
x_aq_vidu_top/x_aq_vidu_vid_wbt_fp/x_aq_vidu_vid_wbt_entry_reg_8/rtu_vidu_flush_wbt,0,0.0,0.0,0.0,0.0,,0
x_aq_vidu_top/x_aq_vidu_vid_wbt_fp/x_aq_vidu_vid_wbt_entry_reg_8/rtu_yy_xx_async_flush,0,0.0,0.0,0.0,0.0,,0
x_aq_vidu_top/x_aq_vidu_vid_wbt_fp/x_aq_vidu_vid_wbt_entry_reg_8/wb_clk,0,0.0,0.0,0.0,0.0,,0
x_aq_vidu_top/x_aq_vidu_vid_wbt_fp/x_aq_vidu_vid_wbt_entry_reg_8/wb_debug_x,1,3.330114222917846e-05,1.187,2.200820152656901,0.0,0.012715280083722025,1
x_aq_vidu_top/x_aq_vidu_vid_wbt_fp/x_aq_vidu_vid_wbt_entry_reg_8/wb_en_x,0,0.0,0.0,0.0,0.0,,0
x_aq_vidu_top/x_aq_vidu_vid_wbt_fp/x_aq_vidu_vid_wbt_entry_reg_8/cnt_update_val,0,0.0,0.0,0.0,0.0,,0
x_aq_vidu_top/x_aq_vidu_vid_wbt_fp/x_aq_vidu_vid_wbt_entry_reg_9/cpurst_b,3,9.990342668753538e-05,0.5556666666666668,1.0302631829483446,0.0,0.004974988306899891,1
x_aq_vidu_top/x_aq_vidu_vid_wbt_fp/x_aq_vidu_vid_wbt_entry_reg_9/create_clk,0,0.0,0.0,0.0,0.0,,0
x_aq_vidu_top/x_aq_vidu_vid_wbt_fp/x_aq_vidu_vid_wbt_entry_reg_9/create_en_x,0,0.0,0.0,0.0,0.0,,0
x_aq_vidu_top/x_aq_vidu_vid_wbt_fp/x_aq_vidu_vid_wbt_entry_reg_9/dp_wbt_bankx_dstv_type,226,0.007526058143794332,0.7067498230088496,1.3103869025817811,0.19469026548672566,-0.04941448445433761,1
x_aq_vidu_top/x_aq_vidu_vid_wbt_fp/x_aq_vidu_vid_wbt_entry_reg_9/read_data_y[2:0],1,3.330114222917846e-05,1.187,2.200820152656901,0.0,0.012715280083722025,1
x_aq_vidu_top/x_aq_vidu_vid_wbt_fp/x_aq_vidu_vid_wbt_entry_reg_9/rtu_vidu_flush_wbt,0,0.0,0.0,0.0,0.0,,0
x_aq_vidu_top/x_aq_vidu_vid_wbt_fp/x_aq_vidu_vid_wbt_entry_reg_9/rtu_yy_xx_async_flush,0,0.0,0.0,0.0,0.0,,0
x_aq_vidu_top/x_aq_vidu_vid_wbt_fp/x_aq_vidu_vid_wbt_entry_reg_9/wb_clk,0,0.0,0.0,0.0,0.0,,0
x_aq_vidu_top/x_aq_vidu_vid_wbt_fp/x_aq_vidu_vid_wbt_entry_reg_9/wb_debug_x,1,3.330114222917846e-05,1.187,2.200820152656901,0.0,0.012715280083722025,1
x_aq_vidu_top/x_aq_vidu_vid_wbt_fp/x_aq_vidu_vid_wbt_entry_reg_9/wb_en_x,0,0.0,0.0,0.0,0.0,,0
x_aq_vidu_top/x_aq_vidu_vid_wbt_fp/x_aq_vidu_vid_wbt_entry_reg_9/cnt_update_val,0,0.0,0.0,0.0,0.0,,0
x_aq_vidu_top/x_aq_vidu_vid_wbt_fp/x_aq_vidu_vid_wbt_entry_reg_10/cpurst_b,3,9.990342668753538e-05,0.5556666666666668,1.0302631829483446,0.0,0.004974988306899891,1
x_aq_vidu_top/x_aq_vidu_vid_wbt_fp/x_aq_vidu_vid_wbt_entry_reg_10/create_clk,0,0.0,0.0,0.0,0.0,,0
x_aq_vidu_top/x_aq_vidu_vid_wbt_fp/x_aq_vidu_vid_wbt_entry_reg_10/create_en_x,0,0.0,0.0,0.0,0.0,,0
x_aq_vidu_top/x_aq_vidu_vid_wbt_fp/x_aq_vidu_vid_wbt_entry_reg_10/dp_wbt_bankx_dstv_type,226,0.007526058143794332,0.7067498230088496,1.3103869025817811,0.19469026548672566,-0.04941448445433761,1
x_aq_vidu_top/x_aq_vidu_vid_wbt_fp/x_aq_vidu_vid_wbt_entry_reg_10/read_data_y[2:0],1,3.330114222917846e-05,1.187,2.200820152656901,0.0,0.012715280083722025,1
x_aq_vidu_top/x_aq_vidu_vid_wbt_fp/x_aq_vidu_vid_wbt_entry_reg_10/rtu_vidu_flush_wbt,0,0.0,0.0,0.0,0.0,,0
x_aq_vidu_top/x_aq_vidu_vid_wbt_fp/x_aq_vidu_vid_wbt_entry_reg_10/rtu_yy_xx_async_flush,0,0.0,0.0,0.0,0.0,,0
x_aq_vidu_top/x_aq_vidu_vid_wbt_fp/x_aq_vidu_vid_wbt_entry_reg_10/wb_clk,0,0.0,0.0,0.0,0.0,,0
x_aq_vidu_top/x_aq_vidu_vid_wbt_fp/x_aq_vidu_vid_wbt_entry_reg_10/wb_debug_x,1,3.330114222917846e-05,1.187,2.200820152656901,0.0,0.012715280083722025,1
x_aq_vidu_top/x_aq_vidu_vid_wbt_fp/x_aq_vidu_vid_wbt_entry_reg_10/wb_en_x,0,0.0,0.0,0.0,0.0,,0
x_aq_vidu_top/x_aq_vidu_vid_wbt_fp/x_aq_vidu_vid_wbt_entry_reg_10/cnt_update_val,0,0.0,0.0,0.0,0.0,,0
x_aq_vidu_top/x_aq_vidu_vid_wbt_fp/x_aq_vidu_vid_wbt_entry_reg_11/cpurst_b,3,9.990342668753538e-05,0.5556666666666668,1.0302631829483446,0.0,0.004974988306899891,1
x_aq_vidu_top/x_aq_vidu_vid_wbt_fp/x_aq_vidu_vid_wbt_entry_reg_11/create_clk,0,0.0,0.0,0.0,0.0,,0
x_aq_vidu_top/x_aq_vidu_vid_wbt_fp/x_aq_vidu_vid_wbt_entry_reg_11/create_en_x,0,0.0,0.0,0.0,0.0,,0
x_aq_vidu_top/x_aq_vidu_vid_wbt_fp/x_aq_vidu_vid_wbt_entry_reg_11/dp_wbt_bankx_dstv_type,226,0.007526058143794332,0.7067498230088496,1.3103869025817811,0.19469026548672566,-0.04941448445433761,1
x_aq_vidu_top/x_aq_vidu_vid_wbt_fp/x_aq_vidu_vid_wbt_entry_reg_11/read_data_y[2:0],1,3.330114222917846e-05,1.187,2.200820152656901,0.0,0.012715280083722025,1
x_aq_vidu_top/x_aq_vidu_vid_wbt_fp/x_aq_vidu_vid_wbt_entry_reg_11/rtu_vidu_flush_wbt,0,0.0,0.0,0.0,0.0,,0
x_aq_vidu_top/x_aq_vidu_vid_wbt_fp/x_aq_vidu_vid_wbt_entry_reg_11/rtu_yy_xx_async_flush,0,0.0,0.0,0.0,0.0,,0
x_aq_vidu_top/x_aq_vidu_vid_wbt_fp/x_aq_vidu_vid_wbt_entry_reg_11/wb_clk,0,0.0,0.0,0.0,0.0,,0
x_aq_vidu_top/x_aq_vidu_vid_wbt_fp/x_aq_vidu_vid_wbt_entry_reg_11/wb_debug_x,1,3.330114222917846e-05,1.187,2.200820152656901,0.0,0.012715280083722025,1
x_aq_vidu_top/x_aq_vidu_vid_wbt_fp/x_aq_vidu_vid_wbt_entry_reg_11/wb_en_x,0,0.0,0.0,0.0,0.0,,0
x_aq_vidu_top/x_aq_vidu_vid_wbt_fp/x_aq_vidu_vid_wbt_entry_reg_11/cnt_update_val,0,0.0,0.0,0.0,0.0,,0
x_aq_vidu_top/x_aq_vidu_vid_wbt_fp/x_aq_vidu_vid_wbt_entry_reg_12/cpurst_b,3,9.990342668753538e-05,0.5556666666666668,1.0302631829483446,0.0,0.004974988306899891,1
x_aq_vidu_top/x_aq_vidu_vid_wbt_fp/x_aq_vidu_vid_wbt_entry_reg_12/create_clk,0,0.0,0.0,0.0,0.0,,0
x_aq_vidu_top/x_aq_vidu_vid_wbt_fp/x_aq_vidu_vid_wbt_entry_reg_12/create_en_x,0,0.0,0.0,0.0,0.0,,0
x_aq_vidu_top/x_aq_vidu_vid_wbt_fp/x_aq_vidu_vid_wbt_entry_reg_12/dp_wbt_bankx_dstv_type,226,0.007526058143794332,0.7067498230088496,1.3103869025817811,0.19469026548672566,-0.04941448445433761,1
x_aq_vidu_top/x_aq_vidu_vid_wbt_fp/x_aq_vidu_vid_wbt_entry_reg_12/read_data_y[2:0],11,0.00036631256452096306,0.7477272727272726,1.386363311296853,0.0,-0.036996917784624384,1
x_aq_vidu_top/x_aq_vidu_vid_wbt_fp/x_aq_vidu_vid_wbt_entry_reg_12/rtu_vidu_flush_wbt,0,0.0,0.0,0.0,0.0,,0
x_aq_vidu_top/x_aq_vidu_vid_wbt_fp/x_aq_vidu_vid_wbt_entry_reg_12/rtu_yy_xx_async_flush,0,0.0,0.0,0.0,0.0,,0
x_aq_vidu_top/x_aq_vidu_vid_wbt_fp/x_aq_vidu_vid_wbt_entry_reg_12/wb_clk,0,0.0,0.0,0.0,0.0,,0
x_aq_vidu_top/x_aq_vidu_vid_wbt_fp/x_aq_vidu_vid_wbt_entry_reg_12/wb_debug_x,11,0.00036631256452096306,0.5131818181818182,0.9514919017958342,0.0,-0.04114160929426406,1
x_aq_vidu_top/x_aq_vidu_vid_wbt_fp/x_aq_vidu_vid_wbt_entry_reg_12/wb_en_x,0,0.0,0.0,0.0,0.0,,0
x_aq_vidu_top/x_aq_vidu_vid_wbt_fp/x_aq_vidu_vid_wbt_entry_reg_12/cnt_update_val,0,0.0,0.0,0.0,0.0,,0
x_aq_vidu_top/x_aq_vidu_vid_wbt_fp/x_aq_vidu_vid_wbt_entry_reg_13/cpurst_b,3,9.990342668753538e-05,0.5556666666666668,1.0302631829483446,0.0,0.004974988306899891,1
x_aq_vidu_top/x_aq_vidu_vid_wbt_fp/x_aq_vidu_vid_wbt_entry_reg_13/create_clk,0,0.0,0.0,0.0,0.0,,0
x_aq_vidu_top/x_aq_vidu_vid_wbt_fp/x_aq_vidu_vid_wbt_entry_reg_13/create_en_x,0,0.0,0.0,0.0,0.0,,0
x_aq_vidu_top/x_aq_vidu_vid_wbt_fp/x_aq_vidu_vid_wbt_entry_reg_13/dp_wbt_bankx_dstv_type,226,0.007526058143794332,0.7067498230088496,1.3103869025817811,0.19469026548672566,-0.04941448445433761,1
x_aq_vidu_top/x_aq_vidu_vid_wbt_fp/x_aq_vidu_vid_wbt_entry_reg_13/read_data_y[2:0],7,0.00023310799560424922,1.3442914285714285,2.4924546478887404,0.7142857142857143,0.01431496705520538,2
x_aq_vidu_top/x_aq_vidu_vid_wbt_fp/x_aq_vidu_vid_wbt_entry_reg_13/rtu_vidu_flush_wbt,0,0.0,0.0,0.0,0.0,,0
x_aq_vidu_top/x_aq_vidu_vid_wbt_fp/x_aq_vidu_vid_wbt_entry_reg_13/rtu_yy_xx_async_flush,0,0.0,0.0,0.0,0.0,,0
x_aq_vidu_top/x_aq_vidu_vid_wbt_fp/x_aq_vidu_vid_wbt_entry_reg_13/wb_clk,0,0.0,0.0,0.0,0.0,,0
x_aq_vidu_top/x_aq_vidu_vid_wbt_fp/x_aq_vidu_vid_wbt_entry_reg_13/wb_debug_x,5,0.00016650571114589232,1.284488,2.381572937022711,0.6,-0.022285129238763204,1
x_aq_vidu_top/x_aq_vidu_vid_wbt_fp/x_aq_vidu_vid_wbt_entry_reg_13/wb_en_x,0,0.0,0.0,0.0,0.0,,0
x_aq_vidu_top/x_aq_vidu_vid_wbt_fp/x_aq_vidu_vid_wbt_entry_reg_13/cnt_update_val,0,0.0,0.0,0.0,0.0,,0
x_aq_vidu_top/x_aq_vidu_vid_wbt_fp/x_aq_vidu_vid_wbt_entry_reg_14/cpurst_b,3,9.990342668753538e-05,0.5556666666666668,1.0302631829483446,0.0,0.004974988306899891,1
x_aq_vidu_top/x_aq_vidu_vid_wbt_fp/x_aq_vidu_vid_wbt_entry_reg_14/create_clk,0,0.0,0.0,0.0,0.0,,0
x_aq_vidu_top/x_aq_vidu_vid_wbt_fp/x_aq_vidu_vid_wbt_entry_reg_14/create_en_x,0,0.0,0.0,0.0,0.0,,0
x_aq_vidu_top/x_aq_vidu_vid_wbt_fp/x_aq_vidu_vid_wbt_entry_reg_14/dp_wbt_bankx_dstv_type,226,0.007526058143794332,0.7067498230088496,1.3103869025817811,0.19469026548672566,-0.04941448445433761,1
x_aq_vidu_top/x_aq_vidu_vid_wbt_fp/x_aq_vidu_vid_wbt_entry_reg_14/read_data_y[2:0],7,0.00023310799560424922,0.5808571428571426,1.0769689181252806,0.14285714285714285,-0.015926814565034923,1
x_aq_vidu_top/x_aq_vidu_vid_wbt_fp/x_aq_vidu_vid_wbt_entry_reg_14/rtu_vidu_flush_wbt,0,0.0,0.0,0.0,0.0,,0
x_aq_vidu_top/x_aq_vidu_vid_wbt_fp/x_aq_vidu_vid_wbt_entry_reg_14/rtu_yy_xx_async_flush,0,0.0,0.0,0.0,0.0,,0
x_aq_vidu_top/x_aq_vidu_vid_wbt_fp/x_aq_vidu_vid_wbt_entry_reg_14/wb_clk,0,0.0,0.0,0.0,0.0,,0
x_aq_vidu_top/x_aq_vidu_vid_wbt_fp/x_aq_vidu_vid_wbt_entry_reg_14/wb_debug_x,7,0.00023310799560424922,0.6138571428571427,1.1381543141132147,0.14285714285714285,-0.021585061608156125,1
x_aq_vidu_top/x_aq_vidu_vid_wbt_fp/x_aq_vidu_vid_wbt_entry_reg_14/wb_en_x,0,0.0,0.0,0.0,0.0,,0
x_aq_vidu_top/x_aq_vidu_vid_wbt_fp/x_aq_vidu_vid_wbt_entry_reg_14/cnt_update_val,0,0.0,0.0,0.0,0.0,,0
x_aq_vidu_top/x_aq_vidu_vid_wbt_fp/x_aq_vidu_vid_wbt_entry_reg_15/cpurst_b,3,9.990342668753538e-05,0.5556666666666668,1.0302631829483446,0.0,0.004974988306899891,1
x_aq_vidu_top/x_aq_vidu_vid_wbt_fp/x_aq_vidu_vid_wbt_entry_reg_15/create_clk,0,0.0,0.0,0.0,0.0,,0
x_aq_vidu_top/x_aq_vidu_vid_wbt_fp/x_aq_vidu_vid_wbt_entry_reg_15/create_en_x,0,0.0,0.0,0.0,0.0,,0
x_aq_vidu_top/x_aq_vidu_vid_wbt_fp/x_aq_vidu_vid_wbt_entry_reg_15/dp_wbt_bankx_dstv_type,226,0.007526058143794332,0.7067498230088496,1.3103869025817811,0.19469026548672566,-0.04941448445433761,1
x_aq_vidu_top/x_aq_vidu_vid_wbt_fp/x_aq_vidu_vid_wbt_entry_reg_15/read_data_y[2:0],1,3.330114222917846e-05,1.187,2.200820152656901,0.0,0.012715280083722025,1
x_aq_vidu_top/x_aq_vidu_vid_wbt_fp/x_aq_vidu_vid_wbt_entry_reg_15/rtu_vidu_flush_wbt,0,0.0,0.0,0.0,0.0,,0
x_aq_vidu_top/x_aq_vidu_vid_wbt_fp/x_aq_vidu_vid_wbt_entry_reg_15/rtu_yy_xx_async_flush,0,0.0,0.0,0.0,0.0,,0
x_aq_vidu_top/x_aq_vidu_vid_wbt_fp/x_aq_vidu_vid_wbt_entry_reg_15/wb_clk,0,0.0,0.0,0.0,0.0,,0
x_aq_vidu_top/x_aq_vidu_vid_wbt_fp/x_aq_vidu_vid_wbt_entry_reg_15/wb_debug_x,1,3.330114222917846e-05,1.187,2.200820152656901,0.0,0.012715280083722025,1
x_aq_vidu_top/x_aq_vidu_vid_wbt_fp/x_aq_vidu_vid_wbt_entry_reg_15/wb_en_x,0,0.0,0.0,0.0,0.0,,0
x_aq_vidu_top/x_aq_vidu_vid_wbt_fp/x_aq_vidu_vid_wbt_entry_reg_15/cnt_update_val,0,0.0,0.0,0.0,0.0,,0
x_aq_vidu_top/x_aq_vidu_vid_wbt_fp/x_aq_vidu_vid_wbt_entry_reg_16/cpurst_b,3,9.990342668753538e-05,0.5556666666666668,1.0302631829483446,0.0,0.004974988306899891,1
x_aq_vidu_top/x_aq_vidu_vid_wbt_fp/x_aq_vidu_vid_wbt_entry_reg_16/create_clk,0,0.0,0.0,0.0,0.0,,0
x_aq_vidu_top/x_aq_vidu_vid_wbt_fp/x_aq_vidu_vid_wbt_entry_reg_16/create_en_x,0,0.0,0.0,0.0,0.0,,0
x_aq_vidu_top/x_aq_vidu_vid_wbt_fp/x_aq_vidu_vid_wbt_entry_reg_16/dp_wbt_bankx_dstv_type,226,0.007526058143794332,0.7067498230088496,1.3103869025817811,0.19469026548672566,-0.04941448445433761,1
x_aq_vidu_top/x_aq_vidu_vid_wbt_fp/x_aq_vidu_vid_wbt_entry_reg_16/read_data_y[2:0],1,3.330114222917846e-05,1.187,2.200820152656901,0.0,0.012715280083722025,1
x_aq_vidu_top/x_aq_vidu_vid_wbt_fp/x_aq_vidu_vid_wbt_entry_reg_16/rtu_vidu_flush_wbt,0,0.0,0.0,0.0,0.0,,0
x_aq_vidu_top/x_aq_vidu_vid_wbt_fp/x_aq_vidu_vid_wbt_entry_reg_16/rtu_yy_xx_async_flush,0,0.0,0.0,0.0,0.0,,0
x_aq_vidu_top/x_aq_vidu_vid_wbt_fp/x_aq_vidu_vid_wbt_entry_reg_16/wb_clk,0,0.0,0.0,0.0,0.0,,0
x_aq_vidu_top/x_aq_vidu_vid_wbt_fp/x_aq_vidu_vid_wbt_entry_reg_16/wb_debug_x,1,3.330114222917846e-05,1.187,2.200820152656901,0.0,0.012715280083722025,1
x_aq_vidu_top/x_aq_vidu_vid_wbt_fp/x_aq_vidu_vid_wbt_entry_reg_16/wb_en_x,0,0.0,0.0,0.0,0.0,,0
x_aq_vidu_top/x_aq_vidu_vid_wbt_fp/x_aq_vidu_vid_wbt_entry_reg_16/cnt_update_val,0,0.0,0.0,0.0,0.0,,0
x_aq_vidu_top/x_aq_vidu_vid_wbt_fp/x_aq_vidu_vid_wbt_entry_reg_17/cpurst_b,3,9.990342668753538e-05,0.5556666666666668,1.0302631829483446,0.0,0.004974988306899891,1
x_aq_vidu_top/x_aq_vidu_vid_wbt_fp/x_aq_vidu_vid_wbt_entry_reg_17/create_clk,0,0.0,0.0,0.0,0.0,,0
x_aq_vidu_top/x_aq_vidu_vid_wbt_fp/x_aq_vidu_vid_wbt_entry_reg_17/create_en_x,0,0.0,0.0,0.0,0.0,,0
x_aq_vidu_top/x_aq_vidu_vid_wbt_fp/x_aq_vidu_vid_wbt_entry_reg_17/dp_wbt_bankx_dstv_type,226,0.007526058143794332,0.7067498230088496,1.3103869025817811,0.19469026548672566,-0.04941448445433761,1
x_aq_vidu_top/x_aq_vidu_vid_wbt_fp/x_aq_vidu_vid_wbt_entry_reg_17/read_data_y[2:0],1,3.330114222917846e-05,1.187,2.200820152656901,0.0,0.012715280083722025,1
x_aq_vidu_top/x_aq_vidu_vid_wbt_fp/x_aq_vidu_vid_wbt_entry_reg_17/rtu_vidu_flush_wbt,0,0.0,0.0,0.0,0.0,,0
x_aq_vidu_top/x_aq_vidu_vid_wbt_fp/x_aq_vidu_vid_wbt_entry_reg_17/rtu_yy_xx_async_flush,0,0.0,0.0,0.0,0.0,,0
x_aq_vidu_top/x_aq_vidu_vid_wbt_fp/x_aq_vidu_vid_wbt_entry_reg_17/wb_clk,0,0.0,0.0,0.0,0.0,,0
x_aq_vidu_top/x_aq_vidu_vid_wbt_fp/x_aq_vidu_vid_wbt_entry_reg_17/wb_debug_x,1,3.330114222917846e-05,1.187,2.200820152656901,0.0,0.012715280083722025,1
x_aq_vidu_top/x_aq_vidu_vid_wbt_fp/x_aq_vidu_vid_wbt_entry_reg_17/wb_en_x,0,0.0,0.0,0.0,0.0,,0
x_aq_vidu_top/x_aq_vidu_vid_wbt_fp/x_aq_vidu_vid_wbt_entry_reg_17/cnt_update_val,0,0.0,0.0,0.0,0.0,,0
x_aq_vidu_top/x_aq_vidu_vid_wbt_fp/x_aq_vidu_vid_wbt_entry_reg_18/cpurst_b,3,9.990342668753538e-05,0.5556666666666668,1.0302631829483446,0.0,0.004974988306899891,1
x_aq_vidu_top/x_aq_vidu_vid_wbt_fp/x_aq_vidu_vid_wbt_entry_reg_18/create_clk,0,0.0,0.0,0.0,0.0,,0
x_aq_vidu_top/x_aq_vidu_vid_wbt_fp/x_aq_vidu_vid_wbt_entry_reg_18/create_en_x,0,0.0,0.0,0.0,0.0,,0
x_aq_vidu_top/x_aq_vidu_vid_wbt_fp/x_aq_vidu_vid_wbt_entry_reg_18/dp_wbt_bankx_dstv_type,226,0.007526058143794332,0.7067498230088496,1.3103869025817811,0.19469026548672566,-0.04941448445433761,1
x_aq_vidu_top/x_aq_vidu_vid_wbt_fp/x_aq_vidu_vid_wbt_entry_reg_18/read_data_y[2:0],1,3.330114222917846e-05,1.187,2.200820152656901,0.0,0.012715280083722025,1
x_aq_vidu_top/x_aq_vidu_vid_wbt_fp/x_aq_vidu_vid_wbt_entry_reg_18/rtu_vidu_flush_wbt,0,0.0,0.0,0.0,0.0,,0
x_aq_vidu_top/x_aq_vidu_vid_wbt_fp/x_aq_vidu_vid_wbt_entry_reg_18/rtu_yy_xx_async_flush,0,0.0,0.0,0.0,0.0,,0
x_aq_vidu_top/x_aq_vidu_vid_wbt_fp/x_aq_vidu_vid_wbt_entry_reg_18/wb_clk,0,0.0,0.0,0.0,0.0,,0
x_aq_vidu_top/x_aq_vidu_vid_wbt_fp/x_aq_vidu_vid_wbt_entry_reg_18/wb_debug_x,1,3.330114222917846e-05,1.187,2.200820152656901,0.0,0.012715280083722025,1
x_aq_vidu_top/x_aq_vidu_vid_wbt_fp/x_aq_vidu_vid_wbt_entry_reg_18/wb_en_x,0,0.0,0.0,0.0,0.0,,0
x_aq_vidu_top/x_aq_vidu_vid_wbt_fp/x_aq_vidu_vid_wbt_entry_reg_18/cnt_update_val,0,0.0,0.0,0.0,0.0,,0
x_aq_vidu_top/x_aq_vidu_vid_wbt_fp/x_aq_vidu_vid_wbt_entry_reg_19/cpurst_b,3,9.990342668753538e-05,0.5556666666666668,1.0302631829483446,0.0,0.004974988306899891,1
x_aq_vidu_top/x_aq_vidu_vid_wbt_fp/x_aq_vidu_vid_wbt_entry_reg_19/create_clk,0,0.0,0.0,0.0,0.0,,0
x_aq_vidu_top/x_aq_vidu_vid_wbt_fp/x_aq_vidu_vid_wbt_entry_reg_19/create_en_x,0,0.0,0.0,0.0,0.0,,0
x_aq_vidu_top/x_aq_vidu_vid_wbt_fp/x_aq_vidu_vid_wbt_entry_reg_19/dp_wbt_bankx_dstv_type,226,0.007526058143794332,0.7067498230088496,1.3103869025817811,0.19469026548672566,-0.04941448445433761,1
x_aq_vidu_top/x_aq_vidu_vid_wbt_fp/x_aq_vidu_vid_wbt_entry_reg_19/read_data_y[2:0],13,0.00043291484897932,0.7908338461538461,1.4662873344722425,0.38461538461538464,0.008626861481956962,2
x_aq_vidu_top/x_aq_vidu_vid_wbt_fp/x_aq_vidu_vid_wbt_entry_reg_19/rtu_vidu_flush_wbt,0,0.0,0.0,0.0,0.0,,0
x_aq_vidu_top/x_aq_vidu_vid_wbt_fp/x_aq_vidu_vid_wbt_entry_reg_19/rtu_yy_xx_async_flush,0,0.0,0.0,0.0,0.0,,0
x_aq_vidu_top/x_aq_vidu_vid_wbt_fp/x_aq_vidu_vid_wbt_entry_reg_19/wb_clk,0,0.0,0.0,0.0,0.0,,0
x_aq_vidu_top/x_aq_vidu_vid_wbt_fp/x_aq_vidu_vid_wbt_entry_reg_19/wb_debug_x,9,0.00029971028006260615,0.8379288888888888,1.5536063901938264,0.2222222222222222,-0.0027022641759517135,1
x_aq_vidu_top/x_aq_vidu_vid_wbt_fp/x_aq_vidu_vid_wbt_entry_reg_19/wb_en_x,0,0.0,0.0,0.0,0.0,,0
x_aq_vidu_top/x_aq_vidu_vid_wbt_fp/x_aq_vidu_vid_wbt_entry_reg_19/cnt_update_val,0,0.0,0.0,0.0,0.0,,0
x_aq_vidu_top/x_aq_vidu_vid_wbt_fp/x_aq_vidu_vid_wbt_entry_reg_20/cpurst_b,3,9.990342668753538e-05,0.5556666666666668,1.0302631829483446,0.0,0.004974988306899891,1
x_aq_vidu_top/x_aq_vidu_vid_wbt_fp/x_aq_vidu_vid_wbt_entry_reg_20/create_clk,0,0.0,0.0,0.0,0.0,,0
x_aq_vidu_top/x_aq_vidu_vid_wbt_fp/x_aq_vidu_vid_wbt_entry_reg_20/create_en_x,0,0.0,0.0,0.0,0.0,,0
x_aq_vidu_top/x_aq_vidu_vid_wbt_fp/x_aq_vidu_vid_wbt_entry_reg_20/dp_wbt_bankx_dstv_type,226,0.007526058143794332,0.7067498230088496,1.3103869025817811,0.19469026548672566,-0.04941448445433761,1
x_aq_vidu_top/x_aq_vidu_vid_wbt_fp/x_aq_vidu_vid_wbt_entry_reg_20/read_data_y[2:0],7,0.00023310799560424922,0.9752857142857143,1.8082800796953502,0.2857142857142857,0.004937429834592415,2
x_aq_vidu_top/x_aq_vidu_vid_wbt_fp/x_aq_vidu_vid_wbt_entry_reg_20/rtu_vidu_flush_wbt,0,0.0,0.0,0.0,0.0,,0
x_aq_vidu_top/x_aq_vidu_vid_wbt_fp/x_aq_vidu_vid_wbt_entry_reg_20/rtu_yy_xx_async_flush,0,0.0,0.0,0.0,0.0,,0
x_aq_vidu_top/x_aq_vidu_vid_wbt_fp/x_aq_vidu_vid_wbt_entry_reg_20/wb_clk,0,0.0,0.0,0.0,0.0,,0
x_aq_vidu_top/x_aq_vidu_vid_wbt_fp/x_aq_vidu_vid_wbt_entry_reg_20/wb_debug_x,5,0.00016650571114589232,1.366586,2.5337910776232384,0.4,-0.01415126613179411,1
x_aq_vidu_top/x_aq_vidu_vid_wbt_fp/x_aq_vidu_vid_wbt_entry_reg_20/wb_en_x,0,0.0,0.0,0.0,0.0,,0
x_aq_vidu_top/x_aq_vidu_vid_wbt_fp/x_aq_vidu_vid_wbt_entry_reg_20/cnt_update_val,0,0.0,0.0,0.0,0.0,,0
x_aq_vidu_top/x_aq_vidu_vid_wbt_fp/x_aq_vidu_vid_wbt_entry_reg_21/cpurst_b,3,9.990342668753538e-05,0.5556666666666668,1.0302631829483446,0.0,0.004974988306899891,1
x_aq_vidu_top/x_aq_vidu_vid_wbt_fp/x_aq_vidu_vid_wbt_entry_reg_21/create_clk,0,0.0,0.0,0.0,0.0,,0
x_aq_vidu_top/x_aq_vidu_vid_wbt_fp/x_aq_vidu_vid_wbt_entry_reg_21/create_en_x,0,0.0,0.0,0.0,0.0,,0
x_aq_vidu_top/x_aq_vidu_vid_wbt_fp/x_aq_vidu_vid_wbt_entry_reg_21/dp_wbt_bankx_dstv_type,226,0.007526058143794332,0.7067498230088496,1.3103869025817811,0.19469026548672566,-0.04941448445433761,1
x_aq_vidu_top/x_aq_vidu_vid_wbt_fp/x_aq_vidu_vid_wbt_entry_reg_21/read_data_y[2:0],1,3.330114222917846e-05,1.187,2.200820152656901,0.0,0.012715280083722025,1
x_aq_vidu_top/x_aq_vidu_vid_wbt_fp/x_aq_vidu_vid_wbt_entry_reg_21/rtu_vidu_flush_wbt,0,0.0,0.0,0.0,0.0,,0
x_aq_vidu_top/x_aq_vidu_vid_wbt_fp/x_aq_vidu_vid_wbt_entry_reg_21/rtu_yy_xx_async_flush,0,0.0,0.0,0.0,0.0,,0
x_aq_vidu_top/x_aq_vidu_vid_wbt_fp/x_aq_vidu_vid_wbt_entry_reg_21/wb_clk,0,0.0,0.0,0.0,0.0,,0
x_aq_vidu_top/x_aq_vidu_vid_wbt_fp/x_aq_vidu_vid_wbt_entry_reg_21/wb_debug_x,1,3.330114222917846e-05,1.187,2.200820152656901,0.0,0.012715280083722025,1
x_aq_vidu_top/x_aq_vidu_vid_wbt_fp/x_aq_vidu_vid_wbt_entry_reg_21/wb_en_x,0,0.0,0.0,0.0,0.0,,0
x_aq_vidu_top/x_aq_vidu_vid_wbt_fp/x_aq_vidu_vid_wbt_entry_reg_21/cnt_update_val,0,0.0,0.0,0.0,0.0,,0
x_aq_vidu_top/x_aq_vidu_vid_wbt_fp/x_aq_vidu_vid_wbt_entry_reg_22/cpurst_b,3,9.990342668753538e-05,0.5556666666666668,1.0302631829483446,0.0,0.004974988306899891,1
x_aq_vidu_top/x_aq_vidu_vid_wbt_fp/x_aq_vidu_vid_wbt_entry_reg_22/create_clk,0,0.0,0.0,0.0,0.0,,0
x_aq_vidu_top/x_aq_vidu_vid_wbt_fp/x_aq_vidu_vid_wbt_entry_reg_22/create_en_x,0,0.0,0.0,0.0,0.0,,0
x_aq_vidu_top/x_aq_vidu_vid_wbt_fp/x_aq_vidu_vid_wbt_entry_reg_22/dp_wbt_bankx_dstv_type,226,0.007526058143794332,0.7067498230088496,1.3103869025817811,0.19469026548672566,-0.04941448445433761,1
x_aq_vidu_top/x_aq_vidu_vid_wbt_fp/x_aq_vidu_vid_wbt_entry_reg_22/read_data_y[2:0],1,3.330114222917846e-05,1.187,2.200820152656901,0.0,0.012715280083722025,1
x_aq_vidu_top/x_aq_vidu_vid_wbt_fp/x_aq_vidu_vid_wbt_entry_reg_22/rtu_vidu_flush_wbt,0,0.0,0.0,0.0,0.0,,0
x_aq_vidu_top/x_aq_vidu_vid_wbt_fp/x_aq_vidu_vid_wbt_entry_reg_22/rtu_yy_xx_async_flush,0,0.0,0.0,0.0,0.0,,0
x_aq_vidu_top/x_aq_vidu_vid_wbt_fp/x_aq_vidu_vid_wbt_entry_reg_22/wb_clk,0,0.0,0.0,0.0,0.0,,0
x_aq_vidu_top/x_aq_vidu_vid_wbt_fp/x_aq_vidu_vid_wbt_entry_reg_22/wb_debug_x,1,3.330114222917846e-05,1.187,2.200820152656901,0.0,0.012715280083722025,1
x_aq_vidu_top/x_aq_vidu_vid_wbt_fp/x_aq_vidu_vid_wbt_entry_reg_22/wb_en_x,0,0.0,0.0,0.0,0.0,,0
x_aq_vidu_top/x_aq_vidu_vid_wbt_fp/x_aq_vidu_vid_wbt_entry_reg_22/cnt_update_val,0,0.0,0.0,0.0,0.0,,0
x_aq_vidu_top/x_aq_vidu_vid_wbt_fp/x_aq_vidu_vid_wbt_entry_reg_23/cpurst_b,3,9.990342668753538e-05,0.5556666666666668,1.0302631829483446,0.0,0.004974988306899891,1
x_aq_vidu_top/x_aq_vidu_vid_wbt_fp/x_aq_vidu_vid_wbt_entry_reg_23/create_clk,0,0.0,0.0,0.0,0.0,,0
x_aq_vidu_top/x_aq_vidu_vid_wbt_fp/x_aq_vidu_vid_wbt_entry_reg_23/create_en_x,0,0.0,0.0,0.0,0.0,,0
x_aq_vidu_top/x_aq_vidu_vid_wbt_fp/x_aq_vidu_vid_wbt_entry_reg_23/dp_wbt_bankx_dstv_type,226,0.007526058143794332,0.7067498230088496,1.3103869025817811,0.19469026548672566,-0.04941448445433761,1
x_aq_vidu_top/x_aq_vidu_vid_wbt_fp/x_aq_vidu_vid_wbt_entry_reg_23/read_data_y[2:0],1,3.330114222917846e-05,1.187,2.200820152656901,0.0,0.012715280083722025,1
x_aq_vidu_top/x_aq_vidu_vid_wbt_fp/x_aq_vidu_vid_wbt_entry_reg_23/rtu_vidu_flush_wbt,0,0.0,0.0,0.0,0.0,,0
x_aq_vidu_top/x_aq_vidu_vid_wbt_fp/x_aq_vidu_vid_wbt_entry_reg_23/rtu_yy_xx_async_flush,0,0.0,0.0,0.0,0.0,,0
x_aq_vidu_top/x_aq_vidu_vid_wbt_fp/x_aq_vidu_vid_wbt_entry_reg_23/wb_clk,0,0.0,0.0,0.0,0.0,,0
x_aq_vidu_top/x_aq_vidu_vid_wbt_fp/x_aq_vidu_vid_wbt_entry_reg_23/wb_debug_x,1,3.330114222917846e-05,1.187,2.200820152656901,0.0,0.012715280083722025,1
x_aq_vidu_top/x_aq_vidu_vid_wbt_fp/x_aq_vidu_vid_wbt_entry_reg_23/wb_en_x,0,0.0,0.0,0.0,0.0,,0
x_aq_vidu_top/x_aq_vidu_vid_wbt_fp/x_aq_vidu_vid_wbt_entry_reg_23/cnt_update_val,0,0.0,0.0,0.0,0.0,,0
x_aq_vidu_top/x_aq_vidu_vid_wbt_fp/x_aq_vidu_vid_wbt_entry_reg_24/cpurst_b,3,9.990342668753538e-05,0.5556666666666668,1.0302631829483446,0.0,0.004974988306899891,1
x_aq_vidu_top/x_aq_vidu_vid_wbt_fp/x_aq_vidu_vid_wbt_entry_reg_24/create_clk,0,0.0,0.0,0.0,0.0,,0
x_aq_vidu_top/x_aq_vidu_vid_wbt_fp/x_aq_vidu_vid_wbt_entry_reg_24/create_en_x,0,0.0,0.0,0.0,0.0,,0
x_aq_vidu_top/x_aq_vidu_vid_wbt_fp/x_aq_vidu_vid_wbt_entry_reg_24/dp_wbt_bankx_dstv_type,226,0.007526058143794332,0.7067498230088496,1.3103869025817811,0.19469026548672566,-0.04941448445433761,1
x_aq_vidu_top/x_aq_vidu_vid_wbt_fp/x_aq_vidu_vid_wbt_entry_reg_24/read_data_y[2:0],1,3.330114222917846e-05,1.187,2.200820152656901,0.0,0.012715280083722025,1
x_aq_vidu_top/x_aq_vidu_vid_wbt_fp/x_aq_vidu_vid_wbt_entry_reg_24/rtu_vidu_flush_wbt,0,0.0,0.0,0.0,0.0,,0
x_aq_vidu_top/x_aq_vidu_vid_wbt_fp/x_aq_vidu_vid_wbt_entry_reg_24/rtu_yy_xx_async_flush,0,0.0,0.0,0.0,0.0,,0
x_aq_vidu_top/x_aq_vidu_vid_wbt_fp/x_aq_vidu_vid_wbt_entry_reg_24/wb_clk,0,0.0,0.0,0.0,0.0,,0
x_aq_vidu_top/x_aq_vidu_vid_wbt_fp/x_aq_vidu_vid_wbt_entry_reg_24/wb_debug_x,1,3.330114222917846e-05,1.187,2.200820152656901,0.0,0.012715280083722025,1
x_aq_vidu_top/x_aq_vidu_vid_wbt_fp/x_aq_vidu_vid_wbt_entry_reg_24/wb_en_x,0,0.0,0.0,0.0,0.0,,0
x_aq_vidu_top/x_aq_vidu_vid_wbt_fp/x_aq_vidu_vid_wbt_entry_reg_24/cnt_update_val,0,0.0,0.0,0.0,0.0,,0
x_aq_vidu_top/x_aq_vidu_vid_wbt_fp/x_aq_vidu_vid_wbt_entry_reg_25/cpurst_b,3,9.990342668753538e-05,0.5556666666666668,1.0302631829483446,0.0,0.004974988306899891,1
x_aq_vidu_top/x_aq_vidu_vid_wbt_fp/x_aq_vidu_vid_wbt_entry_reg_25/create_clk,0,0.0,0.0,0.0,0.0,,0
x_aq_vidu_top/x_aq_vidu_vid_wbt_fp/x_aq_vidu_vid_wbt_entry_reg_25/create_en_x,0,0.0,0.0,0.0,0.0,,0
x_aq_vidu_top/x_aq_vidu_vid_wbt_fp/x_aq_vidu_vid_wbt_entry_reg_25/dp_wbt_bankx_dstv_type,226,0.007526058143794332,0.7067498230088496,1.3103869025817811,0.19469026548672566,-0.04941448445433761,1
x_aq_vidu_top/x_aq_vidu_vid_wbt_fp/x_aq_vidu_vid_wbt_entry_reg_25/read_data_y[2:0],1,3.330114222917846e-05,1.187,2.200820152656901,0.0,0.012715280083722025,1
x_aq_vidu_top/x_aq_vidu_vid_wbt_fp/x_aq_vidu_vid_wbt_entry_reg_25/rtu_vidu_flush_wbt,0,0.0,0.0,0.0,0.0,,0
x_aq_vidu_top/x_aq_vidu_vid_wbt_fp/x_aq_vidu_vid_wbt_entry_reg_25/rtu_yy_xx_async_flush,0,0.0,0.0,0.0,0.0,,0
x_aq_vidu_top/x_aq_vidu_vid_wbt_fp/x_aq_vidu_vid_wbt_entry_reg_25/wb_clk,0,0.0,0.0,0.0,0.0,,0
x_aq_vidu_top/x_aq_vidu_vid_wbt_fp/x_aq_vidu_vid_wbt_entry_reg_25/wb_debug_x,1,3.330114222917846e-05,1.187,2.200820152656901,0.0,0.012715280083722025,1
x_aq_vidu_top/x_aq_vidu_vid_wbt_fp/x_aq_vidu_vid_wbt_entry_reg_25/wb_en_x,0,0.0,0.0,0.0,0.0,,0
x_aq_vidu_top/x_aq_vidu_vid_wbt_fp/x_aq_vidu_vid_wbt_entry_reg_25/cnt_update_val,0,0.0,0.0,0.0,0.0,,0
x_aq_vidu_top/x_aq_vidu_vid_wbt_fp/x_aq_vidu_vid_wbt_entry_reg_26/cpurst_b,3,9.990342668753538e-05,0.5556666666666668,1.0302631829483446,0.0,0.004974988306899891,1
x_aq_vidu_top/x_aq_vidu_vid_wbt_fp/x_aq_vidu_vid_wbt_entry_reg_26/create_clk,0,0.0,0.0,0.0,0.0,,0
x_aq_vidu_top/x_aq_vidu_vid_wbt_fp/x_aq_vidu_vid_wbt_entry_reg_26/create_en_x,0,0.0,0.0,0.0,0.0,,0
x_aq_vidu_top/x_aq_vidu_vid_wbt_fp/x_aq_vidu_vid_wbt_entry_reg_26/dp_wbt_bankx_dstv_type,226,0.007526058143794332,0.7067498230088496,1.3103869025817811,0.19469026548672566,-0.04941448445433761,1
x_aq_vidu_top/x_aq_vidu_vid_wbt_fp/x_aq_vidu_vid_wbt_entry_reg_26/read_data_y[2:0],1,3.330114222917846e-05,1.187,2.200820152656901,0.0,0.012715280083722025,1
x_aq_vidu_top/x_aq_vidu_vid_wbt_fp/x_aq_vidu_vid_wbt_entry_reg_26/rtu_vidu_flush_wbt,0,0.0,0.0,0.0,0.0,,0
x_aq_vidu_top/x_aq_vidu_vid_wbt_fp/x_aq_vidu_vid_wbt_entry_reg_26/rtu_yy_xx_async_flush,0,0.0,0.0,0.0,0.0,,0
x_aq_vidu_top/x_aq_vidu_vid_wbt_fp/x_aq_vidu_vid_wbt_entry_reg_26/wb_clk,0,0.0,0.0,0.0,0.0,,0
x_aq_vidu_top/x_aq_vidu_vid_wbt_fp/x_aq_vidu_vid_wbt_entry_reg_26/wb_debug_x,1,3.330114222917846e-05,1.187,2.200820152656901,0.0,0.012715280083722025,1
x_aq_vidu_top/x_aq_vidu_vid_wbt_fp/x_aq_vidu_vid_wbt_entry_reg_26/wb_en_x,0,0.0,0.0,0.0,0.0,,0
x_aq_vidu_top/x_aq_vidu_vid_wbt_fp/x_aq_vidu_vid_wbt_entry_reg_26/cnt_update_val,0,0.0,0.0,0.0,0.0,,0
x_aq_vidu_top/x_aq_vidu_vid_wbt_fp/x_aq_vidu_vid_wbt_entry_reg_27/cpurst_b,3,9.990342668753538e-05,0.5556666666666668,1.0302631829483446,0.0,0.004974988306899891,1
x_aq_vidu_top/x_aq_vidu_vid_wbt_fp/x_aq_vidu_vid_wbt_entry_reg_27/create_clk,0,0.0,0.0,0.0,0.0,,0
x_aq_vidu_top/x_aq_vidu_vid_wbt_fp/x_aq_vidu_vid_wbt_entry_reg_27/create_en_x,0,0.0,0.0,0.0,0.0,,0
x_aq_vidu_top/x_aq_vidu_vid_wbt_fp/x_aq_vidu_vid_wbt_entry_reg_27/dp_wbt_bankx_dstv_type,226,0.007526058143794332,0.7067498230088496,1.3103869025817811,0.19469026548672566,-0.04941448445433761,1
x_aq_vidu_top/x_aq_vidu_vid_wbt_fp/x_aq_vidu_vid_wbt_entry_reg_27/read_data_y[2:0],1,3.330114222917846e-05,1.187,2.200820152656901,0.0,0.012715280083722025,1
x_aq_vidu_top/x_aq_vidu_vid_wbt_fp/x_aq_vidu_vid_wbt_entry_reg_27/rtu_vidu_flush_wbt,0,0.0,0.0,0.0,0.0,,0
x_aq_vidu_top/x_aq_vidu_vid_wbt_fp/x_aq_vidu_vid_wbt_entry_reg_27/rtu_yy_xx_async_flush,0,0.0,0.0,0.0,0.0,,0
x_aq_vidu_top/x_aq_vidu_vid_wbt_fp/x_aq_vidu_vid_wbt_entry_reg_27/wb_clk,0,0.0,0.0,0.0,0.0,,0
x_aq_vidu_top/x_aq_vidu_vid_wbt_fp/x_aq_vidu_vid_wbt_entry_reg_27/wb_debug_x,1,3.330114222917846e-05,1.187,2.200820152656901,0.0,0.012715280083722025,1
x_aq_vidu_top/x_aq_vidu_vid_wbt_fp/x_aq_vidu_vid_wbt_entry_reg_27/wb_en_x,0,0.0,0.0,0.0,0.0,,0
x_aq_vidu_top/x_aq_vidu_vid_wbt_fp/x_aq_vidu_vid_wbt_entry_reg_27/cnt_update_val,0,0.0,0.0,0.0,0.0,,0
x_aq_vidu_top/x_aq_vidu_vid_wbt_fp/x_aq_vidu_vid_wbt_entry_reg_28/cpurst_b,3,9.990342668753538e-05,0.5556666666666668,1.0302631829483446,0.0,0.004974988306899891,1
x_aq_vidu_top/x_aq_vidu_vid_wbt_fp/x_aq_vidu_vid_wbt_entry_reg_28/create_clk,0,0.0,0.0,0.0,0.0,,0
x_aq_vidu_top/x_aq_vidu_vid_wbt_fp/x_aq_vidu_vid_wbt_entry_reg_28/create_en_x,0,0.0,0.0,0.0,0.0,,0
x_aq_vidu_top/x_aq_vidu_vid_wbt_fp/x_aq_vidu_vid_wbt_entry_reg_28/dp_wbt_bankx_dstv_type,226,0.007526058143794332,0.7067498230088496,1.3103869025817811,0.19469026548672566,-0.04941448445433761,1
x_aq_vidu_top/x_aq_vidu_vid_wbt_fp/x_aq_vidu_vid_wbt_entry_reg_28/read_data_y[2:0],1,3.330114222917846e-05,1.187,2.200820152656901,0.0,0.012715280083722025,1
x_aq_vidu_top/x_aq_vidu_vid_wbt_fp/x_aq_vidu_vid_wbt_entry_reg_28/rtu_vidu_flush_wbt,0,0.0,0.0,0.0,0.0,,0
x_aq_vidu_top/x_aq_vidu_vid_wbt_fp/x_aq_vidu_vid_wbt_entry_reg_28/rtu_yy_xx_async_flush,0,0.0,0.0,0.0,0.0,,0
x_aq_vidu_top/x_aq_vidu_vid_wbt_fp/x_aq_vidu_vid_wbt_entry_reg_28/wb_clk,0,0.0,0.0,0.0,0.0,,0
x_aq_vidu_top/x_aq_vidu_vid_wbt_fp/x_aq_vidu_vid_wbt_entry_reg_28/wb_debug_x,1,3.330114222917846e-05,1.187,2.200820152656901,0.0,0.012715280083722025,1
x_aq_vidu_top/x_aq_vidu_vid_wbt_fp/x_aq_vidu_vid_wbt_entry_reg_28/wb_en_x,0,0.0,0.0,0.0,0.0,,0
x_aq_vidu_top/x_aq_vidu_vid_wbt_fp/x_aq_vidu_vid_wbt_entry_reg_28/cnt_update_val,0,0.0,0.0,0.0,0.0,,0
x_aq_vidu_top/x_aq_vidu_vid_wbt_fp/x_aq_vidu_vid_wbt_entry_reg_29/cpurst_b,3,9.990342668753538e-05,0.5556666666666668,1.0302631829483446,0.0,0.004974988306899891,1
x_aq_vidu_top/x_aq_vidu_vid_wbt_fp/x_aq_vidu_vid_wbt_entry_reg_29/create_clk,0,0.0,0.0,0.0,0.0,,0
x_aq_vidu_top/x_aq_vidu_vid_wbt_fp/x_aq_vidu_vid_wbt_entry_reg_29/create_en_x,0,0.0,0.0,0.0,0.0,,0
x_aq_vidu_top/x_aq_vidu_vid_wbt_fp/x_aq_vidu_vid_wbt_entry_reg_29/dp_wbt_bankx_dstv_type,226,0.007526058143794332,0.7067498230088496,1.3103869025817811,0.19469026548672566,-0.04941448445433761,1
x_aq_vidu_top/x_aq_vidu_vid_wbt_fp/x_aq_vidu_vid_wbt_entry_reg_29/read_data_y[2:0],1,3.330114222917846e-05,1.187,2.200820152656901,0.0,0.012715280083722025,1
x_aq_vidu_top/x_aq_vidu_vid_wbt_fp/x_aq_vidu_vid_wbt_entry_reg_29/rtu_vidu_flush_wbt,0,0.0,0.0,0.0,0.0,,0
x_aq_vidu_top/x_aq_vidu_vid_wbt_fp/x_aq_vidu_vid_wbt_entry_reg_29/rtu_yy_xx_async_flush,0,0.0,0.0,0.0,0.0,,0
x_aq_vidu_top/x_aq_vidu_vid_wbt_fp/x_aq_vidu_vid_wbt_entry_reg_29/wb_clk,0,0.0,0.0,0.0,0.0,,0
x_aq_vidu_top/x_aq_vidu_vid_wbt_fp/x_aq_vidu_vid_wbt_entry_reg_29/wb_debug_x,1,3.330114222917846e-05,1.187,2.200820152656901,0.0,0.012715280083722025,1
x_aq_vidu_top/x_aq_vidu_vid_wbt_fp/x_aq_vidu_vid_wbt_entry_reg_29/wb_en_x,0,0.0,0.0,0.0,0.0,,0
x_aq_vidu_top/x_aq_vidu_vid_wbt_fp/x_aq_vidu_vid_wbt_entry_reg_29/cnt_update_val,0,0.0,0.0,0.0,0.0,,0
x_aq_vidu_top/x_aq_vidu_vid_wbt_fp/x_aq_vidu_vid_wbt_entry_reg_30/cpurst_b,3,9.990342668753538e-05,0.5556666666666668,1.0302631829483446,0.0,0.004974988306899891,1
x_aq_vidu_top/x_aq_vidu_vid_wbt_fp/x_aq_vidu_vid_wbt_entry_reg_30/create_clk,0,0.0,0.0,0.0,0.0,,0
x_aq_vidu_top/x_aq_vidu_vid_wbt_fp/x_aq_vidu_vid_wbt_entry_reg_30/create_en_x,0,0.0,0.0,0.0,0.0,,0
x_aq_vidu_top/x_aq_vidu_vid_wbt_fp/x_aq_vidu_vid_wbt_entry_reg_30/dp_wbt_bankx_dstv_type,226,0.007526058143794332,0.7067498230088496,1.3103869025817811,0.19469026548672566,-0.04941448445433761,1
x_aq_vidu_top/x_aq_vidu_vid_wbt_fp/x_aq_vidu_vid_wbt_entry_reg_30/read_data_y[2:0],1,3.330114222917846e-05,1.187,2.200820152656901,0.0,0.012715280083722025,1
x_aq_vidu_top/x_aq_vidu_vid_wbt_fp/x_aq_vidu_vid_wbt_entry_reg_30/rtu_vidu_flush_wbt,0,0.0,0.0,0.0,0.0,,0
x_aq_vidu_top/x_aq_vidu_vid_wbt_fp/x_aq_vidu_vid_wbt_entry_reg_30/rtu_yy_xx_async_flush,0,0.0,0.0,0.0,0.0,,0
x_aq_vidu_top/x_aq_vidu_vid_wbt_fp/x_aq_vidu_vid_wbt_entry_reg_30/wb_clk,0,0.0,0.0,0.0,0.0,,0
x_aq_vidu_top/x_aq_vidu_vid_wbt_fp/x_aq_vidu_vid_wbt_entry_reg_30/wb_debug_x,1,3.330114222917846e-05,1.187,2.200820152656901,0.0,0.012715280083722025,1
x_aq_vidu_top/x_aq_vidu_vid_wbt_fp/x_aq_vidu_vid_wbt_entry_reg_30/wb_en_x,0,0.0,0.0,0.0,0.0,,0
x_aq_vidu_top/x_aq_vidu_vid_wbt_fp/x_aq_vidu_vid_wbt_entry_reg_30/cnt_update_val,0,0.0,0.0,0.0,0.0,,0
x_aq_vidu_top/x_aq_vidu_vid_wbt_fp/x_aq_vidu_vid_wbt_entry_reg_31/cpurst_b,3,9.990342668753538e-05,0.5556666666666668,1.0302631829483446,0.0,0.004974988306899891,1
x_aq_vidu_top/x_aq_vidu_vid_wbt_fp/x_aq_vidu_vid_wbt_entry_reg_31/create_clk,0,0.0,0.0,0.0,0.0,,0
x_aq_vidu_top/x_aq_vidu_vid_wbt_fp/x_aq_vidu_vid_wbt_entry_reg_31/create_en_x,0,0.0,0.0,0.0,0.0,,0
x_aq_vidu_top/x_aq_vidu_vid_wbt_fp/x_aq_vidu_vid_wbt_entry_reg_31/dp_wbt_bankx_dstv_type,226,0.007526058143794332,0.7067498230088496,1.3103869025817811,0.19469026548672566,-0.04941448445433761,1
x_aq_vidu_top/x_aq_vidu_vid_wbt_fp/x_aq_vidu_vid_wbt_entry_reg_31/read_data_y[2:0],1,3.330114222917846e-05,1.187,2.200820152656901,0.0,0.012715280083722025,1
x_aq_vidu_top/x_aq_vidu_vid_wbt_fp/x_aq_vidu_vid_wbt_entry_reg_31/rtu_vidu_flush_wbt,0,0.0,0.0,0.0,0.0,,0
x_aq_vidu_top/x_aq_vidu_vid_wbt_fp/x_aq_vidu_vid_wbt_entry_reg_31/rtu_yy_xx_async_flush,0,0.0,0.0,0.0,0.0,,0
x_aq_vidu_top/x_aq_vidu_vid_wbt_fp/x_aq_vidu_vid_wbt_entry_reg_31/wb_clk,0,0.0,0.0,0.0,0.0,,0
x_aq_vidu_top/x_aq_vidu_vid_wbt_fp/x_aq_vidu_vid_wbt_entry_reg_31/wb_debug_x,1,3.330114222917846e-05,1.187,2.200820152656901,0.0,0.012715280083722025,1
x_aq_vidu_top/x_aq_vidu_vid_wbt_fp/x_aq_vidu_vid_wbt_entry_reg_31/wb_en_x,0,0.0,0.0,0.0,0.0,,0
x_aq_vidu_top/x_aq_vidu_vid_wbt_fp/x_aq_vidu_vid_wbt_entry_reg_31/cnt_update_val,0,0.0,0.0,0.0,0.0,,0
x_aq_vidu_top/x_aq_vidu_vid_wbt_fp/x_aq_idu_expand_32_dp_wbt_bankx_dstv_reg/x_num[4:0],2439,0.08122148589696626,0.6552362197621976,1.214875380963244,0.1906519065190652,0.019730404008586996,5
x_aq_vidu_top/x_aq_vidu_vid_wbt_fp/x_aq_idu_expand_32_dp_wbt_bankx_dstv_reg/x_num_expand[31:0],2730,0.09091211828565719,0.6525155201465201,1.2098309238920486,0.18461538461538463,0.015685015115453033,3
x_aq_vidu_top/x_aq_vidu_vid_wbt_fp/x_aq_idu_expand_32_vpu_vidu_wbt_bankx_wb0_reg/x_num[4:0],28,0.0009324319824169969,0.9282046428571429,1.7209869282137336,0.42857142857142855,0.029610949873468566,5
x_aq_vidu_top/x_aq_vidu_vid_wbt_fp/x_aq_idu_expand_32_vpu_vidu_wbt_bankx_wb0_reg/x_num_expand[31:0],32,0.0010656365513337107,0.9546228125,1.7699689333917528,0.4375,0.02474722744153586,3
x_aq_vidu_top/x_aq_vidu_vid_wbt_fp/x_aq_idu_expand_32_vpu_vidu_wbt_bankx_wb1_reg/x_num[4:0],397,0.01322055346498385,0.6512630730478588,1.207508758083396,0.11838790931989925,0.030191696279817208,5
x_aq_vidu_top/x_aq_vidu_vid_wbt_fp/x_aq_idu_expand_32_vpu_vidu_wbt_bankx_wb1_reg/x_num_expand[31:0],421,0.014019780878484132,0.6456922565320664,1.1971798909774907,0.12589073634204276,0.004286983952426041,3
