Information: Propagating switching activity (low effort zero delay simulation). (PWR-6)
Warning: Design has unannotated primary inputs. (PWR-414)
Warning: Design has unannotated sequential cell outputs. (PWR-415)
Warning: Design has unannotated black box outputs. (PWR-428)
 
****************************************
Report : power
        -hier
        -analysis_effort low
Design : openC906
Version: X-2025.06-SP2
Date   : Wed May 27 13:14:01 2026
****************************************


Library(s) Used:

    tcbn28hpcplusbwp40p140ehvttt1v25c_ccs (File: /dfs/app/tsmc_icdc/tsmc028/28HPCplus_RF/SC/tcbn28hpcplusbwp40p140ehvt/tcbn28hpcplusbwp40p140ehvt_190a/Front_End/timing_power_noise/CCS/tcbn28hpcplusbwp40p140ehvt_170a/tcbn28hpcplusbwp40p140ehvttt1v25c_ccs.db)
    tcbn28hpcplusbwp30p140hvttt1v25c_ccs (File: /dfs/app/tsmc_icdc/tsmc028/28HPCplus_RF/SC/tcbn28hpcplusbwp30p140hvt/tcbn28hpcplusbwp30p140hvt_190a/Front_End/timing_power_noise/CCS/tcbn28hpcplusbwp30p140hvt_180a/tcbn28hpcplusbwp30p140hvttt1v25c_ccs.db)
    tcbn28hpcplusbwp30p140tt1v25c_ccs (File: /dfs/app/tsmc_icdc/tsmc028/28HPCplus_RF/SC/tcbn28hpcplusbwp30p140/tcbn28hpcplusbwp30p140_190a/Front_End/timing_power_noise/CCS/tcbn28hpcplusbwp30p140_180a/tcbn28hpcplusbwp30p140tt1v25c_ccs.db)
    tcbn28hpcplusbwp30p140lvttt1v25c_ccs (File: /dfs/app/tsmc_icdc/tsmc028/28HPCplus_RF/SC/tcbn28hpcplusbwp30p140lvt/tcbn28hpcplusbwp30p140lvt_190a/Front_End/timing_power_noise/CCS/tcbn28hpcplusbwp30p140lvt_180a/tcbn28hpcplusbwp30p140lvttt1v25c_ccs.db)
    ts1n28hpcpuhdsvtb64x88m2sw_tt1v25c (File: /dfs/usrhome/jjiangan/github/openc906-charles-imp/smart_run/impl/gen_sram/db/ts1n28hpcpuhdsvtb64x88m2sw_170a_tt1v25c.db)
    ts1n28hpcpuhdsvtb64x98m2sw_tt1v25c (File: /dfs/usrhome/jjiangan/github/openc906-charles-imp/smart_run/impl/gen_sram/db/ts1n28hpcpuhdsvtb64x98m2sw_170a_tt1v25c.db)
    ts1n28hpcphvtb1024x64m8swso_tt1v25c (File: /dfs/usrhome/jjiangan/github/openc906-charles-imp/smart_run/impl/gen_sram/db/ts1n28hpcphvtb1024x64m8swso_180a_tt1v25c.db)
    ts5n28hpcpsvta128x8m2fw_tt1v25c (File: /dfs/usrhome/jjiangan/github/openc906-charles-imp/smart_run/impl/gen_sram/db/ts5n28hpcpsvta128x8m2fw_130a_tt1v25c.db)
    ts1n28hpcpuhdsvtb64x58m2sw_tt1v25c (File: /dfs/usrhome/jjiangan/github/openc906-charles-imp/smart_run/impl/gen_sram/db/ts1n28hpcpuhdsvtb64x58m2sw_170a_tt1v25c.db)
    ts1n28hpcpuhdsvtb1024x16m4swso_tt1v25c (File: /dfs/usrhome/jjiangan/github/openc906-charles-imp/smart_run/impl/gen_sram/db/ts1n28hpcpuhdsvtb1024x16m4swso_170a_tt1v25c.db)
    ts1n28hpcpuhdsvtb2048x32m4swso_tt1v25c (File: /dfs/usrhome/jjiangan/github/openc906-charles-imp/smart_run/impl/gen_sram/db/ts1n28hpcpuhdsvtb2048x32m4swso_170a_tt1v25c.db)
    ts1n28hpcpuhdsvtb256x59m2sw_tt1v25c (File: /dfs/usrhome/jjiangan/github/openc906-charles-imp/smart_run/impl/gen_sram/db/ts1n28hpcpuhdsvtb256x59m2sw_170a_tt1v25c.db)


Operating Conditions: tt1v25c   Library: tcbn28hpcplusbwp30p140tt1v25c_ccs
Wire Load Model Mode: segmented

Design        Wire Load Model            Library
------------------------------------------------
openC906               ZeroWireload      tcbn28hpcplusbwp30p140tt1v25c_ccs
aq_top                 ZeroWireload      tcbn28hpcplusbwp30p140tt1v25c_ccs
aq_biu_top             ZeroWireload      tcbn28hpcplusbwp30p140tt1v25c_ccs
aq_mp_rst_top          ZeroWireload      tcbn28hpcplusbwp30p140tt1v25c_ccs
aq_mp_clk_top          ZeroWireload      tcbn28hpcplusbwp30p140tt1v25c_ccs
aq_sysio_top           ZeroWireload      tcbn28hpcplusbwp30p140tt1v25c_ccs
tdt_top                ZeroWireload      tcbn28hpcplusbwp30p140tt1v25c_ccs
clint_top              ZeroWireload      tcbn28hpcplusbwp30p140tt1v25c_ccs
plic_top_256_10_01_5_32 ZeroWireload     tcbn28hpcplusbwp30p140tt1v25c_ccs
aq_core                ZeroWireload      tcbn28hpcplusbwp30p140tt1v25c_ccs
aq_mmu_top             ZeroWireload      tcbn28hpcplusbwp30p140tt1v25c_ccs
aq_pmp_top             ZeroWireload      tcbn28hpcplusbwp30p140tt1v25c_ccs
aq_cpuio_top           ZeroWireload      tcbn28hpcplusbwp30p140tt1v25c_ccs
aq_dtu_top             ZeroWireload      tcbn28hpcplusbwp30p140tt1v25c_ccs
aq_hpcp_top            ZeroWireload      tcbn28hpcplusbwp30p140tt1v25c_ccs
aq_biu_req_arbiter     ZeroWireload      tcbn28hpcplusbwp30p140tt1v25c_ccs
aq_biu_read_channel    ZeroWireload      tcbn28hpcplusbwp30p140tt1v25c_ccs
aq_biu_write_channel   ZeroWireload      tcbn28hpcplusbwp30p140tt1v25c_ccs
aq_biu_apbif           ZeroWireload      tcbn28hpcplusbwp30p140tt1v25c_ccs
gated_clk_cell_439     ZeroWireload      tcbn28hpcplusbwp30p140tt1v25c_ccs
BUFGCE                 ZeroWireload      tcbn28hpcplusbwp30p140tt1v25c_ccs
aq_sysio_kid           ZeroWireload      tcbn28hpcplusbwp30p140tt1v25c_ccs
tdt_dm_top             ZeroWireload      tcbn28hpcplusbwp30p140tt1v25c_ccs
clint_func             ZeroWireload      tcbn28hpcplusbwp30p140tt1v25c_ccs
csky_apb_1tox_matrix_ADDR27_SLAVE5 ZeroWireload tcbn28hpcplusbwp30p140tt1v25c_ccs
plic_ctrl              ZeroWireload      tcbn28hpcplusbwp30p140tt1v25c_ccs
plic_hreg_busif_256_32_01_10_5_13_18 ZeroWireload tcbn28hpcplusbwp30p140tt1v25c_ccs
plic_kid_busif_INT_NUM256_PRIO_BIT5_ID_NUM10_ADDR12 ZeroWireload tcbn28hpcplusbwp30p140tt1v25c_ccs
plic_hart_arb_INT_NUM256_ECH_RD32_PRIO_BIT5_ID_NUM10 ZeroWireload tcbn28hpcplusbwp30p140tt1v25c_ccs
aq_ifu_top             ZeroWireload      tcbn28hpcplusbwp30p140tt1v25c_ccs
aq_idu_top             ZeroWireload      tcbn28hpcplusbwp30p140tt1v25c_ccs
aq_vidu_top            ZeroWireload      tcbn28hpcplusbwp30p140tt1v25c_ccs
aq_iu_top              ZeroWireload      tcbn28hpcplusbwp30p140tt1v25c_ccs
aq_vpu_top             ZeroWireload      tcbn28hpcplusbwp30p140tt1v25c_ccs
aq_lsu_top             ZeroWireload      tcbn28hpcplusbwp30p140tt1v25c_ccs
aq_cp0_top             ZeroWireload      tcbn28hpcplusbwp30p140tt1v25c_ccs
aq_rtu_top             ZeroWireload      tcbn28hpcplusbwp30p140tt1v25c_ccs
aq_mmu_utlb_top        ZeroWireload      tcbn28hpcplusbwp30p140tt1v25c_ccs
aq_mmu_regs            ZeroWireload      tcbn28hpcplusbwp30p140tt1v25c_ccs
aq_mmu_tlboper         ZeroWireload      tcbn28hpcplusbwp30p140tt1v25c_ccs
aq_mmu_arb             ZeroWireload      tcbn28hpcplusbwp30p140tt1v25c_ccs
aq_mmu_jtlb            ZeroWireload      tcbn28hpcplusbwp30p140tt1v25c_ccs
aq_mmu_ptw             ZeroWireload      tcbn28hpcplusbwp30p140tt1v25c_ccs
aq_mmu_sysmap          ZeroWireload      tcbn28hpcplusbwp30p140tt1v25c_ccs
aq_pmp_regs            ZeroWireload      tcbn28hpcplusbwp30p140tt1v25c_ccs
aq_pmp_acc             ZeroWireload      tcbn28hpcplusbwp30p140tt1v25c_ccs
aq_dtu_ctrl            ZeroWireload      tcbn28hpcplusbwp30p140tt1v25c_ccs
aq_dtu_cdc             ZeroWireload      tcbn28hpcplusbwp30p140tt1v25c_ccs
aq_hpcp_adder_sel_7    ZeroWireload      tcbn28hpcplusbwp30p140tt1v25c_ccs
aq_hpcp_cntinten_reg_30 ZeroWireload     tcbn28hpcplusbwp30p140tt1v25c_ccs
aq_hpcp_cntof_reg_30   ZeroWireload      tcbn28hpcplusbwp30p140tt1v25c_ccs
aq_hpcp_cntof_reg_20   ZeroWireload      tcbn28hpcplusbwp30p140tt1v25c_ccs
aq_hpcp_event_7        ZeroWireload      tcbn28hpcplusbwp30p140tt1v25c_ccs
aq_hpcp_cnt_9          ZeroWireload      tcbn28hpcplusbwp30p140tt1v25c_ccs
aq_hpcp_cnt_8          ZeroWireload      tcbn28hpcplusbwp30p140tt1v25c_ccs
aq_hpcp_cnt_7          ZeroWireload      tcbn28hpcplusbwp30p140tt1v25c_ccs
aq_biu_wt_entry_15     ZeroWireload      tcbn28hpcplusbwp30p140tt1v25c_ccs
tdt_dm_12_1_4_1_64_00000000_40_2_0 ZeroWireload tcbn28hpcplusbwp30p140tt1v25c_ccs
csky_apb_1tox_matrix_13_01 ZeroWireload  tcbn28hpcplusbwp30p140tt1v25c_ccs
instance_reg_flog_DATA1_5 ZeroWireload   tcbn28hpcplusbwp30p140tt1v25c_ccs
instance_reg_flog_DATA32_17 ZeroWireload tcbn28hpcplusbwp30p140tt1v25c_ccs
instance_reg_flog_DATA32_16 ZeroWireload tcbn28hpcplusbwp30p140tt1v25c_ccs
instance_reg_flog_DATA5_3 ZeroWireload   tcbn28hpcplusbwp30p140tt1v25c_ccs
sync_level2level_SIGNAL_WIDTH256 ZeroWireload tcbn28hpcplusbwp30p140tt1v25c_ccs
plic_int_kid_PRIO_BIT5_254 ZeroWireload  tcbn28hpcplusbwp30p140tt1v25c_ccs
plic_int_kid_PRIO_BIT5_239 ZeroWireload  tcbn28hpcplusbwp30p140tt1v25c_ccs
csky_apb_1tox_matrix_ADDR12_SLAVE2 ZeroWireload tcbn28hpcplusbwp30p140tt1v25c_ccs
plic_arb_ctrl_INT_NUM256_ECH_RD32_PRIO_BIT5 ZeroWireload tcbn28hpcplusbwp30p140tt1v25c_ccs
plic_32to1_arb_PRIO_BIT6_ID_NUM10_INT_NUM1024_SEL_NUM4_ECH_RD32 ZeroWireload tcbn28hpcplusbwp30p140tt1v25c_ccs
aq_ifu_pcgen           ZeroWireload      tcbn28hpcplusbwp30p140tt1v25c_ccs
aq_ifu_ctrl            ZeroWireload      tcbn28hpcplusbwp30p140tt1v25c_ccs
aq_ifu_icache          ZeroWireload      tcbn28hpcplusbwp30p140tt1v25c_ccs
aq_ifu_btb             ZeroWireload      tcbn28hpcplusbwp30p140tt1v25c_ccs
aq_ifu_ipack           ZeroWireload      tcbn28hpcplusbwp30p140tt1v25c_ccs
aq_ifu_ibuf            ZeroWireload      tcbn28hpcplusbwp30p140tt1v25c_ccs
aq_ifu_pred            ZeroWireload      tcbn28hpcplusbwp30p140tt1v25c_ccs
aq_ifu_vec             ZeroWireload      tcbn28hpcplusbwp30p140tt1v25c_ccs
aq_idu_id_decd         ZeroWireload      tcbn28hpcplusbwp30p140tt1v25c_ccs
aq_idu_id_split        ZeroWireload      tcbn28hpcplusbwp30p140tt1v25c_ccs
aq_idu_id_gpr          ZeroWireload      tcbn28hpcplusbwp30p140tt1v25c_ccs
aq_idu_id_wbt          ZeroWireload      tcbn28hpcplusbwp30p140tt1v25c_ccs
aq_idu_id_dp           ZeroWireload      tcbn28hpcplusbwp30p140tt1v25c_ccs
aq_idu_id_ctrl         ZeroWireload      tcbn28hpcplusbwp30p140tt1v25c_ccs
aq_vidu_vid_split_fp   ZeroWireload      tcbn28hpcplusbwp30p140tt1v25c_ccs
aq_vidu_vid_ctrl_fp    ZeroWireload      tcbn28hpcplusbwp30p140tt1v25c_ccs
aq_vidu_vid_dp_fp      ZeroWireload      tcbn28hpcplusbwp30p140tt1v25c_ccs
aq_vidu_vid_gpr_fp     ZeroWireload      tcbn28hpcplusbwp30p140tt1v25c_ccs
aq_vidu_vid_wbt        ZeroWireload      tcbn28hpcplusbwp30p140tt1v25c_ccs
aq_iu_alu              ZeroWireload      tcbn28hpcplusbwp30p140tt1v25c_ccs
aq_iu_mul              ZeroWireload      tcbn28hpcplusbwp30p140tt1v25c_ccs
aq_iu_div              ZeroWireload      tcbn28hpcplusbwp30p140tt1v25c_ccs
aq_iu_bju              ZeroWireload      tcbn28hpcplusbwp30p140tt1v25c_ccs
aq_iu_addr_gen         ZeroWireload      tcbn28hpcplusbwp30p140tt1v25c_ccs
aq_falu_top            ZeroWireload      tcbn28hpcplusbwp30p140tt1v25c_ccs
aq_fcnvt_top           ZeroWireload      tcbn28hpcplusbwp30p140tt1v25c_ccs
aq_fspu_top            ZeroWireload      tcbn28hpcplusbwp30p140tt1v25c_ccs
aq_fdsu_top            ZeroWireload      tcbn28hpcplusbwp30p140tt1v25c_ccs
aq_vfmau_top           ZeroWireload      tcbn28hpcplusbwp30p140tt1v25c_ccs
aq_vlsu_top            ZeroWireload      tcbn28hpcplusbwp30p140tt1v25c_ccs
aq_vpu_fwd_wb_rbus     ZeroWireload      tcbn28hpcplusbwp30p140tt1v25c_ccs
aq_vpu_viq_dp          ZeroWireload      tcbn28hpcplusbwp30p140tt1v25c_ccs
aq_vpu_group_unit_3    ZeroWireload      tcbn28hpcplusbwp30p140tt1v25c_ccs
aq_vpu_group_unit_2    ZeroWireload      tcbn28hpcplusbwp30p140tt1v25c_ccs
aq_vpu_group_unit_1    ZeroWireload      tcbn28hpcplusbwp30p140tt1v25c_ccs
aq_vpu_group_unit_0    ZeroWireload      tcbn28hpcplusbwp30p140tt1v25c_ccs
aq_lsu_ag              ZeroWireload      tcbn28hpcplusbwp30p140tt1v25c_ccs
aq_lsu_dc              ZeroWireload      tcbn28hpcplusbwp30p140tt1v25c_ccs
aq_lsu_lfb             ZeroWireload      tcbn28hpcplusbwp30p140tt1v25c_ccs
aq_lsu_stb             ZeroWireload      tcbn28hpcplusbwp30p140tt1v25c_ccs
aq_lsu_rdl             ZeroWireload      tcbn28hpcplusbwp30p140tt1v25c_ccs
aq_lsu_icc             ZeroWireload      tcbn28hpcplusbwp30p140tt1v25c_ccs
aq_lsu_vb              ZeroWireload      tcbn28hpcplusbwp30p140tt1v25c_ccs
aq_dcache_top          ZeroWireload      tcbn28hpcplusbwp30p140tt1v25c_ccs
aq_lsu_pfb_top         ZeroWireload      tcbn28hpcplusbwp30p140tt1v25c_ccs
aq_lsu_amr             ZeroWireload      tcbn28hpcplusbwp30p140tt1v25c_ccs
aq_lsu_arb             ZeroWireload      tcbn28hpcplusbwp30p140tt1v25c_ccs
aq_lsu_mcic            ZeroWireload      tcbn28hpcplusbwp30p140tt1v25c_ccs
aq_lsu_lm              ZeroWireload      tcbn28hpcplusbwp30p140tt1v25c_ccs
aq_lsu_amo_alu         ZeroWireload      tcbn28hpcplusbwp30p140tt1v25c_ccs
aq_lsu_dtif            ZeroWireload      tcbn28hpcplusbwp30p140tt1v25c_ccs
aq_cp0_iui             ZeroWireload      tcbn28hpcplusbwp30p140tt1v25c_ccs
aq_cp0_regs            ZeroWireload      tcbn28hpcplusbwp30p140tt1v25c_ccs
aq_cp0_special         ZeroWireload      tcbn28hpcplusbwp30p140tt1v25c_ccs
aq_rtu_ctrl            ZeroWireload      tcbn28hpcplusbwp30p140tt1v25c_ccs
aq_rtu_dp              ZeroWireload      tcbn28hpcplusbwp30p140tt1v25c_ccs
aq_rtu_rbus            ZeroWireload      tcbn28hpcplusbwp30p140tt1v25c_ccs
aq_rtu_retire          ZeroWireload      tcbn28hpcplusbwp30p140tt1v25c_ccs
aq_rtu_wb              ZeroWireload      tcbn28hpcplusbwp30p140tt1v25c_ccs
aq_rtu_int             ZeroWireload      tcbn28hpcplusbwp30p140tt1v25c_ccs
aq_mmu_utlb_1          ZeroWireload      tcbn28hpcplusbwp30p140tt1v25c_ccs
aq_mmu_utlb_0          ZeroWireload      tcbn28hpcplusbwp30p140tt1v25c_ccs
aq_mmu_jtlb_tag_array  ZeroWireload      tcbn28hpcplusbwp30p140tt1v25c_ccs
aq_mmu_jtlb_data_array ZeroWireload      tcbn28hpcplusbwp30p140tt1v25c_ccs
aq_mmu_sysmap_hit_7    ZeroWireload      tcbn28hpcplusbwp30p140tt1v25c_ccs
aq_mmu_sysmap_hit_6    ZeroWireload      tcbn28hpcplusbwp30p140tt1v25c_ccs
aq_mmu_sysmap_hit_0    ZeroWireload      tcbn28hpcplusbwp30p140tt1v25c_ccs
aq_pmp_comp_hit_7      ZeroWireload      tcbn28hpcplusbwp30p140tt1v25c_ccs
aq_pmp_comp_hit_6      ZeroWireload      tcbn28hpcplusbwp30p140tt1v25c_ccs
aq_pmp_comp_hit_0      ZeroWireload      tcbn28hpcplusbwp30p140tt1v25c_ccs
aq_dtu_pcfifo          ZeroWireload      tcbn28hpcplusbwp30p140tt1v25c_ccs
aq_dtu_dbginfo         ZeroWireload      tcbn28hpcplusbwp30p140tt1v25c_ccs
aq_dtu_trigger_module  ZeroWireload      tcbn28hpcplusbwp30p140tt1v25c_ccs
aq_dtu_cdc_lvl_4       ZeroWireload      tcbn28hpcplusbwp30p140tt1v25c_ccs
aq_dtu_cdc_pulse_6     ZeroWireload      tcbn28hpcplusbwp30p140tt1v25c_ccs
tdt_dm_pulse_sync_1    ZeroWireload      tcbn28hpcplusbwp30p140tt1v25c_ccs
tdt_sba_axi_AXI_ADDR_WIDTH40 ZeroWireload tcbn28hpcplusbwp30p140tt1v25c_ccs
nor_sel_SEL_BIT5_SEL_NUM32_DATA6_31 ZeroWireload tcbn28hpcplusbwp30p140tt1v25c_ccs
nor_sel_SEL_BIT5_SEL_NUM32_DATA1_31 ZeroWireload tcbn28hpcplusbwp30p140tt1v25c_ccs
nor_sel_SEL_BIT5_SEL_NUM32_DATA6_30 ZeroWireload tcbn28hpcplusbwp30p140tt1v25c_ccs
nor_sel_SEL_BIT5_SEL_NUM32_DATA1_30 ZeroWireload tcbn28hpcplusbwp30p140tt1v25c_ccs
nor_sel_SEL_BIT5_SEL_NUM32_DATA10_28 ZeroWireload tcbn28hpcplusbwp30p140tt1v25c_ccs
nor_sel_SEL_BIT5_SEL_NUM32_DATA10_26 ZeroWireload tcbn28hpcplusbwp30p140tt1v25c_ccs
nor_sel_SEL_BIT5_SEL_NUM32_DATA10_22 ZeroWireload tcbn28hpcplusbwp30p140tt1v25c_ccs
nor_sel_SEL_BIT5_SEL_NUM32_DATA10_18 ZeroWireload tcbn28hpcplusbwp30p140tt1v25c_ccs
nor_sel_SEL_BIT5_SEL_NUM32_DATA10_14 ZeroWireload tcbn28hpcplusbwp30p140tt1v25c_ccs
nor_sel_SEL_BIT5_SEL_NUM32_DATA10_10 ZeroWireload tcbn28hpcplusbwp30p140tt1v25c_ccs
nor_sel_SEL_BIT5_SEL_NUM32_DATA10_6 ZeroWireload tcbn28hpcplusbwp30p140tt1v25c_ccs
nor_sel_SEL_BIT5_SEL_NUM32_DATA10_2 ZeroWireload tcbn28hpcplusbwp30p140tt1v25c_ccs
plic_granu2_arb_ID_NUM10_PRIO_BIT6_7 ZeroWireload tcbn28hpcplusbwp30p140tt1v25c_ccs
plic_granu2_arb_ID_NUM10_PRIO_BIT6_6 ZeroWireload tcbn28hpcplusbwp30p140tt1v25c_ccs
plic_granu2_arb_ID_NUM10_PRIO_BIT6_5 ZeroWireload tcbn28hpcplusbwp30p140tt1v25c_ccs
plic_granu2_arb_ID_NUM10_PRIO_BIT6_4 ZeroWireload tcbn28hpcplusbwp30p140tt1v25c_ccs
plic_granu2_arb_ID_NUM10_PRIO_BIT6_3 ZeroWireload tcbn28hpcplusbwp30p140tt1v25c_ccs
plic_granu2_arb_ID_NUM10_PRIO_BIT6_2 ZeroWireload tcbn28hpcplusbwp30p140tt1v25c_ccs
plic_granu2_arb_ID_NUM10_PRIO_BIT6_1 ZeroWireload tcbn28hpcplusbwp30p140tt1v25c_ccs
plic_granu2_arb_ID_NUM10_PRIO_BIT6_0 ZeroWireload tcbn28hpcplusbwp30p140tt1v25c_ccs
plic_granu_arb_SEL_NUM9_SEL_BIT4_ID_NUM10_PRIO_BIT6 ZeroWireload tcbn28hpcplusbwp30p140tt1v25c_ccs
aq_ifu_icache_tag_array ZeroWireload     tcbn28hpcplusbwp30p140tt1v25c_ccs
aq_ifu_icache_data_array ZeroWireload    tcbn28hpcplusbwp30p140tt1v25c_ccs
aq_ifu_btb_entry_15    ZeroWireload      tcbn28hpcplusbwp30p140tt1v25c_ccs
aq_ifu_ipack_entry_2   ZeroWireload      tcbn28hpcplusbwp30p140tt1v25c_ccs
aq_ifu_ipack_entry_1   ZeroWireload      tcbn28hpcplusbwp30p140tt1v25c_ccs
aq_ifu_ibuf_entry_5    ZeroWireload      tcbn28hpcplusbwp30p140tt1v25c_ccs
aq_ifu_ibuf_pop_entry_1 ZeroWireload     tcbn28hpcplusbwp30p140tt1v25c_ccs
aq_ifu_ibuf_pop_entry_0 ZeroWireload     tcbn28hpcplusbwp30p140tt1v25c_ccs
aq_ifu_pre_decd        ZeroWireload      tcbn28hpcplusbwp30p140tt1v25c_ccs
aq_ifu_bht             ZeroWireload      tcbn28hpcplusbwp30p140tt1v25c_ccs
aq_ifu_ras             ZeroWireload      tcbn28hpcplusbwp30p140tt1v25c_ccs
aq_idu_id_gpr_gated_reg_30 ZeroWireload  tcbn28hpcplusbwp30p140tt1v25c_ccs
aq_idu_id_wbt_entry_30 ZeroWireload      tcbn28hpcplusbwp30p140tt1v25c_ccs
aq_idu_expand_32_7     ZeroWireload      tcbn28hpcplusbwp30p140tt1v25c_ccs
aq_vidu_vid_gpr_reg_fp_31 ZeroWireload   tcbn28hpcplusbwp30p140tt1v25c_ccs
aq_idu_expand_32_3     ZeroWireload      tcbn28hpcplusbwp30p140tt1v25c_ccs
aq_vidu_vid_wbt_entry_31 ZeroWireload    tcbn28hpcplusbwp30p140tt1v25c_ccs
multiplier_33x33_partial ZeroWireload    tcbn28hpcplusbwp30p140tt1v25c_ccs
aq_iu_div_shift2_kernel ZeroWireload     tcbn28hpcplusbwp30p140tt1v25c_ccs
aq_fadd_double_top     ZeroWireload      tcbn28hpcplusbwp30p140tt1v25c_ccs
aq_fadd_scalar_dp      ZeroWireload      tcbn28hpcplusbwp30p140tt1v25c_ccs
aq_falu_ctrl           ZeroWireload      tcbn28hpcplusbwp30p140tt1v25c_ccs
aq_fcnvt_double        ZeroWireload      tcbn28hpcplusbwp30p140tt1v25c_ccs
aq_fcnvt_scalar_dp     ZeroWireload      tcbn28hpcplusbwp30p140tt1v25c_ccs
aq_fcnvt_ctrl          ZeroWireload      tcbn28hpcplusbwp30p140tt1v25c_ccs
aq_fdsu_double         ZeroWireload      tcbn28hpcplusbwp30p140tt1v25c_ccs
aq_fdsu_scalar_dp      ZeroWireload      tcbn28hpcplusbwp30p140tt1v25c_ccs
aq_fdsu_scalar_ctrl    ZeroWireload      tcbn28hpcplusbwp30p140tt1v25c_ccs
aq_vfmau_ctrl          ZeroWireload      tcbn28hpcplusbwp30p140tt1v25c_ccs
aq_vfmau_dp            ZeroWireload      tcbn28hpcplusbwp30p140tt1v25c_ccs
aq_vlsu_lsu_if         ZeroWireload      tcbn28hpcplusbwp30p140tt1v25c_ccs
aq_vlsu_vtb            ZeroWireload      tcbn28hpcplusbwp30p140tt1v25c_ccs
aq_vpu_srcv_type_2     ZeroWireload      tcbn28hpcplusbwp30p140tt1v25c_ccs
aq_vpu_srcv_type_0     ZeroWireload      tcbn28hpcplusbwp30p140tt1v25c_ccs
aq_lsu_lfb_entry_7     ZeroWireload      tcbn28hpcplusbwp30p140tt1v25c_ccs
aq_lsu_stb_entry_3     ZeroWireload      tcbn28hpcplusbwp30p140tt1v25c_ccs
aq_dcache_tag_array_1  ZeroWireload      tcbn28hpcplusbwp30p140tt1v25c_ccs
aq_dcache_tag_array_0  ZeroWireload      tcbn28hpcplusbwp30p140tt1v25c_ccs
aq_dcache_dirty_array  ZeroWireload      tcbn28hpcplusbwp30p140tt1v25c_ccs
aq_dcache_data_array_3 ZeroWireload      tcbn28hpcplusbwp30p140tt1v25c_ccs
aq_prio_NUM5           ZeroWireload      tcbn28hpcplusbwp30p140tt1v25c_ccs
aq_lsu_pfb_4           ZeroWireload      tcbn28hpcplusbwp30p140tt1v25c_ccs
aq_lsu_pfb_3           ZeroWireload      tcbn28hpcplusbwp30p140tt1v25c_ccs
aq_cp0_info_csr        ZeroWireload      tcbn28hpcplusbwp30p140tt1v25c_ccs
aq_cp0_trap_csr        ZeroWireload      tcbn28hpcplusbwp30p140tt1v25c_ccs
aq_cp0_prtc_csr        ZeroWireload      tcbn28hpcplusbwp30p140tt1v25c_ccs
aq_cp0_hpcp_csr        ZeroWireload      tcbn28hpcplusbwp30p140tt1v25c_ccs
aq_cp0_float_csr       ZeroWireload      tcbn28hpcplusbwp30p140tt1v25c_ccs
aq_cp0_ext_csr         ZeroWireload      tcbn28hpcplusbwp30p140tt1v25c_ccs
aq_cp0_lpmd            ZeroWireload      tcbn28hpcplusbwp30p140tt1v25c_ccs
aq_cp0_rst_ctrl        ZeroWireload      tcbn28hpcplusbwp30p140tt1v25c_ccs
aq_cp0_cache_inst      ZeroWireload      tcbn28hpcplusbwp30p140tt1v25c_ccs
aq_cp0_fence_inst      ZeroWireload      tcbn28hpcplusbwp30p140tt1v25c_ccs
aq_mmu_utlb_entry_19   ZeroWireload      tcbn28hpcplusbwp30p140tt1v25c_ccs
aq_mmu_plru_1          ZeroWireload      tcbn28hpcplusbwp30p140tt1v25c_ccs
aq_spsram_64x98        ZeroWireload      tcbn28hpcplusbwp30p140tt1v25c_ccs
aq_spsram_64x88        ZeroWireload      tcbn28hpcplusbwp30p140tt1v25c_ccs
aq_dtu_m_iie_all       ZeroWireload      tcbn28hpcplusbwp30p140tt1v25c_ccs
tdt_dm_sync_dff_SYNC_NUM2_3 ZeroWireload tcbn28hpcplusbwp30p140tt1v25c_ccs
prio_sel_DATA9_SEL64_SEL_BIT6 ZeroWireload tcbn28hpcplusbwp30p140tt1v25c_ccs
prio_sel_DATA10_SEL9_SEL_BIT4 ZeroWireload tcbn28hpcplusbwp30p140tt1v25c_ccs
aq_spsram_256x59       ZeroWireload      tcbn28hpcplusbwp30p140tt1v25c_ccs
aq_spsram_2048x32_3    ZeroWireload      tcbn28hpcplusbwp30p140tt1v25c_ccs
aq_ifu_bht_array       ZeroWireload      tcbn28hpcplusbwp30p140tt1v25c_ccs
aq_ifu_ras_entry_3     ZeroWireload      tcbn28hpcplusbwp30p140tt1v25c_ccs
booth_code_33_bit_16   ZeroWireload      tcbn28hpcplusbwp30p140tt1v25c_ccs
booth_code_33_bit_15   ZeroWireload      tcbn28hpcplusbwp30p140tt1v25c_ccs
aq_fadd_double_dp      ZeroWireload      tcbn28hpcplusbwp30p140tt1v25c_ccs
aq_fadd_double_special ZeroWireload      tcbn28hpcplusbwp30p140tt1v25c_ccs
aq_fadd_double_add     ZeroWireload      tcbn28hpcplusbwp30p140tt1v25c_ccs
aq_fadd_double_cmp_max ZeroWireload      tcbn28hpcplusbwp30p140tt1v25c_ccs
aq_fcnvt_ftoi_d        ZeroWireload      tcbn28hpcplusbwp30p140tt1v25c_ccs
aq_fcnvt_dtos_d        ZeroWireload      tcbn28hpcplusbwp30p140tt1v25c_ccs
aq_fcnvt_xtoh_sh       ZeroWireload      tcbn28hpcplusbwp30p140tt1v25c_ccs
aq_vdsp_64_bit_ff1_1   ZeroWireload      tcbn28hpcplusbwp30p140tt1v25c_ccs
aq_left_shift_64_1     ZeroWireload      tcbn28hpcplusbwp30p140tt1v25c_ccs
aq_fdsu_special        ZeroWireload      tcbn28hpcplusbwp30p140tt1v25c_ccs
aq_fdsu_prepare        ZeroWireload      tcbn28hpcplusbwp30p140tt1v25c_ccs
aq_fdsu_srt            ZeroWireload      tcbn28hpcplusbwp30p140tt1v25c_ccs
aq_fdsu_round          ZeroWireload      tcbn28hpcplusbwp30p140tt1v25c_ccs
aq_fdsu_pack           ZeroWireload      tcbn28hpcplusbwp30p140tt1v25c_ccs
aq_fdsu_double_dp      ZeroWireload      tcbn28hpcplusbwp30p140tt1v25c_ccs
aq_vdsp_64_bit_ff1_0   ZeroWireload      tcbn28hpcplusbwp30p140tt1v25c_ccs
aq_left_shift_64_0     ZeroWireload      tcbn28hpcplusbwp30p140tt1v25c_ccs
aq_fdsu_denorm_shift   ZeroWireload      tcbn28hpcplusbwp30p140tt1v25c_ccs
aq_vfmau_mult          ZeroWireload      tcbn28hpcplusbwp30p140tt1v25c_ccs
aq_vlsu_ld_align_buffer ZeroWireload     tcbn28hpcplusbwp30p140tt1v25c_ccs
aq_vlsu_st_align_buffer ZeroWireload     tcbn28hpcplusbwp30p140tt1v25c_ccs
aq_vlsu_data_trans     ZeroWireload      tcbn28hpcplusbwp30p140tt1v25c_ccs
aq_vlsu_vtb_entry_3    ZeroWireload      tcbn28hpcplusbwp30p140tt1v25c_ccs
aq_vlsu_vtb_entry_1    ZeroWireload      tcbn28hpcplusbwp30p140tt1v25c_ccs
aq_spsram_64x58_3      ZeroWireload      tcbn28hpcplusbwp30p140tt1v25c_ccs
aq_spsram_128x8        ZeroWireload      tcbn28hpcplusbwp30p140tt1v25c_ccs
aq_spsram_1024x64_3    ZeroWireload      tcbn28hpcplusbwp30p140tt1v25c_ccs
aq_f_spsram_64x98      ZeroWireload      tcbn28hpcplusbwp30p140tt1v25c_ccs
aq_f_spsram_64x88      ZeroWireload      tcbn28hpcplusbwp30p140tt1v25c_ccs
aq_dtu_mcontrol_output_select ZeroWireload tcbn28hpcplusbwp30p140tt1v25c_ccs
aq_dtu_iie_trigger_1   ZeroWireload      tcbn28hpcplusbwp30p140tt1v25c_ccs
aq_f_spsram_256x59     ZeroWireload      tcbn28hpcplusbwp30p140tt1v25c_ccs
aq_f_spsram_2048x32_3  ZeroWireload      tcbn28hpcplusbwp30p140tt1v25c_ccs
aq_spsram_1024x16      ZeroWireload      tcbn28hpcplusbwp30p140tt1v25c_ccs
aq_fadd_lop_s1_sb      ZeroWireload      tcbn28hpcplusbwp30p140tt1v25c_ccs
aq_fadd_shift_sub_single ZeroWireload    tcbn28hpcplusbwp30p140tt1v25c_ccs
aq_fadd_double_round   ZeroWireload      tcbn28hpcplusbwp30p140tt1v25c_ccs
aq_fadd_shift_sub_h_double ZeroWireload  tcbn28hpcplusbwp30p140tt1v25c_ccs
aq_vdsp_8_bit_ff1_15   ZeroWireload      tcbn28hpcplusbwp30p140tt1v25c_ccs
aq_vdsp_8_bit_ff1_14   ZeroWireload      tcbn28hpcplusbwp30p140tt1v25c_ccs
aq_fdsu_right_shift_6  ZeroWireload      tcbn28hpcplusbwp30p140tt1v25c_ccs
aq_fdsu_right_shift_5  ZeroWireload      tcbn28hpcplusbwp30p140tt1v25c_ccs
aq_fdsu_right_shift_0  ZeroWireload      tcbn28hpcplusbwp30p140tt1v25c_ccs
aq_vfmau_frac_mult     ZeroWireload      tcbn28hpcplusbwp30p140tt1v25c_ccs
aq_vfmau_mult_double   ZeroWireload      tcbn28hpcplusbwp30p140tt1v25c_ccs
aq_vlsu_rot_data_1     ZeroWireload      tcbn28hpcplusbwp30p140tt1v25c_ccs
aq_vlsu_rot_data_0     ZeroWireload      tcbn28hpcplusbwp30p140tt1v25c_ccs
aq_f_spsram_64x58_3    ZeroWireload      tcbn28hpcplusbwp30p140tt1v25c_ccs
aq_f_spsram_128x8      ZeroWireload      tcbn28hpcplusbwp30p140tt1v25c_ccs
aq_f_spsram_1024x64_3  ZeroWireload      tcbn28hpcplusbwp30p140tt1v25c_ccs
aq_umc_spsram_64x98    ZeroWireload      tcbn28hpcplusbwp30p140tt1v25c_ccs
aq_umc_spsram_64x88    ZeroWireload      tcbn28hpcplusbwp30p140tt1v25c_ccs
aq_dtu_mcontrol_7      ZeroWireload      tcbn28hpcplusbwp30p140tt1v25c_ccs
aq_dtu_mcontrol_6      ZeroWireload      tcbn28hpcplusbwp30p140tt1v25c_ccs
aq_dtu_mcontrol_0      ZeroWireload      tcbn28hpcplusbwp30p140tt1v25c_ccs
aq_umc_spsram_256x59   ZeroWireload      tcbn28hpcplusbwp30p140tt1v25c_ccs
aq_umc_spsram_2048x32_3 ZeroWireload     tcbn28hpcplusbwp30p140tt1v25c_ccs
aq_f_spsram_1024x16    ZeroWireload      tcbn28hpcplusbwp30p140tt1v25c_ccs
aq_vfmau_multiplier_53x27_partial_1 ZeroWireload tcbn28hpcplusbwp30p140tt1v25c_ccs
aq_vfmau_multiplier_53x27_partial_0 ZeroWireload tcbn28hpcplusbwp30p140tt1v25c_ccs
aq_vfmau_special_judge_double ZeroWireload tcbn28hpcplusbwp30p140tt1v25c_ccs
aq_vfmau_frac_shift_double ZeroWireload  tcbn28hpcplusbwp30p140tt1v25c_ccs
aq_vfmau_lza_double    ZeroWireload      tcbn28hpcplusbwp30p140tt1v25c_ccs
aq_umc_spsram_64x58_3  ZeroWireload      tcbn28hpcplusbwp30p140tt1v25c_ccs
aq_umc_spsram_128x8    ZeroWireload      tcbn28hpcplusbwp30p140tt1v25c_ccs
aq_umc_spsram_1024x64_3 ZeroWireload     tcbn28hpcplusbwp30p140tt1v25c_ccs
aq_umc_spsram_1024x16  ZeroWireload      tcbn28hpcplusbwp30p140tt1v25c_ccs
booth_code_54_bit_27   ZeroWireload      tcbn28hpcplusbwp30p140tt1v25c_ccs
booth_code_54_bit_26   ZeroWireload      tcbn28hpcplusbwp30p140tt1v25c_ccs
booth_code_54_bit_14   ZeroWireload      tcbn28hpcplusbwp30p140tt1v25c_ccs
booth_code_54_bit_0    ZeroWireload      tcbn28hpcplusbwp30p140tt1v25c_ccs
aq_ifu_ibuf_entry_0    ZeroWireload      tcbn28hpcplusbwp30p140tt1v25c_ccs
aq_ifu_ibuf_entry_1    ZeroWireload      tcbn28hpcplusbwp30p140tt1v25c_ccs
aq_ifu_ibuf_entry_2    ZeroWireload      tcbn28hpcplusbwp30p140tt1v25c_ccs
aq_ifu_ibuf_entry_3    ZeroWireload      tcbn28hpcplusbwp30p140tt1v25c_ccs
aq_ifu_ibuf_entry_4    ZeroWireload      tcbn28hpcplusbwp30p140tt1v25c_ccs
nor_sel_SEL_BIT5_SEL_NUM32_DATA1_0 ZeroWireload tcbn28hpcplusbwp30p140tt1v25c_ccs
nor_sel_SEL_BIT5_SEL_NUM32_DATA1_1 ZeroWireload tcbn28hpcplusbwp30p140tt1v25c_ccs
nor_sel_SEL_BIT5_SEL_NUM32_DATA1_2 ZeroWireload tcbn28hpcplusbwp30p140tt1v25c_ccs
nor_sel_SEL_BIT5_SEL_NUM32_DATA1_3 ZeroWireload tcbn28hpcplusbwp30p140tt1v25c_ccs
nor_sel_SEL_BIT5_SEL_NUM32_DATA1_4 ZeroWireload tcbn28hpcplusbwp30p140tt1v25c_ccs
nor_sel_SEL_BIT5_SEL_NUM32_DATA1_5 ZeroWireload tcbn28hpcplusbwp30p140tt1v25c_ccs
nor_sel_SEL_BIT5_SEL_NUM32_DATA1_6 ZeroWireload tcbn28hpcplusbwp30p140tt1v25c_ccs
nor_sel_SEL_BIT5_SEL_NUM32_DATA1_7 ZeroWireload tcbn28hpcplusbwp30p140tt1v25c_ccs
nor_sel_SEL_BIT5_SEL_NUM32_DATA1_8 ZeroWireload tcbn28hpcplusbwp30p140tt1v25c_ccs
nor_sel_SEL_BIT5_SEL_NUM32_DATA1_9 ZeroWireload tcbn28hpcplusbwp30p140tt1v25c_ccs
nor_sel_SEL_BIT5_SEL_NUM32_DATA1_10 ZeroWireload tcbn28hpcplusbwp30p140tt1v25c_ccs
nor_sel_SEL_BIT5_SEL_NUM32_DATA1_11 ZeroWireload tcbn28hpcplusbwp30p140tt1v25c_ccs
nor_sel_SEL_BIT5_SEL_NUM32_DATA1_12 ZeroWireload tcbn28hpcplusbwp30p140tt1v25c_ccs
nor_sel_SEL_BIT5_SEL_NUM32_DATA1_13 ZeroWireload tcbn28hpcplusbwp30p140tt1v25c_ccs
nor_sel_SEL_BIT5_SEL_NUM32_DATA1_14 ZeroWireload tcbn28hpcplusbwp30p140tt1v25c_ccs
nor_sel_SEL_BIT5_SEL_NUM32_DATA1_15 ZeroWireload tcbn28hpcplusbwp30p140tt1v25c_ccs
nor_sel_SEL_BIT5_SEL_NUM32_DATA1_16 ZeroWireload tcbn28hpcplusbwp30p140tt1v25c_ccs
nor_sel_SEL_BIT5_SEL_NUM32_DATA1_17 ZeroWireload tcbn28hpcplusbwp30p140tt1v25c_ccs
nor_sel_SEL_BIT5_SEL_NUM32_DATA1_18 ZeroWireload tcbn28hpcplusbwp30p140tt1v25c_ccs
nor_sel_SEL_BIT5_SEL_NUM32_DATA1_19 ZeroWireload tcbn28hpcplusbwp30p140tt1v25c_ccs
nor_sel_SEL_BIT5_SEL_NUM32_DATA1_20 ZeroWireload tcbn28hpcplusbwp30p140tt1v25c_ccs
nor_sel_SEL_BIT5_SEL_NUM32_DATA1_21 ZeroWireload tcbn28hpcplusbwp30p140tt1v25c_ccs
nor_sel_SEL_BIT5_SEL_NUM32_DATA1_22 ZeroWireload tcbn28hpcplusbwp30p140tt1v25c_ccs
nor_sel_SEL_BIT5_SEL_NUM32_DATA1_23 ZeroWireload tcbn28hpcplusbwp30p140tt1v25c_ccs
nor_sel_SEL_BIT5_SEL_NUM32_DATA1_24 ZeroWireload tcbn28hpcplusbwp30p140tt1v25c_ccs
nor_sel_SEL_BIT5_SEL_NUM32_DATA1_25 ZeroWireload tcbn28hpcplusbwp30p140tt1v25c_ccs
nor_sel_SEL_BIT5_SEL_NUM32_DATA1_26 ZeroWireload tcbn28hpcplusbwp30p140tt1v25c_ccs
nor_sel_SEL_BIT5_SEL_NUM32_DATA1_27 ZeroWireload tcbn28hpcplusbwp30p140tt1v25c_ccs
nor_sel_SEL_BIT5_SEL_NUM32_DATA1_28 ZeroWireload tcbn28hpcplusbwp30p140tt1v25c_ccs
nor_sel_SEL_BIT5_SEL_NUM32_DATA1_29 ZeroWireload tcbn28hpcplusbwp30p140tt1v25c_ccs
aq_hpcp_cnt_0          ZeroWireload      tcbn28hpcplusbwp30p140tt1v25c_ccs
aq_hpcp_cnt_1          ZeroWireload      tcbn28hpcplusbwp30p140tt1v25c_ccs
aq_hpcp_cnt_2          ZeroWireload      tcbn28hpcplusbwp30p140tt1v25c_ccs
aq_hpcp_cnt_3          ZeroWireload      tcbn28hpcplusbwp30p140tt1v25c_ccs
aq_hpcp_cnt_4          ZeroWireload      tcbn28hpcplusbwp30p140tt1v25c_ccs
aq_hpcp_cnt_5          ZeroWireload      tcbn28hpcplusbwp30p140tt1v25c_ccs
aq_hpcp_cnt_6          ZeroWireload      tcbn28hpcplusbwp30p140tt1v25c_ccs
aq_spsram_2048x32_0    ZeroWireload      tcbn28hpcplusbwp30p140tt1v25c_ccs
aq_spsram_2048x32_1    ZeroWireload      tcbn28hpcplusbwp30p140tt1v25c_ccs
aq_spsram_2048x32_2    ZeroWireload      tcbn28hpcplusbwp30p140tt1v25c_ccs
aq_f_spsram_2048x32_0  ZeroWireload      tcbn28hpcplusbwp30p140tt1v25c_ccs
aq_f_spsram_2048x32_1  ZeroWireload      tcbn28hpcplusbwp30p140tt1v25c_ccs
aq_f_spsram_2048x32_2  ZeroWireload      tcbn28hpcplusbwp30p140tt1v25c_ccs
aq_umc_spsram_2048x32_0 ZeroWireload     tcbn28hpcplusbwp30p140tt1v25c_ccs
aq_umc_spsram_2048x32_1 ZeroWireload     tcbn28hpcplusbwp30p140tt1v25c_ccs
aq_umc_spsram_2048x32_2 ZeroWireload     tcbn28hpcplusbwp30p140tt1v25c_ccs
aq_idu_id_gpr_gated_reg_0 ZeroWireload   tcbn28hpcplusbwp30p140tt1v25c_ccs
aq_idu_id_gpr_gated_reg_1 ZeroWireload   tcbn28hpcplusbwp30p140tt1v25c_ccs
aq_idu_id_gpr_gated_reg_2 ZeroWireload   tcbn28hpcplusbwp30p140tt1v25c_ccs
aq_idu_id_gpr_gated_reg_3 ZeroWireload   tcbn28hpcplusbwp30p140tt1v25c_ccs
aq_idu_id_gpr_gated_reg_4 ZeroWireload   tcbn28hpcplusbwp30p140tt1v25c_ccs
aq_idu_id_gpr_gated_reg_5 ZeroWireload   tcbn28hpcplusbwp30p140tt1v25c_ccs
aq_idu_id_gpr_gated_reg_6 ZeroWireload   tcbn28hpcplusbwp30p140tt1v25c_ccs
aq_idu_id_gpr_gated_reg_7 ZeroWireload   tcbn28hpcplusbwp30p140tt1v25c_ccs
aq_idu_id_gpr_gated_reg_8 ZeroWireload   tcbn28hpcplusbwp30p140tt1v25c_ccs
aq_idu_id_gpr_gated_reg_9 ZeroWireload   tcbn28hpcplusbwp30p140tt1v25c_ccs
aq_idu_id_gpr_gated_reg_10 ZeroWireload  tcbn28hpcplusbwp30p140tt1v25c_ccs
aq_idu_id_gpr_gated_reg_11 ZeroWireload  tcbn28hpcplusbwp30p140tt1v25c_ccs
aq_idu_id_gpr_gated_reg_12 ZeroWireload  tcbn28hpcplusbwp30p140tt1v25c_ccs
aq_idu_id_gpr_gated_reg_13 ZeroWireload  tcbn28hpcplusbwp30p140tt1v25c_ccs
aq_idu_id_gpr_gated_reg_14 ZeroWireload  tcbn28hpcplusbwp30p140tt1v25c_ccs
aq_idu_id_gpr_gated_reg_15 ZeroWireload  tcbn28hpcplusbwp30p140tt1v25c_ccs
aq_idu_id_gpr_gated_reg_16 ZeroWireload  tcbn28hpcplusbwp30p140tt1v25c_ccs
aq_idu_id_gpr_gated_reg_17 ZeroWireload  tcbn28hpcplusbwp30p140tt1v25c_ccs
aq_idu_id_gpr_gated_reg_18 ZeroWireload  tcbn28hpcplusbwp30p140tt1v25c_ccs
aq_idu_id_gpr_gated_reg_19 ZeroWireload  tcbn28hpcplusbwp30p140tt1v25c_ccs
aq_idu_id_gpr_gated_reg_20 ZeroWireload  tcbn28hpcplusbwp30p140tt1v25c_ccs
aq_idu_id_gpr_gated_reg_21 ZeroWireload  tcbn28hpcplusbwp30p140tt1v25c_ccs
aq_idu_id_gpr_gated_reg_22 ZeroWireload  tcbn28hpcplusbwp30p140tt1v25c_ccs
aq_idu_id_gpr_gated_reg_23 ZeroWireload  tcbn28hpcplusbwp30p140tt1v25c_ccs
aq_idu_id_gpr_gated_reg_24 ZeroWireload  tcbn28hpcplusbwp30p140tt1v25c_ccs
aq_idu_id_gpr_gated_reg_25 ZeroWireload  tcbn28hpcplusbwp30p140tt1v25c_ccs
aq_idu_id_gpr_gated_reg_26 ZeroWireload  tcbn28hpcplusbwp30p140tt1v25c_ccs
aq_idu_id_gpr_gated_reg_27 ZeroWireload  tcbn28hpcplusbwp30p140tt1v25c_ccs
aq_idu_id_gpr_gated_reg_28 ZeroWireload  tcbn28hpcplusbwp30p140tt1v25c_ccs
aq_idu_id_gpr_gated_reg_29 ZeroWireload  tcbn28hpcplusbwp30p140tt1v25c_ccs
plic_int_kid_PRIO_BIT5_0 ZeroWireload    tcbn28hpcplusbwp30p140tt1v25c_ccs
plic_int_kid_PRIO_BIT5_1 ZeroWireload    tcbn28hpcplusbwp30p140tt1v25c_ccs
plic_int_kid_PRIO_BIT5_2 ZeroWireload    tcbn28hpcplusbwp30p140tt1v25c_ccs
plic_int_kid_PRIO_BIT5_3 ZeroWireload    tcbn28hpcplusbwp30p140tt1v25c_ccs
plic_int_kid_PRIO_BIT5_4 ZeroWireload    tcbn28hpcplusbwp30p140tt1v25c_ccs
plic_int_kid_PRIO_BIT5_5 ZeroWireload    tcbn28hpcplusbwp30p140tt1v25c_ccs
plic_int_kid_PRIO_BIT5_6 ZeroWireload    tcbn28hpcplusbwp30p140tt1v25c_ccs
plic_int_kid_PRIO_BIT5_7 ZeroWireload    tcbn28hpcplusbwp30p140tt1v25c_ccs
plic_int_kid_PRIO_BIT5_8 ZeroWireload    tcbn28hpcplusbwp30p140tt1v25c_ccs
plic_int_kid_PRIO_BIT5_9 ZeroWireload    tcbn28hpcplusbwp30p140tt1v25c_ccs
plic_int_kid_PRIO_BIT5_10 ZeroWireload   tcbn28hpcplusbwp30p140tt1v25c_ccs
plic_int_kid_PRIO_BIT5_11 ZeroWireload   tcbn28hpcplusbwp30p140tt1v25c_ccs
plic_int_kid_PRIO_BIT5_12 ZeroWireload   tcbn28hpcplusbwp30p140tt1v25c_ccs
plic_int_kid_PRIO_BIT5_13 ZeroWireload   tcbn28hpcplusbwp30p140tt1v25c_ccs
plic_int_kid_PRIO_BIT5_14 ZeroWireload   tcbn28hpcplusbwp30p140tt1v25c_ccs
plic_int_kid_PRIO_BIT5_15 ZeroWireload   tcbn28hpcplusbwp30p140tt1v25c_ccs
plic_int_kid_PRIO_BIT5_16 ZeroWireload   tcbn28hpcplusbwp30p140tt1v25c_ccs
plic_int_kid_PRIO_BIT5_17 ZeroWireload   tcbn28hpcplusbwp30p140tt1v25c_ccs
plic_int_kid_PRIO_BIT5_18 ZeroWireload   tcbn28hpcplusbwp30p140tt1v25c_ccs
plic_int_kid_PRIO_BIT5_19 ZeroWireload   tcbn28hpcplusbwp30p140tt1v25c_ccs
plic_int_kid_PRIO_BIT5_20 ZeroWireload   tcbn28hpcplusbwp30p140tt1v25c_ccs
plic_int_kid_PRIO_BIT5_21 ZeroWireload   tcbn28hpcplusbwp30p140tt1v25c_ccs
plic_int_kid_PRIO_BIT5_22 ZeroWireload   tcbn28hpcplusbwp30p140tt1v25c_ccs
plic_int_kid_PRIO_BIT5_23 ZeroWireload   tcbn28hpcplusbwp30p140tt1v25c_ccs
plic_int_kid_PRIO_BIT5_24 ZeroWireload   tcbn28hpcplusbwp30p140tt1v25c_ccs
plic_int_kid_PRIO_BIT5_25 ZeroWireload   tcbn28hpcplusbwp30p140tt1v25c_ccs
plic_int_kid_PRIO_BIT5_26 ZeroWireload   tcbn28hpcplusbwp30p140tt1v25c_ccs
plic_int_kid_PRIO_BIT5_27 ZeroWireload   tcbn28hpcplusbwp30p140tt1v25c_ccs
plic_int_kid_PRIO_BIT5_28 ZeroWireload   tcbn28hpcplusbwp30p140tt1v25c_ccs
plic_int_kid_PRIO_BIT5_29 ZeroWireload   tcbn28hpcplusbwp30p140tt1v25c_ccs
plic_int_kid_PRIO_BIT5_30 ZeroWireload   tcbn28hpcplusbwp30p140tt1v25c_ccs
plic_int_kid_PRIO_BIT5_31 ZeroWireload   tcbn28hpcplusbwp30p140tt1v25c_ccs
plic_int_kid_PRIO_BIT5_32 ZeroWireload   tcbn28hpcplusbwp30p140tt1v25c_ccs
plic_int_kid_PRIO_BIT5_33 ZeroWireload   tcbn28hpcplusbwp30p140tt1v25c_ccs
plic_int_kid_PRIO_BIT5_34 ZeroWireload   tcbn28hpcplusbwp30p140tt1v25c_ccs
plic_int_kid_PRIO_BIT5_35 ZeroWireload   tcbn28hpcplusbwp30p140tt1v25c_ccs
plic_int_kid_PRIO_BIT5_36 ZeroWireload   tcbn28hpcplusbwp30p140tt1v25c_ccs
plic_int_kid_PRIO_BIT5_37 ZeroWireload   tcbn28hpcplusbwp30p140tt1v25c_ccs
plic_int_kid_PRIO_BIT5_38 ZeroWireload   tcbn28hpcplusbwp30p140tt1v25c_ccs
plic_int_kid_PRIO_BIT5_39 ZeroWireload   tcbn28hpcplusbwp30p140tt1v25c_ccs
plic_int_kid_PRIO_BIT5_40 ZeroWireload   tcbn28hpcplusbwp30p140tt1v25c_ccs
plic_int_kid_PRIO_BIT5_41 ZeroWireload   tcbn28hpcplusbwp30p140tt1v25c_ccs
plic_int_kid_PRIO_BIT5_42 ZeroWireload   tcbn28hpcplusbwp30p140tt1v25c_ccs
plic_int_kid_PRIO_BIT5_43 ZeroWireload   tcbn28hpcplusbwp30p140tt1v25c_ccs
plic_int_kid_PRIO_BIT5_44 ZeroWireload   tcbn28hpcplusbwp30p140tt1v25c_ccs
plic_int_kid_PRIO_BIT5_45 ZeroWireload   tcbn28hpcplusbwp30p140tt1v25c_ccs
plic_int_kid_PRIO_BIT5_46 ZeroWireload   tcbn28hpcplusbwp30p140tt1v25c_ccs
plic_int_kid_PRIO_BIT5_47 ZeroWireload   tcbn28hpcplusbwp30p140tt1v25c_ccs
plic_int_kid_PRIO_BIT5_48 ZeroWireload   tcbn28hpcplusbwp30p140tt1v25c_ccs
plic_int_kid_PRIO_BIT5_49 ZeroWireload   tcbn28hpcplusbwp30p140tt1v25c_ccs
plic_int_kid_PRIO_BIT5_50 ZeroWireload   tcbn28hpcplusbwp30p140tt1v25c_ccs
plic_int_kid_PRIO_BIT5_51 ZeroWireload   tcbn28hpcplusbwp30p140tt1v25c_ccs
plic_int_kid_PRIO_BIT5_52 ZeroWireload   tcbn28hpcplusbwp30p140tt1v25c_ccs
plic_int_kid_PRIO_BIT5_53 ZeroWireload   tcbn28hpcplusbwp30p140tt1v25c_ccs
plic_int_kid_PRIO_BIT5_54 ZeroWireload   tcbn28hpcplusbwp30p140tt1v25c_ccs
plic_int_kid_PRIO_BIT5_55 ZeroWireload   tcbn28hpcplusbwp30p140tt1v25c_ccs
plic_int_kid_PRIO_BIT5_56 ZeroWireload   tcbn28hpcplusbwp30p140tt1v25c_ccs
plic_int_kid_PRIO_BIT5_57 ZeroWireload   tcbn28hpcplusbwp30p140tt1v25c_ccs
plic_int_kid_PRIO_BIT5_58 ZeroWireload   tcbn28hpcplusbwp30p140tt1v25c_ccs
plic_int_kid_PRIO_BIT5_59 ZeroWireload   tcbn28hpcplusbwp30p140tt1v25c_ccs
plic_int_kid_PRIO_BIT5_60 ZeroWireload   tcbn28hpcplusbwp30p140tt1v25c_ccs
plic_int_kid_PRIO_BIT5_61 ZeroWireload   tcbn28hpcplusbwp30p140tt1v25c_ccs
plic_int_kid_PRIO_BIT5_62 ZeroWireload   tcbn28hpcplusbwp30p140tt1v25c_ccs
plic_int_kid_PRIO_BIT5_63 ZeroWireload   tcbn28hpcplusbwp30p140tt1v25c_ccs
plic_int_kid_PRIO_BIT5_64 ZeroWireload   tcbn28hpcplusbwp30p140tt1v25c_ccs
plic_int_kid_PRIO_BIT5_65 ZeroWireload   tcbn28hpcplusbwp30p140tt1v25c_ccs
plic_int_kid_PRIO_BIT5_66 ZeroWireload   tcbn28hpcplusbwp30p140tt1v25c_ccs
plic_int_kid_PRIO_BIT5_67 ZeroWireload   tcbn28hpcplusbwp30p140tt1v25c_ccs
plic_int_kid_PRIO_BIT5_68 ZeroWireload   tcbn28hpcplusbwp30p140tt1v25c_ccs
plic_int_kid_PRIO_BIT5_69 ZeroWireload   tcbn28hpcplusbwp30p140tt1v25c_ccs
plic_int_kid_PRIO_BIT5_70 ZeroWireload   tcbn28hpcplusbwp30p140tt1v25c_ccs
plic_int_kid_PRIO_BIT5_71 ZeroWireload   tcbn28hpcplusbwp30p140tt1v25c_ccs
plic_int_kid_PRIO_BIT5_72 ZeroWireload   tcbn28hpcplusbwp30p140tt1v25c_ccs
plic_int_kid_PRIO_BIT5_73 ZeroWireload   tcbn28hpcplusbwp30p140tt1v25c_ccs
plic_int_kid_PRIO_BIT5_74 ZeroWireload   tcbn28hpcplusbwp30p140tt1v25c_ccs
plic_int_kid_PRIO_BIT5_75 ZeroWireload   tcbn28hpcplusbwp30p140tt1v25c_ccs
plic_int_kid_PRIO_BIT5_76 ZeroWireload   tcbn28hpcplusbwp30p140tt1v25c_ccs
plic_int_kid_PRIO_BIT5_77 ZeroWireload   tcbn28hpcplusbwp30p140tt1v25c_ccs
plic_int_kid_PRIO_BIT5_78 ZeroWireload   tcbn28hpcplusbwp30p140tt1v25c_ccs
plic_int_kid_PRIO_BIT5_79 ZeroWireload   tcbn28hpcplusbwp30p140tt1v25c_ccs
plic_int_kid_PRIO_BIT5_80 ZeroWireload   tcbn28hpcplusbwp30p140tt1v25c_ccs
plic_int_kid_PRIO_BIT5_81 ZeroWireload   tcbn28hpcplusbwp30p140tt1v25c_ccs
plic_int_kid_PRIO_BIT5_82 ZeroWireload   tcbn28hpcplusbwp30p140tt1v25c_ccs
plic_int_kid_PRIO_BIT5_83 ZeroWireload   tcbn28hpcplusbwp30p140tt1v25c_ccs
plic_int_kid_PRIO_BIT5_84 ZeroWireload   tcbn28hpcplusbwp30p140tt1v25c_ccs
plic_int_kid_PRIO_BIT5_85 ZeroWireload   tcbn28hpcplusbwp30p140tt1v25c_ccs
plic_int_kid_PRIO_BIT5_86 ZeroWireload   tcbn28hpcplusbwp30p140tt1v25c_ccs
plic_int_kid_PRIO_BIT5_87 ZeroWireload   tcbn28hpcplusbwp30p140tt1v25c_ccs
plic_int_kid_PRIO_BIT5_88 ZeroWireload   tcbn28hpcplusbwp30p140tt1v25c_ccs
plic_int_kid_PRIO_BIT5_89 ZeroWireload   tcbn28hpcplusbwp30p140tt1v25c_ccs
plic_int_kid_PRIO_BIT5_90 ZeroWireload   tcbn28hpcplusbwp30p140tt1v25c_ccs
plic_int_kid_PRIO_BIT5_91 ZeroWireload   tcbn28hpcplusbwp30p140tt1v25c_ccs
plic_int_kid_PRIO_BIT5_92 ZeroWireload   tcbn28hpcplusbwp30p140tt1v25c_ccs
plic_int_kid_PRIO_BIT5_93 ZeroWireload   tcbn28hpcplusbwp30p140tt1v25c_ccs
plic_int_kid_PRIO_BIT5_94 ZeroWireload   tcbn28hpcplusbwp30p140tt1v25c_ccs
plic_int_kid_PRIO_BIT5_95 ZeroWireload   tcbn28hpcplusbwp30p140tt1v25c_ccs
plic_int_kid_PRIO_BIT5_96 ZeroWireload   tcbn28hpcplusbwp30p140tt1v25c_ccs
plic_int_kid_PRIO_BIT5_97 ZeroWireload   tcbn28hpcplusbwp30p140tt1v25c_ccs
plic_int_kid_PRIO_BIT5_98 ZeroWireload   tcbn28hpcplusbwp30p140tt1v25c_ccs
plic_int_kid_PRIO_BIT5_99 ZeroWireload   tcbn28hpcplusbwp30p140tt1v25c_ccs
plic_int_kid_PRIO_BIT5_100 ZeroWireload  tcbn28hpcplusbwp30p140tt1v25c_ccs
plic_int_kid_PRIO_BIT5_101 ZeroWireload  tcbn28hpcplusbwp30p140tt1v25c_ccs
plic_int_kid_PRIO_BIT5_102 ZeroWireload  tcbn28hpcplusbwp30p140tt1v25c_ccs
plic_int_kid_PRIO_BIT5_103 ZeroWireload  tcbn28hpcplusbwp30p140tt1v25c_ccs
plic_int_kid_PRIO_BIT5_104 ZeroWireload  tcbn28hpcplusbwp30p140tt1v25c_ccs
plic_int_kid_PRIO_BIT5_105 ZeroWireload  tcbn28hpcplusbwp30p140tt1v25c_ccs
plic_int_kid_PRIO_BIT5_106 ZeroWireload  tcbn28hpcplusbwp30p140tt1v25c_ccs
plic_int_kid_PRIO_BIT5_107 ZeroWireload  tcbn28hpcplusbwp30p140tt1v25c_ccs
plic_int_kid_PRIO_BIT5_108 ZeroWireload  tcbn28hpcplusbwp30p140tt1v25c_ccs
plic_int_kid_PRIO_BIT5_109 ZeroWireload  tcbn28hpcplusbwp30p140tt1v25c_ccs
plic_int_kid_PRIO_BIT5_110 ZeroWireload  tcbn28hpcplusbwp30p140tt1v25c_ccs
plic_int_kid_PRIO_BIT5_111 ZeroWireload  tcbn28hpcplusbwp30p140tt1v25c_ccs
plic_int_kid_PRIO_BIT5_112 ZeroWireload  tcbn28hpcplusbwp30p140tt1v25c_ccs
plic_int_kid_PRIO_BIT5_113 ZeroWireload  tcbn28hpcplusbwp30p140tt1v25c_ccs
plic_int_kid_PRIO_BIT5_114 ZeroWireload  tcbn28hpcplusbwp30p140tt1v25c_ccs
plic_int_kid_PRIO_BIT5_115 ZeroWireload  tcbn28hpcplusbwp30p140tt1v25c_ccs
plic_int_kid_PRIO_BIT5_116 ZeroWireload  tcbn28hpcplusbwp30p140tt1v25c_ccs
plic_int_kid_PRIO_BIT5_117 ZeroWireload  tcbn28hpcplusbwp30p140tt1v25c_ccs
plic_int_kid_PRIO_BIT5_118 ZeroWireload  tcbn28hpcplusbwp30p140tt1v25c_ccs
plic_int_kid_PRIO_BIT5_119 ZeroWireload  tcbn28hpcplusbwp30p140tt1v25c_ccs
plic_int_kid_PRIO_BIT5_120 ZeroWireload  tcbn28hpcplusbwp30p140tt1v25c_ccs
plic_int_kid_PRIO_BIT5_121 ZeroWireload  tcbn28hpcplusbwp30p140tt1v25c_ccs
plic_int_kid_PRIO_BIT5_122 ZeroWireload  tcbn28hpcplusbwp30p140tt1v25c_ccs
plic_int_kid_PRIO_BIT5_123 ZeroWireload  tcbn28hpcplusbwp30p140tt1v25c_ccs
plic_int_kid_PRIO_BIT5_124 ZeroWireload  tcbn28hpcplusbwp30p140tt1v25c_ccs
plic_int_kid_PRIO_BIT5_125 ZeroWireload  tcbn28hpcplusbwp30p140tt1v25c_ccs
plic_int_kid_PRIO_BIT5_126 ZeroWireload  tcbn28hpcplusbwp30p140tt1v25c_ccs
plic_int_kid_PRIO_BIT5_127 ZeroWireload  tcbn28hpcplusbwp30p140tt1v25c_ccs
plic_int_kid_PRIO_BIT5_128 ZeroWireload  tcbn28hpcplusbwp30p140tt1v25c_ccs
plic_int_kid_PRIO_BIT5_129 ZeroWireload  tcbn28hpcplusbwp30p140tt1v25c_ccs
plic_int_kid_PRIO_BIT5_130 ZeroWireload  tcbn28hpcplusbwp30p140tt1v25c_ccs
plic_int_kid_PRIO_BIT5_131 ZeroWireload  tcbn28hpcplusbwp30p140tt1v25c_ccs
plic_int_kid_PRIO_BIT5_132 ZeroWireload  tcbn28hpcplusbwp30p140tt1v25c_ccs
plic_int_kid_PRIO_BIT5_133 ZeroWireload  tcbn28hpcplusbwp30p140tt1v25c_ccs
plic_int_kid_PRIO_BIT5_134 ZeroWireload  tcbn28hpcplusbwp30p140tt1v25c_ccs
plic_int_kid_PRIO_BIT5_135 ZeroWireload  tcbn28hpcplusbwp30p140tt1v25c_ccs
plic_int_kid_PRIO_BIT5_136 ZeroWireload  tcbn28hpcplusbwp30p140tt1v25c_ccs
plic_int_kid_PRIO_BIT5_137 ZeroWireload  tcbn28hpcplusbwp30p140tt1v25c_ccs
plic_int_kid_PRIO_BIT5_138 ZeroWireload  tcbn28hpcplusbwp30p140tt1v25c_ccs
plic_int_kid_PRIO_BIT5_139 ZeroWireload  tcbn28hpcplusbwp30p140tt1v25c_ccs
plic_int_kid_PRIO_BIT5_140 ZeroWireload  tcbn28hpcplusbwp30p140tt1v25c_ccs
plic_int_kid_PRIO_BIT5_141 ZeroWireload  tcbn28hpcplusbwp30p140tt1v25c_ccs
plic_int_kid_PRIO_BIT5_142 ZeroWireload  tcbn28hpcplusbwp30p140tt1v25c_ccs
plic_int_kid_PRIO_BIT5_143 ZeroWireload  tcbn28hpcplusbwp30p140tt1v25c_ccs
plic_int_kid_PRIO_BIT5_144 ZeroWireload  tcbn28hpcplusbwp30p140tt1v25c_ccs
plic_int_kid_PRIO_BIT5_145 ZeroWireload  tcbn28hpcplusbwp30p140tt1v25c_ccs
plic_int_kid_PRIO_BIT5_146 ZeroWireload  tcbn28hpcplusbwp30p140tt1v25c_ccs
plic_int_kid_PRIO_BIT5_147 ZeroWireload  tcbn28hpcplusbwp30p140tt1v25c_ccs
plic_int_kid_PRIO_BIT5_148 ZeroWireload  tcbn28hpcplusbwp30p140tt1v25c_ccs
plic_int_kid_PRIO_BIT5_149 ZeroWireload  tcbn28hpcplusbwp30p140tt1v25c_ccs
plic_int_kid_PRIO_BIT5_150 ZeroWireload  tcbn28hpcplusbwp30p140tt1v25c_ccs
plic_int_kid_PRIO_BIT5_151 ZeroWireload  tcbn28hpcplusbwp30p140tt1v25c_ccs
plic_int_kid_PRIO_BIT5_152 ZeroWireload  tcbn28hpcplusbwp30p140tt1v25c_ccs
plic_int_kid_PRIO_BIT5_153 ZeroWireload  tcbn28hpcplusbwp30p140tt1v25c_ccs
plic_int_kid_PRIO_BIT5_154 ZeroWireload  tcbn28hpcplusbwp30p140tt1v25c_ccs
plic_int_kid_PRIO_BIT5_155 ZeroWireload  tcbn28hpcplusbwp30p140tt1v25c_ccs
plic_int_kid_PRIO_BIT5_156 ZeroWireload  tcbn28hpcplusbwp30p140tt1v25c_ccs
plic_int_kid_PRIO_BIT5_157 ZeroWireload  tcbn28hpcplusbwp30p140tt1v25c_ccs
plic_int_kid_PRIO_BIT5_158 ZeroWireload  tcbn28hpcplusbwp30p140tt1v25c_ccs
plic_int_kid_PRIO_BIT5_159 ZeroWireload  tcbn28hpcplusbwp30p140tt1v25c_ccs
plic_int_kid_PRIO_BIT5_160 ZeroWireload  tcbn28hpcplusbwp30p140tt1v25c_ccs
plic_int_kid_PRIO_BIT5_161 ZeroWireload  tcbn28hpcplusbwp30p140tt1v25c_ccs
plic_int_kid_PRIO_BIT5_162 ZeroWireload  tcbn28hpcplusbwp30p140tt1v25c_ccs
plic_int_kid_PRIO_BIT5_163 ZeroWireload  tcbn28hpcplusbwp30p140tt1v25c_ccs
plic_int_kid_PRIO_BIT5_164 ZeroWireload  tcbn28hpcplusbwp30p140tt1v25c_ccs
plic_int_kid_PRIO_BIT5_165 ZeroWireload  tcbn28hpcplusbwp30p140tt1v25c_ccs
plic_int_kid_PRIO_BIT5_166 ZeroWireload  tcbn28hpcplusbwp30p140tt1v25c_ccs
plic_int_kid_PRIO_BIT5_167 ZeroWireload  tcbn28hpcplusbwp30p140tt1v25c_ccs
plic_int_kid_PRIO_BIT5_168 ZeroWireload  tcbn28hpcplusbwp30p140tt1v25c_ccs
plic_int_kid_PRIO_BIT5_169 ZeroWireload  tcbn28hpcplusbwp30p140tt1v25c_ccs
plic_int_kid_PRIO_BIT5_170 ZeroWireload  tcbn28hpcplusbwp30p140tt1v25c_ccs
plic_int_kid_PRIO_BIT5_171 ZeroWireload  tcbn28hpcplusbwp30p140tt1v25c_ccs
plic_int_kid_PRIO_BIT5_172 ZeroWireload  tcbn28hpcplusbwp30p140tt1v25c_ccs
plic_int_kid_PRIO_BIT5_173 ZeroWireload  tcbn28hpcplusbwp30p140tt1v25c_ccs
plic_int_kid_PRIO_BIT5_174 ZeroWireload  tcbn28hpcplusbwp30p140tt1v25c_ccs
plic_int_kid_PRIO_BIT5_175 ZeroWireload  tcbn28hpcplusbwp30p140tt1v25c_ccs
plic_int_kid_PRIO_BIT5_176 ZeroWireload  tcbn28hpcplusbwp30p140tt1v25c_ccs
plic_int_kid_PRIO_BIT5_177 ZeroWireload  tcbn28hpcplusbwp30p140tt1v25c_ccs
plic_int_kid_PRIO_BIT5_178 ZeroWireload  tcbn28hpcplusbwp30p140tt1v25c_ccs
plic_int_kid_PRIO_BIT5_179 ZeroWireload  tcbn28hpcplusbwp30p140tt1v25c_ccs
plic_int_kid_PRIO_BIT5_180 ZeroWireload  tcbn28hpcplusbwp30p140tt1v25c_ccs
plic_int_kid_PRIO_BIT5_181 ZeroWireload  tcbn28hpcplusbwp30p140tt1v25c_ccs
plic_int_kid_PRIO_BIT5_182 ZeroWireload  tcbn28hpcplusbwp30p140tt1v25c_ccs
plic_int_kid_PRIO_BIT5_183 ZeroWireload  tcbn28hpcplusbwp30p140tt1v25c_ccs
plic_int_kid_PRIO_BIT5_184 ZeroWireload  tcbn28hpcplusbwp30p140tt1v25c_ccs
plic_int_kid_PRIO_BIT5_185 ZeroWireload  tcbn28hpcplusbwp30p140tt1v25c_ccs
plic_int_kid_PRIO_BIT5_186 ZeroWireload  tcbn28hpcplusbwp30p140tt1v25c_ccs
plic_int_kid_PRIO_BIT5_187 ZeroWireload  tcbn28hpcplusbwp30p140tt1v25c_ccs
plic_int_kid_PRIO_BIT5_188 ZeroWireload  tcbn28hpcplusbwp30p140tt1v25c_ccs
plic_int_kid_PRIO_BIT5_189 ZeroWireload  tcbn28hpcplusbwp30p140tt1v25c_ccs
plic_int_kid_PRIO_BIT5_190 ZeroWireload  tcbn28hpcplusbwp30p140tt1v25c_ccs
plic_int_kid_PRIO_BIT5_191 ZeroWireload  tcbn28hpcplusbwp30p140tt1v25c_ccs
plic_int_kid_PRIO_BIT5_192 ZeroWireload  tcbn28hpcplusbwp30p140tt1v25c_ccs
plic_int_kid_PRIO_BIT5_193 ZeroWireload  tcbn28hpcplusbwp30p140tt1v25c_ccs
plic_int_kid_PRIO_BIT5_194 ZeroWireload  tcbn28hpcplusbwp30p140tt1v25c_ccs
plic_int_kid_PRIO_BIT5_195 ZeroWireload  tcbn28hpcplusbwp30p140tt1v25c_ccs
plic_int_kid_PRIO_BIT5_196 ZeroWireload  tcbn28hpcplusbwp30p140tt1v25c_ccs
plic_int_kid_PRIO_BIT5_197 ZeroWireload  tcbn28hpcplusbwp30p140tt1v25c_ccs
plic_int_kid_PRIO_BIT5_198 ZeroWireload  tcbn28hpcplusbwp30p140tt1v25c_ccs
plic_int_kid_PRIO_BIT5_199 ZeroWireload  tcbn28hpcplusbwp30p140tt1v25c_ccs
plic_int_kid_PRIO_BIT5_200 ZeroWireload  tcbn28hpcplusbwp30p140tt1v25c_ccs
plic_int_kid_PRIO_BIT5_201 ZeroWireload  tcbn28hpcplusbwp30p140tt1v25c_ccs
plic_int_kid_PRIO_BIT5_202 ZeroWireload  tcbn28hpcplusbwp30p140tt1v25c_ccs
plic_int_kid_PRIO_BIT5_203 ZeroWireload  tcbn28hpcplusbwp30p140tt1v25c_ccs
plic_int_kid_PRIO_BIT5_204 ZeroWireload  tcbn28hpcplusbwp30p140tt1v25c_ccs
plic_int_kid_PRIO_BIT5_205 ZeroWireload  tcbn28hpcplusbwp30p140tt1v25c_ccs
plic_int_kid_PRIO_BIT5_206 ZeroWireload  tcbn28hpcplusbwp30p140tt1v25c_ccs
plic_int_kid_PRIO_BIT5_207 ZeroWireload  tcbn28hpcplusbwp30p140tt1v25c_ccs
plic_int_kid_PRIO_BIT5_208 ZeroWireload  tcbn28hpcplusbwp30p140tt1v25c_ccs
plic_int_kid_PRIO_BIT5_209 ZeroWireload  tcbn28hpcplusbwp30p140tt1v25c_ccs
plic_int_kid_PRIO_BIT5_210 ZeroWireload  tcbn28hpcplusbwp30p140tt1v25c_ccs
plic_int_kid_PRIO_BIT5_211 ZeroWireload  tcbn28hpcplusbwp30p140tt1v25c_ccs
plic_int_kid_PRIO_BIT5_212 ZeroWireload  tcbn28hpcplusbwp30p140tt1v25c_ccs
plic_int_kid_PRIO_BIT5_213 ZeroWireload  tcbn28hpcplusbwp30p140tt1v25c_ccs
plic_int_kid_PRIO_BIT5_214 ZeroWireload  tcbn28hpcplusbwp30p140tt1v25c_ccs
plic_int_kid_PRIO_BIT5_215 ZeroWireload  tcbn28hpcplusbwp30p140tt1v25c_ccs
plic_int_kid_PRIO_BIT5_216 ZeroWireload  tcbn28hpcplusbwp30p140tt1v25c_ccs
plic_int_kid_PRIO_BIT5_217 ZeroWireload  tcbn28hpcplusbwp30p140tt1v25c_ccs
plic_int_kid_PRIO_BIT5_218 ZeroWireload  tcbn28hpcplusbwp30p140tt1v25c_ccs
plic_int_kid_PRIO_BIT5_219 ZeroWireload  tcbn28hpcplusbwp30p140tt1v25c_ccs
plic_int_kid_PRIO_BIT5_220 ZeroWireload  tcbn28hpcplusbwp30p140tt1v25c_ccs
plic_int_kid_PRIO_BIT5_221 ZeroWireload  tcbn28hpcplusbwp30p140tt1v25c_ccs
plic_int_kid_PRIO_BIT5_222 ZeroWireload  tcbn28hpcplusbwp30p140tt1v25c_ccs
plic_int_kid_PRIO_BIT5_223 ZeroWireload  tcbn28hpcplusbwp30p140tt1v25c_ccs
plic_int_kid_PRIO_BIT5_224 ZeroWireload  tcbn28hpcplusbwp30p140tt1v25c_ccs
plic_int_kid_PRIO_BIT5_225 ZeroWireload  tcbn28hpcplusbwp30p140tt1v25c_ccs
plic_int_kid_PRIO_BIT5_226 ZeroWireload  tcbn28hpcplusbwp30p140tt1v25c_ccs
plic_int_kid_PRIO_BIT5_227 ZeroWireload  tcbn28hpcplusbwp30p140tt1v25c_ccs
plic_int_kid_PRIO_BIT5_228 ZeroWireload  tcbn28hpcplusbwp30p140tt1v25c_ccs
plic_int_kid_PRIO_BIT5_229 ZeroWireload  tcbn28hpcplusbwp30p140tt1v25c_ccs
plic_int_kid_PRIO_BIT5_230 ZeroWireload  tcbn28hpcplusbwp30p140tt1v25c_ccs
plic_int_kid_PRIO_BIT5_231 ZeroWireload  tcbn28hpcplusbwp30p140tt1v25c_ccs
plic_int_kid_PRIO_BIT5_232 ZeroWireload  tcbn28hpcplusbwp30p140tt1v25c_ccs
plic_int_kid_PRIO_BIT5_233 ZeroWireload  tcbn28hpcplusbwp30p140tt1v25c_ccs
plic_int_kid_PRIO_BIT5_234 ZeroWireload  tcbn28hpcplusbwp30p140tt1v25c_ccs
plic_int_kid_PRIO_BIT5_235 ZeroWireload  tcbn28hpcplusbwp30p140tt1v25c_ccs
plic_int_kid_PRIO_BIT5_236 ZeroWireload  tcbn28hpcplusbwp30p140tt1v25c_ccs
plic_int_kid_PRIO_BIT5_237 ZeroWireload  tcbn28hpcplusbwp30p140tt1v25c_ccs
plic_int_kid_PRIO_BIT5_238 ZeroWireload  tcbn28hpcplusbwp30p140tt1v25c_ccs
plic_int_kid_PRIO_BIT5_240 ZeroWireload  tcbn28hpcplusbwp30p140tt1v25c_ccs
plic_int_kid_PRIO_BIT5_241 ZeroWireload  tcbn28hpcplusbwp30p140tt1v25c_ccs
plic_int_kid_PRIO_BIT5_242 ZeroWireload  tcbn28hpcplusbwp30p140tt1v25c_ccs
plic_int_kid_PRIO_BIT5_243 ZeroWireload  tcbn28hpcplusbwp30p140tt1v25c_ccs
plic_int_kid_PRIO_BIT5_244 ZeroWireload  tcbn28hpcplusbwp30p140tt1v25c_ccs
plic_int_kid_PRIO_BIT5_245 ZeroWireload  tcbn28hpcplusbwp30p140tt1v25c_ccs
plic_int_kid_PRIO_BIT5_246 ZeroWireload  tcbn28hpcplusbwp30p140tt1v25c_ccs
plic_int_kid_PRIO_BIT5_247 ZeroWireload  tcbn28hpcplusbwp30p140tt1v25c_ccs
plic_int_kid_PRIO_BIT5_248 ZeroWireload  tcbn28hpcplusbwp30p140tt1v25c_ccs
plic_int_kid_PRIO_BIT5_249 ZeroWireload  tcbn28hpcplusbwp30p140tt1v25c_ccs
plic_int_kid_PRIO_BIT5_250 ZeroWireload  tcbn28hpcplusbwp30p140tt1v25c_ccs
plic_int_kid_PRIO_BIT5_251 ZeroWireload  tcbn28hpcplusbwp30p140tt1v25c_ccs
plic_int_kid_PRIO_BIT5_252 ZeroWireload  tcbn28hpcplusbwp30p140tt1v25c_ccs
plic_int_kid_PRIO_BIT5_253 ZeroWireload  tcbn28hpcplusbwp30p140tt1v25c_ccs
aq_mmu_utlb_entry_0    ZeroWireload      tcbn28hpcplusbwp30p140tt1v25c_ccs
aq_mmu_utlb_entry_1    ZeroWireload      tcbn28hpcplusbwp30p140tt1v25c_ccs
aq_mmu_utlb_entry_2    ZeroWireload      tcbn28hpcplusbwp30p140tt1v25c_ccs
aq_mmu_utlb_entry_3    ZeroWireload      tcbn28hpcplusbwp30p140tt1v25c_ccs
aq_mmu_utlb_entry_4    ZeroWireload      tcbn28hpcplusbwp30p140tt1v25c_ccs
aq_mmu_utlb_entry_5    ZeroWireload      tcbn28hpcplusbwp30p140tt1v25c_ccs
aq_mmu_utlb_entry_6    ZeroWireload      tcbn28hpcplusbwp30p140tt1v25c_ccs
aq_mmu_utlb_entry_7    ZeroWireload      tcbn28hpcplusbwp30p140tt1v25c_ccs
aq_mmu_utlb_entry_8    ZeroWireload      tcbn28hpcplusbwp30p140tt1v25c_ccs
aq_mmu_utlb_entry_9    ZeroWireload      tcbn28hpcplusbwp30p140tt1v25c_ccs
aq_mmu_utlb_entry_10   ZeroWireload      tcbn28hpcplusbwp30p140tt1v25c_ccs
aq_mmu_utlb_entry_11   ZeroWireload      tcbn28hpcplusbwp30p140tt1v25c_ccs
aq_mmu_utlb_entry_12   ZeroWireload      tcbn28hpcplusbwp30p140tt1v25c_ccs
aq_mmu_utlb_entry_13   ZeroWireload      tcbn28hpcplusbwp30p140tt1v25c_ccs
aq_mmu_utlb_entry_14   ZeroWireload      tcbn28hpcplusbwp30p140tt1v25c_ccs
aq_mmu_utlb_entry_15   ZeroWireload      tcbn28hpcplusbwp30p140tt1v25c_ccs
aq_mmu_utlb_entry_16   ZeroWireload      tcbn28hpcplusbwp30p140tt1v25c_ccs
aq_mmu_utlb_entry_17   ZeroWireload      tcbn28hpcplusbwp30p140tt1v25c_ccs
aq_mmu_utlb_entry_18   ZeroWireload      tcbn28hpcplusbwp30p140tt1v25c_ccs
aq_hpcp_event_0        ZeroWireload      tcbn28hpcplusbwp30p140tt1v25c_ccs
aq_hpcp_event_1        ZeroWireload      tcbn28hpcplusbwp30p140tt1v25c_ccs
aq_hpcp_event_2        ZeroWireload      tcbn28hpcplusbwp30p140tt1v25c_ccs
aq_hpcp_event_3        ZeroWireload      tcbn28hpcplusbwp30p140tt1v25c_ccs
aq_hpcp_event_4        ZeroWireload      tcbn28hpcplusbwp30p140tt1v25c_ccs
aq_hpcp_event_5        ZeroWireload      tcbn28hpcplusbwp30p140tt1v25c_ccs
aq_hpcp_event_6        ZeroWireload      tcbn28hpcplusbwp30p140tt1v25c_ccs
aq_dtu_cdc_pulse_0     ZeroWireload      tcbn28hpcplusbwp30p140tt1v25c_ccs
aq_dtu_cdc_pulse_1     ZeroWireload      tcbn28hpcplusbwp30p140tt1v25c_ccs
aq_dtu_cdc_pulse_2     ZeroWireload      tcbn28hpcplusbwp30p140tt1v25c_ccs
aq_dtu_cdc_pulse_3     ZeroWireload      tcbn28hpcplusbwp30p140tt1v25c_ccs
aq_dtu_cdc_pulse_4     ZeroWireload      tcbn28hpcplusbwp30p140tt1v25c_ccs
aq_dtu_cdc_pulse_5     ZeroWireload      tcbn28hpcplusbwp30p140tt1v25c_ccs
aq_dtu_mcontrol_1      ZeroWireload      tcbn28hpcplusbwp30p140tt1v25c_ccs
aq_dtu_mcontrol_2      ZeroWireload      tcbn28hpcplusbwp30p140tt1v25c_ccs
aq_dtu_mcontrol_3      ZeroWireload      tcbn28hpcplusbwp30p140tt1v25c_ccs
aq_dtu_mcontrol_4      ZeroWireload      tcbn28hpcplusbwp30p140tt1v25c_ccs
aq_dtu_mcontrol_5      ZeroWireload      tcbn28hpcplusbwp30p140tt1v25c_ccs
aq_hpcp_adder_sel_0    ZeroWireload      tcbn28hpcplusbwp30p140tt1v25c_ccs
aq_hpcp_adder_sel_1    ZeroWireload      tcbn28hpcplusbwp30p140tt1v25c_ccs
aq_hpcp_adder_sel_2    ZeroWireload      tcbn28hpcplusbwp30p140tt1v25c_ccs
aq_hpcp_adder_sel_3    ZeroWireload      tcbn28hpcplusbwp30p140tt1v25c_ccs
aq_hpcp_adder_sel_4    ZeroWireload      tcbn28hpcplusbwp30p140tt1v25c_ccs
aq_hpcp_adder_sel_5    ZeroWireload      tcbn28hpcplusbwp30p140tt1v25c_ccs
aq_hpcp_adder_sel_6    ZeroWireload      tcbn28hpcplusbwp30p140tt1v25c_ccs
aq_ifu_btb_entry_0     ZeroWireload      tcbn28hpcplusbwp30p140tt1v25c_ccs
aq_ifu_btb_entry_1     ZeroWireload      tcbn28hpcplusbwp30p140tt1v25c_ccs
aq_ifu_btb_entry_2     ZeroWireload      tcbn28hpcplusbwp30p140tt1v25c_ccs
aq_ifu_btb_entry_3     ZeroWireload      tcbn28hpcplusbwp30p140tt1v25c_ccs
aq_ifu_btb_entry_4     ZeroWireload      tcbn28hpcplusbwp30p140tt1v25c_ccs
aq_ifu_btb_entry_5     ZeroWireload      tcbn28hpcplusbwp30p140tt1v25c_ccs
aq_ifu_btb_entry_6     ZeroWireload      tcbn28hpcplusbwp30p140tt1v25c_ccs
aq_ifu_btb_entry_7     ZeroWireload      tcbn28hpcplusbwp30p140tt1v25c_ccs
aq_ifu_btb_entry_8     ZeroWireload      tcbn28hpcplusbwp30p140tt1v25c_ccs
aq_ifu_btb_entry_9     ZeroWireload      tcbn28hpcplusbwp30p140tt1v25c_ccs
aq_ifu_btb_entry_10    ZeroWireload      tcbn28hpcplusbwp30p140tt1v25c_ccs
aq_ifu_btb_entry_11    ZeroWireload      tcbn28hpcplusbwp30p140tt1v25c_ccs
aq_ifu_btb_entry_12    ZeroWireload      tcbn28hpcplusbwp30p140tt1v25c_ccs
aq_ifu_btb_entry_13    ZeroWireload      tcbn28hpcplusbwp30p140tt1v25c_ccs
aq_ifu_btb_entry_14    ZeroWireload      tcbn28hpcplusbwp30p140tt1v25c_ccs
aq_lsu_lfb_entry_0     ZeroWireload      tcbn28hpcplusbwp30p140tt1v25c_ccs
aq_lsu_lfb_entry_1     ZeroWireload      tcbn28hpcplusbwp30p140tt1v25c_ccs
aq_lsu_lfb_entry_2     ZeroWireload      tcbn28hpcplusbwp30p140tt1v25c_ccs
aq_lsu_lfb_entry_3     ZeroWireload      tcbn28hpcplusbwp30p140tt1v25c_ccs
aq_lsu_lfb_entry_4     ZeroWireload      tcbn28hpcplusbwp30p140tt1v25c_ccs
aq_lsu_lfb_entry_5     ZeroWireload      tcbn28hpcplusbwp30p140tt1v25c_ccs
aq_lsu_lfb_entry_6     ZeroWireload      tcbn28hpcplusbwp30p140tt1v25c_ccs
aq_vidu_vid_wbt_entry_0 ZeroWireload     tcbn28hpcplusbwp30p140tt1v25c_ccs
aq_vidu_vid_wbt_entry_1 ZeroWireload     tcbn28hpcplusbwp30p140tt1v25c_ccs
aq_vidu_vid_wbt_entry_2 ZeroWireload     tcbn28hpcplusbwp30p140tt1v25c_ccs
aq_vidu_vid_wbt_entry_3 ZeroWireload     tcbn28hpcplusbwp30p140tt1v25c_ccs
aq_vidu_vid_wbt_entry_4 ZeroWireload     tcbn28hpcplusbwp30p140tt1v25c_ccs
aq_vidu_vid_wbt_entry_5 ZeroWireload     tcbn28hpcplusbwp30p140tt1v25c_ccs
aq_vidu_vid_wbt_entry_6 ZeroWireload     tcbn28hpcplusbwp30p140tt1v25c_ccs
aq_vidu_vid_wbt_entry_7 ZeroWireload     tcbn28hpcplusbwp30p140tt1v25c_ccs
aq_vidu_vid_wbt_entry_8 ZeroWireload     tcbn28hpcplusbwp30p140tt1v25c_ccs
aq_vidu_vid_wbt_entry_9 ZeroWireload     tcbn28hpcplusbwp30p140tt1v25c_ccs
aq_vidu_vid_wbt_entry_10 ZeroWireload    tcbn28hpcplusbwp30p140tt1v25c_ccs
aq_vidu_vid_wbt_entry_11 ZeroWireload    tcbn28hpcplusbwp30p140tt1v25c_ccs
aq_vidu_vid_wbt_entry_12 ZeroWireload    tcbn28hpcplusbwp30p140tt1v25c_ccs
aq_vidu_vid_wbt_entry_13 ZeroWireload    tcbn28hpcplusbwp30p140tt1v25c_ccs
aq_vidu_vid_wbt_entry_14 ZeroWireload    tcbn28hpcplusbwp30p140tt1v25c_ccs
aq_vidu_vid_wbt_entry_15 ZeroWireload    tcbn28hpcplusbwp30p140tt1v25c_ccs
aq_vidu_vid_wbt_entry_16 ZeroWireload    tcbn28hpcplusbwp30p140tt1v25c_ccs
aq_vidu_vid_wbt_entry_17 ZeroWireload    tcbn28hpcplusbwp30p140tt1v25c_ccs
aq_vidu_vid_wbt_entry_18 ZeroWireload    tcbn28hpcplusbwp30p140tt1v25c_ccs
aq_vidu_vid_wbt_entry_19 ZeroWireload    tcbn28hpcplusbwp30p140tt1v25c_ccs
aq_vidu_vid_wbt_entry_20 ZeroWireload    tcbn28hpcplusbwp30p140tt1v25c_ccs
aq_vidu_vid_wbt_entry_21 ZeroWireload    tcbn28hpcplusbwp30p140tt1v25c_ccs
aq_vidu_vid_wbt_entry_22 ZeroWireload    tcbn28hpcplusbwp30p140tt1v25c_ccs
aq_vidu_vid_wbt_entry_23 ZeroWireload    tcbn28hpcplusbwp30p140tt1v25c_ccs
aq_vidu_vid_wbt_entry_24 ZeroWireload    tcbn28hpcplusbwp30p140tt1v25c_ccs
aq_vidu_vid_wbt_entry_25 ZeroWireload    tcbn28hpcplusbwp30p140tt1v25c_ccs
aq_vidu_vid_wbt_entry_26 ZeroWireload    tcbn28hpcplusbwp30p140tt1v25c_ccs
aq_vidu_vid_wbt_entry_27 ZeroWireload    tcbn28hpcplusbwp30p140tt1v25c_ccs
aq_vidu_vid_wbt_entry_28 ZeroWireload    tcbn28hpcplusbwp30p140tt1v25c_ccs
aq_vidu_vid_wbt_entry_29 ZeroWireload    tcbn28hpcplusbwp30p140tt1v25c_ccs
aq_vidu_vid_wbt_entry_30 ZeroWireload    tcbn28hpcplusbwp30p140tt1v25c_ccs
nor_sel_SEL_BIT5_SEL_NUM32_DATA6_0 ZeroWireload tcbn28hpcplusbwp30p140tt1v25c_ccs
nor_sel_SEL_BIT5_SEL_NUM32_DATA6_1 ZeroWireload tcbn28hpcplusbwp30p140tt1v25c_ccs
nor_sel_SEL_BIT5_SEL_NUM32_DATA6_2 ZeroWireload tcbn28hpcplusbwp30p140tt1v25c_ccs
nor_sel_SEL_BIT5_SEL_NUM32_DATA6_3 ZeroWireload tcbn28hpcplusbwp30p140tt1v25c_ccs
nor_sel_SEL_BIT5_SEL_NUM32_DATA6_4 ZeroWireload tcbn28hpcplusbwp30p140tt1v25c_ccs
nor_sel_SEL_BIT5_SEL_NUM32_DATA6_5 ZeroWireload tcbn28hpcplusbwp30p140tt1v25c_ccs
nor_sel_SEL_BIT5_SEL_NUM32_DATA6_6 ZeroWireload tcbn28hpcplusbwp30p140tt1v25c_ccs
nor_sel_SEL_BIT5_SEL_NUM32_DATA6_7 ZeroWireload tcbn28hpcplusbwp30p140tt1v25c_ccs
nor_sel_SEL_BIT5_SEL_NUM32_DATA6_8 ZeroWireload tcbn28hpcplusbwp30p140tt1v25c_ccs
nor_sel_SEL_BIT5_SEL_NUM32_DATA6_9 ZeroWireload tcbn28hpcplusbwp30p140tt1v25c_ccs
nor_sel_SEL_BIT5_SEL_NUM32_DATA6_10 ZeroWireload tcbn28hpcplusbwp30p140tt1v25c_ccs
nor_sel_SEL_BIT5_SEL_NUM32_DATA6_11 ZeroWireload tcbn28hpcplusbwp30p140tt1v25c_ccs
nor_sel_SEL_BIT5_SEL_NUM32_DATA6_12 ZeroWireload tcbn28hpcplusbwp30p140tt1v25c_ccs
nor_sel_SEL_BIT5_SEL_NUM32_DATA6_13 ZeroWireload tcbn28hpcplusbwp30p140tt1v25c_ccs
nor_sel_SEL_BIT5_SEL_NUM32_DATA6_14 ZeroWireload tcbn28hpcplusbwp30p140tt1v25c_ccs
nor_sel_SEL_BIT5_SEL_NUM32_DATA6_15 ZeroWireload tcbn28hpcplusbwp30p140tt1v25c_ccs
nor_sel_SEL_BIT5_SEL_NUM32_DATA6_16 ZeroWireload tcbn28hpcplusbwp30p140tt1v25c_ccs
nor_sel_SEL_BIT5_SEL_NUM32_DATA6_17 ZeroWireload tcbn28hpcplusbwp30p140tt1v25c_ccs
nor_sel_SEL_BIT5_SEL_NUM32_DATA6_18 ZeroWireload tcbn28hpcplusbwp30p140tt1v25c_ccs
nor_sel_SEL_BIT5_SEL_NUM32_DATA6_19 ZeroWireload tcbn28hpcplusbwp30p140tt1v25c_ccs
nor_sel_SEL_BIT5_SEL_NUM32_DATA6_20 ZeroWireload tcbn28hpcplusbwp30p140tt1v25c_ccs
nor_sel_SEL_BIT5_SEL_NUM32_DATA6_21 ZeroWireload tcbn28hpcplusbwp30p140tt1v25c_ccs
nor_sel_SEL_BIT5_SEL_NUM32_DATA6_22 ZeroWireload tcbn28hpcplusbwp30p140tt1v25c_ccs
nor_sel_SEL_BIT5_SEL_NUM32_DATA6_23 ZeroWireload tcbn28hpcplusbwp30p140tt1v25c_ccs
nor_sel_SEL_BIT5_SEL_NUM32_DATA6_24 ZeroWireload tcbn28hpcplusbwp30p140tt1v25c_ccs
nor_sel_SEL_BIT5_SEL_NUM32_DATA6_25 ZeroWireload tcbn28hpcplusbwp30p140tt1v25c_ccs
nor_sel_SEL_BIT5_SEL_NUM32_DATA6_26 ZeroWireload tcbn28hpcplusbwp30p140tt1v25c_ccs
nor_sel_SEL_BIT5_SEL_NUM32_DATA6_27 ZeroWireload tcbn28hpcplusbwp30p140tt1v25c_ccs
nor_sel_SEL_BIT5_SEL_NUM32_DATA6_28 ZeroWireload tcbn28hpcplusbwp30p140tt1v25c_ccs
nor_sel_SEL_BIT5_SEL_NUM32_DATA6_29 ZeroWireload tcbn28hpcplusbwp30p140tt1v25c_ccs
instance_reg_flog_DATA32_15 ZeroWireload tcbn28hpcplusbwp30p140tt1v25c_ccs
aq_vlsu_vtb_entry_0    ZeroWireload      tcbn28hpcplusbwp30p140tt1v25c_ccs
instance_reg_flog_DATA32_0 ZeroWireload  tcbn28hpcplusbwp30p140tt1v25c_ccs
instance_reg_flog_DATA32_1 ZeroWireload  tcbn28hpcplusbwp30p140tt1v25c_ccs
instance_reg_flog_DATA32_2 ZeroWireload  tcbn28hpcplusbwp30p140tt1v25c_ccs
instance_reg_flog_DATA32_3 ZeroWireload  tcbn28hpcplusbwp30p140tt1v25c_ccs
instance_reg_flog_DATA32_4 ZeroWireload  tcbn28hpcplusbwp30p140tt1v25c_ccs
instance_reg_flog_DATA32_5 ZeroWireload  tcbn28hpcplusbwp30p140tt1v25c_ccs
instance_reg_flog_DATA32_6 ZeroWireload  tcbn28hpcplusbwp30p140tt1v25c_ccs
instance_reg_flog_DATA32_7 ZeroWireload  tcbn28hpcplusbwp30p140tt1v25c_ccs
instance_reg_flog_DATA32_8 ZeroWireload  tcbn28hpcplusbwp30p140tt1v25c_ccs
instance_reg_flog_DATA32_9 ZeroWireload  tcbn28hpcplusbwp30p140tt1v25c_ccs
instance_reg_flog_DATA32_10 ZeroWireload tcbn28hpcplusbwp30p140tt1v25c_ccs
instance_reg_flog_DATA32_11 ZeroWireload tcbn28hpcplusbwp30p140tt1v25c_ccs
instance_reg_flog_DATA32_12 ZeroWireload tcbn28hpcplusbwp30p140tt1v25c_ccs
instance_reg_flog_DATA32_13 ZeroWireload tcbn28hpcplusbwp30p140tt1v25c_ccs
instance_reg_flog_DATA32_14 ZeroWireload tcbn28hpcplusbwp30p140tt1v25c_ccs
aq_idu_expand_32_0     ZeroWireload      tcbn28hpcplusbwp30p140tt1v25c_ccs
aq_idu_expand_32_1     ZeroWireload      tcbn28hpcplusbwp30p140tt1v25c_ccs
aq_idu_expand_32_2     ZeroWireload      tcbn28hpcplusbwp30p140tt1v25c_ccs
aq_fdsu_right_shift_1  ZeroWireload      tcbn28hpcplusbwp30p140tt1v25c_ccs
aq_fdsu_right_shift_2  ZeroWireload      tcbn28hpcplusbwp30p140tt1v25c_ccs
aq_fdsu_right_shift_3  ZeroWireload      tcbn28hpcplusbwp30p140tt1v25c_ccs
aq_fdsu_right_shift_4  ZeroWireload      tcbn28hpcplusbwp30p140tt1v25c_ccs
aq_dcache_data_array_0 ZeroWireload      tcbn28hpcplusbwp30p140tt1v25c_ccs
aq_dcache_data_array_1 ZeroWireload      tcbn28hpcplusbwp30p140tt1v25c_ccs
aq_dcache_data_array_2 ZeroWireload      tcbn28hpcplusbwp30p140tt1v25c_ccs
aq_spsram_1024x64_0    ZeroWireload      tcbn28hpcplusbwp30p140tt1v25c_ccs
aq_spsram_1024x64_1    ZeroWireload      tcbn28hpcplusbwp30p140tt1v25c_ccs
aq_spsram_1024x64_2    ZeroWireload      tcbn28hpcplusbwp30p140tt1v25c_ccs
aq_f_spsram_1024x64_0  ZeroWireload      tcbn28hpcplusbwp30p140tt1v25c_ccs
aq_f_spsram_1024x64_1  ZeroWireload      tcbn28hpcplusbwp30p140tt1v25c_ccs
aq_f_spsram_1024x64_2  ZeroWireload      tcbn28hpcplusbwp30p140tt1v25c_ccs
aq_ifu_ras_entry_0     ZeroWireload      tcbn28hpcplusbwp30p140tt1v25c_ccs
aq_ifu_ras_entry_1     ZeroWireload      tcbn28hpcplusbwp30p140tt1v25c_ccs
aq_ifu_ras_entry_2     ZeroWireload      tcbn28hpcplusbwp30p140tt1v25c_ccs
aq_idu_expand_32_4     ZeroWireload      tcbn28hpcplusbwp30p140tt1v25c_ccs
aq_idu_expand_32_5     ZeroWireload      tcbn28hpcplusbwp30p140tt1v25c_ccs
aq_idu_expand_32_6     ZeroWireload      tcbn28hpcplusbwp30p140tt1v25c_ccs
aq_lsu_stb_entry_0     ZeroWireload      tcbn28hpcplusbwp30p140tt1v25c_ccs
aq_lsu_stb_entry_1     ZeroWireload      tcbn28hpcplusbwp30p140tt1v25c_ccs
aq_lsu_stb_entry_2     ZeroWireload      tcbn28hpcplusbwp30p140tt1v25c_ccs
aq_lsu_pfb_0           ZeroWireload      tcbn28hpcplusbwp30p140tt1v25c_ccs
aq_lsu_pfb_1           ZeroWireload      tcbn28hpcplusbwp30p140tt1v25c_ccs
aq_lsu_pfb_2           ZeroWireload      tcbn28hpcplusbwp30p140tt1v25c_ccs
aq_pmp_comp_hit_1      ZeroWireload      tcbn28hpcplusbwp30p140tt1v25c_ccs
aq_pmp_comp_hit_2      ZeroWireload      tcbn28hpcplusbwp30p140tt1v25c_ccs
aq_pmp_comp_hit_3      ZeroWireload      tcbn28hpcplusbwp30p140tt1v25c_ccs
aq_pmp_comp_hit_4      ZeroWireload      tcbn28hpcplusbwp30p140tt1v25c_ccs
aq_pmp_comp_hit_5      ZeroWireload      tcbn28hpcplusbwp30p140tt1v25c_ccs
aq_mmu_plru_0          ZeroWireload      tcbn28hpcplusbwp30p140tt1v25c_ccs
aq_vdsp_8_bit_ff1_7    ZeroWireload      tcbn28hpcplusbwp30p140tt1v25c_ccs
aq_spsram_64x58_0      ZeroWireload      tcbn28hpcplusbwp30p140tt1v25c_ccs
aq_spsram_64x58_1      ZeroWireload      tcbn28hpcplusbwp30p140tt1v25c_ccs
aq_spsram_64x58_2      ZeroWireload      tcbn28hpcplusbwp30p140tt1v25c_ccs
aq_hpcp_cntof_reg_0    ZeroWireload      tcbn28hpcplusbwp30p140tt1v25c_ccs
aq_hpcp_cntof_reg_1    ZeroWireload      tcbn28hpcplusbwp30p140tt1v25c_ccs
aq_hpcp_cntof_reg_2    ZeroWireload      tcbn28hpcplusbwp30p140tt1v25c_ccs
aq_hpcp_cntof_reg_3    ZeroWireload      tcbn28hpcplusbwp30p140tt1v25c_ccs
aq_hpcp_cntof_reg_4    ZeroWireload      tcbn28hpcplusbwp30p140tt1v25c_ccs
aq_hpcp_cntof_reg_5    ZeroWireload      tcbn28hpcplusbwp30p140tt1v25c_ccs
aq_hpcp_cntof_reg_6    ZeroWireload      tcbn28hpcplusbwp30p140tt1v25c_ccs
aq_hpcp_cntof_reg_7    ZeroWireload      tcbn28hpcplusbwp30p140tt1v25c_ccs
aq_hpcp_cntof_reg_8    ZeroWireload      tcbn28hpcplusbwp30p140tt1v25c_ccs
aq_hpcp_cntof_reg_9    ZeroWireload      tcbn28hpcplusbwp30p140tt1v25c_ccs
aq_hpcp_cntof_reg_10   ZeroWireload      tcbn28hpcplusbwp30p140tt1v25c_ccs
aq_hpcp_cntof_reg_11   ZeroWireload      tcbn28hpcplusbwp30p140tt1v25c_ccs
aq_hpcp_cntof_reg_12   ZeroWireload      tcbn28hpcplusbwp30p140tt1v25c_ccs
aq_hpcp_cntof_reg_13   ZeroWireload      tcbn28hpcplusbwp30p140tt1v25c_ccs
aq_hpcp_cntof_reg_14   ZeroWireload      tcbn28hpcplusbwp30p140tt1v25c_ccs
aq_hpcp_cntof_reg_15   ZeroWireload      tcbn28hpcplusbwp30p140tt1v25c_ccs
aq_hpcp_cntof_reg_16   ZeroWireload      tcbn28hpcplusbwp30p140tt1v25c_ccs
aq_hpcp_cntof_reg_17   ZeroWireload      tcbn28hpcplusbwp30p140tt1v25c_ccs
aq_hpcp_cntof_reg_18   ZeroWireload      tcbn28hpcplusbwp30p140tt1v25c_ccs
aq_hpcp_cntof_reg_19   ZeroWireload      tcbn28hpcplusbwp30p140tt1v25c_ccs
booth_code_54_bit_13   ZeroWireload      tcbn28hpcplusbwp30p140tt1v25c_ccs
aq_biu_wt_entry_0      ZeroWireload      tcbn28hpcplusbwp30p140tt1v25c_ccs
aq_biu_wt_entry_1      ZeroWireload      tcbn28hpcplusbwp30p140tt1v25c_ccs
aq_biu_wt_entry_2      ZeroWireload      tcbn28hpcplusbwp30p140tt1v25c_ccs
aq_biu_wt_entry_3      ZeroWireload      tcbn28hpcplusbwp30p140tt1v25c_ccs
aq_biu_wt_entry_4      ZeroWireload      tcbn28hpcplusbwp30p140tt1v25c_ccs
aq_biu_wt_entry_5      ZeroWireload      tcbn28hpcplusbwp30p140tt1v25c_ccs
aq_biu_wt_entry_6      ZeroWireload      tcbn28hpcplusbwp30p140tt1v25c_ccs
aq_biu_wt_entry_7      ZeroWireload      tcbn28hpcplusbwp30p140tt1v25c_ccs
aq_biu_wt_entry_8      ZeroWireload      tcbn28hpcplusbwp30p140tt1v25c_ccs
aq_biu_wt_entry_9      ZeroWireload      tcbn28hpcplusbwp30p140tt1v25c_ccs
aq_biu_wt_entry_10     ZeroWireload      tcbn28hpcplusbwp30p140tt1v25c_ccs
aq_biu_wt_entry_11     ZeroWireload      tcbn28hpcplusbwp30p140tt1v25c_ccs
aq_biu_wt_entry_12     ZeroWireload      tcbn28hpcplusbwp30p140tt1v25c_ccs
aq_biu_wt_entry_13     ZeroWireload      tcbn28hpcplusbwp30p140tt1v25c_ccs
aq_biu_wt_entry_14     ZeroWireload      tcbn28hpcplusbwp30p140tt1v25c_ccs
tdt_dm_pulse_sync_0    ZeroWireload      tcbn28hpcplusbwp30p140tt1v25c_ccs
aq_vlsu_vtb_entry_2    ZeroWireload      tcbn28hpcplusbwp30p140tt1v25c_ccs
aq_umc_spsram_1024x64_0 ZeroWireload     tcbn28hpcplusbwp30p140tt1v25c_ccs
aq_umc_spsram_1024x64_1 ZeroWireload     tcbn28hpcplusbwp30p140tt1v25c_ccs
aq_umc_spsram_1024x64_2 ZeroWireload     tcbn28hpcplusbwp30p140tt1v25c_ccs
tdt_dm_sync_dff_SYNC_NUM2_0 ZeroWireload tcbn28hpcplusbwp30p140tt1v25c_ccs
tdt_dm_sync_dff_SYNC_NUM2_1 ZeroWireload tcbn28hpcplusbwp30p140tt1v25c_ccs
tdt_dm_sync_dff_SYNC_NUM2_2 ZeroWireload tcbn28hpcplusbwp30p140tt1v25c_ccs
aq_hpcp_cntinten_reg_0 ZeroWireload      tcbn28hpcplusbwp30p140tt1v25c_ccs
aq_hpcp_cntinten_reg_1 ZeroWireload      tcbn28hpcplusbwp30p140tt1v25c_ccs
aq_hpcp_cntinten_reg_2 ZeroWireload      tcbn28hpcplusbwp30p140tt1v25c_ccs
aq_hpcp_cntinten_reg_3 ZeroWireload      tcbn28hpcplusbwp30p140tt1v25c_ccs
aq_hpcp_cntinten_reg_4 ZeroWireload      tcbn28hpcplusbwp30p140tt1v25c_ccs
aq_hpcp_cntinten_reg_5 ZeroWireload      tcbn28hpcplusbwp30p140tt1v25c_ccs
aq_hpcp_cntinten_reg_6 ZeroWireload      tcbn28hpcplusbwp30p140tt1v25c_ccs
aq_hpcp_cntinten_reg_7 ZeroWireload      tcbn28hpcplusbwp30p140tt1v25c_ccs
aq_hpcp_cntinten_reg_8 ZeroWireload      tcbn28hpcplusbwp30p140tt1v25c_ccs
aq_hpcp_cntinten_reg_9 ZeroWireload      tcbn28hpcplusbwp30p140tt1v25c_ccs
aq_hpcp_cntinten_reg_10 ZeroWireload     tcbn28hpcplusbwp30p140tt1v25c_ccs
aq_hpcp_cntinten_reg_11 ZeroWireload     tcbn28hpcplusbwp30p140tt1v25c_ccs
aq_hpcp_cntinten_reg_12 ZeroWireload     tcbn28hpcplusbwp30p140tt1v25c_ccs
aq_hpcp_cntinten_reg_13 ZeroWireload     tcbn28hpcplusbwp30p140tt1v25c_ccs
aq_hpcp_cntinten_reg_14 ZeroWireload     tcbn28hpcplusbwp30p140tt1v25c_ccs
aq_hpcp_cntinten_reg_15 ZeroWireload     tcbn28hpcplusbwp30p140tt1v25c_ccs
aq_hpcp_cntinten_reg_16 ZeroWireload     tcbn28hpcplusbwp30p140tt1v25c_ccs
aq_hpcp_cntinten_reg_17 ZeroWireload     tcbn28hpcplusbwp30p140tt1v25c_ccs
aq_hpcp_cntinten_reg_18 ZeroWireload     tcbn28hpcplusbwp30p140tt1v25c_ccs
aq_hpcp_cntinten_reg_19 ZeroWireload     tcbn28hpcplusbwp30p140tt1v25c_ccs
aq_hpcp_cntinten_reg_20 ZeroWireload     tcbn28hpcplusbwp30p140tt1v25c_ccs
aq_hpcp_cntinten_reg_21 ZeroWireload     tcbn28hpcplusbwp30p140tt1v25c_ccs
aq_hpcp_cntinten_reg_22 ZeroWireload     tcbn28hpcplusbwp30p140tt1v25c_ccs
aq_hpcp_cntinten_reg_23 ZeroWireload     tcbn28hpcplusbwp30p140tt1v25c_ccs
aq_hpcp_cntinten_reg_24 ZeroWireload     tcbn28hpcplusbwp30p140tt1v25c_ccs
aq_hpcp_cntinten_reg_25 ZeroWireload     tcbn28hpcplusbwp30p140tt1v25c_ccs
aq_hpcp_cntinten_reg_26 ZeroWireload     tcbn28hpcplusbwp30p140tt1v25c_ccs
aq_hpcp_cntinten_reg_27 ZeroWireload     tcbn28hpcplusbwp30p140tt1v25c_ccs
aq_hpcp_cntinten_reg_28 ZeroWireload     tcbn28hpcplusbwp30p140tt1v25c_ccs
aq_hpcp_cntinten_reg_29 ZeroWireload     tcbn28hpcplusbwp30p140tt1v25c_ccs
aq_vidu_vid_gpr_reg_fp_0 ZeroWireload    tcbn28hpcplusbwp30p140tt1v25c_ccs
aq_vidu_vid_gpr_reg_fp_1 ZeroWireload    tcbn28hpcplusbwp30p140tt1v25c_ccs
aq_vidu_vid_gpr_reg_fp_2 ZeroWireload    tcbn28hpcplusbwp30p140tt1v25c_ccs
aq_vidu_vid_gpr_reg_fp_3 ZeroWireload    tcbn28hpcplusbwp30p140tt1v25c_ccs
aq_vidu_vid_gpr_reg_fp_4 ZeroWireload    tcbn28hpcplusbwp30p140tt1v25c_ccs
aq_vidu_vid_gpr_reg_fp_5 ZeroWireload    tcbn28hpcplusbwp30p140tt1v25c_ccs
aq_vidu_vid_gpr_reg_fp_6 ZeroWireload    tcbn28hpcplusbwp30p140tt1v25c_ccs
aq_vidu_vid_gpr_reg_fp_7 ZeroWireload    tcbn28hpcplusbwp30p140tt1v25c_ccs
aq_vidu_vid_gpr_reg_fp_8 ZeroWireload    tcbn28hpcplusbwp30p140tt1v25c_ccs
aq_vidu_vid_gpr_reg_fp_9 ZeroWireload    tcbn28hpcplusbwp30p140tt1v25c_ccs
aq_vidu_vid_gpr_reg_fp_10 ZeroWireload   tcbn28hpcplusbwp30p140tt1v25c_ccs
aq_vidu_vid_gpr_reg_fp_11 ZeroWireload   tcbn28hpcplusbwp30p140tt1v25c_ccs
aq_vidu_vid_gpr_reg_fp_12 ZeroWireload   tcbn28hpcplusbwp30p140tt1v25c_ccs
aq_vidu_vid_gpr_reg_fp_13 ZeroWireload   tcbn28hpcplusbwp30p140tt1v25c_ccs
aq_vidu_vid_gpr_reg_fp_14 ZeroWireload   tcbn28hpcplusbwp30p140tt1v25c_ccs
aq_vidu_vid_gpr_reg_fp_15 ZeroWireload   tcbn28hpcplusbwp30p140tt1v25c_ccs
aq_vidu_vid_gpr_reg_fp_16 ZeroWireload   tcbn28hpcplusbwp30p140tt1v25c_ccs
aq_vidu_vid_gpr_reg_fp_17 ZeroWireload   tcbn28hpcplusbwp30p140tt1v25c_ccs
aq_vidu_vid_gpr_reg_fp_18 ZeroWireload   tcbn28hpcplusbwp30p140tt1v25c_ccs
aq_vidu_vid_gpr_reg_fp_19 ZeroWireload   tcbn28hpcplusbwp30p140tt1v25c_ccs
aq_vidu_vid_gpr_reg_fp_20 ZeroWireload   tcbn28hpcplusbwp30p140tt1v25c_ccs
aq_vidu_vid_gpr_reg_fp_21 ZeroWireload   tcbn28hpcplusbwp30p140tt1v25c_ccs
aq_vidu_vid_gpr_reg_fp_22 ZeroWireload   tcbn28hpcplusbwp30p140tt1v25c_ccs
aq_vidu_vid_gpr_reg_fp_23 ZeroWireload   tcbn28hpcplusbwp30p140tt1v25c_ccs
aq_vidu_vid_gpr_reg_fp_24 ZeroWireload   tcbn28hpcplusbwp30p140tt1v25c_ccs
aq_vidu_vid_gpr_reg_fp_25 ZeroWireload   tcbn28hpcplusbwp30p140tt1v25c_ccs
aq_vidu_vid_gpr_reg_fp_26 ZeroWireload   tcbn28hpcplusbwp30p140tt1v25c_ccs
aq_vidu_vid_gpr_reg_fp_27 ZeroWireload   tcbn28hpcplusbwp30p140tt1v25c_ccs
aq_vidu_vid_gpr_reg_fp_28 ZeroWireload   tcbn28hpcplusbwp30p140tt1v25c_ccs
aq_vidu_vid_gpr_reg_fp_29 ZeroWireload   tcbn28hpcplusbwp30p140tt1v25c_ccs
aq_vidu_vid_gpr_reg_fp_30 ZeroWireload   tcbn28hpcplusbwp30p140tt1v25c_ccs
booth_code_33_bit_0    ZeroWireload      tcbn28hpcplusbwp30p140tt1v25c_ccs
booth_code_33_bit_1    ZeroWireload      tcbn28hpcplusbwp30p140tt1v25c_ccs
booth_code_33_bit_2    ZeroWireload      tcbn28hpcplusbwp30p140tt1v25c_ccs
booth_code_33_bit_3    ZeroWireload      tcbn28hpcplusbwp30p140tt1v25c_ccs
booth_code_33_bit_4    ZeroWireload      tcbn28hpcplusbwp30p140tt1v25c_ccs
booth_code_33_bit_5    ZeroWireload      tcbn28hpcplusbwp30p140tt1v25c_ccs
booth_code_33_bit_6    ZeroWireload      tcbn28hpcplusbwp30p140tt1v25c_ccs
booth_code_33_bit_7    ZeroWireload      tcbn28hpcplusbwp30p140tt1v25c_ccs
booth_code_33_bit_8    ZeroWireload      tcbn28hpcplusbwp30p140tt1v25c_ccs
booth_code_33_bit_9    ZeroWireload      tcbn28hpcplusbwp30p140tt1v25c_ccs
booth_code_33_bit_10   ZeroWireload      tcbn28hpcplusbwp30p140tt1v25c_ccs
booth_code_33_bit_11   ZeroWireload      tcbn28hpcplusbwp30p140tt1v25c_ccs
booth_code_33_bit_12   ZeroWireload      tcbn28hpcplusbwp30p140tt1v25c_ccs
booth_code_33_bit_13   ZeroWireload      tcbn28hpcplusbwp30p140tt1v25c_ccs
booth_code_33_bit_14   ZeroWireload      tcbn28hpcplusbwp30p140tt1v25c_ccs
aq_f_spsram_64x58_0    ZeroWireload      tcbn28hpcplusbwp30p140tt1v25c_ccs
aq_f_spsram_64x58_1    ZeroWireload      tcbn28hpcplusbwp30p140tt1v25c_ccs
aq_f_spsram_64x58_2    ZeroWireload      tcbn28hpcplusbwp30p140tt1v25c_ccs
aq_umc_spsram_64x58_0  ZeroWireload      tcbn28hpcplusbwp30p140tt1v25c_ccs
aq_umc_spsram_64x58_1  ZeroWireload      tcbn28hpcplusbwp30p140tt1v25c_ccs
aq_umc_spsram_64x58_2  ZeroWireload      tcbn28hpcplusbwp30p140tt1v25c_ccs
instance_reg_flog_DATA1_0 ZeroWireload   tcbn28hpcplusbwp30p140tt1v25c_ccs
instance_reg_flog_DATA1_1 ZeroWireload   tcbn28hpcplusbwp30p140tt1v25c_ccs
instance_reg_flog_DATA1_2 ZeroWireload   tcbn28hpcplusbwp30p140tt1v25c_ccs
instance_reg_flog_DATA1_3 ZeroWireload   tcbn28hpcplusbwp30p140tt1v25c_ccs
instance_reg_flog_DATA1_4 ZeroWireload   tcbn28hpcplusbwp30p140tt1v25c_ccs
aq_mmu_sysmap_hit_1    ZeroWireload      tcbn28hpcplusbwp30p140tt1v25c_ccs
aq_mmu_sysmap_hit_2    ZeroWireload      tcbn28hpcplusbwp30p140tt1v25c_ccs
aq_mmu_sysmap_hit_3    ZeroWireload      tcbn28hpcplusbwp30p140tt1v25c_ccs
aq_mmu_sysmap_hit_4    ZeroWireload      tcbn28hpcplusbwp30p140tt1v25c_ccs
aq_mmu_sysmap_hit_5    ZeroWireload      tcbn28hpcplusbwp30p140tt1v25c_ccs
aq_vpu_srcv_type_1     ZeroWireload      tcbn28hpcplusbwp30p140tt1v25c_ccs
instance_reg_flog_DATA5_0 ZeroWireload   tcbn28hpcplusbwp30p140tt1v25c_ccs
instance_reg_flog_DATA5_1 ZeroWireload   tcbn28hpcplusbwp30p140tt1v25c_ccs
instance_reg_flog_DATA5_2 ZeroWireload   tcbn28hpcplusbwp30p140tt1v25c_ccs
aq_dtu_iie_trigger_0   ZeroWireload      tcbn28hpcplusbwp30p140tt1v25c_ccs
booth_code_54_bit_1    ZeroWireload      tcbn28hpcplusbwp30p140tt1v25c_ccs
booth_code_54_bit_2    ZeroWireload      tcbn28hpcplusbwp30p140tt1v25c_ccs
booth_code_54_bit_3    ZeroWireload      tcbn28hpcplusbwp30p140tt1v25c_ccs
booth_code_54_bit_4    ZeroWireload      tcbn28hpcplusbwp30p140tt1v25c_ccs
booth_code_54_bit_5    ZeroWireload      tcbn28hpcplusbwp30p140tt1v25c_ccs
booth_code_54_bit_6    ZeroWireload      tcbn28hpcplusbwp30p140tt1v25c_ccs
booth_code_54_bit_7    ZeroWireload      tcbn28hpcplusbwp30p140tt1v25c_ccs
booth_code_54_bit_8    ZeroWireload      tcbn28hpcplusbwp30p140tt1v25c_ccs
booth_code_54_bit_9    ZeroWireload      tcbn28hpcplusbwp30p140tt1v25c_ccs
booth_code_54_bit_10   ZeroWireload      tcbn28hpcplusbwp30p140tt1v25c_ccs
booth_code_54_bit_11   ZeroWireload      tcbn28hpcplusbwp30p140tt1v25c_ccs
booth_code_54_bit_12   ZeroWireload      tcbn28hpcplusbwp30p140tt1v25c_ccs
booth_code_54_bit_15   ZeroWireload      tcbn28hpcplusbwp30p140tt1v25c_ccs
booth_code_54_bit_16   ZeroWireload      tcbn28hpcplusbwp30p140tt1v25c_ccs
booth_code_54_bit_17   ZeroWireload      tcbn28hpcplusbwp30p140tt1v25c_ccs
booth_code_54_bit_18   ZeroWireload      tcbn28hpcplusbwp30p140tt1v25c_ccs
booth_code_54_bit_19   ZeroWireload      tcbn28hpcplusbwp30p140tt1v25c_ccs
booth_code_54_bit_20   ZeroWireload      tcbn28hpcplusbwp30p140tt1v25c_ccs
booth_code_54_bit_21   ZeroWireload      tcbn28hpcplusbwp30p140tt1v25c_ccs
booth_code_54_bit_22   ZeroWireload      tcbn28hpcplusbwp30p140tt1v25c_ccs
booth_code_54_bit_23   ZeroWireload      tcbn28hpcplusbwp30p140tt1v25c_ccs
booth_code_54_bit_24   ZeroWireload      tcbn28hpcplusbwp30p140tt1v25c_ccs
booth_code_54_bit_25   ZeroWireload      tcbn28hpcplusbwp30p140tt1v25c_ccs
aq_ifu_ipack_entry_0   ZeroWireload      tcbn28hpcplusbwp30p140tt1v25c_ccs
aq_vdsp_8_bit_ff1_0    ZeroWireload      tcbn28hpcplusbwp30p140tt1v25c_ccs
aq_vdsp_8_bit_ff1_1    ZeroWireload      tcbn28hpcplusbwp30p140tt1v25c_ccs
aq_vdsp_8_bit_ff1_2    ZeroWireload      tcbn28hpcplusbwp30p140tt1v25c_ccs
aq_vdsp_8_bit_ff1_3    ZeroWireload      tcbn28hpcplusbwp30p140tt1v25c_ccs
aq_vdsp_8_bit_ff1_4    ZeroWireload      tcbn28hpcplusbwp30p140tt1v25c_ccs
aq_vdsp_8_bit_ff1_5    ZeroWireload      tcbn28hpcplusbwp30p140tt1v25c_ccs
aq_vdsp_8_bit_ff1_6    ZeroWireload      tcbn28hpcplusbwp30p140tt1v25c_ccs
aq_vdsp_8_bit_ff1_8    ZeroWireload      tcbn28hpcplusbwp30p140tt1v25c_ccs
aq_vdsp_8_bit_ff1_9    ZeroWireload      tcbn28hpcplusbwp30p140tt1v25c_ccs
aq_vdsp_8_bit_ff1_10   ZeroWireload      tcbn28hpcplusbwp30p140tt1v25c_ccs
aq_vdsp_8_bit_ff1_11   ZeroWireload      tcbn28hpcplusbwp30p140tt1v25c_ccs
aq_vdsp_8_bit_ff1_12   ZeroWireload      tcbn28hpcplusbwp30p140tt1v25c_ccs
aq_vdsp_8_bit_ff1_13   ZeroWireload      tcbn28hpcplusbwp30p140tt1v25c_ccs
aq_dtu_cdc_lvl_0       ZeroWireload      tcbn28hpcplusbwp30p140tt1v25c_ccs
aq_dtu_cdc_lvl_1       ZeroWireload      tcbn28hpcplusbwp30p140tt1v25c_ccs
aq_dtu_cdc_lvl_2       ZeroWireload      tcbn28hpcplusbwp30p140tt1v25c_ccs
aq_dtu_cdc_lvl_3       ZeroWireload      tcbn28hpcplusbwp30p140tt1v25c_ccs
aq_hpcp_cntof_reg_21   ZeroWireload      tcbn28hpcplusbwp30p140tt1v25c_ccs
aq_hpcp_cntof_reg_22   ZeroWireload      tcbn28hpcplusbwp30p140tt1v25c_ccs
aq_hpcp_cntof_reg_23   ZeroWireload      tcbn28hpcplusbwp30p140tt1v25c_ccs
aq_hpcp_cntof_reg_24   ZeroWireload      tcbn28hpcplusbwp30p140tt1v25c_ccs
aq_hpcp_cntof_reg_25   ZeroWireload      tcbn28hpcplusbwp30p140tt1v25c_ccs
aq_hpcp_cntof_reg_26   ZeroWireload      tcbn28hpcplusbwp30p140tt1v25c_ccs
aq_hpcp_cntof_reg_27   ZeroWireload      tcbn28hpcplusbwp30p140tt1v25c_ccs
aq_hpcp_cntof_reg_28   ZeroWireload      tcbn28hpcplusbwp30p140tt1v25c_ccs
aq_hpcp_cntof_reg_29   ZeroWireload      tcbn28hpcplusbwp30p140tt1v25c_ccs
aq_idu_id_wbt_entry_0  ZeroWireload      tcbn28hpcplusbwp30p140tt1v25c_ccs
aq_idu_id_wbt_entry_1  ZeroWireload      tcbn28hpcplusbwp30p140tt1v25c_ccs
aq_idu_id_wbt_entry_2  ZeroWireload      tcbn28hpcplusbwp30p140tt1v25c_ccs
aq_idu_id_wbt_entry_3  ZeroWireload      tcbn28hpcplusbwp30p140tt1v25c_ccs
aq_idu_id_wbt_entry_4  ZeroWireload      tcbn28hpcplusbwp30p140tt1v25c_ccs
aq_idu_id_wbt_entry_5  ZeroWireload      tcbn28hpcplusbwp30p140tt1v25c_ccs
aq_idu_id_wbt_entry_6  ZeroWireload      tcbn28hpcplusbwp30p140tt1v25c_ccs
aq_idu_id_wbt_entry_7  ZeroWireload      tcbn28hpcplusbwp30p140tt1v25c_ccs
aq_idu_id_wbt_entry_8  ZeroWireload      tcbn28hpcplusbwp30p140tt1v25c_ccs
aq_idu_id_wbt_entry_9  ZeroWireload      tcbn28hpcplusbwp30p140tt1v25c_ccs
aq_idu_id_wbt_entry_10 ZeroWireload      tcbn28hpcplusbwp30p140tt1v25c_ccs
aq_idu_id_wbt_entry_11 ZeroWireload      tcbn28hpcplusbwp30p140tt1v25c_ccs
aq_idu_id_wbt_entry_12 ZeroWireload      tcbn28hpcplusbwp30p140tt1v25c_ccs
aq_idu_id_wbt_entry_13 ZeroWireload      tcbn28hpcplusbwp30p140tt1v25c_ccs
aq_idu_id_wbt_entry_14 ZeroWireload      tcbn28hpcplusbwp30p140tt1v25c_ccs
aq_idu_id_wbt_entry_15 ZeroWireload      tcbn28hpcplusbwp30p140tt1v25c_ccs
aq_idu_id_wbt_entry_16 ZeroWireload      tcbn28hpcplusbwp30p140tt1v25c_ccs
aq_idu_id_wbt_entry_17 ZeroWireload      tcbn28hpcplusbwp30p140tt1v25c_ccs
aq_idu_id_wbt_entry_18 ZeroWireload      tcbn28hpcplusbwp30p140tt1v25c_ccs
aq_idu_id_wbt_entry_19 ZeroWireload      tcbn28hpcplusbwp30p140tt1v25c_ccs
aq_idu_id_wbt_entry_20 ZeroWireload      tcbn28hpcplusbwp30p140tt1v25c_ccs
aq_idu_id_wbt_entry_21 ZeroWireload      tcbn28hpcplusbwp30p140tt1v25c_ccs
aq_idu_id_wbt_entry_22 ZeroWireload      tcbn28hpcplusbwp30p140tt1v25c_ccs
aq_idu_id_wbt_entry_23 ZeroWireload      tcbn28hpcplusbwp30p140tt1v25c_ccs
aq_idu_id_wbt_entry_24 ZeroWireload      tcbn28hpcplusbwp30p140tt1v25c_ccs
aq_idu_id_wbt_entry_25 ZeroWireload      tcbn28hpcplusbwp30p140tt1v25c_ccs
aq_idu_id_wbt_entry_26 ZeroWireload      tcbn28hpcplusbwp30p140tt1v25c_ccs
aq_idu_id_wbt_entry_27 ZeroWireload      tcbn28hpcplusbwp30p140tt1v25c_ccs
aq_idu_id_wbt_entry_28 ZeroWireload      tcbn28hpcplusbwp30p140tt1v25c_ccs
aq_idu_id_wbt_entry_29 ZeroWireload      tcbn28hpcplusbwp30p140tt1v25c_ccs
gated_clk_cell_0       ZeroWireload      tcbn28hpcplusbwp30p140tt1v25c_ccs
gated_clk_cell_1       ZeroWireload      tcbn28hpcplusbwp30p140tt1v25c_ccs
gated_clk_cell_2       ZeroWireload      tcbn28hpcplusbwp30p140tt1v25c_ccs
gated_clk_cell_3       ZeroWireload      tcbn28hpcplusbwp30p140tt1v25c_ccs
gated_clk_cell_4       ZeroWireload      tcbn28hpcplusbwp30p140tt1v25c_ccs
gated_clk_cell_5       ZeroWireload      tcbn28hpcplusbwp30p140tt1v25c_ccs
gated_clk_cell_6       ZeroWireload      tcbn28hpcplusbwp30p140tt1v25c_ccs
gated_clk_cell_7       ZeroWireload      tcbn28hpcplusbwp30p140tt1v25c_ccs
gated_clk_cell_8       ZeroWireload      tcbn28hpcplusbwp30p140tt1v25c_ccs
gated_clk_cell_9       ZeroWireload      tcbn28hpcplusbwp30p140tt1v25c_ccs
gated_clk_cell_10      ZeroWireload      tcbn28hpcplusbwp30p140tt1v25c_ccs
gated_clk_cell_11      ZeroWireload      tcbn28hpcplusbwp30p140tt1v25c_ccs
gated_clk_cell_12      ZeroWireload      tcbn28hpcplusbwp30p140tt1v25c_ccs
gated_clk_cell_13      ZeroWireload      tcbn28hpcplusbwp30p140tt1v25c_ccs
gated_clk_cell_14      ZeroWireload      tcbn28hpcplusbwp30p140tt1v25c_ccs
gated_clk_cell_16      ZeroWireload      tcbn28hpcplusbwp30p140tt1v25c_ccs
gated_clk_cell_17      ZeroWireload      tcbn28hpcplusbwp30p140tt1v25c_ccs
gated_clk_cell_18      ZeroWireload      tcbn28hpcplusbwp30p140tt1v25c_ccs
gated_clk_cell_19      ZeroWireload      tcbn28hpcplusbwp30p140tt1v25c_ccs
gated_clk_cell_20      ZeroWireload      tcbn28hpcplusbwp30p140tt1v25c_ccs
gated_clk_cell_21      ZeroWireload      tcbn28hpcplusbwp30p140tt1v25c_ccs
gated_clk_cell_22      ZeroWireload      tcbn28hpcplusbwp30p140tt1v25c_ccs
gated_clk_cell_23      ZeroWireload      tcbn28hpcplusbwp30p140tt1v25c_ccs
gated_clk_cell_24      ZeroWireload      tcbn28hpcplusbwp30p140tt1v25c_ccs
gated_clk_cell_25      ZeroWireload      tcbn28hpcplusbwp30p140tt1v25c_ccs
gated_clk_cell_26      ZeroWireload      tcbn28hpcplusbwp30p140tt1v25c_ccs
gated_clk_cell_27      ZeroWireload      tcbn28hpcplusbwp30p140tt1v25c_ccs
gated_clk_cell_28      ZeroWireload      tcbn28hpcplusbwp30p140tt1v25c_ccs
gated_clk_cell_29      ZeroWireload      tcbn28hpcplusbwp30p140tt1v25c_ccs
gated_clk_cell_30      ZeroWireload      tcbn28hpcplusbwp30p140tt1v25c_ccs
gated_clk_cell_31      ZeroWireload      tcbn28hpcplusbwp30p140tt1v25c_ccs
gated_clk_cell_32      ZeroWireload      tcbn28hpcplusbwp30p140tt1v25c_ccs
gated_clk_cell_33      ZeroWireload      tcbn28hpcplusbwp30p140tt1v25c_ccs
gated_clk_cell_34      ZeroWireload      tcbn28hpcplusbwp30p140tt1v25c_ccs
gated_clk_cell_35      ZeroWireload      tcbn28hpcplusbwp30p140tt1v25c_ccs
gated_clk_cell_36      ZeroWireload      tcbn28hpcplusbwp30p140tt1v25c_ccs
gated_clk_cell_37      ZeroWireload      tcbn28hpcplusbwp30p140tt1v25c_ccs
gated_clk_cell_38      ZeroWireload      tcbn28hpcplusbwp30p140tt1v25c_ccs
gated_clk_cell_39      ZeroWireload      tcbn28hpcplusbwp30p140tt1v25c_ccs
gated_clk_cell_40      ZeroWireload      tcbn28hpcplusbwp30p140tt1v25c_ccs
gated_clk_cell_41      ZeroWireload      tcbn28hpcplusbwp30p140tt1v25c_ccs
gated_clk_cell_42      ZeroWireload      tcbn28hpcplusbwp30p140tt1v25c_ccs
gated_clk_cell_43      ZeroWireload      tcbn28hpcplusbwp30p140tt1v25c_ccs
gated_clk_cell_44      ZeroWireload      tcbn28hpcplusbwp30p140tt1v25c_ccs
gated_clk_cell_45      ZeroWireload      tcbn28hpcplusbwp30p140tt1v25c_ccs
gated_clk_cell_46      ZeroWireload      tcbn28hpcplusbwp30p140tt1v25c_ccs
gated_clk_cell_47      ZeroWireload      tcbn28hpcplusbwp30p140tt1v25c_ccs
gated_clk_cell_48      ZeroWireload      tcbn28hpcplusbwp30p140tt1v25c_ccs
gated_clk_cell_49      ZeroWireload      tcbn28hpcplusbwp30p140tt1v25c_ccs
gated_clk_cell_50      ZeroWireload      tcbn28hpcplusbwp30p140tt1v25c_ccs
gated_clk_cell_51      ZeroWireload      tcbn28hpcplusbwp30p140tt1v25c_ccs
gated_clk_cell_52      ZeroWireload      tcbn28hpcplusbwp30p140tt1v25c_ccs
gated_clk_cell_53      ZeroWireload      tcbn28hpcplusbwp30p140tt1v25c_ccs
gated_clk_cell_54      ZeroWireload      tcbn28hpcplusbwp30p140tt1v25c_ccs
gated_clk_cell_55      ZeroWireload      tcbn28hpcplusbwp30p140tt1v25c_ccs
gated_clk_cell_56      ZeroWireload      tcbn28hpcplusbwp30p140tt1v25c_ccs
gated_clk_cell_57      ZeroWireload      tcbn28hpcplusbwp30p140tt1v25c_ccs
gated_clk_cell_58      ZeroWireload      tcbn28hpcplusbwp30p140tt1v25c_ccs
gated_clk_cell_59      ZeroWireload      tcbn28hpcplusbwp30p140tt1v25c_ccs
gated_clk_cell_60      ZeroWireload      tcbn28hpcplusbwp30p140tt1v25c_ccs
gated_clk_cell_61      ZeroWireload      tcbn28hpcplusbwp30p140tt1v25c_ccs
gated_clk_cell_62      ZeroWireload      tcbn28hpcplusbwp30p140tt1v25c_ccs
gated_clk_cell_63      ZeroWireload      tcbn28hpcplusbwp30p140tt1v25c_ccs
gated_clk_cell_64      ZeroWireload      tcbn28hpcplusbwp30p140tt1v25c_ccs
gated_clk_cell_65      ZeroWireload      tcbn28hpcplusbwp30p140tt1v25c_ccs
gated_clk_cell_66      ZeroWireload      tcbn28hpcplusbwp30p140tt1v25c_ccs
gated_clk_cell_67      ZeroWireload      tcbn28hpcplusbwp30p140tt1v25c_ccs
gated_clk_cell_68      ZeroWireload      tcbn28hpcplusbwp30p140tt1v25c_ccs
gated_clk_cell_69      ZeroWireload      tcbn28hpcplusbwp30p140tt1v25c_ccs
gated_clk_cell_70      ZeroWireload      tcbn28hpcplusbwp30p140tt1v25c_ccs
gated_clk_cell_71      ZeroWireload      tcbn28hpcplusbwp30p140tt1v25c_ccs
gated_clk_cell_72      ZeroWireload      tcbn28hpcplusbwp30p140tt1v25c_ccs
gated_clk_cell_73      ZeroWireload      tcbn28hpcplusbwp30p140tt1v25c_ccs
gated_clk_cell_74      ZeroWireload      tcbn28hpcplusbwp30p140tt1v25c_ccs
gated_clk_cell_75      ZeroWireload      tcbn28hpcplusbwp30p140tt1v25c_ccs
gated_clk_cell_76      ZeroWireload      tcbn28hpcplusbwp30p140tt1v25c_ccs
gated_clk_cell_77      ZeroWireload      tcbn28hpcplusbwp30p140tt1v25c_ccs
gated_clk_cell_78      ZeroWireload      tcbn28hpcplusbwp30p140tt1v25c_ccs
gated_clk_cell_79      ZeroWireload      tcbn28hpcplusbwp30p140tt1v25c_ccs
gated_clk_cell_80      ZeroWireload      tcbn28hpcplusbwp30p140tt1v25c_ccs
gated_clk_cell_81      ZeroWireload      tcbn28hpcplusbwp30p140tt1v25c_ccs
gated_clk_cell_82      ZeroWireload      tcbn28hpcplusbwp30p140tt1v25c_ccs
gated_clk_cell_83      ZeroWireload      tcbn28hpcplusbwp30p140tt1v25c_ccs
gated_clk_cell_84      ZeroWireload      tcbn28hpcplusbwp30p140tt1v25c_ccs
gated_clk_cell_85      ZeroWireload      tcbn28hpcplusbwp30p140tt1v25c_ccs
gated_clk_cell_86      ZeroWireload      tcbn28hpcplusbwp30p140tt1v25c_ccs
gated_clk_cell_87      ZeroWireload      tcbn28hpcplusbwp30p140tt1v25c_ccs
gated_clk_cell_88      ZeroWireload      tcbn28hpcplusbwp30p140tt1v25c_ccs
gated_clk_cell_89      ZeroWireload      tcbn28hpcplusbwp30p140tt1v25c_ccs
gated_clk_cell_90      ZeroWireload      tcbn28hpcplusbwp30p140tt1v25c_ccs
gated_clk_cell_91      ZeroWireload      tcbn28hpcplusbwp30p140tt1v25c_ccs
gated_clk_cell_92      ZeroWireload      tcbn28hpcplusbwp30p140tt1v25c_ccs
gated_clk_cell_93      ZeroWireload      tcbn28hpcplusbwp30p140tt1v25c_ccs
gated_clk_cell_94      ZeroWireload      tcbn28hpcplusbwp30p140tt1v25c_ccs
gated_clk_cell_95      ZeroWireload      tcbn28hpcplusbwp30p140tt1v25c_ccs
gated_clk_cell_96      ZeroWireload      tcbn28hpcplusbwp30p140tt1v25c_ccs
gated_clk_cell_97      ZeroWireload      tcbn28hpcplusbwp30p140tt1v25c_ccs
gated_clk_cell_98      ZeroWireload      tcbn28hpcplusbwp30p140tt1v25c_ccs
gated_clk_cell_99      ZeroWireload      tcbn28hpcplusbwp30p140tt1v25c_ccs
gated_clk_cell_100     ZeroWireload      tcbn28hpcplusbwp30p140tt1v25c_ccs
gated_clk_cell_101     ZeroWireload      tcbn28hpcplusbwp30p140tt1v25c_ccs
gated_clk_cell_102     ZeroWireload      tcbn28hpcplusbwp30p140tt1v25c_ccs
gated_clk_cell_103     ZeroWireload      tcbn28hpcplusbwp30p140tt1v25c_ccs
gated_clk_cell_104     ZeroWireload      tcbn28hpcplusbwp30p140tt1v25c_ccs
gated_clk_cell_105     ZeroWireload      tcbn28hpcplusbwp30p140tt1v25c_ccs
gated_clk_cell_106     ZeroWireload      tcbn28hpcplusbwp30p140tt1v25c_ccs
gated_clk_cell_107     ZeroWireload      tcbn28hpcplusbwp30p140tt1v25c_ccs
gated_clk_cell_108     ZeroWireload      tcbn28hpcplusbwp30p140tt1v25c_ccs
gated_clk_cell_109     ZeroWireload      tcbn28hpcplusbwp30p140tt1v25c_ccs
gated_clk_cell_110     ZeroWireload      tcbn28hpcplusbwp30p140tt1v25c_ccs
gated_clk_cell_111     ZeroWireload      tcbn28hpcplusbwp30p140tt1v25c_ccs
gated_clk_cell_112     ZeroWireload      tcbn28hpcplusbwp30p140tt1v25c_ccs
gated_clk_cell_113     ZeroWireload      tcbn28hpcplusbwp30p140tt1v25c_ccs
gated_clk_cell_114     ZeroWireload      tcbn28hpcplusbwp30p140tt1v25c_ccs
gated_clk_cell_115     ZeroWireload      tcbn28hpcplusbwp30p140tt1v25c_ccs
gated_clk_cell_116     ZeroWireload      tcbn28hpcplusbwp30p140tt1v25c_ccs
gated_clk_cell_117     ZeroWireload      tcbn28hpcplusbwp30p140tt1v25c_ccs
gated_clk_cell_118     ZeroWireload      tcbn28hpcplusbwp30p140tt1v25c_ccs
gated_clk_cell_119     ZeroWireload      tcbn28hpcplusbwp30p140tt1v25c_ccs
gated_clk_cell_120     ZeroWireload      tcbn28hpcplusbwp30p140tt1v25c_ccs
gated_clk_cell_121     ZeroWireload      tcbn28hpcplusbwp30p140tt1v25c_ccs
gated_clk_cell_122     ZeroWireload      tcbn28hpcplusbwp30p140tt1v25c_ccs
gated_clk_cell_123     ZeroWireload      tcbn28hpcplusbwp30p140tt1v25c_ccs
gated_clk_cell_124     ZeroWireload      tcbn28hpcplusbwp30p140tt1v25c_ccs
gated_clk_cell_125     ZeroWireload      tcbn28hpcplusbwp30p140tt1v25c_ccs
gated_clk_cell_126     ZeroWireload      tcbn28hpcplusbwp30p140tt1v25c_ccs
gated_clk_cell_127     ZeroWireload      tcbn28hpcplusbwp30p140tt1v25c_ccs
gated_clk_cell_128     ZeroWireload      tcbn28hpcplusbwp30p140tt1v25c_ccs
gated_clk_cell_129     ZeroWireload      tcbn28hpcplusbwp30p140tt1v25c_ccs
gated_clk_cell_130     ZeroWireload      tcbn28hpcplusbwp30p140tt1v25c_ccs
gated_clk_cell_131     ZeroWireload      tcbn28hpcplusbwp30p140tt1v25c_ccs
gated_clk_cell_132     ZeroWireload      tcbn28hpcplusbwp30p140tt1v25c_ccs
gated_clk_cell_133     ZeroWireload      tcbn28hpcplusbwp30p140tt1v25c_ccs
gated_clk_cell_134     ZeroWireload      tcbn28hpcplusbwp30p140tt1v25c_ccs
gated_clk_cell_135     ZeroWireload      tcbn28hpcplusbwp30p140tt1v25c_ccs
gated_clk_cell_136     ZeroWireload      tcbn28hpcplusbwp30p140tt1v25c_ccs
gated_clk_cell_137     ZeroWireload      tcbn28hpcplusbwp30p140tt1v25c_ccs
gated_clk_cell_138     ZeroWireload      tcbn28hpcplusbwp30p140tt1v25c_ccs
gated_clk_cell_139     ZeroWireload      tcbn28hpcplusbwp30p140tt1v25c_ccs
gated_clk_cell_140     ZeroWireload      tcbn28hpcplusbwp30p140tt1v25c_ccs
gated_clk_cell_141     ZeroWireload      tcbn28hpcplusbwp30p140tt1v25c_ccs
gated_clk_cell_142     ZeroWireload      tcbn28hpcplusbwp30p140tt1v25c_ccs
gated_clk_cell_143     ZeroWireload      tcbn28hpcplusbwp30p140tt1v25c_ccs
gated_clk_cell_144     ZeroWireload      tcbn28hpcplusbwp30p140tt1v25c_ccs
gated_clk_cell_145     ZeroWireload      tcbn28hpcplusbwp30p140tt1v25c_ccs
gated_clk_cell_146     ZeroWireload      tcbn28hpcplusbwp30p140tt1v25c_ccs
gated_clk_cell_147     ZeroWireload      tcbn28hpcplusbwp30p140tt1v25c_ccs
gated_clk_cell_148     ZeroWireload      tcbn28hpcplusbwp30p140tt1v25c_ccs
gated_clk_cell_149     ZeroWireload      tcbn28hpcplusbwp30p140tt1v25c_ccs
gated_clk_cell_150     ZeroWireload      tcbn28hpcplusbwp30p140tt1v25c_ccs
gated_clk_cell_151     ZeroWireload      tcbn28hpcplusbwp30p140tt1v25c_ccs
gated_clk_cell_152     ZeroWireload      tcbn28hpcplusbwp30p140tt1v25c_ccs
gated_clk_cell_153     ZeroWireload      tcbn28hpcplusbwp30p140tt1v25c_ccs
gated_clk_cell_154     ZeroWireload      tcbn28hpcplusbwp30p140tt1v25c_ccs
gated_clk_cell_155     ZeroWireload      tcbn28hpcplusbwp30p140tt1v25c_ccs
gated_clk_cell_156     ZeroWireload      tcbn28hpcplusbwp30p140tt1v25c_ccs
gated_clk_cell_157     ZeroWireload      tcbn28hpcplusbwp30p140tt1v25c_ccs
gated_clk_cell_158     ZeroWireload      tcbn28hpcplusbwp30p140tt1v25c_ccs
gated_clk_cell_159     ZeroWireload      tcbn28hpcplusbwp30p140tt1v25c_ccs
gated_clk_cell_160     ZeroWireload      tcbn28hpcplusbwp30p140tt1v25c_ccs
gated_clk_cell_161     ZeroWireload      tcbn28hpcplusbwp30p140tt1v25c_ccs
gated_clk_cell_162     ZeroWireload      tcbn28hpcplusbwp30p140tt1v25c_ccs
gated_clk_cell_163     ZeroWireload      tcbn28hpcplusbwp30p140tt1v25c_ccs
gated_clk_cell_164     ZeroWireload      tcbn28hpcplusbwp30p140tt1v25c_ccs
gated_clk_cell_165     ZeroWireload      tcbn28hpcplusbwp30p140tt1v25c_ccs
gated_clk_cell_166     ZeroWireload      tcbn28hpcplusbwp30p140tt1v25c_ccs
gated_clk_cell_167     ZeroWireload      tcbn28hpcplusbwp30p140tt1v25c_ccs
gated_clk_cell_168     ZeroWireload      tcbn28hpcplusbwp30p140tt1v25c_ccs
gated_clk_cell_169     ZeroWireload      tcbn28hpcplusbwp30p140tt1v25c_ccs
gated_clk_cell_170     ZeroWireload      tcbn28hpcplusbwp30p140tt1v25c_ccs
gated_clk_cell_171     ZeroWireload      tcbn28hpcplusbwp30p140tt1v25c_ccs
gated_clk_cell_172     ZeroWireload      tcbn28hpcplusbwp30p140tt1v25c_ccs
gated_clk_cell_173     ZeroWireload      tcbn28hpcplusbwp30p140tt1v25c_ccs
gated_clk_cell_174     ZeroWireload      tcbn28hpcplusbwp30p140tt1v25c_ccs
gated_clk_cell_175     ZeroWireload      tcbn28hpcplusbwp30p140tt1v25c_ccs
gated_clk_cell_176     ZeroWireload      tcbn28hpcplusbwp30p140tt1v25c_ccs
gated_clk_cell_177     ZeroWireload      tcbn28hpcplusbwp30p140tt1v25c_ccs
gated_clk_cell_178     ZeroWireload      tcbn28hpcplusbwp30p140tt1v25c_ccs
gated_clk_cell_179     ZeroWireload      tcbn28hpcplusbwp30p140tt1v25c_ccs
gated_clk_cell_180     ZeroWireload      tcbn28hpcplusbwp30p140tt1v25c_ccs
gated_clk_cell_181     ZeroWireload      tcbn28hpcplusbwp30p140tt1v25c_ccs
gated_clk_cell_182     ZeroWireload      tcbn28hpcplusbwp30p140tt1v25c_ccs
gated_clk_cell_183     ZeroWireload      tcbn28hpcplusbwp30p140tt1v25c_ccs
gated_clk_cell_184     ZeroWireload      tcbn28hpcplusbwp30p140tt1v25c_ccs
gated_clk_cell_185     ZeroWireload      tcbn28hpcplusbwp30p140tt1v25c_ccs
gated_clk_cell_186     ZeroWireload      tcbn28hpcplusbwp30p140tt1v25c_ccs
gated_clk_cell_187     ZeroWireload      tcbn28hpcplusbwp30p140tt1v25c_ccs
gated_clk_cell_188     ZeroWireload      tcbn28hpcplusbwp30p140tt1v25c_ccs
gated_clk_cell_189     ZeroWireload      tcbn28hpcplusbwp30p140tt1v25c_ccs
gated_clk_cell_190     ZeroWireload      tcbn28hpcplusbwp30p140tt1v25c_ccs
gated_clk_cell_191     ZeroWireload      tcbn28hpcplusbwp30p140tt1v25c_ccs
gated_clk_cell_192     ZeroWireload      tcbn28hpcplusbwp30p140tt1v25c_ccs
gated_clk_cell_193     ZeroWireload      tcbn28hpcplusbwp30p140tt1v25c_ccs
gated_clk_cell_194     ZeroWireload      tcbn28hpcplusbwp30p140tt1v25c_ccs
gated_clk_cell_195     ZeroWireload      tcbn28hpcplusbwp30p140tt1v25c_ccs
gated_clk_cell_196     ZeroWireload      tcbn28hpcplusbwp30p140tt1v25c_ccs
gated_clk_cell_197     ZeroWireload      tcbn28hpcplusbwp30p140tt1v25c_ccs
gated_clk_cell_198     ZeroWireload      tcbn28hpcplusbwp30p140tt1v25c_ccs
gated_clk_cell_199     ZeroWireload      tcbn28hpcplusbwp30p140tt1v25c_ccs
gated_clk_cell_200     ZeroWireload      tcbn28hpcplusbwp30p140tt1v25c_ccs
gated_clk_cell_201     ZeroWireload      tcbn28hpcplusbwp30p140tt1v25c_ccs
gated_clk_cell_202     ZeroWireload      tcbn28hpcplusbwp30p140tt1v25c_ccs
gated_clk_cell_203     ZeroWireload      tcbn28hpcplusbwp30p140tt1v25c_ccs
gated_clk_cell_204     ZeroWireload      tcbn28hpcplusbwp30p140tt1v25c_ccs
gated_clk_cell_205     ZeroWireload      tcbn28hpcplusbwp30p140tt1v25c_ccs
gated_clk_cell_206     ZeroWireload      tcbn28hpcplusbwp30p140tt1v25c_ccs
gated_clk_cell_207     ZeroWireload      tcbn28hpcplusbwp30p140tt1v25c_ccs
gated_clk_cell_208     ZeroWireload      tcbn28hpcplusbwp30p140tt1v25c_ccs
gated_clk_cell_209     ZeroWireload      tcbn28hpcplusbwp30p140tt1v25c_ccs
gated_clk_cell_210     ZeroWireload      tcbn28hpcplusbwp30p140tt1v25c_ccs
gated_clk_cell_211     ZeroWireload      tcbn28hpcplusbwp30p140tt1v25c_ccs
gated_clk_cell_212     ZeroWireload      tcbn28hpcplusbwp30p140tt1v25c_ccs
gated_clk_cell_213     ZeroWireload      tcbn28hpcplusbwp30p140tt1v25c_ccs
gated_clk_cell_214     ZeroWireload      tcbn28hpcplusbwp30p140tt1v25c_ccs
gated_clk_cell_215     ZeroWireload      tcbn28hpcplusbwp30p140tt1v25c_ccs
gated_clk_cell_216     ZeroWireload      tcbn28hpcplusbwp30p140tt1v25c_ccs
gated_clk_cell_217     ZeroWireload      tcbn28hpcplusbwp30p140tt1v25c_ccs
gated_clk_cell_218     ZeroWireload      tcbn28hpcplusbwp30p140tt1v25c_ccs
gated_clk_cell_219     ZeroWireload      tcbn28hpcplusbwp30p140tt1v25c_ccs
gated_clk_cell_220     ZeroWireload      tcbn28hpcplusbwp30p140tt1v25c_ccs
gated_clk_cell_221     ZeroWireload      tcbn28hpcplusbwp30p140tt1v25c_ccs
gated_clk_cell_222     ZeroWireload      tcbn28hpcplusbwp30p140tt1v25c_ccs
gated_clk_cell_223     ZeroWireload      tcbn28hpcplusbwp30p140tt1v25c_ccs
gated_clk_cell_224     ZeroWireload      tcbn28hpcplusbwp30p140tt1v25c_ccs
gated_clk_cell_225     ZeroWireload      tcbn28hpcplusbwp30p140tt1v25c_ccs
gated_clk_cell_226     ZeroWireload      tcbn28hpcplusbwp30p140tt1v25c_ccs
gated_clk_cell_227     ZeroWireload      tcbn28hpcplusbwp30p140tt1v25c_ccs
gated_clk_cell_228     ZeroWireload      tcbn28hpcplusbwp30p140tt1v25c_ccs
gated_clk_cell_229     ZeroWireload      tcbn28hpcplusbwp30p140tt1v25c_ccs
gated_clk_cell_230     ZeroWireload      tcbn28hpcplusbwp30p140tt1v25c_ccs
gated_clk_cell_231     ZeroWireload      tcbn28hpcplusbwp30p140tt1v25c_ccs
gated_clk_cell_232     ZeroWireload      tcbn28hpcplusbwp30p140tt1v25c_ccs
gated_clk_cell_233     ZeroWireload      tcbn28hpcplusbwp30p140tt1v25c_ccs
gated_clk_cell_234     ZeroWireload      tcbn28hpcplusbwp30p140tt1v25c_ccs
gated_clk_cell_235     ZeroWireload      tcbn28hpcplusbwp30p140tt1v25c_ccs
gated_clk_cell_236     ZeroWireload      tcbn28hpcplusbwp30p140tt1v25c_ccs
gated_clk_cell_237     ZeroWireload      tcbn28hpcplusbwp30p140tt1v25c_ccs
gated_clk_cell_238     ZeroWireload      tcbn28hpcplusbwp30p140tt1v25c_ccs
gated_clk_cell_239     ZeroWireload      tcbn28hpcplusbwp30p140tt1v25c_ccs
gated_clk_cell_240     ZeroWireload      tcbn28hpcplusbwp30p140tt1v25c_ccs
gated_clk_cell_241     ZeroWireload      tcbn28hpcplusbwp30p140tt1v25c_ccs
gated_clk_cell_242     ZeroWireload      tcbn28hpcplusbwp30p140tt1v25c_ccs
gated_clk_cell_243     ZeroWireload      tcbn28hpcplusbwp30p140tt1v25c_ccs
gated_clk_cell_244     ZeroWireload      tcbn28hpcplusbwp30p140tt1v25c_ccs
gated_clk_cell_245     ZeroWireload      tcbn28hpcplusbwp30p140tt1v25c_ccs
gated_clk_cell_246     ZeroWireload      tcbn28hpcplusbwp30p140tt1v25c_ccs
gated_clk_cell_247     ZeroWireload      tcbn28hpcplusbwp30p140tt1v25c_ccs
gated_clk_cell_248     ZeroWireload      tcbn28hpcplusbwp30p140tt1v25c_ccs
gated_clk_cell_249     ZeroWireload      tcbn28hpcplusbwp30p140tt1v25c_ccs
gated_clk_cell_250     ZeroWireload      tcbn28hpcplusbwp30p140tt1v25c_ccs
gated_clk_cell_251     ZeroWireload      tcbn28hpcplusbwp30p140tt1v25c_ccs
gated_clk_cell_252     ZeroWireload      tcbn28hpcplusbwp30p140tt1v25c_ccs
gated_clk_cell_253     ZeroWireload      tcbn28hpcplusbwp30p140tt1v25c_ccs
gated_clk_cell_254     ZeroWireload      tcbn28hpcplusbwp30p140tt1v25c_ccs
gated_clk_cell_255     ZeroWireload      tcbn28hpcplusbwp30p140tt1v25c_ccs
gated_clk_cell_256     ZeroWireload      tcbn28hpcplusbwp30p140tt1v25c_ccs
gated_clk_cell_257     ZeroWireload      tcbn28hpcplusbwp30p140tt1v25c_ccs
gated_clk_cell_258     ZeroWireload      tcbn28hpcplusbwp30p140tt1v25c_ccs
gated_clk_cell_259     ZeroWireload      tcbn28hpcplusbwp30p140tt1v25c_ccs
gated_clk_cell_260     ZeroWireload      tcbn28hpcplusbwp30p140tt1v25c_ccs
gated_clk_cell_261     ZeroWireload      tcbn28hpcplusbwp30p140tt1v25c_ccs
gated_clk_cell_262     ZeroWireload      tcbn28hpcplusbwp30p140tt1v25c_ccs
gated_clk_cell_263     ZeroWireload      tcbn28hpcplusbwp30p140tt1v25c_ccs
gated_clk_cell_264     ZeroWireload      tcbn28hpcplusbwp30p140tt1v25c_ccs
gated_clk_cell_265     ZeroWireload      tcbn28hpcplusbwp30p140tt1v25c_ccs
gated_clk_cell_266     ZeroWireload      tcbn28hpcplusbwp30p140tt1v25c_ccs
gated_clk_cell_267     ZeroWireload      tcbn28hpcplusbwp30p140tt1v25c_ccs
gated_clk_cell_268     ZeroWireload      tcbn28hpcplusbwp30p140tt1v25c_ccs
gated_clk_cell_269     ZeroWireload      tcbn28hpcplusbwp30p140tt1v25c_ccs
gated_clk_cell_270     ZeroWireload      tcbn28hpcplusbwp30p140tt1v25c_ccs
gated_clk_cell_271     ZeroWireload      tcbn28hpcplusbwp30p140tt1v25c_ccs
gated_clk_cell_272     ZeroWireload      tcbn28hpcplusbwp30p140tt1v25c_ccs
gated_clk_cell_273     ZeroWireload      tcbn28hpcplusbwp30p140tt1v25c_ccs
gated_clk_cell_274     ZeroWireload      tcbn28hpcplusbwp30p140tt1v25c_ccs
gated_clk_cell_275     ZeroWireload      tcbn28hpcplusbwp30p140tt1v25c_ccs
gated_clk_cell_276     ZeroWireload      tcbn28hpcplusbwp30p140tt1v25c_ccs
gated_clk_cell_277     ZeroWireload      tcbn28hpcplusbwp30p140tt1v25c_ccs
gated_clk_cell_278     ZeroWireload      tcbn28hpcplusbwp30p140tt1v25c_ccs
gated_clk_cell_279     ZeroWireload      tcbn28hpcplusbwp30p140tt1v25c_ccs
gated_clk_cell_280     ZeroWireload      tcbn28hpcplusbwp30p140tt1v25c_ccs
gated_clk_cell_281     ZeroWireload      tcbn28hpcplusbwp30p140tt1v25c_ccs
gated_clk_cell_282     ZeroWireload      tcbn28hpcplusbwp30p140tt1v25c_ccs
gated_clk_cell_283     ZeroWireload      tcbn28hpcplusbwp30p140tt1v25c_ccs
gated_clk_cell_284     ZeroWireload      tcbn28hpcplusbwp30p140tt1v25c_ccs
gated_clk_cell_285     ZeroWireload      tcbn28hpcplusbwp30p140tt1v25c_ccs
gated_clk_cell_286     ZeroWireload      tcbn28hpcplusbwp30p140tt1v25c_ccs
gated_clk_cell_287     ZeroWireload      tcbn28hpcplusbwp30p140tt1v25c_ccs
gated_clk_cell_288     ZeroWireload      tcbn28hpcplusbwp30p140tt1v25c_ccs
gated_clk_cell_289     ZeroWireload      tcbn28hpcplusbwp30p140tt1v25c_ccs
gated_clk_cell_290     ZeroWireload      tcbn28hpcplusbwp30p140tt1v25c_ccs
gated_clk_cell_291     ZeroWireload      tcbn28hpcplusbwp30p140tt1v25c_ccs
gated_clk_cell_292     ZeroWireload      tcbn28hpcplusbwp30p140tt1v25c_ccs
gated_clk_cell_293     ZeroWireload      tcbn28hpcplusbwp30p140tt1v25c_ccs
gated_clk_cell_294     ZeroWireload      tcbn28hpcplusbwp30p140tt1v25c_ccs
gated_clk_cell_295     ZeroWireload      tcbn28hpcplusbwp30p140tt1v25c_ccs
gated_clk_cell_296     ZeroWireload      tcbn28hpcplusbwp30p140tt1v25c_ccs
gated_clk_cell_297     ZeroWireload      tcbn28hpcplusbwp30p140tt1v25c_ccs
gated_clk_cell_298     ZeroWireload      tcbn28hpcplusbwp30p140tt1v25c_ccs
gated_clk_cell_299     ZeroWireload      tcbn28hpcplusbwp30p140tt1v25c_ccs
gated_clk_cell_300     ZeroWireload      tcbn28hpcplusbwp30p140tt1v25c_ccs
gated_clk_cell_301     ZeroWireload      tcbn28hpcplusbwp30p140tt1v25c_ccs
gated_clk_cell_302     ZeroWireload      tcbn28hpcplusbwp30p140tt1v25c_ccs
gated_clk_cell_303     ZeroWireload      tcbn28hpcplusbwp30p140tt1v25c_ccs
gated_clk_cell_304     ZeroWireload      tcbn28hpcplusbwp30p140tt1v25c_ccs
gated_clk_cell_305     ZeroWireload      tcbn28hpcplusbwp30p140tt1v25c_ccs
gated_clk_cell_306     ZeroWireload      tcbn28hpcplusbwp30p140tt1v25c_ccs
gated_clk_cell_307     ZeroWireload      tcbn28hpcplusbwp30p140tt1v25c_ccs
gated_clk_cell_308     ZeroWireload      tcbn28hpcplusbwp30p140tt1v25c_ccs
gated_clk_cell_309     ZeroWireload      tcbn28hpcplusbwp30p140tt1v25c_ccs
gated_clk_cell_310     ZeroWireload      tcbn28hpcplusbwp30p140tt1v25c_ccs
gated_clk_cell_311     ZeroWireload      tcbn28hpcplusbwp30p140tt1v25c_ccs
gated_clk_cell_312     ZeroWireload      tcbn28hpcplusbwp30p140tt1v25c_ccs
gated_clk_cell_313     ZeroWireload      tcbn28hpcplusbwp30p140tt1v25c_ccs
gated_clk_cell_314     ZeroWireload      tcbn28hpcplusbwp30p140tt1v25c_ccs
gated_clk_cell_315     ZeroWireload      tcbn28hpcplusbwp30p140tt1v25c_ccs
gated_clk_cell_316     ZeroWireload      tcbn28hpcplusbwp30p140tt1v25c_ccs
gated_clk_cell_317     ZeroWireload      tcbn28hpcplusbwp30p140tt1v25c_ccs
gated_clk_cell_318     ZeroWireload      tcbn28hpcplusbwp30p140tt1v25c_ccs
gated_clk_cell_319     ZeroWireload      tcbn28hpcplusbwp30p140tt1v25c_ccs
gated_clk_cell_320     ZeroWireload      tcbn28hpcplusbwp30p140tt1v25c_ccs
gated_clk_cell_321     ZeroWireload      tcbn28hpcplusbwp30p140tt1v25c_ccs
gated_clk_cell_322     ZeroWireload      tcbn28hpcplusbwp30p140tt1v25c_ccs
gated_clk_cell_323     ZeroWireload      tcbn28hpcplusbwp30p140tt1v25c_ccs
gated_clk_cell_324     ZeroWireload      tcbn28hpcplusbwp30p140tt1v25c_ccs
gated_clk_cell_325     ZeroWireload      tcbn28hpcplusbwp30p140tt1v25c_ccs
gated_clk_cell_326     ZeroWireload      tcbn28hpcplusbwp30p140tt1v25c_ccs
gated_clk_cell_327     ZeroWireload      tcbn28hpcplusbwp30p140tt1v25c_ccs
gated_clk_cell_328     ZeroWireload      tcbn28hpcplusbwp30p140tt1v25c_ccs
gated_clk_cell_329     ZeroWireload      tcbn28hpcplusbwp30p140tt1v25c_ccs
gated_clk_cell_330     ZeroWireload      tcbn28hpcplusbwp30p140tt1v25c_ccs
gated_clk_cell_331     ZeroWireload      tcbn28hpcplusbwp30p140tt1v25c_ccs
gated_clk_cell_332     ZeroWireload      tcbn28hpcplusbwp30p140tt1v25c_ccs
gated_clk_cell_333     ZeroWireload      tcbn28hpcplusbwp30p140tt1v25c_ccs
gated_clk_cell_334     ZeroWireload      tcbn28hpcplusbwp30p140tt1v25c_ccs
gated_clk_cell_335     ZeroWireload      tcbn28hpcplusbwp30p140tt1v25c_ccs
gated_clk_cell_336     ZeroWireload      tcbn28hpcplusbwp30p140tt1v25c_ccs
gated_clk_cell_337     ZeroWireload      tcbn28hpcplusbwp30p140tt1v25c_ccs
gated_clk_cell_338     ZeroWireload      tcbn28hpcplusbwp30p140tt1v25c_ccs
gated_clk_cell_339     ZeroWireload      tcbn28hpcplusbwp30p140tt1v25c_ccs
gated_clk_cell_340     ZeroWireload      tcbn28hpcplusbwp30p140tt1v25c_ccs
gated_clk_cell_341     ZeroWireload      tcbn28hpcplusbwp30p140tt1v25c_ccs
gated_clk_cell_342     ZeroWireload      tcbn28hpcplusbwp30p140tt1v25c_ccs
gated_clk_cell_343     ZeroWireload      tcbn28hpcplusbwp30p140tt1v25c_ccs
gated_clk_cell_344     ZeroWireload      tcbn28hpcplusbwp30p140tt1v25c_ccs
gated_clk_cell_345     ZeroWireload      tcbn28hpcplusbwp30p140tt1v25c_ccs
gated_clk_cell_346     ZeroWireload      tcbn28hpcplusbwp30p140tt1v25c_ccs
gated_clk_cell_347     ZeroWireload      tcbn28hpcplusbwp30p140tt1v25c_ccs
gated_clk_cell_348     ZeroWireload      tcbn28hpcplusbwp30p140tt1v25c_ccs
gated_clk_cell_349     ZeroWireload      tcbn28hpcplusbwp30p140tt1v25c_ccs
gated_clk_cell_350     ZeroWireload      tcbn28hpcplusbwp30p140tt1v25c_ccs
gated_clk_cell_351     ZeroWireload      tcbn28hpcplusbwp30p140tt1v25c_ccs
gated_clk_cell_352     ZeroWireload      tcbn28hpcplusbwp30p140tt1v25c_ccs
gated_clk_cell_353     ZeroWireload      tcbn28hpcplusbwp30p140tt1v25c_ccs
gated_clk_cell_354     ZeroWireload      tcbn28hpcplusbwp30p140tt1v25c_ccs
gated_clk_cell_355     ZeroWireload      tcbn28hpcplusbwp30p140tt1v25c_ccs
gated_clk_cell_356     ZeroWireload      tcbn28hpcplusbwp30p140tt1v25c_ccs
gated_clk_cell_357     ZeroWireload      tcbn28hpcplusbwp30p140tt1v25c_ccs
gated_clk_cell_358     ZeroWireload      tcbn28hpcplusbwp30p140tt1v25c_ccs
gated_clk_cell_359     ZeroWireload      tcbn28hpcplusbwp30p140tt1v25c_ccs
gated_clk_cell_360     ZeroWireload      tcbn28hpcplusbwp30p140tt1v25c_ccs
gated_clk_cell_361     ZeroWireload      tcbn28hpcplusbwp30p140tt1v25c_ccs
gated_clk_cell_362     ZeroWireload      tcbn28hpcplusbwp30p140tt1v25c_ccs
gated_clk_cell_363     ZeroWireload      tcbn28hpcplusbwp30p140tt1v25c_ccs
gated_clk_cell_364     ZeroWireload      tcbn28hpcplusbwp30p140tt1v25c_ccs
gated_clk_cell_365     ZeroWireload      tcbn28hpcplusbwp30p140tt1v25c_ccs
gated_clk_cell_366     ZeroWireload      tcbn28hpcplusbwp30p140tt1v25c_ccs
gated_clk_cell_367     ZeroWireload      tcbn28hpcplusbwp30p140tt1v25c_ccs
gated_clk_cell_368     ZeroWireload      tcbn28hpcplusbwp30p140tt1v25c_ccs
gated_clk_cell_369     ZeroWireload      tcbn28hpcplusbwp30p140tt1v25c_ccs
gated_clk_cell_370     ZeroWireload      tcbn28hpcplusbwp30p140tt1v25c_ccs
gated_clk_cell_371     ZeroWireload      tcbn28hpcplusbwp30p140tt1v25c_ccs
gated_clk_cell_372     ZeroWireload      tcbn28hpcplusbwp30p140tt1v25c_ccs
gated_clk_cell_373     ZeroWireload      tcbn28hpcplusbwp30p140tt1v25c_ccs
gated_clk_cell_374     ZeroWireload      tcbn28hpcplusbwp30p140tt1v25c_ccs
gated_clk_cell_375     ZeroWireload      tcbn28hpcplusbwp30p140tt1v25c_ccs
gated_clk_cell_376     ZeroWireload      tcbn28hpcplusbwp30p140tt1v25c_ccs
gated_clk_cell_377     ZeroWireload      tcbn28hpcplusbwp30p140tt1v25c_ccs
gated_clk_cell_378     ZeroWireload      tcbn28hpcplusbwp30p140tt1v25c_ccs
gated_clk_cell_379     ZeroWireload      tcbn28hpcplusbwp30p140tt1v25c_ccs
gated_clk_cell_380     ZeroWireload      tcbn28hpcplusbwp30p140tt1v25c_ccs
gated_clk_cell_381     ZeroWireload      tcbn28hpcplusbwp30p140tt1v25c_ccs
gated_clk_cell_382     ZeroWireload      tcbn28hpcplusbwp30p140tt1v25c_ccs
gated_clk_cell_383     ZeroWireload      tcbn28hpcplusbwp30p140tt1v25c_ccs
gated_clk_cell_384     ZeroWireload      tcbn28hpcplusbwp30p140tt1v25c_ccs
gated_clk_cell_385     ZeroWireload      tcbn28hpcplusbwp30p140tt1v25c_ccs
gated_clk_cell_386     ZeroWireload      tcbn28hpcplusbwp30p140tt1v25c_ccs
gated_clk_cell_387     ZeroWireload      tcbn28hpcplusbwp30p140tt1v25c_ccs
gated_clk_cell_388     ZeroWireload      tcbn28hpcplusbwp30p140tt1v25c_ccs
gated_clk_cell_389     ZeroWireload      tcbn28hpcplusbwp30p140tt1v25c_ccs
gated_clk_cell_390     ZeroWireload      tcbn28hpcplusbwp30p140tt1v25c_ccs
gated_clk_cell_391     ZeroWireload      tcbn28hpcplusbwp30p140tt1v25c_ccs
gated_clk_cell_392     ZeroWireload      tcbn28hpcplusbwp30p140tt1v25c_ccs
gated_clk_cell_393     ZeroWireload      tcbn28hpcplusbwp30p140tt1v25c_ccs
gated_clk_cell_394     ZeroWireload      tcbn28hpcplusbwp30p140tt1v25c_ccs
gated_clk_cell_395     ZeroWireload      tcbn28hpcplusbwp30p140tt1v25c_ccs
gated_clk_cell_396     ZeroWireload      tcbn28hpcplusbwp30p140tt1v25c_ccs
gated_clk_cell_397     ZeroWireload      tcbn28hpcplusbwp30p140tt1v25c_ccs
gated_clk_cell_398     ZeroWireload      tcbn28hpcplusbwp30p140tt1v25c_ccs
gated_clk_cell_399     ZeroWireload      tcbn28hpcplusbwp30p140tt1v25c_ccs
gated_clk_cell_400     ZeroWireload      tcbn28hpcplusbwp30p140tt1v25c_ccs
gated_clk_cell_401     ZeroWireload      tcbn28hpcplusbwp30p140tt1v25c_ccs
gated_clk_cell_402     ZeroWireload      tcbn28hpcplusbwp30p140tt1v25c_ccs
gated_clk_cell_403     ZeroWireload      tcbn28hpcplusbwp30p140tt1v25c_ccs
gated_clk_cell_404     ZeroWireload      tcbn28hpcplusbwp30p140tt1v25c_ccs
gated_clk_cell_405     ZeroWireload      tcbn28hpcplusbwp30p140tt1v25c_ccs
gated_clk_cell_406     ZeroWireload      tcbn28hpcplusbwp30p140tt1v25c_ccs
gated_clk_cell_407     ZeroWireload      tcbn28hpcplusbwp30p140tt1v25c_ccs
gated_clk_cell_408     ZeroWireload      tcbn28hpcplusbwp30p140tt1v25c_ccs
gated_clk_cell_409     ZeroWireload      tcbn28hpcplusbwp30p140tt1v25c_ccs
gated_clk_cell_410     ZeroWireload      tcbn28hpcplusbwp30p140tt1v25c_ccs
gated_clk_cell_411     ZeroWireload      tcbn28hpcplusbwp30p140tt1v25c_ccs
gated_clk_cell_412     ZeroWireload      tcbn28hpcplusbwp30p140tt1v25c_ccs
gated_clk_cell_413     ZeroWireload      tcbn28hpcplusbwp30p140tt1v25c_ccs
gated_clk_cell_414     ZeroWireload      tcbn28hpcplusbwp30p140tt1v25c_ccs
gated_clk_cell_415     ZeroWireload      tcbn28hpcplusbwp30p140tt1v25c_ccs
gated_clk_cell_416     ZeroWireload      tcbn28hpcplusbwp30p140tt1v25c_ccs
gated_clk_cell_417     ZeroWireload      tcbn28hpcplusbwp30p140tt1v25c_ccs
gated_clk_cell_418     ZeroWireload      tcbn28hpcplusbwp30p140tt1v25c_ccs
gated_clk_cell_419     ZeroWireload      tcbn28hpcplusbwp30p140tt1v25c_ccs
gated_clk_cell_420     ZeroWireload      tcbn28hpcplusbwp30p140tt1v25c_ccs
gated_clk_cell_421     ZeroWireload      tcbn28hpcplusbwp30p140tt1v25c_ccs
gated_clk_cell_422     ZeroWireload      tcbn28hpcplusbwp30p140tt1v25c_ccs
gated_clk_cell_423     ZeroWireload      tcbn28hpcplusbwp30p140tt1v25c_ccs
gated_clk_cell_424     ZeroWireload      tcbn28hpcplusbwp30p140tt1v25c_ccs
gated_clk_cell_425     ZeroWireload      tcbn28hpcplusbwp30p140tt1v25c_ccs
gated_clk_cell_426     ZeroWireload      tcbn28hpcplusbwp30p140tt1v25c_ccs
gated_clk_cell_427     ZeroWireload      tcbn28hpcplusbwp30p140tt1v25c_ccs
gated_clk_cell_428     ZeroWireload      tcbn28hpcplusbwp30p140tt1v25c_ccs
gated_clk_cell_429     ZeroWireload      tcbn28hpcplusbwp30p140tt1v25c_ccs
gated_clk_cell_430     ZeroWireload      tcbn28hpcplusbwp30p140tt1v25c_ccs
gated_clk_cell_431     ZeroWireload      tcbn28hpcplusbwp30p140tt1v25c_ccs
gated_clk_cell_432     ZeroWireload      tcbn28hpcplusbwp30p140tt1v25c_ccs
gated_clk_cell_433     ZeroWireload      tcbn28hpcplusbwp30p140tt1v25c_ccs
gated_clk_cell_434     ZeroWireload      tcbn28hpcplusbwp30p140tt1v25c_ccs
gated_clk_cell_435     ZeroWireload      tcbn28hpcplusbwp30p140tt1v25c_ccs
gated_clk_cell_436     ZeroWireload      tcbn28hpcplusbwp30p140tt1v25c_ccs
gated_clk_cell_437     ZeroWireload      tcbn28hpcplusbwp30p140tt1v25c_ccs
gated_clk_cell_438     ZeroWireload      tcbn28hpcplusbwp30p140tt1v25c_ccs


Global Operating Voltage = 1    
Power-specific unit information :
    Voltage Units = 1V
    Capacitance Units = 1.000000pf
    Time Units = 1ns
    Dynamic Power Units = 1mW    (derived from V,C,T units)
    Leakage Power Units = 1nW


--------------------------------------------------------------------------------
                                       Switch   Int      Leak     Total
Hierarchy                              Power    Power    Power    Power    %
--------------------------------------------------------------------------------
openC906                                 14.823  115.358 8.87e+05  131.069 100.0
  x_aq_plic_top (plic_top_256_10_01_5_32)    0.925    8.238 3.11e+03    9.166   7.0
    HART_ARB_0__x_plic_hart_arb (plic_hart_arb_INT_NUM256_ECH_RD32_PRIO_BIT5_ID_NUM10) 4.75e-02    0.303  696.735    0.351   0.3
      x_plic_32to1_arb (plic_32to1_arb_PRIO_BIT6_ID_NUM10_INT_NUM1024_SEL_NUM4_ECH_RD32) 1.11e-02    0.265  589.433    0.276   0.2
        x_secd_prio_selection10 (plic_granu_arb_SEL_NUM9_SEL_BIT4_ID_NUM10_PRIO_BIT6) 1.39e-03 7.94e-04  416.490 2.60e-03   0.0
          x_id_select (prio_sel_DATA10_SEL9_SEL_BIT4) 2.48e-04 2.39e-04    3.905 4.91e-04   0.0
          x_priority_select (prio_sel_DATA9_SEL64_SEL_BIT6) 3.17e-04 1.91e-04  320.791 8.29e-04   0.0
        FIRST_SEL_7__x_first_prio_selection (plic_granu2_arb_ID_NUM10_PRIO_BIT6_0) 5.13e-06 1.68e-05    3.539 2.55e-05   0.0
        FIRST_SEL_6__x_first_prio_selection (plic_granu2_arb_ID_NUM10_PRIO_BIT6_1) 5.13e-06 1.69e-05    3.539 2.56e-05   0.0
        FIRST_SEL_5__x_first_prio_selection (plic_granu2_arb_ID_NUM10_PRIO_BIT6_2) 5.13e-06 1.69e-05    3.539 2.56e-05   0.0
        FIRST_SEL_4__x_first_prio_selection (plic_granu2_arb_ID_NUM10_PRIO_BIT6_3) 5.13e-06 1.69e-05    3.539 2.56e-05   0.0
        FIRST_SEL_3__x_first_prio_selection (plic_granu2_arb_ID_NUM10_PRIO_BIT6_4) 5.13e-06 1.69e-05    3.539 2.56e-05   0.0
        FIRST_SEL_2__x_first_prio_selection (plic_granu2_arb_ID_NUM10_PRIO_BIT6_5) 5.13e-06 1.69e-05    3.539 2.56e-05   0.0
        FIRST_SEL_1__x_first_prio_selection (plic_granu2_arb_ID_NUM10_PRIO_BIT6_6) 5.13e-06 1.69e-05    3.539 2.56e-05   0.0
        FIRST_SEL_0__x_first_prio_selection (plic_granu2_arb_ID_NUM10_PRIO_BIT6_7) 1.10e-04 5.96e-05    3.767 1.73e-04   0.0
        ROUND_SEL_31__x_round_sel_req (nor_sel_SEL_BIT5_SEL_NUM32_DATA1_0) 1.43e-05 4.35e-06    0.556 1.92e-05   0.0
        ROUND_SEL_31__x_round_sel_prio (nor_sel_SEL_BIT5_SEL_NUM32_DATA6_0) 8.65e-05 3.43e-05    2.018 1.23e-04   0.0
        ROUND_SEL_30__x_round_sel_req (nor_sel_SEL_BIT5_SEL_NUM32_DATA1_1) 1.43e-05 4.39e-06    0.556 1.92e-05   0.0
        ROUND_SEL_30__x_round_sel_prio (nor_sel_SEL_BIT5_SEL_NUM32_DATA6_1) 9.64e-05 3.60e-05    2.058 1.34e-04   0.0
        ROUND_SEL_29__x_round_sel_req (nor_sel_SEL_BIT5_SEL_NUM32_DATA1_2) 1.43e-05 4.35e-06    0.556 1.92e-05   0.0
        ROUND_SEL_29__x_round_sel_prio (nor_sel_SEL_BIT5_SEL_NUM32_DATA6_2) 9.64e-05 3.59e-05    2.058 1.34e-04   0.0
        ROUND_SEL_29__x_round_sel_id (nor_sel_SEL_BIT5_SEL_NUM32_DATA10_2) 5.92e-06 1.54e-05    0.150 2.15e-05   0.0
        ROUND_SEL_28__x_round_sel_req (nor_sel_SEL_BIT5_SEL_NUM32_DATA1_3) 1.43e-05 4.39e-06    0.556 1.92e-05   0.0
        ROUND_SEL_28__x_round_sel_prio (nor_sel_SEL_BIT5_SEL_NUM32_DATA6_3) 9.64e-05 3.60e-05    2.058 1.34e-04   0.0
        ROUND_SEL_27__x_round_sel_req (nor_sel_SEL_BIT5_SEL_NUM32_DATA1_4) 1.43e-05 4.35e-06    0.556 1.92e-05   0.0
        ROUND_SEL_27__x_round_sel_prio (nor_sel_SEL_BIT5_SEL_NUM32_DATA6_4) 8.65e-05 3.42e-05    2.018 1.23e-04   0.0
        ROUND_SEL_26__x_round_sel_req (nor_sel_SEL_BIT5_SEL_NUM32_DATA1_5) 1.43e-05 4.39e-06    0.556 1.92e-05   0.0
        ROUND_SEL_26__x_round_sel_prio (nor_sel_SEL_BIT5_SEL_NUM32_DATA6_5) 9.64e-05 3.60e-05    2.058 1.34e-04   0.0
        ROUND_SEL_25__x_round_sel_req (nor_sel_SEL_BIT5_SEL_NUM32_DATA1_6) 1.43e-05 4.35e-06    0.556 1.92e-05   0.0
        ROUND_SEL_25__x_round_sel_prio (nor_sel_SEL_BIT5_SEL_NUM32_DATA6_6) 9.64e-05 3.59e-05    2.058 1.34e-04   0.0
        ROUND_SEL_25__x_round_sel_id (nor_sel_SEL_BIT5_SEL_NUM32_DATA10_6) 5.92e-06 1.58e-05    0.150 2.19e-05   0.0
        ROUND_SEL_24__x_round_sel_req (nor_sel_SEL_BIT5_SEL_NUM32_DATA1_7) 1.43e-05 4.42e-06    0.556 1.93e-05   0.0
        ROUND_SEL_24__x_round_sel_prio (nor_sel_SEL_BIT5_SEL_NUM32_DATA6_7) 9.64e-05 3.59e-05    2.058 1.34e-04   0.0
        ROUND_SEL_23__x_round_sel_req (nor_sel_SEL_BIT5_SEL_NUM32_DATA1_8) 1.43e-05 4.42e-06    0.556 1.93e-05   0.0
        ROUND_SEL_23__x_round_sel_prio (nor_sel_SEL_BIT5_SEL_NUM32_DATA6_8) 8.29e-05 3.36e-05    1.978 1.19e-04   0.0
        ROUND_SEL_22__x_round_sel_req (nor_sel_SEL_BIT5_SEL_NUM32_DATA1_9) 1.43e-05 4.42e-06    0.556 1.93e-05   0.0
        ROUND_SEL_22__x_round_sel_prio (nor_sel_SEL_BIT5_SEL_NUM32_DATA6_9) 9.64e-05 3.60e-05    2.058 1.34e-04   0.0
        ROUND_SEL_21__x_round_sel_req (nor_sel_SEL_BIT5_SEL_NUM32_DATA1_10) 1.43e-05 4.42e-06    0.556 1.93e-05   0.0
        ROUND_SEL_21__x_round_sel_prio (nor_sel_SEL_BIT5_SEL_NUM32_DATA6_10) 9.64e-05 3.58e-05    2.058 1.34e-04   0.0
        ROUND_SEL_21__x_round_sel_id (nor_sel_SEL_BIT5_SEL_NUM32_DATA10_10) 5.92e-06 1.58e-05    0.150 2.19e-05   0.0
        ROUND_SEL_20__x_round_sel_req (nor_sel_SEL_BIT5_SEL_NUM32_DATA1_11) 1.43e-05 4.38e-06    0.556 1.92e-05   0.0
        ROUND_SEL_20__x_round_sel_prio (nor_sel_SEL_BIT5_SEL_NUM32_DATA6_11) 9.64e-05 3.59e-05    2.058 1.34e-04   0.0
        ROUND_SEL_19__x_round_sel_req (nor_sel_SEL_BIT5_SEL_NUM32_DATA1_12) 1.43e-05 4.35e-06    0.556 1.92e-05   0.0
        ROUND_SEL_19__x_round_sel_prio (nor_sel_SEL_BIT5_SEL_NUM32_DATA6_12) 8.29e-05 3.34e-05    1.978 1.18e-04   0.0
        ROUND_SEL_18__x_round_sel_req (nor_sel_SEL_BIT5_SEL_NUM32_DATA1_13) 1.43e-05 4.38e-06    0.556 1.92e-05   0.0
        ROUND_SEL_18__x_round_sel_prio (nor_sel_SEL_BIT5_SEL_NUM32_DATA6_13) 9.64e-05 3.59e-05    2.058 1.34e-04   0.0
        ROUND_SEL_17__x_round_sel_req (nor_sel_SEL_BIT5_SEL_NUM32_DATA1_14) 1.43e-05 4.38e-06    0.556 1.92e-05   0.0
        ROUND_SEL_17__x_round_sel_prio (nor_sel_SEL_BIT5_SEL_NUM32_DATA6_14) 9.64e-05 3.59e-05    2.058 1.34e-04   0.0
        ROUND_SEL_17__x_round_sel_id (nor_sel_SEL_BIT5_SEL_NUM32_DATA10_14) 5.92e-06 1.58e-05    0.150 2.19e-05   0.0
        ROUND_SEL_16__x_round_sel_req (nor_sel_SEL_BIT5_SEL_NUM32_DATA1_15) 1.43e-05 4.38e-06    0.556 1.92e-05   0.0
        ROUND_SEL_16__x_round_sel_prio (nor_sel_SEL_BIT5_SEL_NUM32_DATA6_15) 9.64e-05 3.59e-05    2.058 1.34e-04   0.0
        ROUND_SEL_15__x_round_sel_req (nor_sel_SEL_BIT5_SEL_NUM32_DATA1_16) 1.43e-05 4.34e-06    0.556 1.92e-05   0.0
        ROUND_SEL_15__x_round_sel_prio (nor_sel_SEL_BIT5_SEL_NUM32_DATA6_16) 8.65e-05 3.41e-05    2.018 1.23e-04   0.0
        ROUND_SEL_14__x_round_sel_req (nor_sel_SEL_BIT5_SEL_NUM32_DATA1_17) 1.43e-05 4.38e-06    0.556 1.92e-05   0.0
        ROUND_SEL_14__x_round_sel_prio (nor_sel_SEL_BIT5_SEL_NUM32_DATA6_17) 9.64e-05 3.59e-05    2.058 1.34e-04   0.0
        ROUND_SEL_13__x_round_sel_req (nor_sel_SEL_BIT5_SEL_NUM32_DATA1_18) 1.43e-05 4.37e-06    0.556 1.92e-05   0.0
        ROUND_SEL_13__x_round_sel_prio (nor_sel_SEL_BIT5_SEL_NUM32_DATA6_18) 9.64e-05 3.59e-05    2.058 1.34e-04   0.0
        ROUND_SEL_13__x_round_sel_id (nor_sel_SEL_BIT5_SEL_NUM32_DATA10_18) 5.92e-06 1.58e-05    0.150 2.19e-05   0.0
        ROUND_SEL_12__x_round_sel_req (nor_sel_SEL_BIT5_SEL_NUM32_DATA1_19) 1.43e-05 4.38e-06    0.556 1.92e-05   0.0
        ROUND_SEL_12__x_round_sel_prio (nor_sel_SEL_BIT5_SEL_NUM32_DATA6_19) 9.64e-05 3.59e-05    2.058 1.34e-04   0.0
        ROUND_SEL_11__x_round_sel_req (nor_sel_SEL_BIT5_SEL_NUM32_DATA1_20) 1.43e-05 4.34e-06    0.556 1.92e-05   0.0
        ROUND_SEL_11__x_round_sel_prio (nor_sel_SEL_BIT5_SEL_NUM32_DATA6_20) 8.29e-05 3.35e-05    1.978 1.18e-04   0.0
        ROUND_SEL_10__x_round_sel_req (nor_sel_SEL_BIT5_SEL_NUM32_DATA1_21) 1.43e-05 4.37e-06    0.556 1.92e-05   0.0
        ROUND_SEL_10__x_round_sel_prio (nor_sel_SEL_BIT5_SEL_NUM32_DATA6_21) 9.64e-05 3.59e-05    2.058 1.34e-04   0.0
        ROUND_SEL_9__x_round_sel_req (nor_sel_SEL_BIT5_SEL_NUM32_DATA1_22) 1.43e-05 4.37e-06    0.556 1.92e-05   0.0
        ROUND_SEL_9__x_round_sel_prio (nor_sel_SEL_BIT5_SEL_NUM32_DATA6_22) 9.64e-05 3.59e-05    2.058 1.34e-04   0.0
        ROUND_SEL_9__x_round_sel_id (nor_sel_SEL_BIT5_SEL_NUM32_DATA10_22) 5.92e-06 1.58e-05    0.150 2.19e-05   0.0
        ROUND_SEL_8__x_round_sel_req (nor_sel_SEL_BIT5_SEL_NUM32_DATA1_23) 1.43e-05 4.37e-06    0.556 1.92e-05   0.0
        ROUND_SEL_8__x_round_sel_prio (nor_sel_SEL_BIT5_SEL_NUM32_DATA6_23) 9.64e-05 3.59e-05    2.058 1.34e-04   0.0
        ROUND_SEL_7__x_round_sel_req (nor_sel_SEL_BIT5_SEL_NUM32_DATA1_24) 1.43e-05 4.37e-06    0.556 1.92e-05   0.0
        ROUND_SEL_7__x_round_sel_prio (nor_sel_SEL_BIT5_SEL_NUM32_DATA6_24) 8.29e-05 3.35e-05    1.978 1.18e-04   0.0
        ROUND_SEL_6__x_round_sel_req (nor_sel_SEL_BIT5_SEL_NUM32_DATA1_25) 1.43e-05 4.37e-06    0.556 1.92e-05   0.0
        ROUND_SEL_6__x_round_sel_prio (nor_sel_SEL_BIT5_SEL_NUM32_DATA6_25) 8.65e-05 3.40e-05    2.018 1.23e-04   0.0
        ROUND_SEL_5__x_round_sel_req (nor_sel_SEL_BIT5_SEL_NUM32_DATA1_26) 1.43e-05 4.36e-06    0.556 1.92e-05   0.0
        ROUND_SEL_5__x_round_sel_prio (nor_sel_SEL_BIT5_SEL_NUM32_DATA6_26) 9.64e-05 3.58e-05    2.058 1.34e-04   0.0
        ROUND_SEL_5__x_round_sel_id (nor_sel_SEL_BIT5_SEL_NUM32_DATA10_26) 5.92e-06 1.58e-05    0.150 2.19e-05   0.0
        ROUND_SEL_4__x_round_sel_req (nor_sel_SEL_BIT5_SEL_NUM32_DATA1_27) 1.43e-05 4.34e-06    0.556 1.92e-05   0.0
        ROUND_SEL_4__x_round_sel_prio (nor_sel_SEL_BIT5_SEL_NUM32_DATA6_27) 9.64e-05 3.58e-05    2.058 1.34e-04   0.0
        ROUND_SEL_3__x_round_sel_req (nor_sel_SEL_BIT5_SEL_NUM32_DATA1_28) 1.43e-05 4.38e-06    0.556 1.92e-05   0.0
        ROUND_SEL_3__x_round_sel_prio (nor_sel_SEL_BIT5_SEL_NUM32_DATA6_28) 8.65e-05 3.42e-05    2.018 1.23e-04   0.0
        ROUND_SEL_3__x_round_sel_id (nor_sel_SEL_BIT5_SEL_NUM32_DATA10_28) 5.92e-06 1.58e-05    0.150 2.19e-05   0.0
        ROUND_SEL_2__x_round_sel_req (nor_sel_SEL_BIT5_SEL_NUM32_DATA1_29) 1.43e-05 4.36e-06    0.556 1.92e-05   0.0
        ROUND_SEL_2__x_round_sel_prio (nor_sel_SEL_BIT5_SEL_NUM32_DATA6_29) 9.64e-05 3.59e-05    2.058 1.34e-04   0.0
        ROUND_SEL_1__x_round_sel_req (nor_sel_SEL_BIT5_SEL_NUM32_DATA1_30) 1.43e-05 4.39e-06    0.556 1.92e-05   0.0
        ROUND_SEL_1__x_round_sel_prio (nor_sel_SEL_BIT5_SEL_NUM32_DATA6_30) 9.64e-05 3.59e-05    2.058 1.34e-04   0.0
        ROUND_SEL_0__x_round_sel_req (nor_sel_SEL_BIT5_SEL_NUM32_DATA1_31) 3.30e-05 3.72e-05    0.462 7.07e-05   0.0
        ROUND_SEL_0__x_round_sel_prio (nor_sel_SEL_BIT5_SEL_NUM32_DATA6_31) 6.08e-05 2.39e-05    1.966 8.67e-05   0.0
      x_plic_arb_ctrl (plic_arb_ctrl_INT_NUM256_ECH_RD32_PRIO_BIT5) 3.53e-02 3.82e-02  107.255 7.37e-02   0.1
        x_arb_ctrl_ready_gateclk (gated_clk_cell_345) 3.51e-02 1.67e-03    5.498 3.68e-02   0.0
    x_plic_kid_busif (plic_kid_busif_INT_NUM256_PRIO_BIT5_ID_NUM10_ADDR12)    0.656    6.315 1.94e+03    6.972   5.3
      x_ip_ready_gateclk (gated_clk_cell_392) 8.52e-03 8.15e-04 5.01e-02 9.34e-03   0.0
      APB_SEL_EN_1__x_prio_split_ready_gateclk (gated_clk_cell_393) 1.50e-03 8.25e-04 5.01e-02 2.33e-03   0.0
      APB_SEL_EN_1__x_prio_split_rdata_ff (instance_reg_flog_DATA5_0)    0.000 1.06e-02    2.390 1.06e-02   0.0
      APB_SEL_EN_1__x_prio_split_ready_ff (instance_reg_flog_DATA1_0)    0.000 2.11e-03    0.478 2.11e-03   0.0
      APB_SEL_EN_0__x_prio_split_ready_gateclk (gated_clk_cell_394) 1.50e-03 8.25e-04 5.01e-02 2.33e-03   0.0
      APB_SEL_EN_0__x_prio_split_rdata_ff (instance_reg_flog_DATA5_1)    0.000 1.06e-02    2.390 1.06e-02   0.0
      APB_SEL_EN_0__x_prio_split_ready_ff (instance_reg_flog_DATA1_1)    0.000 2.11e-03    0.478 2.11e-03   0.0
      x_prio_1tox_matrix (csky_apb_1tox_matrix_ADDR12_SLAVE2) 7.08e-03 5.53e-02   12.312 6.24e-02   0.0
        GATE_CLK_1__x_mst_sel_gateclk (gated_clk_cell_346) 2.76e-03 8.23e-04 5.01e-02 3.58e-03   0.0
        GATE_CLK_0__x_mst_sel_gateclk (gated_clk_cell_347) 1.75e-03 8.25e-04 5.01e-02 2.58e-03   0.0
        x_slv_ready_gateclk (gated_clk_cell_348) 1.75e-03 8.25e-04 5.01e-02 2.58e-03   0.0
      KID_GATE_CLK_7__x_kid_regs_gateclk (gated_clk_cell_395) 6.42e-02 2.38e-03    7.499 6.66e-02   0.1
      KID_GATE_CLK_6__x_kid_regs_gateclk (gated_clk_cell_396) 6.42e-02 1.67e-03   57.634 6.59e-02   0.1
      KID_GATE_CLK_5__x_kid_regs_gateclk (gated_clk_cell_397) 6.42e-02 1.67e-03   57.634 6.59e-02   0.1
      KID_GATE_CLK_4__x_kid_regs_gateclk (gated_clk_cell_398) 6.42e-02 1.67e-03   57.634 6.59e-02   0.1
      KID_GATE_CLK_3__x_kid_regs_gateclk (gated_clk_cell_399) 6.42e-02 1.67e-03   57.634 6.59e-02   0.1
      KID_GATE_CLK_2__x_kid_regs_gateclk (gated_clk_cell_400) 6.42e-02 2.38e-03    7.499 6.66e-02   0.1
      KID_GATE_CLK_1__x_kid_regs_gateclk (gated_clk_cell_401) 6.42e-02 1.67e-03   57.634 6.59e-02   0.1
      KID_GATE_CLK_0__x_kid_regs_gateclk (gated_clk_cell_402) 5.84e-02 1.14e-03   43.358 5.96e-02   0.0
      INT_KID_255__x_plic_int_kid (plic_int_kid_PRIO_BIT5_0) 4.18e-05 1.71e-02    4.448 1.72e-02   0.0
      INT_KID_254__x_plic_int_kid (plic_int_kid_PRIO_BIT5_1) 3.86e-05 1.71e-02    4.448 1.71e-02   0.0
      INT_KID_253__x_plic_int_kid (plic_int_kid_PRIO_BIT5_2) 3.85e-05 1.71e-02    4.447 1.71e-02   0.0
      INT_KID_252__x_plic_int_kid (plic_int_kid_PRIO_BIT5_3) 4.14e-05 1.71e-02    4.448 1.72e-02   0.0
      INT_KID_251__x_plic_int_kid (plic_int_kid_PRIO_BIT5_4) 4.02e-05 1.71e-02    4.448 1.72e-02   0.0
      INT_KID_250__x_plic_int_kid (plic_int_kid_PRIO_BIT5_5) 3.60e-05 1.71e-02    4.448 1.72e-02   0.0
      INT_KID_249__x_plic_int_kid (plic_int_kid_PRIO_BIT5_6) 4.01e-05 1.71e-02    4.448 1.72e-02   0.0
      INT_KID_248__x_plic_int_kid (plic_int_kid_PRIO_BIT5_7) 3.81e-05 1.71e-02    4.448 1.71e-02   0.0
      INT_KID_247__x_plic_int_kid (plic_int_kid_PRIO_BIT5_8) 3.63e-05 1.71e-02    4.448 1.71e-02   0.0
      INT_KID_246__x_plic_int_kid (plic_int_kid_PRIO_BIT5_9) 3.69e-05 1.71e-02    4.448 1.71e-02   0.0
      INT_KID_245__x_plic_int_kid (plic_int_kid_PRIO_BIT5_10) 3.74e-05 1.71e-02    4.448 1.71e-02   0.0
      INT_KID_244__x_plic_int_kid (plic_int_kid_PRIO_BIT5_11) 3.50e-05 1.71e-02    4.448 1.71e-02   0.0
      INT_KID_243__x_plic_int_kid (plic_int_kid_PRIO_BIT5_12) 3.98e-05 1.71e-02    4.448 1.72e-02   0.0
      INT_KID_242__x_plic_int_kid (plic_int_kid_PRIO_BIT5_13) 3.64e-05 1.71e-02    4.448 1.71e-02   0.0
      INT_KID_241__x_plic_int_kid (plic_int_kid_PRIO_BIT5_14) 3.91e-05 1.71e-02    4.447 1.72e-02   0.0
      INT_KID_240__x_plic_int_kid (plic_int_kid_PRIO_BIT5_15) 3.47e-05 1.71e-02    4.448 1.71e-02   0.0
      INT_KID_239__x_plic_int_kid (plic_int_kid_PRIO_BIT5_16) 4.01e-05 1.71e-02    4.448 1.72e-02   0.0
      INT_KID_238__x_plic_int_kid (plic_int_kid_PRIO_BIT5_17) 3.94e-05 1.71e-02    4.448 1.72e-02   0.0
      INT_KID_237__x_plic_int_kid (plic_int_kid_PRIO_BIT5_18) 3.66e-05 1.71e-02    4.448 1.71e-02   0.0
      INT_KID_236__x_plic_int_kid (plic_int_kid_PRIO_BIT5_19) 3.91e-05 1.71e-02    4.448 1.72e-02   0.0
      INT_KID_235__x_plic_int_kid (plic_int_kid_PRIO_BIT5_20) 3.72e-05 1.71e-02    4.448 1.71e-02   0.0
      INT_KID_234__x_plic_int_kid (plic_int_kid_PRIO_BIT5_21) 3.70e-05 1.71e-02    4.448 1.71e-02   0.0
      INT_KID_233__x_plic_int_kid (plic_int_kid_PRIO_BIT5_22) 3.56e-05 1.71e-02    4.448 1.71e-02   0.0
      INT_KID_232__x_plic_int_kid (plic_int_kid_PRIO_BIT5_23) 3.65e-05 1.71e-02    4.448 1.71e-02   0.0
      INT_KID_231__x_plic_int_kid (plic_int_kid_PRIO_BIT5_24) 3.72e-05 1.71e-02    4.448 1.71e-02   0.0
      INT_KID_230__x_plic_int_kid (plic_int_kid_PRIO_BIT5_25) 3.71e-05 1.71e-02    4.448 1.71e-02   0.0
      INT_KID_229__x_plic_int_kid (plic_int_kid_PRIO_BIT5_26) 3.90e-05 1.71e-02    4.448 1.72e-02   0.0
      INT_KID_228__x_plic_int_kid (plic_int_kid_PRIO_BIT5_27) 4.15e-05 1.71e-02    4.448 1.72e-02   0.0
      INT_KID_227__x_plic_int_kid (plic_int_kid_PRIO_BIT5_28) 4.27e-05 1.71e-02    4.448 1.72e-02   0.0
      INT_KID_226__x_plic_int_kid (plic_int_kid_PRIO_BIT5_29) 4.08e-05 1.71e-02    4.448 1.72e-02   0.0
      INT_KID_225__x_plic_int_kid (plic_int_kid_PRIO_BIT5_30) 4.21e-05 1.71e-02    4.448 1.72e-02   0.0
      INT_KID_224__x_plic_int_kid (plic_int_kid_PRIO_BIT5_31) 3.63e-05 1.71e-02    4.448 1.71e-02   0.0
      INT_KID_223__x_plic_int_kid (plic_int_kid_PRIO_BIT5_32) 3.58e-05 1.71e-02    4.448 1.71e-02   0.0
      INT_KID_222__x_plic_int_kid (plic_int_kid_PRIO_BIT5_33) 3.92e-05 1.71e-02    4.448 1.71e-02   0.0
      INT_KID_221__x_plic_int_kid (plic_int_kid_PRIO_BIT5_34) 3.74e-05 1.71e-02    4.448 1.71e-02   0.0
      INT_KID_220__x_plic_int_kid (plic_int_kid_PRIO_BIT5_35) 4.23e-05 1.71e-02    4.448 1.72e-02   0.0
      INT_KID_219__x_plic_int_kid (plic_int_kid_PRIO_BIT5_36) 3.93e-05 1.71e-02    4.448 1.72e-02   0.0
      INT_KID_218__x_plic_int_kid (plic_int_kid_PRIO_BIT5_37) 3.53e-05 1.71e-02    4.448 1.71e-02   0.0
      INT_KID_217__x_plic_int_kid (plic_int_kid_PRIO_BIT5_38) 4.05e-05 1.71e-02    4.448 1.72e-02   0.0
      INT_KID_216__x_plic_int_kid (plic_int_kid_PRIO_BIT5_39) 3.57e-05 1.71e-02    4.448 1.71e-02   0.0
      INT_KID_215__x_plic_int_kid (plic_int_kid_PRIO_BIT5_40) 3.86e-05 1.71e-02    4.448 1.72e-02   0.0
      INT_KID_214__x_plic_int_kid (plic_int_kid_PRIO_BIT5_41) 3.68e-05 1.71e-02    4.447 1.71e-02   0.0
      INT_KID_213__x_plic_int_kid (plic_int_kid_PRIO_BIT5_42) 3.66e-05 1.71e-02    4.448 1.71e-02   0.0
      INT_KID_212__x_plic_int_kid (plic_int_kid_PRIO_BIT5_43) 3.89e-05 1.71e-02    4.448 1.72e-02   0.0
      INT_KID_211__x_plic_int_kid (plic_int_kid_PRIO_BIT5_44) 3.61e-05 1.71e-02    4.448 1.71e-02   0.0
      INT_KID_210__x_plic_int_kid (plic_int_kid_PRIO_BIT5_45) 3.90e-05 1.71e-02    4.448 1.72e-02   0.0
      INT_KID_209__x_plic_int_kid (plic_int_kid_PRIO_BIT5_46) 4.08e-05 1.71e-02    4.448 1.72e-02   0.0
      INT_KID_208__x_plic_int_kid (plic_int_kid_PRIO_BIT5_47) 3.84e-05 1.71e-02    4.448 1.71e-02   0.0
      INT_KID_207__x_plic_int_kid (plic_int_kid_PRIO_BIT5_48) 3.87e-05 1.71e-02    4.448 1.71e-02   0.0
      INT_KID_206__x_plic_int_kid (plic_int_kid_PRIO_BIT5_49) 3.64e-05 1.71e-02    4.448 1.71e-02   0.0
      INT_KID_205__x_plic_int_kid (plic_int_kid_PRIO_BIT5_50) 3.99e-05 1.71e-02    4.448 1.72e-02   0.0
      INT_KID_204__x_plic_int_kid (plic_int_kid_PRIO_BIT5_51) 3.88e-05 1.71e-02    4.448 1.72e-02   0.0
      INT_KID_203__x_plic_int_kid (plic_int_kid_PRIO_BIT5_52) 3.97e-05 1.71e-02    4.448 1.72e-02   0.0
      INT_KID_202__x_plic_int_kid (plic_int_kid_PRIO_BIT5_53) 3.82e-05 1.71e-02    4.448 1.72e-02   0.0
      INT_KID_201__x_plic_int_kid (plic_int_kid_PRIO_BIT5_54) 3.66e-05 1.71e-02    4.448 1.71e-02   0.0
      INT_KID_200__x_plic_int_kid (plic_int_kid_PRIO_BIT5_55) 3.61e-05 1.71e-02    4.448 1.71e-02   0.0
      INT_KID_199__x_plic_int_kid (plic_int_kid_PRIO_BIT5_56) 3.96e-05 1.71e-02    4.447 1.72e-02   0.0
      INT_KID_198__x_plic_int_kid (plic_int_kid_PRIO_BIT5_57) 3.81e-05 1.71e-02    4.448 1.72e-02   0.0
      INT_KID_197__x_plic_int_kid (plic_int_kid_PRIO_BIT5_58) 3.95e-05 1.71e-02    4.448 1.72e-02   0.0
      INT_KID_196__x_plic_int_kid (plic_int_kid_PRIO_BIT5_59) 3.91e-05 1.71e-02    4.448 1.72e-02   0.0
      INT_KID_195__x_plic_int_kid (plic_int_kid_PRIO_BIT5_60) 4.02e-05 1.71e-02    4.448 1.72e-02   0.0
      INT_KID_194__x_plic_int_kid (plic_int_kid_PRIO_BIT5_61) 3.95e-05 1.71e-02    4.448 1.72e-02   0.0
      INT_KID_193__x_plic_int_kid (plic_int_kid_PRIO_BIT5_62) 3.86e-05 1.71e-02    4.448 1.72e-02   0.0
      INT_KID_192__x_plic_int_kid (plic_int_kid_PRIO_BIT5_63) 3.74e-05 1.71e-02    4.448 1.71e-02   0.0
      INT_KID_191__x_plic_int_kid (plic_int_kid_PRIO_BIT5_64) 3.99e-05 1.71e-02    4.448 1.72e-02   0.0
      INT_KID_190__x_plic_int_kid (plic_int_kid_PRIO_BIT5_65) 3.65e-05 1.71e-02    4.448 1.71e-02   0.0
      INT_KID_189__x_plic_int_kid (plic_int_kid_PRIO_BIT5_66) 3.57e-05 1.71e-02    4.447 1.71e-02   0.0
      INT_KID_188__x_plic_int_kid (plic_int_kid_PRIO_BIT5_67) 3.77e-05 1.71e-02    4.448 1.72e-02   0.0
      INT_KID_187__x_plic_int_kid (plic_int_kid_PRIO_BIT5_68) 4.03e-05 1.71e-02    4.448 1.72e-02   0.0
      INT_KID_186__x_plic_int_kid (plic_int_kid_PRIO_BIT5_69) 3.89e-05 1.71e-02    4.448 1.71e-02   0.0
      INT_KID_185__x_plic_int_kid (plic_int_kid_PRIO_BIT5_70) 3.57e-05 1.71e-02    4.447 1.71e-02   0.0
      INT_KID_184__x_plic_int_kid (plic_int_kid_PRIO_BIT5_71) 4.08e-05 1.71e-02    4.448 1.72e-02   0.0
      INT_KID_183__x_plic_int_kid (plic_int_kid_PRIO_BIT5_72) 3.59e-05 1.71e-02    4.448 1.71e-02   0.0
      INT_KID_182__x_plic_int_kid (plic_int_kid_PRIO_BIT5_73) 3.69e-05 1.71e-02    4.447 1.71e-02   0.0
      INT_KID_181__x_plic_int_kid (plic_int_kid_PRIO_BIT5_74) 4.03e-05 1.71e-02    4.448 1.72e-02   0.0
      INT_KID_180__x_plic_int_kid (plic_int_kid_PRIO_BIT5_75) 3.82e-05 1.71e-02    4.448 1.71e-02   0.0
      INT_KID_179__x_plic_int_kid (plic_int_kid_PRIO_BIT5_76) 3.51e-05 1.71e-02    4.448 1.71e-02   0.0
      INT_KID_178__x_plic_int_kid (plic_int_kid_PRIO_BIT5_77) 3.69e-05 1.71e-02    4.448 1.71e-02   0.0
      INT_KID_177__x_plic_int_kid (plic_int_kid_PRIO_BIT5_78) 3.68e-05 1.71e-02    4.447 1.71e-02   0.0
      INT_KID_176__x_plic_int_kid (plic_int_kid_PRIO_BIT5_79) 3.68e-05 1.71e-02    4.448 1.71e-02   0.0
      INT_KID_175__x_plic_int_kid (plic_int_kid_PRIO_BIT5_80) 3.74e-05 1.71e-02    4.448 1.71e-02   0.0
      INT_KID_174__x_plic_int_kid (plic_int_kid_PRIO_BIT5_81) 3.82e-05 1.71e-02    4.448 1.71e-02   0.0
      INT_KID_173__x_plic_int_kid (plic_int_kid_PRIO_BIT5_82) 3.27e-05 1.71e-02    4.447 1.71e-02   0.0
      INT_KID_172__x_plic_int_kid (plic_int_kid_PRIO_BIT5_83) 3.85e-05 1.71e-02    4.448 1.72e-02   0.0
      INT_KID_171__x_plic_int_kid (plic_int_kid_PRIO_BIT5_84) 3.53e-05 1.71e-02    4.448 1.71e-02   0.0
      INT_KID_170__x_plic_int_kid (plic_int_kid_PRIO_BIT5_85) 3.93e-05 1.71e-02    4.448 1.72e-02   0.0
      INT_KID_169__x_plic_int_kid (plic_int_kid_PRIO_BIT5_86) 3.89e-05 1.71e-02    4.448 1.72e-02   0.0
      INT_KID_168__x_plic_int_kid (plic_int_kid_PRIO_BIT5_87) 3.97e-05 1.71e-02    4.448 1.72e-02   0.0
      INT_KID_167__x_plic_int_kid (plic_int_kid_PRIO_BIT5_88) 4.08e-05 1.71e-02    4.448 1.72e-02   0.0
      INT_KID_166__x_plic_int_kid (plic_int_kid_PRIO_BIT5_89) 3.64e-05 1.71e-02    4.448 1.71e-02   0.0
      INT_KID_165__x_plic_int_kid (plic_int_kid_PRIO_BIT5_90) 3.71e-05 1.71e-02    4.448 1.72e-02   0.0
      INT_KID_164__x_plic_int_kid (plic_int_kid_PRIO_BIT5_91) 3.96e-05 1.71e-02    4.448 1.72e-02   0.0
      INT_KID_163__x_plic_int_kid (plic_int_kid_PRIO_BIT5_92) 3.71e-05 1.71e-02    4.448 1.71e-02   0.0
      INT_KID_162__x_plic_int_kid (plic_int_kid_PRIO_BIT5_93) 3.81e-05 1.71e-02    4.448 1.71e-02   0.0
      INT_KID_161__x_plic_int_kid (plic_int_kid_PRIO_BIT5_94) 4.09e-05 1.71e-02    4.448 1.72e-02   0.0
      INT_KID_160__x_plic_int_kid (plic_int_kid_PRIO_BIT5_95) 3.65e-05 1.71e-02    4.447 1.71e-02   0.0
      INT_KID_159__x_plic_int_kid (plic_int_kid_PRIO_BIT5_96) 4.02e-05 1.71e-02    4.448 1.72e-02   0.0
      INT_KID_158__x_plic_int_kid (plic_int_kid_PRIO_BIT5_97) 3.98e-05 1.71e-02    4.448 1.72e-02   0.0
      INT_KID_157__x_plic_int_kid (plic_int_kid_PRIO_BIT5_98) 4.24e-05 1.71e-02    4.448 1.72e-02   0.0
      INT_KID_156__x_plic_int_kid (plic_int_kid_PRIO_BIT5_99) 3.85e-05 1.71e-02    4.448 1.72e-02   0.0
      INT_KID_155__x_plic_int_kid (plic_int_kid_PRIO_BIT5_100) 3.89e-05 1.71e-02    4.448 1.72e-02   0.0
      INT_KID_154__x_plic_int_kid (plic_int_kid_PRIO_BIT5_101) 3.98e-05 1.71e-02    4.448 1.72e-02   0.0
      INT_KID_153__x_plic_int_kid (plic_int_kid_PRIO_BIT5_102) 3.83e-05 1.71e-02    4.448 1.71e-02   0.0
      INT_KID_152__x_plic_int_kid (plic_int_kid_PRIO_BIT5_103) 3.66e-05 1.71e-02    4.448 1.71e-02   0.0
      INT_KID_151__x_plic_int_kid (plic_int_kid_PRIO_BIT5_104) 4.14e-05 1.71e-02    4.448 1.72e-02   0.0
      INT_KID_150__x_plic_int_kid (plic_int_kid_PRIO_BIT5_105) 3.83e-05 1.71e-02    4.448 1.71e-02   0.0
      INT_KID_149__x_plic_int_kid (plic_int_kid_PRIO_BIT5_106) 4.09e-05 1.71e-02    4.448 1.72e-02   0.0
      INT_KID_148__x_plic_int_kid (plic_int_kid_PRIO_BIT5_107) 4.00e-05 1.71e-02    4.448 1.72e-02   0.0
      INT_KID_147__x_plic_int_kid (plic_int_kid_PRIO_BIT5_108) 3.97e-05 1.71e-02    4.448 1.72e-02   0.0
      INT_KID_146__x_plic_int_kid (plic_int_kid_PRIO_BIT5_109) 3.81e-05 1.71e-02    4.448 1.71e-02   0.0
      INT_KID_145__x_plic_int_kid (plic_int_kid_PRIO_BIT5_110) 3.59e-05 1.71e-02    4.448 1.71e-02   0.0
      INT_KID_144__x_plic_int_kid (plic_int_kid_PRIO_BIT5_111) 3.61e-05 1.71e-02    4.448 1.71e-02   0.0
      INT_KID_143__x_plic_int_kid (plic_int_kid_PRIO_BIT5_112) 3.91e-05 1.71e-02    4.448 1.72e-02   0.0
      INT_KID_142__x_plic_int_kid (plic_int_kid_PRIO_BIT5_113) 4.21e-05 1.71e-02    4.448 1.72e-02   0.0
      INT_KID_141__x_plic_int_kid (plic_int_kid_PRIO_BIT5_114) 4.02e-05 1.71e-02    4.448 1.72e-02   0.0
      INT_KID_140__x_plic_int_kid (plic_int_kid_PRIO_BIT5_115) 3.64e-05 1.71e-02    4.448 1.71e-02   0.0
      INT_KID_139__x_plic_int_kid (plic_int_kid_PRIO_BIT5_116) 3.88e-05 1.71e-02    4.448 1.72e-02   0.0
      INT_KID_138__x_plic_int_kid (plic_int_kid_PRIO_BIT5_117) 3.98e-05 1.71e-02    4.448 1.72e-02   0.0
      INT_KID_137__x_plic_int_kid (plic_int_kid_PRIO_BIT5_118) 3.93e-05 1.71e-02    4.448 1.72e-02   0.0
      INT_KID_136__x_plic_int_kid (plic_int_kid_PRIO_BIT5_119) 3.58e-05 1.71e-02    4.448 1.71e-02   0.0
      INT_KID_135__x_plic_int_kid (plic_int_kid_PRIO_BIT5_120) 4.20e-05 1.71e-02    4.448 1.72e-02   0.0
      INT_KID_134__x_plic_int_kid (plic_int_kid_PRIO_BIT5_121) 3.89e-05 1.71e-02    4.448 1.72e-02   0.0
      INT_KID_133__x_plic_int_kid (plic_int_kid_PRIO_BIT5_122) 3.80e-05 1.71e-02    4.448 1.71e-02   0.0
      INT_KID_132__x_plic_int_kid (plic_int_kid_PRIO_BIT5_123) 3.94e-05 1.71e-02    4.448 1.72e-02   0.0
      INT_KID_131__x_plic_int_kid (plic_int_kid_PRIO_BIT5_124) 3.74e-05 1.71e-02    4.448 1.71e-02   0.0
      INT_KID_130__x_plic_int_kid (plic_int_kid_PRIO_BIT5_125) 3.51e-05 1.71e-02    4.448 1.71e-02   0.0
      INT_KID_129__x_plic_int_kid (plic_int_kid_PRIO_BIT5_126) 3.80e-05 1.71e-02    4.448 1.71e-02   0.0
      INT_KID_128__x_plic_int_kid (plic_int_kid_PRIO_BIT5_127) 3.98e-05 1.71e-02    4.448 1.72e-02   0.0
      INT_KID_127__x_plic_int_kid (plic_int_kid_PRIO_BIT5_128) 3.64e-05 1.71e-02    4.448 1.71e-02   0.0
      INT_KID_126__x_plic_int_kid (plic_int_kid_PRIO_BIT5_129) 3.81e-05 1.71e-02    4.448 1.71e-02   0.0
      INT_KID_125__x_plic_int_kid (plic_int_kid_PRIO_BIT5_130) 3.89e-05 1.71e-02    4.448 1.71e-02   0.0
      INT_KID_124__x_plic_int_kid (plic_int_kid_PRIO_BIT5_131) 3.93e-05 1.71e-02    4.448 1.72e-02   0.0
      INT_KID_123__x_plic_int_kid (plic_int_kid_PRIO_BIT5_132) 3.61e-05 1.71e-02    4.448 1.71e-02   0.0
      INT_KID_122__x_plic_int_kid (plic_int_kid_PRIO_BIT5_133) 4.02e-05 1.71e-02    4.447 1.72e-02   0.0
      INT_KID_121__x_plic_int_kid (plic_int_kid_PRIO_BIT5_134) 3.91e-05 1.71e-02    4.448 1.72e-02   0.0
      INT_KID_120__x_plic_int_kid (plic_int_kid_PRIO_BIT5_135) 3.74e-05 1.71e-02    4.448 1.71e-02   0.0
      INT_KID_119__x_plic_int_kid (plic_int_kid_PRIO_BIT5_136) 3.84e-05 1.71e-02    4.448 1.71e-02   0.0
      INT_KID_118__x_plic_int_kid (plic_int_kid_PRIO_BIT5_137) 4.02e-05 1.71e-02    4.448 1.72e-02   0.0
      INT_KID_117__x_plic_int_kid (plic_int_kid_PRIO_BIT5_138) 3.25e-05 1.71e-02    4.448 1.71e-02   0.0
      INT_KID_116__x_plic_int_kid (plic_int_kid_PRIO_BIT5_139) 3.72e-05 1.71e-02    4.448 1.71e-02   0.0
      INT_KID_115__x_plic_int_kid (plic_int_kid_PRIO_BIT5_140) 3.76e-05 1.71e-02    4.448 1.71e-02   0.0
      INT_KID_114__x_plic_int_kid (plic_int_kid_PRIO_BIT5_141) 3.86e-05 1.71e-02    4.448 1.72e-02   0.0
      INT_KID_113__x_plic_int_kid (plic_int_kid_PRIO_BIT5_142) 3.91e-05 1.71e-02    4.448 1.72e-02   0.0
      INT_KID_112__x_plic_int_kid (plic_int_kid_PRIO_BIT5_143) 3.28e-05 1.71e-02    4.447 1.71e-02   0.0
      INT_KID_111__x_plic_int_kid (plic_int_kid_PRIO_BIT5_144) 3.84e-05 1.71e-02    4.448 1.71e-02   0.0
      INT_KID_110__x_plic_int_kid (plic_int_kid_PRIO_BIT5_145) 3.91e-05 1.71e-02    4.448 1.71e-02   0.0
      INT_KID_109__x_plic_int_kid (plic_int_kid_PRIO_BIT5_146) 3.85e-05 1.71e-02    4.448 1.72e-02   0.0
      INT_KID_108__x_plic_int_kid (plic_int_kid_PRIO_BIT5_147) 3.88e-05 1.71e-02    4.448 1.72e-02   0.0
      INT_KID_107__x_plic_int_kid (plic_int_kid_PRIO_BIT5_148) 4.13e-05 1.71e-02    4.448 1.72e-02   0.0
      INT_KID_106__x_plic_int_kid (plic_int_kid_PRIO_BIT5_149) 3.82e-05 1.71e-02    4.448 1.71e-02   0.0
      INT_KID_105__x_plic_int_kid (plic_int_kid_PRIO_BIT5_150) 3.88e-05 1.71e-02    4.447 1.71e-02   0.0
      INT_KID_104__x_plic_int_kid (plic_int_kid_PRIO_BIT5_151) 3.98e-05 1.71e-02    4.448 1.72e-02   0.0
      INT_KID_103__x_plic_int_kid (plic_int_kid_PRIO_BIT5_152) 3.66e-05 1.71e-02    4.448 1.71e-02   0.0
      INT_KID_102__x_plic_int_kid (plic_int_kid_PRIO_BIT5_153) 3.78e-05 1.71e-02    4.448 1.71e-02   0.0
      INT_KID_101__x_plic_int_kid (plic_int_kid_PRIO_BIT5_154) 3.72e-05 1.71e-02    4.448 1.71e-02   0.0
      INT_KID_100__x_plic_int_kid (plic_int_kid_PRIO_BIT5_155) 4.13e-05 1.71e-02    4.448 1.72e-02   0.0
      INT_KID_99__x_plic_int_kid (plic_int_kid_PRIO_BIT5_156) 4.06e-05 1.71e-02    4.448 1.72e-02   0.0
      INT_KID_98__x_plic_int_kid (plic_int_kid_PRIO_BIT5_157) 3.66e-05 1.71e-02    4.448 1.71e-02   0.0
      INT_KID_97__x_plic_int_kid (plic_int_kid_PRIO_BIT5_158) 3.83e-05 1.71e-02    4.448 1.72e-02   0.0
      INT_KID_96__x_plic_int_kid (plic_int_kid_PRIO_BIT5_159) 3.46e-05 1.71e-02    4.448 1.71e-02   0.0
      INT_KID_95__x_plic_int_kid (plic_int_kid_PRIO_BIT5_160) 4.14e-05 1.71e-02    4.448 1.72e-02   0.0
      INT_KID_94__x_plic_int_kid (plic_int_kid_PRIO_BIT5_161) 4.28e-05 1.71e-02    4.448 1.72e-02   0.0
      INT_KID_93__x_plic_int_kid (plic_int_kid_PRIO_BIT5_162) 3.87e-05 1.71e-02    4.448 1.72e-02   0.0
      INT_KID_92__x_plic_int_kid (plic_int_kid_PRIO_BIT5_163) 3.78e-05 1.71e-02    4.448 1.72e-02   0.0
      INT_KID_91__x_plic_int_kid (plic_int_kid_PRIO_BIT5_164) 3.90e-05 1.71e-02    4.448 1.71e-02   0.0
      INT_KID_90__x_plic_int_kid (plic_int_kid_PRIO_BIT5_165) 3.90e-05 1.71e-02    4.448 1.72e-02   0.0
      INT_KID_89__x_plic_int_kid (plic_int_kid_PRIO_BIT5_166) 4.02e-05 1.71e-02    4.448 1.72e-02   0.0
      INT_KID_88__x_plic_int_kid (plic_int_kid_PRIO_BIT5_167) 3.68e-05 1.71e-02    4.448 1.71e-02   0.0
      INT_KID_87__x_plic_int_kid (plic_int_kid_PRIO_BIT5_168) 3.75e-05 1.71e-02    4.447 1.71e-02   0.0
      INT_KID_86__x_plic_int_kid (plic_int_kid_PRIO_BIT5_169) 3.95e-05 1.71e-02    4.448 1.72e-02   0.0
      INT_KID_85__x_plic_int_kid (plic_int_kid_PRIO_BIT5_170) 3.96e-05 1.71e-02    4.448 1.72e-02   0.0
      INT_KID_84__x_plic_int_kid (plic_int_kid_PRIO_BIT5_171) 3.90e-05 1.71e-02    4.448 1.72e-02   0.0
      INT_KID_83__x_plic_int_kid (plic_int_kid_PRIO_BIT5_172) 4.12e-05 1.71e-02    4.448 1.72e-02   0.0
      INT_KID_82__x_plic_int_kid (plic_int_kid_PRIO_BIT5_173) 3.69e-05 1.71e-02    4.448 1.71e-02   0.0
      INT_KID_81__x_plic_int_kid (plic_int_kid_PRIO_BIT5_174) 3.83e-05 1.71e-02    4.448 1.72e-02   0.0
      INT_KID_80__x_plic_int_kid (plic_int_kid_PRIO_BIT5_175) 3.83e-05 1.71e-02    4.448 1.72e-02   0.0
      INT_KID_79__x_plic_int_kid (plic_int_kid_PRIO_BIT5_176) 3.83e-05 1.71e-02    4.448 1.72e-02   0.0
      INT_KID_78__x_plic_int_kid (plic_int_kid_PRIO_BIT5_177) 3.88e-05 1.71e-02    4.448 1.72e-02   0.0
      INT_KID_77__x_plic_int_kid (plic_int_kid_PRIO_BIT5_178) 3.43e-05 1.71e-02    4.447 1.71e-02   0.0
      INT_KID_76__x_plic_int_kid (plic_int_kid_PRIO_BIT5_179) 3.68e-05 1.71e-02    4.447 1.71e-02   0.0
      INT_KID_75__x_plic_int_kid (plic_int_kid_PRIO_BIT5_180) 3.77e-05 1.71e-02    4.448 1.71e-02   0.0
      INT_KID_74__x_plic_int_kid (plic_int_kid_PRIO_BIT5_181) 4.00e-05 1.71e-02    4.448 1.72e-02   0.0
      INT_KID_73__x_plic_int_kid (plic_int_kid_PRIO_BIT5_182) 3.85e-05 1.71e-02    4.448 1.71e-02   0.0
      INT_KID_72__x_plic_int_kid (plic_int_kid_PRIO_BIT5_183) 3.66e-05 1.71e-02    4.448 1.71e-02   0.0
      INT_KID_71__x_plic_int_kid (plic_int_kid_PRIO_BIT5_184) 3.48e-05 1.71e-02    4.447 1.71e-02   0.0
      INT_KID_70__x_plic_int_kid (plic_int_kid_PRIO_BIT5_185) 3.77e-05 1.71e-02    4.448 1.71e-02   0.0
      INT_KID_69__x_plic_int_kid (plic_int_kid_PRIO_BIT5_186) 3.64e-05 1.71e-02    4.447 1.71e-02   0.0
      INT_KID_68__x_plic_int_kid (plic_int_kid_PRIO_BIT5_187) 3.73e-05 1.71e-02    4.448 1.71e-02   0.0
      INT_KID_67__x_plic_int_kid (plic_int_kid_PRIO_BIT5_188) 3.75e-05 1.71e-02    4.448 1.71e-02   0.0
      INT_KID_66__x_plic_int_kid (plic_int_kid_PRIO_BIT5_189) 3.80e-05 1.71e-02    4.448 1.71e-02   0.0
      INT_KID_65__x_plic_int_kid (plic_int_kid_PRIO_BIT5_190) 3.90e-05 1.71e-02    4.448 1.71e-02   0.0
      INT_KID_64__x_plic_int_kid (plic_int_kid_PRIO_BIT5_191) 3.66e-05 1.71e-02    4.448 1.71e-02   0.0
      INT_KID_63__x_plic_int_kid (plic_int_kid_PRIO_BIT5_192) 4.00e-05 1.71e-02    4.447 1.72e-02   0.0
      INT_KID_62__x_plic_int_kid (plic_int_kid_PRIO_BIT5_193) 3.63e-05 1.71e-02    4.447 1.71e-02   0.0
      INT_KID_61__x_plic_int_kid (plic_int_kid_PRIO_BIT5_194) 3.80e-05 1.71e-02    4.448 1.72e-02   0.0
      INT_KID_60__x_plic_int_kid (plic_int_kid_PRIO_BIT5_195) 3.93e-05 1.71e-02    4.448 1.71e-02   0.0
      INT_KID_59__x_plic_int_kid (plic_int_kid_PRIO_BIT5_196) 4.15e-05 1.71e-02    4.448 1.72e-02   0.0
      INT_KID_58__x_plic_int_kid (plic_int_kid_PRIO_BIT5_197) 4.03e-05 1.71e-02    4.448 1.72e-02   0.0
      INT_KID_57__x_plic_int_kid (plic_int_kid_PRIO_BIT5_198) 3.56e-05 1.71e-02    4.448 1.71e-02   0.0
      INT_KID_56__x_plic_int_kid (plic_int_kid_PRIO_BIT5_199) 3.86e-05 1.71e-02    4.448 1.71e-02   0.0
      INT_KID_55__x_plic_int_kid (plic_int_kid_PRIO_BIT5_200) 3.81e-05 1.71e-02    4.447 1.72e-02   0.0
      INT_KID_54__x_plic_int_kid (plic_int_kid_PRIO_BIT5_201) 4.20e-05 1.71e-02    4.448 1.72e-02   0.0
      INT_KID_53__x_plic_int_kid (plic_int_kid_PRIO_BIT5_202) 4.02e-05 1.71e-02    4.448 1.72e-02   0.0
      INT_KID_52__x_plic_int_kid (plic_int_kid_PRIO_BIT5_203) 4.03e-05 1.71e-02    4.448 1.72e-02   0.0
      INT_KID_51__x_plic_int_kid (plic_int_kid_PRIO_BIT5_204) 3.87e-05 1.71e-02    4.448 1.71e-02   0.0
      INT_KID_50__x_plic_int_kid (plic_int_kid_PRIO_BIT5_205) 4.36e-05 1.71e-02    4.448 1.72e-02   0.0
      INT_KID_49__x_plic_int_kid (plic_int_kid_PRIO_BIT5_206) 3.99e-05 1.71e-02    4.448 1.72e-02   0.0
      INT_KID_48__x_plic_int_kid (plic_int_kid_PRIO_BIT5_207) 3.55e-05 1.71e-02    4.448 1.71e-02   0.0
      INT_KID_47__x_plic_int_kid (plic_int_kid_PRIO_BIT5_208) 3.54e-05 1.71e-02    4.448 1.71e-02   0.0
      INT_KID_46__x_plic_int_kid (plic_int_kid_PRIO_BIT5_209) 3.83e-05 1.71e-02    4.448 1.71e-02   0.0
      INT_KID_45__x_plic_int_kid (plic_int_kid_PRIO_BIT5_210) 3.82e-05 1.71e-02    4.448 1.71e-02   0.0
      INT_KID_44__x_plic_int_kid (plic_int_kid_PRIO_BIT5_211) 3.90e-05 1.71e-02    4.448 1.72e-02   0.0
      INT_KID_43__x_plic_int_kid (plic_int_kid_PRIO_BIT5_212) 4.14e-05 1.71e-02    4.448 1.72e-02   0.0
      INT_KID_42__x_plic_int_kid (plic_int_kid_PRIO_BIT5_213) 3.82e-05 1.71e-02    4.448 1.72e-02   0.0
      INT_KID_41__x_plic_int_kid (plic_int_kid_PRIO_BIT5_214) 4.03e-05 1.71e-02    4.448 1.72e-02   0.0
      INT_KID_40__x_plic_int_kid (plic_int_kid_PRIO_BIT5_215) 3.78e-05 1.71e-02    4.448 1.71e-02   0.0
      INT_KID_39__x_plic_int_kid (plic_int_kid_PRIO_BIT5_216) 4.00e-05 1.71e-02    4.448 1.72e-02   0.0
      INT_KID_38__x_plic_int_kid (plic_int_kid_PRIO_BIT5_217) 3.61e-05 1.71e-02    4.448 1.71e-02   0.0
      INT_KID_37__x_plic_int_kid (plic_int_kid_PRIO_BIT5_218) 3.95e-05 1.71e-02    4.448 1.72e-02   0.0
      INT_KID_36__x_plic_int_kid (plic_int_kid_PRIO_BIT5_219) 4.13e-05 1.71e-02    4.448 1.72e-02   0.0
      INT_KID_35__x_plic_int_kid (plic_int_kid_PRIO_BIT5_220) 4.28e-05 1.71e-02    4.448 1.72e-02   0.0
      INT_KID_34__x_plic_int_kid (plic_int_kid_PRIO_BIT5_221) 4.09e-05 1.71e-02    4.448 1.72e-02   0.0
      INT_KID_33__x_plic_int_kid (plic_int_kid_PRIO_BIT5_222) 3.82e-05 1.71e-02    4.448 1.71e-02   0.0
      INT_KID_32__x_plic_int_kid (plic_int_kid_PRIO_BIT5_223) 3.57e-05 1.71e-02    4.447 1.71e-02   0.0
      INT_KID_31__x_plic_int_kid (plic_int_kid_PRIO_BIT5_224) 3.95e-05 1.71e-02    4.448 1.71e-02   0.0
      INT_KID_30__x_plic_int_kid (plic_int_kid_PRIO_BIT5_225) 3.57e-05 1.71e-02    4.448 1.71e-02   0.0
      INT_KID_29__x_plic_int_kid (plic_int_kid_PRIO_BIT5_226) 3.74e-05 1.71e-02    4.448 1.71e-02   0.0
      INT_KID_28__x_plic_int_kid (plic_int_kid_PRIO_BIT5_227) 3.91e-05 1.71e-02    4.448 1.72e-02   0.0
      INT_KID_27__x_plic_int_kid (plic_int_kid_PRIO_BIT5_228) 3.87e-05 1.71e-02    4.448 1.71e-02   0.0
      INT_KID_26__x_plic_int_kid (plic_int_kid_PRIO_BIT5_229) 4.28e-05 1.71e-02    4.448 1.72e-02   0.0
      INT_KID_25__x_plic_int_kid (plic_int_kid_PRIO_BIT5_230) 4.01e-05 1.71e-02    4.448 1.72e-02   0.0
      INT_KID_24__x_plic_int_kid (plic_int_kid_PRIO_BIT5_231) 3.77e-05 1.71e-02    4.448 1.71e-02   0.0
      INT_KID_23__x_plic_int_kid (plic_int_kid_PRIO_BIT5_232) 3.94e-05 1.71e-02    4.448 1.72e-02   0.0
      INT_KID_22__x_plic_int_kid (plic_int_kid_PRIO_BIT5_233) 3.60e-05 1.71e-02    4.448 1.71e-02   0.0
      INT_KID_21__x_plic_int_kid (plic_int_kid_PRIO_BIT5_234) 3.81e-05 1.71e-02    4.448 1.72e-02   0.0
      INT_KID_20__x_plic_int_kid (plic_int_kid_PRIO_BIT5_235) 4.21e-05 1.71e-02    4.448 1.72e-02   0.0
      INT_KID_19__x_plic_int_kid (plic_int_kid_PRIO_BIT5_236) 3.96e-05 1.71e-02    4.448 1.72e-02   0.0
      INT_KID_18__x_plic_int_kid (plic_int_kid_PRIO_BIT5_237) 3.91e-05 1.71e-02    4.448 1.72e-02   0.0
      INT_KID_17__x_plic_int_kid (plic_int_kid_PRIO_BIT5_238) 3.71e-05 1.71e-02    4.448 1.71e-02   0.0
      INT_KID_16__x_plic_int_kid (plic_int_kid_PRIO_BIT5_239) 3.91e-05 1.71e-02    4.448 1.72e-02   0.0
      INT_KID_15__x_plic_int_kid (plic_int_kid_PRIO_BIT5_240)    0.000 1.48e-02    3.789 1.48e-02   0.0
      INT_KID_14__x_plic_int_kid (plic_int_kid_PRIO_BIT5_241)    0.000 1.48e-02    3.789 1.48e-02   0.0
      INT_KID_13__x_plic_int_kid (plic_int_kid_PRIO_BIT5_242)    0.000 1.48e-02    3.789 1.48e-02   0.0
      INT_KID_12__x_plic_int_kid (plic_int_kid_PRIO_BIT5_243)    0.000 1.48e-02    3.789 1.48e-02   0.0
      INT_KID_11__x_plic_int_kid (plic_int_kid_PRIO_BIT5_244)    0.000 1.48e-02    3.789 1.48e-02   0.0
      INT_KID_10__x_plic_int_kid (plic_int_kid_PRIO_BIT5_245)    0.000 1.48e-02    3.789 1.48e-02   0.0
      INT_KID_9__x_plic_int_kid (plic_int_kid_PRIO_BIT5_246)    0.000 1.48e-02    3.789 1.48e-02   0.0
      INT_KID_8__x_plic_int_kid (plic_int_kid_PRIO_BIT5_247)    0.000 1.48e-02    3.789 1.48e-02   0.0
      INT_KID_7__x_plic_int_kid (plic_int_kid_PRIO_BIT5_248)    0.000 1.48e-02    3.789 1.48e-02   0.0
      INT_KID_6__x_plic_int_kid (plic_int_kid_PRIO_BIT5_249)    0.000 1.48e-02    3.789 1.48e-02   0.0
      INT_KID_5__x_plic_int_kid (plic_int_kid_PRIO_BIT5_250)    0.000 1.48e-02    3.789 1.48e-02   0.0
      INT_KID_4__x_plic_int_kid (plic_int_kid_PRIO_BIT5_251)    0.000 1.48e-02    3.789 1.48e-02   0.0
      INT_KID_3__x_plic_int_kid (plic_int_kid_PRIO_BIT5_252)    0.000 1.48e-02    3.789 1.48e-02   0.0
      INT_KID_2__x_plic_int_kid (plic_int_kid_PRIO_BIT5_253)    0.000 1.48e-02    3.789 1.48e-02   0.0
      INT_KID_1__x_plic_int_kid (plic_int_kid_PRIO_BIT5_254)    0.000 1.48e-02    3.789 1.48e-02   0.0
      x_plic_int_sync (sync_level2level_SIGNAL_WIDTH256) 3.52e-02    1.809  300.756    1.844   1.4
    x_plic_hreg_busif (plic_hreg_busif_256_32_01_10_5_13_18)    0.191    1.403  417.853    1.594   1.2
      HART_ICT_GATE_CLK_0__x_hart_th_wr_gateclk (gated_clk_cell_403) 2.51e-03 8.23e-04 5.01e-02 3.33e-03   0.0
      HART_ICT_GATE_CLK_0__x_hart_claim_gateclk (gated_clk_cell_404) 4.01e-03 8.21e-04 5.01e-02 4.83e-03   0.0
      HART_ICT_REG_0__x_hart_sth_ff (instance_reg_flog_DATA5_2)    0.000 1.06e-02    2.390 1.06e-02   0.0
      HART_ICT_REG_0__x_hart_mth_ff (instance_reg_flog_DATA5_3)    0.000 1.06e-02    2.390 1.06e-02   0.0
      x_ict_ready_gateclk (gated_clk_cell_405) 2.51e-03 8.23e-04 5.01e-02 3.33e-03   0.0
      x_hart_ict_slverr_ff (instance_reg_flog_DATA1_2)    0.000 2.11e-03    0.515 2.11e-03   0.0
      x_hart_ict_rdata_ff (instance_reg_flog_DATA32_0)    0.000 1.69e-02    3.824 1.69e-02   0.0
      x_hart_ict_ready_ff (instance_reg_flog_DATA1_3)    0.000 2.11e-03    0.478 2.11e-03   0.0
      HART_IE_0__HART_IE_32_7__x_hart_ie_wr_gateclk (gated_clk_cell_406) 1.60e-02 8.11e-04 5.01e-02 1.69e-02   0.0
      HART_IE_0__HART_IE_32_7__x_hart_sie_ff (instance_reg_flog_DATA32_1) 1.29e-03 6.76e-02   15.358 6.89e-02   0.1
      HART_IE_0__HART_IE_32_7__x_hart_mie_ff (instance_reg_flog_DATA32_2) 1.29e-03 6.76e-02   15.358 6.89e-02   0.1
      HART_IE_0__HART_IE_32_6__x_hart_ie_wr_gateclk (gated_clk_cell_407) 1.60e-02 8.11e-04 5.01e-02 1.69e-02   0.0
      HART_IE_0__HART_IE_32_6__x_hart_sie_ff (instance_reg_flog_DATA32_3) 1.29e-03 6.76e-02   15.358 6.89e-02   0.1
      HART_IE_0__HART_IE_32_6__x_hart_mie_ff (instance_reg_flog_DATA32_4) 1.29e-03 6.76e-02   15.358 6.89e-02   0.1
      HART_IE_0__HART_IE_32_5__x_hart_ie_wr_gateclk (gated_clk_cell_408) 1.60e-02 8.11e-04 5.01e-02 1.69e-02   0.0
      HART_IE_0__HART_IE_32_5__x_hart_sie_ff (instance_reg_flog_DATA32_5) 1.29e-03 6.76e-02   15.358 6.89e-02   0.1
      HART_IE_0__HART_IE_32_5__x_hart_mie_ff (instance_reg_flog_DATA32_6) 1.29e-03 6.76e-02   15.358 6.89e-02   0.1
      HART_IE_0__HART_IE_32_4__x_hart_ie_wr_gateclk (gated_clk_cell_409) 1.60e-02 8.11e-04 5.01e-02 1.69e-02   0.0
      HART_IE_0__HART_IE_32_4__x_hart_sie_ff (instance_reg_flog_DATA32_7) 1.29e-03 6.76e-02   15.358 6.89e-02   0.1
      HART_IE_0__HART_IE_32_4__x_hart_mie_ff (instance_reg_flog_DATA32_8) 1.29e-03 6.76e-02   15.358 6.89e-02   0.1
      HART_IE_0__HART_IE_32_3__x_hart_ie_wr_gateclk (gated_clk_cell_410) 1.60e-02 8.11e-04 5.01e-02 1.69e-02   0.0
      HART_IE_0__HART_IE_32_3__x_hart_sie_ff (instance_reg_flog_DATA32_9) 1.29e-03 6.76e-02   15.358 6.89e-02   0.1
      HART_IE_0__HART_IE_32_3__x_hart_mie_ff (instance_reg_flog_DATA32_10) 1.29e-03 6.76e-02   15.358 6.89e-02   0.1
      HART_IE_0__HART_IE_32_2__x_hart_ie_wr_gateclk (gated_clk_cell_411) 1.60e-02 8.11e-04 5.01e-02 1.69e-02   0.0
      HART_IE_0__HART_IE_32_2__x_hart_sie_ff (instance_reg_flog_DATA32_11) 1.29e-03 6.76e-02   15.358 6.89e-02   0.1
      HART_IE_0__HART_IE_32_2__x_hart_mie_ff (instance_reg_flog_DATA32_12) 1.29e-03 6.76e-02   15.358 6.89e-02   0.1
      HART_IE_0__HART_IE_32_1__x_hart_ie_wr_gateclk (gated_clk_cell_412) 1.60e-02 8.11e-04 5.01e-02 1.69e-02   0.0
      HART_IE_0__HART_IE_32_1__x_hart_sie_ff (instance_reg_flog_DATA32_13) 1.29e-03 6.76e-02   15.358 6.89e-02   0.1
      HART_IE_0__HART_IE_32_1__x_hart_mie_ff (instance_reg_flog_DATA32_14) 1.29e-03 6.76e-02   15.358 6.89e-02   0.1
      HART_IE_0__HART_IE_32_0__x_hart_ie_wr_gateclk (gated_clk_cell_413) 1.55e-02 8.11e-04 5.01e-02 1.64e-02   0.0
      HART_IE_0__HART_IE_32_0__x_hart_sie_ff (instance_reg_flog_DATA32_15)    0.000 6.54e-02   14.817 6.54e-02   0.0
      HART_IE_0__HART_IE_32_0__x_hart_mie_ff (instance_reg_flog_DATA32_16) 7.72e-04 6.55e-02   14.865 6.62e-02   0.1
      HART_IE_RW_0__x_hart_ie_ready_gateclk (gated_clk_cell_414) 8.52e-03 8.15e-04 5.01e-02 9.34e-03   0.0
      HART_IE_RW_0__x_hart_ie_slverr_ff (instance_reg_flog_DATA1_4)    0.000 2.11e-03    0.515 2.11e-03   0.0
      HART_IE_RW_0__x_hart_ie_rdata_ff (instance_reg_flog_DATA32_17) 1.25e-03 6.76e-02   15.358 6.88e-02   0.1
      HART_IE_RW_0__x_hart_ie_ready_ff (instance_reg_flog_DATA1_5)    0.000 2.11e-03    0.478 2.11e-03   0.0
      x_prio_1tox_matrix (csky_apb_1tox_matrix_13_01) 2.24e-02    0.164   35.649    0.187   0.1
        GATE_CLK_0__x_mst_sel_gateclk (gated_clk_cell_349) 1.08e-02 8.14e-04 5.01e-02 1.16e-02   0.0
        x_slv_ready_gateclk (gated_clk_cell_350) 8.52e-03 8.15e-04 5.01e-02 9.34e-03   0.0
    x_plic_ctrl (plic_ctrl)            5.01e-04 5.04e-03    1.442 5.54e-03   0.0
      x_ict_ready_gateclk (gated_clk_cell_415) 5.01e-04 8.21e-04 5.01e-02 1.32e-03   0.0
    x_csky_apb_1tox_matrix (csky_apb_1tox_matrix_ADDR27_SLAVE5) 2.85e-02    0.213   51.975    0.242   0.2
      GATE_CLK_4__x_mst_sel_gateclk (gated_clk_cell_416) 3.51e-03 8.22e-04 5.01e-02 4.33e-03   0.0
      GATE_CLK_3__x_mst_sel_gateclk (gated_clk_cell_417) 7.52e-03 8.16e-04 5.01e-02 8.34e-03   0.0
      GATE_CLK_2__x_mst_sel_gateclk (gated_clk_cell_418) 5.01e-04 8.21e-04 5.01e-02 1.32e-03   0.0
      GATE_CLK_1__x_mst_sel_gateclk (gated_clk_cell_419) 5.01e-04 8.21e-04 5.01e-02 1.32e-03   0.0
      GATE_CLK_0__x_mst_sel_gateclk (gated_clk_cell_420) 4.01e-03 8.21e-04 5.01e-02 4.83e-03   0.0
      x_slv_ready_gateclk (gated_clk_cell_421) 8.52e-03 8.15e-04 5.01e-02 9.34e-03   0.0
  x_clint_top (clint_top)              9.59e-02    0.597  567.169    0.694   0.5
    x_clint_func (clint_func)          9.59e-02    0.597  567.169    0.694   0.5
      x_mtime_gated_clk (gated_clk_cell_422) 3.21e-02 1.62e-03 5.01e-02 3.37e-02   0.0
      x_clint_gateclk (gated_clk_cell_423) 4.87e-02 1.13e-03   43.358 4.99e-02   0.0
  x_tdt_top (tdt_top)                     0.587    4.502 1.84e+03    5.091   3.9
    x_tdt_dm_top (tdt_dm_top)             0.587    4.502 1.84e+03    5.091   3.9
      x_tdt_dm (tdt_dm_12_1_4_1_64_00000000_40_2_0)    0.428    4.499 1.82e+03    4.928   3.8
        x_tdt_sba_axi (tdt_sba_axi_AXI_ADDR_WIDTH40)    0.375    2.812 1.12e+03    3.188   2.4
          x_gated_clk_cell (gated_clk_cell_238)    0.334 1.80e-02  394.676    0.353   0.3
        u_tdt_dm_pulse_sync_ready (tdt_dm_pulse_sync_0) 2.95e-06 2.32e-02    3.089 2.32e-02   0.0
          x_tdt_dm_sync_dff_back (tdt_dm_sync_dff_SYNC_NUM2_0)    0.000 8.44e-03    0.828 8.44e-03   0.0
          x_tdt_dm_sync_dff (tdt_dm_sync_dff_SYNC_NUM2_1) 7.36e-08 4.23e-03    0.837 4.23e-03   0.0
        u_tdt_dm_pulse_sync_cpuclk_vld (tdt_dm_pulse_sync_1)    0.000 2.11e-02    3.092 2.11e-02   0.0
          x_tdt_dm_sync_dff_back (tdt_dm_sync_dff_SYNC_NUM2_2)    0.000 4.22e-03    0.836 4.22e-03   0.0
          x_tdt_dm_sync_dff (tdt_dm_sync_dff_SYNC_NUM2_3)    0.000 8.44e-03    0.828 8.44e-03   0.0
      x_gated_clk_cell (gated_clk_cell_424)    0.160 3.16e-03   12.816    0.163   0.1
  x_aq_sysio_top (aq_sysio_top)        8.94e-02    0.556   65.877    0.645   0.5
    x_aq_sysio_core0 (aq_sysio_kid)    4.04e-03 3.74e-02    4.742 4.15e-02   0.0
      x_sysio_kid_int_gated_clk (gated_clk_cell_425) 3.01e-03 1.65e-03 5.01e-02 4.66e-03   0.0
      x_sysio_kid_gated_clk (gated_clk_cell_426) 1.03e-03 1.64e-03 5.01e-02 2.67e-03   0.0
    x_aq_apb_base_gated_clk (gated_clk_cell_436) 6.52e-03 1.64e-03 5.01e-02 8.16e-03   0.0
    x_aq_rvba_gated_clk (gated_clk_cell_437) 1.96e-02 1.63e-03 5.01e-02 2.12e-02   0.0
    x_ccvr_gated_clk (gated_clk_cell_438) 4.66e-02 1.63e-03 5.01e-02 4.82e-02   0.0
  x_aq_mp_clk_top (aq_mp_clk_top)         0.516 3.28e-02    2.171    0.548   0.4
    apb_clk_buf (BUFGCE)                  0.192 4.72e-03    0.361    0.197   0.2
  x_aq_mp_rst_top (aq_mp_rst_top)      3.73e-03 1.86e-02    2.281 2.23e-02   0.0
  x_aq_biu_top (aq_biu_top)               0.424    3.136 1.48e+03    3.561   2.7
    x_aq_biu_gated_clk (gated_clk_cell_439) 4.56e-03 1.65e-03 5.01e-02 6.20e-03   0.0
    x_aq_biu_apbif (aq_biu_apbif)      5.93e-02    0.462   63.806    0.522   0.4
      x_apbif_gated_clk (gated_clk_cell_427) 5.46e-02 1.63e-03 5.01e-02 5.63e-02   0.0
    x_aq_biu_write_channel (aq_biu_write_channel)    0.226    1.709  738.410    1.936   1.5
      x_aq_biu_wt_entry_15 (aq_biu_wt_entry_0) 6.58e-03 5.34e-02   22.225 6.00e-02   0.0
        x_aq_biu_wtable_gated_clk (gated_clk_cell_351) 6.58e-03 1.64e-03 5.01e-02 8.23e-03   0.0
      x_aq_biu_wt_entry_14 (aq_biu_wt_entry_1) 6.58e-03 5.34e-02   23.916 6.00e-02   0.0
        x_aq_biu_wtable_gated_clk (gated_clk_cell_352) 6.58e-03 1.64e-03 5.01e-02 8.23e-03   0.0
      x_aq_biu_wt_entry_13 (aq_biu_wt_entry_2) 6.58e-03 5.34e-02   22.300 6.00e-02   0.0
        x_aq_biu_wtable_gated_clk (gated_clk_cell_353) 6.58e-03 1.64e-03 5.01e-02 8.23e-03   0.0
      x_aq_biu_wt_entry_12 (aq_biu_wt_entry_3) 6.58e-03 5.34e-02   23.815 6.00e-02   0.0
        x_aq_biu_wtable_gated_clk (gated_clk_cell_354) 6.58e-03 1.64e-03 5.01e-02 8.23e-03   0.0
      x_aq_biu_wt_entry_11 (aq_biu_wt_entry_4) 6.58e-03 5.34e-02   22.225 6.00e-02   0.0
        x_aq_biu_wtable_gated_clk (gated_clk_cell_355) 6.58e-03 1.64e-03 5.01e-02 8.23e-03   0.0
      x_aq_biu_wt_entry_10 (aq_biu_wt_entry_5) 6.58e-03 5.34e-02   23.815 6.00e-02   0.0
        x_aq_biu_wtable_gated_clk (gated_clk_cell_356) 6.58e-03 1.64e-03 5.01e-02 8.23e-03   0.0
      x_aq_biu_wt_entry_9 (aq_biu_wt_entry_6) 6.58e-03 5.34e-02   22.300 6.00e-02   0.0
        x_aq_biu_wtable_gated_clk (gated_clk_cell_357) 6.58e-03 1.64e-03 5.01e-02 8.23e-03   0.0
      x_aq_biu_wt_entry_8 (aq_biu_wt_entry_7) 6.58e-03 5.34e-02   23.815 6.00e-02   0.0
        x_aq_biu_wtable_gated_clk (gated_clk_cell_358) 6.58e-03 1.64e-03 5.01e-02 8.23e-03   0.0
      x_aq_biu_wt_entry_7 (aq_biu_wt_entry_8) 6.58e-03 5.34e-02   22.123 6.00e-02   0.0
        x_aq_biu_wtable_gated_clk (gated_clk_cell_359) 6.58e-03 1.64e-03 5.01e-02 8.23e-03   0.0
      x_aq_biu_wt_entry_6 (aq_biu_wt_entry_9) 6.58e-03 5.34e-02   23.916 6.00e-02   0.0
        x_aq_biu_wtable_gated_clk (gated_clk_cell_360) 6.58e-03 1.64e-03 5.01e-02 8.23e-03   0.0
      x_aq_biu_wt_entry_5 (aq_biu_wt_entry_10) 6.58e-03 5.34e-02   22.401 6.00e-02   0.0
        x_aq_biu_wtable_gated_clk (gated_clk_cell_361) 6.58e-03 1.64e-03 5.01e-02 8.23e-03   0.0
      x_aq_biu_wt_entry_4 (aq_biu_wt_entry_11) 6.58e-03 5.36e-02   22.930 6.02e-02   0.0
        x_aq_biu_wtable_gated_clk (gated_clk_cell_362) 6.58e-03 1.64e-03 5.01e-02 8.22e-03   0.0
      x_aq_biu_wt_entry_3 (aq_biu_wt_entry_12) 6.58e-03 5.34e-02   22.225 6.00e-02   0.0
        x_aq_biu_wtable_gated_clk (gated_clk_cell_363) 6.58e-03 1.64e-03 5.01e-02 8.23e-03   0.0
      x_aq_biu_wt_entry_2 (aq_biu_wt_entry_13) 6.58e-03 5.34e-02   23.916 6.00e-02   0.0
        x_aq_biu_wtable_gated_clk (gated_clk_cell_364) 6.58e-03 1.64e-03 5.01e-02 8.23e-03   0.0
      x_aq_biu_wt_entry_1 (aq_biu_wt_entry_14) 6.58e-03 5.34e-02   22.588 6.00e-02   0.0
        x_aq_biu_wtable_gated_clk (gated_clk_cell_365) 6.58e-03 1.64e-03 5.01e-02 8.23e-03   0.0
      x_aq_biu_wt_entry_0 (aq_biu_wt_entry_15) 6.58e-03 5.34e-02   23.917 6.00e-02   0.0
        x_aq_biu_wtable_gated_clk (gated_clk_cell_366) 6.58e-03 1.64e-03 5.01e-02 8.23e-03   0.0
      x_aq_biu_w_gated_clk (gated_clk_cell_428) 7.34e-02 3.34e-03    5.815 7.68e-02   0.1
      x_aq_biu_aw_gated_clk (gated_clk_cell_429) 3.04e-02 1.62e-03 5.01e-02 3.20e-02   0.0
    x_aq_biu_read_channel (aq_biu_read_channel)    0.116    0.861  374.490    0.978   0.7
      x_aq_biu_r_gated_clk (gated_clk_cell_430) 6.78e-02 2.25e-03   41.642 7.01e-02   0.1
      x_aq_biu_ar_gated_clk (gated_clk_cell_431) 2.94e-02 1.62e-03 5.01e-02 3.10e-02   0.0
    x_aq_biu_req_arbiter (aq_biu_req_arbiter) 1.70e-02    0.101  299.463    0.119   0.1
      x_aq_biu_arb_gated_clk (gated_clk_cell_432) 1.22e-02 1.64e-03 5.01e-02 1.38e-02   0.0
  x_aq_top_0 (aq_top)                    12.175   98.272 8.80e+05  111.328  84.9
    x_aq_hpcp_top (aq_hpcp_top)           0.515    4.049 1.42e+05    4.707   3.6
      x_hpcp_mhpmcnt10 (aq_hpcp_cnt_0) 3.59e-02    0.284 1.49e+04    0.335   0.3
        x_gated_clk (gated_clk_cell_367) 3.37e-02 1.62e-03 5.01e-02 3.53e-02   0.0
      x_hpcp_mhpmcnt9 (aq_hpcp_cnt_1)  3.60e-02    0.285 1.56e+04    0.337   0.3
        x_gated_clk (gated_clk_cell_368) 3.37e-02 2.21e-03   41.642 3.60e-02   0.0
      x_hpcp_mhpmcnt8 (aq_hpcp_cnt_2)  3.64e-02    0.285 1.49e+04    0.336   0.3
        x_gated_clk (gated_clk_cell_369) 3.37e-02 2.21e-03   41.642 3.60e-02   0.0
      x_hpcp_mhpmcnt7 (aq_hpcp_cnt_3)  3.64e-02    0.285 1.54e+04    0.337   0.3
        x_gated_clk (gated_clk_cell_370) 3.37e-02 2.21e-03   41.642 3.60e-02   0.0
      x_hpcp_mhpmcnt6 (aq_hpcp_cnt_4)  3.60e-02    0.285 1.50e+04    0.336   0.3
        x_gated_clk (gated_clk_cell_371) 3.37e-02 2.21e-03   41.642 3.60e-02   0.0
      x_hpcp_mhpmcnt5 (aq_hpcp_cnt_5)  3.64e-02    0.285 1.55e+04    0.337   0.3
        x_gated_clk (gated_clk_cell_372) 3.37e-02 2.21e-03   41.642 3.60e-02   0.0
      x_hpcp_mhpmcnt4 (aq_hpcp_cnt_6)  3.64e-02    0.285 1.50e+04    0.336   0.3
        x_gated_clk (gated_clk_cell_373) 3.37e-02 2.21e-03   41.642 3.59e-02   0.0
      x_hpcp_mhpmcnt3 (aq_hpcp_cnt_7)  3.59e-02    0.285  784.462    0.321   0.2
        x_gated_clk (gated_clk_cell_374) 3.36e-02 2.21e-03   41.642 3.58e-02   0.0
      x_hpcp_minstret (aq_hpcp_cnt_8)  3.60e-02    0.287 1.54e+04    0.339   0.3
        x_gated_clk (gated_clk_cell_375) 3.37e-02 2.21e-03   41.642 3.60e-02   0.0
      x_hpcp_mcycle (aq_hpcp_cnt_9)    3.83e-02    0.292 1.50e+04    0.345   0.3
        x_gated_clk (gated_clk_cell_376) 3.37e-02 2.21e-03   41.642 3.60e-02   0.0
      x_hpcp_mhpmevent10 (aq_hpcp_event_0) 3.01e-03 2.70e-02  113.459 3.01e-02   0.0
        x_gated_clk (gated_clk_cell_377) 3.01e-03 1.65e-03 5.01e-02 4.66e-03   0.0
      x_hpcp_mhpmevent9 (aq_hpcp_event_1) 3.01e-03 2.70e-02  113.459 3.01e-02   0.0
        x_gated_clk (gated_clk_cell_378) 3.01e-03 1.65e-03 5.01e-02 4.66e-03   0.0
      x_hpcp_mhpmevent8 (aq_hpcp_event_2) 3.01e-03 2.70e-02  113.459 3.01e-02   0.0
        x_gated_clk (gated_clk_cell_379) 3.01e-03 1.65e-03 5.01e-02 4.66e-03   0.0
      x_hpcp_mhpmevent7 (aq_hpcp_event_3) 3.01e-03 2.70e-02  109.540 3.01e-02   0.0
        x_gated_clk (gated_clk_cell_380) 3.01e-03 1.65e-03 5.01e-02 4.66e-03   0.0
      x_hpcp_mhpmevent6 (aq_hpcp_event_4) 3.01e-03 2.70e-02  109.540 3.01e-02   0.0
        x_gated_clk (gated_clk_cell_381) 3.01e-03 1.65e-03 5.01e-02 4.66e-03   0.0
      x_hpcp_mhpmevent5 (aq_hpcp_event_5) 3.01e-03 2.70e-02  109.540 3.01e-02   0.0
        x_gated_clk (gated_clk_cell_382) 3.01e-03 1.65e-03 5.01e-02 4.66e-03   0.0
      x_hpcp_mhpmevent4 (aq_hpcp_event_6) 3.01e-03 2.70e-02  108.707 3.01e-02   0.0
        x_gated_clk (gated_clk_cell_383) 3.01e-03 1.65e-03 5.01e-02 4.66e-03   0.0
      x_hpcp_mhpmevent3 (aq_hpcp_event_7) 3.01e-03 2.70e-02  108.707 3.01e-02   0.0
        x_gated_clk (gated_clk_cell_384) 3.01e-03 1.65e-03 5.01e-02 4.66e-03   0.0
      x_aq_hpcp_cntof_31 (aq_hpcp_cntof_reg_0)    0.000 4.22e-03    0.483 4.22e-03   0.0
      x_aq_hpcp_cntof_30 (aq_hpcp_cntof_reg_1)    0.000 4.22e-03    0.483 4.22e-03   0.0
      x_aq_hpcp_cntof_29 (aq_hpcp_cntof_reg_2)    0.000 4.22e-03    0.483 4.22e-03   0.0
      x_aq_hpcp_cntof_28 (aq_hpcp_cntof_reg_3)    0.000 4.22e-03    0.483 4.22e-03   0.0
      x_aq_hpcp_cntof_27 (aq_hpcp_cntof_reg_4)    0.000 4.22e-03    0.483 4.22e-03   0.0
      x_aq_hpcp_cntof_26 (aq_hpcp_cntof_reg_5)    0.000 4.22e-03    0.483 4.22e-03   0.0
      x_aq_hpcp_cntof_25 (aq_hpcp_cntof_reg_6)    0.000 4.22e-03    0.483 4.22e-03   0.0
      x_aq_hpcp_cntof_24 (aq_hpcp_cntof_reg_7)    0.000 4.22e-03    0.483 4.22e-03   0.0
      x_aq_hpcp_cntof_23 (aq_hpcp_cntof_reg_8)    0.000 4.22e-03    0.483 4.22e-03   0.0
      x_aq_hpcp_cntof_22 (aq_hpcp_cntof_reg_9)    0.000 4.22e-03    0.483 4.22e-03   0.0
      x_aq_hpcp_cntof_21 (aq_hpcp_cntof_reg_10)    0.000 4.22e-03    0.483 4.22e-03   0.0
      x_aq_hpcp_cntof_20 (aq_hpcp_cntof_reg_11)    0.000 4.22e-03    0.483 4.22e-03   0.0
      x_aq_hpcp_cntof_19 (aq_hpcp_cntof_reg_12)    0.000 4.22e-03    0.483 4.22e-03   0.0
      x_aq_hpcp_cntof_18 (aq_hpcp_cntof_reg_13)    0.000 4.22e-03    0.483 4.22e-03   0.0
      x_aq_hpcp_cntof_17 (aq_hpcp_cntof_reg_14)    0.000 4.22e-03    0.483 4.22e-03   0.0
      x_aq_hpcp_cntof_16 (aq_hpcp_cntof_reg_15)    0.000 4.22e-03    0.483 4.22e-03   0.0
      x_aq_hpcp_cntof_15 (aq_hpcp_cntof_reg_16)    0.000 4.22e-03    0.483 4.22e-03   0.0
      x_aq_hpcp_cntof_14 (aq_hpcp_cntof_reg_17)    0.000 4.22e-03    0.483 4.22e-03   0.0
      x_aq_hpcp_cntof_13 (aq_hpcp_cntof_reg_18)    0.000 4.22e-03    0.483 4.22e-03   0.0
      x_aq_hpcp_cntof_12 (aq_hpcp_cntof_reg_19)    0.000 4.22e-03    0.483 4.22e-03   0.0
      x_aq_hpcp_cntof_11 (aq_hpcp_cntof_reg_20)    0.000 4.22e-03    0.483 4.22e-03   0.0
      x_aq_hpcp_cntof_10 (aq_hpcp_cntof_reg_21)    0.000 4.22e-03    0.542 4.22e-03   0.0
      x_aq_hpcp_cntof_9 (aq_hpcp_cntof_reg_22)    0.000 4.22e-03    0.542 4.22e-03   0.0
      x_aq_hpcp_cntof_8 (aq_hpcp_cntof_reg_23)    0.000 4.22e-03    0.542 4.22e-03   0.0
      x_aq_hpcp_cntof_7 (aq_hpcp_cntof_reg_24)    0.000 4.22e-03    0.542 4.22e-03   0.0
      x_aq_hpcp_cntof_6 (aq_hpcp_cntof_reg_25)    0.000 4.22e-03    0.542 4.22e-03   0.0
      x_aq_hpcp_cntof_5 (aq_hpcp_cntof_reg_26)    0.000 4.22e-03    0.542 4.22e-03   0.0
      x_aq_hpcp_cntof_4 (aq_hpcp_cntof_reg_27)    0.000 4.22e-03    0.600 4.22e-03   0.0
      x_aq_hpcp_cntof_3 (aq_hpcp_cntof_reg_28)    0.000 4.22e-03    0.542 4.22e-03   0.0
      x_aq_hpcp_cntof_2 (aq_hpcp_cntof_reg_29)    0.000 4.22e-03    0.542 4.22e-03   0.0
      x_aq_hpcp_cntof_0 (aq_hpcp_cntof_reg_30)    0.000 4.22e-03    0.542 4.22e-03   0.0
      x_aq_hpcp_cntinten_31 (aq_hpcp_cntinten_reg_0)    0.000 4.22e-03    0.483 4.22e-03   0.0
      x_aq_hpcp_cntinten_30 (aq_hpcp_cntinten_reg_1)    0.000 4.22e-03    0.483 4.22e-03   0.0
      x_aq_hpcp_cntinten_29 (aq_hpcp_cntinten_reg_2)    0.000 4.22e-03    0.483 4.22e-03   0.0
      x_aq_hpcp_cntinten_28 (aq_hpcp_cntinten_reg_3)    0.000 4.22e-03    0.483 4.22e-03   0.0
      x_aq_hpcp_cntinten_27 (aq_hpcp_cntinten_reg_4)    0.000 4.22e-03    0.483 4.22e-03   0.0
      x_aq_hpcp_cntinten_26 (aq_hpcp_cntinten_reg_5)    0.000 4.22e-03    0.483 4.22e-03   0.0
      x_aq_hpcp_cntinten_25 (aq_hpcp_cntinten_reg_6)    0.000 4.22e-03    0.483 4.22e-03   0.0
      x_aq_hpcp_cntinten_24 (aq_hpcp_cntinten_reg_7)    0.000 4.22e-03    0.483 4.22e-03   0.0
      x_aq_hpcp_cntinten_23 (aq_hpcp_cntinten_reg_8)    0.000 4.22e-03    0.483 4.22e-03   0.0
      x_aq_hpcp_cntinten_22 (aq_hpcp_cntinten_reg_9)    0.000 4.22e-03    0.483 4.22e-03   0.0
      x_aq_hpcp_cntinten_21 (aq_hpcp_cntinten_reg_10)    0.000 4.22e-03    0.483 4.22e-03   0.0
      x_aq_hpcp_cntinten_20 (aq_hpcp_cntinten_reg_11)    0.000 4.22e-03    0.483 4.22e-03   0.0
      x_aq_hpcp_cntinten_19 (aq_hpcp_cntinten_reg_12)    0.000 4.22e-03    0.483 4.22e-03   0.0
      x_aq_hpcp_cntinten_18 (aq_hpcp_cntinten_reg_13)    0.000 4.22e-03    0.483 4.22e-03   0.0
      x_aq_hpcp_cntinten_17 (aq_hpcp_cntinten_reg_14)    0.000 4.22e-03    0.483 4.22e-03   0.0
      x_aq_hpcp_cntinten_16 (aq_hpcp_cntinten_reg_15)    0.000 4.22e-03    0.483 4.22e-03   0.0
      x_aq_hpcp_cntinten_15 (aq_hpcp_cntinten_reg_16)    0.000 4.22e-03    0.483 4.22e-03   0.0
      x_aq_hpcp_cntinten_14 (aq_hpcp_cntinten_reg_17)    0.000 4.22e-03    0.483 4.22e-03   0.0
      x_aq_hpcp_cntinten_13 (aq_hpcp_cntinten_reg_18)    0.000 4.22e-03    0.483 4.22e-03   0.0
      x_aq_hpcp_cntinten_12 (aq_hpcp_cntinten_reg_19)    0.000 4.22e-03    0.483 4.22e-03   0.0
      x_aq_hpcp_cntinten_11 (aq_hpcp_cntinten_reg_20)    0.000 4.22e-03    0.483 4.22e-03   0.0
      x_aq_hpcp_cntinten_10 (aq_hpcp_cntinten_reg_21)    0.000 4.22e-03    0.483 4.22e-03   0.0
      x_aq_hpcp_cntinten_9 (aq_hpcp_cntinten_reg_22)    0.000 4.22e-03    0.483 4.22e-03   0.0
      x_aq_hpcp_cntinten_8 (aq_hpcp_cntinten_reg_23)    0.000 4.22e-03    0.483 4.22e-03   0.0
      x_aq_hpcp_cntinten_7 (aq_hpcp_cntinten_reg_24)    0.000 4.22e-03    0.483 4.22e-03   0.0
      x_aq_hpcp_cntinten_6 (aq_hpcp_cntinten_reg_25)    0.000 4.22e-03    0.483 4.22e-03   0.0
      x_aq_hpcp_cntinten_5 (aq_hpcp_cntinten_reg_26)    0.000 4.22e-03    0.483 4.22e-03   0.0
      x_aq_hpcp_cntinten_4 (aq_hpcp_cntinten_reg_27)    0.000 4.22e-03    0.483 4.22e-03   0.0
      x_aq_hpcp_cntinten_3 (aq_hpcp_cntinten_reg_28)    0.000 4.22e-03    0.483 4.22e-03   0.0
      x_aq_hpcp_cntinten_2 (aq_hpcp_cntinten_reg_29)    0.000 4.22e-03    0.483 4.22e-03   0.0
      x_aq_hpcp_cntinten_0 (aq_hpcp_cntinten_reg_30)    0.000 4.22e-03    0.483 4.22e-03   0.0
      x_hpcp_gated_clk (gated_clk_cell_433)    0.114 1.79e-02  394.676    0.132   0.1
      x_aq_hpcp_adder_sel_10 (aq_hpcp_adder_sel_0)    0.000 1.83e-09    1.927 1.93e-06   0.0
      x_aq_hpcp_adder_sel_9 (aq_hpcp_adder_sel_1)    0.000 1.83e-09    1.927 1.93e-06   0.0
      x_aq_hpcp_adder_sel_8 (aq_hpcp_adder_sel_2)    0.000 1.83e-09    1.927 1.93e-06   0.0
      x_aq_hpcp_adder_sel_7 (aq_hpcp_adder_sel_3)    0.000 1.83e-09    1.927 1.93e-06   0.0
      x_aq_hpcp_adder_sel_6 (aq_hpcp_adder_sel_4)    0.000 1.83e-09    1.927 1.93e-06   0.0
      x_aq_hpcp_adder_sel_5 (aq_hpcp_adder_sel_5)    0.000 1.83e-09    1.927 1.93e-06   0.0
      x_aq_hpcp_adder_sel_4 (aq_hpcp_adder_sel_6)    0.000 1.83e-09    1.927 1.93e-06   0.0
      x_aq_hpcp_adder_sel_3 (aq_hpcp_adder_sel_7)    0.000 1.83e-09    1.927 1.93e-06   0.0
    x_aq_dtu_top (aq_dtu_top)             1.576   12.635 9.68e+03   14.221  10.9
      x_aq_dtu_cdc (aq_dtu_cdc)           0.115    1.114  191.749    1.230   0.9
        x_reg_gated_clk (gated_clk_cell_385)    0.102 2.27e-03   41.642    0.104   0.1
        x_aq_dtu_tdt_dm_havereset_cdc (aq_dtu_cdc_lvl_0) 6.32e-06 6.62e-03    1.260 6.62e-03   0.0
        x_aq_dtu_tdt_dm_wr_ready_cdc (aq_dtu_cdc_pulse_0)    0.000 2.95e-02    3.949 2.95e-02   0.0
        x_aq_dtu_tdt_dm_retire_debug_expt_vld_cdc (aq_dtu_cdc_pulse_1)    0.000 2.95e-02    3.949 2.95e-02   0.0
        x_aq_dtu_tdt_dm_itr_done_cdc (aq_dtu_cdc_pulse_2)    0.000 2.95e-02    3.949 2.95e-02   0.0
        x_aq_dtu_tdt_dm_halted_cdc (aq_dtu_cdc_lvl_1)    0.000 6.33e-03    1.255 6.33e-03   0.0
        x_aq_tdt_dm_dtu_wr_vld_cdc (aq_dtu_cdc_pulse_3)    0.000 2.74e-02    3.953 2.74e-02   0.0
        x_aq_tdt_dm_dtu_itr_vld_cdc (aq_dtu_cdc_pulse_4)    0.000 2.74e-02    3.998 2.74e-02   0.0
        x_aq_tdt_dm_dtu_ack_havereset_cdc (aq_dtu_cdc_pulse_5)    0.000 2.74e-02    3.953 2.74e-02   0.0
        x_aq_dtu_rtu_resume_req_cdc (aq_dtu_cdc_pulse_6)    0.000 2.74e-02    3.953 2.74e-02   0.0
        x_aq_tdt_dm_dtu_halt_on_reset_cdc (aq_dtu_cdc_lvl_2)    0.000 1.27e-02    1.242 1.27e-02   0.0
        x_aq_tdt_dm_dtu_async_halt_req_cdc (aq_dtu_cdc_lvl_3)    0.000 1.27e-02    1.242 1.27e-02   0.0
        x_aq_tdt_dm_dtu_halt_req_cdc (aq_dtu_cdc_lvl_4)    0.000 1.27e-02    1.242 1.27e-02   0.0
      x_aq_dtu_ctrl (aq_dtu_ctrl)         1.461   11.521 9.49e+03   12.992   9.9
        x_reg_gated_clk (gated_clk_cell_386)    0.104 2.27e-03   41.642    0.107   0.1
        x_aq_dtu_trigger_module (aq_dtu_trigger_module)    0.894    7.091 8.53e+03    7.993   6.1
          x_aq_dtu_m_iie_all (aq_dtu_m_iie_all)    0.894    7.091 8.53e+03    7.993   6.1
            x_reg_gated_clk (gated_clk_cell_42) 3.61e-02 1.76e-02  394.676 5.41e-02   0.0
            x_aq_dtu_iie_trigger_1 (aq_dtu_iie_trigger_0) 4.01e-02    0.314   54.885    0.354   0.3
              x_reg_gated_clk (gated_clk_cell_8) 3.71e-02 1.62e-03 5.01e-02 3.88e-02   0.0
            x_aq_dtu_iie_trigger_0 (aq_dtu_iie_trigger_1) 3.99e-02    0.330  454.058    0.370   0.3
              x_reg_gated_clk (gated_clk_cell_9) 3.71e-02 1.76e-02  394.676 5.51e-02   0.0
            x_aq_dtu_mcontrol_output_select (aq_dtu_mcontrol_output_select)    0.775    6.125 7.36e+03    6.907   5.3
              x_reg_gated_clk (gated_clk_cell_10) 5.87e-02 1.63e-03 5.01e-02 6.03e-02   0.0
              x_aq_dtu_mcontrol_7 (aq_dtu_mcontrol_0) 8.80e-02    0.706 1.10e+03    0.795   0.6
                x_reg_gated_clk (gated_clk_cell_0) 8.18e-02 1.78e-02  394.676 1.00e-01   0.1
              x_aq_dtu_mcontrol_6 (aq_dtu_mcontrol_1) 8.90e-02    0.710 1.20e+03    0.800   0.6
                x_reg_gated_clk (gated_clk_cell_1) 8.23e-02 1.78e-02  394.676    0.100   0.1
              x_aq_dtu_mcontrol_5 (aq_dtu_mcontrol_2) 8.90e-02    0.710 1.27e+03    0.800   0.6
                x_reg_gated_clk (gated_clk_cell_2) 8.23e-02 1.78e-02  394.676    0.100   0.1
              x_aq_dtu_mcontrol_4 (aq_dtu_mcontrol_3) 8.90e-02    0.710 1.01e+03    0.800   0.6
                x_reg_gated_clk (gated_clk_cell_3) 8.23e-02 1.78e-02  394.676    0.100   0.1
              x_aq_dtu_mcontrol_3 (aq_dtu_mcontrol_4) 8.90e-02    0.710 1.07e+03    0.800   0.6
                x_reg_gated_clk (gated_clk_cell_4) 8.23e-02 1.78e-02  394.676    0.100   0.1
              x_aq_dtu_mcontrol_2 (aq_dtu_mcontrol_5) 8.88e-02    0.694  380.011    0.783   0.6
                x_reg_gated_clk (gated_clk_cell_5) 8.23e-02 2.26e-03   41.642 8.46e-02   0.1
              x_aq_dtu_mcontrol_1 (aq_dtu_mcontrol_6) 8.90e-02    0.695  402.903    0.784   0.6
                x_reg_gated_clk (gated_clk_cell_6) 8.23e-02 2.26e-03   41.642 8.46e-02   0.1
              x_aq_dtu_mcontrol_0 (aq_dtu_mcontrol_7) 8.89e-02    0.695  462.102    0.784   0.6
                x_reg_gated_clk (gated_clk_cell_7) 8.23e-02 2.26e-03   41.642 8.46e-02   0.1
        x_aq_dtu_dbginfo (aq_dtu_dbginfo)    0.103    0.809  147.382    0.912   0.7
          x_reg_gated_clk (gated_clk_cell_239) 9.58e-02 2.26e-03   41.642 9.81e-02   0.1
        x_aq_dtu_pcfifo (aq_dtu_pcfifo)    0.350    2.741  538.744    3.091   2.4
          x_reg_gated_clk (gated_clk_cell_240)    0.325 4.84e-03   88.588    0.330   0.3
    x_aq_cpuio_top (aq_cpuio_top)      2.75e-03 5.87e-03    5.616 8.63e-03   0.0
    x_aq_pmp_top (aq_pmp_top)             0.151    1.187 5.49e+04    1.393   1.1
      x_aq_pmp_acc (aq_pmp_acc)           0.000    0.000 5.47e+04 5.47e-02   0.0
        x_aq_pmp_comp_hit_7 (aq_pmp_comp_hit_0)    0.000    0.000 6.72e+03 6.72e-03   0.0
        x_aq_pmp_comp_hit_6 (aq_pmp_comp_hit_1)    0.000    0.000 6.24e+03 6.24e-03   0.0
        x_aq_pmp_comp_hit_5 (aq_pmp_comp_hit_2)    0.000    0.000 6.83e+03 6.83e-03   0.0
        x_aq_pmp_comp_hit_4 (aq_pmp_comp_hit_3)    0.000    0.000 7.00e+03 7.00e-03   0.0
        x_aq_pmp_comp_hit_3 (aq_pmp_comp_hit_4)    0.000    0.000 6.70e+03 6.70e-03   0.0
        x_aq_pmp_comp_hit_2 (aq_pmp_comp_hit_5)    0.000    0.000 6.77e+03 6.77e-03   0.0
        x_aq_pmp_comp_hit_1 (aq_pmp_comp_hit_6)    0.000    0.000 7.12e+03 7.12e-03   0.0
        x_aq_pmp_comp_hit_0 (aq_pmp_comp_hit_7)    0.000    0.000 6.53e+03 6.53e-03   0.0
      x_aq_pmp_regs (aq_pmp_regs)      1.03e-02    1.182  172.887    1.193   0.9
      x_pmp_gated_clk (gated_clk_cell_434)    0.140 4.75e-03    8.116    0.145   0.1
    x_aq_mmu_top (aq_mmu_top)             1.216   10.264 3.61e+04   11.516   8.8
      x_aq_mmu_sysmap (aq_mmu_sysmap)     0.000    0.000    5.580 5.58e-06   0.0
        x_aq_mmu_sysmap_hit_7 (aq_mmu_sysmap_hit_0)    0.000    0.000 5.17e-02 5.17e-08   0.0
        x_aq_mmu_sysmap_hit_6 (aq_mmu_sysmap_hit_1)    0.000    0.000    0.127 1.27e-07   0.0
        x_aq_mmu_sysmap_hit_5 (aq_mmu_sysmap_hit_2)    0.000    0.000    0.127 1.27e-07   0.0
        x_aq_mmu_sysmap_hit_4 (aq_mmu_sysmap_hit_3)    0.000    0.000    0.127 1.27e-07   0.0
        x_aq_mmu_sysmap_hit_3 (aq_mmu_sysmap_hit_4)    0.000    0.000    0.127 1.27e-07   0.0
        x_aq_mmu_sysmap_hit_2 (aq_mmu_sysmap_hit_5)    0.000    0.000    0.127 1.27e-07   0.0
        x_aq_mmu_sysmap_hit_1 (aq_mmu_sysmap_hit_6)    0.000    0.000    0.127 1.27e-07   0.0
        x_aq_mmu_sysmap_hit_0 (aq_mmu_sysmap_hit_7)    0.000    0.000 4.02e-02 4.02e-08   0.0
      x_aq_mmu_ptw (aq_mmu_ptw)        7.09e-02    0.546 2.89e+03    0.620   0.5
        x_ptw_gateclk (gated_clk_cell_387) 6.57e-02 2.25e-03   41.642 6.80e-02   0.1
      x_aq_mmu_jtlb (aq_mmu_jtlb)         0.175    2.221 2.73e+04    2.423   1.8
        x_aq_mmu_jtlb_data_array (aq_mmu_jtlb_data_array) 7.43e-03    0.504 1.29e+04    0.524   0.4
          x_aq_spsram_64x88 (aq_spsram_64x88) 2.06e-03    0.502 1.29e+04    0.517   0.4
            x_aq_f_spsram_64x88 (aq_f_spsram_64x88) 2.06e-03    0.502 1.29e+04    0.517   0.4
              u_mem (aq_umc_spsram_64x88) 2.06e-03    0.502 1.29e+04    0.517   0.4
          x_jtlb_data_gateclk (gated_clk_cell_241) 4.57e-03 1.65e-03 5.01e-02 6.21e-03   0.0
        x_aq_mmu_jtlb_tag_array (aq_mmu_jtlb_tag_array) 1.28e-02    0.554 1.41e+04    0.581   0.4
          x_aq_spsram_64x98 (aq_spsram_64x98) 7.38e-03    0.552 1.41e+04    0.574   0.4
            x_aq_f_spsram_64x98 (aq_f_spsram_64x98) 7.38e-03    0.552 1.41e+04    0.574   0.4
              u_mem (aq_umc_spsram_64x98) 7.38e-03    0.552 1.41e+04    0.574   0.4
          x_jtlb_tag_gateclk (gated_clk_cell_242) 4.57e-03 1.65e-03 5.01e-02 6.21e-03   0.0
        x_jtlb_gateclk (gated_clk_cell_388)    0.132 3.33e-03   63.406    0.136   0.1
      x_aq_mmu_arb (aq_mmu_arb)        4.49e-03 2.38e-02   21.140 2.83e-02   0.0
        x_jtlb_arb_gateclk (gated_clk_cell_389) 2.51e-03 1.65e-03 5.01e-02 4.16e-03   0.0
      x_aq_mmu_tlboper (aq_mmu_tlboper) 1.52e-02    0.118   46.743    0.133   0.1
        x_tlboper_gateclk (gated_clk_cell_390) 1.30e-02 1.63e-03 5.01e-02 1.47e-02   0.0
      x_aq_mmu_regs (aq_mmu_regs)      6.69e-02    0.545  489.802    0.613   0.5
        x_mmu_regs_gateclk (gated_clk_cell_391) 6.27e-02 1.77e-02  394.676 8.08e-02   0.1
      x_aq_mmu_utlb_top (aq_mmu_utlb_top)    0.869    6.808 5.38e+03    7.683   5.9
        x_aq_mmu_dutlb (aq_mmu_utlb_0)    0.436    3.427 4.56e+03    3.868   3.0
          x_utlb_plru_gateclk (gated_clk_cell_243) 5.01e-03 1.65e-03 5.01e-02 6.66e-03   0.0
          x_aq_mmu_plru (aq_mmu_plru_0) 8.58e-03 7.34e-02  130.035 8.21e-02   0.1
            x_plru_gateclk (gated_clk_cell_43) 8.58e-03 1.64e-03 5.01e-02 1.02e-02   0.0
          x_aq_mmu_utlb_entry9 (aq_mmu_utlb_entry_0) 3.94e-02    0.310  418.924    0.350   0.3
            x_utlb_entry_gateclk (gated_clk_cell_44) 3.66e-02 1.49e-03 5.01e-02 3.81e-02   0.0
          x_aq_mmu_utlb_entry8 (aq_mmu_utlb_entry_1) 3.95e-02    0.310  409.740    0.350   0.3
            x_utlb_entry_gateclk (gated_clk_cell_45) 3.66e-02 1.49e-03 5.01e-02 3.81e-02   0.0
          x_aq_mmu_utlb_entry7 (aq_mmu_utlb_entry_2) 3.90e-02    0.310  220.186    0.349   0.3
            x_utlb_entry_gateclk (gated_clk_cell_46) 3.66e-02 1.49e-03 5.01e-02 3.81e-02   0.0
          x_aq_mmu_utlb_entry6 (aq_mmu_utlb_entry_3) 3.93e-02    0.310  211.537    0.349   0.3
            x_utlb_entry_gateclk (gated_clk_cell_47) 3.66e-02 1.49e-03 5.01e-02 3.81e-02   0.0
          x_aq_mmu_utlb_entry5 (aq_mmu_utlb_entry_4) 3.96e-02    0.310  217.845    0.349   0.3
            x_utlb_entry_gateclk (gated_clk_cell_48) 3.66e-02 1.49e-03 5.01e-02 3.81e-02   0.0
          x_aq_mmu_utlb_entry4 (aq_mmu_utlb_entry_5) 3.95e-02    0.310  420.765    0.350   0.3
            x_utlb_entry_gateclk (gated_clk_cell_49) 3.66e-02 1.49e-03 5.01e-02 3.81e-02   0.0
          x_aq_mmu_utlb_entry3 (aq_mmu_utlb_entry_6) 3.95e-02    0.310  226.739    0.349   0.3
            x_utlb_entry_gateclk (gated_clk_cell_50) 3.66e-02 1.49e-03 5.01e-02 3.81e-02   0.0
          x_aq_mmu_utlb_entry2 (aq_mmu_utlb_entry_7) 3.96e-02    0.310  543.707    0.350   0.3
            x_utlb_entry_gateclk (gated_clk_cell_51) 3.66e-02 1.49e-03 5.01e-02 3.81e-02   0.0
          x_aq_mmu_utlb_entry1 (aq_mmu_utlb_entry_8) 3.95e-02    0.310  375.579    0.350   0.3
            x_utlb_entry_gateclk (gated_clk_cell_52) 3.66e-02 1.49e-03 5.01e-02 3.81e-02   0.0
          x_aq_mmu_utlb_entry0 (aq_mmu_utlb_entry_9) 3.96e-02    0.310  573.290    0.350   0.3
            x_utlb_entry_gateclk (gated_clk_cell_53) 3.66e-02 1.49e-03 5.01e-02 3.81e-02   0.0
          x_utlb_gateclk (gated_clk_cell_244) 2.51e-02 1.62e-03 5.01e-02 2.67e-02   0.0
        x_aq_mmu_iutlb (aq_mmu_utlb_1)    0.432    3.381  819.353    3.814   2.9
          x_utlb_plru_gateclk (gated_clk_cell_245) 5.01e-03 1.65e-03 5.01e-02 6.66e-03   0.0
          x_aq_mmu_plru (aq_mmu_plru_1) 8.58e-03 7.34e-02  130.035 8.21e-02   0.1
            x_plru_gateclk (gated_clk_cell_54) 8.58e-03 1.64e-03 5.01e-02 1.02e-02   0.0
          x_aq_mmu_utlb_entry9 (aq_mmu_utlb_entry_10) 3.86e-02    0.305   66.446    0.344   0.3
            x_utlb_entry_gateclk (gated_clk_cell_55) 3.61e-02 1.49e-03 5.01e-02 3.76e-02   0.0
          x_aq_mmu_utlb_entry8 (aq_mmu_utlb_entry_11) 3.90e-02    0.305   66.162    0.345   0.3
            x_utlb_entry_gateclk (gated_clk_cell_56) 3.61e-02 1.49e-03 5.01e-02 3.76e-02   0.0
          x_aq_mmu_utlb_entry7 (aq_mmu_utlb_entry_12) 3.90e-02    0.305   47.587    0.345   0.3
            x_utlb_entry_gateclk (gated_clk_cell_57) 3.61e-02 1.49e-03 5.01e-02 3.76e-02   0.0
          x_aq_mmu_utlb_entry6 (aq_mmu_utlb_entry_13) 3.90e-02    0.305   47.011    0.345   0.3
            x_utlb_entry_gateclk (gated_clk_cell_58) 3.61e-02 1.49e-03 5.01e-02 3.76e-02   0.0
          x_aq_mmu_utlb_entry5 (aq_mmu_utlb_entry_14) 3.90e-02    0.305   49.187    0.345   0.3
            x_utlb_entry_gateclk (gated_clk_cell_59) 3.61e-02 1.49e-03 5.01e-02 3.76e-02   0.0
          x_aq_mmu_utlb_entry4 (aq_mmu_utlb_entry_15) 3.90e-02    0.305   54.398    0.345   0.3
            x_utlb_entry_gateclk (gated_clk_cell_60) 3.61e-02 1.49e-03 5.01e-02 3.76e-02   0.0
          x_aq_mmu_utlb_entry3 (aq_mmu_utlb_entry_16) 3.90e-02    0.305   47.398    0.345   0.3
            x_utlb_entry_gateclk (gated_clk_cell_61) 3.61e-02 1.49e-03 5.01e-02 3.76e-02   0.0
          x_aq_mmu_utlb_entry2 (aq_mmu_utlb_entry_17) 3.90e-02    0.305   66.689    0.345   0.3
            x_utlb_entry_gateclk (gated_clk_cell_62) 3.61e-02 1.49e-03 5.01e-02 3.76e-02   0.0
          x_aq_mmu_utlb_entry1 (aq_mmu_utlb_entry_18) 3.90e-02    0.305   47.454    0.345   0.3
            x_utlb_entry_gateclk (gated_clk_cell_63) 3.61e-02 1.49e-03 5.01e-02 3.76e-02   0.0
          x_aq_mmu_utlb_entry0 (aq_mmu_utlb_entry_19) 3.85e-02    0.305   48.685    0.344   0.3
            x_utlb_entry_gateclk (gated_clk_cell_64) 3.61e-02 1.49e-03 5.01e-02 3.76e-02   0.0
          x_utlb_gateclk (gated_clk_cell_246) 2.46e-02 2.21e-03   41.642 2.68e-02   0.0
      x_utlb_gateclk (gated_clk_cell_435) 1.08e-02 1.64e-03 5.01e-02 1.24e-02   0.0
    x_aq_core (aq_core)                   8.717   70.144 6.37e+05   79.499  60.7
      x_aq_rtu_top (aq_rtu_top)           0.140    1.212 3.40e+03    1.355   1.0
        x_aq_rtu_int (aq_rtu_int)         0.000    0.000   85.607 8.56e-05   0.0
        x_aq_rtu_wb (aq_rtu_wb)        3.45e-02    0.296 1.01e+03    0.332   0.3
          x_rbus_wb_clk (gated_clk_cell_247) 3.40e-02 1.76e-02  394.676 5.20e-02   0.0
          x_wb_clk (gated_clk_cell_248) 5.06e-04 1.63e-03 5.01e-02 2.13e-03   0.0
        x_aq_rtu_retire (aq_rtu_retire) 1.80e-02    0.251 1.10e+03    0.270   0.2
          x_retire_clk (gated_clk_cell_249) 1.31e-02 2.23e-03   41.642 1.53e-02   0.0
        x_aq_rtu_rbus (aq_rtu_rbus)       0.000 3.79e-09  177.388 1.77e-04   0.0
        x_aq_rtu_dp (aq_rtu_dp)        2.21e-02    0.639  509.681    0.662   0.5
          x_dp_trap_clk (gated_clk_cell_250) 2.21e-02 1.63e-03 5.01e-02 2.37e-02   0.0
        x_aq_rtu_ctrl (aq_rtu_ctrl)    6.38e-02 2.59e-02  515.865 9.02e-02   0.1
          x_cmplt_clk (gated_clk_cell_251) 6.38e-02 1.77e-02  394.676 8.19e-02   0.1
      x_aq_cp0_top (aq_cp0_top)           0.509    3.972 1.28e+04    4.494   3.4
        x_aq_cp0_special (aq_cp0_special) 7.93e-03 7.82e-02   39.265 8.62e-02   0.1
          x_special_clk (gated_clk_cell_252) 7.02e-03 1.64e-03 5.01e-02 8.66e-03   0.0
          x_aq_cp0_fence_inst (aq_cp0_fence_inst)    0.000 1.27e-02   21.625 1.27e-02   0.0
          x_aq_cp0_cache_inst (aq_cp0_cache_inst)    0.000    0.000    0.724 7.24e-07   0.0
          x_aq_cp0_rst_ctrl (aq_cp0_rst_ctrl) 9.07e-04 4.27e-02   13.567 4.37e-02   0.0
          x_aq_cp0_lpmd (aq_cp0_lpmd)     0.000 1.69e-02    2.627 1.69e-02   0.0
        x_aq_cp0_regs (aq_cp0_regs)       0.501    3.888 8.31e+03    4.397   3.4
          x_regs_flush_clk (gated_clk_cell_253)    0.141 3.34e-03   63.406    0.144   0.1
          x_regs_clk (gated_clk_cell_254)    0.315 4.84e-03   88.588    0.320   0.2
          x_aq_cp0_ext_csr (aq_cp0_ext_csr) 1.11e-02    0.846  111.428    0.857   0.7
          x_aq_cp0_float_csr (aq_cp0_float_csr) 4.01e-03 4.81e-02    8.240 5.21e-02   0.0
            x_float_clk (gated_clk_cell_65) 4.01e-03 1.65e-03 5.01e-02 5.66e-03   0.0
          x_aq_cp0_hpcp_csr (aq_cp0_hpcp_csr) 3.68e-03    0.401  107.370    0.405   0.3
          x_aq_cp0_prtc_csr (aq_cp0_prtc_csr) 1.46e-03    0.190   32.754    0.191   0.1
          x_aq_cp0_trap_csr (aq_cp0_trap_csr) 2.22e-02    2.382 7.51e+03    2.411   1.8
          x_aq_cp0_info_csr (aq_cp0_info_csr)    0.000 1.27e-02    2.704 1.27e-02   0.0
        x_aq_cp0_iui (aq_cp0_iui)      6.43e-07 5.91e-03 4.46e+03 1.04e-02   0.0
      x_aq_lsu_top (aq_lsu_top)           2.494   19.453 1.68e+05   22.116  16.9
        x_aq_lsu_dtif (aq_lsu_dtif)    6.03e-02    0.498   85.924    0.558   0.4
          x_aq_lsu_dtif_data_gated_clk (gated_clk_cell_255) 3.24e-02 1.62e-03 5.01e-02 3.40e-02   0.0
          x_aq_lsu_dtif_addr_gated_clk (gated_clk_cell_256) 2.60e-02 1.62e-03 5.01e-02 2.76e-02   0.0
          x_aq_lsu_dtif_fsm_gated_clk (gated_clk_cell_257) 2.01e-03 1.65e-03 5.01e-02 3.65e-03   0.0
        x_aq_lsu_amo_alu (aq_lsu_amo_alu) 3.36e-02    0.285 9.64e+03    0.328   0.3
          x_aq_lsu_amo_gated_clk (gated_clk_cell_258) 3.36e-02 1.76e-02  394.676 5.15e-02   0.0
        x_aq_lsu_lm (aq_lsu_lm)        2.11e-02    0.174   31.632    0.195   0.1
          x_aq_lsu_lm_gated_clk (gated_clk_cell_259) 2.11e-02 1.63e-03 5.01e-02 2.27e-02   0.0
        x_aq_lsu_mcic (aq_lsu_mcic)    1.00e-03 1.01e-02   13.283 1.11e-02   0.0
          x_aq_lsu_ptw_gated_clk (gated_clk_cell_260) 1.00e-03 1.64e-03 5.01e-02 2.64e-03   0.0
        x_aq_lsu_arb (aq_lsu_arb)      2.39e-03 1.91e-03  215.266 4.52e-03   0.0
        x_aq_lsu_amr (aq_lsu_amr)      3.34e-02    0.278 4.94e+03    0.316   0.2
          x_aq_lsu_amr_st_gated_clk (gated_clk_cell_261) 2.35e-02 1.63e-03 5.01e-02 2.52e-02   0.0
          x_aq_lsu_amr_dp_gated_clk (gated_clk_cell_262) 8.33e-03 1.64e-03 5.01e-02 9.98e-03   0.0
          x_aq_lsu_amr_gated_clk (gated_clk_cell_263) 1.56e-03 1.65e-03 5.01e-02 3.21e-03   0.0
        x_aq_lsu_pfb_top (aq_lsu_pfb_top)    0.316    2.573 3.38e+04    2.923   2.2
          x_aq_lsu_ppfb_3 (aq_lsu_pfb_0) 6.36e-02    0.512 7.66e+03    0.583   0.4
            x_aq_lsu_pfb_req_gated_clk (gated_clk_cell_66) 2.00e-02 1.63e-03 5.01e-02 2.17e-02   0.0
            x_aq_lsu_pfb_ld_gated_clk (gated_clk_cell_67) 1.48e-02 1.63e-03 5.01e-02 1.64e-02   0.0
            x_aq_lsu_pfb_fsm_gated_clk (gated_clk_cell_68) 2.83e-02 2.21e-03   41.642 3.06e-02   0.0
          x_aq_lsu_ppfb_2 (aq_lsu_pfb_1) 6.26e-02    0.512 5.98e+03    0.581   0.4
            x_aq_lsu_pfb_req_gated_clk (gated_clk_cell_69) 1.91e-02 1.63e-03 5.01e-02 2.07e-02   0.0
            x_aq_lsu_pfb_ld_gated_clk (gated_clk_cell_70) 1.48e-02 1.63e-03 5.01e-02 1.64e-02   0.0
            x_aq_lsu_pfb_fsm_gated_clk (gated_clk_cell_71) 2.83e-02 2.21e-03   41.642 3.05e-02   0.0
          x_aq_lsu_ppfb_1 (aq_lsu_pfb_2) 6.30e-02    0.512 7.88e+03    0.583   0.4
            x_aq_lsu_pfb_req_gated_clk (gated_clk_cell_72) 1.95e-02 1.63e-03 5.01e-02 2.11e-02   0.0
            x_aq_lsu_pfb_ld_gated_clk (gated_clk_cell_73) 1.48e-02 1.63e-03 5.01e-02 1.64e-02   0.0
            x_aq_lsu_pfb_fsm_gated_clk (gated_clk_cell_74) 2.82e-02 1.62e-03 5.01e-02 2.99e-02   0.0
          x_aq_lsu_ppfb_0 (aq_lsu_pfb_3) 6.26e-02    0.512 6.35e+03    0.581   0.4
            x_aq_lsu_pfb_req_gated_clk (gated_clk_cell_75) 1.91e-02 1.63e-03 5.01e-02 2.07e-02   0.0
            x_aq_lsu_pfb_ld_gated_clk (gated_clk_cell_76) 1.48e-02 1.63e-03 5.01e-02 1.64e-02   0.0
            x_aq_lsu_pfb_fsm_gated_clk (gated_clk_cell_77) 2.82e-02 2.21e-03   41.642 3.05e-02   0.0
          x_aq_lsu_gpfb (aq_lsu_pfb_4) 5.23e-02    0.428 5.81e+03    0.486   0.4
            x_aq_lsu_pfb_req_gated_clk (gated_clk_cell_78) 1.91e-02 1.63e-03 5.01e-02 2.07e-02   0.0
            x_aq_lsu_pfb_ld_gated_clk (gated_clk_cell_79) 7.40e-03 1.64e-03 5.01e-02 9.04e-03   0.0
            x_aq_lsu_pfb_fsm_gated_clk (gated_clk_cell_80) 2.53e-02 2.21e-03   41.642 2.76e-02   0.0
          x_aq_lsu_pfb_create_gated_clk (gated_clk_cell_264) 1.00e-03 2.22e-03   41.642 3.27e-03   0.0
          x_aq_lsu_pfb_prio_gated_clk (gated_clk_cell_265) 1.02e-02 1.64e-03 5.01e-02 1.18e-02   0.0
          x_aq_lsu_pfb_prio (aq_prio_NUM5)    0.000 8.47e-02   17.053 8.47e-02   0.1
        x_aq_dcache_top (aq_dcache_top)    0.289    1.613 9.96e+04    2.002   1.5
          x_aq_dcache_data_array_bank3 (aq_dcache_data_array_0) 4.97e-02    0.125 1.35e+04    0.188   0.1
            x_aq_spsram_1024x64 (aq_spsram_1024x64_0) 4.74e-03    0.123 1.35e+04    0.141   0.1
              x_aq_f_spsram_1024x64 (aq_f_spsram_1024x64_0) 4.74e-03    0.123 1.35e+04    0.141   0.1
                u_mem (aq_umc_spsram_1024x64_0) 4.74e-03    0.123 1.35e+04    0.141   0.1
            x_dcache_data_gated_clk (gated_clk_cell_81) 4.49e-02 1.63e-03 5.01e-02 4.66e-02   0.0
          x_aq_dcache_data_array_bank2 (aq_dcache_data_array_1) 4.95e-02    0.125 1.35e+04    0.188   0.1
            x_aq_spsram_1024x64 (aq_spsram_1024x64_1) 4.60e-03    0.123 1.35e+04    0.141   0.1
              x_aq_f_spsram_1024x64 (aq_f_spsram_1024x64_1) 4.60e-03    0.123 1.35e+04    0.141   0.1
                u_mem (aq_umc_spsram_1024x64_1) 4.60e-03    0.123 1.35e+04    0.141   0.1
            x_dcache_data_gated_clk (gated_clk_cell_82) 4.49e-02 1.63e-03 5.01e-02 4.66e-02   0.0
          x_aq_dcache_data_array_bank1 (aq_dcache_data_array_2) 4.93e-02    0.125 1.35e+04    0.188   0.1
            x_aq_spsram_1024x64 (aq_spsram_1024x64_2) 4.39e-03    0.123 1.35e+04    0.141   0.1
              x_aq_f_spsram_1024x64 (aq_f_spsram_1024x64_2) 4.39e-03    0.123 1.35e+04    0.141   0.1
                u_mem (aq_umc_spsram_1024x64_2) 4.39e-03    0.123 1.35e+04    0.141   0.1
            x_dcache_data_gated_clk (gated_clk_cell_83) 4.49e-02 1.63e-03 5.01e-02 4.66e-02   0.0
          x_aq_dcache_data_array_bank0 (aq_dcache_data_array_3) 4.96e-02    0.125 1.35e+04    0.188   0.1
            x_aq_spsram_1024x64 (aq_spsram_1024x64_3) 4.68e-03    0.123 1.35e+04    0.141   0.1
              x_aq_f_spsram_1024x64 (aq_f_spsram_1024x64_3) 4.68e-03    0.123 1.35e+04    0.141   0.1
                u_mem (aq_umc_spsram_1024x64_3) 4.68e-03    0.123 1.35e+04    0.141   0.1
            x_dcache_data_gated_clk (gated_clk_cell_84) 4.49e-02 1.63e-03 5.01e-02 4.66e-02   0.0
          x_aq_dcache_dirty_array (aq_dcache_dirty_array) 5.10e-02    0.196 7.51e+03    0.254   0.2
            x_aq_spsram_128x8 (aq_spsram_128x8) 3.24e-04    0.194 7.51e+03    0.202   0.2
              x_aq_f_spsram_128x8 (aq_f_spsram_128x8) 3.24e-04    0.194 7.51e+03    0.202   0.2
                u_mem (aq_umc_spsram_128x8) 3.24e-04    0.194 7.51e+03    0.202   0.2
            x_dcache_dirty_gated_clk (gated_clk_cell_85) 5.07e-02 1.63e-03 5.01e-02 5.23e-02   0.0
          x_aq_dcache_tag_array_bank1 (aq_dcache_tag_array_0) 1.90e-02    0.779 1.93e+04    0.817   0.6
            x_aq_spsram_64x58_bank1 (aq_spsram_64x58_0) 4.90e-03    0.371 9.27e+03    0.386   0.3
              x_aq_f_spsram_64x58 (aq_f_spsram_64x58_0) 4.90e-03    0.371 9.27e+03    0.386   0.3
                u_mem (aq_umc_spsram_64x58_0) 4.90e-03    0.371 9.27e+03    0.386   0.3
            x_aq_spsram_64x58_bank0 (aq_spsram_64x58_1) 4.95e-03    0.371 9.27e+03    0.386   0.3
              x_aq_f_spsram_64x58 (aq_f_spsram_64x58_1) 4.95e-03    0.371 9.27e+03    0.386   0.3
                u_mem (aq_umc_spsram_64x58_1) 4.95e-03    0.371 9.27e+03    0.386   0.3
            x_dcache_tag_gated_clk_bank1 (gated_clk_cell_86) 4.57e-03 1.79e-02  394.676 2.29e-02   0.0
            x_dcache_tag_gated_clk_bank0 (gated_clk_cell_87) 4.57e-03 1.79e-02  394.676 2.29e-02   0.0
          x_aq_dcache_tag_array_bank0 (aq_dcache_tag_array_1) 1.89e-02    0.139 1.85e+04    0.177   0.1
            x_aq_spsram_64x58_bank1 (aq_spsram_64x58_2) 4.81e-03 6.80e-02 9.27e+03 8.20e-02   0.1
              x_aq_f_spsram_64x58 (aq_f_spsram_64x58_2) 4.81e-03 6.80e-02 9.27e+03 8.20e-02   0.1
                u_mem (aq_umc_spsram_64x58_2) 4.81e-03 6.80e-02 9.27e+03 8.20e-02   0.1
            x_aq_spsram_64x58_bank0 (aq_spsram_64x58_3) 4.92e-03 6.80e-02 9.27e+03 8.22e-02   0.1
              x_aq_f_spsram_64x58 (aq_f_spsram_64x58_3) 4.92e-03 6.80e-02 9.27e+03 8.22e-02   0.1
                u_mem (aq_umc_spsram_64x58_3) 4.92e-03 6.80e-02 9.27e+03 8.22e-02   0.1
            x_dcache_tag_gated_clk_bank1 (gated_clk_cell_88) 4.57e-03 1.65e-03 5.01e-02 6.21e-03   0.0
            x_dcache_tag_gated_clk_bank0 (gated_clk_cell_89) 4.57e-03 1.65e-03 5.01e-02 6.21e-03   0.0
        x_aq_lsu_vb (aq_lsu_vb)           0.288    2.268  506.987    2.556   2.0
          x_pa_lsu_vb_data0_gated_clk (gated_clk_cell_266) 6.32e-02 3.33e-03    5.815 6.66e-02   0.1
          x_pa_lsu_vb_data1_gated_clk (gated_clk_cell_267) 6.28e-02 3.33e-03    5.815 6.61e-02   0.1
          x_pa_lsu_vb_data2_gated_clk (gated_clk_cell_268) 6.28e-02 3.33e-03    5.815 6.61e-02   0.1
          x_pa_lsu_vb_data3_gated_clk (gated_clk_cell_269) 6.28e-02 3.33e-03    5.815 6.61e-02   0.1
          x_pa_lsu_vb_addr_gated_clk (gated_clk_cell_270) 1.96e-02 1.63e-03 5.01e-02 2.12e-02   0.0
          x_pa_lsu_vb_gated_clk (gated_clk_cell_271) 4.09e-03 2.23e-03   41.642 6.36e-03   0.0
        x_aq_lsu_icc (aq_lsu_icc)      9.11e-02    0.729  188.238    0.821   0.6
          x_icc_data_gated_clk (gated_clk_cell_272) 6.28e-02 2.25e-03   41.642 6.50e-02   0.0
          x_icc_dp_gated_clk (gated_clk_cell_273) 1.62e-02 1.63e-03 5.01e-02 1.78e-02   0.0
          x_icc_fsm_gated_clk (gated_clk_cell_274) 8.50e-03 2.23e-03   41.642 1.08e-02   0.0
        x_aq_lsu_rdl (aq_lsu_rdl)      3.19e-02    0.262   50.026    0.294   0.2
          x_pa_lsu_rdl_tag_gated_clk (gated_clk_cell_275) 2.16e-02 1.63e-03 5.01e-02 2.32e-02   0.0
          x_pa_lsu_rdl_dp_gated_clk (gated_clk_cell_276) 6.37e-03 1.64e-03 5.01e-02 8.02e-03   0.0
          x_pa_lsu_rdl_fsm_gated_clk (gated_clk_cell_277) 3.01e-03 1.65e-03 5.01e-02 4.66e-03   0.0
        x_aq_lsu_stb (aq_lsu_stb)         0.417    3.387 4.40e+03    3.808   2.9
          x_aq_lsu_stb_entry_3 (aq_lsu_stb_entry_0) 7.27e-02    0.600  962.604    0.674   0.5
            x_pa_lsu_stb_wdata_gated_clk (gated_clk_cell_90) 3.53e-02 1.62e-03 5.01e-02 3.69e-02   0.0
            x_pa_lsu_stb_dp_gated_clk (gated_clk_cell_91) 3.04e-02 1.62e-03 5.01e-02 3.20e-02   0.0
            x_pa_lsu_stb_fsm_gated_clk (gated_clk_cell_92) 7.02e-03 1.64e-03 5.01e-02 8.66e-03   0.0
          x_aq_lsu_stb_entry_2 (aq_lsu_stb_entry_1) 7.28e-02    0.600 1.13e+03    0.674   0.5
            x_pa_lsu_stb_wdata_gated_clk (gated_clk_cell_93) 3.54e-02 1.62e-03 5.01e-02 3.70e-02   0.0
            x_pa_lsu_stb_dp_gated_clk (gated_clk_cell_94) 3.04e-02 1.62e-03 5.01e-02 3.20e-02   0.0
            x_pa_lsu_stb_fsm_gated_clk (gated_clk_cell_95) 7.02e-03 1.64e-03 5.01e-02 8.66e-03   0.0
          x_aq_lsu_stb_entry_1 (aq_lsu_stb_entry_2) 7.27e-02    0.600  740.651    0.673   0.5
            x_pa_lsu_stb_wdata_gated_clk (gated_clk_cell_96) 3.53e-02 1.62e-03 5.01e-02 3.69e-02   0.0
            x_pa_lsu_stb_dp_gated_clk (gated_clk_cell_97) 3.04e-02 1.62e-03 5.01e-02 3.20e-02   0.0
            x_pa_lsu_stb_fsm_gated_clk (gated_clk_cell_98) 7.02e-03 1.64e-03 5.01e-02 8.66e-03   0.0
          x_aq_lsu_stb_entry_0 (aq_lsu_stb_entry_3) 7.28e-02    0.600 1.08e+03    0.674   0.5
            x_pa_lsu_stb_wdata_gated_clk (gated_clk_cell_99) 3.54e-02 1.62e-03 5.01e-02 3.70e-02   0.0
            x_pa_lsu_stb_dp_gated_clk (gated_clk_cell_100) 3.04e-02 1.62e-03 5.01e-02 3.20e-02   0.0
            x_pa_lsu_stb_fsm_gated_clk (gated_clk_cell_101) 7.02e-03 1.64e-03 5.01e-02 8.66e-03   0.0
          x_aq_lsu_stb_burst_gated_clk (gated_clk_cell_278) 2.37e-02 1.63e-03 5.01e-02 2.53e-02   0.0
          x_aq_lsu_stb_merge_gated_clk (gated_clk_cell_279) 9.66e-02 2.27e-03   41.642 9.89e-02   0.1
          x_aq_lsu_stb_gated_clk (gated_clk_cell_280) 2.01e-03 1.65e-03 5.01e-02 3.65e-03   0.0
        x_aq_lsu_lfb (aq_lsu_lfb)         0.513    4.254 3.91e+03    4.771   3.6
          x_aq_lsu_lfb_entry_7 (aq_lsu_lfb_entry_0) 5.20e-02    0.426  156.812    0.478   0.4
            x_pa_lsu_lfb_dp_gated_clk (gated_clk_cell_102) 4.66e-02 1.63e-03 5.01e-02 4.82e-02   0.0
            x_pa_lsu_lfb_fsm_gated_clk (gated_clk_cell_103) 5.02e-03 2.23e-03   41.642 7.29e-03   0.0
          x_aq_lsu_lfb_entry_6 (aq_lsu_lfb_entry_1) 5.20e-02    0.442  551.349    0.494   0.4
            x_pa_lsu_lfb_dp_gated_clk (gated_clk_cell_104) 4.66e-02 1.76e-02  394.676 6.46e-02   0.0
            x_pa_lsu_lfb_fsm_gated_clk (gated_clk_cell_105) 5.02e-03 2.23e-03   41.642 7.29e-03   0.0
          x_aq_lsu_lfb_entry_5 (aq_lsu_lfb_entry_2) 5.20e-02    0.441  508.857    0.494   0.4
            x_pa_lsu_lfb_dp_gated_clk (gated_clk_cell_106) 4.66e-02 1.76e-02  394.676 6.46e-02   0.0
            x_pa_lsu_lfb_fsm_gated_clk (gated_clk_cell_107) 5.02e-03 1.65e-03 5.01e-02 6.66e-03   0.0
          x_aq_lsu_lfb_entry_4 (aq_lsu_lfb_entry_3) 5.20e-02    0.426  141.908    0.478   0.4
            x_pa_lsu_lfb_dp_gated_clk (gated_clk_cell_108) 4.66e-02 2.23e-03   41.642 4.88e-02   0.0
            x_pa_lsu_lfb_fsm_gated_clk (gated_clk_cell_109) 5.02e-03 1.65e-03 5.01e-02 6.66e-03   0.0
          x_aq_lsu_lfb_entry_3 (aq_lsu_lfb_entry_4) 5.20e-02    0.441  509.840    0.494   0.4
            x_pa_lsu_lfb_dp_gated_clk (gated_clk_cell_110) 4.66e-02 1.76e-02  394.676 6.46e-02   0.0
            x_pa_lsu_lfb_fsm_gated_clk (gated_clk_cell_111) 5.02e-03 1.65e-03 5.01e-02 6.66e-03   0.0
          x_aq_lsu_lfb_entry_2 (aq_lsu_lfb_entry_5) 5.20e-02    0.426  156.906    0.478   0.4
            x_pa_lsu_lfb_dp_gated_clk (gated_clk_cell_112) 4.66e-02 1.63e-03 5.01e-02 4.82e-02   0.0
            x_pa_lsu_lfb_fsm_gated_clk (gated_clk_cell_113) 5.02e-03 2.23e-03   41.642 7.29e-03   0.0
          x_aq_lsu_lfb_entry_1 (aq_lsu_lfb_entry_6) 5.20e-02    0.441  455.035    0.494   0.4
            x_pa_lsu_lfb_dp_gated_clk (gated_clk_cell_114) 4.66e-02 1.76e-02  394.676 6.46e-02   0.0
            x_pa_lsu_lfb_fsm_gated_clk (gated_clk_cell_115) 5.02e-03 1.65e-03 5.01e-02 6.66e-03   0.0
          x_aq_lsu_lfb_entry_0 (aq_lsu_lfb_entry_7) 5.20e-02    0.441  483.943    0.494   0.4
            x_pa_lsu_lfb_dp_gated_clk (gated_clk_cell_116) 4.66e-02 1.76e-02  394.676 6.46e-02   0.0
            x_pa_lsu_lfb_fsm_gated_clk (gated_clk_cell_117) 5.02e-03 1.65e-03 5.01e-02 6.66e-03   0.0
          x_pa_lsu_lfb_rdata_gated_clk (gated_clk_cell_281) 6.97e-02 1.77e-02  394.676 8.78e-02   0.1
          x_pa_lsu_lfb_rid_gated_clk (gated_clk_cell_282) 1.52e-02 1.63e-03 5.01e-02 1.68e-02   0.0
          x_pa_lsu_lfb_gated_clk (gated_clk_cell_283) 7.60e-03 1.64e-03 5.01e-02 9.24e-03   0.0
        x_aq_lsu_dc (aq_lsu_dc)           0.237    1.841 2.08e+03    2.080   1.6
          x_aq_lsu_da_data_gated_clk (gated_clk_cell_284) 3.14e-02 1.62e-03 5.01e-02 3.30e-02   0.0
          x_aq_lsu_da_gated_clk (gated_clk_cell_285) 1.48e-02 1.63e-03 5.01e-02 1.64e-02   0.0
          x_aq_lsu_dc_mb_gated_clk (gated_clk_cell_286) 3.68e-02 1.62e-03 5.01e-02 3.84e-02   0.0
          x_aq_lsu_dc_st_dp_gated_clk (gated_clk_cell_287) 3.63e-02 1.62e-03 5.01e-02 3.79e-02   0.0
          x_aq_lsu_dc_dp_gated_clk (gated_clk_cell_288) 7.35e-02 2.25e-03   41.642 7.58e-02   0.1
          x_aq_lsu_dc_gated_clk (gated_clk_cell_289) 1.01e-03 1.64e-03 5.01e-02 2.65e-03   0.0
          x_aq_lsu_hpcp_gated_clk (gated_clk_cell_290) 2.94e-03 1.65e-03 5.01e-02 4.59e-03   0.0
          x_aq_lsu_async_expt_gated_clk (gated_clk_cell_291) 2.16e-02 1.63e-03 5.01e-02 2.32e-02   0.0
        x_aq_lsu_ag (aq_lsu_ag)           0.156    1.281 9.06e+03    1.446   1.1
          x_aq_lsu_ag_pipe_gated_clk (gated_clk_cell_292)    0.128 4.76e-03    8.116    0.133   0.1
          x_aq_lsu_ag_gated_clk (gated_clk_cell_293) 2.79e-02 1.62e-03 5.01e-02 2.96e-02   0.0
      x_aq_vpu_top (aq_vpu_top)           1.688   13.862 1.47e+05   15.697  12.0
        x_aq_vpu_group_3 (aq_vpu_group_unit_0)    0.000    0.000   22.771 2.28e-05   0.0
        x_aq_vpu_group_2 (aq_vpu_group_unit_1)    0.000    0.000  183.353 1.83e-04   0.0
        x_aq_vpu_group_1 (aq_vpu_group_unit_2)    0.000    0.000   29.882 2.99e-05   0.0
        x_aq_vpu_group_0 (aq_vpu_group_unit_3)    0.000    0.000  195.922 1.96e-04   0.0
        x_aq_vpu_viq0_dp (aq_vpu_viq_dp)    0.195    1.620 2.05e+03    1.817   1.4
          x_ex1_denormal_clk (gated_clk_cell_294) 1.00e-03 1.64e-03 5.01e-02 2.64e-03   0.0
          x_aq_vpu_srcv2_type (aq_vpu_srcv_type_0)    0.000    0.000    4.819 4.82e-06   0.0
          x_aq_vpu_srcv1_type (aq_vpu_srcv_type_1)    0.000    0.000   41.745 4.17e-05   0.0
          x_aq_vpu_srcv0_type (aq_vpu_srcv_type_2)    0.000    0.000  117.924 1.18e-04   0.0
          x_vpu_ex5_inst_gated_clk (gated_clk_cell_295) 2.45e-03 1.65e-03 5.01e-02 4.10e-03   0.0
          x_vpu_ex5_ctrl_gated_clk (gated_clk_cell_296) 5.01e-04 1.63e-03 5.01e-02 2.13e-03   0.0
          x_vpu_ex4_inst_gated_clk (gated_clk_cell_297) 8.33e-03 1.64e-03 5.01e-02 9.98e-03   0.0
          x_vpu_ex4_ctrl_gated_clk (gated_clk_cell_298) 5.01e-04 1.63e-03 5.01e-02 2.13e-03   0.0
          x_vpu_ex3_result_gated_clk (gated_clk_cell_299) 3.14e-02 2.21e-03   41.642 3.37e-02   0.0
          x_vpu_ex3_inst_gated_clk (gated_clk_cell_300) 1.32e-02 1.63e-03 5.01e-02 1.49e-02   0.0
          x_vpu_ex3_ctrl_gated_clk (gated_clk_cell_301) 1.00e-03 1.64e-03 5.01e-02 2.64e-03   0.0
          x_vpu_ex2_inst_gated_clk (gated_clk_cell_302) 1.42e-02 1.63e-03 5.01e-02 1.59e-02   0.0
          x_vpu_ex2_ctrl_gated_clk (gated_clk_cell_303) 5.01e-04 1.63e-03 5.01e-02 2.13e-03   0.0
          x_vpu_ex1_srcv2_gated_clk (gated_clk_cell_304) 3.14e-02 1.62e-03 5.01e-02 3.30e-02   0.0
          x_vpu_ex1_inst_gated_clk (gated_clk_cell_305) 8.74e-02 1.78e-02  394.676    0.106   0.1
          x_vpu_ex1_ctrl_gated_clk (gated_clk_cell_306) 2.51e-03 2.23e-03   41.642 4.78e-03   0.0
        x_aq_vpu_fwd_wb_rbus (aq_vpu_fwd_wb_rbus) 3.49e-02    0.286  357.098    0.321   0.2
          x_vpu_rbus_fpr_wb_gated_clk (gated_clk_cell_307) 3.49e-02 1.62e-03 5.01e-02 3.65e-02   0.0
        x_aq_vlsu_top (aq_vlsu_top)       0.254    2.103 1.49e+03    2.358   1.8
          x_aq_vlsu_vtb (aq_vlsu_vtb)     0.157    1.304  554.691    1.461   1.1
            x_aq_lsu_vlsu_gated_clk (gated_clk_cell_118) 1.50e-03 1.65e-03 5.01e-02 3.15e-03   0.0
            x_aq_vlsu_vtb_entry_3 (aq_vlsu_vtb_entry_0) 3.14e-02    0.263   26.651    0.294   0.2
              x_aq_lsu_vtb_entry_data3_gated_clk (gated_clk_cell_11) 7.84e-03 1.64e-03 5.01e-02 9.49e-03   0.0
              x_aq_lsu_vtb_entry_data2_gated_clk (gated_clk_cell_12) 7.84e-03 1.64e-03 5.01e-02 9.49e-03   0.0
              x_aq_lsu_vtb_entry_data1_gated_clk (gated_clk_cell_13) 7.84e-03 1.64e-03 5.01e-02 9.49e-03   0.0
              x_aq_lsu_vtb_entry_data0_gated_clk (gated_clk_cell_14) 7.84e-03 1.64e-03 5.01e-02 9.49e-03   0.0
            x_aq_vlsu_vtb_entry_2 (aq_vlsu_vtb_entry_1) 4.01e-02    0.334  113.509    0.374   0.3
              x_aq_lsu_vtb_entry_data3_gated_clk (gated_clk_cell_16) 7.88e-03 1.64e-03 5.01e-02 9.52e-03   0.0
              x_aq_lsu_vtb_entry_data2_gated_clk (gated_clk_cell_17) 7.92e-03 1.64e-03 5.01e-02 9.56e-03   0.0
              x_aq_lsu_vtb_entry_data1_gated_clk (gated_clk_cell_18) 7.84e-03 1.64e-03 5.01e-02 9.49e-03   0.0
              x_aq_lsu_vtb_entry_data0_gated_clk (gated_clk_cell_19) 7.95e-03 1.64e-03 5.01e-02 9.59e-03   0.0
              x_aq_lsu_vtb_entry_gated_clk (gated_clk_cell_20) 8.54e-03 2.04e-03    0.321 1.06e-02   0.0
            x_aq_vlsu_vtb_entry_1 (aq_vlsu_vtb_entry_2) 4.14e-02    0.347   61.023    0.388   0.3
              x_aq_lsu_vtb_entry_data3_gated_clk (gated_clk_cell_21) 7.84e-03 1.64e-03 5.01e-02 9.49e-03   0.0
              x_aq_lsu_vtb_entry_data2_gated_clk (gated_clk_cell_22) 7.84e-03 1.64e-03 5.01e-02 9.49e-03   0.0
              x_aq_lsu_vtb_entry_data1_gated_clk (gated_clk_cell_23) 7.84e-03 1.64e-03 5.01e-02 9.49e-03   0.0
              x_aq_lsu_vtb_entry_data0_gated_clk (gated_clk_cell_24) 7.84e-03 1.64e-03 5.01e-02 9.49e-03   0.0
              x_aq_lsu_vtb_entry_gated_clk (gated_clk_cell_25) 1.00e-02 2.04e-03    0.321 1.21e-02   0.0
            x_aq_vlsu_vtb_entry_0 (aq_vlsu_vtb_entry_3) 4.14e-02    0.346   79.196    0.388   0.3
              x_aq_lsu_vtb_entry_data3_gated_clk (gated_clk_cell_26) 7.84e-03 1.64e-03 5.01e-02 9.49e-03   0.0
              x_aq_lsu_vtb_entry_data2_gated_clk (gated_clk_cell_27) 7.84e-03 1.64e-03 5.01e-02 9.49e-03   0.0
              x_aq_lsu_vtb_entry_data1_gated_clk (gated_clk_cell_28) 7.84e-03 1.64e-03 5.01e-02 9.49e-03   0.0
              x_aq_lsu_vtb_entry_data0_gated_clk (gated_clk_cell_29) 7.84e-03 1.64e-03 5.01e-02 9.49e-03   0.0
              x_aq_lsu_vtb_entry_gated_clk (gated_clk_cell_30) 1.00e-02 1.64e-03 5.01e-02 1.16e-02   0.0
          x_aq_vlsu_lsu_if (aq_vlsu_lsu_if) 9.72e-02    0.799  937.258    0.897   0.7
            x_aq_lsu_fof_gated_clk (gated_clk_cell_119) 5.01e-04 1.63e-03 5.01e-02 2.13e-03   0.0
            x_aq_vlsu_data_trans (aq_vlsu_data_trans)    0.000    0.000  162.110 1.62e-04   0.0
            x_aq_vlsu_vtb_reorder_clk (gated_clk_cell_120) 1.42e-02 1.63e-03 5.01e-02 1.59e-02   0.0
            x_aq_vlsu_st_align_buffer (aq_vlsu_st_align_buffer) 3.78e-02    0.310  321.731    0.348   0.3
              x_vlsu_st_data_next_rot (aq_vlsu_rot_data_0)    0.000    0.000    6.654 6.65e-06   0.0
              x_aq_lsu_align_buffer_data_gated_clk (gated_clk_cell_31) 3.14e-02 1.62e-03 5.01e-02 3.30e-02   0.0
              x_aq_lsu_align_buffer_gated_clk (gated_clk_cell_32) 6.01e-03 1.64e-03 5.01e-02 7.65e-03   0.0
            x_aq_vlsu_ld_align_buffer (aq_vlsu_ld_align_buffer) 4.46e-02    0.365  365.527    0.410   0.3
              x_vlsu_ld_data_rot (aq_vlsu_rot_data_1)    0.000    0.000   16.277 1.63e-05   0.0
              x_aq_lsu_align_buffer_overflow_gated_clk (gated_clk_cell_33) 4.42e-03 1.65e-03 5.01e-02 6.07e-03   0.0
              x_aq_lsu_align_buffer_data_gated_clk (gated_clk_cell_34) 3.14e-02 1.62e-03 5.01e-02 3.30e-02   0.0
              x_aq_lsu_align_buffer_gated_clk (gated_clk_cell_35) 8.16e-03 2.23e-03   41.642 1.04e-02   0.0
        x_aq_vfmau_top (aq_vfmau_top)     0.545    4.439 6.89e+04    5.052   3.9
          x_aq_vfmau_dp (aq_vfmau_dp)     0.545    4.439 6.89e+04    5.052   3.9
            x_fmau_ex5_data_gated_clk (gated_clk_cell_121) 3.28e-02 1.62e-03 5.01e-02 3.45e-02   0.0
            x_fmau_ex4_data_gated_clk (gated_clk_cell_122) 9.96e-02 2.27e-03   41.642    0.102   0.1
            x_fmau_ex3_data_gated_clk (gated_clk_cell_123)    0.169 4.72e-03    8.116    0.173   0.1
            x_fmau_ex2_data_gated_clk (gated_clk_cell_124)    0.243 4.84e-03   88.588    0.248   0.2
            x_aq_vfmau_mult (aq_vfmau_mult)    0.000    4.317 6.86e+04    4.386   3.3
              x_aq_vfmau_mult_double (aq_vfmau_mult_double)    0.000    3.068 2.95e+04    3.097   2.4
                x_aq_vfmau_lza_double (aq_vfmau_lza_double)    0.000    0.000 1.57e+03 1.57e-03   0.0
                x_aq_vfmau_frac_shift_double (aq_vfmau_frac_shift_double)    0.000    0.000  264.927 2.65e-04   0.0
                x_aq_vfmau_special_judge_double (aq_vfmau_special_judge_double)    0.000    0.828  146.291    0.828   0.6
              x_aq_vfmau_frac_mult (aq_vfmau_frac_mult)    0.000    1.250 3.92e+04    1.289   1.0
                multiplier_53x26 (aq_vfmau_multiplier_53x27_partial_0)    0.000    0.000 1.34e+04 1.34e-02   0.0
                  x_aq_booth_code_54_bit13 (booth_code_54_bit_0)    0.000    0.000    2.802 2.80e-06   0.0
                  x_aq_booth_code_54_bit12 (booth_code_54_bit_1)    0.000    0.000   14.460 1.45e-05   0.0
                  x_aq_booth_code_54_bit11 (booth_code_54_bit_2)    0.000    0.000  162.075 1.62e-04   0.0
                  x_aq_booth_code_54_bit10 (booth_code_54_bit_3)    0.000    0.000   28.540 2.85e-05   0.0
                  x_aq_booth_code_54_bit9 (booth_code_54_bit_4)    0.000    0.000  119.047 1.19e-04   0.0
                  x_aq_booth_code_54_bit8 (booth_code_54_bit_5)    0.000    0.000   41.600 4.16e-05   0.0
                  x_aq_booth_code_54_bit7 (booth_code_54_bit_6)    0.000    0.000   14.039 1.40e-05   0.0
                  x_aq_booth_code_54_bit6 (booth_code_54_bit_7)    0.000    0.000   56.004 5.60e-05   0.0
                  x_aq_booth_code_54_bit5 (booth_code_54_bit_8)    0.000    0.000   27.371 2.74e-05   0.0
                  x_aq_booth_code_54_bit4 (booth_code_54_bit_9)    0.000    0.000   20.490 2.05e-05   0.0
                  x_aq_booth_code_54_bit3 (booth_code_54_bit_10)    0.000    0.000   88.520 8.85e-05   0.0
                  x_aq_booth_code_54_bit2 (booth_code_54_bit_11)    0.000    0.000   30.292 3.03e-05   0.0
                  x_aq_booth_code_54_bit1 (booth_code_54_bit_12)    0.000    0.000   21.122 2.11e-05   0.0
                  x_aq_booth_code_54_bit0 (booth_code_54_bit_13)    0.000    0.000   10.055 1.01e-05   0.0
                multiplier_53x27 (aq_vfmau_multiplier_53x27_partial_1)    0.000    0.000 8.96e+03 8.96e-03   0.0
                  x_aq_booth_code_54_bit13 (booth_code_54_bit_14)    0.000    0.000    5.647 5.65e-06   0.0
                  x_aq_booth_code_54_bit12 (booth_code_54_bit_15)    0.000    0.000   14.783 1.48e-05   0.0
                  x_aq_booth_code_54_bit11 (booth_code_54_bit_16)    0.000    0.000   13.771 1.38e-05   0.0
                  x_aq_booth_code_54_bit10 (booth_code_54_bit_17)    0.000    0.000   14.021 1.40e-05   0.0
                  x_aq_booth_code_54_bit9 (booth_code_54_bit_18)    0.000    0.000   16.690 1.67e-05   0.0
                  x_aq_booth_code_54_bit8 (booth_code_54_bit_19)    0.000    0.000   75.593 7.56e-05   0.0
                  x_aq_booth_code_54_bit7 (booth_code_54_bit_20)    0.000    0.000   14.809 1.48e-05   0.0
                  x_aq_booth_code_54_bit6 (booth_code_54_bit_21)    0.000    0.000   77.830 7.78e-05   0.0
                  x_aq_booth_code_54_bit5 (booth_code_54_bit_22)    0.000    0.000   23.730 2.37e-05   0.0
                  x_aq_booth_code_54_bit4 (booth_code_54_bit_23)    0.000    0.000   32.506 3.25e-05   0.0
                  x_aq_booth_code_54_bit3 (booth_code_54_bit_24)    0.000    0.000  125.709 1.26e-04   0.0
                  x_aq_booth_code_54_bit2 (booth_code_54_bit_25)    0.000    0.000   20.590 2.06e-05   0.0
                  x_aq_booth_code_54_bit1 (booth_code_54_bit_26)    0.000    0.000   80.142 8.01e-05   0.0
                  x_aq_booth_code_54_bit0 (booth_code_54_bit_27)    0.000    0.000    9.576 9.58e-06   0.0
          x_aq_vfmau_ctrl (aq_vfmau_ctrl)    0.000    0.000    0.609 6.09e-07   0.0
        x_aq_fdsu_top (aq_fdsu_top)       0.243    1.995 2.14e+04    2.260   1.7
          x_aq_fdsu_scalar_ctrl (aq_fdsu_scalar_ctrl) 8.70e-02 4.91e-02  242.947    0.136   0.1
            x_ex4_pipe_clk (gated_clk_cell_125) 3.38e-02 1.62e-03 5.01e-02 3.55e-02   0.0
            x_expnt_rst_clk (gated_clk_cell_126) 7.85e-03 1.64e-03 5.01e-02 9.49e-03   0.0
            x_ex2_pipe_clk (gated_clk_cell_127) 3.50e-03 1.65e-03 5.01e-02 5.15e-03   0.0
            x_ex1_pipe_clk (gated_clk_cell_128) 3.68e-02 1.62e-03 5.01e-02 3.85e-02   0.0
            x_fdsu_clk (gated_clk_cell_129) 4.95e-03 1.65e-03 5.01e-02 6.59e-03   0.0
          x_aq_fdsu_scalar_dp (aq_fdsu_scalar_dp)    0.154    1.801 1.93e+04    1.974   1.5
            x_aq_fdsu_denorm_shift (aq_fdsu_denorm_shift)    0.000    0.000   34.812 3.48e-05   0.0
              aq_fdsu_right_shift_8_6 (aq_fdsu_right_shift_0)    0.000    0.000    1.497 1.50e-06   0.0
              aq_fdsu_right_shift_8_5 (aq_fdsu_right_shift_1)    0.000    0.000    2.238 2.24e-06   0.0
              aq_fdsu_right_shift_8_4 (aq_fdsu_right_shift_2)    0.000    0.000    2.242 2.24e-06   0.0
              aq_fdsu_right_shift_8_3 (aq_fdsu_right_shift_3)    0.000    0.000    2.242 2.24e-06   0.0
              aq_fdsu_right_shift_8_2 (aq_fdsu_right_shift_4)    0.000    0.000    2.238 2.24e-06   0.0
              aq_fdsu_right_shift_8_1 (aq_fdsu_right_shift_5)    0.000    0.000    2.238 2.24e-06   0.0
              aq_fdsu_right_shift_8_0 (aq_fdsu_right_shift_6)    0.000    0.000    3.371 3.37e-06   0.0
            x_qt_clk (gated_clk_cell_130)    0.101 2.27e-03   41.642    0.103   0.1
            x_srt_div_clk (gated_clk_cell_131) 2.72e-02 1.62e-03 5.01e-02 2.88e-02   0.0
            x_ex1_ex2_pipe_clk (gated_clk_cell_132) 2.60e-02 1.62e-03 5.01e-02 2.76e-02   0.0
            x_aq_left_shift_64 (aq_left_shift_64_0)    0.000    0.000  155.889 1.56e-04   0.0
            x_aq_vdsp_64_bit_ff1 (aq_vdsp_64_bit_ff1_0)    0.000    0.000  269.964 2.70e-04   0.0
              x_aq_vdsp_8_bit_ff1_7 (aq_vdsp_8_bit_ff1_0)    0.000    0.000    0.698 6.98e-07   0.0
              x_aq_vdsp_8_bit_ff1_6 (aq_vdsp_8_bit_ff1_1)    0.000    0.000    0.698 6.98e-07   0.0
              x_aq_vdsp_8_bit_ff1_5 (aq_vdsp_8_bit_ff1_2)    0.000    0.000    0.688 6.88e-07   0.0
              x_aq_vdsp_8_bit_ff1_4 (aq_vdsp_8_bit_ff1_3)    0.000    0.000    0.688 6.88e-07   0.0
              x_aq_vdsp_8_bit_ff1_3 (aq_vdsp_8_bit_ff1_4)    0.000    0.000    0.966 9.66e-07   0.0
              x_aq_vdsp_8_bit_ff1_2 (aq_vdsp_8_bit_ff1_5)    0.000    0.000    1.610 1.61e-06   0.0
              x_aq_vdsp_8_bit_ff1_1 (aq_vdsp_8_bit_ff1_6)    0.000    0.000  189.261 1.89e-04   0.0
              x_aq_vdsp_8_bit_ff1_0 (aq_vdsp_8_bit_ff1_7)    0.000    0.000    0.254 2.54e-07   0.0
          x_aq_fdsu_double (aq_fdsu_double) 2.45e-03    0.145 1.79e+03    0.149   0.1
            x_aq_fdsu_double_dp (aq_fdsu_double_dp)    0.000    0.112  140.775    0.112   0.1
            x_aq_fdsu_pack (aq_fdsu_pack)    0.000    0.000   67.452 6.75e-05   0.0
            x_aq_fdsu_round (aq_fdsu_round) 2.45e-03 2.16e-02  741.979 2.48e-02   0.0
              x_ex3_pipe_clk (gated_clk_cell_36) 2.45e-03 1.65e-03 5.01e-02 4.10e-03   0.0
            x_aq_fdsu_srt (aq_fdsu_srt)    0.000 1.18e-02  628.688 1.25e-02   0.0
            x_aq_fdsu_prepare (aq_fdsu_prepare)    0.000    0.000  118.161 1.18e-04   0.0
            x_aq_fdsu_special (aq_fdsu_special)    0.000    0.000   90.804 9.08e-05   0.0
        x_aq_fspu_top (aq_fspu_top)    3.14e-02    0.258   41.309    0.289   0.2
          x_ex1_pipe_clk (gated_clk_cell_308) 3.14e-02 1.62e-03 5.01e-02 3.30e-02   0.0
        x_aq_fcnvt_top (aq_fcnvt_top)     0.178    1.449 4.23e+04    1.669   1.3
          x_aq_fcnvt_ctrl (aq_fcnvt_ctrl)    0.178 5.52e-03   46.893    0.183   0.1
            x_fcnvt_ex2_pipe_double_clk (gated_clk_cell_133) 3.14e-02 1.62e-03 5.01e-02 3.30e-02   0.0
            x_fcnvt_ex2_pipe_clk (gated_clk_cell_134) 3.39e-02 1.62e-03 5.01e-02 3.55e-02   0.0
            x_fcnvt_ex1_pipe_clk (gated_clk_cell_135)    0.112 2.27e-03   41.642    0.115   0.1
          x_aq_fcnvt_scalar_dp (aq_fcnvt_scalar_dp)    0.000    0.880 1.80e+04    0.898   0.7
            x_aq_left_shift_64 (aq_left_shift_64_1)    0.000    0.000 1.61e+03 1.61e-03   0.0
            x_aq_vdsp_64_bit_ff1 (aq_vdsp_64_bit_ff1_1)    0.000    0.000 1.65e+03 1.65e-03   0.0
              x_aq_vdsp_8_bit_ff1_7 (aq_vdsp_8_bit_ff1_8)    0.000    0.000  205.966 2.06e-04   0.0
              x_aq_vdsp_8_bit_ff1_6 (aq_vdsp_8_bit_ff1_9)    0.000    0.000    1.176 1.18e-06   0.0
              x_aq_vdsp_8_bit_ff1_5 (aq_vdsp_8_bit_ff1_10)    0.000    0.000    1.725 1.73e-06   0.0
              x_aq_vdsp_8_bit_ff1_4 (aq_vdsp_8_bit_ff1_11)    0.000    0.000   12.886 1.29e-05   0.0
              x_aq_vdsp_8_bit_ff1_3 (aq_vdsp_8_bit_ff1_12)    0.000    0.000  170.268 1.70e-04   0.0
              x_aq_vdsp_8_bit_ff1_2 (aq_vdsp_8_bit_ff1_13)    0.000    0.000    5.794 5.79e-06   0.0
              x_aq_vdsp_8_bit_ff1_1 (aq_vdsp_8_bit_ff1_14)    0.000    0.000    2.511 2.51e-06   0.0
              x_aq_vdsp_8_bit_ff1_0 (aq_vdsp_8_bit_ff1_15)    0.000    0.000   11.576 1.16e-05   0.0
          x_aq_fcnvt_double (aq_fcnvt_double)    0.000    0.564 2.43e+04    0.588   0.4
            x_aq_fcnvt_xtoh_d (aq_fcnvt_xtoh_sh)    0.000    0.000   41.247 4.12e-05   0.0
            x_aq_fcnvt_dtos_d (aq_fcnvt_dtos_d)    0.000    0.000   66.799 6.68e-05   0.0
            x_aq_fcnvt_ftoi_d (aq_fcnvt_ftoi_d)    0.000    0.000  106.132 1.06e-04   0.0
        x_aq_falu_top (aq_falu_top)       0.207    1.712 1.05e+04    1.930   1.5
          x_aq_falu_ctrl (aq_falu_ctrl)    0.174 2.31e-02  502.712    0.198   0.2
            x_fadd_ex1_nocmp_pipe_clk (gated_clk_cell_136) 1.23e-02 2.23e-03   41.642 1.45e-02   0.0
            x_fadd_ex2_pipe_clk (gated_clk_cell_137) 3.19e-02 1.75e-02  394.676 4.99e-02   0.0
            x_fadd_ex1_pipe_clk (gated_clk_cell_138)    0.130 3.33e-03   63.406    0.133   0.1
          x_aq_fadd_scalar_dp (aq_fadd_scalar_dp) 3.28e-02    1.049  433.293    1.083   0.8
            x_widden_denorm_clk (gated_clk_cell_139) 3.28e-02 1.62e-03 5.01e-02 3.45e-02   0.0
          x_aq_fadd_double_top (aq_fadd_double_top)    0.000    0.640 9.53e+03    0.650   0.5
            x_aq_fadd_double_cmp_max (aq_fadd_double_cmp_max)    0.000    0.000   23.022 2.30e-05   0.0
            x_aq_fadd_double_add (aq_fadd_double_add)    0.000    0.544 9.15e+03    0.553   0.4
              x_aq_fadd_shift_sub_h (aq_fadd_shift_sub_h_double)    0.000    0.000   30.744 3.07e-05   0.0
              x_aq_fadd_double_round (aq_fadd_double_round)    0.000    0.000  134.942 1.35e-04   0.0
              x_aq_fadd_shift_sub (aq_fadd_shift_sub_single)    0.000    0.000   34.662 3.47e-05   0.0
              x_aq_fadd_lop_s1_s_b (aq_fadd_lop_s1_sb)    0.000    0.000 4.35e+03 4.35e-03   0.0
            x_aq_fadd_double_special (aq_fadd_double_special)    0.000    0.000   30.905 3.09e-05   0.0
            x_aq_fadd_double_dp (aq_fadd_double_dp)    0.000 9.60e-02  325.502 9.63e-02   0.1
      x_aq_iu_top (aq_iu_top)             0.508    3.952 1.12e+05    4.573   3.5
        x_aq_iu_addr_gen (aq_iu_addr_gen)    0.000 1.69e-05 2.99e+03 3.01e-03   0.0
        x_aq_iu_bju (aq_iu_bju)           0.162    1.120 6.88e+03    1.289   1.0
          x_bju_entry_clk (gated_clk_cell_309)    0.110 1.78e-02  394.676    0.129   0.1
          x_bju_clk (gated_clk_cell_310) 2.13e-02 1.63e-03 5.01e-02 2.29e-02   0.0
        x_aq_iu_div (aq_iu_div)           0.141    1.140 8.96e+04    1.371   1.0
          x_div_clk (gated_clk_cell_311)    0.141 3.34e-03   63.406    0.144   0.1
          x_aq_iu_div_kernel (aq_iu_div_shift2_kernel)    0.000 4.93e-02 1.76e+04 6.69e-02   0.1
        x_aq_iu_mul (aq_iu_mul)           0.206    1.691 7.91e+03    1.905   1.5
          x_mul_ex2_ctrl_pipe_gated_clk (gated_clk_cell_312) 5.01e-04 2.21e-03   41.642 2.75e-03   0.0
          x_mul_ex1_ctrl_pipe_gated_clk (gated_clk_cell_313) 5.01e-04 1.63e-03 5.01e-02 2.13e-03   0.0
          x_mul_gated_clk (gated_clk_cell_314) 1.00e-03 1.64e-03 5.01e-02 2.64e-03   0.0
          x_mul_ex2_pipe_gated_clk (gated_clk_cell_315)    0.135 3.33e-03   63.406    0.138   0.1
          x_mul_ex1_pipe_gated_clk (gated_clk_cell_316) 6.91e-02 2.25e-03   41.642 7.14e-02   0.1
          x_multiplier_33x33_partial (multiplier_33x33_partial)    0.000    0.000 1.68e+03 1.68e-03   0.0
            x_pa_dsp_mult_booth_code_33_bit16 (booth_code_33_bit_0)    0.000    0.000    4.779 4.78e-06   0.0
            x_pa_dsp_mult_booth_code_33_bit15 (booth_code_33_bit_1)    0.000    0.000    9.930 9.93e-06   0.0
            x_pa_dsp_mult_booth_code_33_bit14 (booth_code_33_bit_2)    0.000    0.000    9.126 9.13e-06   0.0
            x_pa_dsp_mult_booth_code_33_bit13 (booth_code_33_bit_3)    0.000    0.000    7.741 7.74e-06   0.0
            x_pa_dsp_mult_booth_code_33_bit12 (booth_code_33_bit_4)    0.000    0.000    8.675 8.67e-06   0.0
            x_pa_dsp_mult_booth_code_33_bit11 (booth_code_33_bit_5)    0.000    0.000    8.296 8.30e-06   0.0
            x_pa_dsp_mult_booth_code_33_bit10 (booth_code_33_bit_6)    0.000    0.000    9.345 9.34e-06   0.0
            x_pa_dsp_mult_booth_code_33_bit9 (booth_code_33_bit_7)    0.000    0.000    8.392 8.39e-06   0.0
            x_pa_dsp_mult_booth_code_33_bit8 (booth_code_33_bit_8)    0.000    0.000    9.114 9.11e-06   0.0
            x_pa_dsp_mult_booth_code_33_bit7 (booth_code_33_bit_9)    0.000    0.000    8.173 8.17e-06   0.0
            x_pa_dsp_mult_booth_code_33_bit6 (booth_code_33_bit_10)    0.000    0.000    9.201 9.20e-06   0.0
            x_pa_dsp_mult_booth_code_33_bit5 (booth_code_33_bit_11)    0.000    0.000    7.617 7.62e-06   0.0
            x_pa_dsp_mult_booth_code_33_bit4 (booth_code_33_bit_12)    0.000    0.000   15.759 1.58e-05   0.0
            x_pa_dsp_mult_booth_code_33_bit3 (booth_code_33_bit_13)    0.000    0.000    7.644 7.64e-06   0.0
            x_pa_dsp_mult_booth_code_33_bit2 (booth_code_33_bit_14)    0.000    0.000    8.342 8.34e-06   0.0
            x_pa_dsp_mult_booth_code_33_bit1 (booth_code_33_bit_15)    0.000    0.000   15.937 1.59e-05   0.0
            x_pa_dsp_mult_booth_code_33_bit0 (booth_code_33_bit_16)    0.000    0.000    7.641 7.64e-06   0.0
        x_aq_iu_alu (aq_iu_alu)        1.28e-04 1.78e-04 5.01e+03 5.32e-03   0.0
      x_aq_vidu_top (aq_vidu_top)         1.117    9.163 2.45e+03   10.282   7.8
        x_aq_vidu_vid_wbt_fp (aq_vidu_vid_wbt) 5.21e-02    0.409   94.860    0.462   0.4
          x_aq_idu_expand_32_vpu_vidu_wbt_bankx_wb1_reg (aq_idu_expand_32_0)    0.000    0.000    2.693 2.69e-06   0.0
          x_aq_idu_expand_32_vpu_vidu_wbt_bankx_wb0_reg (aq_idu_expand_32_1)    0.000    0.000    2.693 2.69e-06   0.0
          x_aq_idu_expand_32_dp_wbt_bankx_dstv_reg (aq_idu_expand_32_2) 4.59e-06 1.42e-06    2.691 8.70e-06   0.0
          x_aq_vidu_vid_wbt_entry_reg_31 (aq_vidu_vid_wbt_entry_0)    0.000 1.27e-02    2.264 1.27e-02   0.0
          x_aq_vidu_vid_wbt_entry_reg_30 (aq_vidu_vid_wbt_entry_1)    0.000 1.27e-02    1.778 1.27e-02   0.0
          x_aq_vidu_vid_wbt_entry_reg_29 (aq_vidu_vid_wbt_entry_2)    0.000 1.27e-02    1.778 1.27e-02   0.0
          x_aq_vidu_vid_wbt_entry_reg_28 (aq_vidu_vid_wbt_entry_3)    0.000 1.27e-02    1.778 1.27e-02   0.0
          x_aq_vidu_vid_wbt_entry_reg_27 (aq_vidu_vid_wbt_entry_4)    0.000 1.27e-02    1.826 1.27e-02   0.0
          x_aq_vidu_vid_wbt_entry_reg_26 (aq_vidu_vid_wbt_entry_5)    0.000 1.27e-02    1.826 1.27e-02   0.0
          x_aq_vidu_vid_wbt_entry_reg_25 (aq_vidu_vid_wbt_entry_6)    0.000 1.27e-02    1.778 1.27e-02   0.0
          x_aq_vidu_vid_wbt_entry_reg_24 (aq_vidu_vid_wbt_entry_7)    0.000 1.27e-02    1.778 1.27e-02   0.0
          x_aq_vidu_vid_wbt_entry_reg_23 (aq_vidu_vid_wbt_entry_8)    0.000 1.27e-02    1.778 1.27e-02   0.0
          x_aq_vidu_vid_wbt_entry_reg_22 (aq_vidu_vid_wbt_entry_9)    0.000 1.27e-02    1.778 1.27e-02   0.0
          x_aq_vidu_vid_wbt_entry_reg_21 (aq_vidu_vid_wbt_entry_10)    0.000 1.27e-02    1.778 1.27e-02   0.0
          x_aq_vidu_vid_wbt_entry_reg_20 (aq_vidu_vid_wbt_entry_11)    0.000 1.27e-02    1.778 1.27e-02   0.0
          x_aq_vidu_vid_wbt_entry_reg_19 (aq_vidu_vid_wbt_entry_12)    0.000 1.27e-02    1.778 1.27e-02   0.0
          x_aq_vidu_vid_wbt_entry_reg_18 (aq_vidu_vid_wbt_entry_13)    0.000 1.27e-02    1.778 1.27e-02   0.0
          x_aq_vidu_vid_wbt_entry_reg_17 (aq_vidu_vid_wbt_entry_14)    0.000 1.27e-02    1.778 1.27e-02   0.0
          x_aq_vidu_vid_wbt_entry_reg_16 (aq_vidu_vid_wbt_entry_15)    0.000 1.27e-02    1.778 1.27e-02   0.0
          x_aq_vidu_vid_wbt_entry_reg_15 (aq_vidu_vid_wbt_entry_16)    0.000 1.27e-02    2.264 1.27e-02   0.0
          x_aq_vidu_vid_wbt_entry_reg_14 (aq_vidu_vid_wbt_entry_17)    0.000 1.27e-02    1.778 1.27e-02   0.0
          x_aq_vidu_vid_wbt_entry_reg_13 (aq_vidu_vid_wbt_entry_18)    0.000 1.27e-02    1.778 1.27e-02   0.0
          x_aq_vidu_vid_wbt_entry_reg_12 (aq_vidu_vid_wbt_entry_19)    0.000 1.27e-02    1.778 1.27e-02   0.0
          x_aq_vidu_vid_wbt_entry_reg_11 (aq_vidu_vid_wbt_entry_20)    0.000 1.27e-02    1.826 1.27e-02   0.0
          x_aq_vidu_vid_wbt_entry_reg_10 (aq_vidu_vid_wbt_entry_21)    0.000 1.27e-02    1.826 1.27e-02   0.0
          x_aq_vidu_vid_wbt_entry_reg_9 (aq_vidu_vid_wbt_entry_22)    0.000 1.27e-02    1.778 1.27e-02   0.0
          x_aq_vidu_vid_wbt_entry_reg_8 (aq_vidu_vid_wbt_entry_23)    0.000 1.27e-02    1.778 1.27e-02   0.0
          x_aq_vidu_vid_wbt_entry_reg_7 (aq_vidu_vid_wbt_entry_24)    0.000 1.27e-02    1.778 1.27e-02   0.0
          x_aq_vidu_vid_wbt_entry_reg_6 (aq_vidu_vid_wbt_entry_25)    0.000 1.27e-02    1.778 1.27e-02   0.0
          x_aq_vidu_vid_wbt_entry_reg_5 (aq_vidu_vid_wbt_entry_26)    0.000 1.27e-02    1.778 1.27e-02   0.0
          x_aq_vidu_vid_wbt_entry_reg_4 (aq_vidu_vid_wbt_entry_27)    0.000 1.27e-02    1.778 1.27e-02   0.0
          x_aq_vidu_vid_wbt_entry_reg_3 (aq_vidu_vid_wbt_entry_28)    0.000 1.27e-02    1.778 1.27e-02   0.0
          x_aq_vidu_vid_wbt_entry_reg_2 (aq_vidu_vid_wbt_entry_29)    0.000 1.27e-02    1.778 1.27e-02   0.0
          x_aq_vidu_vid_wbt_entry_reg_1 (aq_vidu_vid_wbt_entry_30)    0.000 1.27e-02    1.778 1.27e-02   0.0
          x_aq_vidu_vid_wbt_entry_reg_0 (aq_vidu_vid_wbt_entry_31)    0.000 1.27e-02    1.778 1.27e-02   0.0
          x_wb_clk_gated_clk_cell (gated_clk_cell_317) 3.25e-02 1.62e-03 5.01e-02 3.41e-02   0.0
          x_create_clk_gated_clk_cell (gated_clk_cell_318) 1.60e-02 1.63e-03 5.01e-02 1.77e-02   0.0
        x_aq_vidu_vid_gpr_fp (aq_vidu_vid_gpr_fp)    1.004    8.243 1.12e+03    9.249   7.1
          x_aq_idu_expand_32_vpu_vidu_fp_wb_reg (aq_idu_expand_32_3)    0.000    0.000    2.790 2.79e-06   0.0
          x_aq_vidu_vid_gpr_reg_fp_31 (aq_vidu_vid_gpr_reg_fp_0) 3.14e-02    0.258   26.578    0.289   0.2
            x_reg_gated_clk (gated_clk_cell_140) 3.14e-02 1.62e-03 5.01e-02 3.30e-02   0.0
          x_aq_vidu_vid_gpr_reg_fp_30 (aq_vidu_vid_gpr_reg_fp_1) 3.14e-02    0.258   26.622    0.289   0.2
            x_reg_gated_clk (gated_clk_cell_141) 3.14e-02 1.62e-03 5.01e-02 3.30e-02   0.0
          x_aq_vidu_vid_gpr_reg_fp_29 (aq_vidu_vid_gpr_reg_fp_2) 3.14e-02    0.258   28.065    0.289   0.2
            x_reg_gated_clk (gated_clk_cell_142) 3.14e-02 1.62e-03 5.01e-02 3.30e-02   0.0
          x_aq_vidu_vid_gpr_reg_fp_28 (aq_vidu_vid_gpr_reg_fp_3) 3.14e-02    0.258   26.550    0.289   0.2
            x_reg_gated_clk (gated_clk_cell_143) 3.14e-02 1.62e-03 5.01e-02 3.30e-02   0.0
          x_aq_vidu_vid_gpr_reg_fp_27 (aq_vidu_vid_gpr_reg_fp_4) 3.14e-02    0.258   26.622    0.289   0.2
            x_reg_gated_clk (gated_clk_cell_144) 3.14e-02 1.62e-03 5.01e-02 3.30e-02   0.0
          x_aq_vidu_vid_gpr_reg_fp_26 (aq_vidu_vid_gpr_reg_fp_5) 3.14e-02    0.258   26.622    0.289   0.2
            x_reg_gated_clk (gated_clk_cell_145) 3.14e-02 1.62e-03 5.01e-02 3.30e-02   0.0
          x_aq_vidu_vid_gpr_reg_fp_25 (aq_vidu_vid_gpr_reg_fp_6) 3.14e-02    0.258   26.622    0.289   0.2
            x_reg_gated_clk (gated_clk_cell_146) 3.14e-02 1.62e-03 5.01e-02 3.30e-02   0.0
          x_aq_vidu_vid_gpr_reg_fp_24 (aq_vidu_vid_gpr_reg_fp_7) 3.14e-02    0.258   28.065    0.289   0.2
            x_reg_gated_clk (gated_clk_cell_147) 3.14e-02 1.62e-03 5.01e-02 3.30e-02   0.0
          x_aq_vidu_vid_gpr_reg_fp_23 (aq_vidu_vid_gpr_reg_fp_8) 3.14e-02    0.258   26.622    0.289   0.2
            x_reg_gated_clk (gated_clk_cell_148) 3.14e-02 1.62e-03 5.01e-02 3.30e-02   0.0
          x_aq_vidu_vid_gpr_reg_fp_22 (aq_vidu_vid_gpr_reg_fp_9) 3.14e-02    0.258   26.622    0.289   0.2
            x_reg_gated_clk (gated_clk_cell_149) 3.14e-02 1.62e-03 5.01e-02 3.30e-02   0.0
          x_aq_vidu_vid_gpr_reg_fp_21 (aq_vidu_vid_gpr_reg_fp_10) 3.14e-02    0.258   26.622    0.289   0.2
            x_reg_gated_clk (gated_clk_cell_150) 3.14e-02 1.62e-03 5.01e-02 3.30e-02   0.0
          x_aq_vidu_vid_gpr_reg_fp_20 (aq_vidu_vid_gpr_reg_fp_11) 3.14e-02    0.258   26.550    0.289   0.2
            x_reg_gated_clk (gated_clk_cell_151) 3.14e-02 1.62e-03 5.01e-02 3.30e-02   0.0
          x_aq_vidu_vid_gpr_reg_fp_19 (aq_vidu_vid_gpr_reg_fp_12) 3.14e-02    0.258   26.578    0.289   0.2
            x_reg_gated_clk (gated_clk_cell_152) 3.14e-02 1.62e-03 5.01e-02 3.30e-02   0.0
          x_aq_vidu_vid_gpr_reg_fp_18 (aq_vidu_vid_gpr_reg_fp_13) 3.14e-02    0.258   26.489    0.289   0.2
            x_reg_gated_clk (gated_clk_cell_153) 3.14e-02 1.62e-03 5.01e-02 3.30e-02   0.0
          x_aq_vidu_vid_gpr_reg_fp_17 (aq_vidu_vid_gpr_reg_fp_14) 3.14e-02    0.258   28.065    0.289   0.2
            x_reg_gated_clk (gated_clk_cell_154) 3.14e-02 1.62e-03 5.01e-02 3.30e-02   0.0
          x_aq_vidu_vid_gpr_reg_fp_16 (aq_vidu_vid_gpr_reg_fp_15) 3.14e-02    0.258   28.065    0.289   0.2
            x_reg_gated_clk (gated_clk_cell_155) 3.14e-02 1.62e-03 5.01e-02 3.30e-02   0.0
          x_aq_vidu_vid_gpr_reg_fp_15 (aq_vidu_vid_gpr_reg_fp_16) 3.14e-02    0.258   26.619    0.289   0.2
            x_reg_gated_clk (gated_clk_cell_156) 3.14e-02 1.62e-03 5.01e-02 3.30e-02   0.0
          x_aq_vidu_vid_gpr_reg_fp_14 (aq_vidu_vid_gpr_reg_fp_17) 3.14e-02    0.258   26.491    0.289   0.2
            x_reg_gated_clk (gated_clk_cell_157) 3.14e-02 1.62e-03 5.01e-02 3.30e-02   0.0
          x_aq_vidu_vid_gpr_reg_fp_13 (aq_vidu_vid_gpr_reg_fp_18) 3.14e-02    0.258   26.622    0.289   0.2
            x_reg_gated_clk (gated_clk_cell_158) 3.14e-02 1.62e-03 5.01e-02 3.30e-02   0.0
          x_aq_vidu_vid_gpr_reg_fp_12 (aq_vidu_vid_gpr_reg_fp_19) 3.14e-02    0.258   28.065    0.289   0.2
            x_reg_gated_clk (gated_clk_cell_159) 3.14e-02 1.62e-03 5.01e-02 3.30e-02   0.0
          x_aq_vidu_vid_gpr_reg_fp_11 (aq_vidu_vid_gpr_reg_fp_20) 3.14e-02    0.258   26.622    0.289   0.2
            x_reg_gated_clk (gated_clk_cell_160) 3.14e-02 1.62e-03 5.01e-02 3.30e-02   0.0
          x_aq_vidu_vid_gpr_reg_fp_10 (aq_vidu_vid_gpr_reg_fp_21) 3.14e-02    0.258   26.491    0.289   0.2
            x_reg_gated_clk (gated_clk_cell_161) 3.14e-02 1.62e-03 5.01e-02 3.30e-02   0.0
          x_aq_vidu_vid_gpr_reg_fp_9 (aq_vidu_vid_gpr_reg_fp_22) 3.14e-02    0.258   26.622    0.289   0.2
            x_reg_gated_clk (gated_clk_cell_162) 3.14e-02 1.62e-03 5.01e-02 3.30e-02   0.0
          x_aq_vidu_vid_gpr_reg_fp_8 (aq_vidu_vid_gpr_reg_fp_23) 3.14e-02    0.258   26.622    0.289   0.2
            x_reg_gated_clk (gated_clk_cell_163) 3.14e-02 1.62e-03 5.01e-02 3.30e-02   0.0
          x_aq_vidu_vid_gpr_reg_fp_7 (aq_vidu_vid_gpr_reg_fp_24) 3.14e-02    0.258   26.622    0.289   0.2
            x_reg_gated_clk (gated_clk_cell_164) 3.14e-02 1.62e-03 5.01e-02 3.30e-02   0.0
          x_aq_vidu_vid_gpr_reg_fp_6 (aq_vidu_vid_gpr_reg_fp_25) 3.14e-02    0.258   26.491    0.289   0.2
            x_reg_gated_clk (gated_clk_cell_165) 3.14e-02 1.62e-03 5.01e-02 3.30e-02   0.0
          x_aq_vidu_vid_gpr_reg_fp_5 (aq_vidu_vid_gpr_reg_fp_26) 3.14e-02    0.258   26.622    0.289   0.2
            x_reg_gated_clk (gated_clk_cell_166) 3.14e-02 1.62e-03 5.01e-02 3.30e-02   0.0
          x_aq_vidu_vid_gpr_reg_fp_4 (aq_vidu_vid_gpr_reg_fp_27) 3.14e-02    0.258   26.622    0.289   0.2
            x_reg_gated_clk (gated_clk_cell_167) 3.14e-02 1.62e-03 5.01e-02 3.30e-02   0.0
          x_aq_vidu_vid_gpr_reg_fp_3 (aq_vidu_vid_gpr_reg_fp_28) 3.14e-02    0.258   26.712    0.289   0.2
            x_reg_gated_clk (gated_clk_cell_168) 3.14e-02 1.62e-03 5.01e-02 3.30e-02   0.0
          x_aq_vidu_vid_gpr_reg_fp_2 (aq_vidu_vid_gpr_reg_fp_29) 3.14e-02    0.258   26.491    0.289   0.2
            x_reg_gated_clk (gated_clk_cell_169) 3.14e-02 1.62e-03 5.01e-02 3.30e-02   0.0
          x_aq_vidu_vid_gpr_reg_fp_1 (aq_vidu_vid_gpr_reg_fp_30) 3.14e-02    0.258   26.489    0.289   0.2
            x_reg_gated_clk (gated_clk_cell_170) 3.14e-02 1.62e-03 5.01e-02 3.30e-02   0.0
          x_aq_vidu_vid_gpr_reg_fp_0 (aq_vidu_vid_gpr_reg_fp_31) 3.14e-02    0.258   28.065    0.289   0.2
            x_reg_gated_clk (gated_clk_cell_171) 3.14e-02 1.62e-03 5.01e-02 3.30e-02   0.0
        x_aq_vidu_vid_dp_fp (aq_vidu_vid_dp_fp) 1.07e-05 1.35e-05   67.790 9.20e-05   0.0
        x_aq_vidu_vid_ctrl_fp (aq_vidu_vid_ctrl_fp) 8.06e-07 2.75e-06   14.863 1.84e-05   0.0
        x_aq_vidu_vid_split_fp (aq_vidu_vid_split_fp) 6.03e-02    0.510 1.15e+03    0.571   0.4
          x_split_clk_gated_clk_cell (gated_clk_cell_319) 6.03e-02 1.77e-02  394.676 7.84e-02   0.1
      x_aq_idu_top (aq_idu_top)           1.294   10.595 6.08e+03   11.895   9.1
        x_aq_idu_id_ctrl (aq_idu_id_ctrl) 9.93e-03 8.57e-02  638.817 9.63e-02   0.1
          x_ex1_hpcp_gated_clk (gated_clk_cell_320) 4.41e-03 1.65e-03 5.01e-02 6.06e-03   0.0
          x_ex1_inst_gated_clk (gated_clk_cell_321) 5.51e-03 1.65e-03 5.01e-02 7.16e-03   0.0
        x_aq_idu_id_dp (aq_idu_id_dp)     0.208    1.691 2.38e+03    1.901   1.5
          x_ex1_vec_src1_gated_clk (gated_clk_cell_322) 3.14e-02 1.62e-03 5.01e-02 3.31e-02   0.0
          x_ex1_vec_inst_gated_clk (gated_clk_cell_323) 2.84e-02 1.62e-03 5.01e-02 3.01e-02   0.0
          x_ex1_int_src2_gated_clk (gated_clk_cell_324) 3.43e-02 1.62e-03 5.01e-02 3.59e-02   0.0
          x_ex1_int_src1_gated_clk (gated_clk_cell_325) 3.45e-02 2.21e-03   41.642 3.68e-02   0.0
          x_ex1_int_src0_gated_clk (gated_clk_cell_326) 3.44e-02 1.62e-03 5.01e-02 3.60e-02   0.0
          x_ex1_int_inst_gated_clk (gated_clk_cell_327) 4.47e-02 1.63e-03 5.01e-02 4.63e-02   0.0
          x_aq_idu_expand_32_dp_wb1_reg (aq_idu_expand_32_4)    0.000    0.000    2.981 2.98e-06   0.0
          x_aq_idu_expand_32_dp_wb0_reg (aq_idu_expand_32_5)    0.000    0.000    6.021 6.02e-06   0.0
        x_aq_idu_id_wbt (aq_idu_id_wbt)    0.101    0.805 1.11e+03    0.907   0.7
          x_aq_idu_expand_32_wbt_dst1_reg (aq_idu_expand_32_6)    0.000    0.000    2.770 2.77e-06   0.0
          x_aq_idu_expand_32_wbt_dst0_reg (aq_idu_expand_32_7)    0.000    0.000    3.244 3.24e-06   0.0
          x_aq_idu_id_wbt_entry_reg_31 (aq_idu_id_wbt_entry_0)    0.000 2.53e-02   10.783 2.54e-02   0.0
          x_aq_idu_id_wbt_entry_reg_30 (aq_idu_id_wbt_entry_1)    0.000 2.53e-02   10.783 2.54e-02   0.0
          x_aq_idu_id_wbt_entry_reg_29 (aq_idu_id_wbt_entry_2)    0.000 2.53e-02   10.689 2.54e-02   0.0
          x_aq_idu_id_wbt_entry_reg_28 (aq_idu_id_wbt_entry_3)    0.000 2.53e-02   10.783 2.54e-02   0.0
          x_aq_idu_id_wbt_entry_reg_27 (aq_idu_id_wbt_entry_4)    0.000 2.53e-02   10.783 2.54e-02   0.0
          x_aq_idu_id_wbt_entry_reg_26 (aq_idu_id_wbt_entry_5)    0.000 2.53e-02    8.031 2.54e-02   0.0
          x_aq_idu_id_wbt_entry_reg_25 (aq_idu_id_wbt_entry_6)    0.000 2.53e-02   10.871 2.54e-02   0.0
          x_aq_idu_id_wbt_entry_reg_24 (aq_idu_id_wbt_entry_7)    0.000 2.53e-02   10.689 2.54e-02   0.0
          x_aq_idu_id_wbt_entry_reg_23 (aq_idu_id_wbt_entry_8)    0.000 2.53e-02   10.783 2.54e-02   0.0
          x_aq_idu_id_wbt_entry_reg_22 (aq_idu_id_wbt_entry_9)    0.000 2.53e-02   10.689 2.54e-02   0.0
          x_aq_idu_id_wbt_entry_reg_21 (aq_idu_id_wbt_entry_10)    0.000 2.53e-02   10.783 2.54e-02   0.0
          x_aq_idu_id_wbt_entry_reg_20 (aq_idu_id_wbt_entry_11)    0.000 2.53e-02   11.103 2.54e-02   0.0
          x_aq_idu_id_wbt_entry_reg_19 (aq_idu_id_wbt_entry_12)    0.000 2.53e-02   10.689 2.54e-02   0.0
          x_aq_idu_id_wbt_entry_reg_18 (aq_idu_id_wbt_entry_13)    0.000 2.53e-02   11.743 2.54e-02   0.0
          x_aq_idu_id_wbt_entry_reg_17 (aq_idu_id_wbt_entry_14)    0.000 2.53e-02   10.689 2.54e-02   0.0
          x_aq_idu_id_wbt_entry_reg_16 (aq_idu_id_wbt_entry_15)    0.000 2.53e-02   11.095 2.54e-02   0.0
          x_aq_idu_id_wbt_entry_reg_15 (aq_idu_id_wbt_entry_16)    0.000 2.53e-02   10.783 2.54e-02   0.0
          x_aq_idu_id_wbt_entry_reg_14 (aq_idu_id_wbt_entry_17)    0.000 2.53e-02   10.783 2.54e-02   0.0
          x_aq_idu_id_wbt_entry_reg_13 (aq_idu_id_wbt_entry_18)    0.000 2.53e-02   10.783 2.54e-02   0.0
          x_aq_idu_id_wbt_entry_reg_12 (aq_idu_id_wbt_entry_19)    0.000 2.53e-02   10.689 2.54e-02   0.0
          x_aq_idu_id_wbt_entry_reg_11 (aq_idu_id_wbt_entry_20)    0.000 2.53e-02   10.732 2.54e-02   0.0
          x_aq_idu_id_wbt_entry_reg_10 (aq_idu_id_wbt_entry_21)    0.000 2.53e-02   10.732 2.54e-02   0.0
          x_aq_idu_id_wbt_entry_reg_9 (aq_idu_id_wbt_entry_22)    0.000 2.53e-02   10.732 2.54e-02   0.0
          x_aq_idu_id_wbt_entry_reg_8 (aq_idu_id_wbt_entry_23)    0.000 2.53e-02    7.980 2.54e-02   0.0
          x_aq_idu_id_wbt_entry_reg_7 (aq_idu_id_wbt_entry_24)    0.000 2.53e-02   10.638 2.54e-02   0.0
          x_aq_idu_id_wbt_entry_reg_6 (aq_idu_id_wbt_entry_25)    0.000 2.53e-02   10.783 2.54e-02   0.0
          x_aq_idu_id_wbt_entry_reg_5 (aq_idu_id_wbt_entry_26)    0.000 2.53e-02   11.649 2.54e-02   0.0
          x_aq_idu_id_wbt_entry_reg_4 (aq_idu_id_wbt_entry_27)    0.000 2.53e-02   10.784 2.54e-02   0.0
          x_aq_idu_id_wbt_entry_reg_3 (aq_idu_id_wbt_entry_28)    0.000 2.53e-02   10.783 2.54e-02   0.0
          x_aq_idu_id_wbt_entry_reg_2 (aq_idu_id_wbt_entry_29)    0.000 2.53e-02   10.689 2.54e-02   0.0
          x_aq_idu_id_wbt_entry_reg_1 (aq_idu_id_wbt_entry_30)    0.000 2.53e-02    8.018 2.54e-02   0.0
          x_wb_clk_gated_clk_cell (gated_clk_cell_328) 4.70e-02 1.76e-02  394.676 6.50e-02   0.0
          x_create_clk_gated_clk_cell (gated_clk_cell_329) 4.66e-02 1.63e-03 5.01e-02 4.83e-02   0.0
        x_aq_idu_id_gpr (aq_idu_id_gpr)    0.973    7.986 1.26e+03    8.960   6.8
          x_aq_idu_id_gpr_gated_reg_31 (aq_idu_id_gpr_gated_reg_0) 3.14e-02    0.258   27.253    0.289   0.2
            x_reg_gated_clk (gated_clk_cell_172) 3.14e-02 1.62e-03 5.01e-02 3.30e-02   0.0
          x_aq_idu_id_gpr_gated_reg_30 (aq_idu_id_gpr_gated_reg_1) 3.14e-02    0.258   30.438    0.289   0.2
            x_reg_gated_clk (gated_clk_cell_173) 3.14e-02 1.62e-03 5.01e-02 3.30e-02   0.0
          x_aq_idu_id_gpr_gated_reg_29 (aq_idu_id_gpr_gated_reg_2) 3.14e-02    0.258   30.216    0.289   0.2
            x_reg_gated_clk (gated_clk_cell_174) 3.14e-02 1.62e-03 5.01e-02 3.30e-02   0.0
          x_aq_idu_id_gpr_gated_reg_28 (aq_idu_id_gpr_gated_reg_3) 3.14e-02    0.258   27.406    0.289   0.2
            x_reg_gated_clk (gated_clk_cell_175) 3.14e-02 1.62e-03 5.01e-02 3.30e-02   0.0
          x_aq_idu_id_gpr_gated_reg_27 (aq_idu_id_gpr_gated_reg_4) 3.14e-02    0.258   27.319    0.289   0.2
            x_reg_gated_clk (gated_clk_cell_176) 3.14e-02 1.62e-03 5.01e-02 3.30e-02   0.0
          x_aq_idu_id_gpr_gated_reg_26 (aq_idu_id_gpr_gated_reg_5) 3.14e-02    0.258   30.105    0.289   0.2
            x_reg_gated_clk (gated_clk_cell_177) 3.14e-02 1.62e-03 5.01e-02 3.30e-02   0.0
          x_aq_idu_id_gpr_gated_reg_25 (aq_idu_id_gpr_gated_reg_6) 3.14e-02    0.258   35.438    0.289   0.2
            x_reg_gated_clk (gated_clk_cell_178) 3.14e-02 1.62e-03 5.01e-02 3.30e-02   0.0
          x_aq_idu_id_gpr_gated_reg_24 (aq_idu_id_gpr_gated_reg_7) 3.14e-02    0.258   32.902    0.289   0.2
            x_reg_gated_clk (gated_clk_cell_179) 3.14e-02 1.62e-03 5.01e-02 3.30e-02   0.0
          x_aq_idu_id_gpr_gated_reg_23 (aq_idu_id_gpr_gated_reg_8) 3.14e-02    0.258   27.146    0.289   0.2
            x_reg_gated_clk (gated_clk_cell_180) 3.14e-02 1.62e-03 5.01e-02 3.30e-02   0.0
          x_aq_idu_id_gpr_gated_reg_22 (aq_idu_id_gpr_gated_reg_9) 3.14e-02    0.258   27.597    0.289   0.2
            x_reg_gated_clk (gated_clk_cell_181) 3.14e-02 1.62e-03 5.01e-02 3.30e-02   0.0
          x_aq_idu_id_gpr_gated_reg_21 (aq_idu_id_gpr_gated_reg_10) 3.14e-02    0.258   30.111    0.289   0.2
            x_reg_gated_clk (gated_clk_cell_182) 3.14e-02 1.62e-03 5.01e-02 3.30e-02   0.0
          x_aq_idu_id_gpr_gated_reg_20 (aq_idu_id_gpr_gated_reg_11) 3.14e-02    0.258   27.004    0.289   0.2
            x_reg_gated_clk (gated_clk_cell_183) 3.14e-02 1.62e-03 5.01e-02 3.30e-02   0.0
          x_aq_idu_id_gpr_gated_reg_19 (aq_idu_id_gpr_gated_reg_12) 3.14e-02    0.258   30.438    0.289   0.2
            x_reg_gated_clk (gated_clk_cell_184) 3.14e-02 1.62e-03 5.01e-02 3.30e-02   0.0
          x_aq_idu_id_gpr_gated_reg_18 (aq_idu_id_gpr_gated_reg_13) 3.14e-02    0.258   30.083    0.289   0.2
            x_reg_gated_clk (gated_clk_cell_185) 3.14e-02 1.62e-03 5.01e-02 3.30e-02   0.0
          x_aq_idu_id_gpr_gated_reg_17 (aq_idu_id_gpr_gated_reg_14) 3.14e-02    0.258   27.469    0.289   0.2
            x_reg_gated_clk (gated_clk_cell_186) 3.14e-02 1.62e-03 5.01e-02 3.30e-02   0.0
          x_aq_idu_id_gpr_gated_reg_16 (aq_idu_id_gpr_gated_reg_15) 3.14e-02    0.258   27.162    0.289   0.2
            x_reg_gated_clk (gated_clk_cell_187) 3.14e-02 1.62e-03 5.01e-02 3.30e-02   0.0
          x_aq_idu_id_gpr_gated_reg_15 (aq_idu_id_gpr_gated_reg_16) 3.14e-02    0.258   30.246    0.289   0.2
            x_reg_gated_clk (gated_clk_cell_188) 3.14e-02 1.62e-03 5.01e-02 3.30e-02   0.0
          x_aq_idu_id_gpr_gated_reg_14 (aq_idu_id_gpr_gated_reg_17) 3.14e-02    0.258   27.557    0.289   0.2
            x_reg_gated_clk (gated_clk_cell_189) 3.14e-02 1.62e-03 5.01e-02 3.30e-02   0.0
          x_aq_idu_id_gpr_gated_reg_13 (aq_idu_id_gpr_gated_reg_18) 3.14e-02    0.258   27.382    0.289   0.2
            x_reg_gated_clk (gated_clk_cell_190) 3.14e-02 1.62e-03 5.01e-02 3.30e-02   0.0
          x_aq_idu_id_gpr_gated_reg_12 (aq_idu_id_gpr_gated_reg_19) 3.14e-02    0.258   27.272    0.289   0.2
            x_reg_gated_clk (gated_clk_cell_191) 3.14e-02 1.62e-03 5.01e-02 3.30e-02   0.0
          x_aq_idu_id_gpr_gated_reg_11 (aq_idu_id_gpr_gated_reg_20) 3.14e-02    0.258   30.042    0.289   0.2
            x_reg_gated_clk (gated_clk_cell_192) 3.14e-02 1.62e-03 5.01e-02 3.30e-02   0.0
          x_aq_idu_id_gpr_gated_reg_10 (aq_idu_id_gpr_gated_reg_21) 3.14e-02    0.258   27.006    0.289   0.2
            x_reg_gated_clk (gated_clk_cell_193) 3.14e-02 1.62e-03 5.01e-02 3.30e-02   0.0
          x_aq_idu_id_gpr_gated_reg_9 (aq_idu_id_gpr_gated_reg_22) 3.14e-02    0.258   34.236    0.289   0.2
            x_reg_gated_clk (gated_clk_cell_194) 3.14e-02 1.62e-03 5.01e-02 3.30e-02   0.0
          x_aq_idu_id_gpr_gated_reg_8 (aq_idu_id_gpr_gated_reg_23) 3.14e-02    0.258   27.227    0.289   0.2
            x_reg_gated_clk (gated_clk_cell_195) 3.14e-02 1.62e-03 5.01e-02 3.30e-02   0.0
          x_aq_idu_id_gpr_gated_reg_7 (aq_idu_id_gpr_gated_reg_24) 3.14e-02    0.258   27.396    0.289   0.2
            x_reg_gated_clk (gated_clk_cell_196) 3.14e-02 1.62e-03 5.01e-02 3.30e-02   0.0
          x_aq_idu_id_gpr_gated_reg_6 (aq_idu_id_gpr_gated_reg_25) 3.14e-02    0.258   27.340    0.289   0.2
            x_reg_gated_clk (gated_clk_cell_197) 3.14e-02 1.62e-03 5.01e-02 3.30e-02   0.0
          x_aq_idu_id_gpr_gated_reg_5 (aq_idu_id_gpr_gated_reg_26) 3.14e-02    0.258   31.356    0.289   0.2
            x_reg_gated_clk (gated_clk_cell_198) 3.14e-02 1.62e-03 5.01e-02 3.30e-02   0.0
          x_aq_idu_id_gpr_gated_reg_4 (aq_idu_id_gpr_gated_reg_27) 3.14e-02    0.258   27.212    0.289   0.2
            x_reg_gated_clk (gated_clk_cell_199) 3.14e-02 1.62e-03 5.01e-02 3.30e-02   0.0
          x_aq_idu_id_gpr_gated_reg_3 (aq_idu_id_gpr_gated_reg_28) 3.14e-02    0.258   32.906    0.289   0.2
            x_reg_gated_clk (gated_clk_cell_200) 3.14e-02 1.62e-03 5.01e-02 3.30e-02   0.0
          x_aq_idu_id_gpr_gated_reg_2 (aq_idu_id_gpr_gated_reg_29) 3.14e-02    0.258   27.396    0.289   0.2
            x_reg_gated_clk (gated_clk_cell_201) 3.14e-02 1.62e-03 5.01e-02 3.30e-02   0.0
          x_aq_idu_id_gpr_gated_reg_1 (aq_idu_id_gpr_gated_reg_30) 3.14e-02    0.258   31.131    0.289   0.2
            x_reg_gated_clk (gated_clk_cell_202) 3.14e-02 1.62e-03 5.01e-02 3.30e-02   0.0
        x_aq_idu_id_split (aq_idu_id_split) 3.01e-03 2.76e-02  284.840 3.09e-02   0.0
          x_split_clk_gated_clk_cell (gated_clk_cell_330) 3.01e-03 2.23e-03   41.642 5.28e-03   0.0
        x_aq_idu_id_decd (aq_idu_id_decd)    0.000    0.000  402.510 4.03e-04   0.0
      x_aq_ifu_top (aq_ifu_top)           0.966    7.927 1.84e+05    9.077   6.9
        x_aq_ifu_vec (aq_ifu_vec)      4.25e-03 3.38e-02   21.359 3.81e-02   0.0
          x_ifu_vec_sm_clk (gated_clk_cell_331) 3.52e-03 1.65e-03 5.01e-02 5.17e-03   0.0
        x_aq_ifu_pred (aq_ifu_pred)       0.199    1.801 2.30e+04    2.023   1.5
          x_aq_ifu_ras (aq_ifu_ras)    5.64e-02    0.447   87.022    0.504   0.4
            x_aq_ifu_ras_entry3 (aq_ifu_ras_entry_0) 1.30e-02    0.103   19.199    0.116   0.1
              x_ras_entry_icg_cell (gated_clk_cell_37) 1.20e-02 1.64e-03 5.01e-02 1.37e-02   0.0
            x_aq_ifu_ras_entry2 (aq_ifu_ras_entry_1) 1.30e-02    0.103   19.199    0.116   0.1
              x_ras_entry_icg_cell (gated_clk_cell_38) 1.20e-02 1.64e-03 5.01e-02 1.37e-02   0.0
            x_aq_ifu_ras_entry1 (aq_ifu_ras_entry_2) 1.20e-02    0.103   19.151    0.115   0.1
              x_ras_entry_icg_cell (gated_clk_cell_39) 1.20e-02 1.64e-03 5.01e-02 1.37e-02   0.0
            x_aq_ifu_ras_entry0 (aq_ifu_ras_entry_3) 1.30e-02    0.103   19.199    0.116   0.1
              x_ras_entry_icg_cell (gated_clk_cell_40) 1.20e-02 1.64e-03 5.01e-02 1.37e-02   0.0
            x_aq_ifu_ras_icg_cell (gated_clk_cell_203) 4.04e-03 1.65e-03 5.01e-02 5.69e-03   0.0
          x_aq_ifu_bht (aq_ifu_bht)    5.56e-02    0.668 1.39e+04    0.738   0.6
            x_aq_ifu_bht_array (aq_ifu_bht_array) 6.11e-03    0.287 1.38e+04    0.307   0.2
              x_aq_spsram_1024x16 (aq_spsram_1024x16) 9.94e-04    0.285 1.38e+04    0.299   0.2
                x_aq_f_spsram_1024x16 (aq_f_spsram_1024x16) 9.94e-04    0.285 1.38e+04    0.299   0.2
                  u_mem (aq_umc_spsram_1024x16) 9.94e-04    0.285 1.38e+04    0.299   0.2
              x_bht_icg_cell (gated_clk_cell_41) 4.63e-03 1.65e-03 5.01e-02 6.28e-03   0.0
            x_aq_ifu_bht_inv_icg_cell (gated_clk_cell_204) 6.02e-03 1.64e-03 5.01e-02 7.66e-03   0.0
            x_aq_ifu_bht_icg_cell (gated_clk_cell_205) 3.86e-02 1.63e-03 5.01e-02 4.02e-02   0.0
          x_aq_ifu_pre_decd (aq_ifu_pre_decd)    0.000    0.000  224.676 2.25e-04   0.0
          x_ifu_pred_idpc_icg_cell (gated_clk_cell_332) 2.01e-02 1.63e-03 5.01e-02 2.17e-02   0.0
          x_aq_ifu_id_ras_icg_cell (gated_clk_cell_333) 2.06e-02 1.63e-03 5.01e-02 2.22e-02   0.0
          x_aq_ifu_pred_icg_cell (gated_clk_cell_334) 4.01e-02 2.22e-03   41.642 4.24e-02   0.0
        x_aq_ifu_ibuf (aq_ifu_ibuf)       0.169    1.362 2.79e+03    1.535   1.2
          x_aq_ifu_ibuf_pop_entry1 (aq_ifu_ibuf_pop_entry_0) 8.85e-03 7.83e-02   17.785 8.72e-02   0.1
            x_ibuf_data_icg_cell (gated_clk_cell_206) 8.85e-03 1.64e-03 5.01e-02 1.05e-02   0.0
          x_aq_ifu_ibuf_pop_entry0 (aq_ifu_ibuf_pop_entry_1) 2.04e-02    0.175   57.826    0.196   0.1
            x_ibuf_data_icg_cell (gated_clk_cell_207) 2.04e-02 1.63e-03 5.01e-02 2.20e-02   0.0
          x_aq_ifu_ibuf_entry5 (aq_ifu_ibuf_entry_0) 2.11e-02    0.176  266.581    0.197   0.2
            x_ibuf_data_icg_cell (gated_clk_cell_208) 2.04e-02 2.22e-03   41.642 2.26e-02   0.0
          x_aq_ifu_ibuf_entry4 (aq_ifu_ibuf_entry_1) 2.04e-02    0.176  266.533    0.197   0.2
            x_ibuf_data_icg_cell (gated_clk_cell_209) 2.04e-02 2.22e-03   41.642 2.26e-02   0.0
          x_aq_ifu_ibuf_entry3 (aq_ifu_ibuf_entry_2) 2.13e-02    0.176  197.775    0.197   0.2
            x_ibuf_data_icg_cell (gated_clk_cell_210) 2.04e-02 2.22e-03   41.642 2.26e-02   0.0
          x_aq_ifu_ibuf_entry2 (aq_ifu_ibuf_entry_3) 2.13e-02    0.176  466.654    0.198   0.2
            x_ibuf_data_icg_cell (gated_clk_cell_211) 2.04e-02 2.22e-03   41.642 2.26e-02   0.0
          x_aq_ifu_ibuf_entry1 (aq_ifu_ibuf_entry_4) 2.14e-02    0.176  245.502    0.198   0.2
            x_ibuf_data_icg_cell (gated_clk_cell_212) 2.04e-02 2.22e-03   41.642 2.26e-02   0.0
          x_aq_ifu_ibuf_entry0 (aq_ifu_ibuf_entry_5) 2.04e-02    0.176  317.299    0.197   0.2
            x_ibuf_data_icg_cell (gated_clk_cell_213) 2.04e-02 2.22e-03   41.642 2.26e-02   0.0
          x_ifu_ibuf_icg_cell (gated_clk_cell_335) 1.01e-02 2.23e-03   41.642 1.24e-02   0.0
        x_aq_ifu_ipack (aq_ifu_ipack)  3.09e-02    0.248  903.580    0.279   0.2
          x_aq_ifu_ipack_entry2 (aq_ifu_ipack_entry_0) 9.80e-03 8.19e-02   20.289 9.17e-02   0.1
            x_ipack_data_icg_cell (gated_clk_cell_214) 9.02e-03 1.64e-03 5.01e-02 1.07e-02   0.0
          x_aq_ifu_ipack_entry1 (aq_ifu_ipack_entry_1) 9.80e-03 8.17e-02   29.719 9.15e-02   0.1
            x_ipack_data_icg_cell (gated_clk_cell_215) 9.02e-03 1.64e-03 5.01e-02 1.07e-02   0.0
          x_aq_ifu_ipack_entry0 (aq_ifu_ipack_entry_2) 9.80e-03 8.19e-02   12.835 9.17e-02   0.1
            x_ipack_data_icg_cell (gated_clk_cell_216) 9.02e-03 1.64e-03 5.01e-02 1.07e-02   0.0
          x_aq_ifu_ipack_icg_cell (gated_clk_cell_336) 1.54e-03 2.23e-03   41.642 3.81e-03   0.0
        x_aq_ifu_btb (aq_ifu_btb)         0.318    2.457  661.218    2.776   2.1
          x_aq_ifu_btb_entry15 (aq_ifu_btb_entry_0) 1.71e-02    0.134   21.477    0.151   0.1
            x_btb_entry_icg_cell (gated_clk_cell_217) 1.55e-02 1.63e-03 5.01e-02 1.72e-02   0.0
          x_aq_ifu_btb_entry14 (aq_ifu_btb_entry_1) 1.71e-02    0.134   21.477    0.151   0.1
            x_btb_entry_icg_cell (gated_clk_cell_218) 1.55e-02 1.63e-03 5.01e-02 1.72e-02   0.0
          x_aq_ifu_btb_entry13 (aq_ifu_btb_entry_2) 1.71e-02    0.134   21.477    0.151   0.1
            x_btb_entry_icg_cell (gated_clk_cell_219) 1.55e-02 1.63e-03 5.01e-02 1.72e-02   0.0
          x_aq_ifu_btb_entry12 (aq_ifu_btb_entry_3) 1.71e-02    0.134   63.069    0.151   0.1
            x_btb_entry_icg_cell (gated_clk_cell_220) 1.55e-02 2.23e-03   41.642 1.78e-02   0.0
          x_aq_ifu_btb_entry11 (aq_ifu_btb_entry_4) 1.71e-02    0.134   21.477    0.151   0.1
            x_btb_entry_icg_cell (gated_clk_cell_221) 1.55e-02 1.63e-03 5.01e-02 1.72e-02   0.0
          x_aq_ifu_btb_entry10 (aq_ifu_btb_entry_5) 1.71e-02    0.134   21.477    0.151   0.1
            x_btb_entry_icg_cell (gated_clk_cell_222) 1.55e-02 1.63e-03 5.01e-02 1.72e-02   0.0
          x_aq_ifu_btb_entry9 (aq_ifu_btb_entry_6) 1.71e-02    0.134   42.140    0.151   0.1
            x_btb_entry_icg_cell (gated_clk_cell_223) 1.55e-02 1.63e-03 5.01e-02 1.72e-02   0.0
          x_aq_ifu_btb_entry8 (aq_ifu_btb_entry_7) 1.71e-02    0.134   21.477    0.151   0.1
            x_btb_entry_icg_cell (gated_clk_cell_224) 1.55e-02 1.63e-03 5.01e-02 1.72e-02   0.0
          x_aq_ifu_btb_entry7 (aq_ifu_btb_entry_8) 1.71e-02    0.134   63.069    0.151   0.1
            x_btb_entry_icg_cell (gated_clk_cell_225) 1.55e-02 2.23e-03   41.642 1.78e-02   0.0
          x_aq_ifu_btb_entry6 (aq_ifu_btb_entry_9) 1.71e-02    0.134   21.477    0.151   0.1
            x_btb_entry_icg_cell (gated_clk_cell_226) 1.55e-02 1.63e-03 5.01e-02 1.72e-02   0.0
          x_aq_ifu_btb_entry5 (aq_ifu_btb_entry_10) 1.71e-02    0.134   21.477    0.151   0.1
            x_btb_entry_icg_cell (gated_clk_cell_227) 1.55e-02 1.63e-03 5.01e-02 1.72e-02   0.0
          x_aq_ifu_btb_entry4 (aq_ifu_btb_entry_11) 1.71e-02    0.134   21.477    0.151   0.1
            x_btb_entry_icg_cell (gated_clk_cell_228) 1.55e-02 1.63e-03 5.01e-02 1.72e-02   0.0
          x_aq_ifu_btb_entry3 (aq_ifu_btb_entry_12) 1.71e-02    0.134   21.477    0.151   0.1
            x_btb_entry_icg_cell (gated_clk_cell_229) 1.55e-02 1.63e-03 5.01e-02 1.72e-02   0.0
          x_aq_ifu_btb_entry2 (aq_ifu_btb_entry_13) 1.71e-02    0.134   63.069    0.151   0.1
            x_btb_entry_icg_cell (gated_clk_cell_230) 1.55e-02 2.23e-03   41.642 1.78e-02   0.0
          x_aq_ifu_btb_entry1 (aq_ifu_btb_entry_14) 1.71e-02    0.134   21.477    0.151   0.1
            x_btb_entry_icg_cell (gated_clk_cell_231) 1.55e-02 1.63e-03 5.01e-02 1.72e-02   0.0
          x_aq_ifu_btb_entry0 (aq_ifu_btb_entry_15) 1.71e-02    0.134   21.477    0.151   0.1
            x_btb_entry_icg_cell (gated_clk_cell_232) 1.55e-02 1.63e-03 5.01e-02 1.72e-02   0.0
          x_ifu_btb_tar_icg_cell (gated_clk_cell_337) 2.06e-02 1.63e-03 5.01e-02 2.22e-02   0.0
          x_btb_icg_cell (gated_clk_cell_338) 1.66e-02 2.23e-03   41.642 1.88e-02   0.0
        x_aq_ifu_icache (aq_ifu_icache)    0.156    1.599 1.44e+05    1.898   1.4
          x_aq_ifu_icache_data_array (aq_ifu_icache_data_array) 3.75e-02    0.384 1.28e+05    0.549   0.4
            x_aq_spsram_2048x32_0 (aq_spsram_2048x32_0) 1.61e-03 9.40e-02 3.20e+04    0.128   0.1
              x_aq_f_spsram_2048x32 (aq_f_spsram_2048x32_0) 1.61e-03 9.40e-02 3.20e+04    0.128   0.1
                u_mem (aq_umc_spsram_2048x32_0) 1.61e-03 9.40e-02 3.20e+04    0.128   0.1
            x_aq_spsram_2048x32_1 (aq_spsram_2048x32_1) 1.28e-03 9.38e-02 3.20e+04    0.127   0.1
              x_aq_f_spsram_2048x32 (aq_f_spsram_2048x32_1) 1.28e-03 9.38e-02 3.20e+04    0.127   0.1
                u_mem (aq_umc_spsram_2048x32_1) 1.28e-03 9.38e-02 3.20e+04    0.127   0.1
            x_aq_spsram_2048x32_2 (aq_spsram_2048x32_2) 1.10e-03 9.39e-02 3.20e+04    0.127   0.1
              x_aq_f_spsram_2048x32 (aq_f_spsram_2048x32_2) 1.10e-03 9.39e-02 3.20e+04    0.127   0.1
                u_mem (aq_umc_spsram_2048x32_2) 1.10e-03 9.39e-02 3.20e+04    0.127   0.1
            x_aq_spsram_2048x32_3 (aq_spsram_2048x32_3) 6.79e-04 9.37e-02 3.20e+04    0.126   0.1
              x_aq_f_spsram_2048x32 (aq_f_spsram_2048x32_3) 6.79e-04 9.37e-02 3.20e+04    0.126   0.1
                u_mem (aq_umc_spsram_2048x32_3) 6.79e-04 9.37e-02 3.20e+04    0.126   0.1
            x_icache_data0_icg_cell (gated_clk_cell_233) 7.92e-03 1.64e-03 5.01e-02 9.56e-03   0.0
            x_icache_data1_icg_cell (gated_clk_cell_234) 7.92e-03 1.64e-03 5.01e-02 9.56e-03   0.0
            x_icache_data2_icg_cell (gated_clk_cell_235) 7.92e-03 1.64e-03 5.01e-02 9.56e-03   0.0
            x_icache_data3_icg_cell (gated_clk_cell_236) 7.92e-03 1.64e-03 5.01e-02 9.56e-03   0.0
          x_aq_ifu_icache_tag_array (aq_ifu_icache_tag_array) 8.69e-03    0.427 1.36e+04    0.450   0.3
            x_aq_spsram_256x59 (aq_spsram_256x59) 3.55e-03    0.426 1.36e+04    0.443   0.3
              x_aq_f_spsram_256x59 (aq_f_spsram_256x59) 3.55e-03    0.426 1.36e+04    0.443   0.3
                u_mem (aq_umc_spsram_256x59) 3.55e-03    0.426 1.36e+04    0.443   0.3
            x_icache_tag_icg_cell (gated_clk_cell_237) 4.57e-03 1.65e-03 5.01e-02 6.21e-03   0.0
          x_gated_hit_clk_cell (gated_clk_cell_339) 1.80e-02 1.63e-03 5.01e-02 1.97e-02   0.0
          x_ifu_icache_inv_icg_cell (gated_clk_cell_340) 6.52e-03 1.64e-03 5.01e-02 8.16e-03   0.0
          x_ifu_icache_reffsm_icg_cell (gated_clk_cell_341) 7.04e-03 1.64e-03 5.01e-02 8.69e-03   0.0
          x_ifu_icache_refdp_icg_cell (gated_clk_cell_342) 2.21e-02 1.63e-03 5.01e-02 2.37e-02   0.0
          x_ifu_icache_rd_icg_cell (gated_clk_cell_343) 3.36e-02 1.76e-02  394.676 5.15e-02   0.0
        x_aq_ifu_ctrl (aq_ifu_ctrl)       0.000    0.000  248.615 2.49e-04   0.0
        x_aq_ifu_pcgen (aq_ifu_pcgen)  8.60e-02    0.427 1.27e+04    0.525   0.4
          x_ifu_pcgen_icg_cell (gated_clk_cell_344) 5.17e-02 2.23e-03   41.642 5.40e-02   0.0
1
