signal,n_edges,edge_rate,impact_mW,lift,spec,lvl_corr,max_hamming
x_aq_vpu_top/cp0_vpu_icg_en,0,0.0,0.0,0.0,0.0,,0
x_aq_vpu_top/cp0_vpu_xx_bf16,0,0.0,0.0,0.0,0.0,,0
x_aq_vpu_top/cp0_vpu_xx_dqnan,0,0.0,0.0,0.0,0.0,,0
x_aq_vpu_top/cp0_vpu_xx_rm[2:0],0,0.0,0.0,0.0,0.0,,0
x_aq_vpu_top/cp0_yy_clk_en,1,3.330114222917846e-05,2.862,1.9753228858777825,0.0,0.004988007030259691,1
x_aq_vpu_top/cpurst_b,3,9.990342668753538e-05,1.553333333333334,1.0720946480538631,0.0,-0.0005091736528365816,1
x_aq_vpu_top/forever_cpuclk,0,0.0,0.0,0.0,0.0,,0
x_aq_vpu_top/ifu_vpu_warm_up,2,6.660228445835692e-05,8.55,5.901121828880168,1.0,0.17944175952243305,1
x_aq_vpu_top/lsu_vlsu_bytes_vld[7:0],0,0.0,0.0,0.0,0.0,,0
x_aq_vpu_top/lsu_vlsu_data[63:0],429,0.014286190016317559,1.5646759906759908,1.0799232331816129,0.14219114219114218,,58
x_aq_vpu_top/lsu_vlsu_data_grant,0,0.0,0.0,0.0,0.0,,0
x_aq_vpu_top/lsu_vlsu_data_vld,0,0.0,0.0,0.0,0.0,,0
x_aq_vpu_top/lsu_vlsu_dc_create_vld,0,0.0,0.0,0.0,0.0,,0
x_aq_vpu_top/lsu_vlsu_dc_fld_req,0,0.0,0.0,0.0,0.0,,0
x_aq_vpu_top/lsu_vlsu_dc_fof,0,0.0,0.0,0.0,0.0,,0
x_aq_vpu_top/lsu_vlsu_dc_nf[2:0],2,6.660228445835692e-05,8.099999999999998,5.5905364694654205,1.0,0.0002704861125581384,2
x_aq_vpu_top/lsu_vlsu_dc_sew[1:0],0,0.0,0.0,0.0,0.0,,0
x_aq_vpu_top/lsu_vlsu_dc_split_cnt[9:0],0,0.0,0.0,0.0,0.0,,0
x_aq_vpu_top/lsu_vlsu_dc_sseg_first,0,0.0,0.0,0.0,0.0,,0
x_aq_vpu_top/lsu_vlsu_dc_stall,196,0.006527023876918978,1.5798010204081634,1.0903623727272251,0.1326530612244898,0.015365579764862681,1
x_aq_vpu_top/lsu_vlsu_dest_reg[4:0],397,0.01322055346498385,1.674874055415617,1.1559808010570933,0.14105793450881612,0.0024943509928472586,5
x_aq_vpu_top/lsu_vlsu_expt_vld,0,0.0,0.0,0.0,0.0,,0
x_aq_vpu_top/lsu_vlsu_func[19:0],294,0.009790535815378467,1.5450544217687077,1.0663806286675024,0.1360544217687075,-0.0017174845174452733,4
x_aq_vpu_top/lsu_vlsu_sew[1:0],0,0.0,0.0,0.0,0.0,,0
x_aq_vpu_top/lsu_vlsu_split_last,0,0.0,0.0,0.0,0.0,,0
x_aq_vpu_top/lsu_vlsu_st_expt,0,0.0,0.0,0.0,0.0,,0
x_aq_vpu_top/lsu_vlsu_st_offset[3:0],0,0.0,0.0,0.0,0.0,,0
x_aq_vpu_top/lsu_vlsu_st_sew[1:0],81,0.0026973925205634555,1.4227901234567903,0.9819950708123946,0.13580246913580246,0.018012787567183403,2
x_aq_vpu_top/lsu_vlsu_st_size[1:0],105,0.0034966199340637385,1.3446190476190478,0.9280422004014999,0.09523809523809523,-0.0018489695488360775,2
x_aq_vpu_top/lsu_vlsu_vl_update,0,0.0,0.0,0.0,0.0,,0
x_aq_vpu_top/lsu_vlsu_vl_upval[6:0],0,0.0,0.0,0.0,0.0,,0
x_aq_vpu_top/pad_yy_icg_scan_en,0,0.0,0.0,0.0,0.0,,0
x_aq_vpu_top/rtu_vpu_gpr_wb_grnt,1062,0.03536581304738753,1.4097457627118646,0.9729919875450649,0.05555555555555555,-0.007722648853950727,1
x_aq_vpu_top/rtu_yy_xx_async_flush,0,0.0,0.0,0.0,0.0,,0
x_aq_vpu_top/rtu_yy_xx_flush,0,0.0,0.0,0.0,0.0,,0
x_aq_vpu_top/vidu_vpu_vid_fp_inst_dp_vld,20,0.0006660228445835693,3.13685,2.165021521511433,0.95,0.12273902607606196,1
x_aq_vpu_top/vidu_vpu_vid_fp_inst_dst_reg[5:0],2439,0.08122148589696626,1.4644637146371464,1.010757753689848,0.07462074620746208,0.015605875652682415,5
x_aq_vpu_top/vidu_vpu_vid_fp_inst_dst_vld,935,0.03113656798428186,1.5050716577540109,1.0387849372632811,0.07807486631016043,0.0030599235942554022,1
x_aq_vpu_top/vidu_vpu_vid_fp_inst_dste_vld,8,0.00026640913783342767,1.084625,0.7485969899004855,0.0,0.0007580868950853868,1
x_aq_vpu_top/vidu_vpu_vid_fp_inst_dstf_reg[4:0],2439,0.08122148589696626,1.4641931119311196,1.0105709864927148,0.07257072570725707,0.01673656121770118,5
x_aq_vpu_top/vidu_vpu_vid_fp_inst_dstf_vld,20,0.0006660228445835693,1.6424999999999996,1.1336365618638213,0.2,0.0006803991595037275,1
x_aq_vpu_top/vidu_vpu_vid_fp_inst_eu[9:0],1512,0.050351327050517834,1.4894312169312172,1.0279900662980535,0.0873015873015873,0.07548216699999781,6
x_aq_vpu_top/vidu_vpu_vid_fp_inst_func[19:0],3390,0.11289087215691498,1.466367551622419,1.0120717623439324,0.06637168141592921,0.002170107981978447,11
x_aq_vpu_top/vidu_vpu_vid_fp_inst_gateclk_vld,16,0.0005328182756668553,3.69125,2.5476626843103998,0.9375,0.1261783958528158,1
x_aq_vpu_top/vidu_vpu_vid_fp_inst_src1_data[63:0],3538,0.1178194412068334,1.474381288863765,1.017602761146952,0.06896551724137931,0.015891299399598737,64
x_aq_vpu_top/vidu_vpu_vid_fp_inst_srcf0_data[63:0],132,0.0043957507742515564,1.6381136363636366,1.1306091389159911,0.2803030303030303,0.01912164284602528,47
x_aq_vpu_top/vidu_vpu_vid_fp_inst_srcf1_data[63:0],331,0.01102267807785807,1.630558912386707,1.125394946334538,0.18731117824773413,-5.500609221731895e-05,47
x_aq_vpu_top/vidu_vpu_vid_fp_inst_srcf2_data[63:0],272,0.009057910686336542,1.6176323529411767,1.1164731683092357,0.18382352941176472,-0.006759686047914851,47
x_aq_vpu_top/vidu_vpu_vid_fp_inst_srcf2_rdy,17,0.0005661194178960339,3.626764705882353,2.5031555993093,0.6470588235294118,-0.10798575506734688,1
x_aq_vpu_top/vidu_vpu_vid_fp_inst_srcf2_vld,8,0.00026640913783342767,1.3932500000000003,0.9616067822324321,0.0,0.00038804955979262573,1
x_aq_vpu_top/vidu_vpu_vid_fp_inst_vld,16,0.0005328182756668553,3.3801249999999996,2.3329274177594823,0.6875,0.1320408338538662,1
x_aq_vpu_top/vlsu_buf_stall,0,0.0,0.0,0.0,0.0,,0
x_aq_vpu_top/vlsu_dtu_data[63:0],29,0.0009657331246461754,2.4534827586206895,1.6933684986757522,0.5862068965517241,-0.0020065727931110806,47
x_aq_vpu_top/vlsu_dtu_data_vld,4,0.00013320456891671384,0.6809999999999998,0.4700191772476483,0.0,0.0009078405692112922,1
x_aq_vpu_top/vlsu_dtu_data_vld_gate,4,0.00013320456891671384,2.657999999999999,1.8345241896097637,1.0,0.012458624517614094,1
x_aq_vpu_top/vlsu_lsu_data_shift[3:0],0,0.0,0.0,0.0,0.0,,0
x_aq_vpu_top/vlsu_lsu_data_vld,4,0.00013320456891671384,2.657999999999999,1.8345241896097637,1.0,0.012458624517614094,1
x_aq_vpu_top/vlsu_lsu_fwd_data[63:0],16,0.0005328182756668553,3.02025,2.0845454039386344,0.9375,-0.01944299123022418,34
x_aq_vpu_top/vlsu_lsu_fwd_dest_reg[4:0],28,0.0009324319824169969,2.5695,1.7734424022581978,0.75,-0.014637236857539317,5
x_aq_vpu_top/vlsu_lsu_fwd_vld,0,0.0,0.0,0.0,0.0,,0
x_aq_vpu_top/vlsu_lsu_src2_depd,6,0.00019980685337507077,4.442999999999999,3.066512781954921,1.0,0.005661104632189478,1
x_aq_vpu_top/vlsu_lsu_src2_reg[4:0],34,0.0011322388357920678,2.6828235294117646,1.8516571336193097,0.7352941176470589,0.1188336486595435,4
x_aq_vpu_top/vlsu_lsu_wdata[63:0],29,0.0009657331246461754,2.4534827586206895,1.6933684986757522,0.5862068965517241,-0.0020065727931110806,47
x_aq_vpu_top/vlsu_rtu_vl_updt_data[7:0],0,0.0,0.0,0.0,0.0,,0
x_aq_vpu_top/vlsu_rtu_vl_updt_vld,0,0.0,0.0,0.0,0.0,,0
x_aq_vpu_top/vlsu_xx_no_op,1,3.330114222917846e-05,2.862,1.9753228858777825,0.0,0.004988007030259691,1
x_aq_vpu_top/vpu_dtu_dbg_info[28:0],113,0.003763029071897166,2.270132743362832,1.5668222089256172,0.6283185840707964,0.16345401479932173,8
x_aq_vpu_top/vpu_rtu_fflag[5:0],0,0.0,0.0,0.0,0.0,,0
x_aq_vpu_top/vpu_rtu_fflag_vld,0,0.0,0.0,0.0,0.0,,0
x_aq_vpu_top/vpu_rtu_gpr_wb_data[63:0],16,0.0005328182756668553,1.4238750000000002,0.9827438414148245,0.4375,0.014633444236266654,53
x_aq_vpu_top/vpu_rtu_gpr_wb_index[5:0],16,0.0005328182756668553,1.4238750000000002,0.9827438414148245,0.4375,0.01434133862434759,2
x_aq_vpu_top/vpu_rtu_gpr_wb_req,0,0.0,0.0,0.0,0.0,,0
x_aq_vpu_top/vpu_rtu_no_op,37,0.001232142262479603,3.029216216216216,2.090733793907754,0.6756756756756757,-0.14645778434400644,1
x_aq_vpu_top/vpu_vidu_fp_fwd_data[63:0],32,0.0010656365513337107,2.69165625,1.8577533862826587,0.5,0.10795387355154272,53
x_aq_vpu_top/vpu_vidu_fp_fwd_reg[4:0],32,0.0010656365513337107,2.69165625,1.8577533862826587,0.5,0.10412553176807465,3
x_aq_vpu_top/vpu_vidu_fp_fwd_vld,0,0.0,0.0,0.0,0.0,,0
x_aq_vpu_top/vpu_vidu_fp_wb_data[63:0],16,0.0005328182756668553,3.02025,2.0845454039386344,0.9375,-0.01944299123022418,34
x_aq_vpu_top/vpu_vidu_fp_wb_reg[4:0],28,0.0009324319824169969,2.5695,1.7734424022581978,0.75,-0.014637236857539317,5
x_aq_vpu_top/vpu_vidu_fp_wb_vld,0,0.0,0.0,0.0,0.0,,0
x_aq_vpu_top/vpu_vidu_vex1_fp_stall,0,0.0,0.0,0.0,0.0,,0
x_aq_vpu_top/vpu_vidu_wbt_fp_wb0_reg[4:0],28,0.0009324319824169969,2.5695,1.7734424022581978,0.75,-0.014637236857539317,5
x_aq_vpu_top/vpu_vidu_wbt_fp_wb0_vld,0,0.0,0.0,0.0,0.0,,0
x_aq_vpu_top/vpu_vidu_wbt_fp_wb1_reg[4:0],397,0.01322055346498385,1.674874055415617,1.1559808010570933,0.14105793450881612,0.0024943509928472586,5
x_aq_vpu_top/vpu_vidu_wbt_fp_wb1_vld,0,0.0,0.0,0.0,0.0,,0
x_aq_vpu_top/rbus_vfdsu_fpr_wb_grnt,17,0.0005661194178960339,2.363882352941177,1.6315272226720223,0.47058823529411764,-0.029880920939052077,1
x_aq_vpu_top/rbus_viq0_ex3_fpr_wb_grnt,17,0.0005661194178960339,2.363882352941177,1.6315272226720223,0.47058823529411764,-0.029880920939052077,1
x_aq_vpu_top/rbus_viq0_ex3_gpr_wb_grnt,1062,0.03536581304738753,1.4097457627118646,0.9729919875450649,0.05555555555555555,-0.007722648853950727,1
x_aq_vpu_top/rbus_viq0_ex4_fpr_wb_grnt,17,0.0005661194178960339,2.363882352941177,1.6315272226720223,0.47058823529411764,-0.029880920939052077,1
x_aq_vpu_top/rbus_viq0_ex5_fpr_wb_grnt,17,0.0005661194178960339,2.363882352941177,1.6315272226720223,0.47058823529411764,-0.029880920939052077,1
x_aq_vpu_top/vfalu_vpu_ex1_denormal_stall,0,0.0,0.0,0.0,0.0,,0
x_aq_vpu_top/vfalu_vpu_ex2_gpr_result[63:0],0,0.0,0.0,0.0,0.0,,0
x_aq_vpu_top/vfalu_vpu_ex2_result_ready_in_ex3,1,3.330114222917846e-05,10.872,7.503742283460255,1.0,-0.003229515705865712,1
x_aq_vpu_top/vfalu_vpu_ex3_fflags[4:0],0,0.0,0.0,0.0,0.0,,0
x_aq_vpu_top/vfalu_vpu_ex3_fpr_result[63:0],0,0.0,0.0,0.0,0.0,,0
x_aq_vpu_top/vfalu_vpu_ex3_result_ready_in_ex4,0,0.0,0.0,0.0,0.0,,0
x_aq_vpu_top/vfalu_vpu_ex4_fflags[4:0],0,0.0,0.0,0.0,0.0,,0
x_aq_vpu_top/vfalu_vpu_ex4_fpr_result[63:0],0,0.0,0.0,0.0,0.0,,0
x_aq_vpu_top/vfcvt_vpu_ex2_gpr_result[63:0],0,0.0,0.0,0.0,0.0,,0
x_aq_vpu_top/vfcvt_vpu_ex3_fflags[4:0],0,0.0,0.0,0.0,0.0,,0
x_aq_vpu_top/vfcvt_vpu_ex3_fpr_result[63:0],0,0.0,0.0,0.0,0.0,,0
x_aq_vpu_top/vfdsu_rbus_fflags[4:0],1,3.330114222917846e-05,3.6799999999999997,2.539898050325031,1.0,-0.007006673318107183,1
x_aq_vpu_top/vfdsu_rbus_fflags_vld,0,0.0,0.0,0.0,0.0,,0
x_aq_vpu_top/vfdsu_rbus_fpr_wb_data[63:0],0,0.0,0.0,0.0,0.0,,0
x_aq_vpu_top/vfdsu_rbus_fpr_wb_index[4:0],0,0.0,0.0,0.0,0.0,,0
x_aq_vpu_top/vfdsu_rbus_fpr_wb_req,0,0.0,0.0,0.0,0.0,,0
x_aq_vpu_top/vfdsu_vpu_busy,0,0.0,0.0,0.0,0.0,,0
x_aq_vpu_top/vfdsu_vpu_ex1_denormal_stall,0,0.0,0.0,0.0,0.0,,0
x_aq_vpu_top/vfdsu_vpu_state_idle,1,3.330114222917846e-05,2.862,1.9753228858777825,0.0,0.004988007030259691,1
x_aq_vpu_top/vfmau_vpu_ex2_result_ready_in_ex3,0,0.0,0.0,0.0,0.0,,0
x_aq_vpu_top/vfmau_vpu_ex3_fflags[4:0],0,0.0,0.0,0.0,0.0,,0
x_aq_vpu_top/vfmau_vpu_ex3_fpr_result[63:0],2,6.660228445835692e-05,10.722000000000001,7.4002138303220075,1.0,-0.0037341120129566773,48
x_aq_vpu_top/vfmau_vpu_ex3_result_ready_in_ex4,0,0.0,0.0,0.0,0.0,,0
x_aq_vpu_top/vfmau_vpu_ex4_fflags[4:0],0,0.0,0.0,0.0,0.0,,0
x_aq_vpu_top/vfmau_vpu_ex4_fpr_result[63:0],2,6.660228445835692e-05,7.126000000000001,4.918291713754395,1.0,-0.005623123884273963,32
x_aq_vpu_top/vfmau_vpu_ex5_fflags[4:0],0,0.0,0.0,0.0,0.0,,0
x_aq_vpu_top/vfmau_vpu_ex5_fpr_result[63:0],0,0.0,0.0,0.0,0.0,,0
x_aq_vpu_top/vfspu_vpu_ex2_result[63:0],16,0.0005328182756668553,2.1860625,1.5087977939235497,0.6875,-0.01980798855558884,34
x_aq_vpu_top/viq0_rbus_ex3_fflags[5:0],0,0.0,0.0,0.0,0.0,,0
x_aq_vpu_top/viq0_rbus_ex3_fflags_vld,0,0.0,0.0,0.0,0.0,,0
x_aq_vpu_top/viq0_rbus_ex3_fpr_wb_data[63:0],16,0.0005328182756668553,1.9386874999999995,1.3380621199563878,0.625,-0.01969925684748477,34
x_aq_vpu_top/viq0_rbus_ex3_fpr_wb_index[4:0],34,0.0011322388357920678,2.2747941176470583,1.5700394413865795,0.5588235294117647,-0.020388051296980975,5
x_aq_vpu_top/viq0_rbus_ex3_fpr_wb_req,0,0.0,0.0,0.0,0.0,,0
x_aq_vpu_top/viq0_rbus_ex3_fpu_wb_sel[2:0],0,0.0,0.0,0.0,0.0,,0
x_aq_vpu_top/viq0_rbus_ex3_gpr_wb_data[63:0],16,0.0005328182756668553,1.9386874999999995,1.3380621199563878,0.625,-0.01969925684748477,34
x_aq_vpu_top/viq0_rbus_ex3_gpr_wb_index[5:0],34,0.0011322388357920678,2.2747941176470583,1.5700394413865795,0.5588235294117647,-0.020388051296980975,5
x_aq_vpu_top/viq0_rbus_ex3_gpr_wb_req,0,0.0,0.0,0.0,0.0,,0
x_aq_vpu_top/viq0_rbus_ex4_fflags[5:0],0,0.0,0.0,0.0,0.0,,0
x_aq_vpu_top/viq0_rbus_ex4_fflags_vld,0,0.0,0.0,0.0,0.0,,0
x_aq_vpu_top/viq0_rbus_ex4_fpr_wb_data[63:0],0,0.0,0.0,0.0,0.0,,0
x_aq_vpu_top/viq0_rbus_ex4_fpr_wb_index[4:0],2,6.660228445835692e-05,7.126000000000001,4.918291713754395,1.0,-0.005623123884274106,2
x_aq_vpu_top/viq0_rbus_ex4_fpr_wb_req,0,0.0,0.0,0.0,0.0,,0
x_aq_vpu_top/viq0_rbus_ex5_fflags[5:0],0,0.0,0.0,0.0,0.0,,0
x_aq_vpu_top/viq0_rbus_ex5_fflags_vld,0,0.0,0.0,0.0,0.0,,0
x_aq_vpu_top/viq0_rbus_ex5_fpr_wb_data[63:0],0,0.0,0.0,0.0,0.0,,0
x_aq_vpu_top/viq0_rbus_ex5_fpr_wb_index[4:0],2,6.660228445835692e-05,2.3000000000000007,1.5874362814531449,1.0,-0.008084679959510182,2
x_aq_vpu_top/viq0_rbus_ex5_fpr_wb_req,0,0.0,0.0,0.0,0.0,,0
x_aq_vpu_top/viq0_xx_ex1_eu_sel[9:0],34,0.0011322388357920678,3.0589999999999997,2.111290254332682,0.7352941176470589,-0.003935442393045595,6
x_aq_vpu_top/viq0_xx_ex1_func[19:0],44,0.0014652502580838522,3.3622954545454546,2.320621649352368,0.7954545454545454,0.005526236953928676,10
x_aq_vpu_top/viq0_xx_ex1_gp_sel[3:0],58,0.0019314662492923508,2.6930689655172415,1.858728427964155,0.7931034482758621,0.18522291617442432,3
x_aq_vpu_top/viq0_xx_ex1_id_reg[1:0],0,0.0,0.0,0.0,0.0,,0
x_aq_vpu_top/viq0_xx_ex1_lsu_inst_vld,12,0.00039961370675014153,1.7017499999999994,1.1745303008534294,0.5,0.10079235848009988,1
x_aq_vpu_top/viq0_xx_ex1_rm[2:0],4,0.00013320456891671384,5.792749999999998,3.9980963127772604,1.0,0.005761307260114271,2
x_aq_vpu_top/viq0_xx_ex1_srcv0[63:0],34,0.0011322388357920678,3.199264705882353,2.2080995078652914,0.8823529411764706,-0.03007154116304795,47
x_aq_vpu_top/viq0_xx_ex1_srcv0_type[47:0],30,0.0009990342668753538,3.311833333333334,2.2857932136779304,0.8666666666666667,-0.021183319845226964,16
x_aq_vpu_top/viq0_xx_ex1_srcv1[63:0],29,0.0009657331246461754,2.7920689655172413,1.9270572070353988,0.7931034482758621,0.13330910200860932,36
x_aq_vpu_top/viq0_xx_ex1_srcv1_type[47:0],30,0.0009990342668753538,3.1294999999999997,2.1599486273076587,0.8,0.1279855292343095,16
x_aq_vpu_top/viq0_xx_ex1_srcv2[63:0],10,0.00033301142229178463,1.7683,1.2204624245624327,0.4,-0.018722760431388923,34
x_aq_vpu_top/viq0_xx_ex1_srcv2_ready,17,0.0005661194178960339,2.281882352941177,1.57493166828978,0.8235294117647058,-0.018891379404510043,1
x_aq_vpu_top/viq0_xx_ex1_srcv2_type[47:0],10,0.00033301142229178463,1.7683,1.2204624245624327,0.4,-0.018387253439924544,13
x_aq_vpu_top/viq0_xx_ex1_stall,0,0.0,0.0,0.0,0.0,,0
x_aq_vpu_top/viq0_xx_ex1_vreg[6:0],36,0.0011988411202504246,3.0766388888888887,2.123464433544309,0.7777777777777778,-0.01090249021200905,5
x_aq_vpu_top/viq0_xx_ex2_eu_sel[9:0],3,9.990342668753538e-05,5.507666666666665,3.8013347360072895,1.0,-0.006407263670766904,4
x_aq_vpu_top/viq0_xx_ex2_func[19:0],34,0.0011322388357920678,2.7564705882352936,1.90248757414052,0.6764705882352942,0.005291436224625317,7
x_aq_vpu_top/viq0_xx_ex2_gp_sel[3:0],32,0.0010656365513337107,1.8602812500000003,1.2839469347639165,0.625,0.10643899077943055,1
x_aq_vpu_top/viq0_xx_ex2_rm[2:0],4,0.00013320456891671384,6.335749999999999,4.372869313137721,1.0,0.005339490314663723,2
x_aq_vpu_top/viq0_xx_ex2_stall,0,0.0,0.0,0.0,0.0,,0
x_aq_vpu_top/viq0_xx_ex3_eu_sel[9:0],3,9.990342668753538e-05,5.455000000000001,3.7649847457943064,1.0,-0.006780543173505238,4
x_aq_vpu_top/viq0_xx_ex3_func[19:0],34,0.0011322388357920678,2.2747941176470583,1.5700394413865795,0.5588235294117647,0.0048191863939793505,7
x_aq_vpu_top/viq0_xx_ex3_gp_sel[3:0],32,0.0010656365513337107,2.23721875,1.54410531012924,0.46875,0.09634909859394149,1
x_aq_vpu_top/viq0_xx_ex3_rm[2:0],4,0.00013320456891671384,6.8092500000000005,4.699674130210793,1.0,0.004891039280386846,2
x_aq_vpu_top/viq0_xx_ex3_stall,0,0.0,0.0,0.0,0.0,,0
x_aq_vpu_top/viq0_xx_ex4_eu_sel[9:0],1,3.330114222917846e-05,3.6799999999999997,2.539898050325031,1.0,-0.007006673318107183,1
x_aq_vpu_top/viq0_xx_ex4_func[19:0],2,6.660228445835692e-05,7.126000000000001,4.918291713754395,1.0,-0.005623127396660761,5
x_aq_vpu_top/viq0_xx_ex4_gp_sel[3:0],0,0.0,0.0,0.0,0.0,,0
x_aq_vpu_top/viq0_xx_ex4_rm[2:0],2,6.660228445835692e-05,7.126000000000001,4.918291713754395,1.0,-0.005623123884273686,2
x_aq_vpu_top/viq0_xx_ex4_stall,0,0.0,0.0,0.0,0.0,,0
x_aq_vpu_top/viq0_xx_ex5_stall,0,0.0,0.0,0.0,0.0,,0
x_aq_vpu_top/viq0_xx_ex5_vld,0,0.0,0.0,0.0,0.0,,0
x_aq_vpu_top/viq0_xx_no_op,37,0.001232142262479603,3.029216216216216,2.090733793907754,0.6756756756756757,-0.14645778434400644,1
x_aq_vpu_top/viq1_xx_ex1_vint_sel,0,0.0,0.0,0.0,0.0,,0
x_aq_vpu_top/viq1_xx_ex2_vint_result_ready,0,0.0,0.0,0.0,0.0,,0
x_aq_vpu_top/viq1_xx_ex2_vint_sel,0,0.0,0.0,0.0,0.0,,0
x_aq_vpu_top/viq1_xx_ex3_vint_pipedown,0,0.0,0.0,0.0,0.0,,0
x_aq_vpu_top/viq1_xx_ex5_stall,0,0.0,0.0,0.0,0.0,,0
x_aq_vpu_top/vlsu_rbus_fpr_wb_data[63:0],27,0.0008991308401878185,2.760407407407407,1.905204726135013,0.5925925925925926,-0.002126353779248852,47
x_aq_vpu_top/vlsu_rbus_fpr_wb_index[4:0],397,0.01322055346498385,1.674874055415617,1.1559808010570933,0.14105793450881612,0.0024943509928472586,5
x_aq_vpu_top/vlsu_rbus_fpr_wb_req,0,0.0,0.0,0.0,0.0,,0
x_aq_vpu_top/vlsu_vex1_split_stall,0,0.0,0.0,0.0,0.0,,0
x_aq_vpu_top/vlsu_xx_ex1_fp_stall,0,0.0,0.0,0.0,0.0,,0
x_aq_vpu_top/vpu_group_0_xx_ex1_eu_sel[9:0],34,0.0011322388357920678,3.0589999999999997,2.111290254332682,0.7352941176470589,-0.003935442393045595,6
x_aq_vpu_top/vpu_group_0_xx_ex1_func[19:0],44,0.0014652502580838522,3.3622954545454546,2.320621649352368,0.7954545454545454,0.005526236953928676,10
x_aq_vpu_top/vpu_group_0_xx_ex1_id_reg[1:0],0,0.0,0.0,0.0,0.0,,0
x_aq_vpu_top/vpu_group_0_xx_ex1_rm[2:0],4,0.00013320456891671384,5.792749999999998,3.9980963127772604,1.0,0.005761307260114271,2
x_aq_vpu_top/vpu_group_0_xx_ex1_sel,0,0.0,0.0,0.0,0.0,,0
x_aq_vpu_top/vpu_group_0_xx_ex1_srcv0[63:0],34,0.0011322388357920678,3.199264705882353,2.2080995078652914,0.8823529411764706,-0.03007154116304795,47
x_aq_vpu_top/vpu_group_0_xx_ex1_srcv0_type[47:0],30,0.0009990342668753538,3.311833333333334,2.2857932136779304,0.8666666666666667,-0.021183319845226964,16
x_aq_vpu_top/vpu_group_0_xx_ex1_srcv1[63:0],29,0.0009657331246461754,2.7920689655172413,1.9270572070353988,0.7931034482758621,0.13330910200860932,36
x_aq_vpu_top/vpu_group_0_xx_ex1_srcv1_type[47:0],30,0.0009990342668753538,3.1294999999999997,2.1599486273076587,0.8,0.1279855292343095,16
x_aq_vpu_top/vpu_group_0_xx_ex1_srcv2[63:0],10,0.00033301142229178463,1.7683,1.2204624245624327,0.4,-0.018722760431388923,34
x_aq_vpu_top/vpu_group_0_xx_ex1_srcv2_type[47:0],10,0.00033301142229178463,1.7683,1.2204624245624327,0.4,-0.018387253439924544,13
x_aq_vpu_top/vpu_group_0_xx_ex2_eu_sel[9:0],3,9.990342668753538e-05,5.507666666666665,3.8013347360072895,1.0,-0.006407263670766904,4
x_aq_vpu_top/vpu_group_0_xx_ex2_func[19:0],34,0.0011322388357920678,2.7564705882352936,1.90248757414052,0.6764705882352942,0.005291436224625317,7
x_aq_vpu_top/vpu_group_0_xx_ex2_rm[2:0],4,0.00013320456891671384,6.335749999999999,4.372869313137721,1.0,0.005339490314663723,2
x_aq_vpu_top/vpu_group_0_xx_ex2_sel,0,0.0,0.0,0.0,0.0,,0
x_aq_vpu_top/vpu_group_0_xx_ex2_stall,0,0.0,0.0,0.0,0.0,,0
x_aq_vpu_top/vpu_group_0_xx_ex3_eu_sel[9:0],3,9.990342668753538e-05,5.455000000000001,3.7649847457943064,1.0,-0.006780543173505238,4
x_aq_vpu_top/vpu_group_0_xx_ex3_func[19:0],34,0.0011322388357920678,2.2747941176470583,1.5700394413865795,0.5588235294117647,0.0048191863939793505,7
x_aq_vpu_top/vpu_group_0_xx_ex3_rm[2:0],4,0.00013320456891671384,6.8092500000000005,4.699674130210793,1.0,0.004891039280386846,2
x_aq_vpu_top/vpu_group_0_xx_ex3_sel,0,0.0,0.0,0.0,0.0,,0
x_aq_vpu_top/vpu_group_0_xx_ex3_stall,0,0.0,0.0,0.0,0.0,,0
x_aq_vpu_top/vpu_group_0_xx_ex4_eu_sel[9:0],1,3.330114222917846e-05,3.6799999999999997,2.539898050325031,1.0,-0.007006673318107183,1
x_aq_vpu_top/vpu_group_0_xx_ex4_func[19:0],2,6.660228445835692e-05,7.126000000000001,4.918291713754395,1.0,-0.005623127396660761,5
x_aq_vpu_top/vpu_group_0_xx_ex4_rm[2:0],2,6.660228445835692e-05,7.126000000000001,4.918291713754395,1.0,-0.005623123884273686,2
x_aq_vpu_top/vpu_group_0_xx_ex4_sel,0,0.0,0.0,0.0,0.0,,0
x_aq_vpu_top/vpu_group_0_xx_ex4_stall,0,0.0,0.0,0.0,0.0,,0
x_aq_vpu_top/vpu_group_0_xx_ex5_sel,0,0.0,0.0,0.0,0.0,,0
x_aq_vpu_top/vpu_group_0_xx_ex5_stall,0,0.0,0.0,0.0,0.0,,0
x_aq_vpu_top/vpu_group_1_xx_ex1_eu_sel[9:0],34,0.0011322388357920678,3.0589999999999997,2.111290254332682,0.7352941176470589,-0.003935442393045595,6
x_aq_vpu_top/vpu_group_1_xx_ex1_func[19:0],44,0.0014652502580838522,3.3622954545454546,2.320621649352368,0.7954545454545454,0.005526236953928676,10
x_aq_vpu_top/vpu_group_1_xx_ex1_id_reg[1:0],0,0.0,0.0,0.0,0.0,,0
x_aq_vpu_top/vpu_group_1_xx_ex1_rm[2:0],4,0.00013320456891671384,5.792749999999998,3.9980963127772604,1.0,0.005761307260114271,2
x_aq_vpu_top/vpu_group_1_xx_ex1_sel,0,0.0,0.0,0.0,0.0,,0
x_aq_vpu_top/vpu_group_1_xx_ex1_srcv0[63:0],34,0.0011322388357920678,3.199264705882353,2.2080995078652914,0.8823529411764706,-0.03007154116304795,47
x_aq_vpu_top/vpu_group_1_xx_ex1_srcv0_type[47:0],30,0.0009990342668753538,3.311833333333334,2.2857932136779304,0.8666666666666667,-0.021183319845226964,16
x_aq_vpu_top/vpu_group_1_xx_ex1_srcv1[63:0],29,0.0009657331246461754,2.7920689655172413,1.9270572070353988,0.7931034482758621,0.13330910200860932,36
x_aq_vpu_top/vpu_group_1_xx_ex1_srcv1_type[47:0],30,0.0009990342668753538,3.1294999999999997,2.1599486273076587,0.8,0.1279855292343095,16
x_aq_vpu_top/vpu_group_1_xx_ex1_srcv2[63:0],10,0.00033301142229178463,1.7683,1.2204624245624327,0.4,-0.018722760431388923,34
x_aq_vpu_top/vpu_group_1_xx_ex1_srcv2_type[47:0],10,0.00033301142229178463,1.7683,1.2204624245624327,0.4,-0.018387253439924544,13
x_aq_vpu_top/vpu_group_1_xx_ex2_eu_sel[9:0],3,9.990342668753538e-05,5.507666666666665,3.8013347360072895,1.0,-0.006407263670766904,4
x_aq_vpu_top/vpu_group_1_xx_ex2_func[19:0],34,0.0011322388357920678,2.7564705882352936,1.90248757414052,0.6764705882352942,0.005291436224625317,7
x_aq_vpu_top/vpu_group_1_xx_ex2_rm[2:0],4,0.00013320456891671384,6.335749999999999,4.372869313137721,1.0,0.005339490314663723,2
x_aq_vpu_top/vpu_group_1_xx_ex2_sel,0,0.0,0.0,0.0,0.0,,0
x_aq_vpu_top/vpu_group_1_xx_ex2_stall,0,0.0,0.0,0.0,0.0,,0
x_aq_vpu_top/vpu_group_1_xx_ex3_eu_sel[9:0],3,9.990342668753538e-05,5.455000000000001,3.7649847457943064,1.0,-0.006780543173505238,4
x_aq_vpu_top/vpu_group_1_xx_ex3_func[19:0],34,0.0011322388357920678,2.2747941176470583,1.5700394413865795,0.5588235294117647,0.0048191863939793505,7
x_aq_vpu_top/vpu_group_1_xx_ex3_rm[2:0],4,0.00013320456891671384,6.8092500000000005,4.699674130210793,1.0,0.004891039280386846,2
x_aq_vpu_top/vpu_group_1_xx_ex3_sel,0,0.0,0.0,0.0,0.0,,0
x_aq_vpu_top/vpu_group_1_xx_ex3_stall,0,0.0,0.0,0.0,0.0,,0
x_aq_vpu_top/vpu_group_1_xx_ex4_eu_sel[9:0],1,3.330114222917846e-05,3.6799999999999997,2.539898050325031,1.0,-0.007006673318107183,1
x_aq_vpu_top/vpu_group_1_xx_ex4_func[19:0],2,6.660228445835692e-05,7.126000000000001,4.918291713754395,1.0,-0.005623127396660761,5
x_aq_vpu_top/vpu_group_1_xx_ex4_rm[2:0],2,6.660228445835692e-05,7.126000000000001,4.918291713754395,1.0,-0.005623123884273686,2
x_aq_vpu_top/vpu_group_1_xx_ex4_sel,0,0.0,0.0,0.0,0.0,,0
x_aq_vpu_top/vpu_group_1_xx_ex4_stall,0,0.0,0.0,0.0,0.0,,0
x_aq_vpu_top/vpu_group_2_xx_ex1_eu_sel[9:0],34,0.0011322388357920678,3.0589999999999997,2.111290254332682,0.7352941176470589,-0.003935442393045595,6
x_aq_vpu_top/vpu_group_2_xx_ex1_func[19:0],44,0.0014652502580838522,3.3622954545454546,2.320621649352368,0.7954545454545454,0.005526236953928676,10
x_aq_vpu_top/vpu_group_2_xx_ex1_id_reg[1:0],0,0.0,0.0,0.0,0.0,,0
x_aq_vpu_top/vpu_group_2_xx_ex1_rm[2:0],4,0.00013320456891671384,5.792749999999998,3.9980963127772604,1.0,0.005761307260114271,2
x_aq_vpu_top/vpu_group_2_xx_ex1_sel,0,0.0,0.0,0.0,0.0,,0
x_aq_vpu_top/vpu_group_2_xx_ex1_srcv0[63:0],34,0.0011322388357920678,3.199264705882353,2.2080995078652914,0.8823529411764706,-0.03007154116304795,47
x_aq_vpu_top/vpu_group_2_xx_ex1_srcv0_type[47:0],30,0.0009990342668753538,3.311833333333334,2.2857932136779304,0.8666666666666667,-0.021183319845226964,16
x_aq_vpu_top/vpu_group_2_xx_ex1_srcv1[63:0],29,0.0009657331246461754,2.7920689655172413,1.9270572070353988,0.7931034482758621,0.13330910200860932,36
x_aq_vpu_top/vpu_group_2_xx_ex1_srcv1_type[47:0],30,0.0009990342668753538,3.1294999999999997,2.1599486273076587,0.8,0.1279855292343095,16
x_aq_vpu_top/vpu_group_2_xx_ex1_srcv2[63:0],10,0.00033301142229178463,1.7683,1.2204624245624327,0.4,-0.018722760431388923,34
x_aq_vpu_top/vpu_group_2_xx_ex1_srcv2_type[47:0],10,0.00033301142229178463,1.7683,1.2204624245624327,0.4,-0.018387253439924544,13
x_aq_vpu_top/vpu_group_2_xx_ex2_eu_sel[9:0],3,9.990342668753538e-05,5.507666666666665,3.8013347360072895,1.0,-0.006407263670766904,4
x_aq_vpu_top/vpu_group_2_xx_ex2_func[19:0],34,0.0011322388357920678,2.7564705882352936,1.90248757414052,0.6764705882352942,0.005291436224625317,7
x_aq_vpu_top/vpu_group_2_xx_ex2_rm[2:0],4,0.00013320456891671384,6.335749999999999,4.372869313137721,1.0,0.005339490314663723,2
x_aq_vpu_top/vpu_group_2_xx_ex2_sel,0,0.0,0.0,0.0,0.0,,0
x_aq_vpu_top/vpu_group_2_xx_ex2_stall,0,0.0,0.0,0.0,0.0,,0
x_aq_vpu_top/vpu_group_2_xx_ex3_eu_sel[9:0],3,9.990342668753538e-05,5.455000000000001,3.7649847457943064,1.0,-0.006780543173505238,4
x_aq_vpu_top/vpu_group_2_xx_ex3_func[19:0],34,0.0011322388357920678,2.2747941176470583,1.5700394413865795,0.5588235294117647,0.0048191863939793505,7
x_aq_vpu_top/vpu_group_2_xx_ex3_rm[2:0],4,0.00013320456891671384,6.8092500000000005,4.699674130210793,1.0,0.004891039280386846,2
x_aq_vpu_top/vpu_group_2_xx_ex3_sel,0,0.0,0.0,0.0,0.0,,0
x_aq_vpu_top/vpu_group_2_xx_ex3_stall,0,0.0,0.0,0.0,0.0,,0
x_aq_vpu_top/vpu_group_2_xx_ex4_eu_sel[9:0],1,3.330114222917846e-05,3.6799999999999997,2.539898050325031,1.0,-0.007006673318107183,1
x_aq_vpu_top/vpu_group_2_xx_ex4_func[19:0],2,6.660228445835692e-05,7.126000000000001,4.918291713754395,1.0,-0.005623127396660761,5
x_aq_vpu_top/vpu_group_2_xx_ex4_rm[2:0],2,6.660228445835692e-05,7.126000000000001,4.918291713754395,1.0,-0.005623123884273686,2
x_aq_vpu_top/vpu_group_2_xx_ex4_sel,0,0.0,0.0,0.0,0.0,,0
x_aq_vpu_top/vpu_group_2_xx_ex4_stall,0,0.0,0.0,0.0,0.0,,0
x_aq_vpu_top/vpu_group_3_xx_ex1_eu_sel[9:0],34,0.0011322388357920678,3.0589999999999997,2.111290254332682,0.7352941176470589,-0.003935442393045595,6
x_aq_vpu_top/vpu_group_3_xx_ex1_func[19:0],44,0.0014652502580838522,3.3622954545454546,2.320621649352368,0.7954545454545454,0.005526236953928676,10
x_aq_vpu_top/vpu_group_3_xx_ex1_id_reg[1:0],0,0.0,0.0,0.0,0.0,,0
x_aq_vpu_top/vpu_group_3_xx_ex1_rm[2:0],4,0.00013320456891671384,5.792749999999998,3.9980963127772604,1.0,0.005761307260114271,2
x_aq_vpu_top/vpu_group_3_xx_ex1_sel,12,0.00039961370675014153,1.7017499999999994,1.1745303008534294,0.5,0.10079235848009988,1
x_aq_vpu_top/vpu_group_3_xx_ex1_srcv0[63:0],34,0.0011322388357920678,3.199264705882353,2.2080995078652914,0.8823529411764706,-0.03007154116304795,47
x_aq_vpu_top/vpu_group_3_xx_ex1_srcv0_type[47:0],30,0.0009990342668753538,3.311833333333334,2.2857932136779304,0.8666666666666667,-0.021183319845226964,16
x_aq_vpu_top/vpu_group_3_xx_ex1_srcv1[63:0],29,0.0009657331246461754,2.7920689655172413,1.9270572070353988,0.7931034482758621,0.13330910200860932,36
x_aq_vpu_top/vpu_group_3_xx_ex1_srcv1_type[47:0],30,0.0009990342668753538,3.1294999999999997,2.1599486273076587,0.8,0.1279855292343095,16
x_aq_vpu_top/vpu_group_3_xx_ex1_srcv2[63:0],10,0.00033301142229178463,1.7683,1.2204624245624327,0.4,-0.018722760431388923,34
x_aq_vpu_top/vpu_group_3_xx_ex1_srcv2_ready,0,0.0,0.0,0.0,0.0,,0
x_aq_vpu_top/vpu_group_3_xx_ex1_srcv2_type[47:0],10,0.00033301142229178463,1.7683,1.2204624245624327,0.4,-0.018387253439924544,13
x_aq_vpu_top/vpu_group_3_xx_ex1_vreg[6:0],32,0.0010656365513337107,2.2938125,1.5831657327611917,0.71875,0.16063759671003924,4
x_aq_vpu_top/vpu_group_3_xx_ex2_eu_sel[9:0],3,9.990342668753538e-05,5.507666666666665,3.8013347360072895,1.0,-0.006407263670766904,4
x_aq_vpu_top/vpu_group_3_xx_ex2_func[19:0],34,0.0011322388357920678,2.7564705882352936,1.90248757414052,0.6764705882352942,0.005291436224625317,7
x_aq_vpu_top/vpu_group_3_xx_ex2_rm[2:0],4,0.00013320456891671384,6.335749999999999,4.372869313137721,1.0,0.005339490314663723,2
x_aq_vpu_top/vpu_group_3_xx_ex2_sel,0,0.0,0.0,0.0,0.0,,0
x_aq_vpu_top/vpu_group_3_xx_ex2_stall,0,0.0,0.0,0.0,0.0,,0
x_aq_vpu_top/vpu_group_3_xx_ex3_eu_sel[9:0],3,9.990342668753538e-05,5.455000000000001,3.7649847457943064,1.0,-0.006780543173505238,4
x_aq_vpu_top/vpu_group_3_xx_ex3_func[19:0],34,0.0011322388357920678,2.2747941176470583,1.5700394413865795,0.5588235294117647,0.0048191863939793505,7
x_aq_vpu_top/vpu_group_3_xx_ex3_rm[2:0],4,0.00013320456891671384,6.8092500000000005,4.699674130210793,1.0,0.004891039280386846,2
x_aq_vpu_top/vpu_group_3_xx_ex3_sel,0,0.0,0.0,0.0,0.0,,0
x_aq_vpu_top/vpu_group_3_xx_ex3_stall,0,0.0,0.0,0.0,0.0,,0
x_aq_vpu_top/vpu_group_3_xx_ex4_eu_sel[9:0],1,3.330114222917846e-05,3.6799999999999997,2.539898050325031,1.0,-0.007006673318107183,1
x_aq_vpu_top/vpu_group_3_xx_ex4_func[19:0],2,6.660228445835692e-05,7.126000000000001,4.918291713754395,1.0,-0.005623127396660761,5
x_aq_vpu_top/vpu_group_3_xx_ex4_rm[2:0],2,6.660228445835692e-05,7.126000000000001,4.918291713754395,1.0,-0.005623123884273686,2
x_aq_vpu_top/vpu_group_3_xx_ex4_sel,0,0.0,0.0,0.0,0.0,,0
x_aq_vpu_top/vpu_group_3_xx_ex4_stall,0,0.0,0.0,0.0,0.0,,0
x_aq_vpu_top/vpu_vfdsu_ex1_sel,0,0.0,0.0,0.0,0.0,,0
x_aq_vpu_top/vpu_vlsu_ex1_lsu_inst_vld,12,0.00039961370675014153,1.7017499999999994,1.1745303008534294,0.5,0.10079235848009988,1
x_aq_vpu_top/vpu_vlsu_fp_wb_data[63:0],16,0.0005328182756668553,3.02025,2.0845454039386344,0.9375,-0.01944299123022418,34
x_aq_vpu_top/vpu_vlsu_fp_wb_reg[4:0],28,0.0009324319824169969,2.5695,1.7734424022581978,0.75,-0.014637236857539317,5
x_aq_vpu_top/vpu_vlsu_fp_wb_vld,0,0.0,0.0,0.0,0.0,,0
x_aq_vpu_top/x_aq_falu_top/cp0_vpu_icg_en,0,0.0,0.0,0.0,0.0,,0
x_aq_vpu_top/x_aq_falu_top/cp0_vpu_xx_bf16,0,0.0,0.0,0.0,0.0,,0
x_aq_vpu_top/x_aq_falu_top/cp0_vpu_xx_dqnan,0,0.0,0.0,0.0,0.0,,0
x_aq_vpu_top/x_aq_falu_top/cp0_yy_clk_en,1,3.330114222917846e-05,2.862,1.9753228858777825,0.0,0.004988007030259691,1
x_aq_vpu_top/x_aq_falu_top/forever_cpuclk,0,0.0,0.0,0.0,0.0,,0
x_aq_vpu_top/x_aq_falu_top/ifu_vpu_warm_up,2,6.660228445835692e-05,8.55,5.901121828880168,1.0,0.17944175952243305,1
x_aq_vpu_top/x_aq_falu_top/pad_yy_icg_scan_en,0,0.0,0.0,0.0,0.0,,0
x_aq_vpu_top/x_aq_falu_top/vfalu_vpu_ex1_denormal_stall,0,0.0,0.0,0.0,0.0,,0
x_aq_vpu_top/x_aq_falu_top/vfalu_vpu_ex2_gpr_result[63:0],0,0.0,0.0,0.0,0.0,,0
x_aq_vpu_top/x_aq_falu_top/vfalu_vpu_ex2_result_ready_in_ex3,1,3.330114222917846e-05,10.872,7.503742283460255,1.0,-0.003229515705865712,1
x_aq_vpu_top/x_aq_falu_top/vfalu_vpu_ex3_fflags[4:0],0,0.0,0.0,0.0,0.0,,0
x_aq_vpu_top/x_aq_falu_top/vfalu_vpu_ex3_fpr_result[63:0],0,0.0,0.0,0.0,0.0,,0
x_aq_vpu_top/x_aq_falu_top/vfalu_vpu_ex3_result_ready_in_ex4,0,0.0,0.0,0.0,0.0,,0
x_aq_vpu_top/x_aq_falu_top/vfalu_vpu_ex4_fflags[4:0],0,0.0,0.0,0.0,0.0,,0
x_aq_vpu_top/x_aq_falu_top/vfalu_vpu_ex4_fpr_result[63:0],0,0.0,0.0,0.0,0.0,,0
x_aq_vpu_top/x_aq_falu_top/vpu_group_1_xx_ex1_eu_sel[9:0],34,0.0011322388357920678,3.0589999999999997,2.111290254332682,0.7352941176470589,-0.003935442393045595,6
x_aq_vpu_top/x_aq_falu_top/vpu_group_1_xx_ex1_func[19:0],44,0.0014652502580838522,3.3622954545454546,2.320621649352368,0.7954545454545454,0.005526236953928676,10
x_aq_vpu_top/x_aq_falu_top/vpu_group_1_xx_ex1_rm[2:0],4,0.00013320456891671384,5.792749999999998,3.9980963127772604,1.0,0.005761307260114271,2
x_aq_vpu_top/x_aq_falu_top/vpu_group_1_xx_ex1_sel,0,0.0,0.0,0.0,0.0,,0
x_aq_vpu_top/x_aq_falu_top/vpu_group_1_xx_ex1_srcv0[63:0],34,0.0011322388357920678,3.199264705882353,2.2080995078652914,0.8823529411764706,-0.03007154116304795,47
x_aq_vpu_top/x_aq_falu_top/vpu_group_1_xx_ex1_srcv0_type[47:0],30,0.0009990342668753538,3.311833333333334,2.2857932136779304,0.8666666666666667,-0.021183319845226964,16
x_aq_vpu_top/x_aq_falu_top/vpu_group_1_xx_ex1_srcv1[63:0],29,0.0009657331246461754,2.7920689655172413,1.9270572070353988,0.7931034482758621,0.13330910200860932,36
x_aq_vpu_top/x_aq_falu_top/vpu_group_1_xx_ex1_srcv1_type[47:0],30,0.0009990342668753538,3.1294999999999997,2.1599486273076587,0.8,0.1279855292343095,16
x_aq_vpu_top/x_aq_falu_top/vpu_group_1_xx_ex2_eu_sel[9:0],3,9.990342668753538e-05,5.507666666666665,3.8013347360072895,1.0,-0.006407263670766904,4
x_aq_vpu_top/x_aq_falu_top/vpu_group_1_xx_ex2_rm[2:0],4,0.00013320456891671384,6.335749999999999,4.372869313137721,1.0,0.005339490314663723,2
x_aq_vpu_top/x_aq_falu_top/vpu_group_1_xx_ex2_sel,0,0.0,0.0,0.0,0.0,,0
x_aq_vpu_top/x_aq_falu_top/vpu_group_1_xx_ex2_stall,0,0.0,0.0,0.0,0.0,,0
x_aq_vpu_top/x_aq_falu_top/vpu_group_1_xx_ex3_eu_sel[9:0],3,9.990342668753538e-05,5.455000000000001,3.7649847457943064,1.0,-0.006780543173505238,4
x_aq_vpu_top/x_aq_falu_top/vpu_group_1_xx_ex3_sel,0,0.0,0.0,0.0,0.0,,0
x_aq_vpu_top/x_aq_falu_top/vpu_group_1_xx_ex3_stall,0,0.0,0.0,0.0,0.0,,0
x_aq_vpu_top/x_aq_falu_top/vpu_group_1_xx_ex4_stall,0,0.0,0.0,0.0,0.0,,0
x_aq_vpu_top/x_aq_falu_top/double_pipe_ex1_src0_cnan,0,0.0,0.0,0.0,0.0,,0
x_aq_vpu_top/x_aq_falu_top/double_pipe_ex1_src0_id,0,0.0,0.0,0.0,0.0,,0
x_aq_vpu_top/x_aq_falu_top/double_pipe_ex1_src0_inf,0,0.0,0.0,0.0,0.0,,0
x_aq_vpu_top/x_aq_falu_top/double_pipe_ex1_src0_qnan,4,0.00013320456891671384,4.833999999999999,3.3363769498019558,1.0,-0.020098632563824027,1
x_aq_vpu_top/x_aq_falu_top/double_pipe_ex1_src0_snan,0,0.0,0.0,0.0,0.0,,0
x_aq_vpu_top/x_aq_falu_top/double_pipe_ex1_src0_zero,0,0.0,0.0,0.0,0.0,,0
x_aq_vpu_top/x_aq_falu_top/double_pipe_ex1_src1_cnan,0,0.0,0.0,0.0,0.0,,0
x_aq_vpu_top/x_aq_falu_top/double_pipe_ex1_src1_id,0,0.0,0.0,0.0,0.0,,0
x_aq_vpu_top/x_aq_falu_top/double_pipe_ex1_src1_inf,0,0.0,0.0,0.0,0.0,,0
x_aq_vpu_top/x_aq_falu_top/double_pipe_ex1_src1_qnan,0,0.0,0.0,0.0,0.0,,0
x_aq_vpu_top/x_aq_falu_top/double_pipe_ex1_src1_snan,0,0.0,0.0,0.0,0.0,,0
x_aq_vpu_top/x_aq_falu_top/double_pipe_ex1_src1_zero,0,0.0,0.0,0.0,0.0,,0
x_aq_vpu_top/x_aq_falu_top/double_pipe_ex2_cmp_r,0,0.0,0.0,0.0,0.0,,0
x_aq_vpu_top/x_aq_falu_top/double_pipe_ex2_special_result[63:0],0,0.0,0.0,0.0,0.0,,0
x_aq_vpu_top/x_aq_falu_top/double_pipe_ex3_expt[4:0],0,0.0,0.0,0.0,0.0,,0
x_aq_vpu_top/x_aq_falu_top/ex1_bhalf,0,0.0,0.0,0.0,0.0,,0
x_aq_vpu_top/x_aq_falu_top/ex1_bhalf0_adder_a_final[8:0],12,0.00039961370675014153,4.0255833333333335,2.778416103194096,0.6666666666666666,0.11671936924744031,6
x_aq_vpu_top/x_aq_falu_top/ex1_bhalf0_special_data[15:0],12,0.00039961370675014153,4.0255833333333335,2.778416103194096,0.6666666666666666,0.11488529560320629,9
x_aq_vpu_top/x_aq_falu_top/ex1_double,15,0.0004995171334376769,3.116266666666667,2.1508151171085736,0.8,-0.01819696689905232,1
x_aq_vpu_top/x_aq_falu_top/ex1_double_adder_a_final[53:0],12,0.00039961370675014153,4.0255833333333335,2.778416103194096,0.6666666666666666,0.12368373039585816,35
x_aq_vpu_top/x_aq_falu_top/ex1_double_special_data[63:0],12,0.00039961370675014153,4.0255833333333335,2.778416103194096,0.6666666666666666,0.12686154177852244,40
x_aq_vpu_top/x_aq_falu_top/ex1_f16,0,0.0,0.0,0.0,0.0,,0
x_aq_vpu_top/x_aq_falu_top/ex1_half,0,0.0,0.0,0.0,0.0,,0
x_aq_vpu_top/x_aq_falu_top/ex1_half0_adder_a_final[11:0],12,0.00039961370675014153,4.0255833333333335,2.778416103194096,0.6666666666666666,0.12038634972201842,8
x_aq_vpu_top/x_aq_falu_top/ex1_half0_special_data[15:0],12,0.00039961370675014153,4.0255833333333335,2.778416103194096,0.6666666666666666,0.10104973422769883,9
x_aq_vpu_top/x_aq_falu_top/ex1_op_add,0,0.0,0.0,0.0,0.0,,0
x_aq_vpu_top/x_aq_falu_top/ex1_op_add_sub,0,0.0,0.0,0.0,0.0,,0
x_aq_vpu_top/x_aq_falu_top/ex1_op_cmp,0,0.0,0.0,0.0,0.0,,0
x_aq_vpu_top/x_aq_falu_top/ex1_op_sel,15,0.0004995171334376769,3.116266666666667,2.1508151171085736,0.8,-0.01819696689905232,1
x_aq_vpu_top/x_aq_falu_top/ex1_op_sub,0,0.0,0.0,0.0,0.0,,0
x_aq_vpu_top/x_aq_falu_top/ex1_rdn,0,0.0,0.0,0.0,0.0,,0
x_aq_vpu_top/x_aq_falu_top/ex1_single,0,0.0,0.0,0.0,0.0,,0
x_aq_vpu_top/x_aq_falu_top/ex1_single0_adder_a_final[24:0],12,0.00039961370675014153,4.0255833333333335,2.778416103194096,0.6666666666666666,0.12397917583765096,16
x_aq_vpu_top/x_aq_falu_top/ex1_single0_special_data[31:0],12,0.00039961370675014153,4.0255833333333335,2.778416103194096,0.6666666666666666,0.11488547547766072,17
x_aq_vpu_top/x_aq_falu_top/ex2_bhalf,0,0.0,0.0,0.0,0.0,,0
x_aq_vpu_top/x_aq_falu_top/ex2_bhalf0_rslt[8:0],0,0.0,0.0,0.0,0.0,,0
x_aq_vpu_top/x_aq_falu_top/ex2_double,0,0.0,0.0,0.0,0.0,,0
x_aq_vpu_top/x_aq_falu_top/ex2_double_adder_a[53:0],0,0.0,0.0,0.0,0.0,,0
x_aq_vpu_top/x_aq_falu_top/ex2_double_rslt[53:0],0,0.0,0.0,0.0,0.0,,0
x_aq_vpu_top/x_aq_falu_top/ex2_half,0,0.0,0.0,0.0,0.0,,0
x_aq_vpu_top/x_aq_falu_top/ex2_half0_rslt[11:0],0,0.0,0.0,0.0,0.0,,0
x_aq_vpu_top/x_aq_falu_top/ex2_op_add_sub,0,0.0,0.0,0.0,0.0,,0
x_aq_vpu_top/x_aq_falu_top/ex2_op_cmp,0,0.0,0.0,0.0,0.0,,0
x_aq_vpu_top/x_aq_falu_top/ex2_op_feq,0,0.0,0.0,0.0,0.0,,0
x_aq_vpu_top/x_aq_falu_top/ex2_op_fle,0,0.0,0.0,0.0,0.0,,0
x_aq_vpu_top/x_aq_falu_top/ex2_op_flt,0,0.0,0.0,0.0,0.0,,0
x_aq_vpu_top/x_aq_falu_top/ex2_op_fne,0,0.0,0.0,0.0,0.0,,0
x_aq_vpu_top/x_aq_falu_top/ex2_op_ford,0,0.0,0.0,0.0,0.0,,0
x_aq_vpu_top/x_aq_falu_top/ex2_op_max,0,0.0,0.0,0.0,0.0,,0
x_aq_vpu_top/x_aq_falu_top/ex2_op_min,0,0.0,0.0,0.0,0.0,,0
x_aq_vpu_top/x_aq_falu_top/ex2_op_sel,0,0.0,0.0,0.0,0.0,,0
x_aq_vpu_top/x_aq_falu_top/ex2_op_sub,0,0.0,0.0,0.0,0.0,,0
x_aq_vpu_top/x_aq_falu_top/ex2_rdn,0,0.0,0.0,0.0,0.0,,0
x_aq_vpu_top/x_aq_falu_top/ex2_rmm,0,0.0,0.0,0.0,0.0,,0
x_aq_vpu_top/x_aq_falu_top/ex2_rne,1,3.330114222917846e-05,4.232999999999998,2.9215729475613728,1.0,-0.006668315010452631,1
x_aq_vpu_top/x_aq_falu_top/ex2_rtz,0,0.0,0.0,0.0,0.0,,0
x_aq_vpu_top/x_aq_falu_top/ex2_rup,0,0.0,0.0,0.0,0.0,,0
x_aq_vpu_top/x_aq_falu_top/ex2_single,0,0.0,0.0,0.0,0.0,,0
x_aq_vpu_top/x_aq_falu_top/ex2_single0_rslt[24:0],0,0.0,0.0,0.0,0.0,,0
x_aq_vpu_top/x_aq_falu_top/ex3_bhalf,0,0.0,0.0,0.0,0.0,,0
x_aq_vpu_top/x_aq_falu_top/ex3_bhalf0_result[8:0],0,0.0,0.0,0.0,0.0,,0
x_aq_vpu_top/x_aq_falu_top/ex3_double,0,0.0,0.0,0.0,0.0,,0
x_aq_vpu_top/x_aq_falu_top/ex3_double_result[53:0],0,0.0,0.0,0.0,0.0,,0
x_aq_vpu_top/x_aq_falu_top/ex3_half,0,0.0,0.0,0.0,0.0,,0
x_aq_vpu_top/x_aq_falu_top/ex3_half0_result[11:0],0,0.0,0.0,0.0,0.0,,0
x_aq_vpu_top/x_aq_falu_top/ex3_op_cmp,0,0.0,0.0,0.0,0.0,,0
x_aq_vpu_top/x_aq_falu_top/ex3_op_sel,0,0.0,0.0,0.0,0.0,,0
x_aq_vpu_top/x_aq_falu_top/ex3_rdn,0,0.0,0.0,0.0,0.0,,0
x_aq_vpu_top/x_aq_falu_top/ex3_rtz,0,0.0,0.0,0.0,0.0,,0
x_aq_vpu_top/x_aq_falu_top/ex3_rup,0,0.0,0.0,0.0,0.0,,0
x_aq_vpu_top/x_aq_falu_top/ex3_single,0,0.0,0.0,0.0,0.0,,0
x_aq_vpu_top/x_aq_falu_top/ex3_single0_result[24:0],0,0.0,0.0,0.0,0.0,,0
x_aq_vpu_top/x_aq_falu_top/fadd_double_src0[63:0],34,0.0011322388357920678,3.199264705882353,2.2080995078652914,0.8823529411764706,-0.03007154116304795,47
x_aq_vpu_top/x_aq_falu_top/fadd_double_src1[63:0],29,0.0009657331246461754,2.7920689655172413,1.9270572070353988,0.7931034482758621,0.13330910200860932,36
x_aq_vpu_top/x_aq_falu_top/fadd_ex1_pipe_clk,0,0.0,0.0,0.0,0.0,,0
x_aq_vpu_top/x_aq_falu_top/fadd_ex1_pipedown,2,6.660228445835692e-05,8.55,5.901121828880168,1.0,0.17944175952243305,1
x_aq_vpu_top/x_aq_falu_top/fadd_ex2_nocmp,1,3.330114222917846e-05,10.872,7.503742283460255,1.0,-0.003229515705865712,1
x_aq_vpu_top/x_aq_falu_top/fadd_ex2_nocmp_pipe_clk,0,0.0,0.0,0.0,0.0,,0
x_aq_vpu_top/x_aq_falu_top/fadd_ex2_nocmp_pipedown,2,6.660228445835692e-05,8.55,5.901121828880168,1.0,0.17944175952243305,1
x_aq_vpu_top/x_aq_falu_top/fadd_ex2_pipe_clk,0,0.0,0.0,0.0,0.0,,0
x_aq_vpu_top/x_aq_falu_top/fadd_ex2_pipedown,2,6.660228445835692e-05,8.55,5.901121828880168,1.0,0.17944175952243305,1
x_aq_vpu_top/x_aq_falu_top/fadd_ex3_bhalf0_rslt[63:0],2,6.660228445835692e-05,10.722000000000001,7.4002138303220075,1.0,-0.0037341120129566773,48
x_aq_vpu_top/x_aq_falu_top/fadd_ex3_double_rslt[63:0],0,0.0,0.0,0.0,0.0,,0
x_aq_vpu_top/x_aq_falu_top/fadd_ex3_half0_rslt[63:0],2,6.660228445835692e-05,10.722000000000001,7.4002138303220075,1.0,-0.0037341120129566773,48
x_aq_vpu_top/x_aq_falu_top/fadd_ex3_pipedown,2,6.660228445835692e-05,8.55,5.901121828880168,1.0,0.17944175952243305,1
x_aq_vpu_top/x_aq_falu_top/fadd_ex3_single0_rslt[63:0],2,6.660228445835692e-05,10.722000000000001,7.4002138303220075,1.0,-0.003734112012956417,32
x_aq_vpu_top/x_aq_falu_top/fadd_half0_src0[15:0],32,0.0010656365513337107,3.07090625,2.1195078253005306,0.875,-0.02571595342791077,11
x_aq_vpu_top/x_aq_falu_top/fadd_half0_src1[15:0],29,0.0009657331246461754,2.7920689655172413,1.9270572070353988,0.7931034482758621,0.13409879433540456,11
x_aq_vpu_top/x_aq_falu_top/fadd_single0_src0[31:0],32,0.0010656365513337107,3.07090625,2.1195078253005306,0.875,-0.01936691902783113,21
x_aq_vpu_top/x_aq_falu_top/fadd_single0_src1[31:0],29,0.0009657331246461754,2.7920689655172413,1.9270572070353988,0.7931034482758621,0.13749619154545084,21
x_aq_vpu_top/x_aq_falu_top/x_aq_fadd_double_top/cp0_vpu_xx_dqnan,0,0.0,0.0,0.0,0.0,,0
x_aq_vpu_top/x_aq_falu_top/x_aq_fadd_double_top/double_pipe_ex1_src0_cnan,0,0.0,0.0,0.0,0.0,,0
x_aq_vpu_top/x_aq_falu_top/x_aq_fadd_double_top/double_pipe_ex1_src0_id,0,0.0,0.0,0.0,0.0,,0
x_aq_vpu_top/x_aq_falu_top/x_aq_fadd_double_top/double_pipe_ex1_src0_inf,0,0.0,0.0,0.0,0.0,,0
x_aq_vpu_top/x_aq_falu_top/x_aq_fadd_double_top/double_pipe_ex1_src0_qnan,4,0.00013320456891671384,4.833999999999999,3.3363769498019558,1.0,-0.020098632563824027,1
x_aq_vpu_top/x_aq_falu_top/x_aq_fadd_double_top/double_pipe_ex1_src0_snan,0,0.0,0.0,0.0,0.0,,0
x_aq_vpu_top/x_aq_falu_top/x_aq_fadd_double_top/double_pipe_ex1_src0_zero,0,0.0,0.0,0.0,0.0,,0
x_aq_vpu_top/x_aq_falu_top/x_aq_fadd_double_top/double_pipe_ex1_src1_cnan,0,0.0,0.0,0.0,0.0,,0
x_aq_vpu_top/x_aq_falu_top/x_aq_fadd_double_top/double_pipe_ex1_src1_id,0,0.0,0.0,0.0,0.0,,0
x_aq_vpu_top/x_aq_falu_top/x_aq_fadd_double_top/double_pipe_ex1_src1_inf,0,0.0,0.0,0.0,0.0,,0
x_aq_vpu_top/x_aq_falu_top/x_aq_fadd_double_top/double_pipe_ex1_src1_qnan,0,0.0,0.0,0.0,0.0,,0
x_aq_vpu_top/x_aq_falu_top/x_aq_fadd_double_top/double_pipe_ex1_src1_snan,0,0.0,0.0,0.0,0.0,,0
x_aq_vpu_top/x_aq_falu_top/x_aq_fadd_double_top/double_pipe_ex1_src1_zero,0,0.0,0.0,0.0,0.0,,0
x_aq_vpu_top/x_aq_falu_top/x_aq_fadd_double_top/double_pipe_ex2_cmp_r,0,0.0,0.0,0.0,0.0,,0
x_aq_vpu_top/x_aq_falu_top/x_aq_fadd_double_top/double_pipe_ex2_special_result[63:0],0,0.0,0.0,0.0,0.0,,0
x_aq_vpu_top/x_aq_falu_top/x_aq_fadd_double_top/double_pipe_ex3_expt[4:0],0,0.0,0.0,0.0,0.0,,0
x_aq_vpu_top/x_aq_falu_top/x_aq_fadd_double_top/ex1_bhalf,0,0.0,0.0,0.0,0.0,,0
x_aq_vpu_top/x_aq_falu_top/x_aq_fadd_double_top/ex1_bhalf0_adder_a_final[8:0],12,0.00039961370675014153,4.0255833333333335,2.778416103194096,0.6666666666666666,0.11671936924744031,6
x_aq_vpu_top/x_aq_falu_top/x_aq_fadd_double_top/ex1_bhalf0_special_data[15:0],12,0.00039961370675014153,4.0255833333333335,2.778416103194096,0.6666666666666666,0.11488529560320629,9
x_aq_vpu_top/x_aq_falu_top/x_aq_fadd_double_top/ex1_double,15,0.0004995171334376769,3.116266666666667,2.1508151171085736,0.8,-0.01819696689905232,1
x_aq_vpu_top/x_aq_falu_top/x_aq_fadd_double_top/ex1_double_adder_a_final[53:0],12,0.00039961370675014153,4.0255833333333335,2.778416103194096,0.6666666666666666,0.12368373039585816,35
x_aq_vpu_top/x_aq_falu_top/x_aq_fadd_double_top/ex1_double_special_data[63:0],12,0.00039961370675014153,4.0255833333333335,2.778416103194096,0.6666666666666666,0.12686154177852244,40
x_aq_vpu_top/x_aq_falu_top/x_aq_fadd_double_top/ex1_f16,0,0.0,0.0,0.0,0.0,,0
x_aq_vpu_top/x_aq_falu_top/x_aq_fadd_double_top/ex1_half,0,0.0,0.0,0.0,0.0,,0
x_aq_vpu_top/x_aq_falu_top/x_aq_fadd_double_top/ex1_half0_adder_a_final[11:0],12,0.00039961370675014153,4.0255833333333335,2.778416103194096,0.6666666666666666,0.12038634972201842,8
x_aq_vpu_top/x_aq_falu_top/x_aq_fadd_double_top/ex1_half0_special_data[15:0],12,0.00039961370675014153,4.0255833333333335,2.778416103194096,0.6666666666666666,0.10104973422769883,9
x_aq_vpu_top/x_aq_falu_top/x_aq_fadd_double_top/ex1_op_add,0,0.0,0.0,0.0,0.0,,0
x_aq_vpu_top/x_aq_falu_top/x_aq_fadd_double_top/ex1_op_add_sub,0,0.0,0.0,0.0,0.0,,0
x_aq_vpu_top/x_aq_falu_top/x_aq_fadd_double_top/ex1_op_cmp,0,0.0,0.0,0.0,0.0,,0
x_aq_vpu_top/x_aq_falu_top/x_aq_fadd_double_top/ex1_op_sel,15,0.0004995171334376769,3.116266666666667,2.1508151171085736,0.8,-0.01819696689905232,1
x_aq_vpu_top/x_aq_falu_top/x_aq_fadd_double_top/ex1_op_sub,0,0.0,0.0,0.0,0.0,,0
x_aq_vpu_top/x_aq_falu_top/x_aq_fadd_double_top/ex1_rdn,0,0.0,0.0,0.0,0.0,,0
x_aq_vpu_top/x_aq_falu_top/x_aq_fadd_double_top/ex1_single,0,0.0,0.0,0.0,0.0,,0
x_aq_vpu_top/x_aq_falu_top/x_aq_fadd_double_top/ex1_single0_adder_a_final[24:0],12,0.00039961370675014153,4.0255833333333335,2.778416103194096,0.6666666666666666,0.12397917583765096,16
x_aq_vpu_top/x_aq_falu_top/x_aq_fadd_double_top/ex1_single0_special_data[31:0],12,0.00039961370675014153,4.0255833333333335,2.778416103194096,0.6666666666666666,0.11488547547766072,17
x_aq_vpu_top/x_aq_falu_top/x_aq_fadd_double_top/ex2_bhalf,0,0.0,0.0,0.0,0.0,,0
x_aq_vpu_top/x_aq_falu_top/x_aq_fadd_double_top/ex2_bhalf0_rslt[8:0],0,0.0,0.0,0.0,0.0,,0
x_aq_vpu_top/x_aq_falu_top/x_aq_fadd_double_top/ex2_double,0,0.0,0.0,0.0,0.0,,0
x_aq_vpu_top/x_aq_falu_top/x_aq_fadd_double_top/ex2_double_adder_a[53:0],0,0.0,0.0,0.0,0.0,,0
x_aq_vpu_top/x_aq_falu_top/x_aq_fadd_double_top/ex2_double_rslt[53:0],0,0.0,0.0,0.0,0.0,,0
x_aq_vpu_top/x_aq_falu_top/x_aq_fadd_double_top/ex2_half,0,0.0,0.0,0.0,0.0,,0
x_aq_vpu_top/x_aq_falu_top/x_aq_fadd_double_top/ex2_half0_rslt[11:0],0,0.0,0.0,0.0,0.0,,0
x_aq_vpu_top/x_aq_falu_top/x_aq_fadd_double_top/ex2_op_add_sub,0,0.0,0.0,0.0,0.0,,0
x_aq_vpu_top/x_aq_falu_top/x_aq_fadd_double_top/ex2_op_cmp,0,0.0,0.0,0.0,0.0,,0
x_aq_vpu_top/x_aq_falu_top/x_aq_fadd_double_top/ex2_op_feq,0,0.0,0.0,0.0,0.0,,0
x_aq_vpu_top/x_aq_falu_top/x_aq_fadd_double_top/ex2_op_fle,0,0.0,0.0,0.0,0.0,,0
x_aq_vpu_top/x_aq_falu_top/x_aq_fadd_double_top/ex2_op_flt,0,0.0,0.0,0.0,0.0,,0
x_aq_vpu_top/x_aq_falu_top/x_aq_fadd_double_top/ex2_op_fne,0,0.0,0.0,0.0,0.0,,0
x_aq_vpu_top/x_aq_falu_top/x_aq_fadd_double_top/ex2_op_ford,0,0.0,0.0,0.0,0.0,,0
x_aq_vpu_top/x_aq_falu_top/x_aq_fadd_double_top/ex2_op_max,0,0.0,0.0,0.0,0.0,,0
x_aq_vpu_top/x_aq_falu_top/x_aq_fadd_double_top/ex2_op_min,0,0.0,0.0,0.0,0.0,,0
x_aq_vpu_top/x_aq_falu_top/x_aq_fadd_double_top/ex2_op_sel,0,0.0,0.0,0.0,0.0,,0
x_aq_vpu_top/x_aq_falu_top/x_aq_fadd_double_top/ex2_op_sub,0,0.0,0.0,0.0,0.0,,0
x_aq_vpu_top/x_aq_falu_top/x_aq_fadd_double_top/ex2_rdn,0,0.0,0.0,0.0,0.0,,0
x_aq_vpu_top/x_aq_falu_top/x_aq_fadd_double_top/ex2_rmm,0,0.0,0.0,0.0,0.0,,0
x_aq_vpu_top/x_aq_falu_top/x_aq_fadd_double_top/ex2_rne,1,3.330114222917846e-05,4.232999999999998,2.9215729475613728,1.0,-0.006668315010452631,1
x_aq_vpu_top/x_aq_falu_top/x_aq_fadd_double_top/ex2_rtz,0,0.0,0.0,0.0,0.0,,0
x_aq_vpu_top/x_aq_falu_top/x_aq_fadd_double_top/ex2_rup,0,0.0,0.0,0.0,0.0,,0
x_aq_vpu_top/x_aq_falu_top/x_aq_fadd_double_top/ex2_single,0,0.0,0.0,0.0,0.0,,0
x_aq_vpu_top/x_aq_falu_top/x_aq_fadd_double_top/ex2_single0_rslt[24:0],0,0.0,0.0,0.0,0.0,,0
x_aq_vpu_top/x_aq_falu_top/x_aq_fadd_double_top/ex3_bhalf,0,0.0,0.0,0.0,0.0,,0
x_aq_vpu_top/x_aq_falu_top/x_aq_fadd_double_top/ex3_bhalf0_result[8:0],0,0.0,0.0,0.0,0.0,,0
x_aq_vpu_top/x_aq_falu_top/x_aq_fadd_double_top/ex3_double,0,0.0,0.0,0.0,0.0,,0
x_aq_vpu_top/x_aq_falu_top/x_aq_fadd_double_top/ex3_double_result[53:0],0,0.0,0.0,0.0,0.0,,0
x_aq_vpu_top/x_aq_falu_top/x_aq_fadd_double_top/ex3_half,0,0.0,0.0,0.0,0.0,,0
x_aq_vpu_top/x_aq_falu_top/x_aq_fadd_double_top/ex3_half0_result[11:0],0,0.0,0.0,0.0,0.0,,0
x_aq_vpu_top/x_aq_falu_top/x_aq_fadd_double_top/ex3_op_cmp,0,0.0,0.0,0.0,0.0,,0
x_aq_vpu_top/x_aq_falu_top/x_aq_fadd_double_top/ex3_op_sel,0,0.0,0.0,0.0,0.0,,0
x_aq_vpu_top/x_aq_falu_top/x_aq_fadd_double_top/ex3_rdn,0,0.0,0.0,0.0,0.0,,0
x_aq_vpu_top/x_aq_falu_top/x_aq_fadd_double_top/ex3_rtz,0,0.0,0.0,0.0,0.0,,0
x_aq_vpu_top/x_aq_falu_top/x_aq_fadd_double_top/ex3_rup,0,0.0,0.0,0.0,0.0,,0
x_aq_vpu_top/x_aq_falu_top/x_aq_fadd_double_top/ex3_single,0,0.0,0.0,0.0,0.0,,0
x_aq_vpu_top/x_aq_falu_top/x_aq_fadd_double_top/ex3_single0_result[24:0],0,0.0,0.0,0.0,0.0,,0
x_aq_vpu_top/x_aq_falu_top/x_aq_fadd_double_top/fadd_double_src0[63:0],34,0.0011322388357920678,3.199264705882353,2.2080995078652914,0.8823529411764706,-0.03007154116304795,47
x_aq_vpu_top/x_aq_falu_top/x_aq_fadd_double_top/fadd_double_src1[63:0],29,0.0009657331246461754,2.7920689655172413,1.9270572070353988,0.7931034482758621,0.13330910200860932,36
x_aq_vpu_top/x_aq_falu_top/x_aq_fadd_double_top/fadd_ex1_pipe_clk,0,0.0,0.0,0.0,0.0,,0
x_aq_vpu_top/x_aq_falu_top/x_aq_fadd_double_top/fadd_ex1_pipedown,2,6.660228445835692e-05,8.55,5.901121828880168,1.0,0.17944175952243305,1
x_aq_vpu_top/x_aq_falu_top/x_aq_fadd_double_top/fadd_ex2_nocmp_pipe_clk,0,0.0,0.0,0.0,0.0,,0
x_aq_vpu_top/x_aq_falu_top/x_aq_fadd_double_top/fadd_ex2_nocmp_pipedown,2,6.660228445835692e-05,8.55,5.901121828880168,1.0,0.17944175952243305,1
x_aq_vpu_top/x_aq_falu_top/x_aq_fadd_double_top/fadd_ex2_pipe_clk,0,0.0,0.0,0.0,0.0,,0
x_aq_vpu_top/x_aq_falu_top/x_aq_fadd_double_top/fadd_ex2_pipedown,2,6.660228445835692e-05,8.55,5.901121828880168,1.0,0.17944175952243305,1
x_aq_vpu_top/x_aq_falu_top/x_aq_fadd_double_top/fadd_ex3_bhalf0_rslt[63:0],2,6.660228445835692e-05,10.722000000000001,7.4002138303220075,1.0,-0.0037341120129566773,48
x_aq_vpu_top/x_aq_falu_top/x_aq_fadd_double_top/fadd_ex3_double_rslt[63:0],0,0.0,0.0,0.0,0.0,,0
x_aq_vpu_top/x_aq_falu_top/x_aq_fadd_double_top/fadd_ex3_half0_rslt[63:0],2,6.660228445835692e-05,10.722000000000001,7.4002138303220075,1.0,-0.0037341120129566773,48
x_aq_vpu_top/x_aq_falu_top/x_aq_fadd_double_top/fadd_ex3_single0_rslt[63:0],2,6.660228445835692e-05,10.722000000000001,7.4002138303220075,1.0,-0.003734112012956417,32
x_aq_vpu_top/x_aq_falu_top/x_aq_fadd_double_top/fadd_half0_src0[15:0],32,0.0010656365513337107,3.07090625,2.1195078253005306,0.875,-0.02571595342791077,11
x_aq_vpu_top/x_aq_falu_top/x_aq_fadd_double_top/fadd_half0_src1[15:0],29,0.0009657331246461754,2.7920689655172413,1.9270572070353988,0.7931034482758621,0.13409879433540456,11
x_aq_vpu_top/x_aq_falu_top/x_aq_fadd_double_top/fadd_single0_src0[31:0],32,0.0010656365513337107,3.07090625,2.1195078253005306,0.875,-0.01936691902783113,21
x_aq_vpu_top/x_aq_falu_top/x_aq_fadd_double_top/fadd_single0_src1[31:0],29,0.0009657331246461754,2.7920689655172413,1.9270572070353988,0.7931034482758621,0.13749619154545084,21
x_aq_vpu_top/x_aq_falu_top/x_aq_fadd_double_top/ifu_vpu_warm_up,2,6.660228445835692e-05,8.55,5.901121828880168,1.0,0.17944175952243305,1
x_aq_vpu_top/x_aq_falu_top/x_aq_fadd_double_top/add_cmp_act_s,0,0.0,0.0,0.0,0.0,,0
x_aq_vpu_top/x_aq_falu_top/x_aq_fadd_double_top/add_cmp_both_zero,0,0.0,0.0,0.0,0.0,,0
x_aq_vpu_top/x_aq_falu_top/x_aq_fadd_double_top/add_cmp_ex2_src0_eq_src1,1,3.330114222917846e-05,10.872,7.503742283460255,1.0,-0.003229515705865712,1
x_aq_vpu_top/x_aq_falu_top/x_aq_fadd_double_top/dp_maxmin_src_a_e[10:0],0,0.0,0.0,0.0,0.0,,0
x_aq_vpu_top/x_aq_falu_top/x_aq_fadd_double_top/dp_maxmin_src_a_f[51:0],0,0.0,0.0,0.0,0.0,,0
x_aq_vpu_top/x_aq_falu_top/x_aq_fadd_double_top/dp_maxmin_src_a_s,0,0.0,0.0,0.0,0.0,,0
x_aq_vpu_top/x_aq_falu_top/x_aq_fadd_double_top/dp_maxmin_src_b_e[10:0],0,0.0,0.0,0.0,0.0,,0
x_aq_vpu_top/x_aq_falu_top/x_aq_fadd_double_top/dp_maxmin_src_b_f[52:0],0,0.0,0.0,0.0,0.0,,0
x_aq_vpu_top/x_aq_falu_top/x_aq_fadd_double_top/dp_maxmin_src_b_s,0,0.0,0.0,0.0,0.0,,0
x_aq_vpu_top/x_aq_falu_top/x_aq_fadd_double_top/dp_maxmin_src_chg,0,0.0,0.0,0.0,0.0,,0
x_aq_vpu_top/x_aq_falu_top/x_aq_fadd_double_top/ex1_src0_0,0,0.0,0.0,0.0,0.0,,0
x_aq_vpu_top/x_aq_falu_top/x_aq_fadd_double_top/ex1_src1_0,0,0.0,0.0,0.0,0.0,,0
x_aq_vpu_top/x_aq_falu_top/x_aq_fadd_double_top/ex2_act_s,0,0.0,0.0,0.0,0.0,,0
x_aq_vpu_top/x_aq_falu_top/x_aq_fadd_double_top/ex2_act_sub,0,0.0,0.0,0.0,0.0,,0
x_aq_vpu_top/x_aq_falu_top/x_aq_fadd_double_top/ex2_bhalf0_addsub_rslt[8:0],0,0.0,0.0,0.0,0.0,,0
x_aq_vpu_top/x_aq_falu_top/x_aq_fadd_double_top/ex2_bhalf0_sel_final_f[6:0],0,0.0,0.0,0.0,0.0,,0
x_aq_vpu_top/x_aq_falu_top/x_aq_fadd_double_top/ex2_bhalf0_special_data[15:0],0,0.0,0.0,0.0,0.0,,0
x_aq_vpu_top/x_aq_falu_top/x_aq_fadd_double_top/ex2_both_zero,0,0.0,0.0,0.0,0.0,,0
x_aq_vpu_top/x_aq_falu_top/x_aq_fadd_double_top/ex2_cmp_special_r,0,0.0,0.0,0.0,0.0,,0
x_aq_vpu_top/x_aq_falu_top/x_aq_fadd_double_top/ex2_double_addsub_rslt[53:0],0,0.0,0.0,0.0,0.0,,0
x_aq_vpu_top/x_aq_falu_top/x_aq_fadd_double_top/ex2_double_sel_final_f[51:0],0,0.0,0.0,0.0,0.0,,0
x_aq_vpu_top/x_aq_falu_top/x_aq_fadd_double_top/ex2_double_special_data[63:0],0,0.0,0.0,0.0,0.0,,0
x_aq_vpu_top/x_aq_falu_top/x_aq_fadd_double_top/ex2_e_add_rslt[10:0],0,0.0,0.0,0.0,0.0,,0
x_aq_vpu_top/x_aq_falu_top/x_aq_fadd_double_top/ex2_half0_addsub_rslt[11:0],0,0.0,0.0,0.0,0.0,,0
x_aq_vpu_top/x_aq_falu_top/x_aq_fadd_double_top/ex2_half0_sel_final_f[9:0],0,0.0,0.0,0.0,0.0,,0
x_aq_vpu_top/x_aq_falu_top/x_aq_fadd_double_top/ex2_half0_special_data[15:0],0,0.0,0.0,0.0,0.0,,0
x_aq_vpu_top/x_aq_falu_top/x_aq_fadd_double_top/ex2_nocmp_nosel,1,3.330114222917846e-05,10.872,7.503742283460255,1.0,-0.003229515705865712,1
x_aq_vpu_top/x_aq_falu_top/x_aq_fadd_double_top/ex2_nv,0,0.0,0.0,0.0,0.0,,0
x_aq_vpu_top/x_aq_falu_top/x_aq_fadd_double_top/ex2_sel_final_e[10:0],0,0.0,0.0,0.0,0.0,,0
x_aq_vpu_top/x_aq_falu_top/x_aq_fadd_double_top/ex2_sel_final_sign,0,0.0,0.0,0.0,0.0,,0
x_aq_vpu_top/x_aq_falu_top/x_aq_fadd_double_top/ex2_single0_addsub_rslt[24:0],0,0.0,0.0,0.0,0.0,,0
x_aq_vpu_top/x_aq_falu_top/x_aq_fadd_double_top/ex2_single0_sel_final_f[22:0],0,0.0,0.0,0.0,0.0,,0
x_aq_vpu_top/x_aq_falu_top/x_aq_fadd_double_top/ex2_single0_special_data[31:0],0,0.0,0.0,0.0,0.0,,0
x_aq_vpu_top/x_aq_falu_top/x_aq_fadd_double_top/ex2_special_value_vld,0,0.0,0.0,0.0,0.0,,0
x_aq_vpu_top/x_aq_falu_top/x_aq_fadd_double_top/ex2_src0_0,0,0.0,0.0,0.0,0.0,,0
x_aq_vpu_top/x_aq_falu_top/x_aq_fadd_double_top/ex2_src0_cnan,0,0.0,0.0,0.0,0.0,,0
x_aq_vpu_top/x_aq_falu_top/x_aq_fadd_double_top/ex2_src0_inf,0,0.0,0.0,0.0,0.0,,0
x_aq_vpu_top/x_aq_falu_top/x_aq_fadd_double_top/ex2_src0_qnan,0,0.0,0.0,0.0,0.0,,0
x_aq_vpu_top/x_aq_falu_top/x_aq_fadd_double_top/ex2_src0_snan,0,0.0,0.0,0.0,0.0,,0
x_aq_vpu_top/x_aq_falu_top/x_aq_fadd_double_top/ex2_src1_0,0,0.0,0.0,0.0,0.0,,0
x_aq_vpu_top/x_aq_falu_top/x_aq_fadd_double_top/ex2_src1_cnan,0,0.0,0.0,0.0,0.0,,0
x_aq_vpu_top/x_aq_falu_top/x_aq_fadd_double_top/ex2_src1_inf,0,0.0,0.0,0.0,0.0,,0
x_aq_vpu_top/x_aq_falu_top/x_aq_fadd_double_top/ex2_src1_qnan,0,0.0,0.0,0.0,0.0,,0
x_aq_vpu_top/x_aq_falu_top/x_aq_fadd_double_top/ex2_src1_snan,0,0.0,0.0,0.0,0.0,,0
x_aq_vpu_top/x_aq_falu_top/x_aq_fadd_double_top/ex3_act_s,0,0.0,0.0,0.0,0.0,,0
x_aq_vpu_top/x_aq_falu_top/x_aq_fadd_double_top/ex3_expt_mask,0,0.0,0.0,0.0,0.0,,0
x_aq_vpu_top/x_aq_falu_top/x_aq_fadd_double_top/ex3_nv,0,0.0,0.0,0.0,0.0,,0
x_aq_vpu_top/x_aq_falu_top/x_aq_fadd_double_top/ex3_org_e[10:0],0,0.0,0.0,0.0,0.0,,0
x_aq_vpu_top/x_aq_falu_top/x_aq_fadd_double_top/ex3_special_n_op_sel,0,0.0,0.0,0.0,0.0,,0
x_aq_vpu_top/x_aq_falu_top/x_aq_fadd_double_top/x_aq_fadd_double_dp/double_pipe_ex1_src0_cnan,0,0.0,0.0,0.0,0.0,,0
x_aq_vpu_top/x_aq_falu_top/x_aq_fadd_double_top/x_aq_fadd_double_dp/double_pipe_ex1_src0_inf,0,0.0,0.0,0.0,0.0,,0
x_aq_vpu_top/x_aq_falu_top/x_aq_fadd_double_top/x_aq_fadd_double_dp/double_pipe_ex1_src0_qnan,4,0.00013320456891671384,4.833999999999999,3.3363769498019558,1.0,-0.020098632563824027,1
x_aq_vpu_top/x_aq_falu_top/x_aq_fadd_double_top/x_aq_fadd_double_dp/double_pipe_ex1_src0_snan,0,0.0,0.0,0.0,0.0,,0
x_aq_vpu_top/x_aq_falu_top/x_aq_fadd_double_top/x_aq_fadd_double_dp/double_pipe_ex1_src0_zero,0,0.0,0.0,0.0,0.0,,0
x_aq_vpu_top/x_aq_falu_top/x_aq_fadd_double_top/x_aq_fadd_double_dp/double_pipe_ex1_src1_cnan,0,0.0,0.0,0.0,0.0,,0
x_aq_vpu_top/x_aq_falu_top/x_aq_fadd_double_top/x_aq_fadd_double_dp/double_pipe_ex1_src1_inf,0,0.0,0.0,0.0,0.0,,0
x_aq_vpu_top/x_aq_falu_top/x_aq_fadd_double_top/x_aq_fadd_double_dp/double_pipe_ex1_src1_qnan,0,0.0,0.0,0.0,0.0,,0
x_aq_vpu_top/x_aq_falu_top/x_aq_fadd_double_top/x_aq_fadd_double_dp/double_pipe_ex1_src1_snan,0,0.0,0.0,0.0,0.0,,0
x_aq_vpu_top/x_aq_falu_top/x_aq_fadd_double_top/x_aq_fadd_double_dp/double_pipe_ex1_src1_zero,0,0.0,0.0,0.0,0.0,,0
x_aq_vpu_top/x_aq_falu_top/x_aq_fadd_double_top/x_aq_fadd_double_dp/ex1_src0_0,0,0.0,0.0,0.0,0.0,,0
x_aq_vpu_top/x_aq_falu_top/x_aq_fadd_double_top/x_aq_fadd_double_dp/ex1_src1_0,0,0.0,0.0,0.0,0.0,,0
x_aq_vpu_top/x_aq_falu_top/x_aq_fadd_double_top/x_aq_fadd_double_dp/ex2_act_s,0,0.0,0.0,0.0,0.0,,0
x_aq_vpu_top/x_aq_falu_top/x_aq_fadd_double_top/x_aq_fadd_double_dp/ex2_bhalf,0,0.0,0.0,0.0,0.0,,0
x_aq_vpu_top/x_aq_falu_top/x_aq_fadd_double_top/x_aq_fadd_double_dp/ex2_bhalf0_addsub_rslt[8:0],0,0.0,0.0,0.0,0.0,,0
x_aq_vpu_top/x_aq_falu_top/x_aq_fadd_double_top/x_aq_fadd_double_dp/ex2_bhalf0_rslt[8:0],0,0.0,0.0,0.0,0.0,,0
x_aq_vpu_top/x_aq_falu_top/x_aq_fadd_double_top/x_aq_fadd_double_dp/ex2_bhalf0_sel_final_f[6:0],0,0.0,0.0,0.0,0.0,,0
x_aq_vpu_top/x_aq_falu_top/x_aq_fadd_double_top/x_aq_fadd_double_dp/ex2_bhalf0_special_data[15:0],0,0.0,0.0,0.0,0.0,,0
x_aq_vpu_top/x_aq_falu_top/x_aq_fadd_double_top/x_aq_fadd_double_dp/ex2_double,0,0.0,0.0,0.0,0.0,,0
x_aq_vpu_top/x_aq_falu_top/x_aq_fadd_double_top/x_aq_fadd_double_dp/ex2_double_addsub_rslt[53:0],0,0.0,0.0,0.0,0.0,,0
x_aq_vpu_top/x_aq_falu_top/x_aq_fadd_double_top/x_aq_fadd_double_dp/ex2_double_rslt[53:0],0,0.0,0.0,0.0,0.0,,0
x_aq_vpu_top/x_aq_falu_top/x_aq_fadd_double_top/x_aq_fadd_double_dp/ex2_double_sel_final_f[51:0],0,0.0,0.0,0.0,0.0,,0
x_aq_vpu_top/x_aq_falu_top/x_aq_fadd_double_top/x_aq_fadd_double_dp/ex2_double_special_data[63:0],0,0.0,0.0,0.0,0.0,,0
x_aq_vpu_top/x_aq_falu_top/x_aq_fadd_double_top/x_aq_fadd_double_dp/ex2_e_add_rslt[10:0],0,0.0,0.0,0.0,0.0,,0
x_aq_vpu_top/x_aq_falu_top/x_aq_fadd_double_top/x_aq_fadd_double_dp/ex2_half,0,0.0,0.0,0.0,0.0,,0
x_aq_vpu_top/x_aq_falu_top/x_aq_fadd_double_top/x_aq_fadd_double_dp/ex2_half0_addsub_rslt[11:0],0,0.0,0.0,0.0,0.0,,0
x_aq_vpu_top/x_aq_falu_top/x_aq_fadd_double_top/x_aq_fadd_double_dp/ex2_half0_rslt[11:0],0,0.0,0.0,0.0,0.0,,0
x_aq_vpu_top/x_aq_falu_top/x_aq_fadd_double_top/x_aq_fadd_double_dp/ex2_half0_sel_final_f[9:0],0,0.0,0.0,0.0,0.0,,0
x_aq_vpu_top/x_aq_falu_top/x_aq_fadd_double_top/x_aq_fadd_double_dp/ex2_half0_special_data[15:0],0,0.0,0.0,0.0,0.0,,0
x_aq_vpu_top/x_aq_falu_top/x_aq_fadd_double_top/x_aq_fadd_double_dp/ex2_nocmp_nosel,1,3.330114222917846e-05,10.872,7.503742283460255,1.0,-0.003229515705865712,1
x_aq_vpu_top/x_aq_falu_top/x_aq_fadd_double_top/x_aq_fadd_double_dp/ex2_nv,0,0.0,0.0,0.0,0.0,,0
x_aq_vpu_top/x_aq_falu_top/x_aq_fadd_double_top/x_aq_fadd_double_dp/ex2_op_cmp,0,0.0,0.0,0.0,0.0,,0
x_aq_vpu_top/x_aq_falu_top/x_aq_fadd_double_top/x_aq_fadd_double_dp/ex2_op_sel,0,0.0,0.0,0.0,0.0,,0
x_aq_vpu_top/x_aq_falu_top/x_aq_fadd_double_top/x_aq_fadd_double_dp/ex2_sel_final_e[10:0],0,0.0,0.0,0.0,0.0,,0
x_aq_vpu_top/x_aq_falu_top/x_aq_fadd_double_top/x_aq_fadd_double_dp/ex2_sel_final_sign,0,0.0,0.0,0.0,0.0,,0
x_aq_vpu_top/x_aq_falu_top/x_aq_fadd_double_top/x_aq_fadd_double_dp/ex2_single,0,0.0,0.0,0.0,0.0,,0
x_aq_vpu_top/x_aq_falu_top/x_aq_fadd_double_top/x_aq_fadd_double_dp/ex2_single0_addsub_rslt[24:0],0,0.0,0.0,0.0,0.0,,0
x_aq_vpu_top/x_aq_falu_top/x_aq_fadd_double_top/x_aq_fadd_double_dp/ex2_single0_rslt[24:0],0,0.0,0.0,0.0,0.0,,0
x_aq_vpu_top/x_aq_falu_top/x_aq_fadd_double_top/x_aq_fadd_double_dp/ex2_single0_sel_final_f[22:0],0,0.0,0.0,0.0,0.0,,0
x_aq_vpu_top/x_aq_falu_top/x_aq_fadd_double_top/x_aq_fadd_double_dp/ex2_single0_special_data[31:0],0,0.0,0.0,0.0,0.0,,0
x_aq_vpu_top/x_aq_falu_top/x_aq_fadd_double_top/x_aq_fadd_double_dp/ex2_special_value_vld,0,0.0,0.0,0.0,0.0,,0
x_aq_vpu_top/x_aq_falu_top/x_aq_fadd_double_top/x_aq_fadd_double_dp/fadd_ex1_pipe_clk,0,0.0,0.0,0.0,0.0,,0
x_aq_vpu_top/x_aq_falu_top/x_aq_fadd_double_top/x_aq_fadd_double_dp/fadd_ex1_pipedown,2,6.660228445835692e-05,8.55,5.901121828880168,1.0,0.17944175952243305,1
x_aq_vpu_top/x_aq_falu_top/x_aq_fadd_double_top/x_aq_fadd_double_dp/fadd_ex2_nocmp_pipe_clk,0,0.0,0.0,0.0,0.0,,0
x_aq_vpu_top/x_aq_falu_top/x_aq_fadd_double_top/x_aq_fadd_double_dp/fadd_ex2_nocmp_pipedown,2,6.660228445835692e-05,8.55,5.901121828880168,1.0,0.17944175952243305,1
x_aq_vpu_top/x_aq_falu_top/x_aq_fadd_double_top/x_aq_fadd_double_dp/fadd_ex2_pipe_clk,0,0.0,0.0,0.0,0.0,,0
x_aq_vpu_top/x_aq_falu_top/x_aq_fadd_double_top/x_aq_fadd_double_dp/fadd_ex2_pipedown,2,6.660228445835692e-05,8.55,5.901121828880168,1.0,0.17944175952243305,1
x_aq_vpu_top/x_aq_falu_top/x_aq_fadd_double_top/x_aq_fadd_double_dp/ex1_src0_cnan,0,0.0,0.0,0.0,0.0,,0
x_aq_vpu_top/x_aq_falu_top/x_aq_fadd_double_top/x_aq_fadd_double_dp/ex1_src0_inf,0,0.0,0.0,0.0,0.0,,0
x_aq_vpu_top/x_aq_falu_top/x_aq_fadd_double_top/x_aq_fadd_double_dp/ex1_src0_qnan,4,0.00013320456891671384,4.833999999999999,3.3363769498019558,1.0,-0.020098632563824027,1
x_aq_vpu_top/x_aq_falu_top/x_aq_fadd_double_top/x_aq_fadd_double_dp/ex1_src0_snan,0,0.0,0.0,0.0,0.0,,0
x_aq_vpu_top/x_aq_falu_top/x_aq_fadd_double_top/x_aq_fadd_double_dp/ex1_src1_cnan,0,0.0,0.0,0.0,0.0,,0
x_aq_vpu_top/x_aq_falu_top/x_aq_fadd_double_top/x_aq_fadd_double_dp/ex1_src1_inf,0,0.0,0.0,0.0,0.0,,0
x_aq_vpu_top/x_aq_falu_top/x_aq_fadd_double_top/x_aq_fadd_double_dp/ex1_src1_qnan,0,0.0,0.0,0.0,0.0,,0
x_aq_vpu_top/x_aq_falu_top/x_aq_fadd_double_top/x_aq_fadd_double_dp/ex1_src1_snan,0,0.0,0.0,0.0,0.0,,0
x_aq_vpu_top/x_aq_falu_top/x_aq_fadd_double_top/x_aq_fadd_double_dp/ex2_act_sign,0,0.0,0.0,0.0,0.0,,0
x_aq_vpu_top/x_aq_falu_top/x_aq_fadd_double_top/x_aq_fadd_double_dp/ex2_nv_final,0,0.0,0.0,0.0,0.0,,0
x_aq_vpu_top/x_aq_falu_top/x_aq_fadd_double_top/x_aq_fadd_double_dp/ex2_org_e[10:0],0,0.0,0.0,0.0,0.0,,0
x_aq_vpu_top/x_aq_falu_top/x_aq_fadd_double_top/x_aq_fadd_double_dp/ex2_r_expt_mask,0,0.0,0.0,0.0,0.0,,0
x_aq_vpu_top/x_aq_falu_top/x_aq_fadd_double_top/x_aq_fadd_double_dp/ex2_special_e[10:0],0,0.0,0.0,0.0,0.0,,0
x_aq_vpu_top/x_aq_falu_top/x_aq_fadd_double_top/x_aq_fadd_double_dp/ex2_special_n_op_sel,0,0.0,0.0,0.0,0.0,,0
x_aq_vpu_top/x_aq_falu_top/x_aq_fadd_double_top/x_aq_fadd_double_dp/ex2_special_sign,0,0.0,0.0,0.0,0.0,,0
x_aq_vpu_top/x_aq_falu_top/x_aq_fadd_double_top/x_aq_fadd_double_special/cp0_vpu_xx_dqnan,0,0.0,0.0,0.0,0.0,,0
x_aq_vpu_top/x_aq_falu_top/x_aq_fadd_double_top/x_aq_fadd_double_special/dp_maxmin_src_a_e[10:0],0,0.0,0.0,0.0,0.0,,0
x_aq_vpu_top/x_aq_falu_top/x_aq_fadd_double_top/x_aq_fadd_double_special/dp_maxmin_src_a_f[51:0],0,0.0,0.0,0.0,0.0,,0
x_aq_vpu_top/x_aq_falu_top/x_aq_fadd_double_top/x_aq_fadd_double_special/dp_maxmin_src_a_s,0,0.0,0.0,0.0,0.0,,0
x_aq_vpu_top/x_aq_falu_top/x_aq_fadd_double_top/x_aq_fadd_double_special/dp_maxmin_src_b_e[10:0],0,0.0,0.0,0.0,0.0,,0
x_aq_vpu_top/x_aq_falu_top/x_aq_fadd_double_top/x_aq_fadd_double_special/dp_maxmin_src_b_f[52:0],0,0.0,0.0,0.0,0.0,,0
x_aq_vpu_top/x_aq_falu_top/x_aq_fadd_double_top/x_aq_fadd_double_special/dp_maxmin_src_b_s,0,0.0,0.0,0.0,0.0,,0
x_aq_vpu_top/x_aq_falu_top/x_aq_fadd_double_top/x_aq_fadd_double_special/dp_maxmin_src_chg,0,0.0,0.0,0.0,0.0,,0
x_aq_vpu_top/x_aq_falu_top/x_aq_fadd_double_top/x_aq_fadd_double_special/ex2_act_sub,0,0.0,0.0,0.0,0.0,,0
x_aq_vpu_top/x_aq_falu_top/x_aq_fadd_double_top/x_aq_fadd_double_special/ex2_bhalf0_special_data[15:0],0,0.0,0.0,0.0,0.0,,0
x_aq_vpu_top/x_aq_falu_top/x_aq_fadd_double_top/x_aq_fadd_double_special/ex2_both_zero,0,0.0,0.0,0.0,0.0,,0
x_aq_vpu_top/x_aq_falu_top/x_aq_fadd_double_top/x_aq_fadd_double_special/ex2_cmp_special_r,0,0.0,0.0,0.0,0.0,,0
x_aq_vpu_top/x_aq_falu_top/x_aq_fadd_double_top/x_aq_fadd_double_special/ex2_double_special_data[63:0],0,0.0,0.0,0.0,0.0,,0
x_aq_vpu_top/x_aq_falu_top/x_aq_fadd_double_top/x_aq_fadd_double_special/ex2_half0_special_data[15:0],0,0.0,0.0,0.0,0.0,,0
x_aq_vpu_top/x_aq_falu_top/x_aq_fadd_double_top/x_aq_fadd_double_special/ex2_nv,0,0.0,0.0,0.0,0.0,,0
x_aq_vpu_top/x_aq_falu_top/x_aq_fadd_double_top/x_aq_fadd_double_special/ex2_op_add_sub,0,0.0,0.0,0.0,0.0,,0
x_aq_vpu_top/x_aq_falu_top/x_aq_fadd_double_top/x_aq_fadd_double_special/ex2_op_cmp,0,0.0,0.0,0.0,0.0,,0
x_aq_vpu_top/x_aq_falu_top/x_aq_fadd_double_top/x_aq_fadd_double_special/ex2_op_feq,0,0.0,0.0,0.0,0.0,,0
x_aq_vpu_top/x_aq_falu_top/x_aq_fadd_double_top/x_aq_fadd_double_special/ex2_op_fle,0,0.0,0.0,0.0,0.0,,0
x_aq_vpu_top/x_aq_falu_top/x_aq_fadd_double_top/x_aq_fadd_double_special/ex2_op_flt,0,0.0,0.0,0.0,0.0,,0
x_aq_vpu_top/x_aq_falu_top/x_aq_fadd_double_top/x_aq_fadd_double_special/ex2_op_fne,0,0.0,0.0,0.0,0.0,,0
x_aq_vpu_top/x_aq_falu_top/x_aq_fadd_double_top/x_aq_fadd_double_special/ex2_op_ford,0,0.0,0.0,0.0,0.0,,0
x_aq_vpu_top/x_aq_falu_top/x_aq_fadd_double_top/x_aq_fadd_double_special/ex2_op_max,0,0.0,0.0,0.0,0.0,,0
x_aq_vpu_top/x_aq_falu_top/x_aq_fadd_double_top/x_aq_fadd_double_special/ex2_op_min,0,0.0,0.0,0.0,0.0,,0
x_aq_vpu_top/x_aq_falu_top/x_aq_fadd_double_top/x_aq_fadd_double_special/ex2_op_sel,0,0.0,0.0,0.0,0.0,,0
x_aq_vpu_top/x_aq_falu_top/x_aq_fadd_double_top/x_aq_fadd_double_special/ex2_op_sub,0,0.0,0.0,0.0,0.0,,0
x_aq_vpu_top/x_aq_falu_top/x_aq_fadd_double_top/x_aq_fadd_double_special/ex2_single0_special_data[31:0],0,0.0,0.0,0.0,0.0,,0
x_aq_vpu_top/x_aq_falu_top/x_aq_fadd_double_top/x_aq_fadd_double_special/ex2_special_value_vld,0,0.0,0.0,0.0,0.0,,0
x_aq_vpu_top/x_aq_falu_top/x_aq_fadd_double_top/x_aq_fadd_double_special/ex2_src0_0,0,0.0,0.0,0.0,0.0,,0
x_aq_vpu_top/x_aq_falu_top/x_aq_fadd_double_top/x_aq_fadd_double_special/ex2_src0_cnan,0,0.0,0.0,0.0,0.0,,0
x_aq_vpu_top/x_aq_falu_top/x_aq_fadd_double_top/x_aq_fadd_double_special/ex2_src0_inf,0,0.0,0.0,0.0,0.0,,0
x_aq_vpu_top/x_aq_falu_top/x_aq_fadd_double_top/x_aq_fadd_double_special/ex2_src0_qnan,0,0.0,0.0,0.0,0.0,,0
x_aq_vpu_top/x_aq_falu_top/x_aq_fadd_double_top/x_aq_fadd_double_special/ex2_src0_snan,0,0.0,0.0,0.0,0.0,,0
x_aq_vpu_top/x_aq_falu_top/x_aq_fadd_double_top/x_aq_fadd_double_special/ex2_src1_0,0,0.0,0.0,0.0,0.0,,0
x_aq_vpu_top/x_aq_falu_top/x_aq_fadd_double_top/x_aq_fadd_double_special/ex2_src1_cnan,0,0.0,0.0,0.0,0.0,,0
x_aq_vpu_top/x_aq_falu_top/x_aq_fadd_double_top/x_aq_fadd_double_special/ex2_src1_inf,0,0.0,0.0,0.0,0.0,,0
x_aq_vpu_top/x_aq_falu_top/x_aq_fadd_double_top/x_aq_fadd_double_special/ex2_src1_qnan,0,0.0,0.0,0.0,0.0,,0
x_aq_vpu_top/x_aq_falu_top/x_aq_fadd_double_top/x_aq_fadd_double_special/ex2_src1_snan,0,0.0,0.0,0.0,0.0,,0
x_aq_vpu_top/x_aq_falu_top/x_aq_fadd_double_top/x_aq_fadd_double_special/ex2_bhalf0_src1_f[6:0],0,0.0,0.0,0.0,0.0,,0
x_aq_vpu_top/x_aq_falu_top/x_aq_fadd_double_top/x_aq_fadd_double_special/ex2_cmp_nv,0,0.0,0.0,0.0,0.0,,0
x_aq_vpu_top/x_aq_falu_top/x_aq_fadd_double_top/x_aq_fadd_double_special/ex2_double_src1_f[51:0],0,0.0,0.0,0.0,0.0,,0
x_aq_vpu_top/x_aq_falu_top/x_aq_fadd_double_top/x_aq_fadd_double_special/ex2_half0_src1_f[9:0],0,0.0,0.0,0.0,0.0,,0
x_aq_vpu_top/x_aq_falu_top/x_aq_fadd_double_top/x_aq_fadd_double_special/ex2_nv_add_sub,0,0.0,0.0,0.0,0.0,,0
x_aq_vpu_top/x_aq_falu_top/x_aq_fadd_double_top/x_aq_fadd_double_special/ex2_nv_eq,0,0.0,0.0,0.0,0.0,,0
x_aq_vpu_top/x_aq_falu_top/x_aq_fadd_double_top/x_aq_fadd_double_special/ex2_nv_inf,0,0.0,0.0,0.0,0.0,,0
x_aq_vpu_top/x_aq_falu_top/x_aq_fadd_double_top/x_aq_fadd_double_special/ex2_nv_lt_le,0,0.0,0.0,0.0,0.0,,0
x_aq_vpu_top/x_aq_falu_top/x_aq_fadd_double_top/x_aq_fadd_double_special/ex2_nv_sel,0,0.0,0.0,0.0,0.0,,0
x_aq_vpu_top/x_aq_falu_top/x_aq_fadd_double_top/x_aq_fadd_double_special/ex2_orig_src0_bhalf[15:0],0,0.0,0.0,0.0,0.0,,0
x_aq_vpu_top/x_aq_falu_top/x_aq_fadd_double_top/x_aq_fadd_double_special/ex2_orig_src0_double[63:0],0,0.0,0.0,0.0,0.0,,0
x_aq_vpu_top/x_aq_falu_top/x_aq_fadd_double_top/x_aq_fadd_double_special/ex2_orig_src0_half[15:0],0,0.0,0.0,0.0,0.0,,0
x_aq_vpu_top/x_aq_falu_top/x_aq_fadd_double_top/x_aq_fadd_double_special/ex2_orig_src0_s,0,0.0,0.0,0.0,0.0,,0
x_aq_vpu_top/x_aq_falu_top/x_aq_fadd_double_top/x_aq_fadd_double_special/ex2_orig_src0_single[31:0],0,0.0,0.0,0.0,0.0,,0
x_aq_vpu_top/x_aq_falu_top/x_aq_fadd_double_top/x_aq_fadd_double_special/ex2_orig_src1_bhalf[15:0],0,0.0,0.0,0.0,0.0,,0
x_aq_vpu_top/x_aq_falu_top/x_aq_fadd_double_top/x_aq_fadd_double_special/ex2_orig_src1_double[63:0],0,0.0,0.0,0.0,0.0,,0
x_aq_vpu_top/x_aq_falu_top/x_aq_fadd_double_top/x_aq_fadd_double_special/ex2_orig_src1_half[15:0],0,0.0,0.0,0.0,0.0,,0
x_aq_vpu_top/x_aq_falu_top/x_aq_fadd_double_top/x_aq_fadd_double_special/ex2_orig_src1_s,0,0.0,0.0,0.0,0.0,,0
x_aq_vpu_top/x_aq_falu_top/x_aq_fadd_double_top/x_aq_fadd_double_special/ex2_orig_src1_single[31:0],0,0.0,0.0,0.0,0.0,,0
x_aq_vpu_top/x_aq_falu_top/x_aq_fadd_double_top/x_aq_fadd_double_special/ex2_r_inf_sign_0_a,0,0.0,0.0,0.0,0.0,,0
x_aq_vpu_top/x_aq_falu_top/x_aq_fadd_double_top/x_aq_fadd_double_special/ex2_r_inf_sign_0_b,0,0.0,0.0,0.0,0.0,,0
x_aq_vpu_top/x_aq_falu_top/x_aq_fadd_double_top/x_aq_fadd_double_special/ex2_r_inf_sign_0_c,0,0.0,0.0,0.0,0.0,,0
x_aq_vpu_top/x_aq_falu_top/x_aq_fadd_double_top/x_aq_fadd_double_special/ex2_r_inf_sign_2_a,0,0.0,0.0,0.0,0.0,,0
x_aq_vpu_top/x_aq_falu_top/x_aq_fadd_double_top/x_aq_fadd_double_special/ex2_r_inf_sign_2_b,0,0.0,0.0,0.0,0.0,,0
x_aq_vpu_top/x_aq_falu_top/x_aq_fadd_double_top/x_aq_fadd_double_special/ex2_single0_src1_f[22:0],0,0.0,0.0,0.0,0.0,,0
x_aq_vpu_top/x_aq_falu_top/x_aq_fadd_double_top/x_aq_fadd_double_special/ex2_special_fle_rst,1,3.330114222917846e-05,10.872,7.503742283460255,1.0,-0.003229515705865712,1
x_aq_vpu_top/x_aq_falu_top/x_aq_fadd_double_top/x_aq_fadd_double_special/ex2_special_inf_rst,0,0.0,0.0,0.0,0.0,,0
x_aq_vpu_top/x_aq_falu_top/x_aq_fadd_double_top/x_aq_fadd_double_special/ex2_special_sel[6:0],0,0.0,0.0,0.0,0.0,,0
x_aq_vpu_top/x_aq_falu_top/x_aq_fadd_double_top/x_aq_fadd_double_special/ex2_special_sel_0[5:0],2,6.660228445835692e-05,9.846,6.795607663994635,1.0,-0.001818338626010619,2
x_aq_vpu_top/x_aq_falu_top/x_aq_fadd_double_top/x_aq_fadd_double_special/ex2_special_sel_1[8:0],2,6.660228445835692e-05,9.846,6.795607663994635,1.0,-0.001818338626010619,2
x_aq_vpu_top/x_aq_falu_top/x_aq_fadd_double_top/x_aq_fadd_double_special/ex2_special_sel_2[8:0],2,6.660228445835692e-05,9.846,6.795607663994635,1.0,-0.001818338626010619,2
x_aq_vpu_top/x_aq_falu_top/x_aq_fadd_double_top/x_aq_fadd_double_special/ex2_special_sel_final_t[8:0],0,0.0,0.0,0.0,0.0,,0
x_aq_vpu_top/x_aq_falu_top/x_aq_fadd_double_top/x_aq_fadd_double_special/ex2_special_sign_0[2:0],0,0.0,0.0,0.0,0.0,,0
x_aq_vpu_top/x_aq_falu_top/x_aq_fadd_double_top/x_aq_fadd_double_special/ex2_special_sign_1[2:0],0,0.0,0.0,0.0,0.0,,0
x_aq_vpu_top/x_aq_falu_top/x_aq_fadd_double_top/x_aq_fadd_double_special/ex2_special_sign_1_a[2:0],0,0.0,0.0,0.0,0.0,,0
x_aq_vpu_top/x_aq_falu_top/x_aq_fadd_double_top/x_aq_fadd_double_special/ex2_special_sign_2[2:0],0,0.0,0.0,0.0,0.0,,0
x_aq_vpu_top/x_aq_falu_top/x_aq_fadd_double_top/x_aq_fadd_double_special/ex2_special_sign_2_a[2:0],0,0.0,0.0,0.0,0.0,,0
x_aq_vpu_top/x_aq_falu_top/x_aq_fadd_double_top/x_aq_fadd_double_special/ex2_special_sign_2_b[2:0],0,0.0,0.0,0.0,0.0,,0
x_aq_vpu_top/x_aq_falu_top/x_aq_fadd_double_top/x_aq_fadd_double_special/ex2_special_sign_final[2:0],0,0.0,0.0,0.0,0.0,,0
x_aq_vpu_top/x_aq_falu_top/x_aq_fadd_double_top/x_aq_fadd_double_special/ex2_src0_bhalf[31:0],0,0.0,0.0,0.0,0.0,,0
x_aq_vpu_top/x_aq_falu_top/x_aq_fadd_double_top/x_aq_fadd_double_special/ex2_src0_double[63:0],0,0.0,0.0,0.0,0.0,,0
x_aq_vpu_top/x_aq_falu_top/x_aq_fadd_double_top/x_aq_fadd_double_special/ex2_src0_e[10:0],0,0.0,0.0,0.0,0.0,,0
x_aq_vpu_top/x_aq_falu_top/x_aq_fadd_double_top/x_aq_fadd_double_special/ex2_src0_f[51:0],0,0.0,0.0,0.0,0.0,,0
x_aq_vpu_top/x_aq_falu_top/x_aq_fadd_double_top/x_aq_fadd_double_special/ex2_src0_half[31:0],0,0.0,0.0,0.0,0.0,,0
x_aq_vpu_top/x_aq_falu_top/x_aq_fadd_double_top/x_aq_fadd_double_special/ex2_src0_nan,0,0.0,0.0,0.0,0.0,,0
x_aq_vpu_top/x_aq_falu_top/x_aq_fadd_double_top/x_aq_fadd_double_special/ex2_src0_s,0,0.0,0.0,0.0,0.0,,0
x_aq_vpu_top/x_aq_falu_top/x_aq_fadd_double_top/x_aq_fadd_double_special/ex2_src0_single[31:0],0,0.0,0.0,0.0,0.0,,0
x_aq_vpu_top/x_aq_falu_top/x_aq_fadd_double_top/x_aq_fadd_double_special/ex2_src1_bhalf[31:0],0,0.0,0.0,0.0,0.0,,0
x_aq_vpu_top/x_aq_falu_top/x_aq_fadd_double_top/x_aq_fadd_double_special/ex2_src1_double[63:0],0,0.0,0.0,0.0,0.0,,0
x_aq_vpu_top/x_aq_falu_top/x_aq_fadd_double_top/x_aq_fadd_double_special/ex2_src1_e[10:0],0,0.0,0.0,0.0,0.0,,0
x_aq_vpu_top/x_aq_falu_top/x_aq_fadd_double_top/x_aq_fadd_double_special/ex2_src1_half[31:0],0,0.0,0.0,0.0,0.0,,0
x_aq_vpu_top/x_aq_falu_top/x_aq_fadd_double_top/x_aq_fadd_double_special/ex2_src1_nan,0,0.0,0.0,0.0,0.0,,0
x_aq_vpu_top/x_aq_falu_top/x_aq_fadd_double_top/x_aq_fadd_double_special/ex2_src1_s,0,0.0,0.0,0.0,0.0,,0
x_aq_vpu_top/x_aq_falu_top/x_aq_fadd_double_top/x_aq_fadd_double_special/ex2_src1_sel[52:0],0,0.0,0.0,0.0,0.0,,0
x_aq_vpu_top/x_aq_falu_top/x_aq_fadd_double_top/x_aq_fadd_double_special/ex2_src1_single[31:0],0,0.0,0.0,0.0,0.0,,0
x_aq_vpu_top/x_aq_falu_top/x_aq_fadd_double_top/x_aq_fadd_double_special/ex2_src_chg,0,0.0,0.0,0.0,0.0,,0
x_aq_vpu_top/x_aq_falu_top/x_aq_fadd_double_top/x_aq_fadd_double_special/fadd_ex2_dp_wb_vld,0,0.0,0.0,0.0,0.0,,0
x_aq_vpu_top/x_aq_falu_top/x_aq_fadd_double_top/x_aq_fadd_double_special/fadd_ex2_float_nv,0,0.0,0.0,0.0,0.0,,0
x_aq_vpu_top/x_aq_falu_top/x_aq_fadd_double_top/x_aq_fadd_double_special/fadd_ex2_rtu_wb_vld,0,0.0,0.0,0.0,0.0,,0
x_aq_vpu_top/x_aq_falu_top/x_aq_fadd_double_top/x_aq_fadd_double_add/add_cmp_act_s,0,0.0,0.0,0.0,0.0,,0
x_aq_vpu_top/x_aq_falu_top/x_aq_fadd_double_top/x_aq_fadd_double_add/add_cmp_both_zero,0,0.0,0.0,0.0,0.0,,0
x_aq_vpu_top/x_aq_falu_top/x_aq_fadd_double_top/x_aq_fadd_double_add/add_cmp_ex2_src0_eq_src1,1,3.330114222917846e-05,10.872,7.503742283460255,1.0,-0.003229515705865712,1
x_aq_vpu_top/x_aq_falu_top/x_aq_fadd_double_top/x_aq_fadd_double_add/double_pipe_ex1_src0_id,0,0.0,0.0,0.0,0.0,,0
x_aq_vpu_top/x_aq_falu_top/x_aq_fadd_double_top/x_aq_fadd_double_add/double_pipe_ex1_src1_id,0,0.0,0.0,0.0,0.0,,0
x_aq_vpu_top/x_aq_falu_top/x_aq_fadd_double_top/x_aq_fadd_double_add/double_pipe_ex2_special_result[63:0],0,0.0,0.0,0.0,0.0,,0
x_aq_vpu_top/x_aq_falu_top/x_aq_fadd_double_top/x_aq_fadd_double_add/double_pipe_ex3_expt[4:0],0,0.0,0.0,0.0,0.0,,0
x_aq_vpu_top/x_aq_falu_top/x_aq_fadd_double_top/x_aq_fadd_double_add/dp_maxmin_src_a_e[10:0],0,0.0,0.0,0.0,0.0,,0
x_aq_vpu_top/x_aq_falu_top/x_aq_fadd_double_top/x_aq_fadd_double_add/dp_maxmin_src_a_f[51:0],0,0.0,0.0,0.0,0.0,,0
x_aq_vpu_top/x_aq_falu_top/x_aq_fadd_double_top/x_aq_fadd_double_add/dp_maxmin_src_a_s,0,0.0,0.0,0.0,0.0,,0
x_aq_vpu_top/x_aq_falu_top/x_aq_fadd_double_top/x_aq_fadd_double_add/dp_maxmin_src_b_e[10:0],0,0.0,0.0,0.0,0.0,,0
x_aq_vpu_top/x_aq_falu_top/x_aq_fadd_double_top/x_aq_fadd_double_add/dp_maxmin_src_b_f[52:0],0,0.0,0.0,0.0,0.0,,0
x_aq_vpu_top/x_aq_falu_top/x_aq_fadd_double_top/x_aq_fadd_double_add/dp_maxmin_src_b_s,0,0.0,0.0,0.0,0.0,,0
x_aq_vpu_top/x_aq_falu_top/x_aq_fadd_double_top/x_aq_fadd_double_add/dp_maxmin_src_chg,0,0.0,0.0,0.0,0.0,,0
x_aq_vpu_top/x_aq_falu_top/x_aq_fadd_double_top/x_aq_fadd_double_add/ex1_bhalf,0,0.0,0.0,0.0,0.0,,0
x_aq_vpu_top/x_aq_falu_top/x_aq_fadd_double_top/x_aq_fadd_double_add/ex1_bhalf0_adder_a_final[8:0],12,0.00039961370675014153,4.0255833333333335,2.778416103194096,0.6666666666666666,0.11671936924744031,6
x_aq_vpu_top/x_aq_falu_top/x_aq_fadd_double_top/x_aq_fadd_double_add/ex1_bhalf0_special_data[15:0],12,0.00039961370675014153,4.0255833333333335,2.778416103194096,0.6666666666666666,0.11488529560320629,9
x_aq_vpu_top/x_aq_falu_top/x_aq_fadd_double_top/x_aq_fadd_double_add/ex1_double,15,0.0004995171334376769,3.116266666666667,2.1508151171085736,0.8,-0.01819696689905232,1
x_aq_vpu_top/x_aq_falu_top/x_aq_fadd_double_top/x_aq_fadd_double_add/ex1_double_adder_a_final[53:0],12,0.00039961370675014153,4.0255833333333335,2.778416103194096,0.6666666666666666,0.12368373039585816,35
x_aq_vpu_top/x_aq_falu_top/x_aq_fadd_double_top/x_aq_fadd_double_add/ex1_double_special_data[63:0],12,0.00039961370675014153,4.0255833333333335,2.778416103194096,0.6666666666666666,0.12686154177852244,40
x_aq_vpu_top/x_aq_falu_top/x_aq_fadd_double_top/x_aq_fadd_double_add/ex1_f16,0,0.0,0.0,0.0,0.0,,0
x_aq_vpu_top/x_aq_falu_top/x_aq_fadd_double_top/x_aq_fadd_double_add/ex1_half,0,0.0,0.0,0.0,0.0,,0
x_aq_vpu_top/x_aq_falu_top/x_aq_fadd_double_top/x_aq_fadd_double_add/ex1_half0_adder_a_final[11:0],12,0.00039961370675014153,4.0255833333333335,2.778416103194096,0.6666666666666666,0.12038634972201842,8
x_aq_vpu_top/x_aq_falu_top/x_aq_fadd_double_top/x_aq_fadd_double_add/ex1_half0_special_data[15:0],12,0.00039961370675014153,4.0255833333333335,2.778416103194096,0.6666666666666666,0.10104973422769883,9
x_aq_vpu_top/x_aq_falu_top/x_aq_fadd_double_top/x_aq_fadd_double_add/ex1_op_add,0,0.0,0.0,0.0,0.0,,0
x_aq_vpu_top/x_aq_falu_top/x_aq_fadd_double_top/x_aq_fadd_double_add/ex1_op_add_sub,0,0.0,0.0,0.0,0.0,,0
x_aq_vpu_top/x_aq_falu_top/x_aq_fadd_double_top/x_aq_fadd_double_add/ex1_op_cmp,0,0.0,0.0,0.0,0.0,,0
x_aq_vpu_top/x_aq_falu_top/x_aq_fadd_double_top/x_aq_fadd_double_add/ex1_op_sel,15,0.0004995171334376769,3.116266666666667,2.1508151171085736,0.8,-0.01819696689905232,1
x_aq_vpu_top/x_aq_falu_top/x_aq_fadd_double_top/x_aq_fadd_double_add/ex1_op_sub,0,0.0,0.0,0.0,0.0,,0
x_aq_vpu_top/x_aq_falu_top/x_aq_fadd_double_top/x_aq_fadd_double_add/ex1_rdn,0,0.0,0.0,0.0,0.0,,0
x_aq_vpu_top/x_aq_falu_top/x_aq_fadd_double_top/x_aq_fadd_double_add/ex1_single,0,0.0,0.0,0.0,0.0,,0
x_aq_vpu_top/x_aq_falu_top/x_aq_fadd_double_top/x_aq_fadd_double_add/ex1_single0_adder_a_final[24:0],12,0.00039961370675014153,4.0255833333333335,2.778416103194096,0.6666666666666666,0.12397917583765096,16
x_aq_vpu_top/x_aq_falu_top/x_aq_fadd_double_top/x_aq_fadd_double_add/ex1_single0_special_data[31:0],12,0.00039961370675014153,4.0255833333333335,2.778416103194096,0.6666666666666666,0.11488547547766072,17
x_aq_vpu_top/x_aq_falu_top/x_aq_fadd_double_top/x_aq_fadd_double_add/ex1_src0_0,0,0.0,0.0,0.0,0.0,,0
x_aq_vpu_top/x_aq_falu_top/x_aq_fadd_double_top/x_aq_fadd_double_add/ex1_src1_0,0,0.0,0.0,0.0,0.0,,0
x_aq_vpu_top/x_aq_falu_top/x_aq_fadd_double_top/x_aq_fadd_double_add/ex2_act_s,0,0.0,0.0,0.0,0.0,,0
x_aq_vpu_top/x_aq_falu_top/x_aq_fadd_double_top/x_aq_fadd_double_add/ex2_bhalf,0,0.0,0.0,0.0,0.0,,0
x_aq_vpu_top/x_aq_falu_top/x_aq_fadd_double_top/x_aq_fadd_double_add/ex2_bhalf0_addsub_rslt[8:0],0,0.0,0.0,0.0,0.0,,0
x_aq_vpu_top/x_aq_falu_top/x_aq_fadd_double_top/x_aq_fadd_double_add/ex2_both_zero,0,0.0,0.0,0.0,0.0,,0
x_aq_vpu_top/x_aq_falu_top/x_aq_fadd_double_top/x_aq_fadd_double_add/ex2_double,0,0.0,0.0,0.0,0.0,,0
x_aq_vpu_top/x_aq_falu_top/x_aq_fadd_double_top/x_aq_fadd_double_add/ex2_double_adder_a[53:0],0,0.0,0.0,0.0,0.0,,0
x_aq_vpu_top/x_aq_falu_top/x_aq_fadd_double_top/x_aq_fadd_double_add/ex2_double_addsub_rslt[53:0],0,0.0,0.0,0.0,0.0,,0
x_aq_vpu_top/x_aq_falu_top/x_aq_fadd_double_top/x_aq_fadd_double_add/ex2_e_add_rslt[10:0],0,0.0,0.0,0.0,0.0,,0
x_aq_vpu_top/x_aq_falu_top/x_aq_fadd_double_top/x_aq_fadd_double_add/ex2_half,0,0.0,0.0,0.0,0.0,,0
x_aq_vpu_top/x_aq_falu_top/x_aq_fadd_double_top/x_aq_fadd_double_add/ex2_half0_addsub_rslt[11:0],0,0.0,0.0,0.0,0.0,,0
x_aq_vpu_top/x_aq_falu_top/x_aq_fadd_double_top/x_aq_fadd_double_add/ex2_nocmp_nosel,1,3.330114222917846e-05,10.872,7.503742283460255,1.0,-0.003229515705865712,1
x_aq_vpu_top/x_aq_falu_top/x_aq_fadd_double_top/x_aq_fadd_double_add/ex2_op_sel,0,0.0,0.0,0.0,0.0,,0
x_aq_vpu_top/x_aq_falu_top/x_aq_fadd_double_top/x_aq_fadd_double_add/ex2_rdn,0,0.0,0.0,0.0,0.0,,0
x_aq_vpu_top/x_aq_falu_top/x_aq_fadd_double_top/x_aq_fadd_double_add/ex2_rmm,0,0.0,0.0,0.0,0.0,,0
x_aq_vpu_top/x_aq_falu_top/x_aq_fadd_double_top/x_aq_fadd_double_add/ex2_rne,1,3.330114222917846e-05,4.232999999999998,2.9215729475613728,1.0,-0.006668315010452631,1
x_aq_vpu_top/x_aq_falu_top/x_aq_fadd_double_top/x_aq_fadd_double_add/ex2_rtz,0,0.0,0.0,0.0,0.0,,0
x_aq_vpu_top/x_aq_falu_top/x_aq_fadd_double_top/x_aq_fadd_double_add/ex2_rup,0,0.0,0.0,0.0,0.0,,0
x_aq_vpu_top/x_aq_falu_top/x_aq_fadd_double_top/x_aq_fadd_double_add/ex2_single,0,0.0,0.0,0.0,0.0,,0
x_aq_vpu_top/x_aq_falu_top/x_aq_fadd_double_top/x_aq_fadd_double_add/ex2_single0_addsub_rslt[24:0],0,0.0,0.0,0.0,0.0,,0
x_aq_vpu_top/x_aq_falu_top/x_aq_fadd_double_top/x_aq_fadd_double_add/ex2_special_value_vld,0,0.0,0.0,0.0,0.0,,0
x_aq_vpu_top/x_aq_falu_top/x_aq_fadd_double_top/x_aq_fadd_double_add/ex3_act_s,0,0.0,0.0,0.0,0.0,,0
x_aq_vpu_top/x_aq_falu_top/x_aq_fadd_double_top/x_aq_fadd_double_add/ex3_bhalf,0,0.0,0.0,0.0,0.0,,0
x_aq_vpu_top/x_aq_falu_top/x_aq_fadd_double_top/x_aq_fadd_double_add/ex3_bhalf0_result[8:0],0,0.0,0.0,0.0,0.0,,0
x_aq_vpu_top/x_aq_falu_top/x_aq_fadd_double_top/x_aq_fadd_double_add/ex3_double,0,0.0,0.0,0.0,0.0,,0
x_aq_vpu_top/x_aq_falu_top/x_aq_fadd_double_top/x_aq_fadd_double_add/ex3_double_result[53:0],0,0.0,0.0,0.0,0.0,,0
x_aq_vpu_top/x_aq_falu_top/x_aq_fadd_double_top/x_aq_fadd_double_add/ex3_expt_mask,0,0.0,0.0,0.0,0.0,,0
x_aq_vpu_top/x_aq_falu_top/x_aq_fadd_double_top/x_aq_fadd_double_add/ex3_half,0,0.0,0.0,0.0,0.0,,0
x_aq_vpu_top/x_aq_falu_top/x_aq_fadd_double_top/x_aq_fadd_double_add/ex3_half0_result[11:0],0,0.0,0.0,0.0,0.0,,0
x_aq_vpu_top/x_aq_falu_top/x_aq_fadd_double_top/x_aq_fadd_double_add/ex3_nv,0,0.0,0.0,0.0,0.0,,0
x_aq_vpu_top/x_aq_falu_top/x_aq_fadd_double_top/x_aq_fadd_double_add/ex3_op_cmp,0,0.0,0.0,0.0,0.0,,0
x_aq_vpu_top/x_aq_falu_top/x_aq_fadd_double_top/x_aq_fadd_double_add/ex3_op_sel,0,0.0,0.0,0.0,0.0,,0
x_aq_vpu_top/x_aq_falu_top/x_aq_fadd_double_top/x_aq_fadd_double_add/ex3_org_e[10:0],0,0.0,0.0,0.0,0.0,,0
x_aq_vpu_top/x_aq_falu_top/x_aq_fadd_double_top/x_aq_fadd_double_add/ex3_rdn,0,0.0,0.0,0.0,0.0,,0
x_aq_vpu_top/x_aq_falu_top/x_aq_fadd_double_top/x_aq_fadd_double_add/ex3_rtz,0,0.0,0.0,0.0,0.0,,0
x_aq_vpu_top/x_aq_falu_top/x_aq_fadd_double_top/x_aq_fadd_double_add/ex3_rup,0,0.0,0.0,0.0,0.0,,0
x_aq_vpu_top/x_aq_falu_top/x_aq_fadd_double_top/x_aq_fadd_double_add/ex3_single,0,0.0,0.0,0.0,0.0,,0
x_aq_vpu_top/x_aq_falu_top/x_aq_fadd_double_top/x_aq_fadd_double_add/ex3_single0_result[24:0],0,0.0,0.0,0.0,0.0,,0
x_aq_vpu_top/x_aq_falu_top/x_aq_fadd_double_top/x_aq_fadd_double_add/ex3_special_n_op_sel,0,0.0,0.0,0.0,0.0,,0
x_aq_vpu_top/x_aq_falu_top/x_aq_fadd_double_top/x_aq_fadd_double_add/fadd_double_src0[63:0],34,0.0011322388357920678,3.199264705882353,2.2080995078652914,0.8823529411764706,-0.03007154116304795,47
x_aq_vpu_top/x_aq_falu_top/x_aq_fadd_double_top/x_aq_fadd_double_add/fadd_double_src1[63:0],29,0.0009657331246461754,2.7920689655172413,1.9270572070353988,0.7931034482758621,0.13330910200860932,36
x_aq_vpu_top/x_aq_falu_top/x_aq_fadd_double_top/x_aq_fadd_double_add/fadd_ex1_pipe_clk,0,0.0,0.0,0.0,0.0,,0
x_aq_vpu_top/x_aq_falu_top/x_aq_fadd_double_top/x_aq_fadd_double_add/fadd_ex1_pipedown,2,6.660228445835692e-05,8.55,5.901121828880168,1.0,0.17944175952243305,1
x_aq_vpu_top/x_aq_falu_top/x_aq_fadd_double_top/x_aq_fadd_double_add/fadd_ex2_nocmp_pipe_clk,0,0.0,0.0,0.0,0.0,,0
x_aq_vpu_top/x_aq_falu_top/x_aq_fadd_double_top/x_aq_fadd_double_add/fadd_ex2_nocmp_pipedown,2,6.660228445835692e-05,8.55,5.901121828880168,1.0,0.17944175952243305,1
x_aq_vpu_top/x_aq_falu_top/x_aq_fadd_double_top/x_aq_fadd_double_add/fadd_half0_src0[15:0],32,0.0010656365513337107,3.07090625,2.1195078253005306,0.875,-0.02571595342791077,11
x_aq_vpu_top/x_aq_falu_top/x_aq_fadd_double_top/x_aq_fadd_double_add/fadd_half0_src1[15:0],29,0.0009657331246461754,2.7920689655172413,1.9270572070353988,0.7931034482758621,0.13409879433540456,11
x_aq_vpu_top/x_aq_falu_top/x_aq_fadd_double_top/x_aq_fadd_double_add/fadd_single0_src0[31:0],32,0.0010656365513337107,3.07090625,2.1195078253005306,0.875,-0.01936691902783113,21
x_aq_vpu_top/x_aq_falu_top/x_aq_fadd_double_top/x_aq_fadd_double_add/fadd_single0_src1[31:0],29,0.0009657331246461754,2.7920689655172413,1.9270572070353988,0.7931034482758621,0.13749619154545084,21
x_aq_vpu_top/x_aq_falu_top/x_aq_fadd_double_top/x_aq_fadd_double_add/ifu_vpu_warm_up,2,6.660228445835692e-05,8.55,5.901121828880168,1.0,0.17944175952243305,1
x_aq_vpu_top/x_aq_falu_top/x_aq_fadd_double_top/x_aq_fadd_double_add/add_cin,0,0.0,0.0,0.0,0.0,,0
x_aq_vpu_top/x_aq_falu_top/x_aq_fadd_double_top/x_aq_fadd_double_add/double_pipe_adder1_op2[53:0],0,0.0,0.0,0.0,0.0,,0
x_aq_vpu_top/x_aq_falu_top/x_aq_fadd_double_top/x_aq_fadd_double_add/double_pipe_adder2_op2[53:0],2,6.660228445835692e-05,9.846,6.795607663994635,1.0,-0.001818338626010619,2
x_aq_vpu_top/x_aq_falu_top/x_aq_fadd_double_top/x_aq_fadd_double_add/double_pipe_ex2_act_add,1,3.330114222917846e-05,10.872,7.503742283460255,1.0,-0.003229515705865712,1
x_aq_vpu_top/x_aq_falu_top/x_aq_fadd_double_top/x_aq_fadd_double_add/double_src0_raw[51:0],34,0.0011322388357920678,3.199264705882353,2.2080995078652914,0.8823529411764706,-0.030682360159180713,41
x_aq_vpu_top/x_aq_falu_top/x_aq_fadd_double_top/x_aq_fadd_double_add/double_src1_raw[51:0],29,0.0009657331246461754,2.7920689655172413,1.9270572070353988,0.7931034482758621,0.12408509163769182,34
x_aq_vpu_top/x_aq_falu_top/x_aq_fadd_double_top/x_aq_fadd_double_add/dp_src_a_f_orig[52:0],0,0.0,0.0,0.0,0.0,,0
x_aq_vpu_top/x_aq_falu_top/x_aq_fadd_double_top/x_aq_fadd_double_add/e_diff[11:0],6,0.00019980685337507077,3.8394999999999992,2.6499833054953683,0.5,0.07810928218228143,6
x_aq_vpu_top/x_aq_falu_top/x_aq_fadd_double_top/x_aq_fadd_double_add/e_diff_contrary[11:0],6,0.00019980685337507077,3.8394999999999992,2.6499833054953683,0.5,0.08818775145072615,6
x_aq_vpu_top/x_aq_falu_top/x_aq_fadd_double_top/x_aq_fadd_double_add/ea[10:0],40,0.0013320456891671385,3.007925,2.076038816039109,0.825,-0.03074793029985622,10
x_aq_vpu_top/x_aq_falu_top/x_aq_fadd_double_top/x_aq_fadd_double_add/eb[10:0],16,0.0005328182756668553,3.8148124999999995,2.6329442475830316,0.6875,0.12578108251363507,8
x_aq_vpu_top/x_aq_falu_top/x_aq_fadd_double_top/x_aq_fadd_double_add/ex1_act_s,0,0.0,0.0,0.0,0.0,,0
x_aq_vpu_top/x_aq_falu_top/x_aq_fadd_double_top/x_aq_fadd_double_add/ex1_act_sub,0,0.0,0.0,0.0,0.0,,0
x_aq_vpu_top/x_aq_falu_top/x_aq_fadd_double_top/x_aq_fadd_double_add/ex1_add_bypass,0,0.0,0.0,0.0,0.0,,0
x_aq_vpu_top/x_aq_falu_top/x_aq_fadd_double_top/x_aq_fadd_double_add/ex1_add_bypass_s,0,0.0,0.0,0.0,0.0,,0
x_aq_vpu_top/x_aq_falu_top/x_aq_fadd_double_top/x_aq_fadd_double_add/ex1_align_shift_result[84:0],12,0.00039961370675014153,4.0255833333333335,2.778416103194096,0.6666666666666666,,35
x_aq_vpu_top/x_aq_falu_top/x_aq_fadd_double_top/x_aq_fadd_double_add/ex1_bhalf0_fa_for_shift[7:0],32,0.0010656365513337107,3.07090625,2.1195078253005306,0.875,-0.022600087972808918,6
x_aq_vpu_top/x_aq_falu_top/x_aq_fadd_double_top/x_aq_fadd_double_add/ex1_bhalf0_fb_for_shift[7:0],29,0.0009657331246461754,2.7920689655172413,1.9270572070353988,0.7931034482758621,0.12581361354316298,6
x_aq_vpu_top/x_aq_falu_top/x_aq_fadd_double_top/x_aq_fadd_double_add/ex1_bhalf0_shift_pre[7:0],12,0.00039961370675014153,4.0255833333333335,2.778416103194096,0.6666666666666666,0.1207135372257352,4
x_aq_vpu_top/x_aq_falu_top/x_aq_fadd_double_top/x_aq_fadd_double_add/ex1_bhalf0_src0_norm,11,0.00036631256452096306,2.334363636363637,1.611153708899362,0.8181818181818182,-0.027990097785625702,1
x_aq_vpu_top/x_aq_falu_top/x_aq_fadd_double_top/x_aq_fadd_double_add/ex1_bhalf0_src1_norm,12,0.00039961370675014153,1.2130000000000003,0.8372000910446368,0.5833333333333334,0.07111475332196562,1
x_aq_vpu_top/x_aq_falu_top/x_aq_fadd_double_top/x_aq_fadd_double_add/ex1_bhalf0_src1_sel_raw[15:0],12,0.00039961370675014153,4.0255833333333335,2.778416103194096,0.6666666666666666,0.11488529560320629,9
x_aq_vpu_top/x_aq_falu_top/x_aq_fadd_double_top/x_aq_fadd_double_add/ex1_both_dn,0,0.0,0.0,0.0,0.0,,0
x_aq_vpu_top/x_aq_falu_top/x_aq_fadd_double_top/x_aq_fadd_double_add/ex1_cmp_sel,15,0.0004995171334376769,3.116266666666667,2.1508151171085736,0.8,-0.01819696689905232,1
x_aq_vpu_top/x_aq_falu_top/x_aq_fadd_double_top/x_aq_fadd_double_add/ex1_cmp_sub,15,0.0004995171334376769,3.116266666666667,2.1508151171085736,0.8,-0.01819696689905232,1
x_aq_vpu_top/x_aq_falu_top/x_aq_fadd_double_top/x_aq_fadd_double_add/ex1_double_ea[10:0],34,0.0011322388357920678,3.199264705882353,2.2080995078652914,0.8823529411764706,-0.028443846087986644,10
x_aq_vpu_top/x_aq_falu_top/x_aq_fadd_double_top/x_aq_fadd_double_add/ex1_double_eb[10:0],29,0.0009657331246461754,2.7920689655172413,1.9270572070353988,0.7931034482758621,0.10161154051714737,8
x_aq_vpu_top/x_aq_falu_top/x_aq_fadd_double_top/x_aq_fadd_double_add/ex1_double_fa[52:0],34,0.0011322388357920678,3.199264705882353,2.2080995078652914,0.8823529411764706,-0.027804168924044095,42
x_aq_vpu_top/x_aq_falu_top/x_aq_fadd_double_top/x_aq_fadd_double_add/ex1_double_fa_for_shift[52:0],34,0.0011322388357920678,3.199264705882353,2.2080995078652914,0.8823529411764706,-0.027804168924044095,42
x_aq_vpu_top/x_aq_falu_top/x_aq_fadd_double_top/x_aq_fadd_double_add/ex1_double_fb[52:0],29,0.0009657331246461754,2.7920689655172413,1.9270572070353988,0.7931034482758621,0.1271509095272606,35
x_aq_vpu_top/x_aq_falu_top/x_aq_fadd_double_top/x_aq_fadd_double_add/ex1_double_fb_for_shift[52:0],29,0.0009657331246461754,2.7920689655172413,1.9270572070353988,0.7931034482758621,0.1271509095272606,35
x_aq_vpu_top/x_aq_falu_top/x_aq_fadd_double_top/x_aq_fadd_double_add/ex1_double_shift_pre[52:0],12,0.00039961370675014153,4.0255833333333335,2.778416103194096,0.6666666666666666,0.12641967403469442,35
x_aq_vpu_top/x_aq_falu_top/x_aq_fadd_double_top/x_aq_fadd_double_add/ex1_double_src0_norm,11,0.00036631256452096306,2.334363636363637,1.611153708899362,0.8181818181818182,-0.027990097785625702,1
x_aq_vpu_top/x_aq_falu_top/x_aq_fadd_double_top/x_aq_fadd_double_add/ex1_double_src1_norm,12,0.00039961370675014153,1.2130000000000003,0.8372000910446368,0.5833333333333334,0.07111475332196562,1
x_aq_vpu_top/x_aq_falu_top/x_aq_fadd_double_top/x_aq_fadd_double_add/ex1_double_src1_sel_raw[63:0],12,0.00039961370675014153,4.0255833333333335,2.778416103194096,0.6666666666666666,0.12686154177852244,40
x_aq_vpu_top/x_aq_falu_top/x_aq_fadd_double_top/x_aq_fadd_double_add/ex1_e_big[10:0],12,0.00039961370675014153,4.0255833333333335,2.778416103194096,0.6666666666666666,0.12011535576770704,7
x_aq_vpu_top/x_aq_falu_top/x_aq_fadd_double_top/x_aq_fadd_double_add/ex1_e_big_diff[11:0],40,0.0013320456891671385,3.5824,2.4725355368164106,0.775,0.014735213884771727,11
x_aq_vpu_top/x_aq_falu_top/x_aq_fadd_double_top/x_aq_fadd_double_add/ex1_e_big_s,0,0.0,0.0,0.0,0.0,,0
x_aq_vpu_top/x_aq_falu_top/x_aq_fadd_double_top/x_aq_fadd_double_add/ex1_e_big_t[10:0],12,0.00039961370675014153,4.0255833333333335,2.778416103194096,0.6666666666666666,0.12013021780829879,8
x_aq_vpu_top/x_aq_falu_top/x_aq_fadd_double_top/x_aq_fadd_double_add/ex1_e_diff_0,18,0.0005994205601252123,2.7356111111111114,1.888090578140925,0.6666666666666666,0.010712519242270324,1
x_aq_vpu_top/x_aq_falu_top/x_aq_fadd_double_top/x_aq_fadd_double_add/ex1_e_diff_1,0,0.0,0.0,0.0,0.0,,0
x_aq_vpu_top/x_aq_falu_top/x_aq_fadd_double_top/x_aq_fadd_double_add/ex1_e_ed[10:0],6,0.00019980685337507077,3.8394999999999992,2.6499833054953683,0.5,0.08017939172856045,6
x_aq_vpu_top/x_aq_falu_top/x_aq_fadd_double_top/x_aq_fadd_double_add/ex1_es,0,0.0,0.0,0.0,0.0,,0
x_aq_vpu_top/x_aq_falu_top/x_aq_fadd_double_top/x_aq_fadd_double_add/ex1_f_e_equal,18,0.0005994205601252123,2.7356111111111114,1.888090578140925,0.6666666666666666,0.010712519242270324,1
x_aq_vpu_top/x_aq_falu_top/x_aq_fadd_double_top/x_aq_fadd_double_add/ex1_for_adder_a[52:0],12,0.00039961370675014153,4.0255833333333335,2.778416103194096,0.6666666666666666,0.12601124476432896,35
x_aq_vpu_top/x_aq_falu_top/x_aq_fadd_double_top/x_aq_fadd_double_add/ex1_for_adder_a_final[52:0],12,0.00039961370675014153,4.0255833333333335,2.778416103194096,0.6666666666666666,0.11218147056619297,35
x_aq_vpu_top/x_aq_falu_top/x_aq_fadd_double_top/x_aq_fadd_double_add/ex1_for_adder_a_nor[52:0],40,0.0013320456891671385,3.5824,2.4725355368164106,0.775,0.014240411921459986,52
x_aq_vpu_top/x_aq_falu_top/x_aq_fadd_double_top/x_aq_fadd_double_add/ex1_for_align_shift[52:0],12,0.00039961370675014153,4.0255833333333335,2.778416103194096,0.6666666666666666,0.12641967403469442,35
x_aq_vpu_top/x_aq_falu_top/x_aq_fadd_double_top/x_aq_fadd_double_add/ex1_half0_fa_for_shift[10:0],32,0.0010656365513337107,3.07090625,2.1195078253005306,0.875,-0.02489570298252815,8
x_aq_vpu_top/x_aq_falu_top/x_aq_fadd_double_top/x_aq_fadd_double_add/ex1_half0_fb_for_shift[10:0],29,0.0009657331246461754,2.7920689655172413,1.9270572070353988,0.7931034482758621,0.11882629939441394,10
x_aq_vpu_top/x_aq_falu_top/x_aq_fadd_double_top/x_aq_fadd_double_add/ex1_half0_shift_pre[10:0],12,0.00039961370675014153,4.0255833333333335,2.778416103194096,0.6666666666666666,0.11300593760026079,7
x_aq_vpu_top/x_aq_falu_top/x_aq_fadd_double_top/x_aq_fadd_double_add/ex1_half0_src0_norm,11,0.00036631256452096306,2.334363636363637,1.611153708899362,0.8181818181818182,-0.027990097785625702,1
x_aq_vpu_top/x_aq_falu_top/x_aq_fadd_double_top/x_aq_fadd_double_add/ex1_half0_src1_norm,12,0.00039961370675014153,1.2130000000000003,0.8372000910446368,0.5833333333333334,0.07111475332196562,1
x_aq_vpu_top/x_aq_falu_top/x_aq_fadd_double_top/x_aq_fadd_double_add/ex1_half0_src1_sel_raw[15:0],12,0.00039961370675014153,4.0255833333333335,2.778416103194096,0.6666666666666666,0.10104973422769883,9
x_aq_vpu_top/x_aq_falu_top/x_aq_fadd_double_top/x_aq_fadd_double_add/ex1_r_0_sign,0,0.0,0.0,0.0,0.0,,0
x_aq_vpu_top/x_aq_falu_top/x_aq_fadd_double_top/x_aq_fadd_double_add/ex1_shift_no_limit,0,0.0,0.0,0.0,0.0,,0
x_aq_vpu_top/x_aq_falu_top/x_aq_fadd_double_top/x_aq_fadd_double_add/ex1_single0_fa[23:0],32,0.0010656365513337107,3.07090625,2.1195078253005306,0.875,-0.02021316264754332,16
x_aq_vpu_top/x_aq_falu_top/x_aq_fadd_double_top/x_aq_fadd_double_add/ex1_single0_fa_for_shift[23:0],32,0.0010656365513337107,3.07090625,2.1195078253005306,0.875,-0.02021316264754332,16
x_aq_vpu_top/x_aq_falu_top/x_aq_fadd_double_top/x_aq_fadd_double_add/ex1_single0_fb[23:0],29,0.0009657331246461754,2.7920689655172413,1.9270572070353988,0.7931034482758621,0.11814362530095264,16
x_aq_vpu_top/x_aq_falu_top/x_aq_fadd_double_top/x_aq_fadd_double_add/ex1_single0_fb_for_shift[23:0],29,0.0009657331246461754,2.7920689655172413,1.9270572070353988,0.7931034482758621,0.11814362530095264,16
x_aq_vpu_top/x_aq_falu_top/x_aq_fadd_double_top/x_aq_fadd_double_add/ex1_single0_shift_pre[23:0],12,0.00039961370675014153,4.0255833333333335,2.778416103194096,0.6666666666666666,0.11785302840860275,16
x_aq_vpu_top/x_aq_falu_top/x_aq_fadd_double_top/x_aq_fadd_double_add/ex1_single0_src0_norm,11,0.00036631256452096306,2.334363636363637,1.611153708899362,0.8181818181818182,-0.027990097785625702,1
x_aq_vpu_top/x_aq_falu_top/x_aq_fadd_double_top/x_aq_fadd_double_add/ex1_single0_src1_norm,12,0.00039961370675014153,1.2130000000000003,0.8372000910446368,0.5833333333333334,0.07111475332196562,1
x_aq_vpu_top/x_aq_falu_top/x_aq_fadd_double_top/x_aq_fadd_double_add/ex1_single0_src1_sel_raw[31:0],12,0.00039961370675014153,4.0255833333333335,2.778416103194096,0.6666666666666666,0.11488547547766072,17
x_aq_vpu_top/x_aq_falu_top/x_aq_fadd_double_top/x_aq_fadd_double_add/ex1_single_ea[10:0],32,0.0010656365513337107,3.07090625,2.1195078253005306,0.875,-0.024952969965437354,7
x_aq_vpu_top/x_aq_falu_top/x_aq_fadd_double_top/x_aq_fadd_double_add/ex1_single_eb[10:0],29,0.0009657331246461754,2.7920689655172413,1.9270572070353988,0.7931034482758621,0.1179585249890476,6
x_aq_vpu_top/x_aq_falu_top/x_aq_fadd_double_top/x_aq_fadd_double_add/ex1_src0_dn_0,0,0.0,0.0,0.0,0.0,,0
x_aq_vpu_top/x_aq_falu_top/x_aq_fadd_double_top/x_aq_fadd_double_add/ex1_src0_e[10:0],40,0.0013320456891671385,3.007925,2.076038816039109,0.825,-0.03074793029985622,10
x_aq_vpu_top/x_aq_falu_top/x_aq_fadd_double_top/x_aq_fadd_double_add/ex1_src0_e_raw[10:0],12,0.00039961370675014153,4.0255833333333335,2.778416103194096,0.6666666666666666,0.12013021780829879,8
x_aq_vpu_top/x_aq_falu_top/x_aq_fadd_double_top/x_aq_fadd_double_add/ex1_src0_equal_src1,18,0.0005994205601252123,2.7356111111111114,1.888090578140925,0.6666666666666666,0.010712519242270324,1
x_aq_vpu_top/x_aq_falu_top/x_aq_fadd_double_top/x_aq_fadd_double_add/ex1_src0_f_raw,0,0.0,0.0,0.0,0.0,,0
x_aq_vpu_top/x_aq_falu_top/x_aq_fadd_double_top/x_aq_fadd_double_add/ex1_src0_for_eq[52:0],40,0.0013320456891671385,3.007925,2.076038816039109,0.825,-0.03035034780899715,42
x_aq_vpu_top/x_aq_falu_top/x_aq_fadd_double_top/x_aq_fadd_double_add/ex1_src0_for_shift[52:0],40,0.0013320456891671385,3.007925,2.076038816039109,0.825,-0.03035034780899715,42
x_aq_vpu_top/x_aq_falu_top/x_aq_fadd_double_top/x_aq_fadd_double_add/ex1_src0_id,0,0.0,0.0,0.0,0.0,,0
x_aq_vpu_top/x_aq_falu_top/x_aq_fadd_double_top/x_aq_fadd_double_add/ex1_src0_raw[51:0],40,0.0013320456891671385,3.007925,2.076038816039109,0.825,-0.03226940908545107,41
x_aq_vpu_top/x_aq_falu_top/x_aq_fadd_double_top/x_aq_fadd_double_add/ex1_src0_s,11,0.00036631256452096306,4.0465454545454556,2.792883943084679,1.0,-0.035039487742918624,1
x_aq_vpu_top/x_aq_falu_top/x_aq_fadd_double_top/x_aq_fadd_double_add/ex1_src0_s_raw,0,0.0,0.0,0.0,0.0,,0
x_aq_vpu_top/x_aq_falu_top/x_aq_fadd_double_top/x_aq_fadd_double_add/ex1_src1_dn_0,0,0.0,0.0,0.0,0.0,,0
x_aq_vpu_top/x_aq_falu_top/x_aq_fadd_double_top/x_aq_fadd_double_add/ex1_src1_e[10:0],16,0.0005328182756668553,3.8148124999999995,2.6329442475830316,0.6875,0.12578108251363507,8
x_aq_vpu_top/x_aq_falu_top/x_aq_fadd_double_top/x_aq_fadd_double_add/ex1_src1_e_raw[10:0],12,0.00039961370675014153,4.0255833333333335,2.778416103194096,0.6666666666666666,0.09794695708806521,6
x_aq_vpu_top/x_aq_falu_top/x_aq_fadd_double_top/x_aq_fadd_double_add/ex1_src1_f_raw[51:0],12,0.00039961370675014153,4.0255833333333335,2.778416103194096,0.6666666666666666,0.11778870994014759,34
x_aq_vpu_top/x_aq_falu_top/x_aq_fadd_double_top/x_aq_fadd_double_add/ex1_src1_for_eq[52:0],16,0.0005328182756668553,3.8148124999999995,2.6329442475830316,0.6875,0.14170385945705705,35
x_aq_vpu_top/x_aq_falu_top/x_aq_fadd_double_top/x_aq_fadd_double_add/ex1_src1_for_shift[52:0],16,0.0005328182756668553,3.8148124999999995,2.6329442475830316,0.6875,0.14170385945705705,35
x_aq_vpu_top/x_aq_falu_top/x_aq_fadd_double_top/x_aq_fadd_double_add/ex1_src1_id,0,0.0,0.0,0.0,0.0,,0
x_aq_vpu_top/x_aq_falu_top/x_aq_fadd_double_top/x_aq_fadd_double_add/ex1_src1_raw[51:0],16,0.0005328182756668553,3.8148124999999995,2.6329442475830316,0.6875,0.13346219184905644,34
x_aq_vpu_top/x_aq_falu_top/x_aq_fadd_double_top/x_aq_fadd_double_add/ex1_src1_s,0,0.0,0.0,0.0,0.0,,0
x_aq_vpu_top/x_aq_falu_top/x_aq_fadd_double_top/x_aq_fadd_double_add/ex1_src1_s_raw,0,0.0,0.0,0.0,0.0,,0
x_aq_vpu_top/x_aq_falu_top/x_aq_fadd_double_top/x_aq_fadd_double_add/ex2_act_add,1,3.330114222917846e-05,10.872,7.503742283460255,1.0,-0.003229515705865712,1
x_aq_vpu_top/x_aq_falu_top/x_aq_fadd_double_top/x_aq_fadd_double_add/ex2_act_s_tmp,0,0.0,0.0,0.0,0.0,,0
x_aq_vpu_top/x_aq_falu_top/x_aq_fadd_double_top/x_aq_fadd_double_add/ex2_adder_b_double[116:0],0,0.0,0.0,0.0,0.0,,0
x_aq_vpu_top/x_aq_falu_top/x_aq_fadd_double_top/x_aq_fadd_double_add/ex2_adder_b_tail[54:0],0,0.0,0.0,0.0,0.0,,0
x_aq_vpu_top/x_aq_falu_top/x_aq_fadd_double_top/x_aq_fadd_double_add/ex2_adder_src1[53:0],0,0.0,0.0,0.0,0.0,,0
x_aq_vpu_top/x_aq_falu_top/x_aq_fadd_double_top/x_aq_fadd_double_add/ex2_adder_sub_r[53:0],2,6.660228445835692e-05,9.846,6.795607663994635,1.0,-0.001818338626010818,52
x_aq_vpu_top/x_aq_falu_top/x_aq_fadd_double_top/x_aq_fadd_double_add/ex2_bhalf0_add_r[11:0],0,0.0,0.0,0.0,0.0,,0
x_aq_vpu_top/x_aq_falu_top/x_aq_fadd_double_top/x_aq_fadd_double_add/ex2_bhalf0_lop_src0[8:0],0,0.0,0.0,0.0,0.0,,0
x_aq_vpu_top/x_aq_falu_top/x_aq_fadd_double_top/x_aq_fadd_double_add/ex2_bhalf0_lop_src1[8:0],0,0.0,0.0,0.0,0.0,,0
x_aq_vpu_top/x_aq_falu_top/x_aq_fadd_double_top/x_aq_fadd_double_add/ex2_bhalf0_src1_e[10:0],0,0.0,0.0,0.0,0.0,,0
x_aq_vpu_top/x_aq_falu_top/x_aq_fadd_double_top/x_aq_fadd_double_add/ex2_bhalf0_sub000xx_rslt[8:0],2,6.660228445835692e-05,9.846,6.795607663994635,1.0,-0.0018183386260109513,7
x_aq_vpu_top/x_aq_falu_top/x_aq_fadd_double_top/x_aq_fadd_double_add/ex2_bhalf0_sub_r[11:0],2,6.660228445835692e-05,9.846,6.795607663994635,1.0,-0.001818338626010693,8
x_aq_vpu_top/x_aq_falu_top/x_aq_fadd_double_top/x_aq_fadd_double_add/ex2_both_dn_n_widden,0,0.0,0.0,0.0,0.0,,0
x_aq_vpu_top/x_aq_falu_top/x_aq_fadd_double_top/x_aq_fadd_double_add/ex2_both_dn_no_widden,0,0.0,0.0,0.0,0.0,,0
x_aq_vpu_top/x_aq_falu_top/x_aq_fadd_double_top/x_aq_fadd_double_add/ex2_both_dn_widden_add,0,0.0,0.0,0.0,0.0,,0
x_aq_vpu_top/x_aq_falu_top/x_aq_fadd_double_top/x_aq_fadd_double_add/ex2_dest_widden,0,0.0,0.0,0.0,0.0,,0
x_aq_vpu_top/x_aq_falu_top/x_aq_fadd_double_top/x_aq_fadd_double_add/ex2_double_add_inc1_r[56:0],2,6.660228445835692e-05,9.846,6.795607663994635,1.0,-0.001818338626010619,2
x_aq_vpu_top/x_aq_falu_top/x_aq_fadd_double_top/x_aq_fadd_double_add/ex2_double_add_inc2_r[56:0],2,6.660228445835692e-05,9.846,6.795607663994635,1.0,-0.001818338626010619,2
x_aq_vpu_top/x_aq_falu_top/x_aq_fadd_double_top/x_aq_fadd_double_add/ex2_double_add_op1[10:0],0,0.0,0.0,0.0,0.0,,0
x_aq_vpu_top/x_aq_falu_top/x_aq_fadd_double_top/x_aq_fadd_double_add/ex2_double_add_op2[10:0],0,0.0,0.0,0.0,0.0,,0
x_aq_vpu_top/x_aq_falu_top/x_aq_fadd_double_top/x_aq_fadd_double_add/ex2_double_add_r[56:0],0,0.0,0.0,0.0,0.0,,0
x_aq_vpu_top/x_aq_falu_top/x_aq_fadd_double_top/x_aq_fadd_double_add/ex2_double_b_sub_a_r[53:0],0,0.0,0.0,0.0,0.0,,0
x_aq_vpu_top/x_aq_falu_top/x_aq_fadd_double_top/x_aq_fadd_double_add/ex2_double_e_add_rslt[10:0],0,0.0,0.0,0.0,0.0,,0
x_aq_vpu_top/x_aq_falu_top/x_aq_fadd_double_top/x_aq_fadd_double_add/ex2_double_e_adjust[5:0],0,0.0,0.0,0.0,0.0,,0
x_aq_vpu_top/x_aq_falu_top/x_aq_fadd_double_top/x_aq_fadd_double_add/ex2_double_lop_src0[53:0],0,0.0,0.0,0.0,0.0,,0
x_aq_vpu_top/x_aq_falu_top/x_aq_fadd_double_top/x_aq_fadd_double_add/ex2_double_lop_src1[53:0],0,0.0,0.0,0.0,0.0,,0
x_aq_vpu_top/x_aq_falu_top/x_aq_fadd_double_top/x_aq_fadd_double_add/ex2_double_pipe_add1_rslt[53:0],0,0.0,0.0,0.0,0.0,,0
x_aq_vpu_top/x_aq_falu_top/x_aq_fadd_double_top/x_aq_fadd_double_add/ex2_double_pipe_add2_rslt[53:0],2,6.660228445835692e-05,9.846,6.795607663994635,1.0,-0.001818338626010619,2
x_aq_vpu_top/x_aq_falu_top/x_aq_fadd_double_top/x_aq_fadd_double_add/ex2_double_src1_e[10:0],0,0.0,0.0,0.0,0.0,,0
x_aq_vpu_top/x_aq_falu_top/x_aq_fadd_double_top/x_aq_fadd_double_add/ex2_double_sub000xx_rslt[53:0],2,6.660228445835692e-05,9.846,6.795607663994635,1.0,-0.0018183386260107552,52
x_aq_vpu_top/x_aq_falu_top/x_aq_fadd_double_top/x_aq_fadd_double_add/ex2_double_sub_inc1_r[56:0],2,6.660228445835692e-05,9.846,6.795607663994635,1.0,-0.0018183386260106121,54
x_aq_vpu_top/x_aq_falu_top/x_aq_fadd_double_top/x_aq_fadd_double_add/ex2_double_sub_inc2_r[56:0],2,6.660228445835692e-05,9.846,6.795607663994635,1.0,-0.001818338626010818,53
x_aq_vpu_top/x_aq_falu_top/x_aq_fadd_double_top/x_aq_fadd_double_add/ex2_double_sub_r[56:0],2,6.660228445835692e-05,9.846,6.795607663994635,1.0,-0.001818338626010818,53
x_aq_vpu_top/x_aq_falu_top/x_aq_fadd_double_top/x_aq_fadd_double_add/ex2_e_add_op1[10:0],0,0.0,0.0,0.0,0.0,,0
x_aq_vpu_top/x_aq_falu_top/x_aq_fadd_double_top/x_aq_fadd_double_add/ex2_e_add_op2[10:0],0,0.0,0.0,0.0,0.0,,0
x_aq_vpu_top/x_aq_falu_top/x_aq_fadd_double_top/x_aq_fadd_double_add/ex2_e_adjust_pre[5:0],0,0.0,0.0,0.0,0.0,,0
x_aq_vpu_top/x_aq_falu_top/x_aq_fadd_double_top/x_aq_fadd_double_add/ex2_e_onehot[63:0],2,6.660228445835692e-05,9.846,6.795607663994635,1.0,-0.001818338626010619,2
x_aq_vpu_top/x_aq_falu_top/x_aq_fadd_double_top/x_aq_fadd_double_add/ex2_e_onehot_mask[53:0],0,0.0,0.0,0.0,0.0,,0
x_aq_vpu_top/x_aq_falu_top/x_aq_fadd_double_top/x_aq_fadd_double_add/ex2_grs[2:0],0,0.0,0.0,0.0,0.0,,0
x_aq_vpu_top/x_aq_falu_top/x_aq_fadd_double_top/x_aq_fadd_double_add/ex2_half0_add_r[14:0],0,0.0,0.0,0.0,0.0,,0
x_aq_vpu_top/x_aq_falu_top/x_aq_fadd_double_top/x_aq_fadd_double_add/ex2_half0_lop_src0[11:0],0,0.0,0.0,0.0,0.0,,0
x_aq_vpu_top/x_aq_falu_top/x_aq_fadd_double_top/x_aq_fadd_double_add/ex2_half0_lop_src1[11:0],0,0.0,0.0,0.0,0.0,,0
x_aq_vpu_top/x_aq_falu_top/x_aq_fadd_double_top/x_aq_fadd_double_add/ex2_half0_src1_e[10:0],0,0.0,0.0,0.0,0.0,,0
x_aq_vpu_top/x_aq_falu_top/x_aq_fadd_double_top/x_aq_fadd_double_add/ex2_half0_sub000xx_rslt[11:0],2,6.660228445835692e-05,9.846,6.795607663994635,1.0,-0.0018183386260107201,10
x_aq_vpu_top/x_aq_falu_top/x_aq_fadd_double_top/x_aq_fadd_double_add/ex2_half0_sub_r[14:0],2,6.660228445835692e-05,9.846,6.795607663994635,1.0,-0.0018183386260109445,11
x_aq_vpu_top/x_aq_falu_top/x_aq_fadd_double_top/x_aq_fadd_double_add/ex2_lop_src0[53:0],0,0.0,0.0,0.0,0.0,,0
x_aq_vpu_top/x_aq_falu_top/x_aq_fadd_double_top/x_aq_fadd_double_add/ex2_lop_src1[53:0],0,0.0,0.0,0.0,0.0,,0
x_aq_vpu_top/x_aq_falu_top/x_aq_fadd_double_top/x_aq_fadd_double_add/ex2_no_dn_no_widden,1,3.330114222917846e-05,10.872,7.503742283460255,1.0,-0.003229515705865712,1
x_aq_vpu_top/x_aq_falu_top/x_aq_fadd_double_top/x_aq_fadd_double_add/ex2_nx,0,0.0,0.0,0.0,0.0,,0
x_aq_vpu_top/x_aq_falu_top/x_aq_fadd_double_top/x_aq_fadd_double_add/ex2_op_no_sel,0,0.0,0.0,0.0,0.0,,0
x_aq_vpu_top/x_aq_falu_top/x_aq_fadd_double_top/x_aq_fadd_double_add/ex2_r_add01xxx,0,0.0,0.0,0.0,0.0,,0
x_aq_vpu_top/x_aq_falu_top/x_aq_fadd_double_top/x_aq_fadd_double_add/ex2_r_add1xxxx,0,0.0,0.0,0.0,0.0,,0
x_aq_vpu_top/x_aq_falu_top/x_aq_fadd_double_top/x_aq_fadd_double_add/ex2_r_sel000xx,0,0.0,0.0,0.0,0.0,,0
x_aq_vpu_top/x_aq_falu_top/x_aq_fadd_double_top/x_aq_fadd_double_add/ex2_r_sub000xx,0,0.0,0.0,0.0,0.0,,0
x_aq_vpu_top/x_aq_falu_top/x_aq_fadd_double_top/x_aq_fadd_double_add/ex2_r_sub001xx,0,0.0,0.0,0.0,0.0,,0
x_aq_vpu_top/x_aq_falu_top/x_aq_fadd_double_top/x_aq_fadd_double_add/ex2_r_sub01xxx,0,0.0,0.0,0.0,0.0,,0
x_aq_vpu_top/x_aq_falu_top/x_aq_fadd_double_top/x_aq_fadd_double_add/ex2_rst_shift,0,0.0,0.0,0.0,0.0,,0
x_aq_vpu_top/x_aq_falu_top/x_aq_fadd_double_top/x_aq_fadd_double_add/ex2_single0_add_r[27:0],0,0.0,0.0,0.0,0.0,,0
x_aq_vpu_top/x_aq_falu_top/x_aq_fadd_double_top/x_aq_fadd_double_add/ex2_single0_lop_src0[24:0],0,0.0,0.0,0.0,0.0,,0
x_aq_vpu_top/x_aq_falu_top/x_aq_fadd_double_top/x_aq_fadd_double_add/ex2_single0_lop_src1[24:0],0,0.0,0.0,0.0,0.0,,0
x_aq_vpu_top/x_aq_falu_top/x_aq_fadd_double_top/x_aq_fadd_double_add/ex2_single0_src1_e[10:0],0,0.0,0.0,0.0,0.0,,0
x_aq_vpu_top/x_aq_falu_top/x_aq_fadd_double_top/x_aq_fadd_double_add/ex2_single0_sub000xx_rslt[24:0],2,6.660228445835692e-05,9.846,6.795607663994635,1.0,-0.0018183386260109437,23
x_aq_vpu_top/x_aq_falu_top/x_aq_fadd_double_top/x_aq_fadd_double_add/ex2_single0_sub_r[27:0],2,6.660228445835692e-05,9.846,6.795607663994635,1.0,-0.0018183386260106247,24
x_aq_vpu_top/x_aq_falu_top/x_aq_fadd_double_top/x_aq_fadd_double_add/ex2_single_half_e_add_rslt[10:0],0,0.0,0.0,0.0,0.0,,0
x_aq_vpu_top/x_aq_falu_top/x_aq_fadd_double_top/x_aq_fadd_double_add/ex2_single_half_e_rslt[10:0],0,0.0,0.0,0.0,0.0,,0
x_aq_vpu_top/x_aq_falu_top/x_aq_fadd_double_top/x_aq_fadd_double_add/ex2_src0_e_eq_0,1,3.330114222917846e-05,10.872,7.503742283460255,1.0,-0.003229515705865712,1
x_aq_vpu_top/x_aq_falu_top/x_aq_fadd_double_top/x_aq_fadd_double_add/ex2_src0_eq_src1,1,3.330114222917846e-05,10.872,7.503742283460255,1.0,-0.003229515705865712,1
x_aq_vpu_top/x_aq_falu_top/x_aq_fadd_double_top/x_aq_fadd_double_add/ex2_src1_e[10:0],0,0.0,0.0,0.0,0.0,,0
x_aq_vpu_top/x_aq_falu_top/x_aq_fadd_double_top/x_aq_fadd_double_add/ex2_sub_1,0,0.0,0.0,0.0,0.0,,0
x_aq_vpu_top/x_aq_falu_top/x_aq_fadd_double_top/x_aq_fadd_double_add/ex2_sub_grs[2:0],0,0.0,0.0,0.0,0.0,,0
x_aq_vpu_top/x_aq_falu_top/x_aq_fadd_double_top/x_aq_fadd_double_add/ex2_sub_neg,0,0.0,0.0,0.0,0.0,,0
x_aq_vpu_top/x_aq_falu_top/x_aq_fadd_double_top/x_aq_fadd_double_add/ex2_sub_r_shift[27:0],2,6.660228445835692e-05,9.846,6.795607663994635,1.0,-0.0018183386260106247,24
x_aq_vpu_top/x_aq_falu_top/x_aq_fadd_double_top/x_aq_fadd_double_add/ex2_sub_r_shift_t[27:0],2,6.660228445835692e-05,9.846,6.795607663994635,1.0,-0.0018183386260106247,24
x_aq_vpu_top/x_aq_falu_top/x_aq_fadd_double_top/x_aq_fadd_double_add/ex2_sub_sel_m1,0,0.0,0.0,0.0,0.0,,0
x_aq_vpu_top/x_aq_falu_top/x_aq_fadd_double_top/x_aq_fadd_double_add/ex2_widden_potnt_sub000,0,0.0,0.0,0.0,0.0,,0
x_aq_vpu_top/x_aq_falu_top/x_aq_fadd_double_top/x_aq_fadd_double_add/ex3_act_add,1,3.330114222917846e-05,10.572000000000003,7.29668537718376,1.0,-0.00423755856826886,1
x_aq_vpu_top/x_aq_falu_top/x_aq_fadd_double_top/x_aq_fadd_double_add/ex3_bhalf0_f[6:0],0,0.0,0.0,0.0,0.0,,0
x_aq_vpu_top/x_aq_falu_top/x_aq_fadd_double_top/x_aq_fadd_double_add/ex3_d_norm_e[10:0],0,0.0,0.0,0.0,0.0,,0
x_aq_vpu_top/x_aq_falu_top/x_aq_fadd_double_top/x_aq_fadd_double_add/ex3_d_sel_adder,0,0.0,0.0,0.0,0.0,,0
x_aq_vpu_top/x_aq_falu_top/x_aq_fadd_double_top/x_aq_fadd_double_add/ex3_double_dn,0,0.0,0.0,0.0,0.0,,0
x_aq_vpu_top/x_aq_falu_top/x_aq_fadd_double_top/x_aq_fadd_double_add/ex3_double_f[51:0],0,0.0,0.0,0.0,0.0,,0
x_aq_vpu_top/x_aq_falu_top/x_aq_fadd_double_top/x_aq_fadd_double_add/ex3_double_result_f[53:0],0,0.0,0.0,0.0,0.0,,0
x_aq_vpu_top/x_aq_falu_top/x_aq_fadd_double_top/x_aq_fadd_double_add/ex3_double_sub000xx_f[51:0],0,0.0,0.0,0.0,0.0,,0
x_aq_vpu_top/x_aq_falu_top/x_aq_fadd_double_top/x_aq_fadd_double_add/ex3_double_sub_rst[53:0],0,0.0,0.0,0.0,0.0,,0
x_aq_vpu_top/x_aq_falu_top/x_aq_fadd_double_top/x_aq_fadd_double_add/ex3_e_addr_src1[11:0],2,6.660228445835692e-05,10.722000000000001,7.4002138303220075,1.0,-0.003734112012956572,11
x_aq_vpu_top/x_aq_falu_top/x_aq_fadd_double_top/x_aq_fadd_double_add/ex3_e_max,0,0.0,0.0,0.0,0.0,,0
x_aq_vpu_top/x_aq_falu_top/x_aq_fadd_double_top/x_aq_fadd_double_add/ex3_e_sel_adder,0,0.0,0.0,0.0,0.0,,0
x_aq_vpu_top/x_aq_falu_top/x_aq_fadd_double_top/x_aq_fadd_double_add/ex3_e_tmp_0[11:0],1,3.330114222917846e-05,10.572000000000003,7.29668537718376,1.0,-0.00423755856826886,1
x_aq_vpu_top/x_aq_falu_top/x_aq_fadd_double_top/x_aq_fadd_double_add/ex3_expt_nx,0,0.0,0.0,0.0,0.0,,0
x_aq_vpu_top/x_aq_falu_top/x_aq_fadd_double_top/x_aq_fadd_double_add/ex3_expt_of,0,0.0,0.0,0.0,0.0,,0
x_aq_vpu_top/x_aq_falu_top/x_aq_fadd_double_top/x_aq_fadd_double_add/ex3_half0_f[9:0],0,0.0,0.0,0.0,0.0,,0
x_aq_vpu_top/x_aq_falu_top/x_aq_fadd_double_top/x_aq_fadd_double_add/ex3_no_d_norm_e[10:0],0,0.0,0.0,0.0,0.0,,0
x_aq_vpu_top/x_aq_falu_top/x_aq_fadd_double_top/x_aq_fadd_double_add/ex3_norm_double_f[51:0],0,0.0,0.0,0.0,0.0,,0
x_aq_vpu_top/x_aq_falu_top/x_aq_fadd_double_top/x_aq_fadd_double_add/ex3_r_0,0,0.0,0.0,0.0,0.0,,0
x_aq_vpu_top/x_aq_falu_top/x_aq_fadd_double_top/x_aq_fadd_double_add/ex3_r_inf,0,0.0,0.0,0.0,0.0,,0
x_aq_vpu_top/x_aq_falu_top/x_aq_fadd_double_top/x_aq_fadd_double_add/ex3_r_lfn,0,0.0,0.0,0.0,0.0,,0
x_aq_vpu_top/x_aq_falu_top/x_aq_fadd_double_top/x_aq_fadd_double_add/ex3_r_lfn_sel,0,0.0,0.0,0.0,0.0,,0
x_aq_vpu_top/x_aq_falu_top/x_aq_fadd_double_top/x_aq_fadd_double_add/ex3_r_sub000xx,0,0.0,0.0,0.0,0.0,,0
x_aq_vpu_top/x_aq_falu_top/x_aq_fadd_double_top/x_aq_fadd_double_add/ex3_single0_f[22:0],0,0.0,0.0,0.0,0.0,,0
x_aq_vpu_top/x_aq_falu_top/x_aq_fadd_double_top/x_aq_fadd_double_add/ex3_sub_rst_shift[53:0],0,0.0,0.0,0.0,0.0,,0
x_aq_vpu_top/x_aq_falu_top/x_aq_fadd_double_top/x_aq_fadd_double_add/ex3_to_dn,0,0.0,0.0,0.0,0.0,,0
x_aq_vpu_top/x_aq_falu_top/x_aq_fadd_double_top/x_aq_fadd_double_add/fadd_ex1_act_sub,0,0.0,0.0,0.0,0.0,,0
x_aq_vpu_top/x_aq_falu_top/x_aq_fadd_double_top/x_aq_fadd_double_add/fadd_ex1_op_add_sub,0,0.0,0.0,0.0,0.0,,0
x_aq_vpu_top/x_aq_falu_top/x_aq_fadd_double_top/x_aq_fadd_double_add/ff1_pred_bh_b[4:0],0,0.0,0.0,0.0,0.0,,0
x_aq_vpu_top/x_aq_falu_top/x_aq_fadd_double_top/x_aq_fadd_double_add/ff1_pred_d_b[5:0],0,0.0,0.0,0.0,0.0,,0
x_aq_vpu_top/x_aq_falu_top/x_aq_fadd_double_top/x_aq_fadd_double_add/ff1_pred_h_b[4:0],0,0.0,0.0,0.0,0.0,,0
x_aq_vpu_top/x_aq_falu_top/x_aq_fadd_double_top/x_aq_fadd_double_add/ff1_pred_s_b[4:0],0,0.0,0.0,0.0,0.0,,0
x_aq_vpu_top/x_aq_falu_top/x_aq_fadd_double_top/x_aq_fadd_double_add/left_shift_cnt[5:0],0,0.0,0.0,0.0,0.0,,0
x_aq_vpu_top/x_aq_falu_top/x_aq_fadd_double_top/x_aq_fadd_double_add/sa,11,0.00036631256452096306,4.0465454545454556,2.792883943084679,1.0,-0.035039487742918624,1
x_aq_vpu_top/x_aq_falu_top/x_aq_fadd_double_top/x_aq_fadd_double_add/sb,0,0.0,0.0,0.0,0.0,,0
x_aq_vpu_top/x_aq_falu_top/x_aq_fadd_double_top/x_aq_fadd_double_add/single0_src0_raw[22:0],32,0.0010656365513337107,3.07090625,2.1195078253005306,0.875,-0.006608738807248512,15
x_aq_vpu_top/x_aq_falu_top/x_aq_fadd_double_top/x_aq_fadd_double_add/single0_src1_raw[22:0],29,0.0009657331246461754,2.7920689655172413,1.9270572070353988,0.7931034482758621,0.10406685870642174,16
x_aq_vpu_top/x_aq_falu_top/x_aq_fadd_double_top/x_aq_fadd_double_add/sub000_shift_value[27:0],2,6.660228445835692e-05,9.846,6.795607663994635,1.0,-0.0018183386260106247,24
x_aq_vpu_top/x_aq_falu_top/x_aq_fadd_double_top/x_aq_fadd_double_add/x_aq_fadd_lop_s1_s_b/act_sub,0,0.0,0.0,0.0,0.0,,0
x_aq_vpu_top/x_aq_falu_top/x_aq_fadd_double_top/x_aq_fadd_double_add/x_aq_fadd_lop_s1_s_b/ff1_mask[53:0],0,0.0,0.0,0.0,0.0,,0
x_aq_vpu_top/x_aq_falu_top/x_aq_fadd_double_top/x_aq_fadd_double_add/x_aq_fadd_lop_s1_s_b/ff1_pred_bh[4:0],0,0.0,0.0,0.0,0.0,,0
x_aq_vpu_top/x_aq_falu_top/x_aq_fadd_double_top/x_aq_fadd_double_add/x_aq_fadd_lop_s1_s_b/ff1_pred_d[5:0],0,0.0,0.0,0.0,0.0,,0
x_aq_vpu_top/x_aq_falu_top/x_aq_fadd_double_top/x_aq_fadd_double_add/x_aq_fadd_lop_s1_s_b/ff1_pred_h[4:0],0,0.0,0.0,0.0,0.0,,0
x_aq_vpu_top/x_aq_falu_top/x_aq_fadd_double_top/x_aq_fadd_double_add/x_aq_fadd_lop_s1_s_b/ff1_pred_s[4:0],0,0.0,0.0,0.0,0.0,,0
x_aq_vpu_top/x_aq_falu_top/x_aq_fadd_double_top/x_aq_fadd_double_add/x_aq_fadd_lop_s1_s_b/src0_adder[53:0],0,0.0,0.0,0.0,0.0,,0
x_aq_vpu_top/x_aq_falu_top/x_aq_fadd_double_top/x_aq_fadd_double_add/x_aq_fadd_lop_s1_s_b/src1_adder[53:0],0,0.0,0.0,0.0,0.0,,0
x_aq_vpu_top/x_aq_falu_top/x_aq_fadd_double_top/x_aq_fadd_double_add/x_aq_fadd_lop_s1_s_b/close_adder0_t0[53:0],0,0.0,0.0,0.0,0.0,,0
x_aq_vpu_top/x_aq_falu_top/x_aq_fadd_double_top/x_aq_fadd_double_add/x_aq_fadd_lop_s1_s_b/close_adder1_t0[53:0],0,0.0,0.0,0.0,0.0,,0
x_aq_vpu_top/x_aq_falu_top/x_aq_fadd_double_top/x_aq_fadd_double_add/x_aq_fadd_lop_s1_s_b/close_ff1_a_t0[53:0],0,0.0,0.0,0.0,0.0,,0
x_aq_vpu_top/x_aq_falu_top/x_aq_fadd_double_top/x_aq_fadd_double_add/x_aq_fadd_lop_s1_s_b/close_ff1_b_t0[53:0],0,0.0,0.0,0.0,0.0,,0
x_aq_vpu_top/x_aq_falu_top/x_aq_fadd_double_top/x_aq_fadd_double_add/x_aq_fadd_lop_s1_s_b/close_ff1_c_t0[53:0],0,0.0,0.0,0.0,0.0,,0
x_aq_vpu_top/x_aq_falu_top/x_aq_fadd_double_top/x_aq_fadd_double_add/x_aq_fadd_lop_s1_s_b/close_ff1_f_t0[53:0],0,0.0,0.0,0.0,0.0,,0
x_aq_vpu_top/x_aq_falu_top/x_aq_fadd_double_top/x_aq_fadd_double_add/x_aq_fadd_lop_s1_s_b/close_ff1_g_t0[53:0],0,0.0,0.0,0.0,0.0,,0
x_aq_vpu_top/x_aq_falu_top/x_aq_fadd_double_top/x_aq_fadd_double_add/x_aq_fadd_lop_s1_s_b/close_ff1_t_t0[53:0],0,0.0,0.0,0.0,0.0,,0
x_aq_vpu_top/x_aq_falu_top/x_aq_fadd_double_top/x_aq_fadd_double_add/x_aq_fadd_lop_s1_s_b/close_ff1_z_t0[53:0],2,6.660228445835692e-05,9.846,6.795607663994635,1.0,-0.001818338626010619,53
x_aq_vpu_top/x_aq_falu_top/x_aq_fadd_double_top/x_aq_fadd_double_add/x_aq_fadd_lop_s1_s_b/ff1_code[53:0],0,0.0,0.0,0.0,0.0,,0
x_aq_vpu_top/x_aq_falu_top/x_aq_fadd_double_top/x_aq_fadd_double_add/x_aq_fadd_shift_sub/data_in[27:0],2,6.660228445835692e-05,9.846,6.795607663994635,1.0,-0.0018183386260106247,24
x_aq_vpu_top/x_aq_falu_top/x_aq_fadd_double_top/x_aq_fadd_double_add/x_aq_fadd_shift_sub/data_out[27:0],2,6.660228445835692e-05,9.846,6.795607663994635,1.0,-0.0018183386260106247,24
x_aq_vpu_top/x_aq_falu_top/x_aq_fadd_double_top/x_aq_fadd_double_add/x_aq_fadd_shift_sub/shift_cnt[4:0],0,0.0,0.0,0.0,0.0,,0
x_aq_vpu_top/x_aq_falu_top/x_aq_fadd_double_top/x_aq_fadd_double_add/x_aq_fadd_shift_sub/cnt[4:0],0,0.0,0.0,0.0,0.0,,0
x_aq_vpu_top/x_aq_falu_top/x_aq_fadd_double_top/x_aq_fadd_double_add/x_aq_fadd_shift_sub/data_shift_pre[27:0],2,6.660228445835692e-05,9.846,6.795607663994635,1.0,-0.0018183386260106247,24
x_aq_vpu_top/x_aq_falu_top/x_aq_fadd_double_top/x_aq_fadd_double_add/x_aq_fadd_double_round/ex2_act_s,0,0.0,0.0,0.0,0.0,,0
x_aq_vpu_top/x_aq_falu_top/x_aq_fadd_double_top/x_aq_fadd_double_add/x_aq_fadd_double_round/ex2_adder_sub_r[53:0],2,6.660228445835692e-05,9.846,6.795607663994635,1.0,-0.001818338626010818,52
x_aq_vpu_top/x_aq_falu_top/x_aq_fadd_double_top/x_aq_fadd_double_add/x_aq_fadd_double_round/ex2_bhalf0_addsub_rslt[8:0],0,0.0,0.0,0.0,0.0,,0
x_aq_vpu_top/x_aq_falu_top/x_aq_fadd_double_top/x_aq_fadd_double_add/x_aq_fadd_double_round/ex2_bhalf0_sub000xx_rslt[8:0],2,6.660228445835692e-05,9.846,6.795607663994635,1.0,-0.0018183386260109513,7
x_aq_vpu_top/x_aq_falu_top/x_aq_fadd_double_top/x_aq_fadd_double_add/x_aq_fadd_double_round/ex2_both_dn_no_widden,0,0.0,0.0,0.0,0.0,,0
x_aq_vpu_top/x_aq_falu_top/x_aq_fadd_double_top/x_aq_fadd_double_add/x_aq_fadd_double_round/ex2_double_add_inc1_r[56:0],2,6.660228445835692e-05,9.846,6.795607663994635,1.0,-0.001818338626010619,2
x_aq_vpu_top/x_aq_falu_top/x_aq_fadd_double_top/x_aq_fadd_double_add/x_aq_fadd_double_round/ex2_double_add_inc2_r[56:0],2,6.660228445835692e-05,9.846,6.795607663994635,1.0,-0.001818338626010619,2
x_aq_vpu_top/x_aq_falu_top/x_aq_fadd_double_top/x_aq_fadd_double_add/x_aq_fadd_double_round/ex2_double_add_r[56:0],0,0.0,0.0,0.0,0.0,,0
x_aq_vpu_top/x_aq_falu_top/x_aq_fadd_double_top/x_aq_fadd_double_add/x_aq_fadd_double_round/ex2_double_addsub_rslt[53:0],0,0.0,0.0,0.0,0.0,,0
x_aq_vpu_top/x_aq_falu_top/x_aq_fadd_double_top/x_aq_fadd_double_add/x_aq_fadd_double_round/ex2_double_sub000xx_rslt[53:0],2,6.660228445835692e-05,9.846,6.795607663994635,1.0,-0.0018183386260107552,52
x_aq_vpu_top/x_aq_falu_top/x_aq_fadd_double_top/x_aq_fadd_double_add/x_aq_fadd_double_round/ex2_double_sub_inc1_r[56:0],2,6.660228445835692e-05,9.846,6.795607663994635,1.0,-0.0018183386260106121,54
x_aq_vpu_top/x_aq_falu_top/x_aq_fadd_double_top/x_aq_fadd_double_add/x_aq_fadd_double_round/ex2_double_sub_inc2_r[56:0],2,6.660228445835692e-05,9.846,6.795607663994635,1.0,-0.001818338626010818,53
x_aq_vpu_top/x_aq_falu_top/x_aq_fadd_double_top/x_aq_fadd_double_add/x_aq_fadd_double_round/ex2_double_sub_r[56:0],2,6.660228445835692e-05,9.846,6.795607663994635,1.0,-0.001818338626010818,53
x_aq_vpu_top/x_aq_falu_top/x_aq_fadd_double_top/x_aq_fadd_double_add/x_aq_fadd_double_round/ex2_half0_addsub_rslt[11:0],0,0.0,0.0,0.0,0.0,,0
x_aq_vpu_top/x_aq_falu_top/x_aq_fadd_double_top/x_aq_fadd_double_add/x_aq_fadd_double_round/ex2_half0_sub000xx_rslt[11:0],2,6.660228445835692e-05,9.846,6.795607663994635,1.0,-0.0018183386260107201,10
x_aq_vpu_top/x_aq_falu_top/x_aq_fadd_double_top/x_aq_fadd_double_add/x_aq_fadd_double_round/ex2_nx,0,0.0,0.0,0.0,0.0,,0
x_aq_vpu_top/x_aq_falu_top/x_aq_fadd_double_top/x_aq_fadd_double_add/x_aq_fadd_double_round/ex2_r_add01xxx,0,0.0,0.0,0.0,0.0,,0
x_aq_vpu_top/x_aq_falu_top/x_aq_fadd_double_top/x_aq_fadd_double_add/x_aq_fadd_double_round/ex2_r_add1xxxx,0,0.0,0.0,0.0,0.0,,0
x_aq_vpu_top/x_aq_falu_top/x_aq_fadd_double_top/x_aq_fadd_double_add/x_aq_fadd_double_round/ex2_r_sel000xx,0,0.0,0.0,0.0,0.0,,0
x_aq_vpu_top/x_aq_falu_top/x_aq_fadd_double_top/x_aq_fadd_double_add/x_aq_fadd_double_round/ex2_r_sub000xx,0,0.0,0.0,0.0,0.0,,0
x_aq_vpu_top/x_aq_falu_top/x_aq_fadd_double_top/x_aq_fadd_double_add/x_aq_fadd_double_round/ex2_r_sub001xx,0,0.0,0.0,0.0,0.0,,0
x_aq_vpu_top/x_aq_falu_top/x_aq_fadd_double_top/x_aq_fadd_double_add/x_aq_fadd_double_round/ex2_r_sub01xxx,0,0.0,0.0,0.0,0.0,,0
x_aq_vpu_top/x_aq_falu_top/x_aq_fadd_double_top/x_aq_fadd_double_add/x_aq_fadd_double_round/ex2_rdn,0,0.0,0.0,0.0,0.0,,0
x_aq_vpu_top/x_aq_falu_top/x_aq_fadd_double_top/x_aq_fadd_double_add/x_aq_fadd_double_round/ex2_rmm,0,0.0,0.0,0.0,0.0,,0
x_aq_vpu_top/x_aq_falu_top/x_aq_fadd_double_top/x_aq_fadd_double_add/x_aq_fadd_double_round/ex2_rne,1,3.330114222917846e-05,4.232999999999998,2.9215729475613728,1.0,-0.006668315010452631,1
x_aq_vpu_top/x_aq_falu_top/x_aq_fadd_double_top/x_aq_fadd_double_add/x_aq_fadd_double_round/ex2_rtz,0,0.0,0.0,0.0,0.0,,0
x_aq_vpu_top/x_aq_falu_top/x_aq_fadd_double_top/x_aq_fadd_double_add/x_aq_fadd_double_round/ex2_rup,0,0.0,0.0,0.0,0.0,,0
x_aq_vpu_top/x_aq_falu_top/x_aq_fadd_double_top/x_aq_fadd_double_add/x_aq_fadd_double_round/ex2_single0_addsub_rslt[24:0],0,0.0,0.0,0.0,0.0,,0
x_aq_vpu_top/x_aq_falu_top/x_aq_fadd_double_top/x_aq_fadd_double_add/x_aq_fadd_double_round/ex2_single0_sub000xx_rslt[24:0],2,6.660228445835692e-05,9.846,6.795607663994635,1.0,-0.0018183386260109437,23
x_aq_vpu_top/x_aq_falu_top/x_aq_fadd_double_top/x_aq_fadd_double_add/x_aq_fadd_double_round/ex2_special_value_vld,0,0.0,0.0,0.0,0.0,,0
x_aq_vpu_top/x_aq_falu_top/x_aq_fadd_double_top/x_aq_fadd_double_add/x_aq_fadd_double_round/ex2_add01xxx_rdn_inc1,0,0.0,0.0,0.0,0.0,,0
x_aq_vpu_top/x_aq_falu_top/x_aq_fadd_double_top/x_aq_fadd_double_add/x_aq_fadd_double_round/ex2_add01xxx_rmm_inc1,0,0.0,0.0,0.0,0.0,,0
x_aq_vpu_top/x_aq_falu_top/x_aq_fadd_double_top/x_aq_fadd_double_add/x_aq_fadd_double_round/ex2_add01xxx_rne_inc1,0,0.0,0.0,0.0,0.0,,0
x_aq_vpu_top/x_aq_falu_top/x_aq_fadd_double_top/x_aq_fadd_double_add/x_aq_fadd_double_round/ex2_add01xxx_round_g,0,0.0,0.0,0.0,0.0,,0
x_aq_vpu_top/x_aq_falu_top/x_aq_fadd_double_top/x_aq_fadd_double_add/x_aq_fadd_double_round/ex2_add01xxx_round_inc1,0,0.0,0.0,0.0,0.0,,0
x_aq_vpu_top/x_aq_falu_top/x_aq_fadd_double_top/x_aq_fadd_double_add/x_aq_fadd_double_round/ex2_add01xxx_round_l,0,0.0,0.0,0.0,0.0,,0
x_aq_vpu_top/x_aq_falu_top/x_aq_fadd_double_top/x_aq_fadd_double_add/x_aq_fadd_double_round/ex2_add01xxx_round_r,0,0.0,0.0,0.0,0.0,,0
x_aq_vpu_top/x_aq_falu_top/x_aq_fadd_double_top/x_aq_fadd_double_add/x_aq_fadd_double_round/ex2_add01xxx_round_s,0,0.0,0.0,0.0,0.0,,0
x_aq_vpu_top/x_aq_falu_top/x_aq_fadd_double_top/x_aq_fadd_double_add/x_aq_fadd_double_round/ex2_add01xxx_rslt[53:0],0,0.0,0.0,0.0,0.0,,0
x_aq_vpu_top/x_aq_falu_top/x_aq_fadd_double_top/x_aq_fadd_double_add/x_aq_fadd_double_round/ex2_add01xxx_rtz_inc1,0,0.0,0.0,0.0,0.0,,0
x_aq_vpu_top/x_aq_falu_top/x_aq_fadd_double_top/x_aq_fadd_double_add/x_aq_fadd_double_round/ex2_add01xxx_rup_inc1,0,0.0,0.0,0.0,0.0,,0
x_aq_vpu_top/x_aq_falu_top/x_aq_fadd_double_top/x_aq_fadd_double_add/x_aq_fadd_double_round/ex2_add1xxxx_rdn_inc1,0,0.0,0.0,0.0,0.0,,0
x_aq_vpu_top/x_aq_falu_top/x_aq_fadd_double_top/x_aq_fadd_double_add/x_aq_fadd_double_round/ex2_add1xxxx_rmm_inc1,0,0.0,0.0,0.0,0.0,,0
x_aq_vpu_top/x_aq_falu_top/x_aq_fadd_double_top/x_aq_fadd_double_add/x_aq_fadd_double_round/ex2_add1xxxx_rne_inc1,0,0.0,0.0,0.0,0.0,,0
x_aq_vpu_top/x_aq_falu_top/x_aq_fadd_double_top/x_aq_fadd_double_add/x_aq_fadd_double_round/ex2_add1xxxx_round_g,0,0.0,0.0,0.0,0.0,,0
x_aq_vpu_top/x_aq_falu_top/x_aq_fadd_double_top/x_aq_fadd_double_add/x_aq_fadd_double_round/ex2_add1xxxx_round_inc1,0,0.0,0.0,0.0,0.0,,0
x_aq_vpu_top/x_aq_falu_top/x_aq_fadd_double_top/x_aq_fadd_double_add/x_aq_fadd_double_round/ex2_add1xxxx_round_l,0,0.0,0.0,0.0,0.0,,0
x_aq_vpu_top/x_aq_falu_top/x_aq_fadd_double_top/x_aq_fadd_double_add/x_aq_fadd_double_round/ex2_add1xxxx_round_r,0,0.0,0.0,0.0,0.0,,0
x_aq_vpu_top/x_aq_falu_top/x_aq_fadd_double_top/x_aq_fadd_double_add/x_aq_fadd_double_round/ex2_add1xxxx_round_s,0,0.0,0.0,0.0,0.0,,0
x_aq_vpu_top/x_aq_falu_top/x_aq_fadd_double_top/x_aq_fadd_double_add/x_aq_fadd_double_round/ex2_add1xxxx_rslt[53:0],0,0.0,0.0,0.0,0.0,,0
x_aq_vpu_top/x_aq_falu_top/x_aq_fadd_double_top/x_aq_fadd_double_add/x_aq_fadd_double_round/ex2_add1xxxx_rtz_inc1,0,0.0,0.0,0.0,0.0,,0
x_aq_vpu_top/x_aq_falu_top/x_aq_fadd_double_top/x_aq_fadd_double_add/x_aq_fadd_double_round/ex2_add1xxxx_rup_inc1,0,0.0,0.0,0.0,0.0,,0
x_aq_vpu_top/x_aq_falu_top/x_aq_fadd_double_top/x_aq_fadd_double_add/x_aq_fadd_double_round/ex2_sub001xx_rdn_inc1,0,0.0,0.0,0.0,0.0,,0
x_aq_vpu_top/x_aq_falu_top/x_aq_fadd_double_top/x_aq_fadd_double_add/x_aq_fadd_double_round/ex2_sub001xx_rmm_inc1,0,0.0,0.0,0.0,0.0,,0
x_aq_vpu_top/x_aq_falu_top/x_aq_fadd_double_top/x_aq_fadd_double_add/x_aq_fadd_double_round/ex2_sub001xx_rne_inc1,0,0.0,0.0,0.0,0.0,,0
x_aq_vpu_top/x_aq_falu_top/x_aq_fadd_double_top/x_aq_fadd_double_add/x_aq_fadd_double_round/ex2_sub001xx_round_g,0,0.0,0.0,0.0,0.0,,0
x_aq_vpu_top/x_aq_falu_top/x_aq_fadd_double_top/x_aq_fadd_double_add/x_aq_fadd_double_round/ex2_sub001xx_round_inc1,0,0.0,0.0,0.0,0.0,,0
x_aq_vpu_top/x_aq_falu_top/x_aq_fadd_double_top/x_aq_fadd_double_add/x_aq_fadd_double_round/ex2_sub001xx_round_l,0,0.0,0.0,0.0,0.0,,0
x_aq_vpu_top/x_aq_falu_top/x_aq_fadd_double_top/x_aq_fadd_double_add/x_aq_fadd_double_round/ex2_sub001xx_round_r,0,0.0,0.0,0.0,0.0,,0
x_aq_vpu_top/x_aq_falu_top/x_aq_fadd_double_top/x_aq_fadd_double_add/x_aq_fadd_double_round/ex2_sub001xx_round_s,0,0.0,0.0,0.0,0.0,,0
x_aq_vpu_top/x_aq_falu_top/x_aq_fadd_double_top/x_aq_fadd_double_add/x_aq_fadd_double_round/ex2_sub001xx_rslt[53:0],2,6.660228445835692e-05,9.846,6.795607663994635,1.0,-0.0018183386260107552,52
x_aq_vpu_top/x_aq_falu_top/x_aq_fadd_double_top/x_aq_fadd_double_add/x_aq_fadd_double_round/ex2_sub001xx_rtz_inc1,0,0.0,0.0,0.0,0.0,,0
x_aq_vpu_top/x_aq_falu_top/x_aq_fadd_double_top/x_aq_fadd_double_add/x_aq_fadd_double_round/ex2_sub001xx_rup_inc1,0,0.0,0.0,0.0,0.0,,0
x_aq_vpu_top/x_aq_falu_top/x_aq_fadd_double_top/x_aq_fadd_double_add/x_aq_fadd_double_round/ex2_sub01xxx_rdn_inc1,0,0.0,0.0,0.0,0.0,,0
x_aq_vpu_top/x_aq_falu_top/x_aq_fadd_double_top/x_aq_fadd_double_add/x_aq_fadd_double_round/ex2_sub01xxx_rmm_inc1,0,0.0,0.0,0.0,0.0,,0
x_aq_vpu_top/x_aq_falu_top/x_aq_fadd_double_top/x_aq_fadd_double_add/x_aq_fadd_double_round/ex2_sub01xxx_rne_inc1,0,0.0,0.0,0.0,0.0,,0
x_aq_vpu_top/x_aq_falu_top/x_aq_fadd_double_top/x_aq_fadd_double_add/x_aq_fadd_double_round/ex2_sub01xxx_round_g,0,0.0,0.0,0.0,0.0,,0
x_aq_vpu_top/x_aq_falu_top/x_aq_fadd_double_top/x_aq_fadd_double_add/x_aq_fadd_double_round/ex2_sub01xxx_round_inc1,0,0.0,0.0,0.0,0.0,,0
x_aq_vpu_top/x_aq_falu_top/x_aq_fadd_double_top/x_aq_fadd_double_add/x_aq_fadd_double_round/ex2_sub01xxx_round_l,0,0.0,0.0,0.0,0.0,,0
x_aq_vpu_top/x_aq_falu_top/x_aq_fadd_double_top/x_aq_fadd_double_add/x_aq_fadd_double_round/ex2_sub01xxx_round_r,0,0.0,0.0,0.0,0.0,,0
x_aq_vpu_top/x_aq_falu_top/x_aq_fadd_double_top/x_aq_fadd_double_add/x_aq_fadd_double_round/ex2_sub01xxx_round_s,0,0.0,0.0,0.0,0.0,,0
x_aq_vpu_top/x_aq_falu_top/x_aq_fadd_double_top/x_aq_fadd_double_add/x_aq_fadd_double_round/ex2_sub01xxx_rslt[53:0],2,6.660228445835692e-05,9.846,6.795607663994635,1.0,-0.0018183386260107552,52
x_aq_vpu_top/x_aq_falu_top/x_aq_fadd_double_top/x_aq_fadd_double_add/x_aq_fadd_double_round/ex2_sub01xxx_rtz_inc1,0,0.0,0.0,0.0,0.0,,0
x_aq_vpu_top/x_aq_falu_top/x_aq_fadd_double_top/x_aq_fadd_double_add/x_aq_fadd_double_round/ex2_sub01xxx_rup_inc1,0,0.0,0.0,0.0,0.0,,0
x_aq_vpu_top/x_aq_falu_top/x_aq_fadd_double_top/x_aq_fadd_double_add/x_aq_fadd_double_round/tmp_rnd_path_rslt[53:0],0,0.0,0.0,0.0,0.0,,0
x_aq_vpu_top/x_aq_falu_top/x_aq_fadd_double_top/x_aq_fadd_double_add/x_aq_fadd_shift_sub_h/data_in[53:0],0,0.0,0.0,0.0,0.0,,0
x_aq_vpu_top/x_aq_falu_top/x_aq_fadd_double_top/x_aq_fadd_double_add/x_aq_fadd_shift_sub_h/data_out[53:0],0,0.0,0.0,0.0,0.0,,0
x_aq_vpu_top/x_aq_falu_top/x_aq_fadd_double_top/x_aq_fadd_double_add/x_aq_fadd_shift_sub_h/shift_cnt[5:0],0,0.0,0.0,0.0,0.0,,0
x_aq_vpu_top/x_aq_falu_top/x_aq_fadd_double_top/x_aq_fadd_double_add/x_aq_fadd_shift_sub_h/cnt[5:0],0,0.0,0.0,0.0,0.0,,0
x_aq_vpu_top/x_aq_falu_top/x_aq_fadd_double_top/x_aq_fadd_double_add/x_aq_fadd_shift_sub_h/data_shift_pre[53:0],0,0.0,0.0,0.0,0.0,,0
x_aq_vpu_top/x_aq_falu_top/x_aq_fadd_double_top/x_aq_fadd_double_cmp_max/add_cmp_act_s,0,0.0,0.0,0.0,0.0,,0
x_aq_vpu_top/x_aq_falu_top/x_aq_fadd_double_top/x_aq_fadd_double_cmp_max/add_cmp_both_zero,0,0.0,0.0,0.0,0.0,,0
x_aq_vpu_top/x_aq_falu_top/x_aq_fadd_double_top/x_aq_fadd_double_cmp_max/add_cmp_ex2_src0_eq_src1,1,3.330114222917846e-05,10.872,7.503742283460255,1.0,-0.003229515705865712,1
x_aq_vpu_top/x_aq_falu_top/x_aq_fadd_double_top/x_aq_fadd_double_cmp_max/double_pipe_ex2_cmp_r,0,0.0,0.0,0.0,0.0,,0
x_aq_vpu_top/x_aq_falu_top/x_aq_fadd_double_top/x_aq_fadd_double_cmp_max/dp_maxmin_src_a_e[10:0],0,0.0,0.0,0.0,0.0,,0
x_aq_vpu_top/x_aq_falu_top/x_aq_fadd_double_top/x_aq_fadd_double_cmp_max/dp_maxmin_src_a_f[51:0],0,0.0,0.0,0.0,0.0,,0
x_aq_vpu_top/x_aq_falu_top/x_aq_fadd_double_top/x_aq_fadd_double_cmp_max/dp_maxmin_src_a_s,0,0.0,0.0,0.0,0.0,,0
x_aq_vpu_top/x_aq_falu_top/x_aq_fadd_double_top/x_aq_fadd_double_cmp_max/dp_maxmin_src_b_e[10:0],0,0.0,0.0,0.0,0.0,,0
x_aq_vpu_top/x_aq_falu_top/x_aq_fadd_double_top/x_aq_fadd_double_cmp_max/dp_maxmin_src_b_f[52:0],0,0.0,0.0,0.0,0.0,,0
x_aq_vpu_top/x_aq_falu_top/x_aq_fadd_double_top/x_aq_fadd_double_cmp_max/dp_maxmin_src_b_s,0,0.0,0.0,0.0,0.0,,0
x_aq_vpu_top/x_aq_falu_top/x_aq_fadd_double_top/x_aq_fadd_double_cmp_max/dp_maxmin_src_chg,0,0.0,0.0,0.0,0.0,,0
x_aq_vpu_top/x_aq_falu_top/x_aq_fadd_double_top/x_aq_fadd_double_cmp_max/ex2_bhalf0_sel_final_f[6:0],0,0.0,0.0,0.0,0.0,,0
x_aq_vpu_top/x_aq_falu_top/x_aq_fadd_double_top/x_aq_fadd_double_cmp_max/ex2_cmp_special_r,0,0.0,0.0,0.0,0.0,,0
x_aq_vpu_top/x_aq_falu_top/x_aq_fadd_double_top/x_aq_fadd_double_cmp_max/ex2_double_sel_final_f[51:0],0,0.0,0.0,0.0,0.0,,0
x_aq_vpu_top/x_aq_falu_top/x_aq_fadd_double_top/x_aq_fadd_double_cmp_max/ex2_half0_sel_final_f[9:0],0,0.0,0.0,0.0,0.0,,0
x_aq_vpu_top/x_aq_falu_top/x_aq_fadd_double_top/x_aq_fadd_double_cmp_max/ex2_op_feq,0,0.0,0.0,0.0,0.0,,0
x_aq_vpu_top/x_aq_falu_top/x_aq_fadd_double_top/x_aq_fadd_double_cmp_max/ex2_op_fle,0,0.0,0.0,0.0,0.0,,0
x_aq_vpu_top/x_aq_falu_top/x_aq_fadd_double_top/x_aq_fadd_double_cmp_max/ex2_op_flt,0,0.0,0.0,0.0,0.0,,0
x_aq_vpu_top/x_aq_falu_top/x_aq_fadd_double_top/x_aq_fadd_double_cmp_max/ex2_op_fne,0,0.0,0.0,0.0,0.0,,0
x_aq_vpu_top/x_aq_falu_top/x_aq_fadd_double_top/x_aq_fadd_double_cmp_max/ex2_op_ford,0,0.0,0.0,0.0,0.0,,0
x_aq_vpu_top/x_aq_falu_top/x_aq_fadd_double_top/x_aq_fadd_double_cmp_max/ex2_op_max,0,0.0,0.0,0.0,0.0,,0
x_aq_vpu_top/x_aq_falu_top/x_aq_fadd_double_top/x_aq_fadd_double_cmp_max/ex2_sel_final_e[10:0],0,0.0,0.0,0.0,0.0,,0
x_aq_vpu_top/x_aq_falu_top/x_aq_fadd_double_top/x_aq_fadd_double_cmp_max/ex2_sel_final_sign,0,0.0,0.0,0.0,0.0,,0
x_aq_vpu_top/x_aq_falu_top/x_aq_fadd_double_top/x_aq_fadd_double_cmp_max/ex2_single0_sel_final_f[22:0],0,0.0,0.0,0.0,0.0,,0
x_aq_vpu_top/x_aq_falu_top/x_aq_fadd_double_top/x_aq_fadd_double_cmp_max/ex2_special_value_vld,0,0.0,0.0,0.0,0.0,,0
x_aq_vpu_top/x_aq_falu_top/x_aq_fadd_double_top/x_aq_fadd_double_cmp_max/ex2_act_s,0,0.0,0.0,0.0,0.0,,0
x_aq_vpu_top/x_aq_falu_top/x_aq_fadd_double_top/x_aq_fadd_double_cmp_max/ex2_bhalf0_sel_rst_max_f[6:0],0,0.0,0.0,0.0,0.0,,0
x_aq_vpu_top/x_aq_falu_top/x_aq_fadd_double_top/x_aq_fadd_double_cmp_max/ex2_bhalf0_sel_rst_min_f[6:0],0,0.0,0.0,0.0,0.0,,0
x_aq_vpu_top/x_aq_falu_top/x_aq_fadd_double_top/x_aq_fadd_double_cmp_max/ex2_bhalf0_src0_f[6:0],0,0.0,0.0,0.0,0.0,,0
x_aq_vpu_top/x_aq_falu_top/x_aq_fadd_double_top/x_aq_fadd_double_cmp_max/ex2_bhalf0_src1_f[6:0],0,0.0,0.0,0.0,0.0,,0
x_aq_vpu_top/x_aq_falu_top/x_aq_fadd_double_top/x_aq_fadd_double_cmp_max/ex2_both_zero,0,0.0,0.0,0.0,0.0,,0
x_aq_vpu_top/x_aq_falu_top/x_aq_fadd_double_top/x_aq_fadd_double_cmp_max/ex2_cmp_feq,1,3.330114222917846e-05,10.872,7.503742283460255,1.0,-0.003229515705865712,1
x_aq_vpu_top/x_aq_falu_top/x_aq_fadd_double_top/x_aq_fadd_double_cmp_max/ex2_cmp_fle,1,3.330114222917846e-05,10.872,7.503742283460255,1.0,-0.003229515705865712,1
x_aq_vpu_top/x_aq_falu_top/x_aq_fadd_double_top/x_aq_fadd_double_cmp_max/ex2_cmp_flt,0,0.0,0.0,0.0,0.0,,0
x_aq_vpu_top/x_aq_falu_top/x_aq_fadd_double_top/x_aq_fadd_double_cmp_max/ex2_cmp_fne,0,0.0,0.0,0.0,0.0,,0
x_aq_vpu_top/x_aq_falu_top/x_aq_fadd_double_top/x_aq_fadd_double_cmp_max/ex2_cmp_r,0,0.0,0.0,0.0,0.0,,0
x_aq_vpu_top/x_aq_falu_top/x_aq_fadd_double_top/x_aq_fadd_double_cmp_max/ex2_double_sel_rst_max_f[51:0],0,0.0,0.0,0.0,0.0,,0
x_aq_vpu_top/x_aq_falu_top/x_aq_fadd_double_top/x_aq_fadd_double_cmp_max/ex2_double_sel_rst_min_f[51:0],0,0.0,0.0,0.0,0.0,,0
x_aq_vpu_top/x_aq_falu_top/x_aq_fadd_double_top/x_aq_fadd_double_cmp_max/ex2_double_src0_f[51:0],0,0.0,0.0,0.0,0.0,,0
x_aq_vpu_top/x_aq_falu_top/x_aq_fadd_double_top/x_aq_fadd_double_cmp_max/ex2_double_src1_f[51:0],0,0.0,0.0,0.0,0.0,,0
x_aq_vpu_top/x_aq_falu_top/x_aq_fadd_double_top/x_aq_fadd_double_cmp_max/ex2_half0_sel_rst_max_f[9:0],0,0.0,0.0,0.0,0.0,,0
x_aq_vpu_top/x_aq_falu_top/x_aq_fadd_double_top/x_aq_fadd_double_cmp_max/ex2_half0_sel_rst_min_f[9:0],0,0.0,0.0,0.0,0.0,,0
x_aq_vpu_top/x_aq_falu_top/x_aq_fadd_double_top/x_aq_fadd_double_cmp_max/ex2_half0_src0_f[9:0],0,0.0,0.0,0.0,0.0,,0
x_aq_vpu_top/x_aq_falu_top/x_aq_fadd_double_top/x_aq_fadd_double_cmp_max/ex2_half0_src1_f[9:0],0,0.0,0.0,0.0,0.0,,0
x_aq_vpu_top/x_aq_falu_top/x_aq_fadd_double_top/x_aq_fadd_double_cmp_max/ex2_s_equal,1,3.330114222917846e-05,10.872,7.503742283460255,1.0,-0.003229515705865712,1
x_aq_vpu_top/x_aq_falu_top/x_aq_fadd_double_top/x_aq_fadd_double_cmp_max/ex2_sel_rst_both0_sign,0,0.0,0.0,0.0,0.0,,0
x_aq_vpu_top/x_aq_falu_top/x_aq_fadd_double_top/x_aq_fadd_double_cmp_max/ex2_sel_rst_max_e[10:0],0,0.0,0.0,0.0,0.0,,0
x_aq_vpu_top/x_aq_falu_top/x_aq_fadd_double_top/x_aq_fadd_double_cmp_max/ex2_sel_rst_max_s,0,0.0,0.0,0.0,0.0,,0
x_aq_vpu_top/x_aq_falu_top/x_aq_fadd_double_top/x_aq_fadd_double_cmp_max/ex2_sel_rst_min_e[10:0],0,0.0,0.0,0.0,0.0,,0
x_aq_vpu_top/x_aq_falu_top/x_aq_fadd_double_top/x_aq_fadd_double_cmp_max/ex2_sel_rst_min_s,0,0.0,0.0,0.0,0.0,,0
x_aq_vpu_top/x_aq_falu_top/x_aq_fadd_double_top/x_aq_fadd_double_cmp_max/ex2_single0_sel_rst_max_f[22:0],0,0.0,0.0,0.0,0.0,,0
x_aq_vpu_top/x_aq_falu_top/x_aq_fadd_double_top/x_aq_fadd_double_cmp_max/ex2_single0_sel_rst_min_f[22:0],0,0.0,0.0,0.0,0.0,,0
x_aq_vpu_top/x_aq_falu_top/x_aq_fadd_double_top/x_aq_fadd_double_cmp_max/ex2_single0_src0_f[22:0],0,0.0,0.0,0.0,0.0,,0
x_aq_vpu_top/x_aq_falu_top/x_aq_fadd_double_top/x_aq_fadd_double_cmp_max/ex2_single0_src1_f[22:0],0,0.0,0.0,0.0,0.0,,0
x_aq_vpu_top/x_aq_falu_top/x_aq_fadd_double_top/x_aq_fadd_double_cmp_max/ex2_src0_e[10:0],0,0.0,0.0,0.0,0.0,,0
x_aq_vpu_top/x_aq_falu_top/x_aq_fadd_double_top/x_aq_fadd_double_cmp_max/ex2_src0_f[51:0],0,0.0,0.0,0.0,0.0,,0
x_aq_vpu_top/x_aq_falu_top/x_aq_fadd_double_top/x_aq_fadd_double_cmp_max/ex2_src0_s,0,0.0,0.0,0.0,0.0,,0
x_aq_vpu_top/x_aq_falu_top/x_aq_fadd_double_top/x_aq_fadd_double_cmp_max/ex2_src1_e[10:0],0,0.0,0.0,0.0,0.0,,0
x_aq_vpu_top/x_aq_falu_top/x_aq_fadd_double_top/x_aq_fadd_double_cmp_max/ex2_src1_s,0,0.0,0.0,0.0,0.0,,0
x_aq_vpu_top/x_aq_falu_top/x_aq_fadd_double_top/x_aq_fadd_double_cmp_max/ex2_src1_sel[52:0],0,0.0,0.0,0.0,0.0,,0
x_aq_vpu_top/x_aq_falu_top/x_aq_fadd_double_top/x_aq_fadd_double_cmp_max/ex2_src_chg,0,0.0,0.0,0.0,0.0,,0
x_aq_vpu_top/x_aq_falu_top/x_aq_fadd_scalar_dp/cp0_vpu_icg_en,0,0.0,0.0,0.0,0.0,,0
x_aq_vpu_top/x_aq_falu_top/x_aq_fadd_scalar_dp/cp0_vpu_xx_bf16,0,0.0,0.0,0.0,0.0,,0
x_aq_vpu_top/x_aq_falu_top/x_aq_fadd_scalar_dp/cp0_yy_clk_en,1,3.330114222917846e-05,2.862,1.9753228858777825,0.0,0.004988007030259691,1
x_aq_vpu_top/x_aq_falu_top/x_aq_fadd_scalar_dp/double_pipe_ex1_src0_cnan,0,0.0,0.0,0.0,0.0,,0
x_aq_vpu_top/x_aq_falu_top/x_aq_fadd_scalar_dp/double_pipe_ex1_src0_id,0,0.0,0.0,0.0,0.0,,0
x_aq_vpu_top/x_aq_falu_top/x_aq_fadd_scalar_dp/double_pipe_ex1_src0_inf,0,0.0,0.0,0.0,0.0,,0
x_aq_vpu_top/x_aq_falu_top/x_aq_fadd_scalar_dp/double_pipe_ex1_src0_qnan,4,0.00013320456891671384,4.833999999999999,3.3363769498019558,1.0,-0.020098632563824027,1
x_aq_vpu_top/x_aq_falu_top/x_aq_fadd_scalar_dp/double_pipe_ex1_src0_snan,0,0.0,0.0,0.0,0.0,,0
x_aq_vpu_top/x_aq_falu_top/x_aq_fadd_scalar_dp/double_pipe_ex1_src0_zero,0,0.0,0.0,0.0,0.0,,0
x_aq_vpu_top/x_aq_falu_top/x_aq_fadd_scalar_dp/double_pipe_ex1_src1_cnan,0,0.0,0.0,0.0,0.0,,0
x_aq_vpu_top/x_aq_falu_top/x_aq_fadd_scalar_dp/double_pipe_ex1_src1_id,0,0.0,0.0,0.0,0.0,,0
x_aq_vpu_top/x_aq_falu_top/x_aq_fadd_scalar_dp/double_pipe_ex1_src1_inf,0,0.0,0.0,0.0,0.0,,0
x_aq_vpu_top/x_aq_falu_top/x_aq_fadd_scalar_dp/double_pipe_ex1_src1_qnan,0,0.0,0.0,0.0,0.0,,0
x_aq_vpu_top/x_aq_falu_top/x_aq_fadd_scalar_dp/double_pipe_ex1_src1_snan,0,0.0,0.0,0.0,0.0,,0
x_aq_vpu_top/x_aq_falu_top/x_aq_fadd_scalar_dp/double_pipe_ex1_src1_zero,0,0.0,0.0,0.0,0.0,,0
x_aq_vpu_top/x_aq_falu_top/x_aq_fadd_scalar_dp/double_pipe_ex2_cmp_r,0,0.0,0.0,0.0,0.0,,0
x_aq_vpu_top/x_aq_falu_top/x_aq_fadd_scalar_dp/double_pipe_ex2_special_result[63:0],0,0.0,0.0,0.0,0.0,,0
x_aq_vpu_top/x_aq_falu_top/x_aq_fadd_scalar_dp/double_pipe_ex3_expt[4:0],0,0.0,0.0,0.0,0.0,,0
x_aq_vpu_top/x_aq_falu_top/x_aq_fadd_scalar_dp/ex1_bhalf,0,0.0,0.0,0.0,0.0,,0
x_aq_vpu_top/x_aq_falu_top/x_aq_fadd_scalar_dp/ex1_bhalf0_adder_a_final[8:0],12,0.00039961370675014153,4.0255833333333335,2.778416103194096,0.6666666666666666,0.11671936924744031,6
x_aq_vpu_top/x_aq_falu_top/x_aq_fadd_scalar_dp/ex1_bhalf0_special_data[15:0],12,0.00039961370675014153,4.0255833333333335,2.778416103194096,0.6666666666666666,0.11488529560320629,9
x_aq_vpu_top/x_aq_falu_top/x_aq_fadd_scalar_dp/ex1_double,15,0.0004995171334376769,3.116266666666667,2.1508151171085736,0.8,-0.01819696689905232,1
x_aq_vpu_top/x_aq_falu_top/x_aq_fadd_scalar_dp/ex1_double_adder_a_final[53:0],12,0.00039961370675014153,4.0255833333333335,2.778416103194096,0.6666666666666666,0.12368373039585816,35
x_aq_vpu_top/x_aq_falu_top/x_aq_fadd_scalar_dp/ex1_double_special_data[63:0],12,0.00039961370675014153,4.0255833333333335,2.778416103194096,0.6666666666666666,0.12686154177852244,40
x_aq_vpu_top/x_aq_falu_top/x_aq_fadd_scalar_dp/ex1_f16,0,0.0,0.0,0.0,0.0,,0
x_aq_vpu_top/x_aq_falu_top/x_aq_fadd_scalar_dp/ex1_half,0,0.0,0.0,0.0,0.0,,0
x_aq_vpu_top/x_aq_falu_top/x_aq_fadd_scalar_dp/ex1_half0_adder_a_final[11:0],12,0.00039961370675014153,4.0255833333333335,2.778416103194096,0.6666666666666666,0.12038634972201842,8
x_aq_vpu_top/x_aq_falu_top/x_aq_fadd_scalar_dp/ex1_half0_special_data[15:0],12,0.00039961370675014153,4.0255833333333335,2.778416103194096,0.6666666666666666,0.10104973422769883,9
x_aq_vpu_top/x_aq_falu_top/x_aq_fadd_scalar_dp/ex1_op_add,0,0.0,0.0,0.0,0.0,,0
x_aq_vpu_top/x_aq_falu_top/x_aq_fadd_scalar_dp/ex1_op_add_sub,0,0.0,0.0,0.0,0.0,,0
x_aq_vpu_top/x_aq_falu_top/x_aq_fadd_scalar_dp/ex1_op_cmp,0,0.0,0.0,0.0,0.0,,0
x_aq_vpu_top/x_aq_falu_top/x_aq_fadd_scalar_dp/ex1_op_sel,15,0.0004995171334376769,3.116266666666667,2.1508151171085736,0.8,-0.01819696689905232,1
x_aq_vpu_top/x_aq_falu_top/x_aq_fadd_scalar_dp/ex1_op_sub,0,0.0,0.0,0.0,0.0,,0
x_aq_vpu_top/x_aq_falu_top/x_aq_fadd_scalar_dp/ex1_rdn,0,0.0,0.0,0.0,0.0,,0
x_aq_vpu_top/x_aq_falu_top/x_aq_fadd_scalar_dp/ex1_single,0,0.0,0.0,0.0,0.0,,0
x_aq_vpu_top/x_aq_falu_top/x_aq_fadd_scalar_dp/ex1_single0_adder_a_final[24:0],12,0.00039961370675014153,4.0255833333333335,2.778416103194096,0.6666666666666666,0.12397917583765096,16
x_aq_vpu_top/x_aq_falu_top/x_aq_fadd_scalar_dp/ex1_single0_special_data[31:0],12,0.00039961370675014153,4.0255833333333335,2.778416103194096,0.6666666666666666,0.11488547547766072,17
x_aq_vpu_top/x_aq_falu_top/x_aq_fadd_scalar_dp/ex2_bhalf0_rslt[8:0],0,0.0,0.0,0.0,0.0,,0
x_aq_vpu_top/x_aq_falu_top/x_aq_fadd_scalar_dp/ex2_double_adder_a[53:0],0,0.0,0.0,0.0,0.0,,0
x_aq_vpu_top/x_aq_falu_top/x_aq_fadd_scalar_dp/ex2_double_rslt[53:0],0,0.0,0.0,0.0,0.0,,0
x_aq_vpu_top/x_aq_falu_top/x_aq_fadd_scalar_dp/ex2_half0_rslt[11:0],0,0.0,0.0,0.0,0.0,,0
x_aq_vpu_top/x_aq_falu_top/x_aq_fadd_scalar_dp/ex2_rdn,0,0.0,0.0,0.0,0.0,,0
x_aq_vpu_top/x_aq_falu_top/x_aq_fadd_scalar_dp/ex2_rmm,0,0.0,0.0,0.0,0.0,,0
x_aq_vpu_top/x_aq_falu_top/x_aq_fadd_scalar_dp/ex2_rne,1,3.330114222917846e-05,4.232999999999998,2.9215729475613728,1.0,-0.006668315010452631,1
x_aq_vpu_top/x_aq_falu_top/x_aq_fadd_scalar_dp/ex2_rtz,0,0.0,0.0,0.0,0.0,,0
x_aq_vpu_top/x_aq_falu_top/x_aq_fadd_scalar_dp/ex2_rup,0,0.0,0.0,0.0,0.0,,0
x_aq_vpu_top/x_aq_falu_top/x_aq_fadd_scalar_dp/ex2_single0_rslt[24:0],0,0.0,0.0,0.0,0.0,,0
x_aq_vpu_top/x_aq_falu_top/x_aq_fadd_scalar_dp/ex3_bhalf0_result[8:0],0,0.0,0.0,0.0,0.0,,0
x_aq_vpu_top/x_aq_falu_top/x_aq_fadd_scalar_dp/ex3_double_result[53:0],0,0.0,0.0,0.0,0.0,,0
x_aq_vpu_top/x_aq_falu_top/x_aq_fadd_scalar_dp/ex3_half0_result[11:0],0,0.0,0.0,0.0,0.0,,0
x_aq_vpu_top/x_aq_falu_top/x_aq_fadd_scalar_dp/ex3_single0_result[24:0],0,0.0,0.0,0.0,0.0,,0
x_aq_vpu_top/x_aq_falu_top/x_aq_fadd_scalar_dp/fadd_double_src0[63:0],34,0.0011322388357920678,3.199264705882353,2.2080995078652914,0.8823529411764706,-0.03007154116304795,47
x_aq_vpu_top/x_aq_falu_top/x_aq_fadd_scalar_dp/fadd_double_src1[63:0],29,0.0009657331246461754,2.7920689655172413,1.9270572070353988,0.7931034482758621,0.13330910200860932,36
x_aq_vpu_top/x_aq_falu_top/x_aq_fadd_scalar_dp/fadd_ex1_pipe_clk,0,0.0,0.0,0.0,0.0,,0
x_aq_vpu_top/x_aq_falu_top/x_aq_fadd_scalar_dp/fadd_ex1_pipedown,2,6.660228445835692e-05,8.55,5.901121828880168,1.0,0.17944175952243305,1
x_aq_vpu_top/x_aq_falu_top/x_aq_fadd_scalar_dp/fadd_ex2_nocmp,1,3.330114222917846e-05,10.872,7.503742283460255,1.0,-0.003229515705865712,1
x_aq_vpu_top/x_aq_falu_top/x_aq_fadd_scalar_dp/fadd_ex2_pipe_clk,0,0.0,0.0,0.0,0.0,,0
x_aq_vpu_top/x_aq_falu_top/x_aq_fadd_scalar_dp/fadd_ex2_pipedown,2,6.660228445835692e-05,8.55,5.901121828880168,1.0,0.17944175952243305,1
x_aq_vpu_top/x_aq_falu_top/x_aq_fadd_scalar_dp/fadd_ex3_bhalf0_rslt[63:0],2,6.660228445835692e-05,10.722000000000001,7.4002138303220075,1.0,-0.0037341120129566773,48
x_aq_vpu_top/x_aq_falu_top/x_aq_fadd_scalar_dp/fadd_ex3_double_rslt[63:0],0,0.0,0.0,0.0,0.0,,0
x_aq_vpu_top/x_aq_falu_top/x_aq_fadd_scalar_dp/fadd_ex3_half0_rslt[63:0],2,6.660228445835692e-05,10.722000000000001,7.4002138303220075,1.0,-0.0037341120129566773,48
x_aq_vpu_top/x_aq_falu_top/x_aq_fadd_scalar_dp/fadd_ex3_pipedown,2,6.660228445835692e-05,8.55,5.901121828880168,1.0,0.17944175952243305,1
x_aq_vpu_top/x_aq_falu_top/x_aq_fadd_scalar_dp/fadd_ex3_single0_rslt[63:0],2,6.660228445835692e-05,10.722000000000001,7.4002138303220075,1.0,-0.003734112012956417,32
x_aq_vpu_top/x_aq_falu_top/x_aq_fadd_scalar_dp/fadd_half0_src0[15:0],32,0.0010656365513337107,3.07090625,2.1195078253005306,0.875,-0.02571595342791077,11
x_aq_vpu_top/x_aq_falu_top/x_aq_fadd_scalar_dp/fadd_half0_src1[15:0],29,0.0009657331246461754,2.7920689655172413,1.9270572070353988,0.7931034482758621,0.13409879433540456,11
x_aq_vpu_top/x_aq_falu_top/x_aq_fadd_scalar_dp/fadd_single0_src0[31:0],32,0.0010656365513337107,3.07090625,2.1195078253005306,0.875,-0.01936691902783113,21
x_aq_vpu_top/x_aq_falu_top/x_aq_fadd_scalar_dp/fadd_single0_src1[31:0],29,0.0009657331246461754,2.7920689655172413,1.9270572070353988,0.7931034482758621,0.13749619154545084,21
x_aq_vpu_top/x_aq_falu_top/x_aq_fadd_scalar_dp/forever_cpuclk,0,0.0,0.0,0.0,0.0,,0
x_aq_vpu_top/x_aq_falu_top/x_aq_fadd_scalar_dp/ifu_vpu_warm_up,2,6.660228445835692e-05,8.55,5.901121828880168,1.0,0.17944175952243305,1
x_aq_vpu_top/x_aq_falu_top/x_aq_fadd_scalar_dp/pad_yy_icg_scan_en,0,0.0,0.0,0.0,0.0,,0
x_aq_vpu_top/x_aq_falu_top/x_aq_fadd_scalar_dp/vfalu_vpu_ex2_gpr_result[63:0],0,0.0,0.0,0.0,0.0,,0
x_aq_vpu_top/x_aq_falu_top/x_aq_fadd_scalar_dp/vfalu_vpu_ex2_result_ready_in_ex3,1,3.330114222917846e-05,10.872,7.503742283460255,1.0,-0.003229515705865712,1
x_aq_vpu_top/x_aq_falu_top/x_aq_fadd_scalar_dp/vfalu_vpu_ex3_fflags[4:0],0,0.0,0.0,0.0,0.0,,0
x_aq_vpu_top/x_aq_falu_top/x_aq_fadd_scalar_dp/vfalu_vpu_ex3_fpr_result[63:0],0,0.0,0.0,0.0,0.0,,0
x_aq_vpu_top/x_aq_falu_top/x_aq_fadd_scalar_dp/vfalu_vpu_ex3_result_ready_in_ex4,0,0.0,0.0,0.0,0.0,,0
x_aq_vpu_top/x_aq_falu_top/x_aq_fadd_scalar_dp/vfalu_vpu_ex4_fflags[4:0],0,0.0,0.0,0.0,0.0,,0
x_aq_vpu_top/x_aq_falu_top/x_aq_fadd_scalar_dp/vfalu_vpu_ex4_fpr_result[63:0],0,0.0,0.0,0.0,0.0,,0
x_aq_vpu_top/x_aq_falu_top/x_aq_fadd_scalar_dp/vpu_group_1_xx_ex1_func[19:0],44,0.0014652502580838522,3.3622954545454546,2.320621649352368,0.7954545454545454,0.005526236953928676,10
x_aq_vpu_top/x_aq_falu_top/x_aq_fadd_scalar_dp/vpu_group_1_xx_ex1_rm[2:0],4,0.00013320456891671384,5.792749999999998,3.9980963127772604,1.0,0.005761307260114271,2
x_aq_vpu_top/x_aq_falu_top/x_aq_fadd_scalar_dp/vpu_group_1_xx_ex1_srcv0[63:0],34,0.0011322388357920678,3.199264705882353,2.2080995078652914,0.8823529411764706,-0.03007154116304795,47
x_aq_vpu_top/x_aq_falu_top/x_aq_fadd_scalar_dp/vpu_group_1_xx_ex1_srcv0_type[47:0],30,0.0009990342668753538,3.311833333333334,2.2857932136779304,0.8666666666666667,-0.021183319845226964,16
x_aq_vpu_top/x_aq_falu_top/x_aq_fadd_scalar_dp/vpu_group_1_xx_ex1_srcv1[63:0],29,0.0009657331246461754,2.7920689655172413,1.9270572070353988,0.7931034482758621,0.13330910200860932,36
x_aq_vpu_top/x_aq_falu_top/x_aq_fadd_scalar_dp/vpu_group_1_xx_ex1_srcv1_type[47:0],30,0.0009990342668753538,3.1294999999999997,2.1599486273076587,0.8,0.1279855292343095,16
x_aq_vpu_top/x_aq_falu_top/x_aq_fadd_scalar_dp/vpu_group_1_xx_ex2_rm[2:0],4,0.00013320456891671384,6.335749999999999,4.372869313137721,1.0,0.005339490314663723,2
x_aq_vpu_top/x_aq_falu_top/x_aq_fadd_scalar_dp/dp_xx_ex1_rm[2:0],4,0.00013320456891671384,5.792749999999998,3.9980963127772604,1.0,0.005761307260114271,2
x_aq_vpu_top/x_aq_falu_top/x_aq_fadd_scalar_dp/ex1_bhalf0_src0_id,0,0.0,0.0,0.0,0.0,,0
x_aq_vpu_top/x_aq_falu_top/x_aq_fadd_scalar_dp/ex1_bhalf0_src1_id,0,0.0,0.0,0.0,0.0,,0
x_aq_vpu_top/x_aq_falu_top/x_aq_fadd_scalar_dp/ex1_double_src0_id,0,0.0,0.0,0.0,0.0,,0
x_aq_vpu_top/x_aq_falu_top/x_aq_fadd_scalar_dp/ex1_double_src1_id,0,0.0,0.0,0.0,0.0,,0
x_aq_vpu_top/x_aq_falu_top/x_aq_fadd_scalar_dp/ex1_half0_src0_id,0,0.0,0.0,0.0,0.0,,0
x_aq_vpu_top/x_aq_falu_top/x_aq_fadd_scalar_dp/ex1_half0_src1_id,0,0.0,0.0,0.0,0.0,,0
x_aq_vpu_top/x_aq_falu_top/x_aq_fadd_scalar_dp/ex1_norm_src0[63:0],34,0.0011322388357920678,3.199264705882353,2.2080995078652914,0.8823529411764706,-0.03007154116304795,47
x_aq_vpu_top/x_aq_falu_top/x_aq_fadd_scalar_dp/ex1_norm_src1[63:0],29,0.0009657331246461754,2.7920689655172413,1.9270572070353988,0.7931034482758621,0.13330910200860932,36
x_aq_vpu_top/x_aq_falu_top/x_aq_fadd_scalar_dp/ex1_op_feq,0,0.0,0.0,0.0,0.0,,0
x_aq_vpu_top/x_aq_falu_top/x_aq_fadd_scalar_dp/ex1_op_fle,0,0.0,0.0,0.0,0.0,,0
x_aq_vpu_top/x_aq_falu_top/x_aq_fadd_scalar_dp/ex1_op_flt,0,0.0,0.0,0.0,0.0,,0
x_aq_vpu_top/x_aq_falu_top/x_aq_fadd_scalar_dp/ex1_op_fne,0,0.0,0.0,0.0,0.0,,0
x_aq_vpu_top/x_aq_falu_top/x_aq_fadd_scalar_dp/ex1_op_ford,0,0.0,0.0,0.0,0.0,,0
x_aq_vpu_top/x_aq_falu_top/x_aq_fadd_scalar_dp/ex1_op_max,0,0.0,0.0,0.0,0.0,,0
x_aq_vpu_top/x_aq_falu_top/x_aq_fadd_scalar_dp/ex1_op_min,0,0.0,0.0,0.0,0.0,,0
x_aq_vpu_top/x_aq_falu_top/x_aq_fadd_scalar_dp/ex1_org_f16,0,0.0,0.0,0.0,0.0,,0
x_aq_vpu_top/x_aq_falu_top/x_aq_fadd_scalar_dp/ex1_single0_src0_id,0,0.0,0.0,0.0,0.0,,0
x_aq_vpu_top/x_aq_falu_top/x_aq_fadd_scalar_dp/ex1_single0_src1_id,0,0.0,0.0,0.0,0.0,,0
x_aq_vpu_top/x_aq_falu_top/x_aq_fadd_scalar_dp/ex1_special_maxmin_pipe_down,2,6.660228445835692e-05,8.55,5.901121828880168,1.0,0.17944175952243305,1
x_aq_vpu_top/x_aq_falu_top/x_aq_fadd_scalar_dp/ex1_special_result_pack[63:0],12,0.00039961370675014153,4.0255833333333335,2.778416103194096,0.6666666666666666,0.12686154177852244,40
x_aq_vpu_top/x_aq_falu_top/x_aq_fadd_scalar_dp/ex2_adder_a_pre[53:0],12,0.00039961370675014153,4.0255833333333335,2.778416103194096,0.6666666666666666,0.12368373039585816,35
x_aq_vpu_top/x_aq_falu_top/x_aq_fadd_scalar_dp/ex2_final_rslt_pack[53:0],0,0.0,0.0,0.0,0.0,,0
x_aq_vpu_top/x_aq_falu_top/x_aq_fadd_scalar_dp/ex2_no_cmp_result_pack[53:0],0,0.0,0.0,0.0,0.0,,0
x_aq_vpu_top/x_aq_falu_top/x_aq_fadd_scalar_dp/ex2_nor_final_rslt_pack[53:0],0,0.0,0.0,0.0,0.0,,0
x_aq_vpu_top/x_aq_falu_top/x_aq_fadd_scalar_dp/ex3_ex4_clk,0,0.0,0.0,0.0,0.0,,0
x_aq_vpu_top/x_aq_falu_top/x_aq_fadd_scalar_dp/ex3_ex4_clk_en,2,6.660228445835692e-05,8.55,5.901121828880168,1.0,0.17944175952243305,1
x_aq_vpu_top/x_aq_falu_top/x_aq_fadd_scalar_dp/ex3_ex4_pipe_vld,2,6.660228445835692e-05,8.55,5.901121828880168,1.0,0.17944175952243305,1
x_aq_vpu_top/x_aq_falu_top/x_aq_fadd_scalar_dp/ex4_expt_pre[4:0],0,0.0,0.0,0.0,0.0,,0
x_aq_vpu_top/x_aq_falu_top/x_aq_fadd_scalar_dp/ex4_result_pre[63:0],0,0.0,0.0,0.0,0.0,,0
x_aq_vpu_top/x_aq_falu_top/x_aq_fadd_scalar_dp/fadd_half0_src0_cnan,11,0.00036631256452096306,2.334363636363637,1.611153708899362,0.8181818181818182,-0.027990097785625702,1
x_aq_vpu_top/x_aq_falu_top/x_aq_fadd_scalar_dp/fadd_half0_src0_id,0,0.0,0.0,0.0,0.0,,0
x_aq_vpu_top/x_aq_falu_top/x_aq_fadd_scalar_dp/fadd_half0_src0_inf,0,0.0,0.0,0.0,0.0,,0
x_aq_vpu_top/x_aq_falu_top/x_aq_fadd_scalar_dp/fadd_half0_src0_qnan,11,0.00036631256452096306,2.334363636363637,1.611153708899362,0.8181818181818182,-0.027990097785625702,1
x_aq_vpu_top/x_aq_falu_top/x_aq_fadd_scalar_dp/fadd_half0_src0_snan,0,0.0,0.0,0.0,0.0,,0
x_aq_vpu_top/x_aq_falu_top/x_aq_fadd_scalar_dp/fadd_half0_src0_zero,0,0.0,0.0,0.0,0.0,,0
x_aq_vpu_top/x_aq_falu_top/x_aq_fadd_scalar_dp/fadd_half0_src1_cnan,12,0.00039961370675014153,1.2130000000000003,0.8372000910446368,0.5833333333333334,0.07111475332196562,1
x_aq_vpu_top/x_aq_falu_top/x_aq_fadd_scalar_dp/fadd_half0_src1_id,0,0.0,0.0,0.0,0.0,,0
x_aq_vpu_top/x_aq_falu_top/x_aq_fadd_scalar_dp/fadd_half0_src1_inf,0,0.0,0.0,0.0,0.0,,0
x_aq_vpu_top/x_aq_falu_top/x_aq_fadd_scalar_dp/fadd_half0_src1_qnan,12,0.00039961370675014153,1.2130000000000003,0.8372000910446368,0.5833333333333334,0.07111475332196562,1
x_aq_vpu_top/x_aq_falu_top/x_aq_fadd_scalar_dp/fadd_half0_src1_snan,0,0.0,0.0,0.0,0.0,,0
x_aq_vpu_top/x_aq_falu_top/x_aq_fadd_scalar_dp/fadd_half0_src1_zero,0,0.0,0.0,0.0,0.0,,0
x_aq_vpu_top/x_aq_falu_top/x_aq_fadd_scalar_dp/fadd_single0_src0_cnan,7,0.00023310799560424922,2.261,1.5605188836372,0.8571428571428571,-0.01952162216962929,1
x_aq_vpu_top/x_aq_falu_top/x_aq_fadd_scalar_dp/fadd_single0_src0_id,0,0.0,0.0,0.0,0.0,,0
x_aq_vpu_top/x_aq_falu_top/x_aq_fadd_scalar_dp/fadd_single0_src0_inf,0,0.0,0.0,0.0,0.0,,0
x_aq_vpu_top/x_aq_falu_top/x_aq_fadd_scalar_dp/fadd_single0_src0_qnan,7,0.00023310799560424922,2.261,1.5605188836372,0.8571428571428571,-0.01952162216962929,1
x_aq_vpu_top/x_aq_falu_top/x_aq_fadd_scalar_dp/fadd_single0_src0_snan,0,0.0,0.0,0.0,0.0,,0
x_aq_vpu_top/x_aq_falu_top/x_aq_fadd_scalar_dp/fadd_single0_src0_zero,0,0.0,0.0,0.0,0.0,,0
x_aq_vpu_top/x_aq_falu_top/x_aq_fadd_scalar_dp/fadd_single0_src1_cnan,12,0.00039961370675014153,1.2130000000000003,0.8372000910446368,0.5833333333333334,0.07111475332196562,1
x_aq_vpu_top/x_aq_falu_top/x_aq_fadd_scalar_dp/fadd_single0_src1_id,0,0.0,0.0,0.0,0.0,,0
x_aq_vpu_top/x_aq_falu_top/x_aq_fadd_scalar_dp/fadd_single0_src1_inf,0,0.0,0.0,0.0,0.0,,0
x_aq_vpu_top/x_aq_falu_top/x_aq_fadd_scalar_dp/fadd_single0_src1_qnan,12,0.00039961370675014153,1.2130000000000003,0.8372000910446368,0.5833333333333334,0.07111475332196562,1
x_aq_vpu_top/x_aq_falu_top/x_aq_fadd_scalar_dp/fadd_single0_src1_snan,0,0.0,0.0,0.0,0.0,,0
x_aq_vpu_top/x_aq_falu_top/x_aq_fadd_scalar_dp/fadd_single0_src1_zero,0,0.0,0.0,0.0,0.0,,0
x_aq_vpu_top/x_aq_falu_top/x_aq_fadd_scalar_dp/src0_double_id,0,0.0,0.0,0.0,0.0,,0
x_aq_vpu_top/x_aq_falu_top/x_aq_fadd_scalar_dp/src0_double_inf,0,0.0,0.0,0.0,0.0,,0
x_aq_vpu_top/x_aq_falu_top/x_aq_fadd_scalar_dp/src0_double_qnan,4,0.00013320456891671384,4.833999999999999,3.3363769498019558,1.0,-0.020098632563824027,1
x_aq_vpu_top/x_aq_falu_top/x_aq_fadd_scalar_dp/src0_double_snan,0,0.0,0.0,0.0,0.0,,0
x_aq_vpu_top/x_aq_falu_top/x_aq_fadd_scalar_dp/src0_double_zero,0,0.0,0.0,0.0,0.0,,0
x_aq_vpu_top/x_aq_falu_top/x_aq_fadd_scalar_dp/src0_half0_cnan,11,0.00036631256452096306,2.334363636363637,1.611153708899362,0.8181818181818182,-0.027990097785625702,1
x_aq_vpu_top/x_aq_falu_top/x_aq_fadd_scalar_dp/src0_half0_id,0,0.0,0.0,0.0,0.0,,0
x_aq_vpu_top/x_aq_falu_top/x_aq_fadd_scalar_dp/src0_half0_inf,0,0.0,0.0,0.0,0.0,,0
x_aq_vpu_top/x_aq_falu_top/x_aq_fadd_scalar_dp/src0_half0_qnan,11,0.00036631256452096306,2.334363636363637,1.611153708899362,0.8181818181818182,-0.027990097785625702,1
x_aq_vpu_top/x_aq_falu_top/x_aq_fadd_scalar_dp/src0_half0_snan,0,0.0,0.0,0.0,0.0,,0
x_aq_vpu_top/x_aq_falu_top/x_aq_fadd_scalar_dp/src0_half0_zero,0,0.0,0.0,0.0,0.0,,0
x_aq_vpu_top/x_aq_falu_top/x_aq_fadd_scalar_dp/src0_single0_cnan,7,0.00023310799560424922,2.261,1.5605188836372,0.8571428571428571,-0.01952162216962929,1
x_aq_vpu_top/x_aq_falu_top/x_aq_fadd_scalar_dp/src0_single0_id,0,0.0,0.0,0.0,0.0,,0
x_aq_vpu_top/x_aq_falu_top/x_aq_fadd_scalar_dp/src0_single0_inf,0,0.0,0.0,0.0,0.0,,0
x_aq_vpu_top/x_aq_falu_top/x_aq_fadd_scalar_dp/src0_single0_qnan,7,0.00023310799560424922,2.261,1.5605188836372,0.8571428571428571,-0.01952162216962929,1
x_aq_vpu_top/x_aq_falu_top/x_aq_fadd_scalar_dp/src0_single0_snan,0,0.0,0.0,0.0,0.0,,0
x_aq_vpu_top/x_aq_falu_top/x_aq_fadd_scalar_dp/src0_single0_zero,0,0.0,0.0,0.0,0.0,,0
x_aq_vpu_top/x_aq_falu_top/x_aq_fadd_scalar_dp/src1_double_id,0,0.0,0.0,0.0,0.0,,0
x_aq_vpu_top/x_aq_falu_top/x_aq_fadd_scalar_dp/src1_double_inf,0,0.0,0.0,0.0,0.0,,0
x_aq_vpu_top/x_aq_falu_top/x_aq_fadd_scalar_dp/src1_double_qnan,0,0.0,0.0,0.0,0.0,,0
x_aq_vpu_top/x_aq_falu_top/x_aq_fadd_scalar_dp/src1_double_snan,0,0.0,0.0,0.0,0.0,,0
x_aq_vpu_top/x_aq_falu_top/x_aq_fadd_scalar_dp/src1_double_zero,0,0.0,0.0,0.0,0.0,,0
x_aq_vpu_top/x_aq_falu_top/x_aq_fadd_scalar_dp/src1_half0_cnan,12,0.00039961370675014153,1.2130000000000003,0.8372000910446368,0.5833333333333334,0.07111475332196562,1
x_aq_vpu_top/x_aq_falu_top/x_aq_fadd_scalar_dp/src1_half0_id,0,0.0,0.0,0.0,0.0,,0
x_aq_vpu_top/x_aq_falu_top/x_aq_fadd_scalar_dp/src1_half0_inf,0,0.0,0.0,0.0,0.0,,0
x_aq_vpu_top/x_aq_falu_top/x_aq_fadd_scalar_dp/src1_half0_qnan,12,0.00039961370675014153,1.2130000000000003,0.8372000910446368,0.5833333333333334,0.07111475332196562,1
x_aq_vpu_top/x_aq_falu_top/x_aq_fadd_scalar_dp/src1_half0_snan,0,0.0,0.0,0.0,0.0,,0
x_aq_vpu_top/x_aq_falu_top/x_aq_fadd_scalar_dp/src1_half0_zero,0,0.0,0.0,0.0,0.0,,0
x_aq_vpu_top/x_aq_falu_top/x_aq_fadd_scalar_dp/src1_single0_cnan,12,0.00039961370675014153,1.2130000000000003,0.8372000910446368,0.5833333333333334,0.07111475332196562,1
x_aq_vpu_top/x_aq_falu_top/x_aq_fadd_scalar_dp/src1_single0_id,0,0.0,0.0,0.0,0.0,,0
x_aq_vpu_top/x_aq_falu_top/x_aq_fadd_scalar_dp/src1_single0_inf,0,0.0,0.0,0.0,0.0,,0
x_aq_vpu_top/x_aq_falu_top/x_aq_fadd_scalar_dp/src1_single0_qnan,12,0.00039961370675014153,1.2130000000000003,0.8372000910446368,0.5833333333333334,0.07111475332196562,1
x_aq_vpu_top/x_aq_falu_top/x_aq_fadd_scalar_dp/src1_single0_snan,0,0.0,0.0,0.0,0.0,,0
x_aq_vpu_top/x_aq_falu_top/x_aq_fadd_scalar_dp/src1_single0_zero,0,0.0,0.0,0.0,0.0,,0
x_aq_vpu_top/x_aq_falu_top/x_aq_fadd_scalar_dp/srcv0_type[47:0],30,0.0009990342668753538,3.311833333333334,2.2857932136779304,0.8666666666666667,-0.021183319845226964,16
x_aq_vpu_top/x_aq_falu_top/x_aq_fadd_scalar_dp/srcv1_type[47:0],30,0.0009990342668753538,3.1294999999999997,2.1599486273076587,0.8,0.1279855292343095,16
x_aq_vpu_top/x_aq_falu_top/x_aq_fadd_scalar_dp/vpu_group_0_xx_ex2_rm[2:0],4,0.00013320456891671384,6.335749999999999,4.372869313137721,1.0,0.005339490314663723,2
x_aq_vpu_top/x_aq_falu_top/x_aq_fadd_scalar_dp/x_widden_denorm_clk/clk_in,0,0.0,0.0,0.0,0.0,,0
x_aq_vpu_top/x_aq_falu_top/x_aq_fadd_scalar_dp/x_widden_denorm_clk/global_en,1,3.330114222917846e-05,2.862,1.9753228858777825,0.0,0.004988007030259691,1
x_aq_vpu_top/x_aq_falu_top/x_aq_fadd_scalar_dp/x_widden_denorm_clk/module_en,0,0.0,0.0,0.0,0.0,,0
x_aq_vpu_top/x_aq_falu_top/x_aq_fadd_scalar_dp/x_widden_denorm_clk/local_en,2,6.660228445835692e-05,8.55,5.901121828880168,1.0,0.17944175952243305,1
x_aq_vpu_top/x_aq_falu_top/x_aq_fadd_scalar_dp/x_widden_denorm_clk/external_en,0,0.0,0.0,0.0,0.0,,0
x_aq_vpu_top/x_aq_falu_top/x_aq_fadd_scalar_dp/x_widden_denorm_clk/pad_yy_icg_scan_en,0,0.0,0.0,0.0,0.0,,0
x_aq_vpu_top/x_aq_falu_top/x_aq_fadd_scalar_dp/x_widden_denorm_clk/clk_out,0,0.0,0.0,0.0,0.0,,0
x_aq_vpu_top/x_aq_falu_top/x_aq_fadd_scalar_dp/x_widden_denorm_clk/clk_en_bf_latch,2,6.660228445835692e-05,8.55,5.901121828880168,1.0,0.17944175952243305,1
x_aq_vpu_top/x_aq_falu_top/x_aq_fadd_scalar_dp/x_widden_denorm_clk/SE,0,0.0,0.0,0.0,0.0,,0
x_aq_vpu_top/x_aq_falu_top/x_aq_falu_ctrl/cp0_vpu_icg_en,0,0.0,0.0,0.0,0.0,,0
x_aq_vpu_top/x_aq_falu_top/x_aq_falu_ctrl/cp0_yy_clk_en,1,3.330114222917846e-05,2.862,1.9753228858777825,0.0,0.004988007030259691,1
x_aq_vpu_top/x_aq_falu_top/x_aq_falu_ctrl/fadd_ex1_pipe_clk,0,0.0,0.0,0.0,0.0,,0
x_aq_vpu_top/x_aq_falu_top/x_aq_falu_ctrl/fadd_ex1_pipedown,2,6.660228445835692e-05,8.55,5.901121828880168,1.0,0.17944175952243305,1
x_aq_vpu_top/x_aq_falu_top/x_aq_falu_ctrl/fadd_ex2_nocmp,1,3.330114222917846e-05,10.872,7.503742283460255,1.0,-0.003229515705865712,1
x_aq_vpu_top/x_aq_falu_top/x_aq_falu_ctrl/fadd_ex2_nocmp_pipe_clk,0,0.0,0.0,0.0,0.0,,0
x_aq_vpu_top/x_aq_falu_top/x_aq_falu_ctrl/fadd_ex2_nocmp_pipedown,2,6.660228445835692e-05,8.55,5.901121828880168,1.0,0.17944175952243305,1
x_aq_vpu_top/x_aq_falu_top/x_aq_falu_ctrl/fadd_ex2_pipe_clk,0,0.0,0.0,0.0,0.0,,0
x_aq_vpu_top/x_aq_falu_top/x_aq_falu_ctrl/fadd_ex2_pipedown,2,6.660228445835692e-05,8.55,5.901121828880168,1.0,0.17944175952243305,1
x_aq_vpu_top/x_aq_falu_top/x_aq_falu_ctrl/fadd_ex3_pipedown,2,6.660228445835692e-05,8.55,5.901121828880168,1.0,0.17944175952243305,1
x_aq_vpu_top/x_aq_falu_top/x_aq_falu_ctrl/forever_cpuclk,0,0.0,0.0,0.0,0.0,,0
x_aq_vpu_top/x_aq_falu_top/x_aq_falu_ctrl/ifu_vpu_warm_up,2,6.660228445835692e-05,8.55,5.901121828880168,1.0,0.17944175952243305,1
x_aq_vpu_top/x_aq_falu_top/x_aq_falu_ctrl/pad_yy_icg_scan_en,0,0.0,0.0,0.0,0.0,,0
x_aq_vpu_top/x_aq_falu_top/x_aq_falu_ctrl/vfalu_vpu_ex1_denormal_stall,0,0.0,0.0,0.0,0.0,,0
x_aq_vpu_top/x_aq_falu_top/x_aq_falu_ctrl/vpu_group_1_xx_ex1_eu_sel[9:0],34,0.0011322388357920678,3.0589999999999997,2.111290254332682,0.7352941176470589,-0.003935442393045595,6
x_aq_vpu_top/x_aq_falu_top/x_aq_falu_ctrl/vpu_group_1_xx_ex1_sel,0,0.0,0.0,0.0,0.0,,0
x_aq_vpu_top/x_aq_falu_top/x_aq_falu_ctrl/vpu_group_1_xx_ex2_eu_sel[9:0],3,9.990342668753538e-05,5.507666666666665,3.8013347360072895,1.0,-0.006407263670766904,4
x_aq_vpu_top/x_aq_falu_top/x_aq_falu_ctrl/vpu_group_1_xx_ex2_sel,0,0.0,0.0,0.0,0.0,,0
x_aq_vpu_top/x_aq_falu_top/x_aq_falu_ctrl/vpu_group_1_xx_ex2_stall,0,0.0,0.0,0.0,0.0,,0
x_aq_vpu_top/x_aq_falu_top/x_aq_falu_ctrl/vpu_group_1_xx_ex3_eu_sel[9:0],3,9.990342668753538e-05,5.455000000000001,3.7649847457943064,1.0,-0.006780543173505238,4
x_aq_vpu_top/x_aq_falu_top/x_aq_falu_ctrl/vpu_group_1_xx_ex3_sel,0,0.0,0.0,0.0,0.0,,0
x_aq_vpu_top/x_aq_falu_top/x_aq_falu_ctrl/vpu_group_1_xx_ex3_stall,0,0.0,0.0,0.0,0.0,,0
x_aq_vpu_top/x_aq_falu_top/x_aq_falu_ctrl/vpu_group_1_xx_ex4_stall,0,0.0,0.0,0.0,0.0,,0
x_aq_vpu_top/x_aq_falu_top/x_aq_falu_ctrl/fadd_ex1_vld,0,0.0,0.0,0.0,0.0,,0
x_aq_vpu_top/x_aq_falu_top/x_aq_falu_ctrl/fadd_ex2_stall,0,0.0,0.0,0.0,0.0,,0
x_aq_vpu_top/x_aq_falu_top/x_aq_falu_ctrl/fadd_ex2_vld,0,0.0,0.0,0.0,0.0,,0
x_aq_vpu_top/x_aq_falu_top/x_aq_falu_ctrl/fadd_ex3_stall,0,0.0,0.0,0.0,0.0,,0
x_aq_vpu_top/x_aq_falu_top/x_aq_falu_ctrl/fadd_ex3_vld,0,0.0,0.0,0.0,0.0,,0
x_aq_vpu_top/x_aq_falu_top/x_aq_falu_ctrl/fadd_ex4_stall,0,0.0,0.0,0.0,0.0,,0
x_aq_vpu_top/x_aq_falu_top/x_aq_falu_ctrl/x_fadd_ex1_pipe_clk/clk_in,0,0.0,0.0,0.0,0.0,,0
x_aq_vpu_top/x_aq_falu_top/x_aq_falu_ctrl/x_fadd_ex1_pipe_clk/global_en,1,3.330114222917846e-05,2.862,1.9753228858777825,0.0,0.004988007030259691,1
x_aq_vpu_top/x_aq_falu_top/x_aq_falu_ctrl/x_fadd_ex1_pipe_clk/module_en,0,0.0,0.0,0.0,0.0,,0
x_aq_vpu_top/x_aq_falu_top/x_aq_falu_ctrl/x_fadd_ex1_pipe_clk/local_en,2,6.660228445835692e-05,8.55,5.901121828880168,1.0,0.17944175952243305,1
x_aq_vpu_top/x_aq_falu_top/x_aq_falu_ctrl/x_fadd_ex1_pipe_clk/external_en,0,0.0,0.0,0.0,0.0,,0
x_aq_vpu_top/x_aq_falu_top/x_aq_falu_ctrl/x_fadd_ex1_pipe_clk/pad_yy_icg_scan_en,0,0.0,0.0,0.0,0.0,,0
x_aq_vpu_top/x_aq_falu_top/x_aq_falu_ctrl/x_fadd_ex1_pipe_clk/clk_out,0,0.0,0.0,0.0,0.0,,0
x_aq_vpu_top/x_aq_falu_top/x_aq_falu_ctrl/x_fadd_ex1_pipe_clk/clk_en_bf_latch,2,6.660228445835692e-05,8.55,5.901121828880168,1.0,0.17944175952243305,1
x_aq_vpu_top/x_aq_falu_top/x_aq_falu_ctrl/x_fadd_ex1_pipe_clk/SE,0,0.0,0.0,0.0,0.0,,0
x_aq_vpu_top/x_aq_falu_top/x_aq_falu_ctrl/x_fadd_ex2_pipe_clk/clk_in,0,0.0,0.0,0.0,0.0,,0
x_aq_vpu_top/x_aq_falu_top/x_aq_falu_ctrl/x_fadd_ex2_pipe_clk/global_en,1,3.330114222917846e-05,2.862,1.9753228858777825,0.0,0.004988007030259691,1
x_aq_vpu_top/x_aq_falu_top/x_aq_falu_ctrl/x_fadd_ex2_pipe_clk/module_en,0,0.0,0.0,0.0,0.0,,0
x_aq_vpu_top/x_aq_falu_top/x_aq_falu_ctrl/x_fadd_ex2_pipe_clk/local_en,2,6.660228445835692e-05,8.55,5.901121828880168,1.0,0.17944175952243305,1
x_aq_vpu_top/x_aq_falu_top/x_aq_falu_ctrl/x_fadd_ex2_pipe_clk/external_en,0,0.0,0.0,0.0,0.0,,0
x_aq_vpu_top/x_aq_falu_top/x_aq_falu_ctrl/x_fadd_ex2_pipe_clk/pad_yy_icg_scan_en,0,0.0,0.0,0.0,0.0,,0
x_aq_vpu_top/x_aq_falu_top/x_aq_falu_ctrl/x_fadd_ex2_pipe_clk/clk_out,0,0.0,0.0,0.0,0.0,,0
x_aq_vpu_top/x_aq_falu_top/x_aq_falu_ctrl/x_fadd_ex2_pipe_clk/clk_en_bf_latch,2,6.660228445835692e-05,8.55,5.901121828880168,1.0,0.17944175952243305,1
x_aq_vpu_top/x_aq_falu_top/x_aq_falu_ctrl/x_fadd_ex2_pipe_clk/SE,0,0.0,0.0,0.0,0.0,,0
x_aq_vpu_top/x_aq_falu_top/x_aq_falu_ctrl/x_fadd_ex1_nocmp_pipe_clk/clk_in,0,0.0,0.0,0.0,0.0,,0
x_aq_vpu_top/x_aq_falu_top/x_aq_falu_ctrl/x_fadd_ex1_nocmp_pipe_clk/global_en,1,3.330114222917846e-05,2.862,1.9753228858777825,0.0,0.004988007030259691,1
x_aq_vpu_top/x_aq_falu_top/x_aq_falu_ctrl/x_fadd_ex1_nocmp_pipe_clk/module_en,0,0.0,0.0,0.0,0.0,,0
x_aq_vpu_top/x_aq_falu_top/x_aq_falu_ctrl/x_fadd_ex1_nocmp_pipe_clk/local_en,2,6.660228445835692e-05,8.55,5.901121828880168,1.0,0.17944175952243305,1
x_aq_vpu_top/x_aq_falu_top/x_aq_falu_ctrl/x_fadd_ex1_nocmp_pipe_clk/external_en,0,0.0,0.0,0.0,0.0,,0
x_aq_vpu_top/x_aq_falu_top/x_aq_falu_ctrl/x_fadd_ex1_nocmp_pipe_clk/pad_yy_icg_scan_en,0,0.0,0.0,0.0,0.0,,0
x_aq_vpu_top/x_aq_falu_top/x_aq_falu_ctrl/x_fadd_ex1_nocmp_pipe_clk/clk_out,0,0.0,0.0,0.0,0.0,,0
x_aq_vpu_top/x_aq_falu_top/x_aq_falu_ctrl/x_fadd_ex1_nocmp_pipe_clk/clk_en_bf_latch,2,6.660228445835692e-05,8.55,5.901121828880168,1.0,0.17944175952243305,1
x_aq_vpu_top/x_aq_falu_top/x_aq_falu_ctrl/x_fadd_ex1_nocmp_pipe_clk/SE,0,0.0,0.0,0.0,0.0,,0
x_aq_vpu_top/x_aq_fcnvt_top/cp0_vpu_icg_en,0,0.0,0.0,0.0,0.0,,0
x_aq_vpu_top/x_aq_fcnvt_top/cp0_vpu_xx_bf16,0,0.0,0.0,0.0,0.0,,0
x_aq_vpu_top/x_aq_fcnvt_top/cp0_vpu_xx_dqnan,0,0.0,0.0,0.0,0.0,,0
x_aq_vpu_top/x_aq_fcnvt_top/cp0_yy_clk_en,1,3.330114222917846e-05,2.862,1.9753228858777825,0.0,0.004988007030259691,1
x_aq_vpu_top/x_aq_fcnvt_top/forever_cpuclk,0,0.0,0.0,0.0,0.0,,0
x_aq_vpu_top/x_aq_fcnvt_top/ifu_vpu_warm_up,2,6.660228445835692e-05,8.55,5.901121828880168,1.0,0.17944175952243305,1
x_aq_vpu_top/x_aq_fcnvt_top/pad_yy_icg_scan_en,0,0.0,0.0,0.0,0.0,,0
x_aq_vpu_top/x_aq_fcnvt_top/vfcvt_vpu_ex2_gpr_result[63:0],0,0.0,0.0,0.0,0.0,,0
x_aq_vpu_top/x_aq_fcnvt_top/vfcvt_vpu_ex3_fflags[4:0],0,0.0,0.0,0.0,0.0,,0
x_aq_vpu_top/x_aq_fcnvt_top/vfcvt_vpu_ex3_fpr_result[63:0],0,0.0,0.0,0.0,0.0,,0
x_aq_vpu_top/x_aq_fcnvt_top/vpu_group_1_xx_ex1_eu_sel[9:0],34,0.0011322388357920678,3.0589999999999997,2.111290254332682,0.7352941176470589,-0.003935442393045595,6
x_aq_vpu_top/x_aq_fcnvt_top/vpu_group_1_xx_ex1_func[19:0],44,0.0014652502580838522,3.3622954545454546,2.320621649352368,0.7954545454545454,0.005526236953928676,10
x_aq_vpu_top/x_aq_fcnvt_top/vpu_group_1_xx_ex1_sel,0,0.0,0.0,0.0,0.0,,0
x_aq_vpu_top/x_aq_fcnvt_top/vpu_group_1_xx_ex1_srcv0[63:0],34,0.0011322388357920678,3.199264705882353,2.2080995078652914,0.8823529411764706,-0.03007154116304795,47
x_aq_vpu_top/x_aq_fcnvt_top/vpu_group_1_xx_ex1_srcv0_type[47:0],30,0.0009990342668753538,3.311833333333334,2.2857932136779304,0.8666666666666667,-0.021183319845226964,16
x_aq_vpu_top/x_aq_fcnvt_top/vpu_group_1_xx_ex1_srcv1[63:0],29,0.0009657331246461754,2.7920689655172413,1.9270572070353988,0.7931034482758621,0.13330910200860932,36
x_aq_vpu_top/x_aq_fcnvt_top/vpu_group_1_xx_ex2_eu_sel[9:0],3,9.990342668753538e-05,5.507666666666665,3.8013347360072895,1.0,-0.006407263670766904,4
x_aq_vpu_top/x_aq_fcnvt_top/vpu_group_1_xx_ex2_rm[2:0],4,0.00013320456891671384,6.335749999999999,4.372869313137721,1.0,0.005339490314663723,2
x_aq_vpu_top/x_aq_fcnvt_top/vpu_group_1_xx_ex2_sel,0,0.0,0.0,0.0,0.0,,0
x_aq_vpu_top/x_aq_fcnvt_top/vpu_group_1_xx_ex2_stall,0,0.0,0.0,0.0,0.0,,0
x_aq_vpu_top/x_aq_fcnvt_top/vpu_group_1_xx_ex3_stall,0,0.0,0.0,0.0,0.0,,0
x_aq_vpu_top/x_aq_fcnvt_top/bhalf0_final_frac[15:0],0,0.0,0.0,0.0,0.0,,0
x_aq_vpu_top/x_aq_fcnvt_top/double_final_frac[63:0],0,0.0,0.0,0.0,0.0,,0
x_aq_vpu_top/x_aq_fcnvt_top/double_pipe_bhtod_value[5:0],0,0.0,0.0,0.0,0.0,,0
x_aq_vpu_top/x_aq_fcnvt_top/double_pipe_bhtox_expnt[4:0],0,0.0,0.0,0.0,0.0,,0
x_aq_vpu_top/x_aq_fcnvt_top/double_pipe_ex1_special_vld,0,0.0,0.0,0.0,0.0,,0
x_aq_vpu_top/x_aq_fcnvt_top/double_pipe_ex1_src_cnan,0,0.0,0.0,0.0,0.0,,0
x_aq_vpu_top/x_aq_fcnvt_top/double_pipe_ex1_src_inf,0,0.0,0.0,0.0,0.0,,0
x_aq_vpu_top/x_aq_fcnvt_top/double_pipe_ex1_src_qnan,0,0.0,0.0,0.0,0.0,,0
x_aq_vpu_top/x_aq_fcnvt_top/double_pipe_ex1_src_snan,0,0.0,0.0,0.0,0.0,,0
x_aq_vpu_top/x_aq_fcnvt_top/double_pipe_ex1_src_zero,0,0.0,0.0,0.0,0.0,,0
x_aq_vpu_top/x_aq_fcnvt_top/double_pipe_ex2_expt[3:0],0,0.0,0.0,0.0,0.0,,0
x_aq_vpu_top/x_aq_fcnvt_top/double_pipe_ex2_frac[63:0],0,0.0,0.0,0.0,0.0,,0
x_aq_vpu_top/x_aq_fcnvt_top/double_pipe_ex2_int[63:0],1,3.330114222917846e-05,10.872,7.503742283460255,1.0,-0.003229515705865712,1
x_aq_vpu_top/x_aq_fcnvt_top/double_pipe_ex2_widden_dn_itof_expnt[5:0],0,0.0,0.0,0.0,0.0,,0
x_aq_vpu_top/x_aq_fcnvt_top/double_pipe_ftoi_int[63:0],1,3.330114222917846e-05,8.82,6.087473044529015,1.0,-0.00040606668911224335,1
x_aq_vpu_top/x_aq_fcnvt_top/double_pipe_htox_expnt[4:0],0,0.0,0.0,0.0,0.0,,0
x_aq_vpu_top/x_aq_fcnvt_top/double_pipe_htox_value[8:0],0,0.0,0.0,0.0,0.0,,0
x_aq_vpu_top/x_aq_fcnvt_top/double_pipe_special_value[63:0],0,0.0,0.0,0.0,0.0,,0
x_aq_vpu_top/x_aq_fcnvt_top/double_pipe_src_dn,0,0.0,0.0,0.0,0.0,,0
x_aq_vpu_top/x_aq_fcnvt_top/double_pipe_stod_expnt[4:0],0,0.0,0.0,0.0,0.0,,0
x_aq_vpu_top/x_aq_fcnvt_top/double_pipe_stod_value[21:0],0,0.0,0.0,0.0,0.0,,0
x_aq_vpu_top/x_aq_fcnvt_top/ex1_dest_bhalf,0,0.0,0.0,0.0,0.0,,0
x_aq_vpu_top/x_aq_fcnvt_top/ex1_dest_float,0,0.0,0.0,0.0,0.0,,0
x_aq_vpu_top/x_aq_fcnvt_top/ex1_dest_half,0,0.0,0.0,0.0,0.0,,0
x_aq_vpu_top/x_aq_fcnvt_top/ex1_dest_si,15,0.0004995171334376769,3.7287333333333335,2.5735332944335023,0.9333333333333333,-0.017909944031964553,1
x_aq_vpu_top/x_aq_fcnvt_top/ex1_dest_single,0,0.0,0.0,0.0,0.0,,0
x_aq_vpu_top/x_aq_fcnvt_top/ex1_double_src[63:0],23,0.0007659262712711046,3.651391304347826,2.5201526236105476,0.782608695652174,0.16888554454306945,36
x_aq_vpu_top/x_aq_fcnvt_top/ex1_half0_src[15:0],23,0.0007659262712711046,3.651391304347826,2.5201526236105476,0.782608695652174,0.16073646669101224,11
x_aq_vpu_top/x_aq_fcnvt_top/ex1_l8_0_src[7:0],0,0.0,0.0,0.0,0.0,,0
x_aq_vpu_top/x_aq_fcnvt_top/ex1_op_bhtod,0,0.0,0.0,0.0,0.0,,0
x_aq_vpu_top/x_aq_fcnvt_top/ex1_op_bhtos,0,0.0,0.0,0.0,0.0,,0
x_aq_vpu_top/x_aq_fcnvt_top/ex1_op_dtobh,0,0.0,0.0,0.0,0.0,,0
x_aq_vpu_top/x_aq_fcnvt_top/ex1_op_dtoh,0,0.0,0.0,0.0,0.0,,0
x_aq_vpu_top/x_aq_fcnvt_top/ex1_op_dtos,0,0.0,0.0,0.0,0.0,,0
x_aq_vpu_top/x_aq_fcnvt_top/ex1_op_ftoi,16,0.0005328182756668553,2.5919375,1.7889285333734606,0.625,0.06081311413537336,1
x_aq_vpu_top/x_aq_fcnvt_top/ex1_op_htod,0,0.0,0.0,0.0,0.0,,0
x_aq_vpu_top/x_aq_fcnvt_top/ex1_op_htos,0,0.0,0.0,0.0,0.0,,0
x_aq_vpu_top/x_aq_fcnvt_top/ex1_op_stobh,0,0.0,0.0,0.0,0.0,,0
x_aq_vpu_top/x_aq_fcnvt_top/ex1_op_stod,0,0.0,0.0,0.0,0.0,,0
x_aq_vpu_top/x_aq_fcnvt_top/ex1_op_stoh,0,0.0,0.0,0.0,0.0,,0
x_aq_vpu_top/x_aq_fcnvt_top/ex1_single0_src[31:0],23,0.0007659262712711046,3.651391304347826,2.5201526236105476,0.782608695652174,0.17085733100969933,21
x_aq_vpu_top/x_aq_fcnvt_top/ex1_src_bhalf,0,0.0,0.0,0.0,0.0,,0
x_aq_vpu_top/x_aq_fcnvt_top/ex1_src_double,0,0.0,0.0,0.0,0.0,,0
x_aq_vpu_top/x_aq_fcnvt_top/ex1_src_float,16,0.0005328182756668553,2.5919375,1.7889285333734606,0.625,0.06081311413537336,1
x_aq_vpu_top/x_aq_fcnvt_top/ex1_src_half,0,0.0,0.0,0.0,0.0,,0
x_aq_vpu_top/x_aq_fcnvt_top/ex1_src_i,17,0.0005661194178960339,3.351882352941177,2.313434634009286,0.8235294117647058,-0.027245585373752945,1
x_aq_vpu_top/x_aq_fcnvt_top/ex1_src_l16,0,0.0,0.0,0.0,0.0,,0
x_aq_vpu_top/x_aq_fcnvt_top/ex1_src_l32,0,0.0,0.0,0.0,0.0,,0
x_aq_vpu_top/x_aq_fcnvt_top/ex1_src_l64,0,0.0,0.0,0.0,0.0,,0
x_aq_vpu_top/x_aq_fcnvt_top/ex1_src_l8,0,0.0,0.0,0.0,0.0,,0
x_aq_vpu_top/x_aq_fcnvt_top/ex1_src_si,2,6.660228445835692e-05,5.118999999999999,3.533081010764628,1.0,0.005679344864923651,1
x_aq_vpu_top/x_aq_fcnvt_top/ex1_src_single,0,0.0,0.0,0.0,0.0,,0
x_aq_vpu_top/x_aq_fcnvt_top/ex2_bh_quod_up,0,0.0,0.0,0.0,0.0,,0
x_aq_vpu_top/x_aq_fcnvt_top/ex2_bhalf0_orig_frac[6:0],0,0.0,0.0,0.0,0.0,,0
x_aq_vpu_top/x_aq_fcnvt_top/ex2_dest_bhalf,0,0.0,0.0,0.0,0.0,,0
x_aq_vpu_top/x_aq_fcnvt_top/ex2_dest_double,0,0.0,0.0,0.0,0.0,,0
x_aq_vpu_top/x_aq_fcnvt_top/ex2_dest_float,0,0.0,0.0,0.0,0.0,,0
x_aq_vpu_top/x_aq_fcnvt_top/ex2_dest_half,0,0.0,0.0,0.0,0.0,,0
x_aq_vpu_top/x_aq_fcnvt_top/ex2_dest_l16,0,0.0,0.0,0.0,0.0,,0
x_aq_vpu_top/x_aq_fcnvt_top/ex2_dest_l32,0,0.0,0.0,0.0,0.0,,0
x_aq_vpu_top/x_aq_fcnvt_top/ex2_dest_l64,0,0.0,0.0,0.0,0.0,,0
x_aq_vpu_top/x_aq_fcnvt_top/ex2_dest_l8,0,0.0,0.0,0.0,0.0,,0
x_aq_vpu_top/x_aq_fcnvt_top/ex2_dest_si,0,0.0,0.0,0.0,0.0,,0
x_aq_vpu_top/x_aq_fcnvt_top/ex2_dest_single,0,0.0,0.0,0.0,0.0,,0
x_aq_vpu_top/x_aq_fcnvt_top/ex2_double_orig_frac[51:0],0,0.0,0.0,0.0,0.0,,0
x_aq_vpu_top/x_aq_fcnvt_top/ex2_h_quod_up,0,0.0,0.0,0.0,0.0,,0
x_aq_vpu_top/x_aq_fcnvt_top/ex2_half0_orig_frac[9:0],0,0.0,0.0,0.0,0.0,,0
x_aq_vpu_top/x_aq_fcnvt_top/ex2_int16_0_result[63:0],0,0.0,0.0,0.0,0.0,,0
x_aq_vpu_top/x_aq_fcnvt_top/ex2_int32_0_result[63:0],0,0.0,0.0,0.0,0.0,,0
x_aq_vpu_top/x_aq_fcnvt_top/ex2_int64_result[63:0],0,0.0,0.0,0.0,0.0,,0
x_aq_vpu_top/x_aq_fcnvt_top/ex2_l16_0_result[63:0],0,0.0,0.0,0.0,0.0,,0
x_aq_vpu_top/x_aq_fcnvt_top/ex2_l32_0_result[63:0],0,0.0,0.0,0.0,0.0,,0
x_aq_vpu_top/x_aq_fcnvt_top/ex2_l8_0_result[7:0],0,0.0,0.0,0.0,0.0,,0
x_aq_vpu_top/x_aq_fcnvt_top/ex2_narrow,0,0.0,0.0,0.0,0.0,,0
x_aq_vpu_top/x_aq_fcnvt_top/ex2_op_itof,0,0.0,0.0,0.0,0.0,,0
x_aq_vpu_top/x_aq_fcnvt_top/ex2_quod_dn,0,0.0,0.0,0.0,0.0,,0
x_aq_vpu_top/x_aq_fcnvt_top/ex2_single0_orig_frac[22:0],0,0.0,0.0,0.0,0.0,,0
x_aq_vpu_top/x_aq_fcnvt_top/ex2_src_l16,0,0.0,0.0,0.0,0.0,,0
x_aq_vpu_top/x_aq_fcnvt_top/ex2_src_l32,0,0.0,0.0,0.0,0.0,,0
x_aq_vpu_top/x_aq_fcnvt_top/ex2_src_l64,0,0.0,0.0,0.0,0.0,,0
x_aq_vpu_top/x_aq_fcnvt_top/ex2_widden,0,0.0,0.0,0.0,0.0,,0
x_aq_vpu_top/x_aq_fcnvt_top/ex3_double_result[63:0],0,0.0,0.0,0.0,0.0,,0
x_aq_vpu_top/x_aq_fcnvt_top/fcnvt_ex1_pipe_clk,0,0.0,0.0,0.0,0.0,,0
x_aq_vpu_top/x_aq_fcnvt_top/fcnvt_ex1_pipedown,2,6.660228445835692e-05,8.55,5.901121828880168,1.0,0.17944175952243305,1
x_aq_vpu_top/x_aq_fcnvt_top/fcnvt_ex2_pipe_clk,0,0.0,0.0,0.0,0.0,,0
x_aq_vpu_top/x_aq_fcnvt_top/fcnvt_ex2_pipe_double_clk,0,0.0,0.0,0.0,0.0,,0
x_aq_vpu_top/x_aq_fcnvt_top/fcnvt_ex2_pipedown,2,6.660228445835692e-05,8.55,5.901121828880168,1.0,0.17944175952243305,1
x_aq_vpu_top/x_aq_fcnvt_top/half0_final_frac[15:0],0,0.0,0.0,0.0,0.0,,0
x_aq_vpu_top/x_aq_fcnvt_top/l16_0_itof_value[15:0],0,0.0,0.0,0.0,0.0,,0
x_aq_vpu_top/x_aq_fcnvt_top/l32_0_itof_value[31:0],0,0.0,0.0,0.0,0.0,,0
x_aq_vpu_top/x_aq_fcnvt_top/l64_itof_value[63:0],0,0.0,0.0,0.0,0.0,,0
x_aq_vpu_top/x_aq_fcnvt_top/single0_final_frac[31:0],0,0.0,0.0,0.0,0.0,,0
x_aq_vpu_top/x_aq_fcnvt_top/x_aq_fcnvt_double/bhalf0_final_frac[15:0],0,0.0,0.0,0.0,0.0,,0
x_aq_vpu_top/x_aq_fcnvt_top/x_aq_fcnvt_double/cp0_vpu_xx_dqnan,0,0.0,0.0,0.0,0.0,,0
x_aq_vpu_top/x_aq_fcnvt_top/x_aq_fcnvt_double/double_final_frac[63:0],0,0.0,0.0,0.0,0.0,,0
x_aq_vpu_top/x_aq_fcnvt_top/x_aq_fcnvt_double/double_pipe_bhtod_value[5:0],0,0.0,0.0,0.0,0.0,,0
x_aq_vpu_top/x_aq_fcnvt_top/x_aq_fcnvt_double/double_pipe_bhtox_expnt[4:0],0,0.0,0.0,0.0,0.0,,0
x_aq_vpu_top/x_aq_fcnvt_top/x_aq_fcnvt_double/double_pipe_ex1_special_vld,0,0.0,0.0,0.0,0.0,,0
x_aq_vpu_top/x_aq_fcnvt_top/x_aq_fcnvt_double/double_pipe_ex1_src_cnan,0,0.0,0.0,0.0,0.0,,0
x_aq_vpu_top/x_aq_fcnvt_top/x_aq_fcnvt_double/double_pipe_ex1_src_inf,0,0.0,0.0,0.0,0.0,,0
x_aq_vpu_top/x_aq_fcnvt_top/x_aq_fcnvt_double/double_pipe_ex1_src_qnan,0,0.0,0.0,0.0,0.0,,0
x_aq_vpu_top/x_aq_fcnvt_top/x_aq_fcnvt_double/double_pipe_ex1_src_snan,0,0.0,0.0,0.0,0.0,,0
x_aq_vpu_top/x_aq_fcnvt_top/x_aq_fcnvt_double/double_pipe_ex1_src_zero,0,0.0,0.0,0.0,0.0,,0
x_aq_vpu_top/x_aq_fcnvt_top/x_aq_fcnvt_double/double_pipe_ex2_expt[3:0],0,0.0,0.0,0.0,0.0,,0
x_aq_vpu_top/x_aq_fcnvt_top/x_aq_fcnvt_double/double_pipe_ex2_frac[63:0],0,0.0,0.0,0.0,0.0,,0
x_aq_vpu_top/x_aq_fcnvt_top/x_aq_fcnvt_double/double_pipe_ex2_int[63:0],1,3.330114222917846e-05,10.872,7.503742283460255,1.0,-0.003229515705865712,1
x_aq_vpu_top/x_aq_fcnvt_top/x_aq_fcnvt_double/double_pipe_ex2_widden_dn_itof_expnt[5:0],0,0.0,0.0,0.0,0.0,,0
x_aq_vpu_top/x_aq_fcnvt_top/x_aq_fcnvt_double/double_pipe_ftoi_int[63:0],1,3.330114222917846e-05,8.82,6.087473044529015,1.0,-0.00040606668911224335,1
x_aq_vpu_top/x_aq_fcnvt_top/x_aq_fcnvt_double/double_pipe_htox_expnt[4:0],0,0.0,0.0,0.0,0.0,,0
x_aq_vpu_top/x_aq_fcnvt_top/x_aq_fcnvt_double/double_pipe_htox_value[8:0],0,0.0,0.0,0.0,0.0,,0
x_aq_vpu_top/x_aq_fcnvt_top/x_aq_fcnvt_double/double_pipe_special_value[63:0],0,0.0,0.0,0.0,0.0,,0
x_aq_vpu_top/x_aq_fcnvt_top/x_aq_fcnvt_double/double_pipe_src_dn,0,0.0,0.0,0.0,0.0,,0
x_aq_vpu_top/x_aq_fcnvt_top/x_aq_fcnvt_double/double_pipe_stod_expnt[4:0],0,0.0,0.0,0.0,0.0,,0
x_aq_vpu_top/x_aq_fcnvt_top/x_aq_fcnvt_double/double_pipe_stod_value[21:0],0,0.0,0.0,0.0,0.0,,0
x_aq_vpu_top/x_aq_fcnvt_top/x_aq_fcnvt_double/ex1_dest_bhalf,0,0.0,0.0,0.0,0.0,,0
x_aq_vpu_top/x_aq_fcnvt_top/x_aq_fcnvt_double/ex1_dest_float,0,0.0,0.0,0.0,0.0,,0
x_aq_vpu_top/x_aq_fcnvt_top/x_aq_fcnvt_double/ex1_dest_half,0,0.0,0.0,0.0,0.0,,0
x_aq_vpu_top/x_aq_fcnvt_top/x_aq_fcnvt_double/ex1_dest_si,15,0.0004995171334376769,3.7287333333333335,2.5735332944335023,0.9333333333333333,-0.017909944031964553,1
x_aq_vpu_top/x_aq_fcnvt_top/x_aq_fcnvt_double/ex1_dest_single,0,0.0,0.0,0.0,0.0,,0
x_aq_vpu_top/x_aq_fcnvt_top/x_aq_fcnvt_double/ex1_double_src[63:0],23,0.0007659262712711046,3.651391304347826,2.5201526236105476,0.782608695652174,0.16888554454306945,36
x_aq_vpu_top/x_aq_fcnvt_top/x_aq_fcnvt_double/ex1_half0_src[15:0],23,0.0007659262712711046,3.651391304347826,2.5201526236105476,0.782608695652174,0.16073646669101224,11
x_aq_vpu_top/x_aq_fcnvt_top/x_aq_fcnvt_double/ex1_l8_0_src[7:0],0,0.0,0.0,0.0,0.0,,0
x_aq_vpu_top/x_aq_fcnvt_top/x_aq_fcnvt_double/ex1_op_bhtod,0,0.0,0.0,0.0,0.0,,0
x_aq_vpu_top/x_aq_fcnvt_top/x_aq_fcnvt_double/ex1_op_bhtos,0,0.0,0.0,0.0,0.0,,0
x_aq_vpu_top/x_aq_fcnvt_top/x_aq_fcnvt_double/ex1_op_dtobh,0,0.0,0.0,0.0,0.0,,0
x_aq_vpu_top/x_aq_fcnvt_top/x_aq_fcnvt_double/ex1_op_dtoh,0,0.0,0.0,0.0,0.0,,0
x_aq_vpu_top/x_aq_fcnvt_top/x_aq_fcnvt_double/ex1_op_dtos,0,0.0,0.0,0.0,0.0,,0
x_aq_vpu_top/x_aq_fcnvt_top/x_aq_fcnvt_double/ex1_op_ftoi,16,0.0005328182756668553,2.5919375,1.7889285333734606,0.625,0.06081311413537336,1
x_aq_vpu_top/x_aq_fcnvt_top/x_aq_fcnvt_double/ex1_op_htod,0,0.0,0.0,0.0,0.0,,0
x_aq_vpu_top/x_aq_fcnvt_top/x_aq_fcnvt_double/ex1_op_htos,0,0.0,0.0,0.0,0.0,,0
x_aq_vpu_top/x_aq_fcnvt_top/x_aq_fcnvt_double/ex1_op_stobh,0,0.0,0.0,0.0,0.0,,0
x_aq_vpu_top/x_aq_fcnvt_top/x_aq_fcnvt_double/ex1_op_stod,0,0.0,0.0,0.0,0.0,,0
x_aq_vpu_top/x_aq_fcnvt_top/x_aq_fcnvt_double/ex1_op_stoh,0,0.0,0.0,0.0,0.0,,0
x_aq_vpu_top/x_aq_fcnvt_top/x_aq_fcnvt_double/ex1_single0_src[31:0],23,0.0007659262712711046,3.651391304347826,2.5201526236105476,0.782608695652174,0.17085733100969933,21
x_aq_vpu_top/x_aq_fcnvt_top/x_aq_fcnvt_double/ex1_src_bhalf,0,0.0,0.0,0.0,0.0,,0
x_aq_vpu_top/x_aq_fcnvt_top/x_aq_fcnvt_double/ex1_src_double,0,0.0,0.0,0.0,0.0,,0
x_aq_vpu_top/x_aq_fcnvt_top/x_aq_fcnvt_double/ex1_src_float,16,0.0005328182756668553,2.5919375,1.7889285333734606,0.625,0.06081311413537336,1
x_aq_vpu_top/x_aq_fcnvt_top/x_aq_fcnvt_double/ex1_src_half,0,0.0,0.0,0.0,0.0,,0
x_aq_vpu_top/x_aq_fcnvt_top/x_aq_fcnvt_double/ex1_src_i,17,0.0005661194178960339,3.351882352941177,2.313434634009286,0.8235294117647058,-0.027245585373752945,1
x_aq_vpu_top/x_aq_fcnvt_top/x_aq_fcnvt_double/ex1_src_l16,0,0.0,0.0,0.0,0.0,,0
x_aq_vpu_top/x_aq_fcnvt_top/x_aq_fcnvt_double/ex1_src_l32,0,0.0,0.0,0.0,0.0,,0
x_aq_vpu_top/x_aq_fcnvt_top/x_aq_fcnvt_double/ex1_src_l64,0,0.0,0.0,0.0,0.0,,0
x_aq_vpu_top/x_aq_fcnvt_top/x_aq_fcnvt_double/ex1_src_l8,0,0.0,0.0,0.0,0.0,,0
x_aq_vpu_top/x_aq_fcnvt_top/x_aq_fcnvt_double/ex1_src_si,2,6.660228445835692e-05,5.118999999999999,3.533081010764628,1.0,0.005679344864923651,1
x_aq_vpu_top/x_aq_fcnvt_top/x_aq_fcnvt_double/ex1_src_single,0,0.0,0.0,0.0,0.0,,0
x_aq_vpu_top/x_aq_fcnvt_top/x_aq_fcnvt_double/ex2_bh_quod_up,0,0.0,0.0,0.0,0.0,,0
x_aq_vpu_top/x_aq_fcnvt_top/x_aq_fcnvt_double/ex2_bhalf0_orig_frac[6:0],0,0.0,0.0,0.0,0.0,,0
x_aq_vpu_top/x_aq_fcnvt_top/x_aq_fcnvt_double/ex2_dest_bhalf,0,0.0,0.0,0.0,0.0,,0
x_aq_vpu_top/x_aq_fcnvt_top/x_aq_fcnvt_double/ex2_dest_double,0,0.0,0.0,0.0,0.0,,0
x_aq_vpu_top/x_aq_fcnvt_top/x_aq_fcnvt_double/ex2_dest_float,0,0.0,0.0,0.0,0.0,,0
x_aq_vpu_top/x_aq_fcnvt_top/x_aq_fcnvt_double/ex2_dest_half,0,0.0,0.0,0.0,0.0,,0
x_aq_vpu_top/x_aq_fcnvt_top/x_aq_fcnvt_double/ex2_dest_l16,0,0.0,0.0,0.0,0.0,,0
x_aq_vpu_top/x_aq_fcnvt_top/x_aq_fcnvt_double/ex2_dest_l32,0,0.0,0.0,0.0,0.0,,0
x_aq_vpu_top/x_aq_fcnvt_top/x_aq_fcnvt_double/ex2_dest_l64,0,0.0,0.0,0.0,0.0,,0
x_aq_vpu_top/x_aq_fcnvt_top/x_aq_fcnvt_double/ex2_dest_l8,0,0.0,0.0,0.0,0.0,,0
x_aq_vpu_top/x_aq_fcnvt_top/x_aq_fcnvt_double/ex2_dest_si,0,0.0,0.0,0.0,0.0,,0
x_aq_vpu_top/x_aq_fcnvt_top/x_aq_fcnvt_double/ex2_dest_single,0,0.0,0.0,0.0,0.0,,0
x_aq_vpu_top/x_aq_fcnvt_top/x_aq_fcnvt_double/ex2_double_orig_frac[51:0],0,0.0,0.0,0.0,0.0,,0
x_aq_vpu_top/x_aq_fcnvt_top/x_aq_fcnvt_double/ex2_h_quod_up,0,0.0,0.0,0.0,0.0,,0
x_aq_vpu_top/x_aq_fcnvt_top/x_aq_fcnvt_double/ex2_half0_orig_frac[9:0],0,0.0,0.0,0.0,0.0,,0
x_aq_vpu_top/x_aq_fcnvt_top/x_aq_fcnvt_double/ex2_int16_0_result[63:0],0,0.0,0.0,0.0,0.0,,0
x_aq_vpu_top/x_aq_fcnvt_top/x_aq_fcnvt_double/ex2_int32_0_result[63:0],0,0.0,0.0,0.0,0.0,,0
x_aq_vpu_top/x_aq_fcnvt_top/x_aq_fcnvt_double/ex2_int64_result[63:0],0,0.0,0.0,0.0,0.0,,0
x_aq_vpu_top/x_aq_fcnvt_top/x_aq_fcnvt_double/ex2_l16_0_result[63:0],0,0.0,0.0,0.0,0.0,,0
x_aq_vpu_top/x_aq_fcnvt_top/x_aq_fcnvt_double/ex2_l32_0_result[63:0],0,0.0,0.0,0.0,0.0,,0
x_aq_vpu_top/x_aq_fcnvt_top/x_aq_fcnvt_double/ex2_l8_0_result[7:0],0,0.0,0.0,0.0,0.0,,0
x_aq_vpu_top/x_aq_fcnvt_top/x_aq_fcnvt_double/ex2_narrow,0,0.0,0.0,0.0,0.0,,0
x_aq_vpu_top/x_aq_fcnvt_top/x_aq_fcnvt_double/ex2_op_itof,0,0.0,0.0,0.0,0.0,,0
x_aq_vpu_top/x_aq_fcnvt_top/x_aq_fcnvt_double/ex2_quod_dn,0,0.0,0.0,0.0,0.0,,0
x_aq_vpu_top/x_aq_fcnvt_top/x_aq_fcnvt_double/ex2_single0_orig_frac[22:0],0,0.0,0.0,0.0,0.0,,0
x_aq_vpu_top/x_aq_fcnvt_top/x_aq_fcnvt_double/ex2_src_l16,0,0.0,0.0,0.0,0.0,,0
x_aq_vpu_top/x_aq_fcnvt_top/x_aq_fcnvt_double/ex2_src_l32,0,0.0,0.0,0.0,0.0,,0
x_aq_vpu_top/x_aq_fcnvt_top/x_aq_fcnvt_double/ex2_src_l64,0,0.0,0.0,0.0,0.0,,0
x_aq_vpu_top/x_aq_fcnvt_top/x_aq_fcnvt_double/ex2_widden,0,0.0,0.0,0.0,0.0,,0
x_aq_vpu_top/x_aq_fcnvt_top/x_aq_fcnvt_double/fcnvt_ex1_pipe_clk,0,0.0,0.0,0.0,0.0,,0
x_aq_vpu_top/x_aq_fcnvt_top/x_aq_fcnvt_double/fcnvt_ex1_pipedown,2,6.660228445835692e-05,8.55,5.901121828880168,1.0,0.17944175952243305,1
x_aq_vpu_top/x_aq_fcnvt_top/x_aq_fcnvt_double/fcnvt_ex2_pipe_double_clk,0,0.0,0.0,0.0,0.0,,0
x_aq_vpu_top/x_aq_fcnvt_top/x_aq_fcnvt_double/fcnvt_ex2_pipedown,2,6.660228445835692e-05,8.55,5.901121828880168,1.0,0.17944175952243305,1
x_aq_vpu_top/x_aq_fcnvt_top/x_aq_fcnvt_double/half0_final_frac[15:0],0,0.0,0.0,0.0,0.0,,0
x_aq_vpu_top/x_aq_fcnvt_top/x_aq_fcnvt_double/l16_0_itof_value[15:0],0,0.0,0.0,0.0,0.0,,0
x_aq_vpu_top/x_aq_fcnvt_top/x_aq_fcnvt_double/l32_0_itof_value[31:0],0,0.0,0.0,0.0,0.0,,0
x_aq_vpu_top/x_aq_fcnvt_top/x_aq_fcnvt_double/l64_itof_value[63:0],0,0.0,0.0,0.0,0.0,,0
x_aq_vpu_top/x_aq_fcnvt_top/x_aq_fcnvt_double/single0_final_frac[31:0],0,0.0,0.0,0.0,0.0,,0
x_aq_vpu_top/x_aq_fcnvt_top/x_aq_fcnvt_double/vpu_group_1_xx_ex2_rm[2:0],4,0.00013320456891671384,6.335749999999999,4.372869313137721,1.0,0.005339490314663723,2
x_aq_vpu_top/x_aq_fcnvt_top/x_aq_fcnvt_double/bhalf0_special_result[15:0],0,0.0,0.0,0.0,0.0,,0
x_aq_vpu_top/x_aq_fcnvt_top/x_aq_fcnvt_double/bhalf_expnt_add,0,0.0,0.0,0.0,0.0,,0
x_aq_vpu_top/x_aq_fcnvt_top/x_aq_fcnvt_double/bhalf_norm_f_all_1,0,0.0,0.0,0.0,0.0,,0
x_aq_vpu_top/x_aq_fcnvt_top/x_aq_fcnvt_double/double_expnt_add,0,0.0,0.0,0.0,0.0,,0
x_aq_vpu_top/x_aq_fcnvt_top/x_aq_fcnvt_double/double_norm_f_all_1,0,0.0,0.0,0.0,0.0,,0
x_aq_vpu_top/x_aq_fcnvt_top/x_aq_fcnvt_double/double_pipe_ex2_cmb_frac[52:0],0,0.0,0.0,0.0,0.0,,0
x_aq_vpu_top/x_aq_fcnvt_top/x_aq_fcnvt_double/double_special_result[63:0],0,0.0,0.0,0.0,0.0,,0
x_aq_vpu_top/x_aq_fcnvt_top/x_aq_fcnvt_double/ex1_bhalf_f[6:0],23,0.0007659262712711046,3.651391304347826,2.5201526236105476,0.782608695652174,0.1749468700028942,6
x_aq_vpu_top/x_aq_fcnvt_top/x_aq_fcnvt_double/ex1_bhalf_final_frac[7:0],0,0.0,0.0,0.0,0.0,,0
x_aq_vpu_top/x_aq_fcnvt_top/x_aq_fcnvt_double/ex1_bhalf_quod_dn,0,0.0,0.0,0.0,0.0,,0
x_aq_vpu_top/x_aq_fcnvt_top/x_aq_fcnvt_double/ex1_bhalf_quod_e[11:0],0,0.0,0.0,0.0,0.0,,0
x_aq_vpu_top/x_aq_fcnvt_top/x_aq_fcnvt_double/ex1_bhalf_quod_f[52:0],24,0.0007992274135002831,3.6184999999999996,2.497451384538349,0.75,0.09055248935319046,6
x_aq_vpu_top/x_aq_fcnvt_top/x_aq_fcnvt_double/ex1_bhalf_special[63:0],1,3.330114222917846e-05,2.862,1.9753228858777825,0.0,0.004988007030259005,57
x_aq_vpu_top/x_aq_fcnvt_top/x_aq_fcnvt_double/ex1_bhalf_special_0[63:0],0,0.0,0.0,0.0,0.0,,0
x_aq_vpu_top/x_aq_fcnvt_top/x_aq_fcnvt_double/ex1_bhalf_special_cnan[63:0],0,0.0,0.0,0.0,0.0,,0
x_aq_vpu_top/x_aq_fcnvt_top/x_aq_fcnvt_double/ex1_bhalf_special_inf[63:0],0,0.0,0.0,0.0,0.0,,0
x_aq_vpu_top/x_aq_fcnvt_top/x_aq_fcnvt_double/ex1_bhalf_special_qnan[63:0],0,0.0,0.0,0.0,0.0,,0
x_aq_vpu_top/x_aq_fcnvt_top/x_aq_fcnvt_double/ex1_bhalf_widden_f[23:0],25,0.0008325285557294615,4.00728,2.7657833312789375,0.8,0.010095864353399054,6
x_aq_vpu_top/x_aq_fcnvt_top/x_aq_fcnvt_double/ex1_double_e[10:0],23,0.0007659262712711046,3.651391304347826,2.5201526236105476,0.782608695652174,0.16219473821925237,8
x_aq_vpu_top/x_aq_fcnvt_top/x_aq_fcnvt_double/ex1_double_f[51:0],23,0.0007659262712711046,3.651391304347826,2.5201526236105476,0.782608695652174,0.16766908566699595,34
x_aq_vpu_top/x_aq_fcnvt_top/x_aq_fcnvt_double/ex1_double_final_frac[52:0],0,0.0,0.0,0.0,0.0,,0
x_aq_vpu_top/x_aq_fcnvt_top/x_aq_fcnvt_double/ex1_double_narrow_dn,0,0.0,0.0,0.0,0.0,,0
x_aq_vpu_top/x_aq_fcnvt_top/x_aq_fcnvt_double/ex1_double_narrow_dn_t[56:0],2,6.660228445835692e-05,3.485499999999999,2.4056561560891017,1.0,-0.0059301219103639335,2
x_aq_vpu_top/x_aq_fcnvt_top/x_aq_fcnvt_double/ex1_double_narrow_frac[23:0],18,0.0005994205601252123,3.2413888888888884,2.2371731845744853,0.7777777777777778,0.15411623364684263,15
x_aq_vpu_top/x_aq_fcnvt_top/x_aq_fcnvt_double/ex1_double_narrow_frac_t[23:0],18,0.0005994205601252123,3.2413888888888884,2.2371731845744853,0.7777777777777778,0.15411623364684263,15
x_aq_vpu_top/x_aq_fcnvt_top/x_aq_fcnvt_double/ex1_double_narrow_tail[56:0],22,0.0007326251290419261,3.6878181818181814,2.5452940787916303,0.8181818181818182,0.1638549511889651,20
x_aq_vpu_top/x_aq_fcnvt_top/x_aq_fcnvt_double/ex1_double_quod_bhalf_frac[7:0],18,0.0005994205601252123,3.2413888888888884,2.2371731845744853,0.7777777777777778,0.15406867333241275,5
x_aq_vpu_top/x_aq_fcnvt_top/x_aq_fcnvt_double/ex1_double_quod_bhalf_tail[56:0],22,0.0007326251290419261,3.6878181818181814,2.5452940787916303,0.8181818181818182,0.15650401841430367,32
x_aq_vpu_top/x_aq_fcnvt_top/x_aq_fcnvt_double/ex1_double_quod_dn,0,0.0,0.0,0.0,0.0,,0
x_aq_vpu_top/x_aq_fcnvt_top/x_aq_fcnvt_double/ex1_double_quod_dn_t[56:0],2,6.660228445835692e-05,8.099999999999998,5.5905364694654205,1.0,0.0002704861125581901,2
x_aq_vpu_top/x_aq_fcnvt_top/x_aq_fcnvt_double/ex1_double_quod_frac_t[10:0],18,0.0005994205601252123,3.2413888888888884,2.2371731845744853,0.7777777777777778,0.15410135040966633,7
x_aq_vpu_top/x_aq_fcnvt_top/x_aq_fcnvt_double/ex1_double_quod_half_frac[10:0],18,0.0005994205601252123,3.2413888888888884,2.2371731845744853,0.7777777777777778,0.15410135040966633,7
x_aq_vpu_top/x_aq_fcnvt_top/x_aq_fcnvt_double/ex1_double_quod_half_tail[56:0],22,0.0007326251290419261,3.6878181818181814,2.5452940787916303,0.8181818181818182,0.1675354012505225,28
x_aq_vpu_top/x_aq_fcnvt_top/x_aq_fcnvt_double/ex1_double_special[63:0],1,3.330114222917846e-05,2.862,1.9753228858777825,0.0,0.004988007030259163,12
x_aq_vpu_top/x_aq_fcnvt_top/x_aq_fcnvt_double/ex1_double_special_0[63:0],0,0.0,0.0,0.0,0.0,,0
x_aq_vpu_top/x_aq_fcnvt_top/x_aq_fcnvt_double/ex1_double_special_cnan[63:0],0,0.0,0.0,0.0,0.0,,0
x_aq_vpu_top/x_aq_fcnvt_top/x_aq_fcnvt_double/ex1_double_special_inf[63:0],0,0.0,0.0,0.0,0.0,,0
x_aq_vpu_top/x_aq_fcnvt_top/x_aq_fcnvt_double/ex1_double_special_qnan[63:0],0,0.0,0.0,0.0,0.0,,0
x_aq_vpu_top/x_aq_fcnvt_top/x_aq_fcnvt_double/ex1_dtos_sh_f_v[23:0],0,0.0,0.0,0.0,0.0,,0
x_aq_vpu_top/x_aq_fcnvt_top/x_aq_fcnvt_double/ex1_dtos_sh_f_x[53:0],2,6.660228445835692e-05,3.485499999999999,2.4056561560891017,1.0,-0.0059301219103639335,2
x_aq_vpu_top/x_aq_fcnvt_top/x_aq_fcnvt_double/ex1_e_without_bias[11:0],0,0.0,0.0,0.0,0.0,,0
x_aq_vpu_top/x_aq_fcnvt_top/x_aq_fcnvt_double/ex1_exp_bias[11:0],0,0.0,0.0,0.0,0.0,,0
x_aq_vpu_top/x_aq_fcnvt_top/x_aq_fcnvt_double/ex1_final_double_narrow_dn,0,0.0,0.0,0.0,0.0,,0
x_aq_vpu_top/x_aq_fcnvt_top/x_aq_fcnvt_double/ex1_final_exp[11:0],0,0.0,0.0,0.0,0.0,,0
x_aq_vpu_top/x_aq_fcnvt_top/x_aq_fcnvt_double/ex1_final_sign,0,0.0,0.0,0.0,0.0,,0
x_aq_vpu_top/x_aq_fcnvt_top/x_aq_fcnvt_double/ex1_final_tail[56:0],0,0.0,0.0,0.0,0.0,,0
x_aq_vpu_top/x_aq_fcnvt_top/x_aq_fcnvt_double/ex1_final_tail_t[56:0],0,0.0,0.0,0.0,0.0,,0
x_aq_vpu_top/x_aq_fcnvt_top/x_aq_fcnvt_double/ex1_float_s,0,0.0,0.0,0.0,0.0,,0
x_aq_vpu_top/x_aq_fcnvt_top/x_aq_fcnvt_double/ex1_fsh_i_v_nm[63:0],1,3.330114222917846e-05,8.82,6.087473044529015,1.0,-0.00040606668911224335,1
x_aq_vpu_top/x_aq_fcnvt_top/x_aq_fcnvt_double/ex1_fsh_i_x_nm[53:0],0,0.0,0.0,0.0,0.0,,0
x_aq_vpu_top/x_aq_fcnvt_top/x_aq_fcnvt_double/ex1_ftoi_0[63:0],0,0.0,0.0,0.0,0.0,,0
x_aq_vpu_top/x_aq_fcnvt_top/x_aq_fcnvt_double/ex1_ftoi_int[63:0],1,3.330114222917846e-05,8.82,6.087473044529015,1.0,-0.00040606668911224335,1
x_aq_vpu_top/x_aq_fcnvt_top/x_aq_fcnvt_double/ex1_ftoi_int_tail[53:0],0,0.0,0.0,0.0,0.0,,0
x_aq_vpu_top/x_aq_fcnvt_top/x_aq_fcnvt_double/ex1_ftoi_max[63:0],32,0.0010656365513337107,2.8991249999999997,2.0009461780294986,0.75,,3
x_aq_vpu_top/x_aq_fcnvt_top/x_aq_fcnvt_double/ex1_ftoi_min[63:0],30,0.0009990342668753538,2.5524,1.7616401586004373,0.7333333333333333,-0.014387321699911026,2
x_aq_vpu_top/x_aq_fcnvt_top/x_aq_fcnvt_double/ex1_ftoi_specail[63:0],0,0.0,0.0,0.0,0.0,,0
x_aq_vpu_top/x_aq_fcnvt_top/x_aq_fcnvt_double/ex1_ftoi_trans[52:0],2,6.660228445835692e-05,8.099999999999998,5.5905364694654205,1.0,0.0002704861125581901,2
x_aq_vpu_top/x_aq_fcnvt_top/x_aq_fcnvt_double/ex1_ftosi_max[63:0],0,0.0,0.0,0.0,0.0,,0
x_aq_vpu_top/x_aq_fcnvt_top/x_aq_fcnvt_double/ex1_ftosi_min[63:0],0,0.0,0.0,0.0,0.0,,0
x_aq_vpu_top/x_aq_fcnvt_top/x_aq_fcnvt_double/ex1_ftoui_max[63:0],0,0.0,0.0,0.0,0.0,,0
x_aq_vpu_top/x_aq_fcnvt_top/x_aq_fcnvt_double/ex1_ftoui_min[63:0],0,0.0,0.0,0.0,0.0,,0
x_aq_vpu_top/x_aq_fcnvt_top/x_aq_fcnvt_double/ex1_half_f[9:0],23,0.0007659262712711046,3.651391304347826,2.5201526236105476,0.782608695652174,0.16578313380787915,8
x_aq_vpu_top/x_aq_fcnvt_top/x_aq_fcnvt_double/ex1_half_final_frac[10:0],0,0.0,0.0,0.0,0.0,,0
x_aq_vpu_top/x_aq_fcnvt_top/x_aq_fcnvt_double/ex1_half_quod_dn,0,0.0,0.0,0.0,0.0,,0
x_aq_vpu_top/x_aq_fcnvt_top/x_aq_fcnvt_double/ex1_half_quod_e[11:0],0,0.0,0.0,0.0,0.0,,0
x_aq_vpu_top/x_aq_fcnvt_top/x_aq_fcnvt_double/ex1_half_quod_f[52:0],25,0.0008325285557294615,4.00728,2.7657833312789375,0.8,0.010705968678479737,8
x_aq_vpu_top/x_aq_fcnvt_top/x_aq_fcnvt_double/ex1_half_special[63:0],1,3.330114222917846e-05,2.862,1.9753228858777825,0.0,0.004988007030259005,54
x_aq_vpu_top/x_aq_fcnvt_top/x_aq_fcnvt_double/ex1_half_special_0[63:0],0,0.0,0.0,0.0,0.0,,0
x_aq_vpu_top/x_aq_fcnvt_top/x_aq_fcnvt_double/ex1_half_special_cnan[63:0],0,0.0,0.0,0.0,0.0,,0
x_aq_vpu_top/x_aq_fcnvt_top/x_aq_fcnvt_double/ex1_half_special_inf[63:0],0,0.0,0.0,0.0,0.0,,0
x_aq_vpu_top/x_aq_fcnvt_top/x_aq_fcnvt_double/ex1_half_special_qnan[63:0],0,0.0,0.0,0.0,0.0,,0
x_aq_vpu_top/x_aq_fcnvt_top/x_aq_fcnvt_double/ex1_half_widden_dn,0,0.0,0.0,0.0,0.0,,0
x_aq_vpu_top/x_aq_fcnvt_top/x_aq_fcnvt_double/ex1_half_widden_e[11:0],0,0.0,0.0,0.0,0.0,,0
x_aq_vpu_top/x_aq_fcnvt_top/x_aq_fcnvt_double/ex1_half_widden_f[23:0],25,0.0008325285557294615,4.00728,2.7657833312789375,0.8,0.010705968678479737,8
x_aq_vpu_top/x_aq_fcnvt_top/x_aq_fcnvt_double/ex1_ia_0,0,0.0,0.0,0.0,0.0,,0
x_aq_vpu_top/x_aq_fcnvt_top/x_aq_fcnvt_double/ex1_int_s,0,0.0,0.0,0.0,0.0,,0
x_aq_vpu_top/x_aq_fcnvt_top/x_aq_fcnvt_double/ex1_nv,0,0.0,0.0,0.0,0.0,,0
x_aq_vpu_top/x_aq_fcnvt_top/x_aq_fcnvt_double/ex1_single_bf_dn,0,0.0,0.0,0.0,0.0,,0
x_aq_vpu_top/x_aq_fcnvt_top/x_aq_fcnvt_double/ex1_single_e[7:0],23,0.0007659262712711046,3.651391304347826,2.5201526236105476,0.782608695652174,0.17188527506603762,7
x_aq_vpu_top/x_aq_fcnvt_top/x_aq_fcnvt_double/ex1_single_f[22:0],23,0.0007659262712711046,3.651391304347826,2.5201526236105476,0.782608695652174,0.16412386219246286,16
x_aq_vpu_top/x_aq_fcnvt_top/x_aq_fcnvt_double/ex1_single_final_frac[23:0],0,0.0,0.0,0.0,0.0,,0
x_aq_vpu_top/x_aq_fcnvt_top/x_aq_fcnvt_double/ex1_single_narrow_bhalf_frac[7:0],23,0.0007659262712711046,3.651391304347826,2.5201526236105476,0.782608695652174,0.16402358575681153,6
x_aq_vpu_top/x_aq_fcnvt_top/x_aq_fcnvt_double/ex1_single_narrow_bhalf_tail[56:0],23,0.0007659262712711046,3.651391304347826,2.5201526236105476,0.782608695652174,0.16073637517406883,11
x_aq_vpu_top/x_aq_fcnvt_top/x_aq_fcnvt_double/ex1_single_narrow_dn,0,0.0,0.0,0.0,0.0,,0
x_aq_vpu_top/x_aq_fcnvt_top/x_aq_fcnvt_double/ex1_single_narrow_dn_t[56:0],2,6.660228445835692e-05,8.099999999999998,5.5905364694654205,1.0,0.0002704861125581901,2
x_aq_vpu_top/x_aq_fcnvt_top/x_aq_fcnvt_double/ex1_single_narrow_frac_t[10:0],21,0.0006993239868127477,3.5195714285714286,2.4291719047305045,0.7619047619047619,0.16938426175123317,9
x_aq_vpu_top/x_aq_fcnvt_top/x_aq_fcnvt_double/ex1_single_narrow_half_frac[10:0],21,0.0006993239868127477,3.5195714285714286,2.4291719047305045,0.7619047619047619,0.16938426175123317,9
x_aq_vpu_top/x_aq_fcnvt_top/x_aq_fcnvt_double/ex1_single_narrow_half_tail[56:0],23,0.0007659262712711046,3.651391304347826,2.5201526236105476,0.782608695652174,0.15143062725651074,10
x_aq_vpu_top/x_aq_fcnvt_top/x_aq_fcnvt_double/ex1_single_special[63:0],1,3.330114222917846e-05,2.862,1.9753228858777825,0.0,0.0049880070302593645,41
x_aq_vpu_top/x_aq_fcnvt_top/x_aq_fcnvt_double/ex1_single_special_0[63:0],0,0.0,0.0,0.0,0.0,,0
x_aq_vpu_top/x_aq_fcnvt_top/x_aq_fcnvt_double/ex1_single_special_cnan[63:0],0,0.0,0.0,0.0,0.0,,0
x_aq_vpu_top/x_aq_fcnvt_top/x_aq_fcnvt_double/ex1_single_special_inf[63:0],0,0.0,0.0,0.0,0.0,,0
x_aq_vpu_top/x_aq_fcnvt_top/x_aq_fcnvt_double/ex1_single_special_qnan[63:0],0,0.0,0.0,0.0,0.0,,0
x_aq_vpu_top/x_aq_fcnvt_top/x_aq_fcnvt_double/ex1_single_widden_dn,0,0.0,0.0,0.0,0.0,,0
x_aq_vpu_top/x_aq_fcnvt_top/x_aq_fcnvt_double/ex1_single_widden_e[11:0],0,0.0,0.0,0.0,0.0,,0
x_aq_vpu_top/x_aq_fcnvt_top/x_aq_fcnvt_double/ex1_single_widden_f[52:0],25,0.0008325285557294615,4.00728,2.7657833312789375,0.8,0.012727483808402102,16
x_aq_vpu_top/x_aq_fcnvt_top/x_aq_fcnvt_double/ex1_special_f_nv,0,0.0,0.0,0.0,0.0,,0
x_aq_vpu_top/x_aq_fcnvt_top/x_aq_fcnvt_double/ex1_special_i_nv,0,0.0,0.0,0.0,0.0,,0
x_aq_vpu_top/x_aq_fcnvt_top/x_aq_fcnvt_double/ex1_special_vld,0,0.0,0.0,0.0,0.0,,0
x_aq_vpu_top/x_aq_fcnvt_top/x_aq_fcnvt_double/ex1_src_dn,0,0.0,0.0,0.0,0.0,,0
x_aq_vpu_top/x_aq_fcnvt_top/x_aq_fcnvt_double/ex1_src_e[10:0],0,0.0,0.0,0.0,0.0,,0
x_aq_vpu_top/x_aq_fcnvt_top/x_aq_fcnvt_double/ex1_src_f[51:0],0,0.0,0.0,0.0,0.0,,0
x_aq_vpu_top/x_aq_fcnvt_top/x_aq_fcnvt_double/ex1_src_f_0,0,0.0,0.0,0.0,0.0,,0
x_aq_vpu_top/x_aq_fcnvt_top/x_aq_fcnvt_double/ex1_src_f_cnan,0,0.0,0.0,0.0,0.0,,0
x_aq_vpu_top/x_aq_fcnvt_top/x_aq_fcnvt_double/ex1_src_f_inf,0,0.0,0.0,0.0,0.0,,0
x_aq_vpu_top/x_aq_fcnvt_top/x_aq_fcnvt_double/ex1_src_f_qnan,0,0.0,0.0,0.0,0.0,,0
x_aq_vpu_top/x_aq_fcnvt_top/x_aq_fcnvt_double/ex1_src_f_snan,0,0.0,0.0,0.0,0.0,,0
x_aq_vpu_top/x_aq_fcnvt_top/x_aq_fcnvt_double/ex1_src_is_0,0,0.0,0.0,0.0,0.0,,0
x_aq_vpu_top/x_aq_fcnvt_top/x_aq_fcnvt_double/ex1_src_s,0,0.0,0.0,0.0,0.0,,0
x_aq_vpu_top/x_aq_fcnvt_top/x_aq_fcnvt_double/ex1_widden_quod_up_dn,0,0.0,0.0,0.0,0.0,,0
x_aq_vpu_top/x_aq_fcnvt_top/x_aq_fcnvt_double/ex1_widdn_quod,0,0.0,0.0,0.0,0.0,,0
x_aq_vpu_top/x_aq_fcnvt_top/x_aq_fcnvt_double/ex1_widdne_quod_e[11:0],0,0.0,0.0,0.0,0.0,,0
x_aq_vpu_top/x_aq_fcnvt_top/x_aq_fcnvt_double/ex1_xtoh_f[51:0],23,0.0007659262712711046,3.651391304347826,2.5201526236105476,0.782608695652174,0.16412386132622508,16
x_aq_vpu_top/x_aq_fcnvt_top/x_aq_fcnvt_double/ex1_xtoh_sh_f_v[10:0],0,0.0,0.0,0.0,0.0,,0
x_aq_vpu_top/x_aq_fcnvt_top/x_aq_fcnvt_double/ex1_xtoh_sh_f_x[53:0],2,6.660228445835692e-05,8.099999999999998,5.5905364694654205,1.0,0.0002704861125581901,2
x_aq_vpu_top/x_aq_fcnvt_top/x_aq_fcnvt_double/ex2_bhalf0_f[6:0],0,0.0,0.0,0.0,0.0,,0
x_aq_vpu_top/x_aq_fcnvt_top/x_aq_fcnvt_double/ex2_bhalf0_orig_f[6:0],0,0.0,0.0,0.0,0.0,,0
x_aq_vpu_top/x_aq_fcnvt_top/x_aq_fcnvt_double/ex2_bhalf_expnt_of,0,0.0,0.0,0.0,0.0,,0
x_aq_vpu_top/x_aq_fcnvt_top/x_aq_fcnvt_double/ex2_bhalf_norm_result[63:0],2,6.660228445835692e-05,9.846,6.795607663994635,1.0,-0.003172443811790889,4
x_aq_vpu_top/x_aq_fcnvt_top/x_aq_fcnvt_double/ex2_bhalf_of,0,0.0,0.0,0.0,0.0,,0
x_aq_vpu_top/x_aq_fcnvt_top/x_aq_fcnvt_double/ex2_bhalf_uf,0,0.0,0.0,0.0,0.0,,0
x_aq_vpu_top/x_aq_fcnvt_top/x_aq_fcnvt_double/ex2_denorm,0,0.0,0.0,0.0,0.0,,0
x_aq_vpu_top/x_aq_fcnvt_top/x_aq_fcnvt_double/ex2_dest_bhalf_itof_tail[55:0],0,0.0,0.0,0.0,0.0,,0
x_aq_vpu_top/x_aq_fcnvt_top/x_aq_fcnvt_double/ex2_dest_double_itof_tail[10:0],0,0.0,0.0,0.0,0.0,,0
x_aq_vpu_top/x_aq_fcnvt_top/x_aq_fcnvt_double/ex2_dest_half_itof_tail[52:0],0,0.0,0.0,0.0,0.0,,0
x_aq_vpu_top/x_aq_fcnvt_top/x_aq_fcnvt_double/ex2_dest_sel_float,0,0.0,0.0,0.0,0.0,,0
x_aq_vpu_top/x_aq_fcnvt_top/x_aq_fcnvt_double/ex2_dest_single_itof_tail[39:0],0,0.0,0.0,0.0,0.0,,0
x_aq_vpu_top/x_aq_fcnvt_top/x_aq_fcnvt_double/ex2_double_dn_ebias[11:0],2,6.660228445835692e-05,9.846,6.795607663994635,1.0,-0.0018183386260107277,3
x_aq_vpu_top/x_aq_fcnvt_top/x_aq_fcnvt_double/ex2_double_f[51:0],0,0.0,0.0,0.0,0.0,,0
x_aq_vpu_top/x_aq_fcnvt_top/x_aq_fcnvt_double/ex2_double_norm_result[63:0],2,6.660228445835692e-05,9.846,6.795607663994635,1.0,-0.0018183386260105943,4
x_aq_vpu_top/x_aq_fcnvt_top/x_aq_fcnvt_double/ex2_double_orig_f[51:0],0,0.0,0.0,0.0,0.0,,0
x_aq_vpu_top/x_aq_fcnvt_top/x_aq_fcnvt_double/ex2_double_result[63:0],0,0.0,0.0,0.0,0.0,,0
x_aq_vpu_top/x_aq_fcnvt_top/x_aq_fcnvt_double/ex2_double_special_result[63:0],0,0.0,0.0,0.0,0.0,,0
x_aq_vpu_top/x_aq_fcnvt_top/x_aq_fcnvt_double/ex2_expnt[11:0],0,0.0,0.0,0.0,0.0,,0
x_aq_vpu_top/x_aq_fcnvt_top/x_aq_fcnvt_double/ex2_expnt_add1,0,0.0,0.0,0.0,0.0,,0
x_aq_vpu_top/x_aq_fcnvt_top/x_aq_fcnvt_double/ex2_expnt_src0[11:0],0,0.0,0.0,0.0,0.0,,0
x_aq_vpu_top/x_aq_fcnvt_top/x_aq_fcnvt_double/ex2_expnt_src1[11:0],2,6.660228445835692e-05,9.846,6.795607663994635,1.0,-0.0017242096948918884,3
x_aq_vpu_top/x_aq_fcnvt_top/x_aq_fcnvt_double/ex2_expt[3:0],0,0.0,0.0,0.0,0.0,,0
x_aq_vpu_top/x_aq_fcnvt_top/x_aq_fcnvt_double/ex2_expt_nv,0,0.0,0.0,0.0,0.0,,0
x_aq_vpu_top/x_aq_fcnvt_top/x_aq_fcnvt_double/ex2_expt_nv_f,0,0.0,0.0,0.0,0.0,,0
x_aq_vpu_top/x_aq_fcnvt_top/x_aq_fcnvt_double/ex2_expt_nv_i,0,0.0,0.0,0.0,0.0,,0
x_aq_vpu_top/x_aq_fcnvt_top/x_aq_fcnvt_double/ex2_expt_nx,0,0.0,0.0,0.0,0.0,,0
x_aq_vpu_top/x_aq_fcnvt_top/x_aq_fcnvt_double/ex2_expt_nx_t,0,0.0,0.0,0.0,0.0,,0
x_aq_vpu_top/x_aq_fcnvt_top/x_aq_fcnvt_double/ex2_expt_of,0,0.0,0.0,0.0,0.0,,0
x_aq_vpu_top/x_aq_fcnvt_top/x_aq_fcnvt_double/ex2_expt_uf,0,0.0,0.0,0.0,0.0,,0
x_aq_vpu_top/x_aq_fcnvt_top/x_aq_fcnvt_double/ex2_f16_result[63:0],2,6.660228445835692e-05,9.846,6.795607663994635,1.0,-0.003172443811790889,4
x_aq_vpu_top/x_aq_fcnvt_top/x_aq_fcnvt_double/ex2_frac[63:0],0,0.0,0.0,0.0,0.0,,0
x_aq_vpu_top/x_aq_fcnvt_top/x_aq_fcnvt_double/ex2_frac_lst,0,0.0,0.0,0.0,0.0,,0
x_aq_vpu_top/x_aq_fcnvt_top/x_aq_fcnvt_double/ex2_half0_f[9:0],0,0.0,0.0,0.0,0.0,,0
x_aq_vpu_top/x_aq_fcnvt_top/x_aq_fcnvt_double/ex2_half0_orig_f[9:0],0,0.0,0.0,0.0,0.0,,0
x_aq_vpu_top/x_aq_fcnvt_top/x_aq_fcnvt_double/ex2_half_expnt_of,0,0.0,0.0,0.0,0.0,,0
x_aq_vpu_top/x_aq_fcnvt_top/x_aq_fcnvt_double/ex2_half_norm_expnt_of,0,0.0,0.0,0.0,0.0,,0
x_aq_vpu_top/x_aq_fcnvt_top/x_aq_fcnvt_double/ex2_half_norm_potnt_of,0,0.0,0.0,0.0,0.0,,0
x_aq_vpu_top/x_aq_fcnvt_top/x_aq_fcnvt_double/ex2_half_norm_result[63:0],2,6.660228445835692e-05,9.846,6.795607663994635,1.0,-0.0006684143118576093,4
x_aq_vpu_top/x_aq_fcnvt_top/x_aq_fcnvt_double/ex2_half_of,0,0.0,0.0,0.0,0.0,,0
x_aq_vpu_top/x_aq_fcnvt_top/x_aq_fcnvt_double/ex2_half_uf,0,0.0,0.0,0.0,0.0,,0
x_aq_vpu_top/x_aq_fcnvt_top/x_aq_fcnvt_double/ex2_i16_result[63:0],0,0.0,0.0,0.0,0.0,,0
x_aq_vpu_top/x_aq_fcnvt_top/x_aq_fcnvt_double/ex2_int[63:0],1,3.330114222917846e-05,10.872,7.503742283460255,1.0,-0.003229515705865712,1
x_aq_vpu_top/x_aq_fcnvt_top/x_aq_fcnvt_double/ex2_int16_result[63:0],0,0.0,0.0,0.0,0.0,,0
x_aq_vpu_top/x_aq_fcnvt_top/x_aq_fcnvt_double/ex2_int32_result[63:0],0,0.0,0.0,0.0,0.0,,0
x_aq_vpu_top/x_aq_fcnvt_top/x_aq_fcnvt_double/ex2_int8_result[7:0],0,0.0,0.0,0.0,0.0,,0
x_aq_vpu_top/x_aq_fcnvt_top/x_aq_fcnvt_double/ex2_int_for_rnd[63:0],0,0.0,0.0,0.0,0.0,,0
x_aq_vpu_top/x_aq_fcnvt_top/x_aq_fcnvt_double/ex2_int_lst,1,3.330114222917846e-05,10.872,7.503742283460255,1.0,-0.003229515705865712,1
x_aq_vpu_top/x_aq_fcnvt_top/x_aq_fcnvt_double/ex2_int_max,0,0.0,0.0,0.0,0.0,,0
x_aq_vpu_top/x_aq_fcnvt_top/x_aq_fcnvt_double/ex2_int_min,0,0.0,0.0,0.0,0.0,,0
x_aq_vpu_top/x_aq_fcnvt_top/x_aq_fcnvt_double/ex2_int_nm_result[63:0],0,0.0,0.0,0.0,0.0,,0
x_aq_vpu_top/x_aq_fcnvt_top/x_aq_fcnvt_double/ex2_itof_bhalf_bias[11:0],0,0.0,0.0,0.0,0.0,,0
x_aq_vpu_top/x_aq_fcnvt_top/x_aq_fcnvt_double/ex2_itof_bhalf_bias1[11:0],0,0.0,0.0,0.0,0.0,,0
x_aq_vpu_top/x_aq_fcnvt_top/x_aq_fcnvt_double/ex2_itof_double_bias[11:0],0,0.0,0.0,0.0,0.0,,0
x_aq_vpu_top/x_aq_fcnvt_top/x_aq_fcnvt_double/ex2_itof_double_bias1[11:0],0,0.0,0.0,0.0,0.0,,0
x_aq_vpu_top/x_aq_fcnvt_top/x_aq_fcnvt_double/ex2_itof_h_expnt_of,0,0.0,0.0,0.0,0.0,,0
x_aq_vpu_top/x_aq_fcnvt_top/x_aq_fcnvt_double/ex2_itof_h_h_potnt_of,1,3.330114222917846e-05,10.872,7.503742283460255,1.0,-0.003229515705865712,1
x_aq_vpu_top/x_aq_fcnvt_top/x_aq_fcnvt_double/ex2_itof_h_potnt_of,0,0.0,0.0,0.0,0.0,,0
x_aq_vpu_top/x_aq_fcnvt_top/x_aq_fcnvt_double/ex2_itof_half_bias[11:0],2,6.660228445835692e-05,9.846,6.795607663994635,1.0,-0.001818338626010619,2
x_aq_vpu_top/x_aq_fcnvt_top/x_aq_fcnvt_double/ex2_itof_half_bias1[11:0],2,6.660228445835692e-05,9.846,6.795607663994635,1.0,-0.001818338626010619,2
x_aq_vpu_top/x_aq_fcnvt_top/x_aq_fcnvt_double/ex2_itof_l_h_expnt_of,1,3.330114222917846e-05,10.872,7.503742283460255,1.0,-0.003229515705865712,1
x_aq_vpu_top/x_aq_fcnvt_top/x_aq_fcnvt_double/ex2_itof_l_h_potnt_of,0,0.0,0.0,0.0,0.0,,0
x_aq_vpu_top/x_aq_fcnvt_top/x_aq_fcnvt_double/ex2_itof_rnd_src0[52:0],0,0.0,0.0,0.0,0.0,,0
x_aq_vpu_top/x_aq_fcnvt_top/x_aq_fcnvt_double/ex2_itof_tail[55:0],0,0.0,0.0,0.0,0.0,,0
x_aq_vpu_top/x_aq_fcnvt_top/x_aq_fcnvt_double/ex2_itof_w_h_expnt_of,1,3.330114222917846e-05,10.872,7.503742283460255,1.0,-0.003229515705865712,1
x_aq_vpu_top/x_aq_fcnvt_top/x_aq_fcnvt_double/ex2_itof_w_h_potnt_of,0,0.0,0.0,0.0,0.0,,0
x_aq_vpu_top/x_aq_fcnvt_top/x_aq_fcnvt_double/ex2_l64_result[63:0],0,0.0,0.0,0.0,0.0,,0
x_aq_vpu_top/x_aq_fcnvt_top/x_aq_fcnvt_double/ex2_lfn_sel_t,0,0.0,0.0,0.0,0.0,,0
x_aq_vpu_top/x_aq_fcnvt_top/x_aq_fcnvt_double/ex2_norm_expnt[11:0],2,6.660228445835692e-05,9.846,6.795607663994635,1.0,-0.0017242096948918884,3
x_aq_vpu_top/x_aq_fcnvt_top/x_aq_fcnvt_double/ex2_r_inf,0,0.0,0.0,0.0,0.0,,0
x_aq_vpu_top/x_aq_fcnvt_top/x_aq_fcnvt_double/ex2_r_lfn,0,0.0,0.0,0.0,0.0,,0
x_aq_vpu_top/x_aq_fcnvt_top/x_aq_fcnvt_double/ex2_r_zero,0,0.0,0.0,0.0,0.0,,0
x_aq_vpu_top/x_aq_fcnvt_top/x_aq_fcnvt_double/ex2_rm_rdn,0,0.0,0.0,0.0,0.0,,0
x_aq_vpu_top/x_aq_fcnvt_top/x_aq_fcnvt_double/ex2_rm_rmm,0,0.0,0.0,0.0,0.0,,0
x_aq_vpu_top/x_aq_fcnvt_top/x_aq_fcnvt_double/ex2_rm_rne,1,3.330114222917846e-05,4.232999999999998,2.9215729475613728,1.0,-0.006668315010452631,1
x_aq_vpu_top/x_aq_fcnvt_top/x_aq_fcnvt_double/ex2_rm_rtz,0,0.0,0.0,0.0,0.0,,0
x_aq_vpu_top/x_aq_fcnvt_top/x_aq_fcnvt_double/ex2_rm_rup,0,0.0,0.0,0.0,0.0,,0
x_aq_vpu_top/x_aq_fcnvt_top/x_aq_fcnvt_double/ex2_rnd_adder_f_p1[63:0],1,3.330114222917846e-05,10.872,7.503742283460255,1.0,-0.003229515705865712,1
x_aq_vpu_top/x_aq_fcnvt_top/x_aq_fcnvt_double/ex2_rnd_adder_f_p1_f[53:0],1,3.330114222917846e-05,10.872,7.503742283460255,1.0,-0.003229515705865712,1
x_aq_vpu_top/x_aq_fcnvt_top/x_aq_fcnvt_double/ex2_rnd_adder_f_src1[63:0],0,0.0,0.0,0.0,0.0,,0
x_aq_vpu_top/x_aq_fcnvt_top/x_aq_fcnvt_double/ex2_rnd_adder_i_p1[63:0],1,3.330114222917846e-05,10.872,7.503742283460255,1.0,-0.003229515705865712,1
x_aq_vpu_top/x_aq_fcnvt_top/x_aq_fcnvt_double/ex2_rnd_adder_i_src0[63:0],0,0.0,0.0,0.0,0.0,,0
x_aq_vpu_top/x_aq_fcnvt_top/x_aq_fcnvt_double/ex2_rnd_lst,1,3.330114222917846e-05,10.872,7.503742283460255,1.0,-0.003229515705865712,1
x_aq_vpu_top/x_aq_fcnvt_top/x_aq_fcnvt_double/ex2_round_add,0,0.0,0.0,0.0,0.0,,0
x_aq_vpu_top/x_aq_fcnvt_top/x_aq_fcnvt_double/ex2_si16_result[15:0],0,0.0,0.0,0.0,0.0,,0
x_aq_vpu_top/x_aq_fcnvt_top/x_aq_fcnvt_double/ex2_si32_result[31:0],0,0.0,0.0,0.0,0.0,,0
x_aq_vpu_top/x_aq_fcnvt_top/x_aq_fcnvt_double/ex2_si64_result[63:0],0,0.0,0.0,0.0,0.0,,0
x_aq_vpu_top/x_aq_fcnvt_top/x_aq_fcnvt_double/ex2_si8_result[7:0],0,0.0,0.0,0.0,0.0,,0
x_aq_vpu_top/x_aq_fcnvt_top/x_aq_fcnvt_double/ex2_single0_f[22:0],0,0.0,0.0,0.0,0.0,,0
x_aq_vpu_top/x_aq_fcnvt_top/x_aq_fcnvt_double/ex2_single0_orig_f[22:0],0,0.0,0.0,0.0,0.0,,0
x_aq_vpu_top/x_aq_fcnvt_top/x_aq_fcnvt_double/ex2_single_expnt_of,0,0.0,0.0,0.0,0.0,,0
x_aq_vpu_top/x_aq_fcnvt_top/x_aq_fcnvt_double/ex2_single_norm_result[63:0],2,6.660228445835692e-05,9.846,6.795607663994635,1.0,-0.001818338622720817,4
x_aq_vpu_top/x_aq_fcnvt_top/x_aq_fcnvt_double/ex2_single_of,0,0.0,0.0,0.0,0.0,,0
x_aq_vpu_top/x_aq_fcnvt_top/x_aq_fcnvt_double/ex2_single_uf,0,0.0,0.0,0.0,0.0,,0
x_aq_vpu_top/x_aq_fcnvt_top/x_aq_fcnvt_double/ex2_special_n_int_result[63:0],0,0.0,0.0,0.0,0.0,,0
x_aq_vpu_top/x_aq_fcnvt_top/x_aq_fcnvt_double/ex2_special_vld,0,0.0,0.0,0.0,0.0,,0
x_aq_vpu_top/x_aq_fcnvt_top/x_aq_fcnvt_double/ex2_tail_lst[56:0],0,0.0,0.0,0.0,0.0,,0
x_aq_vpu_top/x_aq_fcnvt_top/x_aq_fcnvt_double/ex2_tosi16_neg_exp_crit_of,0,0.0,0.0,0.0,0.0,,0
x_aq_vpu_top/x_aq_fcnvt_top/x_aq_fcnvt_double/ex2_tosi16_neg_exp_of,0,0.0,0.0,0.0,0.0,,0
x_aq_vpu_top/x_aq_fcnvt_top/x_aq_fcnvt_double/ex2_tosi16_of,0,0.0,0.0,0.0,0.0,,0
x_aq_vpu_top/x_aq_fcnvt_top/x_aq_fcnvt_double/ex2_tosi16_pos_exp_of,0,0.0,0.0,0.0,0.0,,0
x_aq_vpu_top/x_aq_fcnvt_top/x_aq_fcnvt_double/ex2_tosi16_uf,0,0.0,0.0,0.0,0.0,,0
x_aq_vpu_top/x_aq_fcnvt_top/x_aq_fcnvt_double/ex2_tosi64_neg_exp_crit_of,0,0.0,0.0,0.0,0.0,,0
x_aq_vpu_top/x_aq_fcnvt_top/x_aq_fcnvt_double/ex2_tosi64_neg_exp_of,0,0.0,0.0,0.0,0.0,,0
x_aq_vpu_top/x_aq_fcnvt_top/x_aq_fcnvt_double/ex2_tosi64_of,0,0.0,0.0,0.0,0.0,,0
x_aq_vpu_top/x_aq_fcnvt_top/x_aq_fcnvt_double/ex2_tosi64_pos_exp_of,0,0.0,0.0,0.0,0.0,,0
x_aq_vpu_top/x_aq_fcnvt_top/x_aq_fcnvt_double/ex2_tosi64_potnt_exp_uf,0,0.0,0.0,0.0,0.0,,0
x_aq_vpu_top/x_aq_fcnvt_top/x_aq_fcnvt_double/ex2_tosi64_uf,0,0.0,0.0,0.0,0.0,,0
x_aq_vpu_top/x_aq_fcnvt_top/x_aq_fcnvt_double/ex2_tosi8_neg_exp_crit_of,0,0.0,0.0,0.0,0.0,,0
x_aq_vpu_top/x_aq_fcnvt_top/x_aq_fcnvt_double/ex2_tosi8_neg_exp_of,0,0.0,0.0,0.0,0.0,,0
x_aq_vpu_top/x_aq_fcnvt_top/x_aq_fcnvt_double/ex2_tosi8_of,0,0.0,0.0,0.0,0.0,,0
x_aq_vpu_top/x_aq_fcnvt_top/x_aq_fcnvt_double/ex2_tosi8_pos_exp_of,0,0.0,0.0,0.0,0.0,,0
x_aq_vpu_top/x_aq_fcnvt_top/x_aq_fcnvt_double/ex2_tosi8_uf,0,0.0,0.0,0.0,0.0,,0
x_aq_vpu_top/x_aq_fcnvt_top/x_aq_fcnvt_double/ex2_tosi_neg_exp_crit_of,0,0.0,0.0,0.0,0.0,,0
x_aq_vpu_top/x_aq_fcnvt_top/x_aq_fcnvt_double/ex2_tosi_neg_exp_of,0,0.0,0.0,0.0,0.0,,0
x_aq_vpu_top/x_aq_fcnvt_top/x_aq_fcnvt_double/ex2_tosi_of,0,0.0,0.0,0.0,0.0,,0
x_aq_vpu_top/x_aq_fcnvt_top/x_aq_fcnvt_double/ex2_tosi_pos_exp_of,0,0.0,0.0,0.0,0.0,,0
x_aq_vpu_top/x_aq_fcnvt_top/x_aq_fcnvt_double/ex2_tosi_uf,0,0.0,0.0,0.0,0.0,,0
x_aq_vpu_top/x_aq_fcnvt_top/x_aq_fcnvt_double/ex2_toui16_exp_of,0,0.0,0.0,0.0,0.0,,0
x_aq_vpu_top/x_aq_fcnvt_top/x_aq_fcnvt_double/ex2_toui16_of,0,0.0,0.0,0.0,0.0,,0
x_aq_vpu_top/x_aq_fcnvt_top/x_aq_fcnvt_double/ex2_toui16_uf,0,0.0,0.0,0.0,0.0,,0
x_aq_vpu_top/x_aq_fcnvt_top/x_aq_fcnvt_double/ex2_toui64_exp_of,0,0.0,0.0,0.0,0.0,,0
x_aq_vpu_top/x_aq_fcnvt_top/x_aq_fcnvt_double/ex2_toui64_of,0,0.0,0.0,0.0,0.0,,0
x_aq_vpu_top/x_aq_fcnvt_top/x_aq_fcnvt_double/ex2_toui64_uf,0,0.0,0.0,0.0,0.0,,0
x_aq_vpu_top/x_aq_fcnvt_top/x_aq_fcnvt_double/ex2_toui8_exp_of,0,0.0,0.0,0.0,0.0,,0
x_aq_vpu_top/x_aq_fcnvt_top/x_aq_fcnvt_double/ex2_toui8_of,0,0.0,0.0,0.0,0.0,,0
x_aq_vpu_top/x_aq_fcnvt_top/x_aq_fcnvt_double/ex2_toui8_uf,0,0.0,0.0,0.0,0.0,,0
x_aq_vpu_top/x_aq_fcnvt_top/x_aq_fcnvt_double/ex2_toui_exp_of,0,0.0,0.0,0.0,0.0,,0
x_aq_vpu_top/x_aq_fcnvt_top/x_aq_fcnvt_double/ex2_toui_of,0,0.0,0.0,0.0,0.0,,0
x_aq_vpu_top/x_aq_fcnvt_top/x_aq_fcnvt_double/ex2_toui_uf,0,0.0,0.0,0.0,0.0,,0
x_aq_vpu_top/x_aq_fcnvt_top/x_aq_fcnvt_double/ex2_ui16_result[15:0],0,0.0,0.0,0.0,0.0,,0
x_aq_vpu_top/x_aq_fcnvt_top/x_aq_fcnvt_double/ex2_ui32_result[31:0],0,0.0,0.0,0.0,0.0,,0
x_aq_vpu_top/x_aq_fcnvt_top/x_aq_fcnvt_double/ex2_ui64_result[63:0],0,0.0,0.0,0.0,0.0,,0
x_aq_vpu_top/x_aq_fcnvt_top/x_aq_fcnvt_double/ex2_ui8_result[7:0],0,0.0,0.0,0.0,0.0,,0
x_aq_vpu_top/x_aq_fcnvt_top/x_aq_fcnvt_double/ex2_uint_nm_result[63:0],0,0.0,0.0,0.0,0.0,,0
x_aq_vpu_top/x_aq_fcnvt_top/x_aq_fcnvt_double/ex2_x_eq_0p5,0,0.0,0.0,0.0,0.0,,0
x_aq_vpu_top/x_aq_fcnvt_top/x_aq_fcnvt_double/ex2_x_gt_0p5,0,0.0,0.0,0.0,0.0,,0
x_aq_vpu_top/x_aq_fcnvt_top/x_aq_fcnvt_double/ex2_x_zero,1,3.330114222917846e-05,10.872,7.503742283460255,1.0,-0.003229515705865712,1
x_aq_vpu_top/x_aq_fcnvt_top/x_aq_fcnvt_double/half0_special_result[15:0],0,0.0,0.0,0.0,0.0,,0
x_aq_vpu_top/x_aq_fcnvt_top/x_aq_fcnvt_double/half_expnt_add,0,0.0,0.0,0.0,0.0,,0
x_aq_vpu_top/x_aq_fcnvt_top/x_aq_fcnvt_double/half_norm_f_all_1,0,0.0,0.0,0.0,0.0,,0
x_aq_vpu_top/x_aq_fcnvt_top/x_aq_fcnvt_double/int_dest_max_si,0,0.0,0.0,0.0,0.0,,0
x_aq_vpu_top/x_aq_fcnvt_top/x_aq_fcnvt_double/int_dest_max_si16,0,0.0,0.0,0.0,0.0,,0
x_aq_vpu_top/x_aq_fcnvt_top/x_aq_fcnvt_double/int_dest_max_si64,0,0.0,0.0,0.0,0.0,,0
x_aq_vpu_top/x_aq_fcnvt_top/x_aq_fcnvt_double/int_dest_max_si8,0,0.0,0.0,0.0,0.0,,0
x_aq_vpu_top/x_aq_fcnvt_top/x_aq_fcnvt_double/int_dest_max_ui,0,0.0,0.0,0.0,0.0,,0
x_aq_vpu_top/x_aq_fcnvt_top/x_aq_fcnvt_double/int_dest_max_ui16,0,0.0,0.0,0.0,0.0,,0
x_aq_vpu_top/x_aq_fcnvt_top/x_aq_fcnvt_double/int_dest_max_ui64,0,0.0,0.0,0.0,0.0,,0
x_aq_vpu_top/x_aq_fcnvt_top/x_aq_fcnvt_double/int_dest_max_ui8,0,0.0,0.0,0.0,0.0,,0
x_aq_vpu_top/x_aq_fcnvt_top/x_aq_fcnvt_double/int_dest_min_si,0,0.0,0.0,0.0,0.0,,0
x_aq_vpu_top/x_aq_fcnvt_top/x_aq_fcnvt_double/int_dest_min_si16,0,0.0,0.0,0.0,0.0,,0
x_aq_vpu_top/x_aq_fcnvt_top/x_aq_fcnvt_double/int_dest_min_si64,0,0.0,0.0,0.0,0.0,,0
x_aq_vpu_top/x_aq_fcnvt_top/x_aq_fcnvt_double/int_dest_min_si8,0,0.0,0.0,0.0,0.0,,0
x_aq_vpu_top/x_aq_fcnvt_top/x_aq_fcnvt_double/int_dest_min_ui,0,0.0,0.0,0.0,0.0,,0
x_aq_vpu_top/x_aq_fcnvt_top/x_aq_fcnvt_double/int_dest_min_ui16,0,0.0,0.0,0.0,0.0,,0
x_aq_vpu_top/x_aq_fcnvt_top/x_aq_fcnvt_double/int_dest_min_ui64,0,0.0,0.0,0.0,0.0,,0
x_aq_vpu_top/x_aq_fcnvt_top/x_aq_fcnvt_double/int_dest_min_ui8,0,0.0,0.0,0.0,0.0,,0
x_aq_vpu_top/x_aq_fcnvt_top/x_aq_fcnvt_double/itof_bhalf_value[7:0],0,0.0,0.0,0.0,0.0,,0
x_aq_vpu_top/x_aq_fcnvt_top/x_aq_fcnvt_double/itof_double_value[52:0],0,0.0,0.0,0.0,0.0,,0
x_aq_vpu_top/x_aq_fcnvt_top/x_aq_fcnvt_double/itof_half_value[10:0],0,0.0,0.0,0.0,0.0,,0
x_aq_vpu_top/x_aq_fcnvt_top/x_aq_fcnvt_double/itof_single_value[23:0],0,0.0,0.0,0.0,0.0,,0
x_aq_vpu_top/x_aq_fcnvt_top/x_aq_fcnvt_double/qnan_f[50:0],0,0.0,0.0,0.0,0.0,,0
x_aq_vpu_top/x_aq_fcnvt_top/x_aq_fcnvt_double/single0_special_result[31:0],0,0.0,0.0,0.0,0.0,,0
x_aq_vpu_top/x_aq_fcnvt_top/x_aq_fcnvt_double/single_expnt_add,0,0.0,0.0,0.0,0.0,,0
x_aq_vpu_top/x_aq_fcnvt_top/x_aq_fcnvt_double/single_norm_f_all_1,0,0.0,0.0,0.0,0.0,,0
x_aq_vpu_top/x_aq_fcnvt_top/x_aq_fcnvt_double/widden_quod_up_double_f[51:0],0,0.0,0.0,0.0,0.0,,0
x_aq_vpu_top/x_aq_fcnvt_top/x_aq_fcnvt_double/widden_quod_up_sel,0,0.0,0.0,0.0,0.0,,0
x_aq_vpu_top/x_aq_fcnvt_top/x_aq_fcnvt_double/widden_single_f[22:0],0,0.0,0.0,0.0,0.0,,0
x_aq_vpu_top/x_aq_fcnvt_top/x_aq_fcnvt_double/x_aq_fcnvt_ftoi_d/fsh_cnt[6:0],0,0.0,0.0,0.0,0.0,,0
x_aq_vpu_top/x_aq_fcnvt_top/x_aq_fcnvt_double/x_aq_fcnvt_ftoi_d/fsh_src[52:0],2,6.660228445835692e-05,8.099999999999998,5.5905364694654205,1.0,0.0002704861125581901,2
x_aq_vpu_top/x_aq_fcnvt_top/x_aq_fcnvt_double/x_aq_fcnvt_dtos_d/dtos_sh_cnt[10:0],23,0.0007659262712711046,3.651391304347826,2.5201526236105476,0.782608695652174,0.16219473821925237,8
x_aq_vpu_top/x_aq_fcnvt_top/x_aq_fcnvt_double/x_aq_fcnvt_dtos_d/dtos_sh_src[51:0],23,0.0007659262712711046,3.651391304347826,2.5201526236105476,0.782608695652174,0.16766908566699595,34
x_aq_vpu_top/x_aq_fcnvt_top/x_aq_fcnvt_double/x_aq_fcnvt_xtoh_d/xtoh_sh_cnt[11:0],0,0.0,0.0,0.0,0.0,,0
x_aq_vpu_top/x_aq_fcnvt_top/x_aq_fcnvt_double/x_aq_fcnvt_xtoh_d/xtoh_sh_src[51:0],23,0.0007659262712711046,3.651391304347826,2.5201526236105476,0.782608695652174,0.16412386132622508,16
x_aq_vpu_top/x_aq_fcnvt_top/x_aq_fcnvt_scalar_dp/bhalf0_final_frac[15:0],0,0.0,0.0,0.0,0.0,,0
x_aq_vpu_top/x_aq_fcnvt_top/x_aq_fcnvt_scalar_dp/cp0_vpu_xx_bf16,0,0.0,0.0,0.0,0.0,,0
x_aq_vpu_top/x_aq_fcnvt_top/x_aq_fcnvt_scalar_dp/double_final_frac[63:0],0,0.0,0.0,0.0,0.0,,0
x_aq_vpu_top/x_aq_fcnvt_top/x_aq_fcnvt_scalar_dp/double_pipe_bhtod_value[5:0],0,0.0,0.0,0.0,0.0,,0
x_aq_vpu_top/x_aq_fcnvt_top/x_aq_fcnvt_scalar_dp/double_pipe_bhtox_expnt[4:0],0,0.0,0.0,0.0,0.0,,0
x_aq_vpu_top/x_aq_fcnvt_top/x_aq_fcnvt_scalar_dp/double_pipe_ex1_special_vld,0,0.0,0.0,0.0,0.0,,0
x_aq_vpu_top/x_aq_fcnvt_top/x_aq_fcnvt_scalar_dp/double_pipe_ex1_src_cnan,0,0.0,0.0,0.0,0.0,,0
x_aq_vpu_top/x_aq_fcnvt_top/x_aq_fcnvt_scalar_dp/double_pipe_ex1_src_inf,0,0.0,0.0,0.0,0.0,,0
x_aq_vpu_top/x_aq_fcnvt_top/x_aq_fcnvt_scalar_dp/double_pipe_ex1_src_qnan,0,0.0,0.0,0.0,0.0,,0
x_aq_vpu_top/x_aq_fcnvt_top/x_aq_fcnvt_scalar_dp/double_pipe_ex1_src_snan,0,0.0,0.0,0.0,0.0,,0
x_aq_vpu_top/x_aq_fcnvt_top/x_aq_fcnvt_scalar_dp/double_pipe_ex1_src_zero,0,0.0,0.0,0.0,0.0,,0
x_aq_vpu_top/x_aq_fcnvt_top/x_aq_fcnvt_scalar_dp/double_pipe_ex2_expt[3:0],0,0.0,0.0,0.0,0.0,,0
x_aq_vpu_top/x_aq_fcnvt_top/x_aq_fcnvt_scalar_dp/double_pipe_ex2_frac[63:0],0,0.0,0.0,0.0,0.0,,0
x_aq_vpu_top/x_aq_fcnvt_top/x_aq_fcnvt_scalar_dp/double_pipe_ex2_int[63:0],1,3.330114222917846e-05,10.872,7.503742283460255,1.0,-0.003229515705865712,1
x_aq_vpu_top/x_aq_fcnvt_top/x_aq_fcnvt_scalar_dp/double_pipe_ex2_widden_dn_itof_expnt[5:0],0,0.0,0.0,0.0,0.0,,0
x_aq_vpu_top/x_aq_fcnvt_top/x_aq_fcnvt_scalar_dp/double_pipe_ftoi_int[63:0],1,3.330114222917846e-05,8.82,6.087473044529015,1.0,-0.00040606668911224335,1
x_aq_vpu_top/x_aq_fcnvt_top/x_aq_fcnvt_scalar_dp/double_pipe_htox_expnt[4:0],0,0.0,0.0,0.0,0.0,,0
x_aq_vpu_top/x_aq_fcnvt_top/x_aq_fcnvt_scalar_dp/double_pipe_htox_value[8:0],0,0.0,0.0,0.0,0.0,,0
x_aq_vpu_top/x_aq_fcnvt_top/x_aq_fcnvt_scalar_dp/double_pipe_special_value[63:0],0,0.0,0.0,0.0,0.0,,0
x_aq_vpu_top/x_aq_fcnvt_top/x_aq_fcnvt_scalar_dp/double_pipe_src_dn,0,0.0,0.0,0.0,0.0,,0
x_aq_vpu_top/x_aq_fcnvt_top/x_aq_fcnvt_scalar_dp/double_pipe_stod_expnt[4:0],0,0.0,0.0,0.0,0.0,,0
x_aq_vpu_top/x_aq_fcnvt_top/x_aq_fcnvt_scalar_dp/double_pipe_stod_value[21:0],0,0.0,0.0,0.0,0.0,,0
x_aq_vpu_top/x_aq_fcnvt_top/x_aq_fcnvt_scalar_dp/ex1_dest_bhalf,0,0.0,0.0,0.0,0.0,,0
x_aq_vpu_top/x_aq_fcnvt_top/x_aq_fcnvt_scalar_dp/ex1_dest_float,0,0.0,0.0,0.0,0.0,,0
x_aq_vpu_top/x_aq_fcnvt_top/x_aq_fcnvt_scalar_dp/ex1_dest_half,0,0.0,0.0,0.0,0.0,,0
x_aq_vpu_top/x_aq_fcnvt_top/x_aq_fcnvt_scalar_dp/ex1_dest_si,15,0.0004995171334376769,3.7287333333333335,2.5735332944335023,0.9333333333333333,-0.017909944031964553,1
x_aq_vpu_top/x_aq_fcnvt_top/x_aq_fcnvt_scalar_dp/ex1_dest_single,0,0.0,0.0,0.0,0.0,,0
x_aq_vpu_top/x_aq_fcnvt_top/x_aq_fcnvt_scalar_dp/ex1_double_src[63:0],23,0.0007659262712711046,3.651391304347826,2.5201526236105476,0.782608695652174,0.16888554454306945,36
x_aq_vpu_top/x_aq_fcnvt_top/x_aq_fcnvt_scalar_dp/ex1_half0_src[15:0],23,0.0007659262712711046,3.651391304347826,2.5201526236105476,0.782608695652174,0.16073646669101224,11
x_aq_vpu_top/x_aq_fcnvt_top/x_aq_fcnvt_scalar_dp/ex1_l8_0_src[7:0],0,0.0,0.0,0.0,0.0,,0
x_aq_vpu_top/x_aq_fcnvt_top/x_aq_fcnvt_scalar_dp/ex1_op_bhtod,0,0.0,0.0,0.0,0.0,,0
x_aq_vpu_top/x_aq_fcnvt_top/x_aq_fcnvt_scalar_dp/ex1_op_bhtos,0,0.0,0.0,0.0,0.0,,0
x_aq_vpu_top/x_aq_fcnvt_top/x_aq_fcnvt_scalar_dp/ex1_op_dtobh,0,0.0,0.0,0.0,0.0,,0
x_aq_vpu_top/x_aq_fcnvt_top/x_aq_fcnvt_scalar_dp/ex1_op_dtoh,0,0.0,0.0,0.0,0.0,,0
x_aq_vpu_top/x_aq_fcnvt_top/x_aq_fcnvt_scalar_dp/ex1_op_dtos,0,0.0,0.0,0.0,0.0,,0
x_aq_vpu_top/x_aq_fcnvt_top/x_aq_fcnvt_scalar_dp/ex1_op_ftoi,16,0.0005328182756668553,2.5919375,1.7889285333734606,0.625,0.06081311413537336,1
x_aq_vpu_top/x_aq_fcnvt_top/x_aq_fcnvt_scalar_dp/ex1_op_htod,0,0.0,0.0,0.0,0.0,,0
x_aq_vpu_top/x_aq_fcnvt_top/x_aq_fcnvt_scalar_dp/ex1_op_htos,0,0.0,0.0,0.0,0.0,,0
x_aq_vpu_top/x_aq_fcnvt_top/x_aq_fcnvt_scalar_dp/ex1_op_stobh,0,0.0,0.0,0.0,0.0,,0
x_aq_vpu_top/x_aq_fcnvt_top/x_aq_fcnvt_scalar_dp/ex1_op_stod,0,0.0,0.0,0.0,0.0,,0
x_aq_vpu_top/x_aq_fcnvt_top/x_aq_fcnvt_scalar_dp/ex1_op_stoh,0,0.0,0.0,0.0,0.0,,0
x_aq_vpu_top/x_aq_fcnvt_top/x_aq_fcnvt_scalar_dp/ex1_single0_src[31:0],23,0.0007659262712711046,3.651391304347826,2.5201526236105476,0.782608695652174,0.17085733100969933,21
x_aq_vpu_top/x_aq_fcnvt_top/x_aq_fcnvt_scalar_dp/ex1_src_bhalf,0,0.0,0.0,0.0,0.0,,0
x_aq_vpu_top/x_aq_fcnvt_top/x_aq_fcnvt_scalar_dp/ex1_src_double,0,0.0,0.0,0.0,0.0,,0
x_aq_vpu_top/x_aq_fcnvt_top/x_aq_fcnvt_scalar_dp/ex1_src_float,16,0.0005328182756668553,2.5919375,1.7889285333734606,0.625,0.06081311413537336,1
x_aq_vpu_top/x_aq_fcnvt_top/x_aq_fcnvt_scalar_dp/ex1_src_half,0,0.0,0.0,0.0,0.0,,0
x_aq_vpu_top/x_aq_fcnvt_top/x_aq_fcnvt_scalar_dp/ex1_src_i,17,0.0005661194178960339,3.351882352941177,2.313434634009286,0.8235294117647058,-0.027245585373752945,1
x_aq_vpu_top/x_aq_fcnvt_top/x_aq_fcnvt_scalar_dp/ex1_src_l16,0,0.0,0.0,0.0,0.0,,0
x_aq_vpu_top/x_aq_fcnvt_top/x_aq_fcnvt_scalar_dp/ex1_src_l32,0,0.0,0.0,0.0,0.0,,0
x_aq_vpu_top/x_aq_fcnvt_top/x_aq_fcnvt_scalar_dp/ex1_src_l64,0,0.0,0.0,0.0,0.0,,0
x_aq_vpu_top/x_aq_fcnvt_top/x_aq_fcnvt_scalar_dp/ex1_src_l8,0,0.0,0.0,0.0,0.0,,0
x_aq_vpu_top/x_aq_fcnvt_top/x_aq_fcnvt_scalar_dp/ex1_src_si,2,6.660228445835692e-05,5.118999999999999,3.533081010764628,1.0,0.005679344864923651,1
x_aq_vpu_top/x_aq_fcnvt_top/x_aq_fcnvt_scalar_dp/ex1_src_single,0,0.0,0.0,0.0,0.0,,0
x_aq_vpu_top/x_aq_fcnvt_top/x_aq_fcnvt_scalar_dp/ex2_bhalf0_orig_frac[6:0],0,0.0,0.0,0.0,0.0,,0
x_aq_vpu_top/x_aq_fcnvt_top/x_aq_fcnvt_scalar_dp/ex2_dest_bhalf,0,0.0,0.0,0.0,0.0,,0
x_aq_vpu_top/x_aq_fcnvt_top/x_aq_fcnvt_scalar_dp/ex2_dest_double,0,0.0,0.0,0.0,0.0,,0
x_aq_vpu_top/x_aq_fcnvt_top/x_aq_fcnvt_scalar_dp/ex2_dest_half,0,0.0,0.0,0.0,0.0,,0
x_aq_vpu_top/x_aq_fcnvt_top/x_aq_fcnvt_scalar_dp/ex2_dest_single,0,0.0,0.0,0.0,0.0,,0
x_aq_vpu_top/x_aq_fcnvt_top/x_aq_fcnvt_scalar_dp/ex2_double_orig_frac[51:0],0,0.0,0.0,0.0,0.0,,0
x_aq_vpu_top/x_aq_fcnvt_top/x_aq_fcnvt_scalar_dp/ex2_half0_orig_frac[9:0],0,0.0,0.0,0.0,0.0,,0
x_aq_vpu_top/x_aq_fcnvt_top/x_aq_fcnvt_scalar_dp/ex2_int16_0_result[63:0],0,0.0,0.0,0.0,0.0,,0
x_aq_vpu_top/x_aq_fcnvt_top/x_aq_fcnvt_scalar_dp/ex2_int32_0_result[63:0],0,0.0,0.0,0.0,0.0,,0
x_aq_vpu_top/x_aq_fcnvt_top/x_aq_fcnvt_scalar_dp/ex2_int64_result[63:0],0,0.0,0.0,0.0,0.0,,0
x_aq_vpu_top/x_aq_fcnvt_top/x_aq_fcnvt_scalar_dp/ex2_l16_0_result[63:0],0,0.0,0.0,0.0,0.0,,0
x_aq_vpu_top/x_aq_fcnvt_top/x_aq_fcnvt_scalar_dp/ex2_l32_0_result[63:0],0,0.0,0.0,0.0,0.0,,0
x_aq_vpu_top/x_aq_fcnvt_top/x_aq_fcnvt_scalar_dp/ex2_l8_0_result[7:0],0,0.0,0.0,0.0,0.0,,0
x_aq_vpu_top/x_aq_fcnvt_top/x_aq_fcnvt_scalar_dp/ex2_single0_orig_frac[22:0],0,0.0,0.0,0.0,0.0,,0
x_aq_vpu_top/x_aq_fcnvt_top/x_aq_fcnvt_scalar_dp/ex3_double_result[63:0],0,0.0,0.0,0.0,0.0,,0
x_aq_vpu_top/x_aq_fcnvt_top/x_aq_fcnvt_scalar_dp/fcnvt_ex1_pipe_clk,0,0.0,0.0,0.0,0.0,,0
x_aq_vpu_top/x_aq_fcnvt_top/x_aq_fcnvt_scalar_dp/fcnvt_ex1_pipedown,2,6.660228445835692e-05,8.55,5.901121828880168,1.0,0.17944175952243305,1
x_aq_vpu_top/x_aq_fcnvt_top/x_aq_fcnvt_scalar_dp/fcnvt_ex2_pipe_clk,0,0.0,0.0,0.0,0.0,,0
x_aq_vpu_top/x_aq_fcnvt_top/x_aq_fcnvt_scalar_dp/fcnvt_ex2_pipedown,2,6.660228445835692e-05,8.55,5.901121828880168,1.0,0.17944175952243305,1
x_aq_vpu_top/x_aq_fcnvt_top/x_aq_fcnvt_scalar_dp/half0_final_frac[15:0],0,0.0,0.0,0.0,0.0,,0
x_aq_vpu_top/x_aq_fcnvt_top/x_aq_fcnvt_scalar_dp/ifu_vpu_warm_up,2,6.660228445835692e-05,8.55,5.901121828880168,1.0,0.17944175952243305,1
x_aq_vpu_top/x_aq_fcnvt_top/x_aq_fcnvt_scalar_dp/l16_0_itof_value[15:0],0,0.0,0.0,0.0,0.0,,0
x_aq_vpu_top/x_aq_fcnvt_top/x_aq_fcnvt_scalar_dp/l32_0_itof_value[31:0],0,0.0,0.0,0.0,0.0,,0
x_aq_vpu_top/x_aq_fcnvt_top/x_aq_fcnvt_scalar_dp/l64_itof_value[63:0],0,0.0,0.0,0.0,0.0,,0
x_aq_vpu_top/x_aq_fcnvt_top/x_aq_fcnvt_scalar_dp/single0_final_frac[31:0],0,0.0,0.0,0.0,0.0,,0
x_aq_vpu_top/x_aq_fcnvt_top/x_aq_fcnvt_scalar_dp/vfcvt_vpu_ex2_gpr_result[63:0],0,0.0,0.0,0.0,0.0,,0
x_aq_vpu_top/x_aq_fcnvt_top/x_aq_fcnvt_scalar_dp/vfcvt_vpu_ex3_fflags[4:0],0,0.0,0.0,0.0,0.0,,0
x_aq_vpu_top/x_aq_fcnvt_top/x_aq_fcnvt_scalar_dp/vfcvt_vpu_ex3_fpr_result[63:0],0,0.0,0.0,0.0,0.0,,0
x_aq_vpu_top/x_aq_fcnvt_top/x_aq_fcnvt_scalar_dp/vpu_group_1_xx_ex1_func[19:0],44,0.0014652502580838522,3.3622954545454546,2.320621649352368,0.7954545454545454,0.005526236953928676,10
x_aq_vpu_top/x_aq_fcnvt_top/x_aq_fcnvt_scalar_dp/vpu_group_1_xx_ex1_srcv0[63:0],34,0.0011322388357920678,3.199264705882353,2.2080995078652914,0.8823529411764706,-0.03007154116304795,47
x_aq_vpu_top/x_aq_fcnvt_top/x_aq_fcnvt_scalar_dp/vpu_group_1_xx_ex1_srcv0_type[47:0],30,0.0009990342668753538,3.311833333333334,2.2857932136779304,0.8666666666666667,-0.021183319845226964,16
x_aq_vpu_top/x_aq_fcnvt_top/x_aq_fcnvt_scalar_dp/vpu_group_1_xx_ex1_srcv1[63:0],29,0.0009657331246461754,2.7920689655172413,1.9270572070353988,0.7931034482758621,0.13330910200860932,36
x_aq_vpu_top/x_aq_fcnvt_top/x_aq_fcnvt_scalar_dp/bhalf0_for_ff1[63:0],23,0.0007659262712711046,3.651391304347826,2.5201526236105476,0.782608695652174,0.17487226920208526,6
x_aq_vpu_top/x_aq_fcnvt_top/x_aq_fcnvt_scalar_dp/bhalf0_frac_for_shift[15:0],23,0.0007659262712711046,3.651391304347826,2.5201526236105476,0.782608695652174,0.17487226920208526,6
x_aq_vpu_top/x_aq_fcnvt_top/x_aq_fcnvt_scalar_dp/bhtod_shift_bit[5:0],0,0.0,0.0,0.0,0.0,,0
x_aq_vpu_top/x_aq_fcnvt_top/x_aq_fcnvt_scalar_dp/cnvt_src0_half0_id,0,0.0,0.0,0.0,0.0,,0
x_aq_vpu_top/x_aq_fcnvt_top/x_aq_fcnvt_scalar_dp/cnvt_src0_half0_inf,0,0.0,0.0,0.0,0.0,,0
x_aq_vpu_top/x_aq_fcnvt_top/x_aq_fcnvt_scalar_dp/cnvt_src0_half0_qnan,11,0.00036631256452096306,2.334363636363637,1.611153708899362,0.8181818181818182,-0.027990097785625702,1
x_aq_vpu_top/x_aq_fcnvt_top/x_aq_fcnvt_scalar_dp/cnvt_src0_half0_snan,0,0.0,0.0,0.0,0.0,,0
x_aq_vpu_top/x_aq_fcnvt_top/x_aq_fcnvt_scalar_dp/cnvt_src0_half0_zero,0,0.0,0.0,0.0,0.0,,0
x_aq_vpu_top/x_aq_fcnvt_top/x_aq_fcnvt_scalar_dp/cur_l16,0,0.0,0.0,0.0,0.0,,0
x_aq_vpu_top/x_aq_fcnvt_top/x_aq_fcnvt_scalar_dp/cur_l32,0,0.0,0.0,0.0,0.0,,0
x_aq_vpu_top/x_aq_fcnvt_top/x_aq_fcnvt_scalar_dp/cur_l64,15,0.0004995171334376769,3.116266666666667,2.1508151171085736,0.8,-0.01819696689905232,1
x_aq_vpu_top/x_aq_fcnvt_top/x_aq_fcnvt_scalar_dp/cur_l8,18,0.0005994205601252123,3.1024444444444446,2.1412751618712416,0.6666666666666666,0.009357610132256123,1
x_aq_vpu_top/x_aq_fcnvt_top/x_aq_fcnvt_scalar_dp/double_pipe_ex2_itof_expnt[5:0],0,0.0,0.0,0.0,0.0,,0
x_aq_vpu_top/x_aq_fcnvt_top/x_aq_fcnvt_scalar_dp/double_pipe_ex2_xtod_expnt[5:0],0,0.0,0.0,0.0,0.0,,0
x_aq_vpu_top/x_aq_fcnvt_top/x_aq_fcnvt_scalar_dp/ex1_bh_quod_up,0,0.0,0.0,0.0,0.0,,0
x_aq_vpu_top/x_aq_fcnvt_top/x_aq_fcnvt_scalar_dp/ex1_combined_src[63:0],0,0.0,0.0,0.0,0.0,,0
x_aq_vpu_top/x_aq_fcnvt_top/x_aq_fcnvt_scalar_dp/ex1_dest_double,0,0.0,0.0,0.0,0.0,,0
x_aq_vpu_top/x_aq_fcnvt_top/x_aq_fcnvt_scalar_dp/ex1_dest_l16,0,0.0,0.0,0.0,0.0,,0
x_aq_vpu_top/x_aq_fcnvt_top/x_aq_fcnvt_scalar_dp/ex1_dest_l32,0,0.0,0.0,0.0,0.0,,0
x_aq_vpu_top/x_aq_fcnvt_top/x_aq_fcnvt_scalar_dp/ex1_dest_l64,0,0.0,0.0,0.0,0.0,,0
x_aq_vpu_top/x_aq_fcnvt_top/x_aq_fcnvt_scalar_dp/ex1_dest_l8,0,0.0,0.0,0.0,0.0,,0
x_aq_vpu_top/x_aq_fcnvt_top/x_aq_fcnvt_scalar_dp/ex1_dest_widden,0,0.0,0.0,0.0,0.0,,0
x_aq_vpu_top/x_aq_fcnvt_top/x_aq_fcnvt_scalar_dp/ex1_final_norm_frac[63:0],0,0.0,0.0,0.0,0.0,,0
x_aq_vpu_top/x_aq_fcnvt_top/x_aq_fcnvt_scalar_dp/ex1_float_shift_bit[5:0],0,0.0,0.0,0.0,0.0,,0
x_aq_vpu_top/x_aq_fcnvt_top/x_aq_fcnvt_scalar_dp/ex1_float_src_tail[63:0],0,0.0,0.0,0.0,0.0,,0
x_aq_vpu_top/x_aq_fcnvt_top/x_aq_fcnvt_scalar_dp/ex1_ftoi_int[63:0],1,3.330114222917846e-05,8.82,6.087473044529015,1.0,-0.00040606668911224335,1
x_aq_vpu_top/x_aq_fcnvt_top/x_aq_fcnvt_scalar_dp/ex1_h_quod_up,16,0.0005328182756668553,2.5919375,1.7889285333734606,0.625,0.06081311413537336,1
x_aq_vpu_top/x_aq_fcnvt_top/x_aq_fcnvt_scalar_dp/ex1_itof_shift_bit[5:0],0,0.0,0.0,0.0,0.0,,0
x_aq_vpu_top/x_aq_fcnvt_top/x_aq_fcnvt_scalar_dp/ex1_l16_0_src_neg,0,0.0,0.0,0.0,0.0,,0
x_aq_vpu_top/x_aq_fcnvt_top/x_aq_fcnvt_scalar_dp/ex1_l32_0_src_neg,0,0.0,0.0,0.0,0.0,,0
x_aq_vpu_top/x_aq_fcnvt_top/x_aq_fcnvt_scalar_dp/ex1_l64_0_src_neg,0,0.0,0.0,0.0,0.0,,0
x_aq_vpu_top/x_aq_fcnvt_top/x_aq_fcnvt_scalar_dp/ex1_left_shift_bit[5:0],0,0.0,0.0,0.0,0.0,,0
x_aq_vpu_top/x_aq_fcnvt_top/x_aq_fcnvt_scalar_dp/ex1_narrow,15,0.0004995171334376769,3.116266666666667,2.1508151171085736,0.8,-0.01819696689905232,1
x_aq_vpu_top/x_aq_fcnvt_top/x_aq_fcnvt_scalar_dp/ex1_norm_neg_src[63:0],23,0.0007659262712711046,3.651391304347826,2.5201526236105476,0.782608695652174,0.17315809351415692,35
x_aq_vpu_top/x_aq_fcnvt_top/x_aq_fcnvt_scalar_dp/ex1_norm_src[63:0],23,0.0007659262712711046,3.651391304347826,2.5201526236105476,0.782608695652174,0.16888554454306945,36
x_aq_vpu_top/x_aq_fcnvt_top/x_aq_fcnvt_scalar_dp/ex1_op_itof,0,0.0,0.0,0.0,0.0,,0
x_aq_vpu_top/x_aq_fcnvt_top/x_aq_fcnvt_scalar_dp/ex1_quod_dn,0,0.0,0.0,0.0,0.0,,0
x_aq_vpu_top/x_aq_fcnvt_top/x_aq_fcnvt_scalar_dp/ex1_quod_up,16,0.0005328182756668553,2.5919375,1.7889285333734606,0.625,0.06081311413537336,1
x_aq_vpu_top/x_aq_fcnvt_top/x_aq_fcnvt_scalar_dp/ex1_same,0,0.0,0.0,0.0,0.0,,0
x_aq_vpu_top/x_aq_fcnvt_top/x_aq_fcnvt_scalar_dp/ex1_sign,0,0.0,0.0,0.0,0.0,,0
x_aq_vpu_top/x_aq_fcnvt_top/x_aq_fcnvt_scalar_dp/ex1_size[3:0],0,0.0,0.0,0.0,0.0,,0
x_aq_vpu_top/x_aq_fcnvt_top/x_aq_fcnvt_scalar_dp/ex1_special_vld,0,0.0,0.0,0.0,0.0,,0
x_aq_vpu_top/x_aq_fcnvt_top/x_aq_fcnvt_scalar_dp/ex1_src_neg,0,0.0,0.0,0.0,0.0,,0
x_aq_vpu_top/x_aq_fcnvt_top/x_aq_fcnvt_scalar_dp/ex1_widden,0,0.0,0.0,0.0,0.0,,0
x_aq_vpu_top/x_aq_fcnvt_top/x_aq_fcnvt_scalar_dp/ex2_expt[3:0],0,0.0,0.0,0.0,0.0,,0
x_aq_vpu_top/x_aq_fcnvt_top/x_aq_fcnvt_scalar_dp/ex2_frac[63:0],0,0.0,0.0,0.0,0.0,,0
x_aq_vpu_top/x_aq_fcnvt_top/x_aq_fcnvt_scalar_dp/ex2_int_r[63:0],1,3.330114222917846e-05,10.872,7.503742283460255,1.0,-0.003229515705865712,1
x_aq_vpu_top/x_aq_fcnvt_top/x_aq_fcnvt_scalar_dp/ex2_scalar_int_result[63:0],0,0.0,0.0,0.0,0.0,,0
x_aq_vpu_top/x_aq_fcnvt_top/x_aq_fcnvt_scalar_dp/ex2_scalar_total_result[63:0],0,0.0,0.0,0.0,0.0,,0
x_aq_vpu_top/x_aq_fcnvt_top/x_aq_fcnvt_scalar_dp/ex2_shift_src[63:0],0,0.0,0.0,0.0,0.0,,0
x_aq_vpu_top/x_aq_fcnvt_top/x_aq_fcnvt_scalar_dp/ex2_total_result[63:0],0,0.0,0.0,0.0,0.0,,0
x_aq_vpu_top/x_aq_fcnvt_top/x_aq_fcnvt_scalar_dp/ff1_16_bit[23:0],2,6.660228445835692e-05,8.099999999999998,5.5905364694654205,1.0,0.00027048611255822577,8
x_aq_vpu_top/x_aq_fcnvt_top/x_aq_fcnvt_scalar_dp/ff1_32_bit[13:0],2,6.660228445835692e-05,8.099999999999998,5.5905364694654205,1.0,0.00027048611255804,4
x_aq_vpu_top/x_aq_fcnvt_top/x_aq_fcnvt_scalar_dp/ff1_64_bit[7:0],2,6.660228445835692e-05,8.099999999999998,5.5905364694654205,1.0,0.0002704861125581901,2
x_aq_vpu_top/x_aq_fcnvt_top/x_aq_fcnvt_scalar_dp/ff1_8_bit[39:0],2,6.660228445835692e-05,8.099999999999998,5.5905364694654205,1.0,0.0002704861125582002,16
x_aq_vpu_top/x_aq_fcnvt_top/x_aq_fcnvt_scalar_dp/ff1_src_in[63:0],0,0.0,0.0,0.0,0.0,,0
x_aq_vpu_top/x_aq_fcnvt_top/x_aq_fcnvt_scalar_dp/half0_for_ff1[63:0],23,0.0007659262712711046,3.651391304347826,2.5201526236105476,0.782608695652174,0.16577433892855267,8
x_aq_vpu_top/x_aq_fcnvt_top/x_aq_fcnvt_scalar_dp/half0_frac_for_shift[15:0],23,0.0007659262712711046,3.651391304347826,2.5201526236105476,0.782608695652174,0.16577433892855267,8
x_aq_vpu_top/x_aq_fcnvt_top/x_aq_fcnvt_scalar_dp/htox_shift_bit[5:0],0,0.0,0.0,0.0,0.0,,0
x_aq_vpu_top/x_aq_fcnvt_top/x_aq_fcnvt_scalar_dp/i16tof_shift_bit[5:0],0,0.0,0.0,0.0,0.0,,0
x_aq_vpu_top/x_aq_fcnvt_top/x_aq_fcnvt_scalar_dp/i32tof_shift_bit[5:0],0,0.0,0.0,0.0,0.0,,0
x_aq_vpu_top/x_aq_fcnvt_top/x_aq_fcnvt_scalar_dp/i64tof_shift_bit[5:0],0,0.0,0.0,0.0,0.0,,0
x_aq_vpu_top/x_aq_fcnvt_top/x_aq_fcnvt_scalar_dp/int_src_for_shift[63:0],23,0.0007659262712711046,3.651391304347826,2.5201526236105476,0.782608695652174,0.16888554454306945,36
x_aq_vpu_top/x_aq_fcnvt_top/x_aq_fcnvt_scalar_dp/l16_0_shift_out_val[15:0],0,0.0,0.0,0.0,0.0,,0
x_aq_vpu_top/x_aq_fcnvt_top/x_aq_fcnvt_scalar_dp/l16_1_shift_out_val[15:0],0,0.0,0.0,0.0,0.0,,0
x_aq_vpu_top/x_aq_fcnvt_top/x_aq_fcnvt_scalar_dp/l16_2_shift_out_val[15:0],0,0.0,0.0,0.0,0.0,,0
x_aq_vpu_top/x_aq_fcnvt_top/x_aq_fcnvt_scalar_dp/l16_3_shift_out_val[15:0],0,0.0,0.0,0.0,0.0,,0
x_aq_vpu_top/x_aq_fcnvt_top/x_aq_fcnvt_scalar_dp/l32_0_shift_out_val[31:0],0,0.0,0.0,0.0,0.0,,0
x_aq_vpu_top/x_aq_fcnvt_top/x_aq_fcnvt_scalar_dp/l32_1_shift_out_val[31:0],0,0.0,0.0,0.0,0.0,,0
x_aq_vpu_top/x_aq_fcnvt_top/x_aq_fcnvt_scalar_dp/l64_int_abs_val[63:0],23,0.0007659262712711046,3.651391304347826,2.5201526236105476,0.782608695652174,0.16888554454306945,36
x_aq_vpu_top/x_aq_fcnvt_top/x_aq_fcnvt_scalar_dp/l64_shift_out_val[63:0],0,0.0,0.0,0.0,0.0,,0
x_aq_vpu_top/x_aq_fcnvt_top/x_aq_fcnvt_scalar_dp/neg_adder_op0[63:0],0,0.0,0.0,0.0,0.0,,0
x_aq_vpu_top/x_aq_fcnvt_top/x_aq_fcnvt_scalar_dp/neg_adder_op1[63:0],0,0.0,0.0,0.0,0.0,,0
x_aq_vpu_top/x_aq_fcnvt_top/x_aq_fcnvt_scalar_dp/neg_result[63:0],1,3.330114222917846e-05,8.82,6.087473044529015,1.0,-0.00040606668911224335,1
x_aq_vpu_top/x_aq_fcnvt_top/x_aq_fcnvt_scalar_dp/shift_16,0,0.0,0.0,0.0,0.0,,0
x_aq_vpu_top/x_aq_fcnvt_top/x_aq_fcnvt_scalar_dp/shift_src_size[2:0],0,0.0,0.0,0.0,0.0,,0
x_aq_vpu_top/x_aq_fcnvt_top/x_aq_fcnvt_scalar_dp/src0_double_id,0,0.0,0.0,0.0,0.0,,0
x_aq_vpu_top/x_aq_fcnvt_top/x_aq_fcnvt_scalar_dp/src0_double_inf,0,0.0,0.0,0.0,0.0,,0
x_aq_vpu_top/x_aq_fcnvt_top/x_aq_fcnvt_scalar_dp/src0_double_qnan,4,0.00013320456891671384,4.833999999999999,3.3363769498019558,1.0,-0.020098632563824027,1
x_aq_vpu_top/x_aq_fcnvt_top/x_aq_fcnvt_scalar_dp/src0_double_snan,0,0.0,0.0,0.0,0.0,,0
x_aq_vpu_top/x_aq_fcnvt_top/x_aq_fcnvt_scalar_dp/src0_double_zero,0,0.0,0.0,0.0,0.0,,0
x_aq_vpu_top/x_aq_fcnvt_top/x_aq_fcnvt_scalar_dp/src0_half0_cnan,11,0.00036631256452096306,2.334363636363637,1.611153708899362,0.8181818181818182,-0.027990097785625702,1
x_aq_vpu_top/x_aq_fcnvt_top/x_aq_fcnvt_scalar_dp/src0_half0_id,0,0.0,0.0,0.0,0.0,,0
x_aq_vpu_top/x_aq_fcnvt_top/x_aq_fcnvt_scalar_dp/src0_half0_inf,0,0.0,0.0,0.0,0.0,,0
x_aq_vpu_top/x_aq_fcnvt_top/x_aq_fcnvt_scalar_dp/src0_half0_qnan,11,0.00036631256452096306,2.334363636363637,1.611153708899362,0.8181818181818182,-0.027990097785625702,1
x_aq_vpu_top/x_aq_fcnvt_top/x_aq_fcnvt_scalar_dp/src0_half0_snan,0,0.0,0.0,0.0,0.0,,0
x_aq_vpu_top/x_aq_fcnvt_top/x_aq_fcnvt_scalar_dp/src0_half0_zero,0,0.0,0.0,0.0,0.0,,0
x_aq_vpu_top/x_aq_fcnvt_top/x_aq_fcnvt_scalar_dp/src0_single0_cnan,7,0.00023310799560424922,2.261,1.5605188836372,0.8571428571428571,-0.01952162216962929,1
x_aq_vpu_top/x_aq_fcnvt_top/x_aq_fcnvt_scalar_dp/src0_single0_id,0,0.0,0.0,0.0,0.0,,0
x_aq_vpu_top/x_aq_fcnvt_top/x_aq_fcnvt_scalar_dp/src0_single0_inf,0,0.0,0.0,0.0,0.0,,0
x_aq_vpu_top/x_aq_fcnvt_top/x_aq_fcnvt_scalar_dp/src0_single0_qnan,7,0.00023310799560424922,2.261,1.5605188836372,0.8571428571428571,-0.01952162216962929,1
x_aq_vpu_top/x_aq_fcnvt_top/x_aq_fcnvt_scalar_dp/src0_single0_snan,0,0.0,0.0,0.0,0.0,,0
x_aq_vpu_top/x_aq_fcnvt_top/x_aq_fcnvt_scalar_dp/src0_single0_zero,0,0.0,0.0,0.0,0.0,,0
x_aq_vpu_top/x_aq_fcnvt_top/x_aq_fcnvt_scalar_dp/srcv0_type[47:0],30,0.0009990342668753538,3.311833333333334,2.2857932136779304,0.8666666666666667,-0.021183319845226964,16
x_aq_vpu_top/x_aq_fcnvt_top/x_aq_fcnvt_scalar_dp/stod_shift_bit[5:0],0,0.0,0.0,0.0,0.0,,0
x_aq_vpu_top/x_aq_fcnvt_top/x_aq_fcnvt_scalar_dp/x_aq_vdsp_64_bit_ff1/ex1_sign,0,0.0,0.0,0.0,0.0,,0
x_aq_vpu_top/x_aq_fcnvt_top/x_aq_fcnvt_scalar_dp/x_aq_vdsp_64_bit_ff1/ex1_size[3:0],0,0.0,0.0,0.0,0.0,,0
x_aq_vpu_top/x_aq_fcnvt_top/x_aq_fcnvt_scalar_dp/x_aq_vdsp_64_bit_ff1/ex1_src[63:0],0,0.0,0.0,0.0,0.0,,0
x_aq_vpu_top/x_aq_fcnvt_top/x_aq_fcnvt_scalar_dp/x_aq_vdsp_64_bit_ff1/ff1_16_bit[23:0],2,6.660228445835692e-05,8.099999999999998,5.5905364694654205,1.0,0.00027048611255822577,8
x_aq_vpu_top/x_aq_fcnvt_top/x_aq_fcnvt_scalar_dp/x_aq_vdsp_64_bit_ff1/ff1_32_bit[13:0],2,6.660228445835692e-05,8.099999999999998,5.5905364694654205,1.0,0.00027048611255804,4
x_aq_vpu_top/x_aq_fcnvt_top/x_aq_fcnvt_scalar_dp/x_aq_vdsp_64_bit_ff1/ff1_64_bit[7:0],2,6.660228445835692e-05,8.099999999999998,5.5905364694654205,1.0,0.0002704861125581901,2
x_aq_vpu_top/x_aq_fcnvt_top/x_aq_fcnvt_scalar_dp/x_aq_vdsp_64_bit_ff1/ff1_8_bit[39:0],2,6.660228445835692e-05,8.099999999999998,5.5905364694654205,1.0,0.0002704861125582002,16
x_aq_vpu_top/x_aq_fcnvt_top/x_aq_fcnvt_scalar_dp/x_aq_vdsp_64_bit_ff1/b0_ff1[4:0],2,6.660228445835692e-05,8.099999999999998,5.5905364694654205,1.0,0.0002704861125581901,2
x_aq_vpu_top/x_aq_fcnvt_top/x_aq_fcnvt_scalar_dp/x_aq_vdsp_64_bit_ff1/b1_ff1[4:0],2,6.660228445835692e-05,8.099999999999998,5.5905364694654205,1.0,0.0002704861125581901,2
x_aq_vpu_top/x_aq_fcnvt_top/x_aq_fcnvt_scalar_dp/x_aq_vdsp_64_bit_ff1/b2_ff1[4:0],2,6.660228445835692e-05,8.099999999999998,5.5905364694654205,1.0,0.0002704861125581901,2
x_aq_vpu_top/x_aq_fcnvt_top/x_aq_fcnvt_scalar_dp/x_aq_vdsp_64_bit_ff1/b3_ff1[4:0],2,6.660228445835692e-05,8.099999999999998,5.5905364694654205,1.0,0.0002704861125581901,2
x_aq_vpu_top/x_aq_fcnvt_top/x_aq_fcnvt_scalar_dp/x_aq_vdsp_64_bit_ff1/b4_ff1[4:0],2,6.660228445835692e-05,8.099999999999998,5.5905364694654205,1.0,0.0002704861125581901,2
x_aq_vpu_top/x_aq_fcnvt_top/x_aq_fcnvt_scalar_dp/x_aq_vdsp_64_bit_ff1/b5_ff1[4:0],2,6.660228445835692e-05,8.099999999999998,5.5905364694654205,1.0,0.0002704861125581901,2
x_aq_vpu_top/x_aq_fcnvt_top/x_aq_fcnvt_scalar_dp/x_aq_vdsp_64_bit_ff1/b6_ff1[4:0],2,6.660228445835692e-05,8.099999999999998,5.5905364694654205,1.0,0.0002704861125581901,2
x_aq_vpu_top/x_aq_fcnvt_top/x_aq_fcnvt_scalar_dp/x_aq_vdsp_64_bit_ff1/b7_ff1[4:0],2,6.660228445835692e-05,8.099999999999998,5.5905364694654205,1.0,0.0002704861125581901,2
x_aq_vpu_top/x_aq_fcnvt_top/x_aq_fcnvt_scalar_dp/x_aq_vdsp_64_bit_ff1/b_sign_0,0,0.0,0.0,0.0,0.0,,0
x_aq_vpu_top/x_aq_fcnvt_top/x_aq_fcnvt_scalar_dp/x_aq_vdsp_64_bit_ff1/b_sign_1,0,0.0,0.0,0.0,0.0,,0
x_aq_vpu_top/x_aq_fcnvt_top/x_aq_fcnvt_scalar_dp/x_aq_vdsp_64_bit_ff1/b_sign_2,0,0.0,0.0,0.0,0.0,,0
x_aq_vpu_top/x_aq_fcnvt_top/x_aq_fcnvt_scalar_dp/x_aq_vdsp_64_bit_ff1/b_sign_3,0,0.0,0.0,0.0,0.0,,0
x_aq_vpu_top/x_aq_fcnvt_top/x_aq_fcnvt_scalar_dp/x_aq_vdsp_64_bit_ff1/b_sign_4,0,0.0,0.0,0.0,0.0,,0
x_aq_vpu_top/x_aq_fcnvt_top/x_aq_fcnvt_scalar_dp/x_aq_vdsp_64_bit_ff1/b_sign_5,0,0.0,0.0,0.0,0.0,,0
x_aq_vpu_top/x_aq_fcnvt_top/x_aq_fcnvt_scalar_dp/x_aq_vdsp_64_bit_ff1/b_sign_6,0,0.0,0.0,0.0,0.0,,0
x_aq_vpu_top/x_aq_fcnvt_top/x_aq_fcnvt_scalar_dp/x_aq_vdsp_64_bit_ff1/b_sign_7,0,0.0,0.0,0.0,0.0,,0
x_aq_vpu_top/x_aq_fcnvt_top/x_aq_fcnvt_scalar_dp/x_aq_vdsp_64_bit_ff1/byte_0[7:0],0,0.0,0.0,0.0,0.0,,0
x_aq_vpu_top/x_aq_fcnvt_top/x_aq_fcnvt_scalar_dp/x_aq_vdsp_64_bit_ff1/byte_1[7:0],0,0.0,0.0,0.0,0.0,,0
x_aq_vpu_top/x_aq_fcnvt_top/x_aq_fcnvt_scalar_dp/x_aq_vdsp_64_bit_ff1/byte_2[7:0],0,0.0,0.0,0.0,0.0,,0
x_aq_vpu_top/x_aq_fcnvt_top/x_aq_fcnvt_scalar_dp/x_aq_vdsp_64_bit_ff1/byte_3[7:0],0,0.0,0.0,0.0,0.0,,0
x_aq_vpu_top/x_aq_fcnvt_top/x_aq_fcnvt_scalar_dp/x_aq_vdsp_64_bit_ff1/byte_4[7:0],0,0.0,0.0,0.0,0.0,,0
x_aq_vpu_top/x_aq_fcnvt_top/x_aq_fcnvt_scalar_dp/x_aq_vdsp_64_bit_ff1/byte_5[7:0],0,0.0,0.0,0.0,0.0,,0
x_aq_vpu_top/x_aq_fcnvt_top/x_aq_fcnvt_scalar_dp/x_aq_vdsp_64_bit_ff1/byte_6[7:0],0,0.0,0.0,0.0,0.0,,0
x_aq_vpu_top/x_aq_fcnvt_top/x_aq_fcnvt_scalar_dp/x_aq_vdsp_64_bit_ff1/byte_7[7:0],0,0.0,0.0,0.0,0.0,,0
x_aq_vpu_top/x_aq_fcnvt_top/x_aq_fcnvt_scalar_dp/x_aq_vdsp_64_bit_ff1/byte_inc[7:0],2,6.660228445835692e-05,8.099999999999998,5.5905364694654205,1.0,0.00027314006762785536,7
x_aq_vpu_top/x_aq_fcnvt_top/x_aq_fcnvt_scalar_dp/x_aq_vdsp_64_bit_ff1/byte_neg[7:0],0,0.0,0.0,0.0,0.0,,0
x_aq_vpu_top/x_aq_fcnvt_top/x_aq_fcnvt_scalar_dp/x_aq_vdsp_64_bit_ff1/byte_rem[7:0],2,6.660228445835692e-05,8.099999999999998,5.5905364694654205,1.0,0.00027314006762785536,7
x_aq_vpu_top/x_aq_fcnvt_top/x_aq_fcnvt_scalar_dp/x_aq_vdsp_64_bit_ff1/byte_zero[7:0],2,6.660228445835692e-05,8.099999999999998,5.5905364694654205,1.0,0.00027314006762785536,7
x_aq_vpu_top/x_aq_fcnvt_top/x_aq_fcnvt_scalar_dp/x_aq_vdsp_64_bit_ff1/d_sign,0,0.0,0.0,0.0,0.0,,0
x_aq_vpu_top/x_aq_fcnvt_top/x_aq_fcnvt_scalar_dp/x_aq_vdsp_64_bit_ff1/dbwd_inc[7:0],2,6.660228445835692e-05,8.099999999999998,5.5905364694654205,1.0,0.00027314006762785536,7
x_aq_vpu_top/x_aq_fcnvt_top/x_aq_fcnvt_scalar_dp/x_aq_vdsp_64_bit_ff1/ff1_0[4:0],2,6.660228445835692e-05,8.099999999999998,5.5905364694654205,1.0,0.00036716808086634315,2
x_aq_vpu_top/x_aq_fcnvt_top/x_aq_fcnvt_scalar_dp/x_aq_vdsp_64_bit_ff1/ff1_1[4:0],2,6.660228445835692e-05,8.099999999999998,5.5905364694654205,1.0,0.00036716808086634315,2
x_aq_vpu_top/x_aq_fcnvt_top/x_aq_fcnvt_scalar_dp/x_aq_vdsp_64_bit_ff1/ff1_2[4:0],2,6.660228445835692e-05,8.099999999999998,5.5905364694654205,1.0,0.00036716808086634315,2
x_aq_vpu_top/x_aq_fcnvt_top/x_aq_fcnvt_scalar_dp/x_aq_vdsp_64_bit_ff1/ff1_3[4:0],2,6.660228445835692e-05,8.099999999999998,5.5905364694654205,1.0,0.00036716808086634315,2
x_aq_vpu_top/x_aq_fcnvt_top/x_aq_fcnvt_scalar_dp/x_aq_vdsp_64_bit_ff1/ff1_4[4:0],2,6.660228445835692e-05,8.099999999999998,5.5905364694654205,1.0,0.00036716808086634315,2
x_aq_vpu_top/x_aq_fcnvt_top/x_aq_fcnvt_scalar_dp/x_aq_vdsp_64_bit_ff1/ff1_5[4:0],2,6.660228445835692e-05,8.099999999999998,5.5905364694654205,1.0,0.00036716808086634315,2
x_aq_vpu_top/x_aq_fcnvt_top/x_aq_fcnvt_scalar_dp/x_aq_vdsp_64_bit_ff1/ff1_6[4:0],2,6.660228445835692e-05,8.099999999999998,5.5905364694654205,1.0,0.00036716808086634315,2
x_aq_vpu_top/x_aq_fcnvt_top/x_aq_fcnvt_scalar_dp/x_aq_vdsp_64_bit_ff1/ff1_7[4:0],2,6.660228445835692e-05,8.099999999999998,5.5905364694654205,1.0,0.00036716808086634315,2
x_aq_vpu_top/x_aq_fcnvt_top/x_aq_fcnvt_scalar_dp/x_aq_vdsp_64_bit_ff1/h0_ff1[5:0],2,6.660228445835692e-05,8.099999999999998,5.5905364694654205,1.0,0.0002704861125581901,2
x_aq_vpu_top/x_aq_fcnvt_top/x_aq_fcnvt_scalar_dp/x_aq_vdsp_64_bit_ff1/h1_ff1[5:0],2,6.660228445835692e-05,8.099999999999998,5.5905364694654205,1.0,0.0002704861125581901,2
x_aq_vpu_top/x_aq_fcnvt_top/x_aq_fcnvt_scalar_dp/x_aq_vdsp_64_bit_ff1/h2_ff1[5:0],2,6.660228445835692e-05,8.099999999999998,5.5905364694654205,1.0,0.0002704861125581901,2
x_aq_vpu_top/x_aq_fcnvt_top/x_aq_fcnvt_scalar_dp/x_aq_vdsp_64_bit_ff1/h3_ff1[5:0],2,6.660228445835692e-05,8.099999999999998,5.5905364694654205,1.0,0.0002704861125581901,2
x_aq_vpu_top/x_aq_fcnvt_top/x_aq_fcnvt_scalar_dp/x_aq_vdsp_64_bit_ff1/h_sign_0,0,0.0,0.0,0.0,0.0,,0
x_aq_vpu_top/x_aq_fcnvt_top/x_aq_fcnvt_scalar_dp/x_aq_vdsp_64_bit_ff1/h_sign_1,0,0.0,0.0,0.0,0.0,,0
x_aq_vpu_top/x_aq_fcnvt_top/x_aq_fcnvt_scalar_dp/x_aq_vdsp_64_bit_ff1/h_sign_2,0,0.0,0.0,0.0,0.0,,0
x_aq_vpu_top/x_aq_fcnvt_top/x_aq_fcnvt_scalar_dp/x_aq_vdsp_64_bit_ff1/h_sign_3,0,0.0,0.0,0.0,0.0,,0
x_aq_vpu_top/x_aq_fcnvt_top/x_aq_fcnvt_scalar_dp/x_aq_vdsp_64_bit_ff1/half_inc[7:0],2,6.660228445835692e-05,8.099999999999998,5.5905364694654205,1.0,0.00027314006762785536,7
x_aq_vpu_top/x_aq_fcnvt_top/x_aq_fcnvt_scalar_dp/x_aq_vdsp_64_bit_ff1/src_sign[7:0],0,0.0,0.0,0.0,0.0,,0
x_aq_vpu_top/x_aq_fcnvt_top/x_aq_fcnvt_scalar_dp/x_aq_vdsp_64_bit_ff1/w_sign_0,0,0.0,0.0,0.0,0.0,,0
x_aq_vpu_top/x_aq_fcnvt_top/x_aq_fcnvt_scalar_dp/x_aq_vdsp_64_bit_ff1/w_sign_1,0,0.0,0.0,0.0,0.0,,0
x_aq_vpu_top/x_aq_fcnvt_top/x_aq_fcnvt_scalar_dp/x_aq_vdsp_64_bit_ff1/word_inc[7:0],2,6.660228445835692e-05,8.099999999999998,5.5905364694654205,1.0,0.00027314006762785536,7
x_aq_vpu_top/x_aq_fcnvt_top/x_aq_fcnvt_scalar_dp/x_aq_vdsp_64_bit_ff1/x_aq_vdsp_8_bit_ff1_0/out[4:0],2,6.660228445835692e-05,8.099999999999998,5.5905364694654205,1.0,0.00036716808086634315,2
x_aq_vpu_top/x_aq_fcnvt_top/x_aq_fcnvt_scalar_dp/x_aq_vdsp_64_bit_ff1/x_aq_vdsp_8_bit_ff1_0/rem,1,3.330114222917846e-05,8.82,6.087473044529015,1.0,-0.00040606668911224335,1
x_aq_vpu_top/x_aq_fcnvt_top/x_aq_fcnvt_scalar_dp/x_aq_vdsp_64_bit_ff1/x_aq_vdsp_8_bit_ff1_0/src[7:0],0,0.0,0.0,0.0,0.0,,0
x_aq_vpu_top/x_aq_fcnvt_top/x_aq_fcnvt_scalar_dp/x_aq_vdsp_64_bit_ff1/x_aq_vdsp_8_bit_ff1_0/zero,1,3.330114222917846e-05,8.82,6.087473044529015,1.0,-0.00040606668911224335,1
x_aq_vpu_top/x_aq_fcnvt_top/x_aq_fcnvt_scalar_dp/x_aq_vdsp_64_bit_ff1/x_aq_vdsp_8_bit_ff1_1/out[4:0],2,6.660228445835692e-05,8.099999999999998,5.5905364694654205,1.0,0.00036716808086634315,2
x_aq_vpu_top/x_aq_fcnvt_top/x_aq_fcnvt_scalar_dp/x_aq_vdsp_64_bit_ff1/x_aq_vdsp_8_bit_ff1_1/rem,1,3.330114222917846e-05,8.82,6.087473044529015,1.0,-0.00040606668911224335,1
x_aq_vpu_top/x_aq_fcnvt_top/x_aq_fcnvt_scalar_dp/x_aq_vdsp_64_bit_ff1/x_aq_vdsp_8_bit_ff1_1/src[7:0],0,0.0,0.0,0.0,0.0,,0
x_aq_vpu_top/x_aq_fcnvt_top/x_aq_fcnvt_scalar_dp/x_aq_vdsp_64_bit_ff1/x_aq_vdsp_8_bit_ff1_1/zero,1,3.330114222917846e-05,8.82,6.087473044529015,1.0,-0.00040606668911224335,1
x_aq_vpu_top/x_aq_fcnvt_top/x_aq_fcnvt_scalar_dp/x_aq_vdsp_64_bit_ff1/x_aq_vdsp_8_bit_ff1_2/out[4:0],2,6.660228445835692e-05,8.099999999999998,5.5905364694654205,1.0,0.00036716808086634315,2
x_aq_vpu_top/x_aq_fcnvt_top/x_aq_fcnvt_scalar_dp/x_aq_vdsp_64_bit_ff1/x_aq_vdsp_8_bit_ff1_2/rem,1,3.330114222917846e-05,8.82,6.087473044529015,1.0,-0.00040606668911224335,1
x_aq_vpu_top/x_aq_fcnvt_top/x_aq_fcnvt_scalar_dp/x_aq_vdsp_64_bit_ff1/x_aq_vdsp_8_bit_ff1_2/src[7:0],0,0.0,0.0,0.0,0.0,,0
x_aq_vpu_top/x_aq_fcnvt_top/x_aq_fcnvt_scalar_dp/x_aq_vdsp_64_bit_ff1/x_aq_vdsp_8_bit_ff1_2/zero,1,3.330114222917846e-05,8.82,6.087473044529015,1.0,-0.00040606668911224335,1
x_aq_vpu_top/x_aq_fcnvt_top/x_aq_fcnvt_scalar_dp/x_aq_vdsp_64_bit_ff1/x_aq_vdsp_8_bit_ff1_3/out[4:0],2,6.660228445835692e-05,8.099999999999998,5.5905364694654205,1.0,0.00036716808086634315,2
x_aq_vpu_top/x_aq_fcnvt_top/x_aq_fcnvt_scalar_dp/x_aq_vdsp_64_bit_ff1/x_aq_vdsp_8_bit_ff1_3/rem,1,3.330114222917846e-05,8.82,6.087473044529015,1.0,-0.00040606668911224335,1
x_aq_vpu_top/x_aq_fcnvt_top/x_aq_fcnvt_scalar_dp/x_aq_vdsp_64_bit_ff1/x_aq_vdsp_8_bit_ff1_3/src[7:0],0,0.0,0.0,0.0,0.0,,0
x_aq_vpu_top/x_aq_fcnvt_top/x_aq_fcnvt_scalar_dp/x_aq_vdsp_64_bit_ff1/x_aq_vdsp_8_bit_ff1_3/zero,1,3.330114222917846e-05,8.82,6.087473044529015,1.0,-0.00040606668911224335,1
x_aq_vpu_top/x_aq_fcnvt_top/x_aq_fcnvt_scalar_dp/x_aq_vdsp_64_bit_ff1/x_aq_vdsp_8_bit_ff1_4/out[4:0],2,6.660228445835692e-05,8.099999999999998,5.5905364694654205,1.0,0.00036716808086634315,2
x_aq_vpu_top/x_aq_fcnvt_top/x_aq_fcnvt_scalar_dp/x_aq_vdsp_64_bit_ff1/x_aq_vdsp_8_bit_ff1_4/rem,1,3.330114222917846e-05,8.82,6.087473044529015,1.0,-0.00040606668911224335,1
x_aq_vpu_top/x_aq_fcnvt_top/x_aq_fcnvt_scalar_dp/x_aq_vdsp_64_bit_ff1/x_aq_vdsp_8_bit_ff1_4/src[7:0],0,0.0,0.0,0.0,0.0,,0
x_aq_vpu_top/x_aq_fcnvt_top/x_aq_fcnvt_scalar_dp/x_aq_vdsp_64_bit_ff1/x_aq_vdsp_8_bit_ff1_4/zero,1,3.330114222917846e-05,8.82,6.087473044529015,1.0,-0.00040606668911224335,1
x_aq_vpu_top/x_aq_fcnvt_top/x_aq_fcnvt_scalar_dp/x_aq_vdsp_64_bit_ff1/x_aq_vdsp_8_bit_ff1_5/out[4:0],2,6.660228445835692e-05,8.099999999999998,5.5905364694654205,1.0,0.00036716808086634315,2
x_aq_vpu_top/x_aq_fcnvt_top/x_aq_fcnvt_scalar_dp/x_aq_vdsp_64_bit_ff1/x_aq_vdsp_8_bit_ff1_5/rem,1,3.330114222917846e-05,8.82,6.087473044529015,1.0,-0.00040606668911224335,1
x_aq_vpu_top/x_aq_fcnvt_top/x_aq_fcnvt_scalar_dp/x_aq_vdsp_64_bit_ff1/x_aq_vdsp_8_bit_ff1_5/src[7:0],0,0.0,0.0,0.0,0.0,,0
x_aq_vpu_top/x_aq_fcnvt_top/x_aq_fcnvt_scalar_dp/x_aq_vdsp_64_bit_ff1/x_aq_vdsp_8_bit_ff1_5/zero,1,3.330114222917846e-05,8.82,6.087473044529015,1.0,-0.00040606668911224335,1
x_aq_vpu_top/x_aq_fcnvt_top/x_aq_fcnvt_scalar_dp/x_aq_vdsp_64_bit_ff1/x_aq_vdsp_8_bit_ff1_6/out[4:0],2,6.660228445835692e-05,8.099999999999998,5.5905364694654205,1.0,0.00036716808086634315,2
x_aq_vpu_top/x_aq_fcnvt_top/x_aq_fcnvt_scalar_dp/x_aq_vdsp_64_bit_ff1/x_aq_vdsp_8_bit_ff1_6/rem,1,3.330114222917846e-05,8.82,6.087473044529015,1.0,-0.00040606668911224335,1
x_aq_vpu_top/x_aq_fcnvt_top/x_aq_fcnvt_scalar_dp/x_aq_vdsp_64_bit_ff1/x_aq_vdsp_8_bit_ff1_6/src[7:0],0,0.0,0.0,0.0,0.0,,0
x_aq_vpu_top/x_aq_fcnvt_top/x_aq_fcnvt_scalar_dp/x_aq_vdsp_64_bit_ff1/x_aq_vdsp_8_bit_ff1_6/zero,1,3.330114222917846e-05,8.82,6.087473044529015,1.0,-0.00040606668911224335,1
x_aq_vpu_top/x_aq_fcnvt_top/x_aq_fcnvt_scalar_dp/x_aq_vdsp_64_bit_ff1/x_aq_vdsp_8_bit_ff1_7/out[4:0],2,6.660228445835692e-05,8.099999999999998,5.5905364694654205,1.0,0.00036716808086634315,2
x_aq_vpu_top/x_aq_fcnvt_top/x_aq_fcnvt_scalar_dp/x_aq_vdsp_64_bit_ff1/x_aq_vdsp_8_bit_ff1_7/rem,1,3.330114222917846e-05,8.82,6.087473044529015,1.0,-0.00040606668911224335,1
x_aq_vpu_top/x_aq_fcnvt_top/x_aq_fcnvt_scalar_dp/x_aq_vdsp_64_bit_ff1/x_aq_vdsp_8_bit_ff1_7/src[7:0],0,0.0,0.0,0.0,0.0,,0
x_aq_vpu_top/x_aq_fcnvt_top/x_aq_fcnvt_scalar_dp/x_aq_vdsp_64_bit_ff1/x_aq_vdsp_8_bit_ff1_7/zero,1,3.330114222917846e-05,8.82,6.087473044529015,1.0,-0.00040606668911224335,1
x_aq_vpu_top/x_aq_fcnvt_top/x_aq_fcnvt_scalar_dp/x_aq_left_shift_64/input_l16_0_shift_cnt[3:0],0,0.0,0.0,0.0,0.0,,0
x_aq_vpu_top/x_aq_fcnvt_top/x_aq_fcnvt_scalar_dp/x_aq_left_shift_64/input_l16_1_shift_cnt[3:0],0,0.0,0.0,0.0,0.0,,0
x_aq_vpu_top/x_aq_fcnvt_top/x_aq_fcnvt_scalar_dp/x_aq_left_shift_64/input_l16_2_shift_cnt[3:0],0,0.0,0.0,0.0,0.0,,0
x_aq_vpu_top/x_aq_fcnvt_top/x_aq_fcnvt_scalar_dp/x_aq_left_shift_64/input_l16_3_shift_cnt[3:0],0,0.0,0.0,0.0,0.0,,0
x_aq_vpu_top/x_aq_fcnvt_top/x_aq_fcnvt_scalar_dp/x_aq_left_shift_64/input_l32_0_shift_cnt[4:0],0,0.0,0.0,0.0,0.0,,0
x_aq_vpu_top/x_aq_fcnvt_top/x_aq_fcnvt_scalar_dp/x_aq_left_shift_64/input_l32_1_shift_cnt[4:0],0,0.0,0.0,0.0,0.0,,0
x_aq_vpu_top/x_aq_fcnvt_top/x_aq_fcnvt_scalar_dp/x_aq_left_shift_64/input_l64_shift_cnt[5:0],0,0.0,0.0,0.0,0.0,,0
x_aq_vpu_top/x_aq_fcnvt_top/x_aq_fcnvt_scalar_dp/x_aq_left_shift_64/input_org_src[63:0],0,0.0,0.0,0.0,0.0,,0
x_aq_vpu_top/x_aq_fcnvt_top/x_aq_fcnvt_scalar_dp/x_aq_left_shift_64/input_size[2:0],0,0.0,0.0,0.0,0.0,,0
x_aq_vpu_top/x_aq_fcnvt_top/x_aq_fcnvt_scalar_dp/x_aq_left_shift_64/l16_0_shift_out_val[15:0],0,0.0,0.0,0.0,0.0,,0
x_aq_vpu_top/x_aq_fcnvt_top/x_aq_fcnvt_scalar_dp/x_aq_left_shift_64/l16_1_shift_out_val[15:0],0,0.0,0.0,0.0,0.0,,0
x_aq_vpu_top/x_aq_fcnvt_top/x_aq_fcnvt_scalar_dp/x_aq_left_shift_64/l16_2_shift_out_val[15:0],0,0.0,0.0,0.0,0.0,,0
x_aq_vpu_top/x_aq_fcnvt_top/x_aq_fcnvt_scalar_dp/x_aq_left_shift_64/l16_3_shift_out_val[15:0],0,0.0,0.0,0.0,0.0,,0
x_aq_vpu_top/x_aq_fcnvt_top/x_aq_fcnvt_scalar_dp/x_aq_left_shift_64/l32_0_shift_out_val[31:0],0,0.0,0.0,0.0,0.0,,0
x_aq_vpu_top/x_aq_fcnvt_top/x_aq_fcnvt_scalar_dp/x_aq_left_shift_64/l32_1_shift_out_val[31:0],0,0.0,0.0,0.0,0.0,,0
x_aq_vpu_top/x_aq_fcnvt_top/x_aq_fcnvt_scalar_dp/x_aq_left_shift_64/h16_shift_cnt_0[3:0],0,0.0,0.0,0.0,0.0,,0
x_aq_vpu_top/x_aq_fcnvt_top/x_aq_fcnvt_scalar_dp/x_aq_left_shift_64/h16_shift_cnt_1[3:0],0,0.0,0.0,0.0,0.0,,0
x_aq_vpu_top/x_aq_fcnvt_top/x_aq_fcnvt_scalar_dp/x_aq_left_shift_64/h16_shift_cnt_2[3:0],0,0.0,0.0,0.0,0.0,,0
x_aq_vpu_top/x_aq_fcnvt_top/x_aq_fcnvt_scalar_dp/x_aq_left_shift_64/h16_shift_cnt_3[3:0],0,0.0,0.0,0.0,0.0,,0
x_aq_vpu_top/x_aq_fcnvt_top/x_aq_fcnvt_scalar_dp/x_aq_left_shift_64/h16_shift_in_val_0[15:0],0,0.0,0.0,0.0,0.0,,0
x_aq_vpu_top/x_aq_fcnvt_top/x_aq_fcnvt_scalar_dp/x_aq_left_shift_64/h16_shift_in_val_1[15:0],0,0.0,0.0,0.0,0.0,,0
x_aq_vpu_top/x_aq_fcnvt_top/x_aq_fcnvt_scalar_dp/x_aq_left_shift_64/h16_shift_in_val_2[15:0],0,0.0,0.0,0.0,0.0,,0
x_aq_vpu_top/x_aq_fcnvt_top/x_aq_fcnvt_scalar_dp/x_aq_left_shift_64/h16_shift_in_val_3[15:0],0,0.0,0.0,0.0,0.0,,0
x_aq_vpu_top/x_aq_fcnvt_top/x_aq_fcnvt_scalar_dp/x_aq_left_shift_64/input_16,0,0.0,0.0,0.0,0.0,,0
x_aq_vpu_top/x_aq_fcnvt_top/x_aq_fcnvt_scalar_dp/x_aq_left_shift_64/input_32,0,0.0,0.0,0.0,0.0,,0
x_aq_vpu_top/x_aq_fcnvt_top/x_aq_fcnvt_scalar_dp/x_aq_left_shift_64/input_64,0,0.0,0.0,0.0,0.0,,0
x_aq_vpu_top/x_aq_fcnvt_top/x_aq_fcnvt_scalar_dp/x_aq_left_shift_64/l16_shift_result_0[31:0],0,0.0,0.0,0.0,0.0,,0
x_aq_vpu_top/x_aq_fcnvt_top/x_aq_fcnvt_scalar_dp/x_aq_left_shift_64/l16_shift_result_1[31:0],0,0.0,0.0,0.0,0.0,,0
x_aq_vpu_top/x_aq_fcnvt_top/x_aq_fcnvt_scalar_dp/x_aq_left_shift_64/l16_shift_result_2[31:0],0,0.0,0.0,0.0,0.0,,0
x_aq_vpu_top/x_aq_fcnvt_top/x_aq_fcnvt_scalar_dp/x_aq_left_shift_64/l16_shift_result_3[31:0],0,0.0,0.0,0.0,0.0,,0
x_aq_vpu_top/x_aq_fcnvt_top/x_aq_fcnvt_scalar_dp/x_aq_left_shift_64/l32_0_shift_result[47:0],0,0.0,0.0,0.0,0.0,,0
x_aq_vpu_top/x_aq_fcnvt_top/x_aq_fcnvt_scalar_dp/x_aq_left_shift_64/l32_1_shift_result[47:0],0,0.0,0.0,0.0,0.0,,0
x_aq_vpu_top/x_aq_fcnvt_top/x_aq_fcnvt_scalar_dp/x_aq_left_shift_64/shift_cnt_0_bit4,0,0.0,0.0,0.0,0.0,,0
x_aq_vpu_top/x_aq_fcnvt_top/x_aq_fcnvt_scalar_dp/x_aq_left_shift_64/shift_cnt_1_bit4,0,0.0,0.0,0.0,0.0,,0
x_aq_vpu_top/x_aq_fcnvt_top/x_aq_fcnvt_ctrl/cp0_vpu_icg_en,0,0.0,0.0,0.0,0.0,,0
x_aq_vpu_top/x_aq_fcnvt_top/x_aq_fcnvt_ctrl/cp0_yy_clk_en,1,3.330114222917846e-05,2.862,1.9753228858777825,0.0,0.004988007030259691,1
x_aq_vpu_top/x_aq_fcnvt_top/x_aq_fcnvt_ctrl/ex2_dest_l64,0,0.0,0.0,0.0,0.0,,0
x_aq_vpu_top/x_aq_fcnvt_top/x_aq_fcnvt_ctrl/fcnvt_ex1_pipe_clk,0,0.0,0.0,0.0,0.0,,0
x_aq_vpu_top/x_aq_fcnvt_top/x_aq_fcnvt_ctrl/fcnvt_ex1_pipedown,2,6.660228445835692e-05,8.55,5.901121828880168,1.0,0.17944175952243305,1
x_aq_vpu_top/x_aq_fcnvt_top/x_aq_fcnvt_ctrl/fcnvt_ex2_pipe_clk,0,0.0,0.0,0.0,0.0,,0
x_aq_vpu_top/x_aq_fcnvt_top/x_aq_fcnvt_ctrl/fcnvt_ex2_pipe_double_clk,0,0.0,0.0,0.0,0.0,,0
x_aq_vpu_top/x_aq_fcnvt_top/x_aq_fcnvt_ctrl/fcnvt_ex2_pipedown,2,6.660228445835692e-05,8.55,5.901121828880168,1.0,0.17944175952243305,1
x_aq_vpu_top/x_aq_fcnvt_top/x_aq_fcnvt_ctrl/forever_cpuclk,0,0.0,0.0,0.0,0.0,,0
x_aq_vpu_top/x_aq_fcnvt_top/x_aq_fcnvt_ctrl/ifu_vpu_warm_up,2,6.660228445835692e-05,8.55,5.901121828880168,1.0,0.17944175952243305,1
x_aq_vpu_top/x_aq_fcnvt_top/x_aq_fcnvt_ctrl/pad_yy_icg_scan_en,0,0.0,0.0,0.0,0.0,,0
x_aq_vpu_top/x_aq_fcnvt_top/x_aq_fcnvt_ctrl/vpu_group_1_xx_ex1_eu_sel[9:0],34,0.0011322388357920678,3.0589999999999997,2.111290254332682,0.7352941176470589,-0.003935442393045595,6
x_aq_vpu_top/x_aq_fcnvt_top/x_aq_fcnvt_ctrl/vpu_group_1_xx_ex1_sel,0,0.0,0.0,0.0,0.0,,0
x_aq_vpu_top/x_aq_fcnvt_top/x_aq_fcnvt_ctrl/vpu_group_1_xx_ex2_eu_sel[9:0],3,9.990342668753538e-05,5.507666666666665,3.8013347360072895,1.0,-0.006407263670766904,4
x_aq_vpu_top/x_aq_fcnvt_top/x_aq_fcnvt_ctrl/vpu_group_1_xx_ex2_sel,0,0.0,0.0,0.0,0.0,,0
x_aq_vpu_top/x_aq_fcnvt_top/x_aq_fcnvt_ctrl/vpu_group_1_xx_ex2_stall,0,0.0,0.0,0.0,0.0,,0
x_aq_vpu_top/x_aq_fcnvt_top/x_aq_fcnvt_ctrl/vpu_group_1_xx_ex3_stall,0,0.0,0.0,0.0,0.0,,0
x_aq_vpu_top/x_aq_fcnvt_top/x_aq_fcnvt_ctrl/fcnvt_ex1_vld,0,0.0,0.0,0.0,0.0,,0
x_aq_vpu_top/x_aq_fcnvt_top/x_aq_fcnvt_ctrl/fcnvt_ex2_double_pipedown,2,6.660228445835692e-05,8.55,5.901121828880168,1.0,0.17944175952243305,1
x_aq_vpu_top/x_aq_fcnvt_top/x_aq_fcnvt_ctrl/fcnvt_ex2_stall,0,0.0,0.0,0.0,0.0,,0
x_aq_vpu_top/x_aq_fcnvt_top/x_aq_fcnvt_ctrl/fcnvt_ex2_vld,0,0.0,0.0,0.0,0.0,,0
x_aq_vpu_top/x_aq_fcnvt_top/x_aq_fcnvt_ctrl/fcnvt_ex3_stall,0,0.0,0.0,0.0,0.0,,0
x_aq_vpu_top/x_aq_fcnvt_top/x_aq_fcnvt_ctrl/x_fcnvt_ex1_pipe_clk/clk_in,0,0.0,0.0,0.0,0.0,,0
x_aq_vpu_top/x_aq_fcnvt_top/x_aq_fcnvt_ctrl/x_fcnvt_ex1_pipe_clk/global_en,1,3.330114222917846e-05,2.862,1.9753228858777825,0.0,0.004988007030259691,1
x_aq_vpu_top/x_aq_fcnvt_top/x_aq_fcnvt_ctrl/x_fcnvt_ex1_pipe_clk/module_en,0,0.0,0.0,0.0,0.0,,0
x_aq_vpu_top/x_aq_fcnvt_top/x_aq_fcnvt_ctrl/x_fcnvt_ex1_pipe_clk/local_en,2,6.660228445835692e-05,8.55,5.901121828880168,1.0,0.17944175952243305,1
x_aq_vpu_top/x_aq_fcnvt_top/x_aq_fcnvt_ctrl/x_fcnvt_ex1_pipe_clk/external_en,0,0.0,0.0,0.0,0.0,,0
x_aq_vpu_top/x_aq_fcnvt_top/x_aq_fcnvt_ctrl/x_fcnvt_ex1_pipe_clk/pad_yy_icg_scan_en,0,0.0,0.0,0.0,0.0,,0
x_aq_vpu_top/x_aq_fcnvt_top/x_aq_fcnvt_ctrl/x_fcnvt_ex1_pipe_clk/clk_out,0,0.0,0.0,0.0,0.0,,0
x_aq_vpu_top/x_aq_fcnvt_top/x_aq_fcnvt_ctrl/x_fcnvt_ex1_pipe_clk/clk_en_bf_latch,2,6.660228445835692e-05,8.55,5.901121828880168,1.0,0.17944175952243305,1
x_aq_vpu_top/x_aq_fcnvt_top/x_aq_fcnvt_ctrl/x_fcnvt_ex1_pipe_clk/SE,0,0.0,0.0,0.0,0.0,,0
x_aq_vpu_top/x_aq_fcnvt_top/x_aq_fcnvt_ctrl/x_fcnvt_ex2_pipe_clk/clk_in,0,0.0,0.0,0.0,0.0,,0
x_aq_vpu_top/x_aq_fcnvt_top/x_aq_fcnvt_ctrl/x_fcnvt_ex2_pipe_clk/global_en,1,3.330114222917846e-05,2.862,1.9753228858777825,0.0,0.004988007030259691,1
x_aq_vpu_top/x_aq_fcnvt_top/x_aq_fcnvt_ctrl/x_fcnvt_ex2_pipe_clk/module_en,0,0.0,0.0,0.0,0.0,,0
x_aq_vpu_top/x_aq_fcnvt_top/x_aq_fcnvt_ctrl/x_fcnvt_ex2_pipe_clk/local_en,2,6.660228445835692e-05,8.55,5.901121828880168,1.0,0.17944175952243305,1
x_aq_vpu_top/x_aq_fcnvt_top/x_aq_fcnvt_ctrl/x_fcnvt_ex2_pipe_clk/external_en,0,0.0,0.0,0.0,0.0,,0
x_aq_vpu_top/x_aq_fcnvt_top/x_aq_fcnvt_ctrl/x_fcnvt_ex2_pipe_clk/pad_yy_icg_scan_en,0,0.0,0.0,0.0,0.0,,0
x_aq_vpu_top/x_aq_fcnvt_top/x_aq_fcnvt_ctrl/x_fcnvt_ex2_pipe_clk/clk_out,0,0.0,0.0,0.0,0.0,,0
x_aq_vpu_top/x_aq_fcnvt_top/x_aq_fcnvt_ctrl/x_fcnvt_ex2_pipe_clk/clk_en_bf_latch,2,6.660228445835692e-05,8.55,5.901121828880168,1.0,0.17944175952243305,1
x_aq_vpu_top/x_aq_fcnvt_top/x_aq_fcnvt_ctrl/x_fcnvt_ex2_pipe_clk/SE,0,0.0,0.0,0.0,0.0,,0
x_aq_vpu_top/x_aq_fcnvt_top/x_aq_fcnvt_ctrl/x_fcnvt_ex2_pipe_double_clk/clk_in,0,0.0,0.0,0.0,0.0,,0
x_aq_vpu_top/x_aq_fcnvt_top/x_aq_fcnvt_ctrl/x_fcnvt_ex2_pipe_double_clk/global_en,1,3.330114222917846e-05,2.862,1.9753228858777825,0.0,0.004988007030259691,1
x_aq_vpu_top/x_aq_fcnvt_top/x_aq_fcnvt_ctrl/x_fcnvt_ex2_pipe_double_clk/module_en,0,0.0,0.0,0.0,0.0,,0
x_aq_vpu_top/x_aq_fcnvt_top/x_aq_fcnvt_ctrl/x_fcnvt_ex2_pipe_double_clk/local_en,2,6.660228445835692e-05,8.55,5.901121828880168,1.0,0.17944175952243305,1
x_aq_vpu_top/x_aq_fcnvt_top/x_aq_fcnvt_ctrl/x_fcnvt_ex2_pipe_double_clk/external_en,0,0.0,0.0,0.0,0.0,,0
x_aq_vpu_top/x_aq_fcnvt_top/x_aq_fcnvt_ctrl/x_fcnvt_ex2_pipe_double_clk/pad_yy_icg_scan_en,0,0.0,0.0,0.0,0.0,,0
x_aq_vpu_top/x_aq_fcnvt_top/x_aq_fcnvt_ctrl/x_fcnvt_ex2_pipe_double_clk/clk_out,0,0.0,0.0,0.0,0.0,,0
x_aq_vpu_top/x_aq_fcnvt_top/x_aq_fcnvt_ctrl/x_fcnvt_ex2_pipe_double_clk/clk_en_bf_latch,2,6.660228445835692e-05,8.55,5.901121828880168,1.0,0.17944175952243305,1
x_aq_vpu_top/x_aq_fcnvt_top/x_aq_fcnvt_ctrl/x_fcnvt_ex2_pipe_double_clk/SE,0,0.0,0.0,0.0,0.0,,0
x_aq_vpu_top/x_aq_fdsu_top/cp0_vpu_icg_en,0,0.0,0.0,0.0,0.0,,0
x_aq_vpu_top/x_aq_fdsu_top/cp0_vpu_xx_bf16,0,0.0,0.0,0.0,0.0,,0
x_aq_vpu_top/x_aq_fdsu_top/cp0_vpu_xx_dqnan,0,0.0,0.0,0.0,0.0,,0
x_aq_vpu_top/x_aq_fdsu_top/cp0_yy_clk_en,1,3.330114222917846e-05,2.862,1.9753228858777825,0.0,0.004988007030259691,1
x_aq_vpu_top/x_aq_fdsu_top/cpurst_b,3,9.990342668753538e-05,1.553333333333334,1.0720946480538631,0.0,-0.0005091736528365816,1
x_aq_vpu_top/x_aq_fdsu_top/forever_cpuclk,0,0.0,0.0,0.0,0.0,,0
x_aq_vpu_top/x_aq_fdsu_top/ifu_vpu_warm_up,2,6.660228445835692e-05,8.55,5.901121828880168,1.0,0.17944175952243305,1
x_aq_vpu_top/x_aq_fdsu_top/pad_yy_icg_scan_en,0,0.0,0.0,0.0,0.0,,0
x_aq_vpu_top/x_aq_fdsu_top/rbus_vfdsu_fpr_wb_grnt,17,0.0005661194178960339,2.363882352941177,1.6315272226720223,0.47058823529411764,-0.029880920939052077,1
x_aq_vpu_top/x_aq_fdsu_top/rtu_yy_xx_async_flush,0,0.0,0.0,0.0,0.0,,0
x_aq_vpu_top/x_aq_fdsu_top/rtu_yy_xx_flush,0,0.0,0.0,0.0,0.0,,0
x_aq_vpu_top/x_aq_fdsu_top/vfdsu_rbus_fflags[4:0],1,3.330114222917846e-05,3.6799999999999997,2.539898050325031,1.0,-0.007006673318107183,1
x_aq_vpu_top/x_aq_fdsu_top/vfdsu_rbus_fflags_vld,0,0.0,0.0,0.0,0.0,,0
x_aq_vpu_top/x_aq_fdsu_top/vfdsu_rbus_fpr_wb_data[63:0],0,0.0,0.0,0.0,0.0,,0
x_aq_vpu_top/x_aq_fdsu_top/vfdsu_rbus_fpr_wb_index[4:0],0,0.0,0.0,0.0,0.0,,0
x_aq_vpu_top/x_aq_fdsu_top/vfdsu_rbus_fpr_wb_req,0,0.0,0.0,0.0,0.0,,0
x_aq_vpu_top/x_aq_fdsu_top/vfdsu_vpu_busy,0,0.0,0.0,0.0,0.0,,0
x_aq_vpu_top/x_aq_fdsu_top/vfdsu_vpu_ex1_denormal_stall,0,0.0,0.0,0.0,0.0,,0
x_aq_vpu_top/x_aq_fdsu_top/vfdsu_vpu_state_idle,1,3.330114222917846e-05,2.862,1.9753228858777825,0.0,0.004988007030259691,1
x_aq_vpu_top/x_aq_fdsu_top/vpu_group_1_xx_ex1_func[19:0],44,0.0014652502580838522,3.3622954545454546,2.320621649352368,0.7954545454545454,0.005526236953928676,10
x_aq_vpu_top/x_aq_fdsu_top/vpu_group_1_xx_ex1_rm[2:0],4,0.00013320456891671384,5.792749999999998,3.9980963127772604,1.0,0.005761307260114271,2
x_aq_vpu_top/x_aq_fdsu_top/vpu_group_1_xx_ex1_srcv0[63:0],34,0.0011322388357920678,3.199264705882353,2.2080995078652914,0.8823529411764706,-0.03007154116304795,47
x_aq_vpu_top/x_aq_fdsu_top/vpu_group_1_xx_ex1_srcv0_type[47:0],30,0.0009990342668753538,3.311833333333334,2.2857932136779304,0.8666666666666667,-0.021183319845226964,16
x_aq_vpu_top/x_aq_fdsu_top/vpu_group_1_xx_ex1_srcv1[63:0],29,0.0009657331246461754,2.7920689655172413,1.9270572070353988,0.7931034482758621,0.13330910200860932,36
x_aq_vpu_top/x_aq_fdsu_top/vpu_group_1_xx_ex1_srcv1_type[47:0],30,0.0009990342668753538,3.1294999999999997,2.1599486273076587,0.8,0.1279855292343095,16
x_aq_vpu_top/x_aq_fdsu_top/vpu_group_1_xx_ex1_vreg[6:0],32,0.0010656365513337107,2.2938125,1.5831657327611917,0.71875,0.16063759671003924,4
x_aq_vpu_top/x_aq_fdsu_top/vpu_vfdsu_ex1_sel,0,0.0,0.0,0.0,0.0,,0
x_aq_vpu_top/x_aq_fdsu_top/bhalf0_denorm_shift_num[6:0],0,0.0,0.0,0.0,0.0,,0
x_aq_vpu_top/x_aq_fdsu_top/bhalf0_denorm_shift_num_in[6:0],0,0.0,0.0,0.0,0.0,,0
x_aq_vpu_top/x_aq_fdsu_top/bhalf0_denorm_shift_val[8:0],0,0.0,0.0,0.0,0.0,,0
x_aq_vpu_top/x_aq_fdsu_top/bhalf0_denorm_to_tiny_frac,0,0.0,0.0,0.0,0.0,,0
x_aq_vpu_top/x_aq_fdsu_top/bhalf0_ex1_divisor[7:0],28,0.0009324319824169969,2.7744642857142865,1.914906638582105,0.7857142857142857,0.12802520160871803,2
x_aq_vpu_top/x_aq_fdsu_top/bhalf0_ex1_ff1_frac[6:0],0,0.0,0.0,0.0,0.0,,0
x_aq_vpu_top/x_aq_fdsu_top/bhalf0_ex1_id_frac[6:0],0,0.0,0.0,0.0,0.0,,0
x_aq_vpu_top/x_aq_fdsu_top/bhalf0_ex1_id_frac_f[6:0],0,0.0,0.0,0.0,0.0,,0
x_aq_vpu_top/x_aq_fdsu_top/bhalf0_ex1_op0_id_vld,0,0.0,0.0,0.0,0.0,,0
x_aq_vpu_top/x_aq_fdsu_top/bhalf0_ex1_op1_id_vld,0,0.0,0.0,0.0,0.0,,0
x_aq_vpu_top/x_aq_fdsu_top/bhalf0_ex1_op1_sel,0,0.0,0.0,0.0,0.0,,0
x_aq_vpu_top/x_aq_fdsu_top/bhalf0_ex1_qnan_f[7:0],0,0.0,0.0,0.0,0.0,,0
x_aq_vpu_top/x_aq_fdsu_top/bhalf0_ex1_remainder[14:0],16,0.0005328182756668553,3.3778124999999997,2.3313313541069345,0.75,0.13306753198017637,2
x_aq_vpu_top/x_aq_fdsu_top/bhalf0_ex2_result_denorm_round_add_num[7:0],0,0.0,0.0,0.0,0.0,,0
x_aq_vpu_top/x_aq_fdsu_top/bhalf0_ex3_frac_add1_op1[9:0],1,3.330114222917846e-05,10.572000000000003,7.29668537718376,1.0,-0.00423755856826886,1
x_aq_vpu_top/x_aq_fdsu_top/bhalf0_ex3_frac_final_rst[9:0],0,0.0,0.0,0.0,0.0,,0
x_aq_vpu_top/x_aq_fdsu_top/bhalf0_ex3_frac_sub1_op1[9:0],2,6.660228445835692e-05,8.099999999999998,5.5905364694654205,1.0,0.0002718104928014557,8
x_aq_vpu_top/x_aq_fdsu_top/bhalf0_ex3_frac_sub1_op2[9:0],0,0.0,0.0,0.0,0.0,,0
x_aq_vpu_top/x_aq_fdsu_top/bhalf0_ex4_qnan_f[7:0],0,0.0,0.0,0.0,0.0,,0
x_aq_vpu_top/x_aq_fdsu_top/bhalf0_remainder_nxt[14:0],0,0.0,0.0,0.0,0.0,,0
x_aq_vpu_top/x_aq_fdsu_top/ctrl_dp_ex1_save_op0,0,0.0,0.0,0.0,0.0,,0
x_aq_vpu_top/x_aq_fdsu_top/ctrl_dp_ex1_save_op0_gate,0,0.0,0.0,0.0,0.0,,0
x_aq_vpu_top/x_aq_fdsu_top/double0_denorm_shift_num[51:0],0,0.0,0.0,0.0,0.0,,0
x_aq_vpu_top/x_aq_fdsu_top/double0_denorm_shift_num_in[51:0],0,0.0,0.0,0.0,0.0,,0
x_aq_vpu_top/x_aq_fdsu_top/double0_denorm_shift_val[11:0],0,0.0,0.0,0.0,0.0,,0
x_aq_vpu_top/x_aq_fdsu_top/double0_denorm_to_tiny_frac,0,0.0,0.0,0.0,0.0,,0
x_aq_vpu_top/x_aq_fdsu_top/double0_ex1_divisor[52:0],28,0.0009324319824169969,2.7744642857142865,1.914906638582105,0.7857142857142857,0.12802520160871803,2
x_aq_vpu_top/x_aq_fdsu_top/double0_ex1_ff1_frac[51:0],0,0.0,0.0,0.0,0.0,,0
x_aq_vpu_top/x_aq_fdsu_top/double0_ex1_id_frac[51:0],0,0.0,0.0,0.0,0.0,,0
x_aq_vpu_top/x_aq_fdsu_top/double0_ex1_id_frac_f[51:0],0,0.0,0.0,0.0,0.0,,0
x_aq_vpu_top/x_aq_fdsu_top/double0_ex1_op0_id_vld,0,0.0,0.0,0.0,0.0,,0
x_aq_vpu_top/x_aq_fdsu_top/double0_ex1_op1_id_vld,0,0.0,0.0,0.0,0.0,,0
x_aq_vpu_top/x_aq_fdsu_top/double0_ex1_op1_sel,0,0.0,0.0,0.0,0.0,,0
x_aq_vpu_top/x_aq_fdsu_top/double0_ex1_qnan_f[52:0],0,0.0,0.0,0.0,0.0,,0
x_aq_vpu_top/x_aq_fdsu_top/double0_ex1_remainder[59:0],16,0.0005328182756668553,3.3778124999999997,2.3313313541069345,0.75,0.13306753198017637,2
x_aq_vpu_top/x_aq_fdsu_top/double0_ex2_result_denorm_round_add_num[52:0],0,0.0,0.0,0.0,0.0,,0
x_aq_vpu_top/x_aq_fdsu_top/double0_ex3_frac_add1_op1[54:0],1,3.330114222917846e-05,10.572000000000003,7.29668537718376,1.0,-0.00423755856826886,1
x_aq_vpu_top/x_aq_fdsu_top/double0_ex3_frac_final_rst[54:0],0,0.0,0.0,0.0,0.0,,0
x_aq_vpu_top/x_aq_fdsu_top/double0_ex3_frac_sub1_op1[54:0],2,6.660228445835692e-05,8.099999999999998,5.5905364694654205,1.0,0.0002704861125581976,53
x_aq_vpu_top/x_aq_fdsu_top/double0_ex3_frac_sub1_op2[54:0],0,0.0,0.0,0.0,0.0,,0
x_aq_vpu_top/x_aq_fdsu_top/double0_ex4_qnan_f[52:0],0,0.0,0.0,0.0,0.0,,0
x_aq_vpu_top/x_aq_fdsu_top/double0_remainder_nxt[59:0],0,0.0,0.0,0.0,0.0,,0
x_aq_vpu_top/x_aq_fdsu_top/double0_srt_remainder[59:0],0,0.0,0.0,0.0,0.0,,0
x_aq_vpu_top/x_aq_fdsu_top/double0_srt_remainder_add1_op1[59:0],2,6.660228445835692e-05,9.846,6.795607663994635,1.0,-0.001818338626010619,59
x_aq_vpu_top/x_aq_fdsu_top/double0_srt_remainder_add1_op2[59:0],1,3.330114222917846e-05,8.82,6.087473044529015,1.0,-0.00040606668911224335,1
x_aq_vpu_top/x_aq_fdsu_top/double0_srt_remainder_add2_op1[59:0],2,6.660228445835692e-05,9.846,6.795607663994635,1.0,-0.001818338626010619,59
x_aq_vpu_top/x_aq_fdsu_top/double0_srt_remainder_add2_op2[59:0],1,3.330114222917846e-05,8.82,6.087473044529015,1.0,-0.00040606668911224335,1
x_aq_vpu_top/x_aq_fdsu_top/double0_srt_remainder_shift[59:0],0,0.0,0.0,0.0,0.0,,0
x_aq_vpu_top/x_aq_fdsu_top/double0_total_qt_rt[57:0],0,0.0,0.0,0.0,0.0,,0
x_aq_vpu_top/x_aq_fdsu_top/double0_total_qt_rt_minus_next[57:0],2,6.660228445835692e-05,9.846,6.795607663994635,1.0,-0.001818338626010649,2
x_aq_vpu_top/x_aq_fdsu_top/double0_total_qt_rt_next[57:0],0,0.0,0.0,0.0,0.0,,0
x_aq_vpu_top/x_aq_fdsu_top/double_pipe0_cur_rem_1[59:0],0,0.0,0.0,0.0,0.0,,0
x_aq_vpu_top/x_aq_fdsu_top/double_pipe0_cur_rem_2[59:0],0,0.0,0.0,0.0,0.0,,0
x_aq_vpu_top/x_aq_fdsu_top/double_pipe0_ex1_expnt_adder_op1[12:0],0,0.0,0.0,0.0,0.0,,0
x_aq_vpu_top/x_aq_fdsu_top/double_pipe0_ex1_ff1_sel_op1,0,0.0,0.0,0.0,0.0,,0
x_aq_vpu_top/x_aq_fdsu_top/double_pipe0_ex1_op0_cnan,0,0.0,0.0,0.0,0.0,,0
x_aq_vpu_top/x_aq_fdsu_top/double_pipe0_ex1_op0_id_expnt_neg[12:0],0,0.0,0.0,0.0,0.0,,0
x_aq_vpu_top/x_aq_fdsu_top/double_pipe0_ex1_op0_inf,0,0.0,0.0,0.0,0.0,,0
x_aq_vpu_top/x_aq_fdsu_top/double_pipe0_ex1_op0_qnan,4,0.00013320456891671384,4.833999999999999,3.3363769498019558,1.0,-0.020098632563824027,1
x_aq_vpu_top/x_aq_fdsu_top/double_pipe0_ex1_op0_snan,0,0.0,0.0,0.0,0.0,,0
x_aq_vpu_top/x_aq_fdsu_top/double_pipe0_ex1_op0_zero,0,0.0,0.0,0.0,0.0,,0
x_aq_vpu_top/x_aq_fdsu_top/double_pipe0_ex1_op1_cnan,0,0.0,0.0,0.0,0.0,,0
x_aq_vpu_top/x_aq_fdsu_top/double_pipe0_ex1_op1_id_expnt_neg[12:0],0,0.0,0.0,0.0,0.0,,0
x_aq_vpu_top/x_aq_fdsu_top/double_pipe0_ex1_op1_inf,0,0.0,0.0,0.0,0.0,,0
x_aq_vpu_top/x_aq_fdsu_top/double_pipe0_ex1_op1_qnan,0,0.0,0.0,0.0,0.0,,0
x_aq_vpu_top/x_aq_fdsu_top/double_pipe0_ex1_op1_sel,0,0.0,0.0,0.0,0.0,,0
x_aq_vpu_top/x_aq_fdsu_top/double_pipe0_ex1_op1_snan,0,0.0,0.0,0.0,0.0,,0
x_aq_vpu_top/x_aq_fdsu_top/double_pipe0_ex1_op1_zero,0,0.0,0.0,0.0,0.0,,0
x_aq_vpu_top/x_aq_fdsu_top/double_pipe0_ex1_result_qnan,0,0.0,0.0,0.0,0.0,,0
x_aq_vpu_top/x_aq_fdsu_top/double_pipe0_ex1_save_op0,0,0.0,0.0,0.0,0.0,,0
x_aq_vpu_top/x_aq_fdsu_top/double_pipe0_ex1_srt_skip,0,0.0,0.0,0.0,0.0,,0
x_aq_vpu_top/x_aq_fdsu_top/double_pipe0_ex2_expnt_adder_op1[12:0],0,0.0,0.0,0.0,0.0,,0
x_aq_vpu_top/x_aq_fdsu_top/double_pipe0_ex2_of,0,0.0,0.0,0.0,0.0,,0
x_aq_vpu_top/x_aq_fdsu_top/double_pipe0_ex2_uf_srt_skip,0,0.0,0.0,0.0,0.0,,0
x_aq_vpu_top/x_aq_fdsu_top/double_pipe0_ex3_result_denorm_round_add_num[52:0],0,0.0,0.0,0.0,0.0,,0
x_aq_vpu_top/x_aq_fdsu_top/double_pipe0_ex4_expt[4:0],1,3.330114222917846e-05,10.572000000000003,7.29668537718376,1.0,-0.00423755856826886,1
x_aq_vpu_top/x_aq_fdsu_top/double_pipe0_ex4_result[63:0],0,0.0,0.0,0.0,0.0,,0
x_aq_vpu_top/x_aq_fdsu_top/double_pipe0_fdsu_ex4_frac[54:0],0,0.0,0.0,0.0,0.0,,0
x_aq_vpu_top/x_aq_fdsu_top/double_pipe0_frac_add1_rst[54:0],0,0.0,0.0,0.0,0.0,,0
x_aq_vpu_top/x_aq_fdsu_top/double_pipe0_frac_sub1_rst[54:0],0,0.0,0.0,0.0,0.0,,0
x_aq_vpu_top/x_aq_fdsu_top/double_pipe0_op0_ff1_cnt[12:0],0,0.0,0.0,0.0,0.0,,0
x_aq_vpu_top/x_aq_fdsu_top/double_pipe0_op0_id_expnt[12:0],0,0.0,0.0,0.0,0.0,,0
x_aq_vpu_top/x_aq_fdsu_top/double_pipe0_oper0[63:0],34,0.0011322388357920678,3.199264705882353,2.2080995078652914,0.8823529411764706,-0.03007154116304795,47
x_aq_vpu_top/x_aq_fdsu_top/double_pipe0_oper1[63:0],29,0.0009657331246461754,2.7920689655172413,1.9270572070353988,0.7931034482758621,0.13330910200860932,36
x_aq_vpu_top/x_aq_fdsu_top/double_pipe0_qt_rt_const_shift_std[57:0],2,6.660228445835692e-05,8.099999999999998,5.5905364694654205,1.0,0.0002704861125581901,2
x_aq_vpu_top/x_aq_fdsu_top/double_pipe0_save_op0_neg_expnt,0,0.0,0.0,0.0,0.0,,0
x_aq_vpu_top/x_aq_fdsu_top/double_pipe0_srt_divisor[52:0],0,0.0,0.0,0.0,0.0,,0
x_aq_vpu_top/x_aq_fdsu_top/double_pipe0_srt_remainder[59:0],0,0.0,0.0,0.0,0.0,,0
x_aq_vpu_top/x_aq_fdsu_top/double_pipe0_srt_remainder_zero,1,3.330114222917846e-05,10.872,7.503742283460255,1.0,-0.003229515705865712,1
x_aq_vpu_top/x_aq_fdsu_top/double_pipe0_total_qt_rt[57:0],0,0.0,0.0,0.0,0.0,,0
x_aq_vpu_top/x_aq_fdsu_top/double_pipe0_total_qt_rt_minus[57:0],0,0.0,0.0,0.0,0.0,,0
x_aq_vpu_top/x_aq_fdsu_top/dp_ctrl_ex1_bhalf,0,0.0,0.0,0.0,0.0,,0
x_aq_vpu_top/x_aq_fdsu_top/dp_ctrl_ex1_div,16,0.0005328182756668553,1.8413125000000001,1.2708548991274753,0.5625,0.010167585006082027,1
x_aq_vpu_top/x_aq_fdsu_top/dp_ctrl_ex1_double,15,0.0004995171334376769,3.116266666666667,2.1508151171085736,0.8,-0.01819696689905232,1
x_aq_vpu_top/x_aq_fdsu_top/dp_ctrl_ex1_half,0,0.0,0.0,0.0,0.0,,0
x_aq_vpu_top/x_aq_fdsu_top/dp_ctrl_ex1_single,0,0.0,0.0,0.0,0.0,,0
x_aq_vpu_top/x_aq_fdsu_top/dp_xx_ex1_rm[2:0],4,0.00013320456891671384,5.792749999999998,3.9980963127772604,1.0,0.005761307260114271,2
x_aq_vpu_top/x_aq_fdsu_top/ex1_bhalf,0,0.0,0.0,0.0,0.0,,0
x_aq_vpu_top/x_aq_fdsu_top/ex1_bhalf0_op0_id,0,0.0,0.0,0.0,0.0,,0
x_aq_vpu_top/x_aq_fdsu_top/ex1_bhalf0_op1_id,0,0.0,0.0,0.0,0.0,,0
x_aq_vpu_top/x_aq_fdsu_top/ex1_div,16,0.0005328182756668553,1.8413125000000001,1.2708548991274753,0.5625,0.010167585006082027,1
x_aq_vpu_top/x_aq_fdsu_top/ex1_double,15,0.0004995171334376769,3.116266666666667,2.1508151171085736,0.8,-0.01819696689905232,1
x_aq_vpu_top/x_aq_fdsu_top/ex1_double0_op0_id,0,0.0,0.0,0.0,0.0,,0
x_aq_vpu_top/x_aq_fdsu_top/ex1_double0_op1_id,0,0.0,0.0,0.0,0.0,,0
x_aq_vpu_top/x_aq_fdsu_top/ex1_f16,0,0.0,0.0,0.0,0.0,,0
x_aq_vpu_top/x_aq_fdsu_top/ex1_half,0,0.0,0.0,0.0,0.0,,0
x_aq_vpu_top/x_aq_fdsu_top/ex1_half0_op0_id,0,0.0,0.0,0.0,0.0,,0
x_aq_vpu_top/x_aq_fdsu_top/ex1_half0_op1_id,0,0.0,0.0,0.0,0.0,,0
x_aq_vpu_top/x_aq_fdsu_top/ex1_pipe_clk,0,0.0,0.0,0.0,0.0,,0
x_aq_vpu_top/x_aq_fdsu_top/ex1_pipedown,2,6.660228445835692e-05,8.55,5.901121828880168,1.0,0.17944175952243305,1
x_aq_vpu_top/x_aq_fdsu_top/ex1_pipedown_gate,2,6.660228445835692e-05,8.55,5.901121828880168,1.0,0.17944175952243305,1
x_aq_vpu_top/x_aq_fdsu_top/ex1_save_ff1_op1_id,0,0.0,0.0,0.0,0.0,,0
x_aq_vpu_top/x_aq_fdsu_top/ex1_single,0,0.0,0.0,0.0,0.0,,0
x_aq_vpu_top/x_aq_fdsu_top/ex1_single0_op0_id,0,0.0,0.0,0.0,0.0,,0
x_aq_vpu_top/x_aq_fdsu_top/ex1_single0_op1_id,0,0.0,0.0,0.0,0.0,,0
x_aq_vpu_top/x_aq_fdsu_top/ex1_sqrt,0,0.0,0.0,0.0,0.0,,0
x_aq_vpu_top/x_aq_fdsu_top/ex2_pipe_clk,0,0.0,0.0,0.0,0.0,,0
x_aq_vpu_top/x_aq_fdsu_top/ex2_pipedown,2,6.660228445835692e-05,8.55,5.901121828880168,1.0,0.17944175952243305,1
x_aq_vpu_top/x_aq_fdsu_top/ex2_srt_first_round,0,0.0,0.0,0.0,0.0,,0
x_aq_vpu_top/x_aq_fdsu_top/ex3_pipedown,2,6.660228445835692e-05,8.55,5.901121828880168,1.0,0.17944175952243305,1
x_aq_vpu_top/x_aq_fdsu_top/ex4_pipe_clk,0,0.0,0.0,0.0,0.0,,0
x_aq_vpu_top/x_aq_fdsu_top/ex4_pipedown,2,6.660228445835692e-05,8.55,5.901121828880168,1.0,0.17944175952243305,1
x_aq_vpu_top/x_aq_fdsu_top/expnt_rst_clk,0,0.0,0.0,0.0,0.0,,0
x_aq_vpu_top/x_aq_fdsu_top/fdsu_ex1_sel,0,0.0,0.0,0.0,0.0,,0
x_aq_vpu_top/x_aq_fdsu_top/fdsu_ex2_bhalf,0,0.0,0.0,0.0,0.0,,0
x_aq_vpu_top/x_aq_fdsu_top/fdsu_ex2_div,1,3.330114222917846e-05,10.872,7.503742283460255,1.0,-0.003229515705865712,1
x_aq_vpu_top/x_aq_fdsu_top/fdsu_ex2_double,0,0.0,0.0,0.0,0.0,,0
x_aq_vpu_top/x_aq_fdsu_top/fdsu_ex2_half,0,0.0,0.0,0.0,0.0,,0
x_aq_vpu_top/x_aq_fdsu_top/fdsu_ex2_single,0,0.0,0.0,0.0,0.0,,0
x_aq_vpu_top/x_aq_fdsu_top/fdsu_ex2_sqrt,0,0.0,0.0,0.0,0.0,,0
x_aq_vpu_top/x_aq_fdsu_top/fdsu_ex3_bhalf,0,0.0,0.0,0.0,0.0,,0
x_aq_vpu_top/x_aq_fdsu_top/fdsu_ex3_double,0,0.0,0.0,0.0,0.0,,0
x_aq_vpu_top/x_aq_fdsu_top/fdsu_ex3_half,0,0.0,0.0,0.0,0.0,,0
x_aq_vpu_top/x_aq_fdsu_top/fdsu_ex3_single,0,0.0,0.0,0.0,0.0,,0
x_aq_vpu_top/x_aq_fdsu_top/fdsu_ex4_bhalf,0,0.0,0.0,0.0,0.0,,0
x_aq_vpu_top/x_aq_fdsu_top/fdsu_ex4_double,0,0.0,0.0,0.0,0.0,,0
x_aq_vpu_top/x_aq_fdsu_top/fdsu_ex4_half,0,0.0,0.0,0.0,0.0,,0
x_aq_vpu_top/x_aq_fdsu_top/fdsu_ex4_single,0,0.0,0.0,0.0,0.0,,0
x_aq_vpu_top/x_aq_fdsu_top/fdsu_yy_rm[2:0],2,6.660228445835692e-05,9.846,6.795607663994635,1.0,-0.001818338626010649,2
x_aq_vpu_top/x_aq_fdsu_top/half0_denorm_shift_num[9:0],0,0.0,0.0,0.0,0.0,,0
x_aq_vpu_top/x_aq_fdsu_top/half0_denorm_shift_num_in[9:0],0,0.0,0.0,0.0,0.0,,0
x_aq_vpu_top/x_aq_fdsu_top/half0_denorm_shift_val[5:0],0,0.0,0.0,0.0,0.0,,0
x_aq_vpu_top/x_aq_fdsu_top/half0_denorm_to_tiny_frac,0,0.0,0.0,0.0,0.0,,0
x_aq_vpu_top/x_aq_fdsu_top/half0_ex1_divisor[10:0],28,0.0009324319824169969,2.7744642857142865,1.914906638582105,0.7857142857142857,0.12802520160871803,2
x_aq_vpu_top/x_aq_fdsu_top/half0_ex1_ff1_frac[9:0],0,0.0,0.0,0.0,0.0,,0
x_aq_vpu_top/x_aq_fdsu_top/half0_ex1_id_frac[9:0],0,0.0,0.0,0.0,0.0,,0
x_aq_vpu_top/x_aq_fdsu_top/half0_ex1_id_frac_f[9:0],0,0.0,0.0,0.0,0.0,,0
x_aq_vpu_top/x_aq_fdsu_top/half0_ex1_op0_id_vld,0,0.0,0.0,0.0,0.0,,0
x_aq_vpu_top/x_aq_fdsu_top/half0_ex1_op1_id_vld,0,0.0,0.0,0.0,0.0,,0
x_aq_vpu_top/x_aq_fdsu_top/half0_ex1_op1_sel,0,0.0,0.0,0.0,0.0,,0
x_aq_vpu_top/x_aq_fdsu_top/half0_ex1_qnan_f[10:0],0,0.0,0.0,0.0,0.0,,0
x_aq_vpu_top/x_aq_fdsu_top/half0_ex1_remainder[18:0],16,0.0005328182756668553,3.3778124999999997,2.3313313541069345,0.75,0.13306753198017637,2
x_aq_vpu_top/x_aq_fdsu_top/half0_ex2_result_denorm_round_add_num[10:0],0,0.0,0.0,0.0,0.0,,0
x_aq_vpu_top/x_aq_fdsu_top/half0_ex3_frac_add1_op1[12:0],1,3.330114222917846e-05,10.572000000000003,7.29668537718376,1.0,-0.00423755856826886,1
x_aq_vpu_top/x_aq_fdsu_top/half0_ex3_frac_final_rst[12:0],0,0.0,0.0,0.0,0.0,,0
x_aq_vpu_top/x_aq_fdsu_top/half0_ex3_frac_sub1_op1[12:0],2,6.660228445835692e-05,8.099999999999998,5.5905364694654205,1.0,0.0002706513770505547,11
x_aq_vpu_top/x_aq_fdsu_top/half0_ex3_frac_sub1_op2[12:0],0,0.0,0.0,0.0,0.0,,0
x_aq_vpu_top/x_aq_fdsu_top/half0_ex4_qnan_f[10:0],0,0.0,0.0,0.0,0.0,,0
x_aq_vpu_top/x_aq_fdsu_top/half0_remainder_nxt[18:0],0,0.0,0.0,0.0,0.0,,0
x_aq_vpu_top/x_aq_fdsu_top/half0_total_qt_rt[15:0],0,0.0,0.0,0.0,0.0,,0
x_aq_vpu_top/x_aq_fdsu_top/half0_total_qt_rt_minus_next[15:0],2,6.660228445835692e-05,9.846,6.795607663994635,1.0,-0.001818338626010649,2
x_aq_vpu_top/x_aq_fdsu_top/half0_total_qt_rt_next[15:0],0,0.0,0.0,0.0,0.0,,0
x_aq_vpu_top/x_aq_fdsu_top/single0_denorm_shift_num[22:0],0,0.0,0.0,0.0,0.0,,0
x_aq_vpu_top/x_aq_fdsu_top/single0_denorm_shift_num_in[22:0],0,0.0,0.0,0.0,0.0,,0
x_aq_vpu_top/x_aq_fdsu_top/single0_denorm_shift_val[8:0],0,0.0,0.0,0.0,0.0,,0
x_aq_vpu_top/x_aq_fdsu_top/single0_denorm_to_tiny_frac,0,0.0,0.0,0.0,0.0,,0
x_aq_vpu_top/x_aq_fdsu_top/single0_ex1_divisor[23:0],28,0.0009324319824169969,2.7744642857142865,1.914906638582105,0.7857142857142857,0.12802520160871803,2
x_aq_vpu_top/x_aq_fdsu_top/single0_ex1_ff1_frac[22:0],0,0.0,0.0,0.0,0.0,,0
x_aq_vpu_top/x_aq_fdsu_top/single0_ex1_id_frac[22:0],0,0.0,0.0,0.0,0.0,,0
x_aq_vpu_top/x_aq_fdsu_top/single0_ex1_id_frac_f[22:0],0,0.0,0.0,0.0,0.0,,0
x_aq_vpu_top/x_aq_fdsu_top/single0_ex1_op0_id_vld,0,0.0,0.0,0.0,0.0,,0
x_aq_vpu_top/x_aq_fdsu_top/single0_ex1_op1_id_vld,0,0.0,0.0,0.0,0.0,,0
x_aq_vpu_top/x_aq_fdsu_top/single0_ex1_op1_sel,0,0.0,0.0,0.0,0.0,,0
x_aq_vpu_top/x_aq_fdsu_top/single0_ex1_qnan_f[23:0],0,0.0,0.0,0.0,0.0,,0
x_aq_vpu_top/x_aq_fdsu_top/single0_ex1_remainder[30:0],16,0.0005328182756668553,3.3778124999999997,2.3313313541069345,0.75,0.13306753198017637,2
x_aq_vpu_top/x_aq_fdsu_top/single0_ex2_result_denorm_round_add_num[23:0],0,0.0,0.0,0.0,0.0,,0
x_aq_vpu_top/x_aq_fdsu_top/single0_ex3_frac_add1_op1[25:0],1,3.330114222917846e-05,10.572000000000003,7.29668537718376,1.0,-0.00423755856826886,1
x_aq_vpu_top/x_aq_fdsu_top/single0_ex3_frac_final_rst[25:0],0,0.0,0.0,0.0,0.0,,0
x_aq_vpu_top/x_aq_fdsu_top/single0_ex3_frac_sub1_op1[25:0],2,6.660228445835692e-05,8.099999999999998,5.5905364694654205,1.0,0.00027048613272718006,24
x_aq_vpu_top/x_aq_fdsu_top/single0_ex3_frac_sub1_op2[25:0],0,0.0,0.0,0.0,0.0,,0
x_aq_vpu_top/x_aq_fdsu_top/single0_ex4_qnan_f[23:0],0,0.0,0.0,0.0,0.0,,0
x_aq_vpu_top/x_aq_fdsu_top/single0_remainder_nxt[30:0],0,0.0,0.0,0.0,0.0,,0
x_aq_vpu_top/x_aq_fdsu_top/single0_total_qt_rt[27:0],0,0.0,0.0,0.0,0.0,,0
x_aq_vpu_top/x_aq_fdsu_top/single0_total_qt_rt_minus_next[27:0],2,6.660228445835692e-05,9.846,6.795607663994635,1.0,-0.001818338626010649,2
x_aq_vpu_top/x_aq_fdsu_top/single0_total_qt_rt_next[27:0],0,0.0,0.0,0.0,0.0,,0
x_aq_vpu_top/x_aq_fdsu_top/srt_sm_on,0,0.0,0.0,0.0,0.0,,0
x_aq_vpu_top/x_aq_fdsu_top/x_aq_fdsu_double/bhalf0_denorm_shift_num[6:0],0,0.0,0.0,0.0,0.0,,0
x_aq_vpu_top/x_aq_fdsu_top/x_aq_fdsu_double/bhalf0_denorm_shift_num_in[6:0],0,0.0,0.0,0.0,0.0,,0
x_aq_vpu_top/x_aq_fdsu_top/x_aq_fdsu_double/bhalf0_denorm_shift_val[8:0],0,0.0,0.0,0.0,0.0,,0
x_aq_vpu_top/x_aq_fdsu_top/x_aq_fdsu_double/bhalf0_denorm_to_tiny_frac,0,0.0,0.0,0.0,0.0,,0
x_aq_vpu_top/x_aq_fdsu_top/x_aq_fdsu_double/bhalf0_ex1_divisor[7:0],28,0.0009324319824169969,2.7744642857142865,1.914906638582105,0.7857142857142857,0.12802520160871803,2
x_aq_vpu_top/x_aq_fdsu_top/x_aq_fdsu_double/bhalf0_ex1_ff1_frac[6:0],0,0.0,0.0,0.0,0.0,,0
x_aq_vpu_top/x_aq_fdsu_top/x_aq_fdsu_double/bhalf0_ex1_id_frac[6:0],0,0.0,0.0,0.0,0.0,,0
x_aq_vpu_top/x_aq_fdsu_top/x_aq_fdsu_double/bhalf0_ex1_id_frac_f[6:0],0,0.0,0.0,0.0,0.0,,0
x_aq_vpu_top/x_aq_fdsu_top/x_aq_fdsu_double/bhalf0_ex1_op0_id_vld,0,0.0,0.0,0.0,0.0,,0
x_aq_vpu_top/x_aq_fdsu_top/x_aq_fdsu_double/bhalf0_ex1_op1_id_vld,0,0.0,0.0,0.0,0.0,,0
x_aq_vpu_top/x_aq_fdsu_top/x_aq_fdsu_double/bhalf0_ex1_op1_sel,0,0.0,0.0,0.0,0.0,,0
x_aq_vpu_top/x_aq_fdsu_top/x_aq_fdsu_double/bhalf0_ex1_qnan_f[7:0],0,0.0,0.0,0.0,0.0,,0
x_aq_vpu_top/x_aq_fdsu_top/x_aq_fdsu_double/bhalf0_ex1_remainder[14:0],16,0.0005328182756668553,3.3778124999999997,2.3313313541069345,0.75,0.13306753198017637,2
x_aq_vpu_top/x_aq_fdsu_top/x_aq_fdsu_double/bhalf0_ex2_result_denorm_round_add_num[7:0],0,0.0,0.0,0.0,0.0,,0
x_aq_vpu_top/x_aq_fdsu_top/x_aq_fdsu_double/bhalf0_ex3_frac_add1_op1[9:0],1,3.330114222917846e-05,10.572000000000003,7.29668537718376,1.0,-0.00423755856826886,1
x_aq_vpu_top/x_aq_fdsu_top/x_aq_fdsu_double/bhalf0_ex3_frac_final_rst[9:0],0,0.0,0.0,0.0,0.0,,0
x_aq_vpu_top/x_aq_fdsu_top/x_aq_fdsu_double/bhalf0_ex3_frac_sub1_op1[9:0],2,6.660228445835692e-05,8.099999999999998,5.5905364694654205,1.0,0.0002718104928014557,8
x_aq_vpu_top/x_aq_fdsu_top/x_aq_fdsu_double/bhalf0_ex3_frac_sub1_op2[9:0],0,0.0,0.0,0.0,0.0,,0
x_aq_vpu_top/x_aq_fdsu_top/x_aq_fdsu_double/bhalf0_ex4_qnan_f[7:0],0,0.0,0.0,0.0,0.0,,0
x_aq_vpu_top/x_aq_fdsu_top/x_aq_fdsu_double/bhalf0_remainder_nxt[14:0],0,0.0,0.0,0.0,0.0,,0
x_aq_vpu_top/x_aq_fdsu_top/x_aq_fdsu_double/cp0_vpu_icg_en,0,0.0,0.0,0.0,0.0,,0
x_aq_vpu_top/x_aq_fdsu_top/x_aq_fdsu_double/cp0_vpu_xx_dqnan,0,0.0,0.0,0.0,0.0,,0
x_aq_vpu_top/x_aq_fdsu_top/x_aq_fdsu_double/cp0_yy_clk_en,1,3.330114222917846e-05,2.862,1.9753228858777825,0.0,0.004988007030259691,1
x_aq_vpu_top/x_aq_fdsu_top/x_aq_fdsu_double/double0_denorm_shift_num[51:0],0,0.0,0.0,0.0,0.0,,0
x_aq_vpu_top/x_aq_fdsu_top/x_aq_fdsu_double/double0_denorm_shift_num_in[51:0],0,0.0,0.0,0.0,0.0,,0
x_aq_vpu_top/x_aq_fdsu_top/x_aq_fdsu_double/double0_denorm_shift_val[11:0],0,0.0,0.0,0.0,0.0,,0
x_aq_vpu_top/x_aq_fdsu_top/x_aq_fdsu_double/double0_denorm_to_tiny_frac,0,0.0,0.0,0.0,0.0,,0
x_aq_vpu_top/x_aq_fdsu_top/x_aq_fdsu_double/double0_ex1_divisor[52:0],28,0.0009324319824169969,2.7744642857142865,1.914906638582105,0.7857142857142857,0.12802520160871803,2
x_aq_vpu_top/x_aq_fdsu_top/x_aq_fdsu_double/double0_ex1_ff1_frac[51:0],0,0.0,0.0,0.0,0.0,,0
x_aq_vpu_top/x_aq_fdsu_top/x_aq_fdsu_double/double0_ex1_id_frac[51:0],0,0.0,0.0,0.0,0.0,,0
x_aq_vpu_top/x_aq_fdsu_top/x_aq_fdsu_double/double0_ex1_id_frac_f[51:0],0,0.0,0.0,0.0,0.0,,0
x_aq_vpu_top/x_aq_fdsu_top/x_aq_fdsu_double/double0_ex1_op0_id_vld,0,0.0,0.0,0.0,0.0,,0
x_aq_vpu_top/x_aq_fdsu_top/x_aq_fdsu_double/double0_ex1_op1_id_vld,0,0.0,0.0,0.0,0.0,,0
x_aq_vpu_top/x_aq_fdsu_top/x_aq_fdsu_double/double0_ex1_op1_sel,0,0.0,0.0,0.0,0.0,,0
x_aq_vpu_top/x_aq_fdsu_top/x_aq_fdsu_double/double0_ex1_qnan_f[52:0],0,0.0,0.0,0.0,0.0,,0
x_aq_vpu_top/x_aq_fdsu_top/x_aq_fdsu_double/double0_ex1_remainder[59:0],16,0.0005328182756668553,3.3778124999999997,2.3313313541069345,0.75,0.13306753198017637,2
x_aq_vpu_top/x_aq_fdsu_top/x_aq_fdsu_double/double0_ex2_result_denorm_round_add_num[52:0],0,0.0,0.0,0.0,0.0,,0
x_aq_vpu_top/x_aq_fdsu_top/x_aq_fdsu_double/double0_ex3_frac_add1_op1[54:0],1,3.330114222917846e-05,10.572000000000003,7.29668537718376,1.0,-0.00423755856826886,1
x_aq_vpu_top/x_aq_fdsu_top/x_aq_fdsu_double/double0_ex3_frac_final_rst[54:0],0,0.0,0.0,0.0,0.0,,0
x_aq_vpu_top/x_aq_fdsu_top/x_aq_fdsu_double/double0_ex3_frac_sub1_op1[54:0],2,6.660228445835692e-05,8.099999999999998,5.5905364694654205,1.0,0.0002704861125581976,53
x_aq_vpu_top/x_aq_fdsu_top/x_aq_fdsu_double/double0_ex3_frac_sub1_op2[54:0],0,0.0,0.0,0.0,0.0,,0
x_aq_vpu_top/x_aq_fdsu_top/x_aq_fdsu_double/double0_ex4_qnan_f[52:0],0,0.0,0.0,0.0,0.0,,0
x_aq_vpu_top/x_aq_fdsu_top/x_aq_fdsu_double/double0_pipe_cur_rem_1[59:0],0,0.0,0.0,0.0,0.0,,0
x_aq_vpu_top/x_aq_fdsu_top/x_aq_fdsu_double/double0_pipe_cur_rem_2[59:0],0,0.0,0.0,0.0,0.0,,0
x_aq_vpu_top/x_aq_fdsu_top/x_aq_fdsu_double/double0_pipe_ex1_expnt_adder_op1[12:0],0,0.0,0.0,0.0,0.0,,0
x_aq_vpu_top/x_aq_fdsu_top/x_aq_fdsu_double/double0_pipe_ex1_ff1_sel_op1,0,0.0,0.0,0.0,0.0,,0
x_aq_vpu_top/x_aq_fdsu_top/x_aq_fdsu_double/double0_pipe_ex1_op0_cnan,0,0.0,0.0,0.0,0.0,,0
x_aq_vpu_top/x_aq_fdsu_top/x_aq_fdsu_double/double0_pipe_ex1_op0_id_expnt_neg[12:0],0,0.0,0.0,0.0,0.0,,0
x_aq_vpu_top/x_aq_fdsu_top/x_aq_fdsu_double/double0_pipe_ex1_op0_inf,0,0.0,0.0,0.0,0.0,,0
x_aq_vpu_top/x_aq_fdsu_top/x_aq_fdsu_double/double0_pipe_ex1_op0_qnan,4,0.00013320456891671384,4.833999999999999,3.3363769498019558,1.0,-0.020098632563824027,1
x_aq_vpu_top/x_aq_fdsu_top/x_aq_fdsu_double/double0_pipe_ex1_op0_snan,0,0.0,0.0,0.0,0.0,,0
x_aq_vpu_top/x_aq_fdsu_top/x_aq_fdsu_double/double0_pipe_ex1_op0_zero,0,0.0,0.0,0.0,0.0,,0
x_aq_vpu_top/x_aq_fdsu_top/x_aq_fdsu_double/double0_pipe_ex1_op1_cnan,0,0.0,0.0,0.0,0.0,,0
x_aq_vpu_top/x_aq_fdsu_top/x_aq_fdsu_double/double0_pipe_ex1_op1_id_expnt_neg[12:0],0,0.0,0.0,0.0,0.0,,0
x_aq_vpu_top/x_aq_fdsu_top/x_aq_fdsu_double/double0_pipe_ex1_op1_inf,0,0.0,0.0,0.0,0.0,,0
x_aq_vpu_top/x_aq_fdsu_top/x_aq_fdsu_double/double0_pipe_ex1_op1_qnan,0,0.0,0.0,0.0,0.0,,0
x_aq_vpu_top/x_aq_fdsu_top/x_aq_fdsu_double/double0_pipe_ex1_op1_snan,0,0.0,0.0,0.0,0.0,,0
x_aq_vpu_top/x_aq_fdsu_top/x_aq_fdsu_double/double0_pipe_ex1_op1_zero,0,0.0,0.0,0.0,0.0,,0
x_aq_vpu_top/x_aq_fdsu_top/x_aq_fdsu_double/double0_pipe_ex1_result_qnan,0,0.0,0.0,0.0,0.0,,0
x_aq_vpu_top/x_aq_fdsu_top/x_aq_fdsu_double/double0_pipe_ex1_save_op0,0,0.0,0.0,0.0,0.0,,0
x_aq_vpu_top/x_aq_fdsu_top/x_aq_fdsu_double/double0_pipe_ex1_srt_skip,0,0.0,0.0,0.0,0.0,,0
x_aq_vpu_top/x_aq_fdsu_top/x_aq_fdsu_double/double0_pipe_ex2_expnt_adder_op1[12:0],0,0.0,0.0,0.0,0.0,,0
x_aq_vpu_top/x_aq_fdsu_top/x_aq_fdsu_double/double0_pipe_ex2_of,0,0.0,0.0,0.0,0.0,,0
x_aq_vpu_top/x_aq_fdsu_top/x_aq_fdsu_double/double0_pipe_ex2_uf_srt_skip,0,0.0,0.0,0.0,0.0,,0
x_aq_vpu_top/x_aq_fdsu_top/x_aq_fdsu_double/double0_pipe_ex3_result_denorm_round_add_num[52:0],0,0.0,0.0,0.0,0.0,,0
x_aq_vpu_top/x_aq_fdsu_top/x_aq_fdsu_double/double0_pipe_ex4_expt[4:0],1,3.330114222917846e-05,10.572000000000003,7.29668537718376,1.0,-0.00423755856826886,1
x_aq_vpu_top/x_aq_fdsu_top/x_aq_fdsu_double/double0_pipe_ex4_result[63:0],0,0.0,0.0,0.0,0.0,,0
x_aq_vpu_top/x_aq_fdsu_top/x_aq_fdsu_double/double0_pipe_fdsu_ex4_frac[54:0],0,0.0,0.0,0.0,0.0,,0
x_aq_vpu_top/x_aq_fdsu_top/x_aq_fdsu_double/double0_pipe_frac_add1_rst[54:0],0,0.0,0.0,0.0,0.0,,0
x_aq_vpu_top/x_aq_fdsu_top/x_aq_fdsu_double/double0_pipe_frac_sub1_rst[54:0],0,0.0,0.0,0.0,0.0,,0
x_aq_vpu_top/x_aq_fdsu_top/x_aq_fdsu_double/double0_pipe_op0_ff1_cnt[12:0],0,0.0,0.0,0.0,0.0,,0
x_aq_vpu_top/x_aq_fdsu_top/x_aq_fdsu_double/double0_pipe_op0_id_expnt[12:0],0,0.0,0.0,0.0,0.0,,0
x_aq_vpu_top/x_aq_fdsu_top/x_aq_fdsu_double/double0_pipe_oper0[63:0],34,0.0011322388357920678,3.199264705882353,2.2080995078652914,0.8823529411764706,-0.03007154116304795,47
x_aq_vpu_top/x_aq_fdsu_top/x_aq_fdsu_double/double0_pipe_oper1[63:0],29,0.0009657331246461754,2.7920689655172413,1.9270572070353988,0.7931034482758621,0.13330910200860932,36
x_aq_vpu_top/x_aq_fdsu_top/x_aq_fdsu_double/double0_pipe_qt_rt_const_shift_std[57:0],2,6.660228445835692e-05,8.099999999999998,5.5905364694654205,1.0,0.0002704861125581901,2
x_aq_vpu_top/x_aq_fdsu_top/x_aq_fdsu_double/double0_pipe_save_op0_neg_expnt,0,0.0,0.0,0.0,0.0,,0
x_aq_vpu_top/x_aq_fdsu_top/x_aq_fdsu_double/double0_pipe_srt_divisor[52:0],0,0.0,0.0,0.0,0.0,,0
x_aq_vpu_top/x_aq_fdsu_top/x_aq_fdsu_double/double0_pipe_srt_remainder[59:0],0,0.0,0.0,0.0,0.0,,0
x_aq_vpu_top/x_aq_fdsu_top/x_aq_fdsu_double/double0_pipe_srt_remainder_zero,1,3.330114222917846e-05,10.872,7.503742283460255,1.0,-0.003229515705865712,1
x_aq_vpu_top/x_aq_fdsu_top/x_aq_fdsu_double/double0_pipe_total_qt_rt[57:0],0,0.0,0.0,0.0,0.0,,0
x_aq_vpu_top/x_aq_fdsu_top/x_aq_fdsu_double/double0_pipe_total_qt_rt_minus[57:0],0,0.0,0.0,0.0,0.0,,0
x_aq_vpu_top/x_aq_fdsu_top/x_aq_fdsu_double/double0_remainder_nxt[59:0],0,0.0,0.0,0.0,0.0,,0
x_aq_vpu_top/x_aq_fdsu_top/x_aq_fdsu_double/double0_srt_remainder[59:0],0,0.0,0.0,0.0,0.0,,0
x_aq_vpu_top/x_aq_fdsu_top/x_aq_fdsu_double/double0_srt_remainder_add1_op1[59:0],2,6.660228445835692e-05,9.846,6.795607663994635,1.0,-0.001818338626010619,59
x_aq_vpu_top/x_aq_fdsu_top/x_aq_fdsu_double/double0_srt_remainder_add1_op2[59:0],1,3.330114222917846e-05,8.82,6.087473044529015,1.0,-0.00040606668911224335,1
x_aq_vpu_top/x_aq_fdsu_top/x_aq_fdsu_double/double0_srt_remainder_add2_op1[59:0],2,6.660228445835692e-05,9.846,6.795607663994635,1.0,-0.001818338626010619,59
x_aq_vpu_top/x_aq_fdsu_top/x_aq_fdsu_double/double0_srt_remainder_add2_op2[59:0],1,3.330114222917846e-05,8.82,6.087473044529015,1.0,-0.00040606668911224335,1
x_aq_vpu_top/x_aq_fdsu_top/x_aq_fdsu_double/double0_srt_remainder_shift[59:0],0,0.0,0.0,0.0,0.0,,0
x_aq_vpu_top/x_aq_fdsu_top/x_aq_fdsu_double/double0_total_qt_rt[57:0],0,0.0,0.0,0.0,0.0,,0
x_aq_vpu_top/x_aq_fdsu_top/x_aq_fdsu_double/double0_total_qt_rt_minus_next[57:0],2,6.660228445835692e-05,9.846,6.795607663994635,1.0,-0.001818338626010649,2
x_aq_vpu_top/x_aq_fdsu_top/x_aq_fdsu_double/double0_total_qt_rt_next[57:0],0,0.0,0.0,0.0,0.0,,0
x_aq_vpu_top/x_aq_fdsu_top/x_aq_fdsu_double/dp_xx_ex1_rm[2:0],4,0.00013320456891671384,5.792749999999998,3.9980963127772604,1.0,0.005761307260114271,2
x_aq_vpu_top/x_aq_fdsu_top/x_aq_fdsu_double/ex1_bhalf,0,0.0,0.0,0.0,0.0,,0
x_aq_vpu_top/x_aq_fdsu_top/x_aq_fdsu_double/ex1_bhalf0_op0_id,0,0.0,0.0,0.0,0.0,,0
x_aq_vpu_top/x_aq_fdsu_top/x_aq_fdsu_double/ex1_bhalf0_op1_id,0,0.0,0.0,0.0,0.0,,0
x_aq_vpu_top/x_aq_fdsu_top/x_aq_fdsu_double/ex1_div,16,0.0005328182756668553,1.8413125000000001,1.2708548991274753,0.5625,0.010167585006082027,1
x_aq_vpu_top/x_aq_fdsu_top/x_aq_fdsu_double/ex1_double,15,0.0004995171334376769,3.116266666666667,2.1508151171085736,0.8,-0.01819696689905232,1
x_aq_vpu_top/x_aq_fdsu_top/x_aq_fdsu_double/ex1_double0_op0_id,0,0.0,0.0,0.0,0.0,,0
x_aq_vpu_top/x_aq_fdsu_top/x_aq_fdsu_double/ex1_double0_op1_id,0,0.0,0.0,0.0,0.0,,0
x_aq_vpu_top/x_aq_fdsu_top/x_aq_fdsu_double/ex1_f16,0,0.0,0.0,0.0,0.0,,0
x_aq_vpu_top/x_aq_fdsu_top/x_aq_fdsu_double/ex1_half,0,0.0,0.0,0.0,0.0,,0
x_aq_vpu_top/x_aq_fdsu_top/x_aq_fdsu_double/ex1_half0_op0_id,0,0.0,0.0,0.0,0.0,,0
x_aq_vpu_top/x_aq_fdsu_top/x_aq_fdsu_double/ex1_half0_op1_id,0,0.0,0.0,0.0,0.0,,0
x_aq_vpu_top/x_aq_fdsu_top/x_aq_fdsu_double/ex1_pipe_clk,0,0.0,0.0,0.0,0.0,,0
x_aq_vpu_top/x_aq_fdsu_top/x_aq_fdsu_double/ex1_pipedown,2,6.660228445835692e-05,8.55,5.901121828880168,1.0,0.17944175952243305,1
x_aq_vpu_top/x_aq_fdsu_top/x_aq_fdsu_double/ex1_single,0,0.0,0.0,0.0,0.0,,0
x_aq_vpu_top/x_aq_fdsu_top/x_aq_fdsu_double/ex1_single0_op0_id,0,0.0,0.0,0.0,0.0,,0
x_aq_vpu_top/x_aq_fdsu_top/x_aq_fdsu_double/ex1_single0_op1_id,0,0.0,0.0,0.0,0.0,,0
x_aq_vpu_top/x_aq_fdsu_top/x_aq_fdsu_double/ex1_sqrt,0,0.0,0.0,0.0,0.0,,0
x_aq_vpu_top/x_aq_fdsu_top/x_aq_fdsu_double/ex2_pipe_clk,0,0.0,0.0,0.0,0.0,,0
x_aq_vpu_top/x_aq_fdsu_top/x_aq_fdsu_double/ex2_pipedown,2,6.660228445835692e-05,8.55,5.901121828880168,1.0,0.17944175952243305,1
x_aq_vpu_top/x_aq_fdsu_top/x_aq_fdsu_double/ex2_srt_first_round,0,0.0,0.0,0.0,0.0,,0
x_aq_vpu_top/x_aq_fdsu_top/x_aq_fdsu_double/ex3_pipedown,2,6.660228445835692e-05,8.55,5.901121828880168,1.0,0.17944175952243305,1
x_aq_vpu_top/x_aq_fdsu_top/x_aq_fdsu_double/expnt_rst_clk,0,0.0,0.0,0.0,0.0,,0
x_aq_vpu_top/x_aq_fdsu_top/x_aq_fdsu_double/fdsu_ex1_sel,0,0.0,0.0,0.0,0.0,,0
x_aq_vpu_top/x_aq_fdsu_top/x_aq_fdsu_double/fdsu_ex2_bhalf,0,0.0,0.0,0.0,0.0,,0
x_aq_vpu_top/x_aq_fdsu_top/x_aq_fdsu_double/fdsu_ex2_div,1,3.330114222917846e-05,10.872,7.503742283460255,1.0,-0.003229515705865712,1
x_aq_vpu_top/x_aq_fdsu_top/x_aq_fdsu_double/fdsu_ex2_double,0,0.0,0.0,0.0,0.0,,0
x_aq_vpu_top/x_aq_fdsu_top/x_aq_fdsu_double/fdsu_ex2_half,0,0.0,0.0,0.0,0.0,,0
x_aq_vpu_top/x_aq_fdsu_top/x_aq_fdsu_double/fdsu_ex2_single,0,0.0,0.0,0.0,0.0,,0
x_aq_vpu_top/x_aq_fdsu_top/x_aq_fdsu_double/fdsu_ex2_sqrt,0,0.0,0.0,0.0,0.0,,0
x_aq_vpu_top/x_aq_fdsu_top/x_aq_fdsu_double/fdsu_ex3_bhalf,0,0.0,0.0,0.0,0.0,,0
x_aq_vpu_top/x_aq_fdsu_top/x_aq_fdsu_double/fdsu_ex3_double,0,0.0,0.0,0.0,0.0,,0
x_aq_vpu_top/x_aq_fdsu_top/x_aq_fdsu_double/fdsu_ex3_half,0,0.0,0.0,0.0,0.0,,0
x_aq_vpu_top/x_aq_fdsu_top/x_aq_fdsu_double/fdsu_ex3_single,0,0.0,0.0,0.0,0.0,,0
x_aq_vpu_top/x_aq_fdsu_top/x_aq_fdsu_double/fdsu_ex4_bhalf,0,0.0,0.0,0.0,0.0,,0
x_aq_vpu_top/x_aq_fdsu_top/x_aq_fdsu_double/fdsu_ex4_double,0,0.0,0.0,0.0,0.0,,0
x_aq_vpu_top/x_aq_fdsu_top/x_aq_fdsu_double/fdsu_ex4_half,0,0.0,0.0,0.0,0.0,,0
x_aq_vpu_top/x_aq_fdsu_top/x_aq_fdsu_double/fdsu_ex4_single,0,0.0,0.0,0.0,0.0,,0
x_aq_vpu_top/x_aq_fdsu_top/x_aq_fdsu_double/fdsu_yy_rm[2:0],2,6.660228445835692e-05,9.846,6.795607663994635,1.0,-0.001818338626010649,2
x_aq_vpu_top/x_aq_fdsu_top/x_aq_fdsu_double/forever_cpuclk,0,0.0,0.0,0.0,0.0,,0
x_aq_vpu_top/x_aq_fdsu_top/x_aq_fdsu_double/half0_denorm_shift_num[9:0],0,0.0,0.0,0.0,0.0,,0
x_aq_vpu_top/x_aq_fdsu_top/x_aq_fdsu_double/half0_denorm_shift_num_in[9:0],0,0.0,0.0,0.0,0.0,,0
x_aq_vpu_top/x_aq_fdsu_top/x_aq_fdsu_double/half0_denorm_shift_val[5:0],0,0.0,0.0,0.0,0.0,,0
x_aq_vpu_top/x_aq_fdsu_top/x_aq_fdsu_double/half0_denorm_to_tiny_frac,0,0.0,0.0,0.0,0.0,,0
x_aq_vpu_top/x_aq_fdsu_top/x_aq_fdsu_double/half0_ex1_divisor[10:0],28,0.0009324319824169969,2.7744642857142865,1.914906638582105,0.7857142857142857,0.12802520160871803,2
x_aq_vpu_top/x_aq_fdsu_top/x_aq_fdsu_double/half0_ex1_ff1_frac[9:0],0,0.0,0.0,0.0,0.0,,0
x_aq_vpu_top/x_aq_fdsu_top/x_aq_fdsu_double/half0_ex1_id_frac[9:0],0,0.0,0.0,0.0,0.0,,0
x_aq_vpu_top/x_aq_fdsu_top/x_aq_fdsu_double/half0_ex1_id_frac_f[9:0],0,0.0,0.0,0.0,0.0,,0
x_aq_vpu_top/x_aq_fdsu_top/x_aq_fdsu_double/half0_ex1_op0_id_vld,0,0.0,0.0,0.0,0.0,,0
x_aq_vpu_top/x_aq_fdsu_top/x_aq_fdsu_double/half0_ex1_op1_id_vld,0,0.0,0.0,0.0,0.0,,0
x_aq_vpu_top/x_aq_fdsu_top/x_aq_fdsu_double/half0_ex1_op1_sel,0,0.0,0.0,0.0,0.0,,0
x_aq_vpu_top/x_aq_fdsu_top/x_aq_fdsu_double/half0_ex1_qnan_f[10:0],0,0.0,0.0,0.0,0.0,,0
x_aq_vpu_top/x_aq_fdsu_top/x_aq_fdsu_double/half0_ex1_remainder[18:0],16,0.0005328182756668553,3.3778124999999997,2.3313313541069345,0.75,0.13306753198017637,2
x_aq_vpu_top/x_aq_fdsu_top/x_aq_fdsu_double/half0_ex2_result_denorm_round_add_num[10:0],0,0.0,0.0,0.0,0.0,,0
x_aq_vpu_top/x_aq_fdsu_top/x_aq_fdsu_double/half0_ex3_frac_add1_op1[12:0],1,3.330114222917846e-05,10.572000000000003,7.29668537718376,1.0,-0.00423755856826886,1
x_aq_vpu_top/x_aq_fdsu_top/x_aq_fdsu_double/half0_ex3_frac_final_rst[12:0],0,0.0,0.0,0.0,0.0,,0
x_aq_vpu_top/x_aq_fdsu_top/x_aq_fdsu_double/half0_ex3_frac_sub1_op1[12:0],2,6.660228445835692e-05,8.099999999999998,5.5905364694654205,1.0,0.0002706513770505547,11
x_aq_vpu_top/x_aq_fdsu_top/x_aq_fdsu_double/half0_ex3_frac_sub1_op2[12:0],0,0.0,0.0,0.0,0.0,,0
x_aq_vpu_top/x_aq_fdsu_top/x_aq_fdsu_double/half0_ex4_qnan_f[10:0],0,0.0,0.0,0.0,0.0,,0
x_aq_vpu_top/x_aq_fdsu_top/x_aq_fdsu_double/half0_remainder_nxt[18:0],0,0.0,0.0,0.0,0.0,,0
x_aq_vpu_top/x_aq_fdsu_top/x_aq_fdsu_double/half0_total_qt_rt[15:0],0,0.0,0.0,0.0,0.0,,0
x_aq_vpu_top/x_aq_fdsu_top/x_aq_fdsu_double/half0_total_qt_rt_minus_next[15:0],2,6.660228445835692e-05,9.846,6.795607663994635,1.0,-0.001818338626010649,2
x_aq_vpu_top/x_aq_fdsu_top/x_aq_fdsu_double/half0_total_qt_rt_next[15:0],0,0.0,0.0,0.0,0.0,,0
x_aq_vpu_top/x_aq_fdsu_top/x_aq_fdsu_double/pad_yy_icg_scan_en,0,0.0,0.0,0.0,0.0,,0
x_aq_vpu_top/x_aq_fdsu_top/x_aq_fdsu_double/single0_denorm_shift_num[22:0],0,0.0,0.0,0.0,0.0,,0
x_aq_vpu_top/x_aq_fdsu_top/x_aq_fdsu_double/single0_denorm_shift_num_in[22:0],0,0.0,0.0,0.0,0.0,,0
x_aq_vpu_top/x_aq_fdsu_top/x_aq_fdsu_double/single0_denorm_shift_val[8:0],0,0.0,0.0,0.0,0.0,,0
x_aq_vpu_top/x_aq_fdsu_top/x_aq_fdsu_double/single0_denorm_to_tiny_frac,0,0.0,0.0,0.0,0.0,,0
x_aq_vpu_top/x_aq_fdsu_top/x_aq_fdsu_double/single0_ex1_divisor[23:0],28,0.0009324319824169969,2.7744642857142865,1.914906638582105,0.7857142857142857,0.12802520160871803,2
x_aq_vpu_top/x_aq_fdsu_top/x_aq_fdsu_double/single0_ex1_ff1_frac[22:0],0,0.0,0.0,0.0,0.0,,0
x_aq_vpu_top/x_aq_fdsu_top/x_aq_fdsu_double/single0_ex1_id_frac[22:0],0,0.0,0.0,0.0,0.0,,0
x_aq_vpu_top/x_aq_fdsu_top/x_aq_fdsu_double/single0_ex1_id_frac_f[22:0],0,0.0,0.0,0.0,0.0,,0
x_aq_vpu_top/x_aq_fdsu_top/x_aq_fdsu_double/single0_ex1_op0_id_vld,0,0.0,0.0,0.0,0.0,,0
x_aq_vpu_top/x_aq_fdsu_top/x_aq_fdsu_double/single0_ex1_op1_id_vld,0,0.0,0.0,0.0,0.0,,0
x_aq_vpu_top/x_aq_fdsu_top/x_aq_fdsu_double/single0_ex1_op1_sel,0,0.0,0.0,0.0,0.0,,0
x_aq_vpu_top/x_aq_fdsu_top/x_aq_fdsu_double/single0_ex1_qnan_f[23:0],0,0.0,0.0,0.0,0.0,,0
x_aq_vpu_top/x_aq_fdsu_top/x_aq_fdsu_double/single0_ex1_remainder[30:0],16,0.0005328182756668553,3.3778124999999997,2.3313313541069345,0.75,0.13306753198017637,2
x_aq_vpu_top/x_aq_fdsu_top/x_aq_fdsu_double/single0_ex2_result_denorm_round_add_num[23:0],0,0.0,0.0,0.0,0.0,,0
x_aq_vpu_top/x_aq_fdsu_top/x_aq_fdsu_double/single0_ex3_frac_add1_op1[25:0],1,3.330114222917846e-05,10.572000000000003,7.29668537718376,1.0,-0.00423755856826886,1
x_aq_vpu_top/x_aq_fdsu_top/x_aq_fdsu_double/single0_ex3_frac_final_rst[25:0],0,0.0,0.0,0.0,0.0,,0
x_aq_vpu_top/x_aq_fdsu_top/x_aq_fdsu_double/single0_ex3_frac_sub1_op1[25:0],2,6.660228445835692e-05,8.099999999999998,5.5905364694654205,1.0,0.00027048613272718006,24
x_aq_vpu_top/x_aq_fdsu_top/x_aq_fdsu_double/single0_ex3_frac_sub1_op2[25:0],0,0.0,0.0,0.0,0.0,,0
x_aq_vpu_top/x_aq_fdsu_top/x_aq_fdsu_double/single0_ex4_qnan_f[23:0],0,0.0,0.0,0.0,0.0,,0
x_aq_vpu_top/x_aq_fdsu_top/x_aq_fdsu_double/single0_remainder_nxt[30:0],0,0.0,0.0,0.0,0.0,,0
x_aq_vpu_top/x_aq_fdsu_top/x_aq_fdsu_double/single0_total_qt_rt[27:0],0,0.0,0.0,0.0,0.0,,0
x_aq_vpu_top/x_aq_fdsu_top/x_aq_fdsu_double/single0_total_qt_rt_minus_next[27:0],2,6.660228445835692e-05,9.846,6.795607663994635,1.0,-0.001818338626010649,2
x_aq_vpu_top/x_aq_fdsu_top/x_aq_fdsu_double/single0_total_qt_rt_next[27:0],0,0.0,0.0,0.0,0.0,,0
x_aq_vpu_top/x_aq_fdsu_top/x_aq_fdsu_double/double0_pipe_ex1_dz,0,0.0,0.0,0.0,0.0,,0
x_aq_vpu_top/x_aq_fdsu_top/x_aq_fdsu_double/double0_pipe_ex1_expnt_adder_op0[12:0],0,0.0,0.0,0.0,0.0,,0
x_aq_vpu_top/x_aq_fdsu_top/x_aq_fdsu_double/double0_pipe_ex1_id_expnt_f[12:0],0,0.0,0.0,0.0,0.0,,0
x_aq_vpu_top/x_aq_fdsu_top/x_aq_fdsu_double/double0_pipe_ex1_nv,0,0.0,0.0,0.0,0.0,,0
x_aq_vpu_top/x_aq_fdsu_top/x_aq_fdsu_double/double0_pipe_ex1_of_result_lfn,0,0.0,0.0,0.0,0.0,,0
x_aq_vpu_top/x_aq_fdsu_top/x_aq_fdsu_double/double0_pipe_ex1_op0_norm,13,0.00043291484897932,2.830307692307692,1.9534491819326751,0.6923076923076923,-0.0077228868505686615,1
x_aq_vpu_top/x_aq_fdsu_top/x_aq_fdsu_double/double0_pipe_ex1_op1_norm,16,0.0005328182756668553,2.3358750000000006,1.612196836495376,0.8125,0.013552752795679319,1
x_aq_vpu_top/x_aq_fdsu_top/x_aq_fdsu_double/double0_pipe_ex1_result_inf,0,0.0,0.0,0.0,0.0,,0
x_aq_vpu_top/x_aq_fdsu_top/x_aq_fdsu_double/double0_pipe_ex1_result_lfn,0,0.0,0.0,0.0,0.0,,0
x_aq_vpu_top/x_aq_fdsu_top/x_aq_fdsu_double/double0_pipe_ex1_result_sign,0,0.0,0.0,0.0,0.0,,0
x_aq_vpu_top/x_aq_fdsu_top/x_aq_fdsu_double/double0_pipe_ex1_result_zero,0,0.0,0.0,0.0,0.0,,0
x_aq_vpu_top/x_aq_fdsu_top/x_aq_fdsu_double/double0_pipe_ex2_expnt_adder_op0[12:0],0,0.0,0.0,0.0,0.0,,0
x_aq_vpu_top/x_aq_fdsu_top/x_aq_fdsu_double/double0_pipe_ex2_of_rm_lfn,0,0.0,0.0,0.0,0.0,,0
x_aq_vpu_top/x_aq_fdsu_top/x_aq_fdsu_double/double0_pipe_ex2_op0_norm,1,3.330114222917846e-05,10.872,7.503742283460255,1.0,-0.003229515705865712,1
x_aq_vpu_top/x_aq_fdsu_top/x_aq_fdsu_double/double0_pipe_ex2_op1_norm,1,3.330114222917846e-05,10.872,7.503742283460255,1.0,-0.003229515705865712,1
x_aq_vpu_top/x_aq_fdsu_top/x_aq_fdsu_double/double0_pipe_ex2_potnt_of,0,0.0,0.0,0.0,0.0,,0
x_aq_vpu_top/x_aq_fdsu_top/x_aq_fdsu_double/double0_pipe_ex2_potnt_uf,0,0.0,0.0,0.0,0.0,,0
x_aq_vpu_top/x_aq_fdsu_top/x_aq_fdsu_double/double0_pipe_ex2_result_inf,0,0.0,0.0,0.0,0.0,,0
x_aq_vpu_top/x_aq_fdsu_top/x_aq_fdsu_double/double0_pipe_ex2_result_lfn,0,0.0,0.0,0.0,0.0,,0
x_aq_vpu_top/x_aq_fdsu_top/x_aq_fdsu_double/double0_pipe_ex2_rslt_denorm,0,0.0,0.0,0.0,0.0,,0
x_aq_vpu_top/x_aq_fdsu_top/x_aq_fdsu_double/double0_pipe_ex2_srt_expnt_rst[12:0],0,0.0,0.0,0.0,0.0,,0
x_aq_vpu_top/x_aq_fdsu_top/x_aq_fdsu_double/double0_pipe_ex2_uf,0,0.0,0.0,0.0,0.0,,0
x_aq_vpu_top/x_aq_fdsu_top/x_aq_fdsu_double/double0_pipe_ex3_expnt_adjust_result[12:0],0,0.0,0.0,0.0,0.0,,0
x_aq_vpu_top/x_aq_fdsu_top/x_aq_fdsu_double/double0_pipe_ex3_expnt_rst[12:0],0,0.0,0.0,0.0,0.0,,0
x_aq_vpu_top/x_aq_fdsu_top/x_aq_fdsu_double/double0_pipe_ex3_potnt_uf,0,0.0,0.0,0.0,0.0,,0
x_aq_vpu_top/x_aq_fdsu_top/x_aq_fdsu_double/double0_pipe_ex3_result_inf,0,0.0,0.0,0.0,0.0,,0
x_aq_vpu_top/x_aq_fdsu_top/x_aq_fdsu_double/double0_pipe_ex3_result_lfn,0,0.0,0.0,0.0,0.0,,0
x_aq_vpu_top/x_aq_fdsu_top/x_aq_fdsu_double/double0_pipe_ex3_result_qnan,0,0.0,0.0,0.0,0.0,,0
x_aq_vpu_top/x_aq_fdsu_top/x_aq_fdsu_double/double0_pipe_ex3_result_sign,0,0.0,0.0,0.0,0.0,,0
x_aq_vpu_top/x_aq_fdsu_top/x_aq_fdsu_double/double0_pipe_ex3_result_zero,0,0.0,0.0,0.0,0.0,,0
x_aq_vpu_top/x_aq_fdsu_top/x_aq_fdsu_double/double0_pipe_ex3_rslt_denorm,0,0.0,0.0,0.0,0.0,,0
x_aq_vpu_top/x_aq_fdsu_top/x_aq_fdsu_double/double0_pipe_ex3_rslt_denorm_in,0,0.0,0.0,0.0,0.0,,0
x_aq_vpu_top/x_aq_fdsu_top/x_aq_fdsu_double/double0_pipe_ex4_denorm_to_tiny_frac,0,0.0,0.0,0.0,0.0,,0
x_aq_vpu_top/x_aq_fdsu_top/x_aq_fdsu_double/double0_pipe_ex4_dz,0,0.0,0.0,0.0,0.0,,0
x_aq_vpu_top/x_aq_fdsu_top/x_aq_fdsu_double/double0_pipe_ex4_expnt_rst[12:0],0,0.0,0.0,0.0,0.0,,0
x_aq_vpu_top/x_aq_fdsu_top/x_aq_fdsu_double/double0_pipe_ex4_nv,0,0.0,0.0,0.0,0.0,,0
x_aq_vpu_top/x_aq_fdsu_top/x_aq_fdsu_double/double0_pipe_ex4_nx,1,3.330114222917846e-05,10.572000000000003,7.29668537718376,1.0,-0.00423755856826886,1
x_aq_vpu_top/x_aq_fdsu_top/x_aq_fdsu_double/double0_pipe_ex4_of,0,0.0,0.0,0.0,0.0,,0
x_aq_vpu_top/x_aq_fdsu_top/x_aq_fdsu_double/double0_pipe_ex4_of_rm_lfn,0,0.0,0.0,0.0,0.0,,0
x_aq_vpu_top/x_aq_fdsu_top/x_aq_fdsu_double/double0_pipe_ex4_potnt_norm[1:0],0,0.0,0.0,0.0,0.0,,0
x_aq_vpu_top/x_aq_fdsu_top/x_aq_fdsu_double/double0_pipe_ex4_potnt_of,0,0.0,0.0,0.0,0.0,,0
x_aq_vpu_top/x_aq_fdsu_top/x_aq_fdsu_double/double0_pipe_ex4_potnt_uf,0,0.0,0.0,0.0,0.0,,0
x_aq_vpu_top/x_aq_fdsu_top/x_aq_fdsu_double/double0_pipe_ex4_result_inf,0,0.0,0.0,0.0,0.0,,0
x_aq_vpu_top/x_aq_fdsu_top/x_aq_fdsu_double/double0_pipe_ex4_result_lfn,0,0.0,0.0,0.0,0.0,,0
x_aq_vpu_top/x_aq_fdsu_top/x_aq_fdsu_double/double0_pipe_ex4_result_nor,1,3.330114222917846e-05,10.572000000000003,7.29668537718376,1.0,-0.00423755856826886,1
x_aq_vpu_top/x_aq_fdsu_top/x_aq_fdsu_double/double0_pipe_ex4_result_qnan,0,0.0,0.0,0.0,0.0,,0
x_aq_vpu_top/x_aq_fdsu_top/x_aq_fdsu_double/double0_pipe_ex4_result_sign,0,0.0,0.0,0.0,0.0,,0
x_aq_vpu_top/x_aq_fdsu_top/x_aq_fdsu_double/double0_pipe_ex4_result_zero,0,0.0,0.0,0.0,0.0,,0
x_aq_vpu_top/x_aq_fdsu_top/x_aq_fdsu_double/double0_pipe_ex4_rslt_denorm,0,0.0,0.0,0.0,0.0,,0
x_aq_vpu_top/x_aq_fdsu_top/x_aq_fdsu_double/double0_pipe_ex4_uf,0,0.0,0.0,0.0,0.0,,0
x_aq_vpu_top/x_aq_fdsu_top/x_aq_fdsu_double/ex1_op0_sign,0,0.0,0.0,0.0,0.0,,0
x_aq_vpu_top/x_aq_fdsu_top/x_aq_fdsu_double/ex1_oper0[63:0],0,0.0,0.0,0.0,0.0,,0
x_aq_vpu_top/x_aq_fdsu_top/x_aq_fdsu_double/ex1_oper1[63:0],0,0.0,0.0,0.0,0.0,,0
x_aq_vpu_top/x_aq_fdsu_top/x_aq_fdsu_double/fdsu_ex3_id_srt_skip,0,0.0,0.0,0.0,0.0,,0
x_aq_vpu_top/x_aq_fdsu_top/x_aq_fdsu_double/fdsu_ex3_rem_sign,0,0.0,0.0,0.0,0.0,,0
x_aq_vpu_top/x_aq_fdsu_top/x_aq_fdsu_double/fdsu_ex3_rem_zero,1,3.330114222917846e-05,10.572000000000003,7.29668537718376,1.0,-0.00423755856826886,1
x_aq_vpu_top/x_aq_fdsu_top/x_aq_fdsu_double/x_aq_fdsu_special/bhalf0_ex1_qnan_f[7:0],0,0.0,0.0,0.0,0.0,,0
x_aq_vpu_top/x_aq_fdsu_top/x_aq_fdsu_double/x_aq_fdsu_special/cp0_vpu_xx_dqnan,0,0.0,0.0,0.0,0.0,,0
x_aq_vpu_top/x_aq_fdsu_top/x_aq_fdsu_double/x_aq_fdsu_special/double_ex1_qnan_f[52:0],0,0.0,0.0,0.0,0.0,,0
x_aq_vpu_top/x_aq_fdsu_top/x_aq_fdsu_double/x_aq_fdsu_special/double_pipe_ex1_dz,0,0.0,0.0,0.0,0.0,,0
x_aq_vpu_top/x_aq_fdsu_top/x_aq_fdsu_double/x_aq_fdsu_special/double_pipe_ex1_nv,0,0.0,0.0,0.0,0.0,,0
x_aq_vpu_top/x_aq_fdsu_top/x_aq_fdsu_double/x_aq_fdsu_special/double_pipe_ex1_op0_cnan,0,0.0,0.0,0.0,0.0,,0
x_aq_vpu_top/x_aq_fdsu_top/x_aq_fdsu_double/x_aq_fdsu_special/double_pipe_ex1_op0_inf,0,0.0,0.0,0.0,0.0,,0
x_aq_vpu_top/x_aq_fdsu_top/x_aq_fdsu_double/x_aq_fdsu_special/double_pipe_ex1_op0_norm,13,0.00043291484897932,2.830307692307692,1.9534491819326751,0.6923076923076923,-0.0077228868505686615,1
x_aq_vpu_top/x_aq_fdsu_top/x_aq_fdsu_double/x_aq_fdsu_special/double_pipe_ex1_op0_qnan,4,0.00013320456891671384,4.833999999999999,3.3363769498019558,1.0,-0.020098632563824027,1
x_aq_vpu_top/x_aq_fdsu_top/x_aq_fdsu_double/x_aq_fdsu_special/double_pipe_ex1_op0_snan,0,0.0,0.0,0.0,0.0,,0
x_aq_vpu_top/x_aq_fdsu_top/x_aq_fdsu_double/x_aq_fdsu_special/double_pipe_ex1_op0_zero,0,0.0,0.0,0.0,0.0,,0
x_aq_vpu_top/x_aq_fdsu_top/x_aq_fdsu_double/x_aq_fdsu_special/double_pipe_ex1_op1_cnan,0,0.0,0.0,0.0,0.0,,0
x_aq_vpu_top/x_aq_fdsu_top/x_aq_fdsu_double/x_aq_fdsu_special/double_pipe_ex1_op1_inf,0,0.0,0.0,0.0,0.0,,0
x_aq_vpu_top/x_aq_fdsu_top/x_aq_fdsu_double/x_aq_fdsu_special/double_pipe_ex1_op1_norm,16,0.0005328182756668553,2.3358750000000006,1.612196836495376,0.8125,0.013552752795679319,1
x_aq_vpu_top/x_aq_fdsu_top/x_aq_fdsu_double/x_aq_fdsu_special/double_pipe_ex1_op1_qnan,0,0.0,0.0,0.0,0.0,,0
x_aq_vpu_top/x_aq_fdsu_top/x_aq_fdsu_double/x_aq_fdsu_special/double_pipe_ex1_op1_snan,0,0.0,0.0,0.0,0.0,,0
x_aq_vpu_top/x_aq_fdsu_top/x_aq_fdsu_double/x_aq_fdsu_special/double_pipe_ex1_op1_zero,0,0.0,0.0,0.0,0.0,,0
x_aq_vpu_top/x_aq_fdsu_top/x_aq_fdsu_double/x_aq_fdsu_special/double_pipe_ex1_result_inf,0,0.0,0.0,0.0,0.0,,0
x_aq_vpu_top/x_aq_fdsu_top/x_aq_fdsu_double/x_aq_fdsu_special/double_pipe_ex1_result_lfn,0,0.0,0.0,0.0,0.0,,0
x_aq_vpu_top/x_aq_fdsu_top/x_aq_fdsu_double/x_aq_fdsu_special/double_pipe_ex1_result_qnan,0,0.0,0.0,0.0,0.0,,0
x_aq_vpu_top/x_aq_fdsu_top/x_aq_fdsu_double/x_aq_fdsu_special/double_pipe_ex1_result_zero,0,0.0,0.0,0.0,0.0,,0
x_aq_vpu_top/x_aq_fdsu_top/x_aq_fdsu_double/x_aq_fdsu_special/double_pipe_ex1_srt_skip,0,0.0,0.0,0.0,0.0,,0
x_aq_vpu_top/x_aq_fdsu_top/x_aq_fdsu_double/x_aq_fdsu_special/ex1_div,16,0.0005328182756668553,1.8413125000000001,1.2708548991274753,0.5625,0.010167585006082027,1
x_aq_vpu_top/x_aq_fdsu_top/x_aq_fdsu_double/x_aq_fdsu_special/ex1_op0_sign,0,0.0,0.0,0.0,0.0,,0
x_aq_vpu_top/x_aq_fdsu_top/x_aq_fdsu_double/x_aq_fdsu_special/ex1_oper0[63:0],0,0.0,0.0,0.0,0.0,,0
x_aq_vpu_top/x_aq_fdsu_top/x_aq_fdsu_double/x_aq_fdsu_special/ex1_oper1[63:0],0,0.0,0.0,0.0,0.0,,0
x_aq_vpu_top/x_aq_fdsu_top/x_aq_fdsu_double/x_aq_fdsu_special/ex1_sqrt,0,0.0,0.0,0.0,0.0,,0
x_aq_vpu_top/x_aq_fdsu_top/x_aq_fdsu_double/x_aq_fdsu_special/half0_ex1_qnan_f[10:0],0,0.0,0.0,0.0,0.0,,0
x_aq_vpu_top/x_aq_fdsu_top/x_aq_fdsu_double/x_aq_fdsu_special/single0_ex1_qnan_f[23:0],0,0.0,0.0,0.0,0.0,,0
x_aq_vpu_top/x_aq_fdsu_top/x_aq_fdsu_double/x_aq_fdsu_special/ex1_div_dz,0,0.0,0.0,0.0,0.0,,0
x_aq_vpu_top/x_aq_fdsu_top/x_aq_fdsu_double/x_aq_fdsu_special/ex1_div_nv,0,0.0,0.0,0.0,0.0,,0
x_aq_vpu_top/x_aq_fdsu_top/x_aq_fdsu_double/x_aq_fdsu_special/ex1_div_rst_inf,0,0.0,0.0,0.0,0.0,,0
x_aq_vpu_top/x_aq_fdsu_top/x_aq_fdsu_double/x_aq_fdsu_special/ex1_div_rst_qnan,4,0.00013320456891671384,4.833999999999999,3.3363769498019558,1.0,-0.020098632563824027,1
x_aq_vpu_top/x_aq_fdsu_top/x_aq_fdsu_double/x_aq_fdsu_special/ex1_div_rst_zero,0,0.0,0.0,0.0,0.0,,0
x_aq_vpu_top/x_aq_fdsu_top/x_aq_fdsu_double/x_aq_fdsu_special/ex1_dz,0,0.0,0.0,0.0,0.0,,0
x_aq_vpu_top/x_aq_fdsu_top/x_aq_fdsu_double/x_aq_fdsu_special/ex1_nv,0,0.0,0.0,0.0,0.0,,0
x_aq_vpu_top/x_aq_fdsu_top/x_aq_fdsu_double/x_aq_fdsu_special/ex1_op0_cnan,0,0.0,0.0,0.0,0.0,,0
x_aq_vpu_top/x_aq_fdsu_top/x_aq_fdsu_double/x_aq_fdsu_special/ex1_op0_inf,0,0.0,0.0,0.0,0.0,,0
x_aq_vpu_top/x_aq_fdsu_top/x_aq_fdsu_double/x_aq_fdsu_special/ex1_op0_is_qnan,4,0.00013320456891671384,4.833999999999999,3.3363769498019558,1.0,-0.020098632563824027,1
x_aq_vpu_top/x_aq_fdsu_top/x_aq_fdsu_double/x_aq_fdsu_special/ex1_op0_is_snan,0,0.0,0.0,0.0,0.0,,0
x_aq_vpu_top/x_aq_fdsu_top/x_aq_fdsu_double/x_aq_fdsu_special/ex1_op0_norm,13,0.00043291484897932,2.830307692307692,1.9534491819326751,0.6923076923076923,-0.0077228868505686615,1
x_aq_vpu_top/x_aq_fdsu_top/x_aq_fdsu_double/x_aq_fdsu_special/ex1_op0_qnan,4,0.00013320456891671384,4.833999999999999,3.3363769498019558,1.0,-0.020098632563824027,1
x_aq_vpu_top/x_aq_fdsu_top/x_aq_fdsu_double/x_aq_fdsu_special/ex1_op0_snan,0,0.0,0.0,0.0,0.0,,0
x_aq_vpu_top/x_aq_fdsu_top/x_aq_fdsu_double/x_aq_fdsu_special/ex1_op0_tt_zero,0,0.0,0.0,0.0,0.0,,0
x_aq_vpu_top/x_aq_fdsu_top/x_aq_fdsu_double/x_aq_fdsu_special/ex1_op0_zero,0,0.0,0.0,0.0,0.0,,0
x_aq_vpu_top/x_aq_fdsu_top/x_aq_fdsu_double/x_aq_fdsu_special/ex1_op1_cnan,0,0.0,0.0,0.0,0.0,,0
x_aq_vpu_top/x_aq_fdsu_top/x_aq_fdsu_double/x_aq_fdsu_special/ex1_op1_inf,0,0.0,0.0,0.0,0.0,,0
x_aq_vpu_top/x_aq_fdsu_top/x_aq_fdsu_double/x_aq_fdsu_special/ex1_op1_is_qnan,0,0.0,0.0,0.0,0.0,,0
x_aq_vpu_top/x_aq_fdsu_top/x_aq_fdsu_double/x_aq_fdsu_special/ex1_op1_is_snan,0,0.0,0.0,0.0,0.0,,0
x_aq_vpu_top/x_aq_fdsu_top/x_aq_fdsu_double/x_aq_fdsu_special/ex1_op1_norm,16,0.0005328182756668553,2.3358750000000006,1.612196836495376,0.8125,0.013552752795679319,1
x_aq_vpu_top/x_aq_fdsu_top/x_aq_fdsu_double/x_aq_fdsu_special/ex1_op1_qnan,0,0.0,0.0,0.0,0.0,,0
x_aq_vpu_top/x_aq_fdsu_top/x_aq_fdsu_double/x_aq_fdsu_special/ex1_op1_snan,0,0.0,0.0,0.0,0.0,,0
x_aq_vpu_top/x_aq_fdsu_top/x_aq_fdsu_double/x_aq_fdsu_special/ex1_op1_tt_zero,0,0.0,0.0,0.0,0.0,,0
x_aq_vpu_top/x_aq_fdsu_top/x_aq_fdsu_double/x_aq_fdsu_special/ex1_op1_zero,0,0.0,0.0,0.0,0.0,,0
x_aq_vpu_top/x_aq_fdsu_top/x_aq_fdsu_double/x_aq_fdsu_special/ex1_result_inf,0,0.0,0.0,0.0,0.0,,0
x_aq_vpu_top/x_aq_fdsu_top/x_aq_fdsu_double/x_aq_fdsu_special/ex1_result_lfn,0,0.0,0.0,0.0,0.0,,0
x_aq_vpu_top/x_aq_fdsu_top/x_aq_fdsu_double/x_aq_fdsu_special/ex1_result_qnan,0,0.0,0.0,0.0,0.0,,0
x_aq_vpu_top/x_aq_fdsu_top/x_aq_fdsu_double/x_aq_fdsu_special/ex1_result_zero,0,0.0,0.0,0.0,0.0,,0
x_aq_vpu_top/x_aq_fdsu_top/x_aq_fdsu_double/x_aq_fdsu_special/ex1_rst_default_qnan,0,0.0,0.0,0.0,0.0,,0
x_aq_vpu_top/x_aq_fdsu_top/x_aq_fdsu_double/x_aq_fdsu_special/ex1_sqrt_nv,0,0.0,0.0,0.0,0.0,,0
x_aq_vpu_top/x_aq_fdsu_top/x_aq_fdsu_double/x_aq_fdsu_special/ex1_sqrt_rst_inf,0,0.0,0.0,0.0,0.0,,0
x_aq_vpu_top/x_aq_fdsu_top/x_aq_fdsu_double/x_aq_fdsu_special/ex1_sqrt_rst_qnan,4,0.00013320456891671384,4.833999999999999,3.3363769498019558,1.0,-0.020098632563824027,1
x_aq_vpu_top/x_aq_fdsu_top/x_aq_fdsu_double/x_aq_fdsu_special/ex1_sqrt_rst_zero,0,0.0,0.0,0.0,0.0,,0
x_aq_vpu_top/x_aq_fdsu_top/x_aq_fdsu_double/x_aq_fdsu_prepare/bhalf0_ex1_divisor[7:0],28,0.0009324319824169969,2.7744642857142865,1.914906638582105,0.7857142857142857,0.12802520160871803,2
x_aq_vpu_top/x_aq_fdsu_top/x_aq_fdsu_double/x_aq_fdsu_prepare/bhalf0_ex1_ff1_frac[6:0],0,0.0,0.0,0.0,0.0,,0
x_aq_vpu_top/x_aq_fdsu_top/x_aq_fdsu_double/x_aq_fdsu_prepare/bhalf0_ex1_id_frac[6:0],0,0.0,0.0,0.0,0.0,,0
x_aq_vpu_top/x_aq_fdsu_top/x_aq_fdsu_double/x_aq_fdsu_prepare/bhalf0_ex1_id_frac_f[6:0],0,0.0,0.0,0.0,0.0,,0
x_aq_vpu_top/x_aq_fdsu_top/x_aq_fdsu_double/x_aq_fdsu_prepare/bhalf0_ex1_op0_id_vld,0,0.0,0.0,0.0,0.0,,0
x_aq_vpu_top/x_aq_fdsu_top/x_aq_fdsu_double/x_aq_fdsu_prepare/bhalf0_ex1_op1_id_vld,0,0.0,0.0,0.0,0.0,,0
x_aq_vpu_top/x_aq_fdsu_top/x_aq_fdsu_double/x_aq_fdsu_prepare/bhalf0_ex1_op1_sel,0,0.0,0.0,0.0,0.0,,0
x_aq_vpu_top/x_aq_fdsu_top/x_aq_fdsu_double/x_aq_fdsu_prepare/bhalf0_ex1_remainder[14:0],16,0.0005328182756668553,3.3778124999999997,2.3313313541069345,0.75,0.13306753198017637,2
x_aq_vpu_top/x_aq_fdsu_top/x_aq_fdsu_double/x_aq_fdsu_prepare/double_ex1_divisor[52:0],28,0.0009324319824169969,2.7744642857142865,1.914906638582105,0.7857142857142857,0.12802520160871803,2
x_aq_vpu_top/x_aq_fdsu_top/x_aq_fdsu_double/x_aq_fdsu_prepare/double_ex1_ff1_frac[51:0],0,0.0,0.0,0.0,0.0,,0
x_aq_vpu_top/x_aq_fdsu_top/x_aq_fdsu_double/x_aq_fdsu_prepare/double_ex1_id_frac[51:0],0,0.0,0.0,0.0,0.0,,0
x_aq_vpu_top/x_aq_fdsu_top/x_aq_fdsu_double/x_aq_fdsu_prepare/double_ex1_id_frac_f[51:0],0,0.0,0.0,0.0,0.0,,0
x_aq_vpu_top/x_aq_fdsu_top/x_aq_fdsu_double/x_aq_fdsu_prepare/double_ex1_op0_id_vld,0,0.0,0.0,0.0,0.0,,0
x_aq_vpu_top/x_aq_fdsu_top/x_aq_fdsu_double/x_aq_fdsu_prepare/double_ex1_op1_id_vld,0,0.0,0.0,0.0,0.0,,0
x_aq_vpu_top/x_aq_fdsu_top/x_aq_fdsu_double/x_aq_fdsu_prepare/double_ex1_op1_sel,0,0.0,0.0,0.0,0.0,,0
x_aq_vpu_top/x_aq_fdsu_top/x_aq_fdsu_double/x_aq_fdsu_prepare/double_ex1_remainder[59:0],16,0.0005328182756668553,3.3778124999999997,2.3313313541069345,0.75,0.13306753198017637,2
x_aq_vpu_top/x_aq_fdsu_top/x_aq_fdsu_double/x_aq_fdsu_prepare/double_pipe_ex1_expnt_adder_op0[12:0],0,0.0,0.0,0.0,0.0,,0
x_aq_vpu_top/x_aq_fdsu_top/x_aq_fdsu_double/x_aq_fdsu_prepare/double_pipe_ex1_expnt_adder_op1[12:0],0,0.0,0.0,0.0,0.0,,0
x_aq_vpu_top/x_aq_fdsu_top/x_aq_fdsu_double/x_aq_fdsu_prepare/double_pipe_ex1_ff1_sel_op1,0,0.0,0.0,0.0,0.0,,0
x_aq_vpu_top/x_aq_fdsu_top/x_aq_fdsu_double/x_aq_fdsu_prepare/double_pipe_ex1_id_expnt_f[12:0],0,0.0,0.0,0.0,0.0,,0
x_aq_vpu_top/x_aq_fdsu_top/x_aq_fdsu_double/x_aq_fdsu_prepare/double_pipe_ex1_op0_id_expnt_neg[12:0],0,0.0,0.0,0.0,0.0,,0
x_aq_vpu_top/x_aq_fdsu_top/x_aq_fdsu_double/x_aq_fdsu_prepare/double_pipe_ex1_op1_id_expnt_neg[12:0],0,0.0,0.0,0.0,0.0,,0
x_aq_vpu_top/x_aq_fdsu_top/x_aq_fdsu_double/x_aq_fdsu_prepare/double_pipe_ex1_result_sign,0,0.0,0.0,0.0,0.0,,0
x_aq_vpu_top/x_aq_fdsu_top/x_aq_fdsu_double/x_aq_fdsu_prepare/double_pipe_oper0[63:0],34,0.0011322388357920678,3.199264705882353,2.2080995078652914,0.8823529411764706,-0.03007154116304795,47
x_aq_vpu_top/x_aq_fdsu_top/x_aq_fdsu_double/x_aq_fdsu_prepare/double_pipe_oper1[63:0],29,0.0009657331246461754,2.7920689655172413,1.9270572070353988,0.7931034482758621,0.13330910200860932,36
x_aq_vpu_top/x_aq_fdsu_top/x_aq_fdsu_double/x_aq_fdsu_prepare/dp_xx_ex1_rm[2:0],4,0.00013320456891671384,5.792749999999998,3.9980963127772604,1.0,0.005761307260114271,2
x_aq_vpu_top/x_aq_fdsu_top/x_aq_fdsu_double/x_aq_fdsu_prepare/ex1_bhalf,0,0.0,0.0,0.0,0.0,,0
x_aq_vpu_top/x_aq_fdsu_top/x_aq_fdsu_double/x_aq_fdsu_prepare/ex1_bhalf0_op0_id,0,0.0,0.0,0.0,0.0,,0
x_aq_vpu_top/x_aq_fdsu_top/x_aq_fdsu_double/x_aq_fdsu_prepare/ex1_bhalf0_op1_id,0,0.0,0.0,0.0,0.0,,0
x_aq_vpu_top/x_aq_fdsu_top/x_aq_fdsu_double/x_aq_fdsu_prepare/ex1_div,16,0.0005328182756668553,1.8413125000000001,1.2708548991274753,0.5625,0.010167585006082027,1
x_aq_vpu_top/x_aq_fdsu_top/x_aq_fdsu_double/x_aq_fdsu_prepare/ex1_double,15,0.0004995171334376769,3.116266666666667,2.1508151171085736,0.8,-0.01819696689905232,1
x_aq_vpu_top/x_aq_fdsu_top/x_aq_fdsu_double/x_aq_fdsu_prepare/ex1_double_op0_id,0,0.0,0.0,0.0,0.0,,0
x_aq_vpu_top/x_aq_fdsu_top/x_aq_fdsu_double/x_aq_fdsu_prepare/ex1_double_op1_id,0,0.0,0.0,0.0,0.0,,0
x_aq_vpu_top/x_aq_fdsu_top/x_aq_fdsu_double/x_aq_fdsu_prepare/ex1_f16,0,0.0,0.0,0.0,0.0,,0
x_aq_vpu_top/x_aq_fdsu_top/x_aq_fdsu_double/x_aq_fdsu_prepare/ex1_half,0,0.0,0.0,0.0,0.0,,0
x_aq_vpu_top/x_aq_fdsu_top/x_aq_fdsu_double/x_aq_fdsu_prepare/ex1_half0_op0_id,0,0.0,0.0,0.0,0.0,,0
x_aq_vpu_top/x_aq_fdsu_top/x_aq_fdsu_double/x_aq_fdsu_prepare/ex1_half0_op1_id,0,0.0,0.0,0.0,0.0,,0
x_aq_vpu_top/x_aq_fdsu_top/x_aq_fdsu_double/x_aq_fdsu_prepare/ex1_op0_sign,0,0.0,0.0,0.0,0.0,,0
x_aq_vpu_top/x_aq_fdsu_top/x_aq_fdsu_double/x_aq_fdsu_prepare/ex1_oper0[63:0],0,0.0,0.0,0.0,0.0,,0
x_aq_vpu_top/x_aq_fdsu_top/x_aq_fdsu_double/x_aq_fdsu_prepare/ex1_oper1[63:0],0,0.0,0.0,0.0,0.0,,0
x_aq_vpu_top/x_aq_fdsu_top/x_aq_fdsu_double/x_aq_fdsu_prepare/ex1_single,0,0.0,0.0,0.0,0.0,,0
x_aq_vpu_top/x_aq_fdsu_top/x_aq_fdsu_double/x_aq_fdsu_prepare/ex1_single0_op0_id,0,0.0,0.0,0.0,0.0,,0
x_aq_vpu_top/x_aq_fdsu_top/x_aq_fdsu_double/x_aq_fdsu_prepare/ex1_single0_op1_id,0,0.0,0.0,0.0,0.0,,0
x_aq_vpu_top/x_aq_fdsu_top/x_aq_fdsu_double/x_aq_fdsu_prepare/ex1_sqrt,0,0.0,0.0,0.0,0.0,,0
x_aq_vpu_top/x_aq_fdsu_top/x_aq_fdsu_double/x_aq_fdsu_prepare/fdsu_ex1_sel,0,0.0,0.0,0.0,0.0,,0
x_aq_vpu_top/x_aq_fdsu_top/x_aq_fdsu_double/x_aq_fdsu_prepare/half0_ex1_divisor[10:0],28,0.0009324319824169969,2.7744642857142865,1.914906638582105,0.7857142857142857,0.12802520160871803,2
x_aq_vpu_top/x_aq_fdsu_top/x_aq_fdsu_double/x_aq_fdsu_prepare/half0_ex1_ff1_frac[9:0],0,0.0,0.0,0.0,0.0,,0
x_aq_vpu_top/x_aq_fdsu_top/x_aq_fdsu_double/x_aq_fdsu_prepare/half0_ex1_id_frac[9:0],0,0.0,0.0,0.0,0.0,,0
x_aq_vpu_top/x_aq_fdsu_top/x_aq_fdsu_double/x_aq_fdsu_prepare/half0_ex1_id_frac_f[9:0],0,0.0,0.0,0.0,0.0,,0
x_aq_vpu_top/x_aq_fdsu_top/x_aq_fdsu_double/x_aq_fdsu_prepare/half0_ex1_op0_id_vld,0,0.0,0.0,0.0,0.0,,0
x_aq_vpu_top/x_aq_fdsu_top/x_aq_fdsu_double/x_aq_fdsu_prepare/half0_ex1_op1_id_vld,0,0.0,0.0,0.0,0.0,,0
x_aq_vpu_top/x_aq_fdsu_top/x_aq_fdsu_double/x_aq_fdsu_prepare/half0_ex1_op1_sel,0,0.0,0.0,0.0,0.0,,0
x_aq_vpu_top/x_aq_fdsu_top/x_aq_fdsu_double/x_aq_fdsu_prepare/half0_ex1_remainder[18:0],16,0.0005328182756668553,3.3778124999999997,2.3313313541069345,0.75,0.13306753198017637,2
x_aq_vpu_top/x_aq_fdsu_top/x_aq_fdsu_double/x_aq_fdsu_prepare/single0_ex1_divisor[23:0],28,0.0009324319824169969,2.7744642857142865,1.914906638582105,0.7857142857142857,0.12802520160871803,2
x_aq_vpu_top/x_aq_fdsu_top/x_aq_fdsu_double/x_aq_fdsu_prepare/single0_ex1_ff1_frac[22:0],0,0.0,0.0,0.0,0.0,,0
x_aq_vpu_top/x_aq_fdsu_top/x_aq_fdsu_double/x_aq_fdsu_prepare/single0_ex1_id_frac[22:0],0,0.0,0.0,0.0,0.0,,0
x_aq_vpu_top/x_aq_fdsu_top/x_aq_fdsu_double/x_aq_fdsu_prepare/single0_ex1_id_frac_f[22:0],0,0.0,0.0,0.0,0.0,,0
x_aq_vpu_top/x_aq_fdsu_top/x_aq_fdsu_double/x_aq_fdsu_prepare/single0_ex1_op0_id_vld,0,0.0,0.0,0.0,0.0,,0
x_aq_vpu_top/x_aq_fdsu_top/x_aq_fdsu_double/x_aq_fdsu_prepare/single0_ex1_op1_id_vld,0,0.0,0.0,0.0,0.0,,0
x_aq_vpu_top/x_aq_fdsu_top/x_aq_fdsu_double/x_aq_fdsu_prepare/single0_ex1_op1_sel,0,0.0,0.0,0.0,0.0,,0
x_aq_vpu_top/x_aq_fdsu_top/x_aq_fdsu_double/x_aq_fdsu_prepare/single0_ex1_remainder[30:0],16,0.0005328182756668553,3.3778124999999997,2.3313313541069345,0.75,0.13306753198017637,2
x_aq_vpu_top/x_aq_fdsu_top/x_aq_fdsu_double/x_aq_fdsu_prepare/bhalf0_ex1_div_nor_srt_op0[7:0],20,0.0006660228445835693,2.6661500000000005,1.8401492355636095,0.8,-0.02510361301945802,2
x_aq_vpu_top/x_aq_fdsu_top/x_aq_fdsu_double/x_aq_fdsu_prepare/bhalf0_ex1_div_nor_srt_op1[7:0],28,0.0009324319824169969,2.7744642857142865,1.914906638582105,0.7857142857142857,0.12802520160871803,2
x_aq_vpu_top/x_aq_fdsu_top/x_aq_fdsu_double/x_aq_fdsu_prepare/bhalf0_ex1_div_op0_expnt[12:0],0,0.0,0.0,0.0,0.0,,0
x_aq_vpu_top/x_aq_fdsu_top/x_aq_fdsu_double/x_aq_fdsu_prepare/bhalf0_ex1_div_op1_expnt[12:0],0,0.0,0.0,0.0,0.0,,0
x_aq_vpu_top/x_aq_fdsu_top/x_aq_fdsu_double/x_aq_fdsu_prepare/bhalf0_ex1_op0_id_nor,0,0.0,0.0,0.0,0.0,,0
x_aq_vpu_top/x_aq_fdsu_top/x_aq_fdsu_double/x_aq_fdsu_prepare/bhalf0_ex1_op1_id_nor,0,0.0,0.0,0.0,0.0,,0
x_aq_vpu_top/x_aq_fdsu_top/x_aq_fdsu_double/x_aq_fdsu_prepare/bhalf0_ex1_oper0_id_expnt[12:0],0,0.0,0.0,0.0,0.0,,0
x_aq_vpu_top/x_aq_fdsu_top/x_aq_fdsu_double/x_aq_fdsu_prepare/bhalf0_ex1_oper0_id_frac[6:0],0,0.0,0.0,0.0,0.0,,0
x_aq_vpu_top/x_aq_fdsu_top/x_aq_fdsu_double/x_aq_fdsu_prepare/bhalf0_ex1_oper1_id_expnt[12:0],0,0.0,0.0,0.0,0.0,,0
x_aq_vpu_top/x_aq_fdsu_top/x_aq_fdsu_double/x_aq_fdsu_prepare/bhalf0_ex1_oper1_id_frac[6:0],0,0.0,0.0,0.0,0.0,,0
x_aq_vpu_top/x_aq_fdsu_top/x_aq_fdsu_double/x_aq_fdsu_prepare/bhalf0_ex1_sqrt_expnt_odd,1,3.330114222917846e-05,10.872,7.503742283460255,1.0,-0.003229515705865712,1
x_aq_vpu_top/x_aq_fdsu_top/x_aq_fdsu_double/x_aq_fdsu_prepare/bhalf0_ex1_sqrt_srt_op0[7:0],20,0.0006660228445835693,2.6661500000000005,1.8401492355636095,0.8,-0.02510361301945802,2
x_aq_vpu_top/x_aq_fdsu_top/x_aq_fdsu_double/x_aq_fdsu_prepare/bhalf0_sqrt_remainder[14:0],20,0.0006660228445835693,2.6661500000000005,1.8401492355636095,0.8,-0.02510361301945802,2
x_aq_vpu_top/x_aq_fdsu_top/x_aq_fdsu_double/x_aq_fdsu_prepare/div_sign,0,0.0,0.0,0.0,0.0,,0
x_aq_vpu_top/x_aq_fdsu_top/x_aq_fdsu_double/x_aq_fdsu_prepare/double_ex1_div_nor_srt_op0[52:0],20,0.0006660228445835693,2.6661500000000005,1.8401492355636095,0.8,-0.02510361301945802,2
x_aq_vpu_top/x_aq_fdsu_top/x_aq_fdsu_double/x_aq_fdsu_prepare/double_ex1_div_nor_srt_op1[52:0],28,0.0009324319824169969,2.7744642857142865,1.914906638582105,0.7857142857142857,0.12802520160871803,2
x_aq_vpu_top/x_aq_fdsu_top/x_aq_fdsu_double/x_aq_fdsu_prepare/double_ex1_div_op0_expnt[12:0],0,0.0,0.0,0.0,0.0,,0
x_aq_vpu_top/x_aq_fdsu_top/x_aq_fdsu_double/x_aq_fdsu_prepare/double_ex1_div_op1_expnt[12:0],0,0.0,0.0,0.0,0.0,,0
x_aq_vpu_top/x_aq_fdsu_top/x_aq_fdsu_double/x_aq_fdsu_prepare/double_ex1_op0_id_nor,0,0.0,0.0,0.0,0.0,,0
x_aq_vpu_top/x_aq_fdsu_top/x_aq_fdsu_double/x_aq_fdsu_prepare/double_ex1_op1_id_nor,0,0.0,0.0,0.0,0.0,,0
x_aq_vpu_top/x_aq_fdsu_top/x_aq_fdsu_double/x_aq_fdsu_prepare/double_ex1_oper0_id_expnt[12:0],0,0.0,0.0,0.0,0.0,,0
x_aq_vpu_top/x_aq_fdsu_top/x_aq_fdsu_double/x_aq_fdsu_prepare/double_ex1_oper0_id_frac[51:0],0,0.0,0.0,0.0,0.0,,0
x_aq_vpu_top/x_aq_fdsu_top/x_aq_fdsu_double/x_aq_fdsu_prepare/double_ex1_oper1_id_expnt[12:0],0,0.0,0.0,0.0,0.0,,0
x_aq_vpu_top/x_aq_fdsu_top/x_aq_fdsu_double/x_aq_fdsu_prepare/double_ex1_oper1_id_frac[51:0],0,0.0,0.0,0.0,0.0,,0
x_aq_vpu_top/x_aq_fdsu_top/x_aq_fdsu_double/x_aq_fdsu_prepare/double_ex1_sqrt_expnt_odd,1,3.330114222917846e-05,10.872,7.503742283460255,1.0,-0.003229515705865712,1
x_aq_vpu_top/x_aq_fdsu_top/x_aq_fdsu_double/x_aq_fdsu_prepare/double_ex1_sqrt_srt_op0[52:0],20,0.0006660228445835693,2.6661500000000005,1.8401492355636095,0.8,-0.02510361301945802,2
x_aq_vpu_top/x_aq_fdsu_top/x_aq_fdsu_double/x_aq_fdsu_prepare/double_sqrt_remainder[59:0],20,0.0006660228445835693,2.6661500000000005,1.8401492355636095,0.8,-0.02510361301945802,2
x_aq_vpu_top/x_aq_fdsu_top/x_aq_fdsu_double/x_aq_fdsu_prepare/ex1_div_op0_expnt[12:0],0,0.0,0.0,0.0,0.0,,0
x_aq_vpu_top/x_aq_fdsu_top/x_aq_fdsu_double/x_aq_fdsu_prepare/ex1_div_op1_expnt[12:0],0,0.0,0.0,0.0,0.0,,0
x_aq_vpu_top/x_aq_fdsu_top/x_aq_fdsu_double/x_aq_fdsu_prepare/ex1_op1_sign,0,0.0,0.0,0.0,0.0,,0
x_aq_vpu_top/x_aq_fdsu_top/x_aq_fdsu_double/x_aq_fdsu_prepare/ex1_result_sign,0,0.0,0.0,0.0,0.0,,0
x_aq_vpu_top/x_aq_fdsu_top/x_aq_fdsu_double/x_aq_fdsu_prepare/ex1_rm[2:0],4,0.00013320456891671384,5.792749999999998,3.9980963127772604,1.0,0.005761307260114271,2
x_aq_vpu_top/x_aq_fdsu_top/x_aq_fdsu_double/x_aq_fdsu_prepare/ex1_sqrt_op1_expnt[12:0],32,0.0010656365513337107,2.93025,2.0224283320556853,0.71875,-0.01410156100639312,9
x_aq_vpu_top/x_aq_fdsu_top/x_aq_fdsu_double/x_aq_fdsu_prepare/half0_ex1_div_nor_srt_op0[10:0],20,0.0006660228445835693,2.6661500000000005,1.8401492355636095,0.8,-0.02510361301945802,2
x_aq_vpu_top/x_aq_fdsu_top/x_aq_fdsu_double/x_aq_fdsu_prepare/half0_ex1_div_nor_srt_op1[10:0],28,0.0009324319824169969,2.7744642857142865,1.914906638582105,0.7857142857142857,0.12802520160871803,2
x_aq_vpu_top/x_aq_fdsu_top/x_aq_fdsu_double/x_aq_fdsu_prepare/half0_ex1_div_op0_expnt[12:0],0,0.0,0.0,0.0,0.0,,0
x_aq_vpu_top/x_aq_fdsu_top/x_aq_fdsu_double/x_aq_fdsu_prepare/half0_ex1_div_op1_expnt[12:0],0,0.0,0.0,0.0,0.0,,0
x_aq_vpu_top/x_aq_fdsu_top/x_aq_fdsu_double/x_aq_fdsu_prepare/half0_ex1_op0_id_nor,0,0.0,0.0,0.0,0.0,,0
x_aq_vpu_top/x_aq_fdsu_top/x_aq_fdsu_double/x_aq_fdsu_prepare/half0_ex1_op1_id_nor,0,0.0,0.0,0.0,0.0,,0
x_aq_vpu_top/x_aq_fdsu_top/x_aq_fdsu_double/x_aq_fdsu_prepare/half0_ex1_oper0_id_expnt[12:0],0,0.0,0.0,0.0,0.0,,0
x_aq_vpu_top/x_aq_fdsu_top/x_aq_fdsu_double/x_aq_fdsu_prepare/half0_ex1_oper0_id_frac[9:0],0,0.0,0.0,0.0,0.0,,0
x_aq_vpu_top/x_aq_fdsu_top/x_aq_fdsu_double/x_aq_fdsu_prepare/half0_ex1_oper1_id_expnt[12:0],0,0.0,0.0,0.0,0.0,,0
x_aq_vpu_top/x_aq_fdsu_top/x_aq_fdsu_double/x_aq_fdsu_prepare/half0_ex1_oper1_id_frac[9:0],0,0.0,0.0,0.0,0.0,,0
x_aq_vpu_top/x_aq_fdsu_top/x_aq_fdsu_double/x_aq_fdsu_prepare/half0_ex1_sqrt_expnt_odd,1,3.330114222917846e-05,10.872,7.503742283460255,1.0,-0.003229515705865712,1
x_aq_vpu_top/x_aq_fdsu_top/x_aq_fdsu_double/x_aq_fdsu_prepare/half0_ex1_sqrt_srt_op0[10:0],20,0.0006660228445835693,2.6661500000000005,1.8401492355636095,0.8,-0.02510361301945802,2
x_aq_vpu_top/x_aq_fdsu_top/x_aq_fdsu_double/x_aq_fdsu_prepare/half0_sqrt_remainder[18:0],20,0.0006660228445835693,2.6661500000000005,1.8401492355636095,0.8,-0.02510361301945802,2
x_aq_vpu_top/x_aq_fdsu_top/x_aq_fdsu_double/x_aq_fdsu_prepare/single0_ex1_div_nor_srt_op0[23:0],20,0.0006660228445835693,2.6661500000000005,1.8401492355636095,0.8,-0.02510361301945802,2
x_aq_vpu_top/x_aq_fdsu_top/x_aq_fdsu_double/x_aq_fdsu_prepare/single0_ex1_div_nor_srt_op1[23:0],28,0.0009324319824169969,2.7744642857142865,1.914906638582105,0.7857142857142857,0.12802520160871803,2
x_aq_vpu_top/x_aq_fdsu_top/x_aq_fdsu_double/x_aq_fdsu_prepare/single0_ex1_div_op0_expnt[12:0],0,0.0,0.0,0.0,0.0,,0
x_aq_vpu_top/x_aq_fdsu_top/x_aq_fdsu_double/x_aq_fdsu_prepare/single0_ex1_div_op1_expnt[12:0],0,0.0,0.0,0.0,0.0,,0
x_aq_vpu_top/x_aq_fdsu_top/x_aq_fdsu_double/x_aq_fdsu_prepare/single0_ex1_op0_id_nor,0,0.0,0.0,0.0,0.0,,0
x_aq_vpu_top/x_aq_fdsu_top/x_aq_fdsu_double/x_aq_fdsu_prepare/single0_ex1_op1_id_nor,0,0.0,0.0,0.0,0.0,,0
x_aq_vpu_top/x_aq_fdsu_top/x_aq_fdsu_double/x_aq_fdsu_prepare/single0_ex1_oper0_id_expnt[12:0],0,0.0,0.0,0.0,0.0,,0
x_aq_vpu_top/x_aq_fdsu_top/x_aq_fdsu_double/x_aq_fdsu_prepare/single0_ex1_oper0_id_frac[22:0],0,0.0,0.0,0.0,0.0,,0
x_aq_vpu_top/x_aq_fdsu_top/x_aq_fdsu_double/x_aq_fdsu_prepare/single0_ex1_oper1_id_expnt[12:0],0,0.0,0.0,0.0,0.0,,0
x_aq_vpu_top/x_aq_fdsu_top/x_aq_fdsu_double/x_aq_fdsu_prepare/single0_ex1_oper1_id_frac[22:0],0,0.0,0.0,0.0,0.0,,0
x_aq_vpu_top/x_aq_fdsu_top/x_aq_fdsu_double/x_aq_fdsu_prepare/single0_ex1_sqrt_expnt_odd,1,3.330114222917846e-05,10.872,7.503742283460255,1.0,-0.003229515705865712,1
x_aq_vpu_top/x_aq_fdsu_top/x_aq_fdsu_double/x_aq_fdsu_prepare/single0_ex1_sqrt_srt_op0[23:0],20,0.0006660228445835693,2.6661500000000005,1.8401492355636095,0.8,-0.02510361301945802,2
x_aq_vpu_top/x_aq_fdsu_top/x_aq_fdsu_double/x_aq_fdsu_prepare/single0_sqrt_remainder[30:0],20,0.0006660228445835693,2.6661500000000005,1.8401492355636095,0.8,-0.02510361301945802,2
x_aq_vpu_top/x_aq_fdsu_top/x_aq_fdsu_double/x_aq_fdsu_prepare/sqrt_sign,0,0.0,0.0,0.0,0.0,,0
x_aq_vpu_top/x_aq_fdsu_top/x_aq_fdsu_double/x_aq_fdsu_srt/bhalf0_ex2_result_denorm_round_add_num[7:0],0,0.0,0.0,0.0,0.0,,0
x_aq_vpu_top/x_aq_fdsu_top/x_aq_fdsu_double/x_aq_fdsu_srt/bhalf0_remainder_nxt[14:0],0,0.0,0.0,0.0,0.0,,0
x_aq_vpu_top/x_aq_fdsu_top/x_aq_fdsu_double/x_aq_fdsu_srt/double_pipe_cur_rem_1[59:0],0,0.0,0.0,0.0,0.0,,0
x_aq_vpu_top/x_aq_fdsu_top/x_aq_fdsu_double/x_aq_fdsu_srt/double_pipe_cur_rem_2[59:0],0,0.0,0.0,0.0,0.0,,0
x_aq_vpu_top/x_aq_fdsu_top/x_aq_fdsu_double/x_aq_fdsu_srt/double_pipe_ex2_expnt_adder_op0[12:0],0,0.0,0.0,0.0,0.0,,0
x_aq_vpu_top/x_aq_fdsu_top/x_aq_fdsu_double/x_aq_fdsu_srt/double_pipe_ex2_expnt_adder_op1[12:0],0,0.0,0.0,0.0,0.0,,0
x_aq_vpu_top/x_aq_fdsu_top/x_aq_fdsu_double/x_aq_fdsu_srt/double_pipe_ex2_of,0,0.0,0.0,0.0,0.0,,0
x_aq_vpu_top/x_aq_fdsu_top/x_aq_fdsu_double/x_aq_fdsu_srt/double_pipe_ex2_of_rm_lfn,0,0.0,0.0,0.0,0.0,,0
x_aq_vpu_top/x_aq_fdsu_top/x_aq_fdsu_double/x_aq_fdsu_srt/double_pipe_ex2_op0_norm,1,3.330114222917846e-05,10.872,7.503742283460255,1.0,-0.003229515705865712,1
x_aq_vpu_top/x_aq_fdsu_top/x_aq_fdsu_double/x_aq_fdsu_srt/double_pipe_ex2_op1_norm,1,3.330114222917846e-05,10.872,7.503742283460255,1.0,-0.003229515705865712,1
x_aq_vpu_top/x_aq_fdsu_top/x_aq_fdsu_double/x_aq_fdsu_srt/double_pipe_ex2_potnt_of,0,0.0,0.0,0.0,0.0,,0
x_aq_vpu_top/x_aq_fdsu_top/x_aq_fdsu_double/x_aq_fdsu_srt/double_pipe_ex2_potnt_uf,0,0.0,0.0,0.0,0.0,,0
x_aq_vpu_top/x_aq_fdsu_top/x_aq_fdsu_double/x_aq_fdsu_srt/double_pipe_ex2_result_inf,0,0.0,0.0,0.0,0.0,,0
x_aq_vpu_top/x_aq_fdsu_top/x_aq_fdsu_double/x_aq_fdsu_srt/double_pipe_ex2_result_lfn,0,0.0,0.0,0.0,0.0,,0
x_aq_vpu_top/x_aq_fdsu_top/x_aq_fdsu_double/x_aq_fdsu_srt/double_pipe_ex2_rslt_denorm,0,0.0,0.0,0.0,0.0,,0
x_aq_vpu_top/x_aq_fdsu_top/x_aq_fdsu_double/x_aq_fdsu_srt/double_pipe_ex2_srt_expnt_rst[12:0],0,0.0,0.0,0.0,0.0,,0
x_aq_vpu_top/x_aq_fdsu_top/x_aq_fdsu_double/x_aq_fdsu_srt/double_pipe_ex2_uf,0,0.0,0.0,0.0,0.0,,0
x_aq_vpu_top/x_aq_fdsu_top/x_aq_fdsu_double/x_aq_fdsu_srt/double_pipe_ex2_uf_srt_skip,0,0.0,0.0,0.0,0.0,,0
x_aq_vpu_top/x_aq_fdsu_top/x_aq_fdsu_double/x_aq_fdsu_srt/double_pipe_qt_rt_const_shift_std[57:0],2,6.660228445835692e-05,8.099999999999998,5.5905364694654205,1.0,0.0002704861125581901,2
x_aq_vpu_top/x_aq_fdsu_top/x_aq_fdsu_double/x_aq_fdsu_srt/double_pipe_srt_divisor[52:0],0,0.0,0.0,0.0,0.0,,0
x_aq_vpu_top/x_aq_fdsu_top/x_aq_fdsu_double/x_aq_fdsu_srt/double_pipe_srt_remainder[59:0],0,0.0,0.0,0.0,0.0,,0
x_aq_vpu_top/x_aq_fdsu_top/x_aq_fdsu_double/x_aq_fdsu_srt/double_pipe_srt_remainder_zero,1,3.330114222917846e-05,10.872,7.503742283460255,1.0,-0.003229515705865712,1
x_aq_vpu_top/x_aq_fdsu_top/x_aq_fdsu_double/x_aq_fdsu_srt/double_pipe_total_qt_rt[57:0],0,0.0,0.0,0.0,0.0,,0
x_aq_vpu_top/x_aq_fdsu_top/x_aq_fdsu_double/x_aq_fdsu_srt/double_pipe_total_qt_rt_minus[57:0],0,0.0,0.0,0.0,0.0,,0
x_aq_vpu_top/x_aq_fdsu_top/x_aq_fdsu_double/x_aq_fdsu_srt/double_remainder_nxt[59:0],0,0.0,0.0,0.0,0.0,,0
x_aq_vpu_top/x_aq_fdsu_top/x_aq_fdsu_double/x_aq_fdsu_srt/double_srt_remainder[59:0],0,0.0,0.0,0.0,0.0,,0
x_aq_vpu_top/x_aq_fdsu_top/x_aq_fdsu_double/x_aq_fdsu_srt/double_srt_remainder_add1_op1[59:0],2,6.660228445835692e-05,9.846,6.795607663994635,1.0,-0.001818338626010619,59
x_aq_vpu_top/x_aq_fdsu_top/x_aq_fdsu_double/x_aq_fdsu_srt/double_srt_remainder_add1_op2[59:0],1,3.330114222917846e-05,8.82,6.087473044529015,1.0,-0.00040606668911224335,1
x_aq_vpu_top/x_aq_fdsu_top/x_aq_fdsu_double/x_aq_fdsu_srt/double_srt_remainder_add2_op1[59:0],2,6.660228445835692e-05,9.846,6.795607663994635,1.0,-0.001818338626010619,59
x_aq_vpu_top/x_aq_fdsu_top/x_aq_fdsu_double/x_aq_fdsu_srt/double_srt_remainder_add2_op2[59:0],1,3.330114222917846e-05,8.82,6.087473044529015,1.0,-0.00040606668911224335,1
x_aq_vpu_top/x_aq_fdsu_top/x_aq_fdsu_double/x_aq_fdsu_srt/double_srt_remainder_shift[59:0],0,0.0,0.0,0.0,0.0,,0
x_aq_vpu_top/x_aq_fdsu_top/x_aq_fdsu_double/x_aq_fdsu_srt/double_total_qt_rt_minus_next[57:0],2,6.660228445835692e-05,9.846,6.795607663994635,1.0,-0.001818338626010649,2
x_aq_vpu_top/x_aq_fdsu_top/x_aq_fdsu_double/x_aq_fdsu_srt/double_total_qt_rt_next[57:0],0,0.0,0.0,0.0,0.0,,0
x_aq_vpu_top/x_aq_fdsu_top/x_aq_fdsu_double/x_aq_fdsu_srt/ex2_pipe_clk,0,0.0,0.0,0.0,0.0,,0
x_aq_vpu_top/x_aq_fdsu_top/x_aq_fdsu_double/x_aq_fdsu_srt/ex2_pipedown,2,6.660228445835692e-05,8.55,5.901121828880168,1.0,0.17944175952243305,1
x_aq_vpu_top/x_aq_fdsu_top/x_aq_fdsu_double/x_aq_fdsu_srt/ex2_srt_first_round,0,0.0,0.0,0.0,0.0,,0
x_aq_vpu_top/x_aq_fdsu_top/x_aq_fdsu_double/x_aq_fdsu_srt/fdsu_ex2_bhalf,0,0.0,0.0,0.0,0.0,,0
x_aq_vpu_top/x_aq_fdsu_top/x_aq_fdsu_double/x_aq_fdsu_srt/fdsu_ex2_div,1,3.330114222917846e-05,10.872,7.503742283460255,1.0,-0.003229515705865712,1
x_aq_vpu_top/x_aq_fdsu_top/x_aq_fdsu_double/x_aq_fdsu_srt/fdsu_ex2_double,0,0.0,0.0,0.0,0.0,,0
x_aq_vpu_top/x_aq_fdsu_top/x_aq_fdsu_double/x_aq_fdsu_srt/fdsu_ex2_half,0,0.0,0.0,0.0,0.0,,0
x_aq_vpu_top/x_aq_fdsu_top/x_aq_fdsu_double/x_aq_fdsu_srt/fdsu_ex2_single,0,0.0,0.0,0.0,0.0,,0
x_aq_vpu_top/x_aq_fdsu_top/x_aq_fdsu_double/x_aq_fdsu_srt/fdsu_ex2_sqrt,0,0.0,0.0,0.0,0.0,,0
x_aq_vpu_top/x_aq_fdsu_top/x_aq_fdsu_double/x_aq_fdsu_srt/half0_remainder_nxt[18:0],0,0.0,0.0,0.0,0.0,,0
x_aq_vpu_top/x_aq_fdsu_top/x_aq_fdsu_double/x_aq_fdsu_srt/half0_total_qt_rt_minus_next[15:0],2,6.660228445835692e-05,9.846,6.795607663994635,1.0,-0.001818338626010649,2
x_aq_vpu_top/x_aq_fdsu_top/x_aq_fdsu_double/x_aq_fdsu_srt/half0_total_qt_rt_next[15:0],0,0.0,0.0,0.0,0.0,,0
x_aq_vpu_top/x_aq_fdsu_top/x_aq_fdsu_double/x_aq_fdsu_srt/single0_remainder_nxt[30:0],0,0.0,0.0,0.0,0.0,,0
x_aq_vpu_top/x_aq_fdsu_top/x_aq_fdsu_double/x_aq_fdsu_srt/single0_total_qt_rt_minus_next[27:0],2,6.660228445835692e-05,9.846,6.795607663994635,1.0,-0.001818338626010649,2
x_aq_vpu_top/x_aq_fdsu_top/x_aq_fdsu_double/x_aq_fdsu_srt/single0_total_qt_rt_next[27:0],0,0.0,0.0,0.0,0.0,,0
x_aq_vpu_top/x_aq_fdsu_top/x_aq_fdsu_double/x_aq_fdsu_srt/bound1_cmp_result[7:0],2,6.660228445835692e-05,9.846,6.795607663994635,1.0,-0.0018183386260109222,5
x_aq_vpu_top/x_aq_fdsu_top/x_aq_fdsu_double/x_aq_fdsu_srt/bound1_cmp_sign,1,3.330114222917846e-05,10.872,7.503742283460255,1.0,-0.003229515705865712,1
x_aq_vpu_top/x_aq_fdsu_top/x_aq_fdsu_double/x_aq_fdsu_srt/bound2_cmp_result[7:0],2,6.660228445835692e-05,9.846,6.795607663994635,1.0,-0.0018250941073941866,5
x_aq_vpu_top/x_aq_fdsu_top/x_aq_fdsu_double/x_aq_fdsu_srt/bound2_cmp_sign,1,3.330114222917846e-05,10.872,7.503742283460255,1.0,-0.003229515705865712,1
x_aq_vpu_top/x_aq_fdsu_top/x_aq_fdsu_double/x_aq_fdsu_srt/bound_sel[3:0],0,0.0,0.0,0.0,0.0,,0
x_aq_vpu_top/x_aq_fdsu_top/x_aq_fdsu_double/x_aq_fdsu_srt/div_qt_1_rem_add_op1[59:0],3,9.990342668753538e-05,9.024,6.228271740797032,1.0,-0.0018183386260105575,52
x_aq_vpu_top/x_aq_fdsu_top/x_aq_fdsu_double/x_aq_fdsu_srt/div_qt_1_rem_add_op1_h[18:0],2,6.660228445835692e-05,9.846,6.795607663994635,1.0,-0.0018183386260106793,11
x_aq_vpu_top/x_aq_fdsu_top/x_aq_fdsu_double/x_aq_fdsu_srt/div_qt_1_rem_add_op1_s[30:0],2,6.660228445835692e-05,9.846,6.795607663994635,1.0,-0.0018183386260109283,24
x_aq_vpu_top/x_aq_fdsu_top/x_aq_fdsu_double/x_aq_fdsu_srt/div_qt_2_rem_add_op1[59:0],3,9.990342668753538e-05,9.024,6.228271740797032,1.0,-0.001818338626010619,52
x_aq_vpu_top/x_aq_fdsu_top/x_aq_fdsu_double/x_aq_fdsu_srt/div_qt_2_rem_add_op1_h[18:0],2,6.660228445835692e-05,9.846,6.795607663994635,1.0,-0.0018183386260109218,11
x_aq_vpu_top/x_aq_fdsu_top/x_aq_fdsu_double/x_aq_fdsu_srt/div_qt_2_rem_add_op1_s[30:0],2,6.660228445835692e-05,9.846,6.795607663994635,1.0,-0.0018183386260106126,24
x_aq_vpu_top/x_aq_fdsu_top/x_aq_fdsu_double/x_aq_fdsu_srt/div_qt_r1_rem_add_op1[59:0],0,0.0,0.0,0.0,0.0,,0
x_aq_vpu_top/x_aq_fdsu_top/x_aq_fdsu_double/x_aq_fdsu_srt/div_qt_r1_rem_add_op1_h[18:0],0,0.0,0.0,0.0,0.0,,0
x_aq_vpu_top/x_aq_fdsu_top/x_aq_fdsu_double/x_aq_fdsu_srt/div_qt_r1_rem_add_op1_s[30:0],0,0.0,0.0,0.0,0.0,,0
x_aq_vpu_top/x_aq_fdsu_top/x_aq_fdsu_double/x_aq_fdsu_srt/div_qt_r2_rem_add_op1[59:0],0,0.0,0.0,0.0,0.0,,0
x_aq_vpu_top/x_aq_fdsu_top/x_aq_fdsu_double/x_aq_fdsu_srt/div_qt_r2_rem_add_op1_h[18:0],0,0.0,0.0,0.0,0.0,,0
x_aq_vpu_top/x_aq_fdsu_top/x_aq_fdsu_double/x_aq_fdsu_srt/div_qt_r2_rem_add_op1_s[30:0],0,0.0,0.0,0.0,0.0,,0
x_aq_vpu_top/x_aq_fdsu_top/x_aq_fdsu_double/x_aq_fdsu_srt/double_srt_remainder_zero,1,3.330114222917846e-05,10.872,7.503742283460255,1.0,-0.003229515705865712,1
x_aq_vpu_top/x_aq_fdsu_top/x_aq_fdsu_double/x_aq_fdsu_srt/ex2_bhalf_div_of,0,0.0,0.0,0.0,0.0,,0
x_aq_vpu_top/x_aq_fdsu_top/x_aq_fdsu_double/x_aq_fdsu_srt/ex2_bhalf_div_uf,0,0.0,0.0,0.0,0.0,,0
x_aq_vpu_top/x_aq_fdsu_top/x_aq_fdsu_double/x_aq_fdsu_srt/ex2_bhalf_exp_potnt_of,0,0.0,0.0,0.0,0.0,,0
x_aq_vpu_top/x_aq_fdsu_top/x_aq_fdsu_double/x_aq_fdsu_srt/ex2_bhalf_exp_potnt_uf,0,0.0,0.0,0.0,0.0,,0
x_aq_vpu_top/x_aq_fdsu_top/x_aq_fdsu_double/x_aq_fdsu_srt/ex2_bhalf_expnt_of,0,0.0,0.0,0.0,0.0,,0
x_aq_vpu_top/x_aq_fdsu_top/x_aq_fdsu_double/x_aq_fdsu_srt/ex2_bhalf_expnt_uf,0,0.0,0.0,0.0,0.0,,0
x_aq_vpu_top/x_aq_fdsu_top/x_aq_fdsu_double/x_aq_fdsu_srt/ex2_bhalf_id_nor_srt_skip,0,0.0,0.0,0.0,0.0,,0
x_aq_vpu_top/x_aq_fdsu_top/x_aq_fdsu_double/x_aq_fdsu_srt/ex2_bhalf_potnt_of,0,0.0,0.0,0.0,0.0,,0
x_aq_vpu_top/x_aq_fdsu_top/x_aq_fdsu_double/x_aq_fdsu_srt/ex2_bhalf_potnt_uf,0,0.0,0.0,0.0,0.0,,0
x_aq_vpu_top/x_aq_fdsu_top/x_aq_fdsu_double/x_aq_fdsu_srt/ex2_div_of,0,0.0,0.0,0.0,0.0,,0
x_aq_vpu_top/x_aq_fdsu_top/x_aq_fdsu_double/x_aq_fdsu_srt/ex2_doub_exp_potnt_of,0,0.0,0.0,0.0,0.0,,0
x_aq_vpu_top/x_aq_fdsu_top/x_aq_fdsu_double/x_aq_fdsu_srt/ex2_doub_exp_potnt_uf,0,0.0,0.0,0.0,0.0,,0
x_aq_vpu_top/x_aq_fdsu_top/x_aq_fdsu_double/x_aq_fdsu_srt/ex2_doub_expnt_of,0,0.0,0.0,0.0,0.0,,0
x_aq_vpu_top/x_aq_fdsu_top/x_aq_fdsu_double/x_aq_fdsu_srt/ex2_doub_expnt_uf,0,0.0,0.0,0.0,0.0,,0
x_aq_vpu_top/x_aq_fdsu_top/x_aq_fdsu_double/x_aq_fdsu_srt/ex2_doub_potnt_uf,0,0.0,0.0,0.0,0.0,,0
x_aq_vpu_top/x_aq_fdsu_top/x_aq_fdsu_double/x_aq_fdsu_srt/ex2_double_div_of,0,0.0,0.0,0.0,0.0,,0
x_aq_vpu_top/x_aq_fdsu_top/x_aq_fdsu_double/x_aq_fdsu_srt/ex2_double_div_uf,0,0.0,0.0,0.0,0.0,,0
x_aq_vpu_top/x_aq_fdsu_top/x_aq_fdsu_double/x_aq_fdsu_srt/ex2_double_id_nor_srt_skip,0,0.0,0.0,0.0,0.0,,0
x_aq_vpu_top/x_aq_fdsu_top/x_aq_fdsu_double/x_aq_fdsu_srt/ex2_double_potnt_of,0,0.0,0.0,0.0,0.0,,0
x_aq_vpu_top/x_aq_fdsu_top/x_aq_fdsu_double/x_aq_fdsu_srt/ex2_expnt_result[12:0],0,0.0,0.0,0.0,0.0,,0
x_aq_vpu_top/x_aq_fdsu_top/x_aq_fdsu_double/x_aq_fdsu_srt/ex2_half_div_of,0,0.0,0.0,0.0,0.0,,0
x_aq_vpu_top/x_aq_fdsu_top/x_aq_fdsu_double/x_aq_fdsu_srt/ex2_half_div_uf,0,0.0,0.0,0.0,0.0,,0
x_aq_vpu_top/x_aq_fdsu_top/x_aq_fdsu_double/x_aq_fdsu_srt/ex2_half_exp_potnt_of,0,0.0,0.0,0.0,0.0,,0
x_aq_vpu_top/x_aq_fdsu_top/x_aq_fdsu_double/x_aq_fdsu_srt/ex2_half_exp_potnt_uf,0,0.0,0.0,0.0,0.0,,0
x_aq_vpu_top/x_aq_fdsu_top/x_aq_fdsu_double/x_aq_fdsu_srt/ex2_half_expnt_of,0,0.0,0.0,0.0,0.0,,0
x_aq_vpu_top/x_aq_fdsu_top/x_aq_fdsu_double/x_aq_fdsu_srt/ex2_half_expnt_uf,0,0.0,0.0,0.0,0.0,,0
x_aq_vpu_top/x_aq_fdsu_top/x_aq_fdsu_double/x_aq_fdsu_srt/ex2_half_id_nor_srt_skip,0,0.0,0.0,0.0,0.0,,0
x_aq_vpu_top/x_aq_fdsu_top/x_aq_fdsu_double/x_aq_fdsu_srt/ex2_half_potnt_of,0,0.0,0.0,0.0,0.0,,0
x_aq_vpu_top/x_aq_fdsu_top/x_aq_fdsu_double/x_aq_fdsu_srt/ex2_half_potnt_uf,0,0.0,0.0,0.0,0.0,,0
x_aq_vpu_top/x_aq_fdsu_top/x_aq_fdsu_double/x_aq_fdsu_srt/ex2_id_nor_srt_skip,0,0.0,0.0,0.0,0.0,,0
x_aq_vpu_top/x_aq_fdsu_top/x_aq_fdsu_double/x_aq_fdsu_srt/ex2_of_plus,0,0.0,0.0,0.0,0.0,,0
x_aq_vpu_top/x_aq_fdsu_top/x_aq_fdsu_double/x_aq_fdsu_srt/ex2_sing_exp_potnt_of,0,0.0,0.0,0.0,0.0,,0
x_aq_vpu_top/x_aq_fdsu_top/x_aq_fdsu_double/x_aq_fdsu_srt/ex2_sing_exp_potnt_uf,0,0.0,0.0,0.0,0.0,,0
x_aq_vpu_top/x_aq_fdsu_top/x_aq_fdsu_double/x_aq_fdsu_srt/ex2_sing_expnt_of,0,0.0,0.0,0.0,0.0,,0
x_aq_vpu_top/x_aq_fdsu_top/x_aq_fdsu_double/x_aq_fdsu_srt/ex2_sing_expnt_uf,0,0.0,0.0,0.0,0.0,,0
x_aq_vpu_top/x_aq_fdsu_top/x_aq_fdsu_double/x_aq_fdsu_srt/ex2_sing_potnt_uf,0,0.0,0.0,0.0,0.0,,0
x_aq_vpu_top/x_aq_fdsu_top/x_aq_fdsu_double/x_aq_fdsu_srt/ex2_single_div_of,0,0.0,0.0,0.0,0.0,,0
x_aq_vpu_top/x_aq_fdsu_top/x_aq_fdsu_double/x_aq_fdsu_srt/ex2_single_div_uf,0,0.0,0.0,0.0,0.0,,0
x_aq_vpu_top/x_aq_fdsu_top/x_aq_fdsu_double/x_aq_fdsu_srt/ex2_single_id_nor_srt_skip,0,0.0,0.0,0.0,0.0,,0
x_aq_vpu_top/x_aq_fdsu_top/x_aq_fdsu_double/x_aq_fdsu_srt/ex2_single_potnt_of,0,0.0,0.0,0.0,0.0,,0
x_aq_vpu_top/x_aq_fdsu_top/x_aq_fdsu_double/x_aq_fdsu_srt/ex2_sqrt_expnt_result[12:0],0,0.0,0.0,0.0,0.0,,0
x_aq_vpu_top/x_aq_fdsu_top/x_aq_fdsu_double/x_aq_fdsu_srt/ex2_srt_expnt_rst[12:0],0,0.0,0.0,0.0,0.0,,0
x_aq_vpu_top/x_aq_fdsu_top/x_aq_fdsu_double/x_aq_fdsu_srt/ex2_uf,0,0.0,0.0,0.0,0.0,,0
x_aq_vpu_top/x_aq_fdsu_top/x_aq_fdsu_double/x_aq_fdsu_srt/ex2_uf_plus,0,0.0,0.0,0.0,0.0,,0
x_aq_vpu_top/x_aq_fdsu_top/x_aq_fdsu_double/x_aq_fdsu_srt/fdsu_ex2_expnt_rst[12:0],0,0.0,0.0,0.0,0.0,,0
x_aq_vpu_top/x_aq_fdsu_top/x_aq_fdsu_double/x_aq_fdsu_srt/fdsu_ex2_of_rm_lfn,0,0.0,0.0,0.0,0.0,,0
x_aq_vpu_top/x_aq_fdsu_top/x_aq_fdsu_double/x_aq_fdsu_srt/fdsu_ex2_op0_norm,1,3.330114222917846e-05,10.872,7.503742283460255,1.0,-0.003229515705865712,1
x_aq_vpu_top/x_aq_fdsu_top/x_aq_fdsu_double/x_aq_fdsu_srt/fdsu_ex2_op1_norm,1,3.330114222917846e-05,10.872,7.503742283460255,1.0,-0.003229515705865712,1
x_aq_vpu_top/x_aq_fdsu_top/x_aq_fdsu_double/x_aq_fdsu_srt/fdsu_ex2_result_lfn,0,0.0,0.0,0.0,0.0,,0
x_aq_vpu_top/x_aq_fdsu_top/x_aq_fdsu_double/x_aq_fdsu_srt/qt_rt_const_pre_sel_q1[57:0],2,6.660228445835692e-05,8.099999999999998,5.5905364694654205,1.0,0.0002704861125581901,2
x_aq_vpu_top/x_aq_fdsu_top/x_aq_fdsu_double/x_aq_fdsu_srt/qt_rt_const_pre_sel_q2[57:0],2,6.660228445835692e-05,8.099999999999998,5.5905364694654205,1.0,0.0002704861125581901,2
x_aq_vpu_top/x_aq_fdsu_top/x_aq_fdsu_double/x_aq_fdsu_srt/qt_rt_const_q1[57:0],2,6.660228445835692e-05,8.099999999999998,5.5905364694654205,1.0,0.0002704861125581901,2
x_aq_vpu_top/x_aq_fdsu_top/x_aq_fdsu_double/x_aq_fdsu_srt/qt_rt_const_q2[57:0],2,6.660228445835692e-05,8.099999999999998,5.5905364694654205,1.0,0.0002704861125581901,2
x_aq_vpu_top/x_aq_fdsu_top/x_aq_fdsu_double/x_aq_fdsu_srt/qt_rt_const_q3[57:0],2,6.660228445835692e-05,8.099999999999998,5.5905364694654205,1.0,0.0002704861125581384,2
x_aq_vpu_top/x_aq_fdsu_top/x_aq_fdsu_double/x_aq_fdsu_srt/qt_rt_mins_const_pre_sel_q1[57:0],0,0.0,0.0,0.0,0.0,,0
x_aq_vpu_top/x_aq_fdsu_top/x_aq_fdsu_double/x_aq_fdsu_srt/qt_rt_mins_const_pre_sel_q2[57:0],2,6.660228445835692e-05,8.099999999999998,5.5905364694654205,1.0,0.0002704861125581901,2
x_aq_vpu_top/x_aq_fdsu_top/x_aq_fdsu_double/x_aq_fdsu_srt/rem_sign,0,0.0,0.0,0.0,0.0,,0
x_aq_vpu_top/x_aq_fdsu_top/x_aq_fdsu_double/x_aq_fdsu_srt/sqrt_qt_1_rem_add_op1[59:0],2,6.660228445835692e-05,8.099999999999998,5.5905364694654205,1.0,0.00027048611255821927,56
x_aq_vpu_top/x_aq_fdsu_top/x_aq_fdsu_double/x_aq_fdsu_srt/sqrt_qt_1_rem_add_op1_h[18:0],2,6.660228445835692e-05,8.099999999999998,5.5905364694654205,1.0,0.0002704920134716421,15
x_aq_vpu_top/x_aq_fdsu_top/x_aq_fdsu_double/x_aq_fdsu_srt/sqrt_qt_1_rem_add_op1_s[30:0],2,6.660228445835692e-05,8.099999999999998,5.5905364694654205,1.0,0.0002704861139988713,27
x_aq_vpu_top/x_aq_fdsu_top/x_aq_fdsu_double/x_aq_fdsu_srt/sqrt_qt_2_rem_add_op1[59:0],2,6.660228445835692e-05,8.099999999999998,5.5905364694654205,1.0,0.00027048611255827196,58
x_aq_vpu_top/x_aq_fdsu_top/x_aq_fdsu_double/x_aq_fdsu_srt/sqrt_qt_2_rem_add_op1_h[18:0],2,6.660228445835692e-05,8.099999999999998,5.5905364694654205,1.0,0.00027048611255813606,16
x_aq_vpu_top/x_aq_fdsu_top/x_aq_fdsu_double/x_aq_fdsu_srt/sqrt_qt_2_rem_add_op1_s[30:0],2,6.660228445835692e-05,8.099999999999998,5.5905364694654205,1.0,0.00027048611255822463,28
x_aq_vpu_top/x_aq_fdsu_top/x_aq_fdsu_double/x_aq_fdsu_srt/sqrt_qt_r1_rem_add_op1[59:0],2,6.660228445835692e-05,8.099999999999998,5.5905364694654205,1.0,0.00027048611255821927,3
x_aq_vpu_top/x_aq_fdsu_top/x_aq_fdsu_double/x_aq_fdsu_srt/sqrt_qt_r1_rem_add_op1_h[18:0],2,6.660228445835692e-05,8.099999999999998,5.5905364694654205,1.0,0.00027048611255821927,3
x_aq_vpu_top/x_aq_fdsu_top/x_aq_fdsu_double/x_aq_fdsu_srt/sqrt_qt_r1_rem_add_op1_s[30:0],2,6.660228445835692e-05,8.099999999999998,5.5905364694654205,1.0,0.00027048611255821927,3
x_aq_vpu_top/x_aq_fdsu_top/x_aq_fdsu_double/x_aq_fdsu_srt/sqrt_qt_r2_rem_add_op1[59:0],2,6.660228445835692e-05,8.099999999999998,5.5905364694654205,1.0,0.0002704861125581384,2
x_aq_vpu_top/x_aq_fdsu_top/x_aq_fdsu_double/x_aq_fdsu_srt/sqrt_qt_r2_rem_add_op1_h[18:0],2,6.660228445835692e-05,8.099999999999998,5.5905364694654205,1.0,0.0002704861125581384,2
x_aq_vpu_top/x_aq_fdsu_top/x_aq_fdsu_double/x_aq_fdsu_srt/sqrt_qt_r2_rem_add_op1_s[30:0],2,6.660228445835692e-05,8.099999999999998,5.5905364694654205,1.0,0.0002704861125581384,2
x_aq_vpu_top/x_aq_fdsu_top/x_aq_fdsu_double/x_aq_fdsu_srt/srt_remainder_shift[59:0],0,0.0,0.0,0.0,0.0,,0
x_aq_vpu_top/x_aq_fdsu_top/x_aq_fdsu_double/x_aq_fdsu_srt/srt_remainder_shift_cur[59:0],0,0.0,0.0,0.0,0.0,,0
x_aq_vpu_top/x_aq_fdsu_top/x_aq_fdsu_double/x_aq_fdsu_srt/srt_remainder_shift_h[18:0],0,0.0,0.0,0.0,0.0,,0
x_aq_vpu_top/x_aq_fdsu_top/x_aq_fdsu_double/x_aq_fdsu_srt/srt_remainder_shift_s[30:0],0,0.0,0.0,0.0,0.0,,0
x_aq_vpu_top/x_aq_fdsu_top/x_aq_fdsu_double/x_aq_fdsu_srt/srt_remainder_sign,0,0.0,0.0,0.0,0.0,,0
x_aq_vpu_top/x_aq_fdsu_top/x_aq_fdsu_double/x_aq_fdsu_srt/srt_remainder_zero,1,3.330114222917846e-05,10.872,7.503742283460255,1.0,-0.003229515705865712,1
x_aq_vpu_top/x_aq_fdsu_top/x_aq_fdsu_double/x_aq_fdsu_srt/total_qt_rt_pre_sel[57:0],0,0.0,0.0,0.0,0.0,,0
x_aq_vpu_top/x_aq_fdsu_top/x_aq_fdsu_double/x_aq_fdsu_round/bhalf0_ex3_frac_add1_op1[9:0],1,3.330114222917846e-05,10.572000000000003,7.29668537718376,1.0,-0.00423755856826886,1
x_aq_vpu_top/x_aq_fdsu_top/x_aq_fdsu_double/x_aq_fdsu_round/bhalf0_ex3_frac_final_rst[9:0],0,0.0,0.0,0.0,0.0,,0
x_aq_vpu_top/x_aq_fdsu_top/x_aq_fdsu_double/x_aq_fdsu_round/bhalf0_ex3_frac_sub1_op1[9:0],2,6.660228445835692e-05,8.099999999999998,5.5905364694654205,1.0,0.0002718104928014557,8
x_aq_vpu_top/x_aq_fdsu_top/x_aq_fdsu_double/x_aq_fdsu_round/bhalf0_ex3_frac_sub1_op2[9:0],0,0.0,0.0,0.0,0.0,,0
x_aq_vpu_top/x_aq_fdsu_top/x_aq_fdsu_double/x_aq_fdsu_round/cp0_vpu_icg_en,0,0.0,0.0,0.0,0.0,,0
x_aq_vpu_top/x_aq_fdsu_top/x_aq_fdsu_double/x_aq_fdsu_round/cp0_yy_clk_en,1,3.330114222917846e-05,2.862,1.9753228858777825,0.0,0.004988007030259691,1
x_aq_vpu_top/x_aq_fdsu_top/x_aq_fdsu_double/x_aq_fdsu_round/double_ex3_frac_add1_op1[54:0],1,3.330114222917846e-05,10.572000000000003,7.29668537718376,1.0,-0.00423755856826886,1
x_aq_vpu_top/x_aq_fdsu_top/x_aq_fdsu_double/x_aq_fdsu_round/double_ex3_frac_final_rst[54:0],0,0.0,0.0,0.0,0.0,,0
x_aq_vpu_top/x_aq_fdsu_top/x_aq_fdsu_double/x_aq_fdsu_round/double_ex3_frac_sub1_op1[54:0],2,6.660228445835692e-05,8.099999999999998,5.5905364694654205,1.0,0.0002704861125581976,53
x_aq_vpu_top/x_aq_fdsu_top/x_aq_fdsu_double/x_aq_fdsu_round/double_ex3_frac_sub1_op2[54:0],0,0.0,0.0,0.0,0.0,,0
x_aq_vpu_top/x_aq_fdsu_top/x_aq_fdsu_double/x_aq_fdsu_round/double_pipe_ex3_expnt_adjust_result[12:0],0,0.0,0.0,0.0,0.0,,0
x_aq_vpu_top/x_aq_fdsu_top/x_aq_fdsu_double/x_aq_fdsu_round/double_pipe_ex3_expnt_rst[12:0],0,0.0,0.0,0.0,0.0,,0
x_aq_vpu_top/x_aq_fdsu_top/x_aq_fdsu_double/x_aq_fdsu_round/double_pipe_ex3_potnt_uf,0,0.0,0.0,0.0,0.0,,0
x_aq_vpu_top/x_aq_fdsu_top/x_aq_fdsu_double/x_aq_fdsu_round/double_pipe_ex3_result_denorm_round_add_num[52:0],0,0.0,0.0,0.0,0.0,,0
x_aq_vpu_top/x_aq_fdsu_top/x_aq_fdsu_double/x_aq_fdsu_round/double_pipe_ex3_result_inf,0,0.0,0.0,0.0,0.0,,0
x_aq_vpu_top/x_aq_fdsu_top/x_aq_fdsu_double/x_aq_fdsu_round/double_pipe_ex3_result_lfn,0,0.0,0.0,0.0,0.0,,0
x_aq_vpu_top/x_aq_fdsu_top/x_aq_fdsu_double/x_aq_fdsu_round/double_pipe_ex3_result_qnan,0,0.0,0.0,0.0,0.0,,0
x_aq_vpu_top/x_aq_fdsu_top/x_aq_fdsu_double/x_aq_fdsu_round/double_pipe_ex3_result_sign,0,0.0,0.0,0.0,0.0,,0
x_aq_vpu_top/x_aq_fdsu_top/x_aq_fdsu_double/x_aq_fdsu_round/double_pipe_ex3_result_zero,0,0.0,0.0,0.0,0.0,,0
x_aq_vpu_top/x_aq_fdsu_top/x_aq_fdsu_double/x_aq_fdsu_round/double_pipe_ex3_rslt_denorm,0,0.0,0.0,0.0,0.0,,0
x_aq_vpu_top/x_aq_fdsu_top/x_aq_fdsu_double/x_aq_fdsu_round/double_pipe_ex3_rslt_denorm_in,0,0.0,0.0,0.0,0.0,,0
x_aq_vpu_top/x_aq_fdsu_top/x_aq_fdsu_double/x_aq_fdsu_round/double_pipe_frac_add1_rst[54:0],0,0.0,0.0,0.0,0.0,,0
x_aq_vpu_top/x_aq_fdsu_top/x_aq_fdsu_double/x_aq_fdsu_round/double_pipe_frac_sub1_rst[54:0],0,0.0,0.0,0.0,0.0,,0
x_aq_vpu_top/x_aq_fdsu_top/x_aq_fdsu_double/x_aq_fdsu_round/double_pipe_total_qt_rt[57:0],0,0.0,0.0,0.0,0.0,,0
x_aq_vpu_top/x_aq_fdsu_top/x_aq_fdsu_double/x_aq_fdsu_round/double_total_qt_rt[57:0],0,0.0,0.0,0.0,0.0,,0
x_aq_vpu_top/x_aq_fdsu_top/x_aq_fdsu_double/x_aq_fdsu_round/ex3_pipedown,2,6.660228445835692e-05,8.55,5.901121828880168,1.0,0.17944175952243305,1
x_aq_vpu_top/x_aq_fdsu_top/x_aq_fdsu_double/x_aq_fdsu_round/fdsu_ex3_bhalf,0,0.0,0.0,0.0,0.0,,0
x_aq_vpu_top/x_aq_fdsu_top/x_aq_fdsu_double/x_aq_fdsu_round/fdsu_ex3_double,0,0.0,0.0,0.0,0.0,,0
x_aq_vpu_top/x_aq_fdsu_top/x_aq_fdsu_double/x_aq_fdsu_round/fdsu_ex3_half,0,0.0,0.0,0.0,0.0,,0
x_aq_vpu_top/x_aq_fdsu_top/x_aq_fdsu_double/x_aq_fdsu_round/fdsu_ex3_id_srt_skip,0,0.0,0.0,0.0,0.0,,0
x_aq_vpu_top/x_aq_fdsu_top/x_aq_fdsu_double/x_aq_fdsu_round/fdsu_ex3_rem_sign,0,0.0,0.0,0.0,0.0,,0
x_aq_vpu_top/x_aq_fdsu_top/x_aq_fdsu_double/x_aq_fdsu_round/fdsu_ex3_rem_zero,1,3.330114222917846e-05,10.572000000000003,7.29668537718376,1.0,-0.00423755856826886,1
x_aq_vpu_top/x_aq_fdsu_top/x_aq_fdsu_double/x_aq_fdsu_round/fdsu_ex3_single,0,0.0,0.0,0.0,0.0,,0
x_aq_vpu_top/x_aq_fdsu_top/x_aq_fdsu_double/x_aq_fdsu_round/fdsu_yy_rm[2:0],2,6.660228445835692e-05,9.846,6.795607663994635,1.0,-0.001818338626010649,2
x_aq_vpu_top/x_aq_fdsu_top/x_aq_fdsu_double/x_aq_fdsu_round/forever_cpuclk,0,0.0,0.0,0.0,0.0,,0
x_aq_vpu_top/x_aq_fdsu_top/x_aq_fdsu_double/x_aq_fdsu_round/half0_ex3_frac_add1_op1[12:0],1,3.330114222917846e-05,10.572000000000003,7.29668537718376,1.0,-0.00423755856826886,1
x_aq_vpu_top/x_aq_fdsu_top/x_aq_fdsu_double/x_aq_fdsu_round/half0_ex3_frac_final_rst[12:0],0,0.0,0.0,0.0,0.0,,0
x_aq_vpu_top/x_aq_fdsu_top/x_aq_fdsu_double/x_aq_fdsu_round/half0_ex3_frac_sub1_op1[12:0],2,6.660228445835692e-05,8.099999999999998,5.5905364694654205,1.0,0.0002706513770505547,11
x_aq_vpu_top/x_aq_fdsu_top/x_aq_fdsu_double/x_aq_fdsu_round/half0_ex3_frac_sub1_op2[12:0],0,0.0,0.0,0.0,0.0,,0
x_aq_vpu_top/x_aq_fdsu_top/x_aq_fdsu_double/x_aq_fdsu_round/half0_total_qt_rt[15:0],0,0.0,0.0,0.0,0.0,,0
x_aq_vpu_top/x_aq_fdsu_top/x_aq_fdsu_double/x_aq_fdsu_round/pad_yy_icg_scan_en,0,0.0,0.0,0.0,0.0,,0
x_aq_vpu_top/x_aq_fdsu_top/x_aq_fdsu_double/x_aq_fdsu_round/single0_ex3_frac_add1_op1[25:0],1,3.330114222917846e-05,10.572000000000003,7.29668537718376,1.0,-0.00423755856826886,1
x_aq_vpu_top/x_aq_fdsu_top/x_aq_fdsu_double/x_aq_fdsu_round/single0_ex3_frac_final_rst[25:0],0,0.0,0.0,0.0,0.0,,0
x_aq_vpu_top/x_aq_fdsu_top/x_aq_fdsu_double/x_aq_fdsu_round/single0_ex3_frac_sub1_op1[25:0],2,6.660228445835692e-05,8.099999999999998,5.5905364694654205,1.0,0.00027048613272718006,24
x_aq_vpu_top/x_aq_fdsu_top/x_aq_fdsu_double/x_aq_fdsu_round/single0_ex3_frac_sub1_op2[25:0],0,0.0,0.0,0.0,0.0,,0
x_aq_vpu_top/x_aq_fdsu_top/x_aq_fdsu_double/x_aq_fdsu_round/single0_total_qt_rt[27:0],0,0.0,0.0,0.0,0.0,,0
x_aq_vpu_top/x_aq_fdsu_top/x_aq_fdsu_double/x_aq_fdsu_round/bhalf0_frac_add1_op1[9:0],1,3.330114222917846e-05,8.82,6.087473044529015,1.0,-0.00040606668911224335,1
x_aq_vpu_top/x_aq_fdsu_top/x_aq_fdsu_double/x_aq_fdsu_round/bhalf0_frac_sub1_op1[9:0],1,3.330114222917846e-05,8.82,6.087473044529015,1.0,-0.0004060666891121571,1
x_aq_vpu_top/x_aq_fdsu_top/x_aq_fdsu_double/x_aq_fdsu_round/double_frac_add1_op1[54:0],1,3.330114222917846e-05,8.82,6.087473044529015,1.0,-0.00040606668911224335,1
x_aq_vpu_top/x_aq_fdsu_top/x_aq_fdsu_double/x_aq_fdsu_round/double_frac_sub1_op1[54:0],1,3.330114222917846e-05,8.82,6.087473044529015,1.0,,1
x_aq_vpu_top/x_aq_fdsu_top/x_aq_fdsu_double/x_aq_fdsu_round/ex3_bhalf_denorm_eq,0,0.0,0.0,0.0,0.0,,0
x_aq_vpu_top/x_aq_fdsu_top/x_aq_fdsu_double/x_aq_fdsu_round/ex3_bhalf_denorm_gr,0,0.0,0.0,0.0,0.0,,0
x_aq_vpu_top/x_aq_fdsu_top/x_aq_fdsu_double/x_aq_fdsu_round/ex3_bhalf_denorm_plus,0,0.0,0.0,0.0,0.0,,0
x_aq_vpu_top/x_aq_fdsu_top/x_aq_fdsu_double/x_aq_fdsu_round/ex3_bhalf_denorm_potnt_norm,0,0.0,0.0,0.0,0.0,,0
x_aq_vpu_top/x_aq_fdsu_top/x_aq_fdsu_double/x_aq_fdsu_round/ex3_bhalf_denorm_zero,1,3.330114222917846e-05,8.82,6.087473044529015,1.0,-0.00040606668911224335,1
x_aq_vpu_top/x_aq_fdsu_top/x_aq_fdsu_double/x_aq_fdsu_round/ex3_bhalf_eq,0,0.0,0.0,0.0,0.0,,0
x_aq_vpu_top/x_aq_fdsu_top/x_aq_fdsu_double/x_aq_fdsu_round/ex3_bhalf_gr,0,0.0,0.0,0.0,0.0,,0
x_aq_vpu_top/x_aq_fdsu_top/x_aq_fdsu_double/x_aq_fdsu_round/ex3_bhalf_low_not_zero,0,0.0,0.0,0.0,0.0,,0
x_aq_vpu_top/x_aq_fdsu_top/x_aq_fdsu_double/x_aq_fdsu_round/ex3_bhalf_rslt_denorm,0,0.0,0.0,0.0,0.0,,0
x_aq_vpu_top/x_aq_fdsu_top/x_aq_fdsu_double/x_aq_fdsu_round/ex3_bhalf_rst_eq_1,0,0.0,0.0,0.0,0.0,,0
x_aq_vpu_top/x_aq_fdsu_top/x_aq_fdsu_double/x_aq_fdsu_round/ex3_bhalf_zero,1,3.330114222917846e-05,8.82,6.087473044529015,1.0,-0.00040606668911224335,1
x_aq_vpu_top/x_aq_fdsu_top/x_aq_fdsu_double/x_aq_fdsu_round/ex3_denorm_eq,0,0.0,0.0,0.0,0.0,,0
x_aq_vpu_top/x_aq_fdsu_top/x_aq_fdsu_double/x_aq_fdsu_round/ex3_denorm_gr,0,0.0,0.0,0.0,0.0,,0
x_aq_vpu_top/x_aq_fdsu_top/x_aq_fdsu_double/x_aq_fdsu_round/ex3_denorm_lst_frac,0,0.0,0.0,0.0,0.0,,0
x_aq_vpu_top/x_aq_fdsu_top/x_aq_fdsu_double/x_aq_fdsu_round/ex3_denorm_nx,0,0.0,0.0,0.0,0.0,,0
x_aq_vpu_top/x_aq_fdsu_top/x_aq_fdsu_double/x_aq_fdsu_round/ex3_denorm_plus,0,0.0,0.0,0.0,0.0,,0
x_aq_vpu_top/x_aq_fdsu_top/x_aq_fdsu_double/x_aq_fdsu_round/ex3_denorm_potnt_norm,0,0.0,0.0,0.0,0.0,,0
x_aq_vpu_top/x_aq_fdsu_top/x_aq_fdsu_double/x_aq_fdsu_round/ex3_denorm_zero,0,0.0,0.0,0.0,0.0,,0
x_aq_vpu_top/x_aq_fdsu_top/x_aq_fdsu_double/x_aq_fdsu_round/ex3_doub_denorm_plus,0,0.0,0.0,0.0,0.0,,0
x_aq_vpu_top/x_aq_fdsu_top/x_aq_fdsu_double/x_aq_fdsu_round/ex3_doub_denorm_potnt_norm,0,0.0,0.0,0.0,0.0,,0
x_aq_vpu_top/x_aq_fdsu_top/x_aq_fdsu_double/x_aq_fdsu_round/ex3_doub_eq,0,0.0,0.0,0.0,0.0,,0
x_aq_vpu_top/x_aq_fdsu_top/x_aq_fdsu_double/x_aq_fdsu_round/ex3_doub_gr,0,0.0,0.0,0.0,0.0,,0
x_aq_vpu_top/x_aq_fdsu_top/x_aq_fdsu_double/x_aq_fdsu_round/ex3_doub_rslt_denorm,0,0.0,0.0,0.0,0.0,,0
x_aq_vpu_top/x_aq_fdsu_top/x_aq_fdsu_double/x_aq_fdsu_round/ex3_doub_rst_eq_1,0,0.0,0.0,0.0,0.0,,0
x_aq_vpu_top/x_aq_fdsu_top/x_aq_fdsu_double/x_aq_fdsu_round/ex3_doub_zero,1,3.330114222917846e-05,8.82,6.087473044529015,1.0,-0.00040606668911224335,1
x_aq_vpu_top/x_aq_fdsu_top/x_aq_fdsu_double/x_aq_fdsu_round/ex3_double_denorm_eq,0,0.0,0.0,0.0,0.0,,0
x_aq_vpu_top/x_aq_fdsu_top/x_aq_fdsu_double/x_aq_fdsu_round/ex3_double_denorm_gr,0,0.0,0.0,0.0,0.0,,0
x_aq_vpu_top/x_aq_fdsu_top/x_aq_fdsu_double/x_aq_fdsu_round/ex3_double_denorm_zero,1,3.330114222917846e-05,8.82,6.087473044529015,1.0,-0.00040606668911224335,1
x_aq_vpu_top/x_aq_fdsu_top/x_aq_fdsu_double/x_aq_fdsu_round/ex3_double_low_not_zero,0,0.0,0.0,0.0,0.0,,0
x_aq_vpu_top/x_aq_fdsu_top/x_aq_fdsu_double/x_aq_fdsu_round/ex3_expnt_adjst[12:0],0,0.0,0.0,0.0,0.0,,0
x_aq_vpu_top/x_aq_fdsu_top/x_aq_fdsu_double/x_aq_fdsu_round/ex3_half_denorm_eq,0,0.0,0.0,0.0,0.0,,0
x_aq_vpu_top/x_aq_fdsu_top/x_aq_fdsu_double/x_aq_fdsu_round/ex3_half_denorm_gr,0,0.0,0.0,0.0,0.0,,0
x_aq_vpu_top/x_aq_fdsu_top/x_aq_fdsu_double/x_aq_fdsu_round/ex3_half_denorm_plus,0,0.0,0.0,0.0,0.0,,0
x_aq_vpu_top/x_aq_fdsu_top/x_aq_fdsu_double/x_aq_fdsu_round/ex3_half_denorm_potnt_norm,0,0.0,0.0,0.0,0.0,,0
x_aq_vpu_top/x_aq_fdsu_top/x_aq_fdsu_double/x_aq_fdsu_round/ex3_half_denorm_zero,1,3.330114222917846e-05,8.82,6.087473044529015,1.0,-0.00040606668911224335,1
x_aq_vpu_top/x_aq_fdsu_top/x_aq_fdsu_double/x_aq_fdsu_round/ex3_half_eq,0,0.0,0.0,0.0,0.0,,0
x_aq_vpu_top/x_aq_fdsu_top/x_aq_fdsu_double/x_aq_fdsu_round/ex3_half_gr,0,0.0,0.0,0.0,0.0,,0
x_aq_vpu_top/x_aq_fdsu_top/x_aq_fdsu_double/x_aq_fdsu_round/ex3_half_low_not_zero,0,0.0,0.0,0.0,0.0,,0
x_aq_vpu_top/x_aq_fdsu_top/x_aq_fdsu_double/x_aq_fdsu_round/ex3_half_rslt_denorm,0,0.0,0.0,0.0,0.0,,0
x_aq_vpu_top/x_aq_fdsu_top/x_aq_fdsu_double/x_aq_fdsu_round/ex3_half_rst_eq_1,0,0.0,0.0,0.0,0.0,,0
x_aq_vpu_top/x_aq_fdsu_top/x_aq_fdsu_double/x_aq_fdsu_round/ex3_half_zero,1,3.330114222917846e-05,8.82,6.087473044529015,1.0,-0.00040606668911224335,1
x_aq_vpu_top/x_aq_fdsu_top/x_aq_fdsu_double/x_aq_fdsu_round/ex3_nx,1,3.330114222917846e-05,10.872,7.503742283460255,1.0,-0.003229515705865712,1
x_aq_vpu_top/x_aq_fdsu_top/x_aq_fdsu_double/x_aq_fdsu_round/ex3_pipe_clk,0,0.0,0.0,0.0,0.0,,0
x_aq_vpu_top/x_aq_fdsu_top/x_aq_fdsu_double/x_aq_fdsu_round/ex3_pipe_clk_en,2,6.660228445835692e-05,8.55,5.901121828880168,1.0,0.17944175952243305,1
x_aq_vpu_top/x_aq_fdsu_top/x_aq_fdsu_double/x_aq_fdsu_round/ex3_potnt_norm[1:0],0,0.0,0.0,0.0,0.0,,0
x_aq_vpu_top/x_aq_fdsu_top/x_aq_fdsu_double/x_aq_fdsu_round/ex3_qt_bhalf_lo1_not0,0,0.0,0.0,0.0,0.0,,0
x_aq_vpu_top/x_aq_fdsu_top/x_aq_fdsu_double/x_aq_fdsu_round/ex3_qt_bhalf_lo2_not0,0,0.0,0.0,0.0,0.0,,0
x_aq_vpu_top/x_aq_fdsu_top/x_aq_fdsu_double/x_aq_fdsu_round/ex3_qt_doub_lo2_not0,0,0.0,0.0,0.0,0.0,,0
x_aq_vpu_top/x_aq_fdsu_top/x_aq_fdsu_double/x_aq_fdsu_round/ex3_qt_doub_lo3_not0,0,0.0,0.0,0.0,0.0,,0
x_aq_vpu_top/x_aq_fdsu_top/x_aq_fdsu_double/x_aq_fdsu_round/ex3_qt_eq,0,0.0,0.0,0.0,0.0,,0
x_aq_vpu_top/x_aq_fdsu_top/x_aq_fdsu_double/x_aq_fdsu_round/ex3_qt_gr,0,0.0,0.0,0.0,0.0,,0
x_aq_vpu_top/x_aq_fdsu_top/x_aq_fdsu_double/x_aq_fdsu_round/ex3_qt_half_lo2_not0,0,0.0,0.0,0.0,0.0,,0
x_aq_vpu_top/x_aq_fdsu_top/x_aq_fdsu_double/x_aq_fdsu_round/ex3_qt_half_lo3_not0,0,0.0,0.0,0.0,0.0,,0
x_aq_vpu_top/x_aq_fdsu_top/x_aq_fdsu_double/x_aq_fdsu_round/ex3_qt_sing_lo3_not0,0,0.0,0.0,0.0,0.0,,0
x_aq_vpu_top/x_aq_fdsu_top/x_aq_fdsu_double/x_aq_fdsu_round/ex3_qt_sing_lo4_not0,0,0.0,0.0,0.0,0.0,,0
x_aq_vpu_top/x_aq_fdsu_top/x_aq_fdsu_double/x_aq_fdsu_round/ex3_qt_zero,0,0.0,0.0,0.0,0.0,,0
x_aq_vpu_top/x_aq_fdsu_top/x_aq_fdsu_double/x_aq_fdsu_round/ex3_rslt_denorm,0,0.0,0.0,0.0,0.0,,0
x_aq_vpu_top/x_aq_fdsu_top/x_aq_fdsu_double/x_aq_fdsu_round/ex3_rst_eq_1,0,0.0,0.0,0.0,0.0,,0
x_aq_vpu_top/x_aq_fdsu_top/x_aq_fdsu_double/x_aq_fdsu_round/ex3_rst_nor,1,3.330114222917846e-05,10.872,7.503742283460255,1.0,-0.003229515705865712,1
x_aq_vpu_top/x_aq_fdsu_top/x_aq_fdsu_double/x_aq_fdsu_round/ex3_sing_denorm_plus,0,0.0,0.0,0.0,0.0,,0
x_aq_vpu_top/x_aq_fdsu_top/x_aq_fdsu_double/x_aq_fdsu_round/ex3_sing_denorm_potnt_norm,0,0.0,0.0,0.0,0.0,,0
x_aq_vpu_top/x_aq_fdsu_top/x_aq_fdsu_double/x_aq_fdsu_round/ex3_sing_eq,0,0.0,0.0,0.0,0.0,,0
x_aq_vpu_top/x_aq_fdsu_top/x_aq_fdsu_double/x_aq_fdsu_round/ex3_sing_gr,0,0.0,0.0,0.0,0.0,,0
x_aq_vpu_top/x_aq_fdsu_top/x_aq_fdsu_double/x_aq_fdsu_round/ex3_sing_rslt_denorm,0,0.0,0.0,0.0,0.0,,0
x_aq_vpu_top/x_aq_fdsu_top/x_aq_fdsu_double/x_aq_fdsu_round/ex3_sing_rst_eq_1,0,0.0,0.0,0.0,0.0,,0
x_aq_vpu_top/x_aq_fdsu_top/x_aq_fdsu_double/x_aq_fdsu_round/ex3_sing_zero,1,3.330114222917846e-05,8.82,6.087473044529015,1.0,-0.00040606668911224335,1
x_aq_vpu_top/x_aq_fdsu_top/x_aq_fdsu_double/x_aq_fdsu_round/ex3_single_denorm_eq,0,0.0,0.0,0.0,0.0,,0
x_aq_vpu_top/x_aq_fdsu_top/x_aq_fdsu_double/x_aq_fdsu_round/ex3_single_denorm_gr,0,0.0,0.0,0.0,0.0,,0
x_aq_vpu_top/x_aq_fdsu_top/x_aq_fdsu_double/x_aq_fdsu_round/ex3_single_denorm_zero,1,3.330114222917846e-05,8.82,6.087473044529015,1.0,-0.00040606668911224335,1
x_aq_vpu_top/x_aq_fdsu_top/x_aq_fdsu_double/x_aq_fdsu_round/ex3_single_low_not_zero,0,0.0,0.0,0.0,0.0,,0
x_aq_vpu_top/x_aq_fdsu_top/x_aq_fdsu_double/x_aq_fdsu_round/expnt_m127,0,0.0,0.0,0.0,0.0,,0
x_aq_vpu_top/x_aq_fdsu_top/x_aq_fdsu_double/x_aq_fdsu_round/fdsu_ex3_expnt_rst[12:0],0,0.0,0.0,0.0,0.0,,0
x_aq_vpu_top/x_aq_fdsu_top/x_aq_fdsu_double/x_aq_fdsu_round/fdsu_ex3_potnt_uf,0,0.0,0.0,0.0,0.0,,0
x_aq_vpu_top/x_aq_fdsu_top/x_aq_fdsu_double/x_aq_fdsu_round/fdsu_ex3_result_inf,0,0.0,0.0,0.0,0.0,,0
x_aq_vpu_top/x_aq_fdsu_top/x_aq_fdsu_double/x_aq_fdsu_round/fdsu_ex3_result_lfn,0,0.0,0.0,0.0,0.0,,0
x_aq_vpu_top/x_aq_fdsu_top/x_aq_fdsu_double/x_aq_fdsu_round/fdsu_ex3_result_qnan,0,0.0,0.0,0.0,0.0,,0
x_aq_vpu_top/x_aq_fdsu_top/x_aq_fdsu_double/x_aq_fdsu_round/fdsu_ex3_result_sign,0,0.0,0.0,0.0,0.0,,0
x_aq_vpu_top/x_aq_fdsu_top/x_aq_fdsu_double/x_aq_fdsu_round/fdsu_ex3_result_zero,0,0.0,0.0,0.0,0.0,,0
x_aq_vpu_top/x_aq_fdsu_top/x_aq_fdsu_double/x_aq_fdsu_round/fdsu_ex3_rm[2:0],2,6.660228445835692e-05,9.846,6.795607663994635,1.0,-0.001818338626010649,2
x_aq_vpu_top/x_aq_fdsu_top/x_aq_fdsu_double/x_aq_fdsu_round/fdsu_ex3_rslt_denorm,0,0.0,0.0,0.0,0.0,,0
x_aq_vpu_top/x_aq_fdsu_top/x_aq_fdsu_double/x_aq_fdsu_round/frac_denorm_rdn_add_1,0,0.0,0.0,0.0,0.0,,0
x_aq_vpu_top/x_aq_fdsu_top/x_aq_fdsu_double/x_aq_fdsu_round/frac_denorm_rdn_sub_1,0,0.0,0.0,0.0,0.0,,0
x_aq_vpu_top/x_aq_fdsu_top/x_aq_fdsu_double/x_aq_fdsu_round/frac_denorm_rmm_add_1,0,0.0,0.0,0.0,0.0,,0
x_aq_vpu_top/x_aq_fdsu_top/x_aq_fdsu_double/x_aq_fdsu_round/frac_denorm_rne_add_1,0,0.0,0.0,0.0,0.0,,0
x_aq_vpu_top/x_aq_fdsu_top/x_aq_fdsu_double/x_aq_fdsu_round/frac_denorm_rtz_sub_1,0,0.0,0.0,0.0,0.0,,0
x_aq_vpu_top/x_aq_fdsu_top/x_aq_fdsu_double/x_aq_fdsu_round/frac_denorm_rup_add_1,1,3.330114222917846e-05,10.872,7.503742283460255,1.0,-0.003229515705865712,1
x_aq_vpu_top/x_aq_fdsu_top/x_aq_fdsu_double/x_aq_fdsu_round/frac_denorm_rup_sub_1,0,0.0,0.0,0.0,0.0,,0
x_aq_vpu_top/x_aq_fdsu_top/x_aq_fdsu_double/x_aq_fdsu_round/frac_final_rst[54:0],0,0.0,0.0,0.0,0.0,,0
x_aq_vpu_top/x_aq_fdsu_top/x_aq_fdsu_double/x_aq_fdsu_round/frac_rdn_add_1,0,0.0,0.0,0.0,0.0,,0
x_aq_vpu_top/x_aq_fdsu_top/x_aq_fdsu_double/x_aq_fdsu_round/frac_rdn_sub_1,0,0.0,0.0,0.0,0.0,,0
x_aq_vpu_top/x_aq_fdsu_top/x_aq_fdsu_double/x_aq_fdsu_round/frac_rmm_add_1,0,0.0,0.0,0.0,0.0,,0
x_aq_vpu_top/x_aq_fdsu_top/x_aq_fdsu_double/x_aq_fdsu_round/frac_rne_add_1,0,0.0,0.0,0.0,0.0,,0
x_aq_vpu_top/x_aq_fdsu_top/x_aq_fdsu_double/x_aq_fdsu_round/frac_rtz_sub_1,0,0.0,0.0,0.0,0.0,,0
x_aq_vpu_top/x_aq_fdsu_top/x_aq_fdsu_double/x_aq_fdsu_round/frac_rup_add_1,1,3.330114222917846e-05,10.872,7.503742283460255,1.0,-0.003229515705865712,1
x_aq_vpu_top/x_aq_fdsu_top/x_aq_fdsu_double/x_aq_fdsu_round/frac_rup_sub_1,0,0.0,0.0,0.0,0.0,,0
x_aq_vpu_top/x_aq_fdsu_top/x_aq_fdsu_double/x_aq_fdsu_round/frac_sub1_rst[54:0],0,0.0,0.0,0.0,0.0,,0
x_aq_vpu_top/x_aq_fdsu_top/x_aq_fdsu_double/x_aq_fdsu_round/half0_frac_add1_op1[12:0],1,3.330114222917846e-05,8.82,6.087473044529015,1.0,-0.00040606668911224335,1
x_aq_vpu_top/x_aq_fdsu_top/x_aq_fdsu_double/x_aq_fdsu_round/half0_frac_sub1_op1[12:0],1,3.330114222917846e-05,8.82,6.087473044529015,1.0,-0.0004060666891119481,1
x_aq_vpu_top/x_aq_fdsu_top/x_aq_fdsu_double/x_aq_fdsu_round/single0_frac_add1_op1[25:0],1,3.330114222917846e-05,8.82,6.087473044529015,1.0,-0.00040606668911224335,1
x_aq_vpu_top/x_aq_fdsu_top/x_aq_fdsu_double/x_aq_fdsu_round/single0_frac_sub1_op1[25:0],1,3.330114222917846e-05,8.82,6.087473044529015,1.0,-0.00040606668911198336,1
x_aq_vpu_top/x_aq_fdsu_top/x_aq_fdsu_double/x_aq_fdsu_round/x_ex3_pipe_clk/clk_in,0,0.0,0.0,0.0,0.0,,0
x_aq_vpu_top/x_aq_fdsu_top/x_aq_fdsu_double/x_aq_fdsu_round/x_ex3_pipe_clk/global_en,1,3.330114222917846e-05,2.862,1.9753228858777825,0.0,0.004988007030259691,1
x_aq_vpu_top/x_aq_fdsu_top/x_aq_fdsu_double/x_aq_fdsu_round/x_ex3_pipe_clk/module_en,0,0.0,0.0,0.0,0.0,,0
x_aq_vpu_top/x_aq_fdsu_top/x_aq_fdsu_double/x_aq_fdsu_round/x_ex3_pipe_clk/local_en,2,6.660228445835692e-05,8.55,5.901121828880168,1.0,0.17944175952243305,1
x_aq_vpu_top/x_aq_fdsu_top/x_aq_fdsu_double/x_aq_fdsu_round/x_ex3_pipe_clk/external_en,0,0.0,0.0,0.0,0.0,,0
x_aq_vpu_top/x_aq_fdsu_top/x_aq_fdsu_double/x_aq_fdsu_round/x_ex3_pipe_clk/pad_yy_icg_scan_en,0,0.0,0.0,0.0,0.0,,0
x_aq_vpu_top/x_aq_fdsu_top/x_aq_fdsu_double/x_aq_fdsu_round/x_ex3_pipe_clk/clk_out,0,0.0,0.0,0.0,0.0,,0
x_aq_vpu_top/x_aq_fdsu_top/x_aq_fdsu_double/x_aq_fdsu_round/x_ex3_pipe_clk/clk_en_bf_latch,2,6.660228445835692e-05,8.55,5.901121828880168,1.0,0.17944175952243305,1
x_aq_vpu_top/x_aq_fdsu_top/x_aq_fdsu_double/x_aq_fdsu_round/x_ex3_pipe_clk/SE,0,0.0,0.0,0.0,0.0,,0
x_aq_vpu_top/x_aq_fdsu_top/x_aq_fdsu_double/x_aq_fdsu_pack/bhalf0_denorm_shift_num[6:0],0,0.0,0.0,0.0,0.0,,0
x_aq_vpu_top/x_aq_fdsu_top/x_aq_fdsu_double/x_aq_fdsu_pack/bhalf0_denorm_shift_num_in[6:0],0,0.0,0.0,0.0,0.0,,0
x_aq_vpu_top/x_aq_fdsu_top/x_aq_fdsu_double/x_aq_fdsu_pack/bhalf0_denorm_shift_val[8:0],0,0.0,0.0,0.0,0.0,,0
x_aq_vpu_top/x_aq_fdsu_top/x_aq_fdsu_double/x_aq_fdsu_pack/bhalf0_denorm_to_tiny_frac,0,0.0,0.0,0.0,0.0,,0
x_aq_vpu_top/x_aq_fdsu_top/x_aq_fdsu_double/x_aq_fdsu_pack/bhalf0_ex4_qnan_f[7:0],0,0.0,0.0,0.0,0.0,,0
x_aq_vpu_top/x_aq_fdsu_top/x_aq_fdsu_double/x_aq_fdsu_pack/double_denorm_shift_num[51:0],0,0.0,0.0,0.0,0.0,,0
x_aq_vpu_top/x_aq_fdsu_top/x_aq_fdsu_double/x_aq_fdsu_pack/double_denorm_shift_num_in[51:0],0,0.0,0.0,0.0,0.0,,0
x_aq_vpu_top/x_aq_fdsu_top/x_aq_fdsu_double/x_aq_fdsu_pack/double_denorm_shift_val[11:0],0,0.0,0.0,0.0,0.0,,0
x_aq_vpu_top/x_aq_fdsu_top/x_aq_fdsu_double/x_aq_fdsu_pack/double_denorm_to_tiny_frac,0,0.0,0.0,0.0,0.0,,0
x_aq_vpu_top/x_aq_fdsu_top/x_aq_fdsu_double/x_aq_fdsu_pack/double_ex4_qnan_f[52:0],0,0.0,0.0,0.0,0.0,,0
x_aq_vpu_top/x_aq_fdsu_top/x_aq_fdsu_double/x_aq_fdsu_pack/double_pipe_ex4_denorm_to_tiny_frac,0,0.0,0.0,0.0,0.0,,0
x_aq_vpu_top/x_aq_fdsu_top/x_aq_fdsu_double/x_aq_fdsu_pack/double_pipe_ex4_dz,0,0.0,0.0,0.0,0.0,,0
x_aq_vpu_top/x_aq_fdsu_top/x_aq_fdsu_double/x_aq_fdsu_pack/double_pipe_ex4_expnt_rst[12:0],0,0.0,0.0,0.0,0.0,,0
x_aq_vpu_top/x_aq_fdsu_top/x_aq_fdsu_double/x_aq_fdsu_pack/double_pipe_ex4_expt[4:0],1,3.330114222917846e-05,10.572000000000003,7.29668537718376,1.0,-0.00423755856826886,1
x_aq_vpu_top/x_aq_fdsu_top/x_aq_fdsu_double/x_aq_fdsu_pack/double_pipe_ex4_nv,0,0.0,0.0,0.0,0.0,,0
x_aq_vpu_top/x_aq_fdsu_top/x_aq_fdsu_double/x_aq_fdsu_pack/double_pipe_ex4_nx,1,3.330114222917846e-05,10.572000000000003,7.29668537718376,1.0,-0.00423755856826886,1
x_aq_vpu_top/x_aq_fdsu_top/x_aq_fdsu_double/x_aq_fdsu_pack/double_pipe_ex4_of,0,0.0,0.0,0.0,0.0,,0
x_aq_vpu_top/x_aq_fdsu_top/x_aq_fdsu_double/x_aq_fdsu_pack/double_pipe_ex4_of_rm_lfn,0,0.0,0.0,0.0,0.0,,0
x_aq_vpu_top/x_aq_fdsu_top/x_aq_fdsu_double/x_aq_fdsu_pack/double_pipe_ex4_potnt_norm[1:0],0,0.0,0.0,0.0,0.0,,0
x_aq_vpu_top/x_aq_fdsu_top/x_aq_fdsu_double/x_aq_fdsu_pack/double_pipe_ex4_potnt_of,0,0.0,0.0,0.0,0.0,,0
x_aq_vpu_top/x_aq_fdsu_top/x_aq_fdsu_double/x_aq_fdsu_pack/double_pipe_ex4_potnt_uf,0,0.0,0.0,0.0,0.0,,0
x_aq_vpu_top/x_aq_fdsu_top/x_aq_fdsu_double/x_aq_fdsu_pack/double_pipe_ex4_result[63:0],0,0.0,0.0,0.0,0.0,,0
x_aq_vpu_top/x_aq_fdsu_top/x_aq_fdsu_double/x_aq_fdsu_pack/double_pipe_ex4_result_inf,0,0.0,0.0,0.0,0.0,,0
x_aq_vpu_top/x_aq_fdsu_top/x_aq_fdsu_double/x_aq_fdsu_pack/double_pipe_ex4_result_lfn,0,0.0,0.0,0.0,0.0,,0
x_aq_vpu_top/x_aq_fdsu_top/x_aq_fdsu_double/x_aq_fdsu_pack/double_pipe_ex4_result_nor,1,3.330114222917846e-05,10.572000000000003,7.29668537718376,1.0,-0.00423755856826886,1
x_aq_vpu_top/x_aq_fdsu_top/x_aq_fdsu_double/x_aq_fdsu_pack/double_pipe_ex4_result_qnan,0,0.0,0.0,0.0,0.0,,0
x_aq_vpu_top/x_aq_fdsu_top/x_aq_fdsu_double/x_aq_fdsu_pack/double_pipe_ex4_result_sign,0,0.0,0.0,0.0,0.0,,0
x_aq_vpu_top/x_aq_fdsu_top/x_aq_fdsu_double/x_aq_fdsu_pack/double_pipe_ex4_result_zero,0,0.0,0.0,0.0,0.0,,0
x_aq_vpu_top/x_aq_fdsu_top/x_aq_fdsu_double/x_aq_fdsu_pack/double_pipe_ex4_rslt_denorm,0,0.0,0.0,0.0,0.0,,0
x_aq_vpu_top/x_aq_fdsu_top/x_aq_fdsu_double/x_aq_fdsu_pack/double_pipe_ex4_uf,0,0.0,0.0,0.0,0.0,,0
x_aq_vpu_top/x_aq_fdsu_top/x_aq_fdsu_double/x_aq_fdsu_pack/double_pipe_fdsu_ex4_frac[54:0],0,0.0,0.0,0.0,0.0,,0
x_aq_vpu_top/x_aq_fdsu_top/x_aq_fdsu_double/x_aq_fdsu_pack/fdsu_ex4_bhalf,0,0.0,0.0,0.0,0.0,,0
x_aq_vpu_top/x_aq_fdsu_top/x_aq_fdsu_double/x_aq_fdsu_pack/fdsu_ex4_double,0,0.0,0.0,0.0,0.0,,0
x_aq_vpu_top/x_aq_fdsu_top/x_aq_fdsu_double/x_aq_fdsu_pack/fdsu_ex4_half,0,0.0,0.0,0.0,0.0,,0
x_aq_vpu_top/x_aq_fdsu_top/x_aq_fdsu_double/x_aq_fdsu_pack/fdsu_ex4_single,0,0.0,0.0,0.0,0.0,,0
x_aq_vpu_top/x_aq_fdsu_top/x_aq_fdsu_double/x_aq_fdsu_pack/half0_denorm_shift_num[9:0],0,0.0,0.0,0.0,0.0,,0
x_aq_vpu_top/x_aq_fdsu_top/x_aq_fdsu_double/x_aq_fdsu_pack/half0_denorm_shift_num_in[9:0],0,0.0,0.0,0.0,0.0,,0
x_aq_vpu_top/x_aq_fdsu_top/x_aq_fdsu_double/x_aq_fdsu_pack/half0_denorm_shift_val[5:0],0,0.0,0.0,0.0,0.0,,0
x_aq_vpu_top/x_aq_fdsu_top/x_aq_fdsu_double/x_aq_fdsu_pack/half0_denorm_to_tiny_frac,0,0.0,0.0,0.0,0.0,,0
x_aq_vpu_top/x_aq_fdsu_top/x_aq_fdsu_double/x_aq_fdsu_pack/half0_ex4_qnan_f[10:0],0,0.0,0.0,0.0,0.0,,0
x_aq_vpu_top/x_aq_fdsu_top/x_aq_fdsu_double/x_aq_fdsu_pack/single0_denorm_shift_num[22:0],0,0.0,0.0,0.0,0.0,,0
x_aq_vpu_top/x_aq_fdsu_top/x_aq_fdsu_double/x_aq_fdsu_pack/single0_denorm_shift_num_in[22:0],0,0.0,0.0,0.0,0.0,,0
x_aq_vpu_top/x_aq_fdsu_top/x_aq_fdsu_double/x_aq_fdsu_pack/single0_denorm_shift_val[8:0],0,0.0,0.0,0.0,0.0,,0
x_aq_vpu_top/x_aq_fdsu_top/x_aq_fdsu_double/x_aq_fdsu_pack/single0_denorm_to_tiny_frac,0,0.0,0.0,0.0,0.0,,0
x_aq_vpu_top/x_aq_fdsu_top/x_aq_fdsu_double/x_aq_fdsu_pack/single0_ex4_qnan_f[23:0],0,0.0,0.0,0.0,0.0,,0
x_aq_vpu_top/x_aq_fdsu_top/x_aq_fdsu_double/x_aq_fdsu_pack/ex4_bhalf_lfn[63:0],0,0.0,0.0,0.0,0.0,,0
x_aq_vpu_top/x_aq_fdsu_top/x_aq_fdsu_double/x_aq_fdsu_pack/ex4_bhalf_rst_inf[63:0],0,0.0,0.0,0.0,0.0,,0
x_aq_vpu_top/x_aq_fdsu_top/x_aq_fdsu_double/x_aq_fdsu_pack/ex4_bhalf_rst_norm[63:0],2,6.660228445835692e-05,9.846,6.795607663994635,1.0,-0.0016062598667285057,8
x_aq_vpu_top/x_aq_fdsu_top/x_aq_fdsu_double/x_aq_fdsu_pack/ex4_cor_nx,1,3.330114222917846e-05,10.572000000000003,7.29668537718376,1.0,-0.00423755856826886,1
x_aq_vpu_top/x_aq_fdsu_top/x_aq_fdsu_double/x_aq_fdsu_pack/ex4_cor_uf,0,0.0,0.0,0.0,0.0,,0
x_aq_vpu_top/x_aq_fdsu_top/x_aq_fdsu_double/x_aq_fdsu_pack/ex4_denorm_potnt_norm,0,0.0,0.0,0.0,0.0,,0
x_aq_vpu_top/x_aq_fdsu_top/x_aq_fdsu_double/x_aq_fdsu_pack/ex4_denorm_result[63:0],0,0.0,0.0,0.0,0.0,,0
x_aq_vpu_top/x_aq_fdsu_top/x_aq_fdsu_double/x_aq_fdsu_pack/ex4_doub_lfn[63:0],0,0.0,0.0,0.0,0.0,,0
x_aq_vpu_top/x_aq_fdsu_top/x_aq_fdsu_double/x_aq_fdsu_pack/ex4_doub_rst_inf[63:0],0,0.0,0.0,0.0,0.0,,0
x_aq_vpu_top/x_aq_fdsu_top/x_aq_fdsu_double/x_aq_fdsu_pack/ex4_doub_rst_norm[63:0],2,6.660228445835692e-05,9.846,6.795607663994635,1.0,-0.0018183386260108019,11
x_aq_vpu_top/x_aq_fdsu_top/x_aq_fdsu_double/x_aq_fdsu_pack/ex4_expnt_rst[12:0],2,6.660228445835692e-05,9.846,6.795607663994635,1.0,-0.001817993840084779,11
x_aq_vpu_top/x_aq_fdsu_top/x_aq_fdsu_double/x_aq_fdsu_pack/ex4_expt[4:0],1,3.330114222917846e-05,10.572000000000003,7.29668537718376,1.0,-0.00423755856826886,1
x_aq_vpu_top/x_aq_fdsu_top/x_aq_fdsu_double/x_aq_fdsu_pack/ex4_final_rst_norm,1,3.330114222917846e-05,10.572000000000003,7.29668537718376,1.0,-0.00423755856826886,1
x_aq_vpu_top/x_aq_fdsu_top/x_aq_fdsu_double/x_aq_fdsu_pack/ex4_frac[54:0],0,0.0,0.0,0.0,0.0,,0
x_aq_vpu_top/x_aq_fdsu_top/x_aq_fdsu_double/x_aq_fdsu_pack/ex4_half_lfn[63:0],0,0.0,0.0,0.0,0.0,,0
x_aq_vpu_top/x_aq_fdsu_top/x_aq_fdsu_double/x_aq_fdsu_pack/ex4_half_rst_inf[63:0],0,0.0,0.0,0.0,0.0,,0
x_aq_vpu_top/x_aq_fdsu_top/x_aq_fdsu_double/x_aq_fdsu_pack/ex4_half_rst_norm[63:0],2,6.660228445835692e-05,9.846,6.795607663994635,1.0,-0.0016062598667285057,5
x_aq_vpu_top/x_aq_fdsu_top/x_aq_fdsu_double/x_aq_fdsu_pack/ex4_of_plus,0,0.0,0.0,0.0,0.0,,0
x_aq_vpu_top/x_aq_fdsu_top/x_aq_fdsu_double/x_aq_fdsu_pack/ex4_result_inf,0,0.0,0.0,0.0,0.0,,0
x_aq_vpu_top/x_aq_fdsu_top/x_aq_fdsu_double/x_aq_fdsu_pack/ex4_result_lfn,0,0.0,0.0,0.0,0.0,,0
x_aq_vpu_top/x_aq_fdsu_top/x_aq_fdsu_double/x_aq_fdsu_pack/ex4_result_zero,0,0.0,0.0,0.0,0.0,,0
x_aq_vpu_top/x_aq_fdsu_top/x_aq_fdsu_double/x_aq_fdsu_pack/ex4_rslt_denorm,0,0.0,0.0,0.0,0.0,,0
x_aq_vpu_top/x_aq_fdsu_top/x_aq_fdsu_double/x_aq_fdsu_pack/ex4_rslt_qnan,0,0.0,0.0,0.0,0.0,,0
x_aq_vpu_top/x_aq_fdsu_top/x_aq_fdsu_double/x_aq_fdsu_pack/ex4_rst_inf[63:0],0,0.0,0.0,0.0,0.0,,0
x_aq_vpu_top/x_aq_fdsu_top/x_aq_fdsu_double/x_aq_fdsu_pack/ex4_rst_lfn[63:0],0,0.0,0.0,0.0,0.0,,0
x_aq_vpu_top/x_aq_fdsu_top/x_aq_fdsu_double/x_aq_fdsu_pack/ex4_rst_nor,1,3.330114222917846e-05,10.572000000000003,7.29668537718376,1.0,-0.00423755856826886,1
x_aq_vpu_top/x_aq_fdsu_top/x_aq_fdsu_double/x_aq_fdsu_pack/ex4_rst_norm[63:0],0,0.0,0.0,0.0,0.0,,0
x_aq_vpu_top/x_aq_fdsu_top/x_aq_fdsu_double/x_aq_fdsu_pack/ex4_rst_qnan[63:0],0,0.0,0.0,0.0,0.0,,0
x_aq_vpu_top/x_aq_fdsu_top/x_aq_fdsu_double/x_aq_fdsu_pack/ex4_rst_zero[63:0],0,0.0,0.0,0.0,0.0,,0
x_aq_vpu_top/x_aq_fdsu_top/x_aq_fdsu_double/x_aq_fdsu_pack/ex4_sing_lfn[63:0],0,0.0,0.0,0.0,0.0,,0
x_aq_vpu_top/x_aq_fdsu_top/x_aq_fdsu_double/x_aq_fdsu_pack/ex4_sing_rst_inf[63:0],0,0.0,0.0,0.0,0.0,,0
x_aq_vpu_top/x_aq_fdsu_top/x_aq_fdsu_double/x_aq_fdsu_pack/ex4_sing_rst_norm[63:0],2,6.660228445835692e-05,9.846,6.795607663994635,1.0,-0.0018183386260057879,8
x_aq_vpu_top/x_aq_fdsu_top/x_aq_fdsu_double/x_aq_fdsu_pack/ex4_uf_plus,0,0.0,0.0,0.0,0.0,,0
x_aq_vpu_top/x_aq_fdsu_top/x_aq_fdsu_double/x_aq_fdsu_pack/fdsu_ex4_dz,0,0.0,0.0,0.0,0.0,,0
x_aq_vpu_top/x_aq_fdsu_top/x_aq_fdsu_double/x_aq_fdsu_pack/fdsu_ex4_expnt_rst[12:0],0,0.0,0.0,0.0,0.0,,0
x_aq_vpu_top/x_aq_fdsu_top/x_aq_fdsu_double/x_aq_fdsu_pack/fdsu_ex4_nv,0,0.0,0.0,0.0,0.0,,0
x_aq_vpu_top/x_aq_fdsu_top/x_aq_fdsu_double/x_aq_fdsu_pack/fdsu_ex4_nx,1,3.330114222917846e-05,10.572000000000003,7.29668537718376,1.0,-0.00423755856826886,1
x_aq_vpu_top/x_aq_fdsu_top/x_aq_fdsu_double/x_aq_fdsu_pack/fdsu_ex4_of,0,0.0,0.0,0.0,0.0,,0
x_aq_vpu_top/x_aq_fdsu_top/x_aq_fdsu_double/x_aq_fdsu_pack/fdsu_ex4_of_rst_lfn,0,0.0,0.0,0.0,0.0,,0
x_aq_vpu_top/x_aq_fdsu_top/x_aq_fdsu_double/x_aq_fdsu_pack/fdsu_ex4_potnt_norm[1:0],0,0.0,0.0,0.0,0.0,,0
x_aq_vpu_top/x_aq_fdsu_top/x_aq_fdsu_double/x_aq_fdsu_pack/fdsu_ex4_potnt_of,0,0.0,0.0,0.0,0.0,,0
x_aq_vpu_top/x_aq_fdsu_top/x_aq_fdsu_double/x_aq_fdsu_pack/fdsu_ex4_potnt_uf,0,0.0,0.0,0.0,0.0,,0
x_aq_vpu_top/x_aq_fdsu_top/x_aq_fdsu_double/x_aq_fdsu_pack/fdsu_ex4_result_inf,0,0.0,0.0,0.0,0.0,,0
x_aq_vpu_top/x_aq_fdsu_top/x_aq_fdsu_double/x_aq_fdsu_pack/fdsu_ex4_result_lfn,0,0.0,0.0,0.0,0.0,,0
x_aq_vpu_top/x_aq_fdsu_top/x_aq_fdsu_double/x_aq_fdsu_pack/fdsu_ex4_result_nor,1,3.330114222917846e-05,10.572000000000003,7.29668537718376,1.0,-0.00423755856826886,1
x_aq_vpu_top/x_aq_fdsu_top/x_aq_fdsu_double/x_aq_fdsu_pack/fdsu_ex4_result_sign,0,0.0,0.0,0.0,0.0,,0
x_aq_vpu_top/x_aq_fdsu_top/x_aq_fdsu_double/x_aq_fdsu_pack/fdsu_ex4_rslt_denorm,0,0.0,0.0,0.0,0.0,,0
x_aq_vpu_top/x_aq_fdsu_top/x_aq_fdsu_double/x_aq_fdsu_pack/fdsu_ex4_uf,0,0.0,0.0,0.0,0.0,,0
x_aq_vpu_top/x_aq_fdsu_top/x_aq_fdsu_double/x_aq_fdsu_double_dp/ex1_pipe_clk,0,0.0,0.0,0.0,0.0,,0
x_aq_vpu_top/x_aq_fdsu_top/x_aq_fdsu_double/x_aq_fdsu_double_dp/ex1_pipedown,2,6.660228445835692e-05,8.55,5.901121828880168,1.0,0.17944175952243305,1
x_aq_vpu_top/x_aq_fdsu_top/x_aq_fdsu_double/x_aq_fdsu_double_dp/ex2_pipe_clk,0,0.0,0.0,0.0,0.0,,0
x_aq_vpu_top/x_aq_fdsu_top/x_aq_fdsu_double/x_aq_fdsu_double_dp/ex2_pipedown,2,6.660228445835692e-05,8.55,5.901121828880168,1.0,0.17944175952243305,1
x_aq_vpu_top/x_aq_fdsu_top/x_aq_fdsu_double/x_aq_fdsu_double_dp/ex3_pipedown,2,6.660228445835692e-05,8.55,5.901121828880168,1.0,0.17944175952243305,1
x_aq_vpu_top/x_aq_fdsu_top/x_aq_fdsu_double/x_aq_fdsu_double_dp/expnt_rst_clk,0,0.0,0.0,0.0,0.0,,0
x_aq_vpu_top/x_aq_fdsu_top/x_aq_fdsu_double/x_aq_fdsu_double_dp/fdsu_ex1_dz,0,0.0,0.0,0.0,0.0,,0
x_aq_vpu_top/x_aq_fdsu_top/x_aq_fdsu_double/x_aq_fdsu_double_dp/fdsu_ex1_expnt_adder_op0[12:0],0,0.0,0.0,0.0,0.0,,0
x_aq_vpu_top/x_aq_fdsu_top/x_aq_fdsu_double/x_aq_fdsu_double_dp/fdsu_ex1_id_expnt_f[12:0],0,0.0,0.0,0.0,0.0,,0
x_aq_vpu_top/x_aq_fdsu_top/x_aq_fdsu_double/x_aq_fdsu_double_dp/fdsu_ex1_nv,0,0.0,0.0,0.0,0.0,,0
x_aq_vpu_top/x_aq_fdsu_top/x_aq_fdsu_double/x_aq_fdsu_double_dp/fdsu_ex1_of_result_lfn,0,0.0,0.0,0.0,0.0,,0
x_aq_vpu_top/x_aq_fdsu_top/x_aq_fdsu_double/x_aq_fdsu_double_dp/fdsu_ex1_op0_id_expnt_neg[12:0],0,0.0,0.0,0.0,0.0,,0
x_aq_vpu_top/x_aq_fdsu_top/x_aq_fdsu_double/x_aq_fdsu_double_dp/fdsu_ex1_op0_norm,13,0.00043291484897932,2.830307692307692,1.9534491819326751,0.6923076923076923,-0.0077228868505686615,1
x_aq_vpu_top/x_aq_fdsu_top/x_aq_fdsu_double/x_aq_fdsu_double_dp/fdsu_ex1_op1_norm,16,0.0005328182756668553,2.3358750000000006,1.612196836495376,0.8125,0.013552752795679319,1
x_aq_vpu_top/x_aq_fdsu_top/x_aq_fdsu_double/x_aq_fdsu_double_dp/fdsu_ex1_result_inf,0,0.0,0.0,0.0,0.0,,0
x_aq_vpu_top/x_aq_fdsu_top/x_aq_fdsu_double/x_aq_fdsu_double_dp/fdsu_ex1_result_lfn,0,0.0,0.0,0.0,0.0,,0
x_aq_vpu_top/x_aq_fdsu_top/x_aq_fdsu_double/x_aq_fdsu_double_dp/fdsu_ex1_result_qnan,0,0.0,0.0,0.0,0.0,,0
x_aq_vpu_top/x_aq_fdsu_top/x_aq_fdsu_double/x_aq_fdsu_double_dp/fdsu_ex1_result_sign,0,0.0,0.0,0.0,0.0,,0
x_aq_vpu_top/x_aq_fdsu_top/x_aq_fdsu_double/x_aq_fdsu_double_dp/fdsu_ex1_result_zero,0,0.0,0.0,0.0,0.0,,0
x_aq_vpu_top/x_aq_fdsu_top/x_aq_fdsu_double/x_aq_fdsu_double_dp/fdsu_ex1_save_op0,0,0.0,0.0,0.0,0.0,,0
x_aq_vpu_top/x_aq_fdsu_top/x_aq_fdsu_double/x_aq_fdsu_double_dp/fdsu_ex2_expnt_adder_op0[12:0],0,0.0,0.0,0.0,0.0,,0
x_aq_vpu_top/x_aq_fdsu_top/x_aq_fdsu_double/x_aq_fdsu_double_dp/fdsu_ex2_of,0,0.0,0.0,0.0,0.0,,0
x_aq_vpu_top/x_aq_fdsu_top/x_aq_fdsu_double/x_aq_fdsu_double_dp/fdsu_ex2_of_rm_lfn,0,0.0,0.0,0.0,0.0,,0
x_aq_vpu_top/x_aq_fdsu_top/x_aq_fdsu_double/x_aq_fdsu_double_dp/fdsu_ex2_op0_norm,1,3.330114222917846e-05,10.872,7.503742283460255,1.0,-0.003229515705865712,1
x_aq_vpu_top/x_aq_fdsu_top/x_aq_fdsu_double/x_aq_fdsu_double_dp/fdsu_ex2_op1_norm,1,3.330114222917846e-05,10.872,7.503742283460255,1.0,-0.003229515705865712,1
x_aq_vpu_top/x_aq_fdsu_top/x_aq_fdsu_double/x_aq_fdsu_double_dp/fdsu_ex2_potnt_of,0,0.0,0.0,0.0,0.0,,0
x_aq_vpu_top/x_aq_fdsu_top/x_aq_fdsu_double/x_aq_fdsu_double_dp/fdsu_ex2_potnt_uf,0,0.0,0.0,0.0,0.0,,0
x_aq_vpu_top/x_aq_fdsu_top/x_aq_fdsu_double/x_aq_fdsu_double_dp/fdsu_ex2_result_inf,0,0.0,0.0,0.0,0.0,,0
x_aq_vpu_top/x_aq_fdsu_top/x_aq_fdsu_double/x_aq_fdsu_double_dp/fdsu_ex2_result_lfn,0,0.0,0.0,0.0,0.0,,0
x_aq_vpu_top/x_aq_fdsu_top/x_aq_fdsu_double/x_aq_fdsu_double_dp/fdsu_ex2_rslt_denorm,0,0.0,0.0,0.0,0.0,,0
x_aq_vpu_top/x_aq_fdsu_top/x_aq_fdsu_double/x_aq_fdsu_double_dp/fdsu_ex2_srt_expnt_rst[12:0],0,0.0,0.0,0.0,0.0,,0
x_aq_vpu_top/x_aq_fdsu_top/x_aq_fdsu_double/x_aq_fdsu_double_dp/fdsu_ex2_uf,0,0.0,0.0,0.0,0.0,,0
x_aq_vpu_top/x_aq_fdsu_top/x_aq_fdsu_double/x_aq_fdsu_double_dp/fdsu_ex3_expnt_adjust_result[12:0],0,0.0,0.0,0.0,0.0,,0
x_aq_vpu_top/x_aq_fdsu_top/x_aq_fdsu_double/x_aq_fdsu_double_dp/fdsu_ex3_expnt_rst[12:0],0,0.0,0.0,0.0,0.0,,0
x_aq_vpu_top/x_aq_fdsu_top/x_aq_fdsu_double/x_aq_fdsu_double_dp/fdsu_ex3_potnt_uf,0,0.0,0.0,0.0,0.0,,0
x_aq_vpu_top/x_aq_fdsu_top/x_aq_fdsu_double/x_aq_fdsu_double_dp/fdsu_ex3_result_inf,0,0.0,0.0,0.0,0.0,,0
x_aq_vpu_top/x_aq_fdsu_top/x_aq_fdsu_double/x_aq_fdsu_double_dp/fdsu_ex3_result_lfn,0,0.0,0.0,0.0,0.0,,0
x_aq_vpu_top/x_aq_fdsu_top/x_aq_fdsu_double/x_aq_fdsu_double_dp/fdsu_ex3_result_qnan,0,0.0,0.0,0.0,0.0,,0
x_aq_vpu_top/x_aq_fdsu_top/x_aq_fdsu_double/x_aq_fdsu_double_dp/fdsu_ex3_result_sign,0,0.0,0.0,0.0,0.0,,0
x_aq_vpu_top/x_aq_fdsu_top/x_aq_fdsu_double/x_aq_fdsu_double_dp/fdsu_ex3_result_zero,0,0.0,0.0,0.0,0.0,,0
x_aq_vpu_top/x_aq_fdsu_top/x_aq_fdsu_double/x_aq_fdsu_double_dp/fdsu_ex3_rslt_denorm,0,0.0,0.0,0.0,0.0,,0
x_aq_vpu_top/x_aq_fdsu_top/x_aq_fdsu_double/x_aq_fdsu_double_dp/fdsu_ex3_rslt_denorm_in,0,0.0,0.0,0.0,0.0,,0
x_aq_vpu_top/x_aq_fdsu_top/x_aq_fdsu_double/x_aq_fdsu_double_dp/fdsu_ex4_dz,0,0.0,0.0,0.0,0.0,,0
x_aq_vpu_top/x_aq_fdsu_top/x_aq_fdsu_double/x_aq_fdsu_double_dp/fdsu_ex4_expnt_rst[12:0],0,0.0,0.0,0.0,0.0,,0
x_aq_vpu_top/x_aq_fdsu_top/x_aq_fdsu_double/x_aq_fdsu_double_dp/fdsu_ex4_nv,0,0.0,0.0,0.0,0.0,,0
x_aq_vpu_top/x_aq_fdsu_top/x_aq_fdsu_double/x_aq_fdsu_double_dp/fdsu_ex4_of,0,0.0,0.0,0.0,0.0,,0
x_aq_vpu_top/x_aq_fdsu_top/x_aq_fdsu_double/x_aq_fdsu_double_dp/fdsu_ex4_of_rm_lfn,0,0.0,0.0,0.0,0.0,,0
x_aq_vpu_top/x_aq_fdsu_top/x_aq_fdsu_double/x_aq_fdsu_double_dp/fdsu_ex4_potnt_of,0,0.0,0.0,0.0,0.0,,0
x_aq_vpu_top/x_aq_fdsu_top/x_aq_fdsu_double/x_aq_fdsu_double_dp/fdsu_ex4_potnt_uf,0,0.0,0.0,0.0,0.0,,0
x_aq_vpu_top/x_aq_fdsu_top/x_aq_fdsu_double/x_aq_fdsu_double_dp/fdsu_ex4_result_inf,0,0.0,0.0,0.0,0.0,,0
x_aq_vpu_top/x_aq_fdsu_top/x_aq_fdsu_double/x_aq_fdsu_double_dp/fdsu_ex4_result_lfn,0,0.0,0.0,0.0,0.0,,0
x_aq_vpu_top/x_aq_fdsu_top/x_aq_fdsu_double/x_aq_fdsu_double_dp/fdsu_ex4_result_qnan,0,0.0,0.0,0.0,0.0,,0
x_aq_vpu_top/x_aq_fdsu_top/x_aq_fdsu_double/x_aq_fdsu_double_dp/fdsu_ex4_result_sign,0,0.0,0.0,0.0,0.0,,0
x_aq_vpu_top/x_aq_fdsu_top/x_aq_fdsu_double/x_aq_fdsu_double_dp/fdsu_ex4_result_zero,0,0.0,0.0,0.0,0.0,,0
x_aq_vpu_top/x_aq_fdsu_top/x_aq_fdsu_double/x_aq_fdsu_double_dp/fdsu_ex4_rslt_denorm,0,0.0,0.0,0.0,0.0,,0
x_aq_vpu_top/x_aq_fdsu_top/x_aq_fdsu_double/x_aq_fdsu_double_dp/fdsu_ex4_uf,0,0.0,0.0,0.0,0.0,,0
x_aq_vpu_top/x_aq_fdsu_top/x_aq_fdsu_double/x_aq_fdsu_double_dp/fdsu_op0_ff1_cnt[12:0],0,0.0,0.0,0.0,0.0,,0
x_aq_vpu_top/x_aq_fdsu_top/x_aq_fdsu_double/x_aq_fdsu_double_dp/fdsu_op0_id_expnt[12:0],0,0.0,0.0,0.0,0.0,,0
x_aq_vpu_top/x_aq_fdsu_top/x_aq_fdsu_double/x_aq_fdsu_double_dp/fdsu_save_op0_neg_expnt,0,0.0,0.0,0.0,0.0,,0
x_aq_vpu_top/x_aq_fdsu_top/x_aq_fdsu_double/x_aq_fdsu_double_dp/ex2_result_inf,0,0.0,0.0,0.0,0.0,,0
x_aq_vpu_top/x_aq_fdsu_top/x_aq_fdsu_double/x_aq_fdsu_double_dp/ex2_result_lfn,0,0.0,0.0,0.0,0.0,,0
x_aq_vpu_top/x_aq_fdsu_top/x_aq_fdsu_scalar_dp/bhalf0_denorm_shift_num[6:0],0,0.0,0.0,0.0,0.0,,0
x_aq_vpu_top/x_aq_fdsu_top/x_aq_fdsu_scalar_dp/bhalf0_denorm_shift_num_in[6:0],0,0.0,0.0,0.0,0.0,,0
x_aq_vpu_top/x_aq_fdsu_top/x_aq_fdsu_scalar_dp/bhalf0_denorm_shift_val[8:0],0,0.0,0.0,0.0,0.0,,0
x_aq_vpu_top/x_aq_fdsu_top/x_aq_fdsu_scalar_dp/bhalf0_denorm_to_tiny_frac,0,0.0,0.0,0.0,0.0,,0
x_aq_vpu_top/x_aq_fdsu_top/x_aq_fdsu_scalar_dp/bhalf0_ex1_divisor[7:0],28,0.0009324319824169969,2.7744642857142865,1.914906638582105,0.7857142857142857,0.12802520160871803,2
x_aq_vpu_top/x_aq_fdsu_top/x_aq_fdsu_scalar_dp/bhalf0_ex1_ff1_frac[6:0],0,0.0,0.0,0.0,0.0,,0
x_aq_vpu_top/x_aq_fdsu_top/x_aq_fdsu_scalar_dp/bhalf0_ex1_id_frac[6:0],0,0.0,0.0,0.0,0.0,,0
x_aq_vpu_top/x_aq_fdsu_top/x_aq_fdsu_scalar_dp/bhalf0_ex1_id_frac_f[6:0],0,0.0,0.0,0.0,0.0,,0
x_aq_vpu_top/x_aq_fdsu_top/x_aq_fdsu_scalar_dp/bhalf0_ex1_qnan_f[7:0],0,0.0,0.0,0.0,0.0,,0
x_aq_vpu_top/x_aq_fdsu_top/x_aq_fdsu_scalar_dp/bhalf0_ex1_remainder[14:0],16,0.0005328182756668553,3.3778124999999997,2.3313313541069345,0.75,0.13306753198017637,2
x_aq_vpu_top/x_aq_fdsu_top/x_aq_fdsu_scalar_dp/bhalf0_ex2_result_denorm_round_add_num[7:0],0,0.0,0.0,0.0,0.0,,0
x_aq_vpu_top/x_aq_fdsu_top/x_aq_fdsu_scalar_dp/bhalf0_ex3_frac_add1_op1[9:0],1,3.330114222917846e-05,10.572000000000003,7.29668537718376,1.0,-0.00423755856826886,1
x_aq_vpu_top/x_aq_fdsu_top/x_aq_fdsu_scalar_dp/bhalf0_ex3_frac_final_rst[9:0],0,0.0,0.0,0.0,0.0,,0
x_aq_vpu_top/x_aq_fdsu_top/x_aq_fdsu_scalar_dp/bhalf0_ex3_frac_sub1_op1[9:0],2,6.660228445835692e-05,8.099999999999998,5.5905364694654205,1.0,0.0002718104928014557,8
x_aq_vpu_top/x_aq_fdsu_top/x_aq_fdsu_scalar_dp/bhalf0_ex3_frac_sub1_op2[9:0],0,0.0,0.0,0.0,0.0,,0
x_aq_vpu_top/x_aq_fdsu_top/x_aq_fdsu_scalar_dp/bhalf0_ex4_qnan_f[7:0],0,0.0,0.0,0.0,0.0,,0
x_aq_vpu_top/x_aq_fdsu_top/x_aq_fdsu_scalar_dp/bhalf0_remainder_nxt[14:0],0,0.0,0.0,0.0,0.0,,0
x_aq_vpu_top/x_aq_fdsu_top/x_aq_fdsu_scalar_dp/cp0_vpu_icg_en,0,0.0,0.0,0.0,0.0,,0
x_aq_vpu_top/x_aq_fdsu_top/x_aq_fdsu_scalar_dp/cp0_vpu_xx_bf16,0,0.0,0.0,0.0,0.0,,0
x_aq_vpu_top/x_aq_fdsu_top/x_aq_fdsu_scalar_dp/cp0_yy_clk_en,1,3.330114222917846e-05,2.862,1.9753228858777825,0.0,0.004988007030259691,1
x_aq_vpu_top/x_aq_fdsu_top/x_aq_fdsu_scalar_dp/ctrl_dp_ex1_save_op0,0,0.0,0.0,0.0,0.0,,0
x_aq_vpu_top/x_aq_fdsu_top/x_aq_fdsu_scalar_dp/ctrl_dp_ex1_save_op0_gate,0,0.0,0.0,0.0,0.0,,0
x_aq_vpu_top/x_aq_fdsu_top/x_aq_fdsu_scalar_dp/double0_denorm_shift_num[51:0],0,0.0,0.0,0.0,0.0,,0
x_aq_vpu_top/x_aq_fdsu_top/x_aq_fdsu_scalar_dp/double0_denorm_shift_num_in[51:0],0,0.0,0.0,0.0,0.0,,0
x_aq_vpu_top/x_aq_fdsu_top/x_aq_fdsu_scalar_dp/double0_denorm_shift_val[11:0],0,0.0,0.0,0.0,0.0,,0
x_aq_vpu_top/x_aq_fdsu_top/x_aq_fdsu_scalar_dp/double0_denorm_to_tiny_frac,0,0.0,0.0,0.0,0.0,,0
x_aq_vpu_top/x_aq_fdsu_top/x_aq_fdsu_scalar_dp/double0_ex1_divisor[52:0],28,0.0009324319824169969,2.7744642857142865,1.914906638582105,0.7857142857142857,0.12802520160871803,2
x_aq_vpu_top/x_aq_fdsu_top/x_aq_fdsu_scalar_dp/double0_ex1_ff1_frac[51:0],0,0.0,0.0,0.0,0.0,,0
x_aq_vpu_top/x_aq_fdsu_top/x_aq_fdsu_scalar_dp/double0_ex1_id_frac[51:0],0,0.0,0.0,0.0,0.0,,0
x_aq_vpu_top/x_aq_fdsu_top/x_aq_fdsu_scalar_dp/double0_ex1_id_frac_f[51:0],0,0.0,0.0,0.0,0.0,,0
x_aq_vpu_top/x_aq_fdsu_top/x_aq_fdsu_scalar_dp/double0_ex1_qnan_f[52:0],0,0.0,0.0,0.0,0.0,,0
x_aq_vpu_top/x_aq_fdsu_top/x_aq_fdsu_scalar_dp/double0_ex1_remainder[59:0],16,0.0005328182756668553,3.3778124999999997,2.3313313541069345,0.75,0.13306753198017637,2
x_aq_vpu_top/x_aq_fdsu_top/x_aq_fdsu_scalar_dp/double0_ex2_result_denorm_round_add_num[52:0],0,0.0,0.0,0.0,0.0,,0
x_aq_vpu_top/x_aq_fdsu_top/x_aq_fdsu_scalar_dp/double0_ex3_frac_add1_op1[54:0],1,3.330114222917846e-05,10.572000000000003,7.29668537718376,1.0,-0.00423755856826886,1
x_aq_vpu_top/x_aq_fdsu_top/x_aq_fdsu_scalar_dp/double0_ex3_frac_final_rst[54:0],0,0.0,0.0,0.0,0.0,,0
x_aq_vpu_top/x_aq_fdsu_top/x_aq_fdsu_scalar_dp/double0_ex3_frac_sub1_op1[54:0],2,6.660228445835692e-05,8.099999999999998,5.5905364694654205,1.0,0.0002704861125581976,53
x_aq_vpu_top/x_aq_fdsu_top/x_aq_fdsu_scalar_dp/double0_ex3_frac_sub1_op2[54:0],0,0.0,0.0,0.0,0.0,,0
x_aq_vpu_top/x_aq_fdsu_top/x_aq_fdsu_scalar_dp/double0_ex4_qnan_f[52:0],0,0.0,0.0,0.0,0.0,,0
x_aq_vpu_top/x_aq_fdsu_top/x_aq_fdsu_scalar_dp/double0_remainder_nxt[59:0],0,0.0,0.0,0.0,0.0,,0
x_aq_vpu_top/x_aq_fdsu_top/x_aq_fdsu_scalar_dp/double0_srt_remainder[59:0],0,0.0,0.0,0.0,0.0,,0
x_aq_vpu_top/x_aq_fdsu_top/x_aq_fdsu_scalar_dp/double0_srt_remainder_add1_op1[59:0],2,6.660228445835692e-05,9.846,6.795607663994635,1.0,-0.001818338626010619,59
x_aq_vpu_top/x_aq_fdsu_top/x_aq_fdsu_scalar_dp/double0_srt_remainder_add1_op2[59:0],1,3.330114222917846e-05,8.82,6.087473044529015,1.0,-0.00040606668911224335,1
x_aq_vpu_top/x_aq_fdsu_top/x_aq_fdsu_scalar_dp/double0_srt_remainder_add2_op1[59:0],2,6.660228445835692e-05,9.846,6.795607663994635,1.0,-0.001818338626010619,59
x_aq_vpu_top/x_aq_fdsu_top/x_aq_fdsu_scalar_dp/double0_srt_remainder_add2_op2[59:0],1,3.330114222917846e-05,8.82,6.087473044529015,1.0,-0.00040606668911224335,1
x_aq_vpu_top/x_aq_fdsu_top/x_aq_fdsu_scalar_dp/double0_srt_remainder_shift[59:0],0,0.0,0.0,0.0,0.0,,0
x_aq_vpu_top/x_aq_fdsu_top/x_aq_fdsu_scalar_dp/double0_total_qt_rt[57:0],0,0.0,0.0,0.0,0.0,,0
x_aq_vpu_top/x_aq_fdsu_top/x_aq_fdsu_scalar_dp/double0_total_qt_rt_minus_next[57:0],2,6.660228445835692e-05,9.846,6.795607663994635,1.0,-0.001818338626010649,2
x_aq_vpu_top/x_aq_fdsu_top/x_aq_fdsu_scalar_dp/double0_total_qt_rt_next[57:0],0,0.0,0.0,0.0,0.0,,0
x_aq_vpu_top/x_aq_fdsu_top/x_aq_fdsu_scalar_dp/double_pipe0_cur_rem_1[59:0],0,0.0,0.0,0.0,0.0,,0
x_aq_vpu_top/x_aq_fdsu_top/x_aq_fdsu_scalar_dp/double_pipe0_cur_rem_2[59:0],0,0.0,0.0,0.0,0.0,,0
x_aq_vpu_top/x_aq_fdsu_top/x_aq_fdsu_scalar_dp/double_pipe0_ex1_expnt_adder_op1[12:0],0,0.0,0.0,0.0,0.0,,0
x_aq_vpu_top/x_aq_fdsu_top/x_aq_fdsu_scalar_dp/double_pipe0_ex1_op0_cnan,0,0.0,0.0,0.0,0.0,,0
x_aq_vpu_top/x_aq_fdsu_top/x_aq_fdsu_scalar_dp/double_pipe0_ex1_op0_id_expnt_neg[12:0],0,0.0,0.0,0.0,0.0,,0
x_aq_vpu_top/x_aq_fdsu_top/x_aq_fdsu_scalar_dp/double_pipe0_ex1_op0_inf,0,0.0,0.0,0.0,0.0,,0
x_aq_vpu_top/x_aq_fdsu_top/x_aq_fdsu_scalar_dp/double_pipe0_ex1_op0_qnan,4,0.00013320456891671384,4.833999999999999,3.3363769498019558,1.0,-0.020098632563824027,1
x_aq_vpu_top/x_aq_fdsu_top/x_aq_fdsu_scalar_dp/double_pipe0_ex1_op0_snan,0,0.0,0.0,0.0,0.0,,0
x_aq_vpu_top/x_aq_fdsu_top/x_aq_fdsu_scalar_dp/double_pipe0_ex1_op0_zero,0,0.0,0.0,0.0,0.0,,0
x_aq_vpu_top/x_aq_fdsu_top/x_aq_fdsu_scalar_dp/double_pipe0_ex1_op1_cnan,0,0.0,0.0,0.0,0.0,,0
x_aq_vpu_top/x_aq_fdsu_top/x_aq_fdsu_scalar_dp/double_pipe0_ex1_op1_id_expnt_neg[12:0],0,0.0,0.0,0.0,0.0,,0
x_aq_vpu_top/x_aq_fdsu_top/x_aq_fdsu_scalar_dp/double_pipe0_ex1_op1_inf,0,0.0,0.0,0.0,0.0,,0
x_aq_vpu_top/x_aq_fdsu_top/x_aq_fdsu_scalar_dp/double_pipe0_ex1_op1_qnan,0,0.0,0.0,0.0,0.0,,0
x_aq_vpu_top/x_aq_fdsu_top/x_aq_fdsu_scalar_dp/double_pipe0_ex1_op1_sel,0,0.0,0.0,0.0,0.0,,0
x_aq_vpu_top/x_aq_fdsu_top/x_aq_fdsu_scalar_dp/double_pipe0_ex1_op1_snan,0,0.0,0.0,0.0,0.0,,0
x_aq_vpu_top/x_aq_fdsu_top/x_aq_fdsu_scalar_dp/double_pipe0_ex1_op1_zero,0,0.0,0.0,0.0,0.0,,0
x_aq_vpu_top/x_aq_fdsu_top/x_aq_fdsu_scalar_dp/double_pipe0_ex1_result_qnan,0,0.0,0.0,0.0,0.0,,0
x_aq_vpu_top/x_aq_fdsu_top/x_aq_fdsu_scalar_dp/double_pipe0_ex2_expnt_adder_op1[12:0],0,0.0,0.0,0.0,0.0,,0
x_aq_vpu_top/x_aq_fdsu_top/x_aq_fdsu_scalar_dp/double_pipe0_ex3_result_denorm_round_add_num[52:0],0,0.0,0.0,0.0,0.0,,0
x_aq_vpu_top/x_aq_fdsu_top/x_aq_fdsu_scalar_dp/double_pipe0_ex4_expt[4:0],1,3.330114222917846e-05,10.572000000000003,7.29668537718376,1.0,-0.00423755856826886,1
x_aq_vpu_top/x_aq_fdsu_top/x_aq_fdsu_scalar_dp/double_pipe0_ex4_result[63:0],0,0.0,0.0,0.0,0.0,,0
x_aq_vpu_top/x_aq_fdsu_top/x_aq_fdsu_scalar_dp/double_pipe0_fdsu_ex4_frac[54:0],0,0.0,0.0,0.0,0.0,,0
x_aq_vpu_top/x_aq_fdsu_top/x_aq_fdsu_scalar_dp/double_pipe0_frac_add1_rst[54:0],0,0.0,0.0,0.0,0.0,,0
x_aq_vpu_top/x_aq_fdsu_top/x_aq_fdsu_scalar_dp/double_pipe0_frac_sub1_rst[54:0],0,0.0,0.0,0.0,0.0,,0
x_aq_vpu_top/x_aq_fdsu_top/x_aq_fdsu_scalar_dp/double_pipe0_op0_ff1_cnt[12:0],0,0.0,0.0,0.0,0.0,,0
x_aq_vpu_top/x_aq_fdsu_top/x_aq_fdsu_scalar_dp/double_pipe0_op0_id_expnt[12:0],0,0.0,0.0,0.0,0.0,,0
x_aq_vpu_top/x_aq_fdsu_top/x_aq_fdsu_scalar_dp/double_pipe0_oper0[63:0],34,0.0011322388357920678,3.199264705882353,2.2080995078652914,0.8823529411764706,-0.03007154116304795,47
x_aq_vpu_top/x_aq_fdsu_top/x_aq_fdsu_scalar_dp/double_pipe0_oper1[63:0],29,0.0009657331246461754,2.7920689655172413,1.9270572070353988,0.7931034482758621,0.13330910200860932,36
x_aq_vpu_top/x_aq_fdsu_top/x_aq_fdsu_scalar_dp/double_pipe0_qt_rt_const_shift_std[57:0],2,6.660228445835692e-05,8.099999999999998,5.5905364694654205,1.0,0.0002704861125581901,2
x_aq_vpu_top/x_aq_fdsu_top/x_aq_fdsu_scalar_dp/double_pipe0_srt_divisor[52:0],0,0.0,0.0,0.0,0.0,,0
x_aq_vpu_top/x_aq_fdsu_top/x_aq_fdsu_scalar_dp/double_pipe0_srt_remainder[59:0],0,0.0,0.0,0.0,0.0,,0
x_aq_vpu_top/x_aq_fdsu_top/x_aq_fdsu_scalar_dp/double_pipe0_total_qt_rt[57:0],0,0.0,0.0,0.0,0.0,,0
x_aq_vpu_top/x_aq_fdsu_top/x_aq_fdsu_scalar_dp/double_pipe0_total_qt_rt_minus[57:0],0,0.0,0.0,0.0,0.0,,0
x_aq_vpu_top/x_aq_fdsu_top/x_aq_fdsu_scalar_dp/dp_ctrl_ex1_bhalf,0,0.0,0.0,0.0,0.0,,0
x_aq_vpu_top/x_aq_fdsu_top/x_aq_fdsu_scalar_dp/dp_ctrl_ex1_div,16,0.0005328182756668553,1.8413125000000001,1.2708548991274753,0.5625,0.010167585006082027,1
x_aq_vpu_top/x_aq_fdsu_top/x_aq_fdsu_scalar_dp/dp_ctrl_ex1_double,15,0.0004995171334376769,3.116266666666667,2.1508151171085736,0.8,-0.01819696689905232,1
x_aq_vpu_top/x_aq_fdsu_top/x_aq_fdsu_scalar_dp/dp_ctrl_ex1_half,0,0.0,0.0,0.0,0.0,,0
x_aq_vpu_top/x_aq_fdsu_top/x_aq_fdsu_scalar_dp/dp_ctrl_ex1_single,0,0.0,0.0,0.0,0.0,,0
x_aq_vpu_top/x_aq_fdsu_top/x_aq_fdsu_scalar_dp/dp_xx_ex1_rm[2:0],4,0.00013320456891671384,5.792749999999998,3.9980963127772604,1.0,0.005761307260114271,2
x_aq_vpu_top/x_aq_fdsu_top/x_aq_fdsu_scalar_dp/ex1_bhalf,0,0.0,0.0,0.0,0.0,,0
x_aq_vpu_top/x_aq_fdsu_top/x_aq_fdsu_scalar_dp/ex1_bhalf0_op0_id,0,0.0,0.0,0.0,0.0,,0
x_aq_vpu_top/x_aq_fdsu_top/x_aq_fdsu_scalar_dp/ex1_bhalf0_op1_id,0,0.0,0.0,0.0,0.0,,0
x_aq_vpu_top/x_aq_fdsu_top/x_aq_fdsu_scalar_dp/ex1_div,16,0.0005328182756668553,1.8413125000000001,1.2708548991274753,0.5625,0.010167585006082027,1
x_aq_vpu_top/x_aq_fdsu_top/x_aq_fdsu_scalar_dp/ex1_double,15,0.0004995171334376769,3.116266666666667,2.1508151171085736,0.8,-0.01819696689905232,1
x_aq_vpu_top/x_aq_fdsu_top/x_aq_fdsu_scalar_dp/ex1_double0_op0_id,0,0.0,0.0,0.0,0.0,,0
x_aq_vpu_top/x_aq_fdsu_top/x_aq_fdsu_scalar_dp/ex1_double0_op1_id,0,0.0,0.0,0.0,0.0,,0
x_aq_vpu_top/x_aq_fdsu_top/x_aq_fdsu_scalar_dp/ex1_f16,0,0.0,0.0,0.0,0.0,,0
x_aq_vpu_top/x_aq_fdsu_top/x_aq_fdsu_scalar_dp/ex1_half,0,0.0,0.0,0.0,0.0,,0
x_aq_vpu_top/x_aq_fdsu_top/x_aq_fdsu_scalar_dp/ex1_half0_op0_id,0,0.0,0.0,0.0,0.0,,0
x_aq_vpu_top/x_aq_fdsu_top/x_aq_fdsu_scalar_dp/ex1_half0_op1_id,0,0.0,0.0,0.0,0.0,,0
x_aq_vpu_top/x_aq_fdsu_top/x_aq_fdsu_scalar_dp/ex1_pipe_clk,0,0.0,0.0,0.0,0.0,,0
x_aq_vpu_top/x_aq_fdsu_top/x_aq_fdsu_scalar_dp/ex1_pipedown,2,6.660228445835692e-05,8.55,5.901121828880168,1.0,0.17944175952243305,1
x_aq_vpu_top/x_aq_fdsu_top/x_aq_fdsu_scalar_dp/ex1_pipedown_gate,2,6.660228445835692e-05,8.55,5.901121828880168,1.0,0.17944175952243305,1
x_aq_vpu_top/x_aq_fdsu_top/x_aq_fdsu_scalar_dp/ex1_save_ff1_op1_id,0,0.0,0.0,0.0,0.0,,0
x_aq_vpu_top/x_aq_fdsu_top/x_aq_fdsu_scalar_dp/ex1_single,0,0.0,0.0,0.0,0.0,,0
x_aq_vpu_top/x_aq_fdsu_top/x_aq_fdsu_scalar_dp/ex1_single0_op0_id,0,0.0,0.0,0.0,0.0,,0
x_aq_vpu_top/x_aq_fdsu_top/x_aq_fdsu_scalar_dp/ex1_single0_op1_id,0,0.0,0.0,0.0,0.0,,0
x_aq_vpu_top/x_aq_fdsu_top/x_aq_fdsu_scalar_dp/ex1_sqrt,0,0.0,0.0,0.0,0.0,,0
x_aq_vpu_top/x_aq_fdsu_top/x_aq_fdsu_scalar_dp/ex2_pipedown,2,6.660228445835692e-05,8.55,5.901121828880168,1.0,0.17944175952243305,1
x_aq_vpu_top/x_aq_fdsu_top/x_aq_fdsu_scalar_dp/ex3_pipedown,2,6.660228445835692e-05,8.55,5.901121828880168,1.0,0.17944175952243305,1
x_aq_vpu_top/x_aq_fdsu_top/x_aq_fdsu_scalar_dp/ex4_pipe_clk,0,0.0,0.0,0.0,0.0,,0
x_aq_vpu_top/x_aq_fdsu_top/x_aq_fdsu_scalar_dp/ex4_pipedown,2,6.660228445835692e-05,8.55,5.901121828880168,1.0,0.17944175952243305,1
x_aq_vpu_top/x_aq_fdsu_top/x_aq_fdsu_scalar_dp/fdsu_ex2_bhalf,0,0.0,0.0,0.0,0.0,,0
x_aq_vpu_top/x_aq_fdsu_top/x_aq_fdsu_scalar_dp/fdsu_ex2_div,1,3.330114222917846e-05,10.872,7.503742283460255,1.0,-0.003229515705865712,1
x_aq_vpu_top/x_aq_fdsu_top/x_aq_fdsu_scalar_dp/fdsu_ex2_double,0,0.0,0.0,0.0,0.0,,0
x_aq_vpu_top/x_aq_fdsu_top/x_aq_fdsu_scalar_dp/fdsu_ex2_half,0,0.0,0.0,0.0,0.0,,0
x_aq_vpu_top/x_aq_fdsu_top/x_aq_fdsu_scalar_dp/fdsu_ex2_single,0,0.0,0.0,0.0,0.0,,0
x_aq_vpu_top/x_aq_fdsu_top/x_aq_fdsu_scalar_dp/fdsu_ex2_sqrt,0,0.0,0.0,0.0,0.0,,0
x_aq_vpu_top/x_aq_fdsu_top/x_aq_fdsu_scalar_dp/fdsu_ex3_bhalf,0,0.0,0.0,0.0,0.0,,0
x_aq_vpu_top/x_aq_fdsu_top/x_aq_fdsu_scalar_dp/fdsu_ex3_double,0,0.0,0.0,0.0,0.0,,0
x_aq_vpu_top/x_aq_fdsu_top/x_aq_fdsu_scalar_dp/fdsu_ex3_half,0,0.0,0.0,0.0,0.0,,0
x_aq_vpu_top/x_aq_fdsu_top/x_aq_fdsu_scalar_dp/fdsu_ex3_single,0,0.0,0.0,0.0,0.0,,0
x_aq_vpu_top/x_aq_fdsu_top/x_aq_fdsu_scalar_dp/fdsu_ex4_bhalf,0,0.0,0.0,0.0,0.0,,0
x_aq_vpu_top/x_aq_fdsu_top/x_aq_fdsu_scalar_dp/fdsu_ex4_double,0,0.0,0.0,0.0,0.0,,0
x_aq_vpu_top/x_aq_fdsu_top/x_aq_fdsu_scalar_dp/fdsu_ex4_half,0,0.0,0.0,0.0,0.0,,0
x_aq_vpu_top/x_aq_fdsu_top/x_aq_fdsu_scalar_dp/fdsu_ex4_single,0,0.0,0.0,0.0,0.0,,0
x_aq_vpu_top/x_aq_fdsu_top/x_aq_fdsu_scalar_dp/fdsu_yy_rm[2:0],2,6.660228445835692e-05,9.846,6.795607663994635,1.0,-0.001818338626010649,2
x_aq_vpu_top/x_aq_fdsu_top/x_aq_fdsu_scalar_dp/forever_cpuclk,0,0.0,0.0,0.0,0.0,,0
x_aq_vpu_top/x_aq_fdsu_top/x_aq_fdsu_scalar_dp/half0_denorm_shift_num[9:0],0,0.0,0.0,0.0,0.0,,0
x_aq_vpu_top/x_aq_fdsu_top/x_aq_fdsu_scalar_dp/half0_denorm_shift_num_in[9:0],0,0.0,0.0,0.0,0.0,,0
x_aq_vpu_top/x_aq_fdsu_top/x_aq_fdsu_scalar_dp/half0_denorm_shift_val[5:0],0,0.0,0.0,0.0,0.0,,0
x_aq_vpu_top/x_aq_fdsu_top/x_aq_fdsu_scalar_dp/half0_denorm_to_tiny_frac,0,0.0,0.0,0.0,0.0,,0
x_aq_vpu_top/x_aq_fdsu_top/x_aq_fdsu_scalar_dp/half0_ex1_divisor[10:0],28,0.0009324319824169969,2.7744642857142865,1.914906638582105,0.7857142857142857,0.12802520160871803,2
x_aq_vpu_top/x_aq_fdsu_top/x_aq_fdsu_scalar_dp/half0_ex1_ff1_frac[9:0],0,0.0,0.0,0.0,0.0,,0
x_aq_vpu_top/x_aq_fdsu_top/x_aq_fdsu_scalar_dp/half0_ex1_id_frac[9:0],0,0.0,0.0,0.0,0.0,,0
x_aq_vpu_top/x_aq_fdsu_top/x_aq_fdsu_scalar_dp/half0_ex1_id_frac_f[9:0],0,0.0,0.0,0.0,0.0,,0
x_aq_vpu_top/x_aq_fdsu_top/x_aq_fdsu_scalar_dp/half0_ex1_qnan_f[10:0],0,0.0,0.0,0.0,0.0,,0
x_aq_vpu_top/x_aq_fdsu_top/x_aq_fdsu_scalar_dp/half0_ex1_remainder[18:0],16,0.0005328182756668553,3.3778124999999997,2.3313313541069345,0.75,0.13306753198017637,2
x_aq_vpu_top/x_aq_fdsu_top/x_aq_fdsu_scalar_dp/half0_ex2_result_denorm_round_add_num[10:0],0,0.0,0.0,0.0,0.0,,0
x_aq_vpu_top/x_aq_fdsu_top/x_aq_fdsu_scalar_dp/half0_ex3_frac_add1_op1[12:0],1,3.330114222917846e-05,10.572000000000003,7.29668537718376,1.0,-0.00423755856826886,1
x_aq_vpu_top/x_aq_fdsu_top/x_aq_fdsu_scalar_dp/half0_ex3_frac_final_rst[12:0],0,0.0,0.0,0.0,0.0,,0
x_aq_vpu_top/x_aq_fdsu_top/x_aq_fdsu_scalar_dp/half0_ex3_frac_sub1_op1[12:0],2,6.660228445835692e-05,8.099999999999998,5.5905364694654205,1.0,0.0002706513770505547,11
x_aq_vpu_top/x_aq_fdsu_top/x_aq_fdsu_scalar_dp/half0_ex3_frac_sub1_op2[12:0],0,0.0,0.0,0.0,0.0,,0
x_aq_vpu_top/x_aq_fdsu_top/x_aq_fdsu_scalar_dp/half0_ex4_qnan_f[10:0],0,0.0,0.0,0.0,0.0,,0
x_aq_vpu_top/x_aq_fdsu_top/x_aq_fdsu_scalar_dp/half0_remainder_nxt[18:0],0,0.0,0.0,0.0,0.0,,0
x_aq_vpu_top/x_aq_fdsu_top/x_aq_fdsu_scalar_dp/half0_total_qt_rt[15:0],0,0.0,0.0,0.0,0.0,,0
x_aq_vpu_top/x_aq_fdsu_top/x_aq_fdsu_scalar_dp/half0_total_qt_rt_minus_next[15:0],2,6.660228445835692e-05,9.846,6.795607663994635,1.0,-0.001818338626010649,2
x_aq_vpu_top/x_aq_fdsu_top/x_aq_fdsu_scalar_dp/half0_total_qt_rt_next[15:0],0,0.0,0.0,0.0,0.0,,0
x_aq_vpu_top/x_aq_fdsu_top/x_aq_fdsu_scalar_dp/pad_yy_icg_scan_en,0,0.0,0.0,0.0,0.0,,0
x_aq_vpu_top/x_aq_fdsu_top/x_aq_fdsu_scalar_dp/single0_denorm_shift_num[22:0],0,0.0,0.0,0.0,0.0,,0
x_aq_vpu_top/x_aq_fdsu_top/x_aq_fdsu_scalar_dp/single0_denorm_shift_num_in[22:0],0,0.0,0.0,0.0,0.0,,0
x_aq_vpu_top/x_aq_fdsu_top/x_aq_fdsu_scalar_dp/single0_denorm_shift_val[8:0],0,0.0,0.0,0.0,0.0,,0
x_aq_vpu_top/x_aq_fdsu_top/x_aq_fdsu_scalar_dp/single0_denorm_to_tiny_frac,0,0.0,0.0,0.0,0.0,,0
x_aq_vpu_top/x_aq_fdsu_top/x_aq_fdsu_scalar_dp/single0_ex1_divisor[23:0],28,0.0009324319824169969,2.7744642857142865,1.914906638582105,0.7857142857142857,0.12802520160871803,2
x_aq_vpu_top/x_aq_fdsu_top/x_aq_fdsu_scalar_dp/single0_ex1_ff1_frac[22:0],0,0.0,0.0,0.0,0.0,,0
x_aq_vpu_top/x_aq_fdsu_top/x_aq_fdsu_scalar_dp/single0_ex1_id_frac[22:0],0,0.0,0.0,0.0,0.0,,0
x_aq_vpu_top/x_aq_fdsu_top/x_aq_fdsu_scalar_dp/single0_ex1_id_frac_f[22:0],0,0.0,0.0,0.0,0.0,,0
x_aq_vpu_top/x_aq_fdsu_top/x_aq_fdsu_scalar_dp/single0_ex1_qnan_f[23:0],0,0.0,0.0,0.0,0.0,,0
x_aq_vpu_top/x_aq_fdsu_top/x_aq_fdsu_scalar_dp/single0_ex1_remainder[30:0],16,0.0005328182756668553,3.3778124999999997,2.3313313541069345,0.75,0.13306753198017637,2
x_aq_vpu_top/x_aq_fdsu_top/x_aq_fdsu_scalar_dp/single0_ex2_result_denorm_round_add_num[23:0],0,0.0,0.0,0.0,0.0,,0
x_aq_vpu_top/x_aq_fdsu_top/x_aq_fdsu_scalar_dp/single0_ex3_frac_add1_op1[25:0],1,3.330114222917846e-05,10.572000000000003,7.29668537718376,1.0,-0.00423755856826886,1
x_aq_vpu_top/x_aq_fdsu_top/x_aq_fdsu_scalar_dp/single0_ex3_frac_final_rst[25:0],0,0.0,0.0,0.0,0.0,,0
x_aq_vpu_top/x_aq_fdsu_top/x_aq_fdsu_scalar_dp/single0_ex3_frac_sub1_op1[25:0],2,6.660228445835692e-05,8.099999999999998,5.5905364694654205,1.0,0.00027048613272718006,24
x_aq_vpu_top/x_aq_fdsu_top/x_aq_fdsu_scalar_dp/single0_ex3_frac_sub1_op2[25:0],0,0.0,0.0,0.0,0.0,,0
x_aq_vpu_top/x_aq_fdsu_top/x_aq_fdsu_scalar_dp/single0_ex4_qnan_f[23:0],0,0.0,0.0,0.0,0.0,,0
x_aq_vpu_top/x_aq_fdsu_top/x_aq_fdsu_scalar_dp/single0_remainder_nxt[30:0],0,0.0,0.0,0.0,0.0,,0
x_aq_vpu_top/x_aq_fdsu_top/x_aq_fdsu_scalar_dp/single0_total_qt_rt[27:0],0,0.0,0.0,0.0,0.0,,0
x_aq_vpu_top/x_aq_fdsu_top/x_aq_fdsu_scalar_dp/single0_total_qt_rt_minus_next[27:0],2,6.660228445835692e-05,9.846,6.795607663994635,1.0,-0.001818338626010649,2
x_aq_vpu_top/x_aq_fdsu_top/x_aq_fdsu_scalar_dp/single0_total_qt_rt_next[27:0],0,0.0,0.0,0.0,0.0,,0
x_aq_vpu_top/x_aq_fdsu_top/x_aq_fdsu_scalar_dp/srt_sm_on,0,0.0,0.0,0.0,0.0,,0
x_aq_vpu_top/x_aq_fdsu_top/x_aq_fdsu_scalar_dp/vfdsu_rbus_fflags[4:0],1,3.330114222917846e-05,3.6799999999999997,2.539898050325031,1.0,-0.007006673318107183,1
x_aq_vpu_top/x_aq_fdsu_top/x_aq_fdsu_scalar_dp/vfdsu_rbus_fpr_wb_data[63:0],0,0.0,0.0,0.0,0.0,,0
x_aq_vpu_top/x_aq_fdsu_top/x_aq_fdsu_scalar_dp/vfdsu_rbus_fpr_wb_index[4:0],0,0.0,0.0,0.0,0.0,,0
x_aq_vpu_top/x_aq_fdsu_top/x_aq_fdsu_scalar_dp/vpu_group_1_xx_ex1_func[19:0],44,0.0014652502580838522,3.3622954545454546,2.320621649352368,0.7954545454545454,0.005526236953928676,10
x_aq_vpu_top/x_aq_fdsu_top/x_aq_fdsu_scalar_dp/vpu_group_1_xx_ex1_rm[2:0],4,0.00013320456891671384,5.792749999999998,3.9980963127772604,1.0,0.005761307260114271,2
x_aq_vpu_top/x_aq_fdsu_top/x_aq_fdsu_scalar_dp/vpu_group_1_xx_ex1_srcv0[63:0],34,0.0011322388357920678,3.199264705882353,2.2080995078652914,0.8823529411764706,-0.03007154116304795,47
x_aq_vpu_top/x_aq_fdsu_top/x_aq_fdsu_scalar_dp/vpu_group_1_xx_ex1_srcv0_type[47:0],30,0.0009990342668753538,3.311833333333334,2.2857932136779304,0.8666666666666667,-0.021183319845226964,16
x_aq_vpu_top/x_aq_fdsu_top/x_aq_fdsu_scalar_dp/vpu_group_1_xx_ex1_srcv1[63:0],29,0.0009657331246461754,2.7920689655172413,1.9270572070353988,0.7931034482758621,0.13330910200860932,36
x_aq_vpu_top/x_aq_fdsu_top/x_aq_fdsu_scalar_dp/vpu_group_1_xx_ex1_srcv1_type[47:0],30,0.0009990342668753538,3.1294999999999997,2.1599486273076587,0.8,0.1279855292343095,16
x_aq_vpu_top/x_aq_fdsu_top/x_aq_fdsu_scalar_dp/vpu_group_1_xx_ex1_vreg[6:0],32,0.0010656365513337107,2.2938125,1.5831657327611917,0.71875,0.16063759671003924,4
x_aq_vpu_top/x_aq_fdsu_top/x_aq_fdsu_scalar_dp/bhalf0_ex1_id_expnt[12:0],0,0.0,0.0,0.0,0.0,,0
x_aq_vpu_top/x_aq_fdsu_top/x_aq_fdsu_scalar_dp/bhalf0_ff1_shift_num_in[15:0],0,0.0,0.0,0.0,0.0,,0
x_aq_vpu_top/x_aq_fdsu_top/x_aq_fdsu_scalar_dp/bhalf1_denorm_shift_num[6:0],0,0.0,0.0,0.0,0.0,,0
x_aq_vpu_top/x_aq_fdsu_top/x_aq_fdsu_scalar_dp/bhalf1_denorm_shift_num_in[6:0],0,0.0,0.0,0.0,0.0,,0
x_aq_vpu_top/x_aq_fdsu_top/x_aq_fdsu_scalar_dp/bhalf1_denorm_shift_val[8:0],0,0.0,0.0,0.0,0.0,,0
x_aq_vpu_top/x_aq_fdsu_top/x_aq_fdsu_scalar_dp/bhalf1_denorm_to_tiny_frac,0,0.0,0.0,0.0,0.0,,0
x_aq_vpu_top/x_aq_fdsu_top/x_aq_fdsu_scalar_dp/bhalf2_denorm_shift_num[6:0],0,0.0,0.0,0.0,0.0,,0
x_aq_vpu_top/x_aq_fdsu_top/x_aq_fdsu_scalar_dp/bhalf2_denorm_shift_num_in[6:0],0,0.0,0.0,0.0,0.0,,0
x_aq_vpu_top/x_aq_fdsu_top/x_aq_fdsu_scalar_dp/bhalf2_denorm_shift_val[8:0],0,0.0,0.0,0.0,0.0,,0
x_aq_vpu_top/x_aq_fdsu_top/x_aq_fdsu_scalar_dp/bhalf2_denorm_to_tiny_frac,0,0.0,0.0,0.0,0.0,,0
x_aq_vpu_top/x_aq_fdsu_top/x_aq_fdsu_scalar_dp/bhalf3_denorm_shift_num[6:0],0,0.0,0.0,0.0,0.0,,0
x_aq_vpu_top/x_aq_fdsu_top/x_aq_fdsu_scalar_dp/bhalf3_denorm_shift_num_in[6:0],0,0.0,0.0,0.0,0.0,,0
x_aq_vpu_top/x_aq_fdsu_top/x_aq_fdsu_scalar_dp/bhalf3_denorm_shift_val[8:0],0,0.0,0.0,0.0,0.0,,0
x_aq_vpu_top/x_aq_fdsu_top/x_aq_fdsu_scalar_dp/bhalf3_denorm_to_tiny_frac,0,0.0,0.0,0.0,0.0,,0
x_aq_vpu_top/x_aq_fdsu_top/x_aq_fdsu_scalar_dp/bhalf_frac_add1_op1[54:0],2,6.660228445835692e-05,10.722000000000001,7.4002138303220075,1.0,-0.003734112012956687,2
x_aq_vpu_top/x_aq_fdsu_top/x_aq_fdsu_scalar_dp/bhalf_frac_sub1_op1[54:0],2,6.660228445835692e-05,8.099999999999998,5.5905364694654205,1.0,0.00027048611255811795,9
x_aq_vpu_top/x_aq_fdsu_top/x_aq_fdsu_scalar_dp/bhalf_frac_sub1_op2[54:0],0,0.0,0.0,0.0,0.0,,0
x_aq_vpu_top/x_aq_fdsu_top/x_aq_fdsu_scalar_dp/double0_ex1_id_expnt[12:0],0,0.0,0.0,0.0,0.0,,0
x_aq_vpu_top/x_aq_fdsu_top/x_aq_fdsu_scalar_dp/double_ff1_shift_num_in[63:0],0,0.0,0.0,0.0,0.0,,0
x_aq_vpu_top/x_aq_fdsu_top/x_aq_fdsu_scalar_dp/double_frac[54:0],0,0.0,0.0,0.0,0.0,,0
x_aq_vpu_top/x_aq_fdsu_top/x_aq_fdsu_scalar_dp/double_frac_add1_op1[54:0],1,3.330114222917846e-05,10.572000000000003,7.29668537718376,1.0,-0.00423755856826886,1
x_aq_vpu_top/x_aq_fdsu_top/x_aq_fdsu_scalar_dp/double_frac_sub1_op1[54:0],2,6.660228445835692e-05,8.099999999999998,5.5905364694654205,1.0,0.0002704861125581976,53
x_aq_vpu_top/x_aq_fdsu_top/x_aq_fdsu_scalar_dp/double_frac_sub1_op2[54:0],0,0.0,0.0,0.0,0.0,,0
x_aq_vpu_top/x_aq_fdsu_top/x_aq_fdsu_scalar_dp/double_pipe0_ff1_cnt[12:0],0,0.0,0.0,0.0,0.0,,0
x_aq_vpu_top/x_aq_fdsu_top/x_aq_fdsu_scalar_dp/double_pipe0_id_expnt_neg[12:0],0,0.0,0.0,0.0,0.0,,0
x_aq_vpu_top/x_aq_fdsu_top/x_aq_fdsu_scalar_dp/double_pipe0_id_expnt_neg_op0[12:0],0,0.0,0.0,0.0,0.0,,0
x_aq_vpu_top/x_aq_fdsu_top/x_aq_fdsu_scalar_dp/double_pipe0_op1_id_expnt[12:0],0,0.0,0.0,0.0,0.0,,0
x_aq_vpu_top/x_aq_fdsu_top/x_aq_fdsu_scalar_dp/ex1_divisor[54:0],16,0.0005328182756668553,3.8148124999999995,2.6329442475830316,0.6875,0.14285540254866827,1
x_aq_vpu_top/x_aq_fdsu_top/x_aq_fdsu_scalar_dp/ex1_ex2_pipe_clk,0,0.0,0.0,0.0,0.0,,0
x_aq_vpu_top/x_aq_fdsu_top/x_aq_fdsu_scalar_dp/ex1_ex2_pipe_clk_en,2,6.660228445835692e-05,8.55,5.901121828880168,1.0,0.17944175952243305,1
x_aq_vpu_top/x_aq_fdsu_top/x_aq_fdsu_scalar_dp/ex1_expnt_pack[52:0],0,0.0,0.0,0.0,0.0,,0
x_aq_vpu_top/x_aq_fdsu_top/x_aq_fdsu_scalar_dp/ex1_initial_remainder[59:0],12,0.00039961370675014153,4.0255833333333335,2.778416103194096,0.6666666666666666,0.12682155489286961,1
x_aq_vpu_top/x_aq_fdsu_top/x_aq_fdsu_scalar_dp/ex1_op1_id_expnt_pack[52:0],0,0.0,0.0,0.0,0.0,,0
x_aq_vpu_top/x_aq_fdsu_top/x_aq_fdsu_scalar_dp/ex1_oper_id_frac_pack[54:0],0,0.0,0.0,0.0,0.0,,0
x_aq_vpu_top/x_aq_fdsu_top/x_aq_fdsu_scalar_dp/ex1_qnan_f_pipe_vld,0,0.0,0.0,0.0,0.0,,0
x_aq_vpu_top/x_aq_fdsu_top/x_aq_fdsu_scalar_dp/ex1_rm[2:0],4,0.00013320456891671384,5.792749999999998,3.9980963127772604,1.0,0.005761307260114271,2
x_aq_vpu_top/x_aq_fdsu_top/x_aq_fdsu_scalar_dp/ex1_save_op0,0,0.0,0.0,0.0,0.0,,0
x_aq_vpu_top/x_aq_fdsu_top/x_aq_fdsu_scalar_dp/ex1_save_op0_gate,0,0.0,0.0,0.0,0.0,,0
x_aq_vpu_top/x_aq_fdsu_top/x_aq_fdsu_scalar_dp/ex1_sign,0,0.0,0.0,0.0,0.0,,0
x_aq_vpu_top/x_aq_fdsu_top/x_aq_fdsu_scalar_dp/ex1_size[3:0],32,0.0010656365513337107,2.93025,2.0224283320556853,0.71875,-0.014105565856033158,2
x_aq_vpu_top/x_aq_fdsu_top/x_aq_fdsu_scalar_dp/ex1_wb_freg[6:0],32,0.0010656365513337107,2.2938125,1.5831657327611917,0.71875,0.16063759671003924,4
x_aq_vpu_top/x_aq_fdsu_top/x_aq_fdsu_scalar_dp/ex2_pack_denorm_round_add_num[52:0],0,0.0,0.0,0.0,0.0,,0
x_aq_vpu_top/x_aq_fdsu_top/x_aq_fdsu_scalar_dp/ex3_frac_final_rst[54:0],0,0.0,0.0,0.0,0.0,,0
x_aq_vpu_top/x_aq_fdsu_top/x_aq_fdsu_scalar_dp/ff1_16_bit[23:0],1,3.330114222917846e-05,2.862,1.9753228858777825,0.0,0.0049880070302596976,4
x_aq_vpu_top/x_aq_fdsu_top/x_aq_fdsu_scalar_dp/ff1_32_bit[13:0],1,3.330114222917846e-05,2.862,1.9753228858777825,0.0,0.004988007030259408,2
x_aq_vpu_top/x_aq_fdsu_top/x_aq_fdsu_scalar_dp/ff1_64_bit[7:0],1,3.330114222917846e-05,2.862,1.9753228858777825,0.0,0.004988007030259691,1
x_aq_vpu_top/x_aq_fdsu_top/x_aq_fdsu_scalar_dp/ff1_8_bit[39:0],1,3.330114222917846e-05,2.862,1.9753228858777825,0.0,0.004988007030259441,8
x_aq_vpu_top/x_aq_fdsu_top/x_aq_fdsu_scalar_dp/ff1_src_in[63:0],0,0.0,0.0,0.0,0.0,,0
x_aq_vpu_top/x_aq_fdsu_top/x_aq_fdsu_scalar_dp/frac_add1_op0[54:0],0,0.0,0.0,0.0,0.0,,0
x_aq_vpu_top/x_aq_fdsu_top/x_aq_fdsu_scalar_dp/frac_add1_op1[54:0],0,0.0,0.0,0.0,0.0,,0
x_aq_vpu_top/x_aq_fdsu_top/x_aq_fdsu_scalar_dp/frac_add1_rst[54:0],0,0.0,0.0,0.0,0.0,,0
x_aq_vpu_top/x_aq_fdsu_top/x_aq_fdsu_scalar_dp/frac_sub1_op1[54:0],0,0.0,0.0,0.0,0.0,,0
x_aq_vpu_top/x_aq_fdsu_top/x_aq_fdsu_scalar_dp/frac_sub1_op2[54:0],0,0.0,0.0,0.0,0.0,,0
x_aq_vpu_top/x_aq_fdsu_top/x_aq_fdsu_scalar_dp/frac_sub1_rst[54:0],0,0.0,0.0,0.0,0.0,,0
x_aq_vpu_top/x_aq_fdsu_top/x_aq_fdsu_scalar_dp/half0_ex1_id_expnt[12:0],0,0.0,0.0,0.0,0.0,,0
x_aq_vpu_top/x_aq_fdsu_top/x_aq_fdsu_scalar_dp/half0_ff1_shift_num_in[15:0],0,0.0,0.0,0.0,0.0,,0
x_aq_vpu_top/x_aq_fdsu_top/x_aq_fdsu_scalar_dp/half1_denorm_shift_num[9:0],0,0.0,0.0,0.0,0.0,,0
x_aq_vpu_top/x_aq_fdsu_top/x_aq_fdsu_scalar_dp/half1_denorm_shift_num_in[9:0],0,0.0,0.0,0.0,0.0,,0
x_aq_vpu_top/x_aq_fdsu_top/x_aq_fdsu_scalar_dp/half1_denorm_shift_val[5:0],0,0.0,0.0,0.0,0.0,,0
x_aq_vpu_top/x_aq_fdsu_top/x_aq_fdsu_scalar_dp/half1_denorm_to_tiny_frac,0,0.0,0.0,0.0,0.0,,0
x_aq_vpu_top/x_aq_fdsu_top/x_aq_fdsu_scalar_dp/half2_denorm_shift_num[9:0],0,0.0,0.0,0.0,0.0,,0
x_aq_vpu_top/x_aq_fdsu_top/x_aq_fdsu_scalar_dp/half2_denorm_shift_num_in[9:0],0,0.0,0.0,0.0,0.0,,0
x_aq_vpu_top/x_aq_fdsu_top/x_aq_fdsu_scalar_dp/half2_denorm_shift_val[5:0],0,0.0,0.0,0.0,0.0,,0
x_aq_vpu_top/x_aq_fdsu_top/x_aq_fdsu_scalar_dp/half2_denorm_to_tiny_frac,0,0.0,0.0,0.0,0.0,,0
x_aq_vpu_top/x_aq_fdsu_top/x_aq_fdsu_scalar_dp/half3_denorm_shift_num[9:0],0,0.0,0.0,0.0,0.0,,0
x_aq_vpu_top/x_aq_fdsu_top/x_aq_fdsu_scalar_dp/half3_denorm_shift_num_in[9:0],0,0.0,0.0,0.0,0.0,,0
x_aq_vpu_top/x_aq_fdsu_top/x_aq_fdsu_scalar_dp/half3_denorm_shift_val[5:0],0,0.0,0.0,0.0,0.0,,0
x_aq_vpu_top/x_aq_fdsu_top/x_aq_fdsu_scalar_dp/half3_denorm_to_tiny_frac,0,0.0,0.0,0.0,0.0,,0
x_aq_vpu_top/x_aq_fdsu_top/x_aq_fdsu_scalar_dp/half_frac_add1_op1[54:0],2,6.660228445835692e-05,10.722000000000001,7.4002138303220075,1.0,-0.003734112012956687,2
x_aq_vpu_top/x_aq_fdsu_top/x_aq_fdsu_scalar_dp/half_frac_sub1_op1[54:0],2,6.660228445835692e-05,8.099999999999998,5.5905364694654205,1.0,0.00027048611255824675,12
x_aq_vpu_top/x_aq_fdsu_top/x_aq_fdsu_scalar_dp/half_frac_sub1_op2[54:0],0,0.0,0.0,0.0,0.0,,0
x_aq_vpu_top/x_aq_fdsu_top/x_aq_fdsu_scalar_dp/input_l16_0_shift_cnt[3:0],0,0.0,0.0,0.0,0.0,,0
x_aq_vpu_top/x_aq_fdsu_top/x_aq_fdsu_scalar_dp/input_l16_1_shift_cnt[3:0],0,0.0,0.0,0.0,0.0,,0
x_aq_vpu_top/x_aq_fdsu_top/x_aq_fdsu_scalar_dp/input_l16_2_shift_cnt[3:0],0,0.0,0.0,0.0,0.0,,0
x_aq_vpu_top/x_aq_fdsu_top/x_aq_fdsu_scalar_dp/input_l16_3_shift_cnt[3:0],0,0.0,0.0,0.0,0.0,,0
x_aq_vpu_top/x_aq_fdsu_top/x_aq_fdsu_scalar_dp/input_l32_0_shift_cnt[4:0],0,0.0,0.0,0.0,0.0,,0
x_aq_vpu_top/x_aq_fdsu_top/x_aq_fdsu_scalar_dp/input_l32_1_shift_cnt[4:0],0,0.0,0.0,0.0,0.0,,0
x_aq_vpu_top/x_aq_fdsu_top/x_aq_fdsu_scalar_dp/input_l64_shift_cnt[5:0],0,0.0,0.0,0.0,0.0,,0
x_aq_vpu_top/x_aq_fdsu_top/x_aq_fdsu_scalar_dp/l16_0_shift_out_val[15:0],0,0.0,0.0,0.0,0.0,,0
x_aq_vpu_top/x_aq_fdsu_top/x_aq_fdsu_scalar_dp/l16_1_shift_out_val[15:0],0,0.0,0.0,0.0,0.0,,0
x_aq_vpu_top/x_aq_fdsu_top/x_aq_fdsu_scalar_dp/l16_2_shift_out_val[15:0],0,0.0,0.0,0.0,0.0,,0
x_aq_vpu_top/x_aq_fdsu_top/x_aq_fdsu_scalar_dp/l16_3_shift_out_val[15:0],0,0.0,0.0,0.0,0.0,,0
x_aq_vpu_top/x_aq_fdsu_top/x_aq_fdsu_scalar_dp/l32_0_shift_out_val[31:0],0,0.0,0.0,0.0,0.0,,0
x_aq_vpu_top/x_aq_fdsu_top/x_aq_fdsu_scalar_dp/l32_1_shift_out_val[31:0],0,0.0,0.0,0.0,0.0,,0
x_aq_vpu_top/x_aq_fdsu_top/x_aq_fdsu_scalar_dp/l64_shift_out_val[63:0],0,0.0,0.0,0.0,0.0,,0
x_aq_vpu_top/x_aq_fdsu_top/x_aq_fdsu_scalar_dp/qnan_f_pack[52:0],32,0.0010656365513337107,2.93025,2.0224283320556853,0.71875,-0.014105565856033158,2
x_aq_vpu_top/x_aq_fdsu_top/x_aq_fdsu_scalar_dp/qt_clk,0,0.0,0.0,0.0,0.0,,0
x_aq_vpu_top/x_aq_fdsu_top/x_aq_fdsu_scalar_dp/qt_clk_en,2,6.660228445835692e-05,8.55,5.901121828880168,1.0,0.17944175952243305,1
x_aq_vpu_top/x_aq_fdsu_top/x_aq_fdsu_scalar_dp/qt_rt_const_shift_std_init_val[57:0],0,0.0,0.0,0.0,0.0,,0
x_aq_vpu_top/x_aq_fdsu_top/x_aq_fdsu_scalar_dp/qt_rt_const_shift_std_next[57:0],2,6.660228445835692e-05,8.099999999999998,5.5905364694654205,1.0,0.0002704861125581901,2
x_aq_vpu_top/x_aq_fdsu_top/x_aq_fdsu_scalar_dp/remainder_adder_1[59:0],0,0.0,0.0,0.0,0.0,,0
x_aq_vpu_top/x_aq_fdsu_top/x_aq_fdsu_scalar_dp/remainder_adder_2[59:0],0,0.0,0.0,0.0,0.0,,0
x_aq_vpu_top/x_aq_fdsu_top/x_aq_fdsu_scalar_dp/single0_ex1_id_expnt[12:0],0,0.0,0.0,0.0,0.0,,0
x_aq_vpu_top/x_aq_fdsu_top/x_aq_fdsu_scalar_dp/single0_ff1_shift_num_in[31:0],0,0.0,0.0,0.0,0.0,,0
x_aq_vpu_top/x_aq_fdsu_top/x_aq_fdsu_scalar_dp/single1_denorm_shift_num[22:0],0,0.0,0.0,0.0,0.0,,0
x_aq_vpu_top/x_aq_fdsu_top/x_aq_fdsu_scalar_dp/single1_denorm_shift_num_in[22:0],0,0.0,0.0,0.0,0.0,,0
x_aq_vpu_top/x_aq_fdsu_top/x_aq_fdsu_scalar_dp/single1_denorm_shift_val[8:0],0,0.0,0.0,0.0,0.0,,0
x_aq_vpu_top/x_aq_fdsu_top/x_aq_fdsu_scalar_dp/single1_denorm_to_tiny_frac,0,0.0,0.0,0.0,0.0,,0
x_aq_vpu_top/x_aq_fdsu_top/x_aq_fdsu_scalar_dp/single_frac_add1_op1[54:0],2,6.660228445835692e-05,10.722000000000001,7.4002138303220075,1.0,-0.003734112012956687,2
x_aq_vpu_top/x_aq_fdsu_top/x_aq_fdsu_scalar_dp/single_frac_sub1_op1[54:0],2,6.660228445835692e-05,8.099999999999998,5.5905364694654205,1.0,0.0002704861125581973,25
x_aq_vpu_top/x_aq_fdsu_top/x_aq_fdsu_scalar_dp/single_frac_sub1_op2[54:0],0,0.0,0.0,0.0,0.0,,0
x_aq_vpu_top/x_aq_fdsu_top/x_aq_fdsu_scalar_dp/src0_double0_id,0,0.0,0.0,0.0,0.0,,0
x_aq_vpu_top/x_aq_fdsu_top/x_aq_fdsu_scalar_dp/src0_double0_inf,0,0.0,0.0,0.0,0.0,,0
x_aq_vpu_top/x_aq_fdsu_top/x_aq_fdsu_scalar_dp/src0_double0_qnan,4,0.00013320456891671384,4.833999999999999,3.3363769498019558,1.0,-0.020098632563824027,1
x_aq_vpu_top/x_aq_fdsu_top/x_aq_fdsu_scalar_dp/src0_double0_snan,0,0.0,0.0,0.0,0.0,,0
x_aq_vpu_top/x_aq_fdsu_top/x_aq_fdsu_scalar_dp/src0_double0_zero,0,0.0,0.0,0.0,0.0,,0
x_aq_vpu_top/x_aq_fdsu_top/x_aq_fdsu_scalar_dp/src0_half0_cnan,11,0.00036631256452096306,2.334363636363637,1.611153708899362,0.8181818181818182,-0.027990097785625702,1
x_aq_vpu_top/x_aq_fdsu_top/x_aq_fdsu_scalar_dp/src0_half0_id,0,0.0,0.0,0.0,0.0,,0
x_aq_vpu_top/x_aq_fdsu_top/x_aq_fdsu_scalar_dp/src0_half0_inf,0,0.0,0.0,0.0,0.0,,0
x_aq_vpu_top/x_aq_fdsu_top/x_aq_fdsu_scalar_dp/src0_half0_qnan,11,0.00036631256452096306,2.334363636363637,1.611153708899362,0.8181818181818182,-0.027990097785625702,1
x_aq_vpu_top/x_aq_fdsu_top/x_aq_fdsu_scalar_dp/src0_half0_snan,0,0.0,0.0,0.0,0.0,,0
x_aq_vpu_top/x_aq_fdsu_top/x_aq_fdsu_scalar_dp/src0_half0_zero,0,0.0,0.0,0.0,0.0,,0
x_aq_vpu_top/x_aq_fdsu_top/x_aq_fdsu_scalar_dp/src0_single0_cnan,7,0.00023310799560424922,2.261,1.5605188836372,0.8571428571428571,-0.01952162216962929,1
x_aq_vpu_top/x_aq_fdsu_top/x_aq_fdsu_scalar_dp/src0_single0_id,0,0.0,0.0,0.0,0.0,,0
x_aq_vpu_top/x_aq_fdsu_top/x_aq_fdsu_scalar_dp/src0_single0_inf,0,0.0,0.0,0.0,0.0,,0
x_aq_vpu_top/x_aq_fdsu_top/x_aq_fdsu_scalar_dp/src0_single0_qnan,7,0.00023310799560424922,2.261,1.5605188836372,0.8571428571428571,-0.01952162216962929,1
x_aq_vpu_top/x_aq_fdsu_top/x_aq_fdsu_scalar_dp/src0_single0_snan,0,0.0,0.0,0.0,0.0,,0
x_aq_vpu_top/x_aq_fdsu_top/x_aq_fdsu_scalar_dp/src0_single0_zero,0,0.0,0.0,0.0,0.0,,0
x_aq_vpu_top/x_aq_fdsu_top/x_aq_fdsu_scalar_dp/src1_double0_id,0,0.0,0.0,0.0,0.0,,0
x_aq_vpu_top/x_aq_fdsu_top/x_aq_fdsu_scalar_dp/src1_double0_inf,0,0.0,0.0,0.0,0.0,,0
x_aq_vpu_top/x_aq_fdsu_top/x_aq_fdsu_scalar_dp/src1_double0_qnan,0,0.0,0.0,0.0,0.0,,0
x_aq_vpu_top/x_aq_fdsu_top/x_aq_fdsu_scalar_dp/src1_double0_snan,0,0.0,0.0,0.0,0.0,,0
x_aq_vpu_top/x_aq_fdsu_top/x_aq_fdsu_scalar_dp/src1_double0_zero,0,0.0,0.0,0.0,0.0,,0
x_aq_vpu_top/x_aq_fdsu_top/x_aq_fdsu_scalar_dp/src1_half0_cnan,12,0.00039961370675014153,1.2130000000000003,0.8372000910446368,0.5833333333333334,0.07111475332196562,1
x_aq_vpu_top/x_aq_fdsu_top/x_aq_fdsu_scalar_dp/src1_half0_id,0,0.0,0.0,0.0,0.0,,0
x_aq_vpu_top/x_aq_fdsu_top/x_aq_fdsu_scalar_dp/src1_half0_inf,0,0.0,0.0,0.0,0.0,,0
x_aq_vpu_top/x_aq_fdsu_top/x_aq_fdsu_scalar_dp/src1_half0_qnan,12,0.00039961370675014153,1.2130000000000003,0.8372000910446368,0.5833333333333334,0.07111475332196562,1
x_aq_vpu_top/x_aq_fdsu_top/x_aq_fdsu_scalar_dp/src1_half0_snan,0,0.0,0.0,0.0,0.0,,0
x_aq_vpu_top/x_aq_fdsu_top/x_aq_fdsu_scalar_dp/src1_half0_zero,0,0.0,0.0,0.0,0.0,,0
x_aq_vpu_top/x_aq_fdsu_top/x_aq_fdsu_scalar_dp/src1_single0_cnan,12,0.00039961370675014153,1.2130000000000003,0.8372000910446368,0.5833333333333334,0.07111475332196562,1
x_aq_vpu_top/x_aq_fdsu_top/x_aq_fdsu_scalar_dp/src1_single0_id,0,0.0,0.0,0.0,0.0,,0
x_aq_vpu_top/x_aq_fdsu_top/x_aq_fdsu_scalar_dp/src1_single0_inf,0,0.0,0.0,0.0,0.0,,0
x_aq_vpu_top/x_aq_fdsu_top/x_aq_fdsu_scalar_dp/src1_single0_qnan,12,0.00039961370675014153,1.2130000000000003,0.8372000910446368,0.5833333333333334,0.07111475332196562,1
x_aq_vpu_top/x_aq_fdsu_top/x_aq_fdsu_scalar_dp/src1_single0_snan,0,0.0,0.0,0.0,0.0,,0
x_aq_vpu_top/x_aq_fdsu_top/x_aq_fdsu_scalar_dp/src1_single0_zero,0,0.0,0.0,0.0,0.0,,0
x_aq_vpu_top/x_aq_fdsu_top/x_aq_fdsu_scalar_dp/srcv0_type[47:0],30,0.0009990342668753538,3.311833333333334,2.2857932136779304,0.8666666666666667,-0.021183319845226964,16
x_aq_vpu_top/x_aq_fdsu_top/x_aq_fdsu_scalar_dp/srcv1_type[47:0],30,0.0009990342668753538,3.1294999999999997,2.1599486273076587,0.8,0.1279855292343095,16
x_aq_vpu_top/x_aq_fdsu_top/x_aq_fdsu_scalar_dp/srt_div_clk,0,0.0,0.0,0.0,0.0,,0
x_aq_vpu_top/x_aq_fdsu_top/x_aq_fdsu_scalar_dp/srt_div_clk_en,2,6.660228445835692e-05,8.55,5.901121828880168,1.0,0.17944175952243305,1
x_aq_vpu_top/x_aq_fdsu_top/x_aq_fdsu_scalar_dp/srt_remainder_add1_op1[59:0],2,6.660228445835692e-05,9.846,6.795607663994635,1.0,-0.001818338626010619,59
x_aq_vpu_top/x_aq_fdsu_top/x_aq_fdsu_scalar_dp/srt_remainder_add1_op2[59:0],1,3.330114222917846e-05,8.82,6.087473044529015,1.0,-0.00040606668911224335,1
x_aq_vpu_top/x_aq_fdsu_top/x_aq_fdsu_scalar_dp/srt_remainder_add2_op1[59:0],2,6.660228445835692e-05,9.846,6.795607663994635,1.0,-0.001818338626010619,59
x_aq_vpu_top/x_aq_fdsu_top/x_aq_fdsu_scalar_dp/srt_remainder_add2_op2[59:0],1,3.330114222917846e-05,8.82,6.087473044529015,1.0,-0.00040606668911224335,1
x_aq_vpu_top/x_aq_fdsu_top/x_aq_fdsu_scalar_dp/srt_remainder_nxt[59:0],0,0.0,0.0,0.0,0.0,,0
x_aq_vpu_top/x_aq_fdsu_top/x_aq_fdsu_scalar_dp/srt_remainder_shift[59:0],0,0.0,0.0,0.0,0.0,,0
x_aq_vpu_top/x_aq_fdsu_top/x_aq_fdsu_scalar_dp/total_qt_rt_minus_next[57:0],0,0.0,0.0,0.0,0.0,,0
x_aq_vpu_top/x_aq_fdsu_top/x_aq_fdsu_scalar_dp/total_qt_rt_next[57:0],0,0.0,0.0,0.0,0.0,,0
x_aq_vpu_top/x_aq_fdsu_top/x_aq_fdsu_scalar_dp/vfdsu_ex4_final_expt[4:0],1,3.330114222917846e-05,10.572000000000003,7.29668537718376,1.0,-0.00423755856826886,1
x_aq_vpu_top/x_aq_fdsu_top/x_aq_fdsu_scalar_dp/vfdsu_ex4_final_result[63:0],0,0.0,0.0,0.0,0.0,,0
x_aq_vpu_top/x_aq_fdsu_top/x_aq_fdsu_scalar_dp/x_aq_vdsp_64_bit_ff1/ex1_sign,0,0.0,0.0,0.0,0.0,,0
x_aq_vpu_top/x_aq_fdsu_top/x_aq_fdsu_scalar_dp/x_aq_vdsp_64_bit_ff1/ex1_size[3:0],32,0.0010656365513337107,2.93025,2.0224283320556853,0.71875,-0.014105565856033158,2
x_aq_vpu_top/x_aq_fdsu_top/x_aq_fdsu_scalar_dp/x_aq_vdsp_64_bit_ff1/ex1_src[63:0],0,0.0,0.0,0.0,0.0,,0
x_aq_vpu_top/x_aq_fdsu_top/x_aq_fdsu_scalar_dp/x_aq_vdsp_64_bit_ff1/ff1_16_bit[23:0],1,3.330114222917846e-05,2.862,1.9753228858777825,0.0,0.0049880070302596976,4
x_aq_vpu_top/x_aq_fdsu_top/x_aq_fdsu_scalar_dp/x_aq_vdsp_64_bit_ff1/ff1_32_bit[13:0],1,3.330114222917846e-05,2.862,1.9753228858777825,0.0,0.004988007030259408,2
x_aq_vpu_top/x_aq_fdsu_top/x_aq_fdsu_scalar_dp/x_aq_vdsp_64_bit_ff1/ff1_64_bit[7:0],1,3.330114222917846e-05,2.862,1.9753228858777825,0.0,0.004988007030259691,1
x_aq_vpu_top/x_aq_fdsu_top/x_aq_fdsu_scalar_dp/x_aq_vdsp_64_bit_ff1/ff1_8_bit[39:0],1,3.330114222917846e-05,2.862,1.9753228858777825,0.0,0.004988007030259441,8
x_aq_vpu_top/x_aq_fdsu_top/x_aq_fdsu_scalar_dp/x_aq_vdsp_64_bit_ff1/b0_ff1[4:0],1,3.330114222917846e-05,2.862,1.9753228858777825,0.0,0.004988007030259691,1
x_aq_vpu_top/x_aq_fdsu_top/x_aq_fdsu_scalar_dp/x_aq_vdsp_64_bit_ff1/b1_ff1[4:0],1,3.330114222917846e-05,2.862,1.9753228858777825,0.0,0.004988007030259691,1
x_aq_vpu_top/x_aq_fdsu_top/x_aq_fdsu_scalar_dp/x_aq_vdsp_64_bit_ff1/b2_ff1[4:0],1,3.330114222917846e-05,2.862,1.9753228858777825,0.0,0.004988007030259691,1
x_aq_vpu_top/x_aq_fdsu_top/x_aq_fdsu_scalar_dp/x_aq_vdsp_64_bit_ff1/b3_ff1[4:0],1,3.330114222917846e-05,2.862,1.9753228858777825,0.0,0.004988007030259691,1
x_aq_vpu_top/x_aq_fdsu_top/x_aq_fdsu_scalar_dp/x_aq_vdsp_64_bit_ff1/b4_ff1[4:0],1,3.330114222917846e-05,2.862,1.9753228858777825,0.0,0.004988007030259691,1
x_aq_vpu_top/x_aq_fdsu_top/x_aq_fdsu_scalar_dp/x_aq_vdsp_64_bit_ff1/b5_ff1[4:0],1,3.330114222917846e-05,2.862,1.9753228858777825,0.0,0.004988007030259691,1
x_aq_vpu_top/x_aq_fdsu_top/x_aq_fdsu_scalar_dp/x_aq_vdsp_64_bit_ff1/b6_ff1[4:0],1,3.330114222917846e-05,2.862,1.9753228858777825,0.0,0.004988007030259691,1
x_aq_vpu_top/x_aq_fdsu_top/x_aq_fdsu_scalar_dp/x_aq_vdsp_64_bit_ff1/b7_ff1[4:0],1,3.330114222917846e-05,2.862,1.9753228858777825,0.0,0.004988007030259691,1
x_aq_vpu_top/x_aq_fdsu_top/x_aq_fdsu_scalar_dp/x_aq_vdsp_64_bit_ff1/b_sign_0,0,0.0,0.0,0.0,0.0,,0
x_aq_vpu_top/x_aq_fdsu_top/x_aq_fdsu_scalar_dp/x_aq_vdsp_64_bit_ff1/b_sign_1,0,0.0,0.0,0.0,0.0,,0
x_aq_vpu_top/x_aq_fdsu_top/x_aq_fdsu_scalar_dp/x_aq_vdsp_64_bit_ff1/b_sign_2,0,0.0,0.0,0.0,0.0,,0
x_aq_vpu_top/x_aq_fdsu_top/x_aq_fdsu_scalar_dp/x_aq_vdsp_64_bit_ff1/b_sign_3,0,0.0,0.0,0.0,0.0,,0
x_aq_vpu_top/x_aq_fdsu_top/x_aq_fdsu_scalar_dp/x_aq_vdsp_64_bit_ff1/b_sign_4,0,0.0,0.0,0.0,0.0,,0
x_aq_vpu_top/x_aq_fdsu_top/x_aq_fdsu_scalar_dp/x_aq_vdsp_64_bit_ff1/b_sign_5,0,0.0,0.0,0.0,0.0,,0
x_aq_vpu_top/x_aq_fdsu_top/x_aq_fdsu_scalar_dp/x_aq_vdsp_64_bit_ff1/b_sign_6,0,0.0,0.0,0.0,0.0,,0
x_aq_vpu_top/x_aq_fdsu_top/x_aq_fdsu_scalar_dp/x_aq_vdsp_64_bit_ff1/b_sign_7,0,0.0,0.0,0.0,0.0,,0
x_aq_vpu_top/x_aq_fdsu_top/x_aq_fdsu_scalar_dp/x_aq_vdsp_64_bit_ff1/byte_0[7:0],0,0.0,0.0,0.0,0.0,,0
x_aq_vpu_top/x_aq_fdsu_top/x_aq_fdsu_scalar_dp/x_aq_vdsp_64_bit_ff1/byte_1[7:0],0,0.0,0.0,0.0,0.0,,0
x_aq_vpu_top/x_aq_fdsu_top/x_aq_fdsu_scalar_dp/x_aq_vdsp_64_bit_ff1/byte_2[7:0],0,0.0,0.0,0.0,0.0,,0
x_aq_vpu_top/x_aq_fdsu_top/x_aq_fdsu_scalar_dp/x_aq_vdsp_64_bit_ff1/byte_3[7:0],0,0.0,0.0,0.0,0.0,,0
x_aq_vpu_top/x_aq_fdsu_top/x_aq_fdsu_scalar_dp/x_aq_vdsp_64_bit_ff1/byte_4[7:0],0,0.0,0.0,0.0,0.0,,0
x_aq_vpu_top/x_aq_fdsu_top/x_aq_fdsu_scalar_dp/x_aq_vdsp_64_bit_ff1/byte_5[7:0],0,0.0,0.0,0.0,0.0,,0
x_aq_vpu_top/x_aq_fdsu_top/x_aq_fdsu_scalar_dp/x_aq_vdsp_64_bit_ff1/byte_6[7:0],0,0.0,0.0,0.0,0.0,,0
x_aq_vpu_top/x_aq_fdsu_top/x_aq_fdsu_scalar_dp/x_aq_vdsp_64_bit_ff1/byte_7[7:0],0,0.0,0.0,0.0,0.0,,0
x_aq_vpu_top/x_aq_fdsu_top/x_aq_fdsu_scalar_dp/x_aq_vdsp_64_bit_ff1/byte_inc[7:0],0,0.0,0.0,0.0,0.0,,0
x_aq_vpu_top/x_aq_fdsu_top/x_aq_fdsu_scalar_dp/x_aq_vdsp_64_bit_ff1/byte_neg[7:0],0,0.0,0.0,0.0,0.0,,0
x_aq_vpu_top/x_aq_fdsu_top/x_aq_fdsu_scalar_dp/x_aq_vdsp_64_bit_ff1/byte_rem[7:0],1,3.330114222917846e-05,2.862,1.9753228858777825,0.0,0.00498800703026006,8
x_aq_vpu_top/x_aq_fdsu_top/x_aq_fdsu_scalar_dp/x_aq_vdsp_64_bit_ff1/byte_zero[7:0],1,3.330114222917846e-05,2.862,1.9753228858777825,0.0,0.00498800703026006,8
x_aq_vpu_top/x_aq_fdsu_top/x_aq_fdsu_scalar_dp/x_aq_vdsp_64_bit_ff1/d_sign,0,0.0,0.0,0.0,0.0,,0
x_aq_vpu_top/x_aq_fdsu_top/x_aq_fdsu_scalar_dp/x_aq_vdsp_64_bit_ff1/dbwd_inc[7:0],0,0.0,0.0,0.0,0.0,,0
x_aq_vpu_top/x_aq_fdsu_top/x_aq_fdsu_scalar_dp/x_aq_vdsp_64_bit_ff1/ff1_0[4:0],1,3.330114222917846e-05,2.862,1.9753228858777825,0.0,0.004988007030259187,3
x_aq_vpu_top/x_aq_fdsu_top/x_aq_fdsu_scalar_dp/x_aq_vdsp_64_bit_ff1/ff1_1[4:0],1,3.330114222917846e-05,2.862,1.9753228858777825,0.0,0.004988007030259187,3
x_aq_vpu_top/x_aq_fdsu_top/x_aq_fdsu_scalar_dp/x_aq_vdsp_64_bit_ff1/ff1_2[4:0],1,3.330114222917846e-05,2.862,1.9753228858777825,0.0,0.004988007030259187,3
x_aq_vpu_top/x_aq_fdsu_top/x_aq_fdsu_scalar_dp/x_aq_vdsp_64_bit_ff1/ff1_3[4:0],1,3.330114222917846e-05,2.862,1.9753228858777825,0.0,0.004988007030259187,3
x_aq_vpu_top/x_aq_fdsu_top/x_aq_fdsu_scalar_dp/x_aq_vdsp_64_bit_ff1/ff1_4[4:0],1,3.330114222917846e-05,2.862,1.9753228858777825,0.0,0.004988007030259187,3
x_aq_vpu_top/x_aq_fdsu_top/x_aq_fdsu_scalar_dp/x_aq_vdsp_64_bit_ff1/ff1_5[4:0],1,3.330114222917846e-05,2.862,1.9753228858777825,0.0,0.004988007030259187,3
x_aq_vpu_top/x_aq_fdsu_top/x_aq_fdsu_scalar_dp/x_aq_vdsp_64_bit_ff1/ff1_6[4:0],1,3.330114222917846e-05,2.862,1.9753228858777825,0.0,0.004988007030259187,3
x_aq_vpu_top/x_aq_fdsu_top/x_aq_fdsu_scalar_dp/x_aq_vdsp_64_bit_ff1/ff1_7[4:0],1,3.330114222917846e-05,2.862,1.9753228858777825,0.0,0.004988007030259187,3
x_aq_vpu_top/x_aq_fdsu_top/x_aq_fdsu_scalar_dp/x_aq_vdsp_64_bit_ff1/h0_ff1[5:0],1,3.330114222917846e-05,2.862,1.9753228858777825,0.0,0.004988007030259691,1
x_aq_vpu_top/x_aq_fdsu_top/x_aq_fdsu_scalar_dp/x_aq_vdsp_64_bit_ff1/h1_ff1[5:0],1,3.330114222917846e-05,2.862,1.9753228858777825,0.0,0.004988007030259691,1
x_aq_vpu_top/x_aq_fdsu_top/x_aq_fdsu_scalar_dp/x_aq_vdsp_64_bit_ff1/h2_ff1[5:0],1,3.330114222917846e-05,2.862,1.9753228858777825,0.0,0.004988007030259691,1
x_aq_vpu_top/x_aq_fdsu_top/x_aq_fdsu_scalar_dp/x_aq_vdsp_64_bit_ff1/h3_ff1[5:0],1,3.330114222917846e-05,2.862,1.9753228858777825,0.0,0.004988007030259691,1
x_aq_vpu_top/x_aq_fdsu_top/x_aq_fdsu_scalar_dp/x_aq_vdsp_64_bit_ff1/h_sign_0,0,0.0,0.0,0.0,0.0,,0
x_aq_vpu_top/x_aq_fdsu_top/x_aq_fdsu_scalar_dp/x_aq_vdsp_64_bit_ff1/h_sign_1,0,0.0,0.0,0.0,0.0,,0
x_aq_vpu_top/x_aq_fdsu_top/x_aq_fdsu_scalar_dp/x_aq_vdsp_64_bit_ff1/h_sign_2,0,0.0,0.0,0.0,0.0,,0
x_aq_vpu_top/x_aq_fdsu_top/x_aq_fdsu_scalar_dp/x_aq_vdsp_64_bit_ff1/h_sign_3,0,0.0,0.0,0.0,0.0,,0
x_aq_vpu_top/x_aq_fdsu_top/x_aq_fdsu_scalar_dp/x_aq_vdsp_64_bit_ff1/half_inc[7:0],0,0.0,0.0,0.0,0.0,,0
x_aq_vpu_top/x_aq_fdsu_top/x_aq_fdsu_scalar_dp/x_aq_vdsp_64_bit_ff1/src_sign[7:0],0,0.0,0.0,0.0,0.0,,0
x_aq_vpu_top/x_aq_fdsu_top/x_aq_fdsu_scalar_dp/x_aq_vdsp_64_bit_ff1/w_sign_0,0,0.0,0.0,0.0,0.0,,0
x_aq_vpu_top/x_aq_fdsu_top/x_aq_fdsu_scalar_dp/x_aq_vdsp_64_bit_ff1/w_sign_1,0,0.0,0.0,0.0,0.0,,0
x_aq_vpu_top/x_aq_fdsu_top/x_aq_fdsu_scalar_dp/x_aq_vdsp_64_bit_ff1/word_inc[7:0],0,0.0,0.0,0.0,0.0,,0
x_aq_vpu_top/x_aq_fdsu_top/x_aq_fdsu_scalar_dp/x_aq_vdsp_64_bit_ff1/x_aq_vdsp_8_bit_ff1_0/out[4:0],1,3.330114222917846e-05,2.862,1.9753228858777825,0.0,0.004988007030259187,3
x_aq_vpu_top/x_aq_fdsu_top/x_aq_fdsu_scalar_dp/x_aq_vdsp_64_bit_ff1/x_aq_vdsp_8_bit_ff1_0/rem,1,3.330114222917846e-05,2.862,1.9753228858777825,0.0,0.004988007030259691,1
x_aq_vpu_top/x_aq_fdsu_top/x_aq_fdsu_scalar_dp/x_aq_vdsp_64_bit_ff1/x_aq_vdsp_8_bit_ff1_0/src[7:0],0,0.0,0.0,0.0,0.0,,0
x_aq_vpu_top/x_aq_fdsu_top/x_aq_fdsu_scalar_dp/x_aq_vdsp_64_bit_ff1/x_aq_vdsp_8_bit_ff1_0/zero,1,3.330114222917846e-05,2.862,1.9753228858777825,0.0,0.004988007030259691,1
x_aq_vpu_top/x_aq_fdsu_top/x_aq_fdsu_scalar_dp/x_aq_vdsp_64_bit_ff1/x_aq_vdsp_8_bit_ff1_1/out[4:0],1,3.330114222917846e-05,2.862,1.9753228858777825,0.0,0.004988007030259187,3
x_aq_vpu_top/x_aq_fdsu_top/x_aq_fdsu_scalar_dp/x_aq_vdsp_64_bit_ff1/x_aq_vdsp_8_bit_ff1_1/rem,1,3.330114222917846e-05,2.862,1.9753228858777825,0.0,0.004988007030259691,1
x_aq_vpu_top/x_aq_fdsu_top/x_aq_fdsu_scalar_dp/x_aq_vdsp_64_bit_ff1/x_aq_vdsp_8_bit_ff1_1/src[7:0],0,0.0,0.0,0.0,0.0,,0
x_aq_vpu_top/x_aq_fdsu_top/x_aq_fdsu_scalar_dp/x_aq_vdsp_64_bit_ff1/x_aq_vdsp_8_bit_ff1_1/zero,1,3.330114222917846e-05,2.862,1.9753228858777825,0.0,0.004988007030259691,1
x_aq_vpu_top/x_aq_fdsu_top/x_aq_fdsu_scalar_dp/x_aq_vdsp_64_bit_ff1/x_aq_vdsp_8_bit_ff1_2/out[4:0],1,3.330114222917846e-05,2.862,1.9753228858777825,0.0,0.004988007030259187,3
x_aq_vpu_top/x_aq_fdsu_top/x_aq_fdsu_scalar_dp/x_aq_vdsp_64_bit_ff1/x_aq_vdsp_8_bit_ff1_2/rem,1,3.330114222917846e-05,2.862,1.9753228858777825,0.0,0.004988007030259691,1
x_aq_vpu_top/x_aq_fdsu_top/x_aq_fdsu_scalar_dp/x_aq_vdsp_64_bit_ff1/x_aq_vdsp_8_bit_ff1_2/src[7:0],0,0.0,0.0,0.0,0.0,,0
x_aq_vpu_top/x_aq_fdsu_top/x_aq_fdsu_scalar_dp/x_aq_vdsp_64_bit_ff1/x_aq_vdsp_8_bit_ff1_2/zero,1,3.330114222917846e-05,2.862,1.9753228858777825,0.0,0.004988007030259691,1
x_aq_vpu_top/x_aq_fdsu_top/x_aq_fdsu_scalar_dp/x_aq_vdsp_64_bit_ff1/x_aq_vdsp_8_bit_ff1_3/out[4:0],1,3.330114222917846e-05,2.862,1.9753228858777825,0.0,0.004988007030259187,3
x_aq_vpu_top/x_aq_fdsu_top/x_aq_fdsu_scalar_dp/x_aq_vdsp_64_bit_ff1/x_aq_vdsp_8_bit_ff1_3/rem,1,3.330114222917846e-05,2.862,1.9753228858777825,0.0,0.004988007030259691,1
x_aq_vpu_top/x_aq_fdsu_top/x_aq_fdsu_scalar_dp/x_aq_vdsp_64_bit_ff1/x_aq_vdsp_8_bit_ff1_3/src[7:0],0,0.0,0.0,0.0,0.0,,0
x_aq_vpu_top/x_aq_fdsu_top/x_aq_fdsu_scalar_dp/x_aq_vdsp_64_bit_ff1/x_aq_vdsp_8_bit_ff1_3/zero,1,3.330114222917846e-05,2.862,1.9753228858777825,0.0,0.004988007030259691,1
x_aq_vpu_top/x_aq_fdsu_top/x_aq_fdsu_scalar_dp/x_aq_vdsp_64_bit_ff1/x_aq_vdsp_8_bit_ff1_4/out[4:0],1,3.330114222917846e-05,2.862,1.9753228858777825,0.0,0.004988007030259187,3
x_aq_vpu_top/x_aq_fdsu_top/x_aq_fdsu_scalar_dp/x_aq_vdsp_64_bit_ff1/x_aq_vdsp_8_bit_ff1_4/rem,1,3.330114222917846e-05,2.862,1.9753228858777825,0.0,0.004988007030259691,1
x_aq_vpu_top/x_aq_fdsu_top/x_aq_fdsu_scalar_dp/x_aq_vdsp_64_bit_ff1/x_aq_vdsp_8_bit_ff1_4/src[7:0],0,0.0,0.0,0.0,0.0,,0
x_aq_vpu_top/x_aq_fdsu_top/x_aq_fdsu_scalar_dp/x_aq_vdsp_64_bit_ff1/x_aq_vdsp_8_bit_ff1_4/zero,1,3.330114222917846e-05,2.862,1.9753228858777825,0.0,0.004988007030259691,1
x_aq_vpu_top/x_aq_fdsu_top/x_aq_fdsu_scalar_dp/x_aq_vdsp_64_bit_ff1/x_aq_vdsp_8_bit_ff1_5/out[4:0],1,3.330114222917846e-05,2.862,1.9753228858777825,0.0,0.004988007030259187,3
x_aq_vpu_top/x_aq_fdsu_top/x_aq_fdsu_scalar_dp/x_aq_vdsp_64_bit_ff1/x_aq_vdsp_8_bit_ff1_5/rem,1,3.330114222917846e-05,2.862,1.9753228858777825,0.0,0.004988007030259691,1
x_aq_vpu_top/x_aq_fdsu_top/x_aq_fdsu_scalar_dp/x_aq_vdsp_64_bit_ff1/x_aq_vdsp_8_bit_ff1_5/src[7:0],0,0.0,0.0,0.0,0.0,,0
x_aq_vpu_top/x_aq_fdsu_top/x_aq_fdsu_scalar_dp/x_aq_vdsp_64_bit_ff1/x_aq_vdsp_8_bit_ff1_5/zero,1,3.330114222917846e-05,2.862,1.9753228858777825,0.0,0.004988007030259691,1
x_aq_vpu_top/x_aq_fdsu_top/x_aq_fdsu_scalar_dp/x_aq_vdsp_64_bit_ff1/x_aq_vdsp_8_bit_ff1_6/out[4:0],1,3.330114222917846e-05,2.862,1.9753228858777825,0.0,0.004988007030259187,3
x_aq_vpu_top/x_aq_fdsu_top/x_aq_fdsu_scalar_dp/x_aq_vdsp_64_bit_ff1/x_aq_vdsp_8_bit_ff1_6/rem,1,3.330114222917846e-05,2.862,1.9753228858777825,0.0,0.004988007030259691,1
x_aq_vpu_top/x_aq_fdsu_top/x_aq_fdsu_scalar_dp/x_aq_vdsp_64_bit_ff1/x_aq_vdsp_8_bit_ff1_6/src[7:0],0,0.0,0.0,0.0,0.0,,0
x_aq_vpu_top/x_aq_fdsu_top/x_aq_fdsu_scalar_dp/x_aq_vdsp_64_bit_ff1/x_aq_vdsp_8_bit_ff1_6/zero,1,3.330114222917846e-05,2.862,1.9753228858777825,0.0,0.004988007030259691,1
x_aq_vpu_top/x_aq_fdsu_top/x_aq_fdsu_scalar_dp/x_aq_vdsp_64_bit_ff1/x_aq_vdsp_8_bit_ff1_7/out[4:0],1,3.330114222917846e-05,2.862,1.9753228858777825,0.0,0.004988007030259187,3
x_aq_vpu_top/x_aq_fdsu_top/x_aq_fdsu_scalar_dp/x_aq_vdsp_64_bit_ff1/x_aq_vdsp_8_bit_ff1_7/rem,1,3.330114222917846e-05,2.862,1.9753228858777825,0.0,0.004988007030259691,1
x_aq_vpu_top/x_aq_fdsu_top/x_aq_fdsu_scalar_dp/x_aq_vdsp_64_bit_ff1/x_aq_vdsp_8_bit_ff1_7/src[7:0],0,0.0,0.0,0.0,0.0,,0
x_aq_vpu_top/x_aq_fdsu_top/x_aq_fdsu_scalar_dp/x_aq_vdsp_64_bit_ff1/x_aq_vdsp_8_bit_ff1_7/zero,1,3.330114222917846e-05,2.862,1.9753228858777825,0.0,0.004988007030259691,1
x_aq_vpu_top/x_aq_fdsu_top/x_aq_fdsu_scalar_dp/x_aq_left_shift_64/input_l16_0_shift_cnt[3:0],0,0.0,0.0,0.0,0.0,,0
x_aq_vpu_top/x_aq_fdsu_top/x_aq_fdsu_scalar_dp/x_aq_left_shift_64/input_l16_1_shift_cnt[3:0],0,0.0,0.0,0.0,0.0,,0
x_aq_vpu_top/x_aq_fdsu_top/x_aq_fdsu_scalar_dp/x_aq_left_shift_64/input_l16_2_shift_cnt[3:0],0,0.0,0.0,0.0,0.0,,0
x_aq_vpu_top/x_aq_fdsu_top/x_aq_fdsu_scalar_dp/x_aq_left_shift_64/input_l16_3_shift_cnt[3:0],0,0.0,0.0,0.0,0.0,,0
x_aq_vpu_top/x_aq_fdsu_top/x_aq_fdsu_scalar_dp/x_aq_left_shift_64/input_l32_0_shift_cnt[4:0],0,0.0,0.0,0.0,0.0,,0
x_aq_vpu_top/x_aq_fdsu_top/x_aq_fdsu_scalar_dp/x_aq_left_shift_64/input_l32_1_shift_cnt[4:0],0,0.0,0.0,0.0,0.0,,0
x_aq_vpu_top/x_aq_fdsu_top/x_aq_fdsu_scalar_dp/x_aq_left_shift_64/input_l64_shift_cnt[5:0],0,0.0,0.0,0.0,0.0,,0
x_aq_vpu_top/x_aq_fdsu_top/x_aq_fdsu_scalar_dp/x_aq_left_shift_64/input_org_src[63:0],0,0.0,0.0,0.0,0.0,,0
x_aq_vpu_top/x_aq_fdsu_top/x_aq_fdsu_scalar_dp/x_aq_left_shift_64/input_size[2:0],32,0.0010656365513337107,2.93025,2.0224283320556853,0.71875,-0.014105565856033158,2
x_aq_vpu_top/x_aq_fdsu_top/x_aq_fdsu_scalar_dp/x_aq_left_shift_64/l16_0_shift_out_val[15:0],0,0.0,0.0,0.0,0.0,,0
x_aq_vpu_top/x_aq_fdsu_top/x_aq_fdsu_scalar_dp/x_aq_left_shift_64/l16_1_shift_out_val[15:0],0,0.0,0.0,0.0,0.0,,0
x_aq_vpu_top/x_aq_fdsu_top/x_aq_fdsu_scalar_dp/x_aq_left_shift_64/l16_2_shift_out_val[15:0],0,0.0,0.0,0.0,0.0,,0
x_aq_vpu_top/x_aq_fdsu_top/x_aq_fdsu_scalar_dp/x_aq_left_shift_64/l16_3_shift_out_val[15:0],0,0.0,0.0,0.0,0.0,,0
x_aq_vpu_top/x_aq_fdsu_top/x_aq_fdsu_scalar_dp/x_aq_left_shift_64/l32_0_shift_out_val[31:0],0,0.0,0.0,0.0,0.0,,0
x_aq_vpu_top/x_aq_fdsu_top/x_aq_fdsu_scalar_dp/x_aq_left_shift_64/l32_1_shift_out_val[31:0],0,0.0,0.0,0.0,0.0,,0
x_aq_vpu_top/x_aq_fdsu_top/x_aq_fdsu_scalar_dp/x_aq_left_shift_64/h16_shift_cnt_0[3:0],0,0.0,0.0,0.0,0.0,,0
x_aq_vpu_top/x_aq_fdsu_top/x_aq_fdsu_scalar_dp/x_aq_left_shift_64/h16_shift_cnt_1[3:0],0,0.0,0.0,0.0,0.0,,0
x_aq_vpu_top/x_aq_fdsu_top/x_aq_fdsu_scalar_dp/x_aq_left_shift_64/h16_shift_cnt_2[3:0],0,0.0,0.0,0.0,0.0,,0
x_aq_vpu_top/x_aq_fdsu_top/x_aq_fdsu_scalar_dp/x_aq_left_shift_64/h16_shift_cnt_3[3:0],0,0.0,0.0,0.0,0.0,,0
x_aq_vpu_top/x_aq_fdsu_top/x_aq_fdsu_scalar_dp/x_aq_left_shift_64/h16_shift_in_val_0[15:0],0,0.0,0.0,0.0,0.0,,0
x_aq_vpu_top/x_aq_fdsu_top/x_aq_fdsu_scalar_dp/x_aq_left_shift_64/h16_shift_in_val_1[15:0],0,0.0,0.0,0.0,0.0,,0
x_aq_vpu_top/x_aq_fdsu_top/x_aq_fdsu_scalar_dp/x_aq_left_shift_64/h16_shift_in_val_2[15:0],0,0.0,0.0,0.0,0.0,,0
x_aq_vpu_top/x_aq_fdsu_top/x_aq_fdsu_scalar_dp/x_aq_left_shift_64/h16_shift_in_val_3[15:0],0,0.0,0.0,0.0,0.0,,0
x_aq_vpu_top/x_aq_fdsu_top/x_aq_fdsu_scalar_dp/x_aq_left_shift_64/input_16,0,0.0,0.0,0.0,0.0,,0
x_aq_vpu_top/x_aq_fdsu_top/x_aq_fdsu_scalar_dp/x_aq_left_shift_64/input_32,0,0.0,0.0,0.0,0.0,,0
x_aq_vpu_top/x_aq_fdsu_top/x_aq_fdsu_scalar_dp/x_aq_left_shift_64/input_64,15,0.0004995171334376769,3.116266666666667,2.1508151171085736,0.8,-0.01819696689905232,1
x_aq_vpu_top/x_aq_fdsu_top/x_aq_fdsu_scalar_dp/x_aq_left_shift_64/l16_shift_result_0[31:0],0,0.0,0.0,0.0,0.0,,0
x_aq_vpu_top/x_aq_fdsu_top/x_aq_fdsu_scalar_dp/x_aq_left_shift_64/l16_shift_result_1[31:0],0,0.0,0.0,0.0,0.0,,0
x_aq_vpu_top/x_aq_fdsu_top/x_aq_fdsu_scalar_dp/x_aq_left_shift_64/l16_shift_result_2[31:0],0,0.0,0.0,0.0,0.0,,0
x_aq_vpu_top/x_aq_fdsu_top/x_aq_fdsu_scalar_dp/x_aq_left_shift_64/l16_shift_result_3[31:0],0,0.0,0.0,0.0,0.0,,0
x_aq_vpu_top/x_aq_fdsu_top/x_aq_fdsu_scalar_dp/x_aq_left_shift_64/l32_0_shift_result[47:0],0,0.0,0.0,0.0,0.0,,0
x_aq_vpu_top/x_aq_fdsu_top/x_aq_fdsu_scalar_dp/x_aq_left_shift_64/l32_1_shift_result[47:0],0,0.0,0.0,0.0,0.0,,0
x_aq_vpu_top/x_aq_fdsu_top/x_aq_fdsu_scalar_dp/x_aq_left_shift_64/shift_cnt_0_bit4,0,0.0,0.0,0.0,0.0,,0
x_aq_vpu_top/x_aq_fdsu_top/x_aq_fdsu_scalar_dp/x_aq_left_shift_64/shift_cnt_1_bit4,0,0.0,0.0,0.0,0.0,,0
x_aq_vpu_top/x_aq_fdsu_top/x_aq_fdsu_scalar_dp/x_ex1_ex2_pipe_clk/clk_in,0,0.0,0.0,0.0,0.0,,0
x_aq_vpu_top/x_aq_fdsu_top/x_aq_fdsu_scalar_dp/x_ex1_ex2_pipe_clk/global_en,1,3.330114222917846e-05,2.862,1.9753228858777825,0.0,0.004988007030259691,1
x_aq_vpu_top/x_aq_fdsu_top/x_aq_fdsu_scalar_dp/x_ex1_ex2_pipe_clk/module_en,0,0.0,0.0,0.0,0.0,,0
x_aq_vpu_top/x_aq_fdsu_top/x_aq_fdsu_scalar_dp/x_ex1_ex2_pipe_clk/local_en,2,6.660228445835692e-05,8.55,5.901121828880168,1.0,0.17944175952243305,1
x_aq_vpu_top/x_aq_fdsu_top/x_aq_fdsu_scalar_dp/x_ex1_ex2_pipe_clk/external_en,0,0.0,0.0,0.0,0.0,,0
x_aq_vpu_top/x_aq_fdsu_top/x_aq_fdsu_scalar_dp/x_ex1_ex2_pipe_clk/pad_yy_icg_scan_en,0,0.0,0.0,0.0,0.0,,0
x_aq_vpu_top/x_aq_fdsu_top/x_aq_fdsu_scalar_dp/x_ex1_ex2_pipe_clk/clk_out,0,0.0,0.0,0.0,0.0,,0
x_aq_vpu_top/x_aq_fdsu_top/x_aq_fdsu_scalar_dp/x_ex1_ex2_pipe_clk/clk_en_bf_latch,2,6.660228445835692e-05,8.55,5.901121828880168,1.0,0.17944175952243305,1
x_aq_vpu_top/x_aq_fdsu_top/x_aq_fdsu_scalar_dp/x_ex1_ex2_pipe_clk/SE,0,0.0,0.0,0.0,0.0,,0
x_aq_vpu_top/x_aq_fdsu_top/x_aq_fdsu_scalar_dp/x_srt_div_clk/clk_in,0,0.0,0.0,0.0,0.0,,0
x_aq_vpu_top/x_aq_fdsu_top/x_aq_fdsu_scalar_dp/x_srt_div_clk/global_en,1,3.330114222917846e-05,2.862,1.9753228858777825,0.0,0.004988007030259691,1
x_aq_vpu_top/x_aq_fdsu_top/x_aq_fdsu_scalar_dp/x_srt_div_clk/module_en,0,0.0,0.0,0.0,0.0,,0
x_aq_vpu_top/x_aq_fdsu_top/x_aq_fdsu_scalar_dp/x_srt_div_clk/local_en,2,6.660228445835692e-05,8.55,5.901121828880168,1.0,0.17944175952243305,1
x_aq_vpu_top/x_aq_fdsu_top/x_aq_fdsu_scalar_dp/x_srt_div_clk/external_en,0,0.0,0.0,0.0,0.0,,0
x_aq_vpu_top/x_aq_fdsu_top/x_aq_fdsu_scalar_dp/x_srt_div_clk/pad_yy_icg_scan_en,0,0.0,0.0,0.0,0.0,,0
x_aq_vpu_top/x_aq_fdsu_top/x_aq_fdsu_scalar_dp/x_srt_div_clk/clk_out,0,0.0,0.0,0.0,0.0,,0
x_aq_vpu_top/x_aq_fdsu_top/x_aq_fdsu_scalar_dp/x_srt_div_clk/clk_en_bf_latch,2,6.660228445835692e-05,8.55,5.901121828880168,1.0,0.17944175952243305,1
x_aq_vpu_top/x_aq_fdsu_top/x_aq_fdsu_scalar_dp/x_srt_div_clk/SE,0,0.0,0.0,0.0,0.0,,0
x_aq_vpu_top/x_aq_fdsu_top/x_aq_fdsu_scalar_dp/x_qt_clk/clk_in,0,0.0,0.0,0.0,0.0,,0
x_aq_vpu_top/x_aq_fdsu_top/x_aq_fdsu_scalar_dp/x_qt_clk/global_en,1,3.330114222917846e-05,2.862,1.9753228858777825,0.0,0.004988007030259691,1
x_aq_vpu_top/x_aq_fdsu_top/x_aq_fdsu_scalar_dp/x_qt_clk/module_en,0,0.0,0.0,0.0,0.0,,0
x_aq_vpu_top/x_aq_fdsu_top/x_aq_fdsu_scalar_dp/x_qt_clk/local_en,2,6.660228445835692e-05,8.55,5.901121828880168,1.0,0.17944175952243305,1
x_aq_vpu_top/x_aq_fdsu_top/x_aq_fdsu_scalar_dp/x_qt_clk/external_en,0,0.0,0.0,0.0,0.0,,0
x_aq_vpu_top/x_aq_fdsu_top/x_aq_fdsu_scalar_dp/x_qt_clk/pad_yy_icg_scan_en,0,0.0,0.0,0.0,0.0,,0
x_aq_vpu_top/x_aq_fdsu_top/x_aq_fdsu_scalar_dp/x_qt_clk/clk_out,0,0.0,0.0,0.0,0.0,,0
x_aq_vpu_top/x_aq_fdsu_top/x_aq_fdsu_scalar_dp/x_qt_clk/clk_en_bf_latch,2,6.660228445835692e-05,8.55,5.901121828880168,1.0,0.17944175952243305,1
x_aq_vpu_top/x_aq_fdsu_top/x_aq_fdsu_scalar_dp/x_qt_clk/SE,0,0.0,0.0,0.0,0.0,,0
x_aq_vpu_top/x_aq_fdsu_top/x_aq_fdsu_scalar_dp/x_aq_fdsu_denorm_shift/bhalf0_denorm_to_tiny_frac,0,0.0,0.0,0.0,0.0,,0
x_aq_vpu_top/x_aq_fdsu_top/x_aq_fdsu_scalar_dp/x_aq_fdsu_denorm_shift/bhalf0_shift_num[6:0],0,0.0,0.0,0.0,0.0,,0
x_aq_vpu_top/x_aq_fdsu_top/x_aq_fdsu_scalar_dp/x_aq_fdsu_denorm_shift/bhalf0_shift_num_in[6:0],0,0.0,0.0,0.0,0.0,,0
x_aq_vpu_top/x_aq_fdsu_top/x_aq_fdsu_scalar_dp/x_aq_fdsu_denorm_shift/bhalf0_shift_val[8:0],0,0.0,0.0,0.0,0.0,,0
x_aq_vpu_top/x_aq_fdsu_top/x_aq_fdsu_scalar_dp/x_aq_fdsu_denorm_shift/bhalf1_denorm_to_tiny_frac,0,0.0,0.0,0.0,0.0,,0
x_aq_vpu_top/x_aq_fdsu_top/x_aq_fdsu_scalar_dp/x_aq_fdsu_denorm_shift/bhalf1_shift_num[6:0],0,0.0,0.0,0.0,0.0,,0
x_aq_vpu_top/x_aq_fdsu_top/x_aq_fdsu_scalar_dp/x_aq_fdsu_denorm_shift/bhalf1_shift_num_in[6:0],0,0.0,0.0,0.0,0.0,,0
x_aq_vpu_top/x_aq_fdsu_top/x_aq_fdsu_scalar_dp/x_aq_fdsu_denorm_shift/bhalf1_shift_val[8:0],0,0.0,0.0,0.0,0.0,,0
x_aq_vpu_top/x_aq_fdsu_top/x_aq_fdsu_scalar_dp/x_aq_fdsu_denorm_shift/bhalf2_denorm_to_tiny_frac,0,0.0,0.0,0.0,0.0,,0
x_aq_vpu_top/x_aq_fdsu_top/x_aq_fdsu_scalar_dp/x_aq_fdsu_denorm_shift/bhalf2_shift_num[6:0],0,0.0,0.0,0.0,0.0,,0
x_aq_vpu_top/x_aq_fdsu_top/x_aq_fdsu_scalar_dp/x_aq_fdsu_denorm_shift/bhalf2_shift_num_in[6:0],0,0.0,0.0,0.0,0.0,,0
x_aq_vpu_top/x_aq_fdsu_top/x_aq_fdsu_scalar_dp/x_aq_fdsu_denorm_shift/bhalf2_shift_val[8:0],0,0.0,0.0,0.0,0.0,,0
x_aq_vpu_top/x_aq_fdsu_top/x_aq_fdsu_scalar_dp/x_aq_fdsu_denorm_shift/bhalf3_denorm_to_tiny_frac,0,0.0,0.0,0.0,0.0,,0
x_aq_vpu_top/x_aq_fdsu_top/x_aq_fdsu_scalar_dp/x_aq_fdsu_denorm_shift/bhalf3_shift_num[6:0],0,0.0,0.0,0.0,0.0,,0
x_aq_vpu_top/x_aq_fdsu_top/x_aq_fdsu_scalar_dp/x_aq_fdsu_denorm_shift/bhalf3_shift_num_in[6:0],0,0.0,0.0,0.0,0.0,,0
x_aq_vpu_top/x_aq_fdsu_top/x_aq_fdsu_scalar_dp/x_aq_fdsu_denorm_shift/bhalf3_shift_val[8:0],0,0.0,0.0,0.0,0.0,,0
x_aq_vpu_top/x_aq_fdsu_top/x_aq_fdsu_scalar_dp/x_aq_fdsu_denorm_shift/double_denorm_to_tiny_frac,0,0.0,0.0,0.0,0.0,,0
x_aq_vpu_top/x_aq_fdsu_top/x_aq_fdsu_scalar_dp/x_aq_fdsu_denorm_shift/double_shift_num_in[51:0],0,0.0,0.0,0.0,0.0,,0
x_aq_vpu_top/x_aq_fdsu_top/x_aq_fdsu_scalar_dp/x_aq_fdsu_denorm_shift/double_shift_val[11:0],0,0.0,0.0,0.0,0.0,,0
x_aq_vpu_top/x_aq_fdsu_top/x_aq_fdsu_scalar_dp/x_aq_fdsu_denorm_shift/half0_denorm_to_tiny_frac,0,0.0,0.0,0.0,0.0,,0
x_aq_vpu_top/x_aq_fdsu_top/x_aq_fdsu_scalar_dp/x_aq_fdsu_denorm_shift/half0_shift_num[9:0],0,0.0,0.0,0.0,0.0,,0
x_aq_vpu_top/x_aq_fdsu_top/x_aq_fdsu_scalar_dp/x_aq_fdsu_denorm_shift/half0_shift_num_in[9:0],0,0.0,0.0,0.0,0.0,,0
x_aq_vpu_top/x_aq_fdsu_top/x_aq_fdsu_scalar_dp/x_aq_fdsu_denorm_shift/half0_shift_val[5:0],0,0.0,0.0,0.0,0.0,,0
x_aq_vpu_top/x_aq_fdsu_top/x_aq_fdsu_scalar_dp/x_aq_fdsu_denorm_shift/half1_denorm_to_tiny_frac,0,0.0,0.0,0.0,0.0,,0
x_aq_vpu_top/x_aq_fdsu_top/x_aq_fdsu_scalar_dp/x_aq_fdsu_denorm_shift/half1_shift_num[9:0],0,0.0,0.0,0.0,0.0,,0
x_aq_vpu_top/x_aq_fdsu_top/x_aq_fdsu_scalar_dp/x_aq_fdsu_denorm_shift/half1_shift_num_in[9:0],0,0.0,0.0,0.0,0.0,,0
x_aq_vpu_top/x_aq_fdsu_top/x_aq_fdsu_scalar_dp/x_aq_fdsu_denorm_shift/half1_shift_val[5:0],0,0.0,0.0,0.0,0.0,,0
x_aq_vpu_top/x_aq_fdsu_top/x_aq_fdsu_scalar_dp/x_aq_fdsu_denorm_shift/half2_denorm_to_tiny_frac,0,0.0,0.0,0.0,0.0,,0
x_aq_vpu_top/x_aq_fdsu_top/x_aq_fdsu_scalar_dp/x_aq_fdsu_denorm_shift/half2_shift_num[9:0],0,0.0,0.0,0.0,0.0,,0
x_aq_vpu_top/x_aq_fdsu_top/x_aq_fdsu_scalar_dp/x_aq_fdsu_denorm_shift/half2_shift_num_in[9:0],0,0.0,0.0,0.0,0.0,,0
x_aq_vpu_top/x_aq_fdsu_top/x_aq_fdsu_scalar_dp/x_aq_fdsu_denorm_shift/half2_shift_val[5:0],0,0.0,0.0,0.0,0.0,,0
x_aq_vpu_top/x_aq_fdsu_top/x_aq_fdsu_scalar_dp/x_aq_fdsu_denorm_shift/half3_denorm_to_tiny_frac,0,0.0,0.0,0.0,0.0,,0
x_aq_vpu_top/x_aq_fdsu_top/x_aq_fdsu_scalar_dp/x_aq_fdsu_denorm_shift/half3_shift_num[9:0],0,0.0,0.0,0.0,0.0,,0
x_aq_vpu_top/x_aq_fdsu_top/x_aq_fdsu_scalar_dp/x_aq_fdsu_denorm_shift/half3_shift_num_in[9:0],0,0.0,0.0,0.0,0.0,,0
x_aq_vpu_top/x_aq_fdsu_top/x_aq_fdsu_scalar_dp/x_aq_fdsu_denorm_shift/half3_shift_val[5:0],0,0.0,0.0,0.0,0.0,,0
x_aq_vpu_top/x_aq_fdsu_top/x_aq_fdsu_scalar_dp/x_aq_fdsu_denorm_shift/input_bhalf,0,0.0,0.0,0.0,0.0,,0
x_aq_vpu_top/x_aq_fdsu_top/x_aq_fdsu_scalar_dp/x_aq_fdsu_denorm_shift/input_double,0,0.0,0.0,0.0,0.0,,0
x_aq_vpu_top/x_aq_fdsu_top/x_aq_fdsu_scalar_dp/x_aq_fdsu_denorm_shift/input_half,0,0.0,0.0,0.0,0.0,,0
x_aq_vpu_top/x_aq_fdsu_top/x_aq_fdsu_scalar_dp/x_aq_fdsu_denorm_shift/input_single,0,0.0,0.0,0.0,0.0,,0
x_aq_vpu_top/x_aq_fdsu_top/x_aq_fdsu_scalar_dp/x_aq_fdsu_denorm_shift/single0_denorm_to_tiny_frac,0,0.0,0.0,0.0,0.0,,0
x_aq_vpu_top/x_aq_fdsu_top/x_aq_fdsu_scalar_dp/x_aq_fdsu_denorm_shift/single0_shift_num_in[22:0],0,0.0,0.0,0.0,0.0,,0
x_aq_vpu_top/x_aq_fdsu_top/x_aq_fdsu_scalar_dp/x_aq_fdsu_denorm_shift/single0_shift_val[8:0],0,0.0,0.0,0.0,0.0,,0
x_aq_vpu_top/x_aq_fdsu_top/x_aq_fdsu_scalar_dp/x_aq_fdsu_denorm_shift/single1_denorm_to_tiny_frac,0,0.0,0.0,0.0,0.0,,0
x_aq_vpu_top/x_aq_fdsu_top/x_aq_fdsu_scalar_dp/x_aq_fdsu_denorm_shift/single1_shift_num_in[22:0],0,0.0,0.0,0.0,0.0,,0
x_aq_vpu_top/x_aq_fdsu_top/x_aq_fdsu_scalar_dp/x_aq_fdsu_denorm_shift/single1_shift_val[8:0],0,0.0,0.0,0.0,0.0,,0
x_aq_vpu_top/x_aq_fdsu_top/x_aq_fdsu_scalar_dp/x_aq_fdsu_denorm_shift/bhalf0_tiny_num,0,0.0,0.0,0.0,0.0,,0
x_aq_vpu_top/x_aq_fdsu_top/x_aq_fdsu_scalar_dp/x_aq_fdsu_denorm_shift/bhalf1_tiny_num,0,0.0,0.0,0.0,0.0,,0
x_aq_vpu_top/x_aq_fdsu_top/x_aq_fdsu_scalar_dp/x_aq_fdsu_denorm_shift/bhalf2_tiny_num,0,0.0,0.0,0.0,0.0,,0
x_aq_vpu_top/x_aq_fdsu_top/x_aq_fdsu_scalar_dp/x_aq_fdsu_denorm_shift/bhalf3_tiny_num,0,0.0,0.0,0.0,0.0,,0
x_aq_vpu_top/x_aq_fdsu_top/x_aq_fdsu_scalar_dp/x_aq_fdsu_denorm_shift/double_shift_sel0_num[51:0],0,0.0,0.0,0.0,0.0,,0
x_aq_vpu_top/x_aq_fdsu_top/x_aq_fdsu_scalar_dp/x_aq_fdsu_denorm_shift/double_shift_sel1_num[51:0],0,0.0,0.0,0.0,0.0,,0
x_aq_vpu_top/x_aq_fdsu_top/x_aq_fdsu_scalar_dp/x_aq_fdsu_denorm_shift/double_shift_sel2_num[51:0],0,0.0,0.0,0.0,0.0,,0
x_aq_vpu_top/x_aq_fdsu_top/x_aq_fdsu_scalar_dp/x_aq_fdsu_denorm_shift/double_shift_sel3_num[51:0],0,0.0,0.0,0.0,0.0,,0
x_aq_vpu_top/x_aq_fdsu_top/x_aq_fdsu_scalar_dp/x_aq_fdsu_denorm_shift/double_shift_sel4_num[51:0],0,0.0,0.0,0.0,0.0,,0
x_aq_vpu_top/x_aq_fdsu_top/x_aq_fdsu_scalar_dp/x_aq_fdsu_denorm_shift/double_shift_sel5_num[51:0],0,0.0,0.0,0.0,0.0,,0
x_aq_vpu_top/x_aq_fdsu_top/x_aq_fdsu_scalar_dp/x_aq_fdsu_denorm_shift/double_shift_sel6_num[51:0],0,0.0,0.0,0.0,0.0,,0
x_aq_vpu_top/x_aq_fdsu_top/x_aq_fdsu_scalar_dp/x_aq_fdsu_denorm_shift/double_tiny_num,1,3.330114222917846e-05,10.872,7.503742283460255,1.0,-0.003229515705865712,1
x_aq_vpu_top/x_aq_fdsu_top/x_aq_fdsu_scalar_dp/x_aq_fdsu_denorm_shift/half0_tiny_num,0,0.0,0.0,0.0,0.0,,0
x_aq_vpu_top/x_aq_fdsu_top/x_aq_fdsu_scalar_dp/x_aq_fdsu_denorm_shift/half1_tiny_num,0,0.0,0.0,0.0,0.0,,0
x_aq_vpu_top/x_aq_fdsu_top/x_aq_fdsu_scalar_dp/x_aq_fdsu_denorm_shift/half2_tiny_num,0,0.0,0.0,0.0,0.0,,0
x_aq_vpu_top/x_aq_fdsu_top/x_aq_fdsu_scalar_dp/x_aq_fdsu_denorm_shift/half3_tiny_num,0,0.0,0.0,0.0,0.0,,0
x_aq_vpu_top/x_aq_fdsu_top/x_aq_fdsu_scalar_dp/x_aq_fdsu_denorm_shift/right_8_0_num_in[15:0],0,0.0,0.0,0.0,0.0,,0
x_aq_vpu_top/x_aq_fdsu_top/x_aq_fdsu_scalar_dp/x_aq_fdsu_denorm_shift/right_8_0_shift_cnt[2:0],0,0.0,0.0,0.0,0.0,,0
x_aq_vpu_top/x_aq_fdsu_top/x_aq_fdsu_scalar_dp/x_aq_fdsu_denorm_shift/right_8_0_shift_num[15:0],0,0.0,0.0,0.0,0.0,,0
x_aq_vpu_top/x_aq_fdsu_top/x_aq_fdsu_scalar_dp/x_aq_fdsu_denorm_shift/right_8_1_num_in[15:0],0,0.0,0.0,0.0,0.0,,0
x_aq_vpu_top/x_aq_fdsu_top/x_aq_fdsu_scalar_dp/x_aq_fdsu_denorm_shift/right_8_1_shift_cnt[2:0],0,0.0,0.0,0.0,0.0,,0
x_aq_vpu_top/x_aq_fdsu_top/x_aq_fdsu_scalar_dp/x_aq_fdsu_denorm_shift/right_8_1_shift_num[15:0],0,0.0,0.0,0.0,0.0,,0
x_aq_vpu_top/x_aq_fdsu_top/x_aq_fdsu_scalar_dp/x_aq_fdsu_denorm_shift/right_8_2_num_in[15:0],0,0.0,0.0,0.0,0.0,,0
x_aq_vpu_top/x_aq_fdsu_top/x_aq_fdsu_scalar_dp/x_aq_fdsu_denorm_shift/right_8_2_shift_cnt[2:0],0,0.0,0.0,0.0,0.0,,0
x_aq_vpu_top/x_aq_fdsu_top/x_aq_fdsu_scalar_dp/x_aq_fdsu_denorm_shift/right_8_2_shift_num[15:0],0,0.0,0.0,0.0,0.0,,0
x_aq_vpu_top/x_aq_fdsu_top/x_aq_fdsu_scalar_dp/x_aq_fdsu_denorm_shift/right_8_3_num_in[15:0],0,0.0,0.0,0.0,0.0,,0
x_aq_vpu_top/x_aq_fdsu_top/x_aq_fdsu_scalar_dp/x_aq_fdsu_denorm_shift/right_8_3_shift_cnt[2:0],0,0.0,0.0,0.0,0.0,,0
x_aq_vpu_top/x_aq_fdsu_top/x_aq_fdsu_scalar_dp/x_aq_fdsu_denorm_shift/right_8_3_shift_num[15:0],0,0.0,0.0,0.0,0.0,,0
x_aq_vpu_top/x_aq_fdsu_top/x_aq_fdsu_scalar_dp/x_aq_fdsu_denorm_shift/right_8_4_num_in[15:0],0,0.0,0.0,0.0,0.0,,0
x_aq_vpu_top/x_aq_fdsu_top/x_aq_fdsu_scalar_dp/x_aq_fdsu_denorm_shift/right_8_4_shift_cnt[2:0],0,0.0,0.0,0.0,0.0,,0
x_aq_vpu_top/x_aq_fdsu_top/x_aq_fdsu_scalar_dp/x_aq_fdsu_denorm_shift/right_8_4_shift_num[15:0],0,0.0,0.0,0.0,0.0,,0
x_aq_vpu_top/x_aq_fdsu_top/x_aq_fdsu_scalar_dp/x_aq_fdsu_denorm_shift/right_8_5_num_in[15:0],0,0.0,0.0,0.0,0.0,,0
x_aq_vpu_top/x_aq_fdsu_top/x_aq_fdsu_scalar_dp/x_aq_fdsu_denorm_shift/right_8_5_shift_cnt[2:0],0,0.0,0.0,0.0,0.0,,0
x_aq_vpu_top/x_aq_fdsu_top/x_aq_fdsu_scalar_dp/x_aq_fdsu_denorm_shift/right_8_5_shift_num[15:0],0,0.0,0.0,0.0,0.0,,0
x_aq_vpu_top/x_aq_fdsu_top/x_aq_fdsu_scalar_dp/x_aq_fdsu_denorm_shift/right_8_6_num_in[15:0],0,0.0,0.0,0.0,0.0,,0
x_aq_vpu_top/x_aq_fdsu_top/x_aq_fdsu_scalar_dp/x_aq_fdsu_denorm_shift/right_8_6_shift_cnt[2:0],0,0.0,0.0,0.0,0.0,,0
x_aq_vpu_top/x_aq_fdsu_top/x_aq_fdsu_scalar_dp/x_aq_fdsu_denorm_shift/right_8_6_shift_num[15:0],0,0.0,0.0,0.0,0.0,,0
x_aq_vpu_top/x_aq_fdsu_top/x_aq_fdsu_scalar_dp/x_aq_fdsu_denorm_shift/single0_tiny_num,1,3.330114222917846e-05,10.872,7.503742283460255,1.0,-0.003229515705865712,1
x_aq_vpu_top/x_aq_fdsu_top/x_aq_fdsu_scalar_dp/x_aq_fdsu_denorm_shift/single1_tiny_num,0,0.0,0.0,0.0,0.0,,0
x_aq_vpu_top/x_aq_fdsu_top/x_aq_fdsu_scalar_dp/x_aq_fdsu_denorm_shift/aq_fdsu_right_shift_8_0/frac_num_in[15:0],0,0.0,0.0,0.0,0.0,,0
x_aq_vpu_top/x_aq_fdsu_top/x_aq_fdsu_scalar_dp/x_aq_fdsu_denorm_shift/aq_fdsu_right_shift_8_0/frac_shift_cnt[2:0],0,0.0,0.0,0.0,0.0,,0
x_aq_vpu_top/x_aq_fdsu_top/x_aq_fdsu_scalar_dp/x_aq_fdsu_denorm_shift/aq_fdsu_right_shift_8_1/frac_num_in[15:0],0,0.0,0.0,0.0,0.0,,0
x_aq_vpu_top/x_aq_fdsu_top/x_aq_fdsu_scalar_dp/x_aq_fdsu_denorm_shift/aq_fdsu_right_shift_8_1/frac_shift_cnt[2:0],0,0.0,0.0,0.0,0.0,,0
x_aq_vpu_top/x_aq_fdsu_top/x_aq_fdsu_scalar_dp/x_aq_fdsu_denorm_shift/aq_fdsu_right_shift_8_2/frac_num_in[15:0],0,0.0,0.0,0.0,0.0,,0
x_aq_vpu_top/x_aq_fdsu_top/x_aq_fdsu_scalar_dp/x_aq_fdsu_denorm_shift/aq_fdsu_right_shift_8_2/frac_shift_cnt[2:0],0,0.0,0.0,0.0,0.0,,0
x_aq_vpu_top/x_aq_fdsu_top/x_aq_fdsu_scalar_dp/x_aq_fdsu_denorm_shift/aq_fdsu_right_shift_8_3/frac_num_in[15:0],0,0.0,0.0,0.0,0.0,,0
x_aq_vpu_top/x_aq_fdsu_top/x_aq_fdsu_scalar_dp/x_aq_fdsu_denorm_shift/aq_fdsu_right_shift_8_3/frac_shift_cnt[2:0],0,0.0,0.0,0.0,0.0,,0
x_aq_vpu_top/x_aq_fdsu_top/x_aq_fdsu_scalar_dp/x_aq_fdsu_denorm_shift/aq_fdsu_right_shift_8_4/frac_num_in[15:0],0,0.0,0.0,0.0,0.0,,0
x_aq_vpu_top/x_aq_fdsu_top/x_aq_fdsu_scalar_dp/x_aq_fdsu_denorm_shift/aq_fdsu_right_shift_8_4/frac_shift_cnt[2:0],0,0.0,0.0,0.0,0.0,,0
x_aq_vpu_top/x_aq_fdsu_top/x_aq_fdsu_scalar_dp/x_aq_fdsu_denorm_shift/aq_fdsu_right_shift_8_5/frac_num_in[15:0],0,0.0,0.0,0.0,0.0,,0
x_aq_vpu_top/x_aq_fdsu_top/x_aq_fdsu_scalar_dp/x_aq_fdsu_denorm_shift/aq_fdsu_right_shift_8_5/frac_shift_cnt[2:0],0,0.0,0.0,0.0,0.0,,0
x_aq_vpu_top/x_aq_fdsu_top/x_aq_fdsu_scalar_dp/x_aq_fdsu_denorm_shift/aq_fdsu_right_shift_8_6/frac_num_in[15:0],0,0.0,0.0,0.0,0.0,,0
x_aq_vpu_top/x_aq_fdsu_top/x_aq_fdsu_scalar_dp/x_aq_fdsu_denorm_shift/aq_fdsu_right_shift_8_6/frac_shift_cnt[2:0],0,0.0,0.0,0.0,0.0,,0
x_aq_vpu_top/x_aq_fdsu_top/x_aq_fdsu_scalar_ctrl/bhalf0_ex1_op0_id_vld,0,0.0,0.0,0.0,0.0,,0
x_aq_vpu_top/x_aq_fdsu_top/x_aq_fdsu_scalar_ctrl/bhalf0_ex1_op1_id_vld,0,0.0,0.0,0.0,0.0,,0
x_aq_vpu_top/x_aq_fdsu_top/x_aq_fdsu_scalar_ctrl/bhalf0_ex1_op1_sel,0,0.0,0.0,0.0,0.0,,0
x_aq_vpu_top/x_aq_fdsu_top/x_aq_fdsu_scalar_ctrl/cp0_vpu_icg_en,0,0.0,0.0,0.0,0.0,,0
x_aq_vpu_top/x_aq_fdsu_top/x_aq_fdsu_scalar_ctrl/cp0_yy_clk_en,1,3.330114222917846e-05,2.862,1.9753228858777825,0.0,0.004988007030259691,1
x_aq_vpu_top/x_aq_fdsu_top/x_aq_fdsu_scalar_ctrl/cpurst_b,3,9.990342668753538e-05,1.553333333333334,1.0720946480538631,0.0,-0.0005091736528365816,1
x_aq_vpu_top/x_aq_fdsu_top/x_aq_fdsu_scalar_ctrl/ctrl_dp_ex1_save_op0,0,0.0,0.0,0.0,0.0,,0
x_aq_vpu_top/x_aq_fdsu_top/x_aq_fdsu_scalar_ctrl/ctrl_dp_ex1_save_op0_gate,0,0.0,0.0,0.0,0.0,,0
x_aq_vpu_top/x_aq_fdsu_top/x_aq_fdsu_scalar_ctrl/double0_ex1_op0_id_vld,0,0.0,0.0,0.0,0.0,,0
x_aq_vpu_top/x_aq_fdsu_top/x_aq_fdsu_scalar_ctrl/double0_ex1_op1_id_vld,0,0.0,0.0,0.0,0.0,,0
x_aq_vpu_top/x_aq_fdsu_top/x_aq_fdsu_scalar_ctrl/double0_ex1_op1_sel,0,0.0,0.0,0.0,0.0,,0
x_aq_vpu_top/x_aq_fdsu_top/x_aq_fdsu_scalar_ctrl/double_pipe0_ex1_ff1_sel_op1,0,0.0,0.0,0.0,0.0,,0
x_aq_vpu_top/x_aq_fdsu_top/x_aq_fdsu_scalar_ctrl/double_pipe0_ex1_op1_sel,0,0.0,0.0,0.0,0.0,,0
x_aq_vpu_top/x_aq_fdsu_top/x_aq_fdsu_scalar_ctrl/double_pipe0_ex1_save_op0,0,0.0,0.0,0.0,0.0,,0
x_aq_vpu_top/x_aq_fdsu_top/x_aq_fdsu_scalar_ctrl/double_pipe0_ex1_srt_skip,0,0.0,0.0,0.0,0.0,,0
x_aq_vpu_top/x_aq_fdsu_top/x_aq_fdsu_scalar_ctrl/double_pipe0_ex2_of,0,0.0,0.0,0.0,0.0,,0
x_aq_vpu_top/x_aq_fdsu_top/x_aq_fdsu_scalar_ctrl/double_pipe0_ex2_uf_srt_skip,0,0.0,0.0,0.0,0.0,,0
x_aq_vpu_top/x_aq_fdsu_top/x_aq_fdsu_scalar_ctrl/double_pipe0_save_op0_neg_expnt,0,0.0,0.0,0.0,0.0,,0
x_aq_vpu_top/x_aq_fdsu_top/x_aq_fdsu_scalar_ctrl/double_pipe0_srt_remainder_zero,1,3.330114222917846e-05,10.872,7.503742283460255,1.0,-0.003229515705865712,1
x_aq_vpu_top/x_aq_fdsu_top/x_aq_fdsu_scalar_ctrl/dp_ctrl_ex1_bhalf,0,0.0,0.0,0.0,0.0,,0
x_aq_vpu_top/x_aq_fdsu_top/x_aq_fdsu_scalar_ctrl/dp_ctrl_ex1_div,16,0.0005328182756668553,1.8413125000000001,1.2708548991274753,0.5625,0.010167585006082027,1
x_aq_vpu_top/x_aq_fdsu_top/x_aq_fdsu_scalar_ctrl/dp_ctrl_ex1_double,15,0.0004995171334376769,3.116266666666667,2.1508151171085736,0.8,-0.01819696689905232,1
x_aq_vpu_top/x_aq_fdsu_top/x_aq_fdsu_scalar_ctrl/dp_ctrl_ex1_half,0,0.0,0.0,0.0,0.0,,0
x_aq_vpu_top/x_aq_fdsu_top/x_aq_fdsu_scalar_ctrl/dp_ctrl_ex1_single,0,0.0,0.0,0.0,0.0,,0
x_aq_vpu_top/x_aq_fdsu_top/x_aq_fdsu_scalar_ctrl/ex1_bhalf,0,0.0,0.0,0.0,0.0,,0
x_aq_vpu_top/x_aq_fdsu_top/x_aq_fdsu_scalar_ctrl/ex1_double,15,0.0004995171334376769,3.116266666666667,2.1508151171085736,0.8,-0.01819696689905232,1
x_aq_vpu_top/x_aq_fdsu_top/x_aq_fdsu_scalar_ctrl/ex1_half,0,0.0,0.0,0.0,0.0,,0
x_aq_vpu_top/x_aq_fdsu_top/x_aq_fdsu_scalar_ctrl/ex1_pipe_clk,0,0.0,0.0,0.0,0.0,,0
x_aq_vpu_top/x_aq_fdsu_top/x_aq_fdsu_scalar_ctrl/ex1_pipedown,2,6.660228445835692e-05,8.55,5.901121828880168,1.0,0.17944175952243305,1
x_aq_vpu_top/x_aq_fdsu_top/x_aq_fdsu_scalar_ctrl/ex1_pipedown_gate,2,6.660228445835692e-05,8.55,5.901121828880168,1.0,0.17944175952243305,1
x_aq_vpu_top/x_aq_fdsu_top/x_aq_fdsu_scalar_ctrl/ex1_save_ff1_op1_id,0,0.0,0.0,0.0,0.0,,0
x_aq_vpu_top/x_aq_fdsu_top/x_aq_fdsu_scalar_ctrl/ex1_single,0,0.0,0.0,0.0,0.0,,0
x_aq_vpu_top/x_aq_fdsu_top/x_aq_fdsu_scalar_ctrl/ex2_pipe_clk,0,0.0,0.0,0.0,0.0,,0
x_aq_vpu_top/x_aq_fdsu_top/x_aq_fdsu_scalar_ctrl/ex2_pipedown,2,6.660228445835692e-05,8.55,5.901121828880168,1.0,0.17944175952243305,1
x_aq_vpu_top/x_aq_fdsu_top/x_aq_fdsu_scalar_ctrl/ex3_pipedown,2,6.660228445835692e-05,8.55,5.901121828880168,1.0,0.17944175952243305,1
x_aq_vpu_top/x_aq_fdsu_top/x_aq_fdsu_scalar_ctrl/ex4_pipe_clk,0,0.0,0.0,0.0,0.0,,0
x_aq_vpu_top/x_aq_fdsu_top/x_aq_fdsu_scalar_ctrl/ex4_pipedown,2,6.660228445835692e-05,8.55,5.901121828880168,1.0,0.17944175952243305,1
x_aq_vpu_top/x_aq_fdsu_top/x_aq_fdsu_scalar_ctrl/expnt_rst_clk,0,0.0,0.0,0.0,0.0,,0
x_aq_vpu_top/x_aq_fdsu_top/x_aq_fdsu_scalar_ctrl/fdsu_ex1_sel,0,0.0,0.0,0.0,0.0,,0
x_aq_vpu_top/x_aq_fdsu_top/x_aq_fdsu_scalar_ctrl/forever_cpuclk,0,0.0,0.0,0.0,0.0,,0
x_aq_vpu_top/x_aq_fdsu_top/x_aq_fdsu_scalar_ctrl/half0_ex1_op0_id_vld,0,0.0,0.0,0.0,0.0,,0
x_aq_vpu_top/x_aq_fdsu_top/x_aq_fdsu_scalar_ctrl/half0_ex1_op1_id_vld,0,0.0,0.0,0.0,0.0,,0
x_aq_vpu_top/x_aq_fdsu_top/x_aq_fdsu_scalar_ctrl/half0_ex1_op1_sel,0,0.0,0.0,0.0,0.0,,0
x_aq_vpu_top/x_aq_fdsu_top/x_aq_fdsu_scalar_ctrl/ifu_vpu_warm_up,2,6.660228445835692e-05,8.55,5.901121828880168,1.0,0.17944175952243305,1
x_aq_vpu_top/x_aq_fdsu_top/x_aq_fdsu_scalar_ctrl/pad_yy_icg_scan_en,0,0.0,0.0,0.0,0.0,,0
x_aq_vpu_top/x_aq_fdsu_top/x_aq_fdsu_scalar_ctrl/rbus_vfdsu_fpr_wb_grnt,17,0.0005661194178960339,2.363882352941177,1.6315272226720223,0.47058823529411764,-0.029880920939052077,1
x_aq_vpu_top/x_aq_fdsu_top/x_aq_fdsu_scalar_ctrl/rtu_yy_xx_async_flush,0,0.0,0.0,0.0,0.0,,0
x_aq_vpu_top/x_aq_fdsu_top/x_aq_fdsu_scalar_ctrl/rtu_yy_xx_flush,0,0.0,0.0,0.0,0.0,,0
x_aq_vpu_top/x_aq_fdsu_top/x_aq_fdsu_scalar_ctrl/single0_ex1_op0_id_vld,0,0.0,0.0,0.0,0.0,,0
x_aq_vpu_top/x_aq_fdsu_top/x_aq_fdsu_scalar_ctrl/single0_ex1_op1_id_vld,0,0.0,0.0,0.0,0.0,,0
x_aq_vpu_top/x_aq_fdsu_top/x_aq_fdsu_scalar_ctrl/single0_ex1_op1_sel,0,0.0,0.0,0.0,0.0,,0
x_aq_vpu_top/x_aq_fdsu_top/x_aq_fdsu_scalar_ctrl/srt_sm_on,0,0.0,0.0,0.0,0.0,,0
x_aq_vpu_top/x_aq_fdsu_top/x_aq_fdsu_scalar_ctrl/vfdsu_rbus_fflags_vld,0,0.0,0.0,0.0,0.0,,0
x_aq_vpu_top/x_aq_fdsu_top/x_aq_fdsu_scalar_ctrl/vfdsu_rbus_fpr_wb_req,0,0.0,0.0,0.0,0.0,,0
x_aq_vpu_top/x_aq_fdsu_top/x_aq_fdsu_scalar_ctrl/vfdsu_vpu_busy,0,0.0,0.0,0.0,0.0,,0
x_aq_vpu_top/x_aq_fdsu_top/x_aq_fdsu_scalar_ctrl/vfdsu_vpu_ex1_denormal_stall,0,0.0,0.0,0.0,0.0,,0
x_aq_vpu_top/x_aq_fdsu_top/x_aq_fdsu_scalar_ctrl/vfdsu_vpu_state_idle,1,3.330114222917846e-05,2.862,1.9753228858777825,0.0,0.004988007030259691,1
x_aq_vpu_top/x_aq_fdsu_top/x_aq_fdsu_scalar_ctrl/vpu_vfdsu_ex1_sel,0,0.0,0.0,0.0,0.0,,0
x_aq_vpu_top/x_aq_fdsu_top/x_aq_fdsu_scalar_ctrl/ctrl_fdsu_ex1_stall,0,0.0,0.0,0.0,0.0,,0
x_aq_vpu_top/x_aq_fdsu_top/x_aq_fdsu_scalar_ctrl/ctrl_id0,0,0.0,0.0,0.0,0.0,,0
x_aq_vpu_top/x_aq_fdsu_top/x_aq_fdsu_scalar_ctrl/ctrl_id1,0,0.0,0.0,0.0,0.0,,0
x_aq_vpu_top/x_aq_fdsu_top/x_aq_fdsu_scalar_ctrl/ctrl_iter_start,0,0.0,0.0,0.0,0.0,,0
x_aq_vpu_top/x_aq_fdsu_top/x_aq_fdsu_scalar_ctrl/ctrl_iter_start_gate,0,0.0,0.0,0.0,0.0,,0
x_aq_vpu_top/x_aq_fdsu_top/x_aq_fdsu_scalar_ctrl/ctrl_pack,0,0.0,0.0,0.0,0.0,,0
x_aq_vpu_top/x_aq_fdsu_top/x_aq_fdsu_scalar_ctrl/ctrl_result_vld,0,0.0,0.0,0.0,0.0,,0
x_aq_vpu_top/x_aq_fdsu_top/x_aq_fdsu_scalar_ctrl/ctrl_round,0,0.0,0.0,0.0,0.0,,0
x_aq_vpu_top/x_aq_fdsu_top/x_aq_fdsu_scalar_ctrl/ctrl_sm_cmplt,0,0.0,0.0,0.0,0.0,,0
x_aq_vpu_top/x_aq_fdsu_top/x_aq_fdsu_scalar_ctrl/ctrl_sm_idle,1,3.330114222917846e-05,2.862,1.9753228858777825,0.0,0.004988007030259691,1
x_aq_vpu_top/x_aq_fdsu_top/x_aq_fdsu_scalar_ctrl/ctrl_sm_start,0,0.0,0.0,0.0,0.0,,0
x_aq_vpu_top/x_aq_fdsu_top/x_aq_fdsu_scalar_ctrl/ctrl_srt_idle,1,3.330114222917846e-05,2.862,1.9753228858777825,0.0,0.004988007030259691,1
x_aq_vpu_top/x_aq_fdsu_top/x_aq_fdsu_scalar_ctrl/ctrl_srt_itering,0,0.0,0.0,0.0,0.0,,0
x_aq_vpu_top/x_aq_fdsu_top/x_aq_fdsu_scalar_ctrl/ctrl_wfi2,0,0.0,0.0,0.0,0.0,,0
x_aq_vpu_top/x_aq_fdsu_top/x_aq_fdsu_scalar_ctrl/ctrl_wfwb,0,0.0,0.0,0.0,0.0,,0
x_aq_vpu_top/x_aq_fdsu_top/x_aq_fdsu_scalar_ctrl/double_pipe0_ex1_op0_id,0,0.0,0.0,0.0,0.0,,0
x_aq_vpu_top/x_aq_fdsu_top/x_aq_fdsu_scalar_ctrl/double_pipe0_ex1_op1_id,0,0.0,0.0,0.0,0.0,,0
x_aq_vpu_top/x_aq_fdsu_top/x_aq_fdsu_scalar_ctrl/double_srt_skip,0,0.0,0.0,0.0,0.0,,0
x_aq_vpu_top/x_aq_fdsu_top/x_aq_fdsu_scalar_ctrl/ex1_pipe_clk_en,2,6.660228445835692e-05,8.55,5.901121828880168,1.0,0.17944175952243305,1
x_aq_vpu_top/x_aq_fdsu_top/x_aq_fdsu_scalar_ctrl/ex1_save_op0,0,0.0,0.0,0.0,0.0,,0
x_aq_vpu_top/x_aq_fdsu_top/x_aq_fdsu_scalar_ctrl/ex1_save_op0_gate,0,0.0,0.0,0.0,0.0,,0
x_aq_vpu_top/x_aq_fdsu_top/x_aq_fdsu_scalar_ctrl/ex1_srt_skip,0,0.0,0.0,0.0,0.0,,0
x_aq_vpu_top/x_aq_fdsu_top/x_aq_fdsu_scalar_ctrl/ex2_pipe_clk_en,2,6.660228445835692e-05,8.55,5.901121828880168,1.0,0.17944175952243305,1
x_aq_vpu_top/x_aq_fdsu_top/x_aq_fdsu_scalar_ctrl/ex4_pipe_clk_en,2,6.660228445835692e-05,8.55,5.901121828880168,1.0,0.17944175952243305,1
x_aq_vpu_top/x_aq_fdsu_top/x_aq_fdsu_scalar_ctrl/expnt_rst_clk_en,2,6.660228445835692e-05,8.55,5.901121828880168,1.0,0.17944175952243305,1
x_aq_vpu_top/x_aq_fdsu_top/x_aq_fdsu_scalar_ctrl/fdsu_busy,0,0.0,0.0,0.0,0.0,,0
x_aq_vpu_top/x_aq_fdsu_top/x_aq_fdsu_scalar_ctrl/fdsu_clk,0,0.0,0.0,0.0,0.0,,0
x_aq_vpu_top/x_aq_fdsu_top/x_aq_fdsu_scalar_ctrl/fdsu_clk_en,0,0.0,0.0,0.0,0.0,,0
x_aq_vpu_top/x_aq_fdsu_top/x_aq_fdsu_scalar_ctrl/fdsu_dn_op0_id,0,0.0,0.0,0.0,0.0,,0
x_aq_vpu_top/x_aq_fdsu_top/x_aq_fdsu_scalar_ctrl/fdsu_dn_op1_id,0,0.0,0.0,0.0,0.0,,0
x_aq_vpu_top/x_aq_fdsu_top/x_aq_fdsu_scalar_ctrl/fdsu_dn_stall,0,0.0,0.0,0.0,0.0,,0
x_aq_vpu_top/x_aq_fdsu_top/x_aq_fdsu_scalar_ctrl/fdsu_ex1_inst_vld,0,0.0,0.0,0.0,0.0,,0
x_aq_vpu_top/x_aq_fdsu_top/x_aq_fdsu_scalar_ctrl/fdsu_flush,2,6.660228445835692e-05,8.55,5.901121828880168,1.0,0.17944175952243305,1
x_aq_vpu_top/x_aq_fdsu_top/x_aq_fdsu_scalar_ctrl/fdsu_wb_grant,17,0.0005661194178960339,2.363882352941177,1.6315272226720223,0.47058823529411764,-0.029880920939052077,1
x_aq_vpu_top/x_aq_fdsu_top/x_aq_fdsu_scalar_ctrl/srt_cnt_ini[4:0],32,0.0010656365513337107,2.93025,2.0224283320556853,0.71875,-0.014105565856032839,3
x_aq_vpu_top/x_aq_fdsu_top/x_aq_fdsu_scalar_ctrl/srt_cnt_zero,1,3.330114222917846e-05,8.82,6.087473044529015,1.0,-0.00040606668911224335,1
x_aq_vpu_top/x_aq_fdsu_top/x_aq_fdsu_scalar_ctrl/srt_last_round,0,0.0,0.0,0.0,0.0,,0
x_aq_vpu_top/x_aq_fdsu_top/x_aq_fdsu_scalar_ctrl/srt_remainder_zero,1,3.330114222917846e-05,10.872,7.503742283460255,1.0,-0.003229515705865712,1
x_aq_vpu_top/x_aq_fdsu_top/x_aq_fdsu_scalar_ctrl/srt_skip,0,0.0,0.0,0.0,0.0,,0
x_aq_vpu_top/x_aq_fdsu_top/x_aq_fdsu_scalar_ctrl/x_fdsu_clk/clk_in,0,0.0,0.0,0.0,0.0,,0
x_aq_vpu_top/x_aq_fdsu_top/x_aq_fdsu_scalar_ctrl/x_fdsu_clk/global_en,1,3.330114222917846e-05,2.862,1.9753228858777825,0.0,0.004988007030259691,1
x_aq_vpu_top/x_aq_fdsu_top/x_aq_fdsu_scalar_ctrl/x_fdsu_clk/module_en,0,0.0,0.0,0.0,0.0,,0
x_aq_vpu_top/x_aq_fdsu_top/x_aq_fdsu_scalar_ctrl/x_fdsu_clk/local_en,0,0.0,0.0,0.0,0.0,,0
x_aq_vpu_top/x_aq_fdsu_top/x_aq_fdsu_scalar_ctrl/x_fdsu_clk/external_en,0,0.0,0.0,0.0,0.0,,0
x_aq_vpu_top/x_aq_fdsu_top/x_aq_fdsu_scalar_ctrl/x_fdsu_clk/pad_yy_icg_scan_en,0,0.0,0.0,0.0,0.0,,0
x_aq_vpu_top/x_aq_fdsu_top/x_aq_fdsu_scalar_ctrl/x_fdsu_clk/clk_out,0,0.0,0.0,0.0,0.0,,0
x_aq_vpu_top/x_aq_fdsu_top/x_aq_fdsu_scalar_ctrl/x_fdsu_clk/clk_en_bf_latch,0,0.0,0.0,0.0,0.0,,0
x_aq_vpu_top/x_aq_fdsu_top/x_aq_fdsu_scalar_ctrl/x_fdsu_clk/SE,0,0.0,0.0,0.0,0.0,,0
x_aq_vpu_top/x_aq_fdsu_top/x_aq_fdsu_scalar_ctrl/x_ex1_pipe_clk/clk_in,0,0.0,0.0,0.0,0.0,,0
x_aq_vpu_top/x_aq_fdsu_top/x_aq_fdsu_scalar_ctrl/x_ex1_pipe_clk/global_en,1,3.330114222917846e-05,2.862,1.9753228858777825,0.0,0.004988007030259691,1
x_aq_vpu_top/x_aq_fdsu_top/x_aq_fdsu_scalar_ctrl/x_ex1_pipe_clk/module_en,0,0.0,0.0,0.0,0.0,,0
x_aq_vpu_top/x_aq_fdsu_top/x_aq_fdsu_scalar_ctrl/x_ex1_pipe_clk/local_en,2,6.660228445835692e-05,8.55,5.901121828880168,1.0,0.17944175952243305,1
x_aq_vpu_top/x_aq_fdsu_top/x_aq_fdsu_scalar_ctrl/x_ex1_pipe_clk/external_en,0,0.0,0.0,0.0,0.0,,0
x_aq_vpu_top/x_aq_fdsu_top/x_aq_fdsu_scalar_ctrl/x_ex1_pipe_clk/pad_yy_icg_scan_en,0,0.0,0.0,0.0,0.0,,0
x_aq_vpu_top/x_aq_fdsu_top/x_aq_fdsu_scalar_ctrl/x_ex1_pipe_clk/clk_out,0,0.0,0.0,0.0,0.0,,0
x_aq_vpu_top/x_aq_fdsu_top/x_aq_fdsu_scalar_ctrl/x_ex1_pipe_clk/clk_en_bf_latch,2,6.660228445835692e-05,8.55,5.901121828880168,1.0,0.17944175952243305,1
x_aq_vpu_top/x_aq_fdsu_top/x_aq_fdsu_scalar_ctrl/x_ex1_pipe_clk/SE,0,0.0,0.0,0.0,0.0,,0
x_aq_vpu_top/x_aq_fdsu_top/x_aq_fdsu_scalar_ctrl/x_ex2_pipe_clk/clk_in,0,0.0,0.0,0.0,0.0,,0
x_aq_vpu_top/x_aq_fdsu_top/x_aq_fdsu_scalar_ctrl/x_ex2_pipe_clk/global_en,1,3.330114222917846e-05,2.862,1.9753228858777825,0.0,0.004988007030259691,1
x_aq_vpu_top/x_aq_fdsu_top/x_aq_fdsu_scalar_ctrl/x_ex2_pipe_clk/module_en,0,0.0,0.0,0.0,0.0,,0
x_aq_vpu_top/x_aq_fdsu_top/x_aq_fdsu_scalar_ctrl/x_ex2_pipe_clk/local_en,2,6.660228445835692e-05,8.55,5.901121828880168,1.0,0.17944175952243305,1
x_aq_vpu_top/x_aq_fdsu_top/x_aq_fdsu_scalar_ctrl/x_ex2_pipe_clk/external_en,0,0.0,0.0,0.0,0.0,,0
x_aq_vpu_top/x_aq_fdsu_top/x_aq_fdsu_scalar_ctrl/x_ex2_pipe_clk/pad_yy_icg_scan_en,0,0.0,0.0,0.0,0.0,,0
x_aq_vpu_top/x_aq_fdsu_top/x_aq_fdsu_scalar_ctrl/x_ex2_pipe_clk/clk_out,0,0.0,0.0,0.0,0.0,,0
x_aq_vpu_top/x_aq_fdsu_top/x_aq_fdsu_scalar_ctrl/x_ex2_pipe_clk/clk_en_bf_latch,2,6.660228445835692e-05,8.55,5.901121828880168,1.0,0.17944175952243305,1
x_aq_vpu_top/x_aq_fdsu_top/x_aq_fdsu_scalar_ctrl/x_ex2_pipe_clk/SE,0,0.0,0.0,0.0,0.0,,0
x_aq_vpu_top/x_aq_fdsu_top/x_aq_fdsu_scalar_ctrl/x_expnt_rst_clk/clk_in,0,0.0,0.0,0.0,0.0,,0
x_aq_vpu_top/x_aq_fdsu_top/x_aq_fdsu_scalar_ctrl/x_expnt_rst_clk/global_en,1,3.330114222917846e-05,2.862,1.9753228858777825,0.0,0.004988007030259691,1
x_aq_vpu_top/x_aq_fdsu_top/x_aq_fdsu_scalar_ctrl/x_expnt_rst_clk/module_en,0,0.0,0.0,0.0,0.0,,0
x_aq_vpu_top/x_aq_fdsu_top/x_aq_fdsu_scalar_ctrl/x_expnt_rst_clk/local_en,2,6.660228445835692e-05,8.55,5.901121828880168,1.0,0.17944175952243305,1
x_aq_vpu_top/x_aq_fdsu_top/x_aq_fdsu_scalar_ctrl/x_expnt_rst_clk/external_en,0,0.0,0.0,0.0,0.0,,0
x_aq_vpu_top/x_aq_fdsu_top/x_aq_fdsu_scalar_ctrl/x_expnt_rst_clk/pad_yy_icg_scan_en,0,0.0,0.0,0.0,0.0,,0
x_aq_vpu_top/x_aq_fdsu_top/x_aq_fdsu_scalar_ctrl/x_expnt_rst_clk/clk_out,0,0.0,0.0,0.0,0.0,,0
x_aq_vpu_top/x_aq_fdsu_top/x_aq_fdsu_scalar_ctrl/x_expnt_rst_clk/clk_en_bf_latch,2,6.660228445835692e-05,8.55,5.901121828880168,1.0,0.17944175952243305,1
x_aq_vpu_top/x_aq_fdsu_top/x_aq_fdsu_scalar_ctrl/x_expnt_rst_clk/SE,0,0.0,0.0,0.0,0.0,,0
x_aq_vpu_top/x_aq_fdsu_top/x_aq_fdsu_scalar_ctrl/x_ex4_pipe_clk/clk_in,0,0.0,0.0,0.0,0.0,,0
x_aq_vpu_top/x_aq_fdsu_top/x_aq_fdsu_scalar_ctrl/x_ex4_pipe_clk/global_en,1,3.330114222917846e-05,2.862,1.9753228858777825,0.0,0.004988007030259691,1
x_aq_vpu_top/x_aq_fdsu_top/x_aq_fdsu_scalar_ctrl/x_ex4_pipe_clk/module_en,0,0.0,0.0,0.0,0.0,,0
x_aq_vpu_top/x_aq_fdsu_top/x_aq_fdsu_scalar_ctrl/x_ex4_pipe_clk/local_en,2,6.660228445835692e-05,8.55,5.901121828880168,1.0,0.17944175952243305,1
x_aq_vpu_top/x_aq_fdsu_top/x_aq_fdsu_scalar_ctrl/x_ex4_pipe_clk/external_en,0,0.0,0.0,0.0,0.0,,0
x_aq_vpu_top/x_aq_fdsu_top/x_aq_fdsu_scalar_ctrl/x_ex4_pipe_clk/pad_yy_icg_scan_en,0,0.0,0.0,0.0,0.0,,0
x_aq_vpu_top/x_aq_fdsu_top/x_aq_fdsu_scalar_ctrl/x_ex4_pipe_clk/clk_out,0,0.0,0.0,0.0,0.0,,0
x_aq_vpu_top/x_aq_fdsu_top/x_aq_fdsu_scalar_ctrl/x_ex4_pipe_clk/clk_en_bf_latch,2,6.660228445835692e-05,8.55,5.901121828880168,1.0,0.17944175952243305,1
x_aq_vpu_top/x_aq_fdsu_top/x_aq_fdsu_scalar_ctrl/x_ex4_pipe_clk/SE,0,0.0,0.0,0.0,0.0,,0
x_aq_vpu_top/x_aq_fspu_top/cp0_vpu_icg_en,0,0.0,0.0,0.0,0.0,,0
x_aq_vpu_top/x_aq_fspu_top/cp0_vpu_xx_bf16,0,0.0,0.0,0.0,0.0,,0
x_aq_vpu_top/x_aq_fspu_top/cp0_yy_clk_en,1,3.330114222917846e-05,2.862,1.9753228858777825,0.0,0.004988007030259691,1
x_aq_vpu_top/x_aq_fspu_top/forever_cpuclk,0,0.0,0.0,0.0,0.0,,0
x_aq_vpu_top/x_aq_fspu_top/ifu_vpu_warm_up,2,6.660228445835692e-05,8.55,5.901121828880168,1.0,0.17944175952243305,1
x_aq_vpu_top/x_aq_fspu_top/pad_yy_icg_scan_en,0,0.0,0.0,0.0,0.0,,0
x_aq_vpu_top/x_aq_fspu_top/vfspu_vpu_ex2_result[63:0],16,0.0005328182756668553,2.1860625,1.5087977939235497,0.6875,-0.01980798855558884,34
x_aq_vpu_top/x_aq_fspu_top/vpu_group_1_xx_ex1_eu_sel[9:0],34,0.0011322388357920678,3.0589999999999997,2.111290254332682,0.7352941176470589,-0.003935442393045595,6
x_aq_vpu_top/x_aq_fspu_top/vpu_group_1_xx_ex1_func[19:0],44,0.0014652502580838522,3.3622954545454546,2.320621649352368,0.7954545454545454,0.005526236953928676,10
x_aq_vpu_top/x_aq_fspu_top/vpu_group_1_xx_ex1_sel,0,0.0,0.0,0.0,0.0,,0
x_aq_vpu_top/x_aq_fspu_top/vpu_group_1_xx_ex1_srcv0[63:0],34,0.0011322388357920678,3.199264705882353,2.2080995078652914,0.8823529411764706,-0.03007154116304795,47
x_aq_vpu_top/x_aq_fspu_top/vpu_group_1_xx_ex1_srcv0_type[47:0],30,0.0009990342668753538,3.311833333333334,2.2857932136779304,0.8666666666666667,-0.021183319845226964,16
x_aq_vpu_top/x_aq_fspu_top/vpu_group_1_xx_ex1_srcv1[63:0],29,0.0009657331246461754,2.7920689655172413,1.9270572070353988,0.7931034482758621,0.13330910200860932,36
x_aq_vpu_top/x_aq_fspu_top/vpu_group_1_xx_ex1_srcv1_type[47:0],30,0.0009990342668753538,3.1294999999999997,2.1599486273076587,0.8,0.1279855292343095,16
x_aq_vpu_top/x_aq_fspu_top/vpu_group_1_xx_ex2_stall,0,0.0,0.0,0.0,0.0,,0
x_aq_vpu_top/x_aq_fspu_top/ex1_bhalf,0,0.0,0.0,0.0,0.0,,0
x_aq_vpu_top/x_aq_fspu_top/ex1_bhalf0_fsgnj_r[63:0],20,0.0006660228445835693,2.6661500000000005,1.8401492355636095,0.8,-0.025027184736929175,9
x_aq_vpu_top/x_aq_fspu_top/ex1_bhalf0_fsgnjn_r[63:0],38,0.0012654434047087815,2.649736842105264,1.8288210432439036,0.7894736842105263,-0.032394570314540364,11
x_aq_vpu_top/x_aq_fspu_top/ex1_bhalf0_fsgnjx_r[63:0],20,0.0006660228445835693,2.6661500000000005,1.8401492355636095,0.8,-0.025027184736929175,9
x_aq_vpu_top/x_aq_fspu_top/ex1_bhalf0_src0_sign,0,0.0,0.0,0.0,0.0,,0
x_aq_vpu_top/x_aq_fspu_top/ex1_bhalf0_src1_sign,0,0.0,0.0,0.0,0.0,,0
x_aq_vpu_top/x_aq_fspu_top/ex1_dest_f,0,0.0,0.0,0.0,0.0,,0
x_aq_vpu_top/x_aq_fspu_top/ex1_double,15,0.0004995171334376769,3.116266666666667,2.1508151171085736,0.8,-0.01819696689905232,1
x_aq_vpu_top/x_aq_fspu_top/ex1_double_class_r[63:0],31,0.0010323354091045323,2.8435161290322584,1.9625655087491338,0.7741935483870968,-0.021979487723934075,3
x_aq_vpu_top/x_aq_fspu_top/ex1_double_fsgnj_r[63:0],28,0.0009324319824169969,2.91175,2.0096598228353013,0.75,0.11015341977782597,52
x_aq_vpu_top/x_aq_fspu_top/ex1_double_fsgnjn_r[63:0],33,0.0010989376935628891,3.1061515151515153,2.1438337438444224,0.7575757575757576,-0.10201349588881457,54
x_aq_vpu_top/x_aq_fspu_top/ex1_double_fsgnjx_r[63:0],28,0.0009324319824169969,2.91175,2.0096598228353013,0.75,0.09244485410162699,52
x_aq_vpu_top/x_aq_fspu_top/ex1_double_src0_sign,0,0.0,0.0,0.0,0.0,,0
x_aq_vpu_top/x_aq_fspu_top/ex1_double_src1_sign,0,0.0,0.0,0.0,0.0,,0
x_aq_vpu_top/x_aq_fspu_top/ex1_f16,0,0.0,0.0,0.0,0.0,,0
x_aq_vpu_top/x_aq_fspu_top/ex1_f_rst[63:0],16,0.0005328182756668553,3.8148124999999995,2.6329442475830316,0.6875,0.13689044338393058,40
x_aq_vpu_top/x_aq_fspu_top/ex1_fmvdx_r[63:0],16,0.0005328182756668553,3.8148124999999995,2.6329442475830316,0.6875,0.13689044338393058,40
x_aq_vpu_top/x_aq_fspu_top/ex1_fmvhx_r[63:0],16,0.0005328182756668553,3.8148124999999995,2.6329442475830316,0.6875,0.02734528897923531,10
x_aq_vpu_top/x_aq_fspu_top/ex1_fmvwx_r[63:0],16,0.0005328182756668553,3.8148124999999995,2.6329442475830316,0.6875,0.13762697913587932,21
x_aq_vpu_top/x_aq_fspu_top/ex1_fmvxd_r[63:0],28,0.0009324319824169969,2.91175,2.0096598228353013,0.75,0.08587527308223887,53
x_aq_vpu_top/x_aq_fspu_top/ex1_fmvxh_r[63:0],28,0.0009324319824169969,2.91175,2.0096598228353013,0.75,0.04018623996439546,58
x_aq_vpu_top/x_aq_fspu_top/ex1_fmvxw_r[63:0],28,0.0009324319824169969,2.91175,2.0096598228353013,0.75,0.06373654549649067,49
x_aq_vpu_top/x_aq_fspu_top/ex1_half,0,0.0,0.0,0.0,0.0,,0
x_aq_vpu_top/x_aq_fspu_top/ex1_half0_class_r[63:0],20,0.0006660228445835693,2.6661500000000005,1.8401492355636095,0.8,-0.02510361301945802,2
x_aq_vpu_top/x_aq_fspu_top/ex1_half0_fsgnj_r[63:0],20,0.0006660228445835693,2.6661500000000005,1.8401492355636095,0.8,-0.025027184736929175,6
x_aq_vpu_top/x_aq_fspu_top/ex1_half0_fsgnjn_r[63:0],38,0.0012654434047087815,2.649736842105264,1.8288210432439036,0.7894736842105263,-0.032394570314540364,8
x_aq_vpu_top/x_aq_fspu_top/ex1_half0_fsgnjx_r[63:0],20,0.0006660228445835693,2.6661500000000005,1.8401492355636095,0.8,-0.025027184736929175,6
x_aq_vpu_top/x_aq_fspu_top/ex1_half0_src0_sign,0,0.0,0.0,0.0,0.0,,0
x_aq_vpu_top/x_aq_fspu_top/ex1_half0_src1_sign,0,0.0,0.0,0.0,0.0,,0
x_aq_vpu_top/x_aq_fspu_top/ex1_i_rst[63:0],16,0.0005328182756668553,2.0763750000000005,1.433092612566206,0.8125,0.02478942102787418,53
x_aq_vpu_top/x_aq_fspu_top/ex1_int_src[63:0],16,0.0005328182756668553,3.8148124999999995,2.6329442475830316,0.6875,0.13689044338393058,40
x_aq_vpu_top/x_aq_fspu_top/ex1_op0_bhalf0[15:0],20,0.0006660228445835693,2.6661500000000005,1.8401492355636095,0.8,-0.025103613019457786,9
x_aq_vpu_top/x_aq_fspu_top/ex1_op0_half0[15:0],20,0.0006660228445835693,2.6661500000000005,1.8401492355636095,0.8,-0.02510361301945824,6
x_aq_vpu_top/x_aq_fspu_top/ex1_op0_single0[31:0],20,0.0006660228445835693,2.9837,2.059318970857281,0.85,-0.015913211852813865,21
x_aq_vpu_top/x_aq_fspu_top/ex1_op1_bhalf0[15:0],28,0.0009324319824169969,2.7744642857142865,1.914906638582105,0.7857142857142857,0.1280252016087173,9
x_aq_vpu_top/x_aq_fspu_top/ex1_op1_half0[15:0],28,0.0009324319824169969,2.7744642857142865,1.914906638582105,0.7857142857142857,0.1280252016087163,6
x_aq_vpu_top/x_aq_fspu_top/ex1_op1_single0[31:0],28,0.0009324319824169969,2.7744642857142865,1.914906638582105,0.7857142857142857,0.1280252016087173,9
x_aq_vpu_top/x_aq_fspu_top/ex1_op_class,0,0.0,0.0,0.0,0.0,,0
x_aq_vpu_top/x_aq_fspu_top/ex1_op_fmvdx,0,0.0,0.0,0.0,0.0,,0
x_aq_vpu_top/x_aq_fspu_top/ex1_op_fmvfx,0,0.0,0.0,0.0,0.0,,0
x_aq_vpu_top/x_aq_fspu_top/ex1_op_fmvhx,0,0.0,0.0,0.0,0.0,,0
x_aq_vpu_top/x_aq_fspu_top/ex1_op_fmvwx,0,0.0,0.0,0.0,0.0,,0
x_aq_vpu_top/x_aq_fspu_top/ex1_op_fmvxd,15,0.0004995171334376769,4.9414,3.4105033222489425,0.9333333333333333,-0.021695974689078315,1
x_aq_vpu_top/x_aq_fspu_top/ex1_op_fmvxf,15,0.0004995171334376769,4.9414,3.4105033222489425,0.9333333333333333,-0.021695974689078315,1
x_aq_vpu_top/x_aq_fspu_top/ex1_op_fmvxh,0,0.0,0.0,0.0,0.0,,0
x_aq_vpu_top/x_aq_fspu_top/ex1_op_fmvxw,0,0.0,0.0,0.0,0.0,,0
x_aq_vpu_top/x_aq_fspu_top/ex1_op_fsgnj,0,0.0,0.0,0.0,0.0,,0
x_aq_vpu_top/x_aq_fspu_top/ex1_op_fsgnjn,0,0.0,0.0,0.0,0.0,,0
x_aq_vpu_top/x_aq_fspu_top/ex1_op_fsgnjx,0,0.0,0.0,0.0,0.0,,0
x_aq_vpu_top/x_aq_fspu_top/ex1_pipe_clk,0,0.0,0.0,0.0,0.0,,0
x_aq_vpu_top/x_aq_fspu_top/ex1_pipe_clk_en,2,6.660228445835692e-05,8.55,5.901121828880168,1.0,0.17944175952243305,1
x_aq_vpu_top/x_aq_fspu_top/ex1_pipedown,2,6.660228445835692e-05,8.55,5.901121828880168,1.0,0.17944175952243305,1
x_aq_vpu_top/x_aq_fspu_top/ex1_result[63:0],32,0.0010656365513337107,2.9455937499999996,2.0330184300746184,0.75,0.1047823312965279,53
x_aq_vpu_top/x_aq_fspu_top/ex1_scalar,0,0.0,0.0,0.0,0.0,,0
x_aq_vpu_top/x_aq_fspu_top/ex1_scalar_class_r[63:0],39,0.0012987445469379599,2.7665128205128204,1.9094186192988356,0.7948717948717948,-0.022686630186564825,3
x_aq_vpu_top/x_aq_fspu_top/ex1_scalar_fsgnj_r[63:0],28,0.0009324319824169969,2.91175,2.0096598228353013,0.75,0.11015341977782597,52
x_aq_vpu_top/x_aq_fspu_top/ex1_scalar_fsgnjn_r[63:0],54,0.001798261680375637,2.968851851851852,2.049070932125646,0.7777777777777778,-0.01383944219722686,48
x_aq_vpu_top/x_aq_fspu_top/ex1_scalar_fsgnjx_r[63:0],28,0.0009324319824169969,2.91175,2.0096598228353013,0.75,0.09244485410162699,52
x_aq_vpu_top/x_aq_fspu_top/ex1_single,0,0.0,0.0,0.0,0.0,,0
x_aq_vpu_top/x_aq_fspu_top/ex1_single0_class_r[63:0],22,0.0007326251290419261,2.9013181818181817,2.002459889503414,0.8181818181818182,-0.017746539066846898,3
x_aq_vpu_top/x_aq_fspu_top/ex1_single0_fsgnj_r[63:0],20,0.0006660228445835693,2.9837,2.059318970857281,0.85,-0.015913211992751742,21
x_aq_vpu_top/x_aq_fspu_top/ex1_single0_fsgnjn_r[63:0],35,0.0011655399780212462,2.8520285714285714,1.9684407087072586,0.8,-0.024406078340866624,23
x_aq_vpu_top/x_aq_fspu_top/ex1_single0_fsgnjx_r[63:0],20,0.0006660228445835693,2.9837,2.059318970857281,0.85,-0.015913211992751742,21
x_aq_vpu_top/x_aq_fspu_top/ex1_single0_src0_sign,0,0.0,0.0,0.0,0.0,,0
x_aq_vpu_top/x_aq_fspu_top/ex1_single0_src1_sign,0,0.0,0.0,0.0,0.0,,0
x_aq_vpu_top/x_aq_fspu_top/ex1_src0[63:0],28,0.0009324319824169969,2.91175,2.0096598228353013,0.75,0.08587527308223887,53
x_aq_vpu_top/x_aq_fspu_top/ex1_src1[63:0],16,0.0005328182756668553,3.8148124999999995,2.6329442475830316,0.6875,0.13689044338393058,40
x_aq_vpu_top/x_aq_fspu_top/fspu_ex1_sel,2,6.660228445835692e-05,8.55,5.901121828880168,1.0,0.17944175952243305,1
x_aq_vpu_top/x_aq_fspu_top/func[19:0],44,0.0014652502580838522,3.3622954545454546,2.320621649352368,0.7954545454545454,0.005526236953928676,10
x_aq_vpu_top/x_aq_fspu_top/src0_double_id,0,0.0,0.0,0.0,0.0,,0
x_aq_vpu_top/x_aq_fspu_top/src0_double_inf,0,0.0,0.0,0.0,0.0,,0
x_aq_vpu_top/x_aq_fspu_top/src0_double_norm,7,0.00023310799560424922,2.261,1.5605188836372,0.8571428571428571,-0.01952162216962929,1
x_aq_vpu_top/x_aq_fspu_top/src0_double_qnan,4,0.00013320456891671384,4.833999999999999,3.3363769498019558,1.0,-0.020098632563824027,1
x_aq_vpu_top/x_aq_fspu_top/src0_double_snan,0,0.0,0.0,0.0,0.0,,0
x_aq_vpu_top/x_aq_fspu_top/src0_double_zero,0,0.0,0.0,0.0,0.0,,0
x_aq_vpu_top/x_aq_fspu_top/src0_half0_cnan,11,0.00036631256452096306,2.334363636363637,1.611153708899362,0.8181818181818182,-0.027990097785625702,1
x_aq_vpu_top/x_aq_fspu_top/src0_half0_id,0,0.0,0.0,0.0,0.0,,0
x_aq_vpu_top/x_aq_fspu_top/src0_half0_inf,0,0.0,0.0,0.0,0.0,,0
x_aq_vpu_top/x_aq_fspu_top/src0_half0_norm,0,0.0,0.0,0.0,0.0,,0
x_aq_vpu_top/x_aq_fspu_top/src0_half0_qnan,11,0.00036631256452096306,2.334363636363637,1.611153708899362,0.8181818181818182,-0.027990097785625702,1
x_aq_vpu_top/x_aq_fspu_top/src0_half0_snan,0,0.0,0.0,0.0,0.0,,0
x_aq_vpu_top/x_aq_fspu_top/src0_half0_zero,0,0.0,0.0,0.0,0.0,,0
x_aq_vpu_top/x_aq_fspu_top/src0_single0_cnan,7,0.00023310799560424922,2.261,1.5605188836372,0.8571428571428571,-0.01952162216962929,1
x_aq_vpu_top/x_aq_fspu_top/src0_single0_id,0,0.0,0.0,0.0,0.0,,0
x_aq_vpu_top/x_aq_fspu_top/src0_single0_inf,0,0.0,0.0,0.0,0.0,,0
x_aq_vpu_top/x_aq_fspu_top/src0_single0_norm,4,0.00013320456891671384,4.833999999999999,3.3363769498019558,1.0,-0.020098632563824027,1
x_aq_vpu_top/x_aq_fspu_top/src0_single0_qnan,7,0.00023310799560424922,2.261,1.5605188836372,0.8571428571428571,-0.01952162216962929,1
x_aq_vpu_top/x_aq_fspu_top/src0_single0_snan,0,0.0,0.0,0.0,0.0,,0
x_aq_vpu_top/x_aq_fspu_top/src0_single0_zero,0,0.0,0.0,0.0,0.0,,0
x_aq_vpu_top/x_aq_fspu_top/src1_half0_cnan,12,0.00039961370675014153,1.2130000000000003,0.8372000910446368,0.5833333333333334,0.07111475332196562,1
x_aq_vpu_top/x_aq_fspu_top/src1_single0_cnan,12,0.00039961370675014153,1.2130000000000003,0.8372000910446368,0.5833333333333334,0.07111475332196562,1
x_aq_vpu_top/x_aq_fspu_top/srcv0_type[47:0],30,0.0009990342668753538,3.311833333333334,2.2857932136779304,0.8666666666666667,-0.021183319845226964,16
x_aq_vpu_top/x_aq_fspu_top/srcv1_type[47:0],30,0.0009990342668753538,3.1294999999999997,2.1599486273076587,0.8,0.1279855292343095,16
x_aq_vpu_top/x_aq_fspu_top/x_ex1_pipe_clk/clk_in,0,0.0,0.0,0.0,0.0,,0
x_aq_vpu_top/x_aq_fspu_top/x_ex1_pipe_clk/global_en,1,3.330114222917846e-05,2.862,1.9753228858777825,0.0,0.004988007030259691,1
x_aq_vpu_top/x_aq_fspu_top/x_ex1_pipe_clk/module_en,0,0.0,0.0,0.0,0.0,,0
x_aq_vpu_top/x_aq_fspu_top/x_ex1_pipe_clk/local_en,2,6.660228445835692e-05,8.55,5.901121828880168,1.0,0.17944175952243305,1
x_aq_vpu_top/x_aq_fspu_top/x_ex1_pipe_clk/external_en,0,0.0,0.0,0.0,0.0,,0
x_aq_vpu_top/x_aq_fspu_top/x_ex1_pipe_clk/pad_yy_icg_scan_en,0,0.0,0.0,0.0,0.0,,0
x_aq_vpu_top/x_aq_fspu_top/x_ex1_pipe_clk/clk_out,0,0.0,0.0,0.0,0.0,,0
x_aq_vpu_top/x_aq_fspu_top/x_ex1_pipe_clk/clk_en_bf_latch,2,6.660228445835692e-05,8.55,5.901121828880168,1.0,0.17944175952243305,1
x_aq_vpu_top/x_aq_fspu_top/x_ex1_pipe_clk/SE,0,0.0,0.0,0.0,0.0,,0
x_aq_vpu_top/x_aq_vfmau_top/cp0_vpu_icg_en,0,0.0,0.0,0.0,0.0,,0
x_aq_vpu_top/x_aq_vfmau_top/cp0_vpu_xx_bf16,0,0.0,0.0,0.0,0.0,,0
x_aq_vpu_top/x_aq_vfmau_top/cp0_vpu_xx_dqnan,0,0.0,0.0,0.0,0.0,,0
x_aq_vpu_top/x_aq_vfmau_top/cp0_yy_clk_en,1,3.330114222917846e-05,2.862,1.9753228858777825,0.0,0.004988007030259691,1
x_aq_vpu_top/x_aq_vfmau_top/forever_cpuclk,0,0.0,0.0,0.0,0.0,,0
x_aq_vpu_top/x_aq_vfmau_top/ifu_vpu_warm_up,2,6.660228445835692e-05,8.55,5.901121828880168,1.0,0.17944175952243305,1
x_aq_vpu_top/x_aq_vfmau_top/pad_yy_icg_scan_en,0,0.0,0.0,0.0,0.0,,0
x_aq_vpu_top/x_aq_vfmau_top/vfmau_vpu_ex2_result_ready_in_ex3,0,0.0,0.0,0.0,0.0,,0
x_aq_vpu_top/x_aq_vfmau_top/vfmau_vpu_ex3_fflags[4:0],0,0.0,0.0,0.0,0.0,,0
x_aq_vpu_top/x_aq_vfmau_top/vfmau_vpu_ex3_fpr_result[63:0],2,6.660228445835692e-05,10.722000000000001,7.4002138303220075,1.0,-0.0037341120129566773,48
x_aq_vpu_top/x_aq_vfmau_top/vfmau_vpu_ex3_result_ready_in_ex4,0,0.0,0.0,0.0,0.0,,0
x_aq_vpu_top/x_aq_vfmau_top/vfmau_vpu_ex4_fflags[4:0],0,0.0,0.0,0.0,0.0,,0
x_aq_vpu_top/x_aq_vfmau_top/vfmau_vpu_ex4_fpr_result[63:0],2,6.660228445835692e-05,7.126000000000001,4.918291713754395,1.0,-0.005623123884273963,32
x_aq_vpu_top/x_aq_vfmau_top/vfmau_vpu_ex5_fflags[4:0],0,0.0,0.0,0.0,0.0,,0
x_aq_vpu_top/x_aq_vfmau_top/vfmau_vpu_ex5_fpr_result[63:0],0,0.0,0.0,0.0,0.0,,0
x_aq_vpu_top/x_aq_vfmau_top/vpu_group_0_xx_ex1_eu_sel[9:0],34,0.0011322388357920678,3.0589999999999997,2.111290254332682,0.7352941176470589,-0.003935442393045595,6
x_aq_vpu_top/x_aq_vfmau_top/vpu_group_0_xx_ex1_func[19:0],44,0.0014652502580838522,3.3622954545454546,2.320621649352368,0.7954545454545454,0.005526236953928676,10
x_aq_vpu_top/x_aq_vfmau_top/vpu_group_0_xx_ex1_id_reg[1:0],0,0.0,0.0,0.0,0.0,,0
x_aq_vpu_top/x_aq_vfmau_top/vpu_group_0_xx_ex1_rm[2:0],4,0.00013320456891671384,5.792749999999998,3.9980963127772604,1.0,0.005761307260114271,2
x_aq_vpu_top/x_aq_vfmau_top/vpu_group_0_xx_ex1_sel,0,0.0,0.0,0.0,0.0,,0
x_aq_vpu_top/x_aq_vfmau_top/vpu_group_0_xx_ex1_srcv0[63:0],34,0.0011322388357920678,3.199264705882353,2.2080995078652914,0.8823529411764706,-0.03007154116304795,47
x_aq_vpu_top/x_aq_vfmau_top/vpu_group_0_xx_ex1_srcv0_type[47:0],30,0.0009990342668753538,3.311833333333334,2.2857932136779304,0.8666666666666667,-0.021183319845226964,16
x_aq_vpu_top/x_aq_vfmau_top/vpu_group_0_xx_ex1_srcv1[63:0],29,0.0009657331246461754,2.7920689655172413,1.9270572070353988,0.7931034482758621,0.13330910200860932,36
x_aq_vpu_top/x_aq_vfmau_top/vpu_group_0_xx_ex1_srcv1_type[47:0],30,0.0009990342668753538,3.1294999999999997,2.1599486273076587,0.8,0.1279855292343095,16
x_aq_vpu_top/x_aq_vfmau_top/vpu_group_0_xx_ex1_srcv2[63:0],10,0.00033301142229178463,1.7683,1.2204624245624327,0.4,-0.018722760431388923,34
x_aq_vpu_top/x_aq_vfmau_top/vpu_group_0_xx_ex1_srcv2_type[47:0],10,0.00033301142229178463,1.7683,1.2204624245624327,0.4,-0.018387253439924544,13
x_aq_vpu_top/x_aq_vfmau_top/vpu_group_0_xx_ex2_eu_sel[9:0],3,9.990342668753538e-05,5.507666666666665,3.8013347360072895,1.0,-0.006407263670766904,4
x_aq_vpu_top/x_aq_vfmau_top/vpu_group_0_xx_ex2_sel,0,0.0,0.0,0.0,0.0,,0
x_aq_vpu_top/x_aq_vfmau_top/vpu_group_0_xx_ex2_stall,0,0.0,0.0,0.0,0.0,,0
x_aq_vpu_top/x_aq_vfmau_top/vpu_group_0_xx_ex3_eu_sel[9:0],3,9.990342668753538e-05,5.455000000000001,3.7649847457943064,1.0,-0.006780543173505238,4
x_aq_vpu_top/x_aq_vfmau_top/vpu_group_0_xx_ex3_sel,0,0.0,0.0,0.0,0.0,,0
x_aq_vpu_top/x_aq_vfmau_top/vpu_group_0_xx_ex3_stall,0,0.0,0.0,0.0,0.0,,0
x_aq_vpu_top/x_aq_vfmau_top/vpu_group_0_xx_ex4_eu_sel[9:0],1,3.330114222917846e-05,3.6799999999999997,2.539898050325031,1.0,-0.007006673318107183,1
x_aq_vpu_top/x_aq_vfmau_top/vpu_group_0_xx_ex4_sel,0,0.0,0.0,0.0,0.0,,0
x_aq_vpu_top/x_aq_vfmau_top/vpu_group_0_xx_ex4_stall,0,0.0,0.0,0.0,0.0,,0
x_aq_vpu_top/x_aq_vfmau_top/vpu_group_0_xx_ex5_stall,0,0.0,0.0,0.0,0.0,,0
x_aq_vpu_top/x_aq_vfmau_top/ctrl_dp_ex1_inst_pipe_down,0,0.0,0.0,0.0,0.0,,0
x_aq_vpu_top/x_aq_vfmau_top/ctrl_dp_ex1_inst_vld,0,0.0,0.0,0.0,0.0,,0
x_aq_vpu_top/x_aq_vfmau_top/ctrl_dp_ex2_inst_pipe_down,0,0.0,0.0,0.0,0.0,,0
x_aq_vpu_top/x_aq_vfmau_top/ctrl_dp_ex2_inst_vld,0,0.0,0.0,0.0,0.0,,0
x_aq_vpu_top/x_aq_vfmau_top/ctrl_dp_ex3_inst_pipe_down,0,0.0,0.0,0.0,0.0,,0
x_aq_vpu_top/x_aq_vfmau_top/ctrl_dp_ex3_inst_vld,0,0.0,0.0,0.0,0.0,,0
x_aq_vpu_top/x_aq_vfmau_top/ctrl_dp_ex4_inst_pipe_down,0,0.0,0.0,0.0,0.0,,0
x_aq_vpu_top/x_aq_vfmau_top/ctrl_dp_ex4_inst_vld,0,0.0,0.0,0.0,0.0,,0
x_aq_vpu_top/x_aq_vfmau_top/ex2_dst_double,0,0.0,0.0,0.0,0.0,,0
x_aq_vpu_top/x_aq_vfmau_top/ex2_mac,1,3.330114222917846e-05,10.872,7.503742283460255,1.0,-0.003229515705865712,1
x_aq_vpu_top/x_aq_vfmau_top/ex2_simd,0,0.0,0.0,0.0,0.0,,0
x_aq_vpu_top/x_aq_vfmau_top/ex2_special_sel[5:0],0,0.0,0.0,0.0,0.0,,0
x_aq_vpu_top/x_aq_vfmau_top/ex3_dst_double,0,0.0,0.0,0.0,0.0,,0
x_aq_vpu_top/x_aq_vfmau_top/ex3_mac,1,3.330114222917846e-05,10.572000000000003,7.29668537718376,1.0,-0.00423755856826886,1
x_aq_vpu_top/x_aq_vfmau_top/ex3_special_cmplt,0,0.0,0.0,0.0,0.0,,0
x_aq_vpu_top/x_aq_vfmau_top/ex4_dst_double,0,0.0,0.0,0.0,0.0,,0
x_aq_vpu_top/x_aq_vfmau_top/ex4_mac,1,3.330114222917846e-05,3.6799999999999997,2.539898050325031,1.0,-0.007006673318107183,1
x_aq_vpu_top/x_aq_vfmau_top/x_aq_vfmau_ctrl/ctrl_dp_ex1_inst_pipe_down,0,0.0,0.0,0.0,0.0,,0
x_aq_vpu_top/x_aq_vfmau_top/x_aq_vfmau_ctrl/ctrl_dp_ex1_inst_vld,0,0.0,0.0,0.0,0.0,,0
x_aq_vpu_top/x_aq_vfmau_top/x_aq_vfmau_ctrl/ctrl_dp_ex2_inst_pipe_down,0,0.0,0.0,0.0,0.0,,0
x_aq_vpu_top/x_aq_vfmau_top/x_aq_vfmau_ctrl/ctrl_dp_ex2_inst_vld,0,0.0,0.0,0.0,0.0,,0
x_aq_vpu_top/x_aq_vfmau_top/x_aq_vfmau_ctrl/ctrl_dp_ex3_inst_pipe_down,0,0.0,0.0,0.0,0.0,,0
x_aq_vpu_top/x_aq_vfmau_top/x_aq_vfmau_ctrl/ctrl_dp_ex3_inst_vld,0,0.0,0.0,0.0,0.0,,0
x_aq_vpu_top/x_aq_vfmau_top/x_aq_vfmau_ctrl/ctrl_dp_ex4_inst_pipe_down,0,0.0,0.0,0.0,0.0,,0
x_aq_vpu_top/x_aq_vfmau_top/x_aq_vfmau_ctrl/ctrl_dp_ex4_inst_vld,0,0.0,0.0,0.0,0.0,,0
x_aq_vpu_top/x_aq_vfmau_top/x_aq_vfmau_ctrl/ex2_dst_double,0,0.0,0.0,0.0,0.0,,0
x_aq_vpu_top/x_aq_vfmau_top/x_aq_vfmau_ctrl/ex2_mac,1,3.330114222917846e-05,10.872,7.503742283460255,1.0,-0.003229515705865712,1
x_aq_vpu_top/x_aq_vfmau_top/x_aq_vfmau_ctrl/ex2_simd,0,0.0,0.0,0.0,0.0,,0
x_aq_vpu_top/x_aq_vfmau_top/x_aq_vfmau_ctrl/ex2_special_sel[5:0],0,0.0,0.0,0.0,0.0,,0
x_aq_vpu_top/x_aq_vfmau_top/x_aq_vfmau_ctrl/ex3_dst_double,0,0.0,0.0,0.0,0.0,,0
x_aq_vpu_top/x_aq_vfmau_top/x_aq_vfmau_ctrl/ex3_mac,1,3.330114222917846e-05,10.572000000000003,7.29668537718376,1.0,-0.00423755856826886,1
x_aq_vpu_top/x_aq_vfmau_top/x_aq_vfmau_ctrl/ex3_special_cmplt,0,0.0,0.0,0.0,0.0,,0
x_aq_vpu_top/x_aq_vfmau_top/x_aq_vfmau_ctrl/ex4_dst_double,0,0.0,0.0,0.0,0.0,,0
x_aq_vpu_top/x_aq_vfmau_top/x_aq_vfmau_ctrl/ex4_mac,1,3.330114222917846e-05,3.6799999999999997,2.539898050325031,1.0,-0.007006673318107183,1
x_aq_vpu_top/x_aq_vfmau_top/x_aq_vfmau_ctrl/vfmau_vpu_ex2_result_ready_in_ex3,0,0.0,0.0,0.0,0.0,,0
x_aq_vpu_top/x_aq_vfmau_top/x_aq_vfmau_ctrl/vfmau_vpu_ex3_result_ready_in_ex4,0,0.0,0.0,0.0,0.0,,0
x_aq_vpu_top/x_aq_vfmau_top/x_aq_vfmau_ctrl/vpu_group_0_xx_ex1_eu_sel[9:0],34,0.0011322388357920678,3.0589999999999997,2.111290254332682,0.7352941176470589,-0.003935442393045595,6
x_aq_vpu_top/x_aq_vfmau_top/x_aq_vfmau_ctrl/vpu_group_0_xx_ex1_sel,0,0.0,0.0,0.0,0.0,,0
x_aq_vpu_top/x_aq_vfmau_top/x_aq_vfmau_ctrl/vpu_group_0_xx_ex2_eu_sel[9:0],3,9.990342668753538e-05,5.507666666666665,3.8013347360072895,1.0,-0.006407263670766904,4
x_aq_vpu_top/x_aq_vfmau_top/x_aq_vfmau_ctrl/vpu_group_0_xx_ex2_sel,0,0.0,0.0,0.0,0.0,,0
x_aq_vpu_top/x_aq_vfmau_top/x_aq_vfmau_ctrl/vpu_group_0_xx_ex2_stall,0,0.0,0.0,0.0,0.0,,0
x_aq_vpu_top/x_aq_vfmau_top/x_aq_vfmau_ctrl/vpu_group_0_xx_ex3_eu_sel[9:0],3,9.990342668753538e-05,5.455000000000001,3.7649847457943064,1.0,-0.006780543173505238,4
x_aq_vpu_top/x_aq_vfmau_top/x_aq_vfmau_ctrl/vpu_group_0_xx_ex3_sel,0,0.0,0.0,0.0,0.0,,0
x_aq_vpu_top/x_aq_vfmau_top/x_aq_vfmau_ctrl/vpu_group_0_xx_ex3_stall,0,0.0,0.0,0.0,0.0,,0
x_aq_vpu_top/x_aq_vfmau_top/x_aq_vfmau_ctrl/vpu_group_0_xx_ex4_eu_sel[9:0],1,3.330114222917846e-05,3.6799999999999997,2.539898050325031,1.0,-0.007006673318107183,1
x_aq_vpu_top/x_aq_vfmau_top/x_aq_vfmau_ctrl/vpu_group_0_xx_ex4_sel,0,0.0,0.0,0.0,0.0,,0
x_aq_vpu_top/x_aq_vfmau_top/x_aq_vfmau_ctrl/vpu_group_0_xx_ex4_stall,0,0.0,0.0,0.0,0.0,,0
x_aq_vpu_top/x_aq_vfmau_top/x_aq_vfmau_ctrl/vpu_group_0_xx_ex5_stall,0,0.0,0.0,0.0,0.0,,0
x_aq_vpu_top/x_aq_vfmau_top/x_aq_vfmau_ctrl/ex1_inst_vld,0,0.0,0.0,0.0,0.0,,0
x_aq_vpu_top/x_aq_vfmau_top/x_aq_vfmau_ctrl/ex2_inst_vld,0,0.0,0.0,0.0,0.0,,0
x_aq_vpu_top/x_aq_vfmau_top/x_aq_vfmau_ctrl/ex3_inst_vld,0,0.0,0.0,0.0,0.0,,0
x_aq_vpu_top/x_aq_vfmau_top/x_aq_vfmau_ctrl/ex4_inst_vld,0,0.0,0.0,0.0,0.0,,0
x_aq_vpu_top/x_aq_vfmau_top/x_aq_vfmau_dp/cp0_vpu_icg_en,0,0.0,0.0,0.0,0.0,,0
x_aq_vpu_top/x_aq_vfmau_top/x_aq_vfmau_dp/cp0_vpu_xx_bf16,0,0.0,0.0,0.0,0.0,,0
x_aq_vpu_top/x_aq_vfmau_top/x_aq_vfmau_dp/cp0_vpu_xx_dqnan,0,0.0,0.0,0.0,0.0,,0
x_aq_vpu_top/x_aq_vfmau_top/x_aq_vfmau_dp/cp0_yy_clk_en,1,3.330114222917846e-05,2.862,1.9753228858777825,0.0,0.004988007030259691,1
x_aq_vpu_top/x_aq_vfmau_top/x_aq_vfmau_dp/ctrl_dp_ex1_inst_pipe_down,0,0.0,0.0,0.0,0.0,,0
x_aq_vpu_top/x_aq_vfmau_top/x_aq_vfmau_dp/ctrl_dp_ex1_inst_vld,0,0.0,0.0,0.0,0.0,,0
x_aq_vpu_top/x_aq_vfmau_top/x_aq_vfmau_dp/ctrl_dp_ex2_inst_pipe_down,0,0.0,0.0,0.0,0.0,,0
x_aq_vpu_top/x_aq_vfmau_top/x_aq_vfmau_dp/ctrl_dp_ex2_inst_vld,0,0.0,0.0,0.0,0.0,,0
x_aq_vpu_top/x_aq_vfmau_top/x_aq_vfmau_dp/ctrl_dp_ex3_inst_pipe_down,0,0.0,0.0,0.0,0.0,,0
x_aq_vpu_top/x_aq_vfmau_top/x_aq_vfmau_dp/ctrl_dp_ex3_inst_vld,0,0.0,0.0,0.0,0.0,,0
x_aq_vpu_top/x_aq_vfmau_top/x_aq_vfmau_dp/ctrl_dp_ex4_inst_pipe_down,0,0.0,0.0,0.0,0.0,,0
x_aq_vpu_top/x_aq_vfmau_top/x_aq_vfmau_dp/ctrl_dp_ex4_inst_vld,0,0.0,0.0,0.0,0.0,,0
x_aq_vpu_top/x_aq_vfmau_top/x_aq_vfmau_dp/ex2_dst_double,0,0.0,0.0,0.0,0.0,,0
x_aq_vpu_top/x_aq_vfmau_top/x_aq_vfmau_dp/ex2_simd,0,0.0,0.0,0.0,0.0,,0
x_aq_vpu_top/x_aq_vfmau_top/x_aq_vfmau_dp/ex2_special_sel[5:0],0,0.0,0.0,0.0,0.0,,0
x_aq_vpu_top/x_aq_vfmau_top/x_aq_vfmau_dp/ex3_dst_double,0,0.0,0.0,0.0,0.0,,0
x_aq_vpu_top/x_aq_vfmau_top/x_aq_vfmau_dp/ex3_special_cmplt,0,0.0,0.0,0.0,0.0,,0
x_aq_vpu_top/x_aq_vfmau_top/x_aq_vfmau_dp/ex4_dst_double,0,0.0,0.0,0.0,0.0,,0
x_aq_vpu_top/x_aq_vfmau_top/x_aq_vfmau_dp/forever_cpuclk,0,0.0,0.0,0.0,0.0,,0
x_aq_vpu_top/x_aq_vfmau_top/x_aq_vfmau_dp/ifu_vpu_warm_up,2,6.660228445835692e-05,8.55,5.901121828880168,1.0,0.17944175952243305,1
x_aq_vpu_top/x_aq_vfmau_top/x_aq_vfmau_dp/pad_yy_icg_scan_en,0,0.0,0.0,0.0,0.0,,0
x_aq_vpu_top/x_aq_vfmau_top/x_aq_vfmau_dp/vfmau_vpu_ex3_fflags[4:0],0,0.0,0.0,0.0,0.0,,0
x_aq_vpu_top/x_aq_vfmau_top/x_aq_vfmau_dp/vfmau_vpu_ex3_fpr_result[63:0],2,6.660228445835692e-05,10.722000000000001,7.4002138303220075,1.0,-0.0037341120129566773,48
x_aq_vpu_top/x_aq_vfmau_top/x_aq_vfmau_dp/vfmau_vpu_ex4_fflags[4:0],0,0.0,0.0,0.0,0.0,,0
x_aq_vpu_top/x_aq_vfmau_top/x_aq_vfmau_dp/vfmau_vpu_ex4_fpr_result[63:0],2,6.660228445835692e-05,7.126000000000001,4.918291713754395,1.0,-0.005623123884273963,32
x_aq_vpu_top/x_aq_vfmau_top/x_aq_vfmau_dp/vfmau_vpu_ex5_fflags[4:0],0,0.0,0.0,0.0,0.0,,0
x_aq_vpu_top/x_aq_vfmau_top/x_aq_vfmau_dp/vfmau_vpu_ex5_fpr_result[63:0],0,0.0,0.0,0.0,0.0,,0
x_aq_vpu_top/x_aq_vfmau_top/x_aq_vfmau_dp/vpu_group_0_xx_ex1_func[19:0],44,0.0014652502580838522,3.3622954545454546,2.320621649352368,0.7954545454545454,0.005526236953928676,10
x_aq_vpu_top/x_aq_vfmau_top/x_aq_vfmau_dp/vpu_group_0_xx_ex1_id_reg[1:0],0,0.0,0.0,0.0,0.0,,0
x_aq_vpu_top/x_aq_vfmau_top/x_aq_vfmau_dp/vpu_group_0_xx_ex1_rm[2:0],4,0.00013320456891671384,5.792749999999998,3.9980963127772604,1.0,0.005761307260114271,2
x_aq_vpu_top/x_aq_vfmau_top/x_aq_vfmau_dp/vpu_group_0_xx_ex1_srcv0[63:0],34,0.0011322388357920678,3.199264705882353,2.2080995078652914,0.8823529411764706,-0.03007154116304795,47
x_aq_vpu_top/x_aq_vfmau_top/x_aq_vfmau_dp/vpu_group_0_xx_ex1_srcv0_type[47:0],30,0.0009990342668753538,3.311833333333334,2.2857932136779304,0.8666666666666667,-0.021183319845226964,16
x_aq_vpu_top/x_aq_vfmau_top/x_aq_vfmau_dp/vpu_group_0_xx_ex1_srcv1[63:0],29,0.0009657331246461754,2.7920689655172413,1.9270572070353988,0.7931034482758621,0.13330910200860932,36
x_aq_vpu_top/x_aq_vfmau_top/x_aq_vfmau_dp/vpu_group_0_xx_ex1_srcv1_type[47:0],30,0.0009990342668753538,3.1294999999999997,2.1599486273076587,0.8,0.1279855292343095,16
x_aq_vpu_top/x_aq_vfmau_top/x_aq_vfmau_dp/vpu_group_0_xx_ex1_srcv2[63:0],10,0.00033301142229178463,1.7683,1.2204624245624327,0.4,-0.018722760431388923,34
x_aq_vpu_top/x_aq_vfmau_top/x_aq_vfmau_dp/vpu_group_0_xx_ex1_srcv2_type[47:0],10,0.00033301142229178463,1.7683,1.2204624245624327,0.4,-0.018387253439924544,13
x_aq_vpu_top/x_aq_vfmau_top/x_aq_vfmau_dp/ex1_bf16,0,0.0,0.0,0.0,0.0,,0
x_aq_vpu_top/x_aq_vfmau_top/x_aq_vfmau_dp/ex1_double,0,0.0,0.0,0.0,0.0,,0
x_aq_vpu_top/x_aq_vfmau_top/x_aq_vfmau_dp/ex1_double_expnt_near_of,0,0.0,0.0,0.0,0.0,,0
x_aq_vpu_top/x_aq_vfmau_top/x_aq_vfmau_dp/ex1_double_expnt_near_uf,0,0.0,0.0,0.0,0.0,,0
x_aq_vpu_top/x_aq_vfmau_top/x_aq_vfmau_dp/ex1_dst_bf16,0,0.0,0.0,0.0,0.0,,0
x_aq_vpu_top/x_aq_vfmau_top/x_aq_vfmau_dp/ex1_dst_double,0,0.0,0.0,0.0,0.0,,0
x_aq_vpu_top/x_aq_vfmau_top/x_aq_vfmau_dp/ex1_dst_f16,0,0.0,0.0,0.0,0.0,,0
x_aq_vpu_top/x_aq_vfmau_top/x_aq_vfmau_dp/ex1_dst_half,0,0.0,0.0,0.0,0.0,,0
x_aq_vpu_top/x_aq_vfmau_top/x_aq_vfmau_dp/ex1_dst_single,15,0.0004995171334376769,3.116266666666667,2.1508151171085736,0.8,-0.01819696689905232,1
x_aq_vpu_top/x_aq_vfmau_top/x_aq_vfmau_dp/ex1_f16,0,0.0,0.0,0.0,0.0,,0
x_aq_vpu_top/x_aq_vfmau_top/x_aq_vfmau_dp/ex1_func[19:0],44,0.0014652502580838522,3.3622954545454546,2.320621649352368,0.7954545454545454,0.005526236953928676,10
x_aq_vpu_top/x_aq_vfmau_top/x_aq_vfmau_dp/ex1_half,0,0.0,0.0,0.0,0.0,,0
x_aq_vpu_top/x_aq_vfmau_top/x_aq_vfmau_dp/ex1_id_reg[1:0],0,0.0,0.0,0.0,0.0,,0
x_aq_vpu_top/x_aq_vfmau_top/x_aq_vfmau_dp/ex1_mac,16,0.0005328182756668553,1.8413125000000001,1.2708548991274753,0.5625,0.010167585006082027,1
x_aq_vpu_top/x_aq_vfmau_top/x_aq_vfmau_dp/ex1_mac_update,16,0.0005328182756668553,1.8413125000000001,1.2708548991274753,0.5625,0.010167585006082027,1
x_aq_vpu_top/x_aq_vfmau_top/x_aq_vfmau_dp/ex1_neg,15,0.0004995171334376769,3.9729333333333328,2.7420776161425704,0.7333333333333333,-0.015317309417974066,1
x_aq_vpu_top/x_aq_vfmau_top/x_aq_vfmau_dp/ex1_rm[2:0],4,0.00013320456891671384,5.792749999999998,3.9980963127772604,1.0,0.005761307260114271,2
x_aq_vpu_top/x_aq_vfmau_top/x_aq_vfmau_dp/ex1_single,15,0.0004995171334376769,3.116266666666667,2.1508151171085736,0.8,-0.01819696689905232,1
x_aq_vpu_top/x_aq_vfmau_top/x_aq_vfmau_dp/ex1_srcv0[63:0],34,0.0011322388357920678,3.199264705882353,2.2080995078652914,0.8823529411764706,-0.03007154116304795,47
x_aq_vpu_top/x_aq_vfmau_top/x_aq_vfmau_dp/ex1_srcv1[63:0],29,0.0009657331246461754,2.7920689655172413,1.9270572070353988,0.7931034482758621,0.13330910200860932,36
x_aq_vpu_top/x_aq_vfmau_top/x_aq_vfmau_dp/ex1_srcv2[63:0],24,0.0007992274135002831,2.440541666666667,1.6844366904629535,0.7916666666666666,0.10642394907625609,36
x_aq_vpu_top/x_aq_vfmau_top/x_aq_vfmau_dp/ex1_sub,0,0.0,0.0,0.0,0.0,,0
x_aq_vpu_top/x_aq_vfmau_top/x_aq_vfmau_dp/ex1_widen,0,0.0,0.0,0.0,0.0,,0
x_aq_vpu_top/x_aq_vfmau_top/x_aq_vfmau_dp/ex2_dst_bf16,0,0.0,0.0,0.0,0.0,,0
x_aq_vpu_top/x_aq_vfmau_top/x_aq_vfmau_dp/ex2_dst_f16,0,0.0,0.0,0.0,0.0,,0
x_aq_vpu_top/x_aq_vfmau_top/x_aq_vfmau_dp/ex2_dst_half,0,0.0,0.0,0.0,0.0,,0
x_aq_vpu_top/x_aq_vfmau_top/x_aq_vfmau_dp/ex2_dst_single,0,0.0,0.0,0.0,0.0,,0
x_aq_vpu_top/x_aq_vfmau_top/x_aq_vfmau_dp/ex2_widen,0,0.0,0.0,0.0,0.0,,0
x_aq_vpu_top/x_aq_vfmau_top/x_aq_vfmau_dp/ex3_dst_bf16,0,0.0,0.0,0.0,0.0,,0
x_aq_vpu_top/x_aq_vfmau_top/x_aq_vfmau_dp/ex3_dst_f16,0,0.0,0.0,0.0,0.0,,0
x_aq_vpu_top/x_aq_vfmau_top/x_aq_vfmau_dp/ex3_dst_single,0,0.0,0.0,0.0,0.0,,0
x_aq_vpu_top/x_aq_vfmau_top/x_aq_vfmau_dp/ex3_simd,0,0.0,0.0,0.0,0.0,,0
x_aq_vpu_top/x_aq_vfmau_top/x_aq_vfmau_dp/ex3_widen,0,0.0,0.0,0.0,0.0,,0
x_aq_vpu_top/x_aq_vfmau_top/x_aq_vfmau_dp/ex4_dst_bf16,0,0.0,0.0,0.0,0.0,,0
x_aq_vpu_top/x_aq_vfmau_top/x_aq_vfmau_dp/ex4_dst_f16,0,0.0,0.0,0.0,0.0,,0
x_aq_vpu_top/x_aq_vfmau_top/x_aq_vfmau_dp/ex4_dst_half,0,0.0,0.0,0.0,0.0,,0
x_aq_vpu_top/x_aq_vfmau_top/x_aq_vfmau_dp/ex4_dst_single,0,0.0,0.0,0.0,0.0,,0
x_aq_vpu_top/x_aq_vfmau_top/x_aq_vfmau_dp/ex4_widen,0,0.0,0.0,0.0,0.0,,0
x_aq_vpu_top/x_aq_vfmau_top/x_aq_vfmau_dp/fmau_ex2_data_clk,0,0.0,0.0,0.0,0.0,,0
x_aq_vpu_top/x_aq_vfmau_top/x_aq_vfmau_dp/fmau_ex2_data_clk_en,2,6.660228445835692e-05,8.55,5.901121828880168,1.0,0.17944175952243305,1
x_aq_vpu_top/x_aq_vfmau_top/x_aq_vfmau_dp/fmau_ex3_data_clk,0,0.0,0.0,0.0,0.0,,0
x_aq_vpu_top/x_aq_vfmau_top/x_aq_vfmau_dp/fmau_ex3_data_clk_en,2,6.660228445835692e-05,8.55,5.901121828880168,1.0,0.17944175952243305,1
x_aq_vpu_top/x_aq_vfmau_top/x_aq_vfmau_dp/fmau_ex4_data_clk,0,0.0,0.0,0.0,0.0,,0
x_aq_vpu_top/x_aq_vfmau_top/x_aq_vfmau_dp/fmau_ex4_data_clk_en,2,6.660228445835692e-05,8.55,5.901121828880168,1.0,0.17944175952243305,1
x_aq_vpu_top/x_aq_vfmau_top/x_aq_vfmau_dp/fmau_ex5_data_clk,0,0.0,0.0,0.0,0.0,,0
x_aq_vpu_top/x_aq_vfmau_top/x_aq_vfmau_dp/fmau_ex5_data_clk_en,2,6.660228445835692e-05,8.55,5.901121828880168,1.0,0.17944175952243305,1
x_aq_vpu_top/x_aq_vfmau_top/x_aq_vfmau_dp/x_aq_vfmau_mult/cp0_vpu_xx_dqnan,0,0.0,0.0,0.0,0.0,,0
x_aq_vpu_top/x_aq_vfmau_top/x_aq_vfmau_dp/x_aq_vfmau_mult/ctrl_dp_ex1_inst_pipe_down,0,0.0,0.0,0.0,0.0,,0
x_aq_vpu_top/x_aq_vfmau_top/x_aq_vfmau_dp/x_aq_vfmau_mult/ctrl_dp_ex2_inst_pipe_down,0,0.0,0.0,0.0,0.0,,0
x_aq_vpu_top/x_aq_vfmau_top/x_aq_vfmau_dp/x_aq_vfmau_mult/ctrl_dp_ex3_inst_pipe_down,0,0.0,0.0,0.0,0.0,,0
x_aq_vpu_top/x_aq_vfmau_top/x_aq_vfmau_dp/x_aq_vfmau_mult/ctrl_dp_ex4_inst_pipe_down,0,0.0,0.0,0.0,0.0,,0
x_aq_vpu_top/x_aq_vfmau_top/x_aq_vfmau_dp/x_aq_vfmau_mult/ex1_bf16,0,0.0,0.0,0.0,0.0,,0
x_aq_vpu_top/x_aq_vfmau_top/x_aq_vfmau_dp/x_aq_vfmau_mult/ex1_double,0,0.0,0.0,0.0,0.0,,0
x_aq_vpu_top/x_aq_vfmau_top/x_aq_vfmau_dp/x_aq_vfmau_mult/ex1_double_expnt_near_of,0,0.0,0.0,0.0,0.0,,0
x_aq_vpu_top/x_aq_vfmau_top/x_aq_vfmau_dp/x_aq_vfmau_mult/ex1_double_expnt_near_uf,0,0.0,0.0,0.0,0.0,,0
x_aq_vpu_top/x_aq_vfmau_top/x_aq_vfmau_dp/x_aq_vfmau_mult/ex1_dst_bf16,0,0.0,0.0,0.0,0.0,,0
x_aq_vpu_top/x_aq_vfmau_top/x_aq_vfmau_dp/x_aq_vfmau_mult/ex1_dst_double,0,0.0,0.0,0.0,0.0,,0
x_aq_vpu_top/x_aq_vfmau_top/x_aq_vfmau_dp/x_aq_vfmau_mult/ex1_dst_f16,0,0.0,0.0,0.0,0.0,,0
x_aq_vpu_top/x_aq_vfmau_top/x_aq_vfmau_dp/x_aq_vfmau_mult/ex1_dst_half,0,0.0,0.0,0.0,0.0,,0
x_aq_vpu_top/x_aq_vfmau_top/x_aq_vfmau_dp/x_aq_vfmau_mult/ex1_dst_single,15,0.0004995171334376769,3.116266666666667,2.1508151171085736,0.8,-0.01819696689905232,1
x_aq_vpu_top/x_aq_vfmau_top/x_aq_vfmau_dp/x_aq_vfmau_mult/ex1_f16,0,0.0,0.0,0.0,0.0,,0
x_aq_vpu_top/x_aq_vfmau_top/x_aq_vfmau_dp/x_aq_vfmau_mult/ex1_half,0,0.0,0.0,0.0,0.0,,0
x_aq_vpu_top/x_aq_vfmau_top/x_aq_vfmau_dp/x_aq_vfmau_mult/ex1_id_reg[1:0],0,0.0,0.0,0.0,0.0,,0
x_aq_vpu_top/x_aq_vfmau_top/x_aq_vfmau_dp/x_aq_vfmau_mult/ex1_mac,16,0.0005328182756668553,1.8413125000000001,1.2708548991274753,0.5625,0.010167585006082027,1
x_aq_vpu_top/x_aq_vfmau_top/x_aq_vfmau_dp/x_aq_vfmau_mult/ex1_neg,15,0.0004995171334376769,3.9729333333333328,2.7420776161425704,0.7333333333333333,-0.015317309417974066,1
x_aq_vpu_top/x_aq_vfmau_top/x_aq_vfmau_dp/x_aq_vfmau_mult/ex1_rm[2:0],4,0.00013320456891671384,5.792749999999998,3.9980963127772604,1.0,0.005761307260114271,2
x_aq_vpu_top/x_aq_vfmau_top/x_aq_vfmau_dp/x_aq_vfmau_mult/ex1_single,15,0.0004995171334376769,3.116266666666667,2.1508151171085736,0.8,-0.01819696689905232,1
x_aq_vpu_top/x_aq_vfmau_top/x_aq_vfmau_dp/x_aq_vfmau_mult/ex1_srcv0[63:0],34,0.0011322388357920678,3.199264705882353,2.2080995078652914,0.8823529411764706,-0.03007154116304795,47
x_aq_vpu_top/x_aq_vfmau_top/x_aq_vfmau_dp/x_aq_vfmau_mult/ex1_srcv1[63:0],29,0.0009657331246461754,2.7920689655172413,1.9270572070353988,0.7931034482758621,0.13330910200860932,36
x_aq_vpu_top/x_aq_vfmau_top/x_aq_vfmau_dp/x_aq_vfmau_mult/ex1_srcv2[63:0],24,0.0007992274135002831,2.440541666666667,1.6844366904629535,0.7916666666666666,0.10642394907625609,36
x_aq_vpu_top/x_aq_vfmau_top/x_aq_vfmau_dp/x_aq_vfmau_mult/ex1_sub,0,0.0,0.0,0.0,0.0,,0
x_aq_vpu_top/x_aq_vfmau_top/x_aq_vfmau_dp/x_aq_vfmau_mult/ex1_widen,0,0.0,0.0,0.0,0.0,,0
x_aq_vpu_top/x_aq_vfmau_top/x_aq_vfmau_dp/x_aq_vfmau_mult/ex2_bf16,0,0.0,0.0,0.0,0.0,,0
x_aq_vpu_top/x_aq_vfmau_top/x_aq_vfmau_dp/x_aq_vfmau_mult/ex2_double,0,0.0,0.0,0.0,0.0,,0
x_aq_vpu_top/x_aq_vfmau_top/x_aq_vfmau_dp/x_aq_vfmau_mult/ex2_dst_bf16,0,0.0,0.0,0.0,0.0,,0
x_aq_vpu_top/x_aq_vfmau_top/x_aq_vfmau_dp/x_aq_vfmau_mult/ex2_dst_double,0,0.0,0.0,0.0,0.0,,0
x_aq_vpu_top/x_aq_vfmau_top/x_aq_vfmau_dp/x_aq_vfmau_mult/ex2_dst_f16,0,0.0,0.0,0.0,0.0,,0
x_aq_vpu_top/x_aq_vfmau_top/x_aq_vfmau_dp/x_aq_vfmau_mult/ex2_dst_half,0,0.0,0.0,0.0,0.0,,0
x_aq_vpu_top/x_aq_vfmau_top/x_aq_vfmau_dp/x_aq_vfmau_mult/ex2_dst_single,0,0.0,0.0,0.0,0.0,,0
x_aq_vpu_top/x_aq_vfmau_top/x_aq_vfmau_dp/x_aq_vfmau_mult/ex2_mac,1,3.330114222917846e-05,10.872,7.503742283460255,1.0,-0.003229515705865712,1
x_aq_vpu_top/x_aq_vfmau_top/x_aq_vfmau_dp/x_aq_vfmau_mult/ex2_single,0,0.0,0.0,0.0,0.0,,0
x_aq_vpu_top/x_aq_vfmau_top/x_aq_vfmau_dp/x_aq_vfmau_mult/ex2_special_sel[5:0],0,0.0,0.0,0.0,0.0,,0
x_aq_vpu_top/x_aq_vfmau_top/x_aq_vfmau_dp/x_aq_vfmau_mult/ex3_bf16,0,0.0,0.0,0.0,0.0,,0
x_aq_vpu_top/x_aq_vfmau_top/x_aq_vfmau_dp/x_aq_vfmau_mult/ex3_dst_bf16,0,0.0,0.0,0.0,0.0,,0
x_aq_vpu_top/x_aq_vfmau_top/x_aq_vfmau_dp/x_aq_vfmau_mult/ex3_dst_double,0,0.0,0.0,0.0,0.0,,0
x_aq_vpu_top/x_aq_vfmau_top/x_aq_vfmau_dp/x_aq_vfmau_mult/ex3_dst_f16,0,0.0,0.0,0.0,0.0,,0
x_aq_vpu_top/x_aq_vfmau_top/x_aq_vfmau_dp/x_aq_vfmau_mult/ex3_dst_single,0,0.0,0.0,0.0,0.0,,0
x_aq_vpu_top/x_aq_vfmau_top/x_aq_vfmau_dp/x_aq_vfmau_mult/ex3_f16,0,0.0,0.0,0.0,0.0,,0
x_aq_vpu_top/x_aq_vfmau_top/x_aq_vfmau_dp/x_aq_vfmau_mult/ex3_rm[2:0],2,6.660228445835692e-05,10.722000000000001,7.4002138303220075,1.0,-0.0037341120129562,2
x_aq_vpu_top/x_aq_vfmau_top/x_aq_vfmau_dp/x_aq_vfmau_mult/ex3_simd,0,0.0,0.0,0.0,0.0,,0
x_aq_vpu_top/x_aq_vfmau_top/x_aq_vfmau_dp/x_aq_vfmau_mult/ex3_single,0,0.0,0.0,0.0,0.0,,0
x_aq_vpu_top/x_aq_vfmau_top/x_aq_vfmau_dp/x_aq_vfmau_mult/ex3_special_cmplt,0,0.0,0.0,0.0,0.0,,0
x_aq_vpu_top/x_aq_vfmau_top/x_aq_vfmau_dp/x_aq_vfmau_mult/ex4_bf16,0,0.0,0.0,0.0,0.0,,0
x_aq_vpu_top/x_aq_vfmau_top/x_aq_vfmau_dp/x_aq_vfmau_mult/ex4_dst_bf16,0,0.0,0.0,0.0,0.0,,0
x_aq_vpu_top/x_aq_vfmau_top/x_aq_vfmau_dp/x_aq_vfmau_mult/ex4_dst_double,0,0.0,0.0,0.0,0.0,,0
x_aq_vpu_top/x_aq_vfmau_top/x_aq_vfmau_dp/x_aq_vfmau_mult/ex4_dst_f16,0,0.0,0.0,0.0,0.0,,0
x_aq_vpu_top/x_aq_vfmau_top/x_aq_vfmau_dp/x_aq_vfmau_mult/ex4_dst_half,0,0.0,0.0,0.0,0.0,,0
x_aq_vpu_top/x_aq_vfmau_top/x_aq_vfmau_dp/x_aq_vfmau_mult/ex4_dst_single,0,0.0,0.0,0.0,0.0,,0
x_aq_vpu_top/x_aq_vfmau_top/x_aq_vfmau_dp/x_aq_vfmau_mult/ex4_f16,0,0.0,0.0,0.0,0.0,,0
x_aq_vpu_top/x_aq_vfmau_top/x_aq_vfmau_dp/x_aq_vfmau_mult/ex4_rm[2:0],2,6.660228445835692e-05,7.126000000000001,4.918291713754395,1.0,-0.005623123884273686,2
x_aq_vpu_top/x_aq_vfmau_top/x_aq_vfmau_dp/x_aq_vfmau_mult/ex4_single,0,0.0,0.0,0.0,0.0,,0
x_aq_vpu_top/x_aq_vfmau_top/x_aq_vfmau_dp/x_aq_vfmau_mult/fmau_ex2_data_clk,0,0.0,0.0,0.0,0.0,,0
x_aq_vpu_top/x_aq_vfmau_top/x_aq_vfmau_dp/x_aq_vfmau_mult/fmau_ex3_data_clk,0,0.0,0.0,0.0,0.0,,0
x_aq_vpu_top/x_aq_vfmau_top/x_aq_vfmau_dp/x_aq_vfmau_mult/fmau_ex4_data_clk,0,0.0,0.0,0.0,0.0,,0
x_aq_vpu_top/x_aq_vfmau_top/x_aq_vfmau_dp/x_aq_vfmau_mult/fmau_ex5_data_clk,0,0.0,0.0,0.0,0.0,,0
x_aq_vpu_top/x_aq_vfmau_top/x_aq_vfmau_dp/x_aq_vfmau_mult/ifu_vpu_warm_up,2,6.660228445835692e-05,8.55,5.901121828880168,1.0,0.17944175952243305,1
x_aq_vpu_top/x_aq_vfmau_top/x_aq_vfmau_dp/x_aq_vfmau_mult/vfmau_vpu_ex3_fflags[4:0],0,0.0,0.0,0.0,0.0,,0
x_aq_vpu_top/x_aq_vfmau_top/x_aq_vfmau_dp/x_aq_vfmau_mult/vfmau_vpu_ex3_fpr_result[63:0],2,6.660228445835692e-05,10.722000000000001,7.4002138303220075,1.0,-0.0037341120129566773,48
x_aq_vpu_top/x_aq_vfmau_top/x_aq_vfmau_dp/x_aq_vfmau_mult/vfmau_vpu_ex4_fflags[4:0],0,0.0,0.0,0.0,0.0,,0
x_aq_vpu_top/x_aq_vfmau_top/x_aq_vfmau_dp/x_aq_vfmau_mult/vfmau_vpu_ex4_fpr_result[63:0],2,6.660228445835692e-05,7.126000000000001,4.918291713754395,1.0,-0.005623123884273963,32
x_aq_vpu_top/x_aq_vfmau_top/x_aq_vfmau_dp/x_aq_vfmau_mult/vfmau_vpu_ex5_fflags[4:0],0,0.0,0.0,0.0,0.0,,0
x_aq_vpu_top/x_aq_vfmau_top/x_aq_vfmau_dp/x_aq_vfmau_mult/vfmau_vpu_ex5_fpr_result[63:0],0,0.0,0.0,0.0,0.0,,0
x_aq_vpu_top/x_aq_vfmau_top/x_aq_vfmau_dp/x_aq_vfmau_mult/vpu_group_0_xx_ex1_srcv0_type[47:0],30,0.0009990342668753538,3.311833333333334,2.2857932136779304,0.8666666666666667,-0.021183319845226964,16
x_aq_vpu_top/x_aq_vfmau_top/x_aq_vfmau_dp/x_aq_vfmau_mult/vpu_group_0_xx_ex1_srcv1_type[47:0],30,0.0009990342668753538,3.1294999999999997,2.1599486273076587,0.8,0.1279855292343095,16
x_aq_vpu_top/x_aq_vfmau_top/x_aq_vfmau_dp/x_aq_vfmau_mult/vpu_group_0_xx_ex1_srcv2_type[47:0],10,0.00033301142229178463,1.7683,1.2204624245624327,0.4,-0.018387253439924544,13
x_aq_vpu_top/x_aq_vfmau_top/x_aq_vfmau_dp/x_aq_vfmau_mult/ex2_mult_data[105:0],0,0.0,0.0,0.0,0.0,,0
x_aq_vpu_top/x_aq_vfmau_top/x_aq_vfmau_dp/x_aq_vfmau_mult/x_aq_vfmau_frac_mult/ctrl_dp_ex1_inst_pipe_down,0,0.0,0.0,0.0,0.0,,0
x_aq_vpu_top/x_aq_vfmau_top/x_aq_vfmau_dp/x_aq_vfmau_mult/x_aq_vfmau_frac_mult/ex1_bf16,0,0.0,0.0,0.0,0.0,,0
x_aq_vpu_top/x_aq_vfmau_top/x_aq_vfmau_dp/x_aq_vfmau_mult/x_aq_vfmau_frac_mult/ex1_double,0,0.0,0.0,0.0,0.0,,0
x_aq_vpu_top/x_aq_vfmau_top/x_aq_vfmau_dp/x_aq_vfmau_mult/x_aq_vfmau_frac_mult/ex1_f16,0,0.0,0.0,0.0,0.0,,0
x_aq_vpu_top/x_aq_vfmau_top/x_aq_vfmau_dp/x_aq_vfmau_mult/x_aq_vfmau_frac_mult/ex1_id_reg[1:0],0,0.0,0.0,0.0,0.0,,0
x_aq_vpu_top/x_aq_vfmau_top/x_aq_vfmau_dp/x_aq_vfmau_mult/x_aq_vfmau_frac_mult/ex1_single,15,0.0004995171334376769,3.116266666666667,2.1508151171085736,0.8,-0.01819696689905232,1
x_aq_vpu_top/x_aq_vfmau_top/x_aq_vfmau_dp/x_aq_vfmau_mult/x_aq_vfmau_frac_mult/ex1_srcv0[63:0],34,0.0011322388357920678,3.199264705882353,2.2080995078652914,0.8823529411764706,-0.03007154116304795,47
x_aq_vpu_top/x_aq_vfmau_top/x_aq_vfmau_dp/x_aq_vfmau_mult/x_aq_vfmau_frac_mult/ex1_srcv1[63:0],29,0.0009657331246461754,2.7920689655172413,1.9270572070353988,0.7931034482758621,0.13330910200860932,36
x_aq_vpu_top/x_aq_vfmau_top/x_aq_vfmau_dp/x_aq_vfmau_mult/x_aq_vfmau_frac_mult/ex2_mult_data[105:0],0,0.0,0.0,0.0,0.0,,0
x_aq_vpu_top/x_aq_vfmau_top/x_aq_vfmau_dp/x_aq_vfmau_mult/x_aq_vfmau_frac_mult/fmau_ex2_data_clk,0,0.0,0.0,0.0,0.0,,0
x_aq_vpu_top/x_aq_vfmau_top/x_aq_vfmau_dp/x_aq_vfmau_mult/x_aq_vfmau_frac_mult/ifu_vpu_warm_up,2,6.660228445835692e-05,8.55,5.901121828880168,1.0,0.17944175952243305,1
x_aq_vpu_top/x_aq_vfmau_top/x_aq_vfmau_dp/x_aq_vfmau_mult/x_aq_vfmau_frac_mult/ex1_frac_0[52:0],47,0.0015651536847713877,3.0508085106382987,2.1056365728492463,0.7872340425531915,-0.014526984369631584,17
x_aq_vpu_top/x_aq_vfmau_top/x_aq_vfmau_dp/x_aq_vfmau_mult/x_aq_vfmau_frac_mult/ex1_frac_1[52:0],39,0.0012987445469379599,3.301025641025641,2.278333855900533,0.7692307692307693,-0.011255868262043174,16
x_aq_vpu_top/x_aq_vfmau_top/x_aq_vfmau_dp/x_aq_vfmau_mult/x_aq_vfmau_frac_mult/ex1_frac_mult_pipe_down,0,0.0,0.0,0.0,0.0,,0
x_aq_vpu_top/x_aq_vfmau_top/x_aq_vfmau_dp/x_aq_vfmau_mult/x_aq_vfmau_frac_mult/ex1_partial_result_0[83:0],2,6.660228445835692e-05,8.099999999999998,5.5905364694654205,1.0,,20
x_aq_vpu_top/x_aq_vfmau_top/x_aq_vfmau_dp/x_aq_vfmau_mult/x_aq_vfmau_frac_mult/ex1_partial_result_1[83:0],2,6.660228445835692e-05,8.099999999999998,5.5905364694654205,1.0,0.0002704861125581901,2
x_aq_vpu_top/x_aq_vfmau_top/x_aq_vfmau_dp/x_aq_vfmau_mult/x_aq_vfmau_frac_mult/ex1_partial_result_2[80:0],41,0.001365346831396317,3.5351219512195113,2.4399047150988196,0.7804878048780488,,52
x_aq_vpu_top/x_aq_vfmau_top/x_aq_vfmau_dp/x_aq_vfmau_mult/x_aq_vfmau_frac_mult/ex1_partial_result_3[80:0],41,0.001365346831396317,3.5351219512195113,2.4399047150988196,0.7804878048780488,,17
x_aq_vpu_top/x_aq_vfmau_top/x_aq_vfmau_dp/x_aq_vfmau_mult/x_aq_vfmau_frac_mult/ex2_c0_0[105:0],2,6.660228445835692e-05,9.846,6.795607663994635,1.0,-0.001818338626010619,2
x_aq_vpu_top/x_aq_vfmau_top/x_aq_vfmau_dp/x_aq_vfmau_mult/x_aq_vfmau_frac_mult/ex2_p0_0_0[105:0],3,9.990342668753538e-05,9.024,6.228271740797032,1.0,,24
x_aq_vpu_top/x_aq_vfmau_top/x_aq_vfmau_dp/x_aq_vfmau_mult/x_aq_vfmau_frac_mult/ex2_p0_0_1[105:0],2,6.660228445835692e-05,9.846,6.795607663994635,1.0,-0.001818338626010619,2
x_aq_vpu_top/x_aq_vfmau_top/x_aq_vfmau_dp/x_aq_vfmau_mult/x_aq_vfmau_frac_mult/ex2_p0_0_2[105:0],2,6.660228445835692e-05,9.846,6.795607663994635,1.0,,17
x_aq_vpu_top/x_aq_vfmau_top/x_aq_vfmau_dp/x_aq_vfmau_mult/x_aq_vfmau_frac_mult/ex2_p0_0_3[105:0],2,6.660228445835692e-05,9.846,6.795607663994635,1.0,,2
x_aq_vpu_top/x_aq_vfmau_top/x_aq_vfmau_dp/x_aq_vfmau_mult/x_aq_vfmau_frac_mult/ex2_p0_0_cout[105:0],2,6.660228445835692e-05,9.846,6.795607663994635,1.0,,18
x_aq_vpu_top/x_aq_vfmau_top/x_aq_vfmau_dp/x_aq_vfmau_mult/x_aq_vfmau_frac_mult/ex2_p0_0_xor[105:0],2,6.660228445835692e-05,9.846,6.795607663994635,1.0,,27
x_aq_vpu_top/x_aq_vfmau_top/x_aq_vfmau_dp/x_aq_vfmau_mult/x_aq_vfmau_frac_mult/ex2_s0_0[105:0],2,6.660228445835692e-05,9.846,6.795607663994635,1.0,,42
x_aq_vpu_top/x_aq_vfmau_top/x_aq_vfmau_dp/x_aq_vfmau_mult/x_aq_vfmau_frac_mult/mult_0_0[52:0],47,0.0015651536847713877,3.0508085106382987,2.1056365728492463,0.7872340425531915,-0.014526984369631584,17
x_aq_vpu_top/x_aq_vfmau_top/x_aq_vfmau_dp/x_aq_vfmau_mult/x_aq_vfmau_frac_mult/mult_0_1[26:0],0,0.0,0.0,0.0,0.0,,0
x_aq_vpu_top/x_aq_vfmau_top/x_aq_vfmau_dp/x_aq_vfmau_mult/x_aq_vfmau_frac_mult/mult_1_0[52:0],47,0.0015651536847713877,3.0508085106382987,2.1056365728492463,0.7872340425531915,-0.014526984369631584,17
x_aq_vpu_top/x_aq_vfmau_top/x_aq_vfmau_dp/x_aq_vfmau_mult/x_aq_vfmau_frac_mult/mult_1_1[26:0],39,0.0012987445469379599,3.301025641025641,2.278333855900533,0.7692307692307693,-0.011255868262043174,16
x_aq_vpu_top/x_aq_vfmau_top/x_aq_vfmau_dp/x_aq_vfmau_mult/x_aq_vfmau_frac_mult/result_0_0[83:0],2,6.660228445835692e-05,8.099999999999998,5.5905364694654205,1.0,,20
x_aq_vpu_top/x_aq_vfmau_top/x_aq_vfmau_dp/x_aq_vfmau_mult/x_aq_vfmau_frac_mult/result_0_1[83:0],2,6.660228445835692e-05,8.099999999999998,5.5905364694654205,1.0,0.0002704861125581901,2
x_aq_vpu_top/x_aq_vfmau_top/x_aq_vfmau_dp/x_aq_vfmau_mult/x_aq_vfmau_frac_mult/result_1_0[83:0],41,0.001365346831396317,3.5351219512195113,2.4399047150988196,0.7804878048780488,,52
x_aq_vpu_top/x_aq_vfmau_top/x_aq_vfmau_dp/x_aq_vfmau_mult/x_aq_vfmau_frac_mult/result_1_1[83:0],41,0.001365346831396317,3.5351219512195113,2.4399047150988196,0.7804878048780488,,17
x_aq_vpu_top/x_aq_vfmau_top/x_aq_vfmau_dp/x_aq_vfmau_mult/x_aq_vfmau_frac_mult/multiplier_53x27/a[52:0],47,0.0015651536847713877,3.0508085106382987,2.1056365728492463,0.7872340425531915,-0.014526984369631584,17
x_aq_vpu_top/x_aq_vfmau_top/x_aq_vfmau_dp/x_aq_vfmau_mult/x_aq_vfmau_frac_mult/multiplier_53x27/b[26:0],0,0.0,0.0,0.0,0.0,,0
x_aq_vpu_top/x_aq_vfmau_top/x_aq_vfmau_dp/x_aq_vfmau_mult/x_aq_vfmau_frac_mult/multiplier_53x27/out0[83:0],2,6.660228445835692e-05,8.099999999999998,5.5905364694654205,1.0,,20
x_aq_vpu_top/x_aq_vfmau_top/x_aq_vfmau_dp/x_aq_vfmau_mult/x_aq_vfmau_frac_mult/multiplier_53x27/out1[83:0],2,6.660228445835692e-05,8.099999999999998,5.5905364694654205,1.0,0.0002704861125581901,2
x_aq_vpu_top/x_aq_vfmau_top/x_aq_vfmau_dp/x_aq_vfmau_mult/x_aq_vfmau_frac_mult/multiplier_53x27/data_for_code[29:0],0,0.0,0.0,0.0,0.0,,0
x_aq_vpu_top/x_aq_vfmau_top/x_aq_vfmau_dp/x_aq_vfmau_mult/x_aq_vfmau_frac_mult/multiplier_53x27/ex1_c0_0[81:0],2,6.660228445835692e-05,8.099999999999998,5.5905364694654205,1.0,0.0002704861125581901,2
x_aq_vpu_top/x_aq_vfmau_top/x_aq_vfmau_dp/x_aq_vfmau_mult/x_aq_vfmau_frac_mult/multiplier_53x27/ex1_c0_1[81:0],0,0.0,0.0,0.0,0.0,,0
x_aq_vpu_top/x_aq_vfmau_top/x_aq_vfmau_dp/x_aq_vfmau_mult/x_aq_vfmau_frac_mult/multiplier_53x27/ex1_c0_2[81:0],0,0.0,0.0,0.0,0.0,,0
x_aq_vpu_top/x_aq_vfmau_top/x_aq_vfmau_dp/x_aq_vfmau_mult/x_aq_vfmau_frac_mult/multiplier_53x27/ex1_c0_3[81:0],0,0.0,0.0,0.0,0.0,,0
x_aq_vpu_top/x_aq_vfmau_top/x_aq_vfmau_dp/x_aq_vfmau_mult/x_aq_vfmau_frac_mult/multiplier_53x27/ex1_c1_0[81:0],2,6.660228445835692e-05,8.099999999999998,5.5905364694654205,1.0,0.0002704861125581901,2
x_aq_vpu_top/x_aq_vfmau_top/x_aq_vfmau_dp/x_aq_vfmau_mult/x_aq_vfmau_frac_mult/multiplier_53x27/ex1_c1_1[81:0],0,0.0,0.0,0.0,0.0,,0
x_aq_vpu_top/x_aq_vfmau_top/x_aq_vfmau_dp/x_aq_vfmau_mult/x_aq_vfmau_frac_mult/multiplier_53x27/ex1_c2_0[82:0],2,6.660228445835692e-05,8.099999999999998,5.5905364694654205,1.0,0.0002704861125581901,2
x_aq_vpu_top/x_aq_vfmau_top/x_aq_vfmau_dp/x_aq_vfmau_mult/x_aq_vfmau_frac_mult/multiplier_53x27/ex1_p0_0_0[81:0],2,6.660228445835692e-05,8.099999999999998,5.5905364694654205,1.0,0.0002704861125581901,2
x_aq_vpu_top/x_aq_vfmau_top/x_aq_vfmau_dp/x_aq_vfmau_mult/x_aq_vfmau_frac_mult/multiplier_53x27/ex1_p0_0_1[81:0],2,6.660228445835692e-05,8.099999999999998,5.5905364694654205,1.0,0.00027048611255830557,2
x_aq_vpu_top/x_aq_vfmau_top/x_aq_vfmau_dp/x_aq_vfmau_mult/x_aq_vfmau_frac_mult/multiplier_53x27/ex1_p0_0_2[81:0],2,6.660228445835692e-05,8.099999999999998,5.5905364694654205,1.0,0.00027048611255830557,2
x_aq_vpu_top/x_aq_vfmau_top/x_aq_vfmau_dp/x_aq_vfmau_mult/x_aq_vfmau_frac_mult/multiplier_53x27/ex1_p0_0_3[81:0],2,6.660228445835692e-05,8.099999999999998,5.5905364694654205,1.0,0.00027048611255830557,2
x_aq_vpu_top/x_aq_vfmau_top/x_aq_vfmau_dp/x_aq_vfmau_mult/x_aq_vfmau_frac_mult/multiplier_53x27/ex1_p0_0_cout[81:0],2,6.660228445835692e-05,8.099999999999998,5.5905364694654205,1.0,0.0002704861125581901,2
x_aq_vpu_top/x_aq_vfmau_top/x_aq_vfmau_dp/x_aq_vfmau_mult/x_aq_vfmau_frac_mult/multiplier_53x27/ex1_p0_0_xor[81:0],2,6.660228445835692e-05,8.099999999999998,5.5905364694654205,1.0,0.0002704861125582545,4
x_aq_vpu_top/x_aq_vfmau_top/x_aq_vfmau_dp/x_aq_vfmau_mult/x_aq_vfmau_frac_mult/multiplier_53x27/ex1_p0_1_0[81:0],2,6.660228445835692e-05,8.099999999999998,5.5905364694654205,1.0,0.00027048611255830557,2
x_aq_vpu_top/x_aq_vfmau_top/x_aq_vfmau_dp/x_aq_vfmau_mult/x_aq_vfmau_frac_mult/multiplier_53x27/ex1_p0_1_1[81:0],2,6.660228445835692e-05,8.099999999999998,5.5905364694654205,1.0,,2
x_aq_vpu_top/x_aq_vfmau_top/x_aq_vfmau_dp/x_aq_vfmau_mult/x_aq_vfmau_frac_mult/multiplier_53x27/ex1_p0_1_2[81:0],2,6.660228445835692e-05,8.099999999999998,5.5905364694654205,1.0,,2
x_aq_vpu_top/x_aq_vfmau_top/x_aq_vfmau_dp/x_aq_vfmau_mult/x_aq_vfmau_frac_mult/multiplier_53x27/ex1_p0_1_3[81:0],2,6.660228445835692e-05,8.099999999999998,5.5905364694654205,1.0,,2
x_aq_vpu_top/x_aq_vfmau_top/x_aq_vfmau_dp/x_aq_vfmau_mult/x_aq_vfmau_frac_mult/multiplier_53x27/ex1_p0_1_cout[81:0],0,0.0,0.0,0.0,0.0,,0
x_aq_vpu_top/x_aq_vfmau_top/x_aq_vfmau_dp/x_aq_vfmau_mult/x_aq_vfmau_frac_mult/multiplier_53x27/ex1_p0_1_xor[81:0],2,6.660228445835692e-05,8.099999999999998,5.5905364694654205,1.0,,7
x_aq_vpu_top/x_aq_vfmau_top/x_aq_vfmau_dp/x_aq_vfmau_mult/x_aq_vfmau_frac_mult/multiplier_53x27/ex1_p0_2_0[81:0],2,6.660228445835692e-05,8.099999999999998,5.5905364694654205,1.0,,2
x_aq_vpu_top/x_aq_vfmau_top/x_aq_vfmau_dp/x_aq_vfmau_mult/x_aq_vfmau_frac_mult/multiplier_53x27/ex1_p0_2_1[81:0],2,6.660228445835692e-05,8.099999999999998,5.5905364694654205,1.0,,2
x_aq_vpu_top/x_aq_vfmau_top/x_aq_vfmau_dp/x_aq_vfmau_mult/x_aq_vfmau_frac_mult/multiplier_53x27/ex1_p0_2_2[81:0],2,6.660228445835692e-05,8.099999999999998,5.5905364694654205,1.0,,2
x_aq_vpu_top/x_aq_vfmau_top/x_aq_vfmau_dp/x_aq_vfmau_mult/x_aq_vfmau_frac_mult/multiplier_53x27/ex1_p0_2_3[81:0],2,6.660228445835692e-05,8.099999999999998,5.5905364694654205,1.0,,2
x_aq_vpu_top/x_aq_vfmau_top/x_aq_vfmau_dp/x_aq_vfmau_mult/x_aq_vfmau_frac_mult/multiplier_53x27/ex1_p0_2_cout[81:0],0,0.0,0.0,0.0,0.0,,0
x_aq_vpu_top/x_aq_vfmau_top/x_aq_vfmau_dp/x_aq_vfmau_mult/x_aq_vfmau_frac_mult/multiplier_53x27/ex1_p0_2_xor[81:0],2,6.660228445835692e-05,8.099999999999998,5.5905364694654205,1.0,,7
x_aq_vpu_top/x_aq_vfmau_top/x_aq_vfmau_dp/x_aq_vfmau_mult/x_aq_vfmau_frac_mult/multiplier_53x27/ex1_p0_3_0[81:0],2,6.660228445835692e-05,8.099999999999998,5.5905364694654205,1.0,,2
x_aq_vpu_top/x_aq_vfmau_top/x_aq_vfmau_dp/x_aq_vfmau_mult/x_aq_vfmau_frac_mult/multiplier_53x27/ex1_p0_3_1[81:0],2,6.660228445835692e-05,8.099999999999998,5.5905364694654205,1.0,,2
x_aq_vpu_top/x_aq_vfmau_top/x_aq_vfmau_dp/x_aq_vfmau_mult/x_aq_vfmau_frac_mult/multiplier_53x27/ex1_p0_3_2[81:0],0,0.0,0.0,0.0,0.0,,0
x_aq_vpu_top/x_aq_vfmau_top/x_aq_vfmau_dp/x_aq_vfmau_mult/x_aq_vfmau_frac_mult/multiplier_53x27/ex1_p1_0_0[81:0],2,6.660228445835692e-05,8.099999999999998,5.5905364694654205,1.0,0.00027048611255821927,3
x_aq_vpu_top/x_aq_vfmau_top/x_aq_vfmau_dp/x_aq_vfmau_mult/x_aq_vfmau_frac_mult/multiplier_53x27/ex1_p1_0_1[81:0],2,6.660228445835692e-05,8.099999999999998,5.5905364694654205,1.0,0.0002704861125581901,2
x_aq_vpu_top/x_aq_vfmau_top/x_aq_vfmau_dp/x_aq_vfmau_mult/x_aq_vfmau_frac_mult/multiplier_53x27/ex1_p1_0_2[81:0],2,6.660228445835692e-05,8.099999999999998,5.5905364694654205,1.0,,7
x_aq_vpu_top/x_aq_vfmau_top/x_aq_vfmau_dp/x_aq_vfmau_mult/x_aq_vfmau_frac_mult/multiplier_53x27/ex1_p1_0_3[81:0],0,0.0,0.0,0.0,0.0,,0
x_aq_vpu_top/x_aq_vfmau_top/x_aq_vfmau_dp/x_aq_vfmau_mult/x_aq_vfmau_frac_mult/multiplier_53x27/ex1_p1_0_cout[81:0],2,6.660228445835692e-05,8.099999999999998,5.5905364694654205,1.0,0.0002704861125581901,2
x_aq_vpu_top/x_aq_vfmau_top/x_aq_vfmau_dp/x_aq_vfmau_mult/x_aq_vfmau_frac_mult/multiplier_53x27/ex1_p1_0_xor[81:0],2,6.660228445835692e-05,8.099999999999998,5.5905364694654205,1.0,,11
x_aq_vpu_top/x_aq_vfmau_top/x_aq_vfmau_dp/x_aq_vfmau_mult/x_aq_vfmau_frac_mult/multiplier_53x27/ex1_p1_1_0[81:0],2,6.660228445835692e-05,8.099999999999998,5.5905364694654205,1.0,,7
x_aq_vpu_top/x_aq_vfmau_top/x_aq_vfmau_dp/x_aq_vfmau_mult/x_aq_vfmau_frac_mult/multiplier_53x27/ex1_p1_1_1[81:0],0,0.0,0.0,0.0,0.0,,0
x_aq_vpu_top/x_aq_vfmau_top/x_aq_vfmau_dp/x_aq_vfmau_mult/x_aq_vfmau_frac_mult/multiplier_53x27/ex1_p1_1_2[81:0],2,6.660228445835692e-05,8.099999999999998,5.5905364694654205,1.0,,3
x_aq_vpu_top/x_aq_vfmau_top/x_aq_vfmau_dp/x_aq_vfmau_mult/x_aq_vfmau_frac_mult/multiplier_53x27/ex1_p1_1_3[81:0],0,0.0,0.0,0.0,0.0,,0
x_aq_vpu_top/x_aq_vfmau_top/x_aq_vfmau_dp/x_aq_vfmau_mult/x_aq_vfmau_frac_mult/multiplier_53x27/ex1_p1_1_cout[81:0],0,0.0,0.0,0.0,0.0,,0
x_aq_vpu_top/x_aq_vfmau_top/x_aq_vfmau_dp/x_aq_vfmau_mult/x_aq_vfmau_frac_mult/multiplier_53x27/ex1_p1_1_xor[81:0],2,6.660228445835692e-05,8.099999999999998,5.5905364694654205,1.0,,11
x_aq_vpu_top/x_aq_vfmau_top/x_aq_vfmau_dp/x_aq_vfmau_mult/x_aq_vfmau_frac_mult/multiplier_53x27/ex1_p2_0_0[82:0],2,6.660228445835692e-05,8.099999999999998,5.5905364694654205,1.0,,10
x_aq_vpu_top/x_aq_vfmau_top/x_aq_vfmau_dp/x_aq_vfmau_mult/x_aq_vfmau_frac_mult/multiplier_53x27/ex1_p2_0_1[82:0],2,6.660228445835692e-05,8.099999999999998,5.5905364694654205,1.0,0.0002704861125581901,2
x_aq_vpu_top/x_aq_vfmau_top/x_aq_vfmau_dp/x_aq_vfmau_mult/x_aq_vfmau_frac_mult/multiplier_53x27/ex1_p2_0_2[82:0],2,6.660228445835692e-05,8.099999999999998,5.5905364694654205,1.0,,11
x_aq_vpu_top/x_aq_vfmau_top/x_aq_vfmau_dp/x_aq_vfmau_mult/x_aq_vfmau_frac_mult/multiplier_53x27/ex1_p2_0_3[82:0],0,0.0,0.0,0.0,0.0,,0
x_aq_vpu_top/x_aq_vfmau_top/x_aq_vfmau_dp/x_aq_vfmau_mult/x_aq_vfmau_frac_mult/multiplier_53x27/ex1_p2_0_cout[82:0],2,6.660228445835692e-05,8.099999999999998,5.5905364694654205,1.0,0.0002704861125581901,2
x_aq_vpu_top/x_aq_vfmau_top/x_aq_vfmau_dp/x_aq_vfmau_mult/x_aq_vfmau_frac_mult/multiplier_53x27/ex1_p2_0_xor[82:0],2,6.660228445835692e-05,8.099999999999998,5.5905364694654205,1.0,,21
x_aq_vpu_top/x_aq_vfmau_top/x_aq_vfmau_dp/x_aq_vfmau_mult/x_aq_vfmau_frac_mult/multiplier_53x27/ex1_s0_0[81:0],2,6.660228445835692e-05,8.099999999999998,5.5905364694654205,1.0,0.00027048611255821927,3
x_aq_vpu_top/x_aq_vfmau_top/x_aq_vfmau_dp/x_aq_vfmau_mult/x_aq_vfmau_frac_mult/multiplier_53x27/ex1_s0_1[81:0],2,6.660228445835692e-05,8.099999999999998,5.5905364694654205,1.0,,7
x_aq_vpu_top/x_aq_vfmau_top/x_aq_vfmau_dp/x_aq_vfmau_mult/x_aq_vfmau_frac_mult/multiplier_53x27/ex1_s0_2[81:0],2,6.660228445835692e-05,8.099999999999998,5.5905364694654205,1.0,,7
x_aq_vpu_top/x_aq_vfmau_top/x_aq_vfmau_dp/x_aq_vfmau_mult/x_aq_vfmau_frac_mult/multiplier_53x27/ex1_s0_3[81:0],2,6.660228445835692e-05,8.099999999999998,5.5905364694654205,1.0,,3
x_aq_vpu_top/x_aq_vfmau_top/x_aq_vfmau_dp/x_aq_vfmau_mult/x_aq_vfmau_frac_mult/multiplier_53x27/ex1_s1_0[81:0],2,6.660228445835692e-05,8.099999999999998,5.5905364694654205,1.0,,10
x_aq_vpu_top/x_aq_vfmau_top/x_aq_vfmau_dp/x_aq_vfmau_mult/x_aq_vfmau_frac_mult/multiplier_53x27/ex1_s1_1[81:0],2,6.660228445835692e-05,8.099999999999998,5.5905364694654205,1.0,,11
x_aq_vpu_top/x_aq_vfmau_top/x_aq_vfmau_dp/x_aq_vfmau_mult/x_aq_vfmau_frac_mult/multiplier_53x27/ex1_s2_0[82:0],2,6.660228445835692e-05,8.099999999999998,5.5905364694654205,1.0,,20
x_aq_vpu_top/x_aq_vfmau_top/x_aq_vfmau_dp/x_aq_vfmau_mult/x_aq_vfmau_frac_mult/multiplier_53x27/h0[1:0],0,0.0,0.0,0.0,0.0,,0
x_aq_vpu_top/x_aq_vfmau_top/x_aq_vfmau_dp/x_aq_vfmau_mult/x_aq_vfmau_frac_mult/multiplier_53x27/h1[1:0],0,0.0,0.0,0.0,0.0,,0
x_aq_vpu_top/x_aq_vfmau_top/x_aq_vfmau_dp/x_aq_vfmau_mult/x_aq_vfmau_frac_mult/multiplier_53x27/h10[1:0],0,0.0,0.0,0.0,0.0,,0
x_aq_vpu_top/x_aq_vfmau_top/x_aq_vfmau_dp/x_aq_vfmau_mult/x_aq_vfmau_frac_mult/multiplier_53x27/h11[1:0],0,0.0,0.0,0.0,0.0,,0
x_aq_vpu_top/x_aq_vfmau_top/x_aq_vfmau_dp/x_aq_vfmau_mult/x_aq_vfmau_frac_mult/multiplier_53x27/h12[1:0],0,0.0,0.0,0.0,0.0,,0
x_aq_vpu_top/x_aq_vfmau_top/x_aq_vfmau_dp/x_aq_vfmau_mult/x_aq_vfmau_frac_mult/multiplier_53x27/h13[1:0],0,0.0,0.0,0.0,0.0,,0
x_aq_vpu_top/x_aq_vfmau_top/x_aq_vfmau_dp/x_aq_vfmau_mult/x_aq_vfmau_frac_mult/multiplier_53x27/h2[1:0],0,0.0,0.0,0.0,0.0,,0
x_aq_vpu_top/x_aq_vfmau_top/x_aq_vfmau_dp/x_aq_vfmau_mult/x_aq_vfmau_frac_mult/multiplier_53x27/h3[1:0],0,0.0,0.0,0.0,0.0,,0
x_aq_vpu_top/x_aq_vfmau_top/x_aq_vfmau_dp/x_aq_vfmau_mult/x_aq_vfmau_frac_mult/multiplier_53x27/h4[1:0],0,0.0,0.0,0.0,0.0,,0
x_aq_vpu_top/x_aq_vfmau_top/x_aq_vfmau_dp/x_aq_vfmau_mult/x_aq_vfmau_frac_mult/multiplier_53x27/h5[1:0],0,0.0,0.0,0.0,0.0,,0
x_aq_vpu_top/x_aq_vfmau_top/x_aq_vfmau_dp/x_aq_vfmau_mult/x_aq_vfmau_frac_mult/multiplier_53x27/h6[1:0],0,0.0,0.0,0.0,0.0,,0
x_aq_vpu_top/x_aq_vfmau_top/x_aq_vfmau_dp/x_aq_vfmau_mult/x_aq_vfmau_frac_mult/multiplier_53x27/h7[1:0],0,0.0,0.0,0.0,0.0,,0
x_aq_vpu_top/x_aq_vfmau_top/x_aq_vfmau_dp/x_aq_vfmau_mult/x_aq_vfmau_frac_mult/multiplier_53x27/h8[1:0],0,0.0,0.0,0.0,0.0,,0
x_aq_vpu_top/x_aq_vfmau_top/x_aq_vfmau_dp/x_aq_vfmau_mult/x_aq_vfmau_frac_mult/multiplier_53x27/h9[1:0],0,0.0,0.0,0.0,0.0,,0
x_aq_vpu_top/x_aq_vfmau_top/x_aq_vfmau_dp/x_aq_vfmau_mult/x_aq_vfmau_frac_mult/multiplier_53x27/mult_src[27:0],0,0.0,0.0,0.0,0.0,,0
x_aq_vpu_top/x_aq_vfmau_top/x_aq_vfmau_dp/x_aq_vfmau_mult/x_aq_vfmau_frac_mult/multiplier_53x27/multiplicand[53:0],47,0.0015651536847713877,3.0508085106382987,2.1056365728492463,0.7872340425531915,-0.014526984369631584,17
x_aq_vpu_top/x_aq_vfmau_top/x_aq_vfmau_dp/x_aq_vfmau_mult/x_aq_vfmau_frac_mult/multiplier_53x27/part_product0[53:0],0,0.0,0.0,0.0,0.0,,0
x_aq_vpu_top/x_aq_vfmau_top/x_aq_vfmau_dp/x_aq_vfmau_mult/x_aq_vfmau_frac_mult/multiplier_53x27/part_product1[53:0],0,0.0,0.0,0.0,0.0,,0
x_aq_vpu_top/x_aq_vfmau_top/x_aq_vfmau_dp/x_aq_vfmau_mult/x_aq_vfmau_frac_mult/multiplier_53x27/part_product10[53:0],0,0.0,0.0,0.0,0.0,,0
x_aq_vpu_top/x_aq_vfmau_top/x_aq_vfmau_dp/x_aq_vfmau_mult/x_aq_vfmau_frac_mult/multiplier_53x27/part_product11[53:0],0,0.0,0.0,0.0,0.0,,0
x_aq_vpu_top/x_aq_vfmau_top/x_aq_vfmau_dp/x_aq_vfmau_mult/x_aq_vfmau_frac_mult/multiplier_53x27/part_product12[53:0],0,0.0,0.0,0.0,0.0,,0
x_aq_vpu_top/x_aq_vfmau_top/x_aq_vfmau_dp/x_aq_vfmau_mult/x_aq_vfmau_frac_mult/multiplier_53x27/part_product13[53:0],0,0.0,0.0,0.0,0.0,,0
x_aq_vpu_top/x_aq_vfmau_top/x_aq_vfmau_dp/x_aq_vfmau_mult/x_aq_vfmau_frac_mult/multiplier_53x27/part_product2[53:0],0,0.0,0.0,0.0,0.0,,0
x_aq_vpu_top/x_aq_vfmau_top/x_aq_vfmau_dp/x_aq_vfmau_mult/x_aq_vfmau_frac_mult/multiplier_53x27/part_product3[53:0],0,0.0,0.0,0.0,0.0,,0
x_aq_vpu_top/x_aq_vfmau_top/x_aq_vfmau_dp/x_aq_vfmau_mult/x_aq_vfmau_frac_mult/multiplier_53x27/part_product4[53:0],0,0.0,0.0,0.0,0.0,,0
x_aq_vpu_top/x_aq_vfmau_top/x_aq_vfmau_dp/x_aq_vfmau_mult/x_aq_vfmau_frac_mult/multiplier_53x27/part_product5[53:0],0,0.0,0.0,0.0,0.0,,0
x_aq_vpu_top/x_aq_vfmau_top/x_aq_vfmau_dp/x_aq_vfmau_mult/x_aq_vfmau_frac_mult/multiplier_53x27/part_product6[53:0],0,0.0,0.0,0.0,0.0,,0
x_aq_vpu_top/x_aq_vfmau_top/x_aq_vfmau_dp/x_aq_vfmau_mult/x_aq_vfmau_frac_mult/multiplier_53x27/part_product7[53:0],0,0.0,0.0,0.0,0.0,,0
x_aq_vpu_top/x_aq_vfmau_top/x_aq_vfmau_dp/x_aq_vfmau_mult/x_aq_vfmau_frac_mult/multiplier_53x27/part_product8[53:0],0,0.0,0.0,0.0,0.0,,0
x_aq_vpu_top/x_aq_vfmau_top/x_aq_vfmau_dp/x_aq_vfmau_mult/x_aq_vfmau_frac_mult/multiplier_53x27/part_product9[53:0],0,0.0,0.0,0.0,0.0,,0
x_aq_vpu_top/x_aq_vfmau_top/x_aq_vfmau_dp/x_aq_vfmau_mult/x_aq_vfmau_frac_mult/multiplier_53x27/sign_not[13:0],2,6.660228445835692e-05,8.099999999999998,5.5905364694654205,1.0,0.0002705274211141802,13
x_aq_vpu_top/x_aq_vfmau_top/x_aq_vfmau_dp/x_aq_vfmau_mult/x_aq_vfmau_frac_mult/multiplier_53x27/x_aq_booth_code_54_bit0/A[53:0],47,0.0015651536847713877,3.0508085106382987,2.1056365728492463,0.7872340425531915,-0.014526984369631584,17
x_aq_vpu_top/x_aq_vfmau_top/x_aq_vfmau_dp/x_aq_vfmau_mult/x_aq_vfmau_frac_mult/multiplier_53x27/x_aq_booth_code_54_bit0/code[2:0],0,0.0,0.0,0.0,0.0,,0
x_aq_vpu_top/x_aq_vfmau_top/x_aq_vfmau_dp/x_aq_vfmau_mult/x_aq_vfmau_frac_mult/multiplier_53x27/x_aq_booth_code_54_bit1/A[53:0],47,0.0015651536847713877,3.0508085106382987,2.1056365728492463,0.7872340425531915,-0.014526984369631584,17
x_aq_vpu_top/x_aq_vfmau_top/x_aq_vfmau_dp/x_aq_vfmau_mult/x_aq_vfmau_frac_mult/multiplier_53x27/x_aq_booth_code_54_bit1/code[2:0],0,0.0,0.0,0.0,0.0,,0
x_aq_vpu_top/x_aq_vfmau_top/x_aq_vfmau_dp/x_aq_vfmau_mult/x_aq_vfmau_frac_mult/multiplier_53x27/x_aq_booth_code_54_bit2/A[53:0],47,0.0015651536847713877,3.0508085106382987,2.1056365728492463,0.7872340425531915,-0.014526984369631584,17
x_aq_vpu_top/x_aq_vfmau_top/x_aq_vfmau_dp/x_aq_vfmau_mult/x_aq_vfmau_frac_mult/multiplier_53x27/x_aq_booth_code_54_bit2/code[2:0],0,0.0,0.0,0.0,0.0,,0
x_aq_vpu_top/x_aq_vfmau_top/x_aq_vfmau_dp/x_aq_vfmau_mult/x_aq_vfmau_frac_mult/multiplier_53x27/x_aq_booth_code_54_bit3/A[53:0],47,0.0015651536847713877,3.0508085106382987,2.1056365728492463,0.7872340425531915,-0.014526984369631584,17
x_aq_vpu_top/x_aq_vfmau_top/x_aq_vfmau_dp/x_aq_vfmau_mult/x_aq_vfmau_frac_mult/multiplier_53x27/x_aq_booth_code_54_bit3/code[2:0],0,0.0,0.0,0.0,0.0,,0
x_aq_vpu_top/x_aq_vfmau_top/x_aq_vfmau_dp/x_aq_vfmau_mult/x_aq_vfmau_frac_mult/multiplier_53x27/x_aq_booth_code_54_bit4/A[53:0],47,0.0015651536847713877,3.0508085106382987,2.1056365728492463,0.7872340425531915,-0.014526984369631584,17
x_aq_vpu_top/x_aq_vfmau_top/x_aq_vfmau_dp/x_aq_vfmau_mult/x_aq_vfmau_frac_mult/multiplier_53x27/x_aq_booth_code_54_bit4/code[2:0],0,0.0,0.0,0.0,0.0,,0
x_aq_vpu_top/x_aq_vfmau_top/x_aq_vfmau_dp/x_aq_vfmau_mult/x_aq_vfmau_frac_mult/multiplier_53x27/x_aq_booth_code_54_bit5/A[53:0],47,0.0015651536847713877,3.0508085106382987,2.1056365728492463,0.7872340425531915,-0.014526984369631584,17
x_aq_vpu_top/x_aq_vfmau_top/x_aq_vfmau_dp/x_aq_vfmau_mult/x_aq_vfmau_frac_mult/multiplier_53x27/x_aq_booth_code_54_bit5/code[2:0],0,0.0,0.0,0.0,0.0,,0
x_aq_vpu_top/x_aq_vfmau_top/x_aq_vfmau_dp/x_aq_vfmau_mult/x_aq_vfmau_frac_mult/multiplier_53x27/x_aq_booth_code_54_bit6/A[53:0],47,0.0015651536847713877,3.0508085106382987,2.1056365728492463,0.7872340425531915,-0.014526984369631584,17
x_aq_vpu_top/x_aq_vfmau_top/x_aq_vfmau_dp/x_aq_vfmau_mult/x_aq_vfmau_frac_mult/multiplier_53x27/x_aq_booth_code_54_bit6/code[2:0],0,0.0,0.0,0.0,0.0,,0
x_aq_vpu_top/x_aq_vfmau_top/x_aq_vfmau_dp/x_aq_vfmau_mult/x_aq_vfmau_frac_mult/multiplier_53x27/x_aq_booth_code_54_bit7/A[53:0],47,0.0015651536847713877,3.0508085106382987,2.1056365728492463,0.7872340425531915,-0.014526984369631584,17
x_aq_vpu_top/x_aq_vfmau_top/x_aq_vfmau_dp/x_aq_vfmau_mult/x_aq_vfmau_frac_mult/multiplier_53x27/x_aq_booth_code_54_bit7/code[2:0],0,0.0,0.0,0.0,0.0,,0
x_aq_vpu_top/x_aq_vfmau_top/x_aq_vfmau_dp/x_aq_vfmau_mult/x_aq_vfmau_frac_mult/multiplier_53x27/x_aq_booth_code_54_bit8/A[53:0],47,0.0015651536847713877,3.0508085106382987,2.1056365728492463,0.7872340425531915,-0.014526984369631584,17
x_aq_vpu_top/x_aq_vfmau_top/x_aq_vfmau_dp/x_aq_vfmau_mult/x_aq_vfmau_frac_mult/multiplier_53x27/x_aq_booth_code_54_bit8/code[2:0],0,0.0,0.0,0.0,0.0,,0
x_aq_vpu_top/x_aq_vfmau_top/x_aq_vfmau_dp/x_aq_vfmau_mult/x_aq_vfmau_frac_mult/multiplier_53x27/x_aq_booth_code_54_bit9/A[53:0],47,0.0015651536847713877,3.0508085106382987,2.1056365728492463,0.7872340425531915,-0.014526984369631584,17
x_aq_vpu_top/x_aq_vfmau_top/x_aq_vfmau_dp/x_aq_vfmau_mult/x_aq_vfmau_frac_mult/multiplier_53x27/x_aq_booth_code_54_bit9/code[2:0],0,0.0,0.0,0.0,0.0,,0
x_aq_vpu_top/x_aq_vfmau_top/x_aq_vfmau_dp/x_aq_vfmau_mult/x_aq_vfmau_frac_mult/multiplier_53x27/x_aq_booth_code_54_bit10/A[53:0],47,0.0015651536847713877,3.0508085106382987,2.1056365728492463,0.7872340425531915,-0.014526984369631584,17
x_aq_vpu_top/x_aq_vfmau_top/x_aq_vfmau_dp/x_aq_vfmau_mult/x_aq_vfmau_frac_mult/multiplier_53x27/x_aq_booth_code_54_bit10/code[2:0],0,0.0,0.0,0.0,0.0,,0
x_aq_vpu_top/x_aq_vfmau_top/x_aq_vfmau_dp/x_aq_vfmau_mult/x_aq_vfmau_frac_mult/multiplier_53x27/x_aq_booth_code_54_bit11/A[53:0],47,0.0015651536847713877,3.0508085106382987,2.1056365728492463,0.7872340425531915,-0.014526984369631584,17
x_aq_vpu_top/x_aq_vfmau_top/x_aq_vfmau_dp/x_aq_vfmau_mult/x_aq_vfmau_frac_mult/multiplier_53x27/x_aq_booth_code_54_bit11/code[2:0],0,0.0,0.0,0.0,0.0,,0
x_aq_vpu_top/x_aq_vfmau_top/x_aq_vfmau_dp/x_aq_vfmau_mult/x_aq_vfmau_frac_mult/multiplier_53x27/x_aq_booth_code_54_bit12/A[53:0],47,0.0015651536847713877,3.0508085106382987,2.1056365728492463,0.7872340425531915,-0.014526984369631584,17
x_aq_vpu_top/x_aq_vfmau_top/x_aq_vfmau_dp/x_aq_vfmau_mult/x_aq_vfmau_frac_mult/multiplier_53x27/x_aq_booth_code_54_bit12/code[2:0],0,0.0,0.0,0.0,0.0,,0
x_aq_vpu_top/x_aq_vfmau_top/x_aq_vfmau_dp/x_aq_vfmau_mult/x_aq_vfmau_frac_mult/multiplier_53x27/x_aq_booth_code_54_bit13/A[53:0],47,0.0015651536847713877,3.0508085106382987,2.1056365728492463,0.7872340425531915,-0.014526984369631584,17
x_aq_vpu_top/x_aq_vfmau_top/x_aq_vfmau_dp/x_aq_vfmau_mult/x_aq_vfmau_frac_mult/multiplier_53x27/x_aq_booth_code_54_bit13/code[2:0],0,0.0,0.0,0.0,0.0,,0
x_aq_vpu_top/x_aq_vfmau_top/x_aq_vfmau_dp/x_aq_vfmau_mult/x_aq_vfmau_frac_mult/multiplier_53x26/a[52:0],47,0.0015651536847713877,3.0508085106382987,2.1056365728492463,0.7872340425531915,-0.014526984369631584,17
x_aq_vpu_top/x_aq_vfmau_top/x_aq_vfmau_dp/x_aq_vfmau_mult/x_aq_vfmau_frac_mult/multiplier_53x26/b[26:0],39,0.0012987445469379599,3.301025641025641,2.278333855900533,0.7692307692307693,-0.011255868262043174,16
x_aq_vpu_top/x_aq_vfmau_top/x_aq_vfmau_dp/x_aq_vfmau_mult/x_aq_vfmau_frac_mult/multiplier_53x26/out0[83:0],41,0.001365346831396317,3.5351219512195113,2.4399047150988196,0.7804878048780488,,52
x_aq_vpu_top/x_aq_vfmau_top/x_aq_vfmau_dp/x_aq_vfmau_mult/x_aq_vfmau_frac_mult/multiplier_53x26/out1[83:0],41,0.001365346831396317,3.5351219512195113,2.4399047150988196,0.7804878048780488,,17
x_aq_vpu_top/x_aq_vfmau_top/x_aq_vfmau_dp/x_aq_vfmau_mult/x_aq_vfmau_frac_mult/multiplier_53x26/data_for_code[29:0],39,0.0012987445469379599,3.301025641025641,2.278333855900533,0.7692307692307693,-0.011255868262043174,16
x_aq_vpu_top/x_aq_vfmau_top/x_aq_vfmau_dp/x_aq_vfmau_mult/x_aq_vfmau_frac_mult/multiplier_53x26/ex1_c0_0[81:0],41,0.001365346831396317,3.5351219512195113,2.4399047150988196,0.7804878048780488,0.023810588376836667,38
x_aq_vpu_top/x_aq_vfmau_top/x_aq_vfmau_dp/x_aq_vfmau_mult/x_aq_vfmau_frac_mult/multiplier_53x26/ex1_c0_1[81:0],16,0.0005328182756668553,3.8148124999999995,2.6329442475830316,0.6875,,41
x_aq_vpu_top/x_aq_vfmau_top/x_aq_vfmau_dp/x_aq_vfmau_mult/x_aq_vfmau_frac_mult/multiplier_53x26/ex1_c0_2[81:0],16,0.0005328182756668553,3.8148124999999995,2.6329442475830316,0.6875,,13
x_aq_vpu_top/x_aq_vfmau_top/x_aq_vfmau_dp/x_aq_vfmau_mult/x_aq_vfmau_frac_mult/multiplier_53x26/ex1_c0_3[81:0],16,0.0005328182756668553,3.8148124999999995,2.6329442475830316,0.6875,,6
x_aq_vpu_top/x_aq_vfmau_top/x_aq_vfmau_dp/x_aq_vfmau_mult/x_aq_vfmau_frac_mult/multiplier_53x26/ex1_c1_0[81:0],41,0.001365346831396317,3.5351219512195113,2.4399047150988196,0.7804878048780488,,36
x_aq_vpu_top/x_aq_vfmau_top/x_aq_vfmau_dp/x_aq_vfmau_mult/x_aq_vfmau_frac_mult/multiplier_53x26/ex1_c1_1[81:0],16,0.0005328182756668553,3.8148124999999995,2.6329442475830316,0.6875,,13
x_aq_vpu_top/x_aq_vfmau_top/x_aq_vfmau_dp/x_aq_vfmau_mult/x_aq_vfmau_frac_mult/multiplier_53x26/ex1_c2_0[82:0],41,0.001365346831396317,3.5351219512195113,2.4399047150988196,0.7804878048780488,,17
x_aq_vpu_top/x_aq_vfmau_top/x_aq_vfmau_dp/x_aq_vfmau_mult/x_aq_vfmau_frac_mult/multiplier_53x26/ex1_p0_0_0[81:0],2,6.660228445835692e-05,8.099999999999998,5.5905364694654205,1.0,0.0002704861125581901,2
x_aq_vpu_top/x_aq_vfmau_top/x_aq_vfmau_dp/x_aq_vfmau_mult/x_aq_vfmau_frac_mult/multiplier_53x26/ex1_p0_0_1[81:0],40,0.0013320456891671385,3.597749999999999,2.4831299485208906,0.8,0.01456433371314244,46
x_aq_vpu_top/x_aq_vfmau_top/x_aq_vfmau_dp/x_aq_vfmau_mult/x_aq_vfmau_frac_mult/multiplier_53x26/ex1_p0_0_2[81:0],41,0.001365346831396317,3.5351219512195113,2.4399047150988196,0.7804878048780488,0.019748399888326267,18
x_aq_vpu_top/x_aq_vfmau_top/x_aq_vfmau_dp/x_aq_vfmau_mult/x_aq_vfmau_frac_mult/multiplier_53x26/ex1_p0_0_3[81:0],41,0.001365346831396317,3.5351219512195113,2.4399047150988196,0.7804878048780488,0.017604899943018833,46
x_aq_vpu_top/x_aq_vfmau_top/x_aq_vfmau_dp/x_aq_vfmau_mult/x_aq_vfmau_frac_mult/multiplier_53x26/ex1_p0_0_cout[81:0],40,0.0013320456891671385,3.597749999999999,2.4831299485208906,0.8,0.021290032460410866,8
x_aq_vpu_top/x_aq_vfmau_top/x_aq_vfmau_dp/x_aq_vfmau_mult/x_aq_vfmau_frac_mult/multiplier_53x26/ex1_p0_0_xor[81:0],41,0.001365346831396317,3.5351219512195113,2.4399047150988196,0.7804878048780488,0.01632605039825216,46
x_aq_vpu_top/x_aq_vfmau_top/x_aq_vfmau_dp/x_aq_vfmau_mult/x_aq_vfmau_frac_mult/multiplier_53x26/ex1_p0_1_0[81:0],40,0.0013320456891671385,3.575125,2.4675144068392054,0.8,0.018638315282665758,48
x_aq_vpu_top/x_aq_vfmau_top/x_aq_vfmau_dp/x_aq_vfmau_mult/x_aq_vfmau_frac_mult/multiplier_53x26/ex1_p0_1_1[81:0],40,0.0013320456891671385,3.597749999999999,2.4831299485208906,0.8,,41
x_aq_vpu_top/x_aq_vfmau_top/x_aq_vfmau_dp/x_aq_vfmau_mult/x_aq_vfmau_frac_mult/multiplier_53x26/ex1_p0_1_2[81:0],41,0.001365346831396317,3.5351219512195113,2.4399047150988196,0.7804878048780488,,47
x_aq_vpu_top/x_aq_vfmau_top/x_aq_vfmau_dp/x_aq_vfmau_mult/x_aq_vfmau_frac_mult/multiplier_53x26/ex1_p0_1_3[81:0],41,0.001365346831396317,3.5351219512195113,2.4399047150988196,0.7804878048780488,,39
x_aq_vpu_top/x_aq_vfmau_top/x_aq_vfmau_dp/x_aq_vfmau_mult/x_aq_vfmau_frac_mult/multiplier_53x26/ex1_p0_1_cout[81:0],16,0.0005328182756668553,3.8148124999999995,2.6329442475830316,0.6875,,44
x_aq_vpu_top/x_aq_vfmau_top/x_aq_vfmau_dp/x_aq_vfmau_mult/x_aq_vfmau_frac_mult/multiplier_53x26/ex1_p0_1_xor[81:0],41,0.001365346831396317,3.5351219512195113,2.4399047150988196,0.7804878048780488,,47
x_aq_vpu_top/x_aq_vfmau_top/x_aq_vfmau_dp/x_aq_vfmau_mult/x_aq_vfmau_frac_mult/multiplier_53x26/ex1_p0_2_0[81:0],40,0.0013320456891671385,3.55225,2.4517263177356226,0.8,,42
x_aq_vpu_top/x_aq_vfmau_top/x_aq_vfmau_dp/x_aq_vfmau_mult/x_aq_vfmau_frac_mult/multiplier_53x26/ex1_p0_2_1[81:0],40,0.0013320456891671385,3.597749999999999,2.4831299485208906,0.8,,43
x_aq_vpu_top/x_aq_vfmau_top/x_aq_vfmau_dp/x_aq_vfmau_mult/x_aq_vfmau_frac_mult/multiplier_53x26/ex1_p0_2_2[81:0],40,0.0013320456891671385,3.597749999999999,2.4831299485208906,0.8,,16
x_aq_vpu_top/x_aq_vfmau_top/x_aq_vfmau_dp/x_aq_vfmau_mult/x_aq_vfmau_frac_mult/multiplier_53x26/ex1_p0_2_3[81:0],34,0.0011322388357920678,3.6104411764705877,2.491889267644255,0.8235294117647058,,46
x_aq_vpu_top/x_aq_vfmau_top/x_aq_vfmau_dp/x_aq_vfmau_mult/x_aq_vfmau_frac_mult/multiplier_53x26/ex1_p0_2_cout[81:0],14,0.00046621599120849844,3.7423571428571427,2.5829363072725027,0.7142857142857143,,41
x_aq_vpu_top/x_aq_vfmau_top/x_aq_vfmau_dp/x_aq_vfmau_mult/x_aq_vfmau_frac_mult/multiplier_53x26/ex1_p0_2_xor[81:0],41,0.001365346831396317,3.5351219512195113,2.4399047150988196,0.7804878048780488,,45
x_aq_vpu_top/x_aq_vfmau_top/x_aq_vfmau_dp/x_aq_vfmau_mult/x_aq_vfmau_frac_mult/multiplier_53x26/ex1_p0_3_0[81:0],35,0.0011655399780212462,3.5625714285714283,2.458850061296802,0.8,,41
x_aq_vpu_top/x_aq_vfmau_top/x_aq_vfmau_dp/x_aq_vfmau_mult/x_aq_vfmau_frac_mult/multiplier_53x26/ex1_p0_3_1[81:0],51,0.0016983582536881014,3.355156862745098,2.3156946669078593,0.803921568627451,,17
x_aq_vpu_top/x_aq_vfmau_top/x_aq_vfmau_dp/x_aq_vfmau_mult/x_aq_vfmau_frac_mult/multiplier_53x26/ex1_p0_3_2[81:0],0,0.0,0.0,0.0,0.0,,0
x_aq_vpu_top/x_aq_vfmau_top/x_aq_vfmau_dp/x_aq_vfmau_mult/x_aq_vfmau_frac_mult/multiplier_53x26/ex1_p1_0_0[81:0],41,0.001365346831396317,3.5351219512195113,2.4399047150988196,0.7804878048780488,0.016764200152374762,42
x_aq_vpu_top/x_aq_vfmau_top/x_aq_vfmau_dp/x_aq_vfmau_mult/x_aq_vfmau_frac_mult/multiplier_53x26/ex1_p1_0_1[81:0],41,0.001365346831396317,3.5351219512195113,2.4399047150988196,0.7804878048780488,0.023810588376836667,38
x_aq_vpu_top/x_aq_vfmau_top/x_aq_vfmau_dp/x_aq_vfmau_mult/x_aq_vfmau_frac_mult/multiplier_53x26/ex1_p1_0_2[81:0],41,0.001365346831396317,3.5351219512195113,2.4399047150988196,0.7804878048780488,,47
x_aq_vpu_top/x_aq_vfmau_top/x_aq_vfmau_dp/x_aq_vfmau_mult/x_aq_vfmau_frac_mult/multiplier_53x26/ex1_p1_0_3[81:0],16,0.0005328182756668553,3.8148124999999995,2.6329442475830316,0.6875,,41
x_aq_vpu_top/x_aq_vfmau_top/x_aq_vfmau_dp/x_aq_vfmau_mult/x_aq_vfmau_frac_mult/multiplier_53x26/ex1_p1_0_cout[81:0],41,0.001365346831396317,3.5351219512195113,2.4399047150988196,0.7804878048780488,0.027883877341930617,41
x_aq_vpu_top/x_aq_vfmau_top/x_aq_vfmau_dp/x_aq_vfmau_mult/x_aq_vfmau_frac_mult/multiplier_53x26/ex1_p1_0_xor[81:0],41,0.001365346831396317,3.5351219512195113,2.4399047150988196,0.7804878048780488,,28
x_aq_vpu_top/x_aq_vfmau_top/x_aq_vfmau_dp/x_aq_vfmau_mult/x_aq_vfmau_frac_mult/multiplier_53x26/ex1_p1_1_0[81:0],41,0.001365346831396317,3.5351219512195113,2.4399047150988196,0.7804878048780488,,47
x_aq_vpu_top/x_aq_vfmau_top/x_aq_vfmau_dp/x_aq_vfmau_mult/x_aq_vfmau_frac_mult/multiplier_53x26/ex1_p1_1_1[81:0],16,0.0005328182756668553,3.8148124999999995,2.6329442475830316,0.6875,,13
x_aq_vpu_top/x_aq_vfmau_top/x_aq_vfmau_dp/x_aq_vfmau_mult/x_aq_vfmau_frac_mult/multiplier_53x26/ex1_p1_1_2[81:0],40,0.0013320456891671385,3.5824,2.4725355368164106,0.775,,42
x_aq_vpu_top/x_aq_vfmau_top/x_aq_vfmau_dp/x_aq_vfmau_mult/x_aq_vfmau_frac_mult/multiplier_53x26/ex1_p1_1_3[81:0],16,0.0005328182756668553,3.8148124999999995,2.6329442475830316,0.6875,,6
x_aq_vpu_top/x_aq_vfmau_top/x_aq_vfmau_dp/x_aq_vfmau_mult/x_aq_vfmau_frac_mult/multiplier_53x26/ex1_p1_1_cout[81:0],16,0.0005328182756668553,3.8148124999999995,2.6329442475830316,0.6875,,38
x_aq_vpu_top/x_aq_vfmau_top/x_aq_vfmau_dp/x_aq_vfmau_mult/x_aq_vfmau_frac_mult/multiplier_53x26/ex1_p1_1_xor[81:0],41,0.001365346831396317,3.5351219512195113,2.4399047150988196,0.7804878048780488,,46
x_aq_vpu_top/x_aq_vfmau_top/x_aq_vfmau_dp/x_aq_vfmau_mult/x_aq_vfmau_frac_mult/multiplier_53x26/ex1_p2_0_0[82:0],41,0.001365346831396317,3.5351219512195113,2.4399047150988196,0.7804878048780488,,52
x_aq_vpu_top/x_aq_vfmau_top/x_aq_vfmau_dp/x_aq_vfmau_mult/x_aq_vfmau_frac_mult/multiplier_53x26/ex1_p2_0_1[82:0],41,0.001365346831396317,3.5351219512195113,2.4399047150988196,0.7804878048780488,,36
x_aq_vpu_top/x_aq_vfmau_top/x_aq_vfmau_dp/x_aq_vfmau_mult/x_aq_vfmau_frac_mult/multiplier_53x26/ex1_p2_0_2[82:0],41,0.001365346831396317,3.5351219512195113,2.4399047150988196,0.7804878048780488,,46
x_aq_vpu_top/x_aq_vfmau_top/x_aq_vfmau_dp/x_aq_vfmau_mult/x_aq_vfmau_frac_mult/multiplier_53x26/ex1_p2_0_3[82:0],16,0.0005328182756668553,3.8148124999999995,2.6329442475830316,0.6875,,13
x_aq_vpu_top/x_aq_vfmau_top/x_aq_vfmau_dp/x_aq_vfmau_mult/x_aq_vfmau_frac_mult/multiplier_53x26/ex1_p2_0_cout[82:0],41,0.001365346831396317,3.5351219512195113,2.4399047150988196,0.7804878048780488,,34
x_aq_vpu_top/x_aq_vfmau_top/x_aq_vfmau_dp/x_aq_vfmau_mult/x_aq_vfmau_frac_mult/multiplier_53x26/ex1_p2_0_xor[82:0],41,0.001365346831396317,3.5351219512195113,2.4399047150988196,0.7804878048780488,,45
x_aq_vpu_top/x_aq_vfmau_top/x_aq_vfmau_dp/x_aq_vfmau_mult/x_aq_vfmau_frac_mult/multiplier_53x26/ex1_s0_0[81:0],41,0.001365346831396317,3.5351219512195113,2.4399047150988196,0.7804878048780488,0.016764200152374762,42
x_aq_vpu_top/x_aq_vfmau_top/x_aq_vfmau_dp/x_aq_vfmau_mult/x_aq_vfmau_frac_mult/multiplier_53x26/ex1_s0_1[81:0],41,0.001365346831396317,3.5351219512195113,2.4399047150988196,0.7804878048780488,,47
x_aq_vpu_top/x_aq_vfmau_top/x_aq_vfmau_dp/x_aq_vfmau_mult/x_aq_vfmau_frac_mult/multiplier_53x26/ex1_s0_2[81:0],41,0.001365346831396317,3.5351219512195113,2.4399047150988196,0.7804878048780488,,47
x_aq_vpu_top/x_aq_vfmau_top/x_aq_vfmau_dp/x_aq_vfmau_mult/x_aq_vfmau_frac_mult/multiplier_53x26/ex1_s0_3[81:0],40,0.0013320456891671385,3.5824,2.4725355368164106,0.775,,42
x_aq_vpu_top/x_aq_vfmau_top/x_aq_vfmau_dp/x_aq_vfmau_mult/x_aq_vfmau_frac_mult/multiplier_53x26/ex1_s1_0[81:0],41,0.001365346831396317,3.5351219512195113,2.4399047150988196,0.7804878048780488,,52
x_aq_vpu_top/x_aq_vfmau_top/x_aq_vfmau_dp/x_aq_vfmau_mult/x_aq_vfmau_frac_mult/multiplier_53x26/ex1_s1_1[81:0],41,0.001365346831396317,3.5351219512195113,2.4399047150988196,0.7804878048780488,,46
x_aq_vpu_top/x_aq_vfmau_top/x_aq_vfmau_dp/x_aq_vfmau_mult/x_aq_vfmau_frac_mult/multiplier_53x26/ex1_s2_0[82:0],41,0.001365346831396317,3.5351219512195113,2.4399047150988196,0.7804878048780488,,52
x_aq_vpu_top/x_aq_vfmau_top/x_aq_vfmau_dp/x_aq_vfmau_mult/x_aq_vfmau_frac_mult/multiplier_53x26/h0[1:0],0,0.0,0.0,0.0,0.0,,0
x_aq_vpu_top/x_aq_vfmau_top/x_aq_vfmau_dp/x_aq_vfmau_mult/x_aq_vfmau_frac_mult/multiplier_53x26/h1[1:0],12,0.00039961370675014153,3.878916666666667,2.677188282347809,0.75,0.12076281678651946,1
x_aq_vpu_top/x_aq_vfmau_top/x_aq_vfmau_dp/x_aq_vfmau_mult/x_aq_vfmau_frac_mult/multiplier_53x26/h10[1:0],0,0.0,0.0,0.0,0.0,,0
x_aq_vpu_top/x_aq_vfmau_top/x_aq_vfmau_dp/x_aq_vfmau_mult/x_aq_vfmau_frac_mult/multiplier_53x26/h11[1:0],2,6.660228445835692e-05,4.2735,2.949525629908701,0.5,0.05104256030599643,1
x_aq_vpu_top/x_aq_vfmau_top/x_aq_vfmau_dp/x_aq_vfmau_mult/x_aq_vfmau_frac_mult/multiplier_53x26/h12[1:0],4,0.00013320456891671384,3.6224999999999987,2.5002121432887017,0.5,0.07651423905647518,1
x_aq_vpu_top/x_aq_vfmau_top/x_aq_vfmau_dp/x_aq_vfmau_mult/x_aq_vfmau_frac_mult/multiplier_53x26/h13[1:0],0,0.0,0.0,0.0,0.0,,0
x_aq_vpu_top/x_aq_vfmau_top/x_aq_vfmau_dp/x_aq_vfmau_mult/x_aq_vfmau_frac_mult/multiplier_53x26/h2[1:0],0,0.0,0.0,0.0,0.0,,0
x_aq_vpu_top/x_aq_vfmau_top/x_aq_vfmau_dp/x_aq_vfmau_mult/x_aq_vfmau_frac_mult/multiplier_53x26/h3[1:0],4,0.00013320456891671384,4.297749999999999,2.9662627298327173,0.5,0.07820985885462584,1
x_aq_vpu_top/x_aq_vfmau_top/x_aq_vfmau_dp/x_aq_vfmau_mult/x_aq_vfmau_frac_mult/multiplier_53x26/h4[1:0],0,0.0,0.0,0.0,0.0,,0
x_aq_vpu_top/x_aq_vfmau_top/x_aq_vfmau_dp/x_aq_vfmau_mult/x_aq_vfmau_frac_mult/multiplier_53x26/h5[1:0],2,6.660228445835692e-05,2.922999999999999,2.0174244568206694,0.5,0.04864467164990392,1
x_aq_vpu_top/x_aq_vfmau_top/x_aq_vfmau_dp/x_aq_vfmau_mult/x_aq_vfmau_frac_mult/multiplier_53x26/h6[1:0],2,6.660228445835692e-05,4.321999999999998,2.9829998297567335,0.5,0.05955919932591144,1
x_aq_vpu_top/x_aq_vfmau_top/x_aq_vfmau_dp/x_aq_vfmau_mult/x_aq_vfmau_frac_mult/multiplier_53x26/h7[1:0],10,0.00033301142229178463,3.8,2.6227208128356296,0.8,0.10945466267558424,1
x_aq_vpu_top/x_aq_vfmau_top/x_aq_vfmau_dp/x_aq_vfmau_mult/x_aq_vfmau_frac_mult/multiplier_53x26/h8[1:0],0,0.0,0.0,0.0,0.0,,0
x_aq_vpu_top/x_aq_vfmau_top/x_aq_vfmau_dp/x_aq_vfmau_mult/x_aq_vfmau_frac_mult/multiplier_53x26/h9[1:0],10,0.00033301142229178463,3.8,2.6227208128356296,0.8,0.10945466267558424,1
x_aq_vpu_top/x_aq_vfmau_top/x_aq_vfmau_dp/x_aq_vfmau_mult/x_aq_vfmau_frac_mult/multiplier_53x26/mult_src[27:0],39,0.0012987445469379599,3.301025641025641,2.278333855900533,0.7692307692307693,-0.011255868262043174,16
x_aq_vpu_top/x_aq_vfmau_top/x_aq_vfmau_dp/x_aq_vfmau_mult/x_aq_vfmau_frac_mult/multiplier_53x26/multiplicand[53:0],47,0.0015651536847713877,3.0508085106382987,2.1056365728492463,0.7872340425531915,-0.014526984369631584,17
x_aq_vpu_top/x_aq_vfmau_top/x_aq_vfmau_dp/x_aq_vfmau_mult/x_aq_vfmau_frac_mult/multiplier_53x26/part_product0[53:0],0,0.0,0.0,0.0,0.0,,0
x_aq_vpu_top/x_aq_vfmau_top/x_aq_vfmau_dp/x_aq_vfmau_mult/x_aq_vfmau_frac_mult/multiplier_53x26/part_product1[53:0],14,0.00046621599120849844,3.7423571428571427,2.5829363072725027,0.7142857142857143,0.07113568235591325,44
x_aq_vpu_top/x_aq_vfmau_top/x_aq_vfmau_dp/x_aq_vfmau_mult/x_aq_vfmau_frac_mult/multiplier_53x26/part_product10[53:0],4,0.00013320456891671384,3.5982499999999997,2.4834750433646855,0.5,0.06837860647738624,14
x_aq_vpu_top/x_aq_vfmau_top/x_aq_vfmau_dp/x_aq_vfmau_mult/x_aq_vfmau_frac_mult/multiplier_53x26/part_product11[53:0],4,0.00013320456891671384,4.297749999999999,2.9662627298327173,0.5,0.07843635734101398,44
x_aq_vpu_top/x_aq_vfmau_top/x_aq_vfmau_dp/x_aq_vfmau_mult/x_aq_vfmau_frac_mult/multiplier_53x26/part_product12[53:0],4,0.00013320456891671384,3.6224999999999987,2.5002121432887017,0.5,0.0520741655811611,39
x_aq_vpu_top/x_aq_vfmau_top/x_aq_vfmau_dp/x_aq_vfmau_mult/x_aq_vfmau_frac_mult/multiplier_53x26/part_product13[53:0],47,0.0015651536847713877,3.0508085106382987,2.1056365728492463,0.7872340425531915,-0.014526984369631584,17
x_aq_vpu_top/x_aq_vfmau_top/x_aq_vfmau_dp/x_aq_vfmau_mult/x_aq_vfmau_frac_mult/multiplier_53x26/part_product2[53:0],16,0.0005328182756668553,3.8148124999999995,2.6329442475830316,0.6875,0.13162329516578367,16
x_aq_vpu_top/x_aq_vfmau_top/x_aq_vfmau_dp/x_aq_vfmau_mult/x_aq_vfmau_frac_mult/multiplier_53x26/part_product3[53:0],16,0.0005328182756668553,3.8148124999999995,2.6329442475830316,0.6875,0.12756321041382127,44
x_aq_vpu_top/x_aq_vfmau_top/x_aq_vfmau_dp/x_aq_vfmau_mult/x_aq_vfmau_frac_mult/multiplier_53x26/part_product4[53:0],14,0.00046621599120849844,3.9422142857142854,2.720875646263369,0.7142857142857143,0.12631777111151327,16
x_aq_vpu_top/x_aq_vfmau_top/x_aq_vfmau_dp/x_aq_vfmau_mult/x_aq_vfmau_frac_mult/multiplier_53x26/part_product5[53:0],14,0.00046621599120849844,3.7423571428571427,2.5829363072725027,0.7142857142857143,0.12438607945449887,39
x_aq_vpu_top/x_aq_vfmau_top/x_aq_vfmau_dp/x_aq_vfmau_mult/x_aq_vfmau_frac_mult/multiplier_53x26/part_product6[53:0],16,0.0005328182756668553,3.8148124999999995,2.6329442475830316,0.6875,0.12612416711717714,37
x_aq_vpu_top/x_aq_vfmau_top/x_aq_vfmau_dp/x_aq_vfmau_mult/x_aq_vfmau_frac_mult/multiplier_53x26/part_product7[53:0],12,0.00039961370675014153,3.6538333333333335,2.521838086833137,0.75,0.04969621810032391,37
x_aq_vpu_top/x_aq_vfmau_top/x_aq_vfmau_dp/x_aq_vfmau_mult/x_aq_vfmau_frac_mult/multiplier_53x26/part_product8[53:0],14,0.00046621599120849844,3.749285714285714,2.5877183358222218,0.7142857142857143,0.1298692456471425,16
x_aq_vpu_top/x_aq_vfmau_top/x_aq_vfmau_dp/x_aq_vfmau_mult/x_aq_vfmau_frac_mult/multiplier_53x26/part_product9[53:0],14,0.00046621599120849844,3.7423571428571427,2.5829363072725027,0.7142857142857143,0.06804569449538467,37
x_aq_vpu_top/x_aq_vfmau_top/x_aq_vfmau_dp/x_aq_vfmau_mult/x_aq_vfmau_frac_mult/multiplier_53x26/sign_not[13:0],41,0.001365346831396317,3.5351219512195113,2.4399047150988196,0.7804878048780488,0.013768771214207956,13
x_aq_vpu_top/x_aq_vfmau_top/x_aq_vfmau_dp/x_aq_vfmau_mult/x_aq_vfmau_frac_mult/multiplier_53x26/x_aq_booth_code_54_bit0/A[53:0],47,0.0015651536847713877,3.0508085106382987,2.1056365728492463,0.7872340425531915,-0.014526984369631584,17
x_aq_vpu_top/x_aq_vfmau_top/x_aq_vfmau_dp/x_aq_vfmau_mult/x_aq_vfmau_frac_mult/multiplier_53x26/x_aq_booth_code_54_bit0/code[2:0],0,0.0,0.0,0.0,0.0,,0
x_aq_vpu_top/x_aq_vfmau_top/x_aq_vfmau_dp/x_aq_vfmau_mult/x_aq_vfmau_frac_mult/multiplier_53x26/x_aq_booth_code_54_bit1/A[53:0],47,0.0015651536847713877,3.0508085106382987,2.1056365728492463,0.7872340425531915,-0.014526984369631584,17
x_aq_vpu_top/x_aq_vfmau_top/x_aq_vfmau_dp/x_aq_vfmau_mult/x_aq_vfmau_frac_mult/multiplier_53x26/x_aq_booth_code_54_bit1/code[2:0],14,0.00046621599120849844,3.7423571428571427,2.5829363072725027,0.7142857142857143,0.12839845824670126,2
x_aq_vpu_top/x_aq_vfmau_top/x_aq_vfmau_dp/x_aq_vfmau_mult/x_aq_vfmau_frac_mult/multiplier_53x26/x_aq_booth_code_54_bit2/A[53:0],47,0.0015651536847713877,3.0508085106382987,2.1056365728492463,0.7872340425531915,-0.014526984369631584,17
x_aq_vpu_top/x_aq_vfmau_top/x_aq_vfmau_dp/x_aq_vfmau_mult/x_aq_vfmau_frac_mult/multiplier_53x26/x_aq_booth_code_54_bit2/code[2:0],12,0.00039961370675014153,3.886999999999999,2.6827673156558136,0.75,0.1198184687785458,1
x_aq_vpu_top/x_aq_vfmau_top/x_aq_vfmau_dp/x_aq_vfmau_mult/x_aq_vfmau_frac_mult/multiplier_53x26/x_aq_booth_code_54_bit3/A[53:0],47,0.0015651536847713877,3.0508085106382987,2.1056365728492463,0.7872340425531915,-0.014526984369631584,17
x_aq_vpu_top/x_aq_vfmau_top/x_aq_vfmau_dp/x_aq_vfmau_mult/x_aq_vfmau_frac_mult/multiplier_53x26/x_aq_booth_code_54_bit3/code[2:0],16,0.0005328182756668553,3.8148124999999995,2.6329442475830316,0.6875,0.13755106258803373,1
x_aq_vpu_top/x_aq_vfmau_top/x_aq_vfmau_dp/x_aq_vfmau_mult/x_aq_vfmau_frac_mult/multiplier_53x26/x_aq_booth_code_54_bit4/A[53:0],47,0.0015651536847713877,3.0508085106382987,2.1056365728492463,0.7872340425531915,-0.014526984369631584,17
x_aq_vpu_top/x_aq_vfmau_top/x_aq_vfmau_dp/x_aq_vfmau_mult/x_aq_vfmau_frac_mult/multiplier_53x26/x_aq_booth_code_54_bit4/code[2:0],14,0.00046621599120849844,3.9422142857142854,2.720875646263369,0.7142857142857143,0.1292451910008617,1
x_aq_vpu_top/x_aq_vfmau_top/x_aq_vfmau_dp/x_aq_vfmau_mult/x_aq_vfmau_frac_mult/multiplier_53x26/x_aq_booth_code_54_bit5/A[53:0],47,0.0015651536847713877,3.0508085106382987,2.1056365728492463,0.7872340425531915,-0.014526984369631584,17
x_aq_vpu_top/x_aq_vfmau_top/x_aq_vfmau_dp/x_aq_vfmau_mult/x_aq_vfmau_frac_mult/multiplier_53x26/x_aq_booth_code_54_bit5/code[2:0],14,0.00046621599120849844,3.7423571428571427,2.5829363072725027,0.7142857142857143,0.128253773508984,2
x_aq_vpu_top/x_aq_vfmau_top/x_aq_vfmau_dp/x_aq_vfmau_mult/x_aq_vfmau_frac_mult/multiplier_53x26/x_aq_booth_code_54_bit6/A[53:0],47,0.0015651536847713877,3.0508085106382987,2.1056365728492463,0.7872340425531915,-0.014526984369631584,17
x_aq_vpu_top/x_aq_vfmau_top/x_aq_vfmau_dp/x_aq_vfmau_mult/x_aq_vfmau_frac_mult/multiplier_53x26/x_aq_booth_code_54_bit6/code[2:0],16,0.0005328182756668553,3.8148124999999995,2.6329442475830316,0.6875,0.14124523757006557,2
x_aq_vpu_top/x_aq_vfmau_top/x_aq_vfmau_dp/x_aq_vfmau_mult/x_aq_vfmau_frac_mult/multiplier_53x26/x_aq_booth_code_54_bit7/A[53:0],47,0.0015651536847713877,3.0508085106382987,2.1056365728492463,0.7872340425531915,-0.014526984369631584,17
x_aq_vpu_top/x_aq_vfmau_top/x_aq_vfmau_dp/x_aq_vfmau_mult/x_aq_vfmau_frac_mult/multiplier_53x26/x_aq_booth_code_54_bit7/code[2:0],16,0.0005328182756668553,3.8148124999999995,2.6329442475830316,0.6875,0.13755106258803373,1
x_aq_vpu_top/x_aq_vfmau_top/x_aq_vfmau_dp/x_aq_vfmau_mult/x_aq_vfmau_frac_mult/multiplier_53x26/x_aq_booth_code_54_bit8/A[53:0],47,0.0015651536847713877,3.0508085106382987,2.1056365728492463,0.7872340425531915,-0.014526984369631584,17
x_aq_vpu_top/x_aq_vfmau_top/x_aq_vfmau_dp/x_aq_vfmau_mult/x_aq_vfmau_frac_mult/multiplier_53x26/x_aq_booth_code_54_bit8/code[2:0],16,0.0005328182756668553,3.8148124999999995,2.6329442475830316,0.6875,0.13697956026661723,2
x_aq_vpu_top/x_aq_vfmau_top/x_aq_vfmau_dp/x_aq_vfmau_mult/x_aq_vfmau_frac_mult/multiplier_53x26/x_aq_booth_code_54_bit9/A[53:0],47,0.0015651536847713877,3.0508085106382987,2.1056365728492463,0.7872340425531915,-0.014526984369631584,17
x_aq_vpu_top/x_aq_vfmau_top/x_aq_vfmau_dp/x_aq_vfmau_mult/x_aq_vfmau_frac_mult/multiplier_53x26/x_aq_booth_code_54_bit9/code[2:0],12,0.00039961370675014153,3.6538333333333335,2.521838086833137,0.75,0.11978371979770185,1
x_aq_vpu_top/x_aq_vfmau_top/x_aq_vfmau_dp/x_aq_vfmau_mult/x_aq_vfmau_frac_mult/multiplier_53x26/x_aq_booth_code_54_bit10/A[53:0],47,0.0015651536847713877,3.0508085106382987,2.1056365728492463,0.7872340425531915,-0.014526984369631584,17
x_aq_vpu_top/x_aq_vfmau_top/x_aq_vfmau_dp/x_aq_vfmau_mult/x_aq_vfmau_frac_mult/multiplier_53x26/x_aq_booth_code_54_bit10/code[2:0],12,0.00039961370675014153,3.878916666666667,2.677188282347809,0.75,0.11445076398103766,1
x_aq_vpu_top/x_aq_vfmau_top/x_aq_vfmau_dp/x_aq_vfmau_mult/x_aq_vfmau_frac_mult/multiplier_53x26/x_aq_booth_code_54_bit11/A[53:0],47,0.0015651536847713877,3.0508085106382987,2.1056365728492463,0.7872340425531915,-0.014526984369631584,17
x_aq_vpu_top/x_aq_vfmau_top/x_aq_vfmau_dp/x_aq_vfmau_mult/x_aq_vfmau_frac_mult/multiplier_53x26/x_aq_booth_code_54_bit11/code[2:0],14,0.00046621599120849844,3.9422142857142854,2.720875646263369,0.7142857142857143,0.12372678710968626,1
x_aq_vpu_top/x_aq_vfmau_top/x_aq_vfmau_dp/x_aq_vfmau_mult/x_aq_vfmau_frac_mult/multiplier_53x26/x_aq_booth_code_54_bit12/A[53:0],47,0.0015651536847713877,3.0508085106382987,2.1056365728492463,0.7872340425531915,-0.014526984369631584,17
x_aq_vpu_top/x_aq_vfmau_top/x_aq_vfmau_dp/x_aq_vfmau_mult/x_aq_vfmau_frac_mult/multiplier_53x26/x_aq_booth_code_54_bit12/code[2:0],37,0.001232142262479603,3.1679729729729735,2.1865022765044695,0.7567567567567568,-0.011205925458273012,2
x_aq_vpu_top/x_aq_vfmau_top/x_aq_vfmau_dp/x_aq_vfmau_mult/x_aq_vfmau_frac_mult/multiplier_53x26/x_aq_booth_code_54_bit13/A[53:0],47,0.0015651536847713877,3.0508085106382987,2.1056365728492463,0.7872340425531915,-0.014526984369631584,17
x_aq_vpu_top/x_aq_vfmau_top/x_aq_vfmau_dp/x_aq_vfmau_mult/x_aq_vfmau_frac_mult/multiplier_53x26/x_aq_booth_code_54_bit13/code[2:0],15,0.0004995171334376769,3.116266666666667,2.1508151171085736,0.8,-0.01819696689905232,1
x_aq_vpu_top/x_aq_vfmau_top/x_aq_vfmau_dp/x_aq_vfmau_mult/x_aq_vfmau_mult_double/cp0_vpu_xx_dqnan,0,0.0,0.0,0.0,0.0,,0
x_aq_vpu_top/x_aq_vfmau_top/x_aq_vfmau_dp/x_aq_vfmau_mult/x_aq_vfmau_mult_double/ctrl_dp_ex1_inst_pipe_down,0,0.0,0.0,0.0,0.0,,0
x_aq_vpu_top/x_aq_vfmau_top/x_aq_vfmau_dp/x_aq_vfmau_mult/x_aq_vfmau_mult_double/ctrl_dp_ex2_inst_pipe_down,0,0.0,0.0,0.0,0.0,,0
x_aq_vpu_top/x_aq_vfmau_top/x_aq_vfmau_dp/x_aq_vfmau_mult/x_aq_vfmau_mult_double/ctrl_dp_ex3_inst_pipe_down,0,0.0,0.0,0.0,0.0,,0
x_aq_vpu_top/x_aq_vfmau_top/x_aq_vfmau_dp/x_aq_vfmau_mult/x_aq_vfmau_mult_double/ctrl_dp_ex4_inst_pipe_down,0,0.0,0.0,0.0,0.0,,0
x_aq_vpu_top/x_aq_vfmau_top/x_aq_vfmau_dp/x_aq_vfmau_mult/x_aq_vfmau_mult_double/ex1_bf16,0,0.0,0.0,0.0,0.0,,0
x_aq_vpu_top/x_aq_vfmau_top/x_aq_vfmau_dp/x_aq_vfmau_mult/x_aq_vfmau_mult_double/ex1_double,0,0.0,0.0,0.0,0.0,,0
x_aq_vpu_top/x_aq_vfmau_top/x_aq_vfmau_dp/x_aq_vfmau_mult/x_aq_vfmau_mult_double/ex1_double_expnt_near_of,0,0.0,0.0,0.0,0.0,,0
x_aq_vpu_top/x_aq_vfmau_top/x_aq_vfmau_dp/x_aq_vfmau_mult/x_aq_vfmau_mult_double/ex1_double_expnt_near_uf,0,0.0,0.0,0.0,0.0,,0
x_aq_vpu_top/x_aq_vfmau_top/x_aq_vfmau_dp/x_aq_vfmau_mult/x_aq_vfmau_mult_double/ex1_dst_bf16,0,0.0,0.0,0.0,0.0,,0
x_aq_vpu_top/x_aq_vfmau_top/x_aq_vfmau_dp/x_aq_vfmau_mult/x_aq_vfmau_mult_double/ex1_dst_double,0,0.0,0.0,0.0,0.0,,0
x_aq_vpu_top/x_aq_vfmau_top/x_aq_vfmau_dp/x_aq_vfmau_mult/x_aq_vfmau_mult_double/ex1_dst_f16,0,0.0,0.0,0.0,0.0,,0
x_aq_vpu_top/x_aq_vfmau_top/x_aq_vfmau_dp/x_aq_vfmau_mult/x_aq_vfmau_mult_double/ex1_dst_half,0,0.0,0.0,0.0,0.0,,0
x_aq_vpu_top/x_aq_vfmau_top/x_aq_vfmau_dp/x_aq_vfmau_mult/x_aq_vfmau_mult_double/ex1_dst_single,15,0.0004995171334376769,3.116266666666667,2.1508151171085736,0.8,-0.01819696689905232,1
x_aq_vpu_top/x_aq_vfmau_top/x_aq_vfmau_dp/x_aq_vfmau_mult/x_aq_vfmau_mult_double/ex1_f16,0,0.0,0.0,0.0,0.0,,0
x_aq_vpu_top/x_aq_vfmau_top/x_aq_vfmau_dp/x_aq_vfmau_mult/x_aq_vfmau_mult_double/ex1_half,0,0.0,0.0,0.0,0.0,,0
x_aq_vpu_top/x_aq_vfmau_top/x_aq_vfmau_dp/x_aq_vfmau_mult/x_aq_vfmau_mult_double/ex1_id_reg[1:0],0,0.0,0.0,0.0,0.0,,0
x_aq_vpu_top/x_aq_vfmau_top/x_aq_vfmau_dp/x_aq_vfmau_mult/x_aq_vfmau_mult_double/ex1_mac,16,0.0005328182756668553,1.8413125000000001,1.2708548991274753,0.5625,0.010167585006082027,1
x_aq_vpu_top/x_aq_vfmau_top/x_aq_vfmau_dp/x_aq_vfmau_mult/x_aq_vfmau_mult_double/ex1_neg,15,0.0004995171334376769,3.9729333333333328,2.7420776161425704,0.7333333333333333,-0.015317309417974066,1
x_aq_vpu_top/x_aq_vfmau_top/x_aq_vfmau_dp/x_aq_vfmau_mult/x_aq_vfmau_mult_double/ex1_rm[2:0],4,0.00013320456891671384,5.792749999999998,3.9980963127772604,1.0,0.005761307260114271,2
x_aq_vpu_top/x_aq_vfmau_top/x_aq_vfmau_dp/x_aq_vfmau_mult/x_aq_vfmau_mult_double/ex1_single,15,0.0004995171334376769,3.116266666666667,2.1508151171085736,0.8,-0.01819696689905232,1
x_aq_vpu_top/x_aq_vfmau_top/x_aq_vfmau_dp/x_aq_vfmau_mult/x_aq_vfmau_mult_double/ex1_srcv0[63:0],34,0.0011322388357920678,3.199264705882353,2.2080995078652914,0.8823529411764706,-0.03007154116304795,47
x_aq_vpu_top/x_aq_vfmau_top/x_aq_vfmau_dp/x_aq_vfmau_mult/x_aq_vfmau_mult_double/ex1_srcv1[63:0],29,0.0009657331246461754,2.7920689655172413,1.9270572070353988,0.7931034482758621,0.13330910200860932,36
x_aq_vpu_top/x_aq_vfmau_top/x_aq_vfmau_dp/x_aq_vfmau_mult/x_aq_vfmau_mult_double/ex1_srcv2[63:0],24,0.0007992274135002831,2.440541666666667,1.6844366904629535,0.7916666666666666,0.10642394907625609,36
x_aq_vpu_top/x_aq_vfmau_top/x_aq_vfmau_dp/x_aq_vfmau_mult/x_aq_vfmau_mult_double/ex1_sub,0,0.0,0.0,0.0,0.0,,0
x_aq_vpu_top/x_aq_vfmau_top/x_aq_vfmau_dp/x_aq_vfmau_mult/x_aq_vfmau_mult_double/ex1_widen,0,0.0,0.0,0.0,0.0,,0
x_aq_vpu_top/x_aq_vfmau_top/x_aq_vfmau_dp/x_aq_vfmau_mult/x_aq_vfmau_mult_double/ex2_bf16,0,0.0,0.0,0.0,0.0,,0
x_aq_vpu_top/x_aq_vfmau_top/x_aq_vfmau_dp/x_aq_vfmau_mult/x_aq_vfmau_mult_double/ex2_double,0,0.0,0.0,0.0,0.0,,0
x_aq_vpu_top/x_aq_vfmau_top/x_aq_vfmau_dp/x_aq_vfmau_mult/x_aq_vfmau_mult_double/ex2_dst_bf16,0,0.0,0.0,0.0,0.0,,0
x_aq_vpu_top/x_aq_vfmau_top/x_aq_vfmau_dp/x_aq_vfmau_mult/x_aq_vfmau_mult_double/ex2_dst_double,0,0.0,0.0,0.0,0.0,,0
x_aq_vpu_top/x_aq_vfmau_top/x_aq_vfmau_dp/x_aq_vfmau_mult/x_aq_vfmau_mult_double/ex2_dst_f16,0,0.0,0.0,0.0,0.0,,0
x_aq_vpu_top/x_aq_vfmau_top/x_aq_vfmau_dp/x_aq_vfmau_mult/x_aq_vfmau_mult_double/ex2_dst_half,0,0.0,0.0,0.0,0.0,,0
x_aq_vpu_top/x_aq_vfmau_top/x_aq_vfmau_dp/x_aq_vfmau_mult/x_aq_vfmau_mult_double/ex2_dst_single,0,0.0,0.0,0.0,0.0,,0
x_aq_vpu_top/x_aq_vfmau_top/x_aq_vfmau_dp/x_aq_vfmau_mult/x_aq_vfmau_mult_double/ex2_mac,1,3.330114222917846e-05,10.872,7.503742283460255,1.0,-0.003229515705865712,1
x_aq_vpu_top/x_aq_vfmau_top/x_aq_vfmau_dp/x_aq_vfmau_mult/x_aq_vfmau_mult_double/ex2_mult_data[105:0],0,0.0,0.0,0.0,0.0,,0
x_aq_vpu_top/x_aq_vfmau_top/x_aq_vfmau_dp/x_aq_vfmau_mult/x_aq_vfmau_mult_double/ex2_single,0,0.0,0.0,0.0,0.0,,0
x_aq_vpu_top/x_aq_vfmau_top/x_aq_vfmau_dp/x_aq_vfmau_mult/x_aq_vfmau_mult_double/ex2_special_sel[5:0],0,0.0,0.0,0.0,0.0,,0
x_aq_vpu_top/x_aq_vfmau_top/x_aq_vfmau_dp/x_aq_vfmau_mult/x_aq_vfmau_mult_double/ex3_bf16,0,0.0,0.0,0.0,0.0,,0
x_aq_vpu_top/x_aq_vfmau_top/x_aq_vfmau_dp/x_aq_vfmau_mult/x_aq_vfmau_mult_double/ex3_dst_bf16,0,0.0,0.0,0.0,0.0,,0
x_aq_vpu_top/x_aq_vfmau_top/x_aq_vfmau_dp/x_aq_vfmau_mult/x_aq_vfmau_mult_double/ex3_dst_double,0,0.0,0.0,0.0,0.0,,0
x_aq_vpu_top/x_aq_vfmau_top/x_aq_vfmau_dp/x_aq_vfmau_mult/x_aq_vfmau_mult_double/ex3_dst_f16,0,0.0,0.0,0.0,0.0,,0
x_aq_vpu_top/x_aq_vfmau_top/x_aq_vfmau_dp/x_aq_vfmau_mult/x_aq_vfmau_mult_double/ex3_dst_single,0,0.0,0.0,0.0,0.0,,0
x_aq_vpu_top/x_aq_vfmau_top/x_aq_vfmau_dp/x_aq_vfmau_mult/x_aq_vfmau_mult_double/ex3_f16,0,0.0,0.0,0.0,0.0,,0
x_aq_vpu_top/x_aq_vfmau_top/x_aq_vfmau_dp/x_aq_vfmau_mult/x_aq_vfmau_mult_double/ex3_rm[2:0],2,6.660228445835692e-05,10.722000000000001,7.4002138303220075,1.0,-0.0037341120129562,2
x_aq_vpu_top/x_aq_vfmau_top/x_aq_vfmau_dp/x_aq_vfmau_mult/x_aq_vfmau_mult_double/ex3_simd,0,0.0,0.0,0.0,0.0,,0
x_aq_vpu_top/x_aq_vfmau_top/x_aq_vfmau_dp/x_aq_vfmau_mult/x_aq_vfmau_mult_double/ex3_single,0,0.0,0.0,0.0,0.0,,0
x_aq_vpu_top/x_aq_vfmau_top/x_aq_vfmau_dp/x_aq_vfmau_mult/x_aq_vfmau_mult_double/ex3_special_cmplt,0,0.0,0.0,0.0,0.0,,0
x_aq_vpu_top/x_aq_vfmau_top/x_aq_vfmau_dp/x_aq_vfmau_mult/x_aq_vfmau_mult_double/ex4_bf16,0,0.0,0.0,0.0,0.0,,0
x_aq_vpu_top/x_aq_vfmau_top/x_aq_vfmau_dp/x_aq_vfmau_mult/x_aq_vfmau_mult_double/ex4_dst_bf16,0,0.0,0.0,0.0,0.0,,0
x_aq_vpu_top/x_aq_vfmau_top/x_aq_vfmau_dp/x_aq_vfmau_mult/x_aq_vfmau_mult_double/ex4_dst_double,0,0.0,0.0,0.0,0.0,,0
x_aq_vpu_top/x_aq_vfmau_top/x_aq_vfmau_dp/x_aq_vfmau_mult/x_aq_vfmau_mult_double/ex4_dst_f16,0,0.0,0.0,0.0,0.0,,0
x_aq_vpu_top/x_aq_vfmau_top/x_aq_vfmau_dp/x_aq_vfmau_mult/x_aq_vfmau_mult_double/ex4_dst_half,0,0.0,0.0,0.0,0.0,,0
x_aq_vpu_top/x_aq_vfmau_top/x_aq_vfmau_dp/x_aq_vfmau_mult/x_aq_vfmau_mult_double/ex4_dst_single,0,0.0,0.0,0.0,0.0,,0
x_aq_vpu_top/x_aq_vfmau_top/x_aq_vfmau_dp/x_aq_vfmau_mult/x_aq_vfmau_mult_double/ex4_f16,0,0.0,0.0,0.0,0.0,,0
x_aq_vpu_top/x_aq_vfmau_top/x_aq_vfmau_dp/x_aq_vfmau_mult/x_aq_vfmau_mult_double/ex4_rm[2:0],2,6.660228445835692e-05,7.126000000000001,4.918291713754395,1.0,-0.005623123884273686,2
x_aq_vpu_top/x_aq_vfmau_top/x_aq_vfmau_dp/x_aq_vfmau_mult/x_aq_vfmau_mult_double/ex4_single,0,0.0,0.0,0.0,0.0,,0
x_aq_vpu_top/x_aq_vfmau_top/x_aq_vfmau_dp/x_aq_vfmau_mult/x_aq_vfmau_mult_double/fmau_ex2_data_clk,0,0.0,0.0,0.0,0.0,,0
x_aq_vpu_top/x_aq_vfmau_top/x_aq_vfmau_dp/x_aq_vfmau_mult/x_aq_vfmau_mult_double/fmau_ex3_data_clk,0,0.0,0.0,0.0,0.0,,0
x_aq_vpu_top/x_aq_vfmau_top/x_aq_vfmau_dp/x_aq_vfmau_mult/x_aq_vfmau_mult_double/fmau_ex4_data_clk,0,0.0,0.0,0.0,0.0,,0
x_aq_vpu_top/x_aq_vfmau_top/x_aq_vfmau_dp/x_aq_vfmau_mult/x_aq_vfmau_mult_double/fmau_ex5_data_clk,0,0.0,0.0,0.0,0.0,,0
x_aq_vpu_top/x_aq_vfmau_top/x_aq_vfmau_dp/x_aq_vfmau_mult/x_aq_vfmau_mult_double/ifu_vpu_warm_up,2,6.660228445835692e-05,8.55,5.901121828880168,1.0,0.17944175952243305,1
x_aq_vpu_top/x_aq_vfmau_top/x_aq_vfmau_dp/x_aq_vfmau_mult/x_aq_vfmau_mult_double/vfmau_vpu_ex3_fflags[4:0],0,0.0,0.0,0.0,0.0,,0
x_aq_vpu_top/x_aq_vfmau_top/x_aq_vfmau_dp/x_aq_vfmau_mult/x_aq_vfmau_mult_double/vfmau_vpu_ex3_fpr_result[63:0],2,6.660228445835692e-05,10.722000000000001,7.4002138303220075,1.0,-0.0037341120129566773,48
x_aq_vpu_top/x_aq_vfmau_top/x_aq_vfmau_dp/x_aq_vfmau_mult/x_aq_vfmau_mult_double/vfmau_vpu_ex4_fflags[4:0],0,0.0,0.0,0.0,0.0,,0
x_aq_vpu_top/x_aq_vfmau_top/x_aq_vfmau_dp/x_aq_vfmau_mult/x_aq_vfmau_mult_double/vfmau_vpu_ex4_fpr_result[63:0],2,6.660228445835692e-05,7.126000000000001,4.918291713754395,1.0,-0.005623123884273963,32
x_aq_vpu_top/x_aq_vfmau_top/x_aq_vfmau_dp/x_aq_vfmau_mult/x_aq_vfmau_mult_double/vfmau_vpu_ex5_fflags[4:0],0,0.0,0.0,0.0,0.0,,0
x_aq_vpu_top/x_aq_vfmau_top/x_aq_vfmau_dp/x_aq_vfmau_mult/x_aq_vfmau_mult_double/vfmau_vpu_ex5_fpr_result[63:0],0,0.0,0.0,0.0,0.0,,0
x_aq_vpu_top/x_aq_vfmau_top/x_aq_vfmau_dp/x_aq_vfmau_mult/x_aq_vfmau_mult_double/vpu_group_0_xx_ex1_srcv0_type[47:0],30,0.0009990342668753538,3.311833333333334,2.2857932136779304,0.8666666666666667,-0.021183319845226964,16
x_aq_vpu_top/x_aq_vfmau_top/x_aq_vfmau_dp/x_aq_vfmau_mult/x_aq_vfmau_mult_double/vpu_group_0_xx_ex1_srcv1_type[47:0],30,0.0009990342668753538,3.1294999999999997,2.1599486273076587,0.8,0.1279855292343095,16
x_aq_vpu_top/x_aq_vfmau_top/x_aq_vfmau_dp/x_aq_vfmau_mult/x_aq_vfmau_mult_double/vpu_group_0_xx_ex1_srcv2_type[47:0],10,0.00033301142229178463,1.7683,1.2204624245624327,0.4,-0.018387253439924544,13
x_aq_vpu_top/x_aq_vfmau_top/x_aq_vfmau_dp/x_aq_vfmau_mult/x_aq_vfmau_mult_double/ex1_expnt_0[12:0],38,0.0012654434047087815,2.889763157894737,1.9944847311516163,0.8157894736842105,-0.028386576745213884,7
x_aq_vpu_top/x_aq_vfmau_top/x_aq_vfmau_dp/x_aq_vfmau_mult/x_aq_vfmau_mult_double/ex1_expnt_1[12:0],16,0.0005328182756668553,3.8148124999999995,2.6329442475830316,0.6875,0.13388969792083016,5
x_aq_vpu_top/x_aq_vfmau_top/x_aq_vfmau_dp/x_aq_vfmau_mult/x_aq_vfmau_mult_double/ex1_expnt_2[12:0],17,0.0005661194178960339,4.109235294117647,2.836151823873972,0.7058823529411765,0.11218656711053565,6
x_aq_vpu_top/x_aq_vfmau_top/x_aq_vfmau_dp/x_aq_vfmau_mult/x_aq_vfmau_mult_double/ex1_expnt_2_pre[12:0],10,0.00033301142229178463,3.4623999999999997,2.3897127743058117,0.6,0.11322393957263646,5
x_aq_vpu_top/x_aq_vfmau_top/x_aq_vfmau_dp/x_aq_vfmau_mult/x_aq_vfmau_mult_double/ex1_expnt_bias[12:0],32,0.0010656365513337107,2.93025,2.0224283320556853,0.71875,-0.014106073848208429,6
x_aq_vpu_top/x_aq_vfmau_top/x_aq_vfmau_dp/x_aq_vfmau_mult/x_aq_vfmau_mult_double/ex1_frac_2[51:0],10,0.00033301142229178463,3.4623999999999997,2.3897127743058117,0.6,0.10536181759711,15
x_aq_vpu_top/x_aq_vfmau_top/x_aq_vfmau_dp/x_aq_vfmau_mult/x_aq_vfmau_mult_double/ex1_left_bias[12:0],0,0.0,0.0,0.0,0.0,,0
x_aq_vpu_top/x_aq_vfmau_top/x_aq_vfmau_dp/x_aq_vfmau_mult/x_aq_vfmau_mult_double/ex1_left_max[12:0],38,0.0012654434047087815,3.4881052631578946,2.4074542818541347,0.7631578947368421,0.07073912270409057,11
x_aq_vpu_top/x_aq_vfmau_top/x_aq_vfmau_dp/x_aq_vfmau_mult/x_aq_vfmau_mult_double/ex1_mac_expnt_diff[12:0],25,0.0008325285557294615,3.2787200000000003,2.2629387324895887,0.76,0.0717601044698267,9
x_aq_vpu_top/x_aq_vfmau_top/x_aq_vfmau_dp/x_aq_vfmau_mult/x_aq_vfmau_mult_double/ex1_mult_expnt[12:0],12,0.00039961370675014153,4.0255833333333335,2.778416103194096,0.6666666666666666,0.11676855810326593,5
x_aq_vpu_top/x_aq_vfmau_top/x_aq_vfmau_dp/x_aq_vfmau_mult/x_aq_vfmau_mult_double/ex1_mult_sign,0,0.0,0.0,0.0,0.0,,0
x_aq_vpu_top/x_aq_vfmau_top/x_aq_vfmau_dp/x_aq_vfmau_mult/x_aq_vfmau_mult_double/ex1_right_max[12:0],0,0.0,0.0,0.0,0.0,,0
x_aq_vpu_top/x_aq_vfmau_top/x_aq_vfmau_dp/x_aq_vfmau_mult/x_aq_vfmau_mult_double/ex1_right_sel,18,0.0005994205601252123,3.1024444444444446,2.1412751618712416,0.6666666666666666,0.009357610132256123,1
x_aq_vpu_top/x_aq_vfmau_top/x_aq_vfmau_dp/x_aq_vfmau_mult/x_aq_vfmau_mult_double/ex1_src2_expnt_not_zero,0,0.0,0.0,0.0,0.0,,0
x_aq_vpu_top/x_aq_vfmau_top/x_aq_vfmau_dp/x_aq_vfmau_mult/x_aq_vfmau_mult_double/ex1_src2_sign,15,0.0004995171334376769,4.703333333333333,3.2461921639570823,0.9333333333333333,-0.021206802145958763,1
x_aq_vpu_top/x_aq_vfmau_top/x_aq_vfmau_dp/x_aq_vfmau_mult/x_aq_vfmau_mult_double/ex2_adder_0[110:0],0,0.0,0.0,0.0,0.0,,0
x_aq_vpu_top/x_aq_vfmau_top/x_aq_vfmau_dp/x_aq_vfmau_mult/x_aq_vfmau_mult_double/ex2_adder_0_0[110:0],0,0.0,0.0,0.0,0.0,,0
x_aq_vpu_top/x_aq_vfmau_top/x_aq_vfmau_dp/x_aq_vfmau_mult/x_aq_vfmau_mult_double/ex2_adder_0_1[110:0],0,0.0,0.0,0.0,0.0,,0
x_aq_vpu_top/x_aq_vfmau_top/x_aq_vfmau_dp/x_aq_vfmau_mult/x_aq_vfmau_mult_double/ex2_adder_0_sel_h,0,0.0,0.0,0.0,0.0,,0
x_aq_vpu_top/x_aq_vfmau_top/x_aq_vfmau_dp/x_aq_vfmau_mult/x_aq_vfmau_mult_double/ex2_adder_1[110:0],0,0.0,0.0,0.0,0.0,,0
x_aq_vpu_top/x_aq_vfmau_top/x_aq_vfmau_dp/x_aq_vfmau_mult/x_aq_vfmau_mult_double/ex2_adder_1_for_bf16_rnd_add_1,0,0.0,0.0,0.0,0.0,,0
x_aq_vpu_top/x_aq_vfmau_top/x_aq_vfmau_dp/x_aq_vfmau_mult/x_aq_vfmau_mult_double/ex2_adder_1_for_bf16_rnd_add_2,0,0.0,0.0,0.0,0.0,,0
x_aq_vpu_top/x_aq_vfmau_top/x_aq_vfmau_dp/x_aq_vfmau_mult/x_aq_vfmau_mult_double/ex2_adder_1_for_double_rnd_add_1,0,0.0,0.0,0.0,0.0,,0
x_aq_vpu_top/x_aq_vfmau_top/x_aq_vfmau_dp/x_aq_vfmau_mult/x_aq_vfmau_mult_double/ex2_adder_1_for_double_rnd_add_2,0,0.0,0.0,0.0,0.0,,0
x_aq_vpu_top/x_aq_vfmau_top/x_aq_vfmau_dp/x_aq_vfmau_mult/x_aq_vfmau_mult_double/ex2_adder_1_for_f16_rnd_add_1,0,0.0,0.0,0.0,0.0,,0
x_aq_vpu_top/x_aq_vfmau_top/x_aq_vfmau_dp/x_aq_vfmau_mult/x_aq_vfmau_mult_double/ex2_adder_1_for_f16_rnd_add_2,0,0.0,0.0,0.0,0.0,,0
x_aq_vpu_top/x_aq_vfmau_top/x_aq_vfmau_dp/x_aq_vfmau_mult/x_aq_vfmau_mult_double/ex2_adder_1_for_single_rnd_add_1,0,0.0,0.0,0.0,0.0,,0
x_aq_vpu_top/x_aq_vfmau_top/x_aq_vfmau_dp/x_aq_vfmau_mult/x_aq_vfmau_mult_double/ex2_adder_1_for_single_rnd_add_2,0,0.0,0.0,0.0,0.0,,0
x_aq_vpu_top/x_aq_vfmau_top/x_aq_vfmau_dp/x_aq_vfmau_mult/x_aq_vfmau_mult_double/ex2_adder_1_rnd_data[110:0],0,0.0,0.0,0.0,0.0,,0
x_aq_vpu_top/x_aq_vfmau_top/x_aq_vfmau_dp/x_aq_vfmau_mult/x_aq_vfmau_mult_double/ex2_data_for_shift[52:0],0,0.0,0.0,0.0,0.0,,0
x_aq_vpu_top/x_aq_vfmau_top/x_aq_vfmau_dp/x_aq_vfmau_mult/x_aq_vfmau_mult_double/ex2_mac_expnt[12:0],2,6.660228445835692e-05,9.846,6.795607663994635,1.0,-0.001818338626010619,2
x_aq_vpu_top/x_aq_vfmau_top/x_aq_vfmau_dp/x_aq_vfmau_mult/x_aq_vfmau_mult_double/ex2_mult_double_gs_bit[1:0],0,0.0,0.0,0.0,0.0,,0
x_aq_vpu_top/x_aq_vfmau_top/x_aq_vfmau_dp/x_aq_vfmau_mult/x_aq_vfmau_mult_double/ex2_mult_half_gs_bit[1:0],0,0.0,0.0,0.0,0.0,,0
x_aq_vpu_top/x_aq_vfmau_top/x_aq_vfmau_dp/x_aq_vfmau_mult/x_aq_vfmau_mult_double/ex2_mult_single_gs_bit[1:0],0,0.0,0.0,0.0,0.0,,0
x_aq_vpu_top/x_aq_vfmau_top/x_aq_vfmau_dp/x_aq_vfmau_mult/x_aq_vfmau_mult_double/ex2_right_max[12:0],0,0.0,0.0,0.0,0.0,,0
x_aq_vpu_top/x_aq_vfmau_top/x_aq_vfmau_dp/x_aq_vfmau_mult/x_aq_vfmau_mult_double/ex2_shift_data[110:0],0,0.0,0.0,0.0,0.0,,0
x_aq_vpu_top/x_aq_vfmau_top/x_aq_vfmau_dp/x_aq_vfmau_mult/x_aq_vfmau_mult_double/ex2_shift_data_out[110:0],0,0.0,0.0,0.0,0.0,,0
x_aq_vpu_top/x_aq_vfmau_top/x_aq_vfmau_dp/x_aq_vfmau_mult/x_aq_vfmau_mult_double/ex2_shift_limit_low[15:0],2,6.660228445835692e-05,9.846,6.795607663994635,1.0,-0.001818338626010619,2
x_aq_vpu_top/x_aq_vfmau_top/x_aq_vfmau_dp/x_aq_vfmau_mult/x_aq_vfmau_mult_double/ex2_shift_limit_vld,1,3.330114222917846e-05,10.872,7.503742283460255,1.0,-0.003229515705865712,1
x_aq_vpu_top/x_aq_vfmau_top/x_aq_vfmau_dp/x_aq_vfmau_mult/x_aq_vfmau_mult_double/ex2_shift_sel[2:0],1,3.330114222917846e-05,10.872,7.503742283460255,1.0,-0.003229515705865712,1
x_aq_vpu_top/x_aq_vfmau_top/x_aq_vfmau_dp/x_aq_vfmau_mult/x_aq_vfmau_mult_double/ex2_sub_vld,0,0.0,0.0,0.0,0.0,,0
x_aq_vpu_top/x_aq_vfmau_top/x_aq_vfmau_dp/x_aq_vfmau_mult/x_aq_vfmau_mult_double/ex3_adder_0_result[110:0],0,0.0,0.0,0.0,0.0,,0
x_aq_vpu_top/x_aq_vfmau_top/x_aq_vfmau_dp/x_aq_vfmau_mult/x_aq_vfmau_mult_double/ex3_adder_1_result[110:0],1,3.330114222917846e-05,10.572000000000003,7.29668537718376,1.0,-0.00423755856826886,1
x_aq_vpu_top/x_aq_vfmau_top/x_aq_vfmau_dp/x_aq_vfmau_mult/x_aq_vfmau_mult_double/ex3_adder_result_sel[2:0],1,3.330114222917846e-05,10.572000000000003,7.29668537718376,1.0,-0.00423755856826886,1
x_aq_vpu_top/x_aq_vfmau_top/x_aq_vfmau_dp/x_aq_vfmau_mult/x_aq_vfmau_mult_double/ex3_fmau_result_15_0[15:0],0,0.0,0.0,0.0,0.0,,0
x_aq_vpu_top/x_aq_vfmau_top/x_aq_vfmau_dp/x_aq_vfmau_mult/x_aq_vfmau_mult_double/ex3_fmau_result_31_16[15:0],2,6.660228445835692e-05,10.722000000000001,7.4002138303220075,1.0,-0.003734104321139775,15
x_aq_vpu_top/x_aq_vfmau_top/x_aq_vfmau_dp/x_aq_vfmau_mult/x_aq_vfmau_mult_double/ex3_fmau_result_47_32[15:0],2,6.660228445835692e-05,10.722000000000001,7.4002138303220075,1.0,-0.003734104321139775,15
x_aq_vpu_top/x_aq_vfmau_top/x_aq_vfmau_dp/x_aq_vfmau_mult/x_aq_vfmau_mult_double/ex3_fmau_result_63_48[15:0],2,6.660228445835692e-05,10.722000000000001,7.4002138303220075,1.0,-0.003734104321139775,15
x_aq_vpu_top/x_aq_vfmau_top/x_aq_vfmau_dp/x_aq_vfmau_mult/x_aq_vfmau_mult_double/ex3_lza_result[6:0],2,6.660228445835692e-05,10.722000000000001,7.4002138303220075,1.0,-0.003734112012956687,2
x_aq_vpu_top/x_aq_vfmau_top/x_aq_vfmau_dp/x_aq_vfmau_mult/x_aq_vfmau_mult_double/ex3_mac_expnt_adjust[12:0],0,0.0,0.0,0.0,0.0,,0
x_aq_vpu_top/x_aq_vfmau_top/x_aq_vfmau_dp/x_aq_vfmau_mult/x_aq_vfmau_mult_double/ex3_mac_expnt_neg_max,1,3.330114222917846e-05,10.572000000000003,7.29668537718376,1.0,-0.00423755856826886,1
x_aq_vpu_top/x_aq_vfmau_top/x_aq_vfmau_dp/x_aq_vfmau_mult/x_aq_vfmau_mult_double/ex3_mac_frac_not_zero,0,0.0,0.0,0.0,0.0,,0
x_aq_vpu_top/x_aq_vfmau_top/x_aq_vfmau_dp/x_aq_vfmau_mult/x_aq_vfmau_mult_double/ex3_mac_result_shift[110:0],0,0.0,0.0,0.0,0.0,,0
x_aq_vpu_top/x_aq_vfmau_top/x_aq_vfmau_dp/x_aq_vfmau_mult/x_aq_vfmau_mult_double/ex3_mac_sign,0,0.0,0.0,0.0,0.0,,0
x_aq_vpu_top/x_aq_vfmau_top/x_aq_vfmau_dp/x_aq_vfmau_mult/x_aq_vfmau_mult_double/ex3_mult_bf16_result[15:0],0,0.0,0.0,0.0,0.0,,0
x_aq_vpu_top/x_aq_vfmau_top/x_aq_vfmau_dp/x_aq_vfmau_mult/x_aq_vfmau_mult_double/ex3_mult_bf16_rnd_bit[2:0],0,0.0,0.0,0.0,0.0,,0
x_aq_vpu_top/x_aq_vfmau_top/x_aq_vfmau_dp/x_aq_vfmau_mult/x_aq_vfmau_mult_double/ex3_mult_double_result[63:0],0,0.0,0.0,0.0,0.0,,0
x_aq_vpu_top/x_aq_vfmau_top/x_aq_vfmau_dp/x_aq_vfmau_mult/x_aq_vfmau_mult_double/ex3_mult_double_rnd_bit[2:0],0,0.0,0.0,0.0,0.0,,0
x_aq_vpu_top/x_aq_vfmau_top/x_aq_vfmau_dp/x_aq_vfmau_mult/x_aq_vfmau_mult_double/ex3_mult_expnt_add_in,0,0.0,0.0,0.0,0.0,,0
x_aq_vpu_top/x_aq_vfmau_top/x_aq_vfmau_dp/x_aq_vfmau_mult/x_aq_vfmau_mult_double/ex3_mult_expnt_p1[12:0],1,3.330114222917846e-05,10.572000000000003,7.29668537718376,1.0,-0.00423755856826886,1
x_aq_vpu_top/x_aq_vfmau_top/x_aq_vfmau_dp/x_aq_vfmau_mult/x_aq_vfmau_mult_double/ex3_mult_expnt_result[10:0],0,0.0,0.0,0.0,0.0,,0
x_aq_vpu_top/x_aq_vfmau_top/x_aq_vfmau_dp/x_aq_vfmau_mult/x_aq_vfmau_mult_double/ex3_mult_frac_sel[1:0],0,0.0,0.0,0.0,0.0,,0
x_aq_vpu_top/x_aq_vfmau_top/x_aq_vfmau_dp/x_aq_vfmau_mult/x_aq_vfmau_mult_double/ex3_mult_half_result[15:0],0,0.0,0.0,0.0,0.0,,0
x_aq_vpu_top/x_aq_vfmau_top/x_aq_vfmau_dp/x_aq_vfmau_mult/x_aq_vfmau_mult_double/ex3_mult_half_rnd_bit[2:0],0,0.0,0.0,0.0,0.0,,0
x_aq_vpu_top/x_aq_vfmau_top/x_aq_vfmau_dp/x_aq_vfmau_mult/x_aq_vfmau_mult_double/ex3_mult_no_rnd_result[51:0],0,0.0,0.0,0.0,0.0,,0
x_aq_vpu_top/x_aq_vfmau_top/x_aq_vfmau_dp/x_aq_vfmau_mult/x_aq_vfmau_mult_double/ex3_mult_nx,0,0.0,0.0,0.0,0.0,,0
x_aq_vpu_top/x_aq_vfmau_top/x_aq_vfmau_dp/x_aq_vfmau_mult/x_aq_vfmau_mult_double/ex3_mult_result[53:0],0,0.0,0.0,0.0,0.0,,0
x_aq_vpu_top/x_aq_vfmau_top/x_aq_vfmau_dp/x_aq_vfmau_mult/x_aq_vfmau_mult_double/ex3_mult_rnd_bit[2:0],0,0.0,0.0,0.0,0.0,,0
x_aq_vpu_top/x_aq_vfmau_top/x_aq_vfmau_dp/x_aq_vfmau_mult/x_aq_vfmau_mult_double/ex3_mult_rnd_result[53:0],0,0.0,0.0,0.0,0.0,,0
x_aq_vpu_top/x_aq_vfmau_top/x_aq_vfmau_dp/x_aq_vfmau_mult/x_aq_vfmau_mult_double/ex3_mult_single_result[31:0],0,0.0,0.0,0.0,0.0,,0
x_aq_vpu_top/x_aq_vfmau_top/x_aq_vfmau_dp/x_aq_vfmau_mult/x_aq_vfmau_mult_double/ex3_mult_single_rnd_bit[2:0],0,0.0,0.0,0.0,0.0,,0
x_aq_vpu_top/x_aq_vfmau_top/x_aq_vfmau_dp/x_aq_vfmau_mult/x_aq_vfmau_mult_double/ex3_shift_limit[110:0],2,6.660228445835692e-05,10.722000000000001,7.4002138303220075,1.0,,2
x_aq_vpu_top/x_aq_vfmau_top/x_aq_vfmau_dp/x_aq_vfmau_mult/x_aq_vfmau_mult_double/ex3_shift_limit_one_hot[127:0],2,6.660228445835692e-05,10.722000000000001,7.4002138303220075,1.0,,2
x_aq_vpu_top/x_aq_vfmau_top/x_aq_vfmau_dp/x_aq_vfmau_mult/x_aq_vfmau_mult_double/ex3_special_data_vld,0,0.0,0.0,0.0,0.0,,0
x_aq_vpu_top/x_aq_vfmau_top/x_aq_vfmau_dp/x_aq_vfmau_mult/x_aq_vfmau_mult_double/ex3_special_fflags[1:0],0,0.0,0.0,0.0,0.0,,0
x_aq_vpu_top/x_aq_vfmau_top/x_aq_vfmau_dp/x_aq_vfmau_mult/x_aq_vfmau_mult_double/ex3_special_result[63:0],0,0.0,0.0,0.0,0.0,,0
x_aq_vpu_top/x_aq_vfmau_top/x_aq_vfmau_dp/x_aq_vfmau_mult/x_aq_vfmau_mult_double/ex4_bf16_rnd_bit[2:0],0,0.0,0.0,0.0,0.0,,0
x_aq_vpu_top/x_aq_vfmau_top/x_aq_vfmau_dp/x_aq_vfmau_mult/x_aq_vfmau_mult_double/ex4_double_early_of,0,0.0,0.0,0.0,0.0,,0
x_aq_vpu_top/x_aq_vfmau_top/x_aq_vfmau_dp/x_aq_vfmau_mult/x_aq_vfmau_mult_double/ex4_double_rnd_bit[2:0],0,0.0,0.0,0.0,0.0,,0
x_aq_vpu_top/x_aq_vfmau_top/x_aq_vfmau_dp/x_aq_vfmau_mult/x_aq_vfmau_mult_double/ex4_early_of,0,0.0,0.0,0.0,0.0,,0
x_aq_vpu_top/x_aq_vfmau_top/x_aq_vfmau_dp/x_aq_vfmau_mult/x_aq_vfmau_mult_double/ex4_expnt_11bit,0,0.0,0.0,0.0,0.0,,0
x_aq_vpu_top/x_aq_vfmau_top/x_aq_vfmau_dp/x_aq_vfmau_mult/x_aq_vfmau_mult_double/ex4_expnt_11bit_p1_of,0,0.0,0.0,0.0,0.0,,0
x_aq_vpu_top/x_aq_vfmau_top/x_aq_vfmau_dp/x_aq_vfmau_mult/x_aq_vfmau_mult_double/ex4_expnt_5bit,0,0.0,0.0,0.0,0.0,,0
x_aq_vpu_top/x_aq_vfmau_top/x_aq_vfmau_dp/x_aq_vfmau_mult/x_aq_vfmau_mult_double/ex4_expnt_5bit_p1_of,0,0.0,0.0,0.0,0.0,,0
x_aq_vpu_top/x_aq_vfmau_top/x_aq_vfmau_dp/x_aq_vfmau_mult/x_aq_vfmau_mult_double/ex4_expnt_8bit,0,0.0,0.0,0.0,0.0,,0
x_aq_vpu_top/x_aq_vfmau_top/x_aq_vfmau_dp/x_aq_vfmau_mult/x_aq_vfmau_mult_double/ex4_expnt_8bit_p1_of,0,0.0,0.0,0.0,0.0,,0
x_aq_vpu_top/x_aq_vfmau_top/x_aq_vfmau_dp/x_aq_vfmau_mult/x_aq_vfmau_mult_double/ex4_expnt_rnd_in,0,0.0,0.0,0.0,0.0,,0
x_aq_vpu_top/x_aq_vfmau_top/x_aq_vfmau_dp/x_aq_vfmau_mult/x_aq_vfmau_mult_double/ex4_f16_rnd_bit[2:0],0,0.0,0.0,0.0,0.0,,0
x_aq_vpu_top/x_aq_vfmau_top/x_aq_vfmau_dp/x_aq_vfmau_mult/x_aq_vfmau_mult_double/ex4_fmau_double_result[63:0],0,0.0,0.0,0.0,0.0,,0
x_aq_vpu_top/x_aq_vfmau_top/x_aq_vfmau_dp/x_aq_vfmau_mult/x_aq_vfmau_mult_double/ex4_fmau_half_result[15:0],0,0.0,0.0,0.0,0.0,,0
x_aq_vpu_top/x_aq_vfmau_top/x_aq_vfmau_dp/x_aq_vfmau_mult/x_aq_vfmau_mult_double/ex4_fmau_result_15_0[15:0],0,0.0,0.0,0.0,0.0,,0
x_aq_vpu_top/x_aq_vfmau_top/x_aq_vfmau_dp/x_aq_vfmau_mult/x_aq_vfmau_mult_double/ex4_fmau_result_31_16[15:0],0,0.0,0.0,0.0,0.0,,0
x_aq_vpu_top/x_aq_vfmau_top/x_aq_vfmau_dp/x_aq_vfmau_mult/x_aq_vfmau_mult_double/ex4_fmau_result_47_32[15:0],2,6.660228445835692e-05,7.126000000000001,4.918291713754395,1.0,-0.005623102754690367,15
x_aq_vpu_top/x_aq_vfmau_top/x_aq_vfmau_dp/x_aq_vfmau_mult/x_aq_vfmau_mult_double/ex4_fmau_result_63_48[15:0],2,6.660228445835692e-05,7.126000000000001,4.918291713754395,1.0,-0.005623102754690367,15
x_aq_vpu_top/x_aq_vfmau_top/x_aq_vfmau_dp/x_aq_vfmau_mult/x_aq_vfmau_mult_double/ex4_fmau_single_result[31:0],0,0.0,0.0,0.0,0.0,,0
x_aq_vpu_top/x_aq_vfmau_top/x_aq_vfmau_dp/x_aq_vfmau_mult/x_aq_vfmau_mult_double/ex4_half_of,0,0.0,0.0,0.0,0.0,,0
x_aq_vpu_top/x_aq_vfmau_top/x_aq_vfmau_dp/x_aq_vfmau_mult/x_aq_vfmau_mult_double/ex4_late_of,0,0.0,0.0,0.0,0.0,,0
x_aq_vpu_top/x_aq_vfmau_top/x_aq_vfmau_dp/x_aq_vfmau_mult/x_aq_vfmau_mult_double/ex4_mac_data_for_rnd[53:0],0,0.0,0.0,0.0,0.0,,0
x_aq_vpu_top/x_aq_vfmau_top/x_aq_vfmau_dp/x_aq_vfmau_mult/x_aq_vfmau_mult_double/ex4_mac_data_no_rnd[52:0],0,0.0,0.0,0.0,0.0,,0
x_aq_vpu_top/x_aq_vfmau_top/x_aq_vfmau_dp/x_aq_vfmau_mult/x_aq_vfmau_mult_double/ex4_mac_data_shift_64[110:0],0,0.0,0.0,0.0,0.0,,0
x_aq_vpu_top/x_aq_vfmau_top/x_aq_vfmau_dp/x_aq_vfmau_mult/x_aq_vfmau_mult_double/ex4_mac_expnt_p1,1,3.330114222917846e-05,3.6799999999999997,2.539898050325031,1.0,-0.007006673318107183,1
x_aq_vpu_top/x_aq_vfmau_top/x_aq_vfmau_dp/x_aq_vfmau_mult/x_aq_vfmau_mult_double/ex4_mac_expnt_sel[2:0],0,0.0,0.0,0.0,0.0,,0
x_aq_vpu_top/x_aq_vfmau_top/x_aq_vfmau_dp/x_aq_vfmau_mult/x_aq_vfmau_mult_double/ex4_mac_frac[110:0],0,0.0,0.0,0.0,0.0,,0
x_aq_vpu_top/x_aq_vfmau_top/x_aq_vfmau_dp/x_aq_vfmau_mult/x_aq_vfmau_mult_double/ex4_mac_frac_sel[1:0],0,0.0,0.0,0.0,0.0,,0
x_aq_vpu_top/x_aq_vfmau_top/x_aq_vfmau_dp/x_aq_vfmau_mult/x_aq_vfmau_mult_double/ex4_mac_nx,0,0.0,0.0,0.0,0.0,,0
x_aq_vpu_top/x_aq_vfmau_top/x_aq_vfmau_dp/x_aq_vfmau_mult/x_aq_vfmau_mult_double/ex4_mac_of,0,0.0,0.0,0.0,0.0,,0
x_aq_vpu_top/x_aq_vfmau_top/x_aq_vfmau_dp/x_aq_vfmau_mult/x_aq_vfmau_mult_double/ex4_mac_rnd_result[53:0],0,0.0,0.0,0.0,0.0,,0
x_aq_vpu_top/x_aq_vfmau_top/x_aq_vfmau_dp/x_aq_vfmau_mult/x_aq_vfmau_mult_double/ex4_mac_sign_result,0,0.0,0.0,0.0,0.0,,0
x_aq_vpu_top/x_aq_vfmau_top/x_aq_vfmau_dp/x_aq_vfmau_mult/x_aq_vfmau_mult_double/ex4_mac_uf,0,0.0,0.0,0.0,0.0,,0
x_aq_vpu_top/x_aq_vfmau_top/x_aq_vfmau_dp/x_aq_vfmau_mult/x_aq_vfmau_mult_double/ex4_mult_double_nx,0,0.0,0.0,0.0,0.0,,0
x_aq_vpu_top/x_aq_vfmau_top/x_aq_vfmau_dp/x_aq_vfmau_mult/x_aq_vfmau_mult_double/ex4_mult_double_result[63:0],0,0.0,0.0,0.0,0.0,,0
x_aq_vpu_top/x_aq_vfmau_top/x_aq_vfmau_dp/x_aq_vfmau_mult/x_aq_vfmau_mult_double/ex4_of_frac_bit,0,0.0,0.0,0.0,0.0,,0
x_aq_vpu_top/x_aq_vfmau_top/x_aq_vfmau_dp/x_aq_vfmau_mult/x_aq_vfmau_mult_double/ex4_p1_of,0,0.0,0.0,0.0,0.0,,0
x_aq_vpu_top/x_aq_vfmau_top/x_aq_vfmau_dp/x_aq_vfmau_mult/x_aq_vfmau_mult_double/ex4_rnd_bit[2:0],0,0.0,0.0,0.0,0.0,,0
x_aq_vpu_top/x_aq_vfmau_top/x_aq_vfmau_dp/x_aq_vfmau_mult/x_aq_vfmau_mult_double/ex4_single_of,0,0.0,0.0,0.0,0.0,,0
x_aq_vpu_top/x_aq_vfmau_top/x_aq_vfmau_dp/x_aq_vfmau_mult/x_aq_vfmau_mult_double/ex4_single_rnd_bit[2:0],0,0.0,0.0,0.0,0.0,,0
x_aq_vpu_top/x_aq_vfmau_top/x_aq_vfmau_dp/x_aq_vfmau_mult/x_aq_vfmau_mult_double/x_aq_vfmau_special_judge_double/cp0_vpu_xx_dqnan,0,0.0,0.0,0.0,0.0,,0
x_aq_vpu_top/x_aq_vfmau_top/x_aq_vfmau_dp/x_aq_vfmau_mult/x_aq_vfmau_mult_double/x_aq_vfmau_special_judge_double/ctrl_dp_ex1_inst_pipe_down,0,0.0,0.0,0.0,0.0,,0
x_aq_vpu_top/x_aq_vfmau_top/x_aq_vfmau_dp/x_aq_vfmau_mult/x_aq_vfmau_mult_double/x_aq_vfmau_special_judge_double/ctrl_dp_ex2_inst_pipe_down,0,0.0,0.0,0.0,0.0,,0
x_aq_vpu_top/x_aq_vfmau_top/x_aq_vfmau_dp/x_aq_vfmau_mult/x_aq_vfmau_mult_double/x_aq_vfmau_special_judge_double/ctrl_dp_ex3_inst_pipe_down,0,0.0,0.0,0.0,0.0,,0
x_aq_vpu_top/x_aq_vfmau_top/x_aq_vfmau_dp/x_aq_vfmau_mult/x_aq_vfmau_mult_double/x_aq_vfmau_special_judge_double/ex1_bf16,0,0.0,0.0,0.0,0.0,,0
x_aq_vpu_top/x_aq_vfmau_top/x_aq_vfmau_dp/x_aq_vfmau_mult/x_aq_vfmau_mult_double/x_aq_vfmau_special_judge_double/ex1_double,0,0.0,0.0,0.0,0.0,,0
x_aq_vpu_top/x_aq_vfmau_top/x_aq_vfmau_dp/x_aq_vfmau_mult/x_aq_vfmau_mult_double/x_aq_vfmau_special_judge_double/ex1_double_expnt_near_of,0,0.0,0.0,0.0,0.0,,0
x_aq_vpu_top/x_aq_vfmau_top/x_aq_vfmau_dp/x_aq_vfmau_mult/x_aq_vfmau_mult_double/x_aq_vfmau_special_judge_double/ex1_double_expnt_near_uf,0,0.0,0.0,0.0,0.0,,0
x_aq_vpu_top/x_aq_vfmau_top/x_aq_vfmau_dp/x_aq_vfmau_mult/x_aq_vfmau_mult_double/x_aq_vfmau_special_judge_double/ex1_dst_bf16,0,0.0,0.0,0.0,0.0,,0
x_aq_vpu_top/x_aq_vfmau_top/x_aq_vfmau_dp/x_aq_vfmau_mult/x_aq_vfmau_mult_double/x_aq_vfmau_special_judge_double/ex1_dst_double,0,0.0,0.0,0.0,0.0,,0
x_aq_vpu_top/x_aq_vfmau_top/x_aq_vfmau_dp/x_aq_vfmau_mult/x_aq_vfmau_mult_double/x_aq_vfmau_special_judge_double/ex1_dst_f16,0,0.0,0.0,0.0,0.0,,0
x_aq_vpu_top/x_aq_vfmau_top/x_aq_vfmau_dp/x_aq_vfmau_mult/x_aq_vfmau_mult_double/x_aq_vfmau_special_judge_double/ex1_dst_half,0,0.0,0.0,0.0,0.0,,0
x_aq_vpu_top/x_aq_vfmau_top/x_aq_vfmau_dp/x_aq_vfmau_mult/x_aq_vfmau_mult_double/x_aq_vfmau_special_judge_double/ex1_dst_single,15,0.0004995171334376769,3.116266666666667,2.1508151171085736,0.8,-0.01819696689905232,1
x_aq_vpu_top/x_aq_vfmau_top/x_aq_vfmau_dp/x_aq_vfmau_mult/x_aq_vfmau_mult_double/x_aq_vfmau_special_judge_double/ex1_half,0,0.0,0.0,0.0,0.0,,0
x_aq_vpu_top/x_aq_vfmau_top/x_aq_vfmau_dp/x_aq_vfmau_mult/x_aq_vfmau_mult_double/x_aq_vfmau_special_judge_double/ex1_mac,16,0.0005328182756668553,1.8413125000000001,1.2708548991274753,0.5625,0.010167585006082027,1
x_aq_vpu_top/x_aq_vfmau_top/x_aq_vfmau_dp/x_aq_vfmau_mult/x_aq_vfmau_mult_double/x_aq_vfmau_special_judge_double/ex1_mult_expnt[12:0],12,0.00039961370675014153,4.0255833333333335,2.778416103194096,0.6666666666666666,0.11676855810326593,5
x_aq_vpu_top/x_aq_vfmau_top/x_aq_vfmau_dp/x_aq_vfmau_mult/x_aq_vfmau_mult_double/x_aq_vfmau_special_judge_double/ex1_mult_sign,0,0.0,0.0,0.0,0.0,,0
x_aq_vpu_top/x_aq_vfmau_top/x_aq_vfmau_dp/x_aq_vfmau_mult/x_aq_vfmau_mult_double/x_aq_vfmau_special_judge_double/ex1_rm[2:0],4,0.00013320456891671384,5.792749999999998,3.9980963127772604,1.0,0.005761307260114271,2
x_aq_vpu_top/x_aq_vfmau_top/x_aq_vfmau_dp/x_aq_vfmau_mult/x_aq_vfmau_mult_double/x_aq_vfmau_special_judge_double/ex1_single,15,0.0004995171334376769,3.116266666666667,2.1508151171085736,0.8,-0.01819696689905232,1
x_aq_vpu_top/x_aq_vfmau_top/x_aq_vfmau_dp/x_aq_vfmau_mult/x_aq_vfmau_mult_double/x_aq_vfmau_special_judge_double/ex1_src2_sign,15,0.0004995171334376769,4.703333333333333,3.2461921639570823,0.9333333333333333,-0.021206802145958763,1
x_aq_vpu_top/x_aq_vfmau_top/x_aq_vfmau_dp/x_aq_vfmau_mult/x_aq_vfmau_mult_double/x_aq_vfmau_special_judge_double/ex1_srcv0[63:0],34,0.0011322388357920678,3.199264705882353,2.2080995078652914,0.8823529411764706,-0.03007154116304795,47
x_aq_vpu_top/x_aq_vfmau_top/x_aq_vfmau_dp/x_aq_vfmau_mult/x_aq_vfmau_mult_double/x_aq_vfmau_special_judge_double/ex1_srcv1[63:0],29,0.0009657331246461754,2.7920689655172413,1.9270572070353988,0.7931034482758621,0.13330910200860932,36
x_aq_vpu_top/x_aq_vfmau_top/x_aq_vfmau_dp/x_aq_vfmau_mult/x_aq_vfmau_mult_double/x_aq_vfmau_special_judge_double/ex1_srcv2[63:0],24,0.0007992274135002831,2.440541666666667,1.6844366904629535,0.7916666666666666,0.10642394907625609,36
x_aq_vpu_top/x_aq_vfmau_top/x_aq_vfmau_dp/x_aq_vfmau_mult/x_aq_vfmau_mult_double/x_aq_vfmau_special_judge_double/ex1_widen,0,0.0,0.0,0.0,0.0,,0
x_aq_vpu_top/x_aq_vfmau_top/x_aq_vfmau_dp/x_aq_vfmau_mult/x_aq_vfmau_mult_double/x_aq_vfmau_special_judge_double/ex2_dst_bf16,0,0.0,0.0,0.0,0.0,,0
x_aq_vpu_top/x_aq_vfmau_top/x_aq_vfmau_dp/x_aq_vfmau_mult/x_aq_vfmau_mult_double/x_aq_vfmau_special_judge_double/ex2_dst_double,0,0.0,0.0,0.0,0.0,,0
x_aq_vpu_top/x_aq_vfmau_top/x_aq_vfmau_dp/x_aq_vfmau_mult/x_aq_vfmau_mult_double/x_aq_vfmau_special_judge_double/ex2_dst_f16,0,0.0,0.0,0.0,0.0,,0
x_aq_vpu_top/x_aq_vfmau_top/x_aq_vfmau_dp/x_aq_vfmau_mult/x_aq_vfmau_mult_double/x_aq_vfmau_special_judge_double/ex2_dst_half,0,0.0,0.0,0.0,0.0,,0
x_aq_vpu_top/x_aq_vfmau_top/x_aq_vfmau_dp/x_aq_vfmau_mult/x_aq_vfmau_mult_double/x_aq_vfmau_special_judge_double/ex2_dst_single,0,0.0,0.0,0.0,0.0,,0
x_aq_vpu_top/x_aq_vfmau_top/x_aq_vfmau_dp/x_aq_vfmau_mult/x_aq_vfmau_mult_double/x_aq_vfmau_special_judge_double/ex3_dst_double,0,0.0,0.0,0.0,0.0,,0
x_aq_vpu_top/x_aq_vfmau_top/x_aq_vfmau_dp/x_aq_vfmau_mult/x_aq_vfmau_mult_double/x_aq_vfmau_special_judge_double/ex3_mult_double_result[63:0],0,0.0,0.0,0.0,0.0,,0
x_aq_vpu_top/x_aq_vfmau_top/x_aq_vfmau_dp/x_aq_vfmau_mult/x_aq_vfmau_mult_double/x_aq_vfmau_special_judge_double/ex3_mult_nx,0,0.0,0.0,0.0,0.0,,0
x_aq_vpu_top/x_aq_vfmau_top/x_aq_vfmau_dp/x_aq_vfmau_mult/x_aq_vfmau_mult_double/x_aq_vfmau_special_judge_double/fmau_ex2_data_clk,0,0.0,0.0,0.0,0.0,,0
x_aq_vpu_top/x_aq_vfmau_top/x_aq_vfmau_dp/x_aq_vfmau_mult/x_aq_vfmau_mult_double/x_aq_vfmau_special_judge_double/fmau_ex3_data_clk,0,0.0,0.0,0.0,0.0,,0
x_aq_vpu_top/x_aq_vfmau_top/x_aq_vfmau_dp/x_aq_vfmau_mult/x_aq_vfmau_mult_double/x_aq_vfmau_special_judge_double/fmau_ex4_data_clk,0,0.0,0.0,0.0,0.0,,0
x_aq_vpu_top/x_aq_vfmau_top/x_aq_vfmau_dp/x_aq_vfmau_mult/x_aq_vfmau_mult_double/x_aq_vfmau_special_judge_double/ifu_vpu_warm_up,2,6.660228445835692e-05,8.55,5.901121828880168,1.0,0.17944175952243305,1
x_aq_vpu_top/x_aq_vfmau_top/x_aq_vfmau_dp/x_aq_vfmau_mult/x_aq_vfmau_mult_double/x_aq_vfmau_special_judge_double/vpu_group_0_xx_ex1_srcv0_type[47:0],30,0.0009990342668753538,3.311833333333334,2.2857932136779304,0.8666666666666667,-0.021183319845226964,16
x_aq_vpu_top/x_aq_vfmau_top/x_aq_vfmau_dp/x_aq_vfmau_mult/x_aq_vfmau_mult_double/x_aq_vfmau_special_judge_double/vpu_group_0_xx_ex1_srcv1_type[47:0],30,0.0009990342668753538,3.1294999999999997,2.1599486273076587,0.8,0.1279855292343095,16
x_aq_vpu_top/x_aq_vfmau_top/x_aq_vfmau_dp/x_aq_vfmau_mult/x_aq_vfmau_mult_double/x_aq_vfmau_special_judge_double/vpu_group_0_xx_ex1_srcv2_type[47:0],10,0.00033301142229178463,1.7683,1.2204624245624327,0.4,-0.018387253439924544,13
x_aq_vpu_top/x_aq_vfmau_top/x_aq_vfmau_dp/x_aq_vfmau_mult/x_aq_vfmau_mult_double/x_aq_vfmau_special_judge_double/ex1_cnan[2:0],23,0.0007659262712711046,3.8759130434782603,2.675115212597769,0.6956521739130435,0.0017120223260795747,3
x_aq_vpu_top/x_aq_vfmau_top/x_aq_vfmau_dp/x_aq_vfmau_mult/x_aq_vfmau_mult_double/x_aq_vfmau_special_judge_double/ex1_expnt_11bit,0,0.0,0.0,0.0,0.0,,0
x_aq_vpu_top/x_aq_vfmau_top/x_aq_vfmau_dp/x_aq_vfmau_mult/x_aq_vfmau_mult_double/x_aq_vfmau_special_judge_double/ex1_expnt_11bit_of0,0,0.0,0.0,0.0,0.0,,0
x_aq_vpu_top/x_aq_vfmau_top/x_aq_vfmau_dp/x_aq_vfmau_mult/x_aq_vfmau_mult_double/x_aq_vfmau_special_judge_double/ex1_expnt_11bit_of1,0,0.0,0.0,0.0,0.0,,0
x_aq_vpu_top/x_aq_vfmau_top/x_aq_vfmau_dp/x_aq_vfmau_mult/x_aq_vfmau_mult_double/x_aq_vfmau_special_judge_double/ex1_expnt_5bit,0,0.0,0.0,0.0,0.0,,0
x_aq_vpu_top/x_aq_vfmau_top/x_aq_vfmau_dp/x_aq_vfmau_mult/x_aq_vfmau_mult_double/x_aq_vfmau_special_judge_double/ex1_expnt_5bit_of0,0,0.0,0.0,0.0,0.0,,0
x_aq_vpu_top/x_aq_vfmau_top/x_aq_vfmau_dp/x_aq_vfmau_mult/x_aq_vfmau_mult_double/x_aq_vfmau_special_judge_double/ex1_expnt_5bit_of1,0,0.0,0.0,0.0,0.0,,0
x_aq_vpu_top/x_aq_vfmau_top/x_aq_vfmau_dp/x_aq_vfmau_mult/x_aq_vfmau_mult_double/x_aq_vfmau_special_judge_double/ex1_expnt_8bit,15,0.0004995171334376769,3.116266666666667,2.1508151171085736,0.8,-0.01819696689905232,1
x_aq_vpu_top/x_aq_vfmau_top/x_aq_vfmau_dp/x_aq_vfmau_mult/x_aq_vfmau_mult_double/x_aq_vfmau_special_judge_double/ex1_expnt_8bit_of0,0,0.0,0.0,0.0,0.0,,0
x_aq_vpu_top/x_aq_vfmau_top/x_aq_vfmau_dp/x_aq_vfmau_mult/x_aq_vfmau_mult_double/x_aq_vfmau_special_judge_double/ex1_expnt_8bit_of1,0,0.0,0.0,0.0,0.0,,0
x_aq_vpu_top/x_aq_vfmau_top/x_aq_vfmau_dp/x_aq_vfmau_mult/x_aq_vfmau_mult_double/x_aq_vfmau_special_judge_double/ex1_fmau_inf_sign,0,0.0,0.0,0.0,0.0,,0
x_aq_vpu_top/x_aq_vfmau_top/x_aq_vfmau_dp/x_aq_vfmau_mult/x_aq_vfmau_mult_double/x_aq_vfmau_special_judge_double/ex1_fmau_lfn_sign,0,0.0,0.0,0.0,0.0,,0
x_aq_vpu_top/x_aq_vfmau_top/x_aq_vfmau_dp/x_aq_vfmau_mult/x_aq_vfmau_mult_double/x_aq_vfmau_special_judge_double/ex1_fmau_nv,0,0.0,0.0,0.0,0.0,,0
x_aq_vpu_top/x_aq_vfmau_top/x_aq_vfmau_dp/x_aq_vfmau_mult/x_aq_vfmau_mult_double/x_aq_vfmau_special_judge_double/ex1_fmau_of,0,0.0,0.0,0.0,0.0,,0
x_aq_vpu_top/x_aq_vfmau_top/x_aq_vfmau_dp/x_aq_vfmau_mult/x_aq_vfmau_mult_double/x_aq_vfmau_special_judge_double/ex1_fmau_result_cnan,0,0.0,0.0,0.0,0.0,,0
x_aq_vpu_top/x_aq_vfmau_top/x_aq_vfmau_dp/x_aq_vfmau_mult/x_aq_vfmau_mult_double/x_aq_vfmau_special_judge_double/ex1_fmau_result_inf,0,0.0,0.0,0.0,0.0,,0
x_aq_vpu_top/x_aq_vfmau_top/x_aq_vfmau_dp/x_aq_vfmau_mult/x_aq_vfmau_mult_double/x_aq_vfmau_special_judge_double/ex1_fmau_result_lfn,0,0.0,0.0,0.0,0.0,,0
x_aq_vpu_top/x_aq_vfmau_top/x_aq_vfmau_dp/x_aq_vfmau_mult/x_aq_vfmau_mult_double/x_aq_vfmau_special_judge_double/ex1_fmau_result_qnan[2:0],0,0.0,0.0,0.0,0.0,,0
x_aq_vpu_top/x_aq_vfmau_top/x_aq_vfmau_dp/x_aq_vfmau_mult/x_aq_vfmau_mult_double/x_aq_vfmau_special_judge_double/ex1_fmau_result_src2,0,0.0,0.0,0.0,0.0,,0
x_aq_vpu_top/x_aq_vfmau_top/x_aq_vfmau_dp/x_aq_vfmau_mult/x_aq_vfmau_mult_double/x_aq_vfmau_special_judge_double/ex1_fmau_result_zero,0,0.0,0.0,0.0,0.0,,0
x_aq_vpu_top/x_aq_vfmau_top/x_aq_vfmau_dp/x_aq_vfmau_mult/x_aq_vfmau_mult_double/x_aq_vfmau_special_judge_double/ex1_fmau_src2_sign,15,0.0004995171334376769,4.703333333333333,3.2461921639570823,0.9333333333333333,-0.021206802145958763,1
x_aq_vpu_top/x_aq_vfmau_top/x_aq_vfmau_dp/x_aq_vfmau_mult/x_aq_vfmau_mult_double/x_aq_vfmau_special_judge_double/ex1_fmau_zero_sign,0,0.0,0.0,0.0,0.0,,0
x_aq_vpu_top/x_aq_vfmau_top/x_aq_vfmau_dp/x_aq_vfmau_mult/x_aq_vfmau_mult_double/x_aq_vfmau_special_judge_double/ex1_inf[2:0],0,0.0,0.0,0.0,0.0,,0
x_aq_vpu_top/x_aq_vfmau_top/x_aq_vfmau_dp/x_aq_vfmau_mult/x_aq_vfmau_mult_double/x_aq_vfmau_special_judge_double/ex1_norm[2:0],4,0.00013320456891671384,4.833999999999999,3.3363769498019558,1.0,-0.020098632563824027,1
x_aq_vpu_top/x_aq_vfmau_top/x_aq_vfmau_dp/x_aq_vfmau_mult/x_aq_vfmau_mult_double/x_aq_vfmau_special_judge_double/ex1_nv[2:0],0,0.0,0.0,0.0,0.0,,0
x_aq_vpu_top/x_aq_vfmau_top/x_aq_vfmau_dp/x_aq_vfmau_mult/x_aq_vfmau_mult_double/x_aq_vfmau_special_judge_double/ex1_qnan[2:0],23,0.0007659262712711046,3.8759130434782603,2.675115212597769,0.6956521739130435,0.0017120223260795747,3
x_aq_vpu_top/x_aq_vfmau_top/x_aq_vfmau_dp/x_aq_vfmau_mult/x_aq_vfmau_mult_double/x_aq_vfmau_special_judge_double/ex1_result_qnan[2:0],0,0.0,0.0,0.0,0.0,,0
x_aq_vpu_top/x_aq_vfmau_top/x_aq_vfmau_dp/x_aq_vfmau_mult/x_aq_vfmau_mult_double/x_aq_vfmau_special_judge_double/ex1_result_zero,0,0.0,0.0,0.0,0.0,,0
x_aq_vpu_top/x_aq_vfmau_top/x_aq_vfmau_dp/x_aq_vfmau_mult/x_aq_vfmau_mult_double/x_aq_vfmau_special_judge_double/ex1_single0,15,0.0004995171334376769,3.116266666666667,2.1508151171085736,0.8,-0.01819696689905232,1
x_aq_vpu_top/x_aq_vfmau_top/x_aq_vfmau_dp/x_aq_vfmau_mult/x_aq_vfmau_mult_double/x_aq_vfmau_special_judge_double/ex1_single1,0,0.0,0.0,0.0,0.0,,0
x_aq_vpu_top/x_aq_vfmau_top/x_aq_vfmau_dp/x_aq_vfmau_mult/x_aq_vfmau_mult_double/x_aq_vfmau_special_judge_double/ex1_snan[2:0],0,0.0,0.0,0.0,0.0,,0
x_aq_vpu_top/x_aq_vfmau_top/x_aq_vfmau_dp/x_aq_vfmau_mult/x_aq_vfmau_mult_double/x_aq_vfmau_special_judge_double/ex1_special_sel[5:0],8,0.00026640913783342767,3.96,2.7331511628497616,0.625,0.10438820238278795,1
x_aq_vpu_top/x_aq_vfmau_top/x_aq_vfmau_dp/x_aq_vfmau_mult/x_aq_vfmau_mult_double/x_aq_vfmau_special_judge_double/ex1_special_sign[3:0],17,0.0005661194178960339,4.534470588235293,3.1296448386725593,0.8235294117647058,-0.009297169613737152,2
x_aq_vpu_top/x_aq_vfmau_top/x_aq_vfmau_dp/x_aq_vfmau_mult/x_aq_vfmau_mult_double/x_aq_vfmau_special_judge_double/ex1_srcv0_type[47:0],30,0.0009990342668753538,3.311833333333334,2.2857932136779304,0.8666666666666667,-0.021183319845226964,16
x_aq_vpu_top/x_aq_vfmau_top/x_aq_vfmau_dp/x_aq_vfmau_mult/x_aq_vfmau_mult_double/x_aq_vfmau_special_judge_double/ex1_srcv1_type[47:0],30,0.0009990342668753538,3.1294999999999997,2.1599486273076587,0.8,0.1279855292343095,16
x_aq_vpu_top/x_aq_vfmau_top/x_aq_vfmau_dp/x_aq_vfmau_mult/x_aq_vfmau_mult_double/x_aq_vfmau_special_judge_double/ex1_srcv2_type[47:0],10,0.00033301142229178463,1.7683,1.2204624245624327,0.4,-0.018387253439924544,13
x_aq_vpu_top/x_aq_vfmau_top/x_aq_vfmau_dp/x_aq_vfmau_mult/x_aq_vfmau_mult_double/x_aq_vfmau_special_judge_double/ex1_sub_vld,0,0.0,0.0,0.0,0.0,,0
x_aq_vpu_top/x_aq_vfmau_top/x_aq_vfmau_dp/x_aq_vfmau_mult/x_aq_vfmau_mult_double/x_aq_vfmau_special_judge_double/ex1_widen_srcv0[63:0],32,0.0010656365513337107,3.07090625,2.1195078253005306,0.875,-0.02469671912235666,12
x_aq_vpu_top/x_aq_vfmau_top/x_aq_vfmau_dp/x_aq_vfmau_mult/x_aq_vfmau_mult_double/x_aq_vfmau_special_judge_double/ex1_widen_srcv1[63:0],29,0.0009657331246461754,2.7920689655172413,1.9270572070353988,0.7931034482758621,0.10329486363054816,11
x_aq_vpu_top/x_aq_vfmau_top/x_aq_vfmau_dp/x_aq_vfmau_mult/x_aq_vfmau_mult_double/x_aq_vfmau_special_judge_double/ex1_zero[2:0],30,0.0009990342668753538,2.5524,1.7616401586004373,0.7333333333333333,-0.014387321699911026,2
x_aq_vpu_top/x_aq_vfmau_top/x_aq_vfmau_dp/x_aq_vfmau_mult/x_aq_vfmau_mult_double/x_aq_vfmau_special_judge_double/ex2_special_data_vld,0,0.0,0.0,0.0,0.0,,0
x_aq_vpu_top/x_aq_vfmau_top/x_aq_vfmau_dp/x_aq_vfmau_mult/x_aq_vfmau_mult_double/x_aq_vfmau_frac_shift_double/ex2_data_for_shift[52:0],0,0.0,0.0,0.0,0.0,,0
x_aq_vpu_top/x_aq_vfmau_top/x_aq_vfmau_dp/x_aq_vfmau_mult/x_aq_vfmau_mult_double/x_aq_vfmau_frac_shift_double/ex2_shift_data_out[110:0],0,0.0,0.0,0.0,0.0,,0
x_aq_vpu_top/x_aq_vfmau_top/x_aq_vfmau_dp/x_aq_vfmau_mult/x_aq_vfmau_mult_double/x_aq_vfmau_frac_shift_double/ex2_shift_index[6:0],1,3.330114222917846e-05,10.872,7.503742283460255,1.0,-0.003229515705865712,1
x_aq_vpu_top/x_aq_vfmau_top/x_aq_vfmau_dp/x_aq_vfmau_mult/x_aq_vfmau_mult_double/x_aq_vfmau_frac_shift_double/data_for_shift[110:0],0,0.0,0.0,0.0,0.0,,0
x_aq_vpu_top/x_aq_vfmau_top/x_aq_vfmau_dp/x_aq_vfmau_mult/x_aq_vfmau_mult_double/x_aq_vfmau_frac_shift_double/shift_index[6:0],1,3.330114222917846e-05,10.872,7.503742283460255,1.0,-0.003229515705865712,1
x_aq_vpu_top/x_aq_vfmau_top/x_aq_vfmau_dp/x_aq_vfmau_mult/x_aq_vfmau_mult_double/x_aq_vfmau_lza_double/addend[110:0],0,0.0,0.0,0.0,0.0,,0
x_aq_vpu_top/x_aq_vfmau_top/x_aq_vfmau_dp/x_aq_vfmau_mult/x_aq_vfmau_mult_double/x_aq_vfmau_lza_double/sub_vld,0,0.0,0.0,0.0,0.0,,0
x_aq_vpu_top/x_aq_vfmau_top/x_aq_vfmau_dp/x_aq_vfmau_mult/x_aq_vfmau_mult_double/x_aq_vfmau_lza_double/summand[110:0],0,0.0,0.0,0.0,0.0,,0
x_aq_vpu_top/x_aq_vfmau_top/x_aq_vfmau_dp/x_aq_vfmau_mult/x_aq_vfmau_mult_double/x_aq_vfmau_lza_double/upper_limit[110:0],2,6.660228445835692e-05,10.722000000000001,7.4002138303220075,1.0,,2
x_aq_vpu_top/x_aq_vfmau_top/x_aq_vfmau_dp/x_aq_vfmau_mult/x_aq_vfmau_mult_double/x_aq_vfmau_lza_double/carry_d[110:0],2,6.660228445835692e-05,10.722000000000001,7.4002138303220075,1.0,,110
x_aq_vpu_top/x_aq_vfmau_top/x_aq_vfmau_dp/x_aq_vfmau_mult/x_aq_vfmau_mult_double/x_aq_vfmau_lza_double/carry_g[110:0],0,0.0,0.0,0.0,0.0,,0
x_aq_vpu_top/x_aq_vfmau_top/x_aq_vfmau_dp/x_aq_vfmau_mult/x_aq_vfmau_mult_double/x_aq_vfmau_lza_double/carry_p[110:0],0,0.0,0.0,0.0,0.0,,0
x_aq_vpu_top/x_aq_vfmau_top/x_aq_vfmau_dp/x_aq_vfmau_mult/x_aq_vfmau_mult_double/x_aq_vfmau_lza_double/data_for_ff1[110:0],2,6.660228445835692e-05,10.722000000000001,7.4002138303220075,1.0,,2
x_aq_vpu_top/x_aq_vfmau_top/x_aq_vfmau_dp/x_aq_vfmau_mult/x_aq_vfmau_mult_double/x_aq_vfmau_lza_double/lza_precod[110:0],0,0.0,0.0,0.0,0.0,,0
x_aq_vpu_top/x_aq_vfmau_top/x_aq_vfmau_dp/x_fmau_ex2_data_gated_clk/clk_in,0,0.0,0.0,0.0,0.0,,0
x_aq_vpu_top/x_aq_vfmau_top/x_aq_vfmau_dp/x_fmau_ex2_data_gated_clk/global_en,1,3.330114222917846e-05,2.862,1.9753228858777825,0.0,0.004988007030259691,1
x_aq_vpu_top/x_aq_vfmau_top/x_aq_vfmau_dp/x_fmau_ex2_data_gated_clk/module_en,0,0.0,0.0,0.0,0.0,,0
x_aq_vpu_top/x_aq_vfmau_top/x_aq_vfmau_dp/x_fmau_ex2_data_gated_clk/local_en,2,6.660228445835692e-05,8.55,5.901121828880168,1.0,0.17944175952243305,1
x_aq_vpu_top/x_aq_vfmau_top/x_aq_vfmau_dp/x_fmau_ex2_data_gated_clk/external_en,0,0.0,0.0,0.0,0.0,,0
x_aq_vpu_top/x_aq_vfmau_top/x_aq_vfmau_dp/x_fmau_ex2_data_gated_clk/pad_yy_icg_scan_en,0,0.0,0.0,0.0,0.0,,0
x_aq_vpu_top/x_aq_vfmau_top/x_aq_vfmau_dp/x_fmau_ex2_data_gated_clk/clk_out,0,0.0,0.0,0.0,0.0,,0
x_aq_vpu_top/x_aq_vfmau_top/x_aq_vfmau_dp/x_fmau_ex2_data_gated_clk/clk_en_bf_latch,2,6.660228445835692e-05,8.55,5.901121828880168,1.0,0.17944175952243305,1
x_aq_vpu_top/x_aq_vfmau_top/x_aq_vfmau_dp/x_fmau_ex2_data_gated_clk/SE,0,0.0,0.0,0.0,0.0,,0
x_aq_vpu_top/x_aq_vfmau_top/x_aq_vfmau_dp/x_fmau_ex3_data_gated_clk/clk_in,0,0.0,0.0,0.0,0.0,,0
x_aq_vpu_top/x_aq_vfmau_top/x_aq_vfmau_dp/x_fmau_ex3_data_gated_clk/global_en,1,3.330114222917846e-05,2.862,1.9753228858777825,0.0,0.004988007030259691,1
x_aq_vpu_top/x_aq_vfmau_top/x_aq_vfmau_dp/x_fmau_ex3_data_gated_clk/module_en,0,0.0,0.0,0.0,0.0,,0
x_aq_vpu_top/x_aq_vfmau_top/x_aq_vfmau_dp/x_fmau_ex3_data_gated_clk/local_en,2,6.660228445835692e-05,8.55,5.901121828880168,1.0,0.17944175952243305,1
x_aq_vpu_top/x_aq_vfmau_top/x_aq_vfmau_dp/x_fmau_ex3_data_gated_clk/external_en,0,0.0,0.0,0.0,0.0,,0
x_aq_vpu_top/x_aq_vfmau_top/x_aq_vfmau_dp/x_fmau_ex3_data_gated_clk/pad_yy_icg_scan_en,0,0.0,0.0,0.0,0.0,,0
x_aq_vpu_top/x_aq_vfmau_top/x_aq_vfmau_dp/x_fmau_ex3_data_gated_clk/clk_out,0,0.0,0.0,0.0,0.0,,0
x_aq_vpu_top/x_aq_vfmau_top/x_aq_vfmau_dp/x_fmau_ex3_data_gated_clk/clk_en_bf_latch,2,6.660228445835692e-05,8.55,5.901121828880168,1.0,0.17944175952243305,1
x_aq_vpu_top/x_aq_vfmau_top/x_aq_vfmau_dp/x_fmau_ex3_data_gated_clk/SE,0,0.0,0.0,0.0,0.0,,0
x_aq_vpu_top/x_aq_vfmau_top/x_aq_vfmau_dp/x_fmau_ex4_data_gated_clk/clk_in,0,0.0,0.0,0.0,0.0,,0
x_aq_vpu_top/x_aq_vfmau_top/x_aq_vfmau_dp/x_fmau_ex4_data_gated_clk/global_en,1,3.330114222917846e-05,2.862,1.9753228858777825,0.0,0.004988007030259691,1
x_aq_vpu_top/x_aq_vfmau_top/x_aq_vfmau_dp/x_fmau_ex4_data_gated_clk/module_en,0,0.0,0.0,0.0,0.0,,0
x_aq_vpu_top/x_aq_vfmau_top/x_aq_vfmau_dp/x_fmau_ex4_data_gated_clk/local_en,2,6.660228445835692e-05,8.55,5.901121828880168,1.0,0.17944175952243305,1
x_aq_vpu_top/x_aq_vfmau_top/x_aq_vfmau_dp/x_fmau_ex4_data_gated_clk/external_en,0,0.0,0.0,0.0,0.0,,0
x_aq_vpu_top/x_aq_vfmau_top/x_aq_vfmau_dp/x_fmau_ex4_data_gated_clk/pad_yy_icg_scan_en,0,0.0,0.0,0.0,0.0,,0
x_aq_vpu_top/x_aq_vfmau_top/x_aq_vfmau_dp/x_fmau_ex4_data_gated_clk/clk_out,0,0.0,0.0,0.0,0.0,,0
x_aq_vpu_top/x_aq_vfmau_top/x_aq_vfmau_dp/x_fmau_ex4_data_gated_clk/clk_en_bf_latch,2,6.660228445835692e-05,8.55,5.901121828880168,1.0,0.17944175952243305,1
x_aq_vpu_top/x_aq_vfmau_top/x_aq_vfmau_dp/x_fmau_ex4_data_gated_clk/SE,0,0.0,0.0,0.0,0.0,,0
x_aq_vpu_top/x_aq_vfmau_top/x_aq_vfmau_dp/x_fmau_ex5_data_gated_clk/clk_in,0,0.0,0.0,0.0,0.0,,0
x_aq_vpu_top/x_aq_vfmau_top/x_aq_vfmau_dp/x_fmau_ex5_data_gated_clk/global_en,1,3.330114222917846e-05,2.862,1.9753228858777825,0.0,0.004988007030259691,1
x_aq_vpu_top/x_aq_vfmau_top/x_aq_vfmau_dp/x_fmau_ex5_data_gated_clk/module_en,0,0.0,0.0,0.0,0.0,,0
x_aq_vpu_top/x_aq_vfmau_top/x_aq_vfmau_dp/x_fmau_ex5_data_gated_clk/local_en,2,6.660228445835692e-05,8.55,5.901121828880168,1.0,0.17944175952243305,1
x_aq_vpu_top/x_aq_vfmau_top/x_aq_vfmau_dp/x_fmau_ex5_data_gated_clk/external_en,0,0.0,0.0,0.0,0.0,,0
x_aq_vpu_top/x_aq_vfmau_top/x_aq_vfmau_dp/x_fmau_ex5_data_gated_clk/pad_yy_icg_scan_en,0,0.0,0.0,0.0,0.0,,0
x_aq_vpu_top/x_aq_vfmau_top/x_aq_vfmau_dp/x_fmau_ex5_data_gated_clk/clk_out,0,0.0,0.0,0.0,0.0,,0
x_aq_vpu_top/x_aq_vfmau_top/x_aq_vfmau_dp/x_fmau_ex5_data_gated_clk/clk_en_bf_latch,2,6.660228445835692e-05,8.55,5.901121828880168,1.0,0.17944175952243305,1
x_aq_vpu_top/x_aq_vfmau_top/x_aq_vfmau_dp/x_fmau_ex5_data_gated_clk/SE,0,0.0,0.0,0.0,0.0,,0
x_aq_vpu_top/x_aq_vlsu_top/cp0_vpu_icg_en,0,0.0,0.0,0.0,0.0,,0
x_aq_vpu_top/x_aq_vlsu_top/cpurst_b,3,9.990342668753538e-05,1.553333333333334,1.0720946480538631,0.0,-0.0005091736528365816,1
x_aq_vpu_top/x_aq_vlsu_top/forever_cpuclk,0,0.0,0.0,0.0,0.0,,0
x_aq_vpu_top/x_aq_vlsu_top/ifu_vpu_warm_up,2,6.660228445835692e-05,8.55,5.901121828880168,1.0,0.17944175952243305,1
x_aq_vpu_top/x_aq_vlsu_top/lsu_vlsu_bytes_vld[7:0],0,0.0,0.0,0.0,0.0,,0
x_aq_vpu_top/x_aq_vlsu_top/lsu_vlsu_data[63:0],429,0.014286190016317559,1.5646759906759908,1.0799232331816129,0.14219114219114218,,58
x_aq_vpu_top/x_aq_vlsu_top/lsu_vlsu_data_grant,0,0.0,0.0,0.0,0.0,,0
x_aq_vpu_top/x_aq_vlsu_top/lsu_vlsu_data_vld,0,0.0,0.0,0.0,0.0,,0
x_aq_vpu_top/x_aq_vlsu_top/lsu_vlsu_dc_create_vld,0,0.0,0.0,0.0,0.0,,0
x_aq_vpu_top/x_aq_vlsu_top/lsu_vlsu_dc_fld_req,0,0.0,0.0,0.0,0.0,,0
x_aq_vpu_top/x_aq_vlsu_top/lsu_vlsu_dc_fof,0,0.0,0.0,0.0,0.0,,0
x_aq_vpu_top/x_aq_vlsu_top/lsu_vlsu_dc_nf[2:0],2,6.660228445835692e-05,8.099999999999998,5.5905364694654205,1.0,0.0002704861125581384,2
x_aq_vpu_top/x_aq_vlsu_top/lsu_vlsu_dc_sew[1:0],0,0.0,0.0,0.0,0.0,,0
x_aq_vpu_top/x_aq_vlsu_top/lsu_vlsu_dc_split_cnt[9:0],0,0.0,0.0,0.0,0.0,,0
x_aq_vpu_top/x_aq_vlsu_top/lsu_vlsu_dc_sseg_first,0,0.0,0.0,0.0,0.0,,0
x_aq_vpu_top/x_aq_vlsu_top/lsu_vlsu_dc_stall,196,0.006527023876918978,1.5798010204081634,1.0903623727272251,0.1326530612244898,0.015365579764862681,1
x_aq_vpu_top/x_aq_vlsu_top/lsu_vlsu_dest_reg[4:0],397,0.01322055346498385,1.674874055415617,1.1559808010570933,0.14105793450881612,0.0024943509928472586,5
x_aq_vpu_top/x_aq_vlsu_top/lsu_vlsu_expt_vld,0,0.0,0.0,0.0,0.0,,0
x_aq_vpu_top/x_aq_vlsu_top/lsu_vlsu_func[19:0],294,0.009790535815378467,1.5450544217687077,1.0663806286675024,0.1360544217687075,-0.0017174845174452733,4
x_aq_vpu_top/x_aq_vlsu_top/lsu_vlsu_sew[1:0],0,0.0,0.0,0.0,0.0,,0
x_aq_vpu_top/x_aq_vlsu_top/lsu_vlsu_split_last,0,0.0,0.0,0.0,0.0,,0
x_aq_vpu_top/x_aq_vlsu_top/lsu_vlsu_st_expt,0,0.0,0.0,0.0,0.0,,0
x_aq_vpu_top/x_aq_vlsu_top/lsu_vlsu_st_offset[3:0],0,0.0,0.0,0.0,0.0,,0
x_aq_vpu_top/x_aq_vlsu_top/lsu_vlsu_st_sew[1:0],81,0.0026973925205634555,1.4227901234567903,0.9819950708123946,0.13580246913580246,0.018012787567183403,2
x_aq_vpu_top/x_aq_vlsu_top/lsu_vlsu_st_size[1:0],105,0.0034966199340637385,1.3446190476190478,0.9280422004014999,0.09523809523809523,-0.0018489695488360775,2
x_aq_vpu_top/x_aq_vlsu_top/lsu_vlsu_vl_update,0,0.0,0.0,0.0,0.0,,0
x_aq_vpu_top/x_aq_vlsu_top/lsu_vlsu_vl_upval[6:0],0,0.0,0.0,0.0,0.0,,0
x_aq_vpu_top/x_aq_vlsu_top/pad_yy_icg_scan_en,0,0.0,0.0,0.0,0.0,,0
x_aq_vpu_top/x_aq_vlsu_top/rtu_yy_xx_async_flush,0,0.0,0.0,0.0,0.0,,0
x_aq_vpu_top/x_aq_vlsu_top/rtu_yy_xx_flush,0,0.0,0.0,0.0,0.0,,0
x_aq_vpu_top/x_aq_vlsu_top/vlsu_buf_stall,0,0.0,0.0,0.0,0.0,,0
x_aq_vpu_top/x_aq_vlsu_top/vlsu_dtu_data[63:0],29,0.0009657331246461754,2.4534827586206895,1.6933684986757522,0.5862068965517241,-0.0020065727931110806,47
x_aq_vpu_top/x_aq_vlsu_top/vlsu_dtu_data_vld,4,0.00013320456891671384,0.6809999999999998,0.4700191772476483,0.0,0.0009078405692112922,1
x_aq_vpu_top/x_aq_vlsu_top/vlsu_dtu_data_vld_gate,4,0.00013320456891671384,2.657999999999999,1.8345241896097637,1.0,0.012458624517614094,1
x_aq_vpu_top/x_aq_vlsu_top/vlsu_lsu_data_shift[3:0],0,0.0,0.0,0.0,0.0,,0
x_aq_vpu_top/x_aq_vlsu_top/vlsu_lsu_data_vld,4,0.00013320456891671384,2.657999999999999,1.8345241896097637,1.0,0.012458624517614094,1
x_aq_vpu_top/x_aq_vlsu_top/vlsu_lsu_fwd_data[63:0],16,0.0005328182756668553,3.02025,2.0845454039386344,0.9375,-0.01944299123022418,34
x_aq_vpu_top/x_aq_vlsu_top/vlsu_lsu_fwd_dest_reg[4:0],28,0.0009324319824169969,2.5695,1.7734424022581978,0.75,-0.014637236857539317,5
x_aq_vpu_top/x_aq_vlsu_top/vlsu_lsu_fwd_vld,0,0.0,0.0,0.0,0.0,,0
x_aq_vpu_top/x_aq_vlsu_top/vlsu_lsu_src2_depd,6,0.00019980685337507077,4.442999999999999,3.066512781954921,1.0,0.005661104632189478,1
x_aq_vpu_top/x_aq_vlsu_top/vlsu_lsu_src2_reg[4:0],34,0.0011322388357920678,2.6828235294117646,1.8516571336193097,0.7352941176470589,0.1188336486595435,4
x_aq_vpu_top/x_aq_vlsu_top/vlsu_lsu_wdata[63:0],29,0.0009657331246461754,2.4534827586206895,1.6933684986757522,0.5862068965517241,-0.0020065727931110806,47
x_aq_vpu_top/x_aq_vlsu_top/vlsu_rbus_fpr_wb_data[63:0],27,0.0008991308401878185,2.760407407407407,1.905204726135013,0.5925925925925926,-0.002126353779248852,47
x_aq_vpu_top/x_aq_vlsu_top/vlsu_rbus_fpr_wb_index[4:0],397,0.01322055346498385,1.674874055415617,1.1559808010570933,0.14105793450881612,0.0024943509928472586,5
x_aq_vpu_top/x_aq_vlsu_top/vlsu_rbus_fpr_wb_req,0,0.0,0.0,0.0,0.0,,0
x_aq_vpu_top/x_aq_vlsu_top/vlsu_rtu_vl_updt_data[7:0],0,0.0,0.0,0.0,0.0,,0
x_aq_vpu_top/x_aq_vlsu_top/vlsu_rtu_vl_updt_vld,0,0.0,0.0,0.0,0.0,,0
x_aq_vpu_top/x_aq_vlsu_top/vlsu_vex1_split_stall,0,0.0,0.0,0.0,0.0,,0
x_aq_vpu_top/x_aq_vlsu_top/vlsu_xx_ex1_fp_stall,0,0.0,0.0,0.0,0.0,,0
x_aq_vpu_top/x_aq_vlsu_top/vlsu_xx_no_op,1,3.330114222917846e-05,2.862,1.9753228858777825,0.0,0.004988007030259691,1
x_aq_vpu_top/x_aq_vlsu_top/vpu_group_3_xx_ex1_func[19:0],44,0.0014652502580838522,3.3622954545454546,2.320621649352368,0.7954545454545454,0.005526236953928676,10
x_aq_vpu_top/x_aq_vlsu_top/vpu_group_3_xx_ex1_sel,12,0.00039961370675014153,1.7017499999999994,1.1745303008534294,0.5,0.10079235848009988,1
x_aq_vpu_top/x_aq_vlsu_top/vpu_group_3_xx_ex1_srcv1[63:0],29,0.0009657331246461754,2.7920689655172413,1.9270572070353988,0.7931034482758621,0.13330910200860932,36
x_aq_vpu_top/x_aq_vlsu_top/vpu_group_3_xx_ex1_srcv2[63:0],10,0.00033301142229178463,1.7683,1.2204624245624327,0.4,-0.018722760431388923,34
x_aq_vpu_top/x_aq_vlsu_top/vpu_group_3_xx_ex1_srcv2_ready,0,0.0,0.0,0.0,0.0,,0
x_aq_vpu_top/x_aq_vlsu_top/vpu_group_3_xx_ex1_vreg[6:0],32,0.0010656365513337107,2.2938125,1.5831657327611917,0.71875,0.16063759671003924,4
x_aq_vpu_top/x_aq_vlsu_top/vpu_vlsu_ex1_lsu_inst_vld,12,0.00039961370675014153,1.7017499999999994,1.1745303008534294,0.5,0.10079235848009988,1
x_aq_vpu_top/x_aq_vlsu_top/vpu_vlsu_fp_wb_data[63:0],16,0.0005328182756668553,3.02025,2.0845454039386344,0.9375,-0.01944299123022418,34
x_aq_vpu_top/x_aq_vlsu_top/vpu_vlsu_fp_wb_reg[4:0],28,0.0009324319824169969,2.5695,1.7734424022581978,0.75,-0.014637236857539317,5
x_aq_vpu_top/x_aq_vlsu_top/vpu_vlsu_fp_wb_vld,0,0.0,0.0,0.0,0.0,,0
x_aq_vpu_top/x_aq_vlsu_top/if_vlsu_fls_data[63:0],27,0.0008991308401878185,2.760407407407407,1.905204726135013,0.5925925925925926,-0.002126353779248852,47
x_aq_vpu_top/x_aq_vlsu_top/if_vlsu_fls_reg[4:0],397,0.01322055346498385,1.674874055415617,1.1559808010570933,0.14105793450881612,0.0024943509928472586,5
x_aq_vpu_top/x_aq_vlsu_top/if_vlsu_fls_wb_vld,0,0.0,0.0,0.0,0.0,,0
x_aq_vpu_top/x_aq_vlsu_top/if_vlsu_fwd_done,0,0.0,0.0,0.0,0.0,,0
x_aq_vpu_top/x_aq_vlsu_top/if_vlsu_merge_data[63:0],27,0.0008991308401878185,2.760407407407407,1.905204726135013,0.5925925925925926,-0.002126353779248852,47
x_aq_vpu_top/x_aq_vlsu_top/if_vlsu_merge_vld,0,0.0,0.0,0.0,0.0,,0
x_aq_vpu_top/x_aq_vlsu_top/if_vlsu_sel0[3:0],0,0.0,0.0,0.0,0.0,,0
x_aq_vpu_top/x_aq_vlsu_top/if_vlsu_sel1[3:0],0,0.0,0.0,0.0,0.0,,0
x_aq_vpu_top/x_aq_vlsu_top/if_vlsu_sel2[3:0],0,0.0,0.0,0.0,0.0,,0
x_aq_vpu_top/x_aq_vlsu_top/if_vlsu_sel3[3:0],0,0.0,0.0,0.0,0.0,,0
x_aq_vpu_top/x_aq_vlsu_top/if_vlsu_vl_update,0,0.0,0.0,0.0,0.0,,0
x_aq_vpu_top/x_aq_vlsu_top/if_vlsu_vl_upval[6:0],0,0.0,0.0,0.0,0.0,,0
x_aq_vpu_top/x_aq_vlsu_top/if_vlsu_vls_wb_abnormal,0,0.0,0.0,0.0,0.0,,0
x_aq_vpu_top/x_aq_vlsu_top/if_vlsu_vls_wb_bytes_vld[7:0],0,0.0,0.0,0.0,0.0,,0
x_aq_vpu_top/x_aq_vlsu_top/if_vlsu_vls_wb_data[63:0],27,0.0008991308401878185,2.760407407407407,1.905204726135013,0.5925925925925926,-0.002126353779248852,47
x_aq_vpu_top/x_aq_vlsu_top/if_vlsu_vls_wb_vld,0,0.0,0.0,0.0,0.0,,0
x_aq_vpu_top/x_aq_vlsu_top/index_stall,0,0.0,0.0,0.0,0.0,,0
x_aq_vpu_top/x_aq_vlsu_top/sseg_abnormal_vld,0,0.0,0.0,0.0,0.0,,0
x_aq_vpu_top/x_aq_vlsu_top/sseg_fwd_last,0,0.0,0.0,0.0,0.0,,0
x_aq_vpu_top/x_aq_vlsu_top/sseg_fwd_vld,0,0.0,0.0,0.0,0.0,,0
x_aq_vpu_top/x_aq_vlsu_top/sseg_nf[2:0],2,6.660228445835692e-05,9.846,6.795607663994635,1.0,-0.001818338626010649,2
x_aq_vpu_top/x_aq_vlsu_top/sseg_split_pause,0,0.0,0.0,0.0,0.0,,0
x_aq_vpu_top/x_aq_vlsu_top/sseg_vld,0,0.0,0.0,0.0,0.0,,0
x_aq_vpu_top/x_aq_vlsu_top/sseg_vtb_all_vld,0,0.0,0.0,0.0,0.0,,0
x_aq_vpu_top/x_aq_vlsu_top/sseg_vtb_all_wb,1,3.330114222917846e-05,2.862,1.9753228858777825,0.0,0.004988007030259691,1
x_aq_vpu_top/x_aq_vlsu_top/sseg_vtb_fwd_pre,0,0.0,0.0,0.0,0.0,,0
x_aq_vpu_top/x_aq_vlsu_top/sseg_vtb_fwd_start,0,0.0,0.0,0.0,0.0,,0
x_aq_vpu_top/x_aq_vlsu_top/sseg_vtb_next_ready,0,0.0,0.0,0.0,0.0,,0
x_aq_vpu_top/x_aq_vlsu_top/sseg_wb_vld,0,0.0,0.0,0.0,0.0,,0
x_aq_vpu_top/x_aq_vlsu_top/vlsu_fld_stall,0,0.0,0.0,0.0,0.0,,0
x_aq_vpu_top/x_aq_vlsu_top/vlsu_if_fof_vld,0,0.0,0.0,0.0,0.0,,0
x_aq_vpu_top/x_aq_vlsu_top/vlsu_if_fwd_vld,4,0.00013320456891671384,2.657999999999999,1.8345241896097637,1.0,0.012458624517614094,1
x_aq_vpu_top/x_aq_vlsu_top/vlsu_if_nf[2:0],4,0.00013320456891671384,5.792749999999998,3.9980963127772604,1.0,0.005761307260114271,2
x_aq_vpu_top/x_aq_vlsu_top/vlsu_if_reg_data[63:0],29,0.0009657331246461754,2.4534827586206895,1.6933684986757522,0.5862068965517241,-0.0020065727931110806,47
x_aq_vpu_top/x_aq_vlsu_top/vlsu_if_reg_fls,18,0.0005994205601252123,3.1024444444444446,2.1412751618712416,0.6666666666666666,0.009357610132256123,1
x_aq_vpu_top/x_aq_vlsu_top/vlsu_if_reg_seq_last,17,0.0005661194178960339,3.351882352941177,2.313434634009286,0.8235294117647058,-0.027245585373752945,1
x_aq_vpu_top/x_aq_vlsu_top/vlsu_if_reg_src2_reg[4:0],34,0.0011322388357920678,2.6828235294117646,1.8516571336193097,0.7352941176470589,0.1188336486595435,4
x_aq_vpu_top/x_aq_vlsu_top/vlsu_if_reg_wdata_ready,4,0.00013320456891671384,3.3332500000000005,2.30057477615378,0.5,0.005454833867979626,1
x_aq_vpu_top/x_aq_vlsu_top/vlsu_if_sew[1:0],0,0.0,0.0,0.0,0.0,,0
x_aq_vpu_top/x_aq_vlsu_top/vlsu_if_split_cnt0[9:0],2,6.660228445835692e-05,3.485499999999999,2.4056561560891017,1.0,-0.0059301219103639335,2
x_aq_vpu_top/x_aq_vlsu_top/vlsu_if_split_cnt0_vld,0,0.0,0.0,0.0,0.0,,0
x_aq_vpu_top/x_aq_vlsu_top/vlsu_if_split_cnt1[9:0],2,6.660228445835692e-05,3.485499999999999,2.4056561560891017,1.0,-0.0059301219103639335,2
x_aq_vpu_top/x_aq_vlsu_top/vlsu_if_split_cnt1_vld,0,0.0,0.0,0.0,0.0,,0
x_aq_vpu_top/x_aq_vlsu_top/vlsu_if_sseg_reg_data[63:0],0,0.0,0.0,0.0,0.0,,0
x_aq_vpu_top/x_aq_vlsu_top/vlsu_if_vtb_round_bit[1:0],0,0.0,0.0,0.0,0.0,,0
x_aq_vpu_top/x_aq_vlsu_top/vlsu_index_stall,0,0.0,0.0,0.0,0.0,,0
x_aq_vpu_top/x_aq_vlsu_top/vlsu_index_up_mask,0,0.0,0.0,0.0,0.0,,0
x_aq_vpu_top/x_aq_vlsu_top/vlsu_rbus_vpr_wb_data[63:0],0,0.0,0.0,0.0,0.0,,0
x_aq_vpu_top/x_aq_vlsu_top/vlsu_rbus_vpr_wb_index[6:0],0,0.0,0.0,0.0,0.0,,0
x_aq_vpu_top/x_aq_vlsu_top/vlsu_rbus_vpr_wb_req,0,0.0,0.0,0.0,0.0,,0
x_aq_vpu_top/x_aq_vlsu_top/vlsu_vidu_split_cancel,0,0.0,0.0,0.0,0.0,,0
x_aq_vpu_top/x_aq_vlsu_top/vlsu_vidu_split_pause,0,0.0,0.0,0.0,0.0,,0
x_aq_vpu_top/x_aq_vlsu_top/vlsu_warm_up,2,6.660228445835692e-05,8.55,5.901121828880168,1.0,0.17944175952243305,1
x_aq_vpu_top/x_aq_vlsu_top/vpu_group_3_xx_ex1_imm[4:0],0,0.0,0.0,0.0,0.0,,0
x_aq_vpu_top/x_aq_vlsu_top/vpu_group_3_xx_ex1_lmul[1:0],0,0.0,0.0,0.0,0.0,,0
x_aq_vpu_top/x_aq_vlsu_top/vpu_group_3_xx_ex1_sew[1:0],0,0.0,0.0,0.0,0.0,,0
x_aq_vpu_top/x_aq_vlsu_top/vpu_group_3_xx_ex1_split_count[7:0],0,0.0,0.0,0.0,0.0,,0
x_aq_vpu_top/x_aq_vlsu_top/vpu_group_3_xx_ex1_vl[7:0],0,0.0,0.0,0.0,0.0,,0
x_aq_vpu_top/x_aq_vlsu_top/vpu_group_3_xx_ex1_vl_byte_mask[7:0],0,0.0,0.0,0.0,0.0,,0
x_aq_vpu_top/x_aq_vlsu_top/vpu_group_3_xx_ex1_vm_byte_mask[7:0],0,0.0,0.0,0.0,0.0,,0
x_aq_vpu_top/x_aq_vlsu_top/vpu_group_3_xx_ex1_vm_high,0,0.0,0.0,0.0,0.0,,0
x_aq_vpu_top/x_aq_vlsu_top/vpu_group_3_xx_ex1_vstart[6:0],0,0.0,0.0,0.0,0.0,,0
x_aq_vpu_top/x_aq_vlsu_top/x_aq_vlsu_lsu_if/cp0_vpu_icg_en,0,0.0,0.0,0.0,0.0,,0
x_aq_vpu_top/x_aq_vlsu_top/x_aq_vlsu_lsu_if/cpurst_b,3,9.990342668753538e-05,1.553333333333334,1.0720946480538631,0.0,-0.0005091736528365816,1
x_aq_vpu_top/x_aq_vlsu_top/x_aq_vlsu_lsu_if/forever_cpuclk,0,0.0,0.0,0.0,0.0,,0
x_aq_vpu_top/x_aq_vlsu_top/x_aq_vlsu_lsu_if/if_vlsu_fls_data[63:0],27,0.0008991308401878185,2.760407407407407,1.905204726135013,0.5925925925925926,-0.002126353779248852,47
x_aq_vpu_top/x_aq_vlsu_top/x_aq_vlsu_lsu_if/if_vlsu_fls_reg[4:0],397,0.01322055346498385,1.674874055415617,1.1559808010570933,0.14105793450881612,0.0024943509928472586,5
x_aq_vpu_top/x_aq_vlsu_top/x_aq_vlsu_lsu_if/if_vlsu_fls_wb_vld,0,0.0,0.0,0.0,0.0,,0
x_aq_vpu_top/x_aq_vlsu_top/x_aq_vlsu_lsu_if/if_vlsu_fwd_done,0,0.0,0.0,0.0,0.0,,0
x_aq_vpu_top/x_aq_vlsu_top/x_aq_vlsu_lsu_if/if_vlsu_merge_data[63:0],27,0.0008991308401878185,2.760407407407407,1.905204726135013,0.5925925925925926,-0.002126353779248852,47
x_aq_vpu_top/x_aq_vlsu_top/x_aq_vlsu_lsu_if/if_vlsu_merge_vld,0,0.0,0.0,0.0,0.0,,0
x_aq_vpu_top/x_aq_vlsu_top/x_aq_vlsu_lsu_if/if_vlsu_sel0[3:0],0,0.0,0.0,0.0,0.0,,0
x_aq_vpu_top/x_aq_vlsu_top/x_aq_vlsu_lsu_if/if_vlsu_sel1[3:0],0,0.0,0.0,0.0,0.0,,0
x_aq_vpu_top/x_aq_vlsu_top/x_aq_vlsu_lsu_if/if_vlsu_sel2[3:0],0,0.0,0.0,0.0,0.0,,0
x_aq_vpu_top/x_aq_vlsu_top/x_aq_vlsu_lsu_if/if_vlsu_sel3[3:0],0,0.0,0.0,0.0,0.0,,0
x_aq_vpu_top/x_aq_vlsu_top/x_aq_vlsu_lsu_if/if_vlsu_vl_update,0,0.0,0.0,0.0,0.0,,0
x_aq_vpu_top/x_aq_vlsu_top/x_aq_vlsu_lsu_if/if_vlsu_vl_upval[6:0],0,0.0,0.0,0.0,0.0,,0
x_aq_vpu_top/x_aq_vlsu_top/x_aq_vlsu_lsu_if/if_vlsu_vls_wb_abnormal,0,0.0,0.0,0.0,0.0,,0
x_aq_vpu_top/x_aq_vlsu_top/x_aq_vlsu_lsu_if/if_vlsu_vls_wb_bytes_vld[7:0],0,0.0,0.0,0.0,0.0,,0
x_aq_vpu_top/x_aq_vlsu_top/x_aq_vlsu_lsu_if/if_vlsu_vls_wb_data[63:0],27,0.0008991308401878185,2.760407407407407,1.905204726135013,0.5925925925925926,-0.002126353779248852,47
x_aq_vpu_top/x_aq_vlsu_top/x_aq_vlsu_lsu_if/if_vlsu_vls_wb_vld,0,0.0,0.0,0.0,0.0,,0
x_aq_vpu_top/x_aq_vlsu_top/x_aq_vlsu_lsu_if/lsu_vlsu_bytes_vld[7:0],0,0.0,0.0,0.0,0.0,,0
x_aq_vpu_top/x_aq_vlsu_top/x_aq_vlsu_lsu_if/lsu_vlsu_data[63:0],429,0.014286190016317559,1.5646759906759908,1.0799232331816129,0.14219114219114218,,58
x_aq_vpu_top/x_aq_vlsu_top/x_aq_vlsu_lsu_if/lsu_vlsu_data_grant,0,0.0,0.0,0.0,0.0,,0
x_aq_vpu_top/x_aq_vlsu_top/x_aq_vlsu_lsu_if/lsu_vlsu_data_vld,0,0.0,0.0,0.0,0.0,,0
x_aq_vpu_top/x_aq_vlsu_top/x_aq_vlsu_lsu_if/lsu_vlsu_dc_create_vld,0,0.0,0.0,0.0,0.0,,0
x_aq_vpu_top/x_aq_vlsu_top/x_aq_vlsu_lsu_if/lsu_vlsu_dc_fof,0,0.0,0.0,0.0,0.0,,0
x_aq_vpu_top/x_aq_vlsu_top/x_aq_vlsu_lsu_if/lsu_vlsu_dc_nf[2:0],2,6.660228445835692e-05,8.099999999999998,5.5905364694654205,1.0,0.0002704861125581384,2
x_aq_vpu_top/x_aq_vlsu_top/x_aq_vlsu_lsu_if/lsu_vlsu_dc_sew[1:0],0,0.0,0.0,0.0,0.0,,0
x_aq_vpu_top/x_aq_vlsu_top/x_aq_vlsu_lsu_if/lsu_vlsu_dc_split_cnt[9:0],0,0.0,0.0,0.0,0.0,,0
x_aq_vpu_top/x_aq_vlsu_top/x_aq_vlsu_lsu_if/lsu_vlsu_dc_sseg_first,0,0.0,0.0,0.0,0.0,,0
x_aq_vpu_top/x_aq_vlsu_top/x_aq_vlsu_lsu_if/lsu_vlsu_dc_stall,196,0.006527023876918978,1.5798010204081634,1.0903623727272251,0.1326530612244898,0.015365579764862681,1
x_aq_vpu_top/x_aq_vlsu_top/x_aq_vlsu_lsu_if/lsu_vlsu_dest_reg[4:0],397,0.01322055346498385,1.674874055415617,1.1559808010570933,0.14105793450881612,0.0024943509928472586,5
x_aq_vpu_top/x_aq_vlsu_top/x_aq_vlsu_lsu_if/lsu_vlsu_expt_vld,0,0.0,0.0,0.0,0.0,,0
x_aq_vpu_top/x_aq_vlsu_top/x_aq_vlsu_lsu_if/lsu_vlsu_func[19:0],294,0.009790535815378467,1.5450544217687077,1.0663806286675024,0.1360544217687075,-0.0017174845174452733,4
x_aq_vpu_top/x_aq_vlsu_top/x_aq_vlsu_lsu_if/lsu_vlsu_sew[1:0],0,0.0,0.0,0.0,0.0,,0
x_aq_vpu_top/x_aq_vlsu_top/x_aq_vlsu_lsu_if/lsu_vlsu_split_last,0,0.0,0.0,0.0,0.0,,0
x_aq_vpu_top/x_aq_vlsu_top/x_aq_vlsu_lsu_if/lsu_vlsu_st_expt,0,0.0,0.0,0.0,0.0,,0
x_aq_vpu_top/x_aq_vlsu_top/x_aq_vlsu_lsu_if/lsu_vlsu_st_offset[3:0],0,0.0,0.0,0.0,0.0,,0
x_aq_vpu_top/x_aq_vlsu_top/x_aq_vlsu_lsu_if/lsu_vlsu_st_sew[1:0],81,0.0026973925205634555,1.4227901234567903,0.9819950708123946,0.13580246913580246,0.018012787567183403,2
x_aq_vpu_top/x_aq_vlsu_top/x_aq_vlsu_lsu_if/lsu_vlsu_st_size[1:0],105,0.0034966199340637385,1.3446190476190478,0.9280422004014999,0.09523809523809523,-0.0018489695488360775,2
x_aq_vpu_top/x_aq_vlsu_top/x_aq_vlsu_lsu_if/lsu_vlsu_vl_update,0,0.0,0.0,0.0,0.0,,0
x_aq_vpu_top/x_aq_vlsu_top/x_aq_vlsu_lsu_if/lsu_vlsu_vl_upval[6:0],0,0.0,0.0,0.0,0.0,,0
x_aq_vpu_top/x_aq_vlsu_top/x_aq_vlsu_lsu_if/pad_yy_icg_scan_en,0,0.0,0.0,0.0,0.0,,0
x_aq_vpu_top/x_aq_vlsu_top/x_aq_vlsu_lsu_if/rtu_yy_xx_flush,0,0.0,0.0,0.0,0.0,,0
x_aq_vpu_top/x_aq_vlsu_top/x_aq_vlsu_lsu_if/sseg_abnormal_vld,0,0.0,0.0,0.0,0.0,,0
x_aq_vpu_top/x_aq_vlsu_top/x_aq_vlsu_lsu_if/sseg_fwd_last,0,0.0,0.0,0.0,0.0,,0
x_aq_vpu_top/x_aq_vlsu_top/x_aq_vlsu_lsu_if/sseg_fwd_vld,0,0.0,0.0,0.0,0.0,,0
x_aq_vpu_top/x_aq_vlsu_top/x_aq_vlsu_lsu_if/sseg_nf[2:0],2,6.660228445835692e-05,9.846,6.795607663994635,1.0,-0.001818338626010649,2
x_aq_vpu_top/x_aq_vlsu_top/x_aq_vlsu_lsu_if/sseg_split_pause,0,0.0,0.0,0.0,0.0,,0
x_aq_vpu_top/x_aq_vlsu_top/x_aq_vlsu_lsu_if/sseg_vld,0,0.0,0.0,0.0,0.0,,0
x_aq_vpu_top/x_aq_vlsu_top/x_aq_vlsu_lsu_if/sseg_vtb_all_vld,0,0.0,0.0,0.0,0.0,,0
x_aq_vpu_top/x_aq_vlsu_top/x_aq_vlsu_lsu_if/sseg_vtb_all_wb,1,3.330114222917846e-05,2.862,1.9753228858777825,0.0,0.004988007030259691,1
x_aq_vpu_top/x_aq_vlsu_top/x_aq_vlsu_lsu_if/sseg_vtb_fwd_pre,0,0.0,0.0,0.0,0.0,,0
x_aq_vpu_top/x_aq_vlsu_top/x_aq_vlsu_lsu_if/sseg_vtb_fwd_start,0,0.0,0.0,0.0,0.0,,0
x_aq_vpu_top/x_aq_vlsu_top/x_aq_vlsu_lsu_if/sseg_vtb_next_ready,0,0.0,0.0,0.0,0.0,,0
x_aq_vpu_top/x_aq_vlsu_top/x_aq_vlsu_lsu_if/sseg_wb_vld,0,0.0,0.0,0.0,0.0,,0
x_aq_vpu_top/x_aq_vlsu_top/x_aq_vlsu_lsu_if/vlsu_buf_stall,0,0.0,0.0,0.0,0.0,,0
x_aq_vpu_top/x_aq_vlsu_top/x_aq_vlsu_lsu_if/vlsu_dtu_data[63:0],29,0.0009657331246461754,2.4534827586206895,1.6933684986757522,0.5862068965517241,-0.0020065727931110806,47
x_aq_vpu_top/x_aq_vlsu_top/x_aq_vlsu_lsu_if/vlsu_dtu_data_vld,4,0.00013320456891671384,0.6809999999999998,0.4700191772476483,0.0,0.0009078405692112922,1
x_aq_vpu_top/x_aq_vlsu_top/x_aq_vlsu_lsu_if/vlsu_dtu_data_vld_gate,4,0.00013320456891671384,2.657999999999999,1.8345241896097637,1.0,0.012458624517614094,1
x_aq_vpu_top/x_aq_vlsu_top/x_aq_vlsu_lsu_if/vlsu_fld_stall,0,0.0,0.0,0.0,0.0,,0
x_aq_vpu_top/x_aq_vlsu_top/x_aq_vlsu_lsu_if/vlsu_if_fof_vld,0,0.0,0.0,0.0,0.0,,0
x_aq_vpu_top/x_aq_vlsu_top/x_aq_vlsu_lsu_if/vlsu_if_fwd_vld,4,0.00013320456891671384,2.657999999999999,1.8345241896097637,1.0,0.012458624517614094,1
x_aq_vpu_top/x_aq_vlsu_top/x_aq_vlsu_lsu_if/vlsu_if_nf[2:0],4,0.00013320456891671384,5.792749999999998,3.9980963127772604,1.0,0.005761307260114271,2
x_aq_vpu_top/x_aq_vlsu_top/x_aq_vlsu_lsu_if/vlsu_if_reg_data[63:0],29,0.0009657331246461754,2.4534827586206895,1.6933684986757522,0.5862068965517241,-0.0020065727931110806,47
x_aq_vpu_top/x_aq_vlsu_top/x_aq_vlsu_lsu_if/vlsu_if_reg_fls,18,0.0005994205601252123,3.1024444444444446,2.1412751618712416,0.6666666666666666,0.009357610132256123,1
x_aq_vpu_top/x_aq_vlsu_top/x_aq_vlsu_lsu_if/vlsu_if_reg_seq_last,17,0.0005661194178960339,3.351882352941177,2.313434634009286,0.8235294117647058,-0.027245585373752945,1
x_aq_vpu_top/x_aq_vlsu_top/x_aq_vlsu_lsu_if/vlsu_if_reg_src2_reg[4:0],34,0.0011322388357920678,2.6828235294117646,1.8516571336193097,0.7352941176470589,0.1188336486595435,4
x_aq_vpu_top/x_aq_vlsu_top/x_aq_vlsu_lsu_if/vlsu_if_reg_wdata_ready,4,0.00013320456891671384,3.3332500000000005,2.30057477615378,0.5,0.005454833867979626,1
x_aq_vpu_top/x_aq_vlsu_top/x_aq_vlsu_lsu_if/vlsu_if_sew[1:0],0,0.0,0.0,0.0,0.0,,0
x_aq_vpu_top/x_aq_vlsu_top/x_aq_vlsu_lsu_if/vlsu_if_split_cnt0[9:0],2,6.660228445835692e-05,3.485499999999999,2.4056561560891017,1.0,-0.0059301219103639335,2
x_aq_vpu_top/x_aq_vlsu_top/x_aq_vlsu_lsu_if/vlsu_if_split_cnt0_vld,0,0.0,0.0,0.0,0.0,,0
x_aq_vpu_top/x_aq_vlsu_top/x_aq_vlsu_lsu_if/vlsu_if_split_cnt1[9:0],2,6.660228445835692e-05,3.485499999999999,2.4056561560891017,1.0,-0.0059301219103639335,2
x_aq_vpu_top/x_aq_vlsu_top/x_aq_vlsu_lsu_if/vlsu_if_split_cnt1_vld,0,0.0,0.0,0.0,0.0,,0
x_aq_vpu_top/x_aq_vlsu_top/x_aq_vlsu_lsu_if/vlsu_if_sseg_reg_data[63:0],0,0.0,0.0,0.0,0.0,,0
x_aq_vpu_top/x_aq_vlsu_top/x_aq_vlsu_lsu_if/vlsu_if_vtb_round_bit[1:0],0,0.0,0.0,0.0,0.0,,0
x_aq_vpu_top/x_aq_vlsu_top/x_aq_vlsu_lsu_if/vlsu_lsu_data_shift[3:0],0,0.0,0.0,0.0,0.0,,0
x_aq_vpu_top/x_aq_vlsu_top/x_aq_vlsu_lsu_if/vlsu_lsu_data_vld,4,0.00013320456891671384,2.657999999999999,1.8345241896097637,1.0,0.012458624517614094,1
x_aq_vpu_top/x_aq_vlsu_top/x_aq_vlsu_lsu_if/vlsu_lsu_fwd_data[63:0],16,0.0005328182756668553,3.02025,2.0845454039386344,0.9375,-0.01944299123022418,34
x_aq_vpu_top/x_aq_vlsu_top/x_aq_vlsu_lsu_if/vlsu_lsu_fwd_dest_reg[4:0],28,0.0009324319824169969,2.5695,1.7734424022581978,0.75,-0.014637236857539317,5
x_aq_vpu_top/x_aq_vlsu_top/x_aq_vlsu_lsu_if/vlsu_lsu_fwd_vld,0,0.0,0.0,0.0,0.0,,0
x_aq_vpu_top/x_aq_vlsu_top/x_aq_vlsu_lsu_if/vlsu_lsu_src2_depd,6,0.00019980685337507077,4.442999999999999,3.066512781954921,1.0,0.005661104632189478,1
x_aq_vpu_top/x_aq_vlsu_top/x_aq_vlsu_lsu_if/vlsu_lsu_src2_reg[4:0],34,0.0011322388357920678,2.6828235294117646,1.8516571336193097,0.7352941176470589,0.1188336486595435,4
x_aq_vpu_top/x_aq_vlsu_top/x_aq_vlsu_lsu_if/vlsu_lsu_wdata[63:0],29,0.0009657331246461754,2.4534827586206895,1.6933684986757522,0.5862068965517241,-0.0020065727931110806,47
x_aq_vpu_top/x_aq_vlsu_top/x_aq_vlsu_lsu_if/vlsu_warm_up,2,6.660228445835692e-05,8.55,5.901121828880168,1.0,0.17944175952243305,1
x_aq_vpu_top/x_aq_vlsu_top/x_aq_vlsu_lsu_if/vpu_vlsu_fp_wb_data[63:0],16,0.0005328182756668553,3.02025,2.0845454039386344,0.9375,-0.01944299123022418,34
x_aq_vpu_top/x_aq_vlsu_top/x_aq_vlsu_lsu_if/vpu_vlsu_fp_wb_reg[4:0],28,0.0009324319824169969,2.5695,1.7734424022581978,0.75,-0.014637236857539317,5
x_aq_vpu_top/x_aq_vlsu_top/x_aq_vlsu_lsu_if/vpu_vlsu_fp_wb_vld,0,0.0,0.0,0.0,0.0,,0
x_aq_vpu_top/x_aq_vlsu_top/x_aq_vlsu_lsu_if/ab_vld,0,0.0,0.0,0.0,0.0,,0
x_aq_vpu_top/x_aq_vlsu_top/x_aq_vlsu_lsu_if/abnormal_clk,0,0.0,0.0,0.0,0.0,,0
x_aq_vpu_top/x_aq_vlsu_top/x_aq_vlsu_lsu_if/abnormal_clk_en,0,0.0,0.0,0.0,0.0,,0
x_aq_vpu_top/x_aq_vlsu_top/x_aq_vlsu_lsu_if/abnormal_data_mask,0,0.0,0.0,0.0,0.0,,0
x_aq_vpu_top/x_aq_vlsu_top/x_aq_vlsu_lsu_if/abnormal_ff,0,0.0,0.0,0.0,0.0,,0
x_aq_vpu_top/x_aq_vlsu_top/x_aq_vlsu_lsu_if/abnormal_vld,0,0.0,0.0,0.0,0.0,,0
x_aq_vpu_top/x_aq_vlsu_top/x_aq_vlsu_lsu_if/cnt0_eq_dc,2,6.660228445835692e-05,7.1865000000000006,4.960048189853488,1.0,0.005276639951097738,1
x_aq_vpu_top/x_aq_vlsu_top/x_aq_vlsu_lsu_if/cnt0_gt_dc,1,3.330114222917846e-05,1.4179999999999975,0.9786889770002413,1.0,-0.006141433491487378,1
x_aq_vpu_top/x_aq_vlsu_top/x_aq_vlsu_lsu_if/cnt1_eq_dc,2,6.660228445835692e-05,7.1865000000000006,4.960048189853488,1.0,0.005276639951097738,1
x_aq_vpu_top/x_aq_vlsu_top/x_aq_vlsu_lsu_if/cnt1_gt_dc,1,3.330114222917846e-05,1.4179999999999975,0.9786889770002413,1.0,-0.006141433491487378,1
x_aq_vpu_top/x_aq_vlsu_top/x_aq_vlsu_lsu_if/data_read[63:0],0,0.0,0.0,0.0,0.0,,0
x_aq_vpu_top/x_aq_vlsu_top/x_aq_vlsu_lsu_if/data_write[63:0],27,0.0008991308401878185,2.760407407407407,1.905204726135013,0.5925925925925926,-0.002126353779248852,47
x_aq_vpu_top/x_aq_vlsu_top/x_aq_vlsu_lsu_if/fwd_data[63:0],29,0.0009657331246461754,2.4534827586206895,1.6933684986757522,0.5862068965517241,-0.0020065727931110806,47
x_aq_vpu_top/x_aq_vlsu_top/x_aq_vlsu_lsu_if/fwd_data_ready,15,0.0004995171334376769,1.1923333333333337,0.8229361708344781,0.6666666666666666,-0.014100629407294412,1
x_aq_vpu_top/x_aq_vlsu_top/x_aq_vlsu_lsu_if/fwd_data_shift[3:0],0,0.0,0.0,0.0,0.0,,0
x_aq_vpu_top/x_aq_vlsu_top/x_aq_vlsu_lsu_if/fwd_next,0,0.0,0.0,0.0,0.0,,0
x_aq_vpu_top/x_aq_vlsu_top/x_aq_vlsu_lsu_if/last_merge,0,0.0,0.0,0.0,0.0,,0
x_aq_vpu_top/x_aq_vlsu_top/x_aq_vlsu_lsu_if/lsu_bytes_vld[7:0],0,0.0,0.0,0.0,0.0,,0
x_aq_vpu_top/x_aq_vlsu_top/x_aq_vlsu_lsu_if/lsu_data[63:0],27,0.0008991308401878185,2.760407407407407,1.905204726135013,0.5925925925925926,-0.002126353779248852,47
x_aq_vpu_top/x_aq_vlsu_top/x_aq_vlsu_lsu_if/lsu_data_vld,0,0.0,0.0,0.0,0.0,,0
x_aq_vpu_top/x_aq_vlsu_top/x_aq_vlsu_lsu_if/lsu_dc_create,0,0.0,0.0,0.0,0.0,,0
x_aq_vpu_top/x_aq_vlsu_top/x_aq_vlsu_lsu_if/lsu_dc_fof,0,0.0,0.0,0.0,0.0,,0
x_aq_vpu_top/x_aq_vlsu_top/x_aq_vlsu_lsu_if/lsu_dc_nf[2:0],2,6.660228445835692e-05,8.099999999999998,5.5905364694654205,1.0,0.0002704861125581384,2
x_aq_vpu_top/x_aq_vlsu_top/x_aq_vlsu_lsu_if/lsu_dc_sew[1:0],0,0.0,0.0,0.0,0.0,,0
x_aq_vpu_top/x_aq_vlsu_top/x_aq_vlsu_lsu_if/lsu_dc_split_cnt[9:0],0,0.0,0.0,0.0,0.0,,0
x_aq_vpu_top/x_aq_vlsu_top/x_aq_vlsu_lsu_if/lsu_dc_sseg_first,0,0.0,0.0,0.0,0.0,,0
x_aq_vpu_top/x_aq_vlsu_top/x_aq_vlsu_lsu_if/lsu_dc_stall,196,0.006527023876918978,1.5798010204081634,1.0903623727272251,0.1326530612244898,0.015365579764862681,1
x_aq_vpu_top/x_aq_vlsu_top/x_aq_vlsu_lsu_if/lsu_dest_reg[4:0],397,0.01322055346498385,1.674874055415617,1.1559808010570933,0.14105793450881612,0.0024943509928472586,5
x_aq_vpu_top/x_aq_vlsu_top/x_aq_vlsu_lsu_if/lsu_expt_vld,0,0.0,0.0,0.0,0.0,,0
x_aq_vpu_top/x_aq_vlsu_top/x_aq_vlsu_lsu_if/lsu_fwd_done,0,0.0,0.0,0.0,0.0,,0
x_aq_vpu_top/x_aq_vlsu_top/x_aq_vlsu_lsu_if/lsu_fwd_expt,0,0.0,0.0,0.0,0.0,,0
x_aq_vpu_top/x_aq_vlsu_top/x_aq_vlsu_lsu_if/lsu_fwd_inst_size[1:0],105,0.0034966199340637385,1.3446190476190478,0.9280422004014999,0.09523809523809523,-0.0018489695488360775,2
x_aq_vpu_top/x_aq_vlsu_top/x_aq_vlsu_lsu_if/lsu_fwd_rot[3:0],0,0.0,0.0,0.0,0.0,,0
x_aq_vpu_top/x_aq_vlsu_top/x_aq_vlsu_lsu_if/lsu_fwd_sew[1:0],81,0.0026973925205634555,1.4227901234567903,0.9819950708123946,0.13580246913580246,0.018012787567183403,2
x_aq_vpu_top/x_aq_vlsu_top/x_aq_vlsu_lsu_if/lsu_fwd_vld,4,0.00013320456891671384,2.657999999999999,1.8345241896097637,1.0,0.012458624517614094,1
x_aq_vpu_top/x_aq_vlsu_top/x_aq_vlsu_lsu_if/lsu_inst_fls,6,0.00019980685337507077,3.603833333333334,2.487328602453721,0.6666666666666666,0.014208692206066121,1
x_aq_vpu_top/x_aq_vlsu_top/x_aq_vlsu_lsu_if/lsu_inst_vfls,6,0.00019980685337507077,3.603833333333334,2.487328602453721,0.6666666666666666,0.014208692206066121,1
x_aq_vpu_top/x_aq_vlsu_top/x_aq_vlsu_lsu_if/lsu_merge_vld,0,0.0,0.0,0.0,0.0,,0
x_aq_vpu_top/x_aq_vlsu_top/x_aq_vlsu_lsu_if/lsu_sew[1:0],0,0.0,0.0,0.0,0.0,,0
x_aq_vpu_top/x_aq_vlsu_top/x_aq_vlsu_lsu_if/lsu_split_last,0,0.0,0.0,0.0,0.0,,0
x_aq_vpu_top/x_aq_vlsu_top/x_aq_vlsu_lsu_if/lsu_vl_update,0,0.0,0.0,0.0,0.0,,0
x_aq_vpu_top/x_aq_vlsu_top/x_aq_vlsu_lsu_if/lsu_vl_upval[6:0],0,0.0,0.0,0.0,0.0,,0
x_aq_vpu_top/x_aq_vlsu_top/x_aq_vlsu_lsu_if/lsu_wb_bytes_vld[7:0],0,0.0,0.0,0.0,0.0,,0
x_aq_vpu_top/x_aq_vlsu_top/x_aq_vlsu_lsu_if/lsu_wb_vld,0,0.0,0.0,0.0,0.0,,0
x_aq_vpu_top/x_aq_vlsu_top/x_aq_vlsu_lsu_if/merge_data[63:0],27,0.0008991308401878185,2.760407407407407,1.905204726135013,0.5925925925925926,-0.002126353779248852,47
x_aq_vpu_top/x_aq_vlsu_top/x_aq_vlsu_lsu_if/nf_create[2:0],2,6.660228445835692e-05,8.099999999999998,5.5905364694654205,1.0,0.0002704861125581384,2
x_aq_vpu_top/x_aq_vlsu_top/x_aq_vlsu_lsu_if/nf_next[2:0],2,6.660228445835692e-05,9.846,6.795607663994635,1.0,-0.001818338626010649,2
x_aq_vpu_top/x_aq_vlsu_top/x_aq_vlsu_lsu_if/read_next,1,3.330114222917846e-05,2.7,1.863512156488474,0.0,0.0034164277607091694,1
x_aq_vpu_top/x_aq_vlsu_top/x_aq_vlsu_lsu_if/sew_create[1:0],0,0.0,0.0,0.0,0.0,,0
x_aq_vpu_top/x_aq_vlsu_top/x_aq_vlsu_lsu_if/sew_le_blk,1,3.330114222917846e-05,10.872,7.503742283460255,1.0,-0.003229515705865712,1
x_aq_vpu_top/x_aq_vlsu_top/x_aq_vlsu_lsu_if/sew_next[1:0],0,0.0,0.0,0.0,0.0,,0
x_aq_vpu_top/x_aq_vlsu_top/x_aq_vlsu_lsu_if/sew_next_sel[2:0],1,3.330114222917846e-05,10.872,7.503742283460255,1.0,-0.003229515705865712,1
x_aq_vpu_top/x_aq_vlsu_top/x_aq_vlsu_lsu_if/sew_qd_blk,0,0.0,0.0,0.0,0.0,,0
x_aq_vpu_top/x_aq_vlsu_top/x_aq_vlsu_lsu_if/sew_tw_blk,0,0.0,0.0,0.0,0.0,,0
x_aq_vpu_top/x_aq_vlsu_top/x_aq_vlsu_lsu_if/split_cnt_dis0[8:0],4,0.00013320456891671384,5.792749999999998,3.9980963127772604,1.0,-0.00014914254207830556,7
x_aq_vpu_top/x_aq_vlsu_top/x_aq_vlsu_lsu_if/split_cnt_dis1[8:0],4,0.00013320456891671384,5.792749999999998,3.9980963127772604,1.0,-0.00014914254207830556,7
x_aq_vpu_top/x_aq_vlsu_top/x_aq_vlsu_lsu_if/sseg_abnormal_idle,0,0.0,0.0,0.0,0.0,,0
x_aq_vpu_top/x_aq_vlsu_top/x_aq_vlsu_lsu_if/sseg_active,0,0.0,0.0,0.0,0.0,,0
x_aq_vpu_top/x_aq_vlsu_top/x_aq_vlsu_lsu_if/sseg_cnt_next[1:0],0,0.0,0.0,0.0,0.0,,0
x_aq_vpu_top/x_aq_vlsu_top/x_aq_vlsu_lsu_if/sseg_expt_active,0,0.0,0.0,0.0,0.0,,0
x_aq_vpu_top/x_aq_vlsu_top/x_aq_vlsu_lsu_if/sseg_expt_merge,0,0.0,0.0,0.0,0.0,,0
x_aq_vpu_top/x_aq_vlsu_top/x_aq_vlsu_lsu_if/sseg_expt_merge_gate,0,0.0,0.0,0.0,0.0,,0
x_aq_vpu_top/x_aq_vlsu_top/x_aq_vlsu_lsu_if/sseg_expt_wait,0,0.0,0.0,0.0,0.0,,0
x_aq_vpu_top/x_aq_vlsu_top/x_aq_vlsu_lsu_if/sseg_fsm_clk,0,0.0,0.0,0.0,0.0,,0
x_aq_vpu_top/x_aq_vlsu_top/x_aq_vlsu_lsu_if/sseg_fsm_start,0,0.0,0.0,0.0,0.0,,0
x_aq_vpu_top/x_aq_vlsu_top/x_aq_vlsu_lsu_if/sseg_full,0,0.0,0.0,0.0,0.0,,0
x_aq_vpu_top/x_aq_vlsu_top/x_aq_vlsu_lsu_if/sseg_fwd_active,0,0.0,0.0,0.0,0.0,,0
x_aq_vpu_top/x_aq_vlsu_top/x_aq_vlsu_lsu_if/sseg_fwd_done,0,0.0,0.0,0.0,0.0,,0
x_aq_vpu_top/x_aq_vlsu_top/x_aq_vlsu_lsu_if/sseg_fwd_pre,0,0.0,0.0,0.0,0.0,,0
x_aq_vpu_top/x_aq_vlsu_top/x_aq_vlsu_lsu_if/sseg_fwd_start,0,0.0,0.0,0.0,0.0,,0
x_aq_vpu_top/x_aq_vlsu_top/x_aq_vlsu_lsu_if/sseg_merge_done,0,0.0,0.0,0.0,0.0,,0
x_aq_vpu_top/x_aq_vlsu_top/x_aq_vlsu_lsu_if/sseg_merge_start,0,0.0,0.0,0.0,0.0,,0
x_aq_vpu_top/x_aq_vlsu_top/x_aq_vlsu_lsu_if/sseg_next_inst,0,0.0,0.0,0.0,0.0,,0
x_aq_vpu_top/x_aq_vlsu_top/x_aq_vlsu_lsu_if/sseg_nf3_part,0,0.0,0.0,0.0,0.0,,0
x_aq_vpu_top/x_aq_vlsu_top/x_aq_vlsu_lsu_if/sseg_start_type,0,0.0,0.0,0.0,0.0,,0
x_aq_vpu_top/x_aq_vlsu_top/x_aq_vlsu_lsu_if/sseg_vl_update,0,0.0,0.0,0.0,0.0,,0
x_aq_vpu_top/x_aq_vlsu_top/x_aq_vlsu_lsu_if/sseg_wb_active,0,0.0,0.0,0.0,0.0,,0
x_aq_vpu_top/x_aq_vlsu_top/x_aq_vlsu_lsu_if/trans_initial,0,0.0,0.0,0.0,0.0,,0
x_aq_vpu_top/x_aq_vlsu_top/x_aq_vlsu_lsu_if/trans_up,0,0.0,0.0,0.0,0.0,,0
x_aq_vpu_top/x_aq_vlsu_top/x_aq_vlsu_lsu_if/trans_up_clk_en,2,6.660228445835692e-05,8.55,5.901121828880168,1.0,0.17944175952243305,1
x_aq_vpu_top/x_aq_vlsu_top/x_aq_vlsu_lsu_if/vl_update,0,0.0,0.0,0.0,0.0,,0
x_aq_vpu_top/x_aq_vlsu_top/x_aq_vlsu_lsu_if/vl_upval[6:0],0,0.0,0.0,0.0,0.0,,0
x_aq_vpu_top/x_aq_vlsu_top/x_aq_vlsu_lsu_if/vlsu_fof_vld,0,0.0,0.0,0.0,0.0,,0
x_aq_vpu_top/x_aq_vlsu_top/x_aq_vlsu_lsu_if/vlsu_fwd_vld,4,0.00013320456891671384,2.657999999999999,1.8345241896097637,1.0,0.012458624517614094,1
x_aq_vpu_top/x_aq_vlsu_top/x_aq_vlsu_lsu_if/vlsu_nf[2:0],4,0.00013320456891671384,5.792749999999998,3.9980963127772604,1.0,0.005761307260114271,2
x_aq_vpu_top/x_aq_vlsu_top/x_aq_vlsu_lsu_if/vlsu_reg_data[63:0],29,0.0009657331246461754,2.4534827586206895,1.6933684986757522,0.5862068965517241,-0.0020065727931110806,47
x_aq_vpu_top/x_aq_vlsu_top/x_aq_vlsu_lsu_if/vlsu_reg_fls,18,0.0005994205601252123,3.1024444444444446,2.1412751618712416,0.6666666666666666,0.009357610132256123,1
x_aq_vpu_top/x_aq_vlsu_top/x_aq_vlsu_lsu_if/vlsu_reg_seq_last,17,0.0005661194178960339,3.351882352941177,2.313434634009286,0.8235294117647058,-0.027245585373752945,1
x_aq_vpu_top/x_aq_vlsu_top/x_aq_vlsu_lsu_if/vlsu_reg_src2_reg[4:0],34,0.0011322388357920678,2.6828235294117646,1.8516571336193097,0.7352941176470589,0.1188336486595435,4
x_aq_vpu_top/x_aq_vlsu_top/x_aq_vlsu_lsu_if/vlsu_reg_wdata_ready,4,0.00013320456891671384,3.3332500000000005,2.30057477615378,0.5,0.005454833867979626,1
x_aq_vpu_top/x_aq_vlsu_top/x_aq_vlsu_lsu_if/vlsu_sew[1:0],0,0.0,0.0,0.0,0.0,,0
x_aq_vpu_top/x_aq_vlsu_top/x_aq_vlsu_lsu_if/vlsu_split_cnt0[9:0],2,6.660228445835692e-05,3.485499999999999,2.4056561560891017,1.0,-0.0059301219103639335,2
x_aq_vpu_top/x_aq_vlsu_top/x_aq_vlsu_lsu_if/vlsu_split_cnt0_vld,0,0.0,0.0,0.0,0.0,,0
x_aq_vpu_top/x_aq_vlsu_top/x_aq_vlsu_lsu_if/vlsu_split_cnt1[9:0],2,6.660228445835692e-05,3.485499999999999,2.4056561560891017,1.0,-0.0059301219103639335,2
x_aq_vpu_top/x_aq_vlsu_top/x_aq_vlsu_lsu_if/vlsu_split_cnt1_vld,0,0.0,0.0,0.0,0.0,,0
x_aq_vpu_top/x_aq_vlsu_top/x_aq_vlsu_lsu_if/vlsu_sseg_reg_data[63:0],0,0.0,0.0,0.0,0.0,,0
x_aq_vpu_top/x_aq_vlsu_top/x_aq_vlsu_lsu_if/vlsu_vtb_ready,0,0.0,0.0,0.0,0.0,,0
x_aq_vpu_top/x_aq_vlsu_top/x_aq_vlsu_lsu_if/vlsu_vtb_round_bit[1:0],0,0.0,0.0,0.0,0.0,,0
x_aq_vpu_top/x_aq_vlsu_top/x_aq_vlsu_lsu_if/x_aq_vlsu_ld_align_buffer/ab_vld,0,0.0,0.0,0.0,0.0,,0
x_aq_vpu_top/x_aq_vlsu_top/x_aq_vlsu_lsu_if/x_aq_vlsu_ld_align_buffer/abnormal_ff,0,0.0,0.0,0.0,0.0,,0
x_aq_vpu_top/x_aq_vlsu_top/x_aq_vlsu_lsu_if/x_aq_vlsu_ld_align_buffer/cp0_vpu_icg_en,0,0.0,0.0,0.0,0.0,,0
x_aq_vpu_top/x_aq_vlsu_top/x_aq_vlsu_lsu_if/x_aq_vlsu_ld_align_buffer/cpurst_b,3,9.990342668753538e-05,1.553333333333334,1.0720946480538631,0.0,-0.0005091736528365816,1
x_aq_vpu_top/x_aq_vlsu_top/x_aq_vlsu_lsu_if/x_aq_vlsu_ld_align_buffer/data_read[63:0],0,0.0,0.0,0.0,0.0,,0
x_aq_vpu_top/x_aq_vlsu_top/x_aq_vlsu_lsu_if/x_aq_vlsu_ld_align_buffer/forever_cpuclk,0,0.0,0.0,0.0,0.0,,0
x_aq_vpu_top/x_aq_vlsu_top/x_aq_vlsu_lsu_if/x_aq_vlsu_ld_align_buffer/lsu_bytes_vld[7:0],0,0.0,0.0,0.0,0.0,,0
x_aq_vpu_top/x_aq_vlsu_top/x_aq_vlsu_lsu_if/x_aq_vlsu_ld_align_buffer/lsu_data[63:0],27,0.0008991308401878185,2.760407407407407,1.905204726135013,0.5925925925925926,-0.002126353779248852,47
x_aq_vpu_top/x_aq_vlsu_top/x_aq_vlsu_lsu_if/x_aq_vlsu_ld_align_buffer/lsu_data_vld,0,0.0,0.0,0.0,0.0,,0
x_aq_vpu_top/x_aq_vlsu_top/x_aq_vlsu_lsu_if/x_aq_vlsu_ld_align_buffer/lsu_expt_vld,0,0.0,0.0,0.0,0.0,,0
x_aq_vpu_top/x_aq_vlsu_top/x_aq_vlsu_lsu_if/x_aq_vlsu_ld_align_buffer/lsu_inst_fls,6,0.00019980685337507077,3.603833333333334,2.487328602453721,0.6666666666666666,0.014208692206066121,1
x_aq_vpu_top/x_aq_vlsu_top/x_aq_vlsu_lsu_if/x_aq_vlsu_ld_align_buffer/lsu_merge_vld,0,0.0,0.0,0.0,0.0,,0
x_aq_vpu_top/x_aq_vlsu_top/x_aq_vlsu_lsu_if/x_aq_vlsu_ld_align_buffer/lsu_vl_update,0,0.0,0.0,0.0,0.0,,0
x_aq_vpu_top/x_aq_vlsu_top/x_aq_vlsu_lsu_if/x_aq_vlsu_ld_align_buffer/lsu_wb_bytes_vld[7:0],0,0.0,0.0,0.0,0.0,,0
x_aq_vpu_top/x_aq_vlsu_top/x_aq_vlsu_lsu_if/x_aq_vlsu_ld_align_buffer/lsu_wb_vld,0,0.0,0.0,0.0,0.0,,0
x_aq_vpu_top/x_aq_vlsu_top/x_aq_vlsu_lsu_if/x_aq_vlsu_ld_align_buffer/merge_data[63:0],27,0.0008991308401878185,2.760407407407407,1.905204726135013,0.5925925925925926,-0.002126353779248852,47
x_aq_vpu_top/x_aq_vlsu_top/x_aq_vlsu_lsu_if/x_aq_vlsu_ld_align_buffer/pad_yy_icg_scan_en,0,0.0,0.0,0.0,0.0,,0
x_aq_vpu_top/x_aq_vlsu_top/x_aq_vlsu_lsu_if/x_aq_vlsu_ld_align_buffer/rtu_yy_xx_flush,0,0.0,0.0,0.0,0.0,,0
x_aq_vpu_top/x_aq_vlsu_top/x_aq_vlsu_lsu_if/x_aq_vlsu_ld_align_buffer/sseg_active,0,0.0,0.0,0.0,0.0,,0
x_aq_vpu_top/x_aq_vlsu_top/x_aq_vlsu_lsu_if/x_aq_vlsu_ld_align_buffer/sseg_expt_merge,0,0.0,0.0,0.0,0.0,,0
x_aq_vpu_top/x_aq_vlsu_top/x_aq_vlsu_lsu_if/x_aq_vlsu_ld_align_buffer/sseg_expt_merge_gate,0,0.0,0.0,0.0,0.0,,0
x_aq_vpu_top/x_aq_vlsu_top/x_aq_vlsu_lsu_if/x_aq_vlsu_ld_align_buffer/sseg_nf3_part,0,0.0,0.0,0.0,0.0,,0
x_aq_vpu_top/x_aq_vlsu_top/x_aq_vlsu_lsu_if/x_aq_vlsu_ld_align_buffer/vlsu_warm_up,2,6.660228445835692e-05,8.55,5.901121828880168,1.0,0.17944175952243305,1
x_aq_vpu_top/x_aq_vlsu_top/x_aq_vlsu_lsu_if/x_aq_vlsu_ld_align_buffer/ab_bytes_up,0,0.0,0.0,0.0,0.0,,0
x_aq_vpu_top/x_aq_vlsu_top/x_aq_vlsu_lsu_if/x_aq_vlsu_ld_align_buffer/ab_create_vld,0,0.0,0.0,0.0,0.0,,0
x_aq_vpu_top/x_aq_vlsu_top/x_aq_vlsu_lsu_if/x_aq_vlsu_ld_align_buffer/ab_data_up,0,0.0,0.0,0.0,0.0,,0
x_aq_vpu_top/x_aq_vlsu_top/x_aq_vlsu_lsu_if/x_aq_vlsu_ld_align_buffer/abnormal_merge_data[63:0],0,0.0,0.0,0.0,0.0,,0
x_aq_vpu_top/x_aq_vlsu_top/x_aq_vlsu_lsu_if/x_aq_vlsu_ld_align_buffer/align_clk,0,0.0,0.0,0.0,0.0,,0
x_aq_vpu_top/x_aq_vlsu_top/x_aq_vlsu_lsu_if/x_aq_vlsu_ld_align_buffer/align_clk_en,2,6.660228445835692e-05,8.55,5.901121828880168,1.0,0.17944175952243305,1
x_aq_vpu_top/x_aq_vlsu_top/x_aq_vlsu_lsu_if/x_aq_vlsu_ld_align_buffer/align_data_clk,0,0.0,0.0,0.0,0.0,,0
x_aq_vpu_top/x_aq_vlsu_top/x_aq_vlsu_lsu_if/x_aq_vlsu_ld_align_buffer/align_data_clk_en,2,6.660228445835692e-05,8.55,5.901121828880168,1.0,0.17944175952243305,1
x_aq_vpu_top/x_aq_vlsu_top/x_aq_vlsu_lsu_if/x_aq_vlsu_ld_align_buffer/align_overflow_clk,0,0.0,0.0,0.0,0.0,,0
x_aq_vpu_top/x_aq_vlsu_top/x_aq_vlsu_lsu_if/x_aq_vlsu_ld_align_buffer/align_overflow_clk_en,2,6.660228445835692e-05,8.55,5.901121828880168,1.0,0.17944175952243305,1
x_aq_vpu_top/x_aq_vlsu_top/x_aq_vlsu_lsu_if/x_aq_vlsu_ld_align_buffer/byte_overflow_next[7:0],0,0.0,0.0,0.0,0.0,,0
x_aq_vpu_top/x_aq_vlsu_top/x_aq_vlsu_lsu_if/x_aq_vlsu_ld_align_buffer/bytes_create[7:0],0,0.0,0.0,0.0,0.0,,0
x_aq_vpu_top/x_aq_vlsu_top/x_aq_vlsu_lsu_if/x_aq_vlsu_ld_align_buffer/bytes_merge[7:0],0,0.0,0.0,0.0,0.0,,0
x_aq_vpu_top/x_aq_vlsu_top/x_aq_vlsu_lsu_if/x_aq_vlsu_ld_align_buffer/bytes_next[7:0],0,0.0,0.0,0.0,0.0,,0
x_aq_vpu_top/x_aq_vlsu_top/x_aq_vlsu_lsu_if/x_aq_vlsu_ld_align_buffer/bytes_ori[7:0],0,0.0,0.0,0.0,0.0,,0
x_aq_vpu_top/x_aq_vlsu_top/x_aq_vlsu_lsu_if/x_aq_vlsu_ld_align_buffer/bytes_vld_ext[63:0],0,0.0,0.0,0.0,0.0,,0
x_aq_vpu_top/x_aq_vlsu_top/x_aq_vlsu_lsu_if/x_aq_vlsu_ld_align_buffer/data_aft_rot[63:0],27,0.0008991308401878185,2.760407407407407,1.905204726135013,0.5925925925925926,-0.002126353779248852,47
x_aq_vpu_top/x_aq_vlsu_top/x_aq_vlsu_lsu_if/x_aq_vlsu_ld_align_buffer/data_create[63:0],27,0.0008991308401878185,2.760407407407407,1.905204726135013,0.5925925925925926,-0.002126353779248852,47
x_aq_vpu_top/x_aq_vlsu_top/x_aq_vlsu_lsu_if/x_aq_vlsu_ld_align_buffer/data_merge[63:0],27,0.0008991308401878185,2.760407407407407,1.905204726135013,0.5925925925925926,-0.002126353779248852,47
x_aq_vpu_top/x_aq_vlsu_top/x_aq_vlsu_lsu_if/x_aq_vlsu_ld_align_buffer/data_next[63:0],27,0.0008991308401878185,2.760407407407407,1.905204726135013,0.5925925925925926,-0.002126353779248852,47
x_aq_vpu_top/x_aq_vlsu_top/x_aq_vlsu_lsu_if/x_aq_vlsu_ld_align_buffer/data_normal_vld,0,0.0,0.0,0.0,0.0,,0
x_aq_vpu_top/x_aq_vlsu_top/x_aq_vlsu_lsu_if/x_aq_vlsu_ld_align_buffer/data_ori[63:0],27,0.0008991308401878185,2.760407407407407,1.905204726135013,0.5925925925925926,-0.002126353779248852,47
x_aq_vpu_top/x_aq_vlsu_top/x_aq_vlsu_lsu_if/x_aq_vlsu_ld_align_buffer/data_overflow_next[63:0],27,0.0008991308401878185,2.760407407407407,1.905204726135013,0.5925925925925926,0.022708049821231223,29
x_aq_vpu_top/x_aq_vlsu_top/x_aq_vlsu_lsu_if/x_aq_vlsu_ld_align_buffer/data_vld,0,0.0,0.0,0.0,0.0,,0
x_aq_vpu_top/x_aq_vlsu_top/x_aq_vlsu_lsu_if/x_aq_vlsu_ld_align_buffer/lsu_abnormal_vld,0,0.0,0.0,0.0,0.0,,0
x_aq_vpu_top/x_aq_vlsu_top/x_aq_vlsu_lsu_if/x_aq_vlsu_ld_align_buffer/lsu_wb_ready,0,0.0,0.0,0.0,0.0,,0
x_aq_vpu_top/x_aq_vlsu_top/x_aq_vlsu_lsu_if/x_aq_vlsu_ld_align_buffer/nf3,0,0.0,0.0,0.0,0.0,,0
x_aq_vpu_top/x_aq_vlsu_top/x_aq_vlsu_lsu_if/x_aq_vlsu_ld_align_buffer/overflow_vld,0,0.0,0.0,0.0,0.0,,0
x_aq_vpu_top/x_aq_vlsu_top/x_aq_vlsu_lsu_if/x_aq_vlsu_ld_align_buffer/sseg_abnormal_merge,0,0.0,0.0,0.0,0.0,,0
x_aq_vpu_top/x_aq_vlsu_top/x_aq_vlsu_lsu_if/x_aq_vlsu_ld_align_buffer/sseg_merge,0,0.0,0.0,0.0,0.0,,0
x_aq_vpu_top/x_aq_vlsu_top/x_aq_vlsu_lsu_if/x_aq_vlsu_ld_align_buffer/sseg_merge_data[63:0],0,0.0,0.0,0.0,0.0,,0
x_aq_vpu_top/x_aq_vlsu_top/x_aq_vlsu_lsu_if/x_aq_vlsu_ld_align_buffer/wb_ready,0,0.0,0.0,0.0,0.0,,0
x_aq_vpu_top/x_aq_vlsu_top/x_aq_vlsu_lsu_if/x_aq_vlsu_ld_align_buffer/x_aq_lsu_align_buffer_gated_clk/clk_in,0,0.0,0.0,0.0,0.0,,0
x_aq_vpu_top/x_aq_vlsu_top/x_aq_vlsu_lsu_if/x_aq_vlsu_ld_align_buffer/x_aq_lsu_align_buffer_gated_clk/global_en,0,0.0,0.0,0.0,0.0,,0
x_aq_vpu_top/x_aq_vlsu_top/x_aq_vlsu_lsu_if/x_aq_vlsu_ld_align_buffer/x_aq_lsu_align_buffer_gated_clk/module_en,0,0.0,0.0,0.0,0.0,,0
x_aq_vpu_top/x_aq_vlsu_top/x_aq_vlsu_lsu_if/x_aq_vlsu_ld_align_buffer/x_aq_lsu_align_buffer_gated_clk/local_en,2,6.660228445835692e-05,8.55,5.901121828880168,1.0,0.17944175952243305,1
x_aq_vpu_top/x_aq_vlsu_top/x_aq_vlsu_lsu_if/x_aq_vlsu_ld_align_buffer/x_aq_lsu_align_buffer_gated_clk/external_en,0,0.0,0.0,0.0,0.0,,0
x_aq_vpu_top/x_aq_vlsu_top/x_aq_vlsu_lsu_if/x_aq_vlsu_ld_align_buffer/x_aq_lsu_align_buffer_gated_clk/pad_yy_icg_scan_en,0,0.0,0.0,0.0,0.0,,0
x_aq_vpu_top/x_aq_vlsu_top/x_aq_vlsu_lsu_if/x_aq_vlsu_ld_align_buffer/x_aq_lsu_align_buffer_gated_clk/clk_out,0,0.0,0.0,0.0,0.0,,0
x_aq_vpu_top/x_aq_vlsu_top/x_aq_vlsu_lsu_if/x_aq_vlsu_ld_align_buffer/x_aq_lsu_align_buffer_gated_clk/clk_en_bf_latch,2,6.660228445835692e-05,8.55,5.901121828880168,1.0,0.17944175952243305,1
x_aq_vpu_top/x_aq_vlsu_top/x_aq_vlsu_lsu_if/x_aq_vlsu_ld_align_buffer/x_aq_lsu_align_buffer_gated_clk/SE,0,0.0,0.0,0.0,0.0,,0
x_aq_vpu_top/x_aq_vlsu_top/x_aq_vlsu_lsu_if/x_aq_vlsu_ld_align_buffer/x_aq_lsu_align_buffer_data_gated_clk/clk_in,0,0.0,0.0,0.0,0.0,,0
x_aq_vpu_top/x_aq_vlsu_top/x_aq_vlsu_lsu_if/x_aq_vlsu_ld_align_buffer/x_aq_lsu_align_buffer_data_gated_clk/global_en,0,0.0,0.0,0.0,0.0,,0
x_aq_vpu_top/x_aq_vlsu_top/x_aq_vlsu_lsu_if/x_aq_vlsu_ld_align_buffer/x_aq_lsu_align_buffer_data_gated_clk/module_en,0,0.0,0.0,0.0,0.0,,0
x_aq_vpu_top/x_aq_vlsu_top/x_aq_vlsu_lsu_if/x_aq_vlsu_ld_align_buffer/x_aq_lsu_align_buffer_data_gated_clk/local_en,2,6.660228445835692e-05,8.55,5.901121828880168,1.0,0.17944175952243305,1
x_aq_vpu_top/x_aq_vlsu_top/x_aq_vlsu_lsu_if/x_aq_vlsu_ld_align_buffer/x_aq_lsu_align_buffer_data_gated_clk/external_en,0,0.0,0.0,0.0,0.0,,0
x_aq_vpu_top/x_aq_vlsu_top/x_aq_vlsu_lsu_if/x_aq_vlsu_ld_align_buffer/x_aq_lsu_align_buffer_data_gated_clk/pad_yy_icg_scan_en,0,0.0,0.0,0.0,0.0,,0
x_aq_vpu_top/x_aq_vlsu_top/x_aq_vlsu_lsu_if/x_aq_vlsu_ld_align_buffer/x_aq_lsu_align_buffer_data_gated_clk/clk_out,0,0.0,0.0,0.0,0.0,,0
x_aq_vpu_top/x_aq_vlsu_top/x_aq_vlsu_lsu_if/x_aq_vlsu_ld_align_buffer/x_aq_lsu_align_buffer_data_gated_clk/clk_en_bf_latch,2,6.660228445835692e-05,8.55,5.901121828880168,1.0,0.17944175952243305,1
x_aq_vpu_top/x_aq_vlsu_top/x_aq_vlsu_lsu_if/x_aq_vlsu_ld_align_buffer/x_aq_lsu_align_buffer_data_gated_clk/SE,0,0.0,0.0,0.0,0.0,,0
x_aq_vpu_top/x_aq_vlsu_top/x_aq_vlsu_lsu_if/x_aq_vlsu_ld_align_buffer/x_aq_lsu_align_buffer_overflow_gated_clk/clk_in,0,0.0,0.0,0.0,0.0,,0
x_aq_vpu_top/x_aq_vlsu_top/x_aq_vlsu_lsu_if/x_aq_vlsu_ld_align_buffer/x_aq_lsu_align_buffer_overflow_gated_clk/global_en,0,0.0,0.0,0.0,0.0,,0
x_aq_vpu_top/x_aq_vlsu_top/x_aq_vlsu_lsu_if/x_aq_vlsu_ld_align_buffer/x_aq_lsu_align_buffer_overflow_gated_clk/module_en,0,0.0,0.0,0.0,0.0,,0
x_aq_vpu_top/x_aq_vlsu_top/x_aq_vlsu_lsu_if/x_aq_vlsu_ld_align_buffer/x_aq_lsu_align_buffer_overflow_gated_clk/local_en,2,6.660228445835692e-05,8.55,5.901121828880168,1.0,0.17944175952243305,1
x_aq_vpu_top/x_aq_vlsu_top/x_aq_vlsu_lsu_if/x_aq_vlsu_ld_align_buffer/x_aq_lsu_align_buffer_overflow_gated_clk/external_en,0,0.0,0.0,0.0,0.0,,0
x_aq_vpu_top/x_aq_vlsu_top/x_aq_vlsu_lsu_if/x_aq_vlsu_ld_align_buffer/x_aq_lsu_align_buffer_overflow_gated_clk/pad_yy_icg_scan_en,0,0.0,0.0,0.0,0.0,,0
x_aq_vpu_top/x_aq_vlsu_top/x_aq_vlsu_lsu_if/x_aq_vlsu_ld_align_buffer/x_aq_lsu_align_buffer_overflow_gated_clk/clk_out,0,0.0,0.0,0.0,0.0,,0
x_aq_vpu_top/x_aq_vlsu_top/x_aq_vlsu_lsu_if/x_aq_vlsu_ld_align_buffer/x_aq_lsu_align_buffer_overflow_gated_clk/clk_en_bf_latch,2,6.660228445835692e-05,8.55,5.901121828880168,1.0,0.17944175952243305,1
x_aq_vpu_top/x_aq_vlsu_top/x_aq_vlsu_lsu_if/x_aq_vlsu_ld_align_buffer/x_aq_lsu_align_buffer_overflow_gated_clk/SE,0,0.0,0.0,0.0,0.0,,0
x_aq_vpu_top/x_aq_vlsu_top/x_aq_vlsu_lsu_if/x_aq_vlsu_ld_align_buffer/x_vlsu_ld_data_rot/data_in[63:0],27,0.0008991308401878185,2.760407407407407,1.905204726135013,0.5925925925925926,-0.002126353779248852,47
x_aq_vpu_top/x_aq_vlsu_top/x_aq_vlsu_lsu_if/x_aq_vlsu_ld_align_buffer/x_vlsu_ld_data_rot/data_out[63:0],27,0.0008991308401878185,2.760407407407407,1.905204726135013,0.5925925925925926,-0.002126353779248852,47
x_aq_vpu_top/x_aq_vlsu_top/x_aq_vlsu_lsu_if/x_aq_vlsu_ld_align_buffer/x_vlsu_ld_data_rot/rot_sel[7:0],1,3.330114222917846e-05,2.862,1.9753228858777825,0.0,0.004988007030259691,1
x_aq_vpu_top/x_aq_vlsu_top/x_aq_vlsu_lsu_if/x_aq_vlsu_ld_align_buffer/x_vlsu_ld_data_rot/data[63:0],27,0.0008991308401878185,2.760407407407407,1.905204726135013,0.5925925925925926,-0.002126353779248852,47
x_aq_vpu_top/x_aq_vlsu_top/x_aq_vlsu_lsu_if/x_aq_vlsu_ld_align_buffer/x_vlsu_ld_data_rot/data_rot0[63:0],27,0.0008991308401878185,2.760407407407407,1.905204726135013,0.5925925925925926,-0.002126353779248852,47
x_aq_vpu_top/x_aq_vlsu_top/x_aq_vlsu_lsu_if/x_aq_vlsu_ld_align_buffer/x_vlsu_ld_data_rot/data_rot1[63:0],27,0.0008991308401878185,2.760407407407407,1.905204726135013,0.5925925925925926,-0.0009662696059206499,44
x_aq_vpu_top/x_aq_vlsu_top/x_aq_vlsu_lsu_if/x_aq_vlsu_ld_align_buffer/x_vlsu_ld_data_rot/data_rot2[63:0],27,0.0008991308401878185,2.760407407407407,1.905204726135013,0.5925925925925926,0.005855017120565246,38
x_aq_vpu_top/x_aq_vlsu_top/x_aq_vlsu_lsu_if/x_aq_vlsu_ld_align_buffer/x_vlsu_ld_data_rot/data_rot3[63:0],27,0.0008991308401878185,2.760407407407407,1.905204726135013,0.5925925925925926,0.02270804982121013,34
x_aq_vpu_top/x_aq_vlsu_top/x_aq_vlsu_lsu_if/x_aq_vlsu_ld_align_buffer/x_vlsu_ld_data_rot/data_rot4[63:0],27,0.0008991308401878185,2.760407407407407,1.905204726135013,0.5925925925925926,0.015997951052657215,33
x_aq_vpu_top/x_aq_vlsu_top/x_aq_vlsu_lsu_if/x_aq_vlsu_ld_align_buffer/x_vlsu_ld_data_rot/data_rot5[63:0],27,0.0008991308401878185,2.760407407407407,1.905204726135013,0.5925925925925926,0.020488748855114886,33
x_aq_vpu_top/x_aq_vlsu_top/x_aq_vlsu_lsu_if/x_aq_vlsu_ld_align_buffer/x_vlsu_ld_data_rot/data_rot6[63:0],27,0.0008991308401878185,2.760407407407407,1.905204726135013,0.5925925925925926,0.0023592532901482405,45
x_aq_vpu_top/x_aq_vlsu_top/x_aq_vlsu_lsu_if/x_aq_vlsu_ld_align_buffer/x_vlsu_ld_data_rot/data_rot7[63:0],27,0.0008991308401878185,2.760407407407407,1.905204726135013,0.5925925925925926,0.031084416753666334,41
x_aq_vpu_top/x_aq_vlsu_top/x_aq_vlsu_lsu_if/x_aq_vlsu_st_align_buffer/cp0_vpu_icg_en,0,0.0,0.0,0.0,0.0,,0
x_aq_vpu_top/x_aq_vlsu_top/x_aq_vlsu_lsu_if/x_aq_vlsu_st_align_buffer/cpurst_b,3,9.990342668753538e-05,1.553333333333334,1.0720946480538631,0.0,-0.0005091736528365816,1
x_aq_vpu_top/x_aq_vlsu_top/x_aq_vlsu_lsu_if/x_aq_vlsu_st_align_buffer/data_read[63:0],0,0.0,0.0,0.0,0.0,,0
x_aq_vpu_top/x_aq_vlsu_top/x_aq_vlsu_lsu_if/x_aq_vlsu_st_align_buffer/forever_cpuclk,0,0.0,0.0,0.0,0.0,,0
x_aq_vpu_top/x_aq_vlsu_top/x_aq_vlsu_lsu_if/x_aq_vlsu_st_align_buffer/fwd_data[63:0],29,0.0009657331246461754,2.4534827586206895,1.6933684986757522,0.5862068965517241,-0.0020065727931110806,47
x_aq_vpu_top/x_aq_vlsu_top/x_aq_vlsu_lsu_if/x_aq_vlsu_st_align_buffer/fwd_data_ready,15,0.0004995171334376769,1.1923333333333337,0.8229361708344781,0.6666666666666666,-0.014100629407294412,1
x_aq_vpu_top/x_aq_vlsu_top/x_aq_vlsu_lsu_if/x_aq_vlsu_st_align_buffer/fwd_data_shift[3:0],0,0.0,0.0,0.0,0.0,,0
x_aq_vpu_top/x_aq_vlsu_top/x_aq_vlsu_lsu_if/x_aq_vlsu_st_align_buffer/fwd_next,0,0.0,0.0,0.0,0.0,,0
x_aq_vpu_top/x_aq_vlsu_top/x_aq_vlsu_lsu_if/x_aq_vlsu_st_align_buffer/last_merge,0,0.0,0.0,0.0,0.0,,0
x_aq_vpu_top/x_aq_vlsu_top/x_aq_vlsu_lsu_if/x_aq_vlsu_st_align_buffer/lsu_fwd_done,0,0.0,0.0,0.0,0.0,,0
x_aq_vpu_top/x_aq_vlsu_top/x_aq_vlsu_lsu_if/x_aq_vlsu_st_align_buffer/lsu_fwd_inst_size[1:0],105,0.0034966199340637385,1.3446190476190478,0.9280422004014999,0.09523809523809523,-0.0018489695488360775,2
x_aq_vpu_top/x_aq_vlsu_top/x_aq_vlsu_lsu_if/x_aq_vlsu_st_align_buffer/lsu_fwd_rot[3:0],0,0.0,0.0,0.0,0.0,,0
x_aq_vpu_top/x_aq_vlsu_top/x_aq_vlsu_lsu_if/x_aq_vlsu_st_align_buffer/lsu_fwd_sew[1:0],81,0.0026973925205634555,1.4227901234567903,0.9819950708123946,0.13580246913580246,0.018012787567183403,2
x_aq_vpu_top/x_aq_vlsu_top/x_aq_vlsu_lsu_if/x_aq_vlsu_st_align_buffer/lsu_fwd_vld,4,0.00013320456891671384,2.657999999999999,1.8345241896097637,1.0,0.012458624517614094,1
x_aq_vpu_top/x_aq_vlsu_top/x_aq_vlsu_lsu_if/x_aq_vlsu_st_align_buffer/pad_yy_icg_scan_en,0,0.0,0.0,0.0,0.0,,0
x_aq_vpu_top/x_aq_vlsu_top/x_aq_vlsu_lsu_if/x_aq_vlsu_st_align_buffer/rtu_yy_xx_flush,0,0.0,0.0,0.0,0.0,,0
x_aq_vpu_top/x_aq_vlsu_top/x_aq_vlsu_lsu_if/x_aq_vlsu_st_align_buffer/sseg_active,0,0.0,0.0,0.0,0.0,,0
x_aq_vpu_top/x_aq_vlsu_top/x_aq_vlsu_lsu_if/x_aq_vlsu_st_align_buffer/sseg_nf3_part,0,0.0,0.0,0.0,0.0,,0
x_aq_vpu_top/x_aq_vlsu_top/x_aq_vlsu_lsu_if/x_aq_vlsu_st_align_buffer/vlsu_fwd_vld,4,0.00013320456891671384,2.657999999999999,1.8345241896097637,1.0,0.012458624517614094,1
x_aq_vpu_top/x_aq_vlsu_top/x_aq_vlsu_lsu_if/x_aq_vlsu_st_align_buffer/vlsu_reg_data[63:0],29,0.0009657331246461754,2.4534827586206895,1.6933684986757522,0.5862068965517241,-0.0020065727931110806,47
x_aq_vpu_top/x_aq_vlsu_top/x_aq_vlsu_lsu_if/x_aq_vlsu_st_align_buffer/vlsu_reg_fls,18,0.0005994205601252123,3.1024444444444446,2.1412751618712416,0.6666666666666666,0.009357610132256123,1
x_aq_vpu_top/x_aq_vlsu_top/x_aq_vlsu_lsu_if/x_aq_vlsu_st_align_buffer/vlsu_reg_seq_last,17,0.0005661194178960339,3.351882352941177,2.313434634009286,0.8235294117647058,-0.027245585373752945,1
x_aq_vpu_top/x_aq_vlsu_top/x_aq_vlsu_lsu_if/x_aq_vlsu_st_align_buffer/vlsu_reg_wdata_ready,4,0.00013320456891671384,3.3332500000000005,2.30057477615378,0.5,0.005454833867979626,1
x_aq_vpu_top/x_aq_vlsu_top/x_aq_vlsu_lsu_if/x_aq_vlsu_st_align_buffer/vlsu_warm_up,2,6.660228445835692e-05,8.55,5.901121828880168,1.0,0.17944175952243305,1
x_aq_vpu_top/x_aq_vlsu_top/x_aq_vlsu_lsu_if/x_aq_vlsu_st_align_buffer/ab_bytes_up,0,0.0,0.0,0.0,0.0,,0
x_aq_vpu_top/x_aq_vlsu_top/x_aq_vlsu_lsu_if/x_aq_vlsu_st_align_buffer/ab_create_vld,0,0.0,0.0,0.0,0.0,,0
x_aq_vpu_top/x_aq_vlsu_top/x_aq_vlsu_lsu_if/x_aq_vlsu_st_align_buffer/ab_create_vld_gate,0,0.0,0.0,0.0,0.0,,0
x_aq_vpu_top/x_aq_vlsu_top/x_aq_vlsu_lsu_if/x_aq_vlsu_st_align_buffer/ab_rot_create[4:0],8,0.00026640913783342767,1.7647499999999992,1.2180122511714937,0.75,0.021179246488152587,2
x_aq_vpu_top/x_aq_vlsu_top/x_aq_vlsu_lsu_if/x_aq_vlsu_st_align_buffer/ab_vld,0,0.0,0.0,0.0,0.0,,0
x_aq_vpu_top/x_aq_vlsu_top/x_aq_vlsu_lsu_if/x_aq_vlsu_st_align_buffer/align_clk,0,0.0,0.0,0.0,0.0,,0
x_aq_vpu_top/x_aq_vlsu_top/x_aq_vlsu_lsu_if/x_aq_vlsu_st_align_buffer/align_clk_en,6,0.00019980685337507077,4.621999999999999,3.1900567360332315,1.0,0.10555285710283285,1
x_aq_vpu_top/x_aq_vlsu_top/x_aq_vlsu_lsu_if/x_aq_vlsu_st_align_buffer/align_data_clk,0,0.0,0.0,0.0,0.0,,0
x_aq_vpu_top/x_aq_vlsu_top/x_aq_vlsu_lsu_if/x_aq_vlsu_st_align_buffer/align_data_clk_en,2,6.660228445835692e-05,8.55,5.901121828880168,1.0,0.17944175952243305,1
x_aq_vpu_top/x_aq_vlsu_top/x_aq_vlsu_lsu_if/x_aq_vlsu_st_align_buffer/bytes_create[7:0],8,0.00026640913783342767,1.7647499999999992,1.2180122511714937,0.75,0.021215141416012676,7
x_aq_vpu_top/x_aq_vlsu_top/x_aq_vlsu_lsu_if/x_aq_vlsu_st_align_buffer/bytes_merge_for_next[7:0],0,0.0,0.0,0.0,0.0,,0
x_aq_vpu_top/x_aq_vlsu_top/x_aq_vlsu_lsu_if/x_aq_vlsu_st_align_buffer/bytes_merge_for_next_ext[63:0],0,0.0,0.0,0.0,0.0,,0
x_aq_vpu_top/x_aq_vlsu_top/x_aq_vlsu_lsu_if/x_aq_vlsu_st_align_buffer/bytes_next[7:0],8,0.00026640913783342767,1.7647499999999992,1.2180122511714937,0.75,0.021215141416012676,7
x_aq_vpu_top/x_aq_vlsu_top/x_aq_vlsu_lsu_if/x_aq_vlsu_st_align_buffer/bytes_vld_ext[63:0],0,0.0,0.0,0.0,0.0,,0
x_aq_vpu_top/x_aq_vlsu_top/x_aq_vlsu_lsu_if/x_aq_vlsu_st_align_buffer/cur_data_all_merged,1,3.330114222917846e-05,2.862,1.9753228858777825,0.0,0.004988007030259691,1
x_aq_vpu_top/x_aq_vlsu_top/x_aq_vlsu_lsu_if/x_aq_vlsu_st_align_buffer/cur_data_rem_cnt[3:0],8,0.00026640913783342767,1.7647499999999992,1.2180122511714937,0.75,0.021179246488152587,2
x_aq_vpu_top/x_aq_vlsu_top/x_aq_vlsu_lsu_if/x_aq_vlsu_st_align_buffer/cur_merge_cnt[3:0],20,0.0006660228445835693,2.0302000000000002,1.4012231037418148,0.85,0.06941469855043393,2
x_aq_vpu_top/x_aq_vlsu_top/x_aq_vlsu_lsu_if/x_aq_vlsu_st_align_buffer/data_ack,0,0.0,0.0,0.0,0.0,,0
x_aq_vpu_top/x_aq_vlsu_top/x_aq_vlsu_lsu_if/x_aq_vlsu_st_align_buffer/data_aft_ab[63:0],29,0.0009657331246461754,2.4534827586206895,1.6933684986757522,0.5862068965517241,-0.0020065727931110806,47
x_aq_vpu_top/x_aq_vlsu_top/x_aq_vlsu_lsu_if/x_aq_vlsu_st_align_buffer/data_aft_rot_for_next[63:0],29,0.0009657331246461754,2.4534827586206895,1.6933684986757522,0.5862068965517241,-0.0020065727931110806,47
x_aq_vpu_top/x_aq_vlsu_top/x_aq_vlsu_lsu_if/x_aq_vlsu_st_align_buffer/data_create[63:0],29,0.0009657331246461754,2.4534827586206895,1.6933684986757522,0.5862068965517241,-0.0020065727931110806,47
x_aq_vpu_top/x_aq_vlsu_top/x_aq_vlsu_lsu_if/x_aq_vlsu_st_align_buffer/data_merge[63:0],29,0.0009657331246461754,2.4534827586206895,1.6933684986757522,0.5862068965517241,-0.0020065727931110806,47
x_aq_vpu_top/x_aq_vlsu_top/x_aq_vlsu_lsu_if/x_aq_vlsu_st_align_buffer/data_merge_for_next[63:0],29,0.0009657331246461754,2.4534827586206895,1.6933684986757522,0.5862068965517241,-0.0020065727931110806,47
x_aq_vpu_top/x_aq_vlsu_top/x_aq_vlsu_lsu_if/x_aq_vlsu_st_align_buffer/data_ori[63:0],29,0.0009657331246461754,2.4534827586206895,1.6933684986757522,0.5862068965517241,-0.0020065727931110806,47
x_aq_vpu_top/x_aq_vlsu_top/x_aq_vlsu_lsu_if/x_aq_vlsu_st_align_buffer/data_vld,4,0.00013320456891671384,2.657999999999999,1.8345241896097637,1.0,0.012458624517614094,1
x_aq_vpu_top/x_aq_vlsu_top/x_aq_vlsu_lsu_if/x_aq_vlsu_st_align_buffer/fls,18,0.0005994205601252123,3.1024444444444446,2.1412751618712416,0.6666666666666666,0.009357610132256123,1
x_aq_vpu_top/x_aq_vlsu_top/x_aq_vlsu_lsu_if/x_aq_vlsu_st_align_buffer/fwd_done,0,0.0,0.0,0.0,0.0,,0
x_aq_vpu_top/x_aq_vlsu_top/x_aq_vlsu_lsu_if/x_aq_vlsu_st_align_buffer/fwd_vld,4,0.00013320456891671384,2.657999999999999,1.8345241896097637,1.0,0.012458624517614094,1
x_aq_vpu_top/x_aq_vlsu_top/x_aq_vlsu_lsu_if/x_aq_vlsu_st_align_buffer/mem_size[1:0],105,0.0034966199340637385,1.3446190476190478,0.9280422004014999,0.09523809523809523,-0.0018489695488360775,2
x_aq_vpu_top/x_aq_vlsu_top/x_aq_vlsu_lsu_if/x_aq_vlsu_st_align_buffer/nf3,0,0.0,0.0,0.0,0.0,,0
x_aq_vpu_top/x_aq_vlsu_top/x_aq_vlsu_lsu_if/x_aq_vlsu_st_align_buffer/nf3_all_merged,0,0.0,0.0,0.0,0.0,,0
x_aq_vpu_top/x_aq_vlsu_top/x_aq_vlsu_lsu_if/x_aq_vlsu_st_align_buffer/nf3_first,0,0.0,0.0,0.0,0.0,,0
x_aq_vpu_top/x_aq_vlsu_top/x_aq_vlsu_lsu_if/x_aq_vlsu_st_align_buffer/part_fwd,0,0.0,0.0,0.0,0.0,,0
x_aq_vpu_top/x_aq_vlsu_top/x_aq_vlsu_lsu_if/x_aq_vlsu_st_align_buffer/rot[4:0],16,0.0005328182756668553,1.8293750000000004,1.2626157597318899,0.6875,0.11909204350901706,1
x_aq_vpu_top/x_aq_vlsu_top/x_aq_vlsu_lsu_if/x_aq_vlsu_st_align_buffer/rot_dis[4:0],17,0.0005661194178960339,1.8901176470588243,1.3045397083287074,0.6470588235294118,-0.03115219230624096,3
x_aq_vpu_top/x_aq_vlsu_top/x_aq_vlsu_lsu_if/x_aq_vlsu_st_align_buffer/rot_ori[3:0],0,0.0,0.0,0.0,0.0,,0
x_aq_vpu_top/x_aq_vlsu_top/x_aq_vlsu_lsu_if/x_aq_vlsu_st_align_buffer/rot_sel_for_next[7:0],1,3.330114222917846e-05,2.7,1.863512156488474,0.0,0.0034164277607091694,1
x_aq_vpu_top/x_aq_vlsu_top/x_aq_vlsu_lsu_if/x_aq_vlsu_st_align_buffer/seq_last,17,0.0005661194178960339,3.351882352941177,2.313434634009286,0.8235294117647058,-0.027245585373752945,1
x_aq_vpu_top/x_aq_vlsu_top/x_aq_vlsu_lsu_if/x_aq_vlsu_st_align_buffer/sew[1:0],81,0.0026973925205634555,1.4227901234567903,0.9819950708123946,0.13580246913580246,0.018012787567183403,2
x_aq_vpu_top/x_aq_vlsu_top/x_aq_vlsu_lsu_if/x_aq_vlsu_st_align_buffer/x_aq_lsu_align_buffer_gated_clk/clk_in,0,0.0,0.0,0.0,0.0,,0
x_aq_vpu_top/x_aq_vlsu_top/x_aq_vlsu_lsu_if/x_aq_vlsu_st_align_buffer/x_aq_lsu_align_buffer_gated_clk/global_en,0,0.0,0.0,0.0,0.0,,0
x_aq_vpu_top/x_aq_vlsu_top/x_aq_vlsu_lsu_if/x_aq_vlsu_st_align_buffer/x_aq_lsu_align_buffer_gated_clk/module_en,0,0.0,0.0,0.0,0.0,,0
x_aq_vpu_top/x_aq_vlsu_top/x_aq_vlsu_lsu_if/x_aq_vlsu_st_align_buffer/x_aq_lsu_align_buffer_gated_clk/local_en,6,0.00019980685337507077,4.621999999999999,3.1900567360332315,1.0,0.10555285710283285,1
x_aq_vpu_top/x_aq_vlsu_top/x_aq_vlsu_lsu_if/x_aq_vlsu_st_align_buffer/x_aq_lsu_align_buffer_gated_clk/external_en,0,0.0,0.0,0.0,0.0,,0
x_aq_vpu_top/x_aq_vlsu_top/x_aq_vlsu_lsu_if/x_aq_vlsu_st_align_buffer/x_aq_lsu_align_buffer_gated_clk/pad_yy_icg_scan_en,0,0.0,0.0,0.0,0.0,,0
x_aq_vpu_top/x_aq_vlsu_top/x_aq_vlsu_lsu_if/x_aq_vlsu_st_align_buffer/x_aq_lsu_align_buffer_gated_clk/clk_out,0,0.0,0.0,0.0,0.0,,0
x_aq_vpu_top/x_aq_vlsu_top/x_aq_vlsu_lsu_if/x_aq_vlsu_st_align_buffer/x_aq_lsu_align_buffer_gated_clk/clk_en_bf_latch,6,0.00019980685337507077,4.621999999999999,3.1900567360332315,1.0,0.10555285710283285,1
x_aq_vpu_top/x_aq_vlsu_top/x_aq_vlsu_lsu_if/x_aq_vlsu_st_align_buffer/x_aq_lsu_align_buffer_gated_clk/SE,0,0.0,0.0,0.0,0.0,,0
x_aq_vpu_top/x_aq_vlsu_top/x_aq_vlsu_lsu_if/x_aq_vlsu_st_align_buffer/x_aq_lsu_align_buffer_data_gated_clk/clk_in,0,0.0,0.0,0.0,0.0,,0
x_aq_vpu_top/x_aq_vlsu_top/x_aq_vlsu_lsu_if/x_aq_vlsu_st_align_buffer/x_aq_lsu_align_buffer_data_gated_clk/global_en,0,0.0,0.0,0.0,0.0,,0
x_aq_vpu_top/x_aq_vlsu_top/x_aq_vlsu_lsu_if/x_aq_vlsu_st_align_buffer/x_aq_lsu_align_buffer_data_gated_clk/module_en,0,0.0,0.0,0.0,0.0,,0
x_aq_vpu_top/x_aq_vlsu_top/x_aq_vlsu_lsu_if/x_aq_vlsu_st_align_buffer/x_aq_lsu_align_buffer_data_gated_clk/local_en,2,6.660228445835692e-05,8.55,5.901121828880168,1.0,0.17944175952243305,1
x_aq_vpu_top/x_aq_vlsu_top/x_aq_vlsu_lsu_if/x_aq_vlsu_st_align_buffer/x_aq_lsu_align_buffer_data_gated_clk/external_en,0,0.0,0.0,0.0,0.0,,0
x_aq_vpu_top/x_aq_vlsu_top/x_aq_vlsu_lsu_if/x_aq_vlsu_st_align_buffer/x_aq_lsu_align_buffer_data_gated_clk/pad_yy_icg_scan_en,0,0.0,0.0,0.0,0.0,,0
x_aq_vpu_top/x_aq_vlsu_top/x_aq_vlsu_lsu_if/x_aq_vlsu_st_align_buffer/x_aq_lsu_align_buffer_data_gated_clk/clk_out,0,0.0,0.0,0.0,0.0,,0
x_aq_vpu_top/x_aq_vlsu_top/x_aq_vlsu_lsu_if/x_aq_vlsu_st_align_buffer/x_aq_lsu_align_buffer_data_gated_clk/clk_en_bf_latch,2,6.660228445835692e-05,8.55,5.901121828880168,1.0,0.17944175952243305,1
x_aq_vpu_top/x_aq_vlsu_top/x_aq_vlsu_lsu_if/x_aq_vlsu_st_align_buffer/x_aq_lsu_align_buffer_data_gated_clk/SE,0,0.0,0.0,0.0,0.0,,0
x_aq_vpu_top/x_aq_vlsu_top/x_aq_vlsu_lsu_if/x_aq_vlsu_st_align_buffer/x_vlsu_st_data_next_rot/data_in[63:0],29,0.0009657331246461754,2.4534827586206895,1.6933684986757522,0.5862068965517241,-0.0020065727931110806,47
x_aq_vpu_top/x_aq_vlsu_top/x_aq_vlsu_lsu_if/x_aq_vlsu_st_align_buffer/x_vlsu_st_data_next_rot/data_out[63:0],29,0.0009657331246461754,2.4534827586206895,1.6933684986757522,0.5862068965517241,-0.0020065727931110806,47
x_aq_vpu_top/x_aq_vlsu_top/x_aq_vlsu_lsu_if/x_aq_vlsu_st_align_buffer/x_vlsu_st_data_next_rot/rot_sel[7:0],1,3.330114222917846e-05,2.7,1.863512156488474,0.0,0.0034164277607091694,1
x_aq_vpu_top/x_aq_vlsu_top/x_aq_vlsu_lsu_if/x_aq_vlsu_st_align_buffer/x_vlsu_st_data_next_rot/data[63:0],29,0.0009657331246461754,2.4534827586206895,1.6933684986757522,0.5862068965517241,-0.0020065727931110806,47
x_aq_vpu_top/x_aq_vlsu_top/x_aq_vlsu_lsu_if/x_aq_vlsu_st_align_buffer/x_vlsu_st_data_next_rot/data_rot0[63:0],29,0.0009657331246461754,2.4534827586206895,1.6933684986757522,0.5862068965517241,-0.0020065727931110806,47
x_aq_vpu_top/x_aq_vlsu_top/x_aq_vlsu_lsu_if/x_aq_vlsu_st_align_buffer/x_vlsu_st_data_next_rot/data_rot1[63:0],29,0.0009657331246461754,2.4534827586206895,1.6933684986757522,0.5862068965517241,-0.0008411643287637509,44
x_aq_vpu_top/x_aq_vlsu_top/x_aq_vlsu_lsu_if/x_aq_vlsu_st_align_buffer/x_vlsu_st_data_next_rot/data_rot2[63:0],29,0.0009657331246461754,2.4534827586206895,1.6933684986757522,0.5862068965517241,0.00597954566398292,38
x_aq_vpu_top/x_aq_vlsu_top/x_aq_vlsu_lsu_if/x_aq_vlsu_st_align_buffer/x_vlsu_st_data_next_rot/data_rot3[63:0],29,0.0009657331246461754,2.4534827586206895,1.6933684986757522,0.5862068965517241,0.022909808690697683,34
x_aq_vpu_top/x_aq_vlsu_top/x_aq_vlsu_lsu_if/x_aq_vlsu_st_align_buffer/x_vlsu_st_data_next_rot/data_rot4[63:0],29,0.0009657331246461754,2.4534827586206895,1.6933684986757522,0.5862068965517241,0.016178326729594194,33
x_aq_vpu_top/x_aq_vlsu_top/x_aq_vlsu_lsu_if/x_aq_vlsu_st_align_buffer/x_vlsu_st_data_next_rot/data_rot5[63:0],29,0.0009657331246461754,2.4534827586206895,1.6933684986757522,0.5862068965517241,0.02071345234593576,33
x_aq_vpu_top/x_aq_vlsu_top/x_aq_vlsu_lsu_if/x_aq_vlsu_st_align_buffer/x_vlsu_st_data_next_rot/data_rot6[63:0],29,0.0009657331246461754,2.4534827586206895,1.6933684986757522,0.5862068965517241,0.0024954966357983994,45
x_aq_vpu_top/x_aq_vlsu_top/x_aq_vlsu_lsu_if/x_aq_vlsu_st_align_buffer/x_vlsu_st_data_next_rot/data_rot7[63:0],29,0.0009657331246461754,2.4534827586206895,1.6933684986757522,0.5862068965517241,0.03127602807998822,41
x_aq_vpu_top/x_aq_vlsu_top/x_aq_vlsu_lsu_if/x_aq_vlsu_vtb_reorder_clk/clk_in,0,0.0,0.0,0.0,0.0,,0
x_aq_vpu_top/x_aq_vlsu_top/x_aq_vlsu_lsu_if/x_aq_vlsu_vtb_reorder_clk/global_en,0,0.0,0.0,0.0,0.0,,0
x_aq_vpu_top/x_aq_vlsu_top/x_aq_vlsu_lsu_if/x_aq_vlsu_vtb_reorder_clk/module_en,0,0.0,0.0,0.0,0.0,,0
x_aq_vpu_top/x_aq_vlsu_top/x_aq_vlsu_lsu_if/x_aq_vlsu_vtb_reorder_clk/local_en,2,6.660228445835692e-05,8.55,5.901121828880168,1.0,0.17944175952243305,1
x_aq_vpu_top/x_aq_vlsu_top/x_aq_vlsu_lsu_if/x_aq_vlsu_vtb_reorder_clk/external_en,0,0.0,0.0,0.0,0.0,,0
x_aq_vpu_top/x_aq_vlsu_top/x_aq_vlsu_lsu_if/x_aq_vlsu_vtb_reorder_clk/pad_yy_icg_scan_en,0,0.0,0.0,0.0,0.0,,0
x_aq_vpu_top/x_aq_vlsu_top/x_aq_vlsu_lsu_if/x_aq_vlsu_vtb_reorder_clk/clk_out,0,0.0,0.0,0.0,0.0,,0
x_aq_vpu_top/x_aq_vlsu_top/x_aq_vlsu_lsu_if/x_aq_vlsu_vtb_reorder_clk/clk_en_bf_latch,2,6.660228445835692e-05,8.55,5.901121828880168,1.0,0.17944175952243305,1
x_aq_vpu_top/x_aq_vlsu_top/x_aq_vlsu_lsu_if/x_aq_vlsu_vtb_reorder_clk/SE,0,0.0,0.0,0.0,0.0,,0
x_aq_vpu_top/x_aq_vlsu_top/x_aq_vlsu_lsu_if/x_aq_vlsu_data_trans/byte_reorder[2:0],0,0.0,0.0,0.0,0.0,,0
x_aq_vpu_top/x_aq_vlsu_top/x_aq_vlsu_lsu_if/x_aq_vlsu_data_trans/data_read[63:0],0,0.0,0.0,0.0,0.0,,0
x_aq_vpu_top/x_aq_vlsu_top/x_aq_vlsu_lsu_if/x_aq_vlsu_data_trans/data_read_in[63:0],0,0.0,0.0,0.0,0.0,,0
x_aq_vpu_top/x_aq_vlsu_top/x_aq_vlsu_lsu_if/x_aq_vlsu_data_trans/data_write[63:0],27,0.0008991308401878185,2.760407407407407,1.905204726135013,0.5925925925925926,-0.002126353779248852,47
x_aq_vpu_top/x_aq_vlsu_top/x_aq_vlsu_lsu_if/x_aq_vlsu_data_trans/data_write_in[63:0],27,0.0008991308401878185,2.760407407407407,1.905204726135013,0.5925925925925926,-0.002126353779248852,47
x_aq_vpu_top/x_aq_vlsu_top/x_aq_vlsu_lsu_if/x_aq_vlsu_data_trans/mux_reorder[3:0],0,0.0,0.0,0.0,0.0,,0
x_aq_vpu_top/x_aq_vlsu_top/x_aq_vlsu_lsu_if/x_aq_vlsu_data_trans/byte_exchange[2:0],0,0.0,0.0,0.0,0.0,,0
x_aq_vpu_top/x_aq_vlsu_top/x_aq_vlsu_lsu_if/x_aq_vlsu_data_trans/data_read_ori[63:0],0,0.0,0.0,0.0,0.0,,0
x_aq_vpu_top/x_aq_vlsu_top/x_aq_vlsu_lsu_if/x_aq_vlsu_data_trans/data_write_ori[63:0],27,0.0008991308401878185,2.760407407407407,1.905204726135013,0.5925925925925926,-0.002126353779248852,47
x_aq_vpu_top/x_aq_vlsu_top/x_aq_vlsu_lsu_if/x_aq_vlsu_data_trans/reorder[3:0],0,0.0,0.0,0.0,0.0,,0
x_aq_vpu_top/x_aq_vlsu_top/x_aq_vlsu_lsu_if/x_aq_lsu_fof_gated_clk/clk_in,0,0.0,0.0,0.0,0.0,,0
x_aq_vpu_top/x_aq_vlsu_top/x_aq_vlsu_lsu_if/x_aq_lsu_fof_gated_clk/global_en,0,0.0,0.0,0.0,0.0,,0
x_aq_vpu_top/x_aq_vlsu_top/x_aq_vlsu_lsu_if/x_aq_lsu_fof_gated_clk/module_en,0,0.0,0.0,0.0,0.0,,0
x_aq_vpu_top/x_aq_vlsu_top/x_aq_vlsu_lsu_if/x_aq_lsu_fof_gated_clk/local_en,0,0.0,0.0,0.0,0.0,,0
x_aq_vpu_top/x_aq_vlsu_top/x_aq_vlsu_lsu_if/x_aq_lsu_fof_gated_clk/external_en,0,0.0,0.0,0.0,0.0,,0
x_aq_vpu_top/x_aq_vlsu_top/x_aq_vlsu_lsu_if/x_aq_lsu_fof_gated_clk/pad_yy_icg_scan_en,0,0.0,0.0,0.0,0.0,,0
x_aq_vpu_top/x_aq_vlsu_top/x_aq_vlsu_lsu_if/x_aq_lsu_fof_gated_clk/clk_out,0,0.0,0.0,0.0,0.0,,0
x_aq_vpu_top/x_aq_vlsu_top/x_aq_vlsu_lsu_if/x_aq_lsu_fof_gated_clk/clk_en_bf_latch,0,0.0,0.0,0.0,0.0,,0
x_aq_vpu_top/x_aq_vlsu_top/x_aq_vlsu_lsu_if/x_aq_lsu_fof_gated_clk/SE,0,0.0,0.0,0.0,0.0,,0
x_aq_vpu_top/x_aq_vlsu_top/x_aq_vlsu_vtb/cp0_vpu_icg_en,0,0.0,0.0,0.0,0.0,,0
x_aq_vpu_top/x_aq_vlsu_top/x_aq_vlsu_vtb/cpurst_b,3,9.990342668753538e-05,1.553333333333334,1.0720946480538631,0.0,-0.0005091736528365816,1
x_aq_vpu_top/x_aq_vlsu_top/x_aq_vlsu_vtb/forever_cpuclk,0,0.0,0.0,0.0,0.0,,0
x_aq_vpu_top/x_aq_vlsu_top/x_aq_vlsu_vtb/if_vlsu_fls_data[63:0],27,0.0008991308401878185,2.760407407407407,1.905204726135013,0.5925925925925926,-0.002126353779248852,47
x_aq_vpu_top/x_aq_vlsu_top/x_aq_vlsu_vtb/if_vlsu_fls_reg[4:0],397,0.01322055346498385,1.674874055415617,1.1559808010570933,0.14105793450881612,0.0024943509928472586,5
x_aq_vpu_top/x_aq_vlsu_top/x_aq_vlsu_vtb/if_vlsu_fls_wb_vld,0,0.0,0.0,0.0,0.0,,0
x_aq_vpu_top/x_aq_vlsu_top/x_aq_vlsu_vtb/if_vlsu_fwd_done,0,0.0,0.0,0.0,0.0,,0
x_aq_vpu_top/x_aq_vlsu_top/x_aq_vlsu_vtb/if_vlsu_merge_data[63:0],27,0.0008991308401878185,2.760407407407407,1.905204726135013,0.5925925925925926,-0.002126353779248852,47
x_aq_vpu_top/x_aq_vlsu_top/x_aq_vlsu_vtb/if_vlsu_merge_vld,0,0.0,0.0,0.0,0.0,,0
x_aq_vpu_top/x_aq_vlsu_top/x_aq_vlsu_vtb/if_vlsu_sel0[3:0],0,0.0,0.0,0.0,0.0,,0
x_aq_vpu_top/x_aq_vlsu_top/x_aq_vlsu_vtb/if_vlsu_sel1[3:0],0,0.0,0.0,0.0,0.0,,0
x_aq_vpu_top/x_aq_vlsu_top/x_aq_vlsu_vtb/if_vlsu_sel2[3:0],0,0.0,0.0,0.0,0.0,,0
x_aq_vpu_top/x_aq_vlsu_top/x_aq_vlsu_vtb/if_vlsu_sel3[3:0],0,0.0,0.0,0.0,0.0,,0
x_aq_vpu_top/x_aq_vlsu_top/x_aq_vlsu_vtb/if_vlsu_vl_update,0,0.0,0.0,0.0,0.0,,0
x_aq_vpu_top/x_aq_vlsu_top/x_aq_vlsu_vtb/if_vlsu_vl_upval[6:0],0,0.0,0.0,0.0,0.0,,0
x_aq_vpu_top/x_aq_vlsu_top/x_aq_vlsu_vtb/if_vlsu_vls_wb_abnormal,0,0.0,0.0,0.0,0.0,,0
x_aq_vpu_top/x_aq_vlsu_top/x_aq_vlsu_vtb/if_vlsu_vls_wb_bytes_vld[7:0],0,0.0,0.0,0.0,0.0,,0
x_aq_vpu_top/x_aq_vlsu_top/x_aq_vlsu_vtb/if_vlsu_vls_wb_data[63:0],27,0.0008991308401878185,2.760407407407407,1.905204726135013,0.5925925925925926,-0.002126353779248852,47
x_aq_vpu_top/x_aq_vlsu_top/x_aq_vlsu_vtb/if_vlsu_vls_wb_vld,0,0.0,0.0,0.0,0.0,,0
x_aq_vpu_top/x_aq_vlsu_top/x_aq_vlsu_vtb/index_stall,0,0.0,0.0,0.0,0.0,,0
x_aq_vpu_top/x_aq_vlsu_top/x_aq_vlsu_vtb/lsu_vlsu_dc_fld_req,0,0.0,0.0,0.0,0.0,,0
x_aq_vpu_top/x_aq_vlsu_top/x_aq_vlsu_vtb/lsu_vlsu_dc_stall,196,0.006527023876918978,1.5798010204081634,1.0903623727272251,0.1326530612244898,0.015365579764862681,1
x_aq_vpu_top/x_aq_vlsu_top/x_aq_vlsu_vtb/pad_yy_icg_scan_en,0,0.0,0.0,0.0,0.0,,0
x_aq_vpu_top/x_aq_vlsu_top/x_aq_vlsu_vtb/rtu_yy_xx_async_flush,0,0.0,0.0,0.0,0.0,,0
x_aq_vpu_top/x_aq_vlsu_top/x_aq_vlsu_vtb/rtu_yy_xx_flush,0,0.0,0.0,0.0,0.0,,0
x_aq_vpu_top/x_aq_vlsu_top/x_aq_vlsu_vtb/sseg_abnormal_vld,0,0.0,0.0,0.0,0.0,,0
x_aq_vpu_top/x_aq_vlsu_top/x_aq_vlsu_vtb/sseg_fwd_last,0,0.0,0.0,0.0,0.0,,0
x_aq_vpu_top/x_aq_vlsu_top/x_aq_vlsu_vtb/sseg_fwd_vld,0,0.0,0.0,0.0,0.0,,0
x_aq_vpu_top/x_aq_vlsu_top/x_aq_vlsu_vtb/sseg_nf[2:0],2,6.660228445835692e-05,9.846,6.795607663994635,1.0,-0.001818338626010649,2
x_aq_vpu_top/x_aq_vlsu_top/x_aq_vlsu_vtb/sseg_split_pause,0,0.0,0.0,0.0,0.0,,0
x_aq_vpu_top/x_aq_vlsu_top/x_aq_vlsu_vtb/sseg_vld,0,0.0,0.0,0.0,0.0,,0
x_aq_vpu_top/x_aq_vlsu_top/x_aq_vlsu_vtb/sseg_vtb_all_vld,0,0.0,0.0,0.0,0.0,,0
x_aq_vpu_top/x_aq_vlsu_top/x_aq_vlsu_vtb/sseg_vtb_all_wb,1,3.330114222917846e-05,2.862,1.9753228858777825,0.0,0.004988007030259691,1
x_aq_vpu_top/x_aq_vlsu_top/x_aq_vlsu_vtb/sseg_vtb_fwd_pre,0,0.0,0.0,0.0,0.0,,0
x_aq_vpu_top/x_aq_vlsu_top/x_aq_vlsu_vtb/sseg_vtb_fwd_start,0,0.0,0.0,0.0,0.0,,0
x_aq_vpu_top/x_aq_vlsu_top/x_aq_vlsu_vtb/sseg_vtb_next_ready,0,0.0,0.0,0.0,0.0,,0
x_aq_vpu_top/x_aq_vlsu_top/x_aq_vlsu_vtb/sseg_wb_vld,0,0.0,0.0,0.0,0.0,,0
x_aq_vpu_top/x_aq_vlsu_top/x_aq_vlsu_vtb/vlsu_fld_stall,0,0.0,0.0,0.0,0.0,,0
x_aq_vpu_top/x_aq_vlsu_top/x_aq_vlsu_vtb/vlsu_if_fof_vld,0,0.0,0.0,0.0,0.0,,0
x_aq_vpu_top/x_aq_vlsu_top/x_aq_vlsu_vtb/vlsu_if_fwd_vld,4,0.00013320456891671384,2.657999999999999,1.8345241896097637,1.0,0.012458624517614094,1
x_aq_vpu_top/x_aq_vlsu_top/x_aq_vlsu_vtb/vlsu_if_nf[2:0],4,0.00013320456891671384,5.792749999999998,3.9980963127772604,1.0,0.005761307260114271,2
x_aq_vpu_top/x_aq_vlsu_top/x_aq_vlsu_vtb/vlsu_if_reg_data[63:0],29,0.0009657331246461754,2.4534827586206895,1.6933684986757522,0.5862068965517241,-0.0020065727931110806,47
x_aq_vpu_top/x_aq_vlsu_top/x_aq_vlsu_vtb/vlsu_if_reg_fls,18,0.0005994205601252123,3.1024444444444446,2.1412751618712416,0.6666666666666666,0.009357610132256123,1
x_aq_vpu_top/x_aq_vlsu_top/x_aq_vlsu_vtb/vlsu_if_reg_seq_last,17,0.0005661194178960339,3.351882352941177,2.313434634009286,0.8235294117647058,-0.027245585373752945,1
x_aq_vpu_top/x_aq_vlsu_top/x_aq_vlsu_vtb/vlsu_if_reg_src2_reg[4:0],34,0.0011322388357920678,2.6828235294117646,1.8516571336193097,0.7352941176470589,0.1188336486595435,4
x_aq_vpu_top/x_aq_vlsu_top/x_aq_vlsu_vtb/vlsu_if_reg_wdata_ready,4,0.00013320456891671384,3.3332500000000005,2.30057477615378,0.5,0.005454833867979626,1
x_aq_vpu_top/x_aq_vlsu_top/x_aq_vlsu_vtb/vlsu_if_sew[1:0],0,0.0,0.0,0.0,0.0,,0
x_aq_vpu_top/x_aq_vlsu_top/x_aq_vlsu_vtb/vlsu_if_split_cnt0[9:0],2,6.660228445835692e-05,3.485499999999999,2.4056561560891017,1.0,-0.0059301219103639335,2
x_aq_vpu_top/x_aq_vlsu_top/x_aq_vlsu_vtb/vlsu_if_split_cnt0_vld,0,0.0,0.0,0.0,0.0,,0
x_aq_vpu_top/x_aq_vlsu_top/x_aq_vlsu_vtb/vlsu_if_split_cnt1[9:0],2,6.660228445835692e-05,3.485499999999999,2.4056561560891017,1.0,-0.0059301219103639335,2
x_aq_vpu_top/x_aq_vlsu_top/x_aq_vlsu_vtb/vlsu_if_split_cnt1_vld,0,0.0,0.0,0.0,0.0,,0
x_aq_vpu_top/x_aq_vlsu_top/x_aq_vlsu_vtb/vlsu_if_sseg_reg_data[63:0],0,0.0,0.0,0.0,0.0,,0
x_aq_vpu_top/x_aq_vlsu_top/x_aq_vlsu_vtb/vlsu_if_vtb_round_bit[1:0],0,0.0,0.0,0.0,0.0,,0
x_aq_vpu_top/x_aq_vlsu_top/x_aq_vlsu_vtb/vlsu_index_stall,0,0.0,0.0,0.0,0.0,,0
x_aq_vpu_top/x_aq_vlsu_top/x_aq_vlsu_vtb/vlsu_index_up_mask,0,0.0,0.0,0.0,0.0,,0
x_aq_vpu_top/x_aq_vlsu_top/x_aq_vlsu_vtb/vlsu_rbus_fpr_wb_data[63:0],27,0.0008991308401878185,2.760407407407407,1.905204726135013,0.5925925925925926,-0.002126353779248852,47
x_aq_vpu_top/x_aq_vlsu_top/x_aq_vlsu_vtb/vlsu_rbus_fpr_wb_index[4:0],397,0.01322055346498385,1.674874055415617,1.1559808010570933,0.14105793450881612,0.0024943509928472586,5
x_aq_vpu_top/x_aq_vlsu_top/x_aq_vlsu_vtb/vlsu_rbus_fpr_wb_req,0,0.0,0.0,0.0,0.0,,0
x_aq_vpu_top/x_aq_vlsu_top/x_aq_vlsu_vtb/vlsu_rbus_vpr_wb_data[63:0],0,0.0,0.0,0.0,0.0,,0
x_aq_vpu_top/x_aq_vlsu_top/x_aq_vlsu_vtb/vlsu_rbus_vpr_wb_index[6:0],0,0.0,0.0,0.0,0.0,,0
x_aq_vpu_top/x_aq_vlsu_top/x_aq_vlsu_vtb/vlsu_rbus_vpr_wb_req,0,0.0,0.0,0.0,0.0,,0
x_aq_vpu_top/x_aq_vlsu_top/x_aq_vlsu_vtb/vlsu_rtu_vl_updt_data[7:0],0,0.0,0.0,0.0,0.0,,0
x_aq_vpu_top/x_aq_vlsu_top/x_aq_vlsu_vtb/vlsu_rtu_vl_updt_vld,0,0.0,0.0,0.0,0.0,,0
x_aq_vpu_top/x_aq_vlsu_top/x_aq_vlsu_vtb/vlsu_vex1_split_stall,0,0.0,0.0,0.0,0.0,,0
x_aq_vpu_top/x_aq_vlsu_top/x_aq_vlsu_vtb/vlsu_vidu_split_cancel,0,0.0,0.0,0.0,0.0,,0
x_aq_vpu_top/x_aq_vlsu_top/x_aq_vlsu_vtb/vlsu_vidu_split_pause,0,0.0,0.0,0.0,0.0,,0
x_aq_vpu_top/x_aq_vlsu_top/x_aq_vlsu_vtb/vlsu_warm_up,2,6.660228445835692e-05,8.55,5.901121828880168,1.0,0.17944175952243305,1
x_aq_vpu_top/x_aq_vlsu_top/x_aq_vlsu_vtb/vlsu_xx_ex1_fp_stall,0,0.0,0.0,0.0,0.0,,0
x_aq_vpu_top/x_aq_vlsu_top/x_aq_vlsu_vtb/vlsu_xx_no_op,1,3.330114222917846e-05,2.862,1.9753228858777825,0.0,0.004988007030259691,1
x_aq_vpu_top/x_aq_vlsu_top/x_aq_vlsu_vtb/vpu_group_3_xx_ex1_func[19:0],44,0.0014652502580838522,3.3622954545454546,2.320621649352368,0.7954545454545454,0.005526236953928676,10
x_aq_vpu_top/x_aq_vlsu_top/x_aq_vlsu_vtb/vpu_group_3_xx_ex1_imm[4:0],0,0.0,0.0,0.0,0.0,,0
x_aq_vpu_top/x_aq_vlsu_top/x_aq_vlsu_vtb/vpu_group_3_xx_ex1_lmul[1:0],0,0.0,0.0,0.0,0.0,,0
x_aq_vpu_top/x_aq_vlsu_top/x_aq_vlsu_vtb/vpu_group_3_xx_ex1_sel,12,0.00039961370675014153,1.7017499999999994,1.1745303008534294,0.5,0.10079235848009988,1
x_aq_vpu_top/x_aq_vlsu_top/x_aq_vlsu_vtb/vpu_group_3_xx_ex1_sew[1:0],0,0.0,0.0,0.0,0.0,,0
x_aq_vpu_top/x_aq_vlsu_top/x_aq_vlsu_vtb/vpu_group_3_xx_ex1_split_count[7:0],0,0.0,0.0,0.0,0.0,,0
x_aq_vpu_top/x_aq_vlsu_top/x_aq_vlsu_vtb/vpu_group_3_xx_ex1_srcv1[63:0],29,0.0009657331246461754,2.7920689655172413,1.9270572070353988,0.7931034482758621,0.13330910200860932,36
x_aq_vpu_top/x_aq_vlsu_top/x_aq_vlsu_vtb/vpu_group_3_xx_ex1_srcv2[63:0],10,0.00033301142229178463,1.7683,1.2204624245624327,0.4,-0.018722760431388923,34
x_aq_vpu_top/x_aq_vlsu_top/x_aq_vlsu_vtb/vpu_group_3_xx_ex1_srcv2_ready,0,0.0,0.0,0.0,0.0,,0
x_aq_vpu_top/x_aq_vlsu_top/x_aq_vlsu_vtb/vpu_group_3_xx_ex1_vl[7:0],0,0.0,0.0,0.0,0.0,,0
x_aq_vpu_top/x_aq_vlsu_top/x_aq_vlsu_vtb/vpu_group_3_xx_ex1_vl_byte_mask[7:0],0,0.0,0.0,0.0,0.0,,0
x_aq_vpu_top/x_aq_vlsu_top/x_aq_vlsu_vtb/vpu_group_3_xx_ex1_vm_byte_mask[7:0],0,0.0,0.0,0.0,0.0,,0
x_aq_vpu_top/x_aq_vlsu_top/x_aq_vlsu_vtb/vpu_group_3_xx_ex1_vm_high,0,0.0,0.0,0.0,0.0,,0
x_aq_vpu_top/x_aq_vlsu_top/x_aq_vlsu_vtb/vpu_group_3_xx_ex1_vreg[6:0],32,0.0010656365513337107,2.2938125,1.5831657327611917,0.71875,0.16063759671003924,4
x_aq_vpu_top/x_aq_vlsu_top/x_aq_vlsu_vtb/vpu_group_3_xx_ex1_vstart[6:0],0,0.0,0.0,0.0,0.0,,0
x_aq_vpu_top/x_aq_vlsu_top/x_aq_vlsu_vtb/vpu_vlsu_ex1_lsu_inst_vld,12,0.00039961370675014153,1.7017499999999994,1.1745303008534294,0.5,0.10079235848009988,1
x_aq_vpu_top/x_aq_vlsu_top/x_aq_vlsu_vtb/vpu_vlsu_fp_wb_data[63:0],16,0.0005328182756668553,3.02025,2.0845454039386344,0.9375,-0.01944299123022418,34
x_aq_vpu_top/x_aq_vlsu_top/x_aq_vlsu_vtb/vpu_vlsu_fp_wb_reg[4:0],28,0.0009324319824169969,2.5695,1.7734424022581978,0.75,-0.014637236857539317,5
x_aq_vpu_top/x_aq_vlsu_top/x_aq_vlsu_vtb/vpu_vlsu_fp_wb_vld,0,0.0,0.0,0.0,0.0,,0
x_aq_vpu_top/x_aq_vlsu_top/x_aq_vlsu_vtb/all_active_for_vstart,0,0.0,0.0,0.0,0.0,,0
x_aq_vpu_top/x_aq_vlsu_top/x_aq_vlsu_vtb/all_inactive_for_vstart,0,0.0,0.0,0.0,0.0,,0
x_aq_vpu_top/x_aq_vlsu_top/x_aq_vlsu_vtb/create_vld,0,0.0,0.0,0.0,0.0,,0
x_aq_vpu_top/x_aq_vlsu_top/x_aq_vlsu_vtb/crt_ptr,4,0.00013320456891671384,1.2047499999999995,0.8315060261220326,1.0,0.005902747733204931,1
x_aq_vpu_top/x_aq_vlsu_top/x_aq_vlsu_vtb/element_cnt[7:0],2,6.660228445835692e-05,3.485499999999999,2.4056561560891017,1.0,-0.0059301219103639335,2
x_aq_vpu_top/x_aq_vlsu_top/x_aq_vlsu_vtb/entry0_fwd_sel,1,3.330114222917846e-05,2.862,1.9753228858777825,0.0,0.004988007030259691,1
x_aq_vpu_top/x_aq_vlsu_top/x_aq_vlsu_vtb/entry1_fwd_sel,5,0.00016650571114589232,4.7824,3.300763161922399,0.8,-0.008643175676272796,1
x_aq_vpu_top/x_aq_vlsu_top/x_aq_vlsu_vtb/entry1_wb_sel,1,3.330114222917846e-05,2.862,1.9753228858777825,0.0,0.004988007030259691,1
x_aq_vpu_top/x_aq_vlsu_top/x_aq_vlsu_vtb/fld_wait_clear,0,0.0,0.0,0.0,0.0,,0
x_aq_vpu_top/x_aq_vlsu_top/x_aq_vlsu_vtb/fst_create_bypass,0,0.0,0.0,0.0,0.0,,0
x_aq_vpu_top/x_aq_vlsu_top/x_aq_vlsu_vtb/fst_create_prior,0,0.0,0.0,0.0,0.0,,0
x_aq_vpu_top/x_aq_vlsu_top/x_aq_vlsu_vtb/fwd_data[63:0],29,0.0009657331246461754,2.4534827586206895,1.6933684986757522,0.5862068965517241,-0.0020065727931110806,47
x_aq_vpu_top/x_aq_vlsu_top/x_aq_vlsu_vtb/fwd_fls,18,0.0005994205601252123,3.1024444444444446,2.1412751618712416,0.6666666666666666,0.009357610132256123,1
x_aq_vpu_top/x_aq_vlsu_top/x_aq_vlsu_vtb/fwd_pop,0,0.0,0.0,0.0,0.0,,0
x_aq_vpu_top/x_aq_vlsu_top/x_aq_vlsu_vtb/fwd_pop_sel[3:0],5,0.00016650571114589232,1.5361999999999996,1.0602693980731825,0.8,0.0010610315922159788,2
x_aq_vpu_top/x_aq_vlsu_top/x_aq_vlsu_vtb/fwd_req,4,0.00013320456891671384,2.657999999999999,1.8345241896097637,1.0,0.012458624517614094,1
x_aq_vpu_top/x_aq_vlsu_top/x_aq_vlsu_vtb/fwd_sel[3:0],5,0.00016650571114589232,1.5361999999999996,1.0602693980731825,0.8,0.0010610315922159788,2
x_aq_vpu_top/x_aq_vlsu_top/x_aq_vlsu_vtb/fwd_seq_last,17,0.0005661194178960339,3.351882352941177,2.313434634009286,0.8235294117647058,-0.027245585373752945,1
x_aq_vpu_top/x_aq_vlsu_top/x_aq_vlsu_vtb/fwd_vld[3:0],0,0.0,0.0,0.0,0.0,,0
x_aq_vpu_top/x_aq_vlsu_top/x_aq_vlsu_vtb/fwd_wdata_ready,4,0.00013320456891671384,3.3332500000000005,2.30057477615378,0.5,0.005454833867979626,1
x_aq_vpu_top/x_aq_vlsu_top/x_aq_vlsu_vtb/fwd_wdata_src2_reg[4:0],34,0.0011322388357920678,2.6828235294117646,1.8516571336193097,0.7352941176470589,0.1188336486595435,4
x_aq_vpu_top/x_aq_vlsu_top/x_aq_vlsu_vtb/if_vlsu_fls_data_ext[63:0],27,0.0008991308401878185,2.760407407407407,1.905204726135013,0.5925925925925926,-0.002126353779248852,47
x_aq_vpu_top/x_aq_vlsu_top/x_aq_vlsu_vtb/lsu_dc_stall,196,0.006527023876918978,1.5798010204081634,1.0903623727272251,0.1326530612244898,0.015365579764862681,1
x_aq_vpu_top/x_aq_vlsu_top/x_aq_vlsu_vtb/lsu_fld_req,0,0.0,0.0,0.0,0.0,,0
x_aq_vpu_top/x_aq_vlsu_top/x_aq_vlsu_vtb/lsu_fwd_done,0,0.0,0.0,0.0,0.0,,0
x_aq_vpu_top/x_aq_vlsu_top/x_aq_vlsu_vtb/lsu_merge_data[63:0],27,0.0008991308401878185,2.760407407407407,1.905204726135013,0.5925925925925926,-0.002126353779248852,47
x_aq_vpu_top/x_aq_vlsu_top/x_aq_vlsu_vtb/lsu_merge_vld,0,0.0,0.0,0.0,0.0,,0
x_aq_vpu_top/x_aq_vlsu_top/x_aq_vlsu_vtb/lsu_sel0[3:0],0,0.0,0.0,0.0,0.0,,0
x_aq_vpu_top/x_aq_vlsu_top/x_aq_vlsu_vtb/lsu_sel1[3:0],0,0.0,0.0,0.0,0.0,,0
x_aq_vpu_top/x_aq_vlsu_top/x_aq_vlsu_vtb/lsu_sel2[3:0],0,0.0,0.0,0.0,0.0,,0
x_aq_vpu_top/x_aq_vlsu_top/x_aq_vlsu_vtb/lsu_sel3[3:0],0,0.0,0.0,0.0,0.0,,0
x_aq_vpu_top/x_aq_vlsu_top/x_aq_vlsu_vtb/lsu_vtb_quick_pop,0,0.0,0.0,0.0,0.0,,0
x_aq_vpu_top/x_aq_vlsu_top/x_aq_vlsu_vtb/lsu_wb_abnormal,0,0.0,0.0,0.0,0.0,,0
x_aq_vpu_top/x_aq_vlsu_top/x_aq_vlsu_vtb/lsu_wb_bytes_vld[7:0],0,0.0,0.0,0.0,0.0,,0
x_aq_vpu_top/x_aq_vlsu_top/x_aq_vlsu_vtb/lsu_wb_data[63:0],27,0.0008991308401878185,2.760407407407407,1.905204726135013,0.5925925925925926,-0.002126353779248852,47
x_aq_vpu_top/x_aq_vlsu_top/x_aq_vlsu_vtb/lsu_wb_vld,0,0.0,0.0,0.0,0.0,,0
x_aq_vpu_top/x_aq_vlsu_top/x_aq_vlsu_vtb/lsu_wen0[3:0],0,0.0,0.0,0.0,0.0,,0
x_aq_vpu_top/x_aq_vlsu_top/x_aq_vlsu_vtb/lsu_wen1[3:0],0,0.0,0.0,0.0,0.0,,0
x_aq_vpu_top/x_aq_vlsu_top/x_aq_vlsu_vtb/lsu_wen2[3:0],0,0.0,0.0,0.0,0.0,,0
x_aq_vpu_top/x_aq_vlsu_top/x_aq_vlsu_vtb/lsu_wen3[3:0],0,0.0,0.0,0.0,0.0,,0
x_aq_vpu_top/x_aq_vlsu_top/x_aq_vlsu_vtb/lsu_wen_data_entry_0[63:0],27,0.0008991308401878185,2.760407407407407,1.905204726135013,0.5925925925925926,-0.002126353779248852,47
x_aq_vpu_top/x_aq_vlsu_top/x_aq_vlsu_vtb/lsu_wen_data_entry_1[63:0],27,0.0008991308401878185,2.760407407407407,1.905204726135013,0.5925925925925926,0.00235951139380907,35
x_aq_vpu_top/x_aq_vlsu_top/x_aq_vlsu_vtb/lsu_wen_data_entry_2[63:0],27,0.0008991308401878185,2.760407407407407,1.905204726135013,0.5925925925925926,0.005854710870809392,45
x_aq_vpu_top/x_aq_vlsu_top/x_aq_vlsu_vtb/lsu_wen_data_entry_3[63:0],27,0.0008991308401878185,2.760407407407407,1.905204726135013,0.5925925925925926,0.015997951052657215,33
x_aq_vpu_top/x_aq_vlsu_top/x_aq_vlsu_vtb/lsu_wen_entry_0[3:0],0,0.0,0.0,0.0,0.0,,0
x_aq_vpu_top/x_aq_vlsu_top/x_aq_vlsu_vtb/lsu_wen_entry_1[3:0],0,0.0,0.0,0.0,0.0,,0
x_aq_vpu_top/x_aq_vlsu_top/x_aq_vlsu_vtb/lsu_wen_entry_2[3:0],0,0.0,0.0,0.0,0.0,,0
x_aq_vpu_top/x_aq_vlsu_top/x_aq_vlsu_vtb/lsu_wen_entry_3[3:0],0,0.0,0.0,0.0,0.0,,0
x_aq_vpu_top/x_aq_vlsu_top/x_aq_vlsu_vtb/pop_empty_vld,0,0.0,0.0,0.0,0.0,,0
x_aq_vpu_top/x_aq_vlsu_top/x_aq_vlsu_vtb/pop_vld,4,0.00013320456891671384,3.3960000000000004,2.3438841790499474,1.0,0.007245387093698875,1
x_aq_vpu_top/x_aq_vlsu_top/x_aq_vlsu_vtb/reg_cnt_mask_vld[7:0],2,6.660228445835692e-05,3.485499999999999,2.4056561560891017,1.0,-0.005930121910363778,7
x_aq_vpu_top/x_aq_vlsu_top/x_aq_vlsu_vtb/round_bit[1:0],0,0.0,0.0,0.0,0.0,,0
x_aq_vpu_top/x_aq_vlsu_top/x_aq_vlsu_vtb/split_cnt0[9:0],2,6.660228445835692e-05,3.485499999999999,2.4056561560891017,1.0,-0.0059301219103639335,2
x_aq_vpu_top/x_aq_vlsu_top/x_aq_vlsu_vtb/split_cnt0_vld,0,0.0,0.0,0.0,0.0,,0
x_aq_vpu_top/x_aq_vlsu_top/x_aq_vlsu_vtb/split_cnt1[9:0],2,6.660228445835692e-05,3.485499999999999,2.4056561560891017,1.0,-0.0059301219103639335,2
x_aq_vpu_top/x_aq_vlsu_top/x_aq_vlsu_vtb/split_cnt1_vld,0,0.0,0.0,0.0,0.0,,0
x_aq_vpu_top/x_aq_vlsu_top/x_aq_vlsu_vtb/split_cnt_next[7:0],0,0.0,0.0,0.0,0.0,,0
x_aq_vpu_top/x_aq_vlsu_top/x_aq_vlsu_vtb/split_cnt_next_high[4:0],0,0.0,0.0,0.0,0.0,,0
x_aq_vpu_top/x_aq_vlsu_top/x_aq_vlsu_vtb/sseg_create1_sel[3:0],16,0.0005328182756668553,1.8413125000000001,1.2708548991274753,0.5625,0.010167585006082027,1
x_aq_vpu_top/x_aq_vlsu_top/x_aq_vlsu_vtb/sseg_create_sel[3:0],0,0.0,0.0,0.0,0.0,,0
x_aq_vpu_top/x_aq_vlsu_top/x_aq_vlsu_vtb/sseg_create_stall,0,0.0,0.0,0.0,0.0,,0
x_aq_vpu_top/x_aq_vlsu_top/x_aq_vlsu_vtb/sseg_vtb_last,1,3.330114222917846e-05,1.4179999999999975,0.9786889770002413,1.0,-0.006141433491487378,1
x_aq_vpu_top/x_aq_vlsu_top/x_aq_vlsu_vtb/sseg_vtb_ready,0,0.0,0.0,0.0,0.0,,0
x_aq_vpu_top/x_aq_vlsu_top/x_aq_vlsu_vtb/vfst_create_bypass,0,0.0,0.0,0.0,0.0,,0
x_aq_vpu_top/x_aq_vlsu_top/x_aq_vlsu_vtb/vfst_create_bypass_success,0,0.0,0.0,0.0,0.0,,0
x_aq_vpu_top/x_aq_vlsu_top/x_aq_vlsu_vtb/vl[7:0],0,0.0,0.0,0.0,0.0,,0
x_aq_vpu_top/x_aq_vlsu_top/x_aq_vlsu_vtb/vl_index_0_vld,0,0.0,0.0,0.0,0.0,,0
x_aq_vpu_top/x_aq_vlsu_top/x_aq_vlsu_vtb/vlsu_amo_create1,0,0.0,0.0,0.0,0.0,,0
x_aq_vpu_top/x_aq_vlsu_top/x_aq_vlsu_vtb/vlsu_create_amo,0,0.0,0.0,0.0,0.0,,0
x_aq_vpu_top/x_aq_vlsu_top/x_aq_vlsu_vtb/vlsu_create_data0[63:0],10,0.00033301142229178463,1.7683,1.2204624245624327,0.4,-0.018722760431388923,34
x_aq_vpu_top/x_aq_vlsu_top/x_aq_vlsu_vtb/vlsu_create_data0_ori[63:0],10,0.00033301142229178463,1.7683,1.2204624245624327,0.4,-0.018722760431388923,34
x_aq_vpu_top/x_aq_vlsu_top/x_aq_vlsu_vtb/vlsu_create_data1[63:0],10,0.00033301142229178463,1.7683,1.2204624245624327,0.4,-0.018722760431388923,34
x_aq_vpu_top/x_aq_vlsu_top/x_aq_vlsu_vtb/vlsu_create_data1_ori[63:0],29,0.0009657331246461754,2.7920689655172413,1.9270572070353988,0.7931034482758621,0.13330910200860932,36
x_aq_vpu_top/x_aq_vlsu_top/x_aq_vlsu_vtb/vlsu_create_data_0[63:0],10,0.00033301142229178463,1.7683,1.2204624245624327,0.4,-0.018722760431388923,34
x_aq_vpu_top/x_aq_vlsu_top/x_aq_vlsu_vtb/vlsu_create_data_1[63:0],10,0.00033301142229178463,1.7683,1.2204624245624327,0.4,-0.018722760431388923,34
x_aq_vpu_top/x_aq_vlsu_top/x_aq_vlsu_vtb/vlsu_create_data_2[63:0],10,0.00033301142229178463,1.7683,1.2204624245624327,0.4,-0.018722760431388923,34
x_aq_vpu_top/x_aq_vlsu_top/x_aq_vlsu_vtb/vlsu_create_data_3[63:0],16,0.0005328182756668553,3.1618749999999998,2.1822935184433305,0.625,-0.01673777002673092,34
x_aq_vpu_top/x_aq_vlsu_top/x_aq_vlsu_vtb/vlsu_create_ele_cnt[7:0],2,6.660228445835692e-05,3.485499999999999,2.4056561560891017,1.0,-0.0059301219103639335,2
x_aq_vpu_top/x_aq_vlsu_top/x_aq_vlsu_vtb/vlsu_create_fld_req,0,0.0,0.0,0.0,0.0,,0
x_aq_vpu_top/x_aq_vlsu_top/x_aq_vlsu_vtb/vlsu_create_fls,18,0.0005994205601252123,3.1024444444444446,2.1412751618712416,0.6666666666666666,0.009357610132256123,1
x_aq_vpu_top/x_aq_vlsu_top/x_aq_vlsu_vtb/vlsu_create_fof_vld,0,0.0,0.0,0.0,0.0,,0
x_aq_vpu_top/x_aq_vlsu_top/x_aq_vlsu_vtb/vlsu_create_fst_vld,0,0.0,0.0,0.0,0.0,,0
x_aq_vpu_top/x_aq_vlsu_top/x_aq_vlsu_vtb/vlsu_create_fwd_lsu,0,0.0,0.0,0.0,0.0,,0
x_aq_vpu_top/x_aq_vlsu_top/x_aq_vlsu_vtb/vlsu_create_fwd_vld,0,0.0,0.0,0.0,0.0,,0
x_aq_vpu_top/x_aq_vlsu_top/x_aq_vlsu_vtb/vlsu_create_gate,12,0.00039961370675014153,1.7017499999999994,1.1745303008534294,0.5,0.10079235848009988,1
x_aq_vpu_top/x_aq_vlsu_top/x_aq_vlsu_vtb/vlsu_create_lmul[1:0],0,0.0,0.0,0.0,0.0,,0
x_aq_vpu_top/x_aq_vlsu_top/x_aq_vlsu_vtb/vlsu_create_mask[7:0],0,0.0,0.0,0.0,0.0,,0
x_aq_vpu_top/x_aq_vlsu_top/x_aq_vlsu_vtb/vlsu_create_mask_ext[63:0],0,0.0,0.0,0.0,0.0,,0
x_aq_vpu_top/x_aq_vlsu_top/x_aq_vlsu_vtb/vlsu_create_nf[2:0],4,0.00013320456891671384,5.792749999999998,3.9980963127772604,1.0,0.005761307260114271,2
x_aq_vpu_top/x_aq_vlsu_top/x_aq_vlsu_vtb/vlsu_create_nf_cnt[2:0],0,0.0,0.0,0.0,0.0,,0
x_aq_vpu_top/x_aq_vlsu_top/x_aq_vlsu_vtb/vlsu_create_no_wd,0,0.0,0.0,0.0,0.0,,0
x_aq_vpu_top/x_aq_vlsu_top/x_aq_vlsu_vtb/vlsu_create_reg_cnt[3:0],0,0.0,0.0,0.0,0.0,,0
x_aq_vpu_top/x_aq_vlsu_top/x_aq_vlsu_vtb/vlsu_create_req,0,0.0,0.0,0.0,0.0,,0
x_aq_vpu_top/x_aq_vlsu_top/x_aq_vlsu_vtb/vlsu_create_sel[3:0],5,0.00016650571114589232,4.7824,3.300763161922399,0.8,0.014398351798442007,2
x_aq_vpu_top/x_aq_vlsu_top/x_aq_vlsu_vtb/vlsu_create_seq_last,17,0.0005661194178960339,3.351882352941177,2.313434634009286,0.8235294117647058,-0.027245585373752945,1
x_aq_vpu_top/x_aq_vlsu_top/x_aq_vlsu_vtb/vlsu_create_sew[1:0],0,0.0,0.0,0.0,0.0,,0
x_aq_vpu_top/x_aq_vlsu_top/x_aq_vlsu_vtb/vlsu_create_split_cnt[7:0],0,0.0,0.0,0.0,0.0,,0
x_aq_vpu_top/x_aq_vlsu_top/x_aq_vlsu_vtb/vlsu_create_split_cnt_vld,0,0.0,0.0,0.0,0.0,,0
x_aq_vpu_top/x_aq_vlsu_top/x_aq_vlsu_vtb/vlsu_create_split_last,0,0.0,0.0,0.0,0.0,,0
x_aq_vpu_top/x_aq_vlsu_top/x_aq_vlsu_vtb/vlsu_create_st,16,0.0005328182756668553,1.8413125000000001,1.2708548991274753,0.5625,0.010167585006082027,1
x_aq_vpu_top/x_aq_vlsu_top/x_aq_vlsu_vtb/vlsu_create_st_type[3:0],32,0.0010656365513337107,2.8991249999999997,2.0009461780294986,0.75,0.01405386121613332,3
x_aq_vpu_top/x_aq_vlsu_top/x_aq_vlsu_vtb/vlsu_create_vl_mask[7:0],0,0.0,0.0,0.0,0.0,,0
x_aq_vpu_top/x_aq_vlsu_top/x_aq_vlsu_vtb/vlsu_create_vld[3:0],0,0.0,0.0,0.0,0.0,,0
x_aq_vpu_top/x_aq_vlsu_top/x_aq_vlsu_vtb/vlsu_create_vmask[7:0],0,0.0,0.0,0.0,0.0,,0
x_aq_vpu_top/x_aq_vlsu_top/x_aq_vlsu_vtb/vlsu_create_vreg[6:0],32,0.0010656365513337107,2.2938125,1.5831657327611917,0.71875,0.16063759671003924,4
x_aq_vpu_top/x_aq_vlsu_top/x_aq_vlsu_vtb/vlsu_create_wdata_ready,0,0.0,0.0,0.0,0.0,,0
x_aq_vpu_top/x_aq_vlsu_top/x_aq_vlsu_vtb/vlsu_create_wready,0,0.0,0.0,0.0,0.0,,0
x_aq_vpu_top/x_aq_vlsu_top/x_aq_vlsu_vtb/vlsu_fwd_data[63:0],29,0.0009657331246461754,2.6391034482758613,1.8214819844787844,0.5862068965517241,-0.002067972054110272,47
x_aq_vpu_top/x_aq_vlsu_top/x_aq_vlsu_vtb/vlsu_sseg_create,0,0.0,0.0,0.0,0.0,,0
x_aq_vpu_top/x_aq_vlsu_top/x_aq_vlsu_vtb/vlsu_sseg_vm_clr,0,0.0,0.0,0.0,0.0,,0
x_aq_vpu_top/x_aq_vlsu_top/x_aq_vlsu_vtb/vlsu_sseg_vm_create,0,0.0,0.0,0.0,0.0,,0
x_aq_vpu_top/x_aq_vlsu_top/x_aq_vlsu_vtb/vlsu_sseg_vm_ff_vld,0,0.0,0.0,0.0,0.0,,0
x_aq_vpu_top/x_aq_vlsu_top/x_aq_vlsu_vtb/vlsu_stall,0,0.0,0.0,0.0,0.0,,0
x_aq_vpu_top/x_aq_vlsu_top/x_aq_vlsu_vtb/vst_create_bypass,0,0.0,0.0,0.0,0.0,,0
x_aq_vpu_top/x_aq_vlsu_top/x_aq_vlsu_vtb/vstart[6:0],0,0.0,0.0,0.0,0.0,,0
x_aq_vpu_top/x_aq_vlsu_top/x_aq_vlsu_vtb/vstart_byte_overflow,0,0.0,0.0,0.0,0.0,,0
x_aq_vpu_top/x_aq_vlsu_top/x_aq_vlsu_vtb/vstart_dis[7:0],0,0.0,0.0,0.0,0.0,,0
x_aq_vpu_top/x_aq_vlsu_top/x_aq_vlsu_vtb/vstart_ge_vl,0,0.0,0.0,0.0,0.0,,0
x_aq_vpu_top/x_aq_vlsu_top/x_aq_vlsu_vtb/vtb_all_wb,1,3.330114222917846e-05,2.862,1.9753228858777825,0.0,0.004988007030259691,1
x_aq_vpu_top/x_aq_vlsu_top/x_aq_vlsu_vtb/vtb_buffer_full,0,0.0,0.0,0.0,0.0,,0
x_aq_vpu_top/x_aq_vlsu_top/x_aq_vlsu_vtb/vtb_clk,0,0.0,0.0,0.0,0.0,,0
x_aq_vpu_top/x_aq_vlsu_top/x_aq_vlsu_vtb/vtb_clk_en,18,0.0005994205601252123,2.506666666666666,1.7300754835547307,0.3888888888888889,0.12117527670865344,1
x_aq_vpu_top/x_aq_vlsu_top/x_aq_vlsu_vtb/vtb_create_full,0,0.0,0.0,0.0,0.0,,0
x_aq_vpu_top/x_aq_vlsu_top/x_aq_vlsu_vtb/vtb_create_stall,0,0.0,0.0,0.0,0.0,,0
x_aq_vpu_top/x_aq_vlsu_top/x_aq_vlsu_vtb/vtb_entry_all_wb[3:0],1,3.330114222917846e-05,2.862,1.9753228858777825,0.0,0.004988007030259153,4
x_aq_vpu_top/x_aq_vlsu_top/x_aq_vlsu_vtb/vtb_entry_data_0[63:0],2,6.660228445835692e-05,0.6954999999999996,0.4800269277176788,0.0,-0.007003797124271548,40
x_aq_vpu_top/x_aq_vlsu_top/x_aq_vlsu_vtb/vtb_entry_data_1[63:0],0,0.0,0.0,0.0,0.0,,0
x_aq_vpu_top/x_aq_vlsu_top/x_aq_vlsu_vtb/vtb_entry_data_2[63:0],0,0.0,0.0,0.0,0.0,,0
x_aq_vpu_top/x_aq_vlsu_top/x_aq_vlsu_vtb/vtb_entry_data_3[63:0],0,0.0,0.0,0.0,0.0,,0
x_aq_vpu_top/x_aq_vlsu_top/x_aq_vlsu_vtb/vtb_entry_fls[3:0],2,6.660228445835692e-05,9.846,6.795607663994635,1.0,-0.0017242096948918884,3
x_aq_vpu_top/x_aq_vlsu_top/x_aq_vlsu_vtb/vtb_entry_fof_vld[3:0],0,0.0,0.0,0.0,0.0,,0
x_aq_vpu_top/x_aq_vlsu_top/x_aq_vlsu_vtb/vtb_entry_fwd_data[63:0],8,0.00026640913783342767,2.683375,1.852037752932318,0.75,0.006957831144540245,40
x_aq_vpu_top/x_aq_vlsu_top/x_aq_vlsu_vtb/vtb_entry_seq_last[3:0],3,9.990342668753538e-05,7.974999999999999,5.50426275851688,1.0,-0.0007150964551450972,3
x_aq_vpu_top/x_aq_vlsu_top/x_aq_vlsu_vtb/vtb_entry_split_cnt_0[9:0],2,6.660228445835692e-05,2.896499999999999,1.999134430099579,1.0,-0.006776788118561488,2
x_aq_vpu_top/x_aq_vlsu_top/x_aq_vlsu_vtb/vtb_entry_split_cnt_1[9:0],0,0.0,0.0,0.0,0.0,,0
x_aq_vpu_top/x_aq_vlsu_top/x_aq_vlsu_vtb/vtb_entry_split_cnt_2[9:0],0,0.0,0.0,0.0,0.0,,0
x_aq_vpu_top/x_aq_vlsu_top/x_aq_vlsu_vtb/vtb_entry_split_cnt_3[9:0],0,0.0,0.0,0.0,0.0,,0
x_aq_vpu_top/x_aq_vlsu_top/x_aq_vlsu_vtb/vtb_entry_split_cnt_vld[3:0],0,0.0,0.0,0.0,0.0,,0
x_aq_vpu_top/x_aq_vlsu_top/x_aq_vlsu_vtb/vtb_entry_st_fwd_fp_bus[3:0],0,0.0,0.0,0.0,0.0,,0
x_aq_vpu_top/x_aq_vlsu_top/x_aq_vlsu_vtb/vtb_entry_st_fwd_vld[3:0],0,0.0,0.0,0.0,0.0,,0
x_aq_vpu_top/x_aq_vlsu_top/x_aq_vlsu_vtb/vtb_entry_st_vld[3:0],4,0.00013320456891671384,1.2047499999999995,0.8315060261220326,1.0,0.005902747733204931,1
x_aq_vpu_top/x_aq_vlsu_top/x_aq_vlsu_vtb/vtb_entry_vl_mask_0[7:0],1,3.330114222917846e-05,2.862,1.9753228858777825,0.0,0.00498800703026006,8
x_aq_vpu_top/x_aq_vlsu_top/x_aq_vlsu_vtb/vtb_entry_vl_mask_1[7:0],1,3.330114222917846e-05,2.862,1.9753228858777825,0.0,0.00498800703026006,8
x_aq_vpu_top/x_aq_vlsu_top/x_aq_vlsu_vtb/vtb_entry_vl_mask_2[7:0],1,3.330114222917846e-05,2.862,1.9753228858777825,0.0,0.00498800703026006,8
x_aq_vpu_top/x_aq_vlsu_top/x_aq_vlsu_vtb/vtb_entry_vl_mask_3[7:0],1,3.330114222917846e-05,2.862,1.9753228858777825,0.0,0.00498800703026006,8
x_aq_vpu_top/x_aq_vlsu_top/x_aq_vlsu_vtb/vtb_entry_vld[3:0],4,0.00013320456891671384,1.2047499999999995,0.8315060261220326,1.0,0.005902747733204931,1
x_aq_vpu_top/x_aq_vlsu_top/x_aq_vlsu_vtb/vtb_entry_vload_vld[3:0],0,0.0,0.0,0.0,0.0,,0
x_aq_vpu_top/x_aq_vlsu_top/x_aq_vlsu_vtb/vtb_entry_vm_mask_0[7:0],3,9.990342668753538e-05,2.8849999999999993,1.9911972486923133,0.6666666666666666,0.006991090003442026,8
x_aq_vpu_top/x_aq_vlsu_top/x_aq_vlsu_vtb/vtb_entry_vm_mask_1[7:0],1,3.330114222917846e-05,2.862,1.9753228858777825,0.0,0.00498800703026006,8
x_aq_vpu_top/x_aq_vlsu_top/x_aq_vlsu_vtb/vtb_entry_vm_mask_2[7:0],1,3.330114222917846e-05,2.862,1.9753228858777825,0.0,0.00498800703026006,8
x_aq_vpu_top/x_aq_vlsu_top/x_aq_vlsu_vtb/vtb_entry_vm_mask_3[7:0],1,3.330114222917846e-05,2.862,1.9753228858777825,0.0,0.00498800703026006,8
x_aq_vpu_top/x_aq_vlsu_top/x_aq_vlsu_vtb/vtb_entry_vreg_0[6:0],2,6.660228445835692e-05,2.896499999999999,1.999134430099579,1.0,-0.006776788118561417,2
x_aq_vpu_top/x_aq_vlsu_top/x_aq_vlsu_vtb/vtb_entry_vreg_1[6:0],0,0.0,0.0,0.0,0.0,,0
x_aq_vpu_top/x_aq_vlsu_top/x_aq_vlsu_vtb/vtb_entry_vreg_2[6:0],0,0.0,0.0,0.0,0.0,,0
x_aq_vpu_top/x_aq_vlsu_top/x_aq_vlsu_vtb/vtb_entry_vreg_3[6:0],0,0.0,0.0,0.0,0.0,,0
x_aq_vpu_top/x_aq_vlsu_top/x_aq_vlsu_vtb/vtb_entry_wb_ready[3:0],0,0.0,0.0,0.0,0.0,,0
x_aq_vpu_top/x_aq_vlsu_top/x_aq_vlsu_vtb/vtb_entry_wb_vld[3:0],0,0.0,0.0,0.0,0.0,,0
x_aq_vpu_top/x_aq_vlsu_top/x_aq_vlsu_vtb/vtb_entry_wdata_ready[3:0],3,9.990342668753538e-05,2.0493333333333332,1.4144287330976713,0.3333333333333333,-0.007239057542520533,1
x_aq_vpu_top/x_aq_vlsu_top/x_aq_vlsu_vtb/vtb_entry_wdata_vld[3:0],4,0.00013320456891671384,0.5984999999999996,0.41307852802161144,0.5,0.001908422444930719,1
x_aq_vpu_top/x_aq_vlsu_top/x_aq_vlsu_vtb/vtb_full,0,0.0,0.0,0.0,0.0,,0
x_aq_vpu_top/x_aq_vlsu_top/x_aq_vlsu_vtb/vtb_full_for_fp,0,0.0,0.0,0.0,0.0,,0
x_aq_vpu_top/x_aq_vlsu_top/x_aq_vlsu_vtb/vtb_fwd_bypass,0,0.0,0.0,0.0,0.0,,0
x_aq_vpu_top/x_aq_vlsu_top/x_aq_vlsu_vtb/vtb_fwd_fls,1,3.330114222917846e-05,10.872,7.503742283460255,1.0,-0.003229515705865712,1
x_aq_vpu_top/x_aq_vlsu_top/x_aq_vlsu_vtb/vtb_fwd_fp_bus,0,0.0,0.0,0.0,0.0,,0
x_aq_vpu_top/x_aq_vlsu_top/x_aq_vlsu_vtb/vtb_fwd_ready,4,0.00013320456891671384,1.2047499999999995,0.8315060261220326,1.0,0.005902747733204931,1
x_aq_vpu_top/x_aq_vlsu_top/x_aq_vlsu_vtb/vtb_fwd_req,4,0.00013320456891671384,1.2047499999999995,0.8315060261220326,1.0,0.005902747733204931,1
x_aq_vpu_top/x_aq_vlsu_top/x_aq_vlsu_vtb/vtb_fwd_seq_last,5,0.00016650571114589232,6.3844,4.406447041438894,1.0,-0.005162544031967743,1
x_aq_vpu_top/x_aq_vlsu_top/x_aq_vlsu_vtb/vtb_fwd_success,0,0.0,0.0,0.0,0.0,,0
x_aq_vpu_top/x_aq_vlsu_top/x_aq_vlsu_vtb/vtb_fwd_vreg[4:0],8,0.00026640913783342767,3.233625,2.231814628527793,1.0,0.010516348378388881,2
x_aq_vpu_top/x_aq_vlsu_top/x_aq_vlsu_vtb/vtb_fwd_wdata_ready,4,0.00013320456891671384,0.7287499999999996,0.5029757348299906,0.5,0.0030922221464683946,1
x_aq_vpu_top/x_aq_vlsu_top/x_aq_vlsu_vtb/vtb_no_pending_st,5,0.00016650571114589232,4.7824,3.300763161922399,0.8,-0.008643175676272796,1
x_aq_vpu_top/x_aq_vlsu_top/x_aq_vlsu_vtb/vtb_pop_entry_vld,4,0.00013320456891671384,1.2047499999999995,0.8315060261220326,1.0,0.005902747733204931,1
x_aq_vpu_top/x_aq_vlsu_top/x_aq_vlsu_vtb/vtb_wb_ready,0,0.0,0.0,0.0,0.0,,0
x_aq_vpu_top/x_aq_vlsu_top/x_aq_vlsu_vtb/vtb_wb_vld,0,0.0,0.0,0.0,0.0,,0
x_aq_vpu_top/x_aq_vlsu_top/x_aq_vlsu_vtb/vtb_wdata_vld,4,0.00013320456891671384,0.5984999999999996,0.41307852802161144,0.5,0.001908422444930719,1
x_aq_vpu_top/x_aq_vlsu_top/x_aq_vlsu_vtb/wb_data_aft_vl[63:0],0,0.0,0.0,0.0,0.0,,0
x_aq_vpu_top/x_aq_vlsu_top/x_aq_vlsu_vtb/wb_data_aft_vm[63:0],27,0.0008991308401878185,2.760407407407407,1.905204726135013,0.5925925925925926,-0.002126353779248852,47
x_aq_vpu_top/x_aq_vlsu_top/x_aq_vlsu_vtb/wb_data_bf_vl[63:0],0,0.0,0.0,0.0,0.0,,0
x_aq_vpu_top/x_aq_vlsu_top/x_aq_vlsu_vtb/wb_data_final[63:0],0,0.0,0.0,0.0,0.0,,0
x_aq_vpu_top/x_aq_vlsu_top/x_aq_vlsu_vtb/wb_pop,0,0.0,0.0,0.0,0.0,,0
x_aq_vpu_top/x_aq_vlsu_top/x_aq_vlsu_vtb/wb_req,0,0.0,0.0,0.0,0.0,,0
x_aq_vpu_top/x_aq_vlsu_top/x_aq_vlsu_vtb/wb_sel[3:0],1,3.330114222917846e-05,2.862,1.9753228858777825,0.0,0.004988007030259691,1
x_aq_vpu_top/x_aq_vlsu_top/x_aq_vlsu_vtb/wb_vl_mask_ext[63:0],1,3.330114222917846e-05,2.862,1.9753228858777825,0.0,0.004988007030259691,64
x_aq_vpu_top/x_aq_vlsu_top/x_aq_vlsu_vtb/wb_vld[3:0],0,0.0,0.0,0.0,0.0,,0
x_aq_vpu_top/x_aq_vlsu_top/x_aq_vlsu_vtb/wb_vm_mask_ext[63:0],1,3.330114222917846e-05,2.862,1.9753228858777825,0.0,0.004988007030259691,64
x_aq_vpu_top/x_aq_vlsu_top/x_aq_vlsu_vtb/wb_vm_mask_final[7:0],1,3.330114222917846e-05,2.862,1.9753228858777825,0.0,0.00498800703026006,8
x_aq_vpu_top/x_aq_vlsu_top/x_aq_vlsu_vtb/x_aq_vlsu_vtb_entry_0/cp0_vpu_icg_en,0,0.0,0.0,0.0,0.0,,0
x_aq_vpu_top/x_aq_vlsu_top/x_aq_vlsu_vtb/x_aq_vlsu_vtb_entry_0/cpurst_b,3,9.990342668753538e-05,1.553333333333334,1.0720946480538631,0.0,-0.0005091736528365816,1
x_aq_vpu_top/x_aq_vlsu_top/x_aq_vlsu_vtb/x_aq_vlsu_vtb_entry_0/forever_cpuclk,0,0.0,0.0,0.0,0.0,,0
x_aq_vpu_top/x_aq_vlsu_top/x_aq_vlsu_vtb/x_aq_vlsu_vtb_entry_0/fwd_vld_x,0,0.0,0.0,0.0,0.0,,0
x_aq_vpu_top/x_aq_vlsu_top/x_aq_vlsu_vtb/x_aq_vlsu_vtb_entry_0/if_vlsu_fls_data[63:0],27,0.0008991308401878185,2.760407407407407,1.905204726135013,0.5925925925925926,-0.002126353779248852,47
x_aq_vpu_top/x_aq_vlsu_top/x_aq_vlsu_vtb/x_aq_vlsu_vtb_entry_0/if_vlsu_fls_reg[4:0],397,0.01322055346498385,1.674874055415617,1.1559808010570933,0.14105793450881612,0.0024943509928472586,5
x_aq_vpu_top/x_aq_vlsu_top/x_aq_vlsu_vtb/x_aq_vlsu_vtb_entry_0/if_vlsu_fls_wb_vld,0,0.0,0.0,0.0,0.0,,0
x_aq_vpu_top/x_aq_vlsu_top/x_aq_vlsu_vtb/x_aq_vlsu_vtb_entry_0/lsu_wen_data_entry_v[63:0],27,0.0008991308401878185,2.760407407407407,1.905204726135013,0.5925925925925926,-0.002126353779248852,47
x_aq_vpu_top/x_aq_vlsu_top/x_aq_vlsu_vtb/x_aq_vlsu_vtb_entry_0/lsu_wen_entry_v[3:0],0,0.0,0.0,0.0,0.0,,0
x_aq_vpu_top/x_aq_vlsu_top/x_aq_vlsu_vtb/x_aq_vlsu_vtb_entry_0/pad_yy_icg_scan_en,0,0.0,0.0,0.0,0.0,,0
x_aq_vpu_top/x_aq_vlsu_top/x_aq_vlsu_vtb/x_aq_vlsu_vtb_entry_0/round_bit[1:0],0,0.0,0.0,0.0,0.0,,0
x_aq_vpu_top/x_aq_vlsu_top/x_aq_vlsu_vtb/x_aq_vlsu_vtb_entry_0/rtu_yy_xx_flush,0,0.0,0.0,0.0,0.0,,0
x_aq_vpu_top/x_aq_vlsu_top/x_aq_vlsu_vtb/x_aq_vlsu_vtb_entry_0/sseg_abnormal_vld,0,0.0,0.0,0.0,0.0,,0
x_aq_vpu_top/x_aq_vlsu_top/x_aq_vlsu_vtb/x_aq_vlsu_vtb_entry_0/sseg_wb_vld,0,0.0,0.0,0.0,0.0,,0
x_aq_vpu_top/x_aq_vlsu_top/x_aq_vlsu_vtb/x_aq_vlsu_vtb_entry_0/vlsu_create_data_v[63:0],10,0.00033301142229178463,1.7683,1.2204624245624327,0.4,-0.018722760431388923,34
x_aq_vpu_top/x_aq_vlsu_top/x_aq_vlsu_vtb/x_aq_vlsu_vtb_entry_0/vlsu_create_ele_cnt[7:0],2,6.660228445835692e-05,3.485499999999999,2.4056561560891017,1.0,-0.0059301219103639335,2
x_aq_vpu_top/x_aq_vlsu_top/x_aq_vlsu_vtb/x_aq_vlsu_vtb_entry_0/vlsu_create_fls,18,0.0005994205601252123,3.1024444444444446,2.1412751618712416,0.6666666666666666,0.009357610132256123,1
x_aq_vpu_top/x_aq_vlsu_top/x_aq_vlsu_vtb/x_aq_vlsu_vtb_entry_0/vlsu_create_fof_vld,0,0.0,0.0,0.0,0.0,,0
x_aq_vpu_top/x_aq_vlsu_top/x_aq_vlsu_vtb/x_aq_vlsu_vtb_entry_0/vlsu_create_mask[7:0],0,0.0,0.0,0.0,0.0,,0
x_aq_vpu_top/x_aq_vlsu_top/x_aq_vlsu_vtb/x_aq_vlsu_vtb_entry_0/vlsu_create_mask_ext[63:0],0,0.0,0.0,0.0,0.0,,0
x_aq_vpu_top/x_aq_vlsu_top/x_aq_vlsu_vtb/x_aq_vlsu_vtb_entry_0/vlsu_create_seq_last,17,0.0005661194178960339,3.351882352941177,2.313434634009286,0.8235294117647058,-0.027245585373752945,1
x_aq_vpu_top/x_aq_vlsu_top/x_aq_vlsu_vtb/x_aq_vlsu_vtb_entry_0/vlsu_create_st_type_x,16,0.0005328182756668553,1.8413125000000001,1.2708548991274753,0.5625,0.010167585006082027,1
x_aq_vpu_top/x_aq_vlsu_top/x_aq_vlsu_vtb/x_aq_vlsu_vtb_entry_0/vlsu_create_vl_mask[7:0],0,0.0,0.0,0.0,0.0,,0
x_aq_vpu_top/x_aq_vlsu_top/x_aq_vlsu_vtb/x_aq_vlsu_vtb_entry_0/vlsu_create_vld_x,0,0.0,0.0,0.0,0.0,,0
x_aq_vpu_top/x_aq_vlsu_top/x_aq_vlsu_vtb/x_aq_vlsu_vtb_entry_0/vlsu_create_vreg[6:0],32,0.0010656365513337107,2.2938125,1.5831657327611917,0.71875,0.16063759671003924,4
x_aq_vpu_top/x_aq_vlsu_top/x_aq_vlsu_vtb/x_aq_vlsu_vtb_entry_0/vlsu_create_wready,0,0.0,0.0,0.0,0.0,,0
x_aq_vpu_top/x_aq_vlsu_top/x_aq_vlsu_vtb/x_aq_vlsu_vtb_entry_0/vlsu_sseg_create,0,0.0,0.0,0.0,0.0,,0
x_aq_vpu_top/x_aq_vlsu_top/x_aq_vlsu_vtb/x_aq_vlsu_vtb_entry_0/vlsu_warm_up,2,6.660228445835692e-05,8.55,5.901121828880168,1.0,0.17944175952243305,1
x_aq_vpu_top/x_aq_vlsu_top/x_aq_vlsu_vtb/x_aq_vlsu_vtb_entry_0/vpu_vlsu_fp_wb_data[63:0],16,0.0005328182756668553,3.02025,2.0845454039386344,0.9375,-0.01944299123022418,34
x_aq_vpu_top/x_aq_vlsu_top/x_aq_vlsu_vtb/x_aq_vlsu_vtb_entry_0/vpu_vlsu_fp_wb_reg[4:0],28,0.0009324319824169969,2.5695,1.7734424022581978,0.75,-0.014637236857539317,5
x_aq_vpu_top/x_aq_vlsu_top/x_aq_vlsu_vtb/x_aq_vlsu_vtb_entry_0/vpu_vlsu_fp_wb_vld,0,0.0,0.0,0.0,0.0,,0
x_aq_vpu_top/x_aq_vlsu_top/x_aq_vlsu_vtb/x_aq_vlsu_vtb_entry_0/vtb_entry_all_wb_x,1,3.330114222917846e-05,2.862,1.9753228858777825,0.0,0.004988007030259691,1
x_aq_vpu_top/x_aq_vlsu_top/x_aq_vlsu_vtb/x_aq_vlsu_vtb_entry_0/vtb_entry_data_v[63:0],2,6.660228445835692e-05,0.6954999999999996,0.4800269277176788,0.0,-0.007003797124271548,40
x_aq_vpu_top/x_aq_vlsu_top/x_aq_vlsu_vtb/x_aq_vlsu_vtb_entry_0/vtb_entry_fls_x,1,3.330114222917846e-05,10.872,7.503742283460255,1.0,-0.003229515705865712,1
x_aq_vpu_top/x_aq_vlsu_top/x_aq_vlsu_vtb/x_aq_vlsu_vtb_entry_0/vtb_entry_fof_vld_x,0,0.0,0.0,0.0,0.0,,0
x_aq_vpu_top/x_aq_vlsu_top/x_aq_vlsu_vtb/x_aq_vlsu_vtb_entry_0/vtb_entry_seq_last_x,2,6.660228445835692e-05,7.552499999999998,5.212657615510813,1.0,0.004999175178572988,1
x_aq_vpu_top/x_aq_vlsu_top/x_aq_vlsu_vtb/x_aq_vlsu_vtb_entry_0/vtb_entry_split_cnt_v[9:0],2,6.660228445835692e-05,2.896499999999999,1.999134430099579,1.0,-0.006776788118561488,2
x_aq_vpu_top/x_aq_vlsu_top/x_aq_vlsu_vtb/x_aq_vlsu_vtb_entry_0/vtb_entry_split_cnt_vld_x,0,0.0,0.0,0.0,0.0,,0
x_aq_vpu_top/x_aq_vlsu_top/x_aq_vlsu_vtb/x_aq_vlsu_vtb_entry_0/vtb_entry_st_fwd_fp_bus_x,0,0.0,0.0,0.0,0.0,,0
x_aq_vpu_top/x_aq_vlsu_top/x_aq_vlsu_vtb/x_aq_vlsu_vtb_entry_0/vtb_entry_st_fwd_vld_x,0,0.0,0.0,0.0,0.0,,0
x_aq_vpu_top/x_aq_vlsu_top/x_aq_vlsu_vtb/x_aq_vlsu_vtb_entry_0/vtb_entry_st_vld_x,4,0.00013320456891671384,1.2047499999999995,0.8315060261220326,1.0,0.005902747733204931,1
x_aq_vpu_top/x_aq_vlsu_top/x_aq_vlsu_vtb/x_aq_vlsu_vtb_entry_0/vtb_entry_vl_mask_v[7:0],1,3.330114222917846e-05,2.862,1.9753228858777825,0.0,0.00498800703026006,8
x_aq_vpu_top/x_aq_vlsu_top/x_aq_vlsu_vtb/x_aq_vlsu_vtb_entry_0/vtb_entry_vld_x,4,0.00013320456891671384,1.2047499999999995,0.8315060261220326,1.0,0.005902747733204931,1
x_aq_vpu_top/x_aq_vlsu_top/x_aq_vlsu_vtb/x_aq_vlsu_vtb_entry_0/vtb_entry_vload_vld_x,0,0.0,0.0,0.0,0.0,,0
x_aq_vpu_top/x_aq_vlsu_top/x_aq_vlsu_vtb/x_aq_vlsu_vtb_entry_0/vtb_entry_vm_mask_v[7:0],3,9.990342668753538e-05,2.8849999999999993,1.9911972486923133,0.6666666666666666,0.006991090003442026,8
x_aq_vpu_top/x_aq_vlsu_top/x_aq_vlsu_vtb/x_aq_vlsu_vtb_entry_0/vtb_entry_vreg_v[6:0],2,6.660228445835692e-05,2.896499999999999,1.999134430099579,1.0,-0.006776788118561417,2
x_aq_vpu_top/x_aq_vlsu_top/x_aq_vlsu_vtb/x_aq_vlsu_vtb_entry_0/vtb_entry_wb_ready_x,0,0.0,0.0,0.0,0.0,,0
x_aq_vpu_top/x_aq_vlsu_top/x_aq_vlsu_vtb/x_aq_vlsu_vtb_entry_0/vtb_entry_wb_vld_x,0,0.0,0.0,0.0,0.0,,0
x_aq_vpu_top/x_aq_vlsu_top/x_aq_vlsu_vtb/x_aq_vlsu_vtb_entry_0/vtb_entry_wdata_ready_x,3,9.990342668753538e-05,2.0493333333333332,1.4144287330976713,0.3333333333333333,-0.007239057542520533,1
x_aq_vpu_top/x_aq_vlsu_top/x_aq_vlsu_vtb/x_aq_vlsu_vtb_entry_0/vtb_entry_wdata_vld_x,4,0.00013320456891671384,0.5984999999999996,0.41307852802161144,0.5,0.001908422444930719,1
x_aq_vpu_top/x_aq_vlsu_top/x_aq_vlsu_vtb/x_aq_vlsu_vtb_entry_0/wb_vld_x,0,0.0,0.0,0.0,0.0,,0
x_aq_vpu_top/x_aq_vlsu_top/x_aq_vlsu_vtb/x_aq_vlsu_vtb_entry_0/entry_clk,0,0.0,0.0,0.0,0.0,,0
x_aq_vpu_top/x_aq_vlsu_top/x_aq_vlsu_vtb/x_aq_vlsu_vtb_entry_0/entry_clk_en,6,0.00019980685337507077,4.621999999999999,3.1900567360332315,1.0,0.10555285710283285,1
x_aq_vpu_top/x_aq_vlsu_top/x_aq_vlsu_vtb/x_aq_vlsu_vtb_entry_0/entry_data0_clk,0,0.0,0.0,0.0,0.0,,0
x_aq_vpu_top/x_aq_vlsu_top/x_aq_vlsu_vtb/x_aq_vlsu_vtb_entry_0/entry_data0_clk_en,6,0.00019980685337507077,4.580166666666666,3.16118380076912,0.6666666666666666,0.15560148616132485,1
x_aq_vpu_top/x_aq_vlsu_top/x_aq_vlsu_vtb/x_aq_vlsu_vtb_entry_0/entry_data1_clk,0,0.0,0.0,0.0,0.0,,0
x_aq_vpu_top/x_aq_vlsu_top/x_aq_vlsu_vtb/x_aq_vlsu_vtb_entry_0/entry_data1_clk_en,6,0.00019980685337507077,4.580166666666666,3.16118380076912,0.6666666666666666,0.15560148616132485,1
x_aq_vpu_top/x_aq_vlsu_top/x_aq_vlsu_vtb/x_aq_vlsu_vtb_entry_0/entry_data2_clk,0,0.0,0.0,0.0,0.0,,0
x_aq_vpu_top/x_aq_vlsu_top/x_aq_vlsu_vtb/x_aq_vlsu_vtb_entry_0/entry_data2_clk_en,6,0.00019980685337507077,4.580166666666666,3.16118380076912,0.6666666666666666,0.15560148616132485,1
x_aq_vpu_top/x_aq_vlsu_top/x_aq_vlsu_vtb/x_aq_vlsu_vtb_entry_0/entry_data3_clk,0,0.0,0.0,0.0,0.0,,0
x_aq_vpu_top/x_aq_vlsu_top/x_aq_vlsu_vtb/x_aq_vlsu_vtb_entry_0/entry_data3_clk_en,6,0.00019980685337507077,4.580166666666666,3.16118380076912,0.6666666666666666,0.15560148616132485,1
x_aq_vpu_top/x_aq_vlsu_top/x_aq_vlsu_vtb/x_aq_vlsu_vtb_entry_0/entry_mask_active[7:0],9,0.00029971028006260615,1.921111111111111,1.325931077600235,0.4444444444444444,-0.0036899009082354533,8
x_aq_vpu_top/x_aq_vlsu_top/x_aq_vlsu_vtb/x_aq_vlsu_vtb_entry_0/entry_mask_ext[63:0],9,0.00029971028006260615,1.921111111111111,1.325931077600235,0.4444444444444444,-0.0037073908233677014,64
x_aq_vpu_top/x_aq_vlsu_top/x_aq_vlsu_vtb/x_aq_vlsu_vtb_entry_0/fwd_vld,0,0.0,0.0,0.0,0.0,,0
x_aq_vpu_top/x_aq_vlsu_top/x_aq_vlsu_vtb/x_aq_vlsu_vtb_entry_0/lsu_wen[3:0],0,0.0,0.0,0.0,0.0,,0
x_aq_vpu_top/x_aq_vlsu_top/x_aq_vlsu_vtb/x_aq_vlsu_vtb_entry_0/lsu_wen_data[63:0],27,0.0008991308401878185,2.760407407407407,1.905204726135013,0.5925925925925926,-0.002126353779248852,47
x_aq_vpu_top/x_aq_vlsu_top/x_aq_vlsu_vtb/x_aq_vlsu_vtb_entry_0/lsu_wen_vld,0,0.0,0.0,0.0,0.0,,0
x_aq_vpu_top/x_aq_vlsu_top/x_aq_vlsu_vtb/x_aq_vlsu_vtb_entry_0/st_fwd_fp_bus,0,0.0,0.0,0.0,0.0,,0
x_aq_vpu_top/x_aq_vlsu_top/x_aq_vlsu_vtb/x_aq_vlsu_vtb_entry_0/st_fwd_lsu,0,0.0,0.0,0.0,0.0,,0
x_aq_vpu_top/x_aq_vlsu_top/x_aq_vlsu_vtb/x_aq_vlsu_vtb_entry_0/st_fwd_vld,0,0.0,0.0,0.0,0.0,,0
x_aq_vpu_top/x_aq_vlsu_top/x_aq_vlsu_vtb/x_aq_vlsu_vtb_entry_0/st_fwd_vld_gate,4,0.00013320456891671384,1.142,0.7881966232258656,0.5,0.008511983452794733,1
x_aq_vpu_top/x_aq_vlsu_top/x_aq_vlsu_vtb/x_aq_vlsu_vtb_entry_0/vlsu_create_data[63:0],10,0.00033301142229178463,1.7683,1.2204624245624327,0.4,-0.018722760431388923,34
x_aq_vpu_top/x_aq_vlsu_top/x_aq_vlsu_vtb/x_aq_vlsu_vtb_entry_0/vlsu_create_data0_vld,0,0.0,0.0,0.0,0.0,,0
x_aq_vpu_top/x_aq_vlsu_top/x_aq_vlsu_vtb/x_aq_vlsu_vtb_entry_0/vlsu_create_data1_vld,0,0.0,0.0,0.0,0.0,,0
x_aq_vpu_top/x_aq_vlsu_top/x_aq_vlsu_vtb/x_aq_vlsu_vtb_entry_0/vlsu_create_data2_vld,0,0.0,0.0,0.0,0.0,,0
x_aq_vpu_top/x_aq_vlsu_top/x_aq_vlsu_vtb/x_aq_vlsu_vtb_entry_0/vlsu_create_data3_vld,0,0.0,0.0,0.0,0.0,,0
x_aq_vpu_top/x_aq_vlsu_top/x_aq_vlsu_vtb/x_aq_vlsu_vtb_entry_0/vlsu_create_ready,0,0.0,0.0,0.0,0.0,,0
x_aq_vpu_top/x_aq_vlsu_top/x_aq_vlsu_vtb/x_aq_vlsu_vtb_entry_0/vlsu_create_st,16,0.0005328182756668553,1.8413125000000001,1.2708548991274753,0.5625,0.010167585006082027,1
x_aq_vpu_top/x_aq_vlsu_top/x_aq_vlsu_vtb/x_aq_vlsu_vtb_entry_0/vlsu_create_vld,0,0.0,0.0,0.0,0.0,,0
x_aq_vpu_top/x_aq_vlsu_top/x_aq_vlsu_vtb/x_aq_vlsu_vtb_entry_0/vlsu_entry_data[63:0],10,0.00033301142229178463,1.7683,1.2204624245624327,0.4,-0.018722760431388923,34
x_aq_vpu_top/x_aq_vlsu_top/x_aq_vlsu_vtb/x_aq_vlsu_vtb_entry_0/vlsu_entry_data_aft_mask[63:0],10,0.00033301142229178463,1.7683,1.2204624245624327,0.4,-0.018722760431388923,34
x_aq_vpu_top/x_aq_vlsu_top/x_aq_vlsu_vtb/x_aq_vlsu_vtb_entry_0/vlsu_entry_merge_mask[7:0],0,0.0,0.0,0.0,0.0,,0
x_aq_vpu_top/x_aq_vlsu_top/x_aq_vlsu_vtb/x_aq_vlsu_vtb_entry_0/vlsu_entry_merge_mask_ext[63:0],0,0.0,0.0,0.0,0.0,,0
x_aq_vpu_top/x_aq_vlsu_top/x_aq_vlsu_vtb/x_aq_vlsu_vtb_entry_0/vlsu_fwd_data[63:0],35,0.0011655399780212462,2.382342857142857,1.644268472299703,0.6571428571428571,-0.0014729943568098777,47
x_aq_vpu_top/x_aq_vlsu_top/x_aq_vlsu_vtb/x_aq_vlsu_vtb_entry_0/wb_vld,0,0.0,0.0,0.0,0.0,,0
x_aq_vpu_top/x_aq_vlsu_top/x_aq_vlsu_vtb/x_aq_vlsu_vtb_entry_0/x_aq_lsu_vtb_entry_gated_clk/clk_in,0,0.0,0.0,0.0,0.0,,0
x_aq_vpu_top/x_aq_vlsu_top/x_aq_vlsu_vtb/x_aq_vlsu_vtb_entry_0/x_aq_lsu_vtb_entry_gated_clk/global_en,0,0.0,0.0,0.0,0.0,,0
x_aq_vpu_top/x_aq_vlsu_top/x_aq_vlsu_vtb/x_aq_vlsu_vtb_entry_0/x_aq_lsu_vtb_entry_gated_clk/module_en,0,0.0,0.0,0.0,0.0,,0
x_aq_vpu_top/x_aq_vlsu_top/x_aq_vlsu_vtb/x_aq_vlsu_vtb_entry_0/x_aq_lsu_vtb_entry_gated_clk/local_en,6,0.00019980685337507077,4.621999999999999,3.1900567360332315,1.0,0.10555285710283285,1
x_aq_vpu_top/x_aq_vlsu_top/x_aq_vlsu_vtb/x_aq_vlsu_vtb_entry_0/x_aq_lsu_vtb_entry_gated_clk/external_en,0,0.0,0.0,0.0,0.0,,0
x_aq_vpu_top/x_aq_vlsu_top/x_aq_vlsu_vtb/x_aq_vlsu_vtb_entry_0/x_aq_lsu_vtb_entry_gated_clk/pad_yy_icg_scan_en,0,0.0,0.0,0.0,0.0,,0
x_aq_vpu_top/x_aq_vlsu_top/x_aq_vlsu_vtb/x_aq_vlsu_vtb_entry_0/x_aq_lsu_vtb_entry_gated_clk/clk_out,0,0.0,0.0,0.0,0.0,,0
x_aq_vpu_top/x_aq_vlsu_top/x_aq_vlsu_vtb/x_aq_vlsu_vtb_entry_0/x_aq_lsu_vtb_entry_gated_clk/clk_en_bf_latch,6,0.00019980685337507077,4.621999999999999,3.1900567360332315,1.0,0.10555285710283285,1
x_aq_vpu_top/x_aq_vlsu_top/x_aq_vlsu_vtb/x_aq_vlsu_vtb_entry_0/x_aq_lsu_vtb_entry_gated_clk/SE,0,0.0,0.0,0.0,0.0,,0
x_aq_vpu_top/x_aq_vlsu_top/x_aq_vlsu_vtb/x_aq_vlsu_vtb_entry_0/x_aq_lsu_vtb_entry_data0_gated_clk/clk_in,0,0.0,0.0,0.0,0.0,,0
x_aq_vpu_top/x_aq_vlsu_top/x_aq_vlsu_vtb/x_aq_vlsu_vtb_entry_0/x_aq_lsu_vtb_entry_data0_gated_clk/global_en,0,0.0,0.0,0.0,0.0,,0
x_aq_vpu_top/x_aq_vlsu_top/x_aq_vlsu_vtb/x_aq_vlsu_vtb_entry_0/x_aq_lsu_vtb_entry_data0_gated_clk/module_en,0,0.0,0.0,0.0,0.0,,0
x_aq_vpu_top/x_aq_vlsu_top/x_aq_vlsu_vtb/x_aq_vlsu_vtb_entry_0/x_aq_lsu_vtb_entry_data0_gated_clk/local_en,6,0.00019980685337507077,4.580166666666666,3.16118380076912,0.6666666666666666,0.15560148616132485,1
x_aq_vpu_top/x_aq_vlsu_top/x_aq_vlsu_vtb/x_aq_vlsu_vtb_entry_0/x_aq_lsu_vtb_entry_data0_gated_clk/external_en,0,0.0,0.0,0.0,0.0,,0
x_aq_vpu_top/x_aq_vlsu_top/x_aq_vlsu_vtb/x_aq_vlsu_vtb_entry_0/x_aq_lsu_vtb_entry_data0_gated_clk/pad_yy_icg_scan_en,0,0.0,0.0,0.0,0.0,,0
x_aq_vpu_top/x_aq_vlsu_top/x_aq_vlsu_vtb/x_aq_vlsu_vtb_entry_0/x_aq_lsu_vtb_entry_data0_gated_clk/clk_out,0,0.0,0.0,0.0,0.0,,0
x_aq_vpu_top/x_aq_vlsu_top/x_aq_vlsu_vtb/x_aq_vlsu_vtb_entry_0/x_aq_lsu_vtb_entry_data0_gated_clk/clk_en_bf_latch,6,0.00019980685337507077,4.580166666666666,3.16118380076912,0.6666666666666666,0.15560148616132485,1
x_aq_vpu_top/x_aq_vlsu_top/x_aq_vlsu_vtb/x_aq_vlsu_vtb_entry_0/x_aq_lsu_vtb_entry_data0_gated_clk/SE,0,0.0,0.0,0.0,0.0,,0
x_aq_vpu_top/x_aq_vlsu_top/x_aq_vlsu_vtb/x_aq_vlsu_vtb_entry_0/x_aq_lsu_vtb_entry_data1_gated_clk/clk_in,0,0.0,0.0,0.0,0.0,,0
x_aq_vpu_top/x_aq_vlsu_top/x_aq_vlsu_vtb/x_aq_vlsu_vtb_entry_0/x_aq_lsu_vtb_entry_data1_gated_clk/global_en,0,0.0,0.0,0.0,0.0,,0
x_aq_vpu_top/x_aq_vlsu_top/x_aq_vlsu_vtb/x_aq_vlsu_vtb_entry_0/x_aq_lsu_vtb_entry_data1_gated_clk/module_en,0,0.0,0.0,0.0,0.0,,0
x_aq_vpu_top/x_aq_vlsu_top/x_aq_vlsu_vtb/x_aq_vlsu_vtb_entry_0/x_aq_lsu_vtb_entry_data1_gated_clk/local_en,6,0.00019980685337507077,4.580166666666666,3.16118380076912,0.6666666666666666,0.15560148616132485,1
x_aq_vpu_top/x_aq_vlsu_top/x_aq_vlsu_vtb/x_aq_vlsu_vtb_entry_0/x_aq_lsu_vtb_entry_data1_gated_clk/external_en,0,0.0,0.0,0.0,0.0,,0
x_aq_vpu_top/x_aq_vlsu_top/x_aq_vlsu_vtb/x_aq_vlsu_vtb_entry_0/x_aq_lsu_vtb_entry_data1_gated_clk/pad_yy_icg_scan_en,0,0.0,0.0,0.0,0.0,,0
x_aq_vpu_top/x_aq_vlsu_top/x_aq_vlsu_vtb/x_aq_vlsu_vtb_entry_0/x_aq_lsu_vtb_entry_data1_gated_clk/clk_out,0,0.0,0.0,0.0,0.0,,0
x_aq_vpu_top/x_aq_vlsu_top/x_aq_vlsu_vtb/x_aq_vlsu_vtb_entry_0/x_aq_lsu_vtb_entry_data1_gated_clk/clk_en_bf_latch,6,0.00019980685337507077,4.580166666666666,3.16118380076912,0.6666666666666666,0.15560148616132485,1
x_aq_vpu_top/x_aq_vlsu_top/x_aq_vlsu_vtb/x_aq_vlsu_vtb_entry_0/x_aq_lsu_vtb_entry_data1_gated_clk/SE,0,0.0,0.0,0.0,0.0,,0
x_aq_vpu_top/x_aq_vlsu_top/x_aq_vlsu_vtb/x_aq_vlsu_vtb_entry_0/x_aq_lsu_vtb_entry_data2_gated_clk/clk_in,0,0.0,0.0,0.0,0.0,,0
x_aq_vpu_top/x_aq_vlsu_top/x_aq_vlsu_vtb/x_aq_vlsu_vtb_entry_0/x_aq_lsu_vtb_entry_data2_gated_clk/global_en,0,0.0,0.0,0.0,0.0,,0
x_aq_vpu_top/x_aq_vlsu_top/x_aq_vlsu_vtb/x_aq_vlsu_vtb_entry_0/x_aq_lsu_vtb_entry_data2_gated_clk/module_en,0,0.0,0.0,0.0,0.0,,0
x_aq_vpu_top/x_aq_vlsu_top/x_aq_vlsu_vtb/x_aq_vlsu_vtb_entry_0/x_aq_lsu_vtb_entry_data2_gated_clk/local_en,6,0.00019980685337507077,4.580166666666666,3.16118380076912,0.6666666666666666,0.15560148616132485,1
x_aq_vpu_top/x_aq_vlsu_top/x_aq_vlsu_vtb/x_aq_vlsu_vtb_entry_0/x_aq_lsu_vtb_entry_data2_gated_clk/external_en,0,0.0,0.0,0.0,0.0,,0
x_aq_vpu_top/x_aq_vlsu_top/x_aq_vlsu_vtb/x_aq_vlsu_vtb_entry_0/x_aq_lsu_vtb_entry_data2_gated_clk/pad_yy_icg_scan_en,0,0.0,0.0,0.0,0.0,,0
x_aq_vpu_top/x_aq_vlsu_top/x_aq_vlsu_vtb/x_aq_vlsu_vtb_entry_0/x_aq_lsu_vtb_entry_data2_gated_clk/clk_out,0,0.0,0.0,0.0,0.0,,0
x_aq_vpu_top/x_aq_vlsu_top/x_aq_vlsu_vtb/x_aq_vlsu_vtb_entry_0/x_aq_lsu_vtb_entry_data2_gated_clk/clk_en_bf_latch,6,0.00019980685337507077,4.580166666666666,3.16118380076912,0.6666666666666666,0.15560148616132485,1
x_aq_vpu_top/x_aq_vlsu_top/x_aq_vlsu_vtb/x_aq_vlsu_vtb_entry_0/x_aq_lsu_vtb_entry_data2_gated_clk/SE,0,0.0,0.0,0.0,0.0,,0
x_aq_vpu_top/x_aq_vlsu_top/x_aq_vlsu_vtb/x_aq_vlsu_vtb_entry_0/x_aq_lsu_vtb_entry_data3_gated_clk/clk_in,0,0.0,0.0,0.0,0.0,,0
x_aq_vpu_top/x_aq_vlsu_top/x_aq_vlsu_vtb/x_aq_vlsu_vtb_entry_0/x_aq_lsu_vtb_entry_data3_gated_clk/global_en,0,0.0,0.0,0.0,0.0,,0
x_aq_vpu_top/x_aq_vlsu_top/x_aq_vlsu_vtb/x_aq_vlsu_vtb_entry_0/x_aq_lsu_vtb_entry_data3_gated_clk/module_en,0,0.0,0.0,0.0,0.0,,0
x_aq_vpu_top/x_aq_vlsu_top/x_aq_vlsu_vtb/x_aq_vlsu_vtb_entry_0/x_aq_lsu_vtb_entry_data3_gated_clk/local_en,6,0.00019980685337507077,4.580166666666666,3.16118380076912,0.6666666666666666,0.15560148616132485,1
x_aq_vpu_top/x_aq_vlsu_top/x_aq_vlsu_vtb/x_aq_vlsu_vtb_entry_0/x_aq_lsu_vtb_entry_data3_gated_clk/external_en,0,0.0,0.0,0.0,0.0,,0
x_aq_vpu_top/x_aq_vlsu_top/x_aq_vlsu_vtb/x_aq_vlsu_vtb_entry_0/x_aq_lsu_vtb_entry_data3_gated_clk/pad_yy_icg_scan_en,0,0.0,0.0,0.0,0.0,,0
x_aq_vpu_top/x_aq_vlsu_top/x_aq_vlsu_vtb/x_aq_vlsu_vtb_entry_0/x_aq_lsu_vtb_entry_data3_gated_clk/clk_out,0,0.0,0.0,0.0,0.0,,0
x_aq_vpu_top/x_aq_vlsu_top/x_aq_vlsu_vtb/x_aq_vlsu_vtb_entry_0/x_aq_lsu_vtb_entry_data3_gated_clk/clk_en_bf_latch,6,0.00019980685337507077,4.580166666666666,3.16118380076912,0.6666666666666666,0.15560148616132485,1
x_aq_vpu_top/x_aq_vlsu_top/x_aq_vlsu_vtb/x_aq_vlsu_vtb_entry_0/x_aq_lsu_vtb_entry_data3_gated_clk/SE,0,0.0,0.0,0.0,0.0,,0
x_aq_vpu_top/x_aq_vlsu_top/x_aq_vlsu_vtb/x_aq_vlsu_vtb_entry_1/cp0_vpu_icg_en,0,0.0,0.0,0.0,0.0,,0
x_aq_vpu_top/x_aq_vlsu_top/x_aq_vlsu_vtb/x_aq_vlsu_vtb_entry_1/cpurst_b,3,9.990342668753538e-05,1.553333333333334,1.0720946480538631,0.0,-0.0005091736528365816,1
x_aq_vpu_top/x_aq_vlsu_top/x_aq_vlsu_vtb/x_aq_vlsu_vtb_entry_1/forever_cpuclk,0,0.0,0.0,0.0,0.0,,0
x_aq_vpu_top/x_aq_vlsu_top/x_aq_vlsu_vtb/x_aq_vlsu_vtb_entry_1/fwd_vld_x,0,0.0,0.0,0.0,0.0,,0
x_aq_vpu_top/x_aq_vlsu_top/x_aq_vlsu_vtb/x_aq_vlsu_vtb_entry_1/if_vlsu_fls_data[63:0],27,0.0008991308401878185,2.760407407407407,1.905204726135013,0.5925925925925926,-0.002126353779248852,47
x_aq_vpu_top/x_aq_vlsu_top/x_aq_vlsu_vtb/x_aq_vlsu_vtb_entry_1/if_vlsu_fls_reg[4:0],397,0.01322055346498385,1.674874055415617,1.1559808010570933,0.14105793450881612,0.0024943509928472586,5
x_aq_vpu_top/x_aq_vlsu_top/x_aq_vlsu_vtb/x_aq_vlsu_vtb_entry_1/if_vlsu_fls_wb_vld,0,0.0,0.0,0.0,0.0,,0
x_aq_vpu_top/x_aq_vlsu_top/x_aq_vlsu_vtb/x_aq_vlsu_vtb_entry_1/lsu_wen_data_entry_v[63:0],27,0.0008991308401878185,2.760407407407407,1.905204726135013,0.5925925925925926,0.00235951139380907,35
x_aq_vpu_top/x_aq_vlsu_top/x_aq_vlsu_vtb/x_aq_vlsu_vtb_entry_1/lsu_wen_entry_v[3:0],0,0.0,0.0,0.0,0.0,,0
x_aq_vpu_top/x_aq_vlsu_top/x_aq_vlsu_vtb/x_aq_vlsu_vtb_entry_1/pad_yy_icg_scan_en,0,0.0,0.0,0.0,0.0,,0
x_aq_vpu_top/x_aq_vlsu_top/x_aq_vlsu_vtb/x_aq_vlsu_vtb_entry_1/round_bit[1:0],0,0.0,0.0,0.0,0.0,,0
x_aq_vpu_top/x_aq_vlsu_top/x_aq_vlsu_vtb/x_aq_vlsu_vtb_entry_1/rtu_yy_xx_flush,0,0.0,0.0,0.0,0.0,,0
x_aq_vpu_top/x_aq_vlsu_top/x_aq_vlsu_vtb/x_aq_vlsu_vtb_entry_1/sseg_abnormal_vld,0,0.0,0.0,0.0,0.0,,0
x_aq_vpu_top/x_aq_vlsu_top/x_aq_vlsu_vtb/x_aq_vlsu_vtb_entry_1/sseg_wb_vld,0,0.0,0.0,0.0,0.0,,0
x_aq_vpu_top/x_aq_vlsu_top/x_aq_vlsu_vtb/x_aq_vlsu_vtb_entry_1/vlsu_create_data_v[63:0],10,0.00033301142229178463,1.7683,1.2204624245624327,0.4,-0.018722760431388923,34
x_aq_vpu_top/x_aq_vlsu_top/x_aq_vlsu_vtb/x_aq_vlsu_vtb_entry_1/vlsu_create_ele_cnt[7:0],2,6.660228445835692e-05,3.485499999999999,2.4056561560891017,1.0,-0.0059301219103639335,2
x_aq_vpu_top/x_aq_vlsu_top/x_aq_vlsu_vtb/x_aq_vlsu_vtb_entry_1/vlsu_create_fls,18,0.0005994205601252123,3.1024444444444446,2.1412751618712416,0.6666666666666666,0.009357610132256123,1
x_aq_vpu_top/x_aq_vlsu_top/x_aq_vlsu_vtb/x_aq_vlsu_vtb_entry_1/vlsu_create_fof_vld,0,0.0,0.0,0.0,0.0,,0
x_aq_vpu_top/x_aq_vlsu_top/x_aq_vlsu_vtb/x_aq_vlsu_vtb_entry_1/vlsu_create_mask[7:0],0,0.0,0.0,0.0,0.0,,0
x_aq_vpu_top/x_aq_vlsu_top/x_aq_vlsu_vtb/x_aq_vlsu_vtb_entry_1/vlsu_create_mask_ext[63:0],0,0.0,0.0,0.0,0.0,,0
x_aq_vpu_top/x_aq_vlsu_top/x_aq_vlsu_vtb/x_aq_vlsu_vtb_entry_1/vlsu_create_seq_last,17,0.0005661194178960339,3.351882352941177,2.313434634009286,0.8235294117647058,-0.027245585373752945,1
x_aq_vpu_top/x_aq_vlsu_top/x_aq_vlsu_vtb/x_aq_vlsu_vtb_entry_1/vlsu_create_st_type_x,16,0.0005328182756668553,1.8413125000000001,1.2708548991274753,0.5625,0.010167585006082027,1
x_aq_vpu_top/x_aq_vlsu_top/x_aq_vlsu_vtb/x_aq_vlsu_vtb_entry_1/vlsu_create_vl_mask[7:0],0,0.0,0.0,0.0,0.0,,0
x_aq_vpu_top/x_aq_vlsu_top/x_aq_vlsu_vtb/x_aq_vlsu_vtb_entry_1/vlsu_create_vld_x,0,0.0,0.0,0.0,0.0,,0
x_aq_vpu_top/x_aq_vlsu_top/x_aq_vlsu_vtb/x_aq_vlsu_vtb_entry_1/vlsu_create_vreg[6:0],32,0.0010656365513337107,2.2938125,1.5831657327611917,0.71875,0.16063759671003924,4
x_aq_vpu_top/x_aq_vlsu_top/x_aq_vlsu_vtb/x_aq_vlsu_vtb_entry_1/vlsu_create_wready,0,0.0,0.0,0.0,0.0,,0
x_aq_vpu_top/x_aq_vlsu_top/x_aq_vlsu_vtb/x_aq_vlsu_vtb_entry_1/vlsu_sseg_create,0,0.0,0.0,0.0,0.0,,0
x_aq_vpu_top/x_aq_vlsu_top/x_aq_vlsu_vtb/x_aq_vlsu_vtb_entry_1/vlsu_warm_up,2,6.660228445835692e-05,8.55,5.901121828880168,1.0,0.17944175952243305,1
x_aq_vpu_top/x_aq_vlsu_top/x_aq_vlsu_vtb/x_aq_vlsu_vtb_entry_1/vpu_vlsu_fp_wb_data[63:0],16,0.0005328182756668553,3.02025,2.0845454039386344,0.9375,-0.01944299123022418,34
x_aq_vpu_top/x_aq_vlsu_top/x_aq_vlsu_vtb/x_aq_vlsu_vtb_entry_1/vpu_vlsu_fp_wb_reg[4:0],28,0.0009324319824169969,2.5695,1.7734424022581978,0.75,-0.014637236857539317,5
x_aq_vpu_top/x_aq_vlsu_top/x_aq_vlsu_vtb/x_aq_vlsu_vtb_entry_1/vpu_vlsu_fp_wb_vld,0,0.0,0.0,0.0,0.0,,0
x_aq_vpu_top/x_aq_vlsu_top/x_aq_vlsu_vtb/x_aq_vlsu_vtb_entry_1/vtb_entry_all_wb_x,1,3.330114222917846e-05,2.862,1.9753228858777825,0.0,0.004988007030259691,1
x_aq_vpu_top/x_aq_vlsu_top/x_aq_vlsu_vtb/x_aq_vlsu_vtb_entry_1/vtb_entry_data_v[63:0],0,0.0,0.0,0.0,0.0,,0
x_aq_vpu_top/x_aq_vlsu_top/x_aq_vlsu_vtb/x_aq_vlsu_vtb_entry_1/vtb_entry_fls_x,1,3.330114222917846e-05,10.872,7.503742283460255,1.0,-0.003229515705865712,1
x_aq_vpu_top/x_aq_vlsu_top/x_aq_vlsu_vtb/x_aq_vlsu_vtb_entry_1/vtb_entry_fof_vld_x,0,0.0,0.0,0.0,0.0,,0
x_aq_vpu_top/x_aq_vlsu_top/x_aq_vlsu_vtb/x_aq_vlsu_vtb_entry_1/vtb_entry_seq_last_x,1,3.330114222917846e-05,10.872,7.503742283460255,1.0,-0.003229515705865712,1
x_aq_vpu_top/x_aq_vlsu_top/x_aq_vlsu_vtb/x_aq_vlsu_vtb_entry_1/vtb_entry_split_cnt_v[9:0],0,0.0,0.0,0.0,0.0,,0
x_aq_vpu_top/x_aq_vlsu_top/x_aq_vlsu_vtb/x_aq_vlsu_vtb_entry_1/vtb_entry_split_cnt_vld_x,0,0.0,0.0,0.0,0.0,,0
x_aq_vpu_top/x_aq_vlsu_top/x_aq_vlsu_vtb/x_aq_vlsu_vtb_entry_1/vtb_entry_st_fwd_fp_bus_x,0,0.0,0.0,0.0,0.0,,0
x_aq_vpu_top/x_aq_vlsu_top/x_aq_vlsu_vtb/x_aq_vlsu_vtb_entry_1/vtb_entry_st_fwd_vld_x,0,0.0,0.0,0.0,0.0,,0
x_aq_vpu_top/x_aq_vlsu_top/x_aq_vlsu_vtb/x_aq_vlsu_vtb_entry_1/vtb_entry_st_vld_x,0,0.0,0.0,0.0,0.0,,0
x_aq_vpu_top/x_aq_vlsu_top/x_aq_vlsu_vtb/x_aq_vlsu_vtb_entry_1/vtb_entry_vl_mask_v[7:0],1,3.330114222917846e-05,2.862,1.9753228858777825,0.0,0.00498800703026006,8
x_aq_vpu_top/x_aq_vlsu_top/x_aq_vlsu_vtb/x_aq_vlsu_vtb_entry_1/vtb_entry_vld_x,0,0.0,0.0,0.0,0.0,,0
x_aq_vpu_top/x_aq_vlsu_top/x_aq_vlsu_vtb/x_aq_vlsu_vtb_entry_1/vtb_entry_vload_vld_x,0,0.0,0.0,0.0,0.0,,0
x_aq_vpu_top/x_aq_vlsu_top/x_aq_vlsu_vtb/x_aq_vlsu_vtb_entry_1/vtb_entry_vm_mask_v[7:0],1,3.330114222917846e-05,2.862,1.9753228858777825,0.0,0.00498800703026006,8
x_aq_vpu_top/x_aq_vlsu_top/x_aq_vlsu_vtb/x_aq_vlsu_vtb_entry_1/vtb_entry_vreg_v[6:0],0,0.0,0.0,0.0,0.0,,0
x_aq_vpu_top/x_aq_vlsu_top/x_aq_vlsu_vtb/x_aq_vlsu_vtb_entry_1/vtb_entry_wb_ready_x,0,0.0,0.0,0.0,0.0,,0
x_aq_vpu_top/x_aq_vlsu_top/x_aq_vlsu_vtb/x_aq_vlsu_vtb_entry_1/vtb_entry_wb_vld_x,0,0.0,0.0,0.0,0.0,,0
x_aq_vpu_top/x_aq_vlsu_top/x_aq_vlsu_vtb/x_aq_vlsu_vtb_entry_1/vtb_entry_wdata_ready_x,0,0.0,0.0,0.0,0.0,,0
x_aq_vpu_top/x_aq_vlsu_top/x_aq_vlsu_vtb/x_aq_vlsu_vtb_entry_1/vtb_entry_wdata_vld_x,0,0.0,0.0,0.0,0.0,,0
x_aq_vpu_top/x_aq_vlsu_top/x_aq_vlsu_vtb/x_aq_vlsu_vtb_entry_1/wb_vld_x,0,0.0,0.0,0.0,0.0,,0
x_aq_vpu_top/x_aq_vlsu_top/x_aq_vlsu_vtb/x_aq_vlsu_vtb_entry_1/entry_clk,0,0.0,0.0,0.0,0.0,,0
x_aq_vpu_top/x_aq_vlsu_top/x_aq_vlsu_vtb/x_aq_vlsu_vtb_entry_1/entry_clk_en,2,6.660228445835692e-05,8.55,5.901121828880168,1.0,0.17944175952243305,1
x_aq_vpu_top/x_aq_vlsu_top/x_aq_vlsu_vtb/x_aq_vlsu_vtb_entry_1/entry_data0_clk,0,0.0,0.0,0.0,0.0,,0
x_aq_vpu_top/x_aq_vlsu_top/x_aq_vlsu_vtb/x_aq_vlsu_vtb_entry_1/entry_data0_clk_en,2,6.660228445835692e-05,8.55,5.901121828880168,1.0,0.17944175952243305,1
x_aq_vpu_top/x_aq_vlsu_top/x_aq_vlsu_vtb/x_aq_vlsu_vtb_entry_1/entry_data1_clk,0,0.0,0.0,0.0,0.0,,0
x_aq_vpu_top/x_aq_vlsu_top/x_aq_vlsu_vtb/x_aq_vlsu_vtb_entry_1/entry_data1_clk_en,2,6.660228445835692e-05,8.55,5.901121828880168,1.0,0.17944175952243305,1
x_aq_vpu_top/x_aq_vlsu_top/x_aq_vlsu_vtb/x_aq_vlsu_vtb_entry_1/entry_data2_clk,0,0.0,0.0,0.0,0.0,,0
x_aq_vpu_top/x_aq_vlsu_top/x_aq_vlsu_vtb/x_aq_vlsu_vtb_entry_1/entry_data2_clk_en,2,6.660228445835692e-05,8.55,5.901121828880168,1.0,0.17944175952243305,1
x_aq_vpu_top/x_aq_vlsu_top/x_aq_vlsu_vtb/x_aq_vlsu_vtb_entry_1/entry_data3_clk,0,0.0,0.0,0.0,0.0,,0
x_aq_vpu_top/x_aq_vlsu_top/x_aq_vlsu_vtb/x_aq_vlsu_vtb_entry_1/entry_data3_clk_en,2,6.660228445835692e-05,8.55,5.901121828880168,1.0,0.17944175952243305,1
x_aq_vpu_top/x_aq_vlsu_top/x_aq_vlsu_vtb/x_aq_vlsu_vtb_entry_1/entry_mask_active[7:0],1,3.330114222917846e-05,2.862,1.9753228858777825,0.0,0.00498800703026006,8
x_aq_vpu_top/x_aq_vlsu_top/x_aq_vlsu_vtb/x_aq_vlsu_vtb_entry_1/entry_mask_ext[63:0],1,3.330114222917846e-05,2.862,1.9753228858777825,0.0,0.004988007030259691,64
x_aq_vpu_top/x_aq_vlsu_top/x_aq_vlsu_vtb/x_aq_vlsu_vtb_entry_1/fwd_vld,0,0.0,0.0,0.0,0.0,,0
x_aq_vpu_top/x_aq_vlsu_top/x_aq_vlsu_vtb/x_aq_vlsu_vtb_entry_1/lsu_wen[3:0],0,0.0,0.0,0.0,0.0,,0
x_aq_vpu_top/x_aq_vlsu_top/x_aq_vlsu_vtb/x_aq_vlsu_vtb_entry_1/lsu_wen_data[63:0],27,0.0008991308401878185,2.760407407407407,1.905204726135013,0.5925925925925926,0.00235951139380907,35
x_aq_vpu_top/x_aq_vlsu_top/x_aq_vlsu_vtb/x_aq_vlsu_vtb_entry_1/lsu_wen_vld,0,0.0,0.0,0.0,0.0,,0
x_aq_vpu_top/x_aq_vlsu_top/x_aq_vlsu_vtb/x_aq_vlsu_vtb_entry_1/st_fwd_fp_bus,0,0.0,0.0,0.0,0.0,,0
x_aq_vpu_top/x_aq_vlsu_top/x_aq_vlsu_vtb/x_aq_vlsu_vtb_entry_1/st_fwd_lsu,0,0.0,0.0,0.0,0.0,,0
x_aq_vpu_top/x_aq_vlsu_top/x_aq_vlsu_vtb/x_aq_vlsu_vtb_entry_1/st_fwd_vld,0,0.0,0.0,0.0,0.0,,0
x_aq_vpu_top/x_aq_vlsu_top/x_aq_vlsu_vtb/x_aq_vlsu_vtb_entry_1/st_fwd_vld_gate,0,0.0,0.0,0.0,0.0,,0
x_aq_vpu_top/x_aq_vlsu_top/x_aq_vlsu_vtb/x_aq_vlsu_vtb_entry_1/vlsu_create_data[63:0],10,0.00033301142229178463,1.7683,1.2204624245624327,0.4,-0.018722760431388923,34
x_aq_vpu_top/x_aq_vlsu_top/x_aq_vlsu_vtb/x_aq_vlsu_vtb_entry_1/vlsu_create_data0_vld,0,0.0,0.0,0.0,0.0,,0
x_aq_vpu_top/x_aq_vlsu_top/x_aq_vlsu_vtb/x_aq_vlsu_vtb_entry_1/vlsu_create_data1_vld,0,0.0,0.0,0.0,0.0,,0
x_aq_vpu_top/x_aq_vlsu_top/x_aq_vlsu_vtb/x_aq_vlsu_vtb_entry_1/vlsu_create_data2_vld,0,0.0,0.0,0.0,0.0,,0
x_aq_vpu_top/x_aq_vlsu_top/x_aq_vlsu_vtb/x_aq_vlsu_vtb_entry_1/vlsu_create_data3_vld,0,0.0,0.0,0.0,0.0,,0
x_aq_vpu_top/x_aq_vlsu_top/x_aq_vlsu_vtb/x_aq_vlsu_vtb_entry_1/vlsu_create_ready,0,0.0,0.0,0.0,0.0,,0
x_aq_vpu_top/x_aq_vlsu_top/x_aq_vlsu_vtb/x_aq_vlsu_vtb_entry_1/vlsu_create_st,16,0.0005328182756668553,1.8413125000000001,1.2708548991274753,0.5625,0.010167585006082027,1
x_aq_vpu_top/x_aq_vlsu_top/x_aq_vlsu_vtb/x_aq_vlsu_vtb_entry_1/vlsu_create_vld,0,0.0,0.0,0.0,0.0,,0
x_aq_vpu_top/x_aq_vlsu_top/x_aq_vlsu_vtb/x_aq_vlsu_vtb_entry_1/vlsu_entry_data[63:0],10,0.00033301142229178463,1.7683,1.2204624245624327,0.4,-0.018722760431388923,34
x_aq_vpu_top/x_aq_vlsu_top/x_aq_vlsu_vtb/x_aq_vlsu_vtb_entry_1/vlsu_entry_data_aft_mask[63:0],10,0.00033301142229178463,1.7683,1.2204624245624327,0.4,-0.018722760431388923,34
x_aq_vpu_top/x_aq_vlsu_top/x_aq_vlsu_vtb/x_aq_vlsu_vtb_entry_1/vlsu_entry_merge_mask[7:0],0,0.0,0.0,0.0,0.0,,0
x_aq_vpu_top/x_aq_vlsu_top/x_aq_vlsu_vtb/x_aq_vlsu_vtb_entry_1/vlsu_entry_merge_mask_ext[63:0],0,0.0,0.0,0.0,0.0,,0
x_aq_vpu_top/x_aq_vlsu_top/x_aq_vlsu_vtb/x_aq_vlsu_vtb_entry_1/vlsu_fwd_data[63:0],27,0.0008991308401878185,2.760407407407407,1.905204726135013,0.5925925925925926,-0.002126353779248852,47
x_aq_vpu_top/x_aq_vlsu_top/x_aq_vlsu_vtb/x_aq_vlsu_vtb_entry_1/wb_vld,0,0.0,0.0,0.0,0.0,,0
x_aq_vpu_top/x_aq_vlsu_top/x_aq_vlsu_vtb/x_aq_vlsu_vtb_entry_1/x_aq_lsu_vtb_entry_gated_clk/clk_in,0,0.0,0.0,0.0,0.0,,0
x_aq_vpu_top/x_aq_vlsu_top/x_aq_vlsu_vtb/x_aq_vlsu_vtb_entry_1/x_aq_lsu_vtb_entry_gated_clk/global_en,0,0.0,0.0,0.0,0.0,,0
x_aq_vpu_top/x_aq_vlsu_top/x_aq_vlsu_vtb/x_aq_vlsu_vtb_entry_1/x_aq_lsu_vtb_entry_gated_clk/module_en,0,0.0,0.0,0.0,0.0,,0
x_aq_vpu_top/x_aq_vlsu_top/x_aq_vlsu_vtb/x_aq_vlsu_vtb_entry_1/x_aq_lsu_vtb_entry_gated_clk/local_en,2,6.660228445835692e-05,8.55,5.901121828880168,1.0,0.17944175952243305,1
x_aq_vpu_top/x_aq_vlsu_top/x_aq_vlsu_vtb/x_aq_vlsu_vtb_entry_1/x_aq_lsu_vtb_entry_gated_clk/external_en,0,0.0,0.0,0.0,0.0,,0
x_aq_vpu_top/x_aq_vlsu_top/x_aq_vlsu_vtb/x_aq_vlsu_vtb_entry_1/x_aq_lsu_vtb_entry_gated_clk/pad_yy_icg_scan_en,0,0.0,0.0,0.0,0.0,,0
x_aq_vpu_top/x_aq_vlsu_top/x_aq_vlsu_vtb/x_aq_vlsu_vtb_entry_1/x_aq_lsu_vtb_entry_gated_clk/clk_out,0,0.0,0.0,0.0,0.0,,0
x_aq_vpu_top/x_aq_vlsu_top/x_aq_vlsu_vtb/x_aq_vlsu_vtb_entry_1/x_aq_lsu_vtb_entry_gated_clk/clk_en_bf_latch,2,6.660228445835692e-05,8.55,5.901121828880168,1.0,0.17944175952243305,1
x_aq_vpu_top/x_aq_vlsu_top/x_aq_vlsu_vtb/x_aq_vlsu_vtb_entry_1/x_aq_lsu_vtb_entry_gated_clk/SE,0,0.0,0.0,0.0,0.0,,0
x_aq_vpu_top/x_aq_vlsu_top/x_aq_vlsu_vtb/x_aq_vlsu_vtb_entry_1/x_aq_lsu_vtb_entry_data0_gated_clk/clk_in,0,0.0,0.0,0.0,0.0,,0
x_aq_vpu_top/x_aq_vlsu_top/x_aq_vlsu_vtb/x_aq_vlsu_vtb_entry_1/x_aq_lsu_vtb_entry_data0_gated_clk/global_en,0,0.0,0.0,0.0,0.0,,0
x_aq_vpu_top/x_aq_vlsu_top/x_aq_vlsu_vtb/x_aq_vlsu_vtb_entry_1/x_aq_lsu_vtb_entry_data0_gated_clk/module_en,0,0.0,0.0,0.0,0.0,,0
x_aq_vpu_top/x_aq_vlsu_top/x_aq_vlsu_vtb/x_aq_vlsu_vtb_entry_1/x_aq_lsu_vtb_entry_data0_gated_clk/local_en,2,6.660228445835692e-05,8.55,5.901121828880168,1.0,0.17944175952243305,1
x_aq_vpu_top/x_aq_vlsu_top/x_aq_vlsu_vtb/x_aq_vlsu_vtb_entry_1/x_aq_lsu_vtb_entry_data0_gated_clk/external_en,0,0.0,0.0,0.0,0.0,,0
x_aq_vpu_top/x_aq_vlsu_top/x_aq_vlsu_vtb/x_aq_vlsu_vtb_entry_1/x_aq_lsu_vtb_entry_data0_gated_clk/pad_yy_icg_scan_en,0,0.0,0.0,0.0,0.0,,0
x_aq_vpu_top/x_aq_vlsu_top/x_aq_vlsu_vtb/x_aq_vlsu_vtb_entry_1/x_aq_lsu_vtb_entry_data0_gated_clk/clk_out,0,0.0,0.0,0.0,0.0,,0
x_aq_vpu_top/x_aq_vlsu_top/x_aq_vlsu_vtb/x_aq_vlsu_vtb_entry_1/x_aq_lsu_vtb_entry_data0_gated_clk/clk_en_bf_latch,2,6.660228445835692e-05,8.55,5.901121828880168,1.0,0.17944175952243305,1
x_aq_vpu_top/x_aq_vlsu_top/x_aq_vlsu_vtb/x_aq_vlsu_vtb_entry_1/x_aq_lsu_vtb_entry_data0_gated_clk/SE,0,0.0,0.0,0.0,0.0,,0
x_aq_vpu_top/x_aq_vlsu_top/x_aq_vlsu_vtb/x_aq_vlsu_vtb_entry_1/x_aq_lsu_vtb_entry_data1_gated_clk/clk_in,0,0.0,0.0,0.0,0.0,,0
x_aq_vpu_top/x_aq_vlsu_top/x_aq_vlsu_vtb/x_aq_vlsu_vtb_entry_1/x_aq_lsu_vtb_entry_data1_gated_clk/global_en,0,0.0,0.0,0.0,0.0,,0
x_aq_vpu_top/x_aq_vlsu_top/x_aq_vlsu_vtb/x_aq_vlsu_vtb_entry_1/x_aq_lsu_vtb_entry_data1_gated_clk/module_en,0,0.0,0.0,0.0,0.0,,0
x_aq_vpu_top/x_aq_vlsu_top/x_aq_vlsu_vtb/x_aq_vlsu_vtb_entry_1/x_aq_lsu_vtb_entry_data1_gated_clk/local_en,2,6.660228445835692e-05,8.55,5.901121828880168,1.0,0.17944175952243305,1
x_aq_vpu_top/x_aq_vlsu_top/x_aq_vlsu_vtb/x_aq_vlsu_vtb_entry_1/x_aq_lsu_vtb_entry_data1_gated_clk/external_en,0,0.0,0.0,0.0,0.0,,0
x_aq_vpu_top/x_aq_vlsu_top/x_aq_vlsu_vtb/x_aq_vlsu_vtb_entry_1/x_aq_lsu_vtb_entry_data1_gated_clk/pad_yy_icg_scan_en,0,0.0,0.0,0.0,0.0,,0
x_aq_vpu_top/x_aq_vlsu_top/x_aq_vlsu_vtb/x_aq_vlsu_vtb_entry_1/x_aq_lsu_vtb_entry_data1_gated_clk/clk_out,0,0.0,0.0,0.0,0.0,,0
x_aq_vpu_top/x_aq_vlsu_top/x_aq_vlsu_vtb/x_aq_vlsu_vtb_entry_1/x_aq_lsu_vtb_entry_data1_gated_clk/clk_en_bf_latch,2,6.660228445835692e-05,8.55,5.901121828880168,1.0,0.17944175952243305,1
x_aq_vpu_top/x_aq_vlsu_top/x_aq_vlsu_vtb/x_aq_vlsu_vtb_entry_1/x_aq_lsu_vtb_entry_data1_gated_clk/SE,0,0.0,0.0,0.0,0.0,,0
x_aq_vpu_top/x_aq_vlsu_top/x_aq_vlsu_vtb/x_aq_vlsu_vtb_entry_1/x_aq_lsu_vtb_entry_data2_gated_clk/clk_in,0,0.0,0.0,0.0,0.0,,0
x_aq_vpu_top/x_aq_vlsu_top/x_aq_vlsu_vtb/x_aq_vlsu_vtb_entry_1/x_aq_lsu_vtb_entry_data2_gated_clk/global_en,0,0.0,0.0,0.0,0.0,,0
x_aq_vpu_top/x_aq_vlsu_top/x_aq_vlsu_vtb/x_aq_vlsu_vtb_entry_1/x_aq_lsu_vtb_entry_data2_gated_clk/module_en,0,0.0,0.0,0.0,0.0,,0
x_aq_vpu_top/x_aq_vlsu_top/x_aq_vlsu_vtb/x_aq_vlsu_vtb_entry_1/x_aq_lsu_vtb_entry_data2_gated_clk/local_en,2,6.660228445835692e-05,8.55,5.901121828880168,1.0,0.17944175952243305,1
x_aq_vpu_top/x_aq_vlsu_top/x_aq_vlsu_vtb/x_aq_vlsu_vtb_entry_1/x_aq_lsu_vtb_entry_data2_gated_clk/external_en,0,0.0,0.0,0.0,0.0,,0
x_aq_vpu_top/x_aq_vlsu_top/x_aq_vlsu_vtb/x_aq_vlsu_vtb_entry_1/x_aq_lsu_vtb_entry_data2_gated_clk/pad_yy_icg_scan_en,0,0.0,0.0,0.0,0.0,,0
x_aq_vpu_top/x_aq_vlsu_top/x_aq_vlsu_vtb/x_aq_vlsu_vtb_entry_1/x_aq_lsu_vtb_entry_data2_gated_clk/clk_out,0,0.0,0.0,0.0,0.0,,0
x_aq_vpu_top/x_aq_vlsu_top/x_aq_vlsu_vtb/x_aq_vlsu_vtb_entry_1/x_aq_lsu_vtb_entry_data2_gated_clk/clk_en_bf_latch,2,6.660228445835692e-05,8.55,5.901121828880168,1.0,0.17944175952243305,1
x_aq_vpu_top/x_aq_vlsu_top/x_aq_vlsu_vtb/x_aq_vlsu_vtb_entry_1/x_aq_lsu_vtb_entry_data2_gated_clk/SE,0,0.0,0.0,0.0,0.0,,0
x_aq_vpu_top/x_aq_vlsu_top/x_aq_vlsu_vtb/x_aq_vlsu_vtb_entry_1/x_aq_lsu_vtb_entry_data3_gated_clk/clk_in,0,0.0,0.0,0.0,0.0,,0
x_aq_vpu_top/x_aq_vlsu_top/x_aq_vlsu_vtb/x_aq_vlsu_vtb_entry_1/x_aq_lsu_vtb_entry_data3_gated_clk/global_en,0,0.0,0.0,0.0,0.0,,0
x_aq_vpu_top/x_aq_vlsu_top/x_aq_vlsu_vtb/x_aq_vlsu_vtb_entry_1/x_aq_lsu_vtb_entry_data3_gated_clk/module_en,0,0.0,0.0,0.0,0.0,,0
x_aq_vpu_top/x_aq_vlsu_top/x_aq_vlsu_vtb/x_aq_vlsu_vtb_entry_1/x_aq_lsu_vtb_entry_data3_gated_clk/local_en,2,6.660228445835692e-05,8.55,5.901121828880168,1.0,0.17944175952243305,1
x_aq_vpu_top/x_aq_vlsu_top/x_aq_vlsu_vtb/x_aq_vlsu_vtb_entry_1/x_aq_lsu_vtb_entry_data3_gated_clk/external_en,0,0.0,0.0,0.0,0.0,,0
x_aq_vpu_top/x_aq_vlsu_top/x_aq_vlsu_vtb/x_aq_vlsu_vtb_entry_1/x_aq_lsu_vtb_entry_data3_gated_clk/pad_yy_icg_scan_en,0,0.0,0.0,0.0,0.0,,0
x_aq_vpu_top/x_aq_vlsu_top/x_aq_vlsu_vtb/x_aq_vlsu_vtb_entry_1/x_aq_lsu_vtb_entry_data3_gated_clk/clk_out,0,0.0,0.0,0.0,0.0,,0
x_aq_vpu_top/x_aq_vlsu_top/x_aq_vlsu_vtb/x_aq_vlsu_vtb_entry_1/x_aq_lsu_vtb_entry_data3_gated_clk/clk_en_bf_latch,2,6.660228445835692e-05,8.55,5.901121828880168,1.0,0.17944175952243305,1
x_aq_vpu_top/x_aq_vlsu_top/x_aq_vlsu_vtb/x_aq_vlsu_vtb_entry_1/x_aq_lsu_vtb_entry_data3_gated_clk/SE,0,0.0,0.0,0.0,0.0,,0
x_aq_vpu_top/x_aq_vlsu_top/x_aq_vlsu_vtb/x_aq_vlsu_vtb_entry_2/cp0_vpu_icg_en,0,0.0,0.0,0.0,0.0,,0
x_aq_vpu_top/x_aq_vlsu_top/x_aq_vlsu_vtb/x_aq_vlsu_vtb_entry_2/cpurst_b,3,9.990342668753538e-05,1.553333333333334,1.0720946480538631,0.0,-0.0005091736528365816,1
x_aq_vpu_top/x_aq_vlsu_top/x_aq_vlsu_vtb/x_aq_vlsu_vtb_entry_2/forever_cpuclk,0,0.0,0.0,0.0,0.0,,0
x_aq_vpu_top/x_aq_vlsu_top/x_aq_vlsu_vtb/x_aq_vlsu_vtb_entry_2/fwd_vld_x,0,0.0,0.0,0.0,0.0,,0
x_aq_vpu_top/x_aq_vlsu_top/x_aq_vlsu_vtb/x_aq_vlsu_vtb_entry_2/if_vlsu_fls_data[63:0],27,0.0008991308401878185,2.760407407407407,1.905204726135013,0.5925925925925926,-0.002126353779248852,47
x_aq_vpu_top/x_aq_vlsu_top/x_aq_vlsu_vtb/x_aq_vlsu_vtb_entry_2/if_vlsu_fls_reg[4:0],397,0.01322055346498385,1.674874055415617,1.1559808010570933,0.14105793450881612,0.0024943509928472586,5
x_aq_vpu_top/x_aq_vlsu_top/x_aq_vlsu_vtb/x_aq_vlsu_vtb_entry_2/if_vlsu_fls_wb_vld,0,0.0,0.0,0.0,0.0,,0
x_aq_vpu_top/x_aq_vlsu_top/x_aq_vlsu_vtb/x_aq_vlsu_vtb_entry_2/lsu_wen_data_entry_v[63:0],27,0.0008991308401878185,2.760407407407407,1.905204726135013,0.5925925925925926,0.005854710870809392,45
x_aq_vpu_top/x_aq_vlsu_top/x_aq_vlsu_vtb/x_aq_vlsu_vtb_entry_2/lsu_wen_entry_v[3:0],0,0.0,0.0,0.0,0.0,,0
x_aq_vpu_top/x_aq_vlsu_top/x_aq_vlsu_vtb/x_aq_vlsu_vtb_entry_2/pad_yy_icg_scan_en,0,0.0,0.0,0.0,0.0,,0
x_aq_vpu_top/x_aq_vlsu_top/x_aq_vlsu_vtb/x_aq_vlsu_vtb_entry_2/round_bit[1:0],0,0.0,0.0,0.0,0.0,,0
x_aq_vpu_top/x_aq_vlsu_top/x_aq_vlsu_vtb/x_aq_vlsu_vtb_entry_2/rtu_yy_xx_flush,0,0.0,0.0,0.0,0.0,,0
x_aq_vpu_top/x_aq_vlsu_top/x_aq_vlsu_vtb/x_aq_vlsu_vtb_entry_2/sseg_abnormal_vld,0,0.0,0.0,0.0,0.0,,0
x_aq_vpu_top/x_aq_vlsu_top/x_aq_vlsu_vtb/x_aq_vlsu_vtb_entry_2/sseg_wb_vld,0,0.0,0.0,0.0,0.0,,0
x_aq_vpu_top/x_aq_vlsu_top/x_aq_vlsu_vtb/x_aq_vlsu_vtb_entry_2/vlsu_create_data_v[63:0],10,0.00033301142229178463,1.7683,1.2204624245624327,0.4,-0.018722760431388923,34
x_aq_vpu_top/x_aq_vlsu_top/x_aq_vlsu_vtb/x_aq_vlsu_vtb_entry_2/vlsu_create_ele_cnt[7:0],2,6.660228445835692e-05,3.485499999999999,2.4056561560891017,1.0,-0.0059301219103639335,2
x_aq_vpu_top/x_aq_vlsu_top/x_aq_vlsu_vtb/x_aq_vlsu_vtb_entry_2/vlsu_create_fls,18,0.0005994205601252123,3.1024444444444446,2.1412751618712416,0.6666666666666666,0.009357610132256123,1
x_aq_vpu_top/x_aq_vlsu_top/x_aq_vlsu_vtb/x_aq_vlsu_vtb_entry_2/vlsu_create_fof_vld,0,0.0,0.0,0.0,0.0,,0
x_aq_vpu_top/x_aq_vlsu_top/x_aq_vlsu_vtb/x_aq_vlsu_vtb_entry_2/vlsu_create_mask[7:0],0,0.0,0.0,0.0,0.0,,0
x_aq_vpu_top/x_aq_vlsu_top/x_aq_vlsu_vtb/x_aq_vlsu_vtb_entry_2/vlsu_create_mask_ext[63:0],0,0.0,0.0,0.0,0.0,,0
x_aq_vpu_top/x_aq_vlsu_top/x_aq_vlsu_vtb/x_aq_vlsu_vtb_entry_2/vlsu_create_seq_last,17,0.0005661194178960339,3.351882352941177,2.313434634009286,0.8235294117647058,-0.027245585373752945,1
x_aq_vpu_top/x_aq_vlsu_top/x_aq_vlsu_vtb/x_aq_vlsu_vtb_entry_2/vlsu_create_st_type_x,16,0.0005328182756668553,1.8413125000000001,1.2708548991274753,0.5625,0.010167585006082027,1
x_aq_vpu_top/x_aq_vlsu_top/x_aq_vlsu_vtb/x_aq_vlsu_vtb_entry_2/vlsu_create_vl_mask[7:0],0,0.0,0.0,0.0,0.0,,0
x_aq_vpu_top/x_aq_vlsu_top/x_aq_vlsu_vtb/x_aq_vlsu_vtb_entry_2/vlsu_create_vld_x,0,0.0,0.0,0.0,0.0,,0
x_aq_vpu_top/x_aq_vlsu_top/x_aq_vlsu_vtb/x_aq_vlsu_vtb_entry_2/vlsu_create_vreg[6:0],32,0.0010656365513337107,2.2938125,1.5831657327611917,0.71875,0.16063759671003924,4
x_aq_vpu_top/x_aq_vlsu_top/x_aq_vlsu_vtb/x_aq_vlsu_vtb_entry_2/vlsu_create_wready,0,0.0,0.0,0.0,0.0,,0
x_aq_vpu_top/x_aq_vlsu_top/x_aq_vlsu_vtb/x_aq_vlsu_vtb_entry_2/vlsu_sseg_create,0,0.0,0.0,0.0,0.0,,0
x_aq_vpu_top/x_aq_vlsu_top/x_aq_vlsu_vtb/x_aq_vlsu_vtb_entry_2/vlsu_warm_up,2,6.660228445835692e-05,8.55,5.901121828880168,1.0,0.17944175952243305,1
x_aq_vpu_top/x_aq_vlsu_top/x_aq_vlsu_vtb/x_aq_vlsu_vtb_entry_2/vpu_vlsu_fp_wb_data[63:0],16,0.0005328182756668553,3.02025,2.0845454039386344,0.9375,-0.01944299123022418,34
x_aq_vpu_top/x_aq_vlsu_top/x_aq_vlsu_vtb/x_aq_vlsu_vtb_entry_2/vpu_vlsu_fp_wb_reg[4:0],28,0.0009324319824169969,2.5695,1.7734424022581978,0.75,-0.014637236857539317,5
x_aq_vpu_top/x_aq_vlsu_top/x_aq_vlsu_vtb/x_aq_vlsu_vtb_entry_2/vpu_vlsu_fp_wb_vld,0,0.0,0.0,0.0,0.0,,0
x_aq_vpu_top/x_aq_vlsu_top/x_aq_vlsu_vtb/x_aq_vlsu_vtb_entry_2/vtb_entry_all_wb_x,1,3.330114222917846e-05,2.862,1.9753228858777825,0.0,0.004988007030259691,1
x_aq_vpu_top/x_aq_vlsu_top/x_aq_vlsu_vtb/x_aq_vlsu_vtb_entry_2/vtb_entry_data_v[63:0],0,0.0,0.0,0.0,0.0,,0
x_aq_vpu_top/x_aq_vlsu_top/x_aq_vlsu_vtb/x_aq_vlsu_vtb_entry_2/vtb_entry_fls_x,1,3.330114222917846e-05,10.872,7.503742283460255,1.0,-0.003229515705865712,1
x_aq_vpu_top/x_aq_vlsu_top/x_aq_vlsu_vtb/x_aq_vlsu_vtb_entry_2/vtb_entry_fof_vld_x,0,0.0,0.0,0.0,0.0,,0
x_aq_vpu_top/x_aq_vlsu_top/x_aq_vlsu_vtb/x_aq_vlsu_vtb_entry_2/vtb_entry_seq_last_x,1,3.330114222917846e-05,10.872,7.503742283460255,1.0,-0.003229515705865712,1
x_aq_vpu_top/x_aq_vlsu_top/x_aq_vlsu_vtb/x_aq_vlsu_vtb_entry_2/vtb_entry_split_cnt_v[9:0],0,0.0,0.0,0.0,0.0,,0
x_aq_vpu_top/x_aq_vlsu_top/x_aq_vlsu_vtb/x_aq_vlsu_vtb_entry_2/vtb_entry_split_cnt_vld_x,0,0.0,0.0,0.0,0.0,,0
x_aq_vpu_top/x_aq_vlsu_top/x_aq_vlsu_vtb/x_aq_vlsu_vtb_entry_2/vtb_entry_st_fwd_fp_bus_x,0,0.0,0.0,0.0,0.0,,0
x_aq_vpu_top/x_aq_vlsu_top/x_aq_vlsu_vtb/x_aq_vlsu_vtb_entry_2/vtb_entry_st_fwd_vld_x,0,0.0,0.0,0.0,0.0,,0
x_aq_vpu_top/x_aq_vlsu_top/x_aq_vlsu_vtb/x_aq_vlsu_vtb_entry_2/vtb_entry_st_vld_x,0,0.0,0.0,0.0,0.0,,0
x_aq_vpu_top/x_aq_vlsu_top/x_aq_vlsu_vtb/x_aq_vlsu_vtb_entry_2/vtb_entry_vl_mask_v[7:0],1,3.330114222917846e-05,2.862,1.9753228858777825,0.0,0.00498800703026006,8
x_aq_vpu_top/x_aq_vlsu_top/x_aq_vlsu_vtb/x_aq_vlsu_vtb_entry_2/vtb_entry_vld_x,0,0.0,0.0,0.0,0.0,,0
x_aq_vpu_top/x_aq_vlsu_top/x_aq_vlsu_vtb/x_aq_vlsu_vtb_entry_2/vtb_entry_vload_vld_x,0,0.0,0.0,0.0,0.0,,0
x_aq_vpu_top/x_aq_vlsu_top/x_aq_vlsu_vtb/x_aq_vlsu_vtb_entry_2/vtb_entry_vm_mask_v[7:0],1,3.330114222917846e-05,2.862,1.9753228858777825,0.0,0.00498800703026006,8
x_aq_vpu_top/x_aq_vlsu_top/x_aq_vlsu_vtb/x_aq_vlsu_vtb_entry_2/vtb_entry_vreg_v[6:0],0,0.0,0.0,0.0,0.0,,0
x_aq_vpu_top/x_aq_vlsu_top/x_aq_vlsu_vtb/x_aq_vlsu_vtb_entry_2/vtb_entry_wb_ready_x,0,0.0,0.0,0.0,0.0,,0
x_aq_vpu_top/x_aq_vlsu_top/x_aq_vlsu_vtb/x_aq_vlsu_vtb_entry_2/vtb_entry_wb_vld_x,0,0.0,0.0,0.0,0.0,,0
x_aq_vpu_top/x_aq_vlsu_top/x_aq_vlsu_vtb/x_aq_vlsu_vtb_entry_2/vtb_entry_wdata_ready_x,0,0.0,0.0,0.0,0.0,,0
x_aq_vpu_top/x_aq_vlsu_top/x_aq_vlsu_vtb/x_aq_vlsu_vtb_entry_2/vtb_entry_wdata_vld_x,0,0.0,0.0,0.0,0.0,,0
x_aq_vpu_top/x_aq_vlsu_top/x_aq_vlsu_vtb/x_aq_vlsu_vtb_entry_2/wb_vld_x,0,0.0,0.0,0.0,0.0,,0
x_aq_vpu_top/x_aq_vlsu_top/x_aq_vlsu_vtb/x_aq_vlsu_vtb_entry_2/entry_clk,0,0.0,0.0,0.0,0.0,,0
x_aq_vpu_top/x_aq_vlsu_top/x_aq_vlsu_vtb/x_aq_vlsu_vtb_entry_2/entry_clk_en,2,6.660228445835692e-05,8.55,5.901121828880168,1.0,0.17944175952243305,1
x_aq_vpu_top/x_aq_vlsu_top/x_aq_vlsu_vtb/x_aq_vlsu_vtb_entry_2/entry_data0_clk,0,0.0,0.0,0.0,0.0,,0
x_aq_vpu_top/x_aq_vlsu_top/x_aq_vlsu_vtb/x_aq_vlsu_vtb_entry_2/entry_data0_clk_en,2,6.660228445835692e-05,8.55,5.901121828880168,1.0,0.17944175952243305,1
x_aq_vpu_top/x_aq_vlsu_top/x_aq_vlsu_vtb/x_aq_vlsu_vtb_entry_2/entry_data1_clk,0,0.0,0.0,0.0,0.0,,0
x_aq_vpu_top/x_aq_vlsu_top/x_aq_vlsu_vtb/x_aq_vlsu_vtb_entry_2/entry_data1_clk_en,2,6.660228445835692e-05,8.55,5.901121828880168,1.0,0.17944175952243305,1
x_aq_vpu_top/x_aq_vlsu_top/x_aq_vlsu_vtb/x_aq_vlsu_vtb_entry_2/entry_data2_clk,0,0.0,0.0,0.0,0.0,,0
x_aq_vpu_top/x_aq_vlsu_top/x_aq_vlsu_vtb/x_aq_vlsu_vtb_entry_2/entry_data2_clk_en,2,6.660228445835692e-05,8.55,5.901121828880168,1.0,0.17944175952243305,1
x_aq_vpu_top/x_aq_vlsu_top/x_aq_vlsu_vtb/x_aq_vlsu_vtb_entry_2/entry_data3_clk,0,0.0,0.0,0.0,0.0,,0
x_aq_vpu_top/x_aq_vlsu_top/x_aq_vlsu_vtb/x_aq_vlsu_vtb_entry_2/entry_data3_clk_en,2,6.660228445835692e-05,8.55,5.901121828880168,1.0,0.17944175952243305,1
x_aq_vpu_top/x_aq_vlsu_top/x_aq_vlsu_vtb/x_aq_vlsu_vtb_entry_2/entry_mask_active[7:0],1,3.330114222917846e-05,2.862,1.9753228858777825,0.0,0.00498800703026006,8
x_aq_vpu_top/x_aq_vlsu_top/x_aq_vlsu_vtb/x_aq_vlsu_vtb_entry_2/entry_mask_ext[63:0],1,3.330114222917846e-05,2.862,1.9753228858777825,0.0,0.004988007030259691,64
x_aq_vpu_top/x_aq_vlsu_top/x_aq_vlsu_vtb/x_aq_vlsu_vtb_entry_2/fwd_vld,0,0.0,0.0,0.0,0.0,,0
x_aq_vpu_top/x_aq_vlsu_top/x_aq_vlsu_vtb/x_aq_vlsu_vtb_entry_2/lsu_wen[3:0],0,0.0,0.0,0.0,0.0,,0
x_aq_vpu_top/x_aq_vlsu_top/x_aq_vlsu_vtb/x_aq_vlsu_vtb_entry_2/lsu_wen_data[63:0],27,0.0008991308401878185,2.760407407407407,1.905204726135013,0.5925925925925926,0.005854710870809392,45
x_aq_vpu_top/x_aq_vlsu_top/x_aq_vlsu_vtb/x_aq_vlsu_vtb_entry_2/lsu_wen_vld,0,0.0,0.0,0.0,0.0,,0
x_aq_vpu_top/x_aq_vlsu_top/x_aq_vlsu_vtb/x_aq_vlsu_vtb_entry_2/st_fwd_fp_bus,0,0.0,0.0,0.0,0.0,,0
x_aq_vpu_top/x_aq_vlsu_top/x_aq_vlsu_vtb/x_aq_vlsu_vtb_entry_2/st_fwd_lsu,0,0.0,0.0,0.0,0.0,,0
x_aq_vpu_top/x_aq_vlsu_top/x_aq_vlsu_vtb/x_aq_vlsu_vtb_entry_2/st_fwd_vld,0,0.0,0.0,0.0,0.0,,0
x_aq_vpu_top/x_aq_vlsu_top/x_aq_vlsu_vtb/x_aq_vlsu_vtb_entry_2/st_fwd_vld_gate,0,0.0,0.0,0.0,0.0,,0
x_aq_vpu_top/x_aq_vlsu_top/x_aq_vlsu_vtb/x_aq_vlsu_vtb_entry_2/vlsu_create_data[63:0],10,0.00033301142229178463,1.7683,1.2204624245624327,0.4,-0.018722760431388923,34
x_aq_vpu_top/x_aq_vlsu_top/x_aq_vlsu_vtb/x_aq_vlsu_vtb_entry_2/vlsu_create_data0_vld,0,0.0,0.0,0.0,0.0,,0
x_aq_vpu_top/x_aq_vlsu_top/x_aq_vlsu_vtb/x_aq_vlsu_vtb_entry_2/vlsu_create_data1_vld,0,0.0,0.0,0.0,0.0,,0
x_aq_vpu_top/x_aq_vlsu_top/x_aq_vlsu_vtb/x_aq_vlsu_vtb_entry_2/vlsu_create_data2_vld,0,0.0,0.0,0.0,0.0,,0
x_aq_vpu_top/x_aq_vlsu_top/x_aq_vlsu_vtb/x_aq_vlsu_vtb_entry_2/vlsu_create_data3_vld,0,0.0,0.0,0.0,0.0,,0
x_aq_vpu_top/x_aq_vlsu_top/x_aq_vlsu_vtb/x_aq_vlsu_vtb_entry_2/vlsu_create_ready,0,0.0,0.0,0.0,0.0,,0
x_aq_vpu_top/x_aq_vlsu_top/x_aq_vlsu_vtb/x_aq_vlsu_vtb_entry_2/vlsu_create_st,16,0.0005328182756668553,1.8413125000000001,1.2708548991274753,0.5625,0.010167585006082027,1
x_aq_vpu_top/x_aq_vlsu_top/x_aq_vlsu_vtb/x_aq_vlsu_vtb_entry_2/vlsu_create_vld,0,0.0,0.0,0.0,0.0,,0
x_aq_vpu_top/x_aq_vlsu_top/x_aq_vlsu_vtb/x_aq_vlsu_vtb_entry_2/vlsu_entry_data[63:0],10,0.00033301142229178463,1.7683,1.2204624245624327,0.4,-0.018722760431388923,34
x_aq_vpu_top/x_aq_vlsu_top/x_aq_vlsu_vtb/x_aq_vlsu_vtb_entry_2/vlsu_entry_data_aft_mask[63:0],10,0.00033301142229178463,1.7683,1.2204624245624327,0.4,-0.018722760431388923,34
x_aq_vpu_top/x_aq_vlsu_top/x_aq_vlsu_vtb/x_aq_vlsu_vtb_entry_2/vlsu_entry_merge_mask[7:0],0,0.0,0.0,0.0,0.0,,0
x_aq_vpu_top/x_aq_vlsu_top/x_aq_vlsu_vtb/x_aq_vlsu_vtb_entry_2/vlsu_entry_merge_mask_ext[63:0],0,0.0,0.0,0.0,0.0,,0
x_aq_vpu_top/x_aq_vlsu_top/x_aq_vlsu_vtb/x_aq_vlsu_vtb_entry_2/vlsu_fwd_data[63:0],27,0.0008991308401878185,2.760407407407407,1.905204726135013,0.5925925925925926,-0.002126353779248852,47
x_aq_vpu_top/x_aq_vlsu_top/x_aq_vlsu_vtb/x_aq_vlsu_vtb_entry_2/wb_vld,0,0.0,0.0,0.0,0.0,,0
x_aq_vpu_top/x_aq_vlsu_top/x_aq_vlsu_vtb/x_aq_vlsu_vtb_entry_2/x_aq_lsu_vtb_entry_gated_clk/clk_in,0,0.0,0.0,0.0,0.0,,0
x_aq_vpu_top/x_aq_vlsu_top/x_aq_vlsu_vtb/x_aq_vlsu_vtb_entry_2/x_aq_lsu_vtb_entry_gated_clk/global_en,0,0.0,0.0,0.0,0.0,,0
x_aq_vpu_top/x_aq_vlsu_top/x_aq_vlsu_vtb/x_aq_vlsu_vtb_entry_2/x_aq_lsu_vtb_entry_gated_clk/module_en,0,0.0,0.0,0.0,0.0,,0
x_aq_vpu_top/x_aq_vlsu_top/x_aq_vlsu_vtb/x_aq_vlsu_vtb_entry_2/x_aq_lsu_vtb_entry_gated_clk/local_en,2,6.660228445835692e-05,8.55,5.901121828880168,1.0,0.17944175952243305,1
x_aq_vpu_top/x_aq_vlsu_top/x_aq_vlsu_vtb/x_aq_vlsu_vtb_entry_2/x_aq_lsu_vtb_entry_gated_clk/external_en,0,0.0,0.0,0.0,0.0,,0
x_aq_vpu_top/x_aq_vlsu_top/x_aq_vlsu_vtb/x_aq_vlsu_vtb_entry_2/x_aq_lsu_vtb_entry_gated_clk/pad_yy_icg_scan_en,0,0.0,0.0,0.0,0.0,,0
x_aq_vpu_top/x_aq_vlsu_top/x_aq_vlsu_vtb/x_aq_vlsu_vtb_entry_2/x_aq_lsu_vtb_entry_gated_clk/clk_out,0,0.0,0.0,0.0,0.0,,0
x_aq_vpu_top/x_aq_vlsu_top/x_aq_vlsu_vtb/x_aq_vlsu_vtb_entry_2/x_aq_lsu_vtb_entry_gated_clk/clk_en_bf_latch,2,6.660228445835692e-05,8.55,5.901121828880168,1.0,0.17944175952243305,1
x_aq_vpu_top/x_aq_vlsu_top/x_aq_vlsu_vtb/x_aq_vlsu_vtb_entry_2/x_aq_lsu_vtb_entry_gated_clk/SE,0,0.0,0.0,0.0,0.0,,0
x_aq_vpu_top/x_aq_vlsu_top/x_aq_vlsu_vtb/x_aq_vlsu_vtb_entry_2/x_aq_lsu_vtb_entry_data0_gated_clk/clk_in,0,0.0,0.0,0.0,0.0,,0
x_aq_vpu_top/x_aq_vlsu_top/x_aq_vlsu_vtb/x_aq_vlsu_vtb_entry_2/x_aq_lsu_vtb_entry_data0_gated_clk/global_en,0,0.0,0.0,0.0,0.0,,0
x_aq_vpu_top/x_aq_vlsu_top/x_aq_vlsu_vtb/x_aq_vlsu_vtb_entry_2/x_aq_lsu_vtb_entry_data0_gated_clk/module_en,0,0.0,0.0,0.0,0.0,,0
x_aq_vpu_top/x_aq_vlsu_top/x_aq_vlsu_vtb/x_aq_vlsu_vtb_entry_2/x_aq_lsu_vtb_entry_data0_gated_clk/local_en,2,6.660228445835692e-05,8.55,5.901121828880168,1.0,0.17944175952243305,1
x_aq_vpu_top/x_aq_vlsu_top/x_aq_vlsu_vtb/x_aq_vlsu_vtb_entry_2/x_aq_lsu_vtb_entry_data0_gated_clk/external_en,0,0.0,0.0,0.0,0.0,,0
x_aq_vpu_top/x_aq_vlsu_top/x_aq_vlsu_vtb/x_aq_vlsu_vtb_entry_2/x_aq_lsu_vtb_entry_data0_gated_clk/pad_yy_icg_scan_en,0,0.0,0.0,0.0,0.0,,0
x_aq_vpu_top/x_aq_vlsu_top/x_aq_vlsu_vtb/x_aq_vlsu_vtb_entry_2/x_aq_lsu_vtb_entry_data0_gated_clk/clk_out,0,0.0,0.0,0.0,0.0,,0
x_aq_vpu_top/x_aq_vlsu_top/x_aq_vlsu_vtb/x_aq_vlsu_vtb_entry_2/x_aq_lsu_vtb_entry_data0_gated_clk/clk_en_bf_latch,2,6.660228445835692e-05,8.55,5.901121828880168,1.0,0.17944175952243305,1
x_aq_vpu_top/x_aq_vlsu_top/x_aq_vlsu_vtb/x_aq_vlsu_vtb_entry_2/x_aq_lsu_vtb_entry_data0_gated_clk/SE,0,0.0,0.0,0.0,0.0,,0
x_aq_vpu_top/x_aq_vlsu_top/x_aq_vlsu_vtb/x_aq_vlsu_vtb_entry_2/x_aq_lsu_vtb_entry_data1_gated_clk/clk_in,0,0.0,0.0,0.0,0.0,,0
x_aq_vpu_top/x_aq_vlsu_top/x_aq_vlsu_vtb/x_aq_vlsu_vtb_entry_2/x_aq_lsu_vtb_entry_data1_gated_clk/global_en,0,0.0,0.0,0.0,0.0,,0
x_aq_vpu_top/x_aq_vlsu_top/x_aq_vlsu_vtb/x_aq_vlsu_vtb_entry_2/x_aq_lsu_vtb_entry_data1_gated_clk/module_en,0,0.0,0.0,0.0,0.0,,0
x_aq_vpu_top/x_aq_vlsu_top/x_aq_vlsu_vtb/x_aq_vlsu_vtb_entry_2/x_aq_lsu_vtb_entry_data1_gated_clk/local_en,2,6.660228445835692e-05,8.55,5.901121828880168,1.0,0.17944175952243305,1
x_aq_vpu_top/x_aq_vlsu_top/x_aq_vlsu_vtb/x_aq_vlsu_vtb_entry_2/x_aq_lsu_vtb_entry_data1_gated_clk/external_en,0,0.0,0.0,0.0,0.0,,0
x_aq_vpu_top/x_aq_vlsu_top/x_aq_vlsu_vtb/x_aq_vlsu_vtb_entry_2/x_aq_lsu_vtb_entry_data1_gated_clk/pad_yy_icg_scan_en,0,0.0,0.0,0.0,0.0,,0
x_aq_vpu_top/x_aq_vlsu_top/x_aq_vlsu_vtb/x_aq_vlsu_vtb_entry_2/x_aq_lsu_vtb_entry_data1_gated_clk/clk_out,0,0.0,0.0,0.0,0.0,,0
x_aq_vpu_top/x_aq_vlsu_top/x_aq_vlsu_vtb/x_aq_vlsu_vtb_entry_2/x_aq_lsu_vtb_entry_data1_gated_clk/clk_en_bf_latch,2,6.660228445835692e-05,8.55,5.901121828880168,1.0,0.17944175952243305,1
x_aq_vpu_top/x_aq_vlsu_top/x_aq_vlsu_vtb/x_aq_vlsu_vtb_entry_2/x_aq_lsu_vtb_entry_data1_gated_clk/SE,0,0.0,0.0,0.0,0.0,,0
x_aq_vpu_top/x_aq_vlsu_top/x_aq_vlsu_vtb/x_aq_vlsu_vtb_entry_2/x_aq_lsu_vtb_entry_data2_gated_clk/clk_in,0,0.0,0.0,0.0,0.0,,0
x_aq_vpu_top/x_aq_vlsu_top/x_aq_vlsu_vtb/x_aq_vlsu_vtb_entry_2/x_aq_lsu_vtb_entry_data2_gated_clk/global_en,0,0.0,0.0,0.0,0.0,,0
x_aq_vpu_top/x_aq_vlsu_top/x_aq_vlsu_vtb/x_aq_vlsu_vtb_entry_2/x_aq_lsu_vtb_entry_data2_gated_clk/module_en,0,0.0,0.0,0.0,0.0,,0
x_aq_vpu_top/x_aq_vlsu_top/x_aq_vlsu_vtb/x_aq_vlsu_vtb_entry_2/x_aq_lsu_vtb_entry_data2_gated_clk/local_en,2,6.660228445835692e-05,8.55,5.901121828880168,1.0,0.17944175952243305,1
x_aq_vpu_top/x_aq_vlsu_top/x_aq_vlsu_vtb/x_aq_vlsu_vtb_entry_2/x_aq_lsu_vtb_entry_data2_gated_clk/external_en,0,0.0,0.0,0.0,0.0,,0
x_aq_vpu_top/x_aq_vlsu_top/x_aq_vlsu_vtb/x_aq_vlsu_vtb_entry_2/x_aq_lsu_vtb_entry_data2_gated_clk/pad_yy_icg_scan_en,0,0.0,0.0,0.0,0.0,,0
x_aq_vpu_top/x_aq_vlsu_top/x_aq_vlsu_vtb/x_aq_vlsu_vtb_entry_2/x_aq_lsu_vtb_entry_data2_gated_clk/clk_out,0,0.0,0.0,0.0,0.0,,0
x_aq_vpu_top/x_aq_vlsu_top/x_aq_vlsu_vtb/x_aq_vlsu_vtb_entry_2/x_aq_lsu_vtb_entry_data2_gated_clk/clk_en_bf_latch,2,6.660228445835692e-05,8.55,5.901121828880168,1.0,0.17944175952243305,1
x_aq_vpu_top/x_aq_vlsu_top/x_aq_vlsu_vtb/x_aq_vlsu_vtb_entry_2/x_aq_lsu_vtb_entry_data2_gated_clk/SE,0,0.0,0.0,0.0,0.0,,0
x_aq_vpu_top/x_aq_vlsu_top/x_aq_vlsu_vtb/x_aq_vlsu_vtb_entry_2/x_aq_lsu_vtb_entry_data3_gated_clk/clk_in,0,0.0,0.0,0.0,0.0,,0
x_aq_vpu_top/x_aq_vlsu_top/x_aq_vlsu_vtb/x_aq_vlsu_vtb_entry_2/x_aq_lsu_vtb_entry_data3_gated_clk/global_en,0,0.0,0.0,0.0,0.0,,0
x_aq_vpu_top/x_aq_vlsu_top/x_aq_vlsu_vtb/x_aq_vlsu_vtb_entry_2/x_aq_lsu_vtb_entry_data3_gated_clk/module_en,0,0.0,0.0,0.0,0.0,,0
x_aq_vpu_top/x_aq_vlsu_top/x_aq_vlsu_vtb/x_aq_vlsu_vtb_entry_2/x_aq_lsu_vtb_entry_data3_gated_clk/local_en,2,6.660228445835692e-05,8.55,5.901121828880168,1.0,0.17944175952243305,1
x_aq_vpu_top/x_aq_vlsu_top/x_aq_vlsu_vtb/x_aq_vlsu_vtb_entry_2/x_aq_lsu_vtb_entry_data3_gated_clk/external_en,0,0.0,0.0,0.0,0.0,,0
x_aq_vpu_top/x_aq_vlsu_top/x_aq_vlsu_vtb/x_aq_vlsu_vtb_entry_2/x_aq_lsu_vtb_entry_data3_gated_clk/pad_yy_icg_scan_en,0,0.0,0.0,0.0,0.0,,0
x_aq_vpu_top/x_aq_vlsu_top/x_aq_vlsu_vtb/x_aq_vlsu_vtb_entry_2/x_aq_lsu_vtb_entry_data3_gated_clk/clk_out,0,0.0,0.0,0.0,0.0,,0
x_aq_vpu_top/x_aq_vlsu_top/x_aq_vlsu_vtb/x_aq_vlsu_vtb_entry_2/x_aq_lsu_vtb_entry_data3_gated_clk/clk_en_bf_latch,2,6.660228445835692e-05,8.55,5.901121828880168,1.0,0.17944175952243305,1
x_aq_vpu_top/x_aq_vlsu_top/x_aq_vlsu_vtb/x_aq_vlsu_vtb_entry_2/x_aq_lsu_vtb_entry_data3_gated_clk/SE,0,0.0,0.0,0.0,0.0,,0
x_aq_vpu_top/x_aq_vlsu_top/x_aq_vlsu_vtb/x_aq_vlsu_vtb_entry_3/cp0_vpu_icg_en,0,0.0,0.0,0.0,0.0,,0
x_aq_vpu_top/x_aq_vlsu_top/x_aq_vlsu_vtb/x_aq_vlsu_vtb_entry_3/cpurst_b,3,9.990342668753538e-05,1.553333333333334,1.0720946480538631,0.0,-0.0005091736528365816,1
x_aq_vpu_top/x_aq_vlsu_top/x_aq_vlsu_vtb/x_aq_vlsu_vtb_entry_3/forever_cpuclk,0,0.0,0.0,0.0,0.0,,0
x_aq_vpu_top/x_aq_vlsu_top/x_aq_vlsu_vtb/x_aq_vlsu_vtb_entry_3/fwd_vld_x,0,0.0,0.0,0.0,0.0,,0
x_aq_vpu_top/x_aq_vlsu_top/x_aq_vlsu_vtb/x_aq_vlsu_vtb_entry_3/if_vlsu_fls_data[63:0],27,0.0008991308401878185,2.760407407407407,1.905204726135013,0.5925925925925926,-0.002126353779248852,47
x_aq_vpu_top/x_aq_vlsu_top/x_aq_vlsu_vtb/x_aq_vlsu_vtb_entry_3/if_vlsu_fls_reg[4:0],397,0.01322055346498385,1.674874055415617,1.1559808010570933,0.14105793450881612,0.0024943509928472586,5
x_aq_vpu_top/x_aq_vlsu_top/x_aq_vlsu_vtb/x_aq_vlsu_vtb_entry_3/if_vlsu_fls_wb_vld,0,0.0,0.0,0.0,0.0,,0
x_aq_vpu_top/x_aq_vlsu_top/x_aq_vlsu_vtb/x_aq_vlsu_vtb_entry_3/lsu_wen_data_entry_v[63:0],27,0.0008991308401878185,2.760407407407407,1.905204726135013,0.5925925925925926,0.015997951052657215,33
x_aq_vpu_top/x_aq_vlsu_top/x_aq_vlsu_vtb/x_aq_vlsu_vtb_entry_3/lsu_wen_entry_v[3:0],0,0.0,0.0,0.0,0.0,,0
x_aq_vpu_top/x_aq_vlsu_top/x_aq_vlsu_vtb/x_aq_vlsu_vtb_entry_3/pad_yy_icg_scan_en,0,0.0,0.0,0.0,0.0,,0
x_aq_vpu_top/x_aq_vlsu_top/x_aq_vlsu_vtb/x_aq_vlsu_vtb_entry_3/round_bit[1:0],0,0.0,0.0,0.0,0.0,,0
x_aq_vpu_top/x_aq_vlsu_top/x_aq_vlsu_vtb/x_aq_vlsu_vtb_entry_3/rtu_yy_xx_flush,0,0.0,0.0,0.0,0.0,,0
x_aq_vpu_top/x_aq_vlsu_top/x_aq_vlsu_vtb/x_aq_vlsu_vtb_entry_3/sseg_abnormal_vld,0,0.0,0.0,0.0,0.0,,0
x_aq_vpu_top/x_aq_vlsu_top/x_aq_vlsu_vtb/x_aq_vlsu_vtb_entry_3/sseg_wb_vld,0,0.0,0.0,0.0,0.0,,0
x_aq_vpu_top/x_aq_vlsu_top/x_aq_vlsu_vtb/x_aq_vlsu_vtb_entry_3/vlsu_create_data_v[63:0],16,0.0005328182756668553,3.1618749999999998,2.1822935184433305,0.625,-0.01673777002673092,34
x_aq_vpu_top/x_aq_vlsu_top/x_aq_vlsu_vtb/x_aq_vlsu_vtb_entry_3/vlsu_create_ele_cnt[7:0],2,6.660228445835692e-05,3.485499999999999,2.4056561560891017,1.0,-0.0059301219103639335,2
x_aq_vpu_top/x_aq_vlsu_top/x_aq_vlsu_vtb/x_aq_vlsu_vtb_entry_3/vlsu_create_fls,18,0.0005994205601252123,3.1024444444444446,2.1412751618712416,0.6666666666666666,0.009357610132256123,1
x_aq_vpu_top/x_aq_vlsu_top/x_aq_vlsu_vtb/x_aq_vlsu_vtb_entry_3/vlsu_create_fof_vld,0,0.0,0.0,0.0,0.0,,0
x_aq_vpu_top/x_aq_vlsu_top/x_aq_vlsu_vtb/x_aq_vlsu_vtb_entry_3/vlsu_create_mask[7:0],0,0.0,0.0,0.0,0.0,,0
x_aq_vpu_top/x_aq_vlsu_top/x_aq_vlsu_vtb/x_aq_vlsu_vtb_entry_3/vlsu_create_mask_ext[63:0],0,0.0,0.0,0.0,0.0,,0
x_aq_vpu_top/x_aq_vlsu_top/x_aq_vlsu_vtb/x_aq_vlsu_vtb_entry_3/vlsu_create_seq_last,17,0.0005661194178960339,3.351882352941177,2.313434634009286,0.8235294117647058,-0.027245585373752945,1
x_aq_vpu_top/x_aq_vlsu_top/x_aq_vlsu_vtb/x_aq_vlsu_vtb_entry_3/vlsu_create_st_type_x,16,0.0005328182756668553,1.8413125000000001,1.2708548991274753,0.5625,0.010167585006082027,1
x_aq_vpu_top/x_aq_vlsu_top/x_aq_vlsu_vtb/x_aq_vlsu_vtb_entry_3/vlsu_create_vl_mask[7:0],0,0.0,0.0,0.0,0.0,,0
x_aq_vpu_top/x_aq_vlsu_top/x_aq_vlsu_vtb/x_aq_vlsu_vtb_entry_3/vlsu_create_vld_x,0,0.0,0.0,0.0,0.0,,0
x_aq_vpu_top/x_aq_vlsu_top/x_aq_vlsu_vtb/x_aq_vlsu_vtb_entry_3/vlsu_create_vreg[6:0],32,0.0010656365513337107,2.2938125,1.5831657327611917,0.71875,0.16063759671003924,4
x_aq_vpu_top/x_aq_vlsu_top/x_aq_vlsu_vtb/x_aq_vlsu_vtb_entry_3/vlsu_create_wready,0,0.0,0.0,0.0,0.0,,0
x_aq_vpu_top/x_aq_vlsu_top/x_aq_vlsu_vtb/x_aq_vlsu_vtb_entry_3/vlsu_sseg_create,0,0.0,0.0,0.0,0.0,,0
x_aq_vpu_top/x_aq_vlsu_top/x_aq_vlsu_vtb/x_aq_vlsu_vtb_entry_3/vlsu_warm_up,2,6.660228445835692e-05,8.55,5.901121828880168,1.0,0.17944175952243305,1
x_aq_vpu_top/x_aq_vlsu_top/x_aq_vlsu_vtb/x_aq_vlsu_vtb_entry_3/vpu_vlsu_fp_wb_data[63:0],16,0.0005328182756668553,3.02025,2.0845454039386344,0.9375,-0.01944299123022418,34
x_aq_vpu_top/x_aq_vlsu_top/x_aq_vlsu_vtb/x_aq_vlsu_vtb_entry_3/vpu_vlsu_fp_wb_reg[4:0],28,0.0009324319824169969,2.5695,1.7734424022581978,0.75,-0.014637236857539317,5
x_aq_vpu_top/x_aq_vlsu_top/x_aq_vlsu_vtb/x_aq_vlsu_vtb_entry_3/vpu_vlsu_fp_wb_vld,0,0.0,0.0,0.0,0.0,,0
x_aq_vpu_top/x_aq_vlsu_top/x_aq_vlsu_vtb/x_aq_vlsu_vtb_entry_3/vtb_entry_all_wb_x,1,3.330114222917846e-05,2.862,1.9753228858777825,0.0,0.004988007030259691,1
x_aq_vpu_top/x_aq_vlsu_top/x_aq_vlsu_vtb/x_aq_vlsu_vtb_entry_3/vtb_entry_data_v[63:0],0,0.0,0.0,0.0,0.0,,0
x_aq_vpu_top/x_aq_vlsu_top/x_aq_vlsu_vtb/x_aq_vlsu_vtb_entry_3/vtb_entry_fls_x,1,3.330114222917846e-05,10.872,7.503742283460255,1.0,-0.003229515705865712,1
x_aq_vpu_top/x_aq_vlsu_top/x_aq_vlsu_vtb/x_aq_vlsu_vtb_entry_3/vtb_entry_fof_vld_x,0,0.0,0.0,0.0,0.0,,0
x_aq_vpu_top/x_aq_vlsu_top/x_aq_vlsu_vtb/x_aq_vlsu_vtb_entry_3/vtb_entry_seq_last_x,1,3.330114222917846e-05,10.872,7.503742283460255,1.0,-0.003229515705865712,1
x_aq_vpu_top/x_aq_vlsu_top/x_aq_vlsu_vtb/x_aq_vlsu_vtb_entry_3/vtb_entry_split_cnt_v[9:0],0,0.0,0.0,0.0,0.0,,0
x_aq_vpu_top/x_aq_vlsu_top/x_aq_vlsu_vtb/x_aq_vlsu_vtb_entry_3/vtb_entry_split_cnt_vld_x,0,0.0,0.0,0.0,0.0,,0
x_aq_vpu_top/x_aq_vlsu_top/x_aq_vlsu_vtb/x_aq_vlsu_vtb_entry_3/vtb_entry_st_fwd_fp_bus_x,0,0.0,0.0,0.0,0.0,,0
x_aq_vpu_top/x_aq_vlsu_top/x_aq_vlsu_vtb/x_aq_vlsu_vtb_entry_3/vtb_entry_st_fwd_vld_x,0,0.0,0.0,0.0,0.0,,0
x_aq_vpu_top/x_aq_vlsu_top/x_aq_vlsu_vtb/x_aq_vlsu_vtb_entry_3/vtb_entry_st_vld_x,0,0.0,0.0,0.0,0.0,,0
x_aq_vpu_top/x_aq_vlsu_top/x_aq_vlsu_vtb/x_aq_vlsu_vtb_entry_3/vtb_entry_vl_mask_v[7:0],1,3.330114222917846e-05,2.862,1.9753228858777825,0.0,0.00498800703026006,8
x_aq_vpu_top/x_aq_vlsu_top/x_aq_vlsu_vtb/x_aq_vlsu_vtb_entry_3/vtb_entry_vld_x,0,0.0,0.0,0.0,0.0,,0
x_aq_vpu_top/x_aq_vlsu_top/x_aq_vlsu_vtb/x_aq_vlsu_vtb_entry_3/vtb_entry_vload_vld_x,0,0.0,0.0,0.0,0.0,,0
x_aq_vpu_top/x_aq_vlsu_top/x_aq_vlsu_vtb/x_aq_vlsu_vtb_entry_3/vtb_entry_vm_mask_v[7:0],1,3.330114222917846e-05,2.862,1.9753228858777825,0.0,0.00498800703026006,8
x_aq_vpu_top/x_aq_vlsu_top/x_aq_vlsu_vtb/x_aq_vlsu_vtb_entry_3/vtb_entry_vreg_v[6:0],0,0.0,0.0,0.0,0.0,,0
x_aq_vpu_top/x_aq_vlsu_top/x_aq_vlsu_vtb/x_aq_vlsu_vtb_entry_3/vtb_entry_wb_ready_x,0,0.0,0.0,0.0,0.0,,0
x_aq_vpu_top/x_aq_vlsu_top/x_aq_vlsu_vtb/x_aq_vlsu_vtb_entry_3/vtb_entry_wb_vld_x,0,0.0,0.0,0.0,0.0,,0
x_aq_vpu_top/x_aq_vlsu_top/x_aq_vlsu_vtb/x_aq_vlsu_vtb_entry_3/vtb_entry_wdata_ready_x,0,0.0,0.0,0.0,0.0,,0
x_aq_vpu_top/x_aq_vlsu_top/x_aq_vlsu_vtb/x_aq_vlsu_vtb_entry_3/vtb_entry_wdata_vld_x,0,0.0,0.0,0.0,0.0,,0
x_aq_vpu_top/x_aq_vlsu_top/x_aq_vlsu_vtb/x_aq_vlsu_vtb_entry_3/wb_vld_x,0,0.0,0.0,0.0,0.0,,0
x_aq_vpu_top/x_aq_vlsu_top/x_aq_vlsu_vtb/x_aq_vlsu_vtb_entry_3/entry_clk,0,0.0,0.0,0.0,0.0,,0
x_aq_vpu_top/x_aq_vlsu_top/x_aq_vlsu_vtb/x_aq_vlsu_vtb_entry_3/entry_clk_en,2,6.660228445835692e-05,8.55,5.901121828880168,1.0,0.17944175952243305,1
x_aq_vpu_top/x_aq_vlsu_top/x_aq_vlsu_vtb/x_aq_vlsu_vtb_entry_3/entry_data0_clk,0,0.0,0.0,0.0,0.0,,0
x_aq_vpu_top/x_aq_vlsu_top/x_aq_vlsu_vtb/x_aq_vlsu_vtb_entry_3/entry_data0_clk_en,2,6.660228445835692e-05,8.55,5.901121828880168,1.0,0.17944175952243305,1
x_aq_vpu_top/x_aq_vlsu_top/x_aq_vlsu_vtb/x_aq_vlsu_vtb_entry_3/entry_data1_clk,0,0.0,0.0,0.0,0.0,,0
x_aq_vpu_top/x_aq_vlsu_top/x_aq_vlsu_vtb/x_aq_vlsu_vtb_entry_3/entry_data1_clk_en,2,6.660228445835692e-05,8.55,5.901121828880168,1.0,0.17944175952243305,1
x_aq_vpu_top/x_aq_vlsu_top/x_aq_vlsu_vtb/x_aq_vlsu_vtb_entry_3/entry_data2_clk,0,0.0,0.0,0.0,0.0,,0
x_aq_vpu_top/x_aq_vlsu_top/x_aq_vlsu_vtb/x_aq_vlsu_vtb_entry_3/entry_data2_clk_en,2,6.660228445835692e-05,8.55,5.901121828880168,1.0,0.17944175952243305,1
x_aq_vpu_top/x_aq_vlsu_top/x_aq_vlsu_vtb/x_aq_vlsu_vtb_entry_3/entry_data3_clk,0,0.0,0.0,0.0,0.0,,0
x_aq_vpu_top/x_aq_vlsu_top/x_aq_vlsu_vtb/x_aq_vlsu_vtb_entry_3/entry_data3_clk_en,2,6.660228445835692e-05,8.55,5.901121828880168,1.0,0.17944175952243305,1
x_aq_vpu_top/x_aq_vlsu_top/x_aq_vlsu_vtb/x_aq_vlsu_vtb_entry_3/entry_mask_active[7:0],1,3.330114222917846e-05,2.862,1.9753228858777825,0.0,0.00498800703026006,8
x_aq_vpu_top/x_aq_vlsu_top/x_aq_vlsu_vtb/x_aq_vlsu_vtb_entry_3/entry_mask_ext[63:0],1,3.330114222917846e-05,2.862,1.9753228858777825,0.0,0.004988007030259691,64
x_aq_vpu_top/x_aq_vlsu_top/x_aq_vlsu_vtb/x_aq_vlsu_vtb_entry_3/fwd_vld,0,0.0,0.0,0.0,0.0,,0
x_aq_vpu_top/x_aq_vlsu_top/x_aq_vlsu_vtb/x_aq_vlsu_vtb_entry_3/lsu_wen[3:0],0,0.0,0.0,0.0,0.0,,0
x_aq_vpu_top/x_aq_vlsu_top/x_aq_vlsu_vtb/x_aq_vlsu_vtb_entry_3/lsu_wen_data[63:0],27,0.0008991308401878185,2.760407407407407,1.905204726135013,0.5925925925925926,0.015997951052657215,33
x_aq_vpu_top/x_aq_vlsu_top/x_aq_vlsu_vtb/x_aq_vlsu_vtb_entry_3/lsu_wen_vld,0,0.0,0.0,0.0,0.0,,0
x_aq_vpu_top/x_aq_vlsu_top/x_aq_vlsu_vtb/x_aq_vlsu_vtb_entry_3/st_fwd_fp_bus,0,0.0,0.0,0.0,0.0,,0
x_aq_vpu_top/x_aq_vlsu_top/x_aq_vlsu_vtb/x_aq_vlsu_vtb_entry_3/st_fwd_lsu,0,0.0,0.0,0.0,0.0,,0
x_aq_vpu_top/x_aq_vlsu_top/x_aq_vlsu_vtb/x_aq_vlsu_vtb_entry_3/st_fwd_vld,0,0.0,0.0,0.0,0.0,,0
x_aq_vpu_top/x_aq_vlsu_top/x_aq_vlsu_vtb/x_aq_vlsu_vtb_entry_3/st_fwd_vld_gate,0,0.0,0.0,0.0,0.0,,0
x_aq_vpu_top/x_aq_vlsu_top/x_aq_vlsu_vtb/x_aq_vlsu_vtb_entry_3/vlsu_create_data[63:0],16,0.0005328182756668553,3.1618749999999998,2.1822935184433305,0.625,-0.01673777002673092,34
x_aq_vpu_top/x_aq_vlsu_top/x_aq_vlsu_vtb/x_aq_vlsu_vtb_entry_3/vlsu_create_data0_vld,0,0.0,0.0,0.0,0.0,,0
x_aq_vpu_top/x_aq_vlsu_top/x_aq_vlsu_vtb/x_aq_vlsu_vtb_entry_3/vlsu_create_data1_vld,0,0.0,0.0,0.0,0.0,,0
x_aq_vpu_top/x_aq_vlsu_top/x_aq_vlsu_vtb/x_aq_vlsu_vtb_entry_3/vlsu_create_data2_vld,0,0.0,0.0,0.0,0.0,,0
x_aq_vpu_top/x_aq_vlsu_top/x_aq_vlsu_vtb/x_aq_vlsu_vtb_entry_3/vlsu_create_data3_vld,0,0.0,0.0,0.0,0.0,,0
x_aq_vpu_top/x_aq_vlsu_top/x_aq_vlsu_vtb/x_aq_vlsu_vtb_entry_3/vlsu_create_ready,0,0.0,0.0,0.0,0.0,,0
x_aq_vpu_top/x_aq_vlsu_top/x_aq_vlsu_vtb/x_aq_vlsu_vtb_entry_3/vlsu_create_st,16,0.0005328182756668553,1.8413125000000001,1.2708548991274753,0.5625,0.010167585006082027,1
x_aq_vpu_top/x_aq_vlsu_top/x_aq_vlsu_vtb/x_aq_vlsu_vtb_entry_3/vlsu_create_vld,0,0.0,0.0,0.0,0.0,,0
x_aq_vpu_top/x_aq_vlsu_top/x_aq_vlsu_vtb/x_aq_vlsu_vtb_entry_3/vlsu_entry_data[63:0],16,0.0005328182756668553,3.1618749999999998,2.1822935184433305,0.625,-0.01673777002673092,34
x_aq_vpu_top/x_aq_vlsu_top/x_aq_vlsu_vtb/x_aq_vlsu_vtb_entry_3/vlsu_entry_data_aft_mask[63:0],16,0.0005328182756668553,3.1618749999999998,2.1822935184433305,0.625,-0.01673777002673092,34
x_aq_vpu_top/x_aq_vlsu_top/x_aq_vlsu_vtb/x_aq_vlsu_vtb_entry_3/vlsu_entry_merge_mask[7:0],0,0.0,0.0,0.0,0.0,,0
x_aq_vpu_top/x_aq_vlsu_top/x_aq_vlsu_vtb/x_aq_vlsu_vtb_entry_3/vlsu_entry_merge_mask_ext[63:0],0,0.0,0.0,0.0,0.0,,0
x_aq_vpu_top/x_aq_vlsu_top/x_aq_vlsu_vtb/x_aq_vlsu_vtb_entry_3/vlsu_fwd_data[63:0],27,0.0008991308401878185,2.760407407407407,1.905204726135013,0.5925925925925926,-0.002126353779248852,47
x_aq_vpu_top/x_aq_vlsu_top/x_aq_vlsu_vtb/x_aq_vlsu_vtb_entry_3/wb_vld,0,0.0,0.0,0.0,0.0,,0
x_aq_vpu_top/x_aq_vlsu_top/x_aq_vlsu_vtb/x_aq_vlsu_vtb_entry_3/x_aq_lsu_vtb_entry_gated_clk/clk_in,0,0.0,0.0,0.0,0.0,,0
x_aq_vpu_top/x_aq_vlsu_top/x_aq_vlsu_vtb/x_aq_vlsu_vtb_entry_3/x_aq_lsu_vtb_entry_gated_clk/global_en,0,0.0,0.0,0.0,0.0,,0
x_aq_vpu_top/x_aq_vlsu_top/x_aq_vlsu_vtb/x_aq_vlsu_vtb_entry_3/x_aq_lsu_vtb_entry_gated_clk/module_en,0,0.0,0.0,0.0,0.0,,0
x_aq_vpu_top/x_aq_vlsu_top/x_aq_vlsu_vtb/x_aq_vlsu_vtb_entry_3/x_aq_lsu_vtb_entry_gated_clk/local_en,2,6.660228445835692e-05,8.55,5.901121828880168,1.0,0.17944175952243305,1
x_aq_vpu_top/x_aq_vlsu_top/x_aq_vlsu_vtb/x_aq_vlsu_vtb_entry_3/x_aq_lsu_vtb_entry_gated_clk/external_en,0,0.0,0.0,0.0,0.0,,0
x_aq_vpu_top/x_aq_vlsu_top/x_aq_vlsu_vtb/x_aq_vlsu_vtb_entry_3/x_aq_lsu_vtb_entry_gated_clk/pad_yy_icg_scan_en,0,0.0,0.0,0.0,0.0,,0
x_aq_vpu_top/x_aq_vlsu_top/x_aq_vlsu_vtb/x_aq_vlsu_vtb_entry_3/x_aq_lsu_vtb_entry_gated_clk/clk_out,0,0.0,0.0,0.0,0.0,,0
x_aq_vpu_top/x_aq_vlsu_top/x_aq_vlsu_vtb/x_aq_vlsu_vtb_entry_3/x_aq_lsu_vtb_entry_gated_clk/clk_en_bf_latch,2,6.660228445835692e-05,8.55,5.901121828880168,1.0,0.17944175952243305,1
x_aq_vpu_top/x_aq_vlsu_top/x_aq_vlsu_vtb/x_aq_vlsu_vtb_entry_3/x_aq_lsu_vtb_entry_gated_clk/SE,0,0.0,0.0,0.0,0.0,,0
x_aq_vpu_top/x_aq_vlsu_top/x_aq_vlsu_vtb/x_aq_vlsu_vtb_entry_3/x_aq_lsu_vtb_entry_data0_gated_clk/clk_in,0,0.0,0.0,0.0,0.0,,0
x_aq_vpu_top/x_aq_vlsu_top/x_aq_vlsu_vtb/x_aq_vlsu_vtb_entry_3/x_aq_lsu_vtb_entry_data0_gated_clk/global_en,0,0.0,0.0,0.0,0.0,,0
x_aq_vpu_top/x_aq_vlsu_top/x_aq_vlsu_vtb/x_aq_vlsu_vtb_entry_3/x_aq_lsu_vtb_entry_data0_gated_clk/module_en,0,0.0,0.0,0.0,0.0,,0
x_aq_vpu_top/x_aq_vlsu_top/x_aq_vlsu_vtb/x_aq_vlsu_vtb_entry_3/x_aq_lsu_vtb_entry_data0_gated_clk/local_en,2,6.660228445835692e-05,8.55,5.901121828880168,1.0,0.17944175952243305,1
x_aq_vpu_top/x_aq_vlsu_top/x_aq_vlsu_vtb/x_aq_vlsu_vtb_entry_3/x_aq_lsu_vtb_entry_data0_gated_clk/external_en,0,0.0,0.0,0.0,0.0,,0
x_aq_vpu_top/x_aq_vlsu_top/x_aq_vlsu_vtb/x_aq_vlsu_vtb_entry_3/x_aq_lsu_vtb_entry_data0_gated_clk/pad_yy_icg_scan_en,0,0.0,0.0,0.0,0.0,,0
x_aq_vpu_top/x_aq_vlsu_top/x_aq_vlsu_vtb/x_aq_vlsu_vtb_entry_3/x_aq_lsu_vtb_entry_data0_gated_clk/clk_out,0,0.0,0.0,0.0,0.0,,0
x_aq_vpu_top/x_aq_vlsu_top/x_aq_vlsu_vtb/x_aq_vlsu_vtb_entry_3/x_aq_lsu_vtb_entry_data0_gated_clk/clk_en_bf_latch,2,6.660228445835692e-05,8.55,5.901121828880168,1.0,0.17944175952243305,1
x_aq_vpu_top/x_aq_vlsu_top/x_aq_vlsu_vtb/x_aq_vlsu_vtb_entry_3/x_aq_lsu_vtb_entry_data0_gated_clk/SE,0,0.0,0.0,0.0,0.0,,0
x_aq_vpu_top/x_aq_vlsu_top/x_aq_vlsu_vtb/x_aq_vlsu_vtb_entry_3/x_aq_lsu_vtb_entry_data1_gated_clk/clk_in,0,0.0,0.0,0.0,0.0,,0
x_aq_vpu_top/x_aq_vlsu_top/x_aq_vlsu_vtb/x_aq_vlsu_vtb_entry_3/x_aq_lsu_vtb_entry_data1_gated_clk/global_en,0,0.0,0.0,0.0,0.0,,0
x_aq_vpu_top/x_aq_vlsu_top/x_aq_vlsu_vtb/x_aq_vlsu_vtb_entry_3/x_aq_lsu_vtb_entry_data1_gated_clk/module_en,0,0.0,0.0,0.0,0.0,,0
x_aq_vpu_top/x_aq_vlsu_top/x_aq_vlsu_vtb/x_aq_vlsu_vtb_entry_3/x_aq_lsu_vtb_entry_data1_gated_clk/local_en,2,6.660228445835692e-05,8.55,5.901121828880168,1.0,0.17944175952243305,1
x_aq_vpu_top/x_aq_vlsu_top/x_aq_vlsu_vtb/x_aq_vlsu_vtb_entry_3/x_aq_lsu_vtb_entry_data1_gated_clk/external_en,0,0.0,0.0,0.0,0.0,,0
x_aq_vpu_top/x_aq_vlsu_top/x_aq_vlsu_vtb/x_aq_vlsu_vtb_entry_3/x_aq_lsu_vtb_entry_data1_gated_clk/pad_yy_icg_scan_en,0,0.0,0.0,0.0,0.0,,0
x_aq_vpu_top/x_aq_vlsu_top/x_aq_vlsu_vtb/x_aq_vlsu_vtb_entry_3/x_aq_lsu_vtb_entry_data1_gated_clk/clk_out,0,0.0,0.0,0.0,0.0,,0
x_aq_vpu_top/x_aq_vlsu_top/x_aq_vlsu_vtb/x_aq_vlsu_vtb_entry_3/x_aq_lsu_vtb_entry_data1_gated_clk/clk_en_bf_latch,2,6.660228445835692e-05,8.55,5.901121828880168,1.0,0.17944175952243305,1
x_aq_vpu_top/x_aq_vlsu_top/x_aq_vlsu_vtb/x_aq_vlsu_vtb_entry_3/x_aq_lsu_vtb_entry_data1_gated_clk/SE,0,0.0,0.0,0.0,0.0,,0
x_aq_vpu_top/x_aq_vlsu_top/x_aq_vlsu_vtb/x_aq_vlsu_vtb_entry_3/x_aq_lsu_vtb_entry_data2_gated_clk/clk_in,0,0.0,0.0,0.0,0.0,,0
x_aq_vpu_top/x_aq_vlsu_top/x_aq_vlsu_vtb/x_aq_vlsu_vtb_entry_3/x_aq_lsu_vtb_entry_data2_gated_clk/global_en,0,0.0,0.0,0.0,0.0,,0
x_aq_vpu_top/x_aq_vlsu_top/x_aq_vlsu_vtb/x_aq_vlsu_vtb_entry_3/x_aq_lsu_vtb_entry_data2_gated_clk/module_en,0,0.0,0.0,0.0,0.0,,0
x_aq_vpu_top/x_aq_vlsu_top/x_aq_vlsu_vtb/x_aq_vlsu_vtb_entry_3/x_aq_lsu_vtb_entry_data2_gated_clk/local_en,2,6.660228445835692e-05,8.55,5.901121828880168,1.0,0.17944175952243305,1
x_aq_vpu_top/x_aq_vlsu_top/x_aq_vlsu_vtb/x_aq_vlsu_vtb_entry_3/x_aq_lsu_vtb_entry_data2_gated_clk/external_en,0,0.0,0.0,0.0,0.0,,0
x_aq_vpu_top/x_aq_vlsu_top/x_aq_vlsu_vtb/x_aq_vlsu_vtb_entry_3/x_aq_lsu_vtb_entry_data2_gated_clk/pad_yy_icg_scan_en,0,0.0,0.0,0.0,0.0,,0
x_aq_vpu_top/x_aq_vlsu_top/x_aq_vlsu_vtb/x_aq_vlsu_vtb_entry_3/x_aq_lsu_vtb_entry_data2_gated_clk/clk_out,0,0.0,0.0,0.0,0.0,,0
x_aq_vpu_top/x_aq_vlsu_top/x_aq_vlsu_vtb/x_aq_vlsu_vtb_entry_3/x_aq_lsu_vtb_entry_data2_gated_clk/clk_en_bf_latch,2,6.660228445835692e-05,8.55,5.901121828880168,1.0,0.17944175952243305,1
x_aq_vpu_top/x_aq_vlsu_top/x_aq_vlsu_vtb/x_aq_vlsu_vtb_entry_3/x_aq_lsu_vtb_entry_data2_gated_clk/SE,0,0.0,0.0,0.0,0.0,,0
x_aq_vpu_top/x_aq_vlsu_top/x_aq_vlsu_vtb/x_aq_vlsu_vtb_entry_3/x_aq_lsu_vtb_entry_data3_gated_clk/clk_in,0,0.0,0.0,0.0,0.0,,0
x_aq_vpu_top/x_aq_vlsu_top/x_aq_vlsu_vtb/x_aq_vlsu_vtb_entry_3/x_aq_lsu_vtb_entry_data3_gated_clk/global_en,0,0.0,0.0,0.0,0.0,,0
x_aq_vpu_top/x_aq_vlsu_top/x_aq_vlsu_vtb/x_aq_vlsu_vtb_entry_3/x_aq_lsu_vtb_entry_data3_gated_clk/module_en,0,0.0,0.0,0.0,0.0,,0
x_aq_vpu_top/x_aq_vlsu_top/x_aq_vlsu_vtb/x_aq_vlsu_vtb_entry_3/x_aq_lsu_vtb_entry_data3_gated_clk/local_en,2,6.660228445835692e-05,8.55,5.901121828880168,1.0,0.17944175952243305,1
x_aq_vpu_top/x_aq_vlsu_top/x_aq_vlsu_vtb/x_aq_vlsu_vtb_entry_3/x_aq_lsu_vtb_entry_data3_gated_clk/external_en,0,0.0,0.0,0.0,0.0,,0
x_aq_vpu_top/x_aq_vlsu_top/x_aq_vlsu_vtb/x_aq_vlsu_vtb_entry_3/x_aq_lsu_vtb_entry_data3_gated_clk/pad_yy_icg_scan_en,0,0.0,0.0,0.0,0.0,,0
x_aq_vpu_top/x_aq_vlsu_top/x_aq_vlsu_vtb/x_aq_vlsu_vtb_entry_3/x_aq_lsu_vtb_entry_data3_gated_clk/clk_out,0,0.0,0.0,0.0,0.0,,0
x_aq_vpu_top/x_aq_vlsu_top/x_aq_vlsu_vtb/x_aq_vlsu_vtb_entry_3/x_aq_lsu_vtb_entry_data3_gated_clk/clk_en_bf_latch,2,6.660228445835692e-05,8.55,5.901121828880168,1.0,0.17944175952243305,1
x_aq_vpu_top/x_aq_vlsu_top/x_aq_vlsu_vtb/x_aq_vlsu_vtb_entry_3/x_aq_lsu_vtb_entry_data3_gated_clk/SE,0,0.0,0.0,0.0,0.0,,0
x_aq_vpu_top/x_aq_vlsu_top/x_aq_vlsu_vtb/x_aq_lsu_vlsu_gated_clk/clk_in,0,0.0,0.0,0.0,0.0,,0
x_aq_vpu_top/x_aq_vlsu_top/x_aq_vlsu_vtb/x_aq_lsu_vlsu_gated_clk/global_en,0,0.0,0.0,0.0,0.0,,0
x_aq_vpu_top/x_aq_vlsu_top/x_aq_vlsu_vtb/x_aq_lsu_vlsu_gated_clk/module_en,0,0.0,0.0,0.0,0.0,,0
x_aq_vpu_top/x_aq_vlsu_top/x_aq_vlsu_vtb/x_aq_lsu_vlsu_gated_clk/local_en,18,0.0005994205601252123,2.506666666666666,1.7300754835547307,0.3888888888888889,0.12117527670865344,1
x_aq_vpu_top/x_aq_vlsu_top/x_aq_vlsu_vtb/x_aq_lsu_vlsu_gated_clk/external_en,0,0.0,0.0,0.0,0.0,,0
x_aq_vpu_top/x_aq_vlsu_top/x_aq_vlsu_vtb/x_aq_lsu_vlsu_gated_clk/pad_yy_icg_scan_en,0,0.0,0.0,0.0,0.0,,0
x_aq_vpu_top/x_aq_vlsu_top/x_aq_vlsu_vtb/x_aq_lsu_vlsu_gated_clk/clk_out,0,0.0,0.0,0.0,0.0,,0
x_aq_vpu_top/x_aq_vlsu_top/x_aq_vlsu_vtb/x_aq_lsu_vlsu_gated_clk/clk_en_bf_latch,18,0.0005994205601252123,2.506666666666666,1.7300754835547307,0.3888888888888889,0.12117527670865344,1
x_aq_vpu_top/x_aq_vlsu_top/x_aq_vlsu_vtb/x_aq_lsu_vlsu_gated_clk/SE,0,0.0,0.0,0.0,0.0,,0
x_aq_vpu_top/x_aq_vpu_fwd_wb_rbus/cp0_vpu_icg_en,0,0.0,0.0,0.0,0.0,,0
x_aq_vpu_top/x_aq_vpu_fwd_wb_rbus/cp0_yy_clk_en,1,3.330114222917846e-05,2.862,1.9753228858777825,0.0,0.004988007030259691,1
x_aq_vpu_top/x_aq_vpu_fwd_wb_rbus/cpurst_b,3,9.990342668753538e-05,1.553333333333334,1.0720946480538631,0.0,-0.0005091736528365816,1
x_aq_vpu_top/x_aq_vpu_fwd_wb_rbus/forever_cpuclk,0,0.0,0.0,0.0,0.0,,0
x_aq_vpu_top/x_aq_vpu_fwd_wb_rbus/ifu_vpu_warm_up,2,6.660228445835692e-05,8.55,5.901121828880168,1.0,0.17944175952243305,1
x_aq_vpu_top/x_aq_vpu_fwd_wb_rbus/pad_yy_icg_scan_en,0,0.0,0.0,0.0,0.0,,0
x_aq_vpu_top/x_aq_vpu_fwd_wb_rbus/rbus_vfdsu_fpr_wb_grnt,17,0.0005661194178960339,2.363882352941177,1.6315272226720223,0.47058823529411764,-0.029880920939052077,1
x_aq_vpu_top/x_aq_vpu_fwd_wb_rbus/rbus_viq0_ex3_fpr_wb_grnt,17,0.0005661194178960339,2.363882352941177,1.6315272226720223,0.47058823529411764,-0.029880920939052077,1
x_aq_vpu_top/x_aq_vpu_fwd_wb_rbus/rbus_viq0_ex3_gpr_wb_grnt,1062,0.03536581304738753,1.4097457627118646,0.9729919875450649,0.05555555555555555,-0.007722648853950727,1
x_aq_vpu_top/x_aq_vpu_fwd_wb_rbus/rbus_viq0_ex4_fpr_wb_grnt,17,0.0005661194178960339,2.363882352941177,1.6315272226720223,0.47058823529411764,-0.029880920939052077,1
x_aq_vpu_top/x_aq_vpu_fwd_wb_rbus/rbus_viq0_ex5_fpr_wb_grnt,17,0.0005661194178960339,2.363882352941177,1.6315272226720223,0.47058823529411764,-0.029880920939052077,1
x_aq_vpu_top/x_aq_vpu_fwd_wb_rbus/rtu_vpu_gpr_wb_grnt,1062,0.03536581304738753,1.4097457627118646,0.9729919875450649,0.05555555555555555,-0.007722648853950727,1
x_aq_vpu_top/x_aq_vpu_fwd_wb_rbus/rtu_yy_xx_async_flush,0,0.0,0.0,0.0,0.0,,0
x_aq_vpu_top/x_aq_vpu_fwd_wb_rbus/vfalu_vpu_ex3_fpr_result[63:0],0,0.0,0.0,0.0,0.0,,0
x_aq_vpu_top/x_aq_vpu_fwd_wb_rbus/vfcvt_vpu_ex3_fpr_result[63:0],0,0.0,0.0,0.0,0.0,,0
x_aq_vpu_top/x_aq_vpu_fwd_wb_rbus/vfdsu_rbus_fflags[4:0],1,3.330114222917846e-05,3.6799999999999997,2.539898050325031,1.0,-0.007006673318107183,1
x_aq_vpu_top/x_aq_vpu_fwd_wb_rbus/vfdsu_rbus_fflags_vld,0,0.0,0.0,0.0,0.0,,0
x_aq_vpu_top/x_aq_vpu_fwd_wb_rbus/vfdsu_rbus_fpr_wb_data[63:0],0,0.0,0.0,0.0,0.0,,0
x_aq_vpu_top/x_aq_vpu_fwd_wb_rbus/vfdsu_rbus_fpr_wb_index[4:0],0,0.0,0.0,0.0,0.0,,0
x_aq_vpu_top/x_aq_vpu_fwd_wb_rbus/vfdsu_rbus_fpr_wb_req,0,0.0,0.0,0.0,0.0,,0
x_aq_vpu_top/x_aq_vpu_fwd_wb_rbus/vfdsu_vpu_busy,0,0.0,0.0,0.0,0.0,,0
x_aq_vpu_top/x_aq_vpu_fwd_wb_rbus/vfmau_vpu_ex3_fpr_result[63:0],2,6.660228445835692e-05,10.722000000000001,7.4002138303220075,1.0,-0.0037341120129566773,48
x_aq_vpu_top/x_aq_vpu_fwd_wb_rbus/vidu_vpu_vid_fp_inst_vld,16,0.0005328182756668553,3.3801249999999996,2.3329274177594823,0.6875,0.1320408338538662,1
x_aq_vpu_top/x_aq_vpu_fwd_wb_rbus/viq0_rbus_ex3_fflags[5:0],0,0.0,0.0,0.0,0.0,,0
x_aq_vpu_top/x_aq_vpu_fwd_wb_rbus/viq0_rbus_ex3_fflags_vld,0,0.0,0.0,0.0,0.0,,0
x_aq_vpu_top/x_aq_vpu_fwd_wb_rbus/viq0_rbus_ex3_fpr_wb_data[63:0],16,0.0005328182756668553,1.9386874999999995,1.3380621199563878,0.625,-0.01969925684748477,34
x_aq_vpu_top/x_aq_vpu_fwd_wb_rbus/viq0_rbus_ex3_fpr_wb_index[4:0],34,0.0011322388357920678,2.2747941176470583,1.5700394413865795,0.5588235294117647,-0.020388051296980975,5
x_aq_vpu_top/x_aq_vpu_fwd_wb_rbus/viq0_rbus_ex3_fpr_wb_req,0,0.0,0.0,0.0,0.0,,0
x_aq_vpu_top/x_aq_vpu_fwd_wb_rbus/viq0_rbus_ex3_fpu_wb_sel[2:0],0,0.0,0.0,0.0,0.0,,0
x_aq_vpu_top/x_aq_vpu_fwd_wb_rbus/viq0_rbus_ex3_gpr_wb_data[63:0],16,0.0005328182756668553,1.9386874999999995,1.3380621199563878,0.625,-0.01969925684748477,34
x_aq_vpu_top/x_aq_vpu_fwd_wb_rbus/viq0_rbus_ex3_gpr_wb_index[5:0],34,0.0011322388357920678,2.2747941176470583,1.5700394413865795,0.5588235294117647,-0.020388051296980975,5
x_aq_vpu_top/x_aq_vpu_fwd_wb_rbus/viq0_rbus_ex3_gpr_wb_req,0,0.0,0.0,0.0,0.0,,0
x_aq_vpu_top/x_aq_vpu_fwd_wb_rbus/viq0_rbus_ex4_fflags[5:0],0,0.0,0.0,0.0,0.0,,0
x_aq_vpu_top/x_aq_vpu_fwd_wb_rbus/viq0_rbus_ex4_fflags_vld,0,0.0,0.0,0.0,0.0,,0
x_aq_vpu_top/x_aq_vpu_fwd_wb_rbus/viq0_rbus_ex4_fpr_wb_data[63:0],0,0.0,0.0,0.0,0.0,,0
x_aq_vpu_top/x_aq_vpu_fwd_wb_rbus/viq0_rbus_ex4_fpr_wb_index[4:0],2,6.660228445835692e-05,7.126000000000001,4.918291713754395,1.0,-0.005623123884274106,2
x_aq_vpu_top/x_aq_vpu_fwd_wb_rbus/viq0_rbus_ex4_fpr_wb_req,0,0.0,0.0,0.0,0.0,,0
x_aq_vpu_top/x_aq_vpu_fwd_wb_rbus/viq0_rbus_ex5_fflags[5:0],0,0.0,0.0,0.0,0.0,,0
x_aq_vpu_top/x_aq_vpu_fwd_wb_rbus/viq0_rbus_ex5_fflags_vld,0,0.0,0.0,0.0,0.0,,0
x_aq_vpu_top/x_aq_vpu_fwd_wb_rbus/viq0_rbus_ex5_fpr_wb_data[63:0],0,0.0,0.0,0.0,0.0,,0
x_aq_vpu_top/x_aq_vpu_fwd_wb_rbus/viq0_rbus_ex5_fpr_wb_index[4:0],2,6.660228445835692e-05,2.3000000000000007,1.5874362814531449,1.0,-0.008084679959510182,2
x_aq_vpu_top/x_aq_vpu_fwd_wb_rbus/viq0_rbus_ex5_fpr_wb_req,0,0.0,0.0,0.0,0.0,,0
x_aq_vpu_top/x_aq_vpu_fwd_wb_rbus/viq0_xx_ex1_gp_sel[3:0],58,0.0019314662492923508,2.6930689655172415,1.858728427964155,0.7931034482758621,0.18522291617442432,3
x_aq_vpu_top/x_aq_vpu_fwd_wb_rbus/viq0_xx_ex1_lsu_inst_vld,12,0.00039961370675014153,1.7017499999999994,1.1745303008534294,0.5,0.10079235848009988,1
x_aq_vpu_top/x_aq_vpu_fwd_wb_rbus/viq0_xx_ex1_srcv2_ready,17,0.0005661194178960339,2.281882352941177,1.57493166828978,0.8235294117647058,-0.018891379404510043,1
x_aq_vpu_top/x_aq_vpu_fwd_wb_rbus/viq0_xx_ex1_stall,0,0.0,0.0,0.0,0.0,,0
x_aq_vpu_top/x_aq_vpu_fwd_wb_rbus/viq0_xx_ex1_vreg[6:0],36,0.0011988411202504246,3.0766388888888887,2.123464433544309,0.7777777777777778,-0.01090249021200905,5
x_aq_vpu_top/x_aq_vpu_fwd_wb_rbus/viq0_xx_ex5_stall,0,0.0,0.0,0.0,0.0,,0
x_aq_vpu_top/x_aq_vpu_fwd_wb_rbus/viq0_xx_ex5_vld,0,0.0,0.0,0.0,0.0,,0
x_aq_vpu_top/x_aq_vpu_fwd_wb_rbus/viq0_xx_no_op,37,0.001232142262479603,3.029216216216216,2.090733793907754,0.6756756756756757,-0.14645778434400644,1
x_aq_vpu_top/x_aq_vpu_fwd_wb_rbus/viq1_xx_ex5_stall,0,0.0,0.0,0.0,0.0,,0
x_aq_vpu_top/x_aq_vpu_fwd_wb_rbus/vlsu_rbus_fpr_wb_data[63:0],27,0.0008991308401878185,2.760407407407407,1.905204726135013,0.5925925925925926,-0.002126353779248852,47
x_aq_vpu_top/x_aq_vpu_fwd_wb_rbus/vlsu_rbus_fpr_wb_index[4:0],397,0.01322055346498385,1.674874055415617,1.1559808010570933,0.14105793450881612,0.0024943509928472586,5
x_aq_vpu_top/x_aq_vpu_fwd_wb_rbus/vlsu_rbus_fpr_wb_req,0,0.0,0.0,0.0,0.0,,0
x_aq_vpu_top/x_aq_vpu_fwd_wb_rbus/vlsu_xx_ex1_fp_stall,0,0.0,0.0,0.0,0.0,,0
x_aq_vpu_top/x_aq_vpu_fwd_wb_rbus/vpu_dtu_dbg_info[28:0],113,0.003763029071897166,2.270132743362832,1.5668222089256172,0.6283185840707964,0.16345401479932173,8
x_aq_vpu_top/x_aq_vpu_fwd_wb_rbus/vpu_group_0_xx_ex5_sel,0,0.0,0.0,0.0,0.0,,0
x_aq_vpu_top/x_aq_vpu_fwd_wb_rbus/vpu_group_0_xx_ex5_stall,0,0.0,0.0,0.0,0.0,,0
x_aq_vpu_top/x_aq_vpu_fwd_wb_rbus/vpu_group_3_xx_ex1_eu_sel[9:0],34,0.0011322388357920678,3.0589999999999997,2.111290254332682,0.7352941176470589,-0.003935442393045595,6
x_aq_vpu_top/x_aq_vpu_fwd_wb_rbus/vpu_group_3_xx_ex1_sel,12,0.00039961370675014153,1.7017499999999994,1.1745303008534294,0.5,0.10079235848009988,1
x_aq_vpu_top/x_aq_vpu_fwd_wb_rbus/vpu_group_3_xx_ex1_srcv2_ready,0,0.0,0.0,0.0,0.0,,0
x_aq_vpu_top/x_aq_vpu_fwd_wb_rbus/vpu_group_3_xx_ex1_vreg[6:0],32,0.0010656365513337107,2.2938125,1.5831657327611917,0.71875,0.16063759671003924,4
x_aq_vpu_top/x_aq_vpu_fwd_wb_rbus/vpu_rtu_fflag[5:0],0,0.0,0.0,0.0,0.0,,0
x_aq_vpu_top/x_aq_vpu_fwd_wb_rbus/vpu_rtu_fflag_vld,0,0.0,0.0,0.0,0.0,,0
x_aq_vpu_top/x_aq_vpu_fwd_wb_rbus/vpu_rtu_gpr_wb_data[63:0],16,0.0005328182756668553,1.4238750000000002,0.9827438414148245,0.4375,0.014633444236266654,53
x_aq_vpu_top/x_aq_vpu_fwd_wb_rbus/vpu_rtu_gpr_wb_index[5:0],16,0.0005328182756668553,1.4238750000000002,0.9827438414148245,0.4375,0.01434133862434759,2
x_aq_vpu_top/x_aq_vpu_fwd_wb_rbus/vpu_rtu_gpr_wb_req,0,0.0,0.0,0.0,0.0,,0
x_aq_vpu_top/x_aq_vpu_fwd_wb_rbus/vpu_rtu_no_op,37,0.001232142262479603,3.029216216216216,2.090733793907754,0.6756756756756757,-0.14645778434400644,1
x_aq_vpu_top/x_aq_vpu_fwd_wb_rbus/vpu_vfdsu_ex1_sel,0,0.0,0.0,0.0,0.0,,0
x_aq_vpu_top/x_aq_vpu_fwd_wb_rbus/vpu_vidu_fp_fwd_data[63:0],32,0.0010656365513337107,2.69165625,1.8577533862826587,0.5,0.10795387355154272,53
x_aq_vpu_top/x_aq_vpu_fwd_wb_rbus/vpu_vidu_fp_fwd_reg[4:0],32,0.0010656365513337107,2.69165625,1.8577533862826587,0.5,0.10412553176807465,3
x_aq_vpu_top/x_aq_vpu_fwd_wb_rbus/vpu_vidu_fp_fwd_vld,0,0.0,0.0,0.0,0.0,,0
x_aq_vpu_top/x_aq_vpu_fwd_wb_rbus/vpu_vidu_fp_wb_data[63:0],16,0.0005328182756668553,3.02025,2.0845454039386344,0.9375,-0.01944299123022418,34
x_aq_vpu_top/x_aq_vpu_fwd_wb_rbus/vpu_vidu_fp_wb_reg[4:0],28,0.0009324319824169969,2.5695,1.7734424022581978,0.75,-0.014637236857539317,5
x_aq_vpu_top/x_aq_vpu_fwd_wb_rbus/vpu_vidu_fp_wb_vld,0,0.0,0.0,0.0,0.0,,0
x_aq_vpu_top/x_aq_vpu_fwd_wb_rbus/vpu_vidu_vex1_fp_stall,0,0.0,0.0,0.0,0.0,,0
x_aq_vpu_top/x_aq_vpu_fwd_wb_rbus/vpu_vidu_wbt_fp_wb0_reg[4:0],28,0.0009324319824169969,2.5695,1.7734424022581978,0.75,-0.014637236857539317,5
x_aq_vpu_top/x_aq_vpu_fwd_wb_rbus/vpu_vidu_wbt_fp_wb0_vld,0,0.0,0.0,0.0,0.0,,0
x_aq_vpu_top/x_aq_vpu_fwd_wb_rbus/vpu_vidu_wbt_fp_wb1_reg[4:0],397,0.01322055346498385,1.674874055415617,1.1559808010570933,0.14105793450881612,0.0024943509928472586,5
x_aq_vpu_top/x_aq_vpu_fwd_wb_rbus/vpu_vidu_wbt_fp_wb1_vld,0,0.0,0.0,0.0,0.0,,0
x_aq_vpu_top/x_aq_vpu_fwd_wb_rbus/vpu_vlsu_ex1_lsu_inst_vld,12,0.00039961370675014153,1.7017499999999994,1.1745303008534294,0.5,0.10079235848009988,1
x_aq_vpu_top/x_aq_vpu_fwd_wb_rbus/vpu_vlsu_fp_wb_data[63:0],16,0.0005328182756668553,3.02025,2.0845454039386344,0.9375,-0.01944299123022418,34
x_aq_vpu_top/x_aq_vpu_fwd_wb_rbus/vpu_vlsu_fp_wb_reg[4:0],28,0.0009324319824169969,2.5695,1.7734424022581978,0.75,-0.014637236857539317,5
x_aq_vpu_top/x_aq_vpu_fwd_wb_rbus/vpu_vlsu_fp_wb_vld,0,0.0,0.0,0.0,0.0,,0
x_aq_vpu_top/x_aq_vpu_fwd_wb_rbus/ex3_fpr_wb_sel[2:0],0,0.0,0.0,0.0,0.0,,0
x_aq_vpu_top/x_aq_vpu_fwd_wb_rbus/fpr_wb_clk,0,0.0,0.0,0.0,0.0,,0
x_aq_vpu_top/x_aq_vpu_fwd_wb_rbus/fpr_wb_clk_en,34,0.0011322388357920678,3.115941176470588,2.150590467131829,0.7941176470588235,0.16786916186051629,1
x_aq_vpu_top/x_aq_vpu_fwd_wb_rbus/fpr_wb_sel[5:0],32,0.0010656365513337107,2.69165625,1.8577533862826587,0.5,0.04955076060460818,1
x_aq_vpu_top/x_aq_vpu_fwd_wb_rbus/h_bank_wb_index[4:0],0,0.0,0.0,0.0,0.0,,0
x_aq_vpu_top/x_aq_vpu_fwd_wb_rbus/h_bank_wb_vld,0,0.0,0.0,0.0,0.0,,0
x_aq_vpu_top/x_aq_vpu_fwd_wb_rbus/l_bank_wb_index[4:0],0,0.0,0.0,0.0,0.0,,0
x_aq_vpu_top/x_aq_vpu_fwd_wb_rbus/l_bank_wb_vld,0,0.0,0.0,0.0,0.0,,0
x_aq_vpu_top/x_aq_vpu_fwd_wb_rbus/vdivu_vpu_busy,0,0.0,0.0,0.0,0.0,,0
x_aq_vpu_top/x_aq_vpu_fwd_wb_rbus/vidu_vpu_vid_vec0_inst_vld,0,0.0,0.0,0.0,0.0,,0
x_aq_vpu_top/x_aq_vpu_fwd_wb_rbus/vidu_vpu_vid_vec1_inst_vld,0,0.0,0.0,0.0,0.0,,0
x_aq_vpu_top/x_aq_vpu_fwd_wb_rbus/viq1_rbus_ex3_fflags[5:0],0,0.0,0.0,0.0,0.0,,0
x_aq_vpu_top/x_aq_vpu_fwd_wb_rbus/viq1_rbus_ex3_fflags_vld,0,0.0,0.0,0.0,0.0,,0
x_aq_vpu_top/x_aq_vpu_fwd_wb_rbus/viq1_rbus_ex3_fpr_wb_data[63:0],0,0.0,0.0,0.0,0.0,,0
x_aq_vpu_top/x_aq_vpu_fwd_wb_rbus/viq1_rbus_ex3_fpr_wb_index[4:0],0,0.0,0.0,0.0,0.0,,0
x_aq_vpu_top/x_aq_vpu_fwd_wb_rbus/viq1_rbus_ex3_fpr_wb_req,0,0.0,0.0,0.0,0.0,,0
x_aq_vpu_top/x_aq_vpu_fwd_wb_rbus/viq1_rbus_ex3_fpu_wb_sel[2:0],0,0.0,0.0,0.0,0.0,,0
x_aq_vpu_top/x_aq_vpu_fwd_wb_rbus/viq1_rbus_ex3_gpr_wb_data[63:0],0,0.0,0.0,0.0,0.0,,0
x_aq_vpu_top/x_aq_vpu_fwd_wb_rbus/viq1_rbus_ex3_gpr_wb_index[5:0],0,0.0,0.0,0.0,0.0,,0
x_aq_vpu_top/x_aq_vpu_fwd_wb_rbus/viq1_rbus_ex3_gpr_wb_req,0,0.0,0.0,0.0,0.0,,0
x_aq_vpu_top/x_aq_vpu_fwd_wb_rbus/viq1_rbus_ex4_fflags[5:0],0,0.0,0.0,0.0,0.0,,0
x_aq_vpu_top/x_aq_vpu_fwd_wb_rbus/viq1_rbus_ex4_fflags_vld,0,0.0,0.0,0.0,0.0,,0
x_aq_vpu_top/x_aq_vpu_fwd_wb_rbus/viq1_rbus_ex5_fflags[5:0],0,0.0,0.0,0.0,0.0,,0
x_aq_vpu_top/x_aq_vpu_fwd_wb_rbus/viq1_rbus_ex5_fflags_vld,0,0.0,0.0,0.0,0.0,,0
x_aq_vpu_top/x_aq_vpu_fwd_wb_rbus/viq1_xx_ex1_srcv2_ready,0,0.0,0.0,0.0,0.0,,0
x_aq_vpu_top/x_aq_vpu_fwd_wb_rbus/viq1_xx_ex1_stall,0,0.0,0.0,0.0,0.0,,0
x_aq_vpu_top/x_aq_vpu_fwd_wb_rbus/viq1_xx_ex1_vreg[6:0],0,0.0,0.0,0.0,0.0,,0
x_aq_vpu_top/x_aq_vpu_fwd_wb_rbus/viq1_xx_no_op,0,0.0,0.0,0.0,0.0,,0
x_aq_vpu_top/x_aq_vpu_fwd_wb_rbus/x_vpu_rbus_fpr_wb_gated_clk/clk_in,0,0.0,0.0,0.0,0.0,,0
x_aq_vpu_top/x_aq_vpu_fwd_wb_rbus/x_vpu_rbus_fpr_wb_gated_clk/global_en,1,3.330114222917846e-05,2.862,1.9753228858777825,0.0,0.004988007030259691,1
x_aq_vpu_top/x_aq_vpu_fwd_wb_rbus/x_vpu_rbus_fpr_wb_gated_clk/module_en,0,0.0,0.0,0.0,0.0,,0
x_aq_vpu_top/x_aq_vpu_fwd_wb_rbus/x_vpu_rbus_fpr_wb_gated_clk/local_en,34,0.0011322388357920678,3.115941176470588,2.150590467131829,0.7941176470588235,0.16786916186051629,1
x_aq_vpu_top/x_aq_vpu_fwd_wb_rbus/x_vpu_rbus_fpr_wb_gated_clk/external_en,0,0.0,0.0,0.0,0.0,,0
x_aq_vpu_top/x_aq_vpu_fwd_wb_rbus/x_vpu_rbus_fpr_wb_gated_clk/pad_yy_icg_scan_en,0,0.0,0.0,0.0,0.0,,0
x_aq_vpu_top/x_aq_vpu_fwd_wb_rbus/x_vpu_rbus_fpr_wb_gated_clk/clk_out,0,0.0,0.0,0.0,0.0,,0
x_aq_vpu_top/x_aq_vpu_fwd_wb_rbus/x_vpu_rbus_fpr_wb_gated_clk/clk_en_bf_latch,34,0.0011322388357920678,3.115941176470588,2.150590467131829,0.7941176470588235,0.16786916186051629,1
x_aq_vpu_top/x_aq_vpu_fwd_wb_rbus/x_vpu_rbus_fpr_wb_gated_clk/SE,0,0.0,0.0,0.0,0.0,,0
x_aq_vpu_top/x_aq_vpu_group_0/group_index[3:0],0,0.0,0.0,0.0,0.0,,0
x_aq_vpu_top/x_aq_vpu_group_0/viq0_xx_ex1_eu_sel[9:0],34,0.0011322388357920678,3.0589999999999997,2.111290254332682,0.7352941176470589,-0.003935442393045595,6
x_aq_vpu_top/x_aq_vpu_group_0/viq0_xx_ex1_func[19:0],44,0.0014652502580838522,3.3622954545454546,2.320621649352368,0.7954545454545454,0.005526236953928676,10
x_aq_vpu_top/x_aq_vpu_group_0/viq0_xx_ex1_gp_sel[3:0],58,0.0019314662492923508,2.6930689655172415,1.858728427964155,0.7931034482758621,0.18522291617442432,3
x_aq_vpu_top/x_aq_vpu_group_0/viq0_xx_ex1_id_reg[1:0],0,0.0,0.0,0.0,0.0,,0
x_aq_vpu_top/x_aq_vpu_group_0/viq0_xx_ex1_rm[2:0],4,0.00013320456891671384,5.792749999999998,3.9980963127772604,1.0,0.005761307260114271,2
x_aq_vpu_top/x_aq_vpu_group_0/viq0_xx_ex1_srcv0[63:0],34,0.0011322388357920678,3.199264705882353,2.2080995078652914,0.8823529411764706,-0.03007154116304795,47
x_aq_vpu_top/x_aq_vpu_group_0/viq0_xx_ex1_srcv0_type[47:0],30,0.0009990342668753538,3.311833333333334,2.2857932136779304,0.8666666666666667,-0.021183319845226964,16
x_aq_vpu_top/x_aq_vpu_group_0/viq0_xx_ex1_srcv1[63:0],29,0.0009657331246461754,2.7920689655172413,1.9270572070353988,0.7931034482758621,0.13330910200860932,36
x_aq_vpu_top/x_aq_vpu_group_0/viq0_xx_ex1_srcv1_type[47:0],30,0.0009990342668753538,3.1294999999999997,2.1599486273076587,0.8,0.1279855292343095,16
x_aq_vpu_top/x_aq_vpu_group_0/viq0_xx_ex1_srcv2[63:0],10,0.00033301142229178463,1.7683,1.2204624245624327,0.4,-0.018722760431388923,34
x_aq_vpu_top/x_aq_vpu_group_0/viq0_xx_ex1_srcv2_type[47:0],10,0.00033301142229178463,1.7683,1.2204624245624327,0.4,-0.018387253439924544,13
x_aq_vpu_top/x_aq_vpu_group_0/viq0_xx_ex2_eu_sel[9:0],3,9.990342668753538e-05,5.507666666666665,3.8013347360072895,1.0,-0.006407263670766904,4
x_aq_vpu_top/x_aq_vpu_group_0/viq0_xx_ex2_func[19:0],34,0.0011322388357920678,2.7564705882352936,1.90248757414052,0.6764705882352942,0.005291436224625317,7
x_aq_vpu_top/x_aq_vpu_group_0/viq0_xx_ex2_gp_sel[3:0],32,0.0010656365513337107,1.8602812500000003,1.2839469347639165,0.625,0.10643899077943055,1
x_aq_vpu_top/x_aq_vpu_group_0/viq0_xx_ex2_rm[2:0],4,0.00013320456891671384,6.335749999999999,4.372869313137721,1.0,0.005339490314663723,2
x_aq_vpu_top/x_aq_vpu_group_0/viq0_xx_ex2_stall,0,0.0,0.0,0.0,0.0,,0
x_aq_vpu_top/x_aq_vpu_group_0/viq0_xx_ex3_eu_sel[9:0],3,9.990342668753538e-05,5.455000000000001,3.7649847457943064,1.0,-0.006780543173505238,4
x_aq_vpu_top/x_aq_vpu_group_0/viq0_xx_ex3_func[19:0],34,0.0011322388357920678,2.2747941176470583,1.5700394413865795,0.5588235294117647,0.0048191863939793505,7
x_aq_vpu_top/x_aq_vpu_group_0/viq0_xx_ex3_gp_sel[3:0],32,0.0010656365513337107,2.23721875,1.54410531012924,0.46875,0.09634909859394149,1
x_aq_vpu_top/x_aq_vpu_group_0/viq0_xx_ex3_rm[2:0],4,0.00013320456891671384,6.8092500000000005,4.699674130210793,1.0,0.004891039280386846,2
x_aq_vpu_top/x_aq_vpu_group_0/viq0_xx_ex3_stall,0,0.0,0.0,0.0,0.0,,0
x_aq_vpu_top/x_aq_vpu_group_0/viq0_xx_ex4_eu_sel[9:0],1,3.330114222917846e-05,3.6799999999999997,2.539898050325031,1.0,-0.007006673318107183,1
x_aq_vpu_top/x_aq_vpu_group_0/viq0_xx_ex4_func[19:0],2,6.660228445835692e-05,7.126000000000001,4.918291713754395,1.0,-0.005623127396660761,5
x_aq_vpu_top/x_aq_vpu_group_0/viq0_xx_ex4_gp_sel[3:0],0,0.0,0.0,0.0,0.0,,0
x_aq_vpu_top/x_aq_vpu_group_0/viq0_xx_ex4_rm[2:0],2,6.660228445835692e-05,7.126000000000001,4.918291713754395,1.0,-0.005623123884273686,2
x_aq_vpu_top/x_aq_vpu_group_0/viq0_xx_ex4_stall,0,0.0,0.0,0.0,0.0,,0
x_aq_vpu_top/x_aq_vpu_group_0/vpu_group_x_xx_ex1_eu_sel[9:0],34,0.0011322388357920678,3.0589999999999997,2.111290254332682,0.7352941176470589,-0.003935442393045595,6
x_aq_vpu_top/x_aq_vpu_group_0/vpu_group_x_xx_ex1_func[19:0],44,0.0014652502580838522,3.3622954545454546,2.320621649352368,0.7954545454545454,0.005526236953928676,10
x_aq_vpu_top/x_aq_vpu_group_0/vpu_group_x_xx_ex1_id_reg[1:0],0,0.0,0.0,0.0,0.0,,0
x_aq_vpu_top/x_aq_vpu_group_0/vpu_group_x_xx_ex1_rm[2:0],4,0.00013320456891671384,5.792749999999998,3.9980963127772604,1.0,0.005761307260114271,2
x_aq_vpu_top/x_aq_vpu_group_0/vpu_group_x_xx_ex1_sel,0,0.0,0.0,0.0,0.0,,0
x_aq_vpu_top/x_aq_vpu_group_0/vpu_group_x_xx_ex1_srcv0[63:0],34,0.0011322388357920678,3.199264705882353,2.2080995078652914,0.8823529411764706,-0.03007154116304795,47
x_aq_vpu_top/x_aq_vpu_group_0/vpu_group_x_xx_ex1_srcv0_type[47:0],30,0.0009990342668753538,3.311833333333334,2.2857932136779304,0.8666666666666667,-0.021183319845226964,16
x_aq_vpu_top/x_aq_vpu_group_0/vpu_group_x_xx_ex1_srcv1[63:0],29,0.0009657331246461754,2.7920689655172413,1.9270572070353988,0.7931034482758621,0.13330910200860932,36
x_aq_vpu_top/x_aq_vpu_group_0/vpu_group_x_xx_ex1_srcv1_type[47:0],30,0.0009990342668753538,3.1294999999999997,2.1599486273076587,0.8,0.1279855292343095,16
x_aq_vpu_top/x_aq_vpu_group_0/vpu_group_x_xx_ex1_srcv2[63:0],10,0.00033301142229178463,1.7683,1.2204624245624327,0.4,-0.018722760431388923,34
x_aq_vpu_top/x_aq_vpu_group_0/vpu_group_x_xx_ex1_srcv2_type[47:0],10,0.00033301142229178463,1.7683,1.2204624245624327,0.4,-0.018387253439924544,13
x_aq_vpu_top/x_aq_vpu_group_0/vpu_group_x_xx_ex2_eu_sel[9:0],3,9.990342668753538e-05,5.507666666666665,3.8013347360072895,1.0,-0.006407263670766904,4
x_aq_vpu_top/x_aq_vpu_group_0/vpu_group_x_xx_ex2_func[19:0],34,0.0011322388357920678,2.7564705882352936,1.90248757414052,0.6764705882352942,0.005291436224625317,7
x_aq_vpu_top/x_aq_vpu_group_0/vpu_group_x_xx_ex2_rm[2:0],4,0.00013320456891671384,6.335749999999999,4.372869313137721,1.0,0.005339490314663723,2
x_aq_vpu_top/x_aq_vpu_group_0/vpu_group_x_xx_ex2_sel,0,0.0,0.0,0.0,0.0,,0
x_aq_vpu_top/x_aq_vpu_group_0/vpu_group_x_xx_ex2_stall,0,0.0,0.0,0.0,0.0,,0
x_aq_vpu_top/x_aq_vpu_group_0/vpu_group_x_xx_ex3_eu_sel[9:0],3,9.990342668753538e-05,5.455000000000001,3.7649847457943064,1.0,-0.006780543173505238,4
x_aq_vpu_top/x_aq_vpu_group_0/vpu_group_x_xx_ex3_func[19:0],34,0.0011322388357920678,2.2747941176470583,1.5700394413865795,0.5588235294117647,0.0048191863939793505,7
x_aq_vpu_top/x_aq_vpu_group_0/vpu_group_x_xx_ex3_rm[2:0],4,0.00013320456891671384,6.8092500000000005,4.699674130210793,1.0,0.004891039280386846,2
x_aq_vpu_top/x_aq_vpu_group_0/vpu_group_x_xx_ex3_sel,0,0.0,0.0,0.0,0.0,,0
x_aq_vpu_top/x_aq_vpu_group_0/vpu_group_x_xx_ex3_stall,0,0.0,0.0,0.0,0.0,,0
x_aq_vpu_top/x_aq_vpu_group_0/vpu_group_x_xx_ex4_eu_sel[9:0],1,3.330114222917846e-05,3.6799999999999997,2.539898050325031,1.0,-0.007006673318107183,1
x_aq_vpu_top/x_aq_vpu_group_0/vpu_group_x_xx_ex4_func[19:0],2,6.660228445835692e-05,7.126000000000001,4.918291713754395,1.0,-0.005623127396660761,5
x_aq_vpu_top/x_aq_vpu_group_0/vpu_group_x_xx_ex4_rm[2:0],2,6.660228445835692e-05,7.126000000000001,4.918291713754395,1.0,-0.005623123884273686,2
x_aq_vpu_top/x_aq_vpu_group_0/vpu_group_x_xx_ex4_sel,0,0.0,0.0,0.0,0.0,,0
x_aq_vpu_top/x_aq_vpu_group_0/vpu_group_x_xx_ex4_stall,0,0.0,0.0,0.0,0.0,,0
x_aq_vpu_top/x_aq_vpu_group_0/group_x_viq0_ex1_sel,0,0.0,0.0,0.0,0.0,,0
x_aq_vpu_top/x_aq_vpu_group_0/group_x_viq0_ex2_sel,0,0.0,0.0,0.0,0.0,,0
x_aq_vpu_top/x_aq_vpu_group_0/group_x_viq0_ex3_sel,0,0.0,0.0,0.0,0.0,,0
x_aq_vpu_top/x_aq_vpu_group_0/group_x_viq0_ex4_sel,0,0.0,0.0,0.0,0.0,,0
x_aq_vpu_top/x_aq_vpu_group_1/group_index[3:0],0,0.0,0.0,0.0,0.0,,0
x_aq_vpu_top/x_aq_vpu_group_1/viq0_xx_ex1_eu_sel[9:0],34,0.0011322388357920678,3.0589999999999997,2.111290254332682,0.7352941176470589,-0.003935442393045595,6
x_aq_vpu_top/x_aq_vpu_group_1/viq0_xx_ex1_func[19:0],44,0.0014652502580838522,3.3622954545454546,2.320621649352368,0.7954545454545454,0.005526236953928676,10
x_aq_vpu_top/x_aq_vpu_group_1/viq0_xx_ex1_gp_sel[3:0],58,0.0019314662492923508,2.6930689655172415,1.858728427964155,0.7931034482758621,0.18522291617442432,3
x_aq_vpu_top/x_aq_vpu_group_1/viq0_xx_ex1_id_reg[1:0],0,0.0,0.0,0.0,0.0,,0
x_aq_vpu_top/x_aq_vpu_group_1/viq0_xx_ex1_rm[2:0],4,0.00013320456891671384,5.792749999999998,3.9980963127772604,1.0,0.005761307260114271,2
x_aq_vpu_top/x_aq_vpu_group_1/viq0_xx_ex1_srcv0[63:0],34,0.0011322388357920678,3.199264705882353,2.2080995078652914,0.8823529411764706,-0.03007154116304795,47
x_aq_vpu_top/x_aq_vpu_group_1/viq0_xx_ex1_srcv0_type[47:0],30,0.0009990342668753538,3.311833333333334,2.2857932136779304,0.8666666666666667,-0.021183319845226964,16
x_aq_vpu_top/x_aq_vpu_group_1/viq0_xx_ex1_srcv1[63:0],29,0.0009657331246461754,2.7920689655172413,1.9270572070353988,0.7931034482758621,0.13330910200860932,36
x_aq_vpu_top/x_aq_vpu_group_1/viq0_xx_ex1_srcv1_type[47:0],30,0.0009990342668753538,3.1294999999999997,2.1599486273076587,0.8,0.1279855292343095,16
x_aq_vpu_top/x_aq_vpu_group_1/viq0_xx_ex1_srcv2[63:0],10,0.00033301142229178463,1.7683,1.2204624245624327,0.4,-0.018722760431388923,34
x_aq_vpu_top/x_aq_vpu_group_1/viq0_xx_ex1_srcv2_type[47:0],10,0.00033301142229178463,1.7683,1.2204624245624327,0.4,-0.018387253439924544,13
x_aq_vpu_top/x_aq_vpu_group_1/viq0_xx_ex2_eu_sel[9:0],3,9.990342668753538e-05,5.507666666666665,3.8013347360072895,1.0,-0.006407263670766904,4
x_aq_vpu_top/x_aq_vpu_group_1/viq0_xx_ex2_func[19:0],34,0.0011322388357920678,2.7564705882352936,1.90248757414052,0.6764705882352942,0.005291436224625317,7
x_aq_vpu_top/x_aq_vpu_group_1/viq0_xx_ex2_gp_sel[3:0],32,0.0010656365513337107,1.8602812500000003,1.2839469347639165,0.625,0.10643899077943055,1
x_aq_vpu_top/x_aq_vpu_group_1/viq0_xx_ex2_rm[2:0],4,0.00013320456891671384,6.335749999999999,4.372869313137721,1.0,0.005339490314663723,2
x_aq_vpu_top/x_aq_vpu_group_1/viq0_xx_ex2_stall,0,0.0,0.0,0.0,0.0,,0
x_aq_vpu_top/x_aq_vpu_group_1/viq0_xx_ex3_eu_sel[9:0],3,9.990342668753538e-05,5.455000000000001,3.7649847457943064,1.0,-0.006780543173505238,4
x_aq_vpu_top/x_aq_vpu_group_1/viq0_xx_ex3_func[19:0],34,0.0011322388357920678,2.2747941176470583,1.5700394413865795,0.5588235294117647,0.0048191863939793505,7
x_aq_vpu_top/x_aq_vpu_group_1/viq0_xx_ex3_gp_sel[3:0],32,0.0010656365513337107,2.23721875,1.54410531012924,0.46875,0.09634909859394149,1
x_aq_vpu_top/x_aq_vpu_group_1/viq0_xx_ex3_rm[2:0],4,0.00013320456891671384,6.8092500000000005,4.699674130210793,1.0,0.004891039280386846,2
x_aq_vpu_top/x_aq_vpu_group_1/viq0_xx_ex3_stall,0,0.0,0.0,0.0,0.0,,0
x_aq_vpu_top/x_aq_vpu_group_1/viq0_xx_ex4_eu_sel[9:0],1,3.330114222917846e-05,3.6799999999999997,2.539898050325031,1.0,-0.007006673318107183,1
x_aq_vpu_top/x_aq_vpu_group_1/viq0_xx_ex4_func[19:0],2,6.660228445835692e-05,7.126000000000001,4.918291713754395,1.0,-0.005623127396660761,5
x_aq_vpu_top/x_aq_vpu_group_1/viq0_xx_ex4_gp_sel[3:0],0,0.0,0.0,0.0,0.0,,0
x_aq_vpu_top/x_aq_vpu_group_1/viq0_xx_ex4_rm[2:0],2,6.660228445835692e-05,7.126000000000001,4.918291713754395,1.0,-0.005623123884273686,2
x_aq_vpu_top/x_aq_vpu_group_1/viq0_xx_ex4_stall,0,0.0,0.0,0.0,0.0,,0
x_aq_vpu_top/x_aq_vpu_group_1/vpu_group_x_xx_ex1_eu_sel[9:0],34,0.0011322388357920678,3.0589999999999997,2.111290254332682,0.7352941176470589,-0.003935442393045595,6
x_aq_vpu_top/x_aq_vpu_group_1/vpu_group_x_xx_ex1_func[19:0],44,0.0014652502580838522,3.3622954545454546,2.320621649352368,0.7954545454545454,0.005526236953928676,10
x_aq_vpu_top/x_aq_vpu_group_1/vpu_group_x_xx_ex1_id_reg[1:0],0,0.0,0.0,0.0,0.0,,0
x_aq_vpu_top/x_aq_vpu_group_1/vpu_group_x_xx_ex1_rm[2:0],4,0.00013320456891671384,5.792749999999998,3.9980963127772604,1.0,0.005761307260114271,2
x_aq_vpu_top/x_aq_vpu_group_1/vpu_group_x_xx_ex1_sel,0,0.0,0.0,0.0,0.0,,0
x_aq_vpu_top/x_aq_vpu_group_1/vpu_group_x_xx_ex1_srcv0[63:0],34,0.0011322388357920678,3.199264705882353,2.2080995078652914,0.8823529411764706,-0.03007154116304795,47
x_aq_vpu_top/x_aq_vpu_group_1/vpu_group_x_xx_ex1_srcv0_type[47:0],30,0.0009990342668753538,3.311833333333334,2.2857932136779304,0.8666666666666667,-0.021183319845226964,16
x_aq_vpu_top/x_aq_vpu_group_1/vpu_group_x_xx_ex1_srcv1[63:0],29,0.0009657331246461754,2.7920689655172413,1.9270572070353988,0.7931034482758621,0.13330910200860932,36
x_aq_vpu_top/x_aq_vpu_group_1/vpu_group_x_xx_ex1_srcv1_type[47:0],30,0.0009990342668753538,3.1294999999999997,2.1599486273076587,0.8,0.1279855292343095,16
x_aq_vpu_top/x_aq_vpu_group_1/vpu_group_x_xx_ex1_srcv2[63:0],10,0.00033301142229178463,1.7683,1.2204624245624327,0.4,-0.018722760431388923,34
x_aq_vpu_top/x_aq_vpu_group_1/vpu_group_x_xx_ex1_srcv2_type[47:0],10,0.00033301142229178463,1.7683,1.2204624245624327,0.4,-0.018387253439924544,13
x_aq_vpu_top/x_aq_vpu_group_1/vpu_group_x_xx_ex2_eu_sel[9:0],3,9.990342668753538e-05,5.507666666666665,3.8013347360072895,1.0,-0.006407263670766904,4
x_aq_vpu_top/x_aq_vpu_group_1/vpu_group_x_xx_ex2_func[19:0],34,0.0011322388357920678,2.7564705882352936,1.90248757414052,0.6764705882352942,0.005291436224625317,7
x_aq_vpu_top/x_aq_vpu_group_1/vpu_group_x_xx_ex2_rm[2:0],4,0.00013320456891671384,6.335749999999999,4.372869313137721,1.0,0.005339490314663723,2
x_aq_vpu_top/x_aq_vpu_group_1/vpu_group_x_xx_ex2_sel,0,0.0,0.0,0.0,0.0,,0
x_aq_vpu_top/x_aq_vpu_group_1/vpu_group_x_xx_ex2_stall,0,0.0,0.0,0.0,0.0,,0
x_aq_vpu_top/x_aq_vpu_group_1/vpu_group_x_xx_ex3_eu_sel[9:0],3,9.990342668753538e-05,5.455000000000001,3.7649847457943064,1.0,-0.006780543173505238,4
x_aq_vpu_top/x_aq_vpu_group_1/vpu_group_x_xx_ex3_func[19:0],34,0.0011322388357920678,2.2747941176470583,1.5700394413865795,0.5588235294117647,0.0048191863939793505,7
x_aq_vpu_top/x_aq_vpu_group_1/vpu_group_x_xx_ex3_rm[2:0],4,0.00013320456891671384,6.8092500000000005,4.699674130210793,1.0,0.004891039280386846,2
x_aq_vpu_top/x_aq_vpu_group_1/vpu_group_x_xx_ex3_sel,0,0.0,0.0,0.0,0.0,,0
x_aq_vpu_top/x_aq_vpu_group_1/vpu_group_x_xx_ex3_stall,0,0.0,0.0,0.0,0.0,,0
x_aq_vpu_top/x_aq_vpu_group_1/vpu_group_x_xx_ex4_eu_sel[9:0],1,3.330114222917846e-05,3.6799999999999997,2.539898050325031,1.0,-0.007006673318107183,1
x_aq_vpu_top/x_aq_vpu_group_1/vpu_group_x_xx_ex4_func[19:0],2,6.660228445835692e-05,7.126000000000001,4.918291713754395,1.0,-0.005623127396660761,5
x_aq_vpu_top/x_aq_vpu_group_1/vpu_group_x_xx_ex4_rm[2:0],2,6.660228445835692e-05,7.126000000000001,4.918291713754395,1.0,-0.005623123884273686,2
x_aq_vpu_top/x_aq_vpu_group_1/vpu_group_x_xx_ex4_sel,0,0.0,0.0,0.0,0.0,,0
x_aq_vpu_top/x_aq_vpu_group_1/vpu_group_x_xx_ex4_stall,0,0.0,0.0,0.0,0.0,,0
x_aq_vpu_top/x_aq_vpu_group_1/group_x_viq0_ex1_sel,0,0.0,0.0,0.0,0.0,,0
x_aq_vpu_top/x_aq_vpu_group_1/group_x_viq0_ex2_sel,0,0.0,0.0,0.0,0.0,,0
x_aq_vpu_top/x_aq_vpu_group_1/group_x_viq0_ex3_sel,0,0.0,0.0,0.0,0.0,,0
x_aq_vpu_top/x_aq_vpu_group_1/group_x_viq0_ex4_sel,0,0.0,0.0,0.0,0.0,,0
x_aq_vpu_top/x_aq_vpu_group_2/group_index[3:0],0,0.0,0.0,0.0,0.0,,0
x_aq_vpu_top/x_aq_vpu_group_2/viq0_xx_ex1_eu_sel[9:0],34,0.0011322388357920678,3.0589999999999997,2.111290254332682,0.7352941176470589,-0.003935442393045595,6
x_aq_vpu_top/x_aq_vpu_group_2/viq0_xx_ex1_func[19:0],44,0.0014652502580838522,3.3622954545454546,2.320621649352368,0.7954545454545454,0.005526236953928676,10
x_aq_vpu_top/x_aq_vpu_group_2/viq0_xx_ex1_gp_sel[3:0],58,0.0019314662492923508,2.6930689655172415,1.858728427964155,0.7931034482758621,0.18522291617442432,3
x_aq_vpu_top/x_aq_vpu_group_2/viq0_xx_ex1_id_reg[1:0],0,0.0,0.0,0.0,0.0,,0
x_aq_vpu_top/x_aq_vpu_group_2/viq0_xx_ex1_rm[2:0],4,0.00013320456891671384,5.792749999999998,3.9980963127772604,1.0,0.005761307260114271,2
x_aq_vpu_top/x_aq_vpu_group_2/viq0_xx_ex1_srcv0[63:0],34,0.0011322388357920678,3.199264705882353,2.2080995078652914,0.8823529411764706,-0.03007154116304795,47
x_aq_vpu_top/x_aq_vpu_group_2/viq0_xx_ex1_srcv0_type[47:0],30,0.0009990342668753538,3.311833333333334,2.2857932136779304,0.8666666666666667,-0.021183319845226964,16
x_aq_vpu_top/x_aq_vpu_group_2/viq0_xx_ex1_srcv1[63:0],29,0.0009657331246461754,2.7920689655172413,1.9270572070353988,0.7931034482758621,0.13330910200860932,36
x_aq_vpu_top/x_aq_vpu_group_2/viq0_xx_ex1_srcv1_type[47:0],30,0.0009990342668753538,3.1294999999999997,2.1599486273076587,0.8,0.1279855292343095,16
x_aq_vpu_top/x_aq_vpu_group_2/viq0_xx_ex1_srcv2[63:0],10,0.00033301142229178463,1.7683,1.2204624245624327,0.4,-0.018722760431388923,34
x_aq_vpu_top/x_aq_vpu_group_2/viq0_xx_ex1_srcv2_type[47:0],10,0.00033301142229178463,1.7683,1.2204624245624327,0.4,-0.018387253439924544,13
x_aq_vpu_top/x_aq_vpu_group_2/viq0_xx_ex2_eu_sel[9:0],3,9.990342668753538e-05,5.507666666666665,3.8013347360072895,1.0,-0.006407263670766904,4
x_aq_vpu_top/x_aq_vpu_group_2/viq0_xx_ex2_func[19:0],34,0.0011322388357920678,2.7564705882352936,1.90248757414052,0.6764705882352942,0.005291436224625317,7
x_aq_vpu_top/x_aq_vpu_group_2/viq0_xx_ex2_gp_sel[3:0],32,0.0010656365513337107,1.8602812500000003,1.2839469347639165,0.625,0.10643899077943055,1
x_aq_vpu_top/x_aq_vpu_group_2/viq0_xx_ex2_rm[2:0],4,0.00013320456891671384,6.335749999999999,4.372869313137721,1.0,0.005339490314663723,2
x_aq_vpu_top/x_aq_vpu_group_2/viq0_xx_ex2_stall,0,0.0,0.0,0.0,0.0,,0
x_aq_vpu_top/x_aq_vpu_group_2/viq0_xx_ex3_eu_sel[9:0],3,9.990342668753538e-05,5.455000000000001,3.7649847457943064,1.0,-0.006780543173505238,4
x_aq_vpu_top/x_aq_vpu_group_2/viq0_xx_ex3_func[19:0],34,0.0011322388357920678,2.2747941176470583,1.5700394413865795,0.5588235294117647,0.0048191863939793505,7
x_aq_vpu_top/x_aq_vpu_group_2/viq0_xx_ex3_gp_sel[3:0],32,0.0010656365513337107,2.23721875,1.54410531012924,0.46875,0.09634909859394149,1
x_aq_vpu_top/x_aq_vpu_group_2/viq0_xx_ex3_rm[2:0],4,0.00013320456891671384,6.8092500000000005,4.699674130210793,1.0,0.004891039280386846,2
x_aq_vpu_top/x_aq_vpu_group_2/viq0_xx_ex3_stall,0,0.0,0.0,0.0,0.0,,0
x_aq_vpu_top/x_aq_vpu_group_2/viq0_xx_ex4_eu_sel[9:0],1,3.330114222917846e-05,3.6799999999999997,2.539898050325031,1.0,-0.007006673318107183,1
x_aq_vpu_top/x_aq_vpu_group_2/viq0_xx_ex4_func[19:0],2,6.660228445835692e-05,7.126000000000001,4.918291713754395,1.0,-0.005623127396660761,5
x_aq_vpu_top/x_aq_vpu_group_2/viq0_xx_ex4_gp_sel[3:0],0,0.0,0.0,0.0,0.0,,0
x_aq_vpu_top/x_aq_vpu_group_2/viq0_xx_ex4_rm[2:0],2,6.660228445835692e-05,7.126000000000001,4.918291713754395,1.0,-0.005623123884273686,2
x_aq_vpu_top/x_aq_vpu_group_2/viq0_xx_ex4_stall,0,0.0,0.0,0.0,0.0,,0
x_aq_vpu_top/x_aq_vpu_group_2/vpu_group_x_xx_ex1_eu_sel[9:0],34,0.0011322388357920678,3.0589999999999997,2.111290254332682,0.7352941176470589,-0.003935442393045595,6
x_aq_vpu_top/x_aq_vpu_group_2/vpu_group_x_xx_ex1_func[19:0],44,0.0014652502580838522,3.3622954545454546,2.320621649352368,0.7954545454545454,0.005526236953928676,10
x_aq_vpu_top/x_aq_vpu_group_2/vpu_group_x_xx_ex1_id_reg[1:0],0,0.0,0.0,0.0,0.0,,0
x_aq_vpu_top/x_aq_vpu_group_2/vpu_group_x_xx_ex1_rm[2:0],4,0.00013320456891671384,5.792749999999998,3.9980963127772604,1.0,0.005761307260114271,2
x_aq_vpu_top/x_aq_vpu_group_2/vpu_group_x_xx_ex1_sel,0,0.0,0.0,0.0,0.0,,0
x_aq_vpu_top/x_aq_vpu_group_2/vpu_group_x_xx_ex1_srcv0[63:0],34,0.0011322388357920678,3.199264705882353,2.2080995078652914,0.8823529411764706,-0.03007154116304795,47
x_aq_vpu_top/x_aq_vpu_group_2/vpu_group_x_xx_ex1_srcv0_type[47:0],30,0.0009990342668753538,3.311833333333334,2.2857932136779304,0.8666666666666667,-0.021183319845226964,16
x_aq_vpu_top/x_aq_vpu_group_2/vpu_group_x_xx_ex1_srcv1[63:0],29,0.0009657331246461754,2.7920689655172413,1.9270572070353988,0.7931034482758621,0.13330910200860932,36
x_aq_vpu_top/x_aq_vpu_group_2/vpu_group_x_xx_ex1_srcv1_type[47:0],30,0.0009990342668753538,3.1294999999999997,2.1599486273076587,0.8,0.1279855292343095,16
x_aq_vpu_top/x_aq_vpu_group_2/vpu_group_x_xx_ex1_srcv2[63:0],10,0.00033301142229178463,1.7683,1.2204624245624327,0.4,-0.018722760431388923,34
x_aq_vpu_top/x_aq_vpu_group_2/vpu_group_x_xx_ex1_srcv2_type[47:0],10,0.00033301142229178463,1.7683,1.2204624245624327,0.4,-0.018387253439924544,13
x_aq_vpu_top/x_aq_vpu_group_2/vpu_group_x_xx_ex2_eu_sel[9:0],3,9.990342668753538e-05,5.507666666666665,3.8013347360072895,1.0,-0.006407263670766904,4
x_aq_vpu_top/x_aq_vpu_group_2/vpu_group_x_xx_ex2_func[19:0],34,0.0011322388357920678,2.7564705882352936,1.90248757414052,0.6764705882352942,0.005291436224625317,7
x_aq_vpu_top/x_aq_vpu_group_2/vpu_group_x_xx_ex2_rm[2:0],4,0.00013320456891671384,6.335749999999999,4.372869313137721,1.0,0.005339490314663723,2
x_aq_vpu_top/x_aq_vpu_group_2/vpu_group_x_xx_ex2_sel,0,0.0,0.0,0.0,0.0,,0
x_aq_vpu_top/x_aq_vpu_group_2/vpu_group_x_xx_ex2_stall,0,0.0,0.0,0.0,0.0,,0
x_aq_vpu_top/x_aq_vpu_group_2/vpu_group_x_xx_ex3_eu_sel[9:0],3,9.990342668753538e-05,5.455000000000001,3.7649847457943064,1.0,-0.006780543173505238,4
x_aq_vpu_top/x_aq_vpu_group_2/vpu_group_x_xx_ex3_func[19:0],34,0.0011322388357920678,2.2747941176470583,1.5700394413865795,0.5588235294117647,0.0048191863939793505,7
x_aq_vpu_top/x_aq_vpu_group_2/vpu_group_x_xx_ex3_rm[2:0],4,0.00013320456891671384,6.8092500000000005,4.699674130210793,1.0,0.004891039280386846,2
x_aq_vpu_top/x_aq_vpu_group_2/vpu_group_x_xx_ex3_sel,0,0.0,0.0,0.0,0.0,,0
x_aq_vpu_top/x_aq_vpu_group_2/vpu_group_x_xx_ex3_stall,0,0.0,0.0,0.0,0.0,,0
x_aq_vpu_top/x_aq_vpu_group_2/vpu_group_x_xx_ex4_eu_sel[9:0],1,3.330114222917846e-05,3.6799999999999997,2.539898050325031,1.0,-0.007006673318107183,1
x_aq_vpu_top/x_aq_vpu_group_2/vpu_group_x_xx_ex4_func[19:0],2,6.660228445835692e-05,7.126000000000001,4.918291713754395,1.0,-0.005623127396660761,5
x_aq_vpu_top/x_aq_vpu_group_2/vpu_group_x_xx_ex4_rm[2:0],2,6.660228445835692e-05,7.126000000000001,4.918291713754395,1.0,-0.005623123884273686,2
x_aq_vpu_top/x_aq_vpu_group_2/vpu_group_x_xx_ex4_sel,0,0.0,0.0,0.0,0.0,,0
x_aq_vpu_top/x_aq_vpu_group_2/vpu_group_x_xx_ex4_stall,0,0.0,0.0,0.0,0.0,,0
x_aq_vpu_top/x_aq_vpu_group_2/group_x_viq0_ex1_sel,0,0.0,0.0,0.0,0.0,,0
x_aq_vpu_top/x_aq_vpu_group_2/group_x_viq0_ex2_sel,0,0.0,0.0,0.0,0.0,,0
x_aq_vpu_top/x_aq_vpu_group_2/group_x_viq0_ex3_sel,0,0.0,0.0,0.0,0.0,,0
x_aq_vpu_top/x_aq_vpu_group_2/group_x_viq0_ex4_sel,0,0.0,0.0,0.0,0.0,,0
x_aq_vpu_top/x_aq_vpu_group_3/group_index[3:0],0,0.0,0.0,0.0,0.0,,0
x_aq_vpu_top/x_aq_vpu_group_3/viq0_xx_ex1_eu_sel[9:0],34,0.0011322388357920678,3.0589999999999997,2.111290254332682,0.7352941176470589,-0.003935442393045595,6
x_aq_vpu_top/x_aq_vpu_group_3/viq0_xx_ex1_func[19:0],44,0.0014652502580838522,3.3622954545454546,2.320621649352368,0.7954545454545454,0.005526236953928676,10
x_aq_vpu_top/x_aq_vpu_group_3/viq0_xx_ex1_gp_sel[3:0],58,0.0019314662492923508,2.6930689655172415,1.858728427964155,0.7931034482758621,0.18522291617442432,3
x_aq_vpu_top/x_aq_vpu_group_3/viq0_xx_ex1_id_reg[1:0],0,0.0,0.0,0.0,0.0,,0
x_aq_vpu_top/x_aq_vpu_group_3/viq0_xx_ex1_rm[2:0],4,0.00013320456891671384,5.792749999999998,3.9980963127772604,1.0,0.005761307260114271,2
x_aq_vpu_top/x_aq_vpu_group_3/viq0_xx_ex1_srcv0[63:0],34,0.0011322388357920678,3.199264705882353,2.2080995078652914,0.8823529411764706,-0.03007154116304795,47
x_aq_vpu_top/x_aq_vpu_group_3/viq0_xx_ex1_srcv0_type[47:0],30,0.0009990342668753538,3.311833333333334,2.2857932136779304,0.8666666666666667,-0.021183319845226964,16
x_aq_vpu_top/x_aq_vpu_group_3/viq0_xx_ex1_srcv1[63:0],29,0.0009657331246461754,2.7920689655172413,1.9270572070353988,0.7931034482758621,0.13330910200860932,36
x_aq_vpu_top/x_aq_vpu_group_3/viq0_xx_ex1_srcv1_type[47:0],30,0.0009990342668753538,3.1294999999999997,2.1599486273076587,0.8,0.1279855292343095,16
x_aq_vpu_top/x_aq_vpu_group_3/viq0_xx_ex1_srcv2[63:0],10,0.00033301142229178463,1.7683,1.2204624245624327,0.4,-0.018722760431388923,34
x_aq_vpu_top/x_aq_vpu_group_3/viq0_xx_ex1_srcv2_type[47:0],10,0.00033301142229178463,1.7683,1.2204624245624327,0.4,-0.018387253439924544,13
x_aq_vpu_top/x_aq_vpu_group_3/viq0_xx_ex2_eu_sel[9:0],3,9.990342668753538e-05,5.507666666666665,3.8013347360072895,1.0,-0.006407263670766904,4
x_aq_vpu_top/x_aq_vpu_group_3/viq0_xx_ex2_func[19:0],34,0.0011322388357920678,2.7564705882352936,1.90248757414052,0.6764705882352942,0.005291436224625317,7
x_aq_vpu_top/x_aq_vpu_group_3/viq0_xx_ex2_gp_sel[3:0],32,0.0010656365513337107,1.8602812500000003,1.2839469347639165,0.625,0.10643899077943055,1
x_aq_vpu_top/x_aq_vpu_group_3/viq0_xx_ex2_rm[2:0],4,0.00013320456891671384,6.335749999999999,4.372869313137721,1.0,0.005339490314663723,2
x_aq_vpu_top/x_aq_vpu_group_3/viq0_xx_ex2_stall,0,0.0,0.0,0.0,0.0,,0
x_aq_vpu_top/x_aq_vpu_group_3/viq0_xx_ex3_eu_sel[9:0],3,9.990342668753538e-05,5.455000000000001,3.7649847457943064,1.0,-0.006780543173505238,4
x_aq_vpu_top/x_aq_vpu_group_3/viq0_xx_ex3_func[19:0],34,0.0011322388357920678,2.2747941176470583,1.5700394413865795,0.5588235294117647,0.0048191863939793505,7
x_aq_vpu_top/x_aq_vpu_group_3/viq0_xx_ex3_gp_sel[3:0],32,0.0010656365513337107,2.23721875,1.54410531012924,0.46875,0.09634909859394149,1
x_aq_vpu_top/x_aq_vpu_group_3/viq0_xx_ex3_rm[2:0],4,0.00013320456891671384,6.8092500000000005,4.699674130210793,1.0,0.004891039280386846,2
x_aq_vpu_top/x_aq_vpu_group_3/viq0_xx_ex3_stall,0,0.0,0.0,0.0,0.0,,0
x_aq_vpu_top/x_aq_vpu_group_3/viq0_xx_ex4_eu_sel[9:0],1,3.330114222917846e-05,3.6799999999999997,2.539898050325031,1.0,-0.007006673318107183,1
x_aq_vpu_top/x_aq_vpu_group_3/viq0_xx_ex4_func[19:0],2,6.660228445835692e-05,7.126000000000001,4.918291713754395,1.0,-0.005623127396660761,5
x_aq_vpu_top/x_aq_vpu_group_3/viq0_xx_ex4_gp_sel[3:0],0,0.0,0.0,0.0,0.0,,0
x_aq_vpu_top/x_aq_vpu_group_3/viq0_xx_ex4_rm[2:0],2,6.660228445835692e-05,7.126000000000001,4.918291713754395,1.0,-0.005623123884273686,2
x_aq_vpu_top/x_aq_vpu_group_3/viq0_xx_ex4_stall,0,0.0,0.0,0.0,0.0,,0
x_aq_vpu_top/x_aq_vpu_group_3/vpu_group_x_xx_ex1_eu_sel[9:0],34,0.0011322388357920678,3.0589999999999997,2.111290254332682,0.7352941176470589,-0.003935442393045595,6
x_aq_vpu_top/x_aq_vpu_group_3/vpu_group_x_xx_ex1_func[19:0],44,0.0014652502580838522,3.3622954545454546,2.320621649352368,0.7954545454545454,0.005526236953928676,10
x_aq_vpu_top/x_aq_vpu_group_3/vpu_group_x_xx_ex1_id_reg[1:0],0,0.0,0.0,0.0,0.0,,0
x_aq_vpu_top/x_aq_vpu_group_3/vpu_group_x_xx_ex1_rm[2:0],4,0.00013320456891671384,5.792749999999998,3.9980963127772604,1.0,0.005761307260114271,2
x_aq_vpu_top/x_aq_vpu_group_3/vpu_group_x_xx_ex1_sel,12,0.00039961370675014153,1.7017499999999994,1.1745303008534294,0.5,0.10079235848009988,1
x_aq_vpu_top/x_aq_vpu_group_3/vpu_group_x_xx_ex1_srcv0[63:0],34,0.0011322388357920678,3.199264705882353,2.2080995078652914,0.8823529411764706,-0.03007154116304795,47
x_aq_vpu_top/x_aq_vpu_group_3/vpu_group_x_xx_ex1_srcv0_type[47:0],30,0.0009990342668753538,3.311833333333334,2.2857932136779304,0.8666666666666667,-0.021183319845226964,16
x_aq_vpu_top/x_aq_vpu_group_3/vpu_group_x_xx_ex1_srcv1[63:0],29,0.0009657331246461754,2.7920689655172413,1.9270572070353988,0.7931034482758621,0.13330910200860932,36
x_aq_vpu_top/x_aq_vpu_group_3/vpu_group_x_xx_ex1_srcv1_type[47:0],30,0.0009990342668753538,3.1294999999999997,2.1599486273076587,0.8,0.1279855292343095,16
x_aq_vpu_top/x_aq_vpu_group_3/vpu_group_x_xx_ex1_srcv2[63:0],10,0.00033301142229178463,1.7683,1.2204624245624327,0.4,-0.018722760431388923,34
x_aq_vpu_top/x_aq_vpu_group_3/vpu_group_x_xx_ex1_srcv2_type[47:0],10,0.00033301142229178463,1.7683,1.2204624245624327,0.4,-0.018387253439924544,13
x_aq_vpu_top/x_aq_vpu_group_3/vpu_group_x_xx_ex2_eu_sel[9:0],3,9.990342668753538e-05,5.507666666666665,3.8013347360072895,1.0,-0.006407263670766904,4
x_aq_vpu_top/x_aq_vpu_group_3/vpu_group_x_xx_ex2_func[19:0],34,0.0011322388357920678,2.7564705882352936,1.90248757414052,0.6764705882352942,0.005291436224625317,7
x_aq_vpu_top/x_aq_vpu_group_3/vpu_group_x_xx_ex2_rm[2:0],4,0.00013320456891671384,6.335749999999999,4.372869313137721,1.0,0.005339490314663723,2
x_aq_vpu_top/x_aq_vpu_group_3/vpu_group_x_xx_ex2_sel,0,0.0,0.0,0.0,0.0,,0
x_aq_vpu_top/x_aq_vpu_group_3/vpu_group_x_xx_ex2_stall,0,0.0,0.0,0.0,0.0,,0
x_aq_vpu_top/x_aq_vpu_group_3/vpu_group_x_xx_ex3_eu_sel[9:0],3,9.990342668753538e-05,5.455000000000001,3.7649847457943064,1.0,-0.006780543173505238,4
x_aq_vpu_top/x_aq_vpu_group_3/vpu_group_x_xx_ex3_func[19:0],34,0.0011322388357920678,2.2747941176470583,1.5700394413865795,0.5588235294117647,0.0048191863939793505,7
x_aq_vpu_top/x_aq_vpu_group_3/vpu_group_x_xx_ex3_rm[2:0],4,0.00013320456891671384,6.8092500000000005,4.699674130210793,1.0,0.004891039280386846,2
x_aq_vpu_top/x_aq_vpu_group_3/vpu_group_x_xx_ex3_sel,0,0.0,0.0,0.0,0.0,,0
x_aq_vpu_top/x_aq_vpu_group_3/vpu_group_x_xx_ex3_stall,0,0.0,0.0,0.0,0.0,,0
x_aq_vpu_top/x_aq_vpu_group_3/vpu_group_x_xx_ex4_eu_sel[9:0],1,3.330114222917846e-05,3.6799999999999997,2.539898050325031,1.0,-0.007006673318107183,1
x_aq_vpu_top/x_aq_vpu_group_3/vpu_group_x_xx_ex4_func[19:0],2,6.660228445835692e-05,7.126000000000001,4.918291713754395,1.0,-0.005623127396660761,5
x_aq_vpu_top/x_aq_vpu_group_3/vpu_group_x_xx_ex4_rm[2:0],2,6.660228445835692e-05,7.126000000000001,4.918291713754395,1.0,-0.005623123884273686,2
x_aq_vpu_top/x_aq_vpu_group_3/vpu_group_x_xx_ex4_sel,0,0.0,0.0,0.0,0.0,,0
x_aq_vpu_top/x_aq_vpu_group_3/vpu_group_x_xx_ex4_stall,0,0.0,0.0,0.0,0.0,,0
x_aq_vpu_top/x_aq_vpu_group_3/group_x_viq0_ex1_sel,12,0.00039961370675014153,1.7017499999999994,1.1745303008534294,0.5,0.10079235848009988,1
x_aq_vpu_top/x_aq_vpu_group_3/group_x_viq0_ex2_sel,0,0.0,0.0,0.0,0.0,,0
x_aq_vpu_top/x_aq_vpu_group_3/group_x_viq0_ex3_sel,0,0.0,0.0,0.0,0.0,,0
x_aq_vpu_top/x_aq_vpu_group_3/group_x_viq0_ex4_sel,0,0.0,0.0,0.0,0.0,,0
x_aq_vpu_top/x_aq_vpu_viq0_dp/cp0_vpu_icg_en,0,0.0,0.0,0.0,0.0,,0
x_aq_vpu_top/x_aq_vpu_viq0_dp/cp0_vpu_xx_bf16,0,0.0,0.0,0.0,0.0,,0
x_aq_vpu_top/x_aq_vpu_viq0_dp/cp0_vpu_xx_rm[2:0],0,0.0,0.0,0.0,0.0,,0
x_aq_vpu_top/x_aq_vpu_viq0_dp/cp0_yy_clk_en,1,3.330114222917846e-05,2.862,1.9753228858777825,0.0,0.004988007030259691,1
x_aq_vpu_top/x_aq_vpu_viq0_dp/cpurst_b,3,9.990342668753538e-05,1.553333333333334,1.0720946480538631,0.0,-0.0005091736528365816,1
x_aq_vpu_top/x_aq_vpu_viq0_dp/forever_cpuclk,0,0.0,0.0,0.0,0.0,,0
x_aq_vpu_top/x_aq_vpu_viq0_dp/handle_double_vpu,0,0.0,0.0,0.0,0.0,,0
x_aq_vpu_top/x_aq_vpu_viq0_dp/handle_scalar_fpu,0,0.0,0.0,0.0,0.0,,0
x_aq_vpu_top/x_aq_vpu_viq0_dp/ifu_vpu_warm_up,2,6.660228445835692e-05,8.55,5.901121828880168,1.0,0.17944175952243305,1
x_aq_vpu_top/x_aq_vpu_viq0_dp/pad_yy_icg_scan_en,0,0.0,0.0,0.0,0.0,,0
x_aq_vpu_top/x_aq_vpu_viq0_dp/rbus_viqx_ex3_fpr_wb_grnt,17,0.0005661194178960339,2.363882352941177,1.6315272226720223,0.47058823529411764,-0.029880920939052077,1
x_aq_vpu_top/x_aq_vpu_viq0_dp/rbus_viqx_ex3_gpr_wb_grnt,1062,0.03536581304738753,1.4097457627118646,0.9729919875450649,0.05555555555555555,-0.007722648853950727,1
x_aq_vpu_top/x_aq_vpu_viq0_dp/rbus_viqx_ex4_fpr_wb_grnt,17,0.0005661194178960339,2.363882352941177,1.6315272226720223,0.47058823529411764,-0.029880920939052077,1
x_aq_vpu_top/x_aq_vpu_viq0_dp/rbus_viqx_ex5_fpr_wb_grnt,17,0.0005661194178960339,2.363882352941177,1.6315272226720223,0.47058823529411764,-0.029880920939052077,1
x_aq_vpu_top/x_aq_vpu_viq0_dp/rtu_yy_xx_async_flush,0,0.0,0.0,0.0,0.0,,0
x_aq_vpu_top/x_aq_vpu_viq0_dp/vfalu_vpu_ex1_denormal_stall,0,0.0,0.0,0.0,0.0,,0
x_aq_vpu_top/x_aq_vpu_viq0_dp/vfalu_vpu_ex2_gpr_result[63:0],0,0.0,0.0,0.0,0.0,,0
x_aq_vpu_top/x_aq_vpu_viq0_dp/vfalu_vpu_ex2_result_ready_in_ex3,1,3.330114222917846e-05,10.872,7.503742283460255,1.0,-0.003229515705865712,1
x_aq_vpu_top/x_aq_vpu_viq0_dp/vfalu_vpu_ex3_fflags[4:0],0,0.0,0.0,0.0,0.0,,0
x_aq_vpu_top/x_aq_vpu_viq0_dp/vfalu_vpu_ex3_result_ready_in_ex4,0,0.0,0.0,0.0,0.0,,0
x_aq_vpu_top/x_aq_vpu_viq0_dp/vfalu_vpu_ex4_fflags[4:0],0,0.0,0.0,0.0,0.0,,0
x_aq_vpu_top/x_aq_vpu_viq0_dp/vfalu_vpu_ex4_fpr_result[63:0],0,0.0,0.0,0.0,0.0,,0
x_aq_vpu_top/x_aq_vpu_viq0_dp/vfcvt_vpu_ex2_gpr_result[63:0],0,0.0,0.0,0.0,0.0,,0
x_aq_vpu_top/x_aq_vpu_viq0_dp/vfcvt_vpu_ex3_fflags[4:0],0,0.0,0.0,0.0,0.0,,0
x_aq_vpu_top/x_aq_vpu_viq0_dp/vfdsu_vpu_busy,0,0.0,0.0,0.0,0.0,,0
x_aq_vpu_top/x_aq_vpu_viq0_dp/vfdsu_vpu_ex1_denormal_stall,0,0.0,0.0,0.0,0.0,,0
x_aq_vpu_top/x_aq_vpu_viq0_dp/vfdsu_vpu_state_idle,1,3.330114222917846e-05,2.862,1.9753228858777825,0.0,0.004988007030259691,1
x_aq_vpu_top/x_aq_vpu_viq0_dp/vfmau_vpu_ex2_result_ready_in_ex3,0,0.0,0.0,0.0,0.0,,0
x_aq_vpu_top/x_aq_vpu_viq0_dp/vfmau_vpu_ex3_fflags[4:0],0,0.0,0.0,0.0,0.0,,0
x_aq_vpu_top/x_aq_vpu_viq0_dp/vfmau_vpu_ex3_result_ready_in_ex4,0,0.0,0.0,0.0,0.0,,0
x_aq_vpu_top/x_aq_vpu_viq0_dp/vfmau_vpu_ex4_fflags[4:0],0,0.0,0.0,0.0,0.0,,0
x_aq_vpu_top/x_aq_vpu_viq0_dp/vfmau_vpu_ex4_fpr_result[63:0],2,6.660228445835692e-05,7.126000000000001,4.918291713754395,1.0,-0.005623123884273963,32
x_aq_vpu_top/x_aq_vpu_viq0_dp/vfmau_vpu_ex5_fflags[4:0],0,0.0,0.0,0.0,0.0,,0
x_aq_vpu_top/x_aq_vpu_viq0_dp/vfmau_vpu_ex5_fpr_result[63:0],0,0.0,0.0,0.0,0.0,,0
x_aq_vpu_top/x_aq_vpu_viq0_dp/vfspu_vpu_ex2_result[63:0],16,0.0005328182756668553,2.1860625,1.5087977939235497,0.6875,-0.01980798855558884,34
x_aq_vpu_top/x_aq_vpu_viq0_dp/vidu_vpu_vid_fp_inst_dp_vld,20,0.0006660228445835693,3.13685,2.165021521511433,0.95,0.12273902607606196,1
x_aq_vpu_top/x_aq_vpu_viq0_dp/vidu_vpu_vid_fp_inst_dst_reg[5:0],2439,0.08122148589696626,1.4644637146371464,1.010757753689848,0.07462074620746208,0.015605875652682415,5
x_aq_vpu_top/x_aq_vpu_viq0_dp/vidu_vpu_vid_fp_inst_dst_vld,935,0.03113656798428186,1.5050716577540109,1.0387849372632811,0.07807486631016043,0.0030599235942554022,1
x_aq_vpu_top/x_aq_vpu_viq0_dp/vidu_vpu_vid_fp_inst_dste_vld,8,0.00026640913783342767,1.084625,0.7485969899004855,0.0,0.0007580868950853868,1
x_aq_vpu_top/x_aq_vpu_viq0_dp/vidu_vpu_vid_fp_inst_dstf_reg[4:0],2439,0.08122148589696626,1.4641931119311196,1.0105709864927148,0.07257072570725707,0.01673656121770118,5
x_aq_vpu_top/x_aq_vpu_viq0_dp/vidu_vpu_vid_fp_inst_dstf_vld,20,0.0006660228445835693,1.6424999999999996,1.1336365618638213,0.2,0.0006803991595037275,1
x_aq_vpu_top/x_aq_vpu_viq0_dp/vidu_vpu_vid_fp_inst_eu[9:0],1512,0.050351327050517834,1.4894312169312172,1.0279900662980535,0.0873015873015873,0.07548216699999781,6
x_aq_vpu_top/x_aq_vpu_viq0_dp/vidu_vpu_vid_fp_inst_func[19:0],3390,0.11289087215691498,1.466367551622419,1.0120717623439324,0.06637168141592921,0.002170107981978447,11
x_aq_vpu_top/x_aq_vpu_viq0_dp/vidu_vpu_vid_fp_inst_gateclk_vld,16,0.0005328182756668553,3.69125,2.5476626843103998,0.9375,0.1261783958528158,1
x_aq_vpu_top/x_aq_vpu_viq0_dp/vidu_vpu_vid_fp_inst_src1_data[63:0],3538,0.1178194412068334,1.474381288863765,1.017602761146952,0.06896551724137931,0.015891299399598737,64
x_aq_vpu_top/x_aq_vpu_viq0_dp/vidu_vpu_vid_fp_inst_srcf0_data[63:0],132,0.0043957507742515564,1.6381136363636366,1.1306091389159911,0.2803030303030303,0.01912164284602528,47
x_aq_vpu_top/x_aq_vpu_viq0_dp/vidu_vpu_vid_fp_inst_srcf1_data[63:0],331,0.01102267807785807,1.630558912386707,1.125394946334538,0.18731117824773413,-5.500609221731895e-05,47
x_aq_vpu_top/x_aq_vpu_viq0_dp/vidu_vpu_vid_fp_inst_srcf2_data[63:0],272,0.009057910686336542,1.6176323529411767,1.1164731683092357,0.18382352941176472,-0.006759686047914851,47
x_aq_vpu_top/x_aq_vpu_viq0_dp/vidu_vpu_vid_fp_inst_srcf2_rdy,17,0.0005661194178960339,3.626764705882353,2.5031555993093,0.6470588235294118,-0.10798575506734688,1
x_aq_vpu_top/x_aq_vpu_viq0_dp/vidu_vpu_vid_fp_inst_srcf2_vld,8,0.00026640913783342767,1.3932500000000003,0.9616067822324321,0.0,0.00038804955979262573,1
x_aq_vpu_top/x_aq_vpu_viq0_dp/vidu_vpu_vid_fp_inst_vld,16,0.0005328182756668553,3.3801249999999996,2.3329274177594823,0.6875,0.1320408338538662,1
x_aq_vpu_top/x_aq_vpu_viq0_dp/viqs_xx_ex1_vint_sel,0,0.0,0.0,0.0,0.0,,0
x_aq_vpu_top/x_aq_vpu_viq0_dp/viqs_xx_ex2_vint_result_ready,0,0.0,0.0,0.0,0.0,,0
x_aq_vpu_top/x_aq_vpu_viq0_dp/viqs_xx_ex2_vint_sel,0,0.0,0.0,0.0,0.0,,0
x_aq_vpu_top/x_aq_vpu_viq0_dp/viqs_xx_ex3_vint_pipedown,0,0.0,0.0,0.0,0.0,,0
x_aq_vpu_top/x_aq_vpu_viq0_dp/viqs_xx_ex5_stall,0,0.0,0.0,0.0,0.0,,0
x_aq_vpu_top/x_aq_vpu_viq0_dp/viqx_rbus_ex3_fflags[5:0],0,0.0,0.0,0.0,0.0,,0
x_aq_vpu_top/x_aq_vpu_viq0_dp/viqx_rbus_ex3_fflags_vld,0,0.0,0.0,0.0,0.0,,0
x_aq_vpu_top/x_aq_vpu_viq0_dp/viqx_rbus_ex3_fpr_wb_data[63:0],16,0.0005328182756668553,1.9386874999999995,1.3380621199563878,0.625,-0.01969925684748477,34
x_aq_vpu_top/x_aq_vpu_viq0_dp/viqx_rbus_ex3_fpr_wb_index[4:0],34,0.0011322388357920678,2.2747941176470583,1.5700394413865795,0.5588235294117647,-0.020388051296980975,5
x_aq_vpu_top/x_aq_vpu_viq0_dp/viqx_rbus_ex3_fpr_wb_req,0,0.0,0.0,0.0,0.0,,0
x_aq_vpu_top/x_aq_vpu_viq0_dp/viqx_rbus_ex3_fpu_wb_sel[2:0],0,0.0,0.0,0.0,0.0,,0
x_aq_vpu_top/x_aq_vpu_viq0_dp/viqx_rbus_ex3_gpr_wb_data[63:0],16,0.0005328182756668553,1.9386874999999995,1.3380621199563878,0.625,-0.01969925684748477,34
x_aq_vpu_top/x_aq_vpu_viq0_dp/viqx_rbus_ex3_gpr_wb_index[5:0],34,0.0011322388357920678,2.2747941176470583,1.5700394413865795,0.5588235294117647,-0.020388051296980975,5
x_aq_vpu_top/x_aq_vpu_viq0_dp/viqx_rbus_ex3_gpr_wb_req,0,0.0,0.0,0.0,0.0,,0
x_aq_vpu_top/x_aq_vpu_viq0_dp/viqx_rbus_ex4_fflags[5:0],0,0.0,0.0,0.0,0.0,,0
x_aq_vpu_top/x_aq_vpu_viq0_dp/viqx_rbus_ex4_fflags_vld,0,0.0,0.0,0.0,0.0,,0
x_aq_vpu_top/x_aq_vpu_viq0_dp/viqx_rbus_ex4_fpr_wb_data[63:0],0,0.0,0.0,0.0,0.0,,0
x_aq_vpu_top/x_aq_vpu_viq0_dp/viqx_rbus_ex4_fpr_wb_index[4:0],2,6.660228445835692e-05,7.126000000000001,4.918291713754395,1.0,-0.005623123884274106,2
x_aq_vpu_top/x_aq_vpu_viq0_dp/viqx_rbus_ex4_fpr_wb_req,0,0.0,0.0,0.0,0.0,,0
x_aq_vpu_top/x_aq_vpu_viq0_dp/viqx_rbus_ex5_fflags[5:0],0,0.0,0.0,0.0,0.0,,0
x_aq_vpu_top/x_aq_vpu_viq0_dp/viqx_rbus_ex5_fflags_vld,0,0.0,0.0,0.0,0.0,,0
x_aq_vpu_top/x_aq_vpu_viq0_dp/viqx_rbus_ex5_fpr_wb_data[63:0],0,0.0,0.0,0.0,0.0,,0
x_aq_vpu_top/x_aq_vpu_viq0_dp/viqx_rbus_ex5_fpr_wb_index[4:0],2,6.660228445835692e-05,2.3000000000000007,1.5874362814531449,1.0,-0.008084679959510182,2
x_aq_vpu_top/x_aq_vpu_viq0_dp/viqx_rbus_ex5_fpr_wb_req,0,0.0,0.0,0.0,0.0,,0
x_aq_vpu_top/x_aq_vpu_viq0_dp/viqx_xx_ex1_eu_sel[9:0],34,0.0011322388357920678,3.0589999999999997,2.111290254332682,0.7352941176470589,-0.003935442393045595,6
x_aq_vpu_top/x_aq_vpu_viq0_dp/viqx_xx_ex1_func[19:0],44,0.0014652502580838522,3.3622954545454546,2.320621649352368,0.7954545454545454,0.005526236953928676,10
x_aq_vpu_top/x_aq_vpu_viq0_dp/viqx_xx_ex1_gp_sel[3:0],58,0.0019314662492923508,2.6930689655172415,1.858728427964155,0.7931034482758621,0.18522291617442432,3
x_aq_vpu_top/x_aq_vpu_viq0_dp/viqx_xx_ex1_id_reg[1:0],0,0.0,0.0,0.0,0.0,,0
x_aq_vpu_top/x_aq_vpu_viq0_dp/viqx_xx_ex1_lsu_inst_vld,12,0.00039961370675014153,1.7017499999999994,1.1745303008534294,0.5,0.10079235848009988,1
x_aq_vpu_top/x_aq_vpu_viq0_dp/viqx_xx_ex1_rm[2:0],4,0.00013320456891671384,5.792749999999998,3.9980963127772604,1.0,0.005761307260114271,2
x_aq_vpu_top/x_aq_vpu_viq0_dp/viqx_xx_ex1_srcv0[63:0],34,0.0011322388357920678,3.199264705882353,2.2080995078652914,0.8823529411764706,-0.03007154116304795,47
x_aq_vpu_top/x_aq_vpu_viq0_dp/viqx_xx_ex1_srcv0_type[47:0],30,0.0009990342668753538,3.311833333333334,2.2857932136779304,0.8666666666666667,-0.021183319845226964,16
x_aq_vpu_top/x_aq_vpu_viq0_dp/viqx_xx_ex1_srcv1[63:0],29,0.0009657331246461754,2.7920689655172413,1.9270572070353988,0.7931034482758621,0.13330910200860932,36
x_aq_vpu_top/x_aq_vpu_viq0_dp/viqx_xx_ex1_srcv1_type[47:0],30,0.0009990342668753538,3.1294999999999997,2.1599486273076587,0.8,0.1279855292343095,16
x_aq_vpu_top/x_aq_vpu_viq0_dp/viqx_xx_ex1_srcv2[63:0],10,0.00033301142229178463,1.7683,1.2204624245624327,0.4,-0.018722760431388923,34
x_aq_vpu_top/x_aq_vpu_viq0_dp/viqx_xx_ex1_srcv2_ready,17,0.0005661194178960339,2.281882352941177,1.57493166828978,0.8235294117647058,-0.018891379404510043,1
x_aq_vpu_top/x_aq_vpu_viq0_dp/viqx_xx_ex1_srcv2_type[47:0],10,0.00033301142229178463,1.7683,1.2204624245624327,0.4,-0.018387253439924544,13
x_aq_vpu_top/x_aq_vpu_viq0_dp/viqx_xx_ex1_stall,0,0.0,0.0,0.0,0.0,,0
x_aq_vpu_top/x_aq_vpu_viq0_dp/viqx_xx_ex1_vreg[6:0],36,0.0011988411202504246,3.0766388888888887,2.123464433544309,0.7777777777777778,-0.01090249021200905,5
x_aq_vpu_top/x_aq_vpu_viq0_dp/viqx_xx_ex2_eu_sel[9:0],3,9.990342668753538e-05,5.507666666666665,3.8013347360072895,1.0,-0.006407263670766904,4
x_aq_vpu_top/x_aq_vpu_viq0_dp/viqx_xx_ex2_func[19:0],34,0.0011322388357920678,2.7564705882352936,1.90248757414052,0.6764705882352942,0.005291436224625317,7
x_aq_vpu_top/x_aq_vpu_viq0_dp/viqx_xx_ex2_gp_sel[3:0],32,0.0010656365513337107,1.8602812500000003,1.2839469347639165,0.625,0.10643899077943055,1
x_aq_vpu_top/x_aq_vpu_viq0_dp/viqx_xx_ex2_rm[2:0],4,0.00013320456891671384,6.335749999999999,4.372869313137721,1.0,0.005339490314663723,2
x_aq_vpu_top/x_aq_vpu_viq0_dp/viqx_xx_ex2_stall,0,0.0,0.0,0.0,0.0,,0
x_aq_vpu_top/x_aq_vpu_viq0_dp/viqx_xx_ex3_eu_sel[9:0],3,9.990342668753538e-05,5.455000000000001,3.7649847457943064,1.0,-0.006780543173505238,4
x_aq_vpu_top/x_aq_vpu_viq0_dp/viqx_xx_ex3_func[19:0],34,0.0011322388357920678,2.2747941176470583,1.5700394413865795,0.5588235294117647,0.0048191863939793505,7
x_aq_vpu_top/x_aq_vpu_viq0_dp/viqx_xx_ex3_gp_sel[3:0],32,0.0010656365513337107,2.23721875,1.54410531012924,0.46875,0.09634909859394149,1
x_aq_vpu_top/x_aq_vpu_viq0_dp/viqx_xx_ex3_rm[2:0],4,0.00013320456891671384,6.8092500000000005,4.699674130210793,1.0,0.004891039280386846,2
x_aq_vpu_top/x_aq_vpu_viq0_dp/viqx_xx_ex3_stall,0,0.0,0.0,0.0,0.0,,0
x_aq_vpu_top/x_aq_vpu_viq0_dp/viqx_xx_ex4_eu_sel[9:0],1,3.330114222917846e-05,3.6799999999999997,2.539898050325031,1.0,-0.007006673318107183,1
x_aq_vpu_top/x_aq_vpu_viq0_dp/viqx_xx_ex4_func[19:0],2,6.660228445835692e-05,7.126000000000001,4.918291713754395,1.0,-0.005623127396660761,5
x_aq_vpu_top/x_aq_vpu_viq0_dp/viqx_xx_ex4_gp_sel[3:0],0,0.0,0.0,0.0,0.0,,0
x_aq_vpu_top/x_aq_vpu_viq0_dp/viqx_xx_ex4_rm[2:0],2,6.660228445835692e-05,7.126000000000001,4.918291713754395,1.0,-0.005623123884273686,2
x_aq_vpu_top/x_aq_vpu_viq0_dp/viqx_xx_ex4_stall,0,0.0,0.0,0.0,0.0,,0
x_aq_vpu_top/x_aq_vpu_viq0_dp/viqx_xx_ex5_stall,0,0.0,0.0,0.0,0.0,,0
x_aq_vpu_top/x_aq_vpu_viq0_dp/viqx_xx_ex5_vld,0,0.0,0.0,0.0,0.0,,0
x_aq_vpu_top/x_aq_vpu_viq0_dp/viqx_xx_no_op,37,0.001232142262479603,3.029216216216216,2.090733793907754,0.6756756756756757,-0.14645778434400644,1
x_aq_vpu_top/x_aq_vpu_viq0_dp/vlsu_vex1_split_stall,0,0.0,0.0,0.0,0.0,,0
x_aq_vpu_top/x_aq_vpu_viq0_dp/ex1_ctrl_clk,0,0.0,0.0,0.0,0.0,,0
x_aq_vpu_top/x_aq_vpu_viq0_dp/ex1_ctrl_clk_en,16,0.0005328182756668553,4.3963125000000005,3.0342895509156427,0.875,0.13132080191019346,1
x_aq_vpu_top/x_aq_vpu_viq0_dp/ex1_denorm_stall,0,0.0,0.0,0.0,0.0,,0
x_aq_vpu_top/x_aq_vpu_viq0_dp/ex1_denormal_clk,0,0.0,0.0,0.0,0.0,,0
x_aq_vpu_top/x_aq_vpu_viq0_dp/ex1_denormal_clk_en,0,0.0,0.0,0.0,0.0,,0
x_aq_vpu_top/x_aq_vpu_viq0_dp/ex1_denormal_double,0,0.0,0.0,0.0,0.0,,0
x_aq_vpu_top/x_aq_vpu_viq0_dp/ex1_denormal_half,0,0.0,0.0,0.0,0.0,,0
x_aq_vpu_top/x_aq_vpu_viq0_dp/ex1_denormal_single,0,0.0,0.0,0.0,0.0,,0
x_aq_vpu_top/x_aq_vpu_viq0_dp/ex1_div_stall,0,0.0,0.0,0.0,0.0,,0
x_aq_vpu_top/x_aq_vpu_viq0_dp/ex1_double_id[1:0],0,0.0,0.0,0.0,0.0,,0
x_aq_vpu_top/x_aq_vpu_viq0_dp/ex1_dstv_vld,0,0.0,0.0,0.0,0.0,,0
x_aq_vpu_top/x_aq_vpu_viq0_dp/ex1_fp_denormal_stall,0,0.0,0.0,0.0,0.0,,0
x_aq_vpu_top/x_aq_vpu_viq0_dp/ex1_fp_reduct_fwd_ex4,0,0.0,0.0,0.0,0.0,,0
x_aq_vpu_top/x_aq_vpu_viq0_dp/ex1_half0_id[1:0],0,0.0,0.0,0.0,0.0,,0
x_aq_vpu_top/x_aq_vpu_viq0_dp/ex1_id_reg_updt[1:0],0,0.0,0.0,0.0,0.0,,0
x_aq_vpu_top/x_aq_vpu_viq0_dp/ex1_inst_clk,0,0.0,0.0,0.0,0.0,,0
x_aq_vpu_top/x_aq_vpu_viq0_dp/ex1_inst_clk_en,18,0.0005994205601252123,4.231111111111111,2.9202692559292625,0.9444444444444444,0.1517850634783432,1
x_aq_vpu_top/x_aq_vpu_viq0_dp/ex1_inst_sqrt,0,0.0,0.0,0.0,0.0,,0
x_aq_vpu_top/x_aq_vpu_viq0_dp/ex1_no_pipe_down,0,0.0,0.0,0.0,0.0,,0
x_aq_vpu_top/x_aq_vpu_viq0_dp/ex1_opvf_h[47:0],0,0.0,0.0,0.0,0.0,,0
x_aq_vpu_top/x_aq_vpu_viq0_dp/ex1_single0_id[1:0],0,0.0,0.0,0.0,0.0,,0
x_aq_vpu_top/x_aq_vpu_viq0_dp/ex1_srcv0_high[47:0],0,0.0,0.0,0.0,0.0,,0
x_aq_vpu_top/x_aq_vpu_viq0_dp/ex1_srcv0_ori[63:0],34,0.0011322388357920678,3.199264705882353,2.2080995078652914,0.8823529411764706,-0.03007154116304795,47
x_aq_vpu_top/x_aq_vpu_viq0_dp/ex1_srcv0_vec,1,3.330114222917846e-05,8.82,6.087473044529015,1.0,-0.00040606668911224335,1
x_aq_vpu_top/x_aq_vpu_viq0_dp/ex1_srcv1_high[47:0],0,0.0,0.0,0.0,0.0,,0
x_aq_vpu_top/x_aq_vpu_viq0_dp/ex1_srcv1_ori[63:0],29,0.0009657331246461754,2.7920689655172413,1.9270572070353988,0.7931034482758621,0.13330910200860932,36
x_aq_vpu_top/x_aq_vpu_viq0_dp/ex1_srcv1_vec,0,0.0,0.0,0.0,0.0,,0
x_aq_vpu_top/x_aq_vpu_viq0_dp/ex1_srcv2_clk,0,0.0,0.0,0.0,0.0,,0
x_aq_vpu_top/x_aq_vpu_viq0_dp/ex1_srcv2_clk_en,2,6.660228445835692e-05,8.55,5.901121828880168,1.0,0.17944175952243305,1
x_aq_vpu_top/x_aq_vpu_viq0_dp/ex1_srcv2_high[47:0],0,0.0,0.0,0.0,0.0,,0
x_aq_vpu_top/x_aq_vpu_viq0_dp/ex1_srcv2_vec,0,0.0,0.0,0.0,0.0,,0
x_aq_vpu_top/x_aq_vpu_viq0_dp/ex1_stall,0,0.0,0.0,0.0,0.0,,0
x_aq_vpu_top/x_aq_vpu_viq0_dp/ex1_vfdsu_sel,0,0.0,0.0,0.0,0.0,,0
x_aq_vpu_top/x_aq_vpu_viq0_dp/ex1_vfmau_sel,0,0.0,0.0,0.0,0.0,,0
x_aq_vpu_top/x_aq_vpu_viq0_dp/ex1_vint_sync_stall,0,0.0,0.0,0.0,0.0,,0
x_aq_vpu_top/x_aq_vpu_viq0_dp/ex1_vlsu_stall,0,0.0,0.0,0.0,0.0,,0
x_aq_vpu_top/x_aq_vpu_viq0_dp/ex2_ctrl_clk,0,0.0,0.0,0.0,0.0,,0
x_aq_vpu_top/x_aq_vpu_viq0_dp/ex2_ctrl_clk_en,32,0.0010656365513337107,2.3133749999999997,1.596667568524638,0.65625,0.06915562858207777,1
x_aq_vpu_top/x_aq_vpu_viq0_dp/ex2_fpu_wb_sel[2:0],0,0.0,0.0,0.0,0.0,,0
x_aq_vpu_top/x_aq_vpu_viq0_dp/ex2_inst_clk,0,0.0,0.0,0.0,0.0,,0
x_aq_vpu_top/x_aq_vpu_viq0_dp/ex2_inst_clk_en,2,6.660228445835692e-05,8.55,5.901121828880168,1.0,0.17944175952243305,1
x_aq_vpu_top/x_aq_vpu_viq0_dp/ex2_no_pipe_down,0,0.0,0.0,0.0,0.0,,0
x_aq_vpu_top/x_aq_vpu_viq0_dp/ex2_result_new[63:0],16,0.0005328182756668553,2.1860625,1.5087977939235497,0.6875,-0.01980798855558884,34
x_aq_vpu_top/x_aq_vpu_viq0_dp/ex2_result_ready,1,3.330114222917846e-05,10.872,7.503742283460255,1.0,-0.003229515705865712,1
x_aq_vpu_top/x_aq_vpu_viq0_dp/ex2_result_ready_in_ex3,1,3.330114222917846e-05,4.232999999999998,2.9215729475613728,1.0,-0.006668315010452631,1
x_aq_vpu_top/x_aq_vpu_viq0_dp/ex2_stall,0,0.0,0.0,0.0,0.0,,0
x_aq_vpu_top/x_aq_vpu_viq0_dp/ex2_vfalu_inst_vld,0,0.0,0.0,0.0,0.0,,0
x_aq_vpu_top/x_aq_vpu_viq0_dp/ex2_vfcvt_inst_vld,0,0.0,0.0,0.0,0.0,,0
x_aq_vpu_top/x_aq_vpu_viq0_dp/ex2_vfspu_inst_vld,1,3.330114222917846e-05,4.232999999999998,2.9215729475613728,1.0,-0.006668315010452631,1
x_aq_vpu_top/x_aq_vpu_viq0_dp/ex2_vint_sync_stall,0,0.0,0.0,0.0,0.0,,0
x_aq_vpu_top/x_aq_vpu_viq0_dp/ex3_ctrl_clk,0,0.0,0.0,0.0,0.0,,0
x_aq_vpu_top/x_aq_vpu_viq0_dp/ex3_ctrl_clk_en,32,0.0010656365513337107,1.74684375,1.2056535420781158,0.53125,0.0813317084613912,1
x_aq_vpu_top/x_aq_vpu_viq0_dp/ex3_dstv_vld,0,0.0,0.0,0.0,0.0,,0
x_aq_vpu_top/x_aq_vpu_viq0_dp/ex3_fpr_result_out[63:0],16,0.0005328182756668553,1.9386874999999995,1.3380621199563878,0.625,-0.01969925684748477,34
x_aq_vpu_top/x_aq_vpu_viq0_dp/ex3_gpr_result_out[63:0],16,0.0005328182756668553,1.9386874999999995,1.3380621199563878,0.625,-0.01969925684748477,34
x_aq_vpu_top/x_aq_vpu_viq0_dp/ex3_inst_clk,0,0.0,0.0,0.0,0.0,,0
x_aq_vpu_top/x_aq_vpu_viq0_dp/ex3_inst_clk_en,2,6.660228445835692e-05,8.55,5.901121828880168,1.0,0.17944175952243305,1
x_aq_vpu_top/x_aq_vpu_viq0_dp/ex3_no_pipe_down,0,0.0,0.0,0.0,0.0,,0
x_aq_vpu_top/x_aq_vpu_viq0_dp/ex3_result_clk,0,0.0,0.0,0.0,0.0,,0
x_aq_vpu_top/x_aq_vpu_viq0_dp/ex3_result_clk_en,2,6.660228445835692e-05,8.55,5.901121828880168,1.0,0.17944175952243305,1
x_aq_vpu_top/x_aq_vpu_viq0_dp/ex3_result_ready_in_ex4,0,0.0,0.0,0.0,0.0,,0
x_aq_vpu_top/x_aq_vpu_viq0_dp/ex3_sat_bit,0,0.0,0.0,0.0,0.0,,0
x_aq_vpu_top/x_aq_vpu_viq0_dp/ex3_stall,0,0.0,0.0,0.0,0.0,,0
x_aq_vpu_top/x_aq_vpu_viq0_dp/ex3_vint_sync_stall,0,0.0,0.0,0.0,0.0,,0
x_aq_vpu_top/x_aq_vpu_viq0_dp/ex4_ctrl_clk,0,0.0,0.0,0.0,0.0,,0
x_aq_vpu_top/x_aq_vpu_viq0_dp/ex4_ctrl_clk_en,0,0.0,0.0,0.0,0.0,,0
x_aq_vpu_top/x_aq_vpu_viq0_dp/ex4_dstv_vld,0,0.0,0.0,0.0,0.0,,0
x_aq_vpu_top/x_aq_vpu_viq0_dp/ex4_fflags[5:0],0,0.0,0.0,0.0,0.0,,0
x_aq_vpu_top/x_aq_vpu_viq0_dp/ex4_fp_reduct_to_be_fwd,0,0.0,0.0,0.0,0.0,,0
x_aq_vpu_top/x_aq_vpu_viq0_dp/ex4_inst_clk,0,0.0,0.0,0.0,0.0,,0
x_aq_vpu_top/x_aq_vpu_viq0_dp/ex4_inst_clk_en,2,6.660228445835692e-05,8.55,5.901121828880168,1.0,0.17944175952243305,1
x_aq_vpu_top/x_aq_vpu_viq0_dp/ex4_no_pipe_down,0,0.0,0.0,0.0,0.0,,0
x_aq_vpu_top/x_aq_vpu_viq0_dp/ex4_sel_vmul_result,0,0.0,0.0,0.0,0.0,,0
x_aq_vpu_top/x_aq_vpu_viq0_dp/ex4_stall,0,0.0,0.0,0.0,0.0,,0
x_aq_vpu_top/x_aq_vpu_viq0_dp/ex4_vint_sync_stall,0,0.0,0.0,0.0,0.0,,0
x_aq_vpu_top/x_aq_vpu_viq0_dp/ex5_ctrl_clk,0,0.0,0.0,0.0,0.0,,0
x_aq_vpu_top/x_aq_vpu_viq0_dp/ex5_ctrl_clk_en,0,0.0,0.0,0.0,0.0,,0
x_aq_vpu_top/x_aq_vpu_viq0_dp/ex5_dstf_vld,0,0.0,0.0,0.0,0.0,,0
x_aq_vpu_top/x_aq_vpu_viq0_dp/ex5_dstv_vld,0,0.0,0.0,0.0,0.0,,0
x_aq_vpu_top/x_aq_vpu_viq0_dp/ex5_inst_clk,0,0.0,0.0,0.0,0.0,,0
x_aq_vpu_top/x_aq_vpu_viq0_dp/ex5_inst_clk_en,2,6.660228445835692e-05,8.55,5.901121828880168,1.0,0.17944175952243305,1
x_aq_vpu_top/x_aq_vpu_viq0_dp/ex5_stall,0,0.0,0.0,0.0,0.0,,0
x_aq_vpu_top/x_aq_vpu_viq0_dp/rbus_viqx_ex3_vpr_wb_grnt,0,0.0,0.0,0.0,0.0,,0
x_aq_vpu_top/x_aq_vpu_viq0_dp/rbus_viqx_ex4_vpr_wb_grnt,0,0.0,0.0,0.0,0.0,,0
x_aq_vpu_top/x_aq_vpu_viq0_dp/rbus_viqx_ex5_vpr_wb_grnt,0,0.0,0.0,0.0,0.0,,0
x_aq_vpu_top/x_aq_vpu_viq0_dp/srcv0_type[47:0],30,0.0009990342668753538,3.311833333333334,2.2857932136779304,0.8666666666666667,-0.021183319845226964,16
x_aq_vpu_top/x_aq_vpu_viq0_dp/srcv1_type[47:0],30,0.0009990342668753538,3.1294999999999997,2.1599486273076587,0.8,0.1279855292343095,16
x_aq_vpu_top/x_aq_vpu_viq0_dp/srcv2_type[47:0],10,0.00033301142229178463,1.7683,1.2204624245624327,0.4,-0.018387253439924544,13
x_aq_vpu_top/x_aq_vpu_viq0_dp/vdivu_vpu_busy,0,0.0,0.0,0.0,0.0,,0
x_aq_vpu_top/x_aq_vpu_viq0_dp/vid_f_dp_sel,20,0.0006660228445835693,3.13685,2.165021521511433,0.95,0.12273902607606196,1
x_aq_vpu_top/x_aq_vpu_viq0_dp/vid_f_dste_vld,8,0.00026640913783342767,1.084625,0.7485969899004855,0.0,0.0007580868950853868,1
x_aq_vpu_top/x_aq_vpu_viq0_dp/vid_f_dstf_vld,20,0.0006660228445835693,1.6424999999999996,1.1336365618638213,0.2,0.0006803991595037275,1
x_aq_vpu_top/x_aq_vpu_viq0_dp/vid_f_dstg_vld,935,0.03113656798428186,1.5050716577540109,1.0387849372632811,0.07807486631016043,0.0030599235942554022,1
x_aq_vpu_top/x_aq_vpu_viq0_dp/vid_f_eu_sel[9:0],1512,0.050351327050517834,1.4894312169312172,1.0279900662980535,0.0873015873015873,0.07548216699999781,6
x_aq_vpu_top/x_aq_vpu_viq0_dp/vid_f_freg[4:0],2439,0.08122148589696626,1.4641931119311196,1.0105709864927148,0.07257072570725707,0.01673656121770118,5
x_aq_vpu_top/x_aq_vpu_viq0_dp/vid_f_func[19:0],3390,0.11289087215691498,1.466367551622419,1.0120717623439324,0.06637168141592921,0.002170107981978447,11
x_aq_vpu_top/x_aq_vpu_viq0_dp/vid_f_gp_sel[3:0],91,0.0030304039428552397,2.2620109890109887,1.5612166578268494,0.4945054945054945,0.05799631386592096,3
x_aq_vpu_top/x_aq_vpu_viq0_dp/vid_f_reg[5:0],2439,0.08122148589696626,1.4644637146371464,1.010757753689848,0.07462074620746208,0.015605875652682415,5
x_aq_vpu_top/x_aq_vpu_viq0_dp/vid_f_rm[2:0],2074,0.06906656898331613,1.4618085824493732,1.0089252088346632,0.06316297010607522,0.0019118376461331014,3
x_aq_vpu_top/x_aq_vpu_viq0_dp/vid_f_sel,16,0.0005328182756668553,3.3801249999999996,2.3329274177594823,0.6875,0.1320408338538662,1
x_aq_vpu_top/x_aq_vpu_viq0_dp/vid_f_sel_clk_en,16,0.0005328182756668553,3.69125,2.5476626843103998,0.9375,0.1261783958528158,1
x_aq_vpu_top/x_aq_vpu_viq0_dp/vid_f_src1[63:0],3538,0.1178194412068334,1.474381288863765,1.017602761146952,0.06896551724137931,0.015891299399598737,64
x_aq_vpu_top/x_aq_vpu_viq0_dp/vid_f_srcf0[63:0],132,0.0043957507742515564,1.6381136363636366,1.1306091389159911,0.2803030303030303,0.01912164284602528,47
x_aq_vpu_top/x_aq_vpu_viq0_dp/vid_f_srcf1[63:0],331,0.01102267807785807,1.630558912386707,1.125394946334538,0.18731117824773413,-5.500609221731895e-05,47
x_aq_vpu_top/x_aq_vpu_viq0_dp/vid_f_srcf1_scalar,0,0.0,0.0,0.0,0.0,,0
x_aq_vpu_top/x_aq_vpu_viq0_dp/vid_f_srcf2[63:0],272,0.009057910686336542,1.6176323529411767,1.1164731683092357,0.18382352941176472,-0.006759686047914851,47
x_aq_vpu_top/x_aq_vpu_viq0_dp/vid_f_srcf2_rdy,17,0.0005661194178960339,3.626764705882353,2.5031555993093,0.6470588235294118,-0.10798575506734688,1
x_aq_vpu_top/x_aq_vpu_viq0_dp/vid_f_srcf2_vld,8,0.00026640913783342767,1.3932500000000003,0.9616067822324321,0.0,0.00038804955979262573,1
x_aq_vpu_top/x_aq_vpu_viq0_dp/vid_v_gp_sel[3:0],0,0.0,0.0,0.0,0.0,,0
x_aq_vpu_top/x_aq_vpu_viq0_dp/vid_v_sel,0,0.0,0.0,0.0,0.0,,0
x_aq_vpu_top/x_aq_vpu_viq0_dp/vid_v_sel_clk_en,0,0.0,0.0,0.0,0.0,,0
x_aq_vpu_top/x_aq_vpu_viq0_dp/vmulu_vpu_ex4_sat,0,0.0,0.0,0.0,0.0,,0
x_aq_vpu_top/x_aq_vpu_viq0_dp/x_vpu_ex1_ctrl_gated_clk/clk_in,0,0.0,0.0,0.0,0.0,,0
x_aq_vpu_top/x_aq_vpu_viq0_dp/x_vpu_ex1_ctrl_gated_clk/global_en,1,3.330114222917846e-05,2.862,1.9753228858777825,0.0,0.004988007030259691,1
x_aq_vpu_top/x_aq_vpu_viq0_dp/x_vpu_ex1_ctrl_gated_clk/module_en,0,0.0,0.0,0.0,0.0,,0
x_aq_vpu_top/x_aq_vpu_viq0_dp/x_vpu_ex1_ctrl_gated_clk/local_en,16,0.0005328182756668553,4.3963125000000005,3.0342895509156427,0.875,0.13132080191019346,1
x_aq_vpu_top/x_aq_vpu_viq0_dp/x_vpu_ex1_ctrl_gated_clk/external_en,0,0.0,0.0,0.0,0.0,,0
x_aq_vpu_top/x_aq_vpu_viq0_dp/x_vpu_ex1_ctrl_gated_clk/pad_yy_icg_scan_en,0,0.0,0.0,0.0,0.0,,0
x_aq_vpu_top/x_aq_vpu_viq0_dp/x_vpu_ex1_ctrl_gated_clk/clk_out,0,0.0,0.0,0.0,0.0,,0
x_aq_vpu_top/x_aq_vpu_viq0_dp/x_vpu_ex1_ctrl_gated_clk/clk_en_bf_latch,16,0.0005328182756668553,4.3963125000000005,3.0342895509156427,0.875,0.13132080191019346,1
x_aq_vpu_top/x_aq_vpu_viq0_dp/x_vpu_ex1_ctrl_gated_clk/SE,0,0.0,0.0,0.0,0.0,,0
x_aq_vpu_top/x_aq_vpu_viq0_dp/x_vpu_ex1_inst_gated_clk/clk_in,0,0.0,0.0,0.0,0.0,,0
x_aq_vpu_top/x_aq_vpu_viq0_dp/x_vpu_ex1_inst_gated_clk/global_en,1,3.330114222917846e-05,2.862,1.9753228858777825,0.0,0.004988007030259691,1
x_aq_vpu_top/x_aq_vpu_viq0_dp/x_vpu_ex1_inst_gated_clk/module_en,0,0.0,0.0,0.0,0.0,,0
x_aq_vpu_top/x_aq_vpu_viq0_dp/x_vpu_ex1_inst_gated_clk/local_en,18,0.0005994205601252123,4.231111111111111,2.9202692559292625,0.9444444444444444,0.1517850634783432,1
x_aq_vpu_top/x_aq_vpu_viq0_dp/x_vpu_ex1_inst_gated_clk/external_en,0,0.0,0.0,0.0,0.0,,0
x_aq_vpu_top/x_aq_vpu_viq0_dp/x_vpu_ex1_inst_gated_clk/pad_yy_icg_scan_en,0,0.0,0.0,0.0,0.0,,0
x_aq_vpu_top/x_aq_vpu_viq0_dp/x_vpu_ex1_inst_gated_clk/clk_out,0,0.0,0.0,0.0,0.0,,0
x_aq_vpu_top/x_aq_vpu_viq0_dp/x_vpu_ex1_inst_gated_clk/clk_en_bf_latch,18,0.0005994205601252123,4.231111111111111,2.9202692559292625,0.9444444444444444,0.1517850634783432,1
x_aq_vpu_top/x_aq_vpu_viq0_dp/x_vpu_ex1_inst_gated_clk/SE,0,0.0,0.0,0.0,0.0,,0
x_aq_vpu_top/x_aq_vpu_viq0_dp/x_vpu_ex1_srcv2_gated_clk/clk_in,0,0.0,0.0,0.0,0.0,,0
x_aq_vpu_top/x_aq_vpu_viq0_dp/x_vpu_ex1_srcv2_gated_clk/global_en,1,3.330114222917846e-05,2.862,1.9753228858777825,0.0,0.004988007030259691,1
x_aq_vpu_top/x_aq_vpu_viq0_dp/x_vpu_ex1_srcv2_gated_clk/module_en,0,0.0,0.0,0.0,0.0,,0
x_aq_vpu_top/x_aq_vpu_viq0_dp/x_vpu_ex1_srcv2_gated_clk/local_en,2,6.660228445835692e-05,8.55,5.901121828880168,1.0,0.17944175952243305,1
x_aq_vpu_top/x_aq_vpu_viq0_dp/x_vpu_ex1_srcv2_gated_clk/external_en,0,0.0,0.0,0.0,0.0,,0
x_aq_vpu_top/x_aq_vpu_viq0_dp/x_vpu_ex1_srcv2_gated_clk/pad_yy_icg_scan_en,0,0.0,0.0,0.0,0.0,,0
x_aq_vpu_top/x_aq_vpu_viq0_dp/x_vpu_ex1_srcv2_gated_clk/clk_out,0,0.0,0.0,0.0,0.0,,0
x_aq_vpu_top/x_aq_vpu_viq0_dp/x_vpu_ex1_srcv2_gated_clk/clk_en_bf_latch,2,6.660228445835692e-05,8.55,5.901121828880168,1.0,0.17944175952243305,1
x_aq_vpu_top/x_aq_vpu_viq0_dp/x_vpu_ex1_srcv2_gated_clk/SE,0,0.0,0.0,0.0,0.0,,0
x_aq_vpu_top/x_aq_vpu_viq0_dp/x_vpu_ex2_ctrl_gated_clk/clk_in,0,0.0,0.0,0.0,0.0,,0
x_aq_vpu_top/x_aq_vpu_viq0_dp/x_vpu_ex2_ctrl_gated_clk/global_en,1,3.330114222917846e-05,2.862,1.9753228858777825,0.0,0.004988007030259691,1
x_aq_vpu_top/x_aq_vpu_viq0_dp/x_vpu_ex2_ctrl_gated_clk/module_en,0,0.0,0.0,0.0,0.0,,0
x_aq_vpu_top/x_aq_vpu_viq0_dp/x_vpu_ex2_ctrl_gated_clk/local_en,32,0.0010656365513337107,2.3133749999999997,1.596667568524638,0.65625,0.06915562858207777,1
x_aq_vpu_top/x_aq_vpu_viq0_dp/x_vpu_ex2_ctrl_gated_clk/external_en,0,0.0,0.0,0.0,0.0,,0
x_aq_vpu_top/x_aq_vpu_viq0_dp/x_vpu_ex2_ctrl_gated_clk/pad_yy_icg_scan_en,0,0.0,0.0,0.0,0.0,,0
x_aq_vpu_top/x_aq_vpu_viq0_dp/x_vpu_ex2_ctrl_gated_clk/clk_out,0,0.0,0.0,0.0,0.0,,0
x_aq_vpu_top/x_aq_vpu_viq0_dp/x_vpu_ex2_ctrl_gated_clk/clk_en_bf_latch,32,0.0010656365513337107,2.3133749999999997,1.596667568524638,0.65625,0.06915562858207777,1
x_aq_vpu_top/x_aq_vpu_viq0_dp/x_vpu_ex2_ctrl_gated_clk/SE,0,0.0,0.0,0.0,0.0,,0
x_aq_vpu_top/x_aq_vpu_viq0_dp/x_vpu_ex2_inst_gated_clk/clk_in,0,0.0,0.0,0.0,0.0,,0
x_aq_vpu_top/x_aq_vpu_viq0_dp/x_vpu_ex2_inst_gated_clk/global_en,1,3.330114222917846e-05,2.862,1.9753228858777825,0.0,0.004988007030259691,1
x_aq_vpu_top/x_aq_vpu_viq0_dp/x_vpu_ex2_inst_gated_clk/module_en,0,0.0,0.0,0.0,0.0,,0
x_aq_vpu_top/x_aq_vpu_viq0_dp/x_vpu_ex2_inst_gated_clk/local_en,2,6.660228445835692e-05,8.55,5.901121828880168,1.0,0.17944175952243305,1
x_aq_vpu_top/x_aq_vpu_viq0_dp/x_vpu_ex2_inst_gated_clk/external_en,0,0.0,0.0,0.0,0.0,,0
x_aq_vpu_top/x_aq_vpu_viq0_dp/x_vpu_ex2_inst_gated_clk/pad_yy_icg_scan_en,0,0.0,0.0,0.0,0.0,,0
x_aq_vpu_top/x_aq_vpu_viq0_dp/x_vpu_ex2_inst_gated_clk/clk_out,0,0.0,0.0,0.0,0.0,,0
x_aq_vpu_top/x_aq_vpu_viq0_dp/x_vpu_ex2_inst_gated_clk/clk_en_bf_latch,2,6.660228445835692e-05,8.55,5.901121828880168,1.0,0.17944175952243305,1
x_aq_vpu_top/x_aq_vpu_viq0_dp/x_vpu_ex2_inst_gated_clk/SE,0,0.0,0.0,0.0,0.0,,0
x_aq_vpu_top/x_aq_vpu_viq0_dp/x_vpu_ex3_ctrl_gated_clk/clk_in,0,0.0,0.0,0.0,0.0,,0
x_aq_vpu_top/x_aq_vpu_viq0_dp/x_vpu_ex3_ctrl_gated_clk/global_en,1,3.330114222917846e-05,2.862,1.9753228858777825,0.0,0.004988007030259691,1
x_aq_vpu_top/x_aq_vpu_viq0_dp/x_vpu_ex3_ctrl_gated_clk/module_en,0,0.0,0.0,0.0,0.0,,0
x_aq_vpu_top/x_aq_vpu_viq0_dp/x_vpu_ex3_ctrl_gated_clk/local_en,32,0.0010656365513337107,1.74684375,1.2056535420781158,0.53125,0.0813317084613912,1
x_aq_vpu_top/x_aq_vpu_viq0_dp/x_vpu_ex3_ctrl_gated_clk/external_en,0,0.0,0.0,0.0,0.0,,0
x_aq_vpu_top/x_aq_vpu_viq0_dp/x_vpu_ex3_ctrl_gated_clk/pad_yy_icg_scan_en,0,0.0,0.0,0.0,0.0,,0
x_aq_vpu_top/x_aq_vpu_viq0_dp/x_vpu_ex3_ctrl_gated_clk/clk_out,0,0.0,0.0,0.0,0.0,,0
x_aq_vpu_top/x_aq_vpu_viq0_dp/x_vpu_ex3_ctrl_gated_clk/clk_en_bf_latch,32,0.0010656365513337107,1.74684375,1.2056535420781158,0.53125,0.0813317084613912,1
x_aq_vpu_top/x_aq_vpu_viq0_dp/x_vpu_ex3_ctrl_gated_clk/SE,0,0.0,0.0,0.0,0.0,,0
x_aq_vpu_top/x_aq_vpu_viq0_dp/x_vpu_ex3_inst_gated_clk/clk_in,0,0.0,0.0,0.0,0.0,,0
x_aq_vpu_top/x_aq_vpu_viq0_dp/x_vpu_ex3_inst_gated_clk/global_en,1,3.330114222917846e-05,2.862,1.9753228858777825,0.0,0.004988007030259691,1
x_aq_vpu_top/x_aq_vpu_viq0_dp/x_vpu_ex3_inst_gated_clk/module_en,0,0.0,0.0,0.0,0.0,,0
x_aq_vpu_top/x_aq_vpu_viq0_dp/x_vpu_ex3_inst_gated_clk/local_en,2,6.660228445835692e-05,8.55,5.901121828880168,1.0,0.17944175952243305,1
x_aq_vpu_top/x_aq_vpu_viq0_dp/x_vpu_ex3_inst_gated_clk/external_en,0,0.0,0.0,0.0,0.0,,0
x_aq_vpu_top/x_aq_vpu_viq0_dp/x_vpu_ex3_inst_gated_clk/pad_yy_icg_scan_en,0,0.0,0.0,0.0,0.0,,0
x_aq_vpu_top/x_aq_vpu_viq0_dp/x_vpu_ex3_inst_gated_clk/clk_out,0,0.0,0.0,0.0,0.0,,0
x_aq_vpu_top/x_aq_vpu_viq0_dp/x_vpu_ex3_inst_gated_clk/clk_en_bf_latch,2,6.660228445835692e-05,8.55,5.901121828880168,1.0,0.17944175952243305,1
x_aq_vpu_top/x_aq_vpu_viq0_dp/x_vpu_ex3_inst_gated_clk/SE,0,0.0,0.0,0.0,0.0,,0
x_aq_vpu_top/x_aq_vpu_viq0_dp/x_vpu_ex3_result_gated_clk/clk_in,0,0.0,0.0,0.0,0.0,,0
x_aq_vpu_top/x_aq_vpu_viq0_dp/x_vpu_ex3_result_gated_clk/global_en,1,3.330114222917846e-05,2.862,1.9753228858777825,0.0,0.004988007030259691,1
x_aq_vpu_top/x_aq_vpu_viq0_dp/x_vpu_ex3_result_gated_clk/module_en,0,0.0,0.0,0.0,0.0,,0
x_aq_vpu_top/x_aq_vpu_viq0_dp/x_vpu_ex3_result_gated_clk/local_en,2,6.660228445835692e-05,8.55,5.901121828880168,1.0,0.17944175952243305,1
x_aq_vpu_top/x_aq_vpu_viq0_dp/x_vpu_ex3_result_gated_clk/external_en,0,0.0,0.0,0.0,0.0,,0
x_aq_vpu_top/x_aq_vpu_viq0_dp/x_vpu_ex3_result_gated_clk/pad_yy_icg_scan_en,0,0.0,0.0,0.0,0.0,,0
x_aq_vpu_top/x_aq_vpu_viq0_dp/x_vpu_ex3_result_gated_clk/clk_out,0,0.0,0.0,0.0,0.0,,0
x_aq_vpu_top/x_aq_vpu_viq0_dp/x_vpu_ex3_result_gated_clk/clk_en_bf_latch,2,6.660228445835692e-05,8.55,5.901121828880168,1.0,0.17944175952243305,1
x_aq_vpu_top/x_aq_vpu_viq0_dp/x_vpu_ex3_result_gated_clk/SE,0,0.0,0.0,0.0,0.0,,0
x_aq_vpu_top/x_aq_vpu_viq0_dp/x_vpu_ex4_ctrl_gated_clk/clk_in,0,0.0,0.0,0.0,0.0,,0
x_aq_vpu_top/x_aq_vpu_viq0_dp/x_vpu_ex4_ctrl_gated_clk/global_en,1,3.330114222917846e-05,2.862,1.9753228858777825,0.0,0.004988007030259691,1
x_aq_vpu_top/x_aq_vpu_viq0_dp/x_vpu_ex4_ctrl_gated_clk/module_en,0,0.0,0.0,0.0,0.0,,0
x_aq_vpu_top/x_aq_vpu_viq0_dp/x_vpu_ex4_ctrl_gated_clk/local_en,0,0.0,0.0,0.0,0.0,,0
x_aq_vpu_top/x_aq_vpu_viq0_dp/x_vpu_ex4_ctrl_gated_clk/external_en,0,0.0,0.0,0.0,0.0,,0
x_aq_vpu_top/x_aq_vpu_viq0_dp/x_vpu_ex4_ctrl_gated_clk/pad_yy_icg_scan_en,0,0.0,0.0,0.0,0.0,,0
x_aq_vpu_top/x_aq_vpu_viq0_dp/x_vpu_ex4_ctrl_gated_clk/clk_out,0,0.0,0.0,0.0,0.0,,0
x_aq_vpu_top/x_aq_vpu_viq0_dp/x_vpu_ex4_ctrl_gated_clk/clk_en_bf_latch,0,0.0,0.0,0.0,0.0,,0
x_aq_vpu_top/x_aq_vpu_viq0_dp/x_vpu_ex4_ctrl_gated_clk/SE,0,0.0,0.0,0.0,0.0,,0
x_aq_vpu_top/x_aq_vpu_viq0_dp/x_vpu_ex4_inst_gated_clk/clk_in,0,0.0,0.0,0.0,0.0,,0
x_aq_vpu_top/x_aq_vpu_viq0_dp/x_vpu_ex4_inst_gated_clk/global_en,1,3.330114222917846e-05,2.862,1.9753228858777825,0.0,0.004988007030259691,1
x_aq_vpu_top/x_aq_vpu_viq0_dp/x_vpu_ex4_inst_gated_clk/module_en,0,0.0,0.0,0.0,0.0,,0
x_aq_vpu_top/x_aq_vpu_viq0_dp/x_vpu_ex4_inst_gated_clk/local_en,2,6.660228445835692e-05,8.55,5.901121828880168,1.0,0.17944175952243305,1
x_aq_vpu_top/x_aq_vpu_viq0_dp/x_vpu_ex4_inst_gated_clk/external_en,0,0.0,0.0,0.0,0.0,,0
x_aq_vpu_top/x_aq_vpu_viq0_dp/x_vpu_ex4_inst_gated_clk/pad_yy_icg_scan_en,0,0.0,0.0,0.0,0.0,,0
x_aq_vpu_top/x_aq_vpu_viq0_dp/x_vpu_ex4_inst_gated_clk/clk_out,0,0.0,0.0,0.0,0.0,,0
x_aq_vpu_top/x_aq_vpu_viq0_dp/x_vpu_ex4_inst_gated_clk/clk_en_bf_latch,2,6.660228445835692e-05,8.55,5.901121828880168,1.0,0.17944175952243305,1
x_aq_vpu_top/x_aq_vpu_viq0_dp/x_vpu_ex4_inst_gated_clk/SE,0,0.0,0.0,0.0,0.0,,0
x_aq_vpu_top/x_aq_vpu_viq0_dp/x_vpu_ex5_ctrl_gated_clk/clk_in,0,0.0,0.0,0.0,0.0,,0
x_aq_vpu_top/x_aq_vpu_viq0_dp/x_vpu_ex5_ctrl_gated_clk/global_en,1,3.330114222917846e-05,2.862,1.9753228858777825,0.0,0.004988007030259691,1
x_aq_vpu_top/x_aq_vpu_viq0_dp/x_vpu_ex5_ctrl_gated_clk/module_en,0,0.0,0.0,0.0,0.0,,0
x_aq_vpu_top/x_aq_vpu_viq0_dp/x_vpu_ex5_ctrl_gated_clk/local_en,0,0.0,0.0,0.0,0.0,,0
x_aq_vpu_top/x_aq_vpu_viq0_dp/x_vpu_ex5_ctrl_gated_clk/external_en,0,0.0,0.0,0.0,0.0,,0
x_aq_vpu_top/x_aq_vpu_viq0_dp/x_vpu_ex5_ctrl_gated_clk/pad_yy_icg_scan_en,0,0.0,0.0,0.0,0.0,,0
x_aq_vpu_top/x_aq_vpu_viq0_dp/x_vpu_ex5_ctrl_gated_clk/clk_out,0,0.0,0.0,0.0,0.0,,0
x_aq_vpu_top/x_aq_vpu_viq0_dp/x_vpu_ex5_ctrl_gated_clk/clk_en_bf_latch,0,0.0,0.0,0.0,0.0,,0
x_aq_vpu_top/x_aq_vpu_viq0_dp/x_vpu_ex5_ctrl_gated_clk/SE,0,0.0,0.0,0.0,0.0,,0
x_aq_vpu_top/x_aq_vpu_viq0_dp/x_vpu_ex5_inst_gated_clk/clk_in,0,0.0,0.0,0.0,0.0,,0
x_aq_vpu_top/x_aq_vpu_viq0_dp/x_vpu_ex5_inst_gated_clk/global_en,1,3.330114222917846e-05,2.862,1.9753228858777825,0.0,0.004988007030259691,1
x_aq_vpu_top/x_aq_vpu_viq0_dp/x_vpu_ex5_inst_gated_clk/module_en,0,0.0,0.0,0.0,0.0,,0
x_aq_vpu_top/x_aq_vpu_viq0_dp/x_vpu_ex5_inst_gated_clk/local_en,2,6.660228445835692e-05,8.55,5.901121828880168,1.0,0.17944175952243305,1
x_aq_vpu_top/x_aq_vpu_viq0_dp/x_vpu_ex5_inst_gated_clk/external_en,0,0.0,0.0,0.0,0.0,,0
x_aq_vpu_top/x_aq_vpu_viq0_dp/x_vpu_ex5_inst_gated_clk/pad_yy_icg_scan_en,0,0.0,0.0,0.0,0.0,,0
x_aq_vpu_top/x_aq_vpu_viq0_dp/x_vpu_ex5_inst_gated_clk/clk_out,0,0.0,0.0,0.0,0.0,,0
x_aq_vpu_top/x_aq_vpu_viq0_dp/x_vpu_ex5_inst_gated_clk/clk_en_bf_latch,2,6.660228445835692e-05,8.55,5.901121828880168,1.0,0.17944175952243305,1
x_aq_vpu_top/x_aq_vpu_viq0_dp/x_vpu_ex5_inst_gated_clk/SE,0,0.0,0.0,0.0,0.0,,0
x_aq_vpu_top/x_aq_vpu_viq0_dp/x_aq_vpu_srcv0_type/cp0_vpu_xx_bf16,0,0.0,0.0,0.0,0.0,,0
x_aq_vpu_top/x_aq_vpu_viq0_dp/x_aq_vpu_srcv0_type/ex1_srcvx[63:0],34,0.0011322388357920678,3.199264705882353,2.2080995078652914,0.8823529411764706,-0.03007154116304795,47
x_aq_vpu_top/x_aq_vpu_viq0_dp/x_aq_vpu_srcv0_type/ex1_srcvx_high[47:0],0,0.0,0.0,0.0,0.0,,0
x_aq_vpu_top/x_aq_vpu_viq0_dp/x_aq_vpu_srcv0_type/ex1_srcvx_vec,1,3.330114222917846e-05,8.82,6.087473044529015,1.0,-0.00040606668911224335,1
x_aq_vpu_top/x_aq_vpu_viq0_dp/x_aq_vpu_srcv0_type/inst_simd,0,0.0,0.0,0.0,0.0,,0
x_aq_vpu_top/x_aq_vpu_viq0_dp/x_aq_vpu_srcv0_type/srcvx_type[47:0],30,0.0009990342668753538,3.311833333333334,2.2857932136779304,0.8666666666666667,-0.021183319845226964,16
x_aq_vpu_top/x_aq_vpu_viq0_dp/x_aq_vpu_srcv0_type/src[63:0],34,0.0011322388357920678,3.199264705882353,2.2080995078652914,0.8823529411764706,-0.03007154116304795,47
x_aq_vpu_top/x_aq_vpu_viq0_dp/x_aq_vpu_srcv0_type/src_double_expn_max,4,0.00013320456891671384,4.833999999999999,3.3363769498019558,1.0,-0.020098632563824027,1
x_aq_vpu_top/x_aq_vpu_viq0_dp/x_aq_vpu_srcv0_type/src_double_expn_zero,0,0.0,0.0,0.0,0.0,,0
x_aq_vpu_top/x_aq_vpu_viq0_dp/x_aq_vpu_srcv0_type/src_double_frac_msb,5,0.00016650571114589232,4.797999999999999,3.311530121048776,1.0,-0.035504370583894065,1
x_aq_vpu_top/x_aq_vpu_viq0_dp/x_aq_vpu_srcv0_type/src_double_frac_zero,0,0.0,0.0,0.0,0.0,,0
x_aq_vpu_top/x_aq_vpu_viq0_dp/x_aq_vpu_srcv0_type/src_double_id,0,0.0,0.0,0.0,0.0,,0
x_aq_vpu_top/x_aq_vpu_viq0_dp/x_aq_vpu_srcv0_type/src_double_inf,0,0.0,0.0,0.0,0.0,,0
x_aq_vpu_top/x_aq_vpu_viq0_dp/x_aq_vpu_srcv0_type/src_double_norm,7,0.00023310799560424922,2.261,1.5605188836372,0.8571428571428571,-0.01952162216962929,1
x_aq_vpu_top/x_aq_vpu_viq0_dp/x_aq_vpu_srcv0_type/src_double_qnan,4,0.00013320456891671384,4.833999999999999,3.3363769498019558,1.0,-0.020098632563824027,1
x_aq_vpu_top/x_aq_vpu_viq0_dp/x_aq_vpu_srcv0_type/src_double_snan,0,0.0,0.0,0.0,0.0,,0
x_aq_vpu_top/x_aq_vpu_viq0_dp/x_aq_vpu_srcv0_type/src_double_zero,0,0.0,0.0,0.0,0.0,,0
x_aq_vpu_top/x_aq_vpu_viq0_dp/x_aq_vpu_srcv0_type/src_half0_cnan,11,0.00036631256452096306,2.334363636363637,1.611153708899362,0.8181818181818182,-0.027990097785625702,1
x_aq_vpu_top/x_aq_vpu_viq0_dp/x_aq_vpu_srcv0_type/src_half0_expn_max,4,0.00013320456891671384,2.3592499999999994,1.6283300204427522,1.0,0.02585940831835685,1
x_aq_vpu_top/x_aq_vpu_viq0_dp/x_aq_vpu_srcv0_type/src_half0_expn_zero,0,0.0,0.0,0.0,0.0,,0
x_aq_vpu_top/x_aq_vpu_viq0_dp/x_aq_vpu_srcv0_type/src_half0_frac_msb,13,0.00043291484897932,3.2599230769230774,2.2499652900235056,0.8461538461538461,-0.03378855854808436,1
x_aq_vpu_top/x_aq_vpu_viq0_dp/x_aq_vpu_srcv0_type/src_half0_frac_zero,0,0.0,0.0,0.0,0.0,,0
x_aq_vpu_top/x_aq_vpu_viq0_dp/x_aq_vpu_srcv0_type/src_half0_id,0,0.0,0.0,0.0,0.0,,0
x_aq_vpu_top/x_aq_vpu_viq0_dp/x_aq_vpu_srcv0_type/src_half0_inf,0,0.0,0.0,0.0,0.0,,0
x_aq_vpu_top/x_aq_vpu_viq0_dp/x_aq_vpu_srcv0_type/src_half0_norm,0,0.0,0.0,0.0,0.0,,0
x_aq_vpu_top/x_aq_vpu_viq0_dp/x_aq_vpu_srcv0_type/src_half0_qnan,11,0.00036631256452096306,2.334363636363637,1.611153708899362,0.8181818181818182,-0.027990097785625702,1
x_aq_vpu_top/x_aq_vpu_viq0_dp/x_aq_vpu_srcv0_type/src_half0_snan,0,0.0,0.0,0.0,0.0,,0
x_aq_vpu_top/x_aq_vpu_viq0_dp/x_aq_vpu_srcv0_type/src_half0_zero,0,0.0,0.0,0.0,0.0,,0
x_aq_vpu_top/x_aq_vpu_viq0_dp/x_aq_vpu_srcv0_type/src_half1_cnan,0,0.0,0.0,0.0,0.0,,0
x_aq_vpu_top/x_aq_vpu_viq0_dp/x_aq_vpu_srcv0_type/src_half1_expn_max,4,0.00013320456891671384,3.9495000000000005,2.7259041711300847,1.0,-0.006464053204638538,1
x_aq_vpu_top/x_aq_vpu_viq0_dp/x_aq_vpu_srcv0_type/src_half1_expn_zero,0,0.0,0.0,0.0,0.0,,0
x_aq_vpu_top/x_aq_vpu_viq0_dp/x_aq_vpu_srcv0_type/src_half1_frac_msb,4,0.00013320456891671384,3.9495000000000005,2.7259041711300847,1.0,-0.006464053204638538,1
x_aq_vpu_top/x_aq_vpu_viq0_dp/x_aq_vpu_srcv0_type/src_half1_frac_zero,0,0.0,0.0,0.0,0.0,,0
x_aq_vpu_top/x_aq_vpu_viq0_dp/x_aq_vpu_srcv0_type/src_half1_id,0,0.0,0.0,0.0,0.0,,0
x_aq_vpu_top/x_aq_vpu_viq0_dp/x_aq_vpu_srcv0_type/src_half1_inf,0,0.0,0.0,0.0,0.0,,0
x_aq_vpu_top/x_aq_vpu_viq0_dp/x_aq_vpu_srcv0_type/src_half1_norm,11,0.00036631256452096306,3.203545454545455,2.211054036447722,0.8181818181818182,-0.030580908855053893,1
x_aq_vpu_top/x_aq_vpu_viq0_dp/x_aq_vpu_srcv0_type/src_half1_qnan,4,0.00013320456891671384,3.9495000000000005,2.7259041711300847,1.0,-0.006464053204638538,1
x_aq_vpu_top/x_aq_vpu_viq0_dp/x_aq_vpu_srcv0_type/src_half1_snan,0,0.0,0.0,0.0,0.0,,0
x_aq_vpu_top/x_aq_vpu_viq0_dp/x_aq_vpu_srcv0_type/src_half1_zero,0,0.0,0.0,0.0,0.0,,0
x_aq_vpu_top/x_aq_vpu_viq0_dp/x_aq_vpu_srcv0_type/src_half2_cnan,0,0.0,0.0,0.0,0.0,,0
x_aq_vpu_top/x_aq_vpu_viq0_dp/x_aq_vpu_srcv0_type/src_half2_expn_max,4,0.00013320456891671384,4.833999999999999,3.3363769498019558,1.0,-0.020098632563824027,1
x_aq_vpu_top/x_aq_vpu_viq0_dp/x_aq_vpu_srcv0_type/src_half2_expn_zero,0,0.0,0.0,0.0,0.0,,0
x_aq_vpu_top/x_aq_vpu_viq0_dp/x_aq_vpu_srcv0_type/src_half2_frac_msb,8,0.00026640913783342767,4.39175,3.0311405604660204,1.0,-0.021255652884995677,1
x_aq_vpu_top/x_aq_vpu_viq0_dp/x_aq_vpu_srcv0_type/src_half2_frac_zero,0,0.0,0.0,0.0,0.0,,0
x_aq_vpu_top/x_aq_vpu_viq0_dp/x_aq_vpu_srcv0_type/src_half2_id,0,0.0,0.0,0.0,0.0,,0
x_aq_vpu_top/x_aq_vpu_viq0_dp/x_aq_vpu_srcv0_type/src_half2_inf,0,0.0,0.0,0.0,0.0,,0
x_aq_vpu_top/x_aq_vpu_viq0_dp/x_aq_vpu_srcv0_type/src_half2_norm,7,0.00023310799560424922,2.261,1.5605188836372,0.8571428571428571,-0.01952162216962929,1
x_aq_vpu_top/x_aq_vpu_viq0_dp/x_aq_vpu_srcv0_type/src_half2_qnan,4,0.00013320456891671384,4.833999999999999,3.3363769498019558,1.0,-0.020098632563824027,1
x_aq_vpu_top/x_aq_vpu_viq0_dp/x_aq_vpu_srcv0_type/src_half2_snan,0,0.0,0.0,0.0,0.0,,0
x_aq_vpu_top/x_aq_vpu_viq0_dp/x_aq_vpu_srcv0_type/src_half2_zero,0,0.0,0.0,0.0,0.0,,0
x_aq_vpu_top/x_aq_vpu_viq0_dp/x_aq_vpu_srcv0_type/src_half3_cnan,0,0.0,0.0,0.0,0.0,,0
x_aq_vpu_top/x_aq_vpu_viq0_dp/x_aq_vpu_srcv0_type/src_half3_expn_max,5,0.00016650571114589232,4.797999999999999,3.311530121048776,1.0,-0.035504370583894065,1
x_aq_vpu_top/x_aq_vpu_viq0_dp/x_aq_vpu_srcv0_type/src_half3_expn_zero,0,0.0,0.0,0.0,0.0,,0
x_aq_vpu_top/x_aq_vpu_viq0_dp/x_aq_vpu_srcv0_type/src_half3_frac_msb,4,0.00013320456891671384,4.833999999999999,3.3363769498019558,1.0,-0.020098632563824027,1
x_aq_vpu_top/x_aq_vpu_viq0_dp/x_aq_vpu_srcv0_type/src_half3_frac_zero,0,0.0,0.0,0.0,0.0,,0
x_aq_vpu_top/x_aq_vpu_viq0_dp/x_aq_vpu_srcv0_type/src_half3_id,0,0.0,0.0,0.0,0.0,,0
x_aq_vpu_top/x_aq_vpu_viq0_dp/x_aq_vpu_srcv0_type/src_half3_inf,0,0.0,0.0,0.0,0.0,,0
x_aq_vpu_top/x_aq_vpu_viq0_dp/x_aq_vpu_srcv0_type/src_half3_norm,8,0.00026640913783342767,2.2912500000000002,1.5813971216867468,0.875,0.016694952860299612,1
x_aq_vpu_top/x_aq_vpu_viq0_dp/x_aq_vpu_srcv0_type/src_half3_qnan,4,0.00013320456891671384,4.833999999999999,3.3363769498019558,1.0,-0.020098632563824027,1
x_aq_vpu_top/x_aq_vpu_viq0_dp/x_aq_vpu_srcv0_type/src_half3_snan,1,3.330114222917846e-05,4.654000000000001,3.212142806036059,1.0,-0.02707735814723507,1
x_aq_vpu_top/x_aq_vpu_viq0_dp/x_aq_vpu_srcv0_type/src_half3_zero,0,0.0,0.0,0.0,0.0,,0
x_aq_vpu_top/x_aq_vpu_viq0_dp/x_aq_vpu_srcv0_type/src_high[47:0],0,0.0,0.0,0.0,0.0,,0
x_aq_vpu_top/x_aq_vpu_viq0_dp/x_aq_vpu_srcv0_type/src_single0_cnan,7,0.00023310799560424922,2.261,1.5605188836372,0.8571428571428571,-0.01952162216962929,1
x_aq_vpu_top/x_aq_vpu_viq0_dp/x_aq_vpu_srcv0_type/src_single0_expn_max,4,0.00013320456891671384,3.9495000000000005,2.7259041711300847,1.0,-0.006464053204638538,1
x_aq_vpu_top/x_aq_vpu_viq0_dp/x_aq_vpu_srcv0_type/src_single0_expn_zero,0,0.0,0.0,0.0,0.0,,0
x_aq_vpu_top/x_aq_vpu_viq0_dp/x_aq_vpu_srcv0_type/src_single0_frac_msb,12,0.00039961370675014153,3.145166666666667,2.170761599079876,0.8333333333333334,-0.012542769675768076,1
x_aq_vpu_top/x_aq_vpu_viq0_dp/x_aq_vpu_srcv0_type/src_single0_frac_zero,0,0.0,0.0,0.0,0.0,,0
x_aq_vpu_top/x_aq_vpu_viq0_dp/x_aq_vpu_srcv0_type/src_single0_id,0,0.0,0.0,0.0,0.0,,0
x_aq_vpu_top/x_aq_vpu_viq0_dp/x_aq_vpu_srcv0_type/src_single0_inf,0,0.0,0.0,0.0,0.0,,0
x_aq_vpu_top/x_aq_vpu_viq0_dp/x_aq_vpu_srcv0_type/src_single0_norm,4,0.00013320456891671384,4.833999999999999,3.3363769498019558,1.0,-0.020098632563824027,1
x_aq_vpu_top/x_aq_vpu_viq0_dp/x_aq_vpu_srcv0_type/src_single0_qnan,7,0.00023310799560424922,2.261,1.5605188836372,0.8571428571428571,-0.01952162216962929,1
x_aq_vpu_top/x_aq_vpu_viq0_dp/x_aq_vpu_srcv0_type/src_single0_snan,0,0.0,0.0,0.0,0.0,,0
x_aq_vpu_top/x_aq_vpu_viq0_dp/x_aq_vpu_srcv0_type/src_single0_zero,0,0.0,0.0,0.0,0.0,,0
x_aq_vpu_top/x_aq_vpu_viq0_dp/x_aq_vpu_srcv0_type/src_single1_cnan,0,0.0,0.0,0.0,0.0,,0
x_aq_vpu_top/x_aq_vpu_viq0_dp/x_aq_vpu_srcv0_type/src_single1_expn_max,4,0.00013320456891671384,4.833999999999999,3.3363769498019558,1.0,-0.020098632563824027,1
x_aq_vpu_top/x_aq_vpu_viq0_dp/x_aq_vpu_srcv0_type/src_single1_expn_zero,0,0.0,0.0,0.0,0.0,,0
x_aq_vpu_top/x_aq_vpu_viq0_dp/x_aq_vpu_srcv0_type/src_single1_frac_msb,12,0.00039961370675014153,2.3484166666666675,1.6208529654938797,0.8333333333333334,-0.008662698009394077,1
x_aq_vpu_top/x_aq_vpu_viq0_dp/x_aq_vpu_srcv0_type/src_single1_frac_zero,0,0.0,0.0,0.0,0.0,,0
x_aq_vpu_top/x_aq_vpu_viq0_dp/x_aq_vpu_srcv0_type/src_single1_id,0,0.0,0.0,0.0,0.0,,0
x_aq_vpu_top/x_aq_vpu_viq0_dp/x_aq_vpu_srcv0_type/src_single1_inf,0,0.0,0.0,0.0,0.0,,0
x_aq_vpu_top/x_aq_vpu_viq0_dp/x_aq_vpu_srcv0_type/src_single1_norm,7,0.00023310799560424922,2.261,1.5605188836372,0.8571428571428571,-0.01952162216962929,1
x_aq_vpu_top/x_aq_vpu_viq0_dp/x_aq_vpu_srcv0_type/src_single1_qnan,4,0.00013320456891671384,4.833999999999999,3.3363769498019558,1.0,-0.020098632563824027,1
x_aq_vpu_top/x_aq_vpu_viq0_dp/x_aq_vpu_srcv0_type/src_single1_snan,0,0.0,0.0,0.0,0.0,,0
x_aq_vpu_top/x_aq_vpu_viq0_dp/x_aq_vpu_srcv0_type/src_single1_zero,0,0.0,0.0,0.0,0.0,,0
x_aq_vpu_top/x_aq_vpu_viq0_dp/x_aq_vpu_srcv0_type/src_vec,1,3.330114222917846e-05,8.82,6.087473044529015,1.0,-0.00040606668911224335,1
x_aq_vpu_top/x_aq_vpu_viq0_dp/x_aq_vpu_srcv1_type/cp0_vpu_xx_bf16,0,0.0,0.0,0.0,0.0,,0
x_aq_vpu_top/x_aq_vpu_viq0_dp/x_aq_vpu_srcv1_type/ex1_srcvx[63:0],29,0.0009657331246461754,2.7920689655172413,1.9270572070353988,0.7931034482758621,0.13330910200860932,36
x_aq_vpu_top/x_aq_vpu_viq0_dp/x_aq_vpu_srcv1_type/ex1_srcvx_high[47:0],0,0.0,0.0,0.0,0.0,,0
x_aq_vpu_top/x_aq_vpu_viq0_dp/x_aq_vpu_srcv1_type/ex1_srcvx_vec,0,0.0,0.0,0.0,0.0,,0
x_aq_vpu_top/x_aq_vpu_viq0_dp/x_aq_vpu_srcv1_type/inst_simd,0,0.0,0.0,0.0,0.0,,0
x_aq_vpu_top/x_aq_vpu_viq0_dp/x_aq_vpu_srcv1_type/srcvx_type[47:0],30,0.0009990342668753538,3.1294999999999997,2.1599486273076587,0.8,0.1279855292343095,16
x_aq_vpu_top/x_aq_vpu_viq0_dp/x_aq_vpu_srcv1_type/src[63:0],29,0.0009657331246461754,2.7920689655172413,1.9270572070353988,0.7931034482758621,0.13330910200860932,36
x_aq_vpu_top/x_aq_vpu_viq0_dp/x_aq_vpu_srcv1_type/src_double_expn_max,0,0.0,0.0,0.0,0.0,,0
x_aq_vpu_top/x_aq_vpu_viq0_dp/x_aq_vpu_srcv1_type/src_double_expn_zero,0,0.0,0.0,0.0,0.0,,0
x_aq_vpu_top/x_aq_vpu_viq0_dp/x_aq_vpu_srcv1_type/src_double_frac_msb,0,0.0,0.0,0.0,0.0,,0
x_aq_vpu_top/x_aq_vpu_viq0_dp/x_aq_vpu_srcv1_type/src_double_frac_zero,0,0.0,0.0,0.0,0.0,,0
x_aq_vpu_top/x_aq_vpu_viq0_dp/x_aq_vpu_srcv1_type/src_double_id,0,0.0,0.0,0.0,0.0,,0
x_aq_vpu_top/x_aq_vpu_viq0_dp/x_aq_vpu_srcv1_type/src_double_inf,0,0.0,0.0,0.0,0.0,,0
x_aq_vpu_top/x_aq_vpu_viq0_dp/x_aq_vpu_srcv1_type/src_double_norm,12,0.00039961370675014153,1.2130000000000003,0.8372000910446368,0.5833333333333334,0.07111475332196562,1
x_aq_vpu_top/x_aq_vpu_viq0_dp/x_aq_vpu_srcv1_type/src_double_qnan,0,0.0,0.0,0.0,0.0,,0
x_aq_vpu_top/x_aq_vpu_viq0_dp/x_aq_vpu_srcv1_type/src_double_snan,0,0.0,0.0,0.0,0.0,,0
x_aq_vpu_top/x_aq_vpu_viq0_dp/x_aq_vpu_srcv1_type/src_double_zero,0,0.0,0.0,0.0,0.0,,0
x_aq_vpu_top/x_aq_vpu_viq0_dp/x_aq_vpu_srcv1_type/src_half0_cnan,12,0.00039961370675014153,1.2130000000000003,0.8372000910446368,0.5833333333333334,0.07111475332196562,1
x_aq_vpu_top/x_aq_vpu_viq0_dp/x_aq_vpu_srcv1_type/src_half0_expn_max,0,0.0,0.0,0.0,0.0,,0
x_aq_vpu_top/x_aq_vpu_viq0_dp/x_aq_vpu_srcv1_type/src_half0_expn_zero,0,0.0,0.0,0.0,0.0,,0
x_aq_vpu_top/x_aq_vpu_viq0_dp/x_aq_vpu_srcv1_type/src_half0_frac_msb,6,0.00019980685337507077,1.3120000000000003,0.9055288701158808,0.6666666666666666,0.03665408846972041,1
x_aq_vpu_top/x_aq_vpu_viq0_dp/x_aq_vpu_srcv1_type/src_half0_frac_zero,0,0.0,0.0,0.0,0.0,,0
x_aq_vpu_top/x_aq_vpu_viq0_dp/x_aq_vpu_srcv1_type/src_half0_id,0,0.0,0.0,0.0,0.0,,0
x_aq_vpu_top/x_aq_vpu_viq0_dp/x_aq_vpu_srcv1_type/src_half0_inf,0,0.0,0.0,0.0,0.0,,0
x_aq_vpu_top/x_aq_vpu_viq0_dp/x_aq_vpu_srcv1_type/src_half0_norm,0,0.0,0.0,0.0,0.0,,0
x_aq_vpu_top/x_aq_vpu_viq0_dp/x_aq_vpu_srcv1_type/src_half0_qnan,12,0.00039961370675014153,1.2130000000000003,0.8372000910446368,0.5833333333333334,0.07111475332196562,1
x_aq_vpu_top/x_aq_vpu_viq0_dp/x_aq_vpu_srcv1_type/src_half0_snan,0,0.0,0.0,0.0,0.0,,0
x_aq_vpu_top/x_aq_vpu_viq0_dp/x_aq_vpu_srcv1_type/src_half0_zero,0,0.0,0.0,0.0,0.0,,0
x_aq_vpu_top/x_aq_vpu_viq0_dp/x_aq_vpu_srcv1_type/src_half1_cnan,1,3.330114222917846e-05,8.82,6.087473044529015,1.0,-0.00040606668911224335,1
x_aq_vpu_top/x_aq_vpu_viq0_dp/x_aq_vpu_srcv1_type/src_half1_expn_max,0,0.0,0.0,0.0,0.0,,0
x_aq_vpu_top/x_aq_vpu_viq0_dp/x_aq_vpu_srcv1_type/src_half1_expn_zero,0,0.0,0.0,0.0,0.0,,0
x_aq_vpu_top/x_aq_vpu_viq0_dp/x_aq_vpu_srcv1_type/src_half1_frac_msb,0,0.0,0.0,0.0,0.0,,0
x_aq_vpu_top/x_aq_vpu_viq0_dp/x_aq_vpu_srcv1_type/src_half1_frac_zero,0,0.0,0.0,0.0,0.0,,0
x_aq_vpu_top/x_aq_vpu_viq0_dp/x_aq_vpu_srcv1_type/src_half1_id,0,0.0,0.0,0.0,0.0,,0
x_aq_vpu_top/x_aq_vpu_viq0_dp/x_aq_vpu_srcv1_type/src_half1_inf,0,0.0,0.0,0.0,0.0,,0
x_aq_vpu_top/x_aq_vpu_viq0_dp/x_aq_vpu_srcv1_type/src_half1_norm,0,0.0,0.0,0.0,0.0,,0
x_aq_vpu_top/x_aq_vpu_viq0_dp/x_aq_vpu_srcv1_type/src_half1_qnan,1,3.330114222917846e-05,8.82,6.087473044529015,1.0,-0.00040606668911224335,1
x_aq_vpu_top/x_aq_vpu_viq0_dp/x_aq_vpu_srcv1_type/src_half1_snan,0,0.0,0.0,0.0,0.0,,0
x_aq_vpu_top/x_aq_vpu_viq0_dp/x_aq_vpu_srcv1_type/src_half1_zero,0,0.0,0.0,0.0,0.0,,0
x_aq_vpu_top/x_aq_vpu_viq0_dp/x_aq_vpu_srcv1_type/src_half2_cnan,1,3.330114222917846e-05,8.82,6.087473044529015,1.0,-0.00040606668911224335,1
x_aq_vpu_top/x_aq_vpu_viq0_dp/x_aq_vpu_srcv1_type/src_half2_expn_max,0,0.0,0.0,0.0,0.0,,0
x_aq_vpu_top/x_aq_vpu_viq0_dp/x_aq_vpu_srcv1_type/src_half2_expn_zero,0,0.0,0.0,0.0,0.0,,0
x_aq_vpu_top/x_aq_vpu_viq0_dp/x_aq_vpu_srcv1_type/src_half2_frac_msb,0,0.0,0.0,0.0,0.0,,0
x_aq_vpu_top/x_aq_vpu_viq0_dp/x_aq_vpu_srcv1_type/src_half2_frac_zero,0,0.0,0.0,0.0,0.0,,0
x_aq_vpu_top/x_aq_vpu_viq0_dp/x_aq_vpu_srcv1_type/src_half2_id,0,0.0,0.0,0.0,0.0,,0
x_aq_vpu_top/x_aq_vpu_viq0_dp/x_aq_vpu_srcv1_type/src_half2_inf,0,0.0,0.0,0.0,0.0,,0
x_aq_vpu_top/x_aq_vpu_viq0_dp/x_aq_vpu_srcv1_type/src_half2_norm,0,0.0,0.0,0.0,0.0,,0
x_aq_vpu_top/x_aq_vpu_viq0_dp/x_aq_vpu_srcv1_type/src_half2_qnan,1,3.330114222917846e-05,8.82,6.087473044529015,1.0,-0.00040606668911224335,1
x_aq_vpu_top/x_aq_vpu_viq0_dp/x_aq_vpu_srcv1_type/src_half2_snan,0,0.0,0.0,0.0,0.0,,0
x_aq_vpu_top/x_aq_vpu_viq0_dp/x_aq_vpu_srcv1_type/src_half2_zero,0,0.0,0.0,0.0,0.0,,0
x_aq_vpu_top/x_aq_vpu_viq0_dp/x_aq_vpu_srcv1_type/src_half3_cnan,1,3.330114222917846e-05,8.82,6.087473044529015,1.0,-0.00040606668911224335,1
x_aq_vpu_top/x_aq_vpu_viq0_dp/x_aq_vpu_srcv1_type/src_half3_expn_max,0,0.0,0.0,0.0,0.0,,0
x_aq_vpu_top/x_aq_vpu_viq0_dp/x_aq_vpu_srcv1_type/src_half3_expn_zero,0,0.0,0.0,0.0,0.0,,0
x_aq_vpu_top/x_aq_vpu_viq0_dp/x_aq_vpu_srcv1_type/src_half3_frac_msb,0,0.0,0.0,0.0,0.0,,0
x_aq_vpu_top/x_aq_vpu_viq0_dp/x_aq_vpu_srcv1_type/src_half3_frac_zero,0,0.0,0.0,0.0,0.0,,0
x_aq_vpu_top/x_aq_vpu_viq0_dp/x_aq_vpu_srcv1_type/src_half3_id,0,0.0,0.0,0.0,0.0,,0
x_aq_vpu_top/x_aq_vpu_viq0_dp/x_aq_vpu_srcv1_type/src_half3_inf,0,0.0,0.0,0.0,0.0,,0
x_aq_vpu_top/x_aq_vpu_viq0_dp/x_aq_vpu_srcv1_type/src_half3_norm,0,0.0,0.0,0.0,0.0,,0
x_aq_vpu_top/x_aq_vpu_viq0_dp/x_aq_vpu_srcv1_type/src_half3_qnan,1,3.330114222917846e-05,8.82,6.087473044529015,1.0,-0.00040606668911224335,1
x_aq_vpu_top/x_aq_vpu_viq0_dp/x_aq_vpu_srcv1_type/src_half3_snan,0,0.0,0.0,0.0,0.0,,0
x_aq_vpu_top/x_aq_vpu_viq0_dp/x_aq_vpu_srcv1_type/src_half3_zero,0,0.0,0.0,0.0,0.0,,0
x_aq_vpu_top/x_aq_vpu_viq0_dp/x_aq_vpu_srcv1_type/src_high[47:0],0,0.0,0.0,0.0,0.0,,0
x_aq_vpu_top/x_aq_vpu_viq0_dp/x_aq_vpu_srcv1_type/src_single0_cnan,12,0.00039961370675014153,1.2130000000000003,0.8372000910446368,0.5833333333333334,0.07111475332196562,1
x_aq_vpu_top/x_aq_vpu_viq0_dp/x_aq_vpu_srcv1_type/src_single0_expn_max,0,0.0,0.0,0.0,0.0,,0
x_aq_vpu_top/x_aq_vpu_viq0_dp/x_aq_vpu_srcv1_type/src_single0_expn_zero,0,0.0,0.0,0.0,0.0,,0
x_aq_vpu_top/x_aq_vpu_viq0_dp/x_aq_vpu_srcv1_type/src_single0_frac_msb,6,0.00019980685337507077,1.3120000000000003,0.9055288701158808,0.6666666666666666,0.03665408846972041,1
x_aq_vpu_top/x_aq_vpu_viq0_dp/x_aq_vpu_srcv1_type/src_single0_frac_zero,0,0.0,0.0,0.0,0.0,,0
x_aq_vpu_top/x_aq_vpu_viq0_dp/x_aq_vpu_srcv1_type/src_single0_id,0,0.0,0.0,0.0,0.0,,0
x_aq_vpu_top/x_aq_vpu_viq0_dp/x_aq_vpu_srcv1_type/src_single0_inf,0,0.0,0.0,0.0,0.0,,0
x_aq_vpu_top/x_aq_vpu_viq0_dp/x_aq_vpu_srcv1_type/src_single0_norm,0,0.0,0.0,0.0,0.0,,0
x_aq_vpu_top/x_aq_vpu_viq0_dp/x_aq_vpu_srcv1_type/src_single0_qnan,12,0.00039961370675014153,1.2130000000000003,0.8372000910446368,0.5833333333333334,0.07111475332196562,1
x_aq_vpu_top/x_aq_vpu_viq0_dp/x_aq_vpu_srcv1_type/src_single0_snan,0,0.0,0.0,0.0,0.0,,0
x_aq_vpu_top/x_aq_vpu_viq0_dp/x_aq_vpu_srcv1_type/src_single0_zero,0,0.0,0.0,0.0,0.0,,0
x_aq_vpu_top/x_aq_vpu_viq0_dp/x_aq_vpu_srcv1_type/src_single1_cnan,1,3.330114222917846e-05,8.82,6.087473044529015,1.0,-0.00040606668911224335,1
x_aq_vpu_top/x_aq_vpu_viq0_dp/x_aq_vpu_srcv1_type/src_single1_expn_max,0,0.0,0.0,0.0,0.0,,0
x_aq_vpu_top/x_aq_vpu_viq0_dp/x_aq_vpu_srcv1_type/src_single1_expn_zero,0,0.0,0.0,0.0,0.0,,0
x_aq_vpu_top/x_aq_vpu_viq0_dp/x_aq_vpu_srcv1_type/src_single1_frac_msb,10,0.00033301142229178463,1.2281000000000004,0.8476219553272206,0.6,0.06479595037303086,1
x_aq_vpu_top/x_aq_vpu_viq0_dp/x_aq_vpu_srcv1_type/src_single1_frac_zero,0,0.0,0.0,0.0,0.0,,0
x_aq_vpu_top/x_aq_vpu_viq0_dp/x_aq_vpu_srcv1_type/src_single1_id,0,0.0,0.0,0.0,0.0,,0
x_aq_vpu_top/x_aq_vpu_viq0_dp/x_aq_vpu_srcv1_type/src_single1_inf,0,0.0,0.0,0.0,0.0,,0
x_aq_vpu_top/x_aq_vpu_viq0_dp/x_aq_vpu_srcv1_type/src_single1_norm,0,0.0,0.0,0.0,0.0,,0
x_aq_vpu_top/x_aq_vpu_viq0_dp/x_aq_vpu_srcv1_type/src_single1_qnan,1,3.330114222917846e-05,8.82,6.087473044529015,1.0,-0.00040606668911224335,1
x_aq_vpu_top/x_aq_vpu_viq0_dp/x_aq_vpu_srcv1_type/src_single1_snan,0,0.0,0.0,0.0,0.0,,0
x_aq_vpu_top/x_aq_vpu_viq0_dp/x_aq_vpu_srcv1_type/src_single1_zero,0,0.0,0.0,0.0,0.0,,0
x_aq_vpu_top/x_aq_vpu_viq0_dp/x_aq_vpu_srcv1_type/src_vec,0,0.0,0.0,0.0,0.0,,0
x_aq_vpu_top/x_aq_vpu_viq0_dp/x_aq_vpu_srcv2_type/cp0_vpu_xx_bf16,0,0.0,0.0,0.0,0.0,,0
x_aq_vpu_top/x_aq_vpu_viq0_dp/x_aq_vpu_srcv2_type/ex1_srcvx[63:0],10,0.00033301142229178463,1.7683,1.2204624245624327,0.4,-0.018722760431388923,34
x_aq_vpu_top/x_aq_vpu_viq0_dp/x_aq_vpu_srcv2_type/ex1_srcvx_high[47:0],0,0.0,0.0,0.0,0.0,,0
x_aq_vpu_top/x_aq_vpu_viq0_dp/x_aq_vpu_srcv2_type/ex1_srcvx_vec,0,0.0,0.0,0.0,0.0,,0
x_aq_vpu_top/x_aq_vpu_viq0_dp/x_aq_vpu_srcv2_type/inst_simd,0,0.0,0.0,0.0,0.0,,0
x_aq_vpu_top/x_aq_vpu_viq0_dp/x_aq_vpu_srcv2_type/srcvx_type[47:0],10,0.00033301142229178463,1.7683,1.2204624245624327,0.4,-0.018387253439924544,13
x_aq_vpu_top/x_aq_vpu_viq0_dp/x_aq_vpu_srcv2_type/src[63:0],10,0.00033301142229178463,1.7683,1.2204624245624327,0.4,-0.018722760431388923,34
x_aq_vpu_top/x_aq_vpu_viq0_dp/x_aq_vpu_srcv2_type/src_double_expn_max,0,0.0,0.0,0.0,0.0,,0
x_aq_vpu_top/x_aq_vpu_viq0_dp/x_aq_vpu_srcv2_type/src_double_expn_zero,0,0.0,0.0,0.0,0.0,,0
x_aq_vpu_top/x_aq_vpu_viq0_dp/x_aq_vpu_srcv2_type/src_double_frac_msb,0,0.0,0.0,0.0,0.0,,0
x_aq_vpu_top/x_aq_vpu_viq0_dp/x_aq_vpu_srcv2_type/src_double_frac_zero,0,0.0,0.0,0.0,0.0,,0
x_aq_vpu_top/x_aq_vpu_viq0_dp/x_aq_vpu_srcv2_type/src_double_id,0,0.0,0.0,0.0,0.0,,0
x_aq_vpu_top/x_aq_vpu_viq0_dp/x_aq_vpu_srcv2_type/src_double_inf,0,0.0,0.0,0.0,0.0,,0
x_aq_vpu_top/x_aq_vpu_viq0_dp/x_aq_vpu_srcv2_type/src_double_norm,3,9.990342668753538e-05,2.7996666666666656,1.9323010620181094,0.3333333333333333,-0.01917478667855897,1
x_aq_vpu_top/x_aq_vpu_viq0_dp/x_aq_vpu_srcv2_type/src_double_qnan,0,0.0,0.0,0.0,0.0,,0
x_aq_vpu_top/x_aq_vpu_viq0_dp/x_aq_vpu_srcv2_type/src_double_snan,0,0.0,0.0,0.0,0.0,,0
x_aq_vpu_top/x_aq_vpu_viq0_dp/x_aq_vpu_srcv2_type/src_double_zero,0,0.0,0.0,0.0,0.0,,0
x_aq_vpu_top/x_aq_vpu_viq0_dp/x_aq_vpu_srcv2_type/src_half0_cnan,3,9.990342668753538e-05,2.7996666666666656,1.9323010620181094,0.3333333333333333,-0.01917478667855897,1
x_aq_vpu_top/x_aq_vpu_viq0_dp/x_aq_vpu_srcv2_type/src_half0_expn_max,1,3.330114222917846e-05,1.9349999999999987,1.3355170454834053,0.0,-0.025052991926978456,1
x_aq_vpu_top/x_aq_vpu_viq0_dp/x_aq_vpu_srcv2_type/src_half0_expn_zero,0,0.0,0.0,0.0,0.0,,0
x_aq_vpu_top/x_aq_vpu_viq0_dp/x_aq_vpu_srcv2_type/src_half0_frac_msb,4,0.00013320456891671384,2.5167499999999996,1.7370348962379134,0.5,-0.0020488577465717366,1
x_aq_vpu_top/x_aq_vpu_viq0_dp/x_aq_vpu_srcv2_type/src_half0_frac_zero,0,0.0,0.0,0.0,0.0,,0
x_aq_vpu_top/x_aq_vpu_viq0_dp/x_aq_vpu_srcv2_type/src_half0_id,0,0.0,0.0,0.0,0.0,,0
x_aq_vpu_top/x_aq_vpu_viq0_dp/x_aq_vpu_srcv2_type/src_half0_inf,0,0.0,0.0,0.0,0.0,,0
x_aq_vpu_top/x_aq_vpu_viq0_dp/x_aq_vpu_srcv2_type/src_half0_norm,0,0.0,0.0,0.0,0.0,,0
x_aq_vpu_top/x_aq_vpu_viq0_dp/x_aq_vpu_srcv2_type/src_half0_qnan,3,9.990342668753538e-05,2.7996666666666656,1.9323010620181094,0.3333333333333333,-0.01917478667855897,1
x_aq_vpu_top/x_aq_vpu_viq0_dp/x_aq_vpu_srcv2_type/src_half0_snan,0,0.0,0.0,0.0,0.0,,0
x_aq_vpu_top/x_aq_vpu_viq0_dp/x_aq_vpu_srcv2_type/src_half0_zero,0,0.0,0.0,0.0,0.0,,0
x_aq_vpu_top/x_aq_vpu_viq0_dp/x_aq_vpu_srcv2_type/src_half1_cnan,0,0.0,0.0,0.0,0.0,,0
x_aq_vpu_top/x_aq_vpu_viq0_dp/x_aq_vpu_srcv2_type/src_half1_expn_max,2,6.660228445835692e-05,1.5949999999999998,1.100852551703376,0.5,0.04060441735517989,1
x_aq_vpu_top/x_aq_vpu_viq0_dp/x_aq_vpu_srcv2_type/src_half1_expn_zero,0,0.0,0.0,0.0,0.0,,0
x_aq_vpu_top/x_aq_vpu_viq0_dp/x_aq_vpu_srcv2_type/src_half1_frac_msb,2,6.660228445835692e-05,1.5949999999999998,1.100852551703376,0.5,0.04060441735517989,1
x_aq_vpu_top/x_aq_vpu_viq0_dp/x_aq_vpu_srcv2_type/src_half1_frac_zero,0,0.0,0.0,0.0,0.0,,0
x_aq_vpu_top/x_aq_vpu_viq0_dp/x_aq_vpu_srcv2_type/src_half1_id,0,0.0,0.0,0.0,0.0,,0
x_aq_vpu_top/x_aq_vpu_viq0_dp/x_aq_vpu_srcv2_type/src_half1_inf,0,0.0,0.0,0.0,0.0,,0
x_aq_vpu_top/x_aq_vpu_viq0_dp/x_aq_vpu_srcv2_type/src_half1_norm,5,0.00016650571114589232,2.4003999999999994,1.6567313260870118,0.4,-0.022672666135977976,1
x_aq_vpu_top/x_aq_vpu_viq0_dp/x_aq_vpu_srcv2_type/src_half1_qnan,2,6.660228445835692e-05,1.5949999999999998,1.100852551703376,0.5,0.04060441735517989,1
x_aq_vpu_top/x_aq_vpu_viq0_dp/x_aq_vpu_srcv2_type/src_half1_snan,0,0.0,0.0,0.0,0.0,,0
x_aq_vpu_top/x_aq_vpu_viq0_dp/x_aq_vpu_srcv2_type/src_half1_zero,0,0.0,0.0,0.0,0.0,,0
x_aq_vpu_top/x_aq_vpu_viq0_dp/x_aq_vpu_srcv2_type/src_half2_cnan,0,0.0,0.0,0.0,0.0,,0
x_aq_vpu_top/x_aq_vpu_viq0_dp/x_aq_vpu_srcv2_type/src_half2_expn_max,0,0.0,0.0,0.0,0.0,,0
x_aq_vpu_top/x_aq_vpu_viq0_dp/x_aq_vpu_srcv2_type/src_half2_expn_zero,0,0.0,0.0,0.0,0.0,,0
x_aq_vpu_top/x_aq_vpu_viq0_dp/x_aq_vpu_srcv2_type/src_half2_frac_msb,2,6.660228445835692e-05,1.5949999999999998,1.100852551703376,0.5,0.04060441735517989,1
x_aq_vpu_top/x_aq_vpu_viq0_dp/x_aq_vpu_srcv2_type/src_half2_frac_zero,0,0.0,0.0,0.0,0.0,,0
x_aq_vpu_top/x_aq_vpu_viq0_dp/x_aq_vpu_srcv2_type/src_half2_id,0,0.0,0.0,0.0,0.0,,0
x_aq_vpu_top/x_aq_vpu_viq0_dp/x_aq_vpu_srcv2_type/src_half2_inf,0,0.0,0.0,0.0,0.0,,0
x_aq_vpu_top/x_aq_vpu_viq0_dp/x_aq_vpu_srcv2_type/src_half2_norm,3,9.990342668753538e-05,2.7996666666666656,1.9323010620181094,0.3333333333333333,-0.01917478667855897,1
x_aq_vpu_top/x_aq_vpu_viq0_dp/x_aq_vpu_srcv2_type/src_half2_qnan,0,0.0,0.0,0.0,0.0,,0
x_aq_vpu_top/x_aq_vpu_viq0_dp/x_aq_vpu_srcv2_type/src_half2_snan,0,0.0,0.0,0.0,0.0,,0
x_aq_vpu_top/x_aq_vpu_viq0_dp/x_aq_vpu_srcv2_type/src_half2_zero,0,0.0,0.0,0.0,0.0,,0
x_aq_vpu_top/x_aq_vpu_viq0_dp/x_aq_vpu_srcv2_type/src_half3_cnan,0,0.0,0.0,0.0,0.0,,0
x_aq_vpu_top/x_aq_vpu_viq0_dp/x_aq_vpu_srcv2_type/src_half3_expn_max,0,0.0,0.0,0.0,0.0,,0
x_aq_vpu_top/x_aq_vpu_viq0_dp/x_aq_vpu_srcv2_type/src_half3_expn_zero,0,0.0,0.0,0.0,0.0,,0
x_aq_vpu_top/x_aq_vpu_viq0_dp/x_aq_vpu_srcv2_type/src_half3_frac_msb,0,0.0,0.0,0.0,0.0,,0
x_aq_vpu_top/x_aq_vpu_viq0_dp/x_aq_vpu_srcv2_type/src_half3_frac_zero,0,0.0,0.0,0.0,0.0,,0
x_aq_vpu_top/x_aq_vpu_viq0_dp/x_aq_vpu_srcv2_type/src_half3_id,0,0.0,0.0,0.0,0.0,,0
x_aq_vpu_top/x_aq_vpu_viq0_dp/x_aq_vpu_srcv2_type/src_half3_inf,0,0.0,0.0,0.0,0.0,,0
x_aq_vpu_top/x_aq_vpu_viq0_dp/x_aq_vpu_srcv2_type/src_half3_norm,3,9.990342668753538e-05,2.7996666666666656,1.9323010620181094,0.3333333333333333,-0.01917478667855897,1
x_aq_vpu_top/x_aq_vpu_viq0_dp/x_aq_vpu_srcv2_type/src_half3_qnan,0,0.0,0.0,0.0,0.0,,0
x_aq_vpu_top/x_aq_vpu_viq0_dp/x_aq_vpu_srcv2_type/src_half3_snan,0,0.0,0.0,0.0,0.0,,0
x_aq_vpu_top/x_aq_vpu_viq0_dp/x_aq_vpu_srcv2_type/src_half3_zero,0,0.0,0.0,0.0,0.0,,0
x_aq_vpu_top/x_aq_vpu_viq0_dp/x_aq_vpu_srcv2_type/src_high[47:0],0,0.0,0.0,0.0,0.0,,0
x_aq_vpu_top/x_aq_vpu_viq0_dp/x_aq_vpu_srcv2_type/src_single0_cnan,3,9.990342668753538e-05,2.7996666666666656,1.9323010620181094,0.3333333333333333,-0.01917478667855897,1
x_aq_vpu_top/x_aq_vpu_viq0_dp/x_aq_vpu_srcv2_type/src_single0_expn_max,2,6.660228445835692e-05,1.5949999999999998,1.100852551703376,0.5,0.04060441735517989,1
x_aq_vpu_top/x_aq_vpu_viq0_dp/x_aq_vpu_srcv2_type/src_single0_expn_zero,0,0.0,0.0,0.0,0.0,,0
x_aq_vpu_top/x_aq_vpu_viq0_dp/x_aq_vpu_srcv2_type/src_single0_frac_msb,5,0.00016650571114589232,2.4003999999999994,1.6567313260870118,0.4,-0.022672666135977976,1
x_aq_vpu_top/x_aq_vpu_viq0_dp/x_aq_vpu_srcv2_type/src_single0_frac_zero,0,0.0,0.0,0.0,0.0,,0
x_aq_vpu_top/x_aq_vpu_viq0_dp/x_aq_vpu_srcv2_type/src_single0_id,0,0.0,0.0,0.0,0.0,,0
x_aq_vpu_top/x_aq_vpu_viq0_dp/x_aq_vpu_srcv2_type/src_single0_inf,0,0.0,0.0,0.0,0.0,,0
x_aq_vpu_top/x_aq_vpu_viq0_dp/x_aq_vpu_srcv2_type/src_single0_norm,0,0.0,0.0,0.0,0.0,,0
x_aq_vpu_top/x_aq_vpu_viq0_dp/x_aq_vpu_srcv2_type/src_single0_qnan,3,9.990342668753538e-05,2.7996666666666656,1.9323010620181094,0.3333333333333333,-0.01917478667855897,1
x_aq_vpu_top/x_aq_vpu_viq0_dp/x_aq_vpu_srcv2_type/src_single0_snan,0,0.0,0.0,0.0,0.0,,0
x_aq_vpu_top/x_aq_vpu_viq0_dp/x_aq_vpu_srcv2_type/src_single0_zero,0,0.0,0.0,0.0,0.0,,0
x_aq_vpu_top/x_aq_vpu_viq0_dp/x_aq_vpu_srcv2_type/src_single1_cnan,0,0.0,0.0,0.0,0.0,,0
x_aq_vpu_top/x_aq_vpu_viq0_dp/x_aq_vpu_srcv2_type/src_single1_expn_max,0,0.0,0.0,0.0,0.0,,0
x_aq_vpu_top/x_aq_vpu_viq0_dp/x_aq_vpu_srcv2_type/src_single1_expn_zero,0,0.0,0.0,0.0,0.0,,0
x_aq_vpu_top/x_aq_vpu_viq0_dp/x_aq_vpu_srcv2_type/src_single1_frac_msb,3,9.990342668753538e-05,2.7996666666666656,1.9323010620181094,0.3333333333333333,-0.01917478667855897,1
x_aq_vpu_top/x_aq_vpu_viq0_dp/x_aq_vpu_srcv2_type/src_single1_frac_zero,0,0.0,0.0,0.0,0.0,,0
x_aq_vpu_top/x_aq_vpu_viq0_dp/x_aq_vpu_srcv2_type/src_single1_id,0,0.0,0.0,0.0,0.0,,0
x_aq_vpu_top/x_aq_vpu_viq0_dp/x_aq_vpu_srcv2_type/src_single1_inf,0,0.0,0.0,0.0,0.0,,0
x_aq_vpu_top/x_aq_vpu_viq0_dp/x_aq_vpu_srcv2_type/src_single1_norm,3,9.990342668753538e-05,2.7996666666666656,1.9323010620181094,0.3333333333333333,-0.01917478667855897,1
x_aq_vpu_top/x_aq_vpu_viq0_dp/x_aq_vpu_srcv2_type/src_single1_qnan,0,0.0,0.0,0.0,0.0,,0
x_aq_vpu_top/x_aq_vpu_viq0_dp/x_aq_vpu_srcv2_type/src_single1_snan,0,0.0,0.0,0.0,0.0,,0
x_aq_vpu_top/x_aq_vpu_viq0_dp/x_aq_vpu_srcv2_type/src_single1_zero,0,0.0,0.0,0.0,0.0,,0
x_aq_vpu_top/x_aq_vpu_viq0_dp/x_aq_vpu_srcv2_type/src_vec,0,0.0,0.0,0.0,0.0,,0
x_aq_vpu_top/x_aq_vpu_viq0_dp/x_ex1_denormal_clk/clk_in,0,0.0,0.0,0.0,0.0,,0
x_aq_vpu_top/x_aq_vpu_viq0_dp/x_ex1_denormal_clk/global_en,1,3.330114222917846e-05,2.862,1.9753228858777825,0.0,0.004988007030259691,1
x_aq_vpu_top/x_aq_vpu_viq0_dp/x_ex1_denormal_clk/module_en,0,0.0,0.0,0.0,0.0,,0
x_aq_vpu_top/x_aq_vpu_viq0_dp/x_ex1_denormal_clk/local_en,0,0.0,0.0,0.0,0.0,,0
x_aq_vpu_top/x_aq_vpu_viq0_dp/x_ex1_denormal_clk/external_en,0,0.0,0.0,0.0,0.0,,0
x_aq_vpu_top/x_aq_vpu_viq0_dp/x_ex1_denormal_clk/pad_yy_icg_scan_en,0,0.0,0.0,0.0,0.0,,0
x_aq_vpu_top/x_aq_vpu_viq0_dp/x_ex1_denormal_clk/clk_out,0,0.0,0.0,0.0,0.0,,0
x_aq_vpu_top/x_aq_vpu_viq0_dp/x_ex1_denormal_clk/clk_en_bf_latch,0,0.0,0.0,0.0,0.0,,0
x_aq_vpu_top/x_aq_vpu_viq0_dp/x_ex1_denormal_clk/SE,0,0.0,0.0,0.0,0.0,,0
