signal,n_edges,edge_rate,impact_mW,lift,spec,lvl_corr,max_hamming
x_aq_lsu_top/biu_lsu_arready,1,0.00012030798845043312,9.919999999999995,1.293135306223011,1.0,-0.07349821562606879,1
x_aq_lsu_top/biu_lsu_no_op,1,0.00012030798845043312,1.2299999999999933,0.16033834946111852,0.0,-0.11407227095261288,1
x_aq_lsu_top/biu_lsu_rdata[127:0],0,0.0,0.0,0.0,0.0,,0
x_aq_lsu_top/biu_lsu_rid[3:0],0,0.0,0.0,0.0,0.0,,0
x_aq_lsu_top/biu_lsu_rlast,1,0.00012030798845043312,1.2299999999999933,0.16033834946111852,0.0,-0.11407227095261288,1
x_aq_lsu_top/biu_lsu_rresp[1:0],0,0.0,0.0,0.0,0.0,,0
x_aq_lsu_top/biu_lsu_rvalid,0,0.0,0.0,0.0,0.0,,0
x_aq_lsu_top/biu_lsu_stb_awready,1,0.00012030798845043312,6.270000000000003,0.8173345131066823,0.0,-0.0111453056014091,1
x_aq_lsu_top/biu_lsu_stb_wready,1,0.00012030798845043312,1.2299999999999933,0.16033834946111852,0.0,-0.11407227095261288,1
x_aq_lsu_top/biu_lsu_vb_awready,1,0.00012030798845043312,6.270000000000003,0.8173345131066823,0.0,-0.0111453056014091,1
x_aq_lsu_top/biu_lsu_vb_wready,0,0.0,0.0,0.0,0.0,,0
x_aq_lsu_top/cp0_lsu_amr[1:0],1,0.00012030798845043312,0.23999999999999844,0.03128553160216944,0.0,0.0029125084884028974,1
x_aq_lsu_top/cp0_lsu_dcache_en,3,0.0003609239653512993,10.02,1.3061709443905825,0.0,-0.020636977497295393,1
x_aq_lsu_top/cp0_lsu_dcache_pref_dist[1:0],2,0.00024061597690086623,0.7349999999999959,0.09581194053164399,0.0,-0.014201449376341619,1
x_aq_lsu_top/cp0_lsu_dcache_pref_en,1,0.00012030798845043312,0.23999999999999844,0.03128553160216944,0.0,0.0029125084884028974,1
x_aq_lsu_top/cp0_lsu_dcache_read_idx[16:0],2,0.00024061597690086623,8.689999999999998,1.132796956761892,0.0,0.006354439989074542,8
x_aq_lsu_top/cp0_lsu_dcache_read_req,4,0.00048123195380173246,7.002500000000001,0.9128205626841372,0.0,0.01857122887551861,1
x_aq_lsu_top/cp0_lsu_dcache_read_type,2,0.00024061597690086623,12.544999999999996,1.6353208081217419,0.0,-0.023685211903528312,1
x_aq_lsu_top/cp0_lsu_dcache_read_way[1:0],0,0.0,0.0,0.0,0.0,,0
x_aq_lsu_top/cp0_lsu_dcache_wa,1,0.00012030798845043312,5.359999999999999,0.6987102057817886,0.0,0.0021140122656802167,1
x_aq_lsu_top/cp0_lsu_dcache_wb,0,0.0,0.0,0.0,0.0,,0
x_aq_lsu_top/cp0_lsu_fence_req,0,0.0,0.0,0.0,0.0,,0
x_aq_lsu_top/cp0_lsu_icc_addr[63:0],58,0.00697786333012512,7.5875862068965505,0.9890902835835355,0.0,-0.004275180606981651,10
x_aq_lsu_top/cp0_lsu_icc_op[1:0],21,0.002526467757459095,8.297619047619047,1.0816475955710436,0.0,0.04813256860949152,2
x_aq_lsu_top/cp0_lsu_icc_req,26,0.0031280076997112606,6.710384615384614,0.8747414581138679,0.11538461538461539,0.14278261180596638,1
x_aq_lsu_top/cp0_lsu_icc_type[1:0],6,0.0007218479307025986,7.678333333333334,1.0009197506333023,0.0,-0.00638949866762142,1
x_aq_lsu_top/cp0_lsu_icg_en,0,0.0,0.0,0.0,0.0,,0
x_aq_lsu_top/cp0_lsu_mm,1,0.00012030798845043312,1.2299999999999933,0.16033834946111852,0.0,-0.11407227095261288,1
x_aq_lsu_top/cp0_lsu_mpp[1:0],1,0.00012030798845043312,1.2299999999999933,0.16033834946111852,0.0,-0.11407227095261649,2
x_aq_lsu_top/cp0_lsu_mprv,0,0.0,0.0,0.0,0.0,,0
x_aq_lsu_top/cp0_lsu_sync_req,0,0.0,0.0,0.0,0.0,,0
x_aq_lsu_top/cp0_lsu_we_en,0,0.0,0.0,0.0,0.0,,0
x_aq_lsu_top/cp0_yy_priv_mode[1:0],1,0.00012030798845043312,1.2299999999999933,0.16033834946111852,0.0,-0.11407227095261649,2
x_aq_lsu_top/cpurst_b,3,0.0003609239653512993,6.4566666666666634,0.8416677043528134,0.3333333333333333,-0.052373008311376444,1
x_aq_lsu_top/da_xx_fwd_data[63:0],0,0.0,0.0,0.0,0.0,,0
x_aq_lsu_top/da_xx_fwd_dst_reg[5:0],4,0.00048123195380173246,9.445000000000004,1.2312160249270516,0.0,-0.04886026002687138,2
x_aq_lsu_top/da_xx_fwd_vld,0,0.0,0.0,0.0,0.0,,0
x_aq_lsu_top/dtu_lsu_addr_trig_en,0,0.0,0.0,0.0,0.0,,0
x_aq_lsu_top/dtu_lsu_data_trig_en,0,0.0,0.0,0.0,0.0,,0
x_aq_lsu_top/dtu_lsu_halt_info[21:0],0,0.0,0.0,0.0,0.0,,0
x_aq_lsu_top/dtu_lsu_halt_info_vld,1,0.00012030798845043312,1.2299999999999933,0.16033834946111852,0.0,-0.11407227095261288,1
x_aq_lsu_top/forever_cpuclk,0,0.0,0.0,0.0,0.0,,0
x_aq_lsu_top/hpcp_lsu_cnt_en,1,0.00012030798845043312,1.2299999999999933,0.16033834946111852,0.0,-0.11407227095261288,1
x_aq_lsu_top/idu_lsu_ex1_dp_sel,2,0.00024061597690086623,5.865000000000004,0.764540178528021,0.5,0.045749683029589774,1
x_aq_lsu_top/idu_lsu_ex1_dst0_reg[5:0],201,0.024181905678537056,7.015472636815921,0.9145116286802536,0.009950248756218905,-0.0431026170490449,4
x_aq_lsu_top/idu_lsu_ex1_dst1_reg[5:0],232,0.02791145332050048,7.347413793103448,0.957782276743146,0.021551724137931036,0.01916365377919646,4
x_aq_lsu_top/idu_lsu_ex1_func[19:0],283,0.03404716073147257,7.443144876325088,0.9702614343658149,0.0176678445229682,-0.02610913087818968,9
x_aq_lsu_top/idu_lsu_ex1_gateclk_sel,2,0.00024061597690086623,5.865000000000004,0.764540178528021,0.5,0.045749683029589774,1
x_aq_lsu_top/idu_lsu_ex1_halt_info[21:0],2,0.00024061597690086623,2.729999999999995,0.355872921974679,0.0,-0.11414277335038961,2
x_aq_lsu_top/idu_lsu_ex1_length,70,0.008421559191530318,7.78285714285714,1.0145450962417866,0.014285714285714285,0.021047532093233682,1
x_aq_lsu_top/idu_lsu_ex1_sel,2,0.00024061597690086623,5.865000000000004,0.764540178528021,0.5,0.045749683029589774,1
x_aq_lsu_top/idu_lsu_ex1_split,0,0.0,0.0,0.0,0.0,,0
x_aq_lsu_top/idu_lsu_ex1_src0_data[63:0],133,0.016000962463907604,7.828646616541354,1.0205140463500957,0.03759398496240601,-0.01150521986424994,15
x_aq_lsu_top/idu_lsu_ex1_src1_data[63:0],273,0.032844080846968236,7.447802197802199,0.9708685459418717,0.014652014652014652,-0.02449346525944541,61
x_aq_lsu_top/idu_lsu_ex1_src2_data[63:0],274,0.03296438883541867,7.4105109489051095,0.9660073936674789,0.014598540145985401,-0.03403865149461813,61
x_aq_lsu_top/idu_lsu_ex1_src2_ready,1,0.00012030798845043312,4.229999999999997,0.5514074944882394,0.0,-0.11159874846060339,1
x_aq_lsu_top/idu_lsu_ex1_src2_reg[5:0],96,0.011549566891241578,7.051979166666666,0.9192704878191329,0.020833333333333332,-0.03274036443775244,4
x_aq_lsu_top/idu_lsu_ex1_vlmul[1:0],0,0.0,0.0,0.0,0.0,,0
x_aq_lsu_top/idu_lsu_ex1_vsew[1:0],0,0.0,0.0,0.0,0.0,,0
x_aq_lsu_top/ifu_lsu_warm_up,2,0.00024061597690086623,7.3900000000000015,0.9633336605834737,0.0,8.1767073335401e-05,1
x_aq_lsu_top/iu_lsu_ex1_cur_pc[15:0],217,0.026106833493743986,7.767004608294931,1.012478617195868,0.02304147465437788,0.018699569985958408,8
x_aq_lsu_top/lsu_biu_araddr[39:0],0,0.0,0.0,0.0,0.0,,0
x_aq_lsu_top/lsu_biu_arburst[1:0],3,0.0003609239653512993,2.9166666666666665,0.3802061132208116,0.0,-0.005273875974185308,2
x_aq_lsu_top/lsu_biu_arcache[3:0],2,0.00024061597690086623,3.7600000000000033,0.49013999510065814,0.0,-0.01120685462387242,3
x_aq_lsu_top/lsu_biu_arid[3:0],3,0.0003609239653512993,2.9166666666666665,0.3802061132208116,0.0,0.0006978804405999615,2
x_aq_lsu_top/lsu_biu_arlen[1:0],2,0.00024061597690086623,3.7600000000000033,0.49013999510065814,0.0,-0.011226700708829732,1
x_aq_lsu_top/lsu_biu_arprot[2:0],1,0.00012030798845043312,1.2299999999999933,0.16033834946111852,0.0,-0.11407227095261288,1
x_aq_lsu_top/lsu_biu_arsize[2:0],2,0.00024061597690086623,3.7600000000000033,0.49013999510065814,0.0,-0.011206854623872258,2
x_aq_lsu_top/lsu_biu_aruser,0,0.0,0.0,0.0,0.0,,0
x_aq_lsu_top/lsu_biu_arvalid,0,0.0,0.0,0.0,0.0,,0
x_aq_lsu_top/lsu_biu_stb_awaddr[39:0],0,0.0,0.0,0.0,0.0,,0
x_aq_lsu_top/lsu_biu_stb_awburst[1:0],0,0.0,0.0,0.0,0.0,,0
x_aq_lsu_top/lsu_biu_stb_awcache[3:0],0,0.0,0.0,0.0,0.0,,0
x_aq_lsu_top/lsu_biu_stb_awid[1:0],0,0.0,0.0,0.0,0.0,,0
x_aq_lsu_top/lsu_biu_stb_awlen[1:0],0,0.0,0.0,0.0,0.0,,0
x_aq_lsu_top/lsu_biu_stb_awprot[2:0],0,0.0,0.0,0.0,0.0,,0
x_aq_lsu_top/lsu_biu_stb_awsize[2:0],0,0.0,0.0,0.0,0.0,,0
x_aq_lsu_top/lsu_biu_stb_awuser,0,0.0,0.0,0.0,0.0,,0
x_aq_lsu_top/lsu_biu_stb_awvalid,0,0.0,0.0,0.0,0.0,,0
x_aq_lsu_top/lsu_biu_stb_wdata[127:0],0,0.0,0.0,0.0,0.0,,0
x_aq_lsu_top/lsu_biu_stb_wlast,1,0.00012030798845043312,41.400000000000006,5.3967542013742635,1.0,-0.14861602140388885,1
x_aq_lsu_top/lsu_biu_stb_wstrb[15:0],0,0.0,0.0,0.0,0.0,,0
x_aq_lsu_top/lsu_biu_stb_wvalid,0,0.0,0.0,0.0,0.0,,0
x_aq_lsu_top/lsu_biu_vb_awaddr[39:0],2,0.00024061597690086623,3.7600000000000033,0.49013999510065814,0.0,-0.011206854623871835,6
x_aq_lsu_top/lsu_biu_vb_awburst[1:0],0,0.0,0.0,0.0,0.0,,0
x_aq_lsu_top/lsu_biu_vb_awcache[3:0],0,0.0,0.0,0.0,0.0,,0
x_aq_lsu_top/lsu_biu_vb_awid[3:0],0,0.0,0.0,0.0,0.0,,0
x_aq_lsu_top/lsu_biu_vb_awlen[1:0],0,0.0,0.0,0.0,0.0,,0
x_aq_lsu_top/lsu_biu_vb_awprot[2:0],0,0.0,0.0,0.0,0.0,,0
x_aq_lsu_top/lsu_biu_vb_awsize[2:0],0,0.0,0.0,0.0,0.0,,0
x_aq_lsu_top/lsu_biu_vb_awvalid,0,0.0,0.0,0.0,0.0,,0
x_aq_lsu_top/lsu_biu_vb_wdata[127:0],0,0.0,0.0,0.0,0.0,,0
x_aq_lsu_top/lsu_biu_vb_wlast,0,0.0,0.0,0.0,0.0,,0
x_aq_lsu_top/lsu_biu_vb_wstrb[15:0],0,0.0,0.0,0.0,0.0,,0
x_aq_lsu_top/lsu_biu_vb_wvalid,0,0.0,0.0,0.0,0.0,,0
x_aq_lsu_top/lsu_cp0_dcache_read_data[127:0],0,0.0,0.0,0.0,0.0,,0
x_aq_lsu_top/lsu_cp0_dcache_read_data_vld,0,0.0,0.0,0.0,0.0,,0
x_aq_lsu_top/lsu_cp0_fence_ack,31,0.0037295476419634266,6.315806451612904,0.8233056763963433,0.03225806451612903,-0.15296285093903966,1
x_aq_lsu_top/lsu_cp0_icc_done,0,0.0,0.0,0.0,0.0,,0
x_aq_lsu_top/lsu_cp0_sync_ack,31,0.0037295476419634266,6.315806451612904,0.8233056763963433,0.03225806451612903,-0.15296285093903966,1
x_aq_lsu_top/lsu_dtu_debug_info[93:0],123,0.014797882579403272,7.512195121951219,0.9792625745394562,0.032520325203252036,,34
x_aq_lsu_top/lsu_dtu_halt_info[21:0],2,0.00024061597690086623,2.729999999999995,0.355872921974679,0.0,-0.11414277335038961,2
x_aq_lsu_top/lsu_dtu_last_check,0,0.0,0.0,0.0,0.0,,0
x_aq_lsu_top/lsu_dtu_ldst_addr[39:0],0,0.0,0.0,0.0,0.0,,0
x_aq_lsu_top/lsu_dtu_ldst_addr_vld,0,0.0,0.0,0.0,0.0,,0
x_aq_lsu_top/lsu_dtu_ldst_bytes_vld[15:0],1,0.00012030798845043312,6.270000000000003,0.8173345131066823,0.0,-0.0111453056014091,1
x_aq_lsu_top/lsu_dtu_ldst_data[63:0],0,0.0,0.0,0.0,0.0,,0
x_aq_lsu_top/lsu_dtu_ldst_data_vld,0,0.0,0.0,0.0,0.0,,0
x_aq_lsu_top/lsu_dtu_ldst_type[1:0],1,0.00012030798845043312,6.270000000000003,0.8173345131066823,0.0,-0.0111453056014091,1
x_aq_lsu_top/lsu_dtu_mem_access_size[2:0],62,0.007459095283926853,8.297741935483872,1.081663614788454,0.016129032258064516,0.006201131798532642,2
x_aq_lsu_top/lsu_hpcp_cache_read_access,0,0.0,0.0,0.0,0.0,,0
x_aq_lsu_top/lsu_hpcp_cache_read_miss,0,0.0,0.0,0.0,0.0,,0
x_aq_lsu_top/lsu_hpcp_cache_write_access,0,0.0,0.0,0.0,0.0,,0
x_aq_lsu_top/lsu_hpcp_cache_write_miss,0,0.0,0.0,0.0,0.0,,0
x_aq_lsu_top/lsu_hpcp_inst_store,0,0.0,0.0,0.0,0.0,,0
x_aq_lsu_top/lsu_hpcp_unalign_inst,0,0.0,0.0,0.0,0.0,,0
x_aq_lsu_top/lsu_idu_full,2,0.00024061597690086623,3.09,0.4028012193779341,0.0,-0.0034484149865508175,1
x_aq_lsu_top/lsu_idu_global_full,2,0.00024061597690086623,3.09,0.4028012193779341,0.0,-0.0034484149865508175,1
x_aq_lsu_top/lsu_iu_ex2_data[63:0],0,0.0,0.0,0.0,0.0,,0
x_aq_lsu_top/lsu_iu_ex2_data_vld,0,0.0,0.0,0.0,0.0,,0
x_aq_lsu_top/lsu_iu_ex2_dest_reg[4:0],4,0.00048123195380173246,3.6900000000000004,0.4810150483833583,0.0,-0.04893792179051883,2
x_aq_lsu_top/lsu_mmu_abort,0,0.0,0.0,0.0,0.0,,0
x_aq_lsu_top/lsu_mmu_bus_error,0,0.0,0.0,0.0,0.0,,0
x_aq_lsu_top/lsu_mmu_data[63:0],0,0.0,0.0,0.0,0.0,,0
x_aq_lsu_top/lsu_mmu_data_vld,0,0.0,0.0,0.0,0.0,,0
x_aq_lsu_top/lsu_mmu_priv_mode[1:0],1,0.00012030798845043312,1.2299999999999933,0.16033834946111852,0.0,-0.11407227095261649,2
x_aq_lsu_top/lsu_mmu_st_inst,39,0.004692011549566891,6.511538461538462,0.8488205929883527,0.02564102564102564,-0.025464041419556216,1
x_aq_lsu_top/lsu_mmu_va[51:0],25,0.0030076997112608275,9.053600000000003,1.1801945371391798,0.12,-0.00471103927103486,11
x_aq_lsu_top/lsu_mmu_va_vld,4,0.00048123195380173246,5.195000000000003,0.6772014028052974,0.25,0.006208428391654754,1
x_aq_lsu_top/lsu_rtu_async_expt_vld,0,0.0,0.0,0.0,0.0,,0
x_aq_lsu_top/lsu_rtu_async_ld_inst,0,0.0,0.0,0.0,0.0,,0
x_aq_lsu_top/lsu_rtu_async_tval[39:0],0,0.0,0.0,0.0,0.0,,0
x_aq_lsu_top/lsu_rtu_ex1_buffer_vld,2,0.00024061597690086623,3.09,0.4028012193779341,0.0,-0.0034484149865508175,1
x_aq_lsu_top/lsu_rtu_ex1_cmplt,2,0.00024061597690086623,5.865000000000004,0.764540178528021,0.5,0.045749683029589774,1
x_aq_lsu_top/lsu_rtu_ex1_cmplt_dp,4,0.00048123195380173246,4.582500000000002,0.5973581190289269,0.25,0.02441815236023245,1
x_aq_lsu_top/lsu_rtu_ex1_cmplt_for_pcgen,2,0.00024061597690086623,5.865000000000004,0.764540178528021,0.5,0.045749683029589774,1
x_aq_lsu_top/lsu_rtu_ex1_data[63:0],229,0.02755052935514918,7.746724890829694,1.009835026605694,0.021834061135371178,,18
x_aq_lsu_top/lsu_rtu_ex1_dest_reg[5:0],232,0.02791145332050048,7.347413793103448,0.957782276743146,0.021551724137931036,0.01916365377919646,4
x_aq_lsu_top/lsu_rtu_ex1_expt_tval[39:0],54,0.0064966313763233875,8.134629629629629,1.0604008847905135,0.05555555555555555,-0.004711008310224869,11
x_aq_lsu_top/lsu_rtu_ex1_expt_vec[4:0],0,0.0,0.0,0.0,0.0,,0
x_aq_lsu_top/lsu_rtu_ex1_expt_vld,0,0.0,0.0,0.0,0.0,,0
x_aq_lsu_top/lsu_rtu_ex1_fs_dirty,14,0.0016843118383060634,8.684285714285712,1.1320520631523168,0.0,0.07167958355051395,1
x_aq_lsu_top/lsu_rtu_ex1_halt_info[21:0],2,0.00024061597690086623,2.729999999999995,0.355872921974679,0.0,-0.11414277335038961,2
x_aq_lsu_top/lsu_rtu_ex1_inst_len,70,0.008421559191530318,7.78285714285714,1.0145450962417866,0.014285714285714285,0.021047532093233682,1
x_aq_lsu_top/lsu_rtu_ex1_inst_split,2,0.00024061597690086623,3.3000000000000007,0.4301760595298326,0.0,-0.002462649132594052,1
x_aq_lsu_top/lsu_rtu_ex1_tval2_vld,1,0.00012030798845043312,4.229999999999997,0.5514074944882394,0.0,-0.11159874846060339,1
x_aq_lsu_top/lsu_rtu_ex1_vs_dirty,10,0.001203079884504331,10.514000000000001,1.3705669969383818,0.0,-0.017712619908246487,1
x_aq_lsu_top/lsu_rtu_ex1_vstart[6:0],0,0.0,0.0,0.0,0.0,,0
x_aq_lsu_top/lsu_rtu_ex1_vstart_vld,0,0.0,0.0,0.0,0.0,,0
x_aq_lsu_top/lsu_rtu_ex1_wb_dp,0,0.0,0.0,0.0,0.0,,0
x_aq_lsu_top/lsu_rtu_ex1_wb_vld,0,0.0,0.0,0.0,0.0,,0
x_aq_lsu_top/lsu_rtu_ex2_data[63:0],0,0.0,0.0,0.0,0.0,,0
x_aq_lsu_top/lsu_rtu_ex2_data_vld,0,0.0,0.0,0.0,0.0,,0
x_aq_lsu_top/lsu_rtu_ex2_dest_reg[5:0],4,0.00048123195380173246,3.6900000000000004,0.4810150483833583,0.0,-0.04893792179051883,2
x_aq_lsu_top/lsu_rtu_ex2_tval2[39:0],0,0.0,0.0,0.0,0.0,,0
x_aq_lsu_top/lsu_rtu_no_op,7,0.0008421559191530317,3.802857142857144,0.4957266971724738,0.2857142857142857,-0.11021726829566966,1
x_aq_lsu_top/lsu_rtu_wb_data[63:0],0,0.0,0.0,0.0,0.0,,0
x_aq_lsu_top/lsu_rtu_wb_dest_reg[5:0],4,0.00048123195380173246,9.445000000000004,1.2312160249270516,0.0,-0.04886026002687138,2
x_aq_lsu_top/lsu_rtu_wb_vld,0,0.0,0.0,0.0,0.0,,0
x_aq_lsu_top/lsu_vlsu_bytes_vld[7:0],0,0.0,0.0,0.0,0.0,,0
x_aq_lsu_top/lsu_vlsu_data[63:0],0,0.0,0.0,0.0,0.0,,0
x_aq_lsu_top/lsu_vlsu_data_grant,0,0.0,0.0,0.0,0.0,,0
x_aq_lsu_top/lsu_vlsu_data_vld,0,0.0,0.0,0.0,0.0,,0
x_aq_lsu_top/lsu_vlsu_dc_create_vld,0,0.0,0.0,0.0,0.0,,0
x_aq_lsu_top/lsu_vlsu_dc_fld_req,0,0.0,0.0,0.0,0.0,,0
x_aq_lsu_top/lsu_vlsu_dc_fof,0,0.0,0.0,0.0,0.0,,0
x_aq_lsu_top/lsu_vlsu_dc_nf[2:0],2,0.00024061597690086623,3.7600000000000033,0.49013999510065814,0.0,-0.011206854623872171,2
x_aq_lsu_top/lsu_vlsu_dc_sew[1:0],0,0.0,0.0,0.0,0.0,,0
x_aq_lsu_top/lsu_vlsu_dc_split_cnt[9:0],0,0.0,0.0,0.0,0.0,,0
x_aq_lsu_top/lsu_vlsu_dc_sseg_first,0,0.0,0.0,0.0,0.0,,0
x_aq_lsu_top/lsu_vlsu_dc_stall,0,0.0,0.0,0.0,0.0,,0
x_aq_lsu_top/lsu_vlsu_dest_reg[4:0],4,0.00048123195380173246,9.445000000000004,1.2312160249270516,0.0,-0.04886026002687138,2
x_aq_lsu_top/lsu_vlsu_expt_vld,0,0.0,0.0,0.0,0.0,,0
x_aq_lsu_top/lsu_vlsu_func[19:0],8,0.0009624639076034649,9.110000000000003,1.1875466370656895,0.0,-0.011459182035135006,4
x_aq_lsu_top/lsu_vlsu_sew[1:0],0,0.0,0.0,0.0,0.0,,0
x_aq_lsu_top/lsu_vlsu_split_last,0,0.0,0.0,0.0,0.0,,0
x_aq_lsu_top/lsu_vlsu_st_expt,0,0.0,0.0,0.0,0.0,,0
x_aq_lsu_top/lsu_vlsu_st_offset[3:0],0,0.0,0.0,0.0,0.0,,0
x_aq_lsu_top/lsu_vlsu_st_sew[1:0],0,0.0,0.0,0.0,0.0,,0
x_aq_lsu_top/lsu_vlsu_st_size[1:0],8,0.0009624639076034649,7.621250000000005,0.9934785738459814,0.125,0.047910017754930444,2
x_aq_lsu_top/lsu_vlsu_vl_update,0,0.0,0.0,0.0,0.0,,0
x_aq_lsu_top/lsu_vlsu_vl_upval[6:0],0,0.0,0.0,0.0,0.0,,0
x_aq_lsu_top/mmu_lsu_access_fault,0,0.0,0.0,0.0,0.0,,0
x_aq_lsu_top/mmu_lsu_buf,1,0.00012030798845043312,1.2299999999999933,0.16033834946111852,0.0,-0.11407227095261288,1
x_aq_lsu_top/mmu_lsu_ca,4,0.00048123195380173246,7.5400000000000045,0.9828871178348301,0.25,0.04743676197545684,1
x_aq_lsu_top/mmu_lsu_data_req,0,0.0,0.0,0.0,0.0,,0
x_aq_lsu_top/mmu_lsu_data_req_addr[39:0],2,0.00024061597690086623,9.350000000000003,1.2188321686678594,0.0,0.04913378582256354,2
x_aq_lsu_top/mmu_lsu_data_req_size,0,0.0,0.0,0.0,0.0,,0
x_aq_lsu_top/mmu_lsu_pa[27:0],12,0.0014436958614051972,11.162500000000003,1.455103110455078,0.25,0.0586158584205475,1
x_aq_lsu_top/mmu_lsu_pa_vld,4,0.00048123195380173246,8.152500000000005,1.0627304016112007,0.25,0.024922521276316875,1
x_aq_lsu_top/mmu_lsu_page_fault,0,0.0,0.0,0.0,0.0,,0
x_aq_lsu_top/mmu_lsu_sec,4,0.00048123195380173246,7.5400000000000045,0.9828871178348301,0.25,0.04743676197545684,1
x_aq_lsu_top/mmu_lsu_sh,4,0.00048123195380173246,7.5400000000000045,0.9828871178348301,0.25,0.04743676197545684,1
x_aq_lsu_top/mmu_lsu_so,0,0.0,0.0,0.0,0.0,,0
x_aq_lsu_top/pad_yy_icg_scan_en,0,0.0,0.0,0.0,0.0,,0
x_aq_lsu_top/rtu_lsu_async_expt_ack,0,0.0,0.0,0.0,0.0,,0
x_aq_lsu_top/rtu_lsu_expt_ack,0,0.0,0.0,0.0,0.0,,0
x_aq_lsu_top/rtu_lsu_expt_exit,0,0.0,0.0,0.0,0.0,,0
x_aq_lsu_top/rtu_yy_xx_async_flush,0,0.0,0.0,0.0,0.0,,0
x_aq_lsu_top/rtu_yy_xx_dbgon,0,0.0,0.0,0.0,0.0,,0
x_aq_lsu_top/rtu_yy_xx_flush,0,0.0,0.0,0.0,0.0,,0
x_aq_lsu_top/vlsu_buf_stall,0,0.0,0.0,0.0,0.0,,0
x_aq_lsu_top/vlsu_dtu_data[63:0],0,0.0,0.0,0.0,0.0,,0
x_aq_lsu_top/vlsu_dtu_data_vld,0,0.0,0.0,0.0,0.0,,0
x_aq_lsu_top/vlsu_dtu_data_vld_gate,0,0.0,0.0,0.0,0.0,,0
x_aq_lsu_top/vlsu_lsu_data_shift[3:0],0,0.0,0.0,0.0,0.0,,0
x_aq_lsu_top/vlsu_lsu_data_vld,0,0.0,0.0,0.0,0.0,,0
x_aq_lsu_top/vlsu_lsu_fwd_data[63:0],0,0.0,0.0,0.0,0.0,,0
x_aq_lsu_top/vlsu_lsu_fwd_dest_reg[4:0],0,0.0,0.0,0.0,0.0,,0
x_aq_lsu_top/vlsu_lsu_fwd_vld,0,0.0,0.0,0.0,0.0,,0
x_aq_lsu_top/vlsu_lsu_src2_depd,1,0.00012030798845043312,6.270000000000003,0.8173345131066823,0.0,-0.0111453056014091,1
x_aq_lsu_top/vlsu_lsu_src2_reg[4:0],0,0.0,0.0,0.0,0.0,,0
x_aq_lsu_top/vlsu_lsu_wdata[63:0],0,0.0,0.0,0.0,0.0,,0
x_aq_lsu_top/vlsu_xx_no_op,1,0.00012030798845043312,1.2299999999999933,0.16033834946111852,0.0,-0.11407227095261288,1
x_aq_lsu_top/ag_arb_data_idx[13:0],45,0.00541385948026949,7.7122222222222225,1.005337383567868,0.06666666666666667,0.03417811100374215,8
x_aq_lsu_top/ag_arb_data_req,0,0.0,0.0,0.0,0.0,,0
x_aq_lsu_top/ag_arb_data_way[3:0],0,0.0,0.0,0.0,0.0,,0
x_aq_lsu_top/ag_arb_tag_idx[11:0],41,0.004932627526467758,8.191951219512196,1.067873119839504,0.07317073170731707,0.036561230217039345,8
x_aq_lsu_top/ag_arb_tag_req,2,0.00024061597690086623,5.865000000000004,0.764540178528021,0.5,0.045749683029589774,1
x_aq_lsu_top/ag_arb_tag_sel[3:0],0,0.0,0.0,0.0,0.0,,0
x_aq_lsu_top/ag_arb_tag_way[3:0],0,0.0,0.0,0.0,0.0,,0
x_aq_lsu_top/ag_dbginfo[7:0],118,0.014196342637151107,7.573898305084745,0.987305978230616,0.03389830508474576,-0.002012265353634296,4
x_aq_lsu_top/ag_dc_addr[39:0],43,0.005173243503368624,8.472790697674421,1.1044823380444253,0.06976744186046512,0.054954952864077686,8
x_aq_lsu_top/ag_dc_amo_func[4:0],238,0.02863330125120308,7.636302521008403,0.9954407660197337,0.01680672268907563,-0.052076596359559565,5
x_aq_lsu_top/ag_dc_buf,1,0.00012030798845043312,1.2299999999999933,0.16033834946111852,0.0,-0.11407227095261288,1
x_aq_lsu_top/ag_dc_bytes_vld[7:0],89,0.010707410972088547,7.797078651685395,1.016398960674607,0.033707865168539325,-0.01766847158684199,7
x_aq_lsu_top/ag_dc_ca,6,0.0007218479307025986,6.508333333333336,0.8484027840727257,0.16666666666666666,0.04223709740553957,1
x_aq_lsu_top/ag_dc_data_shift[3:0],26,0.0031280076997112606,7.494615384615386,0.9769709435895476,0.0,-0.023112498833215357,2
x_aq_lsu_top/ag_dc_dest_reg[5:0],201,0.024181905678537056,7.015472636815921,0.9145116286802536,0.009950248756218905,-0.0431026170490449,4
x_aq_lsu_top/ag_dc_expt_vld,0,0.0,0.0,0.0,0.0,,0
x_aq_lsu_top/ag_dc_func[19:0],284,0.034167468719923,7.454401408450705,0.9717287951639267,0.017605633802816902,-0.026108438548014423,9
x_aq_lsu_top/ag_dc_hint_size[4:0],66,0.007940327237728586,7.666363636363637,0.999359424246578,0.045454545454545456,-0.010766968700514936,3
x_aq_lsu_top/ag_dc_inst_pc[15:0],217,0.026106833493743986,7.767004608294931,1.012478617195868,0.02304147465437788,0.018699569985958408,8
x_aq_lsu_top/ag_dc_inst_vld,2,0.00024061597690086623,5.865000000000004,0.764540178528021,0.5,0.045749683029589774,1
x_aq_lsu_top/ag_dc_inst_vld_dp,4,0.00048123195380173246,4.582500000000002,0.5973581190289269,0.25,0.02441815236023245,1
x_aq_lsu_top/ag_dc_inst_vld_gate,4,0.00048123195380173246,4.582500000000002,0.5973581190289269,0.25,0.02441815236023245,1
x_aq_lsu_top/ag_dc_pf_amr_mask,2,0.00024061597690086623,3.3000000000000007,0.4301760595298326,0.0,-0.002462649132594052,1
x_aq_lsu_top/ag_dc_priv_mode[1:0],1,0.00012030798845043312,1.2299999999999933,0.16033834946111852,0.0,-0.11407227095261649,2
x_aq_lsu_top/ag_dc_sec,4,0.00048123195380173246,8.152500000000005,1.0627304016112007,0.25,0.024922521276316875,1
x_aq_lsu_top/ag_dc_sew[1:0],0,0.0,0.0,0.0,0.0,,0
x_aq_lsu_top/ag_dc_sh,6,0.0007218479307025986,6.508333333333336,0.8484027840727257,0.16666666666666666,0.04223709740553957,1
x_aq_lsu_top/ag_dc_so,0,0.0,0.0,0.0,0.0,,0
x_aq_lsu_top/ag_dc_src2_depd,0,0.0,0.0,0.0,0.0,,0
x_aq_lsu_top/ag_dc_src2_reg[5:0],96,0.011549566891241578,7.051979166666666,0.9192704878191329,0.020833333333333332,-0.03274036443775244,4
x_aq_lsu_top/ag_dc_st_data[63:0],274,0.03296438883541867,7.4105109489051095,0.9660073936674789,0.014598540145985401,-0.03403865149461813,61
x_aq_lsu_top/ag_dc_unalign,0,0.0,0.0,0.0,0.0,,0
x_aq_lsu_top/ag_dc_unalign_last,0,0.0,0.0,0.0,0.0,,0
x_aq_lsu_top/ag_dc_vec_nop,0,0.0,0.0,0.0,0.0,,0
x_aq_lsu_top/ag_dc_virt_idx[1:0],16,0.0019249278152069298,8.382500000000004,1.092712369396613,0.1875,0.03609990302347661,2
x_aq_lsu_top/ag_dc_vlsu_split_cnt[9:0],0,0.0,0.0,0.0,0.0,,0
x_aq_lsu_top/ag_dc_vlsu_split_last,0,0.0,0.0,0.0,0.0,,0
x_aq_lsu_top/ag_dc_vlsu_sseg_first,0,0.0,0.0,0.0,0.0,,0
x_aq_lsu_top/ag_dc_vlsu_vl_update,0,0.0,0.0,0.0,0.0,,0
x_aq_lsu_top/ag_dc_vlsu_vl_upval[6:0],0,0.0,0.0,0.0,0.0,,0
x_aq_lsu_top/ag_dc_vlsu_wdata_shift[3:0],0,0.0,0.0,0.0,0.0,,0
x_aq_lsu_top/ag_dtu_addr[39:0],54,0.0064966313763233875,8.134629629629629,1.0604008847905135,0.05555555555555555,-0.004711008310224869,11
x_aq_lsu_top/ag_dtu_addr_ready,0,0.0,0.0,0.0,0.0,,0
x_aq_lsu_top/ag_dtu_amo_type,0,0.0,0.0,0.0,0.0,,0
x_aq_lsu_top/ag_dtu_bytes_vld[15:0],89,0.010707410972088547,7.797078651685395,1.016398960674607,0.033707865168539325,-0.02280341411822581,9
x_aq_lsu_top/ag_dtu_data[63:0],274,0.03296438883541867,7.4105109489051095,0.9660073936674789,0.014598540145985401,-0.03403865149461813,61
x_aq_lsu_top/ag_dtu_data_chk_mask,0,0.0,0.0,0.0,0.0,,0
x_aq_lsu_top/ag_dtu_data_vld,0,0.0,0.0,0.0,0.0,,0
x_aq_lsu_top/ag_dtu_halt_info[21:0],2,0.00024061597690086623,2.729999999999995,0.355872921974679,0.0,-0.11414277335038961,2
x_aq_lsu_top/ag_dtu_mem_access_size[2:0],62,0.007459095283926853,8.297741935483872,1.081663614788454,0.016129032258064516,0.006201131798532642,2
x_aq_lsu_top/ag_dtu_pipe_down,0,0.0,0.0,0.0,0.0,,0
x_aq_lsu_top/ag_dtu_req,0,0.0,0.0,0.0,0.0,,0
x_aq_lsu_top/ag_dtu_req_gate,0,0.0,0.0,0.0,0.0,,0
x_aq_lsu_top/ag_dtu_split_last,1,0.00012030798845043312,1.2299999999999933,0.16033834946111852,0.0,-0.11407227095261288,1
x_aq_lsu_top/ag_dtu_st_type,39,0.004692011549566891,6.511538461538462,0.8488205929883527,0.02564102564102564,-0.025464041419556216,1
x_aq_lsu_top/ag_inst_store,0,0.0,0.0,0.0,0.0,,0
x_aq_lsu_top/ag_xx_no_op,0,0.0,0.0,0.0,0.0,,0
x_aq_lsu_top/amo_alu_stb_id[1:0],0,0.0,0.0,0.0,0.0,,0
x_aq_lsu_top/amo_alu_stb_rst[63:0],0,0.0,0.0,0.0,0.0,,0
x_aq_lsu_top/amo_alu_stb_rst_vld,0,0.0,0.0,0.0,0.0,,0
x_aq_lsu_top/amr_dc_wa_dis,0,0.0,0.0,0.0,0.0,,0
x_aq_lsu_top/arb_ag_grant,1,0.00012030798845043312,12.09,1.5760086544592955,1.0,-0.12617851730880866,1
x_aq_lsu_top/arb_dc_grant,1,0.00012030798845043312,41.400000000000006,5.3967542013742635,1.0,-0.14861602140388885,1
x_aq_lsu_top/arb_mcic_grant,1,0.00012030798845043312,12.09,1.5760086544592955,1.0,-0.12617851730880866,1
x_aq_lsu_top/arb_rdl_grant,1,0.00012030798845043312,8.549999999999997,1.1145470633272931,1.0,-0.11413386512837041,1
x_aq_lsu_top/arb_stb_grant,1,0.00012030798845043312,1.2299999999999933,0.16033834946111852,0.0,-0.11407227095261288,1
x_aq_lsu_top/da_amo_alu_func[4:0],5,0.0006015399422521655,9.414000000000001,1.2271749770951044,0.0,-0.03623772631320936,3
x_aq_lsu_top/da_amo_alu_size[1:0],8,0.0009624639076034649,9.692500000000004,1.2634792293917891,0.0,0.047341080237703295,2
x_aq_lsu_top/da_amo_alu_src0[63:0],0,0.0,0.0,0.0,0.0,,0
x_aq_lsu_top/da_amo_src_vld,0,0.0,0.0,0.0,0.0,,0
x_aq_lsu_top/da_amo_stb_id[1:0],0,0.0,0.0,0.0,0.0,,0
x_aq_lsu_top/da_dtu_data[63:0],0,0.0,0.0,0.0,0.0,,0
x_aq_lsu_top/da_dtu_data_vld,0,0.0,0.0,0.0,0.0,,0
x_aq_lsu_top/da_stb_amo_src_id[1:0],0,0.0,0.0,0.0,0.0,,0
x_aq_lsu_top/da_xx_no_op,1,0.00012030798845043312,1.2299999999999933,0.16033834946111852,0.0,-0.11407227095261288,1
x_aq_lsu_top/dc_ag_stall,0,0.0,0.0,0.0,0.0,,0
x_aq_lsu_top/dc_amr_cancel,0,0.0,0.0,0.0,0.0,,0
x_aq_lsu_top/dc_amr_st_addr[39:0],4,0.00048123195380173246,6.417500000000001,0.8365620794038487,0.0,0.049288993232723566,6
x_aq_lsu_top/dc_amr_st_mask,2,0.00024061597690086623,2.8100000000000023,0.3663014325087365,0.5,0.06699078123658667,1
x_aq_lsu_top/dc_amr_st_miss,1,0.00012030798845043312,1.2299999999999933,0.16033834946111852,0.0,-0.11407227095261288,1
x_aq_lsu_top/dc_amr_st_req,0,0.0,0.0,0.0,0.0,,0
x_aq_lsu_top/dc_amr_st_req_gate,0,0.0,0.0,0.0,0.0,,0
x_aq_lsu_top/dc_amr_st_size[4:0],9,0.001082771896053898,7.808888888888894,1.017938500463187,0.1111111111111111,0.045013634151253396,3
x_aq_lsu_top/dc_arb_data_idx[13:0],2,0.00024061597690086623,3.6199999999999974,0.4718901016660584,0.0,0.048831457812086095,8
x_aq_lsu_top/dc_arb_data_req,0,0.0,0.0,0.0,0.0,,0
x_aq_lsu_top/dc_arb_data_way[3:0],0,0.0,0.0,0.0,0.0,,0
x_aq_lsu_top/dc_arb_tag_idx[11:0],2,0.00024061597690086623,3.6199999999999974,0.4718901016660584,0.0,0.04883145781208607,6
x_aq_lsu_top/dc_arb_tag_req,0,0.0,0.0,0.0,0.0,,0
x_aq_lsu_top/dc_arb_tag_sel[3:0],0,0.0,0.0,0.0,0.0,,0
x_aq_lsu_top/dc_arb_tag_way[3:0],0,0.0,0.0,0.0,0.0,,0
x_aq_lsu_top/dc_dbginfo[9:0],12,0.0014436958614051972,4.463333333333335,0.581823983545905,0.16666666666666666,0.062312833697291715,3
x_aq_lsu_top/dc_icc_dcache_data[127:0],0,0.0,0.0,0.0,0.0,,0
x_aq_lsu_top/dc_icc_dcache_dirty[3:0],0,0.0,0.0,0.0,0.0,,0
x_aq_lsu_top/dc_icc_dcache_tag[27:0],0,0.0,0.0,0.0,0.0,,0
x_aq_lsu_top/dc_icc_dcache_tagvld,0,0.0,0.0,0.0,0.0,,0
x_aq_lsu_top/dc_lfb_alias_hit,0,0.0,0.0,0.0,0.0,,0
x_aq_lsu_top/dc_lfb_alias_idx[1:0],0,0.0,0.0,0.0,0.0,,0
x_aq_lsu_top/dc_lfb_amo_func[4:0],5,0.0006015399422521655,8.994000000000005,1.172425296791308,0.2,-0.03519355219326104,3
x_aq_lsu_top/dc_lfb_amo_inst,0,0.0,0.0,0.0,0.0,,0
x_aq_lsu_top/dc_lfb_attr[2:0],3,0.0003609239653512993,3.4300000000000033,0.4471223891476749,0.0,0.002840715589005555,2
x_aq_lsu_top/dc_lfb_bytes_vld[7:0],11,0.0013233878729547641,7.787272727272731,1.0151206958491865,0.09090909090909091,0.04731407182155538,7
x_aq_lsu_top/dc_lfb_ca,1,0.00012030798845043312,2.770000000000003,0.36108717724170836,0.0,0.04920209652021361,1
x_aq_lsu_top/dc_lfb_create_en,0,0.0,0.0,0.0,0.0,,0
x_aq_lsu_top/dc_lfb_create_en_gate,0,0.0,0.0,0.0,0.0,,0
x_aq_lsu_top/dc_lfb_dest_reg[5:0],4,0.00048123195380173246,3.6900000000000004,0.4810150483833583,0.0,-0.04893792179051883,2
x_aq_lsu_top/dc_lfb_ele_size[1:0],8,0.0009624639076034649,7.621250000000005,0.9934785738459814,0.125,0.047910017754930444,2
x_aq_lsu_top/dc_lfb_fls,2,0.00024061597690086623,5.050000000000001,0.6582997274623196,0.0,-0.04891464740260073,1
x_aq_lsu_top/dc_lfb_hit_way[3:0],0,0.0,0.0,0.0,0.0,,0
x_aq_lsu_top/dc_lfb_inst_ld,0,0.0,0.0,0.0,0.0,,0
x_aq_lsu_top/dc_lfb_lock,0,0.0,0.0,0.0,0.0,,0
x_aq_lsu_top/dc_lfb_pa[39:0],4,0.00048123195380173246,6.417500000000001,0.8365620794038487,0.0,0.049288993232723566,6
x_aq_lsu_top/dc_lfb_priv_mode[1:0],2,0.00024061597690086623,3.7600000000000033,0.49013999510065814,0.0,-0.011226700708829732,1
x_aq_lsu_top/dc_lfb_ptw,0,0.0,0.0,0.0,0.0,,0
x_aq_lsu_top/dc_lfb_sew[1:0],0,0.0,0.0,0.0,0.0,,0
x_aq_lsu_top/dc_lfb_shift[3:0],0,0.0,0.0,0.0,0.0,,0
x_aq_lsu_top/dc_lfb_sign_ext,3,0.0003609239653512993,12.643333333333336,1.648139185653187,0.0,-0.040199056800737556,1
x_aq_lsu_top/dc_lfb_size[1:0],8,0.0009624639076034649,7.621250000000005,0.9934785738459814,0.125,0.047910017754930444,2
x_aq_lsu_top/dc_lfb_split,0,0.0,0.0,0.0,0.0,,0
x_aq_lsu_top/dc_lfb_split_last,0,0.0,0.0,0.0,0.0,,0
x_aq_lsu_top/dc_lfb_st_id[1:0],0,0.0,0.0,0.0,0.0,,0
x_aq_lsu_top/dc_lfb_vfunc[7:0],2,0.00024061597690086623,3.7600000000000033,0.49013999510065814,0.0,-0.011206854623872171,2
x_aq_lsu_top/dc_lfb_virt_idx[1:0],2,0.00024061597690086623,3.6199999999999974,0.4718901016660584,0.0,0.048840917826710545,1
x_aq_lsu_top/dc_lfb_vl_val[6:0],0,0.0,0.0,0.0,0.0,,0
x_aq_lsu_top/dc_lfb_vls,0,0.0,0.0,0.0,0.0,,0
x_aq_lsu_top/dc_lfb_vsplit_last,0,0.0,0.0,0.0,0.0,,0
x_aq_lsu_top/dc_mcic_bus_err,0,0.0,0.0,0.0,0.0,,0
x_aq_lsu_top/dc_mcic_data[63:0],0,0.0,0.0,0.0,0.0,,0
x_aq_lsu_top/dc_mcic_data_vld,0,0.0,0.0,0.0,0.0,,0
x_aq_lsu_top/dc_pfb_dca_vld,2,0.00024061597690086623,6.705000000000005,0.874039539135615,0.0,0.04333418860706138,1
x_aq_lsu_top/dc_pfb_hit_idx,0,0.0,0.0,0.0,0.0,,0
x_aq_lsu_top/dc_pfb_ld_chk_pa[39:0],4,0.00048123195380173246,6.417500000000001,0.8365620794038487,0.0,0.049288993232723566,6
x_aq_lsu_top/dc_pfb_ld_chk_virt_idx[1:0],2,0.00024061597690086623,3.6199999999999974,0.4718901016660584,0.0,0.048840917826710545,1
x_aq_lsu_top/dc_pfb_ld_init_pa[39:0],4,0.00048123195380173246,6.417500000000001,0.8365620794038487,0.0,0.049288993232723566,6
x_aq_lsu_top/dc_pfb_ld_init_virt_idx[1:0],2,0.00024061597690086623,3.6199999999999974,0.4718901016660584,0.0,0.048840917826710545,1
x_aq_lsu_top/dc_pfb_ld_mask,2,0.00024061597690086623,2.8100000000000023,0.3663014325087365,0.5,0.06699078123658667,1
x_aq_lsu_top/dc_pfb_ld_miss,1,0.00012030798845043312,1.2299999999999933,0.16033834946111852,0.0,-0.11407227095261288,1
x_aq_lsu_top/dc_pfb_ld_pc[15:0],11,0.0013233878729547641,7.997272727272731,1.042495536001085,0.09090909090909091,0.04815965844701629,8
x_aq_lsu_top/dc_pfb_ld_vld,0,0.0,0.0,0.0,0.0,,0
x_aq_lsu_top/dc_pfb_ld_vld_gate,0,0.0,0.0,0.0,0.0,,0
x_aq_lsu_top/dc_pfb_priv_mode[1:0],2,0.00024061597690086623,3.7600000000000033,0.49013999510065814,0.0,-0.011226700708829732,1
x_aq_lsu_top/dc_rdl_alias_hit,0,0.0,0.0,0.0,0.0,,0
x_aq_lsu_top/dc_rdl_alias_idx[1:0],0,0.0,0.0,0.0,0.0,,0
x_aq_lsu_top/dc_rdl_alias_way[3:0],0,0.0,0.0,0.0,0.0,,0
x_aq_lsu_top/dc_rdl_cache_hit,0,0.0,0.0,0.0,0.0,,0
x_aq_lsu_top/dc_rdl_dcache_data[127:0],0,0.0,0.0,0.0,0.0,,0
x_aq_lsu_top/dc_rdl_dcache_dirty[3:0],0,0.0,0.0,0.0,0.0,,0
x_aq_lsu_top/dc_rdl_dcache_fifo[3:0],1,0.00012030798845043312,5.489999999999991,0.7156565353996294,1.0,-0.07240551075511481,1
x_aq_lsu_top/dc_rdl_dcache_tag[27:0],0,0.0,0.0,0.0,0.0,,0
x_aq_lsu_top/dc_rdl_dcache_vld,0,0.0,0.0,0.0,0.0,,0
x_aq_lsu_top/dc_stb_alct,1,0.00012030798845043312,2.770000000000003,0.36108717724170836,0.0,0.04920209652021361,1
x_aq_lsu_top/dc_stb_alias_idx[1:0],0,0.0,0.0,0.0,0.0,,0
x_aq_lsu_top/dc_stb_amo_inst,0,0.0,0.0,0.0,0.0,,0
x_aq_lsu_top/dc_stb_attr[2:0],3,0.0003609239653512993,3.4300000000000033,0.4471223891476749,0.0,0.002840715589005555,2
x_aq_lsu_top/dc_stb_bytes_vld[7:0],11,0.0013233878729547641,7.787272727272731,1.0151206958491865,0.09090909090909091,0.04731407182155538,7
x_aq_lsu_top/dc_stb_cache_hit,0,0.0,0.0,0.0,0.0,,0
x_aq_lsu_top/dc_stb_clr_vld,0,0.0,0.0,0.0,0.0,,0
x_aq_lsu_top/dc_stb_data[63:0],0,0.0,0.0,0.0,0.0,,0
x_aq_lsu_top/dc_stb_data_shift[3:0],0,0.0,0.0,0.0,0.0,,0
x_aq_lsu_top/dc_stb_dca_inst,1,0.00012030798845043312,3.4099999999999966,0.4445152615141599,0.0,0.04879654758269631,1
x_aq_lsu_top/dc_stb_dca_type[1:0],3,0.0003609239653512993,5.2733333333333325,0.6874126527032273,0.0,0.03681194305677333,2
x_aq_lsu_top/dc_stb_hit_way[3:0],0,0.0,0.0,0.0,0.0,,0
x_aq_lsu_top/dc_stb_lock,0,0.0,0.0,0.0,0.0,,0
x_aq_lsu_top/dc_stb_pa[39:0],4,0.00048123195380173246,6.417500000000001,0.8365620794038487,0.0,0.049288993232723566,6
x_aq_lsu_top/dc_stb_priv_mode[1:0],2,0.00024061597690086623,3.7600000000000033,0.49013999510065814,0.0,-0.011226700708829732,1
x_aq_lsu_top/dc_stb_req,0,0.0,0.0,0.0,0.0,,0
x_aq_lsu_top/dc_stb_req_gate,2,0.00024061597690086623,6.705000000000005,0.874039539135615,0.0,0.04333418860706138,1
x_aq_lsu_top/dc_stb_size[1:0],8,0.0009624639076034649,7.621250000000005,0.9934785738459814,0.125,0.047910017754930444,2
x_aq_lsu_top/dc_stb_src2_depd,0,0.0,0.0,0.0,0.0,,0
x_aq_lsu_top/dc_stb_src2_reg[4:0],0,0.0,0.0,0.0,0.0,,0
x_aq_lsu_top/dc_stb_virt_idx[1:0],2,0.00024061597690086623,3.6199999999999974,0.4718901016660584,0.0,0.048840917826710545,1
x_aq_lsu_top/dc_stb_wait_lfb,1,0.00012030798845043312,2.770000000000003,0.36108717724170836,0.0,0.04920209652021361,1
x_aq_lsu_top/dc_xx_bytes_vld[7:0],11,0.0013233878729547641,7.787272727272731,1.0151206958491865,0.09090909090909091,0.04731407182155538,7
x_aq_lsu_top/dc_xx_dcache_req_mask,0,0.0,0.0,0.0,0.0,,0
x_aq_lsu_top/dc_xx_dest_preg[5:0],4,0.00048123195380173246,3.6900000000000004,0.4810150483833583,0.0,-0.04893792179051883,2
x_aq_lsu_top/dc_xx_no_op,7,0.0008421559191530317,5.354285714285717,0.6979653121722135,0.42857142857142855,-0.09694719695168941,1
x_aq_lsu_top/dc_xx_pa[39:0],4,0.00048123195380173246,6.417500000000001,0.8365620794038487,0.0,0.049288993232723566,6
x_aq_lsu_top/dcache_data02_idx[13:0],2092,0.2516843118383061,7.988652007648184,1.0413717701833884,0.06405353728489484,0.07503394752765437,10
x_aq_lsu_top/dcache_data13_idx[13:0],2094,0.2519249278152069,8.004875835721107,1.0434866497079034,0.06494746895893028,0.07475341114380646,11
x_aq_lsu_top/dcache_data_cen_bank0,3,0.0003609239653512993,18.29666666666667,2.385087263393183,0.3333333333333333,-0.12283283392414311,1
x_aq_lsu_top/dcache_data_cen_bank1,3,0.0003609239653512993,18.29666666666667,2.385087263393183,0.3333333333333333,-0.12283283392414311,1
x_aq_lsu_top/dcache_data_cen_bank2,1,0.00012030798845043312,41.400000000000006,5.3967542013742635,1.0,-0.14861602140388885,1
x_aq_lsu_top/dcache_data_cen_bank3,1,0.00012030798845043312,41.400000000000006,5.3967542013742635,1.0,-0.14861602140388885,1
x_aq_lsu_top/dcache_data_din_bank0[63:0],0,0.0,0.0,0.0,0.0,,0
x_aq_lsu_top/dcache_data_din_bank1[63:0],0,0.0,0.0,0.0,0.0,,0
x_aq_lsu_top/dcache_data_din_bank2[63:0],0,0.0,0.0,0.0,0.0,,0
x_aq_lsu_top/dcache_data_din_bank3[63:0],0,0.0,0.0,0.0,0.0,,0
x_aq_lsu_top/dcache_data_dout_bank0[63:0],0,0.0,0.0,0.0,0.0,,0
x_aq_lsu_top/dcache_data_dout_bank1[63:0],0,0.0,0.0,0.0,0.0,,0
x_aq_lsu_top/dcache_data_dout_bank2[63:0],0,0.0,0.0,0.0,0.0,,0
x_aq_lsu_top/dcache_data_dout_bank3[63:0],0,0.0,0.0,0.0,0.0,,0
x_aq_lsu_top/dcache_data_wen[7:0],0,0.0,0.0,0.0,0.0,,0
x_aq_lsu_top/dcache_dirty_cen,1567,0.18852261790182867,7.703586470963625,1.0042116582807457,0.0631780472239949,-0.17759670436860084,1
x_aq_lsu_top/dcache_dirty_din[7:0],0,0.0,0.0,0.0,0.0,,0
x_aq_lsu_top/dcache_dirty_dout[7:0],2,0.00024061597690086623,10.909999999999991,1.4221881240819605,1.0,-0.07129674858868723,2
x_aq_lsu_top/dcache_dirty_idx[13:0],2088,0.25120307988450435,7.9807231800766285,1.0403381969102299,0.06417624521072797,0.07489632451489968,9
x_aq_lsu_top/dcache_dirty_wen[7:0],1558,0.1874398460057748,7.742175866495508,1.0092420322533346,0.07830551989730423,-0.2618450061652098,7
x_aq_lsu_top/dcache_tag_din[29:0],0,0.0,0.0,0.0,0.0,,0
x_aq_lsu_top/dcache_tag_dout_bank0[119:0],0,0.0,0.0,0.0,0.0,,0
x_aq_lsu_top/dcache_tag_dout_bank1[119:0],0,0.0,0.0,0.0,0.0,,0
x_aq_lsu_top/dcache_tag_idx[11:0],2065,0.24843599615014436,8.000140435835352,1.0428693601130088,0.0648910411622276,-0.12370489068992072,7
x_aq_lsu_top/dcache_tag_req,10,0.001203079884504331,6.949000000000001,0.9058464962644869,0.2,0.23121042087718632,1
x_aq_lsu_top/dcache_tag_sel[3:0],38,0.004571703561116458,9.167368421052634,1.195024976856559,0.15789473684210525,-0.03489157107517658,3
x_aq_lsu_top/dcache_tag_way[3:0],21,0.002526467757459095,5.900952380952382,0.7692268008215997,0.0,-0.07474785469456144,4
x_aq_lsu_top/dcache_tag_wen,269,0.032362848893166506,8.517211895910782,1.1102729247162164,0.44609665427509293,-0.25828657750350686,1
x_aq_lsu_top/dtif_ag_cmplt_ready,0,0.0,0.0,0.0,0.0,,0
x_aq_lsu_top/dtif_ag_fsm_idle,1,0.00012030798845043312,1.2299999999999933,0.16033834946111852,0.0,-0.11407227095261288,1
x_aq_lsu_top/dtif_ag_halt_info[21:0],0,0.0,0.0,0.0,0.0,,0
x_aq_lsu_top/dtif_ag_halt_info_up,0,0.0,0.0,0.0,0.0,,0
x_aq_lsu_top/dtif_ag_pipedown_mask,0,0.0,0.0,0.0,0.0,,0
x_aq_lsu_top/dtif_ag_stall,0,0.0,0.0,0.0,0.0,,0
x_aq_lsu_top/dtif_ag_trig_en,0,0.0,0.0,0.0,0.0,,0
x_aq_lsu_top/icc_arb_data02_idx[13:0],2092,0.2516843118383061,7.988652007648184,1.0413717701833884,0.06405353728489484,0.07503394752765437,10
x_aq_lsu_top/icc_arb_data0_req,0,0.0,0.0,0.0,0.0,,0
x_aq_lsu_top/icc_arb_data13_idx[13:0],2094,0.2519249278152069,8.004875835721107,1.0434866497079034,0.06494746895893028,0.07475341114380646,11
x_aq_lsu_top/icc_arb_data1_req,0,0.0,0.0,0.0,0.0,,0
x_aq_lsu_top/icc_arb_data2_req,0,0.0,0.0,0.0,0.0,,0
x_aq_lsu_top/icc_arb_data3_req,0,0.0,0.0,0.0,0.0,,0
x_aq_lsu_top/icc_arb_data_way[3:0],3124,0.37584215591915304,7.718549935979514,1.006162241437548,0.07298335467349552,0.018348243656263828,2
x_aq_lsu_top/icc_arb_dirty_din[7:0],0,0.0,0.0,0.0,0.0,,0
x_aq_lsu_top/icc_arb_dirty_idx[13:0],2088,0.25120307988450435,7.9807231800766285,1.0403381969102299,0.06417624521072797,0.07489632451489968,9
x_aq_lsu_top/icc_arb_dirty_req,1532,0.1843118383060635,7.73425587467363,1.0082096107765335,0.08420365535248042,0.21174749372444096,1
x_aq_lsu_top/icc_arb_dirty_wen[7:0],1552,0.1867179980750722,7.717023195876289,1.0059632211219325,0.07731958762886598,0.25521894193212424,7
x_aq_lsu_top/icc_arb_tag_idx[11:0],2065,0.24843599615014436,8.000140435835352,1.0428693601130088,0.0648910411622276,-0.12370489068992072,7
x_aq_lsu_top/icc_arb_tag_req,8,0.0009624639076034649,7.220000000000001,0.9411730756986034,0.125,0.22758827525146136,1
x_aq_lsu_top/icc_arb_tag_sel[3:0],28,0.003368623676612127,8.213571428571427,1.0706914520635376,0.10714285714285714,-0.10258312456054054,2
x_aq_lsu_top/icc_arb_tag_way[3:0],21,0.002526467757459095,5.900952380952382,0.7692268008215997,0.0,-0.07474785469456144,4
x_aq_lsu_top/icc_arb_tag_wen,8,0.0009624639076034649,7.220000000000001,0.9411730756986034,0.125,0.22758827525146136,1
x_aq_lsu_top/icc_dc_acc_fifo[3:0],1,0.00012030798845043312,6.270000000000003,0.8173345131066823,0.0,-0.0111453056014091,1
x_aq_lsu_top/icc_dc_acc_idx[1:0],59,0.007098171318575553,6.6371186440677965,0.8651907711930514,0.0847457627118644,0.10744291065353226,2
x_aq_lsu_top/icc_dc_sel,30,0.003609239653512993,6.717,0.8756038157157228,0.1,0.1438996067270511,1
x_aq_lsu_top/icc_vb_addr[33:0],1061,0.12764677574590952,7.99210179076343,1.0418214714278577,0.06597549481621112,-0.12361761747726402,6
x_aq_lsu_top/icc_vb_data[127:0],0,0.0,0.0,0.0,0.0,,0
x_aq_lsu_top/icc_vb_data_vld,0,0.0,0.0,0.0,0.0,,0
x_aq_lsu_top/icc_vb_req,0,0.0,0.0,0.0,0.0,,0
x_aq_lsu_top/icc_xx_idle,31,0.0037295476419634266,6.315806451612904,0.8233056763963433,0.03225806451612903,-0.15296285093903966,1
x_aq_lsu_top/icc_xx_sync_req,0,0.0,0.0,0.0,0.0,,0
x_aq_lsu_top/lfb_arb_data02_idx[13:0],2,0.00024061597690086623,10.350000000000001,1.3491885503435659,0.0,-0.011305884758410623,2
x_aq_lsu_top/lfb_arb_data0_req,0,0.0,0.0,0.0,0.0,,0
x_aq_lsu_top/lfb_arb_data13_idx[13:0],0,0.0,0.0,0.0,0.0,,0
x_aq_lsu_top/lfb_arb_data1_req,0,0.0,0.0,0.0,0.0,,0
x_aq_lsu_top/lfb_arb_data2_req,0,0.0,0.0,0.0,0.0,,0
x_aq_lsu_top/lfb_arb_data3_req,0,0.0,0.0,0.0,0.0,,0
x_aq_lsu_top/lfb_arb_data_din[127:0],0,0.0,0.0,0.0,0.0,,0
x_aq_lsu_top/lfb_arb_data_way[3:0],0,0.0,0.0,0.0,0.0,,0
x_aq_lsu_top/lfb_arb_data_wen[7:0],0,0.0,0.0,0.0,0.0,,0
x_aq_lsu_top/lfb_arb_dcache_sel,0,0.0,0.0,0.0,0.0,,0
x_aq_lsu_top/lfb_arb_dirty_din[7:0],2,0.00024061597690086623,10.350000000000001,1.3491885503435659,0.0,-0.011295275815344707,3
x_aq_lsu_top/lfb_arb_dirty_idx[13:0],0,0.0,0.0,0.0,0.0,,0
x_aq_lsu_top/lfb_arb_dirty_req,0,0.0,0.0,0.0,0.0,,0
x_aq_lsu_top/lfb_arb_dirty_wen[7:0],0,0.0,0.0,0.0,0.0,,0
x_aq_lsu_top/lfb_arb_tag_din[29:0],0,0.0,0.0,0.0,0.0,,0
x_aq_lsu_top/lfb_arb_tag_idx[11:0],0,0.0,0.0,0.0,0.0,,0
x_aq_lsu_top/lfb_arb_tag_req,0,0.0,0.0,0.0,0.0,,0
x_aq_lsu_top/lfb_arb_tag_sel[3:0],1,0.00012030798845043312,14.430000000000001,1.8810425875804497,0.0,-0.011463322603922455,1
x_aq_lsu_top/lfb_arb_tag_way[3:0],0,0.0,0.0,0.0,0.0,,0
x_aq_lsu_top/lfb_arb_tag_wen,1,0.00012030798845043312,14.430000000000001,1.8810425875804497,0.0,-0.011463322603922455,1
x_aq_lsu_top/lfb_dbginfo[55:0],2,0.00024061597690086623,3.7600000000000033,0.49013999510065814,0.0,-0.011206854623871694,32
x_aq_lsu_top/lfb_dc_amo_func[4:0],0,0.0,0.0,0.0,0.0,,0
x_aq_lsu_top/lfb_dc_amo_inst,0,0.0,0.0,0.0,0.0,,0
x_aq_lsu_top/lfb_dc_bus_err,0,0.0,0.0,0.0,0.0,,0
x_aq_lsu_top/lfb_dc_bytes_vld[7:0],1,0.00012030798845043312,14.430000000000001,1.8810425875804497,0.0,-0.011463322603922455,1
x_aq_lsu_top/lfb_dc_data[63:0],0,0.0,0.0,0.0,0.0,,0
x_aq_lsu_top/lfb_dc_data_shift[3:0],0,0.0,0.0,0.0,0.0,,0
x_aq_lsu_top/lfb_dc_data_vld,0,0.0,0.0,0.0,0.0,,0
x_aq_lsu_top/lfb_dc_dest_reg[5:0],2,0.00024061597690086623,10.350000000000001,1.3491885503435659,0.0,-0.011305884758410623,2
x_aq_lsu_top/lfb_dc_ele_size[1:0],0,0.0,0.0,0.0,0.0,,0
x_aq_lsu_top/lfb_dc_fls,1,0.00012030798845043312,14.430000000000001,1.8810425875804497,0.0,-0.011463322603922455,1
x_aq_lsu_top/lfb_dc_full,0,0.0,0.0,0.0,0.0,,0
x_aq_lsu_top/lfb_dc_hit_addr,0,0.0,0.0,0.0,0.0,,0
x_aq_lsu_top/lfb_dc_hit_idx,0,0.0,0.0,0.0,0.0,,0
x_aq_lsu_top/lfb_dc_hit_preg,0,0.0,0.0,0.0,0.0,,0
x_aq_lsu_top/lfb_dc_lock,0,0.0,0.0,0.0,0.0,,0
x_aq_lsu_top/lfb_dc_mtval[39:0],0,0.0,0.0,0.0,0.0,,0
x_aq_lsu_top/lfb_dc_pop_en,0,0.0,0.0,0.0,0.0,,0
x_aq_lsu_top/lfb_dc_ptw,0,0.0,0.0,0.0,0.0,,0
x_aq_lsu_top/lfb_dc_sew[1:0],0,0.0,0.0,0.0,0.0,,0
x_aq_lsu_top/lfb_dc_sign_ext,0,0.0,0.0,0.0,0.0,,0
x_aq_lsu_top/lfb_dc_size[1:0],0,0.0,0.0,0.0,0.0,,0
x_aq_lsu_top/lfb_dc_so_vld,0,0.0,0.0,0.0,0.0,,0
x_aq_lsu_top/lfb_dc_split,0,0.0,0.0,0.0,0.0,,0
x_aq_lsu_top/lfb_dc_split_first,0,0.0,0.0,0.0,0.0,,0
x_aq_lsu_top/lfb_dc_split_second,0,0.0,0.0,0.0,0.0,,0
x_aq_lsu_top/lfb_dc_stb_id[1:0],0,0.0,0.0,0.0,0.0,,0
x_aq_lsu_top/lfb_dc_uncmplt_vreg,0,0.0,0.0,0.0,0.0,,0
x_aq_lsu_top/lfb_dc_vfunc[7:0],2,0.00024061597690086623,10.350000000000001,1.3491885503435659,0.0,-0.011305884758410524,2
x_aq_lsu_top/lfb_dc_vl_update,0,0.0,0.0,0.0,0.0,,0
x_aq_lsu_top/lfb_dc_vl_val[6:0],0,0.0,0.0,0.0,0.0,,0
x_aq_lsu_top/lfb_dc_vls,0,0.0,0.0,0.0,0.0,,0
x_aq_lsu_top/lfb_dc_vsplit_last,0,0.0,0.0,0.0,0.0,,0
x_aq_lsu_top/lfb_pfb_cache_hit[4:0],0,0.0,0.0,0.0,0.0,,0
x_aq_lsu_top/lfb_pfb_cache_miss[4:0],0,0.0,0.0,0.0,0.0,,0
x_aq_lsu_top/lfb_pfb_grant,1,0.00012030798845043312,1.2299999999999933,0.16033834946111852,0.0,-0.11407227095261288,1
x_aq_lsu_top/lfb_pfb_hit_idx,0,0.0,0.0,0.0,0.0,,0
x_aq_lsu_top/lfb_rdl_alias_hit,0,0.0,0.0,0.0,0.0,,0
x_aq_lsu_top/lfb_rdl_alias_idx[1:0],0,0.0,0.0,0.0,0.0,,0
x_aq_lsu_top/lfb_rdl_ca,1,0.00012030798845043312,6.270000000000003,0.8173345131066823,0.0,-0.0111453056014091,1
x_aq_lsu_top/lfb_rdl_id[2:0],0,0.0,0.0,0.0,0.0,,0
x_aq_lsu_top/lfb_rdl_idx[13:0],0,0.0,0.0,0.0,0.0,,0
x_aq_lsu_top/lfb_rdl_no_ld,1,0.00012030798845043312,41.400000000000006,5.3967542013742635,1.0,-0.14861602140388885,1
x_aq_lsu_top/lfb_rdl_req,0,0.0,0.0,0.0,0.0,,0
x_aq_lsu_top/lfb_rdl_tag[27:0],0,0.0,0.0,0.0,0.0,,0
x_aq_lsu_top/lfb_rdl_type[1:0],1,0.00012030798845043312,6.270000000000003,0.8173345131066823,0.0,-0.0111453056014091,1
x_aq_lsu_top/lfb_rdl_way[3:0],0,0.0,0.0,0.0,0.0,,0
x_aq_lsu_top/lfb_stb_done,0,0.0,0.0,0.0,0.0,,0
x_aq_lsu_top/lfb_stb_err,0,0.0,0.0,0.0,0.0,,0
x_aq_lsu_top/lfb_stb_fifo[3:0],0,0.0,0.0,0.0,0.0,,0
x_aq_lsu_top/lfb_stb_id[1:0],0,0.0,0.0,0.0,0.0,,0
x_aq_lsu_top/lfb_vb_araddr_5_4[1:0],0,0.0,0.0,0.0,0.0,,0
x_aq_lsu_top/lfb_vb_arid[2:0],0,0.0,0.0,0.0,0.0,,0
x_aq_lsu_top/lfb_vb_arvalid,0,0.0,0.0,0.0,0.0,,0
x_aq_lsu_top/lfb_vb_rready,1,0.00012030798845043312,1.2299999999999933,0.16033834946111852,0.0,-0.11407227095261288,1
x_aq_lsu_top/lfb_xx_idle,1,0.00012030798845043312,41.400000000000006,5.3967542013742635,1.0,-0.14861602140388885,1
x_aq_lsu_top/lfb_xx_no_op,1,0.00012030798845043312,41.400000000000006,5.3967542013742635,1.0,-0.14861602140388885,1
x_aq_lsu_top/lm_clr,0,0.0,0.0,0.0,0.0,,0
x_aq_lsu_top/lm_pass,0,0.0,0.0,0.0,0.0,,0
x_aq_lsu_top/lm_req_addr[39:0],4,0.00048123195380173246,6.417500000000001,0.8365620794038487,0.0,0.049288993232723566,6
x_aq_lsu_top/lm_req_size[1:0],8,0.0009624639076034649,7.621250000000005,0.9934785738459814,0.125,0.047910017754930444,2
x_aq_lsu_top/lm_set,0,0.0,0.0,0.0,0.0,,0
x_aq_lsu_top/lm_set_gate,0,0.0,0.0,0.0,0.0,,0
x_aq_lsu_top/lsu_no_op,7,0.0008421559191530317,5.354285714285717,0.6979653121722135,0.42857142857142855,-0.09694719695168941,1
x_aq_lsu_top/mcic_ag_stall,0,0.0,0.0,0.0,0.0,,0
x_aq_lsu_top/mcic_arb_data_idx[13:0],2,0.00024061597690086623,9.350000000000003,1.2188321686678594,0.0,0.04913378582256354,2
x_aq_lsu_top/mcic_arb_data_req,0,0.0,0.0,0.0,0.0,,0
x_aq_lsu_top/mcic_arb_data_way[3:0],0,0.0,0.0,0.0,0.0,,0
x_aq_lsu_top/mcic_arb_tag_idx[11:0],0,0.0,0.0,0.0,0.0,,0
x_aq_lsu_top/mcic_arb_tag_req,0,0.0,0.0,0.0,0.0,,0
x_aq_lsu_top/mcic_arb_tag_sel[3:0],0,0.0,0.0,0.0,0.0,,0
x_aq_lsu_top/mcic_arb_tag_way[3:0],0,0.0,0.0,0.0,0.0,,0
x_aq_lsu_top/mcic_dc_addr[39:0],2,0.00024061597690086623,9.350000000000003,1.2188321686678594,0.0,0.04913378582256354,2
x_aq_lsu_top/mcic_dc_bytes_vld[7:0],1,0.00012030798845043312,1.2299999999999933,0.16033834946111852,0.0,-0.11407227095261488,8
x_aq_lsu_top/mcic_dc_priv_mode[1:0],1,0.00012030798845043312,1.2299999999999933,0.16033834946111852,0.0,-0.11407227095261649,2
x_aq_lsu_top/mcic_dc_req,0,0.0,0.0,0.0,0.0,,0
x_aq_lsu_top/pfb_lfb_id[4:0],0,0.0,0.0,0.0,0.0,,0
x_aq_lsu_top/pfb_lfb_pa[39:0],0,0.0,0.0,0.0,0.0,,0
x_aq_lsu_top/pfb_lfb_priv_mode[1:0],0,0.0,0.0,0.0,0.0,,0
x_aq_lsu_top/pfb_lfb_req,0,0.0,0.0,0.0,0.0,,0
x_aq_lsu_top/pfb_lfb_req_gate,0,0.0,0.0,0.0,0.0,,0
x_aq_lsu_top/pfb_lfb_virt_idx[1:0],0,0.0,0.0,0.0,0.0,,0
x_aq_lsu_top/pfb_lfb_wb,0,0.0,0.0,0.0,0.0,,0
x_aq_lsu_top/pfb_xx_pa[39:0],0,0.0,0.0,0.0,0.0,,0
x_aq_lsu_top/rdl_arb_data02_idx[13:0],0,0.0,0.0,0.0,0.0,,0
x_aq_lsu_top/rdl_arb_data0_req,0,0.0,0.0,0.0,0.0,,0
x_aq_lsu_top/rdl_arb_data13_idx[13:0],0,0.0,0.0,0.0,0.0,,0
x_aq_lsu_top/rdl_arb_data1_req,0,0.0,0.0,0.0,0.0,,0
x_aq_lsu_top/rdl_arb_data2_req,0,0.0,0.0,0.0,0.0,,0
x_aq_lsu_top/rdl_arb_data3_req,0,0.0,0.0,0.0,0.0,,0
x_aq_lsu_top/rdl_arb_data_way[3:0],0,0.0,0.0,0.0,0.0,,0
x_aq_lsu_top/rdl_arb_dcache_sel,0,0.0,0.0,0.0,0.0,,0
x_aq_lsu_top/rdl_arb_dirty_din[7:0],0,0.0,0.0,0.0,0.0,,0
x_aq_lsu_top/rdl_arb_dirty_idx[13:0],0,0.0,0.0,0.0,0.0,,0
x_aq_lsu_top/rdl_arb_dirty_req,0,0.0,0.0,0.0,0.0,,0
x_aq_lsu_top/rdl_arb_dirty_wen[7:0],0,0.0,0.0,0.0,0.0,,0
x_aq_lsu_top/rdl_arb_tag_idx[11:0],0,0.0,0.0,0.0,0.0,,0
x_aq_lsu_top/rdl_arb_tag_req,0,0.0,0.0,0.0,0.0,,0
x_aq_lsu_top/rdl_arb_tag_sel[3:0],0,0.0,0.0,0.0,0.0,,0
x_aq_lsu_top/rdl_arb_tag_way[3:0],0,0.0,0.0,0.0,0.0,,0
x_aq_lsu_top/rdl_arb_tag_wen,0,0.0,0.0,0.0,0.0,,0
x_aq_lsu_top/rdl_dc_acc_fifo[3:0],0,0.0,0.0,0.0,0.0,,0
x_aq_lsu_top/rdl_dc_acc_idx[1:0],0,0.0,0.0,0.0,0.0,,0
x_aq_lsu_top/rdl_dc_acc_tag[39:0],0,0.0,0.0,0.0,0.0,,0
x_aq_lsu_top/rdl_dc_sel,0,0.0,0.0,0.0,0.0,,0
x_aq_lsu_top/rdl_lfb_alias_hit,0,0.0,0.0,0.0,0.0,,0
x_aq_lsu_top/rdl_lfb_cache_hit,0,0.0,0.0,0.0,0.0,,0
x_aq_lsu_top/rdl_lfb_cmplt,0,0.0,0.0,0.0,0.0,,0
x_aq_lsu_top/rdl_lfb_grant,1,0.00012030798845043312,41.400000000000006,5.3967542013742635,1.0,-0.14861602140388885,1
x_aq_lsu_top/rdl_lfb_ref_fifo[3:0],1,0.00012030798845043312,6.270000000000003,0.8173345131066823,0.0,-0.0111453056014091,1
x_aq_lsu_top/rdl_stb_cmplt,0,0.0,0.0,0.0,0.0,,0
x_aq_lsu_top/rdl_stb_cmplt_id[1:0],0,0.0,0.0,0.0,0.0,,0
x_aq_lsu_top/rdl_stb_grant,1,0.00012030798845043312,1.2299999999999933,0.16033834946111852,0.0,-0.11407227095261288,1
x_aq_lsu_top/rdl_vb_addr[33:0],0,0.0,0.0,0.0,0.0,,0
x_aq_lsu_top/rdl_vb_alias,0,0.0,0.0,0.0,0.0,,0
x_aq_lsu_top/rdl_vb_alias_dirty,0,0.0,0.0,0.0,0.0,,0
x_aq_lsu_top/rdl_vb_data[127:0],0,0.0,0.0,0.0,0.0,,0
x_aq_lsu_top/rdl_vb_data_vld,0,0.0,0.0,0.0,0.0,,0
x_aq_lsu_top/rdl_vb_ld,0,0.0,0.0,0.0,0.0,,0
x_aq_lsu_top/rdl_vb_ld_id[2:0],0,0.0,0.0,0.0,0.0,,0
x_aq_lsu_top/rdl_vb_pf,0,0.0,0.0,0.0,0.0,,0
x_aq_lsu_top/rdl_vb_req,0,0.0,0.0,0.0,0.0,,0
x_aq_lsu_top/stb_amo_alu_src1[63:0],0,0.0,0.0,0.0,0.0,,0
x_aq_lsu_top/stb_arb_data0_req,0,0.0,0.0,0.0,0.0,,0
x_aq_lsu_top/stb_arb_data1_req,0,0.0,0.0,0.0,0.0,,0
x_aq_lsu_top/stb_arb_data2_req,0,0.0,0.0,0.0,0.0,,0
x_aq_lsu_top/stb_arb_data3_req,0,0.0,0.0,0.0,0.0,,0
x_aq_lsu_top/stb_arb_data_din[127:0],0,0.0,0.0,0.0,0.0,,0
x_aq_lsu_top/stb_arb_data_idx[13:0],0,0.0,0.0,0.0,0.0,,0
x_aq_lsu_top/stb_arb_data_req,0,0.0,0.0,0.0,0.0,,0
x_aq_lsu_top/stb_arb_data_way[3:0],0,0.0,0.0,0.0,0.0,,0
x_aq_lsu_top/stb_arb_data_wen[7:0],0,0.0,0.0,0.0,0.0,,0
x_aq_lsu_top/stb_arb_dirty_idx[13:0],0,0.0,0.0,0.0,0.0,,0
x_aq_lsu_top/stb_arb_dirty_req,0,0.0,0.0,0.0,0.0,,0
x_aq_lsu_top/stb_arb_dirty_wen[7:0],0,0.0,0.0,0.0,0.0,,0
x_aq_lsu_top/stb_dbginfo[15:0],0,0.0,0.0,0.0,0.0,,0
x_aq_lsu_top/stb_dc_create_id[1:0],0,0.0,0.0,0.0,0.0,,0
x_aq_lsu_top/stb_dc_fwd_vld,0,0.0,0.0,0.0,0.0,,0
x_aq_lsu_top/stb_dc_hit_addr,0,0.0,0.0,0.0,0.0,,0
x_aq_lsu_top/stb_dc_hit_addr_wca,0,0.0,0.0,0.0,0.0,,0
x_aq_lsu_top/stb_dc_hit_dca,0,0.0,0.0,0.0,0.0,,0
x_aq_lsu_top/stb_dc_hit_idx,0,0.0,0.0,0.0,0.0,,0
x_aq_lsu_top/stb_dc_hit_not_ready,0,0.0,0.0,0.0,0.0,,0
x_aq_lsu_top/stb_dc_ld_data[63:0],0,0.0,0.0,0.0,0.0,,0
x_aq_lsu_top/stb_dc_ld_fwd_vld,0,0.0,0.0,0.0,0.0,,0
x_aq_lsu_top/stb_dc_merge_en,0,0.0,0.0,0.0,0.0,,0
x_aq_lsu_top/stb_dc_multi_or_part_hit,0,0.0,0.0,0.0,0.0,,0
x_aq_lsu_top/stb_dc_pop_en,0,0.0,0.0,0.0,0.0,,0
x_aq_lsu_top/stb_dc_ready,1,0.00012030798845043312,1.2299999999999933,0.16033834946111852,0.0,-0.11407227095261288,1
x_aq_lsu_top/stb_dc_so_vld,0,0.0,0.0,0.0,0.0,,0
x_aq_lsu_top/stb_pfb_hit_idx,0,0.0,0.0,0.0,0.0,,0
x_aq_lsu_top/stb_rdl_id[1:0],0,0.0,0.0,0.0,0.0,,0
x_aq_lsu_top/stb_rdl_idx[13:0],0,0.0,0.0,0.0,0.0,,0
x_aq_lsu_top/stb_rdl_req,0,0.0,0.0,0.0,0.0,,0
x_aq_lsu_top/stb_rdl_tag[27:0],0,0.0,0.0,0.0,0.0,,0
x_aq_lsu_top/stb_rdl_type[1:0],0,0.0,0.0,0.0,0.0,,0
x_aq_lsu_top/stb_rdl_way[3:0],0,0.0,0.0,0.0,0.0,,0
x_aq_lsu_top/stb_xx_idle,1,0.00012030798845043312,41.400000000000006,5.3967542013742635,1.0,-0.14861602140388885,1
x_aq_lsu_top/vb_dbginfo[3:0],0,0.0,0.0,0.0,0.0,,0
x_aq_lsu_top/vb_dc_hit_idx,0,0.0,0.0,0.0,0.0,,0
x_aq_lsu_top/vb_dc_pop_en,0,0.0,0.0,0.0,0.0,,0
x_aq_lsu_top/vb_icc_empty,1,0.00012030798845043312,1.2299999999999933,0.16033834946111852,0.0,-0.11407227095261288,1
x_aq_lsu_top/vb_icc_grant,1,0.00012030798845043312,41.400000000000006,5.3967542013742635,1.0,-0.14861602140388885,1
x_aq_lsu_top/vb_lfb_arready,0,0.0,0.0,0.0,0.0,,0
x_aq_lsu_top/vb_lfb_dirty,1,0.00012030798845043312,6.270000000000003,0.8173345131066823,0.0,-0.0111453056014091,1
x_aq_lsu_top/vb_lfb_rdata[127:0],0,0.0,0.0,0.0,0.0,,0
x_aq_lsu_top/vb_lfb_rid[3:0],2,0.00024061597690086623,3.7600000000000033,0.49013999510065814,0.0,-0.011206854623872258,2
x_aq_lsu_top/vb_lfb_rlast,0,0.0,0.0,0.0,0.0,,0
x_aq_lsu_top/vb_lfb_rvalid,0,0.0,0.0,0.0,0.0,,0
x_aq_lsu_top/vb_pfb_hit_idx,0,0.0,0.0,0.0,0.0,,0
x_aq_lsu_top/vb_rdl_grant,1,0.00012030798845043312,8.549999999999997,1.1145470633272931,1.0,-0.11413386512837041,1
x_aq_lsu_top/vb_rdl_ld_alias_hit,0,0.0,0.0,0.0,0.0,,0
x_aq_lsu_top/vb_stb_clr_vld,0,0.0,0.0,0.0,0.0,,0
x_aq_lsu_top/vb_xx_idle,1,0.00012030798845043312,8.549999999999997,1.1145470633272931,1.0,-0.11413386512837041,1
x_aq_lsu_top/x_aq_dcache_top/cp0_lsu_icg_en,0,0.0,0.0,0.0,0.0,,0
x_aq_lsu_top/x_aq_dcache_top/dcache_data02_idx[13:0],2092,0.2516843118383061,7.988652007648184,1.0413717701833884,0.06405353728489484,0.07503394752765437,10
x_aq_lsu_top/x_aq_dcache_top/dcache_data13_idx[13:0],2094,0.2519249278152069,8.004875835721107,1.0434866497079034,0.06494746895893028,0.07475341114380646,11
x_aq_lsu_top/x_aq_dcache_top/dcache_data_cen_bank0,3,0.0003609239653512993,18.29666666666667,2.385087263393183,0.3333333333333333,-0.12283283392414311,1
x_aq_lsu_top/x_aq_dcache_top/dcache_data_cen_bank1,3,0.0003609239653512993,18.29666666666667,2.385087263393183,0.3333333333333333,-0.12283283392414311,1
x_aq_lsu_top/x_aq_dcache_top/dcache_data_cen_bank2,1,0.00012030798845043312,41.400000000000006,5.3967542013742635,1.0,-0.14861602140388885,1
x_aq_lsu_top/x_aq_dcache_top/dcache_data_cen_bank3,1,0.00012030798845043312,41.400000000000006,5.3967542013742635,1.0,-0.14861602140388885,1
x_aq_lsu_top/x_aq_dcache_top/dcache_data_din_bank0[63:0],0,0.0,0.0,0.0,0.0,,0
x_aq_lsu_top/x_aq_dcache_top/dcache_data_din_bank1[63:0],0,0.0,0.0,0.0,0.0,,0
x_aq_lsu_top/x_aq_dcache_top/dcache_data_din_bank2[63:0],0,0.0,0.0,0.0,0.0,,0
x_aq_lsu_top/x_aq_dcache_top/dcache_data_din_bank3[63:0],0,0.0,0.0,0.0,0.0,,0
x_aq_lsu_top/x_aq_dcache_top/dcache_data_dout_bank0[63:0],0,0.0,0.0,0.0,0.0,,0
x_aq_lsu_top/x_aq_dcache_top/dcache_data_dout_bank1[63:0],0,0.0,0.0,0.0,0.0,,0
x_aq_lsu_top/x_aq_dcache_top/dcache_data_dout_bank2[63:0],0,0.0,0.0,0.0,0.0,,0
x_aq_lsu_top/x_aq_dcache_top/dcache_data_dout_bank3[63:0],0,0.0,0.0,0.0,0.0,,0
x_aq_lsu_top/x_aq_dcache_top/dcache_data_wen[7:0],0,0.0,0.0,0.0,0.0,,0
x_aq_lsu_top/x_aq_dcache_top/dcache_dirty_cen,1567,0.18852261790182867,7.703586470963625,1.0042116582807457,0.0631780472239949,-0.17759670436860084,1
x_aq_lsu_top/x_aq_dcache_top/dcache_dirty_din[7:0],0,0.0,0.0,0.0,0.0,,0
x_aq_lsu_top/x_aq_dcache_top/dcache_dirty_dout[7:0],2,0.00024061597690086623,10.909999999999991,1.4221881240819605,1.0,-0.07129674858868723,2
x_aq_lsu_top/x_aq_dcache_top/dcache_dirty_idx[13:0],2088,0.25120307988450435,7.9807231800766285,1.0403381969102299,0.06417624521072797,0.07489632451489968,9
x_aq_lsu_top/x_aq_dcache_top/dcache_dirty_wen[7:0],1558,0.1874398460057748,7.742175866495508,1.0092420322533346,0.07830551989730423,-0.2618450061652098,7
x_aq_lsu_top/x_aq_dcache_top/dcache_tag_din[29:0],0,0.0,0.0,0.0,0.0,,0
x_aq_lsu_top/x_aq_dcache_top/dcache_tag_dout_bank0[119:0],0,0.0,0.0,0.0,0.0,,0
x_aq_lsu_top/x_aq_dcache_top/dcache_tag_dout_bank1[119:0],0,0.0,0.0,0.0,0.0,,0
x_aq_lsu_top/x_aq_dcache_top/dcache_tag_idx[11:0],2065,0.24843599615014436,8.000140435835352,1.0428693601130088,0.0648910411622276,-0.12370489068992072,7
x_aq_lsu_top/x_aq_dcache_top/dcache_tag_req,10,0.001203079884504331,6.949000000000001,0.9058464962644869,0.2,0.23121042087718632,1
x_aq_lsu_top/x_aq_dcache_top/dcache_tag_sel[3:0],38,0.004571703561116458,9.167368421052634,1.195024976856559,0.15789473684210525,-0.03489157107517658,3
x_aq_lsu_top/x_aq_dcache_top/dcache_tag_way[3:0],21,0.002526467757459095,5.900952380952382,0.7692268008215997,0.0,-0.07474785469456144,4
x_aq_lsu_top/x_aq_dcache_top/dcache_tag_wen,269,0.032362848893166506,8.517211895910782,1.1102729247162164,0.44609665427509293,-0.25828657750350686,1
x_aq_lsu_top/x_aq_dcache_top/forever_cpuclk,0,0.0,0.0,0.0,0.0,,0
x_aq_lsu_top/x_aq_dcache_top/pad_yy_icg_scan_en,0,0.0,0.0,0.0,0.0,,0
x_aq_lsu_top/x_aq_dcache_top/dcache_data_clk_en_bank0,0,0.0,0.0,0.0,0.0,,0
x_aq_lsu_top/x_aq_dcache_top/dcache_data_clk_en_bank1,0,0.0,0.0,0.0,0.0,,0
x_aq_lsu_top/x_aq_dcache_top/dcache_data_clk_en_bank2,0,0.0,0.0,0.0,0.0,,0
x_aq_lsu_top/x_aq_dcache_top/dcache_data_clk_en_bank3,0,0.0,0.0,0.0,0.0,,0
x_aq_lsu_top/x_aq_dcache_top/dcache_data_gwen,0,0.0,0.0,0.0,0.0,,0
x_aq_lsu_top/x_aq_dcache_top/dcache_data_wen_bankx[63:0],0,0.0,0.0,0.0,0.0,,0
x_aq_lsu_top/x_aq_dcache_top/dcache_dirty_clk_en,1532,0.1843118383060635,7.73425587467363,1.0082096107765335,0.08420365535248042,0.21174749372444096,1
x_aq_lsu_top/x_aq_dcache_top/dcache_dirty_gwen,1549,0.18635707410972088,7.7443511943189165,1.0095256001173527,0.0774693350548741,-0.17677997395960562,1
x_aq_lsu_top/x_aq_dcache_top/dcache_tag_cen_bank0,149,0.017925890279114533,8.420402684563758,1.0976532262121397,0.3825503355704698,-0.20186251094199822,1
x_aq_lsu_top/x_aq_dcache_top/dcache_tag_cen_bank1,147,0.017685274302213668,8.861972789115647,1.1552147072976875,0.4489795918367347,-0.19661163198924425,1
x_aq_lsu_top/x_aq_dcache_top/dcache_tag_clk_en_bank0,10,0.001203079884504331,7.489999999999999,0.9763692987510441,0.1,0.1634395147688853,1
x_aq_lsu_top/x_aq_dcache_top/dcache_tag_clk_en_bank1,10,0.001203079884504331,8.289000000000001,1.080524047709934,0.2,0.15983690597917521,1
x_aq_lsu_top/x_aq_dcache_top/dcache_tag_din_bankx[119:0],0,0.0,0.0,0.0,0.0,,0
x_aq_lsu_top/x_aq_dcache_top/dcache_tag_gwen,269,0.032362848893166506,8.517211895910782,1.1102729247162164,0.44609665427509293,-0.25828657750350686,1
x_aq_lsu_top/x_aq_dcache_top/dcache_tag_wen_bankx[119:0],278,0.03344562078922041,8.480000000000002,1.1054221166099942,0.43884892086330934,,119
x_aq_lsu_top/x_aq_dcache_top/x_aq_dcache_tag_array_bank0/cp0_lsu_icg_en,0,0.0,0.0,0.0,0.0,,0
x_aq_lsu_top/x_aq_dcache_top/x_aq_dcache_tag_array_bank0/forever_cpuclk,0,0.0,0.0,0.0,0.0,,0
x_aq_lsu_top/x_aq_dcache_top/x_aq_dcache_tag_array_bank0/pad_yy_icg_scan_en,0,0.0,0.0,0.0,0.0,,0
x_aq_lsu_top/x_aq_dcache_top/x_aq_dcache_tag_array_bank0/tag_cen,149,0.017925890279114533,8.420402684563758,1.0976532262121397,0.3825503355704698,-0.20186251094199822,1
x_aq_lsu_top/x_aq_dcache_top/x_aq_dcache_tag_array_bank0/tag_clk_en,10,0.001203079884504331,7.489999999999999,0.9763692987510441,0.1,0.1634395147688853,1
x_aq_lsu_top/x_aq_dcache_top/x_aq_dcache_tag_array_bank0/tag_din[119:0],0,0.0,0.0,0.0,0.0,,0
x_aq_lsu_top/x_aq_dcache_top/x_aq_dcache_tag_array_bank0/tag_dout[119:0],0,0.0,0.0,0.0,0.0,,0
x_aq_lsu_top/x_aq_dcache_top/x_aq_dcache_tag_array_bank0/tag_gwen,269,0.032362848893166506,8.517211895910782,1.1102729247162164,0.44609665427509293,-0.25828657750350686,1
x_aq_lsu_top/x_aq_dcache_top/x_aq_dcache_tag_array_bank0/tag_idx[11:0],2065,0.24843599615014436,8.000140435835352,1.0428693601130088,0.0648910411622276,-0.12370489068992072,7
x_aq_lsu_top/x_aq_dcache_top/x_aq_dcache_tag_array_bank0/tag_way[3:0],21,0.002526467757459095,5.900952380952382,0.7692268008215997,0.0,-0.07474785469456144,4
x_aq_lsu_top/x_aq_dcache_top/x_aq_dcache_tag_array_bank0/tag_wen[119:0],278,0.03344562078922041,8.480000000000002,1.1054221166099942,0.43884892086330934,,119
x_aq_lsu_top/x_aq_dcache_top/x_aq_dcache_tag_array_bank0/tag_cen_bank0,149,0.017925890279114533,8.420402684563758,1.0976532262121397,0.3825503355704698,-0.20186251094199822,1
x_aq_lsu_top/x_aq_dcache_top/x_aq_dcache_tag_array_bank0/tag_cen_bank1,145,0.0174446583253128,8.396758620689656,1.0945710715974024,0.3931034482758621,-0.20320141540948167,1
x_aq_lsu_top/x_aq_dcache_top/x_aq_dcache_tag_array_bank0/tag_clk_bank0,0,0.0,0.0,0.0,0.0,,0
x_aq_lsu_top/x_aq_dcache_top/x_aq_dcache_tag_array_bank0/tag_clk_bank1,0,0.0,0.0,0.0,0.0,,0
x_aq_lsu_top/x_aq_dcache_top/x_aq_dcache_tag_array_bank0/tag_clk_en_bank0,10,0.001203079884504331,7.489999999999999,0.9763692987510441,0.1,0.1634395147688853,1
x_aq_lsu_top/x_aq_dcache_top/x_aq_dcache_tag_array_bank0/tag_clk_en_bank1,10,0.001203079884504331,7.489999999999999,0.9763692987510441,0.1,0.1634395147688853,1
x_aq_lsu_top/x_aq_dcache_top/x_aq_dcache_tag_array_bank0/tag_din_raw[115:0],0,0.0,0.0,0.0,0.0,,0
x_aq_lsu_top/x_aq_dcache_top/x_aq_dcache_tag_array_bank0/tag_dout_raw[115:0],0,0.0,0.0,0.0,0.0,,0
x_aq_lsu_top/x_aq_dcache_top/x_aq_dcache_tag_array_bank0/tag_wen_raw[115:0],278,0.03344562078922041,8.480000000000002,1.1054221166099942,0.43884892086330934,,115
x_aq_lsu_top/x_aq_dcache_top/x_aq_dcache_tag_array_bank0/x_dcache_tag_gated_clk_bank0/clk_in,0,0.0,0.0,0.0,0.0,,0
x_aq_lsu_top/x_aq_dcache_top/x_aq_dcache_tag_array_bank0/x_dcache_tag_gated_clk_bank0/global_en,0,0.0,0.0,0.0,0.0,,0
x_aq_lsu_top/x_aq_dcache_top/x_aq_dcache_tag_array_bank0/x_dcache_tag_gated_clk_bank0/module_en,0,0.0,0.0,0.0,0.0,,0
x_aq_lsu_top/x_aq_dcache_top/x_aq_dcache_tag_array_bank0/x_dcache_tag_gated_clk_bank0/local_en,10,0.001203079884504331,7.489999999999999,0.9763692987510441,0.1,0.1634395147688853,1
x_aq_lsu_top/x_aq_dcache_top/x_aq_dcache_tag_array_bank0/x_dcache_tag_gated_clk_bank0/external_en,0,0.0,0.0,0.0,0.0,,0
x_aq_lsu_top/x_aq_dcache_top/x_aq_dcache_tag_array_bank0/x_dcache_tag_gated_clk_bank0/pad_yy_icg_scan_en,0,0.0,0.0,0.0,0.0,,0
x_aq_lsu_top/x_aq_dcache_top/x_aq_dcache_tag_array_bank0/x_dcache_tag_gated_clk_bank0/clk_out,0,0.0,0.0,0.0,0.0,,0
x_aq_lsu_top/x_aq_dcache_top/x_aq_dcache_tag_array_bank0/x_dcache_tag_gated_clk_bank0/clk_en_bf_latch,10,0.001203079884504331,7.489999999999999,0.9763692987510441,0.1,0.1634395147688853,1
x_aq_lsu_top/x_aq_dcache_top/x_aq_dcache_tag_array_bank0/x_dcache_tag_gated_clk_bank0/SE,0,0.0,0.0,0.0,0.0,,0
x_aq_lsu_top/x_aq_dcache_top/x_aq_dcache_tag_array_bank0/x_dcache_tag_gated_clk_bank1/clk_in,0,0.0,0.0,0.0,0.0,,0
x_aq_lsu_top/x_aq_dcache_top/x_aq_dcache_tag_array_bank0/x_dcache_tag_gated_clk_bank1/global_en,0,0.0,0.0,0.0,0.0,,0
x_aq_lsu_top/x_aq_dcache_top/x_aq_dcache_tag_array_bank0/x_dcache_tag_gated_clk_bank1/module_en,0,0.0,0.0,0.0,0.0,,0
x_aq_lsu_top/x_aq_dcache_top/x_aq_dcache_tag_array_bank0/x_dcache_tag_gated_clk_bank1/local_en,10,0.001203079884504331,7.489999999999999,0.9763692987510441,0.1,0.1634395147688853,1
x_aq_lsu_top/x_aq_dcache_top/x_aq_dcache_tag_array_bank0/x_dcache_tag_gated_clk_bank1/external_en,0,0.0,0.0,0.0,0.0,,0
x_aq_lsu_top/x_aq_dcache_top/x_aq_dcache_tag_array_bank0/x_dcache_tag_gated_clk_bank1/pad_yy_icg_scan_en,0,0.0,0.0,0.0,0.0,,0
x_aq_lsu_top/x_aq_dcache_top/x_aq_dcache_tag_array_bank0/x_dcache_tag_gated_clk_bank1/clk_out,0,0.0,0.0,0.0,0.0,,0
x_aq_lsu_top/x_aq_dcache_top/x_aq_dcache_tag_array_bank0/x_dcache_tag_gated_clk_bank1/clk_en_bf_latch,10,0.001203079884504331,7.489999999999999,0.9763692987510441,0.1,0.1634395147688853,1
x_aq_lsu_top/x_aq_dcache_top/x_aq_dcache_tag_array_bank0/x_dcache_tag_gated_clk_bank1/SE,0,0.0,0.0,0.0,0.0,,0
x_aq_lsu_top/x_aq_dcache_top/x_aq_dcache_tag_array_bank0/x_aq_spsram_64x58_bank0/A[5:0],1061,0.12764677574590952,7.99210179076343,1.0418214714278577,0.06597549481621112,-0.12361761747726402,6
x_aq_lsu_top/x_aq_dcache_top/x_aq_dcache_tag_array_bank0/x_aq_spsram_64x58_bank0/CEN,149,0.017925890279114533,8.420402684563758,1.0976532262121397,0.3825503355704698,-0.20186251094199822,1
x_aq_lsu_top/x_aq_dcache_top/x_aq_dcache_tag_array_bank0/x_aq_spsram_64x58_bank0/CLK,0,0.0,0.0,0.0,0.0,,0
x_aq_lsu_top/x_aq_dcache_top/x_aq_dcache_tag_array_bank0/x_aq_spsram_64x58_bank0/D[57:0],0,0.0,0.0,0.0,0.0,,0
x_aq_lsu_top/x_aq_dcache_top/x_aq_dcache_tag_array_bank0/x_aq_spsram_64x58_bank0/GWEN,269,0.032362848893166506,8.517211895910782,1.1102729247162164,0.44609665427509293,-0.25828657750350686,1
x_aq_lsu_top/x_aq_dcache_top/x_aq_dcache_tag_array_bank0/x_aq_spsram_64x58_bank0/Q[57:0],0,0.0,0.0,0.0,0.0,,0
x_aq_lsu_top/x_aq_dcache_top/x_aq_dcache_tag_array_bank0/x_aq_spsram_64x58_bank0/WEN[57:0],278,0.03344562078922041,8.480000000000002,1.1054221166099942,0.43884892086330934,-0.260618154539236,57
x_aq_lsu_top/x_aq_dcache_top/x_aq_dcache_tag_array_bank0/x_aq_spsram_64x58_bank0/x_aq_f_spsram_64x58/A[5:0],1061,0.12764677574590952,7.99210179076343,1.0418214714278577,0.06597549481621112,-0.12361761747726402,6
x_aq_lsu_top/x_aq_dcache_top/x_aq_dcache_tag_array_bank0/x_aq_spsram_64x58_bank0/x_aq_f_spsram_64x58/CEN,149,0.017925890279114533,8.420402684563758,1.0976532262121397,0.3825503355704698,-0.20186251094199822,1
x_aq_lsu_top/x_aq_dcache_top/x_aq_dcache_tag_array_bank0/x_aq_spsram_64x58_bank0/x_aq_f_spsram_64x58/CLK,0,0.0,0.0,0.0,0.0,,0
x_aq_lsu_top/x_aq_dcache_top/x_aq_dcache_tag_array_bank0/x_aq_spsram_64x58_bank0/x_aq_f_spsram_64x58/D[57:0],0,0.0,0.0,0.0,0.0,,0
x_aq_lsu_top/x_aq_dcache_top/x_aq_dcache_tag_array_bank0/x_aq_spsram_64x58_bank0/x_aq_f_spsram_64x58/GWEN,269,0.032362848893166506,8.517211895910782,1.1102729247162164,0.44609665427509293,-0.25828657750350686,1
x_aq_lsu_top/x_aq_dcache_top/x_aq_dcache_tag_array_bank0/x_aq_spsram_64x58_bank0/x_aq_f_spsram_64x58/Q[57:0],0,0.0,0.0,0.0,0.0,,0
x_aq_lsu_top/x_aq_dcache_top/x_aq_dcache_tag_array_bank0/x_aq_spsram_64x58_bank0/x_aq_f_spsram_64x58/WEN[57:0],278,0.03344562078922041,8.480000000000002,1.1054221166099942,0.43884892086330934,-0.260618154539236,57
x_aq_lsu_top/x_aq_dcache_top/x_aq_dcache_tag_array_bank0/x_aq_spsram_64x58_bank0/x_aq_f_spsram_64x58/addr[5:0],200,0.02406159769008662,8.643099999999999,1.1266832424613016,0.145,0.0769339367374892,6
x_aq_lsu_top/x_aq_dcache_top/x_aq_dcache_tag_array_bank0/x_aq_spsram_64x58_bank0/x_aq_f_spsram_64x58/ram_wen_vec[57:0],148,0.0178055822906641,8.175202702702704,1.0656898437897837,0.3716216216216216,0.17832468763623952,57
x_aq_lsu_top/x_aq_dcache_top/x_aq_dcache_tag_array_bank0/x_aq_spsram_64x58_bank0/x_aq_f_spsram_64x58/RAM_DIN_VEC[0]/ram_instance/PortAClk,0,0.0,0.0,0.0,0.0,,0
x_aq_lsu_top/x_aq_dcache_top/x_aq_dcache_tag_array_bank0/x_aq_spsram_64x58_bank0/x_aq_f_spsram_64x58/RAM_DIN_VEC[0]/ram_instance/PortAAddr[5:0],200,0.02406159769008662,8.643099999999999,1.1266832424613016,0.145,0.0769339367374892,6
x_aq_lsu_top/x_aq_dcache_top/x_aq_dcache_tag_array_bank0/x_aq_spsram_64x58_bank0/x_aq_f_spsram_64x58/RAM_DIN_VEC[0]/ram_instance/PortADataIn[0:0],0,0.0,0.0,0.0,0.0,,0
x_aq_lsu_top/x_aq_dcache_top/x_aq_dcache_tag_array_bank0/x_aq_spsram_64x58_bank0/x_aq_f_spsram_64x58/RAM_DIN_VEC[0]/ram_instance/PortAWriteEnable,8,0.0009624639076034649,7.896249999999999,1.0293265788068,0.0,0.15845953588601674,1
x_aq_lsu_top/x_aq_dcache_top/x_aq_dcache_tag_array_bank0/x_aq_spsram_64x58_bank0/x_aq_f_spsram_64x58/RAM_DIN_VEC[1]/ram_instance/PortAClk,0,0.0,0.0,0.0,0.0,,0
x_aq_lsu_top/x_aq_dcache_top/x_aq_dcache_tag_array_bank0/x_aq_spsram_64x58_bank0/x_aq_f_spsram_64x58/RAM_DIN_VEC[1]/ram_instance/PortAAddr[5:0],200,0.02406159769008662,8.643099999999999,1.1266832424613016,0.145,0.0769339367374892,6
x_aq_lsu_top/x_aq_dcache_top/x_aq_dcache_tag_array_bank0/x_aq_spsram_64x58_bank0/x_aq_f_spsram_64x58/RAM_DIN_VEC[1]/ram_instance/PortADataIn[0:0],0,0.0,0.0,0.0,0.0,,0
x_aq_lsu_top/x_aq_dcache_top/x_aq_dcache_tag_array_bank0/x_aq_spsram_64x58_bank0/x_aq_f_spsram_64x58/RAM_DIN_VEC[1]/ram_instance/PortAWriteEnable,8,0.0009624639076034649,7.896249999999999,1.0293265788068,0.0,0.15845953588601674,1
x_aq_lsu_top/x_aq_dcache_top/x_aq_dcache_tag_array_bank0/x_aq_spsram_64x58_bank0/x_aq_f_spsram_64x58/RAM_DIN_VEC[2]/ram_instance/PortAClk,0,0.0,0.0,0.0,0.0,,0
x_aq_lsu_top/x_aq_dcache_top/x_aq_dcache_tag_array_bank0/x_aq_spsram_64x58_bank0/x_aq_f_spsram_64x58/RAM_DIN_VEC[2]/ram_instance/PortAAddr[5:0],200,0.02406159769008662,8.643099999999999,1.1266832424613016,0.145,0.0769339367374892,6
x_aq_lsu_top/x_aq_dcache_top/x_aq_dcache_tag_array_bank0/x_aq_spsram_64x58_bank0/x_aq_f_spsram_64x58/RAM_DIN_VEC[2]/ram_instance/PortADataIn[0:0],0,0.0,0.0,0.0,0.0,,0
x_aq_lsu_top/x_aq_dcache_top/x_aq_dcache_tag_array_bank0/x_aq_spsram_64x58_bank0/x_aq_f_spsram_64x58/RAM_DIN_VEC[2]/ram_instance/PortAWriteEnable,8,0.0009624639076034649,7.896249999999999,1.0293265788068,0.0,0.15845953588601674,1
x_aq_lsu_top/x_aq_dcache_top/x_aq_dcache_tag_array_bank0/x_aq_spsram_64x58_bank0/x_aq_f_spsram_64x58/RAM_DIN_VEC[3]/ram_instance/PortAClk,0,0.0,0.0,0.0,0.0,,0
x_aq_lsu_top/x_aq_dcache_top/x_aq_dcache_tag_array_bank0/x_aq_spsram_64x58_bank0/x_aq_f_spsram_64x58/RAM_DIN_VEC[3]/ram_instance/PortAAddr[5:0],200,0.02406159769008662,8.643099999999999,1.1266832424613016,0.145,0.0769339367374892,6
x_aq_lsu_top/x_aq_dcache_top/x_aq_dcache_tag_array_bank0/x_aq_spsram_64x58_bank0/x_aq_f_spsram_64x58/RAM_DIN_VEC[3]/ram_instance/PortADataIn[0:0],0,0.0,0.0,0.0,0.0,,0
x_aq_lsu_top/x_aq_dcache_top/x_aq_dcache_tag_array_bank0/x_aq_spsram_64x58_bank0/x_aq_f_spsram_64x58/RAM_DIN_VEC[3]/ram_instance/PortAWriteEnable,8,0.0009624639076034649,7.896249999999999,1.0293265788068,0.0,0.15845953588601674,1
x_aq_lsu_top/x_aq_dcache_top/x_aq_dcache_tag_array_bank0/x_aq_spsram_64x58_bank0/x_aq_f_spsram_64x58/RAM_DIN_VEC[4]/ram_instance/PortAClk,0,0.0,0.0,0.0,0.0,,0
x_aq_lsu_top/x_aq_dcache_top/x_aq_dcache_tag_array_bank0/x_aq_spsram_64x58_bank0/x_aq_f_spsram_64x58/RAM_DIN_VEC[4]/ram_instance/PortAAddr[5:0],200,0.02406159769008662,8.643099999999999,1.1266832424613016,0.145,0.0769339367374892,6
x_aq_lsu_top/x_aq_dcache_top/x_aq_dcache_tag_array_bank0/x_aq_spsram_64x58_bank0/x_aq_f_spsram_64x58/RAM_DIN_VEC[4]/ram_instance/PortADataIn[0:0],0,0.0,0.0,0.0,0.0,,0
x_aq_lsu_top/x_aq_dcache_top/x_aq_dcache_tag_array_bank0/x_aq_spsram_64x58_bank0/x_aq_f_spsram_64x58/RAM_DIN_VEC[4]/ram_instance/PortAWriteEnable,8,0.0009624639076034649,7.896249999999999,1.0293265788068,0.0,0.15845953588601674,1
x_aq_lsu_top/x_aq_dcache_top/x_aq_dcache_tag_array_bank0/x_aq_spsram_64x58_bank0/x_aq_f_spsram_64x58/RAM_DIN_VEC[5]/ram_instance/PortAClk,0,0.0,0.0,0.0,0.0,,0
x_aq_lsu_top/x_aq_dcache_top/x_aq_dcache_tag_array_bank0/x_aq_spsram_64x58_bank0/x_aq_f_spsram_64x58/RAM_DIN_VEC[5]/ram_instance/PortAAddr[5:0],200,0.02406159769008662,8.643099999999999,1.1266832424613016,0.145,0.0769339367374892,6
x_aq_lsu_top/x_aq_dcache_top/x_aq_dcache_tag_array_bank0/x_aq_spsram_64x58_bank0/x_aq_f_spsram_64x58/RAM_DIN_VEC[5]/ram_instance/PortADataIn[0:0],0,0.0,0.0,0.0,0.0,,0
x_aq_lsu_top/x_aq_dcache_top/x_aq_dcache_tag_array_bank0/x_aq_spsram_64x58_bank0/x_aq_f_spsram_64x58/RAM_DIN_VEC[5]/ram_instance/PortAWriteEnable,8,0.0009624639076034649,7.896249999999999,1.0293265788068,0.0,0.15845953588601674,1
x_aq_lsu_top/x_aq_dcache_top/x_aq_dcache_tag_array_bank0/x_aq_spsram_64x58_bank0/x_aq_f_spsram_64x58/RAM_DIN_VEC[6]/ram_instance/PortAClk,0,0.0,0.0,0.0,0.0,,0
x_aq_lsu_top/x_aq_dcache_top/x_aq_dcache_tag_array_bank0/x_aq_spsram_64x58_bank0/x_aq_f_spsram_64x58/RAM_DIN_VEC[6]/ram_instance/PortAAddr[5:0],200,0.02406159769008662,8.643099999999999,1.1266832424613016,0.145,0.0769339367374892,6
x_aq_lsu_top/x_aq_dcache_top/x_aq_dcache_tag_array_bank0/x_aq_spsram_64x58_bank0/x_aq_f_spsram_64x58/RAM_DIN_VEC[6]/ram_instance/PortADataIn[0:0],0,0.0,0.0,0.0,0.0,,0
x_aq_lsu_top/x_aq_dcache_top/x_aq_dcache_tag_array_bank0/x_aq_spsram_64x58_bank0/x_aq_f_spsram_64x58/RAM_DIN_VEC[6]/ram_instance/PortAWriteEnable,8,0.0009624639076034649,7.896249999999999,1.0293265788068,0.0,0.15845953588601674,1
x_aq_lsu_top/x_aq_dcache_top/x_aq_dcache_tag_array_bank0/x_aq_spsram_64x58_bank0/x_aq_f_spsram_64x58/RAM_DIN_VEC[7]/ram_instance/PortAClk,0,0.0,0.0,0.0,0.0,,0
x_aq_lsu_top/x_aq_dcache_top/x_aq_dcache_tag_array_bank0/x_aq_spsram_64x58_bank0/x_aq_f_spsram_64x58/RAM_DIN_VEC[7]/ram_instance/PortAAddr[5:0],200,0.02406159769008662,8.643099999999999,1.1266832424613016,0.145,0.0769339367374892,6
x_aq_lsu_top/x_aq_dcache_top/x_aq_dcache_tag_array_bank0/x_aq_spsram_64x58_bank0/x_aq_f_spsram_64x58/RAM_DIN_VEC[7]/ram_instance/PortADataIn[0:0],0,0.0,0.0,0.0,0.0,,0
x_aq_lsu_top/x_aq_dcache_top/x_aq_dcache_tag_array_bank0/x_aq_spsram_64x58_bank0/x_aq_f_spsram_64x58/RAM_DIN_VEC[7]/ram_instance/PortAWriteEnable,8,0.0009624639076034649,7.896249999999999,1.0293265788068,0.0,0.15845953588601674,1
x_aq_lsu_top/x_aq_dcache_top/x_aq_dcache_tag_array_bank0/x_aq_spsram_64x58_bank0/x_aq_f_spsram_64x58/RAM_DIN_VEC[8]/ram_instance/PortAClk,0,0.0,0.0,0.0,0.0,,0
x_aq_lsu_top/x_aq_dcache_top/x_aq_dcache_tag_array_bank0/x_aq_spsram_64x58_bank0/x_aq_f_spsram_64x58/RAM_DIN_VEC[8]/ram_instance/PortAAddr[5:0],200,0.02406159769008662,8.643099999999999,1.1266832424613016,0.145,0.0769339367374892,6
x_aq_lsu_top/x_aq_dcache_top/x_aq_dcache_tag_array_bank0/x_aq_spsram_64x58_bank0/x_aq_f_spsram_64x58/RAM_DIN_VEC[8]/ram_instance/PortADataIn[0:0],0,0.0,0.0,0.0,0.0,,0
x_aq_lsu_top/x_aq_dcache_top/x_aq_dcache_tag_array_bank0/x_aq_spsram_64x58_bank0/x_aq_f_spsram_64x58/RAM_DIN_VEC[8]/ram_instance/PortAWriteEnable,8,0.0009624639076034649,7.896249999999999,1.0293265788068,0.0,0.15845953588601674,1
x_aq_lsu_top/x_aq_dcache_top/x_aq_dcache_tag_array_bank0/x_aq_spsram_64x58_bank0/x_aq_f_spsram_64x58/RAM_DIN_VEC[9]/ram_instance/PortAClk,0,0.0,0.0,0.0,0.0,,0
x_aq_lsu_top/x_aq_dcache_top/x_aq_dcache_tag_array_bank0/x_aq_spsram_64x58_bank0/x_aq_f_spsram_64x58/RAM_DIN_VEC[9]/ram_instance/PortAAddr[5:0],200,0.02406159769008662,8.643099999999999,1.1266832424613016,0.145,0.0769339367374892,6
x_aq_lsu_top/x_aq_dcache_top/x_aq_dcache_tag_array_bank0/x_aq_spsram_64x58_bank0/x_aq_f_spsram_64x58/RAM_DIN_VEC[9]/ram_instance/PortADataIn[0:0],0,0.0,0.0,0.0,0.0,,0
x_aq_lsu_top/x_aq_dcache_top/x_aq_dcache_tag_array_bank0/x_aq_spsram_64x58_bank0/x_aq_f_spsram_64x58/RAM_DIN_VEC[9]/ram_instance/PortAWriteEnable,8,0.0009624639076034649,7.896249999999999,1.0293265788068,0.0,0.15845953588601674,1
x_aq_lsu_top/x_aq_dcache_top/x_aq_dcache_tag_array_bank0/x_aq_spsram_64x58_bank0/x_aq_f_spsram_64x58/RAM_DIN_VEC[10]/ram_instance/PortAClk,0,0.0,0.0,0.0,0.0,,0
x_aq_lsu_top/x_aq_dcache_top/x_aq_dcache_tag_array_bank0/x_aq_spsram_64x58_bank0/x_aq_f_spsram_64x58/RAM_DIN_VEC[10]/ram_instance/PortAAddr[5:0],200,0.02406159769008662,8.643099999999999,1.1266832424613016,0.145,0.0769339367374892,6
x_aq_lsu_top/x_aq_dcache_top/x_aq_dcache_tag_array_bank0/x_aq_spsram_64x58_bank0/x_aq_f_spsram_64x58/RAM_DIN_VEC[10]/ram_instance/PortADataIn[0:0],0,0.0,0.0,0.0,0.0,,0
x_aq_lsu_top/x_aq_dcache_top/x_aq_dcache_tag_array_bank0/x_aq_spsram_64x58_bank0/x_aq_f_spsram_64x58/RAM_DIN_VEC[10]/ram_instance/PortAWriteEnable,8,0.0009624639076034649,7.896249999999999,1.0293265788068,0.0,0.15845953588601674,1
x_aq_lsu_top/x_aq_dcache_top/x_aq_dcache_tag_array_bank0/x_aq_spsram_64x58_bank0/x_aq_f_spsram_64x58/RAM_DIN_VEC[11]/ram_instance/PortAClk,0,0.0,0.0,0.0,0.0,,0
x_aq_lsu_top/x_aq_dcache_top/x_aq_dcache_tag_array_bank0/x_aq_spsram_64x58_bank0/x_aq_f_spsram_64x58/RAM_DIN_VEC[11]/ram_instance/PortAAddr[5:0],200,0.02406159769008662,8.643099999999999,1.1266832424613016,0.145,0.0769339367374892,6
x_aq_lsu_top/x_aq_dcache_top/x_aq_dcache_tag_array_bank0/x_aq_spsram_64x58_bank0/x_aq_f_spsram_64x58/RAM_DIN_VEC[11]/ram_instance/PortADataIn[0:0],0,0.0,0.0,0.0,0.0,,0
x_aq_lsu_top/x_aq_dcache_top/x_aq_dcache_tag_array_bank0/x_aq_spsram_64x58_bank0/x_aq_f_spsram_64x58/RAM_DIN_VEC[11]/ram_instance/PortAWriteEnable,8,0.0009624639076034649,7.896249999999999,1.0293265788068,0.0,0.15845953588601674,1
x_aq_lsu_top/x_aq_dcache_top/x_aq_dcache_tag_array_bank0/x_aq_spsram_64x58_bank0/x_aq_f_spsram_64x58/RAM_DIN_VEC[12]/ram_instance/PortAClk,0,0.0,0.0,0.0,0.0,,0
x_aq_lsu_top/x_aq_dcache_top/x_aq_dcache_tag_array_bank0/x_aq_spsram_64x58_bank0/x_aq_f_spsram_64x58/RAM_DIN_VEC[12]/ram_instance/PortAAddr[5:0],200,0.02406159769008662,8.643099999999999,1.1266832424613016,0.145,0.0769339367374892,6
x_aq_lsu_top/x_aq_dcache_top/x_aq_dcache_tag_array_bank0/x_aq_spsram_64x58_bank0/x_aq_f_spsram_64x58/RAM_DIN_VEC[12]/ram_instance/PortADataIn[0:0],0,0.0,0.0,0.0,0.0,,0
x_aq_lsu_top/x_aq_dcache_top/x_aq_dcache_tag_array_bank0/x_aq_spsram_64x58_bank0/x_aq_f_spsram_64x58/RAM_DIN_VEC[12]/ram_instance/PortAWriteEnable,8,0.0009624639076034649,7.896249999999999,1.0293265788068,0.0,0.15845953588601674,1
x_aq_lsu_top/x_aq_dcache_top/x_aq_dcache_tag_array_bank0/x_aq_spsram_64x58_bank0/x_aq_f_spsram_64x58/RAM_DIN_VEC[13]/ram_instance/PortAClk,0,0.0,0.0,0.0,0.0,,0
x_aq_lsu_top/x_aq_dcache_top/x_aq_dcache_tag_array_bank0/x_aq_spsram_64x58_bank0/x_aq_f_spsram_64x58/RAM_DIN_VEC[13]/ram_instance/PortAAddr[5:0],200,0.02406159769008662,8.643099999999999,1.1266832424613016,0.145,0.0769339367374892,6
x_aq_lsu_top/x_aq_dcache_top/x_aq_dcache_tag_array_bank0/x_aq_spsram_64x58_bank0/x_aq_f_spsram_64x58/RAM_DIN_VEC[13]/ram_instance/PortADataIn[0:0],0,0.0,0.0,0.0,0.0,,0
x_aq_lsu_top/x_aq_dcache_top/x_aq_dcache_tag_array_bank0/x_aq_spsram_64x58_bank0/x_aq_f_spsram_64x58/RAM_DIN_VEC[13]/ram_instance/PortAWriteEnable,8,0.0009624639076034649,7.896249999999999,1.0293265788068,0.0,0.15845953588601674,1
x_aq_lsu_top/x_aq_dcache_top/x_aq_dcache_tag_array_bank0/x_aq_spsram_64x58_bank0/x_aq_f_spsram_64x58/RAM_DIN_VEC[14]/ram_instance/PortAClk,0,0.0,0.0,0.0,0.0,,0
x_aq_lsu_top/x_aq_dcache_top/x_aq_dcache_tag_array_bank0/x_aq_spsram_64x58_bank0/x_aq_f_spsram_64x58/RAM_DIN_VEC[14]/ram_instance/PortAAddr[5:0],200,0.02406159769008662,8.643099999999999,1.1266832424613016,0.145,0.0769339367374892,6
x_aq_lsu_top/x_aq_dcache_top/x_aq_dcache_tag_array_bank0/x_aq_spsram_64x58_bank0/x_aq_f_spsram_64x58/RAM_DIN_VEC[14]/ram_instance/PortADataIn[0:0],0,0.0,0.0,0.0,0.0,,0
x_aq_lsu_top/x_aq_dcache_top/x_aq_dcache_tag_array_bank0/x_aq_spsram_64x58_bank0/x_aq_f_spsram_64x58/RAM_DIN_VEC[14]/ram_instance/PortAWriteEnable,8,0.0009624639076034649,7.896249999999999,1.0293265788068,0.0,0.15845953588601674,1
x_aq_lsu_top/x_aq_dcache_top/x_aq_dcache_tag_array_bank0/x_aq_spsram_64x58_bank0/x_aq_f_spsram_64x58/RAM_DIN_VEC[15]/ram_instance/PortAClk,0,0.0,0.0,0.0,0.0,,0
x_aq_lsu_top/x_aq_dcache_top/x_aq_dcache_tag_array_bank0/x_aq_spsram_64x58_bank0/x_aq_f_spsram_64x58/RAM_DIN_VEC[15]/ram_instance/PortAAddr[5:0],200,0.02406159769008662,8.643099999999999,1.1266832424613016,0.145,0.0769339367374892,6
x_aq_lsu_top/x_aq_dcache_top/x_aq_dcache_tag_array_bank0/x_aq_spsram_64x58_bank0/x_aq_f_spsram_64x58/RAM_DIN_VEC[15]/ram_instance/PortADataIn[0:0],0,0.0,0.0,0.0,0.0,,0
x_aq_lsu_top/x_aq_dcache_top/x_aq_dcache_tag_array_bank0/x_aq_spsram_64x58_bank0/x_aq_f_spsram_64x58/RAM_DIN_VEC[15]/ram_instance/PortAWriteEnable,8,0.0009624639076034649,7.896249999999999,1.0293265788068,0.0,0.15845953588601674,1
x_aq_lsu_top/x_aq_dcache_top/x_aq_dcache_tag_array_bank0/x_aq_spsram_64x58_bank0/x_aq_f_spsram_64x58/RAM_DIN_VEC[16]/ram_instance/PortAClk,0,0.0,0.0,0.0,0.0,,0
x_aq_lsu_top/x_aq_dcache_top/x_aq_dcache_tag_array_bank0/x_aq_spsram_64x58_bank0/x_aq_f_spsram_64x58/RAM_DIN_VEC[16]/ram_instance/PortAAddr[5:0],200,0.02406159769008662,8.643099999999999,1.1266832424613016,0.145,0.0769339367374892,6
x_aq_lsu_top/x_aq_dcache_top/x_aq_dcache_tag_array_bank0/x_aq_spsram_64x58_bank0/x_aq_f_spsram_64x58/RAM_DIN_VEC[16]/ram_instance/PortADataIn[0:0],0,0.0,0.0,0.0,0.0,,0
x_aq_lsu_top/x_aq_dcache_top/x_aq_dcache_tag_array_bank0/x_aq_spsram_64x58_bank0/x_aq_f_spsram_64x58/RAM_DIN_VEC[16]/ram_instance/PortAWriteEnable,8,0.0009624639076034649,7.896249999999999,1.0293265788068,0.0,0.15845953588601674,1
x_aq_lsu_top/x_aq_dcache_top/x_aq_dcache_tag_array_bank0/x_aq_spsram_64x58_bank0/x_aq_f_spsram_64x58/RAM_DIN_VEC[17]/ram_instance/PortAClk,0,0.0,0.0,0.0,0.0,,0
x_aq_lsu_top/x_aq_dcache_top/x_aq_dcache_tag_array_bank0/x_aq_spsram_64x58_bank0/x_aq_f_spsram_64x58/RAM_DIN_VEC[17]/ram_instance/PortAAddr[5:0],200,0.02406159769008662,8.643099999999999,1.1266832424613016,0.145,0.0769339367374892,6
x_aq_lsu_top/x_aq_dcache_top/x_aq_dcache_tag_array_bank0/x_aq_spsram_64x58_bank0/x_aq_f_spsram_64x58/RAM_DIN_VEC[17]/ram_instance/PortADataIn[0:0],0,0.0,0.0,0.0,0.0,,0
x_aq_lsu_top/x_aq_dcache_top/x_aq_dcache_tag_array_bank0/x_aq_spsram_64x58_bank0/x_aq_f_spsram_64x58/RAM_DIN_VEC[17]/ram_instance/PortAWriteEnable,8,0.0009624639076034649,7.896249999999999,1.0293265788068,0.0,0.15845953588601674,1
x_aq_lsu_top/x_aq_dcache_top/x_aq_dcache_tag_array_bank0/x_aq_spsram_64x58_bank0/x_aq_f_spsram_64x58/RAM_DIN_VEC[18]/ram_instance/PortAClk,0,0.0,0.0,0.0,0.0,,0
x_aq_lsu_top/x_aq_dcache_top/x_aq_dcache_tag_array_bank0/x_aq_spsram_64x58_bank0/x_aq_f_spsram_64x58/RAM_DIN_VEC[18]/ram_instance/PortAAddr[5:0],200,0.02406159769008662,8.643099999999999,1.1266832424613016,0.145,0.0769339367374892,6
x_aq_lsu_top/x_aq_dcache_top/x_aq_dcache_tag_array_bank0/x_aq_spsram_64x58_bank0/x_aq_f_spsram_64x58/RAM_DIN_VEC[18]/ram_instance/PortADataIn[0:0],0,0.0,0.0,0.0,0.0,,0
x_aq_lsu_top/x_aq_dcache_top/x_aq_dcache_tag_array_bank0/x_aq_spsram_64x58_bank0/x_aq_f_spsram_64x58/RAM_DIN_VEC[18]/ram_instance/PortAWriteEnable,8,0.0009624639076034649,7.896249999999999,1.0293265788068,0.0,0.15845953588601674,1
x_aq_lsu_top/x_aq_dcache_top/x_aq_dcache_tag_array_bank0/x_aq_spsram_64x58_bank0/x_aq_f_spsram_64x58/RAM_DIN_VEC[19]/ram_instance/PortAClk,0,0.0,0.0,0.0,0.0,,0
x_aq_lsu_top/x_aq_dcache_top/x_aq_dcache_tag_array_bank0/x_aq_spsram_64x58_bank0/x_aq_f_spsram_64x58/RAM_DIN_VEC[19]/ram_instance/PortAAddr[5:0],200,0.02406159769008662,8.643099999999999,1.1266832424613016,0.145,0.0769339367374892,6
x_aq_lsu_top/x_aq_dcache_top/x_aq_dcache_tag_array_bank0/x_aq_spsram_64x58_bank0/x_aq_f_spsram_64x58/RAM_DIN_VEC[19]/ram_instance/PortADataIn[0:0],0,0.0,0.0,0.0,0.0,,0
x_aq_lsu_top/x_aq_dcache_top/x_aq_dcache_tag_array_bank0/x_aq_spsram_64x58_bank0/x_aq_f_spsram_64x58/RAM_DIN_VEC[19]/ram_instance/PortAWriteEnable,8,0.0009624639076034649,7.896249999999999,1.0293265788068,0.0,0.15845953588601674,1
x_aq_lsu_top/x_aq_dcache_top/x_aq_dcache_tag_array_bank0/x_aq_spsram_64x58_bank0/x_aq_f_spsram_64x58/RAM_DIN_VEC[20]/ram_instance/PortAClk,0,0.0,0.0,0.0,0.0,,0
x_aq_lsu_top/x_aq_dcache_top/x_aq_dcache_tag_array_bank0/x_aq_spsram_64x58_bank0/x_aq_f_spsram_64x58/RAM_DIN_VEC[20]/ram_instance/PortAAddr[5:0],200,0.02406159769008662,8.643099999999999,1.1266832424613016,0.145,0.0769339367374892,6
x_aq_lsu_top/x_aq_dcache_top/x_aq_dcache_tag_array_bank0/x_aq_spsram_64x58_bank0/x_aq_f_spsram_64x58/RAM_DIN_VEC[20]/ram_instance/PortADataIn[0:0],0,0.0,0.0,0.0,0.0,,0
x_aq_lsu_top/x_aq_dcache_top/x_aq_dcache_tag_array_bank0/x_aq_spsram_64x58_bank0/x_aq_f_spsram_64x58/RAM_DIN_VEC[20]/ram_instance/PortAWriteEnable,8,0.0009624639076034649,7.896249999999999,1.0293265788068,0.0,0.15845953588601674,1
x_aq_lsu_top/x_aq_dcache_top/x_aq_dcache_tag_array_bank0/x_aq_spsram_64x58_bank0/x_aq_f_spsram_64x58/RAM_DIN_VEC[21]/ram_instance/PortAClk,0,0.0,0.0,0.0,0.0,,0
x_aq_lsu_top/x_aq_dcache_top/x_aq_dcache_tag_array_bank0/x_aq_spsram_64x58_bank0/x_aq_f_spsram_64x58/RAM_DIN_VEC[21]/ram_instance/PortAAddr[5:0],200,0.02406159769008662,8.643099999999999,1.1266832424613016,0.145,0.0769339367374892,6
x_aq_lsu_top/x_aq_dcache_top/x_aq_dcache_tag_array_bank0/x_aq_spsram_64x58_bank0/x_aq_f_spsram_64x58/RAM_DIN_VEC[21]/ram_instance/PortADataIn[0:0],0,0.0,0.0,0.0,0.0,,0
x_aq_lsu_top/x_aq_dcache_top/x_aq_dcache_tag_array_bank0/x_aq_spsram_64x58_bank0/x_aq_f_spsram_64x58/RAM_DIN_VEC[21]/ram_instance/PortAWriteEnable,8,0.0009624639076034649,7.896249999999999,1.0293265788068,0.0,0.15845953588601674,1
x_aq_lsu_top/x_aq_dcache_top/x_aq_dcache_tag_array_bank0/x_aq_spsram_64x58_bank0/x_aq_f_spsram_64x58/RAM_DIN_VEC[22]/ram_instance/PortAClk,0,0.0,0.0,0.0,0.0,,0
x_aq_lsu_top/x_aq_dcache_top/x_aq_dcache_tag_array_bank0/x_aq_spsram_64x58_bank0/x_aq_f_spsram_64x58/RAM_DIN_VEC[22]/ram_instance/PortAAddr[5:0],200,0.02406159769008662,8.643099999999999,1.1266832424613016,0.145,0.0769339367374892,6
x_aq_lsu_top/x_aq_dcache_top/x_aq_dcache_tag_array_bank0/x_aq_spsram_64x58_bank0/x_aq_f_spsram_64x58/RAM_DIN_VEC[22]/ram_instance/PortADataIn[0:0],0,0.0,0.0,0.0,0.0,,0
x_aq_lsu_top/x_aq_dcache_top/x_aq_dcache_tag_array_bank0/x_aq_spsram_64x58_bank0/x_aq_f_spsram_64x58/RAM_DIN_VEC[22]/ram_instance/PortAWriteEnable,8,0.0009624639076034649,7.896249999999999,1.0293265788068,0.0,0.15845953588601674,1
x_aq_lsu_top/x_aq_dcache_top/x_aq_dcache_tag_array_bank0/x_aq_spsram_64x58_bank0/x_aq_f_spsram_64x58/RAM_DIN_VEC[23]/ram_instance/PortAClk,0,0.0,0.0,0.0,0.0,,0
x_aq_lsu_top/x_aq_dcache_top/x_aq_dcache_tag_array_bank0/x_aq_spsram_64x58_bank0/x_aq_f_spsram_64x58/RAM_DIN_VEC[23]/ram_instance/PortAAddr[5:0],200,0.02406159769008662,8.643099999999999,1.1266832424613016,0.145,0.0769339367374892,6
x_aq_lsu_top/x_aq_dcache_top/x_aq_dcache_tag_array_bank0/x_aq_spsram_64x58_bank0/x_aq_f_spsram_64x58/RAM_DIN_VEC[23]/ram_instance/PortADataIn[0:0],0,0.0,0.0,0.0,0.0,,0
x_aq_lsu_top/x_aq_dcache_top/x_aq_dcache_tag_array_bank0/x_aq_spsram_64x58_bank0/x_aq_f_spsram_64x58/RAM_DIN_VEC[23]/ram_instance/PortAWriteEnable,8,0.0009624639076034649,7.896249999999999,1.0293265788068,0.0,0.15845953588601674,1
x_aq_lsu_top/x_aq_dcache_top/x_aq_dcache_tag_array_bank0/x_aq_spsram_64x58_bank0/x_aq_f_spsram_64x58/RAM_DIN_VEC[24]/ram_instance/PortAClk,0,0.0,0.0,0.0,0.0,,0
x_aq_lsu_top/x_aq_dcache_top/x_aq_dcache_tag_array_bank0/x_aq_spsram_64x58_bank0/x_aq_f_spsram_64x58/RAM_DIN_VEC[24]/ram_instance/PortAAddr[5:0],200,0.02406159769008662,8.643099999999999,1.1266832424613016,0.145,0.0769339367374892,6
x_aq_lsu_top/x_aq_dcache_top/x_aq_dcache_tag_array_bank0/x_aq_spsram_64x58_bank0/x_aq_f_spsram_64x58/RAM_DIN_VEC[24]/ram_instance/PortADataIn[0:0],0,0.0,0.0,0.0,0.0,,0
x_aq_lsu_top/x_aq_dcache_top/x_aq_dcache_tag_array_bank0/x_aq_spsram_64x58_bank0/x_aq_f_spsram_64x58/RAM_DIN_VEC[24]/ram_instance/PortAWriteEnable,8,0.0009624639076034649,7.896249999999999,1.0293265788068,0.0,0.15845953588601674,1
x_aq_lsu_top/x_aq_dcache_top/x_aq_dcache_tag_array_bank0/x_aq_spsram_64x58_bank0/x_aq_f_spsram_64x58/RAM_DIN_VEC[25]/ram_instance/PortAClk,0,0.0,0.0,0.0,0.0,,0
x_aq_lsu_top/x_aq_dcache_top/x_aq_dcache_tag_array_bank0/x_aq_spsram_64x58_bank0/x_aq_f_spsram_64x58/RAM_DIN_VEC[25]/ram_instance/PortAAddr[5:0],200,0.02406159769008662,8.643099999999999,1.1266832424613016,0.145,0.0769339367374892,6
x_aq_lsu_top/x_aq_dcache_top/x_aq_dcache_tag_array_bank0/x_aq_spsram_64x58_bank0/x_aq_f_spsram_64x58/RAM_DIN_VEC[25]/ram_instance/PortADataIn[0:0],0,0.0,0.0,0.0,0.0,,0
x_aq_lsu_top/x_aq_dcache_top/x_aq_dcache_tag_array_bank0/x_aq_spsram_64x58_bank0/x_aq_f_spsram_64x58/RAM_DIN_VEC[25]/ram_instance/PortAWriteEnable,8,0.0009624639076034649,7.896249999999999,1.0293265788068,0.0,0.15845953588601674,1
x_aq_lsu_top/x_aq_dcache_top/x_aq_dcache_tag_array_bank0/x_aq_spsram_64x58_bank0/x_aq_f_spsram_64x58/RAM_DIN_VEC[26]/ram_instance/PortAClk,0,0.0,0.0,0.0,0.0,,0
x_aq_lsu_top/x_aq_dcache_top/x_aq_dcache_tag_array_bank0/x_aq_spsram_64x58_bank0/x_aq_f_spsram_64x58/RAM_DIN_VEC[26]/ram_instance/PortAAddr[5:0],200,0.02406159769008662,8.643099999999999,1.1266832424613016,0.145,0.0769339367374892,6
x_aq_lsu_top/x_aq_dcache_top/x_aq_dcache_tag_array_bank0/x_aq_spsram_64x58_bank0/x_aq_f_spsram_64x58/RAM_DIN_VEC[26]/ram_instance/PortADataIn[0:0],0,0.0,0.0,0.0,0.0,,0
x_aq_lsu_top/x_aq_dcache_top/x_aq_dcache_tag_array_bank0/x_aq_spsram_64x58_bank0/x_aq_f_spsram_64x58/RAM_DIN_VEC[26]/ram_instance/PortAWriteEnable,8,0.0009624639076034649,7.896249999999999,1.0293265788068,0.0,0.15845953588601674,1
x_aq_lsu_top/x_aq_dcache_top/x_aq_dcache_tag_array_bank0/x_aq_spsram_64x58_bank0/x_aq_f_spsram_64x58/RAM_DIN_VEC[27]/ram_instance/PortAClk,0,0.0,0.0,0.0,0.0,,0
x_aq_lsu_top/x_aq_dcache_top/x_aq_dcache_tag_array_bank0/x_aq_spsram_64x58_bank0/x_aq_f_spsram_64x58/RAM_DIN_VEC[27]/ram_instance/PortAAddr[5:0],200,0.02406159769008662,8.643099999999999,1.1266832424613016,0.145,0.0769339367374892,6
x_aq_lsu_top/x_aq_dcache_top/x_aq_dcache_tag_array_bank0/x_aq_spsram_64x58_bank0/x_aq_f_spsram_64x58/RAM_DIN_VEC[27]/ram_instance/PortADataIn[0:0],0,0.0,0.0,0.0,0.0,,0
x_aq_lsu_top/x_aq_dcache_top/x_aq_dcache_tag_array_bank0/x_aq_spsram_64x58_bank0/x_aq_f_spsram_64x58/RAM_DIN_VEC[27]/ram_instance/PortAWriteEnable,8,0.0009624639076034649,7.896249999999999,1.0293265788068,0.0,0.15845953588601674,1
x_aq_lsu_top/x_aq_dcache_top/x_aq_dcache_tag_array_bank0/x_aq_spsram_64x58_bank0/x_aq_f_spsram_64x58/RAM_DIN_VEC[28]/ram_instance/PortAClk,0,0.0,0.0,0.0,0.0,,0
x_aq_lsu_top/x_aq_dcache_top/x_aq_dcache_tag_array_bank0/x_aq_spsram_64x58_bank0/x_aq_f_spsram_64x58/RAM_DIN_VEC[28]/ram_instance/PortAAddr[5:0],200,0.02406159769008662,8.643099999999999,1.1266832424613016,0.145,0.0769339367374892,6
x_aq_lsu_top/x_aq_dcache_top/x_aq_dcache_tag_array_bank0/x_aq_spsram_64x58_bank0/x_aq_f_spsram_64x58/RAM_DIN_VEC[28]/ram_instance/PortADataIn[0:0],0,0.0,0.0,0.0,0.0,,0
x_aq_lsu_top/x_aq_dcache_top/x_aq_dcache_tag_array_bank0/x_aq_spsram_64x58_bank0/x_aq_f_spsram_64x58/RAM_DIN_VEC[28]/ram_instance/PortAWriteEnable,8,0.0009624639076034649,7.896249999999999,1.0293265788068,0.0,0.15845953588601674,1
x_aq_lsu_top/x_aq_dcache_top/x_aq_dcache_tag_array_bank0/x_aq_spsram_64x58_bank0/x_aq_f_spsram_64x58/RAM_DIN_VEC[29]/ram_instance/PortAClk,0,0.0,0.0,0.0,0.0,,0
x_aq_lsu_top/x_aq_dcache_top/x_aq_dcache_tag_array_bank0/x_aq_spsram_64x58_bank0/x_aq_f_spsram_64x58/RAM_DIN_VEC[29]/ram_instance/PortAAddr[5:0],200,0.02406159769008662,8.643099999999999,1.1266832424613016,0.145,0.0769339367374892,6
x_aq_lsu_top/x_aq_dcache_top/x_aq_dcache_tag_array_bank0/x_aq_spsram_64x58_bank0/x_aq_f_spsram_64x58/RAM_DIN_VEC[29]/ram_instance/PortADataIn[0:0],0,0.0,0.0,0.0,0.0,,0
x_aq_lsu_top/x_aq_dcache_top/x_aq_dcache_tag_array_bank0/x_aq_spsram_64x58_bank0/x_aq_f_spsram_64x58/RAM_DIN_VEC[29]/ram_instance/PortAWriteEnable,8,0.0009624639076034649,7.896249999999999,1.0293265788068,0.0,0.15845953588601674,1
x_aq_lsu_top/x_aq_dcache_top/x_aq_dcache_tag_array_bank0/x_aq_spsram_64x58_bank0/x_aq_f_spsram_64x58/RAM_DIN_VEC[30]/ram_instance/PortAClk,0,0.0,0.0,0.0,0.0,,0
x_aq_lsu_top/x_aq_dcache_top/x_aq_dcache_tag_array_bank0/x_aq_spsram_64x58_bank0/x_aq_f_spsram_64x58/RAM_DIN_VEC[30]/ram_instance/PortAAddr[5:0],200,0.02406159769008662,8.643099999999999,1.1266832424613016,0.145,0.0769339367374892,6
x_aq_lsu_top/x_aq_dcache_top/x_aq_dcache_tag_array_bank0/x_aq_spsram_64x58_bank0/x_aq_f_spsram_64x58/RAM_DIN_VEC[30]/ram_instance/PortADataIn[0:0],0,0.0,0.0,0.0,0.0,,0
x_aq_lsu_top/x_aq_dcache_top/x_aq_dcache_tag_array_bank0/x_aq_spsram_64x58_bank0/x_aq_f_spsram_64x58/RAM_DIN_VEC[30]/ram_instance/PortAWriteEnable,8,0.0009624639076034649,7.896249999999999,1.0293265788068,0.0,0.15845953588601674,1
x_aq_lsu_top/x_aq_dcache_top/x_aq_dcache_tag_array_bank0/x_aq_spsram_64x58_bank0/x_aq_f_spsram_64x58/RAM_DIN_VEC[31]/ram_instance/PortAClk,0,0.0,0.0,0.0,0.0,,0
x_aq_lsu_top/x_aq_dcache_top/x_aq_dcache_tag_array_bank0/x_aq_spsram_64x58_bank0/x_aq_f_spsram_64x58/RAM_DIN_VEC[31]/ram_instance/PortAAddr[5:0],200,0.02406159769008662,8.643099999999999,1.1266832424613016,0.145,0.0769339367374892,6
x_aq_lsu_top/x_aq_dcache_top/x_aq_dcache_tag_array_bank0/x_aq_spsram_64x58_bank0/x_aq_f_spsram_64x58/RAM_DIN_VEC[31]/ram_instance/PortADataIn[0:0],0,0.0,0.0,0.0,0.0,,0
x_aq_lsu_top/x_aq_dcache_top/x_aq_dcache_tag_array_bank0/x_aq_spsram_64x58_bank0/x_aq_f_spsram_64x58/RAM_DIN_VEC[31]/ram_instance/PortAWriteEnable,8,0.0009624639076034649,7.896249999999999,1.0293265788068,0.0,0.15845953588601674,1
x_aq_lsu_top/x_aq_dcache_top/x_aq_dcache_tag_array_bank0/x_aq_spsram_64x58_bank0/x_aq_f_spsram_64x58/RAM_DIN_VEC[32]/ram_instance/PortAClk,0,0.0,0.0,0.0,0.0,,0
x_aq_lsu_top/x_aq_dcache_top/x_aq_dcache_tag_array_bank0/x_aq_spsram_64x58_bank0/x_aq_f_spsram_64x58/RAM_DIN_VEC[32]/ram_instance/PortAAddr[5:0],200,0.02406159769008662,8.643099999999999,1.1266832424613016,0.145,0.0769339367374892,6
x_aq_lsu_top/x_aq_dcache_top/x_aq_dcache_tag_array_bank0/x_aq_spsram_64x58_bank0/x_aq_f_spsram_64x58/RAM_DIN_VEC[32]/ram_instance/PortADataIn[0:0],0,0.0,0.0,0.0,0.0,,0
x_aq_lsu_top/x_aq_dcache_top/x_aq_dcache_tag_array_bank0/x_aq_spsram_64x58_bank0/x_aq_f_spsram_64x58/RAM_DIN_VEC[32]/ram_instance/PortAWriteEnable,8,0.0009624639076034649,7.896249999999999,1.0293265788068,0.0,0.15845953588601674,1
x_aq_lsu_top/x_aq_dcache_top/x_aq_dcache_tag_array_bank0/x_aq_spsram_64x58_bank0/x_aq_f_spsram_64x58/RAM_DIN_VEC[33]/ram_instance/PortAClk,0,0.0,0.0,0.0,0.0,,0
x_aq_lsu_top/x_aq_dcache_top/x_aq_dcache_tag_array_bank0/x_aq_spsram_64x58_bank0/x_aq_f_spsram_64x58/RAM_DIN_VEC[33]/ram_instance/PortAAddr[5:0],200,0.02406159769008662,8.643099999999999,1.1266832424613016,0.145,0.0769339367374892,6
x_aq_lsu_top/x_aq_dcache_top/x_aq_dcache_tag_array_bank0/x_aq_spsram_64x58_bank0/x_aq_f_spsram_64x58/RAM_DIN_VEC[33]/ram_instance/PortADataIn[0:0],0,0.0,0.0,0.0,0.0,,0
x_aq_lsu_top/x_aq_dcache_top/x_aq_dcache_tag_array_bank0/x_aq_spsram_64x58_bank0/x_aq_f_spsram_64x58/RAM_DIN_VEC[33]/ram_instance/PortAWriteEnable,8,0.0009624639076034649,7.896249999999999,1.0293265788068,0.0,0.15845953588601674,1
x_aq_lsu_top/x_aq_dcache_top/x_aq_dcache_tag_array_bank0/x_aq_spsram_64x58_bank0/x_aq_f_spsram_64x58/RAM_DIN_VEC[34]/ram_instance/PortAClk,0,0.0,0.0,0.0,0.0,,0
x_aq_lsu_top/x_aq_dcache_top/x_aq_dcache_tag_array_bank0/x_aq_spsram_64x58_bank0/x_aq_f_spsram_64x58/RAM_DIN_VEC[34]/ram_instance/PortAAddr[5:0],200,0.02406159769008662,8.643099999999999,1.1266832424613016,0.145,0.0769339367374892,6
x_aq_lsu_top/x_aq_dcache_top/x_aq_dcache_tag_array_bank0/x_aq_spsram_64x58_bank0/x_aq_f_spsram_64x58/RAM_DIN_VEC[34]/ram_instance/PortADataIn[0:0],0,0.0,0.0,0.0,0.0,,0
x_aq_lsu_top/x_aq_dcache_top/x_aq_dcache_tag_array_bank0/x_aq_spsram_64x58_bank0/x_aq_f_spsram_64x58/RAM_DIN_VEC[34]/ram_instance/PortAWriteEnable,8,0.0009624639076034649,7.896249999999999,1.0293265788068,0.0,0.15845953588601674,1
x_aq_lsu_top/x_aq_dcache_top/x_aq_dcache_tag_array_bank0/x_aq_spsram_64x58_bank0/x_aq_f_spsram_64x58/RAM_DIN_VEC[35]/ram_instance/PortAClk,0,0.0,0.0,0.0,0.0,,0
x_aq_lsu_top/x_aq_dcache_top/x_aq_dcache_tag_array_bank0/x_aq_spsram_64x58_bank0/x_aq_f_spsram_64x58/RAM_DIN_VEC[35]/ram_instance/PortAAddr[5:0],200,0.02406159769008662,8.643099999999999,1.1266832424613016,0.145,0.0769339367374892,6
x_aq_lsu_top/x_aq_dcache_top/x_aq_dcache_tag_array_bank0/x_aq_spsram_64x58_bank0/x_aq_f_spsram_64x58/RAM_DIN_VEC[35]/ram_instance/PortADataIn[0:0],0,0.0,0.0,0.0,0.0,,0
x_aq_lsu_top/x_aq_dcache_top/x_aq_dcache_tag_array_bank0/x_aq_spsram_64x58_bank0/x_aq_f_spsram_64x58/RAM_DIN_VEC[35]/ram_instance/PortAWriteEnable,8,0.0009624639076034649,7.896249999999999,1.0293265788068,0.0,0.15845953588601674,1
x_aq_lsu_top/x_aq_dcache_top/x_aq_dcache_tag_array_bank0/x_aq_spsram_64x58_bank0/x_aq_f_spsram_64x58/RAM_DIN_VEC[36]/ram_instance/PortAClk,0,0.0,0.0,0.0,0.0,,0
x_aq_lsu_top/x_aq_dcache_top/x_aq_dcache_tag_array_bank0/x_aq_spsram_64x58_bank0/x_aq_f_spsram_64x58/RAM_DIN_VEC[36]/ram_instance/PortAAddr[5:0],200,0.02406159769008662,8.643099999999999,1.1266832424613016,0.145,0.0769339367374892,6
x_aq_lsu_top/x_aq_dcache_top/x_aq_dcache_tag_array_bank0/x_aq_spsram_64x58_bank0/x_aq_f_spsram_64x58/RAM_DIN_VEC[36]/ram_instance/PortADataIn[0:0],0,0.0,0.0,0.0,0.0,,0
x_aq_lsu_top/x_aq_dcache_top/x_aq_dcache_tag_array_bank0/x_aq_spsram_64x58_bank0/x_aq_f_spsram_64x58/RAM_DIN_VEC[36]/ram_instance/PortAWriteEnable,8,0.0009624639076034649,7.896249999999999,1.0293265788068,0.0,0.15845953588601674,1
x_aq_lsu_top/x_aq_dcache_top/x_aq_dcache_tag_array_bank0/x_aq_spsram_64x58_bank0/x_aq_f_spsram_64x58/RAM_DIN_VEC[37]/ram_instance/PortAClk,0,0.0,0.0,0.0,0.0,,0
x_aq_lsu_top/x_aq_dcache_top/x_aq_dcache_tag_array_bank0/x_aq_spsram_64x58_bank0/x_aq_f_spsram_64x58/RAM_DIN_VEC[37]/ram_instance/PortAAddr[5:0],200,0.02406159769008662,8.643099999999999,1.1266832424613016,0.145,0.0769339367374892,6
x_aq_lsu_top/x_aq_dcache_top/x_aq_dcache_tag_array_bank0/x_aq_spsram_64x58_bank0/x_aq_f_spsram_64x58/RAM_DIN_VEC[37]/ram_instance/PortADataIn[0:0],0,0.0,0.0,0.0,0.0,,0
x_aq_lsu_top/x_aq_dcache_top/x_aq_dcache_tag_array_bank0/x_aq_spsram_64x58_bank0/x_aq_f_spsram_64x58/RAM_DIN_VEC[37]/ram_instance/PortAWriteEnable,8,0.0009624639076034649,7.896249999999999,1.0293265788068,0.0,0.15845953588601674,1
x_aq_lsu_top/x_aq_dcache_top/x_aq_dcache_tag_array_bank0/x_aq_spsram_64x58_bank0/x_aq_f_spsram_64x58/RAM_DIN_VEC[38]/ram_instance/PortAClk,0,0.0,0.0,0.0,0.0,,0
x_aq_lsu_top/x_aq_dcache_top/x_aq_dcache_tag_array_bank0/x_aq_spsram_64x58_bank0/x_aq_f_spsram_64x58/RAM_DIN_VEC[38]/ram_instance/PortAAddr[5:0],200,0.02406159769008662,8.643099999999999,1.1266832424613016,0.145,0.0769339367374892,6
x_aq_lsu_top/x_aq_dcache_top/x_aq_dcache_tag_array_bank0/x_aq_spsram_64x58_bank0/x_aq_f_spsram_64x58/RAM_DIN_VEC[38]/ram_instance/PortADataIn[0:0],0,0.0,0.0,0.0,0.0,,0
x_aq_lsu_top/x_aq_dcache_top/x_aq_dcache_tag_array_bank0/x_aq_spsram_64x58_bank0/x_aq_f_spsram_64x58/RAM_DIN_VEC[38]/ram_instance/PortAWriteEnable,8,0.0009624639076034649,7.896249999999999,1.0293265788068,0.0,0.15845953588601674,1
x_aq_lsu_top/x_aq_dcache_top/x_aq_dcache_tag_array_bank0/x_aq_spsram_64x58_bank0/x_aq_f_spsram_64x58/RAM_DIN_VEC[39]/ram_instance/PortAClk,0,0.0,0.0,0.0,0.0,,0
x_aq_lsu_top/x_aq_dcache_top/x_aq_dcache_tag_array_bank0/x_aq_spsram_64x58_bank0/x_aq_f_spsram_64x58/RAM_DIN_VEC[39]/ram_instance/PortAAddr[5:0],200,0.02406159769008662,8.643099999999999,1.1266832424613016,0.145,0.0769339367374892,6
x_aq_lsu_top/x_aq_dcache_top/x_aq_dcache_tag_array_bank0/x_aq_spsram_64x58_bank0/x_aq_f_spsram_64x58/RAM_DIN_VEC[39]/ram_instance/PortADataIn[0:0],0,0.0,0.0,0.0,0.0,,0
x_aq_lsu_top/x_aq_dcache_top/x_aq_dcache_tag_array_bank0/x_aq_spsram_64x58_bank0/x_aq_f_spsram_64x58/RAM_DIN_VEC[39]/ram_instance/PortAWriteEnable,8,0.0009624639076034649,7.896249999999999,1.0293265788068,0.0,0.15845953588601674,1
x_aq_lsu_top/x_aq_dcache_top/x_aq_dcache_tag_array_bank0/x_aq_spsram_64x58_bank0/x_aq_f_spsram_64x58/RAM_DIN_VEC[40]/ram_instance/PortAClk,0,0.0,0.0,0.0,0.0,,0
x_aq_lsu_top/x_aq_dcache_top/x_aq_dcache_tag_array_bank0/x_aq_spsram_64x58_bank0/x_aq_f_spsram_64x58/RAM_DIN_VEC[40]/ram_instance/PortAAddr[5:0],200,0.02406159769008662,8.643099999999999,1.1266832424613016,0.145,0.0769339367374892,6
x_aq_lsu_top/x_aq_dcache_top/x_aq_dcache_tag_array_bank0/x_aq_spsram_64x58_bank0/x_aq_f_spsram_64x58/RAM_DIN_VEC[40]/ram_instance/PortADataIn[0:0],0,0.0,0.0,0.0,0.0,,0
x_aq_lsu_top/x_aq_dcache_top/x_aq_dcache_tag_array_bank0/x_aq_spsram_64x58_bank0/x_aq_f_spsram_64x58/RAM_DIN_VEC[40]/ram_instance/PortAWriteEnable,8,0.0009624639076034649,7.896249999999999,1.0293265788068,0.0,0.15845953588601674,1
x_aq_lsu_top/x_aq_dcache_top/x_aq_dcache_tag_array_bank0/x_aq_spsram_64x58_bank0/x_aq_f_spsram_64x58/RAM_DIN_VEC[41]/ram_instance/PortAClk,0,0.0,0.0,0.0,0.0,,0
x_aq_lsu_top/x_aq_dcache_top/x_aq_dcache_tag_array_bank0/x_aq_spsram_64x58_bank0/x_aq_f_spsram_64x58/RAM_DIN_VEC[41]/ram_instance/PortAAddr[5:0],200,0.02406159769008662,8.643099999999999,1.1266832424613016,0.145,0.0769339367374892,6
x_aq_lsu_top/x_aq_dcache_top/x_aq_dcache_tag_array_bank0/x_aq_spsram_64x58_bank0/x_aq_f_spsram_64x58/RAM_DIN_VEC[41]/ram_instance/PortADataIn[0:0],0,0.0,0.0,0.0,0.0,,0
x_aq_lsu_top/x_aq_dcache_top/x_aq_dcache_tag_array_bank0/x_aq_spsram_64x58_bank0/x_aq_f_spsram_64x58/RAM_DIN_VEC[41]/ram_instance/PortAWriteEnable,8,0.0009624639076034649,7.896249999999999,1.0293265788068,0.0,0.15845953588601674,1
x_aq_lsu_top/x_aq_dcache_top/x_aq_dcache_tag_array_bank0/x_aq_spsram_64x58_bank0/x_aq_f_spsram_64x58/RAM_DIN_VEC[42]/ram_instance/PortAClk,0,0.0,0.0,0.0,0.0,,0
x_aq_lsu_top/x_aq_dcache_top/x_aq_dcache_tag_array_bank0/x_aq_spsram_64x58_bank0/x_aq_f_spsram_64x58/RAM_DIN_VEC[42]/ram_instance/PortAAddr[5:0],200,0.02406159769008662,8.643099999999999,1.1266832424613016,0.145,0.0769339367374892,6
x_aq_lsu_top/x_aq_dcache_top/x_aq_dcache_tag_array_bank0/x_aq_spsram_64x58_bank0/x_aq_f_spsram_64x58/RAM_DIN_VEC[42]/ram_instance/PortADataIn[0:0],0,0.0,0.0,0.0,0.0,,0
x_aq_lsu_top/x_aq_dcache_top/x_aq_dcache_tag_array_bank0/x_aq_spsram_64x58_bank0/x_aq_f_spsram_64x58/RAM_DIN_VEC[42]/ram_instance/PortAWriteEnable,8,0.0009624639076034649,7.896249999999999,1.0293265788068,0.0,0.15845953588601674,1
x_aq_lsu_top/x_aq_dcache_top/x_aq_dcache_tag_array_bank0/x_aq_spsram_64x58_bank0/x_aq_f_spsram_64x58/RAM_DIN_VEC[43]/ram_instance/PortAClk,0,0.0,0.0,0.0,0.0,,0
x_aq_lsu_top/x_aq_dcache_top/x_aq_dcache_tag_array_bank0/x_aq_spsram_64x58_bank0/x_aq_f_spsram_64x58/RAM_DIN_VEC[43]/ram_instance/PortAAddr[5:0],200,0.02406159769008662,8.643099999999999,1.1266832424613016,0.145,0.0769339367374892,6
x_aq_lsu_top/x_aq_dcache_top/x_aq_dcache_tag_array_bank0/x_aq_spsram_64x58_bank0/x_aq_f_spsram_64x58/RAM_DIN_VEC[43]/ram_instance/PortADataIn[0:0],0,0.0,0.0,0.0,0.0,,0
x_aq_lsu_top/x_aq_dcache_top/x_aq_dcache_tag_array_bank0/x_aq_spsram_64x58_bank0/x_aq_f_spsram_64x58/RAM_DIN_VEC[43]/ram_instance/PortAWriteEnable,8,0.0009624639076034649,7.896249999999999,1.0293265788068,0.0,0.15845953588601674,1
x_aq_lsu_top/x_aq_dcache_top/x_aq_dcache_tag_array_bank0/x_aq_spsram_64x58_bank0/x_aq_f_spsram_64x58/RAM_DIN_VEC[44]/ram_instance/PortAClk,0,0.0,0.0,0.0,0.0,,0
x_aq_lsu_top/x_aq_dcache_top/x_aq_dcache_tag_array_bank0/x_aq_spsram_64x58_bank0/x_aq_f_spsram_64x58/RAM_DIN_VEC[44]/ram_instance/PortAAddr[5:0],200,0.02406159769008662,8.643099999999999,1.1266832424613016,0.145,0.0769339367374892,6
x_aq_lsu_top/x_aq_dcache_top/x_aq_dcache_tag_array_bank0/x_aq_spsram_64x58_bank0/x_aq_f_spsram_64x58/RAM_DIN_VEC[44]/ram_instance/PortADataIn[0:0],0,0.0,0.0,0.0,0.0,,0
x_aq_lsu_top/x_aq_dcache_top/x_aq_dcache_tag_array_bank0/x_aq_spsram_64x58_bank0/x_aq_f_spsram_64x58/RAM_DIN_VEC[44]/ram_instance/PortAWriteEnable,8,0.0009624639076034649,7.896249999999999,1.0293265788068,0.0,0.15845953588601674,1
x_aq_lsu_top/x_aq_dcache_top/x_aq_dcache_tag_array_bank0/x_aq_spsram_64x58_bank0/x_aq_f_spsram_64x58/RAM_DIN_VEC[45]/ram_instance/PortAClk,0,0.0,0.0,0.0,0.0,,0
x_aq_lsu_top/x_aq_dcache_top/x_aq_dcache_tag_array_bank0/x_aq_spsram_64x58_bank0/x_aq_f_spsram_64x58/RAM_DIN_VEC[45]/ram_instance/PortAAddr[5:0],200,0.02406159769008662,8.643099999999999,1.1266832424613016,0.145,0.0769339367374892,6
x_aq_lsu_top/x_aq_dcache_top/x_aq_dcache_tag_array_bank0/x_aq_spsram_64x58_bank0/x_aq_f_spsram_64x58/RAM_DIN_VEC[45]/ram_instance/PortADataIn[0:0],0,0.0,0.0,0.0,0.0,,0
x_aq_lsu_top/x_aq_dcache_top/x_aq_dcache_tag_array_bank0/x_aq_spsram_64x58_bank0/x_aq_f_spsram_64x58/RAM_DIN_VEC[45]/ram_instance/PortAWriteEnable,8,0.0009624639076034649,7.896249999999999,1.0293265788068,0.0,0.15845953588601674,1
x_aq_lsu_top/x_aq_dcache_top/x_aq_dcache_tag_array_bank0/x_aq_spsram_64x58_bank0/x_aq_f_spsram_64x58/RAM_DIN_VEC[46]/ram_instance/PortAClk,0,0.0,0.0,0.0,0.0,,0
x_aq_lsu_top/x_aq_dcache_top/x_aq_dcache_tag_array_bank0/x_aq_spsram_64x58_bank0/x_aq_f_spsram_64x58/RAM_DIN_VEC[46]/ram_instance/PortAAddr[5:0],200,0.02406159769008662,8.643099999999999,1.1266832424613016,0.145,0.0769339367374892,6
x_aq_lsu_top/x_aq_dcache_top/x_aq_dcache_tag_array_bank0/x_aq_spsram_64x58_bank0/x_aq_f_spsram_64x58/RAM_DIN_VEC[46]/ram_instance/PortADataIn[0:0],0,0.0,0.0,0.0,0.0,,0
x_aq_lsu_top/x_aq_dcache_top/x_aq_dcache_tag_array_bank0/x_aq_spsram_64x58_bank0/x_aq_f_spsram_64x58/RAM_DIN_VEC[46]/ram_instance/PortAWriteEnable,8,0.0009624639076034649,7.896249999999999,1.0293265788068,0.0,0.15845953588601674,1
x_aq_lsu_top/x_aq_dcache_top/x_aq_dcache_tag_array_bank0/x_aq_spsram_64x58_bank0/x_aq_f_spsram_64x58/RAM_DIN_VEC[47]/ram_instance/PortAClk,0,0.0,0.0,0.0,0.0,,0
x_aq_lsu_top/x_aq_dcache_top/x_aq_dcache_tag_array_bank0/x_aq_spsram_64x58_bank0/x_aq_f_spsram_64x58/RAM_DIN_VEC[47]/ram_instance/PortAAddr[5:0],200,0.02406159769008662,8.643099999999999,1.1266832424613016,0.145,0.0769339367374892,6
x_aq_lsu_top/x_aq_dcache_top/x_aq_dcache_tag_array_bank0/x_aq_spsram_64x58_bank0/x_aq_f_spsram_64x58/RAM_DIN_VEC[47]/ram_instance/PortADataIn[0:0],0,0.0,0.0,0.0,0.0,,0
x_aq_lsu_top/x_aq_dcache_top/x_aq_dcache_tag_array_bank0/x_aq_spsram_64x58_bank0/x_aq_f_spsram_64x58/RAM_DIN_VEC[47]/ram_instance/PortAWriteEnable,8,0.0009624639076034649,7.896249999999999,1.0293265788068,0.0,0.15845953588601674,1
x_aq_lsu_top/x_aq_dcache_top/x_aq_dcache_tag_array_bank0/x_aq_spsram_64x58_bank0/x_aq_f_spsram_64x58/RAM_DIN_VEC[48]/ram_instance/PortAClk,0,0.0,0.0,0.0,0.0,,0
x_aq_lsu_top/x_aq_dcache_top/x_aq_dcache_tag_array_bank0/x_aq_spsram_64x58_bank0/x_aq_f_spsram_64x58/RAM_DIN_VEC[48]/ram_instance/PortAAddr[5:0],200,0.02406159769008662,8.643099999999999,1.1266832424613016,0.145,0.0769339367374892,6
x_aq_lsu_top/x_aq_dcache_top/x_aq_dcache_tag_array_bank0/x_aq_spsram_64x58_bank0/x_aq_f_spsram_64x58/RAM_DIN_VEC[48]/ram_instance/PortADataIn[0:0],0,0.0,0.0,0.0,0.0,,0
x_aq_lsu_top/x_aq_dcache_top/x_aq_dcache_tag_array_bank0/x_aq_spsram_64x58_bank0/x_aq_f_spsram_64x58/RAM_DIN_VEC[48]/ram_instance/PortAWriteEnable,8,0.0009624639076034649,7.896249999999999,1.0293265788068,0.0,0.15845953588601674,1
x_aq_lsu_top/x_aq_dcache_top/x_aq_dcache_tag_array_bank0/x_aq_spsram_64x58_bank0/x_aq_f_spsram_64x58/RAM_DIN_VEC[49]/ram_instance/PortAClk,0,0.0,0.0,0.0,0.0,,0
x_aq_lsu_top/x_aq_dcache_top/x_aq_dcache_tag_array_bank0/x_aq_spsram_64x58_bank0/x_aq_f_spsram_64x58/RAM_DIN_VEC[49]/ram_instance/PortAAddr[5:0],200,0.02406159769008662,8.643099999999999,1.1266832424613016,0.145,0.0769339367374892,6
x_aq_lsu_top/x_aq_dcache_top/x_aq_dcache_tag_array_bank0/x_aq_spsram_64x58_bank0/x_aq_f_spsram_64x58/RAM_DIN_VEC[49]/ram_instance/PortADataIn[0:0],0,0.0,0.0,0.0,0.0,,0
x_aq_lsu_top/x_aq_dcache_top/x_aq_dcache_tag_array_bank0/x_aq_spsram_64x58_bank0/x_aq_f_spsram_64x58/RAM_DIN_VEC[49]/ram_instance/PortAWriteEnable,8,0.0009624639076034649,7.896249999999999,1.0293265788068,0.0,0.15845953588601674,1
x_aq_lsu_top/x_aq_dcache_top/x_aq_dcache_tag_array_bank0/x_aq_spsram_64x58_bank0/x_aq_f_spsram_64x58/RAM_DIN_VEC[50]/ram_instance/PortAClk,0,0.0,0.0,0.0,0.0,,0
x_aq_lsu_top/x_aq_dcache_top/x_aq_dcache_tag_array_bank0/x_aq_spsram_64x58_bank0/x_aq_f_spsram_64x58/RAM_DIN_VEC[50]/ram_instance/PortAAddr[5:0],200,0.02406159769008662,8.643099999999999,1.1266832424613016,0.145,0.0769339367374892,6
x_aq_lsu_top/x_aq_dcache_top/x_aq_dcache_tag_array_bank0/x_aq_spsram_64x58_bank0/x_aq_f_spsram_64x58/RAM_DIN_VEC[50]/ram_instance/PortADataIn[0:0],0,0.0,0.0,0.0,0.0,,0
x_aq_lsu_top/x_aq_dcache_top/x_aq_dcache_tag_array_bank0/x_aq_spsram_64x58_bank0/x_aq_f_spsram_64x58/RAM_DIN_VEC[50]/ram_instance/PortAWriteEnable,8,0.0009624639076034649,7.896249999999999,1.0293265788068,0.0,0.15845953588601674,1
x_aq_lsu_top/x_aq_dcache_top/x_aq_dcache_tag_array_bank0/x_aq_spsram_64x58_bank0/x_aq_f_spsram_64x58/RAM_DIN_VEC[51]/ram_instance/PortAClk,0,0.0,0.0,0.0,0.0,,0
x_aq_lsu_top/x_aq_dcache_top/x_aq_dcache_tag_array_bank0/x_aq_spsram_64x58_bank0/x_aq_f_spsram_64x58/RAM_DIN_VEC[51]/ram_instance/PortAAddr[5:0],200,0.02406159769008662,8.643099999999999,1.1266832424613016,0.145,0.0769339367374892,6
x_aq_lsu_top/x_aq_dcache_top/x_aq_dcache_tag_array_bank0/x_aq_spsram_64x58_bank0/x_aq_f_spsram_64x58/RAM_DIN_VEC[51]/ram_instance/PortADataIn[0:0],0,0.0,0.0,0.0,0.0,,0
x_aq_lsu_top/x_aq_dcache_top/x_aq_dcache_tag_array_bank0/x_aq_spsram_64x58_bank0/x_aq_f_spsram_64x58/RAM_DIN_VEC[51]/ram_instance/PortAWriteEnable,8,0.0009624639076034649,7.896249999999999,1.0293265788068,0.0,0.15845953588601674,1
x_aq_lsu_top/x_aq_dcache_top/x_aq_dcache_tag_array_bank0/x_aq_spsram_64x58_bank0/x_aq_f_spsram_64x58/RAM_DIN_VEC[52]/ram_instance/PortAClk,0,0.0,0.0,0.0,0.0,,0
x_aq_lsu_top/x_aq_dcache_top/x_aq_dcache_tag_array_bank0/x_aq_spsram_64x58_bank0/x_aq_f_spsram_64x58/RAM_DIN_VEC[52]/ram_instance/PortAAddr[5:0],200,0.02406159769008662,8.643099999999999,1.1266832424613016,0.145,0.0769339367374892,6
x_aq_lsu_top/x_aq_dcache_top/x_aq_dcache_tag_array_bank0/x_aq_spsram_64x58_bank0/x_aq_f_spsram_64x58/RAM_DIN_VEC[52]/ram_instance/PortADataIn[0:0],0,0.0,0.0,0.0,0.0,,0
x_aq_lsu_top/x_aq_dcache_top/x_aq_dcache_tag_array_bank0/x_aq_spsram_64x58_bank0/x_aq_f_spsram_64x58/RAM_DIN_VEC[52]/ram_instance/PortAWriteEnable,8,0.0009624639076034649,7.896249999999999,1.0293265788068,0.0,0.15845953588601674,1
x_aq_lsu_top/x_aq_dcache_top/x_aq_dcache_tag_array_bank0/x_aq_spsram_64x58_bank0/x_aq_f_spsram_64x58/RAM_DIN_VEC[53]/ram_instance/PortAClk,0,0.0,0.0,0.0,0.0,,0
x_aq_lsu_top/x_aq_dcache_top/x_aq_dcache_tag_array_bank0/x_aq_spsram_64x58_bank0/x_aq_f_spsram_64x58/RAM_DIN_VEC[53]/ram_instance/PortAAddr[5:0],200,0.02406159769008662,8.643099999999999,1.1266832424613016,0.145,0.0769339367374892,6
x_aq_lsu_top/x_aq_dcache_top/x_aq_dcache_tag_array_bank0/x_aq_spsram_64x58_bank0/x_aq_f_spsram_64x58/RAM_DIN_VEC[53]/ram_instance/PortADataIn[0:0],0,0.0,0.0,0.0,0.0,,0
x_aq_lsu_top/x_aq_dcache_top/x_aq_dcache_tag_array_bank0/x_aq_spsram_64x58_bank0/x_aq_f_spsram_64x58/RAM_DIN_VEC[53]/ram_instance/PortAWriteEnable,8,0.0009624639076034649,7.896249999999999,1.0293265788068,0.0,0.15845953588601674,1
x_aq_lsu_top/x_aq_dcache_top/x_aq_dcache_tag_array_bank0/x_aq_spsram_64x58_bank0/x_aq_f_spsram_64x58/RAM_DIN_VEC[54]/ram_instance/PortAClk,0,0.0,0.0,0.0,0.0,,0
x_aq_lsu_top/x_aq_dcache_top/x_aq_dcache_tag_array_bank0/x_aq_spsram_64x58_bank0/x_aq_f_spsram_64x58/RAM_DIN_VEC[54]/ram_instance/PortAAddr[5:0],200,0.02406159769008662,8.643099999999999,1.1266832424613016,0.145,0.0769339367374892,6
x_aq_lsu_top/x_aq_dcache_top/x_aq_dcache_tag_array_bank0/x_aq_spsram_64x58_bank0/x_aq_f_spsram_64x58/RAM_DIN_VEC[54]/ram_instance/PortADataIn[0:0],0,0.0,0.0,0.0,0.0,,0
x_aq_lsu_top/x_aq_dcache_top/x_aq_dcache_tag_array_bank0/x_aq_spsram_64x58_bank0/x_aq_f_spsram_64x58/RAM_DIN_VEC[54]/ram_instance/PortAWriteEnable,8,0.0009624639076034649,7.896249999999999,1.0293265788068,0.0,0.15845953588601674,1
x_aq_lsu_top/x_aq_dcache_top/x_aq_dcache_tag_array_bank0/x_aq_spsram_64x58_bank0/x_aq_f_spsram_64x58/RAM_DIN_VEC[55]/ram_instance/PortAClk,0,0.0,0.0,0.0,0.0,,0
x_aq_lsu_top/x_aq_dcache_top/x_aq_dcache_tag_array_bank0/x_aq_spsram_64x58_bank0/x_aq_f_spsram_64x58/RAM_DIN_VEC[55]/ram_instance/PortAAddr[5:0],200,0.02406159769008662,8.643099999999999,1.1266832424613016,0.145,0.0769339367374892,6
x_aq_lsu_top/x_aq_dcache_top/x_aq_dcache_tag_array_bank0/x_aq_spsram_64x58_bank0/x_aq_f_spsram_64x58/RAM_DIN_VEC[55]/ram_instance/PortADataIn[0:0],0,0.0,0.0,0.0,0.0,,0
x_aq_lsu_top/x_aq_dcache_top/x_aq_dcache_tag_array_bank0/x_aq_spsram_64x58_bank0/x_aq_f_spsram_64x58/RAM_DIN_VEC[55]/ram_instance/PortAWriteEnable,8,0.0009624639076034649,7.896249999999999,1.0293265788068,0.0,0.15845953588601674,1
x_aq_lsu_top/x_aq_dcache_top/x_aq_dcache_tag_array_bank0/x_aq_spsram_64x58_bank0/x_aq_f_spsram_64x58/RAM_DIN_VEC[56]/ram_instance/PortAClk,0,0.0,0.0,0.0,0.0,,0
x_aq_lsu_top/x_aq_dcache_top/x_aq_dcache_tag_array_bank0/x_aq_spsram_64x58_bank0/x_aq_f_spsram_64x58/RAM_DIN_VEC[56]/ram_instance/PortAAddr[5:0],200,0.02406159769008662,8.643099999999999,1.1266832424613016,0.145,0.0769339367374892,6
x_aq_lsu_top/x_aq_dcache_top/x_aq_dcache_tag_array_bank0/x_aq_spsram_64x58_bank0/x_aq_f_spsram_64x58/RAM_DIN_VEC[56]/ram_instance/PortADataIn[0:0],0,0.0,0.0,0.0,0.0,,0
x_aq_lsu_top/x_aq_dcache_top/x_aq_dcache_tag_array_bank0/x_aq_spsram_64x58_bank0/x_aq_f_spsram_64x58/RAM_DIN_VEC[56]/ram_instance/PortAWriteEnable,8,0.0009624639076034649,7.896249999999999,1.0293265788068,0.0,0.15845953588601674,1
x_aq_lsu_top/x_aq_dcache_top/x_aq_dcache_tag_array_bank0/x_aq_spsram_64x58_bank0/x_aq_f_spsram_64x58/RAM_DIN_VEC[57]/ram_instance/PortAClk,0,0.0,0.0,0.0,0.0,,0
x_aq_lsu_top/x_aq_dcache_top/x_aq_dcache_tag_array_bank0/x_aq_spsram_64x58_bank0/x_aq_f_spsram_64x58/RAM_DIN_VEC[57]/ram_instance/PortAAddr[5:0],200,0.02406159769008662,8.643099999999999,1.1266832424613016,0.145,0.0769339367374892,6
x_aq_lsu_top/x_aq_dcache_top/x_aq_dcache_tag_array_bank0/x_aq_spsram_64x58_bank0/x_aq_f_spsram_64x58/RAM_DIN_VEC[57]/ram_instance/PortADataIn[0:0],0,0.0,0.0,0.0,0.0,,0
x_aq_lsu_top/x_aq_dcache_top/x_aq_dcache_tag_array_bank0/x_aq_spsram_64x58_bank0/x_aq_f_spsram_64x58/RAM_DIN_VEC[57]/ram_instance/PortAWriteEnable,8,0.0009624639076034649,7.896249999999999,1.0293265788068,0.0,0.15845953588601674,1
x_aq_lsu_top/x_aq_dcache_top/x_aq_dcache_tag_array_bank0/x_aq_spsram_64x58_bank1/A[5:0],1061,0.12764677574590952,7.99210179076343,1.0418214714278577,0.06597549481621112,-0.12361761747726402,6
x_aq_lsu_top/x_aq_dcache_top/x_aq_dcache_tag_array_bank0/x_aq_spsram_64x58_bank1/CEN,145,0.0174446583253128,8.396758620689656,1.0945710715974024,0.3931034482758621,-0.20320141540948167,1
x_aq_lsu_top/x_aq_dcache_top/x_aq_dcache_tag_array_bank0/x_aq_spsram_64x58_bank1/CLK,0,0.0,0.0,0.0,0.0,,0
x_aq_lsu_top/x_aq_dcache_top/x_aq_dcache_tag_array_bank0/x_aq_spsram_64x58_bank1/D[57:0],0,0.0,0.0,0.0,0.0,,0
x_aq_lsu_top/x_aq_dcache_top/x_aq_dcache_tag_array_bank0/x_aq_spsram_64x58_bank1/GWEN,269,0.032362848893166506,8.517211895910782,1.1102729247162164,0.44609665427509293,-0.25828657750350686,1
x_aq_lsu_top/x_aq_dcache_top/x_aq_dcache_tag_array_bank0/x_aq_spsram_64x58_bank1/Q[57:0],0,0.0,0.0,0.0,0.0,,0
x_aq_lsu_top/x_aq_dcache_top/x_aq_dcache_tag_array_bank0/x_aq_spsram_64x58_bank1/WEN[57:0],274,0.03296438883541867,8.468357664233576,1.1039044638452291,0.44525547445255476,-0.2606181545394238,57
x_aq_lsu_top/x_aq_dcache_top/x_aq_dcache_tag_array_bank0/x_aq_spsram_64x58_bank1/x_aq_f_spsram_64x58/A[5:0],1061,0.12764677574590952,7.99210179076343,1.0418214714278577,0.06597549481621112,-0.12361761747726402,6
x_aq_lsu_top/x_aq_dcache_top/x_aq_dcache_tag_array_bank0/x_aq_spsram_64x58_bank1/x_aq_f_spsram_64x58/CEN,145,0.0174446583253128,8.396758620689656,1.0945710715974024,0.3931034482758621,-0.20320141540948167,1
x_aq_lsu_top/x_aq_dcache_top/x_aq_dcache_tag_array_bank0/x_aq_spsram_64x58_bank1/x_aq_f_spsram_64x58/CLK,0,0.0,0.0,0.0,0.0,,0
x_aq_lsu_top/x_aq_dcache_top/x_aq_dcache_tag_array_bank0/x_aq_spsram_64x58_bank1/x_aq_f_spsram_64x58/D[57:0],0,0.0,0.0,0.0,0.0,,0
x_aq_lsu_top/x_aq_dcache_top/x_aq_dcache_tag_array_bank0/x_aq_spsram_64x58_bank1/x_aq_f_spsram_64x58/GWEN,269,0.032362848893166506,8.517211895910782,1.1102729247162164,0.44609665427509293,-0.25828657750350686,1
x_aq_lsu_top/x_aq_dcache_top/x_aq_dcache_tag_array_bank0/x_aq_spsram_64x58_bank1/x_aq_f_spsram_64x58/Q[57:0],0,0.0,0.0,0.0,0.0,,0
x_aq_lsu_top/x_aq_dcache_top/x_aq_dcache_tag_array_bank0/x_aq_spsram_64x58_bank1/x_aq_f_spsram_64x58/WEN[57:0],274,0.03296438883541867,8.468357664233576,1.1039044638452291,0.44525547445255476,-0.2606181545394238,57
x_aq_lsu_top/x_aq_dcache_top/x_aq_dcache_tag_array_bank0/x_aq_spsram_64x58_bank1/x_aq_f_spsram_64x58/addr[5:0],200,0.02406159769008662,8.643099999999999,1.1266832424613016,0.145,0.0769339367374892,6
x_aq_lsu_top/x_aq_dcache_top/x_aq_dcache_tag_array_bank0/x_aq_spsram_64x58_bank1/x_aq_f_spsram_64x58/ram_wen_vec[57:0],144,0.017324350336862367,8.144583333333335,1.0616984135896008,0.3819444444444444,0.1783246876366047,57
x_aq_lsu_top/x_aq_dcache_top/x_aq_dcache_tag_array_bank0/x_aq_spsram_64x58_bank1/x_aq_f_spsram_64x58/RAM_DIN_VEC[0]/ram_instance/PortAClk,0,0.0,0.0,0.0,0.0,,0
x_aq_lsu_top/x_aq_dcache_top/x_aq_dcache_tag_array_bank0/x_aq_spsram_64x58_bank1/x_aq_f_spsram_64x58/RAM_DIN_VEC[0]/ram_instance/PortAAddr[5:0],200,0.02406159769008662,8.643099999999999,1.1266832424613016,0.145,0.0769339367374892,6
x_aq_lsu_top/x_aq_dcache_top/x_aq_dcache_tag_array_bank0/x_aq_spsram_64x58_bank1/x_aq_f_spsram_64x58/RAM_DIN_VEC[0]/ram_instance/PortADataIn[0:0],0,0.0,0.0,0.0,0.0,,0
x_aq_lsu_top/x_aq_dcache_top/x_aq_dcache_tag_array_bank0/x_aq_spsram_64x58_bank1/x_aq_f_spsram_64x58/RAM_DIN_VEC[0]/ram_instance/PortAWriteEnable,8,0.0009624639076034649,7.896249999999999,1.0293265788068,0.0,0.15845953588601674,1
x_aq_lsu_top/x_aq_dcache_top/x_aq_dcache_tag_array_bank0/x_aq_spsram_64x58_bank1/x_aq_f_spsram_64x58/RAM_DIN_VEC[1]/ram_instance/PortAClk,0,0.0,0.0,0.0,0.0,,0
x_aq_lsu_top/x_aq_dcache_top/x_aq_dcache_tag_array_bank0/x_aq_spsram_64x58_bank1/x_aq_f_spsram_64x58/RAM_DIN_VEC[1]/ram_instance/PortAAddr[5:0],200,0.02406159769008662,8.643099999999999,1.1266832424613016,0.145,0.0769339367374892,6
x_aq_lsu_top/x_aq_dcache_top/x_aq_dcache_tag_array_bank0/x_aq_spsram_64x58_bank1/x_aq_f_spsram_64x58/RAM_DIN_VEC[1]/ram_instance/PortADataIn[0:0],0,0.0,0.0,0.0,0.0,,0
x_aq_lsu_top/x_aq_dcache_top/x_aq_dcache_tag_array_bank0/x_aq_spsram_64x58_bank1/x_aq_f_spsram_64x58/RAM_DIN_VEC[1]/ram_instance/PortAWriteEnable,8,0.0009624639076034649,7.896249999999999,1.0293265788068,0.0,0.15845953588601674,1
x_aq_lsu_top/x_aq_dcache_top/x_aq_dcache_tag_array_bank0/x_aq_spsram_64x58_bank1/x_aq_f_spsram_64x58/RAM_DIN_VEC[2]/ram_instance/PortAClk,0,0.0,0.0,0.0,0.0,,0
x_aq_lsu_top/x_aq_dcache_top/x_aq_dcache_tag_array_bank0/x_aq_spsram_64x58_bank1/x_aq_f_spsram_64x58/RAM_DIN_VEC[2]/ram_instance/PortAAddr[5:0],200,0.02406159769008662,8.643099999999999,1.1266832424613016,0.145,0.0769339367374892,6
x_aq_lsu_top/x_aq_dcache_top/x_aq_dcache_tag_array_bank0/x_aq_spsram_64x58_bank1/x_aq_f_spsram_64x58/RAM_DIN_VEC[2]/ram_instance/PortADataIn[0:0],0,0.0,0.0,0.0,0.0,,0
x_aq_lsu_top/x_aq_dcache_top/x_aq_dcache_tag_array_bank0/x_aq_spsram_64x58_bank1/x_aq_f_spsram_64x58/RAM_DIN_VEC[2]/ram_instance/PortAWriteEnable,8,0.0009624639076034649,7.896249999999999,1.0293265788068,0.0,0.15845953588601674,1
x_aq_lsu_top/x_aq_dcache_top/x_aq_dcache_tag_array_bank0/x_aq_spsram_64x58_bank1/x_aq_f_spsram_64x58/RAM_DIN_VEC[3]/ram_instance/PortAClk,0,0.0,0.0,0.0,0.0,,0
x_aq_lsu_top/x_aq_dcache_top/x_aq_dcache_tag_array_bank0/x_aq_spsram_64x58_bank1/x_aq_f_spsram_64x58/RAM_DIN_VEC[3]/ram_instance/PortAAddr[5:0],200,0.02406159769008662,8.643099999999999,1.1266832424613016,0.145,0.0769339367374892,6
x_aq_lsu_top/x_aq_dcache_top/x_aq_dcache_tag_array_bank0/x_aq_spsram_64x58_bank1/x_aq_f_spsram_64x58/RAM_DIN_VEC[3]/ram_instance/PortADataIn[0:0],0,0.0,0.0,0.0,0.0,,0
x_aq_lsu_top/x_aq_dcache_top/x_aq_dcache_tag_array_bank0/x_aq_spsram_64x58_bank1/x_aq_f_spsram_64x58/RAM_DIN_VEC[3]/ram_instance/PortAWriteEnable,8,0.0009624639076034649,7.896249999999999,1.0293265788068,0.0,0.15845953588601674,1
x_aq_lsu_top/x_aq_dcache_top/x_aq_dcache_tag_array_bank0/x_aq_spsram_64x58_bank1/x_aq_f_spsram_64x58/RAM_DIN_VEC[4]/ram_instance/PortAClk,0,0.0,0.0,0.0,0.0,,0
x_aq_lsu_top/x_aq_dcache_top/x_aq_dcache_tag_array_bank0/x_aq_spsram_64x58_bank1/x_aq_f_spsram_64x58/RAM_DIN_VEC[4]/ram_instance/PortAAddr[5:0],200,0.02406159769008662,8.643099999999999,1.1266832424613016,0.145,0.0769339367374892,6
x_aq_lsu_top/x_aq_dcache_top/x_aq_dcache_tag_array_bank0/x_aq_spsram_64x58_bank1/x_aq_f_spsram_64x58/RAM_DIN_VEC[4]/ram_instance/PortADataIn[0:0],0,0.0,0.0,0.0,0.0,,0
x_aq_lsu_top/x_aq_dcache_top/x_aq_dcache_tag_array_bank0/x_aq_spsram_64x58_bank1/x_aq_f_spsram_64x58/RAM_DIN_VEC[4]/ram_instance/PortAWriteEnable,8,0.0009624639076034649,7.896249999999999,1.0293265788068,0.0,0.15845953588601674,1
x_aq_lsu_top/x_aq_dcache_top/x_aq_dcache_tag_array_bank0/x_aq_spsram_64x58_bank1/x_aq_f_spsram_64x58/RAM_DIN_VEC[5]/ram_instance/PortAClk,0,0.0,0.0,0.0,0.0,,0
x_aq_lsu_top/x_aq_dcache_top/x_aq_dcache_tag_array_bank0/x_aq_spsram_64x58_bank1/x_aq_f_spsram_64x58/RAM_DIN_VEC[5]/ram_instance/PortAAddr[5:0],200,0.02406159769008662,8.643099999999999,1.1266832424613016,0.145,0.0769339367374892,6
x_aq_lsu_top/x_aq_dcache_top/x_aq_dcache_tag_array_bank0/x_aq_spsram_64x58_bank1/x_aq_f_spsram_64x58/RAM_DIN_VEC[5]/ram_instance/PortADataIn[0:0],0,0.0,0.0,0.0,0.0,,0
x_aq_lsu_top/x_aq_dcache_top/x_aq_dcache_tag_array_bank0/x_aq_spsram_64x58_bank1/x_aq_f_spsram_64x58/RAM_DIN_VEC[5]/ram_instance/PortAWriteEnable,8,0.0009624639076034649,7.896249999999999,1.0293265788068,0.0,0.15845953588601674,1
x_aq_lsu_top/x_aq_dcache_top/x_aq_dcache_tag_array_bank0/x_aq_spsram_64x58_bank1/x_aq_f_spsram_64x58/RAM_DIN_VEC[6]/ram_instance/PortAClk,0,0.0,0.0,0.0,0.0,,0
x_aq_lsu_top/x_aq_dcache_top/x_aq_dcache_tag_array_bank0/x_aq_spsram_64x58_bank1/x_aq_f_spsram_64x58/RAM_DIN_VEC[6]/ram_instance/PortAAddr[5:0],200,0.02406159769008662,8.643099999999999,1.1266832424613016,0.145,0.0769339367374892,6
x_aq_lsu_top/x_aq_dcache_top/x_aq_dcache_tag_array_bank0/x_aq_spsram_64x58_bank1/x_aq_f_spsram_64x58/RAM_DIN_VEC[6]/ram_instance/PortADataIn[0:0],0,0.0,0.0,0.0,0.0,,0
x_aq_lsu_top/x_aq_dcache_top/x_aq_dcache_tag_array_bank0/x_aq_spsram_64x58_bank1/x_aq_f_spsram_64x58/RAM_DIN_VEC[6]/ram_instance/PortAWriteEnable,8,0.0009624639076034649,7.896249999999999,1.0293265788068,0.0,0.15845953588601674,1
x_aq_lsu_top/x_aq_dcache_top/x_aq_dcache_tag_array_bank0/x_aq_spsram_64x58_bank1/x_aq_f_spsram_64x58/RAM_DIN_VEC[7]/ram_instance/PortAClk,0,0.0,0.0,0.0,0.0,,0
x_aq_lsu_top/x_aq_dcache_top/x_aq_dcache_tag_array_bank0/x_aq_spsram_64x58_bank1/x_aq_f_spsram_64x58/RAM_DIN_VEC[7]/ram_instance/PortAAddr[5:0],200,0.02406159769008662,8.643099999999999,1.1266832424613016,0.145,0.0769339367374892,6
x_aq_lsu_top/x_aq_dcache_top/x_aq_dcache_tag_array_bank0/x_aq_spsram_64x58_bank1/x_aq_f_spsram_64x58/RAM_DIN_VEC[7]/ram_instance/PortADataIn[0:0],0,0.0,0.0,0.0,0.0,,0
x_aq_lsu_top/x_aq_dcache_top/x_aq_dcache_tag_array_bank0/x_aq_spsram_64x58_bank1/x_aq_f_spsram_64x58/RAM_DIN_VEC[7]/ram_instance/PortAWriteEnable,8,0.0009624639076034649,7.896249999999999,1.0293265788068,0.0,0.15845953588601674,1
x_aq_lsu_top/x_aq_dcache_top/x_aq_dcache_tag_array_bank0/x_aq_spsram_64x58_bank1/x_aq_f_spsram_64x58/RAM_DIN_VEC[8]/ram_instance/PortAClk,0,0.0,0.0,0.0,0.0,,0
x_aq_lsu_top/x_aq_dcache_top/x_aq_dcache_tag_array_bank0/x_aq_spsram_64x58_bank1/x_aq_f_spsram_64x58/RAM_DIN_VEC[8]/ram_instance/PortAAddr[5:0],200,0.02406159769008662,8.643099999999999,1.1266832424613016,0.145,0.0769339367374892,6
x_aq_lsu_top/x_aq_dcache_top/x_aq_dcache_tag_array_bank0/x_aq_spsram_64x58_bank1/x_aq_f_spsram_64x58/RAM_DIN_VEC[8]/ram_instance/PortADataIn[0:0],0,0.0,0.0,0.0,0.0,,0
x_aq_lsu_top/x_aq_dcache_top/x_aq_dcache_tag_array_bank0/x_aq_spsram_64x58_bank1/x_aq_f_spsram_64x58/RAM_DIN_VEC[8]/ram_instance/PortAWriteEnable,8,0.0009624639076034649,7.896249999999999,1.0293265788068,0.0,0.15845953588601674,1
x_aq_lsu_top/x_aq_dcache_top/x_aq_dcache_tag_array_bank0/x_aq_spsram_64x58_bank1/x_aq_f_spsram_64x58/RAM_DIN_VEC[9]/ram_instance/PortAClk,0,0.0,0.0,0.0,0.0,,0
x_aq_lsu_top/x_aq_dcache_top/x_aq_dcache_tag_array_bank0/x_aq_spsram_64x58_bank1/x_aq_f_spsram_64x58/RAM_DIN_VEC[9]/ram_instance/PortAAddr[5:0],200,0.02406159769008662,8.643099999999999,1.1266832424613016,0.145,0.0769339367374892,6
x_aq_lsu_top/x_aq_dcache_top/x_aq_dcache_tag_array_bank0/x_aq_spsram_64x58_bank1/x_aq_f_spsram_64x58/RAM_DIN_VEC[9]/ram_instance/PortADataIn[0:0],0,0.0,0.0,0.0,0.0,,0
x_aq_lsu_top/x_aq_dcache_top/x_aq_dcache_tag_array_bank0/x_aq_spsram_64x58_bank1/x_aq_f_spsram_64x58/RAM_DIN_VEC[9]/ram_instance/PortAWriteEnable,8,0.0009624639076034649,7.896249999999999,1.0293265788068,0.0,0.15845953588601674,1
x_aq_lsu_top/x_aq_dcache_top/x_aq_dcache_tag_array_bank0/x_aq_spsram_64x58_bank1/x_aq_f_spsram_64x58/RAM_DIN_VEC[10]/ram_instance/PortAClk,0,0.0,0.0,0.0,0.0,,0
x_aq_lsu_top/x_aq_dcache_top/x_aq_dcache_tag_array_bank0/x_aq_spsram_64x58_bank1/x_aq_f_spsram_64x58/RAM_DIN_VEC[10]/ram_instance/PortAAddr[5:0],200,0.02406159769008662,8.643099999999999,1.1266832424613016,0.145,0.0769339367374892,6
x_aq_lsu_top/x_aq_dcache_top/x_aq_dcache_tag_array_bank0/x_aq_spsram_64x58_bank1/x_aq_f_spsram_64x58/RAM_DIN_VEC[10]/ram_instance/PortADataIn[0:0],0,0.0,0.0,0.0,0.0,,0
x_aq_lsu_top/x_aq_dcache_top/x_aq_dcache_tag_array_bank0/x_aq_spsram_64x58_bank1/x_aq_f_spsram_64x58/RAM_DIN_VEC[10]/ram_instance/PortAWriteEnable,8,0.0009624639076034649,7.896249999999999,1.0293265788068,0.0,0.15845953588601674,1
x_aq_lsu_top/x_aq_dcache_top/x_aq_dcache_tag_array_bank0/x_aq_spsram_64x58_bank1/x_aq_f_spsram_64x58/RAM_DIN_VEC[11]/ram_instance/PortAClk,0,0.0,0.0,0.0,0.0,,0
x_aq_lsu_top/x_aq_dcache_top/x_aq_dcache_tag_array_bank0/x_aq_spsram_64x58_bank1/x_aq_f_spsram_64x58/RAM_DIN_VEC[11]/ram_instance/PortAAddr[5:0],200,0.02406159769008662,8.643099999999999,1.1266832424613016,0.145,0.0769339367374892,6
x_aq_lsu_top/x_aq_dcache_top/x_aq_dcache_tag_array_bank0/x_aq_spsram_64x58_bank1/x_aq_f_spsram_64x58/RAM_DIN_VEC[11]/ram_instance/PortADataIn[0:0],0,0.0,0.0,0.0,0.0,,0
x_aq_lsu_top/x_aq_dcache_top/x_aq_dcache_tag_array_bank0/x_aq_spsram_64x58_bank1/x_aq_f_spsram_64x58/RAM_DIN_VEC[11]/ram_instance/PortAWriteEnable,8,0.0009624639076034649,7.896249999999999,1.0293265788068,0.0,0.15845953588601674,1
x_aq_lsu_top/x_aq_dcache_top/x_aq_dcache_tag_array_bank0/x_aq_spsram_64x58_bank1/x_aq_f_spsram_64x58/RAM_DIN_VEC[12]/ram_instance/PortAClk,0,0.0,0.0,0.0,0.0,,0
x_aq_lsu_top/x_aq_dcache_top/x_aq_dcache_tag_array_bank0/x_aq_spsram_64x58_bank1/x_aq_f_spsram_64x58/RAM_DIN_VEC[12]/ram_instance/PortAAddr[5:0],200,0.02406159769008662,8.643099999999999,1.1266832424613016,0.145,0.0769339367374892,6
x_aq_lsu_top/x_aq_dcache_top/x_aq_dcache_tag_array_bank0/x_aq_spsram_64x58_bank1/x_aq_f_spsram_64x58/RAM_DIN_VEC[12]/ram_instance/PortADataIn[0:0],0,0.0,0.0,0.0,0.0,,0
x_aq_lsu_top/x_aq_dcache_top/x_aq_dcache_tag_array_bank0/x_aq_spsram_64x58_bank1/x_aq_f_spsram_64x58/RAM_DIN_VEC[12]/ram_instance/PortAWriteEnable,8,0.0009624639076034649,7.896249999999999,1.0293265788068,0.0,0.15845953588601674,1
x_aq_lsu_top/x_aq_dcache_top/x_aq_dcache_tag_array_bank0/x_aq_spsram_64x58_bank1/x_aq_f_spsram_64x58/RAM_DIN_VEC[13]/ram_instance/PortAClk,0,0.0,0.0,0.0,0.0,,0
x_aq_lsu_top/x_aq_dcache_top/x_aq_dcache_tag_array_bank0/x_aq_spsram_64x58_bank1/x_aq_f_spsram_64x58/RAM_DIN_VEC[13]/ram_instance/PortAAddr[5:0],200,0.02406159769008662,8.643099999999999,1.1266832424613016,0.145,0.0769339367374892,6
x_aq_lsu_top/x_aq_dcache_top/x_aq_dcache_tag_array_bank0/x_aq_spsram_64x58_bank1/x_aq_f_spsram_64x58/RAM_DIN_VEC[13]/ram_instance/PortADataIn[0:0],0,0.0,0.0,0.0,0.0,,0
x_aq_lsu_top/x_aq_dcache_top/x_aq_dcache_tag_array_bank0/x_aq_spsram_64x58_bank1/x_aq_f_spsram_64x58/RAM_DIN_VEC[13]/ram_instance/PortAWriteEnable,8,0.0009624639076034649,7.896249999999999,1.0293265788068,0.0,0.15845953588601674,1
x_aq_lsu_top/x_aq_dcache_top/x_aq_dcache_tag_array_bank0/x_aq_spsram_64x58_bank1/x_aq_f_spsram_64x58/RAM_DIN_VEC[14]/ram_instance/PortAClk,0,0.0,0.0,0.0,0.0,,0
x_aq_lsu_top/x_aq_dcache_top/x_aq_dcache_tag_array_bank0/x_aq_spsram_64x58_bank1/x_aq_f_spsram_64x58/RAM_DIN_VEC[14]/ram_instance/PortAAddr[5:0],200,0.02406159769008662,8.643099999999999,1.1266832424613016,0.145,0.0769339367374892,6
x_aq_lsu_top/x_aq_dcache_top/x_aq_dcache_tag_array_bank0/x_aq_spsram_64x58_bank1/x_aq_f_spsram_64x58/RAM_DIN_VEC[14]/ram_instance/PortADataIn[0:0],0,0.0,0.0,0.0,0.0,,0
x_aq_lsu_top/x_aq_dcache_top/x_aq_dcache_tag_array_bank0/x_aq_spsram_64x58_bank1/x_aq_f_spsram_64x58/RAM_DIN_VEC[14]/ram_instance/PortAWriteEnable,8,0.0009624639076034649,7.896249999999999,1.0293265788068,0.0,0.15845953588601674,1
x_aq_lsu_top/x_aq_dcache_top/x_aq_dcache_tag_array_bank0/x_aq_spsram_64x58_bank1/x_aq_f_spsram_64x58/RAM_DIN_VEC[15]/ram_instance/PortAClk,0,0.0,0.0,0.0,0.0,,0
x_aq_lsu_top/x_aq_dcache_top/x_aq_dcache_tag_array_bank0/x_aq_spsram_64x58_bank1/x_aq_f_spsram_64x58/RAM_DIN_VEC[15]/ram_instance/PortAAddr[5:0],200,0.02406159769008662,8.643099999999999,1.1266832424613016,0.145,0.0769339367374892,6
x_aq_lsu_top/x_aq_dcache_top/x_aq_dcache_tag_array_bank0/x_aq_spsram_64x58_bank1/x_aq_f_spsram_64x58/RAM_DIN_VEC[15]/ram_instance/PortADataIn[0:0],0,0.0,0.0,0.0,0.0,,0
x_aq_lsu_top/x_aq_dcache_top/x_aq_dcache_tag_array_bank0/x_aq_spsram_64x58_bank1/x_aq_f_spsram_64x58/RAM_DIN_VEC[15]/ram_instance/PortAWriteEnable,8,0.0009624639076034649,7.896249999999999,1.0293265788068,0.0,0.15845953588601674,1
x_aq_lsu_top/x_aq_dcache_top/x_aq_dcache_tag_array_bank0/x_aq_spsram_64x58_bank1/x_aq_f_spsram_64x58/RAM_DIN_VEC[16]/ram_instance/PortAClk,0,0.0,0.0,0.0,0.0,,0
x_aq_lsu_top/x_aq_dcache_top/x_aq_dcache_tag_array_bank0/x_aq_spsram_64x58_bank1/x_aq_f_spsram_64x58/RAM_DIN_VEC[16]/ram_instance/PortAAddr[5:0],200,0.02406159769008662,8.643099999999999,1.1266832424613016,0.145,0.0769339367374892,6
x_aq_lsu_top/x_aq_dcache_top/x_aq_dcache_tag_array_bank0/x_aq_spsram_64x58_bank1/x_aq_f_spsram_64x58/RAM_DIN_VEC[16]/ram_instance/PortADataIn[0:0],0,0.0,0.0,0.0,0.0,,0
x_aq_lsu_top/x_aq_dcache_top/x_aq_dcache_tag_array_bank0/x_aq_spsram_64x58_bank1/x_aq_f_spsram_64x58/RAM_DIN_VEC[16]/ram_instance/PortAWriteEnable,8,0.0009624639076034649,7.896249999999999,1.0293265788068,0.0,0.15845953588601674,1
x_aq_lsu_top/x_aq_dcache_top/x_aq_dcache_tag_array_bank0/x_aq_spsram_64x58_bank1/x_aq_f_spsram_64x58/RAM_DIN_VEC[17]/ram_instance/PortAClk,0,0.0,0.0,0.0,0.0,,0
x_aq_lsu_top/x_aq_dcache_top/x_aq_dcache_tag_array_bank0/x_aq_spsram_64x58_bank1/x_aq_f_spsram_64x58/RAM_DIN_VEC[17]/ram_instance/PortAAddr[5:0],200,0.02406159769008662,8.643099999999999,1.1266832424613016,0.145,0.0769339367374892,6
x_aq_lsu_top/x_aq_dcache_top/x_aq_dcache_tag_array_bank0/x_aq_spsram_64x58_bank1/x_aq_f_spsram_64x58/RAM_DIN_VEC[17]/ram_instance/PortADataIn[0:0],0,0.0,0.0,0.0,0.0,,0
x_aq_lsu_top/x_aq_dcache_top/x_aq_dcache_tag_array_bank0/x_aq_spsram_64x58_bank1/x_aq_f_spsram_64x58/RAM_DIN_VEC[17]/ram_instance/PortAWriteEnable,8,0.0009624639076034649,7.896249999999999,1.0293265788068,0.0,0.15845953588601674,1
x_aq_lsu_top/x_aq_dcache_top/x_aq_dcache_tag_array_bank0/x_aq_spsram_64x58_bank1/x_aq_f_spsram_64x58/RAM_DIN_VEC[18]/ram_instance/PortAClk,0,0.0,0.0,0.0,0.0,,0
x_aq_lsu_top/x_aq_dcache_top/x_aq_dcache_tag_array_bank0/x_aq_spsram_64x58_bank1/x_aq_f_spsram_64x58/RAM_DIN_VEC[18]/ram_instance/PortAAddr[5:0],200,0.02406159769008662,8.643099999999999,1.1266832424613016,0.145,0.0769339367374892,6
x_aq_lsu_top/x_aq_dcache_top/x_aq_dcache_tag_array_bank0/x_aq_spsram_64x58_bank1/x_aq_f_spsram_64x58/RAM_DIN_VEC[18]/ram_instance/PortADataIn[0:0],0,0.0,0.0,0.0,0.0,,0
x_aq_lsu_top/x_aq_dcache_top/x_aq_dcache_tag_array_bank0/x_aq_spsram_64x58_bank1/x_aq_f_spsram_64x58/RAM_DIN_VEC[18]/ram_instance/PortAWriteEnable,8,0.0009624639076034649,7.896249999999999,1.0293265788068,0.0,0.15845953588601674,1
x_aq_lsu_top/x_aq_dcache_top/x_aq_dcache_tag_array_bank0/x_aq_spsram_64x58_bank1/x_aq_f_spsram_64x58/RAM_DIN_VEC[19]/ram_instance/PortAClk,0,0.0,0.0,0.0,0.0,,0
x_aq_lsu_top/x_aq_dcache_top/x_aq_dcache_tag_array_bank0/x_aq_spsram_64x58_bank1/x_aq_f_spsram_64x58/RAM_DIN_VEC[19]/ram_instance/PortAAddr[5:0],200,0.02406159769008662,8.643099999999999,1.1266832424613016,0.145,0.0769339367374892,6
x_aq_lsu_top/x_aq_dcache_top/x_aq_dcache_tag_array_bank0/x_aq_spsram_64x58_bank1/x_aq_f_spsram_64x58/RAM_DIN_VEC[19]/ram_instance/PortADataIn[0:0],0,0.0,0.0,0.0,0.0,,0
x_aq_lsu_top/x_aq_dcache_top/x_aq_dcache_tag_array_bank0/x_aq_spsram_64x58_bank1/x_aq_f_spsram_64x58/RAM_DIN_VEC[19]/ram_instance/PortAWriteEnable,8,0.0009624639076034649,7.896249999999999,1.0293265788068,0.0,0.15845953588601674,1
x_aq_lsu_top/x_aq_dcache_top/x_aq_dcache_tag_array_bank0/x_aq_spsram_64x58_bank1/x_aq_f_spsram_64x58/RAM_DIN_VEC[20]/ram_instance/PortAClk,0,0.0,0.0,0.0,0.0,,0
x_aq_lsu_top/x_aq_dcache_top/x_aq_dcache_tag_array_bank0/x_aq_spsram_64x58_bank1/x_aq_f_spsram_64x58/RAM_DIN_VEC[20]/ram_instance/PortAAddr[5:0],200,0.02406159769008662,8.643099999999999,1.1266832424613016,0.145,0.0769339367374892,6
x_aq_lsu_top/x_aq_dcache_top/x_aq_dcache_tag_array_bank0/x_aq_spsram_64x58_bank1/x_aq_f_spsram_64x58/RAM_DIN_VEC[20]/ram_instance/PortADataIn[0:0],0,0.0,0.0,0.0,0.0,,0
x_aq_lsu_top/x_aq_dcache_top/x_aq_dcache_tag_array_bank0/x_aq_spsram_64x58_bank1/x_aq_f_spsram_64x58/RAM_DIN_VEC[20]/ram_instance/PortAWriteEnable,8,0.0009624639076034649,7.896249999999999,1.0293265788068,0.0,0.15845953588601674,1
x_aq_lsu_top/x_aq_dcache_top/x_aq_dcache_tag_array_bank0/x_aq_spsram_64x58_bank1/x_aq_f_spsram_64x58/RAM_DIN_VEC[21]/ram_instance/PortAClk,0,0.0,0.0,0.0,0.0,,0
x_aq_lsu_top/x_aq_dcache_top/x_aq_dcache_tag_array_bank0/x_aq_spsram_64x58_bank1/x_aq_f_spsram_64x58/RAM_DIN_VEC[21]/ram_instance/PortAAddr[5:0],200,0.02406159769008662,8.643099999999999,1.1266832424613016,0.145,0.0769339367374892,6
x_aq_lsu_top/x_aq_dcache_top/x_aq_dcache_tag_array_bank0/x_aq_spsram_64x58_bank1/x_aq_f_spsram_64x58/RAM_DIN_VEC[21]/ram_instance/PortADataIn[0:0],0,0.0,0.0,0.0,0.0,,0
x_aq_lsu_top/x_aq_dcache_top/x_aq_dcache_tag_array_bank0/x_aq_spsram_64x58_bank1/x_aq_f_spsram_64x58/RAM_DIN_VEC[21]/ram_instance/PortAWriteEnable,8,0.0009624639076034649,7.896249999999999,1.0293265788068,0.0,0.15845953588601674,1
x_aq_lsu_top/x_aq_dcache_top/x_aq_dcache_tag_array_bank0/x_aq_spsram_64x58_bank1/x_aq_f_spsram_64x58/RAM_DIN_VEC[22]/ram_instance/PortAClk,0,0.0,0.0,0.0,0.0,,0
x_aq_lsu_top/x_aq_dcache_top/x_aq_dcache_tag_array_bank0/x_aq_spsram_64x58_bank1/x_aq_f_spsram_64x58/RAM_DIN_VEC[22]/ram_instance/PortAAddr[5:0],200,0.02406159769008662,8.643099999999999,1.1266832424613016,0.145,0.0769339367374892,6
x_aq_lsu_top/x_aq_dcache_top/x_aq_dcache_tag_array_bank0/x_aq_spsram_64x58_bank1/x_aq_f_spsram_64x58/RAM_DIN_VEC[22]/ram_instance/PortADataIn[0:0],0,0.0,0.0,0.0,0.0,,0
x_aq_lsu_top/x_aq_dcache_top/x_aq_dcache_tag_array_bank0/x_aq_spsram_64x58_bank1/x_aq_f_spsram_64x58/RAM_DIN_VEC[22]/ram_instance/PortAWriteEnable,8,0.0009624639076034649,7.896249999999999,1.0293265788068,0.0,0.15845953588601674,1
x_aq_lsu_top/x_aq_dcache_top/x_aq_dcache_tag_array_bank0/x_aq_spsram_64x58_bank1/x_aq_f_spsram_64x58/RAM_DIN_VEC[23]/ram_instance/PortAClk,0,0.0,0.0,0.0,0.0,,0
x_aq_lsu_top/x_aq_dcache_top/x_aq_dcache_tag_array_bank0/x_aq_spsram_64x58_bank1/x_aq_f_spsram_64x58/RAM_DIN_VEC[23]/ram_instance/PortAAddr[5:0],200,0.02406159769008662,8.643099999999999,1.1266832424613016,0.145,0.0769339367374892,6
x_aq_lsu_top/x_aq_dcache_top/x_aq_dcache_tag_array_bank0/x_aq_spsram_64x58_bank1/x_aq_f_spsram_64x58/RAM_DIN_VEC[23]/ram_instance/PortADataIn[0:0],0,0.0,0.0,0.0,0.0,,0
x_aq_lsu_top/x_aq_dcache_top/x_aq_dcache_tag_array_bank0/x_aq_spsram_64x58_bank1/x_aq_f_spsram_64x58/RAM_DIN_VEC[23]/ram_instance/PortAWriteEnable,8,0.0009624639076034649,7.896249999999999,1.0293265788068,0.0,0.15845953588601674,1
x_aq_lsu_top/x_aq_dcache_top/x_aq_dcache_tag_array_bank0/x_aq_spsram_64x58_bank1/x_aq_f_spsram_64x58/RAM_DIN_VEC[24]/ram_instance/PortAClk,0,0.0,0.0,0.0,0.0,,0
x_aq_lsu_top/x_aq_dcache_top/x_aq_dcache_tag_array_bank0/x_aq_spsram_64x58_bank1/x_aq_f_spsram_64x58/RAM_DIN_VEC[24]/ram_instance/PortAAddr[5:0],200,0.02406159769008662,8.643099999999999,1.1266832424613016,0.145,0.0769339367374892,6
x_aq_lsu_top/x_aq_dcache_top/x_aq_dcache_tag_array_bank0/x_aq_spsram_64x58_bank1/x_aq_f_spsram_64x58/RAM_DIN_VEC[24]/ram_instance/PortADataIn[0:0],0,0.0,0.0,0.0,0.0,,0
x_aq_lsu_top/x_aq_dcache_top/x_aq_dcache_tag_array_bank0/x_aq_spsram_64x58_bank1/x_aq_f_spsram_64x58/RAM_DIN_VEC[24]/ram_instance/PortAWriteEnable,8,0.0009624639076034649,7.896249999999999,1.0293265788068,0.0,0.15845953588601674,1
x_aq_lsu_top/x_aq_dcache_top/x_aq_dcache_tag_array_bank0/x_aq_spsram_64x58_bank1/x_aq_f_spsram_64x58/RAM_DIN_VEC[25]/ram_instance/PortAClk,0,0.0,0.0,0.0,0.0,,0
x_aq_lsu_top/x_aq_dcache_top/x_aq_dcache_tag_array_bank0/x_aq_spsram_64x58_bank1/x_aq_f_spsram_64x58/RAM_DIN_VEC[25]/ram_instance/PortAAddr[5:0],200,0.02406159769008662,8.643099999999999,1.1266832424613016,0.145,0.0769339367374892,6
x_aq_lsu_top/x_aq_dcache_top/x_aq_dcache_tag_array_bank0/x_aq_spsram_64x58_bank1/x_aq_f_spsram_64x58/RAM_DIN_VEC[25]/ram_instance/PortADataIn[0:0],0,0.0,0.0,0.0,0.0,,0
x_aq_lsu_top/x_aq_dcache_top/x_aq_dcache_tag_array_bank0/x_aq_spsram_64x58_bank1/x_aq_f_spsram_64x58/RAM_DIN_VEC[25]/ram_instance/PortAWriteEnable,8,0.0009624639076034649,7.896249999999999,1.0293265788068,0.0,0.15845953588601674,1
x_aq_lsu_top/x_aq_dcache_top/x_aq_dcache_tag_array_bank0/x_aq_spsram_64x58_bank1/x_aq_f_spsram_64x58/RAM_DIN_VEC[26]/ram_instance/PortAClk,0,0.0,0.0,0.0,0.0,,0
x_aq_lsu_top/x_aq_dcache_top/x_aq_dcache_tag_array_bank0/x_aq_spsram_64x58_bank1/x_aq_f_spsram_64x58/RAM_DIN_VEC[26]/ram_instance/PortAAddr[5:0],200,0.02406159769008662,8.643099999999999,1.1266832424613016,0.145,0.0769339367374892,6
x_aq_lsu_top/x_aq_dcache_top/x_aq_dcache_tag_array_bank0/x_aq_spsram_64x58_bank1/x_aq_f_spsram_64x58/RAM_DIN_VEC[26]/ram_instance/PortADataIn[0:0],0,0.0,0.0,0.0,0.0,,0
x_aq_lsu_top/x_aq_dcache_top/x_aq_dcache_tag_array_bank0/x_aq_spsram_64x58_bank1/x_aq_f_spsram_64x58/RAM_DIN_VEC[26]/ram_instance/PortAWriteEnable,8,0.0009624639076034649,7.896249999999999,1.0293265788068,0.0,0.15845953588601674,1
x_aq_lsu_top/x_aq_dcache_top/x_aq_dcache_tag_array_bank0/x_aq_spsram_64x58_bank1/x_aq_f_spsram_64x58/RAM_DIN_VEC[27]/ram_instance/PortAClk,0,0.0,0.0,0.0,0.0,,0
x_aq_lsu_top/x_aq_dcache_top/x_aq_dcache_tag_array_bank0/x_aq_spsram_64x58_bank1/x_aq_f_spsram_64x58/RAM_DIN_VEC[27]/ram_instance/PortAAddr[5:0],200,0.02406159769008662,8.643099999999999,1.1266832424613016,0.145,0.0769339367374892,6
x_aq_lsu_top/x_aq_dcache_top/x_aq_dcache_tag_array_bank0/x_aq_spsram_64x58_bank1/x_aq_f_spsram_64x58/RAM_DIN_VEC[27]/ram_instance/PortADataIn[0:0],0,0.0,0.0,0.0,0.0,,0
x_aq_lsu_top/x_aq_dcache_top/x_aq_dcache_tag_array_bank0/x_aq_spsram_64x58_bank1/x_aq_f_spsram_64x58/RAM_DIN_VEC[27]/ram_instance/PortAWriteEnable,8,0.0009624639076034649,7.896249999999999,1.0293265788068,0.0,0.15845953588601674,1
x_aq_lsu_top/x_aq_dcache_top/x_aq_dcache_tag_array_bank0/x_aq_spsram_64x58_bank1/x_aq_f_spsram_64x58/RAM_DIN_VEC[28]/ram_instance/PortAClk,0,0.0,0.0,0.0,0.0,,0
x_aq_lsu_top/x_aq_dcache_top/x_aq_dcache_tag_array_bank0/x_aq_spsram_64x58_bank1/x_aq_f_spsram_64x58/RAM_DIN_VEC[28]/ram_instance/PortAAddr[5:0],200,0.02406159769008662,8.643099999999999,1.1266832424613016,0.145,0.0769339367374892,6
x_aq_lsu_top/x_aq_dcache_top/x_aq_dcache_tag_array_bank0/x_aq_spsram_64x58_bank1/x_aq_f_spsram_64x58/RAM_DIN_VEC[28]/ram_instance/PortADataIn[0:0],0,0.0,0.0,0.0,0.0,,0
x_aq_lsu_top/x_aq_dcache_top/x_aq_dcache_tag_array_bank0/x_aq_spsram_64x58_bank1/x_aq_f_spsram_64x58/RAM_DIN_VEC[28]/ram_instance/PortAWriteEnable,8,0.0009624639076034649,7.896249999999999,1.0293265788068,0.0,0.15845953588601674,1
x_aq_lsu_top/x_aq_dcache_top/x_aq_dcache_tag_array_bank0/x_aq_spsram_64x58_bank1/x_aq_f_spsram_64x58/RAM_DIN_VEC[29]/ram_instance/PortAClk,0,0.0,0.0,0.0,0.0,,0
x_aq_lsu_top/x_aq_dcache_top/x_aq_dcache_tag_array_bank0/x_aq_spsram_64x58_bank1/x_aq_f_spsram_64x58/RAM_DIN_VEC[29]/ram_instance/PortAAddr[5:0],200,0.02406159769008662,8.643099999999999,1.1266832424613016,0.145,0.0769339367374892,6
x_aq_lsu_top/x_aq_dcache_top/x_aq_dcache_tag_array_bank0/x_aq_spsram_64x58_bank1/x_aq_f_spsram_64x58/RAM_DIN_VEC[29]/ram_instance/PortADataIn[0:0],0,0.0,0.0,0.0,0.0,,0
x_aq_lsu_top/x_aq_dcache_top/x_aq_dcache_tag_array_bank0/x_aq_spsram_64x58_bank1/x_aq_f_spsram_64x58/RAM_DIN_VEC[29]/ram_instance/PortAWriteEnable,8,0.0009624639076034649,7.896249999999999,1.0293265788068,0.0,0.15845953588601674,1
x_aq_lsu_top/x_aq_dcache_top/x_aq_dcache_tag_array_bank0/x_aq_spsram_64x58_bank1/x_aq_f_spsram_64x58/RAM_DIN_VEC[30]/ram_instance/PortAClk,0,0.0,0.0,0.0,0.0,,0
x_aq_lsu_top/x_aq_dcache_top/x_aq_dcache_tag_array_bank0/x_aq_spsram_64x58_bank1/x_aq_f_spsram_64x58/RAM_DIN_VEC[30]/ram_instance/PortAAddr[5:0],200,0.02406159769008662,8.643099999999999,1.1266832424613016,0.145,0.0769339367374892,6
x_aq_lsu_top/x_aq_dcache_top/x_aq_dcache_tag_array_bank0/x_aq_spsram_64x58_bank1/x_aq_f_spsram_64x58/RAM_DIN_VEC[30]/ram_instance/PortADataIn[0:0],0,0.0,0.0,0.0,0.0,,0
x_aq_lsu_top/x_aq_dcache_top/x_aq_dcache_tag_array_bank0/x_aq_spsram_64x58_bank1/x_aq_f_spsram_64x58/RAM_DIN_VEC[30]/ram_instance/PortAWriteEnable,8,0.0009624639076034649,7.896249999999999,1.0293265788068,0.0,0.15845953588601674,1
x_aq_lsu_top/x_aq_dcache_top/x_aq_dcache_tag_array_bank0/x_aq_spsram_64x58_bank1/x_aq_f_spsram_64x58/RAM_DIN_VEC[31]/ram_instance/PortAClk,0,0.0,0.0,0.0,0.0,,0
x_aq_lsu_top/x_aq_dcache_top/x_aq_dcache_tag_array_bank0/x_aq_spsram_64x58_bank1/x_aq_f_spsram_64x58/RAM_DIN_VEC[31]/ram_instance/PortAAddr[5:0],200,0.02406159769008662,8.643099999999999,1.1266832424613016,0.145,0.0769339367374892,6
x_aq_lsu_top/x_aq_dcache_top/x_aq_dcache_tag_array_bank0/x_aq_spsram_64x58_bank1/x_aq_f_spsram_64x58/RAM_DIN_VEC[31]/ram_instance/PortADataIn[0:0],0,0.0,0.0,0.0,0.0,,0
x_aq_lsu_top/x_aq_dcache_top/x_aq_dcache_tag_array_bank0/x_aq_spsram_64x58_bank1/x_aq_f_spsram_64x58/RAM_DIN_VEC[31]/ram_instance/PortAWriteEnable,8,0.0009624639076034649,7.896249999999999,1.0293265788068,0.0,0.15845953588601674,1
x_aq_lsu_top/x_aq_dcache_top/x_aq_dcache_tag_array_bank0/x_aq_spsram_64x58_bank1/x_aq_f_spsram_64x58/RAM_DIN_VEC[32]/ram_instance/PortAClk,0,0.0,0.0,0.0,0.0,,0
x_aq_lsu_top/x_aq_dcache_top/x_aq_dcache_tag_array_bank0/x_aq_spsram_64x58_bank1/x_aq_f_spsram_64x58/RAM_DIN_VEC[32]/ram_instance/PortAAddr[5:0],200,0.02406159769008662,8.643099999999999,1.1266832424613016,0.145,0.0769339367374892,6
x_aq_lsu_top/x_aq_dcache_top/x_aq_dcache_tag_array_bank0/x_aq_spsram_64x58_bank1/x_aq_f_spsram_64x58/RAM_DIN_VEC[32]/ram_instance/PortADataIn[0:0],0,0.0,0.0,0.0,0.0,,0
x_aq_lsu_top/x_aq_dcache_top/x_aq_dcache_tag_array_bank0/x_aq_spsram_64x58_bank1/x_aq_f_spsram_64x58/RAM_DIN_VEC[32]/ram_instance/PortAWriteEnable,8,0.0009624639076034649,7.896249999999999,1.0293265788068,0.0,0.15845953588601674,1
x_aq_lsu_top/x_aq_dcache_top/x_aq_dcache_tag_array_bank0/x_aq_spsram_64x58_bank1/x_aq_f_spsram_64x58/RAM_DIN_VEC[33]/ram_instance/PortAClk,0,0.0,0.0,0.0,0.0,,0
x_aq_lsu_top/x_aq_dcache_top/x_aq_dcache_tag_array_bank0/x_aq_spsram_64x58_bank1/x_aq_f_spsram_64x58/RAM_DIN_VEC[33]/ram_instance/PortAAddr[5:0],200,0.02406159769008662,8.643099999999999,1.1266832424613016,0.145,0.0769339367374892,6
x_aq_lsu_top/x_aq_dcache_top/x_aq_dcache_tag_array_bank0/x_aq_spsram_64x58_bank1/x_aq_f_spsram_64x58/RAM_DIN_VEC[33]/ram_instance/PortADataIn[0:0],0,0.0,0.0,0.0,0.0,,0
x_aq_lsu_top/x_aq_dcache_top/x_aq_dcache_tag_array_bank0/x_aq_spsram_64x58_bank1/x_aq_f_spsram_64x58/RAM_DIN_VEC[33]/ram_instance/PortAWriteEnable,8,0.0009624639076034649,7.896249999999999,1.0293265788068,0.0,0.15845953588601674,1
x_aq_lsu_top/x_aq_dcache_top/x_aq_dcache_tag_array_bank0/x_aq_spsram_64x58_bank1/x_aq_f_spsram_64x58/RAM_DIN_VEC[34]/ram_instance/PortAClk,0,0.0,0.0,0.0,0.0,,0
x_aq_lsu_top/x_aq_dcache_top/x_aq_dcache_tag_array_bank0/x_aq_spsram_64x58_bank1/x_aq_f_spsram_64x58/RAM_DIN_VEC[34]/ram_instance/PortAAddr[5:0],200,0.02406159769008662,8.643099999999999,1.1266832424613016,0.145,0.0769339367374892,6
x_aq_lsu_top/x_aq_dcache_top/x_aq_dcache_tag_array_bank0/x_aq_spsram_64x58_bank1/x_aq_f_spsram_64x58/RAM_DIN_VEC[34]/ram_instance/PortADataIn[0:0],0,0.0,0.0,0.0,0.0,,0
x_aq_lsu_top/x_aq_dcache_top/x_aq_dcache_tag_array_bank0/x_aq_spsram_64x58_bank1/x_aq_f_spsram_64x58/RAM_DIN_VEC[34]/ram_instance/PortAWriteEnable,8,0.0009624639076034649,7.896249999999999,1.0293265788068,0.0,0.15845953588601674,1
x_aq_lsu_top/x_aq_dcache_top/x_aq_dcache_tag_array_bank0/x_aq_spsram_64x58_bank1/x_aq_f_spsram_64x58/RAM_DIN_VEC[35]/ram_instance/PortAClk,0,0.0,0.0,0.0,0.0,,0
x_aq_lsu_top/x_aq_dcache_top/x_aq_dcache_tag_array_bank0/x_aq_spsram_64x58_bank1/x_aq_f_spsram_64x58/RAM_DIN_VEC[35]/ram_instance/PortAAddr[5:0],200,0.02406159769008662,8.643099999999999,1.1266832424613016,0.145,0.0769339367374892,6
x_aq_lsu_top/x_aq_dcache_top/x_aq_dcache_tag_array_bank0/x_aq_spsram_64x58_bank1/x_aq_f_spsram_64x58/RAM_DIN_VEC[35]/ram_instance/PortADataIn[0:0],0,0.0,0.0,0.0,0.0,,0
x_aq_lsu_top/x_aq_dcache_top/x_aq_dcache_tag_array_bank0/x_aq_spsram_64x58_bank1/x_aq_f_spsram_64x58/RAM_DIN_VEC[35]/ram_instance/PortAWriteEnable,8,0.0009624639076034649,7.896249999999999,1.0293265788068,0.0,0.15845953588601674,1
x_aq_lsu_top/x_aq_dcache_top/x_aq_dcache_tag_array_bank0/x_aq_spsram_64x58_bank1/x_aq_f_spsram_64x58/RAM_DIN_VEC[36]/ram_instance/PortAClk,0,0.0,0.0,0.0,0.0,,0
x_aq_lsu_top/x_aq_dcache_top/x_aq_dcache_tag_array_bank0/x_aq_spsram_64x58_bank1/x_aq_f_spsram_64x58/RAM_DIN_VEC[36]/ram_instance/PortAAddr[5:0],200,0.02406159769008662,8.643099999999999,1.1266832424613016,0.145,0.0769339367374892,6
x_aq_lsu_top/x_aq_dcache_top/x_aq_dcache_tag_array_bank0/x_aq_spsram_64x58_bank1/x_aq_f_spsram_64x58/RAM_DIN_VEC[36]/ram_instance/PortADataIn[0:0],0,0.0,0.0,0.0,0.0,,0
x_aq_lsu_top/x_aq_dcache_top/x_aq_dcache_tag_array_bank0/x_aq_spsram_64x58_bank1/x_aq_f_spsram_64x58/RAM_DIN_VEC[36]/ram_instance/PortAWriteEnable,8,0.0009624639076034649,7.896249999999999,1.0293265788068,0.0,0.15845953588601674,1
x_aq_lsu_top/x_aq_dcache_top/x_aq_dcache_tag_array_bank0/x_aq_spsram_64x58_bank1/x_aq_f_spsram_64x58/RAM_DIN_VEC[37]/ram_instance/PortAClk,0,0.0,0.0,0.0,0.0,,0
x_aq_lsu_top/x_aq_dcache_top/x_aq_dcache_tag_array_bank0/x_aq_spsram_64x58_bank1/x_aq_f_spsram_64x58/RAM_DIN_VEC[37]/ram_instance/PortAAddr[5:0],200,0.02406159769008662,8.643099999999999,1.1266832424613016,0.145,0.0769339367374892,6
x_aq_lsu_top/x_aq_dcache_top/x_aq_dcache_tag_array_bank0/x_aq_spsram_64x58_bank1/x_aq_f_spsram_64x58/RAM_DIN_VEC[37]/ram_instance/PortADataIn[0:0],0,0.0,0.0,0.0,0.0,,0
x_aq_lsu_top/x_aq_dcache_top/x_aq_dcache_tag_array_bank0/x_aq_spsram_64x58_bank1/x_aq_f_spsram_64x58/RAM_DIN_VEC[37]/ram_instance/PortAWriteEnable,8,0.0009624639076034649,7.896249999999999,1.0293265788068,0.0,0.15845953588601674,1
x_aq_lsu_top/x_aq_dcache_top/x_aq_dcache_tag_array_bank0/x_aq_spsram_64x58_bank1/x_aq_f_spsram_64x58/RAM_DIN_VEC[38]/ram_instance/PortAClk,0,0.0,0.0,0.0,0.0,,0
x_aq_lsu_top/x_aq_dcache_top/x_aq_dcache_tag_array_bank0/x_aq_spsram_64x58_bank1/x_aq_f_spsram_64x58/RAM_DIN_VEC[38]/ram_instance/PortAAddr[5:0],200,0.02406159769008662,8.643099999999999,1.1266832424613016,0.145,0.0769339367374892,6
x_aq_lsu_top/x_aq_dcache_top/x_aq_dcache_tag_array_bank0/x_aq_spsram_64x58_bank1/x_aq_f_spsram_64x58/RAM_DIN_VEC[38]/ram_instance/PortADataIn[0:0],0,0.0,0.0,0.0,0.0,,0
x_aq_lsu_top/x_aq_dcache_top/x_aq_dcache_tag_array_bank0/x_aq_spsram_64x58_bank1/x_aq_f_spsram_64x58/RAM_DIN_VEC[38]/ram_instance/PortAWriteEnable,8,0.0009624639076034649,7.896249999999999,1.0293265788068,0.0,0.15845953588601674,1
x_aq_lsu_top/x_aq_dcache_top/x_aq_dcache_tag_array_bank0/x_aq_spsram_64x58_bank1/x_aq_f_spsram_64x58/RAM_DIN_VEC[39]/ram_instance/PortAClk,0,0.0,0.0,0.0,0.0,,0
x_aq_lsu_top/x_aq_dcache_top/x_aq_dcache_tag_array_bank0/x_aq_spsram_64x58_bank1/x_aq_f_spsram_64x58/RAM_DIN_VEC[39]/ram_instance/PortAAddr[5:0],200,0.02406159769008662,8.643099999999999,1.1266832424613016,0.145,0.0769339367374892,6
x_aq_lsu_top/x_aq_dcache_top/x_aq_dcache_tag_array_bank0/x_aq_spsram_64x58_bank1/x_aq_f_spsram_64x58/RAM_DIN_VEC[39]/ram_instance/PortADataIn[0:0],0,0.0,0.0,0.0,0.0,,0
x_aq_lsu_top/x_aq_dcache_top/x_aq_dcache_tag_array_bank0/x_aq_spsram_64x58_bank1/x_aq_f_spsram_64x58/RAM_DIN_VEC[39]/ram_instance/PortAWriteEnable,8,0.0009624639076034649,7.896249999999999,1.0293265788068,0.0,0.15845953588601674,1
x_aq_lsu_top/x_aq_dcache_top/x_aq_dcache_tag_array_bank0/x_aq_spsram_64x58_bank1/x_aq_f_spsram_64x58/RAM_DIN_VEC[40]/ram_instance/PortAClk,0,0.0,0.0,0.0,0.0,,0
x_aq_lsu_top/x_aq_dcache_top/x_aq_dcache_tag_array_bank0/x_aq_spsram_64x58_bank1/x_aq_f_spsram_64x58/RAM_DIN_VEC[40]/ram_instance/PortAAddr[5:0],200,0.02406159769008662,8.643099999999999,1.1266832424613016,0.145,0.0769339367374892,6
x_aq_lsu_top/x_aq_dcache_top/x_aq_dcache_tag_array_bank0/x_aq_spsram_64x58_bank1/x_aq_f_spsram_64x58/RAM_DIN_VEC[40]/ram_instance/PortADataIn[0:0],0,0.0,0.0,0.0,0.0,,0
x_aq_lsu_top/x_aq_dcache_top/x_aq_dcache_tag_array_bank0/x_aq_spsram_64x58_bank1/x_aq_f_spsram_64x58/RAM_DIN_VEC[40]/ram_instance/PortAWriteEnable,8,0.0009624639076034649,7.896249999999999,1.0293265788068,0.0,0.15845953588601674,1
x_aq_lsu_top/x_aq_dcache_top/x_aq_dcache_tag_array_bank0/x_aq_spsram_64x58_bank1/x_aq_f_spsram_64x58/RAM_DIN_VEC[41]/ram_instance/PortAClk,0,0.0,0.0,0.0,0.0,,0
x_aq_lsu_top/x_aq_dcache_top/x_aq_dcache_tag_array_bank0/x_aq_spsram_64x58_bank1/x_aq_f_spsram_64x58/RAM_DIN_VEC[41]/ram_instance/PortAAddr[5:0],200,0.02406159769008662,8.643099999999999,1.1266832424613016,0.145,0.0769339367374892,6
x_aq_lsu_top/x_aq_dcache_top/x_aq_dcache_tag_array_bank0/x_aq_spsram_64x58_bank1/x_aq_f_spsram_64x58/RAM_DIN_VEC[41]/ram_instance/PortADataIn[0:0],0,0.0,0.0,0.0,0.0,,0
x_aq_lsu_top/x_aq_dcache_top/x_aq_dcache_tag_array_bank0/x_aq_spsram_64x58_bank1/x_aq_f_spsram_64x58/RAM_DIN_VEC[41]/ram_instance/PortAWriteEnable,8,0.0009624639076034649,7.896249999999999,1.0293265788068,0.0,0.15845953588601674,1
x_aq_lsu_top/x_aq_dcache_top/x_aq_dcache_tag_array_bank0/x_aq_spsram_64x58_bank1/x_aq_f_spsram_64x58/RAM_DIN_VEC[42]/ram_instance/PortAClk,0,0.0,0.0,0.0,0.0,,0
x_aq_lsu_top/x_aq_dcache_top/x_aq_dcache_tag_array_bank0/x_aq_spsram_64x58_bank1/x_aq_f_spsram_64x58/RAM_DIN_VEC[42]/ram_instance/PortAAddr[5:0],200,0.02406159769008662,8.643099999999999,1.1266832424613016,0.145,0.0769339367374892,6
x_aq_lsu_top/x_aq_dcache_top/x_aq_dcache_tag_array_bank0/x_aq_spsram_64x58_bank1/x_aq_f_spsram_64x58/RAM_DIN_VEC[42]/ram_instance/PortADataIn[0:0],0,0.0,0.0,0.0,0.0,,0
x_aq_lsu_top/x_aq_dcache_top/x_aq_dcache_tag_array_bank0/x_aq_spsram_64x58_bank1/x_aq_f_spsram_64x58/RAM_DIN_VEC[42]/ram_instance/PortAWriteEnable,8,0.0009624639076034649,7.896249999999999,1.0293265788068,0.0,0.15845953588601674,1
x_aq_lsu_top/x_aq_dcache_top/x_aq_dcache_tag_array_bank0/x_aq_spsram_64x58_bank1/x_aq_f_spsram_64x58/RAM_DIN_VEC[43]/ram_instance/PortAClk,0,0.0,0.0,0.0,0.0,,0
x_aq_lsu_top/x_aq_dcache_top/x_aq_dcache_tag_array_bank0/x_aq_spsram_64x58_bank1/x_aq_f_spsram_64x58/RAM_DIN_VEC[43]/ram_instance/PortAAddr[5:0],200,0.02406159769008662,8.643099999999999,1.1266832424613016,0.145,0.0769339367374892,6
x_aq_lsu_top/x_aq_dcache_top/x_aq_dcache_tag_array_bank0/x_aq_spsram_64x58_bank1/x_aq_f_spsram_64x58/RAM_DIN_VEC[43]/ram_instance/PortADataIn[0:0],0,0.0,0.0,0.0,0.0,,0
x_aq_lsu_top/x_aq_dcache_top/x_aq_dcache_tag_array_bank0/x_aq_spsram_64x58_bank1/x_aq_f_spsram_64x58/RAM_DIN_VEC[43]/ram_instance/PortAWriteEnable,8,0.0009624639076034649,7.896249999999999,1.0293265788068,0.0,0.15845953588601674,1
x_aq_lsu_top/x_aq_dcache_top/x_aq_dcache_tag_array_bank0/x_aq_spsram_64x58_bank1/x_aq_f_spsram_64x58/RAM_DIN_VEC[44]/ram_instance/PortAClk,0,0.0,0.0,0.0,0.0,,0
x_aq_lsu_top/x_aq_dcache_top/x_aq_dcache_tag_array_bank0/x_aq_spsram_64x58_bank1/x_aq_f_spsram_64x58/RAM_DIN_VEC[44]/ram_instance/PortAAddr[5:0],200,0.02406159769008662,8.643099999999999,1.1266832424613016,0.145,0.0769339367374892,6
x_aq_lsu_top/x_aq_dcache_top/x_aq_dcache_tag_array_bank0/x_aq_spsram_64x58_bank1/x_aq_f_spsram_64x58/RAM_DIN_VEC[44]/ram_instance/PortADataIn[0:0],0,0.0,0.0,0.0,0.0,,0
x_aq_lsu_top/x_aq_dcache_top/x_aq_dcache_tag_array_bank0/x_aq_spsram_64x58_bank1/x_aq_f_spsram_64x58/RAM_DIN_VEC[44]/ram_instance/PortAWriteEnable,8,0.0009624639076034649,7.896249999999999,1.0293265788068,0.0,0.15845953588601674,1
x_aq_lsu_top/x_aq_dcache_top/x_aq_dcache_tag_array_bank0/x_aq_spsram_64x58_bank1/x_aq_f_spsram_64x58/RAM_DIN_VEC[45]/ram_instance/PortAClk,0,0.0,0.0,0.0,0.0,,0
x_aq_lsu_top/x_aq_dcache_top/x_aq_dcache_tag_array_bank0/x_aq_spsram_64x58_bank1/x_aq_f_spsram_64x58/RAM_DIN_VEC[45]/ram_instance/PortAAddr[5:0],200,0.02406159769008662,8.643099999999999,1.1266832424613016,0.145,0.0769339367374892,6
x_aq_lsu_top/x_aq_dcache_top/x_aq_dcache_tag_array_bank0/x_aq_spsram_64x58_bank1/x_aq_f_spsram_64x58/RAM_DIN_VEC[45]/ram_instance/PortADataIn[0:0],0,0.0,0.0,0.0,0.0,,0
x_aq_lsu_top/x_aq_dcache_top/x_aq_dcache_tag_array_bank0/x_aq_spsram_64x58_bank1/x_aq_f_spsram_64x58/RAM_DIN_VEC[45]/ram_instance/PortAWriteEnable,8,0.0009624639076034649,7.896249999999999,1.0293265788068,0.0,0.15845953588601674,1
x_aq_lsu_top/x_aq_dcache_top/x_aq_dcache_tag_array_bank0/x_aq_spsram_64x58_bank1/x_aq_f_spsram_64x58/RAM_DIN_VEC[46]/ram_instance/PortAClk,0,0.0,0.0,0.0,0.0,,0
x_aq_lsu_top/x_aq_dcache_top/x_aq_dcache_tag_array_bank0/x_aq_spsram_64x58_bank1/x_aq_f_spsram_64x58/RAM_DIN_VEC[46]/ram_instance/PortAAddr[5:0],200,0.02406159769008662,8.643099999999999,1.1266832424613016,0.145,0.0769339367374892,6
x_aq_lsu_top/x_aq_dcache_top/x_aq_dcache_tag_array_bank0/x_aq_spsram_64x58_bank1/x_aq_f_spsram_64x58/RAM_DIN_VEC[46]/ram_instance/PortADataIn[0:0],0,0.0,0.0,0.0,0.0,,0
x_aq_lsu_top/x_aq_dcache_top/x_aq_dcache_tag_array_bank0/x_aq_spsram_64x58_bank1/x_aq_f_spsram_64x58/RAM_DIN_VEC[46]/ram_instance/PortAWriteEnable,8,0.0009624639076034649,7.896249999999999,1.0293265788068,0.0,0.15845953588601674,1
x_aq_lsu_top/x_aq_dcache_top/x_aq_dcache_tag_array_bank0/x_aq_spsram_64x58_bank1/x_aq_f_spsram_64x58/RAM_DIN_VEC[47]/ram_instance/PortAClk,0,0.0,0.0,0.0,0.0,,0
x_aq_lsu_top/x_aq_dcache_top/x_aq_dcache_tag_array_bank0/x_aq_spsram_64x58_bank1/x_aq_f_spsram_64x58/RAM_DIN_VEC[47]/ram_instance/PortAAddr[5:0],200,0.02406159769008662,8.643099999999999,1.1266832424613016,0.145,0.0769339367374892,6
x_aq_lsu_top/x_aq_dcache_top/x_aq_dcache_tag_array_bank0/x_aq_spsram_64x58_bank1/x_aq_f_spsram_64x58/RAM_DIN_VEC[47]/ram_instance/PortADataIn[0:0],0,0.0,0.0,0.0,0.0,,0
x_aq_lsu_top/x_aq_dcache_top/x_aq_dcache_tag_array_bank0/x_aq_spsram_64x58_bank1/x_aq_f_spsram_64x58/RAM_DIN_VEC[47]/ram_instance/PortAWriteEnable,8,0.0009624639076034649,7.896249999999999,1.0293265788068,0.0,0.15845953588601674,1
x_aq_lsu_top/x_aq_dcache_top/x_aq_dcache_tag_array_bank0/x_aq_spsram_64x58_bank1/x_aq_f_spsram_64x58/RAM_DIN_VEC[48]/ram_instance/PortAClk,0,0.0,0.0,0.0,0.0,,0
x_aq_lsu_top/x_aq_dcache_top/x_aq_dcache_tag_array_bank0/x_aq_spsram_64x58_bank1/x_aq_f_spsram_64x58/RAM_DIN_VEC[48]/ram_instance/PortAAddr[5:0],200,0.02406159769008662,8.643099999999999,1.1266832424613016,0.145,0.0769339367374892,6
x_aq_lsu_top/x_aq_dcache_top/x_aq_dcache_tag_array_bank0/x_aq_spsram_64x58_bank1/x_aq_f_spsram_64x58/RAM_DIN_VEC[48]/ram_instance/PortADataIn[0:0],0,0.0,0.0,0.0,0.0,,0
x_aq_lsu_top/x_aq_dcache_top/x_aq_dcache_tag_array_bank0/x_aq_spsram_64x58_bank1/x_aq_f_spsram_64x58/RAM_DIN_VEC[48]/ram_instance/PortAWriteEnable,8,0.0009624639076034649,7.896249999999999,1.0293265788068,0.0,0.15845953588601674,1
x_aq_lsu_top/x_aq_dcache_top/x_aq_dcache_tag_array_bank0/x_aq_spsram_64x58_bank1/x_aq_f_spsram_64x58/RAM_DIN_VEC[49]/ram_instance/PortAClk,0,0.0,0.0,0.0,0.0,,0
x_aq_lsu_top/x_aq_dcache_top/x_aq_dcache_tag_array_bank0/x_aq_spsram_64x58_bank1/x_aq_f_spsram_64x58/RAM_DIN_VEC[49]/ram_instance/PortAAddr[5:0],200,0.02406159769008662,8.643099999999999,1.1266832424613016,0.145,0.0769339367374892,6
x_aq_lsu_top/x_aq_dcache_top/x_aq_dcache_tag_array_bank0/x_aq_spsram_64x58_bank1/x_aq_f_spsram_64x58/RAM_DIN_VEC[49]/ram_instance/PortADataIn[0:0],0,0.0,0.0,0.0,0.0,,0
x_aq_lsu_top/x_aq_dcache_top/x_aq_dcache_tag_array_bank0/x_aq_spsram_64x58_bank1/x_aq_f_spsram_64x58/RAM_DIN_VEC[49]/ram_instance/PortAWriteEnable,8,0.0009624639076034649,7.896249999999999,1.0293265788068,0.0,0.15845953588601674,1
x_aq_lsu_top/x_aq_dcache_top/x_aq_dcache_tag_array_bank0/x_aq_spsram_64x58_bank1/x_aq_f_spsram_64x58/RAM_DIN_VEC[50]/ram_instance/PortAClk,0,0.0,0.0,0.0,0.0,,0
x_aq_lsu_top/x_aq_dcache_top/x_aq_dcache_tag_array_bank0/x_aq_spsram_64x58_bank1/x_aq_f_spsram_64x58/RAM_DIN_VEC[50]/ram_instance/PortAAddr[5:0],200,0.02406159769008662,8.643099999999999,1.1266832424613016,0.145,0.0769339367374892,6
x_aq_lsu_top/x_aq_dcache_top/x_aq_dcache_tag_array_bank0/x_aq_spsram_64x58_bank1/x_aq_f_spsram_64x58/RAM_DIN_VEC[50]/ram_instance/PortADataIn[0:0],0,0.0,0.0,0.0,0.0,,0
x_aq_lsu_top/x_aq_dcache_top/x_aq_dcache_tag_array_bank0/x_aq_spsram_64x58_bank1/x_aq_f_spsram_64x58/RAM_DIN_VEC[50]/ram_instance/PortAWriteEnable,8,0.0009624639076034649,7.896249999999999,1.0293265788068,0.0,0.15845953588601674,1
x_aq_lsu_top/x_aq_dcache_top/x_aq_dcache_tag_array_bank0/x_aq_spsram_64x58_bank1/x_aq_f_spsram_64x58/RAM_DIN_VEC[51]/ram_instance/PortAClk,0,0.0,0.0,0.0,0.0,,0
x_aq_lsu_top/x_aq_dcache_top/x_aq_dcache_tag_array_bank0/x_aq_spsram_64x58_bank1/x_aq_f_spsram_64x58/RAM_DIN_VEC[51]/ram_instance/PortAAddr[5:0],200,0.02406159769008662,8.643099999999999,1.1266832424613016,0.145,0.0769339367374892,6
x_aq_lsu_top/x_aq_dcache_top/x_aq_dcache_tag_array_bank0/x_aq_spsram_64x58_bank1/x_aq_f_spsram_64x58/RAM_DIN_VEC[51]/ram_instance/PortADataIn[0:0],0,0.0,0.0,0.0,0.0,,0
x_aq_lsu_top/x_aq_dcache_top/x_aq_dcache_tag_array_bank0/x_aq_spsram_64x58_bank1/x_aq_f_spsram_64x58/RAM_DIN_VEC[51]/ram_instance/PortAWriteEnable,8,0.0009624639076034649,7.896249999999999,1.0293265788068,0.0,0.15845953588601674,1
x_aq_lsu_top/x_aq_dcache_top/x_aq_dcache_tag_array_bank0/x_aq_spsram_64x58_bank1/x_aq_f_spsram_64x58/RAM_DIN_VEC[52]/ram_instance/PortAClk,0,0.0,0.0,0.0,0.0,,0
x_aq_lsu_top/x_aq_dcache_top/x_aq_dcache_tag_array_bank0/x_aq_spsram_64x58_bank1/x_aq_f_spsram_64x58/RAM_DIN_VEC[52]/ram_instance/PortAAddr[5:0],200,0.02406159769008662,8.643099999999999,1.1266832424613016,0.145,0.0769339367374892,6
x_aq_lsu_top/x_aq_dcache_top/x_aq_dcache_tag_array_bank0/x_aq_spsram_64x58_bank1/x_aq_f_spsram_64x58/RAM_DIN_VEC[52]/ram_instance/PortADataIn[0:0],0,0.0,0.0,0.0,0.0,,0
x_aq_lsu_top/x_aq_dcache_top/x_aq_dcache_tag_array_bank0/x_aq_spsram_64x58_bank1/x_aq_f_spsram_64x58/RAM_DIN_VEC[52]/ram_instance/PortAWriteEnable,8,0.0009624639076034649,7.896249999999999,1.0293265788068,0.0,0.15845953588601674,1
x_aq_lsu_top/x_aq_dcache_top/x_aq_dcache_tag_array_bank0/x_aq_spsram_64x58_bank1/x_aq_f_spsram_64x58/RAM_DIN_VEC[53]/ram_instance/PortAClk,0,0.0,0.0,0.0,0.0,,0
x_aq_lsu_top/x_aq_dcache_top/x_aq_dcache_tag_array_bank0/x_aq_spsram_64x58_bank1/x_aq_f_spsram_64x58/RAM_DIN_VEC[53]/ram_instance/PortAAddr[5:0],200,0.02406159769008662,8.643099999999999,1.1266832424613016,0.145,0.0769339367374892,6
x_aq_lsu_top/x_aq_dcache_top/x_aq_dcache_tag_array_bank0/x_aq_spsram_64x58_bank1/x_aq_f_spsram_64x58/RAM_DIN_VEC[53]/ram_instance/PortADataIn[0:0],0,0.0,0.0,0.0,0.0,,0
x_aq_lsu_top/x_aq_dcache_top/x_aq_dcache_tag_array_bank0/x_aq_spsram_64x58_bank1/x_aq_f_spsram_64x58/RAM_DIN_VEC[53]/ram_instance/PortAWriteEnable,8,0.0009624639076034649,7.896249999999999,1.0293265788068,0.0,0.15845953588601674,1
x_aq_lsu_top/x_aq_dcache_top/x_aq_dcache_tag_array_bank0/x_aq_spsram_64x58_bank1/x_aq_f_spsram_64x58/RAM_DIN_VEC[54]/ram_instance/PortAClk,0,0.0,0.0,0.0,0.0,,0
x_aq_lsu_top/x_aq_dcache_top/x_aq_dcache_tag_array_bank0/x_aq_spsram_64x58_bank1/x_aq_f_spsram_64x58/RAM_DIN_VEC[54]/ram_instance/PortAAddr[5:0],200,0.02406159769008662,8.643099999999999,1.1266832424613016,0.145,0.0769339367374892,6
x_aq_lsu_top/x_aq_dcache_top/x_aq_dcache_tag_array_bank0/x_aq_spsram_64x58_bank1/x_aq_f_spsram_64x58/RAM_DIN_VEC[54]/ram_instance/PortADataIn[0:0],0,0.0,0.0,0.0,0.0,,0
x_aq_lsu_top/x_aq_dcache_top/x_aq_dcache_tag_array_bank0/x_aq_spsram_64x58_bank1/x_aq_f_spsram_64x58/RAM_DIN_VEC[54]/ram_instance/PortAWriteEnable,8,0.0009624639076034649,7.896249999999999,1.0293265788068,0.0,0.15845953588601674,1
x_aq_lsu_top/x_aq_dcache_top/x_aq_dcache_tag_array_bank0/x_aq_spsram_64x58_bank1/x_aq_f_spsram_64x58/RAM_DIN_VEC[55]/ram_instance/PortAClk,0,0.0,0.0,0.0,0.0,,0
x_aq_lsu_top/x_aq_dcache_top/x_aq_dcache_tag_array_bank0/x_aq_spsram_64x58_bank1/x_aq_f_spsram_64x58/RAM_DIN_VEC[55]/ram_instance/PortAAddr[5:0],200,0.02406159769008662,8.643099999999999,1.1266832424613016,0.145,0.0769339367374892,6
x_aq_lsu_top/x_aq_dcache_top/x_aq_dcache_tag_array_bank0/x_aq_spsram_64x58_bank1/x_aq_f_spsram_64x58/RAM_DIN_VEC[55]/ram_instance/PortADataIn[0:0],0,0.0,0.0,0.0,0.0,,0
x_aq_lsu_top/x_aq_dcache_top/x_aq_dcache_tag_array_bank0/x_aq_spsram_64x58_bank1/x_aq_f_spsram_64x58/RAM_DIN_VEC[55]/ram_instance/PortAWriteEnable,8,0.0009624639076034649,7.896249999999999,1.0293265788068,0.0,0.15845953588601674,1
x_aq_lsu_top/x_aq_dcache_top/x_aq_dcache_tag_array_bank0/x_aq_spsram_64x58_bank1/x_aq_f_spsram_64x58/RAM_DIN_VEC[56]/ram_instance/PortAClk,0,0.0,0.0,0.0,0.0,,0
x_aq_lsu_top/x_aq_dcache_top/x_aq_dcache_tag_array_bank0/x_aq_spsram_64x58_bank1/x_aq_f_spsram_64x58/RAM_DIN_VEC[56]/ram_instance/PortAAddr[5:0],200,0.02406159769008662,8.643099999999999,1.1266832424613016,0.145,0.0769339367374892,6
x_aq_lsu_top/x_aq_dcache_top/x_aq_dcache_tag_array_bank0/x_aq_spsram_64x58_bank1/x_aq_f_spsram_64x58/RAM_DIN_VEC[56]/ram_instance/PortADataIn[0:0],0,0.0,0.0,0.0,0.0,,0
x_aq_lsu_top/x_aq_dcache_top/x_aq_dcache_tag_array_bank0/x_aq_spsram_64x58_bank1/x_aq_f_spsram_64x58/RAM_DIN_VEC[56]/ram_instance/PortAWriteEnable,8,0.0009624639076034649,7.896249999999999,1.0293265788068,0.0,0.15845953588601674,1
x_aq_lsu_top/x_aq_dcache_top/x_aq_dcache_tag_array_bank0/x_aq_spsram_64x58_bank1/x_aq_f_spsram_64x58/RAM_DIN_VEC[57]/ram_instance/PortAClk,0,0.0,0.0,0.0,0.0,,0
x_aq_lsu_top/x_aq_dcache_top/x_aq_dcache_tag_array_bank0/x_aq_spsram_64x58_bank1/x_aq_f_spsram_64x58/RAM_DIN_VEC[57]/ram_instance/PortAAddr[5:0],200,0.02406159769008662,8.643099999999999,1.1266832424613016,0.145,0.0769339367374892,6
x_aq_lsu_top/x_aq_dcache_top/x_aq_dcache_tag_array_bank0/x_aq_spsram_64x58_bank1/x_aq_f_spsram_64x58/RAM_DIN_VEC[57]/ram_instance/PortADataIn[0:0],0,0.0,0.0,0.0,0.0,,0
x_aq_lsu_top/x_aq_dcache_top/x_aq_dcache_tag_array_bank0/x_aq_spsram_64x58_bank1/x_aq_f_spsram_64x58/RAM_DIN_VEC[57]/ram_instance/PortAWriteEnable,8,0.0009624639076034649,7.896249999999999,1.0293265788068,0.0,0.15845953588601674,1
x_aq_lsu_top/x_aq_dcache_top/x_aq_dcache_tag_array_bank1/cp0_lsu_icg_en,0,0.0,0.0,0.0,0.0,,0
x_aq_lsu_top/x_aq_dcache_top/x_aq_dcache_tag_array_bank1/forever_cpuclk,0,0.0,0.0,0.0,0.0,,0
x_aq_lsu_top/x_aq_dcache_top/x_aq_dcache_tag_array_bank1/pad_yy_icg_scan_en,0,0.0,0.0,0.0,0.0,,0
x_aq_lsu_top/x_aq_dcache_top/x_aq_dcache_tag_array_bank1/tag_cen,147,0.017685274302213668,8.861972789115647,1.1552147072976875,0.4489795918367347,-0.19661163198924425,1
x_aq_lsu_top/x_aq_dcache_top/x_aq_dcache_tag_array_bank1/tag_clk_en,10,0.001203079884504331,8.289000000000001,1.080524047709934,0.2,0.15983690597917521,1
x_aq_lsu_top/x_aq_dcache_top/x_aq_dcache_tag_array_bank1/tag_din[119:0],0,0.0,0.0,0.0,0.0,,0
x_aq_lsu_top/x_aq_dcache_top/x_aq_dcache_tag_array_bank1/tag_dout[119:0],0,0.0,0.0,0.0,0.0,,0
x_aq_lsu_top/x_aq_dcache_top/x_aq_dcache_tag_array_bank1/tag_gwen,269,0.032362848893166506,8.517211895910782,1.1102729247162164,0.44609665427509293,-0.25828657750350686,1
x_aq_lsu_top/x_aq_dcache_top/x_aq_dcache_tag_array_bank1/tag_idx[11:0],2065,0.24843599615014436,8.000140435835352,1.0428693601130088,0.0648910411622276,-0.12370489068992072,7
x_aq_lsu_top/x_aq_dcache_top/x_aq_dcache_tag_array_bank1/tag_way[3:0],21,0.002526467757459095,5.900952380952382,0.7692268008215997,0.0,-0.07474785469456144,4
x_aq_lsu_top/x_aq_dcache_top/x_aq_dcache_tag_array_bank1/tag_wen[119:0],278,0.03344562078922041,8.480000000000002,1.1054221166099942,0.43884892086330934,,119
x_aq_lsu_top/x_aq_dcache_top/x_aq_dcache_tag_array_bank1/tag_cen_bank0,147,0.017685274302213668,8.861972789115647,1.1552147072976875,0.4489795918367347,-0.19661163198924425,1
x_aq_lsu_top/x_aq_dcache_top/x_aq_dcache_tag_array_bank1/tag_cen_bank1,145,0.0174446583253128,8.878758620689656,1.157402847565093,0.45517241379310347,-0.19731999769177513,1
x_aq_lsu_top/x_aq_dcache_top/x_aq_dcache_tag_array_bank1/tag_clk_bank0,0,0.0,0.0,0.0,0.0,,0
x_aq_lsu_top/x_aq_dcache_top/x_aq_dcache_tag_array_bank1/tag_clk_bank1,0,0.0,0.0,0.0,0.0,,0
x_aq_lsu_top/x_aq_dcache_top/x_aq_dcache_tag_array_bank1/tag_clk_en_bank0,10,0.001203079884504331,8.289000000000001,1.080524047709934,0.2,0.15983690597917521,1
x_aq_lsu_top/x_aq_dcache_top/x_aq_dcache_tag_array_bank1/tag_clk_en_bank1,10,0.001203079884504331,8.289000000000001,1.080524047709934,0.2,0.15983690597917521,1
x_aq_lsu_top/x_aq_dcache_top/x_aq_dcache_tag_array_bank1/tag_din_raw[115:0],0,0.0,0.0,0.0,0.0,,0
x_aq_lsu_top/x_aq_dcache_top/x_aq_dcache_tag_array_bank1/tag_dout_raw[115:0],0,0.0,0.0,0.0,0.0,,0
x_aq_lsu_top/x_aq_dcache_top/x_aq_dcache_tag_array_bank1/tag_wen_raw[115:0],278,0.03344562078922041,8.480000000000002,1.1054221166099942,0.43884892086330934,,115
x_aq_lsu_top/x_aq_dcache_top/x_aq_dcache_tag_array_bank1/x_dcache_tag_gated_clk_bank0/clk_in,0,0.0,0.0,0.0,0.0,,0
x_aq_lsu_top/x_aq_dcache_top/x_aq_dcache_tag_array_bank1/x_dcache_tag_gated_clk_bank0/global_en,0,0.0,0.0,0.0,0.0,,0
x_aq_lsu_top/x_aq_dcache_top/x_aq_dcache_tag_array_bank1/x_dcache_tag_gated_clk_bank0/module_en,0,0.0,0.0,0.0,0.0,,0
x_aq_lsu_top/x_aq_dcache_top/x_aq_dcache_tag_array_bank1/x_dcache_tag_gated_clk_bank0/local_en,10,0.001203079884504331,8.289000000000001,1.080524047709934,0.2,0.15983690597917521,1
x_aq_lsu_top/x_aq_dcache_top/x_aq_dcache_tag_array_bank1/x_dcache_tag_gated_clk_bank0/external_en,0,0.0,0.0,0.0,0.0,,0
x_aq_lsu_top/x_aq_dcache_top/x_aq_dcache_tag_array_bank1/x_dcache_tag_gated_clk_bank0/pad_yy_icg_scan_en,0,0.0,0.0,0.0,0.0,,0
x_aq_lsu_top/x_aq_dcache_top/x_aq_dcache_tag_array_bank1/x_dcache_tag_gated_clk_bank0/clk_out,0,0.0,0.0,0.0,0.0,,0
x_aq_lsu_top/x_aq_dcache_top/x_aq_dcache_tag_array_bank1/x_dcache_tag_gated_clk_bank0/clk_en_bf_latch,10,0.001203079884504331,8.289000000000001,1.080524047709934,0.2,0.15983690597917521,1
x_aq_lsu_top/x_aq_dcache_top/x_aq_dcache_tag_array_bank1/x_dcache_tag_gated_clk_bank0/SE,0,0.0,0.0,0.0,0.0,,0
x_aq_lsu_top/x_aq_dcache_top/x_aq_dcache_tag_array_bank1/x_dcache_tag_gated_clk_bank1/clk_in,0,0.0,0.0,0.0,0.0,,0
x_aq_lsu_top/x_aq_dcache_top/x_aq_dcache_tag_array_bank1/x_dcache_tag_gated_clk_bank1/global_en,0,0.0,0.0,0.0,0.0,,0
x_aq_lsu_top/x_aq_dcache_top/x_aq_dcache_tag_array_bank1/x_dcache_tag_gated_clk_bank1/module_en,0,0.0,0.0,0.0,0.0,,0
x_aq_lsu_top/x_aq_dcache_top/x_aq_dcache_tag_array_bank1/x_dcache_tag_gated_clk_bank1/local_en,10,0.001203079884504331,8.289000000000001,1.080524047709934,0.2,0.15983690597917521,1
x_aq_lsu_top/x_aq_dcache_top/x_aq_dcache_tag_array_bank1/x_dcache_tag_gated_clk_bank1/external_en,0,0.0,0.0,0.0,0.0,,0
x_aq_lsu_top/x_aq_dcache_top/x_aq_dcache_tag_array_bank1/x_dcache_tag_gated_clk_bank1/pad_yy_icg_scan_en,0,0.0,0.0,0.0,0.0,,0
x_aq_lsu_top/x_aq_dcache_top/x_aq_dcache_tag_array_bank1/x_dcache_tag_gated_clk_bank1/clk_out,0,0.0,0.0,0.0,0.0,,0
x_aq_lsu_top/x_aq_dcache_top/x_aq_dcache_tag_array_bank1/x_dcache_tag_gated_clk_bank1/clk_en_bf_latch,10,0.001203079884504331,8.289000000000001,1.080524047709934,0.2,0.15983690597917521,1
x_aq_lsu_top/x_aq_dcache_top/x_aq_dcache_tag_array_bank1/x_dcache_tag_gated_clk_bank1/SE,0,0.0,0.0,0.0,0.0,,0
x_aq_lsu_top/x_aq_dcache_top/x_aq_dcache_tag_array_bank1/x_aq_spsram_64x58_bank0/A[5:0],1061,0.12764677574590952,7.99210179076343,1.0418214714278577,0.06597549481621112,-0.12361761747726402,6
x_aq_lsu_top/x_aq_dcache_top/x_aq_dcache_tag_array_bank1/x_aq_spsram_64x58_bank0/CEN,147,0.017685274302213668,8.861972789115647,1.1552147072976875,0.4489795918367347,-0.19661163198924425,1
x_aq_lsu_top/x_aq_dcache_top/x_aq_dcache_tag_array_bank1/x_aq_spsram_64x58_bank0/CLK,0,0.0,0.0,0.0,0.0,,0
x_aq_lsu_top/x_aq_dcache_top/x_aq_dcache_tag_array_bank1/x_aq_spsram_64x58_bank0/D[57:0],0,0.0,0.0,0.0,0.0,,0
x_aq_lsu_top/x_aq_dcache_top/x_aq_dcache_tag_array_bank1/x_aq_spsram_64x58_bank0/GWEN,269,0.032362848893166506,8.517211895910782,1.1102729247162164,0.44609665427509293,-0.25828657750350686,1
x_aq_lsu_top/x_aq_dcache_top/x_aq_dcache_tag_array_bank1/x_aq_spsram_64x58_bank0/Q[57:0],0,0.0,0.0,0.0,0.0,,0
x_aq_lsu_top/x_aq_dcache_top/x_aq_dcache_tag_array_bank1/x_aq_spsram_64x58_bank0/WEN[57:0],278,0.03344562078922041,8.480000000000002,1.1054221166099942,0.43884892086330934,-0.260618154539236,57
x_aq_lsu_top/x_aq_dcache_top/x_aq_dcache_tag_array_bank1/x_aq_spsram_64x58_bank0/x_aq_f_spsram_64x58/A[5:0],1061,0.12764677574590952,7.99210179076343,1.0418214714278577,0.06597549481621112,-0.12361761747726402,6
x_aq_lsu_top/x_aq_dcache_top/x_aq_dcache_tag_array_bank1/x_aq_spsram_64x58_bank0/x_aq_f_spsram_64x58/CEN,147,0.017685274302213668,8.861972789115647,1.1552147072976875,0.4489795918367347,-0.19661163198924425,1
x_aq_lsu_top/x_aq_dcache_top/x_aq_dcache_tag_array_bank1/x_aq_spsram_64x58_bank0/x_aq_f_spsram_64x58/CLK,0,0.0,0.0,0.0,0.0,,0
x_aq_lsu_top/x_aq_dcache_top/x_aq_dcache_tag_array_bank1/x_aq_spsram_64x58_bank0/x_aq_f_spsram_64x58/D[57:0],0,0.0,0.0,0.0,0.0,,0
x_aq_lsu_top/x_aq_dcache_top/x_aq_dcache_tag_array_bank1/x_aq_spsram_64x58_bank0/x_aq_f_spsram_64x58/GWEN,269,0.032362848893166506,8.517211895910782,1.1102729247162164,0.44609665427509293,-0.25828657750350686,1
x_aq_lsu_top/x_aq_dcache_top/x_aq_dcache_tag_array_bank1/x_aq_spsram_64x58_bank0/x_aq_f_spsram_64x58/Q[57:0],0,0.0,0.0,0.0,0.0,,0
x_aq_lsu_top/x_aq_dcache_top/x_aq_dcache_tag_array_bank1/x_aq_spsram_64x58_bank0/x_aq_f_spsram_64x58/WEN[57:0],278,0.03344562078922041,8.480000000000002,1.1054221166099942,0.43884892086330934,-0.260618154539236,57
x_aq_lsu_top/x_aq_dcache_top/x_aq_dcache_tag_array_bank1/x_aq_spsram_64x58_bank0/x_aq_f_spsram_64x58/addr[5:0],200,0.02406159769008662,8.50495,1.1086745083328027,0.16,0.0017032061166213672,6
x_aq_lsu_top/x_aq_dcache_top/x_aq_dcache_tag_array_bank1/x_aq_spsram_64x58_bank0/x_aq_f_spsram_64x58/ram_wen_vec[57:0],144,0.017324350336862367,8.685416666666667,1.1321994900125454,0.4513888888888889,0.17309284217710696,57
x_aq_lsu_top/x_aq_dcache_top/x_aq_dcache_tag_array_bank1/x_aq_spsram_64x58_bank0/x_aq_f_spsram_64x58/RAM_DIN_VEC[0]/ram_instance/PortAClk,0,0.0,0.0,0.0,0.0,,0
x_aq_lsu_top/x_aq_dcache_top/x_aq_dcache_tag_array_bank1/x_aq_spsram_64x58_bank0/x_aq_f_spsram_64x58/RAM_DIN_VEC[0]/ram_instance/PortAAddr[5:0],200,0.02406159769008662,8.50495,1.1086745083328027,0.16,0.0017032061166213672,6
x_aq_lsu_top/x_aq_dcache_top/x_aq_dcache_tag_array_bank1/x_aq_spsram_64x58_bank0/x_aq_f_spsram_64x58/RAM_DIN_VEC[0]/ram_instance/PortADataIn[0:0],0,0.0,0.0,0.0,0.0,,0
x_aq_lsu_top/x_aq_dcache_top/x_aq_dcache_tag_array_bank1/x_aq_spsram_64x58_bank0/x_aq_f_spsram_64x58/RAM_DIN_VEC[0]/ram_instance/PortAWriteEnable,8,0.0009624639076034649,8.895000000000001,1.1595200150054124,0.125,0.1548224909757984,1
x_aq_lsu_top/x_aq_dcache_top/x_aq_dcache_tag_array_bank1/x_aq_spsram_64x58_bank0/x_aq_f_spsram_64x58/RAM_DIN_VEC[1]/ram_instance/PortAClk,0,0.0,0.0,0.0,0.0,,0
x_aq_lsu_top/x_aq_dcache_top/x_aq_dcache_tag_array_bank1/x_aq_spsram_64x58_bank0/x_aq_f_spsram_64x58/RAM_DIN_VEC[1]/ram_instance/PortAAddr[5:0],200,0.02406159769008662,8.50495,1.1086745083328027,0.16,0.0017032061166213672,6
x_aq_lsu_top/x_aq_dcache_top/x_aq_dcache_tag_array_bank1/x_aq_spsram_64x58_bank0/x_aq_f_spsram_64x58/RAM_DIN_VEC[1]/ram_instance/PortADataIn[0:0],0,0.0,0.0,0.0,0.0,,0
x_aq_lsu_top/x_aq_dcache_top/x_aq_dcache_tag_array_bank1/x_aq_spsram_64x58_bank0/x_aq_f_spsram_64x58/RAM_DIN_VEC[1]/ram_instance/PortAWriteEnable,8,0.0009624639076034649,8.895000000000001,1.1595200150054124,0.125,0.1548224909757984,1
x_aq_lsu_top/x_aq_dcache_top/x_aq_dcache_tag_array_bank1/x_aq_spsram_64x58_bank0/x_aq_f_spsram_64x58/RAM_DIN_VEC[2]/ram_instance/PortAClk,0,0.0,0.0,0.0,0.0,,0
x_aq_lsu_top/x_aq_dcache_top/x_aq_dcache_tag_array_bank1/x_aq_spsram_64x58_bank0/x_aq_f_spsram_64x58/RAM_DIN_VEC[2]/ram_instance/PortAAddr[5:0],200,0.02406159769008662,8.50495,1.1086745083328027,0.16,0.0017032061166213672,6
x_aq_lsu_top/x_aq_dcache_top/x_aq_dcache_tag_array_bank1/x_aq_spsram_64x58_bank0/x_aq_f_spsram_64x58/RAM_DIN_VEC[2]/ram_instance/PortADataIn[0:0],0,0.0,0.0,0.0,0.0,,0
x_aq_lsu_top/x_aq_dcache_top/x_aq_dcache_tag_array_bank1/x_aq_spsram_64x58_bank0/x_aq_f_spsram_64x58/RAM_DIN_VEC[2]/ram_instance/PortAWriteEnable,8,0.0009624639076034649,8.895000000000001,1.1595200150054124,0.125,0.1548224909757984,1
x_aq_lsu_top/x_aq_dcache_top/x_aq_dcache_tag_array_bank1/x_aq_spsram_64x58_bank0/x_aq_f_spsram_64x58/RAM_DIN_VEC[3]/ram_instance/PortAClk,0,0.0,0.0,0.0,0.0,,0
x_aq_lsu_top/x_aq_dcache_top/x_aq_dcache_tag_array_bank1/x_aq_spsram_64x58_bank0/x_aq_f_spsram_64x58/RAM_DIN_VEC[3]/ram_instance/PortAAddr[5:0],200,0.02406159769008662,8.50495,1.1086745083328027,0.16,0.0017032061166213672,6
x_aq_lsu_top/x_aq_dcache_top/x_aq_dcache_tag_array_bank1/x_aq_spsram_64x58_bank0/x_aq_f_spsram_64x58/RAM_DIN_VEC[3]/ram_instance/PortADataIn[0:0],0,0.0,0.0,0.0,0.0,,0
x_aq_lsu_top/x_aq_dcache_top/x_aq_dcache_tag_array_bank1/x_aq_spsram_64x58_bank0/x_aq_f_spsram_64x58/RAM_DIN_VEC[3]/ram_instance/PortAWriteEnable,8,0.0009624639076034649,8.895000000000001,1.1595200150054124,0.125,0.1548224909757984,1
x_aq_lsu_top/x_aq_dcache_top/x_aq_dcache_tag_array_bank1/x_aq_spsram_64x58_bank0/x_aq_f_spsram_64x58/RAM_DIN_VEC[4]/ram_instance/PortAClk,0,0.0,0.0,0.0,0.0,,0
x_aq_lsu_top/x_aq_dcache_top/x_aq_dcache_tag_array_bank1/x_aq_spsram_64x58_bank0/x_aq_f_spsram_64x58/RAM_DIN_VEC[4]/ram_instance/PortAAddr[5:0],200,0.02406159769008662,8.50495,1.1086745083328027,0.16,0.0017032061166213672,6
x_aq_lsu_top/x_aq_dcache_top/x_aq_dcache_tag_array_bank1/x_aq_spsram_64x58_bank0/x_aq_f_spsram_64x58/RAM_DIN_VEC[4]/ram_instance/PortADataIn[0:0],0,0.0,0.0,0.0,0.0,,0
x_aq_lsu_top/x_aq_dcache_top/x_aq_dcache_tag_array_bank1/x_aq_spsram_64x58_bank0/x_aq_f_spsram_64x58/RAM_DIN_VEC[4]/ram_instance/PortAWriteEnable,8,0.0009624639076034649,8.895000000000001,1.1595200150054124,0.125,0.1548224909757984,1
x_aq_lsu_top/x_aq_dcache_top/x_aq_dcache_tag_array_bank1/x_aq_spsram_64x58_bank0/x_aq_f_spsram_64x58/RAM_DIN_VEC[5]/ram_instance/PortAClk,0,0.0,0.0,0.0,0.0,,0
x_aq_lsu_top/x_aq_dcache_top/x_aq_dcache_tag_array_bank1/x_aq_spsram_64x58_bank0/x_aq_f_spsram_64x58/RAM_DIN_VEC[5]/ram_instance/PortAAddr[5:0],200,0.02406159769008662,8.50495,1.1086745083328027,0.16,0.0017032061166213672,6
x_aq_lsu_top/x_aq_dcache_top/x_aq_dcache_tag_array_bank1/x_aq_spsram_64x58_bank0/x_aq_f_spsram_64x58/RAM_DIN_VEC[5]/ram_instance/PortADataIn[0:0],0,0.0,0.0,0.0,0.0,,0
x_aq_lsu_top/x_aq_dcache_top/x_aq_dcache_tag_array_bank1/x_aq_spsram_64x58_bank0/x_aq_f_spsram_64x58/RAM_DIN_VEC[5]/ram_instance/PortAWriteEnable,8,0.0009624639076034649,8.895000000000001,1.1595200150054124,0.125,0.1548224909757984,1
x_aq_lsu_top/x_aq_dcache_top/x_aq_dcache_tag_array_bank1/x_aq_spsram_64x58_bank0/x_aq_f_spsram_64x58/RAM_DIN_VEC[6]/ram_instance/PortAClk,0,0.0,0.0,0.0,0.0,,0
x_aq_lsu_top/x_aq_dcache_top/x_aq_dcache_tag_array_bank1/x_aq_spsram_64x58_bank0/x_aq_f_spsram_64x58/RAM_DIN_VEC[6]/ram_instance/PortAAddr[5:0],200,0.02406159769008662,8.50495,1.1086745083328027,0.16,0.0017032061166213672,6
x_aq_lsu_top/x_aq_dcache_top/x_aq_dcache_tag_array_bank1/x_aq_spsram_64x58_bank0/x_aq_f_spsram_64x58/RAM_DIN_VEC[6]/ram_instance/PortADataIn[0:0],0,0.0,0.0,0.0,0.0,,0
x_aq_lsu_top/x_aq_dcache_top/x_aq_dcache_tag_array_bank1/x_aq_spsram_64x58_bank0/x_aq_f_spsram_64x58/RAM_DIN_VEC[6]/ram_instance/PortAWriteEnable,8,0.0009624639076034649,8.895000000000001,1.1595200150054124,0.125,0.1548224909757984,1
x_aq_lsu_top/x_aq_dcache_top/x_aq_dcache_tag_array_bank1/x_aq_spsram_64x58_bank0/x_aq_f_spsram_64x58/RAM_DIN_VEC[7]/ram_instance/PortAClk,0,0.0,0.0,0.0,0.0,,0
x_aq_lsu_top/x_aq_dcache_top/x_aq_dcache_tag_array_bank1/x_aq_spsram_64x58_bank0/x_aq_f_spsram_64x58/RAM_DIN_VEC[7]/ram_instance/PortAAddr[5:0],200,0.02406159769008662,8.50495,1.1086745083328027,0.16,0.0017032061166213672,6
x_aq_lsu_top/x_aq_dcache_top/x_aq_dcache_tag_array_bank1/x_aq_spsram_64x58_bank0/x_aq_f_spsram_64x58/RAM_DIN_VEC[7]/ram_instance/PortADataIn[0:0],0,0.0,0.0,0.0,0.0,,0
x_aq_lsu_top/x_aq_dcache_top/x_aq_dcache_tag_array_bank1/x_aq_spsram_64x58_bank0/x_aq_f_spsram_64x58/RAM_DIN_VEC[7]/ram_instance/PortAWriteEnable,8,0.0009624639076034649,8.895000000000001,1.1595200150054124,0.125,0.1548224909757984,1
x_aq_lsu_top/x_aq_dcache_top/x_aq_dcache_tag_array_bank1/x_aq_spsram_64x58_bank0/x_aq_f_spsram_64x58/RAM_DIN_VEC[8]/ram_instance/PortAClk,0,0.0,0.0,0.0,0.0,,0
x_aq_lsu_top/x_aq_dcache_top/x_aq_dcache_tag_array_bank1/x_aq_spsram_64x58_bank0/x_aq_f_spsram_64x58/RAM_DIN_VEC[8]/ram_instance/PortAAddr[5:0],200,0.02406159769008662,8.50495,1.1086745083328027,0.16,0.0017032061166213672,6
x_aq_lsu_top/x_aq_dcache_top/x_aq_dcache_tag_array_bank1/x_aq_spsram_64x58_bank0/x_aq_f_spsram_64x58/RAM_DIN_VEC[8]/ram_instance/PortADataIn[0:0],0,0.0,0.0,0.0,0.0,,0
x_aq_lsu_top/x_aq_dcache_top/x_aq_dcache_tag_array_bank1/x_aq_spsram_64x58_bank0/x_aq_f_spsram_64x58/RAM_DIN_VEC[8]/ram_instance/PortAWriteEnable,8,0.0009624639076034649,8.895000000000001,1.1595200150054124,0.125,0.1548224909757984,1
x_aq_lsu_top/x_aq_dcache_top/x_aq_dcache_tag_array_bank1/x_aq_spsram_64x58_bank0/x_aq_f_spsram_64x58/RAM_DIN_VEC[9]/ram_instance/PortAClk,0,0.0,0.0,0.0,0.0,,0
x_aq_lsu_top/x_aq_dcache_top/x_aq_dcache_tag_array_bank1/x_aq_spsram_64x58_bank0/x_aq_f_spsram_64x58/RAM_DIN_VEC[9]/ram_instance/PortAAddr[5:0],200,0.02406159769008662,8.50495,1.1086745083328027,0.16,0.0017032061166213672,6
x_aq_lsu_top/x_aq_dcache_top/x_aq_dcache_tag_array_bank1/x_aq_spsram_64x58_bank0/x_aq_f_spsram_64x58/RAM_DIN_VEC[9]/ram_instance/PortADataIn[0:0],0,0.0,0.0,0.0,0.0,,0
x_aq_lsu_top/x_aq_dcache_top/x_aq_dcache_tag_array_bank1/x_aq_spsram_64x58_bank0/x_aq_f_spsram_64x58/RAM_DIN_VEC[9]/ram_instance/PortAWriteEnable,8,0.0009624639076034649,8.895000000000001,1.1595200150054124,0.125,0.1548224909757984,1
x_aq_lsu_top/x_aq_dcache_top/x_aq_dcache_tag_array_bank1/x_aq_spsram_64x58_bank0/x_aq_f_spsram_64x58/RAM_DIN_VEC[10]/ram_instance/PortAClk,0,0.0,0.0,0.0,0.0,,0
x_aq_lsu_top/x_aq_dcache_top/x_aq_dcache_tag_array_bank1/x_aq_spsram_64x58_bank0/x_aq_f_spsram_64x58/RAM_DIN_VEC[10]/ram_instance/PortAAddr[5:0],200,0.02406159769008662,8.50495,1.1086745083328027,0.16,0.0017032061166213672,6
x_aq_lsu_top/x_aq_dcache_top/x_aq_dcache_tag_array_bank1/x_aq_spsram_64x58_bank0/x_aq_f_spsram_64x58/RAM_DIN_VEC[10]/ram_instance/PortADataIn[0:0],0,0.0,0.0,0.0,0.0,,0
x_aq_lsu_top/x_aq_dcache_top/x_aq_dcache_tag_array_bank1/x_aq_spsram_64x58_bank0/x_aq_f_spsram_64x58/RAM_DIN_VEC[10]/ram_instance/PortAWriteEnable,8,0.0009624639076034649,8.895000000000001,1.1595200150054124,0.125,0.1548224909757984,1
x_aq_lsu_top/x_aq_dcache_top/x_aq_dcache_tag_array_bank1/x_aq_spsram_64x58_bank0/x_aq_f_spsram_64x58/RAM_DIN_VEC[11]/ram_instance/PortAClk,0,0.0,0.0,0.0,0.0,,0
x_aq_lsu_top/x_aq_dcache_top/x_aq_dcache_tag_array_bank1/x_aq_spsram_64x58_bank0/x_aq_f_spsram_64x58/RAM_DIN_VEC[11]/ram_instance/PortAAddr[5:0],200,0.02406159769008662,8.50495,1.1086745083328027,0.16,0.0017032061166213672,6
x_aq_lsu_top/x_aq_dcache_top/x_aq_dcache_tag_array_bank1/x_aq_spsram_64x58_bank0/x_aq_f_spsram_64x58/RAM_DIN_VEC[11]/ram_instance/PortADataIn[0:0],0,0.0,0.0,0.0,0.0,,0
x_aq_lsu_top/x_aq_dcache_top/x_aq_dcache_tag_array_bank1/x_aq_spsram_64x58_bank0/x_aq_f_spsram_64x58/RAM_DIN_VEC[11]/ram_instance/PortAWriteEnable,8,0.0009624639076034649,8.895000000000001,1.1595200150054124,0.125,0.1548224909757984,1
x_aq_lsu_top/x_aq_dcache_top/x_aq_dcache_tag_array_bank1/x_aq_spsram_64x58_bank0/x_aq_f_spsram_64x58/RAM_DIN_VEC[12]/ram_instance/PortAClk,0,0.0,0.0,0.0,0.0,,0
x_aq_lsu_top/x_aq_dcache_top/x_aq_dcache_tag_array_bank1/x_aq_spsram_64x58_bank0/x_aq_f_spsram_64x58/RAM_DIN_VEC[12]/ram_instance/PortAAddr[5:0],200,0.02406159769008662,8.50495,1.1086745083328027,0.16,0.0017032061166213672,6
x_aq_lsu_top/x_aq_dcache_top/x_aq_dcache_tag_array_bank1/x_aq_spsram_64x58_bank0/x_aq_f_spsram_64x58/RAM_DIN_VEC[12]/ram_instance/PortADataIn[0:0],0,0.0,0.0,0.0,0.0,,0
x_aq_lsu_top/x_aq_dcache_top/x_aq_dcache_tag_array_bank1/x_aq_spsram_64x58_bank0/x_aq_f_spsram_64x58/RAM_DIN_VEC[12]/ram_instance/PortAWriteEnable,8,0.0009624639076034649,8.895000000000001,1.1595200150054124,0.125,0.1548224909757984,1
x_aq_lsu_top/x_aq_dcache_top/x_aq_dcache_tag_array_bank1/x_aq_spsram_64x58_bank0/x_aq_f_spsram_64x58/RAM_DIN_VEC[13]/ram_instance/PortAClk,0,0.0,0.0,0.0,0.0,,0
x_aq_lsu_top/x_aq_dcache_top/x_aq_dcache_tag_array_bank1/x_aq_spsram_64x58_bank0/x_aq_f_spsram_64x58/RAM_DIN_VEC[13]/ram_instance/PortAAddr[5:0],200,0.02406159769008662,8.50495,1.1086745083328027,0.16,0.0017032061166213672,6
x_aq_lsu_top/x_aq_dcache_top/x_aq_dcache_tag_array_bank1/x_aq_spsram_64x58_bank0/x_aq_f_spsram_64x58/RAM_DIN_VEC[13]/ram_instance/PortADataIn[0:0],0,0.0,0.0,0.0,0.0,,0
x_aq_lsu_top/x_aq_dcache_top/x_aq_dcache_tag_array_bank1/x_aq_spsram_64x58_bank0/x_aq_f_spsram_64x58/RAM_DIN_VEC[13]/ram_instance/PortAWriteEnable,8,0.0009624639076034649,8.895000000000001,1.1595200150054124,0.125,0.1548224909757984,1
x_aq_lsu_top/x_aq_dcache_top/x_aq_dcache_tag_array_bank1/x_aq_spsram_64x58_bank0/x_aq_f_spsram_64x58/RAM_DIN_VEC[14]/ram_instance/PortAClk,0,0.0,0.0,0.0,0.0,,0
x_aq_lsu_top/x_aq_dcache_top/x_aq_dcache_tag_array_bank1/x_aq_spsram_64x58_bank0/x_aq_f_spsram_64x58/RAM_DIN_VEC[14]/ram_instance/PortAAddr[5:0],200,0.02406159769008662,8.50495,1.1086745083328027,0.16,0.0017032061166213672,6
x_aq_lsu_top/x_aq_dcache_top/x_aq_dcache_tag_array_bank1/x_aq_spsram_64x58_bank0/x_aq_f_spsram_64x58/RAM_DIN_VEC[14]/ram_instance/PortADataIn[0:0],0,0.0,0.0,0.0,0.0,,0
x_aq_lsu_top/x_aq_dcache_top/x_aq_dcache_tag_array_bank1/x_aq_spsram_64x58_bank0/x_aq_f_spsram_64x58/RAM_DIN_VEC[14]/ram_instance/PortAWriteEnable,8,0.0009624639076034649,8.895000000000001,1.1595200150054124,0.125,0.1548224909757984,1
x_aq_lsu_top/x_aq_dcache_top/x_aq_dcache_tag_array_bank1/x_aq_spsram_64x58_bank0/x_aq_f_spsram_64x58/RAM_DIN_VEC[15]/ram_instance/PortAClk,0,0.0,0.0,0.0,0.0,,0
x_aq_lsu_top/x_aq_dcache_top/x_aq_dcache_tag_array_bank1/x_aq_spsram_64x58_bank0/x_aq_f_spsram_64x58/RAM_DIN_VEC[15]/ram_instance/PortAAddr[5:0],200,0.02406159769008662,8.50495,1.1086745083328027,0.16,0.0017032061166213672,6
x_aq_lsu_top/x_aq_dcache_top/x_aq_dcache_tag_array_bank1/x_aq_spsram_64x58_bank0/x_aq_f_spsram_64x58/RAM_DIN_VEC[15]/ram_instance/PortADataIn[0:0],0,0.0,0.0,0.0,0.0,,0
x_aq_lsu_top/x_aq_dcache_top/x_aq_dcache_tag_array_bank1/x_aq_spsram_64x58_bank0/x_aq_f_spsram_64x58/RAM_DIN_VEC[15]/ram_instance/PortAWriteEnable,8,0.0009624639076034649,8.895000000000001,1.1595200150054124,0.125,0.1548224909757984,1
x_aq_lsu_top/x_aq_dcache_top/x_aq_dcache_tag_array_bank1/x_aq_spsram_64x58_bank0/x_aq_f_spsram_64x58/RAM_DIN_VEC[16]/ram_instance/PortAClk,0,0.0,0.0,0.0,0.0,,0
x_aq_lsu_top/x_aq_dcache_top/x_aq_dcache_tag_array_bank1/x_aq_spsram_64x58_bank0/x_aq_f_spsram_64x58/RAM_DIN_VEC[16]/ram_instance/PortAAddr[5:0],200,0.02406159769008662,8.50495,1.1086745083328027,0.16,0.0017032061166213672,6
x_aq_lsu_top/x_aq_dcache_top/x_aq_dcache_tag_array_bank1/x_aq_spsram_64x58_bank0/x_aq_f_spsram_64x58/RAM_DIN_VEC[16]/ram_instance/PortADataIn[0:0],0,0.0,0.0,0.0,0.0,,0
x_aq_lsu_top/x_aq_dcache_top/x_aq_dcache_tag_array_bank1/x_aq_spsram_64x58_bank0/x_aq_f_spsram_64x58/RAM_DIN_VEC[16]/ram_instance/PortAWriteEnable,8,0.0009624639076034649,8.895000000000001,1.1595200150054124,0.125,0.1548224909757984,1
x_aq_lsu_top/x_aq_dcache_top/x_aq_dcache_tag_array_bank1/x_aq_spsram_64x58_bank0/x_aq_f_spsram_64x58/RAM_DIN_VEC[17]/ram_instance/PortAClk,0,0.0,0.0,0.0,0.0,,0
x_aq_lsu_top/x_aq_dcache_top/x_aq_dcache_tag_array_bank1/x_aq_spsram_64x58_bank0/x_aq_f_spsram_64x58/RAM_DIN_VEC[17]/ram_instance/PortAAddr[5:0],200,0.02406159769008662,8.50495,1.1086745083328027,0.16,0.0017032061166213672,6
x_aq_lsu_top/x_aq_dcache_top/x_aq_dcache_tag_array_bank1/x_aq_spsram_64x58_bank0/x_aq_f_spsram_64x58/RAM_DIN_VEC[17]/ram_instance/PortADataIn[0:0],0,0.0,0.0,0.0,0.0,,0
x_aq_lsu_top/x_aq_dcache_top/x_aq_dcache_tag_array_bank1/x_aq_spsram_64x58_bank0/x_aq_f_spsram_64x58/RAM_DIN_VEC[17]/ram_instance/PortAWriteEnable,8,0.0009624639076034649,8.895000000000001,1.1595200150054124,0.125,0.1548224909757984,1
x_aq_lsu_top/x_aq_dcache_top/x_aq_dcache_tag_array_bank1/x_aq_spsram_64x58_bank0/x_aq_f_spsram_64x58/RAM_DIN_VEC[18]/ram_instance/PortAClk,0,0.0,0.0,0.0,0.0,,0
x_aq_lsu_top/x_aq_dcache_top/x_aq_dcache_tag_array_bank1/x_aq_spsram_64x58_bank0/x_aq_f_spsram_64x58/RAM_DIN_VEC[18]/ram_instance/PortAAddr[5:0],200,0.02406159769008662,8.50495,1.1086745083328027,0.16,0.0017032061166213672,6
x_aq_lsu_top/x_aq_dcache_top/x_aq_dcache_tag_array_bank1/x_aq_spsram_64x58_bank0/x_aq_f_spsram_64x58/RAM_DIN_VEC[18]/ram_instance/PortADataIn[0:0],0,0.0,0.0,0.0,0.0,,0
x_aq_lsu_top/x_aq_dcache_top/x_aq_dcache_tag_array_bank1/x_aq_spsram_64x58_bank0/x_aq_f_spsram_64x58/RAM_DIN_VEC[18]/ram_instance/PortAWriteEnable,8,0.0009624639076034649,8.895000000000001,1.1595200150054124,0.125,0.1548224909757984,1
x_aq_lsu_top/x_aq_dcache_top/x_aq_dcache_tag_array_bank1/x_aq_spsram_64x58_bank0/x_aq_f_spsram_64x58/RAM_DIN_VEC[19]/ram_instance/PortAClk,0,0.0,0.0,0.0,0.0,,0
x_aq_lsu_top/x_aq_dcache_top/x_aq_dcache_tag_array_bank1/x_aq_spsram_64x58_bank0/x_aq_f_spsram_64x58/RAM_DIN_VEC[19]/ram_instance/PortAAddr[5:0],200,0.02406159769008662,8.50495,1.1086745083328027,0.16,0.0017032061166213672,6
x_aq_lsu_top/x_aq_dcache_top/x_aq_dcache_tag_array_bank1/x_aq_spsram_64x58_bank0/x_aq_f_spsram_64x58/RAM_DIN_VEC[19]/ram_instance/PortADataIn[0:0],0,0.0,0.0,0.0,0.0,,0
x_aq_lsu_top/x_aq_dcache_top/x_aq_dcache_tag_array_bank1/x_aq_spsram_64x58_bank0/x_aq_f_spsram_64x58/RAM_DIN_VEC[19]/ram_instance/PortAWriteEnable,8,0.0009624639076034649,8.895000000000001,1.1595200150054124,0.125,0.1548224909757984,1
x_aq_lsu_top/x_aq_dcache_top/x_aq_dcache_tag_array_bank1/x_aq_spsram_64x58_bank0/x_aq_f_spsram_64x58/RAM_DIN_VEC[20]/ram_instance/PortAClk,0,0.0,0.0,0.0,0.0,,0
x_aq_lsu_top/x_aq_dcache_top/x_aq_dcache_tag_array_bank1/x_aq_spsram_64x58_bank0/x_aq_f_spsram_64x58/RAM_DIN_VEC[20]/ram_instance/PortAAddr[5:0],200,0.02406159769008662,8.50495,1.1086745083328027,0.16,0.0017032061166213672,6
x_aq_lsu_top/x_aq_dcache_top/x_aq_dcache_tag_array_bank1/x_aq_spsram_64x58_bank0/x_aq_f_spsram_64x58/RAM_DIN_VEC[20]/ram_instance/PortADataIn[0:0],0,0.0,0.0,0.0,0.0,,0
x_aq_lsu_top/x_aq_dcache_top/x_aq_dcache_tag_array_bank1/x_aq_spsram_64x58_bank0/x_aq_f_spsram_64x58/RAM_DIN_VEC[20]/ram_instance/PortAWriteEnable,8,0.0009624639076034649,8.895000000000001,1.1595200150054124,0.125,0.1548224909757984,1
x_aq_lsu_top/x_aq_dcache_top/x_aq_dcache_tag_array_bank1/x_aq_spsram_64x58_bank0/x_aq_f_spsram_64x58/RAM_DIN_VEC[21]/ram_instance/PortAClk,0,0.0,0.0,0.0,0.0,,0
x_aq_lsu_top/x_aq_dcache_top/x_aq_dcache_tag_array_bank1/x_aq_spsram_64x58_bank0/x_aq_f_spsram_64x58/RAM_DIN_VEC[21]/ram_instance/PortAAddr[5:0],200,0.02406159769008662,8.50495,1.1086745083328027,0.16,0.0017032061166213672,6
x_aq_lsu_top/x_aq_dcache_top/x_aq_dcache_tag_array_bank1/x_aq_spsram_64x58_bank0/x_aq_f_spsram_64x58/RAM_DIN_VEC[21]/ram_instance/PortADataIn[0:0],0,0.0,0.0,0.0,0.0,,0
x_aq_lsu_top/x_aq_dcache_top/x_aq_dcache_tag_array_bank1/x_aq_spsram_64x58_bank0/x_aq_f_spsram_64x58/RAM_DIN_VEC[21]/ram_instance/PortAWriteEnable,8,0.0009624639076034649,8.895000000000001,1.1595200150054124,0.125,0.1548224909757984,1
x_aq_lsu_top/x_aq_dcache_top/x_aq_dcache_tag_array_bank1/x_aq_spsram_64x58_bank0/x_aq_f_spsram_64x58/RAM_DIN_VEC[22]/ram_instance/PortAClk,0,0.0,0.0,0.0,0.0,,0
x_aq_lsu_top/x_aq_dcache_top/x_aq_dcache_tag_array_bank1/x_aq_spsram_64x58_bank0/x_aq_f_spsram_64x58/RAM_DIN_VEC[22]/ram_instance/PortAAddr[5:0],200,0.02406159769008662,8.50495,1.1086745083328027,0.16,0.0017032061166213672,6
x_aq_lsu_top/x_aq_dcache_top/x_aq_dcache_tag_array_bank1/x_aq_spsram_64x58_bank0/x_aq_f_spsram_64x58/RAM_DIN_VEC[22]/ram_instance/PortADataIn[0:0],0,0.0,0.0,0.0,0.0,,0
x_aq_lsu_top/x_aq_dcache_top/x_aq_dcache_tag_array_bank1/x_aq_spsram_64x58_bank0/x_aq_f_spsram_64x58/RAM_DIN_VEC[22]/ram_instance/PortAWriteEnable,8,0.0009624639076034649,8.895000000000001,1.1595200150054124,0.125,0.1548224909757984,1
x_aq_lsu_top/x_aq_dcache_top/x_aq_dcache_tag_array_bank1/x_aq_spsram_64x58_bank0/x_aq_f_spsram_64x58/RAM_DIN_VEC[23]/ram_instance/PortAClk,0,0.0,0.0,0.0,0.0,,0
x_aq_lsu_top/x_aq_dcache_top/x_aq_dcache_tag_array_bank1/x_aq_spsram_64x58_bank0/x_aq_f_spsram_64x58/RAM_DIN_VEC[23]/ram_instance/PortAAddr[5:0],200,0.02406159769008662,8.50495,1.1086745083328027,0.16,0.0017032061166213672,6
x_aq_lsu_top/x_aq_dcache_top/x_aq_dcache_tag_array_bank1/x_aq_spsram_64x58_bank0/x_aq_f_spsram_64x58/RAM_DIN_VEC[23]/ram_instance/PortADataIn[0:0],0,0.0,0.0,0.0,0.0,,0
x_aq_lsu_top/x_aq_dcache_top/x_aq_dcache_tag_array_bank1/x_aq_spsram_64x58_bank0/x_aq_f_spsram_64x58/RAM_DIN_VEC[23]/ram_instance/PortAWriteEnable,8,0.0009624639076034649,8.895000000000001,1.1595200150054124,0.125,0.1548224909757984,1
x_aq_lsu_top/x_aq_dcache_top/x_aq_dcache_tag_array_bank1/x_aq_spsram_64x58_bank0/x_aq_f_spsram_64x58/RAM_DIN_VEC[24]/ram_instance/PortAClk,0,0.0,0.0,0.0,0.0,,0
x_aq_lsu_top/x_aq_dcache_top/x_aq_dcache_tag_array_bank1/x_aq_spsram_64x58_bank0/x_aq_f_spsram_64x58/RAM_DIN_VEC[24]/ram_instance/PortAAddr[5:0],200,0.02406159769008662,8.50495,1.1086745083328027,0.16,0.0017032061166213672,6
x_aq_lsu_top/x_aq_dcache_top/x_aq_dcache_tag_array_bank1/x_aq_spsram_64x58_bank0/x_aq_f_spsram_64x58/RAM_DIN_VEC[24]/ram_instance/PortADataIn[0:0],0,0.0,0.0,0.0,0.0,,0
x_aq_lsu_top/x_aq_dcache_top/x_aq_dcache_tag_array_bank1/x_aq_spsram_64x58_bank0/x_aq_f_spsram_64x58/RAM_DIN_VEC[24]/ram_instance/PortAWriteEnable,8,0.0009624639076034649,8.895000000000001,1.1595200150054124,0.125,0.1548224909757984,1
x_aq_lsu_top/x_aq_dcache_top/x_aq_dcache_tag_array_bank1/x_aq_spsram_64x58_bank0/x_aq_f_spsram_64x58/RAM_DIN_VEC[25]/ram_instance/PortAClk,0,0.0,0.0,0.0,0.0,,0
x_aq_lsu_top/x_aq_dcache_top/x_aq_dcache_tag_array_bank1/x_aq_spsram_64x58_bank0/x_aq_f_spsram_64x58/RAM_DIN_VEC[25]/ram_instance/PortAAddr[5:0],200,0.02406159769008662,8.50495,1.1086745083328027,0.16,0.0017032061166213672,6
x_aq_lsu_top/x_aq_dcache_top/x_aq_dcache_tag_array_bank1/x_aq_spsram_64x58_bank0/x_aq_f_spsram_64x58/RAM_DIN_VEC[25]/ram_instance/PortADataIn[0:0],0,0.0,0.0,0.0,0.0,,0
x_aq_lsu_top/x_aq_dcache_top/x_aq_dcache_tag_array_bank1/x_aq_spsram_64x58_bank0/x_aq_f_spsram_64x58/RAM_DIN_VEC[25]/ram_instance/PortAWriteEnable,8,0.0009624639076034649,8.895000000000001,1.1595200150054124,0.125,0.1548224909757984,1
x_aq_lsu_top/x_aq_dcache_top/x_aq_dcache_tag_array_bank1/x_aq_spsram_64x58_bank0/x_aq_f_spsram_64x58/RAM_DIN_VEC[26]/ram_instance/PortAClk,0,0.0,0.0,0.0,0.0,,0
x_aq_lsu_top/x_aq_dcache_top/x_aq_dcache_tag_array_bank1/x_aq_spsram_64x58_bank0/x_aq_f_spsram_64x58/RAM_DIN_VEC[26]/ram_instance/PortAAddr[5:0],200,0.02406159769008662,8.50495,1.1086745083328027,0.16,0.0017032061166213672,6
x_aq_lsu_top/x_aq_dcache_top/x_aq_dcache_tag_array_bank1/x_aq_spsram_64x58_bank0/x_aq_f_spsram_64x58/RAM_DIN_VEC[26]/ram_instance/PortADataIn[0:0],0,0.0,0.0,0.0,0.0,,0
x_aq_lsu_top/x_aq_dcache_top/x_aq_dcache_tag_array_bank1/x_aq_spsram_64x58_bank0/x_aq_f_spsram_64x58/RAM_DIN_VEC[26]/ram_instance/PortAWriteEnable,8,0.0009624639076034649,8.895000000000001,1.1595200150054124,0.125,0.1548224909757984,1
x_aq_lsu_top/x_aq_dcache_top/x_aq_dcache_tag_array_bank1/x_aq_spsram_64x58_bank0/x_aq_f_spsram_64x58/RAM_DIN_VEC[27]/ram_instance/PortAClk,0,0.0,0.0,0.0,0.0,,0
x_aq_lsu_top/x_aq_dcache_top/x_aq_dcache_tag_array_bank1/x_aq_spsram_64x58_bank0/x_aq_f_spsram_64x58/RAM_DIN_VEC[27]/ram_instance/PortAAddr[5:0],200,0.02406159769008662,8.50495,1.1086745083328027,0.16,0.0017032061166213672,6
x_aq_lsu_top/x_aq_dcache_top/x_aq_dcache_tag_array_bank1/x_aq_spsram_64x58_bank0/x_aq_f_spsram_64x58/RAM_DIN_VEC[27]/ram_instance/PortADataIn[0:0],0,0.0,0.0,0.0,0.0,,0
x_aq_lsu_top/x_aq_dcache_top/x_aq_dcache_tag_array_bank1/x_aq_spsram_64x58_bank0/x_aq_f_spsram_64x58/RAM_DIN_VEC[27]/ram_instance/PortAWriteEnable,8,0.0009624639076034649,8.895000000000001,1.1595200150054124,0.125,0.1548224909757984,1
x_aq_lsu_top/x_aq_dcache_top/x_aq_dcache_tag_array_bank1/x_aq_spsram_64x58_bank0/x_aq_f_spsram_64x58/RAM_DIN_VEC[28]/ram_instance/PortAClk,0,0.0,0.0,0.0,0.0,,0
x_aq_lsu_top/x_aq_dcache_top/x_aq_dcache_tag_array_bank1/x_aq_spsram_64x58_bank0/x_aq_f_spsram_64x58/RAM_DIN_VEC[28]/ram_instance/PortAAddr[5:0],200,0.02406159769008662,8.50495,1.1086745083328027,0.16,0.0017032061166213672,6
x_aq_lsu_top/x_aq_dcache_top/x_aq_dcache_tag_array_bank1/x_aq_spsram_64x58_bank0/x_aq_f_spsram_64x58/RAM_DIN_VEC[28]/ram_instance/PortADataIn[0:0],0,0.0,0.0,0.0,0.0,,0
x_aq_lsu_top/x_aq_dcache_top/x_aq_dcache_tag_array_bank1/x_aq_spsram_64x58_bank0/x_aq_f_spsram_64x58/RAM_DIN_VEC[28]/ram_instance/PortAWriteEnable,8,0.0009624639076034649,8.895000000000001,1.1595200150054124,0.125,0.1548224909757984,1
x_aq_lsu_top/x_aq_dcache_top/x_aq_dcache_tag_array_bank1/x_aq_spsram_64x58_bank0/x_aq_f_spsram_64x58/RAM_DIN_VEC[29]/ram_instance/PortAClk,0,0.0,0.0,0.0,0.0,,0
x_aq_lsu_top/x_aq_dcache_top/x_aq_dcache_tag_array_bank1/x_aq_spsram_64x58_bank0/x_aq_f_spsram_64x58/RAM_DIN_VEC[29]/ram_instance/PortAAddr[5:0],200,0.02406159769008662,8.50495,1.1086745083328027,0.16,0.0017032061166213672,6
x_aq_lsu_top/x_aq_dcache_top/x_aq_dcache_tag_array_bank1/x_aq_spsram_64x58_bank0/x_aq_f_spsram_64x58/RAM_DIN_VEC[29]/ram_instance/PortADataIn[0:0],0,0.0,0.0,0.0,0.0,,0
x_aq_lsu_top/x_aq_dcache_top/x_aq_dcache_tag_array_bank1/x_aq_spsram_64x58_bank0/x_aq_f_spsram_64x58/RAM_DIN_VEC[29]/ram_instance/PortAWriteEnable,8,0.0009624639076034649,8.895000000000001,1.1595200150054124,0.125,0.1548224909757984,1
x_aq_lsu_top/x_aq_dcache_top/x_aq_dcache_tag_array_bank1/x_aq_spsram_64x58_bank0/x_aq_f_spsram_64x58/RAM_DIN_VEC[30]/ram_instance/PortAClk,0,0.0,0.0,0.0,0.0,,0
x_aq_lsu_top/x_aq_dcache_top/x_aq_dcache_tag_array_bank1/x_aq_spsram_64x58_bank0/x_aq_f_spsram_64x58/RAM_DIN_VEC[30]/ram_instance/PortAAddr[5:0],200,0.02406159769008662,8.50495,1.1086745083328027,0.16,0.0017032061166213672,6
x_aq_lsu_top/x_aq_dcache_top/x_aq_dcache_tag_array_bank1/x_aq_spsram_64x58_bank0/x_aq_f_spsram_64x58/RAM_DIN_VEC[30]/ram_instance/PortADataIn[0:0],0,0.0,0.0,0.0,0.0,,0
x_aq_lsu_top/x_aq_dcache_top/x_aq_dcache_tag_array_bank1/x_aq_spsram_64x58_bank0/x_aq_f_spsram_64x58/RAM_DIN_VEC[30]/ram_instance/PortAWriteEnable,8,0.0009624639076034649,8.895000000000001,1.1595200150054124,0.125,0.1548224909757984,1
x_aq_lsu_top/x_aq_dcache_top/x_aq_dcache_tag_array_bank1/x_aq_spsram_64x58_bank0/x_aq_f_spsram_64x58/RAM_DIN_VEC[31]/ram_instance/PortAClk,0,0.0,0.0,0.0,0.0,,0
x_aq_lsu_top/x_aq_dcache_top/x_aq_dcache_tag_array_bank1/x_aq_spsram_64x58_bank0/x_aq_f_spsram_64x58/RAM_DIN_VEC[31]/ram_instance/PortAAddr[5:0],200,0.02406159769008662,8.50495,1.1086745083328027,0.16,0.0017032061166213672,6
x_aq_lsu_top/x_aq_dcache_top/x_aq_dcache_tag_array_bank1/x_aq_spsram_64x58_bank0/x_aq_f_spsram_64x58/RAM_DIN_VEC[31]/ram_instance/PortADataIn[0:0],0,0.0,0.0,0.0,0.0,,0
x_aq_lsu_top/x_aq_dcache_top/x_aq_dcache_tag_array_bank1/x_aq_spsram_64x58_bank0/x_aq_f_spsram_64x58/RAM_DIN_VEC[31]/ram_instance/PortAWriteEnable,8,0.0009624639076034649,8.895000000000001,1.1595200150054124,0.125,0.1548224909757984,1
x_aq_lsu_top/x_aq_dcache_top/x_aq_dcache_tag_array_bank1/x_aq_spsram_64x58_bank0/x_aq_f_spsram_64x58/RAM_DIN_VEC[32]/ram_instance/PortAClk,0,0.0,0.0,0.0,0.0,,0
x_aq_lsu_top/x_aq_dcache_top/x_aq_dcache_tag_array_bank1/x_aq_spsram_64x58_bank0/x_aq_f_spsram_64x58/RAM_DIN_VEC[32]/ram_instance/PortAAddr[5:0],200,0.02406159769008662,8.50495,1.1086745083328027,0.16,0.0017032061166213672,6
x_aq_lsu_top/x_aq_dcache_top/x_aq_dcache_tag_array_bank1/x_aq_spsram_64x58_bank0/x_aq_f_spsram_64x58/RAM_DIN_VEC[32]/ram_instance/PortADataIn[0:0],0,0.0,0.0,0.0,0.0,,0
x_aq_lsu_top/x_aq_dcache_top/x_aq_dcache_tag_array_bank1/x_aq_spsram_64x58_bank0/x_aq_f_spsram_64x58/RAM_DIN_VEC[32]/ram_instance/PortAWriteEnable,8,0.0009624639076034649,8.895000000000001,1.1595200150054124,0.125,0.1548224909757984,1
x_aq_lsu_top/x_aq_dcache_top/x_aq_dcache_tag_array_bank1/x_aq_spsram_64x58_bank0/x_aq_f_spsram_64x58/RAM_DIN_VEC[33]/ram_instance/PortAClk,0,0.0,0.0,0.0,0.0,,0
x_aq_lsu_top/x_aq_dcache_top/x_aq_dcache_tag_array_bank1/x_aq_spsram_64x58_bank0/x_aq_f_spsram_64x58/RAM_DIN_VEC[33]/ram_instance/PortAAddr[5:0],200,0.02406159769008662,8.50495,1.1086745083328027,0.16,0.0017032061166213672,6
x_aq_lsu_top/x_aq_dcache_top/x_aq_dcache_tag_array_bank1/x_aq_spsram_64x58_bank0/x_aq_f_spsram_64x58/RAM_DIN_VEC[33]/ram_instance/PortADataIn[0:0],0,0.0,0.0,0.0,0.0,,0
x_aq_lsu_top/x_aq_dcache_top/x_aq_dcache_tag_array_bank1/x_aq_spsram_64x58_bank0/x_aq_f_spsram_64x58/RAM_DIN_VEC[33]/ram_instance/PortAWriteEnable,8,0.0009624639076034649,8.895000000000001,1.1595200150054124,0.125,0.1548224909757984,1
x_aq_lsu_top/x_aq_dcache_top/x_aq_dcache_tag_array_bank1/x_aq_spsram_64x58_bank0/x_aq_f_spsram_64x58/RAM_DIN_VEC[34]/ram_instance/PortAClk,0,0.0,0.0,0.0,0.0,,0
x_aq_lsu_top/x_aq_dcache_top/x_aq_dcache_tag_array_bank1/x_aq_spsram_64x58_bank0/x_aq_f_spsram_64x58/RAM_DIN_VEC[34]/ram_instance/PortAAddr[5:0],200,0.02406159769008662,8.50495,1.1086745083328027,0.16,0.0017032061166213672,6
x_aq_lsu_top/x_aq_dcache_top/x_aq_dcache_tag_array_bank1/x_aq_spsram_64x58_bank0/x_aq_f_spsram_64x58/RAM_DIN_VEC[34]/ram_instance/PortADataIn[0:0],0,0.0,0.0,0.0,0.0,,0
x_aq_lsu_top/x_aq_dcache_top/x_aq_dcache_tag_array_bank1/x_aq_spsram_64x58_bank0/x_aq_f_spsram_64x58/RAM_DIN_VEC[34]/ram_instance/PortAWriteEnable,8,0.0009624639076034649,8.895000000000001,1.1595200150054124,0.125,0.1548224909757984,1
x_aq_lsu_top/x_aq_dcache_top/x_aq_dcache_tag_array_bank1/x_aq_spsram_64x58_bank0/x_aq_f_spsram_64x58/RAM_DIN_VEC[35]/ram_instance/PortAClk,0,0.0,0.0,0.0,0.0,,0
x_aq_lsu_top/x_aq_dcache_top/x_aq_dcache_tag_array_bank1/x_aq_spsram_64x58_bank0/x_aq_f_spsram_64x58/RAM_DIN_VEC[35]/ram_instance/PortAAddr[5:0],200,0.02406159769008662,8.50495,1.1086745083328027,0.16,0.0017032061166213672,6
x_aq_lsu_top/x_aq_dcache_top/x_aq_dcache_tag_array_bank1/x_aq_spsram_64x58_bank0/x_aq_f_spsram_64x58/RAM_DIN_VEC[35]/ram_instance/PortADataIn[0:0],0,0.0,0.0,0.0,0.0,,0
x_aq_lsu_top/x_aq_dcache_top/x_aq_dcache_tag_array_bank1/x_aq_spsram_64x58_bank0/x_aq_f_spsram_64x58/RAM_DIN_VEC[35]/ram_instance/PortAWriteEnable,8,0.0009624639076034649,8.895000000000001,1.1595200150054124,0.125,0.1548224909757984,1
x_aq_lsu_top/x_aq_dcache_top/x_aq_dcache_tag_array_bank1/x_aq_spsram_64x58_bank0/x_aq_f_spsram_64x58/RAM_DIN_VEC[36]/ram_instance/PortAClk,0,0.0,0.0,0.0,0.0,,0
x_aq_lsu_top/x_aq_dcache_top/x_aq_dcache_tag_array_bank1/x_aq_spsram_64x58_bank0/x_aq_f_spsram_64x58/RAM_DIN_VEC[36]/ram_instance/PortAAddr[5:0],200,0.02406159769008662,8.50495,1.1086745083328027,0.16,0.0017032061166213672,6
x_aq_lsu_top/x_aq_dcache_top/x_aq_dcache_tag_array_bank1/x_aq_spsram_64x58_bank0/x_aq_f_spsram_64x58/RAM_DIN_VEC[36]/ram_instance/PortADataIn[0:0],0,0.0,0.0,0.0,0.0,,0
x_aq_lsu_top/x_aq_dcache_top/x_aq_dcache_tag_array_bank1/x_aq_spsram_64x58_bank0/x_aq_f_spsram_64x58/RAM_DIN_VEC[36]/ram_instance/PortAWriteEnable,8,0.0009624639076034649,8.895000000000001,1.1595200150054124,0.125,0.1548224909757984,1
x_aq_lsu_top/x_aq_dcache_top/x_aq_dcache_tag_array_bank1/x_aq_spsram_64x58_bank0/x_aq_f_spsram_64x58/RAM_DIN_VEC[37]/ram_instance/PortAClk,0,0.0,0.0,0.0,0.0,,0
x_aq_lsu_top/x_aq_dcache_top/x_aq_dcache_tag_array_bank1/x_aq_spsram_64x58_bank0/x_aq_f_spsram_64x58/RAM_DIN_VEC[37]/ram_instance/PortAAddr[5:0],200,0.02406159769008662,8.50495,1.1086745083328027,0.16,0.0017032061166213672,6
x_aq_lsu_top/x_aq_dcache_top/x_aq_dcache_tag_array_bank1/x_aq_spsram_64x58_bank0/x_aq_f_spsram_64x58/RAM_DIN_VEC[37]/ram_instance/PortADataIn[0:0],0,0.0,0.0,0.0,0.0,,0
x_aq_lsu_top/x_aq_dcache_top/x_aq_dcache_tag_array_bank1/x_aq_spsram_64x58_bank0/x_aq_f_spsram_64x58/RAM_DIN_VEC[37]/ram_instance/PortAWriteEnable,8,0.0009624639076034649,8.895000000000001,1.1595200150054124,0.125,0.1548224909757984,1
x_aq_lsu_top/x_aq_dcache_top/x_aq_dcache_tag_array_bank1/x_aq_spsram_64x58_bank0/x_aq_f_spsram_64x58/RAM_DIN_VEC[38]/ram_instance/PortAClk,0,0.0,0.0,0.0,0.0,,0
x_aq_lsu_top/x_aq_dcache_top/x_aq_dcache_tag_array_bank1/x_aq_spsram_64x58_bank0/x_aq_f_spsram_64x58/RAM_DIN_VEC[38]/ram_instance/PortAAddr[5:0],200,0.02406159769008662,8.50495,1.1086745083328027,0.16,0.0017032061166213672,6
x_aq_lsu_top/x_aq_dcache_top/x_aq_dcache_tag_array_bank1/x_aq_spsram_64x58_bank0/x_aq_f_spsram_64x58/RAM_DIN_VEC[38]/ram_instance/PortADataIn[0:0],0,0.0,0.0,0.0,0.0,,0
x_aq_lsu_top/x_aq_dcache_top/x_aq_dcache_tag_array_bank1/x_aq_spsram_64x58_bank0/x_aq_f_spsram_64x58/RAM_DIN_VEC[38]/ram_instance/PortAWriteEnable,8,0.0009624639076034649,8.895000000000001,1.1595200150054124,0.125,0.1548224909757984,1
x_aq_lsu_top/x_aq_dcache_top/x_aq_dcache_tag_array_bank1/x_aq_spsram_64x58_bank0/x_aq_f_spsram_64x58/RAM_DIN_VEC[39]/ram_instance/PortAClk,0,0.0,0.0,0.0,0.0,,0
x_aq_lsu_top/x_aq_dcache_top/x_aq_dcache_tag_array_bank1/x_aq_spsram_64x58_bank0/x_aq_f_spsram_64x58/RAM_DIN_VEC[39]/ram_instance/PortAAddr[5:0],200,0.02406159769008662,8.50495,1.1086745083328027,0.16,0.0017032061166213672,6
x_aq_lsu_top/x_aq_dcache_top/x_aq_dcache_tag_array_bank1/x_aq_spsram_64x58_bank0/x_aq_f_spsram_64x58/RAM_DIN_VEC[39]/ram_instance/PortADataIn[0:0],0,0.0,0.0,0.0,0.0,,0
x_aq_lsu_top/x_aq_dcache_top/x_aq_dcache_tag_array_bank1/x_aq_spsram_64x58_bank0/x_aq_f_spsram_64x58/RAM_DIN_VEC[39]/ram_instance/PortAWriteEnable,8,0.0009624639076034649,8.895000000000001,1.1595200150054124,0.125,0.1548224909757984,1
x_aq_lsu_top/x_aq_dcache_top/x_aq_dcache_tag_array_bank1/x_aq_spsram_64x58_bank0/x_aq_f_spsram_64x58/RAM_DIN_VEC[40]/ram_instance/PortAClk,0,0.0,0.0,0.0,0.0,,0
x_aq_lsu_top/x_aq_dcache_top/x_aq_dcache_tag_array_bank1/x_aq_spsram_64x58_bank0/x_aq_f_spsram_64x58/RAM_DIN_VEC[40]/ram_instance/PortAAddr[5:0],200,0.02406159769008662,8.50495,1.1086745083328027,0.16,0.0017032061166213672,6
x_aq_lsu_top/x_aq_dcache_top/x_aq_dcache_tag_array_bank1/x_aq_spsram_64x58_bank0/x_aq_f_spsram_64x58/RAM_DIN_VEC[40]/ram_instance/PortADataIn[0:0],0,0.0,0.0,0.0,0.0,,0
x_aq_lsu_top/x_aq_dcache_top/x_aq_dcache_tag_array_bank1/x_aq_spsram_64x58_bank0/x_aq_f_spsram_64x58/RAM_DIN_VEC[40]/ram_instance/PortAWriteEnable,8,0.0009624639076034649,8.895000000000001,1.1595200150054124,0.125,0.1548224909757984,1
x_aq_lsu_top/x_aq_dcache_top/x_aq_dcache_tag_array_bank1/x_aq_spsram_64x58_bank0/x_aq_f_spsram_64x58/RAM_DIN_VEC[41]/ram_instance/PortAClk,0,0.0,0.0,0.0,0.0,,0
x_aq_lsu_top/x_aq_dcache_top/x_aq_dcache_tag_array_bank1/x_aq_spsram_64x58_bank0/x_aq_f_spsram_64x58/RAM_DIN_VEC[41]/ram_instance/PortAAddr[5:0],200,0.02406159769008662,8.50495,1.1086745083328027,0.16,0.0017032061166213672,6
x_aq_lsu_top/x_aq_dcache_top/x_aq_dcache_tag_array_bank1/x_aq_spsram_64x58_bank0/x_aq_f_spsram_64x58/RAM_DIN_VEC[41]/ram_instance/PortADataIn[0:0],0,0.0,0.0,0.0,0.0,,0
x_aq_lsu_top/x_aq_dcache_top/x_aq_dcache_tag_array_bank1/x_aq_spsram_64x58_bank0/x_aq_f_spsram_64x58/RAM_DIN_VEC[41]/ram_instance/PortAWriteEnable,8,0.0009624639076034649,8.895000000000001,1.1595200150054124,0.125,0.1548224909757984,1
x_aq_lsu_top/x_aq_dcache_top/x_aq_dcache_tag_array_bank1/x_aq_spsram_64x58_bank0/x_aq_f_spsram_64x58/RAM_DIN_VEC[42]/ram_instance/PortAClk,0,0.0,0.0,0.0,0.0,,0
x_aq_lsu_top/x_aq_dcache_top/x_aq_dcache_tag_array_bank1/x_aq_spsram_64x58_bank0/x_aq_f_spsram_64x58/RAM_DIN_VEC[42]/ram_instance/PortAAddr[5:0],200,0.02406159769008662,8.50495,1.1086745083328027,0.16,0.0017032061166213672,6
x_aq_lsu_top/x_aq_dcache_top/x_aq_dcache_tag_array_bank1/x_aq_spsram_64x58_bank0/x_aq_f_spsram_64x58/RAM_DIN_VEC[42]/ram_instance/PortADataIn[0:0],0,0.0,0.0,0.0,0.0,,0
x_aq_lsu_top/x_aq_dcache_top/x_aq_dcache_tag_array_bank1/x_aq_spsram_64x58_bank0/x_aq_f_spsram_64x58/RAM_DIN_VEC[42]/ram_instance/PortAWriteEnable,8,0.0009624639076034649,8.895000000000001,1.1595200150054124,0.125,0.1548224909757984,1
x_aq_lsu_top/x_aq_dcache_top/x_aq_dcache_tag_array_bank1/x_aq_spsram_64x58_bank0/x_aq_f_spsram_64x58/RAM_DIN_VEC[43]/ram_instance/PortAClk,0,0.0,0.0,0.0,0.0,,0
x_aq_lsu_top/x_aq_dcache_top/x_aq_dcache_tag_array_bank1/x_aq_spsram_64x58_bank0/x_aq_f_spsram_64x58/RAM_DIN_VEC[43]/ram_instance/PortAAddr[5:0],200,0.02406159769008662,8.50495,1.1086745083328027,0.16,0.0017032061166213672,6
x_aq_lsu_top/x_aq_dcache_top/x_aq_dcache_tag_array_bank1/x_aq_spsram_64x58_bank0/x_aq_f_spsram_64x58/RAM_DIN_VEC[43]/ram_instance/PortADataIn[0:0],0,0.0,0.0,0.0,0.0,,0
x_aq_lsu_top/x_aq_dcache_top/x_aq_dcache_tag_array_bank1/x_aq_spsram_64x58_bank0/x_aq_f_spsram_64x58/RAM_DIN_VEC[43]/ram_instance/PortAWriteEnable,8,0.0009624639076034649,8.895000000000001,1.1595200150054124,0.125,0.1548224909757984,1
x_aq_lsu_top/x_aq_dcache_top/x_aq_dcache_tag_array_bank1/x_aq_spsram_64x58_bank0/x_aq_f_spsram_64x58/RAM_DIN_VEC[44]/ram_instance/PortAClk,0,0.0,0.0,0.0,0.0,,0
x_aq_lsu_top/x_aq_dcache_top/x_aq_dcache_tag_array_bank1/x_aq_spsram_64x58_bank0/x_aq_f_spsram_64x58/RAM_DIN_VEC[44]/ram_instance/PortAAddr[5:0],200,0.02406159769008662,8.50495,1.1086745083328027,0.16,0.0017032061166213672,6
x_aq_lsu_top/x_aq_dcache_top/x_aq_dcache_tag_array_bank1/x_aq_spsram_64x58_bank0/x_aq_f_spsram_64x58/RAM_DIN_VEC[44]/ram_instance/PortADataIn[0:0],0,0.0,0.0,0.0,0.0,,0
x_aq_lsu_top/x_aq_dcache_top/x_aq_dcache_tag_array_bank1/x_aq_spsram_64x58_bank0/x_aq_f_spsram_64x58/RAM_DIN_VEC[44]/ram_instance/PortAWriteEnable,8,0.0009624639076034649,8.895000000000001,1.1595200150054124,0.125,0.1548224909757984,1
x_aq_lsu_top/x_aq_dcache_top/x_aq_dcache_tag_array_bank1/x_aq_spsram_64x58_bank0/x_aq_f_spsram_64x58/RAM_DIN_VEC[45]/ram_instance/PortAClk,0,0.0,0.0,0.0,0.0,,0
x_aq_lsu_top/x_aq_dcache_top/x_aq_dcache_tag_array_bank1/x_aq_spsram_64x58_bank0/x_aq_f_spsram_64x58/RAM_DIN_VEC[45]/ram_instance/PortAAddr[5:0],200,0.02406159769008662,8.50495,1.1086745083328027,0.16,0.0017032061166213672,6
x_aq_lsu_top/x_aq_dcache_top/x_aq_dcache_tag_array_bank1/x_aq_spsram_64x58_bank0/x_aq_f_spsram_64x58/RAM_DIN_VEC[45]/ram_instance/PortADataIn[0:0],0,0.0,0.0,0.0,0.0,,0
x_aq_lsu_top/x_aq_dcache_top/x_aq_dcache_tag_array_bank1/x_aq_spsram_64x58_bank0/x_aq_f_spsram_64x58/RAM_DIN_VEC[45]/ram_instance/PortAWriteEnable,8,0.0009624639076034649,8.895000000000001,1.1595200150054124,0.125,0.1548224909757984,1
x_aq_lsu_top/x_aq_dcache_top/x_aq_dcache_tag_array_bank1/x_aq_spsram_64x58_bank0/x_aq_f_spsram_64x58/RAM_DIN_VEC[46]/ram_instance/PortAClk,0,0.0,0.0,0.0,0.0,,0
x_aq_lsu_top/x_aq_dcache_top/x_aq_dcache_tag_array_bank1/x_aq_spsram_64x58_bank0/x_aq_f_spsram_64x58/RAM_DIN_VEC[46]/ram_instance/PortAAddr[5:0],200,0.02406159769008662,8.50495,1.1086745083328027,0.16,0.0017032061166213672,6
x_aq_lsu_top/x_aq_dcache_top/x_aq_dcache_tag_array_bank1/x_aq_spsram_64x58_bank0/x_aq_f_spsram_64x58/RAM_DIN_VEC[46]/ram_instance/PortADataIn[0:0],0,0.0,0.0,0.0,0.0,,0
x_aq_lsu_top/x_aq_dcache_top/x_aq_dcache_tag_array_bank1/x_aq_spsram_64x58_bank0/x_aq_f_spsram_64x58/RAM_DIN_VEC[46]/ram_instance/PortAWriteEnable,8,0.0009624639076034649,8.895000000000001,1.1595200150054124,0.125,0.1548224909757984,1
x_aq_lsu_top/x_aq_dcache_top/x_aq_dcache_tag_array_bank1/x_aq_spsram_64x58_bank0/x_aq_f_spsram_64x58/RAM_DIN_VEC[47]/ram_instance/PortAClk,0,0.0,0.0,0.0,0.0,,0
x_aq_lsu_top/x_aq_dcache_top/x_aq_dcache_tag_array_bank1/x_aq_spsram_64x58_bank0/x_aq_f_spsram_64x58/RAM_DIN_VEC[47]/ram_instance/PortAAddr[5:0],200,0.02406159769008662,8.50495,1.1086745083328027,0.16,0.0017032061166213672,6
x_aq_lsu_top/x_aq_dcache_top/x_aq_dcache_tag_array_bank1/x_aq_spsram_64x58_bank0/x_aq_f_spsram_64x58/RAM_DIN_VEC[47]/ram_instance/PortADataIn[0:0],0,0.0,0.0,0.0,0.0,,0
x_aq_lsu_top/x_aq_dcache_top/x_aq_dcache_tag_array_bank1/x_aq_spsram_64x58_bank0/x_aq_f_spsram_64x58/RAM_DIN_VEC[47]/ram_instance/PortAWriteEnable,8,0.0009624639076034649,8.895000000000001,1.1595200150054124,0.125,0.1548224909757984,1
x_aq_lsu_top/x_aq_dcache_top/x_aq_dcache_tag_array_bank1/x_aq_spsram_64x58_bank0/x_aq_f_spsram_64x58/RAM_DIN_VEC[48]/ram_instance/PortAClk,0,0.0,0.0,0.0,0.0,,0
x_aq_lsu_top/x_aq_dcache_top/x_aq_dcache_tag_array_bank1/x_aq_spsram_64x58_bank0/x_aq_f_spsram_64x58/RAM_DIN_VEC[48]/ram_instance/PortAAddr[5:0],200,0.02406159769008662,8.50495,1.1086745083328027,0.16,0.0017032061166213672,6
x_aq_lsu_top/x_aq_dcache_top/x_aq_dcache_tag_array_bank1/x_aq_spsram_64x58_bank0/x_aq_f_spsram_64x58/RAM_DIN_VEC[48]/ram_instance/PortADataIn[0:0],0,0.0,0.0,0.0,0.0,,0
x_aq_lsu_top/x_aq_dcache_top/x_aq_dcache_tag_array_bank1/x_aq_spsram_64x58_bank0/x_aq_f_spsram_64x58/RAM_DIN_VEC[48]/ram_instance/PortAWriteEnable,8,0.0009624639076034649,8.895000000000001,1.1595200150054124,0.125,0.1548224909757984,1
x_aq_lsu_top/x_aq_dcache_top/x_aq_dcache_tag_array_bank1/x_aq_spsram_64x58_bank0/x_aq_f_spsram_64x58/RAM_DIN_VEC[49]/ram_instance/PortAClk,0,0.0,0.0,0.0,0.0,,0
x_aq_lsu_top/x_aq_dcache_top/x_aq_dcache_tag_array_bank1/x_aq_spsram_64x58_bank0/x_aq_f_spsram_64x58/RAM_DIN_VEC[49]/ram_instance/PortAAddr[5:0],200,0.02406159769008662,8.50495,1.1086745083328027,0.16,0.0017032061166213672,6
x_aq_lsu_top/x_aq_dcache_top/x_aq_dcache_tag_array_bank1/x_aq_spsram_64x58_bank0/x_aq_f_spsram_64x58/RAM_DIN_VEC[49]/ram_instance/PortADataIn[0:0],0,0.0,0.0,0.0,0.0,,0
x_aq_lsu_top/x_aq_dcache_top/x_aq_dcache_tag_array_bank1/x_aq_spsram_64x58_bank0/x_aq_f_spsram_64x58/RAM_DIN_VEC[49]/ram_instance/PortAWriteEnable,8,0.0009624639076034649,8.895000000000001,1.1595200150054124,0.125,0.1548224909757984,1
x_aq_lsu_top/x_aq_dcache_top/x_aq_dcache_tag_array_bank1/x_aq_spsram_64x58_bank0/x_aq_f_spsram_64x58/RAM_DIN_VEC[50]/ram_instance/PortAClk,0,0.0,0.0,0.0,0.0,,0
x_aq_lsu_top/x_aq_dcache_top/x_aq_dcache_tag_array_bank1/x_aq_spsram_64x58_bank0/x_aq_f_spsram_64x58/RAM_DIN_VEC[50]/ram_instance/PortAAddr[5:0],200,0.02406159769008662,8.50495,1.1086745083328027,0.16,0.0017032061166213672,6
x_aq_lsu_top/x_aq_dcache_top/x_aq_dcache_tag_array_bank1/x_aq_spsram_64x58_bank0/x_aq_f_spsram_64x58/RAM_DIN_VEC[50]/ram_instance/PortADataIn[0:0],0,0.0,0.0,0.0,0.0,,0
x_aq_lsu_top/x_aq_dcache_top/x_aq_dcache_tag_array_bank1/x_aq_spsram_64x58_bank0/x_aq_f_spsram_64x58/RAM_DIN_VEC[50]/ram_instance/PortAWriteEnable,8,0.0009624639076034649,8.895000000000001,1.1595200150054124,0.125,0.1548224909757984,1
x_aq_lsu_top/x_aq_dcache_top/x_aq_dcache_tag_array_bank1/x_aq_spsram_64x58_bank0/x_aq_f_spsram_64x58/RAM_DIN_VEC[51]/ram_instance/PortAClk,0,0.0,0.0,0.0,0.0,,0
x_aq_lsu_top/x_aq_dcache_top/x_aq_dcache_tag_array_bank1/x_aq_spsram_64x58_bank0/x_aq_f_spsram_64x58/RAM_DIN_VEC[51]/ram_instance/PortAAddr[5:0],200,0.02406159769008662,8.50495,1.1086745083328027,0.16,0.0017032061166213672,6
x_aq_lsu_top/x_aq_dcache_top/x_aq_dcache_tag_array_bank1/x_aq_spsram_64x58_bank0/x_aq_f_spsram_64x58/RAM_DIN_VEC[51]/ram_instance/PortADataIn[0:0],0,0.0,0.0,0.0,0.0,,0
x_aq_lsu_top/x_aq_dcache_top/x_aq_dcache_tag_array_bank1/x_aq_spsram_64x58_bank0/x_aq_f_spsram_64x58/RAM_DIN_VEC[51]/ram_instance/PortAWriteEnable,8,0.0009624639076034649,8.895000000000001,1.1595200150054124,0.125,0.1548224909757984,1
x_aq_lsu_top/x_aq_dcache_top/x_aq_dcache_tag_array_bank1/x_aq_spsram_64x58_bank0/x_aq_f_spsram_64x58/RAM_DIN_VEC[52]/ram_instance/PortAClk,0,0.0,0.0,0.0,0.0,,0
x_aq_lsu_top/x_aq_dcache_top/x_aq_dcache_tag_array_bank1/x_aq_spsram_64x58_bank0/x_aq_f_spsram_64x58/RAM_DIN_VEC[52]/ram_instance/PortAAddr[5:0],200,0.02406159769008662,8.50495,1.1086745083328027,0.16,0.0017032061166213672,6
x_aq_lsu_top/x_aq_dcache_top/x_aq_dcache_tag_array_bank1/x_aq_spsram_64x58_bank0/x_aq_f_spsram_64x58/RAM_DIN_VEC[52]/ram_instance/PortADataIn[0:0],0,0.0,0.0,0.0,0.0,,0
x_aq_lsu_top/x_aq_dcache_top/x_aq_dcache_tag_array_bank1/x_aq_spsram_64x58_bank0/x_aq_f_spsram_64x58/RAM_DIN_VEC[52]/ram_instance/PortAWriteEnable,8,0.0009624639076034649,8.895000000000001,1.1595200150054124,0.125,0.1548224909757984,1
x_aq_lsu_top/x_aq_dcache_top/x_aq_dcache_tag_array_bank1/x_aq_spsram_64x58_bank0/x_aq_f_spsram_64x58/RAM_DIN_VEC[53]/ram_instance/PortAClk,0,0.0,0.0,0.0,0.0,,0
x_aq_lsu_top/x_aq_dcache_top/x_aq_dcache_tag_array_bank1/x_aq_spsram_64x58_bank0/x_aq_f_spsram_64x58/RAM_DIN_VEC[53]/ram_instance/PortAAddr[5:0],200,0.02406159769008662,8.50495,1.1086745083328027,0.16,0.0017032061166213672,6
x_aq_lsu_top/x_aq_dcache_top/x_aq_dcache_tag_array_bank1/x_aq_spsram_64x58_bank0/x_aq_f_spsram_64x58/RAM_DIN_VEC[53]/ram_instance/PortADataIn[0:0],0,0.0,0.0,0.0,0.0,,0
x_aq_lsu_top/x_aq_dcache_top/x_aq_dcache_tag_array_bank1/x_aq_spsram_64x58_bank0/x_aq_f_spsram_64x58/RAM_DIN_VEC[53]/ram_instance/PortAWriteEnable,8,0.0009624639076034649,8.895000000000001,1.1595200150054124,0.125,0.1548224909757984,1
x_aq_lsu_top/x_aq_dcache_top/x_aq_dcache_tag_array_bank1/x_aq_spsram_64x58_bank0/x_aq_f_spsram_64x58/RAM_DIN_VEC[54]/ram_instance/PortAClk,0,0.0,0.0,0.0,0.0,,0
x_aq_lsu_top/x_aq_dcache_top/x_aq_dcache_tag_array_bank1/x_aq_spsram_64x58_bank0/x_aq_f_spsram_64x58/RAM_DIN_VEC[54]/ram_instance/PortAAddr[5:0],200,0.02406159769008662,8.50495,1.1086745083328027,0.16,0.0017032061166213672,6
x_aq_lsu_top/x_aq_dcache_top/x_aq_dcache_tag_array_bank1/x_aq_spsram_64x58_bank0/x_aq_f_spsram_64x58/RAM_DIN_VEC[54]/ram_instance/PortADataIn[0:0],0,0.0,0.0,0.0,0.0,,0
x_aq_lsu_top/x_aq_dcache_top/x_aq_dcache_tag_array_bank1/x_aq_spsram_64x58_bank0/x_aq_f_spsram_64x58/RAM_DIN_VEC[54]/ram_instance/PortAWriteEnable,8,0.0009624639076034649,8.895000000000001,1.1595200150054124,0.125,0.1548224909757984,1
x_aq_lsu_top/x_aq_dcache_top/x_aq_dcache_tag_array_bank1/x_aq_spsram_64x58_bank0/x_aq_f_spsram_64x58/RAM_DIN_VEC[55]/ram_instance/PortAClk,0,0.0,0.0,0.0,0.0,,0
x_aq_lsu_top/x_aq_dcache_top/x_aq_dcache_tag_array_bank1/x_aq_spsram_64x58_bank0/x_aq_f_spsram_64x58/RAM_DIN_VEC[55]/ram_instance/PortAAddr[5:0],200,0.02406159769008662,8.50495,1.1086745083328027,0.16,0.0017032061166213672,6
x_aq_lsu_top/x_aq_dcache_top/x_aq_dcache_tag_array_bank1/x_aq_spsram_64x58_bank0/x_aq_f_spsram_64x58/RAM_DIN_VEC[55]/ram_instance/PortADataIn[0:0],0,0.0,0.0,0.0,0.0,,0
x_aq_lsu_top/x_aq_dcache_top/x_aq_dcache_tag_array_bank1/x_aq_spsram_64x58_bank0/x_aq_f_spsram_64x58/RAM_DIN_VEC[55]/ram_instance/PortAWriteEnable,8,0.0009624639076034649,8.895000000000001,1.1595200150054124,0.125,0.1548224909757984,1
x_aq_lsu_top/x_aq_dcache_top/x_aq_dcache_tag_array_bank1/x_aq_spsram_64x58_bank0/x_aq_f_spsram_64x58/RAM_DIN_VEC[56]/ram_instance/PortAClk,0,0.0,0.0,0.0,0.0,,0
x_aq_lsu_top/x_aq_dcache_top/x_aq_dcache_tag_array_bank1/x_aq_spsram_64x58_bank0/x_aq_f_spsram_64x58/RAM_DIN_VEC[56]/ram_instance/PortAAddr[5:0],200,0.02406159769008662,8.50495,1.1086745083328027,0.16,0.0017032061166213672,6
x_aq_lsu_top/x_aq_dcache_top/x_aq_dcache_tag_array_bank1/x_aq_spsram_64x58_bank0/x_aq_f_spsram_64x58/RAM_DIN_VEC[56]/ram_instance/PortADataIn[0:0],0,0.0,0.0,0.0,0.0,,0
x_aq_lsu_top/x_aq_dcache_top/x_aq_dcache_tag_array_bank1/x_aq_spsram_64x58_bank0/x_aq_f_spsram_64x58/RAM_DIN_VEC[56]/ram_instance/PortAWriteEnable,8,0.0009624639076034649,8.895000000000001,1.1595200150054124,0.125,0.1548224909757984,1
x_aq_lsu_top/x_aq_dcache_top/x_aq_dcache_tag_array_bank1/x_aq_spsram_64x58_bank0/x_aq_f_spsram_64x58/RAM_DIN_VEC[57]/ram_instance/PortAClk,0,0.0,0.0,0.0,0.0,,0
x_aq_lsu_top/x_aq_dcache_top/x_aq_dcache_tag_array_bank1/x_aq_spsram_64x58_bank0/x_aq_f_spsram_64x58/RAM_DIN_VEC[57]/ram_instance/PortAAddr[5:0],200,0.02406159769008662,8.50495,1.1086745083328027,0.16,0.0017032061166213672,6
x_aq_lsu_top/x_aq_dcache_top/x_aq_dcache_tag_array_bank1/x_aq_spsram_64x58_bank0/x_aq_f_spsram_64x58/RAM_DIN_VEC[57]/ram_instance/PortADataIn[0:0],0,0.0,0.0,0.0,0.0,,0
x_aq_lsu_top/x_aq_dcache_top/x_aq_dcache_tag_array_bank1/x_aq_spsram_64x58_bank0/x_aq_f_spsram_64x58/RAM_DIN_VEC[57]/ram_instance/PortAWriteEnable,8,0.0009624639076034649,8.895000000000001,1.1595200150054124,0.125,0.1548224909757984,1
x_aq_lsu_top/x_aq_dcache_top/x_aq_dcache_tag_array_bank1/x_aq_spsram_64x58_bank1/A[5:0],1061,0.12764677574590952,7.99210179076343,1.0418214714278577,0.06597549481621112,-0.12361761747726402,6
x_aq_lsu_top/x_aq_dcache_top/x_aq_dcache_tag_array_bank1/x_aq_spsram_64x58_bank1/CEN,145,0.0174446583253128,8.878758620689656,1.157402847565093,0.45517241379310347,-0.19731999769177513,1
x_aq_lsu_top/x_aq_dcache_top/x_aq_dcache_tag_array_bank1/x_aq_spsram_64x58_bank1/CLK,0,0.0,0.0,0.0,0.0,,0
x_aq_lsu_top/x_aq_dcache_top/x_aq_dcache_tag_array_bank1/x_aq_spsram_64x58_bank1/D[57:0],0,0.0,0.0,0.0,0.0,,0
x_aq_lsu_top/x_aq_dcache_top/x_aq_dcache_tag_array_bank1/x_aq_spsram_64x58_bank1/GWEN,269,0.032362848893166506,8.517211895910782,1.1102729247162164,0.44609665427509293,-0.25828657750350686,1
x_aq_lsu_top/x_aq_dcache_top/x_aq_dcache_tag_array_bank1/x_aq_spsram_64x58_bank1/Q[57:0],0,0.0,0.0,0.0,0.0,,0
x_aq_lsu_top/x_aq_dcache_top/x_aq_dcache_tag_array_bank1/x_aq_spsram_64x58_bank1/WEN[57:0],274,0.03296438883541867,8.468357664233576,1.1039044638452291,0.44525547445255476,-0.2606181545394238,57
x_aq_lsu_top/x_aq_dcache_top/x_aq_dcache_tag_array_bank1/x_aq_spsram_64x58_bank1/x_aq_f_spsram_64x58/A[5:0],1061,0.12764677574590952,7.99210179076343,1.0418214714278577,0.06597549481621112,-0.12361761747726402,6
x_aq_lsu_top/x_aq_dcache_top/x_aq_dcache_tag_array_bank1/x_aq_spsram_64x58_bank1/x_aq_f_spsram_64x58/CEN,145,0.0174446583253128,8.878758620689656,1.157402847565093,0.45517241379310347,-0.19731999769177513,1
x_aq_lsu_top/x_aq_dcache_top/x_aq_dcache_tag_array_bank1/x_aq_spsram_64x58_bank1/x_aq_f_spsram_64x58/CLK,0,0.0,0.0,0.0,0.0,,0
x_aq_lsu_top/x_aq_dcache_top/x_aq_dcache_tag_array_bank1/x_aq_spsram_64x58_bank1/x_aq_f_spsram_64x58/D[57:0],0,0.0,0.0,0.0,0.0,,0
x_aq_lsu_top/x_aq_dcache_top/x_aq_dcache_tag_array_bank1/x_aq_spsram_64x58_bank1/x_aq_f_spsram_64x58/GWEN,269,0.032362848893166506,8.517211895910782,1.1102729247162164,0.44609665427509293,-0.25828657750350686,1
x_aq_lsu_top/x_aq_dcache_top/x_aq_dcache_tag_array_bank1/x_aq_spsram_64x58_bank1/x_aq_f_spsram_64x58/Q[57:0],0,0.0,0.0,0.0,0.0,,0
x_aq_lsu_top/x_aq_dcache_top/x_aq_dcache_tag_array_bank1/x_aq_spsram_64x58_bank1/x_aq_f_spsram_64x58/WEN[57:0],274,0.03296438883541867,8.468357664233576,1.1039044638452291,0.44525547445255476,-0.2606181545394238,57
x_aq_lsu_top/x_aq_dcache_top/x_aq_dcache_tag_array_bank1/x_aq_spsram_64x58_bank1/x_aq_f_spsram_64x58/addr[5:0],200,0.02406159769008662,8.520999999999999,1.1107667282586977,0.16,0.05426222986531946,6
x_aq_lsu_top/x_aq_dcache_top/x_aq_dcache_tag_array_bank1/x_aq_spsram_64x58_bank1/x_aq_f_spsram_64x58/ram_wen_vec[57:0],144,0.017324350336862367,8.685416666666667,1.1321994900125454,0.4513888888888889,0.17309284217710696,57
x_aq_lsu_top/x_aq_dcache_top/x_aq_dcache_tag_array_bank1/x_aq_spsram_64x58_bank1/x_aq_f_spsram_64x58/RAM_DIN_VEC[0]/ram_instance/PortAClk,0,0.0,0.0,0.0,0.0,,0
x_aq_lsu_top/x_aq_dcache_top/x_aq_dcache_tag_array_bank1/x_aq_spsram_64x58_bank1/x_aq_f_spsram_64x58/RAM_DIN_VEC[0]/ram_instance/PortAAddr[5:0],200,0.02406159769008662,8.520999999999999,1.1107667282586977,0.16,0.05426222986531946,6
x_aq_lsu_top/x_aq_dcache_top/x_aq_dcache_tag_array_bank1/x_aq_spsram_64x58_bank1/x_aq_f_spsram_64x58/RAM_DIN_VEC[0]/ram_instance/PortADataIn[0:0],0,0.0,0.0,0.0,0.0,,0
x_aq_lsu_top/x_aq_dcache_top/x_aq_dcache_tag_array_bank1/x_aq_spsram_64x58_bank1/x_aq_f_spsram_64x58/RAM_DIN_VEC[0]/ram_instance/PortAWriteEnable,8,0.0009624639076034649,8.895000000000001,1.1595200150054124,0.125,0.1548224909757984,1
x_aq_lsu_top/x_aq_dcache_top/x_aq_dcache_tag_array_bank1/x_aq_spsram_64x58_bank1/x_aq_f_spsram_64x58/RAM_DIN_VEC[1]/ram_instance/PortAClk,0,0.0,0.0,0.0,0.0,,0
x_aq_lsu_top/x_aq_dcache_top/x_aq_dcache_tag_array_bank1/x_aq_spsram_64x58_bank1/x_aq_f_spsram_64x58/RAM_DIN_VEC[1]/ram_instance/PortAAddr[5:0],200,0.02406159769008662,8.520999999999999,1.1107667282586977,0.16,0.05426222986531946,6
x_aq_lsu_top/x_aq_dcache_top/x_aq_dcache_tag_array_bank1/x_aq_spsram_64x58_bank1/x_aq_f_spsram_64x58/RAM_DIN_VEC[1]/ram_instance/PortADataIn[0:0],0,0.0,0.0,0.0,0.0,,0
x_aq_lsu_top/x_aq_dcache_top/x_aq_dcache_tag_array_bank1/x_aq_spsram_64x58_bank1/x_aq_f_spsram_64x58/RAM_DIN_VEC[1]/ram_instance/PortAWriteEnable,8,0.0009624639076034649,8.895000000000001,1.1595200150054124,0.125,0.1548224909757984,1
x_aq_lsu_top/x_aq_dcache_top/x_aq_dcache_tag_array_bank1/x_aq_spsram_64x58_bank1/x_aq_f_spsram_64x58/RAM_DIN_VEC[2]/ram_instance/PortAClk,0,0.0,0.0,0.0,0.0,,0
x_aq_lsu_top/x_aq_dcache_top/x_aq_dcache_tag_array_bank1/x_aq_spsram_64x58_bank1/x_aq_f_spsram_64x58/RAM_DIN_VEC[2]/ram_instance/PortAAddr[5:0],200,0.02406159769008662,8.520999999999999,1.1107667282586977,0.16,0.05426222986531946,6
x_aq_lsu_top/x_aq_dcache_top/x_aq_dcache_tag_array_bank1/x_aq_spsram_64x58_bank1/x_aq_f_spsram_64x58/RAM_DIN_VEC[2]/ram_instance/PortADataIn[0:0],0,0.0,0.0,0.0,0.0,,0
x_aq_lsu_top/x_aq_dcache_top/x_aq_dcache_tag_array_bank1/x_aq_spsram_64x58_bank1/x_aq_f_spsram_64x58/RAM_DIN_VEC[2]/ram_instance/PortAWriteEnable,8,0.0009624639076034649,8.895000000000001,1.1595200150054124,0.125,0.1548224909757984,1
x_aq_lsu_top/x_aq_dcache_top/x_aq_dcache_tag_array_bank1/x_aq_spsram_64x58_bank1/x_aq_f_spsram_64x58/RAM_DIN_VEC[3]/ram_instance/PortAClk,0,0.0,0.0,0.0,0.0,,0
x_aq_lsu_top/x_aq_dcache_top/x_aq_dcache_tag_array_bank1/x_aq_spsram_64x58_bank1/x_aq_f_spsram_64x58/RAM_DIN_VEC[3]/ram_instance/PortAAddr[5:0],200,0.02406159769008662,8.520999999999999,1.1107667282586977,0.16,0.05426222986531946,6
x_aq_lsu_top/x_aq_dcache_top/x_aq_dcache_tag_array_bank1/x_aq_spsram_64x58_bank1/x_aq_f_spsram_64x58/RAM_DIN_VEC[3]/ram_instance/PortADataIn[0:0],0,0.0,0.0,0.0,0.0,,0
x_aq_lsu_top/x_aq_dcache_top/x_aq_dcache_tag_array_bank1/x_aq_spsram_64x58_bank1/x_aq_f_spsram_64x58/RAM_DIN_VEC[3]/ram_instance/PortAWriteEnable,8,0.0009624639076034649,8.895000000000001,1.1595200150054124,0.125,0.1548224909757984,1
x_aq_lsu_top/x_aq_dcache_top/x_aq_dcache_tag_array_bank1/x_aq_spsram_64x58_bank1/x_aq_f_spsram_64x58/RAM_DIN_VEC[4]/ram_instance/PortAClk,0,0.0,0.0,0.0,0.0,,0
x_aq_lsu_top/x_aq_dcache_top/x_aq_dcache_tag_array_bank1/x_aq_spsram_64x58_bank1/x_aq_f_spsram_64x58/RAM_DIN_VEC[4]/ram_instance/PortAAddr[5:0],200,0.02406159769008662,8.520999999999999,1.1107667282586977,0.16,0.05426222986531946,6
x_aq_lsu_top/x_aq_dcache_top/x_aq_dcache_tag_array_bank1/x_aq_spsram_64x58_bank1/x_aq_f_spsram_64x58/RAM_DIN_VEC[4]/ram_instance/PortADataIn[0:0],0,0.0,0.0,0.0,0.0,,0
x_aq_lsu_top/x_aq_dcache_top/x_aq_dcache_tag_array_bank1/x_aq_spsram_64x58_bank1/x_aq_f_spsram_64x58/RAM_DIN_VEC[4]/ram_instance/PortAWriteEnable,8,0.0009624639076034649,8.895000000000001,1.1595200150054124,0.125,0.1548224909757984,1
x_aq_lsu_top/x_aq_dcache_top/x_aq_dcache_tag_array_bank1/x_aq_spsram_64x58_bank1/x_aq_f_spsram_64x58/RAM_DIN_VEC[5]/ram_instance/PortAClk,0,0.0,0.0,0.0,0.0,,0
x_aq_lsu_top/x_aq_dcache_top/x_aq_dcache_tag_array_bank1/x_aq_spsram_64x58_bank1/x_aq_f_spsram_64x58/RAM_DIN_VEC[5]/ram_instance/PortAAddr[5:0],200,0.02406159769008662,8.520999999999999,1.1107667282586977,0.16,0.05426222986531946,6
x_aq_lsu_top/x_aq_dcache_top/x_aq_dcache_tag_array_bank1/x_aq_spsram_64x58_bank1/x_aq_f_spsram_64x58/RAM_DIN_VEC[5]/ram_instance/PortADataIn[0:0],0,0.0,0.0,0.0,0.0,,0
x_aq_lsu_top/x_aq_dcache_top/x_aq_dcache_tag_array_bank1/x_aq_spsram_64x58_bank1/x_aq_f_spsram_64x58/RAM_DIN_VEC[5]/ram_instance/PortAWriteEnable,8,0.0009624639076034649,8.895000000000001,1.1595200150054124,0.125,0.1548224909757984,1
x_aq_lsu_top/x_aq_dcache_top/x_aq_dcache_tag_array_bank1/x_aq_spsram_64x58_bank1/x_aq_f_spsram_64x58/RAM_DIN_VEC[6]/ram_instance/PortAClk,0,0.0,0.0,0.0,0.0,,0
x_aq_lsu_top/x_aq_dcache_top/x_aq_dcache_tag_array_bank1/x_aq_spsram_64x58_bank1/x_aq_f_spsram_64x58/RAM_DIN_VEC[6]/ram_instance/PortAAddr[5:0],200,0.02406159769008662,8.520999999999999,1.1107667282586977,0.16,0.05426222986531946,6
x_aq_lsu_top/x_aq_dcache_top/x_aq_dcache_tag_array_bank1/x_aq_spsram_64x58_bank1/x_aq_f_spsram_64x58/RAM_DIN_VEC[6]/ram_instance/PortADataIn[0:0],0,0.0,0.0,0.0,0.0,,0
x_aq_lsu_top/x_aq_dcache_top/x_aq_dcache_tag_array_bank1/x_aq_spsram_64x58_bank1/x_aq_f_spsram_64x58/RAM_DIN_VEC[6]/ram_instance/PortAWriteEnable,8,0.0009624639076034649,8.895000000000001,1.1595200150054124,0.125,0.1548224909757984,1
x_aq_lsu_top/x_aq_dcache_top/x_aq_dcache_tag_array_bank1/x_aq_spsram_64x58_bank1/x_aq_f_spsram_64x58/RAM_DIN_VEC[7]/ram_instance/PortAClk,0,0.0,0.0,0.0,0.0,,0
x_aq_lsu_top/x_aq_dcache_top/x_aq_dcache_tag_array_bank1/x_aq_spsram_64x58_bank1/x_aq_f_spsram_64x58/RAM_DIN_VEC[7]/ram_instance/PortAAddr[5:0],200,0.02406159769008662,8.520999999999999,1.1107667282586977,0.16,0.05426222986531946,6
x_aq_lsu_top/x_aq_dcache_top/x_aq_dcache_tag_array_bank1/x_aq_spsram_64x58_bank1/x_aq_f_spsram_64x58/RAM_DIN_VEC[7]/ram_instance/PortADataIn[0:0],0,0.0,0.0,0.0,0.0,,0
x_aq_lsu_top/x_aq_dcache_top/x_aq_dcache_tag_array_bank1/x_aq_spsram_64x58_bank1/x_aq_f_spsram_64x58/RAM_DIN_VEC[7]/ram_instance/PortAWriteEnable,8,0.0009624639076034649,8.895000000000001,1.1595200150054124,0.125,0.1548224909757984,1
x_aq_lsu_top/x_aq_dcache_top/x_aq_dcache_tag_array_bank1/x_aq_spsram_64x58_bank1/x_aq_f_spsram_64x58/RAM_DIN_VEC[8]/ram_instance/PortAClk,0,0.0,0.0,0.0,0.0,,0
x_aq_lsu_top/x_aq_dcache_top/x_aq_dcache_tag_array_bank1/x_aq_spsram_64x58_bank1/x_aq_f_spsram_64x58/RAM_DIN_VEC[8]/ram_instance/PortAAddr[5:0],200,0.02406159769008662,8.520999999999999,1.1107667282586977,0.16,0.05426222986531946,6
x_aq_lsu_top/x_aq_dcache_top/x_aq_dcache_tag_array_bank1/x_aq_spsram_64x58_bank1/x_aq_f_spsram_64x58/RAM_DIN_VEC[8]/ram_instance/PortADataIn[0:0],0,0.0,0.0,0.0,0.0,,0
x_aq_lsu_top/x_aq_dcache_top/x_aq_dcache_tag_array_bank1/x_aq_spsram_64x58_bank1/x_aq_f_spsram_64x58/RAM_DIN_VEC[8]/ram_instance/PortAWriteEnable,8,0.0009624639076034649,8.895000000000001,1.1595200150054124,0.125,0.1548224909757984,1
x_aq_lsu_top/x_aq_dcache_top/x_aq_dcache_tag_array_bank1/x_aq_spsram_64x58_bank1/x_aq_f_spsram_64x58/RAM_DIN_VEC[9]/ram_instance/PortAClk,0,0.0,0.0,0.0,0.0,,0
x_aq_lsu_top/x_aq_dcache_top/x_aq_dcache_tag_array_bank1/x_aq_spsram_64x58_bank1/x_aq_f_spsram_64x58/RAM_DIN_VEC[9]/ram_instance/PortAAddr[5:0],200,0.02406159769008662,8.520999999999999,1.1107667282586977,0.16,0.05426222986531946,6
x_aq_lsu_top/x_aq_dcache_top/x_aq_dcache_tag_array_bank1/x_aq_spsram_64x58_bank1/x_aq_f_spsram_64x58/RAM_DIN_VEC[9]/ram_instance/PortADataIn[0:0],0,0.0,0.0,0.0,0.0,,0
x_aq_lsu_top/x_aq_dcache_top/x_aq_dcache_tag_array_bank1/x_aq_spsram_64x58_bank1/x_aq_f_spsram_64x58/RAM_DIN_VEC[9]/ram_instance/PortAWriteEnable,8,0.0009624639076034649,8.895000000000001,1.1595200150054124,0.125,0.1548224909757984,1
x_aq_lsu_top/x_aq_dcache_top/x_aq_dcache_tag_array_bank1/x_aq_spsram_64x58_bank1/x_aq_f_spsram_64x58/RAM_DIN_VEC[10]/ram_instance/PortAClk,0,0.0,0.0,0.0,0.0,,0
x_aq_lsu_top/x_aq_dcache_top/x_aq_dcache_tag_array_bank1/x_aq_spsram_64x58_bank1/x_aq_f_spsram_64x58/RAM_DIN_VEC[10]/ram_instance/PortAAddr[5:0],200,0.02406159769008662,8.520999999999999,1.1107667282586977,0.16,0.05426222986531946,6
x_aq_lsu_top/x_aq_dcache_top/x_aq_dcache_tag_array_bank1/x_aq_spsram_64x58_bank1/x_aq_f_spsram_64x58/RAM_DIN_VEC[10]/ram_instance/PortADataIn[0:0],0,0.0,0.0,0.0,0.0,,0
x_aq_lsu_top/x_aq_dcache_top/x_aq_dcache_tag_array_bank1/x_aq_spsram_64x58_bank1/x_aq_f_spsram_64x58/RAM_DIN_VEC[10]/ram_instance/PortAWriteEnable,8,0.0009624639076034649,8.895000000000001,1.1595200150054124,0.125,0.1548224909757984,1
x_aq_lsu_top/x_aq_dcache_top/x_aq_dcache_tag_array_bank1/x_aq_spsram_64x58_bank1/x_aq_f_spsram_64x58/RAM_DIN_VEC[11]/ram_instance/PortAClk,0,0.0,0.0,0.0,0.0,,0
x_aq_lsu_top/x_aq_dcache_top/x_aq_dcache_tag_array_bank1/x_aq_spsram_64x58_bank1/x_aq_f_spsram_64x58/RAM_DIN_VEC[11]/ram_instance/PortAAddr[5:0],200,0.02406159769008662,8.520999999999999,1.1107667282586977,0.16,0.05426222986531946,6
x_aq_lsu_top/x_aq_dcache_top/x_aq_dcache_tag_array_bank1/x_aq_spsram_64x58_bank1/x_aq_f_spsram_64x58/RAM_DIN_VEC[11]/ram_instance/PortADataIn[0:0],0,0.0,0.0,0.0,0.0,,0
x_aq_lsu_top/x_aq_dcache_top/x_aq_dcache_tag_array_bank1/x_aq_spsram_64x58_bank1/x_aq_f_spsram_64x58/RAM_DIN_VEC[11]/ram_instance/PortAWriteEnable,8,0.0009624639076034649,8.895000000000001,1.1595200150054124,0.125,0.1548224909757984,1
x_aq_lsu_top/x_aq_dcache_top/x_aq_dcache_tag_array_bank1/x_aq_spsram_64x58_bank1/x_aq_f_spsram_64x58/RAM_DIN_VEC[12]/ram_instance/PortAClk,0,0.0,0.0,0.0,0.0,,0
x_aq_lsu_top/x_aq_dcache_top/x_aq_dcache_tag_array_bank1/x_aq_spsram_64x58_bank1/x_aq_f_spsram_64x58/RAM_DIN_VEC[12]/ram_instance/PortAAddr[5:0],200,0.02406159769008662,8.520999999999999,1.1107667282586977,0.16,0.05426222986531946,6
x_aq_lsu_top/x_aq_dcache_top/x_aq_dcache_tag_array_bank1/x_aq_spsram_64x58_bank1/x_aq_f_spsram_64x58/RAM_DIN_VEC[12]/ram_instance/PortADataIn[0:0],0,0.0,0.0,0.0,0.0,,0
x_aq_lsu_top/x_aq_dcache_top/x_aq_dcache_tag_array_bank1/x_aq_spsram_64x58_bank1/x_aq_f_spsram_64x58/RAM_DIN_VEC[12]/ram_instance/PortAWriteEnable,8,0.0009624639076034649,8.895000000000001,1.1595200150054124,0.125,0.1548224909757984,1
x_aq_lsu_top/x_aq_dcache_top/x_aq_dcache_tag_array_bank1/x_aq_spsram_64x58_bank1/x_aq_f_spsram_64x58/RAM_DIN_VEC[13]/ram_instance/PortAClk,0,0.0,0.0,0.0,0.0,,0
x_aq_lsu_top/x_aq_dcache_top/x_aq_dcache_tag_array_bank1/x_aq_spsram_64x58_bank1/x_aq_f_spsram_64x58/RAM_DIN_VEC[13]/ram_instance/PortAAddr[5:0],200,0.02406159769008662,8.520999999999999,1.1107667282586977,0.16,0.05426222986531946,6
x_aq_lsu_top/x_aq_dcache_top/x_aq_dcache_tag_array_bank1/x_aq_spsram_64x58_bank1/x_aq_f_spsram_64x58/RAM_DIN_VEC[13]/ram_instance/PortADataIn[0:0],0,0.0,0.0,0.0,0.0,,0
x_aq_lsu_top/x_aq_dcache_top/x_aq_dcache_tag_array_bank1/x_aq_spsram_64x58_bank1/x_aq_f_spsram_64x58/RAM_DIN_VEC[13]/ram_instance/PortAWriteEnable,8,0.0009624639076034649,8.895000000000001,1.1595200150054124,0.125,0.1548224909757984,1
x_aq_lsu_top/x_aq_dcache_top/x_aq_dcache_tag_array_bank1/x_aq_spsram_64x58_bank1/x_aq_f_spsram_64x58/RAM_DIN_VEC[14]/ram_instance/PortAClk,0,0.0,0.0,0.0,0.0,,0
x_aq_lsu_top/x_aq_dcache_top/x_aq_dcache_tag_array_bank1/x_aq_spsram_64x58_bank1/x_aq_f_spsram_64x58/RAM_DIN_VEC[14]/ram_instance/PortAAddr[5:0],200,0.02406159769008662,8.520999999999999,1.1107667282586977,0.16,0.05426222986531946,6
x_aq_lsu_top/x_aq_dcache_top/x_aq_dcache_tag_array_bank1/x_aq_spsram_64x58_bank1/x_aq_f_spsram_64x58/RAM_DIN_VEC[14]/ram_instance/PortADataIn[0:0],0,0.0,0.0,0.0,0.0,,0
x_aq_lsu_top/x_aq_dcache_top/x_aq_dcache_tag_array_bank1/x_aq_spsram_64x58_bank1/x_aq_f_spsram_64x58/RAM_DIN_VEC[14]/ram_instance/PortAWriteEnable,8,0.0009624639076034649,8.895000000000001,1.1595200150054124,0.125,0.1548224909757984,1
x_aq_lsu_top/x_aq_dcache_top/x_aq_dcache_tag_array_bank1/x_aq_spsram_64x58_bank1/x_aq_f_spsram_64x58/RAM_DIN_VEC[15]/ram_instance/PortAClk,0,0.0,0.0,0.0,0.0,,0
x_aq_lsu_top/x_aq_dcache_top/x_aq_dcache_tag_array_bank1/x_aq_spsram_64x58_bank1/x_aq_f_spsram_64x58/RAM_DIN_VEC[15]/ram_instance/PortAAddr[5:0],200,0.02406159769008662,8.520999999999999,1.1107667282586977,0.16,0.05426222986531946,6
x_aq_lsu_top/x_aq_dcache_top/x_aq_dcache_tag_array_bank1/x_aq_spsram_64x58_bank1/x_aq_f_spsram_64x58/RAM_DIN_VEC[15]/ram_instance/PortADataIn[0:0],0,0.0,0.0,0.0,0.0,,0
x_aq_lsu_top/x_aq_dcache_top/x_aq_dcache_tag_array_bank1/x_aq_spsram_64x58_bank1/x_aq_f_spsram_64x58/RAM_DIN_VEC[15]/ram_instance/PortAWriteEnable,8,0.0009624639076034649,8.895000000000001,1.1595200150054124,0.125,0.1548224909757984,1
x_aq_lsu_top/x_aq_dcache_top/x_aq_dcache_tag_array_bank1/x_aq_spsram_64x58_bank1/x_aq_f_spsram_64x58/RAM_DIN_VEC[16]/ram_instance/PortAClk,0,0.0,0.0,0.0,0.0,,0
x_aq_lsu_top/x_aq_dcache_top/x_aq_dcache_tag_array_bank1/x_aq_spsram_64x58_bank1/x_aq_f_spsram_64x58/RAM_DIN_VEC[16]/ram_instance/PortAAddr[5:0],200,0.02406159769008662,8.520999999999999,1.1107667282586977,0.16,0.05426222986531946,6
x_aq_lsu_top/x_aq_dcache_top/x_aq_dcache_tag_array_bank1/x_aq_spsram_64x58_bank1/x_aq_f_spsram_64x58/RAM_DIN_VEC[16]/ram_instance/PortADataIn[0:0],0,0.0,0.0,0.0,0.0,,0
x_aq_lsu_top/x_aq_dcache_top/x_aq_dcache_tag_array_bank1/x_aq_spsram_64x58_bank1/x_aq_f_spsram_64x58/RAM_DIN_VEC[16]/ram_instance/PortAWriteEnable,8,0.0009624639076034649,8.895000000000001,1.1595200150054124,0.125,0.1548224909757984,1
x_aq_lsu_top/x_aq_dcache_top/x_aq_dcache_tag_array_bank1/x_aq_spsram_64x58_bank1/x_aq_f_spsram_64x58/RAM_DIN_VEC[17]/ram_instance/PortAClk,0,0.0,0.0,0.0,0.0,,0
x_aq_lsu_top/x_aq_dcache_top/x_aq_dcache_tag_array_bank1/x_aq_spsram_64x58_bank1/x_aq_f_spsram_64x58/RAM_DIN_VEC[17]/ram_instance/PortAAddr[5:0],200,0.02406159769008662,8.520999999999999,1.1107667282586977,0.16,0.05426222986531946,6
x_aq_lsu_top/x_aq_dcache_top/x_aq_dcache_tag_array_bank1/x_aq_spsram_64x58_bank1/x_aq_f_spsram_64x58/RAM_DIN_VEC[17]/ram_instance/PortADataIn[0:0],0,0.0,0.0,0.0,0.0,,0
x_aq_lsu_top/x_aq_dcache_top/x_aq_dcache_tag_array_bank1/x_aq_spsram_64x58_bank1/x_aq_f_spsram_64x58/RAM_DIN_VEC[17]/ram_instance/PortAWriteEnable,8,0.0009624639076034649,8.895000000000001,1.1595200150054124,0.125,0.1548224909757984,1
x_aq_lsu_top/x_aq_dcache_top/x_aq_dcache_tag_array_bank1/x_aq_spsram_64x58_bank1/x_aq_f_spsram_64x58/RAM_DIN_VEC[18]/ram_instance/PortAClk,0,0.0,0.0,0.0,0.0,,0
x_aq_lsu_top/x_aq_dcache_top/x_aq_dcache_tag_array_bank1/x_aq_spsram_64x58_bank1/x_aq_f_spsram_64x58/RAM_DIN_VEC[18]/ram_instance/PortAAddr[5:0],200,0.02406159769008662,8.520999999999999,1.1107667282586977,0.16,0.05426222986531946,6
x_aq_lsu_top/x_aq_dcache_top/x_aq_dcache_tag_array_bank1/x_aq_spsram_64x58_bank1/x_aq_f_spsram_64x58/RAM_DIN_VEC[18]/ram_instance/PortADataIn[0:0],0,0.0,0.0,0.0,0.0,,0
x_aq_lsu_top/x_aq_dcache_top/x_aq_dcache_tag_array_bank1/x_aq_spsram_64x58_bank1/x_aq_f_spsram_64x58/RAM_DIN_VEC[18]/ram_instance/PortAWriteEnable,8,0.0009624639076034649,8.895000000000001,1.1595200150054124,0.125,0.1548224909757984,1
x_aq_lsu_top/x_aq_dcache_top/x_aq_dcache_tag_array_bank1/x_aq_spsram_64x58_bank1/x_aq_f_spsram_64x58/RAM_DIN_VEC[19]/ram_instance/PortAClk,0,0.0,0.0,0.0,0.0,,0
x_aq_lsu_top/x_aq_dcache_top/x_aq_dcache_tag_array_bank1/x_aq_spsram_64x58_bank1/x_aq_f_spsram_64x58/RAM_DIN_VEC[19]/ram_instance/PortAAddr[5:0],200,0.02406159769008662,8.520999999999999,1.1107667282586977,0.16,0.05426222986531946,6
x_aq_lsu_top/x_aq_dcache_top/x_aq_dcache_tag_array_bank1/x_aq_spsram_64x58_bank1/x_aq_f_spsram_64x58/RAM_DIN_VEC[19]/ram_instance/PortADataIn[0:0],0,0.0,0.0,0.0,0.0,,0
x_aq_lsu_top/x_aq_dcache_top/x_aq_dcache_tag_array_bank1/x_aq_spsram_64x58_bank1/x_aq_f_spsram_64x58/RAM_DIN_VEC[19]/ram_instance/PortAWriteEnable,8,0.0009624639076034649,8.895000000000001,1.1595200150054124,0.125,0.1548224909757984,1
x_aq_lsu_top/x_aq_dcache_top/x_aq_dcache_tag_array_bank1/x_aq_spsram_64x58_bank1/x_aq_f_spsram_64x58/RAM_DIN_VEC[20]/ram_instance/PortAClk,0,0.0,0.0,0.0,0.0,,0
x_aq_lsu_top/x_aq_dcache_top/x_aq_dcache_tag_array_bank1/x_aq_spsram_64x58_bank1/x_aq_f_spsram_64x58/RAM_DIN_VEC[20]/ram_instance/PortAAddr[5:0],200,0.02406159769008662,8.520999999999999,1.1107667282586977,0.16,0.05426222986531946,6
x_aq_lsu_top/x_aq_dcache_top/x_aq_dcache_tag_array_bank1/x_aq_spsram_64x58_bank1/x_aq_f_spsram_64x58/RAM_DIN_VEC[20]/ram_instance/PortADataIn[0:0],0,0.0,0.0,0.0,0.0,,0
x_aq_lsu_top/x_aq_dcache_top/x_aq_dcache_tag_array_bank1/x_aq_spsram_64x58_bank1/x_aq_f_spsram_64x58/RAM_DIN_VEC[20]/ram_instance/PortAWriteEnable,8,0.0009624639076034649,8.895000000000001,1.1595200150054124,0.125,0.1548224909757984,1
x_aq_lsu_top/x_aq_dcache_top/x_aq_dcache_tag_array_bank1/x_aq_spsram_64x58_bank1/x_aq_f_spsram_64x58/RAM_DIN_VEC[21]/ram_instance/PortAClk,0,0.0,0.0,0.0,0.0,,0
x_aq_lsu_top/x_aq_dcache_top/x_aq_dcache_tag_array_bank1/x_aq_spsram_64x58_bank1/x_aq_f_spsram_64x58/RAM_DIN_VEC[21]/ram_instance/PortAAddr[5:0],200,0.02406159769008662,8.520999999999999,1.1107667282586977,0.16,0.05426222986531946,6
x_aq_lsu_top/x_aq_dcache_top/x_aq_dcache_tag_array_bank1/x_aq_spsram_64x58_bank1/x_aq_f_spsram_64x58/RAM_DIN_VEC[21]/ram_instance/PortADataIn[0:0],0,0.0,0.0,0.0,0.0,,0
x_aq_lsu_top/x_aq_dcache_top/x_aq_dcache_tag_array_bank1/x_aq_spsram_64x58_bank1/x_aq_f_spsram_64x58/RAM_DIN_VEC[21]/ram_instance/PortAWriteEnable,8,0.0009624639076034649,8.895000000000001,1.1595200150054124,0.125,0.1548224909757984,1
x_aq_lsu_top/x_aq_dcache_top/x_aq_dcache_tag_array_bank1/x_aq_spsram_64x58_bank1/x_aq_f_spsram_64x58/RAM_DIN_VEC[22]/ram_instance/PortAClk,0,0.0,0.0,0.0,0.0,,0
x_aq_lsu_top/x_aq_dcache_top/x_aq_dcache_tag_array_bank1/x_aq_spsram_64x58_bank1/x_aq_f_spsram_64x58/RAM_DIN_VEC[22]/ram_instance/PortAAddr[5:0],200,0.02406159769008662,8.520999999999999,1.1107667282586977,0.16,0.05426222986531946,6
x_aq_lsu_top/x_aq_dcache_top/x_aq_dcache_tag_array_bank1/x_aq_spsram_64x58_bank1/x_aq_f_spsram_64x58/RAM_DIN_VEC[22]/ram_instance/PortADataIn[0:0],0,0.0,0.0,0.0,0.0,,0
x_aq_lsu_top/x_aq_dcache_top/x_aq_dcache_tag_array_bank1/x_aq_spsram_64x58_bank1/x_aq_f_spsram_64x58/RAM_DIN_VEC[22]/ram_instance/PortAWriteEnable,8,0.0009624639076034649,8.895000000000001,1.1595200150054124,0.125,0.1548224909757984,1
x_aq_lsu_top/x_aq_dcache_top/x_aq_dcache_tag_array_bank1/x_aq_spsram_64x58_bank1/x_aq_f_spsram_64x58/RAM_DIN_VEC[23]/ram_instance/PortAClk,0,0.0,0.0,0.0,0.0,,0
x_aq_lsu_top/x_aq_dcache_top/x_aq_dcache_tag_array_bank1/x_aq_spsram_64x58_bank1/x_aq_f_spsram_64x58/RAM_DIN_VEC[23]/ram_instance/PortAAddr[5:0],200,0.02406159769008662,8.520999999999999,1.1107667282586977,0.16,0.05426222986531946,6
x_aq_lsu_top/x_aq_dcache_top/x_aq_dcache_tag_array_bank1/x_aq_spsram_64x58_bank1/x_aq_f_spsram_64x58/RAM_DIN_VEC[23]/ram_instance/PortADataIn[0:0],0,0.0,0.0,0.0,0.0,,0
x_aq_lsu_top/x_aq_dcache_top/x_aq_dcache_tag_array_bank1/x_aq_spsram_64x58_bank1/x_aq_f_spsram_64x58/RAM_DIN_VEC[23]/ram_instance/PortAWriteEnable,8,0.0009624639076034649,8.895000000000001,1.1595200150054124,0.125,0.1548224909757984,1
x_aq_lsu_top/x_aq_dcache_top/x_aq_dcache_tag_array_bank1/x_aq_spsram_64x58_bank1/x_aq_f_spsram_64x58/RAM_DIN_VEC[24]/ram_instance/PortAClk,0,0.0,0.0,0.0,0.0,,0
x_aq_lsu_top/x_aq_dcache_top/x_aq_dcache_tag_array_bank1/x_aq_spsram_64x58_bank1/x_aq_f_spsram_64x58/RAM_DIN_VEC[24]/ram_instance/PortAAddr[5:0],200,0.02406159769008662,8.520999999999999,1.1107667282586977,0.16,0.05426222986531946,6
x_aq_lsu_top/x_aq_dcache_top/x_aq_dcache_tag_array_bank1/x_aq_spsram_64x58_bank1/x_aq_f_spsram_64x58/RAM_DIN_VEC[24]/ram_instance/PortADataIn[0:0],0,0.0,0.0,0.0,0.0,,0
x_aq_lsu_top/x_aq_dcache_top/x_aq_dcache_tag_array_bank1/x_aq_spsram_64x58_bank1/x_aq_f_spsram_64x58/RAM_DIN_VEC[24]/ram_instance/PortAWriteEnable,8,0.0009624639076034649,8.895000000000001,1.1595200150054124,0.125,0.1548224909757984,1
x_aq_lsu_top/x_aq_dcache_top/x_aq_dcache_tag_array_bank1/x_aq_spsram_64x58_bank1/x_aq_f_spsram_64x58/RAM_DIN_VEC[25]/ram_instance/PortAClk,0,0.0,0.0,0.0,0.0,,0
x_aq_lsu_top/x_aq_dcache_top/x_aq_dcache_tag_array_bank1/x_aq_spsram_64x58_bank1/x_aq_f_spsram_64x58/RAM_DIN_VEC[25]/ram_instance/PortAAddr[5:0],200,0.02406159769008662,8.520999999999999,1.1107667282586977,0.16,0.05426222986531946,6
x_aq_lsu_top/x_aq_dcache_top/x_aq_dcache_tag_array_bank1/x_aq_spsram_64x58_bank1/x_aq_f_spsram_64x58/RAM_DIN_VEC[25]/ram_instance/PortADataIn[0:0],0,0.0,0.0,0.0,0.0,,0
x_aq_lsu_top/x_aq_dcache_top/x_aq_dcache_tag_array_bank1/x_aq_spsram_64x58_bank1/x_aq_f_spsram_64x58/RAM_DIN_VEC[25]/ram_instance/PortAWriteEnable,8,0.0009624639076034649,8.895000000000001,1.1595200150054124,0.125,0.1548224909757984,1
x_aq_lsu_top/x_aq_dcache_top/x_aq_dcache_tag_array_bank1/x_aq_spsram_64x58_bank1/x_aq_f_spsram_64x58/RAM_DIN_VEC[26]/ram_instance/PortAClk,0,0.0,0.0,0.0,0.0,,0
x_aq_lsu_top/x_aq_dcache_top/x_aq_dcache_tag_array_bank1/x_aq_spsram_64x58_bank1/x_aq_f_spsram_64x58/RAM_DIN_VEC[26]/ram_instance/PortAAddr[5:0],200,0.02406159769008662,8.520999999999999,1.1107667282586977,0.16,0.05426222986531946,6
x_aq_lsu_top/x_aq_dcache_top/x_aq_dcache_tag_array_bank1/x_aq_spsram_64x58_bank1/x_aq_f_spsram_64x58/RAM_DIN_VEC[26]/ram_instance/PortADataIn[0:0],0,0.0,0.0,0.0,0.0,,0
x_aq_lsu_top/x_aq_dcache_top/x_aq_dcache_tag_array_bank1/x_aq_spsram_64x58_bank1/x_aq_f_spsram_64x58/RAM_DIN_VEC[26]/ram_instance/PortAWriteEnable,8,0.0009624639076034649,8.895000000000001,1.1595200150054124,0.125,0.1548224909757984,1
x_aq_lsu_top/x_aq_dcache_top/x_aq_dcache_tag_array_bank1/x_aq_spsram_64x58_bank1/x_aq_f_spsram_64x58/RAM_DIN_VEC[27]/ram_instance/PortAClk,0,0.0,0.0,0.0,0.0,,0
x_aq_lsu_top/x_aq_dcache_top/x_aq_dcache_tag_array_bank1/x_aq_spsram_64x58_bank1/x_aq_f_spsram_64x58/RAM_DIN_VEC[27]/ram_instance/PortAAddr[5:0],200,0.02406159769008662,8.520999999999999,1.1107667282586977,0.16,0.05426222986531946,6
x_aq_lsu_top/x_aq_dcache_top/x_aq_dcache_tag_array_bank1/x_aq_spsram_64x58_bank1/x_aq_f_spsram_64x58/RAM_DIN_VEC[27]/ram_instance/PortADataIn[0:0],0,0.0,0.0,0.0,0.0,,0
x_aq_lsu_top/x_aq_dcache_top/x_aq_dcache_tag_array_bank1/x_aq_spsram_64x58_bank1/x_aq_f_spsram_64x58/RAM_DIN_VEC[27]/ram_instance/PortAWriteEnable,8,0.0009624639076034649,8.895000000000001,1.1595200150054124,0.125,0.1548224909757984,1
x_aq_lsu_top/x_aq_dcache_top/x_aq_dcache_tag_array_bank1/x_aq_spsram_64x58_bank1/x_aq_f_spsram_64x58/RAM_DIN_VEC[28]/ram_instance/PortAClk,0,0.0,0.0,0.0,0.0,,0
x_aq_lsu_top/x_aq_dcache_top/x_aq_dcache_tag_array_bank1/x_aq_spsram_64x58_bank1/x_aq_f_spsram_64x58/RAM_DIN_VEC[28]/ram_instance/PortAAddr[5:0],200,0.02406159769008662,8.520999999999999,1.1107667282586977,0.16,0.05426222986531946,6
x_aq_lsu_top/x_aq_dcache_top/x_aq_dcache_tag_array_bank1/x_aq_spsram_64x58_bank1/x_aq_f_spsram_64x58/RAM_DIN_VEC[28]/ram_instance/PortADataIn[0:0],0,0.0,0.0,0.0,0.0,,0
x_aq_lsu_top/x_aq_dcache_top/x_aq_dcache_tag_array_bank1/x_aq_spsram_64x58_bank1/x_aq_f_spsram_64x58/RAM_DIN_VEC[28]/ram_instance/PortAWriteEnable,8,0.0009624639076034649,8.895000000000001,1.1595200150054124,0.125,0.1548224909757984,1
x_aq_lsu_top/x_aq_dcache_top/x_aq_dcache_tag_array_bank1/x_aq_spsram_64x58_bank1/x_aq_f_spsram_64x58/RAM_DIN_VEC[29]/ram_instance/PortAClk,0,0.0,0.0,0.0,0.0,,0
x_aq_lsu_top/x_aq_dcache_top/x_aq_dcache_tag_array_bank1/x_aq_spsram_64x58_bank1/x_aq_f_spsram_64x58/RAM_DIN_VEC[29]/ram_instance/PortAAddr[5:0],200,0.02406159769008662,8.520999999999999,1.1107667282586977,0.16,0.05426222986531946,6
x_aq_lsu_top/x_aq_dcache_top/x_aq_dcache_tag_array_bank1/x_aq_spsram_64x58_bank1/x_aq_f_spsram_64x58/RAM_DIN_VEC[29]/ram_instance/PortADataIn[0:0],0,0.0,0.0,0.0,0.0,,0
x_aq_lsu_top/x_aq_dcache_top/x_aq_dcache_tag_array_bank1/x_aq_spsram_64x58_bank1/x_aq_f_spsram_64x58/RAM_DIN_VEC[29]/ram_instance/PortAWriteEnable,8,0.0009624639076034649,8.895000000000001,1.1595200150054124,0.125,0.1548224909757984,1
x_aq_lsu_top/x_aq_dcache_top/x_aq_dcache_tag_array_bank1/x_aq_spsram_64x58_bank1/x_aq_f_spsram_64x58/RAM_DIN_VEC[30]/ram_instance/PortAClk,0,0.0,0.0,0.0,0.0,,0
x_aq_lsu_top/x_aq_dcache_top/x_aq_dcache_tag_array_bank1/x_aq_spsram_64x58_bank1/x_aq_f_spsram_64x58/RAM_DIN_VEC[30]/ram_instance/PortAAddr[5:0],200,0.02406159769008662,8.520999999999999,1.1107667282586977,0.16,0.05426222986531946,6
x_aq_lsu_top/x_aq_dcache_top/x_aq_dcache_tag_array_bank1/x_aq_spsram_64x58_bank1/x_aq_f_spsram_64x58/RAM_DIN_VEC[30]/ram_instance/PortADataIn[0:0],0,0.0,0.0,0.0,0.0,,0
x_aq_lsu_top/x_aq_dcache_top/x_aq_dcache_tag_array_bank1/x_aq_spsram_64x58_bank1/x_aq_f_spsram_64x58/RAM_DIN_VEC[30]/ram_instance/PortAWriteEnable,8,0.0009624639076034649,8.895000000000001,1.1595200150054124,0.125,0.1548224909757984,1
x_aq_lsu_top/x_aq_dcache_top/x_aq_dcache_tag_array_bank1/x_aq_spsram_64x58_bank1/x_aq_f_spsram_64x58/RAM_DIN_VEC[31]/ram_instance/PortAClk,0,0.0,0.0,0.0,0.0,,0
x_aq_lsu_top/x_aq_dcache_top/x_aq_dcache_tag_array_bank1/x_aq_spsram_64x58_bank1/x_aq_f_spsram_64x58/RAM_DIN_VEC[31]/ram_instance/PortAAddr[5:0],200,0.02406159769008662,8.520999999999999,1.1107667282586977,0.16,0.05426222986531946,6
x_aq_lsu_top/x_aq_dcache_top/x_aq_dcache_tag_array_bank1/x_aq_spsram_64x58_bank1/x_aq_f_spsram_64x58/RAM_DIN_VEC[31]/ram_instance/PortADataIn[0:0],0,0.0,0.0,0.0,0.0,,0
x_aq_lsu_top/x_aq_dcache_top/x_aq_dcache_tag_array_bank1/x_aq_spsram_64x58_bank1/x_aq_f_spsram_64x58/RAM_DIN_VEC[31]/ram_instance/PortAWriteEnable,8,0.0009624639076034649,8.895000000000001,1.1595200150054124,0.125,0.1548224909757984,1
x_aq_lsu_top/x_aq_dcache_top/x_aq_dcache_tag_array_bank1/x_aq_spsram_64x58_bank1/x_aq_f_spsram_64x58/RAM_DIN_VEC[32]/ram_instance/PortAClk,0,0.0,0.0,0.0,0.0,,0
x_aq_lsu_top/x_aq_dcache_top/x_aq_dcache_tag_array_bank1/x_aq_spsram_64x58_bank1/x_aq_f_spsram_64x58/RAM_DIN_VEC[32]/ram_instance/PortAAddr[5:0],200,0.02406159769008662,8.520999999999999,1.1107667282586977,0.16,0.05426222986531946,6
x_aq_lsu_top/x_aq_dcache_top/x_aq_dcache_tag_array_bank1/x_aq_spsram_64x58_bank1/x_aq_f_spsram_64x58/RAM_DIN_VEC[32]/ram_instance/PortADataIn[0:0],0,0.0,0.0,0.0,0.0,,0
x_aq_lsu_top/x_aq_dcache_top/x_aq_dcache_tag_array_bank1/x_aq_spsram_64x58_bank1/x_aq_f_spsram_64x58/RAM_DIN_VEC[32]/ram_instance/PortAWriteEnable,8,0.0009624639076034649,8.895000000000001,1.1595200150054124,0.125,0.1548224909757984,1
x_aq_lsu_top/x_aq_dcache_top/x_aq_dcache_tag_array_bank1/x_aq_spsram_64x58_bank1/x_aq_f_spsram_64x58/RAM_DIN_VEC[33]/ram_instance/PortAClk,0,0.0,0.0,0.0,0.0,,0
x_aq_lsu_top/x_aq_dcache_top/x_aq_dcache_tag_array_bank1/x_aq_spsram_64x58_bank1/x_aq_f_spsram_64x58/RAM_DIN_VEC[33]/ram_instance/PortAAddr[5:0],200,0.02406159769008662,8.520999999999999,1.1107667282586977,0.16,0.05426222986531946,6
x_aq_lsu_top/x_aq_dcache_top/x_aq_dcache_tag_array_bank1/x_aq_spsram_64x58_bank1/x_aq_f_spsram_64x58/RAM_DIN_VEC[33]/ram_instance/PortADataIn[0:0],0,0.0,0.0,0.0,0.0,,0
x_aq_lsu_top/x_aq_dcache_top/x_aq_dcache_tag_array_bank1/x_aq_spsram_64x58_bank1/x_aq_f_spsram_64x58/RAM_DIN_VEC[33]/ram_instance/PortAWriteEnable,8,0.0009624639076034649,8.895000000000001,1.1595200150054124,0.125,0.1548224909757984,1
x_aq_lsu_top/x_aq_dcache_top/x_aq_dcache_tag_array_bank1/x_aq_spsram_64x58_bank1/x_aq_f_spsram_64x58/RAM_DIN_VEC[34]/ram_instance/PortAClk,0,0.0,0.0,0.0,0.0,,0
x_aq_lsu_top/x_aq_dcache_top/x_aq_dcache_tag_array_bank1/x_aq_spsram_64x58_bank1/x_aq_f_spsram_64x58/RAM_DIN_VEC[34]/ram_instance/PortAAddr[5:0],200,0.02406159769008662,8.520999999999999,1.1107667282586977,0.16,0.05426222986531946,6
x_aq_lsu_top/x_aq_dcache_top/x_aq_dcache_tag_array_bank1/x_aq_spsram_64x58_bank1/x_aq_f_spsram_64x58/RAM_DIN_VEC[34]/ram_instance/PortADataIn[0:0],0,0.0,0.0,0.0,0.0,,0
x_aq_lsu_top/x_aq_dcache_top/x_aq_dcache_tag_array_bank1/x_aq_spsram_64x58_bank1/x_aq_f_spsram_64x58/RAM_DIN_VEC[34]/ram_instance/PortAWriteEnable,8,0.0009624639076034649,8.895000000000001,1.1595200150054124,0.125,0.1548224909757984,1
x_aq_lsu_top/x_aq_dcache_top/x_aq_dcache_tag_array_bank1/x_aq_spsram_64x58_bank1/x_aq_f_spsram_64x58/RAM_DIN_VEC[35]/ram_instance/PortAClk,0,0.0,0.0,0.0,0.0,,0
x_aq_lsu_top/x_aq_dcache_top/x_aq_dcache_tag_array_bank1/x_aq_spsram_64x58_bank1/x_aq_f_spsram_64x58/RAM_DIN_VEC[35]/ram_instance/PortAAddr[5:0],200,0.02406159769008662,8.520999999999999,1.1107667282586977,0.16,0.05426222986531946,6
x_aq_lsu_top/x_aq_dcache_top/x_aq_dcache_tag_array_bank1/x_aq_spsram_64x58_bank1/x_aq_f_spsram_64x58/RAM_DIN_VEC[35]/ram_instance/PortADataIn[0:0],0,0.0,0.0,0.0,0.0,,0
x_aq_lsu_top/x_aq_dcache_top/x_aq_dcache_tag_array_bank1/x_aq_spsram_64x58_bank1/x_aq_f_spsram_64x58/RAM_DIN_VEC[35]/ram_instance/PortAWriteEnable,8,0.0009624639076034649,8.895000000000001,1.1595200150054124,0.125,0.1548224909757984,1
x_aq_lsu_top/x_aq_dcache_top/x_aq_dcache_tag_array_bank1/x_aq_spsram_64x58_bank1/x_aq_f_spsram_64x58/RAM_DIN_VEC[36]/ram_instance/PortAClk,0,0.0,0.0,0.0,0.0,,0
x_aq_lsu_top/x_aq_dcache_top/x_aq_dcache_tag_array_bank1/x_aq_spsram_64x58_bank1/x_aq_f_spsram_64x58/RAM_DIN_VEC[36]/ram_instance/PortAAddr[5:0],200,0.02406159769008662,8.520999999999999,1.1107667282586977,0.16,0.05426222986531946,6
x_aq_lsu_top/x_aq_dcache_top/x_aq_dcache_tag_array_bank1/x_aq_spsram_64x58_bank1/x_aq_f_spsram_64x58/RAM_DIN_VEC[36]/ram_instance/PortADataIn[0:0],0,0.0,0.0,0.0,0.0,,0
x_aq_lsu_top/x_aq_dcache_top/x_aq_dcache_tag_array_bank1/x_aq_spsram_64x58_bank1/x_aq_f_spsram_64x58/RAM_DIN_VEC[36]/ram_instance/PortAWriteEnable,8,0.0009624639076034649,8.895000000000001,1.1595200150054124,0.125,0.1548224909757984,1
x_aq_lsu_top/x_aq_dcache_top/x_aq_dcache_tag_array_bank1/x_aq_spsram_64x58_bank1/x_aq_f_spsram_64x58/RAM_DIN_VEC[37]/ram_instance/PortAClk,0,0.0,0.0,0.0,0.0,,0
x_aq_lsu_top/x_aq_dcache_top/x_aq_dcache_tag_array_bank1/x_aq_spsram_64x58_bank1/x_aq_f_spsram_64x58/RAM_DIN_VEC[37]/ram_instance/PortAAddr[5:0],200,0.02406159769008662,8.520999999999999,1.1107667282586977,0.16,0.05426222986531946,6
x_aq_lsu_top/x_aq_dcache_top/x_aq_dcache_tag_array_bank1/x_aq_spsram_64x58_bank1/x_aq_f_spsram_64x58/RAM_DIN_VEC[37]/ram_instance/PortADataIn[0:0],0,0.0,0.0,0.0,0.0,,0
x_aq_lsu_top/x_aq_dcache_top/x_aq_dcache_tag_array_bank1/x_aq_spsram_64x58_bank1/x_aq_f_spsram_64x58/RAM_DIN_VEC[37]/ram_instance/PortAWriteEnable,8,0.0009624639076034649,8.895000000000001,1.1595200150054124,0.125,0.1548224909757984,1
x_aq_lsu_top/x_aq_dcache_top/x_aq_dcache_tag_array_bank1/x_aq_spsram_64x58_bank1/x_aq_f_spsram_64x58/RAM_DIN_VEC[38]/ram_instance/PortAClk,0,0.0,0.0,0.0,0.0,,0
x_aq_lsu_top/x_aq_dcache_top/x_aq_dcache_tag_array_bank1/x_aq_spsram_64x58_bank1/x_aq_f_spsram_64x58/RAM_DIN_VEC[38]/ram_instance/PortAAddr[5:0],200,0.02406159769008662,8.520999999999999,1.1107667282586977,0.16,0.05426222986531946,6
x_aq_lsu_top/x_aq_dcache_top/x_aq_dcache_tag_array_bank1/x_aq_spsram_64x58_bank1/x_aq_f_spsram_64x58/RAM_DIN_VEC[38]/ram_instance/PortADataIn[0:0],0,0.0,0.0,0.0,0.0,,0
x_aq_lsu_top/x_aq_dcache_top/x_aq_dcache_tag_array_bank1/x_aq_spsram_64x58_bank1/x_aq_f_spsram_64x58/RAM_DIN_VEC[38]/ram_instance/PortAWriteEnable,8,0.0009624639076034649,8.895000000000001,1.1595200150054124,0.125,0.1548224909757984,1
x_aq_lsu_top/x_aq_dcache_top/x_aq_dcache_tag_array_bank1/x_aq_spsram_64x58_bank1/x_aq_f_spsram_64x58/RAM_DIN_VEC[39]/ram_instance/PortAClk,0,0.0,0.0,0.0,0.0,,0
x_aq_lsu_top/x_aq_dcache_top/x_aq_dcache_tag_array_bank1/x_aq_spsram_64x58_bank1/x_aq_f_spsram_64x58/RAM_DIN_VEC[39]/ram_instance/PortAAddr[5:0],200,0.02406159769008662,8.520999999999999,1.1107667282586977,0.16,0.05426222986531946,6
x_aq_lsu_top/x_aq_dcache_top/x_aq_dcache_tag_array_bank1/x_aq_spsram_64x58_bank1/x_aq_f_spsram_64x58/RAM_DIN_VEC[39]/ram_instance/PortADataIn[0:0],0,0.0,0.0,0.0,0.0,,0
x_aq_lsu_top/x_aq_dcache_top/x_aq_dcache_tag_array_bank1/x_aq_spsram_64x58_bank1/x_aq_f_spsram_64x58/RAM_DIN_VEC[39]/ram_instance/PortAWriteEnable,8,0.0009624639076034649,8.895000000000001,1.1595200150054124,0.125,0.1548224909757984,1
x_aq_lsu_top/x_aq_dcache_top/x_aq_dcache_tag_array_bank1/x_aq_spsram_64x58_bank1/x_aq_f_spsram_64x58/RAM_DIN_VEC[40]/ram_instance/PortAClk,0,0.0,0.0,0.0,0.0,,0
x_aq_lsu_top/x_aq_dcache_top/x_aq_dcache_tag_array_bank1/x_aq_spsram_64x58_bank1/x_aq_f_spsram_64x58/RAM_DIN_VEC[40]/ram_instance/PortAAddr[5:0],200,0.02406159769008662,8.520999999999999,1.1107667282586977,0.16,0.05426222986531946,6
x_aq_lsu_top/x_aq_dcache_top/x_aq_dcache_tag_array_bank1/x_aq_spsram_64x58_bank1/x_aq_f_spsram_64x58/RAM_DIN_VEC[40]/ram_instance/PortADataIn[0:0],0,0.0,0.0,0.0,0.0,,0
x_aq_lsu_top/x_aq_dcache_top/x_aq_dcache_tag_array_bank1/x_aq_spsram_64x58_bank1/x_aq_f_spsram_64x58/RAM_DIN_VEC[40]/ram_instance/PortAWriteEnable,8,0.0009624639076034649,8.895000000000001,1.1595200150054124,0.125,0.1548224909757984,1
x_aq_lsu_top/x_aq_dcache_top/x_aq_dcache_tag_array_bank1/x_aq_spsram_64x58_bank1/x_aq_f_spsram_64x58/RAM_DIN_VEC[41]/ram_instance/PortAClk,0,0.0,0.0,0.0,0.0,,0
x_aq_lsu_top/x_aq_dcache_top/x_aq_dcache_tag_array_bank1/x_aq_spsram_64x58_bank1/x_aq_f_spsram_64x58/RAM_DIN_VEC[41]/ram_instance/PortAAddr[5:0],200,0.02406159769008662,8.520999999999999,1.1107667282586977,0.16,0.05426222986531946,6
x_aq_lsu_top/x_aq_dcache_top/x_aq_dcache_tag_array_bank1/x_aq_spsram_64x58_bank1/x_aq_f_spsram_64x58/RAM_DIN_VEC[41]/ram_instance/PortADataIn[0:0],0,0.0,0.0,0.0,0.0,,0
x_aq_lsu_top/x_aq_dcache_top/x_aq_dcache_tag_array_bank1/x_aq_spsram_64x58_bank1/x_aq_f_spsram_64x58/RAM_DIN_VEC[41]/ram_instance/PortAWriteEnable,8,0.0009624639076034649,8.895000000000001,1.1595200150054124,0.125,0.1548224909757984,1
x_aq_lsu_top/x_aq_dcache_top/x_aq_dcache_tag_array_bank1/x_aq_spsram_64x58_bank1/x_aq_f_spsram_64x58/RAM_DIN_VEC[42]/ram_instance/PortAClk,0,0.0,0.0,0.0,0.0,,0
x_aq_lsu_top/x_aq_dcache_top/x_aq_dcache_tag_array_bank1/x_aq_spsram_64x58_bank1/x_aq_f_spsram_64x58/RAM_DIN_VEC[42]/ram_instance/PortAAddr[5:0],200,0.02406159769008662,8.520999999999999,1.1107667282586977,0.16,0.05426222986531946,6
x_aq_lsu_top/x_aq_dcache_top/x_aq_dcache_tag_array_bank1/x_aq_spsram_64x58_bank1/x_aq_f_spsram_64x58/RAM_DIN_VEC[42]/ram_instance/PortADataIn[0:0],0,0.0,0.0,0.0,0.0,,0
x_aq_lsu_top/x_aq_dcache_top/x_aq_dcache_tag_array_bank1/x_aq_spsram_64x58_bank1/x_aq_f_spsram_64x58/RAM_DIN_VEC[42]/ram_instance/PortAWriteEnable,8,0.0009624639076034649,8.895000000000001,1.1595200150054124,0.125,0.1548224909757984,1
x_aq_lsu_top/x_aq_dcache_top/x_aq_dcache_tag_array_bank1/x_aq_spsram_64x58_bank1/x_aq_f_spsram_64x58/RAM_DIN_VEC[43]/ram_instance/PortAClk,0,0.0,0.0,0.0,0.0,,0
x_aq_lsu_top/x_aq_dcache_top/x_aq_dcache_tag_array_bank1/x_aq_spsram_64x58_bank1/x_aq_f_spsram_64x58/RAM_DIN_VEC[43]/ram_instance/PortAAddr[5:0],200,0.02406159769008662,8.520999999999999,1.1107667282586977,0.16,0.05426222986531946,6
x_aq_lsu_top/x_aq_dcache_top/x_aq_dcache_tag_array_bank1/x_aq_spsram_64x58_bank1/x_aq_f_spsram_64x58/RAM_DIN_VEC[43]/ram_instance/PortADataIn[0:0],0,0.0,0.0,0.0,0.0,,0
x_aq_lsu_top/x_aq_dcache_top/x_aq_dcache_tag_array_bank1/x_aq_spsram_64x58_bank1/x_aq_f_spsram_64x58/RAM_DIN_VEC[43]/ram_instance/PortAWriteEnable,8,0.0009624639076034649,8.895000000000001,1.1595200150054124,0.125,0.1548224909757984,1
x_aq_lsu_top/x_aq_dcache_top/x_aq_dcache_tag_array_bank1/x_aq_spsram_64x58_bank1/x_aq_f_spsram_64x58/RAM_DIN_VEC[44]/ram_instance/PortAClk,0,0.0,0.0,0.0,0.0,,0
x_aq_lsu_top/x_aq_dcache_top/x_aq_dcache_tag_array_bank1/x_aq_spsram_64x58_bank1/x_aq_f_spsram_64x58/RAM_DIN_VEC[44]/ram_instance/PortAAddr[5:0],200,0.02406159769008662,8.520999999999999,1.1107667282586977,0.16,0.05426222986531946,6
x_aq_lsu_top/x_aq_dcache_top/x_aq_dcache_tag_array_bank1/x_aq_spsram_64x58_bank1/x_aq_f_spsram_64x58/RAM_DIN_VEC[44]/ram_instance/PortADataIn[0:0],0,0.0,0.0,0.0,0.0,,0
x_aq_lsu_top/x_aq_dcache_top/x_aq_dcache_tag_array_bank1/x_aq_spsram_64x58_bank1/x_aq_f_spsram_64x58/RAM_DIN_VEC[44]/ram_instance/PortAWriteEnable,8,0.0009624639076034649,8.895000000000001,1.1595200150054124,0.125,0.1548224909757984,1
x_aq_lsu_top/x_aq_dcache_top/x_aq_dcache_tag_array_bank1/x_aq_spsram_64x58_bank1/x_aq_f_spsram_64x58/RAM_DIN_VEC[45]/ram_instance/PortAClk,0,0.0,0.0,0.0,0.0,,0
x_aq_lsu_top/x_aq_dcache_top/x_aq_dcache_tag_array_bank1/x_aq_spsram_64x58_bank1/x_aq_f_spsram_64x58/RAM_DIN_VEC[45]/ram_instance/PortAAddr[5:0],200,0.02406159769008662,8.520999999999999,1.1107667282586977,0.16,0.05426222986531946,6
x_aq_lsu_top/x_aq_dcache_top/x_aq_dcache_tag_array_bank1/x_aq_spsram_64x58_bank1/x_aq_f_spsram_64x58/RAM_DIN_VEC[45]/ram_instance/PortADataIn[0:0],0,0.0,0.0,0.0,0.0,,0
x_aq_lsu_top/x_aq_dcache_top/x_aq_dcache_tag_array_bank1/x_aq_spsram_64x58_bank1/x_aq_f_spsram_64x58/RAM_DIN_VEC[45]/ram_instance/PortAWriteEnable,8,0.0009624639076034649,8.895000000000001,1.1595200150054124,0.125,0.1548224909757984,1
x_aq_lsu_top/x_aq_dcache_top/x_aq_dcache_tag_array_bank1/x_aq_spsram_64x58_bank1/x_aq_f_spsram_64x58/RAM_DIN_VEC[46]/ram_instance/PortAClk,0,0.0,0.0,0.0,0.0,,0
x_aq_lsu_top/x_aq_dcache_top/x_aq_dcache_tag_array_bank1/x_aq_spsram_64x58_bank1/x_aq_f_spsram_64x58/RAM_DIN_VEC[46]/ram_instance/PortAAddr[5:0],200,0.02406159769008662,8.520999999999999,1.1107667282586977,0.16,0.05426222986531946,6
x_aq_lsu_top/x_aq_dcache_top/x_aq_dcache_tag_array_bank1/x_aq_spsram_64x58_bank1/x_aq_f_spsram_64x58/RAM_DIN_VEC[46]/ram_instance/PortADataIn[0:0],0,0.0,0.0,0.0,0.0,,0
x_aq_lsu_top/x_aq_dcache_top/x_aq_dcache_tag_array_bank1/x_aq_spsram_64x58_bank1/x_aq_f_spsram_64x58/RAM_DIN_VEC[46]/ram_instance/PortAWriteEnable,8,0.0009624639076034649,8.895000000000001,1.1595200150054124,0.125,0.1548224909757984,1
x_aq_lsu_top/x_aq_dcache_top/x_aq_dcache_tag_array_bank1/x_aq_spsram_64x58_bank1/x_aq_f_spsram_64x58/RAM_DIN_VEC[47]/ram_instance/PortAClk,0,0.0,0.0,0.0,0.0,,0
x_aq_lsu_top/x_aq_dcache_top/x_aq_dcache_tag_array_bank1/x_aq_spsram_64x58_bank1/x_aq_f_spsram_64x58/RAM_DIN_VEC[47]/ram_instance/PortAAddr[5:0],200,0.02406159769008662,8.520999999999999,1.1107667282586977,0.16,0.05426222986531946,6
x_aq_lsu_top/x_aq_dcache_top/x_aq_dcache_tag_array_bank1/x_aq_spsram_64x58_bank1/x_aq_f_spsram_64x58/RAM_DIN_VEC[47]/ram_instance/PortADataIn[0:0],0,0.0,0.0,0.0,0.0,,0
x_aq_lsu_top/x_aq_dcache_top/x_aq_dcache_tag_array_bank1/x_aq_spsram_64x58_bank1/x_aq_f_spsram_64x58/RAM_DIN_VEC[47]/ram_instance/PortAWriteEnable,8,0.0009624639076034649,8.895000000000001,1.1595200150054124,0.125,0.1548224909757984,1
x_aq_lsu_top/x_aq_dcache_top/x_aq_dcache_tag_array_bank1/x_aq_spsram_64x58_bank1/x_aq_f_spsram_64x58/RAM_DIN_VEC[48]/ram_instance/PortAClk,0,0.0,0.0,0.0,0.0,,0
x_aq_lsu_top/x_aq_dcache_top/x_aq_dcache_tag_array_bank1/x_aq_spsram_64x58_bank1/x_aq_f_spsram_64x58/RAM_DIN_VEC[48]/ram_instance/PortAAddr[5:0],200,0.02406159769008662,8.520999999999999,1.1107667282586977,0.16,0.05426222986531946,6
x_aq_lsu_top/x_aq_dcache_top/x_aq_dcache_tag_array_bank1/x_aq_spsram_64x58_bank1/x_aq_f_spsram_64x58/RAM_DIN_VEC[48]/ram_instance/PortADataIn[0:0],0,0.0,0.0,0.0,0.0,,0
x_aq_lsu_top/x_aq_dcache_top/x_aq_dcache_tag_array_bank1/x_aq_spsram_64x58_bank1/x_aq_f_spsram_64x58/RAM_DIN_VEC[48]/ram_instance/PortAWriteEnable,8,0.0009624639076034649,8.895000000000001,1.1595200150054124,0.125,0.1548224909757984,1
x_aq_lsu_top/x_aq_dcache_top/x_aq_dcache_tag_array_bank1/x_aq_spsram_64x58_bank1/x_aq_f_spsram_64x58/RAM_DIN_VEC[49]/ram_instance/PortAClk,0,0.0,0.0,0.0,0.0,,0
x_aq_lsu_top/x_aq_dcache_top/x_aq_dcache_tag_array_bank1/x_aq_spsram_64x58_bank1/x_aq_f_spsram_64x58/RAM_DIN_VEC[49]/ram_instance/PortAAddr[5:0],200,0.02406159769008662,8.520999999999999,1.1107667282586977,0.16,0.05426222986531946,6
x_aq_lsu_top/x_aq_dcache_top/x_aq_dcache_tag_array_bank1/x_aq_spsram_64x58_bank1/x_aq_f_spsram_64x58/RAM_DIN_VEC[49]/ram_instance/PortADataIn[0:0],0,0.0,0.0,0.0,0.0,,0
x_aq_lsu_top/x_aq_dcache_top/x_aq_dcache_tag_array_bank1/x_aq_spsram_64x58_bank1/x_aq_f_spsram_64x58/RAM_DIN_VEC[49]/ram_instance/PortAWriteEnable,8,0.0009624639076034649,8.895000000000001,1.1595200150054124,0.125,0.1548224909757984,1
x_aq_lsu_top/x_aq_dcache_top/x_aq_dcache_tag_array_bank1/x_aq_spsram_64x58_bank1/x_aq_f_spsram_64x58/RAM_DIN_VEC[50]/ram_instance/PortAClk,0,0.0,0.0,0.0,0.0,,0
x_aq_lsu_top/x_aq_dcache_top/x_aq_dcache_tag_array_bank1/x_aq_spsram_64x58_bank1/x_aq_f_spsram_64x58/RAM_DIN_VEC[50]/ram_instance/PortAAddr[5:0],200,0.02406159769008662,8.520999999999999,1.1107667282586977,0.16,0.05426222986531946,6
x_aq_lsu_top/x_aq_dcache_top/x_aq_dcache_tag_array_bank1/x_aq_spsram_64x58_bank1/x_aq_f_spsram_64x58/RAM_DIN_VEC[50]/ram_instance/PortADataIn[0:0],0,0.0,0.0,0.0,0.0,,0
x_aq_lsu_top/x_aq_dcache_top/x_aq_dcache_tag_array_bank1/x_aq_spsram_64x58_bank1/x_aq_f_spsram_64x58/RAM_DIN_VEC[50]/ram_instance/PortAWriteEnable,8,0.0009624639076034649,8.895000000000001,1.1595200150054124,0.125,0.1548224909757984,1
x_aq_lsu_top/x_aq_dcache_top/x_aq_dcache_tag_array_bank1/x_aq_spsram_64x58_bank1/x_aq_f_spsram_64x58/RAM_DIN_VEC[51]/ram_instance/PortAClk,0,0.0,0.0,0.0,0.0,,0
x_aq_lsu_top/x_aq_dcache_top/x_aq_dcache_tag_array_bank1/x_aq_spsram_64x58_bank1/x_aq_f_spsram_64x58/RAM_DIN_VEC[51]/ram_instance/PortAAddr[5:0],200,0.02406159769008662,8.520999999999999,1.1107667282586977,0.16,0.05426222986531946,6
x_aq_lsu_top/x_aq_dcache_top/x_aq_dcache_tag_array_bank1/x_aq_spsram_64x58_bank1/x_aq_f_spsram_64x58/RAM_DIN_VEC[51]/ram_instance/PortADataIn[0:0],0,0.0,0.0,0.0,0.0,,0
x_aq_lsu_top/x_aq_dcache_top/x_aq_dcache_tag_array_bank1/x_aq_spsram_64x58_bank1/x_aq_f_spsram_64x58/RAM_DIN_VEC[51]/ram_instance/PortAWriteEnable,8,0.0009624639076034649,8.895000000000001,1.1595200150054124,0.125,0.1548224909757984,1
x_aq_lsu_top/x_aq_dcache_top/x_aq_dcache_tag_array_bank1/x_aq_spsram_64x58_bank1/x_aq_f_spsram_64x58/RAM_DIN_VEC[52]/ram_instance/PortAClk,0,0.0,0.0,0.0,0.0,,0
x_aq_lsu_top/x_aq_dcache_top/x_aq_dcache_tag_array_bank1/x_aq_spsram_64x58_bank1/x_aq_f_spsram_64x58/RAM_DIN_VEC[52]/ram_instance/PortAAddr[5:0],200,0.02406159769008662,8.520999999999999,1.1107667282586977,0.16,0.05426222986531946,6
x_aq_lsu_top/x_aq_dcache_top/x_aq_dcache_tag_array_bank1/x_aq_spsram_64x58_bank1/x_aq_f_spsram_64x58/RAM_DIN_VEC[52]/ram_instance/PortADataIn[0:0],0,0.0,0.0,0.0,0.0,,0
x_aq_lsu_top/x_aq_dcache_top/x_aq_dcache_tag_array_bank1/x_aq_spsram_64x58_bank1/x_aq_f_spsram_64x58/RAM_DIN_VEC[52]/ram_instance/PortAWriteEnable,8,0.0009624639076034649,8.895000000000001,1.1595200150054124,0.125,0.1548224909757984,1
x_aq_lsu_top/x_aq_dcache_top/x_aq_dcache_tag_array_bank1/x_aq_spsram_64x58_bank1/x_aq_f_spsram_64x58/RAM_DIN_VEC[53]/ram_instance/PortAClk,0,0.0,0.0,0.0,0.0,,0
x_aq_lsu_top/x_aq_dcache_top/x_aq_dcache_tag_array_bank1/x_aq_spsram_64x58_bank1/x_aq_f_spsram_64x58/RAM_DIN_VEC[53]/ram_instance/PortAAddr[5:0],200,0.02406159769008662,8.520999999999999,1.1107667282586977,0.16,0.05426222986531946,6
x_aq_lsu_top/x_aq_dcache_top/x_aq_dcache_tag_array_bank1/x_aq_spsram_64x58_bank1/x_aq_f_spsram_64x58/RAM_DIN_VEC[53]/ram_instance/PortADataIn[0:0],0,0.0,0.0,0.0,0.0,,0
x_aq_lsu_top/x_aq_dcache_top/x_aq_dcache_tag_array_bank1/x_aq_spsram_64x58_bank1/x_aq_f_spsram_64x58/RAM_DIN_VEC[53]/ram_instance/PortAWriteEnable,8,0.0009624639076034649,8.895000000000001,1.1595200150054124,0.125,0.1548224909757984,1
x_aq_lsu_top/x_aq_dcache_top/x_aq_dcache_tag_array_bank1/x_aq_spsram_64x58_bank1/x_aq_f_spsram_64x58/RAM_DIN_VEC[54]/ram_instance/PortAClk,0,0.0,0.0,0.0,0.0,,0
x_aq_lsu_top/x_aq_dcache_top/x_aq_dcache_tag_array_bank1/x_aq_spsram_64x58_bank1/x_aq_f_spsram_64x58/RAM_DIN_VEC[54]/ram_instance/PortAAddr[5:0],200,0.02406159769008662,8.520999999999999,1.1107667282586977,0.16,0.05426222986531946,6
x_aq_lsu_top/x_aq_dcache_top/x_aq_dcache_tag_array_bank1/x_aq_spsram_64x58_bank1/x_aq_f_spsram_64x58/RAM_DIN_VEC[54]/ram_instance/PortADataIn[0:0],0,0.0,0.0,0.0,0.0,,0
x_aq_lsu_top/x_aq_dcache_top/x_aq_dcache_tag_array_bank1/x_aq_spsram_64x58_bank1/x_aq_f_spsram_64x58/RAM_DIN_VEC[54]/ram_instance/PortAWriteEnable,8,0.0009624639076034649,8.895000000000001,1.1595200150054124,0.125,0.1548224909757984,1
x_aq_lsu_top/x_aq_dcache_top/x_aq_dcache_tag_array_bank1/x_aq_spsram_64x58_bank1/x_aq_f_spsram_64x58/RAM_DIN_VEC[55]/ram_instance/PortAClk,0,0.0,0.0,0.0,0.0,,0
x_aq_lsu_top/x_aq_dcache_top/x_aq_dcache_tag_array_bank1/x_aq_spsram_64x58_bank1/x_aq_f_spsram_64x58/RAM_DIN_VEC[55]/ram_instance/PortAAddr[5:0],200,0.02406159769008662,8.520999999999999,1.1107667282586977,0.16,0.05426222986531946,6
x_aq_lsu_top/x_aq_dcache_top/x_aq_dcache_tag_array_bank1/x_aq_spsram_64x58_bank1/x_aq_f_spsram_64x58/RAM_DIN_VEC[55]/ram_instance/PortADataIn[0:0],0,0.0,0.0,0.0,0.0,,0
x_aq_lsu_top/x_aq_dcache_top/x_aq_dcache_tag_array_bank1/x_aq_spsram_64x58_bank1/x_aq_f_spsram_64x58/RAM_DIN_VEC[55]/ram_instance/PortAWriteEnable,8,0.0009624639076034649,8.895000000000001,1.1595200150054124,0.125,0.1548224909757984,1
x_aq_lsu_top/x_aq_dcache_top/x_aq_dcache_tag_array_bank1/x_aq_spsram_64x58_bank1/x_aq_f_spsram_64x58/RAM_DIN_VEC[56]/ram_instance/PortAClk,0,0.0,0.0,0.0,0.0,,0
x_aq_lsu_top/x_aq_dcache_top/x_aq_dcache_tag_array_bank1/x_aq_spsram_64x58_bank1/x_aq_f_spsram_64x58/RAM_DIN_VEC[56]/ram_instance/PortAAddr[5:0],200,0.02406159769008662,8.520999999999999,1.1107667282586977,0.16,0.05426222986531946,6
x_aq_lsu_top/x_aq_dcache_top/x_aq_dcache_tag_array_bank1/x_aq_spsram_64x58_bank1/x_aq_f_spsram_64x58/RAM_DIN_VEC[56]/ram_instance/PortADataIn[0:0],0,0.0,0.0,0.0,0.0,,0
x_aq_lsu_top/x_aq_dcache_top/x_aq_dcache_tag_array_bank1/x_aq_spsram_64x58_bank1/x_aq_f_spsram_64x58/RAM_DIN_VEC[56]/ram_instance/PortAWriteEnable,8,0.0009624639076034649,8.895000000000001,1.1595200150054124,0.125,0.1548224909757984,1
x_aq_lsu_top/x_aq_dcache_top/x_aq_dcache_tag_array_bank1/x_aq_spsram_64x58_bank1/x_aq_f_spsram_64x58/RAM_DIN_VEC[57]/ram_instance/PortAClk,0,0.0,0.0,0.0,0.0,,0
x_aq_lsu_top/x_aq_dcache_top/x_aq_dcache_tag_array_bank1/x_aq_spsram_64x58_bank1/x_aq_f_spsram_64x58/RAM_DIN_VEC[57]/ram_instance/PortAAddr[5:0],200,0.02406159769008662,8.520999999999999,1.1107667282586977,0.16,0.05426222986531946,6
x_aq_lsu_top/x_aq_dcache_top/x_aq_dcache_tag_array_bank1/x_aq_spsram_64x58_bank1/x_aq_f_spsram_64x58/RAM_DIN_VEC[57]/ram_instance/PortADataIn[0:0],0,0.0,0.0,0.0,0.0,,0
x_aq_lsu_top/x_aq_dcache_top/x_aq_dcache_tag_array_bank1/x_aq_spsram_64x58_bank1/x_aq_f_spsram_64x58/RAM_DIN_VEC[57]/ram_instance/PortAWriteEnable,8,0.0009624639076034649,8.895000000000001,1.1595200150054124,0.125,0.1548224909757984,1
x_aq_lsu_top/x_aq_dcache_top/x_aq_dcache_dirty_array/cp0_lsu_icg_en,0,0.0,0.0,0.0,0.0,,0
x_aq_lsu_top/x_aq_dcache_top/x_aq_dcache_dirty_array/dirty_cen,1567,0.18852261790182867,7.703586470963625,1.0042116582807457,0.0631780472239949,-0.17759670436860084,1
x_aq_lsu_top/x_aq_dcache_top/x_aq_dcache_dirty_array/dirty_clk_en,1532,0.1843118383060635,7.73425587467363,1.0082096107765335,0.08420365535248042,0.21174749372444096,1
x_aq_lsu_top/x_aq_dcache_top/x_aq_dcache_dirty_array/dirty_din[7:0],0,0.0,0.0,0.0,0.0,,0
x_aq_lsu_top/x_aq_dcache_top/x_aq_dcache_dirty_array/dirty_dout[7:0],2,0.00024061597690086623,10.909999999999991,1.4221881240819605,1.0,-0.07129674858868723,2
x_aq_lsu_top/x_aq_dcache_top/x_aq_dcache_dirty_array/dirty_gwen,1549,0.18635707410972088,7.7443511943189165,1.0095256001173527,0.0774693350548741,-0.17677997395960562,1
x_aq_lsu_top/x_aq_dcache_top/x_aq_dcache_dirty_array/dirty_idx[13:0],2088,0.25120307988450435,7.9807231800766285,1.0403381969102299,0.06417624521072797,0.07489632451489968,9
x_aq_lsu_top/x_aq_dcache_top/x_aq_dcache_dirty_array/dirty_wen[7:0],1558,0.1874398460057748,7.742175866495508,1.0092420322533346,0.07830551989730423,-0.2618450061652098,7
x_aq_lsu_top/x_aq_dcache_top/x_aq_dcache_dirty_array/forever_cpuclk,0,0.0,0.0,0.0,0.0,,0
x_aq_lsu_top/x_aq_dcache_top/x_aq_dcache_dirty_array/pad_yy_icg_scan_en,0,0.0,0.0,0.0,0.0,,0
x_aq_lsu_top/x_aq_dcache_top/x_aq_dcache_dirty_array/dirty_clk,0,0.0,0.0,0.0,0.0,,0
x_aq_lsu_top/x_aq_dcache_top/x_aq_dcache_dirty_array/x_dcache_dirty_gated_clk/clk_in,0,0.0,0.0,0.0,0.0,,0
x_aq_lsu_top/x_aq_dcache_top/x_aq_dcache_dirty_array/x_dcache_dirty_gated_clk/global_en,0,0.0,0.0,0.0,0.0,,0
x_aq_lsu_top/x_aq_dcache_top/x_aq_dcache_dirty_array/x_dcache_dirty_gated_clk/module_en,0,0.0,0.0,0.0,0.0,,0
x_aq_lsu_top/x_aq_dcache_top/x_aq_dcache_dirty_array/x_dcache_dirty_gated_clk/local_en,1532,0.1843118383060635,7.73425587467363,1.0082096107765335,0.08420365535248042,0.21174749372444096,1
x_aq_lsu_top/x_aq_dcache_top/x_aq_dcache_dirty_array/x_dcache_dirty_gated_clk/external_en,0,0.0,0.0,0.0,0.0,,0
x_aq_lsu_top/x_aq_dcache_top/x_aq_dcache_dirty_array/x_dcache_dirty_gated_clk/pad_yy_icg_scan_en,0,0.0,0.0,0.0,0.0,,0
x_aq_lsu_top/x_aq_dcache_top/x_aq_dcache_dirty_array/x_dcache_dirty_gated_clk/clk_out,0,0.0,0.0,0.0,0.0,,0
x_aq_lsu_top/x_aq_dcache_top/x_aq_dcache_dirty_array/x_dcache_dirty_gated_clk/clk_en_bf_latch,1532,0.1843118383060635,7.73425587467363,1.0082096107765335,0.08420365535248042,0.21174749372444096,1
x_aq_lsu_top/x_aq_dcache_top/x_aq_dcache_dirty_array/x_dcache_dirty_gated_clk/SE,0,0.0,0.0,0.0,0.0,,0
x_aq_lsu_top/x_aq_dcache_top/x_aq_dcache_dirty_array/x_aq_spsram_128x8/A[6:0],1051,0.1264436958614052,8.005195052331114,1.0435282616301547,0.06565176022835395,-0.12457310603167429,7
x_aq_lsu_top/x_aq_dcache_top/x_aq_dcache_dirty_array/x_aq_spsram_128x8/CEN,1567,0.18852261790182867,7.703586470963625,1.0042116582807457,0.0631780472239949,-0.17759670436860084,1
x_aq_lsu_top/x_aq_dcache_top/x_aq_dcache_dirty_array/x_aq_spsram_128x8/CLK,0,0.0,0.0,0.0,0.0,,0
x_aq_lsu_top/x_aq_dcache_top/x_aq_dcache_dirty_array/x_aq_spsram_128x8/D[7:0],0,0.0,0.0,0.0,0.0,,0
x_aq_lsu_top/x_aq_dcache_top/x_aq_dcache_dirty_array/x_aq_spsram_128x8/GWEN,1549,0.18635707410972088,7.7443511943189165,1.0095256001173527,0.0774693350548741,-0.17677997395960562,1
x_aq_lsu_top/x_aq_dcache_top/x_aq_dcache_dirty_array/x_aq_spsram_128x8/Q[7:0],2,0.00024061597690086623,10.909999999999991,1.4221881240819605,1.0,-0.07129674858868723,2
x_aq_lsu_top/x_aq_dcache_top/x_aq_dcache_dirty_array/x_aq_spsram_128x8/WEN[7:0],1558,0.1874398460057748,7.742175866495508,1.0092420322533346,0.07830551989730423,-0.2618450061652098,7
x_aq_lsu_top/x_aq_dcache_top/x_aq_dcache_dirty_array/x_aq_spsram_128x8/x_aq_f_spsram_128x8/A[6:0],1051,0.1264436958614052,8.005195052331114,1.0435282616301547,0.06565176022835395,-0.12457310603167429,7
x_aq_lsu_top/x_aq_dcache_top/x_aq_dcache_dirty_array/x_aq_spsram_128x8/x_aq_f_spsram_128x8/CEN,1567,0.18852261790182867,7.703586470963625,1.0042116582807457,0.0631780472239949,-0.17759670436860084,1
x_aq_lsu_top/x_aq_dcache_top/x_aq_dcache_dirty_array/x_aq_spsram_128x8/x_aq_f_spsram_128x8/CLK,0,0.0,0.0,0.0,0.0,,0
x_aq_lsu_top/x_aq_dcache_top/x_aq_dcache_dirty_array/x_aq_spsram_128x8/x_aq_f_spsram_128x8/D[7:0],0,0.0,0.0,0.0,0.0,,0
x_aq_lsu_top/x_aq_dcache_top/x_aq_dcache_dirty_array/x_aq_spsram_128x8/x_aq_f_spsram_128x8/GWEN,1549,0.18635707410972088,7.7443511943189165,1.0095256001173527,0.0774693350548741,-0.17677997395960562,1
x_aq_lsu_top/x_aq_dcache_top/x_aq_dcache_dirty_array/x_aq_spsram_128x8/x_aq_f_spsram_128x8/Q[7:0],2,0.00024061597690086623,10.909999999999991,1.4221881240819605,1.0,-0.07129674858868723,2
x_aq_lsu_top/x_aq_dcache_top/x_aq_dcache_dirty_array/x_aq_spsram_128x8/x_aq_f_spsram_128x8/WEN[7:0],1558,0.1874398460057748,7.742175866495508,1.0092420322533346,0.07830551989730423,-0.2618450061652098,7
x_aq_lsu_top/x_aq_dcache_top/x_aq_dcache_dirty_array/x_aq_spsram_128x8/x_aq_f_spsram_128x8/addr[6:0],1034,0.12439846005774784,8.02303675048356,1.0458540408442576,0.06382978723404255,0.11104123139077919,7
x_aq_lsu_top/x_aq_dcache_top/x_aq_dcache_dirty_array/x_aq_spsram_128x8/x_aq_f_spsram_128x8/ram_wen_vec[7:0],1552,0.1867179980750722,7.717023195876289,1.0059632211219325,0.07731958762886598,0.25521894193212424,7
x_aq_lsu_top/x_aq_dcache_top/x_aq_dcache_dirty_array/x_aq_spsram_128x8/x_aq_f_spsram_128x8/RAM_DIN_VEC[0]/ram_instance/PortAClk,0,0.0,0.0,0.0,0.0,,0
x_aq_lsu_top/x_aq_dcache_top/x_aq_dcache_dirty_array/x_aq_spsram_128x8/x_aq_f_spsram_128x8/RAM_DIN_VEC[0]/ram_instance/PortAAddr[6:0],1034,0.12439846005774784,8.02303675048356,1.0458540408442576,0.06382978723404255,0.11104123139077919,7
x_aq_lsu_top/x_aq_dcache_top/x_aq_dcache_dirty_array/x_aq_spsram_128x8/x_aq_f_spsram_128x8/RAM_DIN_VEC[0]/ram_instance/PortADataIn[0:0],0,0.0,0.0,0.0,0.0,,0
x_aq_lsu_top/x_aq_dcache_top/x_aq_dcache_dirty_array/x_aq_spsram_128x8/x_aq_f_spsram_128x8/RAM_DIN_VEC[0]/ram_instance/PortAWriteEnable,8,0.0009624639076034649,7.220000000000001,0.9411730756986034,0.125,0.22758827525146136,1
x_aq_lsu_top/x_aq_dcache_top/x_aq_dcache_dirty_array/x_aq_spsram_128x8/x_aq_f_spsram_128x8/RAM_DIN_VEC[1]/ram_instance/PortAClk,0,0.0,0.0,0.0,0.0,,0
x_aq_lsu_top/x_aq_dcache_top/x_aq_dcache_dirty_array/x_aq_spsram_128x8/x_aq_f_spsram_128x8/RAM_DIN_VEC[1]/ram_instance/PortAAddr[6:0],1034,0.12439846005774784,8.02303675048356,1.0458540408442576,0.06382978723404255,0.11104123139077919,7
x_aq_lsu_top/x_aq_dcache_top/x_aq_dcache_dirty_array/x_aq_spsram_128x8/x_aq_f_spsram_128x8/RAM_DIN_VEC[1]/ram_instance/PortADataIn[0:0],0,0.0,0.0,0.0,0.0,,0
x_aq_lsu_top/x_aq_dcache_top/x_aq_dcache_dirty_array/x_aq_spsram_128x8/x_aq_f_spsram_128x8/RAM_DIN_VEC[1]/ram_instance/PortAWriteEnable,8,0.0009624639076034649,7.220000000000001,0.9411730756986034,0.125,0.22758827525146136,1
x_aq_lsu_top/x_aq_dcache_top/x_aq_dcache_dirty_array/x_aq_spsram_128x8/x_aq_f_spsram_128x8/RAM_DIN_VEC[2]/ram_instance/PortAClk,0,0.0,0.0,0.0,0.0,,0
x_aq_lsu_top/x_aq_dcache_top/x_aq_dcache_dirty_array/x_aq_spsram_128x8/x_aq_f_spsram_128x8/RAM_DIN_VEC[2]/ram_instance/PortAAddr[6:0],1034,0.12439846005774784,8.02303675048356,1.0458540408442576,0.06382978723404255,0.11104123139077919,7
x_aq_lsu_top/x_aq_dcache_top/x_aq_dcache_dirty_array/x_aq_spsram_128x8/x_aq_f_spsram_128x8/RAM_DIN_VEC[2]/ram_instance/PortADataIn[0:0],0,0.0,0.0,0.0,0.0,,0
x_aq_lsu_top/x_aq_dcache_top/x_aq_dcache_dirty_array/x_aq_spsram_128x8/x_aq_f_spsram_128x8/RAM_DIN_VEC[2]/ram_instance/PortAWriteEnable,8,0.0009624639076034649,7.220000000000001,0.9411730756986034,0.125,0.22758827525146136,1
x_aq_lsu_top/x_aq_dcache_top/x_aq_dcache_dirty_array/x_aq_spsram_128x8/x_aq_f_spsram_128x8/RAM_DIN_VEC[3]/ram_instance/PortAClk,0,0.0,0.0,0.0,0.0,,0
x_aq_lsu_top/x_aq_dcache_top/x_aq_dcache_dirty_array/x_aq_spsram_128x8/x_aq_f_spsram_128x8/RAM_DIN_VEC[3]/ram_instance/PortAAddr[6:0],1034,0.12439846005774784,8.02303675048356,1.0458540408442576,0.06382978723404255,0.11104123139077919,7
x_aq_lsu_top/x_aq_dcache_top/x_aq_dcache_dirty_array/x_aq_spsram_128x8/x_aq_f_spsram_128x8/RAM_DIN_VEC[3]/ram_instance/PortADataIn[0:0],0,0.0,0.0,0.0,0.0,,0
x_aq_lsu_top/x_aq_dcache_top/x_aq_dcache_dirty_array/x_aq_spsram_128x8/x_aq_f_spsram_128x8/RAM_DIN_VEC[3]/ram_instance/PortAWriteEnable,8,0.0009624639076034649,7.220000000000001,0.9411730756986034,0.125,0.22758827525146136,1
x_aq_lsu_top/x_aq_dcache_top/x_aq_dcache_dirty_array/x_aq_spsram_128x8/x_aq_f_spsram_128x8/RAM_DIN_VEC[4]/ram_instance/PortAClk,0,0.0,0.0,0.0,0.0,,0
x_aq_lsu_top/x_aq_dcache_top/x_aq_dcache_dirty_array/x_aq_spsram_128x8/x_aq_f_spsram_128x8/RAM_DIN_VEC[4]/ram_instance/PortAAddr[6:0],1034,0.12439846005774784,8.02303675048356,1.0458540408442576,0.06382978723404255,0.11104123139077919,7
x_aq_lsu_top/x_aq_dcache_top/x_aq_dcache_dirty_array/x_aq_spsram_128x8/x_aq_f_spsram_128x8/RAM_DIN_VEC[4]/ram_instance/PortADataIn[0:0],0,0.0,0.0,0.0,0.0,,0
x_aq_lsu_top/x_aq_dcache_top/x_aq_dcache_dirty_array/x_aq_spsram_128x8/x_aq_f_spsram_128x8/RAM_DIN_VEC[4]/ram_instance/PortAWriteEnable,8,0.0009624639076034649,7.220000000000001,0.9411730756986034,0.125,0.22758827525146136,1
x_aq_lsu_top/x_aq_dcache_top/x_aq_dcache_dirty_array/x_aq_spsram_128x8/x_aq_f_spsram_128x8/RAM_DIN_VEC[5]/ram_instance/PortAClk,0,0.0,0.0,0.0,0.0,,0
x_aq_lsu_top/x_aq_dcache_top/x_aq_dcache_dirty_array/x_aq_spsram_128x8/x_aq_f_spsram_128x8/RAM_DIN_VEC[5]/ram_instance/PortAAddr[6:0],1034,0.12439846005774784,8.02303675048356,1.0458540408442576,0.06382978723404255,0.11104123139077919,7
x_aq_lsu_top/x_aq_dcache_top/x_aq_dcache_dirty_array/x_aq_spsram_128x8/x_aq_f_spsram_128x8/RAM_DIN_VEC[5]/ram_instance/PortADataIn[0:0],0,0.0,0.0,0.0,0.0,,0
x_aq_lsu_top/x_aq_dcache_top/x_aq_dcache_dirty_array/x_aq_spsram_128x8/x_aq_f_spsram_128x8/RAM_DIN_VEC[5]/ram_instance/PortAWriteEnable,8,0.0009624639076034649,7.220000000000001,0.9411730756986034,0.125,0.22758827525146136,1
x_aq_lsu_top/x_aq_dcache_top/x_aq_dcache_dirty_array/x_aq_spsram_128x8/x_aq_f_spsram_128x8/RAM_DIN_VEC[6]/ram_instance/PortAClk,0,0.0,0.0,0.0,0.0,,0
x_aq_lsu_top/x_aq_dcache_top/x_aq_dcache_dirty_array/x_aq_spsram_128x8/x_aq_f_spsram_128x8/RAM_DIN_VEC[6]/ram_instance/PortAAddr[6:0],1034,0.12439846005774784,8.02303675048356,1.0458540408442576,0.06382978723404255,0.11104123139077919,7
x_aq_lsu_top/x_aq_dcache_top/x_aq_dcache_dirty_array/x_aq_spsram_128x8/x_aq_f_spsram_128x8/RAM_DIN_VEC[6]/ram_instance/PortADataIn[0:0],0,0.0,0.0,0.0,0.0,,0
x_aq_lsu_top/x_aq_dcache_top/x_aq_dcache_dirty_array/x_aq_spsram_128x8/x_aq_f_spsram_128x8/RAM_DIN_VEC[6]/ram_instance/PortAWriteEnable,8,0.0009624639076034649,7.220000000000001,0.9411730756986034,0.125,0.22758827525146136,1
x_aq_lsu_top/x_aq_dcache_top/x_aq_dcache_dirty_array/x_aq_spsram_128x8/x_aq_f_spsram_128x8/RAM_DIN_VEC[7]/ram_instance/PortAClk,0,0.0,0.0,0.0,0.0,,0
x_aq_lsu_top/x_aq_dcache_top/x_aq_dcache_dirty_array/x_aq_spsram_128x8/x_aq_f_spsram_128x8/RAM_DIN_VEC[7]/ram_instance/PortAAddr[6:0],1034,0.12439846005774784,8.02303675048356,1.0458540408442576,0.06382978723404255,0.11104123139077919,7
x_aq_lsu_top/x_aq_dcache_top/x_aq_dcache_dirty_array/x_aq_spsram_128x8/x_aq_f_spsram_128x8/RAM_DIN_VEC[7]/ram_instance/PortADataIn[0:0],0,0.0,0.0,0.0,0.0,,0
x_aq_lsu_top/x_aq_dcache_top/x_aq_dcache_dirty_array/x_aq_spsram_128x8/x_aq_f_spsram_128x8/RAM_DIN_VEC[7]/ram_instance/PortAWriteEnable,8,0.0009624639076034649,7.220000000000001,0.9411730756986034,0.125,0.22758827525146136,1
x_aq_lsu_top/x_aq_dcache_top/x_aq_dcache_data_array_bank0/cp0_lsu_icg_en,0,0.0,0.0,0.0,0.0,,0
x_aq_lsu_top/x_aq_dcache_top/x_aq_dcache_data_array_bank0/data_cen,3,0.0003609239653512993,18.29666666666667,2.385087263393183,0.3333333333333333,-0.12283283392414311,1
x_aq_lsu_top/x_aq_dcache_top/x_aq_dcache_data_array_bank0/data_clk_en,0,0.0,0.0,0.0,0.0,,0
x_aq_lsu_top/x_aq_dcache_top/x_aq_dcache_data_array_bank0/data_din[63:0],0,0.0,0.0,0.0,0.0,,0
x_aq_lsu_top/x_aq_dcache_top/x_aq_dcache_data_array_bank0/data_dout[63:0],0,0.0,0.0,0.0,0.0,,0
x_aq_lsu_top/x_aq_dcache_top/x_aq_dcache_data_array_bank0/data_gwen,0,0.0,0.0,0.0,0.0,,0
x_aq_lsu_top/x_aq_dcache_top/x_aq_dcache_data_array_bank0/data_idx[13:0],2092,0.2516843118383061,7.988652007648184,1.0413717701833884,0.06405353728489484,0.07503394752765437,10
x_aq_lsu_top/x_aq_dcache_top/x_aq_dcache_data_array_bank0/data_wen[63:0],0,0.0,0.0,0.0,0.0,,0
x_aq_lsu_top/x_aq_dcache_top/x_aq_dcache_data_array_bank0/forever_cpuclk,0,0.0,0.0,0.0,0.0,,0
x_aq_lsu_top/x_aq_dcache_top/x_aq_dcache_data_array_bank0/pad_yy_icg_scan_en,0,0.0,0.0,0.0,0.0,,0
x_aq_lsu_top/x_aq_dcache_top/x_aq_dcache_data_array_bank0/data_clk,0,0.0,0.0,0.0,0.0,,0
x_aq_lsu_top/x_aq_dcache_top/x_aq_dcache_data_array_bank0/x_dcache_data_gated_clk/clk_in,0,0.0,0.0,0.0,0.0,,0
x_aq_lsu_top/x_aq_dcache_top/x_aq_dcache_data_array_bank0/x_dcache_data_gated_clk/global_en,0,0.0,0.0,0.0,0.0,,0
x_aq_lsu_top/x_aq_dcache_top/x_aq_dcache_data_array_bank0/x_dcache_data_gated_clk/module_en,0,0.0,0.0,0.0,0.0,,0
x_aq_lsu_top/x_aq_dcache_top/x_aq_dcache_data_array_bank0/x_dcache_data_gated_clk/local_en,0,0.0,0.0,0.0,0.0,,0
x_aq_lsu_top/x_aq_dcache_top/x_aq_dcache_data_array_bank0/x_dcache_data_gated_clk/external_en,0,0.0,0.0,0.0,0.0,,0
x_aq_lsu_top/x_aq_dcache_top/x_aq_dcache_data_array_bank0/x_dcache_data_gated_clk/pad_yy_icg_scan_en,0,0.0,0.0,0.0,0.0,,0
x_aq_lsu_top/x_aq_dcache_top/x_aq_dcache_data_array_bank0/x_dcache_data_gated_clk/clk_out,0,0.0,0.0,0.0,0.0,,0
x_aq_lsu_top/x_aq_dcache_top/x_aq_dcache_data_array_bank0/x_dcache_data_gated_clk/clk_en_bf_latch,0,0.0,0.0,0.0,0.0,,0
x_aq_lsu_top/x_aq_dcache_top/x_aq_dcache_data_array_bank0/x_dcache_data_gated_clk/SE,0,0.0,0.0,0.0,0.0,,0
x_aq_lsu_top/x_aq_dcache_top/x_aq_dcache_data_array_bank0/x_aq_spsram_1024x64/A[9:0],2065,0.24843599615014436,8.000140435835352,1.0428693601130088,0.0648910411622276,-0.12446616879551788,8
x_aq_lsu_top/x_aq_dcache_top/x_aq_dcache_data_array_bank0/x_aq_spsram_1024x64/CEN,3,0.0003609239653512993,18.29666666666667,2.385087263393183,0.3333333333333333,-0.12283283392414311,1
x_aq_lsu_top/x_aq_dcache_top/x_aq_dcache_data_array_bank0/x_aq_spsram_1024x64/CLK,0,0.0,0.0,0.0,0.0,,0
x_aq_lsu_top/x_aq_dcache_top/x_aq_dcache_data_array_bank0/x_aq_spsram_1024x64/D[63:0],0,0.0,0.0,0.0,0.0,,0
x_aq_lsu_top/x_aq_dcache_top/x_aq_dcache_data_array_bank0/x_aq_spsram_1024x64/GWEN,0,0.0,0.0,0.0,0.0,,0
x_aq_lsu_top/x_aq_dcache_top/x_aq_dcache_data_array_bank0/x_aq_spsram_1024x64/Q[63:0],0,0.0,0.0,0.0,0.0,,0
x_aq_lsu_top/x_aq_dcache_top/x_aq_dcache_data_array_bank0/x_aq_spsram_1024x64/WEN[63:0],0,0.0,0.0,0.0,0.0,,0
x_aq_lsu_top/x_aq_dcache_top/x_aq_dcache_data_array_bank0/x_aq_spsram_1024x64/x_aq_f_spsram_1024x64/A[9:0],2065,0.24843599615014436,8.000140435835352,1.0428693601130088,0.0648910411622276,-0.12446616879551788,8
x_aq_lsu_top/x_aq_dcache_top/x_aq_dcache_data_array_bank0/x_aq_spsram_1024x64/x_aq_f_spsram_1024x64/CEN,3,0.0003609239653512993,18.29666666666667,2.385087263393183,0.3333333333333333,-0.12283283392414311,1
x_aq_lsu_top/x_aq_dcache_top/x_aq_dcache_data_array_bank0/x_aq_spsram_1024x64/x_aq_f_spsram_1024x64/CLK,0,0.0,0.0,0.0,0.0,,0
x_aq_lsu_top/x_aq_dcache_top/x_aq_dcache_data_array_bank0/x_aq_spsram_1024x64/x_aq_f_spsram_1024x64/D[63:0],0,0.0,0.0,0.0,0.0,,0
x_aq_lsu_top/x_aq_dcache_top/x_aq_dcache_data_array_bank0/x_aq_spsram_1024x64/x_aq_f_spsram_1024x64/GWEN,0,0.0,0.0,0.0,0.0,,0
x_aq_lsu_top/x_aq_dcache_top/x_aq_dcache_data_array_bank0/x_aq_spsram_1024x64/x_aq_f_spsram_1024x64/Q[63:0],0,0.0,0.0,0.0,0.0,,0
x_aq_lsu_top/x_aq_dcache_top/x_aq_dcache_data_array_bank0/x_aq_spsram_1024x64/x_aq_f_spsram_1024x64/WEN[63:0],0,0.0,0.0,0.0,0.0,,0
x_aq_lsu_top/x_aq_dcache_top/x_aq_dcache_data_array_bank0/x_aq_spsram_1024x64/x_aq_f_spsram_1024x64/addr[9:0],2,0.00024061597690086623,6.715,0.8753431029523714,0.0,0.015781155179166288,7
x_aq_lsu_top/x_aq_dcache_top/x_aq_dcache_data_array_bank0/x_aq_spsram_1024x64/x_aq_f_spsram_1024x64/ram_wen_vec[63:0],0,0.0,0.0,0.0,0.0,,0
x_aq_lsu_top/x_aq_dcache_top/x_aq_dcache_data_array_bank0/x_aq_spsram_1024x64/x_aq_f_spsram_1024x64/RAM_DIN_VEC[0]/ram_instance/PortAClk,0,0.0,0.0,0.0,0.0,,0
x_aq_lsu_top/x_aq_dcache_top/x_aq_dcache_data_array_bank0/x_aq_spsram_1024x64/x_aq_f_spsram_1024x64/RAM_DIN_VEC[0]/ram_instance/PortAAddr[9:0],2,0.00024061597690086623,6.715,0.8753431029523714,0.0,0.015781155179166288,7
x_aq_lsu_top/x_aq_dcache_top/x_aq_dcache_data_array_bank0/x_aq_spsram_1024x64/x_aq_f_spsram_1024x64/RAM_DIN_VEC[0]/ram_instance/PortADataIn[0:0],0,0.0,0.0,0.0,0.0,,0
x_aq_lsu_top/x_aq_dcache_top/x_aq_dcache_data_array_bank0/x_aq_spsram_1024x64/x_aq_f_spsram_1024x64/RAM_DIN_VEC[0]/ram_instance/PortAWriteEnable,0,0.0,0.0,0.0,0.0,,0
x_aq_lsu_top/x_aq_dcache_top/x_aq_dcache_data_array_bank0/x_aq_spsram_1024x64/x_aq_f_spsram_1024x64/RAM_DIN_VEC[1]/ram_instance/PortAClk,0,0.0,0.0,0.0,0.0,,0
x_aq_lsu_top/x_aq_dcache_top/x_aq_dcache_data_array_bank0/x_aq_spsram_1024x64/x_aq_f_spsram_1024x64/RAM_DIN_VEC[1]/ram_instance/PortAAddr[9:0],2,0.00024061597690086623,6.715,0.8753431029523714,0.0,0.015781155179166288,7
x_aq_lsu_top/x_aq_dcache_top/x_aq_dcache_data_array_bank0/x_aq_spsram_1024x64/x_aq_f_spsram_1024x64/RAM_DIN_VEC[1]/ram_instance/PortADataIn[0:0],0,0.0,0.0,0.0,0.0,,0
x_aq_lsu_top/x_aq_dcache_top/x_aq_dcache_data_array_bank0/x_aq_spsram_1024x64/x_aq_f_spsram_1024x64/RAM_DIN_VEC[1]/ram_instance/PortAWriteEnable,0,0.0,0.0,0.0,0.0,,0
x_aq_lsu_top/x_aq_dcache_top/x_aq_dcache_data_array_bank0/x_aq_spsram_1024x64/x_aq_f_spsram_1024x64/RAM_DIN_VEC[2]/ram_instance/PortAClk,0,0.0,0.0,0.0,0.0,,0
x_aq_lsu_top/x_aq_dcache_top/x_aq_dcache_data_array_bank0/x_aq_spsram_1024x64/x_aq_f_spsram_1024x64/RAM_DIN_VEC[2]/ram_instance/PortAAddr[9:0],2,0.00024061597690086623,6.715,0.8753431029523714,0.0,0.015781155179166288,7
x_aq_lsu_top/x_aq_dcache_top/x_aq_dcache_data_array_bank0/x_aq_spsram_1024x64/x_aq_f_spsram_1024x64/RAM_DIN_VEC[2]/ram_instance/PortADataIn[0:0],0,0.0,0.0,0.0,0.0,,0
x_aq_lsu_top/x_aq_dcache_top/x_aq_dcache_data_array_bank0/x_aq_spsram_1024x64/x_aq_f_spsram_1024x64/RAM_DIN_VEC[2]/ram_instance/PortAWriteEnable,0,0.0,0.0,0.0,0.0,,0
x_aq_lsu_top/x_aq_dcache_top/x_aq_dcache_data_array_bank0/x_aq_spsram_1024x64/x_aq_f_spsram_1024x64/RAM_DIN_VEC[3]/ram_instance/PortAClk,0,0.0,0.0,0.0,0.0,,0
x_aq_lsu_top/x_aq_dcache_top/x_aq_dcache_data_array_bank0/x_aq_spsram_1024x64/x_aq_f_spsram_1024x64/RAM_DIN_VEC[3]/ram_instance/PortAAddr[9:0],2,0.00024061597690086623,6.715,0.8753431029523714,0.0,0.015781155179166288,7
x_aq_lsu_top/x_aq_dcache_top/x_aq_dcache_data_array_bank0/x_aq_spsram_1024x64/x_aq_f_spsram_1024x64/RAM_DIN_VEC[3]/ram_instance/PortADataIn[0:0],0,0.0,0.0,0.0,0.0,,0
x_aq_lsu_top/x_aq_dcache_top/x_aq_dcache_data_array_bank0/x_aq_spsram_1024x64/x_aq_f_spsram_1024x64/RAM_DIN_VEC[3]/ram_instance/PortAWriteEnable,0,0.0,0.0,0.0,0.0,,0
x_aq_lsu_top/x_aq_dcache_top/x_aq_dcache_data_array_bank0/x_aq_spsram_1024x64/x_aq_f_spsram_1024x64/RAM_DIN_VEC[4]/ram_instance/PortAClk,0,0.0,0.0,0.0,0.0,,0
x_aq_lsu_top/x_aq_dcache_top/x_aq_dcache_data_array_bank0/x_aq_spsram_1024x64/x_aq_f_spsram_1024x64/RAM_DIN_VEC[4]/ram_instance/PortAAddr[9:0],2,0.00024061597690086623,6.715,0.8753431029523714,0.0,0.015781155179166288,7
x_aq_lsu_top/x_aq_dcache_top/x_aq_dcache_data_array_bank0/x_aq_spsram_1024x64/x_aq_f_spsram_1024x64/RAM_DIN_VEC[4]/ram_instance/PortADataIn[0:0],0,0.0,0.0,0.0,0.0,,0
x_aq_lsu_top/x_aq_dcache_top/x_aq_dcache_data_array_bank0/x_aq_spsram_1024x64/x_aq_f_spsram_1024x64/RAM_DIN_VEC[4]/ram_instance/PortAWriteEnable,0,0.0,0.0,0.0,0.0,,0
x_aq_lsu_top/x_aq_dcache_top/x_aq_dcache_data_array_bank0/x_aq_spsram_1024x64/x_aq_f_spsram_1024x64/RAM_DIN_VEC[5]/ram_instance/PortAClk,0,0.0,0.0,0.0,0.0,,0
x_aq_lsu_top/x_aq_dcache_top/x_aq_dcache_data_array_bank0/x_aq_spsram_1024x64/x_aq_f_spsram_1024x64/RAM_DIN_VEC[5]/ram_instance/PortAAddr[9:0],2,0.00024061597690086623,6.715,0.8753431029523714,0.0,0.015781155179166288,7
x_aq_lsu_top/x_aq_dcache_top/x_aq_dcache_data_array_bank0/x_aq_spsram_1024x64/x_aq_f_spsram_1024x64/RAM_DIN_VEC[5]/ram_instance/PortADataIn[0:0],0,0.0,0.0,0.0,0.0,,0
x_aq_lsu_top/x_aq_dcache_top/x_aq_dcache_data_array_bank0/x_aq_spsram_1024x64/x_aq_f_spsram_1024x64/RAM_DIN_VEC[5]/ram_instance/PortAWriteEnable,0,0.0,0.0,0.0,0.0,,0
x_aq_lsu_top/x_aq_dcache_top/x_aq_dcache_data_array_bank0/x_aq_spsram_1024x64/x_aq_f_spsram_1024x64/RAM_DIN_VEC[6]/ram_instance/PortAClk,0,0.0,0.0,0.0,0.0,,0
x_aq_lsu_top/x_aq_dcache_top/x_aq_dcache_data_array_bank0/x_aq_spsram_1024x64/x_aq_f_spsram_1024x64/RAM_DIN_VEC[6]/ram_instance/PortAAddr[9:0],2,0.00024061597690086623,6.715,0.8753431029523714,0.0,0.015781155179166288,7
x_aq_lsu_top/x_aq_dcache_top/x_aq_dcache_data_array_bank0/x_aq_spsram_1024x64/x_aq_f_spsram_1024x64/RAM_DIN_VEC[6]/ram_instance/PortADataIn[0:0],0,0.0,0.0,0.0,0.0,,0
x_aq_lsu_top/x_aq_dcache_top/x_aq_dcache_data_array_bank0/x_aq_spsram_1024x64/x_aq_f_spsram_1024x64/RAM_DIN_VEC[6]/ram_instance/PortAWriteEnable,0,0.0,0.0,0.0,0.0,,0
x_aq_lsu_top/x_aq_dcache_top/x_aq_dcache_data_array_bank0/x_aq_spsram_1024x64/x_aq_f_spsram_1024x64/RAM_DIN_VEC[7]/ram_instance/PortAClk,0,0.0,0.0,0.0,0.0,,0
x_aq_lsu_top/x_aq_dcache_top/x_aq_dcache_data_array_bank0/x_aq_spsram_1024x64/x_aq_f_spsram_1024x64/RAM_DIN_VEC[7]/ram_instance/PortAAddr[9:0],2,0.00024061597690086623,6.715,0.8753431029523714,0.0,0.015781155179166288,7
x_aq_lsu_top/x_aq_dcache_top/x_aq_dcache_data_array_bank0/x_aq_spsram_1024x64/x_aq_f_spsram_1024x64/RAM_DIN_VEC[7]/ram_instance/PortADataIn[0:0],0,0.0,0.0,0.0,0.0,,0
x_aq_lsu_top/x_aq_dcache_top/x_aq_dcache_data_array_bank0/x_aq_spsram_1024x64/x_aq_f_spsram_1024x64/RAM_DIN_VEC[7]/ram_instance/PortAWriteEnable,0,0.0,0.0,0.0,0.0,,0
x_aq_lsu_top/x_aq_dcache_top/x_aq_dcache_data_array_bank0/x_aq_spsram_1024x64/x_aq_f_spsram_1024x64/RAM_DIN_VEC[8]/ram_instance/PortAClk,0,0.0,0.0,0.0,0.0,,0
x_aq_lsu_top/x_aq_dcache_top/x_aq_dcache_data_array_bank0/x_aq_spsram_1024x64/x_aq_f_spsram_1024x64/RAM_DIN_VEC[8]/ram_instance/PortAAddr[9:0],2,0.00024061597690086623,6.715,0.8753431029523714,0.0,0.015781155179166288,7
x_aq_lsu_top/x_aq_dcache_top/x_aq_dcache_data_array_bank0/x_aq_spsram_1024x64/x_aq_f_spsram_1024x64/RAM_DIN_VEC[8]/ram_instance/PortADataIn[0:0],0,0.0,0.0,0.0,0.0,,0
x_aq_lsu_top/x_aq_dcache_top/x_aq_dcache_data_array_bank0/x_aq_spsram_1024x64/x_aq_f_spsram_1024x64/RAM_DIN_VEC[8]/ram_instance/PortAWriteEnable,0,0.0,0.0,0.0,0.0,,0
x_aq_lsu_top/x_aq_dcache_top/x_aq_dcache_data_array_bank0/x_aq_spsram_1024x64/x_aq_f_spsram_1024x64/RAM_DIN_VEC[9]/ram_instance/PortAClk,0,0.0,0.0,0.0,0.0,,0
x_aq_lsu_top/x_aq_dcache_top/x_aq_dcache_data_array_bank0/x_aq_spsram_1024x64/x_aq_f_spsram_1024x64/RAM_DIN_VEC[9]/ram_instance/PortAAddr[9:0],2,0.00024061597690086623,6.715,0.8753431029523714,0.0,0.015781155179166288,7
x_aq_lsu_top/x_aq_dcache_top/x_aq_dcache_data_array_bank0/x_aq_spsram_1024x64/x_aq_f_spsram_1024x64/RAM_DIN_VEC[9]/ram_instance/PortADataIn[0:0],0,0.0,0.0,0.0,0.0,,0
x_aq_lsu_top/x_aq_dcache_top/x_aq_dcache_data_array_bank0/x_aq_spsram_1024x64/x_aq_f_spsram_1024x64/RAM_DIN_VEC[9]/ram_instance/PortAWriteEnable,0,0.0,0.0,0.0,0.0,,0
x_aq_lsu_top/x_aq_dcache_top/x_aq_dcache_data_array_bank0/x_aq_spsram_1024x64/x_aq_f_spsram_1024x64/RAM_DIN_VEC[10]/ram_instance/PortAClk,0,0.0,0.0,0.0,0.0,,0
x_aq_lsu_top/x_aq_dcache_top/x_aq_dcache_data_array_bank0/x_aq_spsram_1024x64/x_aq_f_spsram_1024x64/RAM_DIN_VEC[10]/ram_instance/PortAAddr[9:0],2,0.00024061597690086623,6.715,0.8753431029523714,0.0,0.015781155179166288,7
x_aq_lsu_top/x_aq_dcache_top/x_aq_dcache_data_array_bank0/x_aq_spsram_1024x64/x_aq_f_spsram_1024x64/RAM_DIN_VEC[10]/ram_instance/PortADataIn[0:0],0,0.0,0.0,0.0,0.0,,0
x_aq_lsu_top/x_aq_dcache_top/x_aq_dcache_data_array_bank0/x_aq_spsram_1024x64/x_aq_f_spsram_1024x64/RAM_DIN_VEC[10]/ram_instance/PortAWriteEnable,0,0.0,0.0,0.0,0.0,,0
x_aq_lsu_top/x_aq_dcache_top/x_aq_dcache_data_array_bank0/x_aq_spsram_1024x64/x_aq_f_spsram_1024x64/RAM_DIN_VEC[11]/ram_instance/PortAClk,0,0.0,0.0,0.0,0.0,,0
x_aq_lsu_top/x_aq_dcache_top/x_aq_dcache_data_array_bank0/x_aq_spsram_1024x64/x_aq_f_spsram_1024x64/RAM_DIN_VEC[11]/ram_instance/PortAAddr[9:0],2,0.00024061597690086623,6.715,0.8753431029523714,0.0,0.015781155179166288,7
x_aq_lsu_top/x_aq_dcache_top/x_aq_dcache_data_array_bank0/x_aq_spsram_1024x64/x_aq_f_spsram_1024x64/RAM_DIN_VEC[11]/ram_instance/PortADataIn[0:0],0,0.0,0.0,0.0,0.0,,0
x_aq_lsu_top/x_aq_dcache_top/x_aq_dcache_data_array_bank0/x_aq_spsram_1024x64/x_aq_f_spsram_1024x64/RAM_DIN_VEC[11]/ram_instance/PortAWriteEnable,0,0.0,0.0,0.0,0.0,,0
x_aq_lsu_top/x_aq_dcache_top/x_aq_dcache_data_array_bank0/x_aq_spsram_1024x64/x_aq_f_spsram_1024x64/RAM_DIN_VEC[12]/ram_instance/PortAClk,0,0.0,0.0,0.0,0.0,,0
x_aq_lsu_top/x_aq_dcache_top/x_aq_dcache_data_array_bank0/x_aq_spsram_1024x64/x_aq_f_spsram_1024x64/RAM_DIN_VEC[12]/ram_instance/PortAAddr[9:0],2,0.00024061597690086623,6.715,0.8753431029523714,0.0,0.015781155179166288,7
x_aq_lsu_top/x_aq_dcache_top/x_aq_dcache_data_array_bank0/x_aq_spsram_1024x64/x_aq_f_spsram_1024x64/RAM_DIN_VEC[12]/ram_instance/PortADataIn[0:0],0,0.0,0.0,0.0,0.0,,0
x_aq_lsu_top/x_aq_dcache_top/x_aq_dcache_data_array_bank0/x_aq_spsram_1024x64/x_aq_f_spsram_1024x64/RAM_DIN_VEC[12]/ram_instance/PortAWriteEnable,0,0.0,0.0,0.0,0.0,,0
x_aq_lsu_top/x_aq_dcache_top/x_aq_dcache_data_array_bank0/x_aq_spsram_1024x64/x_aq_f_spsram_1024x64/RAM_DIN_VEC[13]/ram_instance/PortAClk,0,0.0,0.0,0.0,0.0,,0
x_aq_lsu_top/x_aq_dcache_top/x_aq_dcache_data_array_bank0/x_aq_spsram_1024x64/x_aq_f_spsram_1024x64/RAM_DIN_VEC[13]/ram_instance/PortAAddr[9:0],2,0.00024061597690086623,6.715,0.8753431029523714,0.0,0.015781155179166288,7
x_aq_lsu_top/x_aq_dcache_top/x_aq_dcache_data_array_bank0/x_aq_spsram_1024x64/x_aq_f_spsram_1024x64/RAM_DIN_VEC[13]/ram_instance/PortADataIn[0:0],0,0.0,0.0,0.0,0.0,,0
x_aq_lsu_top/x_aq_dcache_top/x_aq_dcache_data_array_bank0/x_aq_spsram_1024x64/x_aq_f_spsram_1024x64/RAM_DIN_VEC[13]/ram_instance/PortAWriteEnable,0,0.0,0.0,0.0,0.0,,0
x_aq_lsu_top/x_aq_dcache_top/x_aq_dcache_data_array_bank0/x_aq_spsram_1024x64/x_aq_f_spsram_1024x64/RAM_DIN_VEC[14]/ram_instance/PortAClk,0,0.0,0.0,0.0,0.0,,0
x_aq_lsu_top/x_aq_dcache_top/x_aq_dcache_data_array_bank0/x_aq_spsram_1024x64/x_aq_f_spsram_1024x64/RAM_DIN_VEC[14]/ram_instance/PortAAddr[9:0],2,0.00024061597690086623,6.715,0.8753431029523714,0.0,0.015781155179166288,7
x_aq_lsu_top/x_aq_dcache_top/x_aq_dcache_data_array_bank0/x_aq_spsram_1024x64/x_aq_f_spsram_1024x64/RAM_DIN_VEC[14]/ram_instance/PortADataIn[0:0],0,0.0,0.0,0.0,0.0,,0
x_aq_lsu_top/x_aq_dcache_top/x_aq_dcache_data_array_bank0/x_aq_spsram_1024x64/x_aq_f_spsram_1024x64/RAM_DIN_VEC[14]/ram_instance/PortAWriteEnable,0,0.0,0.0,0.0,0.0,,0
x_aq_lsu_top/x_aq_dcache_top/x_aq_dcache_data_array_bank0/x_aq_spsram_1024x64/x_aq_f_spsram_1024x64/RAM_DIN_VEC[15]/ram_instance/PortAClk,0,0.0,0.0,0.0,0.0,,0
x_aq_lsu_top/x_aq_dcache_top/x_aq_dcache_data_array_bank0/x_aq_spsram_1024x64/x_aq_f_spsram_1024x64/RAM_DIN_VEC[15]/ram_instance/PortAAddr[9:0],2,0.00024061597690086623,6.715,0.8753431029523714,0.0,0.015781155179166288,7
x_aq_lsu_top/x_aq_dcache_top/x_aq_dcache_data_array_bank0/x_aq_spsram_1024x64/x_aq_f_spsram_1024x64/RAM_DIN_VEC[15]/ram_instance/PortADataIn[0:0],0,0.0,0.0,0.0,0.0,,0
x_aq_lsu_top/x_aq_dcache_top/x_aq_dcache_data_array_bank0/x_aq_spsram_1024x64/x_aq_f_spsram_1024x64/RAM_DIN_VEC[15]/ram_instance/PortAWriteEnable,0,0.0,0.0,0.0,0.0,,0
x_aq_lsu_top/x_aq_dcache_top/x_aq_dcache_data_array_bank0/x_aq_spsram_1024x64/x_aq_f_spsram_1024x64/RAM_DIN_VEC[16]/ram_instance/PortAClk,0,0.0,0.0,0.0,0.0,,0
x_aq_lsu_top/x_aq_dcache_top/x_aq_dcache_data_array_bank0/x_aq_spsram_1024x64/x_aq_f_spsram_1024x64/RAM_DIN_VEC[16]/ram_instance/PortAAddr[9:0],2,0.00024061597690086623,6.715,0.8753431029523714,0.0,0.015781155179166288,7
x_aq_lsu_top/x_aq_dcache_top/x_aq_dcache_data_array_bank0/x_aq_spsram_1024x64/x_aq_f_spsram_1024x64/RAM_DIN_VEC[16]/ram_instance/PortADataIn[0:0],0,0.0,0.0,0.0,0.0,,0
x_aq_lsu_top/x_aq_dcache_top/x_aq_dcache_data_array_bank0/x_aq_spsram_1024x64/x_aq_f_spsram_1024x64/RAM_DIN_VEC[16]/ram_instance/PortAWriteEnable,0,0.0,0.0,0.0,0.0,,0
x_aq_lsu_top/x_aq_dcache_top/x_aq_dcache_data_array_bank0/x_aq_spsram_1024x64/x_aq_f_spsram_1024x64/RAM_DIN_VEC[17]/ram_instance/PortAClk,0,0.0,0.0,0.0,0.0,,0
x_aq_lsu_top/x_aq_dcache_top/x_aq_dcache_data_array_bank0/x_aq_spsram_1024x64/x_aq_f_spsram_1024x64/RAM_DIN_VEC[17]/ram_instance/PortAAddr[9:0],2,0.00024061597690086623,6.715,0.8753431029523714,0.0,0.015781155179166288,7
x_aq_lsu_top/x_aq_dcache_top/x_aq_dcache_data_array_bank0/x_aq_spsram_1024x64/x_aq_f_spsram_1024x64/RAM_DIN_VEC[17]/ram_instance/PortADataIn[0:0],0,0.0,0.0,0.0,0.0,,0
x_aq_lsu_top/x_aq_dcache_top/x_aq_dcache_data_array_bank0/x_aq_spsram_1024x64/x_aq_f_spsram_1024x64/RAM_DIN_VEC[17]/ram_instance/PortAWriteEnable,0,0.0,0.0,0.0,0.0,,0
x_aq_lsu_top/x_aq_dcache_top/x_aq_dcache_data_array_bank0/x_aq_spsram_1024x64/x_aq_f_spsram_1024x64/RAM_DIN_VEC[18]/ram_instance/PortAClk,0,0.0,0.0,0.0,0.0,,0
x_aq_lsu_top/x_aq_dcache_top/x_aq_dcache_data_array_bank0/x_aq_spsram_1024x64/x_aq_f_spsram_1024x64/RAM_DIN_VEC[18]/ram_instance/PortAAddr[9:0],2,0.00024061597690086623,6.715,0.8753431029523714,0.0,0.015781155179166288,7
x_aq_lsu_top/x_aq_dcache_top/x_aq_dcache_data_array_bank0/x_aq_spsram_1024x64/x_aq_f_spsram_1024x64/RAM_DIN_VEC[18]/ram_instance/PortADataIn[0:0],0,0.0,0.0,0.0,0.0,,0
x_aq_lsu_top/x_aq_dcache_top/x_aq_dcache_data_array_bank0/x_aq_spsram_1024x64/x_aq_f_spsram_1024x64/RAM_DIN_VEC[18]/ram_instance/PortAWriteEnable,0,0.0,0.0,0.0,0.0,,0
x_aq_lsu_top/x_aq_dcache_top/x_aq_dcache_data_array_bank0/x_aq_spsram_1024x64/x_aq_f_spsram_1024x64/RAM_DIN_VEC[19]/ram_instance/PortAClk,0,0.0,0.0,0.0,0.0,,0
x_aq_lsu_top/x_aq_dcache_top/x_aq_dcache_data_array_bank0/x_aq_spsram_1024x64/x_aq_f_spsram_1024x64/RAM_DIN_VEC[19]/ram_instance/PortAAddr[9:0],2,0.00024061597690086623,6.715,0.8753431029523714,0.0,0.015781155179166288,7
x_aq_lsu_top/x_aq_dcache_top/x_aq_dcache_data_array_bank0/x_aq_spsram_1024x64/x_aq_f_spsram_1024x64/RAM_DIN_VEC[19]/ram_instance/PortADataIn[0:0],0,0.0,0.0,0.0,0.0,,0
x_aq_lsu_top/x_aq_dcache_top/x_aq_dcache_data_array_bank0/x_aq_spsram_1024x64/x_aq_f_spsram_1024x64/RAM_DIN_VEC[19]/ram_instance/PortAWriteEnable,0,0.0,0.0,0.0,0.0,,0
x_aq_lsu_top/x_aq_dcache_top/x_aq_dcache_data_array_bank0/x_aq_spsram_1024x64/x_aq_f_spsram_1024x64/RAM_DIN_VEC[20]/ram_instance/PortAClk,0,0.0,0.0,0.0,0.0,,0
x_aq_lsu_top/x_aq_dcache_top/x_aq_dcache_data_array_bank0/x_aq_spsram_1024x64/x_aq_f_spsram_1024x64/RAM_DIN_VEC[20]/ram_instance/PortAAddr[9:0],2,0.00024061597690086623,6.715,0.8753431029523714,0.0,0.015781155179166288,7
x_aq_lsu_top/x_aq_dcache_top/x_aq_dcache_data_array_bank0/x_aq_spsram_1024x64/x_aq_f_spsram_1024x64/RAM_DIN_VEC[20]/ram_instance/PortADataIn[0:0],0,0.0,0.0,0.0,0.0,,0
x_aq_lsu_top/x_aq_dcache_top/x_aq_dcache_data_array_bank0/x_aq_spsram_1024x64/x_aq_f_spsram_1024x64/RAM_DIN_VEC[20]/ram_instance/PortAWriteEnable,0,0.0,0.0,0.0,0.0,,0
x_aq_lsu_top/x_aq_dcache_top/x_aq_dcache_data_array_bank0/x_aq_spsram_1024x64/x_aq_f_spsram_1024x64/RAM_DIN_VEC[21]/ram_instance/PortAClk,0,0.0,0.0,0.0,0.0,,0
x_aq_lsu_top/x_aq_dcache_top/x_aq_dcache_data_array_bank0/x_aq_spsram_1024x64/x_aq_f_spsram_1024x64/RAM_DIN_VEC[21]/ram_instance/PortAAddr[9:0],2,0.00024061597690086623,6.715,0.8753431029523714,0.0,0.015781155179166288,7
x_aq_lsu_top/x_aq_dcache_top/x_aq_dcache_data_array_bank0/x_aq_spsram_1024x64/x_aq_f_spsram_1024x64/RAM_DIN_VEC[21]/ram_instance/PortADataIn[0:0],0,0.0,0.0,0.0,0.0,,0
x_aq_lsu_top/x_aq_dcache_top/x_aq_dcache_data_array_bank0/x_aq_spsram_1024x64/x_aq_f_spsram_1024x64/RAM_DIN_VEC[21]/ram_instance/PortAWriteEnable,0,0.0,0.0,0.0,0.0,,0
x_aq_lsu_top/x_aq_dcache_top/x_aq_dcache_data_array_bank0/x_aq_spsram_1024x64/x_aq_f_spsram_1024x64/RAM_DIN_VEC[22]/ram_instance/PortAClk,0,0.0,0.0,0.0,0.0,,0
x_aq_lsu_top/x_aq_dcache_top/x_aq_dcache_data_array_bank0/x_aq_spsram_1024x64/x_aq_f_spsram_1024x64/RAM_DIN_VEC[22]/ram_instance/PortAAddr[9:0],2,0.00024061597690086623,6.715,0.8753431029523714,0.0,0.015781155179166288,7
x_aq_lsu_top/x_aq_dcache_top/x_aq_dcache_data_array_bank0/x_aq_spsram_1024x64/x_aq_f_spsram_1024x64/RAM_DIN_VEC[22]/ram_instance/PortADataIn[0:0],0,0.0,0.0,0.0,0.0,,0
x_aq_lsu_top/x_aq_dcache_top/x_aq_dcache_data_array_bank0/x_aq_spsram_1024x64/x_aq_f_spsram_1024x64/RAM_DIN_VEC[22]/ram_instance/PortAWriteEnable,0,0.0,0.0,0.0,0.0,,0
x_aq_lsu_top/x_aq_dcache_top/x_aq_dcache_data_array_bank0/x_aq_spsram_1024x64/x_aq_f_spsram_1024x64/RAM_DIN_VEC[23]/ram_instance/PortAClk,0,0.0,0.0,0.0,0.0,,0
x_aq_lsu_top/x_aq_dcache_top/x_aq_dcache_data_array_bank0/x_aq_spsram_1024x64/x_aq_f_spsram_1024x64/RAM_DIN_VEC[23]/ram_instance/PortAAddr[9:0],2,0.00024061597690086623,6.715,0.8753431029523714,0.0,0.015781155179166288,7
x_aq_lsu_top/x_aq_dcache_top/x_aq_dcache_data_array_bank0/x_aq_spsram_1024x64/x_aq_f_spsram_1024x64/RAM_DIN_VEC[23]/ram_instance/PortADataIn[0:0],0,0.0,0.0,0.0,0.0,,0
x_aq_lsu_top/x_aq_dcache_top/x_aq_dcache_data_array_bank0/x_aq_spsram_1024x64/x_aq_f_spsram_1024x64/RAM_DIN_VEC[23]/ram_instance/PortAWriteEnable,0,0.0,0.0,0.0,0.0,,0
x_aq_lsu_top/x_aq_dcache_top/x_aq_dcache_data_array_bank0/x_aq_spsram_1024x64/x_aq_f_spsram_1024x64/RAM_DIN_VEC[24]/ram_instance/PortAClk,0,0.0,0.0,0.0,0.0,,0
x_aq_lsu_top/x_aq_dcache_top/x_aq_dcache_data_array_bank0/x_aq_spsram_1024x64/x_aq_f_spsram_1024x64/RAM_DIN_VEC[24]/ram_instance/PortAAddr[9:0],2,0.00024061597690086623,6.715,0.8753431029523714,0.0,0.015781155179166288,7
x_aq_lsu_top/x_aq_dcache_top/x_aq_dcache_data_array_bank0/x_aq_spsram_1024x64/x_aq_f_spsram_1024x64/RAM_DIN_VEC[24]/ram_instance/PortADataIn[0:0],0,0.0,0.0,0.0,0.0,,0
x_aq_lsu_top/x_aq_dcache_top/x_aq_dcache_data_array_bank0/x_aq_spsram_1024x64/x_aq_f_spsram_1024x64/RAM_DIN_VEC[24]/ram_instance/PortAWriteEnable,0,0.0,0.0,0.0,0.0,,0
x_aq_lsu_top/x_aq_dcache_top/x_aq_dcache_data_array_bank0/x_aq_spsram_1024x64/x_aq_f_spsram_1024x64/RAM_DIN_VEC[25]/ram_instance/PortAClk,0,0.0,0.0,0.0,0.0,,0
x_aq_lsu_top/x_aq_dcache_top/x_aq_dcache_data_array_bank0/x_aq_spsram_1024x64/x_aq_f_spsram_1024x64/RAM_DIN_VEC[25]/ram_instance/PortAAddr[9:0],2,0.00024061597690086623,6.715,0.8753431029523714,0.0,0.015781155179166288,7
x_aq_lsu_top/x_aq_dcache_top/x_aq_dcache_data_array_bank0/x_aq_spsram_1024x64/x_aq_f_spsram_1024x64/RAM_DIN_VEC[25]/ram_instance/PortADataIn[0:0],0,0.0,0.0,0.0,0.0,,0
x_aq_lsu_top/x_aq_dcache_top/x_aq_dcache_data_array_bank0/x_aq_spsram_1024x64/x_aq_f_spsram_1024x64/RAM_DIN_VEC[25]/ram_instance/PortAWriteEnable,0,0.0,0.0,0.0,0.0,,0
x_aq_lsu_top/x_aq_dcache_top/x_aq_dcache_data_array_bank0/x_aq_spsram_1024x64/x_aq_f_spsram_1024x64/RAM_DIN_VEC[26]/ram_instance/PortAClk,0,0.0,0.0,0.0,0.0,,0
x_aq_lsu_top/x_aq_dcache_top/x_aq_dcache_data_array_bank0/x_aq_spsram_1024x64/x_aq_f_spsram_1024x64/RAM_DIN_VEC[26]/ram_instance/PortAAddr[9:0],2,0.00024061597690086623,6.715,0.8753431029523714,0.0,0.015781155179166288,7
x_aq_lsu_top/x_aq_dcache_top/x_aq_dcache_data_array_bank0/x_aq_spsram_1024x64/x_aq_f_spsram_1024x64/RAM_DIN_VEC[26]/ram_instance/PortADataIn[0:0],0,0.0,0.0,0.0,0.0,,0
x_aq_lsu_top/x_aq_dcache_top/x_aq_dcache_data_array_bank0/x_aq_spsram_1024x64/x_aq_f_spsram_1024x64/RAM_DIN_VEC[26]/ram_instance/PortAWriteEnable,0,0.0,0.0,0.0,0.0,,0
x_aq_lsu_top/x_aq_dcache_top/x_aq_dcache_data_array_bank0/x_aq_spsram_1024x64/x_aq_f_spsram_1024x64/RAM_DIN_VEC[27]/ram_instance/PortAClk,0,0.0,0.0,0.0,0.0,,0
x_aq_lsu_top/x_aq_dcache_top/x_aq_dcache_data_array_bank0/x_aq_spsram_1024x64/x_aq_f_spsram_1024x64/RAM_DIN_VEC[27]/ram_instance/PortAAddr[9:0],2,0.00024061597690086623,6.715,0.8753431029523714,0.0,0.015781155179166288,7
x_aq_lsu_top/x_aq_dcache_top/x_aq_dcache_data_array_bank0/x_aq_spsram_1024x64/x_aq_f_spsram_1024x64/RAM_DIN_VEC[27]/ram_instance/PortADataIn[0:0],0,0.0,0.0,0.0,0.0,,0
x_aq_lsu_top/x_aq_dcache_top/x_aq_dcache_data_array_bank0/x_aq_spsram_1024x64/x_aq_f_spsram_1024x64/RAM_DIN_VEC[27]/ram_instance/PortAWriteEnable,0,0.0,0.0,0.0,0.0,,0
x_aq_lsu_top/x_aq_dcache_top/x_aq_dcache_data_array_bank0/x_aq_spsram_1024x64/x_aq_f_spsram_1024x64/RAM_DIN_VEC[28]/ram_instance/PortAClk,0,0.0,0.0,0.0,0.0,,0
x_aq_lsu_top/x_aq_dcache_top/x_aq_dcache_data_array_bank0/x_aq_spsram_1024x64/x_aq_f_spsram_1024x64/RAM_DIN_VEC[28]/ram_instance/PortAAddr[9:0],2,0.00024061597690086623,6.715,0.8753431029523714,0.0,0.015781155179166288,7
x_aq_lsu_top/x_aq_dcache_top/x_aq_dcache_data_array_bank0/x_aq_spsram_1024x64/x_aq_f_spsram_1024x64/RAM_DIN_VEC[28]/ram_instance/PortADataIn[0:0],0,0.0,0.0,0.0,0.0,,0
x_aq_lsu_top/x_aq_dcache_top/x_aq_dcache_data_array_bank0/x_aq_spsram_1024x64/x_aq_f_spsram_1024x64/RAM_DIN_VEC[28]/ram_instance/PortAWriteEnable,0,0.0,0.0,0.0,0.0,,0
x_aq_lsu_top/x_aq_dcache_top/x_aq_dcache_data_array_bank0/x_aq_spsram_1024x64/x_aq_f_spsram_1024x64/RAM_DIN_VEC[29]/ram_instance/PortAClk,0,0.0,0.0,0.0,0.0,,0
x_aq_lsu_top/x_aq_dcache_top/x_aq_dcache_data_array_bank0/x_aq_spsram_1024x64/x_aq_f_spsram_1024x64/RAM_DIN_VEC[29]/ram_instance/PortAAddr[9:0],2,0.00024061597690086623,6.715,0.8753431029523714,0.0,0.015781155179166288,7
x_aq_lsu_top/x_aq_dcache_top/x_aq_dcache_data_array_bank0/x_aq_spsram_1024x64/x_aq_f_spsram_1024x64/RAM_DIN_VEC[29]/ram_instance/PortADataIn[0:0],0,0.0,0.0,0.0,0.0,,0
x_aq_lsu_top/x_aq_dcache_top/x_aq_dcache_data_array_bank0/x_aq_spsram_1024x64/x_aq_f_spsram_1024x64/RAM_DIN_VEC[29]/ram_instance/PortAWriteEnable,0,0.0,0.0,0.0,0.0,,0
x_aq_lsu_top/x_aq_dcache_top/x_aq_dcache_data_array_bank0/x_aq_spsram_1024x64/x_aq_f_spsram_1024x64/RAM_DIN_VEC[30]/ram_instance/PortAClk,0,0.0,0.0,0.0,0.0,,0
x_aq_lsu_top/x_aq_dcache_top/x_aq_dcache_data_array_bank0/x_aq_spsram_1024x64/x_aq_f_spsram_1024x64/RAM_DIN_VEC[30]/ram_instance/PortAAddr[9:0],2,0.00024061597690086623,6.715,0.8753431029523714,0.0,0.015781155179166288,7
x_aq_lsu_top/x_aq_dcache_top/x_aq_dcache_data_array_bank0/x_aq_spsram_1024x64/x_aq_f_spsram_1024x64/RAM_DIN_VEC[30]/ram_instance/PortADataIn[0:0],0,0.0,0.0,0.0,0.0,,0
x_aq_lsu_top/x_aq_dcache_top/x_aq_dcache_data_array_bank0/x_aq_spsram_1024x64/x_aq_f_spsram_1024x64/RAM_DIN_VEC[30]/ram_instance/PortAWriteEnable,0,0.0,0.0,0.0,0.0,,0
x_aq_lsu_top/x_aq_dcache_top/x_aq_dcache_data_array_bank0/x_aq_spsram_1024x64/x_aq_f_spsram_1024x64/RAM_DIN_VEC[31]/ram_instance/PortAClk,0,0.0,0.0,0.0,0.0,,0
x_aq_lsu_top/x_aq_dcache_top/x_aq_dcache_data_array_bank0/x_aq_spsram_1024x64/x_aq_f_spsram_1024x64/RAM_DIN_VEC[31]/ram_instance/PortAAddr[9:0],2,0.00024061597690086623,6.715,0.8753431029523714,0.0,0.015781155179166288,7
x_aq_lsu_top/x_aq_dcache_top/x_aq_dcache_data_array_bank0/x_aq_spsram_1024x64/x_aq_f_spsram_1024x64/RAM_DIN_VEC[31]/ram_instance/PortADataIn[0:0],0,0.0,0.0,0.0,0.0,,0
x_aq_lsu_top/x_aq_dcache_top/x_aq_dcache_data_array_bank0/x_aq_spsram_1024x64/x_aq_f_spsram_1024x64/RAM_DIN_VEC[31]/ram_instance/PortAWriteEnable,0,0.0,0.0,0.0,0.0,,0
x_aq_lsu_top/x_aq_dcache_top/x_aq_dcache_data_array_bank0/x_aq_spsram_1024x64/x_aq_f_spsram_1024x64/RAM_DIN_VEC[32]/ram_instance/PortAClk,0,0.0,0.0,0.0,0.0,,0
x_aq_lsu_top/x_aq_dcache_top/x_aq_dcache_data_array_bank0/x_aq_spsram_1024x64/x_aq_f_spsram_1024x64/RAM_DIN_VEC[32]/ram_instance/PortAAddr[9:0],2,0.00024061597690086623,6.715,0.8753431029523714,0.0,0.015781155179166288,7
x_aq_lsu_top/x_aq_dcache_top/x_aq_dcache_data_array_bank0/x_aq_spsram_1024x64/x_aq_f_spsram_1024x64/RAM_DIN_VEC[32]/ram_instance/PortADataIn[0:0],0,0.0,0.0,0.0,0.0,,0
x_aq_lsu_top/x_aq_dcache_top/x_aq_dcache_data_array_bank0/x_aq_spsram_1024x64/x_aq_f_spsram_1024x64/RAM_DIN_VEC[32]/ram_instance/PortAWriteEnable,0,0.0,0.0,0.0,0.0,,0
x_aq_lsu_top/x_aq_dcache_top/x_aq_dcache_data_array_bank0/x_aq_spsram_1024x64/x_aq_f_spsram_1024x64/RAM_DIN_VEC[33]/ram_instance/PortAClk,0,0.0,0.0,0.0,0.0,,0
x_aq_lsu_top/x_aq_dcache_top/x_aq_dcache_data_array_bank0/x_aq_spsram_1024x64/x_aq_f_spsram_1024x64/RAM_DIN_VEC[33]/ram_instance/PortAAddr[9:0],2,0.00024061597690086623,6.715,0.8753431029523714,0.0,0.015781155179166288,7
x_aq_lsu_top/x_aq_dcache_top/x_aq_dcache_data_array_bank0/x_aq_spsram_1024x64/x_aq_f_spsram_1024x64/RAM_DIN_VEC[33]/ram_instance/PortADataIn[0:0],0,0.0,0.0,0.0,0.0,,0
x_aq_lsu_top/x_aq_dcache_top/x_aq_dcache_data_array_bank0/x_aq_spsram_1024x64/x_aq_f_spsram_1024x64/RAM_DIN_VEC[33]/ram_instance/PortAWriteEnable,0,0.0,0.0,0.0,0.0,,0
x_aq_lsu_top/x_aq_dcache_top/x_aq_dcache_data_array_bank0/x_aq_spsram_1024x64/x_aq_f_spsram_1024x64/RAM_DIN_VEC[34]/ram_instance/PortAClk,0,0.0,0.0,0.0,0.0,,0
x_aq_lsu_top/x_aq_dcache_top/x_aq_dcache_data_array_bank0/x_aq_spsram_1024x64/x_aq_f_spsram_1024x64/RAM_DIN_VEC[34]/ram_instance/PortAAddr[9:0],2,0.00024061597690086623,6.715,0.8753431029523714,0.0,0.015781155179166288,7
x_aq_lsu_top/x_aq_dcache_top/x_aq_dcache_data_array_bank0/x_aq_spsram_1024x64/x_aq_f_spsram_1024x64/RAM_DIN_VEC[34]/ram_instance/PortADataIn[0:0],0,0.0,0.0,0.0,0.0,,0
x_aq_lsu_top/x_aq_dcache_top/x_aq_dcache_data_array_bank0/x_aq_spsram_1024x64/x_aq_f_spsram_1024x64/RAM_DIN_VEC[34]/ram_instance/PortAWriteEnable,0,0.0,0.0,0.0,0.0,,0
x_aq_lsu_top/x_aq_dcache_top/x_aq_dcache_data_array_bank0/x_aq_spsram_1024x64/x_aq_f_spsram_1024x64/RAM_DIN_VEC[35]/ram_instance/PortAClk,0,0.0,0.0,0.0,0.0,,0
x_aq_lsu_top/x_aq_dcache_top/x_aq_dcache_data_array_bank0/x_aq_spsram_1024x64/x_aq_f_spsram_1024x64/RAM_DIN_VEC[35]/ram_instance/PortAAddr[9:0],2,0.00024061597690086623,6.715,0.8753431029523714,0.0,0.015781155179166288,7
x_aq_lsu_top/x_aq_dcache_top/x_aq_dcache_data_array_bank0/x_aq_spsram_1024x64/x_aq_f_spsram_1024x64/RAM_DIN_VEC[35]/ram_instance/PortADataIn[0:0],0,0.0,0.0,0.0,0.0,,0
x_aq_lsu_top/x_aq_dcache_top/x_aq_dcache_data_array_bank0/x_aq_spsram_1024x64/x_aq_f_spsram_1024x64/RAM_DIN_VEC[35]/ram_instance/PortAWriteEnable,0,0.0,0.0,0.0,0.0,,0
x_aq_lsu_top/x_aq_dcache_top/x_aq_dcache_data_array_bank0/x_aq_spsram_1024x64/x_aq_f_spsram_1024x64/RAM_DIN_VEC[36]/ram_instance/PortAClk,0,0.0,0.0,0.0,0.0,,0
x_aq_lsu_top/x_aq_dcache_top/x_aq_dcache_data_array_bank0/x_aq_spsram_1024x64/x_aq_f_spsram_1024x64/RAM_DIN_VEC[36]/ram_instance/PortAAddr[9:0],2,0.00024061597690086623,6.715,0.8753431029523714,0.0,0.015781155179166288,7
x_aq_lsu_top/x_aq_dcache_top/x_aq_dcache_data_array_bank0/x_aq_spsram_1024x64/x_aq_f_spsram_1024x64/RAM_DIN_VEC[36]/ram_instance/PortADataIn[0:0],0,0.0,0.0,0.0,0.0,,0
x_aq_lsu_top/x_aq_dcache_top/x_aq_dcache_data_array_bank0/x_aq_spsram_1024x64/x_aq_f_spsram_1024x64/RAM_DIN_VEC[36]/ram_instance/PortAWriteEnable,0,0.0,0.0,0.0,0.0,,0
x_aq_lsu_top/x_aq_dcache_top/x_aq_dcache_data_array_bank0/x_aq_spsram_1024x64/x_aq_f_spsram_1024x64/RAM_DIN_VEC[37]/ram_instance/PortAClk,0,0.0,0.0,0.0,0.0,,0
x_aq_lsu_top/x_aq_dcache_top/x_aq_dcache_data_array_bank0/x_aq_spsram_1024x64/x_aq_f_spsram_1024x64/RAM_DIN_VEC[37]/ram_instance/PortAAddr[9:0],2,0.00024061597690086623,6.715,0.8753431029523714,0.0,0.015781155179166288,7
x_aq_lsu_top/x_aq_dcache_top/x_aq_dcache_data_array_bank0/x_aq_spsram_1024x64/x_aq_f_spsram_1024x64/RAM_DIN_VEC[37]/ram_instance/PortADataIn[0:0],0,0.0,0.0,0.0,0.0,,0
x_aq_lsu_top/x_aq_dcache_top/x_aq_dcache_data_array_bank0/x_aq_spsram_1024x64/x_aq_f_spsram_1024x64/RAM_DIN_VEC[37]/ram_instance/PortAWriteEnable,0,0.0,0.0,0.0,0.0,,0
x_aq_lsu_top/x_aq_dcache_top/x_aq_dcache_data_array_bank0/x_aq_spsram_1024x64/x_aq_f_spsram_1024x64/RAM_DIN_VEC[38]/ram_instance/PortAClk,0,0.0,0.0,0.0,0.0,,0
x_aq_lsu_top/x_aq_dcache_top/x_aq_dcache_data_array_bank0/x_aq_spsram_1024x64/x_aq_f_spsram_1024x64/RAM_DIN_VEC[38]/ram_instance/PortAAddr[9:0],2,0.00024061597690086623,6.715,0.8753431029523714,0.0,0.015781155179166288,7
x_aq_lsu_top/x_aq_dcache_top/x_aq_dcache_data_array_bank0/x_aq_spsram_1024x64/x_aq_f_spsram_1024x64/RAM_DIN_VEC[38]/ram_instance/PortADataIn[0:0],0,0.0,0.0,0.0,0.0,,0
x_aq_lsu_top/x_aq_dcache_top/x_aq_dcache_data_array_bank0/x_aq_spsram_1024x64/x_aq_f_spsram_1024x64/RAM_DIN_VEC[38]/ram_instance/PortAWriteEnable,0,0.0,0.0,0.0,0.0,,0
x_aq_lsu_top/x_aq_dcache_top/x_aq_dcache_data_array_bank0/x_aq_spsram_1024x64/x_aq_f_spsram_1024x64/RAM_DIN_VEC[39]/ram_instance/PortAClk,0,0.0,0.0,0.0,0.0,,0
x_aq_lsu_top/x_aq_dcache_top/x_aq_dcache_data_array_bank0/x_aq_spsram_1024x64/x_aq_f_spsram_1024x64/RAM_DIN_VEC[39]/ram_instance/PortAAddr[9:0],2,0.00024061597690086623,6.715,0.8753431029523714,0.0,0.015781155179166288,7
x_aq_lsu_top/x_aq_dcache_top/x_aq_dcache_data_array_bank0/x_aq_spsram_1024x64/x_aq_f_spsram_1024x64/RAM_DIN_VEC[39]/ram_instance/PortADataIn[0:0],0,0.0,0.0,0.0,0.0,,0
x_aq_lsu_top/x_aq_dcache_top/x_aq_dcache_data_array_bank0/x_aq_spsram_1024x64/x_aq_f_spsram_1024x64/RAM_DIN_VEC[39]/ram_instance/PortAWriteEnable,0,0.0,0.0,0.0,0.0,,0
x_aq_lsu_top/x_aq_dcache_top/x_aq_dcache_data_array_bank0/x_aq_spsram_1024x64/x_aq_f_spsram_1024x64/RAM_DIN_VEC[40]/ram_instance/PortAClk,0,0.0,0.0,0.0,0.0,,0
x_aq_lsu_top/x_aq_dcache_top/x_aq_dcache_data_array_bank0/x_aq_spsram_1024x64/x_aq_f_spsram_1024x64/RAM_DIN_VEC[40]/ram_instance/PortAAddr[9:0],2,0.00024061597690086623,6.715,0.8753431029523714,0.0,0.015781155179166288,7
x_aq_lsu_top/x_aq_dcache_top/x_aq_dcache_data_array_bank0/x_aq_spsram_1024x64/x_aq_f_spsram_1024x64/RAM_DIN_VEC[40]/ram_instance/PortADataIn[0:0],0,0.0,0.0,0.0,0.0,,0
x_aq_lsu_top/x_aq_dcache_top/x_aq_dcache_data_array_bank0/x_aq_spsram_1024x64/x_aq_f_spsram_1024x64/RAM_DIN_VEC[40]/ram_instance/PortAWriteEnable,0,0.0,0.0,0.0,0.0,,0
x_aq_lsu_top/x_aq_dcache_top/x_aq_dcache_data_array_bank0/x_aq_spsram_1024x64/x_aq_f_spsram_1024x64/RAM_DIN_VEC[41]/ram_instance/PortAClk,0,0.0,0.0,0.0,0.0,,0
x_aq_lsu_top/x_aq_dcache_top/x_aq_dcache_data_array_bank0/x_aq_spsram_1024x64/x_aq_f_spsram_1024x64/RAM_DIN_VEC[41]/ram_instance/PortAAddr[9:0],2,0.00024061597690086623,6.715,0.8753431029523714,0.0,0.015781155179166288,7
x_aq_lsu_top/x_aq_dcache_top/x_aq_dcache_data_array_bank0/x_aq_spsram_1024x64/x_aq_f_spsram_1024x64/RAM_DIN_VEC[41]/ram_instance/PortADataIn[0:0],0,0.0,0.0,0.0,0.0,,0
x_aq_lsu_top/x_aq_dcache_top/x_aq_dcache_data_array_bank0/x_aq_spsram_1024x64/x_aq_f_spsram_1024x64/RAM_DIN_VEC[41]/ram_instance/PortAWriteEnable,0,0.0,0.0,0.0,0.0,,0
x_aq_lsu_top/x_aq_dcache_top/x_aq_dcache_data_array_bank0/x_aq_spsram_1024x64/x_aq_f_spsram_1024x64/RAM_DIN_VEC[42]/ram_instance/PortAClk,0,0.0,0.0,0.0,0.0,,0
x_aq_lsu_top/x_aq_dcache_top/x_aq_dcache_data_array_bank0/x_aq_spsram_1024x64/x_aq_f_spsram_1024x64/RAM_DIN_VEC[42]/ram_instance/PortAAddr[9:0],2,0.00024061597690086623,6.715,0.8753431029523714,0.0,0.015781155179166288,7
x_aq_lsu_top/x_aq_dcache_top/x_aq_dcache_data_array_bank0/x_aq_spsram_1024x64/x_aq_f_spsram_1024x64/RAM_DIN_VEC[42]/ram_instance/PortADataIn[0:0],0,0.0,0.0,0.0,0.0,,0
x_aq_lsu_top/x_aq_dcache_top/x_aq_dcache_data_array_bank0/x_aq_spsram_1024x64/x_aq_f_spsram_1024x64/RAM_DIN_VEC[42]/ram_instance/PortAWriteEnable,0,0.0,0.0,0.0,0.0,,0
x_aq_lsu_top/x_aq_dcache_top/x_aq_dcache_data_array_bank0/x_aq_spsram_1024x64/x_aq_f_spsram_1024x64/RAM_DIN_VEC[43]/ram_instance/PortAClk,0,0.0,0.0,0.0,0.0,,0
x_aq_lsu_top/x_aq_dcache_top/x_aq_dcache_data_array_bank0/x_aq_spsram_1024x64/x_aq_f_spsram_1024x64/RAM_DIN_VEC[43]/ram_instance/PortAAddr[9:0],2,0.00024061597690086623,6.715,0.8753431029523714,0.0,0.015781155179166288,7
x_aq_lsu_top/x_aq_dcache_top/x_aq_dcache_data_array_bank0/x_aq_spsram_1024x64/x_aq_f_spsram_1024x64/RAM_DIN_VEC[43]/ram_instance/PortADataIn[0:0],0,0.0,0.0,0.0,0.0,,0
x_aq_lsu_top/x_aq_dcache_top/x_aq_dcache_data_array_bank0/x_aq_spsram_1024x64/x_aq_f_spsram_1024x64/RAM_DIN_VEC[43]/ram_instance/PortAWriteEnable,0,0.0,0.0,0.0,0.0,,0
x_aq_lsu_top/x_aq_dcache_top/x_aq_dcache_data_array_bank0/x_aq_spsram_1024x64/x_aq_f_spsram_1024x64/RAM_DIN_VEC[44]/ram_instance/PortAClk,0,0.0,0.0,0.0,0.0,,0
x_aq_lsu_top/x_aq_dcache_top/x_aq_dcache_data_array_bank0/x_aq_spsram_1024x64/x_aq_f_spsram_1024x64/RAM_DIN_VEC[44]/ram_instance/PortAAddr[9:0],2,0.00024061597690086623,6.715,0.8753431029523714,0.0,0.015781155179166288,7
x_aq_lsu_top/x_aq_dcache_top/x_aq_dcache_data_array_bank0/x_aq_spsram_1024x64/x_aq_f_spsram_1024x64/RAM_DIN_VEC[44]/ram_instance/PortADataIn[0:0],0,0.0,0.0,0.0,0.0,,0
x_aq_lsu_top/x_aq_dcache_top/x_aq_dcache_data_array_bank0/x_aq_spsram_1024x64/x_aq_f_spsram_1024x64/RAM_DIN_VEC[44]/ram_instance/PortAWriteEnable,0,0.0,0.0,0.0,0.0,,0
x_aq_lsu_top/x_aq_dcache_top/x_aq_dcache_data_array_bank0/x_aq_spsram_1024x64/x_aq_f_spsram_1024x64/RAM_DIN_VEC[45]/ram_instance/PortAClk,0,0.0,0.0,0.0,0.0,,0
x_aq_lsu_top/x_aq_dcache_top/x_aq_dcache_data_array_bank0/x_aq_spsram_1024x64/x_aq_f_spsram_1024x64/RAM_DIN_VEC[45]/ram_instance/PortAAddr[9:0],2,0.00024061597690086623,6.715,0.8753431029523714,0.0,0.015781155179166288,7
x_aq_lsu_top/x_aq_dcache_top/x_aq_dcache_data_array_bank0/x_aq_spsram_1024x64/x_aq_f_spsram_1024x64/RAM_DIN_VEC[45]/ram_instance/PortADataIn[0:0],0,0.0,0.0,0.0,0.0,,0
x_aq_lsu_top/x_aq_dcache_top/x_aq_dcache_data_array_bank0/x_aq_spsram_1024x64/x_aq_f_spsram_1024x64/RAM_DIN_VEC[45]/ram_instance/PortAWriteEnable,0,0.0,0.0,0.0,0.0,,0
x_aq_lsu_top/x_aq_dcache_top/x_aq_dcache_data_array_bank0/x_aq_spsram_1024x64/x_aq_f_spsram_1024x64/RAM_DIN_VEC[46]/ram_instance/PortAClk,0,0.0,0.0,0.0,0.0,,0
x_aq_lsu_top/x_aq_dcache_top/x_aq_dcache_data_array_bank0/x_aq_spsram_1024x64/x_aq_f_spsram_1024x64/RAM_DIN_VEC[46]/ram_instance/PortAAddr[9:0],2,0.00024061597690086623,6.715,0.8753431029523714,0.0,0.015781155179166288,7
x_aq_lsu_top/x_aq_dcache_top/x_aq_dcache_data_array_bank0/x_aq_spsram_1024x64/x_aq_f_spsram_1024x64/RAM_DIN_VEC[46]/ram_instance/PortADataIn[0:0],0,0.0,0.0,0.0,0.0,,0
x_aq_lsu_top/x_aq_dcache_top/x_aq_dcache_data_array_bank0/x_aq_spsram_1024x64/x_aq_f_spsram_1024x64/RAM_DIN_VEC[46]/ram_instance/PortAWriteEnable,0,0.0,0.0,0.0,0.0,,0
x_aq_lsu_top/x_aq_dcache_top/x_aq_dcache_data_array_bank0/x_aq_spsram_1024x64/x_aq_f_spsram_1024x64/RAM_DIN_VEC[47]/ram_instance/PortAClk,0,0.0,0.0,0.0,0.0,,0
x_aq_lsu_top/x_aq_dcache_top/x_aq_dcache_data_array_bank0/x_aq_spsram_1024x64/x_aq_f_spsram_1024x64/RAM_DIN_VEC[47]/ram_instance/PortAAddr[9:0],2,0.00024061597690086623,6.715,0.8753431029523714,0.0,0.015781155179166288,7
x_aq_lsu_top/x_aq_dcache_top/x_aq_dcache_data_array_bank0/x_aq_spsram_1024x64/x_aq_f_spsram_1024x64/RAM_DIN_VEC[47]/ram_instance/PortADataIn[0:0],0,0.0,0.0,0.0,0.0,,0
x_aq_lsu_top/x_aq_dcache_top/x_aq_dcache_data_array_bank0/x_aq_spsram_1024x64/x_aq_f_spsram_1024x64/RAM_DIN_VEC[47]/ram_instance/PortAWriteEnable,0,0.0,0.0,0.0,0.0,,0
x_aq_lsu_top/x_aq_dcache_top/x_aq_dcache_data_array_bank0/x_aq_spsram_1024x64/x_aq_f_spsram_1024x64/RAM_DIN_VEC[48]/ram_instance/PortAClk,0,0.0,0.0,0.0,0.0,,0
x_aq_lsu_top/x_aq_dcache_top/x_aq_dcache_data_array_bank0/x_aq_spsram_1024x64/x_aq_f_spsram_1024x64/RAM_DIN_VEC[48]/ram_instance/PortAAddr[9:0],2,0.00024061597690086623,6.715,0.8753431029523714,0.0,0.015781155179166288,7
x_aq_lsu_top/x_aq_dcache_top/x_aq_dcache_data_array_bank0/x_aq_spsram_1024x64/x_aq_f_spsram_1024x64/RAM_DIN_VEC[48]/ram_instance/PortADataIn[0:0],0,0.0,0.0,0.0,0.0,,0
x_aq_lsu_top/x_aq_dcache_top/x_aq_dcache_data_array_bank0/x_aq_spsram_1024x64/x_aq_f_spsram_1024x64/RAM_DIN_VEC[48]/ram_instance/PortAWriteEnable,0,0.0,0.0,0.0,0.0,,0
x_aq_lsu_top/x_aq_dcache_top/x_aq_dcache_data_array_bank0/x_aq_spsram_1024x64/x_aq_f_spsram_1024x64/RAM_DIN_VEC[49]/ram_instance/PortAClk,0,0.0,0.0,0.0,0.0,,0
x_aq_lsu_top/x_aq_dcache_top/x_aq_dcache_data_array_bank0/x_aq_spsram_1024x64/x_aq_f_spsram_1024x64/RAM_DIN_VEC[49]/ram_instance/PortAAddr[9:0],2,0.00024061597690086623,6.715,0.8753431029523714,0.0,0.015781155179166288,7
x_aq_lsu_top/x_aq_dcache_top/x_aq_dcache_data_array_bank0/x_aq_spsram_1024x64/x_aq_f_spsram_1024x64/RAM_DIN_VEC[49]/ram_instance/PortADataIn[0:0],0,0.0,0.0,0.0,0.0,,0
x_aq_lsu_top/x_aq_dcache_top/x_aq_dcache_data_array_bank0/x_aq_spsram_1024x64/x_aq_f_spsram_1024x64/RAM_DIN_VEC[49]/ram_instance/PortAWriteEnable,0,0.0,0.0,0.0,0.0,,0
x_aq_lsu_top/x_aq_dcache_top/x_aq_dcache_data_array_bank0/x_aq_spsram_1024x64/x_aq_f_spsram_1024x64/RAM_DIN_VEC[50]/ram_instance/PortAClk,0,0.0,0.0,0.0,0.0,,0
x_aq_lsu_top/x_aq_dcache_top/x_aq_dcache_data_array_bank0/x_aq_spsram_1024x64/x_aq_f_spsram_1024x64/RAM_DIN_VEC[50]/ram_instance/PortAAddr[9:0],2,0.00024061597690086623,6.715,0.8753431029523714,0.0,0.015781155179166288,7
x_aq_lsu_top/x_aq_dcache_top/x_aq_dcache_data_array_bank0/x_aq_spsram_1024x64/x_aq_f_spsram_1024x64/RAM_DIN_VEC[50]/ram_instance/PortADataIn[0:0],0,0.0,0.0,0.0,0.0,,0
x_aq_lsu_top/x_aq_dcache_top/x_aq_dcache_data_array_bank0/x_aq_spsram_1024x64/x_aq_f_spsram_1024x64/RAM_DIN_VEC[50]/ram_instance/PortAWriteEnable,0,0.0,0.0,0.0,0.0,,0
x_aq_lsu_top/x_aq_dcache_top/x_aq_dcache_data_array_bank0/x_aq_spsram_1024x64/x_aq_f_spsram_1024x64/RAM_DIN_VEC[51]/ram_instance/PortAClk,0,0.0,0.0,0.0,0.0,,0
x_aq_lsu_top/x_aq_dcache_top/x_aq_dcache_data_array_bank0/x_aq_spsram_1024x64/x_aq_f_spsram_1024x64/RAM_DIN_VEC[51]/ram_instance/PortAAddr[9:0],2,0.00024061597690086623,6.715,0.8753431029523714,0.0,0.015781155179166288,7
x_aq_lsu_top/x_aq_dcache_top/x_aq_dcache_data_array_bank0/x_aq_spsram_1024x64/x_aq_f_spsram_1024x64/RAM_DIN_VEC[51]/ram_instance/PortADataIn[0:0],0,0.0,0.0,0.0,0.0,,0
x_aq_lsu_top/x_aq_dcache_top/x_aq_dcache_data_array_bank0/x_aq_spsram_1024x64/x_aq_f_spsram_1024x64/RAM_DIN_VEC[51]/ram_instance/PortAWriteEnable,0,0.0,0.0,0.0,0.0,,0
x_aq_lsu_top/x_aq_dcache_top/x_aq_dcache_data_array_bank0/x_aq_spsram_1024x64/x_aq_f_spsram_1024x64/RAM_DIN_VEC[52]/ram_instance/PortAClk,0,0.0,0.0,0.0,0.0,,0
x_aq_lsu_top/x_aq_dcache_top/x_aq_dcache_data_array_bank0/x_aq_spsram_1024x64/x_aq_f_spsram_1024x64/RAM_DIN_VEC[52]/ram_instance/PortAAddr[9:0],2,0.00024061597690086623,6.715,0.8753431029523714,0.0,0.015781155179166288,7
x_aq_lsu_top/x_aq_dcache_top/x_aq_dcache_data_array_bank0/x_aq_spsram_1024x64/x_aq_f_spsram_1024x64/RAM_DIN_VEC[52]/ram_instance/PortADataIn[0:0],0,0.0,0.0,0.0,0.0,,0
x_aq_lsu_top/x_aq_dcache_top/x_aq_dcache_data_array_bank0/x_aq_spsram_1024x64/x_aq_f_spsram_1024x64/RAM_DIN_VEC[52]/ram_instance/PortAWriteEnable,0,0.0,0.0,0.0,0.0,,0
x_aq_lsu_top/x_aq_dcache_top/x_aq_dcache_data_array_bank0/x_aq_spsram_1024x64/x_aq_f_spsram_1024x64/RAM_DIN_VEC[53]/ram_instance/PortAClk,0,0.0,0.0,0.0,0.0,,0
x_aq_lsu_top/x_aq_dcache_top/x_aq_dcache_data_array_bank0/x_aq_spsram_1024x64/x_aq_f_spsram_1024x64/RAM_DIN_VEC[53]/ram_instance/PortAAddr[9:0],2,0.00024061597690086623,6.715,0.8753431029523714,0.0,0.015781155179166288,7
x_aq_lsu_top/x_aq_dcache_top/x_aq_dcache_data_array_bank0/x_aq_spsram_1024x64/x_aq_f_spsram_1024x64/RAM_DIN_VEC[53]/ram_instance/PortADataIn[0:0],0,0.0,0.0,0.0,0.0,,0
x_aq_lsu_top/x_aq_dcache_top/x_aq_dcache_data_array_bank0/x_aq_spsram_1024x64/x_aq_f_spsram_1024x64/RAM_DIN_VEC[53]/ram_instance/PortAWriteEnable,0,0.0,0.0,0.0,0.0,,0
x_aq_lsu_top/x_aq_dcache_top/x_aq_dcache_data_array_bank0/x_aq_spsram_1024x64/x_aq_f_spsram_1024x64/RAM_DIN_VEC[54]/ram_instance/PortAClk,0,0.0,0.0,0.0,0.0,,0
x_aq_lsu_top/x_aq_dcache_top/x_aq_dcache_data_array_bank0/x_aq_spsram_1024x64/x_aq_f_spsram_1024x64/RAM_DIN_VEC[54]/ram_instance/PortAAddr[9:0],2,0.00024061597690086623,6.715,0.8753431029523714,0.0,0.015781155179166288,7
x_aq_lsu_top/x_aq_dcache_top/x_aq_dcache_data_array_bank0/x_aq_spsram_1024x64/x_aq_f_spsram_1024x64/RAM_DIN_VEC[54]/ram_instance/PortADataIn[0:0],0,0.0,0.0,0.0,0.0,,0
x_aq_lsu_top/x_aq_dcache_top/x_aq_dcache_data_array_bank0/x_aq_spsram_1024x64/x_aq_f_spsram_1024x64/RAM_DIN_VEC[54]/ram_instance/PortAWriteEnable,0,0.0,0.0,0.0,0.0,,0
x_aq_lsu_top/x_aq_dcache_top/x_aq_dcache_data_array_bank0/x_aq_spsram_1024x64/x_aq_f_spsram_1024x64/RAM_DIN_VEC[55]/ram_instance/PortAClk,0,0.0,0.0,0.0,0.0,,0
x_aq_lsu_top/x_aq_dcache_top/x_aq_dcache_data_array_bank0/x_aq_spsram_1024x64/x_aq_f_spsram_1024x64/RAM_DIN_VEC[55]/ram_instance/PortAAddr[9:0],2,0.00024061597690086623,6.715,0.8753431029523714,0.0,0.015781155179166288,7
x_aq_lsu_top/x_aq_dcache_top/x_aq_dcache_data_array_bank0/x_aq_spsram_1024x64/x_aq_f_spsram_1024x64/RAM_DIN_VEC[55]/ram_instance/PortADataIn[0:0],0,0.0,0.0,0.0,0.0,,0
x_aq_lsu_top/x_aq_dcache_top/x_aq_dcache_data_array_bank0/x_aq_spsram_1024x64/x_aq_f_spsram_1024x64/RAM_DIN_VEC[55]/ram_instance/PortAWriteEnable,0,0.0,0.0,0.0,0.0,,0
x_aq_lsu_top/x_aq_dcache_top/x_aq_dcache_data_array_bank0/x_aq_spsram_1024x64/x_aq_f_spsram_1024x64/RAM_DIN_VEC[56]/ram_instance/PortAClk,0,0.0,0.0,0.0,0.0,,0
x_aq_lsu_top/x_aq_dcache_top/x_aq_dcache_data_array_bank0/x_aq_spsram_1024x64/x_aq_f_spsram_1024x64/RAM_DIN_VEC[56]/ram_instance/PortAAddr[9:0],2,0.00024061597690086623,6.715,0.8753431029523714,0.0,0.015781155179166288,7
x_aq_lsu_top/x_aq_dcache_top/x_aq_dcache_data_array_bank0/x_aq_spsram_1024x64/x_aq_f_spsram_1024x64/RAM_DIN_VEC[56]/ram_instance/PortADataIn[0:0],0,0.0,0.0,0.0,0.0,,0
x_aq_lsu_top/x_aq_dcache_top/x_aq_dcache_data_array_bank0/x_aq_spsram_1024x64/x_aq_f_spsram_1024x64/RAM_DIN_VEC[56]/ram_instance/PortAWriteEnable,0,0.0,0.0,0.0,0.0,,0
x_aq_lsu_top/x_aq_dcache_top/x_aq_dcache_data_array_bank0/x_aq_spsram_1024x64/x_aq_f_spsram_1024x64/RAM_DIN_VEC[57]/ram_instance/PortAClk,0,0.0,0.0,0.0,0.0,,0
x_aq_lsu_top/x_aq_dcache_top/x_aq_dcache_data_array_bank0/x_aq_spsram_1024x64/x_aq_f_spsram_1024x64/RAM_DIN_VEC[57]/ram_instance/PortAAddr[9:0],2,0.00024061597690086623,6.715,0.8753431029523714,0.0,0.015781155179166288,7
x_aq_lsu_top/x_aq_dcache_top/x_aq_dcache_data_array_bank0/x_aq_spsram_1024x64/x_aq_f_spsram_1024x64/RAM_DIN_VEC[57]/ram_instance/PortADataIn[0:0],0,0.0,0.0,0.0,0.0,,0
x_aq_lsu_top/x_aq_dcache_top/x_aq_dcache_data_array_bank0/x_aq_spsram_1024x64/x_aq_f_spsram_1024x64/RAM_DIN_VEC[57]/ram_instance/PortAWriteEnable,0,0.0,0.0,0.0,0.0,,0
x_aq_lsu_top/x_aq_dcache_top/x_aq_dcache_data_array_bank0/x_aq_spsram_1024x64/x_aq_f_spsram_1024x64/RAM_DIN_VEC[58]/ram_instance/PortAClk,0,0.0,0.0,0.0,0.0,,0
x_aq_lsu_top/x_aq_dcache_top/x_aq_dcache_data_array_bank0/x_aq_spsram_1024x64/x_aq_f_spsram_1024x64/RAM_DIN_VEC[58]/ram_instance/PortAAddr[9:0],2,0.00024061597690086623,6.715,0.8753431029523714,0.0,0.015781155179166288,7
x_aq_lsu_top/x_aq_dcache_top/x_aq_dcache_data_array_bank0/x_aq_spsram_1024x64/x_aq_f_spsram_1024x64/RAM_DIN_VEC[58]/ram_instance/PortADataIn[0:0],0,0.0,0.0,0.0,0.0,,0
x_aq_lsu_top/x_aq_dcache_top/x_aq_dcache_data_array_bank0/x_aq_spsram_1024x64/x_aq_f_spsram_1024x64/RAM_DIN_VEC[58]/ram_instance/PortAWriteEnable,0,0.0,0.0,0.0,0.0,,0
x_aq_lsu_top/x_aq_dcache_top/x_aq_dcache_data_array_bank0/x_aq_spsram_1024x64/x_aq_f_spsram_1024x64/RAM_DIN_VEC[59]/ram_instance/PortAClk,0,0.0,0.0,0.0,0.0,,0
x_aq_lsu_top/x_aq_dcache_top/x_aq_dcache_data_array_bank0/x_aq_spsram_1024x64/x_aq_f_spsram_1024x64/RAM_DIN_VEC[59]/ram_instance/PortAAddr[9:0],2,0.00024061597690086623,6.715,0.8753431029523714,0.0,0.015781155179166288,7
x_aq_lsu_top/x_aq_dcache_top/x_aq_dcache_data_array_bank0/x_aq_spsram_1024x64/x_aq_f_spsram_1024x64/RAM_DIN_VEC[59]/ram_instance/PortADataIn[0:0],0,0.0,0.0,0.0,0.0,,0
x_aq_lsu_top/x_aq_dcache_top/x_aq_dcache_data_array_bank0/x_aq_spsram_1024x64/x_aq_f_spsram_1024x64/RAM_DIN_VEC[59]/ram_instance/PortAWriteEnable,0,0.0,0.0,0.0,0.0,,0
x_aq_lsu_top/x_aq_dcache_top/x_aq_dcache_data_array_bank0/x_aq_spsram_1024x64/x_aq_f_spsram_1024x64/RAM_DIN_VEC[60]/ram_instance/PortAClk,0,0.0,0.0,0.0,0.0,,0
x_aq_lsu_top/x_aq_dcache_top/x_aq_dcache_data_array_bank0/x_aq_spsram_1024x64/x_aq_f_spsram_1024x64/RAM_DIN_VEC[60]/ram_instance/PortAAddr[9:0],2,0.00024061597690086623,6.715,0.8753431029523714,0.0,0.015781155179166288,7
x_aq_lsu_top/x_aq_dcache_top/x_aq_dcache_data_array_bank0/x_aq_spsram_1024x64/x_aq_f_spsram_1024x64/RAM_DIN_VEC[60]/ram_instance/PortADataIn[0:0],0,0.0,0.0,0.0,0.0,,0
x_aq_lsu_top/x_aq_dcache_top/x_aq_dcache_data_array_bank0/x_aq_spsram_1024x64/x_aq_f_spsram_1024x64/RAM_DIN_VEC[60]/ram_instance/PortAWriteEnable,0,0.0,0.0,0.0,0.0,,0
x_aq_lsu_top/x_aq_dcache_top/x_aq_dcache_data_array_bank0/x_aq_spsram_1024x64/x_aq_f_spsram_1024x64/RAM_DIN_VEC[61]/ram_instance/PortAClk,0,0.0,0.0,0.0,0.0,,0
x_aq_lsu_top/x_aq_dcache_top/x_aq_dcache_data_array_bank0/x_aq_spsram_1024x64/x_aq_f_spsram_1024x64/RAM_DIN_VEC[61]/ram_instance/PortAAddr[9:0],2,0.00024061597690086623,6.715,0.8753431029523714,0.0,0.015781155179166288,7
x_aq_lsu_top/x_aq_dcache_top/x_aq_dcache_data_array_bank0/x_aq_spsram_1024x64/x_aq_f_spsram_1024x64/RAM_DIN_VEC[61]/ram_instance/PortADataIn[0:0],0,0.0,0.0,0.0,0.0,,0
x_aq_lsu_top/x_aq_dcache_top/x_aq_dcache_data_array_bank0/x_aq_spsram_1024x64/x_aq_f_spsram_1024x64/RAM_DIN_VEC[61]/ram_instance/PortAWriteEnable,0,0.0,0.0,0.0,0.0,,0
x_aq_lsu_top/x_aq_dcache_top/x_aq_dcache_data_array_bank0/x_aq_spsram_1024x64/x_aq_f_spsram_1024x64/RAM_DIN_VEC[62]/ram_instance/PortAClk,0,0.0,0.0,0.0,0.0,,0
x_aq_lsu_top/x_aq_dcache_top/x_aq_dcache_data_array_bank0/x_aq_spsram_1024x64/x_aq_f_spsram_1024x64/RAM_DIN_VEC[62]/ram_instance/PortAAddr[9:0],2,0.00024061597690086623,6.715,0.8753431029523714,0.0,0.015781155179166288,7
x_aq_lsu_top/x_aq_dcache_top/x_aq_dcache_data_array_bank0/x_aq_spsram_1024x64/x_aq_f_spsram_1024x64/RAM_DIN_VEC[62]/ram_instance/PortADataIn[0:0],0,0.0,0.0,0.0,0.0,,0
x_aq_lsu_top/x_aq_dcache_top/x_aq_dcache_data_array_bank0/x_aq_spsram_1024x64/x_aq_f_spsram_1024x64/RAM_DIN_VEC[62]/ram_instance/PortAWriteEnable,0,0.0,0.0,0.0,0.0,,0
x_aq_lsu_top/x_aq_dcache_top/x_aq_dcache_data_array_bank0/x_aq_spsram_1024x64/x_aq_f_spsram_1024x64/RAM_DIN_VEC[63]/ram_instance/PortAClk,0,0.0,0.0,0.0,0.0,,0
x_aq_lsu_top/x_aq_dcache_top/x_aq_dcache_data_array_bank0/x_aq_spsram_1024x64/x_aq_f_spsram_1024x64/RAM_DIN_VEC[63]/ram_instance/PortAAddr[9:0],2,0.00024061597690086623,6.715,0.8753431029523714,0.0,0.015781155179166288,7
x_aq_lsu_top/x_aq_dcache_top/x_aq_dcache_data_array_bank0/x_aq_spsram_1024x64/x_aq_f_spsram_1024x64/RAM_DIN_VEC[63]/ram_instance/PortADataIn[0:0],0,0.0,0.0,0.0,0.0,,0
x_aq_lsu_top/x_aq_dcache_top/x_aq_dcache_data_array_bank0/x_aq_spsram_1024x64/x_aq_f_spsram_1024x64/RAM_DIN_VEC[63]/ram_instance/PortAWriteEnable,0,0.0,0.0,0.0,0.0,,0
x_aq_lsu_top/x_aq_dcache_top/x_aq_dcache_data_array_bank1/cp0_lsu_icg_en,0,0.0,0.0,0.0,0.0,,0
x_aq_lsu_top/x_aq_dcache_top/x_aq_dcache_data_array_bank1/data_cen,3,0.0003609239653512993,18.29666666666667,2.385087263393183,0.3333333333333333,-0.12283283392414311,1
x_aq_lsu_top/x_aq_dcache_top/x_aq_dcache_data_array_bank1/data_clk_en,0,0.0,0.0,0.0,0.0,,0
x_aq_lsu_top/x_aq_dcache_top/x_aq_dcache_data_array_bank1/data_din[63:0],0,0.0,0.0,0.0,0.0,,0
x_aq_lsu_top/x_aq_dcache_top/x_aq_dcache_data_array_bank1/data_dout[63:0],0,0.0,0.0,0.0,0.0,,0
x_aq_lsu_top/x_aq_dcache_top/x_aq_dcache_data_array_bank1/data_gwen,0,0.0,0.0,0.0,0.0,,0
x_aq_lsu_top/x_aq_dcache_top/x_aq_dcache_data_array_bank1/data_idx[13:0],2094,0.2519249278152069,8.004875835721107,1.0434866497079034,0.06494746895893028,0.07475341114380646,11
x_aq_lsu_top/x_aq_dcache_top/x_aq_dcache_data_array_bank1/data_wen[63:0],0,0.0,0.0,0.0,0.0,,0
x_aq_lsu_top/x_aq_dcache_top/x_aq_dcache_data_array_bank1/forever_cpuclk,0,0.0,0.0,0.0,0.0,,0
x_aq_lsu_top/x_aq_dcache_top/x_aq_dcache_data_array_bank1/pad_yy_icg_scan_en,0,0.0,0.0,0.0,0.0,,0
x_aq_lsu_top/x_aq_dcache_top/x_aq_dcache_data_array_bank1/data_clk,0,0.0,0.0,0.0,0.0,,0
x_aq_lsu_top/x_aq_dcache_top/x_aq_dcache_data_array_bank1/x_dcache_data_gated_clk/clk_in,0,0.0,0.0,0.0,0.0,,0
x_aq_lsu_top/x_aq_dcache_top/x_aq_dcache_data_array_bank1/x_dcache_data_gated_clk/global_en,0,0.0,0.0,0.0,0.0,,0
x_aq_lsu_top/x_aq_dcache_top/x_aq_dcache_data_array_bank1/x_dcache_data_gated_clk/module_en,0,0.0,0.0,0.0,0.0,,0
x_aq_lsu_top/x_aq_dcache_top/x_aq_dcache_data_array_bank1/x_dcache_data_gated_clk/local_en,0,0.0,0.0,0.0,0.0,,0
x_aq_lsu_top/x_aq_dcache_top/x_aq_dcache_data_array_bank1/x_dcache_data_gated_clk/external_en,0,0.0,0.0,0.0,0.0,,0
x_aq_lsu_top/x_aq_dcache_top/x_aq_dcache_data_array_bank1/x_dcache_data_gated_clk/pad_yy_icg_scan_en,0,0.0,0.0,0.0,0.0,,0
x_aq_lsu_top/x_aq_dcache_top/x_aq_dcache_data_array_bank1/x_dcache_data_gated_clk/clk_out,0,0.0,0.0,0.0,0.0,,0
x_aq_lsu_top/x_aq_dcache_top/x_aq_dcache_data_array_bank1/x_dcache_data_gated_clk/clk_en_bf_latch,0,0.0,0.0,0.0,0.0,,0
x_aq_lsu_top/x_aq_dcache_top/x_aq_dcache_data_array_bank1/x_dcache_data_gated_clk/SE,0,0.0,0.0,0.0,0.0,,0
x_aq_lsu_top/x_aq_dcache_top/x_aq_dcache_data_array_bank1/x_aq_spsram_1024x64/A[9:0],2081,0.2503609239653513,8.019802979336859,1.0454324981384064,0.06487265737626141,-0.12469413106723284,8
x_aq_lsu_top/x_aq_dcache_top/x_aq_dcache_data_array_bank1/x_aq_spsram_1024x64/CEN,3,0.0003609239653512993,18.29666666666667,2.385087263393183,0.3333333333333333,-0.12283283392414311,1
x_aq_lsu_top/x_aq_dcache_top/x_aq_dcache_data_array_bank1/x_aq_spsram_1024x64/CLK,0,0.0,0.0,0.0,0.0,,0
x_aq_lsu_top/x_aq_dcache_top/x_aq_dcache_data_array_bank1/x_aq_spsram_1024x64/D[63:0],0,0.0,0.0,0.0,0.0,,0
x_aq_lsu_top/x_aq_dcache_top/x_aq_dcache_data_array_bank1/x_aq_spsram_1024x64/GWEN,0,0.0,0.0,0.0,0.0,,0
x_aq_lsu_top/x_aq_dcache_top/x_aq_dcache_data_array_bank1/x_aq_spsram_1024x64/Q[63:0],0,0.0,0.0,0.0,0.0,,0
x_aq_lsu_top/x_aq_dcache_top/x_aq_dcache_data_array_bank1/x_aq_spsram_1024x64/WEN[63:0],0,0.0,0.0,0.0,0.0,,0
x_aq_lsu_top/x_aq_dcache_top/x_aq_dcache_data_array_bank1/x_aq_spsram_1024x64/x_aq_f_spsram_1024x64/A[9:0],2081,0.2503609239653513,8.019802979336859,1.0454324981384064,0.06487265737626141,-0.12469413106723284,8
x_aq_lsu_top/x_aq_dcache_top/x_aq_dcache_data_array_bank1/x_aq_spsram_1024x64/x_aq_f_spsram_1024x64/CEN,3,0.0003609239653512993,18.29666666666667,2.385087263393183,0.3333333333333333,-0.12283283392414311,1
x_aq_lsu_top/x_aq_dcache_top/x_aq_dcache_data_array_bank1/x_aq_spsram_1024x64/x_aq_f_spsram_1024x64/CLK,0,0.0,0.0,0.0,0.0,,0
x_aq_lsu_top/x_aq_dcache_top/x_aq_dcache_data_array_bank1/x_aq_spsram_1024x64/x_aq_f_spsram_1024x64/D[63:0],0,0.0,0.0,0.0,0.0,,0
x_aq_lsu_top/x_aq_dcache_top/x_aq_dcache_data_array_bank1/x_aq_spsram_1024x64/x_aq_f_spsram_1024x64/GWEN,0,0.0,0.0,0.0,0.0,,0
x_aq_lsu_top/x_aq_dcache_top/x_aq_dcache_data_array_bank1/x_aq_spsram_1024x64/x_aq_f_spsram_1024x64/Q[63:0],0,0.0,0.0,0.0,0.0,,0
x_aq_lsu_top/x_aq_dcache_top/x_aq_dcache_data_array_bank1/x_aq_spsram_1024x64/x_aq_f_spsram_1024x64/WEN[63:0],0,0.0,0.0,0.0,0.0,,0
x_aq_lsu_top/x_aq_dcache_top/x_aq_dcache_data_array_bank1/x_aq_spsram_1024x64/x_aq_f_spsram_1024x64/addr[9:0],2,0.00024061597690086623,6.715,0.8753431029523714,0.0,0.015781058708305613,7
x_aq_lsu_top/x_aq_dcache_top/x_aq_dcache_data_array_bank1/x_aq_spsram_1024x64/x_aq_f_spsram_1024x64/ram_wen_vec[63:0],0,0.0,0.0,0.0,0.0,,0
x_aq_lsu_top/x_aq_dcache_top/x_aq_dcache_data_array_bank1/x_aq_spsram_1024x64/x_aq_f_spsram_1024x64/RAM_DIN_VEC[0]/ram_instance/PortAClk,0,0.0,0.0,0.0,0.0,,0
x_aq_lsu_top/x_aq_dcache_top/x_aq_dcache_data_array_bank1/x_aq_spsram_1024x64/x_aq_f_spsram_1024x64/RAM_DIN_VEC[0]/ram_instance/PortAAddr[9:0],2,0.00024061597690086623,6.715,0.8753431029523714,0.0,0.015781058708305613,7
x_aq_lsu_top/x_aq_dcache_top/x_aq_dcache_data_array_bank1/x_aq_spsram_1024x64/x_aq_f_spsram_1024x64/RAM_DIN_VEC[0]/ram_instance/PortADataIn[0:0],0,0.0,0.0,0.0,0.0,,0
x_aq_lsu_top/x_aq_dcache_top/x_aq_dcache_data_array_bank1/x_aq_spsram_1024x64/x_aq_f_spsram_1024x64/RAM_DIN_VEC[0]/ram_instance/PortAWriteEnable,0,0.0,0.0,0.0,0.0,,0
x_aq_lsu_top/x_aq_dcache_top/x_aq_dcache_data_array_bank1/x_aq_spsram_1024x64/x_aq_f_spsram_1024x64/RAM_DIN_VEC[1]/ram_instance/PortAClk,0,0.0,0.0,0.0,0.0,,0
x_aq_lsu_top/x_aq_dcache_top/x_aq_dcache_data_array_bank1/x_aq_spsram_1024x64/x_aq_f_spsram_1024x64/RAM_DIN_VEC[1]/ram_instance/PortAAddr[9:0],2,0.00024061597690086623,6.715,0.8753431029523714,0.0,0.015781058708305613,7
x_aq_lsu_top/x_aq_dcache_top/x_aq_dcache_data_array_bank1/x_aq_spsram_1024x64/x_aq_f_spsram_1024x64/RAM_DIN_VEC[1]/ram_instance/PortADataIn[0:0],0,0.0,0.0,0.0,0.0,,0
x_aq_lsu_top/x_aq_dcache_top/x_aq_dcache_data_array_bank1/x_aq_spsram_1024x64/x_aq_f_spsram_1024x64/RAM_DIN_VEC[1]/ram_instance/PortAWriteEnable,0,0.0,0.0,0.0,0.0,,0
x_aq_lsu_top/x_aq_dcache_top/x_aq_dcache_data_array_bank1/x_aq_spsram_1024x64/x_aq_f_spsram_1024x64/RAM_DIN_VEC[2]/ram_instance/PortAClk,0,0.0,0.0,0.0,0.0,,0
x_aq_lsu_top/x_aq_dcache_top/x_aq_dcache_data_array_bank1/x_aq_spsram_1024x64/x_aq_f_spsram_1024x64/RAM_DIN_VEC[2]/ram_instance/PortAAddr[9:0],2,0.00024061597690086623,6.715,0.8753431029523714,0.0,0.015781058708305613,7
x_aq_lsu_top/x_aq_dcache_top/x_aq_dcache_data_array_bank1/x_aq_spsram_1024x64/x_aq_f_spsram_1024x64/RAM_DIN_VEC[2]/ram_instance/PortADataIn[0:0],0,0.0,0.0,0.0,0.0,,0
x_aq_lsu_top/x_aq_dcache_top/x_aq_dcache_data_array_bank1/x_aq_spsram_1024x64/x_aq_f_spsram_1024x64/RAM_DIN_VEC[2]/ram_instance/PortAWriteEnable,0,0.0,0.0,0.0,0.0,,0
x_aq_lsu_top/x_aq_dcache_top/x_aq_dcache_data_array_bank1/x_aq_spsram_1024x64/x_aq_f_spsram_1024x64/RAM_DIN_VEC[3]/ram_instance/PortAClk,0,0.0,0.0,0.0,0.0,,0
x_aq_lsu_top/x_aq_dcache_top/x_aq_dcache_data_array_bank1/x_aq_spsram_1024x64/x_aq_f_spsram_1024x64/RAM_DIN_VEC[3]/ram_instance/PortAAddr[9:0],2,0.00024061597690086623,6.715,0.8753431029523714,0.0,0.015781058708305613,7
x_aq_lsu_top/x_aq_dcache_top/x_aq_dcache_data_array_bank1/x_aq_spsram_1024x64/x_aq_f_spsram_1024x64/RAM_DIN_VEC[3]/ram_instance/PortADataIn[0:0],0,0.0,0.0,0.0,0.0,,0
x_aq_lsu_top/x_aq_dcache_top/x_aq_dcache_data_array_bank1/x_aq_spsram_1024x64/x_aq_f_spsram_1024x64/RAM_DIN_VEC[3]/ram_instance/PortAWriteEnable,0,0.0,0.0,0.0,0.0,,0
x_aq_lsu_top/x_aq_dcache_top/x_aq_dcache_data_array_bank1/x_aq_spsram_1024x64/x_aq_f_spsram_1024x64/RAM_DIN_VEC[4]/ram_instance/PortAClk,0,0.0,0.0,0.0,0.0,,0
x_aq_lsu_top/x_aq_dcache_top/x_aq_dcache_data_array_bank1/x_aq_spsram_1024x64/x_aq_f_spsram_1024x64/RAM_DIN_VEC[4]/ram_instance/PortAAddr[9:0],2,0.00024061597690086623,6.715,0.8753431029523714,0.0,0.015781058708305613,7
x_aq_lsu_top/x_aq_dcache_top/x_aq_dcache_data_array_bank1/x_aq_spsram_1024x64/x_aq_f_spsram_1024x64/RAM_DIN_VEC[4]/ram_instance/PortADataIn[0:0],0,0.0,0.0,0.0,0.0,,0
x_aq_lsu_top/x_aq_dcache_top/x_aq_dcache_data_array_bank1/x_aq_spsram_1024x64/x_aq_f_spsram_1024x64/RAM_DIN_VEC[4]/ram_instance/PortAWriteEnable,0,0.0,0.0,0.0,0.0,,0
x_aq_lsu_top/x_aq_dcache_top/x_aq_dcache_data_array_bank1/x_aq_spsram_1024x64/x_aq_f_spsram_1024x64/RAM_DIN_VEC[5]/ram_instance/PortAClk,0,0.0,0.0,0.0,0.0,,0
x_aq_lsu_top/x_aq_dcache_top/x_aq_dcache_data_array_bank1/x_aq_spsram_1024x64/x_aq_f_spsram_1024x64/RAM_DIN_VEC[5]/ram_instance/PortAAddr[9:0],2,0.00024061597690086623,6.715,0.8753431029523714,0.0,0.015781058708305613,7
x_aq_lsu_top/x_aq_dcache_top/x_aq_dcache_data_array_bank1/x_aq_spsram_1024x64/x_aq_f_spsram_1024x64/RAM_DIN_VEC[5]/ram_instance/PortADataIn[0:0],0,0.0,0.0,0.0,0.0,,0
x_aq_lsu_top/x_aq_dcache_top/x_aq_dcache_data_array_bank1/x_aq_spsram_1024x64/x_aq_f_spsram_1024x64/RAM_DIN_VEC[5]/ram_instance/PortAWriteEnable,0,0.0,0.0,0.0,0.0,,0
x_aq_lsu_top/x_aq_dcache_top/x_aq_dcache_data_array_bank1/x_aq_spsram_1024x64/x_aq_f_spsram_1024x64/RAM_DIN_VEC[6]/ram_instance/PortAClk,0,0.0,0.0,0.0,0.0,,0
x_aq_lsu_top/x_aq_dcache_top/x_aq_dcache_data_array_bank1/x_aq_spsram_1024x64/x_aq_f_spsram_1024x64/RAM_DIN_VEC[6]/ram_instance/PortAAddr[9:0],2,0.00024061597690086623,6.715,0.8753431029523714,0.0,0.015781058708305613,7
x_aq_lsu_top/x_aq_dcache_top/x_aq_dcache_data_array_bank1/x_aq_spsram_1024x64/x_aq_f_spsram_1024x64/RAM_DIN_VEC[6]/ram_instance/PortADataIn[0:0],0,0.0,0.0,0.0,0.0,,0
x_aq_lsu_top/x_aq_dcache_top/x_aq_dcache_data_array_bank1/x_aq_spsram_1024x64/x_aq_f_spsram_1024x64/RAM_DIN_VEC[6]/ram_instance/PortAWriteEnable,0,0.0,0.0,0.0,0.0,,0
x_aq_lsu_top/x_aq_dcache_top/x_aq_dcache_data_array_bank1/x_aq_spsram_1024x64/x_aq_f_spsram_1024x64/RAM_DIN_VEC[7]/ram_instance/PortAClk,0,0.0,0.0,0.0,0.0,,0
x_aq_lsu_top/x_aq_dcache_top/x_aq_dcache_data_array_bank1/x_aq_spsram_1024x64/x_aq_f_spsram_1024x64/RAM_DIN_VEC[7]/ram_instance/PortAAddr[9:0],2,0.00024061597690086623,6.715,0.8753431029523714,0.0,0.015781058708305613,7
x_aq_lsu_top/x_aq_dcache_top/x_aq_dcache_data_array_bank1/x_aq_spsram_1024x64/x_aq_f_spsram_1024x64/RAM_DIN_VEC[7]/ram_instance/PortADataIn[0:0],0,0.0,0.0,0.0,0.0,,0
x_aq_lsu_top/x_aq_dcache_top/x_aq_dcache_data_array_bank1/x_aq_spsram_1024x64/x_aq_f_spsram_1024x64/RAM_DIN_VEC[7]/ram_instance/PortAWriteEnable,0,0.0,0.0,0.0,0.0,,0
x_aq_lsu_top/x_aq_dcache_top/x_aq_dcache_data_array_bank1/x_aq_spsram_1024x64/x_aq_f_spsram_1024x64/RAM_DIN_VEC[8]/ram_instance/PortAClk,0,0.0,0.0,0.0,0.0,,0
x_aq_lsu_top/x_aq_dcache_top/x_aq_dcache_data_array_bank1/x_aq_spsram_1024x64/x_aq_f_spsram_1024x64/RAM_DIN_VEC[8]/ram_instance/PortAAddr[9:0],2,0.00024061597690086623,6.715,0.8753431029523714,0.0,0.015781058708305613,7
x_aq_lsu_top/x_aq_dcache_top/x_aq_dcache_data_array_bank1/x_aq_spsram_1024x64/x_aq_f_spsram_1024x64/RAM_DIN_VEC[8]/ram_instance/PortADataIn[0:0],0,0.0,0.0,0.0,0.0,,0
x_aq_lsu_top/x_aq_dcache_top/x_aq_dcache_data_array_bank1/x_aq_spsram_1024x64/x_aq_f_spsram_1024x64/RAM_DIN_VEC[8]/ram_instance/PortAWriteEnable,0,0.0,0.0,0.0,0.0,,0
x_aq_lsu_top/x_aq_dcache_top/x_aq_dcache_data_array_bank1/x_aq_spsram_1024x64/x_aq_f_spsram_1024x64/RAM_DIN_VEC[9]/ram_instance/PortAClk,0,0.0,0.0,0.0,0.0,,0
x_aq_lsu_top/x_aq_dcache_top/x_aq_dcache_data_array_bank1/x_aq_spsram_1024x64/x_aq_f_spsram_1024x64/RAM_DIN_VEC[9]/ram_instance/PortAAddr[9:0],2,0.00024061597690086623,6.715,0.8753431029523714,0.0,0.015781058708305613,7
x_aq_lsu_top/x_aq_dcache_top/x_aq_dcache_data_array_bank1/x_aq_spsram_1024x64/x_aq_f_spsram_1024x64/RAM_DIN_VEC[9]/ram_instance/PortADataIn[0:0],0,0.0,0.0,0.0,0.0,,0
x_aq_lsu_top/x_aq_dcache_top/x_aq_dcache_data_array_bank1/x_aq_spsram_1024x64/x_aq_f_spsram_1024x64/RAM_DIN_VEC[9]/ram_instance/PortAWriteEnable,0,0.0,0.0,0.0,0.0,,0
x_aq_lsu_top/x_aq_dcache_top/x_aq_dcache_data_array_bank1/x_aq_spsram_1024x64/x_aq_f_spsram_1024x64/RAM_DIN_VEC[10]/ram_instance/PortAClk,0,0.0,0.0,0.0,0.0,,0
x_aq_lsu_top/x_aq_dcache_top/x_aq_dcache_data_array_bank1/x_aq_spsram_1024x64/x_aq_f_spsram_1024x64/RAM_DIN_VEC[10]/ram_instance/PortAAddr[9:0],2,0.00024061597690086623,6.715,0.8753431029523714,0.0,0.015781058708305613,7
x_aq_lsu_top/x_aq_dcache_top/x_aq_dcache_data_array_bank1/x_aq_spsram_1024x64/x_aq_f_spsram_1024x64/RAM_DIN_VEC[10]/ram_instance/PortADataIn[0:0],0,0.0,0.0,0.0,0.0,,0
x_aq_lsu_top/x_aq_dcache_top/x_aq_dcache_data_array_bank1/x_aq_spsram_1024x64/x_aq_f_spsram_1024x64/RAM_DIN_VEC[10]/ram_instance/PortAWriteEnable,0,0.0,0.0,0.0,0.0,,0
x_aq_lsu_top/x_aq_dcache_top/x_aq_dcache_data_array_bank1/x_aq_spsram_1024x64/x_aq_f_spsram_1024x64/RAM_DIN_VEC[11]/ram_instance/PortAClk,0,0.0,0.0,0.0,0.0,,0
x_aq_lsu_top/x_aq_dcache_top/x_aq_dcache_data_array_bank1/x_aq_spsram_1024x64/x_aq_f_spsram_1024x64/RAM_DIN_VEC[11]/ram_instance/PortAAddr[9:0],2,0.00024061597690086623,6.715,0.8753431029523714,0.0,0.015781058708305613,7
x_aq_lsu_top/x_aq_dcache_top/x_aq_dcache_data_array_bank1/x_aq_spsram_1024x64/x_aq_f_spsram_1024x64/RAM_DIN_VEC[11]/ram_instance/PortADataIn[0:0],0,0.0,0.0,0.0,0.0,,0
x_aq_lsu_top/x_aq_dcache_top/x_aq_dcache_data_array_bank1/x_aq_spsram_1024x64/x_aq_f_spsram_1024x64/RAM_DIN_VEC[11]/ram_instance/PortAWriteEnable,0,0.0,0.0,0.0,0.0,,0
x_aq_lsu_top/x_aq_dcache_top/x_aq_dcache_data_array_bank1/x_aq_spsram_1024x64/x_aq_f_spsram_1024x64/RAM_DIN_VEC[12]/ram_instance/PortAClk,0,0.0,0.0,0.0,0.0,,0
x_aq_lsu_top/x_aq_dcache_top/x_aq_dcache_data_array_bank1/x_aq_spsram_1024x64/x_aq_f_spsram_1024x64/RAM_DIN_VEC[12]/ram_instance/PortAAddr[9:0],2,0.00024061597690086623,6.715,0.8753431029523714,0.0,0.015781058708305613,7
x_aq_lsu_top/x_aq_dcache_top/x_aq_dcache_data_array_bank1/x_aq_spsram_1024x64/x_aq_f_spsram_1024x64/RAM_DIN_VEC[12]/ram_instance/PortADataIn[0:0],0,0.0,0.0,0.0,0.0,,0
x_aq_lsu_top/x_aq_dcache_top/x_aq_dcache_data_array_bank1/x_aq_spsram_1024x64/x_aq_f_spsram_1024x64/RAM_DIN_VEC[12]/ram_instance/PortAWriteEnable,0,0.0,0.0,0.0,0.0,,0
x_aq_lsu_top/x_aq_dcache_top/x_aq_dcache_data_array_bank1/x_aq_spsram_1024x64/x_aq_f_spsram_1024x64/RAM_DIN_VEC[13]/ram_instance/PortAClk,0,0.0,0.0,0.0,0.0,,0
x_aq_lsu_top/x_aq_dcache_top/x_aq_dcache_data_array_bank1/x_aq_spsram_1024x64/x_aq_f_spsram_1024x64/RAM_DIN_VEC[13]/ram_instance/PortAAddr[9:0],2,0.00024061597690086623,6.715,0.8753431029523714,0.0,0.015781058708305613,7
x_aq_lsu_top/x_aq_dcache_top/x_aq_dcache_data_array_bank1/x_aq_spsram_1024x64/x_aq_f_spsram_1024x64/RAM_DIN_VEC[13]/ram_instance/PortADataIn[0:0],0,0.0,0.0,0.0,0.0,,0
x_aq_lsu_top/x_aq_dcache_top/x_aq_dcache_data_array_bank1/x_aq_spsram_1024x64/x_aq_f_spsram_1024x64/RAM_DIN_VEC[13]/ram_instance/PortAWriteEnable,0,0.0,0.0,0.0,0.0,,0
x_aq_lsu_top/x_aq_dcache_top/x_aq_dcache_data_array_bank1/x_aq_spsram_1024x64/x_aq_f_spsram_1024x64/RAM_DIN_VEC[14]/ram_instance/PortAClk,0,0.0,0.0,0.0,0.0,,0
x_aq_lsu_top/x_aq_dcache_top/x_aq_dcache_data_array_bank1/x_aq_spsram_1024x64/x_aq_f_spsram_1024x64/RAM_DIN_VEC[14]/ram_instance/PortAAddr[9:0],2,0.00024061597690086623,6.715,0.8753431029523714,0.0,0.015781058708305613,7
x_aq_lsu_top/x_aq_dcache_top/x_aq_dcache_data_array_bank1/x_aq_spsram_1024x64/x_aq_f_spsram_1024x64/RAM_DIN_VEC[14]/ram_instance/PortADataIn[0:0],0,0.0,0.0,0.0,0.0,,0
x_aq_lsu_top/x_aq_dcache_top/x_aq_dcache_data_array_bank1/x_aq_spsram_1024x64/x_aq_f_spsram_1024x64/RAM_DIN_VEC[14]/ram_instance/PortAWriteEnable,0,0.0,0.0,0.0,0.0,,0
x_aq_lsu_top/x_aq_dcache_top/x_aq_dcache_data_array_bank1/x_aq_spsram_1024x64/x_aq_f_spsram_1024x64/RAM_DIN_VEC[15]/ram_instance/PortAClk,0,0.0,0.0,0.0,0.0,,0
x_aq_lsu_top/x_aq_dcache_top/x_aq_dcache_data_array_bank1/x_aq_spsram_1024x64/x_aq_f_spsram_1024x64/RAM_DIN_VEC[15]/ram_instance/PortAAddr[9:0],2,0.00024061597690086623,6.715,0.8753431029523714,0.0,0.015781058708305613,7
x_aq_lsu_top/x_aq_dcache_top/x_aq_dcache_data_array_bank1/x_aq_spsram_1024x64/x_aq_f_spsram_1024x64/RAM_DIN_VEC[15]/ram_instance/PortADataIn[0:0],0,0.0,0.0,0.0,0.0,,0
x_aq_lsu_top/x_aq_dcache_top/x_aq_dcache_data_array_bank1/x_aq_spsram_1024x64/x_aq_f_spsram_1024x64/RAM_DIN_VEC[15]/ram_instance/PortAWriteEnable,0,0.0,0.0,0.0,0.0,,0
x_aq_lsu_top/x_aq_dcache_top/x_aq_dcache_data_array_bank1/x_aq_spsram_1024x64/x_aq_f_spsram_1024x64/RAM_DIN_VEC[16]/ram_instance/PortAClk,0,0.0,0.0,0.0,0.0,,0
x_aq_lsu_top/x_aq_dcache_top/x_aq_dcache_data_array_bank1/x_aq_spsram_1024x64/x_aq_f_spsram_1024x64/RAM_DIN_VEC[16]/ram_instance/PortAAddr[9:0],2,0.00024061597690086623,6.715,0.8753431029523714,0.0,0.015781058708305613,7
x_aq_lsu_top/x_aq_dcache_top/x_aq_dcache_data_array_bank1/x_aq_spsram_1024x64/x_aq_f_spsram_1024x64/RAM_DIN_VEC[16]/ram_instance/PortADataIn[0:0],0,0.0,0.0,0.0,0.0,,0
x_aq_lsu_top/x_aq_dcache_top/x_aq_dcache_data_array_bank1/x_aq_spsram_1024x64/x_aq_f_spsram_1024x64/RAM_DIN_VEC[16]/ram_instance/PortAWriteEnable,0,0.0,0.0,0.0,0.0,,0
x_aq_lsu_top/x_aq_dcache_top/x_aq_dcache_data_array_bank1/x_aq_spsram_1024x64/x_aq_f_spsram_1024x64/RAM_DIN_VEC[17]/ram_instance/PortAClk,0,0.0,0.0,0.0,0.0,,0
x_aq_lsu_top/x_aq_dcache_top/x_aq_dcache_data_array_bank1/x_aq_spsram_1024x64/x_aq_f_spsram_1024x64/RAM_DIN_VEC[17]/ram_instance/PortAAddr[9:0],2,0.00024061597690086623,6.715,0.8753431029523714,0.0,0.015781058708305613,7
x_aq_lsu_top/x_aq_dcache_top/x_aq_dcache_data_array_bank1/x_aq_spsram_1024x64/x_aq_f_spsram_1024x64/RAM_DIN_VEC[17]/ram_instance/PortADataIn[0:0],0,0.0,0.0,0.0,0.0,,0
x_aq_lsu_top/x_aq_dcache_top/x_aq_dcache_data_array_bank1/x_aq_spsram_1024x64/x_aq_f_spsram_1024x64/RAM_DIN_VEC[17]/ram_instance/PortAWriteEnable,0,0.0,0.0,0.0,0.0,,0
x_aq_lsu_top/x_aq_dcache_top/x_aq_dcache_data_array_bank1/x_aq_spsram_1024x64/x_aq_f_spsram_1024x64/RAM_DIN_VEC[18]/ram_instance/PortAClk,0,0.0,0.0,0.0,0.0,,0
x_aq_lsu_top/x_aq_dcache_top/x_aq_dcache_data_array_bank1/x_aq_spsram_1024x64/x_aq_f_spsram_1024x64/RAM_DIN_VEC[18]/ram_instance/PortAAddr[9:0],2,0.00024061597690086623,6.715,0.8753431029523714,0.0,0.015781058708305613,7
x_aq_lsu_top/x_aq_dcache_top/x_aq_dcache_data_array_bank1/x_aq_spsram_1024x64/x_aq_f_spsram_1024x64/RAM_DIN_VEC[18]/ram_instance/PortADataIn[0:0],0,0.0,0.0,0.0,0.0,,0
x_aq_lsu_top/x_aq_dcache_top/x_aq_dcache_data_array_bank1/x_aq_spsram_1024x64/x_aq_f_spsram_1024x64/RAM_DIN_VEC[18]/ram_instance/PortAWriteEnable,0,0.0,0.0,0.0,0.0,,0
x_aq_lsu_top/x_aq_dcache_top/x_aq_dcache_data_array_bank1/x_aq_spsram_1024x64/x_aq_f_spsram_1024x64/RAM_DIN_VEC[19]/ram_instance/PortAClk,0,0.0,0.0,0.0,0.0,,0
x_aq_lsu_top/x_aq_dcache_top/x_aq_dcache_data_array_bank1/x_aq_spsram_1024x64/x_aq_f_spsram_1024x64/RAM_DIN_VEC[19]/ram_instance/PortAAddr[9:0],2,0.00024061597690086623,6.715,0.8753431029523714,0.0,0.015781058708305613,7
x_aq_lsu_top/x_aq_dcache_top/x_aq_dcache_data_array_bank1/x_aq_spsram_1024x64/x_aq_f_spsram_1024x64/RAM_DIN_VEC[19]/ram_instance/PortADataIn[0:0],0,0.0,0.0,0.0,0.0,,0
x_aq_lsu_top/x_aq_dcache_top/x_aq_dcache_data_array_bank1/x_aq_spsram_1024x64/x_aq_f_spsram_1024x64/RAM_DIN_VEC[19]/ram_instance/PortAWriteEnable,0,0.0,0.0,0.0,0.0,,0
x_aq_lsu_top/x_aq_dcache_top/x_aq_dcache_data_array_bank1/x_aq_spsram_1024x64/x_aq_f_spsram_1024x64/RAM_DIN_VEC[20]/ram_instance/PortAClk,0,0.0,0.0,0.0,0.0,,0
x_aq_lsu_top/x_aq_dcache_top/x_aq_dcache_data_array_bank1/x_aq_spsram_1024x64/x_aq_f_spsram_1024x64/RAM_DIN_VEC[20]/ram_instance/PortAAddr[9:0],2,0.00024061597690086623,6.715,0.8753431029523714,0.0,0.015781058708305613,7
x_aq_lsu_top/x_aq_dcache_top/x_aq_dcache_data_array_bank1/x_aq_spsram_1024x64/x_aq_f_spsram_1024x64/RAM_DIN_VEC[20]/ram_instance/PortADataIn[0:0],0,0.0,0.0,0.0,0.0,,0
x_aq_lsu_top/x_aq_dcache_top/x_aq_dcache_data_array_bank1/x_aq_spsram_1024x64/x_aq_f_spsram_1024x64/RAM_DIN_VEC[20]/ram_instance/PortAWriteEnable,0,0.0,0.0,0.0,0.0,,0
x_aq_lsu_top/x_aq_dcache_top/x_aq_dcache_data_array_bank1/x_aq_spsram_1024x64/x_aq_f_spsram_1024x64/RAM_DIN_VEC[21]/ram_instance/PortAClk,0,0.0,0.0,0.0,0.0,,0
x_aq_lsu_top/x_aq_dcache_top/x_aq_dcache_data_array_bank1/x_aq_spsram_1024x64/x_aq_f_spsram_1024x64/RAM_DIN_VEC[21]/ram_instance/PortAAddr[9:0],2,0.00024061597690086623,6.715,0.8753431029523714,0.0,0.015781058708305613,7
x_aq_lsu_top/x_aq_dcache_top/x_aq_dcache_data_array_bank1/x_aq_spsram_1024x64/x_aq_f_spsram_1024x64/RAM_DIN_VEC[21]/ram_instance/PortADataIn[0:0],0,0.0,0.0,0.0,0.0,,0
x_aq_lsu_top/x_aq_dcache_top/x_aq_dcache_data_array_bank1/x_aq_spsram_1024x64/x_aq_f_spsram_1024x64/RAM_DIN_VEC[21]/ram_instance/PortAWriteEnable,0,0.0,0.0,0.0,0.0,,0
x_aq_lsu_top/x_aq_dcache_top/x_aq_dcache_data_array_bank1/x_aq_spsram_1024x64/x_aq_f_spsram_1024x64/RAM_DIN_VEC[22]/ram_instance/PortAClk,0,0.0,0.0,0.0,0.0,,0
x_aq_lsu_top/x_aq_dcache_top/x_aq_dcache_data_array_bank1/x_aq_spsram_1024x64/x_aq_f_spsram_1024x64/RAM_DIN_VEC[22]/ram_instance/PortAAddr[9:0],2,0.00024061597690086623,6.715,0.8753431029523714,0.0,0.015781058708305613,7
x_aq_lsu_top/x_aq_dcache_top/x_aq_dcache_data_array_bank1/x_aq_spsram_1024x64/x_aq_f_spsram_1024x64/RAM_DIN_VEC[22]/ram_instance/PortADataIn[0:0],0,0.0,0.0,0.0,0.0,,0
x_aq_lsu_top/x_aq_dcache_top/x_aq_dcache_data_array_bank1/x_aq_spsram_1024x64/x_aq_f_spsram_1024x64/RAM_DIN_VEC[22]/ram_instance/PortAWriteEnable,0,0.0,0.0,0.0,0.0,,0
x_aq_lsu_top/x_aq_dcache_top/x_aq_dcache_data_array_bank1/x_aq_spsram_1024x64/x_aq_f_spsram_1024x64/RAM_DIN_VEC[23]/ram_instance/PortAClk,0,0.0,0.0,0.0,0.0,,0
x_aq_lsu_top/x_aq_dcache_top/x_aq_dcache_data_array_bank1/x_aq_spsram_1024x64/x_aq_f_spsram_1024x64/RAM_DIN_VEC[23]/ram_instance/PortAAddr[9:0],2,0.00024061597690086623,6.715,0.8753431029523714,0.0,0.015781058708305613,7
x_aq_lsu_top/x_aq_dcache_top/x_aq_dcache_data_array_bank1/x_aq_spsram_1024x64/x_aq_f_spsram_1024x64/RAM_DIN_VEC[23]/ram_instance/PortADataIn[0:0],0,0.0,0.0,0.0,0.0,,0
x_aq_lsu_top/x_aq_dcache_top/x_aq_dcache_data_array_bank1/x_aq_spsram_1024x64/x_aq_f_spsram_1024x64/RAM_DIN_VEC[23]/ram_instance/PortAWriteEnable,0,0.0,0.0,0.0,0.0,,0
x_aq_lsu_top/x_aq_dcache_top/x_aq_dcache_data_array_bank1/x_aq_spsram_1024x64/x_aq_f_spsram_1024x64/RAM_DIN_VEC[24]/ram_instance/PortAClk,0,0.0,0.0,0.0,0.0,,0
x_aq_lsu_top/x_aq_dcache_top/x_aq_dcache_data_array_bank1/x_aq_spsram_1024x64/x_aq_f_spsram_1024x64/RAM_DIN_VEC[24]/ram_instance/PortAAddr[9:0],2,0.00024061597690086623,6.715,0.8753431029523714,0.0,0.015781058708305613,7
x_aq_lsu_top/x_aq_dcache_top/x_aq_dcache_data_array_bank1/x_aq_spsram_1024x64/x_aq_f_spsram_1024x64/RAM_DIN_VEC[24]/ram_instance/PortADataIn[0:0],0,0.0,0.0,0.0,0.0,,0
x_aq_lsu_top/x_aq_dcache_top/x_aq_dcache_data_array_bank1/x_aq_spsram_1024x64/x_aq_f_spsram_1024x64/RAM_DIN_VEC[24]/ram_instance/PortAWriteEnable,0,0.0,0.0,0.0,0.0,,0
x_aq_lsu_top/x_aq_dcache_top/x_aq_dcache_data_array_bank1/x_aq_spsram_1024x64/x_aq_f_spsram_1024x64/RAM_DIN_VEC[25]/ram_instance/PortAClk,0,0.0,0.0,0.0,0.0,,0
x_aq_lsu_top/x_aq_dcache_top/x_aq_dcache_data_array_bank1/x_aq_spsram_1024x64/x_aq_f_spsram_1024x64/RAM_DIN_VEC[25]/ram_instance/PortAAddr[9:0],2,0.00024061597690086623,6.715,0.8753431029523714,0.0,0.015781058708305613,7
x_aq_lsu_top/x_aq_dcache_top/x_aq_dcache_data_array_bank1/x_aq_spsram_1024x64/x_aq_f_spsram_1024x64/RAM_DIN_VEC[25]/ram_instance/PortADataIn[0:0],0,0.0,0.0,0.0,0.0,,0
x_aq_lsu_top/x_aq_dcache_top/x_aq_dcache_data_array_bank1/x_aq_spsram_1024x64/x_aq_f_spsram_1024x64/RAM_DIN_VEC[25]/ram_instance/PortAWriteEnable,0,0.0,0.0,0.0,0.0,,0
x_aq_lsu_top/x_aq_dcache_top/x_aq_dcache_data_array_bank1/x_aq_spsram_1024x64/x_aq_f_spsram_1024x64/RAM_DIN_VEC[26]/ram_instance/PortAClk,0,0.0,0.0,0.0,0.0,,0
x_aq_lsu_top/x_aq_dcache_top/x_aq_dcache_data_array_bank1/x_aq_spsram_1024x64/x_aq_f_spsram_1024x64/RAM_DIN_VEC[26]/ram_instance/PortAAddr[9:0],2,0.00024061597690086623,6.715,0.8753431029523714,0.0,0.015781058708305613,7
x_aq_lsu_top/x_aq_dcache_top/x_aq_dcache_data_array_bank1/x_aq_spsram_1024x64/x_aq_f_spsram_1024x64/RAM_DIN_VEC[26]/ram_instance/PortADataIn[0:0],0,0.0,0.0,0.0,0.0,,0
x_aq_lsu_top/x_aq_dcache_top/x_aq_dcache_data_array_bank1/x_aq_spsram_1024x64/x_aq_f_spsram_1024x64/RAM_DIN_VEC[26]/ram_instance/PortAWriteEnable,0,0.0,0.0,0.0,0.0,,0
x_aq_lsu_top/x_aq_dcache_top/x_aq_dcache_data_array_bank1/x_aq_spsram_1024x64/x_aq_f_spsram_1024x64/RAM_DIN_VEC[27]/ram_instance/PortAClk,0,0.0,0.0,0.0,0.0,,0
x_aq_lsu_top/x_aq_dcache_top/x_aq_dcache_data_array_bank1/x_aq_spsram_1024x64/x_aq_f_spsram_1024x64/RAM_DIN_VEC[27]/ram_instance/PortAAddr[9:0],2,0.00024061597690086623,6.715,0.8753431029523714,0.0,0.015781058708305613,7
x_aq_lsu_top/x_aq_dcache_top/x_aq_dcache_data_array_bank1/x_aq_spsram_1024x64/x_aq_f_spsram_1024x64/RAM_DIN_VEC[27]/ram_instance/PortADataIn[0:0],0,0.0,0.0,0.0,0.0,,0
x_aq_lsu_top/x_aq_dcache_top/x_aq_dcache_data_array_bank1/x_aq_spsram_1024x64/x_aq_f_spsram_1024x64/RAM_DIN_VEC[27]/ram_instance/PortAWriteEnable,0,0.0,0.0,0.0,0.0,,0
x_aq_lsu_top/x_aq_dcache_top/x_aq_dcache_data_array_bank1/x_aq_spsram_1024x64/x_aq_f_spsram_1024x64/RAM_DIN_VEC[28]/ram_instance/PortAClk,0,0.0,0.0,0.0,0.0,,0
x_aq_lsu_top/x_aq_dcache_top/x_aq_dcache_data_array_bank1/x_aq_spsram_1024x64/x_aq_f_spsram_1024x64/RAM_DIN_VEC[28]/ram_instance/PortAAddr[9:0],2,0.00024061597690086623,6.715,0.8753431029523714,0.0,0.015781058708305613,7
x_aq_lsu_top/x_aq_dcache_top/x_aq_dcache_data_array_bank1/x_aq_spsram_1024x64/x_aq_f_spsram_1024x64/RAM_DIN_VEC[28]/ram_instance/PortADataIn[0:0],0,0.0,0.0,0.0,0.0,,0
x_aq_lsu_top/x_aq_dcache_top/x_aq_dcache_data_array_bank1/x_aq_spsram_1024x64/x_aq_f_spsram_1024x64/RAM_DIN_VEC[28]/ram_instance/PortAWriteEnable,0,0.0,0.0,0.0,0.0,,0
x_aq_lsu_top/x_aq_dcache_top/x_aq_dcache_data_array_bank1/x_aq_spsram_1024x64/x_aq_f_spsram_1024x64/RAM_DIN_VEC[29]/ram_instance/PortAClk,0,0.0,0.0,0.0,0.0,,0
x_aq_lsu_top/x_aq_dcache_top/x_aq_dcache_data_array_bank1/x_aq_spsram_1024x64/x_aq_f_spsram_1024x64/RAM_DIN_VEC[29]/ram_instance/PortAAddr[9:0],2,0.00024061597690086623,6.715,0.8753431029523714,0.0,0.015781058708305613,7
x_aq_lsu_top/x_aq_dcache_top/x_aq_dcache_data_array_bank1/x_aq_spsram_1024x64/x_aq_f_spsram_1024x64/RAM_DIN_VEC[29]/ram_instance/PortADataIn[0:0],0,0.0,0.0,0.0,0.0,,0
x_aq_lsu_top/x_aq_dcache_top/x_aq_dcache_data_array_bank1/x_aq_spsram_1024x64/x_aq_f_spsram_1024x64/RAM_DIN_VEC[29]/ram_instance/PortAWriteEnable,0,0.0,0.0,0.0,0.0,,0
x_aq_lsu_top/x_aq_dcache_top/x_aq_dcache_data_array_bank1/x_aq_spsram_1024x64/x_aq_f_spsram_1024x64/RAM_DIN_VEC[30]/ram_instance/PortAClk,0,0.0,0.0,0.0,0.0,,0
x_aq_lsu_top/x_aq_dcache_top/x_aq_dcache_data_array_bank1/x_aq_spsram_1024x64/x_aq_f_spsram_1024x64/RAM_DIN_VEC[30]/ram_instance/PortAAddr[9:0],2,0.00024061597690086623,6.715,0.8753431029523714,0.0,0.015781058708305613,7
x_aq_lsu_top/x_aq_dcache_top/x_aq_dcache_data_array_bank1/x_aq_spsram_1024x64/x_aq_f_spsram_1024x64/RAM_DIN_VEC[30]/ram_instance/PortADataIn[0:0],0,0.0,0.0,0.0,0.0,,0
x_aq_lsu_top/x_aq_dcache_top/x_aq_dcache_data_array_bank1/x_aq_spsram_1024x64/x_aq_f_spsram_1024x64/RAM_DIN_VEC[30]/ram_instance/PortAWriteEnable,0,0.0,0.0,0.0,0.0,,0
x_aq_lsu_top/x_aq_dcache_top/x_aq_dcache_data_array_bank1/x_aq_spsram_1024x64/x_aq_f_spsram_1024x64/RAM_DIN_VEC[31]/ram_instance/PortAClk,0,0.0,0.0,0.0,0.0,,0
x_aq_lsu_top/x_aq_dcache_top/x_aq_dcache_data_array_bank1/x_aq_spsram_1024x64/x_aq_f_spsram_1024x64/RAM_DIN_VEC[31]/ram_instance/PortAAddr[9:0],2,0.00024061597690086623,6.715,0.8753431029523714,0.0,0.015781058708305613,7
x_aq_lsu_top/x_aq_dcache_top/x_aq_dcache_data_array_bank1/x_aq_spsram_1024x64/x_aq_f_spsram_1024x64/RAM_DIN_VEC[31]/ram_instance/PortADataIn[0:0],0,0.0,0.0,0.0,0.0,,0
x_aq_lsu_top/x_aq_dcache_top/x_aq_dcache_data_array_bank1/x_aq_spsram_1024x64/x_aq_f_spsram_1024x64/RAM_DIN_VEC[31]/ram_instance/PortAWriteEnable,0,0.0,0.0,0.0,0.0,,0
x_aq_lsu_top/x_aq_dcache_top/x_aq_dcache_data_array_bank1/x_aq_spsram_1024x64/x_aq_f_spsram_1024x64/RAM_DIN_VEC[32]/ram_instance/PortAClk,0,0.0,0.0,0.0,0.0,,0
x_aq_lsu_top/x_aq_dcache_top/x_aq_dcache_data_array_bank1/x_aq_spsram_1024x64/x_aq_f_spsram_1024x64/RAM_DIN_VEC[32]/ram_instance/PortAAddr[9:0],2,0.00024061597690086623,6.715,0.8753431029523714,0.0,0.015781058708305613,7
x_aq_lsu_top/x_aq_dcache_top/x_aq_dcache_data_array_bank1/x_aq_spsram_1024x64/x_aq_f_spsram_1024x64/RAM_DIN_VEC[32]/ram_instance/PortADataIn[0:0],0,0.0,0.0,0.0,0.0,,0
x_aq_lsu_top/x_aq_dcache_top/x_aq_dcache_data_array_bank1/x_aq_spsram_1024x64/x_aq_f_spsram_1024x64/RAM_DIN_VEC[32]/ram_instance/PortAWriteEnable,0,0.0,0.0,0.0,0.0,,0
x_aq_lsu_top/x_aq_dcache_top/x_aq_dcache_data_array_bank1/x_aq_spsram_1024x64/x_aq_f_spsram_1024x64/RAM_DIN_VEC[33]/ram_instance/PortAClk,0,0.0,0.0,0.0,0.0,,0
x_aq_lsu_top/x_aq_dcache_top/x_aq_dcache_data_array_bank1/x_aq_spsram_1024x64/x_aq_f_spsram_1024x64/RAM_DIN_VEC[33]/ram_instance/PortAAddr[9:0],2,0.00024061597690086623,6.715,0.8753431029523714,0.0,0.015781058708305613,7
x_aq_lsu_top/x_aq_dcache_top/x_aq_dcache_data_array_bank1/x_aq_spsram_1024x64/x_aq_f_spsram_1024x64/RAM_DIN_VEC[33]/ram_instance/PortADataIn[0:0],0,0.0,0.0,0.0,0.0,,0
x_aq_lsu_top/x_aq_dcache_top/x_aq_dcache_data_array_bank1/x_aq_spsram_1024x64/x_aq_f_spsram_1024x64/RAM_DIN_VEC[33]/ram_instance/PortAWriteEnable,0,0.0,0.0,0.0,0.0,,0
x_aq_lsu_top/x_aq_dcache_top/x_aq_dcache_data_array_bank1/x_aq_spsram_1024x64/x_aq_f_spsram_1024x64/RAM_DIN_VEC[34]/ram_instance/PortAClk,0,0.0,0.0,0.0,0.0,,0
x_aq_lsu_top/x_aq_dcache_top/x_aq_dcache_data_array_bank1/x_aq_spsram_1024x64/x_aq_f_spsram_1024x64/RAM_DIN_VEC[34]/ram_instance/PortAAddr[9:0],2,0.00024061597690086623,6.715,0.8753431029523714,0.0,0.015781058708305613,7
x_aq_lsu_top/x_aq_dcache_top/x_aq_dcache_data_array_bank1/x_aq_spsram_1024x64/x_aq_f_spsram_1024x64/RAM_DIN_VEC[34]/ram_instance/PortADataIn[0:0],0,0.0,0.0,0.0,0.0,,0
x_aq_lsu_top/x_aq_dcache_top/x_aq_dcache_data_array_bank1/x_aq_spsram_1024x64/x_aq_f_spsram_1024x64/RAM_DIN_VEC[34]/ram_instance/PortAWriteEnable,0,0.0,0.0,0.0,0.0,,0
x_aq_lsu_top/x_aq_dcache_top/x_aq_dcache_data_array_bank1/x_aq_spsram_1024x64/x_aq_f_spsram_1024x64/RAM_DIN_VEC[35]/ram_instance/PortAClk,0,0.0,0.0,0.0,0.0,,0
x_aq_lsu_top/x_aq_dcache_top/x_aq_dcache_data_array_bank1/x_aq_spsram_1024x64/x_aq_f_spsram_1024x64/RAM_DIN_VEC[35]/ram_instance/PortAAddr[9:0],2,0.00024061597690086623,6.715,0.8753431029523714,0.0,0.015781058708305613,7
x_aq_lsu_top/x_aq_dcache_top/x_aq_dcache_data_array_bank1/x_aq_spsram_1024x64/x_aq_f_spsram_1024x64/RAM_DIN_VEC[35]/ram_instance/PortADataIn[0:0],0,0.0,0.0,0.0,0.0,,0
x_aq_lsu_top/x_aq_dcache_top/x_aq_dcache_data_array_bank1/x_aq_spsram_1024x64/x_aq_f_spsram_1024x64/RAM_DIN_VEC[35]/ram_instance/PortAWriteEnable,0,0.0,0.0,0.0,0.0,,0
x_aq_lsu_top/x_aq_dcache_top/x_aq_dcache_data_array_bank1/x_aq_spsram_1024x64/x_aq_f_spsram_1024x64/RAM_DIN_VEC[36]/ram_instance/PortAClk,0,0.0,0.0,0.0,0.0,,0
x_aq_lsu_top/x_aq_dcache_top/x_aq_dcache_data_array_bank1/x_aq_spsram_1024x64/x_aq_f_spsram_1024x64/RAM_DIN_VEC[36]/ram_instance/PortAAddr[9:0],2,0.00024061597690086623,6.715,0.8753431029523714,0.0,0.015781058708305613,7
x_aq_lsu_top/x_aq_dcache_top/x_aq_dcache_data_array_bank1/x_aq_spsram_1024x64/x_aq_f_spsram_1024x64/RAM_DIN_VEC[36]/ram_instance/PortADataIn[0:0],0,0.0,0.0,0.0,0.0,,0
x_aq_lsu_top/x_aq_dcache_top/x_aq_dcache_data_array_bank1/x_aq_spsram_1024x64/x_aq_f_spsram_1024x64/RAM_DIN_VEC[36]/ram_instance/PortAWriteEnable,0,0.0,0.0,0.0,0.0,,0
x_aq_lsu_top/x_aq_dcache_top/x_aq_dcache_data_array_bank1/x_aq_spsram_1024x64/x_aq_f_spsram_1024x64/RAM_DIN_VEC[37]/ram_instance/PortAClk,0,0.0,0.0,0.0,0.0,,0
x_aq_lsu_top/x_aq_dcache_top/x_aq_dcache_data_array_bank1/x_aq_spsram_1024x64/x_aq_f_spsram_1024x64/RAM_DIN_VEC[37]/ram_instance/PortAAddr[9:0],2,0.00024061597690086623,6.715,0.8753431029523714,0.0,0.015781058708305613,7
x_aq_lsu_top/x_aq_dcache_top/x_aq_dcache_data_array_bank1/x_aq_spsram_1024x64/x_aq_f_spsram_1024x64/RAM_DIN_VEC[37]/ram_instance/PortADataIn[0:0],0,0.0,0.0,0.0,0.0,,0
x_aq_lsu_top/x_aq_dcache_top/x_aq_dcache_data_array_bank1/x_aq_spsram_1024x64/x_aq_f_spsram_1024x64/RAM_DIN_VEC[37]/ram_instance/PortAWriteEnable,0,0.0,0.0,0.0,0.0,,0
x_aq_lsu_top/x_aq_dcache_top/x_aq_dcache_data_array_bank1/x_aq_spsram_1024x64/x_aq_f_spsram_1024x64/RAM_DIN_VEC[38]/ram_instance/PortAClk,0,0.0,0.0,0.0,0.0,,0
x_aq_lsu_top/x_aq_dcache_top/x_aq_dcache_data_array_bank1/x_aq_spsram_1024x64/x_aq_f_spsram_1024x64/RAM_DIN_VEC[38]/ram_instance/PortAAddr[9:0],2,0.00024061597690086623,6.715,0.8753431029523714,0.0,0.015781058708305613,7
x_aq_lsu_top/x_aq_dcache_top/x_aq_dcache_data_array_bank1/x_aq_spsram_1024x64/x_aq_f_spsram_1024x64/RAM_DIN_VEC[38]/ram_instance/PortADataIn[0:0],0,0.0,0.0,0.0,0.0,,0
x_aq_lsu_top/x_aq_dcache_top/x_aq_dcache_data_array_bank1/x_aq_spsram_1024x64/x_aq_f_spsram_1024x64/RAM_DIN_VEC[38]/ram_instance/PortAWriteEnable,0,0.0,0.0,0.0,0.0,,0
x_aq_lsu_top/x_aq_dcache_top/x_aq_dcache_data_array_bank1/x_aq_spsram_1024x64/x_aq_f_spsram_1024x64/RAM_DIN_VEC[39]/ram_instance/PortAClk,0,0.0,0.0,0.0,0.0,,0
x_aq_lsu_top/x_aq_dcache_top/x_aq_dcache_data_array_bank1/x_aq_spsram_1024x64/x_aq_f_spsram_1024x64/RAM_DIN_VEC[39]/ram_instance/PortAAddr[9:0],2,0.00024061597690086623,6.715,0.8753431029523714,0.0,0.015781058708305613,7
x_aq_lsu_top/x_aq_dcache_top/x_aq_dcache_data_array_bank1/x_aq_spsram_1024x64/x_aq_f_spsram_1024x64/RAM_DIN_VEC[39]/ram_instance/PortADataIn[0:0],0,0.0,0.0,0.0,0.0,,0
x_aq_lsu_top/x_aq_dcache_top/x_aq_dcache_data_array_bank1/x_aq_spsram_1024x64/x_aq_f_spsram_1024x64/RAM_DIN_VEC[39]/ram_instance/PortAWriteEnable,0,0.0,0.0,0.0,0.0,,0
x_aq_lsu_top/x_aq_dcache_top/x_aq_dcache_data_array_bank1/x_aq_spsram_1024x64/x_aq_f_spsram_1024x64/RAM_DIN_VEC[40]/ram_instance/PortAClk,0,0.0,0.0,0.0,0.0,,0
x_aq_lsu_top/x_aq_dcache_top/x_aq_dcache_data_array_bank1/x_aq_spsram_1024x64/x_aq_f_spsram_1024x64/RAM_DIN_VEC[40]/ram_instance/PortAAddr[9:0],2,0.00024061597690086623,6.715,0.8753431029523714,0.0,0.015781058708305613,7
x_aq_lsu_top/x_aq_dcache_top/x_aq_dcache_data_array_bank1/x_aq_spsram_1024x64/x_aq_f_spsram_1024x64/RAM_DIN_VEC[40]/ram_instance/PortADataIn[0:0],0,0.0,0.0,0.0,0.0,,0
x_aq_lsu_top/x_aq_dcache_top/x_aq_dcache_data_array_bank1/x_aq_spsram_1024x64/x_aq_f_spsram_1024x64/RAM_DIN_VEC[40]/ram_instance/PortAWriteEnable,0,0.0,0.0,0.0,0.0,,0
x_aq_lsu_top/x_aq_dcache_top/x_aq_dcache_data_array_bank1/x_aq_spsram_1024x64/x_aq_f_spsram_1024x64/RAM_DIN_VEC[41]/ram_instance/PortAClk,0,0.0,0.0,0.0,0.0,,0
x_aq_lsu_top/x_aq_dcache_top/x_aq_dcache_data_array_bank1/x_aq_spsram_1024x64/x_aq_f_spsram_1024x64/RAM_DIN_VEC[41]/ram_instance/PortAAddr[9:0],2,0.00024061597690086623,6.715,0.8753431029523714,0.0,0.015781058708305613,7
x_aq_lsu_top/x_aq_dcache_top/x_aq_dcache_data_array_bank1/x_aq_spsram_1024x64/x_aq_f_spsram_1024x64/RAM_DIN_VEC[41]/ram_instance/PortADataIn[0:0],0,0.0,0.0,0.0,0.0,,0
x_aq_lsu_top/x_aq_dcache_top/x_aq_dcache_data_array_bank1/x_aq_spsram_1024x64/x_aq_f_spsram_1024x64/RAM_DIN_VEC[41]/ram_instance/PortAWriteEnable,0,0.0,0.0,0.0,0.0,,0
x_aq_lsu_top/x_aq_dcache_top/x_aq_dcache_data_array_bank1/x_aq_spsram_1024x64/x_aq_f_spsram_1024x64/RAM_DIN_VEC[42]/ram_instance/PortAClk,0,0.0,0.0,0.0,0.0,,0
x_aq_lsu_top/x_aq_dcache_top/x_aq_dcache_data_array_bank1/x_aq_spsram_1024x64/x_aq_f_spsram_1024x64/RAM_DIN_VEC[42]/ram_instance/PortAAddr[9:0],2,0.00024061597690086623,6.715,0.8753431029523714,0.0,0.015781058708305613,7
x_aq_lsu_top/x_aq_dcache_top/x_aq_dcache_data_array_bank1/x_aq_spsram_1024x64/x_aq_f_spsram_1024x64/RAM_DIN_VEC[42]/ram_instance/PortADataIn[0:0],0,0.0,0.0,0.0,0.0,,0
x_aq_lsu_top/x_aq_dcache_top/x_aq_dcache_data_array_bank1/x_aq_spsram_1024x64/x_aq_f_spsram_1024x64/RAM_DIN_VEC[42]/ram_instance/PortAWriteEnable,0,0.0,0.0,0.0,0.0,,0
x_aq_lsu_top/x_aq_dcache_top/x_aq_dcache_data_array_bank1/x_aq_spsram_1024x64/x_aq_f_spsram_1024x64/RAM_DIN_VEC[43]/ram_instance/PortAClk,0,0.0,0.0,0.0,0.0,,0
x_aq_lsu_top/x_aq_dcache_top/x_aq_dcache_data_array_bank1/x_aq_spsram_1024x64/x_aq_f_spsram_1024x64/RAM_DIN_VEC[43]/ram_instance/PortAAddr[9:0],2,0.00024061597690086623,6.715,0.8753431029523714,0.0,0.015781058708305613,7
x_aq_lsu_top/x_aq_dcache_top/x_aq_dcache_data_array_bank1/x_aq_spsram_1024x64/x_aq_f_spsram_1024x64/RAM_DIN_VEC[43]/ram_instance/PortADataIn[0:0],0,0.0,0.0,0.0,0.0,,0
x_aq_lsu_top/x_aq_dcache_top/x_aq_dcache_data_array_bank1/x_aq_spsram_1024x64/x_aq_f_spsram_1024x64/RAM_DIN_VEC[43]/ram_instance/PortAWriteEnable,0,0.0,0.0,0.0,0.0,,0
x_aq_lsu_top/x_aq_dcache_top/x_aq_dcache_data_array_bank1/x_aq_spsram_1024x64/x_aq_f_spsram_1024x64/RAM_DIN_VEC[44]/ram_instance/PortAClk,0,0.0,0.0,0.0,0.0,,0
x_aq_lsu_top/x_aq_dcache_top/x_aq_dcache_data_array_bank1/x_aq_spsram_1024x64/x_aq_f_spsram_1024x64/RAM_DIN_VEC[44]/ram_instance/PortAAddr[9:0],2,0.00024061597690086623,6.715,0.8753431029523714,0.0,0.015781058708305613,7
x_aq_lsu_top/x_aq_dcache_top/x_aq_dcache_data_array_bank1/x_aq_spsram_1024x64/x_aq_f_spsram_1024x64/RAM_DIN_VEC[44]/ram_instance/PortADataIn[0:0],0,0.0,0.0,0.0,0.0,,0
x_aq_lsu_top/x_aq_dcache_top/x_aq_dcache_data_array_bank1/x_aq_spsram_1024x64/x_aq_f_spsram_1024x64/RAM_DIN_VEC[44]/ram_instance/PortAWriteEnable,0,0.0,0.0,0.0,0.0,,0
x_aq_lsu_top/x_aq_dcache_top/x_aq_dcache_data_array_bank1/x_aq_spsram_1024x64/x_aq_f_spsram_1024x64/RAM_DIN_VEC[45]/ram_instance/PortAClk,0,0.0,0.0,0.0,0.0,,0
x_aq_lsu_top/x_aq_dcache_top/x_aq_dcache_data_array_bank1/x_aq_spsram_1024x64/x_aq_f_spsram_1024x64/RAM_DIN_VEC[45]/ram_instance/PortAAddr[9:0],2,0.00024061597690086623,6.715,0.8753431029523714,0.0,0.015781058708305613,7
x_aq_lsu_top/x_aq_dcache_top/x_aq_dcache_data_array_bank1/x_aq_spsram_1024x64/x_aq_f_spsram_1024x64/RAM_DIN_VEC[45]/ram_instance/PortADataIn[0:0],0,0.0,0.0,0.0,0.0,,0
x_aq_lsu_top/x_aq_dcache_top/x_aq_dcache_data_array_bank1/x_aq_spsram_1024x64/x_aq_f_spsram_1024x64/RAM_DIN_VEC[45]/ram_instance/PortAWriteEnable,0,0.0,0.0,0.0,0.0,,0
x_aq_lsu_top/x_aq_dcache_top/x_aq_dcache_data_array_bank1/x_aq_spsram_1024x64/x_aq_f_spsram_1024x64/RAM_DIN_VEC[46]/ram_instance/PortAClk,0,0.0,0.0,0.0,0.0,,0
x_aq_lsu_top/x_aq_dcache_top/x_aq_dcache_data_array_bank1/x_aq_spsram_1024x64/x_aq_f_spsram_1024x64/RAM_DIN_VEC[46]/ram_instance/PortAAddr[9:0],2,0.00024061597690086623,6.715,0.8753431029523714,0.0,0.015781058708305613,7
x_aq_lsu_top/x_aq_dcache_top/x_aq_dcache_data_array_bank1/x_aq_spsram_1024x64/x_aq_f_spsram_1024x64/RAM_DIN_VEC[46]/ram_instance/PortADataIn[0:0],0,0.0,0.0,0.0,0.0,,0
x_aq_lsu_top/x_aq_dcache_top/x_aq_dcache_data_array_bank1/x_aq_spsram_1024x64/x_aq_f_spsram_1024x64/RAM_DIN_VEC[46]/ram_instance/PortAWriteEnable,0,0.0,0.0,0.0,0.0,,0
x_aq_lsu_top/x_aq_dcache_top/x_aq_dcache_data_array_bank1/x_aq_spsram_1024x64/x_aq_f_spsram_1024x64/RAM_DIN_VEC[47]/ram_instance/PortAClk,0,0.0,0.0,0.0,0.0,,0
x_aq_lsu_top/x_aq_dcache_top/x_aq_dcache_data_array_bank1/x_aq_spsram_1024x64/x_aq_f_spsram_1024x64/RAM_DIN_VEC[47]/ram_instance/PortAAddr[9:0],2,0.00024061597690086623,6.715,0.8753431029523714,0.0,0.015781058708305613,7
x_aq_lsu_top/x_aq_dcache_top/x_aq_dcache_data_array_bank1/x_aq_spsram_1024x64/x_aq_f_spsram_1024x64/RAM_DIN_VEC[47]/ram_instance/PortADataIn[0:0],0,0.0,0.0,0.0,0.0,,0
x_aq_lsu_top/x_aq_dcache_top/x_aq_dcache_data_array_bank1/x_aq_spsram_1024x64/x_aq_f_spsram_1024x64/RAM_DIN_VEC[47]/ram_instance/PortAWriteEnable,0,0.0,0.0,0.0,0.0,,0
x_aq_lsu_top/x_aq_dcache_top/x_aq_dcache_data_array_bank1/x_aq_spsram_1024x64/x_aq_f_spsram_1024x64/RAM_DIN_VEC[48]/ram_instance/PortAClk,0,0.0,0.0,0.0,0.0,,0
x_aq_lsu_top/x_aq_dcache_top/x_aq_dcache_data_array_bank1/x_aq_spsram_1024x64/x_aq_f_spsram_1024x64/RAM_DIN_VEC[48]/ram_instance/PortAAddr[9:0],2,0.00024061597690086623,6.715,0.8753431029523714,0.0,0.015781058708305613,7
x_aq_lsu_top/x_aq_dcache_top/x_aq_dcache_data_array_bank1/x_aq_spsram_1024x64/x_aq_f_spsram_1024x64/RAM_DIN_VEC[48]/ram_instance/PortADataIn[0:0],0,0.0,0.0,0.0,0.0,,0
x_aq_lsu_top/x_aq_dcache_top/x_aq_dcache_data_array_bank1/x_aq_spsram_1024x64/x_aq_f_spsram_1024x64/RAM_DIN_VEC[48]/ram_instance/PortAWriteEnable,0,0.0,0.0,0.0,0.0,,0
x_aq_lsu_top/x_aq_dcache_top/x_aq_dcache_data_array_bank1/x_aq_spsram_1024x64/x_aq_f_spsram_1024x64/RAM_DIN_VEC[49]/ram_instance/PortAClk,0,0.0,0.0,0.0,0.0,,0
x_aq_lsu_top/x_aq_dcache_top/x_aq_dcache_data_array_bank1/x_aq_spsram_1024x64/x_aq_f_spsram_1024x64/RAM_DIN_VEC[49]/ram_instance/PortAAddr[9:0],2,0.00024061597690086623,6.715,0.8753431029523714,0.0,0.015781058708305613,7
x_aq_lsu_top/x_aq_dcache_top/x_aq_dcache_data_array_bank1/x_aq_spsram_1024x64/x_aq_f_spsram_1024x64/RAM_DIN_VEC[49]/ram_instance/PortADataIn[0:0],0,0.0,0.0,0.0,0.0,,0
x_aq_lsu_top/x_aq_dcache_top/x_aq_dcache_data_array_bank1/x_aq_spsram_1024x64/x_aq_f_spsram_1024x64/RAM_DIN_VEC[49]/ram_instance/PortAWriteEnable,0,0.0,0.0,0.0,0.0,,0
x_aq_lsu_top/x_aq_dcache_top/x_aq_dcache_data_array_bank1/x_aq_spsram_1024x64/x_aq_f_spsram_1024x64/RAM_DIN_VEC[50]/ram_instance/PortAClk,0,0.0,0.0,0.0,0.0,,0
x_aq_lsu_top/x_aq_dcache_top/x_aq_dcache_data_array_bank1/x_aq_spsram_1024x64/x_aq_f_spsram_1024x64/RAM_DIN_VEC[50]/ram_instance/PortAAddr[9:0],2,0.00024061597690086623,6.715,0.8753431029523714,0.0,0.015781058708305613,7
x_aq_lsu_top/x_aq_dcache_top/x_aq_dcache_data_array_bank1/x_aq_spsram_1024x64/x_aq_f_spsram_1024x64/RAM_DIN_VEC[50]/ram_instance/PortADataIn[0:0],0,0.0,0.0,0.0,0.0,,0
x_aq_lsu_top/x_aq_dcache_top/x_aq_dcache_data_array_bank1/x_aq_spsram_1024x64/x_aq_f_spsram_1024x64/RAM_DIN_VEC[50]/ram_instance/PortAWriteEnable,0,0.0,0.0,0.0,0.0,,0
x_aq_lsu_top/x_aq_dcache_top/x_aq_dcache_data_array_bank1/x_aq_spsram_1024x64/x_aq_f_spsram_1024x64/RAM_DIN_VEC[51]/ram_instance/PortAClk,0,0.0,0.0,0.0,0.0,,0
x_aq_lsu_top/x_aq_dcache_top/x_aq_dcache_data_array_bank1/x_aq_spsram_1024x64/x_aq_f_spsram_1024x64/RAM_DIN_VEC[51]/ram_instance/PortAAddr[9:0],2,0.00024061597690086623,6.715,0.8753431029523714,0.0,0.015781058708305613,7
x_aq_lsu_top/x_aq_dcache_top/x_aq_dcache_data_array_bank1/x_aq_spsram_1024x64/x_aq_f_spsram_1024x64/RAM_DIN_VEC[51]/ram_instance/PortADataIn[0:0],0,0.0,0.0,0.0,0.0,,0
x_aq_lsu_top/x_aq_dcache_top/x_aq_dcache_data_array_bank1/x_aq_spsram_1024x64/x_aq_f_spsram_1024x64/RAM_DIN_VEC[51]/ram_instance/PortAWriteEnable,0,0.0,0.0,0.0,0.0,,0
x_aq_lsu_top/x_aq_dcache_top/x_aq_dcache_data_array_bank1/x_aq_spsram_1024x64/x_aq_f_spsram_1024x64/RAM_DIN_VEC[52]/ram_instance/PortAClk,0,0.0,0.0,0.0,0.0,,0
x_aq_lsu_top/x_aq_dcache_top/x_aq_dcache_data_array_bank1/x_aq_spsram_1024x64/x_aq_f_spsram_1024x64/RAM_DIN_VEC[52]/ram_instance/PortAAddr[9:0],2,0.00024061597690086623,6.715,0.8753431029523714,0.0,0.015781058708305613,7
x_aq_lsu_top/x_aq_dcache_top/x_aq_dcache_data_array_bank1/x_aq_spsram_1024x64/x_aq_f_spsram_1024x64/RAM_DIN_VEC[52]/ram_instance/PortADataIn[0:0],0,0.0,0.0,0.0,0.0,,0
x_aq_lsu_top/x_aq_dcache_top/x_aq_dcache_data_array_bank1/x_aq_spsram_1024x64/x_aq_f_spsram_1024x64/RAM_DIN_VEC[52]/ram_instance/PortAWriteEnable,0,0.0,0.0,0.0,0.0,,0
x_aq_lsu_top/x_aq_dcache_top/x_aq_dcache_data_array_bank1/x_aq_spsram_1024x64/x_aq_f_spsram_1024x64/RAM_DIN_VEC[53]/ram_instance/PortAClk,0,0.0,0.0,0.0,0.0,,0
x_aq_lsu_top/x_aq_dcache_top/x_aq_dcache_data_array_bank1/x_aq_spsram_1024x64/x_aq_f_spsram_1024x64/RAM_DIN_VEC[53]/ram_instance/PortAAddr[9:0],2,0.00024061597690086623,6.715,0.8753431029523714,0.0,0.015781058708305613,7
x_aq_lsu_top/x_aq_dcache_top/x_aq_dcache_data_array_bank1/x_aq_spsram_1024x64/x_aq_f_spsram_1024x64/RAM_DIN_VEC[53]/ram_instance/PortADataIn[0:0],0,0.0,0.0,0.0,0.0,,0
x_aq_lsu_top/x_aq_dcache_top/x_aq_dcache_data_array_bank1/x_aq_spsram_1024x64/x_aq_f_spsram_1024x64/RAM_DIN_VEC[53]/ram_instance/PortAWriteEnable,0,0.0,0.0,0.0,0.0,,0
x_aq_lsu_top/x_aq_dcache_top/x_aq_dcache_data_array_bank1/x_aq_spsram_1024x64/x_aq_f_spsram_1024x64/RAM_DIN_VEC[54]/ram_instance/PortAClk,0,0.0,0.0,0.0,0.0,,0
x_aq_lsu_top/x_aq_dcache_top/x_aq_dcache_data_array_bank1/x_aq_spsram_1024x64/x_aq_f_spsram_1024x64/RAM_DIN_VEC[54]/ram_instance/PortAAddr[9:0],2,0.00024061597690086623,6.715,0.8753431029523714,0.0,0.015781058708305613,7
x_aq_lsu_top/x_aq_dcache_top/x_aq_dcache_data_array_bank1/x_aq_spsram_1024x64/x_aq_f_spsram_1024x64/RAM_DIN_VEC[54]/ram_instance/PortADataIn[0:0],0,0.0,0.0,0.0,0.0,,0
x_aq_lsu_top/x_aq_dcache_top/x_aq_dcache_data_array_bank1/x_aq_spsram_1024x64/x_aq_f_spsram_1024x64/RAM_DIN_VEC[54]/ram_instance/PortAWriteEnable,0,0.0,0.0,0.0,0.0,,0
x_aq_lsu_top/x_aq_dcache_top/x_aq_dcache_data_array_bank1/x_aq_spsram_1024x64/x_aq_f_spsram_1024x64/RAM_DIN_VEC[55]/ram_instance/PortAClk,0,0.0,0.0,0.0,0.0,,0
x_aq_lsu_top/x_aq_dcache_top/x_aq_dcache_data_array_bank1/x_aq_spsram_1024x64/x_aq_f_spsram_1024x64/RAM_DIN_VEC[55]/ram_instance/PortAAddr[9:0],2,0.00024061597690086623,6.715,0.8753431029523714,0.0,0.015781058708305613,7
x_aq_lsu_top/x_aq_dcache_top/x_aq_dcache_data_array_bank1/x_aq_spsram_1024x64/x_aq_f_spsram_1024x64/RAM_DIN_VEC[55]/ram_instance/PortADataIn[0:0],0,0.0,0.0,0.0,0.0,,0
x_aq_lsu_top/x_aq_dcache_top/x_aq_dcache_data_array_bank1/x_aq_spsram_1024x64/x_aq_f_spsram_1024x64/RAM_DIN_VEC[55]/ram_instance/PortAWriteEnable,0,0.0,0.0,0.0,0.0,,0
x_aq_lsu_top/x_aq_dcache_top/x_aq_dcache_data_array_bank1/x_aq_spsram_1024x64/x_aq_f_spsram_1024x64/RAM_DIN_VEC[56]/ram_instance/PortAClk,0,0.0,0.0,0.0,0.0,,0
x_aq_lsu_top/x_aq_dcache_top/x_aq_dcache_data_array_bank1/x_aq_spsram_1024x64/x_aq_f_spsram_1024x64/RAM_DIN_VEC[56]/ram_instance/PortAAddr[9:0],2,0.00024061597690086623,6.715,0.8753431029523714,0.0,0.015781058708305613,7
x_aq_lsu_top/x_aq_dcache_top/x_aq_dcache_data_array_bank1/x_aq_spsram_1024x64/x_aq_f_spsram_1024x64/RAM_DIN_VEC[56]/ram_instance/PortADataIn[0:0],0,0.0,0.0,0.0,0.0,,0
x_aq_lsu_top/x_aq_dcache_top/x_aq_dcache_data_array_bank1/x_aq_spsram_1024x64/x_aq_f_spsram_1024x64/RAM_DIN_VEC[56]/ram_instance/PortAWriteEnable,0,0.0,0.0,0.0,0.0,,0
x_aq_lsu_top/x_aq_dcache_top/x_aq_dcache_data_array_bank1/x_aq_spsram_1024x64/x_aq_f_spsram_1024x64/RAM_DIN_VEC[57]/ram_instance/PortAClk,0,0.0,0.0,0.0,0.0,,0
x_aq_lsu_top/x_aq_dcache_top/x_aq_dcache_data_array_bank1/x_aq_spsram_1024x64/x_aq_f_spsram_1024x64/RAM_DIN_VEC[57]/ram_instance/PortAAddr[9:0],2,0.00024061597690086623,6.715,0.8753431029523714,0.0,0.015781058708305613,7
x_aq_lsu_top/x_aq_dcache_top/x_aq_dcache_data_array_bank1/x_aq_spsram_1024x64/x_aq_f_spsram_1024x64/RAM_DIN_VEC[57]/ram_instance/PortADataIn[0:0],0,0.0,0.0,0.0,0.0,,0
x_aq_lsu_top/x_aq_dcache_top/x_aq_dcache_data_array_bank1/x_aq_spsram_1024x64/x_aq_f_spsram_1024x64/RAM_DIN_VEC[57]/ram_instance/PortAWriteEnable,0,0.0,0.0,0.0,0.0,,0
x_aq_lsu_top/x_aq_dcache_top/x_aq_dcache_data_array_bank1/x_aq_spsram_1024x64/x_aq_f_spsram_1024x64/RAM_DIN_VEC[58]/ram_instance/PortAClk,0,0.0,0.0,0.0,0.0,,0
x_aq_lsu_top/x_aq_dcache_top/x_aq_dcache_data_array_bank1/x_aq_spsram_1024x64/x_aq_f_spsram_1024x64/RAM_DIN_VEC[58]/ram_instance/PortAAddr[9:0],2,0.00024061597690086623,6.715,0.8753431029523714,0.0,0.015781058708305613,7
x_aq_lsu_top/x_aq_dcache_top/x_aq_dcache_data_array_bank1/x_aq_spsram_1024x64/x_aq_f_spsram_1024x64/RAM_DIN_VEC[58]/ram_instance/PortADataIn[0:0],0,0.0,0.0,0.0,0.0,,0
x_aq_lsu_top/x_aq_dcache_top/x_aq_dcache_data_array_bank1/x_aq_spsram_1024x64/x_aq_f_spsram_1024x64/RAM_DIN_VEC[58]/ram_instance/PortAWriteEnable,0,0.0,0.0,0.0,0.0,,0
x_aq_lsu_top/x_aq_dcache_top/x_aq_dcache_data_array_bank1/x_aq_spsram_1024x64/x_aq_f_spsram_1024x64/RAM_DIN_VEC[59]/ram_instance/PortAClk,0,0.0,0.0,0.0,0.0,,0
x_aq_lsu_top/x_aq_dcache_top/x_aq_dcache_data_array_bank1/x_aq_spsram_1024x64/x_aq_f_spsram_1024x64/RAM_DIN_VEC[59]/ram_instance/PortAAddr[9:0],2,0.00024061597690086623,6.715,0.8753431029523714,0.0,0.015781058708305613,7
x_aq_lsu_top/x_aq_dcache_top/x_aq_dcache_data_array_bank1/x_aq_spsram_1024x64/x_aq_f_spsram_1024x64/RAM_DIN_VEC[59]/ram_instance/PortADataIn[0:0],0,0.0,0.0,0.0,0.0,,0
x_aq_lsu_top/x_aq_dcache_top/x_aq_dcache_data_array_bank1/x_aq_spsram_1024x64/x_aq_f_spsram_1024x64/RAM_DIN_VEC[59]/ram_instance/PortAWriteEnable,0,0.0,0.0,0.0,0.0,,0
x_aq_lsu_top/x_aq_dcache_top/x_aq_dcache_data_array_bank1/x_aq_spsram_1024x64/x_aq_f_spsram_1024x64/RAM_DIN_VEC[60]/ram_instance/PortAClk,0,0.0,0.0,0.0,0.0,,0
x_aq_lsu_top/x_aq_dcache_top/x_aq_dcache_data_array_bank1/x_aq_spsram_1024x64/x_aq_f_spsram_1024x64/RAM_DIN_VEC[60]/ram_instance/PortAAddr[9:0],2,0.00024061597690086623,6.715,0.8753431029523714,0.0,0.015781058708305613,7
x_aq_lsu_top/x_aq_dcache_top/x_aq_dcache_data_array_bank1/x_aq_spsram_1024x64/x_aq_f_spsram_1024x64/RAM_DIN_VEC[60]/ram_instance/PortADataIn[0:0],0,0.0,0.0,0.0,0.0,,0
x_aq_lsu_top/x_aq_dcache_top/x_aq_dcache_data_array_bank1/x_aq_spsram_1024x64/x_aq_f_spsram_1024x64/RAM_DIN_VEC[60]/ram_instance/PortAWriteEnable,0,0.0,0.0,0.0,0.0,,0
x_aq_lsu_top/x_aq_dcache_top/x_aq_dcache_data_array_bank1/x_aq_spsram_1024x64/x_aq_f_spsram_1024x64/RAM_DIN_VEC[61]/ram_instance/PortAClk,0,0.0,0.0,0.0,0.0,,0
x_aq_lsu_top/x_aq_dcache_top/x_aq_dcache_data_array_bank1/x_aq_spsram_1024x64/x_aq_f_spsram_1024x64/RAM_DIN_VEC[61]/ram_instance/PortAAddr[9:0],2,0.00024061597690086623,6.715,0.8753431029523714,0.0,0.015781058708305613,7
x_aq_lsu_top/x_aq_dcache_top/x_aq_dcache_data_array_bank1/x_aq_spsram_1024x64/x_aq_f_spsram_1024x64/RAM_DIN_VEC[61]/ram_instance/PortADataIn[0:0],0,0.0,0.0,0.0,0.0,,0
x_aq_lsu_top/x_aq_dcache_top/x_aq_dcache_data_array_bank1/x_aq_spsram_1024x64/x_aq_f_spsram_1024x64/RAM_DIN_VEC[61]/ram_instance/PortAWriteEnable,0,0.0,0.0,0.0,0.0,,0
x_aq_lsu_top/x_aq_dcache_top/x_aq_dcache_data_array_bank1/x_aq_spsram_1024x64/x_aq_f_spsram_1024x64/RAM_DIN_VEC[62]/ram_instance/PortAClk,0,0.0,0.0,0.0,0.0,,0
x_aq_lsu_top/x_aq_dcache_top/x_aq_dcache_data_array_bank1/x_aq_spsram_1024x64/x_aq_f_spsram_1024x64/RAM_DIN_VEC[62]/ram_instance/PortAAddr[9:0],2,0.00024061597690086623,6.715,0.8753431029523714,0.0,0.015781058708305613,7
x_aq_lsu_top/x_aq_dcache_top/x_aq_dcache_data_array_bank1/x_aq_spsram_1024x64/x_aq_f_spsram_1024x64/RAM_DIN_VEC[62]/ram_instance/PortADataIn[0:0],0,0.0,0.0,0.0,0.0,,0
x_aq_lsu_top/x_aq_dcache_top/x_aq_dcache_data_array_bank1/x_aq_spsram_1024x64/x_aq_f_spsram_1024x64/RAM_DIN_VEC[62]/ram_instance/PortAWriteEnable,0,0.0,0.0,0.0,0.0,,0
x_aq_lsu_top/x_aq_dcache_top/x_aq_dcache_data_array_bank1/x_aq_spsram_1024x64/x_aq_f_spsram_1024x64/RAM_DIN_VEC[63]/ram_instance/PortAClk,0,0.0,0.0,0.0,0.0,,0
x_aq_lsu_top/x_aq_dcache_top/x_aq_dcache_data_array_bank1/x_aq_spsram_1024x64/x_aq_f_spsram_1024x64/RAM_DIN_VEC[63]/ram_instance/PortAAddr[9:0],2,0.00024061597690086623,6.715,0.8753431029523714,0.0,0.015781058708305613,7
x_aq_lsu_top/x_aq_dcache_top/x_aq_dcache_data_array_bank1/x_aq_spsram_1024x64/x_aq_f_spsram_1024x64/RAM_DIN_VEC[63]/ram_instance/PortADataIn[0:0],0,0.0,0.0,0.0,0.0,,0
x_aq_lsu_top/x_aq_dcache_top/x_aq_dcache_data_array_bank1/x_aq_spsram_1024x64/x_aq_f_spsram_1024x64/RAM_DIN_VEC[63]/ram_instance/PortAWriteEnable,0,0.0,0.0,0.0,0.0,,0
x_aq_lsu_top/x_aq_dcache_top/x_aq_dcache_data_array_bank2/cp0_lsu_icg_en,0,0.0,0.0,0.0,0.0,,0
x_aq_lsu_top/x_aq_dcache_top/x_aq_dcache_data_array_bank2/data_cen,1,0.00012030798845043312,41.400000000000006,5.3967542013742635,1.0,-0.14861602140388885,1
x_aq_lsu_top/x_aq_dcache_top/x_aq_dcache_data_array_bank2/data_clk_en,0,0.0,0.0,0.0,0.0,,0
x_aq_lsu_top/x_aq_dcache_top/x_aq_dcache_data_array_bank2/data_din[63:0],0,0.0,0.0,0.0,0.0,,0
x_aq_lsu_top/x_aq_dcache_top/x_aq_dcache_data_array_bank2/data_dout[63:0],0,0.0,0.0,0.0,0.0,,0
x_aq_lsu_top/x_aq_dcache_top/x_aq_dcache_data_array_bank2/data_gwen,0,0.0,0.0,0.0,0.0,,0
x_aq_lsu_top/x_aq_dcache_top/x_aq_dcache_data_array_bank2/data_idx[13:0],2092,0.2516843118383061,7.988652007648184,1.0413717701833884,0.06405353728489484,0.07503394752765437,10
x_aq_lsu_top/x_aq_dcache_top/x_aq_dcache_data_array_bank2/data_wen[63:0],0,0.0,0.0,0.0,0.0,,0
x_aq_lsu_top/x_aq_dcache_top/x_aq_dcache_data_array_bank2/forever_cpuclk,0,0.0,0.0,0.0,0.0,,0
x_aq_lsu_top/x_aq_dcache_top/x_aq_dcache_data_array_bank2/pad_yy_icg_scan_en,0,0.0,0.0,0.0,0.0,,0
x_aq_lsu_top/x_aq_dcache_top/x_aq_dcache_data_array_bank2/data_clk,0,0.0,0.0,0.0,0.0,,0
x_aq_lsu_top/x_aq_dcache_top/x_aq_dcache_data_array_bank2/x_dcache_data_gated_clk/clk_in,0,0.0,0.0,0.0,0.0,,0
x_aq_lsu_top/x_aq_dcache_top/x_aq_dcache_data_array_bank2/x_dcache_data_gated_clk/global_en,0,0.0,0.0,0.0,0.0,,0
x_aq_lsu_top/x_aq_dcache_top/x_aq_dcache_data_array_bank2/x_dcache_data_gated_clk/module_en,0,0.0,0.0,0.0,0.0,,0
x_aq_lsu_top/x_aq_dcache_top/x_aq_dcache_data_array_bank2/x_dcache_data_gated_clk/local_en,0,0.0,0.0,0.0,0.0,,0
x_aq_lsu_top/x_aq_dcache_top/x_aq_dcache_data_array_bank2/x_dcache_data_gated_clk/external_en,0,0.0,0.0,0.0,0.0,,0
x_aq_lsu_top/x_aq_dcache_top/x_aq_dcache_data_array_bank2/x_dcache_data_gated_clk/pad_yy_icg_scan_en,0,0.0,0.0,0.0,0.0,,0
x_aq_lsu_top/x_aq_dcache_top/x_aq_dcache_data_array_bank2/x_dcache_data_gated_clk/clk_out,0,0.0,0.0,0.0,0.0,,0
x_aq_lsu_top/x_aq_dcache_top/x_aq_dcache_data_array_bank2/x_dcache_data_gated_clk/clk_en_bf_latch,0,0.0,0.0,0.0,0.0,,0
x_aq_lsu_top/x_aq_dcache_top/x_aq_dcache_data_array_bank2/x_dcache_data_gated_clk/SE,0,0.0,0.0,0.0,0.0,,0
x_aq_lsu_top/x_aq_dcache_top/x_aq_dcache_data_array_bank2/x_aq_spsram_1024x64/A[9:0],2065,0.24843599615014436,8.000140435835352,1.0428693601130088,0.0648910411622276,-0.12446616879551788,8
x_aq_lsu_top/x_aq_dcache_top/x_aq_dcache_data_array_bank2/x_aq_spsram_1024x64/CEN,1,0.00012030798845043312,41.400000000000006,5.3967542013742635,1.0,-0.14861602140388885,1
x_aq_lsu_top/x_aq_dcache_top/x_aq_dcache_data_array_bank2/x_aq_spsram_1024x64/CLK,0,0.0,0.0,0.0,0.0,,0
x_aq_lsu_top/x_aq_dcache_top/x_aq_dcache_data_array_bank2/x_aq_spsram_1024x64/D[63:0],0,0.0,0.0,0.0,0.0,,0
x_aq_lsu_top/x_aq_dcache_top/x_aq_dcache_data_array_bank2/x_aq_spsram_1024x64/GWEN,0,0.0,0.0,0.0,0.0,,0
x_aq_lsu_top/x_aq_dcache_top/x_aq_dcache_data_array_bank2/x_aq_spsram_1024x64/Q[63:0],0,0.0,0.0,0.0,0.0,,0
x_aq_lsu_top/x_aq_dcache_top/x_aq_dcache_data_array_bank2/x_aq_spsram_1024x64/WEN[63:0],0,0.0,0.0,0.0,0.0,,0
x_aq_lsu_top/x_aq_dcache_top/x_aq_dcache_data_array_bank2/x_aq_spsram_1024x64/x_aq_f_spsram_1024x64/A[9:0],2065,0.24843599615014436,8.000140435835352,1.0428693601130088,0.0648910411622276,-0.12446616879551788,8
x_aq_lsu_top/x_aq_dcache_top/x_aq_dcache_data_array_bank2/x_aq_spsram_1024x64/x_aq_f_spsram_1024x64/CEN,1,0.00012030798845043312,41.400000000000006,5.3967542013742635,1.0,-0.14861602140388885,1
x_aq_lsu_top/x_aq_dcache_top/x_aq_dcache_data_array_bank2/x_aq_spsram_1024x64/x_aq_f_spsram_1024x64/CLK,0,0.0,0.0,0.0,0.0,,0
x_aq_lsu_top/x_aq_dcache_top/x_aq_dcache_data_array_bank2/x_aq_spsram_1024x64/x_aq_f_spsram_1024x64/D[63:0],0,0.0,0.0,0.0,0.0,,0
x_aq_lsu_top/x_aq_dcache_top/x_aq_dcache_data_array_bank2/x_aq_spsram_1024x64/x_aq_f_spsram_1024x64/GWEN,0,0.0,0.0,0.0,0.0,,0
x_aq_lsu_top/x_aq_dcache_top/x_aq_dcache_data_array_bank2/x_aq_spsram_1024x64/x_aq_f_spsram_1024x64/Q[63:0],0,0.0,0.0,0.0,0.0,,0
x_aq_lsu_top/x_aq_dcache_top/x_aq_dcache_data_array_bank2/x_aq_spsram_1024x64/x_aq_f_spsram_1024x64/WEN[63:0],0,0.0,0.0,0.0,0.0,,0
x_aq_lsu_top/x_aq_dcache_top/x_aq_dcache_data_array_bank2/x_aq_spsram_1024x64/x_aq_f_spsram_1024x64/addr[9:0],0,0.0,0.0,0.0,0.0,,0
x_aq_lsu_top/x_aq_dcache_top/x_aq_dcache_data_array_bank2/x_aq_spsram_1024x64/x_aq_f_spsram_1024x64/ram_wen_vec[63:0],0,0.0,0.0,0.0,0.0,,0
x_aq_lsu_top/x_aq_dcache_top/x_aq_dcache_data_array_bank2/x_aq_spsram_1024x64/x_aq_f_spsram_1024x64/RAM_DIN_VEC[0]/ram_instance/PortAClk,0,0.0,0.0,0.0,0.0,,0
x_aq_lsu_top/x_aq_dcache_top/x_aq_dcache_data_array_bank2/x_aq_spsram_1024x64/x_aq_f_spsram_1024x64/RAM_DIN_VEC[0]/ram_instance/PortAAddr[9:0],0,0.0,0.0,0.0,0.0,,0
x_aq_lsu_top/x_aq_dcache_top/x_aq_dcache_data_array_bank2/x_aq_spsram_1024x64/x_aq_f_spsram_1024x64/RAM_DIN_VEC[0]/ram_instance/PortADataIn[0:0],0,0.0,0.0,0.0,0.0,,0
x_aq_lsu_top/x_aq_dcache_top/x_aq_dcache_data_array_bank2/x_aq_spsram_1024x64/x_aq_f_spsram_1024x64/RAM_DIN_VEC[0]/ram_instance/PortAWriteEnable,0,0.0,0.0,0.0,0.0,,0
x_aq_lsu_top/x_aq_dcache_top/x_aq_dcache_data_array_bank2/x_aq_spsram_1024x64/x_aq_f_spsram_1024x64/RAM_DIN_VEC[1]/ram_instance/PortAClk,0,0.0,0.0,0.0,0.0,,0
x_aq_lsu_top/x_aq_dcache_top/x_aq_dcache_data_array_bank2/x_aq_spsram_1024x64/x_aq_f_spsram_1024x64/RAM_DIN_VEC[1]/ram_instance/PortAAddr[9:0],0,0.0,0.0,0.0,0.0,,0
x_aq_lsu_top/x_aq_dcache_top/x_aq_dcache_data_array_bank2/x_aq_spsram_1024x64/x_aq_f_spsram_1024x64/RAM_DIN_VEC[1]/ram_instance/PortADataIn[0:0],0,0.0,0.0,0.0,0.0,,0
x_aq_lsu_top/x_aq_dcache_top/x_aq_dcache_data_array_bank2/x_aq_spsram_1024x64/x_aq_f_spsram_1024x64/RAM_DIN_VEC[1]/ram_instance/PortAWriteEnable,0,0.0,0.0,0.0,0.0,,0
x_aq_lsu_top/x_aq_dcache_top/x_aq_dcache_data_array_bank2/x_aq_spsram_1024x64/x_aq_f_spsram_1024x64/RAM_DIN_VEC[2]/ram_instance/PortAClk,0,0.0,0.0,0.0,0.0,,0
x_aq_lsu_top/x_aq_dcache_top/x_aq_dcache_data_array_bank2/x_aq_spsram_1024x64/x_aq_f_spsram_1024x64/RAM_DIN_VEC[2]/ram_instance/PortAAddr[9:0],0,0.0,0.0,0.0,0.0,,0
x_aq_lsu_top/x_aq_dcache_top/x_aq_dcache_data_array_bank2/x_aq_spsram_1024x64/x_aq_f_spsram_1024x64/RAM_DIN_VEC[2]/ram_instance/PortADataIn[0:0],0,0.0,0.0,0.0,0.0,,0
x_aq_lsu_top/x_aq_dcache_top/x_aq_dcache_data_array_bank2/x_aq_spsram_1024x64/x_aq_f_spsram_1024x64/RAM_DIN_VEC[2]/ram_instance/PortAWriteEnable,0,0.0,0.0,0.0,0.0,,0
x_aq_lsu_top/x_aq_dcache_top/x_aq_dcache_data_array_bank2/x_aq_spsram_1024x64/x_aq_f_spsram_1024x64/RAM_DIN_VEC[3]/ram_instance/PortAClk,0,0.0,0.0,0.0,0.0,,0
x_aq_lsu_top/x_aq_dcache_top/x_aq_dcache_data_array_bank2/x_aq_spsram_1024x64/x_aq_f_spsram_1024x64/RAM_DIN_VEC[3]/ram_instance/PortAAddr[9:0],0,0.0,0.0,0.0,0.0,,0
x_aq_lsu_top/x_aq_dcache_top/x_aq_dcache_data_array_bank2/x_aq_spsram_1024x64/x_aq_f_spsram_1024x64/RAM_DIN_VEC[3]/ram_instance/PortADataIn[0:0],0,0.0,0.0,0.0,0.0,,0
x_aq_lsu_top/x_aq_dcache_top/x_aq_dcache_data_array_bank2/x_aq_spsram_1024x64/x_aq_f_spsram_1024x64/RAM_DIN_VEC[3]/ram_instance/PortAWriteEnable,0,0.0,0.0,0.0,0.0,,0
x_aq_lsu_top/x_aq_dcache_top/x_aq_dcache_data_array_bank2/x_aq_spsram_1024x64/x_aq_f_spsram_1024x64/RAM_DIN_VEC[4]/ram_instance/PortAClk,0,0.0,0.0,0.0,0.0,,0
x_aq_lsu_top/x_aq_dcache_top/x_aq_dcache_data_array_bank2/x_aq_spsram_1024x64/x_aq_f_spsram_1024x64/RAM_DIN_VEC[4]/ram_instance/PortAAddr[9:0],0,0.0,0.0,0.0,0.0,,0
x_aq_lsu_top/x_aq_dcache_top/x_aq_dcache_data_array_bank2/x_aq_spsram_1024x64/x_aq_f_spsram_1024x64/RAM_DIN_VEC[4]/ram_instance/PortADataIn[0:0],0,0.0,0.0,0.0,0.0,,0
x_aq_lsu_top/x_aq_dcache_top/x_aq_dcache_data_array_bank2/x_aq_spsram_1024x64/x_aq_f_spsram_1024x64/RAM_DIN_VEC[4]/ram_instance/PortAWriteEnable,0,0.0,0.0,0.0,0.0,,0
x_aq_lsu_top/x_aq_dcache_top/x_aq_dcache_data_array_bank2/x_aq_spsram_1024x64/x_aq_f_spsram_1024x64/RAM_DIN_VEC[5]/ram_instance/PortAClk,0,0.0,0.0,0.0,0.0,,0
x_aq_lsu_top/x_aq_dcache_top/x_aq_dcache_data_array_bank2/x_aq_spsram_1024x64/x_aq_f_spsram_1024x64/RAM_DIN_VEC[5]/ram_instance/PortAAddr[9:0],0,0.0,0.0,0.0,0.0,,0
x_aq_lsu_top/x_aq_dcache_top/x_aq_dcache_data_array_bank2/x_aq_spsram_1024x64/x_aq_f_spsram_1024x64/RAM_DIN_VEC[5]/ram_instance/PortADataIn[0:0],0,0.0,0.0,0.0,0.0,,0
x_aq_lsu_top/x_aq_dcache_top/x_aq_dcache_data_array_bank2/x_aq_spsram_1024x64/x_aq_f_spsram_1024x64/RAM_DIN_VEC[5]/ram_instance/PortAWriteEnable,0,0.0,0.0,0.0,0.0,,0
x_aq_lsu_top/x_aq_dcache_top/x_aq_dcache_data_array_bank2/x_aq_spsram_1024x64/x_aq_f_spsram_1024x64/RAM_DIN_VEC[6]/ram_instance/PortAClk,0,0.0,0.0,0.0,0.0,,0
x_aq_lsu_top/x_aq_dcache_top/x_aq_dcache_data_array_bank2/x_aq_spsram_1024x64/x_aq_f_spsram_1024x64/RAM_DIN_VEC[6]/ram_instance/PortAAddr[9:0],0,0.0,0.0,0.0,0.0,,0
x_aq_lsu_top/x_aq_dcache_top/x_aq_dcache_data_array_bank2/x_aq_spsram_1024x64/x_aq_f_spsram_1024x64/RAM_DIN_VEC[6]/ram_instance/PortADataIn[0:0],0,0.0,0.0,0.0,0.0,,0
x_aq_lsu_top/x_aq_dcache_top/x_aq_dcache_data_array_bank2/x_aq_spsram_1024x64/x_aq_f_spsram_1024x64/RAM_DIN_VEC[6]/ram_instance/PortAWriteEnable,0,0.0,0.0,0.0,0.0,,0
x_aq_lsu_top/x_aq_dcache_top/x_aq_dcache_data_array_bank2/x_aq_spsram_1024x64/x_aq_f_spsram_1024x64/RAM_DIN_VEC[7]/ram_instance/PortAClk,0,0.0,0.0,0.0,0.0,,0
x_aq_lsu_top/x_aq_dcache_top/x_aq_dcache_data_array_bank2/x_aq_spsram_1024x64/x_aq_f_spsram_1024x64/RAM_DIN_VEC[7]/ram_instance/PortAAddr[9:0],0,0.0,0.0,0.0,0.0,,0
x_aq_lsu_top/x_aq_dcache_top/x_aq_dcache_data_array_bank2/x_aq_spsram_1024x64/x_aq_f_spsram_1024x64/RAM_DIN_VEC[7]/ram_instance/PortADataIn[0:0],0,0.0,0.0,0.0,0.0,,0
x_aq_lsu_top/x_aq_dcache_top/x_aq_dcache_data_array_bank2/x_aq_spsram_1024x64/x_aq_f_spsram_1024x64/RAM_DIN_VEC[7]/ram_instance/PortAWriteEnable,0,0.0,0.0,0.0,0.0,,0
x_aq_lsu_top/x_aq_dcache_top/x_aq_dcache_data_array_bank2/x_aq_spsram_1024x64/x_aq_f_spsram_1024x64/RAM_DIN_VEC[8]/ram_instance/PortAClk,0,0.0,0.0,0.0,0.0,,0
x_aq_lsu_top/x_aq_dcache_top/x_aq_dcache_data_array_bank2/x_aq_spsram_1024x64/x_aq_f_spsram_1024x64/RAM_DIN_VEC[8]/ram_instance/PortAAddr[9:0],0,0.0,0.0,0.0,0.0,,0
x_aq_lsu_top/x_aq_dcache_top/x_aq_dcache_data_array_bank2/x_aq_spsram_1024x64/x_aq_f_spsram_1024x64/RAM_DIN_VEC[8]/ram_instance/PortADataIn[0:0],0,0.0,0.0,0.0,0.0,,0
x_aq_lsu_top/x_aq_dcache_top/x_aq_dcache_data_array_bank2/x_aq_spsram_1024x64/x_aq_f_spsram_1024x64/RAM_DIN_VEC[8]/ram_instance/PortAWriteEnable,0,0.0,0.0,0.0,0.0,,0
x_aq_lsu_top/x_aq_dcache_top/x_aq_dcache_data_array_bank2/x_aq_spsram_1024x64/x_aq_f_spsram_1024x64/RAM_DIN_VEC[9]/ram_instance/PortAClk,0,0.0,0.0,0.0,0.0,,0
x_aq_lsu_top/x_aq_dcache_top/x_aq_dcache_data_array_bank2/x_aq_spsram_1024x64/x_aq_f_spsram_1024x64/RAM_DIN_VEC[9]/ram_instance/PortAAddr[9:0],0,0.0,0.0,0.0,0.0,,0
x_aq_lsu_top/x_aq_dcache_top/x_aq_dcache_data_array_bank2/x_aq_spsram_1024x64/x_aq_f_spsram_1024x64/RAM_DIN_VEC[9]/ram_instance/PortADataIn[0:0],0,0.0,0.0,0.0,0.0,,0
x_aq_lsu_top/x_aq_dcache_top/x_aq_dcache_data_array_bank2/x_aq_spsram_1024x64/x_aq_f_spsram_1024x64/RAM_DIN_VEC[9]/ram_instance/PortAWriteEnable,0,0.0,0.0,0.0,0.0,,0
x_aq_lsu_top/x_aq_dcache_top/x_aq_dcache_data_array_bank2/x_aq_spsram_1024x64/x_aq_f_spsram_1024x64/RAM_DIN_VEC[10]/ram_instance/PortAClk,0,0.0,0.0,0.0,0.0,,0
x_aq_lsu_top/x_aq_dcache_top/x_aq_dcache_data_array_bank2/x_aq_spsram_1024x64/x_aq_f_spsram_1024x64/RAM_DIN_VEC[10]/ram_instance/PortAAddr[9:0],0,0.0,0.0,0.0,0.0,,0
x_aq_lsu_top/x_aq_dcache_top/x_aq_dcache_data_array_bank2/x_aq_spsram_1024x64/x_aq_f_spsram_1024x64/RAM_DIN_VEC[10]/ram_instance/PortADataIn[0:0],0,0.0,0.0,0.0,0.0,,0
x_aq_lsu_top/x_aq_dcache_top/x_aq_dcache_data_array_bank2/x_aq_spsram_1024x64/x_aq_f_spsram_1024x64/RAM_DIN_VEC[10]/ram_instance/PortAWriteEnable,0,0.0,0.0,0.0,0.0,,0
x_aq_lsu_top/x_aq_dcache_top/x_aq_dcache_data_array_bank2/x_aq_spsram_1024x64/x_aq_f_spsram_1024x64/RAM_DIN_VEC[11]/ram_instance/PortAClk,0,0.0,0.0,0.0,0.0,,0
x_aq_lsu_top/x_aq_dcache_top/x_aq_dcache_data_array_bank2/x_aq_spsram_1024x64/x_aq_f_spsram_1024x64/RAM_DIN_VEC[11]/ram_instance/PortAAddr[9:0],0,0.0,0.0,0.0,0.0,,0
x_aq_lsu_top/x_aq_dcache_top/x_aq_dcache_data_array_bank2/x_aq_spsram_1024x64/x_aq_f_spsram_1024x64/RAM_DIN_VEC[11]/ram_instance/PortADataIn[0:0],0,0.0,0.0,0.0,0.0,,0
x_aq_lsu_top/x_aq_dcache_top/x_aq_dcache_data_array_bank2/x_aq_spsram_1024x64/x_aq_f_spsram_1024x64/RAM_DIN_VEC[11]/ram_instance/PortAWriteEnable,0,0.0,0.0,0.0,0.0,,0
x_aq_lsu_top/x_aq_dcache_top/x_aq_dcache_data_array_bank2/x_aq_spsram_1024x64/x_aq_f_spsram_1024x64/RAM_DIN_VEC[12]/ram_instance/PortAClk,0,0.0,0.0,0.0,0.0,,0
x_aq_lsu_top/x_aq_dcache_top/x_aq_dcache_data_array_bank2/x_aq_spsram_1024x64/x_aq_f_spsram_1024x64/RAM_DIN_VEC[12]/ram_instance/PortAAddr[9:0],0,0.0,0.0,0.0,0.0,,0
x_aq_lsu_top/x_aq_dcache_top/x_aq_dcache_data_array_bank2/x_aq_spsram_1024x64/x_aq_f_spsram_1024x64/RAM_DIN_VEC[12]/ram_instance/PortADataIn[0:0],0,0.0,0.0,0.0,0.0,,0
x_aq_lsu_top/x_aq_dcache_top/x_aq_dcache_data_array_bank2/x_aq_spsram_1024x64/x_aq_f_spsram_1024x64/RAM_DIN_VEC[12]/ram_instance/PortAWriteEnable,0,0.0,0.0,0.0,0.0,,0
x_aq_lsu_top/x_aq_dcache_top/x_aq_dcache_data_array_bank2/x_aq_spsram_1024x64/x_aq_f_spsram_1024x64/RAM_DIN_VEC[13]/ram_instance/PortAClk,0,0.0,0.0,0.0,0.0,,0
x_aq_lsu_top/x_aq_dcache_top/x_aq_dcache_data_array_bank2/x_aq_spsram_1024x64/x_aq_f_spsram_1024x64/RAM_DIN_VEC[13]/ram_instance/PortAAddr[9:0],0,0.0,0.0,0.0,0.0,,0
x_aq_lsu_top/x_aq_dcache_top/x_aq_dcache_data_array_bank2/x_aq_spsram_1024x64/x_aq_f_spsram_1024x64/RAM_DIN_VEC[13]/ram_instance/PortADataIn[0:0],0,0.0,0.0,0.0,0.0,,0
x_aq_lsu_top/x_aq_dcache_top/x_aq_dcache_data_array_bank2/x_aq_spsram_1024x64/x_aq_f_spsram_1024x64/RAM_DIN_VEC[13]/ram_instance/PortAWriteEnable,0,0.0,0.0,0.0,0.0,,0
x_aq_lsu_top/x_aq_dcache_top/x_aq_dcache_data_array_bank2/x_aq_spsram_1024x64/x_aq_f_spsram_1024x64/RAM_DIN_VEC[14]/ram_instance/PortAClk,0,0.0,0.0,0.0,0.0,,0
x_aq_lsu_top/x_aq_dcache_top/x_aq_dcache_data_array_bank2/x_aq_spsram_1024x64/x_aq_f_spsram_1024x64/RAM_DIN_VEC[14]/ram_instance/PortAAddr[9:0],0,0.0,0.0,0.0,0.0,,0
x_aq_lsu_top/x_aq_dcache_top/x_aq_dcache_data_array_bank2/x_aq_spsram_1024x64/x_aq_f_spsram_1024x64/RAM_DIN_VEC[14]/ram_instance/PortADataIn[0:0],0,0.0,0.0,0.0,0.0,,0
x_aq_lsu_top/x_aq_dcache_top/x_aq_dcache_data_array_bank2/x_aq_spsram_1024x64/x_aq_f_spsram_1024x64/RAM_DIN_VEC[14]/ram_instance/PortAWriteEnable,0,0.0,0.0,0.0,0.0,,0
x_aq_lsu_top/x_aq_dcache_top/x_aq_dcache_data_array_bank2/x_aq_spsram_1024x64/x_aq_f_spsram_1024x64/RAM_DIN_VEC[15]/ram_instance/PortAClk,0,0.0,0.0,0.0,0.0,,0
x_aq_lsu_top/x_aq_dcache_top/x_aq_dcache_data_array_bank2/x_aq_spsram_1024x64/x_aq_f_spsram_1024x64/RAM_DIN_VEC[15]/ram_instance/PortAAddr[9:0],0,0.0,0.0,0.0,0.0,,0
x_aq_lsu_top/x_aq_dcache_top/x_aq_dcache_data_array_bank2/x_aq_spsram_1024x64/x_aq_f_spsram_1024x64/RAM_DIN_VEC[15]/ram_instance/PortADataIn[0:0],0,0.0,0.0,0.0,0.0,,0
x_aq_lsu_top/x_aq_dcache_top/x_aq_dcache_data_array_bank2/x_aq_spsram_1024x64/x_aq_f_spsram_1024x64/RAM_DIN_VEC[15]/ram_instance/PortAWriteEnable,0,0.0,0.0,0.0,0.0,,0
x_aq_lsu_top/x_aq_dcache_top/x_aq_dcache_data_array_bank2/x_aq_spsram_1024x64/x_aq_f_spsram_1024x64/RAM_DIN_VEC[16]/ram_instance/PortAClk,0,0.0,0.0,0.0,0.0,,0
x_aq_lsu_top/x_aq_dcache_top/x_aq_dcache_data_array_bank2/x_aq_spsram_1024x64/x_aq_f_spsram_1024x64/RAM_DIN_VEC[16]/ram_instance/PortAAddr[9:0],0,0.0,0.0,0.0,0.0,,0
x_aq_lsu_top/x_aq_dcache_top/x_aq_dcache_data_array_bank2/x_aq_spsram_1024x64/x_aq_f_spsram_1024x64/RAM_DIN_VEC[16]/ram_instance/PortADataIn[0:0],0,0.0,0.0,0.0,0.0,,0
x_aq_lsu_top/x_aq_dcache_top/x_aq_dcache_data_array_bank2/x_aq_spsram_1024x64/x_aq_f_spsram_1024x64/RAM_DIN_VEC[16]/ram_instance/PortAWriteEnable,0,0.0,0.0,0.0,0.0,,0
x_aq_lsu_top/x_aq_dcache_top/x_aq_dcache_data_array_bank2/x_aq_spsram_1024x64/x_aq_f_spsram_1024x64/RAM_DIN_VEC[17]/ram_instance/PortAClk,0,0.0,0.0,0.0,0.0,,0
x_aq_lsu_top/x_aq_dcache_top/x_aq_dcache_data_array_bank2/x_aq_spsram_1024x64/x_aq_f_spsram_1024x64/RAM_DIN_VEC[17]/ram_instance/PortAAddr[9:0],0,0.0,0.0,0.0,0.0,,0
x_aq_lsu_top/x_aq_dcache_top/x_aq_dcache_data_array_bank2/x_aq_spsram_1024x64/x_aq_f_spsram_1024x64/RAM_DIN_VEC[17]/ram_instance/PortADataIn[0:0],0,0.0,0.0,0.0,0.0,,0
x_aq_lsu_top/x_aq_dcache_top/x_aq_dcache_data_array_bank2/x_aq_spsram_1024x64/x_aq_f_spsram_1024x64/RAM_DIN_VEC[17]/ram_instance/PortAWriteEnable,0,0.0,0.0,0.0,0.0,,0
x_aq_lsu_top/x_aq_dcache_top/x_aq_dcache_data_array_bank2/x_aq_spsram_1024x64/x_aq_f_spsram_1024x64/RAM_DIN_VEC[18]/ram_instance/PortAClk,0,0.0,0.0,0.0,0.0,,0
x_aq_lsu_top/x_aq_dcache_top/x_aq_dcache_data_array_bank2/x_aq_spsram_1024x64/x_aq_f_spsram_1024x64/RAM_DIN_VEC[18]/ram_instance/PortAAddr[9:0],0,0.0,0.0,0.0,0.0,,0
x_aq_lsu_top/x_aq_dcache_top/x_aq_dcache_data_array_bank2/x_aq_spsram_1024x64/x_aq_f_spsram_1024x64/RAM_DIN_VEC[18]/ram_instance/PortADataIn[0:0],0,0.0,0.0,0.0,0.0,,0
x_aq_lsu_top/x_aq_dcache_top/x_aq_dcache_data_array_bank2/x_aq_spsram_1024x64/x_aq_f_spsram_1024x64/RAM_DIN_VEC[18]/ram_instance/PortAWriteEnable,0,0.0,0.0,0.0,0.0,,0
x_aq_lsu_top/x_aq_dcache_top/x_aq_dcache_data_array_bank2/x_aq_spsram_1024x64/x_aq_f_spsram_1024x64/RAM_DIN_VEC[19]/ram_instance/PortAClk,0,0.0,0.0,0.0,0.0,,0
x_aq_lsu_top/x_aq_dcache_top/x_aq_dcache_data_array_bank2/x_aq_spsram_1024x64/x_aq_f_spsram_1024x64/RAM_DIN_VEC[19]/ram_instance/PortAAddr[9:0],0,0.0,0.0,0.0,0.0,,0
x_aq_lsu_top/x_aq_dcache_top/x_aq_dcache_data_array_bank2/x_aq_spsram_1024x64/x_aq_f_spsram_1024x64/RAM_DIN_VEC[19]/ram_instance/PortADataIn[0:0],0,0.0,0.0,0.0,0.0,,0
x_aq_lsu_top/x_aq_dcache_top/x_aq_dcache_data_array_bank2/x_aq_spsram_1024x64/x_aq_f_spsram_1024x64/RAM_DIN_VEC[19]/ram_instance/PortAWriteEnable,0,0.0,0.0,0.0,0.0,,0
x_aq_lsu_top/x_aq_dcache_top/x_aq_dcache_data_array_bank2/x_aq_spsram_1024x64/x_aq_f_spsram_1024x64/RAM_DIN_VEC[20]/ram_instance/PortAClk,0,0.0,0.0,0.0,0.0,,0
x_aq_lsu_top/x_aq_dcache_top/x_aq_dcache_data_array_bank2/x_aq_spsram_1024x64/x_aq_f_spsram_1024x64/RAM_DIN_VEC[20]/ram_instance/PortAAddr[9:0],0,0.0,0.0,0.0,0.0,,0
x_aq_lsu_top/x_aq_dcache_top/x_aq_dcache_data_array_bank2/x_aq_spsram_1024x64/x_aq_f_spsram_1024x64/RAM_DIN_VEC[20]/ram_instance/PortADataIn[0:0],0,0.0,0.0,0.0,0.0,,0
x_aq_lsu_top/x_aq_dcache_top/x_aq_dcache_data_array_bank2/x_aq_spsram_1024x64/x_aq_f_spsram_1024x64/RAM_DIN_VEC[20]/ram_instance/PortAWriteEnable,0,0.0,0.0,0.0,0.0,,0
x_aq_lsu_top/x_aq_dcache_top/x_aq_dcache_data_array_bank2/x_aq_spsram_1024x64/x_aq_f_spsram_1024x64/RAM_DIN_VEC[21]/ram_instance/PortAClk,0,0.0,0.0,0.0,0.0,,0
x_aq_lsu_top/x_aq_dcache_top/x_aq_dcache_data_array_bank2/x_aq_spsram_1024x64/x_aq_f_spsram_1024x64/RAM_DIN_VEC[21]/ram_instance/PortAAddr[9:0],0,0.0,0.0,0.0,0.0,,0
x_aq_lsu_top/x_aq_dcache_top/x_aq_dcache_data_array_bank2/x_aq_spsram_1024x64/x_aq_f_spsram_1024x64/RAM_DIN_VEC[21]/ram_instance/PortADataIn[0:0],0,0.0,0.0,0.0,0.0,,0
x_aq_lsu_top/x_aq_dcache_top/x_aq_dcache_data_array_bank2/x_aq_spsram_1024x64/x_aq_f_spsram_1024x64/RAM_DIN_VEC[21]/ram_instance/PortAWriteEnable,0,0.0,0.0,0.0,0.0,,0
x_aq_lsu_top/x_aq_dcache_top/x_aq_dcache_data_array_bank2/x_aq_spsram_1024x64/x_aq_f_spsram_1024x64/RAM_DIN_VEC[22]/ram_instance/PortAClk,0,0.0,0.0,0.0,0.0,,0
x_aq_lsu_top/x_aq_dcache_top/x_aq_dcache_data_array_bank2/x_aq_spsram_1024x64/x_aq_f_spsram_1024x64/RAM_DIN_VEC[22]/ram_instance/PortAAddr[9:0],0,0.0,0.0,0.0,0.0,,0
x_aq_lsu_top/x_aq_dcache_top/x_aq_dcache_data_array_bank2/x_aq_spsram_1024x64/x_aq_f_spsram_1024x64/RAM_DIN_VEC[22]/ram_instance/PortADataIn[0:0],0,0.0,0.0,0.0,0.0,,0
x_aq_lsu_top/x_aq_dcache_top/x_aq_dcache_data_array_bank2/x_aq_spsram_1024x64/x_aq_f_spsram_1024x64/RAM_DIN_VEC[22]/ram_instance/PortAWriteEnable,0,0.0,0.0,0.0,0.0,,0
x_aq_lsu_top/x_aq_dcache_top/x_aq_dcache_data_array_bank2/x_aq_spsram_1024x64/x_aq_f_spsram_1024x64/RAM_DIN_VEC[23]/ram_instance/PortAClk,0,0.0,0.0,0.0,0.0,,0
x_aq_lsu_top/x_aq_dcache_top/x_aq_dcache_data_array_bank2/x_aq_spsram_1024x64/x_aq_f_spsram_1024x64/RAM_DIN_VEC[23]/ram_instance/PortAAddr[9:0],0,0.0,0.0,0.0,0.0,,0
x_aq_lsu_top/x_aq_dcache_top/x_aq_dcache_data_array_bank2/x_aq_spsram_1024x64/x_aq_f_spsram_1024x64/RAM_DIN_VEC[23]/ram_instance/PortADataIn[0:0],0,0.0,0.0,0.0,0.0,,0
x_aq_lsu_top/x_aq_dcache_top/x_aq_dcache_data_array_bank2/x_aq_spsram_1024x64/x_aq_f_spsram_1024x64/RAM_DIN_VEC[23]/ram_instance/PortAWriteEnable,0,0.0,0.0,0.0,0.0,,0
x_aq_lsu_top/x_aq_dcache_top/x_aq_dcache_data_array_bank2/x_aq_spsram_1024x64/x_aq_f_spsram_1024x64/RAM_DIN_VEC[24]/ram_instance/PortAClk,0,0.0,0.0,0.0,0.0,,0
x_aq_lsu_top/x_aq_dcache_top/x_aq_dcache_data_array_bank2/x_aq_spsram_1024x64/x_aq_f_spsram_1024x64/RAM_DIN_VEC[24]/ram_instance/PortAAddr[9:0],0,0.0,0.0,0.0,0.0,,0
x_aq_lsu_top/x_aq_dcache_top/x_aq_dcache_data_array_bank2/x_aq_spsram_1024x64/x_aq_f_spsram_1024x64/RAM_DIN_VEC[24]/ram_instance/PortADataIn[0:0],0,0.0,0.0,0.0,0.0,,0
x_aq_lsu_top/x_aq_dcache_top/x_aq_dcache_data_array_bank2/x_aq_spsram_1024x64/x_aq_f_spsram_1024x64/RAM_DIN_VEC[24]/ram_instance/PortAWriteEnable,0,0.0,0.0,0.0,0.0,,0
x_aq_lsu_top/x_aq_dcache_top/x_aq_dcache_data_array_bank2/x_aq_spsram_1024x64/x_aq_f_spsram_1024x64/RAM_DIN_VEC[25]/ram_instance/PortAClk,0,0.0,0.0,0.0,0.0,,0
x_aq_lsu_top/x_aq_dcache_top/x_aq_dcache_data_array_bank2/x_aq_spsram_1024x64/x_aq_f_spsram_1024x64/RAM_DIN_VEC[25]/ram_instance/PortAAddr[9:0],0,0.0,0.0,0.0,0.0,,0
x_aq_lsu_top/x_aq_dcache_top/x_aq_dcache_data_array_bank2/x_aq_spsram_1024x64/x_aq_f_spsram_1024x64/RAM_DIN_VEC[25]/ram_instance/PortADataIn[0:0],0,0.0,0.0,0.0,0.0,,0
x_aq_lsu_top/x_aq_dcache_top/x_aq_dcache_data_array_bank2/x_aq_spsram_1024x64/x_aq_f_spsram_1024x64/RAM_DIN_VEC[25]/ram_instance/PortAWriteEnable,0,0.0,0.0,0.0,0.0,,0
x_aq_lsu_top/x_aq_dcache_top/x_aq_dcache_data_array_bank2/x_aq_spsram_1024x64/x_aq_f_spsram_1024x64/RAM_DIN_VEC[26]/ram_instance/PortAClk,0,0.0,0.0,0.0,0.0,,0
x_aq_lsu_top/x_aq_dcache_top/x_aq_dcache_data_array_bank2/x_aq_spsram_1024x64/x_aq_f_spsram_1024x64/RAM_DIN_VEC[26]/ram_instance/PortAAddr[9:0],0,0.0,0.0,0.0,0.0,,0
x_aq_lsu_top/x_aq_dcache_top/x_aq_dcache_data_array_bank2/x_aq_spsram_1024x64/x_aq_f_spsram_1024x64/RAM_DIN_VEC[26]/ram_instance/PortADataIn[0:0],0,0.0,0.0,0.0,0.0,,0
x_aq_lsu_top/x_aq_dcache_top/x_aq_dcache_data_array_bank2/x_aq_spsram_1024x64/x_aq_f_spsram_1024x64/RAM_DIN_VEC[26]/ram_instance/PortAWriteEnable,0,0.0,0.0,0.0,0.0,,0
x_aq_lsu_top/x_aq_dcache_top/x_aq_dcache_data_array_bank2/x_aq_spsram_1024x64/x_aq_f_spsram_1024x64/RAM_DIN_VEC[27]/ram_instance/PortAClk,0,0.0,0.0,0.0,0.0,,0
x_aq_lsu_top/x_aq_dcache_top/x_aq_dcache_data_array_bank2/x_aq_spsram_1024x64/x_aq_f_spsram_1024x64/RAM_DIN_VEC[27]/ram_instance/PortAAddr[9:0],0,0.0,0.0,0.0,0.0,,0
x_aq_lsu_top/x_aq_dcache_top/x_aq_dcache_data_array_bank2/x_aq_spsram_1024x64/x_aq_f_spsram_1024x64/RAM_DIN_VEC[27]/ram_instance/PortADataIn[0:0],0,0.0,0.0,0.0,0.0,,0
x_aq_lsu_top/x_aq_dcache_top/x_aq_dcache_data_array_bank2/x_aq_spsram_1024x64/x_aq_f_spsram_1024x64/RAM_DIN_VEC[27]/ram_instance/PortAWriteEnable,0,0.0,0.0,0.0,0.0,,0
x_aq_lsu_top/x_aq_dcache_top/x_aq_dcache_data_array_bank2/x_aq_spsram_1024x64/x_aq_f_spsram_1024x64/RAM_DIN_VEC[28]/ram_instance/PortAClk,0,0.0,0.0,0.0,0.0,,0
x_aq_lsu_top/x_aq_dcache_top/x_aq_dcache_data_array_bank2/x_aq_spsram_1024x64/x_aq_f_spsram_1024x64/RAM_DIN_VEC[28]/ram_instance/PortAAddr[9:0],0,0.0,0.0,0.0,0.0,,0
x_aq_lsu_top/x_aq_dcache_top/x_aq_dcache_data_array_bank2/x_aq_spsram_1024x64/x_aq_f_spsram_1024x64/RAM_DIN_VEC[28]/ram_instance/PortADataIn[0:0],0,0.0,0.0,0.0,0.0,,0
x_aq_lsu_top/x_aq_dcache_top/x_aq_dcache_data_array_bank2/x_aq_spsram_1024x64/x_aq_f_spsram_1024x64/RAM_DIN_VEC[28]/ram_instance/PortAWriteEnable,0,0.0,0.0,0.0,0.0,,0
x_aq_lsu_top/x_aq_dcache_top/x_aq_dcache_data_array_bank2/x_aq_spsram_1024x64/x_aq_f_spsram_1024x64/RAM_DIN_VEC[29]/ram_instance/PortAClk,0,0.0,0.0,0.0,0.0,,0
x_aq_lsu_top/x_aq_dcache_top/x_aq_dcache_data_array_bank2/x_aq_spsram_1024x64/x_aq_f_spsram_1024x64/RAM_DIN_VEC[29]/ram_instance/PortAAddr[9:0],0,0.0,0.0,0.0,0.0,,0
x_aq_lsu_top/x_aq_dcache_top/x_aq_dcache_data_array_bank2/x_aq_spsram_1024x64/x_aq_f_spsram_1024x64/RAM_DIN_VEC[29]/ram_instance/PortADataIn[0:0],0,0.0,0.0,0.0,0.0,,0
x_aq_lsu_top/x_aq_dcache_top/x_aq_dcache_data_array_bank2/x_aq_spsram_1024x64/x_aq_f_spsram_1024x64/RAM_DIN_VEC[29]/ram_instance/PortAWriteEnable,0,0.0,0.0,0.0,0.0,,0
x_aq_lsu_top/x_aq_dcache_top/x_aq_dcache_data_array_bank2/x_aq_spsram_1024x64/x_aq_f_spsram_1024x64/RAM_DIN_VEC[30]/ram_instance/PortAClk,0,0.0,0.0,0.0,0.0,,0
x_aq_lsu_top/x_aq_dcache_top/x_aq_dcache_data_array_bank2/x_aq_spsram_1024x64/x_aq_f_spsram_1024x64/RAM_DIN_VEC[30]/ram_instance/PortAAddr[9:0],0,0.0,0.0,0.0,0.0,,0
x_aq_lsu_top/x_aq_dcache_top/x_aq_dcache_data_array_bank2/x_aq_spsram_1024x64/x_aq_f_spsram_1024x64/RAM_DIN_VEC[30]/ram_instance/PortADataIn[0:0],0,0.0,0.0,0.0,0.0,,0
x_aq_lsu_top/x_aq_dcache_top/x_aq_dcache_data_array_bank2/x_aq_spsram_1024x64/x_aq_f_spsram_1024x64/RAM_DIN_VEC[30]/ram_instance/PortAWriteEnable,0,0.0,0.0,0.0,0.0,,0
x_aq_lsu_top/x_aq_dcache_top/x_aq_dcache_data_array_bank2/x_aq_spsram_1024x64/x_aq_f_spsram_1024x64/RAM_DIN_VEC[31]/ram_instance/PortAClk,0,0.0,0.0,0.0,0.0,,0
x_aq_lsu_top/x_aq_dcache_top/x_aq_dcache_data_array_bank2/x_aq_spsram_1024x64/x_aq_f_spsram_1024x64/RAM_DIN_VEC[31]/ram_instance/PortAAddr[9:0],0,0.0,0.0,0.0,0.0,,0
x_aq_lsu_top/x_aq_dcache_top/x_aq_dcache_data_array_bank2/x_aq_spsram_1024x64/x_aq_f_spsram_1024x64/RAM_DIN_VEC[31]/ram_instance/PortADataIn[0:0],0,0.0,0.0,0.0,0.0,,0
x_aq_lsu_top/x_aq_dcache_top/x_aq_dcache_data_array_bank2/x_aq_spsram_1024x64/x_aq_f_spsram_1024x64/RAM_DIN_VEC[31]/ram_instance/PortAWriteEnable,0,0.0,0.0,0.0,0.0,,0
x_aq_lsu_top/x_aq_dcache_top/x_aq_dcache_data_array_bank2/x_aq_spsram_1024x64/x_aq_f_spsram_1024x64/RAM_DIN_VEC[32]/ram_instance/PortAClk,0,0.0,0.0,0.0,0.0,,0
x_aq_lsu_top/x_aq_dcache_top/x_aq_dcache_data_array_bank2/x_aq_spsram_1024x64/x_aq_f_spsram_1024x64/RAM_DIN_VEC[32]/ram_instance/PortAAddr[9:0],0,0.0,0.0,0.0,0.0,,0
x_aq_lsu_top/x_aq_dcache_top/x_aq_dcache_data_array_bank2/x_aq_spsram_1024x64/x_aq_f_spsram_1024x64/RAM_DIN_VEC[32]/ram_instance/PortADataIn[0:0],0,0.0,0.0,0.0,0.0,,0
x_aq_lsu_top/x_aq_dcache_top/x_aq_dcache_data_array_bank2/x_aq_spsram_1024x64/x_aq_f_spsram_1024x64/RAM_DIN_VEC[32]/ram_instance/PortAWriteEnable,0,0.0,0.0,0.0,0.0,,0
x_aq_lsu_top/x_aq_dcache_top/x_aq_dcache_data_array_bank2/x_aq_spsram_1024x64/x_aq_f_spsram_1024x64/RAM_DIN_VEC[33]/ram_instance/PortAClk,0,0.0,0.0,0.0,0.0,,0
x_aq_lsu_top/x_aq_dcache_top/x_aq_dcache_data_array_bank2/x_aq_spsram_1024x64/x_aq_f_spsram_1024x64/RAM_DIN_VEC[33]/ram_instance/PortAAddr[9:0],0,0.0,0.0,0.0,0.0,,0
x_aq_lsu_top/x_aq_dcache_top/x_aq_dcache_data_array_bank2/x_aq_spsram_1024x64/x_aq_f_spsram_1024x64/RAM_DIN_VEC[33]/ram_instance/PortADataIn[0:0],0,0.0,0.0,0.0,0.0,,0
x_aq_lsu_top/x_aq_dcache_top/x_aq_dcache_data_array_bank2/x_aq_spsram_1024x64/x_aq_f_spsram_1024x64/RAM_DIN_VEC[33]/ram_instance/PortAWriteEnable,0,0.0,0.0,0.0,0.0,,0
x_aq_lsu_top/x_aq_dcache_top/x_aq_dcache_data_array_bank2/x_aq_spsram_1024x64/x_aq_f_spsram_1024x64/RAM_DIN_VEC[34]/ram_instance/PortAClk,0,0.0,0.0,0.0,0.0,,0
x_aq_lsu_top/x_aq_dcache_top/x_aq_dcache_data_array_bank2/x_aq_spsram_1024x64/x_aq_f_spsram_1024x64/RAM_DIN_VEC[34]/ram_instance/PortAAddr[9:0],0,0.0,0.0,0.0,0.0,,0
x_aq_lsu_top/x_aq_dcache_top/x_aq_dcache_data_array_bank2/x_aq_spsram_1024x64/x_aq_f_spsram_1024x64/RAM_DIN_VEC[34]/ram_instance/PortADataIn[0:0],0,0.0,0.0,0.0,0.0,,0
x_aq_lsu_top/x_aq_dcache_top/x_aq_dcache_data_array_bank2/x_aq_spsram_1024x64/x_aq_f_spsram_1024x64/RAM_DIN_VEC[34]/ram_instance/PortAWriteEnable,0,0.0,0.0,0.0,0.0,,0
x_aq_lsu_top/x_aq_dcache_top/x_aq_dcache_data_array_bank2/x_aq_spsram_1024x64/x_aq_f_spsram_1024x64/RAM_DIN_VEC[35]/ram_instance/PortAClk,0,0.0,0.0,0.0,0.0,,0
x_aq_lsu_top/x_aq_dcache_top/x_aq_dcache_data_array_bank2/x_aq_spsram_1024x64/x_aq_f_spsram_1024x64/RAM_DIN_VEC[35]/ram_instance/PortAAddr[9:0],0,0.0,0.0,0.0,0.0,,0
x_aq_lsu_top/x_aq_dcache_top/x_aq_dcache_data_array_bank2/x_aq_spsram_1024x64/x_aq_f_spsram_1024x64/RAM_DIN_VEC[35]/ram_instance/PortADataIn[0:0],0,0.0,0.0,0.0,0.0,,0
x_aq_lsu_top/x_aq_dcache_top/x_aq_dcache_data_array_bank2/x_aq_spsram_1024x64/x_aq_f_spsram_1024x64/RAM_DIN_VEC[35]/ram_instance/PortAWriteEnable,0,0.0,0.0,0.0,0.0,,0
x_aq_lsu_top/x_aq_dcache_top/x_aq_dcache_data_array_bank2/x_aq_spsram_1024x64/x_aq_f_spsram_1024x64/RAM_DIN_VEC[36]/ram_instance/PortAClk,0,0.0,0.0,0.0,0.0,,0
x_aq_lsu_top/x_aq_dcache_top/x_aq_dcache_data_array_bank2/x_aq_spsram_1024x64/x_aq_f_spsram_1024x64/RAM_DIN_VEC[36]/ram_instance/PortAAddr[9:0],0,0.0,0.0,0.0,0.0,,0
x_aq_lsu_top/x_aq_dcache_top/x_aq_dcache_data_array_bank2/x_aq_spsram_1024x64/x_aq_f_spsram_1024x64/RAM_DIN_VEC[36]/ram_instance/PortADataIn[0:0],0,0.0,0.0,0.0,0.0,,0
x_aq_lsu_top/x_aq_dcache_top/x_aq_dcache_data_array_bank2/x_aq_spsram_1024x64/x_aq_f_spsram_1024x64/RAM_DIN_VEC[36]/ram_instance/PortAWriteEnable,0,0.0,0.0,0.0,0.0,,0
x_aq_lsu_top/x_aq_dcache_top/x_aq_dcache_data_array_bank2/x_aq_spsram_1024x64/x_aq_f_spsram_1024x64/RAM_DIN_VEC[37]/ram_instance/PortAClk,0,0.0,0.0,0.0,0.0,,0
x_aq_lsu_top/x_aq_dcache_top/x_aq_dcache_data_array_bank2/x_aq_spsram_1024x64/x_aq_f_spsram_1024x64/RAM_DIN_VEC[37]/ram_instance/PortAAddr[9:0],0,0.0,0.0,0.0,0.0,,0
x_aq_lsu_top/x_aq_dcache_top/x_aq_dcache_data_array_bank2/x_aq_spsram_1024x64/x_aq_f_spsram_1024x64/RAM_DIN_VEC[37]/ram_instance/PortADataIn[0:0],0,0.0,0.0,0.0,0.0,,0
x_aq_lsu_top/x_aq_dcache_top/x_aq_dcache_data_array_bank2/x_aq_spsram_1024x64/x_aq_f_spsram_1024x64/RAM_DIN_VEC[37]/ram_instance/PortAWriteEnable,0,0.0,0.0,0.0,0.0,,0
x_aq_lsu_top/x_aq_dcache_top/x_aq_dcache_data_array_bank2/x_aq_spsram_1024x64/x_aq_f_spsram_1024x64/RAM_DIN_VEC[38]/ram_instance/PortAClk,0,0.0,0.0,0.0,0.0,,0
x_aq_lsu_top/x_aq_dcache_top/x_aq_dcache_data_array_bank2/x_aq_spsram_1024x64/x_aq_f_spsram_1024x64/RAM_DIN_VEC[38]/ram_instance/PortAAddr[9:0],0,0.0,0.0,0.0,0.0,,0
x_aq_lsu_top/x_aq_dcache_top/x_aq_dcache_data_array_bank2/x_aq_spsram_1024x64/x_aq_f_spsram_1024x64/RAM_DIN_VEC[38]/ram_instance/PortADataIn[0:0],0,0.0,0.0,0.0,0.0,,0
x_aq_lsu_top/x_aq_dcache_top/x_aq_dcache_data_array_bank2/x_aq_spsram_1024x64/x_aq_f_spsram_1024x64/RAM_DIN_VEC[38]/ram_instance/PortAWriteEnable,0,0.0,0.0,0.0,0.0,,0
x_aq_lsu_top/x_aq_dcache_top/x_aq_dcache_data_array_bank2/x_aq_spsram_1024x64/x_aq_f_spsram_1024x64/RAM_DIN_VEC[39]/ram_instance/PortAClk,0,0.0,0.0,0.0,0.0,,0
x_aq_lsu_top/x_aq_dcache_top/x_aq_dcache_data_array_bank2/x_aq_spsram_1024x64/x_aq_f_spsram_1024x64/RAM_DIN_VEC[39]/ram_instance/PortAAddr[9:0],0,0.0,0.0,0.0,0.0,,0
x_aq_lsu_top/x_aq_dcache_top/x_aq_dcache_data_array_bank2/x_aq_spsram_1024x64/x_aq_f_spsram_1024x64/RAM_DIN_VEC[39]/ram_instance/PortADataIn[0:0],0,0.0,0.0,0.0,0.0,,0
x_aq_lsu_top/x_aq_dcache_top/x_aq_dcache_data_array_bank2/x_aq_spsram_1024x64/x_aq_f_spsram_1024x64/RAM_DIN_VEC[39]/ram_instance/PortAWriteEnable,0,0.0,0.0,0.0,0.0,,0
x_aq_lsu_top/x_aq_dcache_top/x_aq_dcache_data_array_bank2/x_aq_spsram_1024x64/x_aq_f_spsram_1024x64/RAM_DIN_VEC[40]/ram_instance/PortAClk,0,0.0,0.0,0.0,0.0,,0
x_aq_lsu_top/x_aq_dcache_top/x_aq_dcache_data_array_bank2/x_aq_spsram_1024x64/x_aq_f_spsram_1024x64/RAM_DIN_VEC[40]/ram_instance/PortAAddr[9:0],0,0.0,0.0,0.0,0.0,,0
x_aq_lsu_top/x_aq_dcache_top/x_aq_dcache_data_array_bank2/x_aq_spsram_1024x64/x_aq_f_spsram_1024x64/RAM_DIN_VEC[40]/ram_instance/PortADataIn[0:0],0,0.0,0.0,0.0,0.0,,0
x_aq_lsu_top/x_aq_dcache_top/x_aq_dcache_data_array_bank2/x_aq_spsram_1024x64/x_aq_f_spsram_1024x64/RAM_DIN_VEC[40]/ram_instance/PortAWriteEnable,0,0.0,0.0,0.0,0.0,,0
x_aq_lsu_top/x_aq_dcache_top/x_aq_dcache_data_array_bank2/x_aq_spsram_1024x64/x_aq_f_spsram_1024x64/RAM_DIN_VEC[41]/ram_instance/PortAClk,0,0.0,0.0,0.0,0.0,,0
x_aq_lsu_top/x_aq_dcache_top/x_aq_dcache_data_array_bank2/x_aq_spsram_1024x64/x_aq_f_spsram_1024x64/RAM_DIN_VEC[41]/ram_instance/PortAAddr[9:0],0,0.0,0.0,0.0,0.0,,0
x_aq_lsu_top/x_aq_dcache_top/x_aq_dcache_data_array_bank2/x_aq_spsram_1024x64/x_aq_f_spsram_1024x64/RAM_DIN_VEC[41]/ram_instance/PortADataIn[0:0],0,0.0,0.0,0.0,0.0,,0
x_aq_lsu_top/x_aq_dcache_top/x_aq_dcache_data_array_bank2/x_aq_spsram_1024x64/x_aq_f_spsram_1024x64/RAM_DIN_VEC[41]/ram_instance/PortAWriteEnable,0,0.0,0.0,0.0,0.0,,0
x_aq_lsu_top/x_aq_dcache_top/x_aq_dcache_data_array_bank2/x_aq_spsram_1024x64/x_aq_f_spsram_1024x64/RAM_DIN_VEC[42]/ram_instance/PortAClk,0,0.0,0.0,0.0,0.0,,0
x_aq_lsu_top/x_aq_dcache_top/x_aq_dcache_data_array_bank2/x_aq_spsram_1024x64/x_aq_f_spsram_1024x64/RAM_DIN_VEC[42]/ram_instance/PortAAddr[9:0],0,0.0,0.0,0.0,0.0,,0
x_aq_lsu_top/x_aq_dcache_top/x_aq_dcache_data_array_bank2/x_aq_spsram_1024x64/x_aq_f_spsram_1024x64/RAM_DIN_VEC[42]/ram_instance/PortADataIn[0:0],0,0.0,0.0,0.0,0.0,,0
x_aq_lsu_top/x_aq_dcache_top/x_aq_dcache_data_array_bank2/x_aq_spsram_1024x64/x_aq_f_spsram_1024x64/RAM_DIN_VEC[42]/ram_instance/PortAWriteEnable,0,0.0,0.0,0.0,0.0,,0
x_aq_lsu_top/x_aq_dcache_top/x_aq_dcache_data_array_bank2/x_aq_spsram_1024x64/x_aq_f_spsram_1024x64/RAM_DIN_VEC[43]/ram_instance/PortAClk,0,0.0,0.0,0.0,0.0,,0
x_aq_lsu_top/x_aq_dcache_top/x_aq_dcache_data_array_bank2/x_aq_spsram_1024x64/x_aq_f_spsram_1024x64/RAM_DIN_VEC[43]/ram_instance/PortAAddr[9:0],0,0.0,0.0,0.0,0.0,,0
x_aq_lsu_top/x_aq_dcache_top/x_aq_dcache_data_array_bank2/x_aq_spsram_1024x64/x_aq_f_spsram_1024x64/RAM_DIN_VEC[43]/ram_instance/PortADataIn[0:0],0,0.0,0.0,0.0,0.0,,0
x_aq_lsu_top/x_aq_dcache_top/x_aq_dcache_data_array_bank2/x_aq_spsram_1024x64/x_aq_f_spsram_1024x64/RAM_DIN_VEC[43]/ram_instance/PortAWriteEnable,0,0.0,0.0,0.0,0.0,,0
x_aq_lsu_top/x_aq_dcache_top/x_aq_dcache_data_array_bank2/x_aq_spsram_1024x64/x_aq_f_spsram_1024x64/RAM_DIN_VEC[44]/ram_instance/PortAClk,0,0.0,0.0,0.0,0.0,,0
x_aq_lsu_top/x_aq_dcache_top/x_aq_dcache_data_array_bank2/x_aq_spsram_1024x64/x_aq_f_spsram_1024x64/RAM_DIN_VEC[44]/ram_instance/PortAAddr[9:0],0,0.0,0.0,0.0,0.0,,0
x_aq_lsu_top/x_aq_dcache_top/x_aq_dcache_data_array_bank2/x_aq_spsram_1024x64/x_aq_f_spsram_1024x64/RAM_DIN_VEC[44]/ram_instance/PortADataIn[0:0],0,0.0,0.0,0.0,0.0,,0
x_aq_lsu_top/x_aq_dcache_top/x_aq_dcache_data_array_bank2/x_aq_spsram_1024x64/x_aq_f_spsram_1024x64/RAM_DIN_VEC[44]/ram_instance/PortAWriteEnable,0,0.0,0.0,0.0,0.0,,0
x_aq_lsu_top/x_aq_dcache_top/x_aq_dcache_data_array_bank2/x_aq_spsram_1024x64/x_aq_f_spsram_1024x64/RAM_DIN_VEC[45]/ram_instance/PortAClk,0,0.0,0.0,0.0,0.0,,0
x_aq_lsu_top/x_aq_dcache_top/x_aq_dcache_data_array_bank2/x_aq_spsram_1024x64/x_aq_f_spsram_1024x64/RAM_DIN_VEC[45]/ram_instance/PortAAddr[9:0],0,0.0,0.0,0.0,0.0,,0
x_aq_lsu_top/x_aq_dcache_top/x_aq_dcache_data_array_bank2/x_aq_spsram_1024x64/x_aq_f_spsram_1024x64/RAM_DIN_VEC[45]/ram_instance/PortADataIn[0:0],0,0.0,0.0,0.0,0.0,,0
x_aq_lsu_top/x_aq_dcache_top/x_aq_dcache_data_array_bank2/x_aq_spsram_1024x64/x_aq_f_spsram_1024x64/RAM_DIN_VEC[45]/ram_instance/PortAWriteEnable,0,0.0,0.0,0.0,0.0,,0
x_aq_lsu_top/x_aq_dcache_top/x_aq_dcache_data_array_bank2/x_aq_spsram_1024x64/x_aq_f_spsram_1024x64/RAM_DIN_VEC[46]/ram_instance/PortAClk,0,0.0,0.0,0.0,0.0,,0
x_aq_lsu_top/x_aq_dcache_top/x_aq_dcache_data_array_bank2/x_aq_spsram_1024x64/x_aq_f_spsram_1024x64/RAM_DIN_VEC[46]/ram_instance/PortAAddr[9:0],0,0.0,0.0,0.0,0.0,,0
x_aq_lsu_top/x_aq_dcache_top/x_aq_dcache_data_array_bank2/x_aq_spsram_1024x64/x_aq_f_spsram_1024x64/RAM_DIN_VEC[46]/ram_instance/PortADataIn[0:0],0,0.0,0.0,0.0,0.0,,0
x_aq_lsu_top/x_aq_dcache_top/x_aq_dcache_data_array_bank2/x_aq_spsram_1024x64/x_aq_f_spsram_1024x64/RAM_DIN_VEC[46]/ram_instance/PortAWriteEnable,0,0.0,0.0,0.0,0.0,,0
x_aq_lsu_top/x_aq_dcache_top/x_aq_dcache_data_array_bank2/x_aq_spsram_1024x64/x_aq_f_spsram_1024x64/RAM_DIN_VEC[47]/ram_instance/PortAClk,0,0.0,0.0,0.0,0.0,,0
x_aq_lsu_top/x_aq_dcache_top/x_aq_dcache_data_array_bank2/x_aq_spsram_1024x64/x_aq_f_spsram_1024x64/RAM_DIN_VEC[47]/ram_instance/PortAAddr[9:0],0,0.0,0.0,0.0,0.0,,0
x_aq_lsu_top/x_aq_dcache_top/x_aq_dcache_data_array_bank2/x_aq_spsram_1024x64/x_aq_f_spsram_1024x64/RAM_DIN_VEC[47]/ram_instance/PortADataIn[0:0],0,0.0,0.0,0.0,0.0,,0
x_aq_lsu_top/x_aq_dcache_top/x_aq_dcache_data_array_bank2/x_aq_spsram_1024x64/x_aq_f_spsram_1024x64/RAM_DIN_VEC[47]/ram_instance/PortAWriteEnable,0,0.0,0.0,0.0,0.0,,0
x_aq_lsu_top/x_aq_dcache_top/x_aq_dcache_data_array_bank2/x_aq_spsram_1024x64/x_aq_f_spsram_1024x64/RAM_DIN_VEC[48]/ram_instance/PortAClk,0,0.0,0.0,0.0,0.0,,0
x_aq_lsu_top/x_aq_dcache_top/x_aq_dcache_data_array_bank2/x_aq_spsram_1024x64/x_aq_f_spsram_1024x64/RAM_DIN_VEC[48]/ram_instance/PortAAddr[9:0],0,0.0,0.0,0.0,0.0,,0
x_aq_lsu_top/x_aq_dcache_top/x_aq_dcache_data_array_bank2/x_aq_spsram_1024x64/x_aq_f_spsram_1024x64/RAM_DIN_VEC[48]/ram_instance/PortADataIn[0:0],0,0.0,0.0,0.0,0.0,,0
x_aq_lsu_top/x_aq_dcache_top/x_aq_dcache_data_array_bank2/x_aq_spsram_1024x64/x_aq_f_spsram_1024x64/RAM_DIN_VEC[48]/ram_instance/PortAWriteEnable,0,0.0,0.0,0.0,0.0,,0
x_aq_lsu_top/x_aq_dcache_top/x_aq_dcache_data_array_bank2/x_aq_spsram_1024x64/x_aq_f_spsram_1024x64/RAM_DIN_VEC[49]/ram_instance/PortAClk,0,0.0,0.0,0.0,0.0,,0
x_aq_lsu_top/x_aq_dcache_top/x_aq_dcache_data_array_bank2/x_aq_spsram_1024x64/x_aq_f_spsram_1024x64/RAM_DIN_VEC[49]/ram_instance/PortAAddr[9:0],0,0.0,0.0,0.0,0.0,,0
x_aq_lsu_top/x_aq_dcache_top/x_aq_dcache_data_array_bank2/x_aq_spsram_1024x64/x_aq_f_spsram_1024x64/RAM_DIN_VEC[49]/ram_instance/PortADataIn[0:0],0,0.0,0.0,0.0,0.0,,0
x_aq_lsu_top/x_aq_dcache_top/x_aq_dcache_data_array_bank2/x_aq_spsram_1024x64/x_aq_f_spsram_1024x64/RAM_DIN_VEC[49]/ram_instance/PortAWriteEnable,0,0.0,0.0,0.0,0.0,,0
x_aq_lsu_top/x_aq_dcache_top/x_aq_dcache_data_array_bank2/x_aq_spsram_1024x64/x_aq_f_spsram_1024x64/RAM_DIN_VEC[50]/ram_instance/PortAClk,0,0.0,0.0,0.0,0.0,,0
x_aq_lsu_top/x_aq_dcache_top/x_aq_dcache_data_array_bank2/x_aq_spsram_1024x64/x_aq_f_spsram_1024x64/RAM_DIN_VEC[50]/ram_instance/PortAAddr[9:0],0,0.0,0.0,0.0,0.0,,0
x_aq_lsu_top/x_aq_dcache_top/x_aq_dcache_data_array_bank2/x_aq_spsram_1024x64/x_aq_f_spsram_1024x64/RAM_DIN_VEC[50]/ram_instance/PortADataIn[0:0],0,0.0,0.0,0.0,0.0,,0
x_aq_lsu_top/x_aq_dcache_top/x_aq_dcache_data_array_bank2/x_aq_spsram_1024x64/x_aq_f_spsram_1024x64/RAM_DIN_VEC[50]/ram_instance/PortAWriteEnable,0,0.0,0.0,0.0,0.0,,0
x_aq_lsu_top/x_aq_dcache_top/x_aq_dcache_data_array_bank2/x_aq_spsram_1024x64/x_aq_f_spsram_1024x64/RAM_DIN_VEC[51]/ram_instance/PortAClk,0,0.0,0.0,0.0,0.0,,0
x_aq_lsu_top/x_aq_dcache_top/x_aq_dcache_data_array_bank2/x_aq_spsram_1024x64/x_aq_f_spsram_1024x64/RAM_DIN_VEC[51]/ram_instance/PortAAddr[9:0],0,0.0,0.0,0.0,0.0,,0
x_aq_lsu_top/x_aq_dcache_top/x_aq_dcache_data_array_bank2/x_aq_spsram_1024x64/x_aq_f_spsram_1024x64/RAM_DIN_VEC[51]/ram_instance/PortADataIn[0:0],0,0.0,0.0,0.0,0.0,,0
x_aq_lsu_top/x_aq_dcache_top/x_aq_dcache_data_array_bank2/x_aq_spsram_1024x64/x_aq_f_spsram_1024x64/RAM_DIN_VEC[51]/ram_instance/PortAWriteEnable,0,0.0,0.0,0.0,0.0,,0
x_aq_lsu_top/x_aq_dcache_top/x_aq_dcache_data_array_bank2/x_aq_spsram_1024x64/x_aq_f_spsram_1024x64/RAM_DIN_VEC[52]/ram_instance/PortAClk,0,0.0,0.0,0.0,0.0,,0
x_aq_lsu_top/x_aq_dcache_top/x_aq_dcache_data_array_bank2/x_aq_spsram_1024x64/x_aq_f_spsram_1024x64/RAM_DIN_VEC[52]/ram_instance/PortAAddr[9:0],0,0.0,0.0,0.0,0.0,,0
x_aq_lsu_top/x_aq_dcache_top/x_aq_dcache_data_array_bank2/x_aq_spsram_1024x64/x_aq_f_spsram_1024x64/RAM_DIN_VEC[52]/ram_instance/PortADataIn[0:0],0,0.0,0.0,0.0,0.0,,0
x_aq_lsu_top/x_aq_dcache_top/x_aq_dcache_data_array_bank2/x_aq_spsram_1024x64/x_aq_f_spsram_1024x64/RAM_DIN_VEC[52]/ram_instance/PortAWriteEnable,0,0.0,0.0,0.0,0.0,,0
x_aq_lsu_top/x_aq_dcache_top/x_aq_dcache_data_array_bank2/x_aq_spsram_1024x64/x_aq_f_spsram_1024x64/RAM_DIN_VEC[53]/ram_instance/PortAClk,0,0.0,0.0,0.0,0.0,,0
x_aq_lsu_top/x_aq_dcache_top/x_aq_dcache_data_array_bank2/x_aq_spsram_1024x64/x_aq_f_spsram_1024x64/RAM_DIN_VEC[53]/ram_instance/PortAAddr[9:0],0,0.0,0.0,0.0,0.0,,0
x_aq_lsu_top/x_aq_dcache_top/x_aq_dcache_data_array_bank2/x_aq_spsram_1024x64/x_aq_f_spsram_1024x64/RAM_DIN_VEC[53]/ram_instance/PortADataIn[0:0],0,0.0,0.0,0.0,0.0,,0
x_aq_lsu_top/x_aq_dcache_top/x_aq_dcache_data_array_bank2/x_aq_spsram_1024x64/x_aq_f_spsram_1024x64/RAM_DIN_VEC[53]/ram_instance/PortAWriteEnable,0,0.0,0.0,0.0,0.0,,0
x_aq_lsu_top/x_aq_dcache_top/x_aq_dcache_data_array_bank2/x_aq_spsram_1024x64/x_aq_f_spsram_1024x64/RAM_DIN_VEC[54]/ram_instance/PortAClk,0,0.0,0.0,0.0,0.0,,0
x_aq_lsu_top/x_aq_dcache_top/x_aq_dcache_data_array_bank2/x_aq_spsram_1024x64/x_aq_f_spsram_1024x64/RAM_DIN_VEC[54]/ram_instance/PortAAddr[9:0],0,0.0,0.0,0.0,0.0,,0
x_aq_lsu_top/x_aq_dcache_top/x_aq_dcache_data_array_bank2/x_aq_spsram_1024x64/x_aq_f_spsram_1024x64/RAM_DIN_VEC[54]/ram_instance/PortADataIn[0:0],0,0.0,0.0,0.0,0.0,,0
x_aq_lsu_top/x_aq_dcache_top/x_aq_dcache_data_array_bank2/x_aq_spsram_1024x64/x_aq_f_spsram_1024x64/RAM_DIN_VEC[54]/ram_instance/PortAWriteEnable,0,0.0,0.0,0.0,0.0,,0
x_aq_lsu_top/x_aq_dcache_top/x_aq_dcache_data_array_bank2/x_aq_spsram_1024x64/x_aq_f_spsram_1024x64/RAM_DIN_VEC[55]/ram_instance/PortAClk,0,0.0,0.0,0.0,0.0,,0
x_aq_lsu_top/x_aq_dcache_top/x_aq_dcache_data_array_bank2/x_aq_spsram_1024x64/x_aq_f_spsram_1024x64/RAM_DIN_VEC[55]/ram_instance/PortAAddr[9:0],0,0.0,0.0,0.0,0.0,,0
x_aq_lsu_top/x_aq_dcache_top/x_aq_dcache_data_array_bank2/x_aq_spsram_1024x64/x_aq_f_spsram_1024x64/RAM_DIN_VEC[55]/ram_instance/PortADataIn[0:0],0,0.0,0.0,0.0,0.0,,0
x_aq_lsu_top/x_aq_dcache_top/x_aq_dcache_data_array_bank2/x_aq_spsram_1024x64/x_aq_f_spsram_1024x64/RAM_DIN_VEC[55]/ram_instance/PortAWriteEnable,0,0.0,0.0,0.0,0.0,,0
x_aq_lsu_top/x_aq_dcache_top/x_aq_dcache_data_array_bank2/x_aq_spsram_1024x64/x_aq_f_spsram_1024x64/RAM_DIN_VEC[56]/ram_instance/PortAClk,0,0.0,0.0,0.0,0.0,,0
x_aq_lsu_top/x_aq_dcache_top/x_aq_dcache_data_array_bank2/x_aq_spsram_1024x64/x_aq_f_spsram_1024x64/RAM_DIN_VEC[56]/ram_instance/PortAAddr[9:0],0,0.0,0.0,0.0,0.0,,0
x_aq_lsu_top/x_aq_dcache_top/x_aq_dcache_data_array_bank2/x_aq_spsram_1024x64/x_aq_f_spsram_1024x64/RAM_DIN_VEC[56]/ram_instance/PortADataIn[0:0],0,0.0,0.0,0.0,0.0,,0
x_aq_lsu_top/x_aq_dcache_top/x_aq_dcache_data_array_bank2/x_aq_spsram_1024x64/x_aq_f_spsram_1024x64/RAM_DIN_VEC[56]/ram_instance/PortAWriteEnable,0,0.0,0.0,0.0,0.0,,0
x_aq_lsu_top/x_aq_dcache_top/x_aq_dcache_data_array_bank2/x_aq_spsram_1024x64/x_aq_f_spsram_1024x64/RAM_DIN_VEC[57]/ram_instance/PortAClk,0,0.0,0.0,0.0,0.0,,0
x_aq_lsu_top/x_aq_dcache_top/x_aq_dcache_data_array_bank2/x_aq_spsram_1024x64/x_aq_f_spsram_1024x64/RAM_DIN_VEC[57]/ram_instance/PortAAddr[9:0],0,0.0,0.0,0.0,0.0,,0
x_aq_lsu_top/x_aq_dcache_top/x_aq_dcache_data_array_bank2/x_aq_spsram_1024x64/x_aq_f_spsram_1024x64/RAM_DIN_VEC[57]/ram_instance/PortADataIn[0:0],0,0.0,0.0,0.0,0.0,,0
x_aq_lsu_top/x_aq_dcache_top/x_aq_dcache_data_array_bank2/x_aq_spsram_1024x64/x_aq_f_spsram_1024x64/RAM_DIN_VEC[57]/ram_instance/PortAWriteEnable,0,0.0,0.0,0.0,0.0,,0
x_aq_lsu_top/x_aq_dcache_top/x_aq_dcache_data_array_bank2/x_aq_spsram_1024x64/x_aq_f_spsram_1024x64/RAM_DIN_VEC[58]/ram_instance/PortAClk,0,0.0,0.0,0.0,0.0,,0
x_aq_lsu_top/x_aq_dcache_top/x_aq_dcache_data_array_bank2/x_aq_spsram_1024x64/x_aq_f_spsram_1024x64/RAM_DIN_VEC[58]/ram_instance/PortAAddr[9:0],0,0.0,0.0,0.0,0.0,,0
x_aq_lsu_top/x_aq_dcache_top/x_aq_dcache_data_array_bank2/x_aq_spsram_1024x64/x_aq_f_spsram_1024x64/RAM_DIN_VEC[58]/ram_instance/PortADataIn[0:0],0,0.0,0.0,0.0,0.0,,0
x_aq_lsu_top/x_aq_dcache_top/x_aq_dcache_data_array_bank2/x_aq_spsram_1024x64/x_aq_f_spsram_1024x64/RAM_DIN_VEC[58]/ram_instance/PortAWriteEnable,0,0.0,0.0,0.0,0.0,,0
x_aq_lsu_top/x_aq_dcache_top/x_aq_dcache_data_array_bank2/x_aq_spsram_1024x64/x_aq_f_spsram_1024x64/RAM_DIN_VEC[59]/ram_instance/PortAClk,0,0.0,0.0,0.0,0.0,,0
x_aq_lsu_top/x_aq_dcache_top/x_aq_dcache_data_array_bank2/x_aq_spsram_1024x64/x_aq_f_spsram_1024x64/RAM_DIN_VEC[59]/ram_instance/PortAAddr[9:0],0,0.0,0.0,0.0,0.0,,0
x_aq_lsu_top/x_aq_dcache_top/x_aq_dcache_data_array_bank2/x_aq_spsram_1024x64/x_aq_f_spsram_1024x64/RAM_DIN_VEC[59]/ram_instance/PortADataIn[0:0],0,0.0,0.0,0.0,0.0,,0
x_aq_lsu_top/x_aq_dcache_top/x_aq_dcache_data_array_bank2/x_aq_spsram_1024x64/x_aq_f_spsram_1024x64/RAM_DIN_VEC[59]/ram_instance/PortAWriteEnable,0,0.0,0.0,0.0,0.0,,0
x_aq_lsu_top/x_aq_dcache_top/x_aq_dcache_data_array_bank2/x_aq_spsram_1024x64/x_aq_f_spsram_1024x64/RAM_DIN_VEC[60]/ram_instance/PortAClk,0,0.0,0.0,0.0,0.0,,0
x_aq_lsu_top/x_aq_dcache_top/x_aq_dcache_data_array_bank2/x_aq_spsram_1024x64/x_aq_f_spsram_1024x64/RAM_DIN_VEC[60]/ram_instance/PortAAddr[9:0],0,0.0,0.0,0.0,0.0,,0
x_aq_lsu_top/x_aq_dcache_top/x_aq_dcache_data_array_bank2/x_aq_spsram_1024x64/x_aq_f_spsram_1024x64/RAM_DIN_VEC[60]/ram_instance/PortADataIn[0:0],0,0.0,0.0,0.0,0.0,,0
x_aq_lsu_top/x_aq_dcache_top/x_aq_dcache_data_array_bank2/x_aq_spsram_1024x64/x_aq_f_spsram_1024x64/RAM_DIN_VEC[60]/ram_instance/PortAWriteEnable,0,0.0,0.0,0.0,0.0,,0
x_aq_lsu_top/x_aq_dcache_top/x_aq_dcache_data_array_bank2/x_aq_spsram_1024x64/x_aq_f_spsram_1024x64/RAM_DIN_VEC[61]/ram_instance/PortAClk,0,0.0,0.0,0.0,0.0,,0
x_aq_lsu_top/x_aq_dcache_top/x_aq_dcache_data_array_bank2/x_aq_spsram_1024x64/x_aq_f_spsram_1024x64/RAM_DIN_VEC[61]/ram_instance/PortAAddr[9:0],0,0.0,0.0,0.0,0.0,,0
x_aq_lsu_top/x_aq_dcache_top/x_aq_dcache_data_array_bank2/x_aq_spsram_1024x64/x_aq_f_spsram_1024x64/RAM_DIN_VEC[61]/ram_instance/PortADataIn[0:0],0,0.0,0.0,0.0,0.0,,0
x_aq_lsu_top/x_aq_dcache_top/x_aq_dcache_data_array_bank2/x_aq_spsram_1024x64/x_aq_f_spsram_1024x64/RAM_DIN_VEC[61]/ram_instance/PortAWriteEnable,0,0.0,0.0,0.0,0.0,,0
x_aq_lsu_top/x_aq_dcache_top/x_aq_dcache_data_array_bank2/x_aq_spsram_1024x64/x_aq_f_spsram_1024x64/RAM_DIN_VEC[62]/ram_instance/PortAClk,0,0.0,0.0,0.0,0.0,,0
x_aq_lsu_top/x_aq_dcache_top/x_aq_dcache_data_array_bank2/x_aq_spsram_1024x64/x_aq_f_spsram_1024x64/RAM_DIN_VEC[62]/ram_instance/PortAAddr[9:0],0,0.0,0.0,0.0,0.0,,0
x_aq_lsu_top/x_aq_dcache_top/x_aq_dcache_data_array_bank2/x_aq_spsram_1024x64/x_aq_f_spsram_1024x64/RAM_DIN_VEC[62]/ram_instance/PortADataIn[0:0],0,0.0,0.0,0.0,0.0,,0
x_aq_lsu_top/x_aq_dcache_top/x_aq_dcache_data_array_bank2/x_aq_spsram_1024x64/x_aq_f_spsram_1024x64/RAM_DIN_VEC[62]/ram_instance/PortAWriteEnable,0,0.0,0.0,0.0,0.0,,0
x_aq_lsu_top/x_aq_dcache_top/x_aq_dcache_data_array_bank2/x_aq_spsram_1024x64/x_aq_f_spsram_1024x64/RAM_DIN_VEC[63]/ram_instance/PortAClk,0,0.0,0.0,0.0,0.0,,0
x_aq_lsu_top/x_aq_dcache_top/x_aq_dcache_data_array_bank2/x_aq_spsram_1024x64/x_aq_f_spsram_1024x64/RAM_DIN_VEC[63]/ram_instance/PortAAddr[9:0],0,0.0,0.0,0.0,0.0,,0
x_aq_lsu_top/x_aq_dcache_top/x_aq_dcache_data_array_bank2/x_aq_spsram_1024x64/x_aq_f_spsram_1024x64/RAM_DIN_VEC[63]/ram_instance/PortADataIn[0:0],0,0.0,0.0,0.0,0.0,,0
x_aq_lsu_top/x_aq_dcache_top/x_aq_dcache_data_array_bank2/x_aq_spsram_1024x64/x_aq_f_spsram_1024x64/RAM_DIN_VEC[63]/ram_instance/PortAWriteEnable,0,0.0,0.0,0.0,0.0,,0
x_aq_lsu_top/x_aq_dcache_top/x_aq_dcache_data_array_bank3/cp0_lsu_icg_en,0,0.0,0.0,0.0,0.0,,0
x_aq_lsu_top/x_aq_dcache_top/x_aq_dcache_data_array_bank3/data_cen,1,0.00012030798845043312,41.400000000000006,5.3967542013742635,1.0,-0.14861602140388885,1
x_aq_lsu_top/x_aq_dcache_top/x_aq_dcache_data_array_bank3/data_clk_en,0,0.0,0.0,0.0,0.0,,0
x_aq_lsu_top/x_aq_dcache_top/x_aq_dcache_data_array_bank3/data_din[63:0],0,0.0,0.0,0.0,0.0,,0
x_aq_lsu_top/x_aq_dcache_top/x_aq_dcache_data_array_bank3/data_dout[63:0],0,0.0,0.0,0.0,0.0,,0
x_aq_lsu_top/x_aq_dcache_top/x_aq_dcache_data_array_bank3/data_gwen,0,0.0,0.0,0.0,0.0,,0
x_aq_lsu_top/x_aq_dcache_top/x_aq_dcache_data_array_bank3/data_idx[13:0],2094,0.2519249278152069,8.004875835721107,1.0434866497079034,0.06494746895893028,0.07475341114380646,11
x_aq_lsu_top/x_aq_dcache_top/x_aq_dcache_data_array_bank3/data_wen[63:0],0,0.0,0.0,0.0,0.0,,0
x_aq_lsu_top/x_aq_dcache_top/x_aq_dcache_data_array_bank3/forever_cpuclk,0,0.0,0.0,0.0,0.0,,0
x_aq_lsu_top/x_aq_dcache_top/x_aq_dcache_data_array_bank3/pad_yy_icg_scan_en,0,0.0,0.0,0.0,0.0,,0
x_aq_lsu_top/x_aq_dcache_top/x_aq_dcache_data_array_bank3/data_clk,0,0.0,0.0,0.0,0.0,,0
x_aq_lsu_top/x_aq_dcache_top/x_aq_dcache_data_array_bank3/x_dcache_data_gated_clk/clk_in,0,0.0,0.0,0.0,0.0,,0
x_aq_lsu_top/x_aq_dcache_top/x_aq_dcache_data_array_bank3/x_dcache_data_gated_clk/global_en,0,0.0,0.0,0.0,0.0,,0
x_aq_lsu_top/x_aq_dcache_top/x_aq_dcache_data_array_bank3/x_dcache_data_gated_clk/module_en,0,0.0,0.0,0.0,0.0,,0
x_aq_lsu_top/x_aq_dcache_top/x_aq_dcache_data_array_bank3/x_dcache_data_gated_clk/local_en,0,0.0,0.0,0.0,0.0,,0
x_aq_lsu_top/x_aq_dcache_top/x_aq_dcache_data_array_bank3/x_dcache_data_gated_clk/external_en,0,0.0,0.0,0.0,0.0,,0
x_aq_lsu_top/x_aq_dcache_top/x_aq_dcache_data_array_bank3/x_dcache_data_gated_clk/pad_yy_icg_scan_en,0,0.0,0.0,0.0,0.0,,0
x_aq_lsu_top/x_aq_dcache_top/x_aq_dcache_data_array_bank3/x_dcache_data_gated_clk/clk_out,0,0.0,0.0,0.0,0.0,,0
x_aq_lsu_top/x_aq_dcache_top/x_aq_dcache_data_array_bank3/x_dcache_data_gated_clk/clk_en_bf_latch,0,0.0,0.0,0.0,0.0,,0
x_aq_lsu_top/x_aq_dcache_top/x_aq_dcache_data_array_bank3/x_dcache_data_gated_clk/SE,0,0.0,0.0,0.0,0.0,,0
x_aq_lsu_top/x_aq_dcache_top/x_aq_dcache_data_array_bank3/x_aq_spsram_1024x64/A[9:0],2081,0.2503609239653513,8.019802979336859,1.0454324981384064,0.06487265737626141,-0.12469413106723284,8
x_aq_lsu_top/x_aq_dcache_top/x_aq_dcache_data_array_bank3/x_aq_spsram_1024x64/CEN,1,0.00012030798845043312,41.400000000000006,5.3967542013742635,1.0,-0.14861602140388885,1
x_aq_lsu_top/x_aq_dcache_top/x_aq_dcache_data_array_bank3/x_aq_spsram_1024x64/CLK,0,0.0,0.0,0.0,0.0,,0
x_aq_lsu_top/x_aq_dcache_top/x_aq_dcache_data_array_bank3/x_aq_spsram_1024x64/D[63:0],0,0.0,0.0,0.0,0.0,,0
x_aq_lsu_top/x_aq_dcache_top/x_aq_dcache_data_array_bank3/x_aq_spsram_1024x64/GWEN,0,0.0,0.0,0.0,0.0,,0
x_aq_lsu_top/x_aq_dcache_top/x_aq_dcache_data_array_bank3/x_aq_spsram_1024x64/Q[63:0],0,0.0,0.0,0.0,0.0,,0
x_aq_lsu_top/x_aq_dcache_top/x_aq_dcache_data_array_bank3/x_aq_spsram_1024x64/WEN[63:0],0,0.0,0.0,0.0,0.0,,0
x_aq_lsu_top/x_aq_dcache_top/x_aq_dcache_data_array_bank3/x_aq_spsram_1024x64/x_aq_f_spsram_1024x64/A[9:0],2081,0.2503609239653513,8.019802979336859,1.0454324981384064,0.06487265737626141,-0.12469413106723284,8
x_aq_lsu_top/x_aq_dcache_top/x_aq_dcache_data_array_bank3/x_aq_spsram_1024x64/x_aq_f_spsram_1024x64/CEN,1,0.00012030798845043312,41.400000000000006,5.3967542013742635,1.0,-0.14861602140388885,1
x_aq_lsu_top/x_aq_dcache_top/x_aq_dcache_data_array_bank3/x_aq_spsram_1024x64/x_aq_f_spsram_1024x64/CLK,0,0.0,0.0,0.0,0.0,,0
x_aq_lsu_top/x_aq_dcache_top/x_aq_dcache_data_array_bank3/x_aq_spsram_1024x64/x_aq_f_spsram_1024x64/D[63:0],0,0.0,0.0,0.0,0.0,,0
x_aq_lsu_top/x_aq_dcache_top/x_aq_dcache_data_array_bank3/x_aq_spsram_1024x64/x_aq_f_spsram_1024x64/GWEN,0,0.0,0.0,0.0,0.0,,0
x_aq_lsu_top/x_aq_dcache_top/x_aq_dcache_data_array_bank3/x_aq_spsram_1024x64/x_aq_f_spsram_1024x64/Q[63:0],0,0.0,0.0,0.0,0.0,,0
x_aq_lsu_top/x_aq_dcache_top/x_aq_dcache_data_array_bank3/x_aq_spsram_1024x64/x_aq_f_spsram_1024x64/WEN[63:0],0,0.0,0.0,0.0,0.0,,0
x_aq_lsu_top/x_aq_dcache_top/x_aq_dcache_data_array_bank3/x_aq_spsram_1024x64/x_aq_f_spsram_1024x64/addr[9:0],0,0.0,0.0,0.0,0.0,,0
x_aq_lsu_top/x_aq_dcache_top/x_aq_dcache_data_array_bank3/x_aq_spsram_1024x64/x_aq_f_spsram_1024x64/ram_wen_vec[63:0],0,0.0,0.0,0.0,0.0,,0
x_aq_lsu_top/x_aq_dcache_top/x_aq_dcache_data_array_bank3/x_aq_spsram_1024x64/x_aq_f_spsram_1024x64/RAM_DIN_VEC[0]/ram_instance/PortAClk,0,0.0,0.0,0.0,0.0,,0
x_aq_lsu_top/x_aq_dcache_top/x_aq_dcache_data_array_bank3/x_aq_spsram_1024x64/x_aq_f_spsram_1024x64/RAM_DIN_VEC[0]/ram_instance/PortAAddr[9:0],0,0.0,0.0,0.0,0.0,,0
x_aq_lsu_top/x_aq_dcache_top/x_aq_dcache_data_array_bank3/x_aq_spsram_1024x64/x_aq_f_spsram_1024x64/RAM_DIN_VEC[0]/ram_instance/PortADataIn[0:0],0,0.0,0.0,0.0,0.0,,0
x_aq_lsu_top/x_aq_dcache_top/x_aq_dcache_data_array_bank3/x_aq_spsram_1024x64/x_aq_f_spsram_1024x64/RAM_DIN_VEC[0]/ram_instance/PortAWriteEnable,0,0.0,0.0,0.0,0.0,,0
x_aq_lsu_top/x_aq_dcache_top/x_aq_dcache_data_array_bank3/x_aq_spsram_1024x64/x_aq_f_spsram_1024x64/RAM_DIN_VEC[1]/ram_instance/PortAClk,0,0.0,0.0,0.0,0.0,,0
x_aq_lsu_top/x_aq_dcache_top/x_aq_dcache_data_array_bank3/x_aq_spsram_1024x64/x_aq_f_spsram_1024x64/RAM_DIN_VEC[1]/ram_instance/PortAAddr[9:0],0,0.0,0.0,0.0,0.0,,0
x_aq_lsu_top/x_aq_dcache_top/x_aq_dcache_data_array_bank3/x_aq_spsram_1024x64/x_aq_f_spsram_1024x64/RAM_DIN_VEC[1]/ram_instance/PortADataIn[0:0],0,0.0,0.0,0.0,0.0,,0
x_aq_lsu_top/x_aq_dcache_top/x_aq_dcache_data_array_bank3/x_aq_spsram_1024x64/x_aq_f_spsram_1024x64/RAM_DIN_VEC[1]/ram_instance/PortAWriteEnable,0,0.0,0.0,0.0,0.0,,0
x_aq_lsu_top/x_aq_dcache_top/x_aq_dcache_data_array_bank3/x_aq_spsram_1024x64/x_aq_f_spsram_1024x64/RAM_DIN_VEC[2]/ram_instance/PortAClk,0,0.0,0.0,0.0,0.0,,0
x_aq_lsu_top/x_aq_dcache_top/x_aq_dcache_data_array_bank3/x_aq_spsram_1024x64/x_aq_f_spsram_1024x64/RAM_DIN_VEC[2]/ram_instance/PortAAddr[9:0],0,0.0,0.0,0.0,0.0,,0
x_aq_lsu_top/x_aq_dcache_top/x_aq_dcache_data_array_bank3/x_aq_spsram_1024x64/x_aq_f_spsram_1024x64/RAM_DIN_VEC[2]/ram_instance/PortADataIn[0:0],0,0.0,0.0,0.0,0.0,,0
x_aq_lsu_top/x_aq_dcache_top/x_aq_dcache_data_array_bank3/x_aq_spsram_1024x64/x_aq_f_spsram_1024x64/RAM_DIN_VEC[2]/ram_instance/PortAWriteEnable,0,0.0,0.0,0.0,0.0,,0
x_aq_lsu_top/x_aq_dcache_top/x_aq_dcache_data_array_bank3/x_aq_spsram_1024x64/x_aq_f_spsram_1024x64/RAM_DIN_VEC[3]/ram_instance/PortAClk,0,0.0,0.0,0.0,0.0,,0
x_aq_lsu_top/x_aq_dcache_top/x_aq_dcache_data_array_bank3/x_aq_spsram_1024x64/x_aq_f_spsram_1024x64/RAM_DIN_VEC[3]/ram_instance/PortAAddr[9:0],0,0.0,0.0,0.0,0.0,,0
x_aq_lsu_top/x_aq_dcache_top/x_aq_dcache_data_array_bank3/x_aq_spsram_1024x64/x_aq_f_spsram_1024x64/RAM_DIN_VEC[3]/ram_instance/PortADataIn[0:0],0,0.0,0.0,0.0,0.0,,0
x_aq_lsu_top/x_aq_dcache_top/x_aq_dcache_data_array_bank3/x_aq_spsram_1024x64/x_aq_f_spsram_1024x64/RAM_DIN_VEC[3]/ram_instance/PortAWriteEnable,0,0.0,0.0,0.0,0.0,,0
x_aq_lsu_top/x_aq_dcache_top/x_aq_dcache_data_array_bank3/x_aq_spsram_1024x64/x_aq_f_spsram_1024x64/RAM_DIN_VEC[4]/ram_instance/PortAClk,0,0.0,0.0,0.0,0.0,,0
x_aq_lsu_top/x_aq_dcache_top/x_aq_dcache_data_array_bank3/x_aq_spsram_1024x64/x_aq_f_spsram_1024x64/RAM_DIN_VEC[4]/ram_instance/PortAAddr[9:0],0,0.0,0.0,0.0,0.0,,0
x_aq_lsu_top/x_aq_dcache_top/x_aq_dcache_data_array_bank3/x_aq_spsram_1024x64/x_aq_f_spsram_1024x64/RAM_DIN_VEC[4]/ram_instance/PortADataIn[0:0],0,0.0,0.0,0.0,0.0,,0
x_aq_lsu_top/x_aq_dcache_top/x_aq_dcache_data_array_bank3/x_aq_spsram_1024x64/x_aq_f_spsram_1024x64/RAM_DIN_VEC[4]/ram_instance/PortAWriteEnable,0,0.0,0.0,0.0,0.0,,0
x_aq_lsu_top/x_aq_dcache_top/x_aq_dcache_data_array_bank3/x_aq_spsram_1024x64/x_aq_f_spsram_1024x64/RAM_DIN_VEC[5]/ram_instance/PortAClk,0,0.0,0.0,0.0,0.0,,0
x_aq_lsu_top/x_aq_dcache_top/x_aq_dcache_data_array_bank3/x_aq_spsram_1024x64/x_aq_f_spsram_1024x64/RAM_DIN_VEC[5]/ram_instance/PortAAddr[9:0],0,0.0,0.0,0.0,0.0,,0
x_aq_lsu_top/x_aq_dcache_top/x_aq_dcache_data_array_bank3/x_aq_spsram_1024x64/x_aq_f_spsram_1024x64/RAM_DIN_VEC[5]/ram_instance/PortADataIn[0:0],0,0.0,0.0,0.0,0.0,,0
x_aq_lsu_top/x_aq_dcache_top/x_aq_dcache_data_array_bank3/x_aq_spsram_1024x64/x_aq_f_spsram_1024x64/RAM_DIN_VEC[5]/ram_instance/PortAWriteEnable,0,0.0,0.0,0.0,0.0,,0
x_aq_lsu_top/x_aq_dcache_top/x_aq_dcache_data_array_bank3/x_aq_spsram_1024x64/x_aq_f_spsram_1024x64/RAM_DIN_VEC[6]/ram_instance/PortAClk,0,0.0,0.0,0.0,0.0,,0
x_aq_lsu_top/x_aq_dcache_top/x_aq_dcache_data_array_bank3/x_aq_spsram_1024x64/x_aq_f_spsram_1024x64/RAM_DIN_VEC[6]/ram_instance/PortAAddr[9:0],0,0.0,0.0,0.0,0.0,,0
x_aq_lsu_top/x_aq_dcache_top/x_aq_dcache_data_array_bank3/x_aq_spsram_1024x64/x_aq_f_spsram_1024x64/RAM_DIN_VEC[6]/ram_instance/PortADataIn[0:0],0,0.0,0.0,0.0,0.0,,0
x_aq_lsu_top/x_aq_dcache_top/x_aq_dcache_data_array_bank3/x_aq_spsram_1024x64/x_aq_f_spsram_1024x64/RAM_DIN_VEC[6]/ram_instance/PortAWriteEnable,0,0.0,0.0,0.0,0.0,,0
x_aq_lsu_top/x_aq_dcache_top/x_aq_dcache_data_array_bank3/x_aq_spsram_1024x64/x_aq_f_spsram_1024x64/RAM_DIN_VEC[7]/ram_instance/PortAClk,0,0.0,0.0,0.0,0.0,,0
x_aq_lsu_top/x_aq_dcache_top/x_aq_dcache_data_array_bank3/x_aq_spsram_1024x64/x_aq_f_spsram_1024x64/RAM_DIN_VEC[7]/ram_instance/PortAAddr[9:0],0,0.0,0.0,0.0,0.0,,0
x_aq_lsu_top/x_aq_dcache_top/x_aq_dcache_data_array_bank3/x_aq_spsram_1024x64/x_aq_f_spsram_1024x64/RAM_DIN_VEC[7]/ram_instance/PortADataIn[0:0],0,0.0,0.0,0.0,0.0,,0
x_aq_lsu_top/x_aq_dcache_top/x_aq_dcache_data_array_bank3/x_aq_spsram_1024x64/x_aq_f_spsram_1024x64/RAM_DIN_VEC[7]/ram_instance/PortAWriteEnable,0,0.0,0.0,0.0,0.0,,0
x_aq_lsu_top/x_aq_dcache_top/x_aq_dcache_data_array_bank3/x_aq_spsram_1024x64/x_aq_f_spsram_1024x64/RAM_DIN_VEC[8]/ram_instance/PortAClk,0,0.0,0.0,0.0,0.0,,0
x_aq_lsu_top/x_aq_dcache_top/x_aq_dcache_data_array_bank3/x_aq_spsram_1024x64/x_aq_f_spsram_1024x64/RAM_DIN_VEC[8]/ram_instance/PortAAddr[9:0],0,0.0,0.0,0.0,0.0,,0
x_aq_lsu_top/x_aq_dcache_top/x_aq_dcache_data_array_bank3/x_aq_spsram_1024x64/x_aq_f_spsram_1024x64/RAM_DIN_VEC[8]/ram_instance/PortADataIn[0:0],0,0.0,0.0,0.0,0.0,,0
x_aq_lsu_top/x_aq_dcache_top/x_aq_dcache_data_array_bank3/x_aq_spsram_1024x64/x_aq_f_spsram_1024x64/RAM_DIN_VEC[8]/ram_instance/PortAWriteEnable,0,0.0,0.0,0.0,0.0,,0
x_aq_lsu_top/x_aq_dcache_top/x_aq_dcache_data_array_bank3/x_aq_spsram_1024x64/x_aq_f_spsram_1024x64/RAM_DIN_VEC[9]/ram_instance/PortAClk,0,0.0,0.0,0.0,0.0,,0
x_aq_lsu_top/x_aq_dcache_top/x_aq_dcache_data_array_bank3/x_aq_spsram_1024x64/x_aq_f_spsram_1024x64/RAM_DIN_VEC[9]/ram_instance/PortAAddr[9:0],0,0.0,0.0,0.0,0.0,,0
x_aq_lsu_top/x_aq_dcache_top/x_aq_dcache_data_array_bank3/x_aq_spsram_1024x64/x_aq_f_spsram_1024x64/RAM_DIN_VEC[9]/ram_instance/PortADataIn[0:0],0,0.0,0.0,0.0,0.0,,0
x_aq_lsu_top/x_aq_dcache_top/x_aq_dcache_data_array_bank3/x_aq_spsram_1024x64/x_aq_f_spsram_1024x64/RAM_DIN_VEC[9]/ram_instance/PortAWriteEnable,0,0.0,0.0,0.0,0.0,,0
x_aq_lsu_top/x_aq_dcache_top/x_aq_dcache_data_array_bank3/x_aq_spsram_1024x64/x_aq_f_spsram_1024x64/RAM_DIN_VEC[10]/ram_instance/PortAClk,0,0.0,0.0,0.0,0.0,,0
x_aq_lsu_top/x_aq_dcache_top/x_aq_dcache_data_array_bank3/x_aq_spsram_1024x64/x_aq_f_spsram_1024x64/RAM_DIN_VEC[10]/ram_instance/PortAAddr[9:0],0,0.0,0.0,0.0,0.0,,0
x_aq_lsu_top/x_aq_dcache_top/x_aq_dcache_data_array_bank3/x_aq_spsram_1024x64/x_aq_f_spsram_1024x64/RAM_DIN_VEC[10]/ram_instance/PortADataIn[0:0],0,0.0,0.0,0.0,0.0,,0
x_aq_lsu_top/x_aq_dcache_top/x_aq_dcache_data_array_bank3/x_aq_spsram_1024x64/x_aq_f_spsram_1024x64/RAM_DIN_VEC[10]/ram_instance/PortAWriteEnable,0,0.0,0.0,0.0,0.0,,0
x_aq_lsu_top/x_aq_dcache_top/x_aq_dcache_data_array_bank3/x_aq_spsram_1024x64/x_aq_f_spsram_1024x64/RAM_DIN_VEC[11]/ram_instance/PortAClk,0,0.0,0.0,0.0,0.0,,0
x_aq_lsu_top/x_aq_dcache_top/x_aq_dcache_data_array_bank3/x_aq_spsram_1024x64/x_aq_f_spsram_1024x64/RAM_DIN_VEC[11]/ram_instance/PortAAddr[9:0],0,0.0,0.0,0.0,0.0,,0
x_aq_lsu_top/x_aq_dcache_top/x_aq_dcache_data_array_bank3/x_aq_spsram_1024x64/x_aq_f_spsram_1024x64/RAM_DIN_VEC[11]/ram_instance/PortADataIn[0:0],0,0.0,0.0,0.0,0.0,,0
x_aq_lsu_top/x_aq_dcache_top/x_aq_dcache_data_array_bank3/x_aq_spsram_1024x64/x_aq_f_spsram_1024x64/RAM_DIN_VEC[11]/ram_instance/PortAWriteEnable,0,0.0,0.0,0.0,0.0,,0
x_aq_lsu_top/x_aq_dcache_top/x_aq_dcache_data_array_bank3/x_aq_spsram_1024x64/x_aq_f_spsram_1024x64/RAM_DIN_VEC[12]/ram_instance/PortAClk,0,0.0,0.0,0.0,0.0,,0
x_aq_lsu_top/x_aq_dcache_top/x_aq_dcache_data_array_bank3/x_aq_spsram_1024x64/x_aq_f_spsram_1024x64/RAM_DIN_VEC[12]/ram_instance/PortAAddr[9:0],0,0.0,0.0,0.0,0.0,,0
x_aq_lsu_top/x_aq_dcache_top/x_aq_dcache_data_array_bank3/x_aq_spsram_1024x64/x_aq_f_spsram_1024x64/RAM_DIN_VEC[12]/ram_instance/PortADataIn[0:0],0,0.0,0.0,0.0,0.0,,0
x_aq_lsu_top/x_aq_dcache_top/x_aq_dcache_data_array_bank3/x_aq_spsram_1024x64/x_aq_f_spsram_1024x64/RAM_DIN_VEC[12]/ram_instance/PortAWriteEnable,0,0.0,0.0,0.0,0.0,,0
x_aq_lsu_top/x_aq_dcache_top/x_aq_dcache_data_array_bank3/x_aq_spsram_1024x64/x_aq_f_spsram_1024x64/RAM_DIN_VEC[13]/ram_instance/PortAClk,0,0.0,0.0,0.0,0.0,,0
x_aq_lsu_top/x_aq_dcache_top/x_aq_dcache_data_array_bank3/x_aq_spsram_1024x64/x_aq_f_spsram_1024x64/RAM_DIN_VEC[13]/ram_instance/PortAAddr[9:0],0,0.0,0.0,0.0,0.0,,0
x_aq_lsu_top/x_aq_dcache_top/x_aq_dcache_data_array_bank3/x_aq_spsram_1024x64/x_aq_f_spsram_1024x64/RAM_DIN_VEC[13]/ram_instance/PortADataIn[0:0],0,0.0,0.0,0.0,0.0,,0
x_aq_lsu_top/x_aq_dcache_top/x_aq_dcache_data_array_bank3/x_aq_spsram_1024x64/x_aq_f_spsram_1024x64/RAM_DIN_VEC[13]/ram_instance/PortAWriteEnable,0,0.0,0.0,0.0,0.0,,0
x_aq_lsu_top/x_aq_dcache_top/x_aq_dcache_data_array_bank3/x_aq_spsram_1024x64/x_aq_f_spsram_1024x64/RAM_DIN_VEC[14]/ram_instance/PortAClk,0,0.0,0.0,0.0,0.0,,0
x_aq_lsu_top/x_aq_dcache_top/x_aq_dcache_data_array_bank3/x_aq_spsram_1024x64/x_aq_f_spsram_1024x64/RAM_DIN_VEC[14]/ram_instance/PortAAddr[9:0],0,0.0,0.0,0.0,0.0,,0
x_aq_lsu_top/x_aq_dcache_top/x_aq_dcache_data_array_bank3/x_aq_spsram_1024x64/x_aq_f_spsram_1024x64/RAM_DIN_VEC[14]/ram_instance/PortADataIn[0:0],0,0.0,0.0,0.0,0.0,,0
x_aq_lsu_top/x_aq_dcache_top/x_aq_dcache_data_array_bank3/x_aq_spsram_1024x64/x_aq_f_spsram_1024x64/RAM_DIN_VEC[14]/ram_instance/PortAWriteEnable,0,0.0,0.0,0.0,0.0,,0
x_aq_lsu_top/x_aq_dcache_top/x_aq_dcache_data_array_bank3/x_aq_spsram_1024x64/x_aq_f_spsram_1024x64/RAM_DIN_VEC[15]/ram_instance/PortAClk,0,0.0,0.0,0.0,0.0,,0
x_aq_lsu_top/x_aq_dcache_top/x_aq_dcache_data_array_bank3/x_aq_spsram_1024x64/x_aq_f_spsram_1024x64/RAM_DIN_VEC[15]/ram_instance/PortAAddr[9:0],0,0.0,0.0,0.0,0.0,,0
x_aq_lsu_top/x_aq_dcache_top/x_aq_dcache_data_array_bank3/x_aq_spsram_1024x64/x_aq_f_spsram_1024x64/RAM_DIN_VEC[15]/ram_instance/PortADataIn[0:0],0,0.0,0.0,0.0,0.0,,0
x_aq_lsu_top/x_aq_dcache_top/x_aq_dcache_data_array_bank3/x_aq_spsram_1024x64/x_aq_f_spsram_1024x64/RAM_DIN_VEC[15]/ram_instance/PortAWriteEnable,0,0.0,0.0,0.0,0.0,,0
x_aq_lsu_top/x_aq_dcache_top/x_aq_dcache_data_array_bank3/x_aq_spsram_1024x64/x_aq_f_spsram_1024x64/RAM_DIN_VEC[16]/ram_instance/PortAClk,0,0.0,0.0,0.0,0.0,,0
x_aq_lsu_top/x_aq_dcache_top/x_aq_dcache_data_array_bank3/x_aq_spsram_1024x64/x_aq_f_spsram_1024x64/RAM_DIN_VEC[16]/ram_instance/PortAAddr[9:0],0,0.0,0.0,0.0,0.0,,0
x_aq_lsu_top/x_aq_dcache_top/x_aq_dcache_data_array_bank3/x_aq_spsram_1024x64/x_aq_f_spsram_1024x64/RAM_DIN_VEC[16]/ram_instance/PortADataIn[0:0],0,0.0,0.0,0.0,0.0,,0
x_aq_lsu_top/x_aq_dcache_top/x_aq_dcache_data_array_bank3/x_aq_spsram_1024x64/x_aq_f_spsram_1024x64/RAM_DIN_VEC[16]/ram_instance/PortAWriteEnable,0,0.0,0.0,0.0,0.0,,0
x_aq_lsu_top/x_aq_dcache_top/x_aq_dcache_data_array_bank3/x_aq_spsram_1024x64/x_aq_f_spsram_1024x64/RAM_DIN_VEC[17]/ram_instance/PortAClk,0,0.0,0.0,0.0,0.0,,0
x_aq_lsu_top/x_aq_dcache_top/x_aq_dcache_data_array_bank3/x_aq_spsram_1024x64/x_aq_f_spsram_1024x64/RAM_DIN_VEC[17]/ram_instance/PortAAddr[9:0],0,0.0,0.0,0.0,0.0,,0
x_aq_lsu_top/x_aq_dcache_top/x_aq_dcache_data_array_bank3/x_aq_spsram_1024x64/x_aq_f_spsram_1024x64/RAM_DIN_VEC[17]/ram_instance/PortADataIn[0:0],0,0.0,0.0,0.0,0.0,,0
x_aq_lsu_top/x_aq_dcache_top/x_aq_dcache_data_array_bank3/x_aq_spsram_1024x64/x_aq_f_spsram_1024x64/RAM_DIN_VEC[17]/ram_instance/PortAWriteEnable,0,0.0,0.0,0.0,0.0,,0
x_aq_lsu_top/x_aq_dcache_top/x_aq_dcache_data_array_bank3/x_aq_spsram_1024x64/x_aq_f_spsram_1024x64/RAM_DIN_VEC[18]/ram_instance/PortAClk,0,0.0,0.0,0.0,0.0,,0
x_aq_lsu_top/x_aq_dcache_top/x_aq_dcache_data_array_bank3/x_aq_spsram_1024x64/x_aq_f_spsram_1024x64/RAM_DIN_VEC[18]/ram_instance/PortAAddr[9:0],0,0.0,0.0,0.0,0.0,,0
x_aq_lsu_top/x_aq_dcache_top/x_aq_dcache_data_array_bank3/x_aq_spsram_1024x64/x_aq_f_spsram_1024x64/RAM_DIN_VEC[18]/ram_instance/PortADataIn[0:0],0,0.0,0.0,0.0,0.0,,0
x_aq_lsu_top/x_aq_dcache_top/x_aq_dcache_data_array_bank3/x_aq_spsram_1024x64/x_aq_f_spsram_1024x64/RAM_DIN_VEC[18]/ram_instance/PortAWriteEnable,0,0.0,0.0,0.0,0.0,,0
x_aq_lsu_top/x_aq_dcache_top/x_aq_dcache_data_array_bank3/x_aq_spsram_1024x64/x_aq_f_spsram_1024x64/RAM_DIN_VEC[19]/ram_instance/PortAClk,0,0.0,0.0,0.0,0.0,,0
x_aq_lsu_top/x_aq_dcache_top/x_aq_dcache_data_array_bank3/x_aq_spsram_1024x64/x_aq_f_spsram_1024x64/RAM_DIN_VEC[19]/ram_instance/PortAAddr[9:0],0,0.0,0.0,0.0,0.0,,0
x_aq_lsu_top/x_aq_dcache_top/x_aq_dcache_data_array_bank3/x_aq_spsram_1024x64/x_aq_f_spsram_1024x64/RAM_DIN_VEC[19]/ram_instance/PortADataIn[0:0],0,0.0,0.0,0.0,0.0,,0
x_aq_lsu_top/x_aq_dcache_top/x_aq_dcache_data_array_bank3/x_aq_spsram_1024x64/x_aq_f_spsram_1024x64/RAM_DIN_VEC[19]/ram_instance/PortAWriteEnable,0,0.0,0.0,0.0,0.0,,0
x_aq_lsu_top/x_aq_dcache_top/x_aq_dcache_data_array_bank3/x_aq_spsram_1024x64/x_aq_f_spsram_1024x64/RAM_DIN_VEC[20]/ram_instance/PortAClk,0,0.0,0.0,0.0,0.0,,0
x_aq_lsu_top/x_aq_dcache_top/x_aq_dcache_data_array_bank3/x_aq_spsram_1024x64/x_aq_f_spsram_1024x64/RAM_DIN_VEC[20]/ram_instance/PortAAddr[9:0],0,0.0,0.0,0.0,0.0,,0
x_aq_lsu_top/x_aq_dcache_top/x_aq_dcache_data_array_bank3/x_aq_spsram_1024x64/x_aq_f_spsram_1024x64/RAM_DIN_VEC[20]/ram_instance/PortADataIn[0:0],0,0.0,0.0,0.0,0.0,,0
x_aq_lsu_top/x_aq_dcache_top/x_aq_dcache_data_array_bank3/x_aq_spsram_1024x64/x_aq_f_spsram_1024x64/RAM_DIN_VEC[20]/ram_instance/PortAWriteEnable,0,0.0,0.0,0.0,0.0,,0
x_aq_lsu_top/x_aq_dcache_top/x_aq_dcache_data_array_bank3/x_aq_spsram_1024x64/x_aq_f_spsram_1024x64/RAM_DIN_VEC[21]/ram_instance/PortAClk,0,0.0,0.0,0.0,0.0,,0
x_aq_lsu_top/x_aq_dcache_top/x_aq_dcache_data_array_bank3/x_aq_spsram_1024x64/x_aq_f_spsram_1024x64/RAM_DIN_VEC[21]/ram_instance/PortAAddr[9:0],0,0.0,0.0,0.0,0.0,,0
x_aq_lsu_top/x_aq_dcache_top/x_aq_dcache_data_array_bank3/x_aq_spsram_1024x64/x_aq_f_spsram_1024x64/RAM_DIN_VEC[21]/ram_instance/PortADataIn[0:0],0,0.0,0.0,0.0,0.0,,0
x_aq_lsu_top/x_aq_dcache_top/x_aq_dcache_data_array_bank3/x_aq_spsram_1024x64/x_aq_f_spsram_1024x64/RAM_DIN_VEC[21]/ram_instance/PortAWriteEnable,0,0.0,0.0,0.0,0.0,,0
x_aq_lsu_top/x_aq_dcache_top/x_aq_dcache_data_array_bank3/x_aq_spsram_1024x64/x_aq_f_spsram_1024x64/RAM_DIN_VEC[22]/ram_instance/PortAClk,0,0.0,0.0,0.0,0.0,,0
x_aq_lsu_top/x_aq_dcache_top/x_aq_dcache_data_array_bank3/x_aq_spsram_1024x64/x_aq_f_spsram_1024x64/RAM_DIN_VEC[22]/ram_instance/PortAAddr[9:0],0,0.0,0.0,0.0,0.0,,0
x_aq_lsu_top/x_aq_dcache_top/x_aq_dcache_data_array_bank3/x_aq_spsram_1024x64/x_aq_f_spsram_1024x64/RAM_DIN_VEC[22]/ram_instance/PortADataIn[0:0],0,0.0,0.0,0.0,0.0,,0
x_aq_lsu_top/x_aq_dcache_top/x_aq_dcache_data_array_bank3/x_aq_spsram_1024x64/x_aq_f_spsram_1024x64/RAM_DIN_VEC[22]/ram_instance/PortAWriteEnable,0,0.0,0.0,0.0,0.0,,0
x_aq_lsu_top/x_aq_dcache_top/x_aq_dcache_data_array_bank3/x_aq_spsram_1024x64/x_aq_f_spsram_1024x64/RAM_DIN_VEC[23]/ram_instance/PortAClk,0,0.0,0.0,0.0,0.0,,0
x_aq_lsu_top/x_aq_dcache_top/x_aq_dcache_data_array_bank3/x_aq_spsram_1024x64/x_aq_f_spsram_1024x64/RAM_DIN_VEC[23]/ram_instance/PortAAddr[9:0],0,0.0,0.0,0.0,0.0,,0
x_aq_lsu_top/x_aq_dcache_top/x_aq_dcache_data_array_bank3/x_aq_spsram_1024x64/x_aq_f_spsram_1024x64/RAM_DIN_VEC[23]/ram_instance/PortADataIn[0:0],0,0.0,0.0,0.0,0.0,,0
x_aq_lsu_top/x_aq_dcache_top/x_aq_dcache_data_array_bank3/x_aq_spsram_1024x64/x_aq_f_spsram_1024x64/RAM_DIN_VEC[23]/ram_instance/PortAWriteEnable,0,0.0,0.0,0.0,0.0,,0
x_aq_lsu_top/x_aq_dcache_top/x_aq_dcache_data_array_bank3/x_aq_spsram_1024x64/x_aq_f_spsram_1024x64/RAM_DIN_VEC[24]/ram_instance/PortAClk,0,0.0,0.0,0.0,0.0,,0
x_aq_lsu_top/x_aq_dcache_top/x_aq_dcache_data_array_bank3/x_aq_spsram_1024x64/x_aq_f_spsram_1024x64/RAM_DIN_VEC[24]/ram_instance/PortAAddr[9:0],0,0.0,0.0,0.0,0.0,,0
x_aq_lsu_top/x_aq_dcache_top/x_aq_dcache_data_array_bank3/x_aq_spsram_1024x64/x_aq_f_spsram_1024x64/RAM_DIN_VEC[24]/ram_instance/PortADataIn[0:0],0,0.0,0.0,0.0,0.0,,0
x_aq_lsu_top/x_aq_dcache_top/x_aq_dcache_data_array_bank3/x_aq_spsram_1024x64/x_aq_f_spsram_1024x64/RAM_DIN_VEC[24]/ram_instance/PortAWriteEnable,0,0.0,0.0,0.0,0.0,,0
x_aq_lsu_top/x_aq_dcache_top/x_aq_dcache_data_array_bank3/x_aq_spsram_1024x64/x_aq_f_spsram_1024x64/RAM_DIN_VEC[25]/ram_instance/PortAClk,0,0.0,0.0,0.0,0.0,,0
x_aq_lsu_top/x_aq_dcache_top/x_aq_dcache_data_array_bank3/x_aq_spsram_1024x64/x_aq_f_spsram_1024x64/RAM_DIN_VEC[25]/ram_instance/PortAAddr[9:0],0,0.0,0.0,0.0,0.0,,0
x_aq_lsu_top/x_aq_dcache_top/x_aq_dcache_data_array_bank3/x_aq_spsram_1024x64/x_aq_f_spsram_1024x64/RAM_DIN_VEC[25]/ram_instance/PortADataIn[0:0],0,0.0,0.0,0.0,0.0,,0
x_aq_lsu_top/x_aq_dcache_top/x_aq_dcache_data_array_bank3/x_aq_spsram_1024x64/x_aq_f_spsram_1024x64/RAM_DIN_VEC[25]/ram_instance/PortAWriteEnable,0,0.0,0.0,0.0,0.0,,0
x_aq_lsu_top/x_aq_dcache_top/x_aq_dcache_data_array_bank3/x_aq_spsram_1024x64/x_aq_f_spsram_1024x64/RAM_DIN_VEC[26]/ram_instance/PortAClk,0,0.0,0.0,0.0,0.0,,0
x_aq_lsu_top/x_aq_dcache_top/x_aq_dcache_data_array_bank3/x_aq_spsram_1024x64/x_aq_f_spsram_1024x64/RAM_DIN_VEC[26]/ram_instance/PortAAddr[9:0],0,0.0,0.0,0.0,0.0,,0
x_aq_lsu_top/x_aq_dcache_top/x_aq_dcache_data_array_bank3/x_aq_spsram_1024x64/x_aq_f_spsram_1024x64/RAM_DIN_VEC[26]/ram_instance/PortADataIn[0:0],0,0.0,0.0,0.0,0.0,,0
x_aq_lsu_top/x_aq_dcache_top/x_aq_dcache_data_array_bank3/x_aq_spsram_1024x64/x_aq_f_spsram_1024x64/RAM_DIN_VEC[26]/ram_instance/PortAWriteEnable,0,0.0,0.0,0.0,0.0,,0
x_aq_lsu_top/x_aq_dcache_top/x_aq_dcache_data_array_bank3/x_aq_spsram_1024x64/x_aq_f_spsram_1024x64/RAM_DIN_VEC[27]/ram_instance/PortAClk,0,0.0,0.0,0.0,0.0,,0
x_aq_lsu_top/x_aq_dcache_top/x_aq_dcache_data_array_bank3/x_aq_spsram_1024x64/x_aq_f_spsram_1024x64/RAM_DIN_VEC[27]/ram_instance/PortAAddr[9:0],0,0.0,0.0,0.0,0.0,,0
x_aq_lsu_top/x_aq_dcache_top/x_aq_dcache_data_array_bank3/x_aq_spsram_1024x64/x_aq_f_spsram_1024x64/RAM_DIN_VEC[27]/ram_instance/PortADataIn[0:0],0,0.0,0.0,0.0,0.0,,0
x_aq_lsu_top/x_aq_dcache_top/x_aq_dcache_data_array_bank3/x_aq_spsram_1024x64/x_aq_f_spsram_1024x64/RAM_DIN_VEC[27]/ram_instance/PortAWriteEnable,0,0.0,0.0,0.0,0.0,,0
x_aq_lsu_top/x_aq_dcache_top/x_aq_dcache_data_array_bank3/x_aq_spsram_1024x64/x_aq_f_spsram_1024x64/RAM_DIN_VEC[28]/ram_instance/PortAClk,0,0.0,0.0,0.0,0.0,,0
x_aq_lsu_top/x_aq_dcache_top/x_aq_dcache_data_array_bank3/x_aq_spsram_1024x64/x_aq_f_spsram_1024x64/RAM_DIN_VEC[28]/ram_instance/PortAAddr[9:0],0,0.0,0.0,0.0,0.0,,0
x_aq_lsu_top/x_aq_dcache_top/x_aq_dcache_data_array_bank3/x_aq_spsram_1024x64/x_aq_f_spsram_1024x64/RAM_DIN_VEC[28]/ram_instance/PortADataIn[0:0],0,0.0,0.0,0.0,0.0,,0
x_aq_lsu_top/x_aq_dcache_top/x_aq_dcache_data_array_bank3/x_aq_spsram_1024x64/x_aq_f_spsram_1024x64/RAM_DIN_VEC[28]/ram_instance/PortAWriteEnable,0,0.0,0.0,0.0,0.0,,0
x_aq_lsu_top/x_aq_dcache_top/x_aq_dcache_data_array_bank3/x_aq_spsram_1024x64/x_aq_f_spsram_1024x64/RAM_DIN_VEC[29]/ram_instance/PortAClk,0,0.0,0.0,0.0,0.0,,0
x_aq_lsu_top/x_aq_dcache_top/x_aq_dcache_data_array_bank3/x_aq_spsram_1024x64/x_aq_f_spsram_1024x64/RAM_DIN_VEC[29]/ram_instance/PortAAddr[9:0],0,0.0,0.0,0.0,0.0,,0
x_aq_lsu_top/x_aq_dcache_top/x_aq_dcache_data_array_bank3/x_aq_spsram_1024x64/x_aq_f_spsram_1024x64/RAM_DIN_VEC[29]/ram_instance/PortADataIn[0:0],0,0.0,0.0,0.0,0.0,,0
x_aq_lsu_top/x_aq_dcache_top/x_aq_dcache_data_array_bank3/x_aq_spsram_1024x64/x_aq_f_spsram_1024x64/RAM_DIN_VEC[29]/ram_instance/PortAWriteEnable,0,0.0,0.0,0.0,0.0,,0
x_aq_lsu_top/x_aq_dcache_top/x_aq_dcache_data_array_bank3/x_aq_spsram_1024x64/x_aq_f_spsram_1024x64/RAM_DIN_VEC[30]/ram_instance/PortAClk,0,0.0,0.0,0.0,0.0,,0
x_aq_lsu_top/x_aq_dcache_top/x_aq_dcache_data_array_bank3/x_aq_spsram_1024x64/x_aq_f_spsram_1024x64/RAM_DIN_VEC[30]/ram_instance/PortAAddr[9:0],0,0.0,0.0,0.0,0.0,,0
x_aq_lsu_top/x_aq_dcache_top/x_aq_dcache_data_array_bank3/x_aq_spsram_1024x64/x_aq_f_spsram_1024x64/RAM_DIN_VEC[30]/ram_instance/PortADataIn[0:0],0,0.0,0.0,0.0,0.0,,0
x_aq_lsu_top/x_aq_dcache_top/x_aq_dcache_data_array_bank3/x_aq_spsram_1024x64/x_aq_f_spsram_1024x64/RAM_DIN_VEC[30]/ram_instance/PortAWriteEnable,0,0.0,0.0,0.0,0.0,,0
x_aq_lsu_top/x_aq_dcache_top/x_aq_dcache_data_array_bank3/x_aq_spsram_1024x64/x_aq_f_spsram_1024x64/RAM_DIN_VEC[31]/ram_instance/PortAClk,0,0.0,0.0,0.0,0.0,,0
x_aq_lsu_top/x_aq_dcache_top/x_aq_dcache_data_array_bank3/x_aq_spsram_1024x64/x_aq_f_spsram_1024x64/RAM_DIN_VEC[31]/ram_instance/PortAAddr[9:0],0,0.0,0.0,0.0,0.0,,0
x_aq_lsu_top/x_aq_dcache_top/x_aq_dcache_data_array_bank3/x_aq_spsram_1024x64/x_aq_f_spsram_1024x64/RAM_DIN_VEC[31]/ram_instance/PortADataIn[0:0],0,0.0,0.0,0.0,0.0,,0
x_aq_lsu_top/x_aq_dcache_top/x_aq_dcache_data_array_bank3/x_aq_spsram_1024x64/x_aq_f_spsram_1024x64/RAM_DIN_VEC[31]/ram_instance/PortAWriteEnable,0,0.0,0.0,0.0,0.0,,0
x_aq_lsu_top/x_aq_dcache_top/x_aq_dcache_data_array_bank3/x_aq_spsram_1024x64/x_aq_f_spsram_1024x64/RAM_DIN_VEC[32]/ram_instance/PortAClk,0,0.0,0.0,0.0,0.0,,0
x_aq_lsu_top/x_aq_dcache_top/x_aq_dcache_data_array_bank3/x_aq_spsram_1024x64/x_aq_f_spsram_1024x64/RAM_DIN_VEC[32]/ram_instance/PortAAddr[9:0],0,0.0,0.0,0.0,0.0,,0
x_aq_lsu_top/x_aq_dcache_top/x_aq_dcache_data_array_bank3/x_aq_spsram_1024x64/x_aq_f_spsram_1024x64/RAM_DIN_VEC[32]/ram_instance/PortADataIn[0:0],0,0.0,0.0,0.0,0.0,,0
x_aq_lsu_top/x_aq_dcache_top/x_aq_dcache_data_array_bank3/x_aq_spsram_1024x64/x_aq_f_spsram_1024x64/RAM_DIN_VEC[32]/ram_instance/PortAWriteEnable,0,0.0,0.0,0.0,0.0,,0
x_aq_lsu_top/x_aq_dcache_top/x_aq_dcache_data_array_bank3/x_aq_spsram_1024x64/x_aq_f_spsram_1024x64/RAM_DIN_VEC[33]/ram_instance/PortAClk,0,0.0,0.0,0.0,0.0,,0
x_aq_lsu_top/x_aq_dcache_top/x_aq_dcache_data_array_bank3/x_aq_spsram_1024x64/x_aq_f_spsram_1024x64/RAM_DIN_VEC[33]/ram_instance/PortAAddr[9:0],0,0.0,0.0,0.0,0.0,,0
x_aq_lsu_top/x_aq_dcache_top/x_aq_dcache_data_array_bank3/x_aq_spsram_1024x64/x_aq_f_spsram_1024x64/RAM_DIN_VEC[33]/ram_instance/PortADataIn[0:0],0,0.0,0.0,0.0,0.0,,0
x_aq_lsu_top/x_aq_dcache_top/x_aq_dcache_data_array_bank3/x_aq_spsram_1024x64/x_aq_f_spsram_1024x64/RAM_DIN_VEC[33]/ram_instance/PortAWriteEnable,0,0.0,0.0,0.0,0.0,,0
x_aq_lsu_top/x_aq_dcache_top/x_aq_dcache_data_array_bank3/x_aq_spsram_1024x64/x_aq_f_spsram_1024x64/RAM_DIN_VEC[34]/ram_instance/PortAClk,0,0.0,0.0,0.0,0.0,,0
x_aq_lsu_top/x_aq_dcache_top/x_aq_dcache_data_array_bank3/x_aq_spsram_1024x64/x_aq_f_spsram_1024x64/RAM_DIN_VEC[34]/ram_instance/PortAAddr[9:0],0,0.0,0.0,0.0,0.0,,0
x_aq_lsu_top/x_aq_dcache_top/x_aq_dcache_data_array_bank3/x_aq_spsram_1024x64/x_aq_f_spsram_1024x64/RAM_DIN_VEC[34]/ram_instance/PortADataIn[0:0],0,0.0,0.0,0.0,0.0,,0
x_aq_lsu_top/x_aq_dcache_top/x_aq_dcache_data_array_bank3/x_aq_spsram_1024x64/x_aq_f_spsram_1024x64/RAM_DIN_VEC[34]/ram_instance/PortAWriteEnable,0,0.0,0.0,0.0,0.0,,0
x_aq_lsu_top/x_aq_dcache_top/x_aq_dcache_data_array_bank3/x_aq_spsram_1024x64/x_aq_f_spsram_1024x64/RAM_DIN_VEC[35]/ram_instance/PortAClk,0,0.0,0.0,0.0,0.0,,0
x_aq_lsu_top/x_aq_dcache_top/x_aq_dcache_data_array_bank3/x_aq_spsram_1024x64/x_aq_f_spsram_1024x64/RAM_DIN_VEC[35]/ram_instance/PortAAddr[9:0],0,0.0,0.0,0.0,0.0,,0
x_aq_lsu_top/x_aq_dcache_top/x_aq_dcache_data_array_bank3/x_aq_spsram_1024x64/x_aq_f_spsram_1024x64/RAM_DIN_VEC[35]/ram_instance/PortADataIn[0:0],0,0.0,0.0,0.0,0.0,,0
x_aq_lsu_top/x_aq_dcache_top/x_aq_dcache_data_array_bank3/x_aq_spsram_1024x64/x_aq_f_spsram_1024x64/RAM_DIN_VEC[35]/ram_instance/PortAWriteEnable,0,0.0,0.0,0.0,0.0,,0
x_aq_lsu_top/x_aq_dcache_top/x_aq_dcache_data_array_bank3/x_aq_spsram_1024x64/x_aq_f_spsram_1024x64/RAM_DIN_VEC[36]/ram_instance/PortAClk,0,0.0,0.0,0.0,0.0,,0
x_aq_lsu_top/x_aq_dcache_top/x_aq_dcache_data_array_bank3/x_aq_spsram_1024x64/x_aq_f_spsram_1024x64/RAM_DIN_VEC[36]/ram_instance/PortAAddr[9:0],0,0.0,0.0,0.0,0.0,,0
x_aq_lsu_top/x_aq_dcache_top/x_aq_dcache_data_array_bank3/x_aq_spsram_1024x64/x_aq_f_spsram_1024x64/RAM_DIN_VEC[36]/ram_instance/PortADataIn[0:0],0,0.0,0.0,0.0,0.0,,0
x_aq_lsu_top/x_aq_dcache_top/x_aq_dcache_data_array_bank3/x_aq_spsram_1024x64/x_aq_f_spsram_1024x64/RAM_DIN_VEC[36]/ram_instance/PortAWriteEnable,0,0.0,0.0,0.0,0.0,,0
x_aq_lsu_top/x_aq_dcache_top/x_aq_dcache_data_array_bank3/x_aq_spsram_1024x64/x_aq_f_spsram_1024x64/RAM_DIN_VEC[37]/ram_instance/PortAClk,0,0.0,0.0,0.0,0.0,,0
x_aq_lsu_top/x_aq_dcache_top/x_aq_dcache_data_array_bank3/x_aq_spsram_1024x64/x_aq_f_spsram_1024x64/RAM_DIN_VEC[37]/ram_instance/PortAAddr[9:0],0,0.0,0.0,0.0,0.0,,0
x_aq_lsu_top/x_aq_dcache_top/x_aq_dcache_data_array_bank3/x_aq_spsram_1024x64/x_aq_f_spsram_1024x64/RAM_DIN_VEC[37]/ram_instance/PortADataIn[0:0],0,0.0,0.0,0.0,0.0,,0
x_aq_lsu_top/x_aq_dcache_top/x_aq_dcache_data_array_bank3/x_aq_spsram_1024x64/x_aq_f_spsram_1024x64/RAM_DIN_VEC[37]/ram_instance/PortAWriteEnable,0,0.0,0.0,0.0,0.0,,0
x_aq_lsu_top/x_aq_dcache_top/x_aq_dcache_data_array_bank3/x_aq_spsram_1024x64/x_aq_f_spsram_1024x64/RAM_DIN_VEC[38]/ram_instance/PortAClk,0,0.0,0.0,0.0,0.0,,0
x_aq_lsu_top/x_aq_dcache_top/x_aq_dcache_data_array_bank3/x_aq_spsram_1024x64/x_aq_f_spsram_1024x64/RAM_DIN_VEC[38]/ram_instance/PortAAddr[9:0],0,0.0,0.0,0.0,0.0,,0
x_aq_lsu_top/x_aq_dcache_top/x_aq_dcache_data_array_bank3/x_aq_spsram_1024x64/x_aq_f_spsram_1024x64/RAM_DIN_VEC[38]/ram_instance/PortADataIn[0:0],0,0.0,0.0,0.0,0.0,,0
x_aq_lsu_top/x_aq_dcache_top/x_aq_dcache_data_array_bank3/x_aq_spsram_1024x64/x_aq_f_spsram_1024x64/RAM_DIN_VEC[38]/ram_instance/PortAWriteEnable,0,0.0,0.0,0.0,0.0,,0
x_aq_lsu_top/x_aq_dcache_top/x_aq_dcache_data_array_bank3/x_aq_spsram_1024x64/x_aq_f_spsram_1024x64/RAM_DIN_VEC[39]/ram_instance/PortAClk,0,0.0,0.0,0.0,0.0,,0
x_aq_lsu_top/x_aq_dcache_top/x_aq_dcache_data_array_bank3/x_aq_spsram_1024x64/x_aq_f_spsram_1024x64/RAM_DIN_VEC[39]/ram_instance/PortAAddr[9:0],0,0.0,0.0,0.0,0.0,,0
x_aq_lsu_top/x_aq_dcache_top/x_aq_dcache_data_array_bank3/x_aq_spsram_1024x64/x_aq_f_spsram_1024x64/RAM_DIN_VEC[39]/ram_instance/PortADataIn[0:0],0,0.0,0.0,0.0,0.0,,0
x_aq_lsu_top/x_aq_dcache_top/x_aq_dcache_data_array_bank3/x_aq_spsram_1024x64/x_aq_f_spsram_1024x64/RAM_DIN_VEC[39]/ram_instance/PortAWriteEnable,0,0.0,0.0,0.0,0.0,,0
x_aq_lsu_top/x_aq_dcache_top/x_aq_dcache_data_array_bank3/x_aq_spsram_1024x64/x_aq_f_spsram_1024x64/RAM_DIN_VEC[40]/ram_instance/PortAClk,0,0.0,0.0,0.0,0.0,,0
x_aq_lsu_top/x_aq_dcache_top/x_aq_dcache_data_array_bank3/x_aq_spsram_1024x64/x_aq_f_spsram_1024x64/RAM_DIN_VEC[40]/ram_instance/PortAAddr[9:0],0,0.0,0.0,0.0,0.0,,0
x_aq_lsu_top/x_aq_dcache_top/x_aq_dcache_data_array_bank3/x_aq_spsram_1024x64/x_aq_f_spsram_1024x64/RAM_DIN_VEC[40]/ram_instance/PortADataIn[0:0],0,0.0,0.0,0.0,0.0,,0
x_aq_lsu_top/x_aq_dcache_top/x_aq_dcache_data_array_bank3/x_aq_spsram_1024x64/x_aq_f_spsram_1024x64/RAM_DIN_VEC[40]/ram_instance/PortAWriteEnable,0,0.0,0.0,0.0,0.0,,0
x_aq_lsu_top/x_aq_dcache_top/x_aq_dcache_data_array_bank3/x_aq_spsram_1024x64/x_aq_f_spsram_1024x64/RAM_DIN_VEC[41]/ram_instance/PortAClk,0,0.0,0.0,0.0,0.0,,0
x_aq_lsu_top/x_aq_dcache_top/x_aq_dcache_data_array_bank3/x_aq_spsram_1024x64/x_aq_f_spsram_1024x64/RAM_DIN_VEC[41]/ram_instance/PortAAddr[9:0],0,0.0,0.0,0.0,0.0,,0
x_aq_lsu_top/x_aq_dcache_top/x_aq_dcache_data_array_bank3/x_aq_spsram_1024x64/x_aq_f_spsram_1024x64/RAM_DIN_VEC[41]/ram_instance/PortADataIn[0:0],0,0.0,0.0,0.0,0.0,,0
x_aq_lsu_top/x_aq_dcache_top/x_aq_dcache_data_array_bank3/x_aq_spsram_1024x64/x_aq_f_spsram_1024x64/RAM_DIN_VEC[41]/ram_instance/PortAWriteEnable,0,0.0,0.0,0.0,0.0,,0
x_aq_lsu_top/x_aq_dcache_top/x_aq_dcache_data_array_bank3/x_aq_spsram_1024x64/x_aq_f_spsram_1024x64/RAM_DIN_VEC[42]/ram_instance/PortAClk,0,0.0,0.0,0.0,0.0,,0
x_aq_lsu_top/x_aq_dcache_top/x_aq_dcache_data_array_bank3/x_aq_spsram_1024x64/x_aq_f_spsram_1024x64/RAM_DIN_VEC[42]/ram_instance/PortAAddr[9:0],0,0.0,0.0,0.0,0.0,,0
x_aq_lsu_top/x_aq_dcache_top/x_aq_dcache_data_array_bank3/x_aq_spsram_1024x64/x_aq_f_spsram_1024x64/RAM_DIN_VEC[42]/ram_instance/PortADataIn[0:0],0,0.0,0.0,0.0,0.0,,0
x_aq_lsu_top/x_aq_dcache_top/x_aq_dcache_data_array_bank3/x_aq_spsram_1024x64/x_aq_f_spsram_1024x64/RAM_DIN_VEC[42]/ram_instance/PortAWriteEnable,0,0.0,0.0,0.0,0.0,,0
x_aq_lsu_top/x_aq_dcache_top/x_aq_dcache_data_array_bank3/x_aq_spsram_1024x64/x_aq_f_spsram_1024x64/RAM_DIN_VEC[43]/ram_instance/PortAClk,0,0.0,0.0,0.0,0.0,,0
x_aq_lsu_top/x_aq_dcache_top/x_aq_dcache_data_array_bank3/x_aq_spsram_1024x64/x_aq_f_spsram_1024x64/RAM_DIN_VEC[43]/ram_instance/PortAAddr[9:0],0,0.0,0.0,0.0,0.0,,0
x_aq_lsu_top/x_aq_dcache_top/x_aq_dcache_data_array_bank3/x_aq_spsram_1024x64/x_aq_f_spsram_1024x64/RAM_DIN_VEC[43]/ram_instance/PortADataIn[0:0],0,0.0,0.0,0.0,0.0,,0
x_aq_lsu_top/x_aq_dcache_top/x_aq_dcache_data_array_bank3/x_aq_spsram_1024x64/x_aq_f_spsram_1024x64/RAM_DIN_VEC[43]/ram_instance/PortAWriteEnable,0,0.0,0.0,0.0,0.0,,0
x_aq_lsu_top/x_aq_dcache_top/x_aq_dcache_data_array_bank3/x_aq_spsram_1024x64/x_aq_f_spsram_1024x64/RAM_DIN_VEC[44]/ram_instance/PortAClk,0,0.0,0.0,0.0,0.0,,0
x_aq_lsu_top/x_aq_dcache_top/x_aq_dcache_data_array_bank3/x_aq_spsram_1024x64/x_aq_f_spsram_1024x64/RAM_DIN_VEC[44]/ram_instance/PortAAddr[9:0],0,0.0,0.0,0.0,0.0,,0
x_aq_lsu_top/x_aq_dcache_top/x_aq_dcache_data_array_bank3/x_aq_spsram_1024x64/x_aq_f_spsram_1024x64/RAM_DIN_VEC[44]/ram_instance/PortADataIn[0:0],0,0.0,0.0,0.0,0.0,,0
x_aq_lsu_top/x_aq_dcache_top/x_aq_dcache_data_array_bank3/x_aq_spsram_1024x64/x_aq_f_spsram_1024x64/RAM_DIN_VEC[44]/ram_instance/PortAWriteEnable,0,0.0,0.0,0.0,0.0,,0
x_aq_lsu_top/x_aq_dcache_top/x_aq_dcache_data_array_bank3/x_aq_spsram_1024x64/x_aq_f_spsram_1024x64/RAM_DIN_VEC[45]/ram_instance/PortAClk,0,0.0,0.0,0.0,0.0,,0
x_aq_lsu_top/x_aq_dcache_top/x_aq_dcache_data_array_bank3/x_aq_spsram_1024x64/x_aq_f_spsram_1024x64/RAM_DIN_VEC[45]/ram_instance/PortAAddr[9:0],0,0.0,0.0,0.0,0.0,,0
x_aq_lsu_top/x_aq_dcache_top/x_aq_dcache_data_array_bank3/x_aq_spsram_1024x64/x_aq_f_spsram_1024x64/RAM_DIN_VEC[45]/ram_instance/PortADataIn[0:0],0,0.0,0.0,0.0,0.0,,0
x_aq_lsu_top/x_aq_dcache_top/x_aq_dcache_data_array_bank3/x_aq_spsram_1024x64/x_aq_f_spsram_1024x64/RAM_DIN_VEC[45]/ram_instance/PortAWriteEnable,0,0.0,0.0,0.0,0.0,,0
x_aq_lsu_top/x_aq_dcache_top/x_aq_dcache_data_array_bank3/x_aq_spsram_1024x64/x_aq_f_spsram_1024x64/RAM_DIN_VEC[46]/ram_instance/PortAClk,0,0.0,0.0,0.0,0.0,,0
x_aq_lsu_top/x_aq_dcache_top/x_aq_dcache_data_array_bank3/x_aq_spsram_1024x64/x_aq_f_spsram_1024x64/RAM_DIN_VEC[46]/ram_instance/PortAAddr[9:0],0,0.0,0.0,0.0,0.0,,0
x_aq_lsu_top/x_aq_dcache_top/x_aq_dcache_data_array_bank3/x_aq_spsram_1024x64/x_aq_f_spsram_1024x64/RAM_DIN_VEC[46]/ram_instance/PortADataIn[0:0],0,0.0,0.0,0.0,0.0,,0
x_aq_lsu_top/x_aq_dcache_top/x_aq_dcache_data_array_bank3/x_aq_spsram_1024x64/x_aq_f_spsram_1024x64/RAM_DIN_VEC[46]/ram_instance/PortAWriteEnable,0,0.0,0.0,0.0,0.0,,0
x_aq_lsu_top/x_aq_dcache_top/x_aq_dcache_data_array_bank3/x_aq_spsram_1024x64/x_aq_f_spsram_1024x64/RAM_DIN_VEC[47]/ram_instance/PortAClk,0,0.0,0.0,0.0,0.0,,0
x_aq_lsu_top/x_aq_dcache_top/x_aq_dcache_data_array_bank3/x_aq_spsram_1024x64/x_aq_f_spsram_1024x64/RAM_DIN_VEC[47]/ram_instance/PortAAddr[9:0],0,0.0,0.0,0.0,0.0,,0
x_aq_lsu_top/x_aq_dcache_top/x_aq_dcache_data_array_bank3/x_aq_spsram_1024x64/x_aq_f_spsram_1024x64/RAM_DIN_VEC[47]/ram_instance/PortADataIn[0:0],0,0.0,0.0,0.0,0.0,,0
x_aq_lsu_top/x_aq_dcache_top/x_aq_dcache_data_array_bank3/x_aq_spsram_1024x64/x_aq_f_spsram_1024x64/RAM_DIN_VEC[47]/ram_instance/PortAWriteEnable,0,0.0,0.0,0.0,0.0,,0
x_aq_lsu_top/x_aq_dcache_top/x_aq_dcache_data_array_bank3/x_aq_spsram_1024x64/x_aq_f_spsram_1024x64/RAM_DIN_VEC[48]/ram_instance/PortAClk,0,0.0,0.0,0.0,0.0,,0
x_aq_lsu_top/x_aq_dcache_top/x_aq_dcache_data_array_bank3/x_aq_spsram_1024x64/x_aq_f_spsram_1024x64/RAM_DIN_VEC[48]/ram_instance/PortAAddr[9:0],0,0.0,0.0,0.0,0.0,,0
x_aq_lsu_top/x_aq_dcache_top/x_aq_dcache_data_array_bank3/x_aq_spsram_1024x64/x_aq_f_spsram_1024x64/RAM_DIN_VEC[48]/ram_instance/PortADataIn[0:0],0,0.0,0.0,0.0,0.0,,0
x_aq_lsu_top/x_aq_dcache_top/x_aq_dcache_data_array_bank3/x_aq_spsram_1024x64/x_aq_f_spsram_1024x64/RAM_DIN_VEC[48]/ram_instance/PortAWriteEnable,0,0.0,0.0,0.0,0.0,,0
x_aq_lsu_top/x_aq_dcache_top/x_aq_dcache_data_array_bank3/x_aq_spsram_1024x64/x_aq_f_spsram_1024x64/RAM_DIN_VEC[49]/ram_instance/PortAClk,0,0.0,0.0,0.0,0.0,,0
x_aq_lsu_top/x_aq_dcache_top/x_aq_dcache_data_array_bank3/x_aq_spsram_1024x64/x_aq_f_spsram_1024x64/RAM_DIN_VEC[49]/ram_instance/PortAAddr[9:0],0,0.0,0.0,0.0,0.0,,0
x_aq_lsu_top/x_aq_dcache_top/x_aq_dcache_data_array_bank3/x_aq_spsram_1024x64/x_aq_f_spsram_1024x64/RAM_DIN_VEC[49]/ram_instance/PortADataIn[0:0],0,0.0,0.0,0.0,0.0,,0
x_aq_lsu_top/x_aq_dcache_top/x_aq_dcache_data_array_bank3/x_aq_spsram_1024x64/x_aq_f_spsram_1024x64/RAM_DIN_VEC[49]/ram_instance/PortAWriteEnable,0,0.0,0.0,0.0,0.0,,0
x_aq_lsu_top/x_aq_dcache_top/x_aq_dcache_data_array_bank3/x_aq_spsram_1024x64/x_aq_f_spsram_1024x64/RAM_DIN_VEC[50]/ram_instance/PortAClk,0,0.0,0.0,0.0,0.0,,0
x_aq_lsu_top/x_aq_dcache_top/x_aq_dcache_data_array_bank3/x_aq_spsram_1024x64/x_aq_f_spsram_1024x64/RAM_DIN_VEC[50]/ram_instance/PortAAddr[9:0],0,0.0,0.0,0.0,0.0,,0
x_aq_lsu_top/x_aq_dcache_top/x_aq_dcache_data_array_bank3/x_aq_spsram_1024x64/x_aq_f_spsram_1024x64/RAM_DIN_VEC[50]/ram_instance/PortADataIn[0:0],0,0.0,0.0,0.0,0.0,,0
x_aq_lsu_top/x_aq_dcache_top/x_aq_dcache_data_array_bank3/x_aq_spsram_1024x64/x_aq_f_spsram_1024x64/RAM_DIN_VEC[50]/ram_instance/PortAWriteEnable,0,0.0,0.0,0.0,0.0,,0
x_aq_lsu_top/x_aq_dcache_top/x_aq_dcache_data_array_bank3/x_aq_spsram_1024x64/x_aq_f_spsram_1024x64/RAM_DIN_VEC[51]/ram_instance/PortAClk,0,0.0,0.0,0.0,0.0,,0
x_aq_lsu_top/x_aq_dcache_top/x_aq_dcache_data_array_bank3/x_aq_spsram_1024x64/x_aq_f_spsram_1024x64/RAM_DIN_VEC[51]/ram_instance/PortAAddr[9:0],0,0.0,0.0,0.0,0.0,,0
x_aq_lsu_top/x_aq_dcache_top/x_aq_dcache_data_array_bank3/x_aq_spsram_1024x64/x_aq_f_spsram_1024x64/RAM_DIN_VEC[51]/ram_instance/PortADataIn[0:0],0,0.0,0.0,0.0,0.0,,0
x_aq_lsu_top/x_aq_dcache_top/x_aq_dcache_data_array_bank3/x_aq_spsram_1024x64/x_aq_f_spsram_1024x64/RAM_DIN_VEC[51]/ram_instance/PortAWriteEnable,0,0.0,0.0,0.0,0.0,,0
x_aq_lsu_top/x_aq_dcache_top/x_aq_dcache_data_array_bank3/x_aq_spsram_1024x64/x_aq_f_spsram_1024x64/RAM_DIN_VEC[52]/ram_instance/PortAClk,0,0.0,0.0,0.0,0.0,,0
x_aq_lsu_top/x_aq_dcache_top/x_aq_dcache_data_array_bank3/x_aq_spsram_1024x64/x_aq_f_spsram_1024x64/RAM_DIN_VEC[52]/ram_instance/PortAAddr[9:0],0,0.0,0.0,0.0,0.0,,0
x_aq_lsu_top/x_aq_dcache_top/x_aq_dcache_data_array_bank3/x_aq_spsram_1024x64/x_aq_f_spsram_1024x64/RAM_DIN_VEC[52]/ram_instance/PortADataIn[0:0],0,0.0,0.0,0.0,0.0,,0
x_aq_lsu_top/x_aq_dcache_top/x_aq_dcache_data_array_bank3/x_aq_spsram_1024x64/x_aq_f_spsram_1024x64/RAM_DIN_VEC[52]/ram_instance/PortAWriteEnable,0,0.0,0.0,0.0,0.0,,0
x_aq_lsu_top/x_aq_dcache_top/x_aq_dcache_data_array_bank3/x_aq_spsram_1024x64/x_aq_f_spsram_1024x64/RAM_DIN_VEC[53]/ram_instance/PortAClk,0,0.0,0.0,0.0,0.0,,0
x_aq_lsu_top/x_aq_dcache_top/x_aq_dcache_data_array_bank3/x_aq_spsram_1024x64/x_aq_f_spsram_1024x64/RAM_DIN_VEC[53]/ram_instance/PortAAddr[9:0],0,0.0,0.0,0.0,0.0,,0
x_aq_lsu_top/x_aq_dcache_top/x_aq_dcache_data_array_bank3/x_aq_spsram_1024x64/x_aq_f_spsram_1024x64/RAM_DIN_VEC[53]/ram_instance/PortADataIn[0:0],0,0.0,0.0,0.0,0.0,,0
x_aq_lsu_top/x_aq_dcache_top/x_aq_dcache_data_array_bank3/x_aq_spsram_1024x64/x_aq_f_spsram_1024x64/RAM_DIN_VEC[53]/ram_instance/PortAWriteEnable,0,0.0,0.0,0.0,0.0,,0
x_aq_lsu_top/x_aq_dcache_top/x_aq_dcache_data_array_bank3/x_aq_spsram_1024x64/x_aq_f_spsram_1024x64/RAM_DIN_VEC[54]/ram_instance/PortAClk,0,0.0,0.0,0.0,0.0,,0
x_aq_lsu_top/x_aq_dcache_top/x_aq_dcache_data_array_bank3/x_aq_spsram_1024x64/x_aq_f_spsram_1024x64/RAM_DIN_VEC[54]/ram_instance/PortAAddr[9:0],0,0.0,0.0,0.0,0.0,,0
x_aq_lsu_top/x_aq_dcache_top/x_aq_dcache_data_array_bank3/x_aq_spsram_1024x64/x_aq_f_spsram_1024x64/RAM_DIN_VEC[54]/ram_instance/PortADataIn[0:0],0,0.0,0.0,0.0,0.0,,0
x_aq_lsu_top/x_aq_dcache_top/x_aq_dcache_data_array_bank3/x_aq_spsram_1024x64/x_aq_f_spsram_1024x64/RAM_DIN_VEC[54]/ram_instance/PortAWriteEnable,0,0.0,0.0,0.0,0.0,,0
x_aq_lsu_top/x_aq_dcache_top/x_aq_dcache_data_array_bank3/x_aq_spsram_1024x64/x_aq_f_spsram_1024x64/RAM_DIN_VEC[55]/ram_instance/PortAClk,0,0.0,0.0,0.0,0.0,,0
x_aq_lsu_top/x_aq_dcache_top/x_aq_dcache_data_array_bank3/x_aq_spsram_1024x64/x_aq_f_spsram_1024x64/RAM_DIN_VEC[55]/ram_instance/PortAAddr[9:0],0,0.0,0.0,0.0,0.0,,0
x_aq_lsu_top/x_aq_dcache_top/x_aq_dcache_data_array_bank3/x_aq_spsram_1024x64/x_aq_f_spsram_1024x64/RAM_DIN_VEC[55]/ram_instance/PortADataIn[0:0],0,0.0,0.0,0.0,0.0,,0
x_aq_lsu_top/x_aq_dcache_top/x_aq_dcache_data_array_bank3/x_aq_spsram_1024x64/x_aq_f_spsram_1024x64/RAM_DIN_VEC[55]/ram_instance/PortAWriteEnable,0,0.0,0.0,0.0,0.0,,0
x_aq_lsu_top/x_aq_dcache_top/x_aq_dcache_data_array_bank3/x_aq_spsram_1024x64/x_aq_f_spsram_1024x64/RAM_DIN_VEC[56]/ram_instance/PortAClk,0,0.0,0.0,0.0,0.0,,0
x_aq_lsu_top/x_aq_dcache_top/x_aq_dcache_data_array_bank3/x_aq_spsram_1024x64/x_aq_f_spsram_1024x64/RAM_DIN_VEC[56]/ram_instance/PortAAddr[9:0],0,0.0,0.0,0.0,0.0,,0
x_aq_lsu_top/x_aq_dcache_top/x_aq_dcache_data_array_bank3/x_aq_spsram_1024x64/x_aq_f_spsram_1024x64/RAM_DIN_VEC[56]/ram_instance/PortADataIn[0:0],0,0.0,0.0,0.0,0.0,,0
x_aq_lsu_top/x_aq_dcache_top/x_aq_dcache_data_array_bank3/x_aq_spsram_1024x64/x_aq_f_spsram_1024x64/RAM_DIN_VEC[56]/ram_instance/PortAWriteEnable,0,0.0,0.0,0.0,0.0,,0
x_aq_lsu_top/x_aq_dcache_top/x_aq_dcache_data_array_bank3/x_aq_spsram_1024x64/x_aq_f_spsram_1024x64/RAM_DIN_VEC[57]/ram_instance/PortAClk,0,0.0,0.0,0.0,0.0,,0
x_aq_lsu_top/x_aq_dcache_top/x_aq_dcache_data_array_bank3/x_aq_spsram_1024x64/x_aq_f_spsram_1024x64/RAM_DIN_VEC[57]/ram_instance/PortAAddr[9:0],0,0.0,0.0,0.0,0.0,,0
x_aq_lsu_top/x_aq_dcache_top/x_aq_dcache_data_array_bank3/x_aq_spsram_1024x64/x_aq_f_spsram_1024x64/RAM_DIN_VEC[57]/ram_instance/PortADataIn[0:0],0,0.0,0.0,0.0,0.0,,0
x_aq_lsu_top/x_aq_dcache_top/x_aq_dcache_data_array_bank3/x_aq_spsram_1024x64/x_aq_f_spsram_1024x64/RAM_DIN_VEC[57]/ram_instance/PortAWriteEnable,0,0.0,0.0,0.0,0.0,,0
x_aq_lsu_top/x_aq_dcache_top/x_aq_dcache_data_array_bank3/x_aq_spsram_1024x64/x_aq_f_spsram_1024x64/RAM_DIN_VEC[58]/ram_instance/PortAClk,0,0.0,0.0,0.0,0.0,,0
x_aq_lsu_top/x_aq_dcache_top/x_aq_dcache_data_array_bank3/x_aq_spsram_1024x64/x_aq_f_spsram_1024x64/RAM_DIN_VEC[58]/ram_instance/PortAAddr[9:0],0,0.0,0.0,0.0,0.0,,0
x_aq_lsu_top/x_aq_dcache_top/x_aq_dcache_data_array_bank3/x_aq_spsram_1024x64/x_aq_f_spsram_1024x64/RAM_DIN_VEC[58]/ram_instance/PortADataIn[0:0],0,0.0,0.0,0.0,0.0,,0
x_aq_lsu_top/x_aq_dcache_top/x_aq_dcache_data_array_bank3/x_aq_spsram_1024x64/x_aq_f_spsram_1024x64/RAM_DIN_VEC[58]/ram_instance/PortAWriteEnable,0,0.0,0.0,0.0,0.0,,0
x_aq_lsu_top/x_aq_dcache_top/x_aq_dcache_data_array_bank3/x_aq_spsram_1024x64/x_aq_f_spsram_1024x64/RAM_DIN_VEC[59]/ram_instance/PortAClk,0,0.0,0.0,0.0,0.0,,0
x_aq_lsu_top/x_aq_dcache_top/x_aq_dcache_data_array_bank3/x_aq_spsram_1024x64/x_aq_f_spsram_1024x64/RAM_DIN_VEC[59]/ram_instance/PortAAddr[9:0],0,0.0,0.0,0.0,0.0,,0
x_aq_lsu_top/x_aq_dcache_top/x_aq_dcache_data_array_bank3/x_aq_spsram_1024x64/x_aq_f_spsram_1024x64/RAM_DIN_VEC[59]/ram_instance/PortADataIn[0:0],0,0.0,0.0,0.0,0.0,,0
x_aq_lsu_top/x_aq_dcache_top/x_aq_dcache_data_array_bank3/x_aq_spsram_1024x64/x_aq_f_spsram_1024x64/RAM_DIN_VEC[59]/ram_instance/PortAWriteEnable,0,0.0,0.0,0.0,0.0,,0
x_aq_lsu_top/x_aq_dcache_top/x_aq_dcache_data_array_bank3/x_aq_spsram_1024x64/x_aq_f_spsram_1024x64/RAM_DIN_VEC[60]/ram_instance/PortAClk,0,0.0,0.0,0.0,0.0,,0
x_aq_lsu_top/x_aq_dcache_top/x_aq_dcache_data_array_bank3/x_aq_spsram_1024x64/x_aq_f_spsram_1024x64/RAM_DIN_VEC[60]/ram_instance/PortAAddr[9:0],0,0.0,0.0,0.0,0.0,,0
x_aq_lsu_top/x_aq_dcache_top/x_aq_dcache_data_array_bank3/x_aq_spsram_1024x64/x_aq_f_spsram_1024x64/RAM_DIN_VEC[60]/ram_instance/PortADataIn[0:0],0,0.0,0.0,0.0,0.0,,0
x_aq_lsu_top/x_aq_dcache_top/x_aq_dcache_data_array_bank3/x_aq_spsram_1024x64/x_aq_f_spsram_1024x64/RAM_DIN_VEC[60]/ram_instance/PortAWriteEnable,0,0.0,0.0,0.0,0.0,,0
x_aq_lsu_top/x_aq_dcache_top/x_aq_dcache_data_array_bank3/x_aq_spsram_1024x64/x_aq_f_spsram_1024x64/RAM_DIN_VEC[61]/ram_instance/PortAClk,0,0.0,0.0,0.0,0.0,,0
x_aq_lsu_top/x_aq_dcache_top/x_aq_dcache_data_array_bank3/x_aq_spsram_1024x64/x_aq_f_spsram_1024x64/RAM_DIN_VEC[61]/ram_instance/PortAAddr[9:0],0,0.0,0.0,0.0,0.0,,0
x_aq_lsu_top/x_aq_dcache_top/x_aq_dcache_data_array_bank3/x_aq_spsram_1024x64/x_aq_f_spsram_1024x64/RAM_DIN_VEC[61]/ram_instance/PortADataIn[0:0],0,0.0,0.0,0.0,0.0,,0
x_aq_lsu_top/x_aq_dcache_top/x_aq_dcache_data_array_bank3/x_aq_spsram_1024x64/x_aq_f_spsram_1024x64/RAM_DIN_VEC[61]/ram_instance/PortAWriteEnable,0,0.0,0.0,0.0,0.0,,0
x_aq_lsu_top/x_aq_dcache_top/x_aq_dcache_data_array_bank3/x_aq_spsram_1024x64/x_aq_f_spsram_1024x64/RAM_DIN_VEC[62]/ram_instance/PortAClk,0,0.0,0.0,0.0,0.0,,0
x_aq_lsu_top/x_aq_dcache_top/x_aq_dcache_data_array_bank3/x_aq_spsram_1024x64/x_aq_f_spsram_1024x64/RAM_DIN_VEC[62]/ram_instance/PortAAddr[9:0],0,0.0,0.0,0.0,0.0,,0
x_aq_lsu_top/x_aq_dcache_top/x_aq_dcache_data_array_bank3/x_aq_spsram_1024x64/x_aq_f_spsram_1024x64/RAM_DIN_VEC[62]/ram_instance/PortADataIn[0:0],0,0.0,0.0,0.0,0.0,,0
x_aq_lsu_top/x_aq_dcache_top/x_aq_dcache_data_array_bank3/x_aq_spsram_1024x64/x_aq_f_spsram_1024x64/RAM_DIN_VEC[62]/ram_instance/PortAWriteEnable,0,0.0,0.0,0.0,0.0,,0
x_aq_lsu_top/x_aq_dcache_top/x_aq_dcache_data_array_bank3/x_aq_spsram_1024x64/x_aq_f_spsram_1024x64/RAM_DIN_VEC[63]/ram_instance/PortAClk,0,0.0,0.0,0.0,0.0,,0
x_aq_lsu_top/x_aq_dcache_top/x_aq_dcache_data_array_bank3/x_aq_spsram_1024x64/x_aq_f_spsram_1024x64/RAM_DIN_VEC[63]/ram_instance/PortAAddr[9:0],0,0.0,0.0,0.0,0.0,,0
x_aq_lsu_top/x_aq_dcache_top/x_aq_dcache_data_array_bank3/x_aq_spsram_1024x64/x_aq_f_spsram_1024x64/RAM_DIN_VEC[63]/ram_instance/PortADataIn[0:0],0,0.0,0.0,0.0,0.0,,0
x_aq_lsu_top/x_aq_dcache_top/x_aq_dcache_data_array_bank3/x_aq_spsram_1024x64/x_aq_f_spsram_1024x64/RAM_DIN_VEC[63]/ram_instance/PortAWriteEnable,0,0.0,0.0,0.0,0.0,,0
x_aq_lsu_top/x_aq_lsu_ag/ag_arb_data_idx[13:0],45,0.00541385948026949,7.7122222222222225,1.005337383567868,0.06666666666666667,0.03417811100374215,8
x_aq_lsu_top/x_aq_lsu_ag/ag_arb_data_req,0,0.0,0.0,0.0,0.0,,0
x_aq_lsu_top/x_aq_lsu_ag/ag_arb_data_way[3:0],0,0.0,0.0,0.0,0.0,,0
x_aq_lsu_top/x_aq_lsu_ag/ag_arb_tag_idx[11:0],41,0.004932627526467758,8.191951219512196,1.067873119839504,0.07317073170731707,0.036561230217039345,8
x_aq_lsu_top/x_aq_lsu_ag/ag_arb_tag_req,2,0.00024061597690086623,5.865000000000004,0.764540178528021,0.5,0.045749683029589774,1
x_aq_lsu_top/x_aq_lsu_ag/ag_arb_tag_sel[3:0],0,0.0,0.0,0.0,0.0,,0
x_aq_lsu_top/x_aq_lsu_ag/ag_arb_tag_way[3:0],0,0.0,0.0,0.0,0.0,,0
x_aq_lsu_top/x_aq_lsu_ag/ag_dbginfo[7:0],118,0.014196342637151107,7.573898305084745,0.987305978230616,0.03389830508474576,-0.002012265353634296,4
x_aq_lsu_top/x_aq_lsu_ag/ag_dc_addr[39:0],43,0.005173243503368624,8.472790697674421,1.1044823380444253,0.06976744186046512,0.054954952864077686,8
x_aq_lsu_top/x_aq_lsu_ag/ag_dc_amo_func[4:0],238,0.02863330125120308,7.636302521008403,0.9954407660197337,0.01680672268907563,-0.052076596359559565,5
x_aq_lsu_top/x_aq_lsu_ag/ag_dc_buf,1,0.00012030798845043312,1.2299999999999933,0.16033834946111852,0.0,-0.11407227095261288,1
x_aq_lsu_top/x_aq_lsu_ag/ag_dc_bytes_vld[7:0],89,0.010707410972088547,7.797078651685395,1.016398960674607,0.033707865168539325,-0.01766847158684199,7
x_aq_lsu_top/x_aq_lsu_ag/ag_dc_ca,6,0.0007218479307025986,6.508333333333336,0.8484027840727257,0.16666666666666666,0.04223709740553957,1
x_aq_lsu_top/x_aq_lsu_ag/ag_dc_data_shift[3:0],26,0.0031280076997112606,7.494615384615386,0.9769709435895476,0.0,-0.023112498833215357,2
x_aq_lsu_top/x_aq_lsu_ag/ag_dc_dest_reg[5:0],201,0.024181905678537056,7.015472636815921,0.9145116286802536,0.009950248756218905,-0.0431026170490449,4
x_aq_lsu_top/x_aq_lsu_ag/ag_dc_expt_vld,0,0.0,0.0,0.0,0.0,,0
x_aq_lsu_top/x_aq_lsu_ag/ag_dc_func[19:0],284,0.034167468719923,7.454401408450705,0.9717287951639267,0.017605633802816902,-0.026108438548014423,9
x_aq_lsu_top/x_aq_lsu_ag/ag_dc_hint_size[4:0],66,0.007940327237728586,7.666363636363637,0.999359424246578,0.045454545454545456,-0.010766968700514936,3
x_aq_lsu_top/x_aq_lsu_ag/ag_dc_inst_pc[15:0],217,0.026106833493743986,7.767004608294931,1.012478617195868,0.02304147465437788,0.018699569985958408,8
x_aq_lsu_top/x_aq_lsu_ag/ag_dc_inst_vld,2,0.00024061597690086623,5.865000000000004,0.764540178528021,0.5,0.045749683029589774,1
x_aq_lsu_top/x_aq_lsu_ag/ag_dc_inst_vld_dp,4,0.00048123195380173246,4.582500000000002,0.5973581190289269,0.25,0.02441815236023245,1
x_aq_lsu_top/x_aq_lsu_ag/ag_dc_inst_vld_gate,4,0.00048123195380173246,4.582500000000002,0.5973581190289269,0.25,0.02441815236023245,1
x_aq_lsu_top/x_aq_lsu_ag/ag_dc_pf_amr_mask,2,0.00024061597690086623,3.3000000000000007,0.4301760595298326,0.0,-0.002462649132594052,1
x_aq_lsu_top/x_aq_lsu_ag/ag_dc_priv_mode[1:0],1,0.00012030798845043312,1.2299999999999933,0.16033834946111852,0.0,-0.11407227095261649,2
x_aq_lsu_top/x_aq_lsu_ag/ag_dc_sec,4,0.00048123195380173246,8.152500000000005,1.0627304016112007,0.25,0.024922521276316875,1
x_aq_lsu_top/x_aq_lsu_ag/ag_dc_sew[1:0],0,0.0,0.0,0.0,0.0,,0
x_aq_lsu_top/x_aq_lsu_ag/ag_dc_sh,6,0.0007218479307025986,6.508333333333336,0.8484027840727257,0.16666666666666666,0.04223709740553957,1
x_aq_lsu_top/x_aq_lsu_ag/ag_dc_so,0,0.0,0.0,0.0,0.0,,0
x_aq_lsu_top/x_aq_lsu_ag/ag_dc_src2_depd,0,0.0,0.0,0.0,0.0,,0
x_aq_lsu_top/x_aq_lsu_ag/ag_dc_src2_reg[5:0],96,0.011549566891241578,7.051979166666666,0.9192704878191329,0.020833333333333332,-0.03274036443775244,4
x_aq_lsu_top/x_aq_lsu_ag/ag_dc_st_data[63:0],274,0.03296438883541867,7.4105109489051095,0.9660073936674789,0.014598540145985401,-0.03403865149461813,61
x_aq_lsu_top/x_aq_lsu_ag/ag_dc_unalign,0,0.0,0.0,0.0,0.0,,0
x_aq_lsu_top/x_aq_lsu_ag/ag_dc_unalign_last,0,0.0,0.0,0.0,0.0,,0
x_aq_lsu_top/x_aq_lsu_ag/ag_dc_vec_nop,0,0.0,0.0,0.0,0.0,,0
x_aq_lsu_top/x_aq_lsu_ag/ag_dc_virt_idx[1:0],16,0.0019249278152069298,8.382500000000004,1.092712369396613,0.1875,0.03609990302347661,2
x_aq_lsu_top/x_aq_lsu_ag/ag_dc_vlsu_split_cnt[9:0],0,0.0,0.0,0.0,0.0,,0
x_aq_lsu_top/x_aq_lsu_ag/ag_dc_vlsu_split_last,0,0.0,0.0,0.0,0.0,,0
x_aq_lsu_top/x_aq_lsu_ag/ag_dc_vlsu_sseg_first,0,0.0,0.0,0.0,0.0,,0
x_aq_lsu_top/x_aq_lsu_ag/ag_dc_vlsu_vl_update,0,0.0,0.0,0.0,0.0,,0
x_aq_lsu_top/x_aq_lsu_ag/ag_dc_vlsu_vl_upval[6:0],0,0.0,0.0,0.0,0.0,,0
x_aq_lsu_top/x_aq_lsu_ag/ag_dc_vlsu_wdata_shift[3:0],0,0.0,0.0,0.0,0.0,,0
x_aq_lsu_top/x_aq_lsu_ag/ag_dtu_addr[39:0],54,0.0064966313763233875,8.134629629629629,1.0604008847905135,0.05555555555555555,-0.004711008310224869,11
x_aq_lsu_top/x_aq_lsu_ag/ag_dtu_addr_ready,0,0.0,0.0,0.0,0.0,,0
x_aq_lsu_top/x_aq_lsu_ag/ag_dtu_amo_type,0,0.0,0.0,0.0,0.0,,0
x_aq_lsu_top/x_aq_lsu_ag/ag_dtu_bytes_vld[15:0],89,0.010707410972088547,7.797078651685395,1.016398960674607,0.033707865168539325,-0.02280341411822581,9
x_aq_lsu_top/x_aq_lsu_ag/ag_dtu_data[63:0],274,0.03296438883541867,7.4105109489051095,0.9660073936674789,0.014598540145985401,-0.03403865149461813,61
x_aq_lsu_top/x_aq_lsu_ag/ag_dtu_data_chk_mask,0,0.0,0.0,0.0,0.0,,0
x_aq_lsu_top/x_aq_lsu_ag/ag_dtu_data_vld,0,0.0,0.0,0.0,0.0,,0
x_aq_lsu_top/x_aq_lsu_ag/ag_dtu_halt_info[21:0],2,0.00024061597690086623,2.729999999999995,0.355872921974679,0.0,-0.11414277335038961,2
x_aq_lsu_top/x_aq_lsu_ag/ag_dtu_mem_access_size[2:0],62,0.007459095283926853,8.297741935483872,1.081663614788454,0.016129032258064516,0.006201131798532642,2
x_aq_lsu_top/x_aq_lsu_ag/ag_dtu_pipe_down,0,0.0,0.0,0.0,0.0,,0
x_aq_lsu_top/x_aq_lsu_ag/ag_dtu_req,0,0.0,0.0,0.0,0.0,,0
x_aq_lsu_top/x_aq_lsu_ag/ag_dtu_req_gate,0,0.0,0.0,0.0,0.0,,0
x_aq_lsu_top/x_aq_lsu_ag/ag_dtu_split_last,1,0.00012030798845043312,1.2299999999999933,0.16033834946111852,0.0,-0.11407227095261288,1
x_aq_lsu_top/x_aq_lsu_ag/ag_dtu_st_type,39,0.004692011549566891,6.511538461538462,0.8488205929883527,0.02564102564102564,-0.025464041419556216,1
x_aq_lsu_top/x_aq_lsu_ag/ag_inst_store,0,0.0,0.0,0.0,0.0,,0
x_aq_lsu_top/x_aq_lsu_ag/ag_xx_no_op,0,0.0,0.0,0.0,0.0,,0
x_aq_lsu_top/x_aq_lsu_ag/arb_ag_grant,1,0.00012030798845043312,12.09,1.5760086544592955,1.0,-0.12617851730880866,1
x_aq_lsu_top/x_aq_lsu_ag/cp0_lsu_icg_en,0,0.0,0.0,0.0,0.0,,0
x_aq_lsu_top/x_aq_lsu_ag/cp0_lsu_mm,1,0.00012030798845043312,1.2299999999999933,0.16033834946111852,0.0,-0.11407227095261288,1
x_aq_lsu_top/x_aq_lsu_ag/cp0_lsu_mpp[1:0],1,0.00012030798845043312,1.2299999999999933,0.16033834946111852,0.0,-0.11407227095261649,2
x_aq_lsu_top/x_aq_lsu_ag/cp0_lsu_mprv,0,0.0,0.0,0.0,0.0,,0
x_aq_lsu_top/x_aq_lsu_ag/cp0_yy_priv_mode[1:0],1,0.00012030798845043312,1.2299999999999933,0.16033834946111852,0.0,-0.11407227095261649,2
x_aq_lsu_top/x_aq_lsu_ag/cpurst_b,3,0.0003609239653512993,6.4566666666666634,0.8416677043528134,0.3333333333333333,-0.052373008311376444,1
x_aq_lsu_top/x_aq_lsu_ag/da_xx_fwd_data[63:0],0,0.0,0.0,0.0,0.0,,0
x_aq_lsu_top/x_aq_lsu_ag/da_xx_fwd_dst_reg[5:0],4,0.00048123195380173246,9.445000000000004,1.2312160249270516,0.0,-0.04886026002687138,2
x_aq_lsu_top/x_aq_lsu_ag/da_xx_fwd_vld,0,0.0,0.0,0.0,0.0,,0
x_aq_lsu_top/x_aq_lsu_ag/dc_ag_stall,0,0.0,0.0,0.0,0.0,,0
x_aq_lsu_top/x_aq_lsu_ag/dc_xx_dcache_req_mask,0,0.0,0.0,0.0,0.0,,0
x_aq_lsu_top/x_aq_lsu_ag/dtif_ag_cmplt_ready,0,0.0,0.0,0.0,0.0,,0
x_aq_lsu_top/x_aq_lsu_ag/dtif_ag_fsm_idle,1,0.00012030798845043312,1.2299999999999933,0.16033834946111852,0.0,-0.11407227095261288,1
x_aq_lsu_top/x_aq_lsu_ag/dtif_ag_halt_info[21:0],0,0.0,0.0,0.0,0.0,,0
x_aq_lsu_top/x_aq_lsu_ag/dtif_ag_halt_info_up,0,0.0,0.0,0.0,0.0,,0
x_aq_lsu_top/x_aq_lsu_ag/dtif_ag_pipedown_mask,0,0.0,0.0,0.0,0.0,,0
x_aq_lsu_top/x_aq_lsu_ag/dtif_ag_stall,0,0.0,0.0,0.0,0.0,,0
x_aq_lsu_top/x_aq_lsu_ag/dtif_ag_trig_en,0,0.0,0.0,0.0,0.0,,0
x_aq_lsu_top/x_aq_lsu_ag/forever_cpuclk,0,0.0,0.0,0.0,0.0,,0
x_aq_lsu_top/x_aq_lsu_ag/idu_lsu_ex1_dp_sel,2,0.00024061597690086623,5.865000000000004,0.764540178528021,0.5,0.045749683029589774,1
x_aq_lsu_top/x_aq_lsu_ag/idu_lsu_ex1_dst0_reg[5:0],201,0.024181905678537056,7.015472636815921,0.9145116286802536,0.009950248756218905,-0.0431026170490449,4
x_aq_lsu_top/x_aq_lsu_ag/idu_lsu_ex1_dst1_reg[5:0],232,0.02791145332050048,7.347413793103448,0.957782276743146,0.021551724137931036,0.01916365377919646,4
x_aq_lsu_top/x_aq_lsu_ag/idu_lsu_ex1_func[19:0],283,0.03404716073147257,7.443144876325088,0.9702614343658149,0.0176678445229682,-0.02610913087818968,9
x_aq_lsu_top/x_aq_lsu_ag/idu_lsu_ex1_gateclk_sel,2,0.00024061597690086623,5.865000000000004,0.764540178528021,0.5,0.045749683029589774,1
x_aq_lsu_top/x_aq_lsu_ag/idu_lsu_ex1_halt_info[21:0],2,0.00024061597690086623,2.729999999999995,0.355872921974679,0.0,-0.11414277335038961,2
x_aq_lsu_top/x_aq_lsu_ag/idu_lsu_ex1_length,70,0.008421559191530318,7.78285714285714,1.0145450962417866,0.014285714285714285,0.021047532093233682,1
x_aq_lsu_top/x_aq_lsu_ag/idu_lsu_ex1_sel,2,0.00024061597690086623,5.865000000000004,0.764540178528021,0.5,0.045749683029589774,1
x_aq_lsu_top/x_aq_lsu_ag/idu_lsu_ex1_split,0,0.0,0.0,0.0,0.0,,0
x_aq_lsu_top/x_aq_lsu_ag/idu_lsu_ex1_src0_data[63:0],133,0.016000962463907604,7.828646616541354,1.0205140463500957,0.03759398496240601,-0.01150521986424994,15
x_aq_lsu_top/x_aq_lsu_ag/idu_lsu_ex1_src1_data[63:0],273,0.032844080846968236,7.447802197802199,0.9708685459418717,0.014652014652014652,-0.02449346525944541,61
x_aq_lsu_top/x_aq_lsu_ag/idu_lsu_ex1_src2_data[63:0],274,0.03296438883541867,7.4105109489051095,0.9660073936674789,0.014598540145985401,-0.03403865149461813,61
x_aq_lsu_top/x_aq_lsu_ag/idu_lsu_ex1_src2_ready,1,0.00012030798845043312,4.229999999999997,0.5514074944882394,0.0,-0.11159874846060339,1
x_aq_lsu_top/x_aq_lsu_ag/idu_lsu_ex1_src2_reg[5:0],96,0.011549566891241578,7.051979166666666,0.9192704878191329,0.020833333333333332,-0.03274036443775244,4
x_aq_lsu_top/x_aq_lsu_ag/idu_lsu_ex1_vlmul[1:0],0,0.0,0.0,0.0,0.0,,0
x_aq_lsu_top/x_aq_lsu_ag/idu_lsu_ex1_vsew[1:0],0,0.0,0.0,0.0,0.0,,0
x_aq_lsu_top/x_aq_lsu_ag/ifu_lsu_warm_up,2,0.00024061597690086623,7.3900000000000015,0.9633336605834737,0.0,8.1767073335401e-05,1
x_aq_lsu_top/x_aq_lsu_ag/iu_lsu_ex1_cur_pc[15:0],217,0.026106833493743986,7.767004608294931,1.012478617195868,0.02304147465437788,0.018699569985958408,8
x_aq_lsu_top/x_aq_lsu_ag/lsu_idu_full,2,0.00024061597690086623,3.09,0.4028012193779341,0.0,-0.0034484149865508175,1
x_aq_lsu_top/x_aq_lsu_ag/lsu_idu_global_full,2,0.00024061597690086623,3.09,0.4028012193779341,0.0,-0.0034484149865508175,1
x_aq_lsu_top/x_aq_lsu_ag/lsu_mmu_abort,0,0.0,0.0,0.0,0.0,,0
x_aq_lsu_top/x_aq_lsu_ag/lsu_mmu_priv_mode[1:0],1,0.00012030798845043312,1.2299999999999933,0.16033834946111852,0.0,-0.11407227095261649,2
x_aq_lsu_top/x_aq_lsu_ag/lsu_mmu_st_inst,39,0.004692011549566891,6.511538461538462,0.8488205929883527,0.02564102564102564,-0.025464041419556216,1
x_aq_lsu_top/x_aq_lsu_ag/lsu_mmu_va[51:0],25,0.0030076997112608275,9.053600000000003,1.1801945371391798,0.12,-0.00471103927103486,11
x_aq_lsu_top/x_aq_lsu_ag/lsu_mmu_va_vld,4,0.00048123195380173246,5.195000000000003,0.6772014028052974,0.25,0.006208428391654754,1
x_aq_lsu_top/x_aq_lsu_ag/lsu_rtu_ex1_buffer_vld,2,0.00024061597690086623,3.09,0.4028012193779341,0.0,-0.0034484149865508175,1
x_aq_lsu_top/x_aq_lsu_ag/lsu_rtu_ex1_cmplt,2,0.00024061597690086623,5.865000000000004,0.764540178528021,0.5,0.045749683029589774,1
x_aq_lsu_top/x_aq_lsu_ag/lsu_rtu_ex1_cmplt_dp,4,0.00048123195380173246,4.582500000000002,0.5973581190289269,0.25,0.02441815236023245,1
x_aq_lsu_top/x_aq_lsu_ag/lsu_rtu_ex1_cmplt_for_pcgen,2,0.00024061597690086623,5.865000000000004,0.764540178528021,0.5,0.045749683029589774,1
x_aq_lsu_top/x_aq_lsu_ag/lsu_rtu_ex1_data[63:0],229,0.02755052935514918,7.746724890829694,1.009835026605694,0.021834061135371178,,18
x_aq_lsu_top/x_aq_lsu_ag/lsu_rtu_ex1_dest_reg[5:0],232,0.02791145332050048,7.347413793103448,0.957782276743146,0.021551724137931036,0.01916365377919646,4
x_aq_lsu_top/x_aq_lsu_ag/lsu_rtu_ex1_expt_tval[39:0],54,0.0064966313763233875,8.134629629629629,1.0604008847905135,0.05555555555555555,-0.004711008310224869,11
x_aq_lsu_top/x_aq_lsu_ag/lsu_rtu_ex1_expt_vec[4:0],0,0.0,0.0,0.0,0.0,,0
x_aq_lsu_top/x_aq_lsu_ag/lsu_rtu_ex1_expt_vld,0,0.0,0.0,0.0,0.0,,0
x_aq_lsu_top/x_aq_lsu_ag/lsu_rtu_ex1_fs_dirty,14,0.0016843118383060634,8.684285714285712,1.1320520631523168,0.0,0.07167958355051395,1
x_aq_lsu_top/x_aq_lsu_ag/lsu_rtu_ex1_halt_info[21:0],2,0.00024061597690086623,2.729999999999995,0.355872921974679,0.0,-0.11414277335038961,2
x_aq_lsu_top/x_aq_lsu_ag/lsu_rtu_ex1_inst_len,70,0.008421559191530318,7.78285714285714,1.0145450962417866,0.014285714285714285,0.021047532093233682,1
x_aq_lsu_top/x_aq_lsu_ag/lsu_rtu_ex1_inst_split,2,0.00024061597690086623,3.3000000000000007,0.4301760595298326,0.0,-0.002462649132594052,1
x_aq_lsu_top/x_aq_lsu_ag/lsu_rtu_ex1_tval2_vld,1,0.00012030798845043312,4.229999999999997,0.5514074944882394,0.0,-0.11159874846060339,1
x_aq_lsu_top/x_aq_lsu_ag/lsu_rtu_ex1_vs_dirty,10,0.001203079884504331,10.514000000000001,1.3705669969383818,0.0,-0.017712619908246487,1
x_aq_lsu_top/x_aq_lsu_ag/lsu_rtu_ex1_vstart[6:0],0,0.0,0.0,0.0,0.0,,0
x_aq_lsu_top/x_aq_lsu_ag/lsu_rtu_ex1_vstart_vld,0,0.0,0.0,0.0,0.0,,0
x_aq_lsu_top/x_aq_lsu_ag/lsu_rtu_ex1_wb_dp,0,0.0,0.0,0.0,0.0,,0
x_aq_lsu_top/x_aq_lsu_ag/lsu_rtu_ex1_wb_vld,0,0.0,0.0,0.0,0.0,,0
x_aq_lsu_top/x_aq_lsu_ag/lsu_rtu_ex2_tval2[39:0],0,0.0,0.0,0.0,0.0,,0
x_aq_lsu_top/x_aq_lsu_ag/mcic_ag_stall,0,0.0,0.0,0.0,0.0,,0
x_aq_lsu_top/x_aq_lsu_ag/mmu_lsu_access_fault,0,0.0,0.0,0.0,0.0,,0
x_aq_lsu_top/x_aq_lsu_ag/mmu_lsu_buf,1,0.00012030798845043312,1.2299999999999933,0.16033834946111852,0.0,-0.11407227095261288,1
x_aq_lsu_top/x_aq_lsu_ag/mmu_lsu_ca,4,0.00048123195380173246,7.5400000000000045,0.9828871178348301,0.25,0.04743676197545684,1
x_aq_lsu_top/x_aq_lsu_ag/mmu_lsu_pa[27:0],12,0.0014436958614051972,11.162500000000003,1.455103110455078,0.25,0.0586158584205475,1
x_aq_lsu_top/x_aq_lsu_ag/mmu_lsu_pa_vld,4,0.00048123195380173246,8.152500000000005,1.0627304016112007,0.25,0.024922521276316875,1
x_aq_lsu_top/x_aq_lsu_ag/mmu_lsu_page_fault,0,0.0,0.0,0.0,0.0,,0
x_aq_lsu_top/x_aq_lsu_ag/mmu_lsu_sec,4,0.00048123195380173246,7.5400000000000045,0.9828871178348301,0.25,0.04743676197545684,1
x_aq_lsu_top/x_aq_lsu_ag/mmu_lsu_sh,4,0.00048123195380173246,7.5400000000000045,0.9828871178348301,0.25,0.04743676197545684,1
x_aq_lsu_top/x_aq_lsu_ag/mmu_lsu_so,0,0.0,0.0,0.0,0.0,,0
x_aq_lsu_top/x_aq_lsu_ag/pad_yy_icg_scan_en,0,0.0,0.0,0.0,0.0,,0
x_aq_lsu_top/x_aq_lsu_ag/rtu_yy_xx_flush,0,0.0,0.0,0.0,0.0,,0
x_aq_lsu_top/x_aq_lsu_ag/access_bytes_vld[7:0],89,0.010707410972088547,7.797078651685395,1.016398960674607,0.033707865168539325,-0.01766847158684199,7
x_aq_lsu_top/x_aq_lsu_ag/ag_addr[63:0],54,0.0064966313763233875,8.134629629629629,1.0604008847905135,0.05555555555555555,-0.004711008310224869,11
x_aq_lsu_top/x_aq_lsu_ag/ag_clk,0,0.0,0.0,0.0,0.0,,0
x_aq_lsu_top/x_aq_lsu_ag/ag_clk_en,4,0.00048123195380173246,6.627500000000002,0.8639369195557474,0.25,0.029606211681458133,1
x_aq_lsu_top/x_aq_lsu_ag/ag_create_offset[63:0],42,0.00505293551491819,7.531666666666668,0.9818008146541988,0.0,-0.004711237457928855,11
x_aq_lsu_top/x_aq_lsu_ag/ag_dc_pipe_mask,0,0.0,0.0,0.0,0.0,,0
x_aq_lsu_top/x_aq_lsu_ag/ag_dcache_grnt,1,0.00012030798845043312,12.09,1.5760086544592955,1.0,-0.12617851730880866,1
x_aq_lsu_top/x_aq_lsu_ag/ag_dp_sel,2,0.00024061597690086623,5.865000000000004,0.764540178528021,0.5,0.045749683029589774,1
x_aq_lsu_top/x_aq_lsu_ag/ag_dst0_reg[5:0],201,0.024181905678537056,7.015472636815921,0.9145116286802536,0.009950248756218905,-0.0431026170490449,4
x_aq_lsu_top/x_aq_lsu_ag/ag_dst1_reg[5:0],232,0.02791145332050048,7.347413793103448,0.957782276743146,0.021551724137931036,0.01916365377919646,4
x_aq_lsu_top/x_aq_lsu_ag/ag_func[19:0],283,0.03404716073147257,7.443144876325088,0.9702614343658149,0.0176678445229682,-0.02610913087818968,9
x_aq_lsu_top/x_aq_lsu_ag/ag_fwd_da,0,0.0,0.0,0.0,0.0,,0
x_aq_lsu_top/x_aq_lsu_ag/ag_gateclk_sel,2,0.00024061597690086623,5.865000000000004,0.764540178528021,0.5,0.045749683029589774,1
x_aq_lsu_top/x_aq_lsu_ag/ag_halt_info[21:0],2,0.00024061597690086623,2.729999999999995,0.355872921974679,0.0,-0.11414277335038961,2
x_aq_lsu_top/x_aq_lsu_ag/ag_id_split,0,0.0,0.0,0.0,0.0,,0
x_aq_lsu_top/x_aq_lsu_ag/ag_inst_len,70,0.008421559191530318,7.78285714285714,1.0145450962417866,0.014285714285714285,0.021047532093233682,1
x_aq_lsu_top/x_aq_lsu_ag/ag_inst_vld,2,0.00024061597690086623,5.865000000000004,0.764540178528021,0.5,0.045749683029589774,1
x_aq_lsu_top/x_aq_lsu_ag/ag_lmul[1:0],0,0.0,0.0,0.0,0.0,,0
x_aq_lsu_top/x_aq_lsu_ag/ag_offset_shift[1:0],61,0.00733878729547642,6.447377049180327,0.8404567434301431,0.04918032786885246,-0.020236528644233864,2
x_aq_lsu_top/x_aq_lsu_ag/ag_pc[15:0],217,0.026106833493743986,7.767004608294931,1.012478617195868,0.02304147465437788,0.018699569985958408,8
x_aq_lsu_top/x_aq_lsu_ag/ag_pipe_access_bytes_vld[15:0],89,0.010707410972088547,7.797078651685395,1.016398960674607,0.033707865168539325,-0.02280341411822581,9
x_aq_lsu_top/x_aq_lsu_ag/ag_pipe_access_fault,0,0.0,0.0,0.0,0.0,,0
x_aq_lsu_top/x_aq_lsu_ag/ag_pipe_access_fault_with_page,0,0.0,0.0,0.0,0.0,,0
x_aq_lsu_top/x_aq_lsu_ag/ag_pipe_access_size[3:0],63,0.007579403272377286,8.40031746031746,1.095034989054247,0.015873015873015872,-0.006893693834708852,3
x_aq_lsu_top/x_aq_lsu_ag/ag_pipe_addr[63:0],54,0.0064966313763233875,8.134629629629629,1.0604008847905135,0.05555555555555555,-0.004711008310224869,11
x_aq_lsu_top/x_aq_lsu_ag/ag_pipe_addr_offset[63:0],42,0.00505293551491819,7.531666666666668,0.9818008146541988,0.0,-0.004711237457928855,11
x_aq_lsu_top/x_aq_lsu_ag/ag_pipe_amo,0,0.0,0.0,0.0,0.0,,0
x_aq_lsu_top/x_aq_lsu_ag/ag_pipe_atomic,44,0.0052935514918190565,6.5,0.8473164808920944,0.0,-0.012219840102899688,1
x_aq_lsu_top/x_aq_lsu_ag/ag_pipe_base_sel,4,0.00048123195380173246,4.582500000000002,0.5973581190289269,0.25,0.02441815236023245,1
x_aq_lsu_top/x_aq_lsu_ag/ag_pipe_boundary_unmask,0,0.0,0.0,0.0,0.0,,0
x_aq_lsu_top/x_aq_lsu_ag/ag_pipe_bytes_vld[7:0],89,0.010707410972088547,7.797078651685395,1.016398960674607,0.033707865168539325,-0.01766847158684199,7
x_aq_lsu_top/x_aq_lsu_ag/ag_pipe_bytes_vld_cross[7:0],89,0.010707410972088547,7.797078651685395,1.016398960674607,0.033707865168539325,-0.01766847158684199,7
x_aq_lsu_top/x_aq_lsu_ag/ag_pipe_bytes_vld_unalign[7:0],4,0.00048123195380173246,5.837499999999997,0.7609553780319382,0.0,-0.11407605702693573,7
x_aq_lsu_top/x_aq_lsu_ag/ag_pipe_ca,6,0.0007218479307025986,6.508333333333336,0.8484027840727257,0.16666666666666666,0.04223709740553957,1
x_aq_lsu_top/x_aq_lsu_ag/ag_pipe_clk,0,0.0,0.0,0.0,0.0,,0
x_aq_lsu_top/x_aq_lsu_ag/ag_pipe_clk_en,6,0.0007218479307025986,5.518333333333335,0.7193499662137758,0.16666666666666666,0.0202173000190412,1
x_aq_lsu_top/x_aq_lsu_ag/ag_pipe_cmplt_dp,4,0.00048123195380173246,4.582500000000002,0.5973581190289269,0.25,0.02441815236023245,1
x_aq_lsu_top/x_aq_lsu_ag/ag_pipe_cmplt_normal,2,0.00024061597690086623,5.865000000000004,0.764540178528021,0.5,0.045749683029589774,1
x_aq_lsu_top/x_aq_lsu_ag/ag_pipe_cmplt_req,2,0.00024061597690086623,5.865000000000004,0.764540178528021,0.5,0.045749683029589774,1
x_aq_lsu_top/x_aq_lsu_ag/ag_pipe_dca_pa,4,0.00048123195380173246,8.2925,1.080980295045799,0.0,0.019444597568726484,1
x_aq_lsu_top/x_aq_lsu_ag/ag_pipe_dca_st,37,0.004451395572666025,5.940810810810811,0.7744226015172195,0.0,-0.02270932304556386,1
x_aq_lsu_top/x_aq_lsu_ag/ag_pipe_dp_sel,4,0.00048123195380173246,4.582500000000002,0.5973581190289269,0.25,0.02441815236023245,1
x_aq_lsu_top/x_aq_lsu_ag/ag_pipe_dt_cancel,0,0.0,0.0,0.0,0.0,,0
x_aq_lsu_top/x_aq_lsu_ag/ag_pipe_expt_tval[39:0],54,0.0064966313763233875,8.134629629629629,1.0604008847905135,0.05555555555555555,-0.004711008310224869,11
x_aq_lsu_top/x_aq_lsu_ag/ag_pipe_expt_vld,0,0.0,0.0,0.0,0.0,,0
x_aq_lsu_top/x_aq_lsu_ag/ag_pipe_expt_vld_ori,0,0.0,0.0,0.0,0.0,,0
x_aq_lsu_top/x_aq_lsu_ag/ag_pipe_fls,73,0.008782483156881618,7.1499999999999995,0.9320481289813037,0.0136986301369863,0.014025496442080183,1
x_aq_lsu_top/x_aq_lsu_ag/ag_pipe_fof_not_first,0,0.0,0.0,0.0,0.0,,0
x_aq_lsu_top/x_aq_lsu_ag/ag_pipe_func[19:0],284,0.034167468719923,7.454401408450705,0.9717287951639267,0.017605633802816902,-0.026108438548014423,9
x_aq_lsu_top/x_aq_lsu_ag/ag_pipe_inst_dca,24,0.0028873917228103944,6.65625,0.8676846655289236,0.041666666666666664,-0.012137555153605302,1
x_aq_lsu_top/x_aq_lsu_ag/ag_pipe_inst_fof,8,0.0009624639076034649,12.193750000000001,1.5895331290581505,0.0,-0.01567309610812304,1
x_aq_lsu_top/x_aq_lsu_ag/ag_pipe_inst_ld,42,0.00505293551491819,9.029761904761907,1.1770870892979006,0.023809523809523808,0.012945565754485095,1
x_aq_lsu_top/x_aq_lsu_ag/ag_pipe_inst_lsi,6,0.0007218479307025986,8.648333333333332,1.1273654408587377,0.0,-0.006827499865112254,1
x_aq_lsu_top/x_aq_lsu_ag/ag_pipe_inst_st,39,0.004692011549566891,6.511538461538462,0.8488205929883527,0.02564102564102564,-0.025464041419556216,1
x_aq_lsu_top/x_aq_lsu_ag/ag_pipe_inst_unalign,91,0.010948026948989413,7.47956043956044,0.9750084354258582,0.02197802197802198,0.008803697315461457,1
x_aq_lsu_top/x_aq_lsu_ag/ag_pipe_inst_vld,4,0.00048123195380173246,4.582500000000002,0.5973581190289269,0.25,0.02441815236023245,1
x_aq_lsu_top/x_aq_lsu_ag/ag_pipe_last_inst,1,0.00012030798845043312,1.2299999999999933,0.16033834946111852,0.0,-0.11407227095261288,1
x_aq_lsu_top/x_aq_lsu_ag/ag_pipe_lsi_offset_mask,1,0.00012030798845043312,1.2299999999999933,0.16033834946111852,0.0,-0.11407227095261288,1
x_aq_lsu_top/x_aq_lsu_ag/ag_pipe_misalign_no_page,0,0.0,0.0,0.0,0.0,,0
x_aq_lsu_top/x_aq_lsu_ag/ag_pipe_misalign_with_page,0,0.0,0.0,0.0,0.0,,0
x_aq_lsu_top/x_aq_lsu_ag/ag_pipe_mmu_expt,0,0.0,0.0,0.0,0.0,,0
x_aq_lsu_top/x_aq_lsu_ag/ag_pipe_mmu_req,9,0.001082771896053898,10.684444444444448,1.3927855179928859,0.1111111111111111,-0.11317639820607324,1
x_aq_lsu_top/x_aq_lsu_ag/ag_pipe_pa[39:0],43,0.005173243503368624,8.472790697674421,1.1044823380444253,0.06976744186046512,0.054954952864077686,8
x_aq_lsu_top/x_aq_lsu_ag/ag_pipe_page_fault,0,0.0,0.0,0.0,0.0,,0
x_aq_lsu_top/x_aq_lsu_ag/ag_pipe_sel,4,0.00048123195380173246,4.582500000000002,0.5973581190289269,0.25,0.02441815236023245,1
x_aq_lsu_top/x_aq_lsu_ag/ag_pipe_size[1:0],62,0.007459095283926853,8.297741935483872,1.081663614788454,0.016129032258064516,0.006201131798532642,2
x_aq_lsu_top/x_aq_lsu_ag/ag_pipe_src0_data[63:0],133,0.016000962463907604,7.828646616541354,1.0205140463500957,0.03759398496240601,-0.01150521986424994,15
x_aq_lsu_top/x_aq_lsu_ag/ag_pipe_src1_imm_aft_mask[7:0],260,0.03128007699711261,7.466692307692306,0.9733309923166026,0.015384615384615385,-0.003561079057751064,7
x_aq_lsu_top/x_aq_lsu_ag/ag_pipe_tlb_miss,11,0.0013233878729547641,11.322727272727276,1.475989757973572,0.18181818181818182,-0.11146970474796424,1
x_aq_lsu_top/x_aq_lsu_ag/ag_pipe_unalign,0,0.0,0.0,0.0,0.0,,0
x_aq_lsu_top/x_aq_lsu_ag/ag_pipe_unalign_fsm_start,0,0.0,0.0,0.0,0.0,,0
x_aq_lsu_top/x_aq_lsu_ag/ag_pipe_unalign_last,0,0.0,0.0,0.0,0.0,,0
x_aq_lsu_top/x_aq_lsu_ag/ag_pipe_unalign_permit,91,0.010948026948989413,7.47956043956044,0.9750084354258582,0.02197802197802198,0.008803697315461457,1
x_aq_lsu_top/x_aq_lsu_ag/ag_pipe_unalign_req,0,0.0,0.0,0.0,0.0,,0
x_aq_lsu_top/x_aq_lsu_ag/ag_pipe_unalign_req_dp,0,0.0,0.0,0.0,0.0,,0
x_aq_lsu_top/x_aq_lsu_ag/ag_pipe_unit_stride,0,0.0,0.0,0.0,0.0,,0
x_aq_lsu_top/x_aq_lsu_ag/ag_pipe_va_add_access_size[3:0],64,0.007699711260827719,8.357812500000001,1.0894941962239937,0.015625,-0.007018158381514446,3
x_aq_lsu_top/x_aq_lsu_ag/ag_pipe_va_add_unalign[3:0],64,0.007699711260827719,8.357812500000001,1.0894941962239937,0.015625,-0.007018158381514446,3
x_aq_lsu_top/x_aq_lsu_ag/ag_pipe_vls,0,0.0,0.0,0.0,0.0,,0
x_aq_lsu_top/x_aq_lsu_ag/ag_pipe_vls_cmplt,0,0.0,0.0,0.0,0.0,,0
x_aq_lsu_top/x_aq_lsu_ag/ag_pipe_vls_cmplt_dp,0,0.0,0.0,0.0,0.0,,0
x_aq_lsu_top/x_aq_lsu_ag/ag_priv_mode[1:0],1,0.00012030798845043312,1.2299999999999933,0.16033834946111852,0.0,-0.11407227095261649,2
x_aq_lsu_top/x_aq_lsu_ag/ag_req_buffer_create_dp,2,0.00024061597690086623,5.865000000000004,0.764540178528021,0.5,0.045749683029589774,1
x_aq_lsu_top/x_aq_lsu_ag/ag_req_buffer_create_vld,0,0.0,0.0,0.0,0.0,,0
x_aq_lsu_top/x_aq_lsu_ag/ag_req_buffer_fwd_da,0,0.0,0.0,0.0,0.0,,0
x_aq_lsu_top/x_aq_lsu_ag/ag_req_buffer_pop_vld,0,0.0,0.0,0.0,0.0,,0
x_aq_lsu_top/x_aq_lsu_ag/ag_req_buffer_src2_data[63:0],5,0.0006015399422521655,8.994000000000005,1.172425296791308,0.2,-0.03358518647098825,4
x_aq_lsu_top/x_aq_lsu_ag/ag_req_buffer_st_fwd_data[63:0],0,0.0,0.0,0.0,0.0,,0
x_aq_lsu_top/x_aq_lsu_ag/ag_req_buffer_st_fwd_vld,0,0.0,0.0,0.0,0.0,,0
x_aq_lsu_top/x_aq_lsu_ag/ag_self_stall,9,0.001082771896053898,12.320000000000004,1.6059906222447087,0.2222222222222222,-0.12319429537281362,1
x_aq_lsu_top/x_aq_lsu_ag/ag_sew[1:0],0,0.0,0.0,0.0,0.0,,0
x_aq_lsu_top/x_aq_lsu_ag/ag_src0_data[63:0],133,0.016000962463907604,7.828646616541354,1.0205140463500957,0.03759398496240601,-0.01150521986424994,15
x_aq_lsu_top/x_aq_lsu_ag/ag_src1_aft_mask[63:0],42,0.00505293551491819,7.531666666666668,0.9818008146541988,0.0,-0.004711237457928855,11
x_aq_lsu_top/x_aq_lsu_ag/ag_src1_data[63:0],273,0.032844080846968236,7.447802197802199,0.9708685459418717,0.014652014652014652,-0.02449346525944541,61
x_aq_lsu_top/x_aq_lsu_ag/ag_src2_data[63:0],274,0.03296438883541867,7.4105109489051095,0.9660073936674789,0.014598540145985401,-0.03403865149461813,61
x_aq_lsu_top/x_aq_lsu_ag/ag_src2_data_ori[63:0],274,0.03296438883541867,7.4105109489051095,0.9660073936674789,0.014598540145985401,-0.03403865149461813,61
x_aq_lsu_top/x_aq_lsu_ag/ag_src2_depd,0,0.0,0.0,0.0,0.0,,0
x_aq_lsu_top/x_aq_lsu_ag/ag_src2_depd_aft_fwd,0,0.0,0.0,0.0,0.0,,0
x_aq_lsu_top/x_aq_lsu_ag/ag_src2_reg[5:0],96,0.011549566891241578,7.051979166666666,0.9192704878191329,0.020833333333333332,-0.03274036443775244,4
x_aq_lsu_top/x_aq_lsu_ag/ag_st_fwd_data[63:0],0,0.0,0.0,0.0,0.0,,0
x_aq_lsu_top/x_aq_lsu_ag/ag_st_fwd_vld,0,0.0,0.0,0.0,0.0,,0
x_aq_lsu_top/x_aq_lsu_ag/ag_stall,9,0.001082771896053898,12.320000000000004,1.6059906222447087,0.2222222222222222,-0.12319429537281362,1
x_aq_lsu_top/x_aq_lsu_ag/ag_vsplit_start,0,0.0,0.0,0.0,0.0,,0
x_aq_lsu_top/x_aq_lsu_ag/ag_warm_up,2,0.00024061597690086623,7.3900000000000015,0.9633336605834737,0.0,8.1767073335401e-05,1
x_aq_lsu_top/x_aq_lsu_ag/bytes_vld_vmask[7:0],0,0.0,0.0,0.0,0.0,,0
x_aq_lsu_top/x_aq_lsu_ag/da_fwd_data[63:0],0,0.0,0.0,0.0,0.0,,0
x_aq_lsu_top/x_aq_lsu_ag/da_fwd_reg[5:0],4,0.00048123195380173246,9.445000000000004,1.2312160249270516,0.0,-0.04886026002687138,2
x_aq_lsu_top/x_aq_lsu_ag/da_fwd_vld,0,0.0,0.0,0.0,0.0,,0
x_aq_lsu_top/x_aq_lsu_ag/dcache_data_req,0,0.0,0.0,0.0,0.0,,0
x_aq_lsu_top/x_aq_lsu_ag/dcache_req_mask,0,0.0,0.0,0.0,0.0,,0
x_aq_lsu_top/x_aq_lsu_ag/dcache_tag_req,2,0.00024061597690086623,5.865000000000004,0.764540178528021,0.5,0.045749683029589774,1
x_aq_lsu_top/x_aq_lsu_ag/dt_cmplt_ready,0,0.0,0.0,0.0,0.0,,0
x_aq_lsu_top/x_aq_lsu_ag/dt_fsm_idle,1,0.00012030798845043312,1.2299999999999933,0.16033834946111852,0.0,-0.11407227095261288,1
x_aq_lsu_top/x_aq_lsu_ag/dt_halt_info[21:0],0,0.0,0.0,0.0,0.0,,0
x_aq_lsu_top/x_aq_lsu_ag/dt_halt_info_up,0,0.0,0.0,0.0,0.0,,0
x_aq_lsu_top/x_aq_lsu_ag/dt_pipedown_mask,0,0.0,0.0,0.0,0.0,,0
x_aq_lsu_top/x_aq_lsu_ag/dt_stall,0,0.0,0.0,0.0,0.0,,0
x_aq_lsu_top/x_aq_lsu_ag/dt_trig_en,0,0.0,0.0,0.0,0.0,,0
x_aq_lsu_top/x_aq_lsu_ag/first_element_active,0,0.0,0.0,0.0,0.0,,0
x_aq_lsu_top/x_aq_lsu_ag/first_no_mask_cnt[6:0],0,0.0,0.0,0.0,0.0,,0
x_aq_lsu_top/x_aq_lsu_ag/lsu_full_stall,2,0.00024061597690086623,3.09,0.4028012193779341,0.0,-0.0034484149865508175,1
x_aq_lsu_top/x_aq_lsu_ag/lsu_iu_ex1_lsi_dp,0,0.0,0.0,0.0,0.0,,0
x_aq_lsu_top/x_aq_lsu_ag/lsu_iu_ex1_lsi_dst_reg[5:0],232,0.02791145332050048,7.347413793103448,0.957782276743146,0.021551724137931036,0.01916365377919646,4
x_aq_lsu_top/x_aq_lsu_ag/lsu_iu_ex1_lsi_imm[63:0],260,0.03128007699711261,7.466692307692306,0.9733309923166026,0.015384615384615385,0.011889589907246256,62
x_aq_lsu_top/x_aq_lsu_ag/lsu_iu_ex1_lsi_sel,0,0.0,0.0,0.0,0.0,,0
x_aq_lsu_top/x_aq_lsu_ag/lsu_iu_ex1_lsi_src0[63:0],133,0.016000962463907604,7.828646616541354,1.0205140463500957,0.03759398496240601,-0.01150521986424994,15
x_aq_lsu_top/x_aq_lsu_ag/mmu_access_fault,0,0.0,0.0,0.0,0.0,,0
x_aq_lsu_top/x_aq_lsu_ag/mmu_buf,1,0.00012030798845043312,1.2299999999999933,0.16033834946111852,0.0,-0.11407227095261288,1
x_aq_lsu_top/x_aq_lsu_ag/mmu_ca,4,0.00048123195380173246,7.5400000000000045,0.9828871178348301,0.25,0.04743676197545684,1
x_aq_lsu_top/x_aq_lsu_ag/mmu_pa[27:0],12,0.0014436958614051972,11.162500000000003,1.455103110455078,0.25,0.0586158584205475,1
x_aq_lsu_top/x_aq_lsu_ag/mmu_pa_vld,4,0.00048123195380173246,8.152500000000005,1.0627304016112007,0.25,0.024922521276316875,1
x_aq_lsu_top/x_aq_lsu_ag/mmu_page_fault,0,0.0,0.0,0.0,0.0,,0
x_aq_lsu_top/x_aq_lsu_ag/mmu_sec,4,0.00048123195380173246,7.5400000000000045,0.9828871178348301,0.25,0.04743676197545684,1
x_aq_lsu_top/x_aq_lsu_ag/mmu_sh,4,0.00048123195380173246,7.5400000000000045,0.9828871178348301,0.25,0.04743676197545684,1
x_aq_lsu_top/x_aq_lsu_ag/mmu_so,0,0.0,0.0,0.0,0.0,,0
x_aq_lsu_top/x_aq_lsu_ag/normal_cmplt_inst,1,0.00012030798845043312,1.2299999999999933,0.16033834946111852,0.0,-0.11407227095261288,1
x_aq_lsu_top/x_aq_lsu_ag/split_update_base[63:0],54,0.0064966313763233875,8.134629629629629,1.0604008847905135,0.05555555555555555,-0.004711008310224869,11
x_aq_lsu_top/x_aq_lsu_ag/split_update_base_en,0,0.0,0.0,0.0,0.0,,0
x_aq_lsu_top/x_aq_lsu_ag/split_update_offset[63:0],0,0.0,0.0,0.0,0.0,,0
x_aq_lsu_top/x_aq_lsu_ag/split_update_offset_en,0,0.0,0.0,0.0,0.0,,0
x_aq_lsu_top/x_aq_lsu_ag/target_ca,6,0.0007218479307025986,6.508333333333336,0.8484027840727257,0.16666666666666666,0.04223709740553957,1
x_aq_lsu_top/x_aq_lsu_ag/target_up,4,0.00048123195380173246,7.5400000000000045,0.9828871178348301,0.25,0.04743676197545684,1
x_aq_lsu_top/x_aq_lsu_ag/unalign_src_up,0,0.0,0.0,0.0,0.0,,0
x_aq_lsu_top/x_aq_lsu_ag/unalign_up_offset[63:0],0,0.0,0.0,0.0,0.0,,0
x_aq_lsu_top/x_aq_lsu_ag/vector_nop,0,0.0,0.0,0.0,0.0,,0
x_aq_lsu_top/x_aq_lsu_ag/vsplit_acc_cnt[3:0],0,0.0,0.0,0.0,0.0,,0
x_aq_lsu_top/x_aq_lsu_ag/vsplit_access_size[3:0],0,0.0,0.0,0.0,0.0,,0
x_aq_lsu_top/x_aq_lsu_ag/vsplit_amr_hint_size[4:0],0,0.0,0.0,0.0,0.0,,0
x_aq_lsu_top/x_aq_lsu_ag/vsplit_base_up,0,0.0,0.0,0.0,0.0,,0
x_aq_lsu_top/x_aq_lsu_ag/vsplit_ele_next_align[7:0],0,0.0,0.0,0.0,0.0,,0
x_aq_lsu_top/x_aq_lsu_ag/vsplit_finish_once,0,0.0,0.0,0.0,0.0,,0
x_aq_lsu_top/x_aq_lsu_ag/vsplit_last,0,0.0,0.0,0.0,0.0,,0
x_aq_lsu_top/x_aq_lsu_ag/vsplit_mmu_req_mask,0,0.0,0.0,0.0,0.0,,0
x_aq_lsu_top/x_aq_lsu_ag/vsplit_no_inst,0,0.0,0.0,0.0,0.0,,0
x_aq_lsu_top/x_aq_lsu_ag/vsplit_no_op,0,0.0,0.0,0.0,0.0,,0
x_aq_lsu_top/x_aq_lsu_ag/vsplit_offset_up,0,0.0,0.0,0.0,0.0,,0
x_aq_lsu_top/x_aq_lsu_ag/vsplit_on,0,0.0,0.0,0.0,0.0,,0
x_aq_lsu_top/x_aq_lsu_ag/vsplit_part_fwd,0,0.0,0.0,0.0,0.0,,0
x_aq_lsu_top/x_aq_lsu_ag/vsplit_pf_mask,0,0.0,0.0,0.0,0.0,,0
x_aq_lsu_top/x_aq_lsu_ag/vsplit_round_bit[1:0],0,0.0,0.0,0.0,0.0,,0
x_aq_lsu_top/x_aq_lsu_ag/vsplit_sseg_first,0,0.0,0.0,0.0,0.0,,0
x_aq_lsu_top/x_aq_lsu_ag/vsplit_stall,0,0.0,0.0,0.0,0.0,,0
x_aq_lsu_top/x_aq_lsu_ag/vsplit_up_offset[63:0],0,0.0,0.0,0.0,0.0,,0
x_aq_lsu_top/x_aq_lsu_ag/x_aq_lsu_ag_gated_clk/clk_in,0,0.0,0.0,0.0,0.0,,0
x_aq_lsu_top/x_aq_lsu_ag/x_aq_lsu_ag_gated_clk/global_en,0,0.0,0.0,0.0,0.0,,0
x_aq_lsu_top/x_aq_lsu_ag/x_aq_lsu_ag_gated_clk/module_en,0,0.0,0.0,0.0,0.0,,0
x_aq_lsu_top/x_aq_lsu_ag/x_aq_lsu_ag_gated_clk/local_en,4,0.00048123195380173246,6.627500000000002,0.8639369195557474,0.25,0.029606211681458133,1
x_aq_lsu_top/x_aq_lsu_ag/x_aq_lsu_ag_gated_clk/external_en,0,0.0,0.0,0.0,0.0,,0
x_aq_lsu_top/x_aq_lsu_ag/x_aq_lsu_ag_gated_clk/pad_yy_icg_scan_en,0,0.0,0.0,0.0,0.0,,0
x_aq_lsu_top/x_aq_lsu_ag/x_aq_lsu_ag_gated_clk/clk_out,0,0.0,0.0,0.0,0.0,,0
x_aq_lsu_top/x_aq_lsu_ag/x_aq_lsu_ag_gated_clk/clk_en_bf_latch,4,0.00048123195380173246,6.627500000000002,0.8639369195557474,0.25,0.029606211681458133,1
x_aq_lsu_top/x_aq_lsu_ag/x_aq_lsu_ag_gated_clk/SE,0,0.0,0.0,0.0,0.0,,0
x_aq_lsu_top/x_aq_lsu_ag/x_aq_lsu_ag_pipe_gated_clk/clk_in,0,0.0,0.0,0.0,0.0,,0
x_aq_lsu_top/x_aq_lsu_ag/x_aq_lsu_ag_pipe_gated_clk/global_en,0,0.0,0.0,0.0,0.0,,0
x_aq_lsu_top/x_aq_lsu_ag/x_aq_lsu_ag_pipe_gated_clk/module_en,0,0.0,0.0,0.0,0.0,,0
x_aq_lsu_top/x_aq_lsu_ag/x_aq_lsu_ag_pipe_gated_clk/local_en,6,0.0007218479307025986,5.518333333333335,0.7193499662137758,0.16666666666666666,0.0202173000190412,1
x_aq_lsu_top/x_aq_lsu_ag/x_aq_lsu_ag_pipe_gated_clk/external_en,0,0.0,0.0,0.0,0.0,,0
x_aq_lsu_top/x_aq_lsu_ag/x_aq_lsu_ag_pipe_gated_clk/pad_yy_icg_scan_en,0,0.0,0.0,0.0,0.0,,0
x_aq_lsu_top/x_aq_lsu_ag/x_aq_lsu_ag_pipe_gated_clk/clk_out,0,0.0,0.0,0.0,0.0,,0
x_aq_lsu_top/x_aq_lsu_ag/x_aq_lsu_ag_pipe_gated_clk/clk_en_bf_latch,6,0.0007218479307025986,5.518333333333335,0.7193499662137758,0.16666666666666666,0.0202173000190412,1
x_aq_lsu_top/x_aq_lsu_ag/x_aq_lsu_ag_pipe_gated_clk/SE,0,0.0,0.0,0.0,0.0,,0
x_aq_lsu_top/x_aq_lsu_amo_alu/amo_alu_stb_id[1:0],0,0.0,0.0,0.0,0.0,,0
x_aq_lsu_top/x_aq_lsu_amo_alu/amo_alu_stb_rst[63:0],0,0.0,0.0,0.0,0.0,,0
x_aq_lsu_top/x_aq_lsu_amo_alu/amo_alu_stb_rst_vld,0,0.0,0.0,0.0,0.0,,0
x_aq_lsu_top/x_aq_lsu_amo_alu/cp0_lsu_icg_en,0,0.0,0.0,0.0,0.0,,0
x_aq_lsu_top/x_aq_lsu_amo_alu/cpurst_b,3,0.0003609239653512993,6.4566666666666634,0.8416677043528134,0.3333333333333333,-0.052373008311376444,1
x_aq_lsu_top/x_aq_lsu_amo_alu/da_amo_alu_func[4:0],5,0.0006015399422521655,9.414000000000001,1.2271749770951044,0.0,-0.03623772631320936,3
x_aq_lsu_top/x_aq_lsu_amo_alu/da_amo_alu_size[1:0],8,0.0009624639076034649,9.692500000000004,1.2634792293917891,0.0,0.047341080237703295,2
x_aq_lsu_top/x_aq_lsu_amo_alu/da_amo_alu_src0[63:0],0,0.0,0.0,0.0,0.0,,0
x_aq_lsu_top/x_aq_lsu_amo_alu/da_amo_src_vld,0,0.0,0.0,0.0,0.0,,0
x_aq_lsu_top/x_aq_lsu_amo_alu/da_amo_stb_id[1:0],0,0.0,0.0,0.0,0.0,,0
x_aq_lsu_top/x_aq_lsu_amo_alu/forever_cpuclk,0,0.0,0.0,0.0,0.0,,0
x_aq_lsu_top/x_aq_lsu_amo_alu/ifu_lsu_warm_up,2,0.00024061597690086623,7.3900000000000015,0.9633336605834737,0.0,8.1767073335401e-05,1
x_aq_lsu_top/x_aq_lsu_amo_alu/pad_yy_icg_scan_en,0,0.0,0.0,0.0,0.0,,0
x_aq_lsu_top/x_aq_lsu_amo_alu/stb_amo_alu_src1[63:0],0,0.0,0.0,0.0,0.0,,0
x_aq_lsu_top/x_aq_lsu_amo_alu/alu_adder_add_rst[64:0],0,0.0,0.0,0.0,0.0,,0
x_aq_lsu_top/x_aq_lsu_amo_alu/alu_adder_cin,0,0.0,0.0,0.0,0.0,,0
x_aq_lsu_top/x_aq_lsu_amo_alu/alu_adder_op_sub,1,0.00012030798845043312,11.970000000000002,1.560365888658211,0.0,-0.03439563123397751,1
x_aq_lsu_top/x_aq_lsu_amo_alu/alu_adder_rs1[64:0],2,0.00024061597690086623,12.055000000000001,1.5714461811006462,0.0,,64
x_aq_lsu_top/x_aq_lsu_amo_alu/alu_adder_rst_sel,2,0.00024061597690086623,9.630000000000006,1.2553319555370577,0.0,0.004902339337400382,1
x_aq_lsu_top/x_aq_lsu_amo_alu/alu_adder_sel,2,0.00024061597690086623,9.630000000000006,1.2553319555370577,0.0,0.004902339337400382,1
x_aq_lsu_top/x_aq_lsu_amo_alu/alu_adder_src0[63:0],0,0.0,0.0,0.0,0.0,,0
x_aq_lsu_top/x_aq_lsu_amo_alu/alu_adder_src1[63:0],0,0.0,0.0,0.0,0.0,,0
x_aq_lsu_top/x_aq_lsu_amo_alu/alu_logic_and_rst[63:0],0,0.0,0.0,0.0,0.0,,0
x_aq_lsu_top/x_aq_lsu_amo_alu/alu_logic_or_rst[63:0],0,0.0,0.0,0.0,0.0,,0
x_aq_lsu_top/x_aq_lsu_amo_alu/alu_logic_rst[63:0],0,0.0,0.0,0.0,0.0,,0
x_aq_lsu_top/x_aq_lsu_amo_alu/alu_logic_rst_sel,0,0.0,0.0,0.0,0.0,,0
x_aq_lsu_top/x_aq_lsu_amo_alu/alu_logic_sel,0,0.0,0.0,0.0,0.0,,0
x_aq_lsu_top/x_aq_lsu_amo_alu/alu_logic_src0[63:0],0,0.0,0.0,0.0,0.0,,0
x_aq_lsu_top/x_aq_lsu_amo_alu/alu_logic_src1[63:0],0,0.0,0.0,0.0,0.0,,0
x_aq_lsu_top/x_aq_lsu_amo_alu/alu_logic_xor_rst[63:0],0,0.0,0.0,0.0,0.0,,0
x_aq_lsu_top/x_aq_lsu_amo_alu/alu_rst_src0_sel,0,0.0,0.0,0.0,0.0,,0
x_aq_lsu_top/x_aq_lsu_amo_alu/alu_src_rst_sel,0,0.0,0.0,0.0,0.0,,0
x_aq_lsu_top/x_aq_lsu_amo_alu/alu_src_sel_rst[63:0],0,0.0,0.0,0.0,0.0,,0
x_aq_lsu_top/x_aq_lsu_amo_alu/amo_add,2,0.00024061597690086623,9.630000000000006,1.2553319555370577,0.0,0.004902339337400382,1
x_aq_lsu_top/x_aq_lsu_amo_alu/amo_and,0,0.0,0.0,0.0,0.0,,0
x_aq_lsu_top/x_aq_lsu_amo_alu/amo_clk,0,0.0,0.0,0.0,0.0,,0
x_aq_lsu_top/x_aq_lsu_amo_alu/amo_clk_en,2,0.00024061597690086623,7.3900000000000015,0.9633336605834737,0.0,8.1767073335401e-05,1
x_aq_lsu_top/x_aq_lsu_amo_alu/amo_dw,3,0.0003609239653512993,6.363333333333337,0.8295011087297482,0.0,0.04617078518831485,1
x_aq_lsu_top/x_aq_lsu_amo_alu/amo_max,0,0.0,0.0,0.0,0.0,,0
x_aq_lsu_top/x_aq_lsu_amo_alu/amo_maxu,0,0.0,0.0,0.0,0.0,,0
x_aq_lsu_top/x_aq_lsu_amo_alu/amo_min,0,0.0,0.0,0.0,0.0,,0
x_aq_lsu_top/x_aq_lsu_amo_alu/amo_minu,0,0.0,0.0,0.0,0.0,,0
x_aq_lsu_top/x_aq_lsu_amo_alu/amo_op[4:0],5,0.0006015399422521655,9.414000000000001,1.2271749770951044,0.0,-0.03623772631320936,3
x_aq_lsu_top/x_aq_lsu_amo_alu/amo_or,0,0.0,0.0,0.0,0.0,,0
x_aq_lsu_top/x_aq_lsu_amo_alu/amo_size[1:0],8,0.0009624639076034649,9.692500000000004,1.2634792293917891,0.0,0.047341080237703295,2
x_aq_lsu_top/x_aq_lsu_amo_alu/amo_src_vld,0,0.0,0.0,0.0,0.0,,0
x_aq_lsu_top/x_aq_lsu_amo_alu/amo_stb_id[1:0],0,0.0,0.0,0.0,0.0,,0
x_aq_lsu_top/x_aq_lsu_amo_alu/amo_swap,0,0.0,0.0,0.0,0.0,,0
x_aq_lsu_top/x_aq_lsu_amo_alu/amo_wd,0,0.0,0.0,0.0,0.0,,0
x_aq_lsu_top/x_aq_lsu_amo_alu/amo_xor,0,0.0,0.0,0.0,0.0,,0
x_aq_lsu_top/x_aq_lsu_amo_alu/dw_sign_ext,3,0.0003609239653512993,6.363333333333337,0.8295011087297482,0.0,0.04617078518831485,1
x_aq_lsu_top/x_aq_lsu_amo_alu/dw_unsign_ext,0,0.0,0.0,0.0,0.0,,0
x_aq_lsu_top/x_aq_lsu_amo_alu/src0_data[63:0],0,0.0,0.0,0.0,0.0,,0
x_aq_lsu_top/x_aq_lsu_amo_alu/src1_data[63:0],0,0.0,0.0,0.0,0.0,,0
x_aq_lsu_top/x_aq_lsu_amo_alu/unsign_ext,0,0.0,0.0,0.0,0.0,,0
x_aq_lsu_top/x_aq_lsu_amo_alu/wd_sign_ext,0,0.0,0.0,0.0,0.0,,0
x_aq_lsu_top/x_aq_lsu_amo_alu/wd_unsign_ext,0,0.0,0.0,0.0,0.0,,0
x_aq_lsu_top/x_aq_lsu_amo_alu/x_aq_lsu_amo_gated_clk/clk_in,0,0.0,0.0,0.0,0.0,,0
x_aq_lsu_top/x_aq_lsu_amo_alu/x_aq_lsu_amo_gated_clk/global_en,0,0.0,0.0,0.0,0.0,,0
x_aq_lsu_top/x_aq_lsu_amo_alu/x_aq_lsu_amo_gated_clk/module_en,0,0.0,0.0,0.0,0.0,,0
x_aq_lsu_top/x_aq_lsu_amo_alu/x_aq_lsu_amo_gated_clk/local_en,2,0.00024061597690086623,7.3900000000000015,0.9633336605834737,0.0,8.1767073335401e-05,1
x_aq_lsu_top/x_aq_lsu_amo_alu/x_aq_lsu_amo_gated_clk/external_en,0,0.0,0.0,0.0,0.0,,0
x_aq_lsu_top/x_aq_lsu_amo_alu/x_aq_lsu_amo_gated_clk/pad_yy_icg_scan_en,0,0.0,0.0,0.0,0.0,,0
x_aq_lsu_top/x_aq_lsu_amo_alu/x_aq_lsu_amo_gated_clk/clk_out,0,0.0,0.0,0.0,0.0,,0
x_aq_lsu_top/x_aq_lsu_amo_alu/x_aq_lsu_amo_gated_clk/clk_en_bf_latch,2,0.00024061597690086623,7.3900000000000015,0.9633336605834737,0.0,8.1767073335401e-05,1
x_aq_lsu_top/x_aq_lsu_amo_alu/x_aq_lsu_amo_gated_clk/SE,0,0.0,0.0,0.0,0.0,,0
x_aq_lsu_top/x_aq_lsu_amr/amr_dc_wa_dis,0,0.0,0.0,0.0,0.0,,0
x_aq_lsu_top/x_aq_lsu_amr/cp0_lsu_amr[1:0],1,0.00012030798845043312,0.23999999999999844,0.03128553160216944,0.0,0.0029125084884028974,1
x_aq_lsu_top/x_aq_lsu_amr/cp0_lsu_dcache_en,3,0.0003609239653512993,10.02,1.3061709443905825,0.0,-0.020636977497295393,1
x_aq_lsu_top/x_aq_lsu_amr/cp0_lsu_icg_en,0,0.0,0.0,0.0,0.0,,0
x_aq_lsu_top/x_aq_lsu_amr/cp0_lsu_sync_req,0,0.0,0.0,0.0,0.0,,0
x_aq_lsu_top/x_aq_lsu_amr/cpurst_b,3,0.0003609239653512993,6.4566666666666634,0.8416677043528134,0.3333333333333333,-0.052373008311376444,1
x_aq_lsu_top/x_aq_lsu_amr/dc_amr_cancel,0,0.0,0.0,0.0,0.0,,0
x_aq_lsu_top/x_aq_lsu_amr/dc_amr_st_addr[39:0],4,0.00048123195380173246,6.417500000000001,0.8365620794038487,0.0,0.049288993232723566,6
x_aq_lsu_top/x_aq_lsu_amr/dc_amr_st_mask,2,0.00024061597690086623,2.8100000000000023,0.3663014325087365,0.5,0.06699078123658667,1
x_aq_lsu_top/x_aq_lsu_amr/dc_amr_st_miss,1,0.00012030798845043312,1.2299999999999933,0.16033834946111852,0.0,-0.11407227095261288,1
x_aq_lsu_top/x_aq_lsu_amr/dc_amr_st_req,0,0.0,0.0,0.0,0.0,,0
x_aq_lsu_top/x_aq_lsu_amr/dc_amr_st_req_gate,0,0.0,0.0,0.0,0.0,,0
x_aq_lsu_top/x_aq_lsu_amr/dc_amr_st_size[4:0],9,0.001082771896053898,7.808888888888894,1.017938500463187,0.1111111111111111,0.045013634151253396,3
x_aq_lsu_top/x_aq_lsu_amr/forever_cpuclk,0,0.0,0.0,0.0,0.0,,0
x_aq_lsu_top/x_aq_lsu_amr/ifu_lsu_warm_up,2,0.00024061597690086623,7.3900000000000015,0.9633336605834737,0.0,8.1767073335401e-05,1
x_aq_lsu_top/x_aq_lsu_amr/pad_yy_icg_scan_en,0,0.0,0.0,0.0,0.0,,0
x_aq_lsu_top/x_aq_lsu_amr/amr_clk,0,0.0,0.0,0.0,0.0,,0
x_aq_lsu_top/x_aq_lsu_amr/amr_clk_en,2,0.00024061597690086623,7.3900000000000015,0.9633336605834737,0.0,8.1767073335401e-05,1
x_aq_lsu_top/x_aq_lsu_amr/amr_create_en,0,0.0,0.0,0.0,0.0,,0
x_aq_lsu_top/x_aq_lsu_amr/amr_cur_cals,0,0.0,0.0,0.0,0.0,,0
x_aq_lsu_top/x_aq_lsu_amr/amr_cur_chk,0,0.0,0.0,0.0,0.0,,0
x_aq_lsu_top/x_aq_lsu_amr/amr_cur_func,0,0.0,0.0,0.0,0.0,,0
x_aq_lsu_top/x_aq_lsu_amr/amr_cur_idle,1,0.00012030798845043312,12.84,1.6737759407160757,0.0,-0.12626398420199358,1
x_aq_lsu_top/x_aq_lsu_amr/amr_dp_clk,0,0.0,0.0,0.0,0.0,,0
x_aq_lsu_top/x_aq_lsu_amr/amr_dp_clk_en,2,0.00024061597690086623,7.3900000000000015,0.9633336605834737,0.0,8.1767073335401e-05,1
x_aq_lsu_top/x_aq_lsu_amr/amr_en,1,0.00012030798845043312,0.23999999999999844,0.03128553160216944,0.0,0.0029125084884028974,1
x_aq_lsu_top/x_aq_lsu_amr/amr_exit,0,0.0,0.0,0.0,0.0,,0
x_aq_lsu_top/x_aq_lsu_amr/amr_flush,4,0.00048123195380173246,5.784999999999998,0.7541116679939638,0.0,0.012022269751279492,1
x_aq_lsu_top/x_aq_lsu_amr/amr_st_clk,0,0.0,0.0,0.0,0.0,,0
x_aq_lsu_top/x_aq_lsu_amr/amr_st_clk_en,2,0.00024061597690086623,7.3900000000000015,0.9633336605834737,0.0,8.1767073335401e-05,1
x_aq_lsu_top/x_aq_lsu_amr/amr_start,0,0.0,0.0,0.0,0.0,,0
x_aq_lsu_top/x_aq_lsu_amr/amr_start_chk,0,0.0,0.0,0.0,0.0,,0
x_aq_lsu_top/x_aq_lsu_amr/byte_cnt_done,0,0.0,0.0,0.0,0.0,,0
x_aq_lsu_top/x_aq_lsu_amr/dc_st_req,0,0.0,0.0,0.0,0.0,,0
x_aq_lsu_top/x_aq_lsu_amr/dc_st_req_gate,0,0.0,0.0,0.0,0.0,,0
x_aq_lsu_top/x_aq_lsu_amr/line_cnt_done,2,0.00024061597690086623,3.2549999999999972,0.4243100223544254,0.0,-0.011593891420146815,1
x_aq_lsu_top/x_aq_lsu_amr/stride_abs[5:0],0,0.0,0.0,0.0,0.0,,0
x_aq_lsu_top/x_aq_lsu_amr/stride_cal[39:0],4,0.00048123195380173246,6.417500000000001,0.8365620794038487,0.0,0.049288993232723566,6
x_aq_lsu_top/x_aq_lsu_amr/stride_equal_size,0,0.0,0.0,0.0,0.0,,0
x_aq_lsu_top/x_aq_lsu_amr/stride_hit,1,0.00012030798845043312,14.409999999999998,1.8784354599469353,0.0,-0.010773496713088677,1
x_aq_lsu_top/x_aq_lsu_amr/stride_neg[5:0],0,0.0,0.0,0.0,0.0,,0
x_aq_lsu_top/x_aq_lsu_amr/stride_raw[6:0],0,0.0,0.0,0.0,0.0,,0
x_aq_lsu_top/x_aq_lsu_amr/x_aq_lsu_amr_gated_clk/clk_in,0,0.0,0.0,0.0,0.0,,0
x_aq_lsu_top/x_aq_lsu_amr/x_aq_lsu_amr_gated_clk/global_en,0,0.0,0.0,0.0,0.0,,0
x_aq_lsu_top/x_aq_lsu_amr/x_aq_lsu_amr_gated_clk/module_en,0,0.0,0.0,0.0,0.0,,0
x_aq_lsu_top/x_aq_lsu_amr/x_aq_lsu_amr_gated_clk/local_en,2,0.00024061597690086623,7.3900000000000015,0.9633336605834737,0.0,8.1767073335401e-05,1
x_aq_lsu_top/x_aq_lsu_amr/x_aq_lsu_amr_gated_clk/external_en,0,0.0,0.0,0.0,0.0,,0
x_aq_lsu_top/x_aq_lsu_amr/x_aq_lsu_amr_gated_clk/pad_yy_icg_scan_en,0,0.0,0.0,0.0,0.0,,0
x_aq_lsu_top/x_aq_lsu_amr/x_aq_lsu_amr_gated_clk/clk_out,0,0.0,0.0,0.0,0.0,,0
x_aq_lsu_top/x_aq_lsu_amr/x_aq_lsu_amr_gated_clk/clk_en_bf_latch,2,0.00024061597690086623,7.3900000000000015,0.9633336605834737,0.0,8.1767073335401e-05,1
x_aq_lsu_top/x_aq_lsu_amr/x_aq_lsu_amr_gated_clk/SE,0,0.0,0.0,0.0,0.0,,0
x_aq_lsu_top/x_aq_lsu_amr/x_aq_lsu_amr_dp_gated_clk/clk_in,0,0.0,0.0,0.0,0.0,,0
x_aq_lsu_top/x_aq_lsu_amr/x_aq_lsu_amr_dp_gated_clk/global_en,0,0.0,0.0,0.0,0.0,,0
x_aq_lsu_top/x_aq_lsu_amr/x_aq_lsu_amr_dp_gated_clk/module_en,0,0.0,0.0,0.0,0.0,,0
x_aq_lsu_top/x_aq_lsu_amr/x_aq_lsu_amr_dp_gated_clk/local_en,2,0.00024061597690086623,7.3900000000000015,0.9633336605834737,0.0,8.1767073335401e-05,1
x_aq_lsu_top/x_aq_lsu_amr/x_aq_lsu_amr_dp_gated_clk/external_en,0,0.0,0.0,0.0,0.0,,0
x_aq_lsu_top/x_aq_lsu_amr/x_aq_lsu_amr_dp_gated_clk/pad_yy_icg_scan_en,0,0.0,0.0,0.0,0.0,,0
x_aq_lsu_top/x_aq_lsu_amr/x_aq_lsu_amr_dp_gated_clk/clk_out,0,0.0,0.0,0.0,0.0,,0
x_aq_lsu_top/x_aq_lsu_amr/x_aq_lsu_amr_dp_gated_clk/clk_en_bf_latch,2,0.00024061597690086623,7.3900000000000015,0.9633336605834737,0.0,8.1767073335401e-05,1
x_aq_lsu_top/x_aq_lsu_amr/x_aq_lsu_amr_dp_gated_clk/SE,0,0.0,0.0,0.0,0.0,,0
x_aq_lsu_top/x_aq_lsu_amr/x_aq_lsu_amr_st_gated_clk/clk_in,0,0.0,0.0,0.0,0.0,,0
x_aq_lsu_top/x_aq_lsu_amr/x_aq_lsu_amr_st_gated_clk/global_en,0,0.0,0.0,0.0,0.0,,0
x_aq_lsu_top/x_aq_lsu_amr/x_aq_lsu_amr_st_gated_clk/module_en,0,0.0,0.0,0.0,0.0,,0
x_aq_lsu_top/x_aq_lsu_amr/x_aq_lsu_amr_st_gated_clk/local_en,2,0.00024061597690086623,7.3900000000000015,0.9633336605834737,0.0,8.1767073335401e-05,1
x_aq_lsu_top/x_aq_lsu_amr/x_aq_lsu_amr_st_gated_clk/external_en,0,0.0,0.0,0.0,0.0,,0
x_aq_lsu_top/x_aq_lsu_amr/x_aq_lsu_amr_st_gated_clk/pad_yy_icg_scan_en,0,0.0,0.0,0.0,0.0,,0
x_aq_lsu_top/x_aq_lsu_amr/x_aq_lsu_amr_st_gated_clk/clk_out,0,0.0,0.0,0.0,0.0,,0
x_aq_lsu_top/x_aq_lsu_amr/x_aq_lsu_amr_st_gated_clk/clk_en_bf_latch,2,0.00024061597690086623,7.3900000000000015,0.9633336605834737,0.0,8.1767073335401e-05,1
x_aq_lsu_top/x_aq_lsu_amr/x_aq_lsu_amr_st_gated_clk/SE,0,0.0,0.0,0.0,0.0,,0
x_aq_lsu_top/x_aq_lsu_arb/ag_arb_data_idx[13:0],45,0.00541385948026949,7.7122222222222225,1.005337383567868,0.06666666666666667,0.03417811100374215,8
x_aq_lsu_top/x_aq_lsu_arb/ag_arb_data_req,0,0.0,0.0,0.0,0.0,,0
x_aq_lsu_top/x_aq_lsu_arb/ag_arb_data_way[3:0],0,0.0,0.0,0.0,0.0,,0
x_aq_lsu_top/x_aq_lsu_arb/ag_arb_tag_idx[11:0],41,0.004932627526467758,8.191951219512196,1.067873119839504,0.07317073170731707,0.036561230217039345,8
x_aq_lsu_top/x_aq_lsu_arb/ag_arb_tag_req,2,0.00024061597690086623,5.865000000000004,0.764540178528021,0.5,0.045749683029589774,1
x_aq_lsu_top/x_aq_lsu_arb/ag_arb_tag_sel[3:0],0,0.0,0.0,0.0,0.0,,0
x_aq_lsu_top/x_aq_lsu_arb/ag_arb_tag_way[3:0],0,0.0,0.0,0.0,0.0,,0
x_aq_lsu_top/x_aq_lsu_arb/arb_ag_grant,1,0.00012030798845043312,12.09,1.5760086544592955,1.0,-0.12617851730880866,1
x_aq_lsu_top/x_aq_lsu_arb/arb_dc_grant,1,0.00012030798845043312,41.400000000000006,5.3967542013742635,1.0,-0.14861602140388885,1
x_aq_lsu_top/x_aq_lsu_arb/arb_mcic_grant,1,0.00012030798845043312,12.09,1.5760086544592955,1.0,-0.12617851730880866,1
x_aq_lsu_top/x_aq_lsu_arb/arb_rdl_grant,1,0.00012030798845043312,8.549999999999997,1.1145470633272931,1.0,-0.11413386512837041,1
x_aq_lsu_top/x_aq_lsu_arb/arb_stb_grant,1,0.00012030798845043312,1.2299999999999933,0.16033834946111852,0.0,-0.11407227095261288,1
x_aq_lsu_top/x_aq_lsu_arb/dc_arb_data_idx[13:0],2,0.00024061597690086623,3.6199999999999974,0.4718901016660584,0.0,0.048831457812086095,8
x_aq_lsu_top/x_aq_lsu_arb/dc_arb_data_req,0,0.0,0.0,0.0,0.0,,0
x_aq_lsu_top/x_aq_lsu_arb/dc_arb_data_way[3:0],0,0.0,0.0,0.0,0.0,,0
x_aq_lsu_top/x_aq_lsu_arb/dc_arb_tag_idx[11:0],2,0.00024061597690086623,3.6199999999999974,0.4718901016660584,0.0,0.04883145781208607,6
x_aq_lsu_top/x_aq_lsu_arb/dc_arb_tag_req,0,0.0,0.0,0.0,0.0,,0
x_aq_lsu_top/x_aq_lsu_arb/dc_arb_tag_sel[3:0],0,0.0,0.0,0.0,0.0,,0
x_aq_lsu_top/x_aq_lsu_arb/dc_arb_tag_way[3:0],0,0.0,0.0,0.0,0.0,,0
x_aq_lsu_top/x_aq_lsu_arb/dcache_data_cen_bank0,3,0.0003609239653512993,18.29666666666667,2.385087263393183,0.3333333333333333,-0.12283283392414311,1
x_aq_lsu_top/x_aq_lsu_arb/dcache_data_cen_bank1,3,0.0003609239653512993,18.29666666666667,2.385087263393183,0.3333333333333333,-0.12283283392414311,1
x_aq_lsu_top/x_aq_lsu_arb/dcache_data_cen_bank2,1,0.00012030798845043312,41.400000000000006,5.3967542013742635,1.0,-0.14861602140388885,1
x_aq_lsu_top/x_aq_lsu_arb/dcache_data_cen_bank3,1,0.00012030798845043312,41.400000000000006,5.3967542013742635,1.0,-0.14861602140388885,1
x_aq_lsu_top/x_aq_lsu_arb/dcache_data_din_bank0[63:0],0,0.0,0.0,0.0,0.0,,0
x_aq_lsu_top/x_aq_lsu_arb/dcache_data_din_bank1[63:0],0,0.0,0.0,0.0,0.0,,0
x_aq_lsu_top/x_aq_lsu_arb/dcache_data_din_bank2[63:0],0,0.0,0.0,0.0,0.0,,0
x_aq_lsu_top/x_aq_lsu_arb/dcache_data_din_bank3[63:0],0,0.0,0.0,0.0,0.0,,0
x_aq_lsu_top/x_aq_lsu_arb/dcache_dirty_cen,1567,0.18852261790182867,7.703586470963625,1.0042116582807457,0.0631780472239949,-0.17759670436860084,1
x_aq_lsu_top/x_aq_lsu_arb/dcache_tag_req,10,0.001203079884504331,6.949000000000001,0.9058464962644869,0.2,0.23121042087718632,1
x_aq_lsu_top/x_aq_lsu_arb/icc_arb_data02_idx[13:0],2092,0.2516843118383061,7.988652007648184,1.0413717701833884,0.06405353728489484,0.07503394752765437,10
x_aq_lsu_top/x_aq_lsu_arb/icc_arb_data0_req,0,0.0,0.0,0.0,0.0,,0
x_aq_lsu_top/x_aq_lsu_arb/icc_arb_data13_idx[13:0],2094,0.2519249278152069,8.004875835721107,1.0434866497079034,0.06494746895893028,0.07475341114380646,11
x_aq_lsu_top/x_aq_lsu_arb/icc_arb_data1_req,0,0.0,0.0,0.0,0.0,,0
x_aq_lsu_top/x_aq_lsu_arb/icc_arb_data2_req,0,0.0,0.0,0.0,0.0,,0
x_aq_lsu_top/x_aq_lsu_arb/icc_arb_data3_req,0,0.0,0.0,0.0,0.0,,0
x_aq_lsu_top/x_aq_lsu_arb/icc_arb_data_way[3:0],3124,0.37584215591915304,7.718549935979514,1.006162241437548,0.07298335467349552,0.018348243656263828,2
x_aq_lsu_top/x_aq_lsu_arb/icc_arb_dirty_din[7:0],0,0.0,0.0,0.0,0.0,,0
x_aq_lsu_top/x_aq_lsu_arb/icc_arb_dirty_idx[13:0],2088,0.25120307988450435,7.9807231800766285,1.0403381969102299,0.06417624521072797,0.07489632451489968,9
x_aq_lsu_top/x_aq_lsu_arb/icc_arb_dirty_req,1532,0.1843118383060635,7.73425587467363,1.0082096107765335,0.08420365535248042,0.21174749372444096,1
x_aq_lsu_top/x_aq_lsu_arb/icc_arb_dirty_wen[7:0],1552,0.1867179980750722,7.717023195876289,1.0059632211219325,0.07731958762886598,0.25521894193212424,7
x_aq_lsu_top/x_aq_lsu_arb/icc_arb_tag_idx[11:0],2065,0.24843599615014436,8.000140435835352,1.0428693601130088,0.0648910411622276,-0.12370489068992072,7
x_aq_lsu_top/x_aq_lsu_arb/icc_arb_tag_req,8,0.0009624639076034649,7.220000000000001,0.9411730756986034,0.125,0.22758827525146136,1
x_aq_lsu_top/x_aq_lsu_arb/icc_arb_tag_sel[3:0],28,0.003368623676612127,8.213571428571427,1.0706914520635376,0.10714285714285714,-0.10258312456054054,2
x_aq_lsu_top/x_aq_lsu_arb/icc_arb_tag_way[3:0],21,0.002526467757459095,5.900952380952382,0.7692268008215997,0.0,-0.07474785469456144,4
x_aq_lsu_top/x_aq_lsu_arb/icc_arb_tag_wen,8,0.0009624639076034649,7.220000000000001,0.9411730756986034,0.125,0.22758827525146136,1
x_aq_lsu_top/x_aq_lsu_arb/lfb_arb_data02_idx[13:0],2,0.00024061597690086623,10.350000000000001,1.3491885503435659,0.0,-0.011305884758410623,2
x_aq_lsu_top/x_aq_lsu_arb/lfb_arb_data0_req,0,0.0,0.0,0.0,0.0,,0
x_aq_lsu_top/x_aq_lsu_arb/lfb_arb_data13_idx[13:0],0,0.0,0.0,0.0,0.0,,0
x_aq_lsu_top/x_aq_lsu_arb/lfb_arb_data1_req,0,0.0,0.0,0.0,0.0,,0
x_aq_lsu_top/x_aq_lsu_arb/lfb_arb_data2_req,0,0.0,0.0,0.0,0.0,,0
x_aq_lsu_top/x_aq_lsu_arb/lfb_arb_data3_req,0,0.0,0.0,0.0,0.0,,0
x_aq_lsu_top/x_aq_lsu_arb/lfb_arb_data_din[127:0],0,0.0,0.0,0.0,0.0,,0
x_aq_lsu_top/x_aq_lsu_arb/lfb_arb_data_way[3:0],0,0.0,0.0,0.0,0.0,,0
x_aq_lsu_top/x_aq_lsu_arb/lfb_arb_data_wen[7:0],0,0.0,0.0,0.0,0.0,,0
x_aq_lsu_top/x_aq_lsu_arb/lfb_arb_dcache_sel,0,0.0,0.0,0.0,0.0,,0
x_aq_lsu_top/x_aq_lsu_arb/lfb_arb_dirty_din[7:0],2,0.00024061597690086623,10.350000000000001,1.3491885503435659,0.0,-0.011295275815344707,3
x_aq_lsu_top/x_aq_lsu_arb/lfb_arb_dirty_idx[13:0],0,0.0,0.0,0.0,0.0,,0
x_aq_lsu_top/x_aq_lsu_arb/lfb_arb_dirty_req,0,0.0,0.0,0.0,0.0,,0
x_aq_lsu_top/x_aq_lsu_arb/lfb_arb_dirty_wen[7:0],0,0.0,0.0,0.0,0.0,,0
x_aq_lsu_top/x_aq_lsu_arb/lfb_arb_tag_din[29:0],0,0.0,0.0,0.0,0.0,,0
x_aq_lsu_top/x_aq_lsu_arb/lfb_arb_tag_idx[11:0],0,0.0,0.0,0.0,0.0,,0
x_aq_lsu_top/x_aq_lsu_arb/lfb_arb_tag_req,0,0.0,0.0,0.0,0.0,,0
x_aq_lsu_top/x_aq_lsu_arb/lfb_arb_tag_sel[3:0],1,0.00012030798845043312,14.430000000000001,1.8810425875804497,0.0,-0.011463322603922455,1
x_aq_lsu_top/x_aq_lsu_arb/lfb_arb_tag_way[3:0],0,0.0,0.0,0.0,0.0,,0
x_aq_lsu_top/x_aq_lsu_arb/lfb_arb_tag_wen,1,0.00012030798845043312,14.430000000000001,1.8810425875804497,0.0,-0.011463322603922455,1
x_aq_lsu_top/x_aq_lsu_arb/mcic_arb_data_idx[13:0],2,0.00024061597690086623,9.350000000000003,1.2188321686678594,0.0,0.04913378582256354,2
x_aq_lsu_top/x_aq_lsu_arb/mcic_arb_data_req,0,0.0,0.0,0.0,0.0,,0
x_aq_lsu_top/x_aq_lsu_arb/mcic_arb_data_way[3:0],0,0.0,0.0,0.0,0.0,,0
x_aq_lsu_top/x_aq_lsu_arb/mcic_arb_tag_idx[11:0],0,0.0,0.0,0.0,0.0,,0
x_aq_lsu_top/x_aq_lsu_arb/mcic_arb_tag_req,0,0.0,0.0,0.0,0.0,,0
x_aq_lsu_top/x_aq_lsu_arb/mcic_arb_tag_sel[3:0],0,0.0,0.0,0.0,0.0,,0
x_aq_lsu_top/x_aq_lsu_arb/mcic_arb_tag_way[3:0],0,0.0,0.0,0.0,0.0,,0
x_aq_lsu_top/x_aq_lsu_arb/rdl_arb_data02_idx[13:0],0,0.0,0.0,0.0,0.0,,0
x_aq_lsu_top/x_aq_lsu_arb/rdl_arb_data0_req,0,0.0,0.0,0.0,0.0,,0
x_aq_lsu_top/x_aq_lsu_arb/rdl_arb_data13_idx[13:0],0,0.0,0.0,0.0,0.0,,0
x_aq_lsu_top/x_aq_lsu_arb/rdl_arb_data1_req,0,0.0,0.0,0.0,0.0,,0
x_aq_lsu_top/x_aq_lsu_arb/rdl_arb_data2_req,0,0.0,0.0,0.0,0.0,,0
x_aq_lsu_top/x_aq_lsu_arb/rdl_arb_data3_req,0,0.0,0.0,0.0,0.0,,0
x_aq_lsu_top/x_aq_lsu_arb/rdl_arb_data_way[3:0],0,0.0,0.0,0.0,0.0,,0
x_aq_lsu_top/x_aq_lsu_arb/rdl_arb_dcache_sel,0,0.0,0.0,0.0,0.0,,0
x_aq_lsu_top/x_aq_lsu_arb/rdl_arb_dirty_din[7:0],0,0.0,0.0,0.0,0.0,,0
x_aq_lsu_top/x_aq_lsu_arb/rdl_arb_dirty_idx[13:0],0,0.0,0.0,0.0,0.0,,0
x_aq_lsu_top/x_aq_lsu_arb/rdl_arb_dirty_req,0,0.0,0.0,0.0,0.0,,0
x_aq_lsu_top/x_aq_lsu_arb/rdl_arb_dirty_wen[7:0],0,0.0,0.0,0.0,0.0,,0
x_aq_lsu_top/x_aq_lsu_arb/rdl_arb_tag_idx[11:0],0,0.0,0.0,0.0,0.0,,0
x_aq_lsu_top/x_aq_lsu_arb/rdl_arb_tag_req,0,0.0,0.0,0.0,0.0,,0
x_aq_lsu_top/x_aq_lsu_arb/rdl_arb_tag_sel[3:0],0,0.0,0.0,0.0,0.0,,0
x_aq_lsu_top/x_aq_lsu_arb/rdl_arb_tag_way[3:0],0,0.0,0.0,0.0,0.0,,0
x_aq_lsu_top/x_aq_lsu_arb/rdl_arb_tag_wen,0,0.0,0.0,0.0,0.0,,0
x_aq_lsu_top/x_aq_lsu_arb/stb_arb_data0_req,0,0.0,0.0,0.0,0.0,,0
x_aq_lsu_top/x_aq_lsu_arb/stb_arb_data1_req,0,0.0,0.0,0.0,0.0,,0
x_aq_lsu_top/x_aq_lsu_arb/stb_arb_data2_req,0,0.0,0.0,0.0,0.0,,0
x_aq_lsu_top/x_aq_lsu_arb/stb_arb_data3_req,0,0.0,0.0,0.0,0.0,,0
x_aq_lsu_top/x_aq_lsu_arb/stb_arb_data_din[127:0],0,0.0,0.0,0.0,0.0,,0
x_aq_lsu_top/x_aq_lsu_arb/stb_arb_data_idx[13:0],0,0.0,0.0,0.0,0.0,,0
x_aq_lsu_top/x_aq_lsu_arb/stb_arb_data_req,0,0.0,0.0,0.0,0.0,,0
x_aq_lsu_top/x_aq_lsu_arb/stb_arb_data_way[3:0],0,0.0,0.0,0.0,0.0,,0
x_aq_lsu_top/x_aq_lsu_arb/stb_arb_data_wen[7:0],0,0.0,0.0,0.0,0.0,,0
x_aq_lsu_top/x_aq_lsu_arb/stb_arb_dirty_idx[13:0],0,0.0,0.0,0.0,0.0,,0
x_aq_lsu_top/x_aq_lsu_arb/stb_arb_dirty_req,0,0.0,0.0,0.0,0.0,,0
x_aq_lsu_top/x_aq_lsu_arb/stb_arb_dirty_wen[7:0],0,0.0,0.0,0.0,0.0,,0
x_aq_lsu_top/x_aq_lsu_arb/dcache_data_sel[5:0],0,0.0,0.0,0.0,0.0,,0
x_aq_lsu_top/x_aq_lsu_arb/dcache_dirty_req,1532,0.1843118383060635,7.73425587467363,1.0082096107765335,0.08420365535248042,0.21174749372444096,1
x_aq_lsu_top/x_aq_lsu_arb/dcache_dirty_sel[2:0],0,0.0,0.0,0.0,0.0,,0
x_aq_lsu_top/x_aq_lsu_arb/dcache_tag_req_sel[4:0],2,0.00024061597690086623,5.865000000000004,0.764540178528021,0.5,0.045749683029589774,1
x_aq_lsu_top/x_aq_lsu_dc/ag_dc_addr[39:0],43,0.005173243503368624,8.472790697674421,1.1044823380444253,0.06976744186046512,0.054954952864077686,8
x_aq_lsu_top/x_aq_lsu_dc/ag_dc_amo_func[4:0],238,0.02863330125120308,7.636302521008403,0.9954407660197337,0.01680672268907563,-0.052076596359559565,5
x_aq_lsu_top/x_aq_lsu_dc/ag_dc_buf,1,0.00012030798845043312,1.2299999999999933,0.16033834946111852,0.0,-0.11407227095261288,1
x_aq_lsu_top/x_aq_lsu_dc/ag_dc_bytes_vld[7:0],89,0.010707410972088547,7.797078651685395,1.016398960674607,0.033707865168539325,-0.01766847158684199,7
x_aq_lsu_top/x_aq_lsu_dc/ag_dc_ca,6,0.0007218479307025986,6.508333333333336,0.8484027840727257,0.16666666666666666,0.04223709740553957,1
x_aq_lsu_top/x_aq_lsu_dc/ag_dc_data_shift[3:0],26,0.0031280076997112606,7.494615384615386,0.9769709435895476,0.0,-0.023112498833215357,2
x_aq_lsu_top/x_aq_lsu_dc/ag_dc_dest_reg[5:0],201,0.024181905678537056,7.015472636815921,0.9145116286802536,0.009950248756218905,-0.0431026170490449,4
x_aq_lsu_top/x_aq_lsu_dc/ag_dc_expt_vld,0,0.0,0.0,0.0,0.0,,0
x_aq_lsu_top/x_aq_lsu_dc/ag_dc_func[19:0],284,0.034167468719923,7.454401408450705,0.9717287951639267,0.017605633802816902,-0.026108438548014423,9
x_aq_lsu_top/x_aq_lsu_dc/ag_dc_hint_size[4:0],66,0.007940327237728586,7.666363636363637,0.999359424246578,0.045454545454545456,-0.010766968700514936,3
x_aq_lsu_top/x_aq_lsu_dc/ag_dc_inst_pc[15:0],217,0.026106833493743986,7.767004608294931,1.012478617195868,0.02304147465437788,0.018699569985958408,8
x_aq_lsu_top/x_aq_lsu_dc/ag_dc_inst_vld,2,0.00024061597690086623,5.865000000000004,0.764540178528021,0.5,0.045749683029589774,1
x_aq_lsu_top/x_aq_lsu_dc/ag_dc_inst_vld_dp,4,0.00048123195380173246,4.582500000000002,0.5973581190289269,0.25,0.02441815236023245,1
x_aq_lsu_top/x_aq_lsu_dc/ag_dc_inst_vld_gate,4,0.00048123195380173246,4.582500000000002,0.5973581190289269,0.25,0.02441815236023245,1
x_aq_lsu_top/x_aq_lsu_dc/ag_dc_pf_amr_mask,2,0.00024061597690086623,3.3000000000000007,0.4301760595298326,0.0,-0.002462649132594052,1
x_aq_lsu_top/x_aq_lsu_dc/ag_dc_priv_mode[1:0],1,0.00012030798845043312,1.2299999999999933,0.16033834946111852,0.0,-0.11407227095261649,2
x_aq_lsu_top/x_aq_lsu_dc/ag_dc_sec,4,0.00048123195380173246,8.152500000000005,1.0627304016112007,0.25,0.024922521276316875,1
x_aq_lsu_top/x_aq_lsu_dc/ag_dc_sew[1:0],0,0.0,0.0,0.0,0.0,,0
x_aq_lsu_top/x_aq_lsu_dc/ag_dc_sh,6,0.0007218479307025986,6.508333333333336,0.8484027840727257,0.16666666666666666,0.04223709740553957,1
x_aq_lsu_top/x_aq_lsu_dc/ag_dc_so,0,0.0,0.0,0.0,0.0,,0
x_aq_lsu_top/x_aq_lsu_dc/ag_dc_src2_depd,0,0.0,0.0,0.0,0.0,,0
x_aq_lsu_top/x_aq_lsu_dc/ag_dc_src2_reg[5:0],96,0.011549566891241578,7.051979166666666,0.9192704878191329,0.020833333333333332,-0.03274036443775244,4
x_aq_lsu_top/x_aq_lsu_dc/ag_dc_st_data[63:0],274,0.03296438883541867,7.4105109489051095,0.9660073936674789,0.014598540145985401,-0.03403865149461813,61
x_aq_lsu_top/x_aq_lsu_dc/ag_dc_unalign,0,0.0,0.0,0.0,0.0,,0
x_aq_lsu_top/x_aq_lsu_dc/ag_dc_unalign_last,0,0.0,0.0,0.0,0.0,,0
x_aq_lsu_top/x_aq_lsu_dc/ag_dc_vec_nop,0,0.0,0.0,0.0,0.0,,0
x_aq_lsu_top/x_aq_lsu_dc/ag_dc_virt_idx[1:0],16,0.0019249278152069298,8.382500000000004,1.092712369396613,0.1875,0.03609990302347661,2
x_aq_lsu_top/x_aq_lsu_dc/ag_dc_vlsu_split_cnt[9:0],0,0.0,0.0,0.0,0.0,,0
x_aq_lsu_top/x_aq_lsu_dc/ag_dc_vlsu_split_last,0,0.0,0.0,0.0,0.0,,0
x_aq_lsu_top/x_aq_lsu_dc/ag_dc_vlsu_sseg_first,0,0.0,0.0,0.0,0.0,,0
x_aq_lsu_top/x_aq_lsu_dc/ag_dc_vlsu_vl_update,0,0.0,0.0,0.0,0.0,,0
x_aq_lsu_top/x_aq_lsu_dc/ag_dc_vlsu_vl_upval[6:0],0,0.0,0.0,0.0,0.0,,0
x_aq_lsu_top/x_aq_lsu_dc/ag_dc_vlsu_wdata_shift[3:0],0,0.0,0.0,0.0,0.0,,0
x_aq_lsu_top/x_aq_lsu_dc/ag_inst_store,0,0.0,0.0,0.0,0.0,,0
x_aq_lsu_top/x_aq_lsu_dc/amr_dc_wa_dis,0,0.0,0.0,0.0,0.0,,0
x_aq_lsu_top/x_aq_lsu_dc/arb_dc_grant,1,0.00012030798845043312,41.400000000000006,5.3967542013742635,1.0,-0.14861602140388885,1
x_aq_lsu_top/x_aq_lsu_dc/cp0_lsu_dcache_en,3,0.0003609239653512993,10.02,1.3061709443905825,0.0,-0.020636977497295393,1
x_aq_lsu_top/x_aq_lsu_dc/cp0_lsu_dcache_wa,1,0.00012030798845043312,5.359999999999999,0.6987102057817886,0.0,0.0021140122656802167,1
x_aq_lsu_top/x_aq_lsu_dc/cp0_lsu_icg_en,0,0.0,0.0,0.0,0.0,,0
x_aq_lsu_top/x_aq_lsu_dc/cpurst_b,3,0.0003609239653512993,6.4566666666666634,0.8416677043528134,0.3333333333333333,-0.052373008311376444,1
x_aq_lsu_top/x_aq_lsu_dc/da_amo_alu_func[4:0],5,0.0006015399422521655,9.414000000000001,1.2271749770951044,0.0,-0.03623772631320936,3
x_aq_lsu_top/x_aq_lsu_dc/da_amo_alu_size[1:0],8,0.0009624639076034649,9.692500000000004,1.2634792293917891,0.0,0.047341080237703295,2
x_aq_lsu_top/x_aq_lsu_dc/da_amo_alu_src0[63:0],0,0.0,0.0,0.0,0.0,,0
x_aq_lsu_top/x_aq_lsu_dc/da_amo_src_vld,0,0.0,0.0,0.0,0.0,,0
x_aq_lsu_top/x_aq_lsu_dc/da_amo_stb_id[1:0],0,0.0,0.0,0.0,0.0,,0
x_aq_lsu_top/x_aq_lsu_dc/da_dtu_data[63:0],0,0.0,0.0,0.0,0.0,,0
x_aq_lsu_top/x_aq_lsu_dc/da_dtu_data_vld,0,0.0,0.0,0.0,0.0,,0
x_aq_lsu_top/x_aq_lsu_dc/da_stb_amo_src_id[1:0],0,0.0,0.0,0.0,0.0,,0
x_aq_lsu_top/x_aq_lsu_dc/da_xx_fwd_data[63:0],0,0.0,0.0,0.0,0.0,,0
x_aq_lsu_top/x_aq_lsu_dc/da_xx_fwd_dst_reg[5:0],4,0.00048123195380173246,9.445000000000004,1.2312160249270516,0.0,-0.04886026002687138,2
x_aq_lsu_top/x_aq_lsu_dc/da_xx_fwd_vld,0,0.0,0.0,0.0,0.0,,0
x_aq_lsu_top/x_aq_lsu_dc/da_xx_no_op,1,0.00012030798845043312,1.2299999999999933,0.16033834946111852,0.0,-0.11407227095261288,1
x_aq_lsu_top/x_aq_lsu_dc/dc_ag_stall,0,0.0,0.0,0.0,0.0,,0
x_aq_lsu_top/x_aq_lsu_dc/dc_amr_cancel,0,0.0,0.0,0.0,0.0,,0
x_aq_lsu_top/x_aq_lsu_dc/dc_amr_st_addr[39:0],4,0.00048123195380173246,6.417500000000001,0.8365620794038487,0.0,0.049288993232723566,6
x_aq_lsu_top/x_aq_lsu_dc/dc_amr_st_mask,2,0.00024061597690086623,2.8100000000000023,0.3663014325087365,0.5,0.06699078123658667,1
x_aq_lsu_top/x_aq_lsu_dc/dc_amr_st_miss,1,0.00012030798845043312,1.2299999999999933,0.16033834946111852,0.0,-0.11407227095261288,1
x_aq_lsu_top/x_aq_lsu_dc/dc_amr_st_req,0,0.0,0.0,0.0,0.0,,0
x_aq_lsu_top/x_aq_lsu_dc/dc_amr_st_req_gate,0,0.0,0.0,0.0,0.0,,0
x_aq_lsu_top/x_aq_lsu_dc/dc_amr_st_size[4:0],9,0.001082771896053898,7.808888888888894,1.017938500463187,0.1111111111111111,0.045013634151253396,3
x_aq_lsu_top/x_aq_lsu_dc/dc_arb_data_idx[13:0],2,0.00024061597690086623,3.6199999999999974,0.4718901016660584,0.0,0.048831457812086095,8
x_aq_lsu_top/x_aq_lsu_dc/dc_arb_data_req,0,0.0,0.0,0.0,0.0,,0
x_aq_lsu_top/x_aq_lsu_dc/dc_arb_data_way[3:0],0,0.0,0.0,0.0,0.0,,0
x_aq_lsu_top/x_aq_lsu_dc/dc_arb_tag_idx[11:0],2,0.00024061597690086623,3.6199999999999974,0.4718901016660584,0.0,0.04883145781208607,6
x_aq_lsu_top/x_aq_lsu_dc/dc_arb_tag_req,0,0.0,0.0,0.0,0.0,,0
x_aq_lsu_top/x_aq_lsu_dc/dc_arb_tag_sel[3:0],0,0.0,0.0,0.0,0.0,,0
x_aq_lsu_top/x_aq_lsu_dc/dc_arb_tag_way[3:0],0,0.0,0.0,0.0,0.0,,0
x_aq_lsu_top/x_aq_lsu_dc/dc_dbginfo[9:0],12,0.0014436958614051972,4.463333333333335,0.581823983545905,0.16666666666666666,0.062312833697291715,3
x_aq_lsu_top/x_aq_lsu_dc/dc_icc_dcache_data[127:0],0,0.0,0.0,0.0,0.0,,0
x_aq_lsu_top/x_aq_lsu_dc/dc_icc_dcache_dirty[3:0],0,0.0,0.0,0.0,0.0,,0
x_aq_lsu_top/x_aq_lsu_dc/dc_icc_dcache_tag[27:0],0,0.0,0.0,0.0,0.0,,0
x_aq_lsu_top/x_aq_lsu_dc/dc_icc_dcache_tagvld,0,0.0,0.0,0.0,0.0,,0
x_aq_lsu_top/x_aq_lsu_dc/dc_lfb_alias_hit,0,0.0,0.0,0.0,0.0,,0
x_aq_lsu_top/x_aq_lsu_dc/dc_lfb_alias_idx[1:0],0,0.0,0.0,0.0,0.0,,0
x_aq_lsu_top/x_aq_lsu_dc/dc_lfb_amo_func[4:0],5,0.0006015399422521655,8.994000000000005,1.172425296791308,0.2,-0.03519355219326104,3
x_aq_lsu_top/x_aq_lsu_dc/dc_lfb_amo_inst,0,0.0,0.0,0.0,0.0,,0
x_aq_lsu_top/x_aq_lsu_dc/dc_lfb_attr[2:0],3,0.0003609239653512993,3.4300000000000033,0.4471223891476749,0.0,0.002840715589005555,2
x_aq_lsu_top/x_aq_lsu_dc/dc_lfb_bytes_vld[7:0],11,0.0013233878729547641,7.787272727272731,1.0151206958491865,0.09090909090909091,0.04731407182155538,7
x_aq_lsu_top/x_aq_lsu_dc/dc_lfb_ca,1,0.00012030798845043312,2.770000000000003,0.36108717724170836,0.0,0.04920209652021361,1
x_aq_lsu_top/x_aq_lsu_dc/dc_lfb_create_en,0,0.0,0.0,0.0,0.0,,0
x_aq_lsu_top/x_aq_lsu_dc/dc_lfb_create_en_gate,0,0.0,0.0,0.0,0.0,,0
x_aq_lsu_top/x_aq_lsu_dc/dc_lfb_dest_reg[5:0],4,0.00048123195380173246,3.6900000000000004,0.4810150483833583,0.0,-0.04893792179051883,2
x_aq_lsu_top/x_aq_lsu_dc/dc_lfb_ele_size[1:0],8,0.0009624639076034649,7.621250000000005,0.9934785738459814,0.125,0.047910017754930444,2
x_aq_lsu_top/x_aq_lsu_dc/dc_lfb_fls,2,0.00024061597690086623,5.050000000000001,0.6582997274623196,0.0,-0.04891464740260073,1
x_aq_lsu_top/x_aq_lsu_dc/dc_lfb_hit_way[3:0],0,0.0,0.0,0.0,0.0,,0
x_aq_lsu_top/x_aq_lsu_dc/dc_lfb_inst_ld,0,0.0,0.0,0.0,0.0,,0
x_aq_lsu_top/x_aq_lsu_dc/dc_lfb_lock,0,0.0,0.0,0.0,0.0,,0
x_aq_lsu_top/x_aq_lsu_dc/dc_lfb_pa[39:0],4,0.00048123195380173246,6.417500000000001,0.8365620794038487,0.0,0.049288993232723566,6
x_aq_lsu_top/x_aq_lsu_dc/dc_lfb_priv_mode[1:0],2,0.00024061597690086623,3.7600000000000033,0.49013999510065814,0.0,-0.011226700708829732,1
x_aq_lsu_top/x_aq_lsu_dc/dc_lfb_ptw,0,0.0,0.0,0.0,0.0,,0
x_aq_lsu_top/x_aq_lsu_dc/dc_lfb_sew[1:0],0,0.0,0.0,0.0,0.0,,0
x_aq_lsu_top/x_aq_lsu_dc/dc_lfb_shift[3:0],0,0.0,0.0,0.0,0.0,,0
x_aq_lsu_top/x_aq_lsu_dc/dc_lfb_sign_ext,3,0.0003609239653512993,12.643333333333336,1.648139185653187,0.0,-0.040199056800737556,1
x_aq_lsu_top/x_aq_lsu_dc/dc_lfb_size[1:0],8,0.0009624639076034649,7.621250000000005,0.9934785738459814,0.125,0.047910017754930444,2
x_aq_lsu_top/x_aq_lsu_dc/dc_lfb_split,0,0.0,0.0,0.0,0.0,,0
x_aq_lsu_top/x_aq_lsu_dc/dc_lfb_split_last,0,0.0,0.0,0.0,0.0,,0
x_aq_lsu_top/x_aq_lsu_dc/dc_lfb_st_id[1:0],0,0.0,0.0,0.0,0.0,,0
x_aq_lsu_top/x_aq_lsu_dc/dc_lfb_vfunc[7:0],2,0.00024061597690086623,3.7600000000000033,0.49013999510065814,0.0,-0.011206854623872171,2
x_aq_lsu_top/x_aq_lsu_dc/dc_lfb_virt_idx[1:0],2,0.00024061597690086623,3.6199999999999974,0.4718901016660584,0.0,0.048840917826710545,1
x_aq_lsu_top/x_aq_lsu_dc/dc_lfb_vl_val[6:0],0,0.0,0.0,0.0,0.0,,0
x_aq_lsu_top/x_aq_lsu_dc/dc_lfb_vls,0,0.0,0.0,0.0,0.0,,0
x_aq_lsu_top/x_aq_lsu_dc/dc_lfb_vsplit_last,0,0.0,0.0,0.0,0.0,,0
x_aq_lsu_top/x_aq_lsu_dc/dc_mcic_bus_err,0,0.0,0.0,0.0,0.0,,0
x_aq_lsu_top/x_aq_lsu_dc/dc_mcic_data[63:0],0,0.0,0.0,0.0,0.0,,0
x_aq_lsu_top/x_aq_lsu_dc/dc_mcic_data_vld,0,0.0,0.0,0.0,0.0,,0
x_aq_lsu_top/x_aq_lsu_dc/dc_pfb_dca_vld,2,0.00024061597690086623,6.705000000000005,0.874039539135615,0.0,0.04333418860706138,1
x_aq_lsu_top/x_aq_lsu_dc/dc_pfb_hit_idx,0,0.0,0.0,0.0,0.0,,0
x_aq_lsu_top/x_aq_lsu_dc/dc_pfb_ld_chk_pa[39:0],4,0.00048123195380173246,6.417500000000001,0.8365620794038487,0.0,0.049288993232723566,6
x_aq_lsu_top/x_aq_lsu_dc/dc_pfb_ld_chk_virt_idx[1:0],2,0.00024061597690086623,3.6199999999999974,0.4718901016660584,0.0,0.048840917826710545,1
x_aq_lsu_top/x_aq_lsu_dc/dc_pfb_ld_init_pa[39:0],4,0.00048123195380173246,6.417500000000001,0.8365620794038487,0.0,0.049288993232723566,6
x_aq_lsu_top/x_aq_lsu_dc/dc_pfb_ld_init_virt_idx[1:0],2,0.00024061597690086623,3.6199999999999974,0.4718901016660584,0.0,0.048840917826710545,1
x_aq_lsu_top/x_aq_lsu_dc/dc_pfb_ld_mask,2,0.00024061597690086623,2.8100000000000023,0.3663014325087365,0.5,0.06699078123658667,1
x_aq_lsu_top/x_aq_lsu_dc/dc_pfb_ld_miss,1,0.00012030798845043312,1.2299999999999933,0.16033834946111852,0.0,-0.11407227095261288,1
x_aq_lsu_top/x_aq_lsu_dc/dc_pfb_ld_pc[15:0],11,0.0013233878729547641,7.997272727272731,1.042495536001085,0.09090909090909091,0.04815965844701629,8
x_aq_lsu_top/x_aq_lsu_dc/dc_pfb_ld_vld,0,0.0,0.0,0.0,0.0,,0
x_aq_lsu_top/x_aq_lsu_dc/dc_pfb_ld_vld_gate,0,0.0,0.0,0.0,0.0,,0
x_aq_lsu_top/x_aq_lsu_dc/dc_pfb_priv_mode[1:0],2,0.00024061597690086623,3.7600000000000033,0.49013999510065814,0.0,-0.011226700708829732,1
x_aq_lsu_top/x_aq_lsu_dc/dc_rdl_alias_hit,0,0.0,0.0,0.0,0.0,,0
x_aq_lsu_top/x_aq_lsu_dc/dc_rdl_alias_idx[1:0],0,0.0,0.0,0.0,0.0,,0
x_aq_lsu_top/x_aq_lsu_dc/dc_rdl_alias_way[3:0],0,0.0,0.0,0.0,0.0,,0
x_aq_lsu_top/x_aq_lsu_dc/dc_rdl_cache_hit,0,0.0,0.0,0.0,0.0,,0
x_aq_lsu_top/x_aq_lsu_dc/dc_rdl_dcache_data[127:0],0,0.0,0.0,0.0,0.0,,0
x_aq_lsu_top/x_aq_lsu_dc/dc_rdl_dcache_dirty[3:0],0,0.0,0.0,0.0,0.0,,0
x_aq_lsu_top/x_aq_lsu_dc/dc_rdl_dcache_fifo[3:0],1,0.00012030798845043312,5.489999999999991,0.7156565353996294,1.0,-0.07240551075511481,1
x_aq_lsu_top/x_aq_lsu_dc/dc_rdl_dcache_tag[27:0],0,0.0,0.0,0.0,0.0,,0
x_aq_lsu_top/x_aq_lsu_dc/dc_rdl_dcache_vld,0,0.0,0.0,0.0,0.0,,0
x_aq_lsu_top/x_aq_lsu_dc/dc_stb_alct,1,0.00012030798845043312,2.770000000000003,0.36108717724170836,0.0,0.04920209652021361,1
x_aq_lsu_top/x_aq_lsu_dc/dc_stb_alias_idx[1:0],0,0.0,0.0,0.0,0.0,,0
x_aq_lsu_top/x_aq_lsu_dc/dc_stb_amo_inst,0,0.0,0.0,0.0,0.0,,0
x_aq_lsu_top/x_aq_lsu_dc/dc_stb_attr[2:0],3,0.0003609239653512993,3.4300000000000033,0.4471223891476749,0.0,0.002840715589005555,2
x_aq_lsu_top/x_aq_lsu_dc/dc_stb_bytes_vld[7:0],11,0.0013233878729547641,7.787272727272731,1.0151206958491865,0.09090909090909091,0.04731407182155538,7
x_aq_lsu_top/x_aq_lsu_dc/dc_stb_cache_hit,0,0.0,0.0,0.0,0.0,,0
x_aq_lsu_top/x_aq_lsu_dc/dc_stb_clr_vld,0,0.0,0.0,0.0,0.0,,0
x_aq_lsu_top/x_aq_lsu_dc/dc_stb_data_shift[3:0],0,0.0,0.0,0.0,0.0,,0
x_aq_lsu_top/x_aq_lsu_dc/dc_stb_dca_inst,1,0.00012030798845043312,3.4099999999999966,0.4445152615141599,0.0,0.04879654758269631,1
x_aq_lsu_top/x_aq_lsu_dc/dc_stb_dca_type[1:0],3,0.0003609239653512993,5.2733333333333325,0.6874126527032273,0.0,0.03681194305677333,2
x_aq_lsu_top/x_aq_lsu_dc/dc_stb_hit_way[3:0],0,0.0,0.0,0.0,0.0,,0
x_aq_lsu_top/x_aq_lsu_dc/dc_stb_lock,0,0.0,0.0,0.0,0.0,,0
x_aq_lsu_top/x_aq_lsu_dc/dc_stb_pa[39:0],4,0.00048123195380173246,6.417500000000001,0.8365620794038487,0.0,0.049288993232723566,6
x_aq_lsu_top/x_aq_lsu_dc/dc_stb_priv_mode[1:0],2,0.00024061597690086623,3.7600000000000033,0.49013999510065814,0.0,-0.011226700708829732,1
x_aq_lsu_top/x_aq_lsu_dc/dc_stb_req,0,0.0,0.0,0.0,0.0,,0
x_aq_lsu_top/x_aq_lsu_dc/dc_stb_req_gate,2,0.00024061597690086623,6.705000000000005,0.874039539135615,0.0,0.04333418860706138,1
x_aq_lsu_top/x_aq_lsu_dc/dc_stb_size[1:0],8,0.0009624639076034649,7.621250000000005,0.9934785738459814,0.125,0.047910017754930444,2
x_aq_lsu_top/x_aq_lsu_dc/dc_stb_src2_depd,0,0.0,0.0,0.0,0.0,,0
x_aq_lsu_top/x_aq_lsu_dc/dc_stb_src2_reg[4:0],0,0.0,0.0,0.0,0.0,,0
x_aq_lsu_top/x_aq_lsu_dc/dc_stb_virt_idx[1:0],2,0.00024061597690086623,3.6199999999999974,0.4718901016660584,0.0,0.048840917826710545,1
x_aq_lsu_top/x_aq_lsu_dc/dc_stb_wait_lfb,1,0.00012030798845043312,2.770000000000003,0.36108717724170836,0.0,0.04920209652021361,1
x_aq_lsu_top/x_aq_lsu_dc/dc_xx_bytes_vld[7:0],11,0.0013233878729547641,7.787272727272731,1.0151206958491865,0.09090909090909091,0.04731407182155538,7
x_aq_lsu_top/x_aq_lsu_dc/dc_xx_dcache_req_mask,0,0.0,0.0,0.0,0.0,,0
x_aq_lsu_top/x_aq_lsu_dc/dc_xx_dest_preg[5:0],4,0.00048123195380173246,3.6900000000000004,0.4810150483833583,0.0,-0.04893792179051883,2
x_aq_lsu_top/x_aq_lsu_dc/dc_xx_no_op,7,0.0008421559191530317,5.354285714285717,0.6979653121722135,0.42857142857142855,-0.09694719695168941,1
x_aq_lsu_top/x_aq_lsu_dc/dc_xx_pa[39:0],4,0.00048123195380173246,6.417500000000001,0.8365620794038487,0.0,0.049288993232723566,6
x_aq_lsu_top/x_aq_lsu_dc/dcache_data_dout_bank0[63:0],0,0.0,0.0,0.0,0.0,,0
x_aq_lsu_top/x_aq_lsu_dc/dcache_data_dout_bank1[63:0],0,0.0,0.0,0.0,0.0,,0
x_aq_lsu_top/x_aq_lsu_dc/dcache_data_dout_bank2[63:0],0,0.0,0.0,0.0,0.0,,0
x_aq_lsu_top/x_aq_lsu_dc/dcache_data_dout_bank3[63:0],0,0.0,0.0,0.0,0.0,,0
x_aq_lsu_top/x_aq_lsu_dc/dcache_dirty_dout[7:0],2,0.00024061597690086623,10.909999999999991,1.4221881240819605,1.0,-0.07129674858868723,2
x_aq_lsu_top/x_aq_lsu_dc/dcache_tag_dout_bank0[119:0],0,0.0,0.0,0.0,0.0,,0
x_aq_lsu_top/x_aq_lsu_dc/dcache_tag_dout_bank1[119:0],0,0.0,0.0,0.0,0.0,,0
x_aq_lsu_top/x_aq_lsu_dc/forever_cpuclk,0,0.0,0.0,0.0,0.0,,0
x_aq_lsu_top/x_aq_lsu_dc/hpcp_lsu_cnt_en,1,0.00012030798845043312,1.2299999999999933,0.16033834946111852,0.0,-0.11407227095261288,1
x_aq_lsu_top/x_aq_lsu_dc/icc_dc_acc_fifo[3:0],1,0.00012030798845043312,6.270000000000003,0.8173345131066823,0.0,-0.0111453056014091,1
x_aq_lsu_top/x_aq_lsu_dc/icc_dc_acc_idx[1:0],59,0.007098171318575553,6.6371186440677965,0.8651907711930514,0.0847457627118644,0.10744291065353226,2
x_aq_lsu_top/x_aq_lsu_dc/icc_dc_sel,30,0.003609239653512993,6.717,0.8756038157157228,0.1,0.1438996067270511,1
x_aq_lsu_top/x_aq_lsu_dc/ifu_lsu_warm_up,2,0.00024061597690086623,7.3900000000000015,0.9633336605834737,0.0,8.1767073335401e-05,1
x_aq_lsu_top/x_aq_lsu_dc/lfb_dc_amo_func[4:0],0,0.0,0.0,0.0,0.0,,0
x_aq_lsu_top/x_aq_lsu_dc/lfb_dc_amo_inst,0,0.0,0.0,0.0,0.0,,0
x_aq_lsu_top/x_aq_lsu_dc/lfb_dc_bus_err,0,0.0,0.0,0.0,0.0,,0
x_aq_lsu_top/x_aq_lsu_dc/lfb_dc_bytes_vld[7:0],1,0.00012030798845043312,14.430000000000001,1.8810425875804497,0.0,-0.011463322603922455,1
x_aq_lsu_top/x_aq_lsu_dc/lfb_dc_data[63:0],0,0.0,0.0,0.0,0.0,,0
x_aq_lsu_top/x_aq_lsu_dc/lfb_dc_data_shift[3:0],0,0.0,0.0,0.0,0.0,,0
x_aq_lsu_top/x_aq_lsu_dc/lfb_dc_data_vld,0,0.0,0.0,0.0,0.0,,0
x_aq_lsu_top/x_aq_lsu_dc/lfb_dc_dest_reg[5:0],2,0.00024061597690086623,10.350000000000001,1.3491885503435659,0.0,-0.011305884758410623,2
x_aq_lsu_top/x_aq_lsu_dc/lfb_dc_ele_size[1:0],0,0.0,0.0,0.0,0.0,,0
x_aq_lsu_top/x_aq_lsu_dc/lfb_dc_fls,1,0.00012030798845043312,14.430000000000001,1.8810425875804497,0.0,-0.011463322603922455,1
x_aq_lsu_top/x_aq_lsu_dc/lfb_dc_full,0,0.0,0.0,0.0,0.0,,0
x_aq_lsu_top/x_aq_lsu_dc/lfb_dc_hit_addr,0,0.0,0.0,0.0,0.0,,0
x_aq_lsu_top/x_aq_lsu_dc/lfb_dc_hit_idx,0,0.0,0.0,0.0,0.0,,0
x_aq_lsu_top/x_aq_lsu_dc/lfb_dc_hit_preg,0,0.0,0.0,0.0,0.0,,0
x_aq_lsu_top/x_aq_lsu_dc/lfb_dc_lock,0,0.0,0.0,0.0,0.0,,0
x_aq_lsu_top/x_aq_lsu_dc/lfb_dc_mtval[39:0],0,0.0,0.0,0.0,0.0,,0
x_aq_lsu_top/x_aq_lsu_dc/lfb_dc_pop_en,0,0.0,0.0,0.0,0.0,,0
x_aq_lsu_top/x_aq_lsu_dc/lfb_dc_ptw,0,0.0,0.0,0.0,0.0,,0
x_aq_lsu_top/x_aq_lsu_dc/lfb_dc_sew[1:0],0,0.0,0.0,0.0,0.0,,0
x_aq_lsu_top/x_aq_lsu_dc/lfb_dc_sign_ext,0,0.0,0.0,0.0,0.0,,0
x_aq_lsu_top/x_aq_lsu_dc/lfb_dc_size[1:0],0,0.0,0.0,0.0,0.0,,0
x_aq_lsu_top/x_aq_lsu_dc/lfb_dc_so_vld,0,0.0,0.0,0.0,0.0,,0
x_aq_lsu_top/x_aq_lsu_dc/lfb_dc_split,0,0.0,0.0,0.0,0.0,,0
x_aq_lsu_top/x_aq_lsu_dc/lfb_dc_split_first,0,0.0,0.0,0.0,0.0,,0
x_aq_lsu_top/x_aq_lsu_dc/lfb_dc_split_second,0,0.0,0.0,0.0,0.0,,0
x_aq_lsu_top/x_aq_lsu_dc/lfb_dc_stb_id[1:0],0,0.0,0.0,0.0,0.0,,0
x_aq_lsu_top/x_aq_lsu_dc/lfb_dc_uncmplt_vreg,0,0.0,0.0,0.0,0.0,,0
x_aq_lsu_top/x_aq_lsu_dc/lfb_dc_vfunc[7:0],2,0.00024061597690086623,10.350000000000001,1.3491885503435659,0.0,-0.011305884758410524,2
x_aq_lsu_top/x_aq_lsu_dc/lfb_dc_vl_update,0,0.0,0.0,0.0,0.0,,0
x_aq_lsu_top/x_aq_lsu_dc/lfb_dc_vl_val[6:0],0,0.0,0.0,0.0,0.0,,0
x_aq_lsu_top/x_aq_lsu_dc/lfb_dc_vls,0,0.0,0.0,0.0,0.0,,0
x_aq_lsu_top/x_aq_lsu_dc/lfb_dc_vsplit_last,0,0.0,0.0,0.0,0.0,,0
x_aq_lsu_top/x_aq_lsu_dc/lm_clr,0,0.0,0.0,0.0,0.0,,0
x_aq_lsu_top/x_aq_lsu_dc/lm_pass,0,0.0,0.0,0.0,0.0,,0
x_aq_lsu_top/x_aq_lsu_dc/lm_req_addr[39:0],4,0.00048123195380173246,6.417500000000001,0.8365620794038487,0.0,0.049288993232723566,6
x_aq_lsu_top/x_aq_lsu_dc/lm_req_size[1:0],8,0.0009624639076034649,7.621250000000005,0.9934785738459814,0.125,0.047910017754930444,2
x_aq_lsu_top/x_aq_lsu_dc/lm_set,0,0.0,0.0,0.0,0.0,,0
x_aq_lsu_top/x_aq_lsu_dc/lm_set_gate,0,0.0,0.0,0.0,0.0,,0
x_aq_lsu_top/x_aq_lsu_dc/lsu_iu_ex2_data[63:0],0,0.0,0.0,0.0,0.0,,0
x_aq_lsu_top/x_aq_lsu_dc/lsu_iu_ex2_data_vld,0,0.0,0.0,0.0,0.0,,0
x_aq_lsu_top/x_aq_lsu_dc/lsu_iu_ex2_dest_reg[4:0],4,0.00048123195380173246,3.6900000000000004,0.4810150483833583,0.0,-0.04893792179051883,2
x_aq_lsu_top/x_aq_lsu_dc/lsu_rtu_async_expt_vld,0,0.0,0.0,0.0,0.0,,0
x_aq_lsu_top/x_aq_lsu_dc/lsu_rtu_async_ld_inst,0,0.0,0.0,0.0,0.0,,0
x_aq_lsu_top/x_aq_lsu_dc/lsu_rtu_async_tval[39:0],0,0.0,0.0,0.0,0.0,,0
x_aq_lsu_top/x_aq_lsu_dc/lsu_rtu_ex2_data[63:0],0,0.0,0.0,0.0,0.0,,0
x_aq_lsu_top/x_aq_lsu_dc/lsu_rtu_ex2_data_vld,0,0.0,0.0,0.0,0.0,,0
x_aq_lsu_top/x_aq_lsu_dc/lsu_rtu_ex2_dest_reg[5:0],4,0.00048123195380173246,3.6900000000000004,0.4810150483833583,0.0,-0.04893792179051883,2
x_aq_lsu_top/x_aq_lsu_dc/lsu_rtu_wb_data[63:0],0,0.0,0.0,0.0,0.0,,0
x_aq_lsu_top/x_aq_lsu_dc/lsu_rtu_wb_dest_reg[5:0],4,0.00048123195380173246,9.445000000000004,1.2312160249270516,0.0,-0.04886026002687138,2
x_aq_lsu_top/x_aq_lsu_dc/lsu_rtu_wb_vld,0,0.0,0.0,0.0,0.0,,0
x_aq_lsu_top/x_aq_lsu_dc/lsu_vlsu_bytes_vld[7:0],0,0.0,0.0,0.0,0.0,,0
x_aq_lsu_top/x_aq_lsu_dc/lsu_vlsu_data[63:0],0,0.0,0.0,0.0,0.0,,0
x_aq_lsu_top/x_aq_lsu_dc/lsu_vlsu_data_grant,0,0.0,0.0,0.0,0.0,,0
x_aq_lsu_top/x_aq_lsu_dc/lsu_vlsu_data_vld,0,0.0,0.0,0.0,0.0,,0
x_aq_lsu_top/x_aq_lsu_dc/lsu_vlsu_dc_create_vld,0,0.0,0.0,0.0,0.0,,0
x_aq_lsu_top/x_aq_lsu_dc/lsu_vlsu_dc_fld_req,0,0.0,0.0,0.0,0.0,,0
x_aq_lsu_top/x_aq_lsu_dc/lsu_vlsu_dc_fof,0,0.0,0.0,0.0,0.0,,0
x_aq_lsu_top/x_aq_lsu_dc/lsu_vlsu_dc_nf[2:0],2,0.00024061597690086623,3.7600000000000033,0.49013999510065814,0.0,-0.011206854623872171,2
x_aq_lsu_top/x_aq_lsu_dc/lsu_vlsu_dc_sew[1:0],0,0.0,0.0,0.0,0.0,,0
x_aq_lsu_top/x_aq_lsu_dc/lsu_vlsu_dc_split_cnt[9:0],0,0.0,0.0,0.0,0.0,,0
x_aq_lsu_top/x_aq_lsu_dc/lsu_vlsu_dc_sseg_first,0,0.0,0.0,0.0,0.0,,0
x_aq_lsu_top/x_aq_lsu_dc/lsu_vlsu_dc_stall,0,0.0,0.0,0.0,0.0,,0
x_aq_lsu_top/x_aq_lsu_dc/lsu_vlsu_dest_reg[4:0],4,0.00048123195380173246,9.445000000000004,1.2312160249270516,0.0,-0.04886026002687138,2
x_aq_lsu_top/x_aq_lsu_dc/lsu_vlsu_expt_vld,0,0.0,0.0,0.0,0.0,,0
x_aq_lsu_top/x_aq_lsu_dc/lsu_vlsu_func[19:0],8,0.0009624639076034649,9.110000000000003,1.1875466370656895,0.0,-0.011459182035135006,4
x_aq_lsu_top/x_aq_lsu_dc/lsu_vlsu_sew[1:0],0,0.0,0.0,0.0,0.0,,0
x_aq_lsu_top/x_aq_lsu_dc/lsu_vlsu_split_last,0,0.0,0.0,0.0,0.0,,0
x_aq_lsu_top/x_aq_lsu_dc/lsu_vlsu_st_expt,0,0.0,0.0,0.0,0.0,,0
x_aq_lsu_top/x_aq_lsu_dc/lsu_vlsu_st_offset[3:0],0,0.0,0.0,0.0,0.0,,0
x_aq_lsu_top/x_aq_lsu_dc/lsu_vlsu_st_sew[1:0],0,0.0,0.0,0.0,0.0,,0
x_aq_lsu_top/x_aq_lsu_dc/lsu_vlsu_st_size[1:0],8,0.0009624639076034649,7.621250000000005,0.9934785738459814,0.125,0.047910017754930444,2
x_aq_lsu_top/x_aq_lsu_dc/lsu_vlsu_vl_update,0,0.0,0.0,0.0,0.0,,0
x_aq_lsu_top/x_aq_lsu_dc/lsu_vlsu_vl_upval[6:0],0,0.0,0.0,0.0,0.0,,0
x_aq_lsu_top/x_aq_lsu_dc/mcic_dc_addr[39:0],2,0.00024061597690086623,9.350000000000003,1.2188321686678594,0.0,0.04913378582256354,2
x_aq_lsu_top/x_aq_lsu_dc/mcic_dc_bytes_vld[7:0],1,0.00012030798845043312,1.2299999999999933,0.16033834946111852,0.0,-0.11407227095261488,8
x_aq_lsu_top/x_aq_lsu_dc/mcic_dc_priv_mode[1:0],1,0.00012030798845043312,1.2299999999999933,0.16033834946111852,0.0,-0.11407227095261649,2
x_aq_lsu_top/x_aq_lsu_dc/mcic_dc_req,0,0.0,0.0,0.0,0.0,,0
x_aq_lsu_top/x_aq_lsu_dc/pad_yy_icg_scan_en,0,0.0,0.0,0.0,0.0,,0
x_aq_lsu_top/x_aq_lsu_dc/pfb_xx_pa[39:0],0,0.0,0.0,0.0,0.0,,0
x_aq_lsu_top/x_aq_lsu_dc/rdl_dc_acc_fifo[3:0],0,0.0,0.0,0.0,0.0,,0
x_aq_lsu_top/x_aq_lsu_dc/rdl_dc_acc_idx[1:0],0,0.0,0.0,0.0,0.0,,0
x_aq_lsu_top/x_aq_lsu_dc/rdl_dc_acc_tag[39:0],0,0.0,0.0,0.0,0.0,,0
x_aq_lsu_top/x_aq_lsu_dc/rdl_dc_sel,0,0.0,0.0,0.0,0.0,,0
x_aq_lsu_top/x_aq_lsu_dc/rtu_lsu_async_expt_ack,0,0.0,0.0,0.0,0.0,,0
x_aq_lsu_top/x_aq_lsu_dc/rtu_yy_xx_async_flush,0,0.0,0.0,0.0,0.0,,0
x_aq_lsu_top/x_aq_lsu_dc/rtu_yy_xx_dbgon,0,0.0,0.0,0.0,0.0,,0
x_aq_lsu_top/x_aq_lsu_dc/stb_dc_create_id[1:0],0,0.0,0.0,0.0,0.0,,0
x_aq_lsu_top/x_aq_lsu_dc/stb_dc_fwd_vld,0,0.0,0.0,0.0,0.0,,0
x_aq_lsu_top/x_aq_lsu_dc/stb_dc_hit_addr,0,0.0,0.0,0.0,0.0,,0
x_aq_lsu_top/x_aq_lsu_dc/stb_dc_hit_addr_wca,0,0.0,0.0,0.0,0.0,,0
x_aq_lsu_top/x_aq_lsu_dc/stb_dc_hit_dca,0,0.0,0.0,0.0,0.0,,0
x_aq_lsu_top/x_aq_lsu_dc/stb_dc_hit_idx,0,0.0,0.0,0.0,0.0,,0
x_aq_lsu_top/x_aq_lsu_dc/stb_dc_hit_not_ready,0,0.0,0.0,0.0,0.0,,0
x_aq_lsu_top/x_aq_lsu_dc/stb_dc_ld_data[63:0],0,0.0,0.0,0.0,0.0,,0
x_aq_lsu_top/x_aq_lsu_dc/stb_dc_ld_fwd_vld,0,0.0,0.0,0.0,0.0,,0
x_aq_lsu_top/x_aq_lsu_dc/stb_dc_merge_en,0,0.0,0.0,0.0,0.0,,0
x_aq_lsu_top/x_aq_lsu_dc/stb_dc_multi_or_part_hit,0,0.0,0.0,0.0,0.0,,0
x_aq_lsu_top/x_aq_lsu_dc/stb_dc_pop_en,0,0.0,0.0,0.0,0.0,,0
x_aq_lsu_top/x_aq_lsu_dc/stb_dc_ready,1,0.00012030798845043312,1.2299999999999933,0.16033834946111852,0.0,-0.11407227095261288,1
x_aq_lsu_top/x_aq_lsu_dc/stb_dc_so_vld,0,0.0,0.0,0.0,0.0,,0
x_aq_lsu_top/x_aq_lsu_dc/vb_dc_hit_idx,0,0.0,0.0,0.0,0.0,,0
x_aq_lsu_top/x_aq_lsu_dc/vb_dc_pop_en,0,0.0,0.0,0.0,0.0,,0
x_aq_lsu_top/x_aq_lsu_dc/vlsu_buf_stall,0,0.0,0.0,0.0,0.0,,0
x_aq_lsu_top/x_aq_lsu_dc/vlsu_lsu_data_shift[3:0],0,0.0,0.0,0.0,0.0,,0
x_aq_lsu_top/x_aq_lsu_dc/vlsu_lsu_data_vld,0,0.0,0.0,0.0,0.0,,0
x_aq_lsu_top/x_aq_lsu_dc/vlsu_lsu_fwd_data[63:0],0,0.0,0.0,0.0,0.0,,0
x_aq_lsu_top/x_aq_lsu_dc/vlsu_lsu_fwd_dest_reg[4:0],0,0.0,0.0,0.0,0.0,,0
x_aq_lsu_top/x_aq_lsu_dc/vlsu_lsu_fwd_vld,0,0.0,0.0,0.0,0.0,,0
x_aq_lsu_top/x_aq_lsu_dc/vlsu_lsu_src2_depd,1,0.00012030798845043312,6.270000000000003,0.8173345131066823,0.0,-0.0111453056014091,1
x_aq_lsu_top/x_aq_lsu_dc/vlsu_lsu_src2_reg[4:0],0,0.0,0.0,0.0,0.0,,0
x_aq_lsu_top/x_aq_lsu_dc/vlsu_lsu_wdata[63:0],0,0.0,0.0,0.0,0.0,,0
x_aq_lsu_top/x_aq_lsu_dc/ag_dc_create_vld,4,0.00048123195380173246,4.582500000000002,0.5973581190289269,0.25,0.02441815236023245,1
x_aq_lsu_top/x_aq_lsu_dc/ag_dc_st_create_data[63:0],274,0.03296438883541867,7.4105109489051095,0.9660073936674789,0.014598540145985401,-0.03403865149461813,61
x_aq_lsu_top/x_aq_lsu_dc/ag_dc_st_create_vld,0,0.0,0.0,0.0,0.0,,0
x_aq_lsu_top/x_aq_lsu_dc/ag_ptw_amo_func[4:0],238,0.02863330125120308,7.636302521008403,0.9954407660197337,0.01680672268907563,-0.052076596359559565,5
x_aq_lsu_top/x_aq_lsu_dc/ag_ptw_attr[2:0],7,0.0008421559191530317,5.754285714285716,0.7501078648424961,0.14285714285714285,-0.10298542101003672,1
x_aq_lsu_top/x_aq_lsu_dc/ag_ptw_bytes_vld[7:0],89,0.010707410972088547,7.797078651685395,1.016398960674607,0.033707865168539325,-0.01766847158684199,7
x_aq_lsu_top/x_aq_lsu_dc/ag_ptw_data_shift[3:0],26,0.0031280076997112606,7.494615384615386,0.9769709435895476,0.0,-0.023112498833215357,2
x_aq_lsu_top/x_aq_lsu_dc/ag_ptw_dest_reg[5:0],201,0.024181905678537056,7.015472636815921,0.9145116286802536,0.009950248756218905,-0.0431026170490449,4
x_aq_lsu_top/x_aq_lsu_dc/ag_ptw_expt_vld,0,0.0,0.0,0.0,0.0,,0
x_aq_lsu_top/x_aq_lsu_dc/ag_ptw_func[19:0],284,0.034167468719923,7.454401408450705,0.9717287951639267,0.017605633802816902,-0.026108438548014423,9
x_aq_lsu_top/x_aq_lsu_dc/ag_ptw_inst_pc[15:0],217,0.026106833493743986,7.767004608294931,1.012478617195868,0.02304147465437788,0.018699569985958408,8
x_aq_lsu_top/x_aq_lsu_dc/ag_ptw_pa[39:0],43,0.005173243503368624,8.472790697674421,1.1044823380444253,0.06976744186046512,0.054954952864077686,8
x_aq_lsu_top/x_aq_lsu_dc/ag_ptw_pf_amr_mask,2,0.00024061597690086623,3.3000000000000007,0.4301760595298326,0.0,-0.002462649132594052,1
x_aq_lsu_top/x_aq_lsu_dc/ag_ptw_priv_mode[1:0],1,0.00012030798845043312,1.2299999999999933,0.16033834946111852,0.0,-0.11407227095261649,2
x_aq_lsu_top/x_aq_lsu_dc/ag_ptw_split,0,0.0,0.0,0.0,0.0,,0
x_aq_lsu_top/x_aq_lsu_dc/ag_ptw_split_last,0,0.0,0.0,0.0,0.0,,0
x_aq_lsu_top/x_aq_lsu_dc/ag_ptw_virt_idx[1:0],16,0.0019249278152069298,8.382500000000004,1.092712369396613,0.1875,0.03609990302347661,2
x_aq_lsu_top/x_aq_lsu_dc/ag_ptw_vld,2,0.00024061597690086623,5.865000000000004,0.764540178528021,0.5,0.045749683029589774,1
x_aq_lsu_top/x_aq_lsu_dc/ag_ptw_vld_dp,4,0.00048123195380173246,4.582500000000002,0.5973581190289269,0.25,0.02441815236023245,1
x_aq_lsu_top/x_aq_lsu_dc/ag_st_inst,55,0.006616939364773821,6.671818181818182,0.8697140773800113,0.01818181818181818,-0.017496654196250478,1
x_aq_lsu_top/x_aq_lsu_dc/ag_vfls,73,0.008782483156881618,7.753561643835618,1.0107262409899567,0.0136986301369863,0.011035871310768986,1
x_aq_lsu_top/x_aq_lsu_dc/ag_vls,10,0.001203079884504331,10.514000000000001,1.3705669969383818,0.0,-0.017712619908246487,1
x_aq_lsu_top/x_aq_lsu_dc/ag_vls_create_vld,0,0.0,0.0,0.0,0.0,,0
x_aq_lsu_top/x_aq_lsu_dc/amo_func[4:0],5,0.0006015399422521655,8.994000000000005,1.172425296791308,0.2,-0.03519355219326104,3
x_aq_lsu_top/x_aq_lsu_dc/amo_inst,0,0.0,0.0,0.0,0.0,,0
x_aq_lsu_top/x_aq_lsu_dc/bytes_vld[7:0],11,0.0013233878729547641,7.787272727272731,1.0151206958491865,0.09090909090909091,0.04731407182155538,7
x_aq_lsu_top/x_aq_lsu_dc/da_amo_no_wd,0,0.0,0.0,0.0,0.0,,0
x_aq_lsu_top/x_aq_lsu_dc/da_clk,0,0.0,0.0,0.0,0.0,,0
x_aq_lsu_top/x_aq_lsu_dc/da_clk_en,4,0.00048123195380173246,7.047500000000004,0.9186865998595444,0.0,0.02804635946213789,1
x_aq_lsu_top/x_aq_lsu_dc/da_data_clk,0,0.0,0.0,0.0,0.0,,0
x_aq_lsu_top/x_aq_lsu_dc/da_data_clk_en,4,0.00048123195380173246,7.047500000000004,0.9186865998595444,0.0,0.02804635946213789,1
x_aq_lsu_top/x_aq_lsu_dc/da_dc_fwd_data[63:0],0,0.0,0.0,0.0,0.0,,0
x_aq_lsu_top/x_aq_lsu_dc/da_vfls,2,0.00024061597690086623,12.855000000000004,1.675731286441212,0.0,-0.048915085854200346,1
x_aq_lsu_top/x_aq_lsu_dc/data[63:0],0,0.0,0.0,0.0,0.0,,0
x_aq_lsu_top/x_aq_lsu_dc/data_align_vfls_ext[63:0],0,0.0,0.0,0.0,0.0,,0
x_aq_lsu_top/x_aq_lsu_dc/data_shift[3:0],0,0.0,0.0,0.0,0.0,,0
x_aq_lsu_top/x_aq_lsu_dc/data_vld,0,0.0,0.0,0.0,0.0,,0
x_aq_lsu_top/x_aq_lsu_dc/dc_alias_hit,0,0.0,0.0,0.0,0.0,,0
x_aq_lsu_top/x_aq_lsu_dc/dc_alias_hit_raw,0,0.0,0.0,0.0,0.0,,0
x_aq_lsu_top/x_aq_lsu_dc/dc_alias_idx[1:0],0,0.0,0.0,0.0,0.0,,0
x_aq_lsu_top/x_aq_lsu_dc/dc_alias_way[3:0],0,0.0,0.0,0.0,0.0,,0
x_aq_lsu_top/x_aq_lsu_dc/dc_amo_inst,0,0.0,0.0,0.0,0.0,,0
x_aq_lsu_top/x_aq_lsu_dc/dc_async_ld_inst,1,0.00012030798845043312,14.430000000000001,1.8810425875804497,0.0,-0.011463322603922455,1
x_aq_lsu_top/x_aq_lsu_dc/dc_async_mtval[39:0],0,0.0,0.0,0.0,0.0,,0
x_aq_lsu_top/x_aq_lsu_dc/dc_async_vld,0,0.0,0.0,0.0,0.0,,0
x_aq_lsu_top/x_aq_lsu_dc/dc_ca,1,0.00012030798845043312,2.770000000000003,0.36108717724170836,0.0,0.04920209652021361,1
x_aq_lsu_top/x_aq_lsu_dc/dc_ca_after,1,0.00012030798845043312,2.770000000000003,0.36108717724170836,0.0,0.04920209652021361,1
x_aq_lsu_top/x_aq_lsu_dc/dc_cache_hit,0,0.0,0.0,0.0,0.0,,0
x_aq_lsu_top/x_aq_lsu_dc/dc_cache_hit_raw,0,0.0,0.0,0.0,0.0,,0
x_aq_lsu_top/x_aq_lsu_dc/dc_cache_miss,1,0.00012030798845043312,1.2299999999999933,0.16033834946111852,0.0,-0.11407227095261288,1
x_aq_lsu_top/x_aq_lsu_dc/dc_clk,0,0.0,0.0,0.0,0.0,,0
x_aq_lsu_top/x_aq_lsu_dc/dc_clk_en,8,0.0009624639076034649,6.847500000000004,0.892615323524403,0.25,0.029755688473927015,1
x_aq_lsu_top/x_aq_lsu_dc/dc_da_amo_func[4:0],5,0.0006015399422521655,8.994000000000005,1.172425296791308,0.2,-0.03519355219326104,3
x_aq_lsu_top/x_aq_lsu_dc/dc_da_amo_inst,0,0.0,0.0,0.0,0.0,,0
x_aq_lsu_top/x_aq_lsu_dc/dc_da_amo_no_wd,0,0.0,0.0,0.0,0.0,,0
x_aq_lsu_top/x_aq_lsu_dc/dc_da_bytes_vld[7:0],11,0.0013233878729547641,7.787272727272731,1.0151206958491865,0.09090909090909091,0.04731407182155538,7
x_aq_lsu_top/x_aq_lsu_dc/dc_da_bytes_vld_aft_mask[7:0],0,0.0,0.0,0.0,0.0,,0
x_aq_lsu_top/x_aq_lsu_dc/dc_da_data[63:0],0,0.0,0.0,0.0,0.0,,0
x_aq_lsu_top/x_aq_lsu_dc/dc_da_data_vld,0,0.0,0.0,0.0,0.0,,0
x_aq_lsu_top/x_aq_lsu_dc/dc_da_data_vld_dp,2,0.00024061597690086623,6.705000000000005,0.874039539135615,0.0,0.04333418860706138,1
x_aq_lsu_top/x_aq_lsu_dc/dc_da_dest_reg[5:0],4,0.00048123195380173246,3.6900000000000004,0.4810150483833583,0.0,-0.04893792179051883,2
x_aq_lsu_top/x_aq_lsu_dc/dc_da_element_size[1:0],8,0.0009624639076034649,7.621250000000005,0.9934785738459814,0.125,0.047910017754930444,2
x_aq_lsu_top/x_aq_lsu_dc/dc_da_expt_vld,0,0.0,0.0,0.0,0.0,,0
x_aq_lsu_top/x_aq_lsu_dc/dc_da_fls,2,0.00024061597690086623,5.050000000000001,0.6582997274623196,0.0,-0.04891464740260073,1
x_aq_lsu_top/x_aq_lsu_dc/dc_da_lock,0,0.0,0.0,0.0,0.0,,0
x_aq_lsu_top/x_aq_lsu_dc/dc_da_merge_vld,0,0.0,0.0,0.0,0.0,,0
x_aq_lsu_top/x_aq_lsu_dc/dc_da_sew[1:0],0,0.0,0.0,0.0,0.0,,0
x_aq_lsu_top/x_aq_lsu_dc/dc_da_sign_ext,3,0.0003609239653512993,12.643333333333336,1.648139185653187,0.0,-0.040199056800737556,1
x_aq_lsu_top/x_aq_lsu_dc/dc_da_size[1:0],8,0.0009624639076034649,7.621250000000005,0.9934785738459814,0.125,0.047910017754930444,2
x_aq_lsu_top/x_aq_lsu_dc/dc_da_stb_id[1:0],0,0.0,0.0,0.0,0.0,,0
x_aq_lsu_top/x_aq_lsu_dc/dc_da_vec_nop,0,0.0,0.0,0.0,0.0,,0
x_aq_lsu_top/x_aq_lsu_dc/dc_da_vfunc[7:0],2,0.00024061597690086623,3.7600000000000033,0.49013999510065814,0.0,-0.011206854623872171,2
x_aq_lsu_top/x_aq_lsu_dc/dc_da_vl_update,0,0.0,0.0,0.0,0.0,,0
x_aq_lsu_top/x_aq_lsu_dc/dc_da_vl_val[6:0],0,0.0,0.0,0.0,0.0,,0
x_aq_lsu_top/x_aq_lsu_dc/dc_da_vls,0,0.0,0.0,0.0,0.0,,0
x_aq_lsu_top/x_aq_lsu_dc/dc_da_vsplit_last,0,0.0,0.0,0.0,0.0,,0
x_aq_lsu_top/x_aq_lsu_dc/dc_data_grant,0,0.0,0.0,0.0,0.0,,0
x_aq_lsu_top/x_aq_lsu_dc/dc_data_sel[2:0],0,0.0,0.0,0.0,0.0,,0
x_aq_lsu_top/x_aq_lsu_dc/dc_dca_inst,1,0.00012030798845043312,3.4099999999999966,0.4445152615141599,0.0,0.04879654758269631,1
x_aq_lsu_top/x_aq_lsu_dc/dc_dca_reply,0,0.0,0.0,0.0,0.0,,0
x_aq_lsu_top/x_aq_lsu_dc/dc_dp_clk,0,0.0,0.0,0.0,0.0,,0
x_aq_lsu_top/x_aq_lsu_dc/dc_dp_clk_en,6,0.0007218479307025986,5.518333333333335,0.7193499662137758,0.16666666666666666,0.0202173000190412,1
x_aq_lsu_top/x_aq_lsu_dc/dc_excl,0,0.0,0.0,0.0,0.0,,0
x_aq_lsu_top/x_aq_lsu_dc/dc_fwd_fpu,0,0.0,0.0,0.0,0.0,,0
x_aq_lsu_top/x_aq_lsu_dc/dc_fwd_lsu,0,0.0,0.0,0.0,0.0,,0
x_aq_lsu_top/x_aq_lsu_dc/dc_hit_way[7:0],0,0.0,0.0,0.0,0.0,,0
x_aq_lsu_top/x_aq_lsu_dc/dc_hit_way_group[3:0],0,0.0,0.0,0.0,0.0,,0
x_aq_lsu_top/x_aq_lsu_dc/dc_inst_vld,2,0.00024061597690086623,6.705000000000005,0.874039539135615,0.0,0.04333418860706138,1
x_aq_lsu_top/x_aq_lsu_dc/dc_ld_amo_inst,0,0.0,0.0,0.0,0.0,,0
x_aq_lsu_top/x_aq_lsu_dc/dc_ld_data_from_dcache[63:0],0,0.0,0.0,0.0,0.0,,0
x_aq_lsu_top/x_aq_lsu_dc/dc_ld_data_vld,0,0.0,0.0,0.0,0.0,,0
x_aq_lsu_top/x_aq_lsu_dc/dc_ld_fwd_sel,0,0.0,0.0,0.0,0.0,,0
x_aq_lsu_top/x_aq_lsu_dc/dc_ld_inst,0,0.0,0.0,0.0,0.0,,0
x_aq_lsu_top/x_aq_lsu_dc/dc_ld_reply,0,0.0,0.0,0.0,0.0,,0
x_aq_lsu_top/x_aq_lsu_dc/dc_lm_pass,0,0.0,0.0,0.0,0.0,,0
x_aq_lsu_top/x_aq_lsu_dc/dc_lock_trans,0,0.0,0.0,0.0,0.0,,0
x_aq_lsu_top/x_aq_lsu_dc/dc_lr_inst,0,0.0,0.0,0.0,0.0,,0
x_aq_lsu_top/x_aq_lsu_dc/dc_mb_clk,0,0.0,0.0,0.0,0.0,,0
x_aq_lsu_top/x_aq_lsu_dc/dc_mb_clk_en,2,0.00024061597690086623,7.3900000000000015,0.9633336605834737,0.0,8.1767073335401e-05,1
x_aq_lsu_top/x_aq_lsu_dc/dc_mb_create_en,0,0.0,0.0,0.0,0.0,,0
x_aq_lsu_top/x_aq_lsu_dc/dc_mb_data_vld,0,0.0,0.0,0.0,0.0,,0
x_aq_lsu_top/x_aq_lsu_dc/dc_mb_first_data_vld,0,0.0,0.0,0.0,0.0,,0
x_aq_lsu_top/x_aq_lsu_dc/dc_pfb_vld,0,0.0,0.0,0.0,0.0,,0
x_aq_lsu_top/x_aq_lsu_dc/dc_ptw_vld,0,0.0,0.0,0.0,0.0,,0
x_aq_lsu_top/x_aq_lsu_dc/dc_rdata_shift[3:0],0,0.0,0.0,0.0,0.0,,0
x_aq_lsu_top/x_aq_lsu_dc/dc_reply,2,0.00024061597690086623,5.050000000000001,0.6582997274623196,0.0,-0.04891464740260073,1
x_aq_lsu_top/x_aq_lsu_dc/dc_req_vld,2,0.00024061597690086623,6.705000000000005,0.874039539135615,0.0,0.04333418860706138,1
x_aq_lsu_top/x_aq_lsu_dc/dc_sc_data_sel,0,0.0,0.0,0.0,0.0,,0
x_aq_lsu_top/x_aq_lsu_dc/dc_sc_data_vld,0,0.0,0.0,0.0,0.0,,0
x_aq_lsu_top/x_aq_lsu_dc/dc_sc_inst,0,0.0,0.0,0.0,0.0,,0
x_aq_lsu_top/x_aq_lsu_dc/dc_sc_rdata[63:0],1,0.00012030798845043312,12.84,1.6737759407160757,0.0,-0.12626398420199358,1
x_aq_lsu_top/x_aq_lsu_dc/dc_so,0,0.0,0.0,0.0,0.0,,0
x_aq_lsu_top/x_aq_lsu_dc/dc_split_first,0,0.0,0.0,0.0,0.0,,0
x_aq_lsu_top/x_aq_lsu_dc/dc_split_second,0,0.0,0.0,0.0,0.0,,0
x_aq_lsu_top/x_aq_lsu_dc/dc_st_alct,1,0.00012030798845043312,2.770000000000003,0.36108717724170836,0.0,0.04920209652021361,1
x_aq_lsu_top/x_aq_lsu_dc/dc_st_data_shift[3:0],0,0.0,0.0,0.0,0.0,,0
x_aq_lsu_top/x_aq_lsu_dc/dc_st_data_shift_raw[3:0],0,0.0,0.0,0.0,0.0,,0
x_aq_lsu_top/x_aq_lsu_dc/dc_st_dp_clk,0,0.0,0.0,0.0,0.0,,0
x_aq_lsu_top/x_aq_lsu_dc/dc_st_dp_clk_en,2,0.00024061597690086623,7.3900000000000015,0.9633336605834737,0.0,8.1767073335401e-05,1
x_aq_lsu_top/x_aq_lsu_dc/dc_st_fwd,0,0.0,0.0,0.0,0.0,,0
x_aq_lsu_top/x_aq_lsu_dc/dc_st_fwd_data[63:0],0,0.0,0.0,0.0,0.0,,0
x_aq_lsu_top/x_aq_lsu_dc/dc_st_fwd_vld,0,0.0,0.0,0.0,0.0,,0
x_aq_lsu_top/x_aq_lsu_dc/dc_st_inst,2,0.00024061597690086623,5.050000000000001,0.6582997274623196,0.0,-0.04891464740260073,1
x_aq_lsu_top/x_aq_lsu_dc/dc_st_reply,1,0.00012030798845043312,1.2299999999999933,0.16033834946111852,0.0,-0.11407227095261288,1
x_aq_lsu_top/x_aq_lsu_dc/dc_st_src2_reg[4:0],0,0.0,0.0,0.0,0.0,,0
x_aq_lsu_top/x_aq_lsu_dc/dc_st_wdata[63:0],0,0.0,0.0,0.0,0.0,,0
x_aq_lsu_top/x_aq_lsu_dc/dc_st_wdata_ready,1,0.00012030798845043312,1.2299999999999933,0.16033834946111852,0.0,-0.11407227095261288,1
x_aq_lsu_top/x_aq_lsu_dc/dc_stage_pipedown,1,0.00012030798845043312,12.09,1.5760086544592955,1.0,-0.12617851730880866,1
x_aq_lsu_top/x_aq_lsu_dc/dc_stage_vld,2,0.00024061597690086623,6.705000000000005,0.874039539135615,0.0,0.04333418860706138,1
x_aq_lsu_top/x_aq_lsu_dc/dc_tag_hit[3:0],0,0.0,0.0,0.0,0.0,,0
x_aq_lsu_top/x_aq_lsu_dc/dc_vec_nop,0,0.0,0.0,0.0,0.0,,0
x_aq_lsu_top/x_aq_lsu_dc/dc_vfls,2,0.00024061597690086623,5.050000000000001,0.6582997274623196,0.0,-0.04891464740260073,1
x_aq_lsu_top/x_aq_lsu_dc/dc_wakeup,0,0.0,0.0,0.0,0.0,,0
x_aq_lsu_top/x_aq_lsu_dc/dc_wakeup_imm,0,0.0,0.0,0.0,0.0,,0
x_aq_lsu_top/x_aq_lsu_dc/dc_way0_data_dout[63:0],0,0.0,0.0,0.0,0.0,,0
x_aq_lsu_top/x_aq_lsu_dc/dc_way1_data_dout[63:0],0,0.0,0.0,0.0,0.0,,0
x_aq_lsu_top/x_aq_lsu_dc/dc_way2_data_dout[63:0],0,0.0,0.0,0.0,0.0,,0
x_aq_lsu_top/x_aq_lsu_dc/dc_way3_data_dout[63:0],0,0.0,0.0,0.0,0.0,,0
x_aq_lsu_top/x_aq_lsu_dc/dc_wdata_vld_final,0,0.0,0.0,0.0,0.0,,0
x_aq_lsu_top/x_aq_lsu_dc/dcache_acc_ca,1,0.00012030798845043312,12.09,1.5760086544592955,1.0,-0.12617851730880866,1
x_aq_lsu_top/x_aq_lsu_dc/dcache_acc_tag[27:0],8,0.0009624639076034649,4.850000000000003,0.6322284511271785,0.25,0.046345262826151534,1
x_aq_lsu_top/x_aq_lsu_dc/dcache_acc_virt_idx[1:0],8,0.0009624639076034649,4.850000000000003,0.6322284511271785,0.25,0.046345262826151534,1
x_aq_lsu_top/x_aq_lsu_dc/dcache_wa,1,0.00012030798845043312,5.359999999999999,0.6987102057817886,0.0,0.0021140122656802167,1
x_aq_lsu_top/x_aq_lsu_dc/dest_reg[5:0],4,0.00048123195380173246,3.6900000000000004,0.4810150483833583,0.0,-0.04893792179051883,2
x_aq_lsu_top/x_aq_lsu_dc/element_size[1:0],8,0.0009624639076034649,7.621250000000005,0.9934785738459814,0.125,0.047910017754930444,2
x_aq_lsu_top/x_aq_lsu_dc/expt_clk,0,0.0,0.0,0.0,0.0,,0
x_aq_lsu_top/x_aq_lsu_dc/expt_clk_en,0,0.0,0.0,0.0,0.0,,0
x_aq_lsu_top/x_aq_lsu_dc/expt_vld,0,0.0,0.0,0.0,0.0,,0
x_aq_lsu_top/x_aq_lsu_dc/fls,2,0.00024061597690086623,5.050000000000001,0.6582997274623196,0.0,-0.04891464740260073,1
x_aq_lsu_top/x_aq_lsu_dc/hpcp_clk,0,0.0,0.0,0.0,0.0,,0
x_aq_lsu_top/x_aq_lsu_dc/hpcp_clk_en,1,0.00012030798845043312,1.2299999999999933,0.16033834946111852,0.0,-0.11407227095261288,1
x_aq_lsu_top/x_aq_lsu_dc/lfb_data_sel,0,0.0,0.0,0.0,0.0,,0
x_aq_lsu_top/x_aq_lsu_dc/lfb_vfls,1,0.00012030798845043312,14.430000000000001,1.8810425875804497,0.0,-0.011463322603922455,1
x_aq_lsu_top/x_aq_lsu_dc/lock,0,0.0,0.0,0.0,0.0,,0
x_aq_lsu_top/x_aq_lsu_dc/mb_bytes_vld_ext[63:0],0,0.0,0.0,0.0,0.0,,0
x_aq_lsu_top/x_aq_lsu_dc/mb_dc_rdata_ready,0,0.0,0.0,0.0,0.0,,0
x_aq_lsu_top/x_aq_lsu_dc/mb_dc_ready,1,0.00012030798845043312,1.2299999999999933,0.16033834946111852,0.0,-0.11407227095261288,1
x_aq_lsu_top/x_aq_lsu_dc/mb_pop_en,0,0.0,0.0,0.0,0.0,,0
x_aq_lsu_top/x_aq_lsu_dc/rdl_icc_acc_fifo[3:0],28,0.003368623676612127,6.456785714285715,0.84168322296968,0.07142857142857142,0.1149201420687884,1
x_aq_lsu_top/x_aq_lsu_dc/rdl_icc_acc_idx[1:0],48,0.005774783445620789,6.732291666666666,0.8775971820521804,0.10416666666666667,0.13880816263751206,1
x_aq_lsu_top/x_aq_lsu_dc/sew[1:0],0,0.0,0.0,0.0,0.0,,0
x_aq_lsu_top/x_aq_lsu_dc/sign_ext,3,0.0003609239653512993,12.643333333333336,1.648139185653187,0.0,-0.040199056800737556,1
x_aq_lsu_top/x_aq_lsu_dc/size[1:0],8,0.0009624639076034649,7.621250000000005,0.9934785738459814,0.125,0.047910017754930444,2
x_aq_lsu_top/x_aq_lsu_dc/split_second,0,0.0,0.0,0.0,0.0,,0
x_aq_lsu_top/x_aq_lsu_dc/stb_id[1:0],0,0.0,0.0,0.0,0.0,,0
x_aq_lsu_top/x_aq_lsu_dc/vec_nop,0,0.0,0.0,0.0,0.0,,0
x_aq_lsu_top/x_aq_lsu_dc/vfls,2,0.00024061597690086623,5.050000000000001,0.6582997274623196,0.0,-0.04891464740260073,1
x_aq_lsu_top/x_aq_lsu_dc/vfunc[7:0],2,0.00024061597690086623,3.7600000000000033,0.49013999510065814,0.0,-0.011206854623872171,2
x_aq_lsu_top/x_aq_lsu_dc/vl_update,0,0.0,0.0,0.0,0.0,,0
x_aq_lsu_top/x_aq_lsu_dc/vl_val[6:0],0,0.0,0.0,0.0,0.0,,0
x_aq_lsu_top/x_aq_lsu_dc/vls,0,0.0,0.0,0.0,0.0,,0
x_aq_lsu_top/x_aq_lsu_dc/vlsu_create_wdata_en,0,0.0,0.0,0.0,0.0,,0
x_aq_lsu_top/x_aq_lsu_dc/vlsu_fwd_data_shift[3:0],0,0.0,0.0,0.0,0.0,,0
x_aq_lsu_top/x_aq_lsu_dc/vsplit_last,0,0.0,0.0,0.0,0.0,,0
x_aq_lsu_top/x_aq_lsu_dc/way0_data_dout[63:0],0,0.0,0.0,0.0,0.0,,0
x_aq_lsu_top/x_aq_lsu_dc/way0_tag[27:0],0,0.0,0.0,0.0,0.0,,0
x_aq_lsu_top/x_aq_lsu_dc/way0_tag_hit,0,0.0,0.0,0.0,0.0,,0
x_aq_lsu_top/x_aq_lsu_dc/way0_tag_vld,0,0.0,0.0,0.0,0.0,,0
x_aq_lsu_top/x_aq_lsu_dc/way1_data_dout[63:0],0,0.0,0.0,0.0,0.0,,0
x_aq_lsu_top/x_aq_lsu_dc/way1_tag[27:0],0,0.0,0.0,0.0,0.0,,0
x_aq_lsu_top/x_aq_lsu_dc/way1_tag_hit,0,0.0,0.0,0.0,0.0,,0
x_aq_lsu_top/x_aq_lsu_dc/way1_tag_vld,0,0.0,0.0,0.0,0.0,,0
x_aq_lsu_top/x_aq_lsu_dc/way2_data_dout[63:0],0,0.0,0.0,0.0,0.0,,0
x_aq_lsu_top/x_aq_lsu_dc/way2_tag[27:0],0,0.0,0.0,0.0,0.0,,0
x_aq_lsu_top/x_aq_lsu_dc/way2_tag_hit,0,0.0,0.0,0.0,0.0,,0
x_aq_lsu_top/x_aq_lsu_dc/way2_tag_vld,0,0.0,0.0,0.0,0.0,,0
x_aq_lsu_top/x_aq_lsu_dc/way3_data_dout[63:0],0,0.0,0.0,0.0,0.0,,0
x_aq_lsu_top/x_aq_lsu_dc/way3_tag[27:0],0,0.0,0.0,0.0,0.0,,0
x_aq_lsu_top/x_aq_lsu_dc/way3_tag_hit,0,0.0,0.0,0.0,0.0,,0
x_aq_lsu_top/x_aq_lsu_dc/way3_tag_vld,0,0.0,0.0,0.0,0.0,,0
x_aq_lsu_top/x_aq_lsu_dc/way4_tag[27:0],0,0.0,0.0,0.0,0.0,,0
x_aq_lsu_top/x_aq_lsu_dc/way4_tag_hit,0,0.0,0.0,0.0,0.0,,0
x_aq_lsu_top/x_aq_lsu_dc/way4_tag_vld,0,0.0,0.0,0.0,0.0,,0
x_aq_lsu_top/x_aq_lsu_dc/way5_tag[27:0],0,0.0,0.0,0.0,0.0,,0
x_aq_lsu_top/x_aq_lsu_dc/way5_tag_hit,0,0.0,0.0,0.0,0.0,,0
x_aq_lsu_top/x_aq_lsu_dc/way5_tag_vld,0,0.0,0.0,0.0,0.0,,0
x_aq_lsu_top/x_aq_lsu_dc/way6_tag[27:0],0,0.0,0.0,0.0,0.0,,0
x_aq_lsu_top/x_aq_lsu_dc/way6_tag_hit,0,0.0,0.0,0.0,0.0,,0
x_aq_lsu_top/x_aq_lsu_dc/way6_tag_vld,0,0.0,0.0,0.0,0.0,,0
x_aq_lsu_top/x_aq_lsu_dc/way7_tag[27:0],0,0.0,0.0,0.0,0.0,,0
x_aq_lsu_top/x_aq_lsu_dc/way7_tag_hit,0,0.0,0.0,0.0,0.0,,0
x_aq_lsu_top/x_aq_lsu_dc/way7_tag_vld,0,0.0,0.0,0.0,0.0,,0
x_aq_lsu_top/x_aq_lsu_dc/x_aq_lsu_async_expt_gated_clk/clk_in,0,0.0,0.0,0.0,0.0,,0
x_aq_lsu_top/x_aq_lsu_dc/x_aq_lsu_async_expt_gated_clk/global_en,0,0.0,0.0,0.0,0.0,,0
x_aq_lsu_top/x_aq_lsu_dc/x_aq_lsu_async_expt_gated_clk/module_en,0,0.0,0.0,0.0,0.0,,0
x_aq_lsu_top/x_aq_lsu_dc/x_aq_lsu_async_expt_gated_clk/local_en,0,0.0,0.0,0.0,0.0,,0
x_aq_lsu_top/x_aq_lsu_dc/x_aq_lsu_async_expt_gated_clk/external_en,0,0.0,0.0,0.0,0.0,,0
x_aq_lsu_top/x_aq_lsu_dc/x_aq_lsu_async_expt_gated_clk/pad_yy_icg_scan_en,0,0.0,0.0,0.0,0.0,,0
x_aq_lsu_top/x_aq_lsu_dc/x_aq_lsu_async_expt_gated_clk/clk_out,0,0.0,0.0,0.0,0.0,,0
x_aq_lsu_top/x_aq_lsu_dc/x_aq_lsu_async_expt_gated_clk/clk_en_bf_latch,0,0.0,0.0,0.0,0.0,,0
x_aq_lsu_top/x_aq_lsu_dc/x_aq_lsu_async_expt_gated_clk/SE,0,0.0,0.0,0.0,0.0,,0
x_aq_lsu_top/x_aq_lsu_dc/x_aq_lsu_hpcp_gated_clk/clk_in,0,0.0,0.0,0.0,0.0,,0
x_aq_lsu_top/x_aq_lsu_dc/x_aq_lsu_hpcp_gated_clk/global_en,0,0.0,0.0,0.0,0.0,,0
x_aq_lsu_top/x_aq_lsu_dc/x_aq_lsu_hpcp_gated_clk/module_en,0,0.0,0.0,0.0,0.0,,0
x_aq_lsu_top/x_aq_lsu_dc/x_aq_lsu_hpcp_gated_clk/local_en,1,0.00012030798845043312,1.2299999999999933,0.16033834946111852,0.0,-0.11407227095261288,1
x_aq_lsu_top/x_aq_lsu_dc/x_aq_lsu_hpcp_gated_clk/external_en,0,0.0,0.0,0.0,0.0,,0
x_aq_lsu_top/x_aq_lsu_dc/x_aq_lsu_hpcp_gated_clk/pad_yy_icg_scan_en,0,0.0,0.0,0.0,0.0,,0
x_aq_lsu_top/x_aq_lsu_dc/x_aq_lsu_hpcp_gated_clk/clk_out,0,0.0,0.0,0.0,0.0,,0
x_aq_lsu_top/x_aq_lsu_dc/x_aq_lsu_hpcp_gated_clk/clk_en_bf_latch,1,0.00012030798845043312,1.2299999999999933,0.16033834946111852,0.0,-0.11407227095261288,1
x_aq_lsu_top/x_aq_lsu_dc/x_aq_lsu_hpcp_gated_clk/SE,0,0.0,0.0,0.0,0.0,,0
x_aq_lsu_top/x_aq_lsu_dc/x_aq_lsu_dc_gated_clk/clk_in,0,0.0,0.0,0.0,0.0,,0
x_aq_lsu_top/x_aq_lsu_dc/x_aq_lsu_dc_gated_clk/global_en,0,0.0,0.0,0.0,0.0,,0
x_aq_lsu_top/x_aq_lsu_dc/x_aq_lsu_dc_gated_clk/module_en,0,0.0,0.0,0.0,0.0,,0
x_aq_lsu_top/x_aq_lsu_dc/x_aq_lsu_dc_gated_clk/local_en,8,0.0009624639076034649,6.847500000000004,0.892615323524403,0.25,0.029755688473927015,1
x_aq_lsu_top/x_aq_lsu_dc/x_aq_lsu_dc_gated_clk/external_en,0,0.0,0.0,0.0,0.0,,0
x_aq_lsu_top/x_aq_lsu_dc/x_aq_lsu_dc_gated_clk/pad_yy_icg_scan_en,0,0.0,0.0,0.0,0.0,,0
x_aq_lsu_top/x_aq_lsu_dc/x_aq_lsu_dc_gated_clk/clk_out,0,0.0,0.0,0.0,0.0,,0
x_aq_lsu_top/x_aq_lsu_dc/x_aq_lsu_dc_gated_clk/clk_en_bf_latch,8,0.0009624639076034649,6.847500000000004,0.892615323524403,0.25,0.029755688473927015,1
x_aq_lsu_top/x_aq_lsu_dc/x_aq_lsu_dc_gated_clk/SE,0,0.0,0.0,0.0,0.0,,0
x_aq_lsu_top/x_aq_lsu_dc/x_aq_lsu_dc_dp_gated_clk/clk_in,0,0.0,0.0,0.0,0.0,,0
x_aq_lsu_top/x_aq_lsu_dc/x_aq_lsu_dc_dp_gated_clk/global_en,0,0.0,0.0,0.0,0.0,,0
x_aq_lsu_top/x_aq_lsu_dc/x_aq_lsu_dc_dp_gated_clk/module_en,0,0.0,0.0,0.0,0.0,,0
x_aq_lsu_top/x_aq_lsu_dc/x_aq_lsu_dc_dp_gated_clk/local_en,6,0.0007218479307025986,5.518333333333335,0.7193499662137758,0.16666666666666666,0.0202173000190412,1
x_aq_lsu_top/x_aq_lsu_dc/x_aq_lsu_dc_dp_gated_clk/external_en,0,0.0,0.0,0.0,0.0,,0
x_aq_lsu_top/x_aq_lsu_dc/x_aq_lsu_dc_dp_gated_clk/pad_yy_icg_scan_en,0,0.0,0.0,0.0,0.0,,0
x_aq_lsu_top/x_aq_lsu_dc/x_aq_lsu_dc_dp_gated_clk/clk_out,0,0.0,0.0,0.0,0.0,,0
x_aq_lsu_top/x_aq_lsu_dc/x_aq_lsu_dc_dp_gated_clk/clk_en_bf_latch,6,0.0007218479307025986,5.518333333333335,0.7193499662137758,0.16666666666666666,0.0202173000190412,1
x_aq_lsu_top/x_aq_lsu_dc/x_aq_lsu_dc_dp_gated_clk/SE,0,0.0,0.0,0.0,0.0,,0
x_aq_lsu_top/x_aq_lsu_dc/x_aq_lsu_dc_st_dp_gated_clk/clk_in,0,0.0,0.0,0.0,0.0,,0
x_aq_lsu_top/x_aq_lsu_dc/x_aq_lsu_dc_st_dp_gated_clk/global_en,0,0.0,0.0,0.0,0.0,,0
x_aq_lsu_top/x_aq_lsu_dc/x_aq_lsu_dc_st_dp_gated_clk/module_en,0,0.0,0.0,0.0,0.0,,0
x_aq_lsu_top/x_aq_lsu_dc/x_aq_lsu_dc_st_dp_gated_clk/local_en,2,0.00024061597690086623,7.3900000000000015,0.9633336605834737,0.0,8.1767073335401e-05,1
x_aq_lsu_top/x_aq_lsu_dc/x_aq_lsu_dc_st_dp_gated_clk/external_en,0,0.0,0.0,0.0,0.0,,0
x_aq_lsu_top/x_aq_lsu_dc/x_aq_lsu_dc_st_dp_gated_clk/pad_yy_icg_scan_en,0,0.0,0.0,0.0,0.0,,0
x_aq_lsu_top/x_aq_lsu_dc/x_aq_lsu_dc_st_dp_gated_clk/clk_out,0,0.0,0.0,0.0,0.0,,0
x_aq_lsu_top/x_aq_lsu_dc/x_aq_lsu_dc_st_dp_gated_clk/clk_en_bf_latch,2,0.00024061597690086623,7.3900000000000015,0.9633336605834737,0.0,8.1767073335401e-05,1
x_aq_lsu_top/x_aq_lsu_dc/x_aq_lsu_dc_st_dp_gated_clk/SE,0,0.0,0.0,0.0,0.0,,0
x_aq_lsu_top/x_aq_lsu_dc/x_aq_lsu_dc_mb_gated_clk/clk_in,0,0.0,0.0,0.0,0.0,,0
x_aq_lsu_top/x_aq_lsu_dc/x_aq_lsu_dc_mb_gated_clk/global_en,0,0.0,0.0,0.0,0.0,,0
x_aq_lsu_top/x_aq_lsu_dc/x_aq_lsu_dc_mb_gated_clk/module_en,0,0.0,0.0,0.0,0.0,,0
x_aq_lsu_top/x_aq_lsu_dc/x_aq_lsu_dc_mb_gated_clk/local_en,2,0.00024061597690086623,7.3900000000000015,0.9633336605834737,0.0,8.1767073335401e-05,1
x_aq_lsu_top/x_aq_lsu_dc/x_aq_lsu_dc_mb_gated_clk/external_en,0,0.0,0.0,0.0,0.0,,0
x_aq_lsu_top/x_aq_lsu_dc/x_aq_lsu_dc_mb_gated_clk/pad_yy_icg_scan_en,0,0.0,0.0,0.0,0.0,,0
x_aq_lsu_top/x_aq_lsu_dc/x_aq_lsu_dc_mb_gated_clk/clk_out,0,0.0,0.0,0.0,0.0,,0
x_aq_lsu_top/x_aq_lsu_dc/x_aq_lsu_dc_mb_gated_clk/clk_en_bf_latch,2,0.00024061597690086623,7.3900000000000015,0.9633336605834737,0.0,8.1767073335401e-05,1
x_aq_lsu_top/x_aq_lsu_dc/x_aq_lsu_dc_mb_gated_clk/SE,0,0.0,0.0,0.0,0.0,,0
x_aq_lsu_top/x_aq_lsu_dc/x_aq_lsu_da_gated_clk/clk_in,0,0.0,0.0,0.0,0.0,,0
x_aq_lsu_top/x_aq_lsu_dc/x_aq_lsu_da_gated_clk/global_en,0,0.0,0.0,0.0,0.0,,0
x_aq_lsu_top/x_aq_lsu_dc/x_aq_lsu_da_gated_clk/module_en,0,0.0,0.0,0.0,0.0,,0
x_aq_lsu_top/x_aq_lsu_dc/x_aq_lsu_da_gated_clk/local_en,4,0.00048123195380173246,7.047500000000004,0.9186865998595444,0.0,0.02804635946213789,1
x_aq_lsu_top/x_aq_lsu_dc/x_aq_lsu_da_gated_clk/external_en,0,0.0,0.0,0.0,0.0,,0
x_aq_lsu_top/x_aq_lsu_dc/x_aq_lsu_da_gated_clk/pad_yy_icg_scan_en,0,0.0,0.0,0.0,0.0,,0
x_aq_lsu_top/x_aq_lsu_dc/x_aq_lsu_da_gated_clk/clk_out,0,0.0,0.0,0.0,0.0,,0
x_aq_lsu_top/x_aq_lsu_dc/x_aq_lsu_da_gated_clk/clk_en_bf_latch,4,0.00048123195380173246,7.047500000000004,0.9186865998595444,0.0,0.02804635946213789,1
x_aq_lsu_top/x_aq_lsu_dc/x_aq_lsu_da_gated_clk/SE,0,0.0,0.0,0.0,0.0,,0
x_aq_lsu_top/x_aq_lsu_dc/x_aq_lsu_da_data_gated_clk/clk_in,0,0.0,0.0,0.0,0.0,,0
x_aq_lsu_top/x_aq_lsu_dc/x_aq_lsu_da_data_gated_clk/global_en,0,0.0,0.0,0.0,0.0,,0
x_aq_lsu_top/x_aq_lsu_dc/x_aq_lsu_da_data_gated_clk/module_en,0,0.0,0.0,0.0,0.0,,0
x_aq_lsu_top/x_aq_lsu_dc/x_aq_lsu_da_data_gated_clk/local_en,4,0.00048123195380173246,7.047500000000004,0.9186865998595444,0.0,0.02804635946213789,1
x_aq_lsu_top/x_aq_lsu_dc/x_aq_lsu_da_data_gated_clk/external_en,0,0.0,0.0,0.0,0.0,,0
x_aq_lsu_top/x_aq_lsu_dc/x_aq_lsu_da_data_gated_clk/pad_yy_icg_scan_en,0,0.0,0.0,0.0,0.0,,0
x_aq_lsu_top/x_aq_lsu_dc/x_aq_lsu_da_data_gated_clk/clk_out,0,0.0,0.0,0.0,0.0,,0
x_aq_lsu_top/x_aq_lsu_dc/x_aq_lsu_da_data_gated_clk/clk_en_bf_latch,4,0.00048123195380173246,7.047500000000004,0.9186865998595444,0.0,0.02804635946213789,1
x_aq_lsu_top/x_aq_lsu_dc/x_aq_lsu_da_data_gated_clk/SE,0,0.0,0.0,0.0,0.0,,0
x_aq_lsu_top/x_aq_lsu_dtif/ag_dtu_addr[39:0],54,0.0064966313763233875,8.134629629629629,1.0604008847905135,0.05555555555555555,-0.004711008310224869,11
x_aq_lsu_top/x_aq_lsu_dtif/ag_dtu_addr_ready,0,0.0,0.0,0.0,0.0,,0
x_aq_lsu_top/x_aq_lsu_dtif/ag_dtu_amo_type,0,0.0,0.0,0.0,0.0,,0
x_aq_lsu_top/x_aq_lsu_dtif/ag_dtu_bytes_vld[15:0],89,0.010707410972088547,7.797078651685395,1.016398960674607,0.033707865168539325,-0.02280341411822581,9
x_aq_lsu_top/x_aq_lsu_dtif/ag_dtu_data[63:0],274,0.03296438883541867,7.4105109489051095,0.9660073936674789,0.014598540145985401,-0.03403865149461813,61
x_aq_lsu_top/x_aq_lsu_dtif/ag_dtu_data_chk_mask,0,0.0,0.0,0.0,0.0,,0
x_aq_lsu_top/x_aq_lsu_dtif/ag_dtu_data_vld,0,0.0,0.0,0.0,0.0,,0
x_aq_lsu_top/x_aq_lsu_dtif/ag_dtu_halt_info[21:0],2,0.00024061597690086623,2.729999999999995,0.355872921974679,0.0,-0.11414277335038961,2
x_aq_lsu_top/x_aq_lsu_dtif/ag_dtu_mem_access_size[2:0],62,0.007459095283926853,8.297741935483872,1.081663614788454,0.016129032258064516,0.006201131798532642,2
x_aq_lsu_top/x_aq_lsu_dtif/ag_dtu_pipe_down,0,0.0,0.0,0.0,0.0,,0
x_aq_lsu_top/x_aq_lsu_dtif/ag_dtu_req,0,0.0,0.0,0.0,0.0,,0
x_aq_lsu_top/x_aq_lsu_dtif/ag_dtu_req_gate,0,0.0,0.0,0.0,0.0,,0
x_aq_lsu_top/x_aq_lsu_dtif/ag_dtu_split_last,1,0.00012030798845043312,1.2299999999999933,0.16033834946111852,0.0,-0.11407227095261288,1
x_aq_lsu_top/x_aq_lsu_dtif/ag_dtu_st_type,39,0.004692011549566891,6.511538461538462,0.8488205929883527,0.02564102564102564,-0.025464041419556216,1
x_aq_lsu_top/x_aq_lsu_dtif/cp0_lsu_icg_en,0,0.0,0.0,0.0,0.0,,0
x_aq_lsu_top/x_aq_lsu_dtif/cpurst_b,3,0.0003609239653512993,6.4566666666666634,0.8416677043528134,0.3333333333333333,-0.052373008311376444,1
x_aq_lsu_top/x_aq_lsu_dtif/da_dtu_data[63:0],0,0.0,0.0,0.0,0.0,,0
x_aq_lsu_top/x_aq_lsu_dtif/da_dtu_data_vld,0,0.0,0.0,0.0,0.0,,0
x_aq_lsu_top/x_aq_lsu_dtif/dtif_ag_cmplt_ready,0,0.0,0.0,0.0,0.0,,0
x_aq_lsu_top/x_aq_lsu_dtif/dtif_ag_fsm_idle,1,0.00012030798845043312,1.2299999999999933,0.16033834946111852,0.0,-0.11407227095261288,1
x_aq_lsu_top/x_aq_lsu_dtif/dtif_ag_halt_info[21:0],0,0.0,0.0,0.0,0.0,,0
x_aq_lsu_top/x_aq_lsu_dtif/dtif_ag_halt_info_up,0,0.0,0.0,0.0,0.0,,0
x_aq_lsu_top/x_aq_lsu_dtif/dtif_ag_pipedown_mask,0,0.0,0.0,0.0,0.0,,0
x_aq_lsu_top/x_aq_lsu_dtif/dtif_ag_stall,0,0.0,0.0,0.0,0.0,,0
x_aq_lsu_top/x_aq_lsu_dtif/dtif_ag_trig_en,0,0.0,0.0,0.0,0.0,,0
x_aq_lsu_top/x_aq_lsu_dtif/dtu_lsu_addr_trig_en,0,0.0,0.0,0.0,0.0,,0
x_aq_lsu_top/x_aq_lsu_dtif/dtu_lsu_data_trig_en,0,0.0,0.0,0.0,0.0,,0
x_aq_lsu_top/x_aq_lsu_dtif/dtu_lsu_halt_info[21:0],0,0.0,0.0,0.0,0.0,,0
x_aq_lsu_top/x_aq_lsu_dtif/dtu_lsu_halt_info_vld,1,0.00012030798845043312,1.2299999999999933,0.16033834946111852,0.0,-0.11407227095261288,1
x_aq_lsu_top/x_aq_lsu_dtif/forever_cpuclk,0,0.0,0.0,0.0,0.0,,0
x_aq_lsu_top/x_aq_lsu_dtif/ifu_lsu_warm_up,2,0.00024061597690086623,7.3900000000000015,0.9633336605834737,0.0,8.1767073335401e-05,1
x_aq_lsu_top/x_aq_lsu_dtif/lsu_dtu_halt_info[21:0],2,0.00024061597690086623,2.729999999999995,0.355872921974679,0.0,-0.11414277335038961,2
x_aq_lsu_top/x_aq_lsu_dtif/lsu_dtu_last_check,0,0.0,0.0,0.0,0.0,,0
x_aq_lsu_top/x_aq_lsu_dtif/lsu_dtu_ldst_addr[39:0],0,0.0,0.0,0.0,0.0,,0
x_aq_lsu_top/x_aq_lsu_dtif/lsu_dtu_ldst_addr_vld,0,0.0,0.0,0.0,0.0,,0
x_aq_lsu_top/x_aq_lsu_dtif/lsu_dtu_ldst_bytes_vld[15:0],1,0.00012030798845043312,6.270000000000003,0.8173345131066823,0.0,-0.0111453056014091,1
x_aq_lsu_top/x_aq_lsu_dtif/lsu_dtu_ldst_data[63:0],0,0.0,0.0,0.0,0.0,,0
x_aq_lsu_top/x_aq_lsu_dtif/lsu_dtu_ldst_data_vld,0,0.0,0.0,0.0,0.0,,0
x_aq_lsu_top/x_aq_lsu_dtif/lsu_dtu_ldst_type[1:0],1,0.00012030798845043312,6.270000000000003,0.8173345131066823,0.0,-0.0111453056014091,1
x_aq_lsu_top/x_aq_lsu_dtif/lsu_dtu_mem_access_size[2:0],62,0.007459095283926853,8.297741935483872,1.081663614788454,0.016129032258064516,0.006201131798532642,2
x_aq_lsu_top/x_aq_lsu_dtif/pad_yy_icg_scan_en,0,0.0,0.0,0.0,0.0,,0
x_aq_lsu_top/x_aq_lsu_dtif/rtu_yy_xx_flush,0,0.0,0.0,0.0,0.0,,0
x_aq_lsu_top/x_aq_lsu_dtif/vlsu_dtu_data[63:0],0,0.0,0.0,0.0,0.0,,0
x_aq_lsu_top/x_aq_lsu_dtif/vlsu_dtu_data_vld,0,0.0,0.0,0.0,0.0,,0
x_aq_lsu_top/x_aq_lsu_dtif/vlsu_dtu_data_vld_gate,0,0.0,0.0,0.0,0.0,,0
x_aq_lsu_top/x_aq_lsu_dtif/addr_chk_en,0,0.0,0.0,0.0,0.0,,0
x_aq_lsu_top/x_aq_lsu_dtif/addr_trig_en,0,0.0,0.0,0.0,0.0,,0
x_aq_lsu_top/x_aq_lsu_dtif/data_chk_en,0,0.0,0.0,0.0,0.0,,0
x_aq_lsu_top/x_aq_lsu_dtif/data_trig_en,0,0.0,0.0,0.0,0.0,,0
x_aq_lsu_top/x_aq_lsu_dtif/dt_addr_clk,0,0.0,0.0,0.0,0.0,,0
x_aq_lsu_top/x_aq_lsu_dtif/dt_addr_clk_en,2,0.00024061597690086623,7.3900000000000015,0.9633336605834737,0.0,8.1767073335401e-05,1
x_aq_lsu_top/x_aq_lsu_dtif/dt_addr_ldst_type[1:0],39,0.004692011549566891,6.511538461538462,0.8488205929883527,0.02564102564102564,0.009174852675168542,2
x_aq_lsu_top/x_aq_lsu_dtif/dt_addr_req,0,0.0,0.0,0.0,0.0,,0
x_aq_lsu_top/x_aq_lsu_dtif/dt_addr_start,0,0.0,0.0,0.0,0.0,,0
x_aq_lsu_top/x_aq_lsu_dtif/dt_cmplt_ready,0,0.0,0.0,0.0,0.0,,0
x_aq_lsu_top/x_aq_lsu_dtif/dt_data_clk,0,0.0,0.0,0.0,0.0,,0
x_aq_lsu_top/x_aq_lsu_dtif/dt_data_clk_en,2,0.00024061597690086623,7.3900000000000015,0.9633336605834737,0.0,8.1767073335401e-05,1
x_aq_lsu_top/x_aq_lsu_dtif/dt_data_ldst_type[1:0],1,0.00012030798845043312,6.270000000000003,0.8173345131066823,0.0,-0.0111453056014091,1
x_aq_lsu_top/x_aq_lsu_dtif/dt_data_req,0,0.0,0.0,0.0,0.0,,0
x_aq_lsu_top/x_aq_lsu_dtif/dt_data_start,0,0.0,0.0,0.0,0.0,,0
x_aq_lsu_top/x_aq_lsu_dtif/dt_data_vld,1,0.00012030798845043312,1.2299999999999933,0.16033834946111852,0.0,-0.11407227095261288,1
x_aq_lsu_top/x_aq_lsu_dtif/dt_fsm_addr_chk,0,0.0,0.0,0.0,0.0,,0
x_aq_lsu_top/x_aq_lsu_dtif/dt_fsm_chk,0,0.0,0.0,0.0,0.0,,0
x_aq_lsu_top/x_aq_lsu_dtif/dt_fsm_clk,0,0.0,0.0,0.0,0.0,,0
x_aq_lsu_top/x_aq_lsu_dtif/dt_fsm_clk_en,0,0.0,0.0,0.0,0.0,,0
x_aq_lsu_top/x_aq_lsu_dtif/dt_fsm_data_chk,0,0.0,0.0,0.0,0.0,,0
x_aq_lsu_top/x_aq_lsu_dtif/dt_fsm_idle,1,0.00012030798845043312,1.2299999999999933,0.16033834946111852,0.0,-0.11407227095261288,1
x_aq_lsu_top/x_aq_lsu_dtif/dt_fsm_wait_cmplt,0,0.0,0.0,0.0,0.0,,0
x_aq_lsu_top/x_aq_lsu_dtif/dt_fsm_wait_data,0,0.0,0.0,0.0,0.0,,0
x_aq_lsu_top/x_aq_lsu_dtif/dt_last_check,0,0.0,0.0,0.0,0.0,,0
x_aq_lsu_top/x_aq_lsu_dtif/dt_ldst_type[1:0],1,0.00012030798845043312,6.270000000000003,0.8173345131066823,0.0,-0.0111453056014091,1
x_aq_lsu_top/x_aq_lsu_dtif/dt_pipedown_mask,0,0.0,0.0,0.0,0.0,,0
x_aq_lsu_top/x_aq_lsu_dtif/dt_stall,0,0.0,0.0,0.0,0.0,,0
x_aq_lsu_top/x_aq_lsu_dtif/dt_start_gate,0,0.0,0.0,0.0,0.0,,0
x_aq_lsu_top/x_aq_lsu_dtif/dtu_cancel,0,0.0,0.0,0.0,0.0,,0
x_aq_lsu_top/x_aq_lsu_dtif/dtu_halt_info_vld,1,0.00012030798845043312,1.2299999999999933,0.16033834946111852,0.0,-0.11407227095261288,1
x_aq_lsu_top/x_aq_lsu_dtif/halt_info[21:0],0,0.0,0.0,0.0,0.0,,0
x_aq_lsu_top/x_aq_lsu_dtif/lsu_addr[39:0],54,0.0064966313763233875,8.134629629629629,1.0604008847905135,0.05555555555555555,-0.004711008310224869,11
x_aq_lsu_top/x_aq_lsu_dtif/lsu_addr_chk_last,1,0.00012030798845043312,1.2299999999999933,0.16033834946111852,0.0,-0.11407227095261288,1
x_aq_lsu_top/x_aq_lsu_dtif/lsu_addr_up,0,0.0,0.0,0.0,0.0,,0
x_aq_lsu_top/x_aq_lsu_dtif/lsu_addr_vld,0,0.0,0.0,0.0,0.0,,0
x_aq_lsu_top/x_aq_lsu_dtif/lsu_addr_vld_gate,0,0.0,0.0,0.0,0.0,,0
x_aq_lsu_top/x_aq_lsu_dtif/lsu_amo_type,0,0.0,0.0,0.0,0.0,,0
x_aq_lsu_top/x_aq_lsu_dtif/lsu_bytes_vld[15:0],89,0.010707410972088547,7.797078651685395,1.016398960674607,0.033707865168539325,-0.02280341411822581,9
x_aq_lsu_top/x_aq_lsu_dtif/lsu_data[63:0],0,0.0,0.0,0.0,0.0,,0
x_aq_lsu_top/x_aq_lsu_dtif/lsu_data_chk_last,1,0.00012030798845043312,1.2299999999999933,0.16033834946111852,0.0,-0.11407227095261288,1
x_aq_lsu_top/x_aq_lsu_dtif/lsu_data_chk_mask,0,0.0,0.0,0.0,0.0,,0
x_aq_lsu_top/x_aq_lsu_dtif/lsu_data_up,0,0.0,0.0,0.0,0.0,,0
x_aq_lsu_top/x_aq_lsu_dtif/lsu_data_vld,0,0.0,0.0,0.0,0.0,,0
x_aq_lsu_top/x_aq_lsu_dtif/lsu_data_vld_gate,0,0.0,0.0,0.0,0.0,,0
x_aq_lsu_top/x_aq_lsu_dtif/lsu_halt_info[21:0],2,0.00024061597690086623,2.729999999999995,0.355872921974679,0.0,-0.11414277335038961,2
x_aq_lsu_top/x_aq_lsu_dtif/lsu_mem_access_size[2:0],62,0.007459095283926853,8.297741935483872,1.081663614788454,0.016129032258064516,0.006201131798532642,2
x_aq_lsu_top/x_aq_lsu_dtif/lsu_pipe_down,0,0.0,0.0,0.0,0.0,,0
x_aq_lsu_top/x_aq_lsu_dtif/lsu_req,0,0.0,0.0,0.0,0.0,,0
x_aq_lsu_top/x_aq_lsu_dtif/lsu_req_gate,0,0.0,0.0,0.0,0.0,,0
x_aq_lsu_top/x_aq_lsu_dtif/lsu_split_last,1,0.00012030798845043312,1.2299999999999933,0.16033834946111852,0.0,-0.11407227095261288,1
x_aq_lsu_top/x_aq_lsu_dtif/lsu_st_type,39,0.004692011549566891,6.511538461538462,0.8488205929883527,0.02564102564102564,-0.025464041419556216,1
x_aq_lsu_top/x_aq_lsu_dtif/x_aq_lsu_dtif_fsm_gated_clk/clk_in,0,0.0,0.0,0.0,0.0,,0
x_aq_lsu_top/x_aq_lsu_dtif/x_aq_lsu_dtif_fsm_gated_clk/global_en,0,0.0,0.0,0.0,0.0,,0
x_aq_lsu_top/x_aq_lsu_dtif/x_aq_lsu_dtif_fsm_gated_clk/module_en,0,0.0,0.0,0.0,0.0,,0
x_aq_lsu_top/x_aq_lsu_dtif/x_aq_lsu_dtif_fsm_gated_clk/local_en,0,0.0,0.0,0.0,0.0,,0
x_aq_lsu_top/x_aq_lsu_dtif/x_aq_lsu_dtif_fsm_gated_clk/external_en,0,0.0,0.0,0.0,0.0,,0
x_aq_lsu_top/x_aq_lsu_dtif/x_aq_lsu_dtif_fsm_gated_clk/pad_yy_icg_scan_en,0,0.0,0.0,0.0,0.0,,0
x_aq_lsu_top/x_aq_lsu_dtif/x_aq_lsu_dtif_fsm_gated_clk/clk_out,0,0.0,0.0,0.0,0.0,,0
x_aq_lsu_top/x_aq_lsu_dtif/x_aq_lsu_dtif_fsm_gated_clk/clk_en_bf_latch,0,0.0,0.0,0.0,0.0,,0
x_aq_lsu_top/x_aq_lsu_dtif/x_aq_lsu_dtif_fsm_gated_clk/SE,0,0.0,0.0,0.0,0.0,,0
x_aq_lsu_top/x_aq_lsu_dtif/x_aq_lsu_dtif_addr_gated_clk/clk_in,0,0.0,0.0,0.0,0.0,,0
x_aq_lsu_top/x_aq_lsu_dtif/x_aq_lsu_dtif_addr_gated_clk/global_en,0,0.0,0.0,0.0,0.0,,0
x_aq_lsu_top/x_aq_lsu_dtif/x_aq_lsu_dtif_addr_gated_clk/module_en,0,0.0,0.0,0.0,0.0,,0
x_aq_lsu_top/x_aq_lsu_dtif/x_aq_lsu_dtif_addr_gated_clk/local_en,2,0.00024061597690086623,7.3900000000000015,0.9633336605834737,0.0,8.1767073335401e-05,1
x_aq_lsu_top/x_aq_lsu_dtif/x_aq_lsu_dtif_addr_gated_clk/external_en,0,0.0,0.0,0.0,0.0,,0
x_aq_lsu_top/x_aq_lsu_dtif/x_aq_lsu_dtif_addr_gated_clk/pad_yy_icg_scan_en,0,0.0,0.0,0.0,0.0,,0
x_aq_lsu_top/x_aq_lsu_dtif/x_aq_lsu_dtif_addr_gated_clk/clk_out,0,0.0,0.0,0.0,0.0,,0
x_aq_lsu_top/x_aq_lsu_dtif/x_aq_lsu_dtif_addr_gated_clk/clk_en_bf_latch,2,0.00024061597690086623,7.3900000000000015,0.9633336605834737,0.0,8.1767073335401e-05,1
x_aq_lsu_top/x_aq_lsu_dtif/x_aq_lsu_dtif_addr_gated_clk/SE,0,0.0,0.0,0.0,0.0,,0
x_aq_lsu_top/x_aq_lsu_dtif/x_aq_lsu_dtif_data_gated_clk/clk_in,0,0.0,0.0,0.0,0.0,,0
x_aq_lsu_top/x_aq_lsu_dtif/x_aq_lsu_dtif_data_gated_clk/global_en,0,0.0,0.0,0.0,0.0,,0
x_aq_lsu_top/x_aq_lsu_dtif/x_aq_lsu_dtif_data_gated_clk/module_en,0,0.0,0.0,0.0,0.0,,0
x_aq_lsu_top/x_aq_lsu_dtif/x_aq_lsu_dtif_data_gated_clk/local_en,2,0.00024061597690086623,7.3900000000000015,0.9633336605834737,0.0,8.1767073335401e-05,1
x_aq_lsu_top/x_aq_lsu_dtif/x_aq_lsu_dtif_data_gated_clk/external_en,0,0.0,0.0,0.0,0.0,,0
x_aq_lsu_top/x_aq_lsu_dtif/x_aq_lsu_dtif_data_gated_clk/pad_yy_icg_scan_en,0,0.0,0.0,0.0,0.0,,0
x_aq_lsu_top/x_aq_lsu_dtif/x_aq_lsu_dtif_data_gated_clk/clk_out,0,0.0,0.0,0.0,0.0,,0
x_aq_lsu_top/x_aq_lsu_dtif/x_aq_lsu_dtif_data_gated_clk/clk_en_bf_latch,2,0.00024061597690086623,7.3900000000000015,0.9633336605834737,0.0,8.1767073335401e-05,1
x_aq_lsu_top/x_aq_lsu_dtif/x_aq_lsu_dtif_data_gated_clk/SE,0,0.0,0.0,0.0,0.0,,0
x_aq_lsu_top/x_aq_lsu_icc/cp0_lsu_dcache_read_idx[16:0],2,0.00024061597690086623,8.689999999999998,1.132796956761892,0.0,0.006354439989074542,8
x_aq_lsu_top/x_aq_lsu_icc/cp0_lsu_dcache_read_req,4,0.00048123195380173246,7.002500000000001,0.9128205626841372,0.0,0.01857122887551861,1
x_aq_lsu_top/x_aq_lsu_icc/cp0_lsu_dcache_read_type,2,0.00024061597690086623,12.544999999999996,1.6353208081217419,0.0,-0.023685211903528312,1
x_aq_lsu_top/x_aq_lsu_icc/cp0_lsu_dcache_read_way[1:0],0,0.0,0.0,0.0,0.0,,0
x_aq_lsu_top/x_aq_lsu_icc/cp0_lsu_icc_addr[63:0],58,0.00697786333012512,7.5875862068965505,0.9890902835835355,0.0,-0.004275180606981651,10
x_aq_lsu_top/x_aq_lsu_icc/cp0_lsu_icc_op[1:0],21,0.002526467757459095,8.297619047619047,1.0816475955710436,0.0,0.04813256860949152,2
x_aq_lsu_top/x_aq_lsu_icc/cp0_lsu_icc_req,26,0.0031280076997112606,6.710384615384614,0.8747414581138679,0.11538461538461539,0.14278261180596638,1
x_aq_lsu_top/x_aq_lsu_icc/cp0_lsu_icc_type[1:0],6,0.0007218479307025986,7.678333333333334,1.0009197506333023,0.0,-0.00638949866762142,1
x_aq_lsu_top/x_aq_lsu_icc/cp0_lsu_icg_en,0,0.0,0.0,0.0,0.0,,0
x_aq_lsu_top/x_aq_lsu_icc/cpurst_b,3,0.0003609239653512993,6.4566666666666634,0.8416677043528134,0.3333333333333333,-0.052373008311376444,1
x_aq_lsu_top/x_aq_lsu_icc/dc_icc_dcache_data[127:0],0,0.0,0.0,0.0,0.0,,0
x_aq_lsu_top/x_aq_lsu_icc/dc_icc_dcache_dirty[3:0],0,0.0,0.0,0.0,0.0,,0
x_aq_lsu_top/x_aq_lsu_icc/dc_icc_dcache_tag[27:0],0,0.0,0.0,0.0,0.0,,0
x_aq_lsu_top/x_aq_lsu_icc/dc_icc_dcache_tagvld,0,0.0,0.0,0.0,0.0,,0
x_aq_lsu_top/x_aq_lsu_icc/forever_cpuclk,0,0.0,0.0,0.0,0.0,,0
x_aq_lsu_top/x_aq_lsu_icc/icc_arb_data02_idx[13:0],2092,0.2516843118383061,7.988652007648184,1.0413717701833884,0.06405353728489484,0.07503394752765437,10
x_aq_lsu_top/x_aq_lsu_icc/icc_arb_data0_req,0,0.0,0.0,0.0,0.0,,0
x_aq_lsu_top/x_aq_lsu_icc/icc_arb_data13_idx[13:0],2094,0.2519249278152069,8.004875835721107,1.0434866497079034,0.06494746895893028,0.07475341114380646,11
x_aq_lsu_top/x_aq_lsu_icc/icc_arb_data1_req,0,0.0,0.0,0.0,0.0,,0
x_aq_lsu_top/x_aq_lsu_icc/icc_arb_data2_req,0,0.0,0.0,0.0,0.0,,0
x_aq_lsu_top/x_aq_lsu_icc/icc_arb_data3_req,0,0.0,0.0,0.0,0.0,,0
x_aq_lsu_top/x_aq_lsu_icc/icc_arb_data_way[3:0],3124,0.37584215591915304,7.718549935979514,1.006162241437548,0.07298335467349552,0.018348243656263828,2
x_aq_lsu_top/x_aq_lsu_icc/icc_arb_dirty_din[7:0],0,0.0,0.0,0.0,0.0,,0
x_aq_lsu_top/x_aq_lsu_icc/icc_arb_dirty_idx[13:0],2088,0.25120307988450435,7.9807231800766285,1.0403381969102299,0.06417624521072797,0.07489632451489968,9
x_aq_lsu_top/x_aq_lsu_icc/icc_arb_dirty_req,1532,0.1843118383060635,7.73425587467363,1.0082096107765335,0.08420365535248042,0.21174749372444096,1
x_aq_lsu_top/x_aq_lsu_icc/icc_arb_dirty_wen[7:0],1552,0.1867179980750722,7.717023195876289,1.0059632211219325,0.07731958762886598,0.25521894193212424,7
x_aq_lsu_top/x_aq_lsu_icc/icc_arb_tag_idx[11:0],2065,0.24843599615014436,8.000140435835352,1.0428693601130088,0.0648910411622276,-0.12370489068992072,7
x_aq_lsu_top/x_aq_lsu_icc/icc_arb_tag_req,8,0.0009624639076034649,7.220000000000001,0.9411730756986034,0.125,0.22758827525146136,1
x_aq_lsu_top/x_aq_lsu_icc/icc_arb_tag_sel[3:0],28,0.003368623676612127,8.213571428571427,1.0706914520635376,0.10714285714285714,-0.10258312456054054,2
x_aq_lsu_top/x_aq_lsu_icc/icc_arb_tag_way[3:0],21,0.002526467757459095,5.900952380952382,0.7692268008215997,0.0,-0.07474785469456144,4
x_aq_lsu_top/x_aq_lsu_icc/icc_arb_tag_wen,8,0.0009624639076034649,7.220000000000001,0.9411730756986034,0.125,0.22758827525146136,1
x_aq_lsu_top/x_aq_lsu_icc/icc_dc_acc_fifo[3:0],1,0.00012030798845043312,6.270000000000003,0.8173345131066823,0.0,-0.0111453056014091,1
x_aq_lsu_top/x_aq_lsu_icc/icc_dc_acc_idx[1:0],59,0.007098171318575553,6.6371186440677965,0.8651907711930514,0.0847457627118644,0.10744291065353226,2
x_aq_lsu_top/x_aq_lsu_icc/icc_dc_sel,30,0.003609239653512993,6.717,0.8756038157157228,0.1,0.1438996067270511,1
x_aq_lsu_top/x_aq_lsu_icc/icc_vb_addr[33:0],1061,0.12764677574590952,7.99210179076343,1.0418214714278577,0.06597549481621112,-0.12361761747726402,6
x_aq_lsu_top/x_aq_lsu_icc/icc_vb_data[127:0],0,0.0,0.0,0.0,0.0,,0
x_aq_lsu_top/x_aq_lsu_icc/icc_vb_data_vld,0,0.0,0.0,0.0,0.0,,0
x_aq_lsu_top/x_aq_lsu_icc/icc_vb_req,0,0.0,0.0,0.0,0.0,,0
x_aq_lsu_top/x_aq_lsu_icc/icc_xx_idle,31,0.0037295476419634266,6.315806451612904,0.8233056763963433,0.03225806451612903,-0.15296285093903966,1
x_aq_lsu_top/x_aq_lsu_icc/icc_xx_sync_req,0,0.0,0.0,0.0,0.0,,0
x_aq_lsu_top/x_aq_lsu_icc/ifu_lsu_warm_up,2,0.00024061597690086623,7.3900000000000015,0.9633336605834737,0.0,8.1767073335401e-05,1
x_aq_lsu_top/x_aq_lsu_icc/lsu_cp0_dcache_read_data[127:0],0,0.0,0.0,0.0,0.0,,0
x_aq_lsu_top/x_aq_lsu_icc/lsu_cp0_dcache_read_data_vld,0,0.0,0.0,0.0,0.0,,0
x_aq_lsu_top/x_aq_lsu_icc/lsu_cp0_icc_done,0,0.0,0.0,0.0,0.0,,0
x_aq_lsu_top/x_aq_lsu_icc/lsu_no_op,7,0.0008421559191530317,5.354285714285717,0.6979653121722135,0.42857142857142855,-0.09694719695168941,1
x_aq_lsu_top/x_aq_lsu_icc/pad_yy_icg_scan_en,0,0.0,0.0,0.0,0.0,,0
x_aq_lsu_top/x_aq_lsu_icc/vb_icc_empty,1,0.00012030798845043312,1.2299999999999933,0.16033834946111852,0.0,-0.11407227095261288,1
x_aq_lsu_top/x_aq_lsu_icc/vb_icc_grant,1,0.00012030798845043312,41.400000000000006,5.3967542013742635,1.0,-0.14861602140388885,1
x_aq_lsu_top/x_aq_lsu_icc/vb_xx_idle,1,0.00012030798845043312,8.549999999999997,1.1145470633272931,1.0,-0.11413386512837041,1
x_aq_lsu_top/x_aq_lsu_icc/cp0_set[7:0],30,0.003609239653512993,7.71,1.0050477027196998,0.0,-0.009037194887643143,7
x_aq_lsu_top/x_aq_lsu_icc/cp0_way[3:0],1,0.00012030798845043312,1.2299999999999933,0.16033834946111852,0.0,-0.11407227095261288,1
x_aq_lsu_top/x_aq_lsu_icc/data0_addr_3,8,0.0009624639076034649,7.220000000000001,0.9411730756986034,0.125,0.22758827525146136,1
x_aq_lsu_top/x_aq_lsu_icc/data1_addr_3,31,0.0037295476419634266,9.212580645161289,1.2009186787988744,0.12903225806451613,-0.14775740525995304,1
x_aq_lsu_top/x_aq_lsu_icc/data_rd_last,4,0.00048123195380173246,7.002500000000001,0.9128205626841372,0.0,0.01857122887551861,1
x_aq_lsu_top/x_aq_lsu_icc/data_sel[1:0],1555,0.18707892204042348,7.73434726688103,1.0082215243340036,0.08360128617363344,-0.01416477073619974,2
x_aq_lsu_top/x_aq_lsu_icc/data_way_sel[3:0],3124,0.37584215591915304,7.718549935979514,1.006162241437548,0.07298335467349552,0.018348243656263828,2
x_aq_lsu_top/x_aq_lsu_icc/dca_icc_way[1:0],0,0.0,0.0,0.0,0.0,,0
x_aq_lsu_top/x_aq_lsu_icc/dca_req_tag,2,0.00024061597690086623,9.065000000000001,1.1816805998902826,0.0,0.0047170492866223206,1
x_aq_lsu_top/x_aq_lsu_icc/dca_req_vld,4,0.00048123195380173246,7.002500000000001,0.9128205626841372,0.0,0.01857122887551861,1
x_aq_lsu_top/x_aq_lsu_icc/dca_req_way[1:0],0,0.0,0.0,0.0,0.0,,0
x_aq_lsu_top/x_aq_lsu_icc/dirty,0,0.0,0.0,0.0,0.0,,0
x_aq_lsu_top/x_aq_lsu_icc/dirty_wen,8,0.0009624639076034649,7.220000000000001,0.9411730756986034,0.125,0.22758827525146136,1
x_aq_lsu_top/x_aq_lsu_icc/fifo_wen,8,0.0009624639076034649,7.220000000000001,0.9411730756986034,0.125,0.22758827525146136,1
x_aq_lsu_top/x_aq_lsu_icc/icc_clk,0,0.0,0.0,0.0,0.0,,0
x_aq_lsu_top/x_aq_lsu_icc/icc_clk_en,2,0.00024061597690086623,7.3900000000000015,0.9633336605834737,0.0,8.1767073335401e-05,1
x_aq_lsu_top/x_aq_lsu_icc/icc_cnt_done,18,0.002165543792107796,7.476111111111111,0.9745587934499926,0.1111111111111111,-0.00930167499132037,1
x_aq_lsu_top/x_aq_lsu_icc/icc_cnt_en,8,0.0009624639076034649,7.220000000000001,0.9411730756986034,0.125,0.22758827525146136,1
x_aq_lsu_top/x_aq_lsu_icc/icc_cnt_start,0,0.0,0.0,0.0,0.0,,0
x_aq_lsu_top/x_aq_lsu_icc/icc_cur_clr_vb,0,0.0,0.0,0.0,0.0,,0
x_aq_lsu_top/x_aq_lsu_icc/icc_cur_data,0,0.0,0.0,0.0,0.0,,0
x_aq_lsu_top/x_aq_lsu_icc/icc_cur_dca_wb,0,0.0,0.0,0.0,0.0,,0
x_aq_lsu_top/x_aq_lsu_icc/icc_cur_dirty_rd,0,0.0,0.0,0.0,0.0,,0
x_aq_lsu_top/x_aq_lsu_icc/icc_cur_dirty_wen,0,0.0,0.0,0.0,0.0,,0
x_aq_lsu_top/x_aq_lsu_icc/icc_cur_idle,31,0.0037295476419634266,7.630322580645162,0.994661242631345,0.0967741935483871,-0.1499921890401895,1
x_aq_lsu_top/x_aq_lsu_icc/icc_cur_inv_all,8,0.0009624639076034649,7.220000000000001,0.9411730756986034,0.125,0.22758827525146136,1
x_aq_lsu_top/x_aq_lsu_icc/icc_cur_tag_rd,0,0.0,0.0,0.0,0.0,,0
x_aq_lsu_top/x_aq_lsu_icc/icc_cur_tag_wen,0,0.0,0.0,0.0,0.0,,0
x_aq_lsu_top/x_aq_lsu_icc/icc_cur_tag_wt,0,0.0,0.0,0.0,0.0,,0
x_aq_lsu_top/x_aq_lsu_icc/icc_cur_wfvb,0,0.0,0.0,0.0,0.0,,0
x_aq_lsu_top/x_aq_lsu_icc/icc_data_clk,0,0.0,0.0,0.0,0.0,,0
x_aq_lsu_top/x_aq_lsu_icc/icc_data_clk_en,2,0.00024061597690086623,7.3900000000000015,0.9633336605834737,0.0,8.1767073335401e-05,1
x_aq_lsu_top/x_aq_lsu_icc/icc_dirty_mask[3:0],3110,0.37415784408084696,7.7253536977491954,1.0070491552036271,0.07331189710610933,-0.01893782136403368,3
x_aq_lsu_top/x_aq_lsu_icc/icc_fsm_clk,0,0.0,0.0,0.0,0.0,,0
x_aq_lsu_top/x_aq_lsu_icc/icc_fsm_clk_en,32,0.0038498556304138597,6.789375000000001,0.8850383588395021,0.09375,0.14394611584832073,1
x_aq_lsu_top/x_aq_lsu_icc/icc_req_cln,16,0.0019249278152069298,6.814374999999999,0.8882972683813947,0.0625,0.032977655430835924,1
x_aq_lsu_top/x_aq_lsu_icc/icc_req_inv,14,0.0016843118383060634,6.369999999999999,0.8303701512742524,0.21428571428571427,0.21988405093971544,1
x_aq_lsu_top/x_aq_lsu_icc/icc_req_vld,26,0.0031280076997112606,6.710384615384614,0.8747414581138679,0.11538461538461539,0.14278261180596638,1
x_aq_lsu_top/x_aq_lsu_icc/inv_all_setway,10,0.001203079884504331,6.544,0.8530521616858254,0.2,0.22682182000990048,1
x_aq_lsu_top/x_aq_lsu_icc/line_dirty,27,0.0032483156881616937,6.775185185185187,0.8831886259235947,0.037037037037037035,-0.1523094770152322,1
x_aq_lsu_top/x_aq_lsu_icc/line_vld,0,0.0,0.0,0.0,0.0,,0
x_aq_lsu_top/x_aq_lsu_icc/offset[1:0],0,0.0,0.0,0.0,0.0,,0
x_aq_lsu_top/x_aq_lsu_icc/tag_idx[7:0],1064,0.12800769971126083,7.966607142857144,1.0384980813746982,0.06390977443609022,0.07493501255419201,8
x_aq_lsu_top/x_aq_lsu_icc/tag_wen,8,0.0009624639076034649,7.220000000000001,0.9411730756986034,0.125,0.22758827525146136,1
x_aq_lsu_top/x_aq_lsu_icc/type_all,7,0.0008421559191530317,7.8357142857142845,1.0214353621303598,0.0,-0.05817763307808196,1
x_aq_lsu_top/x_aq_lsu_icc/type_setway,6,0.0007218479307025986,7.678333333333334,1.0009197506333023,0.0,-0.00638949866762142,1
x_aq_lsu_top/x_aq_lsu_icc/way0_sel,27,0.0032483156881616937,6.775185185185187,0.8831886259235947,0.037037037037037035,-0.1523094770152322,1
x_aq_lsu_top/x_aq_lsu_icc/way0_way2_sel,31,0.0037295476419634266,9.212580645161289,1.2009186787988744,0.12903225806451613,-0.14775740525995304,1
x_aq_lsu_top/x_aq_lsu_icc/way1_sel,31,0.0037295476419634266,6.315806451612904,0.8233056763963433,0.03225806451612903,-0.15296285093903966,1
x_aq_lsu_top/x_aq_lsu_icc/way2_sel,31,0.0037295476419634266,6.315806451612904,0.8233056763963433,0.03225806451612903,-0.15296285093903966,1
x_aq_lsu_top/x_aq_lsu_icc/way_dirty[3:0],61,0.00733878729547642,6.529016393442623,0.8510989529505535,0.06557377049180328,-0.15261629145591177,4
x_aq_lsu_top/x_aq_lsu_icc/way_sel[3:0],21,0.002526467757459095,5.900952380952382,0.7692268008215997,0.0,-0.07474785469456144,4
x_aq_lsu_top/x_aq_lsu_icc/x_icc_fsm_gated_clk/clk_in,0,0.0,0.0,0.0,0.0,,0
x_aq_lsu_top/x_aq_lsu_icc/x_icc_fsm_gated_clk/global_en,0,0.0,0.0,0.0,0.0,,0
x_aq_lsu_top/x_aq_lsu_icc/x_icc_fsm_gated_clk/module_en,0,0.0,0.0,0.0,0.0,,0
x_aq_lsu_top/x_aq_lsu_icc/x_icc_fsm_gated_clk/local_en,32,0.0038498556304138597,6.789375000000001,0.8850383588395021,0.09375,0.14394611584832073,1
x_aq_lsu_top/x_aq_lsu_icc/x_icc_fsm_gated_clk/external_en,0,0.0,0.0,0.0,0.0,,0
x_aq_lsu_top/x_aq_lsu_icc/x_icc_fsm_gated_clk/pad_yy_icg_scan_en,0,0.0,0.0,0.0,0.0,,0
x_aq_lsu_top/x_aq_lsu_icc/x_icc_fsm_gated_clk/clk_out,0,0.0,0.0,0.0,0.0,,0
x_aq_lsu_top/x_aq_lsu_icc/x_icc_fsm_gated_clk/clk_en_bf_latch,32,0.0038498556304138597,6.789375000000001,0.8850383588395021,0.09375,0.14394611584832073,1
x_aq_lsu_top/x_aq_lsu_icc/x_icc_fsm_gated_clk/SE,0,0.0,0.0,0.0,0.0,,0
x_aq_lsu_top/x_aq_lsu_icc/x_icc_dp_gated_clk/clk_in,0,0.0,0.0,0.0,0.0,,0
x_aq_lsu_top/x_aq_lsu_icc/x_icc_dp_gated_clk/global_en,0,0.0,0.0,0.0,0.0,,0
x_aq_lsu_top/x_aq_lsu_icc/x_icc_dp_gated_clk/module_en,0,0.0,0.0,0.0,0.0,,0
x_aq_lsu_top/x_aq_lsu_icc/x_icc_dp_gated_clk/local_en,2,0.00024061597690086623,7.3900000000000015,0.9633336605834737,0.0,8.1767073335401e-05,1
x_aq_lsu_top/x_aq_lsu_icc/x_icc_dp_gated_clk/external_en,0,0.0,0.0,0.0,0.0,,0
x_aq_lsu_top/x_aq_lsu_icc/x_icc_dp_gated_clk/pad_yy_icg_scan_en,0,0.0,0.0,0.0,0.0,,0
x_aq_lsu_top/x_aq_lsu_icc/x_icc_dp_gated_clk/clk_out,0,0.0,0.0,0.0,0.0,,0
x_aq_lsu_top/x_aq_lsu_icc/x_icc_dp_gated_clk/clk_en_bf_latch,2,0.00024061597690086623,7.3900000000000015,0.9633336605834737,0.0,8.1767073335401e-05,1
x_aq_lsu_top/x_aq_lsu_icc/x_icc_dp_gated_clk/SE,0,0.0,0.0,0.0,0.0,,0
x_aq_lsu_top/x_aq_lsu_icc/x_icc_data_gated_clk/clk_in,0,0.0,0.0,0.0,0.0,,0
x_aq_lsu_top/x_aq_lsu_icc/x_icc_data_gated_clk/global_en,0,0.0,0.0,0.0,0.0,,0
x_aq_lsu_top/x_aq_lsu_icc/x_icc_data_gated_clk/module_en,0,0.0,0.0,0.0,0.0,,0
x_aq_lsu_top/x_aq_lsu_icc/x_icc_data_gated_clk/local_en,2,0.00024061597690086623,7.3900000000000015,0.9633336605834737,0.0,8.1767073335401e-05,1
x_aq_lsu_top/x_aq_lsu_icc/x_icc_data_gated_clk/external_en,0,0.0,0.0,0.0,0.0,,0
x_aq_lsu_top/x_aq_lsu_icc/x_icc_data_gated_clk/pad_yy_icg_scan_en,0,0.0,0.0,0.0,0.0,,0
x_aq_lsu_top/x_aq_lsu_icc/x_icc_data_gated_clk/clk_out,0,0.0,0.0,0.0,0.0,,0
x_aq_lsu_top/x_aq_lsu_icc/x_icc_data_gated_clk/clk_en_bf_latch,2,0.00024061597690086623,7.3900000000000015,0.9633336605834737,0.0,8.1767073335401e-05,1
x_aq_lsu_top/x_aq_lsu_icc/x_icc_data_gated_clk/SE,0,0.0,0.0,0.0,0.0,,0
x_aq_lsu_top/x_aq_lsu_lfb/biu_lsu_arready,1,0.00012030798845043312,9.919999999999995,1.293135306223011,1.0,-0.07349821562606879,1
x_aq_lsu_top/x_aq_lsu_lfb/biu_lsu_rdata[127:0],0,0.0,0.0,0.0,0.0,,0
x_aq_lsu_top/x_aq_lsu_lfb/biu_lsu_rid[3:0],0,0.0,0.0,0.0,0.0,,0
x_aq_lsu_top/x_aq_lsu_lfb/biu_lsu_rlast,1,0.00012030798845043312,1.2299999999999933,0.16033834946111852,0.0,-0.11407227095261288,1
x_aq_lsu_top/x_aq_lsu_lfb/biu_lsu_rresp[1:0],0,0.0,0.0,0.0,0.0,,0
x_aq_lsu_top/x_aq_lsu_lfb/biu_lsu_rvalid,0,0.0,0.0,0.0,0.0,,0
x_aq_lsu_top/x_aq_lsu_lfb/cp0_lsu_dcache_wb,0,0.0,0.0,0.0,0.0,,0
x_aq_lsu_top/x_aq_lsu_lfb/cp0_lsu_icg_en,0,0.0,0.0,0.0,0.0,,0
x_aq_lsu_top/x_aq_lsu_lfb/cpurst_b,3,0.0003609239653512993,6.4566666666666634,0.8416677043528134,0.3333333333333333,-0.052373008311376444,1
x_aq_lsu_top/x_aq_lsu_lfb/dc_lfb_alias_hit,0,0.0,0.0,0.0,0.0,,0
x_aq_lsu_top/x_aq_lsu_lfb/dc_lfb_alias_idx[1:0],0,0.0,0.0,0.0,0.0,,0
x_aq_lsu_top/x_aq_lsu_lfb/dc_lfb_amo_func[4:0],5,0.0006015399422521655,8.994000000000005,1.172425296791308,0.2,-0.03519355219326104,3
x_aq_lsu_top/x_aq_lsu_lfb/dc_lfb_amo_inst,0,0.0,0.0,0.0,0.0,,0
x_aq_lsu_top/x_aq_lsu_lfb/dc_lfb_attr[2:0],3,0.0003609239653512993,3.4300000000000033,0.4471223891476749,0.0,0.002840715589005555,2
x_aq_lsu_top/x_aq_lsu_lfb/dc_lfb_bytes_vld[7:0],11,0.0013233878729547641,7.787272727272731,1.0151206958491865,0.09090909090909091,0.04731407182155538,7
x_aq_lsu_top/x_aq_lsu_lfb/dc_lfb_ca,1,0.00012030798845043312,2.770000000000003,0.36108717724170836,0.0,0.04920209652021361,1
x_aq_lsu_top/x_aq_lsu_lfb/dc_lfb_create_en,0,0.0,0.0,0.0,0.0,,0
x_aq_lsu_top/x_aq_lsu_lfb/dc_lfb_create_en_gate,0,0.0,0.0,0.0,0.0,,0
x_aq_lsu_top/x_aq_lsu_lfb/dc_lfb_dest_reg[5:0],4,0.00048123195380173246,3.6900000000000004,0.4810150483833583,0.0,-0.04893792179051883,2
x_aq_lsu_top/x_aq_lsu_lfb/dc_lfb_ele_size[1:0],8,0.0009624639076034649,7.621250000000005,0.9934785738459814,0.125,0.047910017754930444,2
x_aq_lsu_top/x_aq_lsu_lfb/dc_lfb_fls,2,0.00024061597690086623,5.050000000000001,0.6582997274623196,0.0,-0.04891464740260073,1
x_aq_lsu_top/x_aq_lsu_lfb/dc_lfb_hit_way[3:0],0,0.0,0.0,0.0,0.0,,0
x_aq_lsu_top/x_aq_lsu_lfb/dc_lfb_inst_ld,0,0.0,0.0,0.0,0.0,,0
x_aq_lsu_top/x_aq_lsu_lfb/dc_lfb_lock,0,0.0,0.0,0.0,0.0,,0
x_aq_lsu_top/x_aq_lsu_lfb/dc_lfb_pa[39:0],4,0.00048123195380173246,6.417500000000001,0.8365620794038487,0.0,0.049288993232723566,6
x_aq_lsu_top/x_aq_lsu_lfb/dc_lfb_priv_mode[1:0],2,0.00024061597690086623,3.7600000000000033,0.49013999510065814,0.0,-0.011226700708829732,1
x_aq_lsu_top/x_aq_lsu_lfb/dc_lfb_ptw,0,0.0,0.0,0.0,0.0,,0
x_aq_lsu_top/x_aq_lsu_lfb/dc_lfb_sew[1:0],0,0.0,0.0,0.0,0.0,,0
x_aq_lsu_top/x_aq_lsu_lfb/dc_lfb_shift[3:0],0,0.0,0.0,0.0,0.0,,0
x_aq_lsu_top/x_aq_lsu_lfb/dc_lfb_sign_ext,3,0.0003609239653512993,12.643333333333336,1.648139185653187,0.0,-0.040199056800737556,1
x_aq_lsu_top/x_aq_lsu_lfb/dc_lfb_size[1:0],8,0.0009624639076034649,7.621250000000005,0.9934785738459814,0.125,0.047910017754930444,2
x_aq_lsu_top/x_aq_lsu_lfb/dc_lfb_split,0,0.0,0.0,0.0,0.0,,0
x_aq_lsu_top/x_aq_lsu_lfb/dc_lfb_split_last,0,0.0,0.0,0.0,0.0,,0
x_aq_lsu_top/x_aq_lsu_lfb/dc_lfb_st_id[1:0],0,0.0,0.0,0.0,0.0,,0
x_aq_lsu_top/x_aq_lsu_lfb/dc_lfb_vfunc[7:0],2,0.00024061597690086623,3.7600000000000033,0.49013999510065814,0.0,-0.011206854623872171,2
x_aq_lsu_top/x_aq_lsu_lfb/dc_lfb_virt_idx[1:0],2,0.00024061597690086623,3.6199999999999974,0.4718901016660584,0.0,0.048840917826710545,1
x_aq_lsu_top/x_aq_lsu_lfb/dc_lfb_vl_val[6:0],0,0.0,0.0,0.0,0.0,,0
x_aq_lsu_top/x_aq_lsu_lfb/dc_lfb_vls,0,0.0,0.0,0.0,0.0,,0
x_aq_lsu_top/x_aq_lsu_lfb/dc_lfb_vsplit_last,0,0.0,0.0,0.0,0.0,,0
x_aq_lsu_top/x_aq_lsu_lfb/dc_xx_dest_preg[5:0],4,0.00048123195380173246,3.6900000000000004,0.4810150483833583,0.0,-0.04893792179051883,2
x_aq_lsu_top/x_aq_lsu_lfb/dc_xx_pa[39:0],4,0.00048123195380173246,6.417500000000001,0.8365620794038487,0.0,0.049288993232723566,6
x_aq_lsu_top/x_aq_lsu_lfb/forever_cpuclk,0,0.0,0.0,0.0,0.0,,0
x_aq_lsu_top/x_aq_lsu_lfb/ifu_lsu_warm_up,2,0.00024061597690086623,7.3900000000000015,0.9633336605834737,0.0,8.1767073335401e-05,1
x_aq_lsu_top/x_aq_lsu_lfb/lfb_arb_data02_idx[13:0],2,0.00024061597690086623,10.350000000000001,1.3491885503435659,0.0,-0.011305884758410623,2
x_aq_lsu_top/x_aq_lsu_lfb/lfb_arb_data0_req,0,0.0,0.0,0.0,0.0,,0
x_aq_lsu_top/x_aq_lsu_lfb/lfb_arb_data13_idx[13:0],0,0.0,0.0,0.0,0.0,,0
x_aq_lsu_top/x_aq_lsu_lfb/lfb_arb_data1_req,0,0.0,0.0,0.0,0.0,,0
x_aq_lsu_top/x_aq_lsu_lfb/lfb_arb_data2_req,0,0.0,0.0,0.0,0.0,,0
x_aq_lsu_top/x_aq_lsu_lfb/lfb_arb_data3_req,0,0.0,0.0,0.0,0.0,,0
x_aq_lsu_top/x_aq_lsu_lfb/lfb_arb_data_din[127:0],0,0.0,0.0,0.0,0.0,,0
x_aq_lsu_top/x_aq_lsu_lfb/lfb_arb_data_way[3:0],0,0.0,0.0,0.0,0.0,,0
x_aq_lsu_top/x_aq_lsu_lfb/lfb_arb_data_wen[7:0],0,0.0,0.0,0.0,0.0,,0
x_aq_lsu_top/x_aq_lsu_lfb/lfb_arb_dcache_sel,0,0.0,0.0,0.0,0.0,,0
x_aq_lsu_top/x_aq_lsu_lfb/lfb_arb_dirty_din[7:0],2,0.00024061597690086623,10.350000000000001,1.3491885503435659,0.0,-0.011295275815344707,3
x_aq_lsu_top/x_aq_lsu_lfb/lfb_arb_dirty_idx[13:0],0,0.0,0.0,0.0,0.0,,0
x_aq_lsu_top/x_aq_lsu_lfb/lfb_arb_dirty_req,0,0.0,0.0,0.0,0.0,,0
x_aq_lsu_top/x_aq_lsu_lfb/lfb_arb_dirty_wen[7:0],0,0.0,0.0,0.0,0.0,,0
x_aq_lsu_top/x_aq_lsu_lfb/lfb_arb_tag_din[29:0],0,0.0,0.0,0.0,0.0,,0
x_aq_lsu_top/x_aq_lsu_lfb/lfb_arb_tag_idx[11:0],0,0.0,0.0,0.0,0.0,,0
x_aq_lsu_top/x_aq_lsu_lfb/lfb_arb_tag_req,0,0.0,0.0,0.0,0.0,,0
x_aq_lsu_top/x_aq_lsu_lfb/lfb_arb_tag_sel[3:0],1,0.00012030798845043312,14.430000000000001,1.8810425875804497,0.0,-0.011463322603922455,1
x_aq_lsu_top/x_aq_lsu_lfb/lfb_arb_tag_way[3:0],0,0.0,0.0,0.0,0.0,,0
x_aq_lsu_top/x_aq_lsu_lfb/lfb_arb_tag_wen,1,0.00012030798845043312,14.430000000000001,1.8810425875804497,0.0,-0.011463322603922455,1
x_aq_lsu_top/x_aq_lsu_lfb/lfb_dbginfo[55:0],2,0.00024061597690086623,3.7600000000000033,0.49013999510065814,0.0,-0.011206854623871694,32
x_aq_lsu_top/x_aq_lsu_lfb/lfb_dc_amo_func[4:0],0,0.0,0.0,0.0,0.0,,0
x_aq_lsu_top/x_aq_lsu_lfb/lfb_dc_amo_inst,0,0.0,0.0,0.0,0.0,,0
x_aq_lsu_top/x_aq_lsu_lfb/lfb_dc_bus_err,0,0.0,0.0,0.0,0.0,,0
x_aq_lsu_top/x_aq_lsu_lfb/lfb_dc_bytes_vld[7:0],1,0.00012030798845043312,14.430000000000001,1.8810425875804497,0.0,-0.011463322603922455,1
x_aq_lsu_top/x_aq_lsu_lfb/lfb_dc_data[63:0],0,0.0,0.0,0.0,0.0,,0
x_aq_lsu_top/x_aq_lsu_lfb/lfb_dc_data_shift[3:0],0,0.0,0.0,0.0,0.0,,0
x_aq_lsu_top/x_aq_lsu_lfb/lfb_dc_data_vld,0,0.0,0.0,0.0,0.0,,0
x_aq_lsu_top/x_aq_lsu_lfb/lfb_dc_dest_reg[5:0],2,0.00024061597690086623,10.350000000000001,1.3491885503435659,0.0,-0.011305884758410623,2
x_aq_lsu_top/x_aq_lsu_lfb/lfb_dc_ele_size[1:0],0,0.0,0.0,0.0,0.0,,0
x_aq_lsu_top/x_aq_lsu_lfb/lfb_dc_fls,1,0.00012030798845043312,14.430000000000001,1.8810425875804497,0.0,-0.011463322603922455,1
x_aq_lsu_top/x_aq_lsu_lfb/lfb_dc_full,0,0.0,0.0,0.0,0.0,,0
x_aq_lsu_top/x_aq_lsu_lfb/lfb_dc_hit_addr,0,0.0,0.0,0.0,0.0,,0
x_aq_lsu_top/x_aq_lsu_lfb/lfb_dc_hit_idx,0,0.0,0.0,0.0,0.0,,0
x_aq_lsu_top/x_aq_lsu_lfb/lfb_dc_hit_preg,0,0.0,0.0,0.0,0.0,,0
x_aq_lsu_top/x_aq_lsu_lfb/lfb_dc_lock,0,0.0,0.0,0.0,0.0,,0
x_aq_lsu_top/x_aq_lsu_lfb/lfb_dc_mtval[39:0],0,0.0,0.0,0.0,0.0,,0
x_aq_lsu_top/x_aq_lsu_lfb/lfb_dc_pop_en,0,0.0,0.0,0.0,0.0,,0
x_aq_lsu_top/x_aq_lsu_lfb/lfb_dc_ptw,0,0.0,0.0,0.0,0.0,,0
x_aq_lsu_top/x_aq_lsu_lfb/lfb_dc_sew[1:0],0,0.0,0.0,0.0,0.0,,0
x_aq_lsu_top/x_aq_lsu_lfb/lfb_dc_sign_ext,0,0.0,0.0,0.0,0.0,,0
x_aq_lsu_top/x_aq_lsu_lfb/lfb_dc_size[1:0],0,0.0,0.0,0.0,0.0,,0
x_aq_lsu_top/x_aq_lsu_lfb/lfb_dc_so_vld,0,0.0,0.0,0.0,0.0,,0
x_aq_lsu_top/x_aq_lsu_lfb/lfb_dc_split,0,0.0,0.0,0.0,0.0,,0
x_aq_lsu_top/x_aq_lsu_lfb/lfb_dc_split_first,0,0.0,0.0,0.0,0.0,,0
x_aq_lsu_top/x_aq_lsu_lfb/lfb_dc_split_second,0,0.0,0.0,0.0,0.0,,0
x_aq_lsu_top/x_aq_lsu_lfb/lfb_dc_stb_id[1:0],0,0.0,0.0,0.0,0.0,,0
x_aq_lsu_top/x_aq_lsu_lfb/lfb_dc_uncmplt_vreg,0,0.0,0.0,0.0,0.0,,0
x_aq_lsu_top/x_aq_lsu_lfb/lfb_dc_vfunc[7:0],2,0.00024061597690086623,10.350000000000001,1.3491885503435659,0.0,-0.011305884758410524,2
x_aq_lsu_top/x_aq_lsu_lfb/lfb_dc_vl_update,0,0.0,0.0,0.0,0.0,,0
x_aq_lsu_top/x_aq_lsu_lfb/lfb_dc_vl_val[6:0],0,0.0,0.0,0.0,0.0,,0
x_aq_lsu_top/x_aq_lsu_lfb/lfb_dc_vls,0,0.0,0.0,0.0,0.0,,0
x_aq_lsu_top/x_aq_lsu_lfb/lfb_dc_vsplit_last,0,0.0,0.0,0.0,0.0,,0
x_aq_lsu_top/x_aq_lsu_lfb/lfb_pfb_cache_hit[4:0],0,0.0,0.0,0.0,0.0,,0
x_aq_lsu_top/x_aq_lsu_lfb/lfb_pfb_cache_miss[4:0],0,0.0,0.0,0.0,0.0,,0
x_aq_lsu_top/x_aq_lsu_lfb/lfb_pfb_grant,1,0.00012030798845043312,1.2299999999999933,0.16033834946111852,0.0,-0.11407227095261288,1
x_aq_lsu_top/x_aq_lsu_lfb/lfb_pfb_hit_idx,0,0.0,0.0,0.0,0.0,,0
x_aq_lsu_top/x_aq_lsu_lfb/lfb_rdl_alias_hit,0,0.0,0.0,0.0,0.0,,0
x_aq_lsu_top/x_aq_lsu_lfb/lfb_rdl_alias_idx[1:0],0,0.0,0.0,0.0,0.0,,0
x_aq_lsu_top/x_aq_lsu_lfb/lfb_rdl_ca,1,0.00012030798845043312,6.270000000000003,0.8173345131066823,0.0,-0.0111453056014091,1
x_aq_lsu_top/x_aq_lsu_lfb/lfb_rdl_id[2:0],0,0.0,0.0,0.0,0.0,,0
x_aq_lsu_top/x_aq_lsu_lfb/lfb_rdl_idx[13:0],0,0.0,0.0,0.0,0.0,,0
x_aq_lsu_top/x_aq_lsu_lfb/lfb_rdl_no_ld,1,0.00012030798845043312,41.400000000000006,5.3967542013742635,1.0,-0.14861602140388885,1
x_aq_lsu_top/x_aq_lsu_lfb/lfb_rdl_req,0,0.0,0.0,0.0,0.0,,0
x_aq_lsu_top/x_aq_lsu_lfb/lfb_rdl_tag[27:0],0,0.0,0.0,0.0,0.0,,0
x_aq_lsu_top/x_aq_lsu_lfb/lfb_rdl_type[1:0],1,0.00012030798845043312,6.270000000000003,0.8173345131066823,0.0,-0.0111453056014091,1
x_aq_lsu_top/x_aq_lsu_lfb/lfb_rdl_way[3:0],0,0.0,0.0,0.0,0.0,,0
x_aq_lsu_top/x_aq_lsu_lfb/lfb_stb_done,0,0.0,0.0,0.0,0.0,,0
x_aq_lsu_top/x_aq_lsu_lfb/lfb_stb_err,0,0.0,0.0,0.0,0.0,,0
x_aq_lsu_top/x_aq_lsu_lfb/lfb_stb_fifo[3:0],0,0.0,0.0,0.0,0.0,,0
x_aq_lsu_top/x_aq_lsu_lfb/lfb_stb_id[1:0],0,0.0,0.0,0.0,0.0,,0
x_aq_lsu_top/x_aq_lsu_lfb/lfb_vb_araddr_5_4[1:0],0,0.0,0.0,0.0,0.0,,0
x_aq_lsu_top/x_aq_lsu_lfb/lfb_vb_arid[2:0],0,0.0,0.0,0.0,0.0,,0
x_aq_lsu_top/x_aq_lsu_lfb/lfb_vb_arvalid,0,0.0,0.0,0.0,0.0,,0
x_aq_lsu_top/x_aq_lsu_lfb/lfb_vb_rready,1,0.00012030798845043312,1.2299999999999933,0.16033834946111852,0.0,-0.11407227095261288,1
x_aq_lsu_top/x_aq_lsu_lfb/lfb_xx_idle,1,0.00012030798845043312,41.400000000000006,5.3967542013742635,1.0,-0.14861602140388885,1
x_aq_lsu_top/x_aq_lsu_lfb/lfb_xx_no_op,1,0.00012030798845043312,41.400000000000006,5.3967542013742635,1.0,-0.14861602140388885,1
x_aq_lsu_top/x_aq_lsu_lfb/lsu_biu_araddr[39:0],0,0.0,0.0,0.0,0.0,,0
x_aq_lsu_top/x_aq_lsu_lfb/lsu_biu_arburst[1:0],3,0.0003609239653512993,2.9166666666666665,0.3802061132208116,0.0,-0.005273875974185308,2
x_aq_lsu_top/x_aq_lsu_lfb/lsu_biu_arcache[3:0],2,0.00024061597690086623,3.7600000000000033,0.49013999510065814,0.0,-0.01120685462387242,3
x_aq_lsu_top/x_aq_lsu_lfb/lsu_biu_arid[3:0],3,0.0003609239653512993,2.9166666666666665,0.3802061132208116,0.0,0.0006978804405999615,2
x_aq_lsu_top/x_aq_lsu_lfb/lsu_biu_arlen[1:0],2,0.00024061597690086623,3.7600000000000033,0.49013999510065814,0.0,-0.011226700708829732,1
x_aq_lsu_top/x_aq_lsu_lfb/lsu_biu_arprot[2:0],1,0.00012030798845043312,1.2299999999999933,0.16033834946111852,0.0,-0.11407227095261288,1
x_aq_lsu_top/x_aq_lsu_lfb/lsu_biu_arsize[2:0],2,0.00024061597690086623,3.7600000000000033,0.49013999510065814,0.0,-0.011206854623872258,2
x_aq_lsu_top/x_aq_lsu_lfb/lsu_biu_aruser,0,0.0,0.0,0.0,0.0,,0
x_aq_lsu_top/x_aq_lsu_lfb/lsu_biu_arvalid,0,0.0,0.0,0.0,0.0,,0
x_aq_lsu_top/x_aq_lsu_lfb/pad_yy_icg_scan_en,0,0.0,0.0,0.0,0.0,,0
x_aq_lsu_top/x_aq_lsu_lfb/pfb_lfb_id[4:0],0,0.0,0.0,0.0,0.0,,0
x_aq_lsu_top/x_aq_lsu_lfb/pfb_lfb_pa[39:0],0,0.0,0.0,0.0,0.0,,0
x_aq_lsu_top/x_aq_lsu_lfb/pfb_lfb_priv_mode[1:0],0,0.0,0.0,0.0,0.0,,0
x_aq_lsu_top/x_aq_lsu_lfb/pfb_lfb_req,0,0.0,0.0,0.0,0.0,,0
x_aq_lsu_top/x_aq_lsu_lfb/pfb_lfb_req_gate,0,0.0,0.0,0.0,0.0,,0
x_aq_lsu_top/x_aq_lsu_lfb/pfb_lfb_virt_idx[1:0],0,0.0,0.0,0.0,0.0,,0
x_aq_lsu_top/x_aq_lsu_lfb/pfb_lfb_wb,0,0.0,0.0,0.0,0.0,,0
x_aq_lsu_top/x_aq_lsu_lfb/pfb_xx_pa[39:0],0,0.0,0.0,0.0,0.0,,0
x_aq_lsu_top/x_aq_lsu_lfb/rdl_lfb_alias_hit,0,0.0,0.0,0.0,0.0,,0
x_aq_lsu_top/x_aq_lsu_lfb/rdl_lfb_cache_hit,0,0.0,0.0,0.0,0.0,,0
x_aq_lsu_top/x_aq_lsu_lfb/rdl_lfb_cmplt,0,0.0,0.0,0.0,0.0,,0
x_aq_lsu_top/x_aq_lsu_lfb/rdl_lfb_grant,1,0.00012030798845043312,41.400000000000006,5.3967542013742635,1.0,-0.14861602140388885,1
x_aq_lsu_top/x_aq_lsu_lfb/rdl_lfb_ref_fifo[3:0],1,0.00012030798845043312,6.270000000000003,0.8173345131066823,0.0,-0.0111453056014091,1
x_aq_lsu_top/x_aq_lsu_lfb/rtu_yy_xx_async_flush,0,0.0,0.0,0.0,0.0,,0
x_aq_lsu_top/x_aq_lsu_lfb/vb_lfb_arready,0,0.0,0.0,0.0,0.0,,0
x_aq_lsu_top/x_aq_lsu_lfb/vb_lfb_dirty,1,0.00012030798845043312,6.270000000000003,0.8173345131066823,0.0,-0.0111453056014091,1
x_aq_lsu_top/x_aq_lsu_lfb/vb_lfb_rdata[127:0],0,0.0,0.0,0.0,0.0,,0
x_aq_lsu_top/x_aq_lsu_lfb/vb_lfb_rid[3:0],2,0.00024061597690086623,3.7600000000000033,0.49013999510065814,0.0,-0.011206854623872258,2
x_aq_lsu_top/x_aq_lsu_lfb/vb_lfb_rlast,0,0.0,0.0,0.0,0.0,,0
x_aq_lsu_top/x_aq_lsu_lfb/vb_lfb_rvalid,0,0.0,0.0,0.0,0.0,,0
x_aq_lsu_top/x_aq_lsu_lfb/ar_ld,0,0.0,0.0,0.0,0.0,,0
x_aq_lsu_top/x_aq_lsu_lfb/ar_wo,1,0.00012030798845043312,6.270000000000003,0.8173345131066823,0.0,-0.0111453056014091,1
x_aq_lsu_top/x_aq_lsu_lfb/arb_rdata[127:0],0,0.0,0.0,0.0,0.0,,0
x_aq_lsu_top/x_aq_lsu_lfb/arb_rdirty,1,0.00012030798845043312,6.270000000000003,0.8173345131066823,0.0,-0.0111453056014091,1
x_aq_lsu_top/x_aq_lsu_lfb/arb_rid[3:0],2,0.00024061597690086623,3.7600000000000033,0.49013999510065814,0.0,-0.011206854623872258,2
x_aq_lsu_top/x_aq_lsu_lfb/arb_rlast,0,0.0,0.0,0.0,0.0,,0
x_aq_lsu_top/x_aq_lsu_lfb/arb_rresp[1:0],0,0.0,0.0,0.0,0.0,,0
x_aq_lsu_top/x_aq_lsu_lfb/arb_rvalid,0,0.0,0.0,0.0,0.0,,0
x_aq_lsu_top/x_aq_lsu_lfb/arid_ld[3:0],1,0.00012030798845043312,1.2299999999999933,0.16033834946111852,0.0,0.11407227095261616,2
x_aq_lsu_top/x_aq_lsu_lfb/arready,0,0.0,0.0,0.0,0.0,,0
x_aq_lsu_top/x_aq_lsu_lfb/biu_ld_wo,0,0.0,0.0,0.0,0.0,,0
x_aq_lsu_top/x_aq_lsu_lfb/bus_acc_err,0,0.0,0.0,0.0,0.0,,0
x_aq_lsu_top/x_aq_lsu_lfb/bus_cmplt[7:0],0,0.0,0.0,0.0,0.0,,0
x_aq_lsu_top/x_aq_lsu_lfb/bus_grant[7:0],0,0.0,0.0,0.0,0.0,,0
x_aq_lsu_top/x_aq_lsu_lfb/bus_ptr_inc,0,0.0,0.0,0.0,0.0,,0
x_aq_lsu_top/x_aq_lsu_lfb/bus_req,0,0.0,0.0,0.0,0.0,,0
x_aq_lsu_top/x_aq_lsu_lfb/data02_addr_3,1,0.00012030798845043312,14.430000000000001,1.8810425875804497,0.0,-0.011463322603922455,1
x_aq_lsu_top/x_aq_lsu_lfb/data13_addr_3,0,0.0,0.0,0.0,0.0,,0
x_aq_lsu_top/x_aq_lsu_lfb/data_sel[1:0],0,0.0,0.0,0.0,0.0,,0
x_aq_lsu_top/x_aq_lsu_lfb/dc_hit_lfb_addr[7:0],0,0.0,0.0,0.0,0.0,,0
x_aq_lsu_top/x_aq_lsu_lfb/dc_hit_lfb_idx[7:0],0,0.0,0.0,0.0,0.0,,0
x_aq_lsu_top/x_aq_lsu_lfb/dc_hit_lfb_preg[7:0],0,0.0,0.0,0.0,0.0,,0
x_aq_lsu_top/x_aq_lsu_lfb/dc_hit_lfb_so[7:0],0,0.0,0.0,0.0,0.0,,0
x_aq_lsu_top/x_aq_lsu_lfb/dc_hit_lfb_vreg[7:0],0,0.0,0.0,0.0,0.0,,0
x_aq_lsu_top/x_aq_lsu_lfb/dc_sel,0,0.0,0.0,0.0,0.0,,0
x_aq_lsu_top/x_aq_lsu_lfb/ld_sel[7:0],1,0.00012030798845043312,14.430000000000001,1.8810425875804497,0.0,-0.011463322603922455,1
x_aq_lsu_top/x_aq_lsu_lfb/lfb_clk,0,0.0,0.0,0.0,0.0,,0
x_aq_lsu_top/x_aq_lsu_lfb/lfb_clk_en,0,0.0,0.0,0.0,0.0,,0
x_aq_lsu_top/x_aq_lsu_lfb/lfb_create_alias_hit,0,0.0,0.0,0.0,0.0,,0
x_aq_lsu_top/x_aq_lsu_lfb/lfb_create_alias_idx[1:0],0,0.0,0.0,0.0,0.0,,0
x_aq_lsu_top/x_aq_lsu_lfb/lfb_create_alias_way[3:0],0,0.0,0.0,0.0,0.0,,0
x_aq_lsu_top/x_aq_lsu_lfb/lfb_create_amo_func[4:0],5,0.0006015399422521655,8.994000000000005,1.172425296791308,0.2,-0.03519355219326104,3
x_aq_lsu_top/x_aq_lsu_lfb/lfb_create_amo_inst,0,0.0,0.0,0.0,0.0,,0
x_aq_lsu_top/x_aq_lsu_lfb/lfb_create_attr[2:0],2,0.00024061597690086623,26.745000000000005,3.48638142791678,1.0,-0.14008442781251784,3
x_aq_lsu_top/x_aq_lsu_lfb/lfb_create_bytes_vld[7:0],11,0.0013233878729547641,7.787272727272731,1.0151206958491865,0.09090909090909091,0.04731407182155538,7
x_aq_lsu_top/x_aq_lsu_lfb/lfb_create_ca,1,0.00012030798845043312,12.09,1.5760086544592955,1.0,-0.12617851730880866,1
x_aq_lsu_top/x_aq_lsu_lfb/lfb_create_dest_reg[5:0],4,0.00048123195380173246,3.6900000000000004,0.4810150483833583,0.0,-0.04893792179051883,2
x_aq_lsu_top/x_aq_lsu_lfb/lfb_create_ele_size[1:0],8,0.0009624639076034649,7.621250000000005,0.9934785738459814,0.125,0.047910017754930444,2
x_aq_lsu_top/x_aq_lsu_lfb/lfb_create_en[7:0],0,0.0,0.0,0.0,0.0,,0
x_aq_lsu_top/x_aq_lsu_lfb/lfb_create_en_gate[7:0],0,0.0,0.0,0.0,0.0,,0
x_aq_lsu_top/x_aq_lsu_lfb/lfb_create_fls,2,0.00024061597690086623,5.050000000000001,0.6582997274623196,0.0,-0.04891464740260073,1
x_aq_lsu_top/x_aq_lsu_lfb/lfb_create_ld,0,0.0,0.0,0.0,0.0,,0
x_aq_lsu_top/x_aq_lsu_lfb/lfb_create_lock,0,0.0,0.0,0.0,0.0,,0
x_aq_lsu_top/x_aq_lsu_lfb/lfb_create_pa[39:0],0,0.0,0.0,0.0,0.0,,0
x_aq_lsu_top/x_aq_lsu_lfb/lfb_create_pf,1,0.00012030798845043312,12.09,1.5760086544592955,1.0,-0.12617851730880866,1
x_aq_lsu_top/x_aq_lsu_lfb/lfb_create_pfb_id[4:0],0,0.0,0.0,0.0,0.0,,0
x_aq_lsu_top/x_aq_lsu_lfb/lfb_create_priv_mode[1:0],0,0.0,0.0,0.0,0.0,,0
x_aq_lsu_top/x_aq_lsu_lfb/lfb_create_ptw,0,0.0,0.0,0.0,0.0,,0
x_aq_lsu_top/x_aq_lsu_lfb/lfb_create_sel[7:0],1,0.00012030798845043312,1.2299999999999933,0.16033834946111852,0.0,-0.11407227095261288,1
x_aq_lsu_top/x_aq_lsu_lfb/lfb_create_sew[1:0],0,0.0,0.0,0.0,0.0,,0
x_aq_lsu_top/x_aq_lsu_lfb/lfb_create_shift[3:0],0,0.0,0.0,0.0,0.0,,0
x_aq_lsu_top/x_aq_lsu_lfb/lfb_create_sign_ext,3,0.0003609239653512993,12.643333333333336,1.648139185653187,0.0,-0.040199056800737556,1
x_aq_lsu_top/x_aq_lsu_lfb/lfb_create_size[1:0],8,0.0009624639076034649,7.621250000000005,0.9934785738459814,0.125,0.047910017754930444,2
x_aq_lsu_top/x_aq_lsu_lfb/lfb_create_split,0,0.0,0.0,0.0,0.0,,0
x_aq_lsu_top/x_aq_lsu_lfb/lfb_create_split_last,0,0.0,0.0,0.0,0.0,,0
x_aq_lsu_top/x_aq_lsu_lfb/lfb_create_stbid[1:0],0,0.0,0.0,0.0,0.0,,0
x_aq_lsu_top/x_aq_lsu_lfb/lfb_create_vfunc[7:0],2,0.00024061597690086623,3.7600000000000033,0.49013999510065814,0.0,-0.011206854623872171,2
x_aq_lsu_top/x_aq_lsu_lfb/lfb_create_virt_idx[1:0],0,0.0,0.0,0.0,0.0,,0
x_aq_lsu_top/x_aq_lsu_lfb/lfb_create_vl_val[6:0],0,0.0,0.0,0.0,0.0,,0
x_aq_lsu_top/x_aq_lsu_lfb/lfb_create_vld,0,0.0,0.0,0.0,0.0,,0
x_aq_lsu_top/x_aq_lsu_lfb/lfb_create_vld_gate,0,0.0,0.0,0.0,0.0,,0
x_aq_lsu_top/x_aq_lsu_lfb/lfb_create_vls,0,0.0,0.0,0.0,0.0,,0
x_aq_lsu_top/x_aq_lsu_lfb/lfb_create_vsplit_last,0,0.0,0.0,0.0,0.0,,0
x_aq_lsu_top/x_aq_lsu_lfb/lfb_create_wb,0,0.0,0.0,0.0,0.0,,0
x_aq_lsu_top/x_aq_lsu_lfb/lfb_entry0_arbus[54:0],2,0.00024061597690086623,3.7600000000000033,0.49013999510065814,0.0,-0.011206854623872435,6
x_aq_lsu_top/x_aq_lsu_lfb/lfb_entry0_dbginfo[6:0],2,0.00024061597690086623,3.7600000000000033,0.49013999510065814,0.0,-0.011206854623871793,4
x_aq_lsu_top/x_aq_lsu_lfb/lfb_entry0_ldbus[36:0],2,0.00024061597690086623,10.350000000000001,1.3491885503435659,0.0,-0.011305884758410422,6
x_aq_lsu_top/x_aq_lsu_lfb/lfb_entry0_mtval[39:0],0,0.0,0.0,0.0,0.0,,0
x_aq_lsu_top/x_aq_lsu_lfb/lfb_entry0_rdl_bus[50:0],2,0.00024061597690086623,3.7600000000000033,0.49013999510065814,0.0,-0.011206854623872189,3
x_aq_lsu_top/x_aq_lsu_lfb/lfb_entry0_refbus[44:0],2,0.00024061597690086623,3.7600000000000033,0.49013999510065814,0.0,-0.011206854623872258,2
x_aq_lsu_top/x_aq_lsu_lfb/lfb_entry0_stbus[6:0],0,0.0,0.0,0.0,0.0,,0
x_aq_lsu_top/x_aq_lsu_lfb/lfb_entry0_vldbus[20:0],2,0.00024061597690086623,10.350000000000001,1.3491885503435659,0.0,-0.011305884758410524,2
x_aq_lsu_top/x_aq_lsu_lfb/lfb_entry1_arbus[54:0],2,0.00024061597690086623,3.7600000000000033,0.49013999510065814,0.0,-0.011206854623872435,6
x_aq_lsu_top/x_aq_lsu_lfb/lfb_entry1_dbginfo[6:0],2,0.00024061597690086623,3.7600000000000033,0.49013999510065814,0.0,-0.011206854623871793,4
x_aq_lsu_top/x_aq_lsu_lfb/lfb_entry1_ldbus[36:0],2,0.00024061597690086623,10.350000000000001,1.3491885503435659,0.0,-0.011305884758410422,6
x_aq_lsu_top/x_aq_lsu_lfb/lfb_entry1_mtval[39:0],0,0.0,0.0,0.0,0.0,,0
x_aq_lsu_top/x_aq_lsu_lfb/lfb_entry1_rdl_bus[50:0],2,0.00024061597690086623,3.7600000000000033,0.49013999510065814,0.0,-0.011206854623872189,3
x_aq_lsu_top/x_aq_lsu_lfb/lfb_entry1_refbus[44:0],2,0.00024061597690086623,3.7600000000000033,0.49013999510065814,0.0,-0.011206854623872258,2
x_aq_lsu_top/x_aq_lsu_lfb/lfb_entry1_stbus[6:0],0,0.0,0.0,0.0,0.0,,0
x_aq_lsu_top/x_aq_lsu_lfb/lfb_entry1_vldbus[20:0],2,0.00024061597690086623,10.350000000000001,1.3491885503435659,0.0,-0.011305884758410524,2
x_aq_lsu_top/x_aq_lsu_lfb/lfb_entry2_arbus[54:0],2,0.00024061597690086623,3.7600000000000033,0.49013999510065814,0.0,-0.011206854623872435,6
x_aq_lsu_top/x_aq_lsu_lfb/lfb_entry2_dbginfo[6:0],2,0.00024061597690086623,3.7600000000000033,0.49013999510065814,0.0,-0.011206854623871793,4
x_aq_lsu_top/x_aq_lsu_lfb/lfb_entry2_ldbus[36:0],2,0.00024061597690086623,10.350000000000001,1.3491885503435659,0.0,-0.011305884758410422,6
x_aq_lsu_top/x_aq_lsu_lfb/lfb_entry2_mtval[39:0],0,0.0,0.0,0.0,0.0,,0
x_aq_lsu_top/x_aq_lsu_lfb/lfb_entry2_rdl_bus[50:0],2,0.00024061597690086623,3.7600000000000033,0.49013999510065814,0.0,-0.011206854623872189,3
x_aq_lsu_top/x_aq_lsu_lfb/lfb_entry2_refbus[44:0],2,0.00024061597690086623,3.7600000000000033,0.49013999510065814,0.0,-0.011206854623872258,2
x_aq_lsu_top/x_aq_lsu_lfb/lfb_entry2_stbus[6:0],0,0.0,0.0,0.0,0.0,,0
x_aq_lsu_top/x_aq_lsu_lfb/lfb_entry2_vldbus[20:0],2,0.00024061597690086623,10.350000000000001,1.3491885503435659,0.0,-0.011305884758410524,2
x_aq_lsu_top/x_aq_lsu_lfb/lfb_entry3_arbus[54:0],2,0.00024061597690086623,3.7600000000000033,0.49013999510065814,0.0,-0.011206854623872435,6
x_aq_lsu_top/x_aq_lsu_lfb/lfb_entry3_dbginfo[6:0],2,0.00024061597690086623,3.7600000000000033,0.49013999510065814,0.0,-0.011206854623871793,4
x_aq_lsu_top/x_aq_lsu_lfb/lfb_entry3_ldbus[36:0],2,0.00024061597690086623,10.350000000000001,1.3491885503435659,0.0,-0.011305884758410422,6
x_aq_lsu_top/x_aq_lsu_lfb/lfb_entry3_mtval[39:0],0,0.0,0.0,0.0,0.0,,0
x_aq_lsu_top/x_aq_lsu_lfb/lfb_entry3_rdl_bus[50:0],2,0.00024061597690086623,3.7600000000000033,0.49013999510065814,0.0,-0.011206854623872189,3
x_aq_lsu_top/x_aq_lsu_lfb/lfb_entry3_refbus[44:0],2,0.00024061597690086623,3.7600000000000033,0.49013999510065814,0.0,-0.011206854623872258,2
x_aq_lsu_top/x_aq_lsu_lfb/lfb_entry3_stbus[6:0],0,0.0,0.0,0.0,0.0,,0
x_aq_lsu_top/x_aq_lsu_lfb/lfb_entry3_vldbus[20:0],2,0.00024061597690086623,10.350000000000001,1.3491885503435659,0.0,-0.011305884758410524,2
x_aq_lsu_top/x_aq_lsu_lfb/lfb_entry4_arbus[54:0],2,0.00024061597690086623,3.7600000000000033,0.49013999510065814,0.0,-0.011206854623872435,6
x_aq_lsu_top/x_aq_lsu_lfb/lfb_entry4_dbginfo[6:0],2,0.00024061597690086623,3.7600000000000033,0.49013999510065814,0.0,-0.011206854623871793,4
x_aq_lsu_top/x_aq_lsu_lfb/lfb_entry4_ldbus[36:0],2,0.00024061597690086623,10.350000000000001,1.3491885503435659,0.0,-0.011305884758410422,6
x_aq_lsu_top/x_aq_lsu_lfb/lfb_entry4_mtval[39:0],0,0.0,0.0,0.0,0.0,,0
x_aq_lsu_top/x_aq_lsu_lfb/lfb_entry4_rdl_bus[50:0],2,0.00024061597690086623,3.7600000000000033,0.49013999510065814,0.0,-0.011206854623872189,3
x_aq_lsu_top/x_aq_lsu_lfb/lfb_entry4_refbus[44:0],2,0.00024061597690086623,3.7600000000000033,0.49013999510065814,0.0,-0.011206854623872258,2
x_aq_lsu_top/x_aq_lsu_lfb/lfb_entry4_stbus[6:0],0,0.0,0.0,0.0,0.0,,0
x_aq_lsu_top/x_aq_lsu_lfb/lfb_entry4_vldbus[20:0],2,0.00024061597690086623,10.350000000000001,1.3491885503435659,0.0,-0.011305884758410524,2
x_aq_lsu_top/x_aq_lsu_lfb/lfb_entry5_arbus[54:0],2,0.00024061597690086623,3.7600000000000033,0.49013999510065814,0.0,-0.011206854623872435,6
x_aq_lsu_top/x_aq_lsu_lfb/lfb_entry5_dbginfo[6:0],2,0.00024061597690086623,3.7600000000000033,0.49013999510065814,0.0,-0.011206854623871793,4
x_aq_lsu_top/x_aq_lsu_lfb/lfb_entry5_ldbus[36:0],2,0.00024061597690086623,10.350000000000001,1.3491885503435659,0.0,-0.011305884758410422,6
x_aq_lsu_top/x_aq_lsu_lfb/lfb_entry5_mtval[39:0],0,0.0,0.0,0.0,0.0,,0
x_aq_lsu_top/x_aq_lsu_lfb/lfb_entry5_rdl_bus[50:0],2,0.00024061597690086623,3.7600000000000033,0.49013999510065814,0.0,-0.011206854623872189,3
x_aq_lsu_top/x_aq_lsu_lfb/lfb_entry5_refbus[44:0],2,0.00024061597690086623,3.7600000000000033,0.49013999510065814,0.0,-0.011206854623872258,2
x_aq_lsu_top/x_aq_lsu_lfb/lfb_entry5_stbus[6:0],0,0.0,0.0,0.0,0.0,,0
x_aq_lsu_top/x_aq_lsu_lfb/lfb_entry5_vldbus[20:0],2,0.00024061597690086623,10.350000000000001,1.3491885503435659,0.0,-0.011305884758410524,2
x_aq_lsu_top/x_aq_lsu_lfb/lfb_entry6_arbus[54:0],2,0.00024061597690086623,3.7600000000000033,0.49013999510065814,0.0,-0.011206854623872435,6
x_aq_lsu_top/x_aq_lsu_lfb/lfb_entry6_dbginfo[6:0],2,0.00024061597690086623,3.7600000000000033,0.49013999510065814,0.0,-0.011206854623871793,4
x_aq_lsu_top/x_aq_lsu_lfb/lfb_entry6_ldbus[36:0],2,0.00024061597690086623,10.350000000000001,1.3491885503435659,0.0,-0.011305884758410422,6
x_aq_lsu_top/x_aq_lsu_lfb/lfb_entry6_mtval[39:0],0,0.0,0.0,0.0,0.0,,0
x_aq_lsu_top/x_aq_lsu_lfb/lfb_entry6_rdl_bus[50:0],2,0.00024061597690086623,3.7600000000000033,0.49013999510065814,0.0,-0.011206854623872189,3
x_aq_lsu_top/x_aq_lsu_lfb/lfb_entry6_refbus[44:0],2,0.00024061597690086623,3.7600000000000033,0.49013999510065814,0.0,-0.011206854623872258,2
x_aq_lsu_top/x_aq_lsu_lfb/lfb_entry6_stbus[6:0],0,0.0,0.0,0.0,0.0,,0
x_aq_lsu_top/x_aq_lsu_lfb/lfb_entry6_vldbus[20:0],2,0.00024061597690086623,10.350000000000001,1.3491885503435659,0.0,-0.011305884758410524,2
x_aq_lsu_top/x_aq_lsu_lfb/lfb_entry7_arbus[54:0],2,0.00024061597690086623,3.7600000000000033,0.49013999510065814,0.0,-0.011206854623872435,6
x_aq_lsu_top/x_aq_lsu_lfb/lfb_entry7_dbginfo[6:0],2,0.00024061597690086623,3.7600000000000033,0.49013999510065814,0.0,-0.011206854623871793,4
x_aq_lsu_top/x_aq_lsu_lfb/lfb_entry7_ldbus[36:0],2,0.00024061597690086623,10.350000000000001,1.3491885503435659,0.0,-0.011305884758410422,6
x_aq_lsu_top/x_aq_lsu_lfb/lfb_entry7_mtval[39:0],0,0.0,0.0,0.0,0.0,,0
x_aq_lsu_top/x_aq_lsu_lfb/lfb_entry7_rdl_bus[50:0],2,0.00024061597690086623,3.7600000000000033,0.49013999510065814,0.0,-0.011206854623872189,3
x_aq_lsu_top/x_aq_lsu_lfb/lfb_entry7_refbus[44:0],2,0.00024061597690086623,3.7600000000000033,0.49013999510065814,0.0,-0.011206854623872258,2
x_aq_lsu_top/x_aq_lsu_lfb/lfb_entry7_stbus[6:0],0,0.0,0.0,0.0,0.0,,0
x_aq_lsu_top/x_aq_lsu_lfb/lfb_entry7_vldbus[20:0],2,0.00024061597690086623,10.350000000000001,1.3491885503435659,0.0,-0.011305884758410524,2
x_aq_lsu_top/x_aq_lsu_lfb/lfb_entry_arvalid[7:0],0,0.0,0.0,0.0,0.0,,0
x_aq_lsu_top/x_aq_lsu_lfb/lfb_entry_bus_rdy[7:0],0,0.0,0.0,0.0,0.0,,0
x_aq_lsu_top/x_aq_lsu_lfb/lfb_entry_ld_wo_stall[7:0],0,0.0,0.0,0.0,0.0,,0
x_aq_lsu_top/x_aq_lsu_lfb/lfb_entry_pop_en[7:0],0,0.0,0.0,0.0,0.0,,0
x_aq_lsu_top/x_aq_lsu_lfb/lfb_entry_rdl_req[7:0],0,0.0,0.0,0.0,0.0,,0
x_aq_lsu_top/x_aq_lsu_lfb/lfb_entry_ref_done[7:0],0,0.0,0.0,0.0,0.0,,0
x_aq_lsu_top/x_aq_lsu_lfb/lfb_entry_vld[7:0],0,0.0,0.0,0.0,0.0,,0
x_aq_lsu_top/x_aq_lsu_lfb/lfb_entry_wb_en[7:0],0,0.0,0.0,0.0,0.0,,0
x_aq_lsu_top/x_aq_lsu_lfb/lfb_fof_not_first,0,0.0,0.0,0.0,0.0,,0
x_aq_lsu_top/x_aq_lsu_lfb/lfb_full,0,0.0,0.0,0.0,0.0,,0
x_aq_lsu_top/x_aq_lsu_lfb/lfb_pfb_id[4:0],0,0.0,0.0,0.0,0.0,,0
x_aq_lsu_top/x_aq_lsu_lfb/lfb_pop_vld,0,0.0,0.0,0.0,0.0,,0
x_aq_lsu_top/x_aq_lsu_lfb/lfb_rclk,0,0.0,0.0,0.0,0.0,,0
x_aq_lsu_top/x_aq_lsu_lfb/lfb_rclk_en,2,0.00024061597690086623,7.3900000000000015,0.9633336605834737,0.0,8.1767073335401e-05,1
x_aq_lsu_top/x_aq_lsu_lfb/lfb_rid_clk,0,0.0,0.0,0.0,0.0,,0
x_aq_lsu_top/x_aq_lsu_lfb/lfb_rid_clk_en,0,0.0,0.0,0.0,0.0,,0
x_aq_lsu_top/x_aq_lsu_lfb/pfb_hit_lfb_idx[7:0],0,0.0,0.0,0.0,0.0,,0
x_aq_lsu_top/x_aq_lsu_lfb/rd_req,0,0.0,0.0,0.0,0.0,,0
x_aq_lsu_top/x_aq_lsu_lfb/rdl_cmplt[7:0],0,0.0,0.0,0.0,0.0,,0
x_aq_lsu_top/x_aq_lsu_lfb/rdl_grant[7:0],1,0.00012030798845043312,1.2299999999999933,0.16033834946111852,0.0,-0.11407227095261288,1
x_aq_lsu_top/x_aq_lsu_lfb/rdl_lfb_pf_vld,0,0.0,0.0,0.0,0.0,,0
x_aq_lsu_top/x_aq_lsu_lfb/rdl_lfb_sel[7:0],1,0.00012030798845043312,1.2299999999999933,0.16033834946111852,0.0,-0.11407227095261288,1
x_aq_lsu_top/x_aq_lsu_lfb/rdl_ptr_inc,0,0.0,0.0,0.0,0.0,,0
x_aq_lsu_top/x_aq_lsu_lfb/ref_cnt[1:0],0,0.0,0.0,0.0,0.0,,0
x_aq_lsu_top/x_aq_lsu_lfb/ref_dirty,1,0.00012030798845043312,14.430000000000001,1.8810425875804497,0.0,-0.011463322603922455,1
x_aq_lsu_top/x_aq_lsu_lfb/ref_first,1,0.00012030798845043312,14.430000000000001,1.8810425875804497,0.0,-0.011463322603922455,1
x_aq_lsu_top/x_aq_lsu_lfb/ref_fourth,0,0.0,0.0,0.0,0.0,,0
x_aq_lsu_top/x_aq_lsu_lfb/ref_offset[1:0],0,0.0,0.0,0.0,0.0,,0
x_aq_lsu_top/x_aq_lsu_lfb/ref_sel[7:0],1,0.00012030798845043312,14.430000000000001,1.8810425875804497,0.0,-0.011463322603922455,1
x_aq_lsu_top/x_aq_lsu_lfb/ref_tag[39:0],0,0.0,0.0,0.0,0.0,,0
x_aq_lsu_top/x_aq_lsu_lfb/ref_vld,0,0.0,0.0,0.0,0.0,,0
x_aq_lsu_top/x_aq_lsu_lfb/rid_fifo_create_en,0,0.0,0.0,0.0,0.0,,0
x_aq_lsu_top/x_aq_lsu_lfb/rid_fifo_pop_en,0,0.0,0.0,0.0,0.0,,0
x_aq_lsu_top/x_aq_lsu_lfb/rid_pf_so[2:0],0,0.0,0.0,0.0,0.0,,0
x_aq_lsu_top/x_aq_lsu_lfb/rid_sel[2:0],0,0.0,0.0,0.0,0.0,,0
x_aq_lsu_top/x_aq_lsu_lfb/vb_req,0,0.0,0.0,0.0,0.0,,0
x_aq_lsu_top/x_aq_lsu_lfb/way0_way2_sel,0,0.0,0.0,0.0,0.0,,0
x_aq_lsu_top/x_aq_lsu_lfb/x_pa_lsu_lfb_gated_clk/clk_in,0,0.0,0.0,0.0,0.0,,0
x_aq_lsu_top/x_aq_lsu_lfb/x_pa_lsu_lfb_gated_clk/global_en,0,0.0,0.0,0.0,0.0,,0
x_aq_lsu_top/x_aq_lsu_lfb/x_pa_lsu_lfb_gated_clk/module_en,0,0.0,0.0,0.0,0.0,,0
x_aq_lsu_top/x_aq_lsu_lfb/x_pa_lsu_lfb_gated_clk/local_en,0,0.0,0.0,0.0,0.0,,0
x_aq_lsu_top/x_aq_lsu_lfb/x_pa_lsu_lfb_gated_clk/external_en,0,0.0,0.0,0.0,0.0,,0
x_aq_lsu_top/x_aq_lsu_lfb/x_pa_lsu_lfb_gated_clk/pad_yy_icg_scan_en,0,0.0,0.0,0.0,0.0,,0
x_aq_lsu_top/x_aq_lsu_lfb/x_pa_lsu_lfb_gated_clk/clk_out,0,0.0,0.0,0.0,0.0,,0
x_aq_lsu_top/x_aq_lsu_lfb/x_pa_lsu_lfb_gated_clk/clk_en_bf_latch,0,0.0,0.0,0.0,0.0,,0
x_aq_lsu_top/x_aq_lsu_lfb/x_pa_lsu_lfb_gated_clk/SE,0,0.0,0.0,0.0,0.0,,0
x_aq_lsu_top/x_aq_lsu_lfb/x_pa_lsu_lfb_rid_gated_clk/clk_in,0,0.0,0.0,0.0,0.0,,0
x_aq_lsu_top/x_aq_lsu_lfb/x_pa_lsu_lfb_rid_gated_clk/global_en,0,0.0,0.0,0.0,0.0,,0
x_aq_lsu_top/x_aq_lsu_lfb/x_pa_lsu_lfb_rid_gated_clk/module_en,0,0.0,0.0,0.0,0.0,,0
x_aq_lsu_top/x_aq_lsu_lfb/x_pa_lsu_lfb_rid_gated_clk/local_en,0,0.0,0.0,0.0,0.0,,0
x_aq_lsu_top/x_aq_lsu_lfb/x_pa_lsu_lfb_rid_gated_clk/external_en,0,0.0,0.0,0.0,0.0,,0
x_aq_lsu_top/x_aq_lsu_lfb/x_pa_lsu_lfb_rid_gated_clk/pad_yy_icg_scan_en,0,0.0,0.0,0.0,0.0,,0
x_aq_lsu_top/x_aq_lsu_lfb/x_pa_lsu_lfb_rid_gated_clk/clk_out,0,0.0,0.0,0.0,0.0,,0
x_aq_lsu_top/x_aq_lsu_lfb/x_pa_lsu_lfb_rid_gated_clk/clk_en_bf_latch,0,0.0,0.0,0.0,0.0,,0
x_aq_lsu_top/x_aq_lsu_lfb/x_pa_lsu_lfb_rid_gated_clk/SE,0,0.0,0.0,0.0,0.0,,0
x_aq_lsu_top/x_aq_lsu_lfb/x_pa_lsu_lfb_rdata_gated_clk/clk_in,0,0.0,0.0,0.0,0.0,,0
x_aq_lsu_top/x_aq_lsu_lfb/x_pa_lsu_lfb_rdata_gated_clk/global_en,0,0.0,0.0,0.0,0.0,,0
x_aq_lsu_top/x_aq_lsu_lfb/x_pa_lsu_lfb_rdata_gated_clk/module_en,0,0.0,0.0,0.0,0.0,,0
x_aq_lsu_top/x_aq_lsu_lfb/x_pa_lsu_lfb_rdata_gated_clk/local_en,2,0.00024061597690086623,7.3900000000000015,0.9633336605834737,0.0,8.1767073335401e-05,1
x_aq_lsu_top/x_aq_lsu_lfb/x_pa_lsu_lfb_rdata_gated_clk/external_en,0,0.0,0.0,0.0,0.0,,0
x_aq_lsu_top/x_aq_lsu_lfb/x_pa_lsu_lfb_rdata_gated_clk/pad_yy_icg_scan_en,0,0.0,0.0,0.0,0.0,,0
x_aq_lsu_top/x_aq_lsu_lfb/x_pa_lsu_lfb_rdata_gated_clk/clk_out,0,0.0,0.0,0.0,0.0,,0
x_aq_lsu_top/x_aq_lsu_lfb/x_pa_lsu_lfb_rdata_gated_clk/clk_en_bf_latch,2,0.00024061597690086623,7.3900000000000015,0.9633336605834737,0.0,8.1767073335401e-05,1
x_aq_lsu_top/x_aq_lsu_lfb/x_pa_lsu_lfb_rdata_gated_clk/SE,0,0.0,0.0,0.0,0.0,,0
x_aq_lsu_top/x_aq_lsu_lfb/x_aq_lsu_lfb_entry_0/bus_acc_err,0,0.0,0.0,0.0,0.0,,0
x_aq_lsu_top/x_aq_lsu_lfb/x_aq_lsu_lfb_entry_0/bus_cmplt_x,0,0.0,0.0,0.0,0.0,,0
x_aq_lsu_top/x_aq_lsu_lfb/x_aq_lsu_lfb_entry_0/bus_grant_x,0,0.0,0.0,0.0,0.0,,0
x_aq_lsu_top/x_aq_lsu_lfb/x_aq_lsu_lfb_entry_0/cp0_lsu_icg_en,0,0.0,0.0,0.0,0.0,,0
x_aq_lsu_top/x_aq_lsu_lfb/x_aq_lsu_lfb_entry_0/cpurst_b,3,0.0003609239653512993,6.4566666666666634,0.8416677043528134,0.3333333333333333,-0.052373008311376444,1
x_aq_lsu_top/x_aq_lsu_lfb/x_aq_lsu_lfb_entry_0/dc_hit_lfb_addr_x,0,0.0,0.0,0.0,0.0,,0
x_aq_lsu_top/x_aq_lsu_lfb/x_aq_lsu_lfb_entry_0/dc_hit_lfb_idx_x,0,0.0,0.0,0.0,0.0,,0
x_aq_lsu_top/x_aq_lsu_lfb/x_aq_lsu_lfb_entry_0/dc_hit_lfb_preg_x,0,0.0,0.0,0.0,0.0,,0
x_aq_lsu_top/x_aq_lsu_lfb/x_aq_lsu_lfb_entry_0/dc_hit_lfb_so_x,0,0.0,0.0,0.0,0.0,,0
x_aq_lsu_top/x_aq_lsu_lfb/x_aq_lsu_lfb_entry_0/dc_hit_lfb_vreg_x,0,0.0,0.0,0.0,0.0,,0
x_aq_lsu_top/x_aq_lsu_lfb/x_aq_lsu_lfb_entry_0/dc_xx_dest_preg[5:0],4,0.00048123195380173246,3.6900000000000004,0.4810150483833583,0.0,-0.04893792179051883,2
x_aq_lsu_top/x_aq_lsu_lfb/x_aq_lsu_lfb_entry_0/dc_xx_pa[39:0],4,0.00048123195380173246,6.417500000000001,0.8365620794038487,0.0,0.049288993232723566,6
x_aq_lsu_top/x_aq_lsu_lfb/x_aq_lsu_lfb_entry_0/forever_cpuclk,0,0.0,0.0,0.0,0.0,,0
x_aq_lsu_top/x_aq_lsu_lfb/x_aq_lsu_lfb_entry_0/ifu_lsu_warm_up,2,0.00024061597690086623,7.3900000000000015,0.9633336605834737,0.0,8.1767073335401e-05,1
x_aq_lsu_top/x_aq_lsu_lfb/x_aq_lsu_lfb_entry_0/lfb_create_alias_hit,0,0.0,0.0,0.0,0.0,,0
x_aq_lsu_top/x_aq_lsu_lfb/x_aq_lsu_lfb_entry_0/lfb_create_alias_idx[1:0],0,0.0,0.0,0.0,0.0,,0
x_aq_lsu_top/x_aq_lsu_lfb/x_aq_lsu_lfb_entry_0/lfb_create_alias_way[3:0],0,0.0,0.0,0.0,0.0,,0
x_aq_lsu_top/x_aq_lsu_lfb/x_aq_lsu_lfb_entry_0/lfb_create_amo_func[4:0],5,0.0006015399422521655,8.994000000000005,1.172425296791308,0.2,-0.03519355219326104,3
x_aq_lsu_top/x_aq_lsu_lfb/x_aq_lsu_lfb_entry_0/lfb_create_amo_inst,0,0.0,0.0,0.0,0.0,,0
x_aq_lsu_top/x_aq_lsu_lfb/x_aq_lsu_lfb_entry_0/lfb_create_attr[2:0],2,0.00024061597690086623,26.745000000000005,3.48638142791678,1.0,-0.14008442781251784,3
x_aq_lsu_top/x_aq_lsu_lfb/x_aq_lsu_lfb_entry_0/lfb_create_bytes_vld[7:0],11,0.0013233878729547641,7.787272727272731,1.0151206958491865,0.09090909090909091,0.04731407182155538,7
x_aq_lsu_top/x_aq_lsu_lfb/x_aq_lsu_lfb_entry_0/lfb_create_ca,1,0.00012030798845043312,12.09,1.5760086544592955,1.0,-0.12617851730880866,1
x_aq_lsu_top/x_aq_lsu_lfb/x_aq_lsu_lfb_entry_0/lfb_create_dest_reg[5:0],4,0.00048123195380173246,3.6900000000000004,0.4810150483833583,0.0,-0.04893792179051883,2
x_aq_lsu_top/x_aq_lsu_lfb/x_aq_lsu_lfb_entry_0/lfb_create_ele_size[1:0],8,0.0009624639076034649,7.621250000000005,0.9934785738459814,0.125,0.047910017754930444,2
x_aq_lsu_top/x_aq_lsu_lfb/x_aq_lsu_lfb_entry_0/lfb_create_en_gate_x,0,0.0,0.0,0.0,0.0,,0
x_aq_lsu_top/x_aq_lsu_lfb/x_aq_lsu_lfb_entry_0/lfb_create_en_x,0,0.0,0.0,0.0,0.0,,0
x_aq_lsu_top/x_aq_lsu_lfb/x_aq_lsu_lfb_entry_0/lfb_create_fls,2,0.00024061597690086623,5.050000000000001,0.6582997274623196,0.0,-0.04891464740260073,1
x_aq_lsu_top/x_aq_lsu_lfb/x_aq_lsu_lfb_entry_0/lfb_create_ld,0,0.0,0.0,0.0,0.0,,0
x_aq_lsu_top/x_aq_lsu_lfb/x_aq_lsu_lfb_entry_0/lfb_create_lock,0,0.0,0.0,0.0,0.0,,0
x_aq_lsu_top/x_aq_lsu_lfb/x_aq_lsu_lfb_entry_0/lfb_create_pa[39:0],0,0.0,0.0,0.0,0.0,,0
x_aq_lsu_top/x_aq_lsu_lfb/x_aq_lsu_lfb_entry_0/lfb_create_pf,1,0.00012030798845043312,12.09,1.5760086544592955,1.0,-0.12617851730880866,1
x_aq_lsu_top/x_aq_lsu_lfb/x_aq_lsu_lfb_entry_0/lfb_create_pfb_id[4:0],0,0.0,0.0,0.0,0.0,,0
x_aq_lsu_top/x_aq_lsu_lfb/x_aq_lsu_lfb_entry_0/lfb_create_priv_mode[1:0],0,0.0,0.0,0.0,0.0,,0
x_aq_lsu_top/x_aq_lsu_lfb/x_aq_lsu_lfb_entry_0/lfb_create_ptw,0,0.0,0.0,0.0,0.0,,0
x_aq_lsu_top/x_aq_lsu_lfb/x_aq_lsu_lfb_entry_0/lfb_create_sew[1:0],0,0.0,0.0,0.0,0.0,,0
x_aq_lsu_top/x_aq_lsu_lfb/x_aq_lsu_lfb_entry_0/lfb_create_shift[3:0],0,0.0,0.0,0.0,0.0,,0
x_aq_lsu_top/x_aq_lsu_lfb/x_aq_lsu_lfb_entry_0/lfb_create_sign_ext,3,0.0003609239653512993,12.643333333333336,1.648139185653187,0.0,-0.040199056800737556,1
x_aq_lsu_top/x_aq_lsu_lfb/x_aq_lsu_lfb_entry_0/lfb_create_size[1:0],8,0.0009624639076034649,7.621250000000005,0.9934785738459814,0.125,0.047910017754930444,2
x_aq_lsu_top/x_aq_lsu_lfb/x_aq_lsu_lfb_entry_0/lfb_create_split,0,0.0,0.0,0.0,0.0,,0
x_aq_lsu_top/x_aq_lsu_lfb/x_aq_lsu_lfb_entry_0/lfb_create_split_last,0,0.0,0.0,0.0,0.0,,0
x_aq_lsu_top/x_aq_lsu_lfb/x_aq_lsu_lfb_entry_0/lfb_create_stbid[1:0],0,0.0,0.0,0.0,0.0,,0
x_aq_lsu_top/x_aq_lsu_lfb/x_aq_lsu_lfb_entry_0/lfb_create_vfunc[7:0],2,0.00024061597690086623,3.7600000000000033,0.49013999510065814,0.0,-0.011206854623872171,2
x_aq_lsu_top/x_aq_lsu_lfb/x_aq_lsu_lfb_entry_0/lfb_create_virt_idx[1:0],0,0.0,0.0,0.0,0.0,,0
x_aq_lsu_top/x_aq_lsu_lfb/x_aq_lsu_lfb_entry_0/lfb_create_vl_val[6:0],0,0.0,0.0,0.0,0.0,,0
x_aq_lsu_top/x_aq_lsu_lfb/x_aq_lsu_lfb_entry_0/lfb_create_vls,0,0.0,0.0,0.0,0.0,,0
x_aq_lsu_top/x_aq_lsu_lfb/x_aq_lsu_lfb_entry_0/lfb_create_vsplit_last,0,0.0,0.0,0.0,0.0,,0
x_aq_lsu_top/x_aq_lsu_lfb/x_aq_lsu_lfb_entry_0/lfb_create_wb,0,0.0,0.0,0.0,0.0,,0
x_aq_lsu_top/x_aq_lsu_lfb/x_aq_lsu_lfb_entry_0/lfb_entry_arvalid_x,0,0.0,0.0,0.0,0.0,,0
x_aq_lsu_top/x_aq_lsu_lfb/x_aq_lsu_lfb_entry_0/lfb_entry_bus_rdy_x,0,0.0,0.0,0.0,0.0,,0
x_aq_lsu_top/x_aq_lsu_lfb/x_aq_lsu_lfb_entry_0/lfb_entry_ld_wo_stall_x,0,0.0,0.0,0.0,0.0,,0
x_aq_lsu_top/x_aq_lsu_lfb/x_aq_lsu_lfb_entry_0/lfb_entry_pop_en_x,0,0.0,0.0,0.0,0.0,,0
x_aq_lsu_top/x_aq_lsu_lfb/x_aq_lsu_lfb_entry_0/lfb_entry_rdl_req_x,0,0.0,0.0,0.0,0.0,,0
x_aq_lsu_top/x_aq_lsu_lfb/x_aq_lsu_lfb_entry_0/lfb_entry_ref_done_x,0,0.0,0.0,0.0,0.0,,0
x_aq_lsu_top/x_aq_lsu_lfb/x_aq_lsu_lfb_entry_0/lfb_entry_vld_x,0,0.0,0.0,0.0,0.0,,0
x_aq_lsu_top/x_aq_lsu_lfb/x_aq_lsu_lfb_entry_0/lfb_entry_wb_en_x,0,0.0,0.0,0.0,0.0,,0
x_aq_lsu_top/x_aq_lsu_lfb/x_aq_lsu_lfb_entry_0/lfb_entryx_arbus[54:0],2,0.00024061597690086623,3.7600000000000033,0.49013999510065814,0.0,-0.011206854623872435,6
x_aq_lsu_top/x_aq_lsu_lfb/x_aq_lsu_lfb_entry_0/lfb_entryx_dbginfo[6:0],2,0.00024061597690086623,3.7600000000000033,0.49013999510065814,0.0,-0.011206854623871793,4
x_aq_lsu_top/x_aq_lsu_lfb/x_aq_lsu_lfb_entry_0/lfb_entryx_ldbus[36:0],2,0.00024061597690086623,10.350000000000001,1.3491885503435659,0.0,-0.011305884758410422,6
x_aq_lsu_top/x_aq_lsu_lfb/x_aq_lsu_lfb_entry_0/lfb_entryx_mtval[39:0],0,0.0,0.0,0.0,0.0,,0
x_aq_lsu_top/x_aq_lsu_lfb/x_aq_lsu_lfb_entry_0/lfb_entryx_rdl_bus[50:0],2,0.00024061597690086623,3.7600000000000033,0.49013999510065814,0.0,-0.011206854623872189,3
x_aq_lsu_top/x_aq_lsu_lfb/x_aq_lsu_lfb_entry_0/lfb_entryx_refbus[44:0],2,0.00024061597690086623,3.7600000000000033,0.49013999510065814,0.0,-0.011206854623872258,2
x_aq_lsu_top/x_aq_lsu_lfb/x_aq_lsu_lfb_entry_0/lfb_entryx_stbus[6:0],0,0.0,0.0,0.0,0.0,,0
x_aq_lsu_top/x_aq_lsu_lfb/x_aq_lsu_lfb_entry_0/lfb_entryx_vldbus[20:0],2,0.00024061597690086623,10.350000000000001,1.3491885503435659,0.0,-0.011305884758410524,2
x_aq_lsu_top/x_aq_lsu_lfb/x_aq_lsu_lfb_entry_0/pad_yy_icg_scan_en,0,0.0,0.0,0.0,0.0,,0
x_aq_lsu_top/x_aq_lsu_lfb/x_aq_lsu_lfb_entry_0/pfb_hit_lfb_idx_x,0,0.0,0.0,0.0,0.0,,0
x_aq_lsu_top/x_aq_lsu_lfb/x_aq_lsu_lfb_entry_0/pfb_xx_pa[39:0],0,0.0,0.0,0.0,0.0,,0
x_aq_lsu_top/x_aq_lsu_lfb/x_aq_lsu_lfb_entry_0/rdl_cmplt_x,0,0.0,0.0,0.0,0.0,,0
x_aq_lsu_top/x_aq_lsu_lfb/x_aq_lsu_lfb_entry_0/rdl_grant_x,1,0.00012030798845043312,1.2299999999999933,0.16033834946111852,0.0,-0.11407227095261288,1
x_aq_lsu_top/x_aq_lsu_lfb/x_aq_lsu_lfb_entry_0/rdl_lfb_alias_hit,0,0.0,0.0,0.0,0.0,,0
x_aq_lsu_top/x_aq_lsu_lfb/x_aq_lsu_lfb_entry_0/rdl_lfb_cache_hit,0,0.0,0.0,0.0,0.0,,0
x_aq_lsu_top/x_aq_lsu_lfb/x_aq_lsu_lfb_entry_0/rdl_lfb_ref_fifo[3:0],1,0.00012030798845043312,6.270000000000003,0.8173345131066823,0.0,-0.0111453056014091,1
x_aq_lsu_top/x_aq_lsu_lfb/x_aq_lsu_lfb_entry_0/rtu_yy_xx_async_flush,0,0.0,0.0,0.0,0.0,,0
x_aq_lsu_top/x_aq_lsu_lfb/x_aq_lsu_lfb_entry_0/lfb_buf,0,0.0,0.0,0.0,0.0,,0
x_aq_lsu_top/x_aq_lsu_lfb/x_aq_lsu_lfb_entry_0/lfb_cache[3:0],2,0.00024061597690086623,3.7600000000000033,0.49013999510065814,0.0,-0.01120685462387242,3
x_aq_lsu_top/x_aq_lsu_lfb/x_aq_lsu_lfb_entry_0/lfb_cur_idle,1,0.00012030798845043312,41.400000000000006,5.3967542013742635,1.0,-0.14861602140388885,1
x_aq_lsu_top/x_aq_lsu_lfb/x_aq_lsu_lfb_entry_0/lfb_cur_rbus,0,0.0,0.0,0.0,0.0,,0
x_aq_lsu_top/x_aq_lsu_lfb/x_aq_lsu_lfb_entry_0/lfb_cur_rdl,0,0.0,0.0,0.0,0.0,,0
x_aq_lsu_top/x_aq_lsu_lfb/x_aq_lsu_lfb_entry_0/lfb_cur_ref,0,0.0,0.0,0.0,0.0,,0
x_aq_lsu_top/x_aq_lsu_lfb/x_aq_lsu_lfb_entry_0/lfb_cur_ref_1,0,0.0,0.0,0.0,0.0,,0
x_aq_lsu_top/x_aq_lsu_lfb/x_aq_lsu_lfb_entry_0/lfb_cur_wrdl,0,0.0,0.0,0.0,0.0,,0
x_aq_lsu_top/x_aq_lsu_lfb/x_aq_lsu_lfb_entry_0/lfb_dp_clk,0,0.0,0.0,0.0,0.0,,0
x_aq_lsu_top/x_aq_lsu_lfb/x_aq_lsu_lfb_entry_0/lfb_dp_clk_en,2,0.00024061597690086623,7.3900000000000015,0.9633336605834737,0.0,8.1767073335401e-05,1
x_aq_lsu_top/x_aq_lsu_lfb/x_aq_lsu_lfb_entry_0/lfb_entry_vld,0,0.0,0.0,0.0,0.0,,0
x_aq_lsu_top/x_aq_lsu_lfb/x_aq_lsu_lfb_entry_0/lfb_fsm_clk,0,0.0,0.0,0.0,0.0,,0
x_aq_lsu_top/x_aq_lsu_lfb/x_aq_lsu_lfb_entry_0/lfb_fsm_clk_en,0,0.0,0.0,0.0,0.0,,0
x_aq_lsu_top/x_aq_lsu_lfb/x_aq_lsu_lfb_entry_0/lfb_ld_inst,0,0.0,0.0,0.0,0.0,,0
x_aq_lsu_top/x_aq_lsu_lfb/x_aq_lsu_lfb_entry_0/lfb_len[1:0],2,0.00024061597690086623,3.7600000000000033,0.49013999510065814,0.0,-0.011226700708829732,1
x_aq_lsu_top/x_aq_lsu_lfb/x_aq_lsu_lfb_entry_0/lfb_offset[3:0],0,0.0,0.0,0.0,0.0,,0
x_aq_lsu_top/x_aq_lsu_lfb/x_aq_lsu_lfb_entry_0/lfb_prot[2:0],0,0.0,0.0,0.0,0.0,,0
x_aq_lsu_top/x_aq_lsu_lfb/x_aq_lsu_lfb_entry_0/lfb_ptw_for_flush,0,0.0,0.0,0.0,0.0,,0
x_aq_lsu_top/x_aq_lsu_lfb/x_aq_lsu_lfb_entry_0/lfb_ref_cnt[1:0],0,0.0,0.0,0.0,0.0,,0
x_aq_lsu_top/x_aq_lsu_lfb/x_aq_lsu_lfb_entry_0/lfb_ref_en,1,0.00012030798845043312,6.270000000000003,0.8173345131066823,0.0,-0.0111453056014091,1
x_aq_lsu_top/x_aq_lsu_lfb/x_aq_lsu_lfb_entry_0/lfb_ref_idx[7:0],0,0.0,0.0,0.0,0.0,,0
x_aq_lsu_top/x_aq_lsu_lfb/x_aq_lsu_lfb_entry_0/lfb_ref_offset[1:0],0,0.0,0.0,0.0,0.0,,0
x_aq_lsu_top/x_aq_lsu_lfb/x_aq_lsu_lfb_entry_0/lfb_ref_tag[27:0],0,0.0,0.0,0.0,0.0,,0
x_aq_lsu_top/x_aq_lsu_lfb/x_aq_lsu_lfb_entry_0/lfb_size_t[2:0],2,0.00024061597690086623,3.7600000000000033,0.49013999510065814,0.0,-0.011206854623872258,2
x_aq_lsu_top/x_aq_lsu_lfb/x_aq_lsu_lfb_entry_0/lfb_so,0,0.0,0.0,0.0,0.0,,0
x_aq_lsu_top/x_aq_lsu_lfb/x_aq_lsu_lfb_entry_0/lfb_st_err,0,0.0,0.0,0.0,0.0,,0
x_aq_lsu_top/x_aq_lsu_lfb/x_aq_lsu_lfb_entry_0/lfb_user,0,0.0,0.0,0.0,0.0,,0
x_aq_lsu_top/x_aq_lsu_lfb/x_aq_lsu_lfb_entry_0/lfb_wb_en,0,0.0,0.0,0.0,0.0,,0
x_aq_lsu_top/x_aq_lsu_lfb/x_aq_lsu_lfb_entry_0/refill_done,0,0.0,0.0,0.0,0.0,,0
x_aq_lsu_top/x_aq_lsu_lfb/x_aq_lsu_lfb_entry_0/x_pa_lsu_lfb_fsm_gated_clk/clk_in,0,0.0,0.0,0.0,0.0,,0
x_aq_lsu_top/x_aq_lsu_lfb/x_aq_lsu_lfb_entry_0/x_pa_lsu_lfb_fsm_gated_clk/global_en,0,0.0,0.0,0.0,0.0,,0
x_aq_lsu_top/x_aq_lsu_lfb/x_aq_lsu_lfb_entry_0/x_pa_lsu_lfb_fsm_gated_clk/module_en,0,0.0,0.0,0.0,0.0,,0
x_aq_lsu_top/x_aq_lsu_lfb/x_aq_lsu_lfb_entry_0/x_pa_lsu_lfb_fsm_gated_clk/local_en,0,0.0,0.0,0.0,0.0,,0
x_aq_lsu_top/x_aq_lsu_lfb/x_aq_lsu_lfb_entry_0/x_pa_lsu_lfb_fsm_gated_clk/external_en,0,0.0,0.0,0.0,0.0,,0
x_aq_lsu_top/x_aq_lsu_lfb/x_aq_lsu_lfb_entry_0/x_pa_lsu_lfb_fsm_gated_clk/pad_yy_icg_scan_en,0,0.0,0.0,0.0,0.0,,0
x_aq_lsu_top/x_aq_lsu_lfb/x_aq_lsu_lfb_entry_0/x_pa_lsu_lfb_fsm_gated_clk/clk_out,0,0.0,0.0,0.0,0.0,,0
x_aq_lsu_top/x_aq_lsu_lfb/x_aq_lsu_lfb_entry_0/x_pa_lsu_lfb_fsm_gated_clk/clk_en_bf_latch,0,0.0,0.0,0.0,0.0,,0
x_aq_lsu_top/x_aq_lsu_lfb/x_aq_lsu_lfb_entry_0/x_pa_lsu_lfb_fsm_gated_clk/SE,0,0.0,0.0,0.0,0.0,,0
x_aq_lsu_top/x_aq_lsu_lfb/x_aq_lsu_lfb_entry_0/x_pa_lsu_lfb_dp_gated_clk/clk_in,0,0.0,0.0,0.0,0.0,,0
x_aq_lsu_top/x_aq_lsu_lfb/x_aq_lsu_lfb_entry_0/x_pa_lsu_lfb_dp_gated_clk/global_en,0,0.0,0.0,0.0,0.0,,0
x_aq_lsu_top/x_aq_lsu_lfb/x_aq_lsu_lfb_entry_0/x_pa_lsu_lfb_dp_gated_clk/module_en,0,0.0,0.0,0.0,0.0,,0
x_aq_lsu_top/x_aq_lsu_lfb/x_aq_lsu_lfb_entry_0/x_pa_lsu_lfb_dp_gated_clk/local_en,2,0.00024061597690086623,7.3900000000000015,0.9633336605834737,0.0,8.1767073335401e-05,1
x_aq_lsu_top/x_aq_lsu_lfb/x_aq_lsu_lfb_entry_0/x_pa_lsu_lfb_dp_gated_clk/external_en,0,0.0,0.0,0.0,0.0,,0
x_aq_lsu_top/x_aq_lsu_lfb/x_aq_lsu_lfb_entry_0/x_pa_lsu_lfb_dp_gated_clk/pad_yy_icg_scan_en,0,0.0,0.0,0.0,0.0,,0
x_aq_lsu_top/x_aq_lsu_lfb/x_aq_lsu_lfb_entry_0/x_pa_lsu_lfb_dp_gated_clk/clk_out,0,0.0,0.0,0.0,0.0,,0
x_aq_lsu_top/x_aq_lsu_lfb/x_aq_lsu_lfb_entry_0/x_pa_lsu_lfb_dp_gated_clk/clk_en_bf_latch,2,0.00024061597690086623,7.3900000000000015,0.9633336605834737,0.0,8.1767073335401e-05,1
x_aq_lsu_top/x_aq_lsu_lfb/x_aq_lsu_lfb_entry_0/x_pa_lsu_lfb_dp_gated_clk/SE,0,0.0,0.0,0.0,0.0,,0
x_aq_lsu_top/x_aq_lsu_lfb/x_aq_lsu_lfb_entry_1/bus_acc_err,0,0.0,0.0,0.0,0.0,,0
x_aq_lsu_top/x_aq_lsu_lfb/x_aq_lsu_lfb_entry_1/bus_cmplt_x,0,0.0,0.0,0.0,0.0,,0
x_aq_lsu_top/x_aq_lsu_lfb/x_aq_lsu_lfb_entry_1/bus_grant_x,0,0.0,0.0,0.0,0.0,,0
x_aq_lsu_top/x_aq_lsu_lfb/x_aq_lsu_lfb_entry_1/cp0_lsu_icg_en,0,0.0,0.0,0.0,0.0,,0
x_aq_lsu_top/x_aq_lsu_lfb/x_aq_lsu_lfb_entry_1/cpurst_b,3,0.0003609239653512993,6.4566666666666634,0.8416677043528134,0.3333333333333333,-0.052373008311376444,1
x_aq_lsu_top/x_aq_lsu_lfb/x_aq_lsu_lfb_entry_1/dc_hit_lfb_addr_x,0,0.0,0.0,0.0,0.0,,0
x_aq_lsu_top/x_aq_lsu_lfb/x_aq_lsu_lfb_entry_1/dc_hit_lfb_idx_x,0,0.0,0.0,0.0,0.0,,0
x_aq_lsu_top/x_aq_lsu_lfb/x_aq_lsu_lfb_entry_1/dc_hit_lfb_preg_x,0,0.0,0.0,0.0,0.0,,0
x_aq_lsu_top/x_aq_lsu_lfb/x_aq_lsu_lfb_entry_1/dc_hit_lfb_so_x,0,0.0,0.0,0.0,0.0,,0
x_aq_lsu_top/x_aq_lsu_lfb/x_aq_lsu_lfb_entry_1/dc_hit_lfb_vreg_x,0,0.0,0.0,0.0,0.0,,0
x_aq_lsu_top/x_aq_lsu_lfb/x_aq_lsu_lfb_entry_1/dc_xx_dest_preg[5:0],4,0.00048123195380173246,3.6900000000000004,0.4810150483833583,0.0,-0.04893792179051883,2
x_aq_lsu_top/x_aq_lsu_lfb/x_aq_lsu_lfb_entry_1/dc_xx_pa[39:0],4,0.00048123195380173246,6.417500000000001,0.8365620794038487,0.0,0.049288993232723566,6
x_aq_lsu_top/x_aq_lsu_lfb/x_aq_lsu_lfb_entry_1/forever_cpuclk,0,0.0,0.0,0.0,0.0,,0
x_aq_lsu_top/x_aq_lsu_lfb/x_aq_lsu_lfb_entry_1/ifu_lsu_warm_up,2,0.00024061597690086623,7.3900000000000015,0.9633336605834737,0.0,8.1767073335401e-05,1
x_aq_lsu_top/x_aq_lsu_lfb/x_aq_lsu_lfb_entry_1/lfb_create_alias_hit,0,0.0,0.0,0.0,0.0,,0
x_aq_lsu_top/x_aq_lsu_lfb/x_aq_lsu_lfb_entry_1/lfb_create_alias_idx[1:0],0,0.0,0.0,0.0,0.0,,0
x_aq_lsu_top/x_aq_lsu_lfb/x_aq_lsu_lfb_entry_1/lfb_create_alias_way[3:0],0,0.0,0.0,0.0,0.0,,0
x_aq_lsu_top/x_aq_lsu_lfb/x_aq_lsu_lfb_entry_1/lfb_create_amo_func[4:0],5,0.0006015399422521655,8.994000000000005,1.172425296791308,0.2,-0.03519355219326104,3
x_aq_lsu_top/x_aq_lsu_lfb/x_aq_lsu_lfb_entry_1/lfb_create_amo_inst,0,0.0,0.0,0.0,0.0,,0
x_aq_lsu_top/x_aq_lsu_lfb/x_aq_lsu_lfb_entry_1/lfb_create_attr[2:0],2,0.00024061597690086623,26.745000000000005,3.48638142791678,1.0,-0.14008442781251784,3
x_aq_lsu_top/x_aq_lsu_lfb/x_aq_lsu_lfb_entry_1/lfb_create_bytes_vld[7:0],11,0.0013233878729547641,7.787272727272731,1.0151206958491865,0.09090909090909091,0.04731407182155538,7
x_aq_lsu_top/x_aq_lsu_lfb/x_aq_lsu_lfb_entry_1/lfb_create_ca,1,0.00012030798845043312,12.09,1.5760086544592955,1.0,-0.12617851730880866,1
x_aq_lsu_top/x_aq_lsu_lfb/x_aq_lsu_lfb_entry_1/lfb_create_dest_reg[5:0],4,0.00048123195380173246,3.6900000000000004,0.4810150483833583,0.0,-0.04893792179051883,2
x_aq_lsu_top/x_aq_lsu_lfb/x_aq_lsu_lfb_entry_1/lfb_create_ele_size[1:0],8,0.0009624639076034649,7.621250000000005,0.9934785738459814,0.125,0.047910017754930444,2
x_aq_lsu_top/x_aq_lsu_lfb/x_aq_lsu_lfb_entry_1/lfb_create_en_gate_x,0,0.0,0.0,0.0,0.0,,0
x_aq_lsu_top/x_aq_lsu_lfb/x_aq_lsu_lfb_entry_1/lfb_create_en_x,0,0.0,0.0,0.0,0.0,,0
x_aq_lsu_top/x_aq_lsu_lfb/x_aq_lsu_lfb_entry_1/lfb_create_fls,2,0.00024061597690086623,5.050000000000001,0.6582997274623196,0.0,-0.04891464740260073,1
x_aq_lsu_top/x_aq_lsu_lfb/x_aq_lsu_lfb_entry_1/lfb_create_ld,0,0.0,0.0,0.0,0.0,,0
x_aq_lsu_top/x_aq_lsu_lfb/x_aq_lsu_lfb_entry_1/lfb_create_lock,0,0.0,0.0,0.0,0.0,,0
x_aq_lsu_top/x_aq_lsu_lfb/x_aq_lsu_lfb_entry_1/lfb_create_pa[39:0],0,0.0,0.0,0.0,0.0,,0
x_aq_lsu_top/x_aq_lsu_lfb/x_aq_lsu_lfb_entry_1/lfb_create_pf,1,0.00012030798845043312,12.09,1.5760086544592955,1.0,-0.12617851730880866,1
x_aq_lsu_top/x_aq_lsu_lfb/x_aq_lsu_lfb_entry_1/lfb_create_pfb_id[4:0],0,0.0,0.0,0.0,0.0,,0
x_aq_lsu_top/x_aq_lsu_lfb/x_aq_lsu_lfb_entry_1/lfb_create_priv_mode[1:0],0,0.0,0.0,0.0,0.0,,0
x_aq_lsu_top/x_aq_lsu_lfb/x_aq_lsu_lfb_entry_1/lfb_create_ptw,0,0.0,0.0,0.0,0.0,,0
x_aq_lsu_top/x_aq_lsu_lfb/x_aq_lsu_lfb_entry_1/lfb_create_sew[1:0],0,0.0,0.0,0.0,0.0,,0
x_aq_lsu_top/x_aq_lsu_lfb/x_aq_lsu_lfb_entry_1/lfb_create_shift[3:0],0,0.0,0.0,0.0,0.0,,0
x_aq_lsu_top/x_aq_lsu_lfb/x_aq_lsu_lfb_entry_1/lfb_create_sign_ext,3,0.0003609239653512993,12.643333333333336,1.648139185653187,0.0,-0.040199056800737556,1
x_aq_lsu_top/x_aq_lsu_lfb/x_aq_lsu_lfb_entry_1/lfb_create_size[1:0],8,0.0009624639076034649,7.621250000000005,0.9934785738459814,0.125,0.047910017754930444,2
x_aq_lsu_top/x_aq_lsu_lfb/x_aq_lsu_lfb_entry_1/lfb_create_split,0,0.0,0.0,0.0,0.0,,0
x_aq_lsu_top/x_aq_lsu_lfb/x_aq_lsu_lfb_entry_1/lfb_create_split_last,0,0.0,0.0,0.0,0.0,,0
x_aq_lsu_top/x_aq_lsu_lfb/x_aq_lsu_lfb_entry_1/lfb_create_stbid[1:0],0,0.0,0.0,0.0,0.0,,0
x_aq_lsu_top/x_aq_lsu_lfb/x_aq_lsu_lfb_entry_1/lfb_create_vfunc[7:0],2,0.00024061597690086623,3.7600000000000033,0.49013999510065814,0.0,-0.011206854623872171,2
x_aq_lsu_top/x_aq_lsu_lfb/x_aq_lsu_lfb_entry_1/lfb_create_virt_idx[1:0],0,0.0,0.0,0.0,0.0,,0
x_aq_lsu_top/x_aq_lsu_lfb/x_aq_lsu_lfb_entry_1/lfb_create_vl_val[6:0],0,0.0,0.0,0.0,0.0,,0
x_aq_lsu_top/x_aq_lsu_lfb/x_aq_lsu_lfb_entry_1/lfb_create_vls,0,0.0,0.0,0.0,0.0,,0
x_aq_lsu_top/x_aq_lsu_lfb/x_aq_lsu_lfb_entry_1/lfb_create_vsplit_last,0,0.0,0.0,0.0,0.0,,0
x_aq_lsu_top/x_aq_lsu_lfb/x_aq_lsu_lfb_entry_1/lfb_create_wb,0,0.0,0.0,0.0,0.0,,0
x_aq_lsu_top/x_aq_lsu_lfb/x_aq_lsu_lfb_entry_1/lfb_entry_arvalid_x,0,0.0,0.0,0.0,0.0,,0
x_aq_lsu_top/x_aq_lsu_lfb/x_aq_lsu_lfb_entry_1/lfb_entry_bus_rdy_x,0,0.0,0.0,0.0,0.0,,0
x_aq_lsu_top/x_aq_lsu_lfb/x_aq_lsu_lfb_entry_1/lfb_entry_ld_wo_stall_x,0,0.0,0.0,0.0,0.0,,0
x_aq_lsu_top/x_aq_lsu_lfb/x_aq_lsu_lfb_entry_1/lfb_entry_pop_en_x,0,0.0,0.0,0.0,0.0,,0
x_aq_lsu_top/x_aq_lsu_lfb/x_aq_lsu_lfb_entry_1/lfb_entry_rdl_req_x,0,0.0,0.0,0.0,0.0,,0
x_aq_lsu_top/x_aq_lsu_lfb/x_aq_lsu_lfb_entry_1/lfb_entry_ref_done_x,0,0.0,0.0,0.0,0.0,,0
x_aq_lsu_top/x_aq_lsu_lfb/x_aq_lsu_lfb_entry_1/lfb_entry_vld_x,0,0.0,0.0,0.0,0.0,,0
x_aq_lsu_top/x_aq_lsu_lfb/x_aq_lsu_lfb_entry_1/lfb_entry_wb_en_x,0,0.0,0.0,0.0,0.0,,0
x_aq_lsu_top/x_aq_lsu_lfb/x_aq_lsu_lfb_entry_1/lfb_entryx_arbus[54:0],2,0.00024061597690086623,3.7600000000000033,0.49013999510065814,0.0,-0.011206854623872435,6
x_aq_lsu_top/x_aq_lsu_lfb/x_aq_lsu_lfb_entry_1/lfb_entryx_dbginfo[6:0],2,0.00024061597690086623,3.7600000000000033,0.49013999510065814,0.0,-0.011206854623871793,4
x_aq_lsu_top/x_aq_lsu_lfb/x_aq_lsu_lfb_entry_1/lfb_entryx_ldbus[36:0],2,0.00024061597690086623,10.350000000000001,1.3491885503435659,0.0,-0.011305884758410422,6
x_aq_lsu_top/x_aq_lsu_lfb/x_aq_lsu_lfb_entry_1/lfb_entryx_mtval[39:0],0,0.0,0.0,0.0,0.0,,0
x_aq_lsu_top/x_aq_lsu_lfb/x_aq_lsu_lfb_entry_1/lfb_entryx_rdl_bus[50:0],2,0.00024061597690086623,3.7600000000000033,0.49013999510065814,0.0,-0.011206854623872189,3
x_aq_lsu_top/x_aq_lsu_lfb/x_aq_lsu_lfb_entry_1/lfb_entryx_refbus[44:0],2,0.00024061597690086623,3.7600000000000033,0.49013999510065814,0.0,-0.011206854623872258,2
x_aq_lsu_top/x_aq_lsu_lfb/x_aq_lsu_lfb_entry_1/lfb_entryx_stbus[6:0],0,0.0,0.0,0.0,0.0,,0
x_aq_lsu_top/x_aq_lsu_lfb/x_aq_lsu_lfb_entry_1/lfb_entryx_vldbus[20:0],2,0.00024061597690086623,10.350000000000001,1.3491885503435659,0.0,-0.011305884758410524,2
x_aq_lsu_top/x_aq_lsu_lfb/x_aq_lsu_lfb_entry_1/pad_yy_icg_scan_en,0,0.0,0.0,0.0,0.0,,0
x_aq_lsu_top/x_aq_lsu_lfb/x_aq_lsu_lfb_entry_1/pfb_hit_lfb_idx_x,0,0.0,0.0,0.0,0.0,,0
x_aq_lsu_top/x_aq_lsu_lfb/x_aq_lsu_lfb_entry_1/pfb_xx_pa[39:0],0,0.0,0.0,0.0,0.0,,0
x_aq_lsu_top/x_aq_lsu_lfb/x_aq_lsu_lfb_entry_1/rdl_cmplt_x,0,0.0,0.0,0.0,0.0,,0
x_aq_lsu_top/x_aq_lsu_lfb/x_aq_lsu_lfb_entry_1/rdl_grant_x,0,0.0,0.0,0.0,0.0,,0
x_aq_lsu_top/x_aq_lsu_lfb/x_aq_lsu_lfb_entry_1/rdl_lfb_alias_hit,0,0.0,0.0,0.0,0.0,,0
x_aq_lsu_top/x_aq_lsu_lfb/x_aq_lsu_lfb_entry_1/rdl_lfb_cache_hit,0,0.0,0.0,0.0,0.0,,0
x_aq_lsu_top/x_aq_lsu_lfb/x_aq_lsu_lfb_entry_1/rdl_lfb_ref_fifo[3:0],1,0.00012030798845043312,6.270000000000003,0.8173345131066823,0.0,-0.0111453056014091,1
x_aq_lsu_top/x_aq_lsu_lfb/x_aq_lsu_lfb_entry_1/rtu_yy_xx_async_flush,0,0.0,0.0,0.0,0.0,,0
x_aq_lsu_top/x_aq_lsu_lfb/x_aq_lsu_lfb_entry_1/lfb_buf,0,0.0,0.0,0.0,0.0,,0
x_aq_lsu_top/x_aq_lsu_lfb/x_aq_lsu_lfb_entry_1/lfb_cache[3:0],2,0.00024061597690086623,3.7600000000000033,0.49013999510065814,0.0,-0.01120685462387242,3
x_aq_lsu_top/x_aq_lsu_lfb/x_aq_lsu_lfb_entry_1/lfb_cur_idle,1,0.00012030798845043312,41.400000000000006,5.3967542013742635,1.0,-0.14861602140388885,1
x_aq_lsu_top/x_aq_lsu_lfb/x_aq_lsu_lfb_entry_1/lfb_cur_rbus,0,0.0,0.0,0.0,0.0,,0
x_aq_lsu_top/x_aq_lsu_lfb/x_aq_lsu_lfb_entry_1/lfb_cur_rdl,0,0.0,0.0,0.0,0.0,,0
x_aq_lsu_top/x_aq_lsu_lfb/x_aq_lsu_lfb_entry_1/lfb_cur_ref,0,0.0,0.0,0.0,0.0,,0
x_aq_lsu_top/x_aq_lsu_lfb/x_aq_lsu_lfb_entry_1/lfb_cur_ref_1,0,0.0,0.0,0.0,0.0,,0
x_aq_lsu_top/x_aq_lsu_lfb/x_aq_lsu_lfb_entry_1/lfb_cur_wrdl,0,0.0,0.0,0.0,0.0,,0
x_aq_lsu_top/x_aq_lsu_lfb/x_aq_lsu_lfb_entry_1/lfb_dp_clk,0,0.0,0.0,0.0,0.0,,0
x_aq_lsu_top/x_aq_lsu_lfb/x_aq_lsu_lfb_entry_1/lfb_dp_clk_en,2,0.00024061597690086623,7.3900000000000015,0.9633336605834737,0.0,8.1767073335401e-05,1
x_aq_lsu_top/x_aq_lsu_lfb/x_aq_lsu_lfb_entry_1/lfb_entry_vld,0,0.0,0.0,0.0,0.0,,0
x_aq_lsu_top/x_aq_lsu_lfb/x_aq_lsu_lfb_entry_1/lfb_fsm_clk,0,0.0,0.0,0.0,0.0,,0
x_aq_lsu_top/x_aq_lsu_lfb/x_aq_lsu_lfb_entry_1/lfb_fsm_clk_en,0,0.0,0.0,0.0,0.0,,0
x_aq_lsu_top/x_aq_lsu_lfb/x_aq_lsu_lfb_entry_1/lfb_ld_inst,0,0.0,0.0,0.0,0.0,,0
x_aq_lsu_top/x_aq_lsu_lfb/x_aq_lsu_lfb_entry_1/lfb_len[1:0],2,0.00024061597690086623,3.7600000000000033,0.49013999510065814,0.0,-0.011226700708829732,1
x_aq_lsu_top/x_aq_lsu_lfb/x_aq_lsu_lfb_entry_1/lfb_offset[3:0],0,0.0,0.0,0.0,0.0,,0
x_aq_lsu_top/x_aq_lsu_lfb/x_aq_lsu_lfb_entry_1/lfb_prot[2:0],0,0.0,0.0,0.0,0.0,,0
x_aq_lsu_top/x_aq_lsu_lfb/x_aq_lsu_lfb_entry_1/lfb_ptw_for_flush,0,0.0,0.0,0.0,0.0,,0
x_aq_lsu_top/x_aq_lsu_lfb/x_aq_lsu_lfb_entry_1/lfb_ref_cnt[1:0],0,0.0,0.0,0.0,0.0,,0
x_aq_lsu_top/x_aq_lsu_lfb/x_aq_lsu_lfb_entry_1/lfb_ref_en,1,0.00012030798845043312,6.270000000000003,0.8173345131066823,0.0,-0.0111453056014091,1
x_aq_lsu_top/x_aq_lsu_lfb/x_aq_lsu_lfb_entry_1/lfb_ref_idx[7:0],0,0.0,0.0,0.0,0.0,,0
x_aq_lsu_top/x_aq_lsu_lfb/x_aq_lsu_lfb_entry_1/lfb_ref_offset[1:0],0,0.0,0.0,0.0,0.0,,0
x_aq_lsu_top/x_aq_lsu_lfb/x_aq_lsu_lfb_entry_1/lfb_ref_tag[27:0],0,0.0,0.0,0.0,0.0,,0
x_aq_lsu_top/x_aq_lsu_lfb/x_aq_lsu_lfb_entry_1/lfb_size_t[2:0],2,0.00024061597690086623,3.7600000000000033,0.49013999510065814,0.0,-0.011206854623872258,2
x_aq_lsu_top/x_aq_lsu_lfb/x_aq_lsu_lfb_entry_1/lfb_so,0,0.0,0.0,0.0,0.0,,0
x_aq_lsu_top/x_aq_lsu_lfb/x_aq_lsu_lfb_entry_1/lfb_st_err,0,0.0,0.0,0.0,0.0,,0
x_aq_lsu_top/x_aq_lsu_lfb/x_aq_lsu_lfb_entry_1/lfb_user,0,0.0,0.0,0.0,0.0,,0
x_aq_lsu_top/x_aq_lsu_lfb/x_aq_lsu_lfb_entry_1/lfb_wb_en,0,0.0,0.0,0.0,0.0,,0
x_aq_lsu_top/x_aq_lsu_lfb/x_aq_lsu_lfb_entry_1/refill_done,0,0.0,0.0,0.0,0.0,,0
x_aq_lsu_top/x_aq_lsu_lfb/x_aq_lsu_lfb_entry_1/x_pa_lsu_lfb_fsm_gated_clk/clk_in,0,0.0,0.0,0.0,0.0,,0
x_aq_lsu_top/x_aq_lsu_lfb/x_aq_lsu_lfb_entry_1/x_pa_lsu_lfb_fsm_gated_clk/global_en,0,0.0,0.0,0.0,0.0,,0
x_aq_lsu_top/x_aq_lsu_lfb/x_aq_lsu_lfb_entry_1/x_pa_lsu_lfb_fsm_gated_clk/module_en,0,0.0,0.0,0.0,0.0,,0
x_aq_lsu_top/x_aq_lsu_lfb/x_aq_lsu_lfb_entry_1/x_pa_lsu_lfb_fsm_gated_clk/local_en,0,0.0,0.0,0.0,0.0,,0
x_aq_lsu_top/x_aq_lsu_lfb/x_aq_lsu_lfb_entry_1/x_pa_lsu_lfb_fsm_gated_clk/external_en,0,0.0,0.0,0.0,0.0,,0
x_aq_lsu_top/x_aq_lsu_lfb/x_aq_lsu_lfb_entry_1/x_pa_lsu_lfb_fsm_gated_clk/pad_yy_icg_scan_en,0,0.0,0.0,0.0,0.0,,0
x_aq_lsu_top/x_aq_lsu_lfb/x_aq_lsu_lfb_entry_1/x_pa_lsu_lfb_fsm_gated_clk/clk_out,0,0.0,0.0,0.0,0.0,,0
x_aq_lsu_top/x_aq_lsu_lfb/x_aq_lsu_lfb_entry_1/x_pa_lsu_lfb_fsm_gated_clk/clk_en_bf_latch,0,0.0,0.0,0.0,0.0,,0
x_aq_lsu_top/x_aq_lsu_lfb/x_aq_lsu_lfb_entry_1/x_pa_lsu_lfb_fsm_gated_clk/SE,0,0.0,0.0,0.0,0.0,,0
x_aq_lsu_top/x_aq_lsu_lfb/x_aq_lsu_lfb_entry_1/x_pa_lsu_lfb_dp_gated_clk/clk_in,0,0.0,0.0,0.0,0.0,,0
x_aq_lsu_top/x_aq_lsu_lfb/x_aq_lsu_lfb_entry_1/x_pa_lsu_lfb_dp_gated_clk/global_en,0,0.0,0.0,0.0,0.0,,0
x_aq_lsu_top/x_aq_lsu_lfb/x_aq_lsu_lfb_entry_1/x_pa_lsu_lfb_dp_gated_clk/module_en,0,0.0,0.0,0.0,0.0,,0
x_aq_lsu_top/x_aq_lsu_lfb/x_aq_lsu_lfb_entry_1/x_pa_lsu_lfb_dp_gated_clk/local_en,2,0.00024061597690086623,7.3900000000000015,0.9633336605834737,0.0,8.1767073335401e-05,1
x_aq_lsu_top/x_aq_lsu_lfb/x_aq_lsu_lfb_entry_1/x_pa_lsu_lfb_dp_gated_clk/external_en,0,0.0,0.0,0.0,0.0,,0
x_aq_lsu_top/x_aq_lsu_lfb/x_aq_lsu_lfb_entry_1/x_pa_lsu_lfb_dp_gated_clk/pad_yy_icg_scan_en,0,0.0,0.0,0.0,0.0,,0
x_aq_lsu_top/x_aq_lsu_lfb/x_aq_lsu_lfb_entry_1/x_pa_lsu_lfb_dp_gated_clk/clk_out,0,0.0,0.0,0.0,0.0,,0
x_aq_lsu_top/x_aq_lsu_lfb/x_aq_lsu_lfb_entry_1/x_pa_lsu_lfb_dp_gated_clk/clk_en_bf_latch,2,0.00024061597690086623,7.3900000000000015,0.9633336605834737,0.0,8.1767073335401e-05,1
x_aq_lsu_top/x_aq_lsu_lfb/x_aq_lsu_lfb_entry_1/x_pa_lsu_lfb_dp_gated_clk/SE,0,0.0,0.0,0.0,0.0,,0
x_aq_lsu_top/x_aq_lsu_lfb/x_aq_lsu_lfb_entry_2/bus_acc_err,0,0.0,0.0,0.0,0.0,,0
x_aq_lsu_top/x_aq_lsu_lfb/x_aq_lsu_lfb_entry_2/bus_cmplt_x,0,0.0,0.0,0.0,0.0,,0
x_aq_lsu_top/x_aq_lsu_lfb/x_aq_lsu_lfb_entry_2/bus_grant_x,0,0.0,0.0,0.0,0.0,,0
x_aq_lsu_top/x_aq_lsu_lfb/x_aq_lsu_lfb_entry_2/cp0_lsu_icg_en,0,0.0,0.0,0.0,0.0,,0
x_aq_lsu_top/x_aq_lsu_lfb/x_aq_lsu_lfb_entry_2/cpurst_b,3,0.0003609239653512993,6.4566666666666634,0.8416677043528134,0.3333333333333333,-0.052373008311376444,1
x_aq_lsu_top/x_aq_lsu_lfb/x_aq_lsu_lfb_entry_2/dc_hit_lfb_addr_x,0,0.0,0.0,0.0,0.0,,0
x_aq_lsu_top/x_aq_lsu_lfb/x_aq_lsu_lfb_entry_2/dc_hit_lfb_idx_x,0,0.0,0.0,0.0,0.0,,0
x_aq_lsu_top/x_aq_lsu_lfb/x_aq_lsu_lfb_entry_2/dc_hit_lfb_preg_x,0,0.0,0.0,0.0,0.0,,0
x_aq_lsu_top/x_aq_lsu_lfb/x_aq_lsu_lfb_entry_2/dc_hit_lfb_so_x,0,0.0,0.0,0.0,0.0,,0
x_aq_lsu_top/x_aq_lsu_lfb/x_aq_lsu_lfb_entry_2/dc_hit_lfb_vreg_x,0,0.0,0.0,0.0,0.0,,0
x_aq_lsu_top/x_aq_lsu_lfb/x_aq_lsu_lfb_entry_2/dc_xx_dest_preg[5:0],4,0.00048123195380173246,3.6900000000000004,0.4810150483833583,0.0,-0.04893792179051883,2
x_aq_lsu_top/x_aq_lsu_lfb/x_aq_lsu_lfb_entry_2/dc_xx_pa[39:0],4,0.00048123195380173246,6.417500000000001,0.8365620794038487,0.0,0.049288993232723566,6
x_aq_lsu_top/x_aq_lsu_lfb/x_aq_lsu_lfb_entry_2/forever_cpuclk,0,0.0,0.0,0.0,0.0,,0
x_aq_lsu_top/x_aq_lsu_lfb/x_aq_lsu_lfb_entry_2/ifu_lsu_warm_up,2,0.00024061597690086623,7.3900000000000015,0.9633336605834737,0.0,8.1767073335401e-05,1
x_aq_lsu_top/x_aq_lsu_lfb/x_aq_lsu_lfb_entry_2/lfb_create_alias_hit,0,0.0,0.0,0.0,0.0,,0
x_aq_lsu_top/x_aq_lsu_lfb/x_aq_lsu_lfb_entry_2/lfb_create_alias_idx[1:0],0,0.0,0.0,0.0,0.0,,0
x_aq_lsu_top/x_aq_lsu_lfb/x_aq_lsu_lfb_entry_2/lfb_create_alias_way[3:0],0,0.0,0.0,0.0,0.0,,0
x_aq_lsu_top/x_aq_lsu_lfb/x_aq_lsu_lfb_entry_2/lfb_create_amo_func[4:0],5,0.0006015399422521655,8.994000000000005,1.172425296791308,0.2,-0.03519355219326104,3
x_aq_lsu_top/x_aq_lsu_lfb/x_aq_lsu_lfb_entry_2/lfb_create_amo_inst,0,0.0,0.0,0.0,0.0,,0
x_aq_lsu_top/x_aq_lsu_lfb/x_aq_lsu_lfb_entry_2/lfb_create_attr[2:0],2,0.00024061597690086623,26.745000000000005,3.48638142791678,1.0,-0.14008442781251784,3
x_aq_lsu_top/x_aq_lsu_lfb/x_aq_lsu_lfb_entry_2/lfb_create_bytes_vld[7:0],11,0.0013233878729547641,7.787272727272731,1.0151206958491865,0.09090909090909091,0.04731407182155538,7
x_aq_lsu_top/x_aq_lsu_lfb/x_aq_lsu_lfb_entry_2/lfb_create_ca,1,0.00012030798845043312,12.09,1.5760086544592955,1.0,-0.12617851730880866,1
x_aq_lsu_top/x_aq_lsu_lfb/x_aq_lsu_lfb_entry_2/lfb_create_dest_reg[5:0],4,0.00048123195380173246,3.6900000000000004,0.4810150483833583,0.0,-0.04893792179051883,2
x_aq_lsu_top/x_aq_lsu_lfb/x_aq_lsu_lfb_entry_2/lfb_create_ele_size[1:0],8,0.0009624639076034649,7.621250000000005,0.9934785738459814,0.125,0.047910017754930444,2
x_aq_lsu_top/x_aq_lsu_lfb/x_aq_lsu_lfb_entry_2/lfb_create_en_gate_x,0,0.0,0.0,0.0,0.0,,0
x_aq_lsu_top/x_aq_lsu_lfb/x_aq_lsu_lfb_entry_2/lfb_create_en_x,0,0.0,0.0,0.0,0.0,,0
x_aq_lsu_top/x_aq_lsu_lfb/x_aq_lsu_lfb_entry_2/lfb_create_fls,2,0.00024061597690086623,5.050000000000001,0.6582997274623196,0.0,-0.04891464740260073,1
x_aq_lsu_top/x_aq_lsu_lfb/x_aq_lsu_lfb_entry_2/lfb_create_ld,0,0.0,0.0,0.0,0.0,,0
x_aq_lsu_top/x_aq_lsu_lfb/x_aq_lsu_lfb_entry_2/lfb_create_lock,0,0.0,0.0,0.0,0.0,,0
x_aq_lsu_top/x_aq_lsu_lfb/x_aq_lsu_lfb_entry_2/lfb_create_pa[39:0],0,0.0,0.0,0.0,0.0,,0
x_aq_lsu_top/x_aq_lsu_lfb/x_aq_lsu_lfb_entry_2/lfb_create_pf,1,0.00012030798845043312,12.09,1.5760086544592955,1.0,-0.12617851730880866,1
x_aq_lsu_top/x_aq_lsu_lfb/x_aq_lsu_lfb_entry_2/lfb_create_pfb_id[4:0],0,0.0,0.0,0.0,0.0,,0
x_aq_lsu_top/x_aq_lsu_lfb/x_aq_lsu_lfb_entry_2/lfb_create_priv_mode[1:0],0,0.0,0.0,0.0,0.0,,0
x_aq_lsu_top/x_aq_lsu_lfb/x_aq_lsu_lfb_entry_2/lfb_create_ptw,0,0.0,0.0,0.0,0.0,,0
x_aq_lsu_top/x_aq_lsu_lfb/x_aq_lsu_lfb_entry_2/lfb_create_sew[1:0],0,0.0,0.0,0.0,0.0,,0
x_aq_lsu_top/x_aq_lsu_lfb/x_aq_lsu_lfb_entry_2/lfb_create_shift[3:0],0,0.0,0.0,0.0,0.0,,0
x_aq_lsu_top/x_aq_lsu_lfb/x_aq_lsu_lfb_entry_2/lfb_create_sign_ext,3,0.0003609239653512993,12.643333333333336,1.648139185653187,0.0,-0.040199056800737556,1
x_aq_lsu_top/x_aq_lsu_lfb/x_aq_lsu_lfb_entry_2/lfb_create_size[1:0],8,0.0009624639076034649,7.621250000000005,0.9934785738459814,0.125,0.047910017754930444,2
x_aq_lsu_top/x_aq_lsu_lfb/x_aq_lsu_lfb_entry_2/lfb_create_split,0,0.0,0.0,0.0,0.0,,0
x_aq_lsu_top/x_aq_lsu_lfb/x_aq_lsu_lfb_entry_2/lfb_create_split_last,0,0.0,0.0,0.0,0.0,,0
x_aq_lsu_top/x_aq_lsu_lfb/x_aq_lsu_lfb_entry_2/lfb_create_stbid[1:0],0,0.0,0.0,0.0,0.0,,0
x_aq_lsu_top/x_aq_lsu_lfb/x_aq_lsu_lfb_entry_2/lfb_create_vfunc[7:0],2,0.00024061597690086623,3.7600000000000033,0.49013999510065814,0.0,-0.011206854623872171,2
x_aq_lsu_top/x_aq_lsu_lfb/x_aq_lsu_lfb_entry_2/lfb_create_virt_idx[1:0],0,0.0,0.0,0.0,0.0,,0
x_aq_lsu_top/x_aq_lsu_lfb/x_aq_lsu_lfb_entry_2/lfb_create_vl_val[6:0],0,0.0,0.0,0.0,0.0,,0
x_aq_lsu_top/x_aq_lsu_lfb/x_aq_lsu_lfb_entry_2/lfb_create_vls,0,0.0,0.0,0.0,0.0,,0
x_aq_lsu_top/x_aq_lsu_lfb/x_aq_lsu_lfb_entry_2/lfb_create_vsplit_last,0,0.0,0.0,0.0,0.0,,0
x_aq_lsu_top/x_aq_lsu_lfb/x_aq_lsu_lfb_entry_2/lfb_create_wb,0,0.0,0.0,0.0,0.0,,0
x_aq_lsu_top/x_aq_lsu_lfb/x_aq_lsu_lfb_entry_2/lfb_entry_arvalid_x,0,0.0,0.0,0.0,0.0,,0
x_aq_lsu_top/x_aq_lsu_lfb/x_aq_lsu_lfb_entry_2/lfb_entry_bus_rdy_x,0,0.0,0.0,0.0,0.0,,0
x_aq_lsu_top/x_aq_lsu_lfb/x_aq_lsu_lfb_entry_2/lfb_entry_ld_wo_stall_x,0,0.0,0.0,0.0,0.0,,0
x_aq_lsu_top/x_aq_lsu_lfb/x_aq_lsu_lfb_entry_2/lfb_entry_pop_en_x,0,0.0,0.0,0.0,0.0,,0
x_aq_lsu_top/x_aq_lsu_lfb/x_aq_lsu_lfb_entry_2/lfb_entry_rdl_req_x,0,0.0,0.0,0.0,0.0,,0
x_aq_lsu_top/x_aq_lsu_lfb/x_aq_lsu_lfb_entry_2/lfb_entry_ref_done_x,0,0.0,0.0,0.0,0.0,,0
x_aq_lsu_top/x_aq_lsu_lfb/x_aq_lsu_lfb_entry_2/lfb_entry_vld_x,0,0.0,0.0,0.0,0.0,,0
x_aq_lsu_top/x_aq_lsu_lfb/x_aq_lsu_lfb_entry_2/lfb_entry_wb_en_x,0,0.0,0.0,0.0,0.0,,0
x_aq_lsu_top/x_aq_lsu_lfb/x_aq_lsu_lfb_entry_2/lfb_entryx_arbus[54:0],2,0.00024061597690086623,3.7600000000000033,0.49013999510065814,0.0,-0.011206854623872435,6
x_aq_lsu_top/x_aq_lsu_lfb/x_aq_lsu_lfb_entry_2/lfb_entryx_dbginfo[6:0],2,0.00024061597690086623,3.7600000000000033,0.49013999510065814,0.0,-0.011206854623871793,4
x_aq_lsu_top/x_aq_lsu_lfb/x_aq_lsu_lfb_entry_2/lfb_entryx_ldbus[36:0],2,0.00024061597690086623,10.350000000000001,1.3491885503435659,0.0,-0.011305884758410422,6
x_aq_lsu_top/x_aq_lsu_lfb/x_aq_lsu_lfb_entry_2/lfb_entryx_mtval[39:0],0,0.0,0.0,0.0,0.0,,0
x_aq_lsu_top/x_aq_lsu_lfb/x_aq_lsu_lfb_entry_2/lfb_entryx_rdl_bus[50:0],2,0.00024061597690086623,3.7600000000000033,0.49013999510065814,0.0,-0.011206854623872189,3
x_aq_lsu_top/x_aq_lsu_lfb/x_aq_lsu_lfb_entry_2/lfb_entryx_refbus[44:0],2,0.00024061597690086623,3.7600000000000033,0.49013999510065814,0.0,-0.011206854623872258,2
x_aq_lsu_top/x_aq_lsu_lfb/x_aq_lsu_lfb_entry_2/lfb_entryx_stbus[6:0],0,0.0,0.0,0.0,0.0,,0
x_aq_lsu_top/x_aq_lsu_lfb/x_aq_lsu_lfb_entry_2/lfb_entryx_vldbus[20:0],2,0.00024061597690086623,10.350000000000001,1.3491885503435659,0.0,-0.011305884758410524,2
x_aq_lsu_top/x_aq_lsu_lfb/x_aq_lsu_lfb_entry_2/pad_yy_icg_scan_en,0,0.0,0.0,0.0,0.0,,0
x_aq_lsu_top/x_aq_lsu_lfb/x_aq_lsu_lfb_entry_2/pfb_hit_lfb_idx_x,0,0.0,0.0,0.0,0.0,,0
x_aq_lsu_top/x_aq_lsu_lfb/x_aq_lsu_lfb_entry_2/pfb_xx_pa[39:0],0,0.0,0.0,0.0,0.0,,0
x_aq_lsu_top/x_aq_lsu_lfb/x_aq_lsu_lfb_entry_2/rdl_cmplt_x,0,0.0,0.0,0.0,0.0,,0
x_aq_lsu_top/x_aq_lsu_lfb/x_aq_lsu_lfb_entry_2/rdl_grant_x,0,0.0,0.0,0.0,0.0,,0
x_aq_lsu_top/x_aq_lsu_lfb/x_aq_lsu_lfb_entry_2/rdl_lfb_alias_hit,0,0.0,0.0,0.0,0.0,,0
x_aq_lsu_top/x_aq_lsu_lfb/x_aq_lsu_lfb_entry_2/rdl_lfb_cache_hit,0,0.0,0.0,0.0,0.0,,0
x_aq_lsu_top/x_aq_lsu_lfb/x_aq_lsu_lfb_entry_2/rdl_lfb_ref_fifo[3:0],1,0.00012030798845043312,6.270000000000003,0.8173345131066823,0.0,-0.0111453056014091,1
x_aq_lsu_top/x_aq_lsu_lfb/x_aq_lsu_lfb_entry_2/rtu_yy_xx_async_flush,0,0.0,0.0,0.0,0.0,,0
x_aq_lsu_top/x_aq_lsu_lfb/x_aq_lsu_lfb_entry_2/lfb_buf,0,0.0,0.0,0.0,0.0,,0
x_aq_lsu_top/x_aq_lsu_lfb/x_aq_lsu_lfb_entry_2/lfb_cache[3:0],2,0.00024061597690086623,3.7600000000000033,0.49013999510065814,0.0,-0.01120685462387242,3
x_aq_lsu_top/x_aq_lsu_lfb/x_aq_lsu_lfb_entry_2/lfb_cur_idle,1,0.00012030798845043312,41.400000000000006,5.3967542013742635,1.0,-0.14861602140388885,1
x_aq_lsu_top/x_aq_lsu_lfb/x_aq_lsu_lfb_entry_2/lfb_cur_rbus,0,0.0,0.0,0.0,0.0,,0
x_aq_lsu_top/x_aq_lsu_lfb/x_aq_lsu_lfb_entry_2/lfb_cur_rdl,0,0.0,0.0,0.0,0.0,,0
x_aq_lsu_top/x_aq_lsu_lfb/x_aq_lsu_lfb_entry_2/lfb_cur_ref,0,0.0,0.0,0.0,0.0,,0
x_aq_lsu_top/x_aq_lsu_lfb/x_aq_lsu_lfb_entry_2/lfb_cur_ref_1,0,0.0,0.0,0.0,0.0,,0
x_aq_lsu_top/x_aq_lsu_lfb/x_aq_lsu_lfb_entry_2/lfb_cur_wrdl,0,0.0,0.0,0.0,0.0,,0
x_aq_lsu_top/x_aq_lsu_lfb/x_aq_lsu_lfb_entry_2/lfb_dp_clk,0,0.0,0.0,0.0,0.0,,0
x_aq_lsu_top/x_aq_lsu_lfb/x_aq_lsu_lfb_entry_2/lfb_dp_clk_en,2,0.00024061597690086623,7.3900000000000015,0.9633336605834737,0.0,8.1767073335401e-05,1
x_aq_lsu_top/x_aq_lsu_lfb/x_aq_lsu_lfb_entry_2/lfb_entry_vld,0,0.0,0.0,0.0,0.0,,0
x_aq_lsu_top/x_aq_lsu_lfb/x_aq_lsu_lfb_entry_2/lfb_fsm_clk,0,0.0,0.0,0.0,0.0,,0
x_aq_lsu_top/x_aq_lsu_lfb/x_aq_lsu_lfb_entry_2/lfb_fsm_clk_en,0,0.0,0.0,0.0,0.0,,0
x_aq_lsu_top/x_aq_lsu_lfb/x_aq_lsu_lfb_entry_2/lfb_ld_inst,0,0.0,0.0,0.0,0.0,,0
x_aq_lsu_top/x_aq_lsu_lfb/x_aq_lsu_lfb_entry_2/lfb_len[1:0],2,0.00024061597690086623,3.7600000000000033,0.49013999510065814,0.0,-0.011226700708829732,1
x_aq_lsu_top/x_aq_lsu_lfb/x_aq_lsu_lfb_entry_2/lfb_offset[3:0],0,0.0,0.0,0.0,0.0,,0
x_aq_lsu_top/x_aq_lsu_lfb/x_aq_lsu_lfb_entry_2/lfb_prot[2:0],0,0.0,0.0,0.0,0.0,,0
x_aq_lsu_top/x_aq_lsu_lfb/x_aq_lsu_lfb_entry_2/lfb_ptw_for_flush,0,0.0,0.0,0.0,0.0,,0
x_aq_lsu_top/x_aq_lsu_lfb/x_aq_lsu_lfb_entry_2/lfb_ref_cnt[1:0],0,0.0,0.0,0.0,0.0,,0
x_aq_lsu_top/x_aq_lsu_lfb/x_aq_lsu_lfb_entry_2/lfb_ref_en,1,0.00012030798845043312,6.270000000000003,0.8173345131066823,0.0,-0.0111453056014091,1
x_aq_lsu_top/x_aq_lsu_lfb/x_aq_lsu_lfb_entry_2/lfb_ref_idx[7:0],0,0.0,0.0,0.0,0.0,,0
x_aq_lsu_top/x_aq_lsu_lfb/x_aq_lsu_lfb_entry_2/lfb_ref_offset[1:0],0,0.0,0.0,0.0,0.0,,0
x_aq_lsu_top/x_aq_lsu_lfb/x_aq_lsu_lfb_entry_2/lfb_ref_tag[27:0],0,0.0,0.0,0.0,0.0,,0
x_aq_lsu_top/x_aq_lsu_lfb/x_aq_lsu_lfb_entry_2/lfb_size_t[2:0],2,0.00024061597690086623,3.7600000000000033,0.49013999510065814,0.0,-0.011206854623872258,2
x_aq_lsu_top/x_aq_lsu_lfb/x_aq_lsu_lfb_entry_2/lfb_so,0,0.0,0.0,0.0,0.0,,0
x_aq_lsu_top/x_aq_lsu_lfb/x_aq_lsu_lfb_entry_2/lfb_st_err,0,0.0,0.0,0.0,0.0,,0
x_aq_lsu_top/x_aq_lsu_lfb/x_aq_lsu_lfb_entry_2/lfb_user,0,0.0,0.0,0.0,0.0,,0
x_aq_lsu_top/x_aq_lsu_lfb/x_aq_lsu_lfb_entry_2/lfb_wb_en,0,0.0,0.0,0.0,0.0,,0
x_aq_lsu_top/x_aq_lsu_lfb/x_aq_lsu_lfb_entry_2/refill_done,0,0.0,0.0,0.0,0.0,,0
x_aq_lsu_top/x_aq_lsu_lfb/x_aq_lsu_lfb_entry_2/x_pa_lsu_lfb_fsm_gated_clk/clk_in,0,0.0,0.0,0.0,0.0,,0
x_aq_lsu_top/x_aq_lsu_lfb/x_aq_lsu_lfb_entry_2/x_pa_lsu_lfb_fsm_gated_clk/global_en,0,0.0,0.0,0.0,0.0,,0
x_aq_lsu_top/x_aq_lsu_lfb/x_aq_lsu_lfb_entry_2/x_pa_lsu_lfb_fsm_gated_clk/module_en,0,0.0,0.0,0.0,0.0,,0
x_aq_lsu_top/x_aq_lsu_lfb/x_aq_lsu_lfb_entry_2/x_pa_lsu_lfb_fsm_gated_clk/local_en,0,0.0,0.0,0.0,0.0,,0
x_aq_lsu_top/x_aq_lsu_lfb/x_aq_lsu_lfb_entry_2/x_pa_lsu_lfb_fsm_gated_clk/external_en,0,0.0,0.0,0.0,0.0,,0
x_aq_lsu_top/x_aq_lsu_lfb/x_aq_lsu_lfb_entry_2/x_pa_lsu_lfb_fsm_gated_clk/pad_yy_icg_scan_en,0,0.0,0.0,0.0,0.0,,0
x_aq_lsu_top/x_aq_lsu_lfb/x_aq_lsu_lfb_entry_2/x_pa_lsu_lfb_fsm_gated_clk/clk_out,0,0.0,0.0,0.0,0.0,,0
x_aq_lsu_top/x_aq_lsu_lfb/x_aq_lsu_lfb_entry_2/x_pa_lsu_lfb_fsm_gated_clk/clk_en_bf_latch,0,0.0,0.0,0.0,0.0,,0
x_aq_lsu_top/x_aq_lsu_lfb/x_aq_lsu_lfb_entry_2/x_pa_lsu_lfb_fsm_gated_clk/SE,0,0.0,0.0,0.0,0.0,,0
x_aq_lsu_top/x_aq_lsu_lfb/x_aq_lsu_lfb_entry_2/x_pa_lsu_lfb_dp_gated_clk/clk_in,0,0.0,0.0,0.0,0.0,,0
x_aq_lsu_top/x_aq_lsu_lfb/x_aq_lsu_lfb_entry_2/x_pa_lsu_lfb_dp_gated_clk/global_en,0,0.0,0.0,0.0,0.0,,0
x_aq_lsu_top/x_aq_lsu_lfb/x_aq_lsu_lfb_entry_2/x_pa_lsu_lfb_dp_gated_clk/module_en,0,0.0,0.0,0.0,0.0,,0
x_aq_lsu_top/x_aq_lsu_lfb/x_aq_lsu_lfb_entry_2/x_pa_lsu_lfb_dp_gated_clk/local_en,2,0.00024061597690086623,7.3900000000000015,0.9633336605834737,0.0,8.1767073335401e-05,1
x_aq_lsu_top/x_aq_lsu_lfb/x_aq_lsu_lfb_entry_2/x_pa_lsu_lfb_dp_gated_clk/external_en,0,0.0,0.0,0.0,0.0,,0
x_aq_lsu_top/x_aq_lsu_lfb/x_aq_lsu_lfb_entry_2/x_pa_lsu_lfb_dp_gated_clk/pad_yy_icg_scan_en,0,0.0,0.0,0.0,0.0,,0
x_aq_lsu_top/x_aq_lsu_lfb/x_aq_lsu_lfb_entry_2/x_pa_lsu_lfb_dp_gated_clk/clk_out,0,0.0,0.0,0.0,0.0,,0
x_aq_lsu_top/x_aq_lsu_lfb/x_aq_lsu_lfb_entry_2/x_pa_lsu_lfb_dp_gated_clk/clk_en_bf_latch,2,0.00024061597690086623,7.3900000000000015,0.9633336605834737,0.0,8.1767073335401e-05,1
x_aq_lsu_top/x_aq_lsu_lfb/x_aq_lsu_lfb_entry_2/x_pa_lsu_lfb_dp_gated_clk/SE,0,0.0,0.0,0.0,0.0,,0
x_aq_lsu_top/x_aq_lsu_lfb/x_aq_lsu_lfb_entry_3/bus_acc_err,0,0.0,0.0,0.0,0.0,,0
x_aq_lsu_top/x_aq_lsu_lfb/x_aq_lsu_lfb_entry_3/bus_cmplt_x,0,0.0,0.0,0.0,0.0,,0
x_aq_lsu_top/x_aq_lsu_lfb/x_aq_lsu_lfb_entry_3/bus_grant_x,0,0.0,0.0,0.0,0.0,,0
x_aq_lsu_top/x_aq_lsu_lfb/x_aq_lsu_lfb_entry_3/cp0_lsu_icg_en,0,0.0,0.0,0.0,0.0,,0
x_aq_lsu_top/x_aq_lsu_lfb/x_aq_lsu_lfb_entry_3/cpurst_b,3,0.0003609239653512993,6.4566666666666634,0.8416677043528134,0.3333333333333333,-0.052373008311376444,1
x_aq_lsu_top/x_aq_lsu_lfb/x_aq_lsu_lfb_entry_3/dc_hit_lfb_addr_x,0,0.0,0.0,0.0,0.0,,0
x_aq_lsu_top/x_aq_lsu_lfb/x_aq_lsu_lfb_entry_3/dc_hit_lfb_idx_x,0,0.0,0.0,0.0,0.0,,0
x_aq_lsu_top/x_aq_lsu_lfb/x_aq_lsu_lfb_entry_3/dc_hit_lfb_preg_x,0,0.0,0.0,0.0,0.0,,0
x_aq_lsu_top/x_aq_lsu_lfb/x_aq_lsu_lfb_entry_3/dc_hit_lfb_so_x,0,0.0,0.0,0.0,0.0,,0
x_aq_lsu_top/x_aq_lsu_lfb/x_aq_lsu_lfb_entry_3/dc_hit_lfb_vreg_x,0,0.0,0.0,0.0,0.0,,0
x_aq_lsu_top/x_aq_lsu_lfb/x_aq_lsu_lfb_entry_3/dc_xx_dest_preg[5:0],4,0.00048123195380173246,3.6900000000000004,0.4810150483833583,0.0,-0.04893792179051883,2
x_aq_lsu_top/x_aq_lsu_lfb/x_aq_lsu_lfb_entry_3/dc_xx_pa[39:0],4,0.00048123195380173246,6.417500000000001,0.8365620794038487,0.0,0.049288993232723566,6
x_aq_lsu_top/x_aq_lsu_lfb/x_aq_lsu_lfb_entry_3/forever_cpuclk,0,0.0,0.0,0.0,0.0,,0
x_aq_lsu_top/x_aq_lsu_lfb/x_aq_lsu_lfb_entry_3/ifu_lsu_warm_up,2,0.00024061597690086623,7.3900000000000015,0.9633336605834737,0.0,8.1767073335401e-05,1
x_aq_lsu_top/x_aq_lsu_lfb/x_aq_lsu_lfb_entry_3/lfb_create_alias_hit,0,0.0,0.0,0.0,0.0,,0
x_aq_lsu_top/x_aq_lsu_lfb/x_aq_lsu_lfb_entry_3/lfb_create_alias_idx[1:0],0,0.0,0.0,0.0,0.0,,0
x_aq_lsu_top/x_aq_lsu_lfb/x_aq_lsu_lfb_entry_3/lfb_create_alias_way[3:0],0,0.0,0.0,0.0,0.0,,0
x_aq_lsu_top/x_aq_lsu_lfb/x_aq_lsu_lfb_entry_3/lfb_create_amo_func[4:0],5,0.0006015399422521655,8.994000000000005,1.172425296791308,0.2,-0.03519355219326104,3
x_aq_lsu_top/x_aq_lsu_lfb/x_aq_lsu_lfb_entry_3/lfb_create_amo_inst,0,0.0,0.0,0.0,0.0,,0
x_aq_lsu_top/x_aq_lsu_lfb/x_aq_lsu_lfb_entry_3/lfb_create_attr[2:0],2,0.00024061597690086623,26.745000000000005,3.48638142791678,1.0,-0.14008442781251784,3
x_aq_lsu_top/x_aq_lsu_lfb/x_aq_lsu_lfb_entry_3/lfb_create_bytes_vld[7:0],11,0.0013233878729547641,7.787272727272731,1.0151206958491865,0.09090909090909091,0.04731407182155538,7
x_aq_lsu_top/x_aq_lsu_lfb/x_aq_lsu_lfb_entry_3/lfb_create_ca,1,0.00012030798845043312,12.09,1.5760086544592955,1.0,-0.12617851730880866,1
x_aq_lsu_top/x_aq_lsu_lfb/x_aq_lsu_lfb_entry_3/lfb_create_dest_reg[5:0],4,0.00048123195380173246,3.6900000000000004,0.4810150483833583,0.0,-0.04893792179051883,2
x_aq_lsu_top/x_aq_lsu_lfb/x_aq_lsu_lfb_entry_3/lfb_create_ele_size[1:0],8,0.0009624639076034649,7.621250000000005,0.9934785738459814,0.125,0.047910017754930444,2
x_aq_lsu_top/x_aq_lsu_lfb/x_aq_lsu_lfb_entry_3/lfb_create_en_gate_x,0,0.0,0.0,0.0,0.0,,0
x_aq_lsu_top/x_aq_lsu_lfb/x_aq_lsu_lfb_entry_3/lfb_create_en_x,0,0.0,0.0,0.0,0.0,,0
x_aq_lsu_top/x_aq_lsu_lfb/x_aq_lsu_lfb_entry_3/lfb_create_fls,2,0.00024061597690086623,5.050000000000001,0.6582997274623196,0.0,-0.04891464740260073,1
x_aq_lsu_top/x_aq_lsu_lfb/x_aq_lsu_lfb_entry_3/lfb_create_ld,0,0.0,0.0,0.0,0.0,,0
x_aq_lsu_top/x_aq_lsu_lfb/x_aq_lsu_lfb_entry_3/lfb_create_lock,0,0.0,0.0,0.0,0.0,,0
x_aq_lsu_top/x_aq_lsu_lfb/x_aq_lsu_lfb_entry_3/lfb_create_pa[39:0],0,0.0,0.0,0.0,0.0,,0
x_aq_lsu_top/x_aq_lsu_lfb/x_aq_lsu_lfb_entry_3/lfb_create_pf,1,0.00012030798845043312,12.09,1.5760086544592955,1.0,-0.12617851730880866,1
x_aq_lsu_top/x_aq_lsu_lfb/x_aq_lsu_lfb_entry_3/lfb_create_pfb_id[4:0],0,0.0,0.0,0.0,0.0,,0
x_aq_lsu_top/x_aq_lsu_lfb/x_aq_lsu_lfb_entry_3/lfb_create_priv_mode[1:0],0,0.0,0.0,0.0,0.0,,0
x_aq_lsu_top/x_aq_lsu_lfb/x_aq_lsu_lfb_entry_3/lfb_create_ptw,0,0.0,0.0,0.0,0.0,,0
x_aq_lsu_top/x_aq_lsu_lfb/x_aq_lsu_lfb_entry_3/lfb_create_sew[1:0],0,0.0,0.0,0.0,0.0,,0
x_aq_lsu_top/x_aq_lsu_lfb/x_aq_lsu_lfb_entry_3/lfb_create_shift[3:0],0,0.0,0.0,0.0,0.0,,0
x_aq_lsu_top/x_aq_lsu_lfb/x_aq_lsu_lfb_entry_3/lfb_create_sign_ext,3,0.0003609239653512993,12.643333333333336,1.648139185653187,0.0,-0.040199056800737556,1
x_aq_lsu_top/x_aq_lsu_lfb/x_aq_lsu_lfb_entry_3/lfb_create_size[1:0],8,0.0009624639076034649,7.621250000000005,0.9934785738459814,0.125,0.047910017754930444,2
x_aq_lsu_top/x_aq_lsu_lfb/x_aq_lsu_lfb_entry_3/lfb_create_split,0,0.0,0.0,0.0,0.0,,0
x_aq_lsu_top/x_aq_lsu_lfb/x_aq_lsu_lfb_entry_3/lfb_create_split_last,0,0.0,0.0,0.0,0.0,,0
x_aq_lsu_top/x_aq_lsu_lfb/x_aq_lsu_lfb_entry_3/lfb_create_stbid[1:0],0,0.0,0.0,0.0,0.0,,0
x_aq_lsu_top/x_aq_lsu_lfb/x_aq_lsu_lfb_entry_3/lfb_create_vfunc[7:0],2,0.00024061597690086623,3.7600000000000033,0.49013999510065814,0.0,-0.011206854623872171,2
x_aq_lsu_top/x_aq_lsu_lfb/x_aq_lsu_lfb_entry_3/lfb_create_virt_idx[1:0],0,0.0,0.0,0.0,0.0,,0
x_aq_lsu_top/x_aq_lsu_lfb/x_aq_lsu_lfb_entry_3/lfb_create_vl_val[6:0],0,0.0,0.0,0.0,0.0,,0
x_aq_lsu_top/x_aq_lsu_lfb/x_aq_lsu_lfb_entry_3/lfb_create_vls,0,0.0,0.0,0.0,0.0,,0
x_aq_lsu_top/x_aq_lsu_lfb/x_aq_lsu_lfb_entry_3/lfb_create_vsplit_last,0,0.0,0.0,0.0,0.0,,0
x_aq_lsu_top/x_aq_lsu_lfb/x_aq_lsu_lfb_entry_3/lfb_create_wb,0,0.0,0.0,0.0,0.0,,0
x_aq_lsu_top/x_aq_lsu_lfb/x_aq_lsu_lfb_entry_3/lfb_entry_arvalid_x,0,0.0,0.0,0.0,0.0,,0
x_aq_lsu_top/x_aq_lsu_lfb/x_aq_lsu_lfb_entry_3/lfb_entry_bus_rdy_x,0,0.0,0.0,0.0,0.0,,0
x_aq_lsu_top/x_aq_lsu_lfb/x_aq_lsu_lfb_entry_3/lfb_entry_ld_wo_stall_x,0,0.0,0.0,0.0,0.0,,0
x_aq_lsu_top/x_aq_lsu_lfb/x_aq_lsu_lfb_entry_3/lfb_entry_pop_en_x,0,0.0,0.0,0.0,0.0,,0
x_aq_lsu_top/x_aq_lsu_lfb/x_aq_lsu_lfb_entry_3/lfb_entry_rdl_req_x,0,0.0,0.0,0.0,0.0,,0
x_aq_lsu_top/x_aq_lsu_lfb/x_aq_lsu_lfb_entry_3/lfb_entry_ref_done_x,0,0.0,0.0,0.0,0.0,,0
x_aq_lsu_top/x_aq_lsu_lfb/x_aq_lsu_lfb_entry_3/lfb_entry_vld_x,0,0.0,0.0,0.0,0.0,,0
x_aq_lsu_top/x_aq_lsu_lfb/x_aq_lsu_lfb_entry_3/lfb_entry_wb_en_x,0,0.0,0.0,0.0,0.0,,0
x_aq_lsu_top/x_aq_lsu_lfb/x_aq_lsu_lfb_entry_3/lfb_entryx_arbus[54:0],2,0.00024061597690086623,3.7600000000000033,0.49013999510065814,0.0,-0.011206854623872435,6
x_aq_lsu_top/x_aq_lsu_lfb/x_aq_lsu_lfb_entry_3/lfb_entryx_dbginfo[6:0],2,0.00024061597690086623,3.7600000000000033,0.49013999510065814,0.0,-0.011206854623871793,4
x_aq_lsu_top/x_aq_lsu_lfb/x_aq_lsu_lfb_entry_3/lfb_entryx_ldbus[36:0],2,0.00024061597690086623,10.350000000000001,1.3491885503435659,0.0,-0.011305884758410422,6
x_aq_lsu_top/x_aq_lsu_lfb/x_aq_lsu_lfb_entry_3/lfb_entryx_mtval[39:0],0,0.0,0.0,0.0,0.0,,0
x_aq_lsu_top/x_aq_lsu_lfb/x_aq_lsu_lfb_entry_3/lfb_entryx_rdl_bus[50:0],2,0.00024061597690086623,3.7600000000000033,0.49013999510065814,0.0,-0.011206854623872189,3
x_aq_lsu_top/x_aq_lsu_lfb/x_aq_lsu_lfb_entry_3/lfb_entryx_refbus[44:0],2,0.00024061597690086623,3.7600000000000033,0.49013999510065814,0.0,-0.011206854623872258,2
x_aq_lsu_top/x_aq_lsu_lfb/x_aq_lsu_lfb_entry_3/lfb_entryx_stbus[6:0],0,0.0,0.0,0.0,0.0,,0
x_aq_lsu_top/x_aq_lsu_lfb/x_aq_lsu_lfb_entry_3/lfb_entryx_vldbus[20:0],2,0.00024061597690086623,10.350000000000001,1.3491885503435659,0.0,-0.011305884758410524,2
x_aq_lsu_top/x_aq_lsu_lfb/x_aq_lsu_lfb_entry_3/pad_yy_icg_scan_en,0,0.0,0.0,0.0,0.0,,0
x_aq_lsu_top/x_aq_lsu_lfb/x_aq_lsu_lfb_entry_3/pfb_hit_lfb_idx_x,0,0.0,0.0,0.0,0.0,,0
x_aq_lsu_top/x_aq_lsu_lfb/x_aq_lsu_lfb_entry_3/pfb_xx_pa[39:0],0,0.0,0.0,0.0,0.0,,0
x_aq_lsu_top/x_aq_lsu_lfb/x_aq_lsu_lfb_entry_3/rdl_cmplt_x,0,0.0,0.0,0.0,0.0,,0
x_aq_lsu_top/x_aq_lsu_lfb/x_aq_lsu_lfb_entry_3/rdl_grant_x,0,0.0,0.0,0.0,0.0,,0
x_aq_lsu_top/x_aq_lsu_lfb/x_aq_lsu_lfb_entry_3/rdl_lfb_alias_hit,0,0.0,0.0,0.0,0.0,,0
x_aq_lsu_top/x_aq_lsu_lfb/x_aq_lsu_lfb_entry_3/rdl_lfb_cache_hit,0,0.0,0.0,0.0,0.0,,0
x_aq_lsu_top/x_aq_lsu_lfb/x_aq_lsu_lfb_entry_3/rdl_lfb_ref_fifo[3:0],1,0.00012030798845043312,6.270000000000003,0.8173345131066823,0.0,-0.0111453056014091,1
x_aq_lsu_top/x_aq_lsu_lfb/x_aq_lsu_lfb_entry_3/rtu_yy_xx_async_flush,0,0.0,0.0,0.0,0.0,,0
x_aq_lsu_top/x_aq_lsu_lfb/x_aq_lsu_lfb_entry_3/lfb_buf,0,0.0,0.0,0.0,0.0,,0
x_aq_lsu_top/x_aq_lsu_lfb/x_aq_lsu_lfb_entry_3/lfb_cache[3:0],2,0.00024061597690086623,3.7600000000000033,0.49013999510065814,0.0,-0.01120685462387242,3
x_aq_lsu_top/x_aq_lsu_lfb/x_aq_lsu_lfb_entry_3/lfb_cur_idle,1,0.00012030798845043312,41.400000000000006,5.3967542013742635,1.0,-0.14861602140388885,1
x_aq_lsu_top/x_aq_lsu_lfb/x_aq_lsu_lfb_entry_3/lfb_cur_rbus,0,0.0,0.0,0.0,0.0,,0
x_aq_lsu_top/x_aq_lsu_lfb/x_aq_lsu_lfb_entry_3/lfb_cur_rdl,0,0.0,0.0,0.0,0.0,,0
x_aq_lsu_top/x_aq_lsu_lfb/x_aq_lsu_lfb_entry_3/lfb_cur_ref,0,0.0,0.0,0.0,0.0,,0
x_aq_lsu_top/x_aq_lsu_lfb/x_aq_lsu_lfb_entry_3/lfb_cur_ref_1,0,0.0,0.0,0.0,0.0,,0
x_aq_lsu_top/x_aq_lsu_lfb/x_aq_lsu_lfb_entry_3/lfb_cur_wrdl,0,0.0,0.0,0.0,0.0,,0
x_aq_lsu_top/x_aq_lsu_lfb/x_aq_lsu_lfb_entry_3/lfb_dp_clk,0,0.0,0.0,0.0,0.0,,0
x_aq_lsu_top/x_aq_lsu_lfb/x_aq_lsu_lfb_entry_3/lfb_dp_clk_en,2,0.00024061597690086623,7.3900000000000015,0.9633336605834737,0.0,8.1767073335401e-05,1
x_aq_lsu_top/x_aq_lsu_lfb/x_aq_lsu_lfb_entry_3/lfb_entry_vld,0,0.0,0.0,0.0,0.0,,0
x_aq_lsu_top/x_aq_lsu_lfb/x_aq_lsu_lfb_entry_3/lfb_fsm_clk,0,0.0,0.0,0.0,0.0,,0
x_aq_lsu_top/x_aq_lsu_lfb/x_aq_lsu_lfb_entry_3/lfb_fsm_clk_en,0,0.0,0.0,0.0,0.0,,0
x_aq_lsu_top/x_aq_lsu_lfb/x_aq_lsu_lfb_entry_3/lfb_ld_inst,0,0.0,0.0,0.0,0.0,,0
x_aq_lsu_top/x_aq_lsu_lfb/x_aq_lsu_lfb_entry_3/lfb_len[1:0],2,0.00024061597690086623,3.7600000000000033,0.49013999510065814,0.0,-0.011226700708829732,1
x_aq_lsu_top/x_aq_lsu_lfb/x_aq_lsu_lfb_entry_3/lfb_offset[3:0],0,0.0,0.0,0.0,0.0,,0
x_aq_lsu_top/x_aq_lsu_lfb/x_aq_lsu_lfb_entry_3/lfb_prot[2:0],0,0.0,0.0,0.0,0.0,,0
x_aq_lsu_top/x_aq_lsu_lfb/x_aq_lsu_lfb_entry_3/lfb_ptw_for_flush,0,0.0,0.0,0.0,0.0,,0
x_aq_lsu_top/x_aq_lsu_lfb/x_aq_lsu_lfb_entry_3/lfb_ref_cnt[1:0],0,0.0,0.0,0.0,0.0,,0
x_aq_lsu_top/x_aq_lsu_lfb/x_aq_lsu_lfb_entry_3/lfb_ref_en,1,0.00012030798845043312,6.270000000000003,0.8173345131066823,0.0,-0.0111453056014091,1
x_aq_lsu_top/x_aq_lsu_lfb/x_aq_lsu_lfb_entry_3/lfb_ref_idx[7:0],0,0.0,0.0,0.0,0.0,,0
x_aq_lsu_top/x_aq_lsu_lfb/x_aq_lsu_lfb_entry_3/lfb_ref_offset[1:0],0,0.0,0.0,0.0,0.0,,0
x_aq_lsu_top/x_aq_lsu_lfb/x_aq_lsu_lfb_entry_3/lfb_ref_tag[27:0],0,0.0,0.0,0.0,0.0,,0
x_aq_lsu_top/x_aq_lsu_lfb/x_aq_lsu_lfb_entry_3/lfb_size_t[2:0],2,0.00024061597690086623,3.7600000000000033,0.49013999510065814,0.0,-0.011206854623872258,2
x_aq_lsu_top/x_aq_lsu_lfb/x_aq_lsu_lfb_entry_3/lfb_so,0,0.0,0.0,0.0,0.0,,0
x_aq_lsu_top/x_aq_lsu_lfb/x_aq_lsu_lfb_entry_3/lfb_st_err,0,0.0,0.0,0.0,0.0,,0
x_aq_lsu_top/x_aq_lsu_lfb/x_aq_lsu_lfb_entry_3/lfb_user,0,0.0,0.0,0.0,0.0,,0
x_aq_lsu_top/x_aq_lsu_lfb/x_aq_lsu_lfb_entry_3/lfb_wb_en,0,0.0,0.0,0.0,0.0,,0
x_aq_lsu_top/x_aq_lsu_lfb/x_aq_lsu_lfb_entry_3/refill_done,0,0.0,0.0,0.0,0.0,,0
x_aq_lsu_top/x_aq_lsu_lfb/x_aq_lsu_lfb_entry_3/x_pa_lsu_lfb_fsm_gated_clk/clk_in,0,0.0,0.0,0.0,0.0,,0
x_aq_lsu_top/x_aq_lsu_lfb/x_aq_lsu_lfb_entry_3/x_pa_lsu_lfb_fsm_gated_clk/global_en,0,0.0,0.0,0.0,0.0,,0
x_aq_lsu_top/x_aq_lsu_lfb/x_aq_lsu_lfb_entry_3/x_pa_lsu_lfb_fsm_gated_clk/module_en,0,0.0,0.0,0.0,0.0,,0
x_aq_lsu_top/x_aq_lsu_lfb/x_aq_lsu_lfb_entry_3/x_pa_lsu_lfb_fsm_gated_clk/local_en,0,0.0,0.0,0.0,0.0,,0
x_aq_lsu_top/x_aq_lsu_lfb/x_aq_lsu_lfb_entry_3/x_pa_lsu_lfb_fsm_gated_clk/external_en,0,0.0,0.0,0.0,0.0,,0
x_aq_lsu_top/x_aq_lsu_lfb/x_aq_lsu_lfb_entry_3/x_pa_lsu_lfb_fsm_gated_clk/pad_yy_icg_scan_en,0,0.0,0.0,0.0,0.0,,0
x_aq_lsu_top/x_aq_lsu_lfb/x_aq_lsu_lfb_entry_3/x_pa_lsu_lfb_fsm_gated_clk/clk_out,0,0.0,0.0,0.0,0.0,,0
x_aq_lsu_top/x_aq_lsu_lfb/x_aq_lsu_lfb_entry_3/x_pa_lsu_lfb_fsm_gated_clk/clk_en_bf_latch,0,0.0,0.0,0.0,0.0,,0
x_aq_lsu_top/x_aq_lsu_lfb/x_aq_lsu_lfb_entry_3/x_pa_lsu_lfb_fsm_gated_clk/SE,0,0.0,0.0,0.0,0.0,,0
x_aq_lsu_top/x_aq_lsu_lfb/x_aq_lsu_lfb_entry_3/x_pa_lsu_lfb_dp_gated_clk/clk_in,0,0.0,0.0,0.0,0.0,,0
x_aq_lsu_top/x_aq_lsu_lfb/x_aq_lsu_lfb_entry_3/x_pa_lsu_lfb_dp_gated_clk/global_en,0,0.0,0.0,0.0,0.0,,0
x_aq_lsu_top/x_aq_lsu_lfb/x_aq_lsu_lfb_entry_3/x_pa_lsu_lfb_dp_gated_clk/module_en,0,0.0,0.0,0.0,0.0,,0
x_aq_lsu_top/x_aq_lsu_lfb/x_aq_lsu_lfb_entry_3/x_pa_lsu_lfb_dp_gated_clk/local_en,2,0.00024061597690086623,7.3900000000000015,0.9633336605834737,0.0,8.1767073335401e-05,1
x_aq_lsu_top/x_aq_lsu_lfb/x_aq_lsu_lfb_entry_3/x_pa_lsu_lfb_dp_gated_clk/external_en,0,0.0,0.0,0.0,0.0,,0
x_aq_lsu_top/x_aq_lsu_lfb/x_aq_lsu_lfb_entry_3/x_pa_lsu_lfb_dp_gated_clk/pad_yy_icg_scan_en,0,0.0,0.0,0.0,0.0,,0
x_aq_lsu_top/x_aq_lsu_lfb/x_aq_lsu_lfb_entry_3/x_pa_lsu_lfb_dp_gated_clk/clk_out,0,0.0,0.0,0.0,0.0,,0
x_aq_lsu_top/x_aq_lsu_lfb/x_aq_lsu_lfb_entry_3/x_pa_lsu_lfb_dp_gated_clk/clk_en_bf_latch,2,0.00024061597690086623,7.3900000000000015,0.9633336605834737,0.0,8.1767073335401e-05,1
x_aq_lsu_top/x_aq_lsu_lfb/x_aq_lsu_lfb_entry_3/x_pa_lsu_lfb_dp_gated_clk/SE,0,0.0,0.0,0.0,0.0,,0
x_aq_lsu_top/x_aq_lsu_lfb/x_aq_lsu_lfb_entry_4/bus_acc_err,0,0.0,0.0,0.0,0.0,,0
x_aq_lsu_top/x_aq_lsu_lfb/x_aq_lsu_lfb_entry_4/bus_cmplt_x,0,0.0,0.0,0.0,0.0,,0
x_aq_lsu_top/x_aq_lsu_lfb/x_aq_lsu_lfb_entry_4/bus_grant_x,0,0.0,0.0,0.0,0.0,,0
x_aq_lsu_top/x_aq_lsu_lfb/x_aq_lsu_lfb_entry_4/cp0_lsu_icg_en,0,0.0,0.0,0.0,0.0,,0
x_aq_lsu_top/x_aq_lsu_lfb/x_aq_lsu_lfb_entry_4/cpurst_b,3,0.0003609239653512993,6.4566666666666634,0.8416677043528134,0.3333333333333333,-0.052373008311376444,1
x_aq_lsu_top/x_aq_lsu_lfb/x_aq_lsu_lfb_entry_4/dc_hit_lfb_addr_x,0,0.0,0.0,0.0,0.0,,0
x_aq_lsu_top/x_aq_lsu_lfb/x_aq_lsu_lfb_entry_4/dc_hit_lfb_idx_x,0,0.0,0.0,0.0,0.0,,0
x_aq_lsu_top/x_aq_lsu_lfb/x_aq_lsu_lfb_entry_4/dc_hit_lfb_preg_x,0,0.0,0.0,0.0,0.0,,0
x_aq_lsu_top/x_aq_lsu_lfb/x_aq_lsu_lfb_entry_4/dc_hit_lfb_so_x,0,0.0,0.0,0.0,0.0,,0
x_aq_lsu_top/x_aq_lsu_lfb/x_aq_lsu_lfb_entry_4/dc_hit_lfb_vreg_x,0,0.0,0.0,0.0,0.0,,0
x_aq_lsu_top/x_aq_lsu_lfb/x_aq_lsu_lfb_entry_4/dc_xx_dest_preg[5:0],4,0.00048123195380173246,3.6900000000000004,0.4810150483833583,0.0,-0.04893792179051883,2
x_aq_lsu_top/x_aq_lsu_lfb/x_aq_lsu_lfb_entry_4/dc_xx_pa[39:0],4,0.00048123195380173246,6.417500000000001,0.8365620794038487,0.0,0.049288993232723566,6
x_aq_lsu_top/x_aq_lsu_lfb/x_aq_lsu_lfb_entry_4/forever_cpuclk,0,0.0,0.0,0.0,0.0,,0
x_aq_lsu_top/x_aq_lsu_lfb/x_aq_lsu_lfb_entry_4/ifu_lsu_warm_up,2,0.00024061597690086623,7.3900000000000015,0.9633336605834737,0.0,8.1767073335401e-05,1
x_aq_lsu_top/x_aq_lsu_lfb/x_aq_lsu_lfb_entry_4/lfb_create_alias_hit,0,0.0,0.0,0.0,0.0,,0
x_aq_lsu_top/x_aq_lsu_lfb/x_aq_lsu_lfb_entry_4/lfb_create_alias_idx[1:0],0,0.0,0.0,0.0,0.0,,0
x_aq_lsu_top/x_aq_lsu_lfb/x_aq_lsu_lfb_entry_4/lfb_create_alias_way[3:0],0,0.0,0.0,0.0,0.0,,0
x_aq_lsu_top/x_aq_lsu_lfb/x_aq_lsu_lfb_entry_4/lfb_create_amo_func[4:0],5,0.0006015399422521655,8.994000000000005,1.172425296791308,0.2,-0.03519355219326104,3
x_aq_lsu_top/x_aq_lsu_lfb/x_aq_lsu_lfb_entry_4/lfb_create_amo_inst,0,0.0,0.0,0.0,0.0,,0
x_aq_lsu_top/x_aq_lsu_lfb/x_aq_lsu_lfb_entry_4/lfb_create_attr[2:0],2,0.00024061597690086623,26.745000000000005,3.48638142791678,1.0,-0.14008442781251784,3
x_aq_lsu_top/x_aq_lsu_lfb/x_aq_lsu_lfb_entry_4/lfb_create_bytes_vld[7:0],11,0.0013233878729547641,7.787272727272731,1.0151206958491865,0.09090909090909091,0.04731407182155538,7
x_aq_lsu_top/x_aq_lsu_lfb/x_aq_lsu_lfb_entry_4/lfb_create_ca,1,0.00012030798845043312,12.09,1.5760086544592955,1.0,-0.12617851730880866,1
x_aq_lsu_top/x_aq_lsu_lfb/x_aq_lsu_lfb_entry_4/lfb_create_dest_reg[5:0],4,0.00048123195380173246,3.6900000000000004,0.4810150483833583,0.0,-0.04893792179051883,2
x_aq_lsu_top/x_aq_lsu_lfb/x_aq_lsu_lfb_entry_4/lfb_create_ele_size[1:0],8,0.0009624639076034649,7.621250000000005,0.9934785738459814,0.125,0.047910017754930444,2
x_aq_lsu_top/x_aq_lsu_lfb/x_aq_lsu_lfb_entry_4/lfb_create_en_gate_x,0,0.0,0.0,0.0,0.0,,0
x_aq_lsu_top/x_aq_lsu_lfb/x_aq_lsu_lfb_entry_4/lfb_create_en_x,0,0.0,0.0,0.0,0.0,,0
x_aq_lsu_top/x_aq_lsu_lfb/x_aq_lsu_lfb_entry_4/lfb_create_fls,2,0.00024061597690086623,5.050000000000001,0.6582997274623196,0.0,-0.04891464740260073,1
x_aq_lsu_top/x_aq_lsu_lfb/x_aq_lsu_lfb_entry_4/lfb_create_ld,0,0.0,0.0,0.0,0.0,,0
x_aq_lsu_top/x_aq_lsu_lfb/x_aq_lsu_lfb_entry_4/lfb_create_lock,0,0.0,0.0,0.0,0.0,,0
x_aq_lsu_top/x_aq_lsu_lfb/x_aq_lsu_lfb_entry_4/lfb_create_pa[39:0],0,0.0,0.0,0.0,0.0,,0
x_aq_lsu_top/x_aq_lsu_lfb/x_aq_lsu_lfb_entry_4/lfb_create_pf,1,0.00012030798845043312,12.09,1.5760086544592955,1.0,-0.12617851730880866,1
x_aq_lsu_top/x_aq_lsu_lfb/x_aq_lsu_lfb_entry_4/lfb_create_pfb_id[4:0],0,0.0,0.0,0.0,0.0,,0
x_aq_lsu_top/x_aq_lsu_lfb/x_aq_lsu_lfb_entry_4/lfb_create_priv_mode[1:0],0,0.0,0.0,0.0,0.0,,0
x_aq_lsu_top/x_aq_lsu_lfb/x_aq_lsu_lfb_entry_4/lfb_create_ptw,0,0.0,0.0,0.0,0.0,,0
x_aq_lsu_top/x_aq_lsu_lfb/x_aq_lsu_lfb_entry_4/lfb_create_sew[1:0],0,0.0,0.0,0.0,0.0,,0
x_aq_lsu_top/x_aq_lsu_lfb/x_aq_lsu_lfb_entry_4/lfb_create_shift[3:0],0,0.0,0.0,0.0,0.0,,0
x_aq_lsu_top/x_aq_lsu_lfb/x_aq_lsu_lfb_entry_4/lfb_create_sign_ext,3,0.0003609239653512993,12.643333333333336,1.648139185653187,0.0,-0.040199056800737556,1
x_aq_lsu_top/x_aq_lsu_lfb/x_aq_lsu_lfb_entry_4/lfb_create_size[1:0],8,0.0009624639076034649,7.621250000000005,0.9934785738459814,0.125,0.047910017754930444,2
x_aq_lsu_top/x_aq_lsu_lfb/x_aq_lsu_lfb_entry_4/lfb_create_split,0,0.0,0.0,0.0,0.0,,0
x_aq_lsu_top/x_aq_lsu_lfb/x_aq_lsu_lfb_entry_4/lfb_create_split_last,0,0.0,0.0,0.0,0.0,,0
x_aq_lsu_top/x_aq_lsu_lfb/x_aq_lsu_lfb_entry_4/lfb_create_stbid[1:0],0,0.0,0.0,0.0,0.0,,0
x_aq_lsu_top/x_aq_lsu_lfb/x_aq_lsu_lfb_entry_4/lfb_create_vfunc[7:0],2,0.00024061597690086623,3.7600000000000033,0.49013999510065814,0.0,-0.011206854623872171,2
x_aq_lsu_top/x_aq_lsu_lfb/x_aq_lsu_lfb_entry_4/lfb_create_virt_idx[1:0],0,0.0,0.0,0.0,0.0,,0
x_aq_lsu_top/x_aq_lsu_lfb/x_aq_lsu_lfb_entry_4/lfb_create_vl_val[6:0],0,0.0,0.0,0.0,0.0,,0
x_aq_lsu_top/x_aq_lsu_lfb/x_aq_lsu_lfb_entry_4/lfb_create_vls,0,0.0,0.0,0.0,0.0,,0
x_aq_lsu_top/x_aq_lsu_lfb/x_aq_lsu_lfb_entry_4/lfb_create_vsplit_last,0,0.0,0.0,0.0,0.0,,0
x_aq_lsu_top/x_aq_lsu_lfb/x_aq_lsu_lfb_entry_4/lfb_create_wb,0,0.0,0.0,0.0,0.0,,0
x_aq_lsu_top/x_aq_lsu_lfb/x_aq_lsu_lfb_entry_4/lfb_entry_arvalid_x,0,0.0,0.0,0.0,0.0,,0
x_aq_lsu_top/x_aq_lsu_lfb/x_aq_lsu_lfb_entry_4/lfb_entry_bus_rdy_x,0,0.0,0.0,0.0,0.0,,0
x_aq_lsu_top/x_aq_lsu_lfb/x_aq_lsu_lfb_entry_4/lfb_entry_ld_wo_stall_x,0,0.0,0.0,0.0,0.0,,0
x_aq_lsu_top/x_aq_lsu_lfb/x_aq_lsu_lfb_entry_4/lfb_entry_pop_en_x,0,0.0,0.0,0.0,0.0,,0
x_aq_lsu_top/x_aq_lsu_lfb/x_aq_lsu_lfb_entry_4/lfb_entry_rdl_req_x,0,0.0,0.0,0.0,0.0,,0
x_aq_lsu_top/x_aq_lsu_lfb/x_aq_lsu_lfb_entry_4/lfb_entry_ref_done_x,0,0.0,0.0,0.0,0.0,,0
x_aq_lsu_top/x_aq_lsu_lfb/x_aq_lsu_lfb_entry_4/lfb_entry_vld_x,0,0.0,0.0,0.0,0.0,,0
x_aq_lsu_top/x_aq_lsu_lfb/x_aq_lsu_lfb_entry_4/lfb_entry_wb_en_x,0,0.0,0.0,0.0,0.0,,0
x_aq_lsu_top/x_aq_lsu_lfb/x_aq_lsu_lfb_entry_4/lfb_entryx_arbus[54:0],2,0.00024061597690086623,3.7600000000000033,0.49013999510065814,0.0,-0.011206854623872435,6
x_aq_lsu_top/x_aq_lsu_lfb/x_aq_lsu_lfb_entry_4/lfb_entryx_dbginfo[6:0],2,0.00024061597690086623,3.7600000000000033,0.49013999510065814,0.0,-0.011206854623871793,4
x_aq_lsu_top/x_aq_lsu_lfb/x_aq_lsu_lfb_entry_4/lfb_entryx_ldbus[36:0],2,0.00024061597690086623,10.350000000000001,1.3491885503435659,0.0,-0.011305884758410422,6
x_aq_lsu_top/x_aq_lsu_lfb/x_aq_lsu_lfb_entry_4/lfb_entryx_mtval[39:0],0,0.0,0.0,0.0,0.0,,0
x_aq_lsu_top/x_aq_lsu_lfb/x_aq_lsu_lfb_entry_4/lfb_entryx_rdl_bus[50:0],2,0.00024061597690086623,3.7600000000000033,0.49013999510065814,0.0,-0.011206854623872189,3
x_aq_lsu_top/x_aq_lsu_lfb/x_aq_lsu_lfb_entry_4/lfb_entryx_refbus[44:0],2,0.00024061597690086623,3.7600000000000033,0.49013999510065814,0.0,-0.011206854623872258,2
x_aq_lsu_top/x_aq_lsu_lfb/x_aq_lsu_lfb_entry_4/lfb_entryx_stbus[6:0],0,0.0,0.0,0.0,0.0,,0
x_aq_lsu_top/x_aq_lsu_lfb/x_aq_lsu_lfb_entry_4/lfb_entryx_vldbus[20:0],2,0.00024061597690086623,10.350000000000001,1.3491885503435659,0.0,-0.011305884758410524,2
x_aq_lsu_top/x_aq_lsu_lfb/x_aq_lsu_lfb_entry_4/pad_yy_icg_scan_en,0,0.0,0.0,0.0,0.0,,0
x_aq_lsu_top/x_aq_lsu_lfb/x_aq_lsu_lfb_entry_4/pfb_hit_lfb_idx_x,0,0.0,0.0,0.0,0.0,,0
x_aq_lsu_top/x_aq_lsu_lfb/x_aq_lsu_lfb_entry_4/pfb_xx_pa[39:0],0,0.0,0.0,0.0,0.0,,0
x_aq_lsu_top/x_aq_lsu_lfb/x_aq_lsu_lfb_entry_4/rdl_cmplt_x,0,0.0,0.0,0.0,0.0,,0
x_aq_lsu_top/x_aq_lsu_lfb/x_aq_lsu_lfb_entry_4/rdl_grant_x,0,0.0,0.0,0.0,0.0,,0
x_aq_lsu_top/x_aq_lsu_lfb/x_aq_lsu_lfb_entry_4/rdl_lfb_alias_hit,0,0.0,0.0,0.0,0.0,,0
x_aq_lsu_top/x_aq_lsu_lfb/x_aq_lsu_lfb_entry_4/rdl_lfb_cache_hit,0,0.0,0.0,0.0,0.0,,0
x_aq_lsu_top/x_aq_lsu_lfb/x_aq_lsu_lfb_entry_4/rdl_lfb_ref_fifo[3:0],1,0.00012030798845043312,6.270000000000003,0.8173345131066823,0.0,-0.0111453056014091,1
x_aq_lsu_top/x_aq_lsu_lfb/x_aq_lsu_lfb_entry_4/rtu_yy_xx_async_flush,0,0.0,0.0,0.0,0.0,,0
x_aq_lsu_top/x_aq_lsu_lfb/x_aq_lsu_lfb_entry_4/lfb_buf,0,0.0,0.0,0.0,0.0,,0
x_aq_lsu_top/x_aq_lsu_lfb/x_aq_lsu_lfb_entry_4/lfb_cache[3:0],2,0.00024061597690086623,3.7600000000000033,0.49013999510065814,0.0,-0.01120685462387242,3
x_aq_lsu_top/x_aq_lsu_lfb/x_aq_lsu_lfb_entry_4/lfb_cur_idle,1,0.00012030798845043312,41.400000000000006,5.3967542013742635,1.0,-0.14861602140388885,1
x_aq_lsu_top/x_aq_lsu_lfb/x_aq_lsu_lfb_entry_4/lfb_cur_rbus,0,0.0,0.0,0.0,0.0,,0
x_aq_lsu_top/x_aq_lsu_lfb/x_aq_lsu_lfb_entry_4/lfb_cur_rdl,0,0.0,0.0,0.0,0.0,,0
x_aq_lsu_top/x_aq_lsu_lfb/x_aq_lsu_lfb_entry_4/lfb_cur_ref,0,0.0,0.0,0.0,0.0,,0
x_aq_lsu_top/x_aq_lsu_lfb/x_aq_lsu_lfb_entry_4/lfb_cur_ref_1,0,0.0,0.0,0.0,0.0,,0
x_aq_lsu_top/x_aq_lsu_lfb/x_aq_lsu_lfb_entry_4/lfb_cur_wrdl,0,0.0,0.0,0.0,0.0,,0
x_aq_lsu_top/x_aq_lsu_lfb/x_aq_lsu_lfb_entry_4/lfb_dp_clk,0,0.0,0.0,0.0,0.0,,0
x_aq_lsu_top/x_aq_lsu_lfb/x_aq_lsu_lfb_entry_4/lfb_dp_clk_en,2,0.00024061597690086623,7.3900000000000015,0.9633336605834737,0.0,8.1767073335401e-05,1
x_aq_lsu_top/x_aq_lsu_lfb/x_aq_lsu_lfb_entry_4/lfb_entry_vld,0,0.0,0.0,0.0,0.0,,0
x_aq_lsu_top/x_aq_lsu_lfb/x_aq_lsu_lfb_entry_4/lfb_fsm_clk,0,0.0,0.0,0.0,0.0,,0
x_aq_lsu_top/x_aq_lsu_lfb/x_aq_lsu_lfb_entry_4/lfb_fsm_clk_en,0,0.0,0.0,0.0,0.0,,0
x_aq_lsu_top/x_aq_lsu_lfb/x_aq_lsu_lfb_entry_4/lfb_ld_inst,0,0.0,0.0,0.0,0.0,,0
x_aq_lsu_top/x_aq_lsu_lfb/x_aq_lsu_lfb_entry_4/lfb_len[1:0],2,0.00024061597690086623,3.7600000000000033,0.49013999510065814,0.0,-0.011226700708829732,1
x_aq_lsu_top/x_aq_lsu_lfb/x_aq_lsu_lfb_entry_4/lfb_offset[3:0],0,0.0,0.0,0.0,0.0,,0
x_aq_lsu_top/x_aq_lsu_lfb/x_aq_lsu_lfb_entry_4/lfb_prot[2:0],0,0.0,0.0,0.0,0.0,,0
x_aq_lsu_top/x_aq_lsu_lfb/x_aq_lsu_lfb_entry_4/lfb_ptw_for_flush,0,0.0,0.0,0.0,0.0,,0
x_aq_lsu_top/x_aq_lsu_lfb/x_aq_lsu_lfb_entry_4/lfb_ref_cnt[1:0],0,0.0,0.0,0.0,0.0,,0
x_aq_lsu_top/x_aq_lsu_lfb/x_aq_lsu_lfb_entry_4/lfb_ref_en,1,0.00012030798845043312,6.270000000000003,0.8173345131066823,0.0,-0.0111453056014091,1
x_aq_lsu_top/x_aq_lsu_lfb/x_aq_lsu_lfb_entry_4/lfb_ref_idx[7:0],0,0.0,0.0,0.0,0.0,,0
x_aq_lsu_top/x_aq_lsu_lfb/x_aq_lsu_lfb_entry_4/lfb_ref_offset[1:0],0,0.0,0.0,0.0,0.0,,0
x_aq_lsu_top/x_aq_lsu_lfb/x_aq_lsu_lfb_entry_4/lfb_ref_tag[27:0],0,0.0,0.0,0.0,0.0,,0
x_aq_lsu_top/x_aq_lsu_lfb/x_aq_lsu_lfb_entry_4/lfb_size_t[2:0],2,0.00024061597690086623,3.7600000000000033,0.49013999510065814,0.0,-0.011206854623872258,2
x_aq_lsu_top/x_aq_lsu_lfb/x_aq_lsu_lfb_entry_4/lfb_so,0,0.0,0.0,0.0,0.0,,0
x_aq_lsu_top/x_aq_lsu_lfb/x_aq_lsu_lfb_entry_4/lfb_st_err,0,0.0,0.0,0.0,0.0,,0
x_aq_lsu_top/x_aq_lsu_lfb/x_aq_lsu_lfb_entry_4/lfb_user,0,0.0,0.0,0.0,0.0,,0
x_aq_lsu_top/x_aq_lsu_lfb/x_aq_lsu_lfb_entry_4/lfb_wb_en,0,0.0,0.0,0.0,0.0,,0
x_aq_lsu_top/x_aq_lsu_lfb/x_aq_lsu_lfb_entry_4/refill_done,0,0.0,0.0,0.0,0.0,,0
x_aq_lsu_top/x_aq_lsu_lfb/x_aq_lsu_lfb_entry_4/x_pa_lsu_lfb_fsm_gated_clk/clk_in,0,0.0,0.0,0.0,0.0,,0
x_aq_lsu_top/x_aq_lsu_lfb/x_aq_lsu_lfb_entry_4/x_pa_lsu_lfb_fsm_gated_clk/global_en,0,0.0,0.0,0.0,0.0,,0
x_aq_lsu_top/x_aq_lsu_lfb/x_aq_lsu_lfb_entry_4/x_pa_lsu_lfb_fsm_gated_clk/module_en,0,0.0,0.0,0.0,0.0,,0
x_aq_lsu_top/x_aq_lsu_lfb/x_aq_lsu_lfb_entry_4/x_pa_lsu_lfb_fsm_gated_clk/local_en,0,0.0,0.0,0.0,0.0,,0
x_aq_lsu_top/x_aq_lsu_lfb/x_aq_lsu_lfb_entry_4/x_pa_lsu_lfb_fsm_gated_clk/external_en,0,0.0,0.0,0.0,0.0,,0
x_aq_lsu_top/x_aq_lsu_lfb/x_aq_lsu_lfb_entry_4/x_pa_lsu_lfb_fsm_gated_clk/pad_yy_icg_scan_en,0,0.0,0.0,0.0,0.0,,0
x_aq_lsu_top/x_aq_lsu_lfb/x_aq_lsu_lfb_entry_4/x_pa_lsu_lfb_fsm_gated_clk/clk_out,0,0.0,0.0,0.0,0.0,,0
x_aq_lsu_top/x_aq_lsu_lfb/x_aq_lsu_lfb_entry_4/x_pa_lsu_lfb_fsm_gated_clk/clk_en_bf_latch,0,0.0,0.0,0.0,0.0,,0
x_aq_lsu_top/x_aq_lsu_lfb/x_aq_lsu_lfb_entry_4/x_pa_lsu_lfb_fsm_gated_clk/SE,0,0.0,0.0,0.0,0.0,,0
x_aq_lsu_top/x_aq_lsu_lfb/x_aq_lsu_lfb_entry_4/x_pa_lsu_lfb_dp_gated_clk/clk_in,0,0.0,0.0,0.0,0.0,,0
x_aq_lsu_top/x_aq_lsu_lfb/x_aq_lsu_lfb_entry_4/x_pa_lsu_lfb_dp_gated_clk/global_en,0,0.0,0.0,0.0,0.0,,0
x_aq_lsu_top/x_aq_lsu_lfb/x_aq_lsu_lfb_entry_4/x_pa_lsu_lfb_dp_gated_clk/module_en,0,0.0,0.0,0.0,0.0,,0
x_aq_lsu_top/x_aq_lsu_lfb/x_aq_lsu_lfb_entry_4/x_pa_lsu_lfb_dp_gated_clk/local_en,2,0.00024061597690086623,7.3900000000000015,0.9633336605834737,0.0,8.1767073335401e-05,1
x_aq_lsu_top/x_aq_lsu_lfb/x_aq_lsu_lfb_entry_4/x_pa_lsu_lfb_dp_gated_clk/external_en,0,0.0,0.0,0.0,0.0,,0
x_aq_lsu_top/x_aq_lsu_lfb/x_aq_lsu_lfb_entry_4/x_pa_lsu_lfb_dp_gated_clk/pad_yy_icg_scan_en,0,0.0,0.0,0.0,0.0,,0
x_aq_lsu_top/x_aq_lsu_lfb/x_aq_lsu_lfb_entry_4/x_pa_lsu_lfb_dp_gated_clk/clk_out,0,0.0,0.0,0.0,0.0,,0
x_aq_lsu_top/x_aq_lsu_lfb/x_aq_lsu_lfb_entry_4/x_pa_lsu_lfb_dp_gated_clk/clk_en_bf_latch,2,0.00024061597690086623,7.3900000000000015,0.9633336605834737,0.0,8.1767073335401e-05,1
x_aq_lsu_top/x_aq_lsu_lfb/x_aq_lsu_lfb_entry_4/x_pa_lsu_lfb_dp_gated_clk/SE,0,0.0,0.0,0.0,0.0,,0
x_aq_lsu_top/x_aq_lsu_lfb/x_aq_lsu_lfb_entry_5/bus_acc_err,0,0.0,0.0,0.0,0.0,,0
x_aq_lsu_top/x_aq_lsu_lfb/x_aq_lsu_lfb_entry_5/bus_cmplt_x,0,0.0,0.0,0.0,0.0,,0
x_aq_lsu_top/x_aq_lsu_lfb/x_aq_lsu_lfb_entry_5/bus_grant_x,0,0.0,0.0,0.0,0.0,,0
x_aq_lsu_top/x_aq_lsu_lfb/x_aq_lsu_lfb_entry_5/cp0_lsu_icg_en,0,0.0,0.0,0.0,0.0,,0
x_aq_lsu_top/x_aq_lsu_lfb/x_aq_lsu_lfb_entry_5/cpurst_b,3,0.0003609239653512993,6.4566666666666634,0.8416677043528134,0.3333333333333333,-0.052373008311376444,1
x_aq_lsu_top/x_aq_lsu_lfb/x_aq_lsu_lfb_entry_5/dc_hit_lfb_addr_x,0,0.0,0.0,0.0,0.0,,0
x_aq_lsu_top/x_aq_lsu_lfb/x_aq_lsu_lfb_entry_5/dc_hit_lfb_idx_x,0,0.0,0.0,0.0,0.0,,0
x_aq_lsu_top/x_aq_lsu_lfb/x_aq_lsu_lfb_entry_5/dc_hit_lfb_preg_x,0,0.0,0.0,0.0,0.0,,0
x_aq_lsu_top/x_aq_lsu_lfb/x_aq_lsu_lfb_entry_5/dc_hit_lfb_so_x,0,0.0,0.0,0.0,0.0,,0
x_aq_lsu_top/x_aq_lsu_lfb/x_aq_lsu_lfb_entry_5/dc_hit_lfb_vreg_x,0,0.0,0.0,0.0,0.0,,0
x_aq_lsu_top/x_aq_lsu_lfb/x_aq_lsu_lfb_entry_5/dc_xx_dest_preg[5:0],4,0.00048123195380173246,3.6900000000000004,0.4810150483833583,0.0,-0.04893792179051883,2
x_aq_lsu_top/x_aq_lsu_lfb/x_aq_lsu_lfb_entry_5/dc_xx_pa[39:0],4,0.00048123195380173246,6.417500000000001,0.8365620794038487,0.0,0.049288993232723566,6
x_aq_lsu_top/x_aq_lsu_lfb/x_aq_lsu_lfb_entry_5/forever_cpuclk,0,0.0,0.0,0.0,0.0,,0
x_aq_lsu_top/x_aq_lsu_lfb/x_aq_lsu_lfb_entry_5/ifu_lsu_warm_up,2,0.00024061597690086623,7.3900000000000015,0.9633336605834737,0.0,8.1767073335401e-05,1
x_aq_lsu_top/x_aq_lsu_lfb/x_aq_lsu_lfb_entry_5/lfb_create_alias_hit,0,0.0,0.0,0.0,0.0,,0
x_aq_lsu_top/x_aq_lsu_lfb/x_aq_lsu_lfb_entry_5/lfb_create_alias_idx[1:0],0,0.0,0.0,0.0,0.0,,0
x_aq_lsu_top/x_aq_lsu_lfb/x_aq_lsu_lfb_entry_5/lfb_create_alias_way[3:0],0,0.0,0.0,0.0,0.0,,0
x_aq_lsu_top/x_aq_lsu_lfb/x_aq_lsu_lfb_entry_5/lfb_create_amo_func[4:0],5,0.0006015399422521655,8.994000000000005,1.172425296791308,0.2,-0.03519355219326104,3
x_aq_lsu_top/x_aq_lsu_lfb/x_aq_lsu_lfb_entry_5/lfb_create_amo_inst,0,0.0,0.0,0.0,0.0,,0
x_aq_lsu_top/x_aq_lsu_lfb/x_aq_lsu_lfb_entry_5/lfb_create_attr[2:0],2,0.00024061597690086623,26.745000000000005,3.48638142791678,1.0,-0.14008442781251784,3
x_aq_lsu_top/x_aq_lsu_lfb/x_aq_lsu_lfb_entry_5/lfb_create_bytes_vld[7:0],11,0.0013233878729547641,7.787272727272731,1.0151206958491865,0.09090909090909091,0.04731407182155538,7
x_aq_lsu_top/x_aq_lsu_lfb/x_aq_lsu_lfb_entry_5/lfb_create_ca,1,0.00012030798845043312,12.09,1.5760086544592955,1.0,-0.12617851730880866,1
x_aq_lsu_top/x_aq_lsu_lfb/x_aq_lsu_lfb_entry_5/lfb_create_dest_reg[5:0],4,0.00048123195380173246,3.6900000000000004,0.4810150483833583,0.0,-0.04893792179051883,2
x_aq_lsu_top/x_aq_lsu_lfb/x_aq_lsu_lfb_entry_5/lfb_create_ele_size[1:0],8,0.0009624639076034649,7.621250000000005,0.9934785738459814,0.125,0.047910017754930444,2
x_aq_lsu_top/x_aq_lsu_lfb/x_aq_lsu_lfb_entry_5/lfb_create_en_gate_x,0,0.0,0.0,0.0,0.0,,0
x_aq_lsu_top/x_aq_lsu_lfb/x_aq_lsu_lfb_entry_5/lfb_create_en_x,0,0.0,0.0,0.0,0.0,,0
x_aq_lsu_top/x_aq_lsu_lfb/x_aq_lsu_lfb_entry_5/lfb_create_fls,2,0.00024061597690086623,5.050000000000001,0.6582997274623196,0.0,-0.04891464740260073,1
x_aq_lsu_top/x_aq_lsu_lfb/x_aq_lsu_lfb_entry_5/lfb_create_ld,0,0.0,0.0,0.0,0.0,,0
x_aq_lsu_top/x_aq_lsu_lfb/x_aq_lsu_lfb_entry_5/lfb_create_lock,0,0.0,0.0,0.0,0.0,,0
x_aq_lsu_top/x_aq_lsu_lfb/x_aq_lsu_lfb_entry_5/lfb_create_pa[39:0],0,0.0,0.0,0.0,0.0,,0
x_aq_lsu_top/x_aq_lsu_lfb/x_aq_lsu_lfb_entry_5/lfb_create_pf,1,0.00012030798845043312,12.09,1.5760086544592955,1.0,-0.12617851730880866,1
x_aq_lsu_top/x_aq_lsu_lfb/x_aq_lsu_lfb_entry_5/lfb_create_pfb_id[4:0],0,0.0,0.0,0.0,0.0,,0
x_aq_lsu_top/x_aq_lsu_lfb/x_aq_lsu_lfb_entry_5/lfb_create_priv_mode[1:0],0,0.0,0.0,0.0,0.0,,0
x_aq_lsu_top/x_aq_lsu_lfb/x_aq_lsu_lfb_entry_5/lfb_create_ptw,0,0.0,0.0,0.0,0.0,,0
x_aq_lsu_top/x_aq_lsu_lfb/x_aq_lsu_lfb_entry_5/lfb_create_sew[1:0],0,0.0,0.0,0.0,0.0,,0
x_aq_lsu_top/x_aq_lsu_lfb/x_aq_lsu_lfb_entry_5/lfb_create_shift[3:0],0,0.0,0.0,0.0,0.0,,0
x_aq_lsu_top/x_aq_lsu_lfb/x_aq_lsu_lfb_entry_5/lfb_create_sign_ext,3,0.0003609239653512993,12.643333333333336,1.648139185653187,0.0,-0.040199056800737556,1
x_aq_lsu_top/x_aq_lsu_lfb/x_aq_lsu_lfb_entry_5/lfb_create_size[1:0],8,0.0009624639076034649,7.621250000000005,0.9934785738459814,0.125,0.047910017754930444,2
x_aq_lsu_top/x_aq_lsu_lfb/x_aq_lsu_lfb_entry_5/lfb_create_split,0,0.0,0.0,0.0,0.0,,0
x_aq_lsu_top/x_aq_lsu_lfb/x_aq_lsu_lfb_entry_5/lfb_create_split_last,0,0.0,0.0,0.0,0.0,,0
x_aq_lsu_top/x_aq_lsu_lfb/x_aq_lsu_lfb_entry_5/lfb_create_stbid[1:0],0,0.0,0.0,0.0,0.0,,0
x_aq_lsu_top/x_aq_lsu_lfb/x_aq_lsu_lfb_entry_5/lfb_create_vfunc[7:0],2,0.00024061597690086623,3.7600000000000033,0.49013999510065814,0.0,-0.011206854623872171,2
x_aq_lsu_top/x_aq_lsu_lfb/x_aq_lsu_lfb_entry_5/lfb_create_virt_idx[1:0],0,0.0,0.0,0.0,0.0,,0
x_aq_lsu_top/x_aq_lsu_lfb/x_aq_lsu_lfb_entry_5/lfb_create_vl_val[6:0],0,0.0,0.0,0.0,0.0,,0
x_aq_lsu_top/x_aq_lsu_lfb/x_aq_lsu_lfb_entry_5/lfb_create_vls,0,0.0,0.0,0.0,0.0,,0
x_aq_lsu_top/x_aq_lsu_lfb/x_aq_lsu_lfb_entry_5/lfb_create_vsplit_last,0,0.0,0.0,0.0,0.0,,0
x_aq_lsu_top/x_aq_lsu_lfb/x_aq_lsu_lfb_entry_5/lfb_create_wb,0,0.0,0.0,0.0,0.0,,0
x_aq_lsu_top/x_aq_lsu_lfb/x_aq_lsu_lfb_entry_5/lfb_entry_arvalid_x,0,0.0,0.0,0.0,0.0,,0
x_aq_lsu_top/x_aq_lsu_lfb/x_aq_lsu_lfb_entry_5/lfb_entry_bus_rdy_x,0,0.0,0.0,0.0,0.0,,0
x_aq_lsu_top/x_aq_lsu_lfb/x_aq_lsu_lfb_entry_5/lfb_entry_ld_wo_stall_x,0,0.0,0.0,0.0,0.0,,0
x_aq_lsu_top/x_aq_lsu_lfb/x_aq_lsu_lfb_entry_5/lfb_entry_pop_en_x,0,0.0,0.0,0.0,0.0,,0
x_aq_lsu_top/x_aq_lsu_lfb/x_aq_lsu_lfb_entry_5/lfb_entry_rdl_req_x,0,0.0,0.0,0.0,0.0,,0
x_aq_lsu_top/x_aq_lsu_lfb/x_aq_lsu_lfb_entry_5/lfb_entry_ref_done_x,0,0.0,0.0,0.0,0.0,,0
x_aq_lsu_top/x_aq_lsu_lfb/x_aq_lsu_lfb_entry_5/lfb_entry_vld_x,0,0.0,0.0,0.0,0.0,,0
x_aq_lsu_top/x_aq_lsu_lfb/x_aq_lsu_lfb_entry_5/lfb_entry_wb_en_x,0,0.0,0.0,0.0,0.0,,0
x_aq_lsu_top/x_aq_lsu_lfb/x_aq_lsu_lfb_entry_5/lfb_entryx_arbus[54:0],2,0.00024061597690086623,3.7600000000000033,0.49013999510065814,0.0,-0.011206854623872435,6
x_aq_lsu_top/x_aq_lsu_lfb/x_aq_lsu_lfb_entry_5/lfb_entryx_dbginfo[6:0],2,0.00024061597690086623,3.7600000000000033,0.49013999510065814,0.0,-0.011206854623871793,4
x_aq_lsu_top/x_aq_lsu_lfb/x_aq_lsu_lfb_entry_5/lfb_entryx_ldbus[36:0],2,0.00024061597690086623,10.350000000000001,1.3491885503435659,0.0,-0.011305884758410422,6
x_aq_lsu_top/x_aq_lsu_lfb/x_aq_lsu_lfb_entry_5/lfb_entryx_mtval[39:0],0,0.0,0.0,0.0,0.0,,0
x_aq_lsu_top/x_aq_lsu_lfb/x_aq_lsu_lfb_entry_5/lfb_entryx_rdl_bus[50:0],2,0.00024061597690086623,3.7600000000000033,0.49013999510065814,0.0,-0.011206854623872189,3
x_aq_lsu_top/x_aq_lsu_lfb/x_aq_lsu_lfb_entry_5/lfb_entryx_refbus[44:0],2,0.00024061597690086623,3.7600000000000033,0.49013999510065814,0.0,-0.011206854623872258,2
x_aq_lsu_top/x_aq_lsu_lfb/x_aq_lsu_lfb_entry_5/lfb_entryx_stbus[6:0],0,0.0,0.0,0.0,0.0,,0
x_aq_lsu_top/x_aq_lsu_lfb/x_aq_lsu_lfb_entry_5/lfb_entryx_vldbus[20:0],2,0.00024061597690086623,10.350000000000001,1.3491885503435659,0.0,-0.011305884758410524,2
x_aq_lsu_top/x_aq_lsu_lfb/x_aq_lsu_lfb_entry_5/pad_yy_icg_scan_en,0,0.0,0.0,0.0,0.0,,0
x_aq_lsu_top/x_aq_lsu_lfb/x_aq_lsu_lfb_entry_5/pfb_hit_lfb_idx_x,0,0.0,0.0,0.0,0.0,,0
x_aq_lsu_top/x_aq_lsu_lfb/x_aq_lsu_lfb_entry_5/pfb_xx_pa[39:0],0,0.0,0.0,0.0,0.0,,0
x_aq_lsu_top/x_aq_lsu_lfb/x_aq_lsu_lfb_entry_5/rdl_cmplt_x,0,0.0,0.0,0.0,0.0,,0
x_aq_lsu_top/x_aq_lsu_lfb/x_aq_lsu_lfb_entry_5/rdl_grant_x,0,0.0,0.0,0.0,0.0,,0
x_aq_lsu_top/x_aq_lsu_lfb/x_aq_lsu_lfb_entry_5/rdl_lfb_alias_hit,0,0.0,0.0,0.0,0.0,,0
x_aq_lsu_top/x_aq_lsu_lfb/x_aq_lsu_lfb_entry_5/rdl_lfb_cache_hit,0,0.0,0.0,0.0,0.0,,0
x_aq_lsu_top/x_aq_lsu_lfb/x_aq_lsu_lfb_entry_5/rdl_lfb_ref_fifo[3:0],1,0.00012030798845043312,6.270000000000003,0.8173345131066823,0.0,-0.0111453056014091,1
x_aq_lsu_top/x_aq_lsu_lfb/x_aq_lsu_lfb_entry_5/rtu_yy_xx_async_flush,0,0.0,0.0,0.0,0.0,,0
x_aq_lsu_top/x_aq_lsu_lfb/x_aq_lsu_lfb_entry_5/lfb_buf,0,0.0,0.0,0.0,0.0,,0
x_aq_lsu_top/x_aq_lsu_lfb/x_aq_lsu_lfb_entry_5/lfb_cache[3:0],2,0.00024061597690086623,3.7600000000000033,0.49013999510065814,0.0,-0.01120685462387242,3
x_aq_lsu_top/x_aq_lsu_lfb/x_aq_lsu_lfb_entry_5/lfb_cur_idle,1,0.00012030798845043312,41.400000000000006,5.3967542013742635,1.0,-0.14861602140388885,1
x_aq_lsu_top/x_aq_lsu_lfb/x_aq_lsu_lfb_entry_5/lfb_cur_rbus,0,0.0,0.0,0.0,0.0,,0
x_aq_lsu_top/x_aq_lsu_lfb/x_aq_lsu_lfb_entry_5/lfb_cur_rdl,0,0.0,0.0,0.0,0.0,,0
x_aq_lsu_top/x_aq_lsu_lfb/x_aq_lsu_lfb_entry_5/lfb_cur_ref,0,0.0,0.0,0.0,0.0,,0
x_aq_lsu_top/x_aq_lsu_lfb/x_aq_lsu_lfb_entry_5/lfb_cur_ref_1,0,0.0,0.0,0.0,0.0,,0
x_aq_lsu_top/x_aq_lsu_lfb/x_aq_lsu_lfb_entry_5/lfb_cur_wrdl,0,0.0,0.0,0.0,0.0,,0
x_aq_lsu_top/x_aq_lsu_lfb/x_aq_lsu_lfb_entry_5/lfb_dp_clk,0,0.0,0.0,0.0,0.0,,0
x_aq_lsu_top/x_aq_lsu_lfb/x_aq_lsu_lfb_entry_5/lfb_dp_clk_en,2,0.00024061597690086623,7.3900000000000015,0.9633336605834737,0.0,8.1767073335401e-05,1
x_aq_lsu_top/x_aq_lsu_lfb/x_aq_lsu_lfb_entry_5/lfb_entry_vld,0,0.0,0.0,0.0,0.0,,0
x_aq_lsu_top/x_aq_lsu_lfb/x_aq_lsu_lfb_entry_5/lfb_fsm_clk,0,0.0,0.0,0.0,0.0,,0
x_aq_lsu_top/x_aq_lsu_lfb/x_aq_lsu_lfb_entry_5/lfb_fsm_clk_en,0,0.0,0.0,0.0,0.0,,0
x_aq_lsu_top/x_aq_lsu_lfb/x_aq_lsu_lfb_entry_5/lfb_ld_inst,0,0.0,0.0,0.0,0.0,,0
x_aq_lsu_top/x_aq_lsu_lfb/x_aq_lsu_lfb_entry_5/lfb_len[1:0],2,0.00024061597690086623,3.7600000000000033,0.49013999510065814,0.0,-0.011226700708829732,1
x_aq_lsu_top/x_aq_lsu_lfb/x_aq_lsu_lfb_entry_5/lfb_offset[3:0],0,0.0,0.0,0.0,0.0,,0
x_aq_lsu_top/x_aq_lsu_lfb/x_aq_lsu_lfb_entry_5/lfb_prot[2:0],0,0.0,0.0,0.0,0.0,,0
x_aq_lsu_top/x_aq_lsu_lfb/x_aq_lsu_lfb_entry_5/lfb_ptw_for_flush,0,0.0,0.0,0.0,0.0,,0
x_aq_lsu_top/x_aq_lsu_lfb/x_aq_lsu_lfb_entry_5/lfb_ref_cnt[1:0],0,0.0,0.0,0.0,0.0,,0
x_aq_lsu_top/x_aq_lsu_lfb/x_aq_lsu_lfb_entry_5/lfb_ref_en,1,0.00012030798845043312,6.270000000000003,0.8173345131066823,0.0,-0.0111453056014091,1
x_aq_lsu_top/x_aq_lsu_lfb/x_aq_lsu_lfb_entry_5/lfb_ref_idx[7:0],0,0.0,0.0,0.0,0.0,,0
x_aq_lsu_top/x_aq_lsu_lfb/x_aq_lsu_lfb_entry_5/lfb_ref_offset[1:0],0,0.0,0.0,0.0,0.0,,0
x_aq_lsu_top/x_aq_lsu_lfb/x_aq_lsu_lfb_entry_5/lfb_ref_tag[27:0],0,0.0,0.0,0.0,0.0,,0
x_aq_lsu_top/x_aq_lsu_lfb/x_aq_lsu_lfb_entry_5/lfb_size_t[2:0],2,0.00024061597690086623,3.7600000000000033,0.49013999510065814,0.0,-0.011206854623872258,2
x_aq_lsu_top/x_aq_lsu_lfb/x_aq_lsu_lfb_entry_5/lfb_so,0,0.0,0.0,0.0,0.0,,0
x_aq_lsu_top/x_aq_lsu_lfb/x_aq_lsu_lfb_entry_5/lfb_st_err,0,0.0,0.0,0.0,0.0,,0
x_aq_lsu_top/x_aq_lsu_lfb/x_aq_lsu_lfb_entry_5/lfb_user,0,0.0,0.0,0.0,0.0,,0
x_aq_lsu_top/x_aq_lsu_lfb/x_aq_lsu_lfb_entry_5/lfb_wb_en,0,0.0,0.0,0.0,0.0,,0
x_aq_lsu_top/x_aq_lsu_lfb/x_aq_lsu_lfb_entry_5/refill_done,0,0.0,0.0,0.0,0.0,,0
x_aq_lsu_top/x_aq_lsu_lfb/x_aq_lsu_lfb_entry_5/x_pa_lsu_lfb_fsm_gated_clk/clk_in,0,0.0,0.0,0.0,0.0,,0
x_aq_lsu_top/x_aq_lsu_lfb/x_aq_lsu_lfb_entry_5/x_pa_lsu_lfb_fsm_gated_clk/global_en,0,0.0,0.0,0.0,0.0,,0
x_aq_lsu_top/x_aq_lsu_lfb/x_aq_lsu_lfb_entry_5/x_pa_lsu_lfb_fsm_gated_clk/module_en,0,0.0,0.0,0.0,0.0,,0
x_aq_lsu_top/x_aq_lsu_lfb/x_aq_lsu_lfb_entry_5/x_pa_lsu_lfb_fsm_gated_clk/local_en,0,0.0,0.0,0.0,0.0,,0
x_aq_lsu_top/x_aq_lsu_lfb/x_aq_lsu_lfb_entry_5/x_pa_lsu_lfb_fsm_gated_clk/external_en,0,0.0,0.0,0.0,0.0,,0
x_aq_lsu_top/x_aq_lsu_lfb/x_aq_lsu_lfb_entry_5/x_pa_lsu_lfb_fsm_gated_clk/pad_yy_icg_scan_en,0,0.0,0.0,0.0,0.0,,0
x_aq_lsu_top/x_aq_lsu_lfb/x_aq_lsu_lfb_entry_5/x_pa_lsu_lfb_fsm_gated_clk/clk_out,0,0.0,0.0,0.0,0.0,,0
x_aq_lsu_top/x_aq_lsu_lfb/x_aq_lsu_lfb_entry_5/x_pa_lsu_lfb_fsm_gated_clk/clk_en_bf_latch,0,0.0,0.0,0.0,0.0,,0
x_aq_lsu_top/x_aq_lsu_lfb/x_aq_lsu_lfb_entry_5/x_pa_lsu_lfb_fsm_gated_clk/SE,0,0.0,0.0,0.0,0.0,,0
x_aq_lsu_top/x_aq_lsu_lfb/x_aq_lsu_lfb_entry_5/x_pa_lsu_lfb_dp_gated_clk/clk_in,0,0.0,0.0,0.0,0.0,,0
x_aq_lsu_top/x_aq_lsu_lfb/x_aq_lsu_lfb_entry_5/x_pa_lsu_lfb_dp_gated_clk/global_en,0,0.0,0.0,0.0,0.0,,0
x_aq_lsu_top/x_aq_lsu_lfb/x_aq_lsu_lfb_entry_5/x_pa_lsu_lfb_dp_gated_clk/module_en,0,0.0,0.0,0.0,0.0,,0
x_aq_lsu_top/x_aq_lsu_lfb/x_aq_lsu_lfb_entry_5/x_pa_lsu_lfb_dp_gated_clk/local_en,2,0.00024061597690086623,7.3900000000000015,0.9633336605834737,0.0,8.1767073335401e-05,1
x_aq_lsu_top/x_aq_lsu_lfb/x_aq_lsu_lfb_entry_5/x_pa_lsu_lfb_dp_gated_clk/external_en,0,0.0,0.0,0.0,0.0,,0
x_aq_lsu_top/x_aq_lsu_lfb/x_aq_lsu_lfb_entry_5/x_pa_lsu_lfb_dp_gated_clk/pad_yy_icg_scan_en,0,0.0,0.0,0.0,0.0,,0
x_aq_lsu_top/x_aq_lsu_lfb/x_aq_lsu_lfb_entry_5/x_pa_lsu_lfb_dp_gated_clk/clk_out,0,0.0,0.0,0.0,0.0,,0
x_aq_lsu_top/x_aq_lsu_lfb/x_aq_lsu_lfb_entry_5/x_pa_lsu_lfb_dp_gated_clk/clk_en_bf_latch,2,0.00024061597690086623,7.3900000000000015,0.9633336605834737,0.0,8.1767073335401e-05,1
x_aq_lsu_top/x_aq_lsu_lfb/x_aq_lsu_lfb_entry_5/x_pa_lsu_lfb_dp_gated_clk/SE,0,0.0,0.0,0.0,0.0,,0
x_aq_lsu_top/x_aq_lsu_lfb/x_aq_lsu_lfb_entry_6/bus_acc_err,0,0.0,0.0,0.0,0.0,,0
x_aq_lsu_top/x_aq_lsu_lfb/x_aq_lsu_lfb_entry_6/bus_cmplt_x,0,0.0,0.0,0.0,0.0,,0
x_aq_lsu_top/x_aq_lsu_lfb/x_aq_lsu_lfb_entry_6/bus_grant_x,0,0.0,0.0,0.0,0.0,,0
x_aq_lsu_top/x_aq_lsu_lfb/x_aq_lsu_lfb_entry_6/cp0_lsu_icg_en,0,0.0,0.0,0.0,0.0,,0
x_aq_lsu_top/x_aq_lsu_lfb/x_aq_lsu_lfb_entry_6/cpurst_b,3,0.0003609239653512993,6.4566666666666634,0.8416677043528134,0.3333333333333333,-0.052373008311376444,1
x_aq_lsu_top/x_aq_lsu_lfb/x_aq_lsu_lfb_entry_6/dc_hit_lfb_addr_x,0,0.0,0.0,0.0,0.0,,0
x_aq_lsu_top/x_aq_lsu_lfb/x_aq_lsu_lfb_entry_6/dc_hit_lfb_idx_x,0,0.0,0.0,0.0,0.0,,0
x_aq_lsu_top/x_aq_lsu_lfb/x_aq_lsu_lfb_entry_6/dc_hit_lfb_preg_x,0,0.0,0.0,0.0,0.0,,0
x_aq_lsu_top/x_aq_lsu_lfb/x_aq_lsu_lfb_entry_6/dc_hit_lfb_so_x,0,0.0,0.0,0.0,0.0,,0
x_aq_lsu_top/x_aq_lsu_lfb/x_aq_lsu_lfb_entry_6/dc_hit_lfb_vreg_x,0,0.0,0.0,0.0,0.0,,0
x_aq_lsu_top/x_aq_lsu_lfb/x_aq_lsu_lfb_entry_6/dc_xx_dest_preg[5:0],4,0.00048123195380173246,3.6900000000000004,0.4810150483833583,0.0,-0.04893792179051883,2
x_aq_lsu_top/x_aq_lsu_lfb/x_aq_lsu_lfb_entry_6/dc_xx_pa[39:0],4,0.00048123195380173246,6.417500000000001,0.8365620794038487,0.0,0.049288993232723566,6
x_aq_lsu_top/x_aq_lsu_lfb/x_aq_lsu_lfb_entry_6/forever_cpuclk,0,0.0,0.0,0.0,0.0,,0
x_aq_lsu_top/x_aq_lsu_lfb/x_aq_lsu_lfb_entry_6/ifu_lsu_warm_up,2,0.00024061597690086623,7.3900000000000015,0.9633336605834737,0.0,8.1767073335401e-05,1
x_aq_lsu_top/x_aq_lsu_lfb/x_aq_lsu_lfb_entry_6/lfb_create_alias_hit,0,0.0,0.0,0.0,0.0,,0
x_aq_lsu_top/x_aq_lsu_lfb/x_aq_lsu_lfb_entry_6/lfb_create_alias_idx[1:0],0,0.0,0.0,0.0,0.0,,0
x_aq_lsu_top/x_aq_lsu_lfb/x_aq_lsu_lfb_entry_6/lfb_create_alias_way[3:0],0,0.0,0.0,0.0,0.0,,0
x_aq_lsu_top/x_aq_lsu_lfb/x_aq_lsu_lfb_entry_6/lfb_create_amo_func[4:0],5,0.0006015399422521655,8.994000000000005,1.172425296791308,0.2,-0.03519355219326104,3
x_aq_lsu_top/x_aq_lsu_lfb/x_aq_lsu_lfb_entry_6/lfb_create_amo_inst,0,0.0,0.0,0.0,0.0,,0
x_aq_lsu_top/x_aq_lsu_lfb/x_aq_lsu_lfb_entry_6/lfb_create_attr[2:0],2,0.00024061597690086623,26.745000000000005,3.48638142791678,1.0,-0.14008442781251784,3
x_aq_lsu_top/x_aq_lsu_lfb/x_aq_lsu_lfb_entry_6/lfb_create_bytes_vld[7:0],11,0.0013233878729547641,7.787272727272731,1.0151206958491865,0.09090909090909091,0.04731407182155538,7
x_aq_lsu_top/x_aq_lsu_lfb/x_aq_lsu_lfb_entry_6/lfb_create_ca,1,0.00012030798845043312,12.09,1.5760086544592955,1.0,-0.12617851730880866,1
x_aq_lsu_top/x_aq_lsu_lfb/x_aq_lsu_lfb_entry_6/lfb_create_dest_reg[5:0],4,0.00048123195380173246,3.6900000000000004,0.4810150483833583,0.0,-0.04893792179051883,2
x_aq_lsu_top/x_aq_lsu_lfb/x_aq_lsu_lfb_entry_6/lfb_create_ele_size[1:0],8,0.0009624639076034649,7.621250000000005,0.9934785738459814,0.125,0.047910017754930444,2
x_aq_lsu_top/x_aq_lsu_lfb/x_aq_lsu_lfb_entry_6/lfb_create_en_gate_x,0,0.0,0.0,0.0,0.0,,0
x_aq_lsu_top/x_aq_lsu_lfb/x_aq_lsu_lfb_entry_6/lfb_create_en_x,0,0.0,0.0,0.0,0.0,,0
x_aq_lsu_top/x_aq_lsu_lfb/x_aq_lsu_lfb_entry_6/lfb_create_fls,2,0.00024061597690086623,5.050000000000001,0.6582997274623196,0.0,-0.04891464740260073,1
x_aq_lsu_top/x_aq_lsu_lfb/x_aq_lsu_lfb_entry_6/lfb_create_ld,0,0.0,0.0,0.0,0.0,,0
x_aq_lsu_top/x_aq_lsu_lfb/x_aq_lsu_lfb_entry_6/lfb_create_lock,0,0.0,0.0,0.0,0.0,,0
x_aq_lsu_top/x_aq_lsu_lfb/x_aq_lsu_lfb_entry_6/lfb_create_pa[39:0],0,0.0,0.0,0.0,0.0,,0
x_aq_lsu_top/x_aq_lsu_lfb/x_aq_lsu_lfb_entry_6/lfb_create_pf,1,0.00012030798845043312,12.09,1.5760086544592955,1.0,-0.12617851730880866,1
x_aq_lsu_top/x_aq_lsu_lfb/x_aq_lsu_lfb_entry_6/lfb_create_pfb_id[4:0],0,0.0,0.0,0.0,0.0,,0
x_aq_lsu_top/x_aq_lsu_lfb/x_aq_lsu_lfb_entry_6/lfb_create_priv_mode[1:0],0,0.0,0.0,0.0,0.0,,0
x_aq_lsu_top/x_aq_lsu_lfb/x_aq_lsu_lfb_entry_6/lfb_create_ptw,0,0.0,0.0,0.0,0.0,,0
x_aq_lsu_top/x_aq_lsu_lfb/x_aq_lsu_lfb_entry_6/lfb_create_sew[1:0],0,0.0,0.0,0.0,0.0,,0
x_aq_lsu_top/x_aq_lsu_lfb/x_aq_lsu_lfb_entry_6/lfb_create_shift[3:0],0,0.0,0.0,0.0,0.0,,0
x_aq_lsu_top/x_aq_lsu_lfb/x_aq_lsu_lfb_entry_6/lfb_create_sign_ext,3,0.0003609239653512993,12.643333333333336,1.648139185653187,0.0,-0.040199056800737556,1
x_aq_lsu_top/x_aq_lsu_lfb/x_aq_lsu_lfb_entry_6/lfb_create_size[1:0],8,0.0009624639076034649,7.621250000000005,0.9934785738459814,0.125,0.047910017754930444,2
x_aq_lsu_top/x_aq_lsu_lfb/x_aq_lsu_lfb_entry_6/lfb_create_split,0,0.0,0.0,0.0,0.0,,0
x_aq_lsu_top/x_aq_lsu_lfb/x_aq_lsu_lfb_entry_6/lfb_create_split_last,0,0.0,0.0,0.0,0.0,,0
x_aq_lsu_top/x_aq_lsu_lfb/x_aq_lsu_lfb_entry_6/lfb_create_stbid[1:0],0,0.0,0.0,0.0,0.0,,0
x_aq_lsu_top/x_aq_lsu_lfb/x_aq_lsu_lfb_entry_6/lfb_create_vfunc[7:0],2,0.00024061597690086623,3.7600000000000033,0.49013999510065814,0.0,-0.011206854623872171,2
x_aq_lsu_top/x_aq_lsu_lfb/x_aq_lsu_lfb_entry_6/lfb_create_virt_idx[1:0],0,0.0,0.0,0.0,0.0,,0
x_aq_lsu_top/x_aq_lsu_lfb/x_aq_lsu_lfb_entry_6/lfb_create_vl_val[6:0],0,0.0,0.0,0.0,0.0,,0
x_aq_lsu_top/x_aq_lsu_lfb/x_aq_lsu_lfb_entry_6/lfb_create_vls,0,0.0,0.0,0.0,0.0,,0
x_aq_lsu_top/x_aq_lsu_lfb/x_aq_lsu_lfb_entry_6/lfb_create_vsplit_last,0,0.0,0.0,0.0,0.0,,0
x_aq_lsu_top/x_aq_lsu_lfb/x_aq_lsu_lfb_entry_6/lfb_create_wb,0,0.0,0.0,0.0,0.0,,0
x_aq_lsu_top/x_aq_lsu_lfb/x_aq_lsu_lfb_entry_6/lfb_entry_arvalid_x,0,0.0,0.0,0.0,0.0,,0
x_aq_lsu_top/x_aq_lsu_lfb/x_aq_lsu_lfb_entry_6/lfb_entry_bus_rdy_x,0,0.0,0.0,0.0,0.0,,0
x_aq_lsu_top/x_aq_lsu_lfb/x_aq_lsu_lfb_entry_6/lfb_entry_ld_wo_stall_x,0,0.0,0.0,0.0,0.0,,0
x_aq_lsu_top/x_aq_lsu_lfb/x_aq_lsu_lfb_entry_6/lfb_entry_pop_en_x,0,0.0,0.0,0.0,0.0,,0
x_aq_lsu_top/x_aq_lsu_lfb/x_aq_lsu_lfb_entry_6/lfb_entry_rdl_req_x,0,0.0,0.0,0.0,0.0,,0
x_aq_lsu_top/x_aq_lsu_lfb/x_aq_lsu_lfb_entry_6/lfb_entry_ref_done_x,0,0.0,0.0,0.0,0.0,,0
x_aq_lsu_top/x_aq_lsu_lfb/x_aq_lsu_lfb_entry_6/lfb_entry_vld_x,0,0.0,0.0,0.0,0.0,,0
x_aq_lsu_top/x_aq_lsu_lfb/x_aq_lsu_lfb_entry_6/lfb_entry_wb_en_x,0,0.0,0.0,0.0,0.0,,0
x_aq_lsu_top/x_aq_lsu_lfb/x_aq_lsu_lfb_entry_6/lfb_entryx_arbus[54:0],2,0.00024061597690086623,3.7600000000000033,0.49013999510065814,0.0,-0.011206854623872435,6
x_aq_lsu_top/x_aq_lsu_lfb/x_aq_lsu_lfb_entry_6/lfb_entryx_dbginfo[6:0],2,0.00024061597690086623,3.7600000000000033,0.49013999510065814,0.0,-0.011206854623871793,4
x_aq_lsu_top/x_aq_lsu_lfb/x_aq_lsu_lfb_entry_6/lfb_entryx_ldbus[36:0],2,0.00024061597690086623,10.350000000000001,1.3491885503435659,0.0,-0.011305884758410422,6
x_aq_lsu_top/x_aq_lsu_lfb/x_aq_lsu_lfb_entry_6/lfb_entryx_mtval[39:0],0,0.0,0.0,0.0,0.0,,0
x_aq_lsu_top/x_aq_lsu_lfb/x_aq_lsu_lfb_entry_6/lfb_entryx_rdl_bus[50:0],2,0.00024061597690086623,3.7600000000000033,0.49013999510065814,0.0,-0.011206854623872189,3
x_aq_lsu_top/x_aq_lsu_lfb/x_aq_lsu_lfb_entry_6/lfb_entryx_refbus[44:0],2,0.00024061597690086623,3.7600000000000033,0.49013999510065814,0.0,-0.011206854623872258,2
x_aq_lsu_top/x_aq_lsu_lfb/x_aq_lsu_lfb_entry_6/lfb_entryx_stbus[6:0],0,0.0,0.0,0.0,0.0,,0
x_aq_lsu_top/x_aq_lsu_lfb/x_aq_lsu_lfb_entry_6/lfb_entryx_vldbus[20:0],2,0.00024061597690086623,10.350000000000001,1.3491885503435659,0.0,-0.011305884758410524,2
x_aq_lsu_top/x_aq_lsu_lfb/x_aq_lsu_lfb_entry_6/pad_yy_icg_scan_en,0,0.0,0.0,0.0,0.0,,0
x_aq_lsu_top/x_aq_lsu_lfb/x_aq_lsu_lfb_entry_6/pfb_hit_lfb_idx_x,0,0.0,0.0,0.0,0.0,,0
x_aq_lsu_top/x_aq_lsu_lfb/x_aq_lsu_lfb_entry_6/pfb_xx_pa[39:0],0,0.0,0.0,0.0,0.0,,0
x_aq_lsu_top/x_aq_lsu_lfb/x_aq_lsu_lfb_entry_6/rdl_cmplt_x,0,0.0,0.0,0.0,0.0,,0
x_aq_lsu_top/x_aq_lsu_lfb/x_aq_lsu_lfb_entry_6/rdl_grant_x,0,0.0,0.0,0.0,0.0,,0
x_aq_lsu_top/x_aq_lsu_lfb/x_aq_lsu_lfb_entry_6/rdl_lfb_alias_hit,0,0.0,0.0,0.0,0.0,,0
x_aq_lsu_top/x_aq_lsu_lfb/x_aq_lsu_lfb_entry_6/rdl_lfb_cache_hit,0,0.0,0.0,0.0,0.0,,0
x_aq_lsu_top/x_aq_lsu_lfb/x_aq_lsu_lfb_entry_6/rdl_lfb_ref_fifo[3:0],1,0.00012030798845043312,6.270000000000003,0.8173345131066823,0.0,-0.0111453056014091,1
x_aq_lsu_top/x_aq_lsu_lfb/x_aq_lsu_lfb_entry_6/rtu_yy_xx_async_flush,0,0.0,0.0,0.0,0.0,,0
x_aq_lsu_top/x_aq_lsu_lfb/x_aq_lsu_lfb_entry_6/lfb_buf,0,0.0,0.0,0.0,0.0,,0
x_aq_lsu_top/x_aq_lsu_lfb/x_aq_lsu_lfb_entry_6/lfb_cache[3:0],2,0.00024061597690086623,3.7600000000000033,0.49013999510065814,0.0,-0.01120685462387242,3
x_aq_lsu_top/x_aq_lsu_lfb/x_aq_lsu_lfb_entry_6/lfb_cur_idle,1,0.00012030798845043312,41.400000000000006,5.3967542013742635,1.0,-0.14861602140388885,1
x_aq_lsu_top/x_aq_lsu_lfb/x_aq_lsu_lfb_entry_6/lfb_cur_rbus,0,0.0,0.0,0.0,0.0,,0
x_aq_lsu_top/x_aq_lsu_lfb/x_aq_lsu_lfb_entry_6/lfb_cur_rdl,0,0.0,0.0,0.0,0.0,,0
x_aq_lsu_top/x_aq_lsu_lfb/x_aq_lsu_lfb_entry_6/lfb_cur_ref,0,0.0,0.0,0.0,0.0,,0
x_aq_lsu_top/x_aq_lsu_lfb/x_aq_lsu_lfb_entry_6/lfb_cur_ref_1,0,0.0,0.0,0.0,0.0,,0
x_aq_lsu_top/x_aq_lsu_lfb/x_aq_lsu_lfb_entry_6/lfb_cur_wrdl,0,0.0,0.0,0.0,0.0,,0
x_aq_lsu_top/x_aq_lsu_lfb/x_aq_lsu_lfb_entry_6/lfb_dp_clk,0,0.0,0.0,0.0,0.0,,0
x_aq_lsu_top/x_aq_lsu_lfb/x_aq_lsu_lfb_entry_6/lfb_dp_clk_en,2,0.00024061597690086623,7.3900000000000015,0.9633336605834737,0.0,8.1767073335401e-05,1
x_aq_lsu_top/x_aq_lsu_lfb/x_aq_lsu_lfb_entry_6/lfb_entry_vld,0,0.0,0.0,0.0,0.0,,0
x_aq_lsu_top/x_aq_lsu_lfb/x_aq_lsu_lfb_entry_6/lfb_fsm_clk,0,0.0,0.0,0.0,0.0,,0
x_aq_lsu_top/x_aq_lsu_lfb/x_aq_lsu_lfb_entry_6/lfb_fsm_clk_en,0,0.0,0.0,0.0,0.0,,0
x_aq_lsu_top/x_aq_lsu_lfb/x_aq_lsu_lfb_entry_6/lfb_ld_inst,0,0.0,0.0,0.0,0.0,,0
x_aq_lsu_top/x_aq_lsu_lfb/x_aq_lsu_lfb_entry_6/lfb_len[1:0],2,0.00024061597690086623,3.7600000000000033,0.49013999510065814,0.0,-0.011226700708829732,1
x_aq_lsu_top/x_aq_lsu_lfb/x_aq_lsu_lfb_entry_6/lfb_offset[3:0],0,0.0,0.0,0.0,0.0,,0
x_aq_lsu_top/x_aq_lsu_lfb/x_aq_lsu_lfb_entry_6/lfb_prot[2:0],0,0.0,0.0,0.0,0.0,,0
x_aq_lsu_top/x_aq_lsu_lfb/x_aq_lsu_lfb_entry_6/lfb_ptw_for_flush,0,0.0,0.0,0.0,0.0,,0
x_aq_lsu_top/x_aq_lsu_lfb/x_aq_lsu_lfb_entry_6/lfb_ref_cnt[1:0],0,0.0,0.0,0.0,0.0,,0
x_aq_lsu_top/x_aq_lsu_lfb/x_aq_lsu_lfb_entry_6/lfb_ref_en,1,0.00012030798845043312,6.270000000000003,0.8173345131066823,0.0,-0.0111453056014091,1
x_aq_lsu_top/x_aq_lsu_lfb/x_aq_lsu_lfb_entry_6/lfb_ref_idx[7:0],0,0.0,0.0,0.0,0.0,,0
x_aq_lsu_top/x_aq_lsu_lfb/x_aq_lsu_lfb_entry_6/lfb_ref_offset[1:0],0,0.0,0.0,0.0,0.0,,0
x_aq_lsu_top/x_aq_lsu_lfb/x_aq_lsu_lfb_entry_6/lfb_ref_tag[27:0],0,0.0,0.0,0.0,0.0,,0
x_aq_lsu_top/x_aq_lsu_lfb/x_aq_lsu_lfb_entry_6/lfb_size_t[2:0],2,0.00024061597690086623,3.7600000000000033,0.49013999510065814,0.0,-0.011206854623872258,2
x_aq_lsu_top/x_aq_lsu_lfb/x_aq_lsu_lfb_entry_6/lfb_so,0,0.0,0.0,0.0,0.0,,0
x_aq_lsu_top/x_aq_lsu_lfb/x_aq_lsu_lfb_entry_6/lfb_st_err,0,0.0,0.0,0.0,0.0,,0
x_aq_lsu_top/x_aq_lsu_lfb/x_aq_lsu_lfb_entry_6/lfb_user,0,0.0,0.0,0.0,0.0,,0
x_aq_lsu_top/x_aq_lsu_lfb/x_aq_lsu_lfb_entry_6/lfb_wb_en,0,0.0,0.0,0.0,0.0,,0
x_aq_lsu_top/x_aq_lsu_lfb/x_aq_lsu_lfb_entry_6/refill_done,0,0.0,0.0,0.0,0.0,,0
x_aq_lsu_top/x_aq_lsu_lfb/x_aq_lsu_lfb_entry_6/x_pa_lsu_lfb_fsm_gated_clk/clk_in,0,0.0,0.0,0.0,0.0,,0
x_aq_lsu_top/x_aq_lsu_lfb/x_aq_lsu_lfb_entry_6/x_pa_lsu_lfb_fsm_gated_clk/global_en,0,0.0,0.0,0.0,0.0,,0
x_aq_lsu_top/x_aq_lsu_lfb/x_aq_lsu_lfb_entry_6/x_pa_lsu_lfb_fsm_gated_clk/module_en,0,0.0,0.0,0.0,0.0,,0
x_aq_lsu_top/x_aq_lsu_lfb/x_aq_lsu_lfb_entry_6/x_pa_lsu_lfb_fsm_gated_clk/local_en,0,0.0,0.0,0.0,0.0,,0
x_aq_lsu_top/x_aq_lsu_lfb/x_aq_lsu_lfb_entry_6/x_pa_lsu_lfb_fsm_gated_clk/external_en,0,0.0,0.0,0.0,0.0,,0
x_aq_lsu_top/x_aq_lsu_lfb/x_aq_lsu_lfb_entry_6/x_pa_lsu_lfb_fsm_gated_clk/pad_yy_icg_scan_en,0,0.0,0.0,0.0,0.0,,0
x_aq_lsu_top/x_aq_lsu_lfb/x_aq_lsu_lfb_entry_6/x_pa_lsu_lfb_fsm_gated_clk/clk_out,0,0.0,0.0,0.0,0.0,,0
x_aq_lsu_top/x_aq_lsu_lfb/x_aq_lsu_lfb_entry_6/x_pa_lsu_lfb_fsm_gated_clk/clk_en_bf_latch,0,0.0,0.0,0.0,0.0,,0
x_aq_lsu_top/x_aq_lsu_lfb/x_aq_lsu_lfb_entry_6/x_pa_lsu_lfb_fsm_gated_clk/SE,0,0.0,0.0,0.0,0.0,,0
x_aq_lsu_top/x_aq_lsu_lfb/x_aq_lsu_lfb_entry_6/x_pa_lsu_lfb_dp_gated_clk/clk_in,0,0.0,0.0,0.0,0.0,,0
x_aq_lsu_top/x_aq_lsu_lfb/x_aq_lsu_lfb_entry_6/x_pa_lsu_lfb_dp_gated_clk/global_en,0,0.0,0.0,0.0,0.0,,0
x_aq_lsu_top/x_aq_lsu_lfb/x_aq_lsu_lfb_entry_6/x_pa_lsu_lfb_dp_gated_clk/module_en,0,0.0,0.0,0.0,0.0,,0
x_aq_lsu_top/x_aq_lsu_lfb/x_aq_lsu_lfb_entry_6/x_pa_lsu_lfb_dp_gated_clk/local_en,2,0.00024061597690086623,7.3900000000000015,0.9633336605834737,0.0,8.1767073335401e-05,1
x_aq_lsu_top/x_aq_lsu_lfb/x_aq_lsu_lfb_entry_6/x_pa_lsu_lfb_dp_gated_clk/external_en,0,0.0,0.0,0.0,0.0,,0
x_aq_lsu_top/x_aq_lsu_lfb/x_aq_lsu_lfb_entry_6/x_pa_lsu_lfb_dp_gated_clk/pad_yy_icg_scan_en,0,0.0,0.0,0.0,0.0,,0
x_aq_lsu_top/x_aq_lsu_lfb/x_aq_lsu_lfb_entry_6/x_pa_lsu_lfb_dp_gated_clk/clk_out,0,0.0,0.0,0.0,0.0,,0
x_aq_lsu_top/x_aq_lsu_lfb/x_aq_lsu_lfb_entry_6/x_pa_lsu_lfb_dp_gated_clk/clk_en_bf_latch,2,0.00024061597690086623,7.3900000000000015,0.9633336605834737,0.0,8.1767073335401e-05,1
x_aq_lsu_top/x_aq_lsu_lfb/x_aq_lsu_lfb_entry_6/x_pa_lsu_lfb_dp_gated_clk/SE,0,0.0,0.0,0.0,0.0,,0
x_aq_lsu_top/x_aq_lsu_lfb/x_aq_lsu_lfb_entry_7/bus_acc_err,0,0.0,0.0,0.0,0.0,,0
x_aq_lsu_top/x_aq_lsu_lfb/x_aq_lsu_lfb_entry_7/bus_cmplt_x,0,0.0,0.0,0.0,0.0,,0
x_aq_lsu_top/x_aq_lsu_lfb/x_aq_lsu_lfb_entry_7/bus_grant_x,0,0.0,0.0,0.0,0.0,,0
x_aq_lsu_top/x_aq_lsu_lfb/x_aq_lsu_lfb_entry_7/cp0_lsu_icg_en,0,0.0,0.0,0.0,0.0,,0
x_aq_lsu_top/x_aq_lsu_lfb/x_aq_lsu_lfb_entry_7/cpurst_b,3,0.0003609239653512993,6.4566666666666634,0.8416677043528134,0.3333333333333333,-0.052373008311376444,1
x_aq_lsu_top/x_aq_lsu_lfb/x_aq_lsu_lfb_entry_7/dc_hit_lfb_addr_x,0,0.0,0.0,0.0,0.0,,0
x_aq_lsu_top/x_aq_lsu_lfb/x_aq_lsu_lfb_entry_7/dc_hit_lfb_idx_x,0,0.0,0.0,0.0,0.0,,0
x_aq_lsu_top/x_aq_lsu_lfb/x_aq_lsu_lfb_entry_7/dc_hit_lfb_preg_x,0,0.0,0.0,0.0,0.0,,0
x_aq_lsu_top/x_aq_lsu_lfb/x_aq_lsu_lfb_entry_7/dc_hit_lfb_so_x,0,0.0,0.0,0.0,0.0,,0
x_aq_lsu_top/x_aq_lsu_lfb/x_aq_lsu_lfb_entry_7/dc_hit_lfb_vreg_x,0,0.0,0.0,0.0,0.0,,0
x_aq_lsu_top/x_aq_lsu_lfb/x_aq_lsu_lfb_entry_7/dc_xx_dest_preg[5:0],4,0.00048123195380173246,3.6900000000000004,0.4810150483833583,0.0,-0.04893792179051883,2
x_aq_lsu_top/x_aq_lsu_lfb/x_aq_lsu_lfb_entry_7/dc_xx_pa[39:0],4,0.00048123195380173246,6.417500000000001,0.8365620794038487,0.0,0.049288993232723566,6
x_aq_lsu_top/x_aq_lsu_lfb/x_aq_lsu_lfb_entry_7/forever_cpuclk,0,0.0,0.0,0.0,0.0,,0
x_aq_lsu_top/x_aq_lsu_lfb/x_aq_lsu_lfb_entry_7/ifu_lsu_warm_up,2,0.00024061597690086623,7.3900000000000015,0.9633336605834737,0.0,8.1767073335401e-05,1
x_aq_lsu_top/x_aq_lsu_lfb/x_aq_lsu_lfb_entry_7/lfb_create_alias_hit,0,0.0,0.0,0.0,0.0,,0
x_aq_lsu_top/x_aq_lsu_lfb/x_aq_lsu_lfb_entry_7/lfb_create_alias_idx[1:0],0,0.0,0.0,0.0,0.0,,0
x_aq_lsu_top/x_aq_lsu_lfb/x_aq_lsu_lfb_entry_7/lfb_create_alias_way[3:0],0,0.0,0.0,0.0,0.0,,0
x_aq_lsu_top/x_aq_lsu_lfb/x_aq_lsu_lfb_entry_7/lfb_create_amo_func[4:0],5,0.0006015399422521655,8.994000000000005,1.172425296791308,0.2,-0.03519355219326104,3
x_aq_lsu_top/x_aq_lsu_lfb/x_aq_lsu_lfb_entry_7/lfb_create_amo_inst,0,0.0,0.0,0.0,0.0,,0
x_aq_lsu_top/x_aq_lsu_lfb/x_aq_lsu_lfb_entry_7/lfb_create_attr[2:0],2,0.00024061597690086623,26.745000000000005,3.48638142791678,1.0,-0.14008442781251784,3
x_aq_lsu_top/x_aq_lsu_lfb/x_aq_lsu_lfb_entry_7/lfb_create_bytes_vld[7:0],11,0.0013233878729547641,7.787272727272731,1.0151206958491865,0.09090909090909091,0.04731407182155538,7
x_aq_lsu_top/x_aq_lsu_lfb/x_aq_lsu_lfb_entry_7/lfb_create_ca,1,0.00012030798845043312,12.09,1.5760086544592955,1.0,-0.12617851730880866,1
x_aq_lsu_top/x_aq_lsu_lfb/x_aq_lsu_lfb_entry_7/lfb_create_dest_reg[5:0],4,0.00048123195380173246,3.6900000000000004,0.4810150483833583,0.0,-0.04893792179051883,2
x_aq_lsu_top/x_aq_lsu_lfb/x_aq_lsu_lfb_entry_7/lfb_create_ele_size[1:0],8,0.0009624639076034649,7.621250000000005,0.9934785738459814,0.125,0.047910017754930444,2
x_aq_lsu_top/x_aq_lsu_lfb/x_aq_lsu_lfb_entry_7/lfb_create_en_gate_x,0,0.0,0.0,0.0,0.0,,0
x_aq_lsu_top/x_aq_lsu_lfb/x_aq_lsu_lfb_entry_7/lfb_create_en_x,0,0.0,0.0,0.0,0.0,,0
x_aq_lsu_top/x_aq_lsu_lfb/x_aq_lsu_lfb_entry_7/lfb_create_fls,2,0.00024061597690086623,5.050000000000001,0.6582997274623196,0.0,-0.04891464740260073,1
x_aq_lsu_top/x_aq_lsu_lfb/x_aq_lsu_lfb_entry_7/lfb_create_ld,0,0.0,0.0,0.0,0.0,,0
x_aq_lsu_top/x_aq_lsu_lfb/x_aq_lsu_lfb_entry_7/lfb_create_lock,0,0.0,0.0,0.0,0.0,,0
x_aq_lsu_top/x_aq_lsu_lfb/x_aq_lsu_lfb_entry_7/lfb_create_pa[39:0],0,0.0,0.0,0.0,0.0,,0
x_aq_lsu_top/x_aq_lsu_lfb/x_aq_lsu_lfb_entry_7/lfb_create_pf,1,0.00012030798845043312,12.09,1.5760086544592955,1.0,-0.12617851730880866,1
x_aq_lsu_top/x_aq_lsu_lfb/x_aq_lsu_lfb_entry_7/lfb_create_pfb_id[4:0],0,0.0,0.0,0.0,0.0,,0
x_aq_lsu_top/x_aq_lsu_lfb/x_aq_lsu_lfb_entry_7/lfb_create_priv_mode[1:0],0,0.0,0.0,0.0,0.0,,0
x_aq_lsu_top/x_aq_lsu_lfb/x_aq_lsu_lfb_entry_7/lfb_create_ptw,0,0.0,0.0,0.0,0.0,,0
x_aq_lsu_top/x_aq_lsu_lfb/x_aq_lsu_lfb_entry_7/lfb_create_sew[1:0],0,0.0,0.0,0.0,0.0,,0
x_aq_lsu_top/x_aq_lsu_lfb/x_aq_lsu_lfb_entry_7/lfb_create_shift[3:0],0,0.0,0.0,0.0,0.0,,0
x_aq_lsu_top/x_aq_lsu_lfb/x_aq_lsu_lfb_entry_7/lfb_create_sign_ext,3,0.0003609239653512993,12.643333333333336,1.648139185653187,0.0,-0.040199056800737556,1
x_aq_lsu_top/x_aq_lsu_lfb/x_aq_lsu_lfb_entry_7/lfb_create_size[1:0],8,0.0009624639076034649,7.621250000000005,0.9934785738459814,0.125,0.047910017754930444,2
x_aq_lsu_top/x_aq_lsu_lfb/x_aq_lsu_lfb_entry_7/lfb_create_split,0,0.0,0.0,0.0,0.0,,0
x_aq_lsu_top/x_aq_lsu_lfb/x_aq_lsu_lfb_entry_7/lfb_create_split_last,0,0.0,0.0,0.0,0.0,,0
x_aq_lsu_top/x_aq_lsu_lfb/x_aq_lsu_lfb_entry_7/lfb_create_stbid[1:0],0,0.0,0.0,0.0,0.0,,0
x_aq_lsu_top/x_aq_lsu_lfb/x_aq_lsu_lfb_entry_7/lfb_create_vfunc[7:0],2,0.00024061597690086623,3.7600000000000033,0.49013999510065814,0.0,-0.011206854623872171,2
x_aq_lsu_top/x_aq_lsu_lfb/x_aq_lsu_lfb_entry_7/lfb_create_virt_idx[1:0],0,0.0,0.0,0.0,0.0,,0
x_aq_lsu_top/x_aq_lsu_lfb/x_aq_lsu_lfb_entry_7/lfb_create_vl_val[6:0],0,0.0,0.0,0.0,0.0,,0
x_aq_lsu_top/x_aq_lsu_lfb/x_aq_lsu_lfb_entry_7/lfb_create_vls,0,0.0,0.0,0.0,0.0,,0
x_aq_lsu_top/x_aq_lsu_lfb/x_aq_lsu_lfb_entry_7/lfb_create_vsplit_last,0,0.0,0.0,0.0,0.0,,0
x_aq_lsu_top/x_aq_lsu_lfb/x_aq_lsu_lfb_entry_7/lfb_create_wb,0,0.0,0.0,0.0,0.0,,0
x_aq_lsu_top/x_aq_lsu_lfb/x_aq_lsu_lfb_entry_7/lfb_entry_arvalid_x,0,0.0,0.0,0.0,0.0,,0
x_aq_lsu_top/x_aq_lsu_lfb/x_aq_lsu_lfb_entry_7/lfb_entry_bus_rdy_x,0,0.0,0.0,0.0,0.0,,0
x_aq_lsu_top/x_aq_lsu_lfb/x_aq_lsu_lfb_entry_7/lfb_entry_ld_wo_stall_x,0,0.0,0.0,0.0,0.0,,0
x_aq_lsu_top/x_aq_lsu_lfb/x_aq_lsu_lfb_entry_7/lfb_entry_pop_en_x,0,0.0,0.0,0.0,0.0,,0
x_aq_lsu_top/x_aq_lsu_lfb/x_aq_lsu_lfb_entry_7/lfb_entry_rdl_req_x,0,0.0,0.0,0.0,0.0,,0
x_aq_lsu_top/x_aq_lsu_lfb/x_aq_lsu_lfb_entry_7/lfb_entry_ref_done_x,0,0.0,0.0,0.0,0.0,,0
x_aq_lsu_top/x_aq_lsu_lfb/x_aq_lsu_lfb_entry_7/lfb_entry_vld_x,0,0.0,0.0,0.0,0.0,,0
x_aq_lsu_top/x_aq_lsu_lfb/x_aq_lsu_lfb_entry_7/lfb_entry_wb_en_x,0,0.0,0.0,0.0,0.0,,0
x_aq_lsu_top/x_aq_lsu_lfb/x_aq_lsu_lfb_entry_7/lfb_entryx_arbus[54:0],2,0.00024061597690086623,3.7600000000000033,0.49013999510065814,0.0,-0.011206854623872435,6
x_aq_lsu_top/x_aq_lsu_lfb/x_aq_lsu_lfb_entry_7/lfb_entryx_dbginfo[6:0],2,0.00024061597690086623,3.7600000000000033,0.49013999510065814,0.0,-0.011206854623871793,4
x_aq_lsu_top/x_aq_lsu_lfb/x_aq_lsu_lfb_entry_7/lfb_entryx_ldbus[36:0],2,0.00024061597690086623,10.350000000000001,1.3491885503435659,0.0,-0.011305884758410422,6
x_aq_lsu_top/x_aq_lsu_lfb/x_aq_lsu_lfb_entry_7/lfb_entryx_mtval[39:0],0,0.0,0.0,0.0,0.0,,0
x_aq_lsu_top/x_aq_lsu_lfb/x_aq_lsu_lfb_entry_7/lfb_entryx_rdl_bus[50:0],2,0.00024061597690086623,3.7600000000000033,0.49013999510065814,0.0,-0.011206854623872189,3
x_aq_lsu_top/x_aq_lsu_lfb/x_aq_lsu_lfb_entry_7/lfb_entryx_refbus[44:0],2,0.00024061597690086623,3.7600000000000033,0.49013999510065814,0.0,-0.011206854623872258,2
x_aq_lsu_top/x_aq_lsu_lfb/x_aq_lsu_lfb_entry_7/lfb_entryx_stbus[6:0],0,0.0,0.0,0.0,0.0,,0
x_aq_lsu_top/x_aq_lsu_lfb/x_aq_lsu_lfb_entry_7/lfb_entryx_vldbus[20:0],2,0.00024061597690086623,10.350000000000001,1.3491885503435659,0.0,-0.011305884758410524,2
x_aq_lsu_top/x_aq_lsu_lfb/x_aq_lsu_lfb_entry_7/pad_yy_icg_scan_en,0,0.0,0.0,0.0,0.0,,0
x_aq_lsu_top/x_aq_lsu_lfb/x_aq_lsu_lfb_entry_7/pfb_hit_lfb_idx_x,0,0.0,0.0,0.0,0.0,,0
x_aq_lsu_top/x_aq_lsu_lfb/x_aq_lsu_lfb_entry_7/pfb_xx_pa[39:0],0,0.0,0.0,0.0,0.0,,0
x_aq_lsu_top/x_aq_lsu_lfb/x_aq_lsu_lfb_entry_7/rdl_cmplt_x,0,0.0,0.0,0.0,0.0,,0
x_aq_lsu_top/x_aq_lsu_lfb/x_aq_lsu_lfb_entry_7/rdl_grant_x,0,0.0,0.0,0.0,0.0,,0
x_aq_lsu_top/x_aq_lsu_lfb/x_aq_lsu_lfb_entry_7/rdl_lfb_alias_hit,0,0.0,0.0,0.0,0.0,,0
x_aq_lsu_top/x_aq_lsu_lfb/x_aq_lsu_lfb_entry_7/rdl_lfb_cache_hit,0,0.0,0.0,0.0,0.0,,0
x_aq_lsu_top/x_aq_lsu_lfb/x_aq_lsu_lfb_entry_7/rdl_lfb_ref_fifo[3:0],1,0.00012030798845043312,6.270000000000003,0.8173345131066823,0.0,-0.0111453056014091,1
x_aq_lsu_top/x_aq_lsu_lfb/x_aq_lsu_lfb_entry_7/rtu_yy_xx_async_flush,0,0.0,0.0,0.0,0.0,,0
x_aq_lsu_top/x_aq_lsu_lfb/x_aq_lsu_lfb_entry_7/lfb_buf,0,0.0,0.0,0.0,0.0,,0
x_aq_lsu_top/x_aq_lsu_lfb/x_aq_lsu_lfb_entry_7/lfb_cache[3:0],2,0.00024061597690086623,3.7600000000000033,0.49013999510065814,0.0,-0.01120685462387242,3
x_aq_lsu_top/x_aq_lsu_lfb/x_aq_lsu_lfb_entry_7/lfb_cur_idle,1,0.00012030798845043312,41.400000000000006,5.3967542013742635,1.0,-0.14861602140388885,1
x_aq_lsu_top/x_aq_lsu_lfb/x_aq_lsu_lfb_entry_7/lfb_cur_rbus,0,0.0,0.0,0.0,0.0,,0
x_aq_lsu_top/x_aq_lsu_lfb/x_aq_lsu_lfb_entry_7/lfb_cur_rdl,0,0.0,0.0,0.0,0.0,,0
x_aq_lsu_top/x_aq_lsu_lfb/x_aq_lsu_lfb_entry_7/lfb_cur_ref,0,0.0,0.0,0.0,0.0,,0
x_aq_lsu_top/x_aq_lsu_lfb/x_aq_lsu_lfb_entry_7/lfb_cur_ref_1,0,0.0,0.0,0.0,0.0,,0
x_aq_lsu_top/x_aq_lsu_lfb/x_aq_lsu_lfb_entry_7/lfb_cur_wrdl,0,0.0,0.0,0.0,0.0,,0
x_aq_lsu_top/x_aq_lsu_lfb/x_aq_lsu_lfb_entry_7/lfb_dp_clk,0,0.0,0.0,0.0,0.0,,0
x_aq_lsu_top/x_aq_lsu_lfb/x_aq_lsu_lfb_entry_7/lfb_dp_clk_en,2,0.00024061597690086623,7.3900000000000015,0.9633336605834737,0.0,8.1767073335401e-05,1
x_aq_lsu_top/x_aq_lsu_lfb/x_aq_lsu_lfb_entry_7/lfb_entry_vld,0,0.0,0.0,0.0,0.0,,0
x_aq_lsu_top/x_aq_lsu_lfb/x_aq_lsu_lfb_entry_7/lfb_fsm_clk,0,0.0,0.0,0.0,0.0,,0
x_aq_lsu_top/x_aq_lsu_lfb/x_aq_lsu_lfb_entry_7/lfb_fsm_clk_en,0,0.0,0.0,0.0,0.0,,0
x_aq_lsu_top/x_aq_lsu_lfb/x_aq_lsu_lfb_entry_7/lfb_ld_inst,0,0.0,0.0,0.0,0.0,,0
x_aq_lsu_top/x_aq_lsu_lfb/x_aq_lsu_lfb_entry_7/lfb_len[1:0],2,0.00024061597690086623,3.7600000000000033,0.49013999510065814,0.0,-0.011226700708829732,1
x_aq_lsu_top/x_aq_lsu_lfb/x_aq_lsu_lfb_entry_7/lfb_offset[3:0],0,0.0,0.0,0.0,0.0,,0
x_aq_lsu_top/x_aq_lsu_lfb/x_aq_lsu_lfb_entry_7/lfb_prot[2:0],0,0.0,0.0,0.0,0.0,,0
x_aq_lsu_top/x_aq_lsu_lfb/x_aq_lsu_lfb_entry_7/lfb_ptw_for_flush,0,0.0,0.0,0.0,0.0,,0
x_aq_lsu_top/x_aq_lsu_lfb/x_aq_lsu_lfb_entry_7/lfb_ref_cnt[1:0],0,0.0,0.0,0.0,0.0,,0
x_aq_lsu_top/x_aq_lsu_lfb/x_aq_lsu_lfb_entry_7/lfb_ref_en,1,0.00012030798845043312,6.270000000000003,0.8173345131066823,0.0,-0.0111453056014091,1
x_aq_lsu_top/x_aq_lsu_lfb/x_aq_lsu_lfb_entry_7/lfb_ref_idx[7:0],0,0.0,0.0,0.0,0.0,,0
x_aq_lsu_top/x_aq_lsu_lfb/x_aq_lsu_lfb_entry_7/lfb_ref_offset[1:0],0,0.0,0.0,0.0,0.0,,0
x_aq_lsu_top/x_aq_lsu_lfb/x_aq_lsu_lfb_entry_7/lfb_ref_tag[27:0],0,0.0,0.0,0.0,0.0,,0
x_aq_lsu_top/x_aq_lsu_lfb/x_aq_lsu_lfb_entry_7/lfb_size_t[2:0],2,0.00024061597690086623,3.7600000000000033,0.49013999510065814,0.0,-0.011206854623872258,2
x_aq_lsu_top/x_aq_lsu_lfb/x_aq_lsu_lfb_entry_7/lfb_so,0,0.0,0.0,0.0,0.0,,0
x_aq_lsu_top/x_aq_lsu_lfb/x_aq_lsu_lfb_entry_7/lfb_st_err,0,0.0,0.0,0.0,0.0,,0
x_aq_lsu_top/x_aq_lsu_lfb/x_aq_lsu_lfb_entry_7/lfb_user,0,0.0,0.0,0.0,0.0,,0
x_aq_lsu_top/x_aq_lsu_lfb/x_aq_lsu_lfb_entry_7/lfb_wb_en,0,0.0,0.0,0.0,0.0,,0
x_aq_lsu_top/x_aq_lsu_lfb/x_aq_lsu_lfb_entry_7/refill_done,0,0.0,0.0,0.0,0.0,,0
x_aq_lsu_top/x_aq_lsu_lfb/x_aq_lsu_lfb_entry_7/x_pa_lsu_lfb_fsm_gated_clk/clk_in,0,0.0,0.0,0.0,0.0,,0
x_aq_lsu_top/x_aq_lsu_lfb/x_aq_lsu_lfb_entry_7/x_pa_lsu_lfb_fsm_gated_clk/global_en,0,0.0,0.0,0.0,0.0,,0
x_aq_lsu_top/x_aq_lsu_lfb/x_aq_lsu_lfb_entry_7/x_pa_lsu_lfb_fsm_gated_clk/module_en,0,0.0,0.0,0.0,0.0,,0
x_aq_lsu_top/x_aq_lsu_lfb/x_aq_lsu_lfb_entry_7/x_pa_lsu_lfb_fsm_gated_clk/local_en,0,0.0,0.0,0.0,0.0,,0
x_aq_lsu_top/x_aq_lsu_lfb/x_aq_lsu_lfb_entry_7/x_pa_lsu_lfb_fsm_gated_clk/external_en,0,0.0,0.0,0.0,0.0,,0
x_aq_lsu_top/x_aq_lsu_lfb/x_aq_lsu_lfb_entry_7/x_pa_lsu_lfb_fsm_gated_clk/pad_yy_icg_scan_en,0,0.0,0.0,0.0,0.0,,0
x_aq_lsu_top/x_aq_lsu_lfb/x_aq_lsu_lfb_entry_7/x_pa_lsu_lfb_fsm_gated_clk/clk_out,0,0.0,0.0,0.0,0.0,,0
x_aq_lsu_top/x_aq_lsu_lfb/x_aq_lsu_lfb_entry_7/x_pa_lsu_lfb_fsm_gated_clk/clk_en_bf_latch,0,0.0,0.0,0.0,0.0,,0
x_aq_lsu_top/x_aq_lsu_lfb/x_aq_lsu_lfb_entry_7/x_pa_lsu_lfb_fsm_gated_clk/SE,0,0.0,0.0,0.0,0.0,,0
x_aq_lsu_top/x_aq_lsu_lfb/x_aq_lsu_lfb_entry_7/x_pa_lsu_lfb_dp_gated_clk/clk_in,0,0.0,0.0,0.0,0.0,,0
x_aq_lsu_top/x_aq_lsu_lfb/x_aq_lsu_lfb_entry_7/x_pa_lsu_lfb_dp_gated_clk/global_en,0,0.0,0.0,0.0,0.0,,0
x_aq_lsu_top/x_aq_lsu_lfb/x_aq_lsu_lfb_entry_7/x_pa_lsu_lfb_dp_gated_clk/module_en,0,0.0,0.0,0.0,0.0,,0
x_aq_lsu_top/x_aq_lsu_lfb/x_aq_lsu_lfb_entry_7/x_pa_lsu_lfb_dp_gated_clk/local_en,2,0.00024061597690086623,7.3900000000000015,0.9633336605834737,0.0,8.1767073335401e-05,1
x_aq_lsu_top/x_aq_lsu_lfb/x_aq_lsu_lfb_entry_7/x_pa_lsu_lfb_dp_gated_clk/external_en,0,0.0,0.0,0.0,0.0,,0
x_aq_lsu_top/x_aq_lsu_lfb/x_aq_lsu_lfb_entry_7/x_pa_lsu_lfb_dp_gated_clk/pad_yy_icg_scan_en,0,0.0,0.0,0.0,0.0,,0
x_aq_lsu_top/x_aq_lsu_lfb/x_aq_lsu_lfb_entry_7/x_pa_lsu_lfb_dp_gated_clk/clk_out,0,0.0,0.0,0.0,0.0,,0
x_aq_lsu_top/x_aq_lsu_lfb/x_aq_lsu_lfb_entry_7/x_pa_lsu_lfb_dp_gated_clk/clk_en_bf_latch,2,0.00024061597690086623,7.3900000000000015,0.9633336605834737,0.0,8.1767073335401e-05,1
x_aq_lsu_top/x_aq_lsu_lfb/x_aq_lsu_lfb_entry_7/x_pa_lsu_lfb_dp_gated_clk/SE,0,0.0,0.0,0.0,0.0,,0
x_aq_lsu_top/x_aq_lsu_lm/cp0_lsu_icg_en,0,0.0,0.0,0.0,0.0,,0
x_aq_lsu_top/x_aq_lsu_lm/cpurst_b,3,0.0003609239653512993,6.4566666666666634,0.8416677043528134,0.3333333333333333,-0.052373008311376444,1
x_aq_lsu_top/x_aq_lsu_lm/forever_cpuclk,0,0.0,0.0,0.0,0.0,,0
x_aq_lsu_top/x_aq_lsu_lm/ifu_lsu_warm_up,2,0.00024061597690086623,7.3900000000000015,0.9633336605834737,0.0,8.1767073335401e-05,1
x_aq_lsu_top/x_aq_lsu_lm/lm_clr,0,0.0,0.0,0.0,0.0,,0
x_aq_lsu_top/x_aq_lsu_lm/lm_pass,0,0.0,0.0,0.0,0.0,,0
x_aq_lsu_top/x_aq_lsu_lm/lm_req_addr[39:0],4,0.00048123195380173246,6.417500000000001,0.8365620794038487,0.0,0.049288993232723566,6
x_aq_lsu_top/x_aq_lsu_lm/lm_req_size[1:0],8,0.0009624639076034649,7.621250000000005,0.9934785738459814,0.125,0.047910017754930444,2
x_aq_lsu_top/x_aq_lsu_lm/lm_set,0,0.0,0.0,0.0,0.0,,0
x_aq_lsu_top/x_aq_lsu_lm/lm_set_gate,0,0.0,0.0,0.0,0.0,,0
x_aq_lsu_top/x_aq_lsu_lm/pad_yy_icg_scan_en,0,0.0,0.0,0.0,0.0,,0
x_aq_lsu_top/x_aq_lsu_lm/rtu_lsu_expt_ack,0,0.0,0.0,0.0,0.0,,0
x_aq_lsu_top/x_aq_lsu_lm/rtu_lsu_expt_exit,0,0.0,0.0,0.0,0.0,,0
x_aq_lsu_top/x_aq_lsu_lm/expt_ack,0,0.0,0.0,0.0,0.0,,0
x_aq_lsu_top/x_aq_lsu_lm/expt_exit,0,0.0,0.0,0.0,0.0,,0
x_aq_lsu_top/x_aq_lsu_lm/lm_clk,0,0.0,0.0,0.0,0.0,,0
x_aq_lsu_top/x_aq_lsu_lm/lm_clk_en,2,0.00024061597690086623,7.3900000000000015,0.9633336605834737,0.0,8.1767073335401e-05,1
x_aq_lsu_top/x_aq_lsu_lm/warm_up,2,0.00024061597690086623,7.3900000000000015,0.9633336605834737,0.0,8.1767073335401e-05,1
x_aq_lsu_top/x_aq_lsu_lm/x_aq_lsu_lm_gated_clk/clk_in,0,0.0,0.0,0.0,0.0,,0
x_aq_lsu_top/x_aq_lsu_lm/x_aq_lsu_lm_gated_clk/global_en,0,0.0,0.0,0.0,0.0,,0
x_aq_lsu_top/x_aq_lsu_lm/x_aq_lsu_lm_gated_clk/module_en,0,0.0,0.0,0.0,0.0,,0
x_aq_lsu_top/x_aq_lsu_lm/x_aq_lsu_lm_gated_clk/local_en,2,0.00024061597690086623,7.3900000000000015,0.9633336605834737,0.0,8.1767073335401e-05,1
x_aq_lsu_top/x_aq_lsu_lm/x_aq_lsu_lm_gated_clk/external_en,0,0.0,0.0,0.0,0.0,,0
x_aq_lsu_top/x_aq_lsu_lm/x_aq_lsu_lm_gated_clk/pad_yy_icg_scan_en,0,0.0,0.0,0.0,0.0,,0
x_aq_lsu_top/x_aq_lsu_lm/x_aq_lsu_lm_gated_clk/clk_out,0,0.0,0.0,0.0,0.0,,0
x_aq_lsu_top/x_aq_lsu_lm/x_aq_lsu_lm_gated_clk/clk_en_bf_latch,2,0.00024061597690086623,7.3900000000000015,0.9633336605834737,0.0,8.1767073335401e-05,1
x_aq_lsu_top/x_aq_lsu_lm/x_aq_lsu_lm_gated_clk/SE,0,0.0,0.0,0.0,0.0,,0
x_aq_lsu_top/x_aq_lsu_mcic/arb_mcic_grant,1,0.00012030798845043312,12.09,1.5760086544592955,1.0,-0.12617851730880866,1
x_aq_lsu_top/x_aq_lsu_mcic/cp0_lsu_icg_en,0,0.0,0.0,0.0,0.0,,0
x_aq_lsu_top/x_aq_lsu_mcic/cp0_lsu_mpp[1:0],1,0.00012030798845043312,1.2299999999999933,0.16033834946111852,0.0,-0.11407227095261649,2
x_aq_lsu_top/x_aq_lsu_mcic/cp0_lsu_mprv,0,0.0,0.0,0.0,0.0,,0
x_aq_lsu_top/x_aq_lsu_mcic/cp0_yy_priv_mode[1:0],1,0.00012030798845043312,1.2299999999999933,0.16033834946111852,0.0,-0.11407227095261649,2
x_aq_lsu_top/x_aq_lsu_mcic/cpurst_b,3,0.0003609239653512993,6.4566666666666634,0.8416677043528134,0.3333333333333333,-0.052373008311376444,1
x_aq_lsu_top/x_aq_lsu_mcic/dc_ag_stall,0,0.0,0.0,0.0,0.0,,0
x_aq_lsu_top/x_aq_lsu_mcic/dc_mcic_bus_err,0,0.0,0.0,0.0,0.0,,0
x_aq_lsu_top/x_aq_lsu_mcic/dc_mcic_data[63:0],0,0.0,0.0,0.0,0.0,,0
x_aq_lsu_top/x_aq_lsu_mcic/dc_mcic_data_vld,0,0.0,0.0,0.0,0.0,,0
x_aq_lsu_top/x_aq_lsu_mcic/dc_xx_dcache_req_mask,0,0.0,0.0,0.0,0.0,,0
x_aq_lsu_top/x_aq_lsu_mcic/forever_cpuclk,0,0.0,0.0,0.0,0.0,,0
x_aq_lsu_top/x_aq_lsu_mcic/icc_xx_idle,31,0.0037295476419634266,6.315806451612904,0.8233056763963433,0.03225806451612903,-0.15296285093903966,1
x_aq_lsu_top/x_aq_lsu_mcic/lsu_mmu_bus_error,0,0.0,0.0,0.0,0.0,,0
x_aq_lsu_top/x_aq_lsu_mcic/lsu_mmu_data[63:0],0,0.0,0.0,0.0,0.0,,0
x_aq_lsu_top/x_aq_lsu_mcic/lsu_mmu_data_vld,0,0.0,0.0,0.0,0.0,,0
x_aq_lsu_top/x_aq_lsu_mcic/mcic_ag_stall,0,0.0,0.0,0.0,0.0,,0
x_aq_lsu_top/x_aq_lsu_mcic/mcic_arb_data_idx[13:0],2,0.00024061597690086623,9.350000000000003,1.2188321686678594,0.0,0.04913378582256354,2
x_aq_lsu_top/x_aq_lsu_mcic/mcic_arb_data_req,0,0.0,0.0,0.0,0.0,,0
x_aq_lsu_top/x_aq_lsu_mcic/mcic_arb_data_way[3:0],0,0.0,0.0,0.0,0.0,,0
x_aq_lsu_top/x_aq_lsu_mcic/mcic_arb_tag_idx[11:0],0,0.0,0.0,0.0,0.0,,0
x_aq_lsu_top/x_aq_lsu_mcic/mcic_arb_tag_req,0,0.0,0.0,0.0,0.0,,0
x_aq_lsu_top/x_aq_lsu_mcic/mcic_arb_tag_sel[3:0],0,0.0,0.0,0.0,0.0,,0
x_aq_lsu_top/x_aq_lsu_mcic/mcic_arb_tag_way[3:0],0,0.0,0.0,0.0,0.0,,0
x_aq_lsu_top/x_aq_lsu_mcic/mcic_dc_addr[39:0],2,0.00024061597690086623,9.350000000000003,1.2188321686678594,0.0,0.04913378582256354,2
x_aq_lsu_top/x_aq_lsu_mcic/mcic_dc_bytes_vld[7:0],1,0.00012030798845043312,1.2299999999999933,0.16033834946111852,0.0,-0.11407227095261488,8
x_aq_lsu_top/x_aq_lsu_mcic/mcic_dc_priv_mode[1:0],1,0.00012030798845043312,1.2299999999999933,0.16033834946111852,0.0,-0.11407227095261649,2
x_aq_lsu_top/x_aq_lsu_mcic/mcic_dc_req,0,0.0,0.0,0.0,0.0,,0
x_aq_lsu_top/x_aq_lsu_mcic/mmu_lsu_data_req,0,0.0,0.0,0.0,0.0,,0
x_aq_lsu_top/x_aq_lsu_mcic/mmu_lsu_data_req_addr[39:0],2,0.00024061597690086623,9.350000000000003,1.2188321686678594,0.0,0.04913378582256354,2
x_aq_lsu_top/x_aq_lsu_mcic/mmu_lsu_data_req_size,0,0.0,0.0,0.0,0.0,,0
x_aq_lsu_top/x_aq_lsu_mcic/pad_yy_icg_scan_en,0,0.0,0.0,0.0,0.0,,0
x_aq_lsu_top/x_aq_lsu_mcic/dcache_req_mask,0,0.0,0.0,0.0,0.0,,0
x_aq_lsu_top/x_aq_lsu_mcic/mcic_data[63:0],0,0.0,0.0,0.0,0.0,,0
x_aq_lsu_top/x_aq_lsu_mcic/mcic_data_error,0,0.0,0.0,0.0,0.0,,0
x_aq_lsu_top/x_aq_lsu_mcic/mcic_data_vld,0,0.0,0.0,0.0,0.0,,0
x_aq_lsu_top/x_aq_lsu_mcic/mcic_dcache_grnt,1,0.00012030798845043312,12.09,1.5760086544592955,1.0,-0.12617851730880866,1
x_aq_lsu_top/x_aq_lsu_mcic/ptw_addr[39:0],2,0.00024061597690086623,9.350000000000003,1.2188321686678594,0.0,0.04913378582256354,2
x_aq_lsu_top/x_aq_lsu_mcic/ptw_clk,0,0.0,0.0,0.0,0.0,,0
x_aq_lsu_top/x_aq_lsu_mcic/ptw_clk_en,0,0.0,0.0,0.0,0.0,,0
x_aq_lsu_top/x_aq_lsu_mcic/ptw_dcache_grant,0,0.0,0.0,0.0,0.0,,0
x_aq_lsu_top/x_aq_lsu_mcic/ptw_dcache_req,0,0.0,0.0,0.0,0.0,,0
x_aq_lsu_top/x_aq_lsu_mcic/ptw_frz,0,0.0,0.0,0.0,0.0,,0
x_aq_lsu_top/x_aq_lsu_mcic/ptw_req,0,0.0,0.0,0.0,0.0,,0
x_aq_lsu_top/x_aq_lsu_mcic/ptw_size,0,0.0,0.0,0.0,0.0,,0
x_aq_lsu_top/x_aq_lsu_mcic/x_aq_lsu_ptw_gated_clk/clk_in,0,0.0,0.0,0.0,0.0,,0
x_aq_lsu_top/x_aq_lsu_mcic/x_aq_lsu_ptw_gated_clk/global_en,0,0.0,0.0,0.0,0.0,,0
x_aq_lsu_top/x_aq_lsu_mcic/x_aq_lsu_ptw_gated_clk/module_en,0,0.0,0.0,0.0,0.0,,0
x_aq_lsu_top/x_aq_lsu_mcic/x_aq_lsu_ptw_gated_clk/local_en,0,0.0,0.0,0.0,0.0,,0
x_aq_lsu_top/x_aq_lsu_mcic/x_aq_lsu_ptw_gated_clk/external_en,0,0.0,0.0,0.0,0.0,,0
x_aq_lsu_top/x_aq_lsu_mcic/x_aq_lsu_ptw_gated_clk/pad_yy_icg_scan_en,0,0.0,0.0,0.0,0.0,,0
x_aq_lsu_top/x_aq_lsu_mcic/x_aq_lsu_ptw_gated_clk/clk_out,0,0.0,0.0,0.0,0.0,,0
x_aq_lsu_top/x_aq_lsu_mcic/x_aq_lsu_ptw_gated_clk/clk_en_bf_latch,0,0.0,0.0,0.0,0.0,,0
x_aq_lsu_top/x_aq_lsu_mcic/x_aq_lsu_ptw_gated_clk/SE,0,0.0,0.0,0.0,0.0,,0
x_aq_lsu_top/x_aq_lsu_pfb_top/cp0_lsu_dcache_en,3,0.0003609239653512993,10.02,1.3061709443905825,0.0,-0.020636977497295393,1
x_aq_lsu_top/x_aq_lsu_pfb_top/cp0_lsu_dcache_pref_dist[1:0],2,0.00024061597690086623,0.7349999999999959,0.09581194053164399,0.0,-0.014201449376341619,1
x_aq_lsu_top/x_aq_lsu_pfb_top/cp0_lsu_dcache_pref_en,1,0.00012030798845043312,0.23999999999999844,0.03128553160216944,0.0,0.0029125084884028974,1
x_aq_lsu_top/x_aq_lsu_pfb_top/cp0_lsu_dcache_wb,0,0.0,0.0,0.0,0.0,,0
x_aq_lsu_top/x_aq_lsu_pfb_top/cp0_lsu_icg_en,0,0.0,0.0,0.0,0.0,,0
x_aq_lsu_top/x_aq_lsu_pfb_top/cp0_lsu_sync_req,0,0.0,0.0,0.0,0.0,,0
x_aq_lsu_top/x_aq_lsu_pfb_top/cpurst_b,3,0.0003609239653512993,6.4566666666666634,0.8416677043528134,0.3333333333333333,-0.052373008311376444,1
x_aq_lsu_top/x_aq_lsu_pfb_top/dc_pfb_dca_vld,2,0.00024061597690086623,6.705000000000005,0.874039539135615,0.0,0.04333418860706138,1
x_aq_lsu_top/x_aq_lsu_pfb_top/dc_pfb_hit_idx,0,0.0,0.0,0.0,0.0,,0
x_aq_lsu_top/x_aq_lsu_pfb_top/dc_pfb_ld_chk_pa[39:0],4,0.00048123195380173246,6.417500000000001,0.8365620794038487,0.0,0.049288993232723566,6
x_aq_lsu_top/x_aq_lsu_pfb_top/dc_pfb_ld_chk_virt_idx[1:0],2,0.00024061597690086623,3.6199999999999974,0.4718901016660584,0.0,0.048840917826710545,1
x_aq_lsu_top/x_aq_lsu_pfb_top/dc_pfb_ld_init_pa[39:0],4,0.00048123195380173246,6.417500000000001,0.8365620794038487,0.0,0.049288993232723566,6
x_aq_lsu_top/x_aq_lsu_pfb_top/dc_pfb_ld_init_virt_idx[1:0],2,0.00024061597690086623,3.6199999999999974,0.4718901016660584,0.0,0.048840917826710545,1
x_aq_lsu_top/x_aq_lsu_pfb_top/dc_pfb_ld_mask,2,0.00024061597690086623,2.8100000000000023,0.3663014325087365,0.5,0.06699078123658667,1
x_aq_lsu_top/x_aq_lsu_pfb_top/dc_pfb_ld_miss,1,0.00012030798845043312,1.2299999999999933,0.16033834946111852,0.0,-0.11407227095261288,1
x_aq_lsu_top/x_aq_lsu_pfb_top/dc_pfb_ld_pc[15:0],11,0.0013233878729547641,7.997272727272731,1.042495536001085,0.09090909090909091,0.04815965844701629,8
x_aq_lsu_top/x_aq_lsu_pfb_top/dc_pfb_ld_vld,0,0.0,0.0,0.0,0.0,,0
x_aq_lsu_top/x_aq_lsu_pfb_top/dc_pfb_ld_vld_gate,0,0.0,0.0,0.0,0.0,,0
x_aq_lsu_top/x_aq_lsu_pfb_top/dc_pfb_priv_mode[1:0],2,0.00024061597690086623,3.7600000000000033,0.49013999510065814,0.0,-0.011226700708829732,1
x_aq_lsu_top/x_aq_lsu_pfb_top/forever_cpuclk,0,0.0,0.0,0.0,0.0,,0
x_aq_lsu_top/x_aq_lsu_pfb_top/icc_xx_sync_req,0,0.0,0.0,0.0,0.0,,0
x_aq_lsu_top/x_aq_lsu_pfb_top/ifu_lsu_warm_up,2,0.00024061597690086623,7.3900000000000015,0.9633336605834737,0.0,8.1767073335401e-05,1
x_aq_lsu_top/x_aq_lsu_pfb_top/lfb_pfb_cache_hit[4:0],0,0.0,0.0,0.0,0.0,,0
x_aq_lsu_top/x_aq_lsu_pfb_top/lfb_pfb_cache_miss[4:0],0,0.0,0.0,0.0,0.0,,0
x_aq_lsu_top/x_aq_lsu_pfb_top/lfb_pfb_grant,1,0.00012030798845043312,1.2299999999999933,0.16033834946111852,0.0,-0.11407227095261288,1
x_aq_lsu_top/x_aq_lsu_pfb_top/lfb_pfb_hit_idx,0,0.0,0.0,0.0,0.0,,0
x_aq_lsu_top/x_aq_lsu_pfb_top/pad_yy_icg_scan_en,0,0.0,0.0,0.0,0.0,,0
x_aq_lsu_top/x_aq_lsu_pfb_top/pfb_lfb_id[4:0],0,0.0,0.0,0.0,0.0,,0
x_aq_lsu_top/x_aq_lsu_pfb_top/pfb_lfb_pa[39:0],0,0.0,0.0,0.0,0.0,,0
x_aq_lsu_top/x_aq_lsu_pfb_top/pfb_lfb_priv_mode[1:0],0,0.0,0.0,0.0,0.0,,0
x_aq_lsu_top/x_aq_lsu_pfb_top/pfb_lfb_req,0,0.0,0.0,0.0,0.0,,0
x_aq_lsu_top/x_aq_lsu_pfb_top/pfb_lfb_req_gate,0,0.0,0.0,0.0,0.0,,0
x_aq_lsu_top/x_aq_lsu_pfb_top/pfb_lfb_virt_idx[1:0],0,0.0,0.0,0.0,0.0,,0
x_aq_lsu_top/x_aq_lsu_pfb_top/pfb_lfb_wb,0,0.0,0.0,0.0,0.0,,0
x_aq_lsu_top/x_aq_lsu_pfb_top/pfb_xx_pa[39:0],0,0.0,0.0,0.0,0.0,,0
x_aq_lsu_top/x_aq_lsu_pfb_top/stb_pfb_hit_idx,0,0.0,0.0,0.0,0.0,,0
x_aq_lsu_top/x_aq_lsu_pfb_top/vb_pfb_hit_idx,0,0.0,0.0,0.0,0.0,,0
x_aq_lsu_top/x_aq_lsu_pfb_top/create_clk_en,0,0.0,0.0,0.0,0.0,,0
x_aq_lsu_top/x_aq_lsu_pfb_top/dc_hit_idx,0,0.0,0.0,0.0,0.0,,0
x_aq_lsu_top/x_aq_lsu_pfb_top/dc_hit_pfb_pc[4:0],0,0.0,0.0,0.0,0.0,,0
x_aq_lsu_top/x_aq_lsu_pfb_top/dc_hit_ppfb_pc[3:0],0,0.0,0.0,0.0,0.0,,0
x_aq_lsu_top/x_aq_lsu_pfb_top/gpfb_create_en,0,0.0,0.0,0.0,0.0,,0
x_aq_lsu_top/x_aq_lsu_pfb_top/gpfb_create_en_dp,0,0.0,0.0,0.0,0.0,,0
x_aq_lsu_top/x_aq_lsu_pfb_top/gpfb_create_en_gate,0,0.0,0.0,0.0,0.0,,0
x_aq_lsu_top/x_aq_lsu_pfb_top/gpfb_entry_in_pf,0,0.0,0.0,0.0,0.0,,0
x_aq_lsu_top/x_aq_lsu_pfb_top/gpfb_grant,0,0.0,0.0,0.0,0.0,,0
x_aq_lsu_top/x_aq_lsu_pfb_top/gpfb_req_mask,0,0.0,0.0,0.0,0.0,,0
x_aq_lsu_top/x_aq_lsu_pfb_top/lfb_cache_hit[4:0],0,0.0,0.0,0.0,0.0,,0
x_aq_lsu_top/x_aq_lsu_pfb_top/lfb_cache_miss[4:0],0,0.0,0.0,0.0,0.0,,0
x_aq_lsu_top/x_aq_lsu_pfb_top/lfb_grant,1,0.00012030798845043312,1.2299999999999933,0.16033834946111852,0.0,-0.11407227095261288,1
x_aq_lsu_top/x_aq_lsu_pfb_top/lfb_hit_idx,0,0.0,0.0,0.0,0.0,,0
x_aq_lsu_top/x_aq_lsu_pfb_top/pfb_arbus[38:0],0,0.0,0.0,0.0,0.0,,0
x_aq_lsu_top/x_aq_lsu_pfb_top/pfb_create_clk,0,0.0,0.0,0.0,0.0,,0
x_aq_lsu_top/x_aq_lsu_pfb_top/pfb_create_en[4:0],0,0.0,0.0,0.0,0.0,,0
x_aq_lsu_top/x_aq_lsu_pfb_top/pfb_create_en_dp[4:0],0,0.0,0.0,0.0,0.0,,0
x_aq_lsu_top/x_aq_lsu_pfb_top/pfb_create_en_gate[4:0],0,0.0,0.0,0.0,0.0,,0
x_aq_lsu_top/x_aq_lsu_pfb_top/pfb_dca_vld,2,0.00024061597690086623,6.705000000000005,0.874039539135615,0.0,0.04333418860706138,1
x_aq_lsu_top/x_aq_lsu_pfb_top/pfb_entry0_arbus[38:0],4,0.00048123195380173246,10.0575,1.3110593087034215,0.0,-0.01109609326560509,3
x_aq_lsu_top/x_aq_lsu_pfb_top/pfb_entry1_arbus[38:0],4,0.00048123195380173246,10.0575,1.3110593087034215,0.0,-0.01109609326560509,3
x_aq_lsu_top/x_aq_lsu_pfb_top/pfb_entry2_arbus[38:0],4,0.00048123195380173246,10.0575,1.3110593087034215,0.0,-0.01109609326560509,3
x_aq_lsu_top/x_aq_lsu_pfb_top/pfb_entry3_arbus[38:0],4,0.00048123195380173246,10.0575,1.3110593087034215,0.0,-0.01109609326560509,3
x_aq_lsu_top/x_aq_lsu_pfb_top/pfb_entry4_arbus[38:0],4,0.00048123195380173246,10.0575,1.3110593087034215,0.0,-0.01109609326560509,3
x_aq_lsu_top/x_aq_lsu_pfb_top/pfb_entry_evict[4:0],0,0.0,0.0,0.0,0.0,,0
x_aq_lsu_top/x_aq_lsu_pfb_top/pfb_entry_in_pf[4:0],0,0.0,0.0,0.0,0.0,,0
x_aq_lsu_top/x_aq_lsu_pfb_top/pfb_entry_req[4:0],0,0.0,0.0,0.0,0.0,,0
x_aq_lsu_top/x_aq_lsu_pfb_top/pfb_entry_req_dp[4:0],0,0.0,0.0,0.0,0.0,,0
x_aq_lsu_top/x_aq_lsu_pfb_top/pfb_entry_vld[4:0],0,0.0,0.0,0.0,0.0,,0
x_aq_lsu_top/x_aq_lsu_pfb_top/pfb_grant[4:0],0,0.0,0.0,0.0,0.0,,0
x_aq_lsu_top/x_aq_lsu_pfb_top/pfb_ld_chk_pa[39:0],4,0.00048123195380173246,6.417500000000001,0.8365620794038487,0.0,0.049288993232723566,6
x_aq_lsu_top/x_aq_lsu_pfb_top/pfb_ld_chk_virt_idx[1:0],2,0.00024061597690086623,3.6199999999999974,0.4718901016660584,0.0,0.048840917826710545,1
x_aq_lsu_top/x_aq_lsu_pfb_top/pfb_ld_init_pa[39:0],4,0.00048123195380173246,6.417500000000001,0.8365620794038487,0.0,0.049288993232723566,6
x_aq_lsu_top/x_aq_lsu_pfb_top/pfb_ld_init_virt_idx[1:0],2,0.00024061597690086623,3.6199999999999974,0.4718901016660584,0.0,0.048840917826710545,1
x_aq_lsu_top/x_aq_lsu_pfb_top/pfb_ld_mask,2,0.00024061597690086623,2.8100000000000023,0.3663014325087365,0.5,0.06699078123658667,1
x_aq_lsu_top/x_aq_lsu_pfb_top/pfb_ld_miss,1,0.00012030798845043312,1.2299999999999933,0.16033834946111852,0.0,-0.11407227095261288,1
x_aq_lsu_top/x_aq_lsu_pfb_top/pfb_ld_miss_clr,0,0.0,0.0,0.0,0.0,,0
x_aq_lsu_top/x_aq_lsu_pfb_top/pfb_ld_miss_save,0,0.0,0.0,0.0,0.0,,0
x_aq_lsu_top/x_aq_lsu_pfb_top/pfb_ld_pc[15:0],11,0.0013233878729547641,7.997272727272731,1.042495536001085,0.09090909090909091,0.04815965844701629,8
x_aq_lsu_top/x_aq_lsu_pfb_top/pfb_ld_req,0,0.0,0.0,0.0,0.0,,0
x_aq_lsu_top/x_aq_lsu_pfb_top/pfb_ld_req_miss,1,0.00012030798845043312,1.2299999999999933,0.16033834946111852,0.0,-0.11407227095261288,1
x_aq_lsu_top/x_aq_lsu_pfb_top/pfb_ld_req_vld,0,0.0,0.0,0.0,0.0,,0
x_aq_lsu_top/x_aq_lsu_pfb_top/pfb_ld_req_vld_gate,0,0.0,0.0,0.0,0.0,,0
x_aq_lsu_top/x_aq_lsu_pfb_top/pfb_ld_vld,0,0.0,0.0,0.0,0.0,,0
x_aq_lsu_top/x_aq_lsu_pfb_top/pfb_ld_vld_gate,0,0.0,0.0,0.0,0.0,,0
x_aq_lsu_top/x_aq_lsu_pfb_top/pfb_priv_mode[1:0],2,0.00024061597690086623,3.7600000000000033,0.49013999510065814,0.0,-0.011226700708829732,1
x_aq_lsu_top/x_aq_lsu_pfb_top/pfb_req_grant,1,0.00012030798845043312,1.2299999999999933,0.16033834946111852,0.0,-0.11407227095261288,1
x_aq_lsu_top/x_aq_lsu_pfb_top/pfb_req_sel[4:0],0,0.0,0.0,0.0,0.0,,0
x_aq_lsu_top/x_aq_lsu_pfb_top/pfb_req_valid[4:0],0,0.0,0.0,0.0,0.0,,0
x_aq_lsu_top/x_aq_lsu_pfb_top/pfb_req_valid_dp[4:0],0,0.0,0.0,0.0,0.0,,0
x_aq_lsu_top/x_aq_lsu_pfb_top/ppfb_create_en[3:0],0,0.0,0.0,0.0,0.0,,0
x_aq_lsu_top/x_aq_lsu_pfb_top/ppfb_create_en_dp[3:0],0,0.0,0.0,0.0,0.0,,0
x_aq_lsu_top/x_aq_lsu_pfb_top/ppfb_create_en_gate[3:0],0,0.0,0.0,0.0,0.0,,0
x_aq_lsu_top/x_aq_lsu_pfb_top/ppfb_create_sel[3:0],1,0.00012030798845043312,12.84,1.6737759407160757,0.0,-0.12626398420199358,1
x_aq_lsu_top/x_aq_lsu_pfb_top/ppfb_create_vld,0,0.0,0.0,0.0,0.0,,0
x_aq_lsu_top/x_aq_lsu_pfb_top/ppfb_create_vld_dp,0,0.0,0.0,0.0,0.0,,0
x_aq_lsu_top/x_aq_lsu_pfb_top/ppfb_create_vld_gate,0,0.0,0.0,0.0,0.0,,0
x_aq_lsu_top/x_aq_lsu_pfb_top/ppfb_entry_evict[3:0],0,0.0,0.0,0.0,0.0,,0
x_aq_lsu_top/x_aq_lsu_pfb_top/ppfb_entry_in_pf[3:0],0,0.0,0.0,0.0,0.0,,0
x_aq_lsu_top/x_aq_lsu_pfb_top/ppfb_entry_vld[3:0],0,0.0,0.0,0.0,0.0,,0
x_aq_lsu_top/x_aq_lsu_pfb_top/ppfb_grant[3:0],0,0.0,0.0,0.0,0.0,,0
x_aq_lsu_top/x_aq_lsu_pfb_top/ppfb_hit_pc,0,0.0,0.0,0.0,0.0,,0
x_aq_lsu_top/x_aq_lsu_pfb_top/ppfb_req_mask,0,0.0,0.0,0.0,0.0,,0
x_aq_lsu_top/x_aq_lsu_pfb_top/prio_clk,0,0.0,0.0,0.0,0.0,,0
x_aq_lsu_top/x_aq_lsu_pfb_top/prio_clk_en,0,0.0,0.0,0.0,0.0,,0
x_aq_lsu_top/x_aq_lsu_pfb_top/stb_hit_idx,0,0.0,0.0,0.0,0.0,,0
x_aq_lsu_top/x_aq_lsu_pfb_top/vb_hit_idx,0,0.0,0.0,0.0,0.0,,0
x_aq_lsu_top/x_aq_lsu_pfb_top/xx_create_chk_pa[39:0],4,0.00048123195380173246,6.417500000000001,0.8365620794038487,0.0,0.049288993232723566,6
x_aq_lsu_top/x_aq_lsu_pfb_top/xx_create_init_pa[39:0],4,0.00048123195380173246,6.417500000000001,0.8365620794038487,0.0,0.049288993232723566,6
x_aq_lsu_top/x_aq_lsu_pfb_top/xx_create_ld_miss,1,0.00012030798845043312,1.2299999999999933,0.16033834946111852,0.0,-0.11407227095261288,1
x_aq_lsu_top/x_aq_lsu_pfb_top/xx_create_ld_req,0,0.0,0.0,0.0,0.0,,0
x_aq_lsu_top/x_aq_lsu_pfb_top/xx_create_pc[14:0],11,0.0013233878729547641,7.997272727272731,1.042495536001085,0.09090909090909091,0.04815935202576465,7
x_aq_lsu_top/x_aq_lsu_pfb_top/xx_create_priv_mode[1:0],2,0.00024061597690086623,3.7600000000000033,0.49013999510065814,0.0,-0.011226700708829732,1
x_aq_lsu_top/x_aq_lsu_pfb_top/xx_create_virt_idx[1:0],2,0.00024061597690086623,3.6199999999999974,0.4718901016660584,0.0,0.048840917826710545,1
x_aq_lsu_top/x_aq_lsu_pfb_top/xx_flush,6,0.0007218479307025986,6.091666666666668,0.7940876250411809,0.0,0.014188816602087068,1
x_aq_lsu_top/x_aq_lsu_pfb_top/x_aq_lsu_pfb_prio/clk,0,0.0,0.0,0.0,0.0,,0
x_aq_lsu_top/x_aq_lsu_pfb_top/x_aq_lsu_pfb_prio/rst_b,3,0.0003609239653512993,6.4566666666666634,0.8416677043528134,0.3333333333333333,-0.052373008311376444,1
x_aq_lsu_top/x_aq_lsu_pfb_top/x_aq_lsu_pfb_prio/valid[4:0],0,0.0,0.0,0.0,0.0,,0
x_aq_lsu_top/x_aq_lsu_pfb_top/x_aq_lsu_pfb_prio/clr,1,0.00012030798845043312,1.2299999999999933,0.16033834946111852,0.0,-0.11407227095261288,1
x_aq_lsu_top/x_aq_lsu_pfb_top/x_aq_lsu_pfb_prio/sel[4:0],0,0.0,0.0,0.0,0.0,,0
x_aq_lsu_top/x_aq_lsu_pfb_top/x_aq_lsu_pfb_prio/clr_bus[4:0],0,0.0,0.0,0.0,0.0,,0
x_aq_lsu_top/x_aq_lsu_pfb_top/x_aq_lsu_pfb_prio_gated_clk/clk_in,0,0.0,0.0,0.0,0.0,,0
x_aq_lsu_top/x_aq_lsu_pfb_top/x_aq_lsu_pfb_prio_gated_clk/global_en,0,0.0,0.0,0.0,0.0,,0
x_aq_lsu_top/x_aq_lsu_pfb_top/x_aq_lsu_pfb_prio_gated_clk/module_en,0,0.0,0.0,0.0,0.0,,0
x_aq_lsu_top/x_aq_lsu_pfb_top/x_aq_lsu_pfb_prio_gated_clk/local_en,0,0.0,0.0,0.0,0.0,,0
x_aq_lsu_top/x_aq_lsu_pfb_top/x_aq_lsu_pfb_prio_gated_clk/external_en,0,0.0,0.0,0.0,0.0,,0
x_aq_lsu_top/x_aq_lsu_pfb_top/x_aq_lsu_pfb_prio_gated_clk/pad_yy_icg_scan_en,0,0.0,0.0,0.0,0.0,,0
x_aq_lsu_top/x_aq_lsu_pfb_top/x_aq_lsu_pfb_prio_gated_clk/clk_out,0,0.0,0.0,0.0,0.0,,0
x_aq_lsu_top/x_aq_lsu_pfb_top/x_aq_lsu_pfb_prio_gated_clk/clk_en_bf_latch,0,0.0,0.0,0.0,0.0,,0
x_aq_lsu_top/x_aq_lsu_pfb_top/x_aq_lsu_pfb_prio_gated_clk/SE,0,0.0,0.0,0.0,0.0,,0
x_aq_lsu_top/x_aq_lsu_pfb_top/x_aq_lsu_pfb_create_gated_clk/clk_in,0,0.0,0.0,0.0,0.0,,0
x_aq_lsu_top/x_aq_lsu_pfb_top/x_aq_lsu_pfb_create_gated_clk/global_en,0,0.0,0.0,0.0,0.0,,0
x_aq_lsu_top/x_aq_lsu_pfb_top/x_aq_lsu_pfb_create_gated_clk/module_en,0,0.0,0.0,0.0,0.0,,0
x_aq_lsu_top/x_aq_lsu_pfb_top/x_aq_lsu_pfb_create_gated_clk/local_en,0,0.0,0.0,0.0,0.0,,0
x_aq_lsu_top/x_aq_lsu_pfb_top/x_aq_lsu_pfb_create_gated_clk/external_en,0,0.0,0.0,0.0,0.0,,0
x_aq_lsu_top/x_aq_lsu_pfb_top/x_aq_lsu_pfb_create_gated_clk/pad_yy_icg_scan_en,0,0.0,0.0,0.0,0.0,,0
x_aq_lsu_top/x_aq_lsu_pfb_top/x_aq_lsu_pfb_create_gated_clk/clk_out,0,0.0,0.0,0.0,0.0,,0
x_aq_lsu_top/x_aq_lsu_pfb_top/x_aq_lsu_pfb_create_gated_clk/clk_en_bf_latch,0,0.0,0.0,0.0,0.0,,0
x_aq_lsu_top/x_aq_lsu_pfb_top/x_aq_lsu_pfb_create_gated_clk/SE,0,0.0,0.0,0.0,0.0,,0
x_aq_lsu_top/x_aq_lsu_pfb_top/x_aq_lsu_gpfb/cp0_lsu_dcache_pref_dist[1:0],2,0.00024061597690086623,0.7349999999999959,0.09581194053164399,0.0,-0.014201449376341619,1
x_aq_lsu_top/x_aq_lsu_pfb_top/x_aq_lsu_gpfb/cp0_lsu_dcache_wb,0,0.0,0.0,0.0,0.0,,0
x_aq_lsu_top/x_aq_lsu_pfb_top/x_aq_lsu_gpfb/cp0_lsu_icg_en,0,0.0,0.0,0.0,0.0,,0
x_aq_lsu_top/x_aq_lsu_pfb_top/x_aq_lsu_gpfb/cpurst_b,3,0.0003609239653512993,6.4566666666666634,0.8416677043528134,0.3333333333333333,-0.052373008311376444,1
x_aq_lsu_top/x_aq_lsu_pfb_top/x_aq_lsu_gpfb/dc_hit_pfb_pc_x,0,0.0,0.0,0.0,0.0,,0
x_aq_lsu_top/x_aq_lsu_pfb_top/x_aq_lsu_gpfb/forever_cpuclk,0,0.0,0.0,0.0,0.0,,0
x_aq_lsu_top/x_aq_lsu_pfb_top/x_aq_lsu_gpfb/ifu_lsu_warm_up,2,0.00024061597690086623,7.3900000000000015,0.9633336605834737,0.0,8.1767073335401e-05,1
x_aq_lsu_top/x_aq_lsu_pfb_top/x_aq_lsu_gpfb/lfb_cache_hit_x,0,0.0,0.0,0.0,0.0,,0
x_aq_lsu_top/x_aq_lsu_pfb_top/x_aq_lsu_gpfb/lfb_cache_miss_x,0,0.0,0.0,0.0,0.0,,0
x_aq_lsu_top/x_aq_lsu_pfb_top/x_aq_lsu_gpfb/pad_yy_icg_scan_en,0,0.0,0.0,0.0,0.0,,0
x_aq_lsu_top/x_aq_lsu_pfb_top/x_aq_lsu_gpfb/pfb_create_en_dp_x,0,0.0,0.0,0.0,0.0,,0
x_aq_lsu_top/x_aq_lsu_pfb_top/x_aq_lsu_gpfb/pfb_create_en_gate_x,0,0.0,0.0,0.0,0.0,,0
x_aq_lsu_top/x_aq_lsu_pfb_top/x_aq_lsu_gpfb/pfb_create_en_x,0,0.0,0.0,0.0,0.0,,0
x_aq_lsu_top/x_aq_lsu_pfb_top/x_aq_lsu_gpfb/pfb_entry_evict_x,0,0.0,0.0,0.0,0.0,,0
x_aq_lsu_top/x_aq_lsu_pfb_top/x_aq_lsu_gpfb/pfb_entry_in_pf_x,0,0.0,0.0,0.0,0.0,,0
x_aq_lsu_top/x_aq_lsu_pfb_top/x_aq_lsu_gpfb/pfb_entry_req_dp_x,0,0.0,0.0,0.0,0.0,,0
x_aq_lsu_top/x_aq_lsu_pfb_top/x_aq_lsu_gpfb/pfb_entry_req_x,0,0.0,0.0,0.0,0.0,,0
x_aq_lsu_top/x_aq_lsu_pfb_top/x_aq_lsu_gpfb/pfb_entry_vld_x,0,0.0,0.0,0.0,0.0,,0
x_aq_lsu_top/x_aq_lsu_pfb_top/x_aq_lsu_gpfb/pfb_entryx_arbus[38:0],4,0.00048123195380173246,10.0575,1.3110593087034215,0.0,-0.01109609326560509,3
x_aq_lsu_top/x_aq_lsu_pfb_top/x_aq_lsu_gpfb/pfb_flush_by_gpfb,0,0.0,0.0,0.0,0.0,,0
x_aq_lsu_top/x_aq_lsu_pfb_top/x_aq_lsu_gpfb/pfb_grant_x,0,0.0,0.0,0.0,0.0,,0
x_aq_lsu_top/x_aq_lsu_pfb_top/x_aq_lsu_gpfb/pfb_hit_cnt_max[3:0],0,0.0,0.0,0.0,0.0,,0
x_aq_lsu_top/x_aq_lsu_pfb_top/x_aq_lsu_gpfb/pfb_pc_mode,0,0.0,0.0,0.0,0.0,,0
x_aq_lsu_top/x_aq_lsu_pfb_top/x_aq_lsu_gpfb/xx_create_chk_pa[39:0],4,0.00048123195380173246,6.417500000000001,0.8365620794038487,0.0,0.049288993232723566,6
x_aq_lsu_top/x_aq_lsu_pfb_top/x_aq_lsu_gpfb/xx_create_init_pa[39:0],4,0.00048123195380173246,6.417500000000001,0.8365620794038487,0.0,0.049288993232723566,6
x_aq_lsu_top/x_aq_lsu_pfb_top/x_aq_lsu_gpfb/xx_create_ld_miss,1,0.00012030798845043312,1.2299999999999933,0.16033834946111852,0.0,-0.11407227095261288,1
x_aq_lsu_top/x_aq_lsu_pfb_top/x_aq_lsu_gpfb/xx_create_ld_req,0,0.0,0.0,0.0,0.0,,0
x_aq_lsu_top/x_aq_lsu_pfb_top/x_aq_lsu_gpfb/xx_create_pc[14:0],11,0.0013233878729547641,7.997272727272731,1.042495536001085,0.09090909090909091,0.04815935202576465,7
x_aq_lsu_top/x_aq_lsu_pfb_top/x_aq_lsu_gpfb/xx_create_priv_mode[1:0],2,0.00024061597690086623,3.7600000000000033,0.49013999510065814,0.0,-0.011226700708829732,1
x_aq_lsu_top/x_aq_lsu_pfb_top/x_aq_lsu_gpfb/xx_create_virt_idx[1:0],2,0.00024061597690086623,3.6199999999999974,0.4718901016660584,0.0,0.048840917826710545,1
x_aq_lsu_top/x_aq_lsu_pfb_top/x_aq_lsu_gpfb/xx_flush,6,0.0007218479307025986,6.091666666666668,0.7940876250411809,0.0,0.014188816602087068,1
x_aq_lsu_top/x_aq_lsu_pfb_top/x_aq_lsu_gpfb/confidence_close,0,0.0,0.0,0.0,0.0,,0
x_aq_lsu_top/x_aq_lsu_pfb_top/x_aq_lsu_gpfb/confidence_dec[2:0],1,0.00012030798845043312,1.2299999999999933,0.16033834946111852,0.0,-0.11407227095261649,2
x_aq_lsu_top/x_aq_lsu_pfb_top/x_aq_lsu_gpfb/confidence_inc[2:0],1,0.00012030798845043312,1.2299999999999933,0.16033834946111852,0.0,-0.11407227095261466,3
x_aq_lsu_top/x_aq_lsu_pfb_top/x_aq_lsu_gpfb/confidence_pop,0,0.0,0.0,0.0,0.0,,0
x_aq_lsu_top/x_aq_lsu_pfb_top/x_aq_lsu_gpfb/dc_ld_pa[39:0],0,0.0,0.0,0.0,0.0,,0
x_aq_lsu_top/x_aq_lsu_pfb_top/x_aq_lsu_gpfb/dc_ld_pc_hit,2,0.00024061597690086623,9.129999999999999,1.1901537646992033,0.0,-0.04914122484466943,1
x_aq_lsu_top/x_aq_lsu_pfb_top/x_aq_lsu_gpfb/dc_ld_vld,0,0.0,0.0,0.0,0.0,,0
x_aq_lsu_top/x_aq_lsu_pfb_top/x_aq_lsu_gpfb/distance_cross_page,0,0.0,0.0,0.0,0.0,,0
x_aq_lsu_top/x_aq_lsu_pfb_top/x_aq_lsu_gpfb/distance_sel[3:0],3,0.0003609239653512993,2.249999999999998,0.2933018587703401,0.0,-0.005759972313042871,3
x_aq_lsu_top/x_aq_lsu_pfb_top/x_aq_lsu_gpfb/hit_cnt_full,0,0.0,0.0,0.0,0.0,,0
x_aq_lsu_top/x_aq_lsu_pfb_top/x_aq_lsu_gpfb/ld_addr_update_en,0,0.0,0.0,0.0,0.0,,0
x_aq_lsu_top/x_aq_lsu_pfb_top/x_aq_lsu_gpfb/pf_addr_cross_4k,0,0.0,0.0,0.0,0.0,,0
x_aq_lsu_top/x_aq_lsu_pfb_top/x_aq_lsu_gpfb/pf_cache_hit_pop,0,0.0,0.0,0.0,0.0,,0
x_aq_lsu_top/x_aq_lsu_pfb_top/x_aq_lsu_gpfb/pf_init_addr[6:0],3,0.0003609239653512993,7.216666666666664,0.9407385544263507,0.0,0.0485601071028647,2
x_aq_lsu_top/x_aq_lsu_pfb_top/x_aq_lsu_gpfb/pf_reach_max_distance,0,0.0,0.0,0.0,0.0,,0
x_aq_lsu_top/x_aq_lsu_pfb_top/x_aq_lsu_gpfb/pf_start,0,0.0,0.0,0.0,0.0,,0
x_aq_lsu_top/x_aq_lsu_pfb_top/x_aq_lsu_gpfb/pf_start_gate,0,0.0,0.0,0.0,0.0,,0
x_aq_lsu_top/x_aq_lsu_pfb_top/x_aq_lsu_gpfb/pfb_create_en_dp,0,0.0,0.0,0.0,0.0,,0
x_aq_lsu_top/x_aq_lsu_pfb_top/x_aq_lsu_gpfb/pfb_cur_cals,0,0.0,0.0,0.0,0.0,,0
x_aq_lsu_top/x_aq_lsu_pfb_top/x_aq_lsu_gpfb/pfb_cur_chks,0,0.0,0.0,0.0,0.0,,0
x_aq_lsu_top/x_aq_lsu_pfb_top/x_aq_lsu_gpfb/pfb_cur_evict,0,0.0,0.0,0.0,0.0,,0
x_aq_lsu_top/x_aq_lsu_pfb_top/x_aq_lsu_gpfb/pfb_cur_idle,1,0.00012030798845043312,12.84,1.6737759407160757,0.0,-0.12626398420199358,1
x_aq_lsu_top/x_aq_lsu_pfb_top/x_aq_lsu_gpfb/pfb_cur_init,0,0.0,0.0,0.0,0.0,,0
x_aq_lsu_top/x_aq_lsu_pfb_top/x_aq_lsu_gpfb/pfb_cur_req,0,0.0,0.0,0.0,0.0,,0
x_aq_lsu_top/x_aq_lsu_pfb_top/x_aq_lsu_gpfb/pfb_cur_susp,0,0.0,0.0,0.0,0.0,,0
x_aq_lsu_top/x_aq_lsu_pfb_top/x_aq_lsu_gpfb/pfb_flush,6,0.0007218479307025986,6.091666666666668,0.7940876250411809,0.0,0.014188816602087068,1
x_aq_lsu_top/x_aq_lsu_pfb_top/x_aq_lsu_gpfb/pfb_fsm_clk,0,0.0,0.0,0.0,0.0,,0
x_aq_lsu_top/x_aq_lsu_pfb_top/x_aq_lsu_gpfb/pfb_fsm_clk_en,2,0.00024061597690086623,7.3900000000000015,0.9633336605834737,0.0,8.1767073335401e-05,1
x_aq_lsu_top/x_aq_lsu_pfb_top/x_aq_lsu_gpfb/pfb_ld_clk,0,0.0,0.0,0.0,0.0,,0
x_aq_lsu_top/x_aq_lsu_pfb_top/x_aq_lsu_gpfb/pfb_ld_clk_en,2,0.00024061597690086623,7.3900000000000015,0.9633336605834737,0.0,8.1767073335401e-05,1
x_aq_lsu_top/x_aq_lsu_pfb_top/x_aq_lsu_gpfb/pfb_next_chks,0,0.0,0.0,0.0,0.0,,0
x_aq_lsu_top/x_aq_lsu_pfb_top/x_aq_lsu_gpfb/pfb_next_init,0,0.0,0.0,0.0,0.0,,0
x_aq_lsu_top/x_aq_lsu_pfb_top/x_aq_lsu_gpfb/pfb_next_req,0,0.0,0.0,0.0,0.0,,0
x_aq_lsu_top/x_aq_lsu_pfb_top/x_aq_lsu_gpfb/pfb_req_addr[33:0],1,0.00012030798845043312,5.119999999999997,0.6674246741796187,0.0,-0.011090017077523247,1
x_aq_lsu_top/x_aq_lsu_pfb_top/x_aq_lsu_gpfb/pfb_req_addr_next[6:0],2,0.00024061597690086623,9.764999999999997,1.2729300670632768,0.0,-0.01093327421244432,2
x_aq_lsu_top/x_aq_lsu_pfb_top/x_aq_lsu_gpfb/pfb_req_clk,0,0.0,0.0,0.0,0.0,,0
x_aq_lsu_top/x_aq_lsu_pfb_top/x_aq_lsu_gpfb/pfb_req_clk_en,2,0.00024061597690086623,7.3900000000000015,0.9633336605834737,0.0,8.1767073335401e-05,1
x_aq_lsu_top/x_aq_lsu_pfb_top/x_aq_lsu_gpfb/pfb_req_distance[5:0],1,0.00012030798845043312,5.119999999999997,0.6674246741796187,0.0,-0.011090017077523247,1
x_aq_lsu_top/x_aq_lsu_pfb_top/x_aq_lsu_gpfb/req_stride[4:0],1,0.00012030798845043312,14.409999999999998,1.8784354599469353,0.0,-0.010773496713088677,1
x_aq_lsu_top/x_aq_lsu_pfb_top/x_aq_lsu_gpfb/stride_cal[39:0],0,0.0,0.0,0.0,0.0,,0
x_aq_lsu_top/x_aq_lsu_pfb_top/x_aq_lsu_gpfb/stride_ext[7:0],1,0.00012030798845043312,5.119999999999997,0.6674246741796187,0.0,-0.011090017077523247,1
x_aq_lsu_top/x_aq_lsu_pfb_top/x_aq_lsu_gpfb/stride_ext_dist[8:0],4,0.00048123195380173246,6.262499999999998,0.8163568402441138,0.0,-0.00329084741640715,3
x_aq_lsu_top/x_aq_lsu_pfb_top/x_aq_lsu_gpfb/stride_hit,0,0.0,0.0,0.0,0.0,,0
x_aq_lsu_top/x_aq_lsu_pfb_top/x_aq_lsu_gpfb/stride_less_line,1,0.00012030798845043312,14.409999999999998,1.8784354599469353,0.0,-0.010773496713088677,1
x_aq_lsu_top/x_aq_lsu_pfb_top/x_aq_lsu_gpfb/stride_less_than_1k,0,0.0,0.0,0.0,0.0,,0
x_aq_lsu_top/x_aq_lsu_pfb_top/x_aq_lsu_gpfb/stride_line[4:0],0,0.0,0.0,0.0,0.0,,0
x_aq_lsu_top/x_aq_lsu_pfb_top/x_aq_lsu_gpfb/time_out0,0,0.0,0.0,0.0,0.0,,0
x_aq_lsu_top/x_aq_lsu_pfb_top/x_aq_lsu_gpfb/time_out_cnt0_inc[5:0],1,0.00012030798845043312,6.270000000000003,0.8173345131066823,0.0,-0.0111453056014091,1
x_aq_lsu_top/x_aq_lsu_pfb_top/x_aq_lsu_gpfb/train_addr_cross_4k,1,0.00012030798845043312,3.4099999999999966,0.4445152615141599,0.0,0.04879654758269631,1
x_aq_lsu_top/x_aq_lsu_pfb_top/x_aq_lsu_gpfb/x_aq_lsu_pfb_fsm_gated_clk/clk_in,0,0.0,0.0,0.0,0.0,,0
x_aq_lsu_top/x_aq_lsu_pfb_top/x_aq_lsu_gpfb/x_aq_lsu_pfb_fsm_gated_clk/global_en,0,0.0,0.0,0.0,0.0,,0
x_aq_lsu_top/x_aq_lsu_pfb_top/x_aq_lsu_gpfb/x_aq_lsu_pfb_fsm_gated_clk/module_en,0,0.0,0.0,0.0,0.0,,0
x_aq_lsu_top/x_aq_lsu_pfb_top/x_aq_lsu_gpfb/x_aq_lsu_pfb_fsm_gated_clk/local_en,2,0.00024061597690086623,7.3900000000000015,0.9633336605834737,0.0,8.1767073335401e-05,1
x_aq_lsu_top/x_aq_lsu_pfb_top/x_aq_lsu_gpfb/x_aq_lsu_pfb_fsm_gated_clk/external_en,0,0.0,0.0,0.0,0.0,,0
x_aq_lsu_top/x_aq_lsu_pfb_top/x_aq_lsu_gpfb/x_aq_lsu_pfb_fsm_gated_clk/pad_yy_icg_scan_en,0,0.0,0.0,0.0,0.0,,0
x_aq_lsu_top/x_aq_lsu_pfb_top/x_aq_lsu_gpfb/x_aq_lsu_pfb_fsm_gated_clk/clk_out,0,0.0,0.0,0.0,0.0,,0
x_aq_lsu_top/x_aq_lsu_pfb_top/x_aq_lsu_gpfb/x_aq_lsu_pfb_fsm_gated_clk/clk_en_bf_latch,2,0.00024061597690086623,7.3900000000000015,0.9633336605834737,0.0,8.1767073335401e-05,1
x_aq_lsu_top/x_aq_lsu_pfb_top/x_aq_lsu_gpfb/x_aq_lsu_pfb_fsm_gated_clk/SE,0,0.0,0.0,0.0,0.0,,0
x_aq_lsu_top/x_aq_lsu_pfb_top/x_aq_lsu_gpfb/x_aq_lsu_pfb_ld_gated_clk/clk_in,0,0.0,0.0,0.0,0.0,,0
x_aq_lsu_top/x_aq_lsu_pfb_top/x_aq_lsu_gpfb/x_aq_lsu_pfb_ld_gated_clk/global_en,0,0.0,0.0,0.0,0.0,,0
x_aq_lsu_top/x_aq_lsu_pfb_top/x_aq_lsu_gpfb/x_aq_lsu_pfb_ld_gated_clk/module_en,0,0.0,0.0,0.0,0.0,,0
x_aq_lsu_top/x_aq_lsu_pfb_top/x_aq_lsu_gpfb/x_aq_lsu_pfb_ld_gated_clk/local_en,2,0.00024061597690086623,7.3900000000000015,0.9633336605834737,0.0,8.1767073335401e-05,1
x_aq_lsu_top/x_aq_lsu_pfb_top/x_aq_lsu_gpfb/x_aq_lsu_pfb_ld_gated_clk/external_en,0,0.0,0.0,0.0,0.0,,0
x_aq_lsu_top/x_aq_lsu_pfb_top/x_aq_lsu_gpfb/x_aq_lsu_pfb_ld_gated_clk/pad_yy_icg_scan_en,0,0.0,0.0,0.0,0.0,,0
x_aq_lsu_top/x_aq_lsu_pfb_top/x_aq_lsu_gpfb/x_aq_lsu_pfb_ld_gated_clk/clk_out,0,0.0,0.0,0.0,0.0,,0
x_aq_lsu_top/x_aq_lsu_pfb_top/x_aq_lsu_gpfb/x_aq_lsu_pfb_ld_gated_clk/clk_en_bf_latch,2,0.00024061597690086623,7.3900000000000015,0.9633336605834737,0.0,8.1767073335401e-05,1
x_aq_lsu_top/x_aq_lsu_pfb_top/x_aq_lsu_gpfb/x_aq_lsu_pfb_ld_gated_clk/SE,0,0.0,0.0,0.0,0.0,,0
x_aq_lsu_top/x_aq_lsu_pfb_top/x_aq_lsu_gpfb/x_aq_lsu_pfb_req_gated_clk/clk_in,0,0.0,0.0,0.0,0.0,,0
x_aq_lsu_top/x_aq_lsu_pfb_top/x_aq_lsu_gpfb/x_aq_lsu_pfb_req_gated_clk/global_en,0,0.0,0.0,0.0,0.0,,0
x_aq_lsu_top/x_aq_lsu_pfb_top/x_aq_lsu_gpfb/x_aq_lsu_pfb_req_gated_clk/module_en,0,0.0,0.0,0.0,0.0,,0
x_aq_lsu_top/x_aq_lsu_pfb_top/x_aq_lsu_gpfb/x_aq_lsu_pfb_req_gated_clk/local_en,2,0.00024061597690086623,7.3900000000000015,0.9633336605834737,0.0,8.1767073335401e-05,1
x_aq_lsu_top/x_aq_lsu_pfb_top/x_aq_lsu_gpfb/x_aq_lsu_pfb_req_gated_clk/external_en,0,0.0,0.0,0.0,0.0,,0
x_aq_lsu_top/x_aq_lsu_pfb_top/x_aq_lsu_gpfb/x_aq_lsu_pfb_req_gated_clk/pad_yy_icg_scan_en,0,0.0,0.0,0.0,0.0,,0
x_aq_lsu_top/x_aq_lsu_pfb_top/x_aq_lsu_gpfb/x_aq_lsu_pfb_req_gated_clk/clk_out,0,0.0,0.0,0.0,0.0,,0
x_aq_lsu_top/x_aq_lsu_pfb_top/x_aq_lsu_gpfb/x_aq_lsu_pfb_req_gated_clk/clk_en_bf_latch,2,0.00024061597690086623,7.3900000000000015,0.9633336605834737,0.0,8.1767073335401e-05,1
x_aq_lsu_top/x_aq_lsu_pfb_top/x_aq_lsu_gpfb/x_aq_lsu_pfb_req_gated_clk/SE,0,0.0,0.0,0.0,0.0,,0
x_aq_lsu_top/x_aq_lsu_pfb_top/x_aq_lsu_ppfb_0/cp0_lsu_dcache_pref_dist[1:0],2,0.00024061597690086623,0.7349999999999959,0.09581194053164399,0.0,-0.014201449376341619,1
x_aq_lsu_top/x_aq_lsu_pfb_top/x_aq_lsu_ppfb_0/cp0_lsu_dcache_wb,0,0.0,0.0,0.0,0.0,,0
x_aq_lsu_top/x_aq_lsu_pfb_top/x_aq_lsu_ppfb_0/cp0_lsu_icg_en,0,0.0,0.0,0.0,0.0,,0
x_aq_lsu_top/x_aq_lsu_pfb_top/x_aq_lsu_ppfb_0/cpurst_b,3,0.0003609239653512993,6.4566666666666634,0.8416677043528134,0.3333333333333333,-0.052373008311376444,1
x_aq_lsu_top/x_aq_lsu_pfb_top/x_aq_lsu_ppfb_0/dc_hit_pfb_pc_x,0,0.0,0.0,0.0,0.0,,0
x_aq_lsu_top/x_aq_lsu_pfb_top/x_aq_lsu_ppfb_0/forever_cpuclk,0,0.0,0.0,0.0,0.0,,0
x_aq_lsu_top/x_aq_lsu_pfb_top/x_aq_lsu_ppfb_0/ifu_lsu_warm_up,2,0.00024061597690086623,7.3900000000000015,0.9633336605834737,0.0,8.1767073335401e-05,1
x_aq_lsu_top/x_aq_lsu_pfb_top/x_aq_lsu_ppfb_0/lfb_cache_hit_x,0,0.0,0.0,0.0,0.0,,0
x_aq_lsu_top/x_aq_lsu_pfb_top/x_aq_lsu_ppfb_0/lfb_cache_miss_x,0,0.0,0.0,0.0,0.0,,0
x_aq_lsu_top/x_aq_lsu_pfb_top/x_aq_lsu_ppfb_0/pad_yy_icg_scan_en,0,0.0,0.0,0.0,0.0,,0
x_aq_lsu_top/x_aq_lsu_pfb_top/x_aq_lsu_ppfb_0/pfb_create_en_dp_x,0,0.0,0.0,0.0,0.0,,0
x_aq_lsu_top/x_aq_lsu_pfb_top/x_aq_lsu_ppfb_0/pfb_create_en_gate_x,0,0.0,0.0,0.0,0.0,,0
x_aq_lsu_top/x_aq_lsu_pfb_top/x_aq_lsu_ppfb_0/pfb_create_en_x,0,0.0,0.0,0.0,0.0,,0
x_aq_lsu_top/x_aq_lsu_pfb_top/x_aq_lsu_ppfb_0/pfb_entry_evict_x,0,0.0,0.0,0.0,0.0,,0
x_aq_lsu_top/x_aq_lsu_pfb_top/x_aq_lsu_ppfb_0/pfb_entry_in_pf_x,0,0.0,0.0,0.0,0.0,,0
x_aq_lsu_top/x_aq_lsu_pfb_top/x_aq_lsu_ppfb_0/pfb_entry_req_dp_x,0,0.0,0.0,0.0,0.0,,0
x_aq_lsu_top/x_aq_lsu_pfb_top/x_aq_lsu_ppfb_0/pfb_entry_req_x,0,0.0,0.0,0.0,0.0,,0
x_aq_lsu_top/x_aq_lsu_pfb_top/x_aq_lsu_ppfb_0/pfb_entry_vld_x,0,0.0,0.0,0.0,0.0,,0
x_aq_lsu_top/x_aq_lsu_pfb_top/x_aq_lsu_ppfb_0/pfb_entryx_arbus[38:0],4,0.00048123195380173246,10.0575,1.3110593087034215,0.0,-0.01109609326560509,3
x_aq_lsu_top/x_aq_lsu_pfb_top/x_aq_lsu_ppfb_0/pfb_flush_by_gpfb,0,0.0,0.0,0.0,0.0,,0
x_aq_lsu_top/x_aq_lsu_pfb_top/x_aq_lsu_ppfb_0/pfb_grant_x,0,0.0,0.0,0.0,0.0,,0
x_aq_lsu_top/x_aq_lsu_pfb_top/x_aq_lsu_ppfb_0/pfb_hit_cnt_max[3:0],0,0.0,0.0,0.0,0.0,,0
x_aq_lsu_top/x_aq_lsu_pfb_top/x_aq_lsu_ppfb_0/pfb_pc_mode,0,0.0,0.0,0.0,0.0,,0
x_aq_lsu_top/x_aq_lsu_pfb_top/x_aq_lsu_ppfb_0/xx_create_chk_pa[39:0],4,0.00048123195380173246,6.417500000000001,0.8365620794038487,0.0,0.049288993232723566,6
x_aq_lsu_top/x_aq_lsu_pfb_top/x_aq_lsu_ppfb_0/xx_create_init_pa[39:0],4,0.00048123195380173246,6.417500000000001,0.8365620794038487,0.0,0.049288993232723566,6
x_aq_lsu_top/x_aq_lsu_pfb_top/x_aq_lsu_ppfb_0/xx_create_ld_miss,1,0.00012030798845043312,1.2299999999999933,0.16033834946111852,0.0,-0.11407227095261288,1
x_aq_lsu_top/x_aq_lsu_pfb_top/x_aq_lsu_ppfb_0/xx_create_ld_req,0,0.0,0.0,0.0,0.0,,0
x_aq_lsu_top/x_aq_lsu_pfb_top/x_aq_lsu_ppfb_0/xx_create_pc[14:0],11,0.0013233878729547641,7.997272727272731,1.042495536001085,0.09090909090909091,0.04815935202576465,7
x_aq_lsu_top/x_aq_lsu_pfb_top/x_aq_lsu_ppfb_0/xx_create_priv_mode[1:0],2,0.00024061597690086623,3.7600000000000033,0.49013999510065814,0.0,-0.011226700708829732,1
x_aq_lsu_top/x_aq_lsu_pfb_top/x_aq_lsu_ppfb_0/xx_create_virt_idx[1:0],2,0.00024061597690086623,3.6199999999999974,0.4718901016660584,0.0,0.048840917826710545,1
x_aq_lsu_top/x_aq_lsu_pfb_top/x_aq_lsu_ppfb_0/xx_flush,6,0.0007218479307025986,6.091666666666668,0.7940876250411809,0.0,0.014188816602087068,1
x_aq_lsu_top/x_aq_lsu_pfb_top/x_aq_lsu_ppfb_0/confidence_close,0,0.0,0.0,0.0,0.0,,0
x_aq_lsu_top/x_aq_lsu_pfb_top/x_aq_lsu_ppfb_0/confidence_dec[2:0],1,0.00012030798845043312,1.2299999999999933,0.16033834946111852,0.0,-0.11407227095261649,2
x_aq_lsu_top/x_aq_lsu_pfb_top/x_aq_lsu_ppfb_0/confidence_inc[2:0],1,0.00012030798845043312,1.2299999999999933,0.16033834946111852,0.0,-0.11407227095261466,3
x_aq_lsu_top/x_aq_lsu_pfb_top/x_aq_lsu_ppfb_0/confidence_pop,0,0.0,0.0,0.0,0.0,,0
x_aq_lsu_top/x_aq_lsu_pfb_top/x_aq_lsu_ppfb_0/dc_ld_pa[39:0],0,0.0,0.0,0.0,0.0,,0
x_aq_lsu_top/x_aq_lsu_pfb_top/x_aq_lsu_ppfb_0/dc_ld_pc_hit,2,0.00024061597690086623,9.129999999999999,1.1901537646992033,0.0,-0.04914122484466943,1
x_aq_lsu_top/x_aq_lsu_pfb_top/x_aq_lsu_ppfb_0/dc_ld_vld,0,0.0,0.0,0.0,0.0,,0
x_aq_lsu_top/x_aq_lsu_pfb_top/x_aq_lsu_ppfb_0/distance_cross_page,0,0.0,0.0,0.0,0.0,,0
x_aq_lsu_top/x_aq_lsu_pfb_top/x_aq_lsu_ppfb_0/distance_sel[3:0],3,0.0003609239653512993,2.249999999999998,0.2933018587703401,0.0,-0.005759972313042871,3
x_aq_lsu_top/x_aq_lsu_pfb_top/x_aq_lsu_ppfb_0/hit_cnt_full,0,0.0,0.0,0.0,0.0,,0
x_aq_lsu_top/x_aq_lsu_pfb_top/x_aq_lsu_ppfb_0/ld_addr_update_en,0,0.0,0.0,0.0,0.0,,0
x_aq_lsu_top/x_aq_lsu_pfb_top/x_aq_lsu_ppfb_0/pf_addr_cross_4k,0,0.0,0.0,0.0,0.0,,0
x_aq_lsu_top/x_aq_lsu_pfb_top/x_aq_lsu_ppfb_0/pf_cache_hit_pop,0,0.0,0.0,0.0,0.0,,0
x_aq_lsu_top/x_aq_lsu_pfb_top/x_aq_lsu_ppfb_0/pf_init_addr[6:0],3,0.0003609239653512993,7.216666666666664,0.9407385544263507,0.0,0.0485601071028647,2
x_aq_lsu_top/x_aq_lsu_pfb_top/x_aq_lsu_ppfb_0/pf_reach_max_distance,0,0.0,0.0,0.0,0.0,,0
x_aq_lsu_top/x_aq_lsu_pfb_top/x_aq_lsu_ppfb_0/pf_start,0,0.0,0.0,0.0,0.0,,0
x_aq_lsu_top/x_aq_lsu_pfb_top/x_aq_lsu_ppfb_0/pf_start_gate,0,0.0,0.0,0.0,0.0,,0
x_aq_lsu_top/x_aq_lsu_pfb_top/x_aq_lsu_ppfb_0/pfb_create_en_dp,0,0.0,0.0,0.0,0.0,,0
x_aq_lsu_top/x_aq_lsu_pfb_top/x_aq_lsu_ppfb_0/pfb_cur_cals,0,0.0,0.0,0.0,0.0,,0
x_aq_lsu_top/x_aq_lsu_pfb_top/x_aq_lsu_ppfb_0/pfb_cur_chks,0,0.0,0.0,0.0,0.0,,0
x_aq_lsu_top/x_aq_lsu_pfb_top/x_aq_lsu_ppfb_0/pfb_cur_evict,0,0.0,0.0,0.0,0.0,,0
x_aq_lsu_top/x_aq_lsu_pfb_top/x_aq_lsu_ppfb_0/pfb_cur_idle,1,0.00012030798845043312,12.84,1.6737759407160757,0.0,-0.12626398420199358,1
x_aq_lsu_top/x_aq_lsu_pfb_top/x_aq_lsu_ppfb_0/pfb_cur_init,0,0.0,0.0,0.0,0.0,,0
x_aq_lsu_top/x_aq_lsu_pfb_top/x_aq_lsu_ppfb_0/pfb_cur_req,0,0.0,0.0,0.0,0.0,,0
x_aq_lsu_top/x_aq_lsu_pfb_top/x_aq_lsu_ppfb_0/pfb_cur_susp,0,0.0,0.0,0.0,0.0,,0
x_aq_lsu_top/x_aq_lsu_pfb_top/x_aq_lsu_ppfb_0/pfb_flush,6,0.0007218479307025986,6.091666666666668,0.7940876250411809,0.0,0.014188816602087068,1
x_aq_lsu_top/x_aq_lsu_pfb_top/x_aq_lsu_ppfb_0/pfb_fsm_clk,0,0.0,0.0,0.0,0.0,,0
x_aq_lsu_top/x_aq_lsu_pfb_top/x_aq_lsu_ppfb_0/pfb_fsm_clk_en,2,0.00024061597690086623,7.3900000000000015,0.9633336605834737,0.0,8.1767073335401e-05,1
x_aq_lsu_top/x_aq_lsu_pfb_top/x_aq_lsu_ppfb_0/pfb_ld_clk,0,0.0,0.0,0.0,0.0,,0
x_aq_lsu_top/x_aq_lsu_pfb_top/x_aq_lsu_ppfb_0/pfb_ld_clk_en,2,0.00024061597690086623,7.3900000000000015,0.9633336605834737,0.0,8.1767073335401e-05,1
x_aq_lsu_top/x_aq_lsu_pfb_top/x_aq_lsu_ppfb_0/pfb_next_chks,0,0.0,0.0,0.0,0.0,,0
x_aq_lsu_top/x_aq_lsu_pfb_top/x_aq_lsu_ppfb_0/pfb_next_init,0,0.0,0.0,0.0,0.0,,0
x_aq_lsu_top/x_aq_lsu_pfb_top/x_aq_lsu_ppfb_0/pfb_next_req,0,0.0,0.0,0.0,0.0,,0
x_aq_lsu_top/x_aq_lsu_pfb_top/x_aq_lsu_ppfb_0/pfb_req_addr[33:0],1,0.00012030798845043312,5.119999999999997,0.6674246741796187,0.0,-0.011090017077523247,1
x_aq_lsu_top/x_aq_lsu_pfb_top/x_aq_lsu_ppfb_0/pfb_req_addr_next[6:0],2,0.00024061597690086623,9.764999999999997,1.2729300670632768,0.0,-0.01093327421244432,2
x_aq_lsu_top/x_aq_lsu_pfb_top/x_aq_lsu_ppfb_0/pfb_req_clk,0,0.0,0.0,0.0,0.0,,0
x_aq_lsu_top/x_aq_lsu_pfb_top/x_aq_lsu_ppfb_0/pfb_req_clk_en,2,0.00024061597690086623,7.3900000000000015,0.9633336605834737,0.0,8.1767073335401e-05,1
x_aq_lsu_top/x_aq_lsu_pfb_top/x_aq_lsu_ppfb_0/pfb_req_distance[5:0],1,0.00012030798845043312,5.119999999999997,0.6674246741796187,0.0,-0.011090017077523247,1
x_aq_lsu_top/x_aq_lsu_pfb_top/x_aq_lsu_ppfb_0/req_stride[4:0],1,0.00012030798845043312,14.409999999999998,1.8784354599469353,0.0,-0.010773496713088677,1
x_aq_lsu_top/x_aq_lsu_pfb_top/x_aq_lsu_ppfb_0/stride_cal[39:0],0,0.0,0.0,0.0,0.0,,0
x_aq_lsu_top/x_aq_lsu_pfb_top/x_aq_lsu_ppfb_0/stride_ext[7:0],1,0.00012030798845043312,5.119999999999997,0.6674246741796187,0.0,-0.011090017077523247,1
x_aq_lsu_top/x_aq_lsu_pfb_top/x_aq_lsu_ppfb_0/stride_ext_dist[8:0],4,0.00048123195380173246,6.262499999999998,0.8163568402441138,0.0,-0.00329084741640715,3
x_aq_lsu_top/x_aq_lsu_pfb_top/x_aq_lsu_ppfb_0/stride_hit,0,0.0,0.0,0.0,0.0,,0
x_aq_lsu_top/x_aq_lsu_pfb_top/x_aq_lsu_ppfb_0/stride_less_line,1,0.00012030798845043312,14.409999999999998,1.8784354599469353,0.0,-0.010773496713088677,1
x_aq_lsu_top/x_aq_lsu_pfb_top/x_aq_lsu_ppfb_0/stride_less_than_1k,0,0.0,0.0,0.0,0.0,,0
x_aq_lsu_top/x_aq_lsu_pfb_top/x_aq_lsu_ppfb_0/stride_line[4:0],0,0.0,0.0,0.0,0.0,,0
x_aq_lsu_top/x_aq_lsu_pfb_top/x_aq_lsu_ppfb_0/time_out0,0,0.0,0.0,0.0,0.0,,0
x_aq_lsu_top/x_aq_lsu_pfb_top/x_aq_lsu_ppfb_0/time_out_cnt0_inc[5:0],1,0.00012030798845043312,6.270000000000003,0.8173345131066823,0.0,-0.0111453056014091,1
x_aq_lsu_top/x_aq_lsu_pfb_top/x_aq_lsu_ppfb_0/train_addr_cross_4k,1,0.00012030798845043312,3.4099999999999966,0.4445152615141599,0.0,0.04879654758269631,1
x_aq_lsu_top/x_aq_lsu_pfb_top/x_aq_lsu_ppfb_0/x_aq_lsu_pfb_fsm_gated_clk/clk_in,0,0.0,0.0,0.0,0.0,,0
x_aq_lsu_top/x_aq_lsu_pfb_top/x_aq_lsu_ppfb_0/x_aq_lsu_pfb_fsm_gated_clk/global_en,0,0.0,0.0,0.0,0.0,,0
x_aq_lsu_top/x_aq_lsu_pfb_top/x_aq_lsu_ppfb_0/x_aq_lsu_pfb_fsm_gated_clk/module_en,0,0.0,0.0,0.0,0.0,,0
x_aq_lsu_top/x_aq_lsu_pfb_top/x_aq_lsu_ppfb_0/x_aq_lsu_pfb_fsm_gated_clk/local_en,2,0.00024061597690086623,7.3900000000000015,0.9633336605834737,0.0,8.1767073335401e-05,1
x_aq_lsu_top/x_aq_lsu_pfb_top/x_aq_lsu_ppfb_0/x_aq_lsu_pfb_fsm_gated_clk/external_en,0,0.0,0.0,0.0,0.0,,0
x_aq_lsu_top/x_aq_lsu_pfb_top/x_aq_lsu_ppfb_0/x_aq_lsu_pfb_fsm_gated_clk/pad_yy_icg_scan_en,0,0.0,0.0,0.0,0.0,,0
x_aq_lsu_top/x_aq_lsu_pfb_top/x_aq_lsu_ppfb_0/x_aq_lsu_pfb_fsm_gated_clk/clk_out,0,0.0,0.0,0.0,0.0,,0
x_aq_lsu_top/x_aq_lsu_pfb_top/x_aq_lsu_ppfb_0/x_aq_lsu_pfb_fsm_gated_clk/clk_en_bf_latch,2,0.00024061597690086623,7.3900000000000015,0.9633336605834737,0.0,8.1767073335401e-05,1
x_aq_lsu_top/x_aq_lsu_pfb_top/x_aq_lsu_ppfb_0/x_aq_lsu_pfb_fsm_gated_clk/SE,0,0.0,0.0,0.0,0.0,,0
x_aq_lsu_top/x_aq_lsu_pfb_top/x_aq_lsu_ppfb_0/x_aq_lsu_pfb_ld_gated_clk/clk_in,0,0.0,0.0,0.0,0.0,,0
x_aq_lsu_top/x_aq_lsu_pfb_top/x_aq_lsu_ppfb_0/x_aq_lsu_pfb_ld_gated_clk/global_en,0,0.0,0.0,0.0,0.0,,0
x_aq_lsu_top/x_aq_lsu_pfb_top/x_aq_lsu_ppfb_0/x_aq_lsu_pfb_ld_gated_clk/module_en,0,0.0,0.0,0.0,0.0,,0
x_aq_lsu_top/x_aq_lsu_pfb_top/x_aq_lsu_ppfb_0/x_aq_lsu_pfb_ld_gated_clk/local_en,2,0.00024061597690086623,7.3900000000000015,0.9633336605834737,0.0,8.1767073335401e-05,1
x_aq_lsu_top/x_aq_lsu_pfb_top/x_aq_lsu_ppfb_0/x_aq_lsu_pfb_ld_gated_clk/external_en,0,0.0,0.0,0.0,0.0,,0
x_aq_lsu_top/x_aq_lsu_pfb_top/x_aq_lsu_ppfb_0/x_aq_lsu_pfb_ld_gated_clk/pad_yy_icg_scan_en,0,0.0,0.0,0.0,0.0,,0
x_aq_lsu_top/x_aq_lsu_pfb_top/x_aq_lsu_ppfb_0/x_aq_lsu_pfb_ld_gated_clk/clk_out,0,0.0,0.0,0.0,0.0,,0
x_aq_lsu_top/x_aq_lsu_pfb_top/x_aq_lsu_ppfb_0/x_aq_lsu_pfb_ld_gated_clk/clk_en_bf_latch,2,0.00024061597690086623,7.3900000000000015,0.9633336605834737,0.0,8.1767073335401e-05,1
x_aq_lsu_top/x_aq_lsu_pfb_top/x_aq_lsu_ppfb_0/x_aq_lsu_pfb_ld_gated_clk/SE,0,0.0,0.0,0.0,0.0,,0
x_aq_lsu_top/x_aq_lsu_pfb_top/x_aq_lsu_ppfb_0/x_aq_lsu_pfb_req_gated_clk/clk_in,0,0.0,0.0,0.0,0.0,,0
x_aq_lsu_top/x_aq_lsu_pfb_top/x_aq_lsu_ppfb_0/x_aq_lsu_pfb_req_gated_clk/global_en,0,0.0,0.0,0.0,0.0,,0
x_aq_lsu_top/x_aq_lsu_pfb_top/x_aq_lsu_ppfb_0/x_aq_lsu_pfb_req_gated_clk/module_en,0,0.0,0.0,0.0,0.0,,0
x_aq_lsu_top/x_aq_lsu_pfb_top/x_aq_lsu_ppfb_0/x_aq_lsu_pfb_req_gated_clk/local_en,2,0.00024061597690086623,7.3900000000000015,0.9633336605834737,0.0,8.1767073335401e-05,1
x_aq_lsu_top/x_aq_lsu_pfb_top/x_aq_lsu_ppfb_0/x_aq_lsu_pfb_req_gated_clk/external_en,0,0.0,0.0,0.0,0.0,,0
x_aq_lsu_top/x_aq_lsu_pfb_top/x_aq_lsu_ppfb_0/x_aq_lsu_pfb_req_gated_clk/pad_yy_icg_scan_en,0,0.0,0.0,0.0,0.0,,0
x_aq_lsu_top/x_aq_lsu_pfb_top/x_aq_lsu_ppfb_0/x_aq_lsu_pfb_req_gated_clk/clk_out,0,0.0,0.0,0.0,0.0,,0
x_aq_lsu_top/x_aq_lsu_pfb_top/x_aq_lsu_ppfb_0/x_aq_lsu_pfb_req_gated_clk/clk_en_bf_latch,2,0.00024061597690086623,7.3900000000000015,0.9633336605834737,0.0,8.1767073335401e-05,1
x_aq_lsu_top/x_aq_lsu_pfb_top/x_aq_lsu_ppfb_0/x_aq_lsu_pfb_req_gated_clk/SE,0,0.0,0.0,0.0,0.0,,0
x_aq_lsu_top/x_aq_lsu_pfb_top/x_aq_lsu_ppfb_1/cp0_lsu_dcache_pref_dist[1:0],2,0.00024061597690086623,0.7349999999999959,0.09581194053164399,0.0,-0.014201449376341619,1
x_aq_lsu_top/x_aq_lsu_pfb_top/x_aq_lsu_ppfb_1/cp0_lsu_dcache_wb,0,0.0,0.0,0.0,0.0,,0
x_aq_lsu_top/x_aq_lsu_pfb_top/x_aq_lsu_ppfb_1/cp0_lsu_icg_en,0,0.0,0.0,0.0,0.0,,0
x_aq_lsu_top/x_aq_lsu_pfb_top/x_aq_lsu_ppfb_1/cpurst_b,3,0.0003609239653512993,6.4566666666666634,0.8416677043528134,0.3333333333333333,-0.052373008311376444,1
x_aq_lsu_top/x_aq_lsu_pfb_top/x_aq_lsu_ppfb_1/dc_hit_pfb_pc_x,0,0.0,0.0,0.0,0.0,,0
x_aq_lsu_top/x_aq_lsu_pfb_top/x_aq_lsu_ppfb_1/forever_cpuclk,0,0.0,0.0,0.0,0.0,,0
x_aq_lsu_top/x_aq_lsu_pfb_top/x_aq_lsu_ppfb_1/ifu_lsu_warm_up,2,0.00024061597690086623,7.3900000000000015,0.9633336605834737,0.0,8.1767073335401e-05,1
x_aq_lsu_top/x_aq_lsu_pfb_top/x_aq_lsu_ppfb_1/lfb_cache_hit_x,0,0.0,0.0,0.0,0.0,,0
x_aq_lsu_top/x_aq_lsu_pfb_top/x_aq_lsu_ppfb_1/lfb_cache_miss_x,0,0.0,0.0,0.0,0.0,,0
x_aq_lsu_top/x_aq_lsu_pfb_top/x_aq_lsu_ppfb_1/pad_yy_icg_scan_en,0,0.0,0.0,0.0,0.0,,0
x_aq_lsu_top/x_aq_lsu_pfb_top/x_aq_lsu_ppfb_1/pfb_create_en_dp_x,0,0.0,0.0,0.0,0.0,,0
x_aq_lsu_top/x_aq_lsu_pfb_top/x_aq_lsu_ppfb_1/pfb_create_en_gate_x,0,0.0,0.0,0.0,0.0,,0
x_aq_lsu_top/x_aq_lsu_pfb_top/x_aq_lsu_ppfb_1/pfb_create_en_x,0,0.0,0.0,0.0,0.0,,0
x_aq_lsu_top/x_aq_lsu_pfb_top/x_aq_lsu_ppfb_1/pfb_entry_evict_x,0,0.0,0.0,0.0,0.0,,0
x_aq_lsu_top/x_aq_lsu_pfb_top/x_aq_lsu_ppfb_1/pfb_entry_in_pf_x,0,0.0,0.0,0.0,0.0,,0
x_aq_lsu_top/x_aq_lsu_pfb_top/x_aq_lsu_ppfb_1/pfb_entry_req_dp_x,0,0.0,0.0,0.0,0.0,,0
x_aq_lsu_top/x_aq_lsu_pfb_top/x_aq_lsu_ppfb_1/pfb_entry_req_x,0,0.0,0.0,0.0,0.0,,0
x_aq_lsu_top/x_aq_lsu_pfb_top/x_aq_lsu_ppfb_1/pfb_entry_vld_x,0,0.0,0.0,0.0,0.0,,0
x_aq_lsu_top/x_aq_lsu_pfb_top/x_aq_lsu_ppfb_1/pfb_entryx_arbus[38:0],4,0.00048123195380173246,10.0575,1.3110593087034215,0.0,-0.01109609326560509,3
x_aq_lsu_top/x_aq_lsu_pfb_top/x_aq_lsu_ppfb_1/pfb_flush_by_gpfb,0,0.0,0.0,0.0,0.0,,0
x_aq_lsu_top/x_aq_lsu_pfb_top/x_aq_lsu_ppfb_1/pfb_grant_x,0,0.0,0.0,0.0,0.0,,0
x_aq_lsu_top/x_aq_lsu_pfb_top/x_aq_lsu_ppfb_1/pfb_hit_cnt_max[3:0],0,0.0,0.0,0.0,0.0,,0
x_aq_lsu_top/x_aq_lsu_pfb_top/x_aq_lsu_ppfb_1/pfb_pc_mode,0,0.0,0.0,0.0,0.0,,0
x_aq_lsu_top/x_aq_lsu_pfb_top/x_aq_lsu_ppfb_1/xx_create_chk_pa[39:0],4,0.00048123195380173246,6.417500000000001,0.8365620794038487,0.0,0.049288993232723566,6
x_aq_lsu_top/x_aq_lsu_pfb_top/x_aq_lsu_ppfb_1/xx_create_init_pa[39:0],4,0.00048123195380173246,6.417500000000001,0.8365620794038487,0.0,0.049288993232723566,6
x_aq_lsu_top/x_aq_lsu_pfb_top/x_aq_lsu_ppfb_1/xx_create_ld_miss,1,0.00012030798845043312,1.2299999999999933,0.16033834946111852,0.0,-0.11407227095261288,1
x_aq_lsu_top/x_aq_lsu_pfb_top/x_aq_lsu_ppfb_1/xx_create_ld_req,0,0.0,0.0,0.0,0.0,,0
x_aq_lsu_top/x_aq_lsu_pfb_top/x_aq_lsu_ppfb_1/xx_create_pc[14:0],11,0.0013233878729547641,7.997272727272731,1.042495536001085,0.09090909090909091,0.04815935202576465,7
x_aq_lsu_top/x_aq_lsu_pfb_top/x_aq_lsu_ppfb_1/xx_create_priv_mode[1:0],2,0.00024061597690086623,3.7600000000000033,0.49013999510065814,0.0,-0.011226700708829732,1
x_aq_lsu_top/x_aq_lsu_pfb_top/x_aq_lsu_ppfb_1/xx_create_virt_idx[1:0],2,0.00024061597690086623,3.6199999999999974,0.4718901016660584,0.0,0.048840917826710545,1
x_aq_lsu_top/x_aq_lsu_pfb_top/x_aq_lsu_ppfb_1/xx_flush,6,0.0007218479307025986,6.091666666666668,0.7940876250411809,0.0,0.014188816602087068,1
x_aq_lsu_top/x_aq_lsu_pfb_top/x_aq_lsu_ppfb_1/confidence_close,0,0.0,0.0,0.0,0.0,,0
x_aq_lsu_top/x_aq_lsu_pfb_top/x_aq_lsu_ppfb_1/confidence_dec[2:0],1,0.00012030798845043312,1.2299999999999933,0.16033834946111852,0.0,-0.11407227095261649,2
x_aq_lsu_top/x_aq_lsu_pfb_top/x_aq_lsu_ppfb_1/confidence_inc[2:0],1,0.00012030798845043312,1.2299999999999933,0.16033834946111852,0.0,-0.11407227095261466,3
x_aq_lsu_top/x_aq_lsu_pfb_top/x_aq_lsu_ppfb_1/confidence_pop,0,0.0,0.0,0.0,0.0,,0
x_aq_lsu_top/x_aq_lsu_pfb_top/x_aq_lsu_ppfb_1/dc_ld_pa[39:0],0,0.0,0.0,0.0,0.0,,0
x_aq_lsu_top/x_aq_lsu_pfb_top/x_aq_lsu_ppfb_1/dc_ld_pc_hit,2,0.00024061597690086623,9.129999999999999,1.1901537646992033,0.0,-0.04914122484466943,1
x_aq_lsu_top/x_aq_lsu_pfb_top/x_aq_lsu_ppfb_1/dc_ld_vld,0,0.0,0.0,0.0,0.0,,0
x_aq_lsu_top/x_aq_lsu_pfb_top/x_aq_lsu_ppfb_1/distance_cross_page,0,0.0,0.0,0.0,0.0,,0
x_aq_lsu_top/x_aq_lsu_pfb_top/x_aq_lsu_ppfb_1/distance_sel[3:0],3,0.0003609239653512993,2.249999999999998,0.2933018587703401,0.0,-0.005759972313042871,3
x_aq_lsu_top/x_aq_lsu_pfb_top/x_aq_lsu_ppfb_1/hit_cnt_full,0,0.0,0.0,0.0,0.0,,0
x_aq_lsu_top/x_aq_lsu_pfb_top/x_aq_lsu_ppfb_1/ld_addr_update_en,0,0.0,0.0,0.0,0.0,,0
x_aq_lsu_top/x_aq_lsu_pfb_top/x_aq_lsu_ppfb_1/pf_addr_cross_4k,0,0.0,0.0,0.0,0.0,,0
x_aq_lsu_top/x_aq_lsu_pfb_top/x_aq_lsu_ppfb_1/pf_cache_hit_pop,0,0.0,0.0,0.0,0.0,,0
x_aq_lsu_top/x_aq_lsu_pfb_top/x_aq_lsu_ppfb_1/pf_init_addr[6:0],3,0.0003609239653512993,7.216666666666664,0.9407385544263507,0.0,0.0485601071028647,2
x_aq_lsu_top/x_aq_lsu_pfb_top/x_aq_lsu_ppfb_1/pf_reach_max_distance,0,0.0,0.0,0.0,0.0,,0
x_aq_lsu_top/x_aq_lsu_pfb_top/x_aq_lsu_ppfb_1/pf_start,0,0.0,0.0,0.0,0.0,,0
x_aq_lsu_top/x_aq_lsu_pfb_top/x_aq_lsu_ppfb_1/pf_start_gate,0,0.0,0.0,0.0,0.0,,0
x_aq_lsu_top/x_aq_lsu_pfb_top/x_aq_lsu_ppfb_1/pfb_create_en_dp,0,0.0,0.0,0.0,0.0,,0
x_aq_lsu_top/x_aq_lsu_pfb_top/x_aq_lsu_ppfb_1/pfb_cur_cals,0,0.0,0.0,0.0,0.0,,0
x_aq_lsu_top/x_aq_lsu_pfb_top/x_aq_lsu_ppfb_1/pfb_cur_chks,0,0.0,0.0,0.0,0.0,,0
x_aq_lsu_top/x_aq_lsu_pfb_top/x_aq_lsu_ppfb_1/pfb_cur_evict,0,0.0,0.0,0.0,0.0,,0
x_aq_lsu_top/x_aq_lsu_pfb_top/x_aq_lsu_ppfb_1/pfb_cur_idle,1,0.00012030798845043312,12.84,1.6737759407160757,0.0,-0.12626398420199358,1
x_aq_lsu_top/x_aq_lsu_pfb_top/x_aq_lsu_ppfb_1/pfb_cur_init,0,0.0,0.0,0.0,0.0,,0
x_aq_lsu_top/x_aq_lsu_pfb_top/x_aq_lsu_ppfb_1/pfb_cur_req,0,0.0,0.0,0.0,0.0,,0
x_aq_lsu_top/x_aq_lsu_pfb_top/x_aq_lsu_ppfb_1/pfb_cur_susp,0,0.0,0.0,0.0,0.0,,0
x_aq_lsu_top/x_aq_lsu_pfb_top/x_aq_lsu_ppfb_1/pfb_flush,6,0.0007218479307025986,6.091666666666668,0.7940876250411809,0.0,0.014188816602087068,1
x_aq_lsu_top/x_aq_lsu_pfb_top/x_aq_lsu_ppfb_1/pfb_fsm_clk,0,0.0,0.0,0.0,0.0,,0
x_aq_lsu_top/x_aq_lsu_pfb_top/x_aq_lsu_ppfb_1/pfb_fsm_clk_en,2,0.00024061597690086623,7.3900000000000015,0.9633336605834737,0.0,8.1767073335401e-05,1
x_aq_lsu_top/x_aq_lsu_pfb_top/x_aq_lsu_ppfb_1/pfb_ld_clk,0,0.0,0.0,0.0,0.0,,0
x_aq_lsu_top/x_aq_lsu_pfb_top/x_aq_lsu_ppfb_1/pfb_ld_clk_en,2,0.00024061597690086623,7.3900000000000015,0.9633336605834737,0.0,8.1767073335401e-05,1
x_aq_lsu_top/x_aq_lsu_pfb_top/x_aq_lsu_ppfb_1/pfb_next_chks,0,0.0,0.0,0.0,0.0,,0
x_aq_lsu_top/x_aq_lsu_pfb_top/x_aq_lsu_ppfb_1/pfb_next_init,0,0.0,0.0,0.0,0.0,,0
x_aq_lsu_top/x_aq_lsu_pfb_top/x_aq_lsu_ppfb_1/pfb_next_req,0,0.0,0.0,0.0,0.0,,0
x_aq_lsu_top/x_aq_lsu_pfb_top/x_aq_lsu_ppfb_1/pfb_req_addr[33:0],1,0.00012030798845043312,5.119999999999997,0.6674246741796187,0.0,-0.011090017077523247,1
x_aq_lsu_top/x_aq_lsu_pfb_top/x_aq_lsu_ppfb_1/pfb_req_addr_next[6:0],2,0.00024061597690086623,9.764999999999997,1.2729300670632768,0.0,-0.01093327421244432,2
x_aq_lsu_top/x_aq_lsu_pfb_top/x_aq_lsu_ppfb_1/pfb_req_clk,0,0.0,0.0,0.0,0.0,,0
x_aq_lsu_top/x_aq_lsu_pfb_top/x_aq_lsu_ppfb_1/pfb_req_clk_en,2,0.00024061597690086623,7.3900000000000015,0.9633336605834737,0.0,8.1767073335401e-05,1
x_aq_lsu_top/x_aq_lsu_pfb_top/x_aq_lsu_ppfb_1/pfb_req_distance[5:0],1,0.00012030798845043312,5.119999999999997,0.6674246741796187,0.0,-0.011090017077523247,1
x_aq_lsu_top/x_aq_lsu_pfb_top/x_aq_lsu_ppfb_1/req_stride[4:0],1,0.00012030798845043312,14.409999999999998,1.8784354599469353,0.0,-0.010773496713088677,1
x_aq_lsu_top/x_aq_lsu_pfb_top/x_aq_lsu_ppfb_1/stride_cal[39:0],0,0.0,0.0,0.0,0.0,,0
x_aq_lsu_top/x_aq_lsu_pfb_top/x_aq_lsu_ppfb_1/stride_ext[7:0],1,0.00012030798845043312,5.119999999999997,0.6674246741796187,0.0,-0.011090017077523247,1
x_aq_lsu_top/x_aq_lsu_pfb_top/x_aq_lsu_ppfb_1/stride_ext_dist[8:0],4,0.00048123195380173246,6.262499999999998,0.8163568402441138,0.0,-0.00329084741640715,3
x_aq_lsu_top/x_aq_lsu_pfb_top/x_aq_lsu_ppfb_1/stride_hit,0,0.0,0.0,0.0,0.0,,0
x_aq_lsu_top/x_aq_lsu_pfb_top/x_aq_lsu_ppfb_1/stride_less_line,1,0.00012030798845043312,14.409999999999998,1.8784354599469353,0.0,-0.010773496713088677,1
x_aq_lsu_top/x_aq_lsu_pfb_top/x_aq_lsu_ppfb_1/stride_less_than_1k,0,0.0,0.0,0.0,0.0,,0
x_aq_lsu_top/x_aq_lsu_pfb_top/x_aq_lsu_ppfb_1/stride_line[4:0],0,0.0,0.0,0.0,0.0,,0
x_aq_lsu_top/x_aq_lsu_pfb_top/x_aq_lsu_ppfb_1/time_out0,0,0.0,0.0,0.0,0.0,,0
x_aq_lsu_top/x_aq_lsu_pfb_top/x_aq_lsu_ppfb_1/time_out_cnt0_inc[5:0],1,0.00012030798845043312,6.270000000000003,0.8173345131066823,0.0,-0.0111453056014091,1
x_aq_lsu_top/x_aq_lsu_pfb_top/x_aq_lsu_ppfb_1/train_addr_cross_4k,1,0.00012030798845043312,3.4099999999999966,0.4445152615141599,0.0,0.04879654758269631,1
x_aq_lsu_top/x_aq_lsu_pfb_top/x_aq_lsu_ppfb_1/x_aq_lsu_pfb_fsm_gated_clk/clk_in,0,0.0,0.0,0.0,0.0,,0
x_aq_lsu_top/x_aq_lsu_pfb_top/x_aq_lsu_ppfb_1/x_aq_lsu_pfb_fsm_gated_clk/global_en,0,0.0,0.0,0.0,0.0,,0
x_aq_lsu_top/x_aq_lsu_pfb_top/x_aq_lsu_ppfb_1/x_aq_lsu_pfb_fsm_gated_clk/module_en,0,0.0,0.0,0.0,0.0,,0
x_aq_lsu_top/x_aq_lsu_pfb_top/x_aq_lsu_ppfb_1/x_aq_lsu_pfb_fsm_gated_clk/local_en,2,0.00024061597690086623,7.3900000000000015,0.9633336605834737,0.0,8.1767073335401e-05,1
x_aq_lsu_top/x_aq_lsu_pfb_top/x_aq_lsu_ppfb_1/x_aq_lsu_pfb_fsm_gated_clk/external_en,0,0.0,0.0,0.0,0.0,,0
x_aq_lsu_top/x_aq_lsu_pfb_top/x_aq_lsu_ppfb_1/x_aq_lsu_pfb_fsm_gated_clk/pad_yy_icg_scan_en,0,0.0,0.0,0.0,0.0,,0
x_aq_lsu_top/x_aq_lsu_pfb_top/x_aq_lsu_ppfb_1/x_aq_lsu_pfb_fsm_gated_clk/clk_out,0,0.0,0.0,0.0,0.0,,0
x_aq_lsu_top/x_aq_lsu_pfb_top/x_aq_lsu_ppfb_1/x_aq_lsu_pfb_fsm_gated_clk/clk_en_bf_latch,2,0.00024061597690086623,7.3900000000000015,0.9633336605834737,0.0,8.1767073335401e-05,1
x_aq_lsu_top/x_aq_lsu_pfb_top/x_aq_lsu_ppfb_1/x_aq_lsu_pfb_fsm_gated_clk/SE,0,0.0,0.0,0.0,0.0,,0
x_aq_lsu_top/x_aq_lsu_pfb_top/x_aq_lsu_ppfb_1/x_aq_lsu_pfb_ld_gated_clk/clk_in,0,0.0,0.0,0.0,0.0,,0
x_aq_lsu_top/x_aq_lsu_pfb_top/x_aq_lsu_ppfb_1/x_aq_lsu_pfb_ld_gated_clk/global_en,0,0.0,0.0,0.0,0.0,,0
x_aq_lsu_top/x_aq_lsu_pfb_top/x_aq_lsu_ppfb_1/x_aq_lsu_pfb_ld_gated_clk/module_en,0,0.0,0.0,0.0,0.0,,0
x_aq_lsu_top/x_aq_lsu_pfb_top/x_aq_lsu_ppfb_1/x_aq_lsu_pfb_ld_gated_clk/local_en,2,0.00024061597690086623,7.3900000000000015,0.9633336605834737,0.0,8.1767073335401e-05,1
x_aq_lsu_top/x_aq_lsu_pfb_top/x_aq_lsu_ppfb_1/x_aq_lsu_pfb_ld_gated_clk/external_en,0,0.0,0.0,0.0,0.0,,0
x_aq_lsu_top/x_aq_lsu_pfb_top/x_aq_lsu_ppfb_1/x_aq_lsu_pfb_ld_gated_clk/pad_yy_icg_scan_en,0,0.0,0.0,0.0,0.0,,0
x_aq_lsu_top/x_aq_lsu_pfb_top/x_aq_lsu_ppfb_1/x_aq_lsu_pfb_ld_gated_clk/clk_out,0,0.0,0.0,0.0,0.0,,0
x_aq_lsu_top/x_aq_lsu_pfb_top/x_aq_lsu_ppfb_1/x_aq_lsu_pfb_ld_gated_clk/clk_en_bf_latch,2,0.00024061597690086623,7.3900000000000015,0.9633336605834737,0.0,8.1767073335401e-05,1
x_aq_lsu_top/x_aq_lsu_pfb_top/x_aq_lsu_ppfb_1/x_aq_lsu_pfb_ld_gated_clk/SE,0,0.0,0.0,0.0,0.0,,0
x_aq_lsu_top/x_aq_lsu_pfb_top/x_aq_lsu_ppfb_1/x_aq_lsu_pfb_req_gated_clk/clk_in,0,0.0,0.0,0.0,0.0,,0
x_aq_lsu_top/x_aq_lsu_pfb_top/x_aq_lsu_ppfb_1/x_aq_lsu_pfb_req_gated_clk/global_en,0,0.0,0.0,0.0,0.0,,0
x_aq_lsu_top/x_aq_lsu_pfb_top/x_aq_lsu_ppfb_1/x_aq_lsu_pfb_req_gated_clk/module_en,0,0.0,0.0,0.0,0.0,,0
x_aq_lsu_top/x_aq_lsu_pfb_top/x_aq_lsu_ppfb_1/x_aq_lsu_pfb_req_gated_clk/local_en,2,0.00024061597690086623,7.3900000000000015,0.9633336605834737,0.0,8.1767073335401e-05,1
x_aq_lsu_top/x_aq_lsu_pfb_top/x_aq_lsu_ppfb_1/x_aq_lsu_pfb_req_gated_clk/external_en,0,0.0,0.0,0.0,0.0,,0
x_aq_lsu_top/x_aq_lsu_pfb_top/x_aq_lsu_ppfb_1/x_aq_lsu_pfb_req_gated_clk/pad_yy_icg_scan_en,0,0.0,0.0,0.0,0.0,,0
x_aq_lsu_top/x_aq_lsu_pfb_top/x_aq_lsu_ppfb_1/x_aq_lsu_pfb_req_gated_clk/clk_out,0,0.0,0.0,0.0,0.0,,0
x_aq_lsu_top/x_aq_lsu_pfb_top/x_aq_lsu_ppfb_1/x_aq_lsu_pfb_req_gated_clk/clk_en_bf_latch,2,0.00024061597690086623,7.3900000000000015,0.9633336605834737,0.0,8.1767073335401e-05,1
x_aq_lsu_top/x_aq_lsu_pfb_top/x_aq_lsu_ppfb_1/x_aq_lsu_pfb_req_gated_clk/SE,0,0.0,0.0,0.0,0.0,,0
x_aq_lsu_top/x_aq_lsu_pfb_top/x_aq_lsu_ppfb_2/cp0_lsu_dcache_pref_dist[1:0],2,0.00024061597690086623,0.7349999999999959,0.09581194053164399,0.0,-0.014201449376341619,1
x_aq_lsu_top/x_aq_lsu_pfb_top/x_aq_lsu_ppfb_2/cp0_lsu_dcache_wb,0,0.0,0.0,0.0,0.0,,0
x_aq_lsu_top/x_aq_lsu_pfb_top/x_aq_lsu_ppfb_2/cp0_lsu_icg_en,0,0.0,0.0,0.0,0.0,,0
x_aq_lsu_top/x_aq_lsu_pfb_top/x_aq_lsu_ppfb_2/cpurst_b,3,0.0003609239653512993,6.4566666666666634,0.8416677043528134,0.3333333333333333,-0.052373008311376444,1
x_aq_lsu_top/x_aq_lsu_pfb_top/x_aq_lsu_ppfb_2/dc_hit_pfb_pc_x,0,0.0,0.0,0.0,0.0,,0
x_aq_lsu_top/x_aq_lsu_pfb_top/x_aq_lsu_ppfb_2/forever_cpuclk,0,0.0,0.0,0.0,0.0,,0
x_aq_lsu_top/x_aq_lsu_pfb_top/x_aq_lsu_ppfb_2/ifu_lsu_warm_up,2,0.00024061597690086623,7.3900000000000015,0.9633336605834737,0.0,8.1767073335401e-05,1
x_aq_lsu_top/x_aq_lsu_pfb_top/x_aq_lsu_ppfb_2/lfb_cache_hit_x,0,0.0,0.0,0.0,0.0,,0
x_aq_lsu_top/x_aq_lsu_pfb_top/x_aq_lsu_ppfb_2/lfb_cache_miss_x,0,0.0,0.0,0.0,0.0,,0
x_aq_lsu_top/x_aq_lsu_pfb_top/x_aq_lsu_ppfb_2/pad_yy_icg_scan_en,0,0.0,0.0,0.0,0.0,,0
x_aq_lsu_top/x_aq_lsu_pfb_top/x_aq_lsu_ppfb_2/pfb_create_en_dp_x,0,0.0,0.0,0.0,0.0,,0
x_aq_lsu_top/x_aq_lsu_pfb_top/x_aq_lsu_ppfb_2/pfb_create_en_gate_x,0,0.0,0.0,0.0,0.0,,0
x_aq_lsu_top/x_aq_lsu_pfb_top/x_aq_lsu_ppfb_2/pfb_create_en_x,0,0.0,0.0,0.0,0.0,,0
x_aq_lsu_top/x_aq_lsu_pfb_top/x_aq_lsu_ppfb_2/pfb_entry_evict_x,0,0.0,0.0,0.0,0.0,,0
x_aq_lsu_top/x_aq_lsu_pfb_top/x_aq_lsu_ppfb_2/pfb_entry_in_pf_x,0,0.0,0.0,0.0,0.0,,0
x_aq_lsu_top/x_aq_lsu_pfb_top/x_aq_lsu_ppfb_2/pfb_entry_req_dp_x,0,0.0,0.0,0.0,0.0,,0
x_aq_lsu_top/x_aq_lsu_pfb_top/x_aq_lsu_ppfb_2/pfb_entry_req_x,0,0.0,0.0,0.0,0.0,,0
x_aq_lsu_top/x_aq_lsu_pfb_top/x_aq_lsu_ppfb_2/pfb_entry_vld_x,0,0.0,0.0,0.0,0.0,,0
x_aq_lsu_top/x_aq_lsu_pfb_top/x_aq_lsu_ppfb_2/pfb_entryx_arbus[38:0],4,0.00048123195380173246,10.0575,1.3110593087034215,0.0,-0.01109609326560509,3
x_aq_lsu_top/x_aq_lsu_pfb_top/x_aq_lsu_ppfb_2/pfb_flush_by_gpfb,0,0.0,0.0,0.0,0.0,,0
x_aq_lsu_top/x_aq_lsu_pfb_top/x_aq_lsu_ppfb_2/pfb_grant_x,0,0.0,0.0,0.0,0.0,,0
x_aq_lsu_top/x_aq_lsu_pfb_top/x_aq_lsu_ppfb_2/pfb_hit_cnt_max[3:0],0,0.0,0.0,0.0,0.0,,0
x_aq_lsu_top/x_aq_lsu_pfb_top/x_aq_lsu_ppfb_2/pfb_pc_mode,0,0.0,0.0,0.0,0.0,,0
x_aq_lsu_top/x_aq_lsu_pfb_top/x_aq_lsu_ppfb_2/xx_create_chk_pa[39:0],4,0.00048123195380173246,6.417500000000001,0.8365620794038487,0.0,0.049288993232723566,6
x_aq_lsu_top/x_aq_lsu_pfb_top/x_aq_lsu_ppfb_2/xx_create_init_pa[39:0],4,0.00048123195380173246,6.417500000000001,0.8365620794038487,0.0,0.049288993232723566,6
x_aq_lsu_top/x_aq_lsu_pfb_top/x_aq_lsu_ppfb_2/xx_create_ld_miss,1,0.00012030798845043312,1.2299999999999933,0.16033834946111852,0.0,-0.11407227095261288,1
x_aq_lsu_top/x_aq_lsu_pfb_top/x_aq_lsu_ppfb_2/xx_create_ld_req,0,0.0,0.0,0.0,0.0,,0
x_aq_lsu_top/x_aq_lsu_pfb_top/x_aq_lsu_ppfb_2/xx_create_pc[14:0],11,0.0013233878729547641,7.997272727272731,1.042495536001085,0.09090909090909091,0.04815935202576465,7
x_aq_lsu_top/x_aq_lsu_pfb_top/x_aq_lsu_ppfb_2/xx_create_priv_mode[1:0],2,0.00024061597690086623,3.7600000000000033,0.49013999510065814,0.0,-0.011226700708829732,1
x_aq_lsu_top/x_aq_lsu_pfb_top/x_aq_lsu_ppfb_2/xx_create_virt_idx[1:0],2,0.00024061597690086623,3.6199999999999974,0.4718901016660584,0.0,0.048840917826710545,1
x_aq_lsu_top/x_aq_lsu_pfb_top/x_aq_lsu_ppfb_2/xx_flush,6,0.0007218479307025986,6.091666666666668,0.7940876250411809,0.0,0.014188816602087068,1
x_aq_lsu_top/x_aq_lsu_pfb_top/x_aq_lsu_ppfb_2/confidence_close,0,0.0,0.0,0.0,0.0,,0
x_aq_lsu_top/x_aq_lsu_pfb_top/x_aq_lsu_ppfb_2/confidence_dec[2:0],1,0.00012030798845043312,1.2299999999999933,0.16033834946111852,0.0,-0.11407227095261649,2
x_aq_lsu_top/x_aq_lsu_pfb_top/x_aq_lsu_ppfb_2/confidence_inc[2:0],1,0.00012030798845043312,1.2299999999999933,0.16033834946111852,0.0,-0.11407227095261466,3
x_aq_lsu_top/x_aq_lsu_pfb_top/x_aq_lsu_ppfb_2/confidence_pop,0,0.0,0.0,0.0,0.0,,0
x_aq_lsu_top/x_aq_lsu_pfb_top/x_aq_lsu_ppfb_2/dc_ld_pa[39:0],0,0.0,0.0,0.0,0.0,,0
x_aq_lsu_top/x_aq_lsu_pfb_top/x_aq_lsu_ppfb_2/dc_ld_pc_hit,2,0.00024061597690086623,9.129999999999999,1.1901537646992033,0.0,-0.04914122484466943,1
x_aq_lsu_top/x_aq_lsu_pfb_top/x_aq_lsu_ppfb_2/dc_ld_vld,0,0.0,0.0,0.0,0.0,,0
x_aq_lsu_top/x_aq_lsu_pfb_top/x_aq_lsu_ppfb_2/distance_cross_page,0,0.0,0.0,0.0,0.0,,0
x_aq_lsu_top/x_aq_lsu_pfb_top/x_aq_lsu_ppfb_2/distance_sel[3:0],3,0.0003609239653512993,2.249999999999998,0.2933018587703401,0.0,-0.005759972313042871,3
x_aq_lsu_top/x_aq_lsu_pfb_top/x_aq_lsu_ppfb_2/hit_cnt_full,0,0.0,0.0,0.0,0.0,,0
x_aq_lsu_top/x_aq_lsu_pfb_top/x_aq_lsu_ppfb_2/ld_addr_update_en,0,0.0,0.0,0.0,0.0,,0
x_aq_lsu_top/x_aq_lsu_pfb_top/x_aq_lsu_ppfb_2/pf_addr_cross_4k,0,0.0,0.0,0.0,0.0,,0
x_aq_lsu_top/x_aq_lsu_pfb_top/x_aq_lsu_ppfb_2/pf_cache_hit_pop,0,0.0,0.0,0.0,0.0,,0
x_aq_lsu_top/x_aq_lsu_pfb_top/x_aq_lsu_ppfb_2/pf_init_addr[6:0],3,0.0003609239653512993,7.216666666666664,0.9407385544263507,0.0,0.0485601071028647,2
x_aq_lsu_top/x_aq_lsu_pfb_top/x_aq_lsu_ppfb_2/pf_reach_max_distance,0,0.0,0.0,0.0,0.0,,0
x_aq_lsu_top/x_aq_lsu_pfb_top/x_aq_lsu_ppfb_2/pf_start,0,0.0,0.0,0.0,0.0,,0
x_aq_lsu_top/x_aq_lsu_pfb_top/x_aq_lsu_ppfb_2/pf_start_gate,0,0.0,0.0,0.0,0.0,,0
x_aq_lsu_top/x_aq_lsu_pfb_top/x_aq_lsu_ppfb_2/pfb_create_en_dp,0,0.0,0.0,0.0,0.0,,0
x_aq_lsu_top/x_aq_lsu_pfb_top/x_aq_lsu_ppfb_2/pfb_cur_cals,0,0.0,0.0,0.0,0.0,,0
x_aq_lsu_top/x_aq_lsu_pfb_top/x_aq_lsu_ppfb_2/pfb_cur_chks,0,0.0,0.0,0.0,0.0,,0
x_aq_lsu_top/x_aq_lsu_pfb_top/x_aq_lsu_ppfb_2/pfb_cur_evict,0,0.0,0.0,0.0,0.0,,0
x_aq_lsu_top/x_aq_lsu_pfb_top/x_aq_lsu_ppfb_2/pfb_cur_idle,1,0.00012030798845043312,12.84,1.6737759407160757,0.0,-0.12626398420199358,1
x_aq_lsu_top/x_aq_lsu_pfb_top/x_aq_lsu_ppfb_2/pfb_cur_init,0,0.0,0.0,0.0,0.0,,0
x_aq_lsu_top/x_aq_lsu_pfb_top/x_aq_lsu_ppfb_2/pfb_cur_req,0,0.0,0.0,0.0,0.0,,0
x_aq_lsu_top/x_aq_lsu_pfb_top/x_aq_lsu_ppfb_2/pfb_cur_susp,0,0.0,0.0,0.0,0.0,,0
x_aq_lsu_top/x_aq_lsu_pfb_top/x_aq_lsu_ppfb_2/pfb_flush,6,0.0007218479307025986,6.091666666666668,0.7940876250411809,0.0,0.014188816602087068,1
x_aq_lsu_top/x_aq_lsu_pfb_top/x_aq_lsu_ppfb_2/pfb_fsm_clk,0,0.0,0.0,0.0,0.0,,0
x_aq_lsu_top/x_aq_lsu_pfb_top/x_aq_lsu_ppfb_2/pfb_fsm_clk_en,2,0.00024061597690086623,7.3900000000000015,0.9633336605834737,0.0,8.1767073335401e-05,1
x_aq_lsu_top/x_aq_lsu_pfb_top/x_aq_lsu_ppfb_2/pfb_ld_clk,0,0.0,0.0,0.0,0.0,,0
x_aq_lsu_top/x_aq_lsu_pfb_top/x_aq_lsu_ppfb_2/pfb_ld_clk_en,2,0.00024061597690086623,7.3900000000000015,0.9633336605834737,0.0,8.1767073335401e-05,1
x_aq_lsu_top/x_aq_lsu_pfb_top/x_aq_lsu_ppfb_2/pfb_next_chks,0,0.0,0.0,0.0,0.0,,0
x_aq_lsu_top/x_aq_lsu_pfb_top/x_aq_lsu_ppfb_2/pfb_next_init,0,0.0,0.0,0.0,0.0,,0
x_aq_lsu_top/x_aq_lsu_pfb_top/x_aq_lsu_ppfb_2/pfb_next_req,0,0.0,0.0,0.0,0.0,,0
x_aq_lsu_top/x_aq_lsu_pfb_top/x_aq_lsu_ppfb_2/pfb_req_addr[33:0],1,0.00012030798845043312,5.119999999999997,0.6674246741796187,0.0,-0.011090017077523247,1
x_aq_lsu_top/x_aq_lsu_pfb_top/x_aq_lsu_ppfb_2/pfb_req_addr_next[6:0],2,0.00024061597690086623,9.764999999999997,1.2729300670632768,0.0,-0.01093327421244432,2
x_aq_lsu_top/x_aq_lsu_pfb_top/x_aq_lsu_ppfb_2/pfb_req_clk,0,0.0,0.0,0.0,0.0,,0
x_aq_lsu_top/x_aq_lsu_pfb_top/x_aq_lsu_ppfb_2/pfb_req_clk_en,2,0.00024061597690086623,7.3900000000000015,0.9633336605834737,0.0,8.1767073335401e-05,1
x_aq_lsu_top/x_aq_lsu_pfb_top/x_aq_lsu_ppfb_2/pfb_req_distance[5:0],1,0.00012030798845043312,5.119999999999997,0.6674246741796187,0.0,-0.011090017077523247,1
x_aq_lsu_top/x_aq_lsu_pfb_top/x_aq_lsu_ppfb_2/req_stride[4:0],1,0.00012030798845043312,14.409999999999998,1.8784354599469353,0.0,-0.010773496713088677,1
x_aq_lsu_top/x_aq_lsu_pfb_top/x_aq_lsu_ppfb_2/stride_cal[39:0],0,0.0,0.0,0.0,0.0,,0
x_aq_lsu_top/x_aq_lsu_pfb_top/x_aq_lsu_ppfb_2/stride_ext[7:0],1,0.00012030798845043312,5.119999999999997,0.6674246741796187,0.0,-0.011090017077523247,1
x_aq_lsu_top/x_aq_lsu_pfb_top/x_aq_lsu_ppfb_2/stride_ext_dist[8:0],4,0.00048123195380173246,6.262499999999998,0.8163568402441138,0.0,-0.00329084741640715,3
x_aq_lsu_top/x_aq_lsu_pfb_top/x_aq_lsu_ppfb_2/stride_hit,0,0.0,0.0,0.0,0.0,,0
x_aq_lsu_top/x_aq_lsu_pfb_top/x_aq_lsu_ppfb_2/stride_less_line,1,0.00012030798845043312,14.409999999999998,1.8784354599469353,0.0,-0.010773496713088677,1
x_aq_lsu_top/x_aq_lsu_pfb_top/x_aq_lsu_ppfb_2/stride_less_than_1k,0,0.0,0.0,0.0,0.0,,0
x_aq_lsu_top/x_aq_lsu_pfb_top/x_aq_lsu_ppfb_2/stride_line[4:0],0,0.0,0.0,0.0,0.0,,0
x_aq_lsu_top/x_aq_lsu_pfb_top/x_aq_lsu_ppfb_2/time_out0,0,0.0,0.0,0.0,0.0,,0
x_aq_lsu_top/x_aq_lsu_pfb_top/x_aq_lsu_ppfb_2/time_out_cnt0_inc[5:0],1,0.00012030798845043312,6.270000000000003,0.8173345131066823,0.0,-0.0111453056014091,1
x_aq_lsu_top/x_aq_lsu_pfb_top/x_aq_lsu_ppfb_2/train_addr_cross_4k,1,0.00012030798845043312,3.4099999999999966,0.4445152615141599,0.0,0.04879654758269631,1
x_aq_lsu_top/x_aq_lsu_pfb_top/x_aq_lsu_ppfb_2/x_aq_lsu_pfb_fsm_gated_clk/clk_in,0,0.0,0.0,0.0,0.0,,0
x_aq_lsu_top/x_aq_lsu_pfb_top/x_aq_lsu_ppfb_2/x_aq_lsu_pfb_fsm_gated_clk/global_en,0,0.0,0.0,0.0,0.0,,0
x_aq_lsu_top/x_aq_lsu_pfb_top/x_aq_lsu_ppfb_2/x_aq_lsu_pfb_fsm_gated_clk/module_en,0,0.0,0.0,0.0,0.0,,0
x_aq_lsu_top/x_aq_lsu_pfb_top/x_aq_lsu_ppfb_2/x_aq_lsu_pfb_fsm_gated_clk/local_en,2,0.00024061597690086623,7.3900000000000015,0.9633336605834737,0.0,8.1767073335401e-05,1
x_aq_lsu_top/x_aq_lsu_pfb_top/x_aq_lsu_ppfb_2/x_aq_lsu_pfb_fsm_gated_clk/external_en,0,0.0,0.0,0.0,0.0,,0
x_aq_lsu_top/x_aq_lsu_pfb_top/x_aq_lsu_ppfb_2/x_aq_lsu_pfb_fsm_gated_clk/pad_yy_icg_scan_en,0,0.0,0.0,0.0,0.0,,0
x_aq_lsu_top/x_aq_lsu_pfb_top/x_aq_lsu_ppfb_2/x_aq_lsu_pfb_fsm_gated_clk/clk_out,0,0.0,0.0,0.0,0.0,,0
x_aq_lsu_top/x_aq_lsu_pfb_top/x_aq_lsu_ppfb_2/x_aq_lsu_pfb_fsm_gated_clk/clk_en_bf_latch,2,0.00024061597690086623,7.3900000000000015,0.9633336605834737,0.0,8.1767073335401e-05,1
x_aq_lsu_top/x_aq_lsu_pfb_top/x_aq_lsu_ppfb_2/x_aq_lsu_pfb_fsm_gated_clk/SE,0,0.0,0.0,0.0,0.0,,0
x_aq_lsu_top/x_aq_lsu_pfb_top/x_aq_lsu_ppfb_2/x_aq_lsu_pfb_ld_gated_clk/clk_in,0,0.0,0.0,0.0,0.0,,0
x_aq_lsu_top/x_aq_lsu_pfb_top/x_aq_lsu_ppfb_2/x_aq_lsu_pfb_ld_gated_clk/global_en,0,0.0,0.0,0.0,0.0,,0
x_aq_lsu_top/x_aq_lsu_pfb_top/x_aq_lsu_ppfb_2/x_aq_lsu_pfb_ld_gated_clk/module_en,0,0.0,0.0,0.0,0.0,,0
x_aq_lsu_top/x_aq_lsu_pfb_top/x_aq_lsu_ppfb_2/x_aq_lsu_pfb_ld_gated_clk/local_en,2,0.00024061597690086623,7.3900000000000015,0.9633336605834737,0.0,8.1767073335401e-05,1
x_aq_lsu_top/x_aq_lsu_pfb_top/x_aq_lsu_ppfb_2/x_aq_lsu_pfb_ld_gated_clk/external_en,0,0.0,0.0,0.0,0.0,,0
x_aq_lsu_top/x_aq_lsu_pfb_top/x_aq_lsu_ppfb_2/x_aq_lsu_pfb_ld_gated_clk/pad_yy_icg_scan_en,0,0.0,0.0,0.0,0.0,,0
x_aq_lsu_top/x_aq_lsu_pfb_top/x_aq_lsu_ppfb_2/x_aq_lsu_pfb_ld_gated_clk/clk_out,0,0.0,0.0,0.0,0.0,,0
x_aq_lsu_top/x_aq_lsu_pfb_top/x_aq_lsu_ppfb_2/x_aq_lsu_pfb_ld_gated_clk/clk_en_bf_latch,2,0.00024061597690086623,7.3900000000000015,0.9633336605834737,0.0,8.1767073335401e-05,1
x_aq_lsu_top/x_aq_lsu_pfb_top/x_aq_lsu_ppfb_2/x_aq_lsu_pfb_ld_gated_clk/SE,0,0.0,0.0,0.0,0.0,,0
x_aq_lsu_top/x_aq_lsu_pfb_top/x_aq_lsu_ppfb_2/x_aq_lsu_pfb_req_gated_clk/clk_in,0,0.0,0.0,0.0,0.0,,0
x_aq_lsu_top/x_aq_lsu_pfb_top/x_aq_lsu_ppfb_2/x_aq_lsu_pfb_req_gated_clk/global_en,0,0.0,0.0,0.0,0.0,,0
x_aq_lsu_top/x_aq_lsu_pfb_top/x_aq_lsu_ppfb_2/x_aq_lsu_pfb_req_gated_clk/module_en,0,0.0,0.0,0.0,0.0,,0
x_aq_lsu_top/x_aq_lsu_pfb_top/x_aq_lsu_ppfb_2/x_aq_lsu_pfb_req_gated_clk/local_en,2,0.00024061597690086623,7.3900000000000015,0.9633336605834737,0.0,8.1767073335401e-05,1
x_aq_lsu_top/x_aq_lsu_pfb_top/x_aq_lsu_ppfb_2/x_aq_lsu_pfb_req_gated_clk/external_en,0,0.0,0.0,0.0,0.0,,0
x_aq_lsu_top/x_aq_lsu_pfb_top/x_aq_lsu_ppfb_2/x_aq_lsu_pfb_req_gated_clk/pad_yy_icg_scan_en,0,0.0,0.0,0.0,0.0,,0
x_aq_lsu_top/x_aq_lsu_pfb_top/x_aq_lsu_ppfb_2/x_aq_lsu_pfb_req_gated_clk/clk_out,0,0.0,0.0,0.0,0.0,,0
x_aq_lsu_top/x_aq_lsu_pfb_top/x_aq_lsu_ppfb_2/x_aq_lsu_pfb_req_gated_clk/clk_en_bf_latch,2,0.00024061597690086623,7.3900000000000015,0.9633336605834737,0.0,8.1767073335401e-05,1
x_aq_lsu_top/x_aq_lsu_pfb_top/x_aq_lsu_ppfb_2/x_aq_lsu_pfb_req_gated_clk/SE,0,0.0,0.0,0.0,0.0,,0
x_aq_lsu_top/x_aq_lsu_pfb_top/x_aq_lsu_ppfb_3/cp0_lsu_dcache_pref_dist[1:0],2,0.00024061597690086623,0.7349999999999959,0.09581194053164399,0.0,-0.014201449376341619,1
x_aq_lsu_top/x_aq_lsu_pfb_top/x_aq_lsu_ppfb_3/cp0_lsu_dcache_wb,0,0.0,0.0,0.0,0.0,,0
x_aq_lsu_top/x_aq_lsu_pfb_top/x_aq_lsu_ppfb_3/cp0_lsu_icg_en,0,0.0,0.0,0.0,0.0,,0
x_aq_lsu_top/x_aq_lsu_pfb_top/x_aq_lsu_ppfb_3/cpurst_b,3,0.0003609239653512993,6.4566666666666634,0.8416677043528134,0.3333333333333333,-0.052373008311376444,1
x_aq_lsu_top/x_aq_lsu_pfb_top/x_aq_lsu_ppfb_3/dc_hit_pfb_pc_x,0,0.0,0.0,0.0,0.0,,0
x_aq_lsu_top/x_aq_lsu_pfb_top/x_aq_lsu_ppfb_3/forever_cpuclk,0,0.0,0.0,0.0,0.0,,0
x_aq_lsu_top/x_aq_lsu_pfb_top/x_aq_lsu_ppfb_3/ifu_lsu_warm_up,2,0.00024061597690086623,7.3900000000000015,0.9633336605834737,0.0,8.1767073335401e-05,1
x_aq_lsu_top/x_aq_lsu_pfb_top/x_aq_lsu_ppfb_3/lfb_cache_hit_x,0,0.0,0.0,0.0,0.0,,0
x_aq_lsu_top/x_aq_lsu_pfb_top/x_aq_lsu_ppfb_3/lfb_cache_miss_x,0,0.0,0.0,0.0,0.0,,0
x_aq_lsu_top/x_aq_lsu_pfb_top/x_aq_lsu_ppfb_3/pad_yy_icg_scan_en,0,0.0,0.0,0.0,0.0,,0
x_aq_lsu_top/x_aq_lsu_pfb_top/x_aq_lsu_ppfb_3/pfb_create_en_dp_x,0,0.0,0.0,0.0,0.0,,0
x_aq_lsu_top/x_aq_lsu_pfb_top/x_aq_lsu_ppfb_3/pfb_create_en_gate_x,0,0.0,0.0,0.0,0.0,,0
x_aq_lsu_top/x_aq_lsu_pfb_top/x_aq_lsu_ppfb_3/pfb_create_en_x,0,0.0,0.0,0.0,0.0,,0
x_aq_lsu_top/x_aq_lsu_pfb_top/x_aq_lsu_ppfb_3/pfb_entry_evict_x,0,0.0,0.0,0.0,0.0,,0
x_aq_lsu_top/x_aq_lsu_pfb_top/x_aq_lsu_ppfb_3/pfb_entry_in_pf_x,0,0.0,0.0,0.0,0.0,,0
x_aq_lsu_top/x_aq_lsu_pfb_top/x_aq_lsu_ppfb_3/pfb_entry_req_dp_x,0,0.0,0.0,0.0,0.0,,0
x_aq_lsu_top/x_aq_lsu_pfb_top/x_aq_lsu_ppfb_3/pfb_entry_req_x,0,0.0,0.0,0.0,0.0,,0
x_aq_lsu_top/x_aq_lsu_pfb_top/x_aq_lsu_ppfb_3/pfb_entry_vld_x,0,0.0,0.0,0.0,0.0,,0
x_aq_lsu_top/x_aq_lsu_pfb_top/x_aq_lsu_ppfb_3/pfb_entryx_arbus[38:0],4,0.00048123195380173246,10.0575,1.3110593087034215,0.0,-0.01109609326560509,3
x_aq_lsu_top/x_aq_lsu_pfb_top/x_aq_lsu_ppfb_3/pfb_flush_by_gpfb,0,0.0,0.0,0.0,0.0,,0
x_aq_lsu_top/x_aq_lsu_pfb_top/x_aq_lsu_ppfb_3/pfb_grant_x,0,0.0,0.0,0.0,0.0,,0
x_aq_lsu_top/x_aq_lsu_pfb_top/x_aq_lsu_ppfb_3/pfb_hit_cnt_max[3:0],0,0.0,0.0,0.0,0.0,,0
x_aq_lsu_top/x_aq_lsu_pfb_top/x_aq_lsu_ppfb_3/pfb_pc_mode,0,0.0,0.0,0.0,0.0,,0
x_aq_lsu_top/x_aq_lsu_pfb_top/x_aq_lsu_ppfb_3/xx_create_chk_pa[39:0],4,0.00048123195380173246,6.417500000000001,0.8365620794038487,0.0,0.049288993232723566,6
x_aq_lsu_top/x_aq_lsu_pfb_top/x_aq_lsu_ppfb_3/xx_create_init_pa[39:0],4,0.00048123195380173246,6.417500000000001,0.8365620794038487,0.0,0.049288993232723566,6
x_aq_lsu_top/x_aq_lsu_pfb_top/x_aq_lsu_ppfb_3/xx_create_ld_miss,1,0.00012030798845043312,1.2299999999999933,0.16033834946111852,0.0,-0.11407227095261288,1
x_aq_lsu_top/x_aq_lsu_pfb_top/x_aq_lsu_ppfb_3/xx_create_ld_req,0,0.0,0.0,0.0,0.0,,0
x_aq_lsu_top/x_aq_lsu_pfb_top/x_aq_lsu_ppfb_3/xx_create_pc[14:0],11,0.0013233878729547641,7.997272727272731,1.042495536001085,0.09090909090909091,0.04815935202576465,7
x_aq_lsu_top/x_aq_lsu_pfb_top/x_aq_lsu_ppfb_3/xx_create_priv_mode[1:0],2,0.00024061597690086623,3.7600000000000033,0.49013999510065814,0.0,-0.011226700708829732,1
x_aq_lsu_top/x_aq_lsu_pfb_top/x_aq_lsu_ppfb_3/xx_create_virt_idx[1:0],2,0.00024061597690086623,3.6199999999999974,0.4718901016660584,0.0,0.048840917826710545,1
x_aq_lsu_top/x_aq_lsu_pfb_top/x_aq_lsu_ppfb_3/xx_flush,6,0.0007218479307025986,6.091666666666668,0.7940876250411809,0.0,0.014188816602087068,1
x_aq_lsu_top/x_aq_lsu_pfb_top/x_aq_lsu_ppfb_3/confidence_close,0,0.0,0.0,0.0,0.0,,0
x_aq_lsu_top/x_aq_lsu_pfb_top/x_aq_lsu_ppfb_3/confidence_dec[2:0],1,0.00012030798845043312,1.2299999999999933,0.16033834946111852,0.0,-0.11407227095261649,2
x_aq_lsu_top/x_aq_lsu_pfb_top/x_aq_lsu_ppfb_3/confidence_inc[2:0],1,0.00012030798845043312,1.2299999999999933,0.16033834946111852,0.0,-0.11407227095261466,3
x_aq_lsu_top/x_aq_lsu_pfb_top/x_aq_lsu_ppfb_3/confidence_pop,0,0.0,0.0,0.0,0.0,,0
x_aq_lsu_top/x_aq_lsu_pfb_top/x_aq_lsu_ppfb_3/dc_ld_pa[39:0],0,0.0,0.0,0.0,0.0,,0
x_aq_lsu_top/x_aq_lsu_pfb_top/x_aq_lsu_ppfb_3/dc_ld_pc_hit,2,0.00024061597690086623,9.129999999999999,1.1901537646992033,0.0,-0.04914122484466943,1
x_aq_lsu_top/x_aq_lsu_pfb_top/x_aq_lsu_ppfb_3/dc_ld_vld,0,0.0,0.0,0.0,0.0,,0
x_aq_lsu_top/x_aq_lsu_pfb_top/x_aq_lsu_ppfb_3/distance_cross_page,0,0.0,0.0,0.0,0.0,,0
x_aq_lsu_top/x_aq_lsu_pfb_top/x_aq_lsu_ppfb_3/distance_sel[3:0],3,0.0003609239653512993,2.249999999999998,0.2933018587703401,0.0,-0.005759972313042871,3
x_aq_lsu_top/x_aq_lsu_pfb_top/x_aq_lsu_ppfb_3/hit_cnt_full,0,0.0,0.0,0.0,0.0,,0
x_aq_lsu_top/x_aq_lsu_pfb_top/x_aq_lsu_ppfb_3/ld_addr_update_en,0,0.0,0.0,0.0,0.0,,0
x_aq_lsu_top/x_aq_lsu_pfb_top/x_aq_lsu_ppfb_3/pf_addr_cross_4k,0,0.0,0.0,0.0,0.0,,0
x_aq_lsu_top/x_aq_lsu_pfb_top/x_aq_lsu_ppfb_3/pf_cache_hit_pop,0,0.0,0.0,0.0,0.0,,0
x_aq_lsu_top/x_aq_lsu_pfb_top/x_aq_lsu_ppfb_3/pf_init_addr[6:0],3,0.0003609239653512993,7.216666666666664,0.9407385544263507,0.0,0.0485601071028647,2
x_aq_lsu_top/x_aq_lsu_pfb_top/x_aq_lsu_ppfb_3/pf_reach_max_distance,0,0.0,0.0,0.0,0.0,,0
x_aq_lsu_top/x_aq_lsu_pfb_top/x_aq_lsu_ppfb_3/pf_start,0,0.0,0.0,0.0,0.0,,0
x_aq_lsu_top/x_aq_lsu_pfb_top/x_aq_lsu_ppfb_3/pf_start_gate,0,0.0,0.0,0.0,0.0,,0
x_aq_lsu_top/x_aq_lsu_pfb_top/x_aq_lsu_ppfb_3/pfb_create_en_dp,0,0.0,0.0,0.0,0.0,,0
x_aq_lsu_top/x_aq_lsu_pfb_top/x_aq_lsu_ppfb_3/pfb_cur_cals,0,0.0,0.0,0.0,0.0,,0
x_aq_lsu_top/x_aq_lsu_pfb_top/x_aq_lsu_ppfb_3/pfb_cur_chks,0,0.0,0.0,0.0,0.0,,0
x_aq_lsu_top/x_aq_lsu_pfb_top/x_aq_lsu_ppfb_3/pfb_cur_evict,0,0.0,0.0,0.0,0.0,,0
x_aq_lsu_top/x_aq_lsu_pfb_top/x_aq_lsu_ppfb_3/pfb_cur_idle,1,0.00012030798845043312,12.84,1.6737759407160757,0.0,-0.12626398420199358,1
x_aq_lsu_top/x_aq_lsu_pfb_top/x_aq_lsu_ppfb_3/pfb_cur_init,0,0.0,0.0,0.0,0.0,,0
x_aq_lsu_top/x_aq_lsu_pfb_top/x_aq_lsu_ppfb_3/pfb_cur_req,0,0.0,0.0,0.0,0.0,,0
x_aq_lsu_top/x_aq_lsu_pfb_top/x_aq_lsu_ppfb_3/pfb_cur_susp,0,0.0,0.0,0.0,0.0,,0
x_aq_lsu_top/x_aq_lsu_pfb_top/x_aq_lsu_ppfb_3/pfb_flush,6,0.0007218479307025986,6.091666666666668,0.7940876250411809,0.0,0.014188816602087068,1
x_aq_lsu_top/x_aq_lsu_pfb_top/x_aq_lsu_ppfb_3/pfb_fsm_clk,0,0.0,0.0,0.0,0.0,,0
x_aq_lsu_top/x_aq_lsu_pfb_top/x_aq_lsu_ppfb_3/pfb_fsm_clk_en,2,0.00024061597690086623,7.3900000000000015,0.9633336605834737,0.0,8.1767073335401e-05,1
x_aq_lsu_top/x_aq_lsu_pfb_top/x_aq_lsu_ppfb_3/pfb_ld_clk,0,0.0,0.0,0.0,0.0,,0
x_aq_lsu_top/x_aq_lsu_pfb_top/x_aq_lsu_ppfb_3/pfb_ld_clk_en,2,0.00024061597690086623,7.3900000000000015,0.9633336605834737,0.0,8.1767073335401e-05,1
x_aq_lsu_top/x_aq_lsu_pfb_top/x_aq_lsu_ppfb_3/pfb_next_chks,0,0.0,0.0,0.0,0.0,,0
x_aq_lsu_top/x_aq_lsu_pfb_top/x_aq_lsu_ppfb_3/pfb_next_init,0,0.0,0.0,0.0,0.0,,0
x_aq_lsu_top/x_aq_lsu_pfb_top/x_aq_lsu_ppfb_3/pfb_next_req,0,0.0,0.0,0.0,0.0,,0
x_aq_lsu_top/x_aq_lsu_pfb_top/x_aq_lsu_ppfb_3/pfb_req_addr[33:0],1,0.00012030798845043312,5.119999999999997,0.6674246741796187,0.0,-0.011090017077523247,1
x_aq_lsu_top/x_aq_lsu_pfb_top/x_aq_lsu_ppfb_3/pfb_req_addr_next[6:0],2,0.00024061597690086623,9.764999999999997,1.2729300670632768,0.0,-0.01093327421244432,2
x_aq_lsu_top/x_aq_lsu_pfb_top/x_aq_lsu_ppfb_3/pfb_req_clk,0,0.0,0.0,0.0,0.0,,0
x_aq_lsu_top/x_aq_lsu_pfb_top/x_aq_lsu_ppfb_3/pfb_req_clk_en,2,0.00024061597690086623,7.3900000000000015,0.9633336605834737,0.0,8.1767073335401e-05,1
x_aq_lsu_top/x_aq_lsu_pfb_top/x_aq_lsu_ppfb_3/pfb_req_distance[5:0],1,0.00012030798845043312,5.119999999999997,0.6674246741796187,0.0,-0.011090017077523247,1
x_aq_lsu_top/x_aq_lsu_pfb_top/x_aq_lsu_ppfb_3/req_stride[4:0],1,0.00012030798845043312,14.409999999999998,1.8784354599469353,0.0,-0.010773496713088677,1
x_aq_lsu_top/x_aq_lsu_pfb_top/x_aq_lsu_ppfb_3/stride_cal[39:0],0,0.0,0.0,0.0,0.0,,0
x_aq_lsu_top/x_aq_lsu_pfb_top/x_aq_lsu_ppfb_3/stride_ext[7:0],1,0.00012030798845043312,5.119999999999997,0.6674246741796187,0.0,-0.011090017077523247,1
x_aq_lsu_top/x_aq_lsu_pfb_top/x_aq_lsu_ppfb_3/stride_ext_dist[8:0],4,0.00048123195380173246,6.262499999999998,0.8163568402441138,0.0,-0.00329084741640715,3
x_aq_lsu_top/x_aq_lsu_pfb_top/x_aq_lsu_ppfb_3/stride_hit,0,0.0,0.0,0.0,0.0,,0
x_aq_lsu_top/x_aq_lsu_pfb_top/x_aq_lsu_ppfb_3/stride_less_line,1,0.00012030798845043312,14.409999999999998,1.8784354599469353,0.0,-0.010773496713088677,1
x_aq_lsu_top/x_aq_lsu_pfb_top/x_aq_lsu_ppfb_3/stride_less_than_1k,0,0.0,0.0,0.0,0.0,,0
x_aq_lsu_top/x_aq_lsu_pfb_top/x_aq_lsu_ppfb_3/stride_line[4:0],0,0.0,0.0,0.0,0.0,,0
x_aq_lsu_top/x_aq_lsu_pfb_top/x_aq_lsu_ppfb_3/time_out0,0,0.0,0.0,0.0,0.0,,0
x_aq_lsu_top/x_aq_lsu_pfb_top/x_aq_lsu_ppfb_3/time_out_cnt0_inc[5:0],1,0.00012030798845043312,6.270000000000003,0.8173345131066823,0.0,-0.0111453056014091,1
x_aq_lsu_top/x_aq_lsu_pfb_top/x_aq_lsu_ppfb_3/train_addr_cross_4k,1,0.00012030798845043312,3.4099999999999966,0.4445152615141599,0.0,0.04879654758269631,1
x_aq_lsu_top/x_aq_lsu_pfb_top/x_aq_lsu_ppfb_3/x_aq_lsu_pfb_fsm_gated_clk/clk_in,0,0.0,0.0,0.0,0.0,,0
x_aq_lsu_top/x_aq_lsu_pfb_top/x_aq_lsu_ppfb_3/x_aq_lsu_pfb_fsm_gated_clk/global_en,0,0.0,0.0,0.0,0.0,,0
x_aq_lsu_top/x_aq_lsu_pfb_top/x_aq_lsu_ppfb_3/x_aq_lsu_pfb_fsm_gated_clk/module_en,0,0.0,0.0,0.0,0.0,,0
x_aq_lsu_top/x_aq_lsu_pfb_top/x_aq_lsu_ppfb_3/x_aq_lsu_pfb_fsm_gated_clk/local_en,2,0.00024061597690086623,7.3900000000000015,0.9633336605834737,0.0,8.1767073335401e-05,1
x_aq_lsu_top/x_aq_lsu_pfb_top/x_aq_lsu_ppfb_3/x_aq_lsu_pfb_fsm_gated_clk/external_en,0,0.0,0.0,0.0,0.0,,0
x_aq_lsu_top/x_aq_lsu_pfb_top/x_aq_lsu_ppfb_3/x_aq_lsu_pfb_fsm_gated_clk/pad_yy_icg_scan_en,0,0.0,0.0,0.0,0.0,,0
x_aq_lsu_top/x_aq_lsu_pfb_top/x_aq_lsu_ppfb_3/x_aq_lsu_pfb_fsm_gated_clk/clk_out,0,0.0,0.0,0.0,0.0,,0
x_aq_lsu_top/x_aq_lsu_pfb_top/x_aq_lsu_ppfb_3/x_aq_lsu_pfb_fsm_gated_clk/clk_en_bf_latch,2,0.00024061597690086623,7.3900000000000015,0.9633336605834737,0.0,8.1767073335401e-05,1
x_aq_lsu_top/x_aq_lsu_pfb_top/x_aq_lsu_ppfb_3/x_aq_lsu_pfb_fsm_gated_clk/SE,0,0.0,0.0,0.0,0.0,,0
x_aq_lsu_top/x_aq_lsu_pfb_top/x_aq_lsu_ppfb_3/x_aq_lsu_pfb_ld_gated_clk/clk_in,0,0.0,0.0,0.0,0.0,,0
x_aq_lsu_top/x_aq_lsu_pfb_top/x_aq_lsu_ppfb_3/x_aq_lsu_pfb_ld_gated_clk/global_en,0,0.0,0.0,0.0,0.0,,0
x_aq_lsu_top/x_aq_lsu_pfb_top/x_aq_lsu_ppfb_3/x_aq_lsu_pfb_ld_gated_clk/module_en,0,0.0,0.0,0.0,0.0,,0
x_aq_lsu_top/x_aq_lsu_pfb_top/x_aq_lsu_ppfb_3/x_aq_lsu_pfb_ld_gated_clk/local_en,2,0.00024061597690086623,7.3900000000000015,0.9633336605834737,0.0,8.1767073335401e-05,1
x_aq_lsu_top/x_aq_lsu_pfb_top/x_aq_lsu_ppfb_3/x_aq_lsu_pfb_ld_gated_clk/external_en,0,0.0,0.0,0.0,0.0,,0
x_aq_lsu_top/x_aq_lsu_pfb_top/x_aq_lsu_ppfb_3/x_aq_lsu_pfb_ld_gated_clk/pad_yy_icg_scan_en,0,0.0,0.0,0.0,0.0,,0
x_aq_lsu_top/x_aq_lsu_pfb_top/x_aq_lsu_ppfb_3/x_aq_lsu_pfb_ld_gated_clk/clk_out,0,0.0,0.0,0.0,0.0,,0
x_aq_lsu_top/x_aq_lsu_pfb_top/x_aq_lsu_ppfb_3/x_aq_lsu_pfb_ld_gated_clk/clk_en_bf_latch,2,0.00024061597690086623,7.3900000000000015,0.9633336605834737,0.0,8.1767073335401e-05,1
x_aq_lsu_top/x_aq_lsu_pfb_top/x_aq_lsu_ppfb_3/x_aq_lsu_pfb_ld_gated_clk/SE,0,0.0,0.0,0.0,0.0,,0
x_aq_lsu_top/x_aq_lsu_pfb_top/x_aq_lsu_ppfb_3/x_aq_lsu_pfb_req_gated_clk/clk_in,0,0.0,0.0,0.0,0.0,,0
x_aq_lsu_top/x_aq_lsu_pfb_top/x_aq_lsu_ppfb_3/x_aq_lsu_pfb_req_gated_clk/global_en,0,0.0,0.0,0.0,0.0,,0
x_aq_lsu_top/x_aq_lsu_pfb_top/x_aq_lsu_ppfb_3/x_aq_lsu_pfb_req_gated_clk/module_en,0,0.0,0.0,0.0,0.0,,0
x_aq_lsu_top/x_aq_lsu_pfb_top/x_aq_lsu_ppfb_3/x_aq_lsu_pfb_req_gated_clk/local_en,2,0.00024061597690086623,7.3900000000000015,0.9633336605834737,0.0,8.1767073335401e-05,1
x_aq_lsu_top/x_aq_lsu_pfb_top/x_aq_lsu_ppfb_3/x_aq_lsu_pfb_req_gated_clk/external_en,0,0.0,0.0,0.0,0.0,,0
x_aq_lsu_top/x_aq_lsu_pfb_top/x_aq_lsu_ppfb_3/x_aq_lsu_pfb_req_gated_clk/pad_yy_icg_scan_en,0,0.0,0.0,0.0,0.0,,0
x_aq_lsu_top/x_aq_lsu_pfb_top/x_aq_lsu_ppfb_3/x_aq_lsu_pfb_req_gated_clk/clk_out,0,0.0,0.0,0.0,0.0,,0
x_aq_lsu_top/x_aq_lsu_pfb_top/x_aq_lsu_ppfb_3/x_aq_lsu_pfb_req_gated_clk/clk_en_bf_latch,2,0.00024061597690086623,7.3900000000000015,0.9633336605834737,0.0,8.1767073335401e-05,1
x_aq_lsu_top/x_aq_lsu_pfb_top/x_aq_lsu_ppfb_3/x_aq_lsu_pfb_req_gated_clk/SE,0,0.0,0.0,0.0,0.0,,0
x_aq_lsu_top/x_aq_lsu_rdl/arb_rdl_grant,1,0.00012030798845043312,8.549999999999997,1.1145470633272931,1.0,-0.11413386512837041,1
x_aq_lsu_top/x_aq_lsu_rdl/cp0_lsu_icg_en,0,0.0,0.0,0.0,0.0,,0
x_aq_lsu_top/x_aq_lsu_rdl/cp0_lsu_we_en,0,0.0,0.0,0.0,0.0,,0
x_aq_lsu_top/x_aq_lsu_rdl/cpurst_b,3,0.0003609239653512993,6.4566666666666634,0.8416677043528134,0.3333333333333333,-0.052373008311376444,1
x_aq_lsu_top/x_aq_lsu_rdl/dc_rdl_alias_hit,0,0.0,0.0,0.0,0.0,,0
x_aq_lsu_top/x_aq_lsu_rdl/dc_rdl_alias_idx[1:0],0,0.0,0.0,0.0,0.0,,0
x_aq_lsu_top/x_aq_lsu_rdl/dc_rdl_alias_way[3:0],0,0.0,0.0,0.0,0.0,,0
x_aq_lsu_top/x_aq_lsu_rdl/dc_rdl_cache_hit,0,0.0,0.0,0.0,0.0,,0
x_aq_lsu_top/x_aq_lsu_rdl/dc_rdl_dcache_data[127:0],0,0.0,0.0,0.0,0.0,,0
x_aq_lsu_top/x_aq_lsu_rdl/dc_rdl_dcache_dirty[3:0],0,0.0,0.0,0.0,0.0,,0
x_aq_lsu_top/x_aq_lsu_rdl/dc_rdl_dcache_fifo[3:0],1,0.00012030798845043312,5.489999999999991,0.7156565353996294,1.0,-0.07240551075511481,1
x_aq_lsu_top/x_aq_lsu_rdl/dc_rdl_dcache_tag[27:0],0,0.0,0.0,0.0,0.0,,0
x_aq_lsu_top/x_aq_lsu_rdl/dc_rdl_dcache_vld,0,0.0,0.0,0.0,0.0,,0
x_aq_lsu_top/x_aq_lsu_rdl/forever_cpuclk,0,0.0,0.0,0.0,0.0,,0
x_aq_lsu_top/x_aq_lsu_rdl/ifu_lsu_warm_up,2,0.00024061597690086623,7.3900000000000015,0.9633336605834737,0.0,8.1767073335401e-05,1
x_aq_lsu_top/x_aq_lsu_rdl/lfb_rdl_alias_hit,0,0.0,0.0,0.0,0.0,,0
x_aq_lsu_top/x_aq_lsu_rdl/lfb_rdl_alias_idx[1:0],0,0.0,0.0,0.0,0.0,,0
x_aq_lsu_top/x_aq_lsu_rdl/lfb_rdl_ca,1,0.00012030798845043312,6.270000000000003,0.8173345131066823,0.0,-0.0111453056014091,1
x_aq_lsu_top/x_aq_lsu_rdl/lfb_rdl_id[2:0],0,0.0,0.0,0.0,0.0,,0
x_aq_lsu_top/x_aq_lsu_rdl/lfb_rdl_idx[13:0],0,0.0,0.0,0.0,0.0,,0
x_aq_lsu_top/x_aq_lsu_rdl/lfb_rdl_no_ld,1,0.00012030798845043312,41.400000000000006,5.3967542013742635,1.0,-0.14861602140388885,1
x_aq_lsu_top/x_aq_lsu_rdl/lfb_rdl_req,0,0.0,0.0,0.0,0.0,,0
x_aq_lsu_top/x_aq_lsu_rdl/lfb_rdl_tag[27:0],0,0.0,0.0,0.0,0.0,,0
x_aq_lsu_top/x_aq_lsu_rdl/lfb_rdl_type[1:0],1,0.00012030798845043312,6.270000000000003,0.8173345131066823,0.0,-0.0111453056014091,1
x_aq_lsu_top/x_aq_lsu_rdl/lfb_rdl_way[3:0],0,0.0,0.0,0.0,0.0,,0
x_aq_lsu_top/x_aq_lsu_rdl/pad_yy_icg_scan_en,0,0.0,0.0,0.0,0.0,,0
x_aq_lsu_top/x_aq_lsu_rdl/rdl_arb_data02_idx[13:0],0,0.0,0.0,0.0,0.0,,0
x_aq_lsu_top/x_aq_lsu_rdl/rdl_arb_data0_req,0,0.0,0.0,0.0,0.0,,0
x_aq_lsu_top/x_aq_lsu_rdl/rdl_arb_data13_idx[13:0],0,0.0,0.0,0.0,0.0,,0
x_aq_lsu_top/x_aq_lsu_rdl/rdl_arb_data1_req,0,0.0,0.0,0.0,0.0,,0
x_aq_lsu_top/x_aq_lsu_rdl/rdl_arb_data2_req,0,0.0,0.0,0.0,0.0,,0
x_aq_lsu_top/x_aq_lsu_rdl/rdl_arb_data3_req,0,0.0,0.0,0.0,0.0,,0
x_aq_lsu_top/x_aq_lsu_rdl/rdl_arb_data_way[3:0],0,0.0,0.0,0.0,0.0,,0
x_aq_lsu_top/x_aq_lsu_rdl/rdl_arb_dcache_sel,0,0.0,0.0,0.0,0.0,,0
x_aq_lsu_top/x_aq_lsu_rdl/rdl_arb_dirty_din[7:0],0,0.0,0.0,0.0,0.0,,0
x_aq_lsu_top/x_aq_lsu_rdl/rdl_arb_dirty_idx[13:0],0,0.0,0.0,0.0,0.0,,0
x_aq_lsu_top/x_aq_lsu_rdl/rdl_arb_dirty_req,0,0.0,0.0,0.0,0.0,,0
x_aq_lsu_top/x_aq_lsu_rdl/rdl_arb_dirty_wen[7:0],0,0.0,0.0,0.0,0.0,,0
x_aq_lsu_top/x_aq_lsu_rdl/rdl_arb_tag_idx[11:0],0,0.0,0.0,0.0,0.0,,0
x_aq_lsu_top/x_aq_lsu_rdl/rdl_arb_tag_req,0,0.0,0.0,0.0,0.0,,0
x_aq_lsu_top/x_aq_lsu_rdl/rdl_arb_tag_sel[3:0],0,0.0,0.0,0.0,0.0,,0
x_aq_lsu_top/x_aq_lsu_rdl/rdl_arb_tag_way[3:0],0,0.0,0.0,0.0,0.0,,0
x_aq_lsu_top/x_aq_lsu_rdl/rdl_arb_tag_wen,0,0.0,0.0,0.0,0.0,,0
x_aq_lsu_top/x_aq_lsu_rdl/rdl_dc_acc_fifo[3:0],0,0.0,0.0,0.0,0.0,,0
x_aq_lsu_top/x_aq_lsu_rdl/rdl_dc_acc_idx[1:0],0,0.0,0.0,0.0,0.0,,0
x_aq_lsu_top/x_aq_lsu_rdl/rdl_dc_acc_tag[39:0],0,0.0,0.0,0.0,0.0,,0
x_aq_lsu_top/x_aq_lsu_rdl/rdl_dc_sel,0,0.0,0.0,0.0,0.0,,0
x_aq_lsu_top/x_aq_lsu_rdl/rdl_lfb_alias_hit,0,0.0,0.0,0.0,0.0,,0
x_aq_lsu_top/x_aq_lsu_rdl/rdl_lfb_cache_hit,0,0.0,0.0,0.0,0.0,,0
x_aq_lsu_top/x_aq_lsu_rdl/rdl_lfb_cmplt,0,0.0,0.0,0.0,0.0,,0
x_aq_lsu_top/x_aq_lsu_rdl/rdl_lfb_grant,1,0.00012030798845043312,41.400000000000006,5.3967542013742635,1.0,-0.14861602140388885,1
x_aq_lsu_top/x_aq_lsu_rdl/rdl_lfb_ref_fifo[3:0],1,0.00012030798845043312,6.270000000000003,0.8173345131066823,0.0,-0.0111453056014091,1
x_aq_lsu_top/x_aq_lsu_rdl/rdl_stb_cmplt,0,0.0,0.0,0.0,0.0,,0
x_aq_lsu_top/x_aq_lsu_rdl/rdl_stb_cmplt_id[1:0],0,0.0,0.0,0.0,0.0,,0
x_aq_lsu_top/x_aq_lsu_rdl/rdl_stb_grant,1,0.00012030798845043312,1.2299999999999933,0.16033834946111852,0.0,-0.11407227095261288,1
x_aq_lsu_top/x_aq_lsu_rdl/rdl_vb_addr[33:0],0,0.0,0.0,0.0,0.0,,0
x_aq_lsu_top/x_aq_lsu_rdl/rdl_vb_alias,0,0.0,0.0,0.0,0.0,,0
x_aq_lsu_top/x_aq_lsu_rdl/rdl_vb_alias_dirty,0,0.0,0.0,0.0,0.0,,0
x_aq_lsu_top/x_aq_lsu_rdl/rdl_vb_data[127:0],0,0.0,0.0,0.0,0.0,,0
x_aq_lsu_top/x_aq_lsu_rdl/rdl_vb_data_vld,0,0.0,0.0,0.0,0.0,,0
x_aq_lsu_top/x_aq_lsu_rdl/rdl_vb_ld,0,0.0,0.0,0.0,0.0,,0
x_aq_lsu_top/x_aq_lsu_rdl/rdl_vb_ld_id[2:0],0,0.0,0.0,0.0,0.0,,0
x_aq_lsu_top/x_aq_lsu_rdl/rdl_vb_pf,0,0.0,0.0,0.0,0.0,,0
x_aq_lsu_top/x_aq_lsu_rdl/rdl_vb_req,0,0.0,0.0,0.0,0.0,,0
x_aq_lsu_top/x_aq_lsu_rdl/stb_rdl_id[1:0],0,0.0,0.0,0.0,0.0,,0
x_aq_lsu_top/x_aq_lsu_rdl/stb_rdl_idx[13:0],0,0.0,0.0,0.0,0.0,,0
x_aq_lsu_top/x_aq_lsu_rdl/stb_rdl_req,0,0.0,0.0,0.0,0.0,,0
x_aq_lsu_top/x_aq_lsu_rdl/stb_rdl_tag[27:0],0,0.0,0.0,0.0,0.0,,0
x_aq_lsu_top/x_aq_lsu_rdl/stb_rdl_type[1:0],0,0.0,0.0,0.0,0.0,,0
x_aq_lsu_top/x_aq_lsu_rdl/stb_rdl_way[3:0],0,0.0,0.0,0.0,0.0,,0
x_aq_lsu_top/x_aq_lsu_rdl/vb_rdl_grant,1,0.00012030798845043312,8.549999999999997,1.1145470633272931,1.0,-0.11413386512837041,1
x_aq_lsu_top/x_aq_lsu_rdl/vb_rdl_ld_alias_hit,0,0.0,0.0,0.0,0.0,,0
x_aq_lsu_top/x_aq_lsu_rdl/data0_addr_3,0,0.0,0.0,0.0,0.0,,0
x_aq_lsu_top/x_aq_lsu_rdl/data1_addr_3,0,0.0,0.0,0.0,0.0,,0
x_aq_lsu_top/x_aq_lsu_rdl/data_idx[1:0],0,0.0,0.0,0.0,0.0,,0
x_aq_lsu_top/x_aq_lsu_rdl/data_offset[1:0],0,0.0,0.0,0.0,0.0,,0
x_aq_lsu_top/x_aq_lsu_rdl/data_sel[1:0],0,0.0,0.0,0.0,0.0,,0
x_aq_lsu_top/x_aq_lsu_rdl/dca_cln,0,0.0,0.0,0.0,0.0,,0
x_aq_lsu_top/x_aq_lsu_rdl/dca_dirty,0,0.0,0.0,0.0,0.0,,0
x_aq_lsu_top/x_aq_lsu_rdl/dca_inv,0,0.0,0.0,0.0,0.0,,0
x_aq_lsu_top/x_aq_lsu_rdl/dirty_wen,0,0.0,0.0,0.0,0.0,,0
x_aq_lsu_top/x_aq_lsu_rdl/lfb_ld,0,0.0,0.0,0.0,0.0,,0
x_aq_lsu_top/x_aq_lsu_rdl/lfb_pf,0,0.0,0.0,0.0,0.0,,0
x_aq_lsu_top/x_aq_lsu_rdl/lfb_sel,0,0.0,0.0,0.0,0.0,,0
x_aq_lsu_top/x_aq_lsu_rdl/rdl_alias_dirty,0,0.0,0.0,0.0,0.0,,0
x_aq_lsu_top/x_aq_lsu_rdl/rdl_alias_dirty_rd,0,0.0,0.0,0.0,0.0,,0
x_aq_lsu_top/x_aq_lsu_rdl/rdl_alias_hit,0,0.0,0.0,0.0,0.0,,0
x_aq_lsu_top/x_aq_lsu_rdl/rdl_alias_idx[1:0],0,0.0,0.0,0.0,0.0,,0
x_aq_lsu_top/x_aq_lsu_rdl/rdl_alias_inv,0,0.0,0.0,0.0,0.0,,0
x_aq_lsu_top/x_aq_lsu_rdl/rdl_alias_req,0,0.0,0.0,0.0,0.0,,0
x_aq_lsu_top/x_aq_lsu_rdl/rdl_ca,1,0.00012030798845043312,1.2299999999999933,0.16033834946111852,0.0,-0.11407227095261288,1
x_aq_lsu_top/x_aq_lsu_rdl/rdl_create_en,0,0.0,0.0,0.0,0.0,,0
x_aq_lsu_top/x_aq_lsu_rdl/rdl_cur_acheck,0,0.0,0.0,0.0,0.0,,0
x_aq_lsu_top/x_aq_lsu_rdl/rdl_cur_check,0,0.0,0.0,0.0,0.0,,0
x_aq_lsu_top/x_aq_lsu_rdl/rdl_cur_data_rd,0,0.0,0.0,0.0,0.0,,0
x_aq_lsu_top/x_aq_lsu_rdl/rdl_cur_data_rd_0,0,0.0,0.0,0.0,0.0,,0
x_aq_lsu_top/x_aq_lsu_rdl/rdl_cur_data_rd_3,0,0.0,0.0,0.0,0.0,,0
x_aq_lsu_top/x_aq_lsu_rdl/rdl_cur_dirty_rd,0,0.0,0.0,0.0,0.0,,0
x_aq_lsu_top/x_aq_lsu_rdl/rdl_cur_dirty_wen,0,0.0,0.0,0.0,0.0,,0
x_aq_lsu_top/x_aq_lsu_rdl/rdl_cur_idle,1,0.00012030798845043312,41.400000000000006,5.3967542013742635,1.0,-0.14861602140388885,1
x_aq_lsu_top/x_aq_lsu_rdl/rdl_cur_inv,0,0.0,0.0,0.0,0.0,,0
x_aq_lsu_top/x_aq_lsu_rdl/rdl_cur_last,0,0.0,0.0,0.0,0.0,,0
x_aq_lsu_top/x_aq_lsu_rdl/rdl_cur_tag_rd,0,0.0,0.0,0.0,0.0,,0
x_aq_lsu_top/x_aq_lsu_rdl/rdl_cur_tag_wen,0,0.0,0.0,0.0,0.0,,0
x_aq_lsu_top/x_aq_lsu_rdl/rdl_cur_wvb,0,0.0,0.0,0.0,0.0,,0
x_aq_lsu_top/x_aq_lsu_rdl/rdl_data_way[3:0],0,0.0,0.0,0.0,0.0,,0
x_aq_lsu_top/x_aq_lsu_rdl/rdl_dca_way[3:0],0,0.0,0.0,0.0,0.0,,0
x_aq_lsu_top/x_aq_lsu_rdl/rdl_dp_clk,0,0.0,0.0,0.0,0.0,,0
x_aq_lsu_top/x_aq_lsu_rdl/rdl_dp_clk_en,2,0.00024061597690086623,7.3900000000000015,0.9633336605834737,0.0,8.1767073335401e-05,1
x_aq_lsu_top/x_aq_lsu_rdl/rdl_fsm_clk,0,0.0,0.0,0.0,0.0,,0
x_aq_lsu_top/x_aq_lsu_rdl/rdl_fsm_clk_en,0,0.0,0.0,0.0,0.0,,0
x_aq_lsu_top/x_aq_lsu_rdl/rdl_id[2:0],0,0.0,0.0,0.0,0.0,,0
x_aq_lsu_top/x_aq_lsu_rdl/rdl_idx[13:0],0,0.0,0.0,0.0,0.0,,0
x_aq_lsu_top/x_aq_lsu_rdl/rdl_line_clean,1,0.00012030798845043312,6.270000000000003,0.8173345131066823,0.0,-0.0111453056014091,1
x_aq_lsu_top/x_aq_lsu_rdl/rdl_line_inv,0,0.0,0.0,0.0,0.0,,0
x_aq_lsu_top/x_aq_lsu_rdl/rdl_line_rd,0,0.0,0.0,0.0,0.0,,0
x_aq_lsu_top/x_aq_lsu_rdl/rdl_req,0,0.0,0.0,0.0,0.0,,0
x_aq_lsu_top/x_aq_lsu_rdl/rdl_tag[27:0],0,0.0,0.0,0.0,0.0,,0
x_aq_lsu_top/x_aq_lsu_rdl/rdl_tag_clk,0,0.0,0.0,0.0,0.0,,0
x_aq_lsu_top/x_aq_lsu_rdl/rdl_tag_clk_en,2,0.00024061597690086623,7.3900000000000015,0.9633336605834737,0.0,8.1767073335401e-05,1
x_aq_lsu_top/x_aq_lsu_rdl/rdl_tag_sel[3:0],0,0.0,0.0,0.0,0.0,,0
x_aq_lsu_top/x_aq_lsu_rdl/rdl_type[1:0],0,0.0,0.0,0.0,0.0,,0
x_aq_lsu_top/x_aq_lsu_rdl/rdl_way[3:0],0,0.0,0.0,0.0,0.0,,0
x_aq_lsu_top/x_aq_lsu_rdl/replace_line_dirty,0,0.0,0.0,0.0,0.0,,0
x_aq_lsu_top/x_aq_lsu_rdl/replace_line_dirty_raw,0,0.0,0.0,0.0,0.0,,0
x_aq_lsu_top/x_aq_lsu_rdl/replace_line_vld,0,0.0,0.0,0.0,0.0,,0
x_aq_lsu_top/x_aq_lsu_rdl/stb_tag[27:0],0,0.0,0.0,0.0,0.0,,0
x_aq_lsu_top/x_aq_lsu_rdl/tag_idx[1:0],0,0.0,0.0,0.0,0.0,,0
x_aq_lsu_top/x_aq_lsu_rdl/tag_rd_way[3:0],1,0.00012030798845043312,6.270000000000003,0.8173345131066823,0.0,-0.0111453056014091,1
x_aq_lsu_top/x_aq_lsu_rdl/way0_way2_sel,0,0.0,0.0,0.0,0.0,,0
x_aq_lsu_top/x_aq_lsu_rdl/x_pa_lsu_rdl_fsm_gated_clk/clk_in,0,0.0,0.0,0.0,0.0,,0
x_aq_lsu_top/x_aq_lsu_rdl/x_pa_lsu_rdl_fsm_gated_clk/global_en,0,0.0,0.0,0.0,0.0,,0
x_aq_lsu_top/x_aq_lsu_rdl/x_pa_lsu_rdl_fsm_gated_clk/module_en,0,0.0,0.0,0.0,0.0,,0
x_aq_lsu_top/x_aq_lsu_rdl/x_pa_lsu_rdl_fsm_gated_clk/local_en,0,0.0,0.0,0.0,0.0,,0
x_aq_lsu_top/x_aq_lsu_rdl/x_pa_lsu_rdl_fsm_gated_clk/external_en,0,0.0,0.0,0.0,0.0,,0
x_aq_lsu_top/x_aq_lsu_rdl/x_pa_lsu_rdl_fsm_gated_clk/pad_yy_icg_scan_en,0,0.0,0.0,0.0,0.0,,0
x_aq_lsu_top/x_aq_lsu_rdl/x_pa_lsu_rdl_fsm_gated_clk/clk_out,0,0.0,0.0,0.0,0.0,,0
x_aq_lsu_top/x_aq_lsu_rdl/x_pa_lsu_rdl_fsm_gated_clk/clk_en_bf_latch,0,0.0,0.0,0.0,0.0,,0
x_aq_lsu_top/x_aq_lsu_rdl/x_pa_lsu_rdl_fsm_gated_clk/SE,0,0.0,0.0,0.0,0.0,,0
x_aq_lsu_top/x_aq_lsu_rdl/x_pa_lsu_rdl_dp_gated_clk/clk_in,0,0.0,0.0,0.0,0.0,,0
x_aq_lsu_top/x_aq_lsu_rdl/x_pa_lsu_rdl_dp_gated_clk/global_en,0,0.0,0.0,0.0,0.0,,0
x_aq_lsu_top/x_aq_lsu_rdl/x_pa_lsu_rdl_dp_gated_clk/module_en,0,0.0,0.0,0.0,0.0,,0
x_aq_lsu_top/x_aq_lsu_rdl/x_pa_lsu_rdl_dp_gated_clk/local_en,2,0.00024061597690086623,7.3900000000000015,0.9633336605834737,0.0,8.1767073335401e-05,1
x_aq_lsu_top/x_aq_lsu_rdl/x_pa_lsu_rdl_dp_gated_clk/external_en,0,0.0,0.0,0.0,0.0,,0
x_aq_lsu_top/x_aq_lsu_rdl/x_pa_lsu_rdl_dp_gated_clk/pad_yy_icg_scan_en,0,0.0,0.0,0.0,0.0,,0
x_aq_lsu_top/x_aq_lsu_rdl/x_pa_lsu_rdl_dp_gated_clk/clk_out,0,0.0,0.0,0.0,0.0,,0
x_aq_lsu_top/x_aq_lsu_rdl/x_pa_lsu_rdl_dp_gated_clk/clk_en_bf_latch,2,0.00024061597690086623,7.3900000000000015,0.9633336605834737,0.0,8.1767073335401e-05,1
x_aq_lsu_top/x_aq_lsu_rdl/x_pa_lsu_rdl_dp_gated_clk/SE,0,0.0,0.0,0.0,0.0,,0
x_aq_lsu_top/x_aq_lsu_rdl/x_pa_lsu_rdl_tag_gated_clk/clk_in,0,0.0,0.0,0.0,0.0,,0
x_aq_lsu_top/x_aq_lsu_rdl/x_pa_lsu_rdl_tag_gated_clk/global_en,0,0.0,0.0,0.0,0.0,,0
x_aq_lsu_top/x_aq_lsu_rdl/x_pa_lsu_rdl_tag_gated_clk/module_en,0,0.0,0.0,0.0,0.0,,0
x_aq_lsu_top/x_aq_lsu_rdl/x_pa_lsu_rdl_tag_gated_clk/local_en,2,0.00024061597690086623,7.3900000000000015,0.9633336605834737,0.0,8.1767073335401e-05,1
x_aq_lsu_top/x_aq_lsu_rdl/x_pa_lsu_rdl_tag_gated_clk/external_en,0,0.0,0.0,0.0,0.0,,0
x_aq_lsu_top/x_aq_lsu_rdl/x_pa_lsu_rdl_tag_gated_clk/pad_yy_icg_scan_en,0,0.0,0.0,0.0,0.0,,0
x_aq_lsu_top/x_aq_lsu_rdl/x_pa_lsu_rdl_tag_gated_clk/clk_out,0,0.0,0.0,0.0,0.0,,0
x_aq_lsu_top/x_aq_lsu_rdl/x_pa_lsu_rdl_tag_gated_clk/clk_en_bf_latch,2,0.00024061597690086623,7.3900000000000015,0.9633336605834737,0.0,8.1767073335401e-05,1
x_aq_lsu_top/x_aq_lsu_rdl/x_pa_lsu_rdl_tag_gated_clk/SE,0,0.0,0.0,0.0,0.0,,0
x_aq_lsu_top/x_aq_lsu_stb/amo_alu_stb_id[1:0],0,0.0,0.0,0.0,0.0,,0
x_aq_lsu_top/x_aq_lsu_stb/amo_alu_stb_rst[63:0],0,0.0,0.0,0.0,0.0,,0
x_aq_lsu_top/x_aq_lsu_stb/amo_alu_stb_rst_vld,0,0.0,0.0,0.0,0.0,,0
x_aq_lsu_top/x_aq_lsu_stb/arb_stb_grant,1,0.00012030798845043312,1.2299999999999933,0.16033834946111852,0.0,-0.11407227095261288,1
x_aq_lsu_top/x_aq_lsu_stb/biu_lsu_stb_awready,1,0.00012030798845043312,6.270000000000003,0.8173345131066823,0.0,-0.0111453056014091,1
x_aq_lsu_top/x_aq_lsu_stb/biu_lsu_stb_wready,1,0.00012030798845043312,1.2299999999999933,0.16033834946111852,0.0,-0.11407227095261288,1
x_aq_lsu_top/x_aq_lsu_stb/cp0_lsu_dcache_wb,0,0.0,0.0,0.0,0.0,,0
x_aq_lsu_top/x_aq_lsu_stb/cp0_lsu_fence_req,0,0.0,0.0,0.0,0.0,,0
x_aq_lsu_top/x_aq_lsu_stb/cp0_lsu_icg_en,0,0.0,0.0,0.0,0.0,,0
x_aq_lsu_top/x_aq_lsu_stb/cp0_lsu_sync_req,0,0.0,0.0,0.0,0.0,,0
x_aq_lsu_top/x_aq_lsu_stb/cpurst_b,3,0.0003609239653512993,6.4566666666666634,0.8416677043528134,0.3333333333333333,-0.052373008311376444,1
x_aq_lsu_top/x_aq_lsu_stb/da_stb_amo_src_id[1:0],0,0.0,0.0,0.0,0.0,,0
x_aq_lsu_top/x_aq_lsu_stb/dc_stb_alct,1,0.00012030798845043312,2.770000000000003,0.36108717724170836,0.0,0.04920209652021361,1
x_aq_lsu_top/x_aq_lsu_stb/dc_stb_alias_idx[1:0],0,0.0,0.0,0.0,0.0,,0
x_aq_lsu_top/x_aq_lsu_stb/dc_stb_amo_inst,0,0.0,0.0,0.0,0.0,,0
x_aq_lsu_top/x_aq_lsu_stb/dc_stb_attr[2:0],3,0.0003609239653512993,3.4300000000000033,0.4471223891476749,0.0,0.002840715589005555,2
x_aq_lsu_top/x_aq_lsu_stb/dc_stb_bytes_vld[7:0],11,0.0013233878729547641,7.787272727272731,1.0151206958491865,0.09090909090909091,0.04731407182155538,7
x_aq_lsu_top/x_aq_lsu_stb/dc_stb_cache_hit,0,0.0,0.0,0.0,0.0,,0
x_aq_lsu_top/x_aq_lsu_stb/dc_stb_clr_vld,0,0.0,0.0,0.0,0.0,,0
x_aq_lsu_top/x_aq_lsu_stb/dc_stb_data[63:0],0,0.0,0.0,0.0,0.0,,0
x_aq_lsu_top/x_aq_lsu_stb/dc_stb_data_shift[3:0],0,0.0,0.0,0.0,0.0,,0
x_aq_lsu_top/x_aq_lsu_stb/dc_stb_dca_inst,1,0.00012030798845043312,3.4099999999999966,0.4445152615141599,0.0,0.04879654758269631,1
x_aq_lsu_top/x_aq_lsu_stb/dc_stb_dca_type[1:0],3,0.0003609239653512993,5.2733333333333325,0.6874126527032273,0.0,0.03681194305677333,2
x_aq_lsu_top/x_aq_lsu_stb/dc_stb_hit_way[3:0],0,0.0,0.0,0.0,0.0,,0
x_aq_lsu_top/x_aq_lsu_stb/dc_stb_lock,0,0.0,0.0,0.0,0.0,,0
x_aq_lsu_top/x_aq_lsu_stb/dc_stb_pa[39:0],4,0.00048123195380173246,6.417500000000001,0.8365620794038487,0.0,0.049288993232723566,6
x_aq_lsu_top/x_aq_lsu_stb/dc_stb_priv_mode[1:0],2,0.00024061597690086623,3.7600000000000033,0.49013999510065814,0.0,-0.011226700708829732,1
x_aq_lsu_top/x_aq_lsu_stb/dc_stb_req,0,0.0,0.0,0.0,0.0,,0
x_aq_lsu_top/x_aq_lsu_stb/dc_stb_req_gate,2,0.00024061597690086623,6.705000000000005,0.874039539135615,0.0,0.04333418860706138,1
x_aq_lsu_top/x_aq_lsu_stb/dc_stb_size[1:0],8,0.0009624639076034649,7.621250000000005,0.9934785738459814,0.125,0.047910017754930444,2
x_aq_lsu_top/x_aq_lsu_stb/dc_stb_src2_depd,0,0.0,0.0,0.0,0.0,,0
x_aq_lsu_top/x_aq_lsu_stb/dc_stb_src2_reg[4:0],0,0.0,0.0,0.0,0.0,,0
x_aq_lsu_top/x_aq_lsu_stb/dc_stb_virt_idx[1:0],2,0.00024061597690086623,3.6199999999999974,0.4718901016660584,0.0,0.048840917826710545,1
x_aq_lsu_top/x_aq_lsu_stb/dc_stb_wait_lfb,1,0.00012030798845043312,2.770000000000003,0.36108717724170836,0.0,0.04920209652021361,1
x_aq_lsu_top/x_aq_lsu_stb/dc_xx_bytes_vld[7:0],11,0.0013233878729547641,7.787272727272731,1.0151206958491865,0.09090909090909091,0.04731407182155538,7
x_aq_lsu_top/x_aq_lsu_stb/dc_xx_pa[39:0],4,0.00048123195380173246,6.417500000000001,0.8365620794038487,0.0,0.049288993232723566,6
x_aq_lsu_top/x_aq_lsu_stb/forever_cpuclk,0,0.0,0.0,0.0,0.0,,0
x_aq_lsu_top/x_aq_lsu_stb/icc_xx_sync_req,0,0.0,0.0,0.0,0.0,,0
x_aq_lsu_top/x_aq_lsu_stb/ifu_lsu_warm_up,2,0.00024061597690086623,7.3900000000000015,0.9633336605834737,0.0,8.1767073335401e-05,1
x_aq_lsu_top/x_aq_lsu_stb/lfb_stb_done,0,0.0,0.0,0.0,0.0,,0
x_aq_lsu_top/x_aq_lsu_stb/lfb_stb_err,0,0.0,0.0,0.0,0.0,,0
x_aq_lsu_top/x_aq_lsu_stb/lfb_stb_fifo[3:0],0,0.0,0.0,0.0,0.0,,0
x_aq_lsu_top/x_aq_lsu_stb/lfb_stb_id[1:0],0,0.0,0.0,0.0,0.0,,0
x_aq_lsu_top/x_aq_lsu_stb/lsu_biu_stb_awaddr[39:0],0,0.0,0.0,0.0,0.0,,0
x_aq_lsu_top/x_aq_lsu_stb/lsu_biu_stb_awburst[1:0],0,0.0,0.0,0.0,0.0,,0
x_aq_lsu_top/x_aq_lsu_stb/lsu_biu_stb_awcache[3:0],0,0.0,0.0,0.0,0.0,,0
x_aq_lsu_top/x_aq_lsu_stb/lsu_biu_stb_awid[1:0],0,0.0,0.0,0.0,0.0,,0
x_aq_lsu_top/x_aq_lsu_stb/lsu_biu_stb_awlen[1:0],0,0.0,0.0,0.0,0.0,,0
x_aq_lsu_top/x_aq_lsu_stb/lsu_biu_stb_awprot[2:0],0,0.0,0.0,0.0,0.0,,0
x_aq_lsu_top/x_aq_lsu_stb/lsu_biu_stb_awsize[2:0],0,0.0,0.0,0.0,0.0,,0
x_aq_lsu_top/x_aq_lsu_stb/lsu_biu_stb_awuser,0,0.0,0.0,0.0,0.0,,0
x_aq_lsu_top/x_aq_lsu_stb/lsu_biu_stb_awvalid,0,0.0,0.0,0.0,0.0,,0
x_aq_lsu_top/x_aq_lsu_stb/lsu_biu_stb_wdata[127:0],0,0.0,0.0,0.0,0.0,,0
x_aq_lsu_top/x_aq_lsu_stb/lsu_biu_stb_wlast,1,0.00012030798845043312,41.400000000000006,5.3967542013742635,1.0,-0.14861602140388885,1
x_aq_lsu_top/x_aq_lsu_stb/lsu_biu_stb_wstrb[15:0],0,0.0,0.0,0.0,0.0,,0
x_aq_lsu_top/x_aq_lsu_stb/lsu_biu_stb_wvalid,0,0.0,0.0,0.0,0.0,,0
x_aq_lsu_top/x_aq_lsu_stb/pad_yy_icg_scan_en,0,0.0,0.0,0.0,0.0,,0
x_aq_lsu_top/x_aq_lsu_stb/pfb_xx_pa[39:0],0,0.0,0.0,0.0,0.0,,0
x_aq_lsu_top/x_aq_lsu_stb/rdl_stb_cmplt,0,0.0,0.0,0.0,0.0,,0
x_aq_lsu_top/x_aq_lsu_stb/rdl_stb_cmplt_id[1:0],0,0.0,0.0,0.0,0.0,,0
x_aq_lsu_top/x_aq_lsu_stb/rdl_stb_grant,1,0.00012030798845043312,1.2299999999999933,0.16033834946111852,0.0,-0.11407227095261288,1
x_aq_lsu_top/x_aq_lsu_stb/stb_amo_alu_src1[63:0],0,0.0,0.0,0.0,0.0,,0
x_aq_lsu_top/x_aq_lsu_stb/stb_arb_data0_req,0,0.0,0.0,0.0,0.0,,0
x_aq_lsu_top/x_aq_lsu_stb/stb_arb_data1_req,0,0.0,0.0,0.0,0.0,,0
x_aq_lsu_top/x_aq_lsu_stb/stb_arb_data2_req,0,0.0,0.0,0.0,0.0,,0
x_aq_lsu_top/x_aq_lsu_stb/stb_arb_data3_req,0,0.0,0.0,0.0,0.0,,0
x_aq_lsu_top/x_aq_lsu_stb/stb_arb_data_din[127:0],0,0.0,0.0,0.0,0.0,,0
x_aq_lsu_top/x_aq_lsu_stb/stb_arb_data_idx[13:0],0,0.0,0.0,0.0,0.0,,0
x_aq_lsu_top/x_aq_lsu_stb/stb_arb_data_req,0,0.0,0.0,0.0,0.0,,0
x_aq_lsu_top/x_aq_lsu_stb/stb_arb_data_way[3:0],0,0.0,0.0,0.0,0.0,,0
x_aq_lsu_top/x_aq_lsu_stb/stb_arb_data_wen[7:0],0,0.0,0.0,0.0,0.0,,0
x_aq_lsu_top/x_aq_lsu_stb/stb_arb_dirty_idx[13:0],0,0.0,0.0,0.0,0.0,,0
x_aq_lsu_top/x_aq_lsu_stb/stb_arb_dirty_req,0,0.0,0.0,0.0,0.0,,0
x_aq_lsu_top/x_aq_lsu_stb/stb_arb_dirty_wen[7:0],0,0.0,0.0,0.0,0.0,,0
x_aq_lsu_top/x_aq_lsu_stb/stb_dbginfo[15:0],0,0.0,0.0,0.0,0.0,,0
x_aq_lsu_top/x_aq_lsu_stb/stb_dc_create_id[1:0],0,0.0,0.0,0.0,0.0,,0
x_aq_lsu_top/x_aq_lsu_stb/stb_dc_fwd_vld,0,0.0,0.0,0.0,0.0,,0
x_aq_lsu_top/x_aq_lsu_stb/stb_dc_hit_addr,0,0.0,0.0,0.0,0.0,,0
x_aq_lsu_top/x_aq_lsu_stb/stb_dc_hit_addr_wca,0,0.0,0.0,0.0,0.0,,0
x_aq_lsu_top/x_aq_lsu_stb/stb_dc_hit_dca,0,0.0,0.0,0.0,0.0,,0
x_aq_lsu_top/x_aq_lsu_stb/stb_dc_hit_idx,0,0.0,0.0,0.0,0.0,,0
x_aq_lsu_top/x_aq_lsu_stb/stb_dc_hit_not_ready,0,0.0,0.0,0.0,0.0,,0
x_aq_lsu_top/x_aq_lsu_stb/stb_dc_ld_data[63:0],0,0.0,0.0,0.0,0.0,,0
x_aq_lsu_top/x_aq_lsu_stb/stb_dc_ld_fwd_vld,0,0.0,0.0,0.0,0.0,,0
x_aq_lsu_top/x_aq_lsu_stb/stb_dc_merge_en,0,0.0,0.0,0.0,0.0,,0
x_aq_lsu_top/x_aq_lsu_stb/stb_dc_multi_or_part_hit,0,0.0,0.0,0.0,0.0,,0
x_aq_lsu_top/x_aq_lsu_stb/stb_dc_pop_en,0,0.0,0.0,0.0,0.0,,0
x_aq_lsu_top/x_aq_lsu_stb/stb_dc_ready,1,0.00012030798845043312,1.2299999999999933,0.16033834946111852,0.0,-0.11407227095261288,1
x_aq_lsu_top/x_aq_lsu_stb/stb_dc_so_vld,0,0.0,0.0,0.0,0.0,,0
x_aq_lsu_top/x_aq_lsu_stb/stb_pfb_hit_idx,0,0.0,0.0,0.0,0.0,,0
x_aq_lsu_top/x_aq_lsu_stb/stb_rdl_id[1:0],0,0.0,0.0,0.0,0.0,,0
x_aq_lsu_top/x_aq_lsu_stb/stb_rdl_idx[13:0],0,0.0,0.0,0.0,0.0,,0
x_aq_lsu_top/x_aq_lsu_stb/stb_rdl_req,0,0.0,0.0,0.0,0.0,,0
x_aq_lsu_top/x_aq_lsu_stb/stb_rdl_tag[27:0],0,0.0,0.0,0.0,0.0,,0
x_aq_lsu_top/x_aq_lsu_stb/stb_rdl_type[1:0],0,0.0,0.0,0.0,0.0,,0
x_aq_lsu_top/x_aq_lsu_stb/stb_rdl_way[3:0],0,0.0,0.0,0.0,0.0,,0
x_aq_lsu_top/x_aq_lsu_stb/stb_xx_idle,1,0.00012030798845043312,41.400000000000006,5.3967542013742635,1.0,-0.14861602140388885,1
x_aq_lsu_top/x_aq_lsu_stb/vb_stb_clr_vld,0,0.0,0.0,0.0,0.0,,0
x_aq_lsu_top/x_aq_lsu_stb/vlsu_lsu_fwd_data[63:0],0,0.0,0.0,0.0,0.0,,0
x_aq_lsu_top/x_aq_lsu_stb/vlsu_lsu_fwd_dest_reg[4:0],0,0.0,0.0,0.0,0.0,,0
x_aq_lsu_top/x_aq_lsu_stb/vlsu_lsu_fwd_vld,0,0.0,0.0,0.0,0.0,,0
x_aq_lsu_top/x_aq_lsu_stb/amo_data_ready[3:0],0,0.0,0.0,0.0,0.0,,0
x_aq_lsu_top/x_aq_lsu_stb/biu_awready,1,0.00012030798845043312,6.270000000000003,0.8173345131066823,0.0,-0.0111453056014091,1
x_aq_lsu_top/x_aq_lsu_stb/biu_req_sel[3:0],0,0.0,0.0,0.0,0.0,,0
x_aq_lsu_top/x_aq_lsu_stb/biu_wready,1,0.00012030798845043312,1.2299999999999933,0.16033834946111852,0.0,-0.11407227095261288,1
x_aq_lsu_top/x_aq_lsu_stb/burst_awready,1,0.00012030798845043312,6.270000000000003,0.8173345131066823,0.0,-0.0111453056014091,1
x_aq_lsu_top/x_aq_lsu_stb/burst_clk,0,0.0,0.0,0.0,0.0,,0
x_aq_lsu_top/x_aq_lsu_stb/burst_clk_en,2,0.00024061597690086623,7.3900000000000015,0.9633336605834737,0.0,8.1767073335401e-05,1
x_aq_lsu_top/x_aq_lsu_stb/burst_cnt[1:0],0,0.0,0.0,0.0,0.0,,0
x_aq_lsu_top/x_aq_lsu_stb/burst_cur_data,0,0.0,0.0,0.0,0.0,,0
x_aq_lsu_top/x_aq_lsu_stb/burst_cur_empty,0,0.0,0.0,0.0,0.0,,0
x_aq_lsu_top/x_aq_lsu_stb/burst_cur_idle,1,0.00012030798845043312,41.400000000000006,5.3967542013742635,1.0,-0.14861602140388885,1
x_aq_lsu_top/x_aq_lsu_stb/burst_cur_wfr,1,0.00012030798845043312,41.400000000000006,5.3967542013742635,1.0,-0.14861602140388885,1
x_aq_lsu_top/x_aq_lsu_stb/burst_cur_wfr0,1,0.00012030798845043312,41.400000000000006,5.3967542013742635,1.0,-0.14861602140388885,1
x_aq_lsu_top/x_aq_lsu_stb/burst_cur_wfr1,0,0.0,0.0,0.0,0.0,,0
x_aq_lsu_top/x_aq_lsu_stb/burst_cur_wfr2,0,0.0,0.0,0.0,0.0,,0
x_aq_lsu_top/x_aq_lsu_stb/burst_cur_wfr3,0,0.0,0.0,0.0,0.0,,0
x_aq_lsu_top/x_aq_lsu_stb/burst_hit,0,0.0,0.0,0.0,0.0,,0
x_aq_lsu_top/x_aq_lsu_stb/burst_last,0,0.0,0.0,0.0,0.0,,0
x_aq_lsu_top/x_aq_lsu_stb/burst_start,0,0.0,0.0,0.0,0.0,,0
x_aq_lsu_top/x_aq_lsu_stb/burst_wready,1,0.00012030798845043312,1.2299999999999933,0.16033834946111852,0.0,-0.11407227095261288,1
x_aq_lsu_top/x_aq_lsu_stb/dc_hit_stb_addr[3:0],0,0.0,0.0,0.0,0.0,,0
x_aq_lsu_top/x_aq_lsu_stb/dc_hit_stb_addr_wca[3:0],0,0.0,0.0,0.0,0.0,,0
x_aq_lsu_top/x_aq_lsu_stb/dc_hit_stb_dca[3:0],0,0.0,0.0,0.0,0.0,,0
x_aq_lsu_top/x_aq_lsu_stb/dc_hit_stb_full[3:0],0,0.0,0.0,0.0,0.0,,0
x_aq_lsu_top/x_aq_lsu_stb/dc_hit_stb_idx[3:0],0,0.0,0.0,0.0,0.0,,0
x_aq_lsu_top/x_aq_lsu_stb/dc_hit_stb_merge_addr,0,0.0,0.0,0.0,0.0,,0
x_aq_lsu_top/x_aq_lsu_stb/dc_hit_stb_merge_idx,0,0.0,0.0,0.0,0.0,,0
x_aq_lsu_top/x_aq_lsu_stb/dc_hit_stb_part[3:0],0,0.0,0.0,0.0,0.0,,0
x_aq_lsu_top/x_aq_lsu_stb/dc_stb_wo,1,0.00012030798845043312,6.270000000000003,0.8173345131066823,0.0,-0.0111453056014091,1
x_aq_lsu_top/x_aq_lsu_stb/dcache_req_sel[3:0],0,0.0,0.0,0.0,0.0,,0
x_aq_lsu_top/x_aq_lsu_stb/lfb_done[3:0],0,0.0,0.0,0.0,0.0,,0
x_aq_lsu_top/x_aq_lsu_stb/lfb_err,0,0.0,0.0,0.0,0.0,,0
x_aq_lsu_top/x_aq_lsu_stb/lfb_fifo[3:0],0,0.0,0.0,0.0,0.0,,0
x_aq_lsu_top/x_aq_lsu_stb/merge_addr_inc[39:0],2,0.00024061597690086623,3.7600000000000033,0.49013999510065814,0.0,-0.011206854623872258,2
x_aq_lsu_top/x_aq_lsu_stb/merge_awaddr_f[39:0],0,0.0,0.0,0.0,0.0,,0
x_aq_lsu_top/x_aq_lsu_stb/merge_awburst_inc,1,0.00012030798845043312,6.270000000000003,0.8173345131066823,0.0,-0.0111453056014091,1
x_aq_lsu_top/x_aq_lsu_stb/merge_awvalid,0,0.0,0.0,0.0,0.0,,0
x_aq_lsu_top/x_aq_lsu_stb/merge_clk,0,0.0,0.0,0.0,0.0,,0
x_aq_lsu_top/x_aq_lsu_stb/merge_clk_en,2,0.00024061597690086623,7.3900000000000015,0.9633336605834737,0.0,8.1767073335401e-05,1
x_aq_lsu_top/x_aq_lsu_stb/merge_cur_first,0,0.0,0.0,0.0,0.0,,0
x_aq_lsu_top/x_aq_lsu_stb/merge_cur_idle,1,0.00012030798845043312,8.549999999999997,1.1145470633272931,1.0,-0.11413386512837041,1
x_aq_lsu_top/x_aq_lsu_stb/merge_grant,1,0.00012030798845043312,8.549999999999997,1.1145470633272931,1.0,-0.11413386512837041,1
x_aq_lsu_top/x_aq_lsu_stb/merge_hit,0,0.0,0.0,0.0,0.0,,0
x_aq_lsu_top/x_aq_lsu_stb/merge_vld,0,0.0,0.0,0.0,0.0,,0
x_aq_lsu_top/x_aq_lsu_stb/merge_wvalid,0,0.0,0.0,0.0,0.0,,0
x_aq_lsu_top/x_aq_lsu_stb/pfb_hit_stb_idx[3:0],0,0.0,0.0,0.0,0.0,,0
x_aq_lsu_top/x_aq_lsu_stb/pfb_hit_stb_merge_idx,0,0.0,0.0,0.0,0.0,,0
x_aq_lsu_top/x_aq_lsu_stb/rdl_sel[3:0],0,0.0,0.0,0.0,0.0,,0
x_aq_lsu_top/x_aq_lsu_stb/stb_all_merge_finish,0,0.0,0.0,0.0,0.0,,0
x_aq_lsu_top/x_aq_lsu_stb/stb_amo_src_id[1:0],0,0.0,0.0,0.0,0.0,,0
x_aq_lsu_top/x_aq_lsu_stb/stb_arb_req,0,0.0,0.0,0.0,0.0,,0
x_aq_lsu_top/x_aq_lsu_stb/stb_awvalid,0,0.0,0.0,0.0,0.0,,0
x_aq_lsu_top/x_aq_lsu_stb/stb_clk,0,0.0,0.0,0.0,0.0,,0
x_aq_lsu_top/x_aq_lsu_stb/stb_clk_en,2,0.00024061597690086623,6.705000000000005,0.874039539135615,0.0,0.04333418860706138,1
x_aq_lsu_top/x_aq_lsu_stb/stb_create_age[3:0],0,0.0,0.0,0.0,0.0,,0
x_aq_lsu_top/x_aq_lsu_stb/stb_create_alct,1,0.00012030798845043312,2.770000000000003,0.36108717724170836,0.0,0.04920209652021361,1
x_aq_lsu_top/x_aq_lsu_stb/stb_create_alias_idx[1:0],0,0.0,0.0,0.0,0.0,,0
x_aq_lsu_top/x_aq_lsu_stb/stb_create_amo_inst,0,0.0,0.0,0.0,0.0,,0
x_aq_lsu_top/x_aq_lsu_stb/stb_create_attr[2:0],3,0.0003609239653512993,3.4300000000000033,0.4471223891476749,0.0,0.002840715589005555,2
x_aq_lsu_top/x_aq_lsu_stb/stb_create_bytes_vld[7:0],11,0.0013233878729547641,7.787272727272731,1.0151206958491865,0.09090909090909091,0.04731407182155538,7
x_aq_lsu_top/x_aq_lsu_stb/stb_create_cache_hit,0,0.0,0.0,0.0,0.0,,0
x_aq_lsu_top/x_aq_lsu_stb/stb_create_data[63:0],0,0.0,0.0,0.0,0.0,,0
x_aq_lsu_top/x_aq_lsu_stb/stb_create_dca_inst,1,0.00012030798845043312,3.4099999999999966,0.4445152615141599,0.0,0.04879654758269631,1
x_aq_lsu_top/x_aq_lsu_stb/stb_create_dca_type[1:0],3,0.0003609239653512993,5.2733333333333325,0.6874126527032273,0.0,0.03681194305677333,2
x_aq_lsu_top/x_aq_lsu_stb/stb_create_en[3:0],0,0.0,0.0,0.0,0.0,,0
x_aq_lsu_top/x_aq_lsu_stb/stb_create_en_gate[3:0],2,0.00024061597690086623,6.705000000000005,0.874039539135615,0.0,0.04333418860706138,1
x_aq_lsu_top/x_aq_lsu_stb/stb_create_lock,0,0.0,0.0,0.0,0.0,,0
x_aq_lsu_top/x_aq_lsu_stb/stb_create_pa[39:0],4,0.00048123195380173246,6.417500000000001,0.8365620794038487,0.0,0.049288993232723566,6
x_aq_lsu_top/x_aq_lsu_stb/stb_create_priv_mode[1:0],2,0.00024061597690086623,3.7600000000000033,0.49013999510065814,0.0,-0.011226700708829732,1
x_aq_lsu_top/x_aq_lsu_stb/stb_create_ptr_inc[1:0],1,0.00012030798845043312,1.2299999999999933,0.16033834946111852,0.0,-0.11407227095261288,1
x_aq_lsu_top/x_aq_lsu_stb/stb_create_sel[3:0],1,0.00012030798845043312,1.2299999999999933,0.16033834946111852,0.0,-0.11407227095261288,1
x_aq_lsu_top/x_aq_lsu_stb/stb_create_shift[3:0],0,0.0,0.0,0.0,0.0,,0
x_aq_lsu_top/x_aq_lsu_stb/stb_create_size[1:0],8,0.0009624639076034649,7.621250000000005,0.9934785738459814,0.125,0.047910017754930444,2
x_aq_lsu_top/x_aq_lsu_stb/stb_create_src2_depd,0,0.0,0.0,0.0,0.0,,0
x_aq_lsu_top/x_aq_lsu_stb/stb_create_src2_reg[4:0],0,0.0,0.0,0.0,0.0,,0
x_aq_lsu_top/x_aq_lsu_stb/stb_create_virt_idx[1:0],2,0.00024061597690086623,3.6199999999999974,0.4718901016660584,0.0,0.048840917826710545,1
x_aq_lsu_top/x_aq_lsu_stb/stb_create_vld,0,0.0,0.0,0.0,0.0,,0
x_aq_lsu_top/x_aq_lsu_stb/stb_create_vld_gate,2,0.00024061597690086623,6.705000000000005,0.874039539135615,0.0,0.04333418860706138,1
x_aq_lsu_top/x_aq_lsu_stb/stb_create_wait_lfb,1,0.00012030798845043312,2.770000000000003,0.36108717724170836,0.0,0.04920209652021361,1
x_aq_lsu_top/x_aq_lsu_stb/stb_create_way[3:0],0,0.0,0.0,0.0,0.0,,0
x_aq_lsu_top/x_aq_lsu_stb/stb_dca_done[3:0],0,0.0,0.0,0.0,0.0,,0
x_aq_lsu_top/x_aq_lsu_stb/stb_dca_grant[3:0],0,0.0,0.0,0.0,0.0,,0
x_aq_lsu_top/x_aq_lsu_stb/stb_entry0_age[3:0],0,0.0,0.0,0.0,0.0,,0
x_aq_lsu_top/x_aq_lsu_stb/stb_entry0_bytes_vld[7:0],1,0.00012030798845043312,14.430000000000001,1.8810425875804497,0.0,-0.011463322603922455,1
x_aq_lsu_top/x_aq_lsu_stb/stb_entry0_cache[3:0],4,0.00048123195380173246,9.445000000000004,1.2312160249270516,0.0,0.03228948971050555,2
x_aq_lsu_top/x_aq_lsu_stb/stb_entry0_data[63:0],0,0.0,0.0,0.0,0.0,,0
x_aq_lsu_top/x_aq_lsu_stb/stb_entry0_dbginfo[2:0],0,0.0,0.0,0.0,0.0,,0
x_aq_lsu_top/x_aq_lsu_stb/stb_entry0_dca_idx[1:0],0,0.0,0.0,0.0,0.0,,0
x_aq_lsu_top/x_aq_lsu_stb/stb_entry0_dca_type[1:0],3,0.0003609239653512993,7.74666666666667,1.009827436714476,0.0,0.03673331634208598,2
x_aq_lsu_top/x_aq_lsu_stb/stb_entry0_dca_way[3:0],0,0.0,0.0,0.0,0.0,,0
x_aq_lsu_top/x_aq_lsu_stb/stb_entry0_idx[13:0],2,0.00024061597690086623,8.540000000000004,1.113243499510537,0.0,0.04872369717903554,8
x_aq_lsu_top/x_aq_lsu_stb/stb_entry0_pa[39:0],2,0.00024061597690086623,8.540000000000004,1.113243499510537,0.0,0.04872369717903554,8
x_aq_lsu_top/x_aq_lsu_stb/stb_entry0_prot[2:0],1,0.00012030798845043312,14.430000000000001,1.8810425875804497,0.0,-0.01146332260392248,1
x_aq_lsu_top/x_aq_lsu_stb/stb_entry0_size[2:0],2,0.00024061597690086623,10.350000000000001,1.3491885503435659,0.0,-0.011252701151185197,1
x_aq_lsu_top/x_aq_lsu_stb/stb_entry0_user,1,0.00012030798845043312,14.430000000000001,1.8810425875804497,0.0,-0.011463322603922455,1
x_aq_lsu_top/x_aq_lsu_stb/stb_entry0_way[3:0],0,0.0,0.0,0.0,0.0,,0
x_aq_lsu_top/x_aq_lsu_stb/stb_entry1_age[3:0],0,0.0,0.0,0.0,0.0,,0
x_aq_lsu_top/x_aq_lsu_stb/stb_entry1_bytes_vld[7:0],1,0.00012030798845043312,14.430000000000001,1.8810425875804497,0.0,-0.011463322603922455,1
x_aq_lsu_top/x_aq_lsu_stb/stb_entry1_cache[3:0],2,0.00024061597690086623,10.350000000000001,1.3491885503435659,0.0,-0.011252701151185197,1
x_aq_lsu_top/x_aq_lsu_stb/stb_entry1_data[63:0],0,0.0,0.0,0.0,0.0,,0
x_aq_lsu_top/x_aq_lsu_stb/stb_entry1_dbginfo[2:0],0,0.0,0.0,0.0,0.0,,0
x_aq_lsu_top/x_aq_lsu_stb/stb_entry1_dca_idx[1:0],0,0.0,0.0,0.0,0.0,,0
x_aq_lsu_top/x_aq_lsu_stb/stb_entry1_dca_type[1:0],0,0.0,0.0,0.0,0.0,,0
x_aq_lsu_top/x_aq_lsu_stb/stb_entry1_dca_way[3:0],0,0.0,0.0,0.0,0.0,,0
x_aq_lsu_top/x_aq_lsu_stb/stb_entry1_idx[13:0],0,0.0,0.0,0.0,0.0,,0
x_aq_lsu_top/x_aq_lsu_stb/stb_entry1_pa[39:0],0,0.0,0.0,0.0,0.0,,0
x_aq_lsu_top/x_aq_lsu_stb/stb_entry1_prot[2:0],1,0.00012030798845043312,14.430000000000001,1.8810425875804497,0.0,-0.01146332260392248,1
x_aq_lsu_top/x_aq_lsu_stb/stb_entry1_size[2:0],2,0.00024061597690086623,10.350000000000001,1.3491885503435659,0.0,-0.011252701151185197,1
x_aq_lsu_top/x_aq_lsu_stb/stb_entry1_user,1,0.00012030798845043312,14.430000000000001,1.8810425875804497,0.0,-0.011463322603922455,1
x_aq_lsu_top/x_aq_lsu_stb/stb_entry1_way[3:0],0,0.0,0.0,0.0,0.0,,0
x_aq_lsu_top/x_aq_lsu_stb/stb_entry2_age[3:0],0,0.0,0.0,0.0,0.0,,0
x_aq_lsu_top/x_aq_lsu_stb/stb_entry2_bytes_vld[7:0],1,0.00012030798845043312,14.430000000000001,1.8810425875804497,0.0,-0.011463322603922455,1
x_aq_lsu_top/x_aq_lsu_stb/stb_entry2_cache[3:0],2,0.00024061597690086623,10.350000000000001,1.3491885503435659,0.0,-0.011252701151185197,1
x_aq_lsu_top/x_aq_lsu_stb/stb_entry2_data[63:0],0,0.0,0.0,0.0,0.0,,0
x_aq_lsu_top/x_aq_lsu_stb/stb_entry2_dbginfo[2:0],0,0.0,0.0,0.0,0.0,,0
x_aq_lsu_top/x_aq_lsu_stb/stb_entry2_dca_idx[1:0],0,0.0,0.0,0.0,0.0,,0
x_aq_lsu_top/x_aq_lsu_stb/stb_entry2_dca_type[1:0],0,0.0,0.0,0.0,0.0,,0
x_aq_lsu_top/x_aq_lsu_stb/stb_entry2_dca_way[3:0],0,0.0,0.0,0.0,0.0,,0
x_aq_lsu_top/x_aq_lsu_stb/stb_entry2_idx[13:0],0,0.0,0.0,0.0,0.0,,0
x_aq_lsu_top/x_aq_lsu_stb/stb_entry2_pa[39:0],0,0.0,0.0,0.0,0.0,,0
x_aq_lsu_top/x_aq_lsu_stb/stb_entry2_prot[2:0],1,0.00012030798845043312,14.430000000000001,1.8810425875804497,0.0,-0.01146332260392248,1
x_aq_lsu_top/x_aq_lsu_stb/stb_entry2_size[2:0],2,0.00024061597690086623,10.350000000000001,1.3491885503435659,0.0,-0.011252701151185197,1
x_aq_lsu_top/x_aq_lsu_stb/stb_entry2_user,1,0.00012030798845043312,14.430000000000001,1.8810425875804497,0.0,-0.011463322603922455,1
x_aq_lsu_top/x_aq_lsu_stb/stb_entry2_way[3:0],0,0.0,0.0,0.0,0.0,,0
x_aq_lsu_top/x_aq_lsu_stb/stb_entry3_age[3:0],0,0.0,0.0,0.0,0.0,,0
x_aq_lsu_top/x_aq_lsu_stb/stb_entry3_bytes_vld[7:0],1,0.00012030798845043312,14.430000000000001,1.8810425875804497,0.0,-0.011463322603922455,1
x_aq_lsu_top/x_aq_lsu_stb/stb_entry3_cache[3:0],2,0.00024061597690086623,10.350000000000001,1.3491885503435659,0.0,-0.011252701151185197,1
x_aq_lsu_top/x_aq_lsu_stb/stb_entry3_data[63:0],0,0.0,0.0,0.0,0.0,,0
x_aq_lsu_top/x_aq_lsu_stb/stb_entry3_dbginfo[2:0],0,0.0,0.0,0.0,0.0,,0
x_aq_lsu_top/x_aq_lsu_stb/stb_entry3_dca_idx[1:0],0,0.0,0.0,0.0,0.0,,0
x_aq_lsu_top/x_aq_lsu_stb/stb_entry3_dca_type[1:0],0,0.0,0.0,0.0,0.0,,0
x_aq_lsu_top/x_aq_lsu_stb/stb_entry3_dca_way[3:0],0,0.0,0.0,0.0,0.0,,0
x_aq_lsu_top/x_aq_lsu_stb/stb_entry3_idx[13:0],0,0.0,0.0,0.0,0.0,,0
x_aq_lsu_top/x_aq_lsu_stb/stb_entry3_pa[39:0],0,0.0,0.0,0.0,0.0,,0
x_aq_lsu_top/x_aq_lsu_stb/stb_entry3_prot[2:0],1,0.00012030798845043312,14.430000000000001,1.8810425875804497,0.0,-0.01146332260392248,1
x_aq_lsu_top/x_aq_lsu_stb/stb_entry3_size[2:0],2,0.00024061597690086623,10.350000000000001,1.3491885503435659,0.0,-0.011252701151185197,1
x_aq_lsu_top/x_aq_lsu_stb/stb_entry3_user,1,0.00012030798845043312,14.430000000000001,1.8810425875804497,0.0,-0.011463322603922455,1
x_aq_lsu_top/x_aq_lsu_stb/stb_entry3_way[3:0],0,0.0,0.0,0.0,0.0,,0
x_aq_lsu_top/x_aq_lsu_stb/stb_entry_biu_req[3:0],0,0.0,0.0,0.0,0.0,,0
x_aq_lsu_top/x_aq_lsu_stb/stb_entry_dcache_req[3:0],0,0.0,0.0,0.0,0.0,,0
x_aq_lsu_top/x_aq_lsu_stb/stb_entry_fwd_vld[3:0],0,0.0,0.0,0.0,0.0,,0
x_aq_lsu_top/x_aq_lsu_stb/stb_entry_merge_en[3:0],0,0.0,0.0,0.0,0.0,,0
x_aq_lsu_top/x_aq_lsu_stb/stb_entry_pop_vld[3:0],0,0.0,0.0,0.0,0.0,,0
x_aq_lsu_top/x_aq_lsu_stb/stb_entry_rdl_req[3:0],0,0.0,0.0,0.0,0.0,,0
x_aq_lsu_top/x_aq_lsu_stb/stb_entry_so_vld[3:0],0,0.0,0.0,0.0,0.0,,0
x_aq_lsu_top/x_aq_lsu_stb/stb_entry_src2_depd[3:0],0,0.0,0.0,0.0,0.0,,0
x_aq_lsu_top/x_aq_lsu_stb/stb_entry_vld[3:0],0,0.0,0.0,0.0,0.0,,0
x_aq_lsu_top/x_aq_lsu_stb/stb_full,0,0.0,0.0,0.0,0.0,,0
x_aq_lsu_top/x_aq_lsu_stb/stb_merge_en,0,0.0,0.0,0.0,0.0,,0
x_aq_lsu_top/x_aq_lsu_stb/stb_merge_finish[3:0],31,0.0037295476419634266,7.140645161290324,0.9308286660559507,0.03225806451612903,-0.010249461104872428,2
x_aq_lsu_top/x_aq_lsu_stb/stb_merge_pop_vld,0,0.0,0.0,0.0,0.0,,0
x_aq_lsu_top/x_aq_lsu_stb/stb_merge_req,0,0.0,0.0,0.0,0.0,,0
x_aq_lsu_top/x_aq_lsu_stb/stb_merge_req_gate,0,0.0,0.0,0.0,0.0,,0
x_aq_lsu_top/x_aq_lsu_stb/stb_merge_so_vld,0,0.0,0.0,0.0,0.0,,0
x_aq_lsu_top/x_aq_lsu_stb/stb_one_entry_left,1,0.00012030798845043312,1.2299999999999933,0.16033834946111852,0.0,-0.11407227095261288,1
x_aq_lsu_top/x_aq_lsu_stb/stb_pop_en[3:0],0,0.0,0.0,0.0,0.0,,0
x_aq_lsu_top/x_aq_lsu_stb/stb_pop_merge_finish,1,0.00012030798845043312,1.2299999999999933,0.16033834946111852,0.0,-0.11407227095261288,1
x_aq_lsu_top/x_aq_lsu_stb/stb_pop_sel[3:0],1,0.00012030798845043312,1.2299999999999933,0.16033834946111852,0.0,-0.11407227095261288,1
x_aq_lsu_top/x_aq_lsu_stb/stb_pop_vld,0,0.0,0.0,0.0,0.0,,0
x_aq_lsu_top/x_aq_lsu_stb/stb_wbus_cmplt[3:0],0,0.0,0.0,0.0,0.0,,0
x_aq_lsu_top/x_aq_lsu_stb/stb_wca_grant[3:0],0,0.0,0.0,0.0,0.0,,0
x_aq_lsu_top/x_aq_lsu_stb/time_done,0,0.0,0.0,0.0,0.0,,0
x_aq_lsu_top/x_aq_lsu_stb/wdata[127:0],0,0.0,0.0,0.0,0.0,,0
x_aq_lsu_top/x_aq_lsu_stb/wstrb[15:0],0,0.0,0.0,0.0,0.0,,0
x_aq_lsu_top/x_aq_lsu_stb/x_aq_lsu_stb_gated_clk/clk_in,0,0.0,0.0,0.0,0.0,,0
x_aq_lsu_top/x_aq_lsu_stb/x_aq_lsu_stb_gated_clk/global_en,0,0.0,0.0,0.0,0.0,,0
x_aq_lsu_top/x_aq_lsu_stb/x_aq_lsu_stb_gated_clk/module_en,0,0.0,0.0,0.0,0.0,,0
x_aq_lsu_top/x_aq_lsu_stb/x_aq_lsu_stb_gated_clk/local_en,2,0.00024061597690086623,6.705000000000005,0.874039539135615,0.0,0.04333418860706138,1
x_aq_lsu_top/x_aq_lsu_stb/x_aq_lsu_stb_gated_clk/external_en,0,0.0,0.0,0.0,0.0,,0
x_aq_lsu_top/x_aq_lsu_stb/x_aq_lsu_stb_gated_clk/pad_yy_icg_scan_en,0,0.0,0.0,0.0,0.0,,0
x_aq_lsu_top/x_aq_lsu_stb/x_aq_lsu_stb_gated_clk/clk_out,0,0.0,0.0,0.0,0.0,,0
x_aq_lsu_top/x_aq_lsu_stb/x_aq_lsu_stb_gated_clk/clk_en_bf_latch,2,0.00024061597690086623,6.705000000000005,0.874039539135615,0.0,0.04333418860706138,1
x_aq_lsu_top/x_aq_lsu_stb/x_aq_lsu_stb_gated_clk/SE,0,0.0,0.0,0.0,0.0,,0
x_aq_lsu_top/x_aq_lsu_stb/x_aq_lsu_stb_merge_gated_clk/clk_in,0,0.0,0.0,0.0,0.0,,0
x_aq_lsu_top/x_aq_lsu_stb/x_aq_lsu_stb_merge_gated_clk/global_en,0,0.0,0.0,0.0,0.0,,0
x_aq_lsu_top/x_aq_lsu_stb/x_aq_lsu_stb_merge_gated_clk/module_en,0,0.0,0.0,0.0,0.0,,0
x_aq_lsu_top/x_aq_lsu_stb/x_aq_lsu_stb_merge_gated_clk/local_en,2,0.00024061597690086623,7.3900000000000015,0.9633336605834737,0.0,8.1767073335401e-05,1
x_aq_lsu_top/x_aq_lsu_stb/x_aq_lsu_stb_merge_gated_clk/external_en,0,0.0,0.0,0.0,0.0,,0
x_aq_lsu_top/x_aq_lsu_stb/x_aq_lsu_stb_merge_gated_clk/pad_yy_icg_scan_en,0,0.0,0.0,0.0,0.0,,0
x_aq_lsu_top/x_aq_lsu_stb/x_aq_lsu_stb_merge_gated_clk/clk_out,0,0.0,0.0,0.0,0.0,,0
x_aq_lsu_top/x_aq_lsu_stb/x_aq_lsu_stb_merge_gated_clk/clk_en_bf_latch,2,0.00024061597690086623,7.3900000000000015,0.9633336605834737,0.0,8.1767073335401e-05,1
x_aq_lsu_top/x_aq_lsu_stb/x_aq_lsu_stb_merge_gated_clk/SE,0,0.0,0.0,0.0,0.0,,0
x_aq_lsu_top/x_aq_lsu_stb/x_aq_lsu_stb_burst_gated_clk/clk_in,0,0.0,0.0,0.0,0.0,,0
x_aq_lsu_top/x_aq_lsu_stb/x_aq_lsu_stb_burst_gated_clk/global_en,0,0.0,0.0,0.0,0.0,,0
x_aq_lsu_top/x_aq_lsu_stb/x_aq_lsu_stb_burst_gated_clk/module_en,0,0.0,0.0,0.0,0.0,,0
x_aq_lsu_top/x_aq_lsu_stb/x_aq_lsu_stb_burst_gated_clk/local_en,2,0.00024061597690086623,7.3900000000000015,0.9633336605834737,0.0,8.1767073335401e-05,1
x_aq_lsu_top/x_aq_lsu_stb/x_aq_lsu_stb_burst_gated_clk/external_en,0,0.0,0.0,0.0,0.0,,0
x_aq_lsu_top/x_aq_lsu_stb/x_aq_lsu_stb_burst_gated_clk/pad_yy_icg_scan_en,0,0.0,0.0,0.0,0.0,,0
x_aq_lsu_top/x_aq_lsu_stb/x_aq_lsu_stb_burst_gated_clk/clk_out,0,0.0,0.0,0.0,0.0,,0
x_aq_lsu_top/x_aq_lsu_stb/x_aq_lsu_stb_burst_gated_clk/clk_en_bf_latch,2,0.00024061597690086623,7.3900000000000015,0.9633336605834737,0.0,8.1767073335401e-05,1
x_aq_lsu_top/x_aq_lsu_stb/x_aq_lsu_stb_burst_gated_clk/SE,0,0.0,0.0,0.0,0.0,,0
x_aq_lsu_top/x_aq_lsu_stb/x_aq_lsu_stb_entry_0/amo_alu_stb_rst[63:0],0,0.0,0.0,0.0,0.0,,0
x_aq_lsu_top/x_aq_lsu_stb/x_aq_lsu_stb_entry_0/amo_data_ready_x,0,0.0,0.0,0.0,0.0,,0
x_aq_lsu_top/x_aq_lsu_stb/x_aq_lsu_stb_entry_0/cp0_lsu_dcache_wb,0,0.0,0.0,0.0,0.0,,0
x_aq_lsu_top/x_aq_lsu_stb/x_aq_lsu_stb_entry_0/cp0_lsu_icg_en,0,0.0,0.0,0.0,0.0,,0
x_aq_lsu_top/x_aq_lsu_stb/x_aq_lsu_stb_entry_0/cpurst_b,3,0.0003609239653512993,6.4566666666666634,0.8416677043528134,0.3333333333333333,-0.052373008311376444,1
x_aq_lsu_top/x_aq_lsu_stb/x_aq_lsu_stb_entry_0/dc_hit_stb_addr_wca_x,0,0.0,0.0,0.0,0.0,,0
x_aq_lsu_top/x_aq_lsu_stb/x_aq_lsu_stb_entry_0/dc_hit_stb_addr_x,0,0.0,0.0,0.0,0.0,,0
x_aq_lsu_top/x_aq_lsu_stb/x_aq_lsu_stb_entry_0/dc_hit_stb_dca_x,0,0.0,0.0,0.0,0.0,,0
x_aq_lsu_top/x_aq_lsu_stb/x_aq_lsu_stb_entry_0/dc_hit_stb_full_x,0,0.0,0.0,0.0,0.0,,0
x_aq_lsu_top/x_aq_lsu_stb/x_aq_lsu_stb_entry_0/dc_hit_stb_idx_x,0,0.0,0.0,0.0,0.0,,0
x_aq_lsu_top/x_aq_lsu_stb/x_aq_lsu_stb_entry_0/dc_hit_stb_part_x,0,0.0,0.0,0.0,0.0,,0
x_aq_lsu_top/x_aq_lsu_stb/x_aq_lsu_stb_entry_0/dc_xx_bytes_vld[7:0],11,0.0013233878729547641,7.787272727272731,1.0151206958491865,0.09090909090909091,0.04731407182155538,7
x_aq_lsu_top/x_aq_lsu_stb/x_aq_lsu_stb_entry_0/dc_xx_pa[39:0],4,0.00048123195380173246,6.417500000000001,0.8365620794038487,0.0,0.049288993232723566,6
x_aq_lsu_top/x_aq_lsu_stb/x_aq_lsu_stb_entry_0/forever_cpuclk,0,0.0,0.0,0.0,0.0,,0
x_aq_lsu_top/x_aq_lsu_stb/x_aq_lsu_stb_entry_0/ifu_lsu_warm_up,2,0.00024061597690086623,7.3900000000000015,0.9633336605834737,0.0,8.1767073335401e-05,1
x_aq_lsu_top/x_aq_lsu_stb/x_aq_lsu_stb_entry_0/lfb_done_x,0,0.0,0.0,0.0,0.0,,0
x_aq_lsu_top/x_aq_lsu_stb/x_aq_lsu_stb_entry_0/lfb_err,0,0.0,0.0,0.0,0.0,,0
x_aq_lsu_top/x_aq_lsu_stb/x_aq_lsu_stb_entry_0/lfb_fifo[3:0],0,0.0,0.0,0.0,0.0,,0
x_aq_lsu_top/x_aq_lsu_stb/x_aq_lsu_stb_entry_0/pad_yy_icg_scan_en,0,0.0,0.0,0.0,0.0,,0
x_aq_lsu_top/x_aq_lsu_stb/x_aq_lsu_stb_entry_0/pfb_hit_stb_idx_x,0,0.0,0.0,0.0,0.0,,0
x_aq_lsu_top/x_aq_lsu_stb/x_aq_lsu_stb_entry_0/pfb_xx_pa[39:0],0,0.0,0.0,0.0,0.0,,0
x_aq_lsu_top/x_aq_lsu_stb/x_aq_lsu_stb_entry_0/stb_create_age[3:0],0,0.0,0.0,0.0,0.0,,0
x_aq_lsu_top/x_aq_lsu_stb/x_aq_lsu_stb_entry_0/stb_create_alct,1,0.00012030798845043312,2.770000000000003,0.36108717724170836,0.0,0.04920209652021361,1
x_aq_lsu_top/x_aq_lsu_stb/x_aq_lsu_stb_entry_0/stb_create_alias_idx[1:0],0,0.0,0.0,0.0,0.0,,0
x_aq_lsu_top/x_aq_lsu_stb/x_aq_lsu_stb_entry_0/stb_create_amo_inst,0,0.0,0.0,0.0,0.0,,0
x_aq_lsu_top/x_aq_lsu_stb/x_aq_lsu_stb_entry_0/stb_create_attr[2:0],3,0.0003609239653512993,3.4300000000000033,0.4471223891476749,0.0,0.002840715589005555,2
x_aq_lsu_top/x_aq_lsu_stb/x_aq_lsu_stb_entry_0/stb_create_bytes_vld[7:0],11,0.0013233878729547641,7.787272727272731,1.0151206958491865,0.09090909090909091,0.04731407182155538,7
x_aq_lsu_top/x_aq_lsu_stb/x_aq_lsu_stb_entry_0/stb_create_cache_hit,0,0.0,0.0,0.0,0.0,,0
x_aq_lsu_top/x_aq_lsu_stb/x_aq_lsu_stb_entry_0/stb_create_data[63:0],0,0.0,0.0,0.0,0.0,,0
x_aq_lsu_top/x_aq_lsu_stb/x_aq_lsu_stb_entry_0/stb_create_dca_inst,1,0.00012030798845043312,3.4099999999999966,0.4445152615141599,0.0,0.04879654758269631,1
x_aq_lsu_top/x_aq_lsu_stb/x_aq_lsu_stb_entry_0/stb_create_dca_type[1:0],3,0.0003609239653512993,5.2733333333333325,0.6874126527032273,0.0,0.03681194305677333,2
x_aq_lsu_top/x_aq_lsu_stb/x_aq_lsu_stb_entry_0/stb_create_en_gate_x,2,0.00024061597690086623,6.705000000000005,0.874039539135615,0.0,0.04333418860706138,1
x_aq_lsu_top/x_aq_lsu_stb/x_aq_lsu_stb_entry_0/stb_create_en_x,0,0.0,0.0,0.0,0.0,,0
x_aq_lsu_top/x_aq_lsu_stb/x_aq_lsu_stb_entry_0/stb_create_lock,0,0.0,0.0,0.0,0.0,,0
x_aq_lsu_top/x_aq_lsu_stb/x_aq_lsu_stb_entry_0/stb_create_pa[39:0],4,0.00048123195380173246,6.417500000000001,0.8365620794038487,0.0,0.049288993232723566,6
x_aq_lsu_top/x_aq_lsu_stb/x_aq_lsu_stb_entry_0/stb_create_priv_mode[1:0],2,0.00024061597690086623,3.7600000000000033,0.49013999510065814,0.0,-0.011226700708829732,1
x_aq_lsu_top/x_aq_lsu_stb/x_aq_lsu_stb_entry_0/stb_create_shift[3:0],0,0.0,0.0,0.0,0.0,,0
x_aq_lsu_top/x_aq_lsu_stb/x_aq_lsu_stb_entry_0/stb_create_size[1:0],8,0.0009624639076034649,7.621250000000005,0.9934785738459814,0.125,0.047910017754930444,2
x_aq_lsu_top/x_aq_lsu_stb/x_aq_lsu_stb_entry_0/stb_create_src2_depd,0,0.0,0.0,0.0,0.0,,0
x_aq_lsu_top/x_aq_lsu_stb/x_aq_lsu_stb_entry_0/stb_create_src2_reg[4:0],0,0.0,0.0,0.0,0.0,,0
x_aq_lsu_top/x_aq_lsu_stb/x_aq_lsu_stb_entry_0/stb_create_virt_idx[1:0],2,0.00024061597690086623,3.6199999999999974,0.4718901016660584,0.0,0.048840917826710545,1
x_aq_lsu_top/x_aq_lsu_stb/x_aq_lsu_stb_entry_0/stb_create_wait_lfb,1,0.00012030798845043312,2.770000000000003,0.36108717724170836,0.0,0.04920209652021361,1
x_aq_lsu_top/x_aq_lsu_stb/x_aq_lsu_stb_entry_0/stb_create_way[3:0],0,0.0,0.0,0.0,0.0,,0
x_aq_lsu_top/x_aq_lsu_stb/x_aq_lsu_stb_entry_0/stb_dca_done_x,0,0.0,0.0,0.0,0.0,,0
x_aq_lsu_top/x_aq_lsu_stb/x_aq_lsu_stb_entry_0/stb_dca_grant_x,0,0.0,0.0,0.0,0.0,,0
x_aq_lsu_top/x_aq_lsu_stb/x_aq_lsu_stb_entry_0/stb_entry_biu_req_x,0,0.0,0.0,0.0,0.0,,0
x_aq_lsu_top/x_aq_lsu_stb/x_aq_lsu_stb_entry_0/stb_entry_dcache_req_x,0,0.0,0.0,0.0,0.0,,0
x_aq_lsu_top/x_aq_lsu_stb/x_aq_lsu_stb_entry_0/stb_entry_fwd_vld_x,0,0.0,0.0,0.0,0.0,,0
x_aq_lsu_top/x_aq_lsu_stb/x_aq_lsu_stb_entry_0/stb_entry_merge_en_x,0,0.0,0.0,0.0,0.0,,0
x_aq_lsu_top/x_aq_lsu_stb/x_aq_lsu_stb_entry_0/stb_entry_pop_vld_x,0,0.0,0.0,0.0,0.0,,0
x_aq_lsu_top/x_aq_lsu_stb/x_aq_lsu_stb_entry_0/stb_entry_rdl_req_x,0,0.0,0.0,0.0,0.0,,0
x_aq_lsu_top/x_aq_lsu_stb/x_aq_lsu_stb_entry_0/stb_entry_so_vld_x,0,0.0,0.0,0.0,0.0,,0
x_aq_lsu_top/x_aq_lsu_stb/x_aq_lsu_stb_entry_0/stb_entry_src2_depd_x,0,0.0,0.0,0.0,0.0,,0
x_aq_lsu_top/x_aq_lsu_stb/x_aq_lsu_stb_entry_0/stb_entry_vld_x,0,0.0,0.0,0.0,0.0,,0
x_aq_lsu_top/x_aq_lsu_stb/x_aq_lsu_stb_entry_0/stb_entryx_age[3:0],0,0.0,0.0,0.0,0.0,,0
x_aq_lsu_top/x_aq_lsu_stb/x_aq_lsu_stb_entry_0/stb_entryx_bytes_vld[7:0],1,0.00012030798845043312,14.430000000000001,1.8810425875804497,0.0,-0.011463322603922455,1
x_aq_lsu_top/x_aq_lsu_stb/x_aq_lsu_stb_entry_0/stb_entryx_cache[3:0],4,0.00048123195380173246,9.445000000000004,1.2312160249270516,0.0,0.03228948971050555,2
x_aq_lsu_top/x_aq_lsu_stb/x_aq_lsu_stb_entry_0/stb_entryx_data[63:0],0,0.0,0.0,0.0,0.0,,0
x_aq_lsu_top/x_aq_lsu_stb/x_aq_lsu_stb_entry_0/stb_entryx_dbginfo[2:0],0,0.0,0.0,0.0,0.0,,0
x_aq_lsu_top/x_aq_lsu_stb/x_aq_lsu_stb_entry_0/stb_entryx_dca_idx[1:0],0,0.0,0.0,0.0,0.0,,0
x_aq_lsu_top/x_aq_lsu_stb/x_aq_lsu_stb_entry_0/stb_entryx_dca_type[1:0],3,0.0003609239653512993,7.74666666666667,1.009827436714476,0.0,0.03673331634208598,2
x_aq_lsu_top/x_aq_lsu_stb/x_aq_lsu_stb_entry_0/stb_entryx_dca_way[3:0],0,0.0,0.0,0.0,0.0,,0
x_aq_lsu_top/x_aq_lsu_stb/x_aq_lsu_stb_entry_0/stb_entryx_idx[13:0],2,0.00024061597690086623,8.540000000000004,1.113243499510537,0.0,0.04872369717903554,8
x_aq_lsu_top/x_aq_lsu_stb/x_aq_lsu_stb_entry_0/stb_entryx_pa[39:0],2,0.00024061597690086623,8.540000000000004,1.113243499510537,0.0,0.04872369717903554,8
x_aq_lsu_top/x_aq_lsu_stb/x_aq_lsu_stb_entry_0/stb_entryx_prot[2:0],1,0.00012030798845043312,14.430000000000001,1.8810425875804497,0.0,-0.01146332260392248,1
x_aq_lsu_top/x_aq_lsu_stb/x_aq_lsu_stb_entry_0/stb_entryx_size[2:0],2,0.00024061597690086623,10.350000000000001,1.3491885503435659,0.0,-0.011252701151185197,1
x_aq_lsu_top/x_aq_lsu_stb/x_aq_lsu_stb_entry_0/stb_entryx_user,1,0.00012030798845043312,14.430000000000001,1.8810425875804497,0.0,-0.011463322603922455,1
x_aq_lsu_top/x_aq_lsu_stb/x_aq_lsu_stb_entry_0/stb_entryx_way[3:0],0,0.0,0.0,0.0,0.0,,0
x_aq_lsu_top/x_aq_lsu_stb/x_aq_lsu_stb_entry_0/stb_merge_finish_x,1,0.00012030798845043312,1.2299999999999933,0.16033834946111852,0.0,-0.11407227095261288,1
x_aq_lsu_top/x_aq_lsu_stb/x_aq_lsu_stb_entry_0/stb_merge_req,0,0.0,0.0,0.0,0.0,,0
x_aq_lsu_top/x_aq_lsu_stb/x_aq_lsu_stb_entry_0/stb_merge_req_gate,0,0.0,0.0,0.0,0.0,,0
x_aq_lsu_top/x_aq_lsu_stb/x_aq_lsu_stb_entry_0/stb_pop_en[3:0],0,0.0,0.0,0.0,0.0,,0
x_aq_lsu_top/x_aq_lsu_stb/x_aq_lsu_stb_entry_0/stb_wbus_cmplt_x,0,0.0,0.0,0.0,0.0,,0
x_aq_lsu_top/x_aq_lsu_stb/x_aq_lsu_stb_entry_0/stb_wca_grant_x,0,0.0,0.0,0.0,0.0,,0
x_aq_lsu_top/x_aq_lsu_stb/x_aq_lsu_stb_entry_0/vlsu_lsu_fwd_data[63:0],0,0.0,0.0,0.0,0.0,,0
x_aq_lsu_top/x_aq_lsu_stb/x_aq_lsu_stb_entry_0/vlsu_lsu_fwd_dest_reg[4:0],0,0.0,0.0,0.0,0.0,,0
x_aq_lsu_top/x_aq_lsu_stb/x_aq_lsu_stb_entry_0/vlsu_lsu_fwd_vld,0,0.0,0.0,0.0,0.0,,0
x_aq_lsu_top/x_aq_lsu_stb/x_aq_lsu_stb_entry_0/bytes_vld_allone,0,0.0,0.0,0.0,0.0,,0
x_aq_lsu_top/x_aq_lsu_stb/x_aq_lsu_stb_entry_0/dc_hit_stb_addr,0,0.0,0.0,0.0,0.0,,0
x_aq_lsu_top/x_aq_lsu_stb/x_aq_lsu_stb_entry_0/dc_hit_stb_bytes,1,0.00012030798845043312,14.430000000000001,1.8810425875804497,0.0,-0.011463322603922455,1
x_aq_lsu_top/x_aq_lsu_stb/x_aq_lsu_stb_entry_0/dc_hit_stb_bytes_full,2,0.00024061597690086623,9.129999999999999,1.1901537646992033,0.0,-0.04914122484466943,1
x_aq_lsu_top/x_aq_lsu_stb/x_aq_lsu_stb_entry_0/dc_hit_stb_line,0,0.0,0.0,0.0,0.0,,0
x_aq_lsu_top/x_aq_lsu_stb/x_aq_lsu_stb_entry_0/stb_create_ca,1,0.00012030798845043312,2.770000000000003,0.36108717724170836,0.0,0.04920209652021361,1
x_aq_lsu_top/x_aq_lsu_stb/x_aq_lsu_stb_entry_0/stb_cur_idle,1,0.00012030798845043312,41.400000000000006,5.3967542013742635,1.0,-0.14861602140388885,1
x_aq_lsu_top/x_aq_lsu_stb/x_aq_lsu_stb_entry_0/stb_cur_merg,0,0.0,0.0,0.0,0.0,,0
x_aq_lsu_top/x_aq_lsu_stb/x_aq_lsu_stb_entry_0/stb_cur_rdl,0,0.0,0.0,0.0,0.0,,0
x_aq_lsu_top/x_aq_lsu_stb/x_aq_lsu_stb_entry_0/stb_cur_wbus,0,0.0,0.0,0.0,0.0,,0
x_aq_lsu_top/x_aq_lsu_stb/x_aq_lsu_stb_entry_0/stb_cur_wca,0,0.0,0.0,0.0,0.0,,0
x_aq_lsu_top/x_aq_lsu_stb/x_aq_lsu_stb_entry_0/stb_cur_wlfb,0,0.0,0.0,0.0,0.0,,0
x_aq_lsu_top/x_aq_lsu_stb/x_aq_lsu_stb_entry_0/stb_cur_wrdl,0,0.0,0.0,0.0,0.0,,0
x_aq_lsu_top/x_aq_lsu_stb/x_aq_lsu_stb_entry_0/stb_dp_clk,0,0.0,0.0,0.0,0.0,,0
x_aq_lsu_top/x_aq_lsu_stb/x_aq_lsu_stb_entry_0/stb_dp_clk_en,4,0.00048123195380173246,7.047500000000004,0.9186865998595444,0.0,0.02804635946213789,1
x_aq_lsu_top/x_aq_lsu_stb/x_aq_lsu_stb_entry_0/stb_entry_buf,1,0.00012030798845043312,14.430000000000001,1.8810425875804497,0.0,-0.011463322603922455,1
x_aq_lsu_top/x_aq_lsu_stb/x_aq_lsu_stb_entry_0/stb_entry_ca,1,0.00012030798845043312,5.800000000000001,0.7560670137190997,0.0,0.048783742874775604,1
x_aq_lsu_top/x_aq_lsu_stb/x_aq_lsu_stb_entry_0/stb_entry_dca,0,0.0,0.0,0.0,0.0,,0
x_aq_lsu_top/x_aq_lsu_stb/x_aq_lsu_stb_entry_0/stb_entry_merge_en,0,0.0,0.0,0.0,0.0,,0
x_aq_lsu_top/x_aq_lsu_stb/x_aq_lsu_stb_entry_0/stb_entry_offset[2:0],0,0.0,0.0,0.0,0.0,,0
x_aq_lsu_top/x_aq_lsu_stb/x_aq_lsu_stb_entry_0/stb_entry_vld,0,0.0,0.0,0.0,0.0,,0
x_aq_lsu_top/x_aq_lsu_stb/x_aq_lsu_stb_entry_0/stb_entry_wdata_ready,1,0.00012030798845043312,1.2299999999999933,0.16033834946111852,0.0,-0.11407227095261288,1
x_aq_lsu_top/x_aq_lsu_stb/x_aq_lsu_stb_entry_0/stb_entry_wo,1,0.00012030798845043312,14.430000000000001,1.8810425875804497,0.0,-0.011463322603922455,1
x_aq_lsu_top/x_aq_lsu_stb/x_aq_lsu_stb_entry_0/stb_fsm_clk,0,0.0,0.0,0.0,0.0,,0
x_aq_lsu_top/x_aq_lsu_stb/x_aq_lsu_stb_entry_0/stb_fsm_clk_en,2,0.00024061597690086623,6.705000000000005,0.874039539135615,0.0,0.04333418860706138,1
x_aq_lsu_top/x_aq_lsu_stb/x_aq_lsu_stb_entry_0/stb_fwd_data_raw[63:0],0,0.0,0.0,0.0,0.0,,0
x_aq_lsu_top/x_aq_lsu_stb/x_aq_lsu_stb_entry_0/stb_fwd_vld,0,0.0,0.0,0.0,0.0,,0
x_aq_lsu_top/x_aq_lsu_stb/x_aq_lsu_stb_entry_0/stb_merge_bytes[63:0],12,0.0014436958614051972,7.242500000000003,0.9441060942863072,0.08333333333333333,,16
x_aq_lsu_top/x_aq_lsu_stb/x_aq_lsu_stb_entry_0/stb_merge_data[63:0],0,0.0,0.0,0.0,0.0,,0
x_aq_lsu_top/x_aq_lsu_stb/x_aq_lsu_stb_entry_0/stb_merge_vld,0,0.0,0.0,0.0,0.0,,0
x_aq_lsu_top/x_aq_lsu_stb/x_aq_lsu_stb_entry_0/stb_merge_vld_gate,0,0.0,0.0,0.0,0.0,,0
x_aq_lsu_top/x_aq_lsu_stb/x_aq_lsu_stb_entry_0/stb_wdata_clk,0,0.0,0.0,0.0,0.0,,0
x_aq_lsu_top/x_aq_lsu_stb/x_aq_lsu_stb_entry_0/stb_wdata_clk_en,2,0.00024061597690086623,7.3900000000000015,0.9633336605834737,0.0,8.1767073335401e-05,1
x_aq_lsu_top/x_aq_lsu_stb/x_aq_lsu_stb_entry_0/x_pa_lsu_stb_fsm_gated_clk/clk_in,0,0.0,0.0,0.0,0.0,,0
x_aq_lsu_top/x_aq_lsu_stb/x_aq_lsu_stb_entry_0/x_pa_lsu_stb_fsm_gated_clk/global_en,0,0.0,0.0,0.0,0.0,,0
x_aq_lsu_top/x_aq_lsu_stb/x_aq_lsu_stb_entry_0/x_pa_lsu_stb_fsm_gated_clk/module_en,0,0.0,0.0,0.0,0.0,,0
x_aq_lsu_top/x_aq_lsu_stb/x_aq_lsu_stb_entry_0/x_pa_lsu_stb_fsm_gated_clk/local_en,2,0.00024061597690086623,6.705000000000005,0.874039539135615,0.0,0.04333418860706138,1
x_aq_lsu_top/x_aq_lsu_stb/x_aq_lsu_stb_entry_0/x_pa_lsu_stb_fsm_gated_clk/external_en,0,0.0,0.0,0.0,0.0,,0
x_aq_lsu_top/x_aq_lsu_stb/x_aq_lsu_stb_entry_0/x_pa_lsu_stb_fsm_gated_clk/pad_yy_icg_scan_en,0,0.0,0.0,0.0,0.0,,0
x_aq_lsu_top/x_aq_lsu_stb/x_aq_lsu_stb_entry_0/x_pa_lsu_stb_fsm_gated_clk/clk_out,0,0.0,0.0,0.0,0.0,,0
x_aq_lsu_top/x_aq_lsu_stb/x_aq_lsu_stb_entry_0/x_pa_lsu_stb_fsm_gated_clk/clk_en_bf_latch,2,0.00024061597690086623,6.705000000000005,0.874039539135615,0.0,0.04333418860706138,1
x_aq_lsu_top/x_aq_lsu_stb/x_aq_lsu_stb_entry_0/x_pa_lsu_stb_fsm_gated_clk/SE,0,0.0,0.0,0.0,0.0,,0
x_aq_lsu_top/x_aq_lsu_stb/x_aq_lsu_stb_entry_0/x_pa_lsu_stb_dp_gated_clk/clk_in,0,0.0,0.0,0.0,0.0,,0
x_aq_lsu_top/x_aq_lsu_stb/x_aq_lsu_stb_entry_0/x_pa_lsu_stb_dp_gated_clk/global_en,0,0.0,0.0,0.0,0.0,,0
x_aq_lsu_top/x_aq_lsu_stb/x_aq_lsu_stb_entry_0/x_pa_lsu_stb_dp_gated_clk/module_en,0,0.0,0.0,0.0,0.0,,0
x_aq_lsu_top/x_aq_lsu_stb/x_aq_lsu_stb_entry_0/x_pa_lsu_stb_dp_gated_clk/local_en,4,0.00048123195380173246,7.047500000000004,0.9186865998595444,0.0,0.02804635946213789,1
x_aq_lsu_top/x_aq_lsu_stb/x_aq_lsu_stb_entry_0/x_pa_lsu_stb_dp_gated_clk/external_en,0,0.0,0.0,0.0,0.0,,0
x_aq_lsu_top/x_aq_lsu_stb/x_aq_lsu_stb_entry_0/x_pa_lsu_stb_dp_gated_clk/pad_yy_icg_scan_en,0,0.0,0.0,0.0,0.0,,0
x_aq_lsu_top/x_aq_lsu_stb/x_aq_lsu_stb_entry_0/x_pa_lsu_stb_dp_gated_clk/clk_out,0,0.0,0.0,0.0,0.0,,0
x_aq_lsu_top/x_aq_lsu_stb/x_aq_lsu_stb_entry_0/x_pa_lsu_stb_dp_gated_clk/clk_en_bf_latch,4,0.00048123195380173246,7.047500000000004,0.9186865998595444,0.0,0.02804635946213789,1
x_aq_lsu_top/x_aq_lsu_stb/x_aq_lsu_stb_entry_0/x_pa_lsu_stb_dp_gated_clk/SE,0,0.0,0.0,0.0,0.0,,0
x_aq_lsu_top/x_aq_lsu_stb/x_aq_lsu_stb_entry_0/x_pa_lsu_stb_wdata_gated_clk/clk_in,0,0.0,0.0,0.0,0.0,,0
x_aq_lsu_top/x_aq_lsu_stb/x_aq_lsu_stb_entry_0/x_pa_lsu_stb_wdata_gated_clk/global_en,0,0.0,0.0,0.0,0.0,,0
x_aq_lsu_top/x_aq_lsu_stb/x_aq_lsu_stb_entry_0/x_pa_lsu_stb_wdata_gated_clk/module_en,0,0.0,0.0,0.0,0.0,,0
x_aq_lsu_top/x_aq_lsu_stb/x_aq_lsu_stb_entry_0/x_pa_lsu_stb_wdata_gated_clk/local_en,2,0.00024061597690086623,7.3900000000000015,0.9633336605834737,0.0,8.1767073335401e-05,1
x_aq_lsu_top/x_aq_lsu_stb/x_aq_lsu_stb_entry_0/x_pa_lsu_stb_wdata_gated_clk/external_en,0,0.0,0.0,0.0,0.0,,0
x_aq_lsu_top/x_aq_lsu_stb/x_aq_lsu_stb_entry_0/x_pa_lsu_stb_wdata_gated_clk/pad_yy_icg_scan_en,0,0.0,0.0,0.0,0.0,,0
x_aq_lsu_top/x_aq_lsu_stb/x_aq_lsu_stb_entry_0/x_pa_lsu_stb_wdata_gated_clk/clk_out,0,0.0,0.0,0.0,0.0,,0
x_aq_lsu_top/x_aq_lsu_stb/x_aq_lsu_stb_entry_0/x_pa_lsu_stb_wdata_gated_clk/clk_en_bf_latch,2,0.00024061597690086623,7.3900000000000015,0.9633336605834737,0.0,8.1767073335401e-05,1
x_aq_lsu_top/x_aq_lsu_stb/x_aq_lsu_stb_entry_0/x_pa_lsu_stb_wdata_gated_clk/SE,0,0.0,0.0,0.0,0.0,,0
x_aq_lsu_top/x_aq_lsu_stb/x_aq_lsu_stb_entry_1/amo_alu_stb_rst[63:0],0,0.0,0.0,0.0,0.0,,0
x_aq_lsu_top/x_aq_lsu_stb/x_aq_lsu_stb_entry_1/amo_data_ready_x,0,0.0,0.0,0.0,0.0,,0
x_aq_lsu_top/x_aq_lsu_stb/x_aq_lsu_stb_entry_1/cp0_lsu_dcache_wb,0,0.0,0.0,0.0,0.0,,0
x_aq_lsu_top/x_aq_lsu_stb/x_aq_lsu_stb_entry_1/cp0_lsu_icg_en,0,0.0,0.0,0.0,0.0,,0
x_aq_lsu_top/x_aq_lsu_stb/x_aq_lsu_stb_entry_1/cpurst_b,3,0.0003609239653512993,6.4566666666666634,0.8416677043528134,0.3333333333333333,-0.052373008311376444,1
x_aq_lsu_top/x_aq_lsu_stb/x_aq_lsu_stb_entry_1/dc_hit_stb_addr_wca_x,0,0.0,0.0,0.0,0.0,,0
x_aq_lsu_top/x_aq_lsu_stb/x_aq_lsu_stb_entry_1/dc_hit_stb_addr_x,0,0.0,0.0,0.0,0.0,,0
x_aq_lsu_top/x_aq_lsu_stb/x_aq_lsu_stb_entry_1/dc_hit_stb_dca_x,0,0.0,0.0,0.0,0.0,,0
x_aq_lsu_top/x_aq_lsu_stb/x_aq_lsu_stb_entry_1/dc_hit_stb_full_x,0,0.0,0.0,0.0,0.0,,0
x_aq_lsu_top/x_aq_lsu_stb/x_aq_lsu_stb_entry_1/dc_hit_stb_idx_x,0,0.0,0.0,0.0,0.0,,0
x_aq_lsu_top/x_aq_lsu_stb/x_aq_lsu_stb_entry_1/dc_hit_stb_part_x,0,0.0,0.0,0.0,0.0,,0
x_aq_lsu_top/x_aq_lsu_stb/x_aq_lsu_stb_entry_1/dc_xx_bytes_vld[7:0],11,0.0013233878729547641,7.787272727272731,1.0151206958491865,0.09090909090909091,0.04731407182155538,7
x_aq_lsu_top/x_aq_lsu_stb/x_aq_lsu_stb_entry_1/dc_xx_pa[39:0],4,0.00048123195380173246,6.417500000000001,0.8365620794038487,0.0,0.049288993232723566,6
x_aq_lsu_top/x_aq_lsu_stb/x_aq_lsu_stb_entry_1/forever_cpuclk,0,0.0,0.0,0.0,0.0,,0
x_aq_lsu_top/x_aq_lsu_stb/x_aq_lsu_stb_entry_1/ifu_lsu_warm_up,2,0.00024061597690086623,7.3900000000000015,0.9633336605834737,0.0,8.1767073335401e-05,1
x_aq_lsu_top/x_aq_lsu_stb/x_aq_lsu_stb_entry_1/lfb_done_x,0,0.0,0.0,0.0,0.0,,0
x_aq_lsu_top/x_aq_lsu_stb/x_aq_lsu_stb_entry_1/lfb_err,0,0.0,0.0,0.0,0.0,,0
x_aq_lsu_top/x_aq_lsu_stb/x_aq_lsu_stb_entry_1/lfb_fifo[3:0],0,0.0,0.0,0.0,0.0,,0
x_aq_lsu_top/x_aq_lsu_stb/x_aq_lsu_stb_entry_1/pad_yy_icg_scan_en,0,0.0,0.0,0.0,0.0,,0
x_aq_lsu_top/x_aq_lsu_stb/x_aq_lsu_stb_entry_1/pfb_hit_stb_idx_x,0,0.0,0.0,0.0,0.0,,0
x_aq_lsu_top/x_aq_lsu_stb/x_aq_lsu_stb_entry_1/pfb_xx_pa[39:0],0,0.0,0.0,0.0,0.0,,0
x_aq_lsu_top/x_aq_lsu_stb/x_aq_lsu_stb_entry_1/stb_create_age[3:0],0,0.0,0.0,0.0,0.0,,0
x_aq_lsu_top/x_aq_lsu_stb/x_aq_lsu_stb_entry_1/stb_create_alct,1,0.00012030798845043312,2.770000000000003,0.36108717724170836,0.0,0.04920209652021361,1
x_aq_lsu_top/x_aq_lsu_stb/x_aq_lsu_stb_entry_1/stb_create_alias_idx[1:0],0,0.0,0.0,0.0,0.0,,0
x_aq_lsu_top/x_aq_lsu_stb/x_aq_lsu_stb_entry_1/stb_create_amo_inst,0,0.0,0.0,0.0,0.0,,0
x_aq_lsu_top/x_aq_lsu_stb/x_aq_lsu_stb_entry_1/stb_create_attr[2:0],3,0.0003609239653512993,3.4300000000000033,0.4471223891476749,0.0,0.002840715589005555,2
x_aq_lsu_top/x_aq_lsu_stb/x_aq_lsu_stb_entry_1/stb_create_bytes_vld[7:0],11,0.0013233878729547641,7.787272727272731,1.0151206958491865,0.09090909090909091,0.04731407182155538,7
x_aq_lsu_top/x_aq_lsu_stb/x_aq_lsu_stb_entry_1/stb_create_cache_hit,0,0.0,0.0,0.0,0.0,,0
x_aq_lsu_top/x_aq_lsu_stb/x_aq_lsu_stb_entry_1/stb_create_data[63:0],0,0.0,0.0,0.0,0.0,,0
x_aq_lsu_top/x_aq_lsu_stb/x_aq_lsu_stb_entry_1/stb_create_dca_inst,1,0.00012030798845043312,3.4099999999999966,0.4445152615141599,0.0,0.04879654758269631,1
x_aq_lsu_top/x_aq_lsu_stb/x_aq_lsu_stb_entry_1/stb_create_dca_type[1:0],3,0.0003609239653512993,5.2733333333333325,0.6874126527032273,0.0,0.03681194305677333,2
x_aq_lsu_top/x_aq_lsu_stb/x_aq_lsu_stb_entry_1/stb_create_en_gate_x,0,0.0,0.0,0.0,0.0,,0
x_aq_lsu_top/x_aq_lsu_stb/x_aq_lsu_stb_entry_1/stb_create_en_x,0,0.0,0.0,0.0,0.0,,0
x_aq_lsu_top/x_aq_lsu_stb/x_aq_lsu_stb_entry_1/stb_create_lock,0,0.0,0.0,0.0,0.0,,0
x_aq_lsu_top/x_aq_lsu_stb/x_aq_lsu_stb_entry_1/stb_create_pa[39:0],4,0.00048123195380173246,6.417500000000001,0.8365620794038487,0.0,0.049288993232723566,6
x_aq_lsu_top/x_aq_lsu_stb/x_aq_lsu_stb_entry_1/stb_create_priv_mode[1:0],2,0.00024061597690086623,3.7600000000000033,0.49013999510065814,0.0,-0.011226700708829732,1
x_aq_lsu_top/x_aq_lsu_stb/x_aq_lsu_stb_entry_1/stb_create_shift[3:0],0,0.0,0.0,0.0,0.0,,0
x_aq_lsu_top/x_aq_lsu_stb/x_aq_lsu_stb_entry_1/stb_create_size[1:0],8,0.0009624639076034649,7.621250000000005,0.9934785738459814,0.125,0.047910017754930444,2
x_aq_lsu_top/x_aq_lsu_stb/x_aq_lsu_stb_entry_1/stb_create_src2_depd,0,0.0,0.0,0.0,0.0,,0
x_aq_lsu_top/x_aq_lsu_stb/x_aq_lsu_stb_entry_1/stb_create_src2_reg[4:0],0,0.0,0.0,0.0,0.0,,0
x_aq_lsu_top/x_aq_lsu_stb/x_aq_lsu_stb_entry_1/stb_create_virt_idx[1:0],2,0.00024061597690086623,3.6199999999999974,0.4718901016660584,0.0,0.048840917826710545,1
x_aq_lsu_top/x_aq_lsu_stb/x_aq_lsu_stb_entry_1/stb_create_wait_lfb,1,0.00012030798845043312,2.770000000000003,0.36108717724170836,0.0,0.04920209652021361,1
x_aq_lsu_top/x_aq_lsu_stb/x_aq_lsu_stb_entry_1/stb_create_way[3:0],0,0.0,0.0,0.0,0.0,,0
x_aq_lsu_top/x_aq_lsu_stb/x_aq_lsu_stb_entry_1/stb_dca_done_x,0,0.0,0.0,0.0,0.0,,0
x_aq_lsu_top/x_aq_lsu_stb/x_aq_lsu_stb_entry_1/stb_dca_grant_x,0,0.0,0.0,0.0,0.0,,0
x_aq_lsu_top/x_aq_lsu_stb/x_aq_lsu_stb_entry_1/stb_entry_biu_req_x,0,0.0,0.0,0.0,0.0,,0
x_aq_lsu_top/x_aq_lsu_stb/x_aq_lsu_stb_entry_1/stb_entry_dcache_req_x,0,0.0,0.0,0.0,0.0,,0
x_aq_lsu_top/x_aq_lsu_stb/x_aq_lsu_stb_entry_1/stb_entry_fwd_vld_x,0,0.0,0.0,0.0,0.0,,0
x_aq_lsu_top/x_aq_lsu_stb/x_aq_lsu_stb_entry_1/stb_entry_merge_en_x,0,0.0,0.0,0.0,0.0,,0
x_aq_lsu_top/x_aq_lsu_stb/x_aq_lsu_stb_entry_1/stb_entry_pop_vld_x,0,0.0,0.0,0.0,0.0,,0
x_aq_lsu_top/x_aq_lsu_stb/x_aq_lsu_stb_entry_1/stb_entry_rdl_req_x,0,0.0,0.0,0.0,0.0,,0
x_aq_lsu_top/x_aq_lsu_stb/x_aq_lsu_stb_entry_1/stb_entry_so_vld_x,0,0.0,0.0,0.0,0.0,,0
x_aq_lsu_top/x_aq_lsu_stb/x_aq_lsu_stb_entry_1/stb_entry_src2_depd_x,0,0.0,0.0,0.0,0.0,,0
x_aq_lsu_top/x_aq_lsu_stb/x_aq_lsu_stb_entry_1/stb_entry_vld_x,0,0.0,0.0,0.0,0.0,,0
x_aq_lsu_top/x_aq_lsu_stb/x_aq_lsu_stb_entry_1/stb_entryx_age[3:0],0,0.0,0.0,0.0,0.0,,0
x_aq_lsu_top/x_aq_lsu_stb/x_aq_lsu_stb_entry_1/stb_entryx_bytes_vld[7:0],1,0.00012030798845043312,14.430000000000001,1.8810425875804497,0.0,-0.011463322603922455,1
x_aq_lsu_top/x_aq_lsu_stb/x_aq_lsu_stb_entry_1/stb_entryx_cache[3:0],2,0.00024061597690086623,10.350000000000001,1.3491885503435659,0.0,-0.011252701151185197,1
x_aq_lsu_top/x_aq_lsu_stb/x_aq_lsu_stb_entry_1/stb_entryx_data[63:0],0,0.0,0.0,0.0,0.0,,0
x_aq_lsu_top/x_aq_lsu_stb/x_aq_lsu_stb_entry_1/stb_entryx_dbginfo[2:0],0,0.0,0.0,0.0,0.0,,0
x_aq_lsu_top/x_aq_lsu_stb/x_aq_lsu_stb_entry_1/stb_entryx_dca_idx[1:0],0,0.0,0.0,0.0,0.0,,0
x_aq_lsu_top/x_aq_lsu_stb/x_aq_lsu_stb_entry_1/stb_entryx_dca_type[1:0],0,0.0,0.0,0.0,0.0,,0
x_aq_lsu_top/x_aq_lsu_stb/x_aq_lsu_stb_entry_1/stb_entryx_dca_way[3:0],0,0.0,0.0,0.0,0.0,,0
x_aq_lsu_top/x_aq_lsu_stb/x_aq_lsu_stb_entry_1/stb_entryx_idx[13:0],0,0.0,0.0,0.0,0.0,,0
x_aq_lsu_top/x_aq_lsu_stb/x_aq_lsu_stb_entry_1/stb_entryx_pa[39:0],0,0.0,0.0,0.0,0.0,,0
x_aq_lsu_top/x_aq_lsu_stb/x_aq_lsu_stb_entry_1/stb_entryx_prot[2:0],1,0.00012030798845043312,14.430000000000001,1.8810425875804497,0.0,-0.01146332260392248,1
x_aq_lsu_top/x_aq_lsu_stb/x_aq_lsu_stb_entry_1/stb_entryx_size[2:0],2,0.00024061597690086623,10.350000000000001,1.3491885503435659,0.0,-0.011252701151185197,1
x_aq_lsu_top/x_aq_lsu_stb/x_aq_lsu_stb_entry_1/stb_entryx_user,1,0.00012030798845043312,14.430000000000001,1.8810425875804497,0.0,-0.011463322603922455,1
x_aq_lsu_top/x_aq_lsu_stb/x_aq_lsu_stb_entry_1/stb_entryx_way[3:0],0,0.0,0.0,0.0,0.0,,0
x_aq_lsu_top/x_aq_lsu_stb/x_aq_lsu_stb_entry_1/stb_merge_finish_x,0,0.0,0.0,0.0,0.0,,0
x_aq_lsu_top/x_aq_lsu_stb/x_aq_lsu_stb_entry_1/stb_merge_req,0,0.0,0.0,0.0,0.0,,0
x_aq_lsu_top/x_aq_lsu_stb/x_aq_lsu_stb_entry_1/stb_merge_req_gate,0,0.0,0.0,0.0,0.0,,0
x_aq_lsu_top/x_aq_lsu_stb/x_aq_lsu_stb_entry_1/stb_pop_en[3:0],0,0.0,0.0,0.0,0.0,,0
x_aq_lsu_top/x_aq_lsu_stb/x_aq_lsu_stb_entry_1/stb_wbus_cmplt_x,0,0.0,0.0,0.0,0.0,,0
x_aq_lsu_top/x_aq_lsu_stb/x_aq_lsu_stb_entry_1/stb_wca_grant_x,0,0.0,0.0,0.0,0.0,,0
x_aq_lsu_top/x_aq_lsu_stb/x_aq_lsu_stb_entry_1/vlsu_lsu_fwd_data[63:0],0,0.0,0.0,0.0,0.0,,0
x_aq_lsu_top/x_aq_lsu_stb/x_aq_lsu_stb_entry_1/vlsu_lsu_fwd_dest_reg[4:0],0,0.0,0.0,0.0,0.0,,0
x_aq_lsu_top/x_aq_lsu_stb/x_aq_lsu_stb_entry_1/vlsu_lsu_fwd_vld,0,0.0,0.0,0.0,0.0,,0
x_aq_lsu_top/x_aq_lsu_stb/x_aq_lsu_stb_entry_1/bytes_vld_allone,0,0.0,0.0,0.0,0.0,,0
x_aq_lsu_top/x_aq_lsu_stb/x_aq_lsu_stb_entry_1/dc_hit_stb_addr,0,0.0,0.0,0.0,0.0,,0
x_aq_lsu_top/x_aq_lsu_stb/x_aq_lsu_stb_entry_1/dc_hit_stb_bytes,1,0.00012030798845043312,14.430000000000001,1.8810425875804497,0.0,-0.011463322603922455,1
x_aq_lsu_top/x_aq_lsu_stb/x_aq_lsu_stb_entry_1/dc_hit_stb_bytes_full,2,0.00024061597690086623,9.129999999999999,1.1901537646992033,0.0,-0.04914122484466943,1
x_aq_lsu_top/x_aq_lsu_stb/x_aq_lsu_stb_entry_1/dc_hit_stb_line,0,0.0,0.0,0.0,0.0,,0
x_aq_lsu_top/x_aq_lsu_stb/x_aq_lsu_stb_entry_1/stb_create_ca,1,0.00012030798845043312,2.770000000000003,0.36108717724170836,0.0,0.04920209652021361,1
x_aq_lsu_top/x_aq_lsu_stb/x_aq_lsu_stb_entry_1/stb_cur_idle,1,0.00012030798845043312,41.400000000000006,5.3967542013742635,1.0,-0.14861602140388885,1
x_aq_lsu_top/x_aq_lsu_stb/x_aq_lsu_stb_entry_1/stb_cur_merg,0,0.0,0.0,0.0,0.0,,0
x_aq_lsu_top/x_aq_lsu_stb/x_aq_lsu_stb_entry_1/stb_cur_rdl,0,0.0,0.0,0.0,0.0,,0
x_aq_lsu_top/x_aq_lsu_stb/x_aq_lsu_stb_entry_1/stb_cur_wbus,0,0.0,0.0,0.0,0.0,,0
x_aq_lsu_top/x_aq_lsu_stb/x_aq_lsu_stb_entry_1/stb_cur_wca,0,0.0,0.0,0.0,0.0,,0
x_aq_lsu_top/x_aq_lsu_stb/x_aq_lsu_stb_entry_1/stb_cur_wlfb,0,0.0,0.0,0.0,0.0,,0
x_aq_lsu_top/x_aq_lsu_stb/x_aq_lsu_stb_entry_1/stb_cur_wrdl,0,0.0,0.0,0.0,0.0,,0
x_aq_lsu_top/x_aq_lsu_stb/x_aq_lsu_stb_entry_1/stb_dp_clk,0,0.0,0.0,0.0,0.0,,0
x_aq_lsu_top/x_aq_lsu_stb/x_aq_lsu_stb_entry_1/stb_dp_clk_en,2,0.00024061597690086623,7.3900000000000015,0.9633336605834737,0.0,8.1767073335401e-05,1
x_aq_lsu_top/x_aq_lsu_stb/x_aq_lsu_stb_entry_1/stb_entry_buf,1,0.00012030798845043312,14.430000000000001,1.8810425875804497,0.0,-0.011463322603922455,1
x_aq_lsu_top/x_aq_lsu_stb/x_aq_lsu_stb_entry_1/stb_entry_ca,0,0.0,0.0,0.0,0.0,,0
x_aq_lsu_top/x_aq_lsu_stb/x_aq_lsu_stb_entry_1/stb_entry_dca,0,0.0,0.0,0.0,0.0,,0
x_aq_lsu_top/x_aq_lsu_stb/x_aq_lsu_stb_entry_1/stb_entry_merge_en,0,0.0,0.0,0.0,0.0,,0
x_aq_lsu_top/x_aq_lsu_stb/x_aq_lsu_stb_entry_1/stb_entry_offset[2:0],0,0.0,0.0,0.0,0.0,,0
x_aq_lsu_top/x_aq_lsu_stb/x_aq_lsu_stb_entry_1/stb_entry_vld,0,0.0,0.0,0.0,0.0,,0
x_aq_lsu_top/x_aq_lsu_stb/x_aq_lsu_stb_entry_1/stb_entry_wdata_ready,1,0.00012030798845043312,1.2299999999999933,0.16033834946111852,0.0,-0.11407227095261288,1
x_aq_lsu_top/x_aq_lsu_stb/x_aq_lsu_stb_entry_1/stb_entry_wo,1,0.00012030798845043312,14.430000000000001,1.8810425875804497,0.0,-0.011463322603922455,1
x_aq_lsu_top/x_aq_lsu_stb/x_aq_lsu_stb_entry_1/stb_fsm_clk,0,0.0,0.0,0.0,0.0,,0
x_aq_lsu_top/x_aq_lsu_stb/x_aq_lsu_stb_entry_1/stb_fsm_clk_en,0,0.0,0.0,0.0,0.0,,0
x_aq_lsu_top/x_aq_lsu_stb/x_aq_lsu_stb_entry_1/stb_fwd_data_raw[63:0],0,0.0,0.0,0.0,0.0,,0
x_aq_lsu_top/x_aq_lsu_stb/x_aq_lsu_stb_entry_1/stb_fwd_vld,0,0.0,0.0,0.0,0.0,,0
x_aq_lsu_top/x_aq_lsu_stb/x_aq_lsu_stb_entry_1/stb_merge_bytes[63:0],12,0.0014436958614051972,7.242500000000003,0.9441060942863072,0.08333333333333333,,16
x_aq_lsu_top/x_aq_lsu_stb/x_aq_lsu_stb_entry_1/stb_merge_data[63:0],0,0.0,0.0,0.0,0.0,,0
x_aq_lsu_top/x_aq_lsu_stb/x_aq_lsu_stb_entry_1/stb_merge_vld,0,0.0,0.0,0.0,0.0,,0
x_aq_lsu_top/x_aq_lsu_stb/x_aq_lsu_stb_entry_1/stb_merge_vld_gate,0,0.0,0.0,0.0,0.0,,0
x_aq_lsu_top/x_aq_lsu_stb/x_aq_lsu_stb_entry_1/stb_wdata_clk,0,0.0,0.0,0.0,0.0,,0
x_aq_lsu_top/x_aq_lsu_stb/x_aq_lsu_stb_entry_1/stb_wdata_clk_en,2,0.00024061597690086623,7.3900000000000015,0.9633336605834737,0.0,8.1767073335401e-05,1
x_aq_lsu_top/x_aq_lsu_stb/x_aq_lsu_stb_entry_1/x_pa_lsu_stb_fsm_gated_clk/clk_in,0,0.0,0.0,0.0,0.0,,0
x_aq_lsu_top/x_aq_lsu_stb/x_aq_lsu_stb_entry_1/x_pa_lsu_stb_fsm_gated_clk/global_en,0,0.0,0.0,0.0,0.0,,0
x_aq_lsu_top/x_aq_lsu_stb/x_aq_lsu_stb_entry_1/x_pa_lsu_stb_fsm_gated_clk/module_en,0,0.0,0.0,0.0,0.0,,0
x_aq_lsu_top/x_aq_lsu_stb/x_aq_lsu_stb_entry_1/x_pa_lsu_stb_fsm_gated_clk/local_en,0,0.0,0.0,0.0,0.0,,0
x_aq_lsu_top/x_aq_lsu_stb/x_aq_lsu_stb_entry_1/x_pa_lsu_stb_fsm_gated_clk/external_en,0,0.0,0.0,0.0,0.0,,0
x_aq_lsu_top/x_aq_lsu_stb/x_aq_lsu_stb_entry_1/x_pa_lsu_stb_fsm_gated_clk/pad_yy_icg_scan_en,0,0.0,0.0,0.0,0.0,,0
x_aq_lsu_top/x_aq_lsu_stb/x_aq_lsu_stb_entry_1/x_pa_lsu_stb_fsm_gated_clk/clk_out,0,0.0,0.0,0.0,0.0,,0
x_aq_lsu_top/x_aq_lsu_stb/x_aq_lsu_stb_entry_1/x_pa_lsu_stb_fsm_gated_clk/clk_en_bf_latch,0,0.0,0.0,0.0,0.0,,0
x_aq_lsu_top/x_aq_lsu_stb/x_aq_lsu_stb_entry_1/x_pa_lsu_stb_fsm_gated_clk/SE,0,0.0,0.0,0.0,0.0,,0
x_aq_lsu_top/x_aq_lsu_stb/x_aq_lsu_stb_entry_1/x_pa_lsu_stb_dp_gated_clk/clk_in,0,0.0,0.0,0.0,0.0,,0
x_aq_lsu_top/x_aq_lsu_stb/x_aq_lsu_stb_entry_1/x_pa_lsu_stb_dp_gated_clk/global_en,0,0.0,0.0,0.0,0.0,,0
x_aq_lsu_top/x_aq_lsu_stb/x_aq_lsu_stb_entry_1/x_pa_lsu_stb_dp_gated_clk/module_en,0,0.0,0.0,0.0,0.0,,0
x_aq_lsu_top/x_aq_lsu_stb/x_aq_lsu_stb_entry_1/x_pa_lsu_stb_dp_gated_clk/local_en,2,0.00024061597690086623,7.3900000000000015,0.9633336605834737,0.0,8.1767073335401e-05,1
x_aq_lsu_top/x_aq_lsu_stb/x_aq_lsu_stb_entry_1/x_pa_lsu_stb_dp_gated_clk/external_en,0,0.0,0.0,0.0,0.0,,0
x_aq_lsu_top/x_aq_lsu_stb/x_aq_lsu_stb_entry_1/x_pa_lsu_stb_dp_gated_clk/pad_yy_icg_scan_en,0,0.0,0.0,0.0,0.0,,0
x_aq_lsu_top/x_aq_lsu_stb/x_aq_lsu_stb_entry_1/x_pa_lsu_stb_dp_gated_clk/clk_out,0,0.0,0.0,0.0,0.0,,0
x_aq_lsu_top/x_aq_lsu_stb/x_aq_lsu_stb_entry_1/x_pa_lsu_stb_dp_gated_clk/clk_en_bf_latch,2,0.00024061597690086623,7.3900000000000015,0.9633336605834737,0.0,8.1767073335401e-05,1
x_aq_lsu_top/x_aq_lsu_stb/x_aq_lsu_stb_entry_1/x_pa_lsu_stb_dp_gated_clk/SE,0,0.0,0.0,0.0,0.0,,0
x_aq_lsu_top/x_aq_lsu_stb/x_aq_lsu_stb_entry_1/x_pa_lsu_stb_wdata_gated_clk/clk_in,0,0.0,0.0,0.0,0.0,,0
x_aq_lsu_top/x_aq_lsu_stb/x_aq_lsu_stb_entry_1/x_pa_lsu_stb_wdata_gated_clk/global_en,0,0.0,0.0,0.0,0.0,,0
x_aq_lsu_top/x_aq_lsu_stb/x_aq_lsu_stb_entry_1/x_pa_lsu_stb_wdata_gated_clk/module_en,0,0.0,0.0,0.0,0.0,,0
x_aq_lsu_top/x_aq_lsu_stb/x_aq_lsu_stb_entry_1/x_pa_lsu_stb_wdata_gated_clk/local_en,2,0.00024061597690086623,7.3900000000000015,0.9633336605834737,0.0,8.1767073335401e-05,1
x_aq_lsu_top/x_aq_lsu_stb/x_aq_lsu_stb_entry_1/x_pa_lsu_stb_wdata_gated_clk/external_en,0,0.0,0.0,0.0,0.0,,0
x_aq_lsu_top/x_aq_lsu_stb/x_aq_lsu_stb_entry_1/x_pa_lsu_stb_wdata_gated_clk/pad_yy_icg_scan_en,0,0.0,0.0,0.0,0.0,,0
x_aq_lsu_top/x_aq_lsu_stb/x_aq_lsu_stb_entry_1/x_pa_lsu_stb_wdata_gated_clk/clk_out,0,0.0,0.0,0.0,0.0,,0
x_aq_lsu_top/x_aq_lsu_stb/x_aq_lsu_stb_entry_1/x_pa_lsu_stb_wdata_gated_clk/clk_en_bf_latch,2,0.00024061597690086623,7.3900000000000015,0.9633336605834737,0.0,8.1767073335401e-05,1
x_aq_lsu_top/x_aq_lsu_stb/x_aq_lsu_stb_entry_1/x_pa_lsu_stb_wdata_gated_clk/SE,0,0.0,0.0,0.0,0.0,,0
x_aq_lsu_top/x_aq_lsu_stb/x_aq_lsu_stb_entry_2/amo_alu_stb_rst[63:0],0,0.0,0.0,0.0,0.0,,0
x_aq_lsu_top/x_aq_lsu_stb/x_aq_lsu_stb_entry_2/amo_data_ready_x,0,0.0,0.0,0.0,0.0,,0
x_aq_lsu_top/x_aq_lsu_stb/x_aq_lsu_stb_entry_2/cp0_lsu_dcache_wb,0,0.0,0.0,0.0,0.0,,0
x_aq_lsu_top/x_aq_lsu_stb/x_aq_lsu_stb_entry_2/cp0_lsu_icg_en,0,0.0,0.0,0.0,0.0,,0
x_aq_lsu_top/x_aq_lsu_stb/x_aq_lsu_stb_entry_2/cpurst_b,3,0.0003609239653512993,6.4566666666666634,0.8416677043528134,0.3333333333333333,-0.052373008311376444,1
x_aq_lsu_top/x_aq_lsu_stb/x_aq_lsu_stb_entry_2/dc_hit_stb_addr_wca_x,0,0.0,0.0,0.0,0.0,,0
x_aq_lsu_top/x_aq_lsu_stb/x_aq_lsu_stb_entry_2/dc_hit_stb_addr_x,0,0.0,0.0,0.0,0.0,,0
x_aq_lsu_top/x_aq_lsu_stb/x_aq_lsu_stb_entry_2/dc_hit_stb_dca_x,0,0.0,0.0,0.0,0.0,,0
x_aq_lsu_top/x_aq_lsu_stb/x_aq_lsu_stb_entry_2/dc_hit_stb_full_x,0,0.0,0.0,0.0,0.0,,0
x_aq_lsu_top/x_aq_lsu_stb/x_aq_lsu_stb_entry_2/dc_hit_stb_idx_x,0,0.0,0.0,0.0,0.0,,0
x_aq_lsu_top/x_aq_lsu_stb/x_aq_lsu_stb_entry_2/dc_hit_stb_part_x,0,0.0,0.0,0.0,0.0,,0
x_aq_lsu_top/x_aq_lsu_stb/x_aq_lsu_stb_entry_2/dc_xx_bytes_vld[7:0],11,0.0013233878729547641,7.787272727272731,1.0151206958491865,0.09090909090909091,0.04731407182155538,7
x_aq_lsu_top/x_aq_lsu_stb/x_aq_lsu_stb_entry_2/dc_xx_pa[39:0],4,0.00048123195380173246,6.417500000000001,0.8365620794038487,0.0,0.049288993232723566,6
x_aq_lsu_top/x_aq_lsu_stb/x_aq_lsu_stb_entry_2/forever_cpuclk,0,0.0,0.0,0.0,0.0,,0
x_aq_lsu_top/x_aq_lsu_stb/x_aq_lsu_stb_entry_2/ifu_lsu_warm_up,2,0.00024061597690086623,7.3900000000000015,0.9633336605834737,0.0,8.1767073335401e-05,1
x_aq_lsu_top/x_aq_lsu_stb/x_aq_lsu_stb_entry_2/lfb_done_x,0,0.0,0.0,0.0,0.0,,0
x_aq_lsu_top/x_aq_lsu_stb/x_aq_lsu_stb_entry_2/lfb_err,0,0.0,0.0,0.0,0.0,,0
x_aq_lsu_top/x_aq_lsu_stb/x_aq_lsu_stb_entry_2/lfb_fifo[3:0],0,0.0,0.0,0.0,0.0,,0
x_aq_lsu_top/x_aq_lsu_stb/x_aq_lsu_stb_entry_2/pad_yy_icg_scan_en,0,0.0,0.0,0.0,0.0,,0
x_aq_lsu_top/x_aq_lsu_stb/x_aq_lsu_stb_entry_2/pfb_hit_stb_idx_x,0,0.0,0.0,0.0,0.0,,0
x_aq_lsu_top/x_aq_lsu_stb/x_aq_lsu_stb_entry_2/pfb_xx_pa[39:0],0,0.0,0.0,0.0,0.0,,0
x_aq_lsu_top/x_aq_lsu_stb/x_aq_lsu_stb_entry_2/stb_create_age[3:0],0,0.0,0.0,0.0,0.0,,0
x_aq_lsu_top/x_aq_lsu_stb/x_aq_lsu_stb_entry_2/stb_create_alct,1,0.00012030798845043312,2.770000000000003,0.36108717724170836,0.0,0.04920209652021361,1
x_aq_lsu_top/x_aq_lsu_stb/x_aq_lsu_stb_entry_2/stb_create_alias_idx[1:0],0,0.0,0.0,0.0,0.0,,0
x_aq_lsu_top/x_aq_lsu_stb/x_aq_lsu_stb_entry_2/stb_create_amo_inst,0,0.0,0.0,0.0,0.0,,0
x_aq_lsu_top/x_aq_lsu_stb/x_aq_lsu_stb_entry_2/stb_create_attr[2:0],3,0.0003609239653512993,3.4300000000000033,0.4471223891476749,0.0,0.002840715589005555,2
x_aq_lsu_top/x_aq_lsu_stb/x_aq_lsu_stb_entry_2/stb_create_bytes_vld[7:0],11,0.0013233878729547641,7.787272727272731,1.0151206958491865,0.09090909090909091,0.04731407182155538,7
x_aq_lsu_top/x_aq_lsu_stb/x_aq_lsu_stb_entry_2/stb_create_cache_hit,0,0.0,0.0,0.0,0.0,,0
x_aq_lsu_top/x_aq_lsu_stb/x_aq_lsu_stb_entry_2/stb_create_data[63:0],0,0.0,0.0,0.0,0.0,,0
x_aq_lsu_top/x_aq_lsu_stb/x_aq_lsu_stb_entry_2/stb_create_dca_inst,1,0.00012030798845043312,3.4099999999999966,0.4445152615141599,0.0,0.04879654758269631,1
x_aq_lsu_top/x_aq_lsu_stb/x_aq_lsu_stb_entry_2/stb_create_dca_type[1:0],3,0.0003609239653512993,5.2733333333333325,0.6874126527032273,0.0,0.03681194305677333,2
x_aq_lsu_top/x_aq_lsu_stb/x_aq_lsu_stb_entry_2/stb_create_en_gate_x,0,0.0,0.0,0.0,0.0,,0
x_aq_lsu_top/x_aq_lsu_stb/x_aq_lsu_stb_entry_2/stb_create_en_x,0,0.0,0.0,0.0,0.0,,0
x_aq_lsu_top/x_aq_lsu_stb/x_aq_lsu_stb_entry_2/stb_create_lock,0,0.0,0.0,0.0,0.0,,0
x_aq_lsu_top/x_aq_lsu_stb/x_aq_lsu_stb_entry_2/stb_create_pa[39:0],4,0.00048123195380173246,6.417500000000001,0.8365620794038487,0.0,0.049288993232723566,6
x_aq_lsu_top/x_aq_lsu_stb/x_aq_lsu_stb_entry_2/stb_create_priv_mode[1:0],2,0.00024061597690086623,3.7600000000000033,0.49013999510065814,0.0,-0.011226700708829732,1
x_aq_lsu_top/x_aq_lsu_stb/x_aq_lsu_stb_entry_2/stb_create_shift[3:0],0,0.0,0.0,0.0,0.0,,0
x_aq_lsu_top/x_aq_lsu_stb/x_aq_lsu_stb_entry_2/stb_create_size[1:0],8,0.0009624639076034649,7.621250000000005,0.9934785738459814,0.125,0.047910017754930444,2
x_aq_lsu_top/x_aq_lsu_stb/x_aq_lsu_stb_entry_2/stb_create_src2_depd,0,0.0,0.0,0.0,0.0,,0
x_aq_lsu_top/x_aq_lsu_stb/x_aq_lsu_stb_entry_2/stb_create_src2_reg[4:0],0,0.0,0.0,0.0,0.0,,0
x_aq_lsu_top/x_aq_lsu_stb/x_aq_lsu_stb_entry_2/stb_create_virt_idx[1:0],2,0.00024061597690086623,3.6199999999999974,0.4718901016660584,0.0,0.048840917826710545,1
x_aq_lsu_top/x_aq_lsu_stb/x_aq_lsu_stb_entry_2/stb_create_wait_lfb,1,0.00012030798845043312,2.770000000000003,0.36108717724170836,0.0,0.04920209652021361,1
x_aq_lsu_top/x_aq_lsu_stb/x_aq_lsu_stb_entry_2/stb_create_way[3:0],0,0.0,0.0,0.0,0.0,,0
x_aq_lsu_top/x_aq_lsu_stb/x_aq_lsu_stb_entry_2/stb_dca_done_x,0,0.0,0.0,0.0,0.0,,0
x_aq_lsu_top/x_aq_lsu_stb/x_aq_lsu_stb_entry_2/stb_dca_grant_x,0,0.0,0.0,0.0,0.0,,0
x_aq_lsu_top/x_aq_lsu_stb/x_aq_lsu_stb_entry_2/stb_entry_biu_req_x,0,0.0,0.0,0.0,0.0,,0
x_aq_lsu_top/x_aq_lsu_stb/x_aq_lsu_stb_entry_2/stb_entry_dcache_req_x,0,0.0,0.0,0.0,0.0,,0
x_aq_lsu_top/x_aq_lsu_stb/x_aq_lsu_stb_entry_2/stb_entry_fwd_vld_x,0,0.0,0.0,0.0,0.0,,0
x_aq_lsu_top/x_aq_lsu_stb/x_aq_lsu_stb_entry_2/stb_entry_merge_en_x,0,0.0,0.0,0.0,0.0,,0
x_aq_lsu_top/x_aq_lsu_stb/x_aq_lsu_stb_entry_2/stb_entry_pop_vld_x,0,0.0,0.0,0.0,0.0,,0
x_aq_lsu_top/x_aq_lsu_stb/x_aq_lsu_stb_entry_2/stb_entry_rdl_req_x,0,0.0,0.0,0.0,0.0,,0
x_aq_lsu_top/x_aq_lsu_stb/x_aq_lsu_stb_entry_2/stb_entry_so_vld_x,0,0.0,0.0,0.0,0.0,,0
x_aq_lsu_top/x_aq_lsu_stb/x_aq_lsu_stb_entry_2/stb_entry_src2_depd_x,0,0.0,0.0,0.0,0.0,,0
x_aq_lsu_top/x_aq_lsu_stb/x_aq_lsu_stb_entry_2/stb_entry_vld_x,0,0.0,0.0,0.0,0.0,,0
x_aq_lsu_top/x_aq_lsu_stb/x_aq_lsu_stb_entry_2/stb_entryx_age[3:0],0,0.0,0.0,0.0,0.0,,0
x_aq_lsu_top/x_aq_lsu_stb/x_aq_lsu_stb_entry_2/stb_entryx_bytes_vld[7:0],1,0.00012030798845043312,14.430000000000001,1.8810425875804497,0.0,-0.011463322603922455,1
x_aq_lsu_top/x_aq_lsu_stb/x_aq_lsu_stb_entry_2/stb_entryx_cache[3:0],2,0.00024061597690086623,10.350000000000001,1.3491885503435659,0.0,-0.011252701151185197,1
x_aq_lsu_top/x_aq_lsu_stb/x_aq_lsu_stb_entry_2/stb_entryx_data[63:0],0,0.0,0.0,0.0,0.0,,0
x_aq_lsu_top/x_aq_lsu_stb/x_aq_lsu_stb_entry_2/stb_entryx_dbginfo[2:0],0,0.0,0.0,0.0,0.0,,0
x_aq_lsu_top/x_aq_lsu_stb/x_aq_lsu_stb_entry_2/stb_entryx_dca_idx[1:0],0,0.0,0.0,0.0,0.0,,0
x_aq_lsu_top/x_aq_lsu_stb/x_aq_lsu_stb_entry_2/stb_entryx_dca_type[1:0],0,0.0,0.0,0.0,0.0,,0
x_aq_lsu_top/x_aq_lsu_stb/x_aq_lsu_stb_entry_2/stb_entryx_dca_way[3:0],0,0.0,0.0,0.0,0.0,,0
x_aq_lsu_top/x_aq_lsu_stb/x_aq_lsu_stb_entry_2/stb_entryx_idx[13:0],0,0.0,0.0,0.0,0.0,,0
x_aq_lsu_top/x_aq_lsu_stb/x_aq_lsu_stb_entry_2/stb_entryx_pa[39:0],0,0.0,0.0,0.0,0.0,,0
x_aq_lsu_top/x_aq_lsu_stb/x_aq_lsu_stb_entry_2/stb_entryx_prot[2:0],1,0.00012030798845043312,14.430000000000001,1.8810425875804497,0.0,-0.01146332260392248,1
x_aq_lsu_top/x_aq_lsu_stb/x_aq_lsu_stb_entry_2/stb_entryx_size[2:0],2,0.00024061597690086623,10.350000000000001,1.3491885503435659,0.0,-0.011252701151185197,1
x_aq_lsu_top/x_aq_lsu_stb/x_aq_lsu_stb_entry_2/stb_entryx_user,1,0.00012030798845043312,14.430000000000001,1.8810425875804497,0.0,-0.011463322603922455,1
x_aq_lsu_top/x_aq_lsu_stb/x_aq_lsu_stb_entry_2/stb_entryx_way[3:0],0,0.0,0.0,0.0,0.0,,0
x_aq_lsu_top/x_aq_lsu_stb/x_aq_lsu_stb_entry_2/stb_merge_finish_x,0,0.0,0.0,0.0,0.0,,0
x_aq_lsu_top/x_aq_lsu_stb/x_aq_lsu_stb_entry_2/stb_merge_req,0,0.0,0.0,0.0,0.0,,0
x_aq_lsu_top/x_aq_lsu_stb/x_aq_lsu_stb_entry_2/stb_merge_req_gate,0,0.0,0.0,0.0,0.0,,0
x_aq_lsu_top/x_aq_lsu_stb/x_aq_lsu_stb_entry_2/stb_pop_en[3:0],0,0.0,0.0,0.0,0.0,,0
x_aq_lsu_top/x_aq_lsu_stb/x_aq_lsu_stb_entry_2/stb_wbus_cmplt_x,0,0.0,0.0,0.0,0.0,,0
x_aq_lsu_top/x_aq_lsu_stb/x_aq_lsu_stb_entry_2/stb_wca_grant_x,0,0.0,0.0,0.0,0.0,,0
x_aq_lsu_top/x_aq_lsu_stb/x_aq_lsu_stb_entry_2/vlsu_lsu_fwd_data[63:0],0,0.0,0.0,0.0,0.0,,0
x_aq_lsu_top/x_aq_lsu_stb/x_aq_lsu_stb_entry_2/vlsu_lsu_fwd_dest_reg[4:0],0,0.0,0.0,0.0,0.0,,0
x_aq_lsu_top/x_aq_lsu_stb/x_aq_lsu_stb_entry_2/vlsu_lsu_fwd_vld,0,0.0,0.0,0.0,0.0,,0
x_aq_lsu_top/x_aq_lsu_stb/x_aq_lsu_stb_entry_2/bytes_vld_allone,0,0.0,0.0,0.0,0.0,,0
x_aq_lsu_top/x_aq_lsu_stb/x_aq_lsu_stb_entry_2/dc_hit_stb_addr,0,0.0,0.0,0.0,0.0,,0
x_aq_lsu_top/x_aq_lsu_stb/x_aq_lsu_stb_entry_2/dc_hit_stb_bytes,1,0.00012030798845043312,14.430000000000001,1.8810425875804497,0.0,-0.011463322603922455,1
x_aq_lsu_top/x_aq_lsu_stb/x_aq_lsu_stb_entry_2/dc_hit_stb_bytes_full,2,0.00024061597690086623,9.129999999999999,1.1901537646992033,0.0,-0.04914122484466943,1
x_aq_lsu_top/x_aq_lsu_stb/x_aq_lsu_stb_entry_2/dc_hit_stb_line,0,0.0,0.0,0.0,0.0,,0
x_aq_lsu_top/x_aq_lsu_stb/x_aq_lsu_stb_entry_2/stb_create_ca,1,0.00012030798845043312,2.770000000000003,0.36108717724170836,0.0,0.04920209652021361,1
x_aq_lsu_top/x_aq_lsu_stb/x_aq_lsu_stb_entry_2/stb_cur_idle,1,0.00012030798845043312,41.400000000000006,5.3967542013742635,1.0,-0.14861602140388885,1
x_aq_lsu_top/x_aq_lsu_stb/x_aq_lsu_stb_entry_2/stb_cur_merg,0,0.0,0.0,0.0,0.0,,0
x_aq_lsu_top/x_aq_lsu_stb/x_aq_lsu_stb_entry_2/stb_cur_rdl,0,0.0,0.0,0.0,0.0,,0
x_aq_lsu_top/x_aq_lsu_stb/x_aq_lsu_stb_entry_2/stb_cur_wbus,0,0.0,0.0,0.0,0.0,,0
x_aq_lsu_top/x_aq_lsu_stb/x_aq_lsu_stb_entry_2/stb_cur_wca,0,0.0,0.0,0.0,0.0,,0
x_aq_lsu_top/x_aq_lsu_stb/x_aq_lsu_stb_entry_2/stb_cur_wlfb,0,0.0,0.0,0.0,0.0,,0
x_aq_lsu_top/x_aq_lsu_stb/x_aq_lsu_stb_entry_2/stb_cur_wrdl,0,0.0,0.0,0.0,0.0,,0
x_aq_lsu_top/x_aq_lsu_stb/x_aq_lsu_stb_entry_2/stb_dp_clk,0,0.0,0.0,0.0,0.0,,0
x_aq_lsu_top/x_aq_lsu_stb/x_aq_lsu_stb_entry_2/stb_dp_clk_en,2,0.00024061597690086623,7.3900000000000015,0.9633336605834737,0.0,8.1767073335401e-05,1
x_aq_lsu_top/x_aq_lsu_stb/x_aq_lsu_stb_entry_2/stb_entry_buf,1,0.00012030798845043312,14.430000000000001,1.8810425875804497,0.0,-0.011463322603922455,1
x_aq_lsu_top/x_aq_lsu_stb/x_aq_lsu_stb_entry_2/stb_entry_ca,0,0.0,0.0,0.0,0.0,,0
x_aq_lsu_top/x_aq_lsu_stb/x_aq_lsu_stb_entry_2/stb_entry_dca,0,0.0,0.0,0.0,0.0,,0
x_aq_lsu_top/x_aq_lsu_stb/x_aq_lsu_stb_entry_2/stb_entry_merge_en,0,0.0,0.0,0.0,0.0,,0
x_aq_lsu_top/x_aq_lsu_stb/x_aq_lsu_stb_entry_2/stb_entry_offset[2:0],0,0.0,0.0,0.0,0.0,,0
x_aq_lsu_top/x_aq_lsu_stb/x_aq_lsu_stb_entry_2/stb_entry_vld,0,0.0,0.0,0.0,0.0,,0
x_aq_lsu_top/x_aq_lsu_stb/x_aq_lsu_stb_entry_2/stb_entry_wdata_ready,1,0.00012030798845043312,1.2299999999999933,0.16033834946111852,0.0,-0.11407227095261288,1
x_aq_lsu_top/x_aq_lsu_stb/x_aq_lsu_stb_entry_2/stb_entry_wo,1,0.00012030798845043312,14.430000000000001,1.8810425875804497,0.0,-0.011463322603922455,1
x_aq_lsu_top/x_aq_lsu_stb/x_aq_lsu_stb_entry_2/stb_fsm_clk,0,0.0,0.0,0.0,0.0,,0
x_aq_lsu_top/x_aq_lsu_stb/x_aq_lsu_stb_entry_2/stb_fsm_clk_en,0,0.0,0.0,0.0,0.0,,0
x_aq_lsu_top/x_aq_lsu_stb/x_aq_lsu_stb_entry_2/stb_fwd_data_raw[63:0],0,0.0,0.0,0.0,0.0,,0
x_aq_lsu_top/x_aq_lsu_stb/x_aq_lsu_stb_entry_2/stb_fwd_vld,0,0.0,0.0,0.0,0.0,,0
x_aq_lsu_top/x_aq_lsu_stb/x_aq_lsu_stb_entry_2/stb_merge_bytes[63:0],12,0.0014436958614051972,7.242500000000003,0.9441060942863072,0.08333333333333333,,16
x_aq_lsu_top/x_aq_lsu_stb/x_aq_lsu_stb_entry_2/stb_merge_data[63:0],0,0.0,0.0,0.0,0.0,,0
x_aq_lsu_top/x_aq_lsu_stb/x_aq_lsu_stb_entry_2/stb_merge_vld,0,0.0,0.0,0.0,0.0,,0
x_aq_lsu_top/x_aq_lsu_stb/x_aq_lsu_stb_entry_2/stb_merge_vld_gate,0,0.0,0.0,0.0,0.0,,0
x_aq_lsu_top/x_aq_lsu_stb/x_aq_lsu_stb_entry_2/stb_wdata_clk,0,0.0,0.0,0.0,0.0,,0
x_aq_lsu_top/x_aq_lsu_stb/x_aq_lsu_stb_entry_2/stb_wdata_clk_en,2,0.00024061597690086623,7.3900000000000015,0.9633336605834737,0.0,8.1767073335401e-05,1
x_aq_lsu_top/x_aq_lsu_stb/x_aq_lsu_stb_entry_2/x_pa_lsu_stb_fsm_gated_clk/clk_in,0,0.0,0.0,0.0,0.0,,0
x_aq_lsu_top/x_aq_lsu_stb/x_aq_lsu_stb_entry_2/x_pa_lsu_stb_fsm_gated_clk/global_en,0,0.0,0.0,0.0,0.0,,0
x_aq_lsu_top/x_aq_lsu_stb/x_aq_lsu_stb_entry_2/x_pa_lsu_stb_fsm_gated_clk/module_en,0,0.0,0.0,0.0,0.0,,0
x_aq_lsu_top/x_aq_lsu_stb/x_aq_lsu_stb_entry_2/x_pa_lsu_stb_fsm_gated_clk/local_en,0,0.0,0.0,0.0,0.0,,0
x_aq_lsu_top/x_aq_lsu_stb/x_aq_lsu_stb_entry_2/x_pa_lsu_stb_fsm_gated_clk/external_en,0,0.0,0.0,0.0,0.0,,0
x_aq_lsu_top/x_aq_lsu_stb/x_aq_lsu_stb_entry_2/x_pa_lsu_stb_fsm_gated_clk/pad_yy_icg_scan_en,0,0.0,0.0,0.0,0.0,,0
x_aq_lsu_top/x_aq_lsu_stb/x_aq_lsu_stb_entry_2/x_pa_lsu_stb_fsm_gated_clk/clk_out,0,0.0,0.0,0.0,0.0,,0
x_aq_lsu_top/x_aq_lsu_stb/x_aq_lsu_stb_entry_2/x_pa_lsu_stb_fsm_gated_clk/clk_en_bf_latch,0,0.0,0.0,0.0,0.0,,0
x_aq_lsu_top/x_aq_lsu_stb/x_aq_lsu_stb_entry_2/x_pa_lsu_stb_fsm_gated_clk/SE,0,0.0,0.0,0.0,0.0,,0
x_aq_lsu_top/x_aq_lsu_stb/x_aq_lsu_stb_entry_2/x_pa_lsu_stb_dp_gated_clk/clk_in,0,0.0,0.0,0.0,0.0,,0
x_aq_lsu_top/x_aq_lsu_stb/x_aq_lsu_stb_entry_2/x_pa_lsu_stb_dp_gated_clk/global_en,0,0.0,0.0,0.0,0.0,,0
x_aq_lsu_top/x_aq_lsu_stb/x_aq_lsu_stb_entry_2/x_pa_lsu_stb_dp_gated_clk/module_en,0,0.0,0.0,0.0,0.0,,0
x_aq_lsu_top/x_aq_lsu_stb/x_aq_lsu_stb_entry_2/x_pa_lsu_stb_dp_gated_clk/local_en,2,0.00024061597690086623,7.3900000000000015,0.9633336605834737,0.0,8.1767073335401e-05,1
x_aq_lsu_top/x_aq_lsu_stb/x_aq_lsu_stb_entry_2/x_pa_lsu_stb_dp_gated_clk/external_en,0,0.0,0.0,0.0,0.0,,0
x_aq_lsu_top/x_aq_lsu_stb/x_aq_lsu_stb_entry_2/x_pa_lsu_stb_dp_gated_clk/pad_yy_icg_scan_en,0,0.0,0.0,0.0,0.0,,0
x_aq_lsu_top/x_aq_lsu_stb/x_aq_lsu_stb_entry_2/x_pa_lsu_stb_dp_gated_clk/clk_out,0,0.0,0.0,0.0,0.0,,0
x_aq_lsu_top/x_aq_lsu_stb/x_aq_lsu_stb_entry_2/x_pa_lsu_stb_dp_gated_clk/clk_en_bf_latch,2,0.00024061597690086623,7.3900000000000015,0.9633336605834737,0.0,8.1767073335401e-05,1
x_aq_lsu_top/x_aq_lsu_stb/x_aq_lsu_stb_entry_2/x_pa_lsu_stb_dp_gated_clk/SE,0,0.0,0.0,0.0,0.0,,0
x_aq_lsu_top/x_aq_lsu_stb/x_aq_lsu_stb_entry_2/x_pa_lsu_stb_wdata_gated_clk/clk_in,0,0.0,0.0,0.0,0.0,,0
x_aq_lsu_top/x_aq_lsu_stb/x_aq_lsu_stb_entry_2/x_pa_lsu_stb_wdata_gated_clk/global_en,0,0.0,0.0,0.0,0.0,,0
x_aq_lsu_top/x_aq_lsu_stb/x_aq_lsu_stb_entry_2/x_pa_lsu_stb_wdata_gated_clk/module_en,0,0.0,0.0,0.0,0.0,,0
x_aq_lsu_top/x_aq_lsu_stb/x_aq_lsu_stb_entry_2/x_pa_lsu_stb_wdata_gated_clk/local_en,2,0.00024061597690086623,7.3900000000000015,0.9633336605834737,0.0,8.1767073335401e-05,1
x_aq_lsu_top/x_aq_lsu_stb/x_aq_lsu_stb_entry_2/x_pa_lsu_stb_wdata_gated_clk/external_en,0,0.0,0.0,0.0,0.0,,0
x_aq_lsu_top/x_aq_lsu_stb/x_aq_lsu_stb_entry_2/x_pa_lsu_stb_wdata_gated_clk/pad_yy_icg_scan_en,0,0.0,0.0,0.0,0.0,,0
x_aq_lsu_top/x_aq_lsu_stb/x_aq_lsu_stb_entry_2/x_pa_lsu_stb_wdata_gated_clk/clk_out,0,0.0,0.0,0.0,0.0,,0
x_aq_lsu_top/x_aq_lsu_stb/x_aq_lsu_stb_entry_2/x_pa_lsu_stb_wdata_gated_clk/clk_en_bf_latch,2,0.00024061597690086623,7.3900000000000015,0.9633336605834737,0.0,8.1767073335401e-05,1
x_aq_lsu_top/x_aq_lsu_stb/x_aq_lsu_stb_entry_2/x_pa_lsu_stb_wdata_gated_clk/SE,0,0.0,0.0,0.0,0.0,,0
x_aq_lsu_top/x_aq_lsu_stb/x_aq_lsu_stb_entry_3/amo_alu_stb_rst[63:0],0,0.0,0.0,0.0,0.0,,0
x_aq_lsu_top/x_aq_lsu_stb/x_aq_lsu_stb_entry_3/amo_data_ready_x,0,0.0,0.0,0.0,0.0,,0
x_aq_lsu_top/x_aq_lsu_stb/x_aq_lsu_stb_entry_3/cp0_lsu_dcache_wb,0,0.0,0.0,0.0,0.0,,0
x_aq_lsu_top/x_aq_lsu_stb/x_aq_lsu_stb_entry_3/cp0_lsu_icg_en,0,0.0,0.0,0.0,0.0,,0
x_aq_lsu_top/x_aq_lsu_stb/x_aq_lsu_stb_entry_3/cpurst_b,3,0.0003609239653512993,6.4566666666666634,0.8416677043528134,0.3333333333333333,-0.052373008311376444,1
x_aq_lsu_top/x_aq_lsu_stb/x_aq_lsu_stb_entry_3/dc_hit_stb_addr_wca_x,0,0.0,0.0,0.0,0.0,,0
x_aq_lsu_top/x_aq_lsu_stb/x_aq_lsu_stb_entry_3/dc_hit_stb_addr_x,0,0.0,0.0,0.0,0.0,,0
x_aq_lsu_top/x_aq_lsu_stb/x_aq_lsu_stb_entry_3/dc_hit_stb_dca_x,0,0.0,0.0,0.0,0.0,,0
x_aq_lsu_top/x_aq_lsu_stb/x_aq_lsu_stb_entry_3/dc_hit_stb_full_x,0,0.0,0.0,0.0,0.0,,0
x_aq_lsu_top/x_aq_lsu_stb/x_aq_lsu_stb_entry_3/dc_hit_stb_idx_x,0,0.0,0.0,0.0,0.0,,0
x_aq_lsu_top/x_aq_lsu_stb/x_aq_lsu_stb_entry_3/dc_hit_stb_part_x,0,0.0,0.0,0.0,0.0,,0
x_aq_lsu_top/x_aq_lsu_stb/x_aq_lsu_stb_entry_3/dc_xx_bytes_vld[7:0],11,0.0013233878729547641,7.787272727272731,1.0151206958491865,0.09090909090909091,0.04731407182155538,7
x_aq_lsu_top/x_aq_lsu_stb/x_aq_lsu_stb_entry_3/dc_xx_pa[39:0],4,0.00048123195380173246,6.417500000000001,0.8365620794038487,0.0,0.049288993232723566,6
x_aq_lsu_top/x_aq_lsu_stb/x_aq_lsu_stb_entry_3/forever_cpuclk,0,0.0,0.0,0.0,0.0,,0
x_aq_lsu_top/x_aq_lsu_stb/x_aq_lsu_stb_entry_3/ifu_lsu_warm_up,2,0.00024061597690086623,7.3900000000000015,0.9633336605834737,0.0,8.1767073335401e-05,1
x_aq_lsu_top/x_aq_lsu_stb/x_aq_lsu_stb_entry_3/lfb_done_x,0,0.0,0.0,0.0,0.0,,0
x_aq_lsu_top/x_aq_lsu_stb/x_aq_lsu_stb_entry_3/lfb_err,0,0.0,0.0,0.0,0.0,,0
x_aq_lsu_top/x_aq_lsu_stb/x_aq_lsu_stb_entry_3/lfb_fifo[3:0],0,0.0,0.0,0.0,0.0,,0
x_aq_lsu_top/x_aq_lsu_stb/x_aq_lsu_stb_entry_3/pad_yy_icg_scan_en,0,0.0,0.0,0.0,0.0,,0
x_aq_lsu_top/x_aq_lsu_stb/x_aq_lsu_stb_entry_3/pfb_hit_stb_idx_x,0,0.0,0.0,0.0,0.0,,0
x_aq_lsu_top/x_aq_lsu_stb/x_aq_lsu_stb_entry_3/pfb_xx_pa[39:0],0,0.0,0.0,0.0,0.0,,0
x_aq_lsu_top/x_aq_lsu_stb/x_aq_lsu_stb_entry_3/stb_create_age[3:0],0,0.0,0.0,0.0,0.0,,0
x_aq_lsu_top/x_aq_lsu_stb/x_aq_lsu_stb_entry_3/stb_create_alct,1,0.00012030798845043312,2.770000000000003,0.36108717724170836,0.0,0.04920209652021361,1
x_aq_lsu_top/x_aq_lsu_stb/x_aq_lsu_stb_entry_3/stb_create_alias_idx[1:0],0,0.0,0.0,0.0,0.0,,0
x_aq_lsu_top/x_aq_lsu_stb/x_aq_lsu_stb_entry_3/stb_create_amo_inst,0,0.0,0.0,0.0,0.0,,0
x_aq_lsu_top/x_aq_lsu_stb/x_aq_lsu_stb_entry_3/stb_create_attr[2:0],3,0.0003609239653512993,3.4300000000000033,0.4471223891476749,0.0,0.002840715589005555,2
x_aq_lsu_top/x_aq_lsu_stb/x_aq_lsu_stb_entry_3/stb_create_bytes_vld[7:0],11,0.0013233878729547641,7.787272727272731,1.0151206958491865,0.09090909090909091,0.04731407182155538,7
x_aq_lsu_top/x_aq_lsu_stb/x_aq_lsu_stb_entry_3/stb_create_cache_hit,0,0.0,0.0,0.0,0.0,,0
x_aq_lsu_top/x_aq_lsu_stb/x_aq_lsu_stb_entry_3/stb_create_data[63:0],0,0.0,0.0,0.0,0.0,,0
x_aq_lsu_top/x_aq_lsu_stb/x_aq_lsu_stb_entry_3/stb_create_dca_inst,1,0.00012030798845043312,3.4099999999999966,0.4445152615141599,0.0,0.04879654758269631,1
x_aq_lsu_top/x_aq_lsu_stb/x_aq_lsu_stb_entry_3/stb_create_dca_type[1:0],3,0.0003609239653512993,5.2733333333333325,0.6874126527032273,0.0,0.03681194305677333,2
x_aq_lsu_top/x_aq_lsu_stb/x_aq_lsu_stb_entry_3/stb_create_en_gate_x,0,0.0,0.0,0.0,0.0,,0
x_aq_lsu_top/x_aq_lsu_stb/x_aq_lsu_stb_entry_3/stb_create_en_x,0,0.0,0.0,0.0,0.0,,0
x_aq_lsu_top/x_aq_lsu_stb/x_aq_lsu_stb_entry_3/stb_create_lock,0,0.0,0.0,0.0,0.0,,0
x_aq_lsu_top/x_aq_lsu_stb/x_aq_lsu_stb_entry_3/stb_create_pa[39:0],4,0.00048123195380173246,6.417500000000001,0.8365620794038487,0.0,0.049288993232723566,6
x_aq_lsu_top/x_aq_lsu_stb/x_aq_lsu_stb_entry_3/stb_create_priv_mode[1:0],2,0.00024061597690086623,3.7600000000000033,0.49013999510065814,0.0,-0.011226700708829732,1
x_aq_lsu_top/x_aq_lsu_stb/x_aq_lsu_stb_entry_3/stb_create_shift[3:0],0,0.0,0.0,0.0,0.0,,0
x_aq_lsu_top/x_aq_lsu_stb/x_aq_lsu_stb_entry_3/stb_create_size[1:0],8,0.0009624639076034649,7.621250000000005,0.9934785738459814,0.125,0.047910017754930444,2
x_aq_lsu_top/x_aq_lsu_stb/x_aq_lsu_stb_entry_3/stb_create_src2_depd,0,0.0,0.0,0.0,0.0,,0
x_aq_lsu_top/x_aq_lsu_stb/x_aq_lsu_stb_entry_3/stb_create_src2_reg[4:0],0,0.0,0.0,0.0,0.0,,0
x_aq_lsu_top/x_aq_lsu_stb/x_aq_lsu_stb_entry_3/stb_create_virt_idx[1:0],2,0.00024061597690086623,3.6199999999999974,0.4718901016660584,0.0,0.048840917826710545,1
x_aq_lsu_top/x_aq_lsu_stb/x_aq_lsu_stb_entry_3/stb_create_wait_lfb,1,0.00012030798845043312,2.770000000000003,0.36108717724170836,0.0,0.04920209652021361,1
x_aq_lsu_top/x_aq_lsu_stb/x_aq_lsu_stb_entry_3/stb_create_way[3:0],0,0.0,0.0,0.0,0.0,,0
x_aq_lsu_top/x_aq_lsu_stb/x_aq_lsu_stb_entry_3/stb_dca_done_x,0,0.0,0.0,0.0,0.0,,0
x_aq_lsu_top/x_aq_lsu_stb/x_aq_lsu_stb_entry_3/stb_dca_grant_x,0,0.0,0.0,0.0,0.0,,0
x_aq_lsu_top/x_aq_lsu_stb/x_aq_lsu_stb_entry_3/stb_entry_biu_req_x,0,0.0,0.0,0.0,0.0,,0
x_aq_lsu_top/x_aq_lsu_stb/x_aq_lsu_stb_entry_3/stb_entry_dcache_req_x,0,0.0,0.0,0.0,0.0,,0
x_aq_lsu_top/x_aq_lsu_stb/x_aq_lsu_stb_entry_3/stb_entry_fwd_vld_x,0,0.0,0.0,0.0,0.0,,0
x_aq_lsu_top/x_aq_lsu_stb/x_aq_lsu_stb_entry_3/stb_entry_merge_en_x,0,0.0,0.0,0.0,0.0,,0
x_aq_lsu_top/x_aq_lsu_stb/x_aq_lsu_stb_entry_3/stb_entry_pop_vld_x,0,0.0,0.0,0.0,0.0,,0
x_aq_lsu_top/x_aq_lsu_stb/x_aq_lsu_stb_entry_3/stb_entry_rdl_req_x,0,0.0,0.0,0.0,0.0,,0
x_aq_lsu_top/x_aq_lsu_stb/x_aq_lsu_stb_entry_3/stb_entry_so_vld_x,0,0.0,0.0,0.0,0.0,,0
x_aq_lsu_top/x_aq_lsu_stb/x_aq_lsu_stb_entry_3/stb_entry_src2_depd_x,0,0.0,0.0,0.0,0.0,,0
x_aq_lsu_top/x_aq_lsu_stb/x_aq_lsu_stb_entry_3/stb_entry_vld_x,0,0.0,0.0,0.0,0.0,,0
x_aq_lsu_top/x_aq_lsu_stb/x_aq_lsu_stb_entry_3/stb_entryx_age[3:0],0,0.0,0.0,0.0,0.0,,0
x_aq_lsu_top/x_aq_lsu_stb/x_aq_lsu_stb_entry_3/stb_entryx_bytes_vld[7:0],1,0.00012030798845043312,14.430000000000001,1.8810425875804497,0.0,-0.011463322603922455,1
x_aq_lsu_top/x_aq_lsu_stb/x_aq_lsu_stb_entry_3/stb_entryx_cache[3:0],2,0.00024061597690086623,10.350000000000001,1.3491885503435659,0.0,-0.011252701151185197,1
x_aq_lsu_top/x_aq_lsu_stb/x_aq_lsu_stb_entry_3/stb_entryx_data[63:0],0,0.0,0.0,0.0,0.0,,0
x_aq_lsu_top/x_aq_lsu_stb/x_aq_lsu_stb_entry_3/stb_entryx_dbginfo[2:0],0,0.0,0.0,0.0,0.0,,0
x_aq_lsu_top/x_aq_lsu_stb/x_aq_lsu_stb_entry_3/stb_entryx_dca_idx[1:0],0,0.0,0.0,0.0,0.0,,0
x_aq_lsu_top/x_aq_lsu_stb/x_aq_lsu_stb_entry_3/stb_entryx_dca_type[1:0],0,0.0,0.0,0.0,0.0,,0
x_aq_lsu_top/x_aq_lsu_stb/x_aq_lsu_stb_entry_3/stb_entryx_dca_way[3:0],0,0.0,0.0,0.0,0.0,,0
x_aq_lsu_top/x_aq_lsu_stb/x_aq_lsu_stb_entry_3/stb_entryx_idx[13:0],0,0.0,0.0,0.0,0.0,,0
x_aq_lsu_top/x_aq_lsu_stb/x_aq_lsu_stb_entry_3/stb_entryx_pa[39:0],0,0.0,0.0,0.0,0.0,,0
x_aq_lsu_top/x_aq_lsu_stb/x_aq_lsu_stb_entry_3/stb_entryx_prot[2:0],1,0.00012030798845043312,14.430000000000001,1.8810425875804497,0.0,-0.01146332260392248,1
x_aq_lsu_top/x_aq_lsu_stb/x_aq_lsu_stb_entry_3/stb_entryx_size[2:0],2,0.00024061597690086623,10.350000000000001,1.3491885503435659,0.0,-0.011252701151185197,1
x_aq_lsu_top/x_aq_lsu_stb/x_aq_lsu_stb_entry_3/stb_entryx_user,1,0.00012030798845043312,14.430000000000001,1.8810425875804497,0.0,-0.011463322603922455,1
x_aq_lsu_top/x_aq_lsu_stb/x_aq_lsu_stb_entry_3/stb_entryx_way[3:0],0,0.0,0.0,0.0,0.0,,0
x_aq_lsu_top/x_aq_lsu_stb/x_aq_lsu_stb_entry_3/stb_merge_finish_x,0,0.0,0.0,0.0,0.0,,0
x_aq_lsu_top/x_aq_lsu_stb/x_aq_lsu_stb_entry_3/stb_merge_req,0,0.0,0.0,0.0,0.0,,0
x_aq_lsu_top/x_aq_lsu_stb/x_aq_lsu_stb_entry_3/stb_merge_req_gate,0,0.0,0.0,0.0,0.0,,0
x_aq_lsu_top/x_aq_lsu_stb/x_aq_lsu_stb_entry_3/stb_pop_en[3:0],0,0.0,0.0,0.0,0.0,,0
x_aq_lsu_top/x_aq_lsu_stb/x_aq_lsu_stb_entry_3/stb_wbus_cmplt_x,0,0.0,0.0,0.0,0.0,,0
x_aq_lsu_top/x_aq_lsu_stb/x_aq_lsu_stb_entry_3/stb_wca_grant_x,0,0.0,0.0,0.0,0.0,,0
x_aq_lsu_top/x_aq_lsu_stb/x_aq_lsu_stb_entry_3/vlsu_lsu_fwd_data[63:0],0,0.0,0.0,0.0,0.0,,0
x_aq_lsu_top/x_aq_lsu_stb/x_aq_lsu_stb_entry_3/vlsu_lsu_fwd_dest_reg[4:0],0,0.0,0.0,0.0,0.0,,0
x_aq_lsu_top/x_aq_lsu_stb/x_aq_lsu_stb_entry_3/vlsu_lsu_fwd_vld,0,0.0,0.0,0.0,0.0,,0
x_aq_lsu_top/x_aq_lsu_stb/x_aq_lsu_stb_entry_3/bytes_vld_allone,0,0.0,0.0,0.0,0.0,,0
x_aq_lsu_top/x_aq_lsu_stb/x_aq_lsu_stb_entry_3/dc_hit_stb_addr,0,0.0,0.0,0.0,0.0,,0
x_aq_lsu_top/x_aq_lsu_stb/x_aq_lsu_stb_entry_3/dc_hit_stb_bytes,1,0.00012030798845043312,14.430000000000001,1.8810425875804497,0.0,-0.011463322603922455,1
x_aq_lsu_top/x_aq_lsu_stb/x_aq_lsu_stb_entry_3/dc_hit_stb_bytes_full,2,0.00024061597690086623,9.129999999999999,1.1901537646992033,0.0,-0.04914122484466943,1
x_aq_lsu_top/x_aq_lsu_stb/x_aq_lsu_stb_entry_3/dc_hit_stb_line,0,0.0,0.0,0.0,0.0,,0
x_aq_lsu_top/x_aq_lsu_stb/x_aq_lsu_stb_entry_3/stb_create_ca,1,0.00012030798845043312,2.770000000000003,0.36108717724170836,0.0,0.04920209652021361,1
x_aq_lsu_top/x_aq_lsu_stb/x_aq_lsu_stb_entry_3/stb_cur_idle,1,0.00012030798845043312,41.400000000000006,5.3967542013742635,1.0,-0.14861602140388885,1
x_aq_lsu_top/x_aq_lsu_stb/x_aq_lsu_stb_entry_3/stb_cur_merg,0,0.0,0.0,0.0,0.0,,0
x_aq_lsu_top/x_aq_lsu_stb/x_aq_lsu_stb_entry_3/stb_cur_rdl,0,0.0,0.0,0.0,0.0,,0
x_aq_lsu_top/x_aq_lsu_stb/x_aq_lsu_stb_entry_3/stb_cur_wbus,0,0.0,0.0,0.0,0.0,,0
x_aq_lsu_top/x_aq_lsu_stb/x_aq_lsu_stb_entry_3/stb_cur_wca,0,0.0,0.0,0.0,0.0,,0
x_aq_lsu_top/x_aq_lsu_stb/x_aq_lsu_stb_entry_3/stb_cur_wlfb,0,0.0,0.0,0.0,0.0,,0
x_aq_lsu_top/x_aq_lsu_stb/x_aq_lsu_stb_entry_3/stb_cur_wrdl,0,0.0,0.0,0.0,0.0,,0
x_aq_lsu_top/x_aq_lsu_stb/x_aq_lsu_stb_entry_3/stb_dp_clk,0,0.0,0.0,0.0,0.0,,0
x_aq_lsu_top/x_aq_lsu_stb/x_aq_lsu_stb_entry_3/stb_dp_clk_en,2,0.00024061597690086623,7.3900000000000015,0.9633336605834737,0.0,8.1767073335401e-05,1
x_aq_lsu_top/x_aq_lsu_stb/x_aq_lsu_stb_entry_3/stb_entry_buf,1,0.00012030798845043312,14.430000000000001,1.8810425875804497,0.0,-0.011463322603922455,1
x_aq_lsu_top/x_aq_lsu_stb/x_aq_lsu_stb_entry_3/stb_entry_ca,0,0.0,0.0,0.0,0.0,,0
x_aq_lsu_top/x_aq_lsu_stb/x_aq_lsu_stb_entry_3/stb_entry_dca,0,0.0,0.0,0.0,0.0,,0
x_aq_lsu_top/x_aq_lsu_stb/x_aq_lsu_stb_entry_3/stb_entry_merge_en,0,0.0,0.0,0.0,0.0,,0
x_aq_lsu_top/x_aq_lsu_stb/x_aq_lsu_stb_entry_3/stb_entry_offset[2:0],0,0.0,0.0,0.0,0.0,,0
x_aq_lsu_top/x_aq_lsu_stb/x_aq_lsu_stb_entry_3/stb_entry_vld,0,0.0,0.0,0.0,0.0,,0
x_aq_lsu_top/x_aq_lsu_stb/x_aq_lsu_stb_entry_3/stb_entry_wdata_ready,1,0.00012030798845043312,1.2299999999999933,0.16033834946111852,0.0,-0.11407227095261288,1
x_aq_lsu_top/x_aq_lsu_stb/x_aq_lsu_stb_entry_3/stb_entry_wo,1,0.00012030798845043312,14.430000000000001,1.8810425875804497,0.0,-0.011463322603922455,1
x_aq_lsu_top/x_aq_lsu_stb/x_aq_lsu_stb_entry_3/stb_fsm_clk,0,0.0,0.0,0.0,0.0,,0
x_aq_lsu_top/x_aq_lsu_stb/x_aq_lsu_stb_entry_3/stb_fsm_clk_en,0,0.0,0.0,0.0,0.0,,0
x_aq_lsu_top/x_aq_lsu_stb/x_aq_lsu_stb_entry_3/stb_fwd_data_raw[63:0],0,0.0,0.0,0.0,0.0,,0
x_aq_lsu_top/x_aq_lsu_stb/x_aq_lsu_stb_entry_3/stb_fwd_vld,0,0.0,0.0,0.0,0.0,,0
x_aq_lsu_top/x_aq_lsu_stb/x_aq_lsu_stb_entry_3/stb_merge_bytes[63:0],12,0.0014436958614051972,7.242500000000003,0.9441060942863072,0.08333333333333333,,16
x_aq_lsu_top/x_aq_lsu_stb/x_aq_lsu_stb_entry_3/stb_merge_data[63:0],0,0.0,0.0,0.0,0.0,,0
x_aq_lsu_top/x_aq_lsu_stb/x_aq_lsu_stb_entry_3/stb_merge_vld,0,0.0,0.0,0.0,0.0,,0
x_aq_lsu_top/x_aq_lsu_stb/x_aq_lsu_stb_entry_3/stb_merge_vld_gate,0,0.0,0.0,0.0,0.0,,0
x_aq_lsu_top/x_aq_lsu_stb/x_aq_lsu_stb_entry_3/stb_wdata_clk,0,0.0,0.0,0.0,0.0,,0
x_aq_lsu_top/x_aq_lsu_stb/x_aq_lsu_stb_entry_3/stb_wdata_clk_en,2,0.00024061597690086623,7.3900000000000015,0.9633336605834737,0.0,8.1767073335401e-05,1
x_aq_lsu_top/x_aq_lsu_stb/x_aq_lsu_stb_entry_3/x_pa_lsu_stb_fsm_gated_clk/clk_in,0,0.0,0.0,0.0,0.0,,0
x_aq_lsu_top/x_aq_lsu_stb/x_aq_lsu_stb_entry_3/x_pa_lsu_stb_fsm_gated_clk/global_en,0,0.0,0.0,0.0,0.0,,0
x_aq_lsu_top/x_aq_lsu_stb/x_aq_lsu_stb_entry_3/x_pa_lsu_stb_fsm_gated_clk/module_en,0,0.0,0.0,0.0,0.0,,0
x_aq_lsu_top/x_aq_lsu_stb/x_aq_lsu_stb_entry_3/x_pa_lsu_stb_fsm_gated_clk/local_en,0,0.0,0.0,0.0,0.0,,0
x_aq_lsu_top/x_aq_lsu_stb/x_aq_lsu_stb_entry_3/x_pa_lsu_stb_fsm_gated_clk/external_en,0,0.0,0.0,0.0,0.0,,0
x_aq_lsu_top/x_aq_lsu_stb/x_aq_lsu_stb_entry_3/x_pa_lsu_stb_fsm_gated_clk/pad_yy_icg_scan_en,0,0.0,0.0,0.0,0.0,,0
x_aq_lsu_top/x_aq_lsu_stb/x_aq_lsu_stb_entry_3/x_pa_lsu_stb_fsm_gated_clk/clk_out,0,0.0,0.0,0.0,0.0,,0
x_aq_lsu_top/x_aq_lsu_stb/x_aq_lsu_stb_entry_3/x_pa_lsu_stb_fsm_gated_clk/clk_en_bf_latch,0,0.0,0.0,0.0,0.0,,0
x_aq_lsu_top/x_aq_lsu_stb/x_aq_lsu_stb_entry_3/x_pa_lsu_stb_fsm_gated_clk/SE,0,0.0,0.0,0.0,0.0,,0
x_aq_lsu_top/x_aq_lsu_stb/x_aq_lsu_stb_entry_3/x_pa_lsu_stb_dp_gated_clk/clk_in,0,0.0,0.0,0.0,0.0,,0
x_aq_lsu_top/x_aq_lsu_stb/x_aq_lsu_stb_entry_3/x_pa_lsu_stb_dp_gated_clk/global_en,0,0.0,0.0,0.0,0.0,,0
x_aq_lsu_top/x_aq_lsu_stb/x_aq_lsu_stb_entry_3/x_pa_lsu_stb_dp_gated_clk/module_en,0,0.0,0.0,0.0,0.0,,0
x_aq_lsu_top/x_aq_lsu_stb/x_aq_lsu_stb_entry_3/x_pa_lsu_stb_dp_gated_clk/local_en,2,0.00024061597690086623,7.3900000000000015,0.9633336605834737,0.0,8.1767073335401e-05,1
x_aq_lsu_top/x_aq_lsu_stb/x_aq_lsu_stb_entry_3/x_pa_lsu_stb_dp_gated_clk/external_en,0,0.0,0.0,0.0,0.0,,0
x_aq_lsu_top/x_aq_lsu_stb/x_aq_lsu_stb_entry_3/x_pa_lsu_stb_dp_gated_clk/pad_yy_icg_scan_en,0,0.0,0.0,0.0,0.0,,0
x_aq_lsu_top/x_aq_lsu_stb/x_aq_lsu_stb_entry_3/x_pa_lsu_stb_dp_gated_clk/clk_out,0,0.0,0.0,0.0,0.0,,0
x_aq_lsu_top/x_aq_lsu_stb/x_aq_lsu_stb_entry_3/x_pa_lsu_stb_dp_gated_clk/clk_en_bf_latch,2,0.00024061597690086623,7.3900000000000015,0.9633336605834737,0.0,8.1767073335401e-05,1
x_aq_lsu_top/x_aq_lsu_stb/x_aq_lsu_stb_entry_3/x_pa_lsu_stb_dp_gated_clk/SE,0,0.0,0.0,0.0,0.0,,0
x_aq_lsu_top/x_aq_lsu_stb/x_aq_lsu_stb_entry_3/x_pa_lsu_stb_wdata_gated_clk/clk_in,0,0.0,0.0,0.0,0.0,,0
x_aq_lsu_top/x_aq_lsu_stb/x_aq_lsu_stb_entry_3/x_pa_lsu_stb_wdata_gated_clk/global_en,0,0.0,0.0,0.0,0.0,,0
x_aq_lsu_top/x_aq_lsu_stb/x_aq_lsu_stb_entry_3/x_pa_lsu_stb_wdata_gated_clk/module_en,0,0.0,0.0,0.0,0.0,,0
x_aq_lsu_top/x_aq_lsu_stb/x_aq_lsu_stb_entry_3/x_pa_lsu_stb_wdata_gated_clk/local_en,2,0.00024061597690086623,7.3900000000000015,0.9633336605834737,0.0,8.1767073335401e-05,1
x_aq_lsu_top/x_aq_lsu_stb/x_aq_lsu_stb_entry_3/x_pa_lsu_stb_wdata_gated_clk/external_en,0,0.0,0.0,0.0,0.0,,0
x_aq_lsu_top/x_aq_lsu_stb/x_aq_lsu_stb_entry_3/x_pa_lsu_stb_wdata_gated_clk/pad_yy_icg_scan_en,0,0.0,0.0,0.0,0.0,,0
x_aq_lsu_top/x_aq_lsu_stb/x_aq_lsu_stb_entry_3/x_pa_lsu_stb_wdata_gated_clk/clk_out,0,0.0,0.0,0.0,0.0,,0
x_aq_lsu_top/x_aq_lsu_stb/x_aq_lsu_stb_entry_3/x_pa_lsu_stb_wdata_gated_clk/clk_en_bf_latch,2,0.00024061597690086623,7.3900000000000015,0.9633336605834737,0.0,8.1767073335401e-05,1
x_aq_lsu_top/x_aq_lsu_stb/x_aq_lsu_stb_entry_3/x_pa_lsu_stb_wdata_gated_clk/SE,0,0.0,0.0,0.0,0.0,,0
x_aq_lsu_top/x_aq_lsu_vb/biu_lsu_no_op,1,0.00012030798845043312,1.2299999999999933,0.16033834946111852,0.0,-0.11407227095261288,1
x_aq_lsu_top/x_aq_lsu_vb/biu_lsu_vb_awready,1,0.00012030798845043312,6.270000000000003,0.8173345131066823,0.0,-0.0111453056014091,1
x_aq_lsu_top/x_aq_lsu_vb/biu_lsu_vb_wready,0,0.0,0.0,0.0,0.0,,0
x_aq_lsu_top/x_aq_lsu_vb/cp0_lsu_icg_en,0,0.0,0.0,0.0,0.0,,0
x_aq_lsu_top/x_aq_lsu_vb/cpurst_b,3,0.0003609239653512993,6.4566666666666634,0.8416677043528134,0.3333333333333333,-0.052373008311376444,1
x_aq_lsu_top/x_aq_lsu_vb/dc_xx_pa[39:0],4,0.00048123195380173246,6.417500000000001,0.8365620794038487,0.0,0.049288993232723566,6
x_aq_lsu_top/x_aq_lsu_vb/forever_cpuclk,0,0.0,0.0,0.0,0.0,,0
x_aq_lsu_top/x_aq_lsu_vb/icc_vb_addr[33:0],1061,0.12764677574590952,7.99210179076343,1.0418214714278577,0.06597549481621112,-0.12361761747726402,6
x_aq_lsu_top/x_aq_lsu_vb/icc_vb_data[127:0],0,0.0,0.0,0.0,0.0,,0
x_aq_lsu_top/x_aq_lsu_vb/icc_vb_data_vld,0,0.0,0.0,0.0,0.0,,0
x_aq_lsu_top/x_aq_lsu_vb/icc_vb_req,0,0.0,0.0,0.0,0.0,,0
x_aq_lsu_top/x_aq_lsu_vb/ifu_lsu_warm_up,2,0.00024061597690086623,7.3900000000000015,0.9633336605834737,0.0,8.1767073335401e-05,1
x_aq_lsu_top/x_aq_lsu_vb/lfb_vb_araddr_5_4[1:0],0,0.0,0.0,0.0,0.0,,0
x_aq_lsu_top/x_aq_lsu_vb/lfb_vb_arid[2:0],0,0.0,0.0,0.0,0.0,,0
x_aq_lsu_top/x_aq_lsu_vb/lfb_vb_arvalid,0,0.0,0.0,0.0,0.0,,0
x_aq_lsu_top/x_aq_lsu_vb/lfb_vb_rready,1,0.00012030798845043312,1.2299999999999933,0.16033834946111852,0.0,-0.11407227095261288,1
x_aq_lsu_top/x_aq_lsu_vb/lsu_biu_vb_awaddr[39:0],2,0.00024061597690086623,3.7600000000000033,0.49013999510065814,0.0,-0.011206854623871835,6
x_aq_lsu_top/x_aq_lsu_vb/lsu_biu_vb_awburst[1:0],0,0.0,0.0,0.0,0.0,,0
x_aq_lsu_top/x_aq_lsu_vb/lsu_biu_vb_awcache[3:0],0,0.0,0.0,0.0,0.0,,0
x_aq_lsu_top/x_aq_lsu_vb/lsu_biu_vb_awid[3:0],0,0.0,0.0,0.0,0.0,,0
x_aq_lsu_top/x_aq_lsu_vb/lsu_biu_vb_awlen[1:0],0,0.0,0.0,0.0,0.0,,0
x_aq_lsu_top/x_aq_lsu_vb/lsu_biu_vb_awprot[2:0],0,0.0,0.0,0.0,0.0,,0
x_aq_lsu_top/x_aq_lsu_vb/lsu_biu_vb_awsize[2:0],0,0.0,0.0,0.0,0.0,,0
x_aq_lsu_top/x_aq_lsu_vb/lsu_biu_vb_awvalid,0,0.0,0.0,0.0,0.0,,0
x_aq_lsu_top/x_aq_lsu_vb/lsu_biu_vb_wdata[127:0],0,0.0,0.0,0.0,0.0,,0
x_aq_lsu_top/x_aq_lsu_vb/lsu_biu_vb_wlast,0,0.0,0.0,0.0,0.0,,0
x_aq_lsu_top/x_aq_lsu_vb/lsu_biu_vb_wstrb[15:0],0,0.0,0.0,0.0,0.0,,0
x_aq_lsu_top/x_aq_lsu_vb/lsu_biu_vb_wvalid,0,0.0,0.0,0.0,0.0,,0
x_aq_lsu_top/x_aq_lsu_vb/pad_yy_icg_scan_en,0,0.0,0.0,0.0,0.0,,0
x_aq_lsu_top/x_aq_lsu_vb/pfb_xx_pa[39:0],0,0.0,0.0,0.0,0.0,,0
x_aq_lsu_top/x_aq_lsu_vb/rdl_vb_addr[33:0],0,0.0,0.0,0.0,0.0,,0
x_aq_lsu_top/x_aq_lsu_vb/rdl_vb_alias,0,0.0,0.0,0.0,0.0,,0
x_aq_lsu_top/x_aq_lsu_vb/rdl_vb_alias_dirty,0,0.0,0.0,0.0,0.0,,0
x_aq_lsu_top/x_aq_lsu_vb/rdl_vb_data[127:0],0,0.0,0.0,0.0,0.0,,0
x_aq_lsu_top/x_aq_lsu_vb/rdl_vb_data_vld,0,0.0,0.0,0.0,0.0,,0
x_aq_lsu_top/x_aq_lsu_vb/rdl_vb_ld,0,0.0,0.0,0.0,0.0,,0
x_aq_lsu_top/x_aq_lsu_vb/rdl_vb_ld_id[2:0],0,0.0,0.0,0.0,0.0,,0
x_aq_lsu_top/x_aq_lsu_vb/rdl_vb_pf,0,0.0,0.0,0.0,0.0,,0
x_aq_lsu_top/x_aq_lsu_vb/rdl_vb_req,0,0.0,0.0,0.0,0.0,,0
x_aq_lsu_top/x_aq_lsu_vb/vb_dbginfo[3:0],0,0.0,0.0,0.0,0.0,,0
x_aq_lsu_top/x_aq_lsu_vb/vb_dc_hit_idx,0,0.0,0.0,0.0,0.0,,0
x_aq_lsu_top/x_aq_lsu_vb/vb_dc_pop_en,0,0.0,0.0,0.0,0.0,,0
x_aq_lsu_top/x_aq_lsu_vb/vb_icc_empty,1,0.00012030798845043312,1.2299999999999933,0.16033834946111852,0.0,-0.11407227095261288,1
x_aq_lsu_top/x_aq_lsu_vb/vb_icc_grant,1,0.00012030798845043312,41.400000000000006,5.3967542013742635,1.0,-0.14861602140388885,1
x_aq_lsu_top/x_aq_lsu_vb/vb_lfb_arready,0,0.0,0.0,0.0,0.0,,0
x_aq_lsu_top/x_aq_lsu_vb/vb_lfb_dirty,1,0.00012030798845043312,6.270000000000003,0.8173345131066823,0.0,-0.0111453056014091,1
x_aq_lsu_top/x_aq_lsu_vb/vb_lfb_rdata[127:0],0,0.0,0.0,0.0,0.0,,0
x_aq_lsu_top/x_aq_lsu_vb/vb_lfb_rid[3:0],2,0.00024061597690086623,3.7600000000000033,0.49013999510065814,0.0,-0.011206854623872258,2
x_aq_lsu_top/x_aq_lsu_vb/vb_lfb_rlast,0,0.0,0.0,0.0,0.0,,0
x_aq_lsu_top/x_aq_lsu_vb/vb_lfb_rvalid,0,0.0,0.0,0.0,0.0,,0
x_aq_lsu_top/x_aq_lsu_vb/vb_pfb_hit_idx,0,0.0,0.0,0.0,0.0,,0
x_aq_lsu_top/x_aq_lsu_vb/vb_rdl_grant,1,0.00012030798845043312,8.549999999999997,1.1145470633272931,1.0,-0.11413386512837041,1
x_aq_lsu_top/x_aq_lsu_vb/vb_rdl_ld_alias_hit,0,0.0,0.0,0.0,0.0,,0
x_aq_lsu_top/x_aq_lsu_vb/vb_stb_clr_vld,0,0.0,0.0,0.0,0.0,,0
x_aq_lsu_top/x_aq_lsu_vb/vb_xx_idle,1,0.00012030798845043312,8.549999999999997,1.1145470633272931,1.0,-0.11413386512837041,1
x_aq_lsu_top/x_aq_lsu_vb/alias_data_sel[3:0],8291,0.9974735322425409,7.665806295983597,0.9992867713712742,0.028585212881437703,0.017931386459006143,2
x_aq_lsu_top/x_aq_lsu_vb/data_cnt_last,0,0.0,0.0,0.0,0.0,,0
x_aq_lsu_top/x_aq_lsu_vb/rdl_data_sel,0,0.0,0.0,0.0,0.0,,0
x_aq_lsu_top/x_aq_lsu_vb/rdl_req_sel,0,0.0,0.0,0.0,0.0,,0
x_aq_lsu_top/x_aq_lsu_vb/vb_addr_clk,0,0.0,0.0,0.0,0.0,,0
x_aq_lsu_top/x_aq_lsu_vb/vb_addr_clk_en,2,0.00024061597690086623,7.3900000000000015,0.9633336605834737,0.0,8.1767073335401e-05,1
x_aq_lsu_top/x_aq_lsu_vb/vb_clk,0,0.0,0.0,0.0,0.0,,0
x_aq_lsu_top/x_aq_lsu_vb/vb_clk_en,0,0.0,0.0,0.0,0.0,,0
x_aq_lsu_top/x_aq_lsu_vb/vb_create_data[127:0],0,0.0,0.0,0.0,0.0,,0
x_aq_lsu_top/x_aq_lsu_vb/vb_cur_alias_req,0,0.0,0.0,0.0,0.0,,0
x_aq_lsu_top/x_aq_lsu_vb/vb_cur_alias_wfc,0,0.0,0.0,0.0,0.0,,0
x_aq_lsu_top/x_aq_lsu_vb/vb_cur_bus_req,0,0.0,0.0,0.0,0.0,,0
x_aq_lsu_top/x_aq_lsu_vb/vb_cur_bus_wfc,0,0.0,0.0,0.0,0.0,,0
x_aq_lsu_top/x_aq_lsu_vb/vb_cur_idle,1,0.00012030798845043312,8.549999999999997,1.1145470633272931,1.0,-0.11413386512837041,1
x_aq_lsu_top/x_aq_lsu_vb/vb_data0_clk,0,0.0,0.0,0.0,0.0,,0
x_aq_lsu_top/x_aq_lsu_vb/vb_data0_clk_en,2,0.00024061597690086623,7.3900000000000015,0.9633336605834737,0.0,8.1767073335401e-05,1
x_aq_lsu_top/x_aq_lsu_vb/vb_data1_clk,0,0.0,0.0,0.0,0.0,,0
x_aq_lsu_top/x_aq_lsu_vb/vb_data1_clk_en,2,0.00024061597690086623,7.3900000000000015,0.9633336605834737,0.0,8.1767073335401e-05,1
x_aq_lsu_top/x_aq_lsu_vb/vb_data2_clk,0,0.0,0.0,0.0,0.0,,0
x_aq_lsu_top/x_aq_lsu_vb/vb_data2_clk_en,2,0.00024061597690086623,7.3900000000000015,0.9633336605834737,0.0,8.1767073335401e-05,1
x_aq_lsu_top/x_aq_lsu_vb/vb_data3_clk,0,0.0,0.0,0.0,0.0,,0
x_aq_lsu_top/x_aq_lsu_vb/vb_data3_clk_en,2,0.00024061597690086623,7.3900000000000015,0.9633336605834737,0.0,8.1767073335401e-05,1
x_aq_lsu_top/x_aq_lsu_vb/vb_data_create_en[3:0],0,0.0,0.0,0.0,0.0,,0
x_aq_lsu_top/x_aq_lsu_vb/vb_data_dirty,1,0.00012030798845043312,12.09,1.5760086544592955,1.0,-0.12617851730880866,1
x_aq_lsu_top/x_aq_lsu_vb/vb_data_vld,0,0.0,0.0,0.0,0.0,,0
x_aq_lsu_top/x_aq_lsu_vb/vb_req_addr[33:0],1061,0.12764677574590952,7.99210179076343,1.0418214714278577,0.06597549481621112,-0.12361761747726402,6
x_aq_lsu_top/x_aq_lsu_vb/vb_req_alias,0,0.0,0.0,0.0,0.0,,0
x_aq_lsu_top/x_aq_lsu_vb/vb_req_create_en,0,0.0,0.0,0.0,0.0,,0
x_aq_lsu_top/x_aq_lsu_vb/vb_req_ld,0,0.0,0.0,0.0,0.0,,0
x_aq_lsu_top/x_aq_lsu_vb/vb_req_ld_id[2:0],0,0.0,0.0,0.0,0.0,,0
x_aq_lsu_top/x_aq_lsu_vb/vb_req_pf,0,0.0,0.0,0.0,0.0,,0
x_aq_lsu_top/x_aq_lsu_vb/vb_req_vld,0,0.0,0.0,0.0,0.0,,0
x_aq_lsu_top/x_aq_lsu_vb/vb_vld,0,0.0,0.0,0.0,0.0,,0
x_aq_lsu_top/x_aq_lsu_vb/wdata_sel[3:0],1,0.00012030798845043312,1.2299999999999933,0.16033834946111852,0.0,-0.11407227095261288,1
x_aq_lsu_top/x_aq_lsu_vb/x_pa_lsu_vb_gated_clk/clk_in,0,0.0,0.0,0.0,0.0,,0
x_aq_lsu_top/x_aq_lsu_vb/x_pa_lsu_vb_gated_clk/global_en,0,0.0,0.0,0.0,0.0,,0
x_aq_lsu_top/x_aq_lsu_vb/x_pa_lsu_vb_gated_clk/module_en,0,0.0,0.0,0.0,0.0,,0
x_aq_lsu_top/x_aq_lsu_vb/x_pa_lsu_vb_gated_clk/local_en,0,0.0,0.0,0.0,0.0,,0
x_aq_lsu_top/x_aq_lsu_vb/x_pa_lsu_vb_gated_clk/external_en,0,0.0,0.0,0.0,0.0,,0
x_aq_lsu_top/x_aq_lsu_vb/x_pa_lsu_vb_gated_clk/pad_yy_icg_scan_en,0,0.0,0.0,0.0,0.0,,0
x_aq_lsu_top/x_aq_lsu_vb/x_pa_lsu_vb_gated_clk/clk_out,0,0.0,0.0,0.0,0.0,,0
x_aq_lsu_top/x_aq_lsu_vb/x_pa_lsu_vb_gated_clk/clk_en_bf_latch,0,0.0,0.0,0.0,0.0,,0
x_aq_lsu_top/x_aq_lsu_vb/x_pa_lsu_vb_gated_clk/SE,0,0.0,0.0,0.0,0.0,,0
x_aq_lsu_top/x_aq_lsu_vb/x_pa_lsu_vb_addr_gated_clk/clk_in,0,0.0,0.0,0.0,0.0,,0
x_aq_lsu_top/x_aq_lsu_vb/x_pa_lsu_vb_addr_gated_clk/global_en,0,0.0,0.0,0.0,0.0,,0
x_aq_lsu_top/x_aq_lsu_vb/x_pa_lsu_vb_addr_gated_clk/module_en,0,0.0,0.0,0.0,0.0,,0
x_aq_lsu_top/x_aq_lsu_vb/x_pa_lsu_vb_addr_gated_clk/local_en,2,0.00024061597690086623,7.3900000000000015,0.9633336605834737,0.0,8.1767073335401e-05,1
x_aq_lsu_top/x_aq_lsu_vb/x_pa_lsu_vb_addr_gated_clk/external_en,0,0.0,0.0,0.0,0.0,,0
x_aq_lsu_top/x_aq_lsu_vb/x_pa_lsu_vb_addr_gated_clk/pad_yy_icg_scan_en,0,0.0,0.0,0.0,0.0,,0
x_aq_lsu_top/x_aq_lsu_vb/x_pa_lsu_vb_addr_gated_clk/clk_out,0,0.0,0.0,0.0,0.0,,0
x_aq_lsu_top/x_aq_lsu_vb/x_pa_lsu_vb_addr_gated_clk/clk_en_bf_latch,2,0.00024061597690086623,7.3900000000000015,0.9633336605834737,0.0,8.1767073335401e-05,1
x_aq_lsu_top/x_aq_lsu_vb/x_pa_lsu_vb_addr_gated_clk/SE,0,0.0,0.0,0.0,0.0,,0
x_aq_lsu_top/x_aq_lsu_vb/x_pa_lsu_vb_data3_gated_clk/clk_in,0,0.0,0.0,0.0,0.0,,0
x_aq_lsu_top/x_aq_lsu_vb/x_pa_lsu_vb_data3_gated_clk/global_en,0,0.0,0.0,0.0,0.0,,0
x_aq_lsu_top/x_aq_lsu_vb/x_pa_lsu_vb_data3_gated_clk/module_en,0,0.0,0.0,0.0,0.0,,0
x_aq_lsu_top/x_aq_lsu_vb/x_pa_lsu_vb_data3_gated_clk/local_en,2,0.00024061597690086623,7.3900000000000015,0.9633336605834737,0.0,8.1767073335401e-05,1
x_aq_lsu_top/x_aq_lsu_vb/x_pa_lsu_vb_data3_gated_clk/external_en,0,0.0,0.0,0.0,0.0,,0
x_aq_lsu_top/x_aq_lsu_vb/x_pa_lsu_vb_data3_gated_clk/pad_yy_icg_scan_en,0,0.0,0.0,0.0,0.0,,0
x_aq_lsu_top/x_aq_lsu_vb/x_pa_lsu_vb_data3_gated_clk/clk_out,0,0.0,0.0,0.0,0.0,,0
x_aq_lsu_top/x_aq_lsu_vb/x_pa_lsu_vb_data3_gated_clk/clk_en_bf_latch,2,0.00024061597690086623,7.3900000000000015,0.9633336605834737,0.0,8.1767073335401e-05,1
x_aq_lsu_top/x_aq_lsu_vb/x_pa_lsu_vb_data3_gated_clk/SE,0,0.0,0.0,0.0,0.0,,0
x_aq_lsu_top/x_aq_lsu_vb/x_pa_lsu_vb_data2_gated_clk/clk_in,0,0.0,0.0,0.0,0.0,,0
x_aq_lsu_top/x_aq_lsu_vb/x_pa_lsu_vb_data2_gated_clk/global_en,0,0.0,0.0,0.0,0.0,,0
x_aq_lsu_top/x_aq_lsu_vb/x_pa_lsu_vb_data2_gated_clk/module_en,0,0.0,0.0,0.0,0.0,,0
x_aq_lsu_top/x_aq_lsu_vb/x_pa_lsu_vb_data2_gated_clk/local_en,2,0.00024061597690086623,7.3900000000000015,0.9633336605834737,0.0,8.1767073335401e-05,1
x_aq_lsu_top/x_aq_lsu_vb/x_pa_lsu_vb_data2_gated_clk/external_en,0,0.0,0.0,0.0,0.0,,0
x_aq_lsu_top/x_aq_lsu_vb/x_pa_lsu_vb_data2_gated_clk/pad_yy_icg_scan_en,0,0.0,0.0,0.0,0.0,,0
x_aq_lsu_top/x_aq_lsu_vb/x_pa_lsu_vb_data2_gated_clk/clk_out,0,0.0,0.0,0.0,0.0,,0
x_aq_lsu_top/x_aq_lsu_vb/x_pa_lsu_vb_data2_gated_clk/clk_en_bf_latch,2,0.00024061597690086623,7.3900000000000015,0.9633336605834737,0.0,8.1767073335401e-05,1
x_aq_lsu_top/x_aq_lsu_vb/x_pa_lsu_vb_data2_gated_clk/SE,0,0.0,0.0,0.0,0.0,,0
x_aq_lsu_top/x_aq_lsu_vb/x_pa_lsu_vb_data1_gated_clk/clk_in,0,0.0,0.0,0.0,0.0,,0
x_aq_lsu_top/x_aq_lsu_vb/x_pa_lsu_vb_data1_gated_clk/global_en,0,0.0,0.0,0.0,0.0,,0
x_aq_lsu_top/x_aq_lsu_vb/x_pa_lsu_vb_data1_gated_clk/module_en,0,0.0,0.0,0.0,0.0,,0
x_aq_lsu_top/x_aq_lsu_vb/x_pa_lsu_vb_data1_gated_clk/local_en,2,0.00024061597690086623,7.3900000000000015,0.9633336605834737,0.0,8.1767073335401e-05,1
x_aq_lsu_top/x_aq_lsu_vb/x_pa_lsu_vb_data1_gated_clk/external_en,0,0.0,0.0,0.0,0.0,,0
x_aq_lsu_top/x_aq_lsu_vb/x_pa_lsu_vb_data1_gated_clk/pad_yy_icg_scan_en,0,0.0,0.0,0.0,0.0,,0
x_aq_lsu_top/x_aq_lsu_vb/x_pa_lsu_vb_data1_gated_clk/clk_out,0,0.0,0.0,0.0,0.0,,0
x_aq_lsu_top/x_aq_lsu_vb/x_pa_lsu_vb_data1_gated_clk/clk_en_bf_latch,2,0.00024061597690086623,7.3900000000000015,0.9633336605834737,0.0,8.1767073335401e-05,1
x_aq_lsu_top/x_aq_lsu_vb/x_pa_lsu_vb_data1_gated_clk/SE,0,0.0,0.0,0.0,0.0,,0
x_aq_lsu_top/x_aq_lsu_vb/x_pa_lsu_vb_data0_gated_clk/clk_in,0,0.0,0.0,0.0,0.0,,0
x_aq_lsu_top/x_aq_lsu_vb/x_pa_lsu_vb_data0_gated_clk/global_en,0,0.0,0.0,0.0,0.0,,0
x_aq_lsu_top/x_aq_lsu_vb/x_pa_lsu_vb_data0_gated_clk/module_en,0,0.0,0.0,0.0,0.0,,0
x_aq_lsu_top/x_aq_lsu_vb/x_pa_lsu_vb_data0_gated_clk/local_en,2,0.00024061597690086623,7.3900000000000015,0.9633336605834737,0.0,8.1767073335401e-05,1
x_aq_lsu_top/x_aq_lsu_vb/x_pa_lsu_vb_data0_gated_clk/external_en,0,0.0,0.0,0.0,0.0,,0
x_aq_lsu_top/x_aq_lsu_vb/x_pa_lsu_vb_data0_gated_clk/pad_yy_icg_scan_en,0,0.0,0.0,0.0,0.0,,0
x_aq_lsu_top/x_aq_lsu_vb/x_pa_lsu_vb_data0_gated_clk/clk_out,0,0.0,0.0,0.0,0.0,,0
x_aq_lsu_top/x_aq_lsu_vb/x_pa_lsu_vb_data0_gated_clk/clk_en_bf_latch,2,0.00024061597690086623,7.3900000000000015,0.9633336605834737,0.0,8.1767073335401e-05,1
x_aq_lsu_top/x_aq_lsu_vb/x_pa_lsu_vb_data0_gated_clk/SE,0,0.0,0.0,0.0,0.0,,0
