signal,n_edges,edge_rate,impact_mW,lift,spec,lvl_corr,max_hamming
x_aq_idu_top/cp0_idu_cskyee,3,0.0007088846880907373,1.653906666666667,1.3864660560723496,0.3333333333333333,-0.0013937871967483148,1
x_aq_idu_top/cp0_idu_dis_fence_in_dbg,0,0.0,0.0,0.0,0.0,,0
x_aq_idu_top/cp0_idu_frm[2:0],0,0.0,0.0,0.0,0.0,,0
x_aq_idu_top/cp0_idu_fs[1:0],1,0.00023629489603024575,0.8039999999999994,0.6739913028640278,0.0,-0.24655930977641688,1
x_aq_idu_top/cp0_idu_icg_en,0,0.0,0.0,0.0,0.0,,0
x_aq_idu_top/cp0_idu_issue_stall,8,0.001890359168241966,1.0833,0.908127833821644,0.25,-0.7050088671655842,1
x_aq_idu_top/cp0_idu_ucme,1,0.00023629489603024575,1.8147199999999999,1.5212754939470265,0.0,0.0634561532555035,1
x_aq_idu_top/cp0_idu_vill,0,0.0,0.0,0.0,0.0,,0
x_aq_idu_top/cp0_idu_vl_zero,0,0.0,0.0,0.0,0.0,,0
x_aq_idu_top/cp0_idu_vlmul[1:0],0,0.0,0.0,0.0,0.0,,0
x_aq_idu_top/cp0_idu_vs[1:0],0,0.0,0.0,0.0,0.0,,0
x_aq_idu_top/cp0_idu_vsetvl_dis_stall,0,0.0,0.0,0.0,0.0,,0
x_aq_idu_top/cp0_idu_vsew[1:0],0,0.0,0.0,0.0,0.0,,0
x_aq_idu_top/cp0_idu_vstart[6:0],0,0.0,0.0,0.0,0.0,,0
x_aq_idu_top/cp0_yy_clk_en,1,0.00023629489603024575,1.8147199999999999,1.5212754939470265,0.0,0.0634561532555035,1
x_aq_idu_top/cp0_yy_priv_mode[1:0],3,0.0007088846880907373,0.9442400000000005,0.7915541639506597,0.0,-0.09598288421388247,2
x_aq_idu_top/cpurst_b,3,0.0007088846880907373,1.0352400000000002,0.8678392492250705,0.0,0.0006521441666639201,1
x_aq_idu_top/forever_cpuclk,0,0.0,0.0,0.0,0.0,,0
x_aq_idu_top/hpcp_idu_cnt_en,1,0.00023629489603024575,1.8147199999999999,1.5212754939470265,0.0,0.0634561532555035,1
x_aq_idu_top/idu_alu_ex1_gateclk_sel,56,0.013232514177693762,1.6673214285714284,1.3977116193233456,0.19642857142857142,0.21149058173453097,1
x_aq_idu_top/idu_bju_ex1_gateclk_sel,0,0.0,0.0,0.0,0.0,,0
x_aq_idu_top/idu_cp0_ex1_dp_sel,8,0.001890359168241966,2.0668,1.7325935631335494,0.25,-0.7065392980774039,1
x_aq_idu_top/idu_cp0_ex1_dst0_reg[5:0],202,0.04773156899810964,1.7751718811881187,1.488122399265632,0.3564356435643564,0.43314925294947026,4
x_aq_idu_top/idu_cp0_ex1_expt_acc_error,0,0.0,0.0,0.0,0.0,,0
x_aq_idu_top/idu_cp0_ex1_expt_high,0,0.0,0.0,0.0,0.0,,0
x_aq_idu_top/idu_cp0_ex1_expt_illegal,14,0.0033081285444234404,1.108,0.9288337855389843,0.35714285714285715,0.25660225926712177,1
x_aq_idu_top/idu_cp0_ex1_expt_page_fault,0,0.0,0.0,0.0,0.0,,0
x_aq_idu_top/idu_cp0_ex1_func[19:0],259,0.06120037807183365,1.7482884942084942,1.4655861193952402,0.32432432432432434,0.4921992015973274,10
x_aq_idu_top/idu_cp0_ex1_gateclk_sel,8,0.001890359168241966,2.0668,1.7325935631335494,0.25,-0.7065392980774039,1
x_aq_idu_top/idu_cp0_ex1_halt_info[21:0],2,0.0004725897920604915,1.24186,1.0410483076800026,0.0,0.06401334714617742,2
x_aq_idu_top/idu_cp0_ex1_length,68,0.01606805293005671,1.7646911764705886,1.4793364492314265,0.3088235294117647,-0.4592827267928125,1
x_aq_idu_top/idu_cp0_ex1_opcode[31:0],346,0.08175803402646503,1.71968612716763,1.4416088225956543,0.2832369942196532,-0.50682270425278,22
x_aq_idu_top/idu_cp0_ex1_sel,8,0.001890359168241966,2.0668,1.7325935631335494,0.25,-0.7065392980774039,1
x_aq_idu_top/idu_cp0_ex1_split,4,0.000945179584120983,1.75625,1.4722602309141166,0.5,-0.29476326776640926,1
x_aq_idu_top/idu_cp0_ex1_src0_data[63:0],185,0.043714555765595464,1.8188616216216218,1.5247474055797712,0.33513513513513515,0.11868572155088852,48
x_aq_idu_top/idu_cp0_ex1_src1_data[63:0],285,0.06734404536862004,1.780980350877193,1.492991625700191,0.3192982456140351,0.18107532384949374,61
x_aq_idu_top/idu_div_ex1_gateclk_sel,0,0.0,0.0,0.0,0.0,,0
x_aq_idu_top/idu_dtu_debug_info[14:0],315,0.07443289224952741,1.6619250793650793,1.3931878725170066,0.25396825396825395,-0.6244818861827302,4
x_aq_idu_top/idu_hpcp_backend_stall,79,0.018667296786389415,1.3814354430379745,1.158054072233471,0.20253164556962025,-0.702036188507767,1
x_aq_idu_top/idu_hpcp_frontend_stall,104,0.024574669187145556,1.4577788461538463,1.2220525669239437,0.14423076923076922,0.5005984716925129,1
x_aq_idu_top/idu_hpcp_inst_type[6:0],148,0.03497164461247637,1.694566216216216,1.4205508605185748,0.23648648648648649,-0.5441694212716459,2
x_aq_idu_top/idu_ifu_id_stall,79,0.018667296786389415,1.7746891139240504,1.4877176966073116,0.3670886075949367,-0.7047466219945541,1
x_aq_idu_top/idu_iu_ex1_alu_dp_sel,56,0.013232514177693762,1.6673214285714284,1.3977116193233456,0.19642857142857142,0.21149058173453097,1
x_aq_idu_top/idu_iu_ex1_alu_sel,52,0.012287334593572778,1.5745961538461537,1.3199802403177325,0.1346153846153846,0.2042503135064442,1
x_aq_idu_top/idu_iu_ex1_bht_pred[1:0],0,0.0,0.0,0.0,0.0,,0
x_aq_idu_top/idu_iu_ex1_bju_br_sel,0,0.0,0.0,0.0,0.0,,0
x_aq_idu_top/idu_iu_ex1_bju_dp_sel,0,0.0,0.0,0.0,0.0,,0
x_aq_idu_top/idu_iu_ex1_bju_sel,0,0.0,0.0,0.0,0.0,,0
x_aq_idu_top/idu_iu_ex1_div_dp_sel,0,0.0,0.0,0.0,0.0,,0
x_aq_idu_top/idu_iu_ex1_div_sel,0,0.0,0.0,0.0,0.0,,0
x_aq_idu_top/idu_iu_ex1_dst0_reg[5:0],202,0.04773156899810964,1.7751718811881187,1.488122399265632,0.3564356435643564,0.43314925294947026,4
x_aq_idu_top/idu_iu_ex1_func[19:0],259,0.06120037807183365,1.7482884942084942,1.4655861193952402,0.32432432432432434,0.4921992015973274,10
x_aq_idu_top/idu_iu_ex1_inst_vld,96,0.022684310018903593,1.7149,1.4375966234844804,0.21875,-0.619777608704327,1
x_aq_idu_top/idu_iu_ex1_length,68,0.01606805293005671,1.7646911764705886,1.4793364492314265,0.3088235294117647,-0.4592827267928125,1
x_aq_idu_top/idu_iu_ex1_mult_dp_sel,0,0.0,0.0,0.0,0.0,,0
x_aq_idu_top/idu_iu_ex1_mult_sel,0,0.0,0.0,0.0,0.0,,0
x_aq_idu_top/idu_iu_ex1_pipedown_vld,70,0.0165406427221172,1.6137714285714284,1.352820780681096,0.2,0.2419325969286259,1
x_aq_idu_top/idu_iu_ex1_split,4,0.000945179584120983,1.75625,1.4722602309141166,0.5,-0.29476326776640926,1
x_aq_idu_top/idu_iu_ex1_src0_data[63:0],185,0.043714555765595464,1.8188616216216218,1.5247474055797712,0.33513513513513515,0.11868572155088852,48
x_aq_idu_top/idu_iu_ex1_src0_ready,5,0.0011814744801512287,1.8612000000000002,1.5602395682718029,0.6,0.033283425260949615,1
x_aq_idu_top/idu_iu_ex1_src0_reg[5:0],198,0.04678638941398866,1.6897935353535354,1.4165499334131115,0.24242424242424243,0.1935545624763542,4
x_aq_idu_top/idu_iu_ex1_src1_data[63:0],285,0.06734404536862004,1.780980350877193,1.492991625700191,0.3192982456140351,0.18107532384949374,61
x_aq_idu_top/idu_iu_ex1_src1_ready,1,0.00023629489603024575,0.669,0.5608211214129788,0.0,0.06307843917923436,1
x_aq_idu_top/idu_iu_ex1_src1_reg[5:0],240,0.05671077504725898,1.7952213333333333,1.5049298076898399,0.29583333333333334,0.4517723397627806,5
x_aq_idu_top/idu_iu_ex1_src2_data[63:0],277,0.06545368620037807,1.7686729241877257,1.4826743389472834,0.3249097472924188,0.1907577687254761,62
x_aq_idu_top/idu_lsu_ex1_dp_sel,18,0.004253308128544423,1.5901111111111108,1.332986392383514,0.4444444444444444,0.04970223532876647,1
x_aq_idu_top/idu_lsu_ex1_dst0_reg[5:0],202,0.04773156899810964,1.7751718811881187,1.488122399265632,0.3564356435643564,0.43314925294947026,4
x_aq_idu_top/idu_lsu_ex1_dst1_reg[5:0],220,0.05198487712665406,1.7108154545454546,1.4341725586679175,0.2681818181818182,0.04294434101115466,5
x_aq_idu_top/idu_lsu_ex1_func[19:0],259,0.06120037807183365,1.7482884942084942,1.4655861193952402,0.32432432432432434,0.4921992015973274,10
x_aq_idu_top/idu_lsu_ex1_gateclk_sel,24,0.005671077504725898,1.8064166666666666,1.51431482920642,0.3333333333333333,-0.06684620744796863,1
x_aq_idu_top/idu_lsu_ex1_halt_info[21:0],2,0.0004725897920604915,1.24186,1.0410483076800026,0.0,0.06401334714617742,2
x_aq_idu_top/idu_lsu_ex1_length,68,0.01606805293005671,1.7646911764705886,1.4793364492314265,0.3088235294117647,-0.4592827267928125,1
x_aq_idu_top/idu_lsu_ex1_sel,12,0.002835538752362949,1.8231666666666662,1.5283563146827535,0.6666666666666666,0.03732838452691822,1
x_aq_idu_top/idu_lsu_ex1_split,4,0.000945179584120983,1.75625,1.4722602309141166,0.5,-0.29476326776640926,1
x_aq_idu_top/idu_lsu_ex1_src0_data[63:0],185,0.043714555765595464,1.8188616216216218,1.5247474055797712,0.33513513513513515,0.11868572155088852,48
x_aq_idu_top/idu_lsu_ex1_src1_data[63:0],285,0.06734404536862004,1.780980350877193,1.492991625700191,0.3192982456140351,0.18107532384949374,61
x_aq_idu_top/idu_lsu_ex1_src2_data[63:0],277,0.06545368620037807,1.7686729241877257,1.4826743389472834,0.3249097472924188,0.1907577687254761,62
x_aq_idu_top/idu_lsu_ex1_src2_ready,1,0.00023629489603024575,0.669,0.5608211214129788,0.0,0.06307843917923436,1
x_aq_idu_top/idu_lsu_ex1_src2_reg[5:0],128,0.030245746691871456,1.7187812500000001,1.440850266201198,0.3125,0.14435483889415066,4
x_aq_idu_top/idu_lsu_ex1_vlmul[1:0],0,0.0,0.0,0.0,0.0,,0
x_aq_idu_top/idu_lsu_ex1_vsew[1:0],0,0.0,0.0,0.0,0.0,,0
x_aq_idu_top/idu_mult_ex1_gateclk_sel,0,0.0,0.0,0.0,0.0,,0
x_aq_idu_top/idu_vidu_ex1_fp_dp_sel,0,0.0,0.0,0.0,0.0,,0
x_aq_idu_top/idu_vidu_ex1_fp_gateclk_sel,0,0.0,0.0,0.0,0.0,,0
x_aq_idu_top/idu_vidu_ex1_fp_sel,0,0.0,0.0,0.0,0.0,,0
x_aq_idu_top/idu_vidu_ex1_inst_data[179:0],367,0.08672022684310018,1.6987768937329701,1.424080661545263,0.2670299727520436,,86
x_aq_idu_top/idu_vidu_ex1_vec_dp_sel,0,0.0,0.0,0.0,0.0,,0
x_aq_idu_top/idu_vidu_ex1_vec_gateclk_sel,0,0.0,0.0,0.0,0.0,,0
x_aq_idu_top/idu_vidu_ex1_vec_sel,0,0.0,0.0,0.0,0.0,,0
x_aq_idu_top/ifu_idu_id_bht_pred[1:0],0,0.0,0.0,0.0,0.0,,0
x_aq_idu_top/ifu_idu_id_expt_acc_error,0,0.0,0.0,0.0,0.0,,0
x_aq_idu_top/ifu_idu_id_expt_high,0,0.0,0.0,0.0,0.0,,0
x_aq_idu_top/ifu_idu_id_expt_page_fault,0,0.0,0.0,0.0,0.0,,0
x_aq_idu_top/ifu_idu_id_halt_info[21:0],1,0.00023629489603024575,1.8147199999999999,1.5212754939470265,0.0,0.0634561532555035,1
x_aq_idu_top/ifu_idu_id_inst[31:0],367,0.08672022684310018,1.6798039237057218,1.4081756655404554,0.26430517711171664,0.18713686704950497,22
x_aq_idu_top/ifu_idu_id_inst_vld,73,0.01724952741020794,1.5396986301369862,1.290725728537297,0.2054794520547945,-0.5756625192776391,1
x_aq_idu_top/ifu_idu_warm_up,2,0.0004725897920604915,1.4680000000000004,1.2306209360751166,0.0,0.019944039367258432,1
x_aq_idu_top/iu_idu_bju_full,0,0.0,0.0,0.0,0.0,,0
x_aq_idu_top/iu_idu_bju_global_full,0,0.0,0.0,0.0,0.0,,0
x_aq_idu_top/iu_idu_div_full,0,0.0,0.0,0.0,0.0,,0
x_aq_idu_top/iu_idu_mult_full,0,0.0,0.0,0.0,0.0,,0
x_aq_idu_top/iu_idu_mult_issue_stall,0,0.0,0.0,0.0,0.0,,0
x_aq_idu_top/iu_yy_xx_cancel,0,0.0,0.0,0.0,0.0,,0
x_aq_idu_top/lsu_idu_full,14,0.0033081285444234404,1.478002857142857,1.2390063076150128,0.14285714285714285,-0.1153022321240623,1
x_aq_idu_top/lsu_idu_global_full,14,0.0033081285444234404,1.478002857142857,1.2390063076150128,0.14285714285714285,-0.1153022321240623,1
x_aq_idu_top/pad_yy_icg_scan_en,0,0.0,0.0,0.0,0.0,,0
x_aq_idu_top/rtu_idu_commit,47,0.01110586011342155,1.7520791489361707,1.4687638163089396,0.23404255319148937,-0.10155599425342246,1
x_aq_idu_top/rtu_idu_commit_for_bju,47,0.01110586011342155,1.7520791489361707,1.4687638163089396,0.23404255319148937,-0.10155599425342246,1
x_aq_idu_top/rtu_idu_flush_fe,0,0.0,0.0,0.0,0.0,,0
x_aq_idu_top/rtu_idu_flush_stall,18,0.004253308128544423,2.024,1.6967144241253647,0.4444444444444444,0.044166659899186514,1
x_aq_idu_top/rtu_idu_flush_wbt,0,0.0,0.0,0.0,0.0,,0
x_aq_idu_top/rtu_idu_fwd0_data[63:0],157,0.03709829867674858,1.8156369426751588,1.5220441648279743,0.3503184713375796,0.1371051270069451,48
x_aq_idu_top/rtu_idu_fwd0_reg[5:0],168,0.03969754253308128,1.696482142857143,1.4221569773008014,0.2261904761904762,0.20748728600308503,4
x_aq_idu_top/rtu_idu_fwd0_vld,62,0.014650283553875236,1.7664354838709673,1.480798698009258,0.24193548387096775,0.22041724983110628,1
x_aq_idu_top/rtu_idu_fwd1_data[63:0],0,0.0,0.0,0.0,0.0,,0
x_aq_idu_top/rtu_idu_fwd1_reg[5:0],2,0.0004725897920604915,1.8800000000000003,1.5759995639109121,0.0,-0.23198828981811473,2
x_aq_idu_top/rtu_idu_fwd1_vld,0,0.0,0.0,0.0,0.0,,0
x_aq_idu_top/rtu_idu_fwd2_data[63:0],35,0.0082703213610586,1.6522285714285718,1.3850593127939246,0.17142857142857143,0.1581870700469,8
x_aq_idu_top/rtu_idu_fwd2_reg[5:0],47,0.01110586011342155,1.733212765957447,1.4529481719754052,0.2978723404255319,-0.1697253821909742,4
x_aq_idu_top/rtu_idu_fwd2_vld,10,0.0023629489603024575,1.3887,1.1641439331931294,0.0,0.04789982949233228,1
x_aq_idu_top/rtu_idu_pipeline_empty,114,0.026937618147448016,1.6596642105263157,1.3912925915042667,0.21929824561403508,0.4583267002213681,1
x_aq_idu_top/rtu_idu_wb0_data[63:0],163,0.03851606805293006,1.8065214723926377,1.5144026875991996,0.25766871165644173,0.14384962087435527,49
x_aq_idu_top/rtu_idu_wb0_reg[5:0],154,0.036389413988657845,1.6212662337662338,1.3591036581909952,0.16233766233766234,0.19767795265683713,4
x_aq_idu_top/rtu_idu_wb0_vld,56,0.013232514177693762,1.6823928571428568,1.4103459623319017,0.17857142857142858,0.2096150254744223,1
x_aq_idu_top/rtu_idu_wb1_data[63:0],20,0.004725897920604915,1.5840999999999998,1.3279472921230187,0.35,0.15437487881012485,8
x_aq_idu_top/rtu_idu_wb1_reg[5:0],34,0.008034026465028356,1.6108823529411764,1.3503988753973817,0.47058823529411764,-0.13360703742641805,4
x_aq_idu_top/rtu_idu_wb1_vld,10,0.0023629489603024575,1.5949999999999995,1.3370847364031402,0.5,0.05999031137668919,1
x_aq_idu_top/rtu_yy_xx_dbgon,0,0.0,0.0,0.0,0.0,,0
x_aq_idu_top/vidu_idu_fp_full,0,0.0,0.0,0.0,0.0,,0
x_aq_idu_top/vidu_idu_vec_full,0,0.0,0.0,0.0,0.0,,0
x_aq_idu_top/ctrl_dp_dis_int_inst_gateclk_vld,73,0.01724952741020794,1.5396986301369862,1.290725728537297,0.2054794520547945,-0.5756625192776391,1
x_aq_idu_top/ctrl_dp_dis_vec_inst_gateclk_vld,0,0.0,0.0,0.0,0.0,,0
x_aq_idu_top/ctrl_dp_ex1_stall,22,0.005198487712665407,1.3344745454545455,1.1186868625992425,0.18181818181818182,-0.7264903363019845,1
x_aq_idu_top/ctrl_top_eu_sel[9:0],173,0.040879017013232516,1.7012913294797687,1.4261885070986866,0.2658959537572254,-0.624860815858844,3
x_aq_idu_top/ctrl_wbt_dis_inst_vld,73,0.01724952741020794,1.5396986301369862,1.290725728537297,0.2054794520547945,-0.5756625192776391,1
x_aq_idu_top/ctrl_xx_dis_stall,79,0.018667296786389415,1.7741068354430378,1.4872295739306358,0.3670886075949367,-0.7051440481308231,1
x_aq_idu_top/decd_dp_inst_data[264:0],368,0.08695652173913043,1.680170543478261,1.408483002030691,0.26358695652173914,,173
x_aq_idu_top/dp_ctrl_dis_inst_cancel,0,0.0,0.0,0.0,0.0,,0
x_aq_idu_top/dp_ctrl_dis_inst_cp0_fence,54,0.01275992438563327,1.8221851851851854,1.5275335410727533,0.4074074074074074,-0.22964948276930472,1
x_aq_idu_top/dp_ctrl_dis_inst_dst0_type[2:0],135,0.031899810964083175,1.8703194074074072,1.5678843459830791,0.35555555555555557,0.13648550902207288,3
x_aq_idu_top/dp_ctrl_dis_inst_dst0_vld,37,0.008742911153119093,1.7889383783783783,1.4996628213764989,0.40540540540540543,0.12176637635373395,1
x_aq_idu_top/dp_ctrl_dis_inst_dst1_type[2:0],3,0.0007088846880907373,2.0275733333333337,1.699709941026983,0.3333333333333333,0.036912954338464574,1
x_aq_idu_top/dp_ctrl_dis_inst_dst1_vld,0,0.0,0.0,0.0,0.0,,0
x_aq_idu_top/dp_ctrl_dis_inst_eu[9:0],183,0.04324196597353497,1.8499350819672133,1.5507962140658644,0.36065573770491804,0.021410448142301464,5
x_aq_idu_top/dp_ctrl_dis_inst_expt_vld,14,0.0033081285444234404,2.2846942857142856,1.915253828699716,0.5714285714285714,0.25214498912671046,1
x_aq_idu_top/dp_ctrl_dis_inst_func[19:0],263,0.06214555765595463,1.763262813688213,1.478139056081357,0.33460076045627374,-0.05973895479088764,10
x_aq_idu_top/dp_ctrl_dis_inst_src0_vld,69,0.016304347826086956,1.8326626086956521,1.53631674047882,0.3188405797101449,-0.2516456843380395,1
x_aq_idu_top/dp_ctrl_dis_inst_src1_vld,4,0.000945179584120983,1.3807499999999995,1.1574794669521227,0.5,0.025262301414826334,1
x_aq_idu_top/dp_ctrl_dis_inst_src2_vld,10,0.0023629489603024575,2.8058999999999994,2.3521793491370353,1.0,0.0702543835581567,1
x_aq_idu_top/dp_ctrl_dis_inst_src_type[2:0],135,0.031899810964083175,1.8703194074074072,1.5678843459830791,0.35555555555555557,0.13648550902207288,3
x_aq_idu_top/dp_ctrl_dis_inst_store,10,0.0023629489603024575,2.8058999999999994,2.3521793491370353,1.0,0.0702543835581567,1
x_aq_idu_top/dp_ctrl_dis_inst_vec,0,0.0,0.0,0.0,0.0,,0
x_aq_idu_top/dp_ctrl_inst_amo,30,0.007088846880907372,1.8045333333333338,1.5127360353170416,0.3333333333333333,-0.4785353753580663,1
x_aq_idu_top/dp_ctrl_inst_csr,65,0.015359168241965973,1.6967846153846153,1.4224105393068607,0.24615384615384617,0.0705934007220058,1
x_aq_idu_top/dp_ctrl_inst_ecall,0,0.0,0.0,0.0,0.0,,0
x_aq_idu_top/dp_ctrl_inst_sync,8,0.001890359168241966,1.9865,1.6652782626111842,0.5,-0.17856027223613674,1
x_aq_idu_top/dp_ctrl_src0_fwd_vld,20,0.004725897920604915,1.7747000000000004,1.4877268223790936,0.35,0.11277372783734353,1
x_aq_idu_top/dp_ctrl_src1_fwd_vld,4,0.000945179584120983,1.6389999999999998,1.373969832579779,0.0,0.030766235809032032,1
x_aq_idu_top/dp_ctrl_src2_fwd_vld,4,0.000945179584120983,1.4202500000000007,1.1905922237470605,0.0,0.02358437148905228,1
x_aq_idu_top/dp_decd_inst[31:0],367,0.08672022684310018,1.6798039237057218,1.4081756655404554,0.26430517711171664,0.18713686704950497,22
x_aq_idu_top/dp_decd_vlmul[1:0],0,0.0,0.0,0.0,0.0,,0
x_aq_idu_top/dp_decd_vsew[1:0],0,0.0,0.0,0.0,0.0,,0
x_aq_idu_top/dp_gpr_src0_reg[5:0],183,0.04324196597353497,1.7693134426229509,1.4832112840401515,0.3224043715846995,0.33056459714901243,4
x_aq_idu_top/dp_gpr_src1_reg[5:0],24,0.005671077504725898,1.8414999999999992,1.5437251047563527,0.25,0.14943615681913608,2
x_aq_idu_top/dp_gpr_src2_reg[5:0],32,0.007561436672967864,2.0553125,1.7229636189897053,0.59375,0.1073029049718127,4
x_aq_idu_top/dp_gpr_wb0_vld[31:0],192,0.045368620037807186,1.6908854166666665,1.4174652549414823,0.1875,0.03972556514196872,3
x_aq_idu_top/dp_gpr_wb1_vld[31:0],22,0.005198487712665407,2.0471363636363638,1.716109583168659,0.5,0.047613673470144134,2
x_aq_idu_top/dp_split_inst[31:0],367,0.08672022684310018,1.6798039237057218,1.4081756655404554,0.26430517711171664,0.18713686704950497,22
x_aq_idu_top/dp_wbt_dst0_reg[5:0],201,0.0474952741020794,1.7894831840796017,1.500119530710299,0.36318407960199006,0.3003540691935699,4
x_aq_idu_top/dp_wbt_dst0_type[2:0],135,0.031899810964083175,1.8703194074074072,1.5678843459830791,0.35555555555555557,0.13648550902207288,3
x_aq_idu_top/dp_wbt_dst1_reg[5:0],222,0.05245746691871456,1.6758767567567567,1.404883530753767,0.2747747747747748,0.23085866802452662,5
x_aq_idu_top/dp_wbt_dst1_type[2:0],3,0.0007088846880907373,2.0275733333333337,1.699709941026983,0.3333333333333333,0.036912954338464574,1
x_aq_idu_top/dp_wbt_inst_dst0_vld,37,0.008742911153119093,1.7889383783783783,1.4996628213764989,0.40540540540540543,0.12176637635373395,1
x_aq_idu_top/dp_wbt_inst_dst1_vld,0,0.0,0.0,0.0,0.0,,0
x_aq_idu_top/dp_wbt_src0_reg[5:0],197,0.04655009451795841,1.65334192893401,1.3859926377636307,0.29949238578680204,0.3167500353506351,4
x_aq_idu_top/dp_wbt_src1_reg[5:0],233,0.05505671077504726,1.7781517596566525,1.4906204243544174,0.3261802575107296,-0.40252802660598647,5
x_aq_idu_top/dp_wbt_src2_reg[5:0],128,0.030245746691871456,1.7135968750000004,1.4365042168718627,0.3125,-0.13867461858813276,4
x_aq_idu_top/dp_wbt_wb_vld[31:0],204,0.048204158790170135,1.6954460784313725,1.4212884469373983,0.20098039215686275,0.03972638141816122,3
x_aq_idu_top/gpr_dp_src0_data[63:0],185,0.043714555765595464,1.789065081081081,1.4997690359532043,0.35135135135135137,0.1293086494742093,49
x_aq_idu_top/gpr_dp_src1_data[63:0],17,0.004017013232514178,1.9028235294117641,1.595132474761895,0.29411764705882354,0.0710491662666963,37
x_aq_idu_top/gpr_dp_src2_data[63:0],26,0.006143667296786389,2.176153846153846,1.8242646343305928,0.6538461538461539,0.04380059013242158,8
x_aq_idu_top/split_ctrl_id_stall,2,0.0004725897920604915,1.2699999999999996,1.0646380032802434,0.5,0.008009291884354989,1
x_aq_idu_top/split_ctrl_inst_vld,4,0.000945179584120983,1.2475,1.0457763063717354,0.25,-0.2934120331686981,1
x_aq_idu_top/split_dp_inst_data[264:0],348,0.08223062381852551,1.6969483908045977,1.4225478318549838,0.27873563218390807,,22
x_aq_idu_top/split_dp_inst_sel,4,0.000945179584120983,1.2475,1.0457763063717354,0.25,-0.2934120331686981,1
x_aq_idu_top/split_top_cur_state_no_idle[3:0],4,0.000945179584120983,0.9282500000000001,0.7781497846810128,0.0,-0.2948136251250982,2
x_aq_idu_top/wbt_ctrl_dst0_info[6:0],258,0.0609640831758034,1.6215004651162792,1.3593000137790407,0.17054263565891473,0.12375803013682908,6
x_aq_idu_top/wbt_ctrl_dst1_info[6:0],184,0.043478260869565216,1.7007017391304349,1.4256942549000504,0.29891304347826086,0.17587509845864968,4
x_aq_idu_top/wbt_ctrl_src0_info[6:0],288,0.06805293005671077,1.6525143055555556,1.3852988430383504,0.2361111111111111,0.25239910123686693,4
x_aq_idu_top/wbt_ctrl_src1_info[6:0],79,0.018667296786389415,1.7969331645569615,1.506364831765333,0.24050632911392406,0.16900940847597737,4
x_aq_idu_top/wbt_ctrl_src2_info[6:0],91,0.021502835538752364,1.8043200000000001,1.512557198487094,0.25274725274725274,-0.03334049688454326,4
x_aq_idu_top/wbt_top_gpr_not_wb,129,0.0304820415879017,1.6763798449612404,1.4053052684084877,0.24806201550387597,0.22395858140582092,1
x_aq_idu_top/x_aq_idu_id_ctrl/cp0_idu_dis_fence_in_dbg,0,0.0,0.0,0.0,0.0,,0
x_aq_idu_top/x_aq_idu_id_ctrl/cp0_idu_icg_en,0,0.0,0.0,0.0,0.0,,0
x_aq_idu_top/x_aq_idu_id_ctrl/cp0_idu_issue_stall,8,0.001890359168241966,1.0833,0.908127833821644,0.25,-0.7050088671655842,1
x_aq_idu_top/x_aq_idu_id_ctrl/cp0_idu_vsetvl_dis_stall,0,0.0,0.0,0.0,0.0,,0
x_aq_idu_top/x_aq_idu_id_ctrl/cp0_yy_clk_en,1,0.00023629489603024575,1.8147199999999999,1.5212754939470265,0.0,0.0634561532555035,1
x_aq_idu_top/x_aq_idu_id_ctrl/cpurst_b,3,0.0007088846880907373,1.0352400000000002,0.8678392492250705,0.0,0.0006521441666639201,1
x_aq_idu_top/x_aq_idu_id_ctrl/ctrl_dp_dis_int_inst_gateclk_vld,73,0.01724952741020794,1.5396986301369862,1.290725728537297,0.2054794520547945,-0.5756625192776391,1
x_aq_idu_top/x_aq_idu_id_ctrl/ctrl_dp_dis_vec_inst_gateclk_vld,0,0.0,0.0,0.0,0.0,,0
x_aq_idu_top/x_aq_idu_id_ctrl/ctrl_dp_ex1_stall,22,0.005198487712665407,1.3344745454545455,1.1186868625992425,0.18181818181818182,-0.7264903363019845,1
x_aq_idu_top/x_aq_idu_id_ctrl/ctrl_top_eu_sel[9:0],173,0.040879017013232516,1.7012913294797687,1.4261885070986866,0.2658959537572254,-0.624860815858844,3
x_aq_idu_top/x_aq_idu_id_ctrl/ctrl_wbt_dis_inst_vld,73,0.01724952741020794,1.5396986301369862,1.290725728537297,0.2054794520547945,-0.5756625192776391,1
x_aq_idu_top/x_aq_idu_id_ctrl/ctrl_xx_dis_stall,79,0.018667296786389415,1.7741068354430378,1.4872295739306358,0.3670886075949367,-0.7051440481308231,1
x_aq_idu_top/x_aq_idu_id_ctrl/dp_ctrl_dis_inst_cancel,0,0.0,0.0,0.0,0.0,,0
x_aq_idu_top/x_aq_idu_id_ctrl/dp_ctrl_dis_inst_cp0_fence,54,0.01275992438563327,1.8221851851851854,1.5275335410727533,0.4074074074074074,-0.22964948276930472,1
x_aq_idu_top/x_aq_idu_id_ctrl/dp_ctrl_dis_inst_dst0_type[2:0],135,0.031899810964083175,1.8703194074074072,1.5678843459830791,0.35555555555555557,0.13648550902207288,3
x_aq_idu_top/x_aq_idu_id_ctrl/dp_ctrl_dis_inst_dst0_vld,37,0.008742911153119093,1.7889383783783783,1.4996628213764989,0.40540540540540543,0.12176637635373395,1
x_aq_idu_top/x_aq_idu_id_ctrl/dp_ctrl_dis_inst_dst1_type[2:0],3,0.0007088846880907373,2.0275733333333337,1.699709941026983,0.3333333333333333,0.036912954338464574,1
x_aq_idu_top/x_aq_idu_id_ctrl/dp_ctrl_dis_inst_dst1_vld,0,0.0,0.0,0.0,0.0,,0
x_aq_idu_top/x_aq_idu_id_ctrl/dp_ctrl_dis_inst_eu[9:0],183,0.04324196597353497,1.8499350819672133,1.5507962140658644,0.36065573770491804,0.021410448142301464,5
x_aq_idu_top/x_aq_idu_id_ctrl/dp_ctrl_dis_inst_expt_vld,14,0.0033081285444234404,2.2846942857142856,1.915253828699716,0.5714285714285714,0.25214498912671046,1
x_aq_idu_top/x_aq_idu_id_ctrl/dp_ctrl_dis_inst_func[19:0],263,0.06214555765595463,1.763262813688213,1.478139056081357,0.33460076045627374,-0.05973895479088764,10
x_aq_idu_top/x_aq_idu_id_ctrl/dp_ctrl_dis_inst_src0_vld,69,0.016304347826086956,1.8326626086956521,1.53631674047882,0.3188405797101449,-0.2516456843380395,1
x_aq_idu_top/x_aq_idu_id_ctrl/dp_ctrl_dis_inst_src1_vld,4,0.000945179584120983,1.3807499999999995,1.1574794669521227,0.5,0.025262301414826334,1
x_aq_idu_top/x_aq_idu_id_ctrl/dp_ctrl_dis_inst_src2_vld,10,0.0023629489603024575,2.8058999999999994,2.3521793491370353,1.0,0.0702543835581567,1
x_aq_idu_top/x_aq_idu_id_ctrl/dp_ctrl_dis_inst_src_type[2:0],135,0.031899810964083175,1.8703194074074072,1.5678843459830791,0.35555555555555557,0.13648550902207288,3
x_aq_idu_top/x_aq_idu_id_ctrl/dp_ctrl_dis_inst_store,10,0.0023629489603024575,2.8058999999999994,2.3521793491370353,1.0,0.0702543835581567,1
x_aq_idu_top/x_aq_idu_id_ctrl/dp_ctrl_dis_inst_vec,0,0.0,0.0,0.0,0.0,,0
x_aq_idu_top/x_aq_idu_id_ctrl/dp_ctrl_inst_amo,30,0.007088846880907372,1.8045333333333338,1.5127360353170416,0.3333333333333333,-0.4785353753580663,1
x_aq_idu_top/x_aq_idu_id_ctrl/dp_ctrl_inst_csr,65,0.015359168241965973,1.6967846153846153,1.4224105393068607,0.24615384615384617,0.0705934007220058,1
x_aq_idu_top/x_aq_idu_id_ctrl/dp_ctrl_inst_ecall,0,0.0,0.0,0.0,0.0,,0
x_aq_idu_top/x_aq_idu_id_ctrl/dp_ctrl_inst_sync,8,0.001890359168241966,1.9865,1.6652782626111842,0.5,-0.17856027223613674,1
x_aq_idu_top/x_aq_idu_id_ctrl/dp_ctrl_src0_fwd_vld,20,0.004725897920604915,1.7747000000000004,1.4877268223790936,0.35,0.11277372783734353,1
x_aq_idu_top/x_aq_idu_id_ctrl/dp_ctrl_src1_fwd_vld,4,0.000945179584120983,1.6389999999999998,1.373969832579779,0.0,0.030766235809032032,1
x_aq_idu_top/x_aq_idu_id_ctrl/dp_ctrl_src2_fwd_vld,4,0.000945179584120983,1.4202500000000007,1.1905922237470605,0.0,0.02358437148905228,1
x_aq_idu_top/x_aq_idu_id_ctrl/forever_cpuclk,0,0.0,0.0,0.0,0.0,,0
x_aq_idu_top/x_aq_idu_id_ctrl/hpcp_idu_cnt_en,1,0.00023629489603024575,1.8147199999999999,1.5212754939470265,0.0,0.0634561532555035,1
x_aq_idu_top/x_aq_idu_id_ctrl/idu_alu_ex1_gateclk_sel,56,0.013232514177693762,1.6673214285714284,1.3977116193233456,0.19642857142857142,0.21149058173453097,1
x_aq_idu_top/x_aq_idu_id_ctrl/idu_bju_ex1_gateclk_sel,0,0.0,0.0,0.0,0.0,,0
x_aq_idu_top/x_aq_idu_id_ctrl/idu_cp0_ex1_dp_sel,8,0.001890359168241966,2.0668,1.7325935631335494,0.25,-0.7065392980774039,1
x_aq_idu_top/x_aq_idu_id_ctrl/idu_cp0_ex1_gateclk_sel,8,0.001890359168241966,2.0668,1.7325935631335494,0.25,-0.7065392980774039,1
x_aq_idu_top/x_aq_idu_id_ctrl/idu_cp0_ex1_sel,8,0.001890359168241966,2.0668,1.7325935631335494,0.25,-0.7065392980774039,1
x_aq_idu_top/x_aq_idu_id_ctrl/idu_div_ex1_gateclk_sel,0,0.0,0.0,0.0,0.0,,0
x_aq_idu_top/x_aq_idu_id_ctrl/idu_ifu_id_stall,79,0.018667296786389415,1.7746891139240504,1.4877176966073116,0.3670886075949367,-0.7047466219945541,1
x_aq_idu_top/x_aq_idu_id_ctrl/idu_iu_ex1_alu_dp_sel,56,0.013232514177693762,1.6673214285714284,1.3977116193233456,0.19642857142857142,0.21149058173453097,1
x_aq_idu_top/x_aq_idu_id_ctrl/idu_iu_ex1_alu_sel,52,0.012287334593572778,1.5745961538461537,1.3199802403177325,0.1346153846153846,0.2042503135064442,1
x_aq_idu_top/x_aq_idu_id_ctrl/idu_iu_ex1_bju_br_sel,0,0.0,0.0,0.0,0.0,,0
x_aq_idu_top/x_aq_idu_id_ctrl/idu_iu_ex1_bju_dp_sel,0,0.0,0.0,0.0,0.0,,0
x_aq_idu_top/x_aq_idu_id_ctrl/idu_iu_ex1_bju_sel,0,0.0,0.0,0.0,0.0,,0
x_aq_idu_top/x_aq_idu_id_ctrl/idu_iu_ex1_div_dp_sel,0,0.0,0.0,0.0,0.0,,0
x_aq_idu_top/x_aq_idu_id_ctrl/idu_iu_ex1_div_sel,0,0.0,0.0,0.0,0.0,,0
x_aq_idu_top/x_aq_idu_id_ctrl/idu_iu_ex1_inst_vld,96,0.022684310018903593,1.7149,1.4375966234844804,0.21875,-0.619777608704327,1
x_aq_idu_top/x_aq_idu_id_ctrl/idu_iu_ex1_mult_dp_sel,0,0.0,0.0,0.0,0.0,,0
x_aq_idu_top/x_aq_idu_id_ctrl/idu_iu_ex1_mult_sel,0,0.0,0.0,0.0,0.0,,0
x_aq_idu_top/x_aq_idu_id_ctrl/idu_iu_ex1_pipedown_vld,70,0.0165406427221172,1.6137714285714284,1.352820780681096,0.2,0.2419325969286259,1
x_aq_idu_top/x_aq_idu_id_ctrl/idu_lsu_ex1_dp_sel,18,0.004253308128544423,1.5901111111111108,1.332986392383514,0.4444444444444444,0.04970223532876647,1
x_aq_idu_top/x_aq_idu_id_ctrl/idu_lsu_ex1_gateclk_sel,24,0.005671077504725898,1.8064166666666666,1.51431482920642,0.3333333333333333,-0.06684620744796863,1
x_aq_idu_top/x_aq_idu_id_ctrl/idu_lsu_ex1_sel,12,0.002835538752362949,1.8231666666666662,1.5283563146827535,0.6666666666666666,0.03732838452691822,1
x_aq_idu_top/x_aq_idu_id_ctrl/idu_mult_ex1_gateclk_sel,0,0.0,0.0,0.0,0.0,,0
x_aq_idu_top/x_aq_idu_id_ctrl/idu_vidu_ex1_fp_dp_sel,0,0.0,0.0,0.0,0.0,,0
x_aq_idu_top/x_aq_idu_id_ctrl/idu_vidu_ex1_fp_gateclk_sel,0,0.0,0.0,0.0,0.0,,0
x_aq_idu_top/x_aq_idu_id_ctrl/idu_vidu_ex1_fp_sel,0,0.0,0.0,0.0,0.0,,0
x_aq_idu_top/x_aq_idu_id_ctrl/idu_vidu_ex1_vec_dp_sel,0,0.0,0.0,0.0,0.0,,0
x_aq_idu_top/x_aq_idu_id_ctrl/idu_vidu_ex1_vec_gateclk_sel,0,0.0,0.0,0.0,0.0,,0
x_aq_idu_top/x_aq_idu_id_ctrl/idu_vidu_ex1_vec_sel,0,0.0,0.0,0.0,0.0,,0
x_aq_idu_top/x_aq_idu_id_ctrl/ifu_idu_id_inst_vld,73,0.01724952741020794,1.5396986301369862,1.290725728537297,0.2054794520547945,-0.5756625192776391,1
x_aq_idu_top/x_aq_idu_id_ctrl/ifu_idu_warm_up,2,0.0004725897920604915,1.4680000000000004,1.2306209360751166,0.0,0.019944039367258432,1
x_aq_idu_top/x_aq_idu_id_ctrl/iu_idu_bju_full,0,0.0,0.0,0.0,0.0,,0
x_aq_idu_top/x_aq_idu_id_ctrl/iu_idu_bju_global_full,0,0.0,0.0,0.0,0.0,,0
x_aq_idu_top/x_aq_idu_id_ctrl/iu_idu_div_full,0,0.0,0.0,0.0,0.0,,0
x_aq_idu_top/x_aq_idu_id_ctrl/iu_idu_mult_full,0,0.0,0.0,0.0,0.0,,0
x_aq_idu_top/x_aq_idu_id_ctrl/iu_idu_mult_issue_stall,0,0.0,0.0,0.0,0.0,,0
x_aq_idu_top/x_aq_idu_id_ctrl/iu_yy_xx_cancel,0,0.0,0.0,0.0,0.0,,0
x_aq_idu_top/x_aq_idu_id_ctrl/lsu_idu_full,14,0.0033081285444234404,1.478002857142857,1.2390063076150128,0.14285714285714285,-0.1153022321240623,1
x_aq_idu_top/x_aq_idu_id_ctrl/lsu_idu_global_full,14,0.0033081285444234404,1.478002857142857,1.2390063076150128,0.14285714285714285,-0.1153022321240623,1
x_aq_idu_top/x_aq_idu_id_ctrl/pad_yy_icg_scan_en,0,0.0,0.0,0.0,0.0,,0
x_aq_idu_top/x_aq_idu_id_ctrl/rtu_idu_commit,47,0.01110586011342155,1.7520791489361707,1.4687638163089396,0.23404255319148937,-0.10155599425342246,1
x_aq_idu_top/x_aq_idu_id_ctrl/rtu_idu_commit_for_bju,47,0.01110586011342155,1.7520791489361707,1.4687638163089396,0.23404255319148937,-0.10155599425342246,1
x_aq_idu_top/x_aq_idu_id_ctrl/rtu_idu_flush_fe,0,0.0,0.0,0.0,0.0,,0
x_aq_idu_top/x_aq_idu_id_ctrl/rtu_idu_flush_stall,18,0.004253308128544423,2.024,1.6967144241253647,0.4444444444444444,0.044166659899186514,1
x_aq_idu_top/x_aq_idu_id_ctrl/rtu_idu_pipeline_empty,114,0.026937618147448016,1.6596642105263157,1.3912925915042667,0.21929824561403508,0.4583267002213681,1
x_aq_idu_top/x_aq_idu_id_ctrl/rtu_yy_xx_dbgon,0,0.0,0.0,0.0,0.0,,0
x_aq_idu_top/x_aq_idu_id_ctrl/split_ctrl_id_stall,2,0.0004725897920604915,1.2699999999999996,1.0646380032802434,0.5,0.008009291884354989,1
x_aq_idu_top/x_aq_idu_id_ctrl/split_ctrl_inst_vld,4,0.000945179584120983,1.2475,1.0457763063717354,0.25,-0.2934120331686981,1
x_aq_idu_top/x_aq_idu_id_ctrl/split_dp_inst_sel,4,0.000945179584120983,1.2475,1.0457763063717354,0.25,-0.2934120331686981,1
x_aq_idu_top/x_aq_idu_id_ctrl/vidu_idu_fp_full,0,0.0,0.0,0.0,0.0,,0
x_aq_idu_top/x_aq_idu_id_ctrl/vidu_idu_vec_full,0,0.0,0.0,0.0,0.0,,0
x_aq_idu_top/x_aq_idu_id_ctrl/wbt_ctrl_dst0_info[6:0],258,0.0609640831758034,1.6215004651162792,1.3593000137790407,0.17054263565891473,0.12375803013682908,6
x_aq_idu_top/x_aq_idu_id_ctrl/wbt_ctrl_dst1_info[6:0],184,0.043478260869565216,1.7007017391304349,1.4256942549000504,0.29891304347826086,0.17587509845864968,4
x_aq_idu_top/x_aq_idu_id_ctrl/wbt_ctrl_src0_info[6:0],288,0.06805293005671077,1.6525143055555556,1.3852988430383504,0.2361111111111111,0.25239910123686693,4
x_aq_idu_top/x_aq_idu_id_ctrl/wbt_ctrl_src1_info[6:0],79,0.018667296786389415,1.7969331645569615,1.506364831765333,0.24050632911392406,0.16900940847597737,4
x_aq_idu_top/x_aq_idu_id_ctrl/wbt_ctrl_src2_info[6:0],91,0.021502835538752364,1.8043200000000001,1.512557198487094,0.25274725274725274,-0.03334049688454326,4
x_aq_idu_top/x_aq_idu_id_ctrl/ctrl_dis_cp0_stall,44,0.010396975425330813,1.780159090909091,1.492303165406794,0.4318181818181818,-0.27580648398709634,1
x_aq_idu_top/x_aq_idu_id_ctrl/ctrl_dis_dep_stall,1,0.00023629489603024575,1.7430000000000012,1.461152787179107,0.0,0.028491096751598693,1
x_aq_idu_top/x_aq_idu_id_ctrl/ctrl_dis_dst0_waw,3,0.0007088846880907373,1.4380000000000006,1.2054720068637725,0.0,0.030969737222148394,1
x_aq_idu_top/x_aq_idu_id_ctrl/ctrl_dis_dst0_waw_except,82,0.019376181474480152,1.5077487804878051,1.263942244965952,0.10975609756097561,-0.3664451456981425,1
x_aq_idu_top/x_aq_idu_id_ctrl/ctrl_dis_dst1_waw,0,0.0,0.0,0.0,0.0,,0
x_aq_idu_top/x_aq_idu_id_ctrl/ctrl_dis_dst1_waw_except,73,0.01724952741020794,1.6584794520547945,1.3902994112731724,0.1780821917808219,0.19383965483382107,1
x_aq_idu_top/x_aq_idu_id_ctrl/ctrl_dis_inst_vld,73,0.01724952741020794,1.5396986301369862,1.290725728537297,0.2054794520547945,-0.5756625192776391,1
x_aq_idu_top/x_aq_idu_id_ctrl/ctrl_dis_raw,0,0.0,0.0,0.0,0.0,,0
x_aq_idu_top/x_aq_idu_id_ctrl/ctrl_dis_src0_raw,0,0.0,0.0,0.0,0.0,,0
x_aq_idu_top/x_aq_idu_id_ctrl/ctrl_dis_src0_raw_except,91,0.021502835538752364,1.767351648351648,1.4815667165316109,0.24175824175824176,0.24806793537693977,1
x_aq_idu_top/x_aq_idu_id_ctrl/ctrl_dis_src1_raw,0,0.0,0.0,0.0,0.0,,0
x_aq_idu_top/x_aq_idu_id_ctrl/ctrl_dis_src1_raw_except,21,0.00496219281663516,1.826380952380952,1.5310508428125404,0.23809523809523808,0.1259353121066036,1
x_aq_idu_top/x_aq_idu_id_ctrl/ctrl_dis_src2_raw,0,0.0,0.0,0.0,0.0,,0
x_aq_idu_top/x_aq_idu_id_ctrl/ctrl_dis_src2_raw_except,21,0.00496219281663516,1.861304761904762,1.5603273899293661,0.2857142857142857,-0.47863877435347246,1
x_aq_idu_top/x_aq_idu_id_ctrl/ctrl_dis_stall,79,0.018667296786389415,1.7741068354430378,1.4872295739306358,0.3670886075949367,-0.7051440481308231,1
x_aq_idu_top/x_aq_idu_id_ctrl/ctrl_dis_vec_stall,0,0.0,0.0,0.0,0.0,,0
x_aq_idu_top/x_aq_idu_id_ctrl/ctrl_dis_waw,3,0.0007088846880907373,1.4380000000000006,1.2054720068637725,0.0,0.030969737222148394,1
x_aq_idu_top/x_aq_idu_id_ctrl/ctrl_ex1_eu_full,14,0.0033081285444234404,1.478002857142857,1.2390063076150128,0.14285714285714285,-0.1153022321240623,1
x_aq_idu_top/x_aq_idu_id_ctrl/ctrl_ex1_internal_stall,14,0.0033081285444234404,1.478002857142857,1.2390063076150128,0.14285714285714285,-0.1153022321240623,1
x_aq_idu_top/x_aq_idu_id_ctrl/ctrl_ex1_issue_stall,8,0.001890359168241966,1.0833,0.908127833821644,0.25,-0.7050088671655842,1
x_aq_idu_top/x_aq_idu_id_ctrl/ctrl_ex1_stall,22,0.005198487712665407,1.3344745454545455,1.1186868625992425,0.18181818181818182,-0.7264903363019845,1
x_aq_idu_top/x_aq_idu_id_ctrl/ctrl_pipedown_eu_sel[9:0],178,0.04206049149338374,1.6168393258426965,1.3553925917245226,0.25842696629213485,0.18198858339579693,3
x_aq_idu_top/x_aq_idu_id_ctrl/ctrl_pipedown_inst_vld,102,0.024102079395085067,1.5481568627450975,1.2978162449744464,0.19607843137254902,0.2495905514926836,1
x_aq_idu_top/x_aq_idu_id_ctrl/ctrl_split_stall,2,0.0004725897920604915,1.2699999999999996,1.0646380032802434,0.5,0.008009291884354989,1
x_aq_idu_top/x_aq_idu_id_ctrl/ex1_hpcp_clk,0,0.0,0.0,0.0,0.0,,0
x_aq_idu_top/x_aq_idu_id_ctrl/ex1_hpcp_clk_en,1,0.00023629489603024575,1.8147199999999999,1.5212754939470265,0.0,0.0634561532555035,1
x_aq_idu_top/x_aq_idu_id_ctrl/ex1_inst_clk,0,0.0,0.0,0.0,0.0,,0
x_aq_idu_top/x_aq_idu_id_ctrl/ex1_inst_clk_en,113,0.02670132325141777,1.6484424778761064,1.3818854395026419,0.25663716814159293,-0.5405276859515272,1
x_aq_idu_top/x_aq_idu_id_ctrl/idu_backend_stall,79,0.018667296786389415,1.7746891139240504,1.4877176966073116,0.3670886075949367,-0.7047466219945541,1
x_aq_idu_top/x_aq_idu_id_ctrl/idu_frontend_stall,104,0.024574669187145556,1.487747307692308,1.2471750575173992,0.11538461538461539,0.499431506819651,1
x_aq_idu_top/x_aq_idu_id_ctrl/idu_inst_type[6:0],148,0.03497164461247637,1.5862394594594595,1.3297407959395684,0.23648648648648649,-0.550995530684368,2
x_aq_idu_top/x_aq_idu_id_ctrl/x_ex1_inst_gated_clk/clk_in,0,0.0,0.0,0.0,0.0,,0
x_aq_idu_top/x_aq_idu_id_ctrl/x_ex1_inst_gated_clk/global_en,1,0.00023629489603024575,1.8147199999999999,1.5212754939470265,0.0,0.0634561532555035,1
x_aq_idu_top/x_aq_idu_id_ctrl/x_ex1_inst_gated_clk/module_en,0,0.0,0.0,0.0,0.0,,0
x_aq_idu_top/x_aq_idu_id_ctrl/x_ex1_inst_gated_clk/local_en,113,0.02670132325141777,1.6484424778761064,1.3818854395026419,0.25663716814159293,-0.5405276859515272,1
x_aq_idu_top/x_aq_idu_id_ctrl/x_ex1_inst_gated_clk/external_en,0,0.0,0.0,0.0,0.0,,0
x_aq_idu_top/x_aq_idu_id_ctrl/x_ex1_inst_gated_clk/pad_yy_icg_scan_en,0,0.0,0.0,0.0,0.0,,0
x_aq_idu_top/x_aq_idu_id_ctrl/x_ex1_inst_gated_clk/clk_out,0,0.0,0.0,0.0,0.0,,0
x_aq_idu_top/x_aq_idu_id_ctrl/x_ex1_inst_gated_clk/clk_en_bf_latch,113,0.02670132325141777,1.6484424778761064,1.3818854395026419,0.25663716814159293,-0.5405276859515272,1
x_aq_idu_top/x_aq_idu_id_ctrl/x_ex1_inst_gated_clk/SE,0,0.0,0.0,0.0,0.0,,0
x_aq_idu_top/x_aq_idu_id_ctrl/x_ex1_hpcp_gated_clk/clk_in,0,0.0,0.0,0.0,0.0,,0
x_aq_idu_top/x_aq_idu_id_ctrl/x_ex1_hpcp_gated_clk/global_en,1,0.00023629489603024575,1.8147199999999999,1.5212754939470265,0.0,0.0634561532555035,1
x_aq_idu_top/x_aq_idu_id_ctrl/x_ex1_hpcp_gated_clk/module_en,0,0.0,0.0,0.0,0.0,,0
x_aq_idu_top/x_aq_idu_id_ctrl/x_ex1_hpcp_gated_clk/local_en,1,0.00023629489603024575,1.8147199999999999,1.5212754939470265,0.0,0.0634561532555035,1
x_aq_idu_top/x_aq_idu_id_ctrl/x_ex1_hpcp_gated_clk/external_en,0,0.0,0.0,0.0,0.0,,0
x_aq_idu_top/x_aq_idu_id_ctrl/x_ex1_hpcp_gated_clk/pad_yy_icg_scan_en,0,0.0,0.0,0.0,0.0,,0
x_aq_idu_top/x_aq_idu_id_ctrl/x_ex1_hpcp_gated_clk/clk_out,0,0.0,0.0,0.0,0.0,,0
x_aq_idu_top/x_aq_idu_id_ctrl/x_ex1_hpcp_gated_clk/clk_en_bf_latch,1,0.00023629489603024575,1.8147199999999999,1.5212754939470265,0.0,0.0634561532555035,1
x_aq_idu_top/x_aq_idu_id_ctrl/x_ex1_hpcp_gated_clk/SE,0,0.0,0.0,0.0,0.0,,0
x_aq_idu_top/x_aq_idu_id_decd/cp0_idu_cskyee,3,0.0007088846880907373,1.653906666666667,1.3864660560723496,0.3333333333333333,-0.0013937871967483148,1
x_aq_idu_top/x_aq_idu_id_decd/cp0_idu_frm[2:0],0,0.0,0.0,0.0,0.0,,0
x_aq_idu_top/x_aq_idu_id_decd/cp0_idu_fs[1:0],1,0.00023629489603024575,0.8039999999999994,0.6739913028640278,0.0,-0.24655930977641688,1
x_aq_idu_top/x_aq_idu_id_decd/cp0_idu_ucme,1,0.00023629489603024575,1.8147199999999999,1.5212754939470265,0.0,0.0634561532555035,1
x_aq_idu_top/x_aq_idu_id_decd/cp0_idu_vill,0,0.0,0.0,0.0,0.0,,0
x_aq_idu_top/x_aq_idu_id_decd/cp0_idu_vl_zero,0,0.0,0.0,0.0,0.0,,0
x_aq_idu_top/x_aq_idu_id_decd/cp0_idu_vs[1:0],0,0.0,0.0,0.0,0.0,,0
x_aq_idu_top/x_aq_idu_id_decd/cp0_idu_vstart[6:0],0,0.0,0.0,0.0,0.0,,0
x_aq_idu_top/x_aq_idu_id_decd/cp0_yy_priv_mode[1:0],3,0.0007088846880907373,0.9442400000000005,0.7915541639506597,0.0,-0.09598288421388247,2
x_aq_idu_top/x_aq_idu_id_decd/dp_decd_inst[31:0],367,0.08672022684310018,1.6798039237057218,1.4081756655404554,0.26430517711171664,0.18713686704950497,22
x_aq_idu_top/x_aq_idu_id_decd/dp_decd_vlmul[1:0],0,0.0,0.0,0.0,0.0,,0
x_aq_idu_top/x_aq_idu_id_decd/dp_decd_vsew[1:0],0,0.0,0.0,0.0,0.0,,0
x_aq_idu_top/x_aq_idu_id_decd/rtu_yy_xx_dbgon,0,0.0,0.0,0.0,0.0,,0
x_aq_idu_top/x_aq_idu_id_decd/decd_c_illegal,10,0.0023629489603024575,1.929672,1.6176394843037751,0.4,0.25254111121331246,1
x_aq_idu_top/x_aq_idu_id_decd/decd_caddi4spn_src1_imm[9:0],316,0.07466918714555766,1.7312132911392406,1.4512720169533073,0.2879746835443038,0.02068834310109639,8
x_aq_idu_top/x_aq_idu_id_decd/decd_caddisp_src1_imm[9:0],278,0.06568998109640832,1.774871942446043,1.487870961325892,0.3381294964028777,-0.12152203864421483,6
x_aq_idu_top/x_aq_idu_id_decd/decd_debug_illegal,10,0.0023629489603024575,1.4724,1.2343094456927801,0.3,0.0065336733372461904,1
x_aq_idu_top/x_aq_idu_id_decd/decd_dst0_reg[4:0],201,0.0474952741020794,1.7894831840796017,1.500119530710299,0.36318407960199006,0.3003540691935699,4
x_aq_idu_top/x_aq_idu_id_decd/decd_dst1_reg[4:0],222,0.05245746691871456,1.6758767567567567,1.404883530753767,0.2747747747747748,0.23085866802452662,5
x_aq_idu_top/x_aq_idu_id_decd/decd_flsu_illegal,0,0.0,0.0,0.0,0.0,,0
x_aq_idu_top/x_aq_idu_id_decd/decd_fp0_sel,0,0.0,0.0,0.0,0.0,,0
x_aq_idu_top/x_aq_idu_id_decd/decd_fp1_sel,0,0.0,0.0,0.0,0.0,,0
x_aq_idu_top/x_aq_idu_id_decd/decd_fp_illegal,34,0.008034026465028356,1.9453447058823532,1.6307778766632923,0.3235294117647059,0.2692922642002715,1
x_aq_idu_top/x_aq_idu_id_decd/decd_fp_rounding_illegal,0,0.0,0.0,0.0,0.0,,0
x_aq_idu_top/x_aq_idu_id_decd/decd_fp_sel,0,0.0,0.0,0.0,0.0,,0
x_aq_idu_top/x_aq_idu_id_decd/decd_fs_illegal,0,0.0,0.0,0.0,0.0,,0
x_aq_idu_top/x_aq_idu_id_decd/decd_i_illegal,2,0.0004725897920604915,2.9455,2.4692056997338248,1.0,0.00330979883098632,1
x_aq_idu_top/x_aq_idu_id_decd/decd_inst_cls,26,0.006143667296786389,2.092643076923077,1.7542577535382757,0.38461538461538464,0.2911593499287059,1
x_aq_idu_top/x_aq_idu_id_decd/decd_inst_cls_sp,29,0.006852551984877127,2.2880344827586203,1.91805390800038,0.4482758620689655,0.06729232651626613,1
x_aq_idu_top/x_aq_idu_id_decd/decd_inst_dst0_reg_16bit_3_high,4,0.000945179584120983,1.2097499999999997,1.0141305704474601,0.25,0.033311501493539536,1
x_aq_idu_top/x_aq_idu_id_decd/decd_inst_dst0_reg_16bit_3_low,26,0.006143667296786389,2.092643076923077,1.7542577535382757,0.38461538461538464,0.2911593499287059,1
x_aq_idu_top/x_aq_idu_id_decd/decd_inst_dst0_reg_16bit_5,63,0.014886578449905482,1.8298253968253968,1.5339383124627322,0.3333333333333333,0.1776193903475984,1
x_aq_idu_top/x_aq_idu_id_decd/decd_inst_dst0_reg_16bit_x1,0,0.0,0.0,0.0,0.0,,0
x_aq_idu_top/x_aq_idu_id_decd/decd_inst_dst0_reg_32bit,68,0.01606805293005671,1.5969117647058824,1.33868736424504,0.35294117647058826,-0.4684189084588634,1
x_aq_idu_top/x_aq_idu_id_decd/decd_inst_dstf_reg_16bit,10,0.0023629489603024575,2.8058999999999994,2.3521793491370353,1.0,0.0702543835581567,1
x_aq_idu_top/x_aq_idu_id_decd/decd_inst_dstf_reg_16bit_high,18,0.004253308128544423,2.124,1.7805441881631792,0.16666666666666666,0.020818929156827076,1
x_aq_idu_top/x_aq_idu_id_decd/decd_inst_dstf_reg_16bit_low,26,0.006143667296786389,2.092643076923077,1.7542577535382757,0.38461538461538464,0.2911593499287059,1
x_aq_idu_top/x_aq_idu_id_decd/decd_inst_dstf_reg_32bit,0,0.0,0.0,0.0,0.0,,0
x_aq_idu_top/x_aq_idu_id_decd/decd_inst_dstf_reg_32bit_low,68,0.01606805293005671,1.5969117647058824,1.33868736424504,0.35294117647058826,-0.4684189084588634,1
x_aq_idu_top/x_aq_idu_id_decd/decd_inst_fcvtfx,0,0.0,0.0,0.0,0.0,,0
x_aq_idu_top/x_aq_idu_id_decd/decd_inst_fls,0,0.0,0.0,0.0,0.0,,0
x_aq_idu_top/x_aq_idu_id_decd/decd_inst_fmv,0,0.0,0.0,0.0,0.0,,0
x_aq_idu_top/x_aq_idu_id_decd/decd_inst_src0_reg_16bit_3,10,0.0023629489603024575,1.8884999999999994,1.5831250938541255,0.2,0.038605205090544686,1
x_aq_idu_top/x_aq_idu_id_decd/decd_inst_src0_reg_16bit_5,50,0.011814744801512287,1.54174,1.2924370040766007,0.24,0.15879044449433147,1
x_aq_idu_top/x_aq_idu_id_decd/decd_inst_src0_reg_32bit,68,0.01606805293005671,1.5969117647058824,1.33868736424504,0.35294117647058826,-0.4684189084588634,1
x_aq_idu_top/x_aq_idu_id_decd/decd_inst_src0_reg_cmv,1,0.00023629489603024575,1.7430000000000012,1.461152787179107,0.0,0.028491096751598693,1
x_aq_idu_top/x_aq_idu_id_decd/decd_inst_src0_reg_r2,36,0.008506616257088847,2.3804922222222213,1.995561012827414,0.5555555555555556,0.2995948016908247,1
x_aq_idu_top/x_aq_idu_id_decd/decd_inst_src1_reg_16bit_3,66,0.015595463137996219,1.7288442424242423,1.4492860490055832,0.25757575757575757,0.37420444018506815,1
x_aq_idu_top/x_aq_idu_id_decd/decd_inst_src1_reg_16bit_5,29,0.006852551984877127,2.2880344827586203,1.91805390800038,0.4482758620689655,0.06729232651626613,1
x_aq_idu_top/x_aq_idu_id_decd/decd_inst_src1_reg_32bit,68,0.01606805293005671,1.5969117647058824,1.33868736424504,0.35294117647058826,-0.4684189084588634,1
x_aq_idu_top/x_aq_idu_id_decd/decd_inst_src2_reg_16bit_3,2,0.0004725897920604915,3.3989999999999996,2.8493736796453133,1.0,-0.010547974587361675,1
x_aq_idu_top/x_aq_idu_id_decd/decd_inst_src2_reg_16bit_5,11,0.0025992438563327033,2.709272727272727,2.2711769344135875,0.9090909090909091,0.07550198883724554,1
x_aq_idu_top/x_aq_idu_id_decd/decd_inst_src2_reg_32bit_11_7,72,0.017013232514177693,1.5922916666666669,1.33481434696045,0.3472222222222222,-0.4703405410172626,1
x_aq_idu_top/x_aq_idu_id_decd/decd_inst_src2_reg_32bit_24_20,0,0.0,0.0,0.0,0.0,,0
x_aq_idu_top/x_aq_idu_id_decd/decd_inst_srcf1_reg_16bit,29,0.006852551984877127,2.2880344827586203,1.91805390800038,0.4482758620689655,0.06729232651626613,1
x_aq_idu_top/x_aq_idu_id_decd/decd_inst_srcf1_reg_16bit_low,26,0.006143667296786389,2.092643076923077,1.7542577535382757,0.38461538461538464,0.2911593499287059,1
x_aq_idu_top/x_aq_idu_id_decd/decd_inst_srcf1_reg_32bit,68,0.01606805293005671,1.5969117647058824,1.33868736424504,0.35294117647058826,-0.4684189084588634,1
x_aq_idu_top/x_aq_idu_id_decd/decd_inst_srcf1_reg_32bit_low,0,0.0,0.0,0.0,0.0,,0
x_aq_idu_top/x_aq_idu_id_decd/decd_inst_vec,0,0.0,0.0,0.0,0.0,,0
x_aq_idu_top/x_aq_idu_id_decd/decd_inst_vls,0,0.0,0.0,0.0,0.0,,0
x_aq_idu_top/x_aq_idu_id_decd/decd_length,68,0.01606805293005671,1.5969117647058824,1.33868736424504,0.35294117647058826,-0.4684189084588634,1
x_aq_idu_top/x_aq_idu_id_decd/decd_lsr_src3_imm[1:0],0,0.0,0.0,0.0,0.0,,0
x_aq_idu_top/x_aq_idu_id_decd/decd_lsr_src3_imm_vld,0,0.0,0.0,0.0,0.0,,0
x_aq_idu_top/x_aq_idu_id_decd/decd_lsu_illegal,0,0.0,0.0,0.0,0.0,,0
x_aq_idu_top/x_aq_idu_id_decd/decd_ovlp_ill[8:0],214,0.05056710775047259,1.7468820560747664,1.4644071056263983,0.35514018691588783,0.29678739190016407,6
x_aq_idu_top/x_aq_idu_id_decd/decd_ovlp_illegal,16,0.003780718336483932,1.9197500000000003,1.6093218951159434,0.5625,0.06999159396932497,1
x_aq_idu_top/x_aq_idu_id_decd/decd_ovlp_illegal_type[2:0],39,0.009215500945179584,1.7731538461538467,1.4864306852582014,0.5128205128205128,0.08898529081943286,3
x_aq_idu_top/x_aq_idu_id_decd/decd_sel[5:0],69,0.016304347826086956,1.6000684057971015,1.3413335690233297,0.34782608695652173,0.47650356479483813,2
x_aq_idu_top/x_aq_idu_id_decd/decd_size_ill_case[3:0],86,0.020321361058601134,1.7537093023255812,1.470130370048737,0.32558139534883723,0.163673516595213,2
x_aq_idu_top/x_aq_idu_id_decd/decd_size_illegal,40,0.00945179584120983,1.5297250000000004,1.2823648579274576,0.25,0.12644436073210982,1
x_aq_idu_top/x_aq_idu_id_decd/decd_src0_reg[4:0],197,0.04655009451795841,1.65334192893401,1.3859926377636307,0.29949238578680204,0.3167500353506351,4
x_aq_idu_top/x_aq_idu_id_decd/decd_src1_imm_c_branch_mask,13,0.0030718336483931945,2.5549999999999997,2.1418504711661592,0.7692307692307693,0.0718005359217952,1
x_aq_idu_top/x_aq_idu_id_decd/decd_src1_imm_sel[13:0],192,0.045368620037807186,1.7232537500000003,1.4445995523977893,0.3489583333333333,0.13498703062995593,3
x_aq_idu_top/x_aq_idu_id_decd/decd_src1_reg[4:0],233,0.05505671077504726,1.7781517596566525,1.4906204243544174,0.3261802575107296,-0.40252802660598647,5
x_aq_idu_top/x_aq_idu_id_decd/decd_src2_16bit_mask,7,0.0016540642722117202,1.9114285714285713,1.6023460611799392,0.42857142857142855,0.035086158892242904,1
x_aq_idu_top/x_aq_idu_id_decd/decd_src2_imm_sel[6:0],160,0.03780718336483932,1.745567,1.4633046972219568,0.3625,0.3227361146766332,3
x_aq_idu_top/x_aq_idu_id_decd/decd_src2_inst16_c_j_imm[63:0],328,0.07750472589792061,1.7149128048780489,1.4376073577835338,0.2865853658536585,0.20356392623857947,60
x_aq_idu_top/x_aq_idu_id_decd/decd_src2_inst16_cbranch_imm[63:0],287,0.06781663516068052,1.7621721254355398,1.477224734692753,0.32752613240418116,0.20356392623857955,62
x_aq_idu_top/x_aq_idu_id_decd/decd_src2_inst32_branch_imm[63:0],348,0.08223062381852551,1.6891524137931033,1.416012482721806,0.27011494252873564,0.13713572716969208,60
x_aq_idu_top/x_aq_idu_id_decd/decd_src2_inst32_jal_imm[63:0],335,0.07915879017013233,1.6889075820895523,1.4158072408824292,0.2746268656716418,0.13713572716970607,57
x_aq_idu_top/x_aq_idu_id_decd/decd_src2_reg[4:0],128,0.030245746691871456,1.7135968750000004,1.4365042168718627,0.3125,-0.13867461858813276,4
x_aq_idu_top/x_aq_idu_id_decd/decd_srcv0_srcv1_switch,18,0.004253308128544423,1.7215,1.443129387910976,0.05555555555555555,0.06928361635964186,1
x_aq_idu_top/x_aq_idu_id_decd/decd_srcv1_srcv2_switch,10,0.0023629489603024575,1.3584999999999998,1.1388273444537094,0.6,-0.013751046864278362,1
x_aq_idu_top/x_aq_idu_id_decd/decd_start_illegal,0,0.0,0.0,0.0,0.0,,0
x_aq_idu_top/x_aq_idu_id_decd/decd_v_illegal,0,0.0,0.0,0.0,0.0,,0
x_aq_idu_top/x_aq_idu_id_decd/decd_vec_fp_ac_fcsr,36,0.008506616257088847,1.4901944444444448,1.249226486482398,0.25,0.12464891850250105,1
x_aq_idu_top/x_aq_idu_id_decd/decd_vec_inst,0,0.0,0.0,0.0,0.0,,0
x_aq_idu_top/x_aq_idu_id_decd/decd_vec_inst_ac_fcsr,10,0.0023629489603024575,2.2954999999999997,1.9243122334880307,0.6,0.0614659709914954,1
x_aq_idu_top/x_aq_idu_id_decd/decd_vec_inst_adc,34,0.008034026465028356,1.5216470588235296,1.2755931389001087,0.029411764705882353,0.13521048628356708,1
x_aq_idu_top/x_aq_idu_id_decd/decd_vec_inst_comp,26,0.006143667296786389,1.4686938461538461,1.231202585668671,0.07692307692307693,0.1203356750817616,1
x_aq_idu_top/x_aq_idu_id_decd/decd_vec_inst_funary,0,0.0,0.0,0.0,0.0,,0
x_aq_idu_top/x_aq_idu_id_decd/decd_vec_inst_mask,4,0.000945179584120983,0.8372500000000007,0.7018646994066021,0.0,0.01450571681819756,1
x_aq_idu_top/x_aq_idu_id_decd/decd_vec_inst_narr,4,0.000945179584120983,3.274,2.7445864745980453,1.0,0.026978217493056775,1
x_aq_idu_top/x_aq_idu_id_decd/decd_vec_inst_scalar,4,0.000945179584120983,1.7567500000000003,1.4726793797343058,0.25,0.02991234844201442,1
x_aq_idu_top/x_aq_idu_id_decd/decd_vec_inst_slidedown,0,0.0,0.0,0.0,0.0,,0
x_aq_idu_top/x_aq_idu_id_decd/decd_vec_inst_slideup,2,0.0004725897920604915,1.2699999999999991,1.064638003280243,0.0,0.012811944541334153,1
x_aq_idu_top/x_aq_idu_id_decd/decd_vec_inst_vcompress,0,0.0,0.0,0.0,0.0,,0
x_aq_idu_top/x_aq_idu_id_decd/decd_vec_inst_vid,0,0.0,0.0,0.0,0.0,,0
x_aq_idu_top/x_aq_idu_id_decd/decd_vec_inst_viota,0,0.0,0.0,0.0,0.0,,0
x_aq_idu_top/x_aq_idu_id_decd/decd_vec_inst_vred,12,0.002835538752362949,1.3335,1.1178699034442559,0.5,-0.005436827156637851,1
x_aq_idu_top/x_aq_idu_id_decd/decd_vec_inst_vred_n,12,0.002835538752362949,1.3335,1.1178699034442559,0.5,-0.005436827156637851,1
x_aq_idu_top/x_aq_idu_id_decd/decd_vec_inst_vred_w,0,0.0,0.0,0.0,0.0,,0
x_aq_idu_top/x_aq_idu_id_decd/decd_vec_inst_vrgather,10,0.0023629489603024575,1.8266000000000002,1.5312344699147191,0.5,0.05048815892582467,1
x_aq_idu_top/x_aq_idu_id_decd/decd_vec_inst_wide,10,0.0023629489603024575,2.1889000000000003,1.834949705023721,0.6,0.06793396640440752,1
x_aq_idu_top/x_aq_idu_id_decd/decd_vec_inst_wide_w,0,0.0,0.0,0.0,0.0,,0
x_aq_idu_top/x_aq_idu_id_decd/decd_vec_ls_func[3:0],0,0.0,0.0,0.0,0.0,,0
x_aq_idu_top/x_aq_idu_id_decd/decd_vec_lsu,0,0.0,0.0,0.0,0.0,,0
x_aq_idu_top/x_aq_idu_id_decd/decd_vec_nop,21,0.00496219281663516,1.4896057142857142,1.2487329553795148,0.42857142857142855,-0.06715631668851987,1
x_aq_idu_top/x_aq_idu_id_decd/decd_vec_opcfg,10,0.0023629489603024575,1.8854000000000002,1.580526371168954,0.3,0.03627391671532669,1
x_aq_idu_top/x_aq_idu_id_decd/decd_vec_opfv,40,0.00945179584120983,1.5297250000000004,1.2823648579274576,0.25,0.12644436073210982,1
x_aq_idu_top/x_aq_idu_id_decd/decd_vec_opfvf,0,0.0,0.0,0.0,0.0,,0
x_aq_idu_top/x_aq_idu_id_decd/decd_vec_opfvv,40,0.00945179584120983,1.5297250000000004,1.2823648579274576,0.25,0.12644436073210982,1
x_aq_idu_top/x_aq_idu_id_decd/decd_vec_opiv,67,0.015831758034026464,1.8574644776119402,1.5571080886683124,0.373134328358209,-0.24226266237631647,1
x_aq_idu_top/x_aq_idu_id_decd/decd_vec_opivi,20,0.004725897920604915,2.0473500000000002,1.7162886740281946,0.4,0.06262566584326378,1
x_aq_idu_top/x_aq_idu_id_decd/decd_vec_opivv,63,0.014886578449905482,1.6592876190476187,1.3909768957562885,0.30158730158730157,-0.30218278590920283,1
x_aq_idu_top/x_aq_idu_id_decd/decd_vec_opivx,8,0.001890359168241966,1.580625,1.3250342078227049,0.375,0.1018074471363837,1
x_aq_idu_top/x_aq_idu_id_decd/decd_vec_opmv,46,0.010869565217391304,1.6932826086956525,1.4194748153629146,0.30434782608695654,0.06431825602639837,1
x_aq_idu_top/x_aq_idu_id_decd/decd_vec_opmvv,22,0.005198487712665407,1.6251363636363636,1.362347978929082,0.45454545454545453,0.00921675644322611,1
x_aq_idu_top/x_aq_idu_id_decd/decd_vec_opmvx,32,0.007561436672967864,1.95359375,1.6376930308824909,0.3125,0.07363072151412242,1
x_aq_idu_top/x_aq_idu_id_decd/decd_vec_opvx,38,0.008979206049149339,1.950578947368421,1.6351657289502324,0.34210526315789475,0.12779260232966377,1
x_aq_idu_top/x_aq_idu_id_decd/decd_vec_special_func[4:0],213,0.050330812854442346,1.7060969014084506,1.4302170067071682,0.27230046948356806,-0.5158396630193646,4
x_aq_idu_top/x_aq_idu_id_decd/decd_vec_vfunary0,2,0.0004725897920604915,2.311,1.9373058469138922,0.5,0.05582980745392746,1
x_aq_idu_top/x_aq_idu_id_decd/decd_vec_vfunary1,0,0.0,0.0,0.0,0.0,,0
x_aq_idu_top/x_aq_idu_id_decd/decd_vec_vmunary0,0,0.0,0.0,0.0,0.0,,0
x_aq_idu_top/x_aq_idu_id_decd/decd_vfunary0_vld,43,0.010160680529300567,1.7732027906976744,1.4864717153538014,0.27906976744186046,-0.17009965747856903,1
x_aq_idu_top/x_aq_idu_id_decd/decd_vfunary0_vld_narr,4,0.000945179584120983,1.2932499999999996,1.0841284234190351,0.0,0.03885598157315825,1
x_aq_idu_top/x_aq_idu_id_decd/decd_vfunary0_vld_norm,59,0.013941398865784499,1.5605715254237287,1.3082234274040334,0.2711864406779661,-0.1970301308924247,1
x_aq_idu_top/x_aq_idu_id_decd/decd_vfunary0_vld_wide,24,0.005671077504725898,1.8804583333333333,1.576383783662752,0.20833333333333334,0.02246235037967514,1
x_aq_idu_top/x_aq_idu_id_decd/decd_vill_illegal,13,0.0030718336483931945,1.5152861538461537,1.2702608072669048,0.38461538461538464,-0.045159763321630214,1
x_aq_idu_top/x_aq_idu_id_decd/decd_vlsu_illegal,0,0.0,0.0,0.0,0.0,,0
x_aq_idu_top/x_aq_idu_id_decd/decd_vmunary0_vld,77,0.018194706994328923,1.655021298701299,1.3874004494768715,0.24675324675324675,0.2414700502788543,1
x_aq_idu_top/x_aq_idu_id_decd/decd_vreg_dst_norm,57,0.013468809073724008,1.7525915789473687,1.469193385178186,0.38596491228070173,-0.18147832063506728,1
x_aq_idu_top/x_aq_idu_id_decd/decd_vreg_ill[4:0],234,0.055293005671077505,1.7593463247863248,1.474855872676337,0.2863247863247863,-0.3854579813949216,3
x_aq_idu_top/x_aq_idu_id_decd/decd_vreg_illegal,2,0.0004725897920604915,3.542,2.969250242219388,1.0,0.016994209951353704,1
x_aq_idu_top/x_aq_idu_id_decd/decd_vreg_illegal_type[2:0],8,0.001890359168241966,2.2929999999999997,1.9222164893870852,0.5,0.04616953611068092,2
x_aq_idu_top/x_aq_idu_id_decd/decd_vreg_src0_norm,31,0.007325141776937618,1.6499070967741936,1.3831132260689616,0.3548387096774194,-0.09101842570800614,1
x_aq_idu_top/x_aq_idu_id_decd/decd_vreg_src1_norm,85,0.02008506616257089,1.7300719999999998,1.4503152752842972,0.29411764705882354,-0.2294195976481022,1
x_aq_idu_top/x_aq_idu_id_decd/decd_vs_illegal,0,0.0,0.0,0.0,0.0,,0
x_aq_idu_top/x_aq_idu_id_decd/fcvt_f_x_narrow_il,0,0.0,0.0,0.0,0.0,,0
x_aq_idu_top/x_aq_idu_id_decd/fcvt_f_x_widden,0,0.0,0.0,0.0,0.0,,0
x_aq_idu_top/x_aq_idu_id_decd/fp_dynamic_rounding_illegal,0,0.0,0.0,0.0,0.0,,0
x_aq_idu_top/x_aq_idu_id_decd/fp_fs_illegal,2,0.0004725897920604915,1.8133599999999996,1.520135409156112,0.5,0.25377075180365355,1
x_aq_idu_top/x_aq_idu_id_decd/fp_static_rounding_illegal,32,0.007561436672967864,1.95359375,1.6376930308824909,0.3125,0.07363072151412242,1
x_aq_idu_top/x_aq_idu_id_decd/vec_mfvr_inst,2,0.0004725897920604915,2.094,1.7553952589518347,0.5,0.01991237991235836,1
x_aq_idu_top/x_aq_idu_id_decd/vfcvt_func[19:0],218,0.05151228733459357,1.6878108256880735,1.414887832579,0.26146788990825687,-0.14823118475201258,8
x_aq_idu_top/x_aq_idu_id_decd/x_decd_dst0_reg[5:0],201,0.0474952741020794,1.7894831840796017,1.500119530710299,0.36318407960199006,0.3003540691935699,4
x_aq_idu_top/x_aq_idu_id_decd/x_decd_dst1_reg[5:0],222,0.05245746691871456,1.6758767567567567,1.404883530753767,0.2747747747747748,0.23085866802452662,5
x_aq_idu_top/x_aq_idu_id_decd/x_decd_dstf_reg[4:0],171,0.04040642722117202,1.7897258479532165,1.5003229552629553,0.3391812865497076,0.24205679826998358,4
x_aq_idu_top/x_aq_idu_id_decd/x_decd_dstv_reg[4:0],171,0.04040642722117202,1.7897258479532165,1.5003229552629553,0.3391812865497076,0.24205679826998358,4
x_aq_idu_top/x_aq_idu_id_decd/x_decd_illegal,14,0.0033081285444234404,2.2846942857142856,1.915253828699716,0.5714285714285714,0.25214498912671046,1
x_aq_idu_top/x_aq_idu_id_decd/x_decd_length,68,0.01606805293005671,1.5969117647058824,1.33868736424504,0.35294117647058826,-0.4684189084588634,1
x_aq_idu_top/x_aq_idu_id_decd/x_decd_opcode[31:0],347,0.08199432892249528,1.6994554466858791,1.4246494908845582,0.27953890489913547,0.04329187307947014,22
x_aq_idu_top/x_aq_idu_id_decd/x_decd_src0_reg[5:0],197,0.04655009451795841,1.65334192893401,1.3859926377636307,0.29949238578680204,0.3167500353506351,4
x_aq_idu_top/x_aq_idu_id_decd/x_decd_src1_reg[5:0],233,0.05505671077504726,1.7781517596566525,1.4906204243544174,0.3261802575107296,-0.40252802660598647,5
x_aq_idu_top/x_aq_idu_id_decd/x_decd_src2_reg[5:0],128,0.030245746691871456,1.7135968750000004,1.4365042168718627,0.3125,-0.13867461858813276,4
x_aq_idu_top/x_aq_idu_id_decd/x_decd_srcf0_reg[4:0],222,0.05245746691871456,1.6758767567567567,1.404883530753767,0.2747747747747748,0.23085866802452662,5
x_aq_idu_top/x_aq_idu_id_decd/x_decd_srcf1_reg[4:0],202,0.04773156899810964,1.7537592079207922,1.470172205791444,0.3217821782178218,-0.42131617216517603,4
x_aq_idu_top/x_aq_idu_id_decd/x_decd_srcvm_vld,0,0.0,0.0,0.0,0.0,,0
x_aq_idu_top/x_aq_idu_id_decd/x_decd_vec_split_type[3:0],0,0.0,0.0,0.0,0.0,,0
x_aq_idu_top/x_aq_idu_id_decd/x_inst[31:0],367,0.08672022684310018,1.6798039237057218,1.4081756655404554,0.26430517711171664,0.18713686704950497,22
x_aq_idu_top/x_aq_idu_id_decd/x_vlmul[1:0],0,0.0,0.0,0.0,0.0,,0
x_aq_idu_top/x_aq_idu_id_decd/x_vsew[1:0],0,0.0,0.0,0.0,0.0,,0
x_aq_idu_top/x_aq_idu_id_dp/cp0_idu_icg_en,0,0.0,0.0,0.0,0.0,,0
x_aq_idu_top/x_aq_idu_id_dp/cp0_idu_vlmul[1:0],0,0.0,0.0,0.0,0.0,,0
x_aq_idu_top/x_aq_idu_id_dp/cp0_idu_vsew[1:0],0,0.0,0.0,0.0,0.0,,0
x_aq_idu_top/x_aq_idu_id_dp/cp0_yy_clk_en,1,0.00023629489603024575,1.8147199999999999,1.5212754939470265,0.0,0.0634561532555035,1
x_aq_idu_top/x_aq_idu_id_dp/ctrl_dp_dis_int_inst_gateclk_vld,73,0.01724952741020794,1.5396986301369862,1.290725728537297,0.2054794520547945,-0.5756625192776391,1
x_aq_idu_top/x_aq_idu_id_dp/ctrl_dp_dis_vec_inst_gateclk_vld,0,0.0,0.0,0.0,0.0,,0
x_aq_idu_top/x_aq_idu_id_dp/ctrl_dp_ex1_stall,22,0.005198487712665407,1.3344745454545455,1.1186868625992425,0.18181818181818182,-0.7264903363019845,1
x_aq_idu_top/x_aq_idu_id_dp/decd_dp_inst_data[264:0],368,0.08695652173913043,1.680170543478261,1.408483002030691,0.26358695652173914,,173
x_aq_idu_top/x_aq_idu_id_dp/dp_ctrl_dis_inst_cancel,0,0.0,0.0,0.0,0.0,,0
x_aq_idu_top/x_aq_idu_id_dp/dp_ctrl_dis_inst_cp0_fence,54,0.01275992438563327,1.8221851851851854,1.5275335410727533,0.4074074074074074,-0.22964948276930472,1
x_aq_idu_top/x_aq_idu_id_dp/dp_ctrl_dis_inst_dst0_type[2:0],135,0.031899810964083175,1.8703194074074072,1.5678843459830791,0.35555555555555557,0.13648550902207288,3
x_aq_idu_top/x_aq_idu_id_dp/dp_ctrl_dis_inst_dst0_vld,37,0.008742911153119093,1.7889383783783783,1.4996628213764989,0.40540540540540543,0.12176637635373395,1
x_aq_idu_top/x_aq_idu_id_dp/dp_ctrl_dis_inst_dst1_type[2:0],3,0.0007088846880907373,2.0275733333333337,1.699709941026983,0.3333333333333333,0.036912954338464574,1
x_aq_idu_top/x_aq_idu_id_dp/dp_ctrl_dis_inst_dst1_vld,0,0.0,0.0,0.0,0.0,,0
x_aq_idu_top/x_aq_idu_id_dp/dp_ctrl_dis_inst_eu[9:0],183,0.04324196597353497,1.8499350819672133,1.5507962140658644,0.36065573770491804,0.021410448142301464,5
x_aq_idu_top/x_aq_idu_id_dp/dp_ctrl_dis_inst_expt_vld,14,0.0033081285444234404,2.2846942857142856,1.915253828699716,0.5714285714285714,0.25214498912671046,1
x_aq_idu_top/x_aq_idu_id_dp/dp_ctrl_dis_inst_func[19:0],263,0.06214555765595463,1.763262813688213,1.478139056081357,0.33460076045627374,-0.05973895479088764,10
x_aq_idu_top/x_aq_idu_id_dp/dp_ctrl_dis_inst_src0_vld,69,0.016304347826086956,1.8326626086956521,1.53631674047882,0.3188405797101449,-0.2516456843380395,1
x_aq_idu_top/x_aq_idu_id_dp/dp_ctrl_dis_inst_src1_vld,4,0.000945179584120983,1.3807499999999995,1.1574794669521227,0.5,0.025262301414826334,1
x_aq_idu_top/x_aq_idu_id_dp/dp_ctrl_dis_inst_src2_vld,10,0.0023629489603024575,2.8058999999999994,2.3521793491370353,1.0,0.0702543835581567,1
x_aq_idu_top/x_aq_idu_id_dp/dp_ctrl_dis_inst_src_type[2:0],135,0.031899810964083175,1.8703194074074072,1.5678843459830791,0.35555555555555557,0.13648550902207288,3
x_aq_idu_top/x_aq_idu_id_dp/dp_ctrl_dis_inst_store,10,0.0023629489603024575,2.8058999999999994,2.3521793491370353,1.0,0.0702543835581567,1
x_aq_idu_top/x_aq_idu_id_dp/dp_ctrl_dis_inst_vec,0,0.0,0.0,0.0,0.0,,0
x_aq_idu_top/x_aq_idu_id_dp/dp_ctrl_inst_amo,30,0.007088846880907372,1.8045333333333338,1.5127360353170416,0.3333333333333333,-0.4785353753580663,1
x_aq_idu_top/x_aq_idu_id_dp/dp_ctrl_inst_csr,65,0.015359168241965973,1.6967846153846153,1.4224105393068607,0.24615384615384617,0.0705934007220058,1
x_aq_idu_top/x_aq_idu_id_dp/dp_ctrl_inst_ecall,0,0.0,0.0,0.0,0.0,,0
x_aq_idu_top/x_aq_idu_id_dp/dp_ctrl_inst_sync,8,0.001890359168241966,1.9865,1.6652782626111842,0.5,-0.17856027223613674,1
x_aq_idu_top/x_aq_idu_id_dp/dp_ctrl_src0_fwd_vld,20,0.004725897920604915,1.7747000000000004,1.4877268223790936,0.35,0.11277372783734353,1
x_aq_idu_top/x_aq_idu_id_dp/dp_ctrl_src1_fwd_vld,4,0.000945179584120983,1.6389999999999998,1.373969832579779,0.0,0.030766235809032032,1
x_aq_idu_top/x_aq_idu_id_dp/dp_ctrl_src2_fwd_vld,4,0.000945179584120983,1.4202500000000007,1.1905922237470605,0.0,0.02358437148905228,1
x_aq_idu_top/x_aq_idu_id_dp/dp_decd_inst[31:0],367,0.08672022684310018,1.6798039237057218,1.4081756655404554,0.26430517711171664,0.18713686704950497,22
x_aq_idu_top/x_aq_idu_id_dp/dp_decd_vlmul[1:0],0,0.0,0.0,0.0,0.0,,0
x_aq_idu_top/x_aq_idu_id_dp/dp_decd_vsew[1:0],0,0.0,0.0,0.0,0.0,,0
x_aq_idu_top/x_aq_idu_id_dp/dp_gpr_src0_reg[5:0],183,0.04324196597353497,1.7693134426229509,1.4832112840401515,0.3224043715846995,0.33056459714901243,4
x_aq_idu_top/x_aq_idu_id_dp/dp_gpr_src1_reg[5:0],24,0.005671077504725898,1.8414999999999992,1.5437251047563527,0.25,0.14943615681913608,2
x_aq_idu_top/x_aq_idu_id_dp/dp_gpr_src2_reg[5:0],32,0.007561436672967864,2.0553125,1.7229636189897053,0.59375,0.1073029049718127,4
x_aq_idu_top/x_aq_idu_id_dp/dp_gpr_wb0_vld[31:0],192,0.045368620037807186,1.6908854166666665,1.4174652549414823,0.1875,0.03972556514196872,3
x_aq_idu_top/x_aq_idu_id_dp/dp_gpr_wb1_vld[31:0],22,0.005198487712665407,2.0471363636363638,1.716109583168659,0.5,0.047613673470144134,2
x_aq_idu_top/x_aq_idu_id_dp/dp_split_inst[31:0],367,0.08672022684310018,1.6798039237057218,1.4081756655404554,0.26430517711171664,0.18713686704950497,22
x_aq_idu_top/x_aq_idu_id_dp/dp_wbt_dst0_reg[5:0],201,0.0474952741020794,1.7894831840796017,1.500119530710299,0.36318407960199006,0.3003540691935699,4
x_aq_idu_top/x_aq_idu_id_dp/dp_wbt_dst0_type[2:0],135,0.031899810964083175,1.8703194074074072,1.5678843459830791,0.35555555555555557,0.13648550902207288,3
x_aq_idu_top/x_aq_idu_id_dp/dp_wbt_dst1_reg[5:0],222,0.05245746691871456,1.6758767567567567,1.404883530753767,0.2747747747747748,0.23085866802452662,5
x_aq_idu_top/x_aq_idu_id_dp/dp_wbt_dst1_type[2:0],3,0.0007088846880907373,2.0275733333333337,1.699709941026983,0.3333333333333333,0.036912954338464574,1
x_aq_idu_top/x_aq_idu_id_dp/dp_wbt_inst_dst0_vld,37,0.008742911153119093,1.7889383783783783,1.4996628213764989,0.40540540540540543,0.12176637635373395,1
x_aq_idu_top/x_aq_idu_id_dp/dp_wbt_inst_dst1_vld,0,0.0,0.0,0.0,0.0,,0
x_aq_idu_top/x_aq_idu_id_dp/dp_wbt_src0_reg[5:0],197,0.04655009451795841,1.65334192893401,1.3859926377636307,0.29949238578680204,0.3167500353506351,4
x_aq_idu_top/x_aq_idu_id_dp/dp_wbt_src1_reg[5:0],233,0.05505671077504726,1.7781517596566525,1.4906204243544174,0.3261802575107296,-0.40252802660598647,5
x_aq_idu_top/x_aq_idu_id_dp/dp_wbt_src2_reg[5:0],128,0.030245746691871456,1.7135968750000004,1.4365042168718627,0.3125,-0.13867461858813276,4
x_aq_idu_top/x_aq_idu_id_dp/dp_wbt_wb_vld[31:0],204,0.048204158790170135,1.6954460784313725,1.4212884469373983,0.20098039215686275,0.03972638141816122,3
x_aq_idu_top/x_aq_idu_id_dp/forever_cpuclk,0,0.0,0.0,0.0,0.0,,0
x_aq_idu_top/x_aq_idu_id_dp/gpr_dp_src0_data[63:0],185,0.043714555765595464,1.789065081081081,1.4997690359532043,0.35135135135135137,0.1293086494742093,49
x_aq_idu_top/x_aq_idu_id_dp/gpr_dp_src1_data[63:0],17,0.004017013232514178,1.9028235294117641,1.595132474761895,0.29411764705882354,0.0710491662666963,37
x_aq_idu_top/x_aq_idu_id_dp/gpr_dp_src2_data[63:0],26,0.006143667296786389,2.176153846153846,1.8242646343305928,0.6538461538461539,0.04380059013242158,8
x_aq_idu_top/x_aq_idu_id_dp/idu_cp0_ex1_dst0_reg[5:0],202,0.04773156899810964,1.7751718811881187,1.488122399265632,0.3564356435643564,0.43314925294947026,4
x_aq_idu_top/x_aq_idu_id_dp/idu_cp0_ex1_expt_acc_error,0,0.0,0.0,0.0,0.0,,0
x_aq_idu_top/x_aq_idu_id_dp/idu_cp0_ex1_expt_high,0,0.0,0.0,0.0,0.0,,0
x_aq_idu_top/x_aq_idu_id_dp/idu_cp0_ex1_expt_illegal,14,0.0033081285444234404,1.108,0.9288337855389843,0.35714285714285715,0.25660225926712177,1
x_aq_idu_top/x_aq_idu_id_dp/idu_cp0_ex1_expt_page_fault,0,0.0,0.0,0.0,0.0,,0
x_aq_idu_top/x_aq_idu_id_dp/idu_cp0_ex1_func[19:0],259,0.06120037807183365,1.7482884942084942,1.4655861193952402,0.32432432432432434,0.4921992015973274,10
x_aq_idu_top/x_aq_idu_id_dp/idu_cp0_ex1_halt_info[21:0],2,0.0004725897920604915,1.24186,1.0410483076800026,0.0,0.06401334714617742,2
x_aq_idu_top/x_aq_idu_id_dp/idu_cp0_ex1_length,68,0.01606805293005671,1.7646911764705886,1.4793364492314265,0.3088235294117647,-0.4592827267928125,1
x_aq_idu_top/x_aq_idu_id_dp/idu_cp0_ex1_opcode[31:0],346,0.08175803402646503,1.71968612716763,1.4416088225956543,0.2832369942196532,-0.50682270425278,22
x_aq_idu_top/x_aq_idu_id_dp/idu_cp0_ex1_split,4,0.000945179584120983,1.75625,1.4722602309141166,0.5,-0.29476326776640926,1
x_aq_idu_top/x_aq_idu_id_dp/idu_cp0_ex1_src0_data[63:0],185,0.043714555765595464,1.8188616216216218,1.5247474055797712,0.33513513513513515,0.11868572155088852,48
x_aq_idu_top/x_aq_idu_id_dp/idu_cp0_ex1_src1_data[63:0],285,0.06734404536862004,1.780980350877193,1.492991625700191,0.3192982456140351,0.18107532384949374,61
x_aq_idu_top/x_aq_idu_id_dp/idu_iu_ex1_bht_pred[1:0],0,0.0,0.0,0.0,0.0,,0
x_aq_idu_top/x_aq_idu_id_dp/idu_iu_ex1_dst0_reg[5:0],202,0.04773156899810964,1.7751718811881187,1.488122399265632,0.3564356435643564,0.43314925294947026,4
x_aq_idu_top/x_aq_idu_id_dp/idu_iu_ex1_func[19:0],259,0.06120037807183365,1.7482884942084942,1.4655861193952402,0.32432432432432434,0.4921992015973274,10
x_aq_idu_top/x_aq_idu_id_dp/idu_iu_ex1_length,68,0.01606805293005671,1.7646911764705886,1.4793364492314265,0.3088235294117647,-0.4592827267928125,1
x_aq_idu_top/x_aq_idu_id_dp/idu_iu_ex1_split,4,0.000945179584120983,1.75625,1.4722602309141166,0.5,-0.29476326776640926,1
x_aq_idu_top/x_aq_idu_id_dp/idu_iu_ex1_src0_data[63:0],185,0.043714555765595464,1.8188616216216218,1.5247474055797712,0.33513513513513515,0.11868572155088852,48
x_aq_idu_top/x_aq_idu_id_dp/idu_iu_ex1_src0_ready,5,0.0011814744801512287,1.8612000000000002,1.5602395682718029,0.6,0.033283425260949615,1
x_aq_idu_top/x_aq_idu_id_dp/idu_iu_ex1_src0_reg[5:0],198,0.04678638941398866,1.6897935353535354,1.4165499334131115,0.24242424242424243,0.1935545624763542,4
x_aq_idu_top/x_aq_idu_id_dp/idu_iu_ex1_src1_data[63:0],285,0.06734404536862004,1.780980350877193,1.492991625700191,0.3192982456140351,0.18107532384949374,61
x_aq_idu_top/x_aq_idu_id_dp/idu_iu_ex1_src1_ready,1,0.00023629489603024575,0.669,0.5608211214129788,0.0,0.06307843917923436,1
x_aq_idu_top/x_aq_idu_id_dp/idu_iu_ex1_src1_reg[5:0],240,0.05671077504725898,1.7952213333333333,1.5049298076898399,0.29583333333333334,0.4517723397627806,5
x_aq_idu_top/x_aq_idu_id_dp/idu_iu_ex1_src2_data[63:0],277,0.06545368620037807,1.7686729241877257,1.4826743389472834,0.3249097472924188,0.1907577687254761,62
x_aq_idu_top/x_aq_idu_id_dp/idu_lsu_ex1_dst0_reg[5:0],202,0.04773156899810964,1.7751718811881187,1.488122399265632,0.3564356435643564,0.43314925294947026,4
x_aq_idu_top/x_aq_idu_id_dp/idu_lsu_ex1_dst1_reg[5:0],220,0.05198487712665406,1.7108154545454546,1.4341725586679175,0.2681818181818182,0.04294434101115466,5
x_aq_idu_top/x_aq_idu_id_dp/idu_lsu_ex1_func[19:0],259,0.06120037807183365,1.7482884942084942,1.4655861193952402,0.32432432432432434,0.4921992015973274,10
x_aq_idu_top/x_aq_idu_id_dp/idu_lsu_ex1_halt_info[21:0],2,0.0004725897920604915,1.24186,1.0410483076800026,0.0,0.06401334714617742,2
x_aq_idu_top/x_aq_idu_id_dp/idu_lsu_ex1_length,68,0.01606805293005671,1.7646911764705886,1.4793364492314265,0.3088235294117647,-0.4592827267928125,1
x_aq_idu_top/x_aq_idu_id_dp/idu_lsu_ex1_split,4,0.000945179584120983,1.75625,1.4722602309141166,0.5,-0.29476326776640926,1
x_aq_idu_top/x_aq_idu_id_dp/idu_lsu_ex1_src0_data[63:0],185,0.043714555765595464,1.8188616216216218,1.5247474055797712,0.33513513513513515,0.11868572155088852,48
x_aq_idu_top/x_aq_idu_id_dp/idu_lsu_ex1_src1_data[63:0],285,0.06734404536862004,1.780980350877193,1.492991625700191,0.3192982456140351,0.18107532384949374,61
x_aq_idu_top/x_aq_idu_id_dp/idu_lsu_ex1_src2_data[63:0],277,0.06545368620037807,1.7686729241877257,1.4826743389472834,0.3249097472924188,0.1907577687254761,62
x_aq_idu_top/x_aq_idu_id_dp/idu_lsu_ex1_src2_ready,1,0.00023629489603024575,0.669,0.5608211214129788,0.0,0.06307843917923436,1
x_aq_idu_top/x_aq_idu_id_dp/idu_lsu_ex1_src2_reg[5:0],128,0.030245746691871456,1.7187812500000001,1.440850266201198,0.3125,0.14435483889415066,4
x_aq_idu_top/x_aq_idu_id_dp/idu_lsu_ex1_vlmul[1:0],0,0.0,0.0,0.0,0.0,,0
x_aq_idu_top/x_aq_idu_id_dp/idu_lsu_ex1_vsew[1:0],0,0.0,0.0,0.0,0.0,,0
x_aq_idu_top/x_aq_idu_id_dp/idu_vidu_ex1_inst_data[179:0],367,0.08672022684310018,1.6987768937329701,1.424080661545263,0.2670299727520436,,86
x_aq_idu_top/x_aq_idu_id_dp/ifu_idu_id_bht_pred[1:0],0,0.0,0.0,0.0,0.0,,0
x_aq_idu_top/x_aq_idu_id_dp/ifu_idu_id_expt_acc_error,0,0.0,0.0,0.0,0.0,,0
x_aq_idu_top/x_aq_idu_id_dp/ifu_idu_id_expt_high,0,0.0,0.0,0.0,0.0,,0
x_aq_idu_top/x_aq_idu_id_dp/ifu_idu_id_expt_page_fault,0,0.0,0.0,0.0,0.0,,0
x_aq_idu_top/x_aq_idu_id_dp/ifu_idu_id_halt_info[21:0],1,0.00023629489603024575,1.8147199999999999,1.5212754939470265,0.0,0.0634561532555035,1
x_aq_idu_top/x_aq_idu_id_dp/ifu_idu_id_inst[31:0],367,0.08672022684310018,1.6798039237057218,1.4081756655404554,0.26430517711171664,0.18713686704950497,22
x_aq_idu_top/x_aq_idu_id_dp/ifu_idu_warm_up,2,0.0004725897920604915,1.4680000000000004,1.2306209360751166,0.0,0.019944039367258432,1
x_aq_idu_top/x_aq_idu_id_dp/pad_yy_icg_scan_en,0,0.0,0.0,0.0,0.0,,0
x_aq_idu_top/x_aq_idu_id_dp/rtu_idu_fwd0_data[63:0],157,0.03709829867674858,1.8156369426751588,1.5220441648279743,0.3503184713375796,0.1371051270069451,48
x_aq_idu_top/x_aq_idu_id_dp/rtu_idu_fwd0_reg[5:0],168,0.03969754253308128,1.696482142857143,1.4221569773008014,0.2261904761904762,0.20748728600308503,4
x_aq_idu_top/x_aq_idu_id_dp/rtu_idu_fwd0_vld,62,0.014650283553875236,1.7664354838709673,1.480798698009258,0.24193548387096775,0.22041724983110628,1
x_aq_idu_top/x_aq_idu_id_dp/rtu_idu_fwd1_data[63:0],0,0.0,0.0,0.0,0.0,,0
x_aq_idu_top/x_aq_idu_id_dp/rtu_idu_fwd1_reg[5:0],2,0.0004725897920604915,1.8800000000000003,1.5759995639109121,0.0,-0.23198828981811473,2
x_aq_idu_top/x_aq_idu_id_dp/rtu_idu_fwd1_vld,0,0.0,0.0,0.0,0.0,,0
x_aq_idu_top/x_aq_idu_id_dp/rtu_idu_fwd2_data[63:0],35,0.0082703213610586,1.6522285714285718,1.3850593127939246,0.17142857142857143,0.1581870700469,8
x_aq_idu_top/x_aq_idu_id_dp/rtu_idu_fwd2_reg[5:0],47,0.01110586011342155,1.733212765957447,1.4529481719754052,0.2978723404255319,-0.1697253821909742,4
x_aq_idu_top/x_aq_idu_id_dp/rtu_idu_fwd2_vld,10,0.0023629489603024575,1.3887,1.1641439331931294,0.0,0.04789982949233228,1
x_aq_idu_top/x_aq_idu_id_dp/rtu_idu_wb0_data[63:0],163,0.03851606805293006,1.8065214723926377,1.5144026875991996,0.25766871165644173,0.14384962087435527,49
x_aq_idu_top/x_aq_idu_id_dp/rtu_idu_wb0_reg[5:0],154,0.036389413988657845,1.6212662337662338,1.3591036581909952,0.16233766233766234,0.19767795265683713,4
x_aq_idu_top/x_aq_idu_id_dp/rtu_idu_wb0_vld,56,0.013232514177693762,1.6823928571428568,1.4103459623319017,0.17857142857142858,0.2096150254744223,1
x_aq_idu_top/x_aq_idu_id_dp/rtu_idu_wb1_data[63:0],20,0.004725897920604915,1.5840999999999998,1.3279472921230187,0.35,0.15437487881012485,8
x_aq_idu_top/x_aq_idu_id_dp/rtu_idu_wb1_reg[5:0],34,0.008034026465028356,1.6108823529411764,1.3503988753973817,0.47058823529411764,-0.13360703742641805,4
x_aq_idu_top/x_aq_idu_id_dp/rtu_idu_wb1_vld,10,0.0023629489603024575,1.5949999999999995,1.3370847364031402,0.5,0.05999031137668919,1
x_aq_idu_top/x_aq_idu_id_dp/split_dp_inst_data[264:0],348,0.08223062381852551,1.6969483908045977,1.4225478318549838,0.27873563218390807,,22
x_aq_idu_top/x_aq_idu_id_dp/split_dp_inst_sel,4,0.000945179584120983,1.2475,1.0457763063717354,0.25,-0.2934120331686981,1
x_aq_idu_top/x_aq_idu_id_dp/wbt_ctrl_src0_info[6:0],288,0.06805293005671077,1.6525143055555556,1.3852988430383504,0.2361111111111111,0.25239910123686693,4
x_aq_idu_top/x_aq_idu_id_dp/wbt_ctrl_src1_info[6:0],79,0.018667296786389415,1.7969331645569615,1.506364831765333,0.24050632911392406,0.16900940847597737,4
x_aq_idu_top/x_aq_idu_id_dp/wbt_ctrl_src2_info[6:0],91,0.021502835538752364,1.8043200000000001,1.512557198487094,0.25274725274725274,-0.03334049688454326,4
x_aq_idu_top/x_aq_idu_id_dp/dp_dis_int_inst_data[310:0],381,0.09002835538752363,1.6693720734908135,1.3994306701205195,0.26246719160104987,,184
x_aq_idu_top/x_aq_idu_id_dp/dp_dis_vec_inst_data[179:0],369,0.08719281663516068,1.6778584281842819,1.406544761235466,0.26287262872628725,,86
x_aq_idu_top/x_aq_idu_id_dp/dp_ex1_src0_match_wb0,20,0.004725897920604915,2.0822999999999996,1.7455871765594102,0.4,0.09894437364626647,1
x_aq_idu_top/x_aq_idu_id_dp/dp_ex1_src0_match_wb1,0,0.0,0.0,0.0,0.0,,0
x_aq_idu_top/x_aq_idu_id_dp/dp_ex1_src0_wb_data[63:0],105,0.024810964083175804,1.8260857142857143,1.5308033454139531,0.2857142857142857,0.0907961170954478,48
x_aq_idu_top/x_aq_idu_id_dp/dp_ex1_src0_wb_vld,0,0.0,0.0,0.0,0.0,,0
x_aq_idu_top/x_aq_idu_id_dp/dp_ex1_src1_match_wb0,4,0.000945179584120983,1.7334999999999996,1.4531889595955134,0.0,0.058504768205161484,1
x_aq_idu_top/x_aq_idu_id_dp/dp_ex1_src1_match_wb1,0,0.0,0.0,0.0,0.0,,0
x_aq_idu_top/x_aq_idu_id_dp/dp_ex1_src1_wb_data[63:0],56,0.013232514177693762,1.692607142857143,1.4189085739443361,0.2857142857142857,0.10561168422471412,37
x_aq_idu_top/x_aq_idu_id_dp/dp_ex1_src1_wb_vld,0,0.0,0.0,0.0,0.0,,0
x_aq_idu_top/x_aq_idu_id_dp/dp_ex1_src2_match_wb0,4,0.000945179584120983,1.2812500000000009,1.0740688517344985,0.0,0.031593041859413425,1
x_aq_idu_top/x_aq_idu_id_dp/dp_ex1_src2_match_wb1,0,0.0,0.0,0.0,0.0,,0
x_aq_idu_top/x_aq_idu_id_dp/dp_ex1_src2_wb_data[63:0],59,0.013941398865784499,1.6206271186440682,1.3585678894921538,0.2542372881355932,0.045359127957299995,15
x_aq_idu_top/x_aq_idu_id_dp/dp_ex1_src2_wb_vld,0,0.0,0.0,0.0,0.0,,0
x_aq_idu_top/x_aq_idu_id_dp/dp_fwd_src0_fwd_vld,20,0.004725897920604915,1.7747000000000004,1.4877268223790936,0.35,0.11277372783734353,1
x_aq_idu_top/x_aq_idu_id_dp/dp_fwd_src0_sel[2:0],20,0.004725897920604915,1.7747000000000004,1.4877268223790936,0.35,0.11277372783734353,1
x_aq_idu_top/x_aq_idu_id_dp/dp_fwd_src1_fwd_vld,4,0.000945179584120983,1.6389999999999998,1.373969832579779,0.0,0.030766235809032032,1
x_aq_idu_top/x_aq_idu_id_dp/dp_fwd_src1_sel[2:0],4,0.000945179584120983,1.6389999999999998,1.373969832579779,0.0,0.030766235809032032,1
x_aq_idu_top/x_aq_idu_id_dp/dp_fwd_src2_fwd_vld,4,0.000945179584120983,1.4202500000000007,1.1905922237470605,0.0,0.02358437148905228,1
x_aq_idu_top/x_aq_idu_id_dp/dp_fwd_src2_sel[2:0],6,0.0014177693761814746,1.4886666666666672,1.247945753976265,0.16666666666666666,0.02664417258539079,1
x_aq_idu_top/x_aq_idu_id_dp/dp_gpr_src0_data[63:0],185,0.043714555765595464,1.789065081081081,1.4997690359532043,0.35135135135135137,0.1293086494742093,49
x_aq_idu_top/x_aq_idu_id_dp/dp_gpr_src1_data[63:0],17,0.004017013232514178,1.9028235294117641,1.595132474761895,0.29411764705882354,0.0710491662666963,37
x_aq_idu_top/x_aq_idu_id_dp/dp_gpr_src2_data[63:0],26,0.006143667296786389,2.176153846153846,1.8242646343305928,0.6538461538461539,0.04380059013242158,8
x_aq_idu_top/x_aq_idu_id_dp/dp_id_inst_data[264:0],369,0.08719281663516068,1.6778584281842819,1.406544761235466,0.26287262872628725,,173
x_aq_idu_top/x_aq_idu_id_dp/dp_srcvx_bank_mask,0,0.0,0.0,0.0,0.0,,0
x_aq_idu_top/x_aq_idu_id_dp/dp_wb0_reg[4:0],154,0.036389413988657845,1.6212662337662338,1.3591036581909952,0.16233766233766234,0.19767795265683713,4
x_aq_idu_top/x_aq_idu_id_dp/dp_wb0_reg_expand[31:0],185,0.043714555765595464,1.662793081081081,1.393915516307375,0.1783783783783784,0.03972556367128008,3
x_aq_idu_top/x_aq_idu_id_dp/dp_wb0_vld[31:0],192,0.045368620037807186,1.6908854166666665,1.4174652549414823,0.1875,0.03972556514196872,3
x_aq_idu_top/x_aq_idu_id_dp/dp_wb1_reg[4:0],34,0.008034026465028356,1.6108823529411764,1.3503988753973817,0.47058823529411764,-0.13360703742641805,4
x_aq_idu_top/x_aq_idu_id_dp/dp_wb1_reg_expand[31:0],42,0.00992438563327032,1.597452380952381,1.33914056156883,0.40476190476190477,0.02343122037930007,3
x_aq_idu_top/x_aq_idu_id_dp/dp_wb1_vld[31:0],22,0.005198487712665407,2.0471363636363638,1.716109583168659,0.5,0.047613673470144134,2
x_aq_idu_top/x_aq_idu_id_dp/dp_wb_dst0_type[2:0],139,0.03284499054820416,1.865475683453237,1.5638238636216553,0.35251798561151076,0.1402860854628541,3
x_aq_idu_top/x_aq_idu_id_dp/dp_wb_dst1_type[2:0],0,0.0,0.0,0.0,0.0,,0
x_aq_idu_top/x_aq_idu_id_dp/dp_wb_inst_type_mask,3,0.0007088846880907373,2.0275733333333337,1.699709941026983,0.3333333333333333,0.036912954338464574,1
x_aq_idu_top/x_aq_idu_id_dp/ex1_int_inst_clk,0,0.0,0.0,0.0,0.0,,0
x_aq_idu_top/x_aq_idu_id_dp/ex1_int_inst_clk_en,75,0.01772211720226843,1.5377866666666666,1.289122934071639,0.2,-0.5735649319468209,1
x_aq_idu_top/x_aq_idu_id_dp/ex1_int_src0_clk,0,0.0,0.0,0.0,0.0,,0
x_aq_idu_top/x_aq_idu_id_dp/ex1_int_src0_clk_en,57,0.013468809073724008,1.804017543859649,1.5123036502183198,0.2807017543859649,-0.6143517098381623,1
x_aq_idu_top/x_aq_idu_id_dp/ex1_int_src1_clk,0,0.0,0.0,0.0,0.0,,0
x_aq_idu_top/x_aq_idu_id_dp/ex1_int_src1_clk_en,75,0.01772211720226843,1.5391333333333335,1.2902518415606818,0.18666666666666668,-0.4376564845447657,1
x_aq_idu_top/x_aq_idu_id_dp/ex1_int_src2_clk,0,0.0,0.0,0.0,0.0,,0
x_aq_idu_top/x_aq_idu_id_dp/ex1_int_src2_clk_en,12,0.002835538752362949,2.38475,1.9991302978917802,0.75,0.036371162084819206,1
x_aq_idu_top/x_aq_idu_id_dp/ex1_vec_inst_clk,0,0.0,0.0,0.0,0.0,,0
x_aq_idu_top/x_aq_idu_id_dp/ex1_vec_inst_clk_en,2,0.0004725897920604915,1.4680000000000004,1.2306209360751166,0.0,0.019944039367258432,1
x_aq_idu_top/x_aq_idu_id_dp/ex1_vec_src1_clk,0,0.0,0.0,0.0,0.0,,0
x_aq_idu_top/x_aq_idu_id_dp/ex1_vec_src1_clk_en,2,0.0004725897920604915,1.4680000000000004,1.2306209360751166,0.0,0.019944039367258432,1
x_aq_idu_top/x_aq_idu_id_dp/x_aq_idu_expand_32_dp_wb0_reg/x_num[4:0],154,0.036389413988657845,1.6212662337662338,1.3591036581909952,0.16233766233766234,0.19767795265683713,4
x_aq_idu_top/x_aq_idu_id_dp/x_aq_idu_expand_32_dp_wb0_reg/x_num_expand[31:0],185,0.043714555765595464,1.662793081081081,1.393915516307375,0.1783783783783784,0.03972556367128008,3
x_aq_idu_top/x_aq_idu_id_dp/x_aq_idu_expand_32_dp_wb1_reg/x_num[4:0],34,0.008034026465028356,1.6108823529411764,1.3503988753973817,0.47058823529411764,-0.13360703742641805,4
x_aq_idu_top/x_aq_idu_id_dp/x_aq_idu_expand_32_dp_wb1_reg/x_num_expand[31:0],42,0.00992438563327032,1.597452380952381,1.33914056156883,0.40476190476190477,0.02343122037930007,3
x_aq_idu_top/x_aq_idu_id_dp/x_ex1_int_inst_gated_clk/clk_in,0,0.0,0.0,0.0,0.0,,0
x_aq_idu_top/x_aq_idu_id_dp/x_ex1_int_inst_gated_clk/global_en,1,0.00023629489603024575,1.8147199999999999,1.5212754939470265,0.0,0.0634561532555035,1
x_aq_idu_top/x_aq_idu_id_dp/x_ex1_int_inst_gated_clk/module_en,0,0.0,0.0,0.0,0.0,,0
x_aq_idu_top/x_aq_idu_id_dp/x_ex1_int_inst_gated_clk/local_en,75,0.01772211720226843,1.5377866666666666,1.289122934071639,0.2,-0.5735649319468209,1
x_aq_idu_top/x_aq_idu_id_dp/x_ex1_int_inst_gated_clk/external_en,0,0.0,0.0,0.0,0.0,,0
x_aq_idu_top/x_aq_idu_id_dp/x_ex1_int_inst_gated_clk/pad_yy_icg_scan_en,0,0.0,0.0,0.0,0.0,,0
x_aq_idu_top/x_aq_idu_id_dp/x_ex1_int_inst_gated_clk/clk_out,0,0.0,0.0,0.0,0.0,,0
x_aq_idu_top/x_aq_idu_id_dp/x_ex1_int_inst_gated_clk/clk_en_bf_latch,75,0.01772211720226843,1.5377866666666666,1.289122934071639,0.2,-0.5735649319468209,1
x_aq_idu_top/x_aq_idu_id_dp/x_ex1_int_inst_gated_clk/SE,0,0.0,0.0,0.0,0.0,,0
x_aq_idu_top/x_aq_idu_id_dp/x_ex1_int_src0_gated_clk/clk_in,0,0.0,0.0,0.0,0.0,,0
x_aq_idu_top/x_aq_idu_id_dp/x_ex1_int_src0_gated_clk/global_en,1,0.00023629489603024575,1.8147199999999999,1.5212754939470265,0.0,0.0634561532555035,1
x_aq_idu_top/x_aq_idu_id_dp/x_ex1_int_src0_gated_clk/module_en,0,0.0,0.0,0.0,0.0,,0
x_aq_idu_top/x_aq_idu_id_dp/x_ex1_int_src0_gated_clk/local_en,57,0.013468809073724008,1.804017543859649,1.5123036502183198,0.2807017543859649,-0.6143517098381623,1
x_aq_idu_top/x_aq_idu_id_dp/x_ex1_int_src0_gated_clk/external_en,0,0.0,0.0,0.0,0.0,,0
x_aq_idu_top/x_aq_idu_id_dp/x_ex1_int_src0_gated_clk/pad_yy_icg_scan_en,0,0.0,0.0,0.0,0.0,,0
x_aq_idu_top/x_aq_idu_id_dp/x_ex1_int_src0_gated_clk/clk_out,0,0.0,0.0,0.0,0.0,,0
x_aq_idu_top/x_aq_idu_id_dp/x_ex1_int_src0_gated_clk/clk_en_bf_latch,57,0.013468809073724008,1.804017543859649,1.5123036502183198,0.2807017543859649,-0.6143517098381623,1
x_aq_idu_top/x_aq_idu_id_dp/x_ex1_int_src0_gated_clk/SE,0,0.0,0.0,0.0,0.0,,0
x_aq_idu_top/x_aq_idu_id_dp/x_ex1_int_src1_gated_clk/clk_in,0,0.0,0.0,0.0,0.0,,0
x_aq_idu_top/x_aq_idu_id_dp/x_ex1_int_src1_gated_clk/global_en,1,0.00023629489603024575,1.8147199999999999,1.5212754939470265,0.0,0.0634561532555035,1
x_aq_idu_top/x_aq_idu_id_dp/x_ex1_int_src1_gated_clk/module_en,0,0.0,0.0,0.0,0.0,,0
x_aq_idu_top/x_aq_idu_id_dp/x_ex1_int_src1_gated_clk/local_en,75,0.01772211720226843,1.5391333333333335,1.2902518415606818,0.18666666666666668,-0.4376564845447657,1
x_aq_idu_top/x_aq_idu_id_dp/x_ex1_int_src1_gated_clk/external_en,0,0.0,0.0,0.0,0.0,,0
x_aq_idu_top/x_aq_idu_id_dp/x_ex1_int_src1_gated_clk/pad_yy_icg_scan_en,0,0.0,0.0,0.0,0.0,,0
x_aq_idu_top/x_aq_idu_id_dp/x_ex1_int_src1_gated_clk/clk_out,0,0.0,0.0,0.0,0.0,,0
x_aq_idu_top/x_aq_idu_id_dp/x_ex1_int_src1_gated_clk/clk_en_bf_latch,75,0.01772211720226843,1.5391333333333335,1.2902518415606818,0.18666666666666668,-0.4376564845447657,1
x_aq_idu_top/x_aq_idu_id_dp/x_ex1_int_src1_gated_clk/SE,0,0.0,0.0,0.0,0.0,,0
x_aq_idu_top/x_aq_idu_id_dp/x_ex1_int_src2_gated_clk/clk_in,0,0.0,0.0,0.0,0.0,,0
x_aq_idu_top/x_aq_idu_id_dp/x_ex1_int_src2_gated_clk/global_en,1,0.00023629489603024575,1.8147199999999999,1.5212754939470265,0.0,0.0634561532555035,1
x_aq_idu_top/x_aq_idu_id_dp/x_ex1_int_src2_gated_clk/module_en,0,0.0,0.0,0.0,0.0,,0
x_aq_idu_top/x_aq_idu_id_dp/x_ex1_int_src2_gated_clk/local_en,12,0.002835538752362949,2.38475,1.9991302978917802,0.75,0.036371162084819206,1
x_aq_idu_top/x_aq_idu_id_dp/x_ex1_int_src2_gated_clk/external_en,0,0.0,0.0,0.0,0.0,,0
x_aq_idu_top/x_aq_idu_id_dp/x_ex1_int_src2_gated_clk/pad_yy_icg_scan_en,0,0.0,0.0,0.0,0.0,,0
x_aq_idu_top/x_aq_idu_id_dp/x_ex1_int_src2_gated_clk/clk_out,0,0.0,0.0,0.0,0.0,,0
x_aq_idu_top/x_aq_idu_id_dp/x_ex1_int_src2_gated_clk/clk_en_bf_latch,12,0.002835538752362949,2.38475,1.9991302978917802,0.75,0.036371162084819206,1
x_aq_idu_top/x_aq_idu_id_dp/x_ex1_int_src2_gated_clk/SE,0,0.0,0.0,0.0,0.0,,0
x_aq_idu_top/x_aq_idu_id_dp/x_ex1_vec_inst_gated_clk/clk_in,0,0.0,0.0,0.0,0.0,,0
x_aq_idu_top/x_aq_idu_id_dp/x_ex1_vec_inst_gated_clk/global_en,1,0.00023629489603024575,1.8147199999999999,1.5212754939470265,0.0,0.0634561532555035,1
x_aq_idu_top/x_aq_idu_id_dp/x_ex1_vec_inst_gated_clk/module_en,0,0.0,0.0,0.0,0.0,,0
x_aq_idu_top/x_aq_idu_id_dp/x_ex1_vec_inst_gated_clk/local_en,2,0.0004725897920604915,1.4680000000000004,1.2306209360751166,0.0,0.019944039367258432,1
x_aq_idu_top/x_aq_idu_id_dp/x_ex1_vec_inst_gated_clk/external_en,0,0.0,0.0,0.0,0.0,,0
x_aq_idu_top/x_aq_idu_id_dp/x_ex1_vec_inst_gated_clk/pad_yy_icg_scan_en,0,0.0,0.0,0.0,0.0,,0
x_aq_idu_top/x_aq_idu_id_dp/x_ex1_vec_inst_gated_clk/clk_out,0,0.0,0.0,0.0,0.0,,0
x_aq_idu_top/x_aq_idu_id_dp/x_ex1_vec_inst_gated_clk/clk_en_bf_latch,2,0.0004725897920604915,1.4680000000000004,1.2306209360751166,0.0,0.019944039367258432,1
x_aq_idu_top/x_aq_idu_id_dp/x_ex1_vec_inst_gated_clk/SE,0,0.0,0.0,0.0,0.0,,0
x_aq_idu_top/x_aq_idu_id_dp/x_ex1_vec_src1_gated_clk/clk_in,0,0.0,0.0,0.0,0.0,,0
x_aq_idu_top/x_aq_idu_id_dp/x_ex1_vec_src1_gated_clk/global_en,1,0.00023629489603024575,1.8147199999999999,1.5212754939470265,0.0,0.0634561532555035,1
x_aq_idu_top/x_aq_idu_id_dp/x_ex1_vec_src1_gated_clk/module_en,0,0.0,0.0,0.0,0.0,,0
x_aq_idu_top/x_aq_idu_id_dp/x_ex1_vec_src1_gated_clk/local_en,2,0.0004725897920604915,1.4680000000000004,1.2306209360751166,0.0,0.019944039367258432,1
x_aq_idu_top/x_aq_idu_id_dp/x_ex1_vec_src1_gated_clk/external_en,0,0.0,0.0,0.0,0.0,,0
x_aq_idu_top/x_aq_idu_id_dp/x_ex1_vec_src1_gated_clk/pad_yy_icg_scan_en,0,0.0,0.0,0.0,0.0,,0
x_aq_idu_top/x_aq_idu_id_dp/x_ex1_vec_src1_gated_clk/clk_out,0,0.0,0.0,0.0,0.0,,0
x_aq_idu_top/x_aq_idu_id_dp/x_ex1_vec_src1_gated_clk/clk_en_bf_latch,2,0.0004725897920604915,1.4680000000000004,1.2306209360751166,0.0,0.019944039367258432,1
x_aq_idu_top/x_aq_idu_id_dp/x_ex1_vec_src1_gated_clk/SE,0,0.0,0.0,0.0,0.0,,0
x_aq_idu_top/x_aq_idu_id_gpr/cp0_idu_icg_en,0,0.0,0.0,0.0,0.0,,0
x_aq_idu_top/x_aq_idu_id_gpr/cp0_yy_clk_en,1,0.00023629489603024575,1.8147199999999999,1.5212754939470265,0.0,0.0634561532555035,1
x_aq_idu_top/x_aq_idu_id_gpr/dp_gpr_src0_reg[5:0],183,0.04324196597353497,1.7693134426229509,1.4832112840401515,0.3224043715846995,0.33056459714901243,4
x_aq_idu_top/x_aq_idu_id_gpr/dp_gpr_src1_reg[5:0],24,0.005671077504725898,1.8414999999999992,1.5437251047563527,0.25,0.14943615681913608,2
x_aq_idu_top/x_aq_idu_id_gpr/dp_gpr_src2_reg[5:0],32,0.007561436672967864,2.0553125,1.7229636189897053,0.59375,0.1073029049718127,4
x_aq_idu_top/x_aq_idu_id_gpr/dp_gpr_wb0_vld[31:0],192,0.045368620037807186,1.6908854166666665,1.4174652549414823,0.1875,0.03972556514196872,3
x_aq_idu_top/x_aq_idu_id_gpr/dp_gpr_wb1_vld[31:0],22,0.005198487712665407,2.0471363636363638,1.716109583168659,0.5,0.047613673470144134,2
x_aq_idu_top/x_aq_idu_id_gpr/forever_cpuclk,0,0.0,0.0,0.0,0.0,,0
x_aq_idu_top/x_aq_idu_id_gpr/pad_yy_icg_scan_en,0,0.0,0.0,0.0,0.0,,0
x_aq_idu_top/x_aq_idu_id_gpr/rtu_idu_wb0_data[63:0],163,0.03851606805293006,1.8065214723926377,1.5144026875991996,0.25766871165644173,0.14384962087435527,49
x_aq_idu_top/x_aq_idu_id_gpr/rtu_idu_wb1_data[63:0],20,0.004725897920604915,1.5840999999999998,1.3279472921230187,0.35,0.15437487881012485,8
x_aq_idu_top/x_aq_idu_id_gpr/read_data_0[63:0],0,0.0,0.0,0.0,0.0,,0
x_aq_idu_top/x_aq_idu_id_gpr/read_data_1[63:0],22,0.005198487712665407,2.4288181818181824,2.036072550725718,0.4090909090909091,0.13011636844943433,12
x_aq_idu_top/x_aq_idu_id_gpr/read_data_10[63:0],40,0.00945179584120983,1.6839,1.4116093966327576,0.175,0.09332061741896731,61
x_aq_idu_top/x_aq_idu_id_gpr/read_data_11[63:0],9,0.0021266540642722116,1.696222222222222,1.4219390864458616,0.1111111111111111,-0.004897767001282016,9
x_aq_idu_top/x_aq_idu_id_gpr/read_data_12[63:0],6,0.0014177693761814746,1.9679999999999993,1.649769756264188,0.6666666666666666,0.0035936152437837762,7
x_aq_idu_top/x_aq_idu_id_gpr/read_data_13[63:0],4,0.000945179584120983,2.6659999999999986,2.2349015092481324,1.0,0.024366664813151934,5
x_aq_idu_top/x_aq_idu_id_gpr/read_data_14[63:0],4,0.000945179584120983,1.8585,1.5579761646427819,0.25,0.04994513693000588,2
x_aq_idu_top/x_aq_idu_id_gpr/read_data_15[63:0],4,0.000945179584120983,0.9507500000000002,0.7970114815895212,0.25,0.045589975878632984,2
x_aq_idu_top/x_aq_idu_id_gpr/read_data_16[63:0],0,0.0,0.0,0.0,0.0,,0
x_aq_idu_top/x_aq_idu_id_gpr/read_data_17[63:0],0,0.0,0.0,0.0,0.0,,0
x_aq_idu_top/x_aq_idu_id_gpr/read_data_18[63:0],0,0.0,0.0,0.0,0.0,,0
x_aq_idu_top/x_aq_idu_id_gpr/read_data_19[63:0],0,0.0,0.0,0.0,0.0,,0
x_aq_idu_top/x_aq_idu_id_gpr/read_data_2[63:0],19,0.0044896030245746696,1.918842105263158,1.6085608091003367,0.47368421052631576,-0.2897269248485139,14
x_aq_idu_top/x_aq_idu_id_gpr/read_data_20[63:0],0,0.0,0.0,0.0,0.0,,0
x_aq_idu_top/x_aq_idu_id_gpr/read_data_21[63:0],0,0.0,0.0,0.0,0.0,,0
x_aq_idu_top/x_aq_idu_id_gpr/read_data_22[63:0],0,0.0,0.0,0.0,0.0,,0
x_aq_idu_top/x_aq_idu_id_gpr/read_data_23[63:0],0,0.0,0.0,0.0,0.0,,0
x_aq_idu_top/x_aq_idu_id_gpr/read_data_24[63:0],0,0.0,0.0,0.0,0.0,,0
x_aq_idu_top/x_aq_idu_id_gpr/read_data_25[63:0],0,0.0,0.0,0.0,0.0,,0
x_aq_idu_top/x_aq_idu_id_gpr/read_data_26[63:0],0,0.0,0.0,0.0,0.0,,0
x_aq_idu_top/x_aq_idu_id_gpr/read_data_27[63:0],0,0.0,0.0,0.0,0.0,,0
x_aq_idu_top/x_aq_idu_id_gpr/read_data_28[63:0],0,0.0,0.0,0.0,0.0,,0
x_aq_idu_top/x_aq_idu_id_gpr/read_data_29[63:0],4,0.000945179584120983,2.06775,1.7333899458919086,0.75,0.15209736236729401,3
x_aq_idu_top/x_aq_idu_id_gpr/read_data_3[63:0],30,0.007088846880907372,1.5447,1.2949183650921199,0.1,0.12613735303913381,15
x_aq_idu_top/x_aq_idu_id_gpr/read_data_30[63:0],0,0.0,0.0,0.0,0.0,,0
x_aq_idu_top/x_aq_idu_id_gpr/read_data_31[63:0],0,0.0,0.0,0.0,0.0,,0
x_aq_idu_top/x_aq_idu_id_gpr/read_data_4[63:0],0,0.0,0.0,0.0,0.0,,0
x_aq_idu_top/x_aq_idu_id_gpr/read_data_5[63:0],0,0.0,0.0,0.0,0.0,,0
x_aq_idu_top/x_aq_idu_id_gpr/read_data_6[63:0],0,0.0,0.0,0.0,0.0,,0
x_aq_idu_top/x_aq_idu_id_gpr/read_data_7[63:0],0,0.0,0.0,0.0,0.0,,0
x_aq_idu_top/x_aq_idu_id_gpr/read_data_8[63:0],0,0.0,0.0,0.0,0.0,,0
x_aq_idu_top/x_aq_idu_id_gpr/read_data_9[63:0],36,0.008506616257088847,1.7009166666666666,1.4258744281465257,0.3333333333333333,0.12908160811684385,13
x_aq_idu_top/x_aq_idu_id_gpr/wb0_vld[31:0],192,0.045368620037807186,1.6908854166666665,1.4174652549414823,0.1875,0.03972556514196872,3
x_aq_idu_top/x_aq_idu_id_gpr/wb1_vld[31:0],22,0.005198487712665407,2.0471363636363638,1.716109583168659,0.5,0.047613673470144134,2
x_aq_idu_top/x_aq_idu_id_gpr/x_aq_idu_id_gpr_gated_reg_1/cp0_idu_icg_en,0,0.0,0.0,0.0,0.0,,0
x_aq_idu_top/x_aq_idu_id_gpr/x_aq_idu_id_gpr_gated_reg_1/cp0_yy_clk_en,1,0.00023629489603024575,1.8147199999999999,1.5212754939470265,0.0,0.0634561532555035,1
x_aq_idu_top/x_aq_idu_id_gpr/x_aq_idu_id_gpr_gated_reg_1/forever_cpuclk,0,0.0,0.0,0.0,0.0,,0
x_aq_idu_top/x_aq_idu_id_gpr/x_aq_idu_id_gpr_gated_reg_1/pad_yy_icg_scan_en,0,0.0,0.0,0.0,0.0,,0
x_aq_idu_top/x_aq_idu_id_gpr/x_aq_idu_id_gpr_gated_reg_1/read_data_y[63:0],22,0.005198487712665407,2.4288181818181824,2.036072550725718,0.4090909090909091,0.13011636844943433,12
x_aq_idu_top/x_aq_idu_id_gpr/x_aq_idu_id_gpr_gated_reg_1/rtu_idu_wb0_data[63:0],163,0.03851606805293006,1.8065214723926377,1.5144026875991996,0.25766871165644173,0.14384962087435527,49
x_aq_idu_top/x_aq_idu_id_gpr/x_aq_idu_id_gpr_gated_reg_1/rtu_idu_wb1_data[63:0],20,0.004725897920604915,1.5840999999999998,1.3279472921230187,0.35,0.15437487881012485,8
x_aq_idu_top/x_aq_idu_id_gpr/x_aq_idu_id_gpr_gated_reg_1/wb0_vld_x,8,0.001890359168241966,2.356,1.9750292407309085,0.375,0.011604027768690057,1
x_aq_idu_top/x_aq_idu_id_gpr/x_aq_idu_id_gpr_gated_reg_1/wb1_vld_x,0,0.0,0.0,0.0,0.0,,0
x_aq_idu_top/x_aq_idu_id_gpr/x_aq_idu_id_gpr_gated_reg_1/reg_clk,0,0.0,0.0,0.0,0.0,,0
x_aq_idu_top/x_aq_idu_id_gpr/x_aq_idu_id_gpr_gated_reg_1/reg_clk_en,8,0.001890359168241966,2.356,1.9750292407309085,0.375,0.011604027768690057,1
x_aq_idu_top/x_aq_idu_id_gpr/x_aq_idu_id_gpr_gated_reg_1/write_en,8,0.001890359168241966,2.356,1.9750292407309085,0.375,0.011604027768690057,1
x_aq_idu_top/x_aq_idu_id_gpr/x_aq_idu_id_gpr_gated_reg_1/x_reg_gated_clk/clk_in,0,0.0,0.0,0.0,0.0,,0
x_aq_idu_top/x_aq_idu_id_gpr/x_aq_idu_id_gpr_gated_reg_1/x_reg_gated_clk/global_en,1,0.00023629489603024575,1.8147199999999999,1.5212754939470265,0.0,0.0634561532555035,1
x_aq_idu_top/x_aq_idu_id_gpr/x_aq_idu_id_gpr_gated_reg_1/x_reg_gated_clk/module_en,0,0.0,0.0,0.0,0.0,,0
x_aq_idu_top/x_aq_idu_id_gpr/x_aq_idu_id_gpr_gated_reg_1/x_reg_gated_clk/local_en,8,0.001890359168241966,2.356,1.9750292407309085,0.375,0.011604027768690057,1
x_aq_idu_top/x_aq_idu_id_gpr/x_aq_idu_id_gpr_gated_reg_1/x_reg_gated_clk/external_en,0,0.0,0.0,0.0,0.0,,0
x_aq_idu_top/x_aq_idu_id_gpr/x_aq_idu_id_gpr_gated_reg_1/x_reg_gated_clk/pad_yy_icg_scan_en,0,0.0,0.0,0.0,0.0,,0
x_aq_idu_top/x_aq_idu_id_gpr/x_aq_idu_id_gpr_gated_reg_1/x_reg_gated_clk/clk_out,0,0.0,0.0,0.0,0.0,,0
x_aq_idu_top/x_aq_idu_id_gpr/x_aq_idu_id_gpr_gated_reg_1/x_reg_gated_clk/clk_en_bf_latch,8,0.001890359168241966,2.356,1.9750292407309085,0.375,0.011604027768690057,1
x_aq_idu_top/x_aq_idu_id_gpr/x_aq_idu_id_gpr_gated_reg_1/x_reg_gated_clk/SE,0,0.0,0.0,0.0,0.0,,0
x_aq_idu_top/x_aq_idu_id_gpr/x_aq_idu_id_gpr_gated_reg_2/cp0_idu_icg_en,0,0.0,0.0,0.0,0.0,,0
x_aq_idu_top/x_aq_idu_id_gpr/x_aq_idu_id_gpr_gated_reg_2/cp0_yy_clk_en,1,0.00023629489603024575,1.8147199999999999,1.5212754939470265,0.0,0.0634561532555035,1
x_aq_idu_top/x_aq_idu_id_gpr/x_aq_idu_id_gpr_gated_reg_2/forever_cpuclk,0,0.0,0.0,0.0,0.0,,0
x_aq_idu_top/x_aq_idu_id_gpr/x_aq_idu_id_gpr_gated_reg_2/pad_yy_icg_scan_en,0,0.0,0.0,0.0,0.0,,0
x_aq_idu_top/x_aq_idu_id_gpr/x_aq_idu_id_gpr_gated_reg_2/read_data_y[63:0],19,0.0044896030245746696,1.918842105263158,1.6085608091003367,0.47368421052631576,-0.2897269248485139,14
x_aq_idu_top/x_aq_idu_id_gpr/x_aq_idu_id_gpr_gated_reg_2/rtu_idu_wb0_data[63:0],163,0.03851606805293006,1.8065214723926377,1.5144026875991996,0.25766871165644173,0.14384962087435527,49
x_aq_idu_top/x_aq_idu_id_gpr/x_aq_idu_id_gpr_gated_reg_2/rtu_idu_wb1_data[63:0],20,0.004725897920604915,1.5840999999999998,1.3279472921230187,0.35,0.15437487881012485,8
x_aq_idu_top/x_aq_idu_id_gpr/x_aq_idu_id_gpr_gated_reg_2/wb0_vld_x,4,0.000945179584120983,2.870749999999999,2.406542951115558,1.0,0.07609466162994259,1
x_aq_idu_top/x_aq_idu_id_gpr/x_aq_idu_id_gpr_gated_reg_2/wb1_vld_x,0,0.0,0.0,0.0,0.0,,0
x_aq_idu_top/x_aq_idu_id_gpr/x_aq_idu_id_gpr_gated_reg_2/reg_clk,0,0.0,0.0,0.0,0.0,,0
x_aq_idu_top/x_aq_idu_id_gpr/x_aq_idu_id_gpr_gated_reg_2/reg_clk_en,4,0.000945179584120983,2.870749999999999,2.406542951115558,1.0,0.07609466162994259,1
x_aq_idu_top/x_aq_idu_id_gpr/x_aq_idu_id_gpr_gated_reg_2/write_en,4,0.000945179584120983,2.870749999999999,2.406542951115558,1.0,0.07609466162994259,1
x_aq_idu_top/x_aq_idu_id_gpr/x_aq_idu_id_gpr_gated_reg_2/x_reg_gated_clk/clk_in,0,0.0,0.0,0.0,0.0,,0
x_aq_idu_top/x_aq_idu_id_gpr/x_aq_idu_id_gpr_gated_reg_2/x_reg_gated_clk/global_en,1,0.00023629489603024575,1.8147199999999999,1.5212754939470265,0.0,0.0634561532555035,1
x_aq_idu_top/x_aq_idu_id_gpr/x_aq_idu_id_gpr_gated_reg_2/x_reg_gated_clk/module_en,0,0.0,0.0,0.0,0.0,,0
x_aq_idu_top/x_aq_idu_id_gpr/x_aq_idu_id_gpr_gated_reg_2/x_reg_gated_clk/local_en,4,0.000945179584120983,2.870749999999999,2.406542951115558,1.0,0.07609466162994259,1
x_aq_idu_top/x_aq_idu_id_gpr/x_aq_idu_id_gpr_gated_reg_2/x_reg_gated_clk/external_en,0,0.0,0.0,0.0,0.0,,0
x_aq_idu_top/x_aq_idu_id_gpr/x_aq_idu_id_gpr_gated_reg_2/x_reg_gated_clk/pad_yy_icg_scan_en,0,0.0,0.0,0.0,0.0,,0
x_aq_idu_top/x_aq_idu_id_gpr/x_aq_idu_id_gpr_gated_reg_2/x_reg_gated_clk/clk_out,0,0.0,0.0,0.0,0.0,,0
x_aq_idu_top/x_aq_idu_id_gpr/x_aq_idu_id_gpr_gated_reg_2/x_reg_gated_clk/clk_en_bf_latch,4,0.000945179584120983,2.870749999999999,2.406542951115558,1.0,0.07609466162994259,1
x_aq_idu_top/x_aq_idu_id_gpr/x_aq_idu_id_gpr_gated_reg_2/x_reg_gated_clk/SE,0,0.0,0.0,0.0,0.0,,0
x_aq_idu_top/x_aq_idu_id_gpr/x_aq_idu_id_gpr_gated_reg_3/cp0_idu_icg_en,0,0.0,0.0,0.0,0.0,,0
x_aq_idu_top/x_aq_idu_id_gpr/x_aq_idu_id_gpr_gated_reg_3/cp0_yy_clk_en,1,0.00023629489603024575,1.8147199999999999,1.5212754939470265,0.0,0.0634561532555035,1
x_aq_idu_top/x_aq_idu_id_gpr/x_aq_idu_id_gpr_gated_reg_3/forever_cpuclk,0,0.0,0.0,0.0,0.0,,0
x_aq_idu_top/x_aq_idu_id_gpr/x_aq_idu_id_gpr_gated_reg_3/pad_yy_icg_scan_en,0,0.0,0.0,0.0,0.0,,0
x_aq_idu_top/x_aq_idu_id_gpr/x_aq_idu_id_gpr_gated_reg_3/read_data_y[63:0],30,0.007088846880907372,1.5447,1.2949183650921199,0.1,0.12613735303913381,15
x_aq_idu_top/x_aq_idu_id_gpr/x_aq_idu_id_gpr_gated_reg_3/rtu_idu_wb0_data[63:0],163,0.03851606805293006,1.8065214723926377,1.5144026875991996,0.25766871165644173,0.14384962087435527,49
x_aq_idu_top/x_aq_idu_id_gpr/x_aq_idu_id_gpr_gated_reg_3/rtu_idu_wb1_data[63:0],20,0.004725897920604915,1.5840999999999998,1.3279472921230187,0.35,0.15437487881012485,8
x_aq_idu_top/x_aq_idu_id_gpr/x_aq_idu_id_gpr_gated_reg_3/wb0_vld_x,2,0.0004725897920604915,0.8185000000000007,0.6861466186495119,0.0,0.044701338250266266,1
x_aq_idu_top/x_aq_idu_id_gpr/x_aq_idu_id_gpr_gated_reg_3/wb1_vld_x,0,0.0,0.0,0.0,0.0,,0
x_aq_idu_top/x_aq_idu_id_gpr/x_aq_idu_id_gpr_gated_reg_3/reg_clk,0,0.0,0.0,0.0,0.0,,0
x_aq_idu_top/x_aq_idu_id_gpr/x_aq_idu_id_gpr_gated_reg_3/reg_clk_en,2,0.0004725897920604915,0.8185000000000007,0.6861466186495119,0.0,0.044701338250266266,1
x_aq_idu_top/x_aq_idu_id_gpr/x_aq_idu_id_gpr_gated_reg_3/write_en,2,0.0004725897920604915,0.8185000000000007,0.6861466186495119,0.0,0.044701338250266266,1
x_aq_idu_top/x_aq_idu_id_gpr/x_aq_idu_id_gpr_gated_reg_3/x_reg_gated_clk/clk_in,0,0.0,0.0,0.0,0.0,,0
x_aq_idu_top/x_aq_idu_id_gpr/x_aq_idu_id_gpr_gated_reg_3/x_reg_gated_clk/global_en,1,0.00023629489603024575,1.8147199999999999,1.5212754939470265,0.0,0.0634561532555035,1
x_aq_idu_top/x_aq_idu_id_gpr/x_aq_idu_id_gpr_gated_reg_3/x_reg_gated_clk/module_en,0,0.0,0.0,0.0,0.0,,0
x_aq_idu_top/x_aq_idu_id_gpr/x_aq_idu_id_gpr_gated_reg_3/x_reg_gated_clk/local_en,2,0.0004725897920604915,0.8185000000000007,0.6861466186495119,0.0,0.044701338250266266,1
x_aq_idu_top/x_aq_idu_id_gpr/x_aq_idu_id_gpr_gated_reg_3/x_reg_gated_clk/external_en,0,0.0,0.0,0.0,0.0,,0
x_aq_idu_top/x_aq_idu_id_gpr/x_aq_idu_id_gpr_gated_reg_3/x_reg_gated_clk/pad_yy_icg_scan_en,0,0.0,0.0,0.0,0.0,,0
x_aq_idu_top/x_aq_idu_id_gpr/x_aq_idu_id_gpr_gated_reg_3/x_reg_gated_clk/clk_out,0,0.0,0.0,0.0,0.0,,0
x_aq_idu_top/x_aq_idu_id_gpr/x_aq_idu_id_gpr_gated_reg_3/x_reg_gated_clk/clk_en_bf_latch,2,0.0004725897920604915,0.8185000000000007,0.6861466186495119,0.0,0.044701338250266266,1
x_aq_idu_top/x_aq_idu_id_gpr/x_aq_idu_id_gpr_gated_reg_3/x_reg_gated_clk/SE,0,0.0,0.0,0.0,0.0,,0
x_aq_idu_top/x_aq_idu_id_gpr/x_aq_idu_id_gpr_gated_reg_4/cp0_idu_icg_en,0,0.0,0.0,0.0,0.0,,0
x_aq_idu_top/x_aq_idu_id_gpr/x_aq_idu_id_gpr_gated_reg_4/cp0_yy_clk_en,1,0.00023629489603024575,1.8147199999999999,1.5212754939470265,0.0,0.0634561532555035,1
x_aq_idu_top/x_aq_idu_id_gpr/x_aq_idu_id_gpr_gated_reg_4/forever_cpuclk,0,0.0,0.0,0.0,0.0,,0
x_aq_idu_top/x_aq_idu_id_gpr/x_aq_idu_id_gpr_gated_reg_4/pad_yy_icg_scan_en,0,0.0,0.0,0.0,0.0,,0
x_aq_idu_top/x_aq_idu_id_gpr/x_aq_idu_id_gpr_gated_reg_4/read_data_y[63:0],0,0.0,0.0,0.0,0.0,,0
x_aq_idu_top/x_aq_idu_id_gpr/x_aq_idu_id_gpr_gated_reg_4/rtu_idu_wb0_data[63:0],163,0.03851606805293006,1.8065214723926377,1.5144026875991996,0.25766871165644173,0.14384962087435527,49
x_aq_idu_top/x_aq_idu_id_gpr/x_aq_idu_id_gpr_gated_reg_4/rtu_idu_wb1_data[63:0],20,0.004725897920604915,1.5840999999999998,1.3279472921230187,0.35,0.15437487881012485,8
x_aq_idu_top/x_aq_idu_id_gpr/x_aq_idu_id_gpr_gated_reg_4/wb0_vld_x,0,0.0,0.0,0.0,0.0,,0
x_aq_idu_top/x_aq_idu_id_gpr/x_aq_idu_id_gpr_gated_reg_4/wb1_vld_x,0,0.0,0.0,0.0,0.0,,0
x_aq_idu_top/x_aq_idu_id_gpr/x_aq_idu_id_gpr_gated_reg_4/reg_clk,0,0.0,0.0,0.0,0.0,,0
x_aq_idu_top/x_aq_idu_id_gpr/x_aq_idu_id_gpr_gated_reg_4/reg_clk_en,0,0.0,0.0,0.0,0.0,,0
x_aq_idu_top/x_aq_idu_id_gpr/x_aq_idu_id_gpr_gated_reg_4/write_en,0,0.0,0.0,0.0,0.0,,0
x_aq_idu_top/x_aq_idu_id_gpr/x_aq_idu_id_gpr_gated_reg_4/x_reg_gated_clk/clk_in,0,0.0,0.0,0.0,0.0,,0
x_aq_idu_top/x_aq_idu_id_gpr/x_aq_idu_id_gpr_gated_reg_4/x_reg_gated_clk/global_en,1,0.00023629489603024575,1.8147199999999999,1.5212754939470265,0.0,0.0634561532555035,1
x_aq_idu_top/x_aq_idu_id_gpr/x_aq_idu_id_gpr_gated_reg_4/x_reg_gated_clk/module_en,0,0.0,0.0,0.0,0.0,,0
x_aq_idu_top/x_aq_idu_id_gpr/x_aq_idu_id_gpr_gated_reg_4/x_reg_gated_clk/local_en,0,0.0,0.0,0.0,0.0,,0
x_aq_idu_top/x_aq_idu_id_gpr/x_aq_idu_id_gpr_gated_reg_4/x_reg_gated_clk/external_en,0,0.0,0.0,0.0,0.0,,0
x_aq_idu_top/x_aq_idu_id_gpr/x_aq_idu_id_gpr_gated_reg_4/x_reg_gated_clk/pad_yy_icg_scan_en,0,0.0,0.0,0.0,0.0,,0
x_aq_idu_top/x_aq_idu_id_gpr/x_aq_idu_id_gpr_gated_reg_4/x_reg_gated_clk/clk_out,0,0.0,0.0,0.0,0.0,,0
x_aq_idu_top/x_aq_idu_id_gpr/x_aq_idu_id_gpr_gated_reg_4/x_reg_gated_clk/clk_en_bf_latch,0,0.0,0.0,0.0,0.0,,0
x_aq_idu_top/x_aq_idu_id_gpr/x_aq_idu_id_gpr_gated_reg_4/x_reg_gated_clk/SE,0,0.0,0.0,0.0,0.0,,0
x_aq_idu_top/x_aq_idu_id_gpr/x_aq_idu_id_gpr_gated_reg_5/cp0_idu_icg_en,0,0.0,0.0,0.0,0.0,,0
x_aq_idu_top/x_aq_idu_id_gpr/x_aq_idu_id_gpr_gated_reg_5/cp0_yy_clk_en,1,0.00023629489603024575,1.8147199999999999,1.5212754939470265,0.0,0.0634561532555035,1
x_aq_idu_top/x_aq_idu_id_gpr/x_aq_idu_id_gpr_gated_reg_5/forever_cpuclk,0,0.0,0.0,0.0,0.0,,0
x_aq_idu_top/x_aq_idu_id_gpr/x_aq_idu_id_gpr_gated_reg_5/pad_yy_icg_scan_en,0,0.0,0.0,0.0,0.0,,0
x_aq_idu_top/x_aq_idu_id_gpr/x_aq_idu_id_gpr_gated_reg_5/read_data_y[63:0],0,0.0,0.0,0.0,0.0,,0
x_aq_idu_top/x_aq_idu_id_gpr/x_aq_idu_id_gpr_gated_reg_5/rtu_idu_wb0_data[63:0],163,0.03851606805293006,1.8065214723926377,1.5144026875991996,0.25766871165644173,0.14384962087435527,49
x_aq_idu_top/x_aq_idu_id_gpr/x_aq_idu_id_gpr_gated_reg_5/rtu_idu_wb1_data[63:0],20,0.004725897920604915,1.5840999999999998,1.3279472921230187,0.35,0.15437487881012485,8
x_aq_idu_top/x_aq_idu_id_gpr/x_aq_idu_id_gpr_gated_reg_5/wb0_vld_x,0,0.0,0.0,0.0,0.0,,0
x_aq_idu_top/x_aq_idu_id_gpr/x_aq_idu_id_gpr_gated_reg_5/wb1_vld_x,0,0.0,0.0,0.0,0.0,,0
x_aq_idu_top/x_aq_idu_id_gpr/x_aq_idu_id_gpr_gated_reg_5/reg_clk,0,0.0,0.0,0.0,0.0,,0
x_aq_idu_top/x_aq_idu_id_gpr/x_aq_idu_id_gpr_gated_reg_5/reg_clk_en,0,0.0,0.0,0.0,0.0,,0
x_aq_idu_top/x_aq_idu_id_gpr/x_aq_idu_id_gpr_gated_reg_5/write_en,0,0.0,0.0,0.0,0.0,,0
x_aq_idu_top/x_aq_idu_id_gpr/x_aq_idu_id_gpr_gated_reg_5/x_reg_gated_clk/clk_in,0,0.0,0.0,0.0,0.0,,0
x_aq_idu_top/x_aq_idu_id_gpr/x_aq_idu_id_gpr_gated_reg_5/x_reg_gated_clk/global_en,1,0.00023629489603024575,1.8147199999999999,1.5212754939470265,0.0,0.0634561532555035,1
x_aq_idu_top/x_aq_idu_id_gpr/x_aq_idu_id_gpr_gated_reg_5/x_reg_gated_clk/module_en,0,0.0,0.0,0.0,0.0,,0
x_aq_idu_top/x_aq_idu_id_gpr/x_aq_idu_id_gpr_gated_reg_5/x_reg_gated_clk/local_en,0,0.0,0.0,0.0,0.0,,0
x_aq_idu_top/x_aq_idu_id_gpr/x_aq_idu_id_gpr_gated_reg_5/x_reg_gated_clk/external_en,0,0.0,0.0,0.0,0.0,,0
x_aq_idu_top/x_aq_idu_id_gpr/x_aq_idu_id_gpr_gated_reg_5/x_reg_gated_clk/pad_yy_icg_scan_en,0,0.0,0.0,0.0,0.0,,0
x_aq_idu_top/x_aq_idu_id_gpr/x_aq_idu_id_gpr_gated_reg_5/x_reg_gated_clk/clk_out,0,0.0,0.0,0.0,0.0,,0
x_aq_idu_top/x_aq_idu_id_gpr/x_aq_idu_id_gpr_gated_reg_5/x_reg_gated_clk/clk_en_bf_latch,0,0.0,0.0,0.0,0.0,,0
x_aq_idu_top/x_aq_idu_id_gpr/x_aq_idu_id_gpr_gated_reg_5/x_reg_gated_clk/SE,0,0.0,0.0,0.0,0.0,,0
x_aq_idu_top/x_aq_idu_id_gpr/x_aq_idu_id_gpr_gated_reg_6/cp0_idu_icg_en,0,0.0,0.0,0.0,0.0,,0
x_aq_idu_top/x_aq_idu_id_gpr/x_aq_idu_id_gpr_gated_reg_6/cp0_yy_clk_en,1,0.00023629489603024575,1.8147199999999999,1.5212754939470265,0.0,0.0634561532555035,1
x_aq_idu_top/x_aq_idu_id_gpr/x_aq_idu_id_gpr_gated_reg_6/forever_cpuclk,0,0.0,0.0,0.0,0.0,,0
x_aq_idu_top/x_aq_idu_id_gpr/x_aq_idu_id_gpr_gated_reg_6/pad_yy_icg_scan_en,0,0.0,0.0,0.0,0.0,,0
x_aq_idu_top/x_aq_idu_id_gpr/x_aq_idu_id_gpr_gated_reg_6/read_data_y[63:0],0,0.0,0.0,0.0,0.0,,0
x_aq_idu_top/x_aq_idu_id_gpr/x_aq_idu_id_gpr_gated_reg_6/rtu_idu_wb0_data[63:0],163,0.03851606805293006,1.8065214723926377,1.5144026875991996,0.25766871165644173,0.14384962087435527,49
x_aq_idu_top/x_aq_idu_id_gpr/x_aq_idu_id_gpr_gated_reg_6/rtu_idu_wb1_data[63:0],20,0.004725897920604915,1.5840999999999998,1.3279472921230187,0.35,0.15437487881012485,8
x_aq_idu_top/x_aq_idu_id_gpr/x_aq_idu_id_gpr_gated_reg_6/wb0_vld_x,0,0.0,0.0,0.0,0.0,,0
x_aq_idu_top/x_aq_idu_id_gpr/x_aq_idu_id_gpr_gated_reg_6/wb1_vld_x,0,0.0,0.0,0.0,0.0,,0
x_aq_idu_top/x_aq_idu_id_gpr/x_aq_idu_id_gpr_gated_reg_6/reg_clk,0,0.0,0.0,0.0,0.0,,0
x_aq_idu_top/x_aq_idu_id_gpr/x_aq_idu_id_gpr_gated_reg_6/reg_clk_en,0,0.0,0.0,0.0,0.0,,0
x_aq_idu_top/x_aq_idu_id_gpr/x_aq_idu_id_gpr_gated_reg_6/write_en,0,0.0,0.0,0.0,0.0,,0
x_aq_idu_top/x_aq_idu_id_gpr/x_aq_idu_id_gpr_gated_reg_6/x_reg_gated_clk/clk_in,0,0.0,0.0,0.0,0.0,,0
x_aq_idu_top/x_aq_idu_id_gpr/x_aq_idu_id_gpr_gated_reg_6/x_reg_gated_clk/global_en,1,0.00023629489603024575,1.8147199999999999,1.5212754939470265,0.0,0.0634561532555035,1
x_aq_idu_top/x_aq_idu_id_gpr/x_aq_idu_id_gpr_gated_reg_6/x_reg_gated_clk/module_en,0,0.0,0.0,0.0,0.0,,0
x_aq_idu_top/x_aq_idu_id_gpr/x_aq_idu_id_gpr_gated_reg_6/x_reg_gated_clk/local_en,0,0.0,0.0,0.0,0.0,,0
x_aq_idu_top/x_aq_idu_id_gpr/x_aq_idu_id_gpr_gated_reg_6/x_reg_gated_clk/external_en,0,0.0,0.0,0.0,0.0,,0
x_aq_idu_top/x_aq_idu_id_gpr/x_aq_idu_id_gpr_gated_reg_6/x_reg_gated_clk/pad_yy_icg_scan_en,0,0.0,0.0,0.0,0.0,,0
x_aq_idu_top/x_aq_idu_id_gpr/x_aq_idu_id_gpr_gated_reg_6/x_reg_gated_clk/clk_out,0,0.0,0.0,0.0,0.0,,0
x_aq_idu_top/x_aq_idu_id_gpr/x_aq_idu_id_gpr_gated_reg_6/x_reg_gated_clk/clk_en_bf_latch,0,0.0,0.0,0.0,0.0,,0
x_aq_idu_top/x_aq_idu_id_gpr/x_aq_idu_id_gpr_gated_reg_6/x_reg_gated_clk/SE,0,0.0,0.0,0.0,0.0,,0
x_aq_idu_top/x_aq_idu_id_gpr/x_aq_idu_id_gpr_gated_reg_7/cp0_idu_icg_en,0,0.0,0.0,0.0,0.0,,0
x_aq_idu_top/x_aq_idu_id_gpr/x_aq_idu_id_gpr_gated_reg_7/cp0_yy_clk_en,1,0.00023629489603024575,1.8147199999999999,1.5212754939470265,0.0,0.0634561532555035,1
x_aq_idu_top/x_aq_idu_id_gpr/x_aq_idu_id_gpr_gated_reg_7/forever_cpuclk,0,0.0,0.0,0.0,0.0,,0
x_aq_idu_top/x_aq_idu_id_gpr/x_aq_idu_id_gpr_gated_reg_7/pad_yy_icg_scan_en,0,0.0,0.0,0.0,0.0,,0
x_aq_idu_top/x_aq_idu_id_gpr/x_aq_idu_id_gpr_gated_reg_7/read_data_y[63:0],0,0.0,0.0,0.0,0.0,,0
x_aq_idu_top/x_aq_idu_id_gpr/x_aq_idu_id_gpr_gated_reg_7/rtu_idu_wb0_data[63:0],163,0.03851606805293006,1.8065214723926377,1.5144026875991996,0.25766871165644173,0.14384962087435527,49
x_aq_idu_top/x_aq_idu_id_gpr/x_aq_idu_id_gpr_gated_reg_7/rtu_idu_wb1_data[63:0],20,0.004725897920604915,1.5840999999999998,1.3279472921230187,0.35,0.15437487881012485,8
x_aq_idu_top/x_aq_idu_id_gpr/x_aq_idu_id_gpr_gated_reg_7/wb0_vld_x,0,0.0,0.0,0.0,0.0,,0
x_aq_idu_top/x_aq_idu_id_gpr/x_aq_idu_id_gpr_gated_reg_7/wb1_vld_x,0,0.0,0.0,0.0,0.0,,0
x_aq_idu_top/x_aq_idu_id_gpr/x_aq_idu_id_gpr_gated_reg_7/reg_clk,0,0.0,0.0,0.0,0.0,,0
x_aq_idu_top/x_aq_idu_id_gpr/x_aq_idu_id_gpr_gated_reg_7/reg_clk_en,0,0.0,0.0,0.0,0.0,,0
x_aq_idu_top/x_aq_idu_id_gpr/x_aq_idu_id_gpr_gated_reg_7/write_en,0,0.0,0.0,0.0,0.0,,0
x_aq_idu_top/x_aq_idu_id_gpr/x_aq_idu_id_gpr_gated_reg_7/x_reg_gated_clk/clk_in,0,0.0,0.0,0.0,0.0,,0
x_aq_idu_top/x_aq_idu_id_gpr/x_aq_idu_id_gpr_gated_reg_7/x_reg_gated_clk/global_en,1,0.00023629489603024575,1.8147199999999999,1.5212754939470265,0.0,0.0634561532555035,1
x_aq_idu_top/x_aq_idu_id_gpr/x_aq_idu_id_gpr_gated_reg_7/x_reg_gated_clk/module_en,0,0.0,0.0,0.0,0.0,,0
x_aq_idu_top/x_aq_idu_id_gpr/x_aq_idu_id_gpr_gated_reg_7/x_reg_gated_clk/local_en,0,0.0,0.0,0.0,0.0,,0
x_aq_idu_top/x_aq_idu_id_gpr/x_aq_idu_id_gpr_gated_reg_7/x_reg_gated_clk/external_en,0,0.0,0.0,0.0,0.0,,0
x_aq_idu_top/x_aq_idu_id_gpr/x_aq_idu_id_gpr_gated_reg_7/x_reg_gated_clk/pad_yy_icg_scan_en,0,0.0,0.0,0.0,0.0,,0
x_aq_idu_top/x_aq_idu_id_gpr/x_aq_idu_id_gpr_gated_reg_7/x_reg_gated_clk/clk_out,0,0.0,0.0,0.0,0.0,,0
x_aq_idu_top/x_aq_idu_id_gpr/x_aq_idu_id_gpr_gated_reg_7/x_reg_gated_clk/clk_en_bf_latch,0,0.0,0.0,0.0,0.0,,0
x_aq_idu_top/x_aq_idu_id_gpr/x_aq_idu_id_gpr_gated_reg_7/x_reg_gated_clk/SE,0,0.0,0.0,0.0,0.0,,0
x_aq_idu_top/x_aq_idu_id_gpr/x_aq_idu_id_gpr_gated_reg_8/cp0_idu_icg_en,0,0.0,0.0,0.0,0.0,,0
x_aq_idu_top/x_aq_idu_id_gpr/x_aq_idu_id_gpr_gated_reg_8/cp0_yy_clk_en,1,0.00023629489603024575,1.8147199999999999,1.5212754939470265,0.0,0.0634561532555035,1
x_aq_idu_top/x_aq_idu_id_gpr/x_aq_idu_id_gpr_gated_reg_8/forever_cpuclk,0,0.0,0.0,0.0,0.0,,0
x_aq_idu_top/x_aq_idu_id_gpr/x_aq_idu_id_gpr_gated_reg_8/pad_yy_icg_scan_en,0,0.0,0.0,0.0,0.0,,0
x_aq_idu_top/x_aq_idu_id_gpr/x_aq_idu_id_gpr_gated_reg_8/read_data_y[63:0],0,0.0,0.0,0.0,0.0,,0
x_aq_idu_top/x_aq_idu_id_gpr/x_aq_idu_id_gpr_gated_reg_8/rtu_idu_wb0_data[63:0],163,0.03851606805293006,1.8065214723926377,1.5144026875991996,0.25766871165644173,0.14384962087435527,49
x_aq_idu_top/x_aq_idu_id_gpr/x_aq_idu_id_gpr_gated_reg_8/rtu_idu_wb1_data[63:0],20,0.004725897920604915,1.5840999999999998,1.3279472921230187,0.35,0.15437487881012485,8
x_aq_idu_top/x_aq_idu_id_gpr/x_aq_idu_id_gpr_gated_reg_8/wb0_vld_x,0,0.0,0.0,0.0,0.0,,0
x_aq_idu_top/x_aq_idu_id_gpr/x_aq_idu_id_gpr_gated_reg_8/wb1_vld_x,0,0.0,0.0,0.0,0.0,,0
x_aq_idu_top/x_aq_idu_id_gpr/x_aq_idu_id_gpr_gated_reg_8/reg_clk,0,0.0,0.0,0.0,0.0,,0
x_aq_idu_top/x_aq_idu_id_gpr/x_aq_idu_id_gpr_gated_reg_8/reg_clk_en,0,0.0,0.0,0.0,0.0,,0
x_aq_idu_top/x_aq_idu_id_gpr/x_aq_idu_id_gpr_gated_reg_8/write_en,0,0.0,0.0,0.0,0.0,,0
x_aq_idu_top/x_aq_idu_id_gpr/x_aq_idu_id_gpr_gated_reg_8/x_reg_gated_clk/clk_in,0,0.0,0.0,0.0,0.0,,0
x_aq_idu_top/x_aq_idu_id_gpr/x_aq_idu_id_gpr_gated_reg_8/x_reg_gated_clk/global_en,1,0.00023629489603024575,1.8147199999999999,1.5212754939470265,0.0,0.0634561532555035,1
x_aq_idu_top/x_aq_idu_id_gpr/x_aq_idu_id_gpr_gated_reg_8/x_reg_gated_clk/module_en,0,0.0,0.0,0.0,0.0,,0
x_aq_idu_top/x_aq_idu_id_gpr/x_aq_idu_id_gpr_gated_reg_8/x_reg_gated_clk/local_en,0,0.0,0.0,0.0,0.0,,0
x_aq_idu_top/x_aq_idu_id_gpr/x_aq_idu_id_gpr_gated_reg_8/x_reg_gated_clk/external_en,0,0.0,0.0,0.0,0.0,,0
x_aq_idu_top/x_aq_idu_id_gpr/x_aq_idu_id_gpr_gated_reg_8/x_reg_gated_clk/pad_yy_icg_scan_en,0,0.0,0.0,0.0,0.0,,0
x_aq_idu_top/x_aq_idu_id_gpr/x_aq_idu_id_gpr_gated_reg_8/x_reg_gated_clk/clk_out,0,0.0,0.0,0.0,0.0,,0
x_aq_idu_top/x_aq_idu_id_gpr/x_aq_idu_id_gpr_gated_reg_8/x_reg_gated_clk/clk_en_bf_latch,0,0.0,0.0,0.0,0.0,,0
x_aq_idu_top/x_aq_idu_id_gpr/x_aq_idu_id_gpr_gated_reg_8/x_reg_gated_clk/SE,0,0.0,0.0,0.0,0.0,,0
x_aq_idu_top/x_aq_idu_id_gpr/x_aq_idu_id_gpr_gated_reg_9/cp0_idu_icg_en,0,0.0,0.0,0.0,0.0,,0
x_aq_idu_top/x_aq_idu_id_gpr/x_aq_idu_id_gpr_gated_reg_9/cp0_yy_clk_en,1,0.00023629489603024575,1.8147199999999999,1.5212754939470265,0.0,0.0634561532555035,1
x_aq_idu_top/x_aq_idu_id_gpr/x_aq_idu_id_gpr_gated_reg_9/forever_cpuclk,0,0.0,0.0,0.0,0.0,,0
x_aq_idu_top/x_aq_idu_id_gpr/x_aq_idu_id_gpr_gated_reg_9/pad_yy_icg_scan_en,0,0.0,0.0,0.0,0.0,,0
x_aq_idu_top/x_aq_idu_id_gpr/x_aq_idu_id_gpr_gated_reg_9/read_data_y[63:0],36,0.008506616257088847,1.7009166666666666,1.4258744281465257,0.3333333333333333,0.12908160811684385,13
x_aq_idu_top/x_aq_idu_id_gpr/x_aq_idu_id_gpr_gated_reg_9/rtu_idu_wb0_data[63:0],163,0.03851606805293006,1.8065214723926377,1.5144026875991996,0.25766871165644173,0.14384962087435527,49
x_aq_idu_top/x_aq_idu_id_gpr/x_aq_idu_id_gpr_gated_reg_9/rtu_idu_wb1_data[63:0],20,0.004725897920604915,1.5840999999999998,1.3279472921230187,0.35,0.15437487881012485,8
x_aq_idu_top/x_aq_idu_id_gpr/x_aq_idu_id_gpr_gated_reg_9/wb0_vld_x,0,0.0,0.0,0.0,0.0,,0
x_aq_idu_top/x_aq_idu_id_gpr/x_aq_idu_id_gpr_gated_reg_9/wb1_vld_x,0,0.0,0.0,0.0,0.0,,0
x_aq_idu_top/x_aq_idu_id_gpr/x_aq_idu_id_gpr_gated_reg_9/reg_clk,0,0.0,0.0,0.0,0.0,,0
x_aq_idu_top/x_aq_idu_id_gpr/x_aq_idu_id_gpr_gated_reg_9/reg_clk_en,0,0.0,0.0,0.0,0.0,,0
x_aq_idu_top/x_aq_idu_id_gpr/x_aq_idu_id_gpr_gated_reg_9/write_en,0,0.0,0.0,0.0,0.0,,0
x_aq_idu_top/x_aq_idu_id_gpr/x_aq_idu_id_gpr_gated_reg_9/x_reg_gated_clk/clk_in,0,0.0,0.0,0.0,0.0,,0
x_aq_idu_top/x_aq_idu_id_gpr/x_aq_idu_id_gpr_gated_reg_9/x_reg_gated_clk/global_en,1,0.00023629489603024575,1.8147199999999999,1.5212754939470265,0.0,0.0634561532555035,1
x_aq_idu_top/x_aq_idu_id_gpr/x_aq_idu_id_gpr_gated_reg_9/x_reg_gated_clk/module_en,0,0.0,0.0,0.0,0.0,,0
x_aq_idu_top/x_aq_idu_id_gpr/x_aq_idu_id_gpr_gated_reg_9/x_reg_gated_clk/local_en,0,0.0,0.0,0.0,0.0,,0
x_aq_idu_top/x_aq_idu_id_gpr/x_aq_idu_id_gpr_gated_reg_9/x_reg_gated_clk/external_en,0,0.0,0.0,0.0,0.0,,0
x_aq_idu_top/x_aq_idu_id_gpr/x_aq_idu_id_gpr_gated_reg_9/x_reg_gated_clk/pad_yy_icg_scan_en,0,0.0,0.0,0.0,0.0,,0
x_aq_idu_top/x_aq_idu_id_gpr/x_aq_idu_id_gpr_gated_reg_9/x_reg_gated_clk/clk_out,0,0.0,0.0,0.0,0.0,,0
x_aq_idu_top/x_aq_idu_id_gpr/x_aq_idu_id_gpr_gated_reg_9/x_reg_gated_clk/clk_en_bf_latch,0,0.0,0.0,0.0,0.0,,0
x_aq_idu_top/x_aq_idu_id_gpr/x_aq_idu_id_gpr_gated_reg_9/x_reg_gated_clk/SE,0,0.0,0.0,0.0,0.0,,0
x_aq_idu_top/x_aq_idu_id_gpr/x_aq_idu_id_gpr_gated_reg_10/cp0_idu_icg_en,0,0.0,0.0,0.0,0.0,,0
x_aq_idu_top/x_aq_idu_id_gpr/x_aq_idu_id_gpr_gated_reg_10/cp0_yy_clk_en,1,0.00023629489603024575,1.8147199999999999,1.5212754939470265,0.0,0.0634561532555035,1
x_aq_idu_top/x_aq_idu_id_gpr/x_aq_idu_id_gpr_gated_reg_10/forever_cpuclk,0,0.0,0.0,0.0,0.0,,0
x_aq_idu_top/x_aq_idu_id_gpr/x_aq_idu_id_gpr_gated_reg_10/pad_yy_icg_scan_en,0,0.0,0.0,0.0,0.0,,0
x_aq_idu_top/x_aq_idu_id_gpr/x_aq_idu_id_gpr_gated_reg_10/read_data_y[63:0],40,0.00945179584120983,1.6839,1.4116093966327576,0.175,0.09332061741896731,61
x_aq_idu_top/x_aq_idu_id_gpr/x_aq_idu_id_gpr_gated_reg_10/rtu_idu_wb0_data[63:0],163,0.03851606805293006,1.8065214723926377,1.5144026875991996,0.25766871165644173,0.14384962087435527,49
x_aq_idu_top/x_aq_idu_id_gpr/x_aq_idu_id_gpr_gated_reg_10/rtu_idu_wb1_data[63:0],20,0.004725897920604915,1.5840999999999998,1.3279472921230187,0.35,0.15437487881012485,8
x_aq_idu_top/x_aq_idu_id_gpr/x_aq_idu_id_gpr_gated_reg_10/wb0_vld_x,16,0.003780718336483932,1.9333749999999998,1.6207437004660952,0.25,0.12490625294387307,1
x_aq_idu_top/x_aq_idu_id_gpr/x_aq_idu_id_gpr_gated_reg_10/wb1_vld_x,0,0.0,0.0,0.0,0.0,,0
x_aq_idu_top/x_aq_idu_id_gpr/x_aq_idu_id_gpr_gated_reg_10/reg_clk,0,0.0,0.0,0.0,0.0,,0
x_aq_idu_top/x_aq_idu_id_gpr/x_aq_idu_id_gpr_gated_reg_10/reg_clk_en,16,0.003780718336483932,1.9333749999999998,1.6207437004660952,0.25,0.12490625294387307,1
x_aq_idu_top/x_aq_idu_id_gpr/x_aq_idu_id_gpr_gated_reg_10/write_en,16,0.003780718336483932,1.9333749999999998,1.6207437004660952,0.25,0.12490625294387307,1
x_aq_idu_top/x_aq_idu_id_gpr/x_aq_idu_id_gpr_gated_reg_10/x_reg_gated_clk/clk_in,0,0.0,0.0,0.0,0.0,,0
x_aq_idu_top/x_aq_idu_id_gpr/x_aq_idu_id_gpr_gated_reg_10/x_reg_gated_clk/global_en,1,0.00023629489603024575,1.8147199999999999,1.5212754939470265,0.0,0.0634561532555035,1
x_aq_idu_top/x_aq_idu_id_gpr/x_aq_idu_id_gpr_gated_reg_10/x_reg_gated_clk/module_en,0,0.0,0.0,0.0,0.0,,0
x_aq_idu_top/x_aq_idu_id_gpr/x_aq_idu_id_gpr_gated_reg_10/x_reg_gated_clk/local_en,16,0.003780718336483932,1.9333749999999998,1.6207437004660952,0.25,0.12490625294387307,1
x_aq_idu_top/x_aq_idu_id_gpr/x_aq_idu_id_gpr_gated_reg_10/x_reg_gated_clk/external_en,0,0.0,0.0,0.0,0.0,,0
x_aq_idu_top/x_aq_idu_id_gpr/x_aq_idu_id_gpr_gated_reg_10/x_reg_gated_clk/pad_yy_icg_scan_en,0,0.0,0.0,0.0,0.0,,0
x_aq_idu_top/x_aq_idu_id_gpr/x_aq_idu_id_gpr_gated_reg_10/x_reg_gated_clk/clk_out,0,0.0,0.0,0.0,0.0,,0
x_aq_idu_top/x_aq_idu_id_gpr/x_aq_idu_id_gpr_gated_reg_10/x_reg_gated_clk/clk_en_bf_latch,16,0.003780718336483932,1.9333749999999998,1.6207437004660952,0.25,0.12490625294387307,1
x_aq_idu_top/x_aq_idu_id_gpr/x_aq_idu_id_gpr_gated_reg_10/x_reg_gated_clk/SE,0,0.0,0.0,0.0,0.0,,0
x_aq_idu_top/x_aq_idu_id_gpr/x_aq_idu_id_gpr_gated_reg_11/cp0_idu_icg_en,0,0.0,0.0,0.0,0.0,,0
x_aq_idu_top/x_aq_idu_id_gpr/x_aq_idu_id_gpr_gated_reg_11/cp0_yy_clk_en,1,0.00023629489603024575,1.8147199999999999,1.5212754939470265,0.0,0.0634561532555035,1
x_aq_idu_top/x_aq_idu_id_gpr/x_aq_idu_id_gpr_gated_reg_11/forever_cpuclk,0,0.0,0.0,0.0,0.0,,0
x_aq_idu_top/x_aq_idu_id_gpr/x_aq_idu_id_gpr_gated_reg_11/pad_yy_icg_scan_en,0,0.0,0.0,0.0,0.0,,0
x_aq_idu_top/x_aq_idu_id_gpr/x_aq_idu_id_gpr_gated_reg_11/read_data_y[63:0],9,0.0021266540642722116,1.696222222222222,1.4219390864458616,0.1111111111111111,-0.004897767001282016,9
x_aq_idu_top/x_aq_idu_id_gpr/x_aq_idu_id_gpr_gated_reg_11/rtu_idu_wb0_data[63:0],163,0.03851606805293006,1.8065214723926377,1.5144026875991996,0.25766871165644173,0.14384962087435527,49
x_aq_idu_top/x_aq_idu_id_gpr/x_aq_idu_id_gpr_gated_reg_11/rtu_idu_wb1_data[63:0],20,0.004725897920604915,1.5840999999999998,1.3279472921230187,0.35,0.15437487881012485,8
x_aq_idu_top/x_aq_idu_id_gpr/x_aq_idu_id_gpr_gated_reg_11/wb0_vld_x,2,0.0004725897920604915,2.354,1.9733526454501524,0.0,0.039312500491061685,1
x_aq_idu_top/x_aq_idu_id_gpr/x_aq_idu_id_gpr_gated_reg_11/wb1_vld_x,0,0.0,0.0,0.0,0.0,,0
x_aq_idu_top/x_aq_idu_id_gpr/x_aq_idu_id_gpr_gated_reg_11/reg_clk,0,0.0,0.0,0.0,0.0,,0
x_aq_idu_top/x_aq_idu_id_gpr/x_aq_idu_id_gpr_gated_reg_11/reg_clk_en,2,0.0004725897920604915,2.354,1.9733526454501524,0.0,0.039312500491061685,1
x_aq_idu_top/x_aq_idu_id_gpr/x_aq_idu_id_gpr_gated_reg_11/write_en,2,0.0004725897920604915,2.354,1.9733526454501524,0.0,0.039312500491061685,1
x_aq_idu_top/x_aq_idu_id_gpr/x_aq_idu_id_gpr_gated_reg_11/x_reg_gated_clk/clk_in,0,0.0,0.0,0.0,0.0,,0
x_aq_idu_top/x_aq_idu_id_gpr/x_aq_idu_id_gpr_gated_reg_11/x_reg_gated_clk/global_en,1,0.00023629489603024575,1.8147199999999999,1.5212754939470265,0.0,0.0634561532555035,1
x_aq_idu_top/x_aq_idu_id_gpr/x_aq_idu_id_gpr_gated_reg_11/x_reg_gated_clk/module_en,0,0.0,0.0,0.0,0.0,,0
x_aq_idu_top/x_aq_idu_id_gpr/x_aq_idu_id_gpr_gated_reg_11/x_reg_gated_clk/local_en,2,0.0004725897920604915,2.354,1.9733526454501524,0.0,0.039312500491061685,1
x_aq_idu_top/x_aq_idu_id_gpr/x_aq_idu_id_gpr_gated_reg_11/x_reg_gated_clk/external_en,0,0.0,0.0,0.0,0.0,,0
x_aq_idu_top/x_aq_idu_id_gpr/x_aq_idu_id_gpr_gated_reg_11/x_reg_gated_clk/pad_yy_icg_scan_en,0,0.0,0.0,0.0,0.0,,0
x_aq_idu_top/x_aq_idu_id_gpr/x_aq_idu_id_gpr_gated_reg_11/x_reg_gated_clk/clk_out,0,0.0,0.0,0.0,0.0,,0
x_aq_idu_top/x_aq_idu_id_gpr/x_aq_idu_id_gpr_gated_reg_11/x_reg_gated_clk/clk_en_bf_latch,2,0.0004725897920604915,2.354,1.9733526454501524,0.0,0.039312500491061685,1
x_aq_idu_top/x_aq_idu_id_gpr/x_aq_idu_id_gpr_gated_reg_11/x_reg_gated_clk/SE,0,0.0,0.0,0.0,0.0,,0
x_aq_idu_top/x_aq_idu_id_gpr/x_aq_idu_id_gpr_gated_reg_12/cp0_idu_icg_en,0,0.0,0.0,0.0,0.0,,0
x_aq_idu_top/x_aq_idu_id_gpr/x_aq_idu_id_gpr_gated_reg_12/cp0_yy_clk_en,1,0.00023629489603024575,1.8147199999999999,1.5212754939470265,0.0,0.0634561532555035,1
x_aq_idu_top/x_aq_idu_id_gpr/x_aq_idu_id_gpr_gated_reg_12/forever_cpuclk,0,0.0,0.0,0.0,0.0,,0
x_aq_idu_top/x_aq_idu_id_gpr/x_aq_idu_id_gpr_gated_reg_12/pad_yy_icg_scan_en,0,0.0,0.0,0.0,0.0,,0
x_aq_idu_top/x_aq_idu_id_gpr/x_aq_idu_id_gpr_gated_reg_12/read_data_y[63:0],6,0.0014177693761814746,1.9679999999999993,1.649769756264188,0.6666666666666666,0.0035936152437837762,7
x_aq_idu_top/x_aq_idu_id_gpr/x_aq_idu_id_gpr_gated_reg_12/rtu_idu_wb0_data[63:0],163,0.03851606805293006,1.8065214723926377,1.5144026875991996,0.25766871165644173,0.14384962087435527,49
x_aq_idu_top/x_aq_idu_id_gpr/x_aq_idu_id_gpr_gated_reg_12/rtu_idu_wb1_data[63:0],20,0.004725897920604915,1.5840999999999998,1.3279472921230187,0.35,0.15437487881012485,8
x_aq_idu_top/x_aq_idu_id_gpr/x_aq_idu_id_gpr_gated_reg_12/wb0_vld_x,0,0.0,0.0,0.0,0.0,,0
x_aq_idu_top/x_aq_idu_id_gpr/x_aq_idu_id_gpr_gated_reg_12/wb1_vld_x,0,0.0,0.0,0.0,0.0,,0
x_aq_idu_top/x_aq_idu_id_gpr/x_aq_idu_id_gpr_gated_reg_12/reg_clk,0,0.0,0.0,0.0,0.0,,0
x_aq_idu_top/x_aq_idu_id_gpr/x_aq_idu_id_gpr_gated_reg_12/reg_clk_en,0,0.0,0.0,0.0,0.0,,0
x_aq_idu_top/x_aq_idu_id_gpr/x_aq_idu_id_gpr_gated_reg_12/write_en,0,0.0,0.0,0.0,0.0,,0
x_aq_idu_top/x_aq_idu_id_gpr/x_aq_idu_id_gpr_gated_reg_12/x_reg_gated_clk/clk_in,0,0.0,0.0,0.0,0.0,,0
x_aq_idu_top/x_aq_idu_id_gpr/x_aq_idu_id_gpr_gated_reg_12/x_reg_gated_clk/global_en,1,0.00023629489603024575,1.8147199999999999,1.5212754939470265,0.0,0.0634561532555035,1
x_aq_idu_top/x_aq_idu_id_gpr/x_aq_idu_id_gpr_gated_reg_12/x_reg_gated_clk/module_en,0,0.0,0.0,0.0,0.0,,0
x_aq_idu_top/x_aq_idu_id_gpr/x_aq_idu_id_gpr_gated_reg_12/x_reg_gated_clk/local_en,0,0.0,0.0,0.0,0.0,,0
x_aq_idu_top/x_aq_idu_id_gpr/x_aq_idu_id_gpr_gated_reg_12/x_reg_gated_clk/external_en,0,0.0,0.0,0.0,0.0,,0
x_aq_idu_top/x_aq_idu_id_gpr/x_aq_idu_id_gpr_gated_reg_12/x_reg_gated_clk/pad_yy_icg_scan_en,0,0.0,0.0,0.0,0.0,,0
x_aq_idu_top/x_aq_idu_id_gpr/x_aq_idu_id_gpr_gated_reg_12/x_reg_gated_clk/clk_out,0,0.0,0.0,0.0,0.0,,0
x_aq_idu_top/x_aq_idu_id_gpr/x_aq_idu_id_gpr_gated_reg_12/x_reg_gated_clk/clk_en_bf_latch,0,0.0,0.0,0.0,0.0,,0
x_aq_idu_top/x_aq_idu_id_gpr/x_aq_idu_id_gpr_gated_reg_12/x_reg_gated_clk/SE,0,0.0,0.0,0.0,0.0,,0
x_aq_idu_top/x_aq_idu_id_gpr/x_aq_idu_id_gpr_gated_reg_13/cp0_idu_icg_en,0,0.0,0.0,0.0,0.0,,0
x_aq_idu_top/x_aq_idu_id_gpr/x_aq_idu_id_gpr_gated_reg_13/cp0_yy_clk_en,1,0.00023629489603024575,1.8147199999999999,1.5212754939470265,0.0,0.0634561532555035,1
x_aq_idu_top/x_aq_idu_id_gpr/x_aq_idu_id_gpr_gated_reg_13/forever_cpuclk,0,0.0,0.0,0.0,0.0,,0
x_aq_idu_top/x_aq_idu_id_gpr/x_aq_idu_id_gpr_gated_reg_13/pad_yy_icg_scan_en,0,0.0,0.0,0.0,0.0,,0
x_aq_idu_top/x_aq_idu_id_gpr/x_aq_idu_id_gpr_gated_reg_13/read_data_y[63:0],4,0.000945179584120983,2.6659999999999986,2.2349015092481324,1.0,0.024366664813151934,5
x_aq_idu_top/x_aq_idu_id_gpr/x_aq_idu_id_gpr_gated_reg_13/rtu_idu_wb0_data[63:0],163,0.03851606805293006,1.8065214723926377,1.5144026875991996,0.25766871165644173,0.14384962087435527,49
x_aq_idu_top/x_aq_idu_id_gpr/x_aq_idu_id_gpr_gated_reg_13/rtu_idu_wb1_data[63:0],20,0.004725897920604915,1.5840999999999998,1.3279472921230187,0.35,0.15437487881012485,8
x_aq_idu_top/x_aq_idu_id_gpr/x_aq_idu_id_gpr_gated_reg_13/wb0_vld_x,0,0.0,0.0,0.0,0.0,,0
x_aq_idu_top/x_aq_idu_id_gpr/x_aq_idu_id_gpr_gated_reg_13/wb1_vld_x,0,0.0,0.0,0.0,0.0,,0
x_aq_idu_top/x_aq_idu_id_gpr/x_aq_idu_id_gpr_gated_reg_13/reg_clk,0,0.0,0.0,0.0,0.0,,0
x_aq_idu_top/x_aq_idu_id_gpr/x_aq_idu_id_gpr_gated_reg_13/reg_clk_en,0,0.0,0.0,0.0,0.0,,0
x_aq_idu_top/x_aq_idu_id_gpr/x_aq_idu_id_gpr_gated_reg_13/write_en,0,0.0,0.0,0.0,0.0,,0
x_aq_idu_top/x_aq_idu_id_gpr/x_aq_idu_id_gpr_gated_reg_13/x_reg_gated_clk/clk_in,0,0.0,0.0,0.0,0.0,,0
x_aq_idu_top/x_aq_idu_id_gpr/x_aq_idu_id_gpr_gated_reg_13/x_reg_gated_clk/global_en,1,0.00023629489603024575,1.8147199999999999,1.5212754939470265,0.0,0.0634561532555035,1
x_aq_idu_top/x_aq_idu_id_gpr/x_aq_idu_id_gpr_gated_reg_13/x_reg_gated_clk/module_en,0,0.0,0.0,0.0,0.0,,0
x_aq_idu_top/x_aq_idu_id_gpr/x_aq_idu_id_gpr_gated_reg_13/x_reg_gated_clk/local_en,0,0.0,0.0,0.0,0.0,,0
x_aq_idu_top/x_aq_idu_id_gpr/x_aq_idu_id_gpr_gated_reg_13/x_reg_gated_clk/external_en,0,0.0,0.0,0.0,0.0,,0
x_aq_idu_top/x_aq_idu_id_gpr/x_aq_idu_id_gpr_gated_reg_13/x_reg_gated_clk/pad_yy_icg_scan_en,0,0.0,0.0,0.0,0.0,,0
x_aq_idu_top/x_aq_idu_id_gpr/x_aq_idu_id_gpr_gated_reg_13/x_reg_gated_clk/clk_out,0,0.0,0.0,0.0,0.0,,0
x_aq_idu_top/x_aq_idu_id_gpr/x_aq_idu_id_gpr_gated_reg_13/x_reg_gated_clk/clk_en_bf_latch,0,0.0,0.0,0.0,0.0,,0
x_aq_idu_top/x_aq_idu_id_gpr/x_aq_idu_id_gpr_gated_reg_13/x_reg_gated_clk/SE,0,0.0,0.0,0.0,0.0,,0
x_aq_idu_top/x_aq_idu_id_gpr/x_aq_idu_id_gpr_gated_reg_14/cp0_idu_icg_en,0,0.0,0.0,0.0,0.0,,0
x_aq_idu_top/x_aq_idu_id_gpr/x_aq_idu_id_gpr_gated_reg_14/cp0_yy_clk_en,1,0.00023629489603024575,1.8147199999999999,1.5212754939470265,0.0,0.0634561532555035,1
x_aq_idu_top/x_aq_idu_id_gpr/x_aq_idu_id_gpr_gated_reg_14/forever_cpuclk,0,0.0,0.0,0.0,0.0,,0
x_aq_idu_top/x_aq_idu_id_gpr/x_aq_idu_id_gpr_gated_reg_14/pad_yy_icg_scan_en,0,0.0,0.0,0.0,0.0,,0
x_aq_idu_top/x_aq_idu_id_gpr/x_aq_idu_id_gpr_gated_reg_14/read_data_y[63:0],4,0.000945179584120983,1.8585,1.5579761646427819,0.25,0.04994513693000588,2
x_aq_idu_top/x_aq_idu_id_gpr/x_aq_idu_id_gpr_gated_reg_14/rtu_idu_wb0_data[63:0],163,0.03851606805293006,1.8065214723926377,1.5144026875991996,0.25766871165644173,0.14384962087435527,49
x_aq_idu_top/x_aq_idu_id_gpr/x_aq_idu_id_gpr_gated_reg_14/rtu_idu_wb1_data[63:0],20,0.004725897920604915,1.5840999999999998,1.3279472921230187,0.35,0.15437487881012485,8
x_aq_idu_top/x_aq_idu_id_gpr/x_aq_idu_id_gpr_gated_reg_14/wb0_vld_x,0,0.0,0.0,0.0,0.0,,0
x_aq_idu_top/x_aq_idu_id_gpr/x_aq_idu_id_gpr_gated_reg_14/wb1_vld_x,0,0.0,0.0,0.0,0.0,,0
x_aq_idu_top/x_aq_idu_id_gpr/x_aq_idu_id_gpr_gated_reg_14/reg_clk,0,0.0,0.0,0.0,0.0,,0
x_aq_idu_top/x_aq_idu_id_gpr/x_aq_idu_id_gpr_gated_reg_14/reg_clk_en,0,0.0,0.0,0.0,0.0,,0
x_aq_idu_top/x_aq_idu_id_gpr/x_aq_idu_id_gpr_gated_reg_14/write_en,0,0.0,0.0,0.0,0.0,,0
x_aq_idu_top/x_aq_idu_id_gpr/x_aq_idu_id_gpr_gated_reg_14/x_reg_gated_clk/clk_in,0,0.0,0.0,0.0,0.0,,0
x_aq_idu_top/x_aq_idu_id_gpr/x_aq_idu_id_gpr_gated_reg_14/x_reg_gated_clk/global_en,1,0.00023629489603024575,1.8147199999999999,1.5212754939470265,0.0,0.0634561532555035,1
x_aq_idu_top/x_aq_idu_id_gpr/x_aq_idu_id_gpr_gated_reg_14/x_reg_gated_clk/module_en,0,0.0,0.0,0.0,0.0,,0
x_aq_idu_top/x_aq_idu_id_gpr/x_aq_idu_id_gpr_gated_reg_14/x_reg_gated_clk/local_en,0,0.0,0.0,0.0,0.0,,0
x_aq_idu_top/x_aq_idu_id_gpr/x_aq_idu_id_gpr_gated_reg_14/x_reg_gated_clk/external_en,0,0.0,0.0,0.0,0.0,,0
x_aq_idu_top/x_aq_idu_id_gpr/x_aq_idu_id_gpr_gated_reg_14/x_reg_gated_clk/pad_yy_icg_scan_en,0,0.0,0.0,0.0,0.0,,0
x_aq_idu_top/x_aq_idu_id_gpr/x_aq_idu_id_gpr_gated_reg_14/x_reg_gated_clk/clk_out,0,0.0,0.0,0.0,0.0,,0
x_aq_idu_top/x_aq_idu_id_gpr/x_aq_idu_id_gpr_gated_reg_14/x_reg_gated_clk/clk_en_bf_latch,0,0.0,0.0,0.0,0.0,,0
x_aq_idu_top/x_aq_idu_id_gpr/x_aq_idu_id_gpr_gated_reg_14/x_reg_gated_clk/SE,0,0.0,0.0,0.0,0.0,,0
x_aq_idu_top/x_aq_idu_id_gpr/x_aq_idu_id_gpr_gated_reg_15/cp0_idu_icg_en,0,0.0,0.0,0.0,0.0,,0
x_aq_idu_top/x_aq_idu_id_gpr/x_aq_idu_id_gpr_gated_reg_15/cp0_yy_clk_en,1,0.00023629489603024575,1.8147199999999999,1.5212754939470265,0.0,0.0634561532555035,1
x_aq_idu_top/x_aq_idu_id_gpr/x_aq_idu_id_gpr_gated_reg_15/forever_cpuclk,0,0.0,0.0,0.0,0.0,,0
x_aq_idu_top/x_aq_idu_id_gpr/x_aq_idu_id_gpr_gated_reg_15/pad_yy_icg_scan_en,0,0.0,0.0,0.0,0.0,,0
x_aq_idu_top/x_aq_idu_id_gpr/x_aq_idu_id_gpr_gated_reg_15/read_data_y[63:0],4,0.000945179584120983,0.9507500000000002,0.7970114815895212,0.25,0.045589975878632984,2
x_aq_idu_top/x_aq_idu_id_gpr/x_aq_idu_id_gpr_gated_reg_15/rtu_idu_wb0_data[63:0],163,0.03851606805293006,1.8065214723926377,1.5144026875991996,0.25766871165644173,0.14384962087435527,49
x_aq_idu_top/x_aq_idu_id_gpr/x_aq_idu_id_gpr_gated_reg_15/rtu_idu_wb1_data[63:0],20,0.004725897920604915,1.5840999999999998,1.3279472921230187,0.35,0.15437487881012485,8
x_aq_idu_top/x_aq_idu_id_gpr/x_aq_idu_id_gpr_gated_reg_15/wb0_vld_x,0,0.0,0.0,0.0,0.0,,0
x_aq_idu_top/x_aq_idu_id_gpr/x_aq_idu_id_gpr_gated_reg_15/wb1_vld_x,0,0.0,0.0,0.0,0.0,,0
x_aq_idu_top/x_aq_idu_id_gpr/x_aq_idu_id_gpr_gated_reg_15/reg_clk,0,0.0,0.0,0.0,0.0,,0
x_aq_idu_top/x_aq_idu_id_gpr/x_aq_idu_id_gpr_gated_reg_15/reg_clk_en,0,0.0,0.0,0.0,0.0,,0
x_aq_idu_top/x_aq_idu_id_gpr/x_aq_idu_id_gpr_gated_reg_15/write_en,0,0.0,0.0,0.0,0.0,,0
x_aq_idu_top/x_aq_idu_id_gpr/x_aq_idu_id_gpr_gated_reg_15/x_reg_gated_clk/clk_in,0,0.0,0.0,0.0,0.0,,0
x_aq_idu_top/x_aq_idu_id_gpr/x_aq_idu_id_gpr_gated_reg_15/x_reg_gated_clk/global_en,1,0.00023629489603024575,1.8147199999999999,1.5212754939470265,0.0,0.0634561532555035,1
x_aq_idu_top/x_aq_idu_id_gpr/x_aq_idu_id_gpr_gated_reg_15/x_reg_gated_clk/module_en,0,0.0,0.0,0.0,0.0,,0
x_aq_idu_top/x_aq_idu_id_gpr/x_aq_idu_id_gpr_gated_reg_15/x_reg_gated_clk/local_en,0,0.0,0.0,0.0,0.0,,0
x_aq_idu_top/x_aq_idu_id_gpr/x_aq_idu_id_gpr_gated_reg_15/x_reg_gated_clk/external_en,0,0.0,0.0,0.0,0.0,,0
x_aq_idu_top/x_aq_idu_id_gpr/x_aq_idu_id_gpr_gated_reg_15/x_reg_gated_clk/pad_yy_icg_scan_en,0,0.0,0.0,0.0,0.0,,0
x_aq_idu_top/x_aq_idu_id_gpr/x_aq_idu_id_gpr_gated_reg_15/x_reg_gated_clk/clk_out,0,0.0,0.0,0.0,0.0,,0
x_aq_idu_top/x_aq_idu_id_gpr/x_aq_idu_id_gpr_gated_reg_15/x_reg_gated_clk/clk_en_bf_latch,0,0.0,0.0,0.0,0.0,,0
x_aq_idu_top/x_aq_idu_id_gpr/x_aq_idu_id_gpr_gated_reg_15/x_reg_gated_clk/SE,0,0.0,0.0,0.0,0.0,,0
x_aq_idu_top/x_aq_idu_id_gpr/x_aq_idu_id_gpr_gated_reg_16/cp0_idu_icg_en,0,0.0,0.0,0.0,0.0,,0
x_aq_idu_top/x_aq_idu_id_gpr/x_aq_idu_id_gpr_gated_reg_16/cp0_yy_clk_en,1,0.00023629489603024575,1.8147199999999999,1.5212754939470265,0.0,0.0634561532555035,1
x_aq_idu_top/x_aq_idu_id_gpr/x_aq_idu_id_gpr_gated_reg_16/forever_cpuclk,0,0.0,0.0,0.0,0.0,,0
x_aq_idu_top/x_aq_idu_id_gpr/x_aq_idu_id_gpr_gated_reg_16/pad_yy_icg_scan_en,0,0.0,0.0,0.0,0.0,,0
x_aq_idu_top/x_aq_idu_id_gpr/x_aq_idu_id_gpr_gated_reg_16/read_data_y[63:0],0,0.0,0.0,0.0,0.0,,0
x_aq_idu_top/x_aq_idu_id_gpr/x_aq_idu_id_gpr_gated_reg_16/rtu_idu_wb0_data[63:0],163,0.03851606805293006,1.8065214723926377,1.5144026875991996,0.25766871165644173,0.14384962087435527,49
x_aq_idu_top/x_aq_idu_id_gpr/x_aq_idu_id_gpr_gated_reg_16/rtu_idu_wb1_data[63:0],20,0.004725897920604915,1.5840999999999998,1.3279472921230187,0.35,0.15437487881012485,8
x_aq_idu_top/x_aq_idu_id_gpr/x_aq_idu_id_gpr_gated_reg_16/wb0_vld_x,0,0.0,0.0,0.0,0.0,,0
x_aq_idu_top/x_aq_idu_id_gpr/x_aq_idu_id_gpr_gated_reg_16/wb1_vld_x,0,0.0,0.0,0.0,0.0,,0
x_aq_idu_top/x_aq_idu_id_gpr/x_aq_idu_id_gpr_gated_reg_16/reg_clk,0,0.0,0.0,0.0,0.0,,0
x_aq_idu_top/x_aq_idu_id_gpr/x_aq_idu_id_gpr_gated_reg_16/reg_clk_en,0,0.0,0.0,0.0,0.0,,0
x_aq_idu_top/x_aq_idu_id_gpr/x_aq_idu_id_gpr_gated_reg_16/write_en,0,0.0,0.0,0.0,0.0,,0
x_aq_idu_top/x_aq_idu_id_gpr/x_aq_idu_id_gpr_gated_reg_16/x_reg_gated_clk/clk_in,0,0.0,0.0,0.0,0.0,,0
x_aq_idu_top/x_aq_idu_id_gpr/x_aq_idu_id_gpr_gated_reg_16/x_reg_gated_clk/global_en,1,0.00023629489603024575,1.8147199999999999,1.5212754939470265,0.0,0.0634561532555035,1
x_aq_idu_top/x_aq_idu_id_gpr/x_aq_idu_id_gpr_gated_reg_16/x_reg_gated_clk/module_en,0,0.0,0.0,0.0,0.0,,0
x_aq_idu_top/x_aq_idu_id_gpr/x_aq_idu_id_gpr_gated_reg_16/x_reg_gated_clk/local_en,0,0.0,0.0,0.0,0.0,,0
x_aq_idu_top/x_aq_idu_id_gpr/x_aq_idu_id_gpr_gated_reg_16/x_reg_gated_clk/external_en,0,0.0,0.0,0.0,0.0,,0
x_aq_idu_top/x_aq_idu_id_gpr/x_aq_idu_id_gpr_gated_reg_16/x_reg_gated_clk/pad_yy_icg_scan_en,0,0.0,0.0,0.0,0.0,,0
x_aq_idu_top/x_aq_idu_id_gpr/x_aq_idu_id_gpr_gated_reg_16/x_reg_gated_clk/clk_out,0,0.0,0.0,0.0,0.0,,0
x_aq_idu_top/x_aq_idu_id_gpr/x_aq_idu_id_gpr_gated_reg_16/x_reg_gated_clk/clk_en_bf_latch,0,0.0,0.0,0.0,0.0,,0
x_aq_idu_top/x_aq_idu_id_gpr/x_aq_idu_id_gpr_gated_reg_16/x_reg_gated_clk/SE,0,0.0,0.0,0.0,0.0,,0
x_aq_idu_top/x_aq_idu_id_gpr/x_aq_idu_id_gpr_gated_reg_17/cp0_idu_icg_en,0,0.0,0.0,0.0,0.0,,0
x_aq_idu_top/x_aq_idu_id_gpr/x_aq_idu_id_gpr_gated_reg_17/cp0_yy_clk_en,1,0.00023629489603024575,1.8147199999999999,1.5212754939470265,0.0,0.0634561532555035,1
x_aq_idu_top/x_aq_idu_id_gpr/x_aq_idu_id_gpr_gated_reg_17/forever_cpuclk,0,0.0,0.0,0.0,0.0,,0
x_aq_idu_top/x_aq_idu_id_gpr/x_aq_idu_id_gpr_gated_reg_17/pad_yy_icg_scan_en,0,0.0,0.0,0.0,0.0,,0
x_aq_idu_top/x_aq_idu_id_gpr/x_aq_idu_id_gpr_gated_reg_17/read_data_y[63:0],0,0.0,0.0,0.0,0.0,,0
x_aq_idu_top/x_aq_idu_id_gpr/x_aq_idu_id_gpr_gated_reg_17/rtu_idu_wb0_data[63:0],163,0.03851606805293006,1.8065214723926377,1.5144026875991996,0.25766871165644173,0.14384962087435527,49
x_aq_idu_top/x_aq_idu_id_gpr/x_aq_idu_id_gpr_gated_reg_17/rtu_idu_wb1_data[63:0],20,0.004725897920604915,1.5840999999999998,1.3279472921230187,0.35,0.15437487881012485,8
x_aq_idu_top/x_aq_idu_id_gpr/x_aq_idu_id_gpr_gated_reg_17/wb0_vld_x,0,0.0,0.0,0.0,0.0,,0
x_aq_idu_top/x_aq_idu_id_gpr/x_aq_idu_id_gpr_gated_reg_17/wb1_vld_x,0,0.0,0.0,0.0,0.0,,0
x_aq_idu_top/x_aq_idu_id_gpr/x_aq_idu_id_gpr_gated_reg_17/reg_clk,0,0.0,0.0,0.0,0.0,,0
x_aq_idu_top/x_aq_idu_id_gpr/x_aq_idu_id_gpr_gated_reg_17/reg_clk_en,0,0.0,0.0,0.0,0.0,,0
x_aq_idu_top/x_aq_idu_id_gpr/x_aq_idu_id_gpr_gated_reg_17/write_en,0,0.0,0.0,0.0,0.0,,0
x_aq_idu_top/x_aq_idu_id_gpr/x_aq_idu_id_gpr_gated_reg_17/x_reg_gated_clk/clk_in,0,0.0,0.0,0.0,0.0,,0
x_aq_idu_top/x_aq_idu_id_gpr/x_aq_idu_id_gpr_gated_reg_17/x_reg_gated_clk/global_en,1,0.00023629489603024575,1.8147199999999999,1.5212754939470265,0.0,0.0634561532555035,1
x_aq_idu_top/x_aq_idu_id_gpr/x_aq_idu_id_gpr_gated_reg_17/x_reg_gated_clk/module_en,0,0.0,0.0,0.0,0.0,,0
x_aq_idu_top/x_aq_idu_id_gpr/x_aq_idu_id_gpr_gated_reg_17/x_reg_gated_clk/local_en,0,0.0,0.0,0.0,0.0,,0
x_aq_idu_top/x_aq_idu_id_gpr/x_aq_idu_id_gpr_gated_reg_17/x_reg_gated_clk/external_en,0,0.0,0.0,0.0,0.0,,0
x_aq_idu_top/x_aq_idu_id_gpr/x_aq_idu_id_gpr_gated_reg_17/x_reg_gated_clk/pad_yy_icg_scan_en,0,0.0,0.0,0.0,0.0,,0
x_aq_idu_top/x_aq_idu_id_gpr/x_aq_idu_id_gpr_gated_reg_17/x_reg_gated_clk/clk_out,0,0.0,0.0,0.0,0.0,,0
x_aq_idu_top/x_aq_idu_id_gpr/x_aq_idu_id_gpr_gated_reg_17/x_reg_gated_clk/clk_en_bf_latch,0,0.0,0.0,0.0,0.0,,0
x_aq_idu_top/x_aq_idu_id_gpr/x_aq_idu_id_gpr_gated_reg_17/x_reg_gated_clk/SE,0,0.0,0.0,0.0,0.0,,0
x_aq_idu_top/x_aq_idu_id_gpr/x_aq_idu_id_gpr_gated_reg_18/cp0_idu_icg_en,0,0.0,0.0,0.0,0.0,,0
x_aq_idu_top/x_aq_idu_id_gpr/x_aq_idu_id_gpr_gated_reg_18/cp0_yy_clk_en,1,0.00023629489603024575,1.8147199999999999,1.5212754939470265,0.0,0.0634561532555035,1
x_aq_idu_top/x_aq_idu_id_gpr/x_aq_idu_id_gpr_gated_reg_18/forever_cpuclk,0,0.0,0.0,0.0,0.0,,0
x_aq_idu_top/x_aq_idu_id_gpr/x_aq_idu_id_gpr_gated_reg_18/pad_yy_icg_scan_en,0,0.0,0.0,0.0,0.0,,0
x_aq_idu_top/x_aq_idu_id_gpr/x_aq_idu_id_gpr_gated_reg_18/read_data_y[63:0],0,0.0,0.0,0.0,0.0,,0
x_aq_idu_top/x_aq_idu_id_gpr/x_aq_idu_id_gpr_gated_reg_18/rtu_idu_wb0_data[63:0],163,0.03851606805293006,1.8065214723926377,1.5144026875991996,0.25766871165644173,0.14384962087435527,49
x_aq_idu_top/x_aq_idu_id_gpr/x_aq_idu_id_gpr_gated_reg_18/rtu_idu_wb1_data[63:0],20,0.004725897920604915,1.5840999999999998,1.3279472921230187,0.35,0.15437487881012485,8
x_aq_idu_top/x_aq_idu_id_gpr/x_aq_idu_id_gpr_gated_reg_18/wb0_vld_x,0,0.0,0.0,0.0,0.0,,0
x_aq_idu_top/x_aq_idu_id_gpr/x_aq_idu_id_gpr_gated_reg_18/wb1_vld_x,0,0.0,0.0,0.0,0.0,,0
x_aq_idu_top/x_aq_idu_id_gpr/x_aq_idu_id_gpr_gated_reg_18/reg_clk,0,0.0,0.0,0.0,0.0,,0
x_aq_idu_top/x_aq_idu_id_gpr/x_aq_idu_id_gpr_gated_reg_18/reg_clk_en,0,0.0,0.0,0.0,0.0,,0
x_aq_idu_top/x_aq_idu_id_gpr/x_aq_idu_id_gpr_gated_reg_18/write_en,0,0.0,0.0,0.0,0.0,,0
x_aq_idu_top/x_aq_idu_id_gpr/x_aq_idu_id_gpr_gated_reg_18/x_reg_gated_clk/clk_in,0,0.0,0.0,0.0,0.0,,0
x_aq_idu_top/x_aq_idu_id_gpr/x_aq_idu_id_gpr_gated_reg_18/x_reg_gated_clk/global_en,1,0.00023629489603024575,1.8147199999999999,1.5212754939470265,0.0,0.0634561532555035,1
x_aq_idu_top/x_aq_idu_id_gpr/x_aq_idu_id_gpr_gated_reg_18/x_reg_gated_clk/module_en,0,0.0,0.0,0.0,0.0,,0
x_aq_idu_top/x_aq_idu_id_gpr/x_aq_idu_id_gpr_gated_reg_18/x_reg_gated_clk/local_en,0,0.0,0.0,0.0,0.0,,0
x_aq_idu_top/x_aq_idu_id_gpr/x_aq_idu_id_gpr_gated_reg_18/x_reg_gated_clk/external_en,0,0.0,0.0,0.0,0.0,,0
x_aq_idu_top/x_aq_idu_id_gpr/x_aq_idu_id_gpr_gated_reg_18/x_reg_gated_clk/pad_yy_icg_scan_en,0,0.0,0.0,0.0,0.0,,0
x_aq_idu_top/x_aq_idu_id_gpr/x_aq_idu_id_gpr_gated_reg_18/x_reg_gated_clk/clk_out,0,0.0,0.0,0.0,0.0,,0
x_aq_idu_top/x_aq_idu_id_gpr/x_aq_idu_id_gpr_gated_reg_18/x_reg_gated_clk/clk_en_bf_latch,0,0.0,0.0,0.0,0.0,,0
x_aq_idu_top/x_aq_idu_id_gpr/x_aq_idu_id_gpr_gated_reg_18/x_reg_gated_clk/SE,0,0.0,0.0,0.0,0.0,,0
x_aq_idu_top/x_aq_idu_id_gpr/x_aq_idu_id_gpr_gated_reg_19/cp0_idu_icg_en,0,0.0,0.0,0.0,0.0,,0
x_aq_idu_top/x_aq_idu_id_gpr/x_aq_idu_id_gpr_gated_reg_19/cp0_yy_clk_en,1,0.00023629489603024575,1.8147199999999999,1.5212754939470265,0.0,0.0634561532555035,1
x_aq_idu_top/x_aq_idu_id_gpr/x_aq_idu_id_gpr_gated_reg_19/forever_cpuclk,0,0.0,0.0,0.0,0.0,,0
x_aq_idu_top/x_aq_idu_id_gpr/x_aq_idu_id_gpr_gated_reg_19/pad_yy_icg_scan_en,0,0.0,0.0,0.0,0.0,,0
x_aq_idu_top/x_aq_idu_id_gpr/x_aq_idu_id_gpr_gated_reg_19/read_data_y[63:0],0,0.0,0.0,0.0,0.0,,0
x_aq_idu_top/x_aq_idu_id_gpr/x_aq_idu_id_gpr_gated_reg_19/rtu_idu_wb0_data[63:0],163,0.03851606805293006,1.8065214723926377,1.5144026875991996,0.25766871165644173,0.14384962087435527,49
x_aq_idu_top/x_aq_idu_id_gpr/x_aq_idu_id_gpr_gated_reg_19/rtu_idu_wb1_data[63:0],20,0.004725897920604915,1.5840999999999998,1.3279472921230187,0.35,0.15437487881012485,8
x_aq_idu_top/x_aq_idu_id_gpr/x_aq_idu_id_gpr_gated_reg_19/wb0_vld_x,0,0.0,0.0,0.0,0.0,,0
x_aq_idu_top/x_aq_idu_id_gpr/x_aq_idu_id_gpr_gated_reg_19/wb1_vld_x,0,0.0,0.0,0.0,0.0,,0
x_aq_idu_top/x_aq_idu_id_gpr/x_aq_idu_id_gpr_gated_reg_19/reg_clk,0,0.0,0.0,0.0,0.0,,0
x_aq_idu_top/x_aq_idu_id_gpr/x_aq_idu_id_gpr_gated_reg_19/reg_clk_en,0,0.0,0.0,0.0,0.0,,0
x_aq_idu_top/x_aq_idu_id_gpr/x_aq_idu_id_gpr_gated_reg_19/write_en,0,0.0,0.0,0.0,0.0,,0
x_aq_idu_top/x_aq_idu_id_gpr/x_aq_idu_id_gpr_gated_reg_19/x_reg_gated_clk/clk_in,0,0.0,0.0,0.0,0.0,,0
x_aq_idu_top/x_aq_idu_id_gpr/x_aq_idu_id_gpr_gated_reg_19/x_reg_gated_clk/global_en,1,0.00023629489603024575,1.8147199999999999,1.5212754939470265,0.0,0.0634561532555035,1
x_aq_idu_top/x_aq_idu_id_gpr/x_aq_idu_id_gpr_gated_reg_19/x_reg_gated_clk/module_en,0,0.0,0.0,0.0,0.0,,0
x_aq_idu_top/x_aq_idu_id_gpr/x_aq_idu_id_gpr_gated_reg_19/x_reg_gated_clk/local_en,0,0.0,0.0,0.0,0.0,,0
x_aq_idu_top/x_aq_idu_id_gpr/x_aq_idu_id_gpr_gated_reg_19/x_reg_gated_clk/external_en,0,0.0,0.0,0.0,0.0,,0
x_aq_idu_top/x_aq_idu_id_gpr/x_aq_idu_id_gpr_gated_reg_19/x_reg_gated_clk/pad_yy_icg_scan_en,0,0.0,0.0,0.0,0.0,,0
x_aq_idu_top/x_aq_idu_id_gpr/x_aq_idu_id_gpr_gated_reg_19/x_reg_gated_clk/clk_out,0,0.0,0.0,0.0,0.0,,0
x_aq_idu_top/x_aq_idu_id_gpr/x_aq_idu_id_gpr_gated_reg_19/x_reg_gated_clk/clk_en_bf_latch,0,0.0,0.0,0.0,0.0,,0
x_aq_idu_top/x_aq_idu_id_gpr/x_aq_idu_id_gpr_gated_reg_19/x_reg_gated_clk/SE,0,0.0,0.0,0.0,0.0,,0
x_aq_idu_top/x_aq_idu_id_gpr/x_aq_idu_id_gpr_gated_reg_20/cp0_idu_icg_en,0,0.0,0.0,0.0,0.0,,0
x_aq_idu_top/x_aq_idu_id_gpr/x_aq_idu_id_gpr_gated_reg_20/cp0_yy_clk_en,1,0.00023629489603024575,1.8147199999999999,1.5212754939470265,0.0,0.0634561532555035,1
x_aq_idu_top/x_aq_idu_id_gpr/x_aq_idu_id_gpr_gated_reg_20/forever_cpuclk,0,0.0,0.0,0.0,0.0,,0
x_aq_idu_top/x_aq_idu_id_gpr/x_aq_idu_id_gpr_gated_reg_20/pad_yy_icg_scan_en,0,0.0,0.0,0.0,0.0,,0
x_aq_idu_top/x_aq_idu_id_gpr/x_aq_idu_id_gpr_gated_reg_20/read_data_y[63:0],0,0.0,0.0,0.0,0.0,,0
x_aq_idu_top/x_aq_idu_id_gpr/x_aq_idu_id_gpr_gated_reg_20/rtu_idu_wb0_data[63:0],163,0.03851606805293006,1.8065214723926377,1.5144026875991996,0.25766871165644173,0.14384962087435527,49
x_aq_idu_top/x_aq_idu_id_gpr/x_aq_idu_id_gpr_gated_reg_20/rtu_idu_wb1_data[63:0],20,0.004725897920604915,1.5840999999999998,1.3279472921230187,0.35,0.15437487881012485,8
x_aq_idu_top/x_aq_idu_id_gpr/x_aq_idu_id_gpr_gated_reg_20/wb0_vld_x,0,0.0,0.0,0.0,0.0,,0
x_aq_idu_top/x_aq_idu_id_gpr/x_aq_idu_id_gpr_gated_reg_20/wb1_vld_x,0,0.0,0.0,0.0,0.0,,0
x_aq_idu_top/x_aq_idu_id_gpr/x_aq_idu_id_gpr_gated_reg_20/reg_clk,0,0.0,0.0,0.0,0.0,,0
x_aq_idu_top/x_aq_idu_id_gpr/x_aq_idu_id_gpr_gated_reg_20/reg_clk_en,0,0.0,0.0,0.0,0.0,,0
x_aq_idu_top/x_aq_idu_id_gpr/x_aq_idu_id_gpr_gated_reg_20/write_en,0,0.0,0.0,0.0,0.0,,0
x_aq_idu_top/x_aq_idu_id_gpr/x_aq_idu_id_gpr_gated_reg_20/x_reg_gated_clk/clk_in,0,0.0,0.0,0.0,0.0,,0
x_aq_idu_top/x_aq_idu_id_gpr/x_aq_idu_id_gpr_gated_reg_20/x_reg_gated_clk/global_en,1,0.00023629489603024575,1.8147199999999999,1.5212754939470265,0.0,0.0634561532555035,1
x_aq_idu_top/x_aq_idu_id_gpr/x_aq_idu_id_gpr_gated_reg_20/x_reg_gated_clk/module_en,0,0.0,0.0,0.0,0.0,,0
x_aq_idu_top/x_aq_idu_id_gpr/x_aq_idu_id_gpr_gated_reg_20/x_reg_gated_clk/local_en,0,0.0,0.0,0.0,0.0,,0
x_aq_idu_top/x_aq_idu_id_gpr/x_aq_idu_id_gpr_gated_reg_20/x_reg_gated_clk/external_en,0,0.0,0.0,0.0,0.0,,0
x_aq_idu_top/x_aq_idu_id_gpr/x_aq_idu_id_gpr_gated_reg_20/x_reg_gated_clk/pad_yy_icg_scan_en,0,0.0,0.0,0.0,0.0,,0
x_aq_idu_top/x_aq_idu_id_gpr/x_aq_idu_id_gpr_gated_reg_20/x_reg_gated_clk/clk_out,0,0.0,0.0,0.0,0.0,,0
x_aq_idu_top/x_aq_idu_id_gpr/x_aq_idu_id_gpr_gated_reg_20/x_reg_gated_clk/clk_en_bf_latch,0,0.0,0.0,0.0,0.0,,0
x_aq_idu_top/x_aq_idu_id_gpr/x_aq_idu_id_gpr_gated_reg_20/x_reg_gated_clk/SE,0,0.0,0.0,0.0,0.0,,0
x_aq_idu_top/x_aq_idu_id_gpr/x_aq_idu_id_gpr_gated_reg_21/cp0_idu_icg_en,0,0.0,0.0,0.0,0.0,,0
x_aq_idu_top/x_aq_idu_id_gpr/x_aq_idu_id_gpr_gated_reg_21/cp0_yy_clk_en,1,0.00023629489603024575,1.8147199999999999,1.5212754939470265,0.0,0.0634561532555035,1
x_aq_idu_top/x_aq_idu_id_gpr/x_aq_idu_id_gpr_gated_reg_21/forever_cpuclk,0,0.0,0.0,0.0,0.0,,0
x_aq_idu_top/x_aq_idu_id_gpr/x_aq_idu_id_gpr_gated_reg_21/pad_yy_icg_scan_en,0,0.0,0.0,0.0,0.0,,0
x_aq_idu_top/x_aq_idu_id_gpr/x_aq_idu_id_gpr_gated_reg_21/read_data_y[63:0],0,0.0,0.0,0.0,0.0,,0
x_aq_idu_top/x_aq_idu_id_gpr/x_aq_idu_id_gpr_gated_reg_21/rtu_idu_wb0_data[63:0],163,0.03851606805293006,1.8065214723926377,1.5144026875991996,0.25766871165644173,0.14384962087435527,49
x_aq_idu_top/x_aq_idu_id_gpr/x_aq_idu_id_gpr_gated_reg_21/rtu_idu_wb1_data[63:0],20,0.004725897920604915,1.5840999999999998,1.3279472921230187,0.35,0.15437487881012485,8
x_aq_idu_top/x_aq_idu_id_gpr/x_aq_idu_id_gpr_gated_reg_21/wb0_vld_x,0,0.0,0.0,0.0,0.0,,0
x_aq_idu_top/x_aq_idu_id_gpr/x_aq_idu_id_gpr_gated_reg_21/wb1_vld_x,0,0.0,0.0,0.0,0.0,,0
x_aq_idu_top/x_aq_idu_id_gpr/x_aq_idu_id_gpr_gated_reg_21/reg_clk,0,0.0,0.0,0.0,0.0,,0
x_aq_idu_top/x_aq_idu_id_gpr/x_aq_idu_id_gpr_gated_reg_21/reg_clk_en,0,0.0,0.0,0.0,0.0,,0
x_aq_idu_top/x_aq_idu_id_gpr/x_aq_idu_id_gpr_gated_reg_21/write_en,0,0.0,0.0,0.0,0.0,,0
x_aq_idu_top/x_aq_idu_id_gpr/x_aq_idu_id_gpr_gated_reg_21/x_reg_gated_clk/clk_in,0,0.0,0.0,0.0,0.0,,0
x_aq_idu_top/x_aq_idu_id_gpr/x_aq_idu_id_gpr_gated_reg_21/x_reg_gated_clk/global_en,1,0.00023629489603024575,1.8147199999999999,1.5212754939470265,0.0,0.0634561532555035,1
x_aq_idu_top/x_aq_idu_id_gpr/x_aq_idu_id_gpr_gated_reg_21/x_reg_gated_clk/module_en,0,0.0,0.0,0.0,0.0,,0
x_aq_idu_top/x_aq_idu_id_gpr/x_aq_idu_id_gpr_gated_reg_21/x_reg_gated_clk/local_en,0,0.0,0.0,0.0,0.0,,0
x_aq_idu_top/x_aq_idu_id_gpr/x_aq_idu_id_gpr_gated_reg_21/x_reg_gated_clk/external_en,0,0.0,0.0,0.0,0.0,,0
x_aq_idu_top/x_aq_idu_id_gpr/x_aq_idu_id_gpr_gated_reg_21/x_reg_gated_clk/pad_yy_icg_scan_en,0,0.0,0.0,0.0,0.0,,0
x_aq_idu_top/x_aq_idu_id_gpr/x_aq_idu_id_gpr_gated_reg_21/x_reg_gated_clk/clk_out,0,0.0,0.0,0.0,0.0,,0
x_aq_idu_top/x_aq_idu_id_gpr/x_aq_idu_id_gpr_gated_reg_21/x_reg_gated_clk/clk_en_bf_latch,0,0.0,0.0,0.0,0.0,,0
x_aq_idu_top/x_aq_idu_id_gpr/x_aq_idu_id_gpr_gated_reg_21/x_reg_gated_clk/SE,0,0.0,0.0,0.0,0.0,,0
x_aq_idu_top/x_aq_idu_id_gpr/x_aq_idu_id_gpr_gated_reg_22/cp0_idu_icg_en,0,0.0,0.0,0.0,0.0,,0
x_aq_idu_top/x_aq_idu_id_gpr/x_aq_idu_id_gpr_gated_reg_22/cp0_yy_clk_en,1,0.00023629489603024575,1.8147199999999999,1.5212754939470265,0.0,0.0634561532555035,1
x_aq_idu_top/x_aq_idu_id_gpr/x_aq_idu_id_gpr_gated_reg_22/forever_cpuclk,0,0.0,0.0,0.0,0.0,,0
x_aq_idu_top/x_aq_idu_id_gpr/x_aq_idu_id_gpr_gated_reg_22/pad_yy_icg_scan_en,0,0.0,0.0,0.0,0.0,,0
x_aq_idu_top/x_aq_idu_id_gpr/x_aq_idu_id_gpr_gated_reg_22/read_data_y[63:0],0,0.0,0.0,0.0,0.0,,0
x_aq_idu_top/x_aq_idu_id_gpr/x_aq_idu_id_gpr_gated_reg_22/rtu_idu_wb0_data[63:0],163,0.03851606805293006,1.8065214723926377,1.5144026875991996,0.25766871165644173,0.14384962087435527,49
x_aq_idu_top/x_aq_idu_id_gpr/x_aq_idu_id_gpr_gated_reg_22/rtu_idu_wb1_data[63:0],20,0.004725897920604915,1.5840999999999998,1.3279472921230187,0.35,0.15437487881012485,8
x_aq_idu_top/x_aq_idu_id_gpr/x_aq_idu_id_gpr_gated_reg_22/wb0_vld_x,0,0.0,0.0,0.0,0.0,,0
x_aq_idu_top/x_aq_idu_id_gpr/x_aq_idu_id_gpr_gated_reg_22/wb1_vld_x,0,0.0,0.0,0.0,0.0,,0
x_aq_idu_top/x_aq_idu_id_gpr/x_aq_idu_id_gpr_gated_reg_22/reg_clk,0,0.0,0.0,0.0,0.0,,0
x_aq_idu_top/x_aq_idu_id_gpr/x_aq_idu_id_gpr_gated_reg_22/reg_clk_en,0,0.0,0.0,0.0,0.0,,0
x_aq_idu_top/x_aq_idu_id_gpr/x_aq_idu_id_gpr_gated_reg_22/write_en,0,0.0,0.0,0.0,0.0,,0
x_aq_idu_top/x_aq_idu_id_gpr/x_aq_idu_id_gpr_gated_reg_22/x_reg_gated_clk/clk_in,0,0.0,0.0,0.0,0.0,,0
x_aq_idu_top/x_aq_idu_id_gpr/x_aq_idu_id_gpr_gated_reg_22/x_reg_gated_clk/global_en,1,0.00023629489603024575,1.8147199999999999,1.5212754939470265,0.0,0.0634561532555035,1
x_aq_idu_top/x_aq_idu_id_gpr/x_aq_idu_id_gpr_gated_reg_22/x_reg_gated_clk/module_en,0,0.0,0.0,0.0,0.0,,0
x_aq_idu_top/x_aq_idu_id_gpr/x_aq_idu_id_gpr_gated_reg_22/x_reg_gated_clk/local_en,0,0.0,0.0,0.0,0.0,,0
x_aq_idu_top/x_aq_idu_id_gpr/x_aq_idu_id_gpr_gated_reg_22/x_reg_gated_clk/external_en,0,0.0,0.0,0.0,0.0,,0
x_aq_idu_top/x_aq_idu_id_gpr/x_aq_idu_id_gpr_gated_reg_22/x_reg_gated_clk/pad_yy_icg_scan_en,0,0.0,0.0,0.0,0.0,,0
x_aq_idu_top/x_aq_idu_id_gpr/x_aq_idu_id_gpr_gated_reg_22/x_reg_gated_clk/clk_out,0,0.0,0.0,0.0,0.0,,0
x_aq_idu_top/x_aq_idu_id_gpr/x_aq_idu_id_gpr_gated_reg_22/x_reg_gated_clk/clk_en_bf_latch,0,0.0,0.0,0.0,0.0,,0
x_aq_idu_top/x_aq_idu_id_gpr/x_aq_idu_id_gpr_gated_reg_22/x_reg_gated_clk/SE,0,0.0,0.0,0.0,0.0,,0
x_aq_idu_top/x_aq_idu_id_gpr/x_aq_idu_id_gpr_gated_reg_23/cp0_idu_icg_en,0,0.0,0.0,0.0,0.0,,0
x_aq_idu_top/x_aq_idu_id_gpr/x_aq_idu_id_gpr_gated_reg_23/cp0_yy_clk_en,1,0.00023629489603024575,1.8147199999999999,1.5212754939470265,0.0,0.0634561532555035,1
x_aq_idu_top/x_aq_idu_id_gpr/x_aq_idu_id_gpr_gated_reg_23/forever_cpuclk,0,0.0,0.0,0.0,0.0,,0
x_aq_idu_top/x_aq_idu_id_gpr/x_aq_idu_id_gpr_gated_reg_23/pad_yy_icg_scan_en,0,0.0,0.0,0.0,0.0,,0
x_aq_idu_top/x_aq_idu_id_gpr/x_aq_idu_id_gpr_gated_reg_23/read_data_y[63:0],0,0.0,0.0,0.0,0.0,,0
x_aq_idu_top/x_aq_idu_id_gpr/x_aq_idu_id_gpr_gated_reg_23/rtu_idu_wb0_data[63:0],163,0.03851606805293006,1.8065214723926377,1.5144026875991996,0.25766871165644173,0.14384962087435527,49
x_aq_idu_top/x_aq_idu_id_gpr/x_aq_idu_id_gpr_gated_reg_23/rtu_idu_wb1_data[63:0],20,0.004725897920604915,1.5840999999999998,1.3279472921230187,0.35,0.15437487881012485,8
x_aq_idu_top/x_aq_idu_id_gpr/x_aq_idu_id_gpr_gated_reg_23/wb0_vld_x,0,0.0,0.0,0.0,0.0,,0
x_aq_idu_top/x_aq_idu_id_gpr/x_aq_idu_id_gpr_gated_reg_23/wb1_vld_x,0,0.0,0.0,0.0,0.0,,0
x_aq_idu_top/x_aq_idu_id_gpr/x_aq_idu_id_gpr_gated_reg_23/reg_clk,0,0.0,0.0,0.0,0.0,,0
x_aq_idu_top/x_aq_idu_id_gpr/x_aq_idu_id_gpr_gated_reg_23/reg_clk_en,0,0.0,0.0,0.0,0.0,,0
x_aq_idu_top/x_aq_idu_id_gpr/x_aq_idu_id_gpr_gated_reg_23/write_en,0,0.0,0.0,0.0,0.0,,0
x_aq_idu_top/x_aq_idu_id_gpr/x_aq_idu_id_gpr_gated_reg_23/x_reg_gated_clk/clk_in,0,0.0,0.0,0.0,0.0,,0
x_aq_idu_top/x_aq_idu_id_gpr/x_aq_idu_id_gpr_gated_reg_23/x_reg_gated_clk/global_en,1,0.00023629489603024575,1.8147199999999999,1.5212754939470265,0.0,0.0634561532555035,1
x_aq_idu_top/x_aq_idu_id_gpr/x_aq_idu_id_gpr_gated_reg_23/x_reg_gated_clk/module_en,0,0.0,0.0,0.0,0.0,,0
x_aq_idu_top/x_aq_idu_id_gpr/x_aq_idu_id_gpr_gated_reg_23/x_reg_gated_clk/local_en,0,0.0,0.0,0.0,0.0,,0
x_aq_idu_top/x_aq_idu_id_gpr/x_aq_idu_id_gpr_gated_reg_23/x_reg_gated_clk/external_en,0,0.0,0.0,0.0,0.0,,0
x_aq_idu_top/x_aq_idu_id_gpr/x_aq_idu_id_gpr_gated_reg_23/x_reg_gated_clk/pad_yy_icg_scan_en,0,0.0,0.0,0.0,0.0,,0
x_aq_idu_top/x_aq_idu_id_gpr/x_aq_idu_id_gpr_gated_reg_23/x_reg_gated_clk/clk_out,0,0.0,0.0,0.0,0.0,,0
x_aq_idu_top/x_aq_idu_id_gpr/x_aq_idu_id_gpr_gated_reg_23/x_reg_gated_clk/clk_en_bf_latch,0,0.0,0.0,0.0,0.0,,0
x_aq_idu_top/x_aq_idu_id_gpr/x_aq_idu_id_gpr_gated_reg_23/x_reg_gated_clk/SE,0,0.0,0.0,0.0,0.0,,0
x_aq_idu_top/x_aq_idu_id_gpr/x_aq_idu_id_gpr_gated_reg_24/cp0_idu_icg_en,0,0.0,0.0,0.0,0.0,,0
x_aq_idu_top/x_aq_idu_id_gpr/x_aq_idu_id_gpr_gated_reg_24/cp0_yy_clk_en,1,0.00023629489603024575,1.8147199999999999,1.5212754939470265,0.0,0.0634561532555035,1
x_aq_idu_top/x_aq_idu_id_gpr/x_aq_idu_id_gpr_gated_reg_24/forever_cpuclk,0,0.0,0.0,0.0,0.0,,0
x_aq_idu_top/x_aq_idu_id_gpr/x_aq_idu_id_gpr_gated_reg_24/pad_yy_icg_scan_en,0,0.0,0.0,0.0,0.0,,0
x_aq_idu_top/x_aq_idu_id_gpr/x_aq_idu_id_gpr_gated_reg_24/read_data_y[63:0],0,0.0,0.0,0.0,0.0,,0
x_aq_idu_top/x_aq_idu_id_gpr/x_aq_idu_id_gpr_gated_reg_24/rtu_idu_wb0_data[63:0],163,0.03851606805293006,1.8065214723926377,1.5144026875991996,0.25766871165644173,0.14384962087435527,49
x_aq_idu_top/x_aq_idu_id_gpr/x_aq_idu_id_gpr_gated_reg_24/rtu_idu_wb1_data[63:0],20,0.004725897920604915,1.5840999999999998,1.3279472921230187,0.35,0.15437487881012485,8
x_aq_idu_top/x_aq_idu_id_gpr/x_aq_idu_id_gpr_gated_reg_24/wb0_vld_x,0,0.0,0.0,0.0,0.0,,0
x_aq_idu_top/x_aq_idu_id_gpr/x_aq_idu_id_gpr_gated_reg_24/wb1_vld_x,0,0.0,0.0,0.0,0.0,,0
x_aq_idu_top/x_aq_idu_id_gpr/x_aq_idu_id_gpr_gated_reg_24/reg_clk,0,0.0,0.0,0.0,0.0,,0
x_aq_idu_top/x_aq_idu_id_gpr/x_aq_idu_id_gpr_gated_reg_24/reg_clk_en,0,0.0,0.0,0.0,0.0,,0
x_aq_idu_top/x_aq_idu_id_gpr/x_aq_idu_id_gpr_gated_reg_24/write_en,0,0.0,0.0,0.0,0.0,,0
x_aq_idu_top/x_aq_idu_id_gpr/x_aq_idu_id_gpr_gated_reg_24/x_reg_gated_clk/clk_in,0,0.0,0.0,0.0,0.0,,0
x_aq_idu_top/x_aq_idu_id_gpr/x_aq_idu_id_gpr_gated_reg_24/x_reg_gated_clk/global_en,1,0.00023629489603024575,1.8147199999999999,1.5212754939470265,0.0,0.0634561532555035,1
x_aq_idu_top/x_aq_idu_id_gpr/x_aq_idu_id_gpr_gated_reg_24/x_reg_gated_clk/module_en,0,0.0,0.0,0.0,0.0,,0
x_aq_idu_top/x_aq_idu_id_gpr/x_aq_idu_id_gpr_gated_reg_24/x_reg_gated_clk/local_en,0,0.0,0.0,0.0,0.0,,0
x_aq_idu_top/x_aq_idu_id_gpr/x_aq_idu_id_gpr_gated_reg_24/x_reg_gated_clk/external_en,0,0.0,0.0,0.0,0.0,,0
x_aq_idu_top/x_aq_idu_id_gpr/x_aq_idu_id_gpr_gated_reg_24/x_reg_gated_clk/pad_yy_icg_scan_en,0,0.0,0.0,0.0,0.0,,0
x_aq_idu_top/x_aq_idu_id_gpr/x_aq_idu_id_gpr_gated_reg_24/x_reg_gated_clk/clk_out,0,0.0,0.0,0.0,0.0,,0
x_aq_idu_top/x_aq_idu_id_gpr/x_aq_idu_id_gpr_gated_reg_24/x_reg_gated_clk/clk_en_bf_latch,0,0.0,0.0,0.0,0.0,,0
x_aq_idu_top/x_aq_idu_id_gpr/x_aq_idu_id_gpr_gated_reg_24/x_reg_gated_clk/SE,0,0.0,0.0,0.0,0.0,,0
x_aq_idu_top/x_aq_idu_id_gpr/x_aq_idu_id_gpr_gated_reg_25/cp0_idu_icg_en,0,0.0,0.0,0.0,0.0,,0
x_aq_idu_top/x_aq_idu_id_gpr/x_aq_idu_id_gpr_gated_reg_25/cp0_yy_clk_en,1,0.00023629489603024575,1.8147199999999999,1.5212754939470265,0.0,0.0634561532555035,1
x_aq_idu_top/x_aq_idu_id_gpr/x_aq_idu_id_gpr_gated_reg_25/forever_cpuclk,0,0.0,0.0,0.0,0.0,,0
x_aq_idu_top/x_aq_idu_id_gpr/x_aq_idu_id_gpr_gated_reg_25/pad_yy_icg_scan_en,0,0.0,0.0,0.0,0.0,,0
x_aq_idu_top/x_aq_idu_id_gpr/x_aq_idu_id_gpr_gated_reg_25/read_data_y[63:0],0,0.0,0.0,0.0,0.0,,0
x_aq_idu_top/x_aq_idu_id_gpr/x_aq_idu_id_gpr_gated_reg_25/rtu_idu_wb0_data[63:0],163,0.03851606805293006,1.8065214723926377,1.5144026875991996,0.25766871165644173,0.14384962087435527,49
x_aq_idu_top/x_aq_idu_id_gpr/x_aq_idu_id_gpr_gated_reg_25/rtu_idu_wb1_data[63:0],20,0.004725897920604915,1.5840999999999998,1.3279472921230187,0.35,0.15437487881012485,8
x_aq_idu_top/x_aq_idu_id_gpr/x_aq_idu_id_gpr_gated_reg_25/wb0_vld_x,0,0.0,0.0,0.0,0.0,,0
x_aq_idu_top/x_aq_idu_id_gpr/x_aq_idu_id_gpr_gated_reg_25/wb1_vld_x,0,0.0,0.0,0.0,0.0,,0
x_aq_idu_top/x_aq_idu_id_gpr/x_aq_idu_id_gpr_gated_reg_25/reg_clk,0,0.0,0.0,0.0,0.0,,0
x_aq_idu_top/x_aq_idu_id_gpr/x_aq_idu_id_gpr_gated_reg_25/reg_clk_en,0,0.0,0.0,0.0,0.0,,0
x_aq_idu_top/x_aq_idu_id_gpr/x_aq_idu_id_gpr_gated_reg_25/write_en,0,0.0,0.0,0.0,0.0,,0
x_aq_idu_top/x_aq_idu_id_gpr/x_aq_idu_id_gpr_gated_reg_25/x_reg_gated_clk/clk_in,0,0.0,0.0,0.0,0.0,,0
x_aq_idu_top/x_aq_idu_id_gpr/x_aq_idu_id_gpr_gated_reg_25/x_reg_gated_clk/global_en,1,0.00023629489603024575,1.8147199999999999,1.5212754939470265,0.0,0.0634561532555035,1
x_aq_idu_top/x_aq_idu_id_gpr/x_aq_idu_id_gpr_gated_reg_25/x_reg_gated_clk/module_en,0,0.0,0.0,0.0,0.0,,0
x_aq_idu_top/x_aq_idu_id_gpr/x_aq_idu_id_gpr_gated_reg_25/x_reg_gated_clk/local_en,0,0.0,0.0,0.0,0.0,,0
x_aq_idu_top/x_aq_idu_id_gpr/x_aq_idu_id_gpr_gated_reg_25/x_reg_gated_clk/external_en,0,0.0,0.0,0.0,0.0,,0
x_aq_idu_top/x_aq_idu_id_gpr/x_aq_idu_id_gpr_gated_reg_25/x_reg_gated_clk/pad_yy_icg_scan_en,0,0.0,0.0,0.0,0.0,,0
x_aq_idu_top/x_aq_idu_id_gpr/x_aq_idu_id_gpr_gated_reg_25/x_reg_gated_clk/clk_out,0,0.0,0.0,0.0,0.0,,0
x_aq_idu_top/x_aq_idu_id_gpr/x_aq_idu_id_gpr_gated_reg_25/x_reg_gated_clk/clk_en_bf_latch,0,0.0,0.0,0.0,0.0,,0
x_aq_idu_top/x_aq_idu_id_gpr/x_aq_idu_id_gpr_gated_reg_25/x_reg_gated_clk/SE,0,0.0,0.0,0.0,0.0,,0
x_aq_idu_top/x_aq_idu_id_gpr/x_aq_idu_id_gpr_gated_reg_26/cp0_idu_icg_en,0,0.0,0.0,0.0,0.0,,0
x_aq_idu_top/x_aq_idu_id_gpr/x_aq_idu_id_gpr_gated_reg_26/cp0_yy_clk_en,1,0.00023629489603024575,1.8147199999999999,1.5212754939470265,0.0,0.0634561532555035,1
x_aq_idu_top/x_aq_idu_id_gpr/x_aq_idu_id_gpr_gated_reg_26/forever_cpuclk,0,0.0,0.0,0.0,0.0,,0
x_aq_idu_top/x_aq_idu_id_gpr/x_aq_idu_id_gpr_gated_reg_26/pad_yy_icg_scan_en,0,0.0,0.0,0.0,0.0,,0
x_aq_idu_top/x_aq_idu_id_gpr/x_aq_idu_id_gpr_gated_reg_26/read_data_y[63:0],0,0.0,0.0,0.0,0.0,,0
x_aq_idu_top/x_aq_idu_id_gpr/x_aq_idu_id_gpr_gated_reg_26/rtu_idu_wb0_data[63:0],163,0.03851606805293006,1.8065214723926377,1.5144026875991996,0.25766871165644173,0.14384962087435527,49
x_aq_idu_top/x_aq_idu_id_gpr/x_aq_idu_id_gpr_gated_reg_26/rtu_idu_wb1_data[63:0],20,0.004725897920604915,1.5840999999999998,1.3279472921230187,0.35,0.15437487881012485,8
x_aq_idu_top/x_aq_idu_id_gpr/x_aq_idu_id_gpr_gated_reg_26/wb0_vld_x,0,0.0,0.0,0.0,0.0,,0
x_aq_idu_top/x_aq_idu_id_gpr/x_aq_idu_id_gpr_gated_reg_26/wb1_vld_x,0,0.0,0.0,0.0,0.0,,0
x_aq_idu_top/x_aq_idu_id_gpr/x_aq_idu_id_gpr_gated_reg_26/reg_clk,0,0.0,0.0,0.0,0.0,,0
x_aq_idu_top/x_aq_idu_id_gpr/x_aq_idu_id_gpr_gated_reg_26/reg_clk_en,0,0.0,0.0,0.0,0.0,,0
x_aq_idu_top/x_aq_idu_id_gpr/x_aq_idu_id_gpr_gated_reg_26/write_en,0,0.0,0.0,0.0,0.0,,0
x_aq_idu_top/x_aq_idu_id_gpr/x_aq_idu_id_gpr_gated_reg_26/x_reg_gated_clk/clk_in,0,0.0,0.0,0.0,0.0,,0
x_aq_idu_top/x_aq_idu_id_gpr/x_aq_idu_id_gpr_gated_reg_26/x_reg_gated_clk/global_en,1,0.00023629489603024575,1.8147199999999999,1.5212754939470265,0.0,0.0634561532555035,1
x_aq_idu_top/x_aq_idu_id_gpr/x_aq_idu_id_gpr_gated_reg_26/x_reg_gated_clk/module_en,0,0.0,0.0,0.0,0.0,,0
x_aq_idu_top/x_aq_idu_id_gpr/x_aq_idu_id_gpr_gated_reg_26/x_reg_gated_clk/local_en,0,0.0,0.0,0.0,0.0,,0
x_aq_idu_top/x_aq_idu_id_gpr/x_aq_idu_id_gpr_gated_reg_26/x_reg_gated_clk/external_en,0,0.0,0.0,0.0,0.0,,0
x_aq_idu_top/x_aq_idu_id_gpr/x_aq_idu_id_gpr_gated_reg_26/x_reg_gated_clk/pad_yy_icg_scan_en,0,0.0,0.0,0.0,0.0,,0
x_aq_idu_top/x_aq_idu_id_gpr/x_aq_idu_id_gpr_gated_reg_26/x_reg_gated_clk/clk_out,0,0.0,0.0,0.0,0.0,,0
x_aq_idu_top/x_aq_idu_id_gpr/x_aq_idu_id_gpr_gated_reg_26/x_reg_gated_clk/clk_en_bf_latch,0,0.0,0.0,0.0,0.0,,0
x_aq_idu_top/x_aq_idu_id_gpr/x_aq_idu_id_gpr_gated_reg_26/x_reg_gated_clk/SE,0,0.0,0.0,0.0,0.0,,0
x_aq_idu_top/x_aq_idu_id_gpr/x_aq_idu_id_gpr_gated_reg_27/cp0_idu_icg_en,0,0.0,0.0,0.0,0.0,,0
x_aq_idu_top/x_aq_idu_id_gpr/x_aq_idu_id_gpr_gated_reg_27/cp0_yy_clk_en,1,0.00023629489603024575,1.8147199999999999,1.5212754939470265,0.0,0.0634561532555035,1
x_aq_idu_top/x_aq_idu_id_gpr/x_aq_idu_id_gpr_gated_reg_27/forever_cpuclk,0,0.0,0.0,0.0,0.0,,0
x_aq_idu_top/x_aq_idu_id_gpr/x_aq_idu_id_gpr_gated_reg_27/pad_yy_icg_scan_en,0,0.0,0.0,0.0,0.0,,0
x_aq_idu_top/x_aq_idu_id_gpr/x_aq_idu_id_gpr_gated_reg_27/read_data_y[63:0],0,0.0,0.0,0.0,0.0,,0
x_aq_idu_top/x_aq_idu_id_gpr/x_aq_idu_id_gpr_gated_reg_27/rtu_idu_wb0_data[63:0],163,0.03851606805293006,1.8065214723926377,1.5144026875991996,0.25766871165644173,0.14384962087435527,49
x_aq_idu_top/x_aq_idu_id_gpr/x_aq_idu_id_gpr_gated_reg_27/rtu_idu_wb1_data[63:0],20,0.004725897920604915,1.5840999999999998,1.3279472921230187,0.35,0.15437487881012485,8
x_aq_idu_top/x_aq_idu_id_gpr/x_aq_idu_id_gpr_gated_reg_27/wb0_vld_x,0,0.0,0.0,0.0,0.0,,0
x_aq_idu_top/x_aq_idu_id_gpr/x_aq_idu_id_gpr_gated_reg_27/wb1_vld_x,0,0.0,0.0,0.0,0.0,,0
x_aq_idu_top/x_aq_idu_id_gpr/x_aq_idu_id_gpr_gated_reg_27/reg_clk,0,0.0,0.0,0.0,0.0,,0
x_aq_idu_top/x_aq_idu_id_gpr/x_aq_idu_id_gpr_gated_reg_27/reg_clk_en,0,0.0,0.0,0.0,0.0,,0
x_aq_idu_top/x_aq_idu_id_gpr/x_aq_idu_id_gpr_gated_reg_27/write_en,0,0.0,0.0,0.0,0.0,,0
x_aq_idu_top/x_aq_idu_id_gpr/x_aq_idu_id_gpr_gated_reg_27/x_reg_gated_clk/clk_in,0,0.0,0.0,0.0,0.0,,0
x_aq_idu_top/x_aq_idu_id_gpr/x_aq_idu_id_gpr_gated_reg_27/x_reg_gated_clk/global_en,1,0.00023629489603024575,1.8147199999999999,1.5212754939470265,0.0,0.0634561532555035,1
x_aq_idu_top/x_aq_idu_id_gpr/x_aq_idu_id_gpr_gated_reg_27/x_reg_gated_clk/module_en,0,0.0,0.0,0.0,0.0,,0
x_aq_idu_top/x_aq_idu_id_gpr/x_aq_idu_id_gpr_gated_reg_27/x_reg_gated_clk/local_en,0,0.0,0.0,0.0,0.0,,0
x_aq_idu_top/x_aq_idu_id_gpr/x_aq_idu_id_gpr_gated_reg_27/x_reg_gated_clk/external_en,0,0.0,0.0,0.0,0.0,,0
x_aq_idu_top/x_aq_idu_id_gpr/x_aq_idu_id_gpr_gated_reg_27/x_reg_gated_clk/pad_yy_icg_scan_en,0,0.0,0.0,0.0,0.0,,0
x_aq_idu_top/x_aq_idu_id_gpr/x_aq_idu_id_gpr_gated_reg_27/x_reg_gated_clk/clk_out,0,0.0,0.0,0.0,0.0,,0
x_aq_idu_top/x_aq_idu_id_gpr/x_aq_idu_id_gpr_gated_reg_27/x_reg_gated_clk/clk_en_bf_latch,0,0.0,0.0,0.0,0.0,,0
x_aq_idu_top/x_aq_idu_id_gpr/x_aq_idu_id_gpr_gated_reg_27/x_reg_gated_clk/SE,0,0.0,0.0,0.0,0.0,,0
x_aq_idu_top/x_aq_idu_id_gpr/x_aq_idu_id_gpr_gated_reg_28/cp0_idu_icg_en,0,0.0,0.0,0.0,0.0,,0
x_aq_idu_top/x_aq_idu_id_gpr/x_aq_idu_id_gpr_gated_reg_28/cp0_yy_clk_en,1,0.00023629489603024575,1.8147199999999999,1.5212754939470265,0.0,0.0634561532555035,1
x_aq_idu_top/x_aq_idu_id_gpr/x_aq_idu_id_gpr_gated_reg_28/forever_cpuclk,0,0.0,0.0,0.0,0.0,,0
x_aq_idu_top/x_aq_idu_id_gpr/x_aq_idu_id_gpr_gated_reg_28/pad_yy_icg_scan_en,0,0.0,0.0,0.0,0.0,,0
x_aq_idu_top/x_aq_idu_id_gpr/x_aq_idu_id_gpr_gated_reg_28/read_data_y[63:0],0,0.0,0.0,0.0,0.0,,0
x_aq_idu_top/x_aq_idu_id_gpr/x_aq_idu_id_gpr_gated_reg_28/rtu_idu_wb0_data[63:0],163,0.03851606805293006,1.8065214723926377,1.5144026875991996,0.25766871165644173,0.14384962087435527,49
x_aq_idu_top/x_aq_idu_id_gpr/x_aq_idu_id_gpr_gated_reg_28/rtu_idu_wb1_data[63:0],20,0.004725897920604915,1.5840999999999998,1.3279472921230187,0.35,0.15437487881012485,8
x_aq_idu_top/x_aq_idu_id_gpr/x_aq_idu_id_gpr_gated_reg_28/wb0_vld_x,0,0.0,0.0,0.0,0.0,,0
x_aq_idu_top/x_aq_idu_id_gpr/x_aq_idu_id_gpr_gated_reg_28/wb1_vld_x,0,0.0,0.0,0.0,0.0,,0
x_aq_idu_top/x_aq_idu_id_gpr/x_aq_idu_id_gpr_gated_reg_28/reg_clk,0,0.0,0.0,0.0,0.0,,0
x_aq_idu_top/x_aq_idu_id_gpr/x_aq_idu_id_gpr_gated_reg_28/reg_clk_en,0,0.0,0.0,0.0,0.0,,0
x_aq_idu_top/x_aq_idu_id_gpr/x_aq_idu_id_gpr_gated_reg_28/write_en,0,0.0,0.0,0.0,0.0,,0
x_aq_idu_top/x_aq_idu_id_gpr/x_aq_idu_id_gpr_gated_reg_28/x_reg_gated_clk/clk_in,0,0.0,0.0,0.0,0.0,,0
x_aq_idu_top/x_aq_idu_id_gpr/x_aq_idu_id_gpr_gated_reg_28/x_reg_gated_clk/global_en,1,0.00023629489603024575,1.8147199999999999,1.5212754939470265,0.0,0.0634561532555035,1
x_aq_idu_top/x_aq_idu_id_gpr/x_aq_idu_id_gpr_gated_reg_28/x_reg_gated_clk/module_en,0,0.0,0.0,0.0,0.0,,0
x_aq_idu_top/x_aq_idu_id_gpr/x_aq_idu_id_gpr_gated_reg_28/x_reg_gated_clk/local_en,0,0.0,0.0,0.0,0.0,,0
x_aq_idu_top/x_aq_idu_id_gpr/x_aq_idu_id_gpr_gated_reg_28/x_reg_gated_clk/external_en,0,0.0,0.0,0.0,0.0,,0
x_aq_idu_top/x_aq_idu_id_gpr/x_aq_idu_id_gpr_gated_reg_28/x_reg_gated_clk/pad_yy_icg_scan_en,0,0.0,0.0,0.0,0.0,,0
x_aq_idu_top/x_aq_idu_id_gpr/x_aq_idu_id_gpr_gated_reg_28/x_reg_gated_clk/clk_out,0,0.0,0.0,0.0,0.0,,0
x_aq_idu_top/x_aq_idu_id_gpr/x_aq_idu_id_gpr_gated_reg_28/x_reg_gated_clk/clk_en_bf_latch,0,0.0,0.0,0.0,0.0,,0
x_aq_idu_top/x_aq_idu_id_gpr/x_aq_idu_id_gpr_gated_reg_28/x_reg_gated_clk/SE,0,0.0,0.0,0.0,0.0,,0
x_aq_idu_top/x_aq_idu_id_gpr/x_aq_idu_id_gpr_gated_reg_29/cp0_idu_icg_en,0,0.0,0.0,0.0,0.0,,0
x_aq_idu_top/x_aq_idu_id_gpr/x_aq_idu_id_gpr_gated_reg_29/cp0_yy_clk_en,1,0.00023629489603024575,1.8147199999999999,1.5212754939470265,0.0,0.0634561532555035,1
x_aq_idu_top/x_aq_idu_id_gpr/x_aq_idu_id_gpr_gated_reg_29/forever_cpuclk,0,0.0,0.0,0.0,0.0,,0
x_aq_idu_top/x_aq_idu_id_gpr/x_aq_idu_id_gpr_gated_reg_29/pad_yy_icg_scan_en,0,0.0,0.0,0.0,0.0,,0
x_aq_idu_top/x_aq_idu_id_gpr/x_aq_idu_id_gpr_gated_reg_29/read_data_y[63:0],4,0.000945179584120983,2.06775,1.7333899458919086,0.75,0.15209736236729401,3
x_aq_idu_top/x_aq_idu_id_gpr/x_aq_idu_id_gpr_gated_reg_29/rtu_idu_wb0_data[63:0],163,0.03851606805293006,1.8065214723926377,1.5144026875991996,0.25766871165644173,0.14384962087435527,49
x_aq_idu_top/x_aq_idu_id_gpr/x_aq_idu_id_gpr_gated_reg_29/rtu_idu_wb1_data[63:0],20,0.004725897920604915,1.5840999999999998,1.3279472921230187,0.35,0.15437487881012485,8
x_aq_idu_top/x_aq_idu_id_gpr/x_aq_idu_id_gpr_gated_reg_29/wb0_vld_x,0,0.0,0.0,0.0,0.0,,0
x_aq_idu_top/x_aq_idu_id_gpr/x_aq_idu_id_gpr_gated_reg_29/wb1_vld_x,0,0.0,0.0,0.0,0.0,,0
x_aq_idu_top/x_aq_idu_id_gpr/x_aq_idu_id_gpr_gated_reg_29/reg_clk,0,0.0,0.0,0.0,0.0,,0
x_aq_idu_top/x_aq_idu_id_gpr/x_aq_idu_id_gpr_gated_reg_29/reg_clk_en,0,0.0,0.0,0.0,0.0,,0
x_aq_idu_top/x_aq_idu_id_gpr/x_aq_idu_id_gpr_gated_reg_29/write_en,0,0.0,0.0,0.0,0.0,,0
x_aq_idu_top/x_aq_idu_id_gpr/x_aq_idu_id_gpr_gated_reg_29/x_reg_gated_clk/clk_in,0,0.0,0.0,0.0,0.0,,0
x_aq_idu_top/x_aq_idu_id_gpr/x_aq_idu_id_gpr_gated_reg_29/x_reg_gated_clk/global_en,1,0.00023629489603024575,1.8147199999999999,1.5212754939470265,0.0,0.0634561532555035,1
x_aq_idu_top/x_aq_idu_id_gpr/x_aq_idu_id_gpr_gated_reg_29/x_reg_gated_clk/module_en,0,0.0,0.0,0.0,0.0,,0
x_aq_idu_top/x_aq_idu_id_gpr/x_aq_idu_id_gpr_gated_reg_29/x_reg_gated_clk/local_en,0,0.0,0.0,0.0,0.0,,0
x_aq_idu_top/x_aq_idu_id_gpr/x_aq_idu_id_gpr_gated_reg_29/x_reg_gated_clk/external_en,0,0.0,0.0,0.0,0.0,,0
x_aq_idu_top/x_aq_idu_id_gpr/x_aq_idu_id_gpr_gated_reg_29/x_reg_gated_clk/pad_yy_icg_scan_en,0,0.0,0.0,0.0,0.0,,0
x_aq_idu_top/x_aq_idu_id_gpr/x_aq_idu_id_gpr_gated_reg_29/x_reg_gated_clk/clk_out,0,0.0,0.0,0.0,0.0,,0
x_aq_idu_top/x_aq_idu_id_gpr/x_aq_idu_id_gpr_gated_reg_29/x_reg_gated_clk/clk_en_bf_latch,0,0.0,0.0,0.0,0.0,,0
x_aq_idu_top/x_aq_idu_id_gpr/x_aq_idu_id_gpr_gated_reg_29/x_reg_gated_clk/SE,0,0.0,0.0,0.0,0.0,,0
x_aq_idu_top/x_aq_idu_id_gpr/x_aq_idu_id_gpr_gated_reg_30/cp0_idu_icg_en,0,0.0,0.0,0.0,0.0,,0
x_aq_idu_top/x_aq_idu_id_gpr/x_aq_idu_id_gpr_gated_reg_30/cp0_yy_clk_en,1,0.00023629489603024575,1.8147199999999999,1.5212754939470265,0.0,0.0634561532555035,1
x_aq_idu_top/x_aq_idu_id_gpr/x_aq_idu_id_gpr_gated_reg_30/forever_cpuclk,0,0.0,0.0,0.0,0.0,,0
x_aq_idu_top/x_aq_idu_id_gpr/x_aq_idu_id_gpr_gated_reg_30/pad_yy_icg_scan_en,0,0.0,0.0,0.0,0.0,,0
x_aq_idu_top/x_aq_idu_id_gpr/x_aq_idu_id_gpr_gated_reg_30/read_data_y[63:0],0,0.0,0.0,0.0,0.0,,0
x_aq_idu_top/x_aq_idu_id_gpr/x_aq_idu_id_gpr_gated_reg_30/rtu_idu_wb0_data[63:0],163,0.03851606805293006,1.8065214723926377,1.5144026875991996,0.25766871165644173,0.14384962087435527,49
x_aq_idu_top/x_aq_idu_id_gpr/x_aq_idu_id_gpr_gated_reg_30/rtu_idu_wb1_data[63:0],20,0.004725897920604915,1.5840999999999998,1.3279472921230187,0.35,0.15437487881012485,8
x_aq_idu_top/x_aq_idu_id_gpr/x_aq_idu_id_gpr_gated_reg_30/wb0_vld_x,0,0.0,0.0,0.0,0.0,,0
x_aq_idu_top/x_aq_idu_id_gpr/x_aq_idu_id_gpr_gated_reg_30/wb1_vld_x,0,0.0,0.0,0.0,0.0,,0
x_aq_idu_top/x_aq_idu_id_gpr/x_aq_idu_id_gpr_gated_reg_30/reg_clk,0,0.0,0.0,0.0,0.0,,0
x_aq_idu_top/x_aq_idu_id_gpr/x_aq_idu_id_gpr_gated_reg_30/reg_clk_en,0,0.0,0.0,0.0,0.0,,0
x_aq_idu_top/x_aq_idu_id_gpr/x_aq_idu_id_gpr_gated_reg_30/write_en,0,0.0,0.0,0.0,0.0,,0
x_aq_idu_top/x_aq_idu_id_gpr/x_aq_idu_id_gpr_gated_reg_30/x_reg_gated_clk/clk_in,0,0.0,0.0,0.0,0.0,,0
x_aq_idu_top/x_aq_idu_id_gpr/x_aq_idu_id_gpr_gated_reg_30/x_reg_gated_clk/global_en,1,0.00023629489603024575,1.8147199999999999,1.5212754939470265,0.0,0.0634561532555035,1
x_aq_idu_top/x_aq_idu_id_gpr/x_aq_idu_id_gpr_gated_reg_30/x_reg_gated_clk/module_en,0,0.0,0.0,0.0,0.0,,0
x_aq_idu_top/x_aq_idu_id_gpr/x_aq_idu_id_gpr_gated_reg_30/x_reg_gated_clk/local_en,0,0.0,0.0,0.0,0.0,,0
x_aq_idu_top/x_aq_idu_id_gpr/x_aq_idu_id_gpr_gated_reg_30/x_reg_gated_clk/external_en,0,0.0,0.0,0.0,0.0,,0
x_aq_idu_top/x_aq_idu_id_gpr/x_aq_idu_id_gpr_gated_reg_30/x_reg_gated_clk/pad_yy_icg_scan_en,0,0.0,0.0,0.0,0.0,,0
x_aq_idu_top/x_aq_idu_id_gpr/x_aq_idu_id_gpr_gated_reg_30/x_reg_gated_clk/clk_out,0,0.0,0.0,0.0,0.0,,0
x_aq_idu_top/x_aq_idu_id_gpr/x_aq_idu_id_gpr_gated_reg_30/x_reg_gated_clk/clk_en_bf_latch,0,0.0,0.0,0.0,0.0,,0
x_aq_idu_top/x_aq_idu_id_gpr/x_aq_idu_id_gpr_gated_reg_30/x_reg_gated_clk/SE,0,0.0,0.0,0.0,0.0,,0
x_aq_idu_top/x_aq_idu_id_gpr/x_aq_idu_id_gpr_gated_reg_31/cp0_idu_icg_en,0,0.0,0.0,0.0,0.0,,0
x_aq_idu_top/x_aq_idu_id_gpr/x_aq_idu_id_gpr_gated_reg_31/cp0_yy_clk_en,1,0.00023629489603024575,1.8147199999999999,1.5212754939470265,0.0,0.0634561532555035,1
x_aq_idu_top/x_aq_idu_id_gpr/x_aq_idu_id_gpr_gated_reg_31/forever_cpuclk,0,0.0,0.0,0.0,0.0,,0
x_aq_idu_top/x_aq_idu_id_gpr/x_aq_idu_id_gpr_gated_reg_31/pad_yy_icg_scan_en,0,0.0,0.0,0.0,0.0,,0
x_aq_idu_top/x_aq_idu_id_gpr/x_aq_idu_id_gpr_gated_reg_31/read_data_y[63:0],0,0.0,0.0,0.0,0.0,,0
x_aq_idu_top/x_aq_idu_id_gpr/x_aq_idu_id_gpr_gated_reg_31/rtu_idu_wb0_data[63:0],163,0.03851606805293006,1.8065214723926377,1.5144026875991996,0.25766871165644173,0.14384962087435527,49
x_aq_idu_top/x_aq_idu_id_gpr/x_aq_idu_id_gpr_gated_reg_31/rtu_idu_wb1_data[63:0],20,0.004725897920604915,1.5840999999999998,1.3279472921230187,0.35,0.15437487881012485,8
x_aq_idu_top/x_aq_idu_id_gpr/x_aq_idu_id_gpr_gated_reg_31/wb0_vld_x,0,0.0,0.0,0.0,0.0,,0
x_aq_idu_top/x_aq_idu_id_gpr/x_aq_idu_id_gpr_gated_reg_31/wb1_vld_x,0,0.0,0.0,0.0,0.0,,0
x_aq_idu_top/x_aq_idu_id_gpr/x_aq_idu_id_gpr_gated_reg_31/reg_clk,0,0.0,0.0,0.0,0.0,,0
x_aq_idu_top/x_aq_idu_id_gpr/x_aq_idu_id_gpr_gated_reg_31/reg_clk_en,0,0.0,0.0,0.0,0.0,,0
x_aq_idu_top/x_aq_idu_id_gpr/x_aq_idu_id_gpr_gated_reg_31/write_en,0,0.0,0.0,0.0,0.0,,0
x_aq_idu_top/x_aq_idu_id_gpr/x_aq_idu_id_gpr_gated_reg_31/x_reg_gated_clk/clk_in,0,0.0,0.0,0.0,0.0,,0
x_aq_idu_top/x_aq_idu_id_gpr/x_aq_idu_id_gpr_gated_reg_31/x_reg_gated_clk/global_en,1,0.00023629489603024575,1.8147199999999999,1.5212754939470265,0.0,0.0634561532555035,1
x_aq_idu_top/x_aq_idu_id_gpr/x_aq_idu_id_gpr_gated_reg_31/x_reg_gated_clk/module_en,0,0.0,0.0,0.0,0.0,,0
x_aq_idu_top/x_aq_idu_id_gpr/x_aq_idu_id_gpr_gated_reg_31/x_reg_gated_clk/local_en,0,0.0,0.0,0.0,0.0,,0
x_aq_idu_top/x_aq_idu_id_gpr/x_aq_idu_id_gpr_gated_reg_31/x_reg_gated_clk/external_en,0,0.0,0.0,0.0,0.0,,0
x_aq_idu_top/x_aq_idu_id_gpr/x_aq_idu_id_gpr_gated_reg_31/x_reg_gated_clk/pad_yy_icg_scan_en,0,0.0,0.0,0.0,0.0,,0
x_aq_idu_top/x_aq_idu_id_gpr/x_aq_idu_id_gpr_gated_reg_31/x_reg_gated_clk/clk_out,0,0.0,0.0,0.0,0.0,,0
x_aq_idu_top/x_aq_idu_id_gpr/x_aq_idu_id_gpr_gated_reg_31/x_reg_gated_clk/clk_en_bf_latch,0,0.0,0.0,0.0,0.0,,0
x_aq_idu_top/x_aq_idu_id_gpr/x_aq_idu_id_gpr_gated_reg_31/x_reg_gated_clk/SE,0,0.0,0.0,0.0,0.0,,0
x_aq_idu_top/x_aq_idu_id_split/cp0_idu_cskyee,3,0.0007088846880907373,1.653906666666667,1.3864660560723496,0.3333333333333333,-0.0013937871967483148,1
x_aq_idu_top/x_aq_idu_id_split/cp0_idu_icg_en,0,0.0,0.0,0.0,0.0,,0
x_aq_idu_top/x_aq_idu_id_split/cp0_idu_ucme,1,0.00023629489603024575,1.8147199999999999,1.5212754939470265,0.0,0.0634561532555035,1
x_aq_idu_top/x_aq_idu_id_split/cp0_yy_clk_en,1,0.00023629489603024575,1.8147199999999999,1.5212754939470265,0.0,0.0634561532555035,1
x_aq_idu_top/x_aq_idu_id_split/cp0_yy_priv_mode[1:0],3,0.0007088846880907373,0.9442400000000005,0.7915541639506597,0.0,-0.09598288421388247,2
x_aq_idu_top/x_aq_idu_id_split/cpurst_b,3,0.0007088846880907373,1.0352400000000002,0.8678392492250705,0.0,0.0006521441666639201,1
x_aq_idu_top/x_aq_idu_id_split/ctrl_xx_dis_stall,79,0.018667296786389415,1.7741068354430378,1.4872295739306358,0.3670886075949367,-0.7051440481308231,1
x_aq_idu_top/x_aq_idu_id_split/dp_split_inst[31:0],367,0.08672022684310018,1.6798039237057218,1.4081756655404554,0.26430517711171664,0.18713686704950497,22
x_aq_idu_top/x_aq_idu_id_split/forever_cpuclk,0,0.0,0.0,0.0,0.0,,0
x_aq_idu_top/x_aq_idu_id_split/ifu_idu_id_inst_vld,73,0.01724952741020794,1.5396986301369862,1.290725728537297,0.2054794520547945,-0.5756625192776391,1
x_aq_idu_top/x_aq_idu_id_split/iu_yy_xx_cancel,0,0.0,0.0,0.0,0.0,,0
x_aq_idu_top/x_aq_idu_id_split/pad_yy_icg_scan_en,0,0.0,0.0,0.0,0.0,,0
x_aq_idu_top/x_aq_idu_id_split/rtu_idu_flush_fe,0,0.0,0.0,0.0,0.0,,0
x_aq_idu_top/x_aq_idu_id_split/rtu_yy_xx_dbgon,0,0.0,0.0,0.0,0.0,,0
x_aq_idu_top/x_aq_idu_id_split/split_ctrl_id_stall,2,0.0004725897920604915,1.2699999999999996,1.0646380032802434,0.5,0.008009291884354989,1
x_aq_idu_top/x_aq_idu_id_split/split_ctrl_inst_vld,4,0.000945179584120983,1.2475,1.0457763063717354,0.25,-0.2934120331686981,1
x_aq_idu_top/x_aq_idu_id_split/split_dp_inst_sel,4,0.000945179584120983,1.2475,1.0457763063717354,0.25,-0.2934120331686981,1
x_aq_idu_top/x_aq_idu_id_split/split_top_cur_state_no_idle[3:0],4,0.000945179584120983,0.9282500000000001,0.7781497846810128,0.0,-0.2948136251250982,2
x_aq_idu_top/x_aq_idu_id_split/amo_aq_inst,42,0.00992438563327032,1.6070952380952381,1.3472241459581906,0.07142857142857142,-0.38531827582677286,1
x_aq_idu_top/x_aq_idu_id_split/amo_fence_aq_inst_length,0,0.0,0.0,0.0,0.0,,0
x_aq_idu_top/x_aq_idu_id_split/amo_fence_rl_inst_length,0,0.0,0.0,0.0,0.0,,0
x_aq_idu_top/x_aq_idu_id_split/amo_inst,0,0.0,0.0,0.0,0.0,,0
x_aq_idu_top/x_aq_idu_id_split/amo_inst_vld,0,0.0,0.0,0.0,0.0,,0
x_aq_idu_top/x_aq_idu_id_split/amo_rd[4:0],220,0.05198487712665406,1.7398245454545453,1.4584908111265233,0.32272727272727275,0.08713053329010062,4
x_aq_idu_top/x_aq_idu_id_split/amo_rl_inst,45,0.010633270321361058,1.774488888888889,1.4875498484327914,0.2222222222222222,-0.597026978289651,1
x_aq_idu_top/x_aq_idu_id_split/amo_rs1[4:0],222,0.05245746691871456,1.6758767567567567,1.404883530753767,0.2747747747747748,0.23085866802452662,5
x_aq_idu_top/x_aq_idu_id_split/amo_rs2[4:0],189,0.04465973534971645,1.7009081481481483,1.4258672870925524,0.2751322751322751,-0.4060509670168554,5
x_aq_idu_top/x_aq_idu_id_split/amo_sm_start,0,0.0,0.0,0.0,0.0,,0
x_aq_idu_top/x_aq_idu_id_split/amo_split_stall,0,0.0,0.0,0.0,0.0,,0
x_aq_idu_top/x_aq_idu_id_split/amo_split_type,0,0.0,0.0,0.0,0.0,,0
x_aq_idu_top/x_aq_idu_id_split/amo_word,67,0.015831758034026464,1.7032346268656717,1.4278175687118422,0.3582089552238806,-0.22804012870757404,1
x_aq_idu_top/x_aq_idu_id_split/che_inst_data[264:0],269,0.0635633270321361,1.6972295910780668,1.4227835613807067,0.2825278810408922,,6
x_aq_idu_top/x_aq_idu_id_split/che_inst_vld,0,0.0,0.0,0.0,0.0,,0
x_aq_idu_top/x_aq_idu_id_split/che_sm_start,0,0.0,0.0,0.0,0.0,,0
x_aq_idu_top/x_aq_idu_id_split/che_split_stall,0,0.0,0.0,0.0,0.0,,0
x_aq_idu_top/x_aq_idu_id_split/che_split_type,0,0.0,0.0,0.0,0.0,,0
x_aq_idu_top/x_aq_idu_id_split/che_va,47,0.01110586011342155,1.5343055319148937,1.2862047070233895,0.2553191489361702,0.34835672816972973,1
x_aq_idu_top/x_aq_idu_id_split/fnc_inst_data[264:0],301,0.07112476370510397,1.691278272425249,1.4177945849969111,0.2724252491694352,,11
x_aq_idu_top/x_aq_idu_id_split/fnc_inst_vld,0,0.0,0.0,0.0,0.0,,0
x_aq_idu_top/x_aq_idu_id_split/fnc_sm_start,4,0.000945179584120983,1.2475,1.0457763063717354,0.25,-0.2934120331686981,1
x_aq_idu_top/x_aq_idu_id_split/fnc_split_stall,2,0.0004725897920604915,1.2699999999999996,1.0646380032802434,0.5,0.008009291884354989,1
x_aq_idu_top/x_aq_idu_id_split/fnc_split_type,4,0.000945179584120983,1.2475,1.0457763063717354,0.25,-0.2934120331686981,1
x_aq_idu_top/x_aq_idu_id_split/lr_inst,0,0.0,0.0,0.0,0.0,,0
x_aq_idu_top/x_aq_idu_id_split/lsd_inst0_offset[11:0],151,0.03568052930056711,1.6603486092715234,1.391866321357452,0.2781456953642384,-0.42142037702667173,4
x_aq_idu_top/x_aq_idu_id_split/lsd_inst1_offset[11:0],172,0.04064272211720227,1.6525893023255813,1.385361712653699,0.29069767441860467,-0.3982058207345813,5
x_aq_idu_top/x_aq_idu_id_split/lsd_inst1_sel,0,0.0,0.0,0.0,0.0,,0
x_aq_idu_top/x_aq_idu_id_split/lsd_inst_data[264:0],366,0.08648393194706994,1.6779365027322406,1.4066102109447935,0.2650273224043716,,16
x_aq_idu_top/x_aq_idu_id_split/lsd_inst_vld,0,0.0,0.0,0.0,0.0,,0
x_aq_idu_top/x_aq_idu_id_split/lsd_load,67,0.015831758034026464,1.7032346268656717,1.4278175687118422,0.3582089552238806,-0.22804012870757404,1
x_aq_idu_top/x_aq_idu_id_split/lsd_sm_start,0,0.0,0.0,0.0,0.0,,0
x_aq_idu_top/x_aq_idu_id_split/lsd_split_stall,0,0.0,0.0,0.0,0.0,,0
x_aq_idu_top/x_aq_idu_id_split/lsd_split_type,0,0.0,0.0,0.0,0.0,,0
x_aq_idu_top/x_aq_idu_id_split/lsd_word,41,0.009688090737240076,1.5233590243902437,1.2770282755950937,0.34146341463414637,-0.16752584583121566,1
x_aq_idu_top/x_aq_idu_id_split/sc_inst,0,0.0,0.0,0.0,0.0,,0
x_aq_idu_top/x_aq_idu_id_split/split_clk,0,0.0,0.0,0.0,0.0,,0
x_aq_idu_top/x_aq_idu_id_split/split_clk_en,4,0.000945179584120983,1.2475,1.0457763063717354,0.25,-0.2934120331686981,1
x_aq_idu_top/x_aq_idu_id_split/split_inst_data[264:0],9,0.0021266540642722116,1.291,1.0822422537281846,0.3333333333333333,,11
x_aq_idu_top/x_aq_idu_id_split/zvamo_func[19:0],275,0.06498109640831758,1.685224581818182,1.4127197904454274,0.28363636363636363,-0.5663516876228103,7
x_aq_idu_top/x_aq_idu_id_split/zvamo_inst,38,0.008979206049149339,2.04371052631579,1.7132377118265028,0.34210526315789475,0.08399911091768048,1
x_aq_idu_top/x_aq_idu_id_split/x_split_clk_gated_clk_cell/clk_in,0,0.0,0.0,0.0,0.0,,0
x_aq_idu_top/x_aq_idu_id_split/x_split_clk_gated_clk_cell/global_en,1,0.00023629489603024575,1.8147199999999999,1.5212754939470265,0.0,0.0634561532555035,1
x_aq_idu_top/x_aq_idu_id_split/x_split_clk_gated_clk_cell/module_en,0,0.0,0.0,0.0,0.0,,0
x_aq_idu_top/x_aq_idu_id_split/x_split_clk_gated_clk_cell/local_en,4,0.000945179584120983,1.2475,1.0457763063717354,0.25,-0.2934120331686981,1
x_aq_idu_top/x_aq_idu_id_split/x_split_clk_gated_clk_cell/external_en,0,0.0,0.0,0.0,0.0,,0
x_aq_idu_top/x_aq_idu_id_split/x_split_clk_gated_clk_cell/pad_yy_icg_scan_en,0,0.0,0.0,0.0,0.0,,0
x_aq_idu_top/x_aq_idu_id_split/x_split_clk_gated_clk_cell/clk_out,0,0.0,0.0,0.0,0.0,,0
x_aq_idu_top/x_aq_idu_id_split/x_split_clk_gated_clk_cell/clk_en_bf_latch,4,0.000945179584120983,1.2475,1.0457763063717354,0.25,-0.2934120331686981,1
x_aq_idu_top/x_aq_idu_id_split/x_split_clk_gated_clk_cell/SE,0,0.0,0.0,0.0,0.0,,0
x_aq_idu_top/x_aq_idu_id_wbt/cp0_idu_icg_en,0,0.0,0.0,0.0,0.0,,0
x_aq_idu_top/x_aq_idu_id_wbt/cp0_yy_clk_en,1,0.00023629489603024575,1.8147199999999999,1.5212754939470265,0.0,0.0634561532555035,1
x_aq_idu_top/x_aq_idu_id_wbt/cpurst_b,3,0.0007088846880907373,1.0352400000000002,0.8678392492250705,0.0,0.0006521441666639201,1
x_aq_idu_top/x_aq_idu_id_wbt/ctrl_wbt_dis_inst_vld,73,0.01724952741020794,1.5396986301369862,1.290725728537297,0.2054794520547945,-0.5756625192776391,1
x_aq_idu_top/x_aq_idu_id_wbt/ctrl_xx_dis_stall,79,0.018667296786389415,1.7741068354430378,1.4872295739306358,0.3670886075949367,-0.7051440481308231,1
x_aq_idu_top/x_aq_idu_id_wbt/dp_wbt_dst0_reg[5:0],201,0.0474952741020794,1.7894831840796017,1.500119530710299,0.36318407960199006,0.3003540691935699,4
x_aq_idu_top/x_aq_idu_id_wbt/dp_wbt_dst0_type[2:0],135,0.031899810964083175,1.8703194074074072,1.5678843459830791,0.35555555555555557,0.13648550902207288,3
x_aq_idu_top/x_aq_idu_id_wbt/dp_wbt_dst1_reg[5:0],222,0.05245746691871456,1.6758767567567567,1.404883530753767,0.2747747747747748,0.23085866802452662,5
x_aq_idu_top/x_aq_idu_id_wbt/dp_wbt_dst1_type[2:0],3,0.0007088846880907373,2.0275733333333337,1.699709941026983,0.3333333333333333,0.036912954338464574,1
x_aq_idu_top/x_aq_idu_id_wbt/dp_wbt_inst_dst0_vld,37,0.008742911153119093,1.7889383783783783,1.4996628213764989,0.40540540540540543,0.12176637635373395,1
x_aq_idu_top/x_aq_idu_id_wbt/dp_wbt_inst_dst1_vld,0,0.0,0.0,0.0,0.0,,0
x_aq_idu_top/x_aq_idu_id_wbt/dp_wbt_src0_reg[5:0],197,0.04655009451795841,1.65334192893401,1.3859926377636307,0.29949238578680204,0.3167500353506351,4
x_aq_idu_top/x_aq_idu_id_wbt/dp_wbt_src1_reg[5:0],233,0.05505671077504726,1.7781517596566525,1.4906204243544174,0.3261802575107296,-0.40252802660598647,5
x_aq_idu_top/x_aq_idu_id_wbt/dp_wbt_src2_reg[5:0],128,0.030245746691871456,1.7135968750000004,1.4365042168718627,0.3125,-0.13867461858813276,4
x_aq_idu_top/x_aq_idu_id_wbt/dp_wbt_wb_vld[31:0],204,0.048204158790170135,1.6954460784313725,1.4212884469373983,0.20098039215686275,0.03972638141816122,3
x_aq_idu_top/x_aq_idu_id_wbt/forever_cpuclk,0,0.0,0.0,0.0,0.0,,0
x_aq_idu_top/x_aq_idu_id_wbt/iu_yy_xx_cancel,0,0.0,0.0,0.0,0.0,,0
x_aq_idu_top/x_aq_idu_id_wbt/pad_yy_icg_scan_en,0,0.0,0.0,0.0,0.0,,0
x_aq_idu_top/x_aq_idu_id_wbt/rtu_idu_flush_wbt,0,0.0,0.0,0.0,0.0,,0
x_aq_idu_top/x_aq_idu_id_wbt/rtu_idu_wb0_vld,56,0.013232514177693762,1.6823928571428568,1.4103459623319017,0.17857142857142858,0.2096150254744223,1
x_aq_idu_top/x_aq_idu_id_wbt/rtu_idu_wb1_vld,10,0.0023629489603024575,1.5949999999999995,1.3370847364031402,0.5,0.05999031137668919,1
x_aq_idu_top/x_aq_idu_id_wbt/wbt_top_gpr_not_wb,129,0.0304820415879017,1.6763798449612404,1.4053052684084877,0.24806201550387597,0.22395858140582092,1
x_aq_idu_top/x_aq_idu_id_wbt/create0_en[31:0],254,0.06001890359168242,1.6354607874015747,1.3710029190097226,0.19291338582677164,0.04591246203527377,3
x_aq_idu_top/x_aq_idu_id_wbt/create1_en[31:0],0,0.0,0.0,0.0,0.0,,0
x_aq_idu_top/x_aq_idu_id_wbt/create_clk,0,0.0,0.0,0.0,0.0,,0
x_aq_idu_top/x_aq_idu_id_wbt/create_clk_en,73,0.01724952741020794,1.5414246575342465,1.2921726532316484,0.1780821917808219,-0.5719926250032052,1
x_aq_idu_top/x_aq_idu_id_wbt/inst_create_en,102,0.024102079395085067,1.5481568627450975,1.2978162449744464,0.19607843137254902,0.2495905514926836,1
x_aq_idu_top/x_aq_idu_id_wbt/read_data_0[6:0],0,0.0,0.0,0.0,0.0,,0
x_aq_idu_top/x_aq_idu_id_wbt/read_data_1[6:0],71,0.01677693761814745,1.684714366197183,1.41229207789426,0.29577464788732394,0.1760907502212103,5
x_aq_idu_top/x_aq_idu_id_wbt/read_data_10[6:0],83,0.019612476370510397,1.74373156626506,1.4617660574528861,0.20481927710843373,0.19955188663371565,3
x_aq_idu_top/x_aq_idu_id_wbt/read_data_11[6:0],25,0.005907372400756144,1.5777487999999997,1.322623096149449,0.2,0.1474742096379215,3
x_aq_idu_top/x_aq_idu_id_wbt/read_data_12[6:0],20,0.004725897920604915,1.5165859999999995,1.2713504652305285,0.3,0.13353398346844864,3
x_aq_idu_top/x_aq_idu_id_wbt/read_data_13[6:0],17,0.004017013232514178,1.5509247058823528,1.3001365213453442,0.35294117647058826,0.12989303990483445,3
x_aq_idu_top/x_aq_idu_id_wbt/read_data_14[6:0],17,0.004017013232514178,1.4653364705882357,1.2283881056541566,0.23529411764705882,0.13042892908531314,3
x_aq_idu_top/x_aq_idu_id_wbt/read_data_15[6:0],17,0.004017013232514178,1.6152188235294118,1.3540341284590687,0.29411764705882354,0.1294384374004091,3
x_aq_idu_top/x_aq_idu_id_wbt/read_data_16[6:0],7,0.0016540642722117202,1.4222457142857141,1.192265226323643,0.0,0.08964512383097441,3
x_aq_idu_top/x_aq_idu_id_wbt/read_data_17[6:0],7,0.0016540642722117202,1.0938171428571428,0.9169443298623068,0.0,0.09353267046023059,3
x_aq_idu_top/x_aq_idu_id_wbt/read_data_18[6:0],7,0.0016540642722117202,1.1091028571428574,0.9297583080795158,0.0,0.09265381951152128,3
x_aq_idu_top/x_aq_idu_id_wbt/read_data_19[6:0],7,0.0016540642722117202,1.390245714285714,1.1654397018315423,0.0,0.08293294798419656,3
x_aq_idu_top/x_aq_idu_id_wbt/read_data_2[6:0],59,0.013941398865784499,1.76679186440678,1.4810974509715065,0.3389830508474576,0.2127034323866721,4
x_aq_idu_top/x_aq_idu_id_wbt/read_data_20[6:0],7,0.0016540642722117202,1.2659599999999998,1.0612512808131158,0.0,0.08629899326471506,3
x_aq_idu_top/x_aq_idu_id_wbt/read_data_21[6:0],7,0.0016540642722117202,1.0675314285714284,0.8949090776009382,0.0,0.08586864470723907,3
x_aq_idu_top/x_aq_idu_id_wbt/read_data_22[6:0],7,0.0016540642722117202,1.298102857142857,1.0881965621109848,0.0,0.08250331350356706,3
x_aq_idu_top/x_aq_idu_id_wbt/read_data_23[6:0],7,0.0016540642722117202,1.202531428571429,1.0080792590519883,0.0,0.07974328341063715,3
x_aq_idu_top/x_aq_idu_id_wbt/read_data_24[6:0],7,0.0016540642722117202,0.9791028571428574,0.820779614830357,0.0,0.08142694311583623,3
x_aq_idu_top/x_aq_idu_id_wbt/read_data_25[6:0],7,0.0016540642722117202,1.3111028571428573,1.099094431435901,0.0,0.07496785777315754,3
x_aq_idu_top/x_aq_idu_id_wbt/read_data_26[6:0],7,0.0016540642722117202,1.4239599999999994,1.1937023079928624,0.0,0.0689248138201344,3
x_aq_idu_top/x_aq_idu_id_wbt/read_data_27[6:0],7,0.0016540642722117202,1.1072457142857144,0.9282014696045277,0.0,0.07411490654099183,3
x_aq_idu_top/x_aq_idu_id_wbt/read_data_28[6:0],7,0.0016540642722117202,1.1153885714285712,0.9350276075333208,0.0,0.07264314797909299,3
x_aq_idu_top/x_aq_idu_id_wbt/read_data_29[6:0],19,0.0044896030245746696,1.6584589473684213,1.390282222242969,0.3157894736842105,0.07908819307484208,3
x_aq_idu_top/x_aq_idu_id_wbt/read_data_3[6:0],79,0.018667296786389415,1.5874521518987341,1.3307573931499168,0.0759493670886076,-0.04676139994346632,4
x_aq_idu_top/x_aq_idu_id_wbt/read_data_30[6:0],7,0.0016540642722117202,1.2568171428571426,1.053586845243944,0.0,0.06514880377893023,3
x_aq_idu_top/x_aq_idu_id_wbt/read_data_31[6:0],7,0.0016540642722117202,1.1172457142857144,0.9365844460083091,0.0,0.06549433507695333,3
x_aq_idu_top/x_aq_idu_id_wbt/read_data_4[6:0],9,0.0021266540642722116,1.321413333333333,1.1077376792975517,0.0,0.11896795516244237,3
x_aq_idu_top/x_aq_idu_id_wbt/read_data_5[6:0],7,0.0016540642722117202,1.3022457142857138,1.0916695094782654,0.0,0.11174675704062365,3
x_aq_idu_top/x_aq_idu_id_wbt/read_data_6[6:0],7,0.0016540642722117202,1.4256742857142852,1.195139389662082,0.0,0.10702192623068703,3
x_aq_idu_top/x_aq_idu_id_wbt/read_data_7[6:0],7,0.0016540642722117202,1.0989599999999997,0.9212555748699656,0.0,0.11166145583547958,3
x_aq_idu_top/x_aq_idu_id_wbt/read_data_8[6:0],7,0.0016540642722117202,1.1185314285714283,0.9376622572602236,0.0,0.11059921256320866,3
x_aq_idu_top/x_aq_idu_id_wbt/read_data_9[6:0],99,0.02339319470699433,1.7266941414141415,1.447483624402241,0.25252525252525254,0.14414717767307833,3
x_aq_idu_top/x_aq_idu_id_wbt/wb_clk,0,0.0,0.0,0.0,0.0,,0
x_aq_idu_top/x_aq_idu_id_wbt/wb_clk_en,73,0.01724952741020794,1.5527945205479454,1.301703982567455,0.1780821917808219,-0.5552800886590535,1
x_aq_idu_top/x_aq_idu_id_wbt/wb_debug[31:1],312,0.07372400756143667,1.6030471794871795,1.3438306679789427,0.1762820512820513,0.048637714857026206,31
x_aq_idu_top/x_aq_idu_id_wbt/wb_en[31:0],204,0.048204158790170135,1.6954460784313725,1.4212884469373983,0.20098039215686275,0.03972638141816122,3
x_aq_idu_top/x_aq_idu_id_wbt/wbt_create_dst0_reg[31:0],254,0.06001890359168242,1.6354607874015747,1.3710029190097226,0.19291338582677164,0.04591246203527377,3
x_aq_idu_top/x_aq_idu_id_wbt/wbt_create_dst1_reg[31:0],0,0.0,0.0,0.0,0.0,,0
x_aq_idu_top/x_aq_idu_id_wbt/wbt_dst0_reg[4:0],201,0.0474952741020794,1.7894831840796017,1.500119530710299,0.36318407960199006,0.3003540691935699,4
x_aq_idu_top/x_aq_idu_id_wbt/wbt_dst0_reg_expand[31:0],272,0.06427221172022685,1.7784820588235295,1.4908973133666295,0.3125,0.025239300206904187,3
x_aq_idu_top/x_aq_idu_id_wbt/wbt_dst1_reg[4:0],222,0.05245746691871456,1.6758767567567567,1.404883530753767,0.2747747747747748,0.23085866802452662,5
x_aq_idu_top/x_aq_idu_id_wbt/wbt_dst1_reg_expand[31:0],246,0.058128544423440454,1.7139461788617887,1.4367970374749748,0.2764227642276423,0.061827903869789265,3
x_aq_idu_top/x_aq_idu_id_wbt/x_create_clk_gated_clk_cell/clk_in,0,0.0,0.0,0.0,0.0,,0
x_aq_idu_top/x_aq_idu_id_wbt/x_create_clk_gated_clk_cell/global_en,1,0.00023629489603024575,1.8147199999999999,1.5212754939470265,0.0,0.0634561532555035,1
x_aq_idu_top/x_aq_idu_id_wbt/x_create_clk_gated_clk_cell/module_en,0,0.0,0.0,0.0,0.0,,0
x_aq_idu_top/x_aq_idu_id_wbt/x_create_clk_gated_clk_cell/local_en,73,0.01724952741020794,1.5414246575342465,1.2921726532316484,0.1780821917808219,-0.5719926250032052,1
x_aq_idu_top/x_aq_idu_id_wbt/x_create_clk_gated_clk_cell/external_en,0,0.0,0.0,0.0,0.0,,0
x_aq_idu_top/x_aq_idu_id_wbt/x_create_clk_gated_clk_cell/pad_yy_icg_scan_en,0,0.0,0.0,0.0,0.0,,0
x_aq_idu_top/x_aq_idu_id_wbt/x_create_clk_gated_clk_cell/clk_out,0,0.0,0.0,0.0,0.0,,0
x_aq_idu_top/x_aq_idu_id_wbt/x_create_clk_gated_clk_cell/clk_en_bf_latch,73,0.01724952741020794,1.5414246575342465,1.2921726532316484,0.1780821917808219,-0.5719926250032052,1
x_aq_idu_top/x_aq_idu_id_wbt/x_create_clk_gated_clk_cell/SE,0,0.0,0.0,0.0,0.0,,0
x_aq_idu_top/x_aq_idu_id_wbt/x_wb_clk_gated_clk_cell/clk_in,0,0.0,0.0,0.0,0.0,,0
x_aq_idu_top/x_aq_idu_id_wbt/x_wb_clk_gated_clk_cell/global_en,1,0.00023629489603024575,1.8147199999999999,1.5212754939470265,0.0,0.0634561532555035,1
x_aq_idu_top/x_aq_idu_id_wbt/x_wb_clk_gated_clk_cell/module_en,0,0.0,0.0,0.0,0.0,,0
x_aq_idu_top/x_aq_idu_id_wbt/x_wb_clk_gated_clk_cell/local_en,73,0.01724952741020794,1.5527945205479454,1.301703982567455,0.1780821917808219,-0.5552800886590535,1
x_aq_idu_top/x_aq_idu_id_wbt/x_wb_clk_gated_clk_cell/external_en,0,0.0,0.0,0.0,0.0,,0
x_aq_idu_top/x_aq_idu_id_wbt/x_wb_clk_gated_clk_cell/pad_yy_icg_scan_en,0,0.0,0.0,0.0,0.0,,0
x_aq_idu_top/x_aq_idu_id_wbt/x_wb_clk_gated_clk_cell/clk_out,0,0.0,0.0,0.0,0.0,,0
x_aq_idu_top/x_aq_idu_id_wbt/x_wb_clk_gated_clk_cell/clk_en_bf_latch,73,0.01724952741020794,1.5527945205479454,1.301703982567455,0.1780821917808219,-0.5552800886590535,1
x_aq_idu_top/x_aq_idu_id_wbt/x_wb_clk_gated_clk_cell/SE,0,0.0,0.0,0.0,0.0,,0
x_aq_idu_top/x_aq_idu_id_wbt/x_aq_idu_id_wbt_entry_reg_1/cpurst_b,3,0.0007088846880907373,1.0352400000000002,0.8678392492250705,0.0,0.0006521441666639201,1
x_aq_idu_top/x_aq_idu_id_wbt/x_aq_idu_id_wbt_entry_reg_1/create0_en_x,14,0.0033081285444234404,1.2840714285714285,1.0764340486484218,0.42857142857142855,0.03425943276744846,1
x_aq_idu_top/x_aq_idu_id_wbt/x_aq_idu_id_wbt_entry_reg_1/create1_en_x,0,0.0,0.0,0.0,0.0,,0
x_aq_idu_top/x_aq_idu_id_wbt/x_aq_idu_id_wbt_entry_reg_1/create_clk,0,0.0,0.0,0.0,0.0,,0
x_aq_idu_top/x_aq_idu_id_wbt/x_aq_idu_id_wbt_entry_reg_1/dp_wbt_dst0_type[2:0],135,0.031899810964083175,1.8703194074074072,1.5678843459830791,0.35555555555555557,0.13648550902207288,3
x_aq_idu_top/x_aq_idu_id_wbt/x_aq_idu_id_wbt_entry_reg_1/dp_wbt_dst1_type[2:0],3,0.0007088846880907373,2.0275733333333337,1.699709941026983,0.3333333333333333,0.036912954338464574,1
x_aq_idu_top/x_aq_idu_id_wbt/x_aq_idu_id_wbt_entry_reg_1/iu_yy_xx_cancel,0,0.0,0.0,0.0,0.0,,0
x_aq_idu_top/x_aq_idu_id_wbt/x_aq_idu_id_wbt_entry_reg_1/read_data_y[6:0],71,0.01677693761814745,1.684714366197183,1.41229207789426,0.29577464788732394,0.1760907502212103,5
x_aq_idu_top/x_aq_idu_id_wbt/x_aq_idu_id_wbt_entry_reg_1/rtu_idu_flush_wbt,0,0.0,0.0,0.0,0.0,,0
x_aq_idu_top/x_aq_idu_id_wbt/x_aq_idu_id_wbt_entry_reg_1/wb_clk,0,0.0,0.0,0.0,0.0,,0
x_aq_idu_top/x_aq_idu_id_wbt/x_aq_idu_id_wbt_entry_reg_1/wb_debug_x,23,0.005434782608695652,1.128161739130435,0.9457353238779477,0.13043478260869565,-0.11489809592068687,1
x_aq_idu_top/x_aq_idu_id_wbt/x_aq_idu_id_wbt_entry_reg_1/wb_en_x,8,0.001890359168241966,2.356,1.9750292407309085,0.375,0.011604027768690057,1
x_aq_idu_top/x_aq_idu_id_wbt/x_aq_idu_id_wbt_entry_reg_1/cnt_is_1,18,0.004253308128544423,2.172388888888889,1.821108479539255,0.3888888888888889,0.03765461147163047,1
x_aq_idu_top/x_aq_idu_id_wbt/x_aq_idu_id_wbt_entry_reg_1/cnt_is_2,6,0.0014177693761814746,2.4055,2.0165249739296267,0.5,0.029715696823091674,1
x_aq_idu_top/x_aq_idu_id_wbt/x_aq_idu_id_wbt_entry_reg_1/create_en,14,0.0033081285444234404,1.2840714285714285,1.0764340486484218,0.42857142857142855,0.03425943276744846,1
x_aq_idu_top/x_aq_idu_id_wbt/x_aq_idu_id_wbt_entry_reg_1/create_inst_type[2:0],19,0.0044896030245746696,1.3322631578947368,1.1168330616258935,0.3684210526315789,0.04376307830800857,2
x_aq_idu_top/x_aq_idu_id_wbt/x_aq_idu_id_wbt_entry_reg_2/cpurst_b,3,0.0007088846880907373,1.0352400000000002,0.8678392492250705,0.0,0.0006521441666639201,1
x_aq_idu_top/x_aq_idu_id_wbt/x_aq_idu_id_wbt_entry_reg_2/create0_en_x,4,0.000945179584120983,1.4855,1.2452911447817339,0.0,0.015364946635260569,1
x_aq_idu_top/x_aq_idu_id_wbt/x_aq_idu_id_wbt_entry_reg_2/create1_en_x,0,0.0,0.0,0.0,0.0,,0
x_aq_idu_top/x_aq_idu_id_wbt/x_aq_idu_id_wbt_entry_reg_2/create_clk,0,0.0,0.0,0.0,0.0,,0
x_aq_idu_top/x_aq_idu_id_wbt/x_aq_idu_id_wbt_entry_reg_2/dp_wbt_dst0_type[2:0],135,0.031899810964083175,1.8703194074074072,1.5678843459830791,0.35555555555555557,0.13648550902207288,3
x_aq_idu_top/x_aq_idu_id_wbt/x_aq_idu_id_wbt_entry_reg_2/dp_wbt_dst1_type[2:0],3,0.0007088846880907373,2.0275733333333337,1.699709941026983,0.3333333333333333,0.036912954338464574,1
x_aq_idu_top/x_aq_idu_id_wbt/x_aq_idu_id_wbt_entry_reg_2/iu_yy_xx_cancel,0,0.0,0.0,0.0,0.0,,0
x_aq_idu_top/x_aq_idu_id_wbt/x_aq_idu_id_wbt_entry_reg_2/read_data_y[6:0],59,0.013941398865784499,1.76679186440678,1.4810974509715065,0.3389830508474576,0.2127034323866721,4
x_aq_idu_top/x_aq_idu_id_wbt/x_aq_idu_id_wbt_entry_reg_2/rtu_idu_flush_wbt,0,0.0,0.0,0.0,0.0,,0
x_aq_idu_top/x_aq_idu_id_wbt/x_aq_idu_id_wbt_entry_reg_2/wb_clk,0,0.0,0.0,0.0,0.0,,0
x_aq_idu_top/x_aq_idu_id_wbt/x_aq_idu_id_wbt_entry_reg_2/wb_debug_x,23,0.005434782608695652,1.7260313043478264,1.446927969653594,0.34782608695652173,-0.09698515484321908,1
x_aq_idu_top/x_aq_idu_id_wbt/x_aq_idu_id_wbt_entry_reg_2/wb_en_x,4,0.000945179584120983,2.870749999999999,2.406542951115558,1.0,0.07609466162994259,1
x_aq_idu_top/x_aq_idu_id_wbt/x_aq_idu_id_wbt_entry_reg_2/cnt_is_1,20,0.004725897920604915,1.6832500000000004,1.411064503166512,0.45,0.081214813314923,1
x_aq_idu_top/x_aq_idu_id_wbt/x_aq_idu_id_wbt_entry_reg_2/cnt_is_2,0,0.0,0.0,0.0,0.0,,0
x_aq_idu_top/x_aq_idu_id_wbt/x_aq_idu_id_wbt_entry_reg_2/create_en,4,0.000945179584120983,1.4855,1.2452911447817339,0.0,0.015364946635260569,1
x_aq_idu_top/x_aq_idu_id_wbt/x_aq_idu_id_wbt_entry_reg_2/create_inst_type[2:0],6,0.0014177693761814746,1.5133333333333336,1.2686237624389258,0.0,0.021659922898550687,1
x_aq_idu_top/x_aq_idu_id_wbt/x_aq_idu_id_wbt_entry_reg_3/cpurst_b,3,0.0007088846880907373,1.0352400000000002,0.8678392492250705,0.0,0.0006521441666639201,1
x_aq_idu_top/x_aq_idu_id_wbt/x_aq_idu_id_wbt_entry_reg_3/create0_en_x,2,0.0004725897920604915,2.9275,2.4541163422070187,0.0,0.05736007054600855,1
x_aq_idu_top/x_aq_idu_id_wbt/x_aq_idu_id_wbt_entry_reg_3/create1_en_x,0,0.0,0.0,0.0,0.0,,0
x_aq_idu_top/x_aq_idu_id_wbt/x_aq_idu_id_wbt_entry_reg_3/create_clk,0,0.0,0.0,0.0,0.0,,0
x_aq_idu_top/x_aq_idu_id_wbt/x_aq_idu_id_wbt_entry_reg_3/dp_wbt_dst0_type[2:0],135,0.031899810964083175,1.8703194074074072,1.5678843459830791,0.35555555555555557,0.13648550902207288,3
x_aq_idu_top/x_aq_idu_id_wbt/x_aq_idu_id_wbt_entry_reg_3/dp_wbt_dst1_type[2:0],3,0.0007088846880907373,2.0275733333333337,1.699709941026983,0.3333333333333333,0.036912954338464574,1
x_aq_idu_top/x_aq_idu_id_wbt/x_aq_idu_id_wbt_entry_reg_3/iu_yy_xx_cancel,0,0.0,0.0,0.0,0.0,,0
x_aq_idu_top/x_aq_idu_id_wbt/x_aq_idu_id_wbt_entry_reg_3/read_data_y[6:0],79,0.018667296786389415,1.5874521518987341,1.3307573931499168,0.0759493670886076,-0.04676139994346632,4
x_aq_idu_top/x_aq_idu_id_wbt/x_aq_idu_id_wbt_entry_reg_3/rtu_idu_flush_wbt,0,0.0,0.0,0.0,0.0,,0
x_aq_idu_top/x_aq_idu_id_wbt/x_aq_idu_id_wbt_entry_reg_3/wb_clk,0,0.0,0.0,0.0,0.0,,0
x_aq_idu_top/x_aq_idu_id_wbt/x_aq_idu_id_wbt_entry_reg_3/wb_debug_x,35,0.0082703213610586,1.5898205714285714,1.3327428336532048,0.08571428571428572,-0.0847624189929831,1
x_aq_idu_top/x_aq_idu_id_wbt/x_aq_idu_id_wbt_entry_reg_3/wb_en_x,2,0.0004725897920604915,0.8185000000000007,0.6861466186495119,0.0,0.044701338250266266,1
x_aq_idu_top/x_aq_idu_id_wbt/x_aq_idu_id_wbt_entry_reg_3/cnt_is_1,32,0.007561436672967864,1.5503749999999998,1.2996757042012659,0.09375,0.049363905274960276,1
x_aq_idu_top/x_aq_idu_id_wbt/x_aq_idu_id_wbt_entry_reg_3/cnt_is_2,2,0.0004725897920604915,1.249000000000001,1.0470337528323035,0.0,0.036262103223217414,1
x_aq_idu_top/x_aq_idu_id_wbt/x_aq_idu_id_wbt_entry_reg_3/create_en,2,0.0004725897920604915,2.9275,2.4541163422070187,0.0,0.05736007054600855,1
x_aq_idu_top/x_aq_idu_id_wbt/x_aq_idu_id_wbt_entry_reg_3/create_inst_type[2:0],4,0.000945179584120983,2.7067500000000004,2.269062138093543,0.25,0.06780056035445682,1
x_aq_idu_top/x_aq_idu_id_wbt/x_aq_idu_id_wbt_entry_reg_4/cpurst_b,3,0.0007088846880907373,1.0352400000000002,0.8678392492250705,0.0,0.0006521441666639201,1
x_aq_idu_top/x_aq_idu_id_wbt/x_aq_idu_id_wbt_entry_reg_4/create0_en_x,0,0.0,0.0,0.0,0.0,,0
x_aq_idu_top/x_aq_idu_id_wbt/x_aq_idu_id_wbt_entry_reg_4/create1_en_x,0,0.0,0.0,0.0,0.0,,0
x_aq_idu_top/x_aq_idu_id_wbt/x_aq_idu_id_wbt_entry_reg_4/create_clk,0,0.0,0.0,0.0,0.0,,0
x_aq_idu_top/x_aq_idu_id_wbt/x_aq_idu_id_wbt_entry_reg_4/dp_wbt_dst0_type[2:0],135,0.031899810964083175,1.8703194074074072,1.5678843459830791,0.35555555555555557,0.13648550902207288,3
x_aq_idu_top/x_aq_idu_id_wbt/x_aq_idu_id_wbt_entry_reg_4/dp_wbt_dst1_type[2:0],3,0.0007088846880907373,2.0275733333333337,1.699709941026983,0.3333333333333333,0.036912954338464574,1
x_aq_idu_top/x_aq_idu_id_wbt/x_aq_idu_id_wbt_entry_reg_4/iu_yy_xx_cancel,0,0.0,0.0,0.0,0.0,,0
x_aq_idu_top/x_aq_idu_id_wbt/x_aq_idu_id_wbt_entry_reg_4/read_data_y[6:0],9,0.0021266540642722116,1.321413333333333,1.1077376792975517,0.0,0.11896795516244237,3
x_aq_idu_top/x_aq_idu_id_wbt/x_aq_idu_id_wbt_entry_reg_4/rtu_idu_flush_wbt,0,0.0,0.0,0.0,0.0,,0
x_aq_idu_top/x_aq_idu_id_wbt/x_aq_idu_id_wbt_entry_reg_4/wb_clk,0,0.0,0.0,0.0,0.0,,0
x_aq_idu_top/x_aq_idu_id_wbt/x_aq_idu_id_wbt_entry_reg_4/wb_debug_x,4,0.000945179584120983,1.7889300000000001,1.4996557978016742,0.0,-0.09569581422400503,1
x_aq_idu_top/x_aq_idu_id_wbt/x_aq_idu_id_wbt_entry_reg_4/wb_en_x,0,0.0,0.0,0.0,0.0,,0
x_aq_idu_top/x_aq_idu_id_wbt/x_aq_idu_id_wbt_entry_reg_4/cnt_is_1,3,0.0007088846880907373,1.2159999999999995,1.0193699306998234,0.0,0.10759860011059283,1
x_aq_idu_top/x_aq_idu_id_wbt/x_aq_idu_id_wbt_entry_reg_4/cnt_is_2,0,0.0,0.0,0.0,0.0,,0
x_aq_idu_top/x_aq_idu_id_wbt/x_aq_idu_id_wbt_entry_reg_4/create_en,0,0.0,0.0,0.0,0.0,,0
x_aq_idu_top/x_aq_idu_id_wbt/x_aq_idu_id_wbt_entry_reg_4/create_inst_type[2:0],2,0.0004725897920604915,2.5520000000000005,2.1393355782450256,0.0,0.01940170558712278,1
x_aq_idu_top/x_aq_idu_id_wbt/x_aq_idu_id_wbt_entry_reg_5/cpurst_b,3,0.0007088846880907373,1.0352400000000002,0.8678392492250705,0.0,0.0006521441666639201,1
x_aq_idu_top/x_aq_idu_id_wbt/x_aq_idu_id_wbt_entry_reg_5/create0_en_x,0,0.0,0.0,0.0,0.0,,0
x_aq_idu_top/x_aq_idu_id_wbt/x_aq_idu_id_wbt_entry_reg_5/create1_en_x,0,0.0,0.0,0.0,0.0,,0
x_aq_idu_top/x_aq_idu_id_wbt/x_aq_idu_id_wbt_entry_reg_5/create_clk,0,0.0,0.0,0.0,0.0,,0
x_aq_idu_top/x_aq_idu_id_wbt/x_aq_idu_id_wbt_entry_reg_5/dp_wbt_dst0_type[2:0],135,0.031899810964083175,1.8703194074074072,1.5678843459830791,0.35555555555555557,0.13648550902207288,3
x_aq_idu_top/x_aq_idu_id_wbt/x_aq_idu_id_wbt_entry_reg_5/dp_wbt_dst1_type[2:0],3,0.0007088846880907373,2.0275733333333337,1.699709941026983,0.3333333333333333,0.036912954338464574,1
x_aq_idu_top/x_aq_idu_id_wbt/x_aq_idu_id_wbt_entry_reg_5/iu_yy_xx_cancel,0,0.0,0.0,0.0,0.0,,0
x_aq_idu_top/x_aq_idu_id_wbt/x_aq_idu_id_wbt_entry_reg_5/read_data_y[6:0],7,0.0016540642722117202,1.3022457142857138,1.0916695094782654,0.0,0.11174675704062365,3
x_aq_idu_top/x_aq_idu_id_wbt/x_aq_idu_id_wbt_entry_reg_5/rtu_idu_flush_wbt,0,0.0,0.0,0.0,0.0,,0
x_aq_idu_top/x_aq_idu_id_wbt/x_aq_idu_id_wbt_entry_reg_5/wb_clk,0,0.0,0.0,0.0,0.0,,0
x_aq_idu_top/x_aq_idu_id_wbt/x_aq_idu_id_wbt_entry_reg_5/wb_debug_x,3,0.0007088846880907373,1.490573333333333,1.2495441081439187,0.0,0.048380112210531796,1
x_aq_idu_top/x_aq_idu_id_wbt/x_aq_idu_id_wbt_entry_reg_5/wb_en_x,0,0.0,0.0,0.0,0.0,,0
x_aq_idu_top/x_aq_idu_id_wbt/x_aq_idu_id_wbt_entry_reg_5/cnt_is_1,2,0.0004725897920604915,1.7774999999999999,1.490074055772152,0.0,0.022337014608039937,1
x_aq_idu_top/x_aq_idu_id_wbt/x_aq_idu_id_wbt_entry_reg_5/cnt_is_2,0,0.0,0.0,0.0,0.0,,0
x_aq_idu_top/x_aq_idu_id_wbt/x_aq_idu_id_wbt_entry_reg_5/create_en,0,0.0,0.0,0.0,0.0,,0
x_aq_idu_top/x_aq_idu_id_wbt/x_aq_idu_id_wbt_entry_reg_5/create_inst_type[2:0],0,0.0,0.0,0.0,0.0,,0
x_aq_idu_top/x_aq_idu_id_wbt/x_aq_idu_id_wbt_entry_reg_6/cpurst_b,3,0.0007088846880907373,1.0352400000000002,0.8678392492250705,0.0,0.0006521441666639201,1
x_aq_idu_top/x_aq_idu_id_wbt/x_aq_idu_id_wbt_entry_reg_6/create0_en_x,0,0.0,0.0,0.0,0.0,,0
x_aq_idu_top/x_aq_idu_id_wbt/x_aq_idu_id_wbt_entry_reg_6/create1_en_x,0,0.0,0.0,0.0,0.0,,0
x_aq_idu_top/x_aq_idu_id_wbt/x_aq_idu_id_wbt_entry_reg_6/create_clk,0,0.0,0.0,0.0,0.0,,0
x_aq_idu_top/x_aq_idu_id_wbt/x_aq_idu_id_wbt_entry_reg_6/dp_wbt_dst0_type[2:0],135,0.031899810964083175,1.8703194074074072,1.5678843459830791,0.35555555555555557,0.13648550902207288,3
x_aq_idu_top/x_aq_idu_id_wbt/x_aq_idu_id_wbt_entry_reg_6/dp_wbt_dst1_type[2:0],3,0.0007088846880907373,2.0275733333333337,1.699709941026983,0.3333333333333333,0.036912954338464574,1
x_aq_idu_top/x_aq_idu_id_wbt/x_aq_idu_id_wbt_entry_reg_6/iu_yy_xx_cancel,0,0.0,0.0,0.0,0.0,,0
x_aq_idu_top/x_aq_idu_id_wbt/x_aq_idu_id_wbt_entry_reg_6/read_data_y[6:0],7,0.0016540642722117202,1.4256742857142852,1.195139389662082,0.0,0.10702192623068703,3
x_aq_idu_top/x_aq_idu_id_wbt/x_aq_idu_id_wbt_entry_reg_6/rtu_idu_flush_wbt,0,0.0,0.0,0.0,0.0,,0
x_aq_idu_top/x_aq_idu_id_wbt/x_aq_idu_id_wbt_entry_reg_6/wb_clk,0,0.0,0.0,0.0,0.0,,0
x_aq_idu_top/x_aq_idu_id_wbt/x_aq_idu_id_wbt_entry_reg_6/wb_debug_x,3,0.0007088846880907373,1.2965733333333331,1.0869143659105587,0.0,0.045591319790784256,1
x_aq_idu_top/x_aq_idu_id_wbt/x_aq_idu_id_wbt_entry_reg_6/wb_en_x,0,0.0,0.0,0.0,0.0,,0
x_aq_idu_top/x_aq_idu_id_wbt/x_aq_idu_id_wbt_entry_reg_6/cnt_is_1,2,0.0004725897920604915,2.5004999999999997,2.0961632497655502,0.0,-0.007006161530066699,1
x_aq_idu_top/x_aq_idu_id_wbt/x_aq_idu_id_wbt_entry_reg_6/cnt_is_2,0,0.0,0.0,0.0,0.0,,0
x_aq_idu_top/x_aq_idu_id_wbt/x_aq_idu_id_wbt_entry_reg_6/create_en,0,0.0,0.0,0.0,0.0,,0
x_aq_idu_top/x_aq_idu_id_wbt/x_aq_idu_id_wbt_entry_reg_6/create_inst_type[2:0],0,0.0,0.0,0.0,0.0,,0
x_aq_idu_top/x_aq_idu_id_wbt/x_aq_idu_id_wbt_entry_reg_7/cpurst_b,3,0.0007088846880907373,1.0352400000000002,0.8678392492250705,0.0,0.0006521441666639201,1
x_aq_idu_top/x_aq_idu_id_wbt/x_aq_idu_id_wbt_entry_reg_7/create0_en_x,0,0.0,0.0,0.0,0.0,,0
x_aq_idu_top/x_aq_idu_id_wbt/x_aq_idu_id_wbt_entry_reg_7/create1_en_x,0,0.0,0.0,0.0,0.0,,0
x_aq_idu_top/x_aq_idu_id_wbt/x_aq_idu_id_wbt_entry_reg_7/create_clk,0,0.0,0.0,0.0,0.0,,0
x_aq_idu_top/x_aq_idu_id_wbt/x_aq_idu_id_wbt_entry_reg_7/dp_wbt_dst0_type[2:0],135,0.031899810964083175,1.8703194074074072,1.5678843459830791,0.35555555555555557,0.13648550902207288,3
x_aq_idu_top/x_aq_idu_id_wbt/x_aq_idu_id_wbt_entry_reg_7/dp_wbt_dst1_type[2:0],3,0.0007088846880907373,2.0275733333333337,1.699709941026983,0.3333333333333333,0.036912954338464574,1
x_aq_idu_top/x_aq_idu_id_wbt/x_aq_idu_id_wbt_entry_reg_7/iu_yy_xx_cancel,0,0.0,0.0,0.0,0.0,,0
x_aq_idu_top/x_aq_idu_id_wbt/x_aq_idu_id_wbt_entry_reg_7/read_data_y[6:0],7,0.0016540642722117202,1.0989599999999997,0.9212555748699656,0.0,0.11166145583547958,3
x_aq_idu_top/x_aq_idu_id_wbt/x_aq_idu_id_wbt_entry_reg_7/rtu_idu_flush_wbt,0,0.0,0.0,0.0,0.0,,0
x_aq_idu_top/x_aq_idu_id_wbt/x_aq_idu_id_wbt_entry_reg_7/wb_clk,0,0.0,0.0,0.0,0.0,,0
x_aq_idu_top/x_aq_idu_id_wbt/x_aq_idu_id_wbt_entry_reg_7/wb_debug_x,3,0.0007088846880907373,1.8559066666666666,1.5558021794287344,0.0,0.04248417207197863,1
x_aq_idu_top/x_aq_idu_id_wbt/x_aq_idu_id_wbt_entry_reg_7/wb_en_x,0,0.0,0.0,0.0,0.0,,0
x_aq_idu_top/x_aq_idu_id_wbt/x_aq_idu_id_wbt_entry_reg_7/cnt_is_1,2,0.0004725897920604915,0.5179999999999993,0.43423817771587836,0.0,0.011872045930660522,1
x_aq_idu_top/x_aq_idu_id_wbt/x_aq_idu_id_wbt_entry_reg_7/cnt_is_2,0,0.0,0.0,0.0,0.0,,0
x_aq_idu_top/x_aq_idu_id_wbt/x_aq_idu_id_wbt_entry_reg_7/create_en,0,0.0,0.0,0.0,0.0,,0
x_aq_idu_top/x_aq_idu_id_wbt/x_aq_idu_id_wbt_entry_reg_7/create_inst_type[2:0],0,0.0,0.0,0.0,0.0,,0
x_aq_idu_top/x_aq_idu_id_wbt/x_aq_idu_id_wbt_entry_reg_8/cpurst_b,3,0.0007088846880907373,1.0352400000000002,0.8678392492250705,0.0,0.0006521441666639201,1
x_aq_idu_top/x_aq_idu_id_wbt/x_aq_idu_id_wbt_entry_reg_8/create0_en_x,0,0.0,0.0,0.0,0.0,,0
x_aq_idu_top/x_aq_idu_id_wbt/x_aq_idu_id_wbt_entry_reg_8/create1_en_x,0,0.0,0.0,0.0,0.0,,0
x_aq_idu_top/x_aq_idu_id_wbt/x_aq_idu_id_wbt_entry_reg_8/create_clk,0,0.0,0.0,0.0,0.0,,0
x_aq_idu_top/x_aq_idu_id_wbt/x_aq_idu_id_wbt_entry_reg_8/dp_wbt_dst0_type[2:0],135,0.031899810964083175,1.8703194074074072,1.5678843459830791,0.35555555555555557,0.13648550902207288,3
x_aq_idu_top/x_aq_idu_id_wbt/x_aq_idu_id_wbt_entry_reg_8/dp_wbt_dst1_type[2:0],3,0.0007088846880907373,2.0275733333333337,1.699709941026983,0.3333333333333333,0.036912954338464574,1
x_aq_idu_top/x_aq_idu_id_wbt/x_aq_idu_id_wbt_entry_reg_8/iu_yy_xx_cancel,0,0.0,0.0,0.0,0.0,,0
x_aq_idu_top/x_aq_idu_id_wbt/x_aq_idu_id_wbt_entry_reg_8/read_data_y[6:0],7,0.0016540642722117202,1.1185314285714283,0.9376622572602236,0.0,0.11059921256320866,3
x_aq_idu_top/x_aq_idu_id_wbt/x_aq_idu_id_wbt_entry_reg_8/rtu_idu_flush_wbt,0,0.0,0.0,0.0,0.0,,0
x_aq_idu_top/x_aq_idu_id_wbt/x_aq_idu_id_wbt_entry_reg_8/wb_clk,0,0.0,0.0,0.0,0.0,,0
x_aq_idu_top/x_aq_idu_id_wbt/x_aq_idu_id_wbt_entry_reg_8/wb_debug_x,3,0.0007088846880907373,1.9422399999999997,1.6281752090480472,0.0,0.042757957629168515,1
x_aq_idu_top/x_aq_idu_id_wbt/x_aq_idu_id_wbt_entry_reg_8/wb_en_x,0,0.0,0.0,0.0,0.0,,0
x_aq_idu_top/x_aq_idu_id_wbt/x_aq_idu_id_wbt_entry_reg_8/cnt_is_1,2,0.0004725897920604915,0.45699999999999985,0.38310202165281193,0.0,0.012284684345102628,1
x_aq_idu_top/x_aq_idu_id_wbt/x_aq_idu_id_wbt_entry_reg_8/cnt_is_2,0,0.0,0.0,0.0,0.0,,0
x_aq_idu_top/x_aq_idu_id_wbt/x_aq_idu_id_wbt_entry_reg_8/create_en,0,0.0,0.0,0.0,0.0,,0
x_aq_idu_top/x_aq_idu_id_wbt/x_aq_idu_id_wbt_entry_reg_8/create_inst_type[2:0],0,0.0,0.0,0.0,0.0,,0
x_aq_idu_top/x_aq_idu_id_wbt/x_aq_idu_id_wbt_entry_reg_9/cpurst_b,3,0.0007088846880907373,1.0352400000000002,0.8678392492250705,0.0,0.0006521441666639201,1
x_aq_idu_top/x_aq_idu_id_wbt/x_aq_idu_id_wbt_entry_reg_9/create0_en_x,0,0.0,0.0,0.0,0.0,,0
x_aq_idu_top/x_aq_idu_id_wbt/x_aq_idu_id_wbt_entry_reg_9/create1_en_x,0,0.0,0.0,0.0,0.0,,0
x_aq_idu_top/x_aq_idu_id_wbt/x_aq_idu_id_wbt_entry_reg_9/create_clk,0,0.0,0.0,0.0,0.0,,0
x_aq_idu_top/x_aq_idu_id_wbt/x_aq_idu_id_wbt_entry_reg_9/dp_wbt_dst0_type[2:0],135,0.031899810964083175,1.8703194074074072,1.5678843459830791,0.35555555555555557,0.13648550902207288,3
x_aq_idu_top/x_aq_idu_id_wbt/x_aq_idu_id_wbt_entry_reg_9/dp_wbt_dst1_type[2:0],3,0.0007088846880907373,2.0275733333333337,1.699709941026983,0.3333333333333333,0.036912954338464574,1
x_aq_idu_top/x_aq_idu_id_wbt/x_aq_idu_id_wbt_entry_reg_9/iu_yy_xx_cancel,0,0.0,0.0,0.0,0.0,,0
x_aq_idu_top/x_aq_idu_id_wbt/x_aq_idu_id_wbt_entry_reg_9/read_data_y[6:0],99,0.02339319470699433,1.7266941414141415,1.447483624402241,0.25252525252525254,0.14414717767307833,3
x_aq_idu_top/x_aq_idu_id_wbt/x_aq_idu_id_wbt_entry_reg_9/rtu_idu_flush_wbt,0,0.0,0.0,0.0,0.0,,0
x_aq_idu_top/x_aq_idu_id_wbt/x_aq_idu_id_wbt_entry_reg_9/wb_clk,0,0.0,0.0,0.0,0.0,,0
x_aq_idu_top/x_aq_idu_id_wbt/x_aq_idu_id_wbt_entry_reg_9/wb_debug_x,37,0.008742911153119093,1.6465600000000002,1.380307362741038,0.16216216216216217,-0.0931469537147055,1
x_aq_idu_top/x_aq_idu_id_wbt/x_aq_idu_id_wbt_entry_reg_9/wb_en_x,0,0.0,0.0,0.0,0.0,,0
x_aq_idu_top/x_aq_idu_id_wbt/x_aq_idu_id_wbt_entry_reg_9/cnt_is_1,44,0.010396975425330813,1.7701818181818183,1.483939241222112,0.2727272727272727,0.032680028922775585,1
x_aq_idu_top/x_aq_idu_id_wbt/x_aq_idu_id_wbt_entry_reg_9/cnt_is_2,0,0.0,0.0,0.0,0.0,,0
x_aq_idu_top/x_aq_idu_id_wbt/x_aq_idu_id_wbt_entry_reg_9/create_en,0,0.0,0.0,0.0,0.0,,0
x_aq_idu_top/x_aq_idu_id_wbt/x_aq_idu_id_wbt_entry_reg_9/create_inst_type[2:0],14,0.0033081285444234404,1.7855714285714286,1.4968403152980614,0.0,0.07509699805794734,1
x_aq_idu_top/x_aq_idu_id_wbt/x_aq_idu_id_wbt_entry_reg_10/cpurst_b,3,0.0007088846880907373,1.0352400000000002,0.8678392492250705,0.0,0.0006521441666639201,1
x_aq_idu_top/x_aq_idu_id_wbt/x_aq_idu_id_wbt_entry_reg_10/create0_en_x,16,0.003780718336483932,1.7811249999999998,1.4931128847185227,0.25,0.12561526800225042,1
x_aq_idu_top/x_aq_idu_id_wbt/x_aq_idu_id_wbt_entry_reg_10/create1_en_x,0,0.0,0.0,0.0,0.0,,0
x_aq_idu_top/x_aq_idu_id_wbt/x_aq_idu_id_wbt_entry_reg_10/create_clk,0,0.0,0.0,0.0,0.0,,0
x_aq_idu_top/x_aq_idu_id_wbt/x_aq_idu_id_wbt_entry_reg_10/dp_wbt_dst0_type[2:0],135,0.031899810964083175,1.8703194074074072,1.5678843459830791,0.35555555555555557,0.13648550902207288,3
x_aq_idu_top/x_aq_idu_id_wbt/x_aq_idu_id_wbt_entry_reg_10/dp_wbt_dst1_type[2:0],3,0.0007088846880907373,2.0275733333333337,1.699709941026983,0.3333333333333333,0.036912954338464574,1
x_aq_idu_top/x_aq_idu_id_wbt/x_aq_idu_id_wbt_entry_reg_10/iu_yy_xx_cancel,0,0.0,0.0,0.0,0.0,,0
x_aq_idu_top/x_aq_idu_id_wbt/x_aq_idu_id_wbt_entry_reg_10/read_data_y[6:0],83,0.019612476370510397,1.74373156626506,1.4617660574528861,0.20481927710843373,0.19955188663371565,3
x_aq_idu_top/x_aq_idu_id_wbt/x_aq_idu_id_wbt_entry_reg_10/rtu_idu_flush_wbt,0,0.0,0.0,0.0,0.0,,0
x_aq_idu_top/x_aq_idu_id_wbt/x_aq_idu_id_wbt_entry_reg_10/wb_clk,0,0.0,0.0,0.0,0.0,,0
x_aq_idu_top/x_aq_idu_id_wbt/x_aq_idu_id_wbt_entry_reg_10/wb_debug_x,31,0.007325141776937618,1.851087741935484,1.5517624861974242,0.22580645161290322,-0.11028867033624806,1
x_aq_idu_top/x_aq_idu_id_wbt/x_aq_idu_id_wbt_entry_reg_10/wb_en_x,16,0.003780718336483932,1.9333749999999998,1.6207437004660952,0.25,0.12490625294387307,1
x_aq_idu_top/x_aq_idu_id_wbt/x_aq_idu_id_wbt_entry_reg_10/cnt_is_1,26,0.006143667296786389,1.8271153846153845,1.5316665156216829,0.07692307692307693,0.03004160584750743,1
x_aq_idu_top/x_aq_idu_id_wbt/x_aq_idu_id_wbt_entry_reg_10/cnt_is_2,6,0.0014177693761814746,1.4480000000000002,1.2138549832675536,0.16666666666666666,0.07711067415055221,1
x_aq_idu_top/x_aq_idu_id_wbt/x_aq_idu_id_wbt_entry_reg_10/create_en,16,0.003780718336483932,1.7811249999999998,1.4931128847185227,0.25,0.12561526800225042,1
x_aq_idu_top/x_aq_idu_id_wbt/x_aq_idu_id_wbt_entry_reg_10/create_inst_type[2:0],30,0.007088846880907372,1.7101999999999997,1.4336566245747027,0.16666666666666666,0.08955595555784278,1
x_aq_idu_top/x_aq_idu_id_wbt/x_aq_idu_id_wbt_entry_reg_11/cpurst_b,3,0.0007088846880907373,1.0352400000000002,0.8678392492250705,0.0,0.0006521441666639201,1
x_aq_idu_top/x_aq_idu_id_wbt/x_aq_idu_id_wbt_entry_reg_11/create0_en_x,2,0.0004725897920604915,1.4914999999999994,1.2503209306240022,0.5,0.027712776173966412,1
x_aq_idu_top/x_aq_idu_id_wbt/x_aq_idu_id_wbt_entry_reg_11/create1_en_x,0,0.0,0.0,0.0,0.0,,0
x_aq_idu_top/x_aq_idu_id_wbt/x_aq_idu_id_wbt_entry_reg_11/create_clk,0,0.0,0.0,0.0,0.0,,0
x_aq_idu_top/x_aq_idu_id_wbt/x_aq_idu_id_wbt_entry_reg_11/dp_wbt_dst0_type[2:0],135,0.031899810964083175,1.8703194074074072,1.5678843459830791,0.35555555555555557,0.13648550902207288,3
x_aq_idu_top/x_aq_idu_id_wbt/x_aq_idu_id_wbt_entry_reg_11/dp_wbt_dst1_type[2:0],3,0.0007088846880907373,2.0275733333333337,1.699709941026983,0.3333333333333333,0.036912954338464574,1
x_aq_idu_top/x_aq_idu_id_wbt/x_aq_idu_id_wbt_entry_reg_11/iu_yy_xx_cancel,0,0.0,0.0,0.0,0.0,,0
x_aq_idu_top/x_aq_idu_id_wbt/x_aq_idu_id_wbt_entry_reg_11/read_data_y[6:0],25,0.005907372400756144,1.5777487999999997,1.322623096149449,0.2,0.1474742096379215,3
x_aq_idu_top/x_aq_idu_id_wbt/x_aq_idu_id_wbt_entry_reg_11/rtu_idu_flush_wbt,0,0.0,0.0,0.0,0.0,,0
x_aq_idu_top/x_aq_idu_id_wbt/x_aq_idu_id_wbt_entry_reg_11/wb_clk,0,0.0,0.0,0.0,0.0,,0
x_aq_idu_top/x_aq_idu_id_wbt/x_aq_idu_id_wbt_entry_reg_11/wb_debug_x,9,0.0021266540642722116,1.8658577777777776,1.5641441723923195,0.1111111111111111,-0.04585303380952177,1
x_aq_idu_top/x_aq_idu_id_wbt/x_aq_idu_id_wbt_entry_reg_11/wb_en_x,2,0.0004725897920604915,2.354,1.9733526454501524,0.0,0.039312500491061685,1
x_aq_idu_top/x_aq_idu_id_wbt/x_aq_idu_id_wbt_entry_reg_11/cnt_is_1,10,0.0023629489603024575,1.3999999999999997,1.1736166965294021,0.2,0.07157465890784688,1
x_aq_idu_top/x_aq_idu_id_wbt/x_aq_idu_id_wbt_entry_reg_11/cnt_is_2,0,0.0,0.0,0.0,0.0,,0
x_aq_idu_top/x_aq_idu_id_wbt/x_aq_idu_id_wbt_entry_reg_11/create_en,2,0.0004725897920604915,1.4914999999999994,1.2503209306240022,0.5,0.027712776173966412,1
x_aq_idu_top/x_aq_idu_id_wbt/x_aq_idu_id_wbt_entry_reg_11/create_inst_type[2:0],4,0.000945179584120983,0.9514999999999997,0.7976402048198044,0.25,0.019118311461449166,1
x_aq_idu_top/x_aq_idu_id_wbt/x_aq_idu_id_wbt_entry_reg_12/cpurst_b,3,0.0007088846880907373,1.0352400000000002,0.8678392492250705,0.0,0.0006521441666639201,1
x_aq_idu_top/x_aq_idu_id_wbt/x_aq_idu_id_wbt_entry_reg_12/create0_en_x,0,0.0,0.0,0.0,0.0,,0
x_aq_idu_top/x_aq_idu_id_wbt/x_aq_idu_id_wbt_entry_reg_12/create1_en_x,0,0.0,0.0,0.0,0.0,,0
x_aq_idu_top/x_aq_idu_id_wbt/x_aq_idu_id_wbt_entry_reg_12/create_clk,0,0.0,0.0,0.0,0.0,,0
x_aq_idu_top/x_aq_idu_id_wbt/x_aq_idu_id_wbt_entry_reg_12/dp_wbt_dst0_type[2:0],135,0.031899810964083175,1.8703194074074072,1.5678843459830791,0.35555555555555557,0.13648550902207288,3
x_aq_idu_top/x_aq_idu_id_wbt/x_aq_idu_id_wbt_entry_reg_12/dp_wbt_dst1_type[2:0],3,0.0007088846880907373,2.0275733333333337,1.699709941026983,0.3333333333333333,0.036912954338464574,1
x_aq_idu_top/x_aq_idu_id_wbt/x_aq_idu_id_wbt_entry_reg_12/iu_yy_xx_cancel,0,0.0,0.0,0.0,0.0,,0
x_aq_idu_top/x_aq_idu_id_wbt/x_aq_idu_id_wbt_entry_reg_12/read_data_y[6:0],20,0.004725897920604915,1.5165859999999995,1.2713504652305285,0.3,0.13353398346844864,3
x_aq_idu_top/x_aq_idu_id_wbt/x_aq_idu_id_wbt_entry_reg_12/rtu_idu_flush_wbt,0,0.0,0.0,0.0,0.0,,0
x_aq_idu_top/x_aq_idu_id_wbt/x_aq_idu_id_wbt_entry_reg_12/wb_clk,0,0.0,0.0,0.0,0.0,,0
x_aq_idu_top/x_aq_idu_id_wbt/x_aq_idu_id_wbt_entry_reg_12/wb_debug_x,7,0.0016540642722117202,1.1143885714285713,0.9341893098929428,0.14285714285714285,-0.015130995130874219,1
x_aq_idu_top/x_aq_idu_id_wbt/x_aq_idu_id_wbt_entry_reg_12/wb_en_x,0,0.0,0.0,0.0,0.0,,0
x_aq_idu_top/x_aq_idu_id_wbt/x_aq_idu_id_wbt_entry_reg_12/cnt_is_1,8,0.001890359168241966,1.9008749999999996,1.5934990271538054,0.375,0.04241845496921824,1
x_aq_idu_top/x_aq_idu_id_wbt/x_aq_idu_id_wbt_entry_reg_12/cnt_is_2,0,0.0,0.0,0.0,0.0,,0
x_aq_idu_top/x_aq_idu_id_wbt/x_aq_idu_id_wbt_entry_reg_12/create_en,0,0.0,0.0,0.0,0.0,,0
x_aq_idu_top/x_aq_idu_id_wbt/x_aq_idu_id_wbt_entry_reg_12/create_inst_type[2:0],2,0.0004725897920604915,2.3245000000000005,1.9486228650589974,0.0,0.030101548592058765,1
x_aq_idu_top/x_aq_idu_id_wbt/x_aq_idu_id_wbt_entry_reg_13/cpurst_b,3,0.0007088846880907373,1.0352400000000002,0.8678392492250705,0.0,0.0006521441666639201,1
x_aq_idu_top/x_aq_idu_id_wbt/x_aq_idu_id_wbt_entry_reg_13/create0_en_x,0,0.0,0.0,0.0,0.0,,0
x_aq_idu_top/x_aq_idu_id_wbt/x_aq_idu_id_wbt_entry_reg_13/create1_en_x,0,0.0,0.0,0.0,0.0,,0
x_aq_idu_top/x_aq_idu_id_wbt/x_aq_idu_id_wbt_entry_reg_13/create_clk,0,0.0,0.0,0.0,0.0,,0
x_aq_idu_top/x_aq_idu_id_wbt/x_aq_idu_id_wbt_entry_reg_13/dp_wbt_dst0_type[2:0],135,0.031899810964083175,1.8703194074074072,1.5678843459830791,0.35555555555555557,0.13648550902207288,3
x_aq_idu_top/x_aq_idu_id_wbt/x_aq_idu_id_wbt_entry_reg_13/dp_wbt_dst1_type[2:0],3,0.0007088846880907373,2.0275733333333337,1.699709941026983,0.3333333333333333,0.036912954338464574,1
x_aq_idu_top/x_aq_idu_id_wbt/x_aq_idu_id_wbt_entry_reg_13/iu_yy_xx_cancel,0,0.0,0.0,0.0,0.0,,0
x_aq_idu_top/x_aq_idu_id_wbt/x_aq_idu_id_wbt_entry_reg_13/read_data_y[6:0],17,0.004017013232514178,1.5509247058823528,1.3001365213453442,0.35294117647058826,0.12989303990483445,3
x_aq_idu_top/x_aq_idu_id_wbt/x_aq_idu_id_wbt_entry_reg_13/rtu_idu_flush_wbt,0,0.0,0.0,0.0,0.0,,0
x_aq_idu_top/x_aq_idu_id_wbt/x_aq_idu_id_wbt_entry_reg_13/wb_clk,0,0.0,0.0,0.0,0.0,,0
x_aq_idu_top/x_aq_idu_id_wbt/x_aq_idu_id_wbt_entry_reg_13/wb_debug_x,7,0.0016540642722117202,1.46396,1.2272342136079886,0.14285714285714285,-0.0023515138760738354,1
x_aq_idu_top/x_aq_idu_id_wbt/x_aq_idu_id_wbt_entry_reg_13/wb_en_x,0,0.0,0.0,0.0,0.0,,0
x_aq_idu_top/x_aq_idu_id_wbt/x_aq_idu_id_wbt_entry_reg_13/cnt_is_1,6,0.0014177693761814746,2.1048333333333322,1.764476816722597,0.6666666666666666,0.035488211982486466,1
x_aq_idu_top/x_aq_idu_id_wbt/x_aq_idu_id_wbt_entry_reg_13/cnt_is_2,0,0.0,0.0,0.0,0.0,,0
x_aq_idu_top/x_aq_idu_id_wbt/x_aq_idu_id_wbt_entry_reg_13/create_en,0,0.0,0.0,0.0,0.0,,0
x_aq_idu_top/x_aq_idu_id_wbt/x_aq_idu_id_wbt_entry_reg_13/create_inst_type[2:0],2,0.0004725897920604915,1.7984999999999995,1.5076783062200927,0.5,0.01442465740149348,1
x_aq_idu_top/x_aq_idu_id_wbt/x_aq_idu_id_wbt_entry_reg_14/cpurst_b,3,0.0007088846880907373,1.0352400000000002,0.8678392492250705,0.0,0.0006521441666639201,1
x_aq_idu_top/x_aq_idu_id_wbt/x_aq_idu_id_wbt_entry_reg_14/create0_en_x,0,0.0,0.0,0.0,0.0,,0
x_aq_idu_top/x_aq_idu_id_wbt/x_aq_idu_id_wbt_entry_reg_14/create1_en_x,0,0.0,0.0,0.0,0.0,,0
x_aq_idu_top/x_aq_idu_id_wbt/x_aq_idu_id_wbt_entry_reg_14/create_clk,0,0.0,0.0,0.0,0.0,,0
x_aq_idu_top/x_aq_idu_id_wbt/x_aq_idu_id_wbt_entry_reg_14/dp_wbt_dst0_type[2:0],135,0.031899810964083175,1.8703194074074072,1.5678843459830791,0.35555555555555557,0.13648550902207288,3
x_aq_idu_top/x_aq_idu_id_wbt/x_aq_idu_id_wbt_entry_reg_14/dp_wbt_dst1_type[2:0],3,0.0007088846880907373,2.0275733333333337,1.699709941026983,0.3333333333333333,0.036912954338464574,1
x_aq_idu_top/x_aq_idu_id_wbt/x_aq_idu_id_wbt_entry_reg_14/iu_yy_xx_cancel,0,0.0,0.0,0.0,0.0,,0
x_aq_idu_top/x_aq_idu_id_wbt/x_aq_idu_id_wbt_entry_reg_14/read_data_y[6:0],17,0.004017013232514178,1.4653364705882357,1.2283881056541566,0.23529411764705882,0.13042892908531314,3
x_aq_idu_top/x_aq_idu_id_wbt/x_aq_idu_id_wbt_entry_reg_14/rtu_idu_flush_wbt,0,0.0,0.0,0.0,0.0,,0
x_aq_idu_top/x_aq_idu_id_wbt/x_aq_idu_id_wbt_entry_reg_14/wb_clk,0,0.0,0.0,0.0,0.0,,0
x_aq_idu_top/x_aq_idu_id_wbt/x_aq_idu_id_wbt_entry_reg_14/wb_debug_x,7,0.0016540642722117202,1.54196,1.2926214295574838,0.2857142857142857,0.0016994740680056487,1
x_aq_idu_top/x_aq_idu_id_wbt/x_aq_idu_id_wbt_entry_reg_14/wb_en_x,0,0.0,0.0,0.0,0.0,,0
x_aq_idu_top/x_aq_idu_id_wbt/x_aq_idu_id_wbt_entry_reg_14/cnt_is_1,6,0.0014177693761814746,1.7713333333333334,1.4849045536564869,0.16666666666666666,0.0381311809989435,1
x_aq_idu_top/x_aq_idu_id_wbt/x_aq_idu_id_wbt_entry_reg_14/cnt_is_2,0,0.0,0.0,0.0,0.0,,0
x_aq_idu_top/x_aq_idu_id_wbt/x_aq_idu_id_wbt_entry_reg_14/create_en,0,0.0,0.0,0.0,0.0,,0
x_aq_idu_top/x_aq_idu_id_wbt/x_aq_idu_id_wbt_entry_reg_14/create_inst_type[2:0],2,0.0004725897920604915,2.709999999999999,2.2717866054247713,0.5,0.012843998775764311,1
x_aq_idu_top/x_aq_idu_id_wbt/x_aq_idu_id_wbt_entry_reg_15/cpurst_b,3,0.0007088846880907373,1.0352400000000002,0.8678392492250705,0.0,0.0006521441666639201,1
x_aq_idu_top/x_aq_idu_id_wbt/x_aq_idu_id_wbt_entry_reg_15/create0_en_x,0,0.0,0.0,0.0,0.0,,0
x_aq_idu_top/x_aq_idu_id_wbt/x_aq_idu_id_wbt_entry_reg_15/create1_en_x,0,0.0,0.0,0.0,0.0,,0
x_aq_idu_top/x_aq_idu_id_wbt/x_aq_idu_id_wbt_entry_reg_15/create_clk,0,0.0,0.0,0.0,0.0,,0
x_aq_idu_top/x_aq_idu_id_wbt/x_aq_idu_id_wbt_entry_reg_15/dp_wbt_dst0_type[2:0],135,0.031899810964083175,1.8703194074074072,1.5678843459830791,0.35555555555555557,0.13648550902207288,3
x_aq_idu_top/x_aq_idu_id_wbt/x_aq_idu_id_wbt_entry_reg_15/dp_wbt_dst1_type[2:0],3,0.0007088846880907373,2.0275733333333337,1.699709941026983,0.3333333333333333,0.036912954338464574,1
x_aq_idu_top/x_aq_idu_id_wbt/x_aq_idu_id_wbt_entry_reg_15/iu_yy_xx_cancel,0,0.0,0.0,0.0,0.0,,0
x_aq_idu_top/x_aq_idu_id_wbt/x_aq_idu_id_wbt_entry_reg_15/read_data_y[6:0],17,0.004017013232514178,1.6152188235294118,1.3540341284590687,0.29411764705882354,0.1294384374004091,3
x_aq_idu_top/x_aq_idu_id_wbt/x_aq_idu_id_wbt_entry_reg_15/rtu_idu_flush_wbt,0,0.0,0.0,0.0,0.0,,0
x_aq_idu_top/x_aq_idu_id_wbt/x_aq_idu_id_wbt_entry_reg_15/wb_clk,0,0.0,0.0,0.0,0.0,,0
x_aq_idu_top/x_aq_idu_id_wbt/x_aq_idu_id_wbt_entry_reg_15/wb_debug_x,7,0.0016540642722117202,2.25596,1.8911659447874791,0.2857142857142857,-0.00220766141896003,1
x_aq_idu_top/x_aq_idu_id_wbt/x_aq_idu_id_wbt_entry_reg_15/wb_en_x,0,0.0,0.0,0.0,0.0,,0
x_aq_idu_top/x_aq_idu_id_wbt/x_aq_idu_id_wbt_entry_reg_15/cnt_is_1,6,0.0014177693761814746,1.3629999999999995,1.1425996838354107,0.3333333333333333,0.03985111745216948,1
x_aq_idu_top/x_aq_idu_id_wbt/x_aq_idu_id_wbt_entry_reg_15/cnt_is_2,0,0.0,0.0,0.0,0.0,,0
x_aq_idu_top/x_aq_idu_id_wbt/x_aq_idu_id_wbt_entry_reg_15/create_en,0,0.0,0.0,0.0,0.0,,0
x_aq_idu_top/x_aq_idu_id_wbt/x_aq_idu_id_wbt_entry_reg_15/create_inst_type[2:0],2,0.0004725897920604915,1.6949999999999987,1.420914500440954,1.0,0.025237983589815136,1
x_aq_idu_top/x_aq_idu_id_wbt/x_aq_idu_id_wbt_entry_reg_16/cpurst_b,3,0.0007088846880907373,1.0352400000000002,0.8678392492250705,0.0,0.0006521441666639201,1
x_aq_idu_top/x_aq_idu_id_wbt/x_aq_idu_id_wbt_entry_reg_16/create0_en_x,0,0.0,0.0,0.0,0.0,,0
x_aq_idu_top/x_aq_idu_id_wbt/x_aq_idu_id_wbt_entry_reg_16/create1_en_x,0,0.0,0.0,0.0,0.0,,0
x_aq_idu_top/x_aq_idu_id_wbt/x_aq_idu_id_wbt_entry_reg_16/create_clk,0,0.0,0.0,0.0,0.0,,0
x_aq_idu_top/x_aq_idu_id_wbt/x_aq_idu_id_wbt_entry_reg_16/dp_wbt_dst0_type[2:0],135,0.031899810964083175,1.8703194074074072,1.5678843459830791,0.35555555555555557,0.13648550902207288,3
x_aq_idu_top/x_aq_idu_id_wbt/x_aq_idu_id_wbt_entry_reg_16/dp_wbt_dst1_type[2:0],3,0.0007088846880907373,2.0275733333333337,1.699709941026983,0.3333333333333333,0.036912954338464574,1
x_aq_idu_top/x_aq_idu_id_wbt/x_aq_idu_id_wbt_entry_reg_16/iu_yy_xx_cancel,0,0.0,0.0,0.0,0.0,,0
x_aq_idu_top/x_aq_idu_id_wbt/x_aq_idu_id_wbt_entry_reg_16/read_data_y[6:0],7,0.0016540642722117202,1.4222457142857141,1.192265226323643,0.0,0.08964512383097441,3
x_aq_idu_top/x_aq_idu_id_wbt/x_aq_idu_id_wbt_entry_reg_16/rtu_idu_flush_wbt,0,0.0,0.0,0.0,0.0,,0
x_aq_idu_top/x_aq_idu_id_wbt/x_aq_idu_id_wbt_entry_reg_16/wb_clk,0,0.0,0.0,0.0,0.0,,0
x_aq_idu_top/x_aq_idu_id_wbt/x_aq_idu_id_wbt_entry_reg_16/wb_debug_x,3,0.0007088846880907373,1.289573333333333,1.0810462824279117,0.0,0.045209293431914724,1
x_aq_idu_top/x_aq_idu_id_wbt/x_aq_idu_id_wbt_entry_reg_16/wb_en_x,0,0.0,0.0,0.0,0.0,,0
x_aq_idu_top/x_aq_idu_id_wbt/x_aq_idu_id_wbt_entry_reg_16/cnt_is_1,2,0.0004725897920604915,2.4990000000000006,2.0949058033049837,0.0,-0.006536212224729843,1
x_aq_idu_top/x_aq_idu_id_wbt/x_aq_idu_id_wbt_entry_reg_16/cnt_is_2,0,0.0,0.0,0.0,0.0,,0
x_aq_idu_top/x_aq_idu_id_wbt/x_aq_idu_id_wbt_entry_reg_16/create_en,0,0.0,0.0,0.0,0.0,,0
x_aq_idu_top/x_aq_idu_id_wbt/x_aq_idu_id_wbt_entry_reg_16/create_inst_type[2:0],0,0.0,0.0,0.0,0.0,,0
x_aq_idu_top/x_aq_idu_id_wbt/x_aq_idu_id_wbt_entry_reg_17/cpurst_b,3,0.0007088846880907373,1.0352400000000002,0.8678392492250705,0.0,0.0006521441666639201,1
x_aq_idu_top/x_aq_idu_id_wbt/x_aq_idu_id_wbt_entry_reg_17/create0_en_x,0,0.0,0.0,0.0,0.0,,0
x_aq_idu_top/x_aq_idu_id_wbt/x_aq_idu_id_wbt_entry_reg_17/create1_en_x,0,0.0,0.0,0.0,0.0,,0
x_aq_idu_top/x_aq_idu_id_wbt/x_aq_idu_id_wbt_entry_reg_17/create_clk,0,0.0,0.0,0.0,0.0,,0
x_aq_idu_top/x_aq_idu_id_wbt/x_aq_idu_id_wbt_entry_reg_17/dp_wbt_dst0_type[2:0],135,0.031899810964083175,1.8703194074074072,1.5678843459830791,0.35555555555555557,0.13648550902207288,3
x_aq_idu_top/x_aq_idu_id_wbt/x_aq_idu_id_wbt_entry_reg_17/dp_wbt_dst1_type[2:0],3,0.0007088846880907373,2.0275733333333337,1.699709941026983,0.3333333333333333,0.036912954338464574,1
x_aq_idu_top/x_aq_idu_id_wbt/x_aq_idu_id_wbt_entry_reg_17/iu_yy_xx_cancel,0,0.0,0.0,0.0,0.0,,0
x_aq_idu_top/x_aq_idu_id_wbt/x_aq_idu_id_wbt_entry_reg_17/read_data_y[6:0],7,0.0016540642722117202,1.0938171428571428,0.9169443298623068,0.0,0.09353267046023059,3
x_aq_idu_top/x_aq_idu_id_wbt/x_aq_idu_id_wbt_entry_reg_17/rtu_idu_flush_wbt,0,0.0,0.0,0.0,0.0,,0
x_aq_idu_top/x_aq_idu_id_wbt/x_aq_idu_id_wbt_entry_reg_17/wb_clk,0,0.0,0.0,0.0,0.0,,0
x_aq_idu_top/x_aq_idu_id_wbt/x_aq_idu_id_wbt_entry_reg_17/wb_debug_x,3,0.0007088846880907373,1.8539066666666668,1.5541255841479782,0.0,0.04298080633850903,1
x_aq_idu_top/x_aq_idu_id_wbt/x_aq_idu_id_wbt_entry_reg_17/wb_en_x,0,0.0,0.0,0.0,0.0,,0
x_aq_idu_top/x_aq_idu_id_wbt/x_aq_idu_id_wbt_entry_reg_17/cnt_is_1,2,0.0004725897920604915,0.5030000000000001,0.42166371311020684,0.0,0.011390634447144674,1
x_aq_idu_top/x_aq_idu_id_wbt/x_aq_idu_id_wbt_entry_reg_17/cnt_is_2,0,0.0,0.0,0.0,0.0,,0
x_aq_idu_top/x_aq_idu_id_wbt/x_aq_idu_id_wbt_entry_reg_17/create_en,0,0.0,0.0,0.0,0.0,,0
x_aq_idu_top/x_aq_idu_id_wbt/x_aq_idu_id_wbt_entry_reg_17/create_inst_type[2:0],0,0.0,0.0,0.0,0.0,,0
x_aq_idu_top/x_aq_idu_id_wbt/x_aq_idu_id_wbt_entry_reg_18/cpurst_b,3,0.0007088846880907373,1.0352400000000002,0.8678392492250705,0.0,0.0006521441666639201,1
x_aq_idu_top/x_aq_idu_id_wbt/x_aq_idu_id_wbt_entry_reg_18/create0_en_x,0,0.0,0.0,0.0,0.0,,0
x_aq_idu_top/x_aq_idu_id_wbt/x_aq_idu_id_wbt_entry_reg_18/create1_en_x,0,0.0,0.0,0.0,0.0,,0
x_aq_idu_top/x_aq_idu_id_wbt/x_aq_idu_id_wbt_entry_reg_18/create_clk,0,0.0,0.0,0.0,0.0,,0
x_aq_idu_top/x_aq_idu_id_wbt/x_aq_idu_id_wbt_entry_reg_18/dp_wbt_dst0_type[2:0],135,0.031899810964083175,1.8703194074074072,1.5678843459830791,0.35555555555555557,0.13648550902207288,3
x_aq_idu_top/x_aq_idu_id_wbt/x_aq_idu_id_wbt_entry_reg_18/dp_wbt_dst1_type[2:0],3,0.0007088846880907373,2.0275733333333337,1.699709941026983,0.3333333333333333,0.036912954338464574,1
x_aq_idu_top/x_aq_idu_id_wbt/x_aq_idu_id_wbt_entry_reg_18/iu_yy_xx_cancel,0,0.0,0.0,0.0,0.0,,0
x_aq_idu_top/x_aq_idu_id_wbt/x_aq_idu_id_wbt_entry_reg_18/read_data_y[6:0],7,0.0016540642722117202,1.1091028571428574,0.9297583080795158,0.0,0.09265381951152128,3
x_aq_idu_top/x_aq_idu_id_wbt/x_aq_idu_id_wbt_entry_reg_18/rtu_idu_flush_wbt,0,0.0,0.0,0.0,0.0,,0
x_aq_idu_top/x_aq_idu_id_wbt/x_aq_idu_id_wbt_entry_reg_18/wb_clk,0,0.0,0.0,0.0,0.0,,0
x_aq_idu_top/x_aq_idu_id_wbt/x_aq_idu_id_wbt_entry_reg_18/wb_debug_x,3,0.0007088846880907373,1.9162400000000002,1.606379470398216,0.0,0.04306357871626414,1
x_aq_idu_top/x_aq_idu_id_wbt/x_aq_idu_id_wbt_entry_reg_18/wb_en_x,0,0.0,0.0,0.0,0.0,,0
x_aq_idu_top/x_aq_idu_id_wbt/x_aq_idu_id_wbt_entry_reg_18/cnt_is_1,2,0.0004725897920604915,0.4630000000000005,0.3881318074950814,0.0,0.01200959206880788,1
x_aq_idu_top/x_aq_idu_id_wbt/x_aq_idu_id_wbt_entry_reg_18/cnt_is_2,0,0.0,0.0,0.0,0.0,,0
x_aq_idu_top/x_aq_idu_id_wbt/x_aq_idu_id_wbt_entry_reg_18/create_en,0,0.0,0.0,0.0,0.0,,0
x_aq_idu_top/x_aq_idu_id_wbt/x_aq_idu_id_wbt_entry_reg_18/create_inst_type[2:0],0,0.0,0.0,0.0,0.0,,0
x_aq_idu_top/x_aq_idu_id_wbt/x_aq_idu_id_wbt_entry_reg_19/cpurst_b,3,0.0007088846880907373,1.0352400000000002,0.8678392492250705,0.0,0.0006521441666639201,1
x_aq_idu_top/x_aq_idu_id_wbt/x_aq_idu_id_wbt_entry_reg_19/create0_en_x,0,0.0,0.0,0.0,0.0,,0
x_aq_idu_top/x_aq_idu_id_wbt/x_aq_idu_id_wbt_entry_reg_19/create1_en_x,0,0.0,0.0,0.0,0.0,,0
x_aq_idu_top/x_aq_idu_id_wbt/x_aq_idu_id_wbt_entry_reg_19/create_clk,0,0.0,0.0,0.0,0.0,,0
x_aq_idu_top/x_aq_idu_id_wbt/x_aq_idu_id_wbt_entry_reg_19/dp_wbt_dst0_type[2:0],135,0.031899810964083175,1.8703194074074072,1.5678843459830791,0.35555555555555557,0.13648550902207288,3
x_aq_idu_top/x_aq_idu_id_wbt/x_aq_idu_id_wbt_entry_reg_19/dp_wbt_dst1_type[2:0],3,0.0007088846880907373,2.0275733333333337,1.699709941026983,0.3333333333333333,0.036912954338464574,1
x_aq_idu_top/x_aq_idu_id_wbt/x_aq_idu_id_wbt_entry_reg_19/iu_yy_xx_cancel,0,0.0,0.0,0.0,0.0,,0
x_aq_idu_top/x_aq_idu_id_wbt/x_aq_idu_id_wbt_entry_reg_19/read_data_y[6:0],7,0.0016540642722117202,1.390245714285714,1.1654397018315423,0.0,0.08293294798419656,3
x_aq_idu_top/x_aq_idu_id_wbt/x_aq_idu_id_wbt_entry_reg_19/rtu_idu_flush_wbt,0,0.0,0.0,0.0,0.0,,0
x_aq_idu_top/x_aq_idu_id_wbt/x_aq_idu_id_wbt_entry_reg_19/wb_clk,0,0.0,0.0,0.0,0.0,,0
x_aq_idu_top/x_aq_idu_id_wbt/x_aq_idu_id_wbt_entry_reg_19/wb_debug_x,3,0.0007088846880907373,1.2852399999999995,1.0774136593196062,0.0,0.045088318418272606,1
x_aq_idu_top/x_aq_idu_id_wbt/x_aq_idu_id_wbt_entry_reg_19/wb_en_x,0,0.0,0.0,0.0,0.0,,0
x_aq_idu_top/x_aq_idu_id_wbt/x_aq_idu_id_wbt_entry_reg_19/cnt_is_1,2,0.0004725897920604915,2.3935000000000004,2.0064654022450896,0.0,-0.005584851435877256,1
x_aq_idu_top/x_aq_idu_id_wbt/x_aq_idu_id_wbt_entry_reg_19/cnt_is_2,0,0.0,0.0,0.0,0.0,,0
x_aq_idu_top/x_aq_idu_id_wbt/x_aq_idu_id_wbt_entry_reg_19/create_en,0,0.0,0.0,0.0,0.0,,0
x_aq_idu_top/x_aq_idu_id_wbt/x_aq_idu_id_wbt_entry_reg_19/create_inst_type[2:0],0,0.0,0.0,0.0,0.0,,0
x_aq_idu_top/x_aq_idu_id_wbt/x_aq_idu_id_wbt_entry_reg_20/cpurst_b,3,0.0007088846880907373,1.0352400000000002,0.8678392492250705,0.0,0.0006521441666639201,1
x_aq_idu_top/x_aq_idu_id_wbt/x_aq_idu_id_wbt_entry_reg_20/create0_en_x,0,0.0,0.0,0.0,0.0,,0
x_aq_idu_top/x_aq_idu_id_wbt/x_aq_idu_id_wbt_entry_reg_20/create1_en_x,0,0.0,0.0,0.0,0.0,,0
x_aq_idu_top/x_aq_idu_id_wbt/x_aq_idu_id_wbt_entry_reg_20/create_clk,0,0.0,0.0,0.0,0.0,,0
x_aq_idu_top/x_aq_idu_id_wbt/x_aq_idu_id_wbt_entry_reg_20/dp_wbt_dst0_type[2:0],135,0.031899810964083175,1.8703194074074072,1.5678843459830791,0.35555555555555557,0.13648550902207288,3
x_aq_idu_top/x_aq_idu_id_wbt/x_aq_idu_id_wbt_entry_reg_20/dp_wbt_dst1_type[2:0],3,0.0007088846880907373,2.0275733333333337,1.699709941026983,0.3333333333333333,0.036912954338464574,1
x_aq_idu_top/x_aq_idu_id_wbt/x_aq_idu_id_wbt_entry_reg_20/iu_yy_xx_cancel,0,0.0,0.0,0.0,0.0,,0
x_aq_idu_top/x_aq_idu_id_wbt/x_aq_idu_id_wbt_entry_reg_20/read_data_y[6:0],7,0.0016540642722117202,1.2659599999999998,1.0612512808131158,0.0,0.08629899326471506,3
x_aq_idu_top/x_aq_idu_id_wbt/x_aq_idu_id_wbt_entry_reg_20/rtu_idu_flush_wbt,0,0.0,0.0,0.0,0.0,,0
x_aq_idu_top/x_aq_idu_id_wbt/x_aq_idu_id_wbt_entry_reg_20/wb_clk,0,0.0,0.0,0.0,0.0,,0
x_aq_idu_top/x_aq_idu_id_wbt/x_aq_idu_id_wbt_entry_reg_20/wb_debug_x,3,0.0007088846880907373,1.5112400000000001,1.2668689260450674,0.0,0.04796625032175649,1
x_aq_idu_top/x_aq_idu_id_wbt/x_aq_idu_id_wbt_entry_reg_20/wb_en_x,0,0.0,0.0,0.0,0.0,,0
x_aq_idu_top/x_aq_idu_id_wbt/x_aq_idu_id_wbt_entry_reg_20/cnt_is_1,2,0.0004725897920604915,1.6194999999999997,1.357623028592405,0.0,0.021626359560945156,1
x_aq_idu_top/x_aq_idu_id_wbt/x_aq_idu_id_wbt_entry_reg_20/cnt_is_2,0,0.0,0.0,0.0,0.0,,0
x_aq_idu_top/x_aq_idu_id_wbt/x_aq_idu_id_wbt_entry_reg_20/create_en,0,0.0,0.0,0.0,0.0,,0
x_aq_idu_top/x_aq_idu_id_wbt/x_aq_idu_id_wbt_entry_reg_20/create_inst_type[2:0],0,0.0,0.0,0.0,0.0,,0
x_aq_idu_top/x_aq_idu_id_wbt/x_aq_idu_id_wbt_entry_reg_21/cpurst_b,3,0.0007088846880907373,1.0352400000000002,0.8678392492250705,0.0,0.0006521441666639201,1
x_aq_idu_top/x_aq_idu_id_wbt/x_aq_idu_id_wbt_entry_reg_21/create0_en_x,0,0.0,0.0,0.0,0.0,,0
x_aq_idu_top/x_aq_idu_id_wbt/x_aq_idu_id_wbt_entry_reg_21/create1_en_x,0,0.0,0.0,0.0,0.0,,0
x_aq_idu_top/x_aq_idu_id_wbt/x_aq_idu_id_wbt_entry_reg_21/create_clk,0,0.0,0.0,0.0,0.0,,0
x_aq_idu_top/x_aq_idu_id_wbt/x_aq_idu_id_wbt_entry_reg_21/dp_wbt_dst0_type[2:0],135,0.031899810964083175,1.8703194074074072,1.5678843459830791,0.35555555555555557,0.13648550902207288,3
x_aq_idu_top/x_aq_idu_id_wbt/x_aq_idu_id_wbt_entry_reg_21/dp_wbt_dst1_type[2:0],3,0.0007088846880907373,2.0275733333333337,1.699709941026983,0.3333333333333333,0.036912954338464574,1
x_aq_idu_top/x_aq_idu_id_wbt/x_aq_idu_id_wbt_entry_reg_21/iu_yy_xx_cancel,0,0.0,0.0,0.0,0.0,,0
x_aq_idu_top/x_aq_idu_id_wbt/x_aq_idu_id_wbt_entry_reg_21/read_data_y[6:0],7,0.0016540642722117202,1.0675314285714284,0.8949090776009382,0.0,0.08586864470723907,3
x_aq_idu_top/x_aq_idu_id_wbt/x_aq_idu_id_wbt_entry_reg_21/rtu_idu_flush_wbt,0,0.0,0.0,0.0,0.0,,0
x_aq_idu_top/x_aq_idu_id_wbt/x_aq_idu_id_wbt_entry_reg_21/wb_clk,0,0.0,0.0,0.0,0.0,,0
x_aq_idu_top/x_aq_idu_id_wbt/x_aq_idu_id_wbt_entry_reg_21/wb_debug_x,3,0.0007088846880907373,1.770573333333333,1.4842674474497992,0.0,0.04275159052318728,1
x_aq_idu_top/x_aq_idu_id_wbt/x_aq_idu_id_wbt_entry_reg_21/wb_en_x,0,0.0,0.0,0.0,0.0,,0
x_aq_idu_top/x_aq_idu_id_wbt/x_aq_idu_id_wbt_entry_reg_21/cnt_is_1,2,0.0004725897920604915,0.5359999999999996,0.44932753524268515,0.0,0.011688651079797352,1
x_aq_idu_top/x_aq_idu_id_wbt/x_aq_idu_id_wbt_entry_reg_21/cnt_is_2,0,0.0,0.0,0.0,0.0,,0
x_aq_idu_top/x_aq_idu_id_wbt/x_aq_idu_id_wbt_entry_reg_21/create_en,0,0.0,0.0,0.0,0.0,,0
x_aq_idu_top/x_aq_idu_id_wbt/x_aq_idu_id_wbt_entry_reg_21/create_inst_type[2:0],0,0.0,0.0,0.0,0.0,,0
x_aq_idu_top/x_aq_idu_id_wbt/x_aq_idu_id_wbt_entry_reg_22/cpurst_b,3,0.0007088846880907373,1.0352400000000002,0.8678392492250705,0.0,0.0006521441666639201,1
x_aq_idu_top/x_aq_idu_id_wbt/x_aq_idu_id_wbt_entry_reg_22/create0_en_x,0,0.0,0.0,0.0,0.0,,0
x_aq_idu_top/x_aq_idu_id_wbt/x_aq_idu_id_wbt_entry_reg_22/create1_en_x,0,0.0,0.0,0.0,0.0,,0
x_aq_idu_top/x_aq_idu_id_wbt/x_aq_idu_id_wbt_entry_reg_22/create_clk,0,0.0,0.0,0.0,0.0,,0
x_aq_idu_top/x_aq_idu_id_wbt/x_aq_idu_id_wbt_entry_reg_22/dp_wbt_dst0_type[2:0],135,0.031899810964083175,1.8703194074074072,1.5678843459830791,0.35555555555555557,0.13648550902207288,3
x_aq_idu_top/x_aq_idu_id_wbt/x_aq_idu_id_wbt_entry_reg_22/dp_wbt_dst1_type[2:0],3,0.0007088846880907373,2.0275733333333337,1.699709941026983,0.3333333333333333,0.036912954338464574,1
x_aq_idu_top/x_aq_idu_id_wbt/x_aq_idu_id_wbt_entry_reg_22/iu_yy_xx_cancel,0,0.0,0.0,0.0,0.0,,0
x_aq_idu_top/x_aq_idu_id_wbt/x_aq_idu_id_wbt_entry_reg_22/read_data_y[6:0],7,0.0016540642722117202,1.298102857142857,1.0881965621109848,0.0,0.08250331350356706,3
x_aq_idu_top/x_aq_idu_id_wbt/x_aq_idu_id_wbt_entry_reg_22/rtu_idu_flush_wbt,0,0.0,0.0,0.0,0.0,,0
x_aq_idu_top/x_aq_idu_id_wbt/x_aq_idu_id_wbt_entry_reg_22/wb_clk,0,0.0,0.0,0.0,0.0,,0
x_aq_idu_top/x_aq_idu_id_wbt/x_aq_idu_id_wbt_entry_reg_22/wb_debug_x,3,0.0007088846880907373,1.3789066666666665,1.1559342049683594,0.0,0.04833235891567316,1
x_aq_idu_top/x_aq_idu_id_wbt/x_aq_idu_id_wbt_entry_reg_22/wb_en_x,0,0.0,0.0,0.0,0.0,,0
x_aq_idu_top/x_aq_idu_id_wbt/x_aq_idu_id_wbt_entry_reg_22/cnt_is_1,2,0.0004725897920604915,1.9304999999999997,1.618333594750008,0.0,0.023563467673187437,1
x_aq_idu_top/x_aq_idu_id_wbt/x_aq_idu_id_wbt_entry_reg_22/cnt_is_2,0,0.0,0.0,0.0,0.0,,0
x_aq_idu_top/x_aq_idu_id_wbt/x_aq_idu_id_wbt_entry_reg_22/create_en,0,0.0,0.0,0.0,0.0,,0
x_aq_idu_top/x_aq_idu_id_wbt/x_aq_idu_id_wbt_entry_reg_22/create_inst_type[2:0],0,0.0,0.0,0.0,0.0,,0
x_aq_idu_top/x_aq_idu_id_wbt/x_aq_idu_id_wbt_entry_reg_23/cpurst_b,3,0.0007088846880907373,1.0352400000000002,0.8678392492250705,0.0,0.0006521441666639201,1
x_aq_idu_top/x_aq_idu_id_wbt/x_aq_idu_id_wbt_entry_reg_23/create0_en_x,0,0.0,0.0,0.0,0.0,,0
x_aq_idu_top/x_aq_idu_id_wbt/x_aq_idu_id_wbt_entry_reg_23/create1_en_x,0,0.0,0.0,0.0,0.0,,0
x_aq_idu_top/x_aq_idu_id_wbt/x_aq_idu_id_wbt_entry_reg_23/create_clk,0,0.0,0.0,0.0,0.0,,0
x_aq_idu_top/x_aq_idu_id_wbt/x_aq_idu_id_wbt_entry_reg_23/dp_wbt_dst0_type[2:0],135,0.031899810964083175,1.8703194074074072,1.5678843459830791,0.35555555555555557,0.13648550902207288,3
x_aq_idu_top/x_aq_idu_id_wbt/x_aq_idu_id_wbt_entry_reg_23/dp_wbt_dst1_type[2:0],3,0.0007088846880907373,2.0275733333333337,1.699709941026983,0.3333333333333333,0.036912954338464574,1
x_aq_idu_top/x_aq_idu_id_wbt/x_aq_idu_id_wbt_entry_reg_23/iu_yy_xx_cancel,0,0.0,0.0,0.0,0.0,,0
x_aq_idu_top/x_aq_idu_id_wbt/x_aq_idu_id_wbt_entry_reg_23/read_data_y[6:0],7,0.0016540642722117202,1.202531428571429,1.0080792590519883,0.0,0.07974328341063715,3
x_aq_idu_top/x_aq_idu_id_wbt/x_aq_idu_id_wbt_entry_reg_23/rtu_idu_flush_wbt,0,0.0,0.0,0.0,0.0,,0
x_aq_idu_top/x_aq_idu_id_wbt/x_aq_idu_id_wbt_entry_reg_23/wb_clk,0,0.0,0.0,0.0,0.0,,0
x_aq_idu_top/x_aq_idu_id_wbt/x_aq_idu_id_wbt_entry_reg_23/wb_debug_x,3,0.0007088846880907373,1.286240000000001,1.0782519569599855,0.0,0.04753647066802827,1
x_aq_idu_top/x_aq_idu_id_wbt/x_aq_idu_id_wbt_entry_reg_23/wb_en_x,0,0.0,0.0,0.0,0.0,,0
x_aq_idu_top/x_aq_idu_id_wbt/x_aq_idu_id_wbt_entry_reg_23/cnt_is_1,2,0.0004725897920604915,1.7350000000000003,1.454446406056081,0.0,0.023024745298776895,1
x_aq_idu_top/x_aq_idu_id_wbt/x_aq_idu_id_wbt_entry_reg_23/cnt_is_2,0,0.0,0.0,0.0,0.0,,0
x_aq_idu_top/x_aq_idu_id_wbt/x_aq_idu_id_wbt_entry_reg_23/create_en,0,0.0,0.0,0.0,0.0,,0
x_aq_idu_top/x_aq_idu_id_wbt/x_aq_idu_id_wbt_entry_reg_23/create_inst_type[2:0],0,0.0,0.0,0.0,0.0,,0
x_aq_idu_top/x_aq_idu_id_wbt/x_aq_idu_id_wbt_entry_reg_24/cpurst_b,3,0.0007088846880907373,1.0352400000000002,0.8678392492250705,0.0,0.0006521441666639201,1
x_aq_idu_top/x_aq_idu_id_wbt/x_aq_idu_id_wbt_entry_reg_24/create0_en_x,0,0.0,0.0,0.0,0.0,,0
x_aq_idu_top/x_aq_idu_id_wbt/x_aq_idu_id_wbt_entry_reg_24/create1_en_x,0,0.0,0.0,0.0,0.0,,0
x_aq_idu_top/x_aq_idu_id_wbt/x_aq_idu_id_wbt_entry_reg_24/create_clk,0,0.0,0.0,0.0,0.0,,0
x_aq_idu_top/x_aq_idu_id_wbt/x_aq_idu_id_wbt_entry_reg_24/dp_wbt_dst0_type[2:0],135,0.031899810964083175,1.8703194074074072,1.5678843459830791,0.35555555555555557,0.13648550902207288,3
x_aq_idu_top/x_aq_idu_id_wbt/x_aq_idu_id_wbt_entry_reg_24/dp_wbt_dst1_type[2:0],3,0.0007088846880907373,2.0275733333333337,1.699709941026983,0.3333333333333333,0.036912954338464574,1
x_aq_idu_top/x_aq_idu_id_wbt/x_aq_idu_id_wbt_entry_reg_24/iu_yy_xx_cancel,0,0.0,0.0,0.0,0.0,,0
x_aq_idu_top/x_aq_idu_id_wbt/x_aq_idu_id_wbt_entry_reg_24/read_data_y[6:0],7,0.0016540642722117202,0.9791028571428574,0.820779614830357,0.0,0.08142694311583623,3
x_aq_idu_top/x_aq_idu_id_wbt/x_aq_idu_id_wbt_entry_reg_24/rtu_idu_flush_wbt,0,0.0,0.0,0.0,0.0,,0
x_aq_idu_top/x_aq_idu_id_wbt/x_aq_idu_id_wbt_entry_reg_24/wb_clk,0,0.0,0.0,0.0,0.0,,0
x_aq_idu_top/x_aq_idu_id_wbt/x_aq_idu_id_wbt_entry_reg_24/wb_debug_x,3,0.0007088846880907373,1.5905733333333336,1.3333738721817336,0.0,0.042773875394121405,1
x_aq_idu_top/x_aq_idu_id_wbt/x_aq_idu_id_wbt_entry_reg_24/wb_en_x,0,0.0,0.0,0.0,0.0,,0
x_aq_idu_top/x_aq_idu_id_wbt/x_aq_idu_id_wbt_entry_reg_24/cnt_is_1,2,0.0004725897920604915,0.4965000000000006,0.4162147784477493,0.0,0.011780348505228926,1
x_aq_idu_top/x_aq_idu_id_wbt/x_aq_idu_id_wbt_entry_reg_24/cnt_is_2,0,0.0,0.0,0.0,0.0,,0
x_aq_idu_top/x_aq_idu_id_wbt/x_aq_idu_id_wbt_entry_reg_24/create_en,0,0.0,0.0,0.0,0.0,,0
x_aq_idu_top/x_aq_idu_id_wbt/x_aq_idu_id_wbt_entry_reg_24/create_inst_type[2:0],0,0.0,0.0,0.0,0.0,,0
x_aq_idu_top/x_aq_idu_id_wbt/x_aq_idu_id_wbt_entry_reg_25/cpurst_b,3,0.0007088846880907373,1.0352400000000002,0.8678392492250705,0.0,0.0006521441666639201,1
x_aq_idu_top/x_aq_idu_id_wbt/x_aq_idu_id_wbt_entry_reg_25/create0_en_x,0,0.0,0.0,0.0,0.0,,0
x_aq_idu_top/x_aq_idu_id_wbt/x_aq_idu_id_wbt_entry_reg_25/create1_en_x,0,0.0,0.0,0.0,0.0,,0
x_aq_idu_top/x_aq_idu_id_wbt/x_aq_idu_id_wbt_entry_reg_25/create_clk,0,0.0,0.0,0.0,0.0,,0
x_aq_idu_top/x_aq_idu_id_wbt/x_aq_idu_id_wbt_entry_reg_25/dp_wbt_dst0_type[2:0],135,0.031899810964083175,1.8703194074074072,1.5678843459830791,0.35555555555555557,0.13648550902207288,3
x_aq_idu_top/x_aq_idu_id_wbt/x_aq_idu_id_wbt_entry_reg_25/dp_wbt_dst1_type[2:0],3,0.0007088846880907373,2.0275733333333337,1.699709941026983,0.3333333333333333,0.036912954338464574,1
x_aq_idu_top/x_aq_idu_id_wbt/x_aq_idu_id_wbt_entry_reg_25/iu_yy_xx_cancel,0,0.0,0.0,0.0,0.0,,0
x_aq_idu_top/x_aq_idu_id_wbt/x_aq_idu_id_wbt_entry_reg_25/read_data_y[6:0],7,0.0016540642722117202,1.3111028571428573,1.099094431435901,0.0,0.07496785777315754,3
x_aq_idu_top/x_aq_idu_id_wbt/x_aq_idu_id_wbt_entry_reg_25/rtu_idu_flush_wbt,0,0.0,0.0,0.0,0.0,,0
x_aq_idu_top/x_aq_idu_id_wbt/x_aq_idu_id_wbt_entry_reg_25/wb_clk,0,0.0,0.0,0.0,0.0,,0
x_aq_idu_top/x_aq_idu_id_wbt/x_aq_idu_id_wbt_entry_reg_25/wb_debug_x,3,0.0007088846880907373,1.4925733333333333,1.2512207034246752,0.0,0.048109510206332536,1
x_aq_idu_top/x_aq_idu_id_wbt/x_aq_idu_id_wbt_entry_reg_25/wb_en_x,0,0.0,0.0,0.0,0.0,,0
x_aq_idu_top/x_aq_idu_id_wbt/x_aq_idu_id_wbt_entry_reg_25/cnt_is_1,2,0.0004725897920604915,1.8054999999999999,1.51354638970274,0.0,0.02287573698245055,1
x_aq_idu_top/x_aq_idu_id_wbt/x_aq_idu_id_wbt_entry_reg_25/cnt_is_2,0,0.0,0.0,0.0,0.0,,0
x_aq_idu_top/x_aq_idu_id_wbt/x_aq_idu_id_wbt_entry_reg_25/create_en,0,0.0,0.0,0.0,0.0,,0
x_aq_idu_top/x_aq_idu_id_wbt/x_aq_idu_id_wbt_entry_reg_25/create_inst_type[2:0],0,0.0,0.0,0.0,0.0,,0
x_aq_idu_top/x_aq_idu_id_wbt/x_aq_idu_id_wbt_entry_reg_26/cpurst_b,3,0.0007088846880907373,1.0352400000000002,0.8678392492250705,0.0,0.0006521441666639201,1
x_aq_idu_top/x_aq_idu_id_wbt/x_aq_idu_id_wbt_entry_reg_26/create0_en_x,0,0.0,0.0,0.0,0.0,,0
x_aq_idu_top/x_aq_idu_id_wbt/x_aq_idu_id_wbt_entry_reg_26/create1_en_x,0,0.0,0.0,0.0,0.0,,0
x_aq_idu_top/x_aq_idu_id_wbt/x_aq_idu_id_wbt_entry_reg_26/create_clk,0,0.0,0.0,0.0,0.0,,0
x_aq_idu_top/x_aq_idu_id_wbt/x_aq_idu_id_wbt_entry_reg_26/dp_wbt_dst0_type[2:0],135,0.031899810964083175,1.8703194074074072,1.5678843459830791,0.35555555555555557,0.13648550902207288,3
x_aq_idu_top/x_aq_idu_id_wbt/x_aq_idu_id_wbt_entry_reg_26/dp_wbt_dst1_type[2:0],3,0.0007088846880907373,2.0275733333333337,1.699709941026983,0.3333333333333333,0.036912954338464574,1
x_aq_idu_top/x_aq_idu_id_wbt/x_aq_idu_id_wbt_entry_reg_26/iu_yy_xx_cancel,0,0.0,0.0,0.0,0.0,,0
x_aq_idu_top/x_aq_idu_id_wbt/x_aq_idu_id_wbt_entry_reg_26/read_data_y[6:0],7,0.0016540642722117202,1.4239599999999994,1.1937023079928624,0.0,0.0689248138201344,3
x_aq_idu_top/x_aq_idu_id_wbt/x_aq_idu_id_wbt_entry_reg_26/rtu_idu_flush_wbt,0,0.0,0.0,0.0,0.0,,0
x_aq_idu_top/x_aq_idu_id_wbt/x_aq_idu_id_wbt_entry_reg_26/wb_clk,0,0.0,0.0,0.0,0.0,,0
x_aq_idu_top/x_aq_idu_id_wbt/x_aq_idu_id_wbt_entry_reg_26/wb_debug_x,3,0.0007088846880907373,1.2902399999999996,1.081605147521497,0.0,0.045530832283963235,1
x_aq_idu_top/x_aq_idu_id_wbt/x_aq_idu_id_wbt_entry_reg_26/wb_en_x,0,0.0,0.0,0.0,0.0,,0
x_aq_idu_top/x_aq_idu_id_wbt/x_aq_idu_id_wbt_entry_reg_26/cnt_is_1,2,0.0004725897920604915,2.5039999999999996,2.0990972915068737,0.0,-0.006960312817350905,1
x_aq_idu_top/x_aq_idu_id_wbt/x_aq_idu_id_wbt_entry_reg_26/cnt_is_2,0,0.0,0.0,0.0,0.0,,0
x_aq_idu_top/x_aq_idu_id_wbt/x_aq_idu_id_wbt_entry_reg_26/create_en,0,0.0,0.0,0.0,0.0,,0
x_aq_idu_top/x_aq_idu_id_wbt/x_aq_idu_id_wbt_entry_reg_26/create_inst_type[2:0],0,0.0,0.0,0.0,0.0,,0
x_aq_idu_top/x_aq_idu_id_wbt/x_aq_idu_id_wbt_entry_reg_27/cpurst_b,3,0.0007088846880907373,1.0352400000000002,0.8678392492250705,0.0,0.0006521441666639201,1
x_aq_idu_top/x_aq_idu_id_wbt/x_aq_idu_id_wbt_entry_reg_27/create0_en_x,0,0.0,0.0,0.0,0.0,,0
x_aq_idu_top/x_aq_idu_id_wbt/x_aq_idu_id_wbt_entry_reg_27/create1_en_x,0,0.0,0.0,0.0,0.0,,0
x_aq_idu_top/x_aq_idu_id_wbt/x_aq_idu_id_wbt_entry_reg_27/create_clk,0,0.0,0.0,0.0,0.0,,0
x_aq_idu_top/x_aq_idu_id_wbt/x_aq_idu_id_wbt_entry_reg_27/dp_wbt_dst0_type[2:0],135,0.031899810964083175,1.8703194074074072,1.5678843459830791,0.35555555555555557,0.13648550902207288,3
x_aq_idu_top/x_aq_idu_id_wbt/x_aq_idu_id_wbt_entry_reg_27/dp_wbt_dst1_type[2:0],3,0.0007088846880907373,2.0275733333333337,1.699709941026983,0.3333333333333333,0.036912954338464574,1
x_aq_idu_top/x_aq_idu_id_wbt/x_aq_idu_id_wbt_entry_reg_27/iu_yy_xx_cancel,0,0.0,0.0,0.0,0.0,,0
x_aq_idu_top/x_aq_idu_id_wbt/x_aq_idu_id_wbt_entry_reg_27/read_data_y[6:0],7,0.0016540642722117202,1.1072457142857144,0.9282014696045277,0.0,0.07411490654099183,3
x_aq_idu_top/x_aq_idu_id_wbt/x_aq_idu_id_wbt_entry_reg_27/rtu_idu_flush_wbt,0,0.0,0.0,0.0,0.0,,0
x_aq_idu_top/x_aq_idu_id_wbt/x_aq_idu_id_wbt_entry_reg_27/wb_clk,0,0.0,0.0,0.0,0.0,,0
x_aq_idu_top/x_aq_idu_id_wbt/x_aq_idu_id_wbt_entry_reg_27/wb_debug_x,3,0.0007088846880907373,1.8742399999999997,1.5711709695023335,0.0,0.04247462141300688,1
x_aq_idu_top/x_aq_idu_id_wbt/x_aq_idu_id_wbt_entry_reg_27/wb_en_x,0,0.0,0.0,0.0,0.0,,0
x_aq_idu_top/x_aq_idu_id_wbt/x_aq_idu_id_wbt_entry_reg_27/cnt_is_1,2,0.0004725897920604915,0.5195000000000007,0.4354956241764467,0.0,0.011872045930660524,1
x_aq_idu_top/x_aq_idu_id_wbt/x_aq_idu_id_wbt_entry_reg_27/cnt_is_2,0,0.0,0.0,0.0,0.0,,0
x_aq_idu_top/x_aq_idu_id_wbt/x_aq_idu_id_wbt_entry_reg_27/create_en,0,0.0,0.0,0.0,0.0,,0
x_aq_idu_top/x_aq_idu_id_wbt/x_aq_idu_id_wbt_entry_reg_27/create_inst_type[2:0],0,0.0,0.0,0.0,0.0,,0
x_aq_idu_top/x_aq_idu_id_wbt/x_aq_idu_id_wbt_entry_reg_28/cpurst_b,3,0.0007088846880907373,1.0352400000000002,0.8678392492250705,0.0,0.0006521441666639201,1
x_aq_idu_top/x_aq_idu_id_wbt/x_aq_idu_id_wbt_entry_reg_28/create0_en_x,0,0.0,0.0,0.0,0.0,,0
x_aq_idu_top/x_aq_idu_id_wbt/x_aq_idu_id_wbt_entry_reg_28/create1_en_x,0,0.0,0.0,0.0,0.0,,0
x_aq_idu_top/x_aq_idu_id_wbt/x_aq_idu_id_wbt_entry_reg_28/create_clk,0,0.0,0.0,0.0,0.0,,0
x_aq_idu_top/x_aq_idu_id_wbt/x_aq_idu_id_wbt_entry_reg_28/dp_wbt_dst0_type[2:0],135,0.031899810964083175,1.8703194074074072,1.5678843459830791,0.35555555555555557,0.13648550902207288,3
x_aq_idu_top/x_aq_idu_id_wbt/x_aq_idu_id_wbt_entry_reg_28/dp_wbt_dst1_type[2:0],3,0.0007088846880907373,2.0275733333333337,1.699709941026983,0.3333333333333333,0.036912954338464574,1
x_aq_idu_top/x_aq_idu_id_wbt/x_aq_idu_id_wbt_entry_reg_28/iu_yy_xx_cancel,0,0.0,0.0,0.0,0.0,,0
x_aq_idu_top/x_aq_idu_id_wbt/x_aq_idu_id_wbt_entry_reg_28/read_data_y[6:0],7,0.0016540642722117202,1.1153885714285712,0.9350276075333208,0.0,0.07264314797909299,3
x_aq_idu_top/x_aq_idu_id_wbt/x_aq_idu_id_wbt_entry_reg_28/rtu_idu_flush_wbt,0,0.0,0.0,0.0,0.0,,0
x_aq_idu_top/x_aq_idu_id_wbt/x_aq_idu_id_wbt_entry_reg_28/wb_clk,0,0.0,0.0,0.0,0.0,,0
x_aq_idu_top/x_aq_idu_id_wbt/x_aq_idu_id_wbt_entry_reg_28/wb_debug_x,3,0.0007088846880907373,1.9409066666666668,1.6270574788608767,0.0,0.04285346421888589,1
x_aq_idu_top/x_aq_idu_id_wbt/x_aq_idu_id_wbt_entry_reg_28/wb_en_x,0,0.0,0.0,0.0,0.0,,0
x_aq_idu_top/x_aq_idu_id_wbt/x_aq_idu_id_wbt_entry_reg_28/cnt_is_1,2,0.0004725897920604915,0.4479999999999995,0.3755573428894084,0.0,0.012147138206955269,1
x_aq_idu_top/x_aq_idu_id_wbt/x_aq_idu_id_wbt_entry_reg_28/cnt_is_2,0,0.0,0.0,0.0,0.0,,0
x_aq_idu_top/x_aq_idu_id_wbt/x_aq_idu_id_wbt_entry_reg_28/create_en,0,0.0,0.0,0.0,0.0,,0
x_aq_idu_top/x_aq_idu_id_wbt/x_aq_idu_id_wbt_entry_reg_28/create_inst_type[2:0],0,0.0,0.0,0.0,0.0,,0
x_aq_idu_top/x_aq_idu_id_wbt/x_aq_idu_id_wbt_entry_reg_29/cpurst_b,3,0.0007088846880907373,1.0352400000000002,0.8678392492250705,0.0,0.0006521441666639201,1
x_aq_idu_top/x_aq_idu_id_wbt/x_aq_idu_id_wbt_entry_reg_29/create0_en_x,0,0.0,0.0,0.0,0.0,,0
x_aq_idu_top/x_aq_idu_id_wbt/x_aq_idu_id_wbt_entry_reg_29/create1_en_x,0,0.0,0.0,0.0,0.0,,0
x_aq_idu_top/x_aq_idu_id_wbt/x_aq_idu_id_wbt_entry_reg_29/create_clk,0,0.0,0.0,0.0,0.0,,0
x_aq_idu_top/x_aq_idu_id_wbt/x_aq_idu_id_wbt_entry_reg_29/dp_wbt_dst0_type[2:0],135,0.031899810964083175,1.8703194074074072,1.5678843459830791,0.35555555555555557,0.13648550902207288,3
x_aq_idu_top/x_aq_idu_id_wbt/x_aq_idu_id_wbt_entry_reg_29/dp_wbt_dst1_type[2:0],3,0.0007088846880907373,2.0275733333333337,1.699709941026983,0.3333333333333333,0.036912954338464574,1
x_aq_idu_top/x_aq_idu_id_wbt/x_aq_idu_id_wbt_entry_reg_29/iu_yy_xx_cancel,0,0.0,0.0,0.0,0.0,,0
x_aq_idu_top/x_aq_idu_id_wbt/x_aq_idu_id_wbt_entry_reg_29/read_data_y[6:0],19,0.0044896030245746696,1.6584589473684213,1.390282222242969,0.3157894736842105,0.07908819307484208,3
x_aq_idu_top/x_aq_idu_id_wbt/x_aq_idu_id_wbt_entry_reg_29/rtu_idu_flush_wbt,0,0.0,0.0,0.0,0.0,,0
x_aq_idu_top/x_aq_idu_id_wbt/x_aq_idu_id_wbt_entry_reg_29/wb_clk,0,0.0,0.0,0.0,0.0,,0
x_aq_idu_top/x_aq_idu_id_wbt/x_aq_idu_id_wbt_entry_reg_29/wb_debug_x,7,0.0016540642722117202,1.8002457142857142,1.5091417343865816,0.2857142857142857,-0.001853967946313763,1
x_aq_idu_top/x_aq_idu_id_wbt/x_aq_idu_id_wbt_entry_reg_29/wb_en_x,0,0.0,0.0,0.0,0.0,,0
x_aq_idu_top/x_aq_idu_id_wbt/x_aq_idu_id_wbt_entry_reg_29/cnt_is_1,8,0.001890359168241966,2.057375,1.7246926078729852,0.5,0.023964252462082936,1
x_aq_idu_top/x_aq_idu_id_wbt/x_aq_idu_id_wbt_entry_reg_29/cnt_is_2,0,0.0,0.0,0.0,0.0,,0
x_aq_idu_top/x_aq_idu_id_wbt/x_aq_idu_id_wbt_entry_reg_29/create_en,0,0.0,0.0,0.0,0.0,,0
x_aq_idu_top/x_aq_idu_id_wbt/x_aq_idu_id_wbt_entry_reg_29/create_inst_type[2:0],0,0.0,0.0,0.0,0.0,,0
x_aq_idu_top/x_aq_idu_id_wbt/x_aq_idu_id_wbt_entry_reg_30/cpurst_b,3,0.0007088846880907373,1.0352400000000002,0.8678392492250705,0.0,0.0006521441666639201,1
x_aq_idu_top/x_aq_idu_id_wbt/x_aq_idu_id_wbt_entry_reg_30/create0_en_x,0,0.0,0.0,0.0,0.0,,0
x_aq_idu_top/x_aq_idu_id_wbt/x_aq_idu_id_wbt_entry_reg_30/create1_en_x,0,0.0,0.0,0.0,0.0,,0
x_aq_idu_top/x_aq_idu_id_wbt/x_aq_idu_id_wbt_entry_reg_30/create_clk,0,0.0,0.0,0.0,0.0,,0
x_aq_idu_top/x_aq_idu_id_wbt/x_aq_idu_id_wbt_entry_reg_30/dp_wbt_dst0_type[2:0],135,0.031899810964083175,1.8703194074074072,1.5678843459830791,0.35555555555555557,0.13648550902207288,3
x_aq_idu_top/x_aq_idu_id_wbt/x_aq_idu_id_wbt_entry_reg_30/dp_wbt_dst1_type[2:0],3,0.0007088846880907373,2.0275733333333337,1.699709941026983,0.3333333333333333,0.036912954338464574,1
x_aq_idu_top/x_aq_idu_id_wbt/x_aq_idu_id_wbt_entry_reg_30/iu_yy_xx_cancel,0,0.0,0.0,0.0,0.0,,0
x_aq_idu_top/x_aq_idu_id_wbt/x_aq_idu_id_wbt_entry_reg_30/read_data_y[6:0],7,0.0016540642722117202,1.2568171428571426,1.053586845243944,0.0,0.06514880377893023,3
x_aq_idu_top/x_aq_idu_id_wbt/x_aq_idu_id_wbt_entry_reg_30/rtu_idu_flush_wbt,0,0.0,0.0,0.0,0.0,,0
x_aq_idu_top/x_aq_idu_id_wbt/x_aq_idu_id_wbt_entry_reg_30/wb_clk,0,0.0,0.0,0.0,0.0,,0
x_aq_idu_top/x_aq_idu_id_wbt/x_aq_idu_id_wbt_entry_reg_30/wb_debug_x,3,0.0007088846880907373,1.4985733333333335,1.2562504892669442,0.0,0.04792168057988838,1
x_aq_idu_top/x_aq_idu_id_wbt/x_aq_idu_id_wbt_entry_reg_30/wb_en_x,0,0.0,0.0,0.0,0.0,,0
x_aq_idu_top/x_aq_idu_id_wbt/x_aq_idu_id_wbt_entry_reg_30/cnt_is_1,2,0.0004725897920604915,1.6064999999999998,1.3467251592674891,0.0,0.021580510848229366,1
x_aq_idu_top/x_aq_idu_id_wbt/x_aq_idu_id_wbt_entry_reg_30/cnt_is_2,0,0.0,0.0,0.0,0.0,,0
x_aq_idu_top/x_aq_idu_id_wbt/x_aq_idu_id_wbt_entry_reg_30/create_en,0,0.0,0.0,0.0,0.0,,0
x_aq_idu_top/x_aq_idu_id_wbt/x_aq_idu_id_wbt_entry_reg_30/create_inst_type[2:0],0,0.0,0.0,0.0,0.0,,0
x_aq_idu_top/x_aq_idu_id_wbt/x_aq_idu_id_wbt_entry_reg_31/cpurst_b,3,0.0007088846880907373,1.0352400000000002,0.8678392492250705,0.0,0.0006521441666639201,1
x_aq_idu_top/x_aq_idu_id_wbt/x_aq_idu_id_wbt_entry_reg_31/create0_en_x,0,0.0,0.0,0.0,0.0,,0
x_aq_idu_top/x_aq_idu_id_wbt/x_aq_idu_id_wbt_entry_reg_31/create1_en_x,0,0.0,0.0,0.0,0.0,,0
x_aq_idu_top/x_aq_idu_id_wbt/x_aq_idu_id_wbt_entry_reg_31/create_clk,0,0.0,0.0,0.0,0.0,,0
x_aq_idu_top/x_aq_idu_id_wbt/x_aq_idu_id_wbt_entry_reg_31/dp_wbt_dst0_type[2:0],135,0.031899810964083175,1.8703194074074072,1.5678843459830791,0.35555555555555557,0.13648550902207288,3
x_aq_idu_top/x_aq_idu_id_wbt/x_aq_idu_id_wbt_entry_reg_31/dp_wbt_dst1_type[2:0],3,0.0007088846880907373,2.0275733333333337,1.699709941026983,0.3333333333333333,0.036912954338464574,1
x_aq_idu_top/x_aq_idu_id_wbt/x_aq_idu_id_wbt_entry_reg_31/iu_yy_xx_cancel,0,0.0,0.0,0.0,0.0,,0
x_aq_idu_top/x_aq_idu_id_wbt/x_aq_idu_id_wbt_entry_reg_31/read_data_y[6:0],7,0.0016540642722117202,1.1172457142857144,0.9365844460083091,0.0,0.06549433507695333,3
x_aq_idu_top/x_aq_idu_id_wbt/x_aq_idu_id_wbt_entry_reg_31/rtu_idu_flush_wbt,0,0.0,0.0,0.0,0.0,,0
x_aq_idu_top/x_aq_idu_id_wbt/x_aq_idu_id_wbt_entry_reg_31/wb_clk,0,0.0,0.0,0.0,0.0,,0
x_aq_idu_top/x_aq_idu_id_wbt/x_aq_idu_id_wbt_entry_reg_31/wb_debug_x,3,0.0007088846880907373,1.80724,1.515005027596998,0.0,0.04132535878340768,1
x_aq_idu_top/x_aq_idu_id_wbt/x_aq_idu_id_wbt_entry_reg_31/wb_en_x,0,0.0,0.0,0.0,0.0,,0
x_aq_idu_top/x_aq_idu_id_wbt/x_aq_idu_id_wbt_entry_reg_31/cnt_is_1,2,0.0004725897920604915,0.6550000000000007,0.5490849544476853,0.0,0.01221591127602895,1
x_aq_idu_top/x_aq_idu_id_wbt/x_aq_idu_id_wbt_entry_reg_31/cnt_is_2,0,0.0,0.0,0.0,0.0,,0
x_aq_idu_top/x_aq_idu_id_wbt/x_aq_idu_id_wbt_entry_reg_31/create_en,0,0.0,0.0,0.0,0.0,,0
x_aq_idu_top/x_aq_idu_id_wbt/x_aq_idu_id_wbt_entry_reg_31/create_inst_type[2:0],0,0.0,0.0,0.0,0.0,,0
x_aq_idu_top/x_aq_idu_id_wbt/x_aq_idu_expand_32_wbt_dst0_reg/x_num[4:0],201,0.0474952741020794,1.7894831840796017,1.500119530710299,0.36318407960199006,0.3003540691935699,4
x_aq_idu_top/x_aq_idu_id_wbt/x_aq_idu_expand_32_wbt_dst0_reg/x_num_expand[31:0],272,0.06427221172022685,1.7784820588235295,1.4908973133666295,0.3125,0.025239300206904187,3
x_aq_idu_top/x_aq_idu_id_wbt/x_aq_idu_expand_32_wbt_dst1_reg/x_num[4:0],222,0.05245746691871456,1.6758767567567567,1.404883530753767,0.2747747747747748,0.23085866802452662,5
x_aq_idu_top/x_aq_idu_id_wbt/x_aq_idu_expand_32_wbt_dst1_reg/x_num_expand[31:0],246,0.058128544423440454,1.7139461788617887,1.4367970374749748,0.2764227642276423,0.061827903869789265,3
