signal,n_edges,edge_rate,impact_mW,lift,spec,lvl_corr,max_hamming
x_aq_idu_top/cp0_idu_cskyee,1,0.00036563071297989033,1.8147199999999999,1.5795382125284625,0.0,0.07606077549910864,1
x_aq_idu_top/cp0_idu_dis_fence_in_dbg,0,0.0,0.0,0.0,0.0,,0
x_aq_idu_top/cp0_idu_frm[2:0],0,0.0,0.0,0.0,0.0,,0
x_aq_idu_top/cp0_idu_fs[1:0],9,0.0032906764168190127,1.2870000000000004,1.1202090016774664,0.2222222222222222,-0.387380028052867,2
x_aq_idu_top/cp0_idu_icg_en,0,0.0,0.0,0.0,0.0,,0
x_aq_idu_top/cp0_idu_issue_stall,2,0.0007312614259597807,2.1612000000000005,1.881115535684025,1.0,-0.7522290120051428,1
x_aq_idu_top/cp0_idu_ucme,1,0.00036563071297989033,1.8147199999999999,1.5795382125284625,0.0,0.07606077549910864,1
x_aq_idu_top/cp0_idu_vill,0,0.0,0.0,0.0,0.0,,0
x_aq_idu_top/cp0_idu_vl_zero,0,0.0,0.0,0.0,0.0,,0
x_aq_idu_top/cp0_idu_vlmul[1:0],0,0.0,0.0,0.0,0.0,,0
x_aq_idu_top/cp0_idu_vs[1:0],0,0.0,0.0,0.0,0.0,,0
x_aq_idu_top/cp0_idu_vsetvl_dis_stall,0,0.0,0.0,0.0,0.0,,0
x_aq_idu_top/cp0_idu_vsew[1:0],0,0.0,0.0,0.0,0.0,,0
x_aq_idu_top/cp0_idu_vstart[6:0],0,0.0,0.0,0.0,0.0,,0
x_aq_idu_top/cp0_yy_clk_en,1,0.00036563071297989033,1.8147199999999999,1.5795382125284625,0.0,0.07606077549910864,1
x_aq_idu_top/cp0_yy_priv_mode[1:0],1,0.00036563071297989033,1.8147199999999999,1.5795382125284625,0.0,0.07606077549910831,2
x_aq_idu_top/cpurst_b,3,0.0010968921389396709,1.0352400000000002,0.9010762757549186,0.0,-0.004877847437271419,1
x_aq_idu_top/forever_cpuclk,0,0.0,0.0,0.0,0.0,,0
x_aq_idu_top/hpcp_idu_cnt_en,1,0.00036563071297989033,1.8147199999999999,1.5795382125284625,0.0,0.07606077549910864,1
x_aq_idu_top/idu_alu_ex1_gateclk_sel,33,0.01206581352833638,1.368030303030303,1.1907380419752114,0.030303030303030304,0.11719947148905048,1
x_aq_idu_top/idu_bju_ex1_gateclk_sel,0,0.0,0.0,0.0,0.0,,0
x_aq_idu_top/idu_cp0_ex1_dp_sel,2,0.0007312614259597807,3.6707000000000005,3.194989263758722,1.0,-0.7526983623751735,1
x_aq_idu_top/idu_cp0_ex1_dst0_reg[5:0],119,0.043510054844606946,1.5650732773109246,1.3622448900765742,0.23529411764705882,0.5602864567202435,4
x_aq_idu_top/idu_cp0_ex1_expt_acc_error,0,0.0,0.0,0.0,0.0,,0
x_aq_idu_top/idu_cp0_ex1_expt_high,0,0.0,0.0,0.0,0.0,,0
x_aq_idu_top/idu_cp0_ex1_expt_illegal,30,0.010968921389396709,0.9629333333333335,0.838140317028196,0.16666666666666666,0.49416368236050917,1
x_aq_idu_top/idu_cp0_ex1_expt_page_fault,0,0.0,0.0,0.0,0.0,,0
x_aq_idu_top/idu_cp0_ex1_func[19:0],132,0.04826325411334552,1.5242857575757576,1.3267432997397977,0.26515151515151514,0.5939564967154553,8
x_aq_idu_top/idu_cp0_ex1_gateclk_sel,2,0.0007312614259597807,3.6707000000000005,3.194989263758722,1.0,-0.7526983623751735,1
x_aq_idu_top/idu_cp0_ex1_halt_info[21:0],2,0.0007312614259597807,1.24186,1.0809189983086076,0.0,0.07660431279800839,2
x_aq_idu_top/idu_cp0_ex1_length,38,0.013893967093235832,1.6332105263157897,1.421551774058539,0.18421052631578946,-0.6629420308726951,1
x_aq_idu_top/idu_cp0_ex1_opcode[31:0],191,0.06983546617915905,1.5245675392670157,1.3269885634438032,0.2513089005235602,-0.7062768761300957,17
x_aq_idu_top/idu_cp0_ex1_sel,2,0.0007312614259597807,3.6707000000000005,3.194989263758722,1.0,-0.7526983623751735,1
x_aq_idu_top/idu_cp0_ex1_split,0,0.0,0.0,0.0,0.0,,0
x_aq_idu_top/idu_cp0_ex1_src0_data[63:0],77,0.028153564899451554,1.6428233766233766,1.429918830349399,0.35064935064935066,0.10321596242655652,33
x_aq_idu_top/idu_cp0_ex1_src1_data[63:0],128,0.04680073126142596,1.5541046875,1.3526977936959172,0.34375,0.1599276852812096,60
x_aq_idu_top/idu_div_ex1_gateclk_sel,0,0.0,0.0,0.0,0.0,,0
x_aq_idu_top/idu_dtu_debug_info[14:0],173,0.06325411334552103,1.46894450867052,1.2785740960197352,0.21965317919075145,-0.733363815151572,3
x_aq_idu_top/idu_hpcp_backend_stall,30,0.010968921389396709,1.7472800000000004,1.520838216356646,0.2,-0.7426957854298991,1
x_aq_idu_top/idu_hpcp_frontend_stall,88,0.03217550274223035,1.4500568181818183,1.2621341885556003,0.2727272727272727,0.5828464159246819,1
x_aq_idu_top/idu_hpcp_inst_type[6:0],75,0.027422303473491772,1.5332506666666665,1.334546385880323,0.17333333333333334,-0.7366753380327697,2
x_aq_idu_top/idu_ifu_id_stall,30,0.010968921389396709,1.340413333333334,1.1667001413896647,0.16666666666666666,-0.733819928741491,1
x_aq_idu_top/idu_iu_ex1_alu_dp_sel,33,0.01206581352833638,1.368030303030303,1.1907380419752114,0.030303030303030304,0.11719947148905048,1
x_aq_idu_top/idu_iu_ex1_alu_sel,33,0.01206581352833638,1.368030303030303,1.1907380419752114,0.030303030303030304,0.11719947148905048,1
x_aq_idu_top/idu_iu_ex1_bht_pred[1:0],0,0.0,0.0,0.0,0.0,,0
x_aq_idu_top/idu_iu_ex1_bju_br_sel,0,0.0,0.0,0.0,0.0,,0
x_aq_idu_top/idu_iu_ex1_bju_dp_sel,0,0.0,0.0,0.0,0.0,,0
x_aq_idu_top/idu_iu_ex1_bju_sel,0,0.0,0.0,0.0,0.0,,0
x_aq_idu_top/idu_iu_ex1_div_dp_sel,0,0.0,0.0,0.0,0.0,,0
x_aq_idu_top/idu_iu_ex1_div_sel,0,0.0,0.0,0.0,0.0,,0
x_aq_idu_top/idu_iu_ex1_dst0_reg[5:0],119,0.043510054844606946,1.5650732773109246,1.3622448900765742,0.23529411764705882,0.5602864567202435,4
x_aq_idu_top/idu_iu_ex1_func[19:0],132,0.04826325411334552,1.5242857575757576,1.3267432997397977,0.26515151515151514,0.5939564967154553,8
x_aq_idu_top/idu_iu_ex1_inst_vld,41,0.014990859232175503,1.5463999999999998,1.3459916085423724,0.12195121951219512,-0.7137761795598832,1
x_aq_idu_top/idu_iu_ex1_length,38,0.013893967093235832,1.6332105263157897,1.421551774058539,0.18421052631578946,-0.6629420308726951,1
x_aq_idu_top/idu_iu_ex1_mult_dp_sel,0,0.0,0.0,0.0,0.0,,0
x_aq_idu_top/idu_iu_ex1_mult_sel,0,0.0,0.0,0.0,0.0,,0
x_aq_idu_top/idu_iu_ex1_pipedown_vld,33,0.01206581352833638,1.3956969696969694,1.2148191989654287,0.030303030303030304,0.13166217209549586,1
x_aq_idu_top/idu_iu_ex1_split,0,0.0,0.0,0.0,0.0,,0
x_aq_idu_top/idu_iu_ex1_src0_data[63:0],77,0.028153564899451554,1.6428233766233766,1.429918830349399,0.35064935064935066,0.10321596242655652,33
x_aq_idu_top/idu_iu_ex1_src0_ready,1,0.00036563071297989033,0.669,0.5822997840887528,0.0,0.07536561371836459,1
x_aq_idu_top/idu_iu_ex1_src0_reg[5:0],124,0.0453382084095064,1.564315483870968,1.3615853041924626,0.24193548387096775,0.0985251657091471,4
x_aq_idu_top/idu_iu_ex1_src1_data[63:0],128,0.04680073126142596,1.5541046875,1.3526977936959172,0.34375,0.1599276852812096,60
x_aq_idu_top/idu_iu_ex1_src1_ready,1,0.00036563071297989033,0.669,0.5822997840887528,0.0,0.07536561371836459,1
x_aq_idu_top/idu_iu_ex1_src1_reg[5:0],117,0.04277879341864717,1.586069401709402,1.3805199852991958,0.3162393162393162,0.5820045966117461,4
x_aq_idu_top/idu_iu_ex1_src2_data[63:0],125,0.04570383912248629,1.5606992000000002,1.3584376789050663,0.344,0.17964882548850017,60
x_aq_idu_top/idu_lsu_ex1_dp_sel,0,0.0,0.0,0.0,0.0,,0
x_aq_idu_top/idu_lsu_ex1_dst0_reg[5:0],119,0.043510054844606946,1.5650732773109246,1.3622448900765742,0.23529411764705882,0.5602864567202435,4
x_aq_idu_top/idu_lsu_ex1_dst1_reg[5:0],105,0.038391224862888484,1.6161371428571425,1.406691045356544,0.3142857142857143,-0.22705444564362112,4
x_aq_idu_top/idu_lsu_ex1_func[19:0],132,0.04826325411334552,1.5242857575757576,1.3267432997397977,0.26515151515151514,0.5939564967154553,8
x_aq_idu_top/idu_lsu_ex1_gateclk_sel,0,0.0,0.0,0.0,0.0,,0
x_aq_idu_top/idu_lsu_ex1_halt_info[21:0],2,0.0007312614259597807,1.24186,1.0809189983086076,0.0,0.07660431279800839,2
x_aq_idu_top/idu_lsu_ex1_length,38,0.013893967093235832,1.6332105263157897,1.421551774058539,0.18421052631578946,-0.6629420308726951,1
x_aq_idu_top/idu_lsu_ex1_sel,0,0.0,0.0,0.0,0.0,,0
x_aq_idu_top/idu_lsu_ex1_split,0,0.0,0.0,0.0,0.0,,0
x_aq_idu_top/idu_lsu_ex1_src0_data[63:0],77,0.028153564899451554,1.6428233766233766,1.429918830349399,0.35064935064935066,0.10321596242655652,33
x_aq_idu_top/idu_lsu_ex1_src1_data[63:0],128,0.04680073126142596,1.5541046875,1.3526977936959172,0.34375,0.1599276852812096,60
x_aq_idu_top/idu_lsu_ex1_src2_data[63:0],125,0.04570383912248629,1.5606992000000002,1.3584376789050663,0.344,0.17964882548850017,60
x_aq_idu_top/idu_lsu_ex1_src2_ready,1,0.00036563071297989033,0.669,0.5822997840887528,0.0,0.07536561371836459,1
x_aq_idu_top/idu_lsu_ex1_src2_reg[5:0],62,0.0226691042047532,1.5683387096774193,1.36508713306905,0.22580645161290322,0.1759814690931282,4
x_aq_idu_top/idu_lsu_ex1_vlmul[1:0],0,0.0,0.0,0.0,0.0,,0
x_aq_idu_top/idu_lsu_ex1_vsew[1:0],0,0.0,0.0,0.0,0.0,,0
x_aq_idu_top/idu_mult_ex1_gateclk_sel,0,0.0,0.0,0.0,0.0,,0
x_aq_idu_top/idu_vidu_ex1_fp_dp_sel,0,0.0,0.0,0.0,0.0,,0
x_aq_idu_top/idu_vidu_ex1_fp_gateclk_sel,0,0.0,0.0,0.0,0.0,,0
x_aq_idu_top/idu_vidu_ex1_fp_sel,0,0.0,0.0,0.0,0.0,,0
x_aq_idu_top/idu_vidu_ex1_inst_data[179:0],210,0.07678244972577697,1.5096148571428574,1.313973700106815,0.24285714285714285,,76
x_aq_idu_top/idu_vidu_ex1_vec_dp_sel,0,0.0,0.0,0.0,0.0,,0
x_aq_idu_top/idu_vidu_ex1_vec_gateclk_sel,0,0.0,0.0,0.0,0.0,,0
x_aq_idu_top/idu_vidu_ex1_vec_sel,0,0.0,0.0,0.0,0.0,,0
x_aq_idu_top/ifu_idu_id_bht_pred[1:0],0,0.0,0.0,0.0,0.0,,0
x_aq_idu_top/ifu_idu_id_expt_acc_error,0,0.0,0.0,0.0,0.0,,0
x_aq_idu_top/ifu_idu_id_expt_high,0,0.0,0.0,0.0,0.0,,0
x_aq_idu_top/ifu_idu_id_expt_page_fault,0,0.0,0.0,0.0,0.0,,0
x_aq_idu_top/ifu_idu_id_halt_info[21:0],1,0.00036563071297989033,1.8147199999999999,1.5795382125284625,0.0,0.07606077549910864,1
x_aq_idu_top/ifu_idu_id_inst[31:0],211,0.07714808043875686,1.5258532701421803,1.3281076677950807,0.23696682464454977,0.16874029184726472,21
x_aq_idu_top/ifu_idu_id_inst_vld,61,0.02230347349177331,1.3522459016393447,1.176999247473081,0.08196721311475409,-0.679618490552829,1
x_aq_idu_top/ifu_idu_warm_up,2,0.0007312614259597807,1.4680000000000004,1.2777519925893712,0.0,0.029085003389873045,1
x_aq_idu_top/iu_idu_bju_full,0,0.0,0.0,0.0,0.0,,0
x_aq_idu_top/iu_idu_bju_global_full,0,0.0,0.0,0.0,0.0,,0
x_aq_idu_top/iu_idu_div_full,0,0.0,0.0,0.0,0.0,,0
x_aq_idu_top/iu_idu_mult_full,0,0.0,0.0,0.0,0.0,,0
x_aq_idu_top/iu_idu_mult_issue_stall,0,0.0,0.0,0.0,0.0,,0
x_aq_idu_top/iu_yy_xx_cancel,0,0.0,0.0,0.0,0.0,,0
x_aq_idu_top/lsu_idu_full,0,0.0,0.0,0.0,0.0,,0
x_aq_idu_top/lsu_idu_global_full,0,0.0,0.0,0.0,0.0,,0
x_aq_idu_top/pad_yy_icg_scan_en,0,0.0,0.0,0.0,0.0,,0
x_aq_idu_top/rtu_idu_commit,39,0.014259597806215722,1.420762051282051,1.2366359278072223,0.1794871794871795,-0.1259077097093957,1
x_aq_idu_top/rtu_idu_commit_for_bju,39,0.014259597806215722,1.420762051282051,1.2366359278072223,0.1794871794871795,-0.1259077097093957,1
x_aq_idu_top/rtu_idu_flush_fe,0,0.0,0.0,0.0,0.0,,0
x_aq_idu_top/rtu_idu_flush_stall,2,0.0007312614259597807,0.6015000000000001,0.5235475637210536,0.0,0.0226248897332308,1
x_aq_idu_top/rtu_idu_flush_wbt,0,0.0,0.0,0.0,0.0,,0
x_aq_idu_top/rtu_idu_fwd0_data[63:0],54,0.019744058500914076,1.7530740740740742,1.525881397346672,0.42592592592592593,0.06772765589168961,18
x_aq_idu_top/rtu_idu_fwd0_reg[5:0],104,0.038025594149908595,1.5328750000000002,1.3342194043872153,0.19230769230769232,0.1250959928852056,4
x_aq_idu_top/rtu_idu_fwd0_vld,35,0.012797074954296161,1.4081999999999997,1.2257018773599124,0.02857142857142857,0.13273159203385793,1
x_aq_idu_top/rtu_idu_fwd1_data[63:0],0,0.0,0.0,0.0,0.0,,0
x_aq_idu_top/rtu_idu_fwd1_reg[5:0],2,0.0007312614259597807,1.8800000000000003,1.6363581376485132,0.0,-0.3840273640635957,2
x_aq_idu_top/rtu_idu_fwd1_vld,0,0.0,0.0,0.0,0.0,,0
x_aq_idu_top/rtu_idu_fwd2_data[63:0],0,0.0,0.0,0.0,0.0,,0
x_aq_idu_top/rtu_idu_fwd2_reg[5:0],2,0.0007312614259597807,0.5670000000000006,0.49351865108867443,0.0,-0.38349205692496646,2
x_aq_idu_top/rtu_idu_fwd2_vld,0,0.0,0.0,0.0,0.0,,0
x_aq_idu_top/rtu_idu_pipeline_empty,100,0.03656307129798903,1.5289072,1.330765818313512,0.22,0.5941825987447399,1
x_aq_idu_top/rtu_idu_wb0_data[63:0],81,0.029616087751371114,1.6929382716049381,1.4735389985517815,0.2962962962962963,0.07305960444861338,18
x_aq_idu_top/rtu_idu_wb0_reg[5:0],109,0.03985374771480804,1.5140275229357798,1.3178144988190341,0.1651376146788991,0.13527575371790906,4
x_aq_idu_top/rtu_idu_wb0_vld,33,0.01206581352833638,1.437121212121212,1.2508749948094895,0.09090909090909091,0.12504960868643183,1
x_aq_idu_top/rtu_idu_wb1_data[63:0],0,0.0,0.0,0.0,0.0,,0
x_aq_idu_top/rtu_idu_wb1_reg[5:0],2,0.0007312614259597807,1.8800000000000003,1.6363581376485132,0.0,-0.3840273640635957,2
x_aq_idu_top/rtu_idu_wb1_vld,0,0.0,0.0,0.0,0.0,,0
x_aq_idu_top/rtu_yy_xx_dbgon,0,0.0,0.0,0.0,0.0,,0
x_aq_idu_top/vidu_idu_fp_full,0,0.0,0.0,0.0,0.0,,0
x_aq_idu_top/vidu_idu_vec_full,0,0.0,0.0,0.0,0.0,,0
x_aq_idu_top/ctrl_dp_dis_int_inst_gateclk_vld,61,0.02230347349177331,1.3522459016393447,1.176999247473081,0.08196721311475409,-0.679618490552829,1
x_aq_idu_top/ctrl_dp_dis_vec_inst_gateclk_vld,0,0.0,0.0,0.0,0.0,,0
x_aq_idu_top/ctrl_dp_ex1_stall,2,0.0007312614259597807,2.1612000000000005,1.881115535684025,1.0,-0.7522290120051428,1
x_aq_idu_top/ctrl_top_eu_sel[9:0],85,0.031078610603290677,1.4383811764705883,1.2519716718926006,0.18823529411764706,-0.7341347622051763,3
x_aq_idu_top/ctrl_wbt_dis_inst_vld,61,0.02230347349177331,1.3522459016393447,1.176999247473081,0.08196721311475409,-0.679618490552829,1
x_aq_idu_top/ctrl_xx_dis_stall,30,0.010968921389396709,1.340413333333334,1.1667001413896647,0.16666666666666666,-0.733819928741491,1
x_aq_idu_top/decd_dp_inst_data[264:0],212,0.07751371115173675,1.5272158490566041,1.3292936609306156,0.2358490566037736,,156
x_aq_idu_top/dp_ctrl_dis_inst_cancel,0,0.0,0.0,0.0,0.0,,0
x_aq_idu_top/dp_ctrl_dis_inst_cp0_fence,28,0.010237659963436929,1.2272857142857145,1.068233492442126,0.10714285714285714,0.13171016400214688,1
x_aq_idu_top/dp_ctrl_dis_inst_dst0_type[2:0],46,0.016819012797074956,1.7120895652173915,1.4902083470354166,0.43478260869565216,-0.03316038645157922,3
x_aq_idu_top/dp_ctrl_dis_inst_dst0_vld,15,0.005484460694698354,1.3107813333333336,1.1409083518498768,0.0,-0.04603542783706276,1
x_aq_idu_top/dp_ctrl_dis_inst_dst1_type[2:0],13,0.004753199268738574,1.333286153846154,1.1604966210958731,0.0,-0.03400463161477617,1
x_aq_idu_top/dp_ctrl_dis_inst_dst1_vld,0,0.0,0.0,0.0,0.0,,0
x_aq_idu_top/dp_ctrl_dis_inst_eu[9:0],86,0.03144424131627057,1.5215479069767441,1.3243602656401372,0.26744186046511625,0.11311348773993063,4
x_aq_idu_top/dp_ctrl_dis_inst_expt_vld,30,0.010968921389396709,1.5807573333333336,1.375896343642321,0.16666666666666666,0.4985362384939774,1
x_aq_idu_top/dp_ctrl_dis_inst_func[19:0],134,0.048994515539305304,1.536262089552239,1.3371675381913377,0.30597014925373134,-0.29371220442514023,8
x_aq_idu_top/dp_ctrl_dis_inst_src0_vld,37,0.013528336380255941,1.6951816216216218,1.4754916177301827,0.32432432432432434,-0.24543060365296143,1
x_aq_idu_top/dp_ctrl_dis_inst_src1_vld,0,0.0,0.0,0.0,0.0,,0
x_aq_idu_top/dp_ctrl_dis_inst_src2_vld,0,0.0,0.0,0.0,0.0,,0
x_aq_idu_top/dp_ctrl_dis_inst_src_type[2:0],46,0.016819012797074956,1.7120895652173915,1.4902083470354166,0.43478260869565216,-0.03316038645157922,3
x_aq_idu_top/dp_ctrl_dis_inst_store,0,0.0,0.0,0.0,0.0,,0
x_aq_idu_top/dp_ctrl_dis_inst_vec,0,0.0,0.0,0.0,0.0,,0
x_aq_idu_top/dp_ctrl_inst_amo,16,0.005850091407678245,1.6505,1.4366005883983355,0.25,-0.7382199823997234,1
x_aq_idu_top/dp_ctrl_inst_csr,27,0.009872029250457038,1.6337777777777778,1.422045511582963,0.2222222222222222,-0.13028380273261525,1
x_aq_idu_top/dp_ctrl_inst_ecall,0,0.0,0.0,0.0,0.0,,0
x_aq_idu_top/dp_ctrl_inst_sync,0,0.0,0.0,0.0,0.0,,0
x_aq_idu_top/dp_ctrl_src0_fwd_vld,6,0.0021937842778793418,1.7723333333333333,1.542644719481763,0.5,0.07785593360964939,1
x_aq_idu_top/dp_ctrl_src1_fwd_vld,0,0.0,0.0,0.0,0.0,,0
x_aq_idu_top/dp_ctrl_src2_fwd_vld,4,0.0014625228519195613,2.4537499999999994,2.1357520107739565,1.0,0.06991775233794459,1
x_aq_idu_top/dp_decd_inst[31:0],211,0.07714808043875686,1.5258532701421803,1.3281076677950807,0.23696682464454977,0.16874029184726472,21
x_aq_idu_top/dp_decd_vlmul[1:0],0,0.0,0.0,0.0,0.0,,0
x_aq_idu_top/dp_decd_vsew[1:0],0,0.0,0.0,0.0,0.0,,0
x_aq_idu_top/dp_gpr_src0_reg[5:0],89,0.03254113345521024,1.5602400000000003,1.358037989725913,0.30337078651685395,0.3233487011247397,3
x_aq_idu_top/dp_gpr_src1_reg[5:0],0,0.0,0.0,0.0,0.0,,0
x_aq_idu_top/dp_gpr_src2_reg[5:0],0,0.0,0.0,0.0,0.0,,0
x_aq_idu_top/dp_gpr_wb0_vld[31:0],117,0.04277879341864717,1.544957264957265,1.3447358472510693,0.18803418803418803,0.049306439910308954,3
x_aq_idu_top/dp_gpr_wb1_vld[31:0],0,0.0,0.0,0.0,0.0,,0
x_aq_idu_top/dp_split_inst[31:0],211,0.07714808043875686,1.5258532701421803,1.3281076677950807,0.23696682464454977,0.16874029184726472,21
x_aq_idu_top/dp_wbt_dst0_reg[5:0],121,0.044241316270566725,1.5233233057851239,1.3259055785591072,0.2727272727272727,0.43909863066807986,4
x_aq_idu_top/dp_wbt_dst0_type[2:0],46,0.016819012797074956,1.7120895652173915,1.4902083470354166,0.43478260869565216,-0.03316038645157922,3
x_aq_idu_top/dp_wbt_dst1_reg[5:0],107,0.03912248628884826,1.5518284112149534,1.3507165153860383,0.2523364485981308,0.1600863015878305,4
x_aq_idu_top/dp_wbt_dst1_type[2:0],13,0.004753199268738574,1.333286153846154,1.1604966210958731,0.0,-0.03400463161477617,1
x_aq_idu_top/dp_wbt_inst_dst0_vld,15,0.005484460694698354,1.3107813333333336,1.1409083518498768,0.0,-0.04603542783706276,1
x_aq_idu_top/dp_wbt_inst_dst1_vld,0,0.0,0.0,0.0,0.0,,0
x_aq_idu_top/dp_wbt_src0_reg[5:0],125,0.04570383912248629,1.4856668800000001,1.2931293026185517,0.256,0.32383974668914495,4
x_aq_idu_top/dp_wbt_src1_reg[5:0],118,0.04314442413162706,1.594697966101695,1.3880303159159793,0.3050847457627119,-0.7245343689850383,4
x_aq_idu_top/dp_wbt_src2_reg[5:0],65,0.02376599634369287,1.468729230769231,1.2783867174316341,0.27692307692307694,-0.579248110933274,4
x_aq_idu_top/dp_wbt_wb_vld[31:0],117,0.04277879341864717,1.544957264957265,1.3447358472510693,0.18803418803418803,0.049306439910308954,3
x_aq_idu_top/gpr_dp_src0_data[63:0],72,0.0263254113345521,1.6260422222222222,1.4153124587730879,0.3611111111111111,0.11876318266752046,33
x_aq_idu_top/gpr_dp_src1_data[63:0],0,0.0,0.0,0.0,0.0,,0
x_aq_idu_top/gpr_dp_src2_data[63:0],0,0.0,0.0,0.0,0.0,,0
x_aq_idu_top/split_ctrl_id_stall,0,0.0,0.0,0.0,0.0,,0
x_aq_idu_top/split_ctrl_inst_vld,0,0.0,0.0,0.0,0.0,,0
x_aq_idu_top/split_dp_inst_data[264:0],194,0.07093235831809871,1.526000206185567,1.3282355614069477,0.25257731958762886,,17
x_aq_idu_top/split_dp_inst_sel,0,0.0,0.0,0.0,0.0,,0
x_aq_idu_top/split_top_cur_state_no_idle[3:0],0,0.0,0.0,0.0,0.0,,0
x_aq_idu_top/wbt_ctrl_dst0_info[6:0],169,0.061791590493601466,1.5619001183431953,1.3594829621516293,0.16568047337278108,-0.02524479396717474,4
x_aq_idu_top/wbt_ctrl_dst1_info[6:0],84,0.030712979890310785,1.6761085714285717,1.458890372574238,0.2619047619047619,0.15615335943372632,4
x_aq_idu_top/wbt_ctrl_src0_info[6:0],153,0.05594149908592322,1.5492360784313726,1.3484601404680034,0.19607843137254902,0.16835354215542947,4
x_aq_idu_top/wbt_ctrl_src1_info[6:0],20,0.007312614259597806,1.4492359999999997,1.2614197457304148,0.35,0.09240651731176201,4
x_aq_idu_top/wbt_ctrl_src2_info[6:0],60,0.021937842778793418,1.7707020000000002,1.5412248016226051,0.31666666666666665,-0.11353957888495969,4
x_aq_idu_top/wbt_top_gpr_not_wb,85,0.031078610603290677,1.4673058823529412,1.2771478303232804,0.21176470588235294,0.18330833973968214,1
x_aq_idu_top/x_aq_idu_id_ctrl/cp0_idu_dis_fence_in_dbg,0,0.0,0.0,0.0,0.0,,0
x_aq_idu_top/x_aq_idu_id_ctrl/cp0_idu_icg_en,0,0.0,0.0,0.0,0.0,,0
x_aq_idu_top/x_aq_idu_id_ctrl/cp0_idu_issue_stall,2,0.0007312614259597807,2.1612000000000005,1.881115535684025,1.0,-0.7522290120051428,1
x_aq_idu_top/x_aq_idu_id_ctrl/cp0_idu_vsetvl_dis_stall,0,0.0,0.0,0.0,0.0,,0
x_aq_idu_top/x_aq_idu_id_ctrl/cp0_yy_clk_en,1,0.00036563071297989033,1.8147199999999999,1.5795382125284625,0.0,0.07606077549910864,1
x_aq_idu_top/x_aq_idu_id_ctrl/cpurst_b,3,0.0010968921389396709,1.0352400000000002,0.9010762757549186,0.0,-0.004877847437271419,1
x_aq_idu_top/x_aq_idu_id_ctrl/ctrl_dp_dis_int_inst_gateclk_vld,61,0.02230347349177331,1.3522459016393447,1.176999247473081,0.08196721311475409,-0.679618490552829,1
x_aq_idu_top/x_aq_idu_id_ctrl/ctrl_dp_dis_vec_inst_gateclk_vld,0,0.0,0.0,0.0,0.0,,0
x_aq_idu_top/x_aq_idu_id_ctrl/ctrl_dp_ex1_stall,2,0.0007312614259597807,2.1612000000000005,1.881115535684025,1.0,-0.7522290120051428,1
x_aq_idu_top/x_aq_idu_id_ctrl/ctrl_top_eu_sel[9:0],85,0.031078610603290677,1.4383811764705883,1.2519716718926006,0.18823529411764706,-0.7341347622051763,3
x_aq_idu_top/x_aq_idu_id_ctrl/ctrl_wbt_dis_inst_vld,61,0.02230347349177331,1.3522459016393447,1.176999247473081,0.08196721311475409,-0.679618490552829,1
x_aq_idu_top/x_aq_idu_id_ctrl/ctrl_xx_dis_stall,30,0.010968921389396709,1.340413333333334,1.1667001413896647,0.16666666666666666,-0.733819928741491,1
x_aq_idu_top/x_aq_idu_id_ctrl/dp_ctrl_dis_inst_cancel,0,0.0,0.0,0.0,0.0,,0
x_aq_idu_top/x_aq_idu_id_ctrl/dp_ctrl_dis_inst_cp0_fence,28,0.010237659963436929,1.2272857142857145,1.068233492442126,0.10714285714285714,0.13171016400214688,1
x_aq_idu_top/x_aq_idu_id_ctrl/dp_ctrl_dis_inst_dst0_type[2:0],46,0.016819012797074956,1.7120895652173915,1.4902083470354166,0.43478260869565216,-0.03316038645157922,3
x_aq_idu_top/x_aq_idu_id_ctrl/dp_ctrl_dis_inst_dst0_vld,15,0.005484460694698354,1.3107813333333336,1.1409083518498768,0.0,-0.04603542783706276,1
x_aq_idu_top/x_aq_idu_id_ctrl/dp_ctrl_dis_inst_dst1_type[2:0],13,0.004753199268738574,1.333286153846154,1.1604966210958731,0.0,-0.03400463161477617,1
x_aq_idu_top/x_aq_idu_id_ctrl/dp_ctrl_dis_inst_dst1_vld,0,0.0,0.0,0.0,0.0,,0
x_aq_idu_top/x_aq_idu_id_ctrl/dp_ctrl_dis_inst_eu[9:0],86,0.03144424131627057,1.5215479069767441,1.3243602656401372,0.26744186046511625,0.11311348773993063,4
x_aq_idu_top/x_aq_idu_id_ctrl/dp_ctrl_dis_inst_expt_vld,30,0.010968921389396709,1.5807573333333336,1.375896343642321,0.16666666666666666,0.4985362384939774,1
x_aq_idu_top/x_aq_idu_id_ctrl/dp_ctrl_dis_inst_func[19:0],134,0.048994515539305304,1.536262089552239,1.3371675381913377,0.30597014925373134,-0.29371220442514023,8
x_aq_idu_top/x_aq_idu_id_ctrl/dp_ctrl_dis_inst_src0_vld,37,0.013528336380255941,1.6951816216216218,1.4754916177301827,0.32432432432432434,-0.24543060365296143,1
x_aq_idu_top/x_aq_idu_id_ctrl/dp_ctrl_dis_inst_src1_vld,0,0.0,0.0,0.0,0.0,,0
x_aq_idu_top/x_aq_idu_id_ctrl/dp_ctrl_dis_inst_src2_vld,0,0.0,0.0,0.0,0.0,,0
x_aq_idu_top/x_aq_idu_id_ctrl/dp_ctrl_dis_inst_src_type[2:0],46,0.016819012797074956,1.7120895652173915,1.4902083470354166,0.43478260869565216,-0.03316038645157922,3
x_aq_idu_top/x_aq_idu_id_ctrl/dp_ctrl_dis_inst_store,0,0.0,0.0,0.0,0.0,,0
x_aq_idu_top/x_aq_idu_id_ctrl/dp_ctrl_dis_inst_vec,0,0.0,0.0,0.0,0.0,,0
x_aq_idu_top/x_aq_idu_id_ctrl/dp_ctrl_inst_amo,16,0.005850091407678245,1.6505,1.4366005883983355,0.25,-0.7382199823997234,1
x_aq_idu_top/x_aq_idu_id_ctrl/dp_ctrl_inst_csr,27,0.009872029250457038,1.6337777777777778,1.422045511582963,0.2222222222222222,-0.13028380273261525,1
x_aq_idu_top/x_aq_idu_id_ctrl/dp_ctrl_inst_ecall,0,0.0,0.0,0.0,0.0,,0
x_aq_idu_top/x_aq_idu_id_ctrl/dp_ctrl_inst_sync,0,0.0,0.0,0.0,0.0,,0
x_aq_idu_top/x_aq_idu_id_ctrl/dp_ctrl_src0_fwd_vld,6,0.0021937842778793418,1.7723333333333333,1.542644719481763,0.5,0.07785593360964939,1
x_aq_idu_top/x_aq_idu_id_ctrl/dp_ctrl_src1_fwd_vld,0,0.0,0.0,0.0,0.0,,0
x_aq_idu_top/x_aq_idu_id_ctrl/dp_ctrl_src2_fwd_vld,4,0.0014625228519195613,2.4537499999999994,2.1357520107739565,1.0,0.06991775233794459,1
x_aq_idu_top/x_aq_idu_id_ctrl/forever_cpuclk,0,0.0,0.0,0.0,0.0,,0
x_aq_idu_top/x_aq_idu_id_ctrl/hpcp_idu_cnt_en,1,0.00036563071297989033,1.8147199999999999,1.5795382125284625,0.0,0.07606077549910864,1
x_aq_idu_top/x_aq_idu_id_ctrl/idu_alu_ex1_gateclk_sel,33,0.01206581352833638,1.368030303030303,1.1907380419752114,0.030303030303030304,0.11719947148905048,1
x_aq_idu_top/x_aq_idu_id_ctrl/idu_bju_ex1_gateclk_sel,0,0.0,0.0,0.0,0.0,,0
x_aq_idu_top/x_aq_idu_id_ctrl/idu_cp0_ex1_dp_sel,2,0.0007312614259597807,3.6707000000000005,3.194989263758722,1.0,-0.7526983623751735,1
x_aq_idu_top/x_aq_idu_id_ctrl/idu_cp0_ex1_gateclk_sel,2,0.0007312614259597807,3.6707000000000005,3.194989263758722,1.0,-0.7526983623751735,1
x_aq_idu_top/x_aq_idu_id_ctrl/idu_cp0_ex1_sel,2,0.0007312614259597807,3.6707000000000005,3.194989263758722,1.0,-0.7526983623751735,1
x_aq_idu_top/x_aq_idu_id_ctrl/idu_div_ex1_gateclk_sel,0,0.0,0.0,0.0,0.0,,0
x_aq_idu_top/x_aq_idu_id_ctrl/idu_ifu_id_stall,30,0.010968921389396709,1.340413333333334,1.1667001413896647,0.16666666666666666,-0.733819928741491,1
x_aq_idu_top/x_aq_idu_id_ctrl/idu_iu_ex1_alu_dp_sel,33,0.01206581352833638,1.368030303030303,1.1907380419752114,0.030303030303030304,0.11719947148905048,1
x_aq_idu_top/x_aq_idu_id_ctrl/idu_iu_ex1_alu_sel,33,0.01206581352833638,1.368030303030303,1.1907380419752114,0.030303030303030304,0.11719947148905048,1
x_aq_idu_top/x_aq_idu_id_ctrl/idu_iu_ex1_bju_br_sel,0,0.0,0.0,0.0,0.0,,0
x_aq_idu_top/x_aq_idu_id_ctrl/idu_iu_ex1_bju_dp_sel,0,0.0,0.0,0.0,0.0,,0
x_aq_idu_top/x_aq_idu_id_ctrl/idu_iu_ex1_bju_sel,0,0.0,0.0,0.0,0.0,,0
x_aq_idu_top/x_aq_idu_id_ctrl/idu_iu_ex1_div_dp_sel,0,0.0,0.0,0.0,0.0,,0
x_aq_idu_top/x_aq_idu_id_ctrl/idu_iu_ex1_div_sel,0,0.0,0.0,0.0,0.0,,0
x_aq_idu_top/x_aq_idu_id_ctrl/idu_iu_ex1_inst_vld,41,0.014990859232175503,1.5463999999999998,1.3459916085423724,0.12195121951219512,-0.7137761795598832,1
x_aq_idu_top/x_aq_idu_id_ctrl/idu_iu_ex1_mult_dp_sel,0,0.0,0.0,0.0,0.0,,0
x_aq_idu_top/x_aq_idu_id_ctrl/idu_iu_ex1_mult_sel,0,0.0,0.0,0.0,0.0,,0
x_aq_idu_top/x_aq_idu_id_ctrl/idu_iu_ex1_pipedown_vld,33,0.01206581352833638,1.3956969696969694,1.2148191989654287,0.030303030303030304,0.13166217209549586,1
x_aq_idu_top/x_aq_idu_id_ctrl/idu_lsu_ex1_dp_sel,0,0.0,0.0,0.0,0.0,,0
x_aq_idu_top/x_aq_idu_id_ctrl/idu_lsu_ex1_gateclk_sel,0,0.0,0.0,0.0,0.0,,0
x_aq_idu_top/x_aq_idu_id_ctrl/idu_lsu_ex1_sel,0,0.0,0.0,0.0,0.0,,0
x_aq_idu_top/x_aq_idu_id_ctrl/idu_mult_ex1_gateclk_sel,0,0.0,0.0,0.0,0.0,,0
x_aq_idu_top/x_aq_idu_id_ctrl/idu_vidu_ex1_fp_dp_sel,0,0.0,0.0,0.0,0.0,,0
x_aq_idu_top/x_aq_idu_id_ctrl/idu_vidu_ex1_fp_gateclk_sel,0,0.0,0.0,0.0,0.0,,0
x_aq_idu_top/x_aq_idu_id_ctrl/idu_vidu_ex1_fp_sel,0,0.0,0.0,0.0,0.0,,0
x_aq_idu_top/x_aq_idu_id_ctrl/idu_vidu_ex1_vec_dp_sel,0,0.0,0.0,0.0,0.0,,0
x_aq_idu_top/x_aq_idu_id_ctrl/idu_vidu_ex1_vec_gateclk_sel,0,0.0,0.0,0.0,0.0,,0
x_aq_idu_top/x_aq_idu_id_ctrl/idu_vidu_ex1_vec_sel,0,0.0,0.0,0.0,0.0,,0
x_aq_idu_top/x_aq_idu_id_ctrl/ifu_idu_id_inst_vld,61,0.02230347349177331,1.3522459016393447,1.176999247473081,0.08196721311475409,-0.679618490552829,1
x_aq_idu_top/x_aq_idu_id_ctrl/ifu_idu_warm_up,2,0.0007312614259597807,1.4680000000000004,1.2777519925893712,0.0,0.029085003389873045,1
x_aq_idu_top/x_aq_idu_id_ctrl/iu_idu_bju_full,0,0.0,0.0,0.0,0.0,,0
x_aq_idu_top/x_aq_idu_id_ctrl/iu_idu_bju_global_full,0,0.0,0.0,0.0,0.0,,0
x_aq_idu_top/x_aq_idu_id_ctrl/iu_idu_div_full,0,0.0,0.0,0.0,0.0,,0
x_aq_idu_top/x_aq_idu_id_ctrl/iu_idu_mult_full,0,0.0,0.0,0.0,0.0,,0
x_aq_idu_top/x_aq_idu_id_ctrl/iu_idu_mult_issue_stall,0,0.0,0.0,0.0,0.0,,0
x_aq_idu_top/x_aq_idu_id_ctrl/iu_yy_xx_cancel,0,0.0,0.0,0.0,0.0,,0
x_aq_idu_top/x_aq_idu_id_ctrl/lsu_idu_full,0,0.0,0.0,0.0,0.0,,0
x_aq_idu_top/x_aq_idu_id_ctrl/lsu_idu_global_full,0,0.0,0.0,0.0,0.0,,0
x_aq_idu_top/x_aq_idu_id_ctrl/pad_yy_icg_scan_en,0,0.0,0.0,0.0,0.0,,0
x_aq_idu_top/x_aq_idu_id_ctrl/rtu_idu_commit,39,0.014259597806215722,1.420762051282051,1.2366359278072223,0.1794871794871795,-0.1259077097093957,1
x_aq_idu_top/x_aq_idu_id_ctrl/rtu_idu_commit_for_bju,39,0.014259597806215722,1.420762051282051,1.2366359278072223,0.1794871794871795,-0.1259077097093957,1
x_aq_idu_top/x_aq_idu_id_ctrl/rtu_idu_flush_fe,0,0.0,0.0,0.0,0.0,,0
x_aq_idu_top/x_aq_idu_id_ctrl/rtu_idu_flush_stall,2,0.0007312614259597807,0.6015000000000001,0.5235475637210536,0.0,0.0226248897332308,1
x_aq_idu_top/x_aq_idu_id_ctrl/rtu_idu_pipeline_empty,100,0.03656307129798903,1.5289072,1.330765818313512,0.22,0.5941825987447399,1
x_aq_idu_top/x_aq_idu_id_ctrl/rtu_yy_xx_dbgon,0,0.0,0.0,0.0,0.0,,0
x_aq_idu_top/x_aq_idu_id_ctrl/split_ctrl_id_stall,0,0.0,0.0,0.0,0.0,,0
x_aq_idu_top/x_aq_idu_id_ctrl/split_ctrl_inst_vld,0,0.0,0.0,0.0,0.0,,0
x_aq_idu_top/x_aq_idu_id_ctrl/split_dp_inst_sel,0,0.0,0.0,0.0,0.0,,0
x_aq_idu_top/x_aq_idu_id_ctrl/vidu_idu_fp_full,0,0.0,0.0,0.0,0.0,,0
x_aq_idu_top/x_aq_idu_id_ctrl/vidu_idu_vec_full,0,0.0,0.0,0.0,0.0,,0
x_aq_idu_top/x_aq_idu_id_ctrl/wbt_ctrl_dst0_info[6:0],169,0.061791590493601466,1.5619001183431953,1.3594829621516293,0.16568047337278108,-0.02524479396717474,4
x_aq_idu_top/x_aq_idu_id_ctrl/wbt_ctrl_dst1_info[6:0],84,0.030712979890310785,1.6761085714285717,1.458890372574238,0.2619047619047619,0.15615335943372632,4
x_aq_idu_top/x_aq_idu_id_ctrl/wbt_ctrl_src0_info[6:0],153,0.05594149908592322,1.5492360784313726,1.3484601404680034,0.19607843137254902,0.16835354215542947,4
x_aq_idu_top/x_aq_idu_id_ctrl/wbt_ctrl_src1_info[6:0],20,0.007312614259597806,1.4492359999999997,1.2614197457304148,0.35,0.09240651731176201,4
x_aq_idu_top/x_aq_idu_id_ctrl/wbt_ctrl_src2_info[6:0],60,0.021937842778793418,1.7707020000000002,1.5412248016226051,0.31666666666666665,-0.11353957888495969,4
x_aq_idu_top/x_aq_idu_id_ctrl/ctrl_dis_cp0_stall,26,0.009506398537477149,1.3341153846153846,1.1612183862646066,0.11538461538461539,0.10952055115959831,1
x_aq_idu_top/x_aq_idu_id_ctrl/ctrl_dis_dep_stall,0,0.0,0.0,0.0,0.0,,0
x_aq_idu_top/x_aq_idu_id_ctrl/ctrl_dis_dst0_waw,0,0.0,0.0,0.0,0.0,,0
x_aq_idu_top/x_aq_idu_id_ctrl/ctrl_dis_dst0_waw_except,47,0.017184643510054845,1.6430510638297873,1.430117010037191,0.2127659574468085,-0.663119674098837,1
x_aq_idu_top/x_aq_idu_id_ctrl/ctrl_dis_dst1_waw,0,0.0,0.0,0.0,0.0,,0
x_aq_idu_top/x_aq_idu_id_ctrl/ctrl_dis_dst1_waw_except,42,0.015356489945155392,1.582,1.3769779647659297,0.11904761904761904,0.1771188019785991,1
x_aq_idu_top/x_aq_idu_id_ctrl/ctrl_dis_inst_vld,61,0.02230347349177331,1.3522459016393447,1.176999247473081,0.08196721311475409,-0.679618490552829,1
x_aq_idu_top/x_aq_idu_id_ctrl/ctrl_dis_raw,0,0.0,0.0,0.0,0.0,,0
x_aq_idu_top/x_aq_idu_id_ctrl/ctrl_dis_src0_raw,0,0.0,0.0,0.0,0.0,,0
x_aq_idu_top/x_aq_idu_id_ctrl/ctrl_dis_src0_raw_except,46,0.016819012797074956,1.4912173913043478,1.297960485778647,0.13043478260869565,0.18088692952931854,1
x_aq_idu_top/x_aq_idu_id_ctrl/ctrl_dis_src1_raw,0,0.0,0.0,0.0,0.0,,0
x_aq_idu_top/x_aq_idu_id_ctrl/ctrl_dis_src1_raw_except,8,0.0029250457038391227,1.85425,1.6139452535823167,0.5,0.16189441566608612,1
x_aq_idu_top/x_aq_idu_id_ctrl/ctrl_dis_src2_raw,0,0.0,0.0,0.0,0.0,,0
x_aq_idu_top/x_aq_idu_id_ctrl/ctrl_dis_src2_raw_except,11,0.0040219378427787935,2.307127272727273,2.0081311102755817,0.8181818181818182,-0.7219457573527437,1
x_aq_idu_top/x_aq_idu_id_ctrl/ctrl_dis_stall,30,0.010968921389396709,1.340413333333334,1.1667001413896647,0.16666666666666666,-0.733819928741491,1
x_aq_idu_top/x_aq_idu_id_ctrl/ctrl_dis_vec_stall,0,0.0,0.0,0.0,0.0,,0
x_aq_idu_top/x_aq_idu_id_ctrl/ctrl_dis_waw,0,0.0,0.0,0.0,0.0,,0
x_aq_idu_top/x_aq_idu_id_ctrl/ctrl_ex1_eu_full,0,0.0,0.0,0.0,0.0,,0
x_aq_idu_top/x_aq_idu_id_ctrl/ctrl_ex1_internal_stall,0,0.0,0.0,0.0,0.0,,0
x_aq_idu_top/x_aq_idu_id_ctrl/ctrl_ex1_issue_stall,2,0.0007312614259597807,2.1612000000000005,1.881115535684025,1.0,-0.7522290120051428,1
x_aq_idu_top/x_aq_idu_id_ctrl/ctrl_ex1_stall,2,0.0007312614259597807,2.1612000000000005,1.881115535684025,1.0,-0.7522290120051428,1
x_aq_idu_top/x_aq_idu_id_ctrl/ctrl_pipedown_eu_sel[9:0],83,0.030347349177330896,1.4970168674698794,1.3030083687667142,0.1927710843373494,0.1665016271812694,3
x_aq_idu_top/x_aq_idu_id_ctrl/ctrl_pipedown_inst_vld,39,0.014259597806215722,1.4411025641025639,1.2543403765720045,0.10256410256410256,0.1461086500565438,1
x_aq_idu_top/x_aq_idu_id_ctrl/ctrl_split_stall,0,0.0,0.0,0.0,0.0,,0
x_aq_idu_top/x_aq_idu_id_ctrl/ex1_hpcp_clk,0,0.0,0.0,0.0,0.0,,0
x_aq_idu_top/x_aq_idu_id_ctrl/ex1_hpcp_clk_en,1,0.00036563071297989033,1.8147199999999999,1.5795382125284625,0.0,0.07606077549910864,1
x_aq_idu_top/x_aq_idu_id_ctrl/ex1_inst_clk,0,0.0,0.0,0.0,0.0,,0
x_aq_idu_top/x_aq_idu_id_ctrl/ex1_inst_clk_en,99,0.03619744058500914,1.4684040404040402,1.2781036706761209,0.23232323232323232,-0.6399096983198279,1
x_aq_idu_top/x_aq_idu_id_ctrl/idu_backend_stall,30,0.010968921389396709,1.340413333333334,1.1667001413896647,0.16666666666666666,-0.733819928741491,1
x_aq_idu_top/x_aq_idu_id_ctrl/idu_frontend_stall,88,0.03217550274223035,1.5150081818181818,1.3186680675118403,0.22727272727272727,0.581901154067033,1
x_aq_idu_top/x_aq_idu_id_ctrl/idu_inst_type[6:0],75,0.027422303473491772,1.414552,1.2312306788973295,0.17333333333333334,-0.7340904372547485,2
x_aq_idu_top/x_aq_idu_id_ctrl/x_ex1_inst_gated_clk/clk_in,0,0.0,0.0,0.0,0.0,,0
x_aq_idu_top/x_aq_idu_id_ctrl/x_ex1_inst_gated_clk/global_en,1,0.00036563071297989033,1.8147199999999999,1.5795382125284625,0.0,0.07606077549910864,1
x_aq_idu_top/x_aq_idu_id_ctrl/x_ex1_inst_gated_clk/module_en,0,0.0,0.0,0.0,0.0,,0
x_aq_idu_top/x_aq_idu_id_ctrl/x_ex1_inst_gated_clk/local_en,99,0.03619744058500914,1.4684040404040402,1.2781036706761209,0.23232323232323232,-0.6399096983198279,1
x_aq_idu_top/x_aq_idu_id_ctrl/x_ex1_inst_gated_clk/external_en,0,0.0,0.0,0.0,0.0,,0
x_aq_idu_top/x_aq_idu_id_ctrl/x_ex1_inst_gated_clk/pad_yy_icg_scan_en,0,0.0,0.0,0.0,0.0,,0
x_aq_idu_top/x_aq_idu_id_ctrl/x_ex1_inst_gated_clk/clk_out,0,0.0,0.0,0.0,0.0,,0
x_aq_idu_top/x_aq_idu_id_ctrl/x_ex1_inst_gated_clk/clk_en_bf_latch,99,0.03619744058500914,1.4684040404040402,1.2781036706761209,0.23232323232323232,-0.6399096983198279,1
x_aq_idu_top/x_aq_idu_id_ctrl/x_ex1_inst_gated_clk/SE,0,0.0,0.0,0.0,0.0,,0
x_aq_idu_top/x_aq_idu_id_ctrl/x_ex1_hpcp_gated_clk/clk_in,0,0.0,0.0,0.0,0.0,,0
x_aq_idu_top/x_aq_idu_id_ctrl/x_ex1_hpcp_gated_clk/global_en,1,0.00036563071297989033,1.8147199999999999,1.5795382125284625,0.0,0.07606077549910864,1
x_aq_idu_top/x_aq_idu_id_ctrl/x_ex1_hpcp_gated_clk/module_en,0,0.0,0.0,0.0,0.0,,0
x_aq_idu_top/x_aq_idu_id_ctrl/x_ex1_hpcp_gated_clk/local_en,1,0.00036563071297989033,1.8147199999999999,1.5795382125284625,0.0,0.07606077549910864,1
x_aq_idu_top/x_aq_idu_id_ctrl/x_ex1_hpcp_gated_clk/external_en,0,0.0,0.0,0.0,0.0,,0
x_aq_idu_top/x_aq_idu_id_ctrl/x_ex1_hpcp_gated_clk/pad_yy_icg_scan_en,0,0.0,0.0,0.0,0.0,,0
x_aq_idu_top/x_aq_idu_id_ctrl/x_ex1_hpcp_gated_clk/clk_out,0,0.0,0.0,0.0,0.0,,0
x_aq_idu_top/x_aq_idu_id_ctrl/x_ex1_hpcp_gated_clk/clk_en_bf_latch,1,0.00036563071297989033,1.8147199999999999,1.5795382125284625,0.0,0.07606077549910864,1
x_aq_idu_top/x_aq_idu_id_ctrl/x_ex1_hpcp_gated_clk/SE,0,0.0,0.0,0.0,0.0,,0
x_aq_idu_top/x_aq_idu_id_decd/cp0_idu_cskyee,1,0.00036563071297989033,1.8147199999999999,1.5795382125284625,0.0,0.07606077549910864,1
x_aq_idu_top/x_aq_idu_id_decd/cp0_idu_frm[2:0],0,0.0,0.0,0.0,0.0,,0
x_aq_idu_top/x_aq_idu_id_decd/cp0_idu_fs[1:0],9,0.0032906764168190127,1.2870000000000004,1.1202090016774664,0.2222222222222222,-0.387380028052867,2
x_aq_idu_top/x_aq_idu_id_decd/cp0_idu_ucme,1,0.00036563071297989033,1.8147199999999999,1.5795382125284625,0.0,0.07606077549910864,1
x_aq_idu_top/x_aq_idu_id_decd/cp0_idu_vill,0,0.0,0.0,0.0,0.0,,0
x_aq_idu_top/x_aq_idu_id_decd/cp0_idu_vl_zero,0,0.0,0.0,0.0,0.0,,0
x_aq_idu_top/x_aq_idu_id_decd/cp0_idu_vs[1:0],0,0.0,0.0,0.0,0.0,,0
x_aq_idu_top/x_aq_idu_id_decd/cp0_idu_vstart[6:0],0,0.0,0.0,0.0,0.0,,0
x_aq_idu_top/x_aq_idu_id_decd/cp0_yy_priv_mode[1:0],1,0.00036563071297989033,1.8147199999999999,1.5795382125284625,0.0,0.07606077549910831,2
x_aq_idu_top/x_aq_idu_id_decd/dp_decd_inst[31:0],211,0.07714808043875686,1.5258532701421803,1.3281076677950807,0.23696682464454977,0.16874029184726472,21
x_aq_idu_top/x_aq_idu_id_decd/dp_decd_vlmul[1:0],0,0.0,0.0,0.0,0.0,,0
x_aq_idu_top/x_aq_idu_id_decd/dp_decd_vsew[1:0],0,0.0,0.0,0.0,0.0,,0
x_aq_idu_top/x_aq_idu_id_decd/rtu_yy_xx_dbgon,0,0.0,0.0,0.0,0.0,,0
x_aq_idu_top/x_aq_idu_id_decd/decd_c_illegal,20,0.007312614259597806,1.6399359999999998,1.4274056483099742,0.25,0.49273889904194484,1
x_aq_idu_top/x_aq_idu_id_decd/decd_caddi4spn_src1_imm[9:0],174,0.06361974405850092,1.5192666666666665,1.3223746666266654,0.2471264367816092,-0.23368331296402658,8
x_aq_idu_top/x_aq_idu_id_decd/decd_caddisp_src1_imm[9:0],135,0.04936014625228519,1.5480103703703705,1.34739328017013,0.32592592592592595,-0.278707799023148,7
x_aq_idu_top/x_aq_idu_id_decd/decd_debug_illegal,6,0.0021937842778793418,1.6018333333333337,1.3942409628492785,0.3333333333333333,0.04806615159839424,1
x_aq_idu_top/x_aq_idu_id_decd/decd_dst0_reg[4:0],121,0.044241316270566725,1.5233233057851239,1.3259055785591072,0.2727272727272727,0.43909863066807986,4
x_aq_idu_top/x_aq_idu_id_decd/decd_dst1_reg[4:0],107,0.03912248628884826,1.5518284112149534,1.3507165153860383,0.2523364485981308,0.1600863015878305,4
x_aq_idu_top/x_aq_idu_id_decd/decd_flsu_illegal,8,0.0029250457038391227,1.565125,1.3622899096740049,0.0,0.05895388734439492,1
x_aq_idu_top/x_aq_idu_id_decd/decd_fp0_sel,0,0.0,0.0,0.0,0.0,,0
x_aq_idu_top/x_aq_idu_id_decd/decd_fp1_sel,0,0.0,0.0,0.0,0.0,,0
x_aq_idu_top/x_aq_idu_id_decd/decd_fp_illegal,11,0.0040219378427787935,1.4710654545454551,1.2804201742335448,0.18181818181818182,0.48244789043504976,1
x_aq_idu_top/x_aq_idu_id_decd/decd_fp_rounding_illegal,0,0.0,0.0,0.0,0.0,,0
x_aq_idu_top/x_aq_idu_id_decd/decd_fp_sel,0,0.0,0.0,0.0,0.0,,0
x_aq_idu_top/x_aq_idu_id_decd/decd_fs_illegal,4,0.0014625228519195613,1.3112499999999996,1.1413162808466022,0.0,0.04990956123721084,1
x_aq_idu_top/x_aq_idu_id_decd/decd_i_illegal,0,0.0,0.0,0.0,0.0,,0
x_aq_idu_top/x_aq_idu_id_decd/decd_inst_cls,28,0.010237659963436929,1.5112757142857143,1.315419315586169,0.17857142857142858,0.49007727221997005,1
x_aq_idu_top/x_aq_idu_id_decd/decd_inst_cls_sp,0,0.0,0.0,0.0,0.0,,0
x_aq_idu_top/x_aq_idu_id_decd/decd_inst_dst0_reg_16bit_3_high,0,0.0,0.0,0.0,0.0,,0
x_aq_idu_top/x_aq_idu_id_decd/decd_inst_dst0_reg_16bit_3_low,28,0.010237659963436929,1.5112757142857143,1.315419315586169,0.17857142857142858,0.49007727221997005,1
x_aq_idu_top/x_aq_idu_id_decd/decd_inst_dst0_reg_16bit_5,24,0.008775137111517367,1.7258333333333333,1.5021709676729036,0.4166666666666667,0.2130249051578794,1
x_aq_idu_top/x_aq_idu_id_decd/decd_inst_dst0_reg_16bit_x1,0,0.0,0.0,0.0,0.0,,0
x_aq_idu_top/x_aq_idu_id_decd/decd_inst_dst0_reg_32bit,39,0.014259597806215722,1.2566410256410256,1.0937844512822692,0.20512820512820512,-0.6585844489469703,1
x_aq_idu_top/x_aq_idu_id_decd/decd_inst_dstf_reg_16bit,0,0.0,0.0,0.0,0.0,,0
x_aq_idu_top/x_aq_idu_id_decd/decd_inst_dstf_reg_16bit_high,0,0.0,0.0,0.0,0.0,,0
x_aq_idu_top/x_aq_idu_id_decd/decd_inst_dstf_reg_16bit_low,28,0.010237659963436929,1.5112757142857143,1.315419315586169,0.17857142857142858,0.49007727221997005,1
x_aq_idu_top/x_aq_idu_id_decd/decd_inst_dstf_reg_32bit,0,0.0,0.0,0.0,0.0,,0
x_aq_idu_top/x_aq_idu_id_decd/decd_inst_dstf_reg_32bit_low,39,0.014259597806215722,1.2566410256410256,1.0937844512822692,0.20512820512820512,-0.6585844489469703,1
x_aq_idu_top/x_aq_idu_id_decd/decd_inst_fcvtfx,0,0.0,0.0,0.0,0.0,,0
x_aq_idu_top/x_aq_idu_id_decd/decd_inst_fls,0,0.0,0.0,0.0,0.0,,0
x_aq_idu_top/x_aq_idu_id_decd/decd_inst_fmv,0,0.0,0.0,0.0,0.0,,0
x_aq_idu_top/x_aq_idu_id_decd/decd_inst_src0_reg_16bit_3,14,0.005118829981718464,1.5910714285714285,1.384873765810054,0.07142857142857142,0.0644880431676374,1
x_aq_idu_top/x_aq_idu_id_decd/decd_inst_src0_reg_16bit_5,22,0.008043875685557587,1.6052727272727274,1.3972346225627392,0.36363636363636365,0.2132259086273125,1
x_aq_idu_top/x_aq_idu_id_decd/decd_inst_src0_reg_32bit,39,0.014259597806215722,1.2566410256410256,1.0937844512822692,0.20512820512820512,-0.6585844489469703,1
x_aq_idu_top/x_aq_idu_id_decd/decd_inst_src0_reg_cmv,0,0.0,0.0,0.0,0.0,,0
x_aq_idu_top/x_aq_idu_id_decd/decd_inst_src0_reg_r2,14,0.005118829981718464,1.43148,1.245964865362284,0.2857142857142857,0.48142231650805256,1
x_aq_idu_top/x_aq_idu_id_decd/decd_inst_src1_reg_16bit_3,50,0.018281535648994516,1.5526344,1.35141805065586,0.26,0.6103432669588277,1
x_aq_idu_top/x_aq_idu_id_decd/decd_inst_src1_reg_16bit_5,0,0.0,0.0,0.0,0.0,,0
x_aq_idu_top/x_aq_idu_id_decd/decd_inst_src1_reg_32bit,39,0.014259597806215722,1.2566410256410256,1.0937844512822692,0.20512820512820512,-0.6585844489469703,1
x_aq_idu_top/x_aq_idu_id_decd/decd_inst_src2_reg_16bit_3,2,0.0007312614259597807,1.0514999999999999,0.9152290328390486,0.0,0.03548216752607123,1
x_aq_idu_top/x_aq_idu_id_decd/decd_inst_src2_reg_16bit_5,0,0.0,0.0,0.0,0.0,,0
x_aq_idu_top/x_aq_idu_id_decd/decd_inst_src2_reg_32bit_11_7,39,0.014259597806215722,1.2566410256410256,1.0937844512822692,0.20512820512820512,-0.6585844489469703,1
x_aq_idu_top/x_aq_idu_id_decd/decd_inst_src2_reg_32bit_24_20,0,0.0,0.0,0.0,0.0,,0
x_aq_idu_top/x_aq_idu_id_decd/decd_inst_srcf1_reg_16bit,0,0.0,0.0,0.0,0.0,,0
x_aq_idu_top/x_aq_idu_id_decd/decd_inst_srcf1_reg_16bit_low,28,0.010237659963436929,1.5112757142857143,1.315419315586169,0.17857142857142858,0.49007727221997005,1
x_aq_idu_top/x_aq_idu_id_decd/decd_inst_srcf1_reg_32bit,39,0.014259597806215722,1.2566410256410256,1.0937844512822692,0.20512820512820512,-0.6585844489469703,1
x_aq_idu_top/x_aq_idu_id_decd/decd_inst_srcf1_reg_32bit_low,0,0.0,0.0,0.0,0.0,,0
x_aq_idu_top/x_aq_idu_id_decd/decd_inst_vec,0,0.0,0.0,0.0,0.0,,0
x_aq_idu_top/x_aq_idu_id_decd/decd_inst_vls,0,0.0,0.0,0.0,0.0,,0
x_aq_idu_top/x_aq_idu_id_decd/decd_length,39,0.014259597806215722,1.2566410256410256,1.0937844512822692,0.20512820512820512,-0.6585844489469703,1
x_aq_idu_top/x_aq_idu_id_decd/decd_lsr_src3_imm[1:0],0,0.0,0.0,0.0,0.0,,0
x_aq_idu_top/x_aq_idu_id_decd/decd_lsr_src3_imm_vld,0,0.0,0.0,0.0,0.0,,0
x_aq_idu_top/x_aq_idu_id_decd/decd_lsu_illegal,8,0.0029250457038391227,1.565125,1.3622899096740049,0.0,0.05895388734439492,1
x_aq_idu_top/x_aq_idu_id_decd/decd_ovlp_ill[8:0],128,0.04680073126142596,1.5790840625000002,1.3744399232462492,0.296875,0.544611511822307,6
x_aq_idu_top/x_aq_idu_id_decd/decd_ovlp_illegal,26,0.009506398537477149,1.6695769230769228,1.453205204525047,0.23076923076923078,0.11853880577966423,1
x_aq_idu_top/x_aq_idu_id_decd/decd_ovlp_illegal_type[2:0],54,0.019744058500914076,1.4985000000000002,1.304299292162924,0.24074074074074073,0.15142087944338006,3
x_aq_idu_top/x_aq_idu_id_decd/decd_sel[5:0],40,0.014625228519195612,1.2705930000000003,1.1059282953134242,0.2,0.6656831786753378,2
x_aq_idu_top/x_aq_idu_id_decd/decd_size_ill_case[3:0],26,0.009506398537477149,1.6214230769230773,1.4112919396245578,0.23076923076923078,0.11334667364453492,2
x_aq_idu_top/x_aq_idu_id_decd/decd_size_illegal,12,0.0043875685557586835,1.5533333333333337,1.3520264045110058,0.16666666666666666,0.08978611345568581,1
x_aq_idu_top/x_aq_idu_id_decd/decd_src0_reg[4:0],125,0.04570383912248629,1.4856668800000001,1.2931293026185517,0.256,0.32383974668914495,4
x_aq_idu_top/x_aq_idu_id_decd/decd_src1_imm_c_branch_mask,14,0.005118829981718464,1.2937142857142863,1.126053137883354,0.0,0.08000255780668832,1
x_aq_idu_top/x_aq_idu_id_decd/decd_src1_imm_sel[13:0],99,0.03619744058500914,1.4955830303030306,1.3017603522156314,0.2828282828282828,0.18931696017589075,3
x_aq_idu_top/x_aq_idu_id_decd/decd_src1_reg[4:0],118,0.04314442413162706,1.594697966101695,1.3880303159159793,0.3050847457627119,-0.7245343689850383,4
x_aq_idu_top/x_aq_idu_id_decd/decd_src2_16bit_mask,2,0.0007312614259597807,1.0514999999999999,0.9152290328390486,0.0,0.03548216752607123,1
x_aq_idu_top/x_aq_idu_id_decd/decd_src2_imm_sel[6:0],95,0.03473491773308958,1.4905128421052634,1.2973472438556175,0.2631578947368421,0.6344319992656983,3
x_aq_idu_top/x_aq_idu_id_decd/decd_src2_inst16_c_j_imm[63:0],182,0.06654478976234003,1.5263483516483518,1.3285385883543481,0.25274725274725274,0.20479356891752967,59
x_aq_idu_top/x_aq_idu_id_decd/decd_src2_inst16_cbranch_imm[63:0],142,0.051919561243144424,1.5448760563380284,1.3446651630037636,0.30985915492957744,0.20479356891752967,61
x_aq_idu_top/x_aq_idu_id_decd/decd_src2_inst32_branch_imm[63:0],177,0.06471663619744059,1.5262714124293786,1.32847162020697,0.23728813559322035,0.10564490172194249,57
x_aq_idu_top/x_aq_idu_id_decd/decd_src2_inst32_jal_imm[63:0],190,0.06946983546617916,1.5304949473684213,1.3321477988065153,0.25263157894736843,0.10564490172195497,57
x_aq_idu_top/x_aq_idu_id_decd/decd_src2_reg[4:0],65,0.02376599634369287,1.468729230769231,1.2783867174316341,0.27692307692307694,-0.579248110933274,4
x_aq_idu_top/x_aq_idu_id_decd/decd_srcv0_srcv1_switch,16,0.005850091407678245,1.6478125000000001,1.4342613796244366,0.0625,0.08511473997176441,1
x_aq_idu_top/x_aq_idu_id_decd/decd_srcv1_srcv2_switch,2,0.0007312614259597807,0.8004999999999995,0.6967578133976776,0.0,0.029765932981607783,1
x_aq_idu_top/x_aq_idu_id_decd/decd_start_illegal,0,0.0,0.0,0.0,0.0,,0
x_aq_idu_top/x_aq_idu_id_decd/decd_v_illegal,0,0.0,0.0,0.0,0.0,,0
x_aq_idu_top/x_aq_idu_id_decd/decd_vec_fp_ac_fcsr,12,0.0043875685557586835,1.5533333333333337,1.3520264045110058,0.16666666666666666,0.08978611345568581,1
x_aq_idu_top/x_aq_idu_id_decd/decd_vec_inst,0,0.0,0.0,0.0,0.0,,0
x_aq_idu_top/x_aq_idu_id_decd/decd_vec_inst_ac_fcsr,2,0.0007312614259597807,2.92,2.541577532943435,1.0,0.04328906817112583,1
x_aq_idu_top/x_aq_idu_id_decd/decd_vec_inst_adc,32,0.01170018281535649,1.5994375,1.3921556216942519,0.09375,0.13059142000142973,1
x_aq_idu_top/x_aq_idu_id_decd/decd_vec_inst_comp,18,0.006581352833638025,1.592557777777778,1.3861674890117548,0.1111111111111111,0.06594396414501903,1
x_aq_idu_top/x_aq_idu_id_decd/decd_vec_inst_funary,0,0.0,0.0,0.0,0.0,,0
x_aq_idu_top/x_aq_idu_id_decd/decd_vec_inst_mask,0,0.0,0.0,0.0,0.0,,0
x_aq_idu_top/x_aq_idu_id_decd/decd_vec_inst_narr,0,0.0,0.0,0.0,0.0,,0
x_aq_idu_top/x_aq_idu_id_decd/decd_vec_inst_scalar,14,0.005118829981718464,1.3262857142857147,1.1544034156480851,0.07142857142857142,0.09483970195787385,1
x_aq_idu_top/x_aq_idu_id_decd/decd_vec_inst_slidedown,0,0.0,0.0,0.0,0.0,,0
x_aq_idu_top/x_aq_idu_id_decd/decd_vec_inst_slideup,0,0.0,0.0,0.0,0.0,,0
x_aq_idu_top/x_aq_idu_id_decd/decd_vec_inst_vcompress,0,0.0,0.0,0.0,0.0,,0
x_aq_idu_top/x_aq_idu_id_decd/decd_vec_inst_vid,0,0.0,0.0,0.0,0.0,,0
x_aq_idu_top/x_aq_idu_id_decd/decd_vec_inst_viota,0,0.0,0.0,0.0,0.0,,0
x_aq_idu_top/x_aq_idu_id_decd/decd_vec_inst_vred,4,0.0014625228519195613,1.0045000000000002,0.874320079397836,0.0,0.0458734052821194,1
x_aq_idu_top/x_aq_idu_id_decd/decd_vec_inst_vred_n,4,0.0014625228519195613,1.0045000000000002,0.874320079397836,0.0,0.0458734052821194,1
x_aq_idu_top/x_aq_idu_id_decd/decd_vec_inst_vred_w,0,0.0,0.0,0.0,0.0,,0
x_aq_idu_top/x_aq_idu_id_decd/decd_vec_inst_vrgather,24,0.008775137111517367,1.645875,1.4325749732990671,0.16666666666666666,0.1219446047433344,1
x_aq_idu_top/x_aq_idu_id_decd/decd_vec_inst_wide,2,0.0007312614259597807,2.92,2.541577532943435,1.0,0.04328906817112583,1
x_aq_idu_top/x_aq_idu_id_decd/decd_vec_inst_wide_w,0,0.0,0.0,0.0,0.0,,0
x_aq_idu_top/x_aq_idu_id_decd/decd_vec_ls_func[3:0],0,0.0,0.0,0.0,0.0,,0
x_aq_idu_top/x_aq_idu_id_decd/decd_vec_lsu,0,0.0,0.0,0.0,0.0,,0
x_aq_idu_top/x_aq_idu_id_decd/decd_vec_nop,29,0.01060329067641682,1.4668524137931034,1.2767531298083556,0.3448275862068966,-0.11141319793619743,1
x_aq_idu_top/x_aq_idu_id_decd/decd_vec_opcfg,8,0.0029250457038391227,1.2485000000000006,1.0866984759862603,0.125,0.06339816270863309,1
x_aq_idu_top/x_aq_idu_id_decd/decd_vec_opfv,12,0.0043875685557586835,1.5533333333333337,1.3520264045110058,0.16666666666666666,0.08978611345568581,1
x_aq_idu_top/x_aq_idu_id_decd/decd_vec_opfvf,2,0.0007312614259597807,1.4580000000000009,1.269047959942305,0.0,0.038027443107233085,1
x_aq_idu_top/x_aq_idu_id_decd/decd_vec_opfvv,10,0.003656307129798903,1.5724000000000005,1.3686220934247462,0.2,0.08312205107662053,1
x_aq_idu_top/x_aq_idu_id_decd/decd_vec_opiv,43,0.015722120658135285,1.673165581395349,1.4563287844413217,0.32558139534883723,-0.20059914804066922,1
x_aq_idu_top/x_aq_idu_id_decd/decd_vec_opivi,24,0.008775137111517367,1.645875,1.4325749732990671,0.16666666666666666,0.1219446047433344,1
x_aq_idu_top/x_aq_idu_id_decd/decd_vec_opivv,25,0.009140767824497258,1.7498847999999998,1.5231054427805535,0.48,-0.31140084240292476,1
x_aq_idu_top/x_aq_idu_id_decd/decd_vec_opivx,4,0.0014625228519195613,1.525,1.32736497867765,1.0,0.16707406951280693,1
x_aq_idu_top/x_aq_idu_id_decd/decd_vec_opmv,20,0.007312614259597806,1.4633000000000003,1.2736610972452498,0.25,0.11083291724528686,1
x_aq_idu_top/x_aq_idu_id_decd/decd_vec_opmvv,10,0.003656307129798903,1.4503,1.262345854804063,0.4,0.07605474695078353,1
x_aq_idu_top/x_aq_idu_id_decd/decd_vec_opmvx,12,0.0043875685557586835,1.5216666666666672,1.3244636344619618,0.08333333333333333,0.08176785451992237,1
x_aq_idu_top/x_aq_idu_id_decd/decd_vec_opvx,14,0.005118829981718464,1.6658571428571427,1.449967495677759,0.2857142857142857,0.18941669010202192,1
x_aq_idu_top/x_aq_idu_id_decd/decd_vec_special_func[4:0],121,0.044241316270566725,1.5265672727272728,1.328729137976154,0.23140495867768596,-0.5958835031489216,3
x_aq_idu_top/x_aq_idu_id_decd/decd_vec_vfunary0,0,0.0,0.0,0.0,0.0,,0
x_aq_idu_top/x_aq_idu_id_decd/decd_vec_vfunary1,0,0.0,0.0,0.0,0.0,,0
x_aq_idu_top/x_aq_idu_id_decd/decd_vec_vmunary0,0,0.0,0.0,0.0,0.0,,0
x_aq_idu_top/x_aq_idu_id_decd/decd_vfunary0_vld,13,0.004753199268738574,1.7783630769230772,1.5478930279876202,0.38461538461538464,-0.05991433240860945,1
x_aq_idu_top/x_aq_idu_id_decd/decd_vfunary0_vld_narr,2,0.0007312614259597807,1.0289999999999995,0.8956449593831485,0.0,0.050315289856066474,1
x_aq_idu_top/x_aq_idu_id_decd/decd_vfunary0_vld_norm,17,0.006215722120658135,1.6878070588235294,1.4690727741949388,0.4117647058823529,-0.09287119253599062,1
x_aq_idu_top/x_aq_idu_id_decd/decd_vfunary0_vld_wide,2,0.0007312614259597807,3.0609999999999995,2.664304393267073,1.0,0.015597405071948999,1
x_aq_idu_top/x_aq_idu_id_decd/decd_vill_illegal,13,0.004753199268738574,1.4475938461538456,1.2599904096615717,0.23076923076923078,-0.04611668963965,1
x_aq_idu_top/x_aq_idu_id_decd/decd_vlsu_illegal,0,0.0,0.0,0.0,0.0,,0
x_aq_idu_top/x_aq_idu_id_decd/decd_vmunary0_vld,66,0.02413162705667276,1.5467824242424244,1.3463244718514817,0.16666666666666666,0.2478589352486336,1
x_aq_idu_top/x_aq_idu_id_decd/decd_vreg_dst_norm,49,0.017915904936014627,1.5163412244897958,1.3198283522052063,0.30612244897959184,-0.1872802416203694,1
x_aq_idu_top/x_aq_idu_id_decd/decd_vreg_ill[4:0],93,0.0340036563071298,1.5906993548387098,1.3845499116183844,0.34408602150537637,-0.6808797321607735,3
x_aq_idu_top/x_aq_idu_id_decd/decd_vreg_illegal,2,0.0007312614259597807,3.542,3.082968363590975,1.0,0.025058938810278195,1
x_aq_idu_top/x_aq_idu_id_decd/decd_vreg_illegal_type[2:0],8,0.0029250457038391227,2.378,2.0698189634724278,0.75,0.068735174055428,2
x_aq_idu_top/x_aq_idu_id_decd/decd_vreg_src0_norm,37,0.013528336380255941,1.5540032432432433,1.3526094962836506,0.2972972972972973,-0.12107051190223742,1
x_aq_idu_top/x_aq_idu_id_decd/decd_vreg_src1_norm,29,0.01060329067641682,1.54176275862069,1.3419553385065883,0.4827586206896552,-0.2869100657111742,1
x_aq_idu_top/x_aq_idu_id_decd/decd_vs_illegal,0,0.0,0.0,0.0,0.0,,0
x_aq_idu_top/x_aq_idu_id_decd/fcvt_f_x_narrow_il,0,0.0,0.0,0.0,0.0,,0
x_aq_idu_top/x_aq_idu_id_decd/fcvt_f_x_widden,0,0.0,0.0,0.0,0.0,,0
x_aq_idu_top/x_aq_idu_id_decd/fp_dynamic_rounding_illegal,0,0.0,0.0,0.0,0.0,,0
x_aq_idu_top/x_aq_idu_id_decd/fp_fs_illegal,5,0.0018281535648994515,1.449144,1.2613396686300622,0.2,0.4668917975077568,1
x_aq_idu_top/x_aq_idu_id_decd/fp_static_rounding_illegal,14,0.005118829981718464,1.4832857142857148,1.2910567282070302,0.07142857142857142,0.08908934172268854,1
x_aq_idu_top/x_aq_idu_id_decd/vec_mfvr_inst,6,0.0021937842778793418,1.368,1.1907116661187054,0.16666666666666666,0.06919947977109579,1
x_aq_idu_top/x_aq_idu_id_decd/vfcvt_func[19:0],125,0.04570383912248629,1.6025660800000001,1.3948787479401479,0.272,-0.04308718192488734,8
x_aq_idu_top/x_aq_idu_id_decd/x_decd_dst0_reg[5:0],121,0.044241316270566725,1.5233233057851239,1.3259055785591072,0.2727272727272727,0.43909863066807986,4
x_aq_idu_top/x_aq_idu_id_decd/x_decd_dst1_reg[5:0],107,0.03912248628884826,1.5518284112149534,1.3507165153860383,0.2523364485981308,0.1600863015878305,4
x_aq_idu_top/x_aq_idu_id_decd/x_decd_dstf_reg[4:0],90,0.03290676416819013,1.4769902222222224,1.2855771113620316,0.25555555555555554,0.3576110605733599,4
x_aq_idu_top/x_aq_idu_id_decd/x_decd_dstv_reg[4:0],90,0.03290676416819013,1.4769902222222224,1.2855771113620316,0.25555555555555554,0.3576110605733599,4
x_aq_idu_top/x_aq_idu_id_decd/x_decd_illegal,30,0.010968921389396709,1.5807573333333336,1.375896343642321,0.16666666666666666,0.4985362384939774,1
x_aq_idu_top/x_aq_idu_id_decd/x_decd_length,39,0.014259597806215722,1.2566410256410256,1.0937844512822692,0.20512820512820512,-0.6585844489469703,1
x_aq_idu_top/x_aq_idu_id_decd/x_decd_opcode[31:0],194,0.07093235831809871,1.526000206185567,1.3282355614069477,0.25257731958762886,-0.027021003397475794,17
x_aq_idu_top/x_aq_idu_id_decd/x_decd_src0_reg[5:0],125,0.04570383912248629,1.4856668800000001,1.2931293026185517,0.256,0.32383974668914495,4
x_aq_idu_top/x_aq_idu_id_decd/x_decd_src1_reg[5:0],118,0.04314442413162706,1.594697966101695,1.3880303159159793,0.3050847457627119,-0.7245343689850383,4
x_aq_idu_top/x_aq_idu_id_decd/x_decd_src2_reg[5:0],65,0.02376599634369287,1.468729230769231,1.2783867174316341,0.27692307692307694,-0.579248110933274,4
x_aq_idu_top/x_aq_idu_id_decd/x_decd_srcf0_reg[4:0],107,0.03912248628884826,1.5518284112149534,1.3507165153860383,0.2523364485981308,0.1600863015878305,4
x_aq_idu_top/x_aq_idu_id_decd/x_decd_srcf1_reg[4:0],97,0.03546617915904936,1.5602717525773195,1.3580656272728746,0.30927835051546393,-0.7244524749510393,5
x_aq_idu_top/x_aq_idu_id_decd/x_decd_srcvm_vld,0,0.0,0.0,0.0,0.0,,0
x_aq_idu_top/x_aq_idu_id_decd/x_decd_vec_split_type[3:0],0,0.0,0.0,0.0,0.0,,0
x_aq_idu_top/x_aq_idu_id_decd/x_inst[31:0],211,0.07714808043875686,1.5258532701421803,1.3281076677950807,0.23696682464454977,0.16874029184726472,21
x_aq_idu_top/x_aq_idu_id_decd/x_vlmul[1:0],0,0.0,0.0,0.0,0.0,,0
x_aq_idu_top/x_aq_idu_id_decd/x_vsew[1:0],0,0.0,0.0,0.0,0.0,,0
x_aq_idu_top/x_aq_idu_id_dp/cp0_idu_icg_en,0,0.0,0.0,0.0,0.0,,0
x_aq_idu_top/x_aq_idu_id_dp/cp0_idu_vlmul[1:0],0,0.0,0.0,0.0,0.0,,0
x_aq_idu_top/x_aq_idu_id_dp/cp0_idu_vsew[1:0],0,0.0,0.0,0.0,0.0,,0
x_aq_idu_top/x_aq_idu_id_dp/cp0_yy_clk_en,1,0.00036563071297989033,1.8147199999999999,1.5795382125284625,0.0,0.07606077549910864,1
x_aq_idu_top/x_aq_idu_id_dp/ctrl_dp_dis_int_inst_gateclk_vld,61,0.02230347349177331,1.3522459016393447,1.176999247473081,0.08196721311475409,-0.679618490552829,1
x_aq_idu_top/x_aq_idu_id_dp/ctrl_dp_dis_vec_inst_gateclk_vld,0,0.0,0.0,0.0,0.0,,0
x_aq_idu_top/x_aq_idu_id_dp/ctrl_dp_ex1_stall,2,0.0007312614259597807,2.1612000000000005,1.881115535684025,1.0,-0.7522290120051428,1
x_aq_idu_top/x_aq_idu_id_dp/decd_dp_inst_data[264:0],212,0.07751371115173675,1.5272158490566041,1.3292936609306156,0.2358490566037736,,156
x_aq_idu_top/x_aq_idu_id_dp/dp_ctrl_dis_inst_cancel,0,0.0,0.0,0.0,0.0,,0
x_aq_idu_top/x_aq_idu_id_dp/dp_ctrl_dis_inst_cp0_fence,28,0.010237659963436929,1.2272857142857145,1.068233492442126,0.10714285714285714,0.13171016400214688,1
x_aq_idu_top/x_aq_idu_id_dp/dp_ctrl_dis_inst_dst0_type[2:0],46,0.016819012797074956,1.7120895652173915,1.4902083470354166,0.43478260869565216,-0.03316038645157922,3
x_aq_idu_top/x_aq_idu_id_dp/dp_ctrl_dis_inst_dst0_vld,15,0.005484460694698354,1.3107813333333336,1.1409083518498768,0.0,-0.04603542783706276,1
x_aq_idu_top/x_aq_idu_id_dp/dp_ctrl_dis_inst_dst1_type[2:0],13,0.004753199268738574,1.333286153846154,1.1604966210958731,0.0,-0.03400463161477617,1
x_aq_idu_top/x_aq_idu_id_dp/dp_ctrl_dis_inst_dst1_vld,0,0.0,0.0,0.0,0.0,,0
x_aq_idu_top/x_aq_idu_id_dp/dp_ctrl_dis_inst_eu[9:0],86,0.03144424131627057,1.5215479069767441,1.3243602656401372,0.26744186046511625,0.11311348773993063,4
x_aq_idu_top/x_aq_idu_id_dp/dp_ctrl_dis_inst_expt_vld,30,0.010968921389396709,1.5807573333333336,1.375896343642321,0.16666666666666666,0.4985362384939774,1
x_aq_idu_top/x_aq_idu_id_dp/dp_ctrl_dis_inst_func[19:0],134,0.048994515539305304,1.536262089552239,1.3371675381913377,0.30597014925373134,-0.29371220442514023,8
x_aq_idu_top/x_aq_idu_id_dp/dp_ctrl_dis_inst_src0_vld,37,0.013528336380255941,1.6951816216216218,1.4754916177301827,0.32432432432432434,-0.24543060365296143,1
x_aq_idu_top/x_aq_idu_id_dp/dp_ctrl_dis_inst_src1_vld,0,0.0,0.0,0.0,0.0,,0
x_aq_idu_top/x_aq_idu_id_dp/dp_ctrl_dis_inst_src2_vld,0,0.0,0.0,0.0,0.0,,0
x_aq_idu_top/x_aq_idu_id_dp/dp_ctrl_dis_inst_src_type[2:0],46,0.016819012797074956,1.7120895652173915,1.4902083470354166,0.43478260869565216,-0.03316038645157922,3
x_aq_idu_top/x_aq_idu_id_dp/dp_ctrl_dis_inst_store,0,0.0,0.0,0.0,0.0,,0
x_aq_idu_top/x_aq_idu_id_dp/dp_ctrl_dis_inst_vec,0,0.0,0.0,0.0,0.0,,0
x_aq_idu_top/x_aq_idu_id_dp/dp_ctrl_inst_amo,16,0.005850091407678245,1.6505,1.4366005883983355,0.25,-0.7382199823997234,1
x_aq_idu_top/x_aq_idu_id_dp/dp_ctrl_inst_csr,27,0.009872029250457038,1.6337777777777778,1.422045511582963,0.2222222222222222,-0.13028380273261525,1
x_aq_idu_top/x_aq_idu_id_dp/dp_ctrl_inst_ecall,0,0.0,0.0,0.0,0.0,,0
x_aq_idu_top/x_aq_idu_id_dp/dp_ctrl_inst_sync,0,0.0,0.0,0.0,0.0,,0
x_aq_idu_top/x_aq_idu_id_dp/dp_ctrl_src0_fwd_vld,6,0.0021937842778793418,1.7723333333333333,1.542644719481763,0.5,0.07785593360964939,1
x_aq_idu_top/x_aq_idu_id_dp/dp_ctrl_src1_fwd_vld,0,0.0,0.0,0.0,0.0,,0
x_aq_idu_top/x_aq_idu_id_dp/dp_ctrl_src2_fwd_vld,4,0.0014625228519195613,2.4537499999999994,2.1357520107739565,1.0,0.06991775233794459,1
x_aq_idu_top/x_aq_idu_id_dp/dp_decd_inst[31:0],211,0.07714808043875686,1.5258532701421803,1.3281076677950807,0.23696682464454977,0.16874029184726472,21
x_aq_idu_top/x_aq_idu_id_dp/dp_decd_vlmul[1:0],0,0.0,0.0,0.0,0.0,,0
x_aq_idu_top/x_aq_idu_id_dp/dp_decd_vsew[1:0],0,0.0,0.0,0.0,0.0,,0
x_aq_idu_top/x_aq_idu_id_dp/dp_gpr_src0_reg[5:0],89,0.03254113345521024,1.5602400000000003,1.358037989725913,0.30337078651685395,0.3233487011247397,3
x_aq_idu_top/x_aq_idu_id_dp/dp_gpr_src1_reg[5:0],0,0.0,0.0,0.0,0.0,,0
x_aq_idu_top/x_aq_idu_id_dp/dp_gpr_src2_reg[5:0],0,0.0,0.0,0.0,0.0,,0
x_aq_idu_top/x_aq_idu_id_dp/dp_gpr_wb0_vld[31:0],117,0.04277879341864717,1.544957264957265,1.3447358472510693,0.18803418803418803,0.049306439910308954,3
x_aq_idu_top/x_aq_idu_id_dp/dp_gpr_wb1_vld[31:0],0,0.0,0.0,0.0,0.0,,0
x_aq_idu_top/x_aq_idu_id_dp/dp_split_inst[31:0],211,0.07714808043875686,1.5258532701421803,1.3281076677950807,0.23696682464454977,0.16874029184726472,21
x_aq_idu_top/x_aq_idu_id_dp/dp_wbt_dst0_reg[5:0],121,0.044241316270566725,1.5233233057851239,1.3259055785591072,0.2727272727272727,0.43909863066807986,4
x_aq_idu_top/x_aq_idu_id_dp/dp_wbt_dst0_type[2:0],46,0.016819012797074956,1.7120895652173915,1.4902083470354166,0.43478260869565216,-0.03316038645157922,3
x_aq_idu_top/x_aq_idu_id_dp/dp_wbt_dst1_reg[5:0],107,0.03912248628884826,1.5518284112149534,1.3507165153860383,0.2523364485981308,0.1600863015878305,4
x_aq_idu_top/x_aq_idu_id_dp/dp_wbt_dst1_type[2:0],13,0.004753199268738574,1.333286153846154,1.1604966210958731,0.0,-0.03400463161477617,1
x_aq_idu_top/x_aq_idu_id_dp/dp_wbt_inst_dst0_vld,15,0.005484460694698354,1.3107813333333336,1.1409083518498768,0.0,-0.04603542783706276,1
x_aq_idu_top/x_aq_idu_id_dp/dp_wbt_inst_dst1_vld,0,0.0,0.0,0.0,0.0,,0
x_aq_idu_top/x_aq_idu_id_dp/dp_wbt_src0_reg[5:0],125,0.04570383912248629,1.4856668800000001,1.2931293026185517,0.256,0.32383974668914495,4
x_aq_idu_top/x_aq_idu_id_dp/dp_wbt_src1_reg[5:0],118,0.04314442413162706,1.594697966101695,1.3880303159159793,0.3050847457627119,-0.7245343689850383,4
x_aq_idu_top/x_aq_idu_id_dp/dp_wbt_src2_reg[5:0],65,0.02376599634369287,1.468729230769231,1.2783867174316341,0.27692307692307694,-0.579248110933274,4
x_aq_idu_top/x_aq_idu_id_dp/dp_wbt_wb_vld[31:0],117,0.04277879341864717,1.544957264957265,1.3447358472510693,0.18803418803418803,0.049306439910308954,3
x_aq_idu_top/x_aq_idu_id_dp/forever_cpuclk,0,0.0,0.0,0.0,0.0,,0
x_aq_idu_top/x_aq_idu_id_dp/gpr_dp_src0_data[63:0],72,0.0263254113345521,1.6260422222222222,1.4153124587730879,0.3611111111111111,0.11876318266752046,33
x_aq_idu_top/x_aq_idu_id_dp/gpr_dp_src1_data[63:0],0,0.0,0.0,0.0,0.0,,0
x_aq_idu_top/x_aq_idu_id_dp/gpr_dp_src2_data[63:0],0,0.0,0.0,0.0,0.0,,0
x_aq_idu_top/x_aq_idu_id_dp/idu_cp0_ex1_dst0_reg[5:0],119,0.043510054844606946,1.5650732773109246,1.3622448900765742,0.23529411764705882,0.5602864567202435,4
x_aq_idu_top/x_aq_idu_id_dp/idu_cp0_ex1_expt_acc_error,0,0.0,0.0,0.0,0.0,,0
x_aq_idu_top/x_aq_idu_id_dp/idu_cp0_ex1_expt_high,0,0.0,0.0,0.0,0.0,,0
x_aq_idu_top/x_aq_idu_id_dp/idu_cp0_ex1_expt_illegal,30,0.010968921389396709,0.9629333333333335,0.838140317028196,0.16666666666666666,0.49416368236050917,1
x_aq_idu_top/x_aq_idu_id_dp/idu_cp0_ex1_expt_page_fault,0,0.0,0.0,0.0,0.0,,0
x_aq_idu_top/x_aq_idu_id_dp/idu_cp0_ex1_func[19:0],132,0.04826325411334552,1.5242857575757576,1.3267432997397977,0.26515151515151514,0.5939564967154553,8
x_aq_idu_top/x_aq_idu_id_dp/idu_cp0_ex1_halt_info[21:0],2,0.0007312614259597807,1.24186,1.0809189983086076,0.0,0.07660431279800839,2
x_aq_idu_top/x_aq_idu_id_dp/idu_cp0_ex1_length,38,0.013893967093235832,1.6332105263157897,1.421551774058539,0.18421052631578946,-0.6629420308726951,1
x_aq_idu_top/x_aq_idu_id_dp/idu_cp0_ex1_opcode[31:0],191,0.06983546617915905,1.5245675392670157,1.3269885634438032,0.2513089005235602,-0.7062768761300957,17
x_aq_idu_top/x_aq_idu_id_dp/idu_cp0_ex1_split,0,0.0,0.0,0.0,0.0,,0
x_aq_idu_top/x_aq_idu_id_dp/idu_cp0_ex1_src0_data[63:0],77,0.028153564899451554,1.6428233766233766,1.429918830349399,0.35064935064935066,0.10321596242655652,33
x_aq_idu_top/x_aq_idu_id_dp/idu_cp0_ex1_src1_data[63:0],128,0.04680073126142596,1.5541046875,1.3526977936959172,0.34375,0.1599276852812096,60
x_aq_idu_top/x_aq_idu_id_dp/idu_iu_ex1_bht_pred[1:0],0,0.0,0.0,0.0,0.0,,0
x_aq_idu_top/x_aq_idu_id_dp/idu_iu_ex1_dst0_reg[5:0],119,0.043510054844606946,1.5650732773109246,1.3622448900765742,0.23529411764705882,0.5602864567202435,4
x_aq_idu_top/x_aq_idu_id_dp/idu_iu_ex1_func[19:0],132,0.04826325411334552,1.5242857575757576,1.3267432997397977,0.26515151515151514,0.5939564967154553,8
x_aq_idu_top/x_aq_idu_id_dp/idu_iu_ex1_length,38,0.013893967093235832,1.6332105263157897,1.421551774058539,0.18421052631578946,-0.6629420308726951,1
x_aq_idu_top/x_aq_idu_id_dp/idu_iu_ex1_split,0,0.0,0.0,0.0,0.0,,0
x_aq_idu_top/x_aq_idu_id_dp/idu_iu_ex1_src0_data[63:0],77,0.028153564899451554,1.6428233766233766,1.429918830349399,0.35064935064935066,0.10321596242655652,33
x_aq_idu_top/x_aq_idu_id_dp/idu_iu_ex1_src0_ready,1,0.00036563071297989033,0.669,0.5822997840887528,0.0,0.07536561371836459,1
x_aq_idu_top/x_aq_idu_id_dp/idu_iu_ex1_src0_reg[5:0],124,0.0453382084095064,1.564315483870968,1.3615853041924626,0.24193548387096775,0.0985251657091471,4
x_aq_idu_top/x_aq_idu_id_dp/idu_iu_ex1_src1_data[63:0],128,0.04680073126142596,1.5541046875,1.3526977936959172,0.34375,0.1599276852812096,60
x_aq_idu_top/x_aq_idu_id_dp/idu_iu_ex1_src1_ready,1,0.00036563071297989033,0.669,0.5822997840887528,0.0,0.07536561371836459,1
x_aq_idu_top/x_aq_idu_id_dp/idu_iu_ex1_src1_reg[5:0],117,0.04277879341864717,1.586069401709402,1.3805199852991958,0.3162393162393162,0.5820045966117461,4
x_aq_idu_top/x_aq_idu_id_dp/idu_iu_ex1_src2_data[63:0],125,0.04570383912248629,1.5606992000000002,1.3584376789050663,0.344,0.17964882548850017,60
x_aq_idu_top/x_aq_idu_id_dp/idu_lsu_ex1_dst0_reg[5:0],119,0.043510054844606946,1.5650732773109246,1.3622448900765742,0.23529411764705882,0.5602864567202435,4
x_aq_idu_top/x_aq_idu_id_dp/idu_lsu_ex1_dst1_reg[5:0],105,0.038391224862888484,1.6161371428571425,1.406691045356544,0.3142857142857143,-0.22705444564362112,4
x_aq_idu_top/x_aq_idu_id_dp/idu_lsu_ex1_func[19:0],132,0.04826325411334552,1.5242857575757576,1.3267432997397977,0.26515151515151514,0.5939564967154553,8
x_aq_idu_top/x_aq_idu_id_dp/idu_lsu_ex1_halt_info[21:0],2,0.0007312614259597807,1.24186,1.0809189983086076,0.0,0.07660431279800839,2
x_aq_idu_top/x_aq_idu_id_dp/idu_lsu_ex1_length,38,0.013893967093235832,1.6332105263157897,1.421551774058539,0.18421052631578946,-0.6629420308726951,1
x_aq_idu_top/x_aq_idu_id_dp/idu_lsu_ex1_split,0,0.0,0.0,0.0,0.0,,0
x_aq_idu_top/x_aq_idu_id_dp/idu_lsu_ex1_src0_data[63:0],77,0.028153564899451554,1.6428233766233766,1.429918830349399,0.35064935064935066,0.10321596242655652,33
x_aq_idu_top/x_aq_idu_id_dp/idu_lsu_ex1_src1_data[63:0],128,0.04680073126142596,1.5541046875,1.3526977936959172,0.34375,0.1599276852812096,60
x_aq_idu_top/x_aq_idu_id_dp/idu_lsu_ex1_src2_data[63:0],125,0.04570383912248629,1.5606992000000002,1.3584376789050663,0.344,0.17964882548850017,60
x_aq_idu_top/x_aq_idu_id_dp/idu_lsu_ex1_src2_ready,1,0.00036563071297989033,0.669,0.5822997840887528,0.0,0.07536561371836459,1
x_aq_idu_top/x_aq_idu_id_dp/idu_lsu_ex1_src2_reg[5:0],62,0.0226691042047532,1.5683387096774193,1.36508713306905,0.22580645161290322,0.1759814690931282,4
x_aq_idu_top/x_aq_idu_id_dp/idu_lsu_ex1_vlmul[1:0],0,0.0,0.0,0.0,0.0,,0
x_aq_idu_top/x_aq_idu_id_dp/idu_lsu_ex1_vsew[1:0],0,0.0,0.0,0.0,0.0,,0
x_aq_idu_top/x_aq_idu_id_dp/idu_vidu_ex1_inst_data[179:0],210,0.07678244972577697,1.5096148571428574,1.313973700106815,0.24285714285714285,,76
x_aq_idu_top/x_aq_idu_id_dp/ifu_idu_id_bht_pred[1:0],0,0.0,0.0,0.0,0.0,,0
x_aq_idu_top/x_aq_idu_id_dp/ifu_idu_id_expt_acc_error,0,0.0,0.0,0.0,0.0,,0
x_aq_idu_top/x_aq_idu_id_dp/ifu_idu_id_expt_high,0,0.0,0.0,0.0,0.0,,0
x_aq_idu_top/x_aq_idu_id_dp/ifu_idu_id_expt_page_fault,0,0.0,0.0,0.0,0.0,,0
x_aq_idu_top/x_aq_idu_id_dp/ifu_idu_id_halt_info[21:0],1,0.00036563071297989033,1.8147199999999999,1.5795382125284625,0.0,0.07606077549910864,1
x_aq_idu_top/x_aq_idu_id_dp/ifu_idu_id_inst[31:0],211,0.07714808043875686,1.5258532701421803,1.3281076677950807,0.23696682464454977,0.16874029184726472,21
x_aq_idu_top/x_aq_idu_id_dp/ifu_idu_warm_up,2,0.0007312614259597807,1.4680000000000004,1.2777519925893712,0.0,0.029085003389873045,1
x_aq_idu_top/x_aq_idu_id_dp/pad_yy_icg_scan_en,0,0.0,0.0,0.0,0.0,,0
x_aq_idu_top/x_aq_idu_id_dp/rtu_idu_fwd0_data[63:0],54,0.019744058500914076,1.7530740740740742,1.525881397346672,0.42592592592592593,0.06772765589168961,18
x_aq_idu_top/x_aq_idu_id_dp/rtu_idu_fwd0_reg[5:0],104,0.038025594149908595,1.5328750000000002,1.3342194043872153,0.19230769230769232,0.1250959928852056,4
x_aq_idu_top/x_aq_idu_id_dp/rtu_idu_fwd0_vld,35,0.012797074954296161,1.4081999999999997,1.2257018773599124,0.02857142857142857,0.13273159203385793,1
x_aq_idu_top/x_aq_idu_id_dp/rtu_idu_fwd1_data[63:0],0,0.0,0.0,0.0,0.0,,0
x_aq_idu_top/x_aq_idu_id_dp/rtu_idu_fwd1_reg[5:0],2,0.0007312614259597807,1.8800000000000003,1.6363581376485132,0.0,-0.3840273640635957,2
x_aq_idu_top/x_aq_idu_id_dp/rtu_idu_fwd1_vld,0,0.0,0.0,0.0,0.0,,0
x_aq_idu_top/x_aq_idu_id_dp/rtu_idu_fwd2_data[63:0],0,0.0,0.0,0.0,0.0,,0
x_aq_idu_top/x_aq_idu_id_dp/rtu_idu_fwd2_reg[5:0],2,0.0007312614259597807,0.5670000000000006,0.49351865108867443,0.0,-0.38349205692496646,2
x_aq_idu_top/x_aq_idu_id_dp/rtu_idu_fwd2_vld,0,0.0,0.0,0.0,0.0,,0
x_aq_idu_top/x_aq_idu_id_dp/rtu_idu_wb0_data[63:0],81,0.029616087751371114,1.6929382716049381,1.4735389985517815,0.2962962962962963,0.07305960444861338,18
x_aq_idu_top/x_aq_idu_id_dp/rtu_idu_wb0_reg[5:0],109,0.03985374771480804,1.5140275229357798,1.3178144988190341,0.1651376146788991,0.13527575371790906,4
x_aq_idu_top/x_aq_idu_id_dp/rtu_idu_wb0_vld,33,0.01206581352833638,1.437121212121212,1.2508749948094895,0.09090909090909091,0.12504960868643183,1
x_aq_idu_top/x_aq_idu_id_dp/rtu_idu_wb1_data[63:0],0,0.0,0.0,0.0,0.0,,0
x_aq_idu_top/x_aq_idu_id_dp/rtu_idu_wb1_reg[5:0],2,0.0007312614259597807,1.8800000000000003,1.6363581376485132,0.0,-0.3840273640635957,2
x_aq_idu_top/x_aq_idu_id_dp/rtu_idu_wb1_vld,0,0.0,0.0,0.0,0.0,,0
x_aq_idu_top/x_aq_idu_id_dp/split_dp_inst_data[264:0],194,0.07093235831809871,1.526000206185567,1.3282355614069477,0.25257731958762886,,17
x_aq_idu_top/x_aq_idu_id_dp/split_dp_inst_sel,0,0.0,0.0,0.0,0.0,,0
x_aq_idu_top/x_aq_idu_id_dp/wbt_ctrl_src0_info[6:0],153,0.05594149908592322,1.5492360784313726,1.3484601404680034,0.19607843137254902,0.16835354215542947,4
x_aq_idu_top/x_aq_idu_id_dp/wbt_ctrl_src1_info[6:0],20,0.007312614259597806,1.4492359999999997,1.2614197457304148,0.35,0.09240651731176201,4
x_aq_idu_top/x_aq_idu_id_dp/wbt_ctrl_src2_info[6:0],60,0.021937842778793418,1.7707020000000002,1.5412248016226051,0.31666666666666665,-0.11353957888495969,4
x_aq_idu_top/x_aq_idu_id_dp/dp_dis_int_inst_data[310:0],219,0.08007312614259597,1.5278756164383565,1.3298679246136398,0.2374429223744292,,149
x_aq_idu_top/x_aq_idu_id_dp/dp_dis_vec_inst_data[179:0],212,0.07751371115173675,1.5272158490566041,1.3292936609306156,0.2358490566037736,,76
x_aq_idu_top/x_aq_idu_id_dp/dp_ex1_src0_match_wb0,6,0.0021937842778793418,1.8811666666666669,1.6373736081240042,0.3333333333333333,0.07438000512548594,1
x_aq_idu_top/x_aq_idu_id_dp/dp_ex1_src0_match_wb1,0,0.0,0.0,0.0,0.0,,0
x_aq_idu_top/x_aq_idu_id_dp/dp_ex1_src0_wb_data[63:0],30,0.010968921389396709,1.7184333333333333,1.4957299835140743,0.4,0.07814157144977965,15
x_aq_idu_top/x_aq_idu_id_dp/dp_ex1_src0_wb_vld,0,0.0,0.0,0.0,0.0,,0
x_aq_idu_top/x_aq_idu_id_dp/dp_ex1_src1_match_wb0,0,0.0,0.0,0.0,0.0,,0
x_aq_idu_top/x_aq_idu_id_dp/dp_ex1_src1_match_wb1,0,0.0,0.0,0.0,0.0,,0
x_aq_idu_top/x_aq_idu_id_dp/dp_ex1_src1_wb_data[63:0],14,0.005118829981718464,1.7812857142857144,1.5504369010896133,0.21428571428571427,0.04094527377397716,18
x_aq_idu_top/x_aq_idu_id_dp/dp_ex1_src1_wb_vld,0,0.0,0.0,0.0,0.0,,0
x_aq_idu_top/x_aq_idu_id_dp/dp_ex1_src2_match_wb0,4,0.0014625228519195613,2.0067500000000003,1.7466817514500819,0.75,0.02327945461500139,1
x_aq_idu_top/x_aq_idu_id_dp/dp_ex1_src2_match_wb1,0,0.0,0.0,0.0,0.0,,0
x_aq_idu_top/x_aq_idu_id_dp/dp_ex1_src2_wb_data[63:0],44,0.016087751371115174,1.6603636363636363,1.4451859296911238,0.29545454545454547,0.06628674068026001,18
x_aq_idu_top/x_aq_idu_id_dp/dp_ex1_src2_wb_vld,0,0.0,0.0,0.0,0.0,,0
x_aq_idu_top/x_aq_idu_id_dp/dp_fwd_src0_fwd_vld,6,0.0021937842778793418,1.7723333333333333,1.542644719481763,0.5,0.07785593360964939,1
x_aq_idu_top/x_aq_idu_id_dp/dp_fwd_src0_sel[2:0],6,0.0021937842778793418,1.7723333333333333,1.542644719481763,0.5,0.07785593360964939,1
x_aq_idu_top/x_aq_idu_id_dp/dp_fwd_src1_fwd_vld,0,0.0,0.0,0.0,0.0,,0
x_aq_idu_top/x_aq_idu_id_dp/dp_fwd_src1_sel[2:0],0,0.0,0.0,0.0,0.0,,0
x_aq_idu_top/x_aq_idu_id_dp/dp_fwd_src2_fwd_vld,4,0.0014625228519195613,2.4537499999999994,2.1357520107739565,1.0,0.06991775233794459,1
x_aq_idu_top/x_aq_idu_id_dp/dp_fwd_src2_sel[2:0],4,0.0014625228519195613,2.4537499999999994,2.1357520107739565,1.0,0.06991775233794459,1
x_aq_idu_top/x_aq_idu_id_dp/dp_gpr_src0_data[63:0],72,0.0263254113345521,1.6260422222222222,1.4153124587730879,0.3611111111111111,0.11876318266752046,33
x_aq_idu_top/x_aq_idu_id_dp/dp_gpr_src1_data[63:0],0,0.0,0.0,0.0,0.0,,0
x_aq_idu_top/x_aq_idu_id_dp/dp_gpr_src2_data[63:0],0,0.0,0.0,0.0,0.0,,0
x_aq_idu_top/x_aq_idu_id_dp/dp_id_inst_data[264:0],212,0.07751371115173675,1.5272158490566041,1.3292936609306156,0.2358490566037736,,156
x_aq_idu_top/x_aq_idu_id_dp/dp_srcvx_bank_mask,0,0.0,0.0,0.0,0.0,,0
x_aq_idu_top/x_aq_idu_id_dp/dp_wb0_reg[4:0],109,0.03985374771480804,1.5140275229357798,1.3178144988190341,0.1651376146788991,0.13527575371790906,4
x_aq_idu_top/x_aq_idu_id_dp/dp_wb0_reg_expand[31:0],115,0.04204753199268738,1.5404584347826087,1.3408200507796877,0.1826086956521739,0.04930643906464519,3
x_aq_idu_top/x_aq_idu_id_dp/dp_wb0_vld[31:0],117,0.04277879341864717,1.544957264957265,1.3447358472510693,0.18803418803418803,0.049306439910308954,3
x_aq_idu_top/x_aq_idu_id_dp/dp_wb1_reg[4:0],2,0.0007312614259597807,1.8800000000000003,1.6363581376485132,0.0,-0.3840273640635957,2
x_aq_idu_top/x_aq_idu_id_dp/dp_wb1_reg_expand[31:0],2,0.0007312614259597807,1.8800000000000003,1.6363581376485132,0.0,-0.3840273640635957,2
x_aq_idu_top/x_aq_idu_id_dp/dp_wb1_vld[31:0],0,0.0,0.0,0.0,0.0,,0
x_aq_idu_top/x_aq_idu_id_dp/dp_wb_dst0_type[2:0],70,0.025594149908592323,1.6001017142857143,1.3927337559770026,0.2857142857142857,0.035579765007015936,3
x_aq_idu_top/x_aq_idu_id_dp/dp_wb_dst1_type[2:0],0,0.0,0.0,0.0,0.0,,0
x_aq_idu_top/x_aq_idu_id_dp/dp_wb_inst_type_mask,13,0.004753199268738574,1.333286153846154,1.1604966210958731,0.0,-0.03400463161477617,1
x_aq_idu_top/x_aq_idu_id_dp/ex1_int_inst_clk,0,0.0,0.0,0.0,0.0,,0
x_aq_idu_top/x_aq_idu_id_dp/ex1_int_inst_clk_en,63,0.02303473491773309,1.3559206349206352,1.1801977473180425,0.07936507936507936,-0.6758738276499757,1
x_aq_idu_top/x_aq_idu_id_dp/ex1_int_src0_clk,0,0.0,0.0,0.0,0.0,,0
x_aq_idu_top/x_aq_idu_id_dp/ex1_int_src0_clk_en,21,0.007678244972577696,1.6593809523809524,1.4443305983444208,0.3333333333333333,-0.7158015324401864,1
x_aq_idu_top/x_aq_idu_id_dp/ex1_int_src1_clk,0,0.0,0.0,0.0,0.0,,0
x_aq_idu_top/x_aq_idu_id_dp/ex1_int_src1_clk_en,61,0.02230347349177331,1.3968688524590165,1.215839209547368,0.08196721311475409,-0.6846799683939765,1
x_aq_idu_top/x_aq_idu_id_dp/ex1_int_src2_clk,0,0.0,0.0,0.0,0.0,,0
x_aq_idu_top/x_aq_idu_id_dp/ex1_int_src2_clk_en,4,0.0014625228519195613,1.2885000000000004,1.1215146065745265,0.0,0.033578402577810466,1
x_aq_idu_top/x_aq_idu_id_dp/ex1_vec_inst_clk,0,0.0,0.0,0.0,0.0,,0
x_aq_idu_top/x_aq_idu_id_dp/ex1_vec_inst_clk_en,2,0.0007312614259597807,1.4680000000000004,1.2777519925893712,0.0,0.029085003389873045,1
x_aq_idu_top/x_aq_idu_id_dp/ex1_vec_src1_clk,0,0.0,0.0,0.0,0.0,,0
x_aq_idu_top/x_aq_idu_id_dp/ex1_vec_src1_clk_en,2,0.0007312614259597807,1.4680000000000004,1.2777519925893712,0.0,0.029085003389873045,1
x_aq_idu_top/x_aq_idu_id_dp/x_aq_idu_expand_32_dp_wb0_reg/x_num[4:0],109,0.03985374771480804,1.5140275229357798,1.3178144988190341,0.1651376146788991,0.13527575371790906,4
x_aq_idu_top/x_aq_idu_id_dp/x_aq_idu_expand_32_dp_wb0_reg/x_num_expand[31:0],115,0.04204753199268738,1.5404584347826087,1.3408200507796877,0.1826086956521739,0.04930643906464519,3
x_aq_idu_top/x_aq_idu_id_dp/x_aq_idu_expand_32_dp_wb1_reg/x_num[4:0],2,0.0007312614259597807,1.8800000000000003,1.6363581376485132,0.0,-0.3840273640635957,2
x_aq_idu_top/x_aq_idu_id_dp/x_aq_idu_expand_32_dp_wb1_reg/x_num_expand[31:0],2,0.0007312614259597807,1.8800000000000003,1.6363581376485132,0.0,-0.3840273640635957,2
x_aq_idu_top/x_aq_idu_id_dp/x_ex1_int_inst_gated_clk/clk_in,0,0.0,0.0,0.0,0.0,,0
x_aq_idu_top/x_aq_idu_id_dp/x_ex1_int_inst_gated_clk/global_en,1,0.00036563071297989033,1.8147199999999999,1.5795382125284625,0.0,0.07606077549910864,1
x_aq_idu_top/x_aq_idu_id_dp/x_ex1_int_inst_gated_clk/module_en,0,0.0,0.0,0.0,0.0,,0
x_aq_idu_top/x_aq_idu_id_dp/x_ex1_int_inst_gated_clk/local_en,63,0.02303473491773309,1.3559206349206352,1.1801977473180425,0.07936507936507936,-0.6758738276499757,1
x_aq_idu_top/x_aq_idu_id_dp/x_ex1_int_inst_gated_clk/external_en,0,0.0,0.0,0.0,0.0,,0
x_aq_idu_top/x_aq_idu_id_dp/x_ex1_int_inst_gated_clk/pad_yy_icg_scan_en,0,0.0,0.0,0.0,0.0,,0
x_aq_idu_top/x_aq_idu_id_dp/x_ex1_int_inst_gated_clk/clk_out,0,0.0,0.0,0.0,0.0,,0
x_aq_idu_top/x_aq_idu_id_dp/x_ex1_int_inst_gated_clk/clk_en_bf_latch,63,0.02303473491773309,1.3559206349206352,1.1801977473180425,0.07936507936507936,-0.6758738276499757,1
x_aq_idu_top/x_aq_idu_id_dp/x_ex1_int_inst_gated_clk/SE,0,0.0,0.0,0.0,0.0,,0
x_aq_idu_top/x_aq_idu_id_dp/x_ex1_int_src0_gated_clk/clk_in,0,0.0,0.0,0.0,0.0,,0
x_aq_idu_top/x_aq_idu_id_dp/x_ex1_int_src0_gated_clk/global_en,1,0.00036563071297989033,1.8147199999999999,1.5795382125284625,0.0,0.07606077549910864,1
x_aq_idu_top/x_aq_idu_id_dp/x_ex1_int_src0_gated_clk/module_en,0,0.0,0.0,0.0,0.0,,0
x_aq_idu_top/x_aq_idu_id_dp/x_ex1_int_src0_gated_clk/local_en,21,0.007678244972577696,1.6593809523809524,1.4443305983444208,0.3333333333333333,-0.7158015324401864,1
x_aq_idu_top/x_aq_idu_id_dp/x_ex1_int_src0_gated_clk/external_en,0,0.0,0.0,0.0,0.0,,0
x_aq_idu_top/x_aq_idu_id_dp/x_ex1_int_src0_gated_clk/pad_yy_icg_scan_en,0,0.0,0.0,0.0,0.0,,0
x_aq_idu_top/x_aq_idu_id_dp/x_ex1_int_src0_gated_clk/clk_out,0,0.0,0.0,0.0,0.0,,0
x_aq_idu_top/x_aq_idu_id_dp/x_ex1_int_src0_gated_clk/clk_en_bf_latch,21,0.007678244972577696,1.6593809523809524,1.4443305983444208,0.3333333333333333,-0.7158015324401864,1
x_aq_idu_top/x_aq_idu_id_dp/x_ex1_int_src0_gated_clk/SE,0,0.0,0.0,0.0,0.0,,0
x_aq_idu_top/x_aq_idu_id_dp/x_ex1_int_src1_gated_clk/clk_in,0,0.0,0.0,0.0,0.0,,0
x_aq_idu_top/x_aq_idu_id_dp/x_ex1_int_src1_gated_clk/global_en,1,0.00036563071297989033,1.8147199999999999,1.5795382125284625,0.0,0.07606077549910864,1
x_aq_idu_top/x_aq_idu_id_dp/x_ex1_int_src1_gated_clk/module_en,0,0.0,0.0,0.0,0.0,,0
x_aq_idu_top/x_aq_idu_id_dp/x_ex1_int_src1_gated_clk/local_en,61,0.02230347349177331,1.3968688524590165,1.215839209547368,0.08196721311475409,-0.6846799683939765,1
x_aq_idu_top/x_aq_idu_id_dp/x_ex1_int_src1_gated_clk/external_en,0,0.0,0.0,0.0,0.0,,0
x_aq_idu_top/x_aq_idu_id_dp/x_ex1_int_src1_gated_clk/pad_yy_icg_scan_en,0,0.0,0.0,0.0,0.0,,0
x_aq_idu_top/x_aq_idu_id_dp/x_ex1_int_src1_gated_clk/clk_out,0,0.0,0.0,0.0,0.0,,0
x_aq_idu_top/x_aq_idu_id_dp/x_ex1_int_src1_gated_clk/clk_en_bf_latch,61,0.02230347349177331,1.3968688524590165,1.215839209547368,0.08196721311475409,-0.6846799683939765,1
x_aq_idu_top/x_aq_idu_id_dp/x_ex1_int_src1_gated_clk/SE,0,0.0,0.0,0.0,0.0,,0
x_aq_idu_top/x_aq_idu_id_dp/x_ex1_int_src2_gated_clk/clk_in,0,0.0,0.0,0.0,0.0,,0
x_aq_idu_top/x_aq_idu_id_dp/x_ex1_int_src2_gated_clk/global_en,1,0.00036563071297989033,1.8147199999999999,1.5795382125284625,0.0,0.07606077549910864,1
x_aq_idu_top/x_aq_idu_id_dp/x_ex1_int_src2_gated_clk/module_en,0,0.0,0.0,0.0,0.0,,0
x_aq_idu_top/x_aq_idu_id_dp/x_ex1_int_src2_gated_clk/local_en,4,0.0014625228519195613,1.2885000000000004,1.1215146065745265,0.0,0.033578402577810466,1
x_aq_idu_top/x_aq_idu_id_dp/x_ex1_int_src2_gated_clk/external_en,0,0.0,0.0,0.0,0.0,,0
x_aq_idu_top/x_aq_idu_id_dp/x_ex1_int_src2_gated_clk/pad_yy_icg_scan_en,0,0.0,0.0,0.0,0.0,,0
x_aq_idu_top/x_aq_idu_id_dp/x_ex1_int_src2_gated_clk/clk_out,0,0.0,0.0,0.0,0.0,,0
x_aq_idu_top/x_aq_idu_id_dp/x_ex1_int_src2_gated_clk/clk_en_bf_latch,4,0.0014625228519195613,1.2885000000000004,1.1215146065745265,0.0,0.033578402577810466,1
x_aq_idu_top/x_aq_idu_id_dp/x_ex1_int_src2_gated_clk/SE,0,0.0,0.0,0.0,0.0,,0
x_aq_idu_top/x_aq_idu_id_dp/x_ex1_vec_inst_gated_clk/clk_in,0,0.0,0.0,0.0,0.0,,0
x_aq_idu_top/x_aq_idu_id_dp/x_ex1_vec_inst_gated_clk/global_en,1,0.00036563071297989033,1.8147199999999999,1.5795382125284625,0.0,0.07606077549910864,1
x_aq_idu_top/x_aq_idu_id_dp/x_ex1_vec_inst_gated_clk/module_en,0,0.0,0.0,0.0,0.0,,0
x_aq_idu_top/x_aq_idu_id_dp/x_ex1_vec_inst_gated_clk/local_en,2,0.0007312614259597807,1.4680000000000004,1.2777519925893712,0.0,0.029085003389873045,1
x_aq_idu_top/x_aq_idu_id_dp/x_ex1_vec_inst_gated_clk/external_en,0,0.0,0.0,0.0,0.0,,0
x_aq_idu_top/x_aq_idu_id_dp/x_ex1_vec_inst_gated_clk/pad_yy_icg_scan_en,0,0.0,0.0,0.0,0.0,,0
x_aq_idu_top/x_aq_idu_id_dp/x_ex1_vec_inst_gated_clk/clk_out,0,0.0,0.0,0.0,0.0,,0
x_aq_idu_top/x_aq_idu_id_dp/x_ex1_vec_inst_gated_clk/clk_en_bf_latch,2,0.0007312614259597807,1.4680000000000004,1.2777519925893712,0.0,0.029085003389873045,1
x_aq_idu_top/x_aq_idu_id_dp/x_ex1_vec_inst_gated_clk/SE,0,0.0,0.0,0.0,0.0,,0
x_aq_idu_top/x_aq_idu_id_dp/x_ex1_vec_src1_gated_clk/clk_in,0,0.0,0.0,0.0,0.0,,0
x_aq_idu_top/x_aq_idu_id_dp/x_ex1_vec_src1_gated_clk/global_en,1,0.00036563071297989033,1.8147199999999999,1.5795382125284625,0.0,0.07606077549910864,1
x_aq_idu_top/x_aq_idu_id_dp/x_ex1_vec_src1_gated_clk/module_en,0,0.0,0.0,0.0,0.0,,0
x_aq_idu_top/x_aq_idu_id_dp/x_ex1_vec_src1_gated_clk/local_en,2,0.0007312614259597807,1.4680000000000004,1.2777519925893712,0.0,0.029085003389873045,1
x_aq_idu_top/x_aq_idu_id_dp/x_ex1_vec_src1_gated_clk/external_en,0,0.0,0.0,0.0,0.0,,0
x_aq_idu_top/x_aq_idu_id_dp/x_ex1_vec_src1_gated_clk/pad_yy_icg_scan_en,0,0.0,0.0,0.0,0.0,,0
x_aq_idu_top/x_aq_idu_id_dp/x_ex1_vec_src1_gated_clk/clk_out,0,0.0,0.0,0.0,0.0,,0
x_aq_idu_top/x_aq_idu_id_dp/x_ex1_vec_src1_gated_clk/clk_en_bf_latch,2,0.0007312614259597807,1.4680000000000004,1.2777519925893712,0.0,0.029085003389873045,1
x_aq_idu_top/x_aq_idu_id_dp/x_ex1_vec_src1_gated_clk/SE,0,0.0,0.0,0.0,0.0,,0
x_aq_idu_top/x_aq_idu_id_gpr/cp0_idu_icg_en,0,0.0,0.0,0.0,0.0,,0
x_aq_idu_top/x_aq_idu_id_gpr/cp0_yy_clk_en,1,0.00036563071297989033,1.8147199999999999,1.5795382125284625,0.0,0.07606077549910864,1
x_aq_idu_top/x_aq_idu_id_gpr/dp_gpr_src0_reg[5:0],89,0.03254113345521024,1.5602400000000003,1.358037989725913,0.30337078651685395,0.3233487011247397,3
x_aq_idu_top/x_aq_idu_id_gpr/dp_gpr_src1_reg[5:0],0,0.0,0.0,0.0,0.0,,0
x_aq_idu_top/x_aq_idu_id_gpr/dp_gpr_src2_reg[5:0],0,0.0,0.0,0.0,0.0,,0
x_aq_idu_top/x_aq_idu_id_gpr/dp_gpr_wb0_vld[31:0],117,0.04277879341864717,1.544957264957265,1.3447358472510693,0.18803418803418803,0.049306439910308954,3
x_aq_idu_top/x_aq_idu_id_gpr/dp_gpr_wb1_vld[31:0],0,0.0,0.0,0.0,0.0,,0
x_aq_idu_top/x_aq_idu_id_gpr/forever_cpuclk,0,0.0,0.0,0.0,0.0,,0
x_aq_idu_top/x_aq_idu_id_gpr/pad_yy_icg_scan_en,0,0.0,0.0,0.0,0.0,,0
x_aq_idu_top/x_aq_idu_id_gpr/rtu_idu_wb0_data[63:0],81,0.029616087751371114,1.6929382716049381,1.4735389985517815,0.2962962962962963,0.07305960444861338,18
x_aq_idu_top/x_aq_idu_id_gpr/rtu_idu_wb1_data[63:0],0,0.0,0.0,0.0,0.0,,0
x_aq_idu_top/x_aq_idu_id_gpr/read_data_0[63:0],0,0.0,0.0,0.0,0.0,,0
x_aq_idu_top/x_aq_idu_id_gpr/read_data_1[63:0],12,0.0043875685557586835,1.9494999999999998,1.6968511645456255,0.4166666666666667,0.1983275307553383,33
x_aq_idu_top/x_aq_idu_id_gpr/read_data_10[63:0],10,0.003656307129798903,1.2811,1.1150736224156967,0.1,0.07709249957636481,16
x_aq_idu_top/x_aq_idu_id_gpr/read_data_11[63:0],0,0.0,0.0,0.0,0.0,,0
x_aq_idu_top/x_aq_idu_id_gpr/read_data_12[63:0],0,0.0,0.0,0.0,0.0,,0
x_aq_idu_top/x_aq_idu_id_gpr/read_data_13[63:0],0,0.0,0.0,0.0,0.0,,0
x_aq_idu_top/x_aq_idu_id_gpr/read_data_14[63:0],0,0.0,0.0,0.0,0.0,,0
x_aq_idu_top/x_aq_idu_id_gpr/read_data_15[63:0],0,0.0,0.0,0.0,0.0,,0
x_aq_idu_top/x_aq_idu_id_gpr/read_data_16[63:0],0,0.0,0.0,0.0,0.0,,0
x_aq_idu_top/x_aq_idu_id_gpr/read_data_17[63:0],0,0.0,0.0,0.0,0.0,,0
x_aq_idu_top/x_aq_idu_id_gpr/read_data_18[63:0],0,0.0,0.0,0.0,0.0,,0
x_aq_idu_top/x_aq_idu_id_gpr/read_data_19[63:0],0,0.0,0.0,0.0,0.0,,0
x_aq_idu_top/x_aq_idu_id_gpr/read_data_2[63:0],6,0.0021937842778793418,2.181166666666667,1.898494587536001,0.6666666666666666,-0.48914658377468007,11
x_aq_idu_top/x_aq_idu_id_gpr/read_data_20[63:0],0,0.0,0.0,0.0,0.0,,0
x_aq_idu_top/x_aq_idu_id_gpr/read_data_21[63:0],0,0.0,0.0,0.0,0.0,,0
x_aq_idu_top/x_aq_idu_id_gpr/read_data_22[63:0],0,0.0,0.0,0.0,0.0,,0
x_aq_idu_top/x_aq_idu_id_gpr/read_data_23[63:0],0,0.0,0.0,0.0,0.0,,0
x_aq_idu_top/x_aq_idu_id_gpr/read_data_24[63:0],0,0.0,0.0,0.0,0.0,,0
x_aq_idu_top/x_aq_idu_id_gpr/read_data_25[63:0],0,0.0,0.0,0.0,0.0,,0
x_aq_idu_top/x_aq_idu_id_gpr/read_data_26[63:0],0,0.0,0.0,0.0,0.0,,0
x_aq_idu_top/x_aq_idu_id_gpr/read_data_27[63:0],0,0.0,0.0,0.0,0.0,,0
x_aq_idu_top/x_aq_idu_id_gpr/read_data_28[63:0],0,0.0,0.0,0.0,0.0,,0
x_aq_idu_top/x_aq_idu_id_gpr/read_data_29[63:0],0,0.0,0.0,0.0,0.0,,0
x_aq_idu_top/x_aq_idu_id_gpr/read_data_3[63:0],28,0.010237659963436929,1.7412142857142856,1.515558598839582,0.39285714285714285,0.055916343923327935,15
x_aq_idu_top/x_aq_idu_id_gpr/read_data_30[63:0],0,0.0,0.0,0.0,0.0,,0
x_aq_idu_top/x_aq_idu_id_gpr/read_data_31[63:0],0,0.0,0.0,0.0,0.0,,0
x_aq_idu_top/x_aq_idu_id_gpr/read_data_4[63:0],2,0.0007312614259597807,2.269000000000002,1.9749450076194037,1.0,0.04429352313180564,18
x_aq_idu_top/x_aq_idu_id_gpr/read_data_5[63:0],0,0.0,0.0,0.0,0.0,,0
x_aq_idu_top/x_aq_idu_id_gpr/read_data_6[63:0],0,0.0,0.0,0.0,0.0,,0
x_aq_idu_top/x_aq_idu_id_gpr/read_data_7[63:0],0,0.0,0.0,0.0,0.0,,0
x_aq_idu_top/x_aq_idu_id_gpr/read_data_8[63:0],0,0.0,0.0,0.0,0.0,,0
x_aq_idu_top/x_aq_idu_id_gpr/read_data_9[63:0],0,0.0,0.0,0.0,0.0,,0
x_aq_idu_top/x_aq_idu_id_gpr/wb0_vld[31:0],117,0.04277879341864717,1.544957264957265,1.3447358472510693,0.18803418803418803,0.049306439910308954,3
x_aq_idu_top/x_aq_idu_id_gpr/wb1_vld[31:0],0,0.0,0.0,0.0,0.0,,0
x_aq_idu_top/x_aq_idu_id_gpr/x_aq_idu_id_gpr_gated_reg_1/cp0_idu_icg_en,0,0.0,0.0,0.0,0.0,,0
x_aq_idu_top/x_aq_idu_id_gpr/x_aq_idu_id_gpr_gated_reg_1/cp0_yy_clk_en,1,0.00036563071297989033,1.8147199999999999,1.5795382125284625,0.0,0.07606077549910864,1
x_aq_idu_top/x_aq_idu_id_gpr/x_aq_idu_id_gpr_gated_reg_1/forever_cpuclk,0,0.0,0.0,0.0,0.0,,0
x_aq_idu_top/x_aq_idu_id_gpr/x_aq_idu_id_gpr_gated_reg_1/pad_yy_icg_scan_en,0,0.0,0.0,0.0,0.0,,0
x_aq_idu_top/x_aq_idu_id_gpr/x_aq_idu_id_gpr_gated_reg_1/read_data_y[63:0],12,0.0043875685557586835,1.9494999999999998,1.6968511645456255,0.4166666666666667,0.1983275307553383,33
x_aq_idu_top/x_aq_idu_id_gpr/x_aq_idu_id_gpr_gated_reg_1/rtu_idu_wb0_data[63:0],81,0.029616087751371114,1.6929382716049381,1.4735389985517815,0.2962962962962963,0.07305960444861338,18
x_aq_idu_top/x_aq_idu_id_gpr/x_aq_idu_id_gpr_gated_reg_1/rtu_idu_wb1_data[63:0],0,0.0,0.0,0.0,0.0,,0
x_aq_idu_top/x_aq_idu_id_gpr/x_aq_idu_id_gpr_gated_reg_1/wb0_vld_x,4,0.0014625228519195613,1.9484999999999997,1.6959807612809186,0.25,0.06502145112133212,1
x_aq_idu_top/x_aq_idu_id_gpr/x_aq_idu_id_gpr_gated_reg_1/wb1_vld_x,0,0.0,0.0,0.0,0.0,,0
x_aq_idu_top/x_aq_idu_id_gpr/x_aq_idu_id_gpr_gated_reg_1/reg_clk,0,0.0,0.0,0.0,0.0,,0
x_aq_idu_top/x_aq_idu_id_gpr/x_aq_idu_id_gpr_gated_reg_1/reg_clk_en,4,0.0014625228519195613,1.9484999999999997,1.6959807612809186,0.25,0.06502145112133212,1
x_aq_idu_top/x_aq_idu_id_gpr/x_aq_idu_id_gpr_gated_reg_1/write_en,4,0.0014625228519195613,1.9484999999999997,1.6959807612809186,0.25,0.06502145112133212,1
x_aq_idu_top/x_aq_idu_id_gpr/x_aq_idu_id_gpr_gated_reg_1/x_reg_gated_clk/clk_in,0,0.0,0.0,0.0,0.0,,0
x_aq_idu_top/x_aq_idu_id_gpr/x_aq_idu_id_gpr_gated_reg_1/x_reg_gated_clk/global_en,1,0.00036563071297989033,1.8147199999999999,1.5795382125284625,0.0,0.07606077549910864,1
x_aq_idu_top/x_aq_idu_id_gpr/x_aq_idu_id_gpr_gated_reg_1/x_reg_gated_clk/module_en,0,0.0,0.0,0.0,0.0,,0
x_aq_idu_top/x_aq_idu_id_gpr/x_aq_idu_id_gpr_gated_reg_1/x_reg_gated_clk/local_en,4,0.0014625228519195613,1.9484999999999997,1.6959807612809186,0.25,0.06502145112133212,1
x_aq_idu_top/x_aq_idu_id_gpr/x_aq_idu_id_gpr_gated_reg_1/x_reg_gated_clk/external_en,0,0.0,0.0,0.0,0.0,,0
x_aq_idu_top/x_aq_idu_id_gpr/x_aq_idu_id_gpr_gated_reg_1/x_reg_gated_clk/pad_yy_icg_scan_en,0,0.0,0.0,0.0,0.0,,0
x_aq_idu_top/x_aq_idu_id_gpr/x_aq_idu_id_gpr_gated_reg_1/x_reg_gated_clk/clk_out,0,0.0,0.0,0.0,0.0,,0
x_aq_idu_top/x_aq_idu_id_gpr/x_aq_idu_id_gpr_gated_reg_1/x_reg_gated_clk/clk_en_bf_latch,4,0.0014625228519195613,1.9484999999999997,1.6959807612809186,0.25,0.06502145112133212,1
x_aq_idu_top/x_aq_idu_id_gpr/x_aq_idu_id_gpr_gated_reg_1/x_reg_gated_clk/SE,0,0.0,0.0,0.0,0.0,,0
x_aq_idu_top/x_aq_idu_id_gpr/x_aq_idu_id_gpr_gated_reg_2/cp0_idu_icg_en,0,0.0,0.0,0.0,0.0,,0
x_aq_idu_top/x_aq_idu_id_gpr/x_aq_idu_id_gpr_gated_reg_2/cp0_yy_clk_en,1,0.00036563071297989033,1.8147199999999999,1.5795382125284625,0.0,0.07606077549910864,1
x_aq_idu_top/x_aq_idu_id_gpr/x_aq_idu_id_gpr_gated_reg_2/forever_cpuclk,0,0.0,0.0,0.0,0.0,,0
x_aq_idu_top/x_aq_idu_id_gpr/x_aq_idu_id_gpr_gated_reg_2/pad_yy_icg_scan_en,0,0.0,0.0,0.0,0.0,,0
x_aq_idu_top/x_aq_idu_id_gpr/x_aq_idu_id_gpr_gated_reg_2/read_data_y[63:0],6,0.0021937842778793418,2.181166666666667,1.898494587536001,0.6666666666666666,-0.48914658377468007,11
x_aq_idu_top/x_aq_idu_id_gpr/x_aq_idu_id_gpr_gated_reg_2/rtu_idu_wb0_data[63:0],81,0.029616087751371114,1.6929382716049381,1.4735389985517815,0.2962962962962963,0.07305960444861338,18
x_aq_idu_top/x_aq_idu_id_gpr/x_aq_idu_id_gpr_gated_reg_2/rtu_idu_wb1_data[63:0],0,0.0,0.0,0.0,0.0,,0
x_aq_idu_top/x_aq_idu_id_gpr/x_aq_idu_id_gpr_gated_reg_2/wb0_vld_x,0,0.0,0.0,0.0,0.0,,0
x_aq_idu_top/x_aq_idu_id_gpr/x_aq_idu_id_gpr_gated_reg_2/wb1_vld_x,0,0.0,0.0,0.0,0.0,,0
x_aq_idu_top/x_aq_idu_id_gpr/x_aq_idu_id_gpr_gated_reg_2/reg_clk,0,0.0,0.0,0.0,0.0,,0
x_aq_idu_top/x_aq_idu_id_gpr/x_aq_idu_id_gpr_gated_reg_2/reg_clk_en,0,0.0,0.0,0.0,0.0,,0
x_aq_idu_top/x_aq_idu_id_gpr/x_aq_idu_id_gpr_gated_reg_2/write_en,0,0.0,0.0,0.0,0.0,,0
x_aq_idu_top/x_aq_idu_id_gpr/x_aq_idu_id_gpr_gated_reg_2/x_reg_gated_clk/clk_in,0,0.0,0.0,0.0,0.0,,0
x_aq_idu_top/x_aq_idu_id_gpr/x_aq_idu_id_gpr_gated_reg_2/x_reg_gated_clk/global_en,1,0.00036563071297989033,1.8147199999999999,1.5795382125284625,0.0,0.07606077549910864,1
x_aq_idu_top/x_aq_idu_id_gpr/x_aq_idu_id_gpr_gated_reg_2/x_reg_gated_clk/module_en,0,0.0,0.0,0.0,0.0,,0
x_aq_idu_top/x_aq_idu_id_gpr/x_aq_idu_id_gpr_gated_reg_2/x_reg_gated_clk/local_en,0,0.0,0.0,0.0,0.0,,0
x_aq_idu_top/x_aq_idu_id_gpr/x_aq_idu_id_gpr_gated_reg_2/x_reg_gated_clk/external_en,0,0.0,0.0,0.0,0.0,,0
x_aq_idu_top/x_aq_idu_id_gpr/x_aq_idu_id_gpr_gated_reg_2/x_reg_gated_clk/pad_yy_icg_scan_en,0,0.0,0.0,0.0,0.0,,0
x_aq_idu_top/x_aq_idu_id_gpr/x_aq_idu_id_gpr_gated_reg_2/x_reg_gated_clk/clk_out,0,0.0,0.0,0.0,0.0,,0
x_aq_idu_top/x_aq_idu_id_gpr/x_aq_idu_id_gpr_gated_reg_2/x_reg_gated_clk/clk_en_bf_latch,0,0.0,0.0,0.0,0.0,,0
x_aq_idu_top/x_aq_idu_id_gpr/x_aq_idu_id_gpr_gated_reg_2/x_reg_gated_clk/SE,0,0.0,0.0,0.0,0.0,,0
x_aq_idu_top/x_aq_idu_id_gpr/x_aq_idu_id_gpr_gated_reg_3/cp0_idu_icg_en,0,0.0,0.0,0.0,0.0,,0
x_aq_idu_top/x_aq_idu_id_gpr/x_aq_idu_id_gpr_gated_reg_3/cp0_yy_clk_en,1,0.00036563071297989033,1.8147199999999999,1.5795382125284625,0.0,0.07606077549910864,1
x_aq_idu_top/x_aq_idu_id_gpr/x_aq_idu_id_gpr_gated_reg_3/forever_cpuclk,0,0.0,0.0,0.0,0.0,,0
x_aq_idu_top/x_aq_idu_id_gpr/x_aq_idu_id_gpr_gated_reg_3/pad_yy_icg_scan_en,0,0.0,0.0,0.0,0.0,,0
x_aq_idu_top/x_aq_idu_id_gpr/x_aq_idu_id_gpr_gated_reg_3/read_data_y[63:0],28,0.010237659963436929,1.7412142857142856,1.515558598839582,0.39285714285714285,0.055916343923327935,15
x_aq_idu_top/x_aq_idu_id_gpr/x_aq_idu_id_gpr_gated_reg_3/rtu_idu_wb0_data[63:0],81,0.029616087751371114,1.6929382716049381,1.4735389985517815,0.2962962962962963,0.07305960444861338,18
x_aq_idu_top/x_aq_idu_id_gpr/x_aq_idu_id_gpr_gated_reg_3/rtu_idu_wb1_data[63:0],0,0.0,0.0,0.0,0.0,,0
x_aq_idu_top/x_aq_idu_id_gpr/x_aq_idu_id_gpr_gated_reg_3/wb0_vld_x,2,0.0007312614259597807,2.2530000000000006,1.9610185553840962,1.0,0.051932346963515896,1
x_aq_idu_top/x_aq_idu_id_gpr/x_aq_idu_id_gpr_gated_reg_3/wb1_vld_x,0,0.0,0.0,0.0,0.0,,0
x_aq_idu_top/x_aq_idu_id_gpr/x_aq_idu_id_gpr_gated_reg_3/reg_clk,0,0.0,0.0,0.0,0.0,,0
x_aq_idu_top/x_aq_idu_id_gpr/x_aq_idu_id_gpr_gated_reg_3/reg_clk_en,2,0.0007312614259597807,2.2530000000000006,1.9610185553840962,1.0,0.051932346963515896,1
x_aq_idu_top/x_aq_idu_id_gpr/x_aq_idu_id_gpr_gated_reg_3/write_en,2,0.0007312614259597807,2.2530000000000006,1.9610185553840962,1.0,0.051932346963515896,1
x_aq_idu_top/x_aq_idu_id_gpr/x_aq_idu_id_gpr_gated_reg_3/x_reg_gated_clk/clk_in,0,0.0,0.0,0.0,0.0,,0
x_aq_idu_top/x_aq_idu_id_gpr/x_aq_idu_id_gpr_gated_reg_3/x_reg_gated_clk/global_en,1,0.00036563071297989033,1.8147199999999999,1.5795382125284625,0.0,0.07606077549910864,1
x_aq_idu_top/x_aq_idu_id_gpr/x_aq_idu_id_gpr_gated_reg_3/x_reg_gated_clk/module_en,0,0.0,0.0,0.0,0.0,,0
x_aq_idu_top/x_aq_idu_id_gpr/x_aq_idu_id_gpr_gated_reg_3/x_reg_gated_clk/local_en,2,0.0007312614259597807,2.2530000000000006,1.9610185553840962,1.0,0.051932346963515896,1
x_aq_idu_top/x_aq_idu_id_gpr/x_aq_idu_id_gpr_gated_reg_3/x_reg_gated_clk/external_en,0,0.0,0.0,0.0,0.0,,0
x_aq_idu_top/x_aq_idu_id_gpr/x_aq_idu_id_gpr_gated_reg_3/x_reg_gated_clk/pad_yy_icg_scan_en,0,0.0,0.0,0.0,0.0,,0
x_aq_idu_top/x_aq_idu_id_gpr/x_aq_idu_id_gpr_gated_reg_3/x_reg_gated_clk/clk_out,0,0.0,0.0,0.0,0.0,,0
x_aq_idu_top/x_aq_idu_id_gpr/x_aq_idu_id_gpr_gated_reg_3/x_reg_gated_clk/clk_en_bf_latch,2,0.0007312614259597807,2.2530000000000006,1.9610185553840962,1.0,0.051932346963515896,1
x_aq_idu_top/x_aq_idu_id_gpr/x_aq_idu_id_gpr_gated_reg_3/x_reg_gated_clk/SE,0,0.0,0.0,0.0,0.0,,0
x_aq_idu_top/x_aq_idu_id_gpr/x_aq_idu_id_gpr_gated_reg_4/cp0_idu_icg_en,0,0.0,0.0,0.0,0.0,,0
x_aq_idu_top/x_aq_idu_id_gpr/x_aq_idu_id_gpr_gated_reg_4/cp0_yy_clk_en,1,0.00036563071297989033,1.8147199999999999,1.5795382125284625,0.0,0.07606077549910864,1
x_aq_idu_top/x_aq_idu_id_gpr/x_aq_idu_id_gpr_gated_reg_4/forever_cpuclk,0,0.0,0.0,0.0,0.0,,0
x_aq_idu_top/x_aq_idu_id_gpr/x_aq_idu_id_gpr_gated_reg_4/pad_yy_icg_scan_en,0,0.0,0.0,0.0,0.0,,0
x_aq_idu_top/x_aq_idu_id_gpr/x_aq_idu_id_gpr_gated_reg_4/read_data_y[63:0],2,0.0007312614259597807,2.269000000000002,1.9749450076194037,1.0,0.04429352313180564,18
x_aq_idu_top/x_aq_idu_id_gpr/x_aq_idu_id_gpr_gated_reg_4/rtu_idu_wb0_data[63:0],81,0.029616087751371114,1.6929382716049381,1.4735389985517815,0.2962962962962963,0.07305960444861338,18
x_aq_idu_top/x_aq_idu_id_gpr/x_aq_idu_id_gpr_gated_reg_4/rtu_idu_wb1_data[63:0],0,0.0,0.0,0.0,0.0,,0
x_aq_idu_top/x_aq_idu_id_gpr/x_aq_idu_id_gpr_gated_reg_4/wb0_vld_x,0,0.0,0.0,0.0,0.0,,0
x_aq_idu_top/x_aq_idu_id_gpr/x_aq_idu_id_gpr_gated_reg_4/wb1_vld_x,0,0.0,0.0,0.0,0.0,,0
x_aq_idu_top/x_aq_idu_id_gpr/x_aq_idu_id_gpr_gated_reg_4/reg_clk,0,0.0,0.0,0.0,0.0,,0
x_aq_idu_top/x_aq_idu_id_gpr/x_aq_idu_id_gpr_gated_reg_4/reg_clk_en,0,0.0,0.0,0.0,0.0,,0
x_aq_idu_top/x_aq_idu_id_gpr/x_aq_idu_id_gpr_gated_reg_4/write_en,0,0.0,0.0,0.0,0.0,,0
x_aq_idu_top/x_aq_idu_id_gpr/x_aq_idu_id_gpr_gated_reg_4/x_reg_gated_clk/clk_in,0,0.0,0.0,0.0,0.0,,0
x_aq_idu_top/x_aq_idu_id_gpr/x_aq_idu_id_gpr_gated_reg_4/x_reg_gated_clk/global_en,1,0.00036563071297989033,1.8147199999999999,1.5795382125284625,0.0,0.07606077549910864,1
x_aq_idu_top/x_aq_idu_id_gpr/x_aq_idu_id_gpr_gated_reg_4/x_reg_gated_clk/module_en,0,0.0,0.0,0.0,0.0,,0
x_aq_idu_top/x_aq_idu_id_gpr/x_aq_idu_id_gpr_gated_reg_4/x_reg_gated_clk/local_en,0,0.0,0.0,0.0,0.0,,0
x_aq_idu_top/x_aq_idu_id_gpr/x_aq_idu_id_gpr_gated_reg_4/x_reg_gated_clk/external_en,0,0.0,0.0,0.0,0.0,,0
x_aq_idu_top/x_aq_idu_id_gpr/x_aq_idu_id_gpr_gated_reg_4/x_reg_gated_clk/pad_yy_icg_scan_en,0,0.0,0.0,0.0,0.0,,0
x_aq_idu_top/x_aq_idu_id_gpr/x_aq_idu_id_gpr_gated_reg_4/x_reg_gated_clk/clk_out,0,0.0,0.0,0.0,0.0,,0
x_aq_idu_top/x_aq_idu_id_gpr/x_aq_idu_id_gpr_gated_reg_4/x_reg_gated_clk/clk_en_bf_latch,0,0.0,0.0,0.0,0.0,,0
x_aq_idu_top/x_aq_idu_id_gpr/x_aq_idu_id_gpr_gated_reg_4/x_reg_gated_clk/SE,0,0.0,0.0,0.0,0.0,,0
x_aq_idu_top/x_aq_idu_id_gpr/x_aq_idu_id_gpr_gated_reg_5/cp0_idu_icg_en,0,0.0,0.0,0.0,0.0,,0
x_aq_idu_top/x_aq_idu_id_gpr/x_aq_idu_id_gpr_gated_reg_5/cp0_yy_clk_en,1,0.00036563071297989033,1.8147199999999999,1.5795382125284625,0.0,0.07606077549910864,1
x_aq_idu_top/x_aq_idu_id_gpr/x_aq_idu_id_gpr_gated_reg_5/forever_cpuclk,0,0.0,0.0,0.0,0.0,,0
x_aq_idu_top/x_aq_idu_id_gpr/x_aq_idu_id_gpr_gated_reg_5/pad_yy_icg_scan_en,0,0.0,0.0,0.0,0.0,,0
x_aq_idu_top/x_aq_idu_id_gpr/x_aq_idu_id_gpr_gated_reg_5/read_data_y[63:0],0,0.0,0.0,0.0,0.0,,0
x_aq_idu_top/x_aq_idu_id_gpr/x_aq_idu_id_gpr_gated_reg_5/rtu_idu_wb0_data[63:0],81,0.029616087751371114,1.6929382716049381,1.4735389985517815,0.2962962962962963,0.07305960444861338,18
x_aq_idu_top/x_aq_idu_id_gpr/x_aq_idu_id_gpr_gated_reg_5/rtu_idu_wb1_data[63:0],0,0.0,0.0,0.0,0.0,,0
x_aq_idu_top/x_aq_idu_id_gpr/x_aq_idu_id_gpr_gated_reg_5/wb0_vld_x,0,0.0,0.0,0.0,0.0,,0
x_aq_idu_top/x_aq_idu_id_gpr/x_aq_idu_id_gpr_gated_reg_5/wb1_vld_x,0,0.0,0.0,0.0,0.0,,0
x_aq_idu_top/x_aq_idu_id_gpr/x_aq_idu_id_gpr_gated_reg_5/reg_clk,0,0.0,0.0,0.0,0.0,,0
x_aq_idu_top/x_aq_idu_id_gpr/x_aq_idu_id_gpr_gated_reg_5/reg_clk_en,0,0.0,0.0,0.0,0.0,,0
x_aq_idu_top/x_aq_idu_id_gpr/x_aq_idu_id_gpr_gated_reg_5/write_en,0,0.0,0.0,0.0,0.0,,0
x_aq_idu_top/x_aq_idu_id_gpr/x_aq_idu_id_gpr_gated_reg_5/x_reg_gated_clk/clk_in,0,0.0,0.0,0.0,0.0,,0
x_aq_idu_top/x_aq_idu_id_gpr/x_aq_idu_id_gpr_gated_reg_5/x_reg_gated_clk/global_en,1,0.00036563071297989033,1.8147199999999999,1.5795382125284625,0.0,0.07606077549910864,1
x_aq_idu_top/x_aq_idu_id_gpr/x_aq_idu_id_gpr_gated_reg_5/x_reg_gated_clk/module_en,0,0.0,0.0,0.0,0.0,,0
x_aq_idu_top/x_aq_idu_id_gpr/x_aq_idu_id_gpr_gated_reg_5/x_reg_gated_clk/local_en,0,0.0,0.0,0.0,0.0,,0
x_aq_idu_top/x_aq_idu_id_gpr/x_aq_idu_id_gpr_gated_reg_5/x_reg_gated_clk/external_en,0,0.0,0.0,0.0,0.0,,0
x_aq_idu_top/x_aq_idu_id_gpr/x_aq_idu_id_gpr_gated_reg_5/x_reg_gated_clk/pad_yy_icg_scan_en,0,0.0,0.0,0.0,0.0,,0
x_aq_idu_top/x_aq_idu_id_gpr/x_aq_idu_id_gpr_gated_reg_5/x_reg_gated_clk/clk_out,0,0.0,0.0,0.0,0.0,,0
x_aq_idu_top/x_aq_idu_id_gpr/x_aq_idu_id_gpr_gated_reg_5/x_reg_gated_clk/clk_en_bf_latch,0,0.0,0.0,0.0,0.0,,0
x_aq_idu_top/x_aq_idu_id_gpr/x_aq_idu_id_gpr_gated_reg_5/x_reg_gated_clk/SE,0,0.0,0.0,0.0,0.0,,0
x_aq_idu_top/x_aq_idu_id_gpr/x_aq_idu_id_gpr_gated_reg_6/cp0_idu_icg_en,0,0.0,0.0,0.0,0.0,,0
x_aq_idu_top/x_aq_idu_id_gpr/x_aq_idu_id_gpr_gated_reg_6/cp0_yy_clk_en,1,0.00036563071297989033,1.8147199999999999,1.5795382125284625,0.0,0.07606077549910864,1
x_aq_idu_top/x_aq_idu_id_gpr/x_aq_idu_id_gpr_gated_reg_6/forever_cpuclk,0,0.0,0.0,0.0,0.0,,0
x_aq_idu_top/x_aq_idu_id_gpr/x_aq_idu_id_gpr_gated_reg_6/pad_yy_icg_scan_en,0,0.0,0.0,0.0,0.0,,0
x_aq_idu_top/x_aq_idu_id_gpr/x_aq_idu_id_gpr_gated_reg_6/read_data_y[63:0],0,0.0,0.0,0.0,0.0,,0
x_aq_idu_top/x_aq_idu_id_gpr/x_aq_idu_id_gpr_gated_reg_6/rtu_idu_wb0_data[63:0],81,0.029616087751371114,1.6929382716049381,1.4735389985517815,0.2962962962962963,0.07305960444861338,18
x_aq_idu_top/x_aq_idu_id_gpr/x_aq_idu_id_gpr_gated_reg_6/rtu_idu_wb1_data[63:0],0,0.0,0.0,0.0,0.0,,0
x_aq_idu_top/x_aq_idu_id_gpr/x_aq_idu_id_gpr_gated_reg_6/wb0_vld_x,0,0.0,0.0,0.0,0.0,,0
x_aq_idu_top/x_aq_idu_id_gpr/x_aq_idu_id_gpr_gated_reg_6/wb1_vld_x,0,0.0,0.0,0.0,0.0,,0
x_aq_idu_top/x_aq_idu_id_gpr/x_aq_idu_id_gpr_gated_reg_6/reg_clk,0,0.0,0.0,0.0,0.0,,0
x_aq_idu_top/x_aq_idu_id_gpr/x_aq_idu_id_gpr_gated_reg_6/reg_clk_en,0,0.0,0.0,0.0,0.0,,0
x_aq_idu_top/x_aq_idu_id_gpr/x_aq_idu_id_gpr_gated_reg_6/write_en,0,0.0,0.0,0.0,0.0,,0
x_aq_idu_top/x_aq_idu_id_gpr/x_aq_idu_id_gpr_gated_reg_6/x_reg_gated_clk/clk_in,0,0.0,0.0,0.0,0.0,,0
x_aq_idu_top/x_aq_idu_id_gpr/x_aq_idu_id_gpr_gated_reg_6/x_reg_gated_clk/global_en,1,0.00036563071297989033,1.8147199999999999,1.5795382125284625,0.0,0.07606077549910864,1
x_aq_idu_top/x_aq_idu_id_gpr/x_aq_idu_id_gpr_gated_reg_6/x_reg_gated_clk/module_en,0,0.0,0.0,0.0,0.0,,0
x_aq_idu_top/x_aq_idu_id_gpr/x_aq_idu_id_gpr_gated_reg_6/x_reg_gated_clk/local_en,0,0.0,0.0,0.0,0.0,,0
x_aq_idu_top/x_aq_idu_id_gpr/x_aq_idu_id_gpr_gated_reg_6/x_reg_gated_clk/external_en,0,0.0,0.0,0.0,0.0,,0
x_aq_idu_top/x_aq_idu_id_gpr/x_aq_idu_id_gpr_gated_reg_6/x_reg_gated_clk/pad_yy_icg_scan_en,0,0.0,0.0,0.0,0.0,,0
x_aq_idu_top/x_aq_idu_id_gpr/x_aq_idu_id_gpr_gated_reg_6/x_reg_gated_clk/clk_out,0,0.0,0.0,0.0,0.0,,0
x_aq_idu_top/x_aq_idu_id_gpr/x_aq_idu_id_gpr_gated_reg_6/x_reg_gated_clk/clk_en_bf_latch,0,0.0,0.0,0.0,0.0,,0
x_aq_idu_top/x_aq_idu_id_gpr/x_aq_idu_id_gpr_gated_reg_6/x_reg_gated_clk/SE,0,0.0,0.0,0.0,0.0,,0
x_aq_idu_top/x_aq_idu_id_gpr/x_aq_idu_id_gpr_gated_reg_7/cp0_idu_icg_en,0,0.0,0.0,0.0,0.0,,0
x_aq_idu_top/x_aq_idu_id_gpr/x_aq_idu_id_gpr_gated_reg_7/cp0_yy_clk_en,1,0.00036563071297989033,1.8147199999999999,1.5795382125284625,0.0,0.07606077549910864,1
x_aq_idu_top/x_aq_idu_id_gpr/x_aq_idu_id_gpr_gated_reg_7/forever_cpuclk,0,0.0,0.0,0.0,0.0,,0
x_aq_idu_top/x_aq_idu_id_gpr/x_aq_idu_id_gpr_gated_reg_7/pad_yy_icg_scan_en,0,0.0,0.0,0.0,0.0,,0
x_aq_idu_top/x_aq_idu_id_gpr/x_aq_idu_id_gpr_gated_reg_7/read_data_y[63:0],0,0.0,0.0,0.0,0.0,,0
x_aq_idu_top/x_aq_idu_id_gpr/x_aq_idu_id_gpr_gated_reg_7/rtu_idu_wb0_data[63:0],81,0.029616087751371114,1.6929382716049381,1.4735389985517815,0.2962962962962963,0.07305960444861338,18
x_aq_idu_top/x_aq_idu_id_gpr/x_aq_idu_id_gpr_gated_reg_7/rtu_idu_wb1_data[63:0],0,0.0,0.0,0.0,0.0,,0
x_aq_idu_top/x_aq_idu_id_gpr/x_aq_idu_id_gpr_gated_reg_7/wb0_vld_x,0,0.0,0.0,0.0,0.0,,0
x_aq_idu_top/x_aq_idu_id_gpr/x_aq_idu_id_gpr_gated_reg_7/wb1_vld_x,0,0.0,0.0,0.0,0.0,,0
x_aq_idu_top/x_aq_idu_id_gpr/x_aq_idu_id_gpr_gated_reg_7/reg_clk,0,0.0,0.0,0.0,0.0,,0
x_aq_idu_top/x_aq_idu_id_gpr/x_aq_idu_id_gpr_gated_reg_7/reg_clk_en,0,0.0,0.0,0.0,0.0,,0
x_aq_idu_top/x_aq_idu_id_gpr/x_aq_idu_id_gpr_gated_reg_7/write_en,0,0.0,0.0,0.0,0.0,,0
x_aq_idu_top/x_aq_idu_id_gpr/x_aq_idu_id_gpr_gated_reg_7/x_reg_gated_clk/clk_in,0,0.0,0.0,0.0,0.0,,0
x_aq_idu_top/x_aq_idu_id_gpr/x_aq_idu_id_gpr_gated_reg_7/x_reg_gated_clk/global_en,1,0.00036563071297989033,1.8147199999999999,1.5795382125284625,0.0,0.07606077549910864,1
x_aq_idu_top/x_aq_idu_id_gpr/x_aq_idu_id_gpr_gated_reg_7/x_reg_gated_clk/module_en,0,0.0,0.0,0.0,0.0,,0
x_aq_idu_top/x_aq_idu_id_gpr/x_aq_idu_id_gpr_gated_reg_7/x_reg_gated_clk/local_en,0,0.0,0.0,0.0,0.0,,0
x_aq_idu_top/x_aq_idu_id_gpr/x_aq_idu_id_gpr_gated_reg_7/x_reg_gated_clk/external_en,0,0.0,0.0,0.0,0.0,,0
x_aq_idu_top/x_aq_idu_id_gpr/x_aq_idu_id_gpr_gated_reg_7/x_reg_gated_clk/pad_yy_icg_scan_en,0,0.0,0.0,0.0,0.0,,0
x_aq_idu_top/x_aq_idu_id_gpr/x_aq_idu_id_gpr_gated_reg_7/x_reg_gated_clk/clk_out,0,0.0,0.0,0.0,0.0,,0
x_aq_idu_top/x_aq_idu_id_gpr/x_aq_idu_id_gpr_gated_reg_7/x_reg_gated_clk/clk_en_bf_latch,0,0.0,0.0,0.0,0.0,,0
x_aq_idu_top/x_aq_idu_id_gpr/x_aq_idu_id_gpr_gated_reg_7/x_reg_gated_clk/SE,0,0.0,0.0,0.0,0.0,,0
x_aq_idu_top/x_aq_idu_id_gpr/x_aq_idu_id_gpr_gated_reg_8/cp0_idu_icg_en,0,0.0,0.0,0.0,0.0,,0
x_aq_idu_top/x_aq_idu_id_gpr/x_aq_idu_id_gpr_gated_reg_8/cp0_yy_clk_en,1,0.00036563071297989033,1.8147199999999999,1.5795382125284625,0.0,0.07606077549910864,1
x_aq_idu_top/x_aq_idu_id_gpr/x_aq_idu_id_gpr_gated_reg_8/forever_cpuclk,0,0.0,0.0,0.0,0.0,,0
x_aq_idu_top/x_aq_idu_id_gpr/x_aq_idu_id_gpr_gated_reg_8/pad_yy_icg_scan_en,0,0.0,0.0,0.0,0.0,,0
x_aq_idu_top/x_aq_idu_id_gpr/x_aq_idu_id_gpr_gated_reg_8/read_data_y[63:0],0,0.0,0.0,0.0,0.0,,0
x_aq_idu_top/x_aq_idu_id_gpr/x_aq_idu_id_gpr_gated_reg_8/rtu_idu_wb0_data[63:0],81,0.029616087751371114,1.6929382716049381,1.4735389985517815,0.2962962962962963,0.07305960444861338,18
x_aq_idu_top/x_aq_idu_id_gpr/x_aq_idu_id_gpr_gated_reg_8/rtu_idu_wb1_data[63:0],0,0.0,0.0,0.0,0.0,,0
x_aq_idu_top/x_aq_idu_id_gpr/x_aq_idu_id_gpr_gated_reg_8/wb0_vld_x,0,0.0,0.0,0.0,0.0,,0
x_aq_idu_top/x_aq_idu_id_gpr/x_aq_idu_id_gpr_gated_reg_8/wb1_vld_x,0,0.0,0.0,0.0,0.0,,0
x_aq_idu_top/x_aq_idu_id_gpr/x_aq_idu_id_gpr_gated_reg_8/reg_clk,0,0.0,0.0,0.0,0.0,,0
x_aq_idu_top/x_aq_idu_id_gpr/x_aq_idu_id_gpr_gated_reg_8/reg_clk_en,0,0.0,0.0,0.0,0.0,,0
x_aq_idu_top/x_aq_idu_id_gpr/x_aq_idu_id_gpr_gated_reg_8/write_en,0,0.0,0.0,0.0,0.0,,0
x_aq_idu_top/x_aq_idu_id_gpr/x_aq_idu_id_gpr_gated_reg_8/x_reg_gated_clk/clk_in,0,0.0,0.0,0.0,0.0,,0
x_aq_idu_top/x_aq_idu_id_gpr/x_aq_idu_id_gpr_gated_reg_8/x_reg_gated_clk/global_en,1,0.00036563071297989033,1.8147199999999999,1.5795382125284625,0.0,0.07606077549910864,1
x_aq_idu_top/x_aq_idu_id_gpr/x_aq_idu_id_gpr_gated_reg_8/x_reg_gated_clk/module_en,0,0.0,0.0,0.0,0.0,,0
x_aq_idu_top/x_aq_idu_id_gpr/x_aq_idu_id_gpr_gated_reg_8/x_reg_gated_clk/local_en,0,0.0,0.0,0.0,0.0,,0
x_aq_idu_top/x_aq_idu_id_gpr/x_aq_idu_id_gpr_gated_reg_8/x_reg_gated_clk/external_en,0,0.0,0.0,0.0,0.0,,0
x_aq_idu_top/x_aq_idu_id_gpr/x_aq_idu_id_gpr_gated_reg_8/x_reg_gated_clk/pad_yy_icg_scan_en,0,0.0,0.0,0.0,0.0,,0
x_aq_idu_top/x_aq_idu_id_gpr/x_aq_idu_id_gpr_gated_reg_8/x_reg_gated_clk/clk_out,0,0.0,0.0,0.0,0.0,,0
x_aq_idu_top/x_aq_idu_id_gpr/x_aq_idu_id_gpr_gated_reg_8/x_reg_gated_clk/clk_en_bf_latch,0,0.0,0.0,0.0,0.0,,0
x_aq_idu_top/x_aq_idu_id_gpr/x_aq_idu_id_gpr_gated_reg_8/x_reg_gated_clk/SE,0,0.0,0.0,0.0,0.0,,0
x_aq_idu_top/x_aq_idu_id_gpr/x_aq_idu_id_gpr_gated_reg_9/cp0_idu_icg_en,0,0.0,0.0,0.0,0.0,,0
x_aq_idu_top/x_aq_idu_id_gpr/x_aq_idu_id_gpr_gated_reg_9/cp0_yy_clk_en,1,0.00036563071297989033,1.8147199999999999,1.5795382125284625,0.0,0.07606077549910864,1
x_aq_idu_top/x_aq_idu_id_gpr/x_aq_idu_id_gpr_gated_reg_9/forever_cpuclk,0,0.0,0.0,0.0,0.0,,0
x_aq_idu_top/x_aq_idu_id_gpr/x_aq_idu_id_gpr_gated_reg_9/pad_yy_icg_scan_en,0,0.0,0.0,0.0,0.0,,0
x_aq_idu_top/x_aq_idu_id_gpr/x_aq_idu_id_gpr_gated_reg_9/read_data_y[63:0],0,0.0,0.0,0.0,0.0,,0
x_aq_idu_top/x_aq_idu_id_gpr/x_aq_idu_id_gpr_gated_reg_9/rtu_idu_wb0_data[63:0],81,0.029616087751371114,1.6929382716049381,1.4735389985517815,0.2962962962962963,0.07305960444861338,18
x_aq_idu_top/x_aq_idu_id_gpr/x_aq_idu_id_gpr_gated_reg_9/rtu_idu_wb1_data[63:0],0,0.0,0.0,0.0,0.0,,0
x_aq_idu_top/x_aq_idu_id_gpr/x_aq_idu_id_gpr_gated_reg_9/wb0_vld_x,0,0.0,0.0,0.0,0.0,,0
x_aq_idu_top/x_aq_idu_id_gpr/x_aq_idu_id_gpr_gated_reg_9/wb1_vld_x,0,0.0,0.0,0.0,0.0,,0
x_aq_idu_top/x_aq_idu_id_gpr/x_aq_idu_id_gpr_gated_reg_9/reg_clk,0,0.0,0.0,0.0,0.0,,0
x_aq_idu_top/x_aq_idu_id_gpr/x_aq_idu_id_gpr_gated_reg_9/reg_clk_en,0,0.0,0.0,0.0,0.0,,0
x_aq_idu_top/x_aq_idu_id_gpr/x_aq_idu_id_gpr_gated_reg_9/write_en,0,0.0,0.0,0.0,0.0,,0
x_aq_idu_top/x_aq_idu_id_gpr/x_aq_idu_id_gpr_gated_reg_9/x_reg_gated_clk/clk_in,0,0.0,0.0,0.0,0.0,,0
x_aq_idu_top/x_aq_idu_id_gpr/x_aq_idu_id_gpr_gated_reg_9/x_reg_gated_clk/global_en,1,0.00036563071297989033,1.8147199999999999,1.5795382125284625,0.0,0.07606077549910864,1
x_aq_idu_top/x_aq_idu_id_gpr/x_aq_idu_id_gpr_gated_reg_9/x_reg_gated_clk/module_en,0,0.0,0.0,0.0,0.0,,0
x_aq_idu_top/x_aq_idu_id_gpr/x_aq_idu_id_gpr_gated_reg_9/x_reg_gated_clk/local_en,0,0.0,0.0,0.0,0.0,,0
x_aq_idu_top/x_aq_idu_id_gpr/x_aq_idu_id_gpr_gated_reg_9/x_reg_gated_clk/external_en,0,0.0,0.0,0.0,0.0,,0
x_aq_idu_top/x_aq_idu_id_gpr/x_aq_idu_id_gpr_gated_reg_9/x_reg_gated_clk/pad_yy_icg_scan_en,0,0.0,0.0,0.0,0.0,,0
x_aq_idu_top/x_aq_idu_id_gpr/x_aq_idu_id_gpr_gated_reg_9/x_reg_gated_clk/clk_out,0,0.0,0.0,0.0,0.0,,0
x_aq_idu_top/x_aq_idu_id_gpr/x_aq_idu_id_gpr_gated_reg_9/x_reg_gated_clk/clk_en_bf_latch,0,0.0,0.0,0.0,0.0,,0
x_aq_idu_top/x_aq_idu_id_gpr/x_aq_idu_id_gpr_gated_reg_9/x_reg_gated_clk/SE,0,0.0,0.0,0.0,0.0,,0
x_aq_idu_top/x_aq_idu_id_gpr/x_aq_idu_id_gpr_gated_reg_10/cp0_idu_icg_en,0,0.0,0.0,0.0,0.0,,0
x_aq_idu_top/x_aq_idu_id_gpr/x_aq_idu_id_gpr_gated_reg_10/cp0_yy_clk_en,1,0.00036563071297989033,1.8147199999999999,1.5795382125284625,0.0,0.07606077549910864,1
x_aq_idu_top/x_aq_idu_id_gpr/x_aq_idu_id_gpr_gated_reg_10/forever_cpuclk,0,0.0,0.0,0.0,0.0,,0
x_aq_idu_top/x_aq_idu_id_gpr/x_aq_idu_id_gpr_gated_reg_10/pad_yy_icg_scan_en,0,0.0,0.0,0.0,0.0,,0
x_aq_idu_top/x_aq_idu_id_gpr/x_aq_idu_id_gpr_gated_reg_10/read_data_y[63:0],10,0.003656307129798903,1.2811,1.1150736224156967,0.1,0.07709249957636481,16
x_aq_idu_top/x_aq_idu_id_gpr/x_aq_idu_id_gpr_gated_reg_10/rtu_idu_wb0_data[63:0],81,0.029616087751371114,1.6929382716049381,1.4735389985517815,0.2962962962962963,0.07305960444861338,18
x_aq_idu_top/x_aq_idu_id_gpr/x_aq_idu_id_gpr_gated_reg_10/rtu_idu_wb1_data[63:0],0,0.0,0.0,0.0,0.0,,0
x_aq_idu_top/x_aq_idu_id_gpr/x_aq_idu_id_gpr_gated_reg_10/wb0_vld_x,0,0.0,0.0,0.0,0.0,,0
x_aq_idu_top/x_aq_idu_id_gpr/x_aq_idu_id_gpr_gated_reg_10/wb1_vld_x,0,0.0,0.0,0.0,0.0,,0
x_aq_idu_top/x_aq_idu_id_gpr/x_aq_idu_id_gpr_gated_reg_10/reg_clk,0,0.0,0.0,0.0,0.0,,0
x_aq_idu_top/x_aq_idu_id_gpr/x_aq_idu_id_gpr_gated_reg_10/reg_clk_en,0,0.0,0.0,0.0,0.0,,0
x_aq_idu_top/x_aq_idu_id_gpr/x_aq_idu_id_gpr_gated_reg_10/write_en,0,0.0,0.0,0.0,0.0,,0
x_aq_idu_top/x_aq_idu_id_gpr/x_aq_idu_id_gpr_gated_reg_10/x_reg_gated_clk/clk_in,0,0.0,0.0,0.0,0.0,,0
x_aq_idu_top/x_aq_idu_id_gpr/x_aq_idu_id_gpr_gated_reg_10/x_reg_gated_clk/global_en,1,0.00036563071297989033,1.8147199999999999,1.5795382125284625,0.0,0.07606077549910864,1
x_aq_idu_top/x_aq_idu_id_gpr/x_aq_idu_id_gpr_gated_reg_10/x_reg_gated_clk/module_en,0,0.0,0.0,0.0,0.0,,0
x_aq_idu_top/x_aq_idu_id_gpr/x_aq_idu_id_gpr_gated_reg_10/x_reg_gated_clk/local_en,0,0.0,0.0,0.0,0.0,,0
x_aq_idu_top/x_aq_idu_id_gpr/x_aq_idu_id_gpr_gated_reg_10/x_reg_gated_clk/external_en,0,0.0,0.0,0.0,0.0,,0
x_aq_idu_top/x_aq_idu_id_gpr/x_aq_idu_id_gpr_gated_reg_10/x_reg_gated_clk/pad_yy_icg_scan_en,0,0.0,0.0,0.0,0.0,,0
x_aq_idu_top/x_aq_idu_id_gpr/x_aq_idu_id_gpr_gated_reg_10/x_reg_gated_clk/clk_out,0,0.0,0.0,0.0,0.0,,0
x_aq_idu_top/x_aq_idu_id_gpr/x_aq_idu_id_gpr_gated_reg_10/x_reg_gated_clk/clk_en_bf_latch,0,0.0,0.0,0.0,0.0,,0
x_aq_idu_top/x_aq_idu_id_gpr/x_aq_idu_id_gpr_gated_reg_10/x_reg_gated_clk/SE,0,0.0,0.0,0.0,0.0,,0
x_aq_idu_top/x_aq_idu_id_gpr/x_aq_idu_id_gpr_gated_reg_11/cp0_idu_icg_en,0,0.0,0.0,0.0,0.0,,0
x_aq_idu_top/x_aq_idu_id_gpr/x_aq_idu_id_gpr_gated_reg_11/cp0_yy_clk_en,1,0.00036563071297989033,1.8147199999999999,1.5795382125284625,0.0,0.07606077549910864,1
x_aq_idu_top/x_aq_idu_id_gpr/x_aq_idu_id_gpr_gated_reg_11/forever_cpuclk,0,0.0,0.0,0.0,0.0,,0
x_aq_idu_top/x_aq_idu_id_gpr/x_aq_idu_id_gpr_gated_reg_11/pad_yy_icg_scan_en,0,0.0,0.0,0.0,0.0,,0
x_aq_idu_top/x_aq_idu_id_gpr/x_aq_idu_id_gpr_gated_reg_11/read_data_y[63:0],0,0.0,0.0,0.0,0.0,,0
x_aq_idu_top/x_aq_idu_id_gpr/x_aq_idu_id_gpr_gated_reg_11/rtu_idu_wb0_data[63:0],81,0.029616087751371114,1.6929382716049381,1.4735389985517815,0.2962962962962963,0.07305960444861338,18
x_aq_idu_top/x_aq_idu_id_gpr/x_aq_idu_id_gpr_gated_reg_11/rtu_idu_wb1_data[63:0],0,0.0,0.0,0.0,0.0,,0
x_aq_idu_top/x_aq_idu_id_gpr/x_aq_idu_id_gpr_gated_reg_11/wb0_vld_x,0,0.0,0.0,0.0,0.0,,0
x_aq_idu_top/x_aq_idu_id_gpr/x_aq_idu_id_gpr_gated_reg_11/wb1_vld_x,0,0.0,0.0,0.0,0.0,,0
x_aq_idu_top/x_aq_idu_id_gpr/x_aq_idu_id_gpr_gated_reg_11/reg_clk,0,0.0,0.0,0.0,0.0,,0
x_aq_idu_top/x_aq_idu_id_gpr/x_aq_idu_id_gpr_gated_reg_11/reg_clk_en,0,0.0,0.0,0.0,0.0,,0
x_aq_idu_top/x_aq_idu_id_gpr/x_aq_idu_id_gpr_gated_reg_11/write_en,0,0.0,0.0,0.0,0.0,,0
x_aq_idu_top/x_aq_idu_id_gpr/x_aq_idu_id_gpr_gated_reg_11/x_reg_gated_clk/clk_in,0,0.0,0.0,0.0,0.0,,0
x_aq_idu_top/x_aq_idu_id_gpr/x_aq_idu_id_gpr_gated_reg_11/x_reg_gated_clk/global_en,1,0.00036563071297989033,1.8147199999999999,1.5795382125284625,0.0,0.07606077549910864,1
x_aq_idu_top/x_aq_idu_id_gpr/x_aq_idu_id_gpr_gated_reg_11/x_reg_gated_clk/module_en,0,0.0,0.0,0.0,0.0,,0
x_aq_idu_top/x_aq_idu_id_gpr/x_aq_idu_id_gpr_gated_reg_11/x_reg_gated_clk/local_en,0,0.0,0.0,0.0,0.0,,0
x_aq_idu_top/x_aq_idu_id_gpr/x_aq_idu_id_gpr_gated_reg_11/x_reg_gated_clk/external_en,0,0.0,0.0,0.0,0.0,,0
x_aq_idu_top/x_aq_idu_id_gpr/x_aq_idu_id_gpr_gated_reg_11/x_reg_gated_clk/pad_yy_icg_scan_en,0,0.0,0.0,0.0,0.0,,0
x_aq_idu_top/x_aq_idu_id_gpr/x_aq_idu_id_gpr_gated_reg_11/x_reg_gated_clk/clk_out,0,0.0,0.0,0.0,0.0,,0
x_aq_idu_top/x_aq_idu_id_gpr/x_aq_idu_id_gpr_gated_reg_11/x_reg_gated_clk/clk_en_bf_latch,0,0.0,0.0,0.0,0.0,,0
x_aq_idu_top/x_aq_idu_id_gpr/x_aq_idu_id_gpr_gated_reg_11/x_reg_gated_clk/SE,0,0.0,0.0,0.0,0.0,,0
x_aq_idu_top/x_aq_idu_id_gpr/x_aq_idu_id_gpr_gated_reg_12/cp0_idu_icg_en,0,0.0,0.0,0.0,0.0,,0
x_aq_idu_top/x_aq_idu_id_gpr/x_aq_idu_id_gpr_gated_reg_12/cp0_yy_clk_en,1,0.00036563071297989033,1.8147199999999999,1.5795382125284625,0.0,0.07606077549910864,1
x_aq_idu_top/x_aq_idu_id_gpr/x_aq_idu_id_gpr_gated_reg_12/forever_cpuclk,0,0.0,0.0,0.0,0.0,,0
x_aq_idu_top/x_aq_idu_id_gpr/x_aq_idu_id_gpr_gated_reg_12/pad_yy_icg_scan_en,0,0.0,0.0,0.0,0.0,,0
x_aq_idu_top/x_aq_idu_id_gpr/x_aq_idu_id_gpr_gated_reg_12/read_data_y[63:0],0,0.0,0.0,0.0,0.0,,0
x_aq_idu_top/x_aq_idu_id_gpr/x_aq_idu_id_gpr_gated_reg_12/rtu_idu_wb0_data[63:0],81,0.029616087751371114,1.6929382716049381,1.4735389985517815,0.2962962962962963,0.07305960444861338,18
x_aq_idu_top/x_aq_idu_id_gpr/x_aq_idu_id_gpr_gated_reg_12/rtu_idu_wb1_data[63:0],0,0.0,0.0,0.0,0.0,,0
x_aq_idu_top/x_aq_idu_id_gpr/x_aq_idu_id_gpr_gated_reg_12/wb0_vld_x,0,0.0,0.0,0.0,0.0,,0
x_aq_idu_top/x_aq_idu_id_gpr/x_aq_idu_id_gpr_gated_reg_12/wb1_vld_x,0,0.0,0.0,0.0,0.0,,0
x_aq_idu_top/x_aq_idu_id_gpr/x_aq_idu_id_gpr_gated_reg_12/reg_clk,0,0.0,0.0,0.0,0.0,,0
x_aq_idu_top/x_aq_idu_id_gpr/x_aq_idu_id_gpr_gated_reg_12/reg_clk_en,0,0.0,0.0,0.0,0.0,,0
x_aq_idu_top/x_aq_idu_id_gpr/x_aq_idu_id_gpr_gated_reg_12/write_en,0,0.0,0.0,0.0,0.0,,0
x_aq_idu_top/x_aq_idu_id_gpr/x_aq_idu_id_gpr_gated_reg_12/x_reg_gated_clk/clk_in,0,0.0,0.0,0.0,0.0,,0
x_aq_idu_top/x_aq_idu_id_gpr/x_aq_idu_id_gpr_gated_reg_12/x_reg_gated_clk/global_en,1,0.00036563071297989033,1.8147199999999999,1.5795382125284625,0.0,0.07606077549910864,1
x_aq_idu_top/x_aq_idu_id_gpr/x_aq_idu_id_gpr_gated_reg_12/x_reg_gated_clk/module_en,0,0.0,0.0,0.0,0.0,,0
x_aq_idu_top/x_aq_idu_id_gpr/x_aq_idu_id_gpr_gated_reg_12/x_reg_gated_clk/local_en,0,0.0,0.0,0.0,0.0,,0
x_aq_idu_top/x_aq_idu_id_gpr/x_aq_idu_id_gpr_gated_reg_12/x_reg_gated_clk/external_en,0,0.0,0.0,0.0,0.0,,0
x_aq_idu_top/x_aq_idu_id_gpr/x_aq_idu_id_gpr_gated_reg_12/x_reg_gated_clk/pad_yy_icg_scan_en,0,0.0,0.0,0.0,0.0,,0
x_aq_idu_top/x_aq_idu_id_gpr/x_aq_idu_id_gpr_gated_reg_12/x_reg_gated_clk/clk_out,0,0.0,0.0,0.0,0.0,,0
x_aq_idu_top/x_aq_idu_id_gpr/x_aq_idu_id_gpr_gated_reg_12/x_reg_gated_clk/clk_en_bf_latch,0,0.0,0.0,0.0,0.0,,0
x_aq_idu_top/x_aq_idu_id_gpr/x_aq_idu_id_gpr_gated_reg_12/x_reg_gated_clk/SE,0,0.0,0.0,0.0,0.0,,0
x_aq_idu_top/x_aq_idu_id_gpr/x_aq_idu_id_gpr_gated_reg_13/cp0_idu_icg_en,0,0.0,0.0,0.0,0.0,,0
x_aq_idu_top/x_aq_idu_id_gpr/x_aq_idu_id_gpr_gated_reg_13/cp0_yy_clk_en,1,0.00036563071297989033,1.8147199999999999,1.5795382125284625,0.0,0.07606077549910864,1
x_aq_idu_top/x_aq_idu_id_gpr/x_aq_idu_id_gpr_gated_reg_13/forever_cpuclk,0,0.0,0.0,0.0,0.0,,0
x_aq_idu_top/x_aq_idu_id_gpr/x_aq_idu_id_gpr_gated_reg_13/pad_yy_icg_scan_en,0,0.0,0.0,0.0,0.0,,0
x_aq_idu_top/x_aq_idu_id_gpr/x_aq_idu_id_gpr_gated_reg_13/read_data_y[63:0],0,0.0,0.0,0.0,0.0,,0
x_aq_idu_top/x_aq_idu_id_gpr/x_aq_idu_id_gpr_gated_reg_13/rtu_idu_wb0_data[63:0],81,0.029616087751371114,1.6929382716049381,1.4735389985517815,0.2962962962962963,0.07305960444861338,18
x_aq_idu_top/x_aq_idu_id_gpr/x_aq_idu_id_gpr_gated_reg_13/rtu_idu_wb1_data[63:0],0,0.0,0.0,0.0,0.0,,0
x_aq_idu_top/x_aq_idu_id_gpr/x_aq_idu_id_gpr_gated_reg_13/wb0_vld_x,0,0.0,0.0,0.0,0.0,,0
x_aq_idu_top/x_aq_idu_id_gpr/x_aq_idu_id_gpr_gated_reg_13/wb1_vld_x,0,0.0,0.0,0.0,0.0,,0
x_aq_idu_top/x_aq_idu_id_gpr/x_aq_idu_id_gpr_gated_reg_13/reg_clk,0,0.0,0.0,0.0,0.0,,0
x_aq_idu_top/x_aq_idu_id_gpr/x_aq_idu_id_gpr_gated_reg_13/reg_clk_en,0,0.0,0.0,0.0,0.0,,0
x_aq_idu_top/x_aq_idu_id_gpr/x_aq_idu_id_gpr_gated_reg_13/write_en,0,0.0,0.0,0.0,0.0,,0
x_aq_idu_top/x_aq_idu_id_gpr/x_aq_idu_id_gpr_gated_reg_13/x_reg_gated_clk/clk_in,0,0.0,0.0,0.0,0.0,,0
x_aq_idu_top/x_aq_idu_id_gpr/x_aq_idu_id_gpr_gated_reg_13/x_reg_gated_clk/global_en,1,0.00036563071297989033,1.8147199999999999,1.5795382125284625,0.0,0.07606077549910864,1
x_aq_idu_top/x_aq_idu_id_gpr/x_aq_idu_id_gpr_gated_reg_13/x_reg_gated_clk/module_en,0,0.0,0.0,0.0,0.0,,0
x_aq_idu_top/x_aq_idu_id_gpr/x_aq_idu_id_gpr_gated_reg_13/x_reg_gated_clk/local_en,0,0.0,0.0,0.0,0.0,,0
x_aq_idu_top/x_aq_idu_id_gpr/x_aq_idu_id_gpr_gated_reg_13/x_reg_gated_clk/external_en,0,0.0,0.0,0.0,0.0,,0
x_aq_idu_top/x_aq_idu_id_gpr/x_aq_idu_id_gpr_gated_reg_13/x_reg_gated_clk/pad_yy_icg_scan_en,0,0.0,0.0,0.0,0.0,,0
x_aq_idu_top/x_aq_idu_id_gpr/x_aq_idu_id_gpr_gated_reg_13/x_reg_gated_clk/clk_out,0,0.0,0.0,0.0,0.0,,0
x_aq_idu_top/x_aq_idu_id_gpr/x_aq_idu_id_gpr_gated_reg_13/x_reg_gated_clk/clk_en_bf_latch,0,0.0,0.0,0.0,0.0,,0
x_aq_idu_top/x_aq_idu_id_gpr/x_aq_idu_id_gpr_gated_reg_13/x_reg_gated_clk/SE,0,0.0,0.0,0.0,0.0,,0
x_aq_idu_top/x_aq_idu_id_gpr/x_aq_idu_id_gpr_gated_reg_14/cp0_idu_icg_en,0,0.0,0.0,0.0,0.0,,0
x_aq_idu_top/x_aq_idu_id_gpr/x_aq_idu_id_gpr_gated_reg_14/cp0_yy_clk_en,1,0.00036563071297989033,1.8147199999999999,1.5795382125284625,0.0,0.07606077549910864,1
x_aq_idu_top/x_aq_idu_id_gpr/x_aq_idu_id_gpr_gated_reg_14/forever_cpuclk,0,0.0,0.0,0.0,0.0,,0
x_aq_idu_top/x_aq_idu_id_gpr/x_aq_idu_id_gpr_gated_reg_14/pad_yy_icg_scan_en,0,0.0,0.0,0.0,0.0,,0
x_aq_idu_top/x_aq_idu_id_gpr/x_aq_idu_id_gpr_gated_reg_14/read_data_y[63:0],0,0.0,0.0,0.0,0.0,,0
x_aq_idu_top/x_aq_idu_id_gpr/x_aq_idu_id_gpr_gated_reg_14/rtu_idu_wb0_data[63:0],81,0.029616087751371114,1.6929382716049381,1.4735389985517815,0.2962962962962963,0.07305960444861338,18
x_aq_idu_top/x_aq_idu_id_gpr/x_aq_idu_id_gpr_gated_reg_14/rtu_idu_wb1_data[63:0],0,0.0,0.0,0.0,0.0,,0
x_aq_idu_top/x_aq_idu_id_gpr/x_aq_idu_id_gpr_gated_reg_14/wb0_vld_x,0,0.0,0.0,0.0,0.0,,0
x_aq_idu_top/x_aq_idu_id_gpr/x_aq_idu_id_gpr_gated_reg_14/wb1_vld_x,0,0.0,0.0,0.0,0.0,,0
x_aq_idu_top/x_aq_idu_id_gpr/x_aq_idu_id_gpr_gated_reg_14/reg_clk,0,0.0,0.0,0.0,0.0,,0
x_aq_idu_top/x_aq_idu_id_gpr/x_aq_idu_id_gpr_gated_reg_14/reg_clk_en,0,0.0,0.0,0.0,0.0,,0
x_aq_idu_top/x_aq_idu_id_gpr/x_aq_idu_id_gpr_gated_reg_14/write_en,0,0.0,0.0,0.0,0.0,,0
x_aq_idu_top/x_aq_idu_id_gpr/x_aq_idu_id_gpr_gated_reg_14/x_reg_gated_clk/clk_in,0,0.0,0.0,0.0,0.0,,0
x_aq_idu_top/x_aq_idu_id_gpr/x_aq_idu_id_gpr_gated_reg_14/x_reg_gated_clk/global_en,1,0.00036563071297989033,1.8147199999999999,1.5795382125284625,0.0,0.07606077549910864,1
x_aq_idu_top/x_aq_idu_id_gpr/x_aq_idu_id_gpr_gated_reg_14/x_reg_gated_clk/module_en,0,0.0,0.0,0.0,0.0,,0
x_aq_idu_top/x_aq_idu_id_gpr/x_aq_idu_id_gpr_gated_reg_14/x_reg_gated_clk/local_en,0,0.0,0.0,0.0,0.0,,0
x_aq_idu_top/x_aq_idu_id_gpr/x_aq_idu_id_gpr_gated_reg_14/x_reg_gated_clk/external_en,0,0.0,0.0,0.0,0.0,,0
x_aq_idu_top/x_aq_idu_id_gpr/x_aq_idu_id_gpr_gated_reg_14/x_reg_gated_clk/pad_yy_icg_scan_en,0,0.0,0.0,0.0,0.0,,0
x_aq_idu_top/x_aq_idu_id_gpr/x_aq_idu_id_gpr_gated_reg_14/x_reg_gated_clk/clk_out,0,0.0,0.0,0.0,0.0,,0
x_aq_idu_top/x_aq_idu_id_gpr/x_aq_idu_id_gpr_gated_reg_14/x_reg_gated_clk/clk_en_bf_latch,0,0.0,0.0,0.0,0.0,,0
x_aq_idu_top/x_aq_idu_id_gpr/x_aq_idu_id_gpr_gated_reg_14/x_reg_gated_clk/SE,0,0.0,0.0,0.0,0.0,,0
x_aq_idu_top/x_aq_idu_id_gpr/x_aq_idu_id_gpr_gated_reg_15/cp0_idu_icg_en,0,0.0,0.0,0.0,0.0,,0
x_aq_idu_top/x_aq_idu_id_gpr/x_aq_idu_id_gpr_gated_reg_15/cp0_yy_clk_en,1,0.00036563071297989033,1.8147199999999999,1.5795382125284625,0.0,0.07606077549910864,1
x_aq_idu_top/x_aq_idu_id_gpr/x_aq_idu_id_gpr_gated_reg_15/forever_cpuclk,0,0.0,0.0,0.0,0.0,,0
x_aq_idu_top/x_aq_idu_id_gpr/x_aq_idu_id_gpr_gated_reg_15/pad_yy_icg_scan_en,0,0.0,0.0,0.0,0.0,,0
x_aq_idu_top/x_aq_idu_id_gpr/x_aq_idu_id_gpr_gated_reg_15/read_data_y[63:0],0,0.0,0.0,0.0,0.0,,0
x_aq_idu_top/x_aq_idu_id_gpr/x_aq_idu_id_gpr_gated_reg_15/rtu_idu_wb0_data[63:0],81,0.029616087751371114,1.6929382716049381,1.4735389985517815,0.2962962962962963,0.07305960444861338,18
x_aq_idu_top/x_aq_idu_id_gpr/x_aq_idu_id_gpr_gated_reg_15/rtu_idu_wb1_data[63:0],0,0.0,0.0,0.0,0.0,,0
x_aq_idu_top/x_aq_idu_id_gpr/x_aq_idu_id_gpr_gated_reg_15/wb0_vld_x,0,0.0,0.0,0.0,0.0,,0
x_aq_idu_top/x_aq_idu_id_gpr/x_aq_idu_id_gpr_gated_reg_15/wb1_vld_x,0,0.0,0.0,0.0,0.0,,0
x_aq_idu_top/x_aq_idu_id_gpr/x_aq_idu_id_gpr_gated_reg_15/reg_clk,0,0.0,0.0,0.0,0.0,,0
x_aq_idu_top/x_aq_idu_id_gpr/x_aq_idu_id_gpr_gated_reg_15/reg_clk_en,0,0.0,0.0,0.0,0.0,,0
x_aq_idu_top/x_aq_idu_id_gpr/x_aq_idu_id_gpr_gated_reg_15/write_en,0,0.0,0.0,0.0,0.0,,0
x_aq_idu_top/x_aq_idu_id_gpr/x_aq_idu_id_gpr_gated_reg_15/x_reg_gated_clk/clk_in,0,0.0,0.0,0.0,0.0,,0
x_aq_idu_top/x_aq_idu_id_gpr/x_aq_idu_id_gpr_gated_reg_15/x_reg_gated_clk/global_en,1,0.00036563071297989033,1.8147199999999999,1.5795382125284625,0.0,0.07606077549910864,1
x_aq_idu_top/x_aq_idu_id_gpr/x_aq_idu_id_gpr_gated_reg_15/x_reg_gated_clk/module_en,0,0.0,0.0,0.0,0.0,,0
x_aq_idu_top/x_aq_idu_id_gpr/x_aq_idu_id_gpr_gated_reg_15/x_reg_gated_clk/local_en,0,0.0,0.0,0.0,0.0,,0
x_aq_idu_top/x_aq_idu_id_gpr/x_aq_idu_id_gpr_gated_reg_15/x_reg_gated_clk/external_en,0,0.0,0.0,0.0,0.0,,0
x_aq_idu_top/x_aq_idu_id_gpr/x_aq_idu_id_gpr_gated_reg_15/x_reg_gated_clk/pad_yy_icg_scan_en,0,0.0,0.0,0.0,0.0,,0
x_aq_idu_top/x_aq_idu_id_gpr/x_aq_idu_id_gpr_gated_reg_15/x_reg_gated_clk/clk_out,0,0.0,0.0,0.0,0.0,,0
x_aq_idu_top/x_aq_idu_id_gpr/x_aq_idu_id_gpr_gated_reg_15/x_reg_gated_clk/clk_en_bf_latch,0,0.0,0.0,0.0,0.0,,0
x_aq_idu_top/x_aq_idu_id_gpr/x_aq_idu_id_gpr_gated_reg_15/x_reg_gated_clk/SE,0,0.0,0.0,0.0,0.0,,0
x_aq_idu_top/x_aq_idu_id_gpr/x_aq_idu_id_gpr_gated_reg_16/cp0_idu_icg_en,0,0.0,0.0,0.0,0.0,,0
x_aq_idu_top/x_aq_idu_id_gpr/x_aq_idu_id_gpr_gated_reg_16/cp0_yy_clk_en,1,0.00036563071297989033,1.8147199999999999,1.5795382125284625,0.0,0.07606077549910864,1
x_aq_idu_top/x_aq_idu_id_gpr/x_aq_idu_id_gpr_gated_reg_16/forever_cpuclk,0,0.0,0.0,0.0,0.0,,0
x_aq_idu_top/x_aq_idu_id_gpr/x_aq_idu_id_gpr_gated_reg_16/pad_yy_icg_scan_en,0,0.0,0.0,0.0,0.0,,0
x_aq_idu_top/x_aq_idu_id_gpr/x_aq_idu_id_gpr_gated_reg_16/read_data_y[63:0],0,0.0,0.0,0.0,0.0,,0
x_aq_idu_top/x_aq_idu_id_gpr/x_aq_idu_id_gpr_gated_reg_16/rtu_idu_wb0_data[63:0],81,0.029616087751371114,1.6929382716049381,1.4735389985517815,0.2962962962962963,0.07305960444861338,18
x_aq_idu_top/x_aq_idu_id_gpr/x_aq_idu_id_gpr_gated_reg_16/rtu_idu_wb1_data[63:0],0,0.0,0.0,0.0,0.0,,0
x_aq_idu_top/x_aq_idu_id_gpr/x_aq_idu_id_gpr_gated_reg_16/wb0_vld_x,0,0.0,0.0,0.0,0.0,,0
x_aq_idu_top/x_aq_idu_id_gpr/x_aq_idu_id_gpr_gated_reg_16/wb1_vld_x,0,0.0,0.0,0.0,0.0,,0
x_aq_idu_top/x_aq_idu_id_gpr/x_aq_idu_id_gpr_gated_reg_16/reg_clk,0,0.0,0.0,0.0,0.0,,0
x_aq_idu_top/x_aq_idu_id_gpr/x_aq_idu_id_gpr_gated_reg_16/reg_clk_en,0,0.0,0.0,0.0,0.0,,0
x_aq_idu_top/x_aq_idu_id_gpr/x_aq_idu_id_gpr_gated_reg_16/write_en,0,0.0,0.0,0.0,0.0,,0
x_aq_idu_top/x_aq_idu_id_gpr/x_aq_idu_id_gpr_gated_reg_16/x_reg_gated_clk/clk_in,0,0.0,0.0,0.0,0.0,,0
x_aq_idu_top/x_aq_idu_id_gpr/x_aq_idu_id_gpr_gated_reg_16/x_reg_gated_clk/global_en,1,0.00036563071297989033,1.8147199999999999,1.5795382125284625,0.0,0.07606077549910864,1
x_aq_idu_top/x_aq_idu_id_gpr/x_aq_idu_id_gpr_gated_reg_16/x_reg_gated_clk/module_en,0,0.0,0.0,0.0,0.0,,0
x_aq_idu_top/x_aq_idu_id_gpr/x_aq_idu_id_gpr_gated_reg_16/x_reg_gated_clk/local_en,0,0.0,0.0,0.0,0.0,,0
x_aq_idu_top/x_aq_idu_id_gpr/x_aq_idu_id_gpr_gated_reg_16/x_reg_gated_clk/external_en,0,0.0,0.0,0.0,0.0,,0
x_aq_idu_top/x_aq_idu_id_gpr/x_aq_idu_id_gpr_gated_reg_16/x_reg_gated_clk/pad_yy_icg_scan_en,0,0.0,0.0,0.0,0.0,,0
x_aq_idu_top/x_aq_idu_id_gpr/x_aq_idu_id_gpr_gated_reg_16/x_reg_gated_clk/clk_out,0,0.0,0.0,0.0,0.0,,0
x_aq_idu_top/x_aq_idu_id_gpr/x_aq_idu_id_gpr_gated_reg_16/x_reg_gated_clk/clk_en_bf_latch,0,0.0,0.0,0.0,0.0,,0
x_aq_idu_top/x_aq_idu_id_gpr/x_aq_idu_id_gpr_gated_reg_16/x_reg_gated_clk/SE,0,0.0,0.0,0.0,0.0,,0
x_aq_idu_top/x_aq_idu_id_gpr/x_aq_idu_id_gpr_gated_reg_17/cp0_idu_icg_en,0,0.0,0.0,0.0,0.0,,0
x_aq_idu_top/x_aq_idu_id_gpr/x_aq_idu_id_gpr_gated_reg_17/cp0_yy_clk_en,1,0.00036563071297989033,1.8147199999999999,1.5795382125284625,0.0,0.07606077549910864,1
x_aq_idu_top/x_aq_idu_id_gpr/x_aq_idu_id_gpr_gated_reg_17/forever_cpuclk,0,0.0,0.0,0.0,0.0,,0
x_aq_idu_top/x_aq_idu_id_gpr/x_aq_idu_id_gpr_gated_reg_17/pad_yy_icg_scan_en,0,0.0,0.0,0.0,0.0,,0
x_aq_idu_top/x_aq_idu_id_gpr/x_aq_idu_id_gpr_gated_reg_17/read_data_y[63:0],0,0.0,0.0,0.0,0.0,,0
x_aq_idu_top/x_aq_idu_id_gpr/x_aq_idu_id_gpr_gated_reg_17/rtu_idu_wb0_data[63:0],81,0.029616087751371114,1.6929382716049381,1.4735389985517815,0.2962962962962963,0.07305960444861338,18
x_aq_idu_top/x_aq_idu_id_gpr/x_aq_idu_id_gpr_gated_reg_17/rtu_idu_wb1_data[63:0],0,0.0,0.0,0.0,0.0,,0
x_aq_idu_top/x_aq_idu_id_gpr/x_aq_idu_id_gpr_gated_reg_17/wb0_vld_x,0,0.0,0.0,0.0,0.0,,0
x_aq_idu_top/x_aq_idu_id_gpr/x_aq_idu_id_gpr_gated_reg_17/wb1_vld_x,0,0.0,0.0,0.0,0.0,,0
x_aq_idu_top/x_aq_idu_id_gpr/x_aq_idu_id_gpr_gated_reg_17/reg_clk,0,0.0,0.0,0.0,0.0,,0
x_aq_idu_top/x_aq_idu_id_gpr/x_aq_idu_id_gpr_gated_reg_17/reg_clk_en,0,0.0,0.0,0.0,0.0,,0
x_aq_idu_top/x_aq_idu_id_gpr/x_aq_idu_id_gpr_gated_reg_17/write_en,0,0.0,0.0,0.0,0.0,,0
x_aq_idu_top/x_aq_idu_id_gpr/x_aq_idu_id_gpr_gated_reg_17/x_reg_gated_clk/clk_in,0,0.0,0.0,0.0,0.0,,0
x_aq_idu_top/x_aq_idu_id_gpr/x_aq_idu_id_gpr_gated_reg_17/x_reg_gated_clk/global_en,1,0.00036563071297989033,1.8147199999999999,1.5795382125284625,0.0,0.07606077549910864,1
x_aq_idu_top/x_aq_idu_id_gpr/x_aq_idu_id_gpr_gated_reg_17/x_reg_gated_clk/module_en,0,0.0,0.0,0.0,0.0,,0
x_aq_idu_top/x_aq_idu_id_gpr/x_aq_idu_id_gpr_gated_reg_17/x_reg_gated_clk/local_en,0,0.0,0.0,0.0,0.0,,0
x_aq_idu_top/x_aq_idu_id_gpr/x_aq_idu_id_gpr_gated_reg_17/x_reg_gated_clk/external_en,0,0.0,0.0,0.0,0.0,,0
x_aq_idu_top/x_aq_idu_id_gpr/x_aq_idu_id_gpr_gated_reg_17/x_reg_gated_clk/pad_yy_icg_scan_en,0,0.0,0.0,0.0,0.0,,0
x_aq_idu_top/x_aq_idu_id_gpr/x_aq_idu_id_gpr_gated_reg_17/x_reg_gated_clk/clk_out,0,0.0,0.0,0.0,0.0,,0
x_aq_idu_top/x_aq_idu_id_gpr/x_aq_idu_id_gpr_gated_reg_17/x_reg_gated_clk/clk_en_bf_latch,0,0.0,0.0,0.0,0.0,,0
x_aq_idu_top/x_aq_idu_id_gpr/x_aq_idu_id_gpr_gated_reg_17/x_reg_gated_clk/SE,0,0.0,0.0,0.0,0.0,,0
x_aq_idu_top/x_aq_idu_id_gpr/x_aq_idu_id_gpr_gated_reg_18/cp0_idu_icg_en,0,0.0,0.0,0.0,0.0,,0
x_aq_idu_top/x_aq_idu_id_gpr/x_aq_idu_id_gpr_gated_reg_18/cp0_yy_clk_en,1,0.00036563071297989033,1.8147199999999999,1.5795382125284625,0.0,0.07606077549910864,1
x_aq_idu_top/x_aq_idu_id_gpr/x_aq_idu_id_gpr_gated_reg_18/forever_cpuclk,0,0.0,0.0,0.0,0.0,,0
x_aq_idu_top/x_aq_idu_id_gpr/x_aq_idu_id_gpr_gated_reg_18/pad_yy_icg_scan_en,0,0.0,0.0,0.0,0.0,,0
x_aq_idu_top/x_aq_idu_id_gpr/x_aq_idu_id_gpr_gated_reg_18/read_data_y[63:0],0,0.0,0.0,0.0,0.0,,0
x_aq_idu_top/x_aq_idu_id_gpr/x_aq_idu_id_gpr_gated_reg_18/rtu_idu_wb0_data[63:0],81,0.029616087751371114,1.6929382716049381,1.4735389985517815,0.2962962962962963,0.07305960444861338,18
x_aq_idu_top/x_aq_idu_id_gpr/x_aq_idu_id_gpr_gated_reg_18/rtu_idu_wb1_data[63:0],0,0.0,0.0,0.0,0.0,,0
x_aq_idu_top/x_aq_idu_id_gpr/x_aq_idu_id_gpr_gated_reg_18/wb0_vld_x,0,0.0,0.0,0.0,0.0,,0
x_aq_idu_top/x_aq_idu_id_gpr/x_aq_idu_id_gpr_gated_reg_18/wb1_vld_x,0,0.0,0.0,0.0,0.0,,0
x_aq_idu_top/x_aq_idu_id_gpr/x_aq_idu_id_gpr_gated_reg_18/reg_clk,0,0.0,0.0,0.0,0.0,,0
x_aq_idu_top/x_aq_idu_id_gpr/x_aq_idu_id_gpr_gated_reg_18/reg_clk_en,0,0.0,0.0,0.0,0.0,,0
x_aq_idu_top/x_aq_idu_id_gpr/x_aq_idu_id_gpr_gated_reg_18/write_en,0,0.0,0.0,0.0,0.0,,0
x_aq_idu_top/x_aq_idu_id_gpr/x_aq_idu_id_gpr_gated_reg_18/x_reg_gated_clk/clk_in,0,0.0,0.0,0.0,0.0,,0
x_aq_idu_top/x_aq_idu_id_gpr/x_aq_idu_id_gpr_gated_reg_18/x_reg_gated_clk/global_en,1,0.00036563071297989033,1.8147199999999999,1.5795382125284625,0.0,0.07606077549910864,1
x_aq_idu_top/x_aq_idu_id_gpr/x_aq_idu_id_gpr_gated_reg_18/x_reg_gated_clk/module_en,0,0.0,0.0,0.0,0.0,,0
x_aq_idu_top/x_aq_idu_id_gpr/x_aq_idu_id_gpr_gated_reg_18/x_reg_gated_clk/local_en,0,0.0,0.0,0.0,0.0,,0
x_aq_idu_top/x_aq_idu_id_gpr/x_aq_idu_id_gpr_gated_reg_18/x_reg_gated_clk/external_en,0,0.0,0.0,0.0,0.0,,0
x_aq_idu_top/x_aq_idu_id_gpr/x_aq_idu_id_gpr_gated_reg_18/x_reg_gated_clk/pad_yy_icg_scan_en,0,0.0,0.0,0.0,0.0,,0
x_aq_idu_top/x_aq_idu_id_gpr/x_aq_idu_id_gpr_gated_reg_18/x_reg_gated_clk/clk_out,0,0.0,0.0,0.0,0.0,,0
x_aq_idu_top/x_aq_idu_id_gpr/x_aq_idu_id_gpr_gated_reg_18/x_reg_gated_clk/clk_en_bf_latch,0,0.0,0.0,0.0,0.0,,0
x_aq_idu_top/x_aq_idu_id_gpr/x_aq_idu_id_gpr_gated_reg_18/x_reg_gated_clk/SE,0,0.0,0.0,0.0,0.0,,0
x_aq_idu_top/x_aq_idu_id_gpr/x_aq_idu_id_gpr_gated_reg_19/cp0_idu_icg_en,0,0.0,0.0,0.0,0.0,,0
x_aq_idu_top/x_aq_idu_id_gpr/x_aq_idu_id_gpr_gated_reg_19/cp0_yy_clk_en,1,0.00036563071297989033,1.8147199999999999,1.5795382125284625,0.0,0.07606077549910864,1
x_aq_idu_top/x_aq_idu_id_gpr/x_aq_idu_id_gpr_gated_reg_19/forever_cpuclk,0,0.0,0.0,0.0,0.0,,0
x_aq_idu_top/x_aq_idu_id_gpr/x_aq_idu_id_gpr_gated_reg_19/pad_yy_icg_scan_en,0,0.0,0.0,0.0,0.0,,0
x_aq_idu_top/x_aq_idu_id_gpr/x_aq_idu_id_gpr_gated_reg_19/read_data_y[63:0],0,0.0,0.0,0.0,0.0,,0
x_aq_idu_top/x_aq_idu_id_gpr/x_aq_idu_id_gpr_gated_reg_19/rtu_idu_wb0_data[63:0],81,0.029616087751371114,1.6929382716049381,1.4735389985517815,0.2962962962962963,0.07305960444861338,18
x_aq_idu_top/x_aq_idu_id_gpr/x_aq_idu_id_gpr_gated_reg_19/rtu_idu_wb1_data[63:0],0,0.0,0.0,0.0,0.0,,0
x_aq_idu_top/x_aq_idu_id_gpr/x_aq_idu_id_gpr_gated_reg_19/wb0_vld_x,0,0.0,0.0,0.0,0.0,,0
x_aq_idu_top/x_aq_idu_id_gpr/x_aq_idu_id_gpr_gated_reg_19/wb1_vld_x,0,0.0,0.0,0.0,0.0,,0
x_aq_idu_top/x_aq_idu_id_gpr/x_aq_idu_id_gpr_gated_reg_19/reg_clk,0,0.0,0.0,0.0,0.0,,0
x_aq_idu_top/x_aq_idu_id_gpr/x_aq_idu_id_gpr_gated_reg_19/reg_clk_en,0,0.0,0.0,0.0,0.0,,0
x_aq_idu_top/x_aq_idu_id_gpr/x_aq_idu_id_gpr_gated_reg_19/write_en,0,0.0,0.0,0.0,0.0,,0
x_aq_idu_top/x_aq_idu_id_gpr/x_aq_idu_id_gpr_gated_reg_19/x_reg_gated_clk/clk_in,0,0.0,0.0,0.0,0.0,,0
x_aq_idu_top/x_aq_idu_id_gpr/x_aq_idu_id_gpr_gated_reg_19/x_reg_gated_clk/global_en,1,0.00036563071297989033,1.8147199999999999,1.5795382125284625,0.0,0.07606077549910864,1
x_aq_idu_top/x_aq_idu_id_gpr/x_aq_idu_id_gpr_gated_reg_19/x_reg_gated_clk/module_en,0,0.0,0.0,0.0,0.0,,0
x_aq_idu_top/x_aq_idu_id_gpr/x_aq_idu_id_gpr_gated_reg_19/x_reg_gated_clk/local_en,0,0.0,0.0,0.0,0.0,,0
x_aq_idu_top/x_aq_idu_id_gpr/x_aq_idu_id_gpr_gated_reg_19/x_reg_gated_clk/external_en,0,0.0,0.0,0.0,0.0,,0
x_aq_idu_top/x_aq_idu_id_gpr/x_aq_idu_id_gpr_gated_reg_19/x_reg_gated_clk/pad_yy_icg_scan_en,0,0.0,0.0,0.0,0.0,,0
x_aq_idu_top/x_aq_idu_id_gpr/x_aq_idu_id_gpr_gated_reg_19/x_reg_gated_clk/clk_out,0,0.0,0.0,0.0,0.0,,0
x_aq_idu_top/x_aq_idu_id_gpr/x_aq_idu_id_gpr_gated_reg_19/x_reg_gated_clk/clk_en_bf_latch,0,0.0,0.0,0.0,0.0,,0
x_aq_idu_top/x_aq_idu_id_gpr/x_aq_idu_id_gpr_gated_reg_19/x_reg_gated_clk/SE,0,0.0,0.0,0.0,0.0,,0
x_aq_idu_top/x_aq_idu_id_gpr/x_aq_idu_id_gpr_gated_reg_20/cp0_idu_icg_en,0,0.0,0.0,0.0,0.0,,0
x_aq_idu_top/x_aq_idu_id_gpr/x_aq_idu_id_gpr_gated_reg_20/cp0_yy_clk_en,1,0.00036563071297989033,1.8147199999999999,1.5795382125284625,0.0,0.07606077549910864,1
x_aq_idu_top/x_aq_idu_id_gpr/x_aq_idu_id_gpr_gated_reg_20/forever_cpuclk,0,0.0,0.0,0.0,0.0,,0
x_aq_idu_top/x_aq_idu_id_gpr/x_aq_idu_id_gpr_gated_reg_20/pad_yy_icg_scan_en,0,0.0,0.0,0.0,0.0,,0
x_aq_idu_top/x_aq_idu_id_gpr/x_aq_idu_id_gpr_gated_reg_20/read_data_y[63:0],0,0.0,0.0,0.0,0.0,,0
x_aq_idu_top/x_aq_idu_id_gpr/x_aq_idu_id_gpr_gated_reg_20/rtu_idu_wb0_data[63:0],81,0.029616087751371114,1.6929382716049381,1.4735389985517815,0.2962962962962963,0.07305960444861338,18
x_aq_idu_top/x_aq_idu_id_gpr/x_aq_idu_id_gpr_gated_reg_20/rtu_idu_wb1_data[63:0],0,0.0,0.0,0.0,0.0,,0
x_aq_idu_top/x_aq_idu_id_gpr/x_aq_idu_id_gpr_gated_reg_20/wb0_vld_x,0,0.0,0.0,0.0,0.0,,0
x_aq_idu_top/x_aq_idu_id_gpr/x_aq_idu_id_gpr_gated_reg_20/wb1_vld_x,0,0.0,0.0,0.0,0.0,,0
x_aq_idu_top/x_aq_idu_id_gpr/x_aq_idu_id_gpr_gated_reg_20/reg_clk,0,0.0,0.0,0.0,0.0,,0
x_aq_idu_top/x_aq_idu_id_gpr/x_aq_idu_id_gpr_gated_reg_20/reg_clk_en,0,0.0,0.0,0.0,0.0,,0
x_aq_idu_top/x_aq_idu_id_gpr/x_aq_idu_id_gpr_gated_reg_20/write_en,0,0.0,0.0,0.0,0.0,,0
x_aq_idu_top/x_aq_idu_id_gpr/x_aq_idu_id_gpr_gated_reg_20/x_reg_gated_clk/clk_in,0,0.0,0.0,0.0,0.0,,0
x_aq_idu_top/x_aq_idu_id_gpr/x_aq_idu_id_gpr_gated_reg_20/x_reg_gated_clk/global_en,1,0.00036563071297989033,1.8147199999999999,1.5795382125284625,0.0,0.07606077549910864,1
x_aq_idu_top/x_aq_idu_id_gpr/x_aq_idu_id_gpr_gated_reg_20/x_reg_gated_clk/module_en,0,0.0,0.0,0.0,0.0,,0
x_aq_idu_top/x_aq_idu_id_gpr/x_aq_idu_id_gpr_gated_reg_20/x_reg_gated_clk/local_en,0,0.0,0.0,0.0,0.0,,0
x_aq_idu_top/x_aq_idu_id_gpr/x_aq_idu_id_gpr_gated_reg_20/x_reg_gated_clk/external_en,0,0.0,0.0,0.0,0.0,,0
x_aq_idu_top/x_aq_idu_id_gpr/x_aq_idu_id_gpr_gated_reg_20/x_reg_gated_clk/pad_yy_icg_scan_en,0,0.0,0.0,0.0,0.0,,0
x_aq_idu_top/x_aq_idu_id_gpr/x_aq_idu_id_gpr_gated_reg_20/x_reg_gated_clk/clk_out,0,0.0,0.0,0.0,0.0,,0
x_aq_idu_top/x_aq_idu_id_gpr/x_aq_idu_id_gpr_gated_reg_20/x_reg_gated_clk/clk_en_bf_latch,0,0.0,0.0,0.0,0.0,,0
x_aq_idu_top/x_aq_idu_id_gpr/x_aq_idu_id_gpr_gated_reg_20/x_reg_gated_clk/SE,0,0.0,0.0,0.0,0.0,,0
x_aq_idu_top/x_aq_idu_id_gpr/x_aq_idu_id_gpr_gated_reg_21/cp0_idu_icg_en,0,0.0,0.0,0.0,0.0,,0
x_aq_idu_top/x_aq_idu_id_gpr/x_aq_idu_id_gpr_gated_reg_21/cp0_yy_clk_en,1,0.00036563071297989033,1.8147199999999999,1.5795382125284625,0.0,0.07606077549910864,1
x_aq_idu_top/x_aq_idu_id_gpr/x_aq_idu_id_gpr_gated_reg_21/forever_cpuclk,0,0.0,0.0,0.0,0.0,,0
x_aq_idu_top/x_aq_idu_id_gpr/x_aq_idu_id_gpr_gated_reg_21/pad_yy_icg_scan_en,0,0.0,0.0,0.0,0.0,,0
x_aq_idu_top/x_aq_idu_id_gpr/x_aq_idu_id_gpr_gated_reg_21/read_data_y[63:0],0,0.0,0.0,0.0,0.0,,0
x_aq_idu_top/x_aq_idu_id_gpr/x_aq_idu_id_gpr_gated_reg_21/rtu_idu_wb0_data[63:0],81,0.029616087751371114,1.6929382716049381,1.4735389985517815,0.2962962962962963,0.07305960444861338,18
x_aq_idu_top/x_aq_idu_id_gpr/x_aq_idu_id_gpr_gated_reg_21/rtu_idu_wb1_data[63:0],0,0.0,0.0,0.0,0.0,,0
x_aq_idu_top/x_aq_idu_id_gpr/x_aq_idu_id_gpr_gated_reg_21/wb0_vld_x,0,0.0,0.0,0.0,0.0,,0
x_aq_idu_top/x_aq_idu_id_gpr/x_aq_idu_id_gpr_gated_reg_21/wb1_vld_x,0,0.0,0.0,0.0,0.0,,0
x_aq_idu_top/x_aq_idu_id_gpr/x_aq_idu_id_gpr_gated_reg_21/reg_clk,0,0.0,0.0,0.0,0.0,,0
x_aq_idu_top/x_aq_idu_id_gpr/x_aq_idu_id_gpr_gated_reg_21/reg_clk_en,0,0.0,0.0,0.0,0.0,,0
x_aq_idu_top/x_aq_idu_id_gpr/x_aq_idu_id_gpr_gated_reg_21/write_en,0,0.0,0.0,0.0,0.0,,0
x_aq_idu_top/x_aq_idu_id_gpr/x_aq_idu_id_gpr_gated_reg_21/x_reg_gated_clk/clk_in,0,0.0,0.0,0.0,0.0,,0
x_aq_idu_top/x_aq_idu_id_gpr/x_aq_idu_id_gpr_gated_reg_21/x_reg_gated_clk/global_en,1,0.00036563071297989033,1.8147199999999999,1.5795382125284625,0.0,0.07606077549910864,1
x_aq_idu_top/x_aq_idu_id_gpr/x_aq_idu_id_gpr_gated_reg_21/x_reg_gated_clk/module_en,0,0.0,0.0,0.0,0.0,,0
x_aq_idu_top/x_aq_idu_id_gpr/x_aq_idu_id_gpr_gated_reg_21/x_reg_gated_clk/local_en,0,0.0,0.0,0.0,0.0,,0
x_aq_idu_top/x_aq_idu_id_gpr/x_aq_idu_id_gpr_gated_reg_21/x_reg_gated_clk/external_en,0,0.0,0.0,0.0,0.0,,0
x_aq_idu_top/x_aq_idu_id_gpr/x_aq_idu_id_gpr_gated_reg_21/x_reg_gated_clk/pad_yy_icg_scan_en,0,0.0,0.0,0.0,0.0,,0
x_aq_idu_top/x_aq_idu_id_gpr/x_aq_idu_id_gpr_gated_reg_21/x_reg_gated_clk/clk_out,0,0.0,0.0,0.0,0.0,,0
x_aq_idu_top/x_aq_idu_id_gpr/x_aq_idu_id_gpr_gated_reg_21/x_reg_gated_clk/clk_en_bf_latch,0,0.0,0.0,0.0,0.0,,0
x_aq_idu_top/x_aq_idu_id_gpr/x_aq_idu_id_gpr_gated_reg_21/x_reg_gated_clk/SE,0,0.0,0.0,0.0,0.0,,0
x_aq_idu_top/x_aq_idu_id_gpr/x_aq_idu_id_gpr_gated_reg_22/cp0_idu_icg_en,0,0.0,0.0,0.0,0.0,,0
x_aq_idu_top/x_aq_idu_id_gpr/x_aq_idu_id_gpr_gated_reg_22/cp0_yy_clk_en,1,0.00036563071297989033,1.8147199999999999,1.5795382125284625,0.0,0.07606077549910864,1
x_aq_idu_top/x_aq_idu_id_gpr/x_aq_idu_id_gpr_gated_reg_22/forever_cpuclk,0,0.0,0.0,0.0,0.0,,0
x_aq_idu_top/x_aq_idu_id_gpr/x_aq_idu_id_gpr_gated_reg_22/pad_yy_icg_scan_en,0,0.0,0.0,0.0,0.0,,0
x_aq_idu_top/x_aq_idu_id_gpr/x_aq_idu_id_gpr_gated_reg_22/read_data_y[63:0],0,0.0,0.0,0.0,0.0,,0
x_aq_idu_top/x_aq_idu_id_gpr/x_aq_idu_id_gpr_gated_reg_22/rtu_idu_wb0_data[63:0],81,0.029616087751371114,1.6929382716049381,1.4735389985517815,0.2962962962962963,0.07305960444861338,18
x_aq_idu_top/x_aq_idu_id_gpr/x_aq_idu_id_gpr_gated_reg_22/rtu_idu_wb1_data[63:0],0,0.0,0.0,0.0,0.0,,0
x_aq_idu_top/x_aq_idu_id_gpr/x_aq_idu_id_gpr_gated_reg_22/wb0_vld_x,0,0.0,0.0,0.0,0.0,,0
x_aq_idu_top/x_aq_idu_id_gpr/x_aq_idu_id_gpr_gated_reg_22/wb1_vld_x,0,0.0,0.0,0.0,0.0,,0
x_aq_idu_top/x_aq_idu_id_gpr/x_aq_idu_id_gpr_gated_reg_22/reg_clk,0,0.0,0.0,0.0,0.0,,0
x_aq_idu_top/x_aq_idu_id_gpr/x_aq_idu_id_gpr_gated_reg_22/reg_clk_en,0,0.0,0.0,0.0,0.0,,0
x_aq_idu_top/x_aq_idu_id_gpr/x_aq_idu_id_gpr_gated_reg_22/write_en,0,0.0,0.0,0.0,0.0,,0
x_aq_idu_top/x_aq_idu_id_gpr/x_aq_idu_id_gpr_gated_reg_22/x_reg_gated_clk/clk_in,0,0.0,0.0,0.0,0.0,,0
x_aq_idu_top/x_aq_idu_id_gpr/x_aq_idu_id_gpr_gated_reg_22/x_reg_gated_clk/global_en,1,0.00036563071297989033,1.8147199999999999,1.5795382125284625,0.0,0.07606077549910864,1
x_aq_idu_top/x_aq_idu_id_gpr/x_aq_idu_id_gpr_gated_reg_22/x_reg_gated_clk/module_en,0,0.0,0.0,0.0,0.0,,0
x_aq_idu_top/x_aq_idu_id_gpr/x_aq_idu_id_gpr_gated_reg_22/x_reg_gated_clk/local_en,0,0.0,0.0,0.0,0.0,,0
x_aq_idu_top/x_aq_idu_id_gpr/x_aq_idu_id_gpr_gated_reg_22/x_reg_gated_clk/external_en,0,0.0,0.0,0.0,0.0,,0
x_aq_idu_top/x_aq_idu_id_gpr/x_aq_idu_id_gpr_gated_reg_22/x_reg_gated_clk/pad_yy_icg_scan_en,0,0.0,0.0,0.0,0.0,,0
x_aq_idu_top/x_aq_idu_id_gpr/x_aq_idu_id_gpr_gated_reg_22/x_reg_gated_clk/clk_out,0,0.0,0.0,0.0,0.0,,0
x_aq_idu_top/x_aq_idu_id_gpr/x_aq_idu_id_gpr_gated_reg_22/x_reg_gated_clk/clk_en_bf_latch,0,0.0,0.0,0.0,0.0,,0
x_aq_idu_top/x_aq_idu_id_gpr/x_aq_idu_id_gpr_gated_reg_22/x_reg_gated_clk/SE,0,0.0,0.0,0.0,0.0,,0
x_aq_idu_top/x_aq_idu_id_gpr/x_aq_idu_id_gpr_gated_reg_23/cp0_idu_icg_en,0,0.0,0.0,0.0,0.0,,0
x_aq_idu_top/x_aq_idu_id_gpr/x_aq_idu_id_gpr_gated_reg_23/cp0_yy_clk_en,1,0.00036563071297989033,1.8147199999999999,1.5795382125284625,0.0,0.07606077549910864,1
x_aq_idu_top/x_aq_idu_id_gpr/x_aq_idu_id_gpr_gated_reg_23/forever_cpuclk,0,0.0,0.0,0.0,0.0,,0
x_aq_idu_top/x_aq_idu_id_gpr/x_aq_idu_id_gpr_gated_reg_23/pad_yy_icg_scan_en,0,0.0,0.0,0.0,0.0,,0
x_aq_idu_top/x_aq_idu_id_gpr/x_aq_idu_id_gpr_gated_reg_23/read_data_y[63:0],0,0.0,0.0,0.0,0.0,,0
x_aq_idu_top/x_aq_idu_id_gpr/x_aq_idu_id_gpr_gated_reg_23/rtu_idu_wb0_data[63:0],81,0.029616087751371114,1.6929382716049381,1.4735389985517815,0.2962962962962963,0.07305960444861338,18
x_aq_idu_top/x_aq_idu_id_gpr/x_aq_idu_id_gpr_gated_reg_23/rtu_idu_wb1_data[63:0],0,0.0,0.0,0.0,0.0,,0
x_aq_idu_top/x_aq_idu_id_gpr/x_aq_idu_id_gpr_gated_reg_23/wb0_vld_x,0,0.0,0.0,0.0,0.0,,0
x_aq_idu_top/x_aq_idu_id_gpr/x_aq_idu_id_gpr_gated_reg_23/wb1_vld_x,0,0.0,0.0,0.0,0.0,,0
x_aq_idu_top/x_aq_idu_id_gpr/x_aq_idu_id_gpr_gated_reg_23/reg_clk,0,0.0,0.0,0.0,0.0,,0
x_aq_idu_top/x_aq_idu_id_gpr/x_aq_idu_id_gpr_gated_reg_23/reg_clk_en,0,0.0,0.0,0.0,0.0,,0
x_aq_idu_top/x_aq_idu_id_gpr/x_aq_idu_id_gpr_gated_reg_23/write_en,0,0.0,0.0,0.0,0.0,,0
x_aq_idu_top/x_aq_idu_id_gpr/x_aq_idu_id_gpr_gated_reg_23/x_reg_gated_clk/clk_in,0,0.0,0.0,0.0,0.0,,0
x_aq_idu_top/x_aq_idu_id_gpr/x_aq_idu_id_gpr_gated_reg_23/x_reg_gated_clk/global_en,1,0.00036563071297989033,1.8147199999999999,1.5795382125284625,0.0,0.07606077549910864,1
x_aq_idu_top/x_aq_idu_id_gpr/x_aq_idu_id_gpr_gated_reg_23/x_reg_gated_clk/module_en,0,0.0,0.0,0.0,0.0,,0
x_aq_idu_top/x_aq_idu_id_gpr/x_aq_idu_id_gpr_gated_reg_23/x_reg_gated_clk/local_en,0,0.0,0.0,0.0,0.0,,0
x_aq_idu_top/x_aq_idu_id_gpr/x_aq_idu_id_gpr_gated_reg_23/x_reg_gated_clk/external_en,0,0.0,0.0,0.0,0.0,,0
x_aq_idu_top/x_aq_idu_id_gpr/x_aq_idu_id_gpr_gated_reg_23/x_reg_gated_clk/pad_yy_icg_scan_en,0,0.0,0.0,0.0,0.0,,0
x_aq_idu_top/x_aq_idu_id_gpr/x_aq_idu_id_gpr_gated_reg_23/x_reg_gated_clk/clk_out,0,0.0,0.0,0.0,0.0,,0
x_aq_idu_top/x_aq_idu_id_gpr/x_aq_idu_id_gpr_gated_reg_23/x_reg_gated_clk/clk_en_bf_latch,0,0.0,0.0,0.0,0.0,,0
x_aq_idu_top/x_aq_idu_id_gpr/x_aq_idu_id_gpr_gated_reg_23/x_reg_gated_clk/SE,0,0.0,0.0,0.0,0.0,,0
x_aq_idu_top/x_aq_idu_id_gpr/x_aq_idu_id_gpr_gated_reg_24/cp0_idu_icg_en,0,0.0,0.0,0.0,0.0,,0
x_aq_idu_top/x_aq_idu_id_gpr/x_aq_idu_id_gpr_gated_reg_24/cp0_yy_clk_en,1,0.00036563071297989033,1.8147199999999999,1.5795382125284625,0.0,0.07606077549910864,1
x_aq_idu_top/x_aq_idu_id_gpr/x_aq_idu_id_gpr_gated_reg_24/forever_cpuclk,0,0.0,0.0,0.0,0.0,,0
x_aq_idu_top/x_aq_idu_id_gpr/x_aq_idu_id_gpr_gated_reg_24/pad_yy_icg_scan_en,0,0.0,0.0,0.0,0.0,,0
x_aq_idu_top/x_aq_idu_id_gpr/x_aq_idu_id_gpr_gated_reg_24/read_data_y[63:0],0,0.0,0.0,0.0,0.0,,0
x_aq_idu_top/x_aq_idu_id_gpr/x_aq_idu_id_gpr_gated_reg_24/rtu_idu_wb0_data[63:0],81,0.029616087751371114,1.6929382716049381,1.4735389985517815,0.2962962962962963,0.07305960444861338,18
x_aq_idu_top/x_aq_idu_id_gpr/x_aq_idu_id_gpr_gated_reg_24/rtu_idu_wb1_data[63:0],0,0.0,0.0,0.0,0.0,,0
x_aq_idu_top/x_aq_idu_id_gpr/x_aq_idu_id_gpr_gated_reg_24/wb0_vld_x,0,0.0,0.0,0.0,0.0,,0
x_aq_idu_top/x_aq_idu_id_gpr/x_aq_idu_id_gpr_gated_reg_24/wb1_vld_x,0,0.0,0.0,0.0,0.0,,0
x_aq_idu_top/x_aq_idu_id_gpr/x_aq_idu_id_gpr_gated_reg_24/reg_clk,0,0.0,0.0,0.0,0.0,,0
x_aq_idu_top/x_aq_idu_id_gpr/x_aq_idu_id_gpr_gated_reg_24/reg_clk_en,0,0.0,0.0,0.0,0.0,,0
x_aq_idu_top/x_aq_idu_id_gpr/x_aq_idu_id_gpr_gated_reg_24/write_en,0,0.0,0.0,0.0,0.0,,0
x_aq_idu_top/x_aq_idu_id_gpr/x_aq_idu_id_gpr_gated_reg_24/x_reg_gated_clk/clk_in,0,0.0,0.0,0.0,0.0,,0
x_aq_idu_top/x_aq_idu_id_gpr/x_aq_idu_id_gpr_gated_reg_24/x_reg_gated_clk/global_en,1,0.00036563071297989033,1.8147199999999999,1.5795382125284625,0.0,0.07606077549910864,1
x_aq_idu_top/x_aq_idu_id_gpr/x_aq_idu_id_gpr_gated_reg_24/x_reg_gated_clk/module_en,0,0.0,0.0,0.0,0.0,,0
x_aq_idu_top/x_aq_idu_id_gpr/x_aq_idu_id_gpr_gated_reg_24/x_reg_gated_clk/local_en,0,0.0,0.0,0.0,0.0,,0
x_aq_idu_top/x_aq_idu_id_gpr/x_aq_idu_id_gpr_gated_reg_24/x_reg_gated_clk/external_en,0,0.0,0.0,0.0,0.0,,0
x_aq_idu_top/x_aq_idu_id_gpr/x_aq_idu_id_gpr_gated_reg_24/x_reg_gated_clk/pad_yy_icg_scan_en,0,0.0,0.0,0.0,0.0,,0
x_aq_idu_top/x_aq_idu_id_gpr/x_aq_idu_id_gpr_gated_reg_24/x_reg_gated_clk/clk_out,0,0.0,0.0,0.0,0.0,,0
x_aq_idu_top/x_aq_idu_id_gpr/x_aq_idu_id_gpr_gated_reg_24/x_reg_gated_clk/clk_en_bf_latch,0,0.0,0.0,0.0,0.0,,0
x_aq_idu_top/x_aq_idu_id_gpr/x_aq_idu_id_gpr_gated_reg_24/x_reg_gated_clk/SE,0,0.0,0.0,0.0,0.0,,0
x_aq_idu_top/x_aq_idu_id_gpr/x_aq_idu_id_gpr_gated_reg_25/cp0_idu_icg_en,0,0.0,0.0,0.0,0.0,,0
x_aq_idu_top/x_aq_idu_id_gpr/x_aq_idu_id_gpr_gated_reg_25/cp0_yy_clk_en,1,0.00036563071297989033,1.8147199999999999,1.5795382125284625,0.0,0.07606077549910864,1
x_aq_idu_top/x_aq_idu_id_gpr/x_aq_idu_id_gpr_gated_reg_25/forever_cpuclk,0,0.0,0.0,0.0,0.0,,0
x_aq_idu_top/x_aq_idu_id_gpr/x_aq_idu_id_gpr_gated_reg_25/pad_yy_icg_scan_en,0,0.0,0.0,0.0,0.0,,0
x_aq_idu_top/x_aq_idu_id_gpr/x_aq_idu_id_gpr_gated_reg_25/read_data_y[63:0],0,0.0,0.0,0.0,0.0,,0
x_aq_idu_top/x_aq_idu_id_gpr/x_aq_idu_id_gpr_gated_reg_25/rtu_idu_wb0_data[63:0],81,0.029616087751371114,1.6929382716049381,1.4735389985517815,0.2962962962962963,0.07305960444861338,18
x_aq_idu_top/x_aq_idu_id_gpr/x_aq_idu_id_gpr_gated_reg_25/rtu_idu_wb1_data[63:0],0,0.0,0.0,0.0,0.0,,0
x_aq_idu_top/x_aq_idu_id_gpr/x_aq_idu_id_gpr_gated_reg_25/wb0_vld_x,0,0.0,0.0,0.0,0.0,,0
x_aq_idu_top/x_aq_idu_id_gpr/x_aq_idu_id_gpr_gated_reg_25/wb1_vld_x,0,0.0,0.0,0.0,0.0,,0
x_aq_idu_top/x_aq_idu_id_gpr/x_aq_idu_id_gpr_gated_reg_25/reg_clk,0,0.0,0.0,0.0,0.0,,0
x_aq_idu_top/x_aq_idu_id_gpr/x_aq_idu_id_gpr_gated_reg_25/reg_clk_en,0,0.0,0.0,0.0,0.0,,0
x_aq_idu_top/x_aq_idu_id_gpr/x_aq_idu_id_gpr_gated_reg_25/write_en,0,0.0,0.0,0.0,0.0,,0
x_aq_idu_top/x_aq_idu_id_gpr/x_aq_idu_id_gpr_gated_reg_25/x_reg_gated_clk/clk_in,0,0.0,0.0,0.0,0.0,,0
x_aq_idu_top/x_aq_idu_id_gpr/x_aq_idu_id_gpr_gated_reg_25/x_reg_gated_clk/global_en,1,0.00036563071297989033,1.8147199999999999,1.5795382125284625,0.0,0.07606077549910864,1
x_aq_idu_top/x_aq_idu_id_gpr/x_aq_idu_id_gpr_gated_reg_25/x_reg_gated_clk/module_en,0,0.0,0.0,0.0,0.0,,0
x_aq_idu_top/x_aq_idu_id_gpr/x_aq_idu_id_gpr_gated_reg_25/x_reg_gated_clk/local_en,0,0.0,0.0,0.0,0.0,,0
x_aq_idu_top/x_aq_idu_id_gpr/x_aq_idu_id_gpr_gated_reg_25/x_reg_gated_clk/external_en,0,0.0,0.0,0.0,0.0,,0
x_aq_idu_top/x_aq_idu_id_gpr/x_aq_idu_id_gpr_gated_reg_25/x_reg_gated_clk/pad_yy_icg_scan_en,0,0.0,0.0,0.0,0.0,,0
x_aq_idu_top/x_aq_idu_id_gpr/x_aq_idu_id_gpr_gated_reg_25/x_reg_gated_clk/clk_out,0,0.0,0.0,0.0,0.0,,0
x_aq_idu_top/x_aq_idu_id_gpr/x_aq_idu_id_gpr_gated_reg_25/x_reg_gated_clk/clk_en_bf_latch,0,0.0,0.0,0.0,0.0,,0
x_aq_idu_top/x_aq_idu_id_gpr/x_aq_idu_id_gpr_gated_reg_25/x_reg_gated_clk/SE,0,0.0,0.0,0.0,0.0,,0
x_aq_idu_top/x_aq_idu_id_gpr/x_aq_idu_id_gpr_gated_reg_26/cp0_idu_icg_en,0,0.0,0.0,0.0,0.0,,0
x_aq_idu_top/x_aq_idu_id_gpr/x_aq_idu_id_gpr_gated_reg_26/cp0_yy_clk_en,1,0.00036563071297989033,1.8147199999999999,1.5795382125284625,0.0,0.07606077549910864,1
x_aq_idu_top/x_aq_idu_id_gpr/x_aq_idu_id_gpr_gated_reg_26/forever_cpuclk,0,0.0,0.0,0.0,0.0,,0
x_aq_idu_top/x_aq_idu_id_gpr/x_aq_idu_id_gpr_gated_reg_26/pad_yy_icg_scan_en,0,0.0,0.0,0.0,0.0,,0
x_aq_idu_top/x_aq_idu_id_gpr/x_aq_idu_id_gpr_gated_reg_26/read_data_y[63:0],0,0.0,0.0,0.0,0.0,,0
x_aq_idu_top/x_aq_idu_id_gpr/x_aq_idu_id_gpr_gated_reg_26/rtu_idu_wb0_data[63:0],81,0.029616087751371114,1.6929382716049381,1.4735389985517815,0.2962962962962963,0.07305960444861338,18
x_aq_idu_top/x_aq_idu_id_gpr/x_aq_idu_id_gpr_gated_reg_26/rtu_idu_wb1_data[63:0],0,0.0,0.0,0.0,0.0,,0
x_aq_idu_top/x_aq_idu_id_gpr/x_aq_idu_id_gpr_gated_reg_26/wb0_vld_x,0,0.0,0.0,0.0,0.0,,0
x_aq_idu_top/x_aq_idu_id_gpr/x_aq_idu_id_gpr_gated_reg_26/wb1_vld_x,0,0.0,0.0,0.0,0.0,,0
x_aq_idu_top/x_aq_idu_id_gpr/x_aq_idu_id_gpr_gated_reg_26/reg_clk,0,0.0,0.0,0.0,0.0,,0
x_aq_idu_top/x_aq_idu_id_gpr/x_aq_idu_id_gpr_gated_reg_26/reg_clk_en,0,0.0,0.0,0.0,0.0,,0
x_aq_idu_top/x_aq_idu_id_gpr/x_aq_idu_id_gpr_gated_reg_26/write_en,0,0.0,0.0,0.0,0.0,,0
x_aq_idu_top/x_aq_idu_id_gpr/x_aq_idu_id_gpr_gated_reg_26/x_reg_gated_clk/clk_in,0,0.0,0.0,0.0,0.0,,0
x_aq_idu_top/x_aq_idu_id_gpr/x_aq_idu_id_gpr_gated_reg_26/x_reg_gated_clk/global_en,1,0.00036563071297989033,1.8147199999999999,1.5795382125284625,0.0,0.07606077549910864,1
x_aq_idu_top/x_aq_idu_id_gpr/x_aq_idu_id_gpr_gated_reg_26/x_reg_gated_clk/module_en,0,0.0,0.0,0.0,0.0,,0
x_aq_idu_top/x_aq_idu_id_gpr/x_aq_idu_id_gpr_gated_reg_26/x_reg_gated_clk/local_en,0,0.0,0.0,0.0,0.0,,0
x_aq_idu_top/x_aq_idu_id_gpr/x_aq_idu_id_gpr_gated_reg_26/x_reg_gated_clk/external_en,0,0.0,0.0,0.0,0.0,,0
x_aq_idu_top/x_aq_idu_id_gpr/x_aq_idu_id_gpr_gated_reg_26/x_reg_gated_clk/pad_yy_icg_scan_en,0,0.0,0.0,0.0,0.0,,0
x_aq_idu_top/x_aq_idu_id_gpr/x_aq_idu_id_gpr_gated_reg_26/x_reg_gated_clk/clk_out,0,0.0,0.0,0.0,0.0,,0
x_aq_idu_top/x_aq_idu_id_gpr/x_aq_idu_id_gpr_gated_reg_26/x_reg_gated_clk/clk_en_bf_latch,0,0.0,0.0,0.0,0.0,,0
x_aq_idu_top/x_aq_idu_id_gpr/x_aq_idu_id_gpr_gated_reg_26/x_reg_gated_clk/SE,0,0.0,0.0,0.0,0.0,,0
x_aq_idu_top/x_aq_idu_id_gpr/x_aq_idu_id_gpr_gated_reg_27/cp0_idu_icg_en,0,0.0,0.0,0.0,0.0,,0
x_aq_idu_top/x_aq_idu_id_gpr/x_aq_idu_id_gpr_gated_reg_27/cp0_yy_clk_en,1,0.00036563071297989033,1.8147199999999999,1.5795382125284625,0.0,0.07606077549910864,1
x_aq_idu_top/x_aq_idu_id_gpr/x_aq_idu_id_gpr_gated_reg_27/forever_cpuclk,0,0.0,0.0,0.0,0.0,,0
x_aq_idu_top/x_aq_idu_id_gpr/x_aq_idu_id_gpr_gated_reg_27/pad_yy_icg_scan_en,0,0.0,0.0,0.0,0.0,,0
x_aq_idu_top/x_aq_idu_id_gpr/x_aq_idu_id_gpr_gated_reg_27/read_data_y[63:0],0,0.0,0.0,0.0,0.0,,0
x_aq_idu_top/x_aq_idu_id_gpr/x_aq_idu_id_gpr_gated_reg_27/rtu_idu_wb0_data[63:0],81,0.029616087751371114,1.6929382716049381,1.4735389985517815,0.2962962962962963,0.07305960444861338,18
x_aq_idu_top/x_aq_idu_id_gpr/x_aq_idu_id_gpr_gated_reg_27/rtu_idu_wb1_data[63:0],0,0.0,0.0,0.0,0.0,,0
x_aq_idu_top/x_aq_idu_id_gpr/x_aq_idu_id_gpr_gated_reg_27/wb0_vld_x,0,0.0,0.0,0.0,0.0,,0
x_aq_idu_top/x_aq_idu_id_gpr/x_aq_idu_id_gpr_gated_reg_27/wb1_vld_x,0,0.0,0.0,0.0,0.0,,0
x_aq_idu_top/x_aq_idu_id_gpr/x_aq_idu_id_gpr_gated_reg_27/reg_clk,0,0.0,0.0,0.0,0.0,,0
x_aq_idu_top/x_aq_idu_id_gpr/x_aq_idu_id_gpr_gated_reg_27/reg_clk_en,0,0.0,0.0,0.0,0.0,,0
x_aq_idu_top/x_aq_idu_id_gpr/x_aq_idu_id_gpr_gated_reg_27/write_en,0,0.0,0.0,0.0,0.0,,0
x_aq_idu_top/x_aq_idu_id_gpr/x_aq_idu_id_gpr_gated_reg_27/x_reg_gated_clk/clk_in,0,0.0,0.0,0.0,0.0,,0
x_aq_idu_top/x_aq_idu_id_gpr/x_aq_idu_id_gpr_gated_reg_27/x_reg_gated_clk/global_en,1,0.00036563071297989033,1.8147199999999999,1.5795382125284625,0.0,0.07606077549910864,1
x_aq_idu_top/x_aq_idu_id_gpr/x_aq_idu_id_gpr_gated_reg_27/x_reg_gated_clk/module_en,0,0.0,0.0,0.0,0.0,,0
x_aq_idu_top/x_aq_idu_id_gpr/x_aq_idu_id_gpr_gated_reg_27/x_reg_gated_clk/local_en,0,0.0,0.0,0.0,0.0,,0
x_aq_idu_top/x_aq_idu_id_gpr/x_aq_idu_id_gpr_gated_reg_27/x_reg_gated_clk/external_en,0,0.0,0.0,0.0,0.0,,0
x_aq_idu_top/x_aq_idu_id_gpr/x_aq_idu_id_gpr_gated_reg_27/x_reg_gated_clk/pad_yy_icg_scan_en,0,0.0,0.0,0.0,0.0,,0
x_aq_idu_top/x_aq_idu_id_gpr/x_aq_idu_id_gpr_gated_reg_27/x_reg_gated_clk/clk_out,0,0.0,0.0,0.0,0.0,,0
x_aq_idu_top/x_aq_idu_id_gpr/x_aq_idu_id_gpr_gated_reg_27/x_reg_gated_clk/clk_en_bf_latch,0,0.0,0.0,0.0,0.0,,0
x_aq_idu_top/x_aq_idu_id_gpr/x_aq_idu_id_gpr_gated_reg_27/x_reg_gated_clk/SE,0,0.0,0.0,0.0,0.0,,0
x_aq_idu_top/x_aq_idu_id_gpr/x_aq_idu_id_gpr_gated_reg_28/cp0_idu_icg_en,0,0.0,0.0,0.0,0.0,,0
x_aq_idu_top/x_aq_idu_id_gpr/x_aq_idu_id_gpr_gated_reg_28/cp0_yy_clk_en,1,0.00036563071297989033,1.8147199999999999,1.5795382125284625,0.0,0.07606077549910864,1
x_aq_idu_top/x_aq_idu_id_gpr/x_aq_idu_id_gpr_gated_reg_28/forever_cpuclk,0,0.0,0.0,0.0,0.0,,0
x_aq_idu_top/x_aq_idu_id_gpr/x_aq_idu_id_gpr_gated_reg_28/pad_yy_icg_scan_en,0,0.0,0.0,0.0,0.0,,0
x_aq_idu_top/x_aq_idu_id_gpr/x_aq_idu_id_gpr_gated_reg_28/read_data_y[63:0],0,0.0,0.0,0.0,0.0,,0
x_aq_idu_top/x_aq_idu_id_gpr/x_aq_idu_id_gpr_gated_reg_28/rtu_idu_wb0_data[63:0],81,0.029616087751371114,1.6929382716049381,1.4735389985517815,0.2962962962962963,0.07305960444861338,18
x_aq_idu_top/x_aq_idu_id_gpr/x_aq_idu_id_gpr_gated_reg_28/rtu_idu_wb1_data[63:0],0,0.0,0.0,0.0,0.0,,0
x_aq_idu_top/x_aq_idu_id_gpr/x_aq_idu_id_gpr_gated_reg_28/wb0_vld_x,0,0.0,0.0,0.0,0.0,,0
x_aq_idu_top/x_aq_idu_id_gpr/x_aq_idu_id_gpr_gated_reg_28/wb1_vld_x,0,0.0,0.0,0.0,0.0,,0
x_aq_idu_top/x_aq_idu_id_gpr/x_aq_idu_id_gpr_gated_reg_28/reg_clk,0,0.0,0.0,0.0,0.0,,0
x_aq_idu_top/x_aq_idu_id_gpr/x_aq_idu_id_gpr_gated_reg_28/reg_clk_en,0,0.0,0.0,0.0,0.0,,0
x_aq_idu_top/x_aq_idu_id_gpr/x_aq_idu_id_gpr_gated_reg_28/write_en,0,0.0,0.0,0.0,0.0,,0
x_aq_idu_top/x_aq_idu_id_gpr/x_aq_idu_id_gpr_gated_reg_28/x_reg_gated_clk/clk_in,0,0.0,0.0,0.0,0.0,,0
x_aq_idu_top/x_aq_idu_id_gpr/x_aq_idu_id_gpr_gated_reg_28/x_reg_gated_clk/global_en,1,0.00036563071297989033,1.8147199999999999,1.5795382125284625,0.0,0.07606077549910864,1
x_aq_idu_top/x_aq_idu_id_gpr/x_aq_idu_id_gpr_gated_reg_28/x_reg_gated_clk/module_en,0,0.0,0.0,0.0,0.0,,0
x_aq_idu_top/x_aq_idu_id_gpr/x_aq_idu_id_gpr_gated_reg_28/x_reg_gated_clk/local_en,0,0.0,0.0,0.0,0.0,,0
x_aq_idu_top/x_aq_idu_id_gpr/x_aq_idu_id_gpr_gated_reg_28/x_reg_gated_clk/external_en,0,0.0,0.0,0.0,0.0,,0
x_aq_idu_top/x_aq_idu_id_gpr/x_aq_idu_id_gpr_gated_reg_28/x_reg_gated_clk/pad_yy_icg_scan_en,0,0.0,0.0,0.0,0.0,,0
x_aq_idu_top/x_aq_idu_id_gpr/x_aq_idu_id_gpr_gated_reg_28/x_reg_gated_clk/clk_out,0,0.0,0.0,0.0,0.0,,0
x_aq_idu_top/x_aq_idu_id_gpr/x_aq_idu_id_gpr_gated_reg_28/x_reg_gated_clk/clk_en_bf_latch,0,0.0,0.0,0.0,0.0,,0
x_aq_idu_top/x_aq_idu_id_gpr/x_aq_idu_id_gpr_gated_reg_28/x_reg_gated_clk/SE,0,0.0,0.0,0.0,0.0,,0
x_aq_idu_top/x_aq_idu_id_gpr/x_aq_idu_id_gpr_gated_reg_29/cp0_idu_icg_en,0,0.0,0.0,0.0,0.0,,0
x_aq_idu_top/x_aq_idu_id_gpr/x_aq_idu_id_gpr_gated_reg_29/cp0_yy_clk_en,1,0.00036563071297989033,1.8147199999999999,1.5795382125284625,0.0,0.07606077549910864,1
x_aq_idu_top/x_aq_idu_id_gpr/x_aq_idu_id_gpr_gated_reg_29/forever_cpuclk,0,0.0,0.0,0.0,0.0,,0
x_aq_idu_top/x_aq_idu_id_gpr/x_aq_idu_id_gpr_gated_reg_29/pad_yy_icg_scan_en,0,0.0,0.0,0.0,0.0,,0
x_aq_idu_top/x_aq_idu_id_gpr/x_aq_idu_id_gpr_gated_reg_29/read_data_y[63:0],0,0.0,0.0,0.0,0.0,,0
x_aq_idu_top/x_aq_idu_id_gpr/x_aq_idu_id_gpr_gated_reg_29/rtu_idu_wb0_data[63:0],81,0.029616087751371114,1.6929382716049381,1.4735389985517815,0.2962962962962963,0.07305960444861338,18
x_aq_idu_top/x_aq_idu_id_gpr/x_aq_idu_id_gpr_gated_reg_29/rtu_idu_wb1_data[63:0],0,0.0,0.0,0.0,0.0,,0
x_aq_idu_top/x_aq_idu_id_gpr/x_aq_idu_id_gpr_gated_reg_29/wb0_vld_x,0,0.0,0.0,0.0,0.0,,0
x_aq_idu_top/x_aq_idu_id_gpr/x_aq_idu_id_gpr_gated_reg_29/wb1_vld_x,0,0.0,0.0,0.0,0.0,,0
x_aq_idu_top/x_aq_idu_id_gpr/x_aq_idu_id_gpr_gated_reg_29/reg_clk,0,0.0,0.0,0.0,0.0,,0
x_aq_idu_top/x_aq_idu_id_gpr/x_aq_idu_id_gpr_gated_reg_29/reg_clk_en,0,0.0,0.0,0.0,0.0,,0
x_aq_idu_top/x_aq_idu_id_gpr/x_aq_idu_id_gpr_gated_reg_29/write_en,0,0.0,0.0,0.0,0.0,,0
x_aq_idu_top/x_aq_idu_id_gpr/x_aq_idu_id_gpr_gated_reg_29/x_reg_gated_clk/clk_in,0,0.0,0.0,0.0,0.0,,0
x_aq_idu_top/x_aq_idu_id_gpr/x_aq_idu_id_gpr_gated_reg_29/x_reg_gated_clk/global_en,1,0.00036563071297989033,1.8147199999999999,1.5795382125284625,0.0,0.07606077549910864,1
x_aq_idu_top/x_aq_idu_id_gpr/x_aq_idu_id_gpr_gated_reg_29/x_reg_gated_clk/module_en,0,0.0,0.0,0.0,0.0,,0
x_aq_idu_top/x_aq_idu_id_gpr/x_aq_idu_id_gpr_gated_reg_29/x_reg_gated_clk/local_en,0,0.0,0.0,0.0,0.0,,0
x_aq_idu_top/x_aq_idu_id_gpr/x_aq_idu_id_gpr_gated_reg_29/x_reg_gated_clk/external_en,0,0.0,0.0,0.0,0.0,,0
x_aq_idu_top/x_aq_idu_id_gpr/x_aq_idu_id_gpr_gated_reg_29/x_reg_gated_clk/pad_yy_icg_scan_en,0,0.0,0.0,0.0,0.0,,0
x_aq_idu_top/x_aq_idu_id_gpr/x_aq_idu_id_gpr_gated_reg_29/x_reg_gated_clk/clk_out,0,0.0,0.0,0.0,0.0,,0
x_aq_idu_top/x_aq_idu_id_gpr/x_aq_idu_id_gpr_gated_reg_29/x_reg_gated_clk/clk_en_bf_latch,0,0.0,0.0,0.0,0.0,,0
x_aq_idu_top/x_aq_idu_id_gpr/x_aq_idu_id_gpr_gated_reg_29/x_reg_gated_clk/SE,0,0.0,0.0,0.0,0.0,,0
x_aq_idu_top/x_aq_idu_id_gpr/x_aq_idu_id_gpr_gated_reg_30/cp0_idu_icg_en,0,0.0,0.0,0.0,0.0,,0
x_aq_idu_top/x_aq_idu_id_gpr/x_aq_idu_id_gpr_gated_reg_30/cp0_yy_clk_en,1,0.00036563071297989033,1.8147199999999999,1.5795382125284625,0.0,0.07606077549910864,1
x_aq_idu_top/x_aq_idu_id_gpr/x_aq_idu_id_gpr_gated_reg_30/forever_cpuclk,0,0.0,0.0,0.0,0.0,,0
x_aq_idu_top/x_aq_idu_id_gpr/x_aq_idu_id_gpr_gated_reg_30/pad_yy_icg_scan_en,0,0.0,0.0,0.0,0.0,,0
x_aq_idu_top/x_aq_idu_id_gpr/x_aq_idu_id_gpr_gated_reg_30/read_data_y[63:0],0,0.0,0.0,0.0,0.0,,0
x_aq_idu_top/x_aq_idu_id_gpr/x_aq_idu_id_gpr_gated_reg_30/rtu_idu_wb0_data[63:0],81,0.029616087751371114,1.6929382716049381,1.4735389985517815,0.2962962962962963,0.07305960444861338,18
x_aq_idu_top/x_aq_idu_id_gpr/x_aq_idu_id_gpr_gated_reg_30/rtu_idu_wb1_data[63:0],0,0.0,0.0,0.0,0.0,,0
x_aq_idu_top/x_aq_idu_id_gpr/x_aq_idu_id_gpr_gated_reg_30/wb0_vld_x,0,0.0,0.0,0.0,0.0,,0
x_aq_idu_top/x_aq_idu_id_gpr/x_aq_idu_id_gpr_gated_reg_30/wb1_vld_x,0,0.0,0.0,0.0,0.0,,0
x_aq_idu_top/x_aq_idu_id_gpr/x_aq_idu_id_gpr_gated_reg_30/reg_clk,0,0.0,0.0,0.0,0.0,,0
x_aq_idu_top/x_aq_idu_id_gpr/x_aq_idu_id_gpr_gated_reg_30/reg_clk_en,0,0.0,0.0,0.0,0.0,,0
x_aq_idu_top/x_aq_idu_id_gpr/x_aq_idu_id_gpr_gated_reg_30/write_en,0,0.0,0.0,0.0,0.0,,0
x_aq_idu_top/x_aq_idu_id_gpr/x_aq_idu_id_gpr_gated_reg_30/x_reg_gated_clk/clk_in,0,0.0,0.0,0.0,0.0,,0
x_aq_idu_top/x_aq_idu_id_gpr/x_aq_idu_id_gpr_gated_reg_30/x_reg_gated_clk/global_en,1,0.00036563071297989033,1.8147199999999999,1.5795382125284625,0.0,0.07606077549910864,1
x_aq_idu_top/x_aq_idu_id_gpr/x_aq_idu_id_gpr_gated_reg_30/x_reg_gated_clk/module_en,0,0.0,0.0,0.0,0.0,,0
x_aq_idu_top/x_aq_idu_id_gpr/x_aq_idu_id_gpr_gated_reg_30/x_reg_gated_clk/local_en,0,0.0,0.0,0.0,0.0,,0
x_aq_idu_top/x_aq_idu_id_gpr/x_aq_idu_id_gpr_gated_reg_30/x_reg_gated_clk/external_en,0,0.0,0.0,0.0,0.0,,0
x_aq_idu_top/x_aq_idu_id_gpr/x_aq_idu_id_gpr_gated_reg_30/x_reg_gated_clk/pad_yy_icg_scan_en,0,0.0,0.0,0.0,0.0,,0
x_aq_idu_top/x_aq_idu_id_gpr/x_aq_idu_id_gpr_gated_reg_30/x_reg_gated_clk/clk_out,0,0.0,0.0,0.0,0.0,,0
x_aq_idu_top/x_aq_idu_id_gpr/x_aq_idu_id_gpr_gated_reg_30/x_reg_gated_clk/clk_en_bf_latch,0,0.0,0.0,0.0,0.0,,0
x_aq_idu_top/x_aq_idu_id_gpr/x_aq_idu_id_gpr_gated_reg_30/x_reg_gated_clk/SE,0,0.0,0.0,0.0,0.0,,0
x_aq_idu_top/x_aq_idu_id_gpr/x_aq_idu_id_gpr_gated_reg_31/cp0_idu_icg_en,0,0.0,0.0,0.0,0.0,,0
x_aq_idu_top/x_aq_idu_id_gpr/x_aq_idu_id_gpr_gated_reg_31/cp0_yy_clk_en,1,0.00036563071297989033,1.8147199999999999,1.5795382125284625,0.0,0.07606077549910864,1
x_aq_idu_top/x_aq_idu_id_gpr/x_aq_idu_id_gpr_gated_reg_31/forever_cpuclk,0,0.0,0.0,0.0,0.0,,0
x_aq_idu_top/x_aq_idu_id_gpr/x_aq_idu_id_gpr_gated_reg_31/pad_yy_icg_scan_en,0,0.0,0.0,0.0,0.0,,0
x_aq_idu_top/x_aq_idu_id_gpr/x_aq_idu_id_gpr_gated_reg_31/read_data_y[63:0],0,0.0,0.0,0.0,0.0,,0
x_aq_idu_top/x_aq_idu_id_gpr/x_aq_idu_id_gpr_gated_reg_31/rtu_idu_wb0_data[63:0],81,0.029616087751371114,1.6929382716049381,1.4735389985517815,0.2962962962962963,0.07305960444861338,18
x_aq_idu_top/x_aq_idu_id_gpr/x_aq_idu_id_gpr_gated_reg_31/rtu_idu_wb1_data[63:0],0,0.0,0.0,0.0,0.0,,0
x_aq_idu_top/x_aq_idu_id_gpr/x_aq_idu_id_gpr_gated_reg_31/wb0_vld_x,0,0.0,0.0,0.0,0.0,,0
x_aq_idu_top/x_aq_idu_id_gpr/x_aq_idu_id_gpr_gated_reg_31/wb1_vld_x,0,0.0,0.0,0.0,0.0,,0
x_aq_idu_top/x_aq_idu_id_gpr/x_aq_idu_id_gpr_gated_reg_31/reg_clk,0,0.0,0.0,0.0,0.0,,0
x_aq_idu_top/x_aq_idu_id_gpr/x_aq_idu_id_gpr_gated_reg_31/reg_clk_en,0,0.0,0.0,0.0,0.0,,0
x_aq_idu_top/x_aq_idu_id_gpr/x_aq_idu_id_gpr_gated_reg_31/write_en,0,0.0,0.0,0.0,0.0,,0
x_aq_idu_top/x_aq_idu_id_gpr/x_aq_idu_id_gpr_gated_reg_31/x_reg_gated_clk/clk_in,0,0.0,0.0,0.0,0.0,,0
x_aq_idu_top/x_aq_idu_id_gpr/x_aq_idu_id_gpr_gated_reg_31/x_reg_gated_clk/global_en,1,0.00036563071297989033,1.8147199999999999,1.5795382125284625,0.0,0.07606077549910864,1
x_aq_idu_top/x_aq_idu_id_gpr/x_aq_idu_id_gpr_gated_reg_31/x_reg_gated_clk/module_en,0,0.0,0.0,0.0,0.0,,0
x_aq_idu_top/x_aq_idu_id_gpr/x_aq_idu_id_gpr_gated_reg_31/x_reg_gated_clk/local_en,0,0.0,0.0,0.0,0.0,,0
x_aq_idu_top/x_aq_idu_id_gpr/x_aq_idu_id_gpr_gated_reg_31/x_reg_gated_clk/external_en,0,0.0,0.0,0.0,0.0,,0
x_aq_idu_top/x_aq_idu_id_gpr/x_aq_idu_id_gpr_gated_reg_31/x_reg_gated_clk/pad_yy_icg_scan_en,0,0.0,0.0,0.0,0.0,,0
x_aq_idu_top/x_aq_idu_id_gpr/x_aq_idu_id_gpr_gated_reg_31/x_reg_gated_clk/clk_out,0,0.0,0.0,0.0,0.0,,0
x_aq_idu_top/x_aq_idu_id_gpr/x_aq_idu_id_gpr_gated_reg_31/x_reg_gated_clk/clk_en_bf_latch,0,0.0,0.0,0.0,0.0,,0
x_aq_idu_top/x_aq_idu_id_gpr/x_aq_idu_id_gpr_gated_reg_31/x_reg_gated_clk/SE,0,0.0,0.0,0.0,0.0,,0
x_aq_idu_top/x_aq_idu_id_split/cp0_idu_cskyee,1,0.00036563071297989033,1.8147199999999999,1.5795382125284625,0.0,0.07606077549910864,1
x_aq_idu_top/x_aq_idu_id_split/cp0_idu_icg_en,0,0.0,0.0,0.0,0.0,,0
x_aq_idu_top/x_aq_idu_id_split/cp0_idu_ucme,1,0.00036563071297989033,1.8147199999999999,1.5795382125284625,0.0,0.07606077549910864,1
x_aq_idu_top/x_aq_idu_id_split/cp0_yy_clk_en,1,0.00036563071297989033,1.8147199999999999,1.5795382125284625,0.0,0.07606077549910864,1
x_aq_idu_top/x_aq_idu_id_split/cp0_yy_priv_mode[1:0],1,0.00036563071297989033,1.8147199999999999,1.5795382125284625,0.0,0.07606077549910831,2
x_aq_idu_top/x_aq_idu_id_split/cpurst_b,3,0.0010968921389396709,1.0352400000000002,0.9010762757549186,0.0,-0.004877847437271419,1
x_aq_idu_top/x_aq_idu_id_split/ctrl_xx_dis_stall,30,0.010968921389396709,1.340413333333334,1.1667001413896647,0.16666666666666666,-0.733819928741491,1
x_aq_idu_top/x_aq_idu_id_split/dp_split_inst[31:0],211,0.07714808043875686,1.5258532701421803,1.3281076677950807,0.23696682464454977,0.16874029184726472,21
x_aq_idu_top/x_aq_idu_id_split/forever_cpuclk,0,0.0,0.0,0.0,0.0,,0
x_aq_idu_top/x_aq_idu_id_split/ifu_idu_id_inst_vld,61,0.02230347349177331,1.3522459016393447,1.176999247473081,0.08196721311475409,-0.679618490552829,1
x_aq_idu_top/x_aq_idu_id_split/iu_yy_xx_cancel,0,0.0,0.0,0.0,0.0,,0
x_aq_idu_top/x_aq_idu_id_split/pad_yy_icg_scan_en,0,0.0,0.0,0.0,0.0,,0
x_aq_idu_top/x_aq_idu_id_split/rtu_idu_flush_fe,0,0.0,0.0,0.0,0.0,,0
x_aq_idu_top/x_aq_idu_id_split/rtu_yy_xx_dbgon,0,0.0,0.0,0.0,0.0,,0
x_aq_idu_top/x_aq_idu_id_split/split_ctrl_id_stall,0,0.0,0.0,0.0,0.0,,0
x_aq_idu_top/x_aq_idu_id_split/split_ctrl_inst_vld,0,0.0,0.0,0.0,0.0,,0
x_aq_idu_top/x_aq_idu_id_split/split_dp_inst_sel,0,0.0,0.0,0.0,0.0,,0
x_aq_idu_top/x_aq_idu_id_split/split_top_cur_state_no_idle[3:0],0,0.0,0.0,0.0,0.0,,0
x_aq_idu_top/x_aq_idu_id_split/amo_aq_inst,24,0.008775137111517367,1.470375,1.279819200343049,0.20833333333333334,-0.7097816727989972,1
x_aq_idu_top/x_aq_idu_id_split/amo_fence_aq_inst_length,0,0.0,0.0,0.0,0.0,,0
x_aq_idu_top/x_aq_idu_id_split/amo_fence_rl_inst_length,0,0.0,0.0,0.0,0.0,,0
x_aq_idu_top/x_aq_idu_id_split/amo_inst,0,0.0,0.0,0.0,0.0,,0
x_aq_idu_top/x_aq_idu_id_split/amo_inst_vld,0,0.0,0.0,0.0,0.0,,0
x_aq_idu_top/x_aq_idu_id_split/amo_rd[4:0],101,0.03692870201096892,1.5019742574257429,1.3073232971687216,0.297029702970297,-0.04254614399616545,4
x_aq_idu_top/x_aq_idu_id_split/amo_rl_inst,29,0.01060329067641682,1.6127586206896551,1.4037503686320791,0.3103448275862069,-0.6967493954257855,1
x_aq_idu_top/x_aq_idu_id_split/amo_rs1[4:0],107,0.03912248628884826,1.5518284112149534,1.3507165153860383,0.2523364485981308,0.1600863015878305,4
x_aq_idu_top/x_aq_idu_id_split/amo_rs2[4:0],98,0.035831809872029254,1.599710612244898,1.3923933394838426,0.3469387755102041,-0.6889620102159223,4
x_aq_idu_top/x_aq_idu_id_split/amo_sm_start,0,0.0,0.0,0.0,0.0,,0
x_aq_idu_top/x_aq_idu_id_split/amo_split_stall,0,0.0,0.0,0.0,0.0,,0
x_aq_idu_top/x_aq_idu_id_split/amo_split_type,0,0.0,0.0,0.0,0.0,,0
x_aq_idu_top/x_aq_idu_id_split/amo_word,29,0.01060329067641682,1.3872317241379313,1.2074510215942984,0.3103448275862069,-0.1897667367197902,1
x_aq_idu_top/x_aq_idu_id_split/che_inst_data[264:0],153,0.05594149908592322,1.5762729411764707,1.3719931140687627,0.2679738562091503,,6
x_aq_idu_top/x_aq_idu_id_split/che_inst_vld,0,0.0,0.0,0.0,0.0,,0
x_aq_idu_top/x_aq_idu_id_split/che_sm_start,0,0.0,0.0,0.0,0.0,,0
x_aq_idu_top/x_aq_idu_id_split/che_split_stall,0,0.0,0.0,0.0,0.0,,0
x_aq_idu_top/x_aq_idu_id_split/che_split_type,0,0.0,0.0,0.0,0.0,,0
x_aq_idu_top/x_aq_idu_id_split/che_va,24,0.008775137111517367,1.7345983333333335,1.5098000522880575,0.4166666666666667,0.6575145096608153,1
x_aq_idu_top/x_aq_idu_id_split/fnc_inst_data[264:0],173,0.06325411334552103,1.542796300578035,1.3428549368004727,0.24855491329479767,,8
x_aq_idu_top/x_aq_idu_id_split/fnc_inst_vld,0,0.0,0.0,0.0,0.0,,0
x_aq_idu_top/x_aq_idu_id_split/fnc_sm_start,0,0.0,0.0,0.0,0.0,,0
x_aq_idu_top/x_aq_idu_id_split/fnc_split_stall,0,0.0,0.0,0.0,0.0,,0
x_aq_idu_top/x_aq_idu_id_split/fnc_split_type,0,0.0,0.0,0.0,0.0,,0
x_aq_idu_top/x_aq_idu_id_split/lr_inst,0,0.0,0.0,0.0,0.0,,0
x_aq_idu_top/x_aq_idu_id_split/lsd_inst0_offset[11:0],73,0.026691042047531994,1.5292964383561642,1.3311046126494666,0.273972602739726,-0.6243960699427381,4
x_aq_idu_top/x_aq_idu_id_split/lsd_inst1_offset[11:0],84,0.030712979890310785,1.550551904761905,1.3496054400018858,0.23809523809523808,-0.6025812789774844,5
x_aq_idu_top/x_aq_idu_id_split/lsd_inst1_sel,0,0.0,0.0,0.0,0.0,,0
x_aq_idu_top/x_aq_idu_id_split/lsd_inst_data[264:0],212,0.07751371115173675,1.5272158490566041,1.3292936609306156,0.2358490566037736,,13
x_aq_idu_top/x_aq_idu_id_split/lsd_inst_vld,0,0.0,0.0,0.0,0.0,,0
x_aq_idu_top/x_aq_idu_id_split/lsd_load,29,0.01060329067641682,1.3872317241379313,1.2074510215942984,0.3103448275862069,-0.1897667367197902,1
x_aq_idu_top/x_aq_idu_id_split/lsd_sm_start,0,0.0,0.0,0.0,0.0,,0
x_aq_idu_top/x_aq_idu_id_split/lsd_split_stall,0,0.0,0.0,0.0,0.0,,0
x_aq_idu_top/x_aq_idu_id_split/lsd_split_type,0,0.0,0.0,0.0,0.0,,0
x_aq_idu_top/x_aq_idu_id_split/lsd_word,19,0.006946983546617916,1.6123010526315789,1.403352099900504,0.2631578947368421,-0.14340045430845705,1
x_aq_idu_top/x_aq_idu_id_split/sc_inst,0,0.0,0.0,0.0,0.0,,0
x_aq_idu_top/x_aq_idu_id_split/split_clk,0,0.0,0.0,0.0,0.0,,0
x_aq_idu_top/x_aq_idu_id_split/split_clk_en,0,0.0,0.0,0.0,0.0,,0
x_aq_idu_top/x_aq_idu_id_split/split_inst_data[264:0],0,0.0,0.0,0.0,0.0,,0
x_aq_idu_top/x_aq_idu_id_split/zvamo_func[19:0],148,0.054113345521023766,1.5483564864864867,1.3476945407675651,0.2702702702702703,-0.6704398585735188,7
x_aq_idu_top/x_aq_idu_id_split/zvamo_inst,20,0.007312614259597806,1.3426000000000005,1.1686034231951565,0.1,0.10824864605755201,1
x_aq_idu_top/x_aq_idu_id_split/x_split_clk_gated_clk_cell/clk_in,0,0.0,0.0,0.0,0.0,,0
x_aq_idu_top/x_aq_idu_id_split/x_split_clk_gated_clk_cell/global_en,1,0.00036563071297989033,1.8147199999999999,1.5795382125284625,0.0,0.07606077549910864,1
x_aq_idu_top/x_aq_idu_id_split/x_split_clk_gated_clk_cell/module_en,0,0.0,0.0,0.0,0.0,,0
x_aq_idu_top/x_aq_idu_id_split/x_split_clk_gated_clk_cell/local_en,0,0.0,0.0,0.0,0.0,,0
x_aq_idu_top/x_aq_idu_id_split/x_split_clk_gated_clk_cell/external_en,0,0.0,0.0,0.0,0.0,,0
x_aq_idu_top/x_aq_idu_id_split/x_split_clk_gated_clk_cell/pad_yy_icg_scan_en,0,0.0,0.0,0.0,0.0,,0
x_aq_idu_top/x_aq_idu_id_split/x_split_clk_gated_clk_cell/clk_out,0,0.0,0.0,0.0,0.0,,0
x_aq_idu_top/x_aq_idu_id_split/x_split_clk_gated_clk_cell/clk_en_bf_latch,0,0.0,0.0,0.0,0.0,,0
x_aq_idu_top/x_aq_idu_id_split/x_split_clk_gated_clk_cell/SE,0,0.0,0.0,0.0,0.0,,0
x_aq_idu_top/x_aq_idu_id_wbt/cp0_idu_icg_en,0,0.0,0.0,0.0,0.0,,0
x_aq_idu_top/x_aq_idu_id_wbt/cp0_yy_clk_en,1,0.00036563071297989033,1.8147199999999999,1.5795382125284625,0.0,0.07606077549910864,1
x_aq_idu_top/x_aq_idu_id_wbt/cpurst_b,3,0.0010968921389396709,1.0352400000000002,0.9010762757549186,0.0,-0.004877847437271419,1
x_aq_idu_top/x_aq_idu_id_wbt/ctrl_wbt_dis_inst_vld,61,0.02230347349177331,1.3522459016393447,1.176999247473081,0.08196721311475409,-0.679618490552829,1
x_aq_idu_top/x_aq_idu_id_wbt/ctrl_xx_dis_stall,30,0.010968921389396709,1.340413333333334,1.1667001413896647,0.16666666666666666,-0.733819928741491,1
x_aq_idu_top/x_aq_idu_id_wbt/dp_wbt_dst0_reg[5:0],121,0.044241316270566725,1.5233233057851239,1.3259055785591072,0.2727272727272727,0.43909863066807986,4
x_aq_idu_top/x_aq_idu_id_wbt/dp_wbt_dst0_type[2:0],46,0.016819012797074956,1.7120895652173915,1.4902083470354166,0.43478260869565216,-0.03316038645157922,3
x_aq_idu_top/x_aq_idu_id_wbt/dp_wbt_dst1_reg[5:0],107,0.03912248628884826,1.5518284112149534,1.3507165153860383,0.2523364485981308,0.1600863015878305,4
x_aq_idu_top/x_aq_idu_id_wbt/dp_wbt_dst1_type[2:0],13,0.004753199268738574,1.333286153846154,1.1604966210958731,0.0,-0.03400463161477617,1
x_aq_idu_top/x_aq_idu_id_wbt/dp_wbt_inst_dst0_vld,15,0.005484460694698354,1.3107813333333336,1.1409083518498768,0.0,-0.04603542783706276,1
x_aq_idu_top/x_aq_idu_id_wbt/dp_wbt_inst_dst1_vld,0,0.0,0.0,0.0,0.0,,0
x_aq_idu_top/x_aq_idu_id_wbt/dp_wbt_src0_reg[5:0],125,0.04570383912248629,1.4856668800000001,1.2931293026185517,0.256,0.32383974668914495,4
x_aq_idu_top/x_aq_idu_id_wbt/dp_wbt_src1_reg[5:0],118,0.04314442413162706,1.594697966101695,1.3880303159159793,0.3050847457627119,-0.7245343689850383,4
x_aq_idu_top/x_aq_idu_id_wbt/dp_wbt_src2_reg[5:0],65,0.02376599634369287,1.468729230769231,1.2783867174316341,0.27692307692307694,-0.579248110933274,4
x_aq_idu_top/x_aq_idu_id_wbt/dp_wbt_wb_vld[31:0],117,0.04277879341864717,1.544957264957265,1.3447358472510693,0.18803418803418803,0.049306439910308954,3
x_aq_idu_top/x_aq_idu_id_wbt/forever_cpuclk,0,0.0,0.0,0.0,0.0,,0
x_aq_idu_top/x_aq_idu_id_wbt/iu_yy_xx_cancel,0,0.0,0.0,0.0,0.0,,0
x_aq_idu_top/x_aq_idu_id_wbt/pad_yy_icg_scan_en,0,0.0,0.0,0.0,0.0,,0
x_aq_idu_top/x_aq_idu_id_wbt/rtu_idu_flush_wbt,0,0.0,0.0,0.0,0.0,,0
x_aq_idu_top/x_aq_idu_id_wbt/rtu_idu_wb0_vld,33,0.01206581352833638,1.437121212121212,1.2508749948094895,0.09090909090909091,0.12504960868643183,1
x_aq_idu_top/x_aq_idu_id_wbt/rtu_idu_wb1_vld,0,0.0,0.0,0.0,0.0,,0
x_aq_idu_top/x_aq_idu_id_wbt/wbt_top_gpr_not_wb,85,0.031078610603290677,1.4673058823529412,1.2771478303232804,0.21176470588235294,0.18330833973968214,1
x_aq_idu_top/x_aq_idu_id_wbt/create0_en[31:0],128,0.04680073126142596,1.501875,1.307236903181309,0.1875,0.05070688934230594,3
x_aq_idu_top/x_aq_idu_id_wbt/create1_en[31:0],0,0.0,0.0,0.0,0.0,,0
x_aq_idu_top/x_aq_idu_id_wbt/create_clk,0,0.0,0.0,0.0,0.0,,0
x_aq_idu_top/x_aq_idu_id_wbt/create_clk_en,61,0.02230347349177331,1.417983606557377,1.2342175604480592,0.09836065573770492,-0.6668558166698879,1
x_aq_idu_top/x_aq_idu_id_wbt/inst_create_en,39,0.014259597806215722,1.4411025641025639,1.2543403765720045,0.10256410256410256,0.1461086500565438,1
x_aq_idu_top/x_aq_idu_id_wbt/read_data_0[6:0],0,0.0,0.0,0.0,0.0,,0
x_aq_idu_top/x_aq_idu_id_wbt/read_data_1[6:0],34,0.01243144424131627,1.8019917647058823,1.568459514974508,0.3235294117647059,0.19417087853479084,4
x_aq_idu_top/x_aq_idu_id_wbt/read_data_10[6:0],41,0.014990859232175503,1.5123590243902438,1.3163622322378412,0.12195121951219512,0.17534383157775754,3
x_aq_idu_top/x_aq_idu_id_wbt/read_data_11[6:0],7,0.002559414990859232,1.0648171428571425,0.9268203174584704,0.0,0.14552416663047227,3
x_aq_idu_top/x_aq_idu_id_wbt/read_data_12[6:0],7,0.002559414990859232,1.2986742857142854,1.1303703380762984,0.0,0.1414934940933944,3
x_aq_idu_top/x_aq_idu_id_wbt/read_data_13[6:0],7,0.002559414990859232,1.2153885714285713,1.057878180458587,0.0,0.13716196933325697,3
x_aq_idu_top/x_aq_idu_id_wbt/read_data_14[6:0],7,0.002559414990859232,0.9828171428571428,0.855447249752525,0.0,0.13968837845823867,3
x_aq_idu_top/x_aq_idu_id_wbt/read_data_15[6:0],7,0.002559414990859232,1.3105314285714285,1.140690833929249,0.0,0.13307024868818973,3
x_aq_idu_top/x_aq_idu_id_wbt/read_data_16[6:0],7,0.002559414990859232,1.4222457142857141,1.2379273129293353,0.0,0.12549418006884752,3
x_aq_idu_top/x_aq_idu_id_wbt/read_data_17[6:0],7,0.002559414990859232,1.0938171428571428,0.9520620121349637,0.0,0.1298904206487121,3
x_aq_idu_top/x_aq_idu_id_wbt/read_data_18[6:0],7,0.002559414990859232,1.1091028571428574,0.9653667477526229,0.0,0.12869084890169852,3
x_aq_idu_top/x_aq_idu_id_wbt/read_data_19[6:0],7,0.002559414990859232,1.390245714285714,1.2100744084587223,0.0,0.11574702678311038,3
x_aq_idu_top/x_aq_idu_id_wbt/read_data_2[6:0],19,0.006946983546617916,1.7365642105263155,1.5115111582148415,0.3157894736842105,0.15929543084167844,4
x_aq_idu_top/x_aq_idu_id_wbt/read_data_20[6:0],7,0.002559414990859232,1.2659599999999998,1.101895716988038,0.0,0.1199501632916919,3
x_aq_idu_top/x_aq_idu_id_wbt/read_data_21[6:0],7,0.002559414990859232,1.0675314285714284,0.9291828406055315,0.0,0.11882206089454299,3
x_aq_idu_top/x_aq_idu_id_wbt/read_data_22[6:0],7,0.002559414990859232,1.298102857142857,1.1298729647821804,0.0,0.11445584031759791,3
x_aq_idu_top/x_aq_idu_id_wbt/read_data_23[6:0],7,0.002559414990859232,1.202531428571429,1.0466872813409305,0.0,0.11035049843363746,3
x_aq_idu_top/x_aq_idu_id_wbt/read_data_24[6:0],7,0.002559414990859232,0.9791028571428574,0.8522143233407575,0.0,0.1124061331537944,3
x_aq_idu_top/x_aq_idu_id_wbt/read_data_25[6:0],7,0.002559414990859232,1.3111028571428573,1.1411882072233672,0.0,0.10358170491455779,3
x_aq_idu_top/x_aq_idu_id_wbt/read_data_26[6:0],7,0.002559414990859232,1.4239599999999994,1.2394194328116892,0.0,0.09580955697939024,3
x_aq_idu_top/x_aq_idu_id_wbt/read_data_27[6:0],7,0.002559414990859232,1.1072457142857144,0.963750284546739,0.14285714285714285,0.1017816664114651,3
x_aq_idu_top/x_aq_idu_id_wbt/read_data_28[6:0],7,0.002559414990859232,1.1153885714285712,0.9708378539879213,0.2857142857142857,0.09981986968682892,3
x_aq_idu_top/x_aq_idu_id_wbt/read_data_29[6:0],7,0.002559414990859232,1.3791028571428572,1.2003756292234198,0.0,0.08483026269869287,3
x_aq_idu_top/x_aq_idu_id_wbt/read_data_3[6:0],71,0.025959780621572212,1.6827425352112675,1.464664596308642,0.323943661971831,-0.04075582661677654,4
x_aq_idu_top/x_aq_idu_id_wbt/read_data_30[6:0],7,0.002559414990859232,1.2568171428571426,1.0939377442821485,0.0,0.08955512876475287,3
x_aq_idu_top/x_aq_idu_id_wbt/read_data_31[6:0],7,0.002559414990859232,1.1172457142857144,0.9724543171938055,0.42857142857142855,0.08932560800534307,3
x_aq_idu_top/x_aq_idu_id_wbt/read_data_4[6:0],10,0.003656307129798903,1.4486720000000002,1.2609288382891208,0.3,0.1650427858673119,3
x_aq_idu_top/x_aq_idu_id_wbt/read_data_5[6:0],7,0.002559414990859232,1.3022457142857138,1.1334789211645362,0.0,0.1567716211990726,3
x_aq_idu_top/x_aq_idu_id_wbt/read_data_6[6:0],7,0.002559414990859232,1.4256742857142852,1.2409115526940435,0.0,0.1506662696623331,3
x_aq_idu_top/x_aq_idu_id_wbt/read_data_7[6:0],7,0.002559414990859232,1.0989599999999997,0.9565383717820263,0.14285714285714285,0.15607601306881194,3
x_aq_idu_top/x_aq_idu_id_wbt/read_data_8[6:0],7,0.002559414990859232,1.1185314285714283,0.9735734071055708,0.2857142857142857,0.1546463693559282,3
x_aq_idu_top/x_aq_idu_id_wbt/read_data_9[6:0],7,0.002559414990859232,1.3719599999999998,1.1941584630469435,0.0,0.1415210632476549,3
x_aq_idu_top/x_aq_idu_id_wbt/wb_clk,0,0.0,0.0,0.0,0.0,,0
x_aq_idu_top/x_aq_idu_id_wbt/wb_clk_en,61,0.02230347349177331,1.431049180327869,1.2455898785131612,0.13114754098360656,-0.6408637007888711,1
x_aq_idu_top/x_aq_idu_id_wbt/wb_debug[31:1],182,0.06654478976234003,1.51956989010989,1.3226385933015825,0.1978021978021978,0.062377021839216354,31
x_aq_idu_top/x_aq_idu_id_wbt/wb_en[31:0],117,0.04277879341864717,1.544957264957265,1.3447358472510693,0.18803418803418803,0.049306439910308954,3
x_aq_idu_top/x_aq_idu_id_wbt/wbt_create_dst0_reg[31:0],128,0.04680073126142596,1.501875,1.307236903181309,0.1875,0.05070688934230594,3
x_aq_idu_top/x_aq_idu_id_wbt/wbt_create_dst1_reg[31:0],0,0.0,0.0,0.0,0.0,,0
x_aq_idu_top/x_aq_idu_id_wbt/wbt_dst0_reg[4:0],121,0.044241316270566725,1.5233233057851239,1.3259055785591072,0.2727272727272727,0.43909863066807986,4
x_aq_idu_top/x_aq_idu_id_wbt/wbt_dst0_reg_expand[31:0],151,0.05521023765996344,1.5171796026490065,1.3205580792920422,0.23178807947019867,0.060733362198990205,3
x_aq_idu_top/x_aq_idu_id_wbt/wbt_dst1_reg[4:0],107,0.03912248628884826,1.5518284112149534,1.3507165153860383,0.2523364485981308,0.1600863015878305,4
x_aq_idu_top/x_aq_idu_id_wbt/wbt_dst1_reg_expand[31:0],129,0.04716636197440585,1.615688062015504,1.4063001639258645,0.27906976744186046,0.0569206297193481,3
x_aq_idu_top/x_aq_idu_id_wbt/x_create_clk_gated_clk_cell/clk_in,0,0.0,0.0,0.0,0.0,,0
x_aq_idu_top/x_aq_idu_id_wbt/x_create_clk_gated_clk_cell/global_en,1,0.00036563071297989033,1.8147199999999999,1.5795382125284625,0.0,0.07606077549910864,1
x_aq_idu_top/x_aq_idu_id_wbt/x_create_clk_gated_clk_cell/module_en,0,0.0,0.0,0.0,0.0,,0
x_aq_idu_top/x_aq_idu_id_wbt/x_create_clk_gated_clk_cell/local_en,61,0.02230347349177331,1.417983606557377,1.2342175604480592,0.09836065573770492,-0.6668558166698879,1
x_aq_idu_top/x_aq_idu_id_wbt/x_create_clk_gated_clk_cell/external_en,0,0.0,0.0,0.0,0.0,,0
x_aq_idu_top/x_aq_idu_id_wbt/x_create_clk_gated_clk_cell/pad_yy_icg_scan_en,0,0.0,0.0,0.0,0.0,,0
x_aq_idu_top/x_aq_idu_id_wbt/x_create_clk_gated_clk_cell/clk_out,0,0.0,0.0,0.0,0.0,,0
x_aq_idu_top/x_aq_idu_id_wbt/x_create_clk_gated_clk_cell/clk_en_bf_latch,61,0.02230347349177331,1.417983606557377,1.2342175604480592,0.09836065573770492,-0.6668558166698879,1
x_aq_idu_top/x_aq_idu_id_wbt/x_create_clk_gated_clk_cell/SE,0,0.0,0.0,0.0,0.0,,0
x_aq_idu_top/x_aq_idu_id_wbt/x_wb_clk_gated_clk_cell/clk_in,0,0.0,0.0,0.0,0.0,,0
x_aq_idu_top/x_aq_idu_id_wbt/x_wb_clk_gated_clk_cell/global_en,1,0.00036563071297989033,1.8147199999999999,1.5795382125284625,0.0,0.07606077549910864,1
x_aq_idu_top/x_aq_idu_id_wbt/x_wb_clk_gated_clk_cell/module_en,0,0.0,0.0,0.0,0.0,,0
x_aq_idu_top/x_aq_idu_id_wbt/x_wb_clk_gated_clk_cell/local_en,61,0.02230347349177331,1.431049180327869,1.2455898785131612,0.13114754098360656,-0.6408637007888711,1
x_aq_idu_top/x_aq_idu_id_wbt/x_wb_clk_gated_clk_cell/external_en,0,0.0,0.0,0.0,0.0,,0
x_aq_idu_top/x_aq_idu_id_wbt/x_wb_clk_gated_clk_cell/pad_yy_icg_scan_en,0,0.0,0.0,0.0,0.0,,0
x_aq_idu_top/x_aq_idu_id_wbt/x_wb_clk_gated_clk_cell/clk_out,0,0.0,0.0,0.0,0.0,,0
x_aq_idu_top/x_aq_idu_id_wbt/x_wb_clk_gated_clk_cell/clk_en_bf_latch,61,0.02230347349177331,1.431049180327869,1.2455898785131612,0.13114754098360656,-0.6408637007888711,1
x_aq_idu_top/x_aq_idu_id_wbt/x_wb_clk_gated_clk_cell/SE,0,0.0,0.0,0.0,0.0,,0
x_aq_idu_top/x_aq_idu_id_wbt/x_aq_idu_id_wbt_entry_reg_1/cpurst_b,3,0.0010968921389396709,1.0352400000000002,0.9010762757549186,0.0,-0.004877847437271419,1
x_aq_idu_top/x_aq_idu_id_wbt/x_aq_idu_id_wbt_entry_reg_1/create0_en_x,6,0.0021937842778793418,2.012166666666667,1.7513964358005762,0.3333333333333333,0.08531106120934119,1
x_aq_idu_top/x_aq_idu_id_wbt/x_aq_idu_id_wbt_entry_reg_1/create1_en_x,0,0.0,0.0,0.0,0.0,,0
x_aq_idu_top/x_aq_idu_id_wbt/x_aq_idu_id_wbt_entry_reg_1/create_clk,0,0.0,0.0,0.0,0.0,,0
x_aq_idu_top/x_aq_idu_id_wbt/x_aq_idu_id_wbt_entry_reg_1/dp_wbt_dst0_type[2:0],46,0.016819012797074956,1.7120895652173915,1.4902083470354166,0.43478260869565216,-0.03316038645157922,3
x_aq_idu_top/x_aq_idu_id_wbt/x_aq_idu_id_wbt_entry_reg_1/dp_wbt_dst1_type[2:0],13,0.004753199268738574,1.333286153846154,1.1604966210958731,0.0,-0.03400463161477617,1
x_aq_idu_top/x_aq_idu_id_wbt/x_aq_idu_id_wbt_entry_reg_1/iu_yy_xx_cancel,0,0.0,0.0,0.0,0.0,,0
x_aq_idu_top/x_aq_idu_id_wbt/x_aq_idu_id_wbt_entry_reg_1/read_data_y[6:0],34,0.01243144424131627,1.8019917647058823,1.568459514974508,0.3235294117647059,0.19417087853479084,4
x_aq_idu_top/x_aq_idu_id_wbt/x_aq_idu_id_wbt_entry_reg_1/rtu_idu_flush_wbt,0,0.0,0.0,0.0,0.0,,0
x_aq_idu_top/x_aq_idu_id_wbt/x_aq_idu_id_wbt_entry_reg_1/wb_clk,0,0.0,0.0,0.0,0.0,,0
x_aq_idu_top/x_aq_idu_id_wbt/x_aq_idu_id_wbt_entry_reg_1/wb_debug_x,12,0.0043875685557586835,2.163893333333333,1.8834598218103007,0.5,-0.08686861817865103,1
x_aq_idu_top/x_aq_idu_id_wbt/x_aq_idu_id_wbt_entry_reg_1/wb_en_x,4,0.0014625228519195613,1.9484999999999997,1.6959807612809186,0.25,0.06502145112133212,1
x_aq_idu_top/x_aq_idu_id_wbt/x_aq_idu_id_wbt_entry_reg_1/cnt_is_1,8,0.0029250457038391227,1.9614999999999998,1.7072960037221052,0.375,0.04054508199348932,1
x_aq_idu_top/x_aq_idu_id_wbt/x_aq_idu_id_wbt_entry_reg_1/cnt_is_2,2,0.0007312614259597807,0.7690000000000006,0.6693401105594189,0.0,0.041095407781330834,1
x_aq_idu_top/x_aq_idu_id_wbt/x_aq_idu_id_wbt_entry_reg_1/create_en,6,0.0021937842778793418,2.012166666666667,1.7513964358005762,0.3333333333333333,0.08531106120934119,1
x_aq_idu_top/x_aq_idu_id_wbt/x_aq_idu_id_wbt_entry_reg_1/create_inst_type[2:0],10,0.003656307129798903,1.7897000000000003,1.5577607228455022,0.3,0.09923259885581048,2
x_aq_idu_top/x_aq_idu_id_wbt/x_aq_idu_id_wbt_entry_reg_2/cpurst_b,3,0.0010968921389396709,1.0352400000000002,0.9010762757549186,0.0,-0.004877847437271419,1
x_aq_idu_top/x_aq_idu_id_wbt/x_aq_idu_id_wbt_entry_reg_2/create0_en_x,0,0.0,0.0,0.0,0.0,,0
x_aq_idu_top/x_aq_idu_id_wbt/x_aq_idu_id_wbt_entry_reg_2/create1_en_x,0,0.0,0.0,0.0,0.0,,0
x_aq_idu_top/x_aq_idu_id_wbt/x_aq_idu_id_wbt_entry_reg_2/create_clk,0,0.0,0.0,0.0,0.0,,0
x_aq_idu_top/x_aq_idu_id_wbt/x_aq_idu_id_wbt_entry_reg_2/dp_wbt_dst0_type[2:0],46,0.016819012797074956,1.7120895652173915,1.4902083470354166,0.43478260869565216,-0.03316038645157922,3
x_aq_idu_top/x_aq_idu_id_wbt/x_aq_idu_id_wbt_entry_reg_2/dp_wbt_dst1_type[2:0],13,0.004753199268738574,1.333286153846154,1.1604966210958731,0.0,-0.03400463161477617,1
x_aq_idu_top/x_aq_idu_id_wbt/x_aq_idu_id_wbt_entry_reg_2/iu_yy_xx_cancel,0,0.0,0.0,0.0,0.0,,0
x_aq_idu_top/x_aq_idu_id_wbt/x_aq_idu_id_wbt_entry_reg_2/read_data_y[6:0],19,0.006946983546617916,1.7365642105263155,1.5115111582148415,0.3157894736842105,0.15929543084167844,4
x_aq_idu_top/x_aq_idu_id_wbt/x_aq_idu_id_wbt_entry_reg_2/rtu_idu_flush_wbt,0,0.0,0.0,0.0,0.0,,0
x_aq_idu_top/x_aq_idu_id_wbt/x_aq_idu_id_wbt_entry_reg_2/wb_clk,0,0.0,0.0,0.0,0.0,,0
x_aq_idu_top/x_aq_idu_id_wbt/x_aq_idu_id_wbt_entry_reg_2/wb_debug_x,9,0.0032906764168190127,1.66108,1.4458094549389318,0.2222222222222222,-0.008155068345704376,1
x_aq_idu_top/x_aq_idu_id_wbt/x_aq_idu_id_wbt_entry_reg_2/wb_en_x,0,0.0,0.0,0.0,0.0,,0
x_aq_idu_top/x_aq_idu_id_wbt/x_aq_idu_id_wbt_entry_reg_2/cnt_is_1,8,0.0029250457038391227,2.1195,1.844819719545757,0.5,0.025941733242790557,1
x_aq_idu_top/x_aq_idu_id_wbt/x_aq_idu_id_wbt_entry_reg_2/cnt_is_2,0,0.0,0.0,0.0,0.0,,0
x_aq_idu_top/x_aq_idu_id_wbt/x_aq_idu_id_wbt_entry_reg_2/create_en,0,0.0,0.0,0.0,0.0,,0
x_aq_idu_top/x_aq_idu_id_wbt/x_aq_idu_id_wbt_entry_reg_2/create_inst_type[2:0],2,0.0007312614259597807,1.5690000000000006,1.3656627223247435,0.0,0.021376480402662747,1
x_aq_idu_top/x_aq_idu_id_wbt/x_aq_idu_id_wbt_entry_reg_3/cpurst_b,3,0.0010968921389396709,1.0352400000000002,0.9010762757549186,0.0,-0.004877847437271419,1
x_aq_idu_top/x_aq_idu_id_wbt/x_aq_idu_id_wbt_entry_reg_3/create0_en_x,2,0.0007312614259597807,2.207499999999999,1.9214152068399422,1.0,0.051277488275143765,1
x_aq_idu_top/x_aq_idu_id_wbt/x_aq_idu_id_wbt_entry_reg_3/create1_en_x,0,0.0,0.0,0.0,0.0,,0
x_aq_idu_top/x_aq_idu_id_wbt/x_aq_idu_id_wbt_entry_reg_3/create_clk,0,0.0,0.0,0.0,0.0,,0
x_aq_idu_top/x_aq_idu_id_wbt/x_aq_idu_id_wbt_entry_reg_3/dp_wbt_dst0_type[2:0],46,0.016819012797074956,1.7120895652173915,1.4902083470354166,0.43478260869565216,-0.03316038645157922,3
x_aq_idu_top/x_aq_idu_id_wbt/x_aq_idu_id_wbt_entry_reg_3/dp_wbt_dst1_type[2:0],13,0.004753199268738574,1.333286153846154,1.1604966210958731,0.0,-0.03400463161477617,1
x_aq_idu_top/x_aq_idu_id_wbt/x_aq_idu_id_wbt_entry_reg_3/iu_yy_xx_cancel,0,0.0,0.0,0.0,0.0,,0
x_aq_idu_top/x_aq_idu_id_wbt/x_aq_idu_id_wbt_entry_reg_3/read_data_y[6:0],71,0.025959780621572212,1.6827425352112675,1.464664596308642,0.323943661971831,-0.04075582661677654,4
x_aq_idu_top/x_aq_idu_id_wbt/x_aq_idu_id_wbt_entry_reg_3/rtu_idu_flush_wbt,0,0.0,0.0,0.0,0.0,,0
x_aq_idu_top/x_aq_idu_id_wbt/x_aq_idu_id_wbt_entry_reg_3/wb_clk,0,0.0,0.0,0.0,0.0,,0
x_aq_idu_top/x_aq_idu_id_wbt/x_aq_idu_id_wbt_entry_reg_3/wb_debug_x,31,0.0113345521023766,1.548829677419355,1.3481064077003633,0.3225806451612903,-0.10581751891797138,1
x_aq_idu_top/x_aq_idu_id_wbt/x_aq_idu_id_wbt_entry_reg_3/wb_en_x,2,0.0007312614259597807,2.2530000000000006,1.9610185553840962,1.0,0.051932346963515896,1
x_aq_idu_top/x_aq_idu_id_wbt/x_aq_idu_id_wbt_entry_reg_3/cnt_is_1,28,0.010237659963436929,1.5711071428571426,1.3674967863468033,0.2857142857142857,0.06132147062152172,1
x_aq_idu_top/x_aq_idu_id_wbt/x_aq_idu_id_wbt_entry_reg_3/cnt_is_2,2,0.0007312614259597807,2.2669999999999995,1.9732042010899884,1.0,0.05801007438267139,1
x_aq_idu_top/x_aq_idu_id_wbt/x_aq_idu_id_wbt_entry_reg_3/create_en,2,0.0007312614259597807,2.207499999999999,1.9214152068399422,1.0,0.051277488275143765,1
x_aq_idu_top/x_aq_idu_id_wbt/x_aq_idu_id_wbt_entry_reg_3/create_inst_type[2:0],4,0.0014625228519195613,2.3467499999999992,2.042618861450344,0.75,0.06964463359981689,1
x_aq_idu_top/x_aq_idu_id_wbt/x_aq_idu_id_wbt_entry_reg_4/cpurst_b,3,0.0010968921389396709,1.0352400000000002,0.9010762757549186,0.0,-0.004877847437271419,1
x_aq_idu_top/x_aq_idu_id_wbt/x_aq_idu_id_wbt_entry_reg_4/create0_en_x,0,0.0,0.0,0.0,0.0,,0
x_aq_idu_top/x_aq_idu_id_wbt/x_aq_idu_id_wbt_entry_reg_4/create1_en_x,0,0.0,0.0,0.0,0.0,,0
x_aq_idu_top/x_aq_idu_id_wbt/x_aq_idu_id_wbt_entry_reg_4/create_clk,0,0.0,0.0,0.0,0.0,,0
x_aq_idu_top/x_aq_idu_id_wbt/x_aq_idu_id_wbt_entry_reg_4/dp_wbt_dst0_type[2:0],46,0.016819012797074956,1.7120895652173915,1.4902083470354166,0.43478260869565216,-0.03316038645157922,3
x_aq_idu_top/x_aq_idu_id_wbt/x_aq_idu_id_wbt_entry_reg_4/dp_wbt_dst1_type[2:0],13,0.004753199268738574,1.333286153846154,1.1604966210958731,0.0,-0.03400463161477617,1
x_aq_idu_top/x_aq_idu_id_wbt/x_aq_idu_id_wbt_entry_reg_4/iu_yy_xx_cancel,0,0.0,0.0,0.0,0.0,,0
x_aq_idu_top/x_aq_idu_id_wbt/x_aq_idu_id_wbt_entry_reg_4/read_data_y[6:0],10,0.003656307129798903,1.4486720000000002,1.2609288382891208,0.3,0.1650427858673119,3
x_aq_idu_top/x_aq_idu_id_wbt/x_aq_idu_id_wbt_entry_reg_4/rtu_idu_flush_wbt,0,0.0,0.0,0.0,0.0,,0
x_aq_idu_top/x_aq_idu_id_wbt/x_aq_idu_id_wbt_entry_reg_4/wb_clk,0,0.0,0.0,0.0,0.0,,0
x_aq_idu_top/x_aq_idu_id_wbt/x_aq_idu_id_wbt_entry_reg_4/wb_debug_x,4,0.0014625228519195613,1.97793,1.7215967293612358,0.25,0.025364677972163716,1
x_aq_idu_top/x_aq_idu_id_wbt/x_aq_idu_id_wbt_entry_reg_4/wb_en_x,0,0.0,0.0,0.0,0.0,,0
x_aq_idu_top/x_aq_idu_id_wbt/x_aq_idu_id_wbt_entry_reg_4/cnt_is_1,4,0.0014625228519195613,1.3715000000000006,1.193758077545179,0.5,0.04514822853625802,1
x_aq_idu_top/x_aq_idu_id_wbt/x_aq_idu_id_wbt_entry_reg_4/cnt_is_2,0,0.0,0.0,0.0,0.0,,0
x_aq_idu_top/x_aq_idu_id_wbt/x_aq_idu_id_wbt_entry_reg_4/create_en,0,0.0,0.0,0.0,0.0,,0
x_aq_idu_top/x_aq_idu_id_wbt/x_aq_idu_id_wbt_entry_reg_4/create_inst_type[2:0],0,0.0,0.0,0.0,0.0,,0
x_aq_idu_top/x_aq_idu_id_wbt/x_aq_idu_id_wbt_entry_reg_5/cpurst_b,3,0.0010968921389396709,1.0352400000000002,0.9010762757549186,0.0,-0.004877847437271419,1
x_aq_idu_top/x_aq_idu_id_wbt/x_aq_idu_id_wbt_entry_reg_5/create0_en_x,0,0.0,0.0,0.0,0.0,,0
x_aq_idu_top/x_aq_idu_id_wbt/x_aq_idu_id_wbt_entry_reg_5/create1_en_x,0,0.0,0.0,0.0,0.0,,0
x_aq_idu_top/x_aq_idu_id_wbt/x_aq_idu_id_wbt_entry_reg_5/create_clk,0,0.0,0.0,0.0,0.0,,0
x_aq_idu_top/x_aq_idu_id_wbt/x_aq_idu_id_wbt_entry_reg_5/dp_wbt_dst0_type[2:0],46,0.016819012797074956,1.7120895652173915,1.4902083470354166,0.43478260869565216,-0.03316038645157922,3
x_aq_idu_top/x_aq_idu_id_wbt/x_aq_idu_id_wbt_entry_reg_5/dp_wbt_dst1_type[2:0],13,0.004753199268738574,1.333286153846154,1.1604966210958731,0.0,-0.03400463161477617,1
x_aq_idu_top/x_aq_idu_id_wbt/x_aq_idu_id_wbt_entry_reg_5/iu_yy_xx_cancel,0,0.0,0.0,0.0,0.0,,0
x_aq_idu_top/x_aq_idu_id_wbt/x_aq_idu_id_wbt_entry_reg_5/read_data_y[6:0],7,0.002559414990859232,1.3022457142857138,1.1334789211645362,0.0,0.1567716211990726,3
x_aq_idu_top/x_aq_idu_id_wbt/x_aq_idu_id_wbt_entry_reg_5/rtu_idu_flush_wbt,0,0.0,0.0,0.0,0.0,,0
x_aq_idu_top/x_aq_idu_id_wbt/x_aq_idu_id_wbt_entry_reg_5/wb_clk,0,0.0,0.0,0.0,0.0,,0
x_aq_idu_top/x_aq_idu_id_wbt/x_aq_idu_id_wbt_entry_reg_5/wb_debug_x,3,0.0010968921389396709,1.490573333333333,1.2973998956180155,0.0,0.05629703477013266,1
x_aq_idu_top/x_aq_idu_id_wbt/x_aq_idu_id_wbt_entry_reg_5/wb_en_x,0,0.0,0.0,0.0,0.0,,0
x_aq_idu_top/x_aq_idu_id_wbt/x_aq_idu_id_wbt_entry_reg_5/cnt_is_1,2,0.0007312614259597807,1.7774999999999999,1.5471418030160806,0.0,0.029766205792376262,1
x_aq_idu_top/x_aq_idu_id_wbt/x_aq_idu_id_wbt_entry_reg_5/cnt_is_2,0,0.0,0.0,0.0,0.0,,0
x_aq_idu_top/x_aq_idu_id_wbt/x_aq_idu_id_wbt_entry_reg_5/create_en,0,0.0,0.0,0.0,0.0,,0
x_aq_idu_top/x_aq_idu_id_wbt/x_aq_idu_id_wbt_entry_reg_5/create_inst_type[2:0],0,0.0,0.0,0.0,0.0,,0
x_aq_idu_top/x_aq_idu_id_wbt/x_aq_idu_id_wbt_entry_reg_6/cpurst_b,3,0.0010968921389396709,1.0352400000000002,0.9010762757549186,0.0,-0.004877847437271419,1
x_aq_idu_top/x_aq_idu_id_wbt/x_aq_idu_id_wbt_entry_reg_6/create0_en_x,0,0.0,0.0,0.0,0.0,,0
x_aq_idu_top/x_aq_idu_id_wbt/x_aq_idu_id_wbt_entry_reg_6/create1_en_x,0,0.0,0.0,0.0,0.0,,0
x_aq_idu_top/x_aq_idu_id_wbt/x_aq_idu_id_wbt_entry_reg_6/create_clk,0,0.0,0.0,0.0,0.0,,0
x_aq_idu_top/x_aq_idu_id_wbt/x_aq_idu_id_wbt_entry_reg_6/dp_wbt_dst0_type[2:0],46,0.016819012797074956,1.7120895652173915,1.4902083470354166,0.43478260869565216,-0.03316038645157922,3
x_aq_idu_top/x_aq_idu_id_wbt/x_aq_idu_id_wbt_entry_reg_6/dp_wbt_dst1_type[2:0],13,0.004753199268738574,1.333286153846154,1.1604966210958731,0.0,-0.03400463161477617,1
x_aq_idu_top/x_aq_idu_id_wbt/x_aq_idu_id_wbt_entry_reg_6/iu_yy_xx_cancel,0,0.0,0.0,0.0,0.0,,0
x_aq_idu_top/x_aq_idu_id_wbt/x_aq_idu_id_wbt_entry_reg_6/read_data_y[6:0],7,0.002559414990859232,1.4256742857142852,1.2409115526940435,0.0,0.1506662696623331,3
x_aq_idu_top/x_aq_idu_id_wbt/x_aq_idu_id_wbt_entry_reg_6/rtu_idu_flush_wbt,0,0.0,0.0,0.0,0.0,,0
x_aq_idu_top/x_aq_idu_id_wbt/x_aq_idu_id_wbt_entry_reg_6/wb_clk,0,0.0,0.0,0.0,0.0,,0
x_aq_idu_top/x_aq_idu_id_wbt/x_aq_idu_id_wbt_entry_reg_6/wb_debug_x,3,0.0010968921389396709,1.2965733333333331,1.1285416622649243,0.0,0.052755560939361734,1
x_aq_idu_top/x_aq_idu_id_wbt/x_aq_idu_id_wbt_entry_reg_6/wb_en_x,0,0.0,0.0,0.0,0.0,,0
x_aq_idu_top/x_aq_idu_id_wbt/x_aq_idu_id_wbt_entry_reg_6/cnt_is_1,2,0.0007312614259597807,2.5004999999999997,2.1764433633989926,0.0,-0.00746753985204848,1
x_aq_idu_top/x_aq_idu_id_wbt/x_aq_idu_id_wbt_entry_reg_6/cnt_is_2,0,0.0,0.0,0.0,0.0,,0
x_aq_idu_top/x_aq_idu_id_wbt/x_aq_idu_id_wbt_entry_reg_6/create_en,0,0.0,0.0,0.0,0.0,,0
x_aq_idu_top/x_aq_idu_id_wbt/x_aq_idu_id_wbt_entry_reg_6/create_inst_type[2:0],0,0.0,0.0,0.0,0.0,,0
x_aq_idu_top/x_aq_idu_id_wbt/x_aq_idu_id_wbt_entry_reg_7/cpurst_b,3,0.0010968921389396709,1.0352400000000002,0.9010762757549186,0.0,-0.004877847437271419,1
x_aq_idu_top/x_aq_idu_id_wbt/x_aq_idu_id_wbt_entry_reg_7/create0_en_x,0,0.0,0.0,0.0,0.0,,0
x_aq_idu_top/x_aq_idu_id_wbt/x_aq_idu_id_wbt_entry_reg_7/create1_en_x,0,0.0,0.0,0.0,0.0,,0
x_aq_idu_top/x_aq_idu_id_wbt/x_aq_idu_id_wbt_entry_reg_7/create_clk,0,0.0,0.0,0.0,0.0,,0
x_aq_idu_top/x_aq_idu_id_wbt/x_aq_idu_id_wbt_entry_reg_7/dp_wbt_dst0_type[2:0],46,0.016819012797074956,1.7120895652173915,1.4902083470354166,0.43478260869565216,-0.03316038645157922,3
x_aq_idu_top/x_aq_idu_id_wbt/x_aq_idu_id_wbt_entry_reg_7/dp_wbt_dst1_type[2:0],13,0.004753199268738574,1.333286153846154,1.1604966210958731,0.0,-0.03400463161477617,1
x_aq_idu_top/x_aq_idu_id_wbt/x_aq_idu_id_wbt_entry_reg_7/iu_yy_xx_cancel,0,0.0,0.0,0.0,0.0,,0
x_aq_idu_top/x_aq_idu_id_wbt/x_aq_idu_id_wbt_entry_reg_7/read_data_y[6:0],7,0.002559414990859232,1.0989599999999997,0.9565383717820263,0.14285714285714285,0.15607601306881194,3
x_aq_idu_top/x_aq_idu_id_wbt/x_aq_idu_id_wbt_entry_reg_7/rtu_idu_flush_wbt,0,0.0,0.0,0.0,0.0,,0
x_aq_idu_top/x_aq_idu_id_wbt/x_aq_idu_id_wbt_entry_reg_7/wb_clk,0,0.0,0.0,0.0,0.0,,0
x_aq_idu_top/x_aq_idu_id_wbt/x_aq_idu_id_wbt_entry_reg_7/wb_debug_x,3,0.0010968921389396709,1.8559066666666666,1.615387221657514,0.3333333333333333,0.04880980927402777,1
x_aq_idu_top/x_aq_idu_id_wbt/x_aq_idu_id_wbt_entry_reg_7/wb_en_x,0,0.0,0.0,0.0,0.0,,0
x_aq_idu_top/x_aq_idu_id_wbt/x_aq_idu_id_wbt_entry_reg_7/cnt_is_1,2,0.0007312614259597807,0.5179999999999993,0.4508688911180472,0.0,0.016487139474657794,1
x_aq_idu_top/x_aq_idu_id_wbt/x_aq_idu_id_wbt_entry_reg_7/cnt_is_2,0,0.0,0.0,0.0,0.0,,0
x_aq_idu_top/x_aq_idu_id_wbt/x_aq_idu_id_wbt_entry_reg_7/create_en,0,0.0,0.0,0.0,0.0,,0
x_aq_idu_top/x_aq_idu_id_wbt/x_aq_idu_id_wbt_entry_reg_7/create_inst_type[2:0],0,0.0,0.0,0.0,0.0,,0
x_aq_idu_top/x_aq_idu_id_wbt/x_aq_idu_id_wbt_entry_reg_8/cpurst_b,3,0.0010968921389396709,1.0352400000000002,0.9010762757549186,0.0,-0.004877847437271419,1
x_aq_idu_top/x_aq_idu_id_wbt/x_aq_idu_id_wbt_entry_reg_8/create0_en_x,0,0.0,0.0,0.0,0.0,,0
x_aq_idu_top/x_aq_idu_id_wbt/x_aq_idu_id_wbt_entry_reg_8/create1_en_x,0,0.0,0.0,0.0,0.0,,0
x_aq_idu_top/x_aq_idu_id_wbt/x_aq_idu_id_wbt_entry_reg_8/create_clk,0,0.0,0.0,0.0,0.0,,0
x_aq_idu_top/x_aq_idu_id_wbt/x_aq_idu_id_wbt_entry_reg_8/dp_wbt_dst0_type[2:0],46,0.016819012797074956,1.7120895652173915,1.4902083470354166,0.43478260869565216,-0.03316038645157922,3
x_aq_idu_top/x_aq_idu_id_wbt/x_aq_idu_id_wbt_entry_reg_8/dp_wbt_dst1_type[2:0],13,0.004753199268738574,1.333286153846154,1.1604966210958731,0.0,-0.03400463161477617,1
x_aq_idu_top/x_aq_idu_id_wbt/x_aq_idu_id_wbt_entry_reg_8/iu_yy_xx_cancel,0,0.0,0.0,0.0,0.0,,0
x_aq_idu_top/x_aq_idu_id_wbt/x_aq_idu_id_wbt_entry_reg_8/read_data_y[6:0],7,0.002559414990859232,1.1185314285714283,0.9735734071055708,0.2857142857142857,0.1546463693559282,3
x_aq_idu_top/x_aq_idu_id_wbt/x_aq_idu_id_wbt_entry_reg_8/rtu_idu_flush_wbt,0,0.0,0.0,0.0,0.0,,0
x_aq_idu_top/x_aq_idu_id_wbt/x_aq_idu_id_wbt_entry_reg_8/wb_clk,0,0.0,0.0,0.0,0.0,,0
x_aq_idu_top/x_aq_idu_id_wbt/x_aq_idu_id_wbt_entry_reg_8/wb_debug_x,3,0.0010968921389396709,1.9422399999999997,1.690532036843855,0.3333333333333333,0.04915748821175192,1
x_aq_idu_top/x_aq_idu_id_wbt/x_aq_idu_id_wbt_entry_reg_8/wb_en_x,0,0.0,0.0,0.0,0.0,,0
x_aq_idu_top/x_aq_idu_id_wbt/x_aq_idu_id_wbt_entry_reg_8/cnt_is_1,2,0.0007312614259597807,0.45699999999999985,0.3977742919709416,0.5,0.0170107390227825,1
x_aq_idu_top/x_aq_idu_id_wbt/x_aq_idu_id_wbt_entry_reg_8/cnt_is_2,0,0.0,0.0,0.0,0.0,,0
x_aq_idu_top/x_aq_idu_id_wbt/x_aq_idu_id_wbt_entry_reg_8/create_en,0,0.0,0.0,0.0,0.0,,0
x_aq_idu_top/x_aq_idu_id_wbt/x_aq_idu_id_wbt_entry_reg_8/create_inst_type[2:0],0,0.0,0.0,0.0,0.0,,0
x_aq_idu_top/x_aq_idu_id_wbt/x_aq_idu_id_wbt_entry_reg_9/cpurst_b,3,0.0010968921389396709,1.0352400000000002,0.9010762757549186,0.0,-0.004877847437271419,1
x_aq_idu_top/x_aq_idu_id_wbt/x_aq_idu_id_wbt_entry_reg_9/create0_en_x,0,0.0,0.0,0.0,0.0,,0
x_aq_idu_top/x_aq_idu_id_wbt/x_aq_idu_id_wbt_entry_reg_9/create1_en_x,0,0.0,0.0,0.0,0.0,,0
x_aq_idu_top/x_aq_idu_id_wbt/x_aq_idu_id_wbt_entry_reg_9/create_clk,0,0.0,0.0,0.0,0.0,,0
x_aq_idu_top/x_aq_idu_id_wbt/x_aq_idu_id_wbt_entry_reg_9/dp_wbt_dst0_type[2:0],46,0.016819012797074956,1.7120895652173915,1.4902083470354166,0.43478260869565216,-0.03316038645157922,3
x_aq_idu_top/x_aq_idu_id_wbt/x_aq_idu_id_wbt_entry_reg_9/dp_wbt_dst1_type[2:0],13,0.004753199268738574,1.333286153846154,1.1604966210958731,0.0,-0.03400463161477617,1
x_aq_idu_top/x_aq_idu_id_wbt/x_aq_idu_id_wbt_entry_reg_9/iu_yy_xx_cancel,0,0.0,0.0,0.0,0.0,,0
x_aq_idu_top/x_aq_idu_id_wbt/x_aq_idu_id_wbt_entry_reg_9/read_data_y[6:0],7,0.002559414990859232,1.3719599999999998,1.1941584630469435,0.0,0.1415210632476549,3
x_aq_idu_top/x_aq_idu_id_wbt/x_aq_idu_id_wbt_entry_reg_9/rtu_idu_flush_wbt,0,0.0,0.0,0.0,0.0,,0
x_aq_idu_top/x_aq_idu_id_wbt/x_aq_idu_id_wbt_entry_reg_9/wb_clk,0,0.0,0.0,0.0,0.0,,0
x_aq_idu_top/x_aq_idu_id_wbt/x_aq_idu_id_wbt_entry_reg_9/wb_debug_x,3,0.0010968921389396709,1.2452399999999997,1.0838609613433159,0.0,0.05286471595469363,1
x_aq_idu_top/x_aq_idu_id_wbt/x_aq_idu_id_wbt_entry_reg_9/wb_en_x,0,0.0,0.0,0.0,0.0,,0
x_aq_idu_top/x_aq_idu_id_wbt/x_aq_idu_id_wbt_entry_reg_9/cnt_is_1,2,0.0007312614259597807,2.3895,2.0798286010165543,0.0,-0.0065221517790454925,1
x_aq_idu_top/x_aq_idu_id_wbt/x_aq_idu_id_wbt_entry_reg_9/cnt_is_2,0,0.0,0.0,0.0,0.0,,0
x_aq_idu_top/x_aq_idu_id_wbt/x_aq_idu_id_wbt_entry_reg_9/create_en,0,0.0,0.0,0.0,0.0,,0
x_aq_idu_top/x_aq_idu_id_wbt/x_aq_idu_id_wbt_entry_reg_9/create_inst_type[2:0],0,0.0,0.0,0.0,0.0,,0
x_aq_idu_top/x_aq_idu_id_wbt/x_aq_idu_id_wbt_entry_reg_10/cpurst_b,3,0.0010968921389396709,1.0352400000000002,0.9010762757549186,0.0,-0.004877847437271419,1
x_aq_idu_top/x_aq_idu_id_wbt/x_aq_idu_id_wbt_entry_reg_10/create0_en_x,0,0.0,0.0,0.0,0.0,,0
x_aq_idu_top/x_aq_idu_id_wbt/x_aq_idu_id_wbt_entry_reg_10/create1_en_x,0,0.0,0.0,0.0,0.0,,0
x_aq_idu_top/x_aq_idu_id_wbt/x_aq_idu_id_wbt_entry_reg_10/create_clk,0,0.0,0.0,0.0,0.0,,0
x_aq_idu_top/x_aq_idu_id_wbt/x_aq_idu_id_wbt_entry_reg_10/dp_wbt_dst0_type[2:0],46,0.016819012797074956,1.7120895652173915,1.4902083470354166,0.43478260869565216,-0.03316038645157922,3
x_aq_idu_top/x_aq_idu_id_wbt/x_aq_idu_id_wbt_entry_reg_10/dp_wbt_dst1_type[2:0],13,0.004753199268738574,1.333286153846154,1.1604966210958731,0.0,-0.03400463161477617,1
x_aq_idu_top/x_aq_idu_id_wbt/x_aq_idu_id_wbt_entry_reg_10/iu_yy_xx_cancel,0,0.0,0.0,0.0,0.0,,0
x_aq_idu_top/x_aq_idu_id_wbt/x_aq_idu_id_wbt_entry_reg_10/read_data_y[6:0],41,0.014990859232175503,1.5123590243902438,1.3163622322378412,0.12195121951219512,0.17534383157775754,3
x_aq_idu_top/x_aq_idu_id_wbt/x_aq_idu_id_wbt_entry_reg_10/rtu_idu_flush_wbt,0,0.0,0.0,0.0,0.0,,0
x_aq_idu_top/x_aq_idu_id_wbt/x_aq_idu_id_wbt_entry_reg_10/wb_clk,0,0.0,0.0,0.0,0.0,,0
x_aq_idu_top/x_aq_idu_id_wbt/x_aq_idu_id_wbt_entry_reg_10/wb_debug_x,20,0.007312614259597806,1.7662860000000002,1.5373811008056606,0.15,-0.056002795984736446,1
x_aq_idu_top/x_aq_idu_id_wbt/x_aq_idu_id_wbt_entry_reg_10/wb_en_x,0,0.0,0.0,0.0,0.0,,0
x_aq_idu_top/x_aq_idu_id_wbt/x_aq_idu_id_wbt_entry_reg_10/cnt_is_1,19,0.006946983546617916,1.346947368421053,1.1723873868617232,0.10526315789473684,0.09176426907402895,1
x_aq_idu_top/x_aq_idu_id_wbt/x_aq_idu_id_wbt_entry_reg_10/cnt_is_2,0,0.0,0.0,0.0,0.0,,0
x_aq_idu_top/x_aq_idu_id_wbt/x_aq_idu_id_wbt_entry_reg_10/create_en,0,0.0,0.0,0.0,0.0,,0
x_aq_idu_top/x_aq_idu_id_wbt/x_aq_idu_id_wbt_entry_reg_10/create_inst_type[2:0],0,0.0,0.0,0.0,0.0,,0
x_aq_idu_top/x_aq_idu_id_wbt/x_aq_idu_id_wbt_entry_reg_11/cpurst_b,3,0.0010968921389396709,1.0352400000000002,0.9010762757549186,0.0,-0.004877847437271419,1
x_aq_idu_top/x_aq_idu_id_wbt/x_aq_idu_id_wbt_entry_reg_11/create0_en_x,0,0.0,0.0,0.0,0.0,,0
x_aq_idu_top/x_aq_idu_id_wbt/x_aq_idu_id_wbt_entry_reg_11/create1_en_x,0,0.0,0.0,0.0,0.0,,0
x_aq_idu_top/x_aq_idu_id_wbt/x_aq_idu_id_wbt_entry_reg_11/create_clk,0,0.0,0.0,0.0,0.0,,0
x_aq_idu_top/x_aq_idu_id_wbt/x_aq_idu_id_wbt_entry_reg_11/dp_wbt_dst0_type[2:0],46,0.016819012797074956,1.7120895652173915,1.4902083470354166,0.43478260869565216,-0.03316038645157922,3
x_aq_idu_top/x_aq_idu_id_wbt/x_aq_idu_id_wbt_entry_reg_11/dp_wbt_dst1_type[2:0],13,0.004753199268738574,1.333286153846154,1.1604966210958731,0.0,-0.03400463161477617,1
x_aq_idu_top/x_aq_idu_id_wbt/x_aq_idu_id_wbt_entry_reg_11/iu_yy_xx_cancel,0,0.0,0.0,0.0,0.0,,0
x_aq_idu_top/x_aq_idu_id_wbt/x_aq_idu_id_wbt_entry_reg_11/read_data_y[6:0],7,0.002559414990859232,1.0648171428571425,0.9268203174584704,0.0,0.14552416663047227,3
x_aq_idu_top/x_aq_idu_id_wbt/x_aq_idu_id_wbt_entry_reg_11/rtu_idu_flush_wbt,0,0.0,0.0,0.0,0.0,,0
x_aq_idu_top/x_aq_idu_id_wbt/x_aq_idu_id_wbt_entry_reg_11/wb_clk,0,0.0,0.0,0.0,0.0,,0
x_aq_idu_top/x_aq_idu_id_wbt/x_aq_idu_id_wbt_entry_reg_11/wb_debug_x,3,0.0010968921389396709,1.7689066666666662,1.5396621376280346,0.0,0.04910897487160431,1
x_aq_idu_top/x_aq_idu_id_wbt/x_aq_idu_id_wbt_entry_reg_11/wb_en_x,0,0.0,0.0,0.0,0.0,,0
x_aq_idu_top/x_aq_idu_id_wbt/x_aq_idu_id_wbt_entry_reg_11/cnt_is_1,2,0.0007312614259597807,0.5289999999999999,0.4604433270298209,0.0,0.016079895381671892,1
x_aq_idu_top/x_aq_idu_id_wbt/x_aq_idu_id_wbt_entry_reg_11/cnt_is_2,0,0.0,0.0,0.0,0.0,,0
x_aq_idu_top/x_aq_idu_id_wbt/x_aq_idu_id_wbt_entry_reg_11/create_en,0,0.0,0.0,0.0,0.0,,0
x_aq_idu_top/x_aq_idu_id_wbt/x_aq_idu_id_wbt_entry_reg_11/create_inst_type[2:0],0,0.0,0.0,0.0,0.0,,0
x_aq_idu_top/x_aq_idu_id_wbt/x_aq_idu_id_wbt_entry_reg_12/cpurst_b,3,0.0010968921389396709,1.0352400000000002,0.9010762757549186,0.0,-0.004877847437271419,1
x_aq_idu_top/x_aq_idu_id_wbt/x_aq_idu_id_wbt_entry_reg_12/create0_en_x,0,0.0,0.0,0.0,0.0,,0
x_aq_idu_top/x_aq_idu_id_wbt/x_aq_idu_id_wbt_entry_reg_12/create1_en_x,0,0.0,0.0,0.0,0.0,,0
x_aq_idu_top/x_aq_idu_id_wbt/x_aq_idu_id_wbt_entry_reg_12/create_clk,0,0.0,0.0,0.0,0.0,,0
x_aq_idu_top/x_aq_idu_id_wbt/x_aq_idu_id_wbt_entry_reg_12/dp_wbt_dst0_type[2:0],46,0.016819012797074956,1.7120895652173915,1.4902083470354166,0.43478260869565216,-0.03316038645157922,3
x_aq_idu_top/x_aq_idu_id_wbt/x_aq_idu_id_wbt_entry_reg_12/dp_wbt_dst1_type[2:0],13,0.004753199268738574,1.333286153846154,1.1604966210958731,0.0,-0.03400463161477617,1
x_aq_idu_top/x_aq_idu_id_wbt/x_aq_idu_id_wbt_entry_reg_12/iu_yy_xx_cancel,0,0.0,0.0,0.0,0.0,,0
x_aq_idu_top/x_aq_idu_id_wbt/x_aq_idu_id_wbt_entry_reg_12/read_data_y[6:0],7,0.002559414990859232,1.2986742857142854,1.1303703380762984,0.0,0.1414934940933944,3
x_aq_idu_top/x_aq_idu_id_wbt/x_aq_idu_id_wbt_entry_reg_12/rtu_idu_flush_wbt,0,0.0,0.0,0.0,0.0,,0
x_aq_idu_top/x_aq_idu_id_wbt/x_aq_idu_id_wbt_entry_reg_12/wb_clk,0,0.0,0.0,0.0,0.0,,0
x_aq_idu_top/x_aq_idu_id_wbt/x_aq_idu_id_wbt_entry_reg_12/wb_debug_x,3,0.0010968921389396709,1.3712399999999996,1.1935317726963544,0.0,0.05629703477013272,1
x_aq_idu_top/x_aq_idu_id_wbt/x_aq_idu_id_wbt_entry_reg_12/wb_en_x,0,0.0,0.0,0.0,0.0,,0
x_aq_idu_top/x_aq_idu_id_wbt/x_aq_idu_id_wbt_entry_reg_12/cnt_is_1,2,0.0007312614259597807,1.9440000000000004,1.6920639465897394,0.0,0.03138063773242751,1
x_aq_idu_top/x_aq_idu_id_wbt/x_aq_idu_id_wbt_entry_reg_12/cnt_is_2,0,0.0,0.0,0.0,0.0,,0
x_aq_idu_top/x_aq_idu_id_wbt/x_aq_idu_id_wbt_entry_reg_12/create_en,0,0.0,0.0,0.0,0.0,,0
x_aq_idu_top/x_aq_idu_id_wbt/x_aq_idu_id_wbt_entry_reg_12/create_inst_type[2:0],0,0.0,0.0,0.0,0.0,,0
x_aq_idu_top/x_aq_idu_id_wbt/x_aq_idu_id_wbt_entry_reg_13/cpurst_b,3,0.0010968921389396709,1.0352400000000002,0.9010762757549186,0.0,-0.004877847437271419,1
x_aq_idu_top/x_aq_idu_id_wbt/x_aq_idu_id_wbt_entry_reg_13/create0_en_x,0,0.0,0.0,0.0,0.0,,0
x_aq_idu_top/x_aq_idu_id_wbt/x_aq_idu_id_wbt_entry_reg_13/create1_en_x,0,0.0,0.0,0.0,0.0,,0
x_aq_idu_top/x_aq_idu_id_wbt/x_aq_idu_id_wbt_entry_reg_13/create_clk,0,0.0,0.0,0.0,0.0,,0
x_aq_idu_top/x_aq_idu_id_wbt/x_aq_idu_id_wbt_entry_reg_13/dp_wbt_dst0_type[2:0],46,0.016819012797074956,1.7120895652173915,1.4902083470354166,0.43478260869565216,-0.03316038645157922,3
x_aq_idu_top/x_aq_idu_id_wbt/x_aq_idu_id_wbt_entry_reg_13/dp_wbt_dst1_type[2:0],13,0.004753199268738574,1.333286153846154,1.1604966210958731,0.0,-0.03400463161477617,1
x_aq_idu_top/x_aq_idu_id_wbt/x_aq_idu_id_wbt_entry_reg_13/iu_yy_xx_cancel,0,0.0,0.0,0.0,0.0,,0
x_aq_idu_top/x_aq_idu_id_wbt/x_aq_idu_id_wbt_entry_reg_13/read_data_y[6:0],7,0.002559414990859232,1.2153885714285713,1.057878180458587,0.0,0.13716196933325697,3
x_aq_idu_top/x_aq_idu_id_wbt/x_aq_idu_id_wbt_entry_reg_13/rtu_idu_flush_wbt,0,0.0,0.0,0.0,0.0,,0
x_aq_idu_top/x_aq_idu_id_wbt/x_aq_idu_id_wbt_entry_reg_13/wb_clk,0,0.0,0.0,0.0,0.0,,0
x_aq_idu_top/x_aq_idu_id_wbt/x_aq_idu_id_wbt_entry_reg_13/wb_debug_x,3,0.0010968921389396709,1.3082399999999998,1.1386963670198353,0.0,0.05597765528082798,1
x_aq_idu_top/x_aq_idu_id_wbt/x_aq_idu_id_wbt_entry_reg_13/wb_en_x,0,0.0,0.0,0.0,0.0,,0
x_aq_idu_top/x_aq_idu_id_wbt/x_aq_idu_id_wbt_entry_reg_13/cnt_is_1,2,0.0007312614259597807,1.7469999999999997,1.5205945034425274,0.0,0.029853472383730383,1
x_aq_idu_top/x_aq_idu_id_wbt/x_aq_idu_id_wbt_entry_reg_13/cnt_is_2,0,0.0,0.0,0.0,0.0,,0
x_aq_idu_top/x_aq_idu_id_wbt/x_aq_idu_id_wbt_entry_reg_13/create_en,0,0.0,0.0,0.0,0.0,,0
x_aq_idu_top/x_aq_idu_id_wbt/x_aq_idu_id_wbt_entry_reg_13/create_inst_type[2:0],0,0.0,0.0,0.0,0.0,,0
x_aq_idu_top/x_aq_idu_id_wbt/x_aq_idu_id_wbt_entry_reg_14/cpurst_b,3,0.0010968921389396709,1.0352400000000002,0.9010762757549186,0.0,-0.004877847437271419,1
x_aq_idu_top/x_aq_idu_id_wbt/x_aq_idu_id_wbt_entry_reg_14/create0_en_x,0,0.0,0.0,0.0,0.0,,0
x_aq_idu_top/x_aq_idu_id_wbt/x_aq_idu_id_wbt_entry_reg_14/create1_en_x,0,0.0,0.0,0.0,0.0,,0
x_aq_idu_top/x_aq_idu_id_wbt/x_aq_idu_id_wbt_entry_reg_14/create_clk,0,0.0,0.0,0.0,0.0,,0
x_aq_idu_top/x_aq_idu_id_wbt/x_aq_idu_id_wbt_entry_reg_14/dp_wbt_dst0_type[2:0],46,0.016819012797074956,1.7120895652173915,1.4902083470354166,0.43478260869565216,-0.03316038645157922,3
x_aq_idu_top/x_aq_idu_id_wbt/x_aq_idu_id_wbt_entry_reg_14/dp_wbt_dst1_type[2:0],13,0.004753199268738574,1.333286153846154,1.1604966210958731,0.0,-0.03400463161477617,1
x_aq_idu_top/x_aq_idu_id_wbt/x_aq_idu_id_wbt_entry_reg_14/iu_yy_xx_cancel,0,0.0,0.0,0.0,0.0,,0
x_aq_idu_top/x_aq_idu_id_wbt/x_aq_idu_id_wbt_entry_reg_14/read_data_y[6:0],7,0.002559414990859232,0.9828171428571428,0.855447249752525,0.0,0.13968837845823867,3
x_aq_idu_top/x_aq_idu_id_wbt/x_aq_idu_id_wbt_entry_reg_14/rtu_idu_flush_wbt,0,0.0,0.0,0.0,0.0,,0
x_aq_idu_top/x_aq_idu_id_wbt/x_aq_idu_id_wbt_entry_reg_14/wb_clk,0,0.0,0.0,0.0,0.0,,0
x_aq_idu_top/x_aq_idu_id_wbt/x_aq_idu_id_wbt_entry_reg_14/wb_debug_x,3,0.0010968921389396709,1.6072400000000002,1.3989469431671258,0.0,0.049468782144365335,1
x_aq_idu_top/x_aq_idu_id_wbt/x_aq_idu_id_wbt_entry_reg_14/wb_en_x,0,0.0,0.0,0.0,0.0,,0
x_aq_idu_top/x_aq_idu_id_wbt/x_aq_idu_id_wbt_entry_reg_14/cnt_is_1,2,0.0007312614259597807,0.4844999999999997,0.4217103817503745,0.0,0.016021717654102475,1
x_aq_idu_top/x_aq_idu_id_wbt/x_aq_idu_id_wbt_entry_reg_14/cnt_is_2,0,0.0,0.0,0.0,0.0,,0
x_aq_idu_top/x_aq_idu_id_wbt/x_aq_idu_id_wbt_entry_reg_14/create_en,0,0.0,0.0,0.0,0.0,,0
x_aq_idu_top/x_aq_idu_id_wbt/x_aq_idu_id_wbt_entry_reg_14/create_inst_type[2:0],0,0.0,0.0,0.0,0.0,,0
x_aq_idu_top/x_aq_idu_id_wbt/x_aq_idu_id_wbt_entry_reg_15/cpurst_b,3,0.0010968921389396709,1.0352400000000002,0.9010762757549186,0.0,-0.004877847437271419,1
x_aq_idu_top/x_aq_idu_id_wbt/x_aq_idu_id_wbt_entry_reg_15/create0_en_x,0,0.0,0.0,0.0,0.0,,0
x_aq_idu_top/x_aq_idu_id_wbt/x_aq_idu_id_wbt_entry_reg_15/create1_en_x,0,0.0,0.0,0.0,0.0,,0
x_aq_idu_top/x_aq_idu_id_wbt/x_aq_idu_id_wbt_entry_reg_15/create_clk,0,0.0,0.0,0.0,0.0,,0
x_aq_idu_top/x_aq_idu_id_wbt/x_aq_idu_id_wbt_entry_reg_15/dp_wbt_dst0_type[2:0],46,0.016819012797074956,1.7120895652173915,1.4902083470354166,0.43478260869565216,-0.03316038645157922,3
x_aq_idu_top/x_aq_idu_id_wbt/x_aq_idu_id_wbt_entry_reg_15/dp_wbt_dst1_type[2:0],13,0.004753199268738574,1.333286153846154,1.1604966210958731,0.0,-0.03400463161477617,1
x_aq_idu_top/x_aq_idu_id_wbt/x_aq_idu_id_wbt_entry_reg_15/iu_yy_xx_cancel,0,0.0,0.0,0.0,0.0,,0
x_aq_idu_top/x_aq_idu_id_wbt/x_aq_idu_id_wbt_entry_reg_15/read_data_y[6:0],7,0.002559414990859232,1.3105314285714285,1.140690833929249,0.0,0.13307024868818973,3
x_aq_idu_top/x_aq_idu_id_wbt/x_aq_idu_id_wbt_entry_reg_15/rtu_idu_flush_wbt,0,0.0,0.0,0.0,0.0,,0
x_aq_idu_top/x_aq_idu_id_wbt/x_aq_idu_id_wbt_entry_reg_15/wb_clk,0,0.0,0.0,0.0,0.0,,0
x_aq_idu_top/x_aq_idu_id_wbt/x_aq_idu_id_wbt_entry_reg_15/wb_debug_x,3,0.0010968921389396709,1.4735733333333336,1.2826030401180029,0.0,0.05522165573019533,1
x_aq_idu_top/x_aq_idu_id_wbt/x_aq_idu_id_wbt_entry_reg_15/wb_en_x,0,0.0,0.0,0.0,0.0,,0
x_aq_idu_top/x_aq_idu_id_wbt/x_aq_idu_id_wbt_entry_reg_15/cnt_is_1,2,0.0007312614259597807,1.8319999999999999,1.5945787809425933,0.0,0.03158425977892044,1
x_aq_idu_top/x_aq_idu_id_wbt/x_aq_idu_id_wbt_entry_reg_15/cnt_is_2,0,0.0,0.0,0.0,0.0,,0
x_aq_idu_top/x_aq_idu_id_wbt/x_aq_idu_id_wbt_entry_reg_15/create_en,0,0.0,0.0,0.0,0.0,,0
x_aq_idu_top/x_aq_idu_id_wbt/x_aq_idu_id_wbt_entry_reg_15/create_inst_type[2:0],0,0.0,0.0,0.0,0.0,,0
x_aq_idu_top/x_aq_idu_id_wbt/x_aq_idu_id_wbt_entry_reg_16/cpurst_b,3,0.0010968921389396709,1.0352400000000002,0.9010762757549186,0.0,-0.004877847437271419,1
x_aq_idu_top/x_aq_idu_id_wbt/x_aq_idu_id_wbt_entry_reg_16/create0_en_x,0,0.0,0.0,0.0,0.0,,0
x_aq_idu_top/x_aq_idu_id_wbt/x_aq_idu_id_wbt_entry_reg_16/create1_en_x,0,0.0,0.0,0.0,0.0,,0
x_aq_idu_top/x_aq_idu_id_wbt/x_aq_idu_id_wbt_entry_reg_16/create_clk,0,0.0,0.0,0.0,0.0,,0
x_aq_idu_top/x_aq_idu_id_wbt/x_aq_idu_id_wbt_entry_reg_16/dp_wbt_dst0_type[2:0],46,0.016819012797074956,1.7120895652173915,1.4902083470354166,0.43478260869565216,-0.03316038645157922,3
x_aq_idu_top/x_aq_idu_id_wbt/x_aq_idu_id_wbt_entry_reg_16/dp_wbt_dst1_type[2:0],13,0.004753199268738574,1.333286153846154,1.1604966210958731,0.0,-0.03400463161477617,1
x_aq_idu_top/x_aq_idu_id_wbt/x_aq_idu_id_wbt_entry_reg_16/iu_yy_xx_cancel,0,0.0,0.0,0.0,0.0,,0
x_aq_idu_top/x_aq_idu_id_wbt/x_aq_idu_id_wbt_entry_reg_16/read_data_y[6:0],7,0.002559414990859232,1.4222457142857141,1.2379273129293353,0.0,0.12549418006884752,3
x_aq_idu_top/x_aq_idu_id_wbt/x_aq_idu_id_wbt_entry_reg_16/rtu_idu_flush_wbt,0,0.0,0.0,0.0,0.0,,0
x_aq_idu_top/x_aq_idu_id_wbt/x_aq_idu_id_wbt_entry_reg_16/wb_clk,0,0.0,0.0,0.0,0.0,,0
x_aq_idu_top/x_aq_idu_id_wbt/x_aq_idu_id_wbt_entry_reg_16/wb_debug_x,3,0.0010968921389396709,1.289573333333333,1.1224488394119776,0.0,0.05227042753788623,1
x_aq_idu_top/x_aq_idu_id_wbt/x_aq_idu_id_wbt_entry_reg_16/wb_en_x,0,0.0,0.0,0.0,0.0,,0
x_aq_idu_top/x_aq_idu_id_wbt/x_aq_idu_id_wbt_entry_reg_16/cnt_is_1,2,0.0007312614259597807,2.4990000000000006,2.1751377585019336,0.0,-0.00687121814446199,1
x_aq_idu_top/x_aq_idu_id_wbt/x_aq_idu_id_wbt_entry_reg_16/cnt_is_2,0,0.0,0.0,0.0,0.0,,0
x_aq_idu_top/x_aq_idu_id_wbt/x_aq_idu_id_wbt_entry_reg_16/create_en,0,0.0,0.0,0.0,0.0,,0
x_aq_idu_top/x_aq_idu_id_wbt/x_aq_idu_id_wbt_entry_reg_16/create_inst_type[2:0],0,0.0,0.0,0.0,0.0,,0
x_aq_idu_top/x_aq_idu_id_wbt/x_aq_idu_id_wbt_entry_reg_17/cpurst_b,3,0.0010968921389396709,1.0352400000000002,0.9010762757549186,0.0,-0.004877847437271419,1
x_aq_idu_top/x_aq_idu_id_wbt/x_aq_idu_id_wbt_entry_reg_17/create0_en_x,0,0.0,0.0,0.0,0.0,,0
x_aq_idu_top/x_aq_idu_id_wbt/x_aq_idu_id_wbt_entry_reg_17/create1_en_x,0,0.0,0.0,0.0,0.0,,0
x_aq_idu_top/x_aq_idu_id_wbt/x_aq_idu_id_wbt_entry_reg_17/create_clk,0,0.0,0.0,0.0,0.0,,0
x_aq_idu_top/x_aq_idu_id_wbt/x_aq_idu_id_wbt_entry_reg_17/dp_wbt_dst0_type[2:0],46,0.016819012797074956,1.7120895652173915,1.4902083470354166,0.43478260869565216,-0.03316038645157922,3
x_aq_idu_top/x_aq_idu_id_wbt/x_aq_idu_id_wbt_entry_reg_17/dp_wbt_dst1_type[2:0],13,0.004753199268738574,1.333286153846154,1.1604966210958731,0.0,-0.03400463161477617,1
x_aq_idu_top/x_aq_idu_id_wbt/x_aq_idu_id_wbt_entry_reg_17/iu_yy_xx_cancel,0,0.0,0.0,0.0,0.0,,0
x_aq_idu_top/x_aq_idu_id_wbt/x_aq_idu_id_wbt_entry_reg_17/read_data_y[6:0],7,0.002559414990859232,1.0938171428571428,0.9520620121349637,0.0,0.1298904206487121,3
x_aq_idu_top/x_aq_idu_id_wbt/x_aq_idu_id_wbt_entry_reg_17/rtu_idu_flush_wbt,0,0.0,0.0,0.0,0.0,,0
x_aq_idu_top/x_aq_idu_id_wbt/x_aq_idu_id_wbt_entry_reg_17/wb_clk,0,0.0,0.0,0.0,0.0,,0
x_aq_idu_top/x_aq_idu_id_wbt/x_aq_idu_id_wbt_entry_reg_17/wb_debug_x,3,0.0010968921389396709,1.8539066666666668,1.613646415128101,0.0,0.049440482695945885,1
x_aq_idu_top/x_aq_idu_id_wbt/x_aq_idu_id_wbt_entry_reg_17/wb_en_x,0,0.0,0.0,0.0,0.0,,0
x_aq_idu_top/x_aq_idu_id_wbt/x_aq_idu_id_wbt_entry_reg_17/cnt_is_1,2,0.0007312614259597807,0.5030000000000001,0.437812842147448,0.0,0.01587627333517894,1
x_aq_idu_top/x_aq_idu_id_wbt/x_aq_idu_id_wbt_entry_reg_17/cnt_is_2,0,0.0,0.0,0.0,0.0,,0
x_aq_idu_top/x_aq_idu_id_wbt/x_aq_idu_id_wbt_entry_reg_17/create_en,0,0.0,0.0,0.0,0.0,,0
x_aq_idu_top/x_aq_idu_id_wbt/x_aq_idu_id_wbt_entry_reg_17/create_inst_type[2:0],0,0.0,0.0,0.0,0.0,,0
x_aq_idu_top/x_aq_idu_id_wbt/x_aq_idu_id_wbt_entry_reg_18/cpurst_b,3,0.0010968921389396709,1.0352400000000002,0.9010762757549186,0.0,-0.004877847437271419,1
x_aq_idu_top/x_aq_idu_id_wbt/x_aq_idu_id_wbt_entry_reg_18/create0_en_x,0,0.0,0.0,0.0,0.0,,0
x_aq_idu_top/x_aq_idu_id_wbt/x_aq_idu_id_wbt_entry_reg_18/create1_en_x,0,0.0,0.0,0.0,0.0,,0
x_aq_idu_top/x_aq_idu_id_wbt/x_aq_idu_id_wbt_entry_reg_18/create_clk,0,0.0,0.0,0.0,0.0,,0
x_aq_idu_top/x_aq_idu_id_wbt/x_aq_idu_id_wbt_entry_reg_18/dp_wbt_dst0_type[2:0],46,0.016819012797074956,1.7120895652173915,1.4902083470354166,0.43478260869565216,-0.03316038645157922,3
x_aq_idu_top/x_aq_idu_id_wbt/x_aq_idu_id_wbt_entry_reg_18/dp_wbt_dst1_type[2:0],13,0.004753199268738574,1.333286153846154,1.1604966210958731,0.0,-0.03400463161477617,1
x_aq_idu_top/x_aq_idu_id_wbt/x_aq_idu_id_wbt_entry_reg_18/iu_yy_xx_cancel,0,0.0,0.0,0.0,0.0,,0
x_aq_idu_top/x_aq_idu_id_wbt/x_aq_idu_id_wbt_entry_reg_18/read_data_y[6:0],7,0.002559414990859232,1.1091028571428574,0.9653667477526229,0.0,0.12869084890169852,3
x_aq_idu_top/x_aq_idu_id_wbt/x_aq_idu_id_wbt_entry_reg_18/rtu_idu_flush_wbt,0,0.0,0.0,0.0,0.0,,0
x_aq_idu_top/x_aq_idu_id_wbt/x_aq_idu_id_wbt_entry_reg_18/wb_clk,0,0.0,0.0,0.0,0.0,,0
x_aq_idu_top/x_aq_idu_id_wbt/x_aq_idu_id_wbt_entry_reg_18/wb_debug_x,3,0.0010968921389396709,1.9162400000000002,1.6679015519614824,0.0,0.0495455949329323,1
x_aq_idu_top/x_aq_idu_id_wbt/x_aq_idu_id_wbt_entry_reg_18/wb_en_x,0,0.0,0.0,0.0,0.0,,0
x_aq_idu_top/x_aq_idu_id_wbt/x_aq_idu_id_wbt_entry_reg_18/cnt_is_1,2,0.0007312614259597807,0.4630000000000005,0.4029967115591821,0.0,0.016661672657366018,1
x_aq_idu_top/x_aq_idu_id_wbt/x_aq_idu_id_wbt_entry_reg_18/cnt_is_2,0,0.0,0.0,0.0,0.0,,0
x_aq_idu_top/x_aq_idu_id_wbt/x_aq_idu_id_wbt_entry_reg_18/create_en,0,0.0,0.0,0.0,0.0,,0
x_aq_idu_top/x_aq_idu_id_wbt/x_aq_idu_id_wbt_entry_reg_18/create_inst_type[2:0],0,0.0,0.0,0.0,0.0,,0
x_aq_idu_top/x_aq_idu_id_wbt/x_aq_idu_id_wbt_entry_reg_19/cpurst_b,3,0.0010968921389396709,1.0352400000000002,0.9010762757549186,0.0,-0.004877847437271419,1
x_aq_idu_top/x_aq_idu_id_wbt/x_aq_idu_id_wbt_entry_reg_19/create0_en_x,0,0.0,0.0,0.0,0.0,,0
x_aq_idu_top/x_aq_idu_id_wbt/x_aq_idu_id_wbt_entry_reg_19/create1_en_x,0,0.0,0.0,0.0,0.0,,0
x_aq_idu_top/x_aq_idu_id_wbt/x_aq_idu_id_wbt_entry_reg_19/create_clk,0,0.0,0.0,0.0,0.0,,0
x_aq_idu_top/x_aq_idu_id_wbt/x_aq_idu_id_wbt_entry_reg_19/dp_wbt_dst0_type[2:0],46,0.016819012797074956,1.7120895652173915,1.4902083470354166,0.43478260869565216,-0.03316038645157922,3
x_aq_idu_top/x_aq_idu_id_wbt/x_aq_idu_id_wbt_entry_reg_19/dp_wbt_dst1_type[2:0],13,0.004753199268738574,1.333286153846154,1.1604966210958731,0.0,-0.03400463161477617,1
x_aq_idu_top/x_aq_idu_id_wbt/x_aq_idu_id_wbt_entry_reg_19/iu_yy_xx_cancel,0,0.0,0.0,0.0,0.0,,0
x_aq_idu_top/x_aq_idu_id_wbt/x_aq_idu_id_wbt_entry_reg_19/read_data_y[6:0],7,0.002559414990859232,1.390245714285714,1.2100744084587223,0.0,0.11574702678311038,3
x_aq_idu_top/x_aq_idu_id_wbt/x_aq_idu_id_wbt_entry_reg_19/rtu_idu_flush_wbt,0,0.0,0.0,0.0,0.0,,0
x_aq_idu_top/x_aq_idu_id_wbt/x_aq_idu_id_wbt_entry_reg_19/wb_clk,0,0.0,0.0,0.0,0.0,,0
x_aq_idu_top/x_aq_idu_id_wbt/x_aq_idu_id_wbt_entry_reg_19/wb_debug_x,3,0.0010968921389396709,1.2852399999999995,1.118677091931582,0.0,0.05211680196075227,1
x_aq_idu_top/x_aq_idu_id_wbt/x_aq_idu_id_wbt_entry_reg_19/wb_en_x,0,0.0,0.0,0.0,0.0,,0
x_aq_idu_top/x_aq_idu_id_wbt/x_aq_idu_id_wbt_entry_reg_19/cnt_is_1,2,0.0007312614259597807,2.3935000000000004,2.083310214075381,0.0,-0.005664030297396649,1
x_aq_idu_top/x_aq_idu_id_wbt/x_aq_idu_id_wbt_entry_reg_19/cnt_is_2,0,0.0,0.0,0.0,0.0,,0
x_aq_idu_top/x_aq_idu_id_wbt/x_aq_idu_id_wbt_entry_reg_19/create_en,0,0.0,0.0,0.0,0.0,,0
x_aq_idu_top/x_aq_idu_id_wbt/x_aq_idu_id_wbt_entry_reg_19/create_inst_type[2:0],0,0.0,0.0,0.0,0.0,,0
x_aq_idu_top/x_aq_idu_id_wbt/x_aq_idu_id_wbt_entry_reg_20/cpurst_b,3,0.0010968921389396709,1.0352400000000002,0.9010762757549186,0.0,-0.004877847437271419,1
x_aq_idu_top/x_aq_idu_id_wbt/x_aq_idu_id_wbt_entry_reg_20/create0_en_x,0,0.0,0.0,0.0,0.0,,0
x_aq_idu_top/x_aq_idu_id_wbt/x_aq_idu_id_wbt_entry_reg_20/create1_en_x,0,0.0,0.0,0.0,0.0,,0
x_aq_idu_top/x_aq_idu_id_wbt/x_aq_idu_id_wbt_entry_reg_20/create_clk,0,0.0,0.0,0.0,0.0,,0
x_aq_idu_top/x_aq_idu_id_wbt/x_aq_idu_id_wbt_entry_reg_20/dp_wbt_dst0_type[2:0],46,0.016819012797074956,1.7120895652173915,1.4902083470354166,0.43478260869565216,-0.03316038645157922,3
x_aq_idu_top/x_aq_idu_id_wbt/x_aq_idu_id_wbt_entry_reg_20/dp_wbt_dst1_type[2:0],13,0.004753199268738574,1.333286153846154,1.1604966210958731,0.0,-0.03400463161477617,1
x_aq_idu_top/x_aq_idu_id_wbt/x_aq_idu_id_wbt_entry_reg_20/iu_yy_xx_cancel,0,0.0,0.0,0.0,0.0,,0
x_aq_idu_top/x_aq_idu_id_wbt/x_aq_idu_id_wbt_entry_reg_20/read_data_y[6:0],7,0.002559414990859232,1.2659599999999998,1.101895716988038,0.0,0.1199501632916919,3
x_aq_idu_top/x_aq_idu_id_wbt/x_aq_idu_id_wbt_entry_reg_20/rtu_idu_flush_wbt,0,0.0,0.0,0.0,0.0,,0
x_aq_idu_top/x_aq_idu_id_wbt/x_aq_idu_id_wbt_entry_reg_20/wb_clk,0,0.0,0.0,0.0,0.0,,0
x_aq_idu_top/x_aq_idu_id_wbt/x_aq_idu_id_wbt_entry_reg_20/wb_debug_x,3,0.0010968921389396709,1.5112400000000001,1.3153882297552868,0.0,0.055771473585200904,1
x_aq_idu_top/x_aq_idu_id_wbt/x_aq_idu_id_wbt_entry_reg_20/wb_en_x,0,0.0,0.0,0.0,0.0,,0
x_aq_idu_top/x_aq_idu_id_wbt/x_aq_idu_id_wbt_entry_reg_20/cnt_is_1,2,0.0007312614259597807,1.6194999999999997,1.4096180871924289,0.0,0.02886445101505055,1
x_aq_idu_top/x_aq_idu_id_wbt/x_aq_idu_id_wbt_entry_reg_20/cnt_is_2,0,0.0,0.0,0.0,0.0,,0
x_aq_idu_top/x_aq_idu_id_wbt/x_aq_idu_id_wbt_entry_reg_20/create_en,0,0.0,0.0,0.0,0.0,,0
x_aq_idu_top/x_aq_idu_id_wbt/x_aq_idu_id_wbt_entry_reg_20/create_inst_type[2:0],0,0.0,0.0,0.0,0.0,,0
x_aq_idu_top/x_aq_idu_id_wbt/x_aq_idu_id_wbt_entry_reg_21/cpurst_b,3,0.0010968921389396709,1.0352400000000002,0.9010762757549186,0.0,-0.004877847437271419,1
x_aq_idu_top/x_aq_idu_id_wbt/x_aq_idu_id_wbt_entry_reg_21/create0_en_x,0,0.0,0.0,0.0,0.0,,0
x_aq_idu_top/x_aq_idu_id_wbt/x_aq_idu_id_wbt_entry_reg_21/create1_en_x,0,0.0,0.0,0.0,0.0,,0
x_aq_idu_top/x_aq_idu_id_wbt/x_aq_idu_id_wbt_entry_reg_21/create_clk,0,0.0,0.0,0.0,0.0,,0
x_aq_idu_top/x_aq_idu_id_wbt/x_aq_idu_id_wbt_entry_reg_21/dp_wbt_dst0_type[2:0],46,0.016819012797074956,1.7120895652173915,1.4902083470354166,0.43478260869565216,-0.03316038645157922,3
x_aq_idu_top/x_aq_idu_id_wbt/x_aq_idu_id_wbt_entry_reg_21/dp_wbt_dst1_type[2:0],13,0.004753199268738574,1.333286153846154,1.1604966210958731,0.0,-0.03400463161477617,1
x_aq_idu_top/x_aq_idu_id_wbt/x_aq_idu_id_wbt_entry_reg_21/iu_yy_xx_cancel,0,0.0,0.0,0.0,0.0,,0
x_aq_idu_top/x_aq_idu_id_wbt/x_aq_idu_id_wbt_entry_reg_21/read_data_y[6:0],7,0.002559414990859232,1.0675314285714284,0.9291828406055315,0.0,0.11882206089454299,3
x_aq_idu_top/x_aq_idu_id_wbt/x_aq_idu_id_wbt_entry_reg_21/rtu_idu_flush_wbt,0,0.0,0.0,0.0,0.0,,0
x_aq_idu_top/x_aq_idu_id_wbt/x_aq_idu_id_wbt_entry_reg_21/wb_clk,0,0.0,0.0,0.0,0.0,,0
x_aq_idu_top/x_aq_idu_id_wbt/x_aq_idu_id_wbt_entry_reg_21/wb_debug_x,3,0.0010968921389396709,1.770573333333333,1.5411128097358793,0.0,0.049149402655060605,1
x_aq_idu_top/x_aq_idu_id_wbt/x_aq_idu_id_wbt_entry_reg_21/wb_en_x,0,0.0,0.0,0.0,0.0,,0
x_aq_idu_top/x_aq_idu_id_wbt/x_aq_idu_id_wbt_entry_reg_21/cnt_is_1,2,0.0007312614259597807,0.5359999999999996,0.4665361498827672,0.0,0.016254428564380138,1
x_aq_idu_top/x_aq_idu_id_wbt/x_aq_idu_id_wbt_entry_reg_21/cnt_is_2,0,0.0,0.0,0.0,0.0,,0
x_aq_idu_top/x_aq_idu_id_wbt/x_aq_idu_id_wbt_entry_reg_21/create_en,0,0.0,0.0,0.0,0.0,,0
x_aq_idu_top/x_aq_idu_id_wbt/x_aq_idu_id_wbt_entry_reg_21/create_inst_type[2:0],0,0.0,0.0,0.0,0.0,,0
x_aq_idu_top/x_aq_idu_id_wbt/x_aq_idu_id_wbt_entry_reg_22/cpurst_b,3,0.0010968921389396709,1.0352400000000002,0.9010762757549186,0.0,-0.004877847437271419,1
x_aq_idu_top/x_aq_idu_id_wbt/x_aq_idu_id_wbt_entry_reg_22/create0_en_x,0,0.0,0.0,0.0,0.0,,0
x_aq_idu_top/x_aq_idu_id_wbt/x_aq_idu_id_wbt_entry_reg_22/create1_en_x,0,0.0,0.0,0.0,0.0,,0
x_aq_idu_top/x_aq_idu_id_wbt/x_aq_idu_id_wbt_entry_reg_22/create_clk,0,0.0,0.0,0.0,0.0,,0
x_aq_idu_top/x_aq_idu_id_wbt/x_aq_idu_id_wbt_entry_reg_22/dp_wbt_dst0_type[2:0],46,0.016819012797074956,1.7120895652173915,1.4902083470354166,0.43478260869565216,-0.03316038645157922,3
x_aq_idu_top/x_aq_idu_id_wbt/x_aq_idu_id_wbt_entry_reg_22/dp_wbt_dst1_type[2:0],13,0.004753199268738574,1.333286153846154,1.1604966210958731,0.0,-0.03400463161477617,1
x_aq_idu_top/x_aq_idu_id_wbt/x_aq_idu_id_wbt_entry_reg_22/iu_yy_xx_cancel,0,0.0,0.0,0.0,0.0,,0
x_aq_idu_top/x_aq_idu_id_wbt/x_aq_idu_id_wbt_entry_reg_22/read_data_y[6:0],7,0.002559414990859232,1.298102857142857,1.1298729647821804,0.0,0.11445584031759791,3
x_aq_idu_top/x_aq_idu_id_wbt/x_aq_idu_id_wbt_entry_reg_22/rtu_idu_flush_wbt,0,0.0,0.0,0.0,0.0,,0
x_aq_idu_top/x_aq_idu_id_wbt/x_aq_idu_id_wbt_entry_reg_22/wb_clk,0,0.0,0.0,0.0,0.0,,0
x_aq_idu_top/x_aq_idu_id_wbt/x_aq_idu_id_wbt_entry_reg_22/wb_debug_x,3,0.0010968921389396709,1.3789066666666665,1.200204864392439,0.0,0.05623639309494828,1
x_aq_idu_top/x_aq_idu_id_wbt/x_aq_idu_id_wbt_entry_reg_22/wb_en_x,0,0.0,0.0,0.0,0.0,,0
x_aq_idu_top/x_aq_idu_id_wbt/x_aq_idu_id_wbt_entry_reg_22/cnt_is_1,2,0.0007312614259597807,1.9304999999999997,1.6803135025161988,0.0,0.03132246000485808,1
x_aq_idu_top/x_aq_idu_id_wbt/x_aq_idu_id_wbt_entry_reg_22/cnt_is_2,0,0.0,0.0,0.0,0.0,,0
x_aq_idu_top/x_aq_idu_id_wbt/x_aq_idu_id_wbt_entry_reg_22/create_en,0,0.0,0.0,0.0,0.0,,0
x_aq_idu_top/x_aq_idu_id_wbt/x_aq_idu_id_wbt_entry_reg_22/create_inst_type[2:0],0,0.0,0.0,0.0,0.0,,0
x_aq_idu_top/x_aq_idu_id_wbt/x_aq_idu_id_wbt_entry_reg_23/cpurst_b,3,0.0010968921389396709,1.0352400000000002,0.9010762757549186,0.0,-0.004877847437271419,1
x_aq_idu_top/x_aq_idu_id_wbt/x_aq_idu_id_wbt_entry_reg_23/create0_en_x,0,0.0,0.0,0.0,0.0,,0
x_aq_idu_top/x_aq_idu_id_wbt/x_aq_idu_id_wbt_entry_reg_23/create1_en_x,0,0.0,0.0,0.0,0.0,,0
x_aq_idu_top/x_aq_idu_id_wbt/x_aq_idu_id_wbt_entry_reg_23/create_clk,0,0.0,0.0,0.0,0.0,,0
x_aq_idu_top/x_aq_idu_id_wbt/x_aq_idu_id_wbt_entry_reg_23/dp_wbt_dst0_type[2:0],46,0.016819012797074956,1.7120895652173915,1.4902083470354166,0.43478260869565216,-0.03316038645157922,3
x_aq_idu_top/x_aq_idu_id_wbt/x_aq_idu_id_wbt_entry_reg_23/dp_wbt_dst1_type[2:0],13,0.004753199268738574,1.333286153846154,1.1604966210958731,0.0,-0.03400463161477617,1
x_aq_idu_top/x_aq_idu_id_wbt/x_aq_idu_id_wbt_entry_reg_23/iu_yy_xx_cancel,0,0.0,0.0,0.0,0.0,,0
x_aq_idu_top/x_aq_idu_id_wbt/x_aq_idu_id_wbt_entry_reg_23/read_data_y[6:0],7,0.002559414990859232,1.202531428571429,1.0466872813409305,0.0,0.11035049843363746,3
x_aq_idu_top/x_aq_idu_id_wbt/x_aq_idu_id_wbt_entry_reg_23/rtu_idu_flush_wbt,0,0.0,0.0,0.0,0.0,,0
x_aq_idu_top/x_aq_idu_id_wbt/x_aq_idu_id_wbt_entry_reg_23/wb_clk,0,0.0,0.0,0.0,0.0,,0
x_aq_idu_top/x_aq_idu_id_wbt/x_aq_idu_id_wbt_entry_reg_23/wb_debug_x,3,0.0010968921389396709,1.286240000000001,1.1195474951962898,0.0,0.055225698508540984,1
x_aq_idu_top/x_aq_idu_id_wbt/x_aq_idu_id_wbt_entry_reg_23/wb_en_x,0,0.0,0.0,0.0,0.0,,0
x_aq_idu_top/x_aq_idu_id_wbt/x_aq_idu_id_wbt_entry_reg_23/cnt_is_1,2,0.0007312614259597807,1.7350000000000003,1.5101496642660481,0.0,0.030638871705917465,1
x_aq_idu_top/x_aq_idu_id_wbt/x_aq_idu_id_wbt_entry_reg_23/cnt_is_2,0,0.0,0.0,0.0,0.0,,0
x_aq_idu_top/x_aq_idu_id_wbt/x_aq_idu_id_wbt_entry_reg_23/create_en,0,0.0,0.0,0.0,0.0,,0
x_aq_idu_top/x_aq_idu_id_wbt/x_aq_idu_id_wbt_entry_reg_23/create_inst_type[2:0],0,0.0,0.0,0.0,0.0,,0
x_aq_idu_top/x_aq_idu_id_wbt/x_aq_idu_id_wbt_entry_reg_24/cpurst_b,3,0.0010968921389396709,1.0352400000000002,0.9010762757549186,0.0,-0.004877847437271419,1
x_aq_idu_top/x_aq_idu_id_wbt/x_aq_idu_id_wbt_entry_reg_24/create0_en_x,0,0.0,0.0,0.0,0.0,,0
x_aq_idu_top/x_aq_idu_id_wbt/x_aq_idu_id_wbt_entry_reg_24/create1_en_x,0,0.0,0.0,0.0,0.0,,0
x_aq_idu_top/x_aq_idu_id_wbt/x_aq_idu_id_wbt_entry_reg_24/create_clk,0,0.0,0.0,0.0,0.0,,0
x_aq_idu_top/x_aq_idu_id_wbt/x_aq_idu_id_wbt_entry_reg_24/dp_wbt_dst0_type[2:0],46,0.016819012797074956,1.7120895652173915,1.4902083470354166,0.43478260869565216,-0.03316038645157922,3
x_aq_idu_top/x_aq_idu_id_wbt/x_aq_idu_id_wbt_entry_reg_24/dp_wbt_dst1_type[2:0],13,0.004753199268738574,1.333286153846154,1.1604966210958731,0.0,-0.03400463161477617,1
x_aq_idu_top/x_aq_idu_id_wbt/x_aq_idu_id_wbt_entry_reg_24/iu_yy_xx_cancel,0,0.0,0.0,0.0,0.0,,0
x_aq_idu_top/x_aq_idu_id_wbt/x_aq_idu_id_wbt_entry_reg_24/read_data_y[6:0],7,0.002559414990859232,0.9791028571428574,0.8522143233407575,0.0,0.1124061331537944,3
x_aq_idu_top/x_aq_idu_id_wbt/x_aq_idu_id_wbt_entry_reg_24/rtu_idu_flush_wbt,0,0.0,0.0,0.0,0.0,,0
x_aq_idu_top/x_aq_idu_id_wbt/x_aq_idu_id_wbt_entry_reg_24/wb_clk,0,0.0,0.0,0.0,0.0,,0
x_aq_idu_top/x_aq_idu_id_wbt/x_aq_idu_id_wbt_entry_reg_24/wb_debug_x,3,0.0010968921389396709,1.5905733333333336,1.3844402220886816,0.0,0.04917770210348006,1
x_aq_idu_top/x_aq_idu_id_wbt/x_aq_idu_id_wbt_entry_reg_24/wb_en_x,0,0.0,0.0,0.0,0.0,,0
x_aq_idu_top/x_aq_idu_id_wbt/x_aq_idu_id_wbt_entry_reg_24/cnt_is_1,2,0.0007312614259597807,0.4965000000000006,0.43215522092685515,0.0,0.016370784019518952,1
x_aq_idu_top/x_aq_idu_id_wbt/x_aq_idu_id_wbt_entry_reg_24/cnt_is_2,0,0.0,0.0,0.0,0.0,,0
x_aq_idu_top/x_aq_idu_id_wbt/x_aq_idu_id_wbt_entry_reg_24/create_en,0,0.0,0.0,0.0,0.0,,0
x_aq_idu_top/x_aq_idu_id_wbt/x_aq_idu_id_wbt_entry_reg_24/create_inst_type[2:0],0,0.0,0.0,0.0,0.0,,0
x_aq_idu_top/x_aq_idu_id_wbt/x_aq_idu_id_wbt_entry_reg_25/cpurst_b,3,0.0010968921389396709,1.0352400000000002,0.9010762757549186,0.0,-0.004877847437271419,1
x_aq_idu_top/x_aq_idu_id_wbt/x_aq_idu_id_wbt_entry_reg_25/create0_en_x,0,0.0,0.0,0.0,0.0,,0
x_aq_idu_top/x_aq_idu_id_wbt/x_aq_idu_id_wbt_entry_reg_25/create1_en_x,0,0.0,0.0,0.0,0.0,,0
x_aq_idu_top/x_aq_idu_id_wbt/x_aq_idu_id_wbt_entry_reg_25/create_clk,0,0.0,0.0,0.0,0.0,,0
x_aq_idu_top/x_aq_idu_id_wbt/x_aq_idu_id_wbt_entry_reg_25/dp_wbt_dst0_type[2:0],46,0.016819012797074956,1.7120895652173915,1.4902083470354166,0.43478260869565216,-0.03316038645157922,3
x_aq_idu_top/x_aq_idu_id_wbt/x_aq_idu_id_wbt_entry_reg_25/dp_wbt_dst1_type[2:0],13,0.004753199268738574,1.333286153846154,1.1604966210958731,0.0,-0.03400463161477617,1
x_aq_idu_top/x_aq_idu_id_wbt/x_aq_idu_id_wbt_entry_reg_25/iu_yy_xx_cancel,0,0.0,0.0,0.0,0.0,,0
x_aq_idu_top/x_aq_idu_id_wbt/x_aq_idu_id_wbt_entry_reg_25/read_data_y[6:0],7,0.002559414990859232,1.3111028571428573,1.1411882072233672,0.0,0.10358170491455779,3
x_aq_idu_top/x_aq_idu_id_wbt/x_aq_idu_id_wbt_entry_reg_25/rtu_idu_flush_wbt,0,0.0,0.0,0.0,0.0,,0
x_aq_idu_top/x_aq_idu_id_wbt/x_aq_idu_id_wbt_entry_reg_25/wb_clk,0,0.0,0.0,0.0,0.0,,0
x_aq_idu_top/x_aq_idu_id_wbt/x_aq_idu_id_wbt_entry_reg_25/wb_debug_x,3,0.0010968921389396709,1.4925733333333333,1.299140702147429,0.0,0.055953398610754164,1
x_aq_idu_top/x_aq_idu_id_wbt/x_aq_idu_id_wbt_entry_reg_25/wb_en_x,0,0.0,0.0,0.0,0.0,,0
x_aq_idu_top/x_aq_idu_id_wbt/x_aq_idu_id_wbt_entry_reg_25/cnt_is_1,2,0.0007312614259597807,1.8054999999999999,1.571513094427867,0.0,0.030449794091316873,1
x_aq_idu_top/x_aq_idu_id_wbt/x_aq_idu_id_wbt_entry_reg_25/cnt_is_2,0,0.0,0.0,0.0,0.0,,0
x_aq_idu_top/x_aq_idu_id_wbt/x_aq_idu_id_wbt_entry_reg_25/create_en,0,0.0,0.0,0.0,0.0,,0
x_aq_idu_top/x_aq_idu_id_wbt/x_aq_idu_id_wbt_entry_reg_25/create_inst_type[2:0],0,0.0,0.0,0.0,0.0,,0
x_aq_idu_top/x_aq_idu_id_wbt/x_aq_idu_id_wbt_entry_reg_26/cpurst_b,3,0.0010968921389396709,1.0352400000000002,0.9010762757549186,0.0,-0.004877847437271419,1
x_aq_idu_top/x_aq_idu_id_wbt/x_aq_idu_id_wbt_entry_reg_26/create0_en_x,0,0.0,0.0,0.0,0.0,,0
x_aq_idu_top/x_aq_idu_id_wbt/x_aq_idu_id_wbt_entry_reg_26/create1_en_x,0,0.0,0.0,0.0,0.0,,0
x_aq_idu_top/x_aq_idu_id_wbt/x_aq_idu_id_wbt_entry_reg_26/create_clk,0,0.0,0.0,0.0,0.0,,0
x_aq_idu_top/x_aq_idu_id_wbt/x_aq_idu_id_wbt_entry_reg_26/dp_wbt_dst0_type[2:0],46,0.016819012797074956,1.7120895652173915,1.4902083470354166,0.43478260869565216,-0.03316038645157922,3
x_aq_idu_top/x_aq_idu_id_wbt/x_aq_idu_id_wbt_entry_reg_26/dp_wbt_dst1_type[2:0],13,0.004753199268738574,1.333286153846154,1.1604966210958731,0.0,-0.03400463161477617,1
x_aq_idu_top/x_aq_idu_id_wbt/x_aq_idu_id_wbt_entry_reg_26/iu_yy_xx_cancel,0,0.0,0.0,0.0,0.0,,0
x_aq_idu_top/x_aq_idu_id_wbt/x_aq_idu_id_wbt_entry_reg_26/read_data_y[6:0],7,0.002559414990859232,1.4239599999999994,1.2394194328116892,0.0,0.09580955697939024,3
x_aq_idu_top/x_aq_idu_id_wbt/x_aq_idu_id_wbt_entry_reg_26/rtu_idu_flush_wbt,0,0.0,0.0,0.0,0.0,,0
x_aq_idu_top/x_aq_idu_id_wbt/x_aq_idu_id_wbt_entry_reg_26/wb_clk,0,0.0,0.0,0.0,0.0,,0
x_aq_idu_top/x_aq_idu_id_wbt/x_aq_idu_id_wbt_entry_reg_26/wb_debug_x,3,0.0010968921389396709,1.2902399999999996,1.1230291082551154,0.0,0.052678748150794756,1
x_aq_idu_top/x_aq_idu_id_wbt/x_aq_idu_id_wbt_entry_reg_26/wb_en_x,0,0.0,0.0,0.0,0.0,,0
x_aq_idu_top/x_aq_idu_id_wbt/x_aq_idu_id_wbt_entry_reg_26/cnt_is_1,2,0.0007312614259597807,2.5039999999999996,2.179489774825466,0.0,-0.007409362124479063,1
x_aq_idu_top/x_aq_idu_id_wbt/x_aq_idu_id_wbt_entry_reg_26/cnt_is_2,0,0.0,0.0,0.0,0.0,,0
x_aq_idu_top/x_aq_idu_id_wbt/x_aq_idu_id_wbt_entry_reg_26/create_en,0,0.0,0.0,0.0,0.0,,0
x_aq_idu_top/x_aq_idu_id_wbt/x_aq_idu_id_wbt_entry_reg_26/create_inst_type[2:0],0,0.0,0.0,0.0,0.0,,0
x_aq_idu_top/x_aq_idu_id_wbt/x_aq_idu_id_wbt_entry_reg_27/cpurst_b,3,0.0010968921389396709,1.0352400000000002,0.9010762757549186,0.0,-0.004877847437271419,1
x_aq_idu_top/x_aq_idu_id_wbt/x_aq_idu_id_wbt_entry_reg_27/create0_en_x,0,0.0,0.0,0.0,0.0,,0
x_aq_idu_top/x_aq_idu_id_wbt/x_aq_idu_id_wbt_entry_reg_27/create1_en_x,0,0.0,0.0,0.0,0.0,,0
x_aq_idu_top/x_aq_idu_id_wbt/x_aq_idu_id_wbt_entry_reg_27/create_clk,0,0.0,0.0,0.0,0.0,,0
x_aq_idu_top/x_aq_idu_id_wbt/x_aq_idu_id_wbt_entry_reg_27/dp_wbt_dst0_type[2:0],46,0.016819012797074956,1.7120895652173915,1.4902083470354166,0.43478260869565216,-0.03316038645157922,3
x_aq_idu_top/x_aq_idu_id_wbt/x_aq_idu_id_wbt_entry_reg_27/dp_wbt_dst1_type[2:0],13,0.004753199268738574,1.333286153846154,1.1604966210958731,0.0,-0.03400463161477617,1
x_aq_idu_top/x_aq_idu_id_wbt/x_aq_idu_id_wbt_entry_reg_27/iu_yy_xx_cancel,0,0.0,0.0,0.0,0.0,,0
x_aq_idu_top/x_aq_idu_id_wbt/x_aq_idu_id_wbt_entry_reg_27/read_data_y[6:0],7,0.002559414990859232,1.1072457142857144,0.963750284546739,0.14285714285714285,0.1017816664114651,3
x_aq_idu_top/x_aq_idu_id_wbt/x_aq_idu_id_wbt_entry_reg_27/rtu_idu_flush_wbt,0,0.0,0.0,0.0,0.0,,0
x_aq_idu_top/x_aq_idu_id_wbt/x_aq_idu_id_wbt_entry_reg_27/wb_clk,0,0.0,0.0,0.0,0.0,,0
x_aq_idu_top/x_aq_idu_id_wbt/x_aq_idu_id_wbt_entry_reg_27/wb_debug_x,3,0.0010968921389396709,1.8742399999999997,1.6313446148438024,0.3333333333333333,0.04879768093899086,1
x_aq_idu_top/x_aq_idu_id_wbt/x_aq_idu_id_wbt_entry_reg_27/wb_en_x,0,0.0,0.0,0.0,0.0,,0
x_aq_idu_top/x_aq_idu_id_wbt/x_aq_idu_id_wbt_entry_reg_27/cnt_is_1,2,0.0007312614259597807,0.5195000000000007,0.45217449601510834,0.0,0.016487139474657794,1
x_aq_idu_top/x_aq_idu_id_wbt/x_aq_idu_id_wbt_entry_reg_27/cnt_is_2,0,0.0,0.0,0.0,0.0,,0
x_aq_idu_top/x_aq_idu_id_wbt/x_aq_idu_id_wbt_entry_reg_27/create_en,0,0.0,0.0,0.0,0.0,,0
x_aq_idu_top/x_aq_idu_id_wbt/x_aq_idu_id_wbt_entry_reg_27/create_inst_type[2:0],0,0.0,0.0,0.0,0.0,,0
x_aq_idu_top/x_aq_idu_id_wbt/x_aq_idu_id_wbt_entry_reg_28/cpurst_b,3,0.0010968921389396709,1.0352400000000002,0.9010762757549186,0.0,-0.004877847437271419,1
x_aq_idu_top/x_aq_idu_id_wbt/x_aq_idu_id_wbt_entry_reg_28/create0_en_x,0,0.0,0.0,0.0,0.0,,0
x_aq_idu_top/x_aq_idu_id_wbt/x_aq_idu_id_wbt_entry_reg_28/create1_en_x,0,0.0,0.0,0.0,0.0,,0
x_aq_idu_top/x_aq_idu_id_wbt/x_aq_idu_id_wbt_entry_reg_28/create_clk,0,0.0,0.0,0.0,0.0,,0
x_aq_idu_top/x_aq_idu_id_wbt/x_aq_idu_id_wbt_entry_reg_28/dp_wbt_dst0_type[2:0],46,0.016819012797074956,1.7120895652173915,1.4902083470354166,0.43478260869565216,-0.03316038645157922,3
x_aq_idu_top/x_aq_idu_id_wbt/x_aq_idu_id_wbt_entry_reg_28/dp_wbt_dst1_type[2:0],13,0.004753199268738574,1.333286153846154,1.1604966210958731,0.0,-0.03400463161477617,1
x_aq_idu_top/x_aq_idu_id_wbt/x_aq_idu_id_wbt_entry_reg_28/iu_yy_xx_cancel,0,0.0,0.0,0.0,0.0,,0
x_aq_idu_top/x_aq_idu_id_wbt/x_aq_idu_id_wbt_entry_reg_28/read_data_y[6:0],7,0.002559414990859232,1.1153885714285712,0.9708378539879213,0.2857142857142857,0.09981986968682892,3
x_aq_idu_top/x_aq_idu_id_wbt/x_aq_idu_id_wbt_entry_reg_28/rtu_idu_flush_wbt,0,0.0,0.0,0.0,0.0,,0
x_aq_idu_top/x_aq_idu_id_wbt/x_aq_idu_id_wbt_entry_reg_28/wb_clk,0,0.0,0.0,0.0,0.0,,0
x_aq_idu_top/x_aq_idu_id_wbt/x_aq_idu_id_wbt_entry_reg_28/wb_debug_x,3,0.0010968921389396709,1.9409066666666668,1.68937149915758,0.3333333333333333,0.049278771562120766,1
x_aq_idu_top/x_aq_idu_id_wbt/x_aq_idu_id_wbt_entry_reg_28/wb_en_x,0,0.0,0.0,0.0,0.0,,0
x_aq_idu_top/x_aq_idu_id_wbt/x_aq_idu_id_wbt_entry_reg_28/cnt_is_1,2,0.0007312614259597807,0.4479999999999995,0.3899406625885814,0.5,0.016836205840074274,1
x_aq_idu_top/x_aq_idu_id_wbt/x_aq_idu_id_wbt_entry_reg_28/cnt_is_2,0,0.0,0.0,0.0,0.0,,0
x_aq_idu_top/x_aq_idu_id_wbt/x_aq_idu_id_wbt_entry_reg_28/create_en,0,0.0,0.0,0.0,0.0,,0
x_aq_idu_top/x_aq_idu_id_wbt/x_aq_idu_id_wbt_entry_reg_28/create_inst_type[2:0],0,0.0,0.0,0.0,0.0,,0
x_aq_idu_top/x_aq_idu_id_wbt/x_aq_idu_id_wbt_entry_reg_29/cpurst_b,3,0.0010968921389396709,1.0352400000000002,0.9010762757549186,0.0,-0.004877847437271419,1
x_aq_idu_top/x_aq_idu_id_wbt/x_aq_idu_id_wbt_entry_reg_29/create0_en_x,0,0.0,0.0,0.0,0.0,,0
x_aq_idu_top/x_aq_idu_id_wbt/x_aq_idu_id_wbt_entry_reg_29/create1_en_x,0,0.0,0.0,0.0,0.0,,0
x_aq_idu_top/x_aq_idu_id_wbt/x_aq_idu_id_wbt_entry_reg_29/create_clk,0,0.0,0.0,0.0,0.0,,0
x_aq_idu_top/x_aq_idu_id_wbt/x_aq_idu_id_wbt_entry_reg_29/dp_wbt_dst0_type[2:0],46,0.016819012797074956,1.7120895652173915,1.4902083470354166,0.43478260869565216,-0.03316038645157922,3
x_aq_idu_top/x_aq_idu_id_wbt/x_aq_idu_id_wbt_entry_reg_29/dp_wbt_dst1_type[2:0],13,0.004753199268738574,1.333286153846154,1.1604966210958731,0.0,-0.03400463161477617,1
x_aq_idu_top/x_aq_idu_id_wbt/x_aq_idu_id_wbt_entry_reg_29/iu_yy_xx_cancel,0,0.0,0.0,0.0,0.0,,0
x_aq_idu_top/x_aq_idu_id_wbt/x_aq_idu_id_wbt_entry_reg_29/read_data_y[6:0],7,0.002559414990859232,1.3791028571428572,1.2003756292234198,0.0,0.08483026269869287,3
x_aq_idu_top/x_aq_idu_id_wbt/x_aq_idu_id_wbt_entry_reg_29/rtu_idu_flush_wbt,0,0.0,0.0,0.0,0.0,,0
x_aq_idu_top/x_aq_idu_id_wbt/x_aq_idu_id_wbt_entry_reg_29/wb_clk,0,0.0,0.0,0.0,0.0,,0
x_aq_idu_top/x_aq_idu_id_wbt/x_aq_idu_id_wbt_entry_reg_29/wb_debug_x,3,0.0010968921389396709,1.27924,1.1134546723433425,0.0,0.05221382864104735,1
x_aq_idu_top/x_aq_idu_id_wbt/x_aq_idu_id_wbt_entry_reg_29/wb_en_x,0,0.0,0.0,0.0,0.0,,0
x_aq_idu_top/x_aq_idu_id_wbt/x_aq_idu_id_wbt_entry_reg_29/cnt_is_1,2,0.0007312614259597807,2.3635,2.0571981161341815,0.0,-0.0054894971146884,1
x_aq_idu_top/x_aq_idu_id_wbt/x_aq_idu_id_wbt_entry_reg_29/cnt_is_2,0,0.0,0.0,0.0,0.0,,0
x_aq_idu_top/x_aq_idu_id_wbt/x_aq_idu_id_wbt_entry_reg_29/create_en,0,0.0,0.0,0.0,0.0,,0
x_aq_idu_top/x_aq_idu_id_wbt/x_aq_idu_id_wbt_entry_reg_29/create_inst_type[2:0],0,0.0,0.0,0.0,0.0,,0
x_aq_idu_top/x_aq_idu_id_wbt/x_aq_idu_id_wbt_entry_reg_30/cpurst_b,3,0.0010968921389396709,1.0352400000000002,0.9010762757549186,0.0,-0.004877847437271419,1
x_aq_idu_top/x_aq_idu_id_wbt/x_aq_idu_id_wbt_entry_reg_30/create0_en_x,0,0.0,0.0,0.0,0.0,,0
x_aq_idu_top/x_aq_idu_id_wbt/x_aq_idu_id_wbt_entry_reg_30/create1_en_x,0,0.0,0.0,0.0,0.0,,0
x_aq_idu_top/x_aq_idu_id_wbt/x_aq_idu_id_wbt_entry_reg_30/create_clk,0,0.0,0.0,0.0,0.0,,0
x_aq_idu_top/x_aq_idu_id_wbt/x_aq_idu_id_wbt_entry_reg_30/dp_wbt_dst0_type[2:0],46,0.016819012797074956,1.7120895652173915,1.4902083470354166,0.43478260869565216,-0.03316038645157922,3
x_aq_idu_top/x_aq_idu_id_wbt/x_aq_idu_id_wbt_entry_reg_30/dp_wbt_dst1_type[2:0],13,0.004753199268738574,1.333286153846154,1.1604966210958731,0.0,-0.03400463161477617,1
x_aq_idu_top/x_aq_idu_id_wbt/x_aq_idu_id_wbt_entry_reg_30/iu_yy_xx_cancel,0,0.0,0.0,0.0,0.0,,0
x_aq_idu_top/x_aq_idu_id_wbt/x_aq_idu_id_wbt_entry_reg_30/read_data_y[6:0],7,0.002559414990859232,1.2568171428571426,1.0939377442821485,0.0,0.08955512876475287,3
x_aq_idu_top/x_aq_idu_id_wbt/x_aq_idu_id_wbt_entry_reg_30/rtu_idu_flush_wbt,0,0.0,0.0,0.0,0.0,,0
x_aq_idu_top/x_aq_idu_id_wbt/x_aq_idu_id_wbt_entry_reg_30/wb_clk,0,0.0,0.0,0.0,0.0,,0
x_aq_idu_top/x_aq_idu_id_wbt/x_aq_idu_id_wbt_entry_reg_30/wb_debug_x,3,0.0010968921389396709,1.4985733333333335,1.304363121735669,0.0,0.055714874688362094,1
x_aq_idu_top/x_aq_idu_id_wbt/x_aq_idu_id_wbt_entry_reg_30/wb_en_x,0,0.0,0.0,0.0,0.0,,0
x_aq_idu_top/x_aq_idu_id_wbt/x_aq_idu_id_wbt_entry_reg_30/cnt_is_1,2,0.0007312614259597807,1.6064999999999998,1.3983028447512424,0.0,0.028806273287481133,1
x_aq_idu_top/x_aq_idu_id_wbt/x_aq_idu_id_wbt_entry_reg_30/cnt_is_2,0,0.0,0.0,0.0,0.0,,0
x_aq_idu_top/x_aq_idu_id_wbt/x_aq_idu_id_wbt_entry_reg_30/create_en,0,0.0,0.0,0.0,0.0,,0
x_aq_idu_top/x_aq_idu_id_wbt/x_aq_idu_id_wbt_entry_reg_30/create_inst_type[2:0],0,0.0,0.0,0.0,0.0,,0
x_aq_idu_top/x_aq_idu_id_wbt/x_aq_idu_id_wbt_entry_reg_31/cpurst_b,3,0.0010968921389396709,1.0352400000000002,0.9010762757549186,0.0,-0.004877847437271419,1
x_aq_idu_top/x_aq_idu_id_wbt/x_aq_idu_id_wbt_entry_reg_31/create0_en_x,0,0.0,0.0,0.0,0.0,,0
x_aq_idu_top/x_aq_idu_id_wbt/x_aq_idu_id_wbt_entry_reg_31/create1_en_x,0,0.0,0.0,0.0,0.0,,0
x_aq_idu_top/x_aq_idu_id_wbt/x_aq_idu_id_wbt_entry_reg_31/create_clk,0,0.0,0.0,0.0,0.0,,0
x_aq_idu_top/x_aq_idu_id_wbt/x_aq_idu_id_wbt_entry_reg_31/dp_wbt_dst0_type[2:0],46,0.016819012797074956,1.7120895652173915,1.4902083470354166,0.43478260869565216,-0.03316038645157922,3
x_aq_idu_top/x_aq_idu_id_wbt/x_aq_idu_id_wbt_entry_reg_31/dp_wbt_dst1_type[2:0],13,0.004753199268738574,1.333286153846154,1.1604966210958731,0.0,-0.03400463161477617,1
x_aq_idu_top/x_aq_idu_id_wbt/x_aq_idu_id_wbt_entry_reg_31/iu_yy_xx_cancel,0,0.0,0.0,0.0,0.0,,0
x_aq_idu_top/x_aq_idu_id_wbt/x_aq_idu_id_wbt_entry_reg_31/read_data_y[6:0],7,0.002559414990859232,1.1172457142857144,0.9724543171938055,0.42857142857142855,0.08932560800534307,3
x_aq_idu_top/x_aq_idu_id_wbt/x_aq_idu_id_wbt_entry_reg_31/rtu_idu_flush_wbt,0,0.0,0.0,0.0,0.0,,0
x_aq_idu_top/x_aq_idu_id_wbt/x_aq_idu_id_wbt_entry_reg_31/wb_clk,0,0.0,0.0,0.0,0.0,,0
x_aq_idu_top/x_aq_idu_id_wbt/x_aq_idu_id_wbt_entry_reg_31/wb_debug_x,3,0.0010968921389396709,1.80724,1.5730275961084568,0.6666666666666666,0.04733823795621882,1
x_aq_idu_top/x_aq_idu_id_wbt/x_aq_idu_id_wbt_entry_reg_31/wb_en_x,0,0.0,0.0,0.0,0.0,,0
x_aq_idu_top/x_aq_idu_id_wbt/x_aq_idu_id_wbt_entry_reg_31/cnt_is_1,2,0.0007312614259597807,0.6550000000000007,0.5701141383828602,0.5,0.016923472431428385,1
x_aq_idu_top/x_aq_idu_id_wbt/x_aq_idu_id_wbt_entry_reg_31/cnt_is_2,0,0.0,0.0,0.0,0.0,,0
x_aq_idu_top/x_aq_idu_id_wbt/x_aq_idu_id_wbt_entry_reg_31/create_en,0,0.0,0.0,0.0,0.0,,0
x_aq_idu_top/x_aq_idu_id_wbt/x_aq_idu_id_wbt_entry_reg_31/create_inst_type[2:0],0,0.0,0.0,0.0,0.0,,0
x_aq_idu_top/x_aq_idu_id_wbt/x_aq_idu_expand_32_wbt_dst0_reg/x_num[4:0],121,0.044241316270566725,1.5233233057851239,1.3259055785591072,0.2727272727272727,0.43909863066807986,4
x_aq_idu_top/x_aq_idu_id_wbt/x_aq_idu_expand_32_wbt_dst0_reg/x_num_expand[31:0],151,0.05521023765996344,1.5171796026490065,1.3205580792920422,0.23178807947019867,0.060733362198990205,3
x_aq_idu_top/x_aq_idu_id_wbt/x_aq_idu_expand_32_wbt_dst1_reg/x_num[4:0],107,0.03912248628884826,1.5518284112149534,1.3507165153860383,0.2523364485981308,0.1600863015878305,4
x_aq_idu_top/x_aq_idu_id_wbt/x_aq_idu_expand_32_wbt_dst1_reg/x_num_expand[31:0],129,0.04716636197440585,1.615688062015504,1.4063001639258645,0.27906976744186046,0.0569206297193481,3
