signal,n_edges,edge_rate,impact_mW,lift,spec,lvl_corr,max_hamming
x_aq_ifu_top/biu_ifu_arready,45,0.0014985514003130306,4.655062444444445,2.3515287267551432,0.08888888888888889,-0.01850075771209511,1
x_aq_ifu_top/biu_ifu_rdata[127:0],1668,0.05554630523826967,10.94475304556355,5.528798270923105,0.3890887290167866,,77
x_aq_ifu_top/biu_ifu_rid,205,0.006826734156981584,9.42464336585366,4.760907050919724,0.5219512195121951,0.6409632841251613,1
x_aq_ifu_top/biu_ifu_rlast,451,0.015018815145359486,8.289513170731707,4.1874901968403355,0.4878048780487805,-0.2644822932565822,1
x_aq_ifu_top/biu_ifu_rresp[1:0],0,0.0,0.0,0.0,0.0,,0
x_aq_ifu_top/biu_ifu_rvalid,0,0.0,0.0,0.0,0.0,,0
x_aq_ifu_top/cp0_ifu_bht_en,1,3.330114222917846e-05,10.639999999999999,5.374850703138257,0.0,-0.02432614765315013,1
x_aq_ifu_top/cp0_ifu_bht_inv,4,0.00013320456891671384,0.9595000000000002,0.48469635805086086,0.0,0.021873660150809,1
x_aq_ifu_top/cp0_ifu_btb_clr,0,0.0,0.0,0.0,0.0,,0
x_aq_ifu_top/cp0_ifu_btb_en,1,3.330114222917846e-05,10.639999999999999,5.374850703138257,0.0,-0.02432614765315013,1
x_aq_ifu_top/cp0_ifu_icache_en,1,3.330114222917846e-05,10.639999999999999,5.374850703138257,0.0,-0.02432614765315013,1
x_aq_ifu_top/cp0_ifu_icache_inv_addr[63:0],30,0.0009990342668753538,6.918800000000001,3.495067391435431,0.03333333333333333,0.017220169513982964,63
x_aq_ifu_top/cp0_ifu_icache_inv_req,4,0.00013320456891671384,0.7617500000000004,0.3848019288642453,0.0,0.07042007133348116,1
x_aq_ifu_top/cp0_ifu_icache_inv_type[1:0],0,0.0,0.0,0.0,0.0,,0
x_aq_ifu_top/cp0_ifu_icache_pref_en,1,3.330114222917846e-05,10.967999999999996,5.540541589475601,0.0,-0.0269791252778669,1
x_aq_ifu_top/cp0_ifu_icache_read_index[13:0],0,0.0,0.0,0.0,0.0,,0
x_aq_ifu_top/cp0_ifu_icache_read_req,0,0.0,0.0,0.0,0.0,,0
x_aq_ifu_top/cp0_ifu_icache_read_tag,1,3.330114222917846e-05,21.131999999999998,10.6749384453682,1.0,-0.05631263816658485,1
x_aq_ifu_top/cp0_ifu_icache_read_way,0,0.0,0.0,0.0,0.0,,0
x_aq_ifu_top/cp0_ifu_icg_en,0,0.0,0.0,0.0,0.0,,0
x_aq_ifu_top/cp0_ifu_in_lpmd,0,0.0,0.0,0.0,0.0,,0
x_aq_ifu_top/cp0_ifu_iwpe,0,0.0,0.0,0.0,0.0,,0
x_aq_ifu_top/cp0_ifu_lpmd_req,0,0.0,0.0,0.0,0.0,,0
x_aq_ifu_top/cp0_ifu_ras_en,1,3.330114222917846e-05,10.639999999999999,5.374850703138257,0.0,-0.02432614765315013,1
x_aq_ifu_top/cp0_ifu_rst_inv_done,3,9.990342668753538e-05,1.533999999999999,0.7749079867118498,0.0,-0.0252403288466955,1
x_aq_ifu_top/cp0_xx_mrvbr[39:0],0,0.0,0.0,0.0,0.0,,0
x_aq_ifu_top/cp0_yy_clk_en,1,3.330114222917846e-05,21.131999999999998,10.6749384453682,1.0,-0.05631263816658485,1
x_aq_ifu_top/cpurst_b,3,9.990342668753538e-05,11.372333333333332,5.74479265159674,0.3333333333333333,-0.0038230699005505813,1
x_aq_ifu_top/dtu_ifu_debug_inst[31:0],0,0.0,0.0,0.0,0.0,,0
x_aq_ifu_top/dtu_ifu_debug_inst_vld,0,0.0,0.0,0.0,0.0,,0
x_aq_ifu_top/dtu_ifu_halt_info0[21:0],1,3.330114222917846e-05,21.131999999999998,10.6749384453682,1.0,-0.05631263816658485,1
x_aq_ifu_top/dtu_ifu_halt_info1[21:0],1,3.330114222917846e-05,21.131999999999998,10.6749384453682,1.0,-0.05631263816658485,1
x_aq_ifu_top/dtu_ifu_halt_info_vld,3,9.990342668753538e-05,10.728,5.419304355570229,0.3333333333333333,-0.049994709800903606,1
x_aq_ifu_top/dtu_ifu_halt_on_reset,0,0.0,0.0,0.0,0.0,,0
x_aq_ifu_top/forever_cpuclk,0,0.0,0.0,0.0,0.0,,0
x_aq_ifu_top/hpcp_ifu_cnt_en,1,3.330114222917846e-05,21.131999999999998,10.6749384453682,1.0,-0.05631263816658485,1
x_aq_ifu_top/idu_ifu_id_stall,382,0.012721036331546172,4.307000602094241,2.1757034976111966,0.02356020942408377,-0.019048800155553745,1
x_aq_ifu_top/ifu_biu_araddr[39:0],424,0.014119684305171668,6.430855754716981,3.2485798472764356,0.14386792452830188,-0.027332244553542596,8
x_aq_ifu_top/ifu_biu_arburst[1:0],2,6.660228445835692e-05,13.148,6.641779797449419,0.5,-0.027681800593404002,2
x_aq_ifu_top/ifu_biu_arcache[3:0],2,6.660228445835692e-05,1.0348299999999995,0.5227496948429099,0.0,-0.013908974539055865,3
x_aq_ifu_top/ifu_biu_arid,291,0.009690632388690931,4.459427010309279,2.252702481386707,0.006872852233676976,-0.07514783201789577,1
x_aq_ifu_top/ifu_biu_arlen[1:0],2,6.660228445835692e-05,9.16366,4.629069961872174,0.0,-0.024148830056868582,1
x_aq_ifu_top/ifu_biu_arprot[2:0],0,0.0,0.0,0.0,0.0,,0
x_aq_ifu_top/ifu_biu_arsize[2:0],0,0.0,0.0,0.0,0.0,,0
x_aq_ifu_top/ifu_biu_arvalid,0,0.0,0.0,0.0,0.0,,0
x_aq_ifu_top/ifu_cp0_bht_inv_done,0,0.0,0.0,0.0,0.0,,0
x_aq_ifu_top/ifu_cp0_icache_inv_done,0,0.0,0.0,0.0,0.0,,0
x_aq_ifu_top/ifu_cp0_icache_read_data[127:0],662,0.02204535615571614,11.547849003021149,5.833455294513407,0.40634441087613293,-0.03794603782601366,3
x_aq_ifu_top/ifu_cp0_icache_read_data_vld,0,0.0,0.0,0.0,0.0,,0
x_aq_ifu_top/ifu_cp0_rst_inv_req,2,6.660228445835692e-05,10.800999999999998,5.456180680883112,0.5,-0.008239932014685099,1
x_aq_ifu_top/ifu_cp0_warm_up,2,6.660228445835692e-05,1.3300000000000005,0.6718563378922825,0.0,-0.007324042348457313,1
x_aq_ifu_top/ifu_dtu_addr_vld0,853,0.02840587432148923,4.6398452520515825,2.3438416837821574,0.0011723329425556857,0.3580067491677884,1
x_aq_ifu_top/ifu_dtu_addr_vld1,74,0.002464284524959206,8.434756756756755,4.260860741057727,0.0,-0.04807264599579715,1
x_aq_ifu_top/ifu_dtu_data_vld0,853,0.02840587432148923,4.6398452520515825,2.3438416837821574,0.0011723329425556857,0.3580067491677884,1
x_aq_ifu_top/ifu_dtu_data_vld1,74,0.002464284524959206,8.434756756756755,4.260860741057727,0.0,-0.04807264599579715,1
x_aq_ifu_top/ifu_dtu_debug_info[20:0],4047,0.13476972260148523,5.9164212700766,2.9887106225125337,0.09389671361502347,0.21075858551430124,11
x_aq_ifu_top/ifu_dtu_exe_addr0[39:0],4217,0.14043091678044556,4.723941987194689,2.38632358190392,0.030116196348114774,-0.02674865175180751,13
x_aq_ifu_top/ifu_dtu_exe_addr1[39:0],3796,0.12641113590196143,4.763093888303478,2.4061013660396138,0.037934668071654375,-0.02663067452443348,13
x_aq_ifu_top/ifu_dtu_exe_data0[31:0],4300,0.14319491158546738,4.989274967441861,2.5203579010249055,0.0413953488372093,-0.03374120214264976,26
x_aq_ifu_top/ifu_dtu_exe_data1[31:0],3477,0.1157880715308535,4.7691758412424505,2.409173695835712,0.04141501294219154,-0.00979406023149104,15
x_aq_ifu_top/ifu_hpcp_icache_access,399,0.013287155749442206,5.505283909774437,2.781022471186736,0.007518796992481203,0.7026811838050291,1
x_aq_ifu_top/ifu_hpcp_icache_miss,0,0.0,0.0,0.0,0.0,,0
x_aq_ifu_top/ifu_idu_id_bht_pred[1:0],602,0.020047287621965434,4.463820598006645,2.254921924800663,0.013289036544850499,0.24272587331321288,1
x_aq_ifu_top/ifu_idu_id_expt_acc_error,0,0.0,0.0,0.0,0.0,,0
x_aq_ifu_top/ifu_idu_id_expt_high,0,0.0,0.0,0.0,0.0,,0
x_aq_ifu_top/ifu_idu_id_expt_page_fault,0,0.0,0.0,0.0,0.0,,0
x_aq_ifu_top/ifu_idu_id_halt_info[21:0],1,3.330114222917846e-05,21.131999999999998,10.6749384453682,1.0,-0.05631263816658485,1
x_aq_ifu_top/ifu_idu_id_inst[31:0],4156,0.13839954710446567,4.9435137512030805,2.497241387371008,0.04331087584215592,-0.015033964722931616,25
x_aq_ifu_top/ifu_idu_id_inst_vld,585,0.0194811682040694,4.354239316239316,2.1995663769286784,0.013675213675213675,0.421874969465313,1
x_aq_ifu_top/ifu_idu_warm_up,2,6.660228445835692e-05,1.3300000000000005,0.6718563378922825,0.0,-0.007324042348457313,1
x_aq_ifu_top/ifu_iu_chgflw_pc[39:0],610,0.020313696759798862,4.745336131147541,2.397130943714825,0.018032786885245903,0.2321978474695842,10
x_aq_ifu_top/ifu_iu_chgflw_vld,0,0.0,0.0,0.0,0.0,,0
x_aq_ifu_top/ifu_iu_ex1_pc_pred[39:0],4,0.00013320456891671384,2.824500000000001,1.4268106965238736,0.0,-0.01217514544863014,8
x_aq_ifu_top/ifu_iu_reset_vld,2,6.660228445835692e-05,11.461999999999998,5.790088229264164,0.5,0.009846203858188955,1
x_aq_ifu_top/ifu_iu_warm_up,2,6.660228445835692e-05,1.3300000000000005,0.6718563378922825,0.0,-0.007324042348457313,1
x_aq_ifu_top/ifu_lsu_warm_up,2,6.660228445835692e-05,1.3300000000000005,0.6718563378922825,0.0,-0.007324042348457313,1
x_aq_ifu_top/ifu_mmu_abort,602,0.020047287621965434,4.608699401993356,2.328108197495945,0.016611295681063124,0.2005807481934781,1
x_aq_ifu_top/ifu_mmu_va[51:0],7,0.00023310799560424922,8.116,4.099839126566739,0.0,-0.023923152147439414,2
x_aq_ifu_top/ifu_mmu_va_vld,403,0.01342036031835892,5.696339106699751,2.877534986180368,0.007444168734491315,0.7187806921234715,1
x_aq_ifu_top/ifu_rtu_reset_halt_req,0,0.0,0.0,0.0,0.0,,0
x_aq_ifu_top/ifu_rtu_warm_up,2,6.660228445835692e-05,1.3300000000000005,0.6718563378922825,0.0,-0.007324042348457313,1
x_aq_ifu_top/ifu_vidu_warm_up,2,6.660228445835692e-05,1.3300000000000005,0.6718563378922825,0.0,-0.007324042348457313,1
x_aq_ifu_top/ifu_vpu_warm_up,2,6.660228445835692e-05,1.3300000000000005,0.6718563378922825,0.0,-0.007324042348457313,1
x_aq_ifu_top/ifu_yy_xx_no_op,293,0.00975723467314929,6.731931740614335,3.4006699294661384,0.10921501706484642,0.5383147661973074,1
x_aq_ifu_top/iu_ifu_bht_cur_pc[39:0],3810,0.12687735189316993,4.703720354330709,2.3761085200977585,0.02152230971128609,-0.02696179167602186,13
x_aq_ifu_top/iu_ifu_bht_mispred,0,0.0,0.0,0.0,0.0,,0
x_aq_ifu_top/iu_ifu_bht_mispred_gate,0,0.0,0.0,0.0,0.0,,0
x_aq_ifu_top/iu_ifu_bht_pred[1:0],618,0.02058010589763229,4.208150485436893,2.1257688529663614,0.012944983818770227,0.24204570111126442,1
x_aq_ifu_top/iu_ifu_bht_taken,140,0.004662159912084985,4.204085714285715,2.1237155129212484,0.0,0.10560102821951808,1
x_aq_ifu_top/iu_ifu_br_vld,36,0.0011988411202504246,4.981777777777777,2.5165706571209996,0.0,0.05356506300511125,1
x_aq_ifu_top/iu_ifu_br_vld_gate,36,0.0011988411202504246,4.981777777777777,2.5165706571209996,0.0,0.05356506300511125,1
x_aq_ifu_top/iu_ifu_link_vld,0,0.0,0.0,0.0,0.0,,0
x_aq_ifu_top/iu_ifu_link_vld_gate,0,0.0,0.0,0.0,0.0,,0
x_aq_ifu_top/iu_ifu_pc_mispred,0,0.0,0.0,0.0,0.0,,0
x_aq_ifu_top/iu_ifu_pc_mispred_gate,0,0.0,0.0,0.0,0.0,,0
x_aq_ifu_top/iu_ifu_ret_vld,0,0.0,0.0,0.0,0.0,,0
x_aq_ifu_top/iu_ifu_ret_vld_gate,0,0.0,0.0,0.0,0.0,,0
x_aq_ifu_top/iu_ifu_tar_pc[63:0],4235,0.14103033734057077,4.832401659976387,2.4411125432303167,0.030460448642266824,-0.028634296229271355,14
x_aq_ifu_top/iu_ifu_tar_pc_vld,0,0.0,0.0,0.0,0.0,,0
x_aq_ifu_top/iu_ifu_tar_pc_vld_gate,0,0.0,0.0,0.0,0.0,,0
x_aq_ifu_top/mmu_ifu_access_fault,0,0.0,0.0,0.0,0.0,,0
x_aq_ifu_top/mmu_ifu_pa[27:0],14,0.00046621599120849844,4.505549285714286,2.276001385934728,0.0,-0.023478818483787692,2
x_aq_ifu_top/mmu_ifu_pa_vld,399,0.013287155749442206,5.751253132832081,2.9052750888090806,0.007518796992481203,0.7231952930392181,1
x_aq_ifu_top/mmu_ifu_prot[4:0],19,0.0006327217023543907,5.950966842105263,3.006161495831009,0.05263157894736842,-0.014785975441182436,2
x_aq_ifu_top/pad_yy_icg_scan_en,0,0.0,0.0,0.0,0.0,,0
x_aq_ifu_top/rtu_ifu_chgflw_pc[39:0],3840,0.1278763861600453,4.712746442708334,2.3806680950472945,0.02109375,-0.026876569420207403,13
x_aq_ifu_top/rtu_ifu_chgflw_vld,0,0.0,0.0,0.0,0.0,,0
x_aq_ifu_top/rtu_ifu_dbg_mask,0,0.0,0.0,0.0,0.0,,0
x_aq_ifu_top/rtu_ifu_flush_fe,0,0.0,0.0,0.0,0.0,,0
x_aq_ifu_top/rtu_yy_xx_dbgon,0,0.0,0.0,0.0,0.0,,0
x_aq_ifu_top/bht_top_cur_st[1:0],160,0.005328182756668554,4.87604375,2.4631585693816174,0.01875,0.14210086683769635,2
x_aq_ifu_top/btb_pcgen_tar_pc[39:0],6,0.00019980685337507077,1.8583333333333314,0.9387466375311954,0.0,-0.01216715310278523,10
x_aq_ifu_top/btb_pred_tar_pc[39:0],4,0.00013320456891671384,3.6582499999999993,1.8479837955597302,0.0,-0.012402097406251672,10
x_aq_ifu_top/btb_pred_tar_vld,0,0.0,0.0,0.0,0.0,,0
x_aq_ifu_top/btb_xx_chgflw_vld,0,0.0,0.0,0.0,0.0,,0
x_aq_ifu_top/ctrl_btb_chgflw_vld,602,0.020047287621965434,4.608699401993356,2.328108197495945,0.016611295681063124,0.2005807481934781,1
x_aq_ifu_top/ctrl_btb_inst_fetch,203,0.006760131872523227,6.8344236453201965,3.452444242067105,0.019704433497536946,0.05860944180405384,1
x_aq_ifu_top/ctrl_btb_stall,492,0.016384161976755802,9.581755345528457,4.840272975207931,0.06910569105691057,-0.7548084348733887,1
x_aq_ifu_top/ctrl_ibuf_pop_en,419,0.013953178594025775,4.6179716229116945,2.3327921075638574,0.01909307875894988,-0.06225627350049425,1
x_aq_ifu_top/ctrl_icache_abort,602,0.020047287621965434,4.608699401993356,2.328108197495945,0.016611295681063124,0.2005807481934781,1
x_aq_ifu_top/ctrl_icache_req_vld,203,0.006760131872523227,6.8344236453201965,3.452444242067105,0.019704433497536946,0.05860944180405384,1
x_aq_ifu_top/ctrl_ipack_cancel,602,0.020047287621965434,4.608699401993356,2.328108197495945,0.016611295681063124,0.2005807481934781,1
x_aq_ifu_top/ibuf_ctrl_inst_fetch,203,0.006760131872523227,6.87979802955665,3.475365345546218,0.024630541871921183,0.0738838040373215,1
x_aq_ifu_top/ibuf_ipack_stall,118,0.0039295347830430585,6.252341610169493,3.1584025093684294,0.0423728813559322,-0.10265619300372755,1
x_aq_ifu_top/ibuf_pred_hungry,231,0.007692563854940225,4.224064935064935,2.1338081190164875,0.004329004329004329,-0.06817128539885817,1
x_aq_ifu_top/ibuf_pred_stall,118,0.0039295347830430585,6.252341610169493,3.1584025093684294,0.0423728813559322,-0.10265619300372755,1
x_aq_ifu_top/ibuf_top_id_stall,382,0.012721036331546172,4.307000602094241,2.1757034976111966,0.02356020942408377,-0.019048800155553745,1
x_aq_ifu_top/ibuf_top_pop_entry_vld,245,0.008158779846148724,4.472175510204082,2.2591424516520777,0.0163265306122449,0.19756227199278434,1
x_aq_ifu_top/ibuf_top_vld_num[2:0],885,0.02947151087282294,5.1745958305084745,2.6139736877880426,0.012429378531073447,0.038443711157678064,3
x_aq_ifu_top/icache_btb_grant,215,0.007159745579273369,6.936372093023256,3.503944024569045,0.14883720930232558,0.5225726873644304,1
x_aq_ifu_top/icache_ctrl_stall,410,0.013653468313963168,8.371229146341463,4.228769442043693,0.08292682926829269,-0.7474302874992265,1
x_aq_ifu_top/icache_ipack_acc_err,0,0.0,0.0,0.0,0.0,,0
x_aq_ifu_top/icache_ipack_inst[31:0],4187,0.13943188251357022,5.754792545975639,2.907063041555636,0.10747551946501074,-0.054254953761585054,24
x_aq_ifu_top/icache_ipack_inst_vld,389,0.012954144327150422,5.674730077120823,2.866619073790665,0.007712082262210797,0.7099346047884483,1
x_aq_ifu_top/icache_ipack_inst_vld_gate,403,0.01342036031835892,5.696339106699751,2.877534986180368,0.007444168734491315,0.7187806921234715,1
x_aq_ifu_top/icache_ipack_pgflt,0,0.0,0.0,0.0,0.0,,0
x_aq_ifu_top/icache_ipack_unalign,18,0.0005994205601252123,5.299333333333334,2.6769854786494998,0.0,-0.032539503263665774,1
x_aq_ifu_top/icache_pcgen_addr[39:0],3895,0.12970794898265012,4.321792297817716,2.1831755987540467,0.009242618741976894,-0.02655466024353408,13
x_aq_ifu_top/icache_pcgen_grant,403,0.01342036031835892,6.847178660049629,3.4588875033346826,0.08188585607940446,0.7151385595092005,1
x_aq_ifu_top/icache_pcgen_grant_gate,215,0.007159745579273369,6.936372093023256,3.503944024569045,0.14883720930232558,0.5225726873644304,1
x_aq_ifu_top/icache_pcgen_inst_vld,389,0.012954144327150422,5.674730077120823,2.866619073790665,0.007712082262210797,0.7099346047884483,1
x_aq_ifu_top/icache_pcgen_inst_vld_gate,403,0.01342036031835892,5.696339106699751,2.877534986180368,0.007444168734491315,0.7187806921234715,1
x_aq_ifu_top/icache_pred_inst_vld,389,0.012954144327150422,5.674730077120823,2.866619073790665,0.007712082262210797,0.7099346047884483,1
x_aq_ifu_top/icache_pred_inst_vld_gate,403,0.01342036031835892,5.696339106699751,2.877534986180368,0.007444168734491315,0.7187806921234715,1
x_aq_ifu_top/icache_top_abort,32,0.0010656365513337107,11.822765,5.9723305238053,0.40625,0.06322022705578262,1
x_aq_ifu_top/icache_top_inv_st[1:0],8,0.00026640913783342767,3.407625,1.721379288278337,0.0,0.07114004768561606,2
x_aq_ifu_top/icache_top_rd_vld,403,0.01342036031835892,5.696339106699751,2.877534986180368,0.007444168734491315,0.7187806921234715,1
x_aq_ifu_top/icache_top_ref_st[1:0],538,0.017916014519298012,11.756870557620818,5.9390436074561785,0.3996282527881041,0.2102272122957603,2
x_aq_ifu_top/ipack_ibuf_acc_err[2:0],0,0.0,0.0,0.0,0.0,,0
x_aq_ifu_top/ipack_ibuf_inst[47:0],4318,0.1437943321455926,4.986050801296897,2.518729196920461,0.04145437702640111,-0.009794294951697357,39
x_aq_ifu_top/ipack_ibuf_inst_all,42,0.0013986479736254954,10.47654761904762,5.29228189254695,0.0,-0.06035012192343032,1
x_aq_ifu_top/ipack_ibuf_inst_full,44,0.0014652502580838522,10.598136363636364,5.35370307199681,0.0,-0.06036567366684212,1
x_aq_ifu_top/ipack_ibuf_inst_one,10,0.00033301142229178463,4.921,2.4858684502014445,0.0,-0.03729887987776101,1
x_aq_ifu_top/ipack_ibuf_inst_two,72,0.002397682240500849,8.30373611111111,4.194674988297002,0.0,-0.04802274703525392,1
x_aq_ifu_top/ipack_ibuf_inst_vld,799,0.02660761264111359,3.9023153942428035,1.971274684268156,0.0037546933667083854,0.5734027154087064,1
x_aq_ifu_top/ipack_ibuf_inst_vld_raw,853,0.02840587432148923,4.6398452520515825,2.3438416837821574,0.0011723329425556857,0.3580067491677884,1
x_aq_ifu_top/ipack_ibuf_pgflt[2:0],0,0.0,0.0,0.0,0.0,,0
x_aq_ifu_top/ipack_pcgen_reissue,0,0.0,0.0,0.0,0.0,,0
x_aq_ifu_top/ipack_pred_h0_create,614,0.020446901328715576,3.917758957654723,1.9790760797252536,0.003257328990228013,0.43360620707298264,1
x_aq_ifu_top/ipack_pred_h0_vld,536,0.017849412234839657,4.406951492537313,2.2261942037932685,0.016791044776119403,-0.08293786261904372,1
x_aq_ifu_top/ipack_pred_inst0[31:0],4300,0.14319491158546738,4.989274967441861,2.5203579010249055,0.0413953488372093,-0.03374120214264976,26
x_aq_ifu_top/ipack_pred_inst0_expt,0,0.0,0.0,0.0,0.0,,0
x_aq_ifu_top/ipack_pred_inst0_vld,853,0.02840587432148923,4.6398452520515825,2.3438416837821574,0.0011723329425556857,0.3580067491677884,1
x_aq_ifu_top/ipack_pred_inst1[15:0],3477,0.1157880715308535,4.7691758412424505,2.409173695835712,0.04141501294219154,-0.00979406023149104,15
x_aq_ifu_top/ipack_pred_inst1_expt,0,0.0,0.0,0.0,0.0,,0
x_aq_ifu_top/ipack_pred_inst1_vld,74,0.002464284524959206,8.434756756756755,4.260860741057727,0.0,-0.04807264599579715,1
x_aq_ifu_top/ipack_pred_unalign,0,0.0,0.0,0.0,0.0,,0
x_aq_ifu_top/ipack_top_entry0_vld,536,0.017849412234839657,4.406951492537313,2.2261942037932685,0.016791044776119403,-0.08293786261904372,1
x_aq_ifu_top/ipack_top_entry1_vld,849,0.02827266975257251,4.656114252061249,2.352060052780401,0.001177856301531213,0.35603850175879037,1
x_aq_ifu_top/ipack_top_entry2_vld,877,0.02920510173498951,4.522870011402508,2.2847510395667023,0.0011402508551881414,0.38443142518386697,1
x_aq_ifu_top/pcgen_btb_ifpc[39:0],4211,0.1402311099270705,4.06136151982902,2.051617652307488,0.01139871764426502,-0.026169788903621163,12
x_aq_ifu_top/pcgen_ctrl_chgflw_vld,602,0.020047287621965434,4.608699401993356,2.328108197495945,0.016611295681063124,0.2005807481934781,1
x_aq_ifu_top/pcgen_ibuf_chgflw_vld,0,0.0,0.0,0.0,0.0,,0
x_aq_ifu_top/pcgen_icache_chgflw_vld,602,0.020047287621965434,4.604767508305648,2.3261219811846634,0.016611295681063124,0.201381497013036,1
x_aq_ifu_top/pcgen_icache_seq_tag[33:0],260,0.0086582969795864,4.238365384615384,2.141032064629403,0.0038461538461538464,-0.02759509730802672,8
x_aq_ifu_top/pcgen_icache_va[63:0],4211,0.1402311099270705,4.06136151982902,2.051617652307488,0.01139871764426502,-0.026169788903621163,12
x_aq_ifu_top/pcgen_pred_flush_vld,0,0.0,0.0,0.0,0.0,,0
x_aq_ifu_top/pcgen_pred_ifpc[39:0],4152,0.13826634253554898,4.185609585741812,2.114382201596486,0.008670520231213872,-0.025965633963422653,13
x_aq_ifu_top/pcgen_top_buf_chgflw,10,0.00033301142229178463,2.3248999999999995,1.1744351879441854,0.0,0.0005390739635565177,1
x_aq_ifu_top/pred_btb_chgflw_vld,8,0.00026640913783342767,12.385625,6.256662146621878,0.0,-0.01037305446173478,1
x_aq_ifu_top/pred_btb_cur_pc[39:0],3807,0.1267774484664824,4.761414604675598,2.4052530672813353,0.037825059101654845,-0.026629665585123467,13
x_aq_ifu_top/pred_btb_inst_vld,853,0.02840587432148923,4.6398452520515825,2.3438416837821574,0.0011723329425556857,0.3580067491677884,1
x_aq_ifu_top/pred_btb_mis_pred,0,0.0,0.0,0.0,0.0,,0
x_aq_ifu_top/pred_btb_mis_predg,0,0.0,0.0,0.0,0.0,,0
x_aq_ifu_top/pred_btb_stall,118,0.0039295347830430585,6.252341610169493,3.1584025093684294,0.0423728813559322,-0.10265619300372755,1
x_aq_ifu_top/pred_btb_tar_pc[39:0],3947,0.13143960837856739,4.739944362807195,2.39440726421715,0.038256903977704586,-0.021783077837786713,13
x_aq_ifu_top/pred_btb_upd_vld,0,0.0,0.0,0.0,0.0,,0
x_aq_ifu_top/pred_btb_upd_vldg,0,0.0,0.0,0.0,0.0,,0
x_aq_ifu_top/pred_ctrl_stall,118,0.0039295347830430585,6.252341610169493,3.1584025093684294,0.0423728813559322,-0.10265619300372755,1
x_aq_ifu_top/pred_ibuf_br_taken0[1:0],474,0.01578474141663059,4.738567510548523,2.3937117402199095,0.016877637130801686,0.2450733036846287,1
x_aq_ifu_top/pred_ibuf_br_taken1[1:0],0,0.0,0.0,0.0,0.0,,0
x_aq_ifu_top/pred_ibuf_chgflw_vld0,8,0.00026640913783342767,12.385625,6.256662146621878,0.0,-0.01037305446173478,1
x_aq_ifu_top/pred_ibuf_halt_info0[21:0],1,3.330114222917846e-05,21.131999999999998,10.6749384453682,1.0,-0.05631263816658485,1
x_aq_ifu_top/pred_ibuf_halt_info1[21:0],1,3.330114222917846e-05,21.131999999999998,10.6749384453682,1.0,-0.05631263816658485,1
x_aq_ifu_top/pred_ipack_chgflw_vld0,8,0.00026640913783342767,12.385625,6.256662146621878,0.0,-0.01037305446173478,1
x_aq_ifu_top/pred_ipack_delay_stall,0,0.0,0.0,0.0,0.0,,0
x_aq_ifu_top/pred_ipack_mask,0,0.0,0.0,0.0,0.0,,0
x_aq_ifu_top/pred_ipack_ret_stall,0,0.0,0.0,0.0,0.0,,0
x_aq_ifu_top/pred_pcgen_chgflw_pc[39:0],3982,0.13260514835658863,4.74485394274234,2.3968873637628763,0.03792064289301859,-0.022711712283100427,13
x_aq_ifu_top/pred_pcgen_chgflw_vld,8,0.00026640913783342767,12.385625,6.256662146621878,0.0,-0.01037305446173478,1
x_aq_ifu_top/pred_pcgen_chgflw_vld_gate,106,0.003529921076292917,6.000443396226414,3.03115483151775,0.0,0.03172846138618511,1
x_aq_ifu_top/pred_pcgen_curflw_pc[39:0],10,0.00033301142229178463,5.862,2.961219438138766,0.0,-0.0010633485706064078,10
x_aq_ifu_top/pred_pcgen_curflw_vld,2,6.660228445835692e-05,10.982500000000002,5.547866339024053,0.0,-0.001268939121797307,1
x_aq_ifu_top/pred_pcgen_curflw_vld_gate,4,0.00013320456891671384,12.067000000000002,6.095707089733963,0.0,-0.0024667717961706793,1
x_aq_ifu_top/pred_top_delay_chgflw,0,0.0,0.0,0.0,0.0,,0
x_aq_ifu_top/pred_top_ras_st,2,6.660228445835692e-05,4.616999999999999,2.3323012872546367,0.0,0.022402207347894457,1
x_aq_ifu_top/vec_ctrl_reset_mask,2,6.660228445835692e-05,11.2365,5.67617574490724,0.5,0.009166977555070576,1
x_aq_ifu_top/vec_ibuf_warm_up,0,0.0,0.0,0.0,0.0,,0
x_aq_ifu_top/vec_pcgen_idle,1,3.330114222917846e-05,11.921,6.0219544391081925,0.0,-0.014572416203376948,1
x_aq_ifu_top/vec_pcgen_rst_vld,2,6.660228445835692e-05,10.800999999999998,5.456180680883112,0.5,-0.008239932014685099,1
x_aq_ifu_top/vec_top_cur_st[1:0],5,0.00016650571114589232,7.5009999999999994,3.7891687146842172,0.2,0.007446238897855878,2
x_aq_ifu_top/x_aq_ifu_btb/btb_pcgen_tar_pc[39:0],6,0.00019980685337507077,1.8583333333333314,0.9387466375311954,0.0,-0.01216715310278523,10
x_aq_ifu_top/x_aq_ifu_btb/btb_pred_tar_pc[39:0],4,0.00013320456891671384,3.6582499999999993,1.8479837955597302,0.0,-0.012402097406251672,10
x_aq_ifu_top/x_aq_ifu_btb/btb_pred_tar_vld,0,0.0,0.0,0.0,0.0,,0
x_aq_ifu_top/x_aq_ifu_btb/btb_xx_chgflw_vld,0,0.0,0.0,0.0,0.0,,0
x_aq_ifu_top/x_aq_ifu_btb/cp0_ifu_btb_clr,0,0.0,0.0,0.0,0.0,,0
x_aq_ifu_top/x_aq_ifu_btb/cp0_ifu_btb_en,1,3.330114222917846e-05,10.639999999999999,5.374850703138257,0.0,-0.02432614765315013,1
x_aq_ifu_top/x_aq_ifu_btb/cp0_ifu_icg_en,0,0.0,0.0,0.0,0.0,,0
x_aq_ifu_top/x_aq_ifu_btb/cp0_yy_clk_en,1,3.330114222917846e-05,21.131999999999998,10.6749384453682,1.0,-0.05631263816658485,1
x_aq_ifu_top/x_aq_ifu_btb/cpurst_b,3,9.990342668753538e-05,11.372333333333332,5.74479265159674,0.3333333333333333,-0.0038230699005505813,1
x_aq_ifu_top/x_aq_ifu_btb/ctrl_btb_chgflw_vld,602,0.020047287621965434,4.608699401993356,2.328108197495945,0.016611295681063124,0.2005807481934781,1
x_aq_ifu_top/x_aq_ifu_btb/ctrl_btb_inst_fetch,203,0.006760131872523227,6.8344236453201965,3.452444242067105,0.019704433497536946,0.05860944180405384,1
x_aq_ifu_top/x_aq_ifu_btb/ctrl_btb_stall,492,0.016384161976755802,9.581755345528457,4.840272975207931,0.06910569105691057,-0.7548084348733887,1
x_aq_ifu_top/x_aq_ifu_btb/forever_cpuclk,0,0.0,0.0,0.0,0.0,,0
x_aq_ifu_top/x_aq_ifu_btb/icache_btb_grant,215,0.007159745579273369,6.936372093023256,3.503944024569045,0.14883720930232558,0.5225726873644304,1
x_aq_ifu_top/x_aq_ifu_btb/iu_ifu_tar_pc_vld,0,0.0,0.0,0.0,0.0,,0
x_aq_ifu_top/x_aq_ifu_btb/iu_ifu_tar_pc_vld_gate,0,0.0,0.0,0.0,0.0,,0
x_aq_ifu_top/x_aq_ifu_btb/pad_yy_icg_scan_en,0,0.0,0.0,0.0,0.0,,0
x_aq_ifu_top/x_aq_ifu_btb/pcgen_btb_ifpc[39:0],4211,0.1402311099270705,4.06136151982902,2.051617652307488,0.01139871764426502,-0.026169788903621163,12
x_aq_ifu_top/x_aq_ifu_btb/pred_btb_chgflw_vld,8,0.00026640913783342767,12.385625,6.256662146621878,0.0,-0.01037305446173478,1
x_aq_ifu_top/x_aq_ifu_btb/pred_btb_cur_pc[39:0],3807,0.1267774484664824,4.761414604675598,2.4052530672813353,0.037825059101654845,-0.026629665585123467,13
x_aq_ifu_top/x_aq_ifu_btb/pred_btb_inst_vld,853,0.02840587432148923,4.6398452520515825,2.3438416837821574,0.0011723329425556857,0.3580067491677884,1
x_aq_ifu_top/x_aq_ifu_btb/pred_btb_mis_pred,0,0.0,0.0,0.0,0.0,,0
x_aq_ifu_top/x_aq_ifu_btb/pred_btb_mis_predg,0,0.0,0.0,0.0,0.0,,0
x_aq_ifu_top/x_aq_ifu_btb/pred_btb_stall,118,0.0039295347830430585,6.252341610169493,3.1584025093684294,0.0423728813559322,-0.10265619300372755,1
x_aq_ifu_top/x_aq_ifu_btb/pred_btb_tar_pc[39:0],3947,0.13143960837856739,4.739944362807195,2.39440726421715,0.038256903977704586,-0.021783077837786713,13
x_aq_ifu_top/x_aq_ifu_btb/pred_btb_upd_vld,0,0.0,0.0,0.0,0.0,,0
x_aq_ifu_top/x_aq_ifu_btb/pred_btb_upd_vldg,0,0.0,0.0,0.0,0.0,,0
x_aq_ifu_top/x_aq_ifu_btb/btb_chgflw_vld,0,0.0,0.0,0.0,0.0,,0
x_aq_ifu_top/x_aq_ifu_btb/btb_clk,0,0.0,0.0,0.0,0.0,,0
x_aq_ifu_top/x_aq_ifu_btb/btb_clr_one,0,0.0,0.0,0.0,0.0,,0
x_aq_ifu_top/x_aq_ifu_btb/btb_clr_oneg,0,0.0,0.0,0.0,0.0,,0
x_aq_ifu_top/x_aq_ifu_btb/btb_entry_clr[15:0],4,0.00013320456891671384,1.6455000000000002,0.8312327849637222,0.0,0.005256845513424014,1
x_aq_ifu_top/x_aq_ifu_btb/btb_entry_clrg[15:0],6,0.00019980685337507077,1.5953333333333326,0.8058908353765567,0.0,0.005376982482524038,1
x_aq_ifu_top/x_aq_ifu_btb/btb_entry_rd_hit[15:0],6,0.00019980685337507077,4.2959999999999985,2.1701464869061984,0.0,0.025616684011444544,1
x_aq_ifu_top/x_aq_ifu_btb/btb_entry_replace,0,0.0,0.0,0.0,0.0,,0
x_aq_ifu_top/x_aq_ifu_btb/btb_entry_replaceg,0,0.0,0.0,0.0,0.0,,0
x_aq_ifu_top/x_aq_ifu_btb/btb_entry_tgt_0[15:0],30,0.0009990342668753538,5.289533333333334,2.6720349582650305,0.0,-0.023570552523602965,10
x_aq_ifu_top/x_aq_ifu_btb/btb_entry_tgt_1[15:0],28,0.0009324319824169969,4.865035714285713,2.457597803545235,0.07142857142857142,-0.012481911833575991,10
x_aq_ifu_top/x_aq_ifu_btb/btb_entry_tgt_10[15:0],28,0.0009324319824169969,5.262392857142857,2.65832480718083,0.07142857142857142,-0.018440931490591866,10
x_aq_ifu_top/x_aq_ifu_btb/btb_entry_tgt_11[15:0],28,0.0009324319824169969,3.9292142857142855,1.9848627975895035,0.0,-0.0246044813562863,8
x_aq_ifu_top/x_aq_ifu_btb/btb_entry_tgt_12[15:0],28,0.0009324319824169969,4.555785714285713,2.301378576106748,0.0,-0.022803546732797705,10
x_aq_ifu_top/x_aq_ifu_btb/btb_entry_tgt_13[15:0],28,0.0009324319824169969,4.651142857142858,2.3495487270780804,0.07142857142857142,-0.019600183787216275,10
x_aq_ifu_top/x_aq_ifu_btb/btb_entry_tgt_14[15:0],28,0.0009324319824169969,4.3079285714285716,2.1761722660913767,0.0,-0.017926441003833265,9
x_aq_ifu_top/x_aq_ifu_btb/btb_entry_tgt_15[15:0],28,0.0009324319824169969,4.3262857142857145,2.1854454711847344,0.07142857142857142,-0.025444386318793213,10
x_aq_ifu_top/x_aq_ifu_btb/btb_entry_tgt_2[15:0],28,0.0009324319824169969,4.753642857142857,2.4013271290585005,0.0,-0.01862844306536736,10
x_aq_ifu_top/x_aq_ifu_btb/btb_entry_tgt_3[15:0],30,0.0009990342668753538,4.715366666666668,2.3819917146511322,0.0,-0.012569592822993504,11
x_aq_ifu_top/x_aq_ifu_btb/btb_entry_tgt_4[15:0],30,0.0009990342668753538,4.773233333333334,2.411223358826094,0.0,-0.01863546029648747,10
x_aq_ifu_top/x_aq_ifu_btb/btb_entry_tgt_5[15:0],30,0.0009990342668753538,4.822533333333334,2.436127507290823,0.0,-0.01681723674922206,9
x_aq_ifu_top/x_aq_ifu_btb/btb_entry_tgt_6[15:0],30,0.0009990342668753538,4.4337333333333335,2.2397231883641164,0.0,-0.01690681967530275,8
x_aq_ifu_top/x_aq_ifu_btb/btb_entry_tgt_7[15:0],32,0.0010656365513337107,3.0555000000000003,1.543501534157796,0.0,-0.016247809945345956,12
x_aq_ifu_top/x_aq_ifu_btb/btb_entry_tgt_8[15:0],30,0.0009990342668753538,4.602099999999999,2.324774475649678,0.06666666666666667,-0.013900644621732657,9
x_aq_ifu_top/x_aq_ifu_btb/btb_entry_tgt_9[15:0],30,0.0009990342668753538,5.2950333333333335,2.6748133115420285,0.0,-0.01842864823304598,10
x_aq_ifu_top/x_aq_ifu_btb/btb_entry_upd[15:0],444,0.014785707149755236,4.6497364864864865,2.34883829171048,0.02252252252252252,0.1080714324790017,1
x_aq_ifu_top/x_aq_ifu_btb/btb_entry_upd_vld,0,0.0,0.0,0.0,0.0,,0
x_aq_ifu_top/x_aq_ifu_btb/btb_entry_upd_vldg,0,0.0,0.0,0.0,0.0,,0
x_aq_ifu_top/x_aq_ifu_btb/btb_entry_updg[15:0],444,0.014785707149755236,4.6497364864864865,2.34883829171048,0.02252252252252252,0.1080714324790017,1
x_aq_ifu_top/x_aq_ifu_btb/btb_entry_wr_hit[15:0],64,0.0021312731026674214,6.535140625,3.301259885656828,0.265625,-0.04627460624542557,2
x_aq_ifu_top/x_aq_ifu_btb/btb_flop_vld,0,0.0,0.0,0.0,0.0,,0
x_aq_ifu_top/x_aq_ifu_btb/btb_icg_en,203,0.006760131872523227,6.8344236453201965,3.452444242067105,0.019704433497536946,0.05860944180405384,1
x_aq_ifu_top/x_aq_ifu_btb/btb_rd_acc_tag[15:0],4211,0.1402311099270705,4.06136151982902,2.051617652307488,0.01139871764426502,-0.026169788903621163,12
x_aq_ifu_top/x_aq_ifu_btb/btb_rd_hit_vld,0,0.0,0.0,0.0,0.0,,0
x_aq_ifu_top/x_aq_ifu_btb/btb_tar_clk,0,0.0,0.0,0.0,0.0,,0
x_aq_ifu_top/x_aq_ifu_btb/btb_tar_icg_en,4,0.00013320456891671384,3.6582499999999993,1.8479837955597302,0.0,0.019487444632434823,1
x_aq_ifu_top/x_aq_ifu_btb/btb_upd_tag[15:0],3807,0.1267774484664824,4.761414604675598,2.4052530672813353,0.037825059101654845,-0.026629665585123467,13
x_aq_ifu_top/x_aq_ifu_btb/btb_upd_tgt[15:0],3947,0.13143960837856739,4.739944362807195,2.39440726421715,0.038256903977704586,-0.021783077837786713,13
x_aq_ifu_top/x_aq_ifu_btb/btb_wr_acc_tag[15:0],3807,0.1267774484664824,4.761414604675598,2.4052530672813353,0.037825059101654845,-0.026629665585123467,13
x_aq_ifu_top/x_aq_ifu_btb/btb_wr_hit_vld,26,0.00086582969795864,7.598538461538462,3.838440770002171,0.34615384615384615,-0.07462678236419634,1
x_aq_ifu_top/x_aq_ifu_btb/x_btb_icg_cell/clk_in,0,0.0,0.0,0.0,0.0,,0
x_aq_ifu_top/x_aq_ifu_btb/x_btb_icg_cell/global_en,1,3.330114222917846e-05,21.131999999999998,10.6749384453682,1.0,-0.05631263816658485,1
x_aq_ifu_top/x_aq_ifu_btb/x_btb_icg_cell/module_en,0,0.0,0.0,0.0,0.0,,0
x_aq_ifu_top/x_aq_ifu_btb/x_btb_icg_cell/local_en,203,0.006760131872523227,6.8344236453201965,3.452444242067105,0.019704433497536946,0.05860944180405384,1
x_aq_ifu_top/x_aq_ifu_btb/x_btb_icg_cell/external_en,0,0.0,0.0,0.0,0.0,,0
x_aq_ifu_top/x_aq_ifu_btb/x_btb_icg_cell/pad_yy_icg_scan_en,0,0.0,0.0,0.0,0.0,,0
x_aq_ifu_top/x_aq_ifu_btb/x_btb_icg_cell/clk_out,0,0.0,0.0,0.0,0.0,,0
x_aq_ifu_top/x_aq_ifu_btb/x_btb_icg_cell/clk_en_bf_latch,203,0.006760131872523227,6.8344236453201965,3.452444242067105,0.019704433497536946,0.05860944180405384,1
x_aq_ifu_top/x_aq_ifu_btb/x_btb_icg_cell/SE,0,0.0,0.0,0.0,0.0,,0
x_aq_ifu_top/x_aq_ifu_btb/x_ifu_btb_tar_icg_cell/clk_in,0,0.0,0.0,0.0,0.0,,0
x_aq_ifu_top/x_aq_ifu_btb/x_ifu_btb_tar_icg_cell/global_en,1,3.330114222917846e-05,21.131999999999998,10.6749384453682,1.0,-0.05631263816658485,1
x_aq_ifu_top/x_aq_ifu_btb/x_ifu_btb_tar_icg_cell/module_en,0,0.0,0.0,0.0,0.0,,0
x_aq_ifu_top/x_aq_ifu_btb/x_ifu_btb_tar_icg_cell/local_en,4,0.00013320456891671384,3.6582499999999993,1.8479837955597302,0.0,0.019487444632434823,1
x_aq_ifu_top/x_aq_ifu_btb/x_ifu_btb_tar_icg_cell/external_en,0,0.0,0.0,0.0,0.0,,0
x_aq_ifu_top/x_aq_ifu_btb/x_ifu_btb_tar_icg_cell/pad_yy_icg_scan_en,0,0.0,0.0,0.0,0.0,,0
x_aq_ifu_top/x_aq_ifu_btb/x_ifu_btb_tar_icg_cell/clk_out,0,0.0,0.0,0.0,0.0,,0
x_aq_ifu_top/x_aq_ifu_btb/x_ifu_btb_tar_icg_cell/clk_en_bf_latch,4,0.00013320456891671384,3.6582499999999993,1.8479837955597302,0.0,0.019487444632434823,1
x_aq_ifu_top/x_aq_ifu_btb/x_ifu_btb_tar_icg_cell/SE,0,0.0,0.0,0.0,0.0,,0
x_aq_ifu_top/x_aq_ifu_btb/x_aq_ifu_btb_entry0/btb_entry_clr_x,0,0.0,0.0,0.0,0.0,,0
x_aq_ifu_top/x_aq_ifu_btb/x_aq_ifu_btb_entry0/btb_entry_clrg_x,0,0.0,0.0,0.0,0.0,,0
x_aq_ifu_top/x_aq_ifu_btb/x_aq_ifu_btb_entry0/btb_entry_rd_hit_x,0,0.0,0.0,0.0,0.0,,0
x_aq_ifu_top/x_aq_ifu_btb/x_aq_ifu_btb_entry0/btb_entry_tgt_y[15:0],30,0.0009990342668753538,5.289533333333334,2.6720349582650305,0.0,-0.023570552523602965,10
x_aq_ifu_top/x_aq_ifu_btb/x_aq_ifu_btb_entry0/btb_entry_upd_x,0,0.0,0.0,0.0,0.0,,0
x_aq_ifu_top/x_aq_ifu_btb/x_aq_ifu_btb_entry0/btb_entry_updg_x,0,0.0,0.0,0.0,0.0,,0
x_aq_ifu_top/x_aq_ifu_btb/x_aq_ifu_btb_entry0/btb_entry_wr_hit_x,0,0.0,0.0,0.0,0.0,,0
x_aq_ifu_top/x_aq_ifu_btb/x_aq_ifu_btb_entry0/btb_rd_acc_tag[15:0],4211,0.1402311099270705,4.06136151982902,2.051617652307488,0.01139871764426502,-0.026169788903621163,12
x_aq_ifu_top/x_aq_ifu_btb/x_aq_ifu_btb_entry0/btb_upd_tag[15:0],3807,0.1267774484664824,4.761414604675598,2.4052530672813353,0.037825059101654845,-0.026629665585123467,13
x_aq_ifu_top/x_aq_ifu_btb/x_aq_ifu_btb_entry0/btb_upd_tgt[15:0],3947,0.13143960837856739,4.739944362807195,2.39440726421715,0.038256903977704586,-0.021783077837786713,13
x_aq_ifu_top/x_aq_ifu_btb/x_aq_ifu_btb_entry0/btb_wr_acc_tag[15:0],3807,0.1267774484664824,4.761414604675598,2.4052530672813353,0.037825059101654845,-0.026629665585123467,13
x_aq_ifu_top/x_aq_ifu_btb/x_aq_ifu_btb_entry0/cp0_ifu_icg_en,0,0.0,0.0,0.0,0.0,,0
x_aq_ifu_top/x_aq_ifu_btb/x_aq_ifu_btb_entry0/cp0_yy_clk_en,1,3.330114222917846e-05,21.131999999999998,10.6749384453682,1.0,-0.05631263816658485,1
x_aq_ifu_top/x_aq_ifu_btb/x_aq_ifu_btb_entry0/cpurst_b,3,9.990342668753538e-05,11.372333333333332,5.74479265159674,0.3333333333333333,-0.0038230699005505813,1
x_aq_ifu_top/x_aq_ifu_btb/x_aq_ifu_btb_entry0/forever_cpuclk,0,0.0,0.0,0.0,0.0,,0
x_aq_ifu_top/x_aq_ifu_btb/x_aq_ifu_btb_entry0/pad_yy_icg_scan_en,0,0.0,0.0,0.0,0.0,,0
x_aq_ifu_top/x_aq_ifu_btb/x_aq_ifu_btb_entry0/btb_entry_clk,0,0.0,0.0,0.0,0.0,,0
x_aq_ifu_top/x_aq_ifu_btb/x_aq_ifu_btb_entry0/btb_rd_hit,0,0.0,0.0,0.0,0.0,,0
x_aq_ifu_top/x_aq_ifu_btb/x_aq_ifu_btb_entry0/btb_wr_hit,0,0.0,0.0,0.0,0.0,,0
x_aq_ifu_top/x_aq_ifu_btb/x_aq_ifu_btb_entry0/entry_clk_en,0,0.0,0.0,0.0,0.0,,0
x_aq_ifu_top/x_aq_ifu_btb/x_aq_ifu_btb_entry0/x_btb_entry_icg_cell/clk_in,0,0.0,0.0,0.0,0.0,,0
x_aq_ifu_top/x_aq_ifu_btb/x_aq_ifu_btb_entry0/x_btb_entry_icg_cell/global_en,1,3.330114222917846e-05,21.131999999999998,10.6749384453682,1.0,-0.05631263816658485,1
x_aq_ifu_top/x_aq_ifu_btb/x_aq_ifu_btb_entry0/x_btb_entry_icg_cell/module_en,0,0.0,0.0,0.0,0.0,,0
x_aq_ifu_top/x_aq_ifu_btb/x_aq_ifu_btb_entry0/x_btb_entry_icg_cell/local_en,0,0.0,0.0,0.0,0.0,,0
x_aq_ifu_top/x_aq_ifu_btb/x_aq_ifu_btb_entry0/x_btb_entry_icg_cell/external_en,0,0.0,0.0,0.0,0.0,,0
x_aq_ifu_top/x_aq_ifu_btb/x_aq_ifu_btb_entry0/x_btb_entry_icg_cell/pad_yy_icg_scan_en,0,0.0,0.0,0.0,0.0,,0
x_aq_ifu_top/x_aq_ifu_btb/x_aq_ifu_btb_entry0/x_btb_entry_icg_cell/clk_out,0,0.0,0.0,0.0,0.0,,0
x_aq_ifu_top/x_aq_ifu_btb/x_aq_ifu_btb_entry0/x_btb_entry_icg_cell/clk_en_bf_latch,0,0.0,0.0,0.0,0.0,,0
x_aq_ifu_top/x_aq_ifu_btb/x_aq_ifu_btb_entry0/x_btb_entry_icg_cell/SE,0,0.0,0.0,0.0,0.0,,0
x_aq_ifu_top/x_aq_ifu_btb/x_aq_ifu_btb_entry1/btb_entry_clr_x,0,0.0,0.0,0.0,0.0,,0
x_aq_ifu_top/x_aq_ifu_btb/x_aq_ifu_btb_entry1/btb_entry_clrg_x,0,0.0,0.0,0.0,0.0,,0
x_aq_ifu_top/x_aq_ifu_btb/x_aq_ifu_btb_entry1/btb_entry_rd_hit_x,0,0.0,0.0,0.0,0.0,,0
x_aq_ifu_top/x_aq_ifu_btb/x_aq_ifu_btb_entry1/btb_entry_tgt_y[15:0],28,0.0009324319824169969,4.865035714285713,2.457597803545235,0.07142857142857142,-0.012481911833575991,10
x_aq_ifu_top/x_aq_ifu_btb/x_aq_ifu_btb_entry1/btb_entry_upd_x,0,0.0,0.0,0.0,0.0,,0
x_aq_ifu_top/x_aq_ifu_btb/x_aq_ifu_btb_entry1/btb_entry_updg_x,0,0.0,0.0,0.0,0.0,,0
x_aq_ifu_top/x_aq_ifu_btb/x_aq_ifu_btb_entry1/btb_entry_wr_hit_x,4,0.00013320456891671384,10.126000000000003,5.11520096052425,0.5,-0.027178142461590064,1
x_aq_ifu_top/x_aq_ifu_btb/x_aq_ifu_btb_entry1/btb_rd_acc_tag[15:0],4211,0.1402311099270705,4.06136151982902,2.051617652307488,0.01139871764426502,-0.026169788903621163,12
x_aq_ifu_top/x_aq_ifu_btb/x_aq_ifu_btb_entry1/btb_upd_tag[15:0],3807,0.1267774484664824,4.761414604675598,2.4052530672813353,0.037825059101654845,-0.026629665585123467,13
x_aq_ifu_top/x_aq_ifu_btb/x_aq_ifu_btb_entry1/btb_upd_tgt[15:0],3947,0.13143960837856739,4.739944362807195,2.39440726421715,0.038256903977704586,-0.021783077837786713,13
x_aq_ifu_top/x_aq_ifu_btb/x_aq_ifu_btb_entry1/btb_wr_acc_tag[15:0],3807,0.1267774484664824,4.761414604675598,2.4052530672813353,0.037825059101654845,-0.026629665585123467,13
x_aq_ifu_top/x_aq_ifu_btb/x_aq_ifu_btb_entry1/cp0_ifu_icg_en,0,0.0,0.0,0.0,0.0,,0
x_aq_ifu_top/x_aq_ifu_btb/x_aq_ifu_btb_entry1/cp0_yy_clk_en,1,3.330114222917846e-05,21.131999999999998,10.6749384453682,1.0,-0.05631263816658485,1
x_aq_ifu_top/x_aq_ifu_btb/x_aq_ifu_btb_entry1/cpurst_b,3,9.990342668753538e-05,11.372333333333332,5.74479265159674,0.3333333333333333,-0.0038230699005505813,1
x_aq_ifu_top/x_aq_ifu_btb/x_aq_ifu_btb_entry1/forever_cpuclk,0,0.0,0.0,0.0,0.0,,0
x_aq_ifu_top/x_aq_ifu_btb/x_aq_ifu_btb_entry1/pad_yy_icg_scan_en,0,0.0,0.0,0.0,0.0,,0
x_aq_ifu_top/x_aq_ifu_btb/x_aq_ifu_btb_entry1/btb_entry_clk,0,0.0,0.0,0.0,0.0,,0
x_aq_ifu_top/x_aq_ifu_btb/x_aq_ifu_btb_entry1/btb_rd_hit,0,0.0,0.0,0.0,0.0,,0
x_aq_ifu_top/x_aq_ifu_btb/x_aq_ifu_btb_entry1/btb_wr_hit,4,0.00013320456891671384,10.126000000000003,5.11520096052425,0.5,-0.027178142461590064,1
x_aq_ifu_top/x_aq_ifu_btb/x_aq_ifu_btb_entry1/entry_clk_en,0,0.0,0.0,0.0,0.0,,0
x_aq_ifu_top/x_aq_ifu_btb/x_aq_ifu_btb_entry1/x_btb_entry_icg_cell/clk_in,0,0.0,0.0,0.0,0.0,,0
x_aq_ifu_top/x_aq_ifu_btb/x_aq_ifu_btb_entry1/x_btb_entry_icg_cell/global_en,1,3.330114222917846e-05,21.131999999999998,10.6749384453682,1.0,-0.05631263816658485,1
x_aq_ifu_top/x_aq_ifu_btb/x_aq_ifu_btb_entry1/x_btb_entry_icg_cell/module_en,0,0.0,0.0,0.0,0.0,,0
x_aq_ifu_top/x_aq_ifu_btb/x_aq_ifu_btb_entry1/x_btb_entry_icg_cell/local_en,0,0.0,0.0,0.0,0.0,,0
x_aq_ifu_top/x_aq_ifu_btb/x_aq_ifu_btb_entry1/x_btb_entry_icg_cell/external_en,0,0.0,0.0,0.0,0.0,,0
x_aq_ifu_top/x_aq_ifu_btb/x_aq_ifu_btb_entry1/x_btb_entry_icg_cell/pad_yy_icg_scan_en,0,0.0,0.0,0.0,0.0,,0
x_aq_ifu_top/x_aq_ifu_btb/x_aq_ifu_btb_entry1/x_btb_entry_icg_cell/clk_out,0,0.0,0.0,0.0,0.0,,0
x_aq_ifu_top/x_aq_ifu_btb/x_aq_ifu_btb_entry1/x_btb_entry_icg_cell/clk_en_bf_latch,0,0.0,0.0,0.0,0.0,,0
x_aq_ifu_top/x_aq_ifu_btb/x_aq_ifu_btb_entry1/x_btb_entry_icg_cell/SE,0,0.0,0.0,0.0,0.0,,0
x_aq_ifu_top/x_aq_ifu_btb/x_aq_ifu_btb_entry2/btb_entry_clr_x,0,0.0,0.0,0.0,0.0,,0
x_aq_ifu_top/x_aq_ifu_btb/x_aq_ifu_btb_entry2/btb_entry_clrg_x,0,0.0,0.0,0.0,0.0,,0
x_aq_ifu_top/x_aq_ifu_btb/x_aq_ifu_btb_entry2/btb_entry_rd_hit_x,0,0.0,0.0,0.0,0.0,,0
x_aq_ifu_top/x_aq_ifu_btb/x_aq_ifu_btb_entry2/btb_entry_tgt_y[15:0],28,0.0009324319824169969,4.753642857142857,2.4013271290585005,0.0,-0.01862844306536736,10
x_aq_ifu_top/x_aq_ifu_btb/x_aq_ifu_btb_entry2/btb_entry_upd_x,0,0.0,0.0,0.0,0.0,,0
x_aq_ifu_top/x_aq_ifu_btb/x_aq_ifu_btb_entry2/btb_entry_updg_x,0,0.0,0.0,0.0,0.0,,0
x_aq_ifu_top/x_aq_ifu_btb/x_aq_ifu_btb_entry2/btb_entry_wr_hit_x,0,0.0,0.0,0.0,0.0,,0
x_aq_ifu_top/x_aq_ifu_btb/x_aq_ifu_btb_entry2/btb_rd_acc_tag[15:0],4211,0.1402311099270705,4.06136151982902,2.051617652307488,0.01139871764426502,-0.026169788903621163,12
x_aq_ifu_top/x_aq_ifu_btb/x_aq_ifu_btb_entry2/btb_upd_tag[15:0],3807,0.1267774484664824,4.761414604675598,2.4052530672813353,0.037825059101654845,-0.026629665585123467,13
x_aq_ifu_top/x_aq_ifu_btb/x_aq_ifu_btb_entry2/btb_upd_tgt[15:0],3947,0.13143960837856739,4.739944362807195,2.39440726421715,0.038256903977704586,-0.021783077837786713,13
x_aq_ifu_top/x_aq_ifu_btb/x_aq_ifu_btb_entry2/btb_wr_acc_tag[15:0],3807,0.1267774484664824,4.761414604675598,2.4052530672813353,0.037825059101654845,-0.026629665585123467,13
x_aq_ifu_top/x_aq_ifu_btb/x_aq_ifu_btb_entry2/cp0_ifu_icg_en,0,0.0,0.0,0.0,0.0,,0
x_aq_ifu_top/x_aq_ifu_btb/x_aq_ifu_btb_entry2/cp0_yy_clk_en,1,3.330114222917846e-05,21.131999999999998,10.6749384453682,1.0,-0.05631263816658485,1
x_aq_ifu_top/x_aq_ifu_btb/x_aq_ifu_btb_entry2/cpurst_b,3,9.990342668753538e-05,11.372333333333332,5.74479265159674,0.3333333333333333,-0.0038230699005505813,1
x_aq_ifu_top/x_aq_ifu_btb/x_aq_ifu_btb_entry2/forever_cpuclk,0,0.0,0.0,0.0,0.0,,0
x_aq_ifu_top/x_aq_ifu_btb/x_aq_ifu_btb_entry2/pad_yy_icg_scan_en,0,0.0,0.0,0.0,0.0,,0
x_aq_ifu_top/x_aq_ifu_btb/x_aq_ifu_btb_entry2/btb_entry_clk,0,0.0,0.0,0.0,0.0,,0
x_aq_ifu_top/x_aq_ifu_btb/x_aq_ifu_btb_entry2/btb_rd_hit,0,0.0,0.0,0.0,0.0,,0
x_aq_ifu_top/x_aq_ifu_btb/x_aq_ifu_btb_entry2/btb_wr_hit,0,0.0,0.0,0.0,0.0,,0
x_aq_ifu_top/x_aq_ifu_btb/x_aq_ifu_btb_entry2/entry_clk_en,0,0.0,0.0,0.0,0.0,,0
x_aq_ifu_top/x_aq_ifu_btb/x_aq_ifu_btb_entry2/x_btb_entry_icg_cell/clk_in,0,0.0,0.0,0.0,0.0,,0
x_aq_ifu_top/x_aq_ifu_btb/x_aq_ifu_btb_entry2/x_btb_entry_icg_cell/global_en,1,3.330114222917846e-05,21.131999999999998,10.6749384453682,1.0,-0.05631263816658485,1
x_aq_ifu_top/x_aq_ifu_btb/x_aq_ifu_btb_entry2/x_btb_entry_icg_cell/module_en,0,0.0,0.0,0.0,0.0,,0
x_aq_ifu_top/x_aq_ifu_btb/x_aq_ifu_btb_entry2/x_btb_entry_icg_cell/local_en,0,0.0,0.0,0.0,0.0,,0
x_aq_ifu_top/x_aq_ifu_btb/x_aq_ifu_btb_entry2/x_btb_entry_icg_cell/external_en,0,0.0,0.0,0.0,0.0,,0
x_aq_ifu_top/x_aq_ifu_btb/x_aq_ifu_btb_entry2/x_btb_entry_icg_cell/pad_yy_icg_scan_en,0,0.0,0.0,0.0,0.0,,0
x_aq_ifu_top/x_aq_ifu_btb/x_aq_ifu_btb_entry2/x_btb_entry_icg_cell/clk_out,0,0.0,0.0,0.0,0.0,,0
x_aq_ifu_top/x_aq_ifu_btb/x_aq_ifu_btb_entry2/x_btb_entry_icg_cell/clk_en_bf_latch,0,0.0,0.0,0.0,0.0,,0
x_aq_ifu_top/x_aq_ifu_btb/x_aq_ifu_btb_entry2/x_btb_entry_icg_cell/SE,0,0.0,0.0,0.0,0.0,,0
x_aq_ifu_top/x_aq_ifu_btb/x_aq_ifu_btb_entry3/btb_entry_clr_x,0,0.0,0.0,0.0,0.0,,0
x_aq_ifu_top/x_aq_ifu_btb/x_aq_ifu_btb_entry3/btb_entry_clrg_x,0,0.0,0.0,0.0,0.0,,0
x_aq_ifu_top/x_aq_ifu_btb/x_aq_ifu_btb_entry3/btb_entry_rd_hit_x,0,0.0,0.0,0.0,0.0,,0
x_aq_ifu_top/x_aq_ifu_btb/x_aq_ifu_btb_entry3/btb_entry_tgt_y[15:0],30,0.0009990342668753538,4.715366666666668,2.3819917146511322,0.0,-0.012569592822993504,11
x_aq_ifu_top/x_aq_ifu_btb/x_aq_ifu_btb_entry3/btb_entry_upd_x,0,0.0,0.0,0.0,0.0,,0
x_aq_ifu_top/x_aq_ifu_btb/x_aq_ifu_btb_entry3/btb_entry_updg_x,0,0.0,0.0,0.0,0.0,,0
x_aq_ifu_top/x_aq_ifu_btb/x_aq_ifu_btb_entry3/btb_entry_wr_hit_x,0,0.0,0.0,0.0,0.0,,0
x_aq_ifu_top/x_aq_ifu_btb/x_aq_ifu_btb_entry3/btb_rd_acc_tag[15:0],4211,0.1402311099270705,4.06136151982902,2.051617652307488,0.01139871764426502,-0.026169788903621163,12
x_aq_ifu_top/x_aq_ifu_btb/x_aq_ifu_btb_entry3/btb_upd_tag[15:0],3807,0.1267774484664824,4.761414604675598,2.4052530672813353,0.037825059101654845,-0.026629665585123467,13
x_aq_ifu_top/x_aq_ifu_btb/x_aq_ifu_btb_entry3/btb_upd_tgt[15:0],3947,0.13143960837856739,4.739944362807195,2.39440726421715,0.038256903977704586,-0.021783077837786713,13
x_aq_ifu_top/x_aq_ifu_btb/x_aq_ifu_btb_entry3/btb_wr_acc_tag[15:0],3807,0.1267774484664824,4.761414604675598,2.4052530672813353,0.037825059101654845,-0.026629665585123467,13
x_aq_ifu_top/x_aq_ifu_btb/x_aq_ifu_btb_entry3/cp0_ifu_icg_en,0,0.0,0.0,0.0,0.0,,0
x_aq_ifu_top/x_aq_ifu_btb/x_aq_ifu_btb_entry3/cp0_yy_clk_en,1,3.330114222917846e-05,21.131999999999998,10.6749384453682,1.0,-0.05631263816658485,1
x_aq_ifu_top/x_aq_ifu_btb/x_aq_ifu_btb_entry3/cpurst_b,3,9.990342668753538e-05,11.372333333333332,5.74479265159674,0.3333333333333333,-0.0038230699005505813,1
x_aq_ifu_top/x_aq_ifu_btb/x_aq_ifu_btb_entry3/forever_cpuclk,0,0.0,0.0,0.0,0.0,,0
x_aq_ifu_top/x_aq_ifu_btb/x_aq_ifu_btb_entry3/pad_yy_icg_scan_en,0,0.0,0.0,0.0,0.0,,0
x_aq_ifu_top/x_aq_ifu_btb/x_aq_ifu_btb_entry3/btb_entry_clk,0,0.0,0.0,0.0,0.0,,0
x_aq_ifu_top/x_aq_ifu_btb/x_aq_ifu_btb_entry3/btb_rd_hit,0,0.0,0.0,0.0,0.0,,0
x_aq_ifu_top/x_aq_ifu_btb/x_aq_ifu_btb_entry3/btb_wr_hit,0,0.0,0.0,0.0,0.0,,0
x_aq_ifu_top/x_aq_ifu_btb/x_aq_ifu_btb_entry3/entry_clk_en,0,0.0,0.0,0.0,0.0,,0
x_aq_ifu_top/x_aq_ifu_btb/x_aq_ifu_btb_entry3/x_btb_entry_icg_cell/clk_in,0,0.0,0.0,0.0,0.0,,0
x_aq_ifu_top/x_aq_ifu_btb/x_aq_ifu_btb_entry3/x_btb_entry_icg_cell/global_en,1,3.330114222917846e-05,21.131999999999998,10.6749384453682,1.0,-0.05631263816658485,1
x_aq_ifu_top/x_aq_ifu_btb/x_aq_ifu_btb_entry3/x_btb_entry_icg_cell/module_en,0,0.0,0.0,0.0,0.0,,0
x_aq_ifu_top/x_aq_ifu_btb/x_aq_ifu_btb_entry3/x_btb_entry_icg_cell/local_en,0,0.0,0.0,0.0,0.0,,0
x_aq_ifu_top/x_aq_ifu_btb/x_aq_ifu_btb_entry3/x_btb_entry_icg_cell/external_en,0,0.0,0.0,0.0,0.0,,0
x_aq_ifu_top/x_aq_ifu_btb/x_aq_ifu_btb_entry3/x_btb_entry_icg_cell/pad_yy_icg_scan_en,0,0.0,0.0,0.0,0.0,,0
x_aq_ifu_top/x_aq_ifu_btb/x_aq_ifu_btb_entry3/x_btb_entry_icg_cell/clk_out,0,0.0,0.0,0.0,0.0,,0
x_aq_ifu_top/x_aq_ifu_btb/x_aq_ifu_btb_entry3/x_btb_entry_icg_cell/clk_en_bf_latch,0,0.0,0.0,0.0,0.0,,0
x_aq_ifu_top/x_aq_ifu_btb/x_aq_ifu_btb_entry3/x_btb_entry_icg_cell/SE,0,0.0,0.0,0.0,0.0,,0
x_aq_ifu_top/x_aq_ifu_btb/x_aq_ifu_btb_entry4/btb_entry_clr_x,0,0.0,0.0,0.0,0.0,,0
x_aq_ifu_top/x_aq_ifu_btb/x_aq_ifu_btb_entry4/btb_entry_clrg_x,0,0.0,0.0,0.0,0.0,,0
x_aq_ifu_top/x_aq_ifu_btb/x_aq_ifu_btb_entry4/btb_entry_rd_hit_x,0,0.0,0.0,0.0,0.0,,0
x_aq_ifu_top/x_aq_ifu_btb/x_aq_ifu_btb_entry4/btb_entry_tgt_y[15:0],30,0.0009990342668753538,4.773233333333334,2.411223358826094,0.0,-0.01863546029648747,10
x_aq_ifu_top/x_aq_ifu_btb/x_aq_ifu_btb_entry4/btb_entry_upd_x,0,0.0,0.0,0.0,0.0,,0
x_aq_ifu_top/x_aq_ifu_btb/x_aq_ifu_btb_entry4/btb_entry_updg_x,0,0.0,0.0,0.0,0.0,,0
x_aq_ifu_top/x_aq_ifu_btb/x_aq_ifu_btb_entry4/btb_entry_wr_hit_x,2,6.660228445835692e-05,11.0895,5.601917939140198,0.5,0.00840570357990676,1
x_aq_ifu_top/x_aq_ifu_btb/x_aq_ifu_btb_entry4/btb_rd_acc_tag[15:0],4211,0.1402311099270705,4.06136151982902,2.051617652307488,0.01139871764426502,-0.026169788903621163,12
x_aq_ifu_top/x_aq_ifu_btb/x_aq_ifu_btb_entry4/btb_upd_tag[15:0],3807,0.1267774484664824,4.761414604675598,2.4052530672813353,0.037825059101654845,-0.026629665585123467,13
x_aq_ifu_top/x_aq_ifu_btb/x_aq_ifu_btb_entry4/btb_upd_tgt[15:0],3947,0.13143960837856739,4.739944362807195,2.39440726421715,0.038256903977704586,-0.021783077837786713,13
x_aq_ifu_top/x_aq_ifu_btb/x_aq_ifu_btb_entry4/btb_wr_acc_tag[15:0],3807,0.1267774484664824,4.761414604675598,2.4052530672813353,0.037825059101654845,-0.026629665585123467,13
x_aq_ifu_top/x_aq_ifu_btb/x_aq_ifu_btb_entry4/cp0_ifu_icg_en,0,0.0,0.0,0.0,0.0,,0
x_aq_ifu_top/x_aq_ifu_btb/x_aq_ifu_btb_entry4/cp0_yy_clk_en,1,3.330114222917846e-05,21.131999999999998,10.6749384453682,1.0,-0.05631263816658485,1
x_aq_ifu_top/x_aq_ifu_btb/x_aq_ifu_btb_entry4/cpurst_b,3,9.990342668753538e-05,11.372333333333332,5.74479265159674,0.3333333333333333,-0.0038230699005505813,1
x_aq_ifu_top/x_aq_ifu_btb/x_aq_ifu_btb_entry4/forever_cpuclk,0,0.0,0.0,0.0,0.0,,0
x_aq_ifu_top/x_aq_ifu_btb/x_aq_ifu_btb_entry4/pad_yy_icg_scan_en,0,0.0,0.0,0.0,0.0,,0
x_aq_ifu_top/x_aq_ifu_btb/x_aq_ifu_btb_entry4/btb_entry_clk,0,0.0,0.0,0.0,0.0,,0
x_aq_ifu_top/x_aq_ifu_btb/x_aq_ifu_btb_entry4/btb_rd_hit,0,0.0,0.0,0.0,0.0,,0
x_aq_ifu_top/x_aq_ifu_btb/x_aq_ifu_btb_entry4/btb_wr_hit,2,6.660228445835692e-05,11.0895,5.601917939140198,0.5,0.00840570357990676,1
x_aq_ifu_top/x_aq_ifu_btb/x_aq_ifu_btb_entry4/entry_clk_en,0,0.0,0.0,0.0,0.0,,0
x_aq_ifu_top/x_aq_ifu_btb/x_aq_ifu_btb_entry4/x_btb_entry_icg_cell/clk_in,0,0.0,0.0,0.0,0.0,,0
x_aq_ifu_top/x_aq_ifu_btb/x_aq_ifu_btb_entry4/x_btb_entry_icg_cell/global_en,1,3.330114222917846e-05,21.131999999999998,10.6749384453682,1.0,-0.05631263816658485,1
x_aq_ifu_top/x_aq_ifu_btb/x_aq_ifu_btb_entry4/x_btb_entry_icg_cell/module_en,0,0.0,0.0,0.0,0.0,,0
x_aq_ifu_top/x_aq_ifu_btb/x_aq_ifu_btb_entry4/x_btb_entry_icg_cell/local_en,0,0.0,0.0,0.0,0.0,,0
x_aq_ifu_top/x_aq_ifu_btb/x_aq_ifu_btb_entry4/x_btb_entry_icg_cell/external_en,0,0.0,0.0,0.0,0.0,,0
x_aq_ifu_top/x_aq_ifu_btb/x_aq_ifu_btb_entry4/x_btb_entry_icg_cell/pad_yy_icg_scan_en,0,0.0,0.0,0.0,0.0,,0
x_aq_ifu_top/x_aq_ifu_btb/x_aq_ifu_btb_entry4/x_btb_entry_icg_cell/clk_out,0,0.0,0.0,0.0,0.0,,0
x_aq_ifu_top/x_aq_ifu_btb/x_aq_ifu_btb_entry4/x_btb_entry_icg_cell/clk_en_bf_latch,0,0.0,0.0,0.0,0.0,,0
x_aq_ifu_top/x_aq_ifu_btb/x_aq_ifu_btb_entry4/x_btb_entry_icg_cell/SE,0,0.0,0.0,0.0,0.0,,0
x_aq_ifu_top/x_aq_ifu_btb/x_aq_ifu_btb_entry5/btb_entry_clr_x,0,0.0,0.0,0.0,0.0,,0
x_aq_ifu_top/x_aq_ifu_btb/x_aq_ifu_btb_entry5/btb_entry_clrg_x,0,0.0,0.0,0.0,0.0,,0
x_aq_ifu_top/x_aq_ifu_btb/x_aq_ifu_btb_entry5/btb_entry_rd_hit_x,0,0.0,0.0,0.0,0.0,,0
x_aq_ifu_top/x_aq_ifu_btb/x_aq_ifu_btb_entry5/btb_entry_tgt_y[15:0],30,0.0009990342668753538,4.822533333333334,2.436127507290823,0.0,-0.01681723674922206,9
x_aq_ifu_top/x_aq_ifu_btb/x_aq_ifu_btb_entry5/btb_entry_upd_x,0,0.0,0.0,0.0,0.0,,0
x_aq_ifu_top/x_aq_ifu_btb/x_aq_ifu_btb_entry5/btb_entry_updg_x,0,0.0,0.0,0.0,0.0,,0
x_aq_ifu_top/x_aq_ifu_btb/x_aq_ifu_btb_entry5/btb_entry_wr_hit_x,0,0.0,0.0,0.0,0.0,,0
x_aq_ifu_top/x_aq_ifu_btb/x_aq_ifu_btb_entry5/btb_rd_acc_tag[15:0],4211,0.1402311099270705,4.06136151982902,2.051617652307488,0.01139871764426502,-0.026169788903621163,12
x_aq_ifu_top/x_aq_ifu_btb/x_aq_ifu_btb_entry5/btb_upd_tag[15:0],3807,0.1267774484664824,4.761414604675598,2.4052530672813353,0.037825059101654845,-0.026629665585123467,13
x_aq_ifu_top/x_aq_ifu_btb/x_aq_ifu_btb_entry5/btb_upd_tgt[15:0],3947,0.13143960837856739,4.739944362807195,2.39440726421715,0.038256903977704586,-0.021783077837786713,13
x_aq_ifu_top/x_aq_ifu_btb/x_aq_ifu_btb_entry5/btb_wr_acc_tag[15:0],3807,0.1267774484664824,4.761414604675598,2.4052530672813353,0.037825059101654845,-0.026629665585123467,13
x_aq_ifu_top/x_aq_ifu_btb/x_aq_ifu_btb_entry5/cp0_ifu_icg_en,0,0.0,0.0,0.0,0.0,,0
x_aq_ifu_top/x_aq_ifu_btb/x_aq_ifu_btb_entry5/cp0_yy_clk_en,1,3.330114222917846e-05,21.131999999999998,10.6749384453682,1.0,-0.05631263816658485,1
x_aq_ifu_top/x_aq_ifu_btb/x_aq_ifu_btb_entry5/cpurst_b,3,9.990342668753538e-05,11.372333333333332,5.74479265159674,0.3333333333333333,-0.0038230699005505813,1
x_aq_ifu_top/x_aq_ifu_btb/x_aq_ifu_btb_entry5/forever_cpuclk,0,0.0,0.0,0.0,0.0,,0
x_aq_ifu_top/x_aq_ifu_btb/x_aq_ifu_btb_entry5/pad_yy_icg_scan_en,0,0.0,0.0,0.0,0.0,,0
x_aq_ifu_top/x_aq_ifu_btb/x_aq_ifu_btb_entry5/btb_entry_clk,0,0.0,0.0,0.0,0.0,,0
x_aq_ifu_top/x_aq_ifu_btb/x_aq_ifu_btb_entry5/btb_rd_hit,0,0.0,0.0,0.0,0.0,,0
x_aq_ifu_top/x_aq_ifu_btb/x_aq_ifu_btb_entry5/btb_wr_hit,0,0.0,0.0,0.0,0.0,,0
x_aq_ifu_top/x_aq_ifu_btb/x_aq_ifu_btb_entry5/entry_clk_en,0,0.0,0.0,0.0,0.0,,0
x_aq_ifu_top/x_aq_ifu_btb/x_aq_ifu_btb_entry5/x_btb_entry_icg_cell/clk_in,0,0.0,0.0,0.0,0.0,,0
x_aq_ifu_top/x_aq_ifu_btb/x_aq_ifu_btb_entry5/x_btb_entry_icg_cell/global_en,1,3.330114222917846e-05,21.131999999999998,10.6749384453682,1.0,-0.05631263816658485,1
x_aq_ifu_top/x_aq_ifu_btb/x_aq_ifu_btb_entry5/x_btb_entry_icg_cell/module_en,0,0.0,0.0,0.0,0.0,,0
x_aq_ifu_top/x_aq_ifu_btb/x_aq_ifu_btb_entry5/x_btb_entry_icg_cell/local_en,0,0.0,0.0,0.0,0.0,,0
x_aq_ifu_top/x_aq_ifu_btb/x_aq_ifu_btb_entry5/x_btb_entry_icg_cell/external_en,0,0.0,0.0,0.0,0.0,,0
x_aq_ifu_top/x_aq_ifu_btb/x_aq_ifu_btb_entry5/x_btb_entry_icg_cell/pad_yy_icg_scan_en,0,0.0,0.0,0.0,0.0,,0
x_aq_ifu_top/x_aq_ifu_btb/x_aq_ifu_btb_entry5/x_btb_entry_icg_cell/clk_out,0,0.0,0.0,0.0,0.0,,0
x_aq_ifu_top/x_aq_ifu_btb/x_aq_ifu_btb_entry5/x_btb_entry_icg_cell/clk_en_bf_latch,0,0.0,0.0,0.0,0.0,,0
x_aq_ifu_top/x_aq_ifu_btb/x_aq_ifu_btb_entry5/x_btb_entry_icg_cell/SE,0,0.0,0.0,0.0,0.0,,0
x_aq_ifu_top/x_aq_ifu_btb/x_aq_ifu_btb_entry6/btb_entry_clr_x,0,0.0,0.0,0.0,0.0,,0
x_aq_ifu_top/x_aq_ifu_btb/x_aq_ifu_btb_entry6/btb_entry_clrg_x,0,0.0,0.0,0.0,0.0,,0
x_aq_ifu_top/x_aq_ifu_btb/x_aq_ifu_btb_entry6/btb_entry_rd_hit_x,0,0.0,0.0,0.0,0.0,,0
x_aq_ifu_top/x_aq_ifu_btb/x_aq_ifu_btb_entry6/btb_entry_tgt_y[15:0],30,0.0009990342668753538,4.4337333333333335,2.2397231883641164,0.0,-0.01690681967530275,8
x_aq_ifu_top/x_aq_ifu_btb/x_aq_ifu_btb_entry6/btb_entry_upd_x,0,0.0,0.0,0.0,0.0,,0
x_aq_ifu_top/x_aq_ifu_btb/x_aq_ifu_btb_entry6/btb_entry_updg_x,0,0.0,0.0,0.0,0.0,,0
x_aq_ifu_top/x_aq_ifu_btb/x_aq_ifu_btb_entry6/btb_entry_wr_hit_x,0,0.0,0.0,0.0,0.0,,0
x_aq_ifu_top/x_aq_ifu_btb/x_aq_ifu_btb_entry6/btb_rd_acc_tag[15:0],4211,0.1402311099270705,4.06136151982902,2.051617652307488,0.01139871764426502,-0.026169788903621163,12
x_aq_ifu_top/x_aq_ifu_btb/x_aq_ifu_btb_entry6/btb_upd_tag[15:0],3807,0.1267774484664824,4.761414604675598,2.4052530672813353,0.037825059101654845,-0.026629665585123467,13
x_aq_ifu_top/x_aq_ifu_btb/x_aq_ifu_btb_entry6/btb_upd_tgt[15:0],3947,0.13143960837856739,4.739944362807195,2.39440726421715,0.038256903977704586,-0.021783077837786713,13
x_aq_ifu_top/x_aq_ifu_btb/x_aq_ifu_btb_entry6/btb_wr_acc_tag[15:0],3807,0.1267774484664824,4.761414604675598,2.4052530672813353,0.037825059101654845,-0.026629665585123467,13
x_aq_ifu_top/x_aq_ifu_btb/x_aq_ifu_btb_entry6/cp0_ifu_icg_en,0,0.0,0.0,0.0,0.0,,0
x_aq_ifu_top/x_aq_ifu_btb/x_aq_ifu_btb_entry6/cp0_yy_clk_en,1,3.330114222917846e-05,21.131999999999998,10.6749384453682,1.0,-0.05631263816658485,1
x_aq_ifu_top/x_aq_ifu_btb/x_aq_ifu_btb_entry6/cpurst_b,3,9.990342668753538e-05,11.372333333333332,5.74479265159674,0.3333333333333333,-0.0038230699005505813,1
x_aq_ifu_top/x_aq_ifu_btb/x_aq_ifu_btb_entry6/forever_cpuclk,0,0.0,0.0,0.0,0.0,,0
x_aq_ifu_top/x_aq_ifu_btb/x_aq_ifu_btb_entry6/pad_yy_icg_scan_en,0,0.0,0.0,0.0,0.0,,0
x_aq_ifu_top/x_aq_ifu_btb/x_aq_ifu_btb_entry6/btb_entry_clk,0,0.0,0.0,0.0,0.0,,0
x_aq_ifu_top/x_aq_ifu_btb/x_aq_ifu_btb_entry6/btb_rd_hit,0,0.0,0.0,0.0,0.0,,0
x_aq_ifu_top/x_aq_ifu_btb/x_aq_ifu_btb_entry6/btb_wr_hit,0,0.0,0.0,0.0,0.0,,0
x_aq_ifu_top/x_aq_ifu_btb/x_aq_ifu_btb_entry6/entry_clk_en,0,0.0,0.0,0.0,0.0,,0
x_aq_ifu_top/x_aq_ifu_btb/x_aq_ifu_btb_entry6/x_btb_entry_icg_cell/clk_in,0,0.0,0.0,0.0,0.0,,0
x_aq_ifu_top/x_aq_ifu_btb/x_aq_ifu_btb_entry6/x_btb_entry_icg_cell/global_en,1,3.330114222917846e-05,21.131999999999998,10.6749384453682,1.0,-0.05631263816658485,1
x_aq_ifu_top/x_aq_ifu_btb/x_aq_ifu_btb_entry6/x_btb_entry_icg_cell/module_en,0,0.0,0.0,0.0,0.0,,0
x_aq_ifu_top/x_aq_ifu_btb/x_aq_ifu_btb_entry6/x_btb_entry_icg_cell/local_en,0,0.0,0.0,0.0,0.0,,0
x_aq_ifu_top/x_aq_ifu_btb/x_aq_ifu_btb_entry6/x_btb_entry_icg_cell/external_en,0,0.0,0.0,0.0,0.0,,0
x_aq_ifu_top/x_aq_ifu_btb/x_aq_ifu_btb_entry6/x_btb_entry_icg_cell/pad_yy_icg_scan_en,0,0.0,0.0,0.0,0.0,,0
x_aq_ifu_top/x_aq_ifu_btb/x_aq_ifu_btb_entry6/x_btb_entry_icg_cell/clk_out,0,0.0,0.0,0.0,0.0,,0
x_aq_ifu_top/x_aq_ifu_btb/x_aq_ifu_btb_entry6/x_btb_entry_icg_cell/clk_en_bf_latch,0,0.0,0.0,0.0,0.0,,0
x_aq_ifu_top/x_aq_ifu_btb/x_aq_ifu_btb_entry6/x_btb_entry_icg_cell/SE,0,0.0,0.0,0.0,0.0,,0
x_aq_ifu_top/x_aq_ifu_btb/x_aq_ifu_btb_entry7/btb_entry_clr_x,0,0.0,0.0,0.0,0.0,,0
x_aq_ifu_top/x_aq_ifu_btb/x_aq_ifu_btb_entry7/btb_entry_clrg_x,0,0.0,0.0,0.0,0.0,,0
x_aq_ifu_top/x_aq_ifu_btb/x_aq_ifu_btb_entry7/btb_entry_rd_hit_x,0,0.0,0.0,0.0,0.0,,0
x_aq_ifu_top/x_aq_ifu_btb/x_aq_ifu_btb_entry7/btb_entry_tgt_y[15:0],32,0.0010656365513337107,3.0555000000000003,1.543501534157796,0.0,-0.016247809945345956,12
x_aq_ifu_top/x_aq_ifu_btb/x_aq_ifu_btb_entry7/btb_entry_upd_x,0,0.0,0.0,0.0,0.0,,0
x_aq_ifu_top/x_aq_ifu_btb/x_aq_ifu_btb_entry7/btb_entry_updg_x,0,0.0,0.0,0.0,0.0,,0
x_aq_ifu_top/x_aq_ifu_btb/x_aq_ifu_btb_entry7/btb_entry_wr_hit_x,4,0.00013320456891671384,10.828750000000001,5.4701987360534226,0.5,0.010812617708219814,1
x_aq_ifu_top/x_aq_ifu_btb/x_aq_ifu_btb_entry7/btb_rd_acc_tag[15:0],4211,0.1402311099270705,4.06136151982902,2.051617652307488,0.01139871764426502,-0.026169788903621163,12
x_aq_ifu_top/x_aq_ifu_btb/x_aq_ifu_btb_entry7/btb_upd_tag[15:0],3807,0.1267774484664824,4.761414604675598,2.4052530672813353,0.037825059101654845,-0.026629665585123467,13
x_aq_ifu_top/x_aq_ifu_btb/x_aq_ifu_btb_entry7/btb_upd_tgt[15:0],3947,0.13143960837856739,4.739944362807195,2.39440726421715,0.038256903977704586,-0.021783077837786713,13
x_aq_ifu_top/x_aq_ifu_btb/x_aq_ifu_btb_entry7/btb_wr_acc_tag[15:0],3807,0.1267774484664824,4.761414604675598,2.4052530672813353,0.037825059101654845,-0.026629665585123467,13
x_aq_ifu_top/x_aq_ifu_btb/x_aq_ifu_btb_entry7/cp0_ifu_icg_en,0,0.0,0.0,0.0,0.0,,0
x_aq_ifu_top/x_aq_ifu_btb/x_aq_ifu_btb_entry7/cp0_yy_clk_en,1,3.330114222917846e-05,21.131999999999998,10.6749384453682,1.0,-0.05631263816658485,1
x_aq_ifu_top/x_aq_ifu_btb/x_aq_ifu_btb_entry7/cpurst_b,3,9.990342668753538e-05,11.372333333333332,5.74479265159674,0.3333333333333333,-0.0038230699005505813,1
x_aq_ifu_top/x_aq_ifu_btb/x_aq_ifu_btb_entry7/forever_cpuclk,0,0.0,0.0,0.0,0.0,,0
x_aq_ifu_top/x_aq_ifu_btb/x_aq_ifu_btb_entry7/pad_yy_icg_scan_en,0,0.0,0.0,0.0,0.0,,0
x_aq_ifu_top/x_aq_ifu_btb/x_aq_ifu_btb_entry7/btb_entry_clk,0,0.0,0.0,0.0,0.0,,0
x_aq_ifu_top/x_aq_ifu_btb/x_aq_ifu_btb_entry7/btb_rd_hit,0,0.0,0.0,0.0,0.0,,0
x_aq_ifu_top/x_aq_ifu_btb/x_aq_ifu_btb_entry7/btb_wr_hit,4,0.00013320456891671384,10.828750000000001,5.4701987360534226,0.5,0.010812617708219814,1
x_aq_ifu_top/x_aq_ifu_btb/x_aq_ifu_btb_entry7/entry_clk_en,0,0.0,0.0,0.0,0.0,,0
x_aq_ifu_top/x_aq_ifu_btb/x_aq_ifu_btb_entry7/x_btb_entry_icg_cell/clk_in,0,0.0,0.0,0.0,0.0,,0
x_aq_ifu_top/x_aq_ifu_btb/x_aq_ifu_btb_entry7/x_btb_entry_icg_cell/global_en,1,3.330114222917846e-05,21.131999999999998,10.6749384453682,1.0,-0.05631263816658485,1
x_aq_ifu_top/x_aq_ifu_btb/x_aq_ifu_btb_entry7/x_btb_entry_icg_cell/module_en,0,0.0,0.0,0.0,0.0,,0
x_aq_ifu_top/x_aq_ifu_btb/x_aq_ifu_btb_entry7/x_btb_entry_icg_cell/local_en,0,0.0,0.0,0.0,0.0,,0
x_aq_ifu_top/x_aq_ifu_btb/x_aq_ifu_btb_entry7/x_btb_entry_icg_cell/external_en,0,0.0,0.0,0.0,0.0,,0
x_aq_ifu_top/x_aq_ifu_btb/x_aq_ifu_btb_entry7/x_btb_entry_icg_cell/pad_yy_icg_scan_en,0,0.0,0.0,0.0,0.0,,0
x_aq_ifu_top/x_aq_ifu_btb/x_aq_ifu_btb_entry7/x_btb_entry_icg_cell/clk_out,0,0.0,0.0,0.0,0.0,,0
x_aq_ifu_top/x_aq_ifu_btb/x_aq_ifu_btb_entry7/x_btb_entry_icg_cell/clk_en_bf_latch,0,0.0,0.0,0.0,0.0,,0
x_aq_ifu_top/x_aq_ifu_btb/x_aq_ifu_btb_entry7/x_btb_entry_icg_cell/SE,0,0.0,0.0,0.0,0.0,,0
x_aq_ifu_top/x_aq_ifu_btb/x_aq_ifu_btb_entry8/btb_entry_clr_x,0,0.0,0.0,0.0,0.0,,0
x_aq_ifu_top/x_aq_ifu_btb/x_aq_ifu_btb_entry8/btb_entry_clrg_x,0,0.0,0.0,0.0,0.0,,0
x_aq_ifu_top/x_aq_ifu_btb/x_aq_ifu_btb_entry8/btb_entry_rd_hit_x,0,0.0,0.0,0.0,0.0,,0
x_aq_ifu_top/x_aq_ifu_btb/x_aq_ifu_btb_entry8/btb_entry_tgt_y[15:0],30,0.0009990342668753538,4.602099999999999,2.324774475649678,0.06666666666666667,-0.013900644621732657,9
x_aq_ifu_top/x_aq_ifu_btb/x_aq_ifu_btb_entry8/btb_entry_upd_x,0,0.0,0.0,0.0,0.0,,0
x_aq_ifu_top/x_aq_ifu_btb/x_aq_ifu_btb_entry8/btb_entry_updg_x,0,0.0,0.0,0.0,0.0,,0
x_aq_ifu_top/x_aq_ifu_btb/x_aq_ifu_btb_entry8/btb_entry_wr_hit_x,4,0.00013320456891671384,7.686250000000001,3.882748704604929,0.25,-0.028171816651035412,1
x_aq_ifu_top/x_aq_ifu_btb/x_aq_ifu_btb_entry8/btb_rd_acc_tag[15:0],4211,0.1402311099270705,4.06136151982902,2.051617652307488,0.01139871764426502,-0.026169788903621163,12
x_aq_ifu_top/x_aq_ifu_btb/x_aq_ifu_btb_entry8/btb_upd_tag[15:0],3807,0.1267774484664824,4.761414604675598,2.4052530672813353,0.037825059101654845,-0.026629665585123467,13
x_aq_ifu_top/x_aq_ifu_btb/x_aq_ifu_btb_entry8/btb_upd_tgt[15:0],3947,0.13143960837856739,4.739944362807195,2.39440726421715,0.038256903977704586,-0.021783077837786713,13
x_aq_ifu_top/x_aq_ifu_btb/x_aq_ifu_btb_entry8/btb_wr_acc_tag[15:0],3807,0.1267774484664824,4.761414604675598,2.4052530672813353,0.037825059101654845,-0.026629665585123467,13
x_aq_ifu_top/x_aq_ifu_btb/x_aq_ifu_btb_entry8/cp0_ifu_icg_en,0,0.0,0.0,0.0,0.0,,0
x_aq_ifu_top/x_aq_ifu_btb/x_aq_ifu_btb_entry8/cp0_yy_clk_en,1,3.330114222917846e-05,21.131999999999998,10.6749384453682,1.0,-0.05631263816658485,1
x_aq_ifu_top/x_aq_ifu_btb/x_aq_ifu_btb_entry8/cpurst_b,3,9.990342668753538e-05,11.372333333333332,5.74479265159674,0.3333333333333333,-0.0038230699005505813,1
x_aq_ifu_top/x_aq_ifu_btb/x_aq_ifu_btb_entry8/forever_cpuclk,0,0.0,0.0,0.0,0.0,,0
x_aq_ifu_top/x_aq_ifu_btb/x_aq_ifu_btb_entry8/pad_yy_icg_scan_en,0,0.0,0.0,0.0,0.0,,0
x_aq_ifu_top/x_aq_ifu_btb/x_aq_ifu_btb_entry8/btb_entry_clk,0,0.0,0.0,0.0,0.0,,0
x_aq_ifu_top/x_aq_ifu_btb/x_aq_ifu_btb_entry8/btb_rd_hit,0,0.0,0.0,0.0,0.0,,0
x_aq_ifu_top/x_aq_ifu_btb/x_aq_ifu_btb_entry8/btb_wr_hit,4,0.00013320456891671384,7.686250000000001,3.882748704604929,0.25,-0.028171816651035412,1
x_aq_ifu_top/x_aq_ifu_btb/x_aq_ifu_btb_entry8/entry_clk_en,0,0.0,0.0,0.0,0.0,,0
x_aq_ifu_top/x_aq_ifu_btb/x_aq_ifu_btb_entry8/x_btb_entry_icg_cell/clk_in,0,0.0,0.0,0.0,0.0,,0
x_aq_ifu_top/x_aq_ifu_btb/x_aq_ifu_btb_entry8/x_btb_entry_icg_cell/global_en,1,3.330114222917846e-05,21.131999999999998,10.6749384453682,1.0,-0.05631263816658485,1
x_aq_ifu_top/x_aq_ifu_btb/x_aq_ifu_btb_entry8/x_btb_entry_icg_cell/module_en,0,0.0,0.0,0.0,0.0,,0
x_aq_ifu_top/x_aq_ifu_btb/x_aq_ifu_btb_entry8/x_btb_entry_icg_cell/local_en,0,0.0,0.0,0.0,0.0,,0
x_aq_ifu_top/x_aq_ifu_btb/x_aq_ifu_btb_entry8/x_btb_entry_icg_cell/external_en,0,0.0,0.0,0.0,0.0,,0
x_aq_ifu_top/x_aq_ifu_btb/x_aq_ifu_btb_entry8/x_btb_entry_icg_cell/pad_yy_icg_scan_en,0,0.0,0.0,0.0,0.0,,0
x_aq_ifu_top/x_aq_ifu_btb/x_aq_ifu_btb_entry8/x_btb_entry_icg_cell/clk_out,0,0.0,0.0,0.0,0.0,,0
x_aq_ifu_top/x_aq_ifu_btb/x_aq_ifu_btb_entry8/x_btb_entry_icg_cell/clk_en_bf_latch,0,0.0,0.0,0.0,0.0,,0
x_aq_ifu_top/x_aq_ifu_btb/x_aq_ifu_btb_entry8/x_btb_entry_icg_cell/SE,0,0.0,0.0,0.0,0.0,,0
x_aq_ifu_top/x_aq_ifu_btb/x_aq_ifu_btb_entry9/btb_entry_clr_x,0,0.0,0.0,0.0,0.0,,0
x_aq_ifu_top/x_aq_ifu_btb/x_aq_ifu_btb_entry9/btb_entry_clrg_x,0,0.0,0.0,0.0,0.0,,0
x_aq_ifu_top/x_aq_ifu_btb/x_aq_ifu_btb_entry9/btb_entry_rd_hit_x,0,0.0,0.0,0.0,0.0,,0
x_aq_ifu_top/x_aq_ifu_btb/x_aq_ifu_btb_entry9/btb_entry_tgt_y[15:0],30,0.0009990342668753538,5.2950333333333335,2.6748133115420285,0.0,-0.01842864823304598,10
x_aq_ifu_top/x_aq_ifu_btb/x_aq_ifu_btb_entry9/btb_entry_upd_x,0,0.0,0.0,0.0,0.0,,0
x_aq_ifu_top/x_aq_ifu_btb/x_aq_ifu_btb_entry9/btb_entry_updg_x,0,0.0,0.0,0.0,0.0,,0
x_aq_ifu_top/x_aq_ifu_btb/x_aq_ifu_btb_entry9/btb_entry_wr_hit_x,0,0.0,0.0,0.0,0.0,,0
x_aq_ifu_top/x_aq_ifu_btb/x_aq_ifu_btb_entry9/btb_rd_acc_tag[15:0],4211,0.1402311099270705,4.06136151982902,2.051617652307488,0.01139871764426502,-0.026169788903621163,12
x_aq_ifu_top/x_aq_ifu_btb/x_aq_ifu_btb_entry9/btb_upd_tag[15:0],3807,0.1267774484664824,4.761414604675598,2.4052530672813353,0.037825059101654845,-0.026629665585123467,13
x_aq_ifu_top/x_aq_ifu_btb/x_aq_ifu_btb_entry9/btb_upd_tgt[15:0],3947,0.13143960837856739,4.739944362807195,2.39440726421715,0.038256903977704586,-0.021783077837786713,13
x_aq_ifu_top/x_aq_ifu_btb/x_aq_ifu_btb_entry9/btb_wr_acc_tag[15:0],3807,0.1267774484664824,4.761414604675598,2.4052530672813353,0.037825059101654845,-0.026629665585123467,13
x_aq_ifu_top/x_aq_ifu_btb/x_aq_ifu_btb_entry9/cp0_ifu_icg_en,0,0.0,0.0,0.0,0.0,,0
x_aq_ifu_top/x_aq_ifu_btb/x_aq_ifu_btb_entry9/cp0_yy_clk_en,1,3.330114222917846e-05,21.131999999999998,10.6749384453682,1.0,-0.05631263816658485,1
x_aq_ifu_top/x_aq_ifu_btb/x_aq_ifu_btb_entry9/cpurst_b,3,9.990342668753538e-05,11.372333333333332,5.74479265159674,0.3333333333333333,-0.0038230699005505813,1
x_aq_ifu_top/x_aq_ifu_btb/x_aq_ifu_btb_entry9/forever_cpuclk,0,0.0,0.0,0.0,0.0,,0
x_aq_ifu_top/x_aq_ifu_btb/x_aq_ifu_btb_entry9/pad_yy_icg_scan_en,0,0.0,0.0,0.0,0.0,,0
x_aq_ifu_top/x_aq_ifu_btb/x_aq_ifu_btb_entry9/btb_entry_clk,0,0.0,0.0,0.0,0.0,,0
x_aq_ifu_top/x_aq_ifu_btb/x_aq_ifu_btb_entry9/btb_rd_hit,0,0.0,0.0,0.0,0.0,,0
x_aq_ifu_top/x_aq_ifu_btb/x_aq_ifu_btb_entry9/btb_wr_hit,0,0.0,0.0,0.0,0.0,,0
x_aq_ifu_top/x_aq_ifu_btb/x_aq_ifu_btb_entry9/entry_clk_en,0,0.0,0.0,0.0,0.0,,0
x_aq_ifu_top/x_aq_ifu_btb/x_aq_ifu_btb_entry9/x_btb_entry_icg_cell/clk_in,0,0.0,0.0,0.0,0.0,,0
x_aq_ifu_top/x_aq_ifu_btb/x_aq_ifu_btb_entry9/x_btb_entry_icg_cell/global_en,1,3.330114222917846e-05,21.131999999999998,10.6749384453682,1.0,-0.05631263816658485,1
x_aq_ifu_top/x_aq_ifu_btb/x_aq_ifu_btb_entry9/x_btb_entry_icg_cell/module_en,0,0.0,0.0,0.0,0.0,,0
x_aq_ifu_top/x_aq_ifu_btb/x_aq_ifu_btb_entry9/x_btb_entry_icg_cell/local_en,0,0.0,0.0,0.0,0.0,,0
x_aq_ifu_top/x_aq_ifu_btb/x_aq_ifu_btb_entry9/x_btb_entry_icg_cell/external_en,0,0.0,0.0,0.0,0.0,,0
x_aq_ifu_top/x_aq_ifu_btb/x_aq_ifu_btb_entry9/x_btb_entry_icg_cell/pad_yy_icg_scan_en,0,0.0,0.0,0.0,0.0,,0
x_aq_ifu_top/x_aq_ifu_btb/x_aq_ifu_btb_entry9/x_btb_entry_icg_cell/clk_out,0,0.0,0.0,0.0,0.0,,0
x_aq_ifu_top/x_aq_ifu_btb/x_aq_ifu_btb_entry9/x_btb_entry_icg_cell/clk_en_bf_latch,0,0.0,0.0,0.0,0.0,,0
x_aq_ifu_top/x_aq_ifu_btb/x_aq_ifu_btb_entry9/x_btb_entry_icg_cell/SE,0,0.0,0.0,0.0,0.0,,0
x_aq_ifu_top/x_aq_ifu_btb/x_aq_ifu_btb_entry10/btb_entry_clr_x,0,0.0,0.0,0.0,0.0,,0
x_aq_ifu_top/x_aq_ifu_btb/x_aq_ifu_btb_entry10/btb_entry_clrg_x,0,0.0,0.0,0.0,0.0,,0
x_aq_ifu_top/x_aq_ifu_btb/x_aq_ifu_btb_entry10/btb_entry_rd_hit_x,0,0.0,0.0,0.0,0.0,,0
x_aq_ifu_top/x_aq_ifu_btb/x_aq_ifu_btb_entry10/btb_entry_tgt_y[15:0],28,0.0009324319824169969,5.262392857142857,2.65832480718083,0.07142857142857142,-0.018440931490591866,10
x_aq_ifu_top/x_aq_ifu_btb/x_aq_ifu_btb_entry10/btb_entry_upd_x,0,0.0,0.0,0.0,0.0,,0
x_aq_ifu_top/x_aq_ifu_btb/x_aq_ifu_btb_entry10/btb_entry_updg_x,0,0.0,0.0,0.0,0.0,,0
x_aq_ifu_top/x_aq_ifu_btb/x_aq_ifu_btb_entry10/btb_entry_wr_hit_x,2,6.660228445835692e-05,6.0825,3.072606146789328,0.5,-0.028961613915809863,1
x_aq_ifu_top/x_aq_ifu_btb/x_aq_ifu_btb_entry10/btb_rd_acc_tag[15:0],4211,0.1402311099270705,4.06136151982902,2.051617652307488,0.01139871764426502,-0.026169788903621163,12
x_aq_ifu_top/x_aq_ifu_btb/x_aq_ifu_btb_entry10/btb_upd_tag[15:0],3807,0.1267774484664824,4.761414604675598,2.4052530672813353,0.037825059101654845,-0.026629665585123467,13
x_aq_ifu_top/x_aq_ifu_btb/x_aq_ifu_btb_entry10/btb_upd_tgt[15:0],3947,0.13143960837856739,4.739944362807195,2.39440726421715,0.038256903977704586,-0.021783077837786713,13
x_aq_ifu_top/x_aq_ifu_btb/x_aq_ifu_btb_entry10/btb_wr_acc_tag[15:0],3807,0.1267774484664824,4.761414604675598,2.4052530672813353,0.037825059101654845,-0.026629665585123467,13
x_aq_ifu_top/x_aq_ifu_btb/x_aq_ifu_btb_entry10/cp0_ifu_icg_en,0,0.0,0.0,0.0,0.0,,0
x_aq_ifu_top/x_aq_ifu_btb/x_aq_ifu_btb_entry10/cp0_yy_clk_en,1,3.330114222917846e-05,21.131999999999998,10.6749384453682,1.0,-0.05631263816658485,1
x_aq_ifu_top/x_aq_ifu_btb/x_aq_ifu_btb_entry10/cpurst_b,3,9.990342668753538e-05,11.372333333333332,5.74479265159674,0.3333333333333333,-0.0038230699005505813,1
x_aq_ifu_top/x_aq_ifu_btb/x_aq_ifu_btb_entry10/forever_cpuclk,0,0.0,0.0,0.0,0.0,,0
x_aq_ifu_top/x_aq_ifu_btb/x_aq_ifu_btb_entry10/pad_yy_icg_scan_en,0,0.0,0.0,0.0,0.0,,0
x_aq_ifu_top/x_aq_ifu_btb/x_aq_ifu_btb_entry10/btb_entry_clk,0,0.0,0.0,0.0,0.0,,0
x_aq_ifu_top/x_aq_ifu_btb/x_aq_ifu_btb_entry10/btb_rd_hit,0,0.0,0.0,0.0,0.0,,0
x_aq_ifu_top/x_aq_ifu_btb/x_aq_ifu_btb_entry10/btb_wr_hit,2,6.660228445835692e-05,6.0825,3.072606146789328,0.5,-0.028961613915809863,1
x_aq_ifu_top/x_aq_ifu_btb/x_aq_ifu_btb_entry10/entry_clk_en,0,0.0,0.0,0.0,0.0,,0
x_aq_ifu_top/x_aq_ifu_btb/x_aq_ifu_btb_entry10/x_btb_entry_icg_cell/clk_in,0,0.0,0.0,0.0,0.0,,0
x_aq_ifu_top/x_aq_ifu_btb/x_aq_ifu_btb_entry10/x_btb_entry_icg_cell/global_en,1,3.330114222917846e-05,21.131999999999998,10.6749384453682,1.0,-0.05631263816658485,1
x_aq_ifu_top/x_aq_ifu_btb/x_aq_ifu_btb_entry10/x_btb_entry_icg_cell/module_en,0,0.0,0.0,0.0,0.0,,0
x_aq_ifu_top/x_aq_ifu_btb/x_aq_ifu_btb_entry10/x_btb_entry_icg_cell/local_en,0,0.0,0.0,0.0,0.0,,0
x_aq_ifu_top/x_aq_ifu_btb/x_aq_ifu_btb_entry10/x_btb_entry_icg_cell/external_en,0,0.0,0.0,0.0,0.0,,0
x_aq_ifu_top/x_aq_ifu_btb/x_aq_ifu_btb_entry10/x_btb_entry_icg_cell/pad_yy_icg_scan_en,0,0.0,0.0,0.0,0.0,,0
x_aq_ifu_top/x_aq_ifu_btb/x_aq_ifu_btb_entry10/x_btb_entry_icg_cell/clk_out,0,0.0,0.0,0.0,0.0,,0
x_aq_ifu_top/x_aq_ifu_btb/x_aq_ifu_btb_entry10/x_btb_entry_icg_cell/clk_en_bf_latch,0,0.0,0.0,0.0,0.0,,0
x_aq_ifu_top/x_aq_ifu_btb/x_aq_ifu_btb_entry10/x_btb_entry_icg_cell/SE,0,0.0,0.0,0.0,0.0,,0
x_aq_ifu_top/x_aq_ifu_btb/x_aq_ifu_btb_entry11/btb_entry_clr_x,0,0.0,0.0,0.0,0.0,,0
x_aq_ifu_top/x_aq_ifu_btb/x_aq_ifu_btb_entry11/btb_entry_clrg_x,0,0.0,0.0,0.0,0.0,,0
x_aq_ifu_top/x_aq_ifu_btb/x_aq_ifu_btb_entry11/btb_entry_rd_hit_x,0,0.0,0.0,0.0,0.0,,0
x_aq_ifu_top/x_aq_ifu_btb/x_aq_ifu_btb_entry11/btb_entry_tgt_y[15:0],28,0.0009324319824169969,3.9292142857142855,1.9848627975895035,0.0,-0.0246044813562863,8
x_aq_ifu_top/x_aq_ifu_btb/x_aq_ifu_btb_entry11/btb_entry_upd_x,0,0.0,0.0,0.0,0.0,,0
x_aq_ifu_top/x_aq_ifu_btb/x_aq_ifu_btb_entry11/btb_entry_updg_x,0,0.0,0.0,0.0,0.0,,0
x_aq_ifu_top/x_aq_ifu_btb/x_aq_ifu_btb_entry11/btb_entry_wr_hit_x,0,0.0,0.0,0.0,0.0,,0
x_aq_ifu_top/x_aq_ifu_btb/x_aq_ifu_btb_entry11/btb_rd_acc_tag[15:0],4211,0.1402311099270705,4.06136151982902,2.051617652307488,0.01139871764426502,-0.026169788903621163,12
x_aq_ifu_top/x_aq_ifu_btb/x_aq_ifu_btb_entry11/btb_upd_tag[15:0],3807,0.1267774484664824,4.761414604675598,2.4052530672813353,0.037825059101654845,-0.026629665585123467,13
x_aq_ifu_top/x_aq_ifu_btb/x_aq_ifu_btb_entry11/btb_upd_tgt[15:0],3947,0.13143960837856739,4.739944362807195,2.39440726421715,0.038256903977704586,-0.021783077837786713,13
x_aq_ifu_top/x_aq_ifu_btb/x_aq_ifu_btb_entry11/btb_wr_acc_tag[15:0],3807,0.1267774484664824,4.761414604675598,2.4052530672813353,0.037825059101654845,-0.026629665585123467,13
x_aq_ifu_top/x_aq_ifu_btb/x_aq_ifu_btb_entry11/cp0_ifu_icg_en,0,0.0,0.0,0.0,0.0,,0
x_aq_ifu_top/x_aq_ifu_btb/x_aq_ifu_btb_entry11/cp0_yy_clk_en,1,3.330114222917846e-05,21.131999999999998,10.6749384453682,1.0,-0.05631263816658485,1
x_aq_ifu_top/x_aq_ifu_btb/x_aq_ifu_btb_entry11/cpurst_b,3,9.990342668753538e-05,11.372333333333332,5.74479265159674,0.3333333333333333,-0.0038230699005505813,1
x_aq_ifu_top/x_aq_ifu_btb/x_aq_ifu_btb_entry11/forever_cpuclk,0,0.0,0.0,0.0,0.0,,0
x_aq_ifu_top/x_aq_ifu_btb/x_aq_ifu_btb_entry11/pad_yy_icg_scan_en,0,0.0,0.0,0.0,0.0,,0
x_aq_ifu_top/x_aq_ifu_btb/x_aq_ifu_btb_entry11/btb_entry_clk,0,0.0,0.0,0.0,0.0,,0
x_aq_ifu_top/x_aq_ifu_btb/x_aq_ifu_btb_entry11/btb_rd_hit,0,0.0,0.0,0.0,0.0,,0
x_aq_ifu_top/x_aq_ifu_btb/x_aq_ifu_btb_entry11/btb_wr_hit,0,0.0,0.0,0.0,0.0,,0
x_aq_ifu_top/x_aq_ifu_btb/x_aq_ifu_btb_entry11/entry_clk_en,0,0.0,0.0,0.0,0.0,,0
x_aq_ifu_top/x_aq_ifu_btb/x_aq_ifu_btb_entry11/x_btb_entry_icg_cell/clk_in,0,0.0,0.0,0.0,0.0,,0
x_aq_ifu_top/x_aq_ifu_btb/x_aq_ifu_btb_entry11/x_btb_entry_icg_cell/global_en,1,3.330114222917846e-05,21.131999999999998,10.6749384453682,1.0,-0.05631263816658485,1
x_aq_ifu_top/x_aq_ifu_btb/x_aq_ifu_btb_entry11/x_btb_entry_icg_cell/module_en,0,0.0,0.0,0.0,0.0,,0
x_aq_ifu_top/x_aq_ifu_btb/x_aq_ifu_btb_entry11/x_btb_entry_icg_cell/local_en,0,0.0,0.0,0.0,0.0,,0
x_aq_ifu_top/x_aq_ifu_btb/x_aq_ifu_btb_entry11/x_btb_entry_icg_cell/external_en,0,0.0,0.0,0.0,0.0,,0
x_aq_ifu_top/x_aq_ifu_btb/x_aq_ifu_btb_entry11/x_btb_entry_icg_cell/pad_yy_icg_scan_en,0,0.0,0.0,0.0,0.0,,0
x_aq_ifu_top/x_aq_ifu_btb/x_aq_ifu_btb_entry11/x_btb_entry_icg_cell/clk_out,0,0.0,0.0,0.0,0.0,,0
x_aq_ifu_top/x_aq_ifu_btb/x_aq_ifu_btb_entry11/x_btb_entry_icg_cell/clk_en_bf_latch,0,0.0,0.0,0.0,0.0,,0
x_aq_ifu_top/x_aq_ifu_btb/x_aq_ifu_btb_entry11/x_btb_entry_icg_cell/SE,0,0.0,0.0,0.0,0.0,,0
x_aq_ifu_top/x_aq_ifu_btb/x_aq_ifu_btb_entry12/btb_entry_clr_x,0,0.0,0.0,0.0,0.0,,0
x_aq_ifu_top/x_aq_ifu_btb/x_aq_ifu_btb_entry12/btb_entry_clrg_x,0,0.0,0.0,0.0,0.0,,0
x_aq_ifu_top/x_aq_ifu_btb/x_aq_ifu_btb_entry12/btb_entry_rd_hit_x,0,0.0,0.0,0.0,0.0,,0
x_aq_ifu_top/x_aq_ifu_btb/x_aq_ifu_btb_entry12/btb_entry_tgt_y[15:0],28,0.0009324319824169969,4.555785714285713,2.301378576106748,0.0,-0.022803546732797705,10
x_aq_ifu_top/x_aq_ifu_btb/x_aq_ifu_btb_entry12/btb_entry_upd_x,0,0.0,0.0,0.0,0.0,,0
x_aq_ifu_top/x_aq_ifu_btb/x_aq_ifu_btb_entry12/btb_entry_updg_x,0,0.0,0.0,0.0,0.0,,0
x_aq_ifu_top/x_aq_ifu_btb/x_aq_ifu_btb_entry12/btb_entry_wr_hit_x,0,0.0,0.0,0.0,0.0,,0
x_aq_ifu_top/x_aq_ifu_btb/x_aq_ifu_btb_entry12/btb_rd_acc_tag[15:0],4211,0.1402311099270705,4.06136151982902,2.051617652307488,0.01139871764426502,-0.026169788903621163,12
x_aq_ifu_top/x_aq_ifu_btb/x_aq_ifu_btb_entry12/btb_upd_tag[15:0],3807,0.1267774484664824,4.761414604675598,2.4052530672813353,0.037825059101654845,-0.026629665585123467,13
x_aq_ifu_top/x_aq_ifu_btb/x_aq_ifu_btb_entry12/btb_upd_tgt[15:0],3947,0.13143960837856739,4.739944362807195,2.39440726421715,0.038256903977704586,-0.021783077837786713,13
x_aq_ifu_top/x_aq_ifu_btb/x_aq_ifu_btb_entry12/btb_wr_acc_tag[15:0],3807,0.1267774484664824,4.761414604675598,2.4052530672813353,0.037825059101654845,-0.026629665585123467,13
x_aq_ifu_top/x_aq_ifu_btb/x_aq_ifu_btb_entry12/cp0_ifu_icg_en,0,0.0,0.0,0.0,0.0,,0
x_aq_ifu_top/x_aq_ifu_btb/x_aq_ifu_btb_entry12/cp0_yy_clk_en,1,3.330114222917846e-05,21.131999999999998,10.6749384453682,1.0,-0.05631263816658485,1
x_aq_ifu_top/x_aq_ifu_btb/x_aq_ifu_btb_entry12/cpurst_b,3,9.990342668753538e-05,11.372333333333332,5.74479265159674,0.3333333333333333,-0.0038230699005505813,1
x_aq_ifu_top/x_aq_ifu_btb/x_aq_ifu_btb_entry12/forever_cpuclk,0,0.0,0.0,0.0,0.0,,0
x_aq_ifu_top/x_aq_ifu_btb/x_aq_ifu_btb_entry12/pad_yy_icg_scan_en,0,0.0,0.0,0.0,0.0,,0
x_aq_ifu_top/x_aq_ifu_btb/x_aq_ifu_btb_entry12/btb_entry_clk,0,0.0,0.0,0.0,0.0,,0
x_aq_ifu_top/x_aq_ifu_btb/x_aq_ifu_btb_entry12/btb_rd_hit,0,0.0,0.0,0.0,0.0,,0
x_aq_ifu_top/x_aq_ifu_btb/x_aq_ifu_btb_entry12/btb_wr_hit,0,0.0,0.0,0.0,0.0,,0
x_aq_ifu_top/x_aq_ifu_btb/x_aq_ifu_btb_entry12/entry_clk_en,0,0.0,0.0,0.0,0.0,,0
x_aq_ifu_top/x_aq_ifu_btb/x_aq_ifu_btb_entry12/x_btb_entry_icg_cell/clk_in,0,0.0,0.0,0.0,0.0,,0
x_aq_ifu_top/x_aq_ifu_btb/x_aq_ifu_btb_entry12/x_btb_entry_icg_cell/global_en,1,3.330114222917846e-05,21.131999999999998,10.6749384453682,1.0,-0.05631263816658485,1
x_aq_ifu_top/x_aq_ifu_btb/x_aq_ifu_btb_entry12/x_btb_entry_icg_cell/module_en,0,0.0,0.0,0.0,0.0,,0
x_aq_ifu_top/x_aq_ifu_btb/x_aq_ifu_btb_entry12/x_btb_entry_icg_cell/local_en,0,0.0,0.0,0.0,0.0,,0
x_aq_ifu_top/x_aq_ifu_btb/x_aq_ifu_btb_entry12/x_btb_entry_icg_cell/external_en,0,0.0,0.0,0.0,0.0,,0
x_aq_ifu_top/x_aq_ifu_btb/x_aq_ifu_btb_entry12/x_btb_entry_icg_cell/pad_yy_icg_scan_en,0,0.0,0.0,0.0,0.0,,0
x_aq_ifu_top/x_aq_ifu_btb/x_aq_ifu_btb_entry12/x_btb_entry_icg_cell/clk_out,0,0.0,0.0,0.0,0.0,,0
x_aq_ifu_top/x_aq_ifu_btb/x_aq_ifu_btb_entry12/x_btb_entry_icg_cell/clk_en_bf_latch,0,0.0,0.0,0.0,0.0,,0
x_aq_ifu_top/x_aq_ifu_btb/x_aq_ifu_btb_entry12/x_btb_entry_icg_cell/SE,0,0.0,0.0,0.0,0.0,,0
x_aq_ifu_top/x_aq_ifu_btb/x_aq_ifu_btb_entry13/btb_entry_clr_x,0,0.0,0.0,0.0,0.0,,0
x_aq_ifu_top/x_aq_ifu_btb/x_aq_ifu_btb_entry13/btb_entry_clrg_x,0,0.0,0.0,0.0,0.0,,0
x_aq_ifu_top/x_aq_ifu_btb/x_aq_ifu_btb_entry13/btb_entry_rd_hit_x,0,0.0,0.0,0.0,0.0,,0
x_aq_ifu_top/x_aq_ifu_btb/x_aq_ifu_btb_entry13/btb_entry_tgt_y[15:0],28,0.0009324319824169969,4.651142857142858,2.3495487270780804,0.07142857142857142,-0.019600183787216275,10
x_aq_ifu_top/x_aq_ifu_btb/x_aq_ifu_btb_entry13/btb_entry_upd_x,0,0.0,0.0,0.0,0.0,,0
x_aq_ifu_top/x_aq_ifu_btb/x_aq_ifu_btb_entry13/btb_entry_updg_x,0,0.0,0.0,0.0,0.0,,0
x_aq_ifu_top/x_aq_ifu_btb/x_aq_ifu_btb_entry13/btb_entry_wr_hit_x,8,0.00026640913783342767,5.4178749999999996,2.7368674110211644,0.125,-0.04991243675061268,1
x_aq_ifu_top/x_aq_ifu_btb/x_aq_ifu_btb_entry13/btb_rd_acc_tag[15:0],4211,0.1402311099270705,4.06136151982902,2.051617652307488,0.01139871764426502,-0.026169788903621163,12
x_aq_ifu_top/x_aq_ifu_btb/x_aq_ifu_btb_entry13/btb_upd_tag[15:0],3807,0.1267774484664824,4.761414604675598,2.4052530672813353,0.037825059101654845,-0.026629665585123467,13
x_aq_ifu_top/x_aq_ifu_btb/x_aq_ifu_btb_entry13/btb_upd_tgt[15:0],3947,0.13143960837856739,4.739944362807195,2.39440726421715,0.038256903977704586,-0.021783077837786713,13
x_aq_ifu_top/x_aq_ifu_btb/x_aq_ifu_btb_entry13/btb_wr_acc_tag[15:0],3807,0.1267774484664824,4.761414604675598,2.4052530672813353,0.037825059101654845,-0.026629665585123467,13
x_aq_ifu_top/x_aq_ifu_btb/x_aq_ifu_btb_entry13/cp0_ifu_icg_en,0,0.0,0.0,0.0,0.0,,0
x_aq_ifu_top/x_aq_ifu_btb/x_aq_ifu_btb_entry13/cp0_yy_clk_en,1,3.330114222917846e-05,21.131999999999998,10.6749384453682,1.0,-0.05631263816658485,1
x_aq_ifu_top/x_aq_ifu_btb/x_aq_ifu_btb_entry13/cpurst_b,3,9.990342668753538e-05,11.372333333333332,5.74479265159674,0.3333333333333333,-0.0038230699005505813,1
x_aq_ifu_top/x_aq_ifu_btb/x_aq_ifu_btb_entry13/forever_cpuclk,0,0.0,0.0,0.0,0.0,,0
x_aq_ifu_top/x_aq_ifu_btb/x_aq_ifu_btb_entry13/pad_yy_icg_scan_en,0,0.0,0.0,0.0,0.0,,0
x_aq_ifu_top/x_aq_ifu_btb/x_aq_ifu_btb_entry13/btb_entry_clk,0,0.0,0.0,0.0,0.0,,0
x_aq_ifu_top/x_aq_ifu_btb/x_aq_ifu_btb_entry13/btb_rd_hit,0,0.0,0.0,0.0,0.0,,0
x_aq_ifu_top/x_aq_ifu_btb/x_aq_ifu_btb_entry13/btb_wr_hit,8,0.00026640913783342767,5.4178749999999996,2.7368674110211644,0.125,-0.04991243675061268,1
x_aq_ifu_top/x_aq_ifu_btb/x_aq_ifu_btb_entry13/entry_clk_en,0,0.0,0.0,0.0,0.0,,0
x_aq_ifu_top/x_aq_ifu_btb/x_aq_ifu_btb_entry13/x_btb_entry_icg_cell/clk_in,0,0.0,0.0,0.0,0.0,,0
x_aq_ifu_top/x_aq_ifu_btb/x_aq_ifu_btb_entry13/x_btb_entry_icg_cell/global_en,1,3.330114222917846e-05,21.131999999999998,10.6749384453682,1.0,-0.05631263816658485,1
x_aq_ifu_top/x_aq_ifu_btb/x_aq_ifu_btb_entry13/x_btb_entry_icg_cell/module_en,0,0.0,0.0,0.0,0.0,,0
x_aq_ifu_top/x_aq_ifu_btb/x_aq_ifu_btb_entry13/x_btb_entry_icg_cell/local_en,0,0.0,0.0,0.0,0.0,,0
x_aq_ifu_top/x_aq_ifu_btb/x_aq_ifu_btb_entry13/x_btb_entry_icg_cell/external_en,0,0.0,0.0,0.0,0.0,,0
x_aq_ifu_top/x_aq_ifu_btb/x_aq_ifu_btb_entry13/x_btb_entry_icg_cell/pad_yy_icg_scan_en,0,0.0,0.0,0.0,0.0,,0
x_aq_ifu_top/x_aq_ifu_btb/x_aq_ifu_btb_entry13/x_btb_entry_icg_cell/clk_out,0,0.0,0.0,0.0,0.0,,0
x_aq_ifu_top/x_aq_ifu_btb/x_aq_ifu_btb_entry13/x_btb_entry_icg_cell/clk_en_bf_latch,0,0.0,0.0,0.0,0.0,,0
x_aq_ifu_top/x_aq_ifu_btb/x_aq_ifu_btb_entry13/x_btb_entry_icg_cell/SE,0,0.0,0.0,0.0,0.0,,0
x_aq_ifu_top/x_aq_ifu_btb/x_aq_ifu_btb_entry14/btb_entry_clr_x,0,0.0,0.0,0.0,0.0,,0
x_aq_ifu_top/x_aq_ifu_btb/x_aq_ifu_btb_entry14/btb_entry_clrg_x,0,0.0,0.0,0.0,0.0,,0
x_aq_ifu_top/x_aq_ifu_btb/x_aq_ifu_btb_entry14/btb_entry_rd_hit_x,0,0.0,0.0,0.0,0.0,,0
x_aq_ifu_top/x_aq_ifu_btb/x_aq_ifu_btb_entry14/btb_entry_tgt_y[15:0],28,0.0009324319824169969,4.3079285714285716,2.1761722660913767,0.0,-0.017926441003833265,9
x_aq_ifu_top/x_aq_ifu_btb/x_aq_ifu_btb_entry14/btb_entry_upd_x,0,0.0,0.0,0.0,0.0,,0
x_aq_ifu_top/x_aq_ifu_btb/x_aq_ifu_btb_entry14/btb_entry_updg_x,0,0.0,0.0,0.0,0.0,,0
x_aq_ifu_top/x_aq_ifu_btb/x_aq_ifu_btb_entry14/btb_entry_wr_hit_x,0,0.0,0.0,0.0,0.0,,0
x_aq_ifu_top/x_aq_ifu_btb/x_aq_ifu_btb_entry14/btb_rd_acc_tag[15:0],4211,0.1402311099270705,4.06136151982902,2.051617652307488,0.01139871764426502,-0.026169788903621163,12
x_aq_ifu_top/x_aq_ifu_btb/x_aq_ifu_btb_entry14/btb_upd_tag[15:0],3807,0.1267774484664824,4.761414604675598,2.4052530672813353,0.037825059101654845,-0.026629665585123467,13
x_aq_ifu_top/x_aq_ifu_btb/x_aq_ifu_btb_entry14/btb_upd_tgt[15:0],3947,0.13143960837856739,4.739944362807195,2.39440726421715,0.038256903977704586,-0.021783077837786713,13
x_aq_ifu_top/x_aq_ifu_btb/x_aq_ifu_btb_entry14/btb_wr_acc_tag[15:0],3807,0.1267774484664824,4.761414604675598,2.4052530672813353,0.037825059101654845,-0.026629665585123467,13
x_aq_ifu_top/x_aq_ifu_btb/x_aq_ifu_btb_entry14/cp0_ifu_icg_en,0,0.0,0.0,0.0,0.0,,0
x_aq_ifu_top/x_aq_ifu_btb/x_aq_ifu_btb_entry14/cp0_yy_clk_en,1,3.330114222917846e-05,21.131999999999998,10.6749384453682,1.0,-0.05631263816658485,1
x_aq_ifu_top/x_aq_ifu_btb/x_aq_ifu_btb_entry14/cpurst_b,3,9.990342668753538e-05,11.372333333333332,5.74479265159674,0.3333333333333333,-0.0038230699005505813,1
x_aq_ifu_top/x_aq_ifu_btb/x_aq_ifu_btb_entry14/forever_cpuclk,0,0.0,0.0,0.0,0.0,,0
x_aq_ifu_top/x_aq_ifu_btb/x_aq_ifu_btb_entry14/pad_yy_icg_scan_en,0,0.0,0.0,0.0,0.0,,0
x_aq_ifu_top/x_aq_ifu_btb/x_aq_ifu_btb_entry14/btb_entry_clk,0,0.0,0.0,0.0,0.0,,0
x_aq_ifu_top/x_aq_ifu_btb/x_aq_ifu_btb_entry14/btb_rd_hit,0,0.0,0.0,0.0,0.0,,0
x_aq_ifu_top/x_aq_ifu_btb/x_aq_ifu_btb_entry14/btb_wr_hit,0,0.0,0.0,0.0,0.0,,0
x_aq_ifu_top/x_aq_ifu_btb/x_aq_ifu_btb_entry14/entry_clk_en,0,0.0,0.0,0.0,0.0,,0
x_aq_ifu_top/x_aq_ifu_btb/x_aq_ifu_btb_entry14/x_btb_entry_icg_cell/clk_in,0,0.0,0.0,0.0,0.0,,0
x_aq_ifu_top/x_aq_ifu_btb/x_aq_ifu_btb_entry14/x_btb_entry_icg_cell/global_en,1,3.330114222917846e-05,21.131999999999998,10.6749384453682,1.0,-0.05631263816658485,1
x_aq_ifu_top/x_aq_ifu_btb/x_aq_ifu_btb_entry14/x_btb_entry_icg_cell/module_en,0,0.0,0.0,0.0,0.0,,0
x_aq_ifu_top/x_aq_ifu_btb/x_aq_ifu_btb_entry14/x_btb_entry_icg_cell/local_en,0,0.0,0.0,0.0,0.0,,0
x_aq_ifu_top/x_aq_ifu_btb/x_aq_ifu_btb_entry14/x_btb_entry_icg_cell/external_en,0,0.0,0.0,0.0,0.0,,0
x_aq_ifu_top/x_aq_ifu_btb/x_aq_ifu_btb_entry14/x_btb_entry_icg_cell/pad_yy_icg_scan_en,0,0.0,0.0,0.0,0.0,,0
x_aq_ifu_top/x_aq_ifu_btb/x_aq_ifu_btb_entry14/x_btb_entry_icg_cell/clk_out,0,0.0,0.0,0.0,0.0,,0
x_aq_ifu_top/x_aq_ifu_btb/x_aq_ifu_btb_entry14/x_btb_entry_icg_cell/clk_en_bf_latch,0,0.0,0.0,0.0,0.0,,0
x_aq_ifu_top/x_aq_ifu_btb/x_aq_ifu_btb_entry14/x_btb_entry_icg_cell/SE,0,0.0,0.0,0.0,0.0,,0
x_aq_ifu_top/x_aq_ifu_btb/x_aq_ifu_btb_entry15/btb_entry_clr_x,0,0.0,0.0,0.0,0.0,,0
x_aq_ifu_top/x_aq_ifu_btb/x_aq_ifu_btb_entry15/btb_entry_clrg_x,0,0.0,0.0,0.0,0.0,,0
x_aq_ifu_top/x_aq_ifu_btb/x_aq_ifu_btb_entry15/btb_entry_rd_hit_x,0,0.0,0.0,0.0,0.0,,0
x_aq_ifu_top/x_aq_ifu_btb/x_aq_ifu_btb_entry15/btb_entry_tgt_y[15:0],28,0.0009324319824169969,4.3262857142857145,2.1854454711847344,0.07142857142857142,-0.025444386318793213,10
x_aq_ifu_top/x_aq_ifu_btb/x_aq_ifu_btb_entry15/btb_entry_upd_x,0,0.0,0.0,0.0,0.0,,0
x_aq_ifu_top/x_aq_ifu_btb/x_aq_ifu_btb_entry15/btb_entry_updg_x,0,0.0,0.0,0.0,0.0,,0
x_aq_ifu_top/x_aq_ifu_btb/x_aq_ifu_btb_entry15/btb_entry_wr_hit_x,2,6.660228445835692e-05,5.7745,2.9170183632774314,0.5,-0.029221179428468812,1
x_aq_ifu_top/x_aq_ifu_btb/x_aq_ifu_btb_entry15/btb_rd_acc_tag[15:0],4211,0.1402311099270705,4.06136151982902,2.051617652307488,0.01139871764426502,-0.026169788903621163,12
x_aq_ifu_top/x_aq_ifu_btb/x_aq_ifu_btb_entry15/btb_upd_tag[15:0],3807,0.1267774484664824,4.761414604675598,2.4052530672813353,0.037825059101654845,-0.026629665585123467,13
x_aq_ifu_top/x_aq_ifu_btb/x_aq_ifu_btb_entry15/btb_upd_tgt[15:0],3947,0.13143960837856739,4.739944362807195,2.39440726421715,0.038256903977704586,-0.021783077837786713,13
x_aq_ifu_top/x_aq_ifu_btb/x_aq_ifu_btb_entry15/btb_wr_acc_tag[15:0],3807,0.1267774484664824,4.761414604675598,2.4052530672813353,0.037825059101654845,-0.026629665585123467,13
x_aq_ifu_top/x_aq_ifu_btb/x_aq_ifu_btb_entry15/cp0_ifu_icg_en,0,0.0,0.0,0.0,0.0,,0
x_aq_ifu_top/x_aq_ifu_btb/x_aq_ifu_btb_entry15/cp0_yy_clk_en,1,3.330114222917846e-05,21.131999999999998,10.6749384453682,1.0,-0.05631263816658485,1
x_aq_ifu_top/x_aq_ifu_btb/x_aq_ifu_btb_entry15/cpurst_b,3,9.990342668753538e-05,11.372333333333332,5.74479265159674,0.3333333333333333,-0.0038230699005505813,1
x_aq_ifu_top/x_aq_ifu_btb/x_aq_ifu_btb_entry15/forever_cpuclk,0,0.0,0.0,0.0,0.0,,0
x_aq_ifu_top/x_aq_ifu_btb/x_aq_ifu_btb_entry15/pad_yy_icg_scan_en,0,0.0,0.0,0.0,0.0,,0
x_aq_ifu_top/x_aq_ifu_btb/x_aq_ifu_btb_entry15/btb_entry_clk,0,0.0,0.0,0.0,0.0,,0
x_aq_ifu_top/x_aq_ifu_btb/x_aq_ifu_btb_entry15/btb_rd_hit,0,0.0,0.0,0.0,0.0,,0
x_aq_ifu_top/x_aq_ifu_btb/x_aq_ifu_btb_entry15/btb_wr_hit,2,6.660228445835692e-05,5.7745,2.9170183632774314,0.5,-0.029221179428468812,1
x_aq_ifu_top/x_aq_ifu_btb/x_aq_ifu_btb_entry15/entry_clk_en,0,0.0,0.0,0.0,0.0,,0
x_aq_ifu_top/x_aq_ifu_btb/x_aq_ifu_btb_entry15/x_btb_entry_icg_cell/clk_in,0,0.0,0.0,0.0,0.0,,0
x_aq_ifu_top/x_aq_ifu_btb/x_aq_ifu_btb_entry15/x_btb_entry_icg_cell/global_en,1,3.330114222917846e-05,21.131999999999998,10.6749384453682,1.0,-0.05631263816658485,1
x_aq_ifu_top/x_aq_ifu_btb/x_aq_ifu_btb_entry15/x_btb_entry_icg_cell/module_en,0,0.0,0.0,0.0,0.0,,0
x_aq_ifu_top/x_aq_ifu_btb/x_aq_ifu_btb_entry15/x_btb_entry_icg_cell/local_en,0,0.0,0.0,0.0,0.0,,0
x_aq_ifu_top/x_aq_ifu_btb/x_aq_ifu_btb_entry15/x_btb_entry_icg_cell/external_en,0,0.0,0.0,0.0,0.0,,0
x_aq_ifu_top/x_aq_ifu_btb/x_aq_ifu_btb_entry15/x_btb_entry_icg_cell/pad_yy_icg_scan_en,0,0.0,0.0,0.0,0.0,,0
x_aq_ifu_top/x_aq_ifu_btb/x_aq_ifu_btb_entry15/x_btb_entry_icg_cell/clk_out,0,0.0,0.0,0.0,0.0,,0
x_aq_ifu_top/x_aq_ifu_btb/x_aq_ifu_btb_entry15/x_btb_entry_icg_cell/clk_en_bf_latch,0,0.0,0.0,0.0,0.0,,0
x_aq_ifu_top/x_aq_ifu_btb/x_aq_ifu_btb_entry15/x_btb_entry_icg_cell/SE,0,0.0,0.0,0.0,0.0,,0
x_aq_ifu_top/x_aq_ifu_ctrl/cp0_ifu_in_lpmd,0,0.0,0.0,0.0,0.0,,0
x_aq_ifu_top/x_aq_ifu_ctrl/cp0_ifu_lpmd_req,0,0.0,0.0,0.0,0.0,,0
x_aq_ifu_top/x_aq_ifu_ctrl/ctrl_btb_chgflw_vld,602,0.020047287621965434,4.608699401993356,2.328108197495945,0.016611295681063124,0.2005807481934781,1
x_aq_ifu_top/x_aq_ifu_ctrl/ctrl_btb_inst_fetch,203,0.006760131872523227,6.8344236453201965,3.452444242067105,0.019704433497536946,0.05860944180405384,1
x_aq_ifu_top/x_aq_ifu_ctrl/ctrl_btb_stall,492,0.016384161976755802,9.581755345528457,4.840272975207931,0.06910569105691057,-0.7548084348733887,1
x_aq_ifu_top/x_aq_ifu_ctrl/ctrl_ibuf_pop_en,419,0.013953178594025775,4.6179716229116945,2.3327921075638574,0.01909307875894988,-0.06225627350049425,1
x_aq_ifu_top/x_aq_ifu_ctrl/ctrl_icache_abort,602,0.020047287621965434,4.608699401993356,2.328108197495945,0.016611295681063124,0.2005807481934781,1
x_aq_ifu_top/x_aq_ifu_ctrl/ctrl_icache_req_vld,203,0.006760131872523227,6.8344236453201965,3.452444242067105,0.019704433497536946,0.05860944180405384,1
x_aq_ifu_top/x_aq_ifu_ctrl/ctrl_ipack_cancel,602,0.020047287621965434,4.608699401993356,2.328108197495945,0.016611295681063124,0.2005807481934781,1
x_aq_ifu_top/x_aq_ifu_ctrl/ibuf_ctrl_inst_fetch,203,0.006760131872523227,6.87979802955665,3.475365345546218,0.024630541871921183,0.0738838040373215,1
x_aq_ifu_top/x_aq_ifu_ctrl/icache_ctrl_stall,410,0.013653468313963168,8.371229146341463,4.228769442043693,0.08292682926829269,-0.7474302874992265,1
x_aq_ifu_top/x_aq_ifu_ctrl/idu_ifu_id_stall,382,0.012721036331546172,4.307000602094241,2.1757034976111966,0.02356020942408377,-0.019048800155553745,1
x_aq_ifu_top/x_aq_ifu_ctrl/pcgen_ctrl_chgflw_vld,602,0.020047287621965434,4.608699401993356,2.328108197495945,0.016611295681063124,0.2005807481934781,1
x_aq_ifu_top/x_aq_ifu_ctrl/pred_ctrl_stall,118,0.0039295347830430585,6.252341610169493,3.1584025093684294,0.0423728813559322,-0.10265619300372755,1
x_aq_ifu_top/x_aq_ifu_ctrl/rtu_ifu_dbg_mask,0,0.0,0.0,0.0,0.0,,0
x_aq_ifu_top/x_aq_ifu_ctrl/rtu_ifu_flush_fe,0,0.0,0.0,0.0,0.0,,0
x_aq_ifu_top/x_aq_ifu_ctrl/vec_ctrl_reset_mask,2,6.660228445835692e-05,11.2365,5.67617574490724,0.5,0.009166977555070576,1
x_aq_ifu_top/x_aq_ifu_ctrl/ctrl_if_cancel,602,0.020047287621965434,4.608699401993356,2.328108197495945,0.016611295681063124,0.2005807481934781,1
x_aq_ifu_top/x_aq_ifu_ctrl/ctrl_if_stall,492,0.016384161976755802,9.581755345528457,4.840272975207931,0.06910569105691057,-0.7548084348733887,1
x_aq_ifu_top/x_aq_ifu_ctrl/ctrl_inst_fetch,203,0.006760131872523227,6.8344236453201965,3.452444242067105,0.019704433497536946,0.05860944180405384,1
x_aq_ifu_top/x_aq_ifu_ibuf/cp0_ifu_icg_en,0,0.0,0.0,0.0,0.0,,0
x_aq_ifu_top/x_aq_ifu_ibuf/cp0_yy_clk_en,1,3.330114222917846e-05,21.131999999999998,10.6749384453682,1.0,-0.05631263816658485,1
x_aq_ifu_top/x_aq_ifu_ibuf/cpurst_b,3,9.990342668753538e-05,11.372333333333332,5.74479265159674,0.3333333333333333,-0.0038230699005505813,1
x_aq_ifu_top/x_aq_ifu_ibuf/ctrl_ibuf_pop_en,419,0.013953178594025775,4.6179716229116945,2.3327921075638574,0.01909307875894988,-0.06225627350049425,1
x_aq_ifu_top/x_aq_ifu_ibuf/dtu_ifu_debug_inst[31:0],0,0.0,0.0,0.0,0.0,,0
x_aq_ifu_top/x_aq_ifu_ibuf/dtu_ifu_debug_inst_vld,0,0.0,0.0,0.0,0.0,,0
x_aq_ifu_top/x_aq_ifu_ibuf/dtu_ifu_halt_info_vld,3,9.990342668753538e-05,10.728,5.419304355570229,0.3333333333333333,-0.049994709800903606,1
x_aq_ifu_top/x_aq_ifu_ibuf/forever_cpuclk,0,0.0,0.0,0.0,0.0,,0
x_aq_ifu_top/x_aq_ifu_ibuf/ibuf_ctrl_inst_fetch,203,0.006760131872523227,6.87979802955665,3.475365345546218,0.024630541871921183,0.0738838040373215,1
x_aq_ifu_top/x_aq_ifu_ibuf/ibuf_ipack_stall,118,0.0039295347830430585,6.252341610169493,3.1584025093684294,0.0423728813559322,-0.10265619300372755,1
x_aq_ifu_top/x_aq_ifu_ibuf/ibuf_pred_hungry,231,0.007692563854940225,4.224064935064935,2.1338081190164875,0.004329004329004329,-0.06817128539885817,1
x_aq_ifu_top/x_aq_ifu_ibuf/ibuf_pred_stall,118,0.0039295347830430585,6.252341610169493,3.1584025093684294,0.0423728813559322,-0.10265619300372755,1
x_aq_ifu_top/x_aq_ifu_ibuf/ibuf_top_id_stall,382,0.012721036331546172,4.307000602094241,2.1757034976111966,0.02356020942408377,-0.019048800155553745,1
x_aq_ifu_top/x_aq_ifu_ibuf/ibuf_top_pop_entry_vld,245,0.008158779846148724,4.472175510204082,2.2591424516520777,0.0163265306122449,0.19756227199278434,1
x_aq_ifu_top/x_aq_ifu_ibuf/ibuf_top_vld_num[2:0],885,0.02947151087282294,5.1745958305084745,2.6139736877880426,0.012429378531073447,0.038443711157678064,3
x_aq_ifu_top/x_aq_ifu_ibuf/idu_ifu_id_stall,382,0.012721036331546172,4.307000602094241,2.1757034976111966,0.02356020942408377,-0.019048800155553745,1
x_aq_ifu_top/x_aq_ifu_ibuf/ifu_idu_id_bht_pred[1:0],602,0.020047287621965434,4.463820598006645,2.254921924800663,0.013289036544850499,0.24272587331321288,1
x_aq_ifu_top/x_aq_ifu_ibuf/ifu_idu_id_expt_acc_error,0,0.0,0.0,0.0,0.0,,0
x_aq_ifu_top/x_aq_ifu_ibuf/ifu_idu_id_expt_high,0,0.0,0.0,0.0,0.0,,0
x_aq_ifu_top/x_aq_ifu_ibuf/ifu_idu_id_expt_page_fault,0,0.0,0.0,0.0,0.0,,0
x_aq_ifu_top/x_aq_ifu_ibuf/ifu_idu_id_halt_info[21:0],1,3.330114222917846e-05,21.131999999999998,10.6749384453682,1.0,-0.05631263816658485,1
x_aq_ifu_top/x_aq_ifu_ibuf/ifu_idu_id_inst[31:0],4156,0.13839954710446567,4.9435137512030805,2.497241387371008,0.04331087584215592,-0.015033964722931616,25
x_aq_ifu_top/x_aq_ifu_ibuf/ifu_idu_id_inst_vld,585,0.0194811682040694,4.354239316239316,2.1995663769286784,0.013675213675213675,0.421874969465313,1
x_aq_ifu_top/x_aq_ifu_ibuf/ipack_ibuf_acc_err[2:0],0,0.0,0.0,0.0,0.0,,0
x_aq_ifu_top/x_aq_ifu_ibuf/ipack_ibuf_inst[47:0],4318,0.1437943321455926,4.986050801296897,2.518729196920461,0.04145437702640111,-0.009794294951697357,39
x_aq_ifu_top/x_aq_ifu_ibuf/ipack_ibuf_inst_all,42,0.0013986479736254954,10.47654761904762,5.29228189254695,0.0,-0.06035012192343032,1
x_aq_ifu_top/x_aq_ifu_ibuf/ipack_ibuf_inst_full,44,0.0014652502580838522,10.598136363636364,5.35370307199681,0.0,-0.06036567366684212,1
x_aq_ifu_top/x_aq_ifu_ibuf/ipack_ibuf_inst_one,10,0.00033301142229178463,4.921,2.4858684502014445,0.0,-0.03729887987776101,1
x_aq_ifu_top/x_aq_ifu_ibuf/ipack_ibuf_inst_two,72,0.002397682240500849,8.30373611111111,4.194674988297002,0.0,-0.04802274703525392,1
x_aq_ifu_top/x_aq_ifu_ibuf/ipack_ibuf_inst_vld,799,0.02660761264111359,3.9023153942428035,1.971274684268156,0.0037546933667083854,0.5734027154087064,1
x_aq_ifu_top/x_aq_ifu_ibuf/ipack_ibuf_inst_vld_raw,853,0.02840587432148923,4.6398452520515825,2.3438416837821574,0.0011723329425556857,0.3580067491677884,1
x_aq_ifu_top/x_aq_ifu_ibuf/ipack_ibuf_pgflt[2:0],0,0.0,0.0,0.0,0.0,,0
x_aq_ifu_top/x_aq_ifu_ibuf/pad_yy_icg_scan_en,0,0.0,0.0,0.0,0.0,,0
x_aq_ifu_top/x_aq_ifu_ibuf/pcgen_ibuf_chgflw_vld,0,0.0,0.0,0.0,0.0,,0
x_aq_ifu_top/x_aq_ifu_ibuf/pred_ibuf_br_taken0[1:0],474,0.01578474141663059,4.738567510548523,2.3937117402199095,0.016877637130801686,0.2450733036846287,1
x_aq_ifu_top/x_aq_ifu_ibuf/pred_ibuf_br_taken1[1:0],0,0.0,0.0,0.0,0.0,,0
x_aq_ifu_top/x_aq_ifu_ibuf/pred_ibuf_chgflw_vld0,8,0.00026640913783342767,12.385625,6.256662146621878,0.0,-0.01037305446173478,1
x_aq_ifu_top/x_aq_ifu_ibuf/pred_ibuf_halt_info0[21:0],1,3.330114222917846e-05,21.131999999999998,10.6749384453682,1.0,-0.05631263816658485,1
x_aq_ifu_top/x_aq_ifu_ibuf/pred_ibuf_halt_info1[21:0],1,3.330114222917846e-05,21.131999999999998,10.6749384453682,1.0,-0.05631263816658485,1
x_aq_ifu_top/x_aq_ifu_ibuf/rtu_ifu_flush_fe,0,0.0,0.0,0.0,0.0,,0
x_aq_ifu_top/x_aq_ifu_ibuf/rtu_yy_xx_dbgon,0,0.0,0.0,0.0,0.0,,0
x_aq_ifu_top/x_aq_ifu_ibuf/vec_ibuf_warm_up,0,0.0,0.0,0.0,0.0,,0
x_aq_ifu_top/x_aq_ifu_ibuf/dtu_create0_en,0,0.0,0.0,0.0,0.0,,0
x_aq_ifu_top/x_aq_ifu_ibuf/dtu_create1_en,0,0.0,0.0,0.0,0.0,,0
x_aq_ifu_top/x_aq_ifu_ibuf/entry0_acc_err,0,0.0,0.0,0.0,0.0,,0
x_aq_ifu_top/x_aq_ifu_ibuf/entry0_create0_data_en,26,0.00086582969795864,4.025115384615384,2.033307730753066,0.0,0.06265680246956394,1
x_aq_ifu_top/x_aq_ifu_ibuf/entry0_create0_en,0,0.0,0.0,0.0,0.0,,0
x_aq_ifu_top/x_aq_ifu_ibuf/entry0_create1_data_en,10,0.00033301142229178463,3.0630999999999986,1.5473407132314654,0.0,0.03373988495754343,1
x_aq_ifu_top/x_aq_ifu_ibuf/entry0_create1_en,0,0.0,0.0,0.0,0.0,,0
x_aq_ifu_top/x_aq_ifu_ibuf/entry0_create2_data_en,0,0.0,0.0,0.0,0.0,,0
x_aq_ifu_top/x_aq_ifu_ibuf/entry0_create2_en,0,0.0,0.0,0.0,0.0,,0
x_aq_ifu_top/x_aq_ifu_ibuf/entry0_halt_info[21:0],2,6.660228445835692e-05,1.7710000000000043,0.8946297551934096,0.0,-0.03608056789875838,2
x_aq_ifu_top/x_aq_ifu_ibuf/entry0_inst[15:0],621,0.020680009324319824,4.684362318840581,2.3663297089449866,0.00644122383252818,-0.010647400070671668,15
x_aq_ifu_top/x_aq_ifu_ibuf/entry0_pgflt,0,0.0,0.0,0.0,0.0,,0
x_aq_ifu_top/x_aq_ifu_ibuf/entry0_pred_taken[1:0],48,0.0015984548270005661,4.002875,2.022072886120729,0.0,0.013439725191473158,1
x_aq_ifu_top/x_aq_ifu_ibuf/entry0_retire0_en,0,0.0,0.0,0.0,0.0,,0
x_aq_ifu_top/x_aq_ifu_ibuf/entry0_retire1_en,0,0.0,0.0,0.0,0.0,,0
x_aq_ifu_top/x_aq_ifu_ibuf/entry0_vld,422,0.014053082020713311,5.2888445497630325,2.671687015703269,0.009478672985781991,-0.03230567143221966,1
x_aq_ifu_top/x_aq_ifu_ibuf/entry1_acc_err,0,0.0,0.0,0.0,0.0,,0
x_aq_ifu_top/x_aq_ifu_ibuf/entry1_create0_data_en,22,0.0007326251290419261,3.624909090909092,1.8311414639177628,0.0,0.05851459516828698,1
x_aq_ifu_top/x_aq_ifu_ibuf/entry1_create0_en,0,0.0,0.0,0.0,0.0,,0
x_aq_ifu_top/x_aq_ifu_ibuf/entry1_create1_data_en,16,0.0005328182756668553,4.687750000000001,2.3680410134996595,0.0,0.03097675878816795,1
x_aq_ifu_top/x_aq_ifu_ibuf/entry1_create1_en,0,0.0,0.0,0.0,0.0,,0
x_aq_ifu_top/x_aq_ifu_ibuf/entry1_create2_data_en,0,0.0,0.0,0.0,0.0,,0
x_aq_ifu_top/x_aq_ifu_ibuf/entry1_create2_en,0,0.0,0.0,0.0,0.0,,0
x_aq_ifu_top/x_aq_ifu_ibuf/entry1_halt_info[21:0],2,6.660228445835692e-05,1.7710000000000043,0.8946297551934096,0.0,-0.03608056789875838,2
x_aq_ifu_top/x_aq_ifu_ibuf/entry1_inst[15:0],626,0.020846515035465717,4.898376996805112,2.474440323826525,0.004792332268370607,-0.017441950146772165,13
x_aq_ifu_top/x_aq_ifu_ibuf/entry1_pgflt,0,0.0,0.0,0.0,0.0,,0
x_aq_ifu_top/x_aq_ifu_ibuf/entry1_pred_taken[1:0],42,0.0013986479736254954,5.045976190476192,2.5490008153571306,0.0,0.020587572841154412,1
x_aq_ifu_top/x_aq_ifu_ibuf/entry1_retire0_en,0,0.0,0.0,0.0,0.0,,0
x_aq_ifu_top/x_aq_ifu_ibuf/entry1_retire1_en,0,0.0,0.0,0.0,0.0,,0
x_aq_ifu_top/x_aq_ifu_ibuf/entry1_vld,442,0.01471910486529688,5.436058438914027,2.7460528686745977,0.004524886877828055,-0.0365035767228773,1
x_aq_ifu_top/x_aq_ifu_ibuf/entry2_acc_err,0,0.0,0.0,0.0,0.0,,0
x_aq_ifu_top/x_aq_ifu_ibuf/entry2_create0_data_en,28,0.0009324319824169969,4.453321428571429,2.2496182153813735,0.0,0.08120380460018577,1
x_aq_ifu_top/x_aq_ifu_ibuf/entry2_create0_en,0,0.0,0.0,0.0,0.0,,0
x_aq_ifu_top/x_aq_ifu_ibuf/entry2_create1_data_en,12,0.00039961370675014153,3.4630833333333335,1.7493943504880687,0.0,0.03360711319737686,1
x_aq_ifu_top/x_aq_ifu_ibuf/entry2_create1_en,0,0.0,0.0,0.0,0.0,,0
x_aq_ifu_top/x_aq_ifu_ibuf/entry2_create2_data_en,0,0.0,0.0,0.0,0.0,,0
x_aq_ifu_top/x_aq_ifu_ibuf/entry2_create2_en,0,0.0,0.0,0.0,0.0,,0
x_aq_ifu_top/x_aq_ifu_ibuf/entry2_halt_info[21:0],2,6.660228445835692e-05,1.7710000000000043,0.8946297551934096,0.0,-0.03608056789875838,2
x_aq_ifu_top/x_aq_ifu_ibuf/entry2_inst[15:0],632,0.02104632188884079,5.1299746835443045,2.591433085989621,0.006329113924050633,-0.01031101699901418,13
x_aq_ifu_top/x_aq_ifu_ibuf/entry2_pgflt,0,0.0,0.0,0.0,0.0,,0
x_aq_ifu_top/x_aq_ifu_ibuf/entry2_pred_taken[1:0],58,0.0019314662492923508,4.573775862068967,2.3104663917517083,0.0,0.023771736155461305,1
x_aq_ifu_top/x_aq_ifu_ibuf/entry2_retire0_en,0,0.0,0.0,0.0,0.0,,0
x_aq_ifu_top/x_aq_ifu_ibuf/entry2_retire1_en,0,0.0,0.0,0.0,0.0,,0
x_aq_ifu_top/x_aq_ifu_ibuf/entry2_vld,428,0.014252888874088382,5.161231098130841,2.6072224245157516,0.004672897196261682,-0.034431762009761974,1
x_aq_ifu_top/x_aq_ifu_ibuf/entry3_acc_err,0,0.0,0.0,0.0,0.0,,0
x_aq_ifu_top/x_aq_ifu_ibuf/entry3_create0_data_en,22,0.0007326251290419261,3.6289999999999996,1.8332080076775128,0.0,0.058350826546305225,1
x_aq_ifu_top/x_aq_ifu_ibuf/entry3_create0_en,0,0.0,0.0,0.0,0.0,,0
x_aq_ifu_top/x_aq_ifu_ibuf/entry3_create1_data_en,26,0.00086582969795864,4.529461538461538,2.2880807833494075,0.0,0.07193527478642091,1
x_aq_ifu_top/x_aq_ifu_ibuf/entry3_create1_en,0,0.0,0.0,0.0,0.0,,0
x_aq_ifu_top/x_aq_ifu_ibuf/entry3_create2_data_en,0,0.0,0.0,0.0,0.0,,0
x_aq_ifu_top/x_aq_ifu_ibuf/entry3_create2_en,0,0.0,0.0,0.0,0.0,,0
x_aq_ifu_top/x_aq_ifu_ibuf/entry3_halt_info[21:0],2,6.660228445835692e-05,5.5584999999999996,2.8079048527625945,0.0,-0.03650986626910922,2
x_aq_ifu_top/x_aq_ifu_ibuf/entry3_inst[15:0],608,0.020247094475340503,4.93990625,2.4954190395911255,0.006578947368421052,-0.003193061818219105,13
x_aq_ifu_top/x_aq_ifu_ibuf/entry3_pgflt,0,0.0,0.0,0.0,0.0,,0
x_aq_ifu_top/x_aq_ifu_ibuf/entry3_pred_taken[1:0],22,0.0007326251290419261,4.164,2.103466008258243,0.0,-0.009151861179419971,1
x_aq_ifu_top/x_aq_ifu_ibuf/entry3_retire0_en,0,0.0,0.0,0.0,0.0,,0
x_aq_ifu_top/x_aq_ifu_ibuf/entry3_retire1_en,0,0.0,0.0,0.0,0.0,,0
x_aq_ifu_top/x_aq_ifu_ibuf/entry3_vld,418,0.013919877451796597,4.804031578947368,2.4267812509401936,0.007177033492822967,-0.02547281152057898,1
x_aq_ifu_top/x_aq_ifu_ibuf/entry4_acc_err,0,0.0,0.0,0.0,0.0,,0
x_aq_ifu_top/x_aq_ifu_ibuf/entry4_create0_data_en,32,0.0010656365513337107,3.8954062499999997,1.9677844945321112,0.0,0.08505432748481326,1
x_aq_ifu_top/x_aq_ifu_ibuf/entry4_create0_en,0,0.0,0.0,0.0,0.0,,0
x_aq_ifu_top/x_aq_ifu_ibuf/entry4_create1_data_en,14,0.00046621599120849844,4.303714285714286,2.174043397996015,0.0,0.024037366664528877,1
x_aq_ifu_top/x_aq_ifu_ibuf/entry4_create1_en,0,0.0,0.0,0.0,0.0,,0
x_aq_ifu_top/x_aq_ifu_ibuf/entry4_create2_data_en,0,0.0,0.0,0.0,0.0,,0
x_aq_ifu_top/x_aq_ifu_ibuf/entry4_create2_en,0,0.0,0.0,0.0,0.0,,0
x_aq_ifu_top/x_aq_ifu_ibuf/entry4_halt_info[21:0],2,6.660228445835692e-05,5.5584999999999996,2.8079048527625945,0.0,-0.03650986626910922,2
x_aq_ifu_top/x_aq_ifu_ibuf/entry4_inst[15:0],605,0.02014719104865297,4.834986776859504,2.442418428314613,0.006611570247933884,-0.02293834539316786,14
x_aq_ifu_top/x_aq_ifu_ibuf/entry4_pgflt,0,0.0,0.0,0.0,0.0,,0
x_aq_ifu_top/x_aq_ifu_ibuf/entry4_pred_taken[1:0],40,0.0013320456891671385,5.045075,2.5485455743548164,0.0,0.010755561908997182,1
x_aq_ifu_top/x_aq_ifu_ibuf/entry4_retire0_en,0,0.0,0.0,0.0,0.0,,0
x_aq_ifu_top/x_aq_ifu_ibuf/entry4_retire1_en,0,0.0,0.0,0.0,0.0,,0
x_aq_ifu_top/x_aq_ifu_ibuf/entry4_vld,422,0.014053082020713311,4.9079146919431285,2.4792583395613828,0.0071090047393364926,-0.030763991308833907,1
x_aq_ifu_top/x_aq_ifu_ibuf/entry5_acc_err,0,0.0,0.0,0.0,0.0,,0
x_aq_ifu_top/x_aq_ifu_ibuf/entry5_create0_data_en,28,0.0009324319824169969,3.331928571428571,1.6831408482095214,0.0,0.06132830380318615,1
x_aq_ifu_top/x_aq_ifu_ibuf/entry5_create0_en,0,0.0,0.0,0.0,0.0,,0
x_aq_ifu_top/x_aq_ifu_ibuf/entry5_create1_data_en,28,0.0009324319824169969,4.147,2.0948783708566125,0.0,0.06923062979221271,1
x_aq_ifu_top/x_aq_ifu_ibuf/entry5_create1_en,0,0.0,0.0,0.0,0.0,,0
x_aq_ifu_top/x_aq_ifu_ibuf/entry5_create2_data_en,0,0.0,0.0,0.0,0.0,,0
x_aq_ifu_top/x_aq_ifu_ibuf/entry5_create2_en,0,0.0,0.0,0.0,0.0,,0
x_aq_ifu_top/x_aq_ifu_ibuf/entry5_halt_info[21:0],2,6.660228445835692e-05,5.226499999999999,2.6401933458601596,0.0,-0.023816603878806058,2
x_aq_ifu_top/x_aq_ifu_ibuf/entry5_inst[15:0],623,0.020746611608778182,4.613587479935794,2.3305774351995083,0.004815409309791332,-0.03294638488972977,13
x_aq_ifu_top/x_aq_ifu_ibuf/entry5_pgflt,0,0.0,0.0,0.0,0.0,,0
x_aq_ifu_top/x_aq_ifu_ibuf/entry5_pred_taken[1:0],10,0.00033301142229178463,5.233199999999998,2.6435778853066845,0.0,0.0014591757540778163,1
x_aq_ifu_top/x_aq_ifu_ibuf/entry5_retire0_en,0,0.0,0.0,0.0,0.0,,0
x_aq_ifu_top/x_aq_ifu_ibuf/entry5_retire1_en,0,0.0,0.0,0.0,0.0,,0
x_aq_ifu_top/x_aq_ifu_ibuf/entry5_vld,418,0.013919877451796597,5.192113110047847,2.622822631608462,0.009569377990430622,-0.04209109310156626,1
x_aq_ifu_top/x_aq_ifu_ibuf/ibuf_cpuclk,0,0.0,0.0,0.0,0.0,,0
x_aq_ifu_top/x_aq_ifu_ibuf/ibuf_create0_acc_err,0,0.0,0.0,0.0,0.0,,0
x_aq_ifu_top/x_aq_ifu_ibuf/ibuf_create0_data_en,379,0.012621132904858636,3.9211635883905016,1.980795946445566,0.0079155672823219,0.36864911586400195,1
x_aq_ifu_top/x_aq_ifu_ibuf/ibuf_create0_en,333,0.011089280362316427,3.9139159159159163,1.9771347474327707,0.009009009009009009,0.3255139269413262,1
x_aq_ifu_top/x_aq_ifu_ibuf/ibuf_create0_halt_info[21:0],1,3.330114222917846e-05,21.131999999999998,10.6749384453682,1.0,-0.05631263816658485,1
x_aq_ifu_top/x_aq_ifu_ibuf/ibuf_create0_inst[15:0],3866,0.12874221585800394,4.91480453181583,2.482738777595621,0.03595447490946715,-0.0313694131963507,13
x_aq_ifu_top/x_aq_ifu_ibuf/ibuf_create0_pgflt,0,0.0,0.0,0.0,0.0,,0
x_aq_ifu_top/x_aq_ifu_ibuf/ibuf_create0_pred_taken[1:0],474,0.01578474141663059,4.738567510548523,2.3937117402199095,0.016877637130801686,0.2450733036846287,1
x_aq_ifu_top/x_aq_ifu_ibuf/ibuf_create1_acc_err,0,0.0,0.0,0.0,0.0,,0
x_aq_ifu_top/x_aq_ifu_ibuf/ibuf_create1_data_en,455,0.0151520197142762,4.047525274725275,2.0446282019574262,0.006593406593406593,0.3042911614283175,1
x_aq_ifu_top/x_aq_ifu_ibuf/ibuf_create1_en,359,0.011955110060275068,4.017275766016713,2.029347507112332,0.008356545961002786,0.2733286827693188,1
x_aq_ifu_top/x_aq_ifu_ibuf/ibuf_create1_halt_info[21:0],1,3.330114222917846e-05,21.131999999999998,10.6749384453682,1.0,-0.05631263816658485,1
x_aq_ifu_top/x_aq_ifu_ibuf/ibuf_create1_inst[15:0],3795,0.12637783475973227,4.810609064558631,2.430103901613368,0.038998682476943346,-0.03374116217324798,15
x_aq_ifu_top/x_aq_ifu_ibuf/ibuf_create1_pgflt,0,0.0,0.0,0.0,0.0,,0
x_aq_ifu_top/x_aq_ifu_ibuf/ibuf_create1_pred_taken[1:0],0,0.0,0.0,0.0,0.0,,0
x_aq_ifu_top/x_aq_ifu_ibuf/ibuf_create2_acc_err,0,0.0,0.0,0.0,0.0,,0
x_aq_ifu_top/x_aq_ifu_ibuf/ibuf_create2_data_en,0,0.0,0.0,0.0,0.0,,0
x_aq_ifu_top/x_aq_ifu_ibuf/ibuf_create2_en,0,0.0,0.0,0.0,0.0,,0
x_aq_ifu_top/x_aq_ifu_ibuf/ibuf_create2_halt_info[21:0],1,3.330114222917846e-05,21.131999999999998,10.6749384453682,1.0,-0.05631263816658485,1
x_aq_ifu_top/x_aq_ifu_ibuf/ibuf_create2_inst[15:0],3477,0.1157880715308535,4.7691758412424505,2.409173695835712,0.04141501294219154,-0.00979406023149104,15
x_aq_ifu_top/x_aq_ifu_ibuf/ibuf_create2_pgflt,0,0.0,0.0,0.0,0.0,,0
x_aq_ifu_top/x_aq_ifu_ibuf/ibuf_create2_pred_taken[1:0],0,0.0,0.0,0.0,0.0,,0
x_aq_ifu_top/x_aq_ifu_ibuf/ibuf_empty,212,0.007059842152585834,4.248985849056604,2.146397046844586,0.018867924528301886,-0.15279030046081996,1
x_aq_ifu_top/x_aq_ifu_ibuf/ibuf_entry_stall,118,0.0039295347830430585,6.252341610169493,3.1584025093684294,0.0423728813559322,-0.10265619300372755,1
x_aq_ifu_top/x_aq_ifu_ibuf/ibuf_five_avalbe,30,0.0009990342668753538,3.5311333333333326,1.7837701578516545,0.0,0.04438327350626783,1
x_aq_ifu_top/x_aq_ifu_ibuf/ibuf_flush_en,62,0.0020646708182090645,4.54375870967742,2.295303072894762,0.0,0.04281758761499191,1
x_aq_ifu_top/x_aq_ifu_ibuf/ibuf_four_avalbe,159,0.005294881614439376,4.909572327044025,2.4800957024549537,0.006289308176100629,0.15342007574848912,1
x_aq_ifu_top/x_aq_ifu_ibuf/ibuf_full,92,0.0030637050850844186,6.021968260869565,3.04202822755743,0.03260869565217391,-0.07311618605237703,1
x_aq_ifu_top/x_aq_ifu_ibuf/ibuf_icg_en,585,0.0194811682040694,4.354239316239316,2.1995663769286784,0.013675213675213675,0.421874969465313,1
x_aq_ifu_top/x_aq_ifu_ibuf/ibuf_inst32,287,0.009557427819774218,5.312196341463415,2.683483293338639,0.006968641114982578,0.03520372401557792,1
x_aq_ifu_top/x_aq_ifu_ibuf/ibuf_inst_32_vld,287,0.009557427819774218,5.312196341463415,2.683483293338639,0.006968641114982578,0.03520372401557792,1
x_aq_ifu_top/x_aq_ifu_ibuf/ibuf_inst_fetch,0,0.0,0.0,0.0,0.0,,0
x_aq_ifu_top/x_aq_ifu_ibuf/ibuf_one_avalbe,34,0.0011322388357920678,5.20844794117647,2.6310742555349025,0.029411764705882353,-0.06255529905161421,1
x_aq_ifu_top/x_aq_ifu_ibuf/ibuf_retire0_en,323,0.010756268940024643,4.5868771207430346,2.317084559928053,0.006191950464396285,0.3035623729744302,1
x_aq_ifu_top/x_aq_ifu_ibuf/ibuf_retire0_en_vld,323,0.010756268940024643,4.5868771207430346,2.317084559928053,0.006191950464396285,0.3035623729744302,1
x_aq_ifu_top/x_aq_ifu_ibuf/ibuf_retire1_en,343,0.011422291784608213,4.952585889212829,2.501824224528965,0.0029154518950437317,0.1987783531346713,1
x_aq_ifu_top/x_aq_ifu_ibuf/ibuf_stall,118,0.0039295347830430585,6.252341610169493,3.1584025093684294,0.0423728813559322,-0.10265619300372755,1
x_aq_ifu_top/x_aq_ifu_ibuf/ibuf_two_avalbe,152,0.005061773618835126,5.9069473684210525,2.983924832383325,0.006578947368421052,0.10384863147952288,1
x_aq_ifu_top/x_aq_ifu_ibuf/ibuf_vld_num[2:0],885,0.02947151087282294,5.1745958305084745,2.6139736877880426,0.012429378531073447,0.038443711157678064,3
x_aq_ifu_top/x_aq_ifu_ibuf/ipack_bypass_vld,628,0.020913117319924072,3.8862738853503185,1.9631712335773506,0.0,0.45980226540417984,1
x_aq_ifu_top/x_aq_ifu_ibuf/ipack_create0_data_en,379,0.012621132904858636,3.9211635883905016,1.980795946445566,0.0079155672823219,0.36864911586400195,1
x_aq_ifu_top/x_aq_ifu_ibuf/ipack_create0_en,333,0.011089280362316427,3.9139159159159163,1.9771347474327707,0.009009009009009009,0.3255139269413262,1
x_aq_ifu_top/x_aq_ifu_ibuf/ipack_create1_data_en,455,0.0151520197142762,4.047525274725275,2.0446282019574262,0.006593406593406593,0.3042911614283175,1
x_aq_ifu_top/x_aq_ifu_ibuf/ipack_create1_en,359,0.011955110060275068,4.017275766016713,2.029347507112332,0.008356545961002786,0.2733286827693188,1
x_aq_ifu_top/x_aq_ifu_ibuf/ipack_expt_high,0,0.0,0.0,0.0,0.0,,0
x_aq_ifu_top/x_aq_ifu_ibuf/ipack_inst_32,575,0.019148156781777614,4.78268,2.415995391060647,0.01565217391304348,0.03556636133917196,1
x_aq_ifu_top/x_aq_ifu_ibuf/pop0_inst_32,231,0.007692563854940225,5.1613997835497845,2.607307636822388,0.004329004329004329,-0.02574608906576401,1
x_aq_ifu_top/x_aq_ifu_ibuf/pop1[5:0],1258,0.0418928369243065,4.898584507154213,2.4745451487462407,0.005564387917329093,0.003901160129811497,3
x_aq_ifu_top/x_aq_ifu_ibuf/pop_entry0_acc_err,0,0.0,0.0,0.0,0.0,,0
x_aq_ifu_top/x_aq_ifu_ibuf/pop_entry0_create_acc_err,0,0.0,0.0,0.0,0.0,,0
x_aq_ifu_top/x_aq_ifu_ibuf/pop_entry0_create_data_en,645,0.021479236737820106,4.237565891472868,2.1406281965580494,0.0031007751937984496,0.39385203258432033,1
x_aq_ifu_top/x_aq_ifu_ibuf/pop_entry0_create_en,379,0.012621132904858636,4.567758073878628,2.3074264751082705,0.010554089709762533,0.35998316215501885,1
x_aq_ifu_top/x_aq_ifu_ibuf/pop_entry0_create_halt_info[21:0],1,3.330114222917846e-05,21.131999999999998,10.6749384453682,1.0,-0.05631263816658485,1
x_aq_ifu_top/x_aq_ifu_ibuf/pop_entry0_create_inst[15:0],3599,0.11985081088281328,4.83466565990553,2.4422562144343636,0.03917754931925535,-0.022545010020814802,15
x_aq_ifu_top/x_aq_ifu_ibuf/pop_entry0_create_pgflt,0,0.0,0.0,0.0,0.0,,0
x_aq_ifu_top/x_aq_ifu_ibuf/pop_entry0_create_pred_taken[1:0],258,0.008591694695128042,4.296449612403101,2.170373610923205,0.0,0.15365267169560803,1
x_aq_ifu_top/x_aq_ifu_ibuf/pop_entry0_halt_info[21:0],2,6.660228445835692e-05,2.4720000000000026,1.248743509225356,0.0,-0.013368479175583063,2
x_aq_ifu_top/x_aq_ifu_ibuf/pop_entry0_inst[15:0],1518,0.0505511339038929,4.832967266139657,2.441398262091628,0.00922266139657444,-0.028187521335583644,13
x_aq_ifu_top/x_aq_ifu_ibuf/pop_entry0_pgflt,0,0.0,0.0,0.0,0.0,,0
x_aq_ifu_top/x_aq_ifu_ibuf/pop_entry0_pred_taken[1:0],264,0.008791501548503113,4.479075757575758,2.262628147087931,0.003787878787878788,0.027454385807996386,1
x_aq_ifu_top/x_aq_ifu_ibuf/pop_entry0_retire_en,419,0.013953178594025775,4.6179716229116945,2.3327921075638574,0.01909307875894988,-0.06225627350049425,1
x_aq_ifu_top/x_aq_ifu_ibuf/pop_entry0_vld,245,0.008158779846148724,4.472175510204082,2.2591424516520777,0.0163265306122449,0.19756227199278434,1
x_aq_ifu_top/x_aq_ifu_ibuf/pop_entry1_acc_err,0,0.0,0.0,0.0,0.0,,0
x_aq_ifu_top/x_aq_ifu_ibuf/pop_entry1_create_acc_err,0,0.0,0.0,0.0,0.0,,0
x_aq_ifu_top/x_aq_ifu_ibuf/pop_entry1_create_data_en,841,0.028006260614739084,4.358440368608799,2.201688560131877,0.0035671819262782403,0.3050629056757204,1
x_aq_ifu_top/x_aq_ifu_ibuf/pop_entry1_create_en,443,0.014752406007526059,4.754857697516931,2.401940811919289,0.002257336343115124,0.2315404845180266,1
x_aq_ifu_top/x_aq_ifu_ibuf/pop_entry1_create_halt_info[21:0],0,0.0,0.0,0.0,0.0,,0
x_aq_ifu_top/x_aq_ifu_ibuf/pop_entry1_create_inst[15:0],3835,0.1277098804488994,4.794849468057367,2.4221428604163764,0.03754889178617992,-0.011424512910176298,15
x_aq_ifu_top/x_aq_ifu_ibuf/pop_entry1_create_pgflt,0,0.0,0.0,0.0,0.0,,0
x_aq_ifu_top/x_aq_ifu_ibuf/pop_entry1_create_pred_taken[1:0],0,0.0,0.0,0.0,0.0,,0
x_aq_ifu_top/x_aq_ifu_ibuf/pop_entry1_halt_info[21:0],0,0.0,0.0,0.0,0.0,,0
x_aq_ifu_top/x_aq_ifu_ibuf/pop_entry1_inst[15:0],1349,0.04492324086716174,4.770827420311342,2.4100079994935806,0.005930318754633061,0.012569033185700292,15
x_aq_ifu_top/x_aq_ifu_ibuf/pop_entry1_pgflt,0,0.0,0.0,0.0,0.0,,0
x_aq_ifu_top/x_aq_ifu_ibuf/pop_entry1_pred_taken[1:0],0,0.0,0.0,0.0,0.0,,0
x_aq_ifu_top/x_aq_ifu_ibuf/pop_entry1_retire_en,419,0.013953178594025775,4.6179716229116945,2.3327921075638574,0.01909307875894988,-0.06225627350049425,1
x_aq_ifu_top/x_aq_ifu_ibuf/pop_entry1_vld,369,0.012288121482566852,4.869319783197832,2.459761922981757,0.013550135501355014,0.1180069754683442,1
x_aq_ifu_top/x_aq_ifu_ibuf/pop_entry_acc_err,0,0.0,0.0,0.0,0.0,,0
x_aq_ifu_top/x_aq_ifu_ibuf/pop_entry_expt_high,0,0.0,0.0,0.0,0.0,,0
x_aq_ifu_top/x_aq_ifu_ibuf/pop_entry_halt_info[21:0],2,6.660228445835692e-05,2.4720000000000026,1.248743509225356,0.0,-0.013368479175583063,2
x_aq_ifu_top/x_aq_ifu_ibuf/pop_entry_inst[31:0],1647,0.05484698125145693,4.796749429265331,2.4231026355887972,0.008500303582270795,0.01256872833398356,25
x_aq_ifu_top/x_aq_ifu_ibuf/pop_entry_pgflt,0,0.0,0.0,0.0,0.0,,0
x_aq_ifu_top/x_aq_ifu_ibuf/pop_entry_pred_taken[1:0],264,0.008791501548503113,4.479075757575758,2.262628147087931,0.003787878787878788,0.027454385807996386,1
x_aq_ifu_top/x_aq_ifu_ibuf/pop_entry_vld,245,0.008158779846148724,4.472175510204082,2.2591424516520777,0.0163265306122449,0.19756227199278434,1
x_aq_ifu_top/x_aq_ifu_ibuf/push0_bypass[5:0],1304,0.043424689466848715,5.132576687116565,2.5927475014717576,0.006134969325153374,-0.01789435036560118,3
x_aq_ifu_top/x_aq_ifu_ibuf/push1[5:0],1304,0.043424689466848715,5.138919478527607,2.595951595163064,0.006134969325153374,0.005207617123418595,3
x_aq_ifu_top/x_aq_ifu_ibuf/push1_bypass[5:0],1304,0.043424689466848715,5.138919478527607,2.595951595163064,0.006134969325153374,0.005207617123418595,3
x_aq_ifu_top/x_aq_ifu_ibuf/push2[5:0],1303,0.043391388324619536,5.142954719877207,2.5979900180770894,0.0061396776669224865,-0.02355048882576583,3
x_aq_ifu_top/x_aq_ifu_ibuf/push2_bypass[5:0],1303,0.043391388324619536,5.142954719877207,2.5979900180770894,0.0061396776669224865,-0.02355048882576583,3
x_aq_ifu_top/x_aq_ifu_ibuf/x_ifu_ibuf_icg_cell/clk_in,0,0.0,0.0,0.0,0.0,,0
x_aq_ifu_top/x_aq_ifu_ibuf/x_ifu_ibuf_icg_cell/global_en,1,3.330114222917846e-05,21.131999999999998,10.6749384453682,1.0,-0.05631263816658485,1
x_aq_ifu_top/x_aq_ifu_ibuf/x_ifu_ibuf_icg_cell/module_en,0,0.0,0.0,0.0,0.0,,0
x_aq_ifu_top/x_aq_ifu_ibuf/x_ifu_ibuf_icg_cell/local_en,585,0.0194811682040694,4.354239316239316,2.1995663769286784,0.013675213675213675,0.421874969465313,1
x_aq_ifu_top/x_aq_ifu_ibuf/x_ifu_ibuf_icg_cell/external_en,0,0.0,0.0,0.0,0.0,,0
x_aq_ifu_top/x_aq_ifu_ibuf/x_ifu_ibuf_icg_cell/pad_yy_icg_scan_en,0,0.0,0.0,0.0,0.0,,0
x_aq_ifu_top/x_aq_ifu_ibuf/x_ifu_ibuf_icg_cell/clk_out,0,0.0,0.0,0.0,0.0,,0
x_aq_ifu_top/x_aq_ifu_ibuf/x_ifu_ibuf_icg_cell/clk_en_bf_latch,585,0.0194811682040694,4.354239316239316,2.1995663769286784,0.013675213675213675,0.421874969465313,1
x_aq_ifu_top/x_aq_ifu_ibuf/x_ifu_ibuf_icg_cell/SE,0,0.0,0.0,0.0,0.0,,0
x_aq_ifu_top/x_aq_ifu_ibuf/x_aq_ifu_ibuf_entry0/cp0_ifu_icg_en,0,0.0,0.0,0.0,0.0,,0
x_aq_ifu_top/x_aq_ifu_ibuf/x_aq_ifu_ibuf_entry0/cp0_yy_clk_en,1,3.330114222917846e-05,21.131999999999998,10.6749384453682,1.0,-0.05631263816658485,1
x_aq_ifu_top/x_aq_ifu_ibuf/x_aq_ifu_ibuf_entry0/cpurst_b,3,9.990342668753538e-05,11.372333333333332,5.74479265159674,0.3333333333333333,-0.0038230699005505813,1
x_aq_ifu_top/x_aq_ifu_ibuf/x_aq_ifu_ibuf_entry0/forever_cpuclk,0,0.0,0.0,0.0,0.0,,0
x_aq_ifu_top/x_aq_ifu_ibuf/x_aq_ifu_ibuf_entry0/ibuf_cpuclk,0,0.0,0.0,0.0,0.0,,0
x_aq_ifu_top/x_aq_ifu_ibuf/x_aq_ifu_ibuf_entry0/ibuf_create0_acc_err,0,0.0,0.0,0.0,0.0,,0
x_aq_ifu_top/x_aq_ifu_ibuf/x_aq_ifu_ibuf_entry0/ibuf_create0_halt_info[21:0],1,3.330114222917846e-05,21.131999999999998,10.6749384453682,1.0,-0.05631263816658485,1
x_aq_ifu_top/x_aq_ifu_ibuf/x_aq_ifu_ibuf_entry0/ibuf_create0_inst[15:0],3866,0.12874221585800394,4.91480453181583,2.482738777595621,0.03595447490946715,-0.0313694131963507,13
x_aq_ifu_top/x_aq_ifu_ibuf/x_aq_ifu_ibuf_entry0/ibuf_create0_pgflt,0,0.0,0.0,0.0,0.0,,0
x_aq_ifu_top/x_aq_ifu_ibuf/x_aq_ifu_ibuf_entry0/ibuf_create0_pred_taken[1:0],474,0.01578474141663059,4.738567510548523,2.3937117402199095,0.016877637130801686,0.2450733036846287,1
x_aq_ifu_top/x_aq_ifu_ibuf/x_aq_ifu_ibuf_entry0/ibuf_create1_acc_err,0,0.0,0.0,0.0,0.0,,0
x_aq_ifu_top/x_aq_ifu_ibuf/x_aq_ifu_ibuf_entry0/ibuf_create1_halt_info[21:0],1,3.330114222917846e-05,21.131999999999998,10.6749384453682,1.0,-0.05631263816658485,1
x_aq_ifu_top/x_aq_ifu_ibuf/x_aq_ifu_ibuf_entry0/ibuf_create1_inst[15:0],3795,0.12637783475973227,4.810609064558631,2.430103901613368,0.038998682476943346,-0.03374116217324798,15
x_aq_ifu_top/x_aq_ifu_ibuf/x_aq_ifu_ibuf_entry0/ibuf_create1_pgflt,0,0.0,0.0,0.0,0.0,,0
x_aq_ifu_top/x_aq_ifu_ibuf/x_aq_ifu_ibuf_entry0/ibuf_create1_pred_taken[1:0],0,0.0,0.0,0.0,0.0,,0
x_aq_ifu_top/x_aq_ifu_ibuf/x_aq_ifu_ibuf_entry0/ibuf_create2_acc_err,0,0.0,0.0,0.0,0.0,,0
x_aq_ifu_top/x_aq_ifu_ibuf/x_aq_ifu_ibuf_entry0/ibuf_create2_halt_info[21:0],1,3.330114222917846e-05,21.131999999999998,10.6749384453682,1.0,-0.05631263816658485,1
x_aq_ifu_top/x_aq_ifu_ibuf/x_aq_ifu_ibuf_entry0/ibuf_create2_inst[15:0],3477,0.1157880715308535,4.7691758412424505,2.409173695835712,0.04141501294219154,-0.00979406023149104,15
x_aq_ifu_top/x_aq_ifu_ibuf/x_aq_ifu_ibuf_entry0/ibuf_create2_pgflt,0,0.0,0.0,0.0,0.0,,0
x_aq_ifu_top/x_aq_ifu_ibuf/x_aq_ifu_ibuf_entry0/ibuf_create2_pred_taken[1:0],0,0.0,0.0,0.0,0.0,,0
x_aq_ifu_top/x_aq_ifu_ibuf/x_aq_ifu_ibuf_entry0/ibuf_entry_acc_err,0,0.0,0.0,0.0,0.0,,0
x_aq_ifu_top/x_aq_ifu_ibuf/x_aq_ifu_ibuf_entry0/ibuf_entry_create0_data_en,26,0.00086582969795864,4.025115384615384,2.033307730753066,0.0,0.06265680246956394,1
x_aq_ifu_top/x_aq_ifu_ibuf/x_aq_ifu_ibuf_entry0/ibuf_entry_create0_en,0,0.0,0.0,0.0,0.0,,0
x_aq_ifu_top/x_aq_ifu_ibuf/x_aq_ifu_ibuf_entry0/ibuf_entry_create1_data_en,10,0.00033301142229178463,3.0630999999999986,1.5473407132314654,0.0,0.03373988495754343,1
x_aq_ifu_top/x_aq_ifu_ibuf/x_aq_ifu_ibuf_entry0/ibuf_entry_create1_en,0,0.0,0.0,0.0,0.0,,0
x_aq_ifu_top/x_aq_ifu_ibuf/x_aq_ifu_ibuf_entry0/ibuf_entry_create2_data_en,0,0.0,0.0,0.0,0.0,,0
x_aq_ifu_top/x_aq_ifu_ibuf/x_aq_ifu_ibuf_entry0/ibuf_entry_create2_en,0,0.0,0.0,0.0,0.0,,0
x_aq_ifu_top/x_aq_ifu_ibuf/x_aq_ifu_ibuf_entry0/ibuf_entry_halt_info[21:0],2,6.660228445835692e-05,1.7710000000000043,0.8946297551934096,0.0,-0.03608056789875838,2
x_aq_ifu_top/x_aq_ifu_ibuf/x_aq_ifu_ibuf_entry0/ibuf_entry_inst[15:0],621,0.020680009324319824,4.684362318840581,2.3663297089449866,0.00644122383252818,-0.010647400070671668,15
x_aq_ifu_top/x_aq_ifu_ibuf/x_aq_ifu_ibuf_entry0/ibuf_entry_pgflt,0,0.0,0.0,0.0,0.0,,0
x_aq_ifu_top/x_aq_ifu_ibuf/x_aq_ifu_ibuf_entry0/ibuf_entry_pred_taken[1:0],48,0.0015984548270005661,4.002875,2.022072886120729,0.0,0.013439725191473158,1
x_aq_ifu_top/x_aq_ifu_ibuf/x_aq_ifu_ibuf_entry0/ibuf_entry_retire0_en,0,0.0,0.0,0.0,0.0,,0
x_aq_ifu_top/x_aq_ifu_ibuf/x_aq_ifu_ibuf_entry0/ibuf_entry_retire1_en,0,0.0,0.0,0.0,0.0,,0
x_aq_ifu_top/x_aq_ifu_ibuf/x_aq_ifu_ibuf_entry0/ibuf_entry_vld,422,0.014053082020713311,5.2888445497630325,2.671687015703269,0.009478672985781991,-0.03230567143221966,1
x_aq_ifu_top/x_aq_ifu_ibuf/x_aq_ifu_ibuf_entry0/ibuf_flush_en,62,0.0020646708182090645,4.54375870967742,2.295303072894762,0.0,0.04281758761499191,1
x_aq_ifu_top/x_aq_ifu_ibuf/x_aq_ifu_ibuf_entry0/pad_yy_icg_scan_en,0,0.0,0.0,0.0,0.0,,0
x_aq_ifu_top/x_aq_ifu_ibuf/x_aq_ifu_ibuf_entry0/vec_ibuf_warm_up,0,0.0,0.0,0.0,0.0,,0
x_aq_ifu_top/x_aq_ifu_ibuf/x_aq_ifu_ibuf_entry0/entry_acc_err_upd,0,0.0,0.0,0.0,0.0,,0
x_aq_ifu_top/x_aq_ifu_ibuf/x_aq_ifu_ibuf_entry0/entry_cpuclk,0,0.0,0.0,0.0,0.0,,0
x_aq_ifu_top/x_aq_ifu_ibuf/x_aq_ifu_ibuf_entry0/entry_create,0,0.0,0.0,0.0,0.0,,0
x_aq_ifu_top/x_aq_ifu_ibuf/x_aq_ifu_ibuf_entry0/entry_data_create,0,0.0,0.0,0.0,0.0,,0
x_aq_ifu_top/x_aq_ifu_ibuf/x_aq_ifu_ibuf_entry0/entry_halt_info_upd[21:0],747,0.02487595324519631,4.510733534136546,2.278620235678866,0.004016064257028112,0.29856071447880417,2
x_aq_ifu_top/x_aq_ifu_ibuf/x_aq_ifu_ibuf_entry0/entry_icg_create,56,0.0018648639648339938,4.162,2.102455697975698,0.0,0.08144345172556618,1
x_aq_ifu_top/x_aq_ifu_ibuf/x_aq_ifu_ibuf_entry0/entry_icg_en,56,0.0018648639648339938,4.162,2.102455697975698,0.0,0.08144345172556618,1
x_aq_ifu_top/x_aq_ifu_ibuf/x_aq_ifu_ibuf_entry0/entry_inst_upd[15:0],771,0.025675180658696593,4.4961452010376135,2.271250864211346,0.0038910505836575876,0.22282276371599252,14
x_aq_ifu_top/x_aq_ifu_ibuf/x_aq_ifu_ibuf_entry0/entry_pgflt_upd,0,0.0,0.0,0.0,0.0,,0
x_aq_ifu_top/x_aq_ifu_ibuf/x_aq_ifu_ibuf_entry0/entry_pred_taken_upd[1:0],28,0.0009324319824169969,4.468392857142858,2.2572316250105504,0.0,0.07132940497262642,1
x_aq_ifu_top/x_aq_ifu_ibuf/x_aq_ifu_ibuf_entry0/entry_retire,0,0.0,0.0,0.0,0.0,,0
x_aq_ifu_top/x_aq_ifu_ibuf/x_aq_ifu_ibuf_entry0/x_ibuf_data_icg_cell/clk_in,0,0.0,0.0,0.0,0.0,,0
x_aq_ifu_top/x_aq_ifu_ibuf/x_aq_ifu_ibuf_entry0/x_ibuf_data_icg_cell/global_en,1,3.330114222917846e-05,21.131999999999998,10.6749384453682,1.0,-0.05631263816658485,1
x_aq_ifu_top/x_aq_ifu_ibuf/x_aq_ifu_ibuf_entry0/x_ibuf_data_icg_cell/module_en,0,0.0,0.0,0.0,0.0,,0
x_aq_ifu_top/x_aq_ifu_ibuf/x_aq_ifu_ibuf_entry0/x_ibuf_data_icg_cell/local_en,56,0.0018648639648339938,4.162,2.102455697975698,0.0,0.08144345172556618,1
x_aq_ifu_top/x_aq_ifu_ibuf/x_aq_ifu_ibuf_entry0/x_ibuf_data_icg_cell/external_en,0,0.0,0.0,0.0,0.0,,0
x_aq_ifu_top/x_aq_ifu_ibuf/x_aq_ifu_ibuf_entry0/x_ibuf_data_icg_cell/pad_yy_icg_scan_en,0,0.0,0.0,0.0,0.0,,0
x_aq_ifu_top/x_aq_ifu_ibuf/x_aq_ifu_ibuf_entry0/x_ibuf_data_icg_cell/clk_out,0,0.0,0.0,0.0,0.0,,0
x_aq_ifu_top/x_aq_ifu_ibuf/x_aq_ifu_ibuf_entry0/x_ibuf_data_icg_cell/clk_en_bf_latch,56,0.0018648639648339938,4.162,2.102455697975698,0.0,0.08144345172556618,1
x_aq_ifu_top/x_aq_ifu_ibuf/x_aq_ifu_ibuf_entry0/x_ibuf_data_icg_cell/SE,0,0.0,0.0,0.0,0.0,,0
x_aq_ifu_top/x_aq_ifu_ibuf/x_aq_ifu_ibuf_entry1/cp0_ifu_icg_en,0,0.0,0.0,0.0,0.0,,0
x_aq_ifu_top/x_aq_ifu_ibuf/x_aq_ifu_ibuf_entry1/cp0_yy_clk_en,1,3.330114222917846e-05,21.131999999999998,10.6749384453682,1.0,-0.05631263816658485,1
x_aq_ifu_top/x_aq_ifu_ibuf/x_aq_ifu_ibuf_entry1/cpurst_b,3,9.990342668753538e-05,11.372333333333332,5.74479265159674,0.3333333333333333,-0.0038230699005505813,1
x_aq_ifu_top/x_aq_ifu_ibuf/x_aq_ifu_ibuf_entry1/forever_cpuclk,0,0.0,0.0,0.0,0.0,,0
x_aq_ifu_top/x_aq_ifu_ibuf/x_aq_ifu_ibuf_entry1/ibuf_cpuclk,0,0.0,0.0,0.0,0.0,,0
x_aq_ifu_top/x_aq_ifu_ibuf/x_aq_ifu_ibuf_entry1/ibuf_create0_acc_err,0,0.0,0.0,0.0,0.0,,0
x_aq_ifu_top/x_aq_ifu_ibuf/x_aq_ifu_ibuf_entry1/ibuf_create0_halt_info[21:0],1,3.330114222917846e-05,21.131999999999998,10.6749384453682,1.0,-0.05631263816658485,1
x_aq_ifu_top/x_aq_ifu_ibuf/x_aq_ifu_ibuf_entry1/ibuf_create0_inst[15:0],3866,0.12874221585800394,4.91480453181583,2.482738777595621,0.03595447490946715,-0.0313694131963507,13
x_aq_ifu_top/x_aq_ifu_ibuf/x_aq_ifu_ibuf_entry1/ibuf_create0_pgflt,0,0.0,0.0,0.0,0.0,,0
x_aq_ifu_top/x_aq_ifu_ibuf/x_aq_ifu_ibuf_entry1/ibuf_create0_pred_taken[1:0],474,0.01578474141663059,4.738567510548523,2.3937117402199095,0.016877637130801686,0.2450733036846287,1
x_aq_ifu_top/x_aq_ifu_ibuf/x_aq_ifu_ibuf_entry1/ibuf_create1_acc_err,0,0.0,0.0,0.0,0.0,,0
x_aq_ifu_top/x_aq_ifu_ibuf/x_aq_ifu_ibuf_entry1/ibuf_create1_halt_info[21:0],1,3.330114222917846e-05,21.131999999999998,10.6749384453682,1.0,-0.05631263816658485,1
x_aq_ifu_top/x_aq_ifu_ibuf/x_aq_ifu_ibuf_entry1/ibuf_create1_inst[15:0],3795,0.12637783475973227,4.810609064558631,2.430103901613368,0.038998682476943346,-0.03374116217324798,15
x_aq_ifu_top/x_aq_ifu_ibuf/x_aq_ifu_ibuf_entry1/ibuf_create1_pgflt,0,0.0,0.0,0.0,0.0,,0
x_aq_ifu_top/x_aq_ifu_ibuf/x_aq_ifu_ibuf_entry1/ibuf_create1_pred_taken[1:0],0,0.0,0.0,0.0,0.0,,0
x_aq_ifu_top/x_aq_ifu_ibuf/x_aq_ifu_ibuf_entry1/ibuf_create2_acc_err,0,0.0,0.0,0.0,0.0,,0
x_aq_ifu_top/x_aq_ifu_ibuf/x_aq_ifu_ibuf_entry1/ibuf_create2_halt_info[21:0],1,3.330114222917846e-05,21.131999999999998,10.6749384453682,1.0,-0.05631263816658485,1
x_aq_ifu_top/x_aq_ifu_ibuf/x_aq_ifu_ibuf_entry1/ibuf_create2_inst[15:0],3477,0.1157880715308535,4.7691758412424505,2.409173695835712,0.04141501294219154,-0.00979406023149104,15
x_aq_ifu_top/x_aq_ifu_ibuf/x_aq_ifu_ibuf_entry1/ibuf_create2_pgflt,0,0.0,0.0,0.0,0.0,,0
x_aq_ifu_top/x_aq_ifu_ibuf/x_aq_ifu_ibuf_entry1/ibuf_create2_pred_taken[1:0],0,0.0,0.0,0.0,0.0,,0
x_aq_ifu_top/x_aq_ifu_ibuf/x_aq_ifu_ibuf_entry1/ibuf_entry_acc_err,0,0.0,0.0,0.0,0.0,,0
x_aq_ifu_top/x_aq_ifu_ibuf/x_aq_ifu_ibuf_entry1/ibuf_entry_create0_data_en,22,0.0007326251290419261,3.624909090909092,1.8311414639177628,0.0,0.05851459516828698,1
x_aq_ifu_top/x_aq_ifu_ibuf/x_aq_ifu_ibuf_entry1/ibuf_entry_create0_en,0,0.0,0.0,0.0,0.0,,0
x_aq_ifu_top/x_aq_ifu_ibuf/x_aq_ifu_ibuf_entry1/ibuf_entry_create1_data_en,16,0.0005328182756668553,4.687750000000001,2.3680410134996595,0.0,0.03097675878816795,1
x_aq_ifu_top/x_aq_ifu_ibuf/x_aq_ifu_ibuf_entry1/ibuf_entry_create1_en,0,0.0,0.0,0.0,0.0,,0
x_aq_ifu_top/x_aq_ifu_ibuf/x_aq_ifu_ibuf_entry1/ibuf_entry_create2_data_en,0,0.0,0.0,0.0,0.0,,0
x_aq_ifu_top/x_aq_ifu_ibuf/x_aq_ifu_ibuf_entry1/ibuf_entry_create2_en,0,0.0,0.0,0.0,0.0,,0
x_aq_ifu_top/x_aq_ifu_ibuf/x_aq_ifu_ibuf_entry1/ibuf_entry_halt_info[21:0],2,6.660228445835692e-05,1.7710000000000043,0.8946297551934096,0.0,-0.03608056789875838,2
x_aq_ifu_top/x_aq_ifu_ibuf/x_aq_ifu_ibuf_entry1/ibuf_entry_inst[15:0],626,0.020846515035465717,4.898376996805112,2.474440323826525,0.004792332268370607,-0.017441950146772165,13
x_aq_ifu_top/x_aq_ifu_ibuf/x_aq_ifu_ibuf_entry1/ibuf_entry_pgflt,0,0.0,0.0,0.0,0.0,,0
x_aq_ifu_top/x_aq_ifu_ibuf/x_aq_ifu_ibuf_entry1/ibuf_entry_pred_taken[1:0],42,0.0013986479736254954,5.045976190476192,2.5490008153571306,0.0,0.020587572841154412,1
x_aq_ifu_top/x_aq_ifu_ibuf/x_aq_ifu_ibuf_entry1/ibuf_entry_retire0_en,0,0.0,0.0,0.0,0.0,,0
x_aq_ifu_top/x_aq_ifu_ibuf/x_aq_ifu_ibuf_entry1/ibuf_entry_retire1_en,0,0.0,0.0,0.0,0.0,,0
x_aq_ifu_top/x_aq_ifu_ibuf/x_aq_ifu_ibuf_entry1/ibuf_entry_vld,442,0.01471910486529688,5.436058438914027,2.7460528686745977,0.004524886877828055,-0.0365035767228773,1
x_aq_ifu_top/x_aq_ifu_ibuf/x_aq_ifu_ibuf_entry1/ibuf_flush_en,62,0.0020646708182090645,4.54375870967742,2.295303072894762,0.0,0.04281758761499191,1
x_aq_ifu_top/x_aq_ifu_ibuf/x_aq_ifu_ibuf_entry1/pad_yy_icg_scan_en,0,0.0,0.0,0.0,0.0,,0
x_aq_ifu_top/x_aq_ifu_ibuf/x_aq_ifu_ibuf_entry1/vec_ibuf_warm_up,0,0.0,0.0,0.0,0.0,,0
x_aq_ifu_top/x_aq_ifu_ibuf/x_aq_ifu_ibuf_entry1/entry_acc_err_upd,0,0.0,0.0,0.0,0.0,,0
x_aq_ifu_top/x_aq_ifu_ibuf/x_aq_ifu_ibuf_entry1/entry_cpuclk,0,0.0,0.0,0.0,0.0,,0
x_aq_ifu_top/x_aq_ifu_ibuf/x_aq_ifu_ibuf_entry1/entry_create,0,0.0,0.0,0.0,0.0,,0
x_aq_ifu_top/x_aq_ifu_ibuf/x_aq_ifu_ibuf_entry1/entry_data_create,0,0.0,0.0,0.0,0.0,,0
x_aq_ifu_top/x_aq_ifu_ibuf/x_aq_ifu_ibuf_entry1/entry_halt_info_upd[21:0],715,0.0238103166938626,4.732906055944056,2.3908518273193824,0.005594405594405594,0.3009166276417739,2
x_aq_ifu_top/x_aq_ifu_ibuf/x_aq_ifu_ibuf_entry1/entry_icg_create,58,0.0019314662492923508,4.038827586206898,2.040234519885182,0.0,0.07718943761267706,1
x_aq_ifu_top/x_aq_ifu_ibuf/x_aq_ifu_ibuf_entry1/entry_icg_en,58,0.0019314662492923508,4.038827586206898,2.040234519885182,0.0,0.07718943761267706,1
x_aq_ifu_top/x_aq_ifu_ibuf/x_aq_ifu_ibuf_entry1/entry_inst_upd[15:0],739,0.024609544107362883,4.721381366711773,2.385030071302128,0.005412719891745603,0.22057957366673914,14
x_aq_ifu_top/x_aq_ifu_ibuf/x_aq_ifu_ibuf_entry1/entry_pgflt_upd,0,0.0,0.0,0.0,0.0,,0
x_aq_ifu_top/x_aq_ifu_ibuf/x_aq_ifu_ibuf_entry1/entry_pred_taken_upd[1:0],14,0.00046621599120849844,4.8335,2.44166737534011,0.0,0.05094499275754586,1
x_aq_ifu_top/x_aq_ifu_ibuf/x_aq_ifu_ibuf_entry1/entry_retire,0,0.0,0.0,0.0,0.0,,0
x_aq_ifu_top/x_aq_ifu_ibuf/x_aq_ifu_ibuf_entry1/x_ibuf_data_icg_cell/clk_in,0,0.0,0.0,0.0,0.0,,0
x_aq_ifu_top/x_aq_ifu_ibuf/x_aq_ifu_ibuf_entry1/x_ibuf_data_icg_cell/global_en,1,3.330114222917846e-05,21.131999999999998,10.6749384453682,1.0,-0.05631263816658485,1
x_aq_ifu_top/x_aq_ifu_ibuf/x_aq_ifu_ibuf_entry1/x_ibuf_data_icg_cell/module_en,0,0.0,0.0,0.0,0.0,,0
x_aq_ifu_top/x_aq_ifu_ibuf/x_aq_ifu_ibuf_entry1/x_ibuf_data_icg_cell/local_en,58,0.0019314662492923508,4.038827586206898,2.040234519885182,0.0,0.07718943761267706,1
x_aq_ifu_top/x_aq_ifu_ibuf/x_aq_ifu_ibuf_entry1/x_ibuf_data_icg_cell/external_en,0,0.0,0.0,0.0,0.0,,0
x_aq_ifu_top/x_aq_ifu_ibuf/x_aq_ifu_ibuf_entry1/x_ibuf_data_icg_cell/pad_yy_icg_scan_en,0,0.0,0.0,0.0,0.0,,0
x_aq_ifu_top/x_aq_ifu_ibuf/x_aq_ifu_ibuf_entry1/x_ibuf_data_icg_cell/clk_out,0,0.0,0.0,0.0,0.0,,0
x_aq_ifu_top/x_aq_ifu_ibuf/x_aq_ifu_ibuf_entry1/x_ibuf_data_icg_cell/clk_en_bf_latch,58,0.0019314662492923508,4.038827586206898,2.040234519885182,0.0,0.07718943761267706,1
x_aq_ifu_top/x_aq_ifu_ibuf/x_aq_ifu_ibuf_entry1/x_ibuf_data_icg_cell/SE,0,0.0,0.0,0.0,0.0,,0
x_aq_ifu_top/x_aq_ifu_ibuf/x_aq_ifu_ibuf_entry2/cp0_ifu_icg_en,0,0.0,0.0,0.0,0.0,,0
x_aq_ifu_top/x_aq_ifu_ibuf/x_aq_ifu_ibuf_entry2/cp0_yy_clk_en,1,3.330114222917846e-05,21.131999999999998,10.6749384453682,1.0,-0.05631263816658485,1
x_aq_ifu_top/x_aq_ifu_ibuf/x_aq_ifu_ibuf_entry2/cpurst_b,3,9.990342668753538e-05,11.372333333333332,5.74479265159674,0.3333333333333333,-0.0038230699005505813,1
x_aq_ifu_top/x_aq_ifu_ibuf/x_aq_ifu_ibuf_entry2/forever_cpuclk,0,0.0,0.0,0.0,0.0,,0
x_aq_ifu_top/x_aq_ifu_ibuf/x_aq_ifu_ibuf_entry2/ibuf_cpuclk,0,0.0,0.0,0.0,0.0,,0
x_aq_ifu_top/x_aq_ifu_ibuf/x_aq_ifu_ibuf_entry2/ibuf_create0_acc_err,0,0.0,0.0,0.0,0.0,,0
x_aq_ifu_top/x_aq_ifu_ibuf/x_aq_ifu_ibuf_entry2/ibuf_create0_halt_info[21:0],1,3.330114222917846e-05,21.131999999999998,10.6749384453682,1.0,-0.05631263816658485,1
x_aq_ifu_top/x_aq_ifu_ibuf/x_aq_ifu_ibuf_entry2/ibuf_create0_inst[15:0],3866,0.12874221585800394,4.91480453181583,2.482738777595621,0.03595447490946715,-0.0313694131963507,13
x_aq_ifu_top/x_aq_ifu_ibuf/x_aq_ifu_ibuf_entry2/ibuf_create0_pgflt,0,0.0,0.0,0.0,0.0,,0
x_aq_ifu_top/x_aq_ifu_ibuf/x_aq_ifu_ibuf_entry2/ibuf_create0_pred_taken[1:0],474,0.01578474141663059,4.738567510548523,2.3937117402199095,0.016877637130801686,0.2450733036846287,1
x_aq_ifu_top/x_aq_ifu_ibuf/x_aq_ifu_ibuf_entry2/ibuf_create1_acc_err,0,0.0,0.0,0.0,0.0,,0
x_aq_ifu_top/x_aq_ifu_ibuf/x_aq_ifu_ibuf_entry2/ibuf_create1_halt_info[21:0],1,3.330114222917846e-05,21.131999999999998,10.6749384453682,1.0,-0.05631263816658485,1
x_aq_ifu_top/x_aq_ifu_ibuf/x_aq_ifu_ibuf_entry2/ibuf_create1_inst[15:0],3795,0.12637783475973227,4.810609064558631,2.430103901613368,0.038998682476943346,-0.03374116217324798,15
x_aq_ifu_top/x_aq_ifu_ibuf/x_aq_ifu_ibuf_entry2/ibuf_create1_pgflt,0,0.0,0.0,0.0,0.0,,0
x_aq_ifu_top/x_aq_ifu_ibuf/x_aq_ifu_ibuf_entry2/ibuf_create1_pred_taken[1:0],0,0.0,0.0,0.0,0.0,,0
x_aq_ifu_top/x_aq_ifu_ibuf/x_aq_ifu_ibuf_entry2/ibuf_create2_acc_err,0,0.0,0.0,0.0,0.0,,0
x_aq_ifu_top/x_aq_ifu_ibuf/x_aq_ifu_ibuf_entry2/ibuf_create2_halt_info[21:0],1,3.330114222917846e-05,21.131999999999998,10.6749384453682,1.0,-0.05631263816658485,1
x_aq_ifu_top/x_aq_ifu_ibuf/x_aq_ifu_ibuf_entry2/ibuf_create2_inst[15:0],3477,0.1157880715308535,4.7691758412424505,2.409173695835712,0.04141501294219154,-0.00979406023149104,15
x_aq_ifu_top/x_aq_ifu_ibuf/x_aq_ifu_ibuf_entry2/ibuf_create2_pgflt,0,0.0,0.0,0.0,0.0,,0
x_aq_ifu_top/x_aq_ifu_ibuf/x_aq_ifu_ibuf_entry2/ibuf_create2_pred_taken[1:0],0,0.0,0.0,0.0,0.0,,0
x_aq_ifu_top/x_aq_ifu_ibuf/x_aq_ifu_ibuf_entry2/ibuf_entry_acc_err,0,0.0,0.0,0.0,0.0,,0
x_aq_ifu_top/x_aq_ifu_ibuf/x_aq_ifu_ibuf_entry2/ibuf_entry_create0_data_en,28,0.0009324319824169969,4.453321428571429,2.2496182153813735,0.0,0.08120380460018577,1
x_aq_ifu_top/x_aq_ifu_ibuf/x_aq_ifu_ibuf_entry2/ibuf_entry_create0_en,0,0.0,0.0,0.0,0.0,,0
x_aq_ifu_top/x_aq_ifu_ibuf/x_aq_ifu_ibuf_entry2/ibuf_entry_create1_data_en,12,0.00039961370675014153,3.4630833333333335,1.7493943504880687,0.0,0.03360711319737686,1
x_aq_ifu_top/x_aq_ifu_ibuf/x_aq_ifu_ibuf_entry2/ibuf_entry_create1_en,0,0.0,0.0,0.0,0.0,,0
x_aq_ifu_top/x_aq_ifu_ibuf/x_aq_ifu_ibuf_entry2/ibuf_entry_create2_data_en,0,0.0,0.0,0.0,0.0,,0
x_aq_ifu_top/x_aq_ifu_ibuf/x_aq_ifu_ibuf_entry2/ibuf_entry_create2_en,0,0.0,0.0,0.0,0.0,,0
x_aq_ifu_top/x_aq_ifu_ibuf/x_aq_ifu_ibuf_entry2/ibuf_entry_halt_info[21:0],2,6.660228445835692e-05,1.7710000000000043,0.8946297551934096,0.0,-0.03608056789875838,2
x_aq_ifu_top/x_aq_ifu_ibuf/x_aq_ifu_ibuf_entry2/ibuf_entry_inst[15:0],632,0.02104632188884079,5.1299746835443045,2.591433085989621,0.006329113924050633,-0.01031101699901418,13
x_aq_ifu_top/x_aq_ifu_ibuf/x_aq_ifu_ibuf_entry2/ibuf_entry_pgflt,0,0.0,0.0,0.0,0.0,,0
x_aq_ifu_top/x_aq_ifu_ibuf/x_aq_ifu_ibuf_entry2/ibuf_entry_pred_taken[1:0],58,0.0019314662492923508,4.573775862068967,2.3104663917517083,0.0,0.023771736155461305,1
x_aq_ifu_top/x_aq_ifu_ibuf/x_aq_ifu_ibuf_entry2/ibuf_entry_retire0_en,0,0.0,0.0,0.0,0.0,,0
x_aq_ifu_top/x_aq_ifu_ibuf/x_aq_ifu_ibuf_entry2/ibuf_entry_retire1_en,0,0.0,0.0,0.0,0.0,,0
x_aq_ifu_top/x_aq_ifu_ibuf/x_aq_ifu_ibuf_entry2/ibuf_entry_vld,428,0.014252888874088382,5.161231098130841,2.6072224245157516,0.004672897196261682,-0.034431762009761974,1
x_aq_ifu_top/x_aq_ifu_ibuf/x_aq_ifu_ibuf_entry2/ibuf_flush_en,62,0.0020646708182090645,4.54375870967742,2.295303072894762,0.0,0.04281758761499191,1
x_aq_ifu_top/x_aq_ifu_ibuf/x_aq_ifu_ibuf_entry2/pad_yy_icg_scan_en,0,0.0,0.0,0.0,0.0,,0
x_aq_ifu_top/x_aq_ifu_ibuf/x_aq_ifu_ibuf_entry2/vec_ibuf_warm_up,0,0.0,0.0,0.0,0.0,,0
x_aq_ifu_top/x_aq_ifu_ibuf/x_aq_ifu_ibuf_entry2/entry_acc_err_upd,0,0.0,0.0,0.0,0.0,,0
x_aq_ifu_top/x_aq_ifu_ibuf/x_aq_ifu_ibuf_entry2/entry_cpuclk,0,0.0,0.0,0.0,0.0,,0
x_aq_ifu_top/x_aq_ifu_ibuf/x_aq_ifu_ibuf_entry2/entry_create,0,0.0,0.0,0.0,0.0,,0
x_aq_ifu_top/x_aq_ifu_ibuf/x_aq_ifu_ibuf_entry2/entry_data_create,0,0.0,0.0,0.0,0.0,,0
x_aq_ifu_top/x_aq_ifu_ibuf/x_aq_ifu_ibuf_entry2/entry_halt_info_upd[21:0],733,0.02440973725398781,4.662192237380628,2.3551303783130635,0.004092769440654843,0.2996153268165006,2
x_aq_ifu_top/x_aq_ifu_ibuf/x_aq_ifu_ibuf_entry2/entry_icg_create,62,0.0020646708182090645,4.090193548387097,2.066182299766913,0.0,0.09584099341262982,1
x_aq_ifu_top/x_aq_ifu_ibuf/x_aq_ifu_ibuf_entry2/entry_icg_en,62,0.0020646708182090645,4.090193548387097,2.066182299766913,0.0,0.09584099341262982,1
x_aq_ifu_top/x_aq_ifu_ibuf/x_aq_ifu_ibuf_entry2/entry_inst_upd[15:0],771,0.025675180658696593,4.64595448767834,2.346927795568259,0.0038910505836575876,0.22447224478808875,13
x_aq_ifu_top/x_aq_ifu_ibuf/x_aq_ifu_ibuf_entry2/entry_pgflt_upd,0,0.0,0.0,0.0,0.0,,0
x_aq_ifu_top/x_aq_ifu_ibuf/x_aq_ifu_ibuf_entry2/entry_pred_taken_upd[1:0],42,0.0013986479736254954,4.377214285714286,2.211172300879536,0.0,0.08188436635430305,1
x_aq_ifu_top/x_aq_ifu_ibuf/x_aq_ifu_ibuf_entry2/entry_retire,0,0.0,0.0,0.0,0.0,,0
x_aq_ifu_top/x_aq_ifu_ibuf/x_aq_ifu_ibuf_entry2/x_ibuf_data_icg_cell/clk_in,0,0.0,0.0,0.0,0.0,,0
x_aq_ifu_top/x_aq_ifu_ibuf/x_aq_ifu_ibuf_entry2/x_ibuf_data_icg_cell/global_en,1,3.330114222917846e-05,21.131999999999998,10.6749384453682,1.0,-0.05631263816658485,1
x_aq_ifu_top/x_aq_ifu_ibuf/x_aq_ifu_ibuf_entry2/x_ibuf_data_icg_cell/module_en,0,0.0,0.0,0.0,0.0,,0
x_aq_ifu_top/x_aq_ifu_ibuf/x_aq_ifu_ibuf_entry2/x_ibuf_data_icg_cell/local_en,62,0.0020646708182090645,4.090193548387097,2.066182299766913,0.0,0.09584099341262982,1
x_aq_ifu_top/x_aq_ifu_ibuf/x_aq_ifu_ibuf_entry2/x_ibuf_data_icg_cell/external_en,0,0.0,0.0,0.0,0.0,,0
x_aq_ifu_top/x_aq_ifu_ibuf/x_aq_ifu_ibuf_entry2/x_ibuf_data_icg_cell/pad_yy_icg_scan_en,0,0.0,0.0,0.0,0.0,,0
x_aq_ifu_top/x_aq_ifu_ibuf/x_aq_ifu_ibuf_entry2/x_ibuf_data_icg_cell/clk_out,0,0.0,0.0,0.0,0.0,,0
x_aq_ifu_top/x_aq_ifu_ibuf/x_aq_ifu_ibuf_entry2/x_ibuf_data_icg_cell/clk_en_bf_latch,62,0.0020646708182090645,4.090193548387097,2.066182299766913,0.0,0.09584099341262982,1
x_aq_ifu_top/x_aq_ifu_ibuf/x_aq_ifu_ibuf_entry2/x_ibuf_data_icg_cell/SE,0,0.0,0.0,0.0,0.0,,0
x_aq_ifu_top/x_aq_ifu_ibuf/x_aq_ifu_ibuf_entry3/cp0_ifu_icg_en,0,0.0,0.0,0.0,0.0,,0
x_aq_ifu_top/x_aq_ifu_ibuf/x_aq_ifu_ibuf_entry3/cp0_yy_clk_en,1,3.330114222917846e-05,21.131999999999998,10.6749384453682,1.0,-0.05631263816658485,1
x_aq_ifu_top/x_aq_ifu_ibuf/x_aq_ifu_ibuf_entry3/cpurst_b,3,9.990342668753538e-05,11.372333333333332,5.74479265159674,0.3333333333333333,-0.0038230699005505813,1
x_aq_ifu_top/x_aq_ifu_ibuf/x_aq_ifu_ibuf_entry3/forever_cpuclk,0,0.0,0.0,0.0,0.0,,0
x_aq_ifu_top/x_aq_ifu_ibuf/x_aq_ifu_ibuf_entry3/ibuf_cpuclk,0,0.0,0.0,0.0,0.0,,0
x_aq_ifu_top/x_aq_ifu_ibuf/x_aq_ifu_ibuf_entry3/ibuf_create0_acc_err,0,0.0,0.0,0.0,0.0,,0
x_aq_ifu_top/x_aq_ifu_ibuf/x_aq_ifu_ibuf_entry3/ibuf_create0_halt_info[21:0],1,3.330114222917846e-05,21.131999999999998,10.6749384453682,1.0,-0.05631263816658485,1
x_aq_ifu_top/x_aq_ifu_ibuf/x_aq_ifu_ibuf_entry3/ibuf_create0_inst[15:0],3866,0.12874221585800394,4.91480453181583,2.482738777595621,0.03595447490946715,-0.0313694131963507,13
x_aq_ifu_top/x_aq_ifu_ibuf/x_aq_ifu_ibuf_entry3/ibuf_create0_pgflt,0,0.0,0.0,0.0,0.0,,0
x_aq_ifu_top/x_aq_ifu_ibuf/x_aq_ifu_ibuf_entry3/ibuf_create0_pred_taken[1:0],474,0.01578474141663059,4.738567510548523,2.3937117402199095,0.016877637130801686,0.2450733036846287,1
x_aq_ifu_top/x_aq_ifu_ibuf/x_aq_ifu_ibuf_entry3/ibuf_create1_acc_err,0,0.0,0.0,0.0,0.0,,0
x_aq_ifu_top/x_aq_ifu_ibuf/x_aq_ifu_ibuf_entry3/ibuf_create1_halt_info[21:0],1,3.330114222917846e-05,21.131999999999998,10.6749384453682,1.0,-0.05631263816658485,1
x_aq_ifu_top/x_aq_ifu_ibuf/x_aq_ifu_ibuf_entry3/ibuf_create1_inst[15:0],3795,0.12637783475973227,4.810609064558631,2.430103901613368,0.038998682476943346,-0.03374116217324798,15
x_aq_ifu_top/x_aq_ifu_ibuf/x_aq_ifu_ibuf_entry3/ibuf_create1_pgflt,0,0.0,0.0,0.0,0.0,,0
x_aq_ifu_top/x_aq_ifu_ibuf/x_aq_ifu_ibuf_entry3/ibuf_create1_pred_taken[1:0],0,0.0,0.0,0.0,0.0,,0
x_aq_ifu_top/x_aq_ifu_ibuf/x_aq_ifu_ibuf_entry3/ibuf_create2_acc_err,0,0.0,0.0,0.0,0.0,,0
x_aq_ifu_top/x_aq_ifu_ibuf/x_aq_ifu_ibuf_entry3/ibuf_create2_halt_info[21:0],1,3.330114222917846e-05,21.131999999999998,10.6749384453682,1.0,-0.05631263816658485,1
x_aq_ifu_top/x_aq_ifu_ibuf/x_aq_ifu_ibuf_entry3/ibuf_create2_inst[15:0],3477,0.1157880715308535,4.7691758412424505,2.409173695835712,0.04141501294219154,-0.00979406023149104,15
x_aq_ifu_top/x_aq_ifu_ibuf/x_aq_ifu_ibuf_entry3/ibuf_create2_pgflt,0,0.0,0.0,0.0,0.0,,0
x_aq_ifu_top/x_aq_ifu_ibuf/x_aq_ifu_ibuf_entry3/ibuf_create2_pred_taken[1:0],0,0.0,0.0,0.0,0.0,,0
x_aq_ifu_top/x_aq_ifu_ibuf/x_aq_ifu_ibuf_entry3/ibuf_entry_acc_err,0,0.0,0.0,0.0,0.0,,0
x_aq_ifu_top/x_aq_ifu_ibuf/x_aq_ifu_ibuf_entry3/ibuf_entry_create0_data_en,22,0.0007326251290419261,3.6289999999999996,1.8332080076775128,0.0,0.058350826546305225,1
x_aq_ifu_top/x_aq_ifu_ibuf/x_aq_ifu_ibuf_entry3/ibuf_entry_create0_en,0,0.0,0.0,0.0,0.0,,0
x_aq_ifu_top/x_aq_ifu_ibuf/x_aq_ifu_ibuf_entry3/ibuf_entry_create1_data_en,26,0.00086582969795864,4.529461538461538,2.2880807833494075,0.0,0.07193527478642091,1
x_aq_ifu_top/x_aq_ifu_ibuf/x_aq_ifu_ibuf_entry3/ibuf_entry_create1_en,0,0.0,0.0,0.0,0.0,,0
x_aq_ifu_top/x_aq_ifu_ibuf/x_aq_ifu_ibuf_entry3/ibuf_entry_create2_data_en,0,0.0,0.0,0.0,0.0,,0
x_aq_ifu_top/x_aq_ifu_ibuf/x_aq_ifu_ibuf_entry3/ibuf_entry_create2_en,0,0.0,0.0,0.0,0.0,,0
x_aq_ifu_top/x_aq_ifu_ibuf/x_aq_ifu_ibuf_entry3/ibuf_entry_halt_info[21:0],2,6.660228445835692e-05,5.5584999999999996,2.8079048527625945,0.0,-0.03650986626910922,2
x_aq_ifu_top/x_aq_ifu_ibuf/x_aq_ifu_ibuf_entry3/ibuf_entry_inst[15:0],608,0.020247094475340503,4.93990625,2.4954190395911255,0.006578947368421052,-0.003193061818219105,13
x_aq_ifu_top/x_aq_ifu_ibuf/x_aq_ifu_ibuf_entry3/ibuf_entry_pgflt,0,0.0,0.0,0.0,0.0,,0
x_aq_ifu_top/x_aq_ifu_ibuf/x_aq_ifu_ibuf_entry3/ibuf_entry_pred_taken[1:0],22,0.0007326251290419261,4.164,2.103466008258243,0.0,-0.009151861179419971,1
x_aq_ifu_top/x_aq_ifu_ibuf/x_aq_ifu_ibuf_entry3/ibuf_entry_retire0_en,0,0.0,0.0,0.0,0.0,,0
x_aq_ifu_top/x_aq_ifu_ibuf/x_aq_ifu_ibuf_entry3/ibuf_entry_retire1_en,0,0.0,0.0,0.0,0.0,,0
x_aq_ifu_top/x_aq_ifu_ibuf/x_aq_ifu_ibuf_entry3/ibuf_entry_vld,418,0.013919877451796597,4.804031578947368,2.4267812509401936,0.007177033492822967,-0.02547281152057898,1
x_aq_ifu_top/x_aq_ifu_ibuf/x_aq_ifu_ibuf_entry3/ibuf_flush_en,62,0.0020646708182090645,4.54375870967742,2.295303072894762,0.0,0.04281758761499191,1
x_aq_ifu_top/x_aq_ifu_ibuf/x_aq_ifu_ibuf_entry3/pad_yy_icg_scan_en,0,0.0,0.0,0.0,0.0,,0
x_aq_ifu_top/x_aq_ifu_ibuf/x_aq_ifu_ibuf_entry3/vec_ibuf_warm_up,0,0.0,0.0,0.0,0.0,,0
x_aq_ifu_top/x_aq_ifu_ibuf/x_aq_ifu_ibuf_entry3/entry_acc_err_upd,0,0.0,0.0,0.0,0.0,,0
x_aq_ifu_top/x_aq_ifu_ibuf/x_aq_ifu_ibuf_entry3/entry_cpuclk,0,0.0,0.0,0.0,0.0,,0
x_aq_ifu_top/x_aq_ifu_ibuf/x_aq_ifu_ibuf_entry3/entry_create,0,0.0,0.0,0.0,0.0,,0
x_aq_ifu_top/x_aq_ifu_ibuf/x_aq_ifu_ibuf_entry3/entry_data_create,0,0.0,0.0,0.0,0.0,,0
x_aq_ifu_top/x_aq_ifu_ibuf/x_aq_ifu_ibuf_entry3/entry_halt_info_upd[21:0],720,0.02397682240500849,4.372348611111112,2.2087143803379834,0.005555555555555556,0.292677332884776,2
x_aq_ifu_top/x_aq_ifu_ibuf/x_aq_ifu_ibuf_entry3/entry_icg_create,66,0.0021978753871257782,4.00630303030303,2.0238045732527423,0.0,0.09821026648996,1
x_aq_ifu_top/x_aq_ifu_ibuf/x_aq_ifu_ibuf_entry3/entry_icg_en,66,0.0021978753871257782,4.00630303030303,2.0238045732527423,0.0,0.09821026648996,1
x_aq_ifu_top/x_aq_ifu_ibuf/x_aq_ifu_ibuf_entry3/entry_inst_upd[15:0],771,0.025675180658696593,4.349705577172504,2.1972761353298904,0.005188067444876783,0.2112493055530906,14
x_aq_ifu_top/x_aq_ifu_ibuf/x_aq_ifu_ibuf_entry3/entry_pgflt_upd,0,0.0,0.0,0.0,0.0,,0
x_aq_ifu_top/x_aq_ifu_ibuf/x_aq_ifu_ibuf_entry3/entry_pred_taken_upd[1:0],16,0.0005328182756668553,4.390000000000001,2.217631070185804,0.0,0.036138619552548636,1
x_aq_ifu_top/x_aq_ifu_ibuf/x_aq_ifu_ibuf_entry3/entry_retire,0,0.0,0.0,0.0,0.0,,0
x_aq_ifu_top/x_aq_ifu_ibuf/x_aq_ifu_ibuf_entry3/x_ibuf_data_icg_cell/clk_in,0,0.0,0.0,0.0,0.0,,0
x_aq_ifu_top/x_aq_ifu_ibuf/x_aq_ifu_ibuf_entry3/x_ibuf_data_icg_cell/global_en,1,3.330114222917846e-05,21.131999999999998,10.6749384453682,1.0,-0.05631263816658485,1
x_aq_ifu_top/x_aq_ifu_ibuf/x_aq_ifu_ibuf_entry3/x_ibuf_data_icg_cell/module_en,0,0.0,0.0,0.0,0.0,,0
x_aq_ifu_top/x_aq_ifu_ibuf/x_aq_ifu_ibuf_entry3/x_ibuf_data_icg_cell/local_en,66,0.0021978753871257782,4.00630303030303,2.0238045732527423,0.0,0.09821026648996,1
x_aq_ifu_top/x_aq_ifu_ibuf/x_aq_ifu_ibuf_entry3/x_ibuf_data_icg_cell/external_en,0,0.0,0.0,0.0,0.0,,0
x_aq_ifu_top/x_aq_ifu_ibuf/x_aq_ifu_ibuf_entry3/x_ibuf_data_icg_cell/pad_yy_icg_scan_en,0,0.0,0.0,0.0,0.0,,0
x_aq_ifu_top/x_aq_ifu_ibuf/x_aq_ifu_ibuf_entry3/x_ibuf_data_icg_cell/clk_out,0,0.0,0.0,0.0,0.0,,0
x_aq_ifu_top/x_aq_ifu_ibuf/x_aq_ifu_ibuf_entry3/x_ibuf_data_icg_cell/clk_en_bf_latch,66,0.0021978753871257782,4.00630303030303,2.0238045732527423,0.0,0.09821026648996,1
x_aq_ifu_top/x_aq_ifu_ibuf/x_aq_ifu_ibuf_entry3/x_ibuf_data_icg_cell/SE,0,0.0,0.0,0.0,0.0,,0
x_aq_ifu_top/x_aq_ifu_ibuf/x_aq_ifu_ibuf_entry4/cp0_ifu_icg_en,0,0.0,0.0,0.0,0.0,,0
x_aq_ifu_top/x_aq_ifu_ibuf/x_aq_ifu_ibuf_entry4/cp0_yy_clk_en,1,3.330114222917846e-05,21.131999999999998,10.6749384453682,1.0,-0.05631263816658485,1
x_aq_ifu_top/x_aq_ifu_ibuf/x_aq_ifu_ibuf_entry4/cpurst_b,3,9.990342668753538e-05,11.372333333333332,5.74479265159674,0.3333333333333333,-0.0038230699005505813,1
x_aq_ifu_top/x_aq_ifu_ibuf/x_aq_ifu_ibuf_entry4/forever_cpuclk,0,0.0,0.0,0.0,0.0,,0
x_aq_ifu_top/x_aq_ifu_ibuf/x_aq_ifu_ibuf_entry4/ibuf_cpuclk,0,0.0,0.0,0.0,0.0,,0
x_aq_ifu_top/x_aq_ifu_ibuf/x_aq_ifu_ibuf_entry4/ibuf_create0_acc_err,0,0.0,0.0,0.0,0.0,,0
x_aq_ifu_top/x_aq_ifu_ibuf/x_aq_ifu_ibuf_entry4/ibuf_create0_halt_info[21:0],1,3.330114222917846e-05,21.131999999999998,10.6749384453682,1.0,-0.05631263816658485,1
x_aq_ifu_top/x_aq_ifu_ibuf/x_aq_ifu_ibuf_entry4/ibuf_create0_inst[15:0],3866,0.12874221585800394,4.91480453181583,2.482738777595621,0.03595447490946715,-0.0313694131963507,13
x_aq_ifu_top/x_aq_ifu_ibuf/x_aq_ifu_ibuf_entry4/ibuf_create0_pgflt,0,0.0,0.0,0.0,0.0,,0
x_aq_ifu_top/x_aq_ifu_ibuf/x_aq_ifu_ibuf_entry4/ibuf_create0_pred_taken[1:0],474,0.01578474141663059,4.738567510548523,2.3937117402199095,0.016877637130801686,0.2450733036846287,1
x_aq_ifu_top/x_aq_ifu_ibuf/x_aq_ifu_ibuf_entry4/ibuf_create1_acc_err,0,0.0,0.0,0.0,0.0,,0
x_aq_ifu_top/x_aq_ifu_ibuf/x_aq_ifu_ibuf_entry4/ibuf_create1_halt_info[21:0],1,3.330114222917846e-05,21.131999999999998,10.6749384453682,1.0,-0.05631263816658485,1
x_aq_ifu_top/x_aq_ifu_ibuf/x_aq_ifu_ibuf_entry4/ibuf_create1_inst[15:0],3795,0.12637783475973227,4.810609064558631,2.430103901613368,0.038998682476943346,-0.03374116217324798,15
x_aq_ifu_top/x_aq_ifu_ibuf/x_aq_ifu_ibuf_entry4/ibuf_create1_pgflt,0,0.0,0.0,0.0,0.0,,0
x_aq_ifu_top/x_aq_ifu_ibuf/x_aq_ifu_ibuf_entry4/ibuf_create1_pred_taken[1:0],0,0.0,0.0,0.0,0.0,,0
x_aq_ifu_top/x_aq_ifu_ibuf/x_aq_ifu_ibuf_entry4/ibuf_create2_acc_err,0,0.0,0.0,0.0,0.0,,0
x_aq_ifu_top/x_aq_ifu_ibuf/x_aq_ifu_ibuf_entry4/ibuf_create2_halt_info[21:0],1,3.330114222917846e-05,21.131999999999998,10.6749384453682,1.0,-0.05631263816658485,1
x_aq_ifu_top/x_aq_ifu_ibuf/x_aq_ifu_ibuf_entry4/ibuf_create2_inst[15:0],3477,0.1157880715308535,4.7691758412424505,2.409173695835712,0.04141501294219154,-0.00979406023149104,15
x_aq_ifu_top/x_aq_ifu_ibuf/x_aq_ifu_ibuf_entry4/ibuf_create2_pgflt,0,0.0,0.0,0.0,0.0,,0
x_aq_ifu_top/x_aq_ifu_ibuf/x_aq_ifu_ibuf_entry4/ibuf_create2_pred_taken[1:0],0,0.0,0.0,0.0,0.0,,0
x_aq_ifu_top/x_aq_ifu_ibuf/x_aq_ifu_ibuf_entry4/ibuf_entry_acc_err,0,0.0,0.0,0.0,0.0,,0
x_aq_ifu_top/x_aq_ifu_ibuf/x_aq_ifu_ibuf_entry4/ibuf_entry_create0_data_en,32,0.0010656365513337107,3.8954062499999997,1.9677844945321112,0.0,0.08505432748481326,1
x_aq_ifu_top/x_aq_ifu_ibuf/x_aq_ifu_ibuf_entry4/ibuf_entry_create0_en,0,0.0,0.0,0.0,0.0,,0
x_aq_ifu_top/x_aq_ifu_ibuf/x_aq_ifu_ibuf_entry4/ibuf_entry_create1_data_en,14,0.00046621599120849844,4.303714285714286,2.174043397996015,0.0,0.024037366664528877,1
x_aq_ifu_top/x_aq_ifu_ibuf/x_aq_ifu_ibuf_entry4/ibuf_entry_create1_en,0,0.0,0.0,0.0,0.0,,0
x_aq_ifu_top/x_aq_ifu_ibuf/x_aq_ifu_ibuf_entry4/ibuf_entry_create2_data_en,0,0.0,0.0,0.0,0.0,,0
x_aq_ifu_top/x_aq_ifu_ibuf/x_aq_ifu_ibuf_entry4/ibuf_entry_create2_en,0,0.0,0.0,0.0,0.0,,0
x_aq_ifu_top/x_aq_ifu_ibuf/x_aq_ifu_ibuf_entry4/ibuf_entry_halt_info[21:0],2,6.660228445835692e-05,5.5584999999999996,2.8079048527625945,0.0,-0.03650986626910922,2
x_aq_ifu_top/x_aq_ifu_ibuf/x_aq_ifu_ibuf_entry4/ibuf_entry_inst[15:0],605,0.02014719104865297,4.834986776859504,2.442418428314613,0.006611570247933884,-0.02293834539316786,14
x_aq_ifu_top/x_aq_ifu_ibuf/x_aq_ifu_ibuf_entry4/ibuf_entry_pgflt,0,0.0,0.0,0.0,0.0,,0
x_aq_ifu_top/x_aq_ifu_ibuf/x_aq_ifu_ibuf_entry4/ibuf_entry_pred_taken[1:0],40,0.0013320456891671385,5.045075,2.5485455743548164,0.0,0.010755561908997182,1
x_aq_ifu_top/x_aq_ifu_ibuf/x_aq_ifu_ibuf_entry4/ibuf_entry_retire0_en,0,0.0,0.0,0.0,0.0,,0
x_aq_ifu_top/x_aq_ifu_ibuf/x_aq_ifu_ibuf_entry4/ibuf_entry_retire1_en,0,0.0,0.0,0.0,0.0,,0
x_aq_ifu_top/x_aq_ifu_ibuf/x_aq_ifu_ibuf_entry4/ibuf_entry_vld,422,0.014053082020713311,4.9079146919431285,2.4792583395613828,0.0071090047393364926,-0.030763991308833907,1
x_aq_ifu_top/x_aq_ifu_ibuf/x_aq_ifu_ibuf_entry4/ibuf_flush_en,62,0.0020646708182090645,4.54375870967742,2.295303072894762,0.0,0.04281758761499191,1
x_aq_ifu_top/x_aq_ifu_ibuf/x_aq_ifu_ibuf_entry4/pad_yy_icg_scan_en,0,0.0,0.0,0.0,0.0,,0
x_aq_ifu_top/x_aq_ifu_ibuf/x_aq_ifu_ibuf_entry4/vec_ibuf_warm_up,0,0.0,0.0,0.0,0.0,,0
x_aq_ifu_top/x_aq_ifu_ibuf/x_aq_ifu_ibuf_entry4/entry_acc_err_upd,0,0.0,0.0,0.0,0.0,,0
x_aq_ifu_top/x_aq_ifu_ibuf/x_aq_ifu_ibuf_entry4/entry_cpuclk,0,0.0,0.0,0.0,0.0,,0
x_aq_ifu_top/x_aq_ifu_ibuf/x_aq_ifu_ibuf_entry4/entry_create,0,0.0,0.0,0.0,0.0,,0
x_aq_ifu_top/x_aq_ifu_ibuf/x_aq_ifu_ibuf_entry4/entry_data_create,0,0.0,0.0,0.0,0.0,,0
x_aq_ifu_top/x_aq_ifu_ibuf/x_aq_ifu_ibuf_entry4/entry_halt_info_upd[21:0],714,0.02377701555163342,4.378914565826331,2.2120312061197382,0.0070028011204481795,0.2931808219844764,2
x_aq_ifu_top/x_aq_ifu_ibuf/x_aq_ifu_ibuf_entry4/entry_icg_create,66,0.0021978753871257782,3.960075757575757,2.000452628767559,0.0,0.09586213603318995,1
x_aq_ifu_top/x_aq_ifu_ibuf/x_aq_ifu_ibuf_entry4/entry_icg_en,66,0.0021978753871257782,3.960075757575757,2.000452628767559,0.0,0.09586213603318995,1
x_aq_ifu_top/x_aq_ifu_ibuf/x_aq_ifu_ibuf_entry4/entry_inst_upd[15:0],755,0.025142362383029738,4.34298940397351,2.193883425908743,0.006622516556291391,0.21247901155392576,13
x_aq_ifu_top/x_aq_ifu_ibuf/x_aq_ifu_ibuf_entry4/entry_pgflt_upd,0,0.0,0.0,0.0,0.0,,0
x_aq_ifu_top/x_aq_ifu_ibuf/x_aq_ifu_ibuf_entry4/entry_pred_taken_upd[1:0],30,0.0009990342668753538,4.3867,2.215964058219605,0.0,0.06756305315398396,1
x_aq_ifu_top/x_aq_ifu_ibuf/x_aq_ifu_ibuf_entry4/entry_retire,0,0.0,0.0,0.0,0.0,,0
x_aq_ifu_top/x_aq_ifu_ibuf/x_aq_ifu_ibuf_entry4/x_ibuf_data_icg_cell/clk_in,0,0.0,0.0,0.0,0.0,,0
x_aq_ifu_top/x_aq_ifu_ibuf/x_aq_ifu_ibuf_entry4/x_ibuf_data_icg_cell/global_en,1,3.330114222917846e-05,21.131999999999998,10.6749384453682,1.0,-0.05631263816658485,1
x_aq_ifu_top/x_aq_ifu_ibuf/x_aq_ifu_ibuf_entry4/x_ibuf_data_icg_cell/module_en,0,0.0,0.0,0.0,0.0,,0
x_aq_ifu_top/x_aq_ifu_ibuf/x_aq_ifu_ibuf_entry4/x_ibuf_data_icg_cell/local_en,66,0.0021978753871257782,3.960075757575757,2.000452628767559,0.0,0.09586213603318995,1
x_aq_ifu_top/x_aq_ifu_ibuf/x_aq_ifu_ibuf_entry4/x_ibuf_data_icg_cell/external_en,0,0.0,0.0,0.0,0.0,,0
x_aq_ifu_top/x_aq_ifu_ibuf/x_aq_ifu_ibuf_entry4/x_ibuf_data_icg_cell/pad_yy_icg_scan_en,0,0.0,0.0,0.0,0.0,,0
x_aq_ifu_top/x_aq_ifu_ibuf/x_aq_ifu_ibuf_entry4/x_ibuf_data_icg_cell/clk_out,0,0.0,0.0,0.0,0.0,,0
x_aq_ifu_top/x_aq_ifu_ibuf/x_aq_ifu_ibuf_entry4/x_ibuf_data_icg_cell/clk_en_bf_latch,66,0.0021978753871257782,3.960075757575757,2.000452628767559,0.0,0.09586213603318995,1
x_aq_ifu_top/x_aq_ifu_ibuf/x_aq_ifu_ibuf_entry4/x_ibuf_data_icg_cell/SE,0,0.0,0.0,0.0,0.0,,0
x_aq_ifu_top/x_aq_ifu_ibuf/x_aq_ifu_ibuf_entry5/cp0_ifu_icg_en,0,0.0,0.0,0.0,0.0,,0
x_aq_ifu_top/x_aq_ifu_ibuf/x_aq_ifu_ibuf_entry5/cp0_yy_clk_en,1,3.330114222917846e-05,21.131999999999998,10.6749384453682,1.0,-0.05631263816658485,1
x_aq_ifu_top/x_aq_ifu_ibuf/x_aq_ifu_ibuf_entry5/cpurst_b,3,9.990342668753538e-05,11.372333333333332,5.74479265159674,0.3333333333333333,-0.0038230699005505813,1
x_aq_ifu_top/x_aq_ifu_ibuf/x_aq_ifu_ibuf_entry5/forever_cpuclk,0,0.0,0.0,0.0,0.0,,0
x_aq_ifu_top/x_aq_ifu_ibuf/x_aq_ifu_ibuf_entry5/ibuf_cpuclk,0,0.0,0.0,0.0,0.0,,0
x_aq_ifu_top/x_aq_ifu_ibuf/x_aq_ifu_ibuf_entry5/ibuf_create0_acc_err,0,0.0,0.0,0.0,0.0,,0
x_aq_ifu_top/x_aq_ifu_ibuf/x_aq_ifu_ibuf_entry5/ibuf_create0_halt_info[21:0],1,3.330114222917846e-05,21.131999999999998,10.6749384453682,1.0,-0.05631263816658485,1
x_aq_ifu_top/x_aq_ifu_ibuf/x_aq_ifu_ibuf_entry5/ibuf_create0_inst[15:0],3866,0.12874221585800394,4.91480453181583,2.482738777595621,0.03595447490946715,-0.0313694131963507,13
x_aq_ifu_top/x_aq_ifu_ibuf/x_aq_ifu_ibuf_entry5/ibuf_create0_pgflt,0,0.0,0.0,0.0,0.0,,0
x_aq_ifu_top/x_aq_ifu_ibuf/x_aq_ifu_ibuf_entry5/ibuf_create0_pred_taken[1:0],474,0.01578474141663059,4.738567510548523,2.3937117402199095,0.016877637130801686,0.2450733036846287,1
x_aq_ifu_top/x_aq_ifu_ibuf/x_aq_ifu_ibuf_entry5/ibuf_create1_acc_err,0,0.0,0.0,0.0,0.0,,0
x_aq_ifu_top/x_aq_ifu_ibuf/x_aq_ifu_ibuf_entry5/ibuf_create1_halt_info[21:0],1,3.330114222917846e-05,21.131999999999998,10.6749384453682,1.0,-0.05631263816658485,1
x_aq_ifu_top/x_aq_ifu_ibuf/x_aq_ifu_ibuf_entry5/ibuf_create1_inst[15:0],3795,0.12637783475973227,4.810609064558631,2.430103901613368,0.038998682476943346,-0.03374116217324798,15
x_aq_ifu_top/x_aq_ifu_ibuf/x_aq_ifu_ibuf_entry5/ibuf_create1_pgflt,0,0.0,0.0,0.0,0.0,,0
x_aq_ifu_top/x_aq_ifu_ibuf/x_aq_ifu_ibuf_entry5/ibuf_create1_pred_taken[1:0],0,0.0,0.0,0.0,0.0,,0
x_aq_ifu_top/x_aq_ifu_ibuf/x_aq_ifu_ibuf_entry5/ibuf_create2_acc_err,0,0.0,0.0,0.0,0.0,,0
x_aq_ifu_top/x_aq_ifu_ibuf/x_aq_ifu_ibuf_entry5/ibuf_create2_halt_info[21:0],1,3.330114222917846e-05,21.131999999999998,10.6749384453682,1.0,-0.05631263816658485,1
x_aq_ifu_top/x_aq_ifu_ibuf/x_aq_ifu_ibuf_entry5/ibuf_create2_inst[15:0],3477,0.1157880715308535,4.7691758412424505,2.409173695835712,0.04141501294219154,-0.00979406023149104,15
x_aq_ifu_top/x_aq_ifu_ibuf/x_aq_ifu_ibuf_entry5/ibuf_create2_pgflt,0,0.0,0.0,0.0,0.0,,0
x_aq_ifu_top/x_aq_ifu_ibuf/x_aq_ifu_ibuf_entry5/ibuf_create2_pred_taken[1:0],0,0.0,0.0,0.0,0.0,,0
x_aq_ifu_top/x_aq_ifu_ibuf/x_aq_ifu_ibuf_entry5/ibuf_entry_acc_err,0,0.0,0.0,0.0,0.0,,0
x_aq_ifu_top/x_aq_ifu_ibuf/x_aq_ifu_ibuf_entry5/ibuf_entry_create0_data_en,28,0.0009324319824169969,3.331928571428571,1.6831408482095214,0.0,0.06132830380318615,1
x_aq_ifu_top/x_aq_ifu_ibuf/x_aq_ifu_ibuf_entry5/ibuf_entry_create0_en,0,0.0,0.0,0.0,0.0,,0
x_aq_ifu_top/x_aq_ifu_ibuf/x_aq_ifu_ibuf_entry5/ibuf_entry_create1_data_en,28,0.0009324319824169969,4.147,2.0948783708566125,0.0,0.06923062979221271,1
x_aq_ifu_top/x_aq_ifu_ibuf/x_aq_ifu_ibuf_entry5/ibuf_entry_create1_en,0,0.0,0.0,0.0,0.0,,0
x_aq_ifu_top/x_aq_ifu_ibuf/x_aq_ifu_ibuf_entry5/ibuf_entry_create2_data_en,0,0.0,0.0,0.0,0.0,,0
x_aq_ifu_top/x_aq_ifu_ibuf/x_aq_ifu_ibuf_entry5/ibuf_entry_create2_en,0,0.0,0.0,0.0,0.0,,0
x_aq_ifu_top/x_aq_ifu_ibuf/x_aq_ifu_ibuf_entry5/ibuf_entry_halt_info[21:0],2,6.660228445835692e-05,5.226499999999999,2.6401933458601596,0.0,-0.023816603878806058,2
x_aq_ifu_top/x_aq_ifu_ibuf/x_aq_ifu_ibuf_entry5/ibuf_entry_inst[15:0],623,0.020746611608778182,4.613587479935794,2.3305774351995083,0.004815409309791332,-0.03294638488972977,13
x_aq_ifu_top/x_aq_ifu_ibuf/x_aq_ifu_ibuf_entry5/ibuf_entry_pgflt,0,0.0,0.0,0.0,0.0,,0
x_aq_ifu_top/x_aq_ifu_ibuf/x_aq_ifu_ibuf_entry5/ibuf_entry_pred_taken[1:0],10,0.00033301142229178463,5.233199999999998,2.6435778853066845,0.0,0.0014591757540778163,1
x_aq_ifu_top/x_aq_ifu_ibuf/x_aq_ifu_ibuf_entry5/ibuf_entry_retire0_en,0,0.0,0.0,0.0,0.0,,0
x_aq_ifu_top/x_aq_ifu_ibuf/x_aq_ifu_ibuf_entry5/ibuf_entry_retire1_en,0,0.0,0.0,0.0,0.0,,0
x_aq_ifu_top/x_aq_ifu_ibuf/x_aq_ifu_ibuf_entry5/ibuf_entry_vld,418,0.013919877451796597,5.192113110047847,2.622822631608462,0.009569377990430622,-0.04209109310156626,1
x_aq_ifu_top/x_aq_ifu_ibuf/x_aq_ifu_ibuf_entry5/ibuf_flush_en,62,0.0020646708182090645,4.54375870967742,2.295303072894762,0.0,0.04281758761499191,1
x_aq_ifu_top/x_aq_ifu_ibuf/x_aq_ifu_ibuf_entry5/pad_yy_icg_scan_en,0,0.0,0.0,0.0,0.0,,0
x_aq_ifu_top/x_aq_ifu_ibuf/x_aq_ifu_ibuf_entry5/vec_ibuf_warm_up,0,0.0,0.0,0.0,0.0,,0
x_aq_ifu_top/x_aq_ifu_ibuf/x_aq_ifu_ibuf_entry5/entry_acc_err_upd,0,0.0,0.0,0.0,0.0,,0
x_aq_ifu_top/x_aq_ifu_ibuf/x_aq_ifu_ibuf_entry5/entry_cpuclk,0,0.0,0.0,0.0,0.0,,0
x_aq_ifu_top/x_aq_ifu_ibuf/x_aq_ifu_ibuf_entry5/entry_create,0,0.0,0.0,0.0,0.0,,0
x_aq_ifu_top/x_aq_ifu_ibuf/x_aq_ifu_ibuf_entry5/entry_data_create,0,0.0,0.0,0.0,0.0,,0
x_aq_ifu_top/x_aq_ifu_ibuf/x_aq_ifu_ibuf_entry5/entry_halt_info_upd[21:0],743,0.024742748676279597,4.44431531628533,2.2450687314571742,0.005383580080753701,0.3008686174458995,2
x_aq_ifu_top/x_aq_ifu_ibuf/x_aq_ifu_ibuf_entry5/entry_icg_create,74,0.002464284524959206,3.7312027027027024,1.8848362283997169,0.0,0.0991425279931142,1
x_aq_ifu_top/x_aq_ifu_ibuf/x_aq_ifu_ibuf_entry5/entry_icg_en,74,0.002464284524959206,3.7312027027027024,1.8848362283997169,0.0,0.0991425279931142,1
x_aq_ifu_top/x_aq_ifu_ibuf/x_aq_ifu_ibuf_entry5/entry_inst_upd[15:0],772,0.025708481800925772,4.4051001036269435,2.2252589651667,0.0051813471502590676,0.2191439342781399,13
x_aq_ifu_top/x_aq_ifu_ibuf/x_aq_ifu_ibuf_entry5/entry_pgflt_upd,0,0.0,0.0,0.0,0.0,,0
x_aq_ifu_top/x_aq_ifu_ibuf/x_aq_ifu_ibuf_entry5/entry_pred_taken_upd[1:0],12,0.00039961370675014153,4.214833333333334,2.12914472793959,0.0,0.049672004725313766,1
x_aq_ifu_top/x_aq_ifu_ibuf/x_aq_ifu_ibuf_entry5/entry_retire,0,0.0,0.0,0.0,0.0,,0
x_aq_ifu_top/x_aq_ifu_ibuf/x_aq_ifu_ibuf_entry5/x_ibuf_data_icg_cell/clk_in,0,0.0,0.0,0.0,0.0,,0
x_aq_ifu_top/x_aq_ifu_ibuf/x_aq_ifu_ibuf_entry5/x_ibuf_data_icg_cell/global_en,1,3.330114222917846e-05,21.131999999999998,10.6749384453682,1.0,-0.05631263816658485,1
x_aq_ifu_top/x_aq_ifu_ibuf/x_aq_ifu_ibuf_entry5/x_ibuf_data_icg_cell/module_en,0,0.0,0.0,0.0,0.0,,0
x_aq_ifu_top/x_aq_ifu_ibuf/x_aq_ifu_ibuf_entry5/x_ibuf_data_icg_cell/local_en,74,0.002464284524959206,3.7312027027027024,1.8848362283997169,0.0,0.0991425279931142,1
x_aq_ifu_top/x_aq_ifu_ibuf/x_aq_ifu_ibuf_entry5/x_ibuf_data_icg_cell/external_en,0,0.0,0.0,0.0,0.0,,0
x_aq_ifu_top/x_aq_ifu_ibuf/x_aq_ifu_ibuf_entry5/x_ibuf_data_icg_cell/pad_yy_icg_scan_en,0,0.0,0.0,0.0,0.0,,0
x_aq_ifu_top/x_aq_ifu_ibuf/x_aq_ifu_ibuf_entry5/x_ibuf_data_icg_cell/clk_out,0,0.0,0.0,0.0,0.0,,0
x_aq_ifu_top/x_aq_ifu_ibuf/x_aq_ifu_ibuf_entry5/x_ibuf_data_icg_cell/clk_en_bf_latch,74,0.002464284524959206,3.7312027027027024,1.8848362283997169,0.0,0.0991425279931142,1
x_aq_ifu_top/x_aq_ifu_ibuf/x_aq_ifu_ibuf_entry5/x_ibuf_data_icg_cell/SE,0,0.0,0.0,0.0,0.0,,0
x_aq_ifu_top/x_aq_ifu_ibuf/x_aq_ifu_ibuf_pop_entry0/cp0_ifu_icg_en,0,0.0,0.0,0.0,0.0,,0
x_aq_ifu_top/x_aq_ifu_ibuf/x_aq_ifu_ibuf_pop_entry0/cp0_yy_clk_en,1,3.330114222917846e-05,21.131999999999998,10.6749384453682,1.0,-0.05631263816658485,1
x_aq_ifu_top/x_aq_ifu_ibuf/x_aq_ifu_ibuf_pop_entry0/cpurst_b,3,9.990342668753538e-05,11.372333333333332,5.74479265159674,0.3333333333333333,-0.0038230699005505813,1
x_aq_ifu_top/x_aq_ifu_ibuf/x_aq_ifu_ibuf_pop_entry0/forever_cpuclk,0,0.0,0.0,0.0,0.0,,0
x_aq_ifu_top/x_aq_ifu_ibuf/x_aq_ifu_ibuf_pop_entry0/ibuf_cpuclk,0,0.0,0.0,0.0,0.0,,0
x_aq_ifu_top/x_aq_ifu_ibuf/x_aq_ifu_ibuf_pop_entry0/ibuf_entry_acc_err,0,0.0,0.0,0.0,0.0,,0
x_aq_ifu_top/x_aq_ifu_ibuf/x_aq_ifu_ibuf_pop_entry0/ibuf_entry_create_acc_err,0,0.0,0.0,0.0,0.0,,0
x_aq_ifu_top/x_aq_ifu_ibuf/x_aq_ifu_ibuf_pop_entry0/ibuf_entry_create_data_en,645,0.021479236737820106,4.237565891472868,2.1406281965580494,0.0031007751937984496,0.39385203258432033,1
x_aq_ifu_top/x_aq_ifu_ibuf/x_aq_ifu_ibuf_pop_entry0/ibuf_entry_create_en,379,0.012621132904858636,4.567758073878628,2.3074264751082705,0.010554089709762533,0.35998316215501885,1
x_aq_ifu_top/x_aq_ifu_ibuf/x_aq_ifu_ibuf_pop_entry0/ibuf_entry_create_halt_info[21:0],1,3.330114222917846e-05,21.131999999999998,10.6749384453682,1.0,-0.05631263816658485,1
x_aq_ifu_top/x_aq_ifu_ibuf/x_aq_ifu_ibuf_pop_entry0/ibuf_entry_create_inst[15:0],3599,0.11985081088281328,4.83466565990553,2.4422562144343636,0.03917754931925535,-0.022545010020814802,15
x_aq_ifu_top/x_aq_ifu_ibuf/x_aq_ifu_ibuf_pop_entry0/ibuf_entry_create_pgflt,0,0.0,0.0,0.0,0.0,,0
x_aq_ifu_top/x_aq_ifu_ibuf/x_aq_ifu_ibuf_pop_entry0/ibuf_entry_create_pred_taken[1:0],258,0.008591694695128042,4.296449612403101,2.170373610923205,0.0,0.15365267169560803,1
x_aq_ifu_top/x_aq_ifu_ibuf/x_aq_ifu_ibuf_pop_entry0/ibuf_entry_halt_info[21:0],2,6.660228445835692e-05,2.4720000000000026,1.248743509225356,0.0,-0.013368479175583063,2
x_aq_ifu_top/x_aq_ifu_ibuf/x_aq_ifu_ibuf_pop_entry0/ibuf_entry_inst[15:0],1518,0.0505511339038929,4.832967266139657,2.441398262091628,0.00922266139657444,-0.028187521335583644,13
x_aq_ifu_top/x_aq_ifu_ibuf/x_aq_ifu_ibuf_pop_entry0/ibuf_entry_pgflt,0,0.0,0.0,0.0,0.0,,0
x_aq_ifu_top/x_aq_ifu_ibuf/x_aq_ifu_ibuf_pop_entry0/ibuf_entry_pred_taken[1:0],264,0.008791501548503113,4.479075757575758,2.262628147087931,0.003787878787878788,0.027454385807996386,1
x_aq_ifu_top/x_aq_ifu_ibuf/x_aq_ifu_ibuf_pop_entry0/ibuf_entry_retire_en,419,0.013953178594025775,4.6179716229116945,2.3327921075638574,0.01909307875894988,-0.06225627350049425,1
x_aq_ifu_top/x_aq_ifu_ibuf/x_aq_ifu_ibuf_pop_entry0/ibuf_entry_vld,245,0.008158779846148724,4.472175510204082,2.2591424516520777,0.0163265306122449,0.19756227199278434,1
x_aq_ifu_top/x_aq_ifu_ibuf/x_aq_ifu_ibuf_pop_entry0/ibuf_flush_en,62,0.0020646708182090645,4.54375870967742,2.295303072894762,0.0,0.04281758761499191,1
x_aq_ifu_top/x_aq_ifu_ibuf/x_aq_ifu_ibuf_pop_entry0/pad_yy_icg_scan_en,0,0.0,0.0,0.0,0.0,,0
x_aq_ifu_top/x_aq_ifu_ibuf/x_aq_ifu_ibuf_pop_entry0/vec_ibuf_warm_up,0,0.0,0.0,0.0,0.0,,0
x_aq_ifu_top/x_aq_ifu_ibuf/x_aq_ifu_ibuf_pop_entry0/entry_acc_err_upd,0,0.0,0.0,0.0,0.0,,0
x_aq_ifu_top/x_aq_ifu_ibuf/x_aq_ifu_ibuf_pop_entry0/entry_cpuclk,0,0.0,0.0,0.0,0.0,,0
x_aq_ifu_top/x_aq_ifu_ibuf/x_aq_ifu_ibuf_pop_entry0/entry_create,379,0.012621132904858636,4.567758073878628,2.3074264751082705,0.010554089709762533,0.35998316215501885,1
x_aq_ifu_top/x_aq_ifu_ibuf/x_aq_ifu_ibuf_pop_entry0/entry_data_create,379,0.012621132904858636,4.567758073878628,2.3074264751082705,0.010554089709762533,0.35998316215501885,1
x_aq_ifu_top/x_aq_ifu_ibuf/x_aq_ifu_ibuf_pop_entry0/entry_halt_info_upd[21:0],1,3.330114222917846e-05,21.131999999999998,10.6749384453682,1.0,-0.05631263816658485,1
x_aq_ifu_top/x_aq_ifu_ibuf/x_aq_ifu_ibuf_pop_entry0/entry_icg_en,645,0.021479236737820106,4.237565891472868,2.1406281965580494,0.0031007751937984496,0.39385203258432033,1
x_aq_ifu_top/x_aq_ifu_ibuf/x_aq_ifu_ibuf_pop_entry0/entry_inst_upd[15:0],3599,0.11985081088281328,4.83466565990553,2.4422562144343636,0.03917754931925535,-0.022545010020814802,15
x_aq_ifu_top/x_aq_ifu_ibuf/x_aq_ifu_ibuf_pop_entry0/entry_pgflt_upd,0,0.0,0.0,0.0,0.0,,0
x_aq_ifu_top/x_aq_ifu_ibuf/x_aq_ifu_ibuf_pop_entry0/entry_pred_taken_upd[1:0],258,0.008591694695128042,4.296449612403101,2.170373610923205,0.0,0.15365267169560803,1
x_aq_ifu_top/x_aq_ifu_ibuf/x_aq_ifu_ibuf_pop_entry0/entry_retire,419,0.013953178594025775,4.6179716229116945,2.3327921075638574,0.01909307875894988,-0.06225627350049425,1
x_aq_ifu_top/x_aq_ifu_ibuf/x_aq_ifu_ibuf_pop_entry0/x_ibuf_data_icg_cell/clk_in,0,0.0,0.0,0.0,0.0,,0
x_aq_ifu_top/x_aq_ifu_ibuf/x_aq_ifu_ibuf_pop_entry0/x_ibuf_data_icg_cell/global_en,1,3.330114222917846e-05,21.131999999999998,10.6749384453682,1.0,-0.05631263816658485,1
x_aq_ifu_top/x_aq_ifu_ibuf/x_aq_ifu_ibuf_pop_entry0/x_ibuf_data_icg_cell/module_en,0,0.0,0.0,0.0,0.0,,0
x_aq_ifu_top/x_aq_ifu_ibuf/x_aq_ifu_ibuf_pop_entry0/x_ibuf_data_icg_cell/local_en,645,0.021479236737820106,4.237565891472868,2.1406281965580494,0.0031007751937984496,0.39385203258432033,1
x_aq_ifu_top/x_aq_ifu_ibuf/x_aq_ifu_ibuf_pop_entry0/x_ibuf_data_icg_cell/external_en,0,0.0,0.0,0.0,0.0,,0
x_aq_ifu_top/x_aq_ifu_ibuf/x_aq_ifu_ibuf_pop_entry0/x_ibuf_data_icg_cell/pad_yy_icg_scan_en,0,0.0,0.0,0.0,0.0,,0
x_aq_ifu_top/x_aq_ifu_ibuf/x_aq_ifu_ibuf_pop_entry0/x_ibuf_data_icg_cell/clk_out,0,0.0,0.0,0.0,0.0,,0
x_aq_ifu_top/x_aq_ifu_ibuf/x_aq_ifu_ibuf_pop_entry0/x_ibuf_data_icg_cell/clk_en_bf_latch,645,0.021479236737820106,4.237565891472868,2.1406281965580494,0.0031007751937984496,0.39385203258432033,1
x_aq_ifu_top/x_aq_ifu_ibuf/x_aq_ifu_ibuf_pop_entry0/x_ibuf_data_icg_cell/SE,0,0.0,0.0,0.0,0.0,,0
x_aq_ifu_top/x_aq_ifu_ibuf/x_aq_ifu_ibuf_pop_entry1/cp0_ifu_icg_en,0,0.0,0.0,0.0,0.0,,0
x_aq_ifu_top/x_aq_ifu_ibuf/x_aq_ifu_ibuf_pop_entry1/cp0_yy_clk_en,1,3.330114222917846e-05,21.131999999999998,10.6749384453682,1.0,-0.05631263816658485,1
x_aq_ifu_top/x_aq_ifu_ibuf/x_aq_ifu_ibuf_pop_entry1/cpurst_b,3,9.990342668753538e-05,11.372333333333332,5.74479265159674,0.3333333333333333,-0.0038230699005505813,1
x_aq_ifu_top/x_aq_ifu_ibuf/x_aq_ifu_ibuf_pop_entry1/forever_cpuclk,0,0.0,0.0,0.0,0.0,,0
x_aq_ifu_top/x_aq_ifu_ibuf/x_aq_ifu_ibuf_pop_entry1/ibuf_cpuclk,0,0.0,0.0,0.0,0.0,,0
x_aq_ifu_top/x_aq_ifu_ibuf/x_aq_ifu_ibuf_pop_entry1/ibuf_entry_acc_err,0,0.0,0.0,0.0,0.0,,0
x_aq_ifu_top/x_aq_ifu_ibuf/x_aq_ifu_ibuf_pop_entry1/ibuf_entry_create_acc_err,0,0.0,0.0,0.0,0.0,,0
x_aq_ifu_top/x_aq_ifu_ibuf/x_aq_ifu_ibuf_pop_entry1/ibuf_entry_create_data_en,841,0.028006260614739084,4.358440368608799,2.201688560131877,0.0035671819262782403,0.3050629056757204,1
x_aq_ifu_top/x_aq_ifu_ibuf/x_aq_ifu_ibuf_pop_entry1/ibuf_entry_create_en,443,0.014752406007526059,4.754857697516931,2.401940811919289,0.002257336343115124,0.2315404845180266,1
x_aq_ifu_top/x_aq_ifu_ibuf/x_aq_ifu_ibuf_pop_entry1/ibuf_entry_create_halt_info[21:0],0,0.0,0.0,0.0,0.0,,0
x_aq_ifu_top/x_aq_ifu_ibuf/x_aq_ifu_ibuf_pop_entry1/ibuf_entry_create_inst[15:0],3835,0.1277098804488994,4.794849468057367,2.4221428604163764,0.03754889178617992,-0.011424512910176298,15
x_aq_ifu_top/x_aq_ifu_ibuf/x_aq_ifu_ibuf_pop_entry1/ibuf_entry_create_pgflt,0,0.0,0.0,0.0,0.0,,0
x_aq_ifu_top/x_aq_ifu_ibuf/x_aq_ifu_ibuf_pop_entry1/ibuf_entry_create_pred_taken[1:0],0,0.0,0.0,0.0,0.0,,0
x_aq_ifu_top/x_aq_ifu_ibuf/x_aq_ifu_ibuf_pop_entry1/ibuf_entry_halt_info[21:0],0,0.0,0.0,0.0,0.0,,0
x_aq_ifu_top/x_aq_ifu_ibuf/x_aq_ifu_ibuf_pop_entry1/ibuf_entry_inst[15:0],1349,0.04492324086716174,4.770827420311342,2.4100079994935806,0.005930318754633061,0.012569033185700292,15
x_aq_ifu_top/x_aq_ifu_ibuf/x_aq_ifu_ibuf_pop_entry1/ibuf_entry_pgflt,0,0.0,0.0,0.0,0.0,,0
x_aq_ifu_top/x_aq_ifu_ibuf/x_aq_ifu_ibuf_pop_entry1/ibuf_entry_pred_taken[1:0],0,0.0,0.0,0.0,0.0,,0
x_aq_ifu_top/x_aq_ifu_ibuf/x_aq_ifu_ibuf_pop_entry1/ibuf_entry_retire_en,419,0.013953178594025775,4.6179716229116945,2.3327921075638574,0.01909307875894988,-0.06225627350049425,1
x_aq_ifu_top/x_aq_ifu_ibuf/x_aq_ifu_ibuf_pop_entry1/ibuf_entry_vld,369,0.012288121482566852,4.869319783197832,2.459761922981757,0.013550135501355014,0.1180069754683442,1
x_aq_ifu_top/x_aq_ifu_ibuf/x_aq_ifu_ibuf_pop_entry1/ibuf_flush_en,62,0.0020646708182090645,4.54375870967742,2.295303072894762,0.0,0.04281758761499191,1
x_aq_ifu_top/x_aq_ifu_ibuf/x_aq_ifu_ibuf_pop_entry1/pad_yy_icg_scan_en,0,0.0,0.0,0.0,0.0,,0
x_aq_ifu_top/x_aq_ifu_ibuf/x_aq_ifu_ibuf_pop_entry1/vec_ibuf_warm_up,0,0.0,0.0,0.0,0.0,,0
x_aq_ifu_top/x_aq_ifu_ibuf/x_aq_ifu_ibuf_pop_entry1/entry_acc_err_upd,0,0.0,0.0,0.0,0.0,,0
x_aq_ifu_top/x_aq_ifu_ibuf/x_aq_ifu_ibuf_pop_entry1/entry_cpuclk,0,0.0,0.0,0.0,0.0,,0
x_aq_ifu_top/x_aq_ifu_ibuf/x_aq_ifu_ibuf_pop_entry1/entry_create,443,0.014752406007526059,4.754857697516931,2.401940811919289,0.002257336343115124,0.2315404845180266,1
x_aq_ifu_top/x_aq_ifu_ibuf/x_aq_ifu_ibuf_pop_entry1/entry_data_create,443,0.014752406007526059,4.754857697516931,2.401940811919289,0.002257336343115124,0.2315404845180266,1
x_aq_ifu_top/x_aq_ifu_ibuf/x_aq_ifu_ibuf_pop_entry1/entry_halt_info_upd[21:0],0,0.0,0.0,0.0,0.0,,0
x_aq_ifu_top/x_aq_ifu_ibuf/x_aq_ifu_ibuf_pop_entry1/entry_icg_en,841,0.028006260614739084,4.358440368608799,2.201688560131877,0.0035671819262782403,0.3050629056757204,1
x_aq_ifu_top/x_aq_ifu_ibuf/x_aq_ifu_ibuf_pop_entry1/entry_inst_upd[15:0],3835,0.1277098804488994,4.794849468057367,2.4221428604163764,0.03754889178617992,-0.011424512910176298,15
x_aq_ifu_top/x_aq_ifu_ibuf/x_aq_ifu_ibuf_pop_entry1/entry_pgflt_upd,0,0.0,0.0,0.0,0.0,,0
x_aq_ifu_top/x_aq_ifu_ibuf/x_aq_ifu_ibuf_pop_entry1/entry_pred_taken_upd[1:0],0,0.0,0.0,0.0,0.0,,0
x_aq_ifu_top/x_aq_ifu_ibuf/x_aq_ifu_ibuf_pop_entry1/entry_retire,419,0.013953178594025775,4.6179716229116945,2.3327921075638574,0.01909307875894988,-0.06225627350049425,1
x_aq_ifu_top/x_aq_ifu_ibuf/x_aq_ifu_ibuf_pop_entry1/x_ibuf_data_icg_cell/clk_in,0,0.0,0.0,0.0,0.0,,0
x_aq_ifu_top/x_aq_ifu_ibuf/x_aq_ifu_ibuf_pop_entry1/x_ibuf_data_icg_cell/global_en,1,3.330114222917846e-05,21.131999999999998,10.6749384453682,1.0,-0.05631263816658485,1
x_aq_ifu_top/x_aq_ifu_ibuf/x_aq_ifu_ibuf_pop_entry1/x_ibuf_data_icg_cell/module_en,0,0.0,0.0,0.0,0.0,,0
x_aq_ifu_top/x_aq_ifu_ibuf/x_aq_ifu_ibuf_pop_entry1/x_ibuf_data_icg_cell/local_en,841,0.028006260614739084,4.358440368608799,2.201688560131877,0.0035671819262782403,0.3050629056757204,1
x_aq_ifu_top/x_aq_ifu_ibuf/x_aq_ifu_ibuf_pop_entry1/x_ibuf_data_icg_cell/external_en,0,0.0,0.0,0.0,0.0,,0
x_aq_ifu_top/x_aq_ifu_ibuf/x_aq_ifu_ibuf_pop_entry1/x_ibuf_data_icg_cell/pad_yy_icg_scan_en,0,0.0,0.0,0.0,0.0,,0
x_aq_ifu_top/x_aq_ifu_ibuf/x_aq_ifu_ibuf_pop_entry1/x_ibuf_data_icg_cell/clk_out,0,0.0,0.0,0.0,0.0,,0
x_aq_ifu_top/x_aq_ifu_ibuf/x_aq_ifu_ibuf_pop_entry1/x_ibuf_data_icg_cell/clk_en_bf_latch,841,0.028006260614739084,4.358440368608799,2.201688560131877,0.0035671819262782403,0.3050629056757204,1
x_aq_ifu_top/x_aq_ifu_ibuf/x_aq_ifu_ibuf_pop_entry1/x_ibuf_data_icg_cell/SE,0,0.0,0.0,0.0,0.0,,0
x_aq_ifu_top/x_aq_ifu_icache/biu_ifu_arready,45,0.0014985514003130306,4.655062444444445,2.3515287267551432,0.08888888888888889,-0.01850075771209511,1
x_aq_ifu_top/x_aq_ifu_icache/biu_ifu_rdata[127:0],1668,0.05554630523826967,10.94475304556355,5.528798270923105,0.3890887290167866,,77
x_aq_ifu_top/x_aq_ifu_icache/biu_ifu_rid,205,0.006826734156981584,9.42464336585366,4.760907050919724,0.5219512195121951,0.6409632841251613,1
x_aq_ifu_top/x_aq_ifu_icache/biu_ifu_rlast,451,0.015018815145359486,8.289513170731707,4.1874901968403355,0.4878048780487805,-0.2644822932565822,1
x_aq_ifu_top/x_aq_ifu_icache/biu_ifu_rresp[1:0],0,0.0,0.0,0.0,0.0,,0
x_aq_ifu_top/x_aq_ifu_icache/biu_ifu_rvalid,0,0.0,0.0,0.0,0.0,,0
x_aq_ifu_top/x_aq_ifu_icache/cp0_ifu_icache_en,1,3.330114222917846e-05,10.639999999999999,5.374850703138257,0.0,-0.02432614765315013,1
x_aq_ifu_top/x_aq_ifu_icache/cp0_ifu_icache_inv_addr[63:0],30,0.0009990342668753538,6.918800000000001,3.495067391435431,0.03333333333333333,0.017220169513982964,63
x_aq_ifu_top/x_aq_ifu_icache/cp0_ifu_icache_inv_req,4,0.00013320456891671384,0.7617500000000004,0.3848019288642453,0.0,0.07042007133348116,1
x_aq_ifu_top/x_aq_ifu_icache/cp0_ifu_icache_inv_type[1:0],0,0.0,0.0,0.0,0.0,,0
x_aq_ifu_top/x_aq_ifu_icache/cp0_ifu_icache_pref_en,1,3.330114222917846e-05,10.967999999999996,5.540541589475601,0.0,-0.0269791252778669,1
x_aq_ifu_top/x_aq_ifu_icache/cp0_ifu_icache_read_index[13:0],0,0.0,0.0,0.0,0.0,,0
x_aq_ifu_top/x_aq_ifu_icache/cp0_ifu_icache_read_req,0,0.0,0.0,0.0,0.0,,0
x_aq_ifu_top/x_aq_ifu_icache/cp0_ifu_icache_read_tag,1,3.330114222917846e-05,21.131999999999998,10.6749384453682,1.0,-0.05631263816658485,1
x_aq_ifu_top/x_aq_ifu_icache/cp0_ifu_icache_read_way,0,0.0,0.0,0.0,0.0,,0
x_aq_ifu_top/x_aq_ifu_icache/cp0_ifu_icg_en,0,0.0,0.0,0.0,0.0,,0
x_aq_ifu_top/x_aq_ifu_icache/cp0_ifu_iwpe,0,0.0,0.0,0.0,0.0,,0
x_aq_ifu_top/x_aq_ifu_icache/cp0_ifu_lpmd_req,0,0.0,0.0,0.0,0.0,,0
x_aq_ifu_top/x_aq_ifu_icache/cp0_yy_clk_en,1,3.330114222917846e-05,21.131999999999998,10.6749384453682,1.0,-0.05631263816658485,1
x_aq_ifu_top/x_aq_ifu_icache/cpurst_b,3,9.990342668753538e-05,11.372333333333332,5.74479265159674,0.3333333333333333,-0.0038230699005505813,1
x_aq_ifu_top/x_aq_ifu_icache/ctrl_icache_abort,602,0.020047287621965434,4.608699401993356,2.328108197495945,0.016611295681063124,0.2005807481934781,1
x_aq_ifu_top/x_aq_ifu_icache/ctrl_icache_req_vld,203,0.006760131872523227,6.8344236453201965,3.452444242067105,0.019704433497536946,0.05860944180405384,1
x_aq_ifu_top/x_aq_ifu_icache/forever_cpuclk,0,0.0,0.0,0.0,0.0,,0
x_aq_ifu_top/x_aq_ifu_icache/hpcp_ifu_cnt_en,1,3.330114222917846e-05,21.131999999999998,10.6749384453682,1.0,-0.05631263816658485,1
x_aq_ifu_top/x_aq_ifu_icache/icache_btb_grant,215,0.007159745579273369,6.936372093023256,3.503944024569045,0.14883720930232558,0.5225726873644304,1
x_aq_ifu_top/x_aq_ifu_icache/icache_ctrl_stall,410,0.013653468313963168,8.371229146341463,4.228769442043693,0.08292682926829269,-0.7474302874992265,1
x_aq_ifu_top/x_aq_ifu_icache/icache_ipack_acc_err,0,0.0,0.0,0.0,0.0,,0
x_aq_ifu_top/x_aq_ifu_icache/icache_ipack_inst[31:0],4187,0.13943188251357022,5.754792545975639,2.907063041555636,0.10747551946501074,-0.054254953761585054,24
x_aq_ifu_top/x_aq_ifu_icache/icache_ipack_inst_vld,389,0.012954144327150422,5.674730077120823,2.866619073790665,0.007712082262210797,0.7099346047884483,1
x_aq_ifu_top/x_aq_ifu_icache/icache_ipack_inst_vld_gate,403,0.01342036031835892,5.696339106699751,2.877534986180368,0.007444168734491315,0.7187806921234715,1
x_aq_ifu_top/x_aq_ifu_icache/icache_ipack_pgflt,0,0.0,0.0,0.0,0.0,,0
x_aq_ifu_top/x_aq_ifu_icache/icache_ipack_unalign,18,0.0005994205601252123,5.299333333333334,2.6769854786494998,0.0,-0.032539503263665774,1
x_aq_ifu_top/x_aq_ifu_icache/icache_pcgen_addr[39:0],3895,0.12970794898265012,4.321792297817716,2.1831755987540467,0.009242618741976894,-0.02655466024353408,13
x_aq_ifu_top/x_aq_ifu_icache/icache_pcgen_grant,403,0.01342036031835892,6.847178660049629,3.4588875033346826,0.08188585607940446,0.7151385595092005,1
x_aq_ifu_top/x_aq_ifu_icache/icache_pcgen_grant_gate,215,0.007159745579273369,6.936372093023256,3.503944024569045,0.14883720930232558,0.5225726873644304,1
x_aq_ifu_top/x_aq_ifu_icache/icache_pcgen_inst_vld,389,0.012954144327150422,5.674730077120823,2.866619073790665,0.007712082262210797,0.7099346047884483,1
x_aq_ifu_top/x_aq_ifu_icache/icache_pcgen_inst_vld_gate,403,0.01342036031835892,5.696339106699751,2.877534986180368,0.007444168734491315,0.7187806921234715,1
x_aq_ifu_top/x_aq_ifu_icache/icache_pred_inst_vld,389,0.012954144327150422,5.674730077120823,2.866619073790665,0.007712082262210797,0.7099346047884483,1
x_aq_ifu_top/x_aq_ifu_icache/icache_pred_inst_vld_gate,403,0.01342036031835892,5.696339106699751,2.877534986180368,0.007444168734491315,0.7187806921234715,1
x_aq_ifu_top/x_aq_ifu_icache/icache_top_abort,32,0.0010656365513337107,11.822765,5.9723305238053,0.40625,0.06322022705578262,1
x_aq_ifu_top/x_aq_ifu_icache/icache_top_inv_st[1:0],8,0.00026640913783342767,3.407625,1.721379288278337,0.0,0.07114004768561606,2
x_aq_ifu_top/x_aq_ifu_icache/icache_top_rd_vld,403,0.01342036031835892,5.696339106699751,2.877534986180368,0.007444168734491315,0.7187806921234715,1
x_aq_ifu_top/x_aq_ifu_icache/icache_top_ref_st[1:0],538,0.017916014519298012,11.756870557620818,5.9390436074561785,0.3996282527881041,0.2102272122957603,2
x_aq_ifu_top/x_aq_ifu_icache/ifu_biu_araddr[39:0],424,0.014119684305171668,6.430855754716981,3.2485798472764356,0.14386792452830188,-0.027332244553542596,8
x_aq_ifu_top/x_aq_ifu_icache/ifu_biu_arburst[1:0],2,6.660228445835692e-05,13.148,6.641779797449419,0.5,-0.027681800593404002,2
x_aq_ifu_top/x_aq_ifu_icache/ifu_biu_arcache[3:0],2,6.660228445835692e-05,1.0348299999999995,0.5227496948429099,0.0,-0.013908974539055865,3
x_aq_ifu_top/x_aq_ifu_icache/ifu_biu_arid,291,0.009690632388690931,4.459427010309279,2.252702481386707,0.006872852233676976,-0.07514783201789577,1
x_aq_ifu_top/x_aq_ifu_icache/ifu_biu_arlen[1:0],2,6.660228445835692e-05,9.16366,4.629069961872174,0.0,-0.024148830056868582,1
x_aq_ifu_top/x_aq_ifu_icache/ifu_biu_arprot[2:0],0,0.0,0.0,0.0,0.0,,0
x_aq_ifu_top/x_aq_ifu_icache/ifu_biu_arsize[2:0],0,0.0,0.0,0.0,0.0,,0
x_aq_ifu_top/x_aq_ifu_icache/ifu_biu_arvalid,0,0.0,0.0,0.0,0.0,,0
x_aq_ifu_top/x_aq_ifu_icache/ifu_cp0_icache_inv_done,0,0.0,0.0,0.0,0.0,,0
x_aq_ifu_top/x_aq_ifu_icache/ifu_cp0_icache_read_data[127:0],662,0.02204535615571614,11.547849003021149,5.833455294513407,0.40634441087613293,-0.03794603782601366,3
x_aq_ifu_top/x_aq_ifu_icache/ifu_cp0_icache_read_data_vld,0,0.0,0.0,0.0,0.0,,0
x_aq_ifu_top/x_aq_ifu_icache/ifu_hpcp_icache_access,399,0.013287155749442206,5.505283909774437,2.781022471186736,0.007518796992481203,0.7026811838050291,1
x_aq_ifu_top/x_aq_ifu_icache/ifu_hpcp_icache_miss,0,0.0,0.0,0.0,0.0,,0
x_aq_ifu_top/x_aq_ifu_icache/ifu_mmu_abort,602,0.020047287621965434,4.608699401993356,2.328108197495945,0.016611295681063124,0.2005807481934781,1
x_aq_ifu_top/x_aq_ifu_icache/ifu_mmu_va[51:0],7,0.00023310799560424922,8.116,4.099839126566739,0.0,-0.023923152147439414,2
x_aq_ifu_top/x_aq_ifu_icache/ifu_mmu_va_vld,403,0.01342036031835892,5.696339106699751,2.877534986180368,0.007444168734491315,0.7187806921234715,1
x_aq_ifu_top/x_aq_ifu_icache/ifu_yy_xx_no_op,293,0.00975723467314929,6.731931740614335,3.4006699294661384,0.10921501706484642,0.5383147661973074,1
x_aq_ifu_top/x_aq_ifu_icache/mmu_ifu_access_fault,0,0.0,0.0,0.0,0.0,,0
x_aq_ifu_top/x_aq_ifu_icache/mmu_ifu_pa[27:0],14,0.00046621599120849844,4.505549285714286,2.276001385934728,0.0,-0.023478818483787692,2
x_aq_ifu_top/x_aq_ifu_icache/mmu_ifu_pa_vld,399,0.013287155749442206,5.751253132832081,2.9052750888090806,0.007518796992481203,0.7231952930392181,1
x_aq_ifu_top/x_aq_ifu_icache/mmu_ifu_prot[4:0],19,0.0006327217023543907,5.950966842105263,3.006161495831009,0.05263157894736842,-0.014785975441182436,2
x_aq_ifu_top/x_aq_ifu_icache/pad_yy_icg_scan_en,0,0.0,0.0,0.0,0.0,,0
x_aq_ifu_top/x_aq_ifu_icache/pcgen_icache_chgflw_vld,602,0.020047287621965434,4.604767508305648,2.3261219811846634,0.016611295681063124,0.201381497013036,1
x_aq_ifu_top/x_aq_ifu_icache/pcgen_icache_seq_tag[33:0],260,0.0086582969795864,4.238365384615384,2.141032064629403,0.0038461538461538464,-0.02759509730802672,8
x_aq_ifu_top/x_aq_ifu_icache/pcgen_icache_va[63:0],4211,0.1402311099270705,4.06136151982902,2.051617652307488,0.01139871764426502,-0.026169788903621163,12
x_aq_ifu_top/x_aq_ifu_icache/addr_equal,2,6.660228445835692e-05,1.8204999999999993,0.9196349346863906,0.0,0.008217820415958985,1
x_aq_ifu_top/x_aq_ifu_icache/als_cnt_max[8:0],0,0.0,0.0,0.0,0.0,,0
x_aq_ifu_top/x_aq_ifu_icache/biu_icache_grant,45,0.0014985514003130306,4.655062444444445,2.3515287267551432,0.08888888888888889,-0.01850075771209511,1
x_aq_ifu_top/x_aq_ifu_icache/biu_icache_pf_cmplt,0,0.0,0.0,0.0,0.0,,0
x_aq_ifu_top/x_aq_ifu_icache/biu_icache_pf_err,0,0.0,0.0,0.0,0.0,,0
x_aq_ifu_top/x_aq_ifu_icache/biu_icache_pf_vld,0,0.0,0.0,0.0,0.0,,0
x_aq_ifu_top/x_aq_ifu_icache/biu_icache_ref_cmplt,0,0.0,0.0,0.0,0.0,,0
x_aq_ifu_top/x_aq_ifu_icache/biu_icache_ref_err,0,0.0,0.0,0.0,0.0,,0
x_aq_ifu_top/x_aq_ifu_icache/biu_icache_ref_vld,0,0.0,0.0,0.0,0.0,,0
x_aq_ifu_top/x_aq_ifu_icache/buf_clr_en,0,0.0,0.0,0.0,0.0,,0
x_aq_ifu_top/x_aq_ifu_icache/buf_hit_upd,389,0.012954144327150422,5.674730077120823,2.866619073790665,0.007712082262210797,0.7099346047884483,1
x_aq_ifu_top/x_aq_ifu_icache/buf_rfl_upd,0,0.0,0.0,0.0,0.0,,0
x_aq_ifu_top/x_aq_ifu_icache/buf_upd_en,0,0.0,0.0,0.0,0.0,,0
x_aq_ifu_top/x_aq_ifu_icache/cen_mask_vld,0,0.0,0.0,0.0,0.0,,0
x_aq_ifu_top/x_aq_ifu_icache/data_cen_masked[1:0],483,0.016084451696693196,6.700674948240167,3.384880400098644,0.06832298136645963,0.7326151169641566,1
x_aq_ifu_top/x_aq_ifu_icache/hit_clk,0,0.0,0.0,0.0,0.0,,0
x_aq_ifu_top/x_aq_ifu_icache/hit_tag[33:0],232,0.007725864997169403,4.048538793103448,2.0451401859769347,0.004310344827586207,-0.028247970902789982,8
x_aq_ifu_top/x_aq_ifu_icache/hit_way,0,0.0,0.0,0.0,0.0,,0
x_aq_ifu_top/x_aq_ifu_icache/icache_bypass_inst[31:0],1649,0.05491358353591528,10.681934008489995,5.396033883121139,0.37295330503335355,0.0513275100838932,32
x_aq_ifu_top/x_aq_ifu_icache/icache_bypass_vld,0,0.0,0.0,0.0,0.0,,0
x_aq_ifu_top/x_aq_ifu_icache/icache_cmp_pa[27:0],14,0.00046621599120849844,4.505549285714286,2.276001385934728,0.0,-0.023478818483787692,2
x_aq_ifu_top/x_aq_ifu_icache/icache_data0_dout[31:0],4879,0.1624762729361617,6.661068489444559,3.3648729938104496,0.12830498052879688,-0.1306708089725253,25
x_aq_ifu_top/x_aq_ifu_icache/icache_data1_dout[31:0],4974,0.16563988144793365,6.704180522718135,3.3866512590693025,0.12303980699638119,-0.08838564504876205,25
x_aq_ifu_top/x_aq_ifu_icache/icache_data2_dout[31:0],4671,0.15554963535249258,6.7651496553200605,3.417450129862084,0.13166345536287732,-0.12173547852579142,25
x_aq_ifu_top/x_aq_ifu_icache/icache_data3_dout[31:0],4785,0.15934596556661892,6.723945696969698,3.3966357384606245,0.12831765935214212,-0.08577374345628644,26
x_aq_ifu_top/x_aq_ifu_icache/icache_data_10[31:0],4972,0.1655732791634753,6.625105824617861,3.346706268779387,0.1255028157683025,-0.1455018833856891,25
x_aq_ifu_top/x_aq_ifu_icache/icache_data_32[31:0],4767,0.1587465450064937,6.734904140969163,3.4021714527872997,0.12922173274596183,-0.09887283262079169,25
x_aq_ifu_top/x_aq_ifu_icache/icache_data_din[127:0],1668,0.05554630523826967,10.94475304556355,5.528798270923105,0.3890887290167866,,77
x_aq_ifu_top/x_aq_ifu_icache/icache_data_idx[13:0],3212,0.10696326884012122,6.303266566002492,3.1841275126265383,0.13262764632627647,-0.025830652294566735,11
x_aq_ifu_top/x_aq_ifu_icache/icache_data_ren[1:0],896,0.0298378234373439,7.517132812500001,3.7973182878617764,0.08370535714285714,0.7675102922524369,1
x_aq_ifu_top/x_aq_ifu_icache/icache_data_wen[1:0],0,0.0,0.0,0.0,0.0,,0
x_aq_ifu_top/x_aq_ifu_icache/icache_deny,0,0.0,0.0,0.0,0.0,,0
x_aq_ifu_top/x_aq_ifu_icache/icache_hit,411,0.013686769456192347,11.541564574209247,5.830280682989114,0.36982968369829683,-0.3036409156952992,1
x_aq_ifu_top/x_aq_ifu_icache/icache_hit0,411,0.013686769456192347,11.541564574209247,5.830280682989114,0.36982968369829683,-0.3036409156952992,1
x_aq_ifu_top/x_aq_ifu_icache/icache_hit1,0,0.0,0.0,0.0,0.0,,0
x_aq_ifu_top/x_aq_ifu_icache/icache_hit_inst[31:0],3909,0.1301741649738586,5.607441043745204,2.8326276726297213,0.08135072908672294,-0.06041953706826567,24
x_aq_ifu_top/x_aq_ifu_icache/icache_hit_vld,389,0.012954144327150422,5.674730077120823,2.866619073790665,0.007712082262210797,0.7099346047884483,1
x_aq_ifu_top/x_aq_ifu_icache/icache_inv_clk,0,0.0,0.0,0.0,0.0,,0
x_aq_ifu_top/x_aq_ifu_icache/icache_inv_din[58:0],0,0.0,0.0,0.0,0.0,,0
x_aq_ifu_top/x_aq_ifu_icache/icache_inv_done,0,0.0,0.0,0.0,0.0,,0
x_aq_ifu_top/x_aq_ifu_icache/icache_inv_err,0,0.0,0.0,0.0,0.0,,0
x_aq_ifu_top/x_aq_ifu_icache/icache_inv_icg_en,4,0.00013320456891671384,0.7617500000000004,0.3848019288642453,0.0,0.07042007133348116,1
x_aq_ifu_top/x_aq_ifu_icache/icache_inv_idx[8:0],258,0.008591694695128042,2.1333798449612402,1.0776877969690706,0.0,0.06145733394634094,7
x_aq_ifu_top/x_aq_ifu_icache/icache_inv_idx_high[2:0],268,0.008924706117419828,2.4181417910447762,1.2215367580719005,0.0037313432835820895,0.06506120317695245,2
x_aq_ifu_top/x_aq_ifu_icache/icache_inv_pa_idx[8:0],534,0.017782809950381298,2.306782771535581,1.1652831768397778,0.0018726591760299626,0.06831394932105916,3
x_aq_ifu_top/x_aq_ifu_icache/icache_inv_req,4,0.00013320456891671384,2.3777500000000007,1.201132637160432,0.0,0.07111076069022915,1
x_aq_ifu_top/x_aq_ifu_icache/icache_inv_wen[2:0],8,0.00026640913783342767,3.407625,1.721379288278337,0.0,0.07113267665067398,2
x_aq_ifu_top/x_aq_ifu_icache/icache_inv_wt,4,0.00013320456891671384,2.3777500000000007,1.201132637160432,0.0,0.07111076069022915,1
x_aq_ifu_top/x_aq_ifu_icache/icache_miss_addr[39:0],3901,0.12990775583602518,4.31615843373494,2.180329623347403,0.009228402973596514,-0.026110364595142058,11
x_aq_ifu_top/x_aq_ifu_icache/icache_miss_prot[4:0],19,0.0006327217023543907,5.950966842105263,3.006161495831009,0.05263157894736842,-0.014785975441182436,2
x_aq_ifu_top/x_aq_ifu_icache/icache_miss_req,0,0.0,0.0,0.0,0.0,,0
x_aq_ifu_top/x_aq_ifu_icache/icache_pa[39:0],3901,0.12990775583602518,4.31615843373494,2.180329623347403,0.009228402973596514,-0.026110364595142058,11
x_aq_ifu_top/x_aq_ifu_icache/icache_pa_vld,399,0.013287155749442206,5.751253132832081,2.9052750888090806,0.007518796992481203,0.7231952930392181,1
x_aq_ifu_top/x_aq_ifu_icache/icache_prot[4:0],19,0.0006327217023543907,5.950966842105263,3.006161495831009,0.05263157894736842,-0.014785975441182436,2
x_aq_ifu_top/x_aq_ifu_icache/icache_rd_cen,483,0.016084451696693196,6.700674948240167,3.384880400098644,0.06832298136645963,0.7326151169641566,1
x_aq_ifu_top/x_aq_ifu_icache/icache_rd_clk,0,0.0,0.0,0.0,0.0,,0
x_aq_ifu_top/x_aq_ifu_icache/icache_rd_data_idx[13:0],2298,0.0765260248426521,4.537801309834638,2.292293661735565,0.015665796344647518,-0.026158565625805975,11
x_aq_ifu_top/x_aq_ifu_icache/icache_rd_icg_en,485,0.016151053981151554,6.760991752577319,3.4153497439146774,0.06804123711340206,0.7330846853203824,1
x_aq_ifu_top/x_aq_ifu_icache/icache_rd_req,485,0.016151053981151554,6.760991752577319,3.4153497439146774,0.06804123711340206,0.7330846853203824,1
x_aq_ifu_top/x_aq_ifu_icache/icache_rd_tag_idx[8:0],320,0.010656365513337108,5.03340540625,2.542650619075444,0.00625,-0.02760582338312589,8
x_aq_ifu_top/x_aq_ifu_icache/icache_refdp_clk,0,0.0,0.0,0.0,0.0,,0
x_aq_ifu_top/x_aq_ifu_icache/icache_refdp_icg_en,403,0.01342036031835892,5.696339106699751,2.877534986180368,0.007444168734491315,0.7187806921234715,1
x_aq_ifu_top/x_aq_ifu_icache/icache_reffsm_clk,0,0.0,0.0,0.0,0.0,,0
x_aq_ifu_top/x_aq_ifu_icache/icache_reffsm_icg_en,389,0.012954144327150422,5.972066118251929,3.016819903653623,0.09768637532133675,-0.012298221880275134,1
x_aq_ifu_top/x_aq_ifu_icache/icache_refill_ba,1,3.330114222917846e-05,0.39599999999999946,0.20004143594386722,0.0,-0.013871696209576363,1
x_aq_ifu_top/x_aq_ifu_icache/icache_refill_ca,1,3.330114222917846e-05,13.16332,6.649518774213712,0.0,-0.02429830038509912,1
x_aq_ifu_top/x_aq_ifu_icache/icache_refill_supv,0,0.0,0.0,0.0,0.0,,0
x_aq_ifu_top/x_aq_ifu_icache/icache_req,0,0.0,0.0,0.0,0.0,,0
x_aq_ifu_top/x_aq_ifu_icache/icache_stall,10,0.00033301142229178463,6.111771,3.087392542929513,0.0,-0.014438882630984378,1
x_aq_ifu_top/x_aq_ifu_icache/icache_tag_cen,485,0.016151053981151554,7.597175257731959,3.8377521405907142,0.08247422680412371,0.7456254967602793,1
x_aq_ifu_top/x_aq_ifu_icache/icache_tag_din[58:0],421,0.014019780878484132,11.741812446555821,5.931436925233845,0.37767220902612825,-0.026894050246134744,3
x_aq_ifu_top/x_aq_ifu_icache/icache_tag_dout[58:0],1028,0.03423357421159546,12.110460155642023,6.117661210797029,0.4455252918287938,-0.06457125660767227,6
x_aq_ifu_top/x_aq_ifu_icache/icache_tag_fifo,211,0.0070265410103566555,8.673990521327013,4.381710907196342,0.3459715639810427,-0.09235985210542956,1
x_aq_ifu_top/x_aq_ifu_icache/icache_tag_idx[8:0],686,0.022844583569216426,4.84135889212828,2.4456373351034157,0.06559766763848396,-0.010586328616495944,8
x_aq_ifu_top/x_aq_ifu_icache/icache_tag_way0_dout[27:0],274,0.009124512970794899,9.389799270072993,4.743305376793132,0.354014598540146,-0.03894293954490388,2
x_aq_ifu_top/x_aq_ifu_icache/icache_tag_way0_vld,411,0.013686769456192347,11.541564574209247,5.830280682989114,0.36982968369829683,-0.3036409156952992,1
x_aq_ifu_top/x_aq_ifu_icache/icache_tag_way1_dout[27:0],0,0.0,0.0,0.0,0.0,,0
x_aq_ifu_top/x_aq_ifu_icache/icache_tag_way1_vld,0,0.0,0.0,0.0,0.0,,0
x_aq_ifu_top/x_aq_ifu_icache/icache_tag_wen[2:0],414,0.013786672882879884,8.854757874396133,4.47302646497341,0.5700483091787439,0.12098242256240019,2
x_aq_ifu_top/x_aq_ifu_icache/icache_va[63:0],4412,0.14692463951513537,4.263251978694471,2.153603655577213,0.011106074342701723,-0.02616100748958492,12
x_aq_ifu_top/x_aq_ifu_icache/icache_way0_hit,411,0.013686769456192347,11.541564574209247,5.830280682989114,0.36982968369829683,-0.3036409156952992,1
x_aq_ifu_top/x_aq_ifu_icache/icache_way0_inst[31:0],4843,0.16127743181591128,6.749065670039232,3.409325222005324,0.12781333883956225,0.01289113719073278,25
x_aq_ifu_top/x_aq_ifu_icache/icache_way1_hit,0,0.0,0.0,0.0,0.0,,0
x_aq_ifu_top/x_aq_ifu_icache/icache_way1_inst[31:0],1640,0.05461387325585267,11.881951317073172,6.00222879616779,0.3774390243902439,-0.25560556127007794,24
x_aq_ifu_top/x_aq_ifu_icache/icache_wr_data_cen,0,0.0,0.0,0.0,0.0,,0
x_aq_ifu_top/x_aq_ifu_icache/icache_wr_data_din[127:0],1668,0.05554630523826967,10.94475304556355,5.528798270923105,0.3890887290167866,,77
x_aq_ifu_top/x_aq_ifu_icache/icache_wr_data_idx[13:0],2663,0.08868094175630224,9.44651527975967,4.771955760678812,0.2786331205407435,-0.026457648646227655,9
x_aq_ifu_top/x_aq_ifu_icache/icache_wr_tag_cen,4,0.00013320456891671384,2.3777500000000007,1.201132637160432,0.0,0.07111076069022915,1
x_aq_ifu_top/x_aq_ifu_icache/icache_wr_tag_din[58:0],421,0.014019780878484132,11.741812446555821,5.931436925233845,0.37767220902612825,-0.026894050246134744,3
x_aq_ifu_top/x_aq_ifu_icache/icache_wr_tag_idx[8:0],699,0.023277498418195743,5.057834163090129,2.554990931188128,0.15593705293276108,-0.00947460538981958,7
x_aq_ifu_top/x_aq_ifu_icache/icache_wr_tag_wen[2:0],414,0.013786672882879884,8.854757874396133,4.47302646497341,0.5700483091787439,0.12098242256240019,2
x_aq_ifu_top/x_aq_ifu_icache/inv_cnt_en,4,0.00013320456891671384,2.3777500000000007,1.201132637160432,0.0,0.07111076069022915,1
x_aq_ifu_top/x_aq_ifu_icache/inv_cnt_max[8:0],0,0.0,0.0,0.0,0.0,,0
x_aq_ifu_top/x_aq_ifu_icache/inv_fsm_flop,0,0.0,0.0,0.0,0.0,,0
x_aq_ifu_top/x_aq_ifu_icache/inv_fsm_idle,5,0.00016650571114589232,9.7456,4.92303994478423,0.2,-0.0774091781334348,1
x_aq_ifu_top/x_aq_ifu_icache/inv_fsm_read,0,0.0,0.0,0.0,0.0,,0
x_aq_ifu_top/x_aq_ifu_icache/inv_fsm_write,4,0.00013320456891671384,2.3777500000000007,1.201132637160432,0.0,0.07111076069022915,1
x_aq_ifu_top/x_aq_ifu_icache/inv_idx_alias,0,0.0,0.0,0.0,0.0,,0
x_aq_ifu_top/x_aq_ifu_icache/inv_type_addr,0,0.0,0.0,0.0,0.0,,0
x_aq_ifu_top/x_aq_ifu_icache/inv_type_pa,0,0.0,0.0,0.0,0.0,,0
x_aq_ifu_top/x_aq_ifu_icache/inv_type_va,0,0.0,0.0,0.0,0.0,,0
x_aq_ifu_top/x_aq_ifu_icache/inv_way_sel[1:0],1,3.330114222917846e-05,21.131999999999998,10.6749384453682,1.0,-0.05631263816658578,2
x_aq_ifu_top/x_aq_ifu_icache/iop_inv_rd_addr[63:0],30,0.0009990342668753538,6.918800000000001,3.495067391435431,0.03333333333333333,0.017220169513982964,63
x_aq_ifu_top/x_aq_ifu_icache/iop_inv_req,4,0.00013320456891671384,0.7617500000000004,0.3848019288642453,0.0,0.07042007133348116,1
x_aq_ifu_top/x_aq_ifu_icache/iop_inv_sel,0,0.0,0.0,0.0,0.0,,0
x_aq_ifu_top/x_aq_ifu_icache/iop_rd_data,0,0.0,0.0,0.0,0.0,,0
x_aq_ifu_top/x_aq_ifu_icache/iop_rd_data_out[127:0],5439,0.18112491258450164,6.677268247839677,3.373056385051114,0.11858797573083288,,83
x_aq_ifu_top/x_aq_ifu_icache/iop_rd_idx[13:0],0,0.0,0.0,0.0,0.0,,0
x_aq_ifu_top/x_aq_ifu_icache/iop_rd_req,0,0.0,0.0,0.0,0.0,,0
x_aq_ifu_top/x_aq_ifu_icache/iop_rd_rslt[127:0],662,0.02204535615571614,11.547849003021149,5.833455294513407,0.40634441087613293,-0.03794603782601366,3
x_aq_ifu_top/x_aq_ifu_icache/iop_rd_tag,1,3.330114222917846e-05,21.131999999999998,10.6749384453682,1.0,-0.05631263816658485,1
x_aq_ifu_top/x_aq_ifu_icache/iop_rd_tag_out[127:0],662,0.02204535615571614,11.547849003021149,5.833455294513407,0.40634441087613293,-0.03794603782601366,3
x_aq_ifu_top/x_aq_ifu_icache/iop_rd_way,0,0.0,0.0,0.0,0.0,,0
x_aq_ifu_top/x_aq_ifu_icache/pf_biu_req,0,0.0,0.0,0.0,0.0,,0
x_aq_ifu_top/x_aq_ifu_icache/pf_chk_addr[63:0],445,0.014819008291984416,4.247238202247191,2.1455142140736827,0.008988764044943821,-0.028317278310817415,7
x_aq_ifu_top/x_aq_ifu_icache/pf_chk_pass,442,0.01471910486529688,10.917864705882353,5.51521548789287,0.3914027149321267,0.19436752526033363,1
x_aq_ifu_top/x_aq_ifu_icache/pf_chk_req,0,0.0,0.0,0.0,0.0,,0
x_aq_ifu_top/x_aq_ifu_icache/pf_chk_vld,0,0.0,0.0,0.0,0.0,,0
x_aq_ifu_top/x_aq_ifu_icache/pf_fsm_chk,0,0.0,0.0,0.0,0.0,,0
x_aq_ifu_top/x_aq_ifu_icache/pf_fsm_idle,203,0.006760131872523227,9.159970443349753,4.6272061633612855,0.15270935960591134,0.538514301510926,1
x_aq_ifu_top/x_aq_ifu_icache/pf_fsm_req,0,0.0,0.0,0.0,0.0,,0
x_aq_ifu_top/x_aq_ifu_icache/pf_fsm_wfc0,200,0.006660228445835692,9.86571355,4.983715922103209,0.555,-0.6207811979676187,1
x_aq_ifu_top/x_aq_ifu_icache/pf_fsm_wfc3,200,0.006660228445835692,12.162135,6.1437650240989115,0.365,0.043724127429022076,1
x_aq_ifu_top/x_aq_ifu_icache/pf_icache_addr[39:0],1416,0.0471544173965167,9.115124237288136,4.604551871802698,0.2309322033898305,-0.025575504580034596,8
x_aq_ifu_top/x_aq_ifu_icache/pf_icache_data[127:0],1668,0.05554630523826967,10.94475304556355,5.528798270923105,0.3890887290167866,,77
x_aq_ifu_top/x_aq_ifu_icache/pf_icache_done,0,0.0,0.0,0.0,0.0,,0
x_aq_ifu_top/x_aq_ifu_icache/pf_icache_fifo,0,0.0,0.0,0.0,0.0,,0
x_aq_ifu_top/x_aq_ifu_icache/pf_icache_init,0,0.0,0.0,0.0,0.0,,0
x_aq_ifu_top/x_aq_ifu_icache/pf_icache_req,0,0.0,0.0,0.0,0.0,,0
x_aq_ifu_top/x_aq_ifu_icache/pf_req_addr[39:0],213,0.007093143294815012,6.590567887323942,3.3292592521864206,0.014084507042253521,-0.0258419159215375,8
x_aq_ifu_top/x_aq_ifu_icache/pf_req_va[39:0],445,0.014819008291984416,4.247238202247191,2.1455142140736827,0.008988764044943821,-0.028317278310817415,7
x_aq_ifu_top/x_aq_ifu_icache/ref_fsm_idle,293,0.00975723467314929,9.678955767918088,4.889374268311902,0.24573378839590443,-0.21062503321032058,1
x_aq_ifu_top/x_aq_ifu_icache/ref_fsm_init,290,0.009657331246461754,8.807875862068965,4.449343775413145,0.2482758620689655,-0.022478759673004375,1
x_aq_ifu_top/x_aq_ifu_icache/ref_fsm_req,0,0.0,0.0,0.0,0.0,,0
x_aq_ifu_top/x_aq_ifu_icache/ref_fsm_wfc,206,0.0068600352992107625,13.383218446601942,6.7606016050724955,0.6990291262135923,0.1989296230774572,1
x_aq_ifu_top/x_aq_ifu_icache/ref_fsm_wfpa,10,0.00033301142229178463,0.6944659999999999,0.35081307033887343,0.0,-0.015779839066881088,1
x_aq_ifu_top/x_aq_ifu_icache/ref_rdy,215,0.007159745579273369,6.936372093023256,3.503944024569045,0.14883720930232558,0.5225726873644304,1
x_aq_ifu_top/x_aq_ifu_icache/refill_bank0_sel,27,0.0008991308401878185,6.593917037037038,3.3309510923828816,0.037037037037037035,-0.023183556772588865,1
x_aq_ifu_top/x_aq_ifu_icache/refill_bank1_sel,26,0.00086582969795864,6.491776923076922,3.2793544886857813,0.0,0.010374624940934997,1
x_aq_ifu_top/x_aq_ifu_icache/refill_bank2_sel,18,0.0005994205601252123,5.381906666666667,2.718697822514832,0.0,0.004299648782053336,1
x_aq_ifu_top/x_aq_ifu_icache/refill_bank3_sel,18,0.0005994205601252123,6.5868688888888896,3.327390684109395,0.0,-0.0036923869005294303,1
x_aq_ifu_top/x_aq_ifu_icache/refill_icache_addr[39:0],1048,0.034899597056179024,11.51836145038168,5.818559505694039,0.35877862595419846,-0.02705191778654874,8
x_aq_ifu_top/x_aq_ifu_icache/refill_icache_data[127:0],1668,0.05554630523826967,10.94475304556355,5.528798270923105,0.3890887290167866,,77
x_aq_ifu_top/x_aq_ifu_icache/refill_icache_done,0,0.0,0.0,0.0,0.0,,0
x_aq_ifu_top/x_aq_ifu_icache/refill_icache_fifo,0,0.0,0.0,0.0,0.0,,0
x_aq_ifu_top/x_aq_ifu_icache/refill_icache_init,0,0.0,0.0,0.0,0.0,,0
x_aq_ifu_top/x_aq_ifu_icache/refill_icache_req,0,0.0,0.0,0.0,0.0,,0
x_aq_ifu_top/x_aq_ifu_icache/refill_tag_din[58:0],413,0.013753371740650704,11.903249491525424,6.0129876784920615,0.38498789346246975,0.16358393107485783,3
x_aq_ifu_top/x_aq_ifu_icache/refill_tag_idx[8:0],441,0.014685803723067702,6.79149224489796,3.4307572244217885,0.2471655328798186,-0.0270625924960407,6
x_aq_ifu_top/x_aq_ifu_icache/refill_tag_wen[2:0],406,0.013520263745046454,8.962090541871921,4.527246113775285,0.5812807881773399,0.20881599144201976,1
x_aq_ifu_top/x_aq_ifu_icache/refill_tag_wr,0,0.0,0.0,0.0,0.0,,0
x_aq_ifu_top/x_aq_ifu_icache/tag_hit_clk_en,0,0.0,0.0,0.0,0.0,,0
x_aq_ifu_top/x_aq_ifu_icache/x_ifu_icache_rd_icg_cell/clk_in,0,0.0,0.0,0.0,0.0,,0
x_aq_ifu_top/x_aq_ifu_icache/x_ifu_icache_rd_icg_cell/global_en,1,3.330114222917846e-05,21.131999999999998,10.6749384453682,1.0,-0.05631263816658485,1
x_aq_ifu_top/x_aq_ifu_icache/x_ifu_icache_rd_icg_cell/module_en,0,0.0,0.0,0.0,0.0,,0
x_aq_ifu_top/x_aq_ifu_icache/x_ifu_icache_rd_icg_cell/local_en,485,0.016151053981151554,6.760991752577319,3.4153497439146774,0.06804123711340206,0.7330846853203824,1
x_aq_ifu_top/x_aq_ifu_icache/x_ifu_icache_rd_icg_cell/external_en,0,0.0,0.0,0.0,0.0,,0
x_aq_ifu_top/x_aq_ifu_icache/x_ifu_icache_rd_icg_cell/pad_yy_icg_scan_en,0,0.0,0.0,0.0,0.0,,0
x_aq_ifu_top/x_aq_ifu_icache/x_ifu_icache_rd_icg_cell/clk_out,0,0.0,0.0,0.0,0.0,,0
x_aq_ifu_top/x_aq_ifu_icache/x_ifu_icache_rd_icg_cell/clk_en_bf_latch,485,0.016151053981151554,6.760991752577319,3.4153497439146774,0.06804123711340206,0.7330846853203824,1
x_aq_ifu_top/x_aq_ifu_icache/x_ifu_icache_rd_icg_cell/SE,0,0.0,0.0,0.0,0.0,,0
x_aq_ifu_top/x_aq_ifu_icache/x_ifu_icache_refdp_icg_cell/clk_in,0,0.0,0.0,0.0,0.0,,0
x_aq_ifu_top/x_aq_ifu_icache/x_ifu_icache_refdp_icg_cell/global_en,1,3.330114222917846e-05,21.131999999999998,10.6749384453682,1.0,-0.05631263816658485,1
x_aq_ifu_top/x_aq_ifu_icache/x_ifu_icache_refdp_icg_cell/module_en,0,0.0,0.0,0.0,0.0,,0
x_aq_ifu_top/x_aq_ifu_icache/x_ifu_icache_refdp_icg_cell/local_en,403,0.01342036031835892,5.696339106699751,2.877534986180368,0.007444168734491315,0.7187806921234715,1
x_aq_ifu_top/x_aq_ifu_icache/x_ifu_icache_refdp_icg_cell/external_en,0,0.0,0.0,0.0,0.0,,0
x_aq_ifu_top/x_aq_ifu_icache/x_ifu_icache_refdp_icg_cell/pad_yy_icg_scan_en,0,0.0,0.0,0.0,0.0,,0
x_aq_ifu_top/x_aq_ifu_icache/x_ifu_icache_refdp_icg_cell/clk_out,0,0.0,0.0,0.0,0.0,,0
x_aq_ifu_top/x_aq_ifu_icache/x_ifu_icache_refdp_icg_cell/clk_en_bf_latch,403,0.01342036031835892,5.696339106699751,2.877534986180368,0.007444168734491315,0.7187806921234715,1
x_aq_ifu_top/x_aq_ifu_icache/x_ifu_icache_refdp_icg_cell/SE,0,0.0,0.0,0.0,0.0,,0
x_aq_ifu_top/x_aq_ifu_icache/x_ifu_icache_reffsm_icg_cell/clk_in,0,0.0,0.0,0.0,0.0,,0
x_aq_ifu_top/x_aq_ifu_icache/x_ifu_icache_reffsm_icg_cell/global_en,1,3.330114222917846e-05,21.131999999999998,10.6749384453682,1.0,-0.05631263816658485,1
x_aq_ifu_top/x_aq_ifu_icache/x_ifu_icache_reffsm_icg_cell/module_en,0,0.0,0.0,0.0,0.0,,0
x_aq_ifu_top/x_aq_ifu_icache/x_ifu_icache_reffsm_icg_cell/local_en,389,0.012954144327150422,5.972066118251929,3.016819903653623,0.09768637532133675,-0.012298221880275134,1
x_aq_ifu_top/x_aq_ifu_icache/x_ifu_icache_reffsm_icg_cell/external_en,0,0.0,0.0,0.0,0.0,,0
x_aq_ifu_top/x_aq_ifu_icache/x_ifu_icache_reffsm_icg_cell/pad_yy_icg_scan_en,0,0.0,0.0,0.0,0.0,,0
x_aq_ifu_top/x_aq_ifu_icache/x_ifu_icache_reffsm_icg_cell/clk_out,0,0.0,0.0,0.0,0.0,,0
x_aq_ifu_top/x_aq_ifu_icache/x_ifu_icache_reffsm_icg_cell/clk_en_bf_latch,389,0.012954144327150422,5.972066118251929,3.016819903653623,0.09768637532133675,-0.012298221880275134,1
x_aq_ifu_top/x_aq_ifu_icache/x_ifu_icache_reffsm_icg_cell/SE,0,0.0,0.0,0.0,0.0,,0
x_aq_ifu_top/x_aq_ifu_icache/x_ifu_icache_inv_icg_cell/clk_in,0,0.0,0.0,0.0,0.0,,0
x_aq_ifu_top/x_aq_ifu_icache/x_ifu_icache_inv_icg_cell/global_en,1,3.330114222917846e-05,21.131999999999998,10.6749384453682,1.0,-0.05631263816658485,1
x_aq_ifu_top/x_aq_ifu_icache/x_ifu_icache_inv_icg_cell/module_en,0,0.0,0.0,0.0,0.0,,0
x_aq_ifu_top/x_aq_ifu_icache/x_ifu_icache_inv_icg_cell/local_en,4,0.00013320456891671384,0.7617500000000004,0.3848019288642453,0.0,0.07042007133348116,1
x_aq_ifu_top/x_aq_ifu_icache/x_ifu_icache_inv_icg_cell/external_en,0,0.0,0.0,0.0,0.0,,0
x_aq_ifu_top/x_aq_ifu_icache/x_ifu_icache_inv_icg_cell/pad_yy_icg_scan_en,0,0.0,0.0,0.0,0.0,,0
x_aq_ifu_top/x_aq_ifu_icache/x_ifu_icache_inv_icg_cell/clk_out,0,0.0,0.0,0.0,0.0,,0
x_aq_ifu_top/x_aq_ifu_icache/x_ifu_icache_inv_icg_cell/clk_en_bf_latch,4,0.00013320456891671384,0.7617500000000004,0.3848019288642453,0.0,0.07042007133348116,1
x_aq_ifu_top/x_aq_ifu_icache/x_ifu_icache_inv_icg_cell/SE,0,0.0,0.0,0.0,0.0,,0
x_aq_ifu_top/x_aq_ifu_icache/x_gated_hit_clk_cell/clk_in,0,0.0,0.0,0.0,0.0,,0
x_aq_ifu_top/x_aq_ifu_icache/x_gated_hit_clk_cell/global_en,1,3.330114222917846e-05,21.131999999999998,10.6749384453682,1.0,-0.05631263816658485,1
x_aq_ifu_top/x_aq_ifu_icache/x_gated_hit_clk_cell/module_en,0,0.0,0.0,0.0,0.0,,0
x_aq_ifu_top/x_aq_ifu_icache/x_gated_hit_clk_cell/local_en,0,0.0,0.0,0.0,0.0,,0
x_aq_ifu_top/x_aq_ifu_icache/x_gated_hit_clk_cell/external_en,0,0.0,0.0,0.0,0.0,,0
x_aq_ifu_top/x_aq_ifu_icache/x_gated_hit_clk_cell/pad_yy_icg_scan_en,0,0.0,0.0,0.0,0.0,,0
x_aq_ifu_top/x_aq_ifu_icache/x_gated_hit_clk_cell/clk_out,0,0.0,0.0,0.0,0.0,,0
x_aq_ifu_top/x_aq_ifu_icache/x_gated_hit_clk_cell/clk_en_bf_latch,0,0.0,0.0,0.0,0.0,,0
x_aq_ifu_top/x_aq_ifu_icache/x_gated_hit_clk_cell/SE,0,0.0,0.0,0.0,0.0,,0
x_aq_ifu_top/x_aq_ifu_icache/x_aq_ifu_icache_tag_array/cp0_yy_clk_en,1,3.330114222917846e-05,21.131999999999998,10.6749384453682,1.0,-0.05631263816658485,1
x_aq_ifu_top/x_aq_ifu_icache/x_aq_ifu_icache_tag_array/forever_cpuclk,0,0.0,0.0,0.0,0.0,,0
x_aq_ifu_top/x_aq_ifu_icache/x_aq_ifu_icache_tag_array/icache_tag_cen,485,0.016151053981151554,7.597175257731959,3.8377521405907142,0.08247422680412371,0.7456254967602793,1
x_aq_ifu_top/x_aq_ifu_icache/x_aq_ifu_icache_tag_array/icache_tag_din[58:0],421,0.014019780878484132,11.741812446555821,5.931436925233845,0.37767220902612825,-0.026894050246134744,3
x_aq_ifu_top/x_aq_ifu_icache/x_aq_ifu_icache_tag_array/icache_tag_dout[58:0],1028,0.03423357421159546,12.110460155642023,6.117661210797029,0.4455252918287938,-0.06457125660767227,6
x_aq_ifu_top/x_aq_ifu_icache/x_aq_ifu_icache_tag_array/icache_tag_idx[8:0],686,0.022844583569216426,4.84135889212828,2.4456373351034157,0.06559766763848396,-0.010586328616495944,8
x_aq_ifu_top/x_aq_ifu_icache/x_aq_ifu_icache_tag_array/icache_tag_wen[2:0],414,0.013786672882879884,8.854757874396133,4.47302646497341,0.5700483091787439,0.12098242256240019,2
x_aq_ifu_top/x_aq_ifu_icache/x_aq_ifu_icache_tag_array/pad_yy_icg_scan_en,0,0.0,0.0,0.0,0.0,,0
x_aq_ifu_top/x_aq_ifu_icache/x_aq_ifu_icache_tag_array/icache_tag_bwen_b[58:0],618,0.02058010589763229,10.488308737864077,5.298223082184198,0.5436893203883495,-0.1219747747256379,59
x_aq_ifu_top/x_aq_ifu_icache/x_aq_ifu_icache_tag_array/icache_tag_cen_b,1022,0.03403376735822039,9.421259099804306,4.759197471525459,0.36203522504892366,-0.8185848319548995,1
x_aq_ifu_top/x_aq_ifu_icache/x_aq_ifu_icache_tag_array/icache_tag_clk,0,0.0,0.0,0.0,0.0,,0
x_aq_ifu_top/x_aq_ifu_icache/x_aq_ifu_icache_tag_array/icache_tag_gwen_b,411,0.013686769456192347,9.172230656934307,4.63339947328662,0.51338199513382,-0.41097563063163045,1
x_aq_ifu_top/x_aq_ifu_icache/x_aq_ifu_icache_tag_array/icache_tag_icg_en,485,0.016151053981151554,7.597175257731959,3.8377521405907142,0.08247422680412371,0.7456254967602793,1
x_aq_ifu_top/x_aq_ifu_icache/x_aq_ifu_icache_tag_array/icache_tag_index[7:0],686,0.022844583569216426,4.84135889212828,2.4456373351034157,0.06559766763848396,-0.010586328616495944,8
x_aq_ifu_top/x_aq_ifu_icache/x_aq_ifu_icache_tag_array/x_icache_tag_icg_cell/clk_in,0,0.0,0.0,0.0,0.0,,0
x_aq_ifu_top/x_aq_ifu_icache/x_aq_ifu_icache_tag_array/x_icache_tag_icg_cell/global_en,1,3.330114222917846e-05,21.131999999999998,10.6749384453682,1.0,-0.05631263816658485,1
x_aq_ifu_top/x_aq_ifu_icache/x_aq_ifu_icache_tag_array/x_icache_tag_icg_cell/module_en,0,0.0,0.0,0.0,0.0,,0
x_aq_ifu_top/x_aq_ifu_icache/x_aq_ifu_icache_tag_array/x_icache_tag_icg_cell/local_en,485,0.016151053981151554,7.597175257731959,3.8377521405907142,0.08247422680412371,0.7456254967602793,1
x_aq_ifu_top/x_aq_ifu_icache/x_aq_ifu_icache_tag_array/x_icache_tag_icg_cell/external_en,0,0.0,0.0,0.0,0.0,,0
x_aq_ifu_top/x_aq_ifu_icache/x_aq_ifu_icache_tag_array/x_icache_tag_icg_cell/pad_yy_icg_scan_en,0,0.0,0.0,0.0,0.0,,0
x_aq_ifu_top/x_aq_ifu_icache/x_aq_ifu_icache_tag_array/x_icache_tag_icg_cell/clk_out,0,0.0,0.0,0.0,0.0,,0
x_aq_ifu_top/x_aq_ifu_icache/x_aq_ifu_icache_tag_array/x_icache_tag_icg_cell/clk_en_bf_latch,485,0.016151053981151554,7.597175257731959,3.8377521405907142,0.08247422680412371,0.7456254967602793,1
x_aq_ifu_top/x_aq_ifu_icache/x_aq_ifu_icache_tag_array/x_icache_tag_icg_cell/SE,0,0.0,0.0,0.0,0.0,,0
x_aq_ifu_top/x_aq_ifu_icache/x_aq_ifu_icache_tag_array/x_aq_spsram_256x59/A[7:0],686,0.022844583569216426,4.84135889212828,2.4456373351034157,0.06559766763848396,-0.010586328616495944,8
x_aq_ifu_top/x_aq_ifu_icache/x_aq_ifu_icache_tag_array/x_aq_spsram_256x59/CEN,1022,0.03403376735822039,9.421259099804306,4.759197471525459,0.36203522504892366,-0.8185848319548995,1
x_aq_ifu_top/x_aq_ifu_icache/x_aq_ifu_icache_tag_array/x_aq_spsram_256x59/CLK,0,0.0,0.0,0.0,0.0,,0
x_aq_ifu_top/x_aq_ifu_icache/x_aq_ifu_icache_tag_array/x_aq_spsram_256x59/D[58:0],421,0.014019780878484132,11.741812446555821,5.931436925233845,0.37767220902612825,-0.026894050246134744,3
x_aq_ifu_top/x_aq_ifu_icache/x_aq_ifu_icache_tag_array/x_aq_spsram_256x59/GWEN,411,0.013686769456192347,9.172230656934307,4.63339947328662,0.51338199513382,-0.41097563063163045,1
x_aq_ifu_top/x_aq_ifu_icache/x_aq_ifu_icache_tag_array/x_aq_spsram_256x59/Q[58:0],1028,0.03423357421159546,12.110460155642023,6.117661210797029,0.4455252918287938,-0.06457125660767227,6
x_aq_ifu_top/x_aq_ifu_icache/x_aq_ifu_icache_tag_array/x_aq_spsram_256x59/WEN[58:0],618,0.02058010589763229,10.488308737864077,5.298223082184198,0.5436893203883495,-0.1219747747256379,59
x_aq_ifu_top/x_aq_ifu_icache/x_aq_ifu_icache_tag_array/x_aq_spsram_256x59/x_aq_f_spsram_256x59/A[7:0],686,0.022844583569216426,4.84135889212828,2.4456373351034157,0.06559766763848396,-0.010586328616495944,8
x_aq_ifu_top/x_aq_ifu_icache/x_aq_ifu_icache_tag_array/x_aq_spsram_256x59/x_aq_f_spsram_256x59/CEN,1022,0.03403376735822039,9.421259099804306,4.759197471525459,0.36203522504892366,-0.8185848319548995,1
x_aq_ifu_top/x_aq_ifu_icache/x_aq_ifu_icache_tag_array/x_aq_spsram_256x59/x_aq_f_spsram_256x59/CLK,0,0.0,0.0,0.0,0.0,,0
x_aq_ifu_top/x_aq_ifu_icache/x_aq_ifu_icache_tag_array/x_aq_spsram_256x59/x_aq_f_spsram_256x59/D[58:0],421,0.014019780878484132,11.741812446555821,5.931436925233845,0.37767220902612825,-0.026894050246134744,3
x_aq_ifu_top/x_aq_ifu_icache/x_aq_ifu_icache_tag_array/x_aq_spsram_256x59/x_aq_f_spsram_256x59/GWEN,411,0.013686769456192347,9.172230656934307,4.63339947328662,0.51338199513382,-0.41097563063163045,1
x_aq_ifu_top/x_aq_ifu_icache/x_aq_ifu_icache_tag_array/x_aq_spsram_256x59/x_aq_f_spsram_256x59/Q[58:0],1028,0.03423357421159546,12.110460155642023,6.117661210797029,0.4455252918287938,-0.06457125660767227,6
x_aq_ifu_top/x_aq_ifu_icache/x_aq_ifu_icache_tag_array/x_aq_spsram_256x59/x_aq_f_spsram_256x59/WEN[58:0],618,0.02058010589763229,10.488308737864077,5.298223082184198,0.5436893203883495,-0.1219747747256379,59
x_aq_ifu_top/x_aq_ifu_icache/x_aq_ifu_icache_tag_array/x_aq_spsram_256x59/x_aq_f_spsram_256x59/addr[7:0],897,0.02987112457957308,6.3716521070234124,3.2186728202619506,0.1716833890746934,-0.01927399139793249,8
x_aq_ifu_top/x_aq_ifu_icache/x_aq_ifu_icache_tag_array/x_aq_spsram_256x59/x_aq_f_spsram_256x59/ram0_din[0:0],5,0.00016650571114589232,7.7764,3.9282884405906344,0.2,-0.07820601200346128,1
x_aq_ifu_top/x_aq_ifu_icache/x_aq_ifu_icache_tag_array/x_aq_spsram_256x59/x_aq_f_spsram_256x59/ram0_dout[0:0],211,0.0070265410103566555,8.673990521327013,4.381710907196342,0.3459715639810427,-0.09235985210542956,1
x_aq_ifu_top/x_aq_ifu_icache/x_aq_ifu_icache_tag_array/x_aq_spsram_256x59/x_aq_f_spsram_256x59/ram0_wen,4,0.00013320456891671384,2.3777500000000007,1.201132637160432,0.0,0.07111076069022915,1
x_aq_ifu_top/x_aq_ifu_icache/x_aq_ifu_icache_tag_array/x_aq_spsram_256x59/x_aq_f_spsram_256x59/ram1_din[28:0],409,0.01362016717173399,11.964075892420537,6.043714447629323,0.3863080684596577,0.22928385889756323,2
x_aq_ifu_top/x_aq_ifu_icache/x_aq_ifu_icache_tag_array/x_aq_spsram_256x59/x_aq_f_spsram_256x59/ram1_dout[28:0],0,0.0,0.0,0.0,0.0,,0
x_aq_ifu_top/x_aq_ifu_icache/x_aq_ifu_icache_tag_array/x_aq_spsram_256x59/x_aq_f_spsram_256x59/ram1_wen,4,0.00013320456891671384,2.3777500000000007,1.201132637160432,0.0,0.07111076069022915,1
x_aq_ifu_top/x_aq_ifu_icache/x_aq_ifu_icache_tag_array/x_aq_spsram_256x59/x_aq_f_spsram_256x59/ram2_din[28:0],409,0.01362016717173399,11.964075892420537,6.043714447629323,0.3863080684596577,0.22928385889756323,2
x_aq_ifu_top/x_aq_ifu_icache/x_aq_ifu_icache_tag_array/x_aq_spsram_256x59/x_aq_f_spsram_256x59/ram2_dout[28:0],954,0.031769289686636254,11.782815555555556,5.952149856553213,0.42872117400419285,-0.25894690988235625,4
x_aq_ifu_top/x_aq_ifu_icache/x_aq_ifu_icache_tag_array/x_aq_spsram_256x59/x_aq_f_spsram_256x59/ram2_wen,4,0.00013320456891671384,2.3777500000000007,1.201132637160432,0.0,0.07111076069022915,1
x_aq_ifu_top/x_aq_ifu_icache/x_aq_ifu_icache_tag_array/x_aq_spsram_256x59/x_aq_f_spsram_256x59/ram0/PortAClk,0,0.0,0.0,0.0,0.0,,0
x_aq_ifu_top/x_aq_ifu_icache/x_aq_ifu_icache_tag_array/x_aq_spsram_256x59/x_aq_f_spsram_256x59/ram0/PortAAddr[7:0],897,0.02987112457957308,6.3716521070234124,3.2186728202619506,0.1716833890746934,-0.01927399139793249,8
x_aq_ifu_top/x_aq_ifu_icache/x_aq_ifu_icache_tag_array/x_aq_spsram_256x59/x_aq_f_spsram_256x59/ram0/PortADataIn[0:0],5,0.00016650571114589232,7.7764,3.9282884405906344,0.2,-0.07820601200346128,1
x_aq_ifu_top/x_aq_ifu_icache/x_aq_ifu_icache_tag_array/x_aq_spsram_256x59/x_aq_f_spsram_256x59/ram0/PortAWriteEnable,4,0.00013320456891671384,2.3777500000000007,1.201132637160432,0.0,0.07111076069022915,1
x_aq_ifu_top/x_aq_ifu_icache/x_aq_ifu_icache_tag_array/x_aq_spsram_256x59/x_aq_f_spsram_256x59/ram1/PortAClk,0,0.0,0.0,0.0,0.0,,0
x_aq_ifu_top/x_aq_ifu_icache/x_aq_ifu_icache_tag_array/x_aq_spsram_256x59/x_aq_f_spsram_256x59/ram1/PortAAddr[7:0],897,0.02987112457957308,6.3716521070234124,3.2186728202619506,0.1716833890746934,-0.01927399139793249,8
x_aq_ifu_top/x_aq_ifu_icache/x_aq_ifu_icache_tag_array/x_aq_spsram_256x59/x_aq_f_spsram_256x59/ram1/PortADataIn[28:0],409,0.01362016717173399,11.964075892420537,6.043714447629323,0.3863080684596577,0.22928385889756323,2
x_aq_ifu_top/x_aq_ifu_icache/x_aq_ifu_icache_tag_array/x_aq_spsram_256x59/x_aq_f_spsram_256x59/ram1/PortAWriteEnable,4,0.00013320456891671384,2.3777500000000007,1.201132637160432,0.0,0.07111076069022915,1
x_aq_ifu_top/x_aq_ifu_icache/x_aq_ifu_icache_tag_array/x_aq_spsram_256x59/x_aq_f_spsram_256x59/ram2/PortAClk,0,0.0,0.0,0.0,0.0,,0
x_aq_ifu_top/x_aq_ifu_icache/x_aq_ifu_icache_tag_array/x_aq_spsram_256x59/x_aq_f_spsram_256x59/ram2/PortAAddr[7:0],897,0.02987112457957308,6.3716521070234124,3.2186728202619506,0.1716833890746934,-0.01927399139793249,8
x_aq_ifu_top/x_aq_ifu_icache/x_aq_ifu_icache_tag_array/x_aq_spsram_256x59/x_aq_f_spsram_256x59/ram2/PortADataIn[28:0],409,0.01362016717173399,11.964075892420537,6.043714447629323,0.3863080684596577,0.22928385889756323,2
x_aq_ifu_top/x_aq_ifu_icache/x_aq_ifu_icache_tag_array/x_aq_spsram_256x59/x_aq_f_spsram_256x59/ram2/PortAWriteEnable,4,0.00013320456891671384,2.3777500000000007,1.201132637160432,0.0,0.07111076069022915,1
x_aq_ifu_top/x_aq_ifu_icache/x_aq_ifu_icache_data_array/cp0_ifu_icg_en,0,0.0,0.0,0.0,0.0,,0
x_aq_ifu_top/x_aq_ifu_icache/x_aq_ifu_icache_data_array/cp0_yy_clk_en,1,3.330114222917846e-05,21.131999999999998,10.6749384453682,1.0,-0.05631263816658485,1
x_aq_ifu_top/x_aq_ifu_icache/x_aq_ifu_icache_data_array/forever_cpuclk,0,0.0,0.0,0.0,0.0,,0
x_aq_ifu_top/x_aq_ifu_icache/x_aq_ifu_icache_data_array/icache_data0_dout[31:0],4879,0.1624762729361617,6.661068489444559,3.3648729938104496,0.12830498052879688,-0.1306708089725253,25
x_aq_ifu_top/x_aq_ifu_icache/x_aq_ifu_icache_data_array/icache_data1_dout[31:0],4974,0.16563988144793365,6.704180522718135,3.3866512590693025,0.12303980699638119,-0.08838564504876205,25
x_aq_ifu_top/x_aq_ifu_icache/x_aq_ifu_icache_data_array/icache_data2_dout[31:0],4671,0.15554963535249258,6.7651496553200605,3.417450129862084,0.13166345536287732,-0.12173547852579142,25
x_aq_ifu_top/x_aq_ifu_icache/x_aq_ifu_icache_data_array/icache_data3_dout[31:0],4785,0.15934596556661892,6.723945696969698,3.3966357384606245,0.12831765935214212,-0.08577374345628644,26
x_aq_ifu_top/x_aq_ifu_icache/x_aq_ifu_icache_data_array/icache_data_din[127:0],1668,0.05554630523826967,10.94475304556355,5.528798270923105,0.3890887290167866,,77
x_aq_ifu_top/x_aq_ifu_icache/x_aq_ifu_icache_data_array/icache_data_idx[13:0],3212,0.10696326884012122,6.303266566002492,3.1841275126265383,0.13262764632627647,-0.025830652294566735,11
x_aq_ifu_top/x_aq_ifu_icache/x_aq_ifu_icache_data_array/icache_data_ren[1:0],896,0.0298378234373439,7.517132812500001,3.7973182878617764,0.08370535714285714,0.7675102922524369,1
x_aq_ifu_top/x_aq_ifu_icache/x_aq_ifu_icache_data_array/icache_data_wen[1:0],0,0.0,0.0,0.0,0.0,,0
x_aq_ifu_top/x_aq_ifu_icache/x_aq_ifu_icache_data_array/iop_rd_data,0,0.0,0.0,0.0,0.0,,0
x_aq_ifu_top/x_aq_ifu_icache/x_aq_ifu_icache_data_array/iop_rd_way,0,0.0,0.0,0.0,0.0,,0
x_aq_ifu_top/x_aq_ifu_icache/x_aq_ifu_icache_data_array/pad_yy_icg_scan_en,0,0.0,0.0,0.0,0.0,,0
x_aq_ifu_top/x_aq_ifu_icache/x_aq_ifu_icache_data_array/icache_data0_cen_b,914,0.030437243997469113,7.321769288840263,3.698629399467969,0.2024070021881838,-0.8786706429255708,1
x_aq_ifu_top/x_aq_ifu_icache/x_aq_ifu_icache_data_array/icache_data0_clk,0,0.0,0.0,0.0,0.0,,0
x_aq_ifu_top/x_aq_ifu_icache/x_aq_ifu_icache_data_array/icache_data0_din[31:0],1759,0.05857670918112491,11.20934762933485,5.662459585268006,0.4030699260943718,0.03641940114035635,32
x_aq_ifu_top/x_aq_ifu_icache/x_aq_ifu_icache_data_array/icache_data0_icg_en,76,0.002530886809417563,5.205736842105263,2.6297047299005833,0.02631578947368421,0.08074827316503556,1
x_aq_ifu_top/x_aq_ifu_icache/x_aq_ifu_icache_data_array/icache_data0_idx[10:0],2817,0.09380931765959573,6.060753461128861,3.061620770873693,0.11856585019524317,-0.0255427798615555,11
x_aq_ifu_top/x_aq_ifu_icache/x_aq_ifu_icache_data_array/icache_data1_cen_b,714,0.02377701555163342,7.625883011204482,3.8522540098517393,0.25910364145658266,-0.8884097006419083,1
x_aq_ifu_top/x_aq_ifu_icache/x_aq_ifu_icache_data_array/icache_data1_clk,0,0.0,0.0,0.0,0.0,,0
x_aq_ifu_top/x_aq_ifu_icache/x_aq_ifu_icache_data_array/icache_data1_din[31:0],1749,0.058243697758833125,11.215481623785019,5.665558204101045,0.40480274442538594,0.0366256987600135,32
x_aq_ifu_top/x_aq_ifu_icache/x_aq_ifu_icache_data_array/icache_data1_icg_en,274,0.009124512970794899,9.599791970802919,4.84938426919653,0.23722627737226276,0.19940846489629338,1
x_aq_ifu_top/x_aq_ifu_icache/x_aq_ifu_icache_data_array/icache_data1_idx[10:0],2817,0.09380931765959573,6.060753461128861,3.061620770873693,0.11856585019524317,-0.0255427798615555,11
x_aq_ifu_top/x_aq_ifu_icache/x_aq_ifu_icache_data_array/icache_data2_cen_b,914,0.030437243997469113,7.321769288840263,3.698629399467969,0.2024070021881838,-0.8786706429255708,1
x_aq_ifu_top/x_aq_ifu_icache/x_aq_ifu_icache_data_array/icache_data2_clk,0,0.0,0.0,0.0,0.0,,0
x_aq_ifu_top/x_aq_ifu_icache/x_aq_ifu_icache_data_array/icache_data2_din[31:0],1567,0.05218288987312265,10.915866151882579,5.514205908064773,0.39246968730057435,0.03460929848719648,32
x_aq_ifu_top/x_aq_ifu_icache/x_aq_ifu_icache_data_array/icache_data2_icg_en,76,0.002530886809417563,5.205736842105263,2.6297047299005833,0.02631578947368421,0.08074827316503556,1
x_aq_ifu_top/x_aq_ifu_icache/x_aq_ifu_icache_data_array/icache_data2_idx[10:0],3014,0.10036964267874388,6.386644492368945,3.226246300799183,0.12110152621101526,-0.02563742405609399,11
x_aq_ifu_top/x_aq_ifu_icache/x_aq_ifu_icache_data_array/icache_data3_cen_b,714,0.02377701555163342,7.625883011204482,3.8522540098517393,0.25910364145658266,-0.8884097006419083,1
x_aq_ifu_top/x_aq_ifu_icache/x_aq_ifu_icache_data_array/icache_data3_clk,0,0.0,0.0,0.0,0.0,,0
x_aq_ifu_top/x_aq_ifu_icache/x_aq_ifu_icache_data_array/icache_data3_din[31:0],1559,0.05191648073528922,10.934182931366262,5.523458723392509,0.3867864015394484,0.03910539256688633,32
x_aq_ifu_top/x_aq_ifu_icache/x_aq_ifu_icache_data_array/icache_data3_icg_en,274,0.009124512970794899,9.599791970802919,4.84938426919653,0.23722627737226276,0.19940846489629338,1
x_aq_ifu_top/x_aq_ifu_icache/x_aq_ifu_icache_data_array/icache_data3_idx[10:0],3014,0.10036964267874388,6.386644492368945,3.226246300799183,0.12110152621101526,-0.02563742405609399,11
x_aq_ifu_top/x_aq_ifu_icache/x_aq_ifu_icache_data_array/icache_data_bwen_b[31:0],407,0.013553564887275634,9.218763636363636,4.65690584708407,0.5184275184275184,-0.42685769823209135,32
x_aq_ifu_top/x_aq_ifu_icache/x_aq_ifu_icache_data_array/icache_data_gwen_b,407,0.013553564887275634,9.218763636363636,4.65690584708407,0.5184275184275184,-0.42630285054323797,1
x_aq_ifu_top/x_aq_ifu_icache/x_aq_ifu_icache_data_array/icache_data_idx_high[10:0],3014,0.10036964267874388,6.386644492368945,3.226246300799183,0.12110152621101526,-0.02563742405609399,11
x_aq_ifu_top/x_aq_ifu_icache/x_aq_ifu_icache_data_array/icache_data_idx_low[10:0],2817,0.09380931765959573,6.060753461128861,3.061620770873693,0.11856585019524317,-0.0255427798615555,11
x_aq_ifu_top/x_aq_ifu_icache/x_aq_ifu_icache_data_array/icache_data_wr,0,0.0,0.0,0.0,0.0,,0
x_aq_ifu_top/x_aq_ifu_icache/x_aq_ifu_icache_data_array/x_icache_data3_icg_cell/clk_in,0,0.0,0.0,0.0,0.0,,0
x_aq_ifu_top/x_aq_ifu_icache/x_aq_ifu_icache_data_array/x_icache_data3_icg_cell/global_en,1,3.330114222917846e-05,21.131999999999998,10.6749384453682,1.0,-0.05631263816658485,1
x_aq_ifu_top/x_aq_ifu_icache/x_aq_ifu_icache_data_array/x_icache_data3_icg_cell/module_en,0,0.0,0.0,0.0,0.0,,0
x_aq_ifu_top/x_aq_ifu_icache/x_aq_ifu_icache_data_array/x_icache_data3_icg_cell/local_en,274,0.009124512970794899,9.599791970802919,4.84938426919653,0.23722627737226276,0.19940846489629338,1
x_aq_ifu_top/x_aq_ifu_icache/x_aq_ifu_icache_data_array/x_icache_data3_icg_cell/external_en,0,0.0,0.0,0.0,0.0,,0
x_aq_ifu_top/x_aq_ifu_icache/x_aq_ifu_icache_data_array/x_icache_data3_icg_cell/pad_yy_icg_scan_en,0,0.0,0.0,0.0,0.0,,0
x_aq_ifu_top/x_aq_ifu_icache/x_aq_ifu_icache_data_array/x_icache_data3_icg_cell/clk_out,0,0.0,0.0,0.0,0.0,,0
x_aq_ifu_top/x_aq_ifu_icache/x_aq_ifu_icache_data_array/x_icache_data3_icg_cell/clk_en_bf_latch,274,0.009124512970794899,9.599791970802919,4.84938426919653,0.23722627737226276,0.19940846489629338,1
x_aq_ifu_top/x_aq_ifu_icache/x_aq_ifu_icache_data_array/x_icache_data3_icg_cell/SE,0,0.0,0.0,0.0,0.0,,0
x_aq_ifu_top/x_aq_ifu_icache/x_aq_ifu_icache_data_array/x_icache_data2_icg_cell/clk_in,0,0.0,0.0,0.0,0.0,,0
x_aq_ifu_top/x_aq_ifu_icache/x_aq_ifu_icache_data_array/x_icache_data2_icg_cell/global_en,1,3.330114222917846e-05,21.131999999999998,10.6749384453682,1.0,-0.05631263816658485,1
x_aq_ifu_top/x_aq_ifu_icache/x_aq_ifu_icache_data_array/x_icache_data2_icg_cell/module_en,0,0.0,0.0,0.0,0.0,,0
x_aq_ifu_top/x_aq_ifu_icache/x_aq_ifu_icache_data_array/x_icache_data2_icg_cell/local_en,76,0.002530886809417563,5.205736842105263,2.6297047299005833,0.02631578947368421,0.08074827316503556,1
x_aq_ifu_top/x_aq_ifu_icache/x_aq_ifu_icache_data_array/x_icache_data2_icg_cell/external_en,0,0.0,0.0,0.0,0.0,,0
x_aq_ifu_top/x_aq_ifu_icache/x_aq_ifu_icache_data_array/x_icache_data2_icg_cell/pad_yy_icg_scan_en,0,0.0,0.0,0.0,0.0,,0
x_aq_ifu_top/x_aq_ifu_icache/x_aq_ifu_icache_data_array/x_icache_data2_icg_cell/clk_out,0,0.0,0.0,0.0,0.0,,0
x_aq_ifu_top/x_aq_ifu_icache/x_aq_ifu_icache_data_array/x_icache_data2_icg_cell/clk_en_bf_latch,76,0.002530886809417563,5.205736842105263,2.6297047299005833,0.02631578947368421,0.08074827316503556,1
x_aq_ifu_top/x_aq_ifu_icache/x_aq_ifu_icache_data_array/x_icache_data2_icg_cell/SE,0,0.0,0.0,0.0,0.0,,0
x_aq_ifu_top/x_aq_ifu_icache/x_aq_ifu_icache_data_array/x_icache_data1_icg_cell/clk_in,0,0.0,0.0,0.0,0.0,,0
x_aq_ifu_top/x_aq_ifu_icache/x_aq_ifu_icache_data_array/x_icache_data1_icg_cell/global_en,1,3.330114222917846e-05,21.131999999999998,10.6749384453682,1.0,-0.05631263816658485,1
x_aq_ifu_top/x_aq_ifu_icache/x_aq_ifu_icache_data_array/x_icache_data1_icg_cell/module_en,0,0.0,0.0,0.0,0.0,,0
x_aq_ifu_top/x_aq_ifu_icache/x_aq_ifu_icache_data_array/x_icache_data1_icg_cell/local_en,274,0.009124512970794899,9.599791970802919,4.84938426919653,0.23722627737226276,0.19940846489629338,1
x_aq_ifu_top/x_aq_ifu_icache/x_aq_ifu_icache_data_array/x_icache_data1_icg_cell/external_en,0,0.0,0.0,0.0,0.0,,0
x_aq_ifu_top/x_aq_ifu_icache/x_aq_ifu_icache_data_array/x_icache_data1_icg_cell/pad_yy_icg_scan_en,0,0.0,0.0,0.0,0.0,,0
x_aq_ifu_top/x_aq_ifu_icache/x_aq_ifu_icache_data_array/x_icache_data1_icg_cell/clk_out,0,0.0,0.0,0.0,0.0,,0
x_aq_ifu_top/x_aq_ifu_icache/x_aq_ifu_icache_data_array/x_icache_data1_icg_cell/clk_en_bf_latch,274,0.009124512970794899,9.599791970802919,4.84938426919653,0.23722627737226276,0.19940846489629338,1
x_aq_ifu_top/x_aq_ifu_icache/x_aq_ifu_icache_data_array/x_icache_data1_icg_cell/SE,0,0.0,0.0,0.0,0.0,,0
x_aq_ifu_top/x_aq_ifu_icache/x_aq_ifu_icache_data_array/x_icache_data0_icg_cell/clk_in,0,0.0,0.0,0.0,0.0,,0
x_aq_ifu_top/x_aq_ifu_icache/x_aq_ifu_icache_data_array/x_icache_data0_icg_cell/global_en,1,3.330114222917846e-05,21.131999999999998,10.6749384453682,1.0,-0.05631263816658485,1
x_aq_ifu_top/x_aq_ifu_icache/x_aq_ifu_icache_data_array/x_icache_data0_icg_cell/module_en,0,0.0,0.0,0.0,0.0,,0
x_aq_ifu_top/x_aq_ifu_icache/x_aq_ifu_icache_data_array/x_icache_data0_icg_cell/local_en,76,0.002530886809417563,5.205736842105263,2.6297047299005833,0.02631578947368421,0.08074827316503556,1
x_aq_ifu_top/x_aq_ifu_icache/x_aq_ifu_icache_data_array/x_icache_data0_icg_cell/external_en,0,0.0,0.0,0.0,0.0,,0
x_aq_ifu_top/x_aq_ifu_icache/x_aq_ifu_icache_data_array/x_icache_data0_icg_cell/pad_yy_icg_scan_en,0,0.0,0.0,0.0,0.0,,0
x_aq_ifu_top/x_aq_ifu_icache/x_aq_ifu_icache_data_array/x_icache_data0_icg_cell/clk_out,0,0.0,0.0,0.0,0.0,,0
x_aq_ifu_top/x_aq_ifu_icache/x_aq_ifu_icache_data_array/x_icache_data0_icg_cell/clk_en_bf_latch,76,0.002530886809417563,5.205736842105263,2.6297047299005833,0.02631578947368421,0.08074827316503556,1
x_aq_ifu_top/x_aq_ifu_icache/x_aq_ifu_icache_data_array/x_icache_data0_icg_cell/SE,0,0.0,0.0,0.0,0.0,,0
x_aq_ifu_top/x_aq_ifu_icache/x_aq_ifu_icache_data_array/x_aq_spsram_2048x32_3/A[10:0],3014,0.10036964267874388,6.386644492368945,3.226246300799183,0.12110152621101526,-0.02563742405609399,11
x_aq_ifu_top/x_aq_ifu_icache/x_aq_ifu_icache_data_array/x_aq_spsram_2048x32_3/CEN,714,0.02377701555163342,7.625883011204482,3.8522540098517393,0.25910364145658266,-0.8884097006419083,1
x_aq_ifu_top/x_aq_ifu_icache/x_aq_ifu_icache_data_array/x_aq_spsram_2048x32_3/CLK,0,0.0,0.0,0.0,0.0,,0
x_aq_ifu_top/x_aq_ifu_icache/x_aq_ifu_icache_data_array/x_aq_spsram_2048x32_3/D[31:0],1559,0.05191648073528922,10.934182931366262,5.523458723392509,0.3867864015394484,0.03910539256688633,32
x_aq_ifu_top/x_aq_ifu_icache/x_aq_ifu_icache_data_array/x_aq_spsram_2048x32_3/GWEN,407,0.013553564887275634,9.218763636363636,4.65690584708407,0.5184275184275184,-0.42630285054323797,1
x_aq_ifu_top/x_aq_ifu_icache/x_aq_ifu_icache_data_array/x_aq_spsram_2048x32_3/Q[31:0],4785,0.15934596556661892,6.723945696969698,3.3966357384606245,0.12831765935214212,-0.08577374345628644,26
x_aq_ifu_top/x_aq_ifu_icache/x_aq_ifu_icache_data_array/x_aq_spsram_2048x32_3/WEN[31:0],407,0.013553564887275634,9.218763636363636,4.65690584708407,0.5184275184275184,-0.42685769823209135,32
x_aq_ifu_top/x_aq_ifu_icache/x_aq_ifu_icache_data_array/x_aq_spsram_2048x32_3/x_aq_f_spsram_2048x32/A[10:0],3014,0.10036964267874388,6.386644492368945,3.226246300799183,0.12110152621101526,-0.02563742405609399,11
x_aq_ifu_top/x_aq_ifu_icache/x_aq_ifu_icache_data_array/x_aq_spsram_2048x32_3/x_aq_f_spsram_2048x32/CEN,714,0.02377701555163342,7.625883011204482,3.8522540098517393,0.25910364145658266,-0.8884097006419083,1
x_aq_ifu_top/x_aq_ifu_icache/x_aq_ifu_icache_data_array/x_aq_spsram_2048x32_3/x_aq_f_spsram_2048x32/CLK,0,0.0,0.0,0.0,0.0,,0
x_aq_ifu_top/x_aq_ifu_icache/x_aq_ifu_icache_data_array/x_aq_spsram_2048x32_3/x_aq_f_spsram_2048x32/D[31:0],1559,0.05191648073528922,10.934182931366262,5.523458723392509,0.3867864015394484,0.03910539256688633,32
x_aq_ifu_top/x_aq_ifu_icache/x_aq_ifu_icache_data_array/x_aq_spsram_2048x32_3/x_aq_f_spsram_2048x32/GWEN,407,0.013553564887275634,9.218763636363636,4.65690584708407,0.5184275184275184,-0.42630285054323797,1
x_aq_ifu_top/x_aq_ifu_icache/x_aq_ifu_icache_data_array/x_aq_spsram_2048x32_3/x_aq_f_spsram_2048x32/Q[31:0],4785,0.15934596556661892,6.723945696969698,3.3966357384606245,0.12831765935214212,-0.08577374345628644,26
x_aq_ifu_top/x_aq_ifu_icache/x_aq_ifu_icache_data_array/x_aq_spsram_2048x32_3/x_aq_f_spsram_2048x32/WEN[31:0],407,0.013553564887275634,9.218763636363636,4.65690584708407,0.5184275184275184,-0.42685769823209135,32
x_aq_ifu_top/x_aq_ifu_icache/x_aq_ifu_icache_data_array/x_aq_spsram_2048x32_3/x_aq_f_spsram_2048x32/addr[10:0],3258,0.10849512138266343,7.319653225905466,3.6975604593972005,0.16912216083486803,-0.02961737603776943,11
x_aq_ifu_top/x_aq_ifu_icache/x_aq_ifu_icache_data_array/x_aq_spsram_2048x32_3/x_aq_f_spsram_2048x32/ram0_din[7:0],1437,0.04785374138332945,10.926500243562979,5.519577774149889,0.3924843423799583,0.06621856579515169,8
x_aq_ifu_top/x_aq_ifu_icache/x_aq_ifu_icache_data_array/x_aq_spsram_2048x32_3/x_aq_f_spsram_2048x32/ram0_dout[7:0],4561,0.15188650970728296,6.654226231089674,3.3614165918245655,0.12584959438719578,-0.1662561280582399,8
x_aq_ifu_top/x_aq_ifu_icache/x_aq_ifu_icache_data_array/x_aq_spsram_2048x32_3/x_aq_f_spsram_2048x32/ram0_wen,0,0.0,0.0,0.0,0.0,,0
x_aq_ifu_top/x_aq_ifu_icache/x_aq_ifu_icache_data_array/x_aq_spsram_2048x32_3/x_aq_f_spsram_2048x32/ram1_din[7:0],1274,0.04242565519997336,10.87709517268446,5.494620548590678,0.3838304552590267,0.029397593922540557,8
x_aq_ifu_top/x_aq_ifu_icache/x_aq_ifu_icache_data_array/x_aq_spsram_2048x32_3/x_aq_f_spsram_2048x32/ram1_dout[7:0],3626,0.1207499417230011,6.804379812465527,3.43726744543704,0.12989520132377275,-0.10433281816635995,8
x_aq_ifu_top/x_aq_ifu_icache/x_aq_ifu_icache_data_array/x_aq_spsram_2048x32_3/x_aq_f_spsram_2048x32/ram1_wen,0,0.0,0.0,0.0,0.0,,0
x_aq_ifu_top/x_aq_ifu_icache/x_aq_ifu_icache_data_array/x_aq_spsram_2048x32_3/x_aq_f_spsram_2048x32/ram2_din[7:0],1390,0.04628858769855806,10.972497661870504,5.542813606493192,0.3949640287769784,0.036073396928917374,8
x_aq_ifu_top/x_aq_ifu_icache/x_aq_ifu_icache_data_array/x_aq_spsram_2048x32_3/x_aq_f_spsram_2048x32/ram2_dout[7:0],4562,0.15191981084951214,6.602303601490575,3.335187608534198,0.12538360368259535,-0.1489046256488138,8
x_aq_ifu_top/x_aq_ifu_icache/x_aq_ifu_icache_data_array/x_aq_spsram_2048x32_3/x_aq_f_spsram_2048x32/ram2_wen,0,0.0,0.0,0.0,0.0,,0
x_aq_ifu_top/x_aq_ifu_icache/x_aq_ifu_icache_data_array/x_aq_spsram_2048x32_3/x_aq_f_spsram_2048x32/ram3_din[7:0],1367,0.045522661427286955,10.877491367959033,5.494820688670577,0.39429407461594734,0.03902517376764936,8
x_aq_ifu_top/x_aq_ifu_icache/x_aq_ifu_icache_data_array/x_aq_spsram_2048x32_3/x_aq_f_spsram_2048x32/ram3_dout[7:0],4290,0.1428619001631756,6.718729144522145,3.394000570172026,0.13146853146853146,-0.0852774668286019,8
x_aq_ifu_top/x_aq_ifu_icache/x_aq_ifu_icache_data_array/x_aq_spsram_2048x32_3/x_aq_f_spsram_2048x32/ram3_wen,0,0.0,0.0,0.0,0.0,,0
x_aq_ifu_top/x_aq_ifu_icache/x_aq_ifu_icache_data_array/x_aq_spsram_2048x32_3/x_aq_f_spsram_2048x32/ram0/PortAClk,0,0.0,0.0,0.0,0.0,,0
x_aq_ifu_top/x_aq_ifu_icache/x_aq_ifu_icache_data_array/x_aq_spsram_2048x32_3/x_aq_f_spsram_2048x32/ram0/PortAAddr[10:0],3258,0.10849512138266343,7.319653225905466,3.6975604593972005,0.16912216083486803,-0.02961737603776943,11
x_aq_ifu_top/x_aq_ifu_icache/x_aq_ifu_icache_data_array/x_aq_spsram_2048x32_3/x_aq_f_spsram_2048x32/ram0/PortADataIn[7:0],1437,0.04785374138332945,10.926500243562979,5.519577774149889,0.3924843423799583,0.06621856579515169,8
x_aq_ifu_top/x_aq_ifu_icache/x_aq_ifu_icache_data_array/x_aq_spsram_2048x32_3/x_aq_f_spsram_2048x32/ram0/PortAWriteEnable,0,0.0,0.0,0.0,0.0,,0
x_aq_ifu_top/x_aq_ifu_icache/x_aq_ifu_icache_data_array/x_aq_spsram_2048x32_3/x_aq_f_spsram_2048x32/ram1/PortAClk,0,0.0,0.0,0.0,0.0,,0
x_aq_ifu_top/x_aq_ifu_icache/x_aq_ifu_icache_data_array/x_aq_spsram_2048x32_3/x_aq_f_spsram_2048x32/ram1/PortAAddr[10:0],3258,0.10849512138266343,7.319653225905466,3.6975604593972005,0.16912216083486803,-0.02961737603776943,11
x_aq_ifu_top/x_aq_ifu_icache/x_aq_ifu_icache_data_array/x_aq_spsram_2048x32_3/x_aq_f_spsram_2048x32/ram1/PortADataIn[7:0],1274,0.04242565519997336,10.87709517268446,5.494620548590678,0.3838304552590267,0.029397593922540557,8
x_aq_ifu_top/x_aq_ifu_icache/x_aq_ifu_icache_data_array/x_aq_spsram_2048x32_3/x_aq_f_spsram_2048x32/ram1/PortAWriteEnable,0,0.0,0.0,0.0,0.0,,0
x_aq_ifu_top/x_aq_ifu_icache/x_aq_ifu_icache_data_array/x_aq_spsram_2048x32_3/x_aq_f_spsram_2048x32/ram2/PortAClk,0,0.0,0.0,0.0,0.0,,0
x_aq_ifu_top/x_aq_ifu_icache/x_aq_ifu_icache_data_array/x_aq_spsram_2048x32_3/x_aq_f_spsram_2048x32/ram2/PortAAddr[10:0],3258,0.10849512138266343,7.319653225905466,3.6975604593972005,0.16912216083486803,-0.02961737603776943,11
x_aq_ifu_top/x_aq_ifu_icache/x_aq_ifu_icache_data_array/x_aq_spsram_2048x32_3/x_aq_f_spsram_2048x32/ram2/PortADataIn[7:0],1390,0.04628858769855806,10.972497661870504,5.542813606493192,0.3949640287769784,0.036073396928917374,8
x_aq_ifu_top/x_aq_ifu_icache/x_aq_ifu_icache_data_array/x_aq_spsram_2048x32_3/x_aq_f_spsram_2048x32/ram2/PortAWriteEnable,0,0.0,0.0,0.0,0.0,,0
x_aq_ifu_top/x_aq_ifu_icache/x_aq_ifu_icache_data_array/x_aq_spsram_2048x32_3/x_aq_f_spsram_2048x32/ram3/PortAClk,0,0.0,0.0,0.0,0.0,,0
x_aq_ifu_top/x_aq_ifu_icache/x_aq_ifu_icache_data_array/x_aq_spsram_2048x32_3/x_aq_f_spsram_2048x32/ram3/PortAAddr[10:0],3258,0.10849512138266343,7.319653225905466,3.6975604593972005,0.16912216083486803,-0.02961737603776943,11
x_aq_ifu_top/x_aq_ifu_icache/x_aq_ifu_icache_data_array/x_aq_spsram_2048x32_3/x_aq_f_spsram_2048x32/ram3/PortADataIn[7:0],1367,0.045522661427286955,10.877491367959033,5.494820688670577,0.39429407461594734,0.03902517376764936,8
x_aq_ifu_top/x_aq_ifu_icache/x_aq_ifu_icache_data_array/x_aq_spsram_2048x32_3/x_aq_f_spsram_2048x32/ram3/PortAWriteEnable,0,0.0,0.0,0.0,0.0,,0
x_aq_ifu_top/x_aq_ifu_icache/x_aq_ifu_icache_data_array/x_aq_spsram_2048x32_2/A[10:0],3014,0.10036964267874388,6.386644492368945,3.226246300799183,0.12110152621101526,-0.02563742405609399,11
x_aq_ifu_top/x_aq_ifu_icache/x_aq_ifu_icache_data_array/x_aq_spsram_2048x32_2/CEN,914,0.030437243997469113,7.321769288840263,3.698629399467969,0.2024070021881838,-0.8786706429255708,1
x_aq_ifu_top/x_aq_ifu_icache/x_aq_ifu_icache_data_array/x_aq_spsram_2048x32_2/CLK,0,0.0,0.0,0.0,0.0,,0
x_aq_ifu_top/x_aq_ifu_icache/x_aq_ifu_icache_data_array/x_aq_spsram_2048x32_2/D[31:0],1567,0.05218288987312265,10.915866151882579,5.514205908064773,0.39246968730057435,0.03460929848719648,32
x_aq_ifu_top/x_aq_ifu_icache/x_aq_ifu_icache_data_array/x_aq_spsram_2048x32_2/GWEN,407,0.013553564887275634,9.218763636363636,4.65690584708407,0.5184275184275184,-0.42630285054323797,1
x_aq_ifu_top/x_aq_ifu_icache/x_aq_ifu_icache_data_array/x_aq_spsram_2048x32_2/Q[31:0],4671,0.15554963535249258,6.7651496553200605,3.417450129862084,0.13166345536287732,-0.12173547852579142,25
x_aq_ifu_top/x_aq_ifu_icache/x_aq_ifu_icache_data_array/x_aq_spsram_2048x32_2/WEN[31:0],407,0.013553564887275634,9.218763636363636,4.65690584708407,0.5184275184275184,-0.42685769823209135,32
x_aq_ifu_top/x_aq_ifu_icache/x_aq_ifu_icache_data_array/x_aq_spsram_2048x32_2/x_aq_f_spsram_2048x32/A[10:0],3014,0.10036964267874388,6.386644492368945,3.226246300799183,0.12110152621101526,-0.02563742405609399,11
x_aq_ifu_top/x_aq_ifu_icache/x_aq_ifu_icache_data_array/x_aq_spsram_2048x32_2/x_aq_f_spsram_2048x32/CEN,914,0.030437243997469113,7.321769288840263,3.698629399467969,0.2024070021881838,-0.8786706429255708,1
x_aq_ifu_top/x_aq_ifu_icache/x_aq_ifu_icache_data_array/x_aq_spsram_2048x32_2/x_aq_f_spsram_2048x32/CLK,0,0.0,0.0,0.0,0.0,,0
x_aq_ifu_top/x_aq_ifu_icache/x_aq_ifu_icache_data_array/x_aq_spsram_2048x32_2/x_aq_f_spsram_2048x32/D[31:0],1567,0.05218288987312265,10.915866151882579,5.514205908064773,0.39246968730057435,0.03460929848719648,32
x_aq_ifu_top/x_aq_ifu_icache/x_aq_ifu_icache_data_array/x_aq_spsram_2048x32_2/x_aq_f_spsram_2048x32/GWEN,407,0.013553564887275634,9.218763636363636,4.65690584708407,0.5184275184275184,-0.42630285054323797,1
x_aq_ifu_top/x_aq_ifu_icache/x_aq_ifu_icache_data_array/x_aq_spsram_2048x32_2/x_aq_f_spsram_2048x32/Q[31:0],4671,0.15554963535249258,6.7651496553200605,3.417450129862084,0.13166345536287732,-0.12173547852579142,25
x_aq_ifu_top/x_aq_ifu_icache/x_aq_ifu_icache_data_array/x_aq_spsram_2048x32_2/x_aq_f_spsram_2048x32/WEN[31:0],407,0.013553564887275634,9.218763636363636,4.65690584708407,0.5184275184275184,-0.42685769823209135,32
x_aq_ifu_top/x_aq_ifu_icache/x_aq_ifu_icache_data_array/x_aq_spsram_2048x32_2/x_aq_f_spsram_2048x32/addr[10:0],3658,0.12181557827433481,7.538735582285401,3.808231038084595,0.18562055768179334,-0.02964770608689729,11
x_aq_ifu_top/x_aq_ifu_icache/x_aq_ifu_icache_data_array/x_aq_spsram_2048x32_2/x_aq_f_spsram_2048x32/ram0_din[7:0],1425,0.047454127676579305,10.913241445614036,5.512880024198889,0.3894736842105263,0.14427506689102618,8
x_aq_ifu_top/x_aq_ifu_icache/x_aq_ifu_icache_data_array/x_aq_spsram_2048x32_2/x_aq_f_spsram_2048x32/ram0_dout[7:0],4419,0.14715774751073962,6.695865969676397,3.3824511198528873,0.12808327675944783,-0.08888136843197131,8
x_aq_ifu_top/x_aq_ifu_icache/x_aq_ifu_icache_data_array/x_aq_spsram_2048x32_2/x_aq_f_spsram_2048x32/ram0_wen,0,0.0,0.0,0.0,0.0,,0
x_aq_ifu_top/x_aq_ifu_icache/x_aq_ifu_icache_data_array/x_aq_spsram_2048x32_2/x_aq_f_spsram_2048x32/ram1_din[7:0],1295,0.04312497918678611,10.8973241003861,5.50483929542159,0.38455598455598455,0.1497801284900743,8
x_aq_ifu_top/x_aq_ifu_icache/x_aq_ifu_icache_data_array/x_aq_spsram_2048x32_2/x_aq_f_spsram_2048x32/ram1_dout[7:0],3647,0.12144926570981385,6.831428132711819,3.4509310434722367,0.1329860159034823,-0.028814925585050524,8
x_aq_ifu_top/x_aq_ifu_icache/x_aq_ifu_icache_data_array/x_aq_spsram_2048x32_2/x_aq_f_spsram_2048x32/ram1_wen,0,0.0,0.0,0.0,0.0,,0
x_aq_ifu_top/x_aq_ifu_icache/x_aq_ifu_icache_data_array/x_aq_spsram_2048x32_2/x_aq_f_spsram_2048x32/ram2_din[7:0],1414,0.04708781511205835,10.899201053748232,5.505787448062399,0.3896746817538897,-0.04564267547162794,8
x_aq_ifu_top/x_aq_ifu_icache/x_aq_ifu_icache_data_array/x_aq_spsram_2048x32_2/x_aq_f_spsram_2048x32/ram2_dout[7:0],4512,0.15025475373805322,6.62054490248227,3.34440229551365,0.12477836879432624,-0.1950701130027355,8
x_aq_ifu_top/x_aq_ifu_icache/x_aq_ifu_icache_data_array/x_aq_spsram_2048x32_2/x_aq_f_spsram_2048x32/ram2_wen,0,0.0,0.0,0.0,0.0,,0
x_aq_ifu_top/x_aq_ifu_icache/x_aq_ifu_icache_data_array/x_aq_spsram_2048x32_2/x_aq_f_spsram_2048x32/ram3_din[7:0],1338,0.04455692830264078,10.956894058295966,5.5349313659251385,0.3923766816143498,0.03482967388012628,8
x_aq_ifu_top/x_aq_ifu_icache/x_aq_ifu_icache_data_array/x_aq_spsram_2048x32_2/x_aq_f_spsram_2048x32/ram3_dout[7:0],4139,0.13783342768656964,6.714345610050738,3.39178620519685,0.13046629620681324,-0.12127919284387682,8
x_aq_ifu_top/x_aq_ifu_icache/x_aq_ifu_icache_data_array/x_aq_spsram_2048x32_2/x_aq_f_spsram_2048x32/ram3_wen,0,0.0,0.0,0.0,0.0,,0
x_aq_ifu_top/x_aq_ifu_icache/x_aq_ifu_icache_data_array/x_aq_spsram_2048x32_2/x_aq_f_spsram_2048x32/ram0/PortAClk,0,0.0,0.0,0.0,0.0,,0
x_aq_ifu_top/x_aq_ifu_icache/x_aq_ifu_icache_data_array/x_aq_spsram_2048x32_2/x_aq_f_spsram_2048x32/ram0/PortAAddr[10:0],3658,0.12181557827433481,7.538735582285401,3.808231038084595,0.18562055768179334,-0.02964770608689729,11
x_aq_ifu_top/x_aq_ifu_icache/x_aq_ifu_icache_data_array/x_aq_spsram_2048x32_2/x_aq_f_spsram_2048x32/ram0/PortADataIn[7:0],1425,0.047454127676579305,10.913241445614036,5.512880024198889,0.3894736842105263,0.14427506689102618,8
x_aq_ifu_top/x_aq_ifu_icache/x_aq_ifu_icache_data_array/x_aq_spsram_2048x32_2/x_aq_f_spsram_2048x32/ram0/PortAWriteEnable,0,0.0,0.0,0.0,0.0,,0
x_aq_ifu_top/x_aq_ifu_icache/x_aq_ifu_icache_data_array/x_aq_spsram_2048x32_2/x_aq_f_spsram_2048x32/ram1/PortAClk,0,0.0,0.0,0.0,0.0,,0
x_aq_ifu_top/x_aq_ifu_icache/x_aq_ifu_icache_data_array/x_aq_spsram_2048x32_2/x_aq_f_spsram_2048x32/ram1/PortAAddr[10:0],3658,0.12181557827433481,7.538735582285401,3.808231038084595,0.18562055768179334,-0.02964770608689729,11
x_aq_ifu_top/x_aq_ifu_icache/x_aq_ifu_icache_data_array/x_aq_spsram_2048x32_2/x_aq_f_spsram_2048x32/ram1/PortADataIn[7:0],1295,0.04312497918678611,10.8973241003861,5.50483929542159,0.38455598455598455,0.1497801284900743,8
x_aq_ifu_top/x_aq_ifu_icache/x_aq_ifu_icache_data_array/x_aq_spsram_2048x32_2/x_aq_f_spsram_2048x32/ram1/PortAWriteEnable,0,0.0,0.0,0.0,0.0,,0
x_aq_ifu_top/x_aq_ifu_icache/x_aq_ifu_icache_data_array/x_aq_spsram_2048x32_2/x_aq_f_spsram_2048x32/ram2/PortAClk,0,0.0,0.0,0.0,0.0,,0
x_aq_ifu_top/x_aq_ifu_icache/x_aq_ifu_icache_data_array/x_aq_spsram_2048x32_2/x_aq_f_spsram_2048x32/ram2/PortAAddr[10:0],3658,0.12181557827433481,7.538735582285401,3.808231038084595,0.18562055768179334,-0.02964770608689729,11
x_aq_ifu_top/x_aq_ifu_icache/x_aq_ifu_icache_data_array/x_aq_spsram_2048x32_2/x_aq_f_spsram_2048x32/ram2/PortADataIn[7:0],1414,0.04708781511205835,10.899201053748232,5.505787448062399,0.3896746817538897,-0.04564267547162794,8
x_aq_ifu_top/x_aq_ifu_icache/x_aq_ifu_icache_data_array/x_aq_spsram_2048x32_2/x_aq_f_spsram_2048x32/ram2/PortAWriteEnable,0,0.0,0.0,0.0,0.0,,0
x_aq_ifu_top/x_aq_ifu_icache/x_aq_ifu_icache_data_array/x_aq_spsram_2048x32_2/x_aq_f_spsram_2048x32/ram3/PortAClk,0,0.0,0.0,0.0,0.0,,0
x_aq_ifu_top/x_aq_ifu_icache/x_aq_ifu_icache_data_array/x_aq_spsram_2048x32_2/x_aq_f_spsram_2048x32/ram3/PortAAddr[10:0],3658,0.12181557827433481,7.538735582285401,3.808231038084595,0.18562055768179334,-0.02964770608689729,11
x_aq_ifu_top/x_aq_ifu_icache/x_aq_ifu_icache_data_array/x_aq_spsram_2048x32_2/x_aq_f_spsram_2048x32/ram3/PortADataIn[7:0],1338,0.04455692830264078,10.956894058295966,5.5349313659251385,0.3923766816143498,0.03482967388012628,8
x_aq_ifu_top/x_aq_ifu_icache/x_aq_ifu_icache_data_array/x_aq_spsram_2048x32_2/x_aq_f_spsram_2048x32/ram3/PortAWriteEnable,0,0.0,0.0,0.0,0.0,,0
x_aq_ifu_top/x_aq_ifu_icache/x_aq_ifu_icache_data_array/x_aq_spsram_2048x32_1/A[10:0],2817,0.09380931765959573,6.060753461128861,3.061620770873693,0.11856585019524317,-0.0255427798615555,11
x_aq_ifu_top/x_aq_ifu_icache/x_aq_ifu_icache_data_array/x_aq_spsram_2048x32_1/CEN,714,0.02377701555163342,7.625883011204482,3.8522540098517393,0.25910364145658266,-0.8884097006419083,1
x_aq_ifu_top/x_aq_ifu_icache/x_aq_ifu_icache_data_array/x_aq_spsram_2048x32_1/CLK,0,0.0,0.0,0.0,0.0,,0
x_aq_ifu_top/x_aq_ifu_icache/x_aq_ifu_icache_data_array/x_aq_spsram_2048x32_1/D[31:0],1749,0.058243697758833125,11.215481623785019,5.665558204101045,0.40480274442538594,0.0366256987600135,32
x_aq_ifu_top/x_aq_ifu_icache/x_aq_ifu_icache_data_array/x_aq_spsram_2048x32_1/GWEN,407,0.013553564887275634,9.218763636363636,4.65690584708407,0.5184275184275184,-0.42630285054323797,1
x_aq_ifu_top/x_aq_ifu_icache/x_aq_ifu_icache_data_array/x_aq_spsram_2048x32_1/Q[31:0],4974,0.16563988144793365,6.704180522718135,3.3866512590693025,0.12303980699638119,-0.08838564504876205,25
x_aq_ifu_top/x_aq_ifu_icache/x_aq_ifu_icache_data_array/x_aq_spsram_2048x32_1/WEN[31:0],407,0.013553564887275634,9.218763636363636,4.65690584708407,0.5184275184275184,-0.42685769823209135,32
x_aq_ifu_top/x_aq_ifu_icache/x_aq_ifu_icache_data_array/x_aq_spsram_2048x32_1/x_aq_f_spsram_2048x32/A[10:0],2817,0.09380931765959573,6.060753461128861,3.061620770873693,0.11856585019524317,-0.0255427798615555,11
x_aq_ifu_top/x_aq_ifu_icache/x_aq_ifu_icache_data_array/x_aq_spsram_2048x32_1/x_aq_f_spsram_2048x32/CEN,714,0.02377701555163342,7.625883011204482,3.8522540098517393,0.25910364145658266,-0.8884097006419083,1
x_aq_ifu_top/x_aq_ifu_icache/x_aq_ifu_icache_data_array/x_aq_spsram_2048x32_1/x_aq_f_spsram_2048x32/CLK,0,0.0,0.0,0.0,0.0,,0
x_aq_ifu_top/x_aq_ifu_icache/x_aq_ifu_icache_data_array/x_aq_spsram_2048x32_1/x_aq_f_spsram_2048x32/D[31:0],1749,0.058243697758833125,11.215481623785019,5.665558204101045,0.40480274442538594,0.0366256987600135,32
x_aq_ifu_top/x_aq_ifu_icache/x_aq_ifu_icache_data_array/x_aq_spsram_2048x32_1/x_aq_f_spsram_2048x32/GWEN,407,0.013553564887275634,9.218763636363636,4.65690584708407,0.5184275184275184,-0.42630285054323797,1
x_aq_ifu_top/x_aq_ifu_icache/x_aq_ifu_icache_data_array/x_aq_spsram_2048x32_1/x_aq_f_spsram_2048x32/Q[31:0],4974,0.16563988144793365,6.704180522718135,3.3866512590693025,0.12303980699638119,-0.08838564504876205,25
x_aq_ifu_top/x_aq_ifu_icache/x_aq_ifu_icache_data_array/x_aq_spsram_2048x32_1/x_aq_f_spsram_2048x32/WEN[31:0],407,0.013553564887275634,9.218763636363636,4.65690584708407,0.5184275184275184,-0.42685769823209135,32
x_aq_ifu_top/x_aq_ifu_icache/x_aq_ifu_icache_data_array/x_aq_spsram_2048x32_1/x_aq_f_spsram_2048x32/addr[10:0],3359,0.11185853674781045,7.6156827061625485,3.84710127331726,0.18487645132479905,-0.030064215090237656,11
x_aq_ifu_top/x_aq_ifu_icache/x_aq_ifu_icache_data_array/x_aq_spsram_2048x32_1/x_aq_f_spsram_2048x32/ram0_din[7:0],1601,0.053315128708914715,11.195700405996252,5.65556562023442,0.41099312929419113,0.0687800530271893,8
x_aq_ifu_top/x_aq_ifu_icache/x_aq_ifu_icache_data_array/x_aq_spsram_2048x32_1/x_aq_f_spsram_2048x32/ram0_dout[7:0],4715,0.15701488561057644,6.637805910922587,3.3531217826708226,0.12322375397667021,-0.20471394300222207,8
x_aq_ifu_top/x_aq_ifu_icache/x_aq_ifu_icache_data_array/x_aq_spsram_2048x32_1/x_aq_f_spsram_2048x32/ram0_wen,0,0.0,0.0,0.0,0.0,,0
x_aq_ifu_top/x_aq_ifu_icache/x_aq_ifu_icache_data_array/x_aq_spsram_2048x32_1/x_aq_f_spsram_2048x32/ram1_din[7:0],1429,0.04758733224549602,11.216831910426873,5.666240308340369,0.3981805458362491,0.03159360885701033,8
x_aq_ifu_top/x_aq_ifu_icache/x_aq_ifu_icache_data_array/x_aq_spsram_2048x32_1/x_aq_f_spsram_2048x32/ram1_dout[7:0],3874,0.12900862499583735,6.805545676303562,3.437856387548847,0.12854930304594733,-0.12208425077192096,8
x_aq_ifu_top/x_aq_ifu_icache/x_aq_ifu_icache_data_array/x_aq_spsram_2048x32_1/x_aq_f_spsram_2048x32/ram1_wen,0,0.0,0.0,0.0,0.0,,0
x_aq_ifu_top/x_aq_ifu_icache/x_aq_ifu_icache_data_array/x_aq_spsram_2048x32_1/x_aq_f_spsram_2048x32/ram2_din[7:0],1557,0.05184987845083086,11.289092350674373,5.702743041242001,0.4123314065510597,0.03810175370576566,8
x_aq_ifu_top/x_aq_ifu_icache/x_aq_ifu_icache_data_array/x_aq_spsram_2048x32_1/x_aq_f_spsram_2048x32/ram2_dout[7:0],4798,0.15977888041559826,6.573249045435598,3.32051055016564,0.11921634014172572,-0.15611304325353445,8
x_aq_ifu_top/x_aq_ifu_icache/x_aq_ifu_icache_data_array/x_aq_spsram_2048x32_1/x_aq_f_spsram_2048x32/ram2_wen,0,0.0,0.0,0.0,0.0,,0
x_aq_ifu_top/x_aq_ifu_icache/x_aq_ifu_icache_data_array/x_aq_spsram_2048x32_1/x_aq_f_spsram_2048x32/ram3_din[7:0],1513,0.050384628192747014,11.178141513549239,5.646695655439763,0.4071381361533377,0.03657859144414095,8
x_aq_ifu_top/x_aq_ifu_icache/x_aq_ifu_icache_data_array/x_aq_spsram_2048x32_1/x_aq_f_spsram_2048x32/ram3_dout[7:0],4422,0.14725765093742715,6.646680407055631,3.3576047800186317,0.12392582541836274,-0.08780999191690249,8
x_aq_ifu_top/x_aq_ifu_icache/x_aq_ifu_icache_data_array/x_aq_spsram_2048x32_1/x_aq_f_spsram_2048x32/ram3_wen,0,0.0,0.0,0.0,0.0,,0
x_aq_ifu_top/x_aq_ifu_icache/x_aq_ifu_icache_data_array/x_aq_spsram_2048x32_1/x_aq_f_spsram_2048x32/ram0/PortAClk,0,0.0,0.0,0.0,0.0,,0
x_aq_ifu_top/x_aq_ifu_icache/x_aq_ifu_icache_data_array/x_aq_spsram_2048x32_1/x_aq_f_spsram_2048x32/ram0/PortAAddr[10:0],3359,0.11185853674781045,7.6156827061625485,3.84710127331726,0.18487645132479905,-0.030064215090237656,11
x_aq_ifu_top/x_aq_ifu_icache/x_aq_ifu_icache_data_array/x_aq_spsram_2048x32_1/x_aq_f_spsram_2048x32/ram0/PortADataIn[7:0],1601,0.053315128708914715,11.195700405996252,5.65556562023442,0.41099312929419113,0.0687800530271893,8
x_aq_ifu_top/x_aq_ifu_icache/x_aq_ifu_icache_data_array/x_aq_spsram_2048x32_1/x_aq_f_spsram_2048x32/ram0/PortAWriteEnable,0,0.0,0.0,0.0,0.0,,0
x_aq_ifu_top/x_aq_ifu_icache/x_aq_ifu_icache_data_array/x_aq_spsram_2048x32_1/x_aq_f_spsram_2048x32/ram1/PortAClk,0,0.0,0.0,0.0,0.0,,0
x_aq_ifu_top/x_aq_ifu_icache/x_aq_ifu_icache_data_array/x_aq_spsram_2048x32_1/x_aq_f_spsram_2048x32/ram1/PortAAddr[10:0],3359,0.11185853674781045,7.6156827061625485,3.84710127331726,0.18487645132479905,-0.030064215090237656,11
x_aq_ifu_top/x_aq_ifu_icache/x_aq_ifu_icache_data_array/x_aq_spsram_2048x32_1/x_aq_f_spsram_2048x32/ram1/PortADataIn[7:0],1429,0.04758733224549602,11.216831910426873,5.666240308340369,0.3981805458362491,0.03159360885701033,8
x_aq_ifu_top/x_aq_ifu_icache/x_aq_ifu_icache_data_array/x_aq_spsram_2048x32_1/x_aq_f_spsram_2048x32/ram1/PortAWriteEnable,0,0.0,0.0,0.0,0.0,,0
x_aq_ifu_top/x_aq_ifu_icache/x_aq_ifu_icache_data_array/x_aq_spsram_2048x32_1/x_aq_f_spsram_2048x32/ram2/PortAClk,0,0.0,0.0,0.0,0.0,,0
x_aq_ifu_top/x_aq_ifu_icache/x_aq_ifu_icache_data_array/x_aq_spsram_2048x32_1/x_aq_f_spsram_2048x32/ram2/PortAAddr[10:0],3359,0.11185853674781045,7.6156827061625485,3.84710127331726,0.18487645132479905,-0.030064215090237656,11
x_aq_ifu_top/x_aq_ifu_icache/x_aq_ifu_icache_data_array/x_aq_spsram_2048x32_1/x_aq_f_spsram_2048x32/ram2/PortADataIn[7:0],1557,0.05184987845083086,11.289092350674373,5.702743041242001,0.4123314065510597,0.03810175370576566,8
x_aq_ifu_top/x_aq_ifu_icache/x_aq_ifu_icache_data_array/x_aq_spsram_2048x32_1/x_aq_f_spsram_2048x32/ram2/PortAWriteEnable,0,0.0,0.0,0.0,0.0,,0
x_aq_ifu_top/x_aq_ifu_icache/x_aq_ifu_icache_data_array/x_aq_spsram_2048x32_1/x_aq_f_spsram_2048x32/ram3/PortAClk,0,0.0,0.0,0.0,0.0,,0
x_aq_ifu_top/x_aq_ifu_icache/x_aq_ifu_icache_data_array/x_aq_spsram_2048x32_1/x_aq_f_spsram_2048x32/ram3/PortAAddr[10:0],3359,0.11185853674781045,7.6156827061625485,3.84710127331726,0.18487645132479905,-0.030064215090237656,11
x_aq_ifu_top/x_aq_ifu_icache/x_aq_ifu_icache_data_array/x_aq_spsram_2048x32_1/x_aq_f_spsram_2048x32/ram3/PortADataIn[7:0],1513,0.050384628192747014,11.178141513549239,5.646695655439763,0.4071381361533377,0.03657859144414095,8
x_aq_ifu_top/x_aq_ifu_icache/x_aq_ifu_icache_data_array/x_aq_spsram_2048x32_1/x_aq_f_spsram_2048x32/ram3/PortAWriteEnable,0,0.0,0.0,0.0,0.0,,0
x_aq_ifu_top/x_aq_ifu_icache/x_aq_ifu_icache_data_array/x_aq_spsram_2048x32_0/A[10:0],2817,0.09380931765959573,6.060753461128861,3.061620770873693,0.11856585019524317,-0.0255427798615555,11
x_aq_ifu_top/x_aq_ifu_icache/x_aq_ifu_icache_data_array/x_aq_spsram_2048x32_0/CEN,914,0.030437243997469113,7.321769288840263,3.698629399467969,0.2024070021881838,-0.8786706429255708,1
x_aq_ifu_top/x_aq_ifu_icache/x_aq_ifu_icache_data_array/x_aq_spsram_2048x32_0/CLK,0,0.0,0.0,0.0,0.0,,0
x_aq_ifu_top/x_aq_ifu_icache/x_aq_ifu_icache_data_array/x_aq_spsram_2048x32_0/D[31:0],1759,0.05857670918112491,11.20934762933485,5.662459585268006,0.4030699260943718,0.03641940114035635,32
x_aq_ifu_top/x_aq_ifu_icache/x_aq_ifu_icache_data_array/x_aq_spsram_2048x32_0/GWEN,407,0.013553564887275634,9.218763636363636,4.65690584708407,0.5184275184275184,-0.42630285054323797,1
x_aq_ifu_top/x_aq_ifu_icache/x_aq_ifu_icache_data_array/x_aq_spsram_2048x32_0/Q[31:0],4879,0.1624762729361617,6.661068489444559,3.3648729938104496,0.12830498052879688,-0.1306708089725253,25
x_aq_ifu_top/x_aq_ifu_icache/x_aq_ifu_icache_data_array/x_aq_spsram_2048x32_0/WEN[31:0],407,0.013553564887275634,9.218763636363636,4.65690584708407,0.5184275184275184,-0.42685769823209135,32
x_aq_ifu_top/x_aq_ifu_icache/x_aq_ifu_icache_data_array/x_aq_spsram_2048x32_0/x_aq_f_spsram_2048x32/A[10:0],2817,0.09380931765959573,6.060753461128861,3.061620770873693,0.11856585019524317,-0.0255427798615555,11
x_aq_ifu_top/x_aq_ifu_icache/x_aq_ifu_icache_data_array/x_aq_spsram_2048x32_0/x_aq_f_spsram_2048x32/CEN,914,0.030437243997469113,7.321769288840263,3.698629399467969,0.2024070021881838,-0.8786706429255708,1
x_aq_ifu_top/x_aq_ifu_icache/x_aq_ifu_icache_data_array/x_aq_spsram_2048x32_0/x_aq_f_spsram_2048x32/CLK,0,0.0,0.0,0.0,0.0,,0
x_aq_ifu_top/x_aq_ifu_icache/x_aq_ifu_icache_data_array/x_aq_spsram_2048x32_0/x_aq_f_spsram_2048x32/D[31:0],1759,0.05857670918112491,11.20934762933485,5.662459585268006,0.4030699260943718,0.03641940114035635,32
x_aq_ifu_top/x_aq_ifu_icache/x_aq_ifu_icache_data_array/x_aq_spsram_2048x32_0/x_aq_f_spsram_2048x32/GWEN,407,0.013553564887275634,9.218763636363636,4.65690584708407,0.5184275184275184,-0.42630285054323797,1
x_aq_ifu_top/x_aq_ifu_icache/x_aq_ifu_icache_data_array/x_aq_spsram_2048x32_0/x_aq_f_spsram_2048x32/Q[31:0],4879,0.1624762729361617,6.661068489444559,3.3648729938104496,0.12830498052879688,-0.1306708089725253,25
x_aq_ifu_top/x_aq_ifu_icache/x_aq_ifu_icache_data_array/x_aq_spsram_2048x32_0/x_aq_f_spsram_2048x32/WEN[31:0],407,0.013553564887275634,9.218763636363636,4.65690584708407,0.5184275184275184,-0.42685769823209135,32
x_aq_ifu_top/x_aq_ifu_icache/x_aq_ifu_icache_data_array/x_aq_spsram_2048x32_0/x_aq_f_spsram_2048x32/addr[10:0],3658,0.12181557827433481,7.54322710770913,3.8104999552445475,0.18562055768179334,-0.030094417452744215,11
x_aq_ifu_top/x_aq_ifu_icache/x_aq_ifu_icache_data_array/x_aq_spsram_2048x32_0/x_aq_f_spsram_2048x32/ram0_din[7:0],1606,0.05348163442006061,11.166316855541721,5.640722368653478,0.4016189290161893,0.15415010149701258,8
x_aq_ifu_top/x_aq_ifu_icache/x_aq_ifu_icache_data_array/x_aq_spsram_2048x32_0/x_aq_f_spsram_2048x32/ram0_dout[7:0],4659,0.15515002164574246,6.607904022322387,3.338016689910677,0.12556342562781714,-0.17250768501955846,8
x_aq_ifu_top/x_aq_ifu_icache/x_aq_ifu_icache_data_array/x_aq_spsram_2048x32_0/x_aq_f_spsram_2048x32/ram0_wen,0,0.0,0.0,0.0,0.0,,0
x_aq_ifu_top/x_aq_ifu_icache/x_aq_ifu_icache_data_array/x_aq_spsram_2048x32_0/x_aq_f_spsram_2048x32/ram1_din[7:0],1432,0.04768723567218355,11.167694902234638,5.641418496025318,0.4036312849162011,0.15062612115488921,8
x_aq_ifu_top/x_aq_ifu_icache/x_aq_ifu_icache_data_array/x_aq_spsram_2048x32_0/x_aq_f_spsram_2048x32/ram1_dout[7:0],3758,0.12514569249725266,6.79109593400745,3.430557025937905,0.1341138903672166,-0.11724467314978834,8
x_aq_ifu_top/x_aq_ifu_icache/x_aq_ifu_icache_data_array/x_aq_spsram_2048x32_0/x_aq_f_spsram_2048x32/ram1_wen,0,0.0,0.0,0.0,0.0,,0
x_aq_ifu_top/x_aq_ifu_icache/x_aq_ifu_icache_data_array/x_aq_spsram_2048x32_0/x_aq_f_spsram_2048x32/ram2_din[7:0],1585,0.05278231043324786,11.219203526813882,5.667438342551392,0.4037854889589905,-0.04349131301432827,8
x_aq_ifu_top/x_aq_ifu_icache/x_aq_ifu_icache_data_array/x_aq_spsram_2048x32_0/x_aq_f_spsram_2048x32/ram2_dout[7:0],4693,0.1562822604815345,6.540380036224164,3.303906601173954,0.12294907308757724,-0.21133002541654017,8
x_aq_ifu_top/x_aq_ifu_icache/x_aq_ifu_icache_data_array/x_aq_spsram_2048x32_0/x_aq_f_spsram_2048x32/ram2_wen,0,0.0,0.0,0.0,0.0,,0
x_aq_ifu_top/x_aq_ifu_icache/x_aq_ifu_icache_data_array/x_aq_spsram_2048x32_0/x_aq_f_spsram_2048x32/ram3_din[7:0],1493,0.04971860534816344,11.163018975217682,5.639056427452489,0.4072337575351641,0.03665087495420511,8
x_aq_ifu_top/x_aq_ifu_icache/x_aq_ifu_icache_data_array/x_aq_spsram_2048x32_0/x_aq_f_spsram_2048x32/ram3_dout[7:0],4307,0.14342801958107163,6.568289872300905,3.31800539836019,0.12421639192013002,-0.13013497474971802,8
x_aq_ifu_top/x_aq_ifu_icache/x_aq_ifu_icache_data_array/x_aq_spsram_2048x32_0/x_aq_f_spsram_2048x32/ram3_wen,0,0.0,0.0,0.0,0.0,,0
x_aq_ifu_top/x_aq_ifu_icache/x_aq_ifu_icache_data_array/x_aq_spsram_2048x32_0/x_aq_f_spsram_2048x32/ram0/PortAClk,0,0.0,0.0,0.0,0.0,,0
x_aq_ifu_top/x_aq_ifu_icache/x_aq_ifu_icache_data_array/x_aq_spsram_2048x32_0/x_aq_f_spsram_2048x32/ram0/PortAAddr[10:0],3658,0.12181557827433481,7.54322710770913,3.8104999552445475,0.18562055768179334,-0.030094417452744215,11
x_aq_ifu_top/x_aq_ifu_icache/x_aq_ifu_icache_data_array/x_aq_spsram_2048x32_0/x_aq_f_spsram_2048x32/ram0/PortADataIn[7:0],1606,0.05348163442006061,11.166316855541721,5.640722368653478,0.4016189290161893,0.15415010149701258,8
x_aq_ifu_top/x_aq_ifu_icache/x_aq_ifu_icache_data_array/x_aq_spsram_2048x32_0/x_aq_f_spsram_2048x32/ram0/PortAWriteEnable,0,0.0,0.0,0.0,0.0,,0
x_aq_ifu_top/x_aq_ifu_icache/x_aq_ifu_icache_data_array/x_aq_spsram_2048x32_0/x_aq_f_spsram_2048x32/ram1/PortAClk,0,0.0,0.0,0.0,0.0,,0
x_aq_ifu_top/x_aq_ifu_icache/x_aq_ifu_icache_data_array/x_aq_spsram_2048x32_0/x_aq_f_spsram_2048x32/ram1/PortAAddr[10:0],3658,0.12181557827433481,7.54322710770913,3.8104999552445475,0.18562055768179334,-0.030094417452744215,11
x_aq_ifu_top/x_aq_ifu_icache/x_aq_ifu_icache_data_array/x_aq_spsram_2048x32_0/x_aq_f_spsram_2048x32/ram1/PortADataIn[7:0],1432,0.04768723567218355,11.167694902234638,5.641418496025318,0.4036312849162011,0.15062612115488921,8
x_aq_ifu_top/x_aq_ifu_icache/x_aq_ifu_icache_data_array/x_aq_spsram_2048x32_0/x_aq_f_spsram_2048x32/ram1/PortAWriteEnable,0,0.0,0.0,0.0,0.0,,0
x_aq_ifu_top/x_aq_ifu_icache/x_aq_ifu_icache_data_array/x_aq_spsram_2048x32_0/x_aq_f_spsram_2048x32/ram2/PortAClk,0,0.0,0.0,0.0,0.0,,0
x_aq_ifu_top/x_aq_ifu_icache/x_aq_ifu_icache_data_array/x_aq_spsram_2048x32_0/x_aq_f_spsram_2048x32/ram2/PortAAddr[10:0],3658,0.12181557827433481,7.54322710770913,3.8104999552445475,0.18562055768179334,-0.030094417452744215,11
x_aq_ifu_top/x_aq_ifu_icache/x_aq_ifu_icache_data_array/x_aq_spsram_2048x32_0/x_aq_f_spsram_2048x32/ram2/PortADataIn[7:0],1585,0.05278231043324786,11.219203526813882,5.667438342551392,0.4037854889589905,-0.04349131301432827,8
x_aq_ifu_top/x_aq_ifu_icache/x_aq_ifu_icache_data_array/x_aq_spsram_2048x32_0/x_aq_f_spsram_2048x32/ram2/PortAWriteEnable,0,0.0,0.0,0.0,0.0,,0
x_aq_ifu_top/x_aq_ifu_icache/x_aq_ifu_icache_data_array/x_aq_spsram_2048x32_0/x_aq_f_spsram_2048x32/ram3/PortAClk,0,0.0,0.0,0.0,0.0,,0
x_aq_ifu_top/x_aq_ifu_icache/x_aq_ifu_icache_data_array/x_aq_spsram_2048x32_0/x_aq_f_spsram_2048x32/ram3/PortAAddr[10:0],3658,0.12181557827433481,7.54322710770913,3.8104999552445475,0.18562055768179334,-0.030094417452744215,11
x_aq_ifu_top/x_aq_ifu_icache/x_aq_ifu_icache_data_array/x_aq_spsram_2048x32_0/x_aq_f_spsram_2048x32/ram3/PortADataIn[7:0],1493,0.04971860534816344,11.163018975217682,5.639056427452489,0.4072337575351641,0.03665087495420511,8
x_aq_ifu_top/x_aq_ifu_icache/x_aq_ifu_icache_data_array/x_aq_spsram_2048x32_0/x_aq_f_spsram_2048x32/ram3/PortAWriteEnable,0,0.0,0.0,0.0,0.0,,0
x_aq_ifu_top/x_aq_ifu_ipack/cp0_ifu_icg_en,0,0.0,0.0,0.0,0.0,,0
x_aq_ifu_top/x_aq_ifu_ipack/cp0_yy_clk_en,1,3.330114222917846e-05,21.131999999999998,10.6749384453682,1.0,-0.05631263816658485,1
x_aq_ifu_top/x_aq_ifu_ipack/cpurst_b,3,9.990342668753538e-05,11.372333333333332,5.74479265159674,0.3333333333333333,-0.0038230699005505813,1
x_aq_ifu_top/x_aq_ifu_ipack/ctrl_ipack_cancel,602,0.020047287621965434,4.608699401993356,2.328108197495945,0.016611295681063124,0.2005807481934781,1
x_aq_ifu_top/x_aq_ifu_ipack/forever_cpuclk,0,0.0,0.0,0.0,0.0,,0
x_aq_ifu_top/x_aq_ifu_ipack/ibuf_ipack_stall,118,0.0039295347830430585,6.252341610169493,3.1584025093684294,0.0423728813559322,-0.10265619300372755,1
x_aq_ifu_top/x_aq_ifu_ipack/icache_ipack_acc_err,0,0.0,0.0,0.0,0.0,,0
x_aq_ifu_top/x_aq_ifu_ipack/icache_ipack_inst[31:0],4187,0.13943188251357022,5.754792545975639,2.907063041555636,0.10747551946501074,-0.054254953761585054,24
x_aq_ifu_top/x_aq_ifu_ipack/icache_ipack_inst_vld,389,0.012954144327150422,5.674730077120823,2.866619073790665,0.007712082262210797,0.7099346047884483,1
x_aq_ifu_top/x_aq_ifu_ipack/icache_ipack_inst_vld_gate,403,0.01342036031835892,5.696339106699751,2.877534986180368,0.007444168734491315,0.7187806921234715,1
x_aq_ifu_top/x_aq_ifu_ipack/icache_ipack_pgflt,0,0.0,0.0,0.0,0.0,,0
x_aq_ifu_top/x_aq_ifu_ipack/icache_ipack_unalign,18,0.0005994205601252123,5.299333333333334,2.6769854786494998,0.0,-0.032539503263665774,1
x_aq_ifu_top/x_aq_ifu_ipack/ipack_ibuf_acc_err[2:0],0,0.0,0.0,0.0,0.0,,0
x_aq_ifu_top/x_aq_ifu_ipack/ipack_ibuf_inst[47:0],4318,0.1437943321455926,4.986050801296897,2.518729196920461,0.04145437702640111,-0.009794294951697357,39
x_aq_ifu_top/x_aq_ifu_ipack/ipack_ibuf_inst_all,42,0.0013986479736254954,10.47654761904762,5.29228189254695,0.0,-0.06035012192343032,1
x_aq_ifu_top/x_aq_ifu_ipack/ipack_ibuf_inst_full,44,0.0014652502580838522,10.598136363636364,5.35370307199681,0.0,-0.06036567366684212,1
x_aq_ifu_top/x_aq_ifu_ipack/ipack_ibuf_inst_one,10,0.00033301142229178463,4.921,2.4858684502014445,0.0,-0.03729887987776101,1
x_aq_ifu_top/x_aq_ifu_ipack/ipack_ibuf_inst_two,72,0.002397682240500849,8.30373611111111,4.194674988297002,0.0,-0.04802274703525392,1
x_aq_ifu_top/x_aq_ifu_ipack/ipack_ibuf_inst_vld,799,0.02660761264111359,3.9023153942428035,1.971274684268156,0.0037546933667083854,0.5734027154087064,1
x_aq_ifu_top/x_aq_ifu_ipack/ipack_ibuf_inst_vld_raw,853,0.02840587432148923,4.6398452520515825,2.3438416837821574,0.0011723329425556857,0.3580067491677884,1
x_aq_ifu_top/x_aq_ifu_ipack/ipack_ibuf_pgflt[2:0],0,0.0,0.0,0.0,0.0,,0
x_aq_ifu_top/x_aq_ifu_ipack/ipack_pcgen_reissue,0,0.0,0.0,0.0,0.0,,0
x_aq_ifu_top/x_aq_ifu_ipack/ipack_pred_h0_create,614,0.020446901328715576,3.917758957654723,1.9790760797252536,0.003257328990228013,0.43360620707298264,1
x_aq_ifu_top/x_aq_ifu_ipack/ipack_pred_h0_vld,536,0.017849412234839657,4.406951492537313,2.2261942037932685,0.016791044776119403,-0.08293786261904372,1
x_aq_ifu_top/x_aq_ifu_ipack/ipack_pred_inst0[31:0],4300,0.14319491158546738,4.989274967441861,2.5203579010249055,0.0413953488372093,-0.03374120214264976,26
x_aq_ifu_top/x_aq_ifu_ipack/ipack_pred_inst0_expt,0,0.0,0.0,0.0,0.0,,0
x_aq_ifu_top/x_aq_ifu_ipack/ipack_pred_inst0_vld,853,0.02840587432148923,4.6398452520515825,2.3438416837821574,0.0011723329425556857,0.3580067491677884,1
x_aq_ifu_top/x_aq_ifu_ipack/ipack_pred_inst1[15:0],3477,0.1157880715308535,4.7691758412424505,2.409173695835712,0.04141501294219154,-0.00979406023149104,15
x_aq_ifu_top/x_aq_ifu_ipack/ipack_pred_inst1_expt,0,0.0,0.0,0.0,0.0,,0
x_aq_ifu_top/x_aq_ifu_ipack/ipack_pred_inst1_vld,74,0.002464284524959206,8.434756756756755,4.260860741057727,0.0,-0.04807264599579715,1
x_aq_ifu_top/x_aq_ifu_ipack/ipack_pred_unalign,0,0.0,0.0,0.0,0.0,,0
x_aq_ifu_top/x_aq_ifu_ipack/ipack_top_entry0_vld,536,0.017849412234839657,4.406951492537313,2.2261942037932685,0.016791044776119403,-0.08293786261904372,1
x_aq_ifu_top/x_aq_ifu_ipack/ipack_top_entry1_vld,849,0.02827266975257251,4.656114252061249,2.352060052780401,0.001177856301531213,0.35603850175879037,1
x_aq_ifu_top/x_aq_ifu_ipack/ipack_top_entry2_vld,877,0.02920510173498951,4.522870011402508,2.2847510395667023,0.0011402508551881414,0.38443142518386697,1
x_aq_ifu_top/x_aq_ifu_ipack/iu_ifu_tar_pc_vld,0,0.0,0.0,0.0,0.0,,0
x_aq_ifu_top/x_aq_ifu_ipack/pad_yy_icg_scan_en,0,0.0,0.0,0.0,0.0,,0
x_aq_ifu_top/x_aq_ifu_ipack/pred_ipack_chgflw_vld0,8,0.00026640913783342767,12.385625,6.256662146621878,0.0,-0.01037305446173478,1
x_aq_ifu_top/x_aq_ifu_ipack/pred_ipack_delay_stall,0,0.0,0.0,0.0,0.0,,0
x_aq_ifu_top/x_aq_ifu_ipack/pred_ipack_mask,0,0.0,0.0,0.0,0.0,,0
x_aq_ifu_top/x_aq_ifu_ipack/pred_ipack_ret_stall,0,0.0,0.0,0.0,0.0,,0
x_aq_ifu_top/x_aq_ifu_ipack/rtu_ifu_chgflw_vld,0,0.0,0.0,0.0,0.0,,0
x_aq_ifu_top/x_aq_ifu_ipack/rtu_ifu_flush_fe,0,0.0,0.0,0.0,0.0,,0
x_aq_ifu_top/x_aq_ifu_ipack/entry0_acc_err,0,0.0,0.0,0.0,0.0,,0
x_aq_ifu_top/x_aq_ifu_ipack/entry0_create_en,614,0.020446901328715576,3.917758957654723,1.9790760797252536,0.003257328990228013,0.43360620707298264,1
x_aq_ifu_top/x_aq_ifu_ipack/entry0_create_icg_en,646,0.021512537880049285,4.371605263157894,2.2083388742976613,0.0015479876160990713,0.30449332045229055,1
x_aq_ifu_top/x_aq_ifu_ipack/entry0_inst[15:0],2187,0.07282959805521329,4.690073159579332,2.3692145695051545,0.027892089620484683,-0.026528936069214814,13
x_aq_ifu_top/x_aq_ifu_ipack/entry0_pgflt,0,0.0,0.0,0.0,0.0,,0
x_aq_ifu_top/x_aq_ifu_ipack/entry0_retire_en,795,0.026474408072196875,3.9159786163522012,1.978176731163065,0.0037735849056603774,0.5717394161011696,1
x_aq_ifu_top/x_aq_ifu_ipack/entry0_upd_acc_err,0,0.0,0.0,0.0,0.0,,0
x_aq_ifu_top/x_aq_ifu_ipack/entry0_upd_inst[15:0],3477,0.1157880715308535,4.7691758412424505,2.409173695835712,0.04141501294219154,-0.00979406023149104,15
x_aq_ifu_top/x_aq_ifu_ipack/entry0_upd_pgflt,0,0.0,0.0,0.0,0.0,,0
x_aq_ifu_top/x_aq_ifu_ipack/entry0_vld,536,0.017849412234839657,4.406951492537313,2.2261942037932685,0.016791044776119403,-0.08293786261904372,1
x_aq_ifu_top/x_aq_ifu_ipack/entry1_acc_err,0,0.0,0.0,0.0,0.0,,0
x_aq_ifu_top/x_aq_ifu_ipack/entry1_create_en,815,0.027140430916780447,3.9886650306748463,2.0148946470588043,0.0036809815950920245,0.5762274291509003,1
x_aq_ifu_top/x_aq_ifu_ipack/entry1_create_icg_en,779,0.02594158979653002,5.01938082156611,2.5355660280181667,0.0038510911424903724,0.6781430531155476,1
x_aq_ifu_top/x_aq_ifu_ipack/entry1_inst[15:0],3283,0.10932764993839289,4.81037873895827,2.4299875514521787,0.042643923240938165,-0.07877072269618372,15
x_aq_ifu_top/x_aq_ifu_ipack/entry1_pgflt,0,0.0,0.0,0.0,0.0,,0
x_aq_ifu_top/x_aq_ifu_ipack/entry1_retire_en,203,0.006760131872523227,6.87979802955665,3.475365345546218,0.024630541871921183,0.0738838040373215,1
x_aq_ifu_top/x_aq_ifu_ipack/entry1_upd_acc_err,0,0.0,0.0,0.0,0.0,,0
x_aq_ifu_top/x_aq_ifu_ipack/entry1_upd_inst[15:0],4034,0.13433680775250592,5.807310974219137,2.9335929955943842,0.11031234506693109,0.028136730930783307,15
x_aq_ifu_top/x_aq_ifu_ipack/entry1_upd_pgflt,0,0.0,0.0,0.0,0.0,,0
x_aq_ifu_top/x_aq_ifu_ipack/entry1_vld,849,0.02827266975257251,4.656114252061249,2.352060052780401,0.001177856301531213,0.35603850175879037,1
x_aq_ifu_top/x_aq_ifu_ipack/entry2_acc_err,0,0.0,0.0,0.0,0.0,,0
x_aq_ifu_top/x_aq_ifu_ipack/entry2_create_en,847,0.028206067468114156,4.025343565525383,2.0334229975128917,0.0035419126328217238,0.5983165221302286,1
x_aq_ifu_top/x_aq_ifu_ipack/entry2_create_icg_en,403,0.01342036031835892,5.696339106699751,2.877534986180368,0.007444168734491315,0.7187806921234715,1
x_aq_ifu_top/x_aq_ifu_ipack/entry2_inst[15:0],3477,0.1157880715308535,4.7691758412424505,2.409173695835712,0.04141501294219154,-0.00979406023149104,15
x_aq_ifu_top/x_aq_ifu_ipack/entry2_pgflt,0,0.0,0.0,0.0,0.0,,0
x_aq_ifu_top/x_aq_ifu_ipack/entry2_retire_en,207,0.006893336441439942,6.779222222222222,3.42455895938361,0.024154589371980676,0.07273061613784144,1
x_aq_ifu_top/x_aq_ifu_ipack/entry2_upd_acc_err,0,0.0,0.0,0.0,0.0,,0
x_aq_ifu_top/x_aq_ifu_ipack/entry2_upd_inst[15:0],3996,0.13307136434779712,5.848717064564564,2.954509495012366,0.11136136136136136,-0.054254949604773686,15
x_aq_ifu_top/x_aq_ifu_ipack/entry2_upd_pgflt,0,0.0,0.0,0.0,0.0,,0
x_aq_ifu_top/x_aq_ifu_ipack/entry2_vld,877,0.02920510173498951,4.522870011402508,2.2847510395667023,0.0011402508551881414,0.38443142518386697,1
x_aq_ifu_top/x_aq_ifu_ipack/h0_vld,536,0.017849412234839657,4.406951492537313,2.2261942037932685,0.016791044776119403,-0.08293786261904372,1
x_aq_ifu_top/x_aq_ifu_ipack/h1_16bit_vld,840,0.02797295947250991,4.532555952380952,2.289643942450024,0.004761904761904762,0.21309365966195276,1
x_aq_ifu_top/x_aq_ifu_ipack/h1_32bit_vld,453,0.015085417429817843,4.797569536423841,2.4235169169363124,0.006622516556291391,0.15315421843007934,1
x_aq_ifu_top/x_aq_ifu_ipack/h2_16bit_vld,466,0.015518332278797163,4.939218884120171,2.495071813182995,0.002145922746781116,0.0914479877333998,1
x_aq_ifu_top/x_aq_ifu_ipack/h2_32bit_vld,680,0.022644776715841353,4.444564705882353,2.2451947118942903,0.0014705882352941176,0.3112353011195414,1
x_aq_ifu_top/x_aq_ifu_ipack/icache_inst_vld,869,0.028938692597156083,4.674387802071346,2.3612910305173,0.0034522439585730723,0.6088406573116779,1
x_aq_ifu_top/x_aq_ifu_ipack/ipack_acc_err0,0,0.0,0.0,0.0,0.0,,0
x_aq_ifu_top/x_aq_ifu_ipack/ipack_acc_err1,0,0.0,0.0,0.0,0.0,,0
x_aq_ifu_top/x_aq_ifu_ipack/ipack_acc_err2,0,0.0,0.0,0.0,0.0,,0
x_aq_ifu_top/x_aq_ifu_ipack/ipack_align_create,841,0.028006260614739084,4.646904875148633,2.347407888685078,0.0035671819262782403,0.586995048708961,1
x_aq_ifu_top/x_aq_ifu_ipack/ipack_all_vld,42,0.0013986479736254954,10.47654761904762,5.29228189254695,0.0,-0.06035012192343032,1
x_aq_ifu_top/x_aq_ifu_ipack/ipack_buf_flush,62,0.0020646708182090645,4.54375870967742,2.295303072894762,0.0,0.04281758761499191,1
x_aq_ifu_top/x_aq_ifu_ipack/ipack_buf_stall,118,0.0039295347830430585,6.252341610169493,3.1584025093684294,0.0423728813559322,-0.10265619300372755,1
x_aq_ifu_top/x_aq_ifu_ipack/ipack_cpuclk,0,0.0,0.0,0.0,0.0,,0
x_aq_ifu_top/x_aq_ifu_ipack/ipack_empty,774,0.025775084085384127,5.328846666666665,2.6918942907189183,0.06201550387596899,-0.17231352100066133,1
x_aq_ifu_top/x_aq_ifu_ipack/ipack_first_inst[31:0],4300,0.14319491158546738,4.989274967441861,2.5203579010249055,0.0413953488372093,-0.03374120214264976,26
x_aq_ifu_top/x_aq_ifu_ipack/ipack_first_vld,853,0.02840587432148923,4.6398452520515825,2.3438416837821574,0.0011723329425556857,0.3580067491677884,1
x_aq_ifu_top/x_aq_ifu_ipack/ipack_full,658,0.021912151586799426,4.68506838905775,2.366686383945289,0.00303951367781155,0.2706830564758104,1
x_aq_ifu_top/x_aq_ifu_ipack/ipack_icg_en,237,0.007892370708315295,7.803894599156117,3.9421774787115704,0.25316455696202533,0.20016907789399552,1
x_aq_ifu_top/x_aq_ifu_ipack/ipack_one_16bit_vld,10,0.00033301142229178463,4.921,2.4858684502014445,0.0,-0.03729887987776101,1
x_aq_ifu_top/x_aq_ifu_ipack/ipack_pgflt0,0,0.0,0.0,0.0,0.0,,0
x_aq_ifu_top/x_aq_ifu_ipack/ipack_pgflt1,0,0.0,0.0,0.0,0.0,,0
x_aq_ifu_top/x_aq_ifu_ipack/ipack_pgflt2,0,0.0,0.0,0.0,0.0,,0
x_aq_ifu_top/x_aq_ifu_ipack/ipack_retire_inst[47:0],4318,0.1437943321455926,4.986050801296897,2.518729196920461,0.04145437702640111,-0.009794294951697357,39
x_aq_ifu_top/x_aq_ifu_ipack/ipack_retire_one,10,0.00033301142229178463,4.921,2.4858684502014445,0.0,-0.03729887987776101,1
x_aq_ifu_top/x_aq_ifu_ipack/ipack_retire_vld,853,0.02840587432148923,4.6398452520515825,2.3438416837821574,0.0011723329425556857,0.3580067491677884,1
x_aq_ifu_top/x_aq_ifu_ipack/ipack_secnd_inst[15:0],3477,0.1157880715308535,4.7691758412424505,2.409173695835712,0.04141501294219154,-0.00979406023149104,15
x_aq_ifu_top/x_aq_ifu_ipack/ipack_secnd_vld,74,0.002464284524959206,8.434756756756755,4.260860741057727,0.0,-0.04807264599579715,1
x_aq_ifu_top/x_aq_ifu_ipack/x_aq_ifu_ipack_icg_cell/clk_in,0,0.0,0.0,0.0,0.0,,0
x_aq_ifu_top/x_aq_ifu_ipack/x_aq_ifu_ipack_icg_cell/global_en,1,3.330114222917846e-05,21.131999999999998,10.6749384453682,1.0,-0.05631263816658485,1
x_aq_ifu_top/x_aq_ifu_ipack/x_aq_ifu_ipack_icg_cell/module_en,0,0.0,0.0,0.0,0.0,,0
x_aq_ifu_top/x_aq_ifu_ipack/x_aq_ifu_ipack_icg_cell/local_en,237,0.007892370708315295,7.803894599156117,3.9421774787115704,0.25316455696202533,0.20016907789399552,1
x_aq_ifu_top/x_aq_ifu_ipack/x_aq_ifu_ipack_icg_cell/external_en,0,0.0,0.0,0.0,0.0,,0
x_aq_ifu_top/x_aq_ifu_ipack/x_aq_ifu_ipack_icg_cell/pad_yy_icg_scan_en,0,0.0,0.0,0.0,0.0,,0
x_aq_ifu_top/x_aq_ifu_ipack/x_aq_ifu_ipack_icg_cell/clk_out,0,0.0,0.0,0.0,0.0,,0
x_aq_ifu_top/x_aq_ifu_ipack/x_aq_ifu_ipack_icg_cell/clk_en_bf_latch,237,0.007892370708315295,7.803894599156117,3.9421774787115704,0.25316455696202533,0.20016907789399552,1
x_aq_ifu_top/x_aq_ifu_ipack/x_aq_ifu_ipack_icg_cell/SE,0,0.0,0.0,0.0,0.0,,0
x_aq_ifu_top/x_aq_ifu_ipack/x_aq_ifu_ipack_entry0/cp0_ifu_icg_en,0,0.0,0.0,0.0,0.0,,0
x_aq_ifu_top/x_aq_ifu_ipack/x_aq_ifu_ipack_entry0/cp0_yy_clk_en,1,3.330114222917846e-05,21.131999999999998,10.6749384453682,1.0,-0.05631263816658485,1
x_aq_ifu_top/x_aq_ifu_ipack/x_aq_ifu_ipack_entry0/cpurst_b,3,9.990342668753538e-05,11.372333333333332,5.74479265159674,0.3333333333333333,-0.0038230699005505813,1
x_aq_ifu_top/x_aq_ifu_ipack/x_aq_ifu_ipack_entry0/forever_cpuclk,0,0.0,0.0,0.0,0.0,,0
x_aq_ifu_top/x_aq_ifu_ipack/x_aq_ifu_ipack_entry0/ipack_buf_flush,62,0.0020646708182090645,4.54375870967742,2.295303072894762,0.0,0.04281758761499191,1
x_aq_ifu_top/x_aq_ifu_ipack/x_aq_ifu_ipack_entry0/ipack_cpuclk,0,0.0,0.0,0.0,0.0,,0
x_aq_ifu_top/x_aq_ifu_ipack/x_aq_ifu_ipack_entry0/ipack_entry_acc_err,0,0.0,0.0,0.0,0.0,,0
x_aq_ifu_top/x_aq_ifu_ipack/x_aq_ifu_ipack_entry0/ipack_entry_create_en,614,0.020446901328715576,3.917758957654723,1.9790760797252536,0.003257328990228013,0.43360620707298264,1
x_aq_ifu_top/x_aq_ifu_ipack/x_aq_ifu_ipack_entry0/ipack_entry_create_icg_en,646,0.021512537880049285,4.371605263157894,2.2083388742976613,0.0015479876160990713,0.30449332045229055,1
x_aq_ifu_top/x_aq_ifu_ipack/x_aq_ifu_ipack_entry0/ipack_entry_inst[15:0],2187,0.07282959805521329,4.690073159579332,2.3692145695051545,0.027892089620484683,-0.026528936069214814,13
x_aq_ifu_top/x_aq_ifu_ipack/x_aq_ifu_ipack_entry0/ipack_entry_pgflt,0,0.0,0.0,0.0,0.0,,0
x_aq_ifu_top/x_aq_ifu_ipack/x_aq_ifu_ipack_entry0/ipack_entry_retire_en,795,0.026474408072196875,3.9159786163522012,1.978176731163065,0.0037735849056603774,0.5717394161011696,1
x_aq_ifu_top/x_aq_ifu_ipack/x_aq_ifu_ipack_entry0/ipack_entry_upd_acc_err,0,0.0,0.0,0.0,0.0,,0
x_aq_ifu_top/x_aq_ifu_ipack/x_aq_ifu_ipack_entry0/ipack_entry_upd_inst[15:0],3477,0.1157880715308535,4.7691758412424505,2.409173695835712,0.04141501294219154,-0.00979406023149104,15
x_aq_ifu_top/x_aq_ifu_ipack/x_aq_ifu_ipack_entry0/ipack_entry_upd_pgflt,0,0.0,0.0,0.0,0.0,,0
x_aq_ifu_top/x_aq_ifu_ipack/x_aq_ifu_ipack_entry0/ipack_entry_vld,536,0.017849412234839657,4.406951492537313,2.2261942037932685,0.016791044776119403,-0.08293786261904372,1
x_aq_ifu_top/x_aq_ifu_ipack/x_aq_ifu_ipack_entry0/pad_yy_icg_scan_en,0,0.0,0.0,0.0,0.0,,0
x_aq_ifu_top/x_aq_ifu_ipack/x_aq_ifu_ipack_entry0/entry_cpuclk,0,0.0,0.0,0.0,0.0,,0
x_aq_ifu_top/x_aq_ifu_ipack/x_aq_ifu_ipack_entry0/entry_icg_en,646,0.021512537880049285,4.371605263157894,2.2083388742976613,0.0015479876160990713,0.30449332045229055,1
x_aq_ifu_top/x_aq_ifu_ipack/x_aq_ifu_ipack_entry0/x_ipack_data_icg_cell/clk_in,0,0.0,0.0,0.0,0.0,,0
x_aq_ifu_top/x_aq_ifu_ipack/x_aq_ifu_ipack_entry0/x_ipack_data_icg_cell/global_en,1,3.330114222917846e-05,21.131999999999998,10.6749384453682,1.0,-0.05631263816658485,1
x_aq_ifu_top/x_aq_ifu_ipack/x_aq_ifu_ipack_entry0/x_ipack_data_icg_cell/module_en,0,0.0,0.0,0.0,0.0,,0
x_aq_ifu_top/x_aq_ifu_ipack/x_aq_ifu_ipack_entry0/x_ipack_data_icg_cell/local_en,646,0.021512537880049285,4.371605263157894,2.2083388742976613,0.0015479876160990713,0.30449332045229055,1
x_aq_ifu_top/x_aq_ifu_ipack/x_aq_ifu_ipack_entry0/x_ipack_data_icg_cell/external_en,0,0.0,0.0,0.0,0.0,,0
x_aq_ifu_top/x_aq_ifu_ipack/x_aq_ifu_ipack_entry0/x_ipack_data_icg_cell/pad_yy_icg_scan_en,0,0.0,0.0,0.0,0.0,,0
x_aq_ifu_top/x_aq_ifu_ipack/x_aq_ifu_ipack_entry0/x_ipack_data_icg_cell/clk_out,0,0.0,0.0,0.0,0.0,,0
x_aq_ifu_top/x_aq_ifu_ipack/x_aq_ifu_ipack_entry0/x_ipack_data_icg_cell/clk_en_bf_latch,646,0.021512537880049285,4.371605263157894,2.2083388742976613,0.0015479876160990713,0.30449332045229055,1
x_aq_ifu_top/x_aq_ifu_ipack/x_aq_ifu_ipack_entry0/x_ipack_data_icg_cell/SE,0,0.0,0.0,0.0,0.0,,0
x_aq_ifu_top/x_aq_ifu_ipack/x_aq_ifu_ipack_entry1/cp0_ifu_icg_en,0,0.0,0.0,0.0,0.0,,0
x_aq_ifu_top/x_aq_ifu_ipack/x_aq_ifu_ipack_entry1/cp0_yy_clk_en,1,3.330114222917846e-05,21.131999999999998,10.6749384453682,1.0,-0.05631263816658485,1
x_aq_ifu_top/x_aq_ifu_ipack/x_aq_ifu_ipack_entry1/cpurst_b,3,9.990342668753538e-05,11.372333333333332,5.74479265159674,0.3333333333333333,-0.0038230699005505813,1
x_aq_ifu_top/x_aq_ifu_ipack/x_aq_ifu_ipack_entry1/forever_cpuclk,0,0.0,0.0,0.0,0.0,,0
x_aq_ifu_top/x_aq_ifu_ipack/x_aq_ifu_ipack_entry1/ipack_buf_flush,62,0.0020646708182090645,4.54375870967742,2.295303072894762,0.0,0.04281758761499191,1
x_aq_ifu_top/x_aq_ifu_ipack/x_aq_ifu_ipack_entry1/ipack_cpuclk,0,0.0,0.0,0.0,0.0,,0
x_aq_ifu_top/x_aq_ifu_ipack/x_aq_ifu_ipack_entry1/ipack_entry_acc_err,0,0.0,0.0,0.0,0.0,,0
x_aq_ifu_top/x_aq_ifu_ipack/x_aq_ifu_ipack_entry1/ipack_entry_create_en,815,0.027140430916780447,3.9886650306748463,2.0148946470588043,0.0036809815950920245,0.5762274291509003,1
x_aq_ifu_top/x_aq_ifu_ipack/x_aq_ifu_ipack_entry1/ipack_entry_create_icg_en,779,0.02594158979653002,5.01938082156611,2.5355660280181667,0.0038510911424903724,0.6781430531155476,1
x_aq_ifu_top/x_aq_ifu_ipack/x_aq_ifu_ipack_entry1/ipack_entry_inst[15:0],3283,0.10932764993839289,4.81037873895827,2.4299875514521787,0.042643923240938165,-0.07877072269618372,15
x_aq_ifu_top/x_aq_ifu_ipack/x_aq_ifu_ipack_entry1/ipack_entry_pgflt,0,0.0,0.0,0.0,0.0,,0
x_aq_ifu_top/x_aq_ifu_ipack/x_aq_ifu_ipack_entry1/ipack_entry_retire_en,203,0.006760131872523227,6.87979802955665,3.475365345546218,0.024630541871921183,0.0738838040373215,1
x_aq_ifu_top/x_aq_ifu_ipack/x_aq_ifu_ipack_entry1/ipack_entry_upd_acc_err,0,0.0,0.0,0.0,0.0,,0
x_aq_ifu_top/x_aq_ifu_ipack/x_aq_ifu_ipack_entry1/ipack_entry_upd_inst[15:0],4034,0.13433680775250592,5.807310974219137,2.9335929955943842,0.11031234506693109,0.028136730930783307,15
x_aq_ifu_top/x_aq_ifu_ipack/x_aq_ifu_ipack_entry1/ipack_entry_upd_pgflt,0,0.0,0.0,0.0,0.0,,0
x_aq_ifu_top/x_aq_ifu_ipack/x_aq_ifu_ipack_entry1/ipack_entry_vld,849,0.02827266975257251,4.656114252061249,2.352060052780401,0.001177856301531213,0.35603850175879037,1
x_aq_ifu_top/x_aq_ifu_ipack/x_aq_ifu_ipack_entry1/pad_yy_icg_scan_en,0,0.0,0.0,0.0,0.0,,0
x_aq_ifu_top/x_aq_ifu_ipack/x_aq_ifu_ipack_entry1/entry_cpuclk,0,0.0,0.0,0.0,0.0,,0
x_aq_ifu_top/x_aq_ifu_ipack/x_aq_ifu_ipack_entry1/entry_icg_en,779,0.02594158979653002,5.01938082156611,2.5355660280181667,0.0038510911424903724,0.6781430531155476,1
x_aq_ifu_top/x_aq_ifu_ipack/x_aq_ifu_ipack_entry1/x_ipack_data_icg_cell/clk_in,0,0.0,0.0,0.0,0.0,,0
x_aq_ifu_top/x_aq_ifu_ipack/x_aq_ifu_ipack_entry1/x_ipack_data_icg_cell/global_en,1,3.330114222917846e-05,21.131999999999998,10.6749384453682,1.0,-0.05631263816658485,1
x_aq_ifu_top/x_aq_ifu_ipack/x_aq_ifu_ipack_entry1/x_ipack_data_icg_cell/module_en,0,0.0,0.0,0.0,0.0,,0
x_aq_ifu_top/x_aq_ifu_ipack/x_aq_ifu_ipack_entry1/x_ipack_data_icg_cell/local_en,779,0.02594158979653002,5.01938082156611,2.5355660280181667,0.0038510911424903724,0.6781430531155476,1
x_aq_ifu_top/x_aq_ifu_ipack/x_aq_ifu_ipack_entry1/x_ipack_data_icg_cell/external_en,0,0.0,0.0,0.0,0.0,,0
x_aq_ifu_top/x_aq_ifu_ipack/x_aq_ifu_ipack_entry1/x_ipack_data_icg_cell/pad_yy_icg_scan_en,0,0.0,0.0,0.0,0.0,,0
x_aq_ifu_top/x_aq_ifu_ipack/x_aq_ifu_ipack_entry1/x_ipack_data_icg_cell/clk_out,0,0.0,0.0,0.0,0.0,,0
x_aq_ifu_top/x_aq_ifu_ipack/x_aq_ifu_ipack_entry1/x_ipack_data_icg_cell/clk_en_bf_latch,779,0.02594158979653002,5.01938082156611,2.5355660280181667,0.0038510911424903724,0.6781430531155476,1
x_aq_ifu_top/x_aq_ifu_ipack/x_aq_ifu_ipack_entry1/x_ipack_data_icg_cell/SE,0,0.0,0.0,0.0,0.0,,0
x_aq_ifu_top/x_aq_ifu_ipack/x_aq_ifu_ipack_entry2/cp0_ifu_icg_en,0,0.0,0.0,0.0,0.0,,0
x_aq_ifu_top/x_aq_ifu_ipack/x_aq_ifu_ipack_entry2/cp0_yy_clk_en,1,3.330114222917846e-05,21.131999999999998,10.6749384453682,1.0,-0.05631263816658485,1
x_aq_ifu_top/x_aq_ifu_ipack/x_aq_ifu_ipack_entry2/cpurst_b,3,9.990342668753538e-05,11.372333333333332,5.74479265159674,0.3333333333333333,-0.0038230699005505813,1
x_aq_ifu_top/x_aq_ifu_ipack/x_aq_ifu_ipack_entry2/forever_cpuclk,0,0.0,0.0,0.0,0.0,,0
x_aq_ifu_top/x_aq_ifu_ipack/x_aq_ifu_ipack_entry2/ipack_buf_flush,62,0.0020646708182090645,4.54375870967742,2.295303072894762,0.0,0.04281758761499191,1
x_aq_ifu_top/x_aq_ifu_ipack/x_aq_ifu_ipack_entry2/ipack_cpuclk,0,0.0,0.0,0.0,0.0,,0
x_aq_ifu_top/x_aq_ifu_ipack/x_aq_ifu_ipack_entry2/ipack_entry_acc_err,0,0.0,0.0,0.0,0.0,,0
x_aq_ifu_top/x_aq_ifu_ipack/x_aq_ifu_ipack_entry2/ipack_entry_create_en,847,0.028206067468114156,4.025343565525383,2.0334229975128917,0.0035419126328217238,0.5983165221302286,1
x_aq_ifu_top/x_aq_ifu_ipack/x_aq_ifu_ipack_entry2/ipack_entry_create_icg_en,403,0.01342036031835892,5.696339106699751,2.877534986180368,0.007444168734491315,0.7187806921234715,1
x_aq_ifu_top/x_aq_ifu_ipack/x_aq_ifu_ipack_entry2/ipack_entry_inst[15:0],3477,0.1157880715308535,4.7691758412424505,2.409173695835712,0.04141501294219154,-0.00979406023149104,15
x_aq_ifu_top/x_aq_ifu_ipack/x_aq_ifu_ipack_entry2/ipack_entry_pgflt,0,0.0,0.0,0.0,0.0,,0
x_aq_ifu_top/x_aq_ifu_ipack/x_aq_ifu_ipack_entry2/ipack_entry_retire_en,207,0.006893336441439942,6.779222222222222,3.42455895938361,0.024154589371980676,0.07273061613784144,1
x_aq_ifu_top/x_aq_ifu_ipack/x_aq_ifu_ipack_entry2/ipack_entry_upd_acc_err,0,0.0,0.0,0.0,0.0,,0
x_aq_ifu_top/x_aq_ifu_ipack/x_aq_ifu_ipack_entry2/ipack_entry_upd_inst[15:0],3996,0.13307136434779712,5.848717064564564,2.954509495012366,0.11136136136136136,-0.054254949604773686,15
x_aq_ifu_top/x_aq_ifu_ipack/x_aq_ifu_ipack_entry2/ipack_entry_upd_pgflt,0,0.0,0.0,0.0,0.0,,0
x_aq_ifu_top/x_aq_ifu_ipack/x_aq_ifu_ipack_entry2/ipack_entry_vld,877,0.02920510173498951,4.522870011402508,2.2847510395667023,0.0011402508551881414,0.38443142518386697,1
x_aq_ifu_top/x_aq_ifu_ipack/x_aq_ifu_ipack_entry2/pad_yy_icg_scan_en,0,0.0,0.0,0.0,0.0,,0
x_aq_ifu_top/x_aq_ifu_ipack/x_aq_ifu_ipack_entry2/entry_cpuclk,0,0.0,0.0,0.0,0.0,,0
x_aq_ifu_top/x_aq_ifu_ipack/x_aq_ifu_ipack_entry2/entry_icg_en,403,0.01342036031835892,5.696339106699751,2.877534986180368,0.007444168734491315,0.7187806921234715,1
x_aq_ifu_top/x_aq_ifu_ipack/x_aq_ifu_ipack_entry2/x_ipack_data_icg_cell/clk_in,0,0.0,0.0,0.0,0.0,,0
x_aq_ifu_top/x_aq_ifu_ipack/x_aq_ifu_ipack_entry2/x_ipack_data_icg_cell/global_en,1,3.330114222917846e-05,21.131999999999998,10.6749384453682,1.0,-0.05631263816658485,1
x_aq_ifu_top/x_aq_ifu_ipack/x_aq_ifu_ipack_entry2/x_ipack_data_icg_cell/module_en,0,0.0,0.0,0.0,0.0,,0
x_aq_ifu_top/x_aq_ifu_ipack/x_aq_ifu_ipack_entry2/x_ipack_data_icg_cell/local_en,403,0.01342036031835892,5.696339106699751,2.877534986180368,0.007444168734491315,0.7187806921234715,1
x_aq_ifu_top/x_aq_ifu_ipack/x_aq_ifu_ipack_entry2/x_ipack_data_icg_cell/external_en,0,0.0,0.0,0.0,0.0,,0
x_aq_ifu_top/x_aq_ifu_ipack/x_aq_ifu_ipack_entry2/x_ipack_data_icg_cell/pad_yy_icg_scan_en,0,0.0,0.0,0.0,0.0,,0
x_aq_ifu_top/x_aq_ifu_ipack/x_aq_ifu_ipack_entry2/x_ipack_data_icg_cell/clk_out,0,0.0,0.0,0.0,0.0,,0
x_aq_ifu_top/x_aq_ifu_ipack/x_aq_ifu_ipack_entry2/x_ipack_data_icg_cell/clk_en_bf_latch,403,0.01342036031835892,5.696339106699751,2.877534986180368,0.007444168734491315,0.7187806921234715,1
x_aq_ifu_top/x_aq_ifu_ipack/x_aq_ifu_ipack_entry2/x_ipack_data_icg_cell/SE,0,0.0,0.0,0.0,0.0,,0
x_aq_ifu_top/x_aq_ifu_pcgen/btb_pcgen_tar_pc[39:0],6,0.00019980685337507077,1.8583333333333314,0.9387466375311954,0.0,-0.01216715310278523,10
x_aq_ifu_top/x_aq_ifu_pcgen/btb_xx_chgflw_vld,0,0.0,0.0,0.0,0.0,,0
x_aq_ifu_top/x_aq_ifu_pcgen/cp0_ifu_icg_en,0,0.0,0.0,0.0,0.0,,0
x_aq_ifu_top/x_aq_ifu_pcgen/cp0_xx_mrvbr[39:0],0,0.0,0.0,0.0,0.0,,0
x_aq_ifu_top/x_aq_ifu_pcgen/cp0_yy_clk_en,1,3.330114222917846e-05,21.131999999999998,10.6749384453682,1.0,-0.05631263816658485,1
x_aq_ifu_top/x_aq_ifu_pcgen/cpurst_b,3,9.990342668753538e-05,11.372333333333332,5.74479265159674,0.3333333333333333,-0.0038230699005505813,1
x_aq_ifu_top/x_aq_ifu_pcgen/forever_cpuclk,0,0.0,0.0,0.0,0.0,,0
x_aq_ifu_top/x_aq_ifu_pcgen/icache_pcgen_addr[39:0],3895,0.12970794898265012,4.321792297817716,2.1831755987540467,0.009242618741976894,-0.02655466024353408,13
x_aq_ifu_top/x_aq_ifu_pcgen/icache_pcgen_grant,403,0.01342036031835892,6.847178660049629,3.4588875033346826,0.08188585607940446,0.7151385595092005,1
x_aq_ifu_top/x_aq_ifu_pcgen/icache_pcgen_grant_gate,215,0.007159745579273369,6.936372093023256,3.503944024569045,0.14883720930232558,0.5225726873644304,1
x_aq_ifu_top/x_aq_ifu_pcgen/icache_pcgen_inst_vld,389,0.012954144327150422,5.674730077120823,2.866619073790665,0.007712082262210797,0.7099346047884483,1
x_aq_ifu_top/x_aq_ifu_pcgen/icache_pcgen_inst_vld_gate,403,0.01342036031835892,5.696339106699751,2.877534986180368,0.007444168734491315,0.7187806921234715,1
x_aq_ifu_top/x_aq_ifu_pcgen/ifu_iu_chgflw_pc[39:0],610,0.020313696759798862,4.745336131147541,2.397130943714825,0.018032786885245903,0.2321978474695842,10
x_aq_ifu_top/x_aq_ifu_pcgen/ifu_iu_chgflw_vld,0,0.0,0.0,0.0,0.0,,0
x_aq_ifu_top/x_aq_ifu_pcgen/ipack_pcgen_reissue,0,0.0,0.0,0.0,0.0,,0
x_aq_ifu_top/x_aq_ifu_pcgen/iu_ifu_tar_pc[63:0],4235,0.14103033734057077,4.832401659976387,2.4411125432303167,0.030460448642266824,-0.028634296229271355,14
x_aq_ifu_top/x_aq_ifu_pcgen/iu_ifu_tar_pc_vld,0,0.0,0.0,0.0,0.0,,0
x_aq_ifu_top/x_aq_ifu_pcgen/iu_ifu_tar_pc_vld_gate,0,0.0,0.0,0.0,0.0,,0
x_aq_ifu_top/x_aq_ifu_pcgen/pad_yy_icg_scan_en,0,0.0,0.0,0.0,0.0,,0
x_aq_ifu_top/x_aq_ifu_pcgen/pcgen_btb_ifpc[39:0],4211,0.1402311099270705,4.06136151982902,2.051617652307488,0.01139871764426502,-0.026169788903621163,12
x_aq_ifu_top/x_aq_ifu_pcgen/pcgen_ctrl_chgflw_vld,602,0.020047287621965434,4.608699401993356,2.328108197495945,0.016611295681063124,0.2005807481934781,1
x_aq_ifu_top/x_aq_ifu_pcgen/pcgen_ibuf_chgflw_vld,0,0.0,0.0,0.0,0.0,,0
x_aq_ifu_top/x_aq_ifu_pcgen/pcgen_icache_chgflw_vld,602,0.020047287621965434,4.604767508305648,2.3261219811846634,0.016611295681063124,0.201381497013036,1
x_aq_ifu_top/x_aq_ifu_pcgen/pcgen_icache_seq_tag[33:0],260,0.0086582969795864,4.238365384615384,2.141032064629403,0.0038461538461538464,-0.02759509730802672,8
x_aq_ifu_top/x_aq_ifu_pcgen/pcgen_icache_va[63:0],4211,0.1402311099270705,4.06136151982902,2.051617652307488,0.01139871764426502,-0.026169788903621163,12
x_aq_ifu_top/x_aq_ifu_pcgen/pcgen_pred_flush_vld,0,0.0,0.0,0.0,0.0,,0
x_aq_ifu_top/x_aq_ifu_pcgen/pcgen_pred_ifpc[39:0],4152,0.13826634253554898,4.185609585741812,2.114382201596486,0.008670520231213872,-0.025965633963422653,13
x_aq_ifu_top/x_aq_ifu_pcgen/pcgen_top_buf_chgflw,10,0.00033301142229178463,2.3248999999999995,1.1744351879441854,0.0,0.0005390739635565177,1
x_aq_ifu_top/x_aq_ifu_pcgen/pred_pcgen_chgflw_pc[39:0],3982,0.13260514835658863,4.74485394274234,2.3968873637628763,0.03792064289301859,-0.022711712283100427,13
x_aq_ifu_top/x_aq_ifu_pcgen/pred_pcgen_chgflw_vld,8,0.00026640913783342767,12.385625,6.256662146621878,0.0,-0.01037305446173478,1
x_aq_ifu_top/x_aq_ifu_pcgen/pred_pcgen_chgflw_vld_gate,106,0.003529921076292917,6.000443396226414,3.03115483151775,0.0,0.03172846138618511,1
x_aq_ifu_top/x_aq_ifu_pcgen/pred_pcgen_curflw_pc[39:0],10,0.00033301142229178463,5.862,2.961219438138766,0.0,-0.0010633485706064078,10
x_aq_ifu_top/x_aq_ifu_pcgen/pred_pcgen_curflw_vld,2,6.660228445835692e-05,10.982500000000002,5.547866339024053,0.0,-0.001268939121797307,1
x_aq_ifu_top/x_aq_ifu_pcgen/pred_pcgen_curflw_vld_gate,4,0.00013320456891671384,12.067000000000002,6.095707089733963,0.0,-0.0024667717961706793,1
x_aq_ifu_top/x_aq_ifu_pcgen/rtu_ifu_chgflw_pc[39:0],3840,0.1278763861600453,4.712746442708334,2.3806680950472945,0.02109375,-0.026876569420207403,13
x_aq_ifu_top/x_aq_ifu_pcgen/rtu_ifu_chgflw_vld,0,0.0,0.0,0.0,0.0,,0
x_aq_ifu_top/x_aq_ifu_pcgen/vec_pcgen_idle,1,3.330114222917846e-05,11.921,6.0219544391081925,0.0,-0.014572416203376948,1
x_aq_ifu_top/x_aq_ifu_pcgen/vec_pcgen_rst_vld,2,6.660228445835692e-05,10.800999999999998,5.456180680883112,0.5,-0.008239932014685099,1
x_aq_ifu_top/x_aq_ifu_pcgen/pcgen_br_chgflw_pc[39:0],3985,0.13270505178327616,4.747534604767879,2.398241513967091,0.037892095357590964,-0.026721013478295513,13
x_aq_ifu_top/x_aq_ifu_pcgen/pcgen_br_chgflw_vld,10,0.00033301142229178463,10.654700000000002,5.382276483714963,0.0,-0.007384224986905162,1
x_aq_ifu_top/x_aq_ifu_pcgen/pcgen_chgflw_btb,0,0.0,0.0,0.0,0.0,,0
x_aq_ifu_top/x_aq_ifu_pcgen/pcgen_chgflw_cur,2,6.660228445835692e-05,10.982500000000002,5.547866339024053,0.0,-0.001268939121797307,1
x_aq_ifu_top/x_aq_ifu_pcgen/pcgen_cpuclk,0,0.0,0.0,0.0,0.0,,0
x_aq_ifu_top/x_aq_ifu_pcgen/pcgen_delay_chgflw_pc[39:0],610,0.020313696759798862,4.745336131147541,2.397130943714825,0.018032786885245903,0.2321978474695842,10
x_aq_ifu_top/x_aq_ifu_pcgen/pcgen_delay_chgflw_vld,10,0.00033301142229178463,10.654700000000002,5.382276483714963,0.0,-0.007384224986905162,1
x_aq_ifu_top/x_aq_ifu_pcgen/pcgen_delay_chgflw_vld_gate,124,0.004129341636418129,5.927806451612902,2.994461905499916,0.008064516129032258,0.04172247366344292,1
x_aq_ifu_top/x_aq_ifu_pcgen/pcgen_fetch_pc[63:0],4211,0.1402311099270705,4.06136151982902,2.051617652307488,0.01139871764426502,-0.026169788903621163,12
x_aq_ifu_top/x_aq_ifu_pcgen/pcgen_icg_en,317,0.010556462086649572,6.403902523659306,3.2349642840337487,0.14826498422712933,0.5389339159528922,1
x_aq_ifu_top/x_aq_ifu_pcgen/pcgen_ifpc_inc[63:0],4020,0.13387059176129742,4.047546109452736,2.04463872672712,0.009701492537313432,-0.026167991542677155,12
x_aq_ifu_top/x_aq_ifu_pcgen/x_ifu_pcgen_icg_cell/clk_in,0,0.0,0.0,0.0,0.0,,0
x_aq_ifu_top/x_aq_ifu_pcgen/x_ifu_pcgen_icg_cell/global_en,1,3.330114222917846e-05,21.131999999999998,10.6749384453682,1.0,-0.05631263816658485,1
x_aq_ifu_top/x_aq_ifu_pcgen/x_ifu_pcgen_icg_cell/module_en,0,0.0,0.0,0.0,0.0,,0
x_aq_ifu_top/x_aq_ifu_pcgen/x_ifu_pcgen_icg_cell/local_en,317,0.010556462086649572,6.403902523659306,3.2349642840337487,0.14826498422712933,0.5389339159528922,1
x_aq_ifu_top/x_aq_ifu_pcgen/x_ifu_pcgen_icg_cell/external_en,0,0.0,0.0,0.0,0.0,,0
x_aq_ifu_top/x_aq_ifu_pcgen/x_ifu_pcgen_icg_cell/pad_yy_icg_scan_en,0,0.0,0.0,0.0,0.0,,0
x_aq_ifu_top/x_aq_ifu_pcgen/x_ifu_pcgen_icg_cell/clk_out,0,0.0,0.0,0.0,0.0,,0
x_aq_ifu_top/x_aq_ifu_pcgen/x_ifu_pcgen_icg_cell/clk_en_bf_latch,317,0.010556462086649572,6.403902523659306,3.2349642840337487,0.14826498422712933,0.5389339159528922,1
x_aq_ifu_top/x_aq_ifu_pcgen/x_ifu_pcgen_icg_cell/SE,0,0.0,0.0,0.0,0.0,,0
x_aq_ifu_top/x_aq_ifu_pred/bht_top_cur_st[1:0],160,0.005328182756668554,4.87604375,2.4631585693816174,0.01875,0.14210086683769635,2
x_aq_ifu_top/x_aq_ifu_pred/btb_pred_tar_pc[39:0],4,0.00013320456891671384,3.6582499999999993,1.8479837955597302,0.0,-0.012402097406251672,10
x_aq_ifu_top/x_aq_ifu_pred/btb_pred_tar_vld,0,0.0,0.0,0.0,0.0,,0
x_aq_ifu_top/x_aq_ifu_pred/cp0_ifu_bht_en,1,3.330114222917846e-05,10.639999999999999,5.374850703138257,0.0,-0.02432614765315013,1
x_aq_ifu_top/x_aq_ifu_pred/cp0_ifu_bht_inv,4,0.00013320456891671384,0.9595000000000002,0.48469635805086086,0.0,0.021873660150809,1
x_aq_ifu_top/x_aq_ifu_pred/cp0_ifu_icg_en,0,0.0,0.0,0.0,0.0,,0
x_aq_ifu_top/x_aq_ifu_pred/cp0_ifu_ras_en,1,3.330114222917846e-05,10.639999999999999,5.374850703138257,0.0,-0.02432614765315013,1
x_aq_ifu_top/x_aq_ifu_pred/cp0_yy_clk_en,1,3.330114222917846e-05,21.131999999999998,10.6749384453682,1.0,-0.05631263816658485,1
x_aq_ifu_top/x_aq_ifu_pred/cpurst_b,3,9.990342668753538e-05,11.372333333333332,5.74479265159674,0.3333333333333333,-0.0038230699005505813,1
x_aq_ifu_top/x_aq_ifu_pred/dtu_ifu_halt_info0[21:0],1,3.330114222917846e-05,21.131999999999998,10.6749384453682,1.0,-0.05631263816658485,1
x_aq_ifu_top/x_aq_ifu_pred/dtu_ifu_halt_info1[21:0],1,3.330114222917846e-05,21.131999999999998,10.6749384453682,1.0,-0.05631263816658485,1
x_aq_ifu_top/x_aq_ifu_pred/forever_cpuclk,0,0.0,0.0,0.0,0.0,,0
x_aq_ifu_top/x_aq_ifu_pred/ibuf_ipack_stall,118,0.0039295347830430585,6.252341610169493,3.1584025093684294,0.0423728813559322,-0.10265619300372755,1
x_aq_ifu_top/x_aq_ifu_pred/ibuf_pred_hungry,231,0.007692563854940225,4.224064935064935,2.1338081190164875,0.004329004329004329,-0.06817128539885817,1
x_aq_ifu_top/x_aq_ifu_pred/ibuf_pred_stall,118,0.0039295347830430585,6.252341610169493,3.1584025093684294,0.0423728813559322,-0.10265619300372755,1
x_aq_ifu_top/x_aq_ifu_pred/icache_pred_inst_vld,389,0.012954144327150422,5.674730077120823,2.866619073790665,0.007712082262210797,0.7099346047884483,1
x_aq_ifu_top/x_aq_ifu_pred/icache_pred_inst_vld_gate,403,0.01342036031835892,5.696339106699751,2.877534986180368,0.007444168734491315,0.7187806921234715,1
x_aq_ifu_top/x_aq_ifu_pred/ifu_cp0_bht_inv_done,0,0.0,0.0,0.0,0.0,,0
x_aq_ifu_top/x_aq_ifu_pred/ifu_dtu_addr_vld0,853,0.02840587432148923,4.6398452520515825,2.3438416837821574,0.0011723329425556857,0.3580067491677884,1
x_aq_ifu_top/x_aq_ifu_pred/ifu_dtu_addr_vld1,74,0.002464284524959206,8.434756756756755,4.260860741057727,0.0,-0.04807264599579715,1
x_aq_ifu_top/x_aq_ifu_pred/ifu_dtu_data_vld0,853,0.02840587432148923,4.6398452520515825,2.3438416837821574,0.0011723329425556857,0.3580067491677884,1
x_aq_ifu_top/x_aq_ifu_pred/ifu_dtu_data_vld1,74,0.002464284524959206,8.434756756756755,4.260860741057727,0.0,-0.04807264599579715,1
x_aq_ifu_top/x_aq_ifu_pred/ifu_dtu_exe_addr0[39:0],4217,0.14043091678044556,4.723941987194689,2.38632358190392,0.030116196348114774,-0.02674865175180751,13
x_aq_ifu_top/x_aq_ifu_pred/ifu_dtu_exe_addr1[39:0],3796,0.12641113590196143,4.763093888303478,2.4061013660396138,0.037934668071654375,-0.02663067452443348,13
x_aq_ifu_top/x_aq_ifu_pred/ifu_dtu_exe_data0[31:0],4300,0.14319491158546738,4.989274967441861,2.5203579010249055,0.0413953488372093,-0.03374120214264976,26
x_aq_ifu_top/x_aq_ifu_pred/ifu_dtu_exe_data1[31:0],3477,0.1157880715308535,4.7691758412424505,2.409173695835712,0.04141501294219154,-0.00979406023149104,15
x_aq_ifu_top/x_aq_ifu_pred/ifu_iu_ex1_pc_pred[39:0],4,0.00013320456891671384,2.824500000000001,1.4268106965238736,0.0,-0.01217514544863014,8
x_aq_ifu_top/x_aq_ifu_pred/ipack_pred_h0_create,614,0.020446901328715576,3.917758957654723,1.9790760797252536,0.003257328990228013,0.43360620707298264,1
x_aq_ifu_top/x_aq_ifu_pred/ipack_pred_h0_vld,536,0.017849412234839657,4.406951492537313,2.2261942037932685,0.016791044776119403,-0.08293786261904372,1
x_aq_ifu_top/x_aq_ifu_pred/ipack_pred_inst0[31:0],4300,0.14319491158546738,4.989274967441861,2.5203579010249055,0.0413953488372093,-0.03374120214264976,26
x_aq_ifu_top/x_aq_ifu_pred/ipack_pred_inst0_expt,0,0.0,0.0,0.0,0.0,,0
x_aq_ifu_top/x_aq_ifu_pred/ipack_pred_inst0_vld,853,0.02840587432148923,4.6398452520515825,2.3438416837821574,0.0011723329425556857,0.3580067491677884,1
x_aq_ifu_top/x_aq_ifu_pred/ipack_pred_inst1[15:0],3477,0.1157880715308535,4.7691758412424505,2.409173695835712,0.04141501294219154,-0.00979406023149104,15
x_aq_ifu_top/x_aq_ifu_pred/ipack_pred_inst1_expt,0,0.0,0.0,0.0,0.0,,0
x_aq_ifu_top/x_aq_ifu_pred/ipack_pred_inst1_vld,74,0.002464284524959206,8.434756756756755,4.260860741057727,0.0,-0.04807264599579715,1
x_aq_ifu_top/x_aq_ifu_pred/ipack_pred_unalign,0,0.0,0.0,0.0,0.0,,0
x_aq_ifu_top/x_aq_ifu_pred/iu_ifu_bht_cur_pc[39:0],3810,0.12687735189316993,4.703720354330709,2.3761085200977585,0.02152230971128609,-0.02696179167602186,13
x_aq_ifu_top/x_aq_ifu_pred/iu_ifu_bht_mispred,0,0.0,0.0,0.0,0.0,,0
x_aq_ifu_top/x_aq_ifu_pred/iu_ifu_bht_mispred_gate,0,0.0,0.0,0.0,0.0,,0
x_aq_ifu_top/x_aq_ifu_pred/iu_ifu_bht_pred[1:0],618,0.02058010589763229,4.208150485436893,2.1257688529663614,0.012944983818770227,0.24204570111126442,1
x_aq_ifu_top/x_aq_ifu_pred/iu_ifu_bht_taken,140,0.004662159912084985,4.204085714285715,2.1237155129212484,0.0,0.10560102821951808,1
x_aq_ifu_top/x_aq_ifu_pred/iu_ifu_br_vld,36,0.0011988411202504246,4.981777777777777,2.5165706571209996,0.0,0.05356506300511125,1
x_aq_ifu_top/x_aq_ifu_pred/iu_ifu_br_vld_gate,36,0.0011988411202504246,4.981777777777777,2.5165706571209996,0.0,0.05356506300511125,1
x_aq_ifu_top/x_aq_ifu_pred/iu_ifu_link_vld,0,0.0,0.0,0.0,0.0,,0
x_aq_ifu_top/x_aq_ifu_pred/iu_ifu_link_vld_gate,0,0.0,0.0,0.0,0.0,,0
x_aq_ifu_top/x_aq_ifu_pred/iu_ifu_pc_mispred,0,0.0,0.0,0.0,0.0,,0
x_aq_ifu_top/x_aq_ifu_pred/iu_ifu_pc_mispred_gate,0,0.0,0.0,0.0,0.0,,0
x_aq_ifu_top/x_aq_ifu_pred/iu_ifu_ret_vld,0,0.0,0.0,0.0,0.0,,0
x_aq_ifu_top/x_aq_ifu_pred/iu_ifu_ret_vld_gate,0,0.0,0.0,0.0,0.0,,0
x_aq_ifu_top/x_aq_ifu_pred/pad_yy_icg_scan_en,0,0.0,0.0,0.0,0.0,,0
x_aq_ifu_top/x_aq_ifu_pred/pcgen_pred_flush_vld,0,0.0,0.0,0.0,0.0,,0
x_aq_ifu_top/x_aq_ifu_pred/pcgen_pred_ifpc[39:0],4152,0.13826634253554898,4.185609585741812,2.114382201596486,0.008670520231213872,-0.025965633963422653,13
x_aq_ifu_top/x_aq_ifu_pred/pred_btb_chgflw_vld,8,0.00026640913783342767,12.385625,6.256662146621878,0.0,-0.01037305446173478,1
x_aq_ifu_top/x_aq_ifu_pred/pred_btb_cur_pc[39:0],3807,0.1267774484664824,4.761414604675598,2.4052530672813353,0.037825059101654845,-0.026629665585123467,13
x_aq_ifu_top/x_aq_ifu_pred/pred_btb_inst_vld,853,0.02840587432148923,4.6398452520515825,2.3438416837821574,0.0011723329425556857,0.3580067491677884,1
x_aq_ifu_top/x_aq_ifu_pred/pred_btb_mis_pred,0,0.0,0.0,0.0,0.0,,0
x_aq_ifu_top/x_aq_ifu_pred/pred_btb_mis_predg,0,0.0,0.0,0.0,0.0,,0
x_aq_ifu_top/x_aq_ifu_pred/pred_btb_stall,118,0.0039295347830430585,6.252341610169493,3.1584025093684294,0.0423728813559322,-0.10265619300372755,1
x_aq_ifu_top/x_aq_ifu_pred/pred_btb_tar_pc[39:0],3947,0.13143960837856739,4.739944362807195,2.39440726421715,0.038256903977704586,-0.021783077837786713,13
x_aq_ifu_top/x_aq_ifu_pred/pred_btb_upd_vld,0,0.0,0.0,0.0,0.0,,0
x_aq_ifu_top/x_aq_ifu_pred/pred_btb_upd_vldg,0,0.0,0.0,0.0,0.0,,0
x_aq_ifu_top/x_aq_ifu_pred/pred_ctrl_stall,118,0.0039295347830430585,6.252341610169493,3.1584025093684294,0.0423728813559322,-0.10265619300372755,1
x_aq_ifu_top/x_aq_ifu_pred/pred_ibuf_br_taken0[1:0],474,0.01578474141663059,4.738567510548523,2.3937117402199095,0.016877637130801686,0.2450733036846287,1
x_aq_ifu_top/x_aq_ifu_pred/pred_ibuf_br_taken1[1:0],0,0.0,0.0,0.0,0.0,,0
x_aq_ifu_top/x_aq_ifu_pred/pred_ibuf_chgflw_vld0,8,0.00026640913783342767,12.385625,6.256662146621878,0.0,-0.01037305446173478,1
x_aq_ifu_top/x_aq_ifu_pred/pred_ibuf_halt_info0[21:0],1,3.330114222917846e-05,21.131999999999998,10.6749384453682,1.0,-0.05631263816658485,1
x_aq_ifu_top/x_aq_ifu_pred/pred_ibuf_halt_info1[21:0],1,3.330114222917846e-05,21.131999999999998,10.6749384453682,1.0,-0.05631263816658485,1
x_aq_ifu_top/x_aq_ifu_pred/pred_ipack_chgflw_vld0,8,0.00026640913783342767,12.385625,6.256662146621878,0.0,-0.01037305446173478,1
x_aq_ifu_top/x_aq_ifu_pred/pred_ipack_delay_stall,0,0.0,0.0,0.0,0.0,,0
x_aq_ifu_top/x_aq_ifu_pred/pred_ipack_mask,0,0.0,0.0,0.0,0.0,,0
x_aq_ifu_top/x_aq_ifu_pred/pred_ipack_ret_stall,0,0.0,0.0,0.0,0.0,,0
x_aq_ifu_top/x_aq_ifu_pred/pred_pcgen_chgflw_pc[39:0],3982,0.13260514835658863,4.74485394274234,2.3968873637628763,0.03792064289301859,-0.022711712283100427,13
x_aq_ifu_top/x_aq_ifu_pred/pred_pcgen_chgflw_vld,8,0.00026640913783342767,12.385625,6.256662146621878,0.0,-0.01037305446173478,1
x_aq_ifu_top/x_aq_ifu_pred/pred_pcgen_chgflw_vld_gate,106,0.003529921076292917,6.000443396226414,3.03115483151775,0.0,0.03172846138618511,1
x_aq_ifu_top/x_aq_ifu_pred/pred_pcgen_curflw_pc[39:0],10,0.00033301142229178463,5.862,2.961219438138766,0.0,-0.0010633485706064078,10
x_aq_ifu_top/x_aq_ifu_pred/pred_pcgen_curflw_vld,2,6.660228445835692e-05,10.982500000000002,5.547866339024053,0.0,-0.001268939121797307,1
x_aq_ifu_top/x_aq_ifu_pred/pred_pcgen_curflw_vld_gate,4,0.00013320456891671384,12.067000000000002,6.095707089733963,0.0,-0.0024667717961706793,1
x_aq_ifu_top/x_aq_ifu_pred/pred_top_delay_chgflw,0,0.0,0.0,0.0,0.0,,0
x_aq_ifu_top/x_aq_ifu_pred/pred_top_ras_st,2,6.660228445835692e-05,4.616999999999999,2.3323012872546367,0.0,0.022402207347894457,1
x_aq_ifu_top/x_aq_ifu_pred/rtu_ifu_flush_fe,0,0.0,0.0,0.0,0.0,,0
x_aq_ifu_top/x_aq_ifu_pred/bht_pred_mem_taken,2,6.660228445835692e-05,0.7589999999999988,0.38341275222574545,0.0,0.0062529489956543284,1
x_aq_ifu_top/x_aq_ifu_pred/bht_pred_rslt[1:0],29,0.0009657331246461754,4.428,2.2368269655541546,0.0,0.009041618777799644,2
x_aq_ifu_top/x_aq_ifu_pred/btb_mis_pred,0,0.0,0.0,0.0,0.0,,0
x_aq_ifu_top/x_aq_ifu_pred/delay_tar[39:0],3984,0.132671750641047,4.7421765562249005,2.395534868198418,0.03765060240963856,-0.02663395178153827,13
x_aq_ifu_top/x_aq_ifu_pred/id_ras_clk,0,0.0,0.0,0.0,0.0,,0
x_aq_ifu_top/x_aq_ifu_pred/id_ras_icg_en,6,0.00019980685337507077,4.377000000000001,2.211064053349263,0.0,0.02972840578395587,1
x_aq_ifu_top/x_aq_ifu_pred/idpc_icg_en,403,0.01342036031835892,5.696339106699751,2.877534986180368,0.007444168734491315,0.7187806921234715,1
x_aq_ifu_top/x_aq_ifu_pred/pred_bht_br_vld,30,0.0009990342668753538,3.5057666666666663,1.770956055768045,0.0,0.06764660225086752,1
x_aq_ifu_top/x_aq_ifu_pred/pred_bht_pc[2:0],3779,0.1258450164840654,4.783751098174121,2.4165364618101117,0.039693040486901296,0.42045912185065293,3
x_aq_ifu_top/x_aq_ifu_pred/pred_br_imm[39:0],610,0.020313696759798862,4.730583606557377,2.3896786300713564,0.022950819672131147,-0.018279668534123477,38
x_aq_ifu_top/x_aq_ifu_pred/pred_br_rslt0[1:0],474,0.01578474141663059,4.738567510548523,2.3937117402199095,0.016877637130801686,0.2450733036846287,1
x_aq_ifu_top/x_aq_ifu_pred/pred_br_rslt1[1:0],0,0.0,0.0,0.0,0.0,,0
x_aq_ifu_top/x_aq_ifu_pred/pred_br_taken,8,0.00026640913783342767,12.385625,6.256662146621878,0.0,-0.01037305446173478,1
x_aq_ifu_top/x_aq_ifu_pred/pred_br_taken0,8,0.00026640913783342767,12.385625,6.256662146621878,0.0,-0.01037305446173478,1
x_aq_ifu_top/x_aq_ifu_pred/pred_br_taken1,0,0.0,0.0,0.0,0.0,,0
x_aq_ifu_top/x_aq_ifu_pred/pred_br_tar[39:0],3947,0.13143960837856739,4.739944362807195,2.39440726421715,0.038256903977704586,-0.021783077837786713,13
x_aq_ifu_top/x_aq_ifu_pred/pred_br_vld0,66,0.0021978753871257782,6.635469696969698,3.351941632181408,0.0,0.011542980171186714,1
x_aq_ifu_top/x_aq_ifu_pred/pred_br_vld1,0,0.0,0.0,0.0,0.0,,0
x_aq_ifu_top/x_aq_ifu_pred/pred_br_vld1_raw,74,0.002464284524959206,7.759824324324324,3.9199151528030027,0.22972972972972974,-0.08735531077227605,1
x_aq_ifu_top/x_aq_ifu_pred/pred_chgflw,8,0.00026640913783342767,12.385625,6.256662146621878,0.0,-0.01037305446173478,1
x_aq_ifu_top/x_aq_ifu_pred/pred_chgflw_fin,8,0.00026640913783342767,12.385625,6.256662146621878,0.0,-0.01037305446173478,1
x_aq_ifu_top/x_aq_ifu_pred/pred_chgflw_fin_tar[39:0],3982,0.13260514835658863,4.74485394274234,2.3968873637628763,0.03792064289301859,-0.022711712283100427,13
x_aq_ifu_top/x_aq_ifu_pred/pred_chgflw_vld0,8,0.00026640913783342767,12.385625,6.256662146621878,0.0,-0.01037305446173478,1
x_aq_ifu_top/x_aq_ifu_pred/pred_clk,0,0.0,0.0,0.0,0.0,,0
x_aq_ifu_top/x_aq_ifu_pred/pred_curflw,2,6.660228445835692e-05,10.982500000000002,5.547866339024053,0.0,-0.001268939121797307,1
x_aq_ifu_top/x_aq_ifu_pred/pred_delay_br,0,0.0,0.0,0.0,0.0,,0
x_aq_ifu_top/x_aq_ifu_pred/pred_delay_br1_taken,0,0.0,0.0,0.0,0.0,,0
x_aq_ifu_top/x_aq_ifu_pred/pred_delay_br_raw,0,0.0,0.0,0.0,0.0,,0
x_aq_ifu_top/x_aq_ifu_pred/pred_delay_reissue,0,0.0,0.0,0.0,0.0,,0
x_aq_ifu_top/x_aq_ifu_pred/pred_delay_taken,0,0.0,0.0,0.0,0.0,,0
x_aq_ifu_top/x_aq_ifu_pred/pred_icg_en,726,0.024176629258383563,4.283399449035812,2.1637812538037746,0.02203856749311295,0.44869669704268933,1
x_aq_ifu_top/x_aq_ifu_pred/pred_id_stall,118,0.0039295347830430585,6.252341610169493,3.1584025093684294,0.0423728813559322,-0.10265619300372755,1
x_aq_ifu_top/x_aq_ifu_pred/pred_idpc_clk,0,0.0,0.0,0.0,0.0,,0
x_aq_ifu_top/x_aq_ifu_pred/pred_imm0[39:0],1596,0.053148622997768825,4.603445488721805,2.325454156195022,0.02568922305764411,-0.05005544974887657,37
x_aq_ifu_top/x_aq_ifu_pred/pred_imm1[39:0],94,0.0031303073695427754,4.686265957446808,2.3672913417740467,0.0425531914893617,-0.018279668710589198,38
x_aq_ifu_top/x_aq_ifu_pred/pred_inst0_32,575,0.019148156781777614,4.78268,2.415995391060647,0.01565217391304348,0.03556636133917196,1
x_aq_ifu_top/x_aq_ifu_pred/pred_inst0_bjtype,106,0.003529921076292917,6.000443396226414,3.03115483151775,0.0,0.03172846138618511,1
x_aq_ifu_top/x_aq_ifu_pred/pred_inst0_bkpt_pc[39:0],4217,0.14043091678044556,4.723941987194689,2.38632358190392,0.030116196348114774,-0.02674865175180751,13
x_aq_ifu_top/x_aq_ifu_pred/pred_inst0_taken,8,0.00026640913783342767,12.385625,6.256662146621878,0.0,-0.01037305446173478,1
x_aq_ifu_top/x_aq_ifu_pred/pred_inst1_bjtype,0,0.0,0.0,0.0,0.0,,0
x_aq_ifu_top/x_aq_ifu_pred/pred_inst1_bkpt_pc[39:0],3796,0.12641113590196143,4.763093888303478,2.4061013660396138,0.037934668071654375,-0.02663067452443348,13
x_aq_ifu_top/x_aq_ifu_pred/pred_inst1_taken,0,0.0,0.0,0.0,0.0,,0
x_aq_ifu_top/x_aq_ifu_pred/pred_jmp_vld0,2,6.660228445835692e-05,13.151500000000002,6.6435478404438735,0.0,-0.002123825401560484,1
x_aq_ifu_top/x_aq_ifu_pred/pred_jmp_vld1,0,0.0,0.0,0.0,0.0,,0
x_aq_ifu_top/x_aq_ifu_pred/pred_link_vld0,2,6.660228445835692e-05,2.679000000000003,1.3533106234687415,0.0,0.007861994230847158,1
x_aq_ifu_top/x_aq_ifu_pred/pred_link_vld1,0,0.0,0.0,0.0,0.0,,0
x_aq_ifu_top/x_aq_ifu_pred/pred_nxt_offset[39:0],43,0.0014319491158546738,5.449697674418604,2.75294279861276,0.06976744186046512,-0.08034875438042577,3
x_aq_ifu_top/x_aq_ifu_pred/pred_nxt_pc[39:0],3984,0.132671750641047,4.7421765562249005,2.395534868198418,0.03765060240963856,-0.02663395178153827,13
x_aq_ifu_top/x_aq_ifu_pred/pred_ras_link_pc[23:0],3992,0.1329381597788804,4.736465280561123,2.392649787933637,0.037825651302605214,-0.026632700796092052,13
x_aq_ifu_top/x_aq_ifu_pred/pred_ras_link_vld,2,6.660228445835692e-05,2.679000000000003,1.3533106234687415,0.0,0.007861994230847158,1
x_aq_ifu_top/x_aq_ifu_pred/pred_ras_link_vld0,2,6.660228445835692e-05,2.679000000000003,1.3533106234687415,0.0,0.007861994230847158,1
x_aq_ifu_top/x_aq_ifu_pred/pred_ras_link_vld1,0,0.0,0.0,0.0,0.0,,0
x_aq_ifu_top/x_aq_ifu_pred/pred_ras_ret_chgflw,2,6.660228445835692e-05,10.982500000000002,5.547866339024053,0.0,-0.001268939121797307,1
x_aq_ifu_top/x_aq_ifu_pred/pred_ras_ret_vld,0,0.0,0.0,0.0,0.0,,0
x_aq_ifu_top/x_aq_ifu_pred/pred_ras_ret_vld0,0,0.0,0.0,0.0,0.0,,0
x_aq_ifu_top/x_aq_ifu_pred/pred_ras_ret_vld1,2,6.660228445835692e-05,10.982500000000002,5.547866339024053,0.0,-0.001268939121797307,1
x_aq_ifu_top/x_aq_ifu_pred/pred_ras_tar[39:0],93,0.003097006227313597,4.833993548387097,2.441916693845319,0.0,-0.007220154926172676,10
x_aq_ifu_top/x_aq_ifu_pred/pred_ret_stall,0,0.0,0.0,0.0,0.0,,0
x_aq_ifu_top/x_aq_ifu_pred/pred_ret_vld0,0,0.0,0.0,0.0,0.0,,0
x_aq_ifu_top/x_aq_ifu_pred/pred_ret_vld1,4,0.00013320456891671384,12.067000000000002,6.095707089733963,0.0,-0.0024667717961706793,1
x_aq_ifu_top/x_aq_ifu_pred/pred_tar[39:0],3982,0.13260514835658863,4.74485394274234,2.3968873637628763,0.03792064289301859,-0.022711712283100427,13
x_aq_ifu_top/x_aq_ifu_pred/ras_cur_idle,7,0.00023310799560424922,6.739142857142856,3.404312662054836,0.14285714285714285,-0.06372785326861921,1
x_aq_ifu_top/x_aq_ifu_pred/ras_link_offset[23:0],11,0.00036631256452096306,5.4141818181818175,2.735001781238056,0.09090909090909091,-0.03388602443679841,1
x_aq_ifu_top/x_aq_ifu_pred/ras_pred_tar_pc[23:0],19,0.0006327217023543907,3.937473684210527,1.9890350752036974,0.0,-0.006956534944763354,9
x_aq_ifu_top/x_aq_ifu_pred/x_aq_ifu_pred_icg_cell/clk_in,0,0.0,0.0,0.0,0.0,,0
x_aq_ifu_top/x_aq_ifu_pred/x_aq_ifu_pred_icg_cell/global_en,1,3.330114222917846e-05,21.131999999999998,10.6749384453682,1.0,-0.05631263816658485,1
x_aq_ifu_top/x_aq_ifu_pred/x_aq_ifu_pred_icg_cell/module_en,0,0.0,0.0,0.0,0.0,,0
x_aq_ifu_top/x_aq_ifu_pred/x_aq_ifu_pred_icg_cell/local_en,726,0.024176629258383563,4.283399449035812,2.1637812538037746,0.02203856749311295,0.44869669704268933,1
x_aq_ifu_top/x_aq_ifu_pred/x_aq_ifu_pred_icg_cell/external_en,0,0.0,0.0,0.0,0.0,,0
x_aq_ifu_top/x_aq_ifu_pred/x_aq_ifu_pred_icg_cell/pad_yy_icg_scan_en,0,0.0,0.0,0.0,0.0,,0
x_aq_ifu_top/x_aq_ifu_pred/x_aq_ifu_pred_icg_cell/clk_out,0,0.0,0.0,0.0,0.0,,0
x_aq_ifu_top/x_aq_ifu_pred/x_aq_ifu_pred_icg_cell/clk_en_bf_latch,726,0.024176629258383563,4.283399449035812,2.1637812538037746,0.02203856749311295,0.44869669704268933,1
x_aq_ifu_top/x_aq_ifu_pred/x_aq_ifu_pred_icg_cell/SE,0,0.0,0.0,0.0,0.0,,0
x_aq_ifu_top/x_aq_ifu_pred/x_aq_ifu_id_ras_icg_cell/clk_in,0,0.0,0.0,0.0,0.0,,0
x_aq_ifu_top/x_aq_ifu_pred/x_aq_ifu_id_ras_icg_cell/global_en,1,3.330114222917846e-05,21.131999999999998,10.6749384453682,1.0,-0.05631263816658485,1
x_aq_ifu_top/x_aq_ifu_pred/x_aq_ifu_id_ras_icg_cell/module_en,0,0.0,0.0,0.0,0.0,,0
x_aq_ifu_top/x_aq_ifu_pred/x_aq_ifu_id_ras_icg_cell/local_en,6,0.00019980685337507077,4.377000000000001,2.211064053349263,0.0,0.02972840578395587,1
x_aq_ifu_top/x_aq_ifu_pred/x_aq_ifu_id_ras_icg_cell/external_en,0,0.0,0.0,0.0,0.0,,0
x_aq_ifu_top/x_aq_ifu_pred/x_aq_ifu_id_ras_icg_cell/pad_yy_icg_scan_en,0,0.0,0.0,0.0,0.0,,0
x_aq_ifu_top/x_aq_ifu_pred/x_aq_ifu_id_ras_icg_cell/clk_out,0,0.0,0.0,0.0,0.0,,0
x_aq_ifu_top/x_aq_ifu_pred/x_aq_ifu_id_ras_icg_cell/clk_en_bf_latch,6,0.00019980685337507077,4.377000000000001,2.211064053349263,0.0,0.02972840578395587,1
x_aq_ifu_top/x_aq_ifu_pred/x_aq_ifu_id_ras_icg_cell/SE,0,0.0,0.0,0.0,0.0,,0
x_aq_ifu_top/x_aq_ifu_pred/x_ifu_pred_idpc_icg_cell/clk_in,0,0.0,0.0,0.0,0.0,,0
x_aq_ifu_top/x_aq_ifu_pred/x_ifu_pred_idpc_icg_cell/global_en,1,3.330114222917846e-05,21.131999999999998,10.6749384453682,1.0,-0.05631263816658485,1
x_aq_ifu_top/x_aq_ifu_pred/x_ifu_pred_idpc_icg_cell/module_en,0,0.0,0.0,0.0,0.0,,0
x_aq_ifu_top/x_aq_ifu_pred/x_ifu_pred_idpc_icg_cell/local_en,403,0.01342036031835892,5.696339106699751,2.877534986180368,0.007444168734491315,0.7187806921234715,1
x_aq_ifu_top/x_aq_ifu_pred/x_ifu_pred_idpc_icg_cell/external_en,0,0.0,0.0,0.0,0.0,,0
x_aq_ifu_top/x_aq_ifu_pred/x_ifu_pred_idpc_icg_cell/pad_yy_icg_scan_en,0,0.0,0.0,0.0,0.0,,0
x_aq_ifu_top/x_aq_ifu_pred/x_ifu_pred_idpc_icg_cell/clk_out,0,0.0,0.0,0.0,0.0,,0
x_aq_ifu_top/x_aq_ifu_pred/x_ifu_pred_idpc_icg_cell/clk_en_bf_latch,403,0.01342036031835892,5.696339106699751,2.877534986180368,0.007444168734491315,0.7187806921234715,1
x_aq_ifu_top/x_aq_ifu_pred/x_ifu_pred_idpc_icg_cell/SE,0,0.0,0.0,0.0,0.0,,0
x_aq_ifu_top/x_aq_ifu_pred/x_aq_ifu_pre_decd/ipack_pred_inst0[31:0],4300,0.14319491158546738,4.989274967441861,2.5203579010249055,0.0413953488372093,-0.03374120214264976,26
x_aq_ifu_top/x_aq_ifu_pred/x_aq_ifu_pre_decd/ipack_pred_inst0_vld,853,0.02840587432148923,4.6398452520515825,2.3438416837821574,0.0011723329425556857,0.3580067491677884,1
x_aq_ifu_top/x_aq_ifu_pred/x_aq_ifu_pre_decd/ipack_pred_inst1[15:0],3477,0.1157880715308535,4.7691758412424505,2.409173695835712,0.04141501294219154,-0.00979406023149104,15
x_aq_ifu_top/x_aq_ifu_pred/x_aq_ifu_pre_decd/ipack_pred_inst1_vld,74,0.002464284524959206,8.434756756756755,4.260860741057727,0.0,-0.04807264599579715,1
x_aq_ifu_top/x_aq_ifu_pred/x_aq_ifu_pre_decd/pred_br_vld0,66,0.0021978753871257782,6.635469696969698,3.351941632181408,0.0,0.011542980171186714,1
x_aq_ifu_top/x_aq_ifu_pred/x_aq_ifu_pre_decd/pred_br_vld1,0,0.0,0.0,0.0,0.0,,0
x_aq_ifu_top/x_aq_ifu_pred/x_aq_ifu_pre_decd/pred_br_vld1_raw,74,0.002464284524959206,7.759824324324324,3.9199151528030027,0.22972972972972974,-0.08735531077227605,1
x_aq_ifu_top/x_aq_ifu_pred/x_aq_ifu_pre_decd/pred_imm0[39:0],1596,0.053148622997768825,4.603445488721805,2.325454156195022,0.02568922305764411,-0.05005544974887657,37
x_aq_ifu_top/x_aq_ifu_pred/x_aq_ifu_pre_decd/pred_imm1[39:0],94,0.0031303073695427754,4.686265957446808,2.3672913417740467,0.0425531914893617,-0.018279668710589198,38
x_aq_ifu_top/x_aq_ifu_pred/x_aq_ifu_pre_decd/pred_inst0_32,575,0.019148156781777614,4.78268,2.415995391060647,0.01565217391304348,0.03556636133917196,1
x_aq_ifu_top/x_aq_ifu_pred/x_aq_ifu_pre_decd/pred_jmp_vld0,2,6.660228445835692e-05,13.151500000000002,6.6435478404438735,0.0,-0.002123825401560484,1
x_aq_ifu_top/x_aq_ifu_pred/x_aq_ifu_pre_decd/pred_jmp_vld1,0,0.0,0.0,0.0,0.0,,0
x_aq_ifu_top/x_aq_ifu_pred/x_aq_ifu_pre_decd/pred_link_vld0,2,6.660228445835692e-05,2.679000000000003,1.3533106234687415,0.0,0.007861994230847158,1
x_aq_ifu_top/x_aq_ifu_pred/x_aq_ifu_pre_decd/pred_link_vld1,0,0.0,0.0,0.0,0.0,,0
x_aq_ifu_top/x_aq_ifu_pred/x_aq_ifu_pre_decd/pred_ret_vld0,0,0.0,0.0,0.0,0.0,,0
x_aq_ifu_top/x_aq_ifu_pred/x_aq_ifu_pre_decd/pred_ret_vld1,4,0.00013320456891671384,12.067000000000002,6.095707089733963,0.0,-0.0024667717961706793,1
x_aq_ifu_top/x_aq_ifu_pred/x_aq_ifu_pre_decd/btype_imm[39:0],3893,0.12964134669819175,4.939308851785256,2.495117260811561,0.040071923966092986,-0.013282020272020524,39
x_aq_ifu_top/x_aq_ifu_pred/x_aq_ifu_pre_decd/btype_vld,126,0.004195943920876486,6.596626984126985,3.332320036087945,0.09523809523809523,-0.0882293434273862,1
x_aq_ifu_top/x_aq_ifu_pred/x_aq_ifu_pre_decd/btype_vld1,72,0.002397682240500849,7.644180555555557,3.8614971084533445,0.2222222222222222,-0.09013990091975554,1
x_aq_ifu_top/x_aq_ifu_pred/x_aq_ifu_pre_decd/cbtype_imm0[39:0],3715,0.12371374338139798,4.924364554508749,2.48756807220963,0.03580080753701211,-0.011728563098754308,39
x_aq_ifu_top/x_aq_ifu_pred/x_aq_ifu_pre_decd/cbtype_imm1[39:0],3379,0.11252455959239402,4.754659319325245,2.4018406001558423,0.041432376442734536,-0.0065243863370416195,40
x_aq_ifu_top/x_aq_ifu_pred/x_aq_ifu_pre_decd/cbtype_vld0,6,0.00019980685337507077,4.682833333333334,2.3655573340550697,0.16666666666666666,0.02020083328999736,1
x_aq_ifu_top/x_aq_ifu_pred/x_aq_ifu_pre_decd/cbtype_vld1,6,0.00019980685337507077,7.3870000000000005,3.731581028579165,0.16666666666666666,0.024235067847606057,1
x_aq_ifu_top/x_aq_ifu_pred/x_aq_ifu_pre_decd/cjlrtype_vld0,0,0.0,0.0,0.0,0.0,,0
x_aq_ifu_top/x_aq_ifu_pred/x_aq_ifu_pre_decd/cjlrtype_vld1,0,0.0,0.0,0.0,0.0,,0
x_aq_ifu_top/x_aq_ifu_pred/x_aq_ifu_pre_decd/cjltype_vld0,0,0.0,0.0,0.0,0.0,,0
x_aq_ifu_top/x_aq_ifu_pred/x_aq_ifu_pre_decd/cjltype_vld1,0,0.0,0.0,0.0,0.0,,0
x_aq_ifu_top/x_aq_ifu_pred/x_aq_ifu_pre_decd/cjrtype_vld0,4,0.00013320456891671384,4.90775,2.4791751445795853,0.25,0.013910995452232,1
x_aq_ifu_top/x_aq_ifu_pred/x_aq_ifu_pre_decd/cjrtype_vld1,6,0.00019980685337507077,8.374,4.230169153015017,0.16666666666666666,0.014731331958715444,1
x_aq_ifu_top/x_aq_ifu_pred/x_aq_ifu_pre_decd/cjtype_imm0[39:0],3858,0.1284758067201705,4.914359336443754,2.4825138848645465,0.03576982892690513,-0.01172856311642064,40
x_aq_ifu_top/x_aq_ifu_pred/x_aq_ifu_pre_decd/cjtype_imm1[39:0],3469,0.11552166239302009,4.7742370712020765,2.411730402170979,0.04151052176419717,-0.006524386366836666,39
x_aq_ifu_top/x_aq_ifu_pred/x_aq_ifu_pre_decd/cjtype_vld0,4,0.00013320456891671384,14.30775,7.227633472540076,0.25,-0.028665149377117113,1
x_aq_ifu_top/x_aq_ifu_pred/x_aq_ifu_pre_decd/cjtype_vld1,6,0.00019980685337507077,11.581833333333334,5.850622653693307,0.16666666666666666,-0.027316026481163914,1
x_aq_ifu_top/x_aq_ifu_pred/x_aq_ifu_pre_decd/inst0[31:0],4300,0.14319491158546738,4.989274967441861,2.5203579010249055,0.0413953488372093,-0.03374120214264976,26
x_aq_ifu_top/x_aq_ifu_pred/x_aq_ifu_pre_decd/inst0_imm[39:0],1596,0.053148622997768825,4.603445488721805,2.325454156195022,0.02568922305764411,-0.05005544974887657,37
x_aq_ifu_top/x_aq_ifu_pred/x_aq_ifu_pre_decd/inst1[15:0],3477,0.1157880715308535,4.7691758412424505,2.409173695835712,0.04141501294219154,-0.00979406023149104,15
x_aq_ifu_top/x_aq_ifu_pred/x_aq_ifu_pre_decd/inst1_imm[39:0],94,0.0031303073695427754,4.686265957446808,2.3672913417740467,0.0425531914893617,-0.018279668710589198,38
x_aq_ifu_top/x_aq_ifu_pred/x_aq_ifu_pre_decd/jlrtype_vld,2,6.660228445835692e-05,5.388999999999999,2.7222810563169237,0.0,0.019180346273714437,1
x_aq_ifu_top/x_aq_ifu_pred/x_aq_ifu_pre_decd/jltype_vld,2,6.660228445835692e-05,4.502999999999998,2.274713601149583,0.0,0.014166637791008404,1
x_aq_ifu_top/x_aq_ifu_pred/x_aq_ifu_pre_decd/jrtype_vld,0,0.0,0.0,0.0,0.0,,0
x_aq_ifu_top/x_aq_ifu_pred/x_aq_ifu_pre_decd/jtype_imm[39:0],4090,0.1362016717173399,5.02649226405868,2.539158409755151,0.04254278728606357,-0.013282033563122776,36
x_aq_ifu_top/x_aq_ifu_pred/x_aq_ifu_pre_decd/jtype_vld,370,0.012321422624796031,4.52912972972973,2.2879131684626155,0.013513513513513514,-0.01839795606753448,1
x_aq_ifu_top/x_aq_ifu_pred/x_aq_ifu_bht/bht_pred_mem_taken,2,6.660228445835692e-05,0.7589999999999988,0.38341275222574545,0.0,0.0062529489956543284,1
x_aq_ifu_top/x_aq_ifu_pred/x_aq_ifu_bht/bht_pred_rslt[1:0],29,0.0009657331246461754,4.428,2.2368269655541546,0.0,0.009041618777799644,2
x_aq_ifu_top/x_aq_ifu_pred/x_aq_ifu_bht/bht_top_cur_st[1:0],160,0.005328182756668554,4.87604375,2.4631585693816174,0.01875,0.14210086683769635,2
x_aq_ifu_top/x_aq_ifu_pred/x_aq_ifu_bht/cp0_ifu_bht_en,1,3.330114222917846e-05,10.639999999999999,5.374850703138257,0.0,-0.02432614765315013,1
x_aq_ifu_top/x_aq_ifu_pred/x_aq_ifu_bht/cp0_ifu_bht_inv,4,0.00013320456891671384,0.9595000000000002,0.48469635805086086,0.0,0.021873660150809,1
x_aq_ifu_top/x_aq_ifu_pred/x_aq_ifu_bht/cp0_ifu_icg_en,0,0.0,0.0,0.0,0.0,,0
x_aq_ifu_top/x_aq_ifu_pred/x_aq_ifu_bht/cp0_yy_clk_en,1,3.330114222917846e-05,21.131999999999998,10.6749384453682,1.0,-0.05631263816658485,1
x_aq_ifu_top/x_aq_ifu_pred/x_aq_ifu_bht/cpurst_b,3,9.990342668753538e-05,11.372333333333332,5.74479265159674,0.3333333333333333,-0.0038230699005505813,1
x_aq_ifu_top/x_aq_ifu_pred/x_aq_ifu_bht/forever_cpuclk,0,0.0,0.0,0.0,0.0,,0
x_aq_ifu_top/x_aq_ifu_pred/x_aq_ifu_bht/ifu_cp0_bht_inv_done,0,0.0,0.0,0.0,0.0,,0
x_aq_ifu_top/x_aq_ifu_pred/x_aq_ifu_bht/iu_ifu_bht_cur_pc[39:0],3810,0.12687735189316993,4.703720354330709,2.3761085200977585,0.02152230971128609,-0.02696179167602186,13
x_aq_ifu_top/x_aq_ifu_pred/x_aq_ifu_bht/iu_ifu_bht_mispred,0,0.0,0.0,0.0,0.0,,0
x_aq_ifu_top/x_aq_ifu_pred/x_aq_ifu_bht/iu_ifu_bht_mispred_gate,0,0.0,0.0,0.0,0.0,,0
x_aq_ifu_top/x_aq_ifu_pred/x_aq_ifu_bht/iu_ifu_bht_pred[1:0],618,0.02058010589763229,4.208150485436893,2.1257688529663614,0.012944983818770227,0.24204570111126442,1
x_aq_ifu_top/x_aq_ifu_pred/x_aq_ifu_bht/iu_ifu_bht_taken,140,0.004662159912084985,4.204085714285715,2.1237155129212484,0.0,0.10560102821951808,1
x_aq_ifu_top/x_aq_ifu_pred/x_aq_ifu_bht/iu_ifu_br_vld,36,0.0011988411202504246,4.981777777777777,2.5165706571209996,0.0,0.05356506300511125,1
x_aq_ifu_top/x_aq_ifu_pred/x_aq_ifu_bht/iu_ifu_br_vld_gate,36,0.0011988411202504246,4.981777777777777,2.5165706571209996,0.0,0.05356506300511125,1
x_aq_ifu_top/x_aq_ifu_pred/x_aq_ifu_bht/pad_yy_icg_scan_en,0,0.0,0.0,0.0,0.0,,0
x_aq_ifu_top/x_aq_ifu_pred/x_aq_ifu_bht/pred_bht_br_vld,30,0.0009990342668753538,3.5057666666666663,1.770956055768045,0.0,0.06764660225086752,1
x_aq_ifu_top/x_aq_ifu_pred/x_aq_ifu_bht/pred_bht_pc[2:0],3779,0.1258450164840654,4.783751098174121,2.4165364618101117,0.039693040486901296,0.42045912185065293,3
x_aq_ifu_top/x_aq_ifu_pred/x_aq_ifu_bht/bht_cen,94,0.0031303073695427754,4.219691489361702,2.1315988504344237,0.0,0.055107502391679164,1
x_aq_ifu_top/x_aq_ifu_pred/x_aq_ifu_bht/bht_cen_gate,442,0.01471910486529688,4.735773755656108,2.392300460572551,0.024886877828054297,0.11525807505039083,1
x_aq_ifu_top/x_aq_ifu_pred/x_aq_ifu_bht/bht_clk,0,0.0,0.0,0.0,0.0,,0
x_aq_ifu_top/x_aq_ifu_pred/x_aq_ifu_bht/bht_cur_idle,117,0.00389623364081388,5.322581196581197,2.6887292562927554,0.03418803418803419,-0.16988200980513546,1
x_aq_ifu_top/x_aq_ifu_pred/x_aq_ifu_bht/bht_din[15:0],33,0.0010989376935628891,4.831151515151515,2.4404810261446976,0.0,0.018647282785352836,9
x_aq_ifu_top/x_aq_ifu_pred/x_aq_ifu_bht/bht_dout[15:0],159,0.005294881614439376,5.016767295597483,2.534245791938266,0.025157232704402517,0.008212696374062849,6
x_aq_ifu_top/x_aq_ifu_pred/x_aq_ifu_bht/bht_dout_rslt[15:0],57,0.0018981651070631722,4.541701754385964,2.2942639913539153,0.0,0.007771574916357134,5
x_aq_ifu_top/x_aq_ifu_pred/x_aq_ifu_bht/bht_icg_en,442,0.01471910486529688,4.718054298642534,2.383349385761589,0.024886877828054297,0.11514023105787233,1
x_aq_ifu_top/x_aq_ifu_pred/x_aq_ifu_bht/bht_idx[9:0],1252,0.04169303007093143,2.1276693290734827,1.0748031005090521,0.003194888178913738,0.006558578793438526,9
x_aq_ifu_top/x_aq_ifu_pred/x_aq_ifu_bht/bht_inv_clk,0,0.0,0.0,0.0,0.0,,0
x_aq_ifu_top/x_aq_ifu_pred/x_aq_ifu_bht/bht_inv_done,0,0.0,0.0,0.0,0.0,,0
x_aq_ifu_top/x_aq_ifu_pred/x_aq_ifu_bht/bht_inv_icg_en,4,0.00013320456891671384,1.2574999999999998,0.6352325901500337,0.0,0.021866544726368068,1
x_aq_ifu_top/x_aq_ifu_pred/x_aq_ifu_bht/bht_inv_ide,5,0.00016650571114589232,6.5448,3.3061393685995557,0.2,-0.02587156623812488,1
x_aq_ifu_top/x_aq_ifu_pred/x_aq_ifu_bht/bht_inv_rd,0,0.0,0.0,0.0,0.0,,0
x_aq_ifu_top/x_aq_ifu_pred/x_aq_ifu_bht/bht_inv_req,4,0.00013320456891671384,2.9174999999999995,1.4737901246622054,0.0,0.02200097803426651,1
x_aq_ifu_top/x_aq_ifu_pred/x_aq_ifu_bht/bht_inv_wr,4,0.00013320456891671384,2.6195000000000004,1.3232538925630328,0.0,0.022008163571368644,1
x_aq_ifu_top/x_aq_ifu_pred/x_aq_ifu_bht/bht_mem_idx[2:0],105,0.0034966199340637385,4.928799999999999,2.4898086603033684,0.0,0.014774475712124509,3
x_aq_ifu_top/x_aq_ifu_pred/x_aq_ifu_bht/bht_mem_way[7:0],107,0.0035632222185220954,5.10022429906542,2.576404526315282,0.009345794392523364,0.009541031505151175,3
x_aq_ifu_top/x_aq_ifu_pred/x_aq_ifu_bht/bht_mis_wen[7:0],34,0.0011322388357920678,4.807794117647058,2.428681916708578,0.029411764705882353,0.009800189249799226,3
x_aq_ifu_top/x_aq_ifu_pred/x_aq_ifu_bht/bht_miss_read1,0,0.0,0.0,0.0,0.0,,0
x_aq_ifu_top/x_aq_ifu_pred/x_aq_ifu_bht/bht_miss_read2,0,0.0,0.0,0.0,0.0,,0
x_aq_ifu_top/x_aq_ifu_pred/x_aq_ifu_bht/bht_miss_write,0,0.0,0.0,0.0,0.0,,0
x_aq_ifu_top/x_aq_ifu_pred/x_aq_ifu_bht/bht_pred_taken,2,6.660228445835692e-05,0.7589999999999988,0.38341275222574545,0.0,0.0062529489956543284,1
x_aq_ifu_top/x_aq_ifu_pred/x_aq_ifu_bht/bht_sel_result[1:0],29,0.0009657331246461754,4.428,2.2368269655541546,0.0,0.009041618777799644,2
x_aq_ifu_top/x_aq_ifu_pred/x_aq_ifu_bht/bht_sel_way[7:0],109,0.0036298245029804522,5.2378623853211,2.645933113222232,0.009174311926605505,0.011615272850220825,3
x_aq_ifu_top/x_aq_ifu_pred/x_aq_ifu_bht/bht_upd_idx[2:0],26,0.00086582969795864,3.686692307692307,1.8623515735201508,0.0,0.015621016276805195,3
x_aq_ifu_top/x_aq_ifu_pred/x_aq_ifu_bht/bht_upd_vld,0,0.0,0.0,0.0,0.0,,0
x_aq_ifu_top/x_aq_ifu_pred/x_aq_ifu_bht/bht_upd_write,0,0.0,0.0,0.0,0.0,,0
x_aq_ifu_top/x_aq_ifu_pred/x_aq_ifu_bht/bht_wen[15:0],124,0.004129341636418129,4.917056451612903,2.483876346458846,0.024193548387096774,0.024755112011161977,15
x_aq_ifu_top/x_aq_ifu_pred/x_aq_ifu_bht/bht_wr_val[15:0],33,0.0010989376935628891,4.831151515151515,2.4404810261446976,0.0,0.018647282785352836,9
x_aq_ifu_top/x_aq_ifu_pred/x_aq_ifu_bht/bht_wr_val_single[1:0],21,0.0006993239868127477,4.991666666666666,2.521566080184693,0.0,0.019113250154891702,2
x_aq_ifu_top/x_aq_ifu_pred/x_aq_ifu_bht/x_aq_ifu_bht_icg_cell/clk_in,0,0.0,0.0,0.0,0.0,,0
x_aq_ifu_top/x_aq_ifu_pred/x_aq_ifu_bht/x_aq_ifu_bht_icg_cell/global_en,1,3.330114222917846e-05,21.131999999999998,10.6749384453682,1.0,-0.05631263816658485,1
x_aq_ifu_top/x_aq_ifu_pred/x_aq_ifu_bht/x_aq_ifu_bht_icg_cell/module_en,0,0.0,0.0,0.0,0.0,,0
x_aq_ifu_top/x_aq_ifu_pred/x_aq_ifu_bht/x_aq_ifu_bht_icg_cell/local_en,442,0.01471910486529688,4.718054298642534,2.383349385761589,0.024886877828054297,0.11514023105787233,1
x_aq_ifu_top/x_aq_ifu_pred/x_aq_ifu_bht/x_aq_ifu_bht_icg_cell/external_en,0,0.0,0.0,0.0,0.0,,0
x_aq_ifu_top/x_aq_ifu_pred/x_aq_ifu_bht/x_aq_ifu_bht_icg_cell/pad_yy_icg_scan_en,0,0.0,0.0,0.0,0.0,,0
x_aq_ifu_top/x_aq_ifu_pred/x_aq_ifu_bht/x_aq_ifu_bht_icg_cell/clk_out,0,0.0,0.0,0.0,0.0,,0
x_aq_ifu_top/x_aq_ifu_pred/x_aq_ifu_bht/x_aq_ifu_bht_icg_cell/clk_en_bf_latch,442,0.01471910486529688,4.718054298642534,2.383349385761589,0.024886877828054297,0.11514023105787233,1
x_aq_ifu_top/x_aq_ifu_pred/x_aq_ifu_bht/x_aq_ifu_bht_icg_cell/SE,0,0.0,0.0,0.0,0.0,,0
x_aq_ifu_top/x_aq_ifu_pred/x_aq_ifu_bht/x_aq_ifu_bht_inv_icg_cell/clk_in,0,0.0,0.0,0.0,0.0,,0
x_aq_ifu_top/x_aq_ifu_pred/x_aq_ifu_bht/x_aq_ifu_bht_inv_icg_cell/global_en,1,3.330114222917846e-05,21.131999999999998,10.6749384453682,1.0,-0.05631263816658485,1
x_aq_ifu_top/x_aq_ifu_pred/x_aq_ifu_bht/x_aq_ifu_bht_inv_icg_cell/module_en,0,0.0,0.0,0.0,0.0,,0
x_aq_ifu_top/x_aq_ifu_pred/x_aq_ifu_bht/x_aq_ifu_bht_inv_icg_cell/local_en,4,0.00013320456891671384,1.2574999999999998,0.6352325901500337,0.0,0.021866544726368068,1
x_aq_ifu_top/x_aq_ifu_pred/x_aq_ifu_bht/x_aq_ifu_bht_inv_icg_cell/external_en,0,0.0,0.0,0.0,0.0,,0
x_aq_ifu_top/x_aq_ifu_pred/x_aq_ifu_bht/x_aq_ifu_bht_inv_icg_cell/pad_yy_icg_scan_en,0,0.0,0.0,0.0,0.0,,0
x_aq_ifu_top/x_aq_ifu_pred/x_aq_ifu_bht/x_aq_ifu_bht_inv_icg_cell/clk_out,0,0.0,0.0,0.0,0.0,,0
x_aq_ifu_top/x_aq_ifu_pred/x_aq_ifu_bht/x_aq_ifu_bht_inv_icg_cell/clk_en_bf_latch,4,0.00013320456891671384,1.2574999999999998,0.6352325901500337,0.0,0.021866544726368068,1
x_aq_ifu_top/x_aq_ifu_pred/x_aq_ifu_bht/x_aq_ifu_bht_inv_icg_cell/SE,0,0.0,0.0,0.0,0.0,,0
x_aq_ifu_top/x_aq_ifu_pred/x_aq_ifu_bht/x_aq_ifu_bht_array/bht_cen,94,0.0031303073695427754,4.219691489361702,2.1315988504344237,0.0,0.055107502391679164,1
x_aq_ifu_top/x_aq_ifu_pred/x_aq_ifu_bht/x_aq_ifu_bht_array/bht_cen_gate,442,0.01471910486529688,4.735773755656108,2.392300460572551,0.024886877828054297,0.11525807505039083,1
x_aq_ifu_top/x_aq_ifu_pred/x_aq_ifu_bht/x_aq_ifu_bht_array/bht_din[15:0],33,0.0010989376935628891,4.831151515151515,2.4404810261446976,0.0,0.018647282785352836,9
x_aq_ifu_top/x_aq_ifu_pred/x_aq_ifu_bht/x_aq_ifu_bht_array/bht_dout[15:0],159,0.005294881614439376,5.016767295597483,2.534245791938266,0.025157232704402517,0.008212696374062849,6
x_aq_ifu_top/x_aq_ifu_pred/x_aq_ifu_bht/x_aq_ifu_bht_array/bht_idx[9:0],1252,0.04169303007093143,2.1276693290734827,1.0748031005090521,0.003194888178913738,0.006558578793438526,9
x_aq_ifu_top/x_aq_ifu_pred/x_aq_ifu_bht/x_aq_ifu_bht_array/bht_wen[15:0],124,0.004129341636418129,4.917056451612903,2.483876346458846,0.024193548387096774,0.024755112011161977,15
x_aq_ifu_top/x_aq_ifu_pred/x_aq_ifu_bht/x_aq_ifu_bht_array/cp0_ifu_icg_en,0,0.0,0.0,0.0,0.0,,0
x_aq_ifu_top/x_aq_ifu_pred/x_aq_ifu_bht/x_aq_ifu_bht_array/cp0_yy_clk_en,1,3.330114222917846e-05,21.131999999999998,10.6749384453682,1.0,-0.05631263816658485,1
x_aq_ifu_top/x_aq_ifu_pred/x_aq_ifu_bht/x_aq_ifu_bht_array/forever_cpuclk,0,0.0,0.0,0.0,0.0,,0
x_aq_ifu_top/x_aq_ifu_pred/x_aq_ifu_bht/x_aq_ifu_bht_array/pad_yy_icg_scan_en,0,0.0,0.0,0.0,0.0,,0
x_aq_ifu_top/x_aq_ifu_pred/x_aq_ifu_bht/x_aq_ifu_bht_array/bht_bwen_b[15:0],125,0.0041626427786473075,5.0467759999999995,2.5494048432501204,0.032,-0.028766115808842405,16
x_aq_ifu_top/x_aq_ifu_pred/x_aq_ifu_bht/x_aq_ifu_bht_array/bht_cen_b,781,0.02600819208098838,4.84544814340589,2.447703041410255,0.02176696542893726,-0.25848781481141087,1
x_aq_ifu_top/x_aq_ifu_pred/x_aq_ifu_bht/x_aq_ifu_bht_array/bht_clk,0,0.0,0.0,0.0,0.0,,0
x_aq_ifu_top/x_aq_ifu_pred/x_aq_ifu_bht/x_aq_ifu_bht_array/bht_gwen_b,121,0.004029438209730594,5.127016528925619,2.5899387589753133,0.03305785123966942,-0.056067103508012896,1
x_aq_ifu_top/x_aq_ifu_pred/x_aq_ifu_bht/x_aq_ifu_bht_array/bht_icg_en,442,0.01471910486529688,4.735773755656108,2.392300460572551,0.024886877828054297,0.11525807505039083,1
x_aq_ifu_top/x_aq_ifu_pred/x_aq_ifu_bht/x_aq_ifu_bht_array/x_bht_icg_cell/clk_in,0,0.0,0.0,0.0,0.0,,0
x_aq_ifu_top/x_aq_ifu_pred/x_aq_ifu_bht/x_aq_ifu_bht_array/x_bht_icg_cell/global_en,1,3.330114222917846e-05,21.131999999999998,10.6749384453682,1.0,-0.05631263816658485,1
x_aq_ifu_top/x_aq_ifu_pred/x_aq_ifu_bht/x_aq_ifu_bht_array/x_bht_icg_cell/module_en,0,0.0,0.0,0.0,0.0,,0
x_aq_ifu_top/x_aq_ifu_pred/x_aq_ifu_bht/x_aq_ifu_bht_array/x_bht_icg_cell/local_en,442,0.01471910486529688,4.735773755656108,2.392300460572551,0.024886877828054297,0.11525807505039083,1
x_aq_ifu_top/x_aq_ifu_pred/x_aq_ifu_bht/x_aq_ifu_bht_array/x_bht_icg_cell/external_en,0,0.0,0.0,0.0,0.0,,0
x_aq_ifu_top/x_aq_ifu_pred/x_aq_ifu_bht/x_aq_ifu_bht_array/x_bht_icg_cell/pad_yy_icg_scan_en,0,0.0,0.0,0.0,0.0,,0
x_aq_ifu_top/x_aq_ifu_pred/x_aq_ifu_bht/x_aq_ifu_bht_array/x_bht_icg_cell/clk_out,0,0.0,0.0,0.0,0.0,,0
x_aq_ifu_top/x_aq_ifu_pred/x_aq_ifu_bht/x_aq_ifu_bht_array/x_bht_icg_cell/clk_en_bf_latch,442,0.01471910486529688,4.735773755656108,2.392300460572551,0.024886877828054297,0.11525807505039083,1
x_aq_ifu_top/x_aq_ifu_pred/x_aq_ifu_bht/x_aq_ifu_bht_array/x_bht_icg_cell/SE,0,0.0,0.0,0.0,0.0,,0
x_aq_ifu_top/x_aq_ifu_pred/x_aq_ifu_bht/x_aq_ifu_bht_array/x_aq_spsram_1024x16/A[9:0],1252,0.04169303007093143,2.1276693290734827,1.0748031005090521,0.003194888178913738,0.006558578793438526,9
x_aq_ifu_top/x_aq_ifu_pred/x_aq_ifu_bht/x_aq_ifu_bht_array/x_aq_spsram_1024x16/CEN,781,0.02600819208098838,4.84544814340589,2.447703041410255,0.02176696542893726,-0.25848781481141087,1
x_aq_ifu_top/x_aq_ifu_pred/x_aq_ifu_bht/x_aq_ifu_bht_array/x_aq_spsram_1024x16/CLK,0,0.0,0.0,0.0,0.0,,0
x_aq_ifu_top/x_aq_ifu_pred/x_aq_ifu_bht/x_aq_ifu_bht_array/x_aq_spsram_1024x16/D[15:0],33,0.0010989376935628891,4.831151515151515,2.4404810261446976,0.0,0.018647282785352836,9
x_aq_ifu_top/x_aq_ifu_pred/x_aq_ifu_bht/x_aq_ifu_bht_array/x_aq_spsram_1024x16/GWEN,121,0.004029438209730594,5.127016528925619,2.5899387589753133,0.03305785123966942,-0.056067103508012896,1
x_aq_ifu_top/x_aq_ifu_pred/x_aq_ifu_bht/x_aq_ifu_bht_array/x_aq_spsram_1024x16/Q[15:0],159,0.005294881614439376,5.016767295597483,2.534245791938266,0.025157232704402517,0.008212696374062849,6
x_aq_ifu_top/x_aq_ifu_pred/x_aq_ifu_bht/x_aq_ifu_bht_array/x_aq_spsram_1024x16/WEN[15:0],125,0.0041626427786473075,5.0467759999999995,2.5494048432501204,0.032,-0.028766115808842405,16
x_aq_ifu_top/x_aq_ifu_pred/x_aq_ifu_bht/x_aq_ifu_bht_array/x_aq_spsram_1024x16/x_aq_f_spsram_1024x16/A[9:0],1252,0.04169303007093143,2.1276693290734827,1.0748031005090521,0.003194888178913738,0.006558578793438526,9
x_aq_ifu_top/x_aq_ifu_pred/x_aq_ifu_bht/x_aq_ifu_bht_array/x_aq_spsram_1024x16/x_aq_f_spsram_1024x16/CEN,781,0.02600819208098838,4.84544814340589,2.447703041410255,0.02176696542893726,-0.25848781481141087,1
x_aq_ifu_top/x_aq_ifu_pred/x_aq_ifu_bht/x_aq_ifu_bht_array/x_aq_spsram_1024x16/x_aq_f_spsram_1024x16/CLK,0,0.0,0.0,0.0,0.0,,0
x_aq_ifu_top/x_aq_ifu_pred/x_aq_ifu_bht/x_aq_ifu_bht_array/x_aq_spsram_1024x16/x_aq_f_spsram_1024x16/D[15:0],33,0.0010989376935628891,4.831151515151515,2.4404810261446976,0.0,0.018647282785352836,9
x_aq_ifu_top/x_aq_ifu_pred/x_aq_ifu_bht/x_aq_ifu_bht_array/x_aq_spsram_1024x16/x_aq_f_spsram_1024x16/GWEN,121,0.004029438209730594,5.127016528925619,2.5899387589753133,0.03305785123966942,-0.056067103508012896,1
x_aq_ifu_top/x_aq_ifu_pred/x_aq_ifu_bht/x_aq_ifu_bht_array/x_aq_spsram_1024x16/x_aq_f_spsram_1024x16/Q[15:0],159,0.005294881614439376,5.016767295597483,2.534245791938266,0.025157232704402517,0.008212696374062849,6
x_aq_ifu_top/x_aq_ifu_pred/x_aq_ifu_bht/x_aq_ifu_bht_array/x_aq_spsram_1024x16/x_aq_f_spsram_1024x16/WEN[15:0],125,0.0041626427786473075,5.0467759999999995,2.5494048432501204,0.032,-0.028766115808842405,16
x_aq_ifu_top/x_aq_ifu_pred/x_aq_ifu_bht/x_aq_ifu_bht_array/x_aq_spsram_1024x16/x_aq_f_spsram_1024x16/addr[9:0],1255,0.04179293349761897,2.052385657370518,1.0367731666944366,0.00398406374501992,0.012766317031768944,9
x_aq_ifu_top/x_aq_ifu_pred/x_aq_ifu_bht/x_aq_ifu_bht_array/x_aq_spsram_1024x16/x_aq_f_spsram_1024x16/ram_wen_vec[15:0],124,0.004129341636418129,4.917056451612903,2.483876346458846,0.024193548387096774,0.024755112011161977,15
x_aq_ifu_top/x_aq_ifu_pred/x_aq_ifu_bht/x_aq_ifu_bht_array/x_aq_spsram_1024x16/x_aq_f_spsram_1024x16/RAM_DIN_VEC[0]/ram_instance/PortAClk,0,0.0,0.0,0.0,0.0,,0
x_aq_ifu_top/x_aq_ifu_pred/x_aq_ifu_bht/x_aq_ifu_bht_array/x_aq_spsram_1024x16/x_aq_f_spsram_1024x16/RAM_DIN_VEC[0]/ram_instance/PortAAddr[9:0],1255,0.04179293349761897,2.052385657370518,1.0367731666944366,0.00398406374501992,0.012766317031768944,9
x_aq_ifu_top/x_aq_ifu_pred/x_aq_ifu_bht/x_aq_ifu_bht_array/x_aq_spsram_1024x16/x_aq_f_spsram_1024x16/RAM_DIN_VEC[0]/ram_instance/PortADataIn[0:0],15,0.0004995171334376769,5.408333333333333,2.7320473890481902,0.0,0.017842014516310598,1
x_aq_ifu_top/x_aq_ifu_pred/x_aq_ifu_bht/x_aq_ifu_bht_array/x_aq_spsram_1024x16/x_aq_f_spsram_1024x16/RAM_DIN_VEC[0]/ram_instance/PortAWriteEnable,4,0.00013320456891671384,2.6195000000000004,1.3232538925630328,0.0,0.022008163571368644,1
x_aq_ifu_top/x_aq_ifu_pred/x_aq_ifu_bht/x_aq_ifu_bht_array/x_aq_spsram_1024x16/x_aq_f_spsram_1024x16/RAM_DIN_VEC[1]/ram_instance/PortAClk,0,0.0,0.0,0.0,0.0,,0
x_aq_ifu_top/x_aq_ifu_pred/x_aq_ifu_bht/x_aq_ifu_bht_array/x_aq_spsram_1024x16/x_aq_f_spsram_1024x16/RAM_DIN_VEC[1]/ram_instance/PortAAddr[9:0],1255,0.04179293349761897,2.052385657370518,1.0367731666944366,0.00398406374501992,0.012766317031768944,9
x_aq_ifu_top/x_aq_ifu_pred/x_aq_ifu_bht/x_aq_ifu_bht_array/x_aq_spsram_1024x16/x_aq_f_spsram_1024x16/RAM_DIN_VEC[1]/ram_instance/PortADataIn[0:0],15,0.0004995171334376769,5.408333333333333,2.7320473890481902,0.0,0.017842014516310598,1
x_aq_ifu_top/x_aq_ifu_pred/x_aq_ifu_bht/x_aq_ifu_bht_array/x_aq_spsram_1024x16/x_aq_f_spsram_1024x16/RAM_DIN_VEC[1]/ram_instance/PortAWriteEnable,4,0.00013320456891671384,2.6195000000000004,1.3232538925630328,0.0,0.022008163571368644,1
x_aq_ifu_top/x_aq_ifu_pred/x_aq_ifu_bht/x_aq_ifu_bht_array/x_aq_spsram_1024x16/x_aq_f_spsram_1024x16/RAM_DIN_VEC[2]/ram_instance/PortAClk,0,0.0,0.0,0.0,0.0,,0
x_aq_ifu_top/x_aq_ifu_pred/x_aq_ifu_bht/x_aq_ifu_bht_array/x_aq_spsram_1024x16/x_aq_f_spsram_1024x16/RAM_DIN_VEC[2]/ram_instance/PortAAddr[9:0],1255,0.04179293349761897,2.052385657370518,1.0367731666944366,0.00398406374501992,0.012766317031768944,9
x_aq_ifu_top/x_aq_ifu_pred/x_aq_ifu_bht/x_aq_ifu_bht_array/x_aq_spsram_1024x16/x_aq_f_spsram_1024x16/RAM_DIN_VEC[2]/ram_instance/PortADataIn[0:0],15,0.0004995171334376769,5.408333333333333,2.7320473890481902,0.0,0.017842014516310598,1
x_aq_ifu_top/x_aq_ifu_pred/x_aq_ifu_bht/x_aq_ifu_bht_array/x_aq_spsram_1024x16/x_aq_f_spsram_1024x16/RAM_DIN_VEC[2]/ram_instance/PortAWriteEnable,4,0.00013320456891671384,2.6195000000000004,1.3232538925630328,0.0,0.022008163571368644,1
x_aq_ifu_top/x_aq_ifu_pred/x_aq_ifu_bht/x_aq_ifu_bht_array/x_aq_spsram_1024x16/x_aq_f_spsram_1024x16/RAM_DIN_VEC[3]/ram_instance/PortAClk,0,0.0,0.0,0.0,0.0,,0
x_aq_ifu_top/x_aq_ifu_pred/x_aq_ifu_bht/x_aq_ifu_bht_array/x_aq_spsram_1024x16/x_aq_f_spsram_1024x16/RAM_DIN_VEC[3]/ram_instance/PortAAddr[9:0],1255,0.04179293349761897,2.052385657370518,1.0367731666944366,0.00398406374501992,0.012766317031768944,9
x_aq_ifu_top/x_aq_ifu_pred/x_aq_ifu_bht/x_aq_ifu_bht_array/x_aq_spsram_1024x16/x_aq_f_spsram_1024x16/RAM_DIN_VEC[3]/ram_instance/PortADataIn[0:0],15,0.0004995171334376769,5.408333333333333,2.7320473890481902,0.0,0.017842014516310598,1
x_aq_ifu_top/x_aq_ifu_pred/x_aq_ifu_bht/x_aq_ifu_bht_array/x_aq_spsram_1024x16/x_aq_f_spsram_1024x16/RAM_DIN_VEC[3]/ram_instance/PortAWriteEnable,4,0.00013320456891671384,2.6195000000000004,1.3232538925630328,0.0,0.022008163571368644,1
x_aq_ifu_top/x_aq_ifu_pred/x_aq_ifu_bht/x_aq_ifu_bht_array/x_aq_spsram_1024x16/x_aq_f_spsram_1024x16/RAM_DIN_VEC[4]/ram_instance/PortAClk,0,0.0,0.0,0.0,0.0,,0
x_aq_ifu_top/x_aq_ifu_pred/x_aq_ifu_bht/x_aq_ifu_bht_array/x_aq_spsram_1024x16/x_aq_f_spsram_1024x16/RAM_DIN_VEC[4]/ram_instance/PortAAddr[9:0],1255,0.04179293349761897,2.052385657370518,1.0367731666944366,0.00398406374501992,0.012766317031768944,9
x_aq_ifu_top/x_aq_ifu_pred/x_aq_ifu_bht/x_aq_ifu_bht_array/x_aq_spsram_1024x16/x_aq_f_spsram_1024x16/RAM_DIN_VEC[4]/ram_instance/PortADataIn[0:0],15,0.0004995171334376769,5.408333333333333,2.7320473890481902,0.0,0.017842014516310598,1
x_aq_ifu_top/x_aq_ifu_pred/x_aq_ifu_bht/x_aq_ifu_bht_array/x_aq_spsram_1024x16/x_aq_f_spsram_1024x16/RAM_DIN_VEC[4]/ram_instance/PortAWriteEnable,4,0.00013320456891671384,2.6195000000000004,1.3232538925630328,0.0,0.022008163571368644,1
x_aq_ifu_top/x_aq_ifu_pred/x_aq_ifu_bht/x_aq_ifu_bht_array/x_aq_spsram_1024x16/x_aq_f_spsram_1024x16/RAM_DIN_VEC[5]/ram_instance/PortAClk,0,0.0,0.0,0.0,0.0,,0
x_aq_ifu_top/x_aq_ifu_pred/x_aq_ifu_bht/x_aq_ifu_bht_array/x_aq_spsram_1024x16/x_aq_f_spsram_1024x16/RAM_DIN_VEC[5]/ram_instance/PortAAddr[9:0],1255,0.04179293349761897,2.052385657370518,1.0367731666944366,0.00398406374501992,0.012766317031768944,9
x_aq_ifu_top/x_aq_ifu_pred/x_aq_ifu_bht/x_aq_ifu_bht_array/x_aq_spsram_1024x16/x_aq_f_spsram_1024x16/RAM_DIN_VEC[5]/ram_instance/PortADataIn[0:0],15,0.0004995171334376769,5.408333333333333,2.7320473890481902,0.0,0.017842014516310598,1
x_aq_ifu_top/x_aq_ifu_pred/x_aq_ifu_bht/x_aq_ifu_bht_array/x_aq_spsram_1024x16/x_aq_f_spsram_1024x16/RAM_DIN_VEC[5]/ram_instance/PortAWriteEnable,4,0.00013320456891671384,2.6195000000000004,1.3232538925630328,0.0,0.022008163571368644,1
x_aq_ifu_top/x_aq_ifu_pred/x_aq_ifu_bht/x_aq_ifu_bht_array/x_aq_spsram_1024x16/x_aq_f_spsram_1024x16/RAM_DIN_VEC[6]/ram_instance/PortAClk,0,0.0,0.0,0.0,0.0,,0
x_aq_ifu_top/x_aq_ifu_pred/x_aq_ifu_bht/x_aq_ifu_bht_array/x_aq_spsram_1024x16/x_aq_f_spsram_1024x16/RAM_DIN_VEC[6]/ram_instance/PortAAddr[9:0],1255,0.04179293349761897,2.052385657370518,1.0367731666944366,0.00398406374501992,0.012766317031768944,9
x_aq_ifu_top/x_aq_ifu_pred/x_aq_ifu_bht/x_aq_ifu_bht_array/x_aq_spsram_1024x16/x_aq_f_spsram_1024x16/RAM_DIN_VEC[6]/ram_instance/PortADataIn[0:0],15,0.0004995171334376769,5.408333333333333,2.7320473890481902,0.0,0.017842014516310598,1
x_aq_ifu_top/x_aq_ifu_pred/x_aq_ifu_bht/x_aq_ifu_bht_array/x_aq_spsram_1024x16/x_aq_f_spsram_1024x16/RAM_DIN_VEC[6]/ram_instance/PortAWriteEnable,4,0.00013320456891671384,2.6195000000000004,1.3232538925630328,0.0,0.022008163571368644,1
x_aq_ifu_top/x_aq_ifu_pred/x_aq_ifu_bht/x_aq_ifu_bht_array/x_aq_spsram_1024x16/x_aq_f_spsram_1024x16/RAM_DIN_VEC[7]/ram_instance/PortAClk,0,0.0,0.0,0.0,0.0,,0
x_aq_ifu_top/x_aq_ifu_pred/x_aq_ifu_bht/x_aq_ifu_bht_array/x_aq_spsram_1024x16/x_aq_f_spsram_1024x16/RAM_DIN_VEC[7]/ram_instance/PortAAddr[9:0],1255,0.04179293349761897,2.052385657370518,1.0367731666944366,0.00398406374501992,0.012766317031768944,9
x_aq_ifu_top/x_aq_ifu_pred/x_aq_ifu_bht/x_aq_ifu_bht_array/x_aq_spsram_1024x16/x_aq_f_spsram_1024x16/RAM_DIN_VEC[7]/ram_instance/PortADataIn[0:0],15,0.0004995171334376769,5.408333333333333,2.7320473890481902,0.0,0.017842014516310598,1
x_aq_ifu_top/x_aq_ifu_pred/x_aq_ifu_bht/x_aq_ifu_bht_array/x_aq_spsram_1024x16/x_aq_f_spsram_1024x16/RAM_DIN_VEC[7]/ram_instance/PortAWriteEnable,4,0.00013320456891671384,2.6195000000000004,1.3232538925630328,0.0,0.022008163571368644,1
x_aq_ifu_top/x_aq_ifu_pred/x_aq_ifu_bht/x_aq_ifu_bht_array/x_aq_spsram_1024x16/x_aq_f_spsram_1024x16/RAM_DIN_VEC[8]/ram_instance/PortAClk,0,0.0,0.0,0.0,0.0,,0
x_aq_ifu_top/x_aq_ifu_pred/x_aq_ifu_bht/x_aq_ifu_bht_array/x_aq_spsram_1024x16/x_aq_f_spsram_1024x16/RAM_DIN_VEC[8]/ram_instance/PortAAddr[9:0],1255,0.04179293349761897,2.052385657370518,1.0367731666944366,0.00398406374501992,0.012766317031768944,9
x_aq_ifu_top/x_aq_ifu_pred/x_aq_ifu_bht/x_aq_ifu_bht_array/x_aq_spsram_1024x16/x_aq_f_spsram_1024x16/RAM_DIN_VEC[8]/ram_instance/PortADataIn[0:0],4,0.00013320456891671384,2.3249999999999997,1.174485703458313,0.0,0.018299169104292905,1
x_aq_ifu_top/x_aq_ifu_pred/x_aq_ifu_bht/x_aq_ifu_bht_array/x_aq_spsram_1024x16/x_aq_f_spsram_1024x16/RAM_DIN_VEC[8]/ram_instance/PortAWriteEnable,4,0.00013320456891671384,2.6195000000000004,1.3232538925630328,0.0,0.022008163571368644,1
x_aq_ifu_top/x_aq_ifu_pred/x_aq_ifu_bht/x_aq_ifu_bht_array/x_aq_spsram_1024x16/x_aq_f_spsram_1024x16/RAM_DIN_VEC[9]/ram_instance/PortAClk,0,0.0,0.0,0.0,0.0,,0
x_aq_ifu_top/x_aq_ifu_pred/x_aq_ifu_bht/x_aq_ifu_bht_array/x_aq_spsram_1024x16/x_aq_f_spsram_1024x16/RAM_DIN_VEC[9]/ram_instance/PortAAddr[9:0],1255,0.04179293349761897,2.052385657370518,1.0367731666944366,0.00398406374501992,0.012766317031768944,9
x_aq_ifu_top/x_aq_ifu_pred/x_aq_ifu_bht/x_aq_ifu_bht_array/x_aq_spsram_1024x16/x_aq_f_spsram_1024x16/RAM_DIN_VEC[9]/ram_instance/PortADataIn[0:0],4,0.00013320456891671384,2.3249999999999997,1.174485703458313,0.0,0.018299169104292905,1
x_aq_ifu_top/x_aq_ifu_pred/x_aq_ifu_bht/x_aq_ifu_bht_array/x_aq_spsram_1024x16/x_aq_f_spsram_1024x16/RAM_DIN_VEC[9]/ram_instance/PortAWriteEnable,4,0.00013320456891671384,2.6195000000000004,1.3232538925630328,0.0,0.022008163571368644,1
x_aq_ifu_top/x_aq_ifu_pred/x_aq_ifu_bht/x_aq_ifu_bht_array/x_aq_spsram_1024x16/x_aq_f_spsram_1024x16/RAM_DIN_VEC[10]/ram_instance/PortAClk,0,0.0,0.0,0.0,0.0,,0
x_aq_ifu_top/x_aq_ifu_pred/x_aq_ifu_bht/x_aq_ifu_bht_array/x_aq_spsram_1024x16/x_aq_f_spsram_1024x16/RAM_DIN_VEC[10]/ram_instance/PortAAddr[9:0],1255,0.04179293349761897,2.052385657370518,1.0367731666944366,0.00398406374501992,0.012766317031768944,9
x_aq_ifu_top/x_aq_ifu_pred/x_aq_ifu_bht/x_aq_ifu_bht_array/x_aq_spsram_1024x16/x_aq_f_spsram_1024x16/RAM_DIN_VEC[10]/ram_instance/PortADataIn[0:0],4,0.00013320456891671384,2.3249999999999997,1.174485703458313,0.0,0.018299169104292905,1
x_aq_ifu_top/x_aq_ifu_pred/x_aq_ifu_bht/x_aq_ifu_bht_array/x_aq_spsram_1024x16/x_aq_f_spsram_1024x16/RAM_DIN_VEC[10]/ram_instance/PortAWriteEnable,4,0.00013320456891671384,2.6195000000000004,1.3232538925630328,0.0,0.022008163571368644,1
x_aq_ifu_top/x_aq_ifu_pred/x_aq_ifu_bht/x_aq_ifu_bht_array/x_aq_spsram_1024x16/x_aq_f_spsram_1024x16/RAM_DIN_VEC[11]/ram_instance/PortAClk,0,0.0,0.0,0.0,0.0,,0
x_aq_ifu_top/x_aq_ifu_pred/x_aq_ifu_bht/x_aq_ifu_bht_array/x_aq_spsram_1024x16/x_aq_f_spsram_1024x16/RAM_DIN_VEC[11]/ram_instance/PortAAddr[9:0],1255,0.04179293349761897,2.052385657370518,1.0367731666944366,0.00398406374501992,0.012766317031768944,9
x_aq_ifu_top/x_aq_ifu_pred/x_aq_ifu_bht/x_aq_ifu_bht_array/x_aq_spsram_1024x16/x_aq_f_spsram_1024x16/RAM_DIN_VEC[11]/ram_instance/PortADataIn[0:0],4,0.00013320456891671384,2.3249999999999997,1.174485703458313,0.0,0.018299169104292905,1
x_aq_ifu_top/x_aq_ifu_pred/x_aq_ifu_bht/x_aq_ifu_bht_array/x_aq_spsram_1024x16/x_aq_f_spsram_1024x16/RAM_DIN_VEC[11]/ram_instance/PortAWriteEnable,4,0.00013320456891671384,2.6195000000000004,1.3232538925630328,0.0,0.022008163571368644,1
x_aq_ifu_top/x_aq_ifu_pred/x_aq_ifu_bht/x_aq_ifu_bht_array/x_aq_spsram_1024x16/x_aq_f_spsram_1024x16/RAM_DIN_VEC[12]/ram_instance/PortAClk,0,0.0,0.0,0.0,0.0,,0
x_aq_ifu_top/x_aq_ifu_pred/x_aq_ifu_bht/x_aq_ifu_bht_array/x_aq_spsram_1024x16/x_aq_f_spsram_1024x16/RAM_DIN_VEC[12]/ram_instance/PortAAddr[9:0],1255,0.04179293349761897,2.052385657370518,1.0367731666944366,0.00398406374501992,0.012766317031768944,9
x_aq_ifu_top/x_aq_ifu_pred/x_aq_ifu_bht/x_aq_ifu_bht_array/x_aq_spsram_1024x16/x_aq_f_spsram_1024x16/RAM_DIN_VEC[12]/ram_instance/PortADataIn[0:0],4,0.00013320456891671384,2.3249999999999997,1.174485703458313,0.0,0.018299169104292905,1
x_aq_ifu_top/x_aq_ifu_pred/x_aq_ifu_bht/x_aq_ifu_bht_array/x_aq_spsram_1024x16/x_aq_f_spsram_1024x16/RAM_DIN_VEC[12]/ram_instance/PortAWriteEnable,4,0.00013320456891671384,2.6195000000000004,1.3232538925630328,0.0,0.022008163571368644,1
x_aq_ifu_top/x_aq_ifu_pred/x_aq_ifu_bht/x_aq_ifu_bht_array/x_aq_spsram_1024x16/x_aq_f_spsram_1024x16/RAM_DIN_VEC[13]/ram_instance/PortAClk,0,0.0,0.0,0.0,0.0,,0
x_aq_ifu_top/x_aq_ifu_pred/x_aq_ifu_bht/x_aq_ifu_bht_array/x_aq_spsram_1024x16/x_aq_f_spsram_1024x16/RAM_DIN_VEC[13]/ram_instance/PortAAddr[9:0],1255,0.04179293349761897,2.052385657370518,1.0367731666944366,0.00398406374501992,0.012766317031768944,9
x_aq_ifu_top/x_aq_ifu_pred/x_aq_ifu_bht/x_aq_ifu_bht_array/x_aq_spsram_1024x16/x_aq_f_spsram_1024x16/RAM_DIN_VEC[13]/ram_instance/PortADataIn[0:0],4,0.00013320456891671384,2.3249999999999997,1.174485703458313,0.0,0.018299169104292905,1
x_aq_ifu_top/x_aq_ifu_pred/x_aq_ifu_bht/x_aq_ifu_bht_array/x_aq_spsram_1024x16/x_aq_f_spsram_1024x16/RAM_DIN_VEC[13]/ram_instance/PortAWriteEnable,4,0.00013320456891671384,2.6195000000000004,1.3232538925630328,0.0,0.022008163571368644,1
x_aq_ifu_top/x_aq_ifu_pred/x_aq_ifu_bht/x_aq_ifu_bht_array/x_aq_spsram_1024x16/x_aq_f_spsram_1024x16/RAM_DIN_VEC[14]/ram_instance/PortAClk,0,0.0,0.0,0.0,0.0,,0
x_aq_ifu_top/x_aq_ifu_pred/x_aq_ifu_bht/x_aq_ifu_bht_array/x_aq_spsram_1024x16/x_aq_f_spsram_1024x16/RAM_DIN_VEC[14]/ram_instance/PortAAddr[9:0],1255,0.04179293349761897,2.052385657370518,1.0367731666944366,0.00398406374501992,0.012766317031768944,9
x_aq_ifu_top/x_aq_ifu_pred/x_aq_ifu_bht/x_aq_ifu_bht_array/x_aq_spsram_1024x16/x_aq_f_spsram_1024x16/RAM_DIN_VEC[14]/ram_instance/PortADataIn[0:0],4,0.00013320456891671384,2.3249999999999997,1.174485703458313,0.0,0.018299169104292905,1
x_aq_ifu_top/x_aq_ifu_pred/x_aq_ifu_bht/x_aq_ifu_bht_array/x_aq_spsram_1024x16/x_aq_f_spsram_1024x16/RAM_DIN_VEC[14]/ram_instance/PortAWriteEnable,4,0.00013320456891671384,2.6195000000000004,1.3232538925630328,0.0,0.022008163571368644,1
x_aq_ifu_top/x_aq_ifu_pred/x_aq_ifu_bht/x_aq_ifu_bht_array/x_aq_spsram_1024x16/x_aq_f_spsram_1024x16/RAM_DIN_VEC[15]/ram_instance/PortAClk,0,0.0,0.0,0.0,0.0,,0
x_aq_ifu_top/x_aq_ifu_pred/x_aq_ifu_bht/x_aq_ifu_bht_array/x_aq_spsram_1024x16/x_aq_f_spsram_1024x16/RAM_DIN_VEC[15]/ram_instance/PortAAddr[9:0],1255,0.04179293349761897,2.052385657370518,1.0367731666944366,0.00398406374501992,0.012766317031768944,9
x_aq_ifu_top/x_aq_ifu_pred/x_aq_ifu_bht/x_aq_ifu_bht_array/x_aq_spsram_1024x16/x_aq_f_spsram_1024x16/RAM_DIN_VEC[15]/ram_instance/PortADataIn[0:0],4,0.00013320456891671384,2.3249999999999997,1.174485703458313,0.0,0.018299169104292905,1
x_aq_ifu_top/x_aq_ifu_pred/x_aq_ifu_bht/x_aq_ifu_bht_array/x_aq_spsram_1024x16/x_aq_f_spsram_1024x16/RAM_DIN_VEC[15]/ram_instance/PortAWriteEnable,4,0.00013320456891671384,2.6195000000000004,1.3232538925630328,0.0,0.022008163571368644,1
x_aq_ifu_top/x_aq_ifu_pred/x_aq_ifu_ras/cp0_ifu_icg_en,0,0.0,0.0,0.0,0.0,,0
x_aq_ifu_top/x_aq_ifu_pred/x_aq_ifu_ras/cp0_yy_clk_en,1,3.330114222917846e-05,21.131999999999998,10.6749384453682,1.0,-0.05631263816658485,1
x_aq_ifu_top/x_aq_ifu_pred/x_aq_ifu_ras/cpurst_b,3,9.990342668753538e-05,11.372333333333332,5.74479265159674,0.3333333333333333,-0.0038230699005505813,1
x_aq_ifu_top/x_aq_ifu_pred/x_aq_ifu_ras/forever_cpuclk,0,0.0,0.0,0.0,0.0,,0
x_aq_ifu_top/x_aq_ifu_pred/x_aq_ifu_ras/iu_ifu_bht_mispred,0,0.0,0.0,0.0,0.0,,0
x_aq_ifu_top/x_aq_ifu_pred/x_aq_ifu_ras/iu_ifu_bht_mispred_gate,0,0.0,0.0,0.0,0.0,,0
x_aq_ifu_top/x_aq_ifu_pred/x_aq_ifu_ras/iu_ifu_link_vld,0,0.0,0.0,0.0,0.0,,0
x_aq_ifu_top/x_aq_ifu_pred/x_aq_ifu_ras/iu_ifu_link_vld_gate,0,0.0,0.0,0.0,0.0,,0
x_aq_ifu_top/x_aq_ifu_pred/x_aq_ifu_ras/iu_ifu_pc_mispred,0,0.0,0.0,0.0,0.0,,0
x_aq_ifu_top/x_aq_ifu_pred/x_aq_ifu_ras/iu_ifu_pc_mispred_gate,0,0.0,0.0,0.0,0.0,,0
x_aq_ifu_top/x_aq_ifu_pred/x_aq_ifu_ras/iu_ifu_ret_vld,0,0.0,0.0,0.0,0.0,,0
x_aq_ifu_top/x_aq_ifu_pred/x_aq_ifu_ras/iu_ifu_ret_vld_gate,0,0.0,0.0,0.0,0.0,,0
x_aq_ifu_top/x_aq_ifu_pred/x_aq_ifu_ras/pad_yy_icg_scan_en,0,0.0,0.0,0.0,0.0,,0
x_aq_ifu_top/x_aq_ifu_pred/x_aq_ifu_ras/pred_ras_link_pc[23:0],3992,0.1329381597788804,4.736465280561123,2.392649787933637,0.037825651302605214,-0.026632700796092052,13
x_aq_ifu_top/x_aq_ifu_pred/x_aq_ifu_ras/pred_ras_link_vld,2,6.660228445835692e-05,2.679000000000003,1.3533106234687415,0.0,0.007861994230847158,1
x_aq_ifu_top/x_aq_ifu_pred/x_aq_ifu_ras/pred_ras_ret_vld,0,0.0,0.0,0.0,0.0,,0
x_aq_ifu_top/x_aq_ifu_pred/x_aq_ifu_ras/ras_cur_st,2,6.660228445835692e-05,4.616999999999999,2.3323012872546367,0.0,0.022402207347894457,1
x_aq_ifu_top/x_aq_ifu_pred/x_aq_ifu_ras/ras_pred_tar_pc[23:0],19,0.0006327217023543907,3.937473684210527,1.9890350752036974,0.0,-0.006956534944763354,9
x_aq_ifu_top/x_aq_ifu_pred/x_aq_ifu_ras/rtu_ifu_flush_fe,0,0.0,0.0,0.0,0.0,,0
x_aq_ifu_top/x_aq_ifu_pred/x_aq_ifu_ras/entry0_pc[23:0],2,6.660228445835692e-05,2.854,1.4417127731914088,0.0,-0.0035235467712646665,12
x_aq_ifu_top/x_aq_ifu_pred/x_aq_ifu_ras/entry0_upd,0,0.0,0.0,0.0,0.0,,0
x_aq_ifu_top/x_aq_ifu_pred/x_aq_ifu_ras/entry1_pc[23:0],6,0.00019980685337507077,2.950666666666667,1.4905444368477403,0.0,-0.010650035295250089,8
x_aq_ifu_top/x_aq_ifu_pred/x_aq_ifu_ras/entry1_upd,0,0.0,0.0,0.0,0.0,,0
x_aq_ifu_top/x_aq_ifu_pred/x_aq_ifu_ras/entry2_pc[23:0],2,6.660228445835692e-05,4.074,2.0580020455437276,0.0,-0.006622316857015823,9
x_aq_ifu_top/x_aq_ifu_pred/x_aq_ifu_ras/entry2_upd,0,0.0,0.0,0.0,0.0,,0
x_aq_ifu_top/x_aq_ifu_pred/x_aq_ifu_ras/entry3_pc[23:0],2,6.660228445835692e-05,5.342999999999998,2.699043919818393,0.0,-0.028357220179522833,4
x_aq_ifu_top/x_aq_ifu_pred/x_aq_ifu_ras/entry3_upd,0,0.0,0.0,0.0,0.0,,0
x_aq_ifu_top/x_aq_ifu_pred/x_aq_ifu_ras/ras_cpuclk,0,0.0,0.0,0.0,0.0,,0
x_aq_ifu_top/x_aq_ifu_pred/x_aq_ifu_ras/ras_icg_en,14,0.00046621599120849844,3.4958571428571434,1.7659502088681034,0.0,0.03144971308806899,1
x_aq_ifu_top/x_aq_ifu_pred/x_aq_ifu_ras/ras_upd_pc[23:0],3992,0.1329381597788804,4.736465280561123,2.392649787933637,0.037825651302605214,-0.026632700796092052,13
x_aq_ifu_top/x_aq_ifu_pred/x_aq_ifu_ras/x_aq_ifu_ras_icg_cell/clk_in,0,0.0,0.0,0.0,0.0,,0
x_aq_ifu_top/x_aq_ifu_pred/x_aq_ifu_ras/x_aq_ifu_ras_icg_cell/global_en,1,3.330114222917846e-05,21.131999999999998,10.6749384453682,1.0,-0.05631263816658485,1
x_aq_ifu_top/x_aq_ifu_pred/x_aq_ifu_ras/x_aq_ifu_ras_icg_cell/module_en,0,0.0,0.0,0.0,0.0,,0
x_aq_ifu_top/x_aq_ifu_pred/x_aq_ifu_ras/x_aq_ifu_ras_icg_cell/local_en,14,0.00046621599120849844,3.4958571428571434,1.7659502088681034,0.0,0.03144971308806899,1
x_aq_ifu_top/x_aq_ifu_pred/x_aq_ifu_ras/x_aq_ifu_ras_icg_cell/external_en,0,0.0,0.0,0.0,0.0,,0
x_aq_ifu_top/x_aq_ifu_pred/x_aq_ifu_ras/x_aq_ifu_ras_icg_cell/pad_yy_icg_scan_en,0,0.0,0.0,0.0,0.0,,0
x_aq_ifu_top/x_aq_ifu_pred/x_aq_ifu_ras/x_aq_ifu_ras_icg_cell/clk_out,0,0.0,0.0,0.0,0.0,,0
x_aq_ifu_top/x_aq_ifu_pred/x_aq_ifu_ras/x_aq_ifu_ras_icg_cell/clk_en_bf_latch,14,0.00046621599120849844,3.4958571428571434,1.7659502088681034,0.0,0.03144971308806899,1
x_aq_ifu_top/x_aq_ifu_pred/x_aq_ifu_ras/x_aq_ifu_ras_icg_cell/SE,0,0.0,0.0,0.0,0.0,,0
x_aq_ifu_top/x_aq_ifu_pred/x_aq_ifu_ras/x_aq_ifu_ras_entry0/cp0_ifu_icg_en,0,0.0,0.0,0.0,0.0,,0
x_aq_ifu_top/x_aq_ifu_pred/x_aq_ifu_ras/x_aq_ifu_ras_entry0/cp0_yy_clk_en,1,3.330114222917846e-05,21.131999999999998,10.6749384453682,1.0,-0.05631263816658485,1
x_aq_ifu_top/x_aq_ifu_pred/x_aq_ifu_ras/x_aq_ifu_ras_entry0/cpurst_b,3,9.990342668753538e-05,11.372333333333332,5.74479265159674,0.3333333333333333,-0.0038230699005505813,1
x_aq_ifu_top/x_aq_ifu_pred/x_aq_ifu_ras/x_aq_ifu_ras_entry0/forever_cpuclk,0,0.0,0.0,0.0,0.0,,0
x_aq_ifu_top/x_aq_ifu_pred/x_aq_ifu_ras/x_aq_ifu_ras_entry0/pad_yy_icg_scan_en,0,0.0,0.0,0.0,0.0,,0
x_aq_ifu_top/x_aq_ifu_pred/x_aq_ifu_ras/x_aq_ifu_ras_entry0/ras_entry_pc[23:0],2,6.660228445835692e-05,2.854,1.4417127731914088,0.0,-0.0035235467712646665,12
x_aq_ifu_top/x_aq_ifu_pred/x_aq_ifu_ras/x_aq_ifu_ras_entry0/ras_entry_upd,0,0.0,0.0,0.0,0.0,,0
x_aq_ifu_top/x_aq_ifu_pred/x_aq_ifu_ras/x_aq_ifu_ras_entry0/ras_upd_pc[23:0],3992,0.1329381597788804,4.736465280561123,2.392649787933637,0.037825651302605214,-0.026632700796092052,13
x_aq_ifu_top/x_aq_ifu_pred/x_aq_ifu_ras/x_aq_ifu_ras_entry0/entry_clk,0,0.0,0.0,0.0,0.0,,0
x_aq_ifu_top/x_aq_ifu_pred/x_aq_ifu_ras/x_aq_ifu_ras_entry0/entry_clk_en,0,0.0,0.0,0.0,0.0,,0
x_aq_ifu_top/x_aq_ifu_pred/x_aq_ifu_ras/x_aq_ifu_ras_entry0/x_ras_entry_icg_cell/clk_in,0,0.0,0.0,0.0,0.0,,0
x_aq_ifu_top/x_aq_ifu_pred/x_aq_ifu_ras/x_aq_ifu_ras_entry0/x_ras_entry_icg_cell/global_en,1,3.330114222917846e-05,21.131999999999998,10.6749384453682,1.0,-0.05631263816658485,1
x_aq_ifu_top/x_aq_ifu_pred/x_aq_ifu_ras/x_aq_ifu_ras_entry0/x_ras_entry_icg_cell/module_en,0,0.0,0.0,0.0,0.0,,0
x_aq_ifu_top/x_aq_ifu_pred/x_aq_ifu_ras/x_aq_ifu_ras_entry0/x_ras_entry_icg_cell/local_en,0,0.0,0.0,0.0,0.0,,0
x_aq_ifu_top/x_aq_ifu_pred/x_aq_ifu_ras/x_aq_ifu_ras_entry0/x_ras_entry_icg_cell/external_en,0,0.0,0.0,0.0,0.0,,0
x_aq_ifu_top/x_aq_ifu_pred/x_aq_ifu_ras/x_aq_ifu_ras_entry0/x_ras_entry_icg_cell/pad_yy_icg_scan_en,0,0.0,0.0,0.0,0.0,,0
x_aq_ifu_top/x_aq_ifu_pred/x_aq_ifu_ras/x_aq_ifu_ras_entry0/x_ras_entry_icg_cell/clk_out,0,0.0,0.0,0.0,0.0,,0
x_aq_ifu_top/x_aq_ifu_pred/x_aq_ifu_ras/x_aq_ifu_ras_entry0/x_ras_entry_icg_cell/clk_en_bf_latch,0,0.0,0.0,0.0,0.0,,0
x_aq_ifu_top/x_aq_ifu_pred/x_aq_ifu_ras/x_aq_ifu_ras_entry0/x_ras_entry_icg_cell/SE,0,0.0,0.0,0.0,0.0,,0
x_aq_ifu_top/x_aq_ifu_pred/x_aq_ifu_ras/x_aq_ifu_ras_entry1/cp0_ifu_icg_en,0,0.0,0.0,0.0,0.0,,0
x_aq_ifu_top/x_aq_ifu_pred/x_aq_ifu_ras/x_aq_ifu_ras_entry1/cp0_yy_clk_en,1,3.330114222917846e-05,21.131999999999998,10.6749384453682,1.0,-0.05631263816658485,1
x_aq_ifu_top/x_aq_ifu_pred/x_aq_ifu_ras/x_aq_ifu_ras_entry1/cpurst_b,3,9.990342668753538e-05,11.372333333333332,5.74479265159674,0.3333333333333333,-0.0038230699005505813,1
x_aq_ifu_top/x_aq_ifu_pred/x_aq_ifu_ras/x_aq_ifu_ras_entry1/forever_cpuclk,0,0.0,0.0,0.0,0.0,,0
x_aq_ifu_top/x_aq_ifu_pred/x_aq_ifu_ras/x_aq_ifu_ras_entry1/pad_yy_icg_scan_en,0,0.0,0.0,0.0,0.0,,0
x_aq_ifu_top/x_aq_ifu_pred/x_aq_ifu_ras/x_aq_ifu_ras_entry1/ras_entry_pc[23:0],6,0.00019980685337507077,2.950666666666667,1.4905444368477403,0.0,-0.010650035295250089,8
x_aq_ifu_top/x_aq_ifu_pred/x_aq_ifu_ras/x_aq_ifu_ras_entry1/ras_entry_upd,0,0.0,0.0,0.0,0.0,,0
x_aq_ifu_top/x_aq_ifu_pred/x_aq_ifu_ras/x_aq_ifu_ras_entry1/ras_upd_pc[23:0],3992,0.1329381597788804,4.736465280561123,2.392649787933637,0.037825651302605214,-0.026632700796092052,13
x_aq_ifu_top/x_aq_ifu_pred/x_aq_ifu_ras/x_aq_ifu_ras_entry1/entry_clk,0,0.0,0.0,0.0,0.0,,0
x_aq_ifu_top/x_aq_ifu_pred/x_aq_ifu_ras/x_aq_ifu_ras_entry1/entry_clk_en,0,0.0,0.0,0.0,0.0,,0
x_aq_ifu_top/x_aq_ifu_pred/x_aq_ifu_ras/x_aq_ifu_ras_entry1/x_ras_entry_icg_cell/clk_in,0,0.0,0.0,0.0,0.0,,0
x_aq_ifu_top/x_aq_ifu_pred/x_aq_ifu_ras/x_aq_ifu_ras_entry1/x_ras_entry_icg_cell/global_en,1,3.330114222917846e-05,21.131999999999998,10.6749384453682,1.0,-0.05631263816658485,1
x_aq_ifu_top/x_aq_ifu_pred/x_aq_ifu_ras/x_aq_ifu_ras_entry1/x_ras_entry_icg_cell/module_en,0,0.0,0.0,0.0,0.0,,0
x_aq_ifu_top/x_aq_ifu_pred/x_aq_ifu_ras/x_aq_ifu_ras_entry1/x_ras_entry_icg_cell/local_en,0,0.0,0.0,0.0,0.0,,0
x_aq_ifu_top/x_aq_ifu_pred/x_aq_ifu_ras/x_aq_ifu_ras_entry1/x_ras_entry_icg_cell/external_en,0,0.0,0.0,0.0,0.0,,0
x_aq_ifu_top/x_aq_ifu_pred/x_aq_ifu_ras/x_aq_ifu_ras_entry1/x_ras_entry_icg_cell/pad_yy_icg_scan_en,0,0.0,0.0,0.0,0.0,,0
x_aq_ifu_top/x_aq_ifu_pred/x_aq_ifu_ras/x_aq_ifu_ras_entry1/x_ras_entry_icg_cell/clk_out,0,0.0,0.0,0.0,0.0,,0
x_aq_ifu_top/x_aq_ifu_pred/x_aq_ifu_ras/x_aq_ifu_ras_entry1/x_ras_entry_icg_cell/clk_en_bf_latch,0,0.0,0.0,0.0,0.0,,0
x_aq_ifu_top/x_aq_ifu_pred/x_aq_ifu_ras/x_aq_ifu_ras_entry1/x_ras_entry_icg_cell/SE,0,0.0,0.0,0.0,0.0,,0
x_aq_ifu_top/x_aq_ifu_pred/x_aq_ifu_ras/x_aq_ifu_ras_entry2/cp0_ifu_icg_en,0,0.0,0.0,0.0,0.0,,0
x_aq_ifu_top/x_aq_ifu_pred/x_aq_ifu_ras/x_aq_ifu_ras_entry2/cp0_yy_clk_en,1,3.330114222917846e-05,21.131999999999998,10.6749384453682,1.0,-0.05631263816658485,1
x_aq_ifu_top/x_aq_ifu_pred/x_aq_ifu_ras/x_aq_ifu_ras_entry2/cpurst_b,3,9.990342668753538e-05,11.372333333333332,5.74479265159674,0.3333333333333333,-0.0038230699005505813,1
x_aq_ifu_top/x_aq_ifu_pred/x_aq_ifu_ras/x_aq_ifu_ras_entry2/forever_cpuclk,0,0.0,0.0,0.0,0.0,,0
x_aq_ifu_top/x_aq_ifu_pred/x_aq_ifu_ras/x_aq_ifu_ras_entry2/pad_yy_icg_scan_en,0,0.0,0.0,0.0,0.0,,0
x_aq_ifu_top/x_aq_ifu_pred/x_aq_ifu_ras/x_aq_ifu_ras_entry2/ras_entry_pc[23:0],2,6.660228445835692e-05,4.074,2.0580020455437276,0.0,-0.006622316857015823,9
x_aq_ifu_top/x_aq_ifu_pred/x_aq_ifu_ras/x_aq_ifu_ras_entry2/ras_entry_upd,0,0.0,0.0,0.0,0.0,,0
x_aq_ifu_top/x_aq_ifu_pred/x_aq_ifu_ras/x_aq_ifu_ras_entry2/ras_upd_pc[23:0],3992,0.1329381597788804,4.736465280561123,2.392649787933637,0.037825651302605214,-0.026632700796092052,13
x_aq_ifu_top/x_aq_ifu_pred/x_aq_ifu_ras/x_aq_ifu_ras_entry2/entry_clk,0,0.0,0.0,0.0,0.0,,0
x_aq_ifu_top/x_aq_ifu_pred/x_aq_ifu_ras/x_aq_ifu_ras_entry2/entry_clk_en,0,0.0,0.0,0.0,0.0,,0
x_aq_ifu_top/x_aq_ifu_pred/x_aq_ifu_ras/x_aq_ifu_ras_entry2/x_ras_entry_icg_cell/clk_in,0,0.0,0.0,0.0,0.0,,0
x_aq_ifu_top/x_aq_ifu_pred/x_aq_ifu_ras/x_aq_ifu_ras_entry2/x_ras_entry_icg_cell/global_en,1,3.330114222917846e-05,21.131999999999998,10.6749384453682,1.0,-0.05631263816658485,1
x_aq_ifu_top/x_aq_ifu_pred/x_aq_ifu_ras/x_aq_ifu_ras_entry2/x_ras_entry_icg_cell/module_en,0,0.0,0.0,0.0,0.0,,0
x_aq_ifu_top/x_aq_ifu_pred/x_aq_ifu_ras/x_aq_ifu_ras_entry2/x_ras_entry_icg_cell/local_en,0,0.0,0.0,0.0,0.0,,0
x_aq_ifu_top/x_aq_ifu_pred/x_aq_ifu_ras/x_aq_ifu_ras_entry2/x_ras_entry_icg_cell/external_en,0,0.0,0.0,0.0,0.0,,0
x_aq_ifu_top/x_aq_ifu_pred/x_aq_ifu_ras/x_aq_ifu_ras_entry2/x_ras_entry_icg_cell/pad_yy_icg_scan_en,0,0.0,0.0,0.0,0.0,,0
x_aq_ifu_top/x_aq_ifu_pred/x_aq_ifu_ras/x_aq_ifu_ras_entry2/x_ras_entry_icg_cell/clk_out,0,0.0,0.0,0.0,0.0,,0
x_aq_ifu_top/x_aq_ifu_pred/x_aq_ifu_ras/x_aq_ifu_ras_entry2/x_ras_entry_icg_cell/clk_en_bf_latch,0,0.0,0.0,0.0,0.0,,0
x_aq_ifu_top/x_aq_ifu_pred/x_aq_ifu_ras/x_aq_ifu_ras_entry2/x_ras_entry_icg_cell/SE,0,0.0,0.0,0.0,0.0,,0
x_aq_ifu_top/x_aq_ifu_pred/x_aq_ifu_ras/x_aq_ifu_ras_entry3/cp0_ifu_icg_en,0,0.0,0.0,0.0,0.0,,0
x_aq_ifu_top/x_aq_ifu_pred/x_aq_ifu_ras/x_aq_ifu_ras_entry3/cp0_yy_clk_en,1,3.330114222917846e-05,21.131999999999998,10.6749384453682,1.0,-0.05631263816658485,1
x_aq_ifu_top/x_aq_ifu_pred/x_aq_ifu_ras/x_aq_ifu_ras_entry3/cpurst_b,3,9.990342668753538e-05,11.372333333333332,5.74479265159674,0.3333333333333333,-0.0038230699005505813,1
x_aq_ifu_top/x_aq_ifu_pred/x_aq_ifu_ras/x_aq_ifu_ras_entry3/forever_cpuclk,0,0.0,0.0,0.0,0.0,,0
x_aq_ifu_top/x_aq_ifu_pred/x_aq_ifu_ras/x_aq_ifu_ras_entry3/pad_yy_icg_scan_en,0,0.0,0.0,0.0,0.0,,0
x_aq_ifu_top/x_aq_ifu_pred/x_aq_ifu_ras/x_aq_ifu_ras_entry3/ras_entry_pc[23:0],2,6.660228445835692e-05,5.342999999999998,2.699043919818393,0.0,-0.028357220179522833,4
x_aq_ifu_top/x_aq_ifu_pred/x_aq_ifu_ras/x_aq_ifu_ras_entry3/ras_entry_upd,0,0.0,0.0,0.0,0.0,,0
x_aq_ifu_top/x_aq_ifu_pred/x_aq_ifu_ras/x_aq_ifu_ras_entry3/ras_upd_pc[23:0],3992,0.1329381597788804,4.736465280561123,2.392649787933637,0.037825651302605214,-0.026632700796092052,13
x_aq_ifu_top/x_aq_ifu_pred/x_aq_ifu_ras/x_aq_ifu_ras_entry3/entry_clk,0,0.0,0.0,0.0,0.0,,0
x_aq_ifu_top/x_aq_ifu_pred/x_aq_ifu_ras/x_aq_ifu_ras_entry3/entry_clk_en,0,0.0,0.0,0.0,0.0,,0
x_aq_ifu_top/x_aq_ifu_pred/x_aq_ifu_ras/x_aq_ifu_ras_entry3/x_ras_entry_icg_cell/clk_in,0,0.0,0.0,0.0,0.0,,0
x_aq_ifu_top/x_aq_ifu_pred/x_aq_ifu_ras/x_aq_ifu_ras_entry3/x_ras_entry_icg_cell/global_en,1,3.330114222917846e-05,21.131999999999998,10.6749384453682,1.0,-0.05631263816658485,1
x_aq_ifu_top/x_aq_ifu_pred/x_aq_ifu_ras/x_aq_ifu_ras_entry3/x_ras_entry_icg_cell/module_en,0,0.0,0.0,0.0,0.0,,0
x_aq_ifu_top/x_aq_ifu_pred/x_aq_ifu_ras/x_aq_ifu_ras_entry3/x_ras_entry_icg_cell/local_en,0,0.0,0.0,0.0,0.0,,0
x_aq_ifu_top/x_aq_ifu_pred/x_aq_ifu_ras/x_aq_ifu_ras_entry3/x_ras_entry_icg_cell/external_en,0,0.0,0.0,0.0,0.0,,0
x_aq_ifu_top/x_aq_ifu_pred/x_aq_ifu_ras/x_aq_ifu_ras_entry3/x_ras_entry_icg_cell/pad_yy_icg_scan_en,0,0.0,0.0,0.0,0.0,,0
x_aq_ifu_top/x_aq_ifu_pred/x_aq_ifu_ras/x_aq_ifu_ras_entry3/x_ras_entry_icg_cell/clk_out,0,0.0,0.0,0.0,0.0,,0
x_aq_ifu_top/x_aq_ifu_pred/x_aq_ifu_ras/x_aq_ifu_ras_entry3/x_ras_entry_icg_cell/clk_en_bf_latch,0,0.0,0.0,0.0,0.0,,0
x_aq_ifu_top/x_aq_ifu_pred/x_aq_ifu_ras/x_aq_ifu_ras_entry3/x_ras_entry_icg_cell/SE,0,0.0,0.0,0.0,0.0,,0
x_aq_ifu_top/x_aq_ifu_vec/cp0_ifu_icg_en,0,0.0,0.0,0.0,0.0,,0
x_aq_ifu_top/x_aq_ifu_vec/cp0_ifu_rst_inv_done,3,9.990342668753538e-05,1.533999999999999,0.7749079867118498,0.0,-0.0252403288466955,1
x_aq_ifu_top/x_aq_ifu_vec/cp0_yy_clk_en,1,3.330114222917846e-05,21.131999999999998,10.6749384453682,1.0,-0.05631263816658485,1
x_aq_ifu_top/x_aq_ifu_vec/cpurst_b,3,9.990342668753538e-05,11.372333333333332,5.74479265159674,0.3333333333333333,-0.0038230699005505813,1
x_aq_ifu_top/x_aq_ifu_vec/dtu_ifu_halt_on_reset,0,0.0,0.0,0.0,0.0,,0
x_aq_ifu_top/x_aq_ifu_vec/forever_cpuclk,0,0.0,0.0,0.0,0.0,,0
x_aq_ifu_top/x_aq_ifu_vec/ifu_cp0_rst_inv_req,2,6.660228445835692e-05,10.800999999999998,5.456180680883112,0.5,-0.008239932014685099,1
x_aq_ifu_top/x_aq_ifu_vec/ifu_cp0_warm_up,2,6.660228445835692e-05,1.3300000000000005,0.6718563378922825,0.0,-0.007324042348457313,1
x_aq_ifu_top/x_aq_ifu_vec/ifu_idu_warm_up,2,6.660228445835692e-05,1.3300000000000005,0.6718563378922825,0.0,-0.007324042348457313,1
x_aq_ifu_top/x_aq_ifu_vec/ifu_iu_reset_vld,2,6.660228445835692e-05,11.461999999999998,5.790088229264164,0.5,0.009846203858188955,1
x_aq_ifu_top/x_aq_ifu_vec/ifu_iu_warm_up,2,6.660228445835692e-05,1.3300000000000005,0.6718563378922825,0.0,-0.007324042348457313,1
x_aq_ifu_top/x_aq_ifu_vec/ifu_lsu_warm_up,2,6.660228445835692e-05,1.3300000000000005,0.6718563378922825,0.0,-0.007324042348457313,1
x_aq_ifu_top/x_aq_ifu_vec/ifu_rtu_reset_halt_req,0,0.0,0.0,0.0,0.0,,0
x_aq_ifu_top/x_aq_ifu_vec/ifu_rtu_warm_up,2,6.660228445835692e-05,1.3300000000000005,0.6718563378922825,0.0,-0.007324042348457313,1
x_aq_ifu_top/x_aq_ifu_vec/ifu_vidu_warm_up,2,6.660228445835692e-05,1.3300000000000005,0.6718563378922825,0.0,-0.007324042348457313,1
x_aq_ifu_top/x_aq_ifu_vec/ifu_vpu_warm_up,2,6.660228445835692e-05,1.3300000000000005,0.6718563378922825,0.0,-0.007324042348457313,1
x_aq_ifu_top/x_aq_ifu_vec/pad_yy_icg_scan_en,0,0.0,0.0,0.0,0.0,,0
x_aq_ifu_top/x_aq_ifu_vec/rtu_yy_xx_dbgon,0,0.0,0.0,0.0,0.0,,0
x_aq_ifu_top/x_aq_ifu_vec/vec_ctrl_reset_mask,2,6.660228445835692e-05,11.2365,5.67617574490724,0.5,0.009166977555070576,1
x_aq_ifu_top/x_aq_ifu_vec/vec_ibuf_warm_up,0,0.0,0.0,0.0,0.0,,0
x_aq_ifu_top/x_aq_ifu_vec/vec_pcgen_idle,1,3.330114222917846e-05,11.921,6.0219544391081925,0.0,-0.014572416203376948,1
x_aq_ifu_top/x_aq_ifu_vec/vec_pcgen_rst_vld,2,6.660228445835692e-05,10.800999999999998,5.456180680883112,0.5,-0.008239932014685099,1
x_aq_ifu_top/x_aq_ifu_vec/vec_top_cur_st[1:0],5,0.00016650571114589232,7.5009999999999994,3.7891687146842172,0.2,0.007446238897855878,2
x_aq_ifu_top/x_aq_ifu_vec/vec_rst_inv_req,2,6.660228445835692e-05,10.800999999999998,5.456180680883112,0.5,-0.008239932014685099,1
x_aq_ifu_top/x_aq_ifu_vec/vec_sm_clk,0,0.0,0.0,0.0,0.0,,0
x_aq_ifu_top/x_aq_ifu_vec/vec_sm_clk_en,2,6.660228445835692e-05,16.5265,8.348446442238197,0.5,0.009040817886123573,1
x_aq_ifu_top/x_aq_ifu_vec/vec_sm_halt,0,0.0,0.0,0.0,0.0,,0
x_aq_ifu_top/x_aq_ifu_vec/vec_sm_idle,1,3.330114222917846e-05,11.921,6.0219544391081925,0.0,-0.014572416203376948,1
x_aq_ifu_top/x_aq_ifu_vec/vec_sm_reset,2,6.660228445835692e-05,11.461999999999998,5.790088229264164,0.5,0.009846203858188955,1
x_aq_ifu_top/x_aq_ifu_vec/vec_sm_warm_up,2,6.660228445835692e-05,1.3300000000000005,0.6718563378922825,0.0,-0.007324042348457313,1
x_aq_ifu_top/x_aq_ifu_vec/vec_warmup_req,0,0.0,0.0,0.0,0.0,,0
x_aq_ifu_top/x_aq_ifu_vec/warm_up_cnt_done,0,0.0,0.0,0.0,0.0,,0
x_aq_ifu_top/x_aq_ifu_vec/x_ifu_vec_sm_clk/clk_in,0,0.0,0.0,0.0,0.0,,0
x_aq_ifu_top/x_aq_ifu_vec/x_ifu_vec_sm_clk/global_en,1,3.330114222917846e-05,21.131999999999998,10.6749384453682,1.0,-0.05631263816658485,1
x_aq_ifu_top/x_aq_ifu_vec/x_ifu_vec_sm_clk/module_en,0,0.0,0.0,0.0,0.0,,0
x_aq_ifu_top/x_aq_ifu_vec/x_ifu_vec_sm_clk/local_en,2,6.660228445835692e-05,16.5265,8.348446442238197,0.5,0.009040817886123573,1
x_aq_ifu_top/x_aq_ifu_vec/x_ifu_vec_sm_clk/external_en,0,0.0,0.0,0.0,0.0,,0
x_aq_ifu_top/x_aq_ifu_vec/x_ifu_vec_sm_clk/pad_yy_icg_scan_en,0,0.0,0.0,0.0,0.0,,0
x_aq_ifu_top/x_aq_ifu_vec/x_ifu_vec_sm_clk/clk_out,0,0.0,0.0,0.0,0.0,,0
x_aq_ifu_top/x_aq_ifu_vec/x_ifu_vec_sm_clk/clk_en_bf_latch,2,6.660228445835692e-05,16.5265,8.348446442238197,0.5,0.009040817886123573,1
x_aq_ifu_top/x_aq_ifu_vec/x_ifu_vec_sm_clk/SE,0,0.0,0.0,0.0,0.0,,0
