signal,n_edges,edge_rate,impact_mW,lift,spec,lvl_corr,max_hamming
x_aq_ifu_top/biu_ifu_arready,7211,0.005013836547955111,2.9972089779503537,0.9464575753918358,0.029538205519345443,0.033329624269654114,1
x_aq_ifu_top/biu_ifu_rdata[127:0],18280,0.0127101556090167,4.132585161378556,1.3049862591207726,0.11974835886214442,,87
x_aq_ifu_top/biu_ifu_rid,3743,0.002602522562612118,2.6627539834357465,0.840843497256231,0.06705850921720545,0.08939889882781667,1
x_aq_ifu_top/biu_ifu_rlast,7849,0.005457440447219479,2.6103651242196455,0.8243001620947558,0.07720728755255446,0.04578644525733199,1
x_aq_ifu_top/biu_ifu_rresp[1:0],0,0.0,0.0,0.0,0.0,,0
x_aq_ifu_top/biu_ifu_rvalid,0,0.0,0.0,0.0,0.0,,0
x_aq_ifu_top/cp0_ifu_bht_en,1,6.953039173422703e-07,10.639999999999999,3.359895381421061,0.0,0.018324133944845153,1
x_aq_ifu_top/cp0_ifu_bht_inv,4,2.781215669369081e-06,0.9595000000000002,0.3029905656460065,0.0,-0.016992229768195057,1
x_aq_ifu_top/cp0_ifu_btb_clr,0,0.0,0.0,0.0,0.0,,0
x_aq_ifu_top/cp0_ifu_btb_en,1,6.953039173422703e-07,10.639999999999999,3.359895381421061,0.0,0.018324133944845153,1
x_aq_ifu_top/cp0_ifu_icache_en,1,6.953039173422703e-07,10.639999999999999,3.359895381421061,0.0,0.018324133944845153,1
x_aq_ifu_top/cp0_ifu_icache_inv_addr[63:0],18,1.2515470512160866e-05,7.265277777777777,2.2942268092384044,0.2222222222222222,-0.007331154794043995,6
x_aq_ifu_top/cp0_ifu_icache_inv_req,4,2.781215669369081e-06,0.7617500000000004,0.24054514161630589,0.0,-0.001700089769808911,1
x_aq_ifu_top/cp0_ifu_icache_inv_type[1:0],0,0.0,0.0,0.0,0.0,,0
x_aq_ifu_top/cp0_ifu_icache_pref_en,1,6.953039173422703e-07,10.967999999999996,3.463471103705469,1.0,0.01816758828021682,1
x_aq_ifu_top/cp0_ifu_icache_read_index[13:0],0,0.0,0.0,0.0,0.0,,0
x_aq_ifu_top/cp0_ifu_icache_read_req,0,0.0,0.0,0.0,0.0,,0
x_aq_ifu_top/cp0_ifu_icache_read_tag,1,6.953039173422703e-07,21.131999999999998,6.673055375957693,1.0,-0.005140258898422977,1
x_aq_ifu_top/cp0_ifu_icache_read_way,0,0.0,0.0,0.0,0.0,,0
x_aq_ifu_top/cp0_ifu_icg_en,0,0.0,0.0,0.0,0.0,,0
x_aq_ifu_top/cp0_ifu_in_lpmd,0,0.0,0.0,0.0,0.0,,0
x_aq_ifu_top/cp0_ifu_iwpe,0,0.0,0.0,0.0,0.0,,0
x_aq_ifu_top/cp0_ifu_lpmd_req,0,0.0,0.0,0.0,0.0,,0
x_aq_ifu_top/cp0_ifu_ras_en,1,6.953039173422703e-07,10.639999999999999,3.359895381421061,0.0,0.018324133944845153,1
x_aq_ifu_top/cp0_ifu_rst_inv_done,3,2.0859117520268108e-06,1.533999999999999,0.4844059694642767,0.0,0.01675089904147971,1
x_aq_ifu_top/cp0_xx_mrvbr[39:0],0,0.0,0.0,0.0,0.0,,0
x_aq_ifu_top/cp0_yy_clk_en,1,6.953039173422703e-07,21.131999999999998,6.673055375957693,1.0,-0.005140258898422977,1
x_aq_ifu_top/cpurst_b,3,2.0859117520268108e-06,11.372333333333332,3.5911513385946847,0.3333333333333333,0.0012751758732577007,1
x_aq_ifu_top/dtu_ifu_debug_inst[31:0],0,0.0,0.0,0.0,0.0,,0
x_aq_ifu_top/dtu_ifu_debug_inst_vld,0,0.0,0.0,0.0,0.0,,0
x_aq_ifu_top/dtu_ifu_halt_info0[21:0],1,6.953039173422703e-07,21.131999999999998,6.673055375957693,1.0,-0.005140258898422977,1
x_aq_ifu_top/dtu_ifu_halt_info1[21:0],1,6.953039173422703e-07,21.131999999999998,6.673055375957693,1.0,-0.005140258898422977,1
x_aq_ifu_top/dtu_ifu_halt_info_vld,3,2.0859117520268108e-06,10.728,3.3876839898388296,0.3333333333333333,-0.004281642957143692,1
x_aq_ifu_top/dtu_ifu_halt_on_reset,0,0.0,0.0,0.0,0.0,,0
x_aq_ifu_top/forever_cpuclk,0,0.0,0.0,0.0,0.0,,0
x_aq_ifu_top/hpcp_ifu_cnt_en,1,6.953039173422703e-07,21.131999999999998,6.673055375957693,1.0,-0.005140258898422977,1
x_aq_ifu_top/idu_ifu_id_stall,155424,0.10806691604900502,3.9957789816887987,1.2617856527965738,0.03352120650607371,-0.5487990447524097,1
x_aq_ifu_top/ifu_biu_araddr[39:0],680,0.0004728066637927438,6.0365396617647065,1.9062163279443884,0.08823529411764706,-0.029032613773583498,12
x_aq_ifu_top/ifu_biu_arburst[1:0],2,1.3906078346845406e-06,13.148,4.151870721327454,0.5,0.01793975631552707,2
x_aq_ifu_top/ifu_biu_arcache[3:0],2,1.3906078346845406e-06,1.0348299999999995,0.32677824601089805,0.0,0.01245514719665664,3
x_aq_ifu_top/ifu_biu_arid,433,0.00030106659620920305,5.06989545034642,1.6009697657806945,0.011547344110854504,5.072430607219337e-05,1
x_aq_ifu_top/ifu_biu_arlen[1:0],2,1.3906078346845406e-06,9.16366,2.8936972660632447,0.0,0.01837730746177195,1
x_aq_ifu_top/ifu_biu_arprot[2:0],0,0.0,0.0,0.0,0.0,,0
x_aq_ifu_top/ifu_biu_arsize[2:0],0,0.0,0.0,0.0,0.0,,0
x_aq_ifu_top/ifu_biu_arvalid,26,1.8077901850899027e-05,4.066631923076924,1.2841595691997751,0.038461538461538464,-0.0017858283719696607,1
x_aq_ifu_top/ifu_cp0_bht_inv_done,0,0.0,0.0,0.0,0.0,,0
x_aq_ifu_top/ifu_cp0_icache_inv_done,0,0.0,0.0,0.0,0.0,,0
x_aq_ifu_top/ifu_cp0_icache_read_data[127:0],62243,0.04327780172713493,4.447604233889756,1.40446286878148,0.012226274440499334,0.03611290575219428,6
x_aq_ifu_top/ifu_cp0_icache_read_data_vld,0,0.0,0.0,0.0,0.0,,0
x_aq_ifu_top/ifu_cp0_rst_inv_req,2,1.3906078346845406e-06,10.800999999999998,3.410735903639932,0.5,-0.002497608032843854,1
x_aq_ifu_top/ifu_cp0_warm_up,2,1.3906078346845406e-06,1.3300000000000005,0.4199869226776328,0.0,-0.0019802171711942366,1
x_aq_ifu_top/ifu_dtu_addr_vld0,201853,0.1403491816272893,6.846093861374366,2.1618570625570315,0.04574120771056164,-0.3401840813722849,1
x_aq_ifu_top/ifu_dtu_addr_vld1,67756,0.04711101222344287,9.647985521577425,3.046637405447863,0.1073410472873251,-0.25171808448366184,1
x_aq_ifu_top/ifu_dtu_data_vld0,201853,0.1403491816272893,6.846093861374366,2.1618570625570315,0.04574120771056164,-0.3401840813722849,1
x_aq_ifu_top/ifu_dtu_data_vld1,67756,0.04711101222344287,9.647985521577425,3.046637405447863,0.1073410472873251,-0.25171808448366184,1
x_aq_ifu_top/ifu_dtu_debug_info[20:0],782033,0.5437506083909277,4.831278651067155,1.525619438541232,0.05183285104337029,0.14267738447131795,12
x_aq_ifu_top/ifu_dtu_exe_addr0[39:0],675264,0.4695137044402108,5.14029004259075,1.6231989448557642,0.03767859681546773,-0.00958746708789368,14
x_aq_ifu_top/ifu_dtu_exe_addr1[39:0],638485,0.44394112166427946,4.835170793926247,1.526848498016429,0.030984283107668934,-0.009584557183395776,14
x_aq_ifu_top/ifu_dtu_exe_data0[31:0],727021,0.5055005492900947,5.387148233242231,1.7011517357050001,0.03940188797847655,0.1086284932060288,28
x_aq_ifu_top/ifu_dtu_exe_data1[31:0],621017,0.4317955528361447,4.837435655706687,1.5275636952566223,0.029603054344728083,0.18588187458121797,14
x_aq_ifu_top/ifu_hpcp_icache_access,158229,0.11001724353715009,4.6306791138160515,1.4622741886610455,0.057056544628355105,0.6894839845717684,1
x_aq_ifu_top/ifu_hpcp_icache_miss,0,0.0,0.0,0.0,0.0,,0
x_aq_ifu_top/ifu_idu_id_bht_pred[1:0],76078,0.05289733142356524,4.552677185914456,1.4376427678623136,0.030889350403533217,0.10671546548052759,2
x_aq_ifu_top/ifu_idu_id_expt_acc_error,0,0.0,0.0,0.0,0.0,,0
x_aq_ifu_top/ifu_idu_id_expt_high,0,0.0,0.0,0.0,0.0,,0
x_aq_ifu_top/ifu_idu_id_expt_page_fault,0,0.0,0.0,0.0,0.0,,0
x_aq_ifu_top/ifu_idu_id_halt_info[21:0],1,6.953039173422703e-07,21.131999999999998,6.673055375957693,1.0,-0.005140258898422977,1
x_aq_ifu_top/ifu_idu_id_inst[31:0],645318,0.44869213333147917,4.8433138133912275,1.5294198977806404,0.044082142447599476,-0.12940538088214548,28
x_aq_ifu_top/ifu_idu_id_inst_vld,30829,0.02143552446774485,5.124054566803983,1.6180721121385526,0.0434980051250446,-0.05079039561309574,1
x_aq_ifu_top/ifu_idu_warm_up,2,1.3906078346845406e-06,1.3300000000000005,0.4199869226776328,0.0,-0.0019802171711942366,1
x_aq_ifu_top/ifu_iu_chgflw_pc[39:0],61435,0.04271599616192238,5.285234147310165,1.6689693422252165,0.08249369252055018,0.01807869385530526,13
x_aq_ifu_top/ifu_iu_chgflw_vld,0,0.0,0.0,0.0,0.0,,0
x_aq_ifu_top/ifu_iu_ex1_pc_pred[39:0],588,0.00040883870339725496,4.301741496598639,1.358402385948223,0.008503401360544218,-0.13662089083500067,15
x_aq_ifu_top/ifu_iu_reset_vld,2,1.3906078346845406e-06,11.461999999999998,3.619466246414304,0.5,-0.012718095041243346,1
x_aq_ifu_top/ifu_iu_warm_up,2,1.3906078346845406e-06,1.3300000000000005,0.4199869226776328,0.0,-0.0019802171711942366,1
x_aq_ifu_top/ifu_lsu_warm_up,2,1.3906078346845406e-06,1.3300000000000005,0.4199869226776328,0.0,-0.0019802171711942366,1
x_aq_ifu_top/ifu_mmu_abort,51134,0.03555367050937965,6.311202746704737,1.992949338333192,0.08127664567606681,0.025600686900472108,1
x_aq_ifu_top/ifu_mmu_va[51:0],1171,0.0008142008872077985,4.3649331853117,1.3783570347312315,0.009393680614859094,-0.003351734290414072,5
x_aq_ifu_top/ifu_mmu_va_vld,158235,0.11002141536065414,7.288014120327362,2.3014064833288894,0.08726893544411793,0.8617848098916556,1
x_aq_ifu_top/ifu_rtu_reset_halt_req,0,0.0,0.0,0.0,0.0,,0
x_aq_ifu_top/ifu_rtu_warm_up,2,1.3906078346845406e-06,1.3300000000000005,0.4199869226776328,0.0,-0.0019802171711942366,1
x_aq_ifu_top/ifu_vidu_warm_up,2,1.3906078346845406e-06,1.3300000000000005,0.4199869226776328,0.0,-0.0019802171711942366,1
x_aq_ifu_top/ifu_vpu_warm_up,2,1.3906078346845406e-06,1.3300000000000005,0.4199869226776328,0.0,-0.0019802171711942366,1
x_aq_ifu_top/ifu_yy_xx_no_op,435,0.0003024572040438876,7.165282114942529,2.262650214715633,0.17701149425287357,0.16299790801279138,1
x_aq_ifu_top/iu_ifu_bht_cur_pc[39:0],641698,0.4461751331507002,4.788996401936737,1.5122675650854627,0.039144582030799534,-0.01073153735854748,15
x_aq_ifu_top/iu_ifu_bht_mispred,0,0.0,0.0,0.0,0.0,,0
x_aq_ifu_top/iu_ifu_bht_mispred_gate,0,0.0,0.0,0.0,0.0,,0
x_aq_ifu_top/iu_ifu_bht_pred[1:0],76078,0.05289733142356524,5.00851112029759,1.5815858440680355,0.04064249848839349,0.0723040454983767,2
x_aq_ifu_top/iu_ifu_bht_taken,12372,0.008602300065358568,3.6134074151309408,1.141040496737882,0.05544778532169415,-0.03752948083401144,1
x_aq_ifu_top/iu_ifu_br_vld,102,7.092099956891157e-05,4.410382352941176,1.3927089565740611,0.0,0.007061598524208715,1
x_aq_ifu_top/iu_ifu_br_vld_gate,102,7.092099956891157e-05,4.410382352941176,1.3927089565740611,0.0,0.007061598524208715,1
x_aq_ifu_top/iu_ifu_link_vld,0,0.0,0.0,0.0,0.0,,0
x_aq_ifu_top/iu_ifu_link_vld_gate,0,0.0,0.0,0.0,0.0,,0
x_aq_ifu_top/iu_ifu_pc_mispred,0,0.0,0.0,0.0,0.0,,0
x_aq_ifu_top/iu_ifu_pc_mispred_gate,0,0.0,0.0,0.0,0.0,,0
x_aq_ifu_top/iu_ifu_ret_vld,0,0.0,0.0,0.0,0.0,,0
x_aq_ifu_top/iu_ifu_ret_vld_gate,0,0.0,0.0,0.0,0.0,,0
x_aq_ifu_top/iu_ifu_tar_pc[63:0],695991,0.48392526873496405,4.703789417794196,1.4853609342127803,0.03990856203600334,-0.010803932777302187,15
x_aq_ifu_top/iu_ifu_tar_pc_vld,0,0.0,0.0,0.0,0.0,,0
x_aq_ifu_top/iu_ifu_tar_pc_vld_gate,0,0.0,0.0,0.0,0.0,,0
x_aq_ifu_top/mmu_ifu_access_fault,0,0.0,0.0,0.0,0.0,,0
x_aq_ifu_top/mmu_ifu_pa[27:0],1201,0.0008350600047280667,4.263019733555371,1.3461748415112345,0.009991673605328892,-0.003213351143137062,5
x_aq_ifu_top/mmu_ifu_pa_vld,158257,0.11003671204683567,7.287814751954101,2.301343526855532,0.08725680380646669,0.8619374136903115,1
x_aq_ifu_top/mmu_ifu_prot[4:0],117,8.135055832904562e-05,4.115436068376069,1.2995709246870681,0.042735042735042736,0.013075436277907382,2
x_aq_ifu_top/pad_yy_icg_scan_en,0,0.0,0.0,0.0,0.0,,0
x_aq_ifu_top/rtu_ifu_chgflw_pc[39:0],641828,0.44626552265995467,4.803895203341082,1.516972303245911,0.03928622621636949,-0.010759465888388482,15
x_aq_ifu_top/rtu_ifu_chgflw_vld,0,0.0,0.0,0.0,0.0,,0
x_aq_ifu_top/rtu_ifu_dbg_mask,0,0.0,0.0,0.0,0.0,,0
x_aq_ifu_top/rtu_ifu_flush_fe,0,0.0,0.0,0.0,0.0,,0
x_aq_ifu_top/rtu_yy_xx_dbgon,0,0.0,0.0,0.0,0.0,,0
x_aq_ifu_top/bht_top_cur_st[1:0],52988,0.036842763972132216,5.405542742319015,1.7069603471796801,0.06569411942326564,0.20024370281696147,2
x_aq_ifu_top/btb_pcgen_tar_pc[39:0],54445,0.03785582177969991,3.989448691339884,1.259786675982065,0.01788961337129213,0.011391697859622527,13
x_aq_ifu_top/btb_pred_tar_pc[39:0],50940,0.03541878154941525,5.075244385551629,1.6026588506201214,0.03498233215547703,-0.09159676083916037,14
x_aq_ifu_top/btb_pred_tar_vld,20890,0.014524898833280026,10.563480134035425,3.3357319656089057,0.12292963140258496,-0.08349261473910793,1
x_aq_ifu_top/btb_xx_chgflw_vld,0,0.0,0.0,0.0,0.0,,0
x_aq_ifu_top/ctrl_btb_chgflw_vld,51134,0.03555367050937965,6.311202746704737,1.992949338333192,0.08127664567606681,0.025600686900472108,1
x_aq_ifu_top/ctrl_btb_inst_fetch,157943,0.10981838661679019,6.924217527842323,2.1865269259165583,0.09157734119270876,0.7778583981208687,1
x_aq_ifu_top/ctrl_btb_stall,158404,0.11013892172268498,10.2123258377945,3.22484458796736,0.08918966692760284,-0.9374513308866205,1
x_aq_ifu_top/ctrl_ibuf_pop_en,133203,0.09261656770174242,4.703700464629175,1.4853328446142542,0.047701628341704015,0.46474942597973257,1
x_aq_ifu_top/ctrl_icache_abort,51134,0.03555367050937965,6.311202746704737,1.992949338333192,0.08127664567606681,0.025600686900472108,1
x_aq_ifu_top/ctrl_icache_req_vld,157943,0.10981838661679019,6.924217527842323,2.1865269259165583,0.09157734119270876,0.7778583981208687,1
x_aq_ifu_top/ctrl_ipack_cancel,51134,0.03555367050937965,6.311202746704737,1.992949338333192,0.08127664567606681,0.025600686900472108,1
x_aq_ifu_top/ibuf_ctrl_inst_fetch,157943,0.10981838661679019,6.924275846349632,2.1865453417138663,0.09158367259074476,0.7769981617057481,1
x_aq_ifu_top/ibuf_ipack_stall,109236,0.07595221871480023,6.198711241165916,1.9574268110861066,0.12885861803800944,-0.8109528147524757,1
x_aq_ifu_top/ibuf_pred_hungry,88375,0.06144748369512314,4.3065000501272985,1.3599050402737105,0.015332390381895333,0.45504695283990654,1
x_aq_ifu_top/ibuf_pred_stall,109236,0.07595221871480023,6.198711241165916,1.9574268110861066,0.12885861803800944,-0.8109528147524757,1
x_aq_ifu_top/ibuf_top_id_stall,155424,0.10806691604900502,3.9957789816887987,1.2617856527965738,0.03352120650607371,-0.5487990447524097,1
x_aq_ifu_top/ibuf_top_pop_entry_vld,27823,0.019345440892213985,5.21788589440391,1.6477021350930263,0.04733493871976422,-0.18817891942908754,1
x_aq_ifu_top/ibuf_top_vld_num[2:0],425979,0.29618486740554295,5.430509796069759,1.7148444344526892,0.07094950690057492,-0.6390706331220148,3
x_aq_ifu_top/icache_btb_grant,345,0.00023987985148308326,6.833715826086956,2.1579483310163137,0.2289855072463768,0.16197475326707508,1
x_aq_ifu_top/icache_ctrl_stall,109686,0.07626510547760426,6.37476590877596,2.0130212908399234,0.13231406013529529,-0.8766318629494075,1
x_aq_ifu_top/icache_ipack_acc_err,0,0.0,0.0,0.0,0.0,,0
x_aq_ifu_top/icache_ipack_inst[31:0],651338,0.45287786291387966,4.926319967436261,1.5556315513149856,0.03380733198431536,0.28850643870949777,25
x_aq_ifu_top/icache_ipack_inst_vld,158677,0.11032873969211943,7.27893967115587,2.2985409570262356,0.08697542807086094,0.8611242007441168,1
x_aq_ifu_top/icache_ipack_inst_vld_gate,158235,0.11002141536065414,7.288014120327362,2.3014064833288894,0.08726893544411793,0.8617848098916556,1
x_aq_ifu_top/icache_ipack_pgflt,0,0.0,0.0,0.0,0.0,,0
x_aq_ifu_top/icache_ipack_unalign,17190,0.011952274339113627,6.841110063990692,2.1602832808078447,0.15317044793484583,-0.027596630698857903,1
x_aq_ifu_top/icache_pcgen_addr[39:0],650198,0.45208521644810945,4.912078729802307,1.551134458405959,0.03257315463904841,-0.009676622216730733,14
x_aq_ifu_top/icache_pcgen_grant,158233,0.11002002475281945,6.924327788767197,2.1865617440718434,0.09185188930248431,0.8483661853709347,1
x_aq_ifu_top/icache_pcgen_grant_gate,345,0.00023987985148308326,6.833715826086956,2.1579483310163137,0.2289855072463768,0.16197475326707508,1
x_aq_ifu_top/icache_pcgen_inst_vld,158677,0.11032873969211943,7.27893967115587,2.2985409570262356,0.08697542807086094,0.8611242007441168,1
x_aq_ifu_top/icache_pcgen_inst_vld_gate,158235,0.11002141536065414,7.288014120327362,2.3014064833288894,0.08726893544411793,0.8617848098916556,1
x_aq_ifu_top/icache_pred_inst_vld,158677,0.11032873969211943,7.27893967115587,2.2985409570262356,0.08697542807086094,0.8611242007441168,1
x_aq_ifu_top/icache_pred_inst_vld_gate,158235,0.11002141536065414,7.288014120327362,2.3014064833288894,0.08726893544411793,0.8617848098916556,1
x_aq_ifu_top/icache_top_abort,38,2.6421548859006272e-05,11.087621052631576,3.501244996774789,0.4473684210526316,-0.00615439972702323,1
x_aq_ifu_top/icache_top_inv_st[1:0],8,5.562431338738162e-06,3.407625,1.0760585995408782,0.0,-0.0015793578073607082,2
x_aq_ifu_top/icache_top_rd_vld,158235,0.11002141536065414,7.288014120327362,2.3014064833288894,0.08726893544411793,0.8617848098916556,1
x_aq_ifu_top/icache_top_ref_st[1:0],832,0.0005784928592287689,11.844929963942308,3.7403877329986557,0.5276442307692307,-0.09120928610984853,2
x_aq_ifu_top/ipack_ibuf_acc_err[2:0],0,0.0,0.0,0.0,0.0,,0
x_aq_ifu_top/ipack_ibuf_inst[47:0],727047,0.5055186271919456,5.387094414363858,1.7011347407989026,0.039400478923645926,0.18588260393159833,42
x_aq_ifu_top/ipack_ibuf_inst_all,34468,0.023965735422953372,10.296904026923524,3.2515526581763416,0.1179354763838923,-0.24728802812586093,1
x_aq_ifu_top/ipack_ibuf_inst_full,58658,0.04078513718346289,10.45406981144942,3.301182413208858,0.12376828395103823,-0.2656888203933747,1
x_aq_ifu_top/ipack_ibuf_inst_one,1520,0.0010568619543602509,4.975225657894737,1.5710749726962487,0.007236842105263158,-0.009294913583499318,1
x_aq_ifu_top/ipack_ibuf_inst_two,35250,0.024509463086315027,10.176043773049644,3.2133874505834634,0.11568794326241134,-0.2505506309282929,1
x_aq_ifu_top/ipack_ibuf_inst_vld,144471,0.10045125224235513,3.9357245121858373,1.242821673969817,0.032795509133320876,0.6047101674243036,1
x_aq_ifu_top/ipack_ibuf_inst_vld_raw,201853,0.1403491816272893,6.846093861374366,2.1618570625570315,0.04574120771056164,-0.3401840813722849,1
x_aq_ifu_top/ipack_ibuf_pgflt[2:0],0,0.0,0.0,0.0,0.0,,0
x_aq_ifu_top/ipack_pcgen_reissue,0,0.0,0.0,0.0,0.0,,0
x_aq_ifu_top/ipack_pred_h0_create,117390,0.08162172685680912,3.955500195928103,1.2490664322846745,0.02469545957918051,0.37737430675139616,1
x_aq_ifu_top/ipack_pred_h0_vld,110982,0.07716621935447984,5.940488115189851,1.8758852050388237,0.05332396244436035,-0.10125010311810576,1
x_aq_ifu_top/ipack_pred_inst0[31:0],727021,0.5055005492900947,5.387148233242231,1.7011517357050001,0.03940188797847655,0.1086284932060288,28
x_aq_ifu_top/ipack_pred_inst0_expt,0,0.0,0.0,0.0,0.0,,0
x_aq_ifu_top/ipack_pred_inst0_vld,201853,0.1403491816272893,6.846093861374366,2.1618570625570315,0.04574120771056164,-0.3401840813722849,1
x_aq_ifu_top/ipack_pred_inst1[15:0],621017,0.4317955528361447,4.837435655706687,1.5275636952566223,0.029603054344728083,0.18588187458121797,14
x_aq_ifu_top/ipack_pred_inst1_expt,0,0.0,0.0,0.0,0.0,,0
x_aq_ifu_top/ipack_pred_inst1_vld,67756,0.04711101222344287,9.647985521577425,3.046637405447863,0.1073410472873251,-0.25171808448366184,1
x_aq_ifu_top/ipack_pred_unalign,4,2.781215669369081e-06,7.402249999999999,2.3374798484139143,0.0,-0.0004672695551629876,1
x_aq_ifu_top/ipack_top_entry0_vld,110982,0.07716621935447984,5.940488115189851,1.8758852050388237,0.05332396244436035,-0.10125010311810576,1
x_aq_ifu_top/ipack_top_entry1_vld,201805,0.14031580703925686,6.846545914125022,2.1619998116123966,0.04578181908277793,-0.34062012675258896,1
x_aq_ifu_top/ipack_top_entry2_vld,195581,0.13598823545771857,6.928595299134375,2.1879093369640286,0.04720294916172839,-0.31274687139737645,1
x_aq_ifu_top/pcgen_btb_ifpc[39:0],682224,0.474353019704913,4.469599869632262,1.411408642742257,0.04193930439269214,-0.01041073223813629,14
x_aq_ifu_top/pcgen_ctrl_chgflw_vld,51134,0.03555367050937965,6.311202746704737,1.992949338333192,0.08127664567606681,0.025600686900472108,1
x_aq_ifu_top/pcgen_ibuf_chgflw_vld,0,0.0,0.0,0.0,0.0,,0
x_aq_ifu_top/pcgen_icache_chgflw_vld,50934,0.0354146097259112,6.026441988651981,1.9030276883527957,0.08084972709781285,0.04715950209458543,1
x_aq_ifu_top/pcgen_icache_seq_tag[33:0],76287,0.05304264994228978,4.232604686774942,1.3365703889545362,0.012125263806415248,-0.010446762383143444,9
x_aq_ifu_top/pcgen_icache_va[63:0],682223,0.4743523244009957,4.4696063141524105,1.4114106777905167,0.041939365867172465,-0.010477939585022534,14
x_aq_ifu_top/pcgen_pred_flush_vld,0,0.0,0.0,0.0,0.0,,0
x_aq_ifu_top/pcgen_pred_ifpc[39:0],650455,0.45226390955486645,4.910976165853134,1.5507862911577872,0.03256028472377028,-0.009676746819638234,14
x_aq_ifu_top/pcgen_top_buf_chgflw,10058,0.006993366800628555,4.585981706104594,1.4481596572953293,0.174090276396898,-0.0458317131645408,1
x_aq_ifu_top/pred_btb_chgflw_vld,8668,0.006026894355522799,10.418452007383479,3.289935035823753,0.1652053530226119,-0.08576467867356126,1
x_aq_ifu_top/pred_btb_cur_pc[39:0],638465,0.4439272155859326,4.835120287502056,1.526832549115924,0.03098525369440768,-0.009584513132881674,14
x_aq_ifu_top/pred_btb_inst_vld,201853,0.1403491816272893,6.846093861374366,2.1618570625570315,0.04574120771056164,-0.3401840813722849,1
x_aq_ifu_top/pred_btb_mis_pred,14,9.734254842791784e-06,4.903785714285715,1.5485156929424018,0.14285714285714285,0.0023217465924297584,1
x_aq_ifu_top/pred_btb_mis_predg,20890,0.014524898833280026,10.563480134035425,3.3357319656089057,0.12292963140258496,-0.08349261473910793,1
x_aq_ifu_top/pred_btb_stall,109260,0.07596890600881645,6.198589320336812,1.9573883109704484,0.12884861797547134,-0.8099607588181934,1
x_aq_ifu_top/pred_btb_tar_pc[39:0],636766,0.4427458942303681,5.002354154210495,1.57964159952672,0.03225674737658732,-0.009473497808254974,14
x_aq_ifu_top/pred_btb_upd_vld,0,0.0,0.0,0.0,0.0,,0
x_aq_ifu_top/pred_btb_upd_vldg,0,0.0,0.0,0.0,0.0,,0
x_aq_ifu_top/pred_ctrl_stall,109260,0.07596890600881645,6.198589320336812,1.9573883109704484,0.12884861797547134,-0.8099607588181934,1
x_aq_ifu_top/pred_ibuf_br_taken0[1:0],69938,0.0486281653710837,6.526726514913209,2.061007356508954,0.09209585632989219,0.060019000101852474,2
x_aq_ifu_top/pred_ibuf_br_taken1[1:0],20238,0.014071560679172866,7.669510870639391,2.4218753902274353,0.10292519023618935,-0.05888367284210959,2
x_aq_ifu_top/pred_ibuf_chgflw_vld0,25634,0.017823420617151756,10.35812534134353,3.270885102872235,0.12475618319419521,-0.08337207859400673,1
x_aq_ifu_top/pred_ibuf_halt_info0[21:0],1,6.953039173422703e-07,21.131999999999998,6.673055375957693,1.0,-0.005140258898422977,1
x_aq_ifu_top/pred_ibuf_halt_info1[21:0],1,6.953039173422703e-07,21.131999999999998,6.673055375957693,1.0,-0.005140258898422977,1
x_aq_ifu_top/pred_ipack_chgflw_vld0,25634,0.017823420617151756,10.35812534134353,3.270885102872235,0.12475618319419521,-0.08337207859400673,1
x_aq_ifu_top/pred_ipack_delay_stall,4,2.781215669369081e-06,10.009250000000002,3.1607173727902973,0.5,-0.00023300308883368525,1
x_aq_ifu_top/pred_ipack_mask,4,2.781215669369081e-06,10.009250000000002,3.1607173727902973,0.5,-0.00023300308883368525,1
x_aq_ifu_top/pred_ipack_ret_stall,22,1.5296686181529945e-05,4.636727272727273,1.4641840741114134,0.0,0.01728200173348791,1
x_aq_ifu_top/pred_pcgen_chgflw_pc[39:0],654801,0.45528570037963595,4.974806088200842,1.5709424811288897,0.034517357181800275,-0.009496412107508671,14
x_aq_ifu_top/pred_pcgen_chgflw_vld,8668,0.006026894355522799,10.418452007383479,3.289935035823753,0.1652053530226119,-0.08576467867356126,1
x_aq_ifu_top/pred_pcgen_chgflw_vld_gate,58468,0.04065302943916786,10.415808425121433,3.289100246365797,0.12358897174522816,-0.23889567430983968,1
x_aq_ifu_top/pred_pcgen_curflw_pc[39:0],32216,0.02239991100109858,4.077464924261237,1.2875804104259125,0.01493046933200894,-0.10629081551738326,15
x_aq_ifu_top/pred_pcgen_curflw_vld,80,5.5624313387381626e-05,5.353325000000001,1.690471047250555,0.0375,-0.0018875143295182875,1
x_aq_ifu_top/pred_pcgen_curflw_vld_gate,80,5.5624313387381626e-05,5.353325000000001,1.690471047250555,0.0375,-0.0018875143295182875,1
x_aq_ifu_top/pred_top_delay_chgflw,0,0.0,0.0,0.0,0.0,,0
x_aq_ifu_top/pred_top_ras_st,24438,0.016991837132010402,6.616037056223913,2.0892098071914775,0.08171699811768557,0.07590450590087086,1
x_aq_ifu_top/vec_ctrl_reset_mask,2,1.3906078346845406e-06,11.2365,3.5482579373437737,0.5,-0.012848472544874565,1
x_aq_ifu_top/vec_ibuf_warm_up,0,0.0,0.0,0.0,0.0,,0
x_aq_ifu_top/vec_pcgen_idle,1,6.953039173422703e-07,11.921,3.7644091016842545,0.0,0.012308593211025337,1
x_aq_ifu_top/vec_pcgen_rst_vld,2,1.3906078346845406e-06,10.800999999999998,3.410735903639932,0.5,-0.002497608032843854,1
x_aq_ifu_top/vec_top_cur_st[1:0],5,3.4765195867113516e-06,7.5009999999999994,2.368663087973626,0.2,-0.012862225865160296,2
x_aq_ifu_top/x_aq_ifu_btb/btb_pcgen_tar_pc[39:0],54445,0.03785582177969991,3.989448691339884,1.259786675982065,0.01788961337129213,0.011391697859622527,13
x_aq_ifu_top/x_aq_ifu_btb/btb_pred_tar_pc[39:0],50940,0.03541878154941525,5.075244385551629,1.6026588506201214,0.03498233215547703,-0.09159676083916037,14
x_aq_ifu_top/x_aq_ifu_btb/btb_pred_tar_vld,20890,0.014524898833280026,10.563480134035425,3.3357319656089057,0.12292963140258496,-0.08349261473910793,1
x_aq_ifu_top/x_aq_ifu_btb/btb_xx_chgflw_vld,0,0.0,0.0,0.0,0.0,,0
x_aq_ifu_top/x_aq_ifu_btb/cp0_ifu_btb_clr,0,0.0,0.0,0.0,0.0,,0
x_aq_ifu_top/x_aq_ifu_btb/cp0_ifu_btb_en,1,6.953039173422703e-07,10.639999999999999,3.359895381421061,0.0,0.018324133944845153,1
x_aq_ifu_top/x_aq_ifu_btb/cp0_ifu_icg_en,0,0.0,0.0,0.0,0.0,,0
x_aq_ifu_top/x_aq_ifu_btb/cp0_yy_clk_en,1,6.953039173422703e-07,21.131999999999998,6.673055375957693,1.0,-0.005140258898422977,1
x_aq_ifu_top/x_aq_ifu_btb/cpurst_b,3,2.0859117520268108e-06,11.372333333333332,3.5911513385946847,0.3333333333333333,0.0012751758732577007,1
x_aq_ifu_top/x_aq_ifu_btb/ctrl_btb_chgflw_vld,51134,0.03555367050937965,6.311202746704737,1.992949338333192,0.08127664567606681,0.025600686900472108,1
x_aq_ifu_top/x_aq_ifu_btb/ctrl_btb_inst_fetch,157943,0.10981838661679019,6.924217527842323,2.1865269259165583,0.09157734119270876,0.7778583981208687,1
x_aq_ifu_top/x_aq_ifu_btb/ctrl_btb_stall,158404,0.11013892172268498,10.2123258377945,3.22484458796736,0.08918966692760284,-0.9374513308866205,1
x_aq_ifu_top/x_aq_ifu_btb/forever_cpuclk,0,0.0,0.0,0.0,0.0,,0
x_aq_ifu_top/x_aq_ifu_btb/icache_btb_grant,345,0.00023987985148308326,6.833715826086956,2.1579483310163137,0.2289855072463768,0.16197475326707508,1
x_aq_ifu_top/x_aq_ifu_btb/iu_ifu_tar_pc_vld,0,0.0,0.0,0.0,0.0,,0
x_aq_ifu_top/x_aq_ifu_btb/iu_ifu_tar_pc_vld_gate,0,0.0,0.0,0.0,0.0,,0
x_aq_ifu_top/x_aq_ifu_btb/pad_yy_icg_scan_en,0,0.0,0.0,0.0,0.0,,0
x_aq_ifu_top/x_aq_ifu_btb/pcgen_btb_ifpc[39:0],682224,0.474353019704913,4.469599869632262,1.411408642742257,0.04193930439269214,-0.01041073223813629,14
x_aq_ifu_top/x_aq_ifu_btb/pred_btb_chgflw_vld,8668,0.006026894355522799,10.418452007383479,3.289935035823753,0.1652053530226119,-0.08576467867356126,1
x_aq_ifu_top/x_aq_ifu_btb/pred_btb_cur_pc[39:0],638465,0.4439272155859326,4.835120287502056,1.526832549115924,0.03098525369440768,-0.009584513132881674,14
x_aq_ifu_top/x_aq_ifu_btb/pred_btb_inst_vld,201853,0.1403491816272893,6.846093861374366,2.1618570625570315,0.04574120771056164,-0.3401840813722849,1
x_aq_ifu_top/x_aq_ifu_btb/pred_btb_mis_pred,14,9.734254842791784e-06,4.903785714285715,1.5485156929424018,0.14285714285714285,0.0023217465924297584,1
x_aq_ifu_top/x_aq_ifu_btb/pred_btb_mis_predg,20890,0.014524898833280026,10.563480134035425,3.3357319656089057,0.12292963140258496,-0.08349261473910793,1
x_aq_ifu_top/x_aq_ifu_btb/pred_btb_stall,109260,0.07596890600881645,6.198589320336812,1.9573883109704484,0.12884861797547134,-0.8099607588181934,1
x_aq_ifu_top/x_aq_ifu_btb/pred_btb_tar_pc[39:0],636766,0.4427458942303681,5.002354154210495,1.57964159952672,0.03225674737658732,-0.009473497808254974,14
x_aq_ifu_top/x_aq_ifu_btb/pred_btb_upd_vld,0,0.0,0.0,0.0,0.0,,0
x_aq_ifu_top/x_aq_ifu_btb/pred_btb_upd_vldg,0,0.0,0.0,0.0,0.0,,0
x_aq_ifu_top/x_aq_ifu_btb/btb_chgflw_vld,0,0.0,0.0,0.0,0.0,,0
x_aq_ifu_top/x_aq_ifu_btb/btb_clk,0,0.0,0.0,0.0,0.0,,0
x_aq_ifu_top/x_aq_ifu_btb/btb_clr_one,0,0.0,0.0,0.0,0.0,,0
x_aq_ifu_top/x_aq_ifu_btb/btb_clr_oneg,20876,0.014515164578437234,10.567275675416745,3.336930520304121,0.12291626748419238,-0.08355308483686703,1
x_aq_ifu_top/x_aq_ifu_btb/btb_entry_clr[15:0],10608,0.007375783955166804,4.569354146870287,1.442909012607768,0.03638763197586727,0.03240205360022813,1
x_aq_ifu_top/x_aq_ifu_btb/btb_entry_clrg[15:0],91477,0.06360431644671886,5.685788480055096,1.7954562456648677,0.05776315357958831,0.03460126193497293,2
x_aq_ifu_top/x_aq_ifu_btb/btb_entry_rd_hit[15:0],73239,0.050923363602230536,4.006961146929915,1.2653167529232574,0.02042627561818157,0.09531786369296746,2
x_aq_ifu_top/x_aq_ifu_btb/btb_entry_replace,0,0.0,0.0,0.0,0.0,,0
x_aq_ifu_top/x_aq_ifu_btb/btb_entry_replaceg,0,0.0,0.0,0.0,0.0,,0
x_aq_ifu_top/x_aq_ifu_btb/btb_entry_tgt_0[15:0],490,0.00034069891949771246,5.3851673469387755,1.7005262121390132,0.04285714285714286,0.12640015737885693,12
x_aq_ifu_top/x_aq_ifu_btb/btb_entry_tgt_1[15:0],470,0.00032679284115086707,5.4633468085106385,1.7252136944564276,0.029787234042553193,0.17976921362502793,13
x_aq_ifu_top/x_aq_ifu_btb/btb_entry_tgt_10[15:0],568,0.0003949326250504095,5.1450897887323945,1.6247146069697966,0.045774647887323945,0.2568322043664863,12
x_aq_ifu_top/x_aq_ifu_btb/btb_entry_tgt_11[15:0],542,0.0003768547231995105,5.23190774907749,1.6521299513295602,0.02952029520295203,0.2398586273223369,10
x_aq_ifu_top/x_aq_ifu_btb/btb_entry_tgt_12[15:0],556,0.0003865889780423023,5.129273381294964,1.6197201075055394,0.046762589928057555,0.27491510858367674,11
x_aq_ifu_top/x_aq_ifu_btb/btb_entry_tgt_13[15:0],536,0.0003726828996954569,5.109483208955224,1.6134707739865715,0.04477611940298507,0.260886512024697,12
x_aq_ifu_top/x_aq_ifu_btb/btb_entry_tgt_14[15:0],498,0.0003462613508364506,5.505987951807229,1.7386788993831876,0.04216867469879518,0.27694389910282996,10
x_aq_ifu_top/x_aq_ifu_btb/btb_entry_tgt_15[15:0],500,0.00034765195867113513,5.155778000000001,1.6280897264879999,0.03,0.2029369954327619,12
x_aq_ifu_top/x_aq_ifu_btb/btb_entry_tgt_2[15:0],534,0.0003712922918607723,5.235039325842697,1.6531188395165888,0.0449438202247191,0.18525517229240723,13
x_aq_ifu_top/x_aq_ifu_btb/btb_entry_tgt_3[15:0],512,0.0003559956056792424,5.340361328125001,1.6863773835983866,0.03515625,-0.3452857526675786,13
x_aq_ifu_top/x_aq_ifu_btb/btb_entry_tgt_4[15:0],472,0.0003281834489855516,5.224372881355932,1.6497505935046277,0.03389830508474576,-0.3195251768267859,12
x_aq_ifu_top/x_aq_ifu_btb/btb_entry_tgt_5[15:0],542,0.0003768547231995105,5.381140221402214,1.699254527882369,0.05719557195571956,-0.08403254879188941,12
x_aq_ifu_top/x_aq_ifu_btb/btb_entry_tgt_6[15:0],580,0.00040327627205851677,5.470339655172414,1.7274218930656273,0.05862068965517241,0.1577543736097954,11
x_aq_ifu_top/x_aq_ifu_btb/btb_entry_tgt_7[15:0],580,0.00040327627205851677,5.388091379310344,1.7014495620319043,0.06724137931034482,0.2495061938842505,11
x_aq_ifu_top/x_aq_ifu_btb/btb_entry_tgt_8[15:0],568,0.0003949326250504095,5.416107394366198,1.7102964492116022,0.03873239436619718,0.29026954637850694,12
x_aq_ifu_top/x_aq_ifu_btb/btb_entry_tgt_9[15:0],544,0.00037824533103419505,5.368608455882353,1.69529725146402,0.03308823529411765,0.26029395440272585,11
x_aq_ifu_top/x_aq_ifu_btb/btb_entry_upd[15:0],42443,0.029510784163757978,4.264817260796833,1.3467424640184305,0.015079047192705511,0.08905300036110168,2
x_aq_ifu_top/x_aq_ifu_btb/btb_entry_upd_vld,0,0.0,0.0,0.0,0.0,,0
x_aq_ifu_top/x_aq_ifu_btb/btb_entry_upd_vldg,0,0.0,0.0,0.0,0.0,,0
x_aq_ifu_top/x_aq_ifu_btb/btb_entry_updg[15:0],42467,0.029527471457774193,4.264762026985659,1.3467250223053608,0.015070525349094591,0.08906515160441884,2
x_aq_ifu_top/x_aq_ifu_btb/btb_entry_wr_hit[15:0],97869,0.06804869908637065,4.98294287046971,1.5735119113135512,0.042209484106305366,0.04664867796022003,3
x_aq_ifu_top/x_aq_ifu_btb/btb_flop_vld,0,0.0,0.0,0.0,0.0,,0
x_aq_ifu_top/x_aq_ifu_btb/btb_icg_en,135215,0.09401551918343508,6.780824375993788,2.1412462878880523,0.0870539511148911,0.7675251677519215,1
x_aq_ifu_top/x_aq_ifu_btb/btb_rd_acc_tag[15:0],682195,0.4743328558913101,4.46961327547109,1.411412876033231,0.04194108722579321,-0.3451830086228492,13
x_aq_ifu_top/x_aq_ifu_btb/btb_rd_hit_vld,246,0.0001710447636661985,5.606097560975609,1.7702914758381416,0.036585365853658534,0.0047398449311065105,1
x_aq_ifu_top/x_aq_ifu_btb/btb_tar_clk,0,0.0,0.0,0.0,0.0,,0
x_aq_ifu_top/x_aq_ifu_btb/btb_tar_icg_en,73510,0.05111179096383029,5.117722813222691,1.6160726732650488,0.04066113453951843,0.09035156479560585,1
x_aq_ifu_top/x_aq_ifu_btb/btb_upd_tag[15:0],638465,0.4439272155859326,4.835120287502056,1.526832549115924,0.03098525369440768,-0.34587537216379177,14
x_aq_ifu_top/x_aq_ifu_btb/btb_upd_tgt[15:0],636766,0.4427458942303681,5.002354154210495,1.57964159952672,0.03225674737658732,-0.34596245616791854,14
x_aq_ifu_top/x_aq_ifu_btb/btb_wr_acc_tag[15:0],638465,0.4439272155859326,4.835120287502056,1.526832549115924,0.03098525369440768,-0.34587537216379177,14
x_aq_ifu_top/x_aq_ifu_btb/btb_wr_hit_vld,21180,0.014726536969309286,7.385079792256846,2.33205784637498,0.11572237960339943,-0.01762543245559653,1
x_aq_ifu_top/x_aq_ifu_btb/x_btb_icg_cell/clk_in,0,0.0,0.0,0.0,0.0,,0
x_aq_ifu_top/x_aq_ifu_btb/x_btb_icg_cell/global_en,1,6.953039173422703e-07,21.131999999999998,6.673055375957693,1.0,-0.005140258898422977,1
x_aq_ifu_top/x_aq_ifu_btb/x_btb_icg_cell/module_en,0,0.0,0.0,0.0,0.0,,0
x_aq_ifu_top/x_aq_ifu_btb/x_btb_icg_cell/local_en,135215,0.09401551918343508,6.780824375993788,2.1412462878880523,0.0870539511148911,0.7675251677519215,1
x_aq_ifu_top/x_aq_ifu_btb/x_btb_icg_cell/external_en,0,0.0,0.0,0.0,0.0,,0
x_aq_ifu_top/x_aq_ifu_btb/x_btb_icg_cell/pad_yy_icg_scan_en,0,0.0,0.0,0.0,0.0,,0
x_aq_ifu_top/x_aq_ifu_btb/x_btb_icg_cell/clk_out,0,0.0,0.0,0.0,0.0,,0
x_aq_ifu_top/x_aq_ifu_btb/x_btb_icg_cell/clk_en_bf_latch,135215,0.09401551918343508,6.780824375993788,2.1412462878880523,0.0870539511148911,0.7675251677519215,1
x_aq_ifu_top/x_aq_ifu_btb/x_btb_icg_cell/SE,0,0.0,0.0,0.0,0.0,,0
x_aq_ifu_top/x_aq_ifu_btb/x_ifu_btb_tar_icg_cell/clk_in,0,0.0,0.0,0.0,0.0,,0
x_aq_ifu_top/x_aq_ifu_btb/x_ifu_btb_tar_icg_cell/global_en,1,6.953039173422703e-07,21.131999999999998,6.673055375957693,1.0,-0.005140258898422977,1
x_aq_ifu_top/x_aq_ifu_btb/x_ifu_btb_tar_icg_cell/module_en,0,0.0,0.0,0.0,0.0,,0
x_aq_ifu_top/x_aq_ifu_btb/x_ifu_btb_tar_icg_cell/local_en,73510,0.05111179096383029,5.117722813222691,1.6160726732650488,0.04066113453951843,0.09035156479560585,1
x_aq_ifu_top/x_aq_ifu_btb/x_ifu_btb_tar_icg_cell/external_en,0,0.0,0.0,0.0,0.0,,0
x_aq_ifu_top/x_aq_ifu_btb/x_ifu_btb_tar_icg_cell/pad_yy_icg_scan_en,0,0.0,0.0,0.0,0.0,,0
x_aq_ifu_top/x_aq_ifu_btb/x_ifu_btb_tar_icg_cell/clk_out,0,0.0,0.0,0.0,0.0,,0
x_aq_ifu_top/x_aq_ifu_btb/x_ifu_btb_tar_icg_cell/clk_en_bf_latch,73510,0.05111179096383029,5.117722813222691,1.6160726732650488,0.04066113453951843,0.09035156479560585,1
x_aq_ifu_top/x_aq_ifu_btb/x_ifu_btb_tar_icg_cell/SE,0,0.0,0.0,0.0,0.0,,0
x_aq_ifu_top/x_aq_ifu_btb/x_aq_ifu_btb_entry0/btb_entry_clr_x,0,0.0,0.0,0.0,0.0,,0
x_aq_ifu_top/x_aq_ifu_btb/x_aq_ifu_btb_entry0/btb_entry_clrg_x,1178,0.0008190680146291944,11.030016977928693,3.4830548027385815,0.1969439728353141,-0.02244989137492365,1
x_aq_ifu_top/x_aq_ifu_btb/x_aq_ifu_btb_entry0/btb_entry_rd_hit_x,18,1.2515470512160866e-05,5.211611111111109,1.6457206862767764,0.1111111111111111,0.0019046974883885127,1
x_aq_ifu_top/x_aq_ifu_btb/x_aq_ifu_btb_entry0/btb_entry_tgt_y[15:0],490,0.00034069891949771246,5.3851673469387755,1.7005262121390132,0.04285714285714286,0.12640015737885693,12
x_aq_ifu_top/x_aq_ifu_btb/x_aq_ifu_btb_entry0/btb_entry_upd_x,0,0.0,0.0,0.0,0.0,,0
x_aq_ifu_top/x_aq_ifu_btb/x_aq_ifu_btb_entry0/btb_entry_updg_x,0,0.0,0.0,0.0,0.0,,0
x_aq_ifu_top/x_aq_ifu_btb/x_aq_ifu_btb_entry0/btb_entry_wr_hit_x,1200,0.0008343647008107243,7.814338333333334,2.4676089544199455,0.19333333333333333,-0.010487030847142493,1
x_aq_ifu_top/x_aq_ifu_btb/x_aq_ifu_btb_entry0/btb_rd_acc_tag[15:0],682195,0.4743328558913101,4.46961327547109,1.411412876033231,0.04194108722579321,-0.3451830086228492,13
x_aq_ifu_top/x_aq_ifu_btb/x_aq_ifu_btb_entry0/btb_upd_tag[15:0],638465,0.4439272155859326,4.835120287502056,1.526832549115924,0.03098525369440768,-0.34587537216379177,14
x_aq_ifu_top/x_aq_ifu_btb/x_aq_ifu_btb_entry0/btb_upd_tgt[15:0],636766,0.4427458942303681,5.002354154210495,1.57964159952672,0.03225674737658732,-0.34596245616791854,14
x_aq_ifu_top/x_aq_ifu_btb/x_aq_ifu_btb_entry0/btb_wr_acc_tag[15:0],638465,0.4439272155859326,4.835120287502056,1.526832549115924,0.03098525369440768,-0.34587537216379177,14
x_aq_ifu_top/x_aq_ifu_btb/x_aq_ifu_btb_entry0/cp0_ifu_icg_en,0,0.0,0.0,0.0,0.0,,0
x_aq_ifu_top/x_aq_ifu_btb/x_aq_ifu_btb_entry0/cp0_yy_clk_en,1,6.953039173422703e-07,21.131999999999998,6.673055375957693,1.0,-0.005140258898422977,1
x_aq_ifu_top/x_aq_ifu_btb/x_aq_ifu_btb_entry0/cpurst_b,3,2.0859117520268108e-06,11.372333333333332,3.5911513385946847,0.3333333333333333,0.0012751758732577007,1
x_aq_ifu_top/x_aq_ifu_btb/x_aq_ifu_btb_entry0/forever_cpuclk,0,0.0,0.0,0.0,0.0,,0
x_aq_ifu_top/x_aq_ifu_btb/x_aq_ifu_btb_entry0/pad_yy_icg_scan_en,0,0.0,0.0,0.0,0.0,,0
x_aq_ifu_top/x_aq_ifu_btb/x_aq_ifu_btb_entry0/btb_entry_clk,0,0.0,0.0,0.0,0.0,,0
x_aq_ifu_top/x_aq_ifu_btb/x_aq_ifu_btb_entry0/btb_rd_hit,18,1.2515470512160866e-05,5.211611111111109,1.6457206862767764,0.1111111111111111,0.0019046974883885127,1
x_aq_ifu_top/x_aq_ifu_btb/x_aq_ifu_btb_entry0/btb_wr_hit,1200,0.0008343647008107243,7.814338333333334,2.4676089544199455,0.19333333333333333,-0.010487030847142493,1
x_aq_ifu_top/x_aq_ifu_btb/x_aq_ifu_btb_entry0/entry_clk_en,1178,0.0008190680146291944,11.030016977928693,3.4830548027385815,0.1969439728353141,-0.02244989137492365,1
x_aq_ifu_top/x_aq_ifu_btb/x_aq_ifu_btb_entry0/x_btb_entry_icg_cell/clk_in,0,0.0,0.0,0.0,0.0,,0
x_aq_ifu_top/x_aq_ifu_btb/x_aq_ifu_btb_entry0/x_btb_entry_icg_cell/global_en,1,6.953039173422703e-07,21.131999999999998,6.673055375957693,1.0,-0.005140258898422977,1
x_aq_ifu_top/x_aq_ifu_btb/x_aq_ifu_btb_entry0/x_btb_entry_icg_cell/module_en,0,0.0,0.0,0.0,0.0,,0
x_aq_ifu_top/x_aq_ifu_btb/x_aq_ifu_btb_entry0/x_btb_entry_icg_cell/local_en,1178,0.0008190680146291944,11.030016977928693,3.4830548027385815,0.1969439728353141,-0.02244989137492365,1
x_aq_ifu_top/x_aq_ifu_btb/x_aq_ifu_btb_entry0/x_btb_entry_icg_cell/external_en,0,0.0,0.0,0.0,0.0,,0
x_aq_ifu_top/x_aq_ifu_btb/x_aq_ifu_btb_entry0/x_btb_entry_icg_cell/pad_yy_icg_scan_en,0,0.0,0.0,0.0,0.0,,0
x_aq_ifu_top/x_aq_ifu_btb/x_aq_ifu_btb_entry0/x_btb_entry_icg_cell/clk_out,0,0.0,0.0,0.0,0.0,,0
x_aq_ifu_top/x_aq_ifu_btb/x_aq_ifu_btb_entry0/x_btb_entry_icg_cell/clk_en_bf_latch,1178,0.0008190680146291944,11.030016977928693,3.4830548027385815,0.1969439728353141,-0.02244989137492365,1
x_aq_ifu_top/x_aq_ifu_btb/x_aq_ifu_btb_entry0/x_btb_entry_icg_cell/SE,0,0.0,0.0,0.0,0.0,,0
x_aq_ifu_top/x_aq_ifu_btb/x_aq_ifu_btb_entry1/btb_entry_clr_x,0,0.0,0.0,0.0,0.0,,0
x_aq_ifu_top/x_aq_ifu_btb/x_aq_ifu_btb_entry1/btb_entry_clrg_x,778,0.0005409464476922863,10.966023136246784,3.4628468503789542,0.16709511568123395,-0.018962470219509052,1
x_aq_ifu_top/x_aq_ifu_btb/x_aq_ifu_btb_entry1/btb_entry_rd_hit_x,12,8.343647008107243e-06,4.589833333333332,1.4493759227593137,0.0,0.0010382396020257453,1
x_aq_ifu_top/x_aq_ifu_btb/x_aq_ifu_btb_entry1/btb_entry_tgt_y[15:0],470,0.00032679284115086707,5.4633468085106385,1.7252136944564276,0.029787234042553193,0.17976921362502793,13
x_aq_ifu_top/x_aq_ifu_btb/x_aq_ifu_btb_entry1/btb_entry_upd_x,0,0.0,0.0,0.0,0.0,,0
x_aq_ifu_top/x_aq_ifu_btb/x_aq_ifu_btb_entry1/btb_entry_updg_x,0,0.0,0.0,0.0,0.0,,0
x_aq_ifu_top/x_aq_ifu_btb/x_aq_ifu_btb_entry1/btb_entry_wr_hit_x,796,0.0005534619182044471,7.974800251256283,2.5182795612736375,0.1658291457286432,-0.01096672490075714,1
x_aq_ifu_top/x_aq_ifu_btb/x_aq_ifu_btb_entry1/btb_rd_acc_tag[15:0],682195,0.4743328558913101,4.46961327547109,1.411412876033231,0.04194108722579321,-0.3451830086228492,13
x_aq_ifu_top/x_aq_ifu_btb/x_aq_ifu_btb_entry1/btb_upd_tag[15:0],638465,0.4439272155859326,4.835120287502056,1.526832549115924,0.03098525369440768,-0.34587537216379177,14
x_aq_ifu_top/x_aq_ifu_btb/x_aq_ifu_btb_entry1/btb_upd_tgt[15:0],636766,0.4427458942303681,5.002354154210495,1.57964159952672,0.03225674737658732,-0.34596245616791854,14
x_aq_ifu_top/x_aq_ifu_btb/x_aq_ifu_btb_entry1/btb_wr_acc_tag[15:0],638465,0.4439272155859326,4.835120287502056,1.526832549115924,0.03098525369440768,-0.34587537216379177,14
x_aq_ifu_top/x_aq_ifu_btb/x_aq_ifu_btb_entry1/cp0_ifu_icg_en,0,0.0,0.0,0.0,0.0,,0
x_aq_ifu_top/x_aq_ifu_btb/x_aq_ifu_btb_entry1/cp0_yy_clk_en,1,6.953039173422703e-07,21.131999999999998,6.673055375957693,1.0,-0.005140258898422977,1
x_aq_ifu_top/x_aq_ifu_btb/x_aq_ifu_btb_entry1/cpurst_b,3,2.0859117520268108e-06,11.372333333333332,3.5911513385946847,0.3333333333333333,0.0012751758732577007,1
x_aq_ifu_top/x_aq_ifu_btb/x_aq_ifu_btb_entry1/forever_cpuclk,0,0.0,0.0,0.0,0.0,,0
x_aq_ifu_top/x_aq_ifu_btb/x_aq_ifu_btb_entry1/pad_yy_icg_scan_en,0,0.0,0.0,0.0,0.0,,0
x_aq_ifu_top/x_aq_ifu_btb/x_aq_ifu_btb_entry1/btb_entry_clk,0,0.0,0.0,0.0,0.0,,0
x_aq_ifu_top/x_aq_ifu_btb/x_aq_ifu_btb_entry1/btb_rd_hit,12,8.343647008107243e-06,4.589833333333332,1.4493759227593137,0.0,0.0010382396020257453,1
x_aq_ifu_top/x_aq_ifu_btb/x_aq_ifu_btb_entry1/btb_wr_hit,796,0.0005534619182044471,7.974800251256283,2.5182795612736375,0.1658291457286432,-0.01096672490075714,1
x_aq_ifu_top/x_aq_ifu_btb/x_aq_ifu_btb_entry1/entry_clk_en,778,0.0005409464476922863,10.966023136246784,3.4628468503789542,0.16709511568123395,-0.018962470219509052,1
x_aq_ifu_top/x_aq_ifu_btb/x_aq_ifu_btb_entry1/x_btb_entry_icg_cell/clk_in,0,0.0,0.0,0.0,0.0,,0
x_aq_ifu_top/x_aq_ifu_btb/x_aq_ifu_btb_entry1/x_btb_entry_icg_cell/global_en,1,6.953039173422703e-07,21.131999999999998,6.673055375957693,1.0,-0.005140258898422977,1
x_aq_ifu_top/x_aq_ifu_btb/x_aq_ifu_btb_entry1/x_btb_entry_icg_cell/module_en,0,0.0,0.0,0.0,0.0,,0
x_aq_ifu_top/x_aq_ifu_btb/x_aq_ifu_btb_entry1/x_btb_entry_icg_cell/local_en,778,0.0005409464476922863,10.966023136246784,3.4628468503789542,0.16709511568123395,-0.018962470219509052,1
x_aq_ifu_top/x_aq_ifu_btb/x_aq_ifu_btb_entry1/x_btb_entry_icg_cell/external_en,0,0.0,0.0,0.0,0.0,,0
x_aq_ifu_top/x_aq_ifu_btb/x_aq_ifu_btb_entry1/x_btb_entry_icg_cell/pad_yy_icg_scan_en,0,0.0,0.0,0.0,0.0,,0
x_aq_ifu_top/x_aq_ifu_btb/x_aq_ifu_btb_entry1/x_btb_entry_icg_cell/clk_out,0,0.0,0.0,0.0,0.0,,0
x_aq_ifu_top/x_aq_ifu_btb/x_aq_ifu_btb_entry1/x_btb_entry_icg_cell/clk_en_bf_latch,778,0.0005409464476922863,10.966023136246784,3.4628468503789542,0.16709511568123395,-0.018962470219509052,1
x_aq_ifu_top/x_aq_ifu_btb/x_aq_ifu_btb_entry1/x_btb_entry_icg_cell/SE,0,0.0,0.0,0.0,0.0,,0
x_aq_ifu_top/x_aq_ifu_btb/x_aq_ifu_btb_entry2/btb_entry_clr_x,0,0.0,0.0,0.0,0.0,,0
x_aq_ifu_top/x_aq_ifu_btb/x_aq_ifu_btb_entry2/btb_entry_clrg_x,526,0.0003657298605220342,10.67765969581749,3.3717875466506575,0.155893536121673,-0.01632363162336721,1
x_aq_ifu_top/x_aq_ifu_btb/x_aq_ifu_btb_entry2/btb_entry_rd_hit_x,18,1.2515470512160866e-05,5.608111111111111,1.7709273139772892,0.05555555555555555,0.0015400048589780005,1
x_aq_ifu_top/x_aq_ifu_btb/x_aq_ifu_btb_entry2/btb_entry_tgt_y[15:0],534,0.0003712922918607723,5.235039325842697,1.6531188395165888,0.0449438202247191,0.18525517229240723,13
x_aq_ifu_top/x_aq_ifu_btb/x_aq_ifu_btb_entry2/btb_entry_upd_x,0,0.0,0.0,0.0,0.0,,0
x_aq_ifu_top/x_aq_ifu_btb/x_aq_ifu_btb_entry2/btb_entry_updg_x,0,0.0,0.0,0.0,0.0,,0
x_aq_ifu_top/x_aq_ifu_btb/x_aq_ifu_btb_entry2/btb_entry_wr_hit_x,548,0.0003810265467035641,7.403974452554745,2.3380243954227646,0.14963503649635038,-0.006891512048642688,1
x_aq_ifu_top/x_aq_ifu_btb/x_aq_ifu_btb_entry2/btb_rd_acc_tag[15:0],682195,0.4743328558913101,4.46961327547109,1.411412876033231,0.04194108722579321,-0.3451830086228492,13
x_aq_ifu_top/x_aq_ifu_btb/x_aq_ifu_btb_entry2/btb_upd_tag[15:0],638465,0.4439272155859326,4.835120287502056,1.526832549115924,0.03098525369440768,-0.34587537216379177,14
x_aq_ifu_top/x_aq_ifu_btb/x_aq_ifu_btb_entry2/btb_upd_tgt[15:0],636766,0.4427458942303681,5.002354154210495,1.57964159952672,0.03225674737658732,-0.34596245616791854,14
x_aq_ifu_top/x_aq_ifu_btb/x_aq_ifu_btb_entry2/btb_wr_acc_tag[15:0],638465,0.4439272155859326,4.835120287502056,1.526832549115924,0.03098525369440768,-0.34587537216379177,14
x_aq_ifu_top/x_aq_ifu_btb/x_aq_ifu_btb_entry2/cp0_ifu_icg_en,0,0.0,0.0,0.0,0.0,,0
x_aq_ifu_top/x_aq_ifu_btb/x_aq_ifu_btb_entry2/cp0_yy_clk_en,1,6.953039173422703e-07,21.131999999999998,6.673055375957693,1.0,-0.005140258898422977,1
x_aq_ifu_top/x_aq_ifu_btb/x_aq_ifu_btb_entry2/cpurst_b,3,2.0859117520268108e-06,11.372333333333332,3.5911513385946847,0.3333333333333333,0.0012751758732577007,1
x_aq_ifu_top/x_aq_ifu_btb/x_aq_ifu_btb_entry2/forever_cpuclk,0,0.0,0.0,0.0,0.0,,0
x_aq_ifu_top/x_aq_ifu_btb/x_aq_ifu_btb_entry2/pad_yy_icg_scan_en,0,0.0,0.0,0.0,0.0,,0
x_aq_ifu_top/x_aq_ifu_btb/x_aq_ifu_btb_entry2/btb_entry_clk,0,0.0,0.0,0.0,0.0,,0
x_aq_ifu_top/x_aq_ifu_btb/x_aq_ifu_btb_entry2/btb_rd_hit,18,1.2515470512160866e-05,5.608111111111111,1.7709273139772892,0.05555555555555555,0.0015400048589780005,1
x_aq_ifu_top/x_aq_ifu_btb/x_aq_ifu_btb_entry2/btb_wr_hit,548,0.0003810265467035641,7.403974452554745,2.3380243954227646,0.14963503649635038,-0.006891512048642688,1
x_aq_ifu_top/x_aq_ifu_btb/x_aq_ifu_btb_entry2/entry_clk_en,526,0.0003657298605220342,10.67765969581749,3.3717875466506575,0.155893536121673,-0.01632363162336721,1
x_aq_ifu_top/x_aq_ifu_btb/x_aq_ifu_btb_entry2/x_btb_entry_icg_cell/clk_in,0,0.0,0.0,0.0,0.0,,0
x_aq_ifu_top/x_aq_ifu_btb/x_aq_ifu_btb_entry2/x_btb_entry_icg_cell/global_en,1,6.953039173422703e-07,21.131999999999998,6.673055375957693,1.0,-0.005140258898422977,1
x_aq_ifu_top/x_aq_ifu_btb/x_aq_ifu_btb_entry2/x_btb_entry_icg_cell/module_en,0,0.0,0.0,0.0,0.0,,0
x_aq_ifu_top/x_aq_ifu_btb/x_aq_ifu_btb_entry2/x_btb_entry_icg_cell/local_en,526,0.0003657298605220342,10.67765969581749,3.3717875466506575,0.155893536121673,-0.01632363162336721,1
x_aq_ifu_top/x_aq_ifu_btb/x_aq_ifu_btb_entry2/x_btb_entry_icg_cell/external_en,0,0.0,0.0,0.0,0.0,,0
x_aq_ifu_top/x_aq_ifu_btb/x_aq_ifu_btb_entry2/x_btb_entry_icg_cell/pad_yy_icg_scan_en,0,0.0,0.0,0.0,0.0,,0
x_aq_ifu_top/x_aq_ifu_btb/x_aq_ifu_btb_entry2/x_btb_entry_icg_cell/clk_out,0,0.0,0.0,0.0,0.0,,0
x_aq_ifu_top/x_aq_ifu_btb/x_aq_ifu_btb_entry2/x_btb_entry_icg_cell/clk_en_bf_latch,526,0.0003657298605220342,10.67765969581749,3.3717875466506575,0.155893536121673,-0.01632363162336721,1
x_aq_ifu_top/x_aq_ifu_btb/x_aq_ifu_btb_entry2/x_btb_entry_icg_cell/SE,0,0.0,0.0,0.0,0.0,,0
x_aq_ifu_top/x_aq_ifu_btb/x_aq_ifu_btb_entry3/btb_entry_clr_x,0,0.0,0.0,0.0,0.0,,0
x_aq_ifu_top/x_aq_ifu_btb/x_aq_ifu_btb_entry3/btb_entry_clrg_x,962,0.0006688823684832641,11.062619542619544,3.4933500289159567,0.1632016632016632,-0.0229152059094542,1
x_aq_ifu_top/x_aq_ifu_btb/x_aq_ifu_btb_entry3/btb_entry_rd_hit_x,8,5.562431338738162e-06,6.0379999999999985,1.9066774730282297,0.125,0.0014269305840546535,1
x_aq_ifu_top/x_aq_ifu_btb/x_aq_ifu_btb_entry3/btb_entry_tgt_y[15:0],512,0.0003559956056792424,5.340361328125001,1.6863773835983866,0.03515625,-0.3452857526675786,13
x_aq_ifu_top/x_aq_ifu_btb/x_aq_ifu_btb_entry3/btb_entry_upd_x,0,0.0,0.0,0.0,0.0,,0
x_aq_ifu_top/x_aq_ifu_btb/x_aq_ifu_btb_entry3/btb_entry_updg_x,0,0.0,0.0,0.0,0.0,,0
x_aq_ifu_top/x_aq_ifu_btb/x_aq_ifu_btb_entry3/btb_entry_wr_hit_x,974,0.0006772260154913713,7.637808008213554,2.411864271708413,0.16119096509240247,-0.013017996673045042,1
x_aq_ifu_top/x_aq_ifu_btb/x_aq_ifu_btb_entry3/btb_rd_acc_tag[15:0],682195,0.4743328558913101,4.46961327547109,1.411412876033231,0.04194108722579321,-0.3451830086228492,13
x_aq_ifu_top/x_aq_ifu_btb/x_aq_ifu_btb_entry3/btb_upd_tag[15:0],638465,0.4439272155859326,4.835120287502056,1.526832549115924,0.03098525369440768,-0.34587537216379177,14
x_aq_ifu_top/x_aq_ifu_btb/x_aq_ifu_btb_entry3/btb_upd_tgt[15:0],636766,0.4427458942303681,5.002354154210495,1.57964159952672,0.03225674737658732,-0.34596245616791854,14
x_aq_ifu_top/x_aq_ifu_btb/x_aq_ifu_btb_entry3/btb_wr_acc_tag[15:0],638465,0.4439272155859326,4.835120287502056,1.526832549115924,0.03098525369440768,-0.34587537216379177,14
x_aq_ifu_top/x_aq_ifu_btb/x_aq_ifu_btb_entry3/cp0_ifu_icg_en,0,0.0,0.0,0.0,0.0,,0
x_aq_ifu_top/x_aq_ifu_btb/x_aq_ifu_btb_entry3/cp0_yy_clk_en,1,6.953039173422703e-07,21.131999999999998,6.673055375957693,1.0,-0.005140258898422977,1
x_aq_ifu_top/x_aq_ifu_btb/x_aq_ifu_btb_entry3/cpurst_b,3,2.0859117520268108e-06,11.372333333333332,3.5911513385946847,0.3333333333333333,0.0012751758732577007,1
x_aq_ifu_top/x_aq_ifu_btb/x_aq_ifu_btb_entry3/forever_cpuclk,0,0.0,0.0,0.0,0.0,,0
x_aq_ifu_top/x_aq_ifu_btb/x_aq_ifu_btb_entry3/pad_yy_icg_scan_en,0,0.0,0.0,0.0,0.0,,0
x_aq_ifu_top/x_aq_ifu_btb/x_aq_ifu_btb_entry3/btb_entry_clk,0,0.0,0.0,0.0,0.0,,0
x_aq_ifu_top/x_aq_ifu_btb/x_aq_ifu_btb_entry3/btb_rd_hit,8,5.562431338738162e-06,6.0379999999999985,1.9066774730282297,0.125,0.0014269305840546535,1
x_aq_ifu_top/x_aq_ifu_btb/x_aq_ifu_btb_entry3/btb_wr_hit,974,0.0006772260154913713,7.637808008213554,2.411864271708413,0.16119096509240247,-0.013017996673045042,1
x_aq_ifu_top/x_aq_ifu_btb/x_aq_ifu_btb_entry3/entry_clk_en,962,0.0006688823684832641,11.062619542619544,3.4933500289159567,0.1632016632016632,-0.0229152059094542,1
x_aq_ifu_top/x_aq_ifu_btb/x_aq_ifu_btb_entry3/x_btb_entry_icg_cell/clk_in,0,0.0,0.0,0.0,0.0,,0
x_aq_ifu_top/x_aq_ifu_btb/x_aq_ifu_btb_entry3/x_btb_entry_icg_cell/global_en,1,6.953039173422703e-07,21.131999999999998,6.673055375957693,1.0,-0.005140258898422977,1
x_aq_ifu_top/x_aq_ifu_btb/x_aq_ifu_btb_entry3/x_btb_entry_icg_cell/module_en,0,0.0,0.0,0.0,0.0,,0
x_aq_ifu_top/x_aq_ifu_btb/x_aq_ifu_btb_entry3/x_btb_entry_icg_cell/local_en,962,0.0006688823684832641,11.062619542619544,3.4933500289159567,0.1632016632016632,-0.0229152059094542,1
x_aq_ifu_top/x_aq_ifu_btb/x_aq_ifu_btb_entry3/x_btb_entry_icg_cell/external_en,0,0.0,0.0,0.0,0.0,,0
x_aq_ifu_top/x_aq_ifu_btb/x_aq_ifu_btb_entry3/x_btb_entry_icg_cell/pad_yy_icg_scan_en,0,0.0,0.0,0.0,0.0,,0
x_aq_ifu_top/x_aq_ifu_btb/x_aq_ifu_btb_entry3/x_btb_entry_icg_cell/clk_out,0,0.0,0.0,0.0,0.0,,0
x_aq_ifu_top/x_aq_ifu_btb/x_aq_ifu_btb_entry3/x_btb_entry_icg_cell/clk_en_bf_latch,962,0.0006688823684832641,11.062619542619544,3.4933500289159567,0.1632016632016632,-0.0229152059094542,1
x_aq_ifu_top/x_aq_ifu_btb/x_aq_ifu_btb_entry3/x_btb_entry_icg_cell/SE,0,0.0,0.0,0.0,0.0,,0
x_aq_ifu_top/x_aq_ifu_btb/x_aq_ifu_btb_entry4/btb_entry_clr_x,0,0.0,0.0,0.0,0.0,,0
x_aq_ifu_top/x_aq_ifu_btb/x_aq_ifu_btb_entry4/btb_entry_clrg_x,7492,0.0052092169487282895,10.123439402028831,3.196776061181641,0.0595301655098772,-0.026750298127097796,1
x_aq_ifu_top/x_aq_ifu_btb/x_aq_ifu_btb_entry4/btb_entry_rd_hit_x,8,5.562431338738162e-06,8.003250000000001,2.527263412721627,0.25,0.0004477172925203062,1
x_aq_ifu_top/x_aq_ifu_btb/x_aq_ifu_btb_entry4/btb_entry_tgt_y[15:0],472,0.0003281834489855516,5.224372881355932,1.6497505935046277,0.03389830508474576,-0.3195251768267859,12
x_aq_ifu_top/x_aq_ifu_btb/x_aq_ifu_btb_entry4/btb_entry_upd_x,0,0.0,0.0,0.0,0.0,,0
x_aq_ifu_top/x_aq_ifu_btb/x_aq_ifu_btb_entry4/btb_entry_updg_x,0,0.0,0.0,0.0,0.0,,0
x_aq_ifu_top/x_aq_ifu_btb/x_aq_ifu_btb_entry4/btb_entry_wr_hit_x,7504,0.005217560595736396,7.102634594882729,2.2428674033146554,0.05943496801705757,0.015843756910814702,1
x_aq_ifu_top/x_aq_ifu_btb/x_aq_ifu_btb_entry4/btb_rd_acc_tag[15:0],682195,0.4743328558913101,4.46961327547109,1.411412876033231,0.04194108722579321,-0.3451830086228492,13
x_aq_ifu_top/x_aq_ifu_btb/x_aq_ifu_btb_entry4/btb_upd_tag[15:0],638465,0.4439272155859326,4.835120287502056,1.526832549115924,0.03098525369440768,-0.34587537216379177,14
x_aq_ifu_top/x_aq_ifu_btb/x_aq_ifu_btb_entry4/btb_upd_tgt[15:0],636766,0.4427458942303681,5.002354154210495,1.57964159952672,0.03225674737658732,-0.34596245616791854,14
x_aq_ifu_top/x_aq_ifu_btb/x_aq_ifu_btb_entry4/btb_wr_acc_tag[15:0],638465,0.4439272155859326,4.835120287502056,1.526832549115924,0.03098525369440768,-0.34587537216379177,14
x_aq_ifu_top/x_aq_ifu_btb/x_aq_ifu_btb_entry4/cp0_ifu_icg_en,0,0.0,0.0,0.0,0.0,,0
x_aq_ifu_top/x_aq_ifu_btb/x_aq_ifu_btb_entry4/cp0_yy_clk_en,1,6.953039173422703e-07,21.131999999999998,6.673055375957693,1.0,-0.005140258898422977,1
x_aq_ifu_top/x_aq_ifu_btb/x_aq_ifu_btb_entry4/cpurst_b,3,2.0859117520268108e-06,11.372333333333332,3.5911513385946847,0.3333333333333333,0.0012751758732577007,1
x_aq_ifu_top/x_aq_ifu_btb/x_aq_ifu_btb_entry4/forever_cpuclk,0,0.0,0.0,0.0,0.0,,0
x_aq_ifu_top/x_aq_ifu_btb/x_aq_ifu_btb_entry4/pad_yy_icg_scan_en,0,0.0,0.0,0.0,0.0,,0
x_aq_ifu_top/x_aq_ifu_btb/x_aq_ifu_btb_entry4/btb_entry_clk,0,0.0,0.0,0.0,0.0,,0
x_aq_ifu_top/x_aq_ifu_btb/x_aq_ifu_btb_entry4/btb_rd_hit,8,5.562431338738162e-06,8.003250000000001,2.527263412721627,0.25,0.0004477172925203062,1
x_aq_ifu_top/x_aq_ifu_btb/x_aq_ifu_btb_entry4/btb_wr_hit,7504,0.005217560595736396,7.102634594882729,2.2428674033146554,0.05943496801705757,0.015843756910814702,1
x_aq_ifu_top/x_aq_ifu_btb/x_aq_ifu_btb_entry4/entry_clk_en,7492,0.0052092169487282895,10.123439402028831,3.196776061181641,0.0595301655098772,-0.026750298127097796,1
x_aq_ifu_top/x_aq_ifu_btb/x_aq_ifu_btb_entry4/x_btb_entry_icg_cell/clk_in,0,0.0,0.0,0.0,0.0,,0
x_aq_ifu_top/x_aq_ifu_btb/x_aq_ifu_btb_entry4/x_btb_entry_icg_cell/global_en,1,6.953039173422703e-07,21.131999999999998,6.673055375957693,1.0,-0.005140258898422977,1
x_aq_ifu_top/x_aq_ifu_btb/x_aq_ifu_btb_entry4/x_btb_entry_icg_cell/module_en,0,0.0,0.0,0.0,0.0,,0
x_aq_ifu_top/x_aq_ifu_btb/x_aq_ifu_btb_entry4/x_btb_entry_icg_cell/local_en,7492,0.0052092169487282895,10.123439402028831,3.196776061181641,0.0595301655098772,-0.026750298127097796,1
x_aq_ifu_top/x_aq_ifu_btb/x_aq_ifu_btb_entry4/x_btb_entry_icg_cell/external_en,0,0.0,0.0,0.0,0.0,,0
x_aq_ifu_top/x_aq_ifu_btb/x_aq_ifu_btb_entry4/x_btb_entry_icg_cell/pad_yy_icg_scan_en,0,0.0,0.0,0.0,0.0,,0
x_aq_ifu_top/x_aq_ifu_btb/x_aq_ifu_btb_entry4/x_btb_entry_icg_cell/clk_out,0,0.0,0.0,0.0,0.0,,0
x_aq_ifu_top/x_aq_ifu_btb/x_aq_ifu_btb_entry4/x_btb_entry_icg_cell/clk_en_bf_latch,7492,0.0052092169487282895,10.123439402028831,3.196776061181641,0.0595301655098772,-0.026750298127097796,1
x_aq_ifu_top/x_aq_ifu_btb/x_aq_ifu_btb_entry4/x_btb_entry_icg_cell/SE,0,0.0,0.0,0.0,0.0,,0
x_aq_ifu_top/x_aq_ifu_btb/x_aq_ifu_btb_entry5/btb_entry_clr_x,0,0.0,0.0,0.0,0.0,,0
x_aq_ifu_top/x_aq_ifu_btb/x_aq_ifu_btb_entry5/btb_entry_clrg_x,1458,0.00101375311148503,10.516445130315502,3.320879269014574,0.10082304526748971,-0.021027417536007856,1
x_aq_ifu_top/x_aq_ifu_btb/x_aq_ifu_btb_entry5/btb_entry_rd_hit_x,10,6.953039173422703e-06,5.8273,1.840142702646142,0.0,0.0008356394653371879,1
x_aq_ifu_top/x_aq_ifu_btb/x_aq_ifu_btb_entry5/btb_entry_tgt_y[15:0],542,0.0003768547231995105,5.381140221402214,1.699254527882369,0.05719557195571956,-0.08403254879188941,12
x_aq_ifu_top/x_aq_ifu_btb/x_aq_ifu_btb_entry5/btb_entry_upd_x,0,0.0,0.0,0.0,0.0,,0
x_aq_ifu_top/x_aq_ifu_btb/x_aq_ifu_btb_entry5/btb_entry_updg_x,0,0.0,0.0,0.0,0.0,,0
x_aq_ifu_top/x_aq_ifu_btb/x_aq_ifu_btb_entry5/btb_entry_wr_hit_x,1470,0.0010220967584931373,7.434872789115647,2.3477814610528935,0.09863945578231292,-0.004058900281602625,1
x_aq_ifu_top/x_aq_ifu_btb/x_aq_ifu_btb_entry5/btb_rd_acc_tag[15:0],682195,0.4743328558913101,4.46961327547109,1.411412876033231,0.04194108722579321,-0.3451830086228492,13
x_aq_ifu_top/x_aq_ifu_btb/x_aq_ifu_btb_entry5/btb_upd_tag[15:0],638465,0.4439272155859326,4.835120287502056,1.526832549115924,0.03098525369440768,-0.34587537216379177,14
x_aq_ifu_top/x_aq_ifu_btb/x_aq_ifu_btb_entry5/btb_upd_tgt[15:0],636766,0.4427458942303681,5.002354154210495,1.57964159952672,0.03225674737658732,-0.34596245616791854,14
x_aq_ifu_top/x_aq_ifu_btb/x_aq_ifu_btb_entry5/btb_wr_acc_tag[15:0],638465,0.4439272155859326,4.835120287502056,1.526832549115924,0.03098525369440768,-0.34587537216379177,14
x_aq_ifu_top/x_aq_ifu_btb/x_aq_ifu_btb_entry5/cp0_ifu_icg_en,0,0.0,0.0,0.0,0.0,,0
x_aq_ifu_top/x_aq_ifu_btb/x_aq_ifu_btb_entry5/cp0_yy_clk_en,1,6.953039173422703e-07,21.131999999999998,6.673055375957693,1.0,-0.005140258898422977,1
x_aq_ifu_top/x_aq_ifu_btb/x_aq_ifu_btb_entry5/cpurst_b,3,2.0859117520268108e-06,11.372333333333332,3.5911513385946847,0.3333333333333333,0.0012751758732577007,1
x_aq_ifu_top/x_aq_ifu_btb/x_aq_ifu_btb_entry5/forever_cpuclk,0,0.0,0.0,0.0,0.0,,0
x_aq_ifu_top/x_aq_ifu_btb/x_aq_ifu_btb_entry5/pad_yy_icg_scan_en,0,0.0,0.0,0.0,0.0,,0
x_aq_ifu_top/x_aq_ifu_btb/x_aq_ifu_btb_entry5/btb_entry_clk,0,0.0,0.0,0.0,0.0,,0
x_aq_ifu_top/x_aq_ifu_btb/x_aq_ifu_btb_entry5/btb_rd_hit,10,6.953039173422703e-06,5.8273,1.840142702646142,0.0,0.0008356394653371879,1
x_aq_ifu_top/x_aq_ifu_btb/x_aq_ifu_btb_entry5/btb_wr_hit,1470,0.0010220967584931373,7.434872789115647,2.3477814610528935,0.09863945578231292,-0.004058900281602625,1
x_aq_ifu_top/x_aq_ifu_btb/x_aq_ifu_btb_entry5/entry_clk_en,1458,0.00101375311148503,10.516445130315502,3.320879269014574,0.10082304526748971,-0.021027417536007856,1
x_aq_ifu_top/x_aq_ifu_btb/x_aq_ifu_btb_entry5/x_btb_entry_icg_cell/clk_in,0,0.0,0.0,0.0,0.0,,0
x_aq_ifu_top/x_aq_ifu_btb/x_aq_ifu_btb_entry5/x_btb_entry_icg_cell/global_en,1,6.953039173422703e-07,21.131999999999998,6.673055375957693,1.0,-0.005140258898422977,1
x_aq_ifu_top/x_aq_ifu_btb/x_aq_ifu_btb_entry5/x_btb_entry_icg_cell/module_en,0,0.0,0.0,0.0,0.0,,0
x_aq_ifu_top/x_aq_ifu_btb/x_aq_ifu_btb_entry5/x_btb_entry_icg_cell/local_en,1458,0.00101375311148503,10.516445130315502,3.320879269014574,0.10082304526748971,-0.021027417536007856,1
x_aq_ifu_top/x_aq_ifu_btb/x_aq_ifu_btb_entry5/x_btb_entry_icg_cell/external_en,0,0.0,0.0,0.0,0.0,,0
x_aq_ifu_top/x_aq_ifu_btb/x_aq_ifu_btb_entry5/x_btb_entry_icg_cell/pad_yy_icg_scan_en,0,0.0,0.0,0.0,0.0,,0
x_aq_ifu_top/x_aq_ifu_btb/x_aq_ifu_btb_entry5/x_btb_entry_icg_cell/clk_out,0,0.0,0.0,0.0,0.0,,0
x_aq_ifu_top/x_aq_ifu_btb/x_aq_ifu_btb_entry5/x_btb_entry_icg_cell/clk_en_bf_latch,1458,0.00101375311148503,10.516445130315502,3.320879269014574,0.10082304526748971,-0.021027417536007856,1
x_aq_ifu_top/x_aq_ifu_btb/x_aq_ifu_btb_entry5/x_btb_entry_icg_cell/SE,0,0.0,0.0,0.0,0.0,,0
x_aq_ifu_top/x_aq_ifu_btb/x_aq_ifu_btb_entry6/btb_entry_clr_x,0,0.0,0.0,0.0,0.0,,0
x_aq_ifu_top/x_aq_ifu_btb/x_aq_ifu_btb_entry6/btb_entry_clrg_x,1720,0.001195922737828705,10.854198837209303,3.427535013361409,0.13895348837209304,-0.024630171248354267,1
x_aq_ifu_top/x_aq_ifu_btb/x_aq_ifu_btb_entry6/btb_entry_rd_hit_x,26,1.8077901850899027e-05,6.201999999999999,1.9584653341704341,0.07692307692307693,0.00010065048517258306,1
x_aq_ifu_top/x_aq_ifu_btb/x_aq_ifu_btb_entry6/btb_entry_tgt_y[15:0],580,0.00040327627205851677,5.470339655172414,1.7274218930656273,0.05862068965517241,0.1577543736097954,11
x_aq_ifu_top/x_aq_ifu_btb/x_aq_ifu_btb_entry6/btb_entry_upd_x,0,0.0,0.0,0.0,0.0,,0
x_aq_ifu_top/x_aq_ifu_btb/x_aq_ifu_btb_entry6/btb_entry_updg_x,0,0.0,0.0,0.0,0.0,,0
x_aq_ifu_top/x_aq_ifu_btb/x_aq_ifu_btb_entry6/btb_entry_wr_hit_x,1746,0.001214000639679604,7.505451890034364,2.3700689042109433,0.13745704467353953,-0.008835147954407006,1
x_aq_ifu_top/x_aq_ifu_btb/x_aq_ifu_btb_entry6/btb_rd_acc_tag[15:0],682195,0.4743328558913101,4.46961327547109,1.411412876033231,0.04194108722579321,-0.3451830086228492,13
x_aq_ifu_top/x_aq_ifu_btb/x_aq_ifu_btb_entry6/btb_upd_tag[15:0],638465,0.4439272155859326,4.835120287502056,1.526832549115924,0.03098525369440768,-0.34587537216379177,14
x_aq_ifu_top/x_aq_ifu_btb/x_aq_ifu_btb_entry6/btb_upd_tgt[15:0],636766,0.4427458942303681,5.002354154210495,1.57964159952672,0.03225674737658732,-0.34596245616791854,14
x_aq_ifu_top/x_aq_ifu_btb/x_aq_ifu_btb_entry6/btb_wr_acc_tag[15:0],638465,0.4439272155859326,4.835120287502056,1.526832549115924,0.03098525369440768,-0.34587537216379177,14
x_aq_ifu_top/x_aq_ifu_btb/x_aq_ifu_btb_entry6/cp0_ifu_icg_en,0,0.0,0.0,0.0,0.0,,0
x_aq_ifu_top/x_aq_ifu_btb/x_aq_ifu_btb_entry6/cp0_yy_clk_en,1,6.953039173422703e-07,21.131999999999998,6.673055375957693,1.0,-0.005140258898422977,1
x_aq_ifu_top/x_aq_ifu_btb/x_aq_ifu_btb_entry6/cpurst_b,3,2.0859117520268108e-06,11.372333333333332,3.5911513385946847,0.3333333333333333,0.0012751758732577007,1
x_aq_ifu_top/x_aq_ifu_btb/x_aq_ifu_btb_entry6/forever_cpuclk,0,0.0,0.0,0.0,0.0,,0
x_aq_ifu_top/x_aq_ifu_btb/x_aq_ifu_btb_entry6/pad_yy_icg_scan_en,0,0.0,0.0,0.0,0.0,,0
x_aq_ifu_top/x_aq_ifu_btb/x_aq_ifu_btb_entry6/btb_entry_clk,0,0.0,0.0,0.0,0.0,,0
x_aq_ifu_top/x_aq_ifu_btb/x_aq_ifu_btb_entry6/btb_rd_hit,26,1.8077901850899027e-05,6.201999999999999,1.9584653341704341,0.07692307692307693,0.00010065048517258306,1
x_aq_ifu_top/x_aq_ifu_btb/x_aq_ifu_btb_entry6/btb_wr_hit,1746,0.001214000639679604,7.505451890034364,2.3700689042109433,0.13745704467353953,-0.008835147954407006,1
x_aq_ifu_top/x_aq_ifu_btb/x_aq_ifu_btb_entry6/entry_clk_en,1720,0.001195922737828705,10.854198837209303,3.427535013361409,0.13895348837209304,-0.024630171248354267,1
x_aq_ifu_top/x_aq_ifu_btb/x_aq_ifu_btb_entry6/x_btb_entry_icg_cell/clk_in,0,0.0,0.0,0.0,0.0,,0
x_aq_ifu_top/x_aq_ifu_btb/x_aq_ifu_btb_entry6/x_btb_entry_icg_cell/global_en,1,6.953039173422703e-07,21.131999999999998,6.673055375957693,1.0,-0.005140258898422977,1
x_aq_ifu_top/x_aq_ifu_btb/x_aq_ifu_btb_entry6/x_btb_entry_icg_cell/module_en,0,0.0,0.0,0.0,0.0,,0
x_aq_ifu_top/x_aq_ifu_btb/x_aq_ifu_btb_entry6/x_btb_entry_icg_cell/local_en,1720,0.001195922737828705,10.854198837209303,3.427535013361409,0.13895348837209304,-0.024630171248354267,1
x_aq_ifu_top/x_aq_ifu_btb/x_aq_ifu_btb_entry6/x_btb_entry_icg_cell/external_en,0,0.0,0.0,0.0,0.0,,0
x_aq_ifu_top/x_aq_ifu_btb/x_aq_ifu_btb_entry6/x_btb_entry_icg_cell/pad_yy_icg_scan_en,0,0.0,0.0,0.0,0.0,,0
x_aq_ifu_top/x_aq_ifu_btb/x_aq_ifu_btb_entry6/x_btb_entry_icg_cell/clk_out,0,0.0,0.0,0.0,0.0,,0
x_aq_ifu_top/x_aq_ifu_btb/x_aq_ifu_btb_entry6/x_btb_entry_icg_cell/clk_en_bf_latch,1720,0.001195922737828705,10.854198837209303,3.427535013361409,0.13895348837209304,-0.024630171248354267,1
x_aq_ifu_top/x_aq_ifu_btb/x_aq_ifu_btb_entry6/x_btb_entry_icg_cell/SE,0,0.0,0.0,0.0,0.0,,0
x_aq_ifu_top/x_aq_ifu_btb/x_aq_ifu_btb_entry7/btb_entry_clr_x,0,0.0,0.0,0.0,0.0,,0
x_aq_ifu_top/x_aq_ifu_btb/x_aq_ifu_btb_entry7/btb_entry_clrg_x,870,0.0006049144080877752,10.857399999999998,3.4285458753985925,0.16896551724137931,-0.022934294531776627,1
x_aq_ifu_top/x_aq_ifu_btb/x_aq_ifu_btb_entry7/btb_entry_rd_hit_x,18,1.2515470512160866e-05,6.3565555555555555,2.0072708320354793,0.0,0.0018262803433814281,1
x_aq_ifu_top/x_aq_ifu_btb/x_aq_ifu_btb_entry7/btb_entry_tgt_y[15:0],580,0.00040327627205851677,5.388091379310344,1.7014495620319043,0.06724137931034482,0.2495061938842505,11
x_aq_ifu_top/x_aq_ifu_btb/x_aq_ifu_btb_entry7/btb_entry_upd_x,0,0.0,0.0,0.0,0.0,,0
x_aq_ifu_top/x_aq_ifu_btb/x_aq_ifu_btb_entry7/btb_entry_updg_x,0,0.0,0.0,0.0,0.0,,0
x_aq_ifu_top/x_aq_ifu_btb/x_aq_ifu_btb_entry7/btb_entry_wr_hit_x,894,0.0006216017021039897,7.618766219239374,2.405851262420035,0.1644295302013423,-0.011261107598930972,1
x_aq_ifu_top/x_aq_ifu_btb/x_aq_ifu_btb_entry7/btb_rd_acc_tag[15:0],682195,0.4743328558913101,4.46961327547109,1.411412876033231,0.04194108722579321,-0.3451830086228492,13
x_aq_ifu_top/x_aq_ifu_btb/x_aq_ifu_btb_entry7/btb_upd_tag[15:0],638465,0.4439272155859326,4.835120287502056,1.526832549115924,0.03098525369440768,-0.34587537216379177,14
x_aq_ifu_top/x_aq_ifu_btb/x_aq_ifu_btb_entry7/btb_upd_tgt[15:0],636766,0.4427458942303681,5.002354154210495,1.57964159952672,0.03225674737658732,-0.34596245616791854,14
x_aq_ifu_top/x_aq_ifu_btb/x_aq_ifu_btb_entry7/btb_wr_acc_tag[15:0],638465,0.4439272155859326,4.835120287502056,1.526832549115924,0.03098525369440768,-0.34587537216379177,14
x_aq_ifu_top/x_aq_ifu_btb/x_aq_ifu_btb_entry7/cp0_ifu_icg_en,0,0.0,0.0,0.0,0.0,,0
x_aq_ifu_top/x_aq_ifu_btb/x_aq_ifu_btb_entry7/cp0_yy_clk_en,1,6.953039173422703e-07,21.131999999999998,6.673055375957693,1.0,-0.005140258898422977,1
x_aq_ifu_top/x_aq_ifu_btb/x_aq_ifu_btb_entry7/cpurst_b,3,2.0859117520268108e-06,11.372333333333332,3.5911513385946847,0.3333333333333333,0.0012751758732577007,1
x_aq_ifu_top/x_aq_ifu_btb/x_aq_ifu_btb_entry7/forever_cpuclk,0,0.0,0.0,0.0,0.0,,0
x_aq_ifu_top/x_aq_ifu_btb/x_aq_ifu_btb_entry7/pad_yy_icg_scan_en,0,0.0,0.0,0.0,0.0,,0
x_aq_ifu_top/x_aq_ifu_btb/x_aq_ifu_btb_entry7/btb_entry_clk,0,0.0,0.0,0.0,0.0,,0
x_aq_ifu_top/x_aq_ifu_btb/x_aq_ifu_btb_entry7/btb_rd_hit,18,1.2515470512160866e-05,6.3565555555555555,2.0072708320354793,0.0,0.0018262803433814281,1
x_aq_ifu_top/x_aq_ifu_btb/x_aq_ifu_btb_entry7/btb_wr_hit,894,0.0006216017021039897,7.618766219239374,2.405851262420035,0.1644295302013423,-0.011261107598930972,1
x_aq_ifu_top/x_aq_ifu_btb/x_aq_ifu_btb_entry7/entry_clk_en,870,0.0006049144080877752,10.857399999999998,3.4285458753985925,0.16896551724137931,-0.022934294531776627,1
x_aq_ifu_top/x_aq_ifu_btb/x_aq_ifu_btb_entry7/x_btb_entry_icg_cell/clk_in,0,0.0,0.0,0.0,0.0,,0
x_aq_ifu_top/x_aq_ifu_btb/x_aq_ifu_btb_entry7/x_btb_entry_icg_cell/global_en,1,6.953039173422703e-07,21.131999999999998,6.673055375957693,1.0,-0.005140258898422977,1
x_aq_ifu_top/x_aq_ifu_btb/x_aq_ifu_btb_entry7/x_btb_entry_icg_cell/module_en,0,0.0,0.0,0.0,0.0,,0
x_aq_ifu_top/x_aq_ifu_btb/x_aq_ifu_btb_entry7/x_btb_entry_icg_cell/local_en,870,0.0006049144080877752,10.857399999999998,3.4285458753985925,0.16896551724137931,-0.022934294531776627,1
x_aq_ifu_top/x_aq_ifu_btb/x_aq_ifu_btb_entry7/x_btb_entry_icg_cell/external_en,0,0.0,0.0,0.0,0.0,,0
x_aq_ifu_top/x_aq_ifu_btb/x_aq_ifu_btb_entry7/x_btb_entry_icg_cell/pad_yy_icg_scan_en,0,0.0,0.0,0.0,0.0,,0
x_aq_ifu_top/x_aq_ifu_btb/x_aq_ifu_btb_entry7/x_btb_entry_icg_cell/clk_out,0,0.0,0.0,0.0,0.0,,0
x_aq_ifu_top/x_aq_ifu_btb/x_aq_ifu_btb_entry7/x_btb_entry_icg_cell/clk_en_bf_latch,870,0.0006049144080877752,10.857399999999998,3.4285458753985925,0.16896551724137931,-0.022934294531776627,1
x_aq_ifu_top/x_aq_ifu_btb/x_aq_ifu_btb_entry7/x_btb_entry_icg_cell/SE,0,0.0,0.0,0.0,0.0,,0
x_aq_ifu_top/x_aq_ifu_btb/x_aq_ifu_btb_entry8/btb_entry_clr_x,0,0.0,0.0,0.0,0.0,,0
x_aq_ifu_top/x_aq_ifu_btb/x_aq_ifu_btb_entry8/btb_entry_clrg_x,658,0.00045750997761121386,10.857082066869301,3.4284454785886838,0.17325227963525835,-0.017457717364688444,1
x_aq_ifu_top/x_aq_ifu_btb/x_aq_ifu_btb_entry8/btb_entry_rd_hit_x,26,1.8077901850899027e-05,5.009500000000001,1.5818981121455649,0.0,0.0019430097686658242,1
x_aq_ifu_top/x_aq_ifu_btb/x_aq_ifu_btb_entry8/btb_entry_tgt_y[15:0],568,0.0003949326250504095,5.416107394366198,1.7102964492116022,0.03873239436619718,0.29026954637850694,12
x_aq_ifu_top/x_aq_ifu_btb/x_aq_ifu_btb_entry8/btb_entry_upd_x,0,0.0,0.0,0.0,0.0,,0
x_aq_ifu_top/x_aq_ifu_btb/x_aq_ifu_btb_entry8/btb_entry_updg_x,0,0.0,0.0,0.0,0.0,,0
x_aq_ifu_top/x_aq_ifu_btb/x_aq_ifu_btb_entry8/btb_entry_wr_hit_x,682,0.00047419727162742833,7.624114369501467,2.4075400993904066,0.16715542521994134,-0.006769824305378356,1
x_aq_ifu_top/x_aq_ifu_btb/x_aq_ifu_btb_entry8/btb_rd_acc_tag[15:0],682195,0.4743328558913101,4.46961327547109,1.411412876033231,0.04194108722579321,-0.3451830086228492,13
x_aq_ifu_top/x_aq_ifu_btb/x_aq_ifu_btb_entry8/btb_upd_tag[15:0],638465,0.4439272155859326,4.835120287502056,1.526832549115924,0.03098525369440768,-0.34587537216379177,14
x_aq_ifu_top/x_aq_ifu_btb/x_aq_ifu_btb_entry8/btb_upd_tgt[15:0],636766,0.4427458942303681,5.002354154210495,1.57964159952672,0.03225674737658732,-0.34596245616791854,14
x_aq_ifu_top/x_aq_ifu_btb/x_aq_ifu_btb_entry8/btb_wr_acc_tag[15:0],638465,0.4439272155859326,4.835120287502056,1.526832549115924,0.03098525369440768,-0.34587537216379177,14
x_aq_ifu_top/x_aq_ifu_btb/x_aq_ifu_btb_entry8/cp0_ifu_icg_en,0,0.0,0.0,0.0,0.0,,0
x_aq_ifu_top/x_aq_ifu_btb/x_aq_ifu_btb_entry8/cp0_yy_clk_en,1,6.953039173422703e-07,21.131999999999998,6.673055375957693,1.0,-0.005140258898422977,1
x_aq_ifu_top/x_aq_ifu_btb/x_aq_ifu_btb_entry8/cpurst_b,3,2.0859117520268108e-06,11.372333333333332,3.5911513385946847,0.3333333333333333,0.0012751758732577007,1
x_aq_ifu_top/x_aq_ifu_btb/x_aq_ifu_btb_entry8/forever_cpuclk,0,0.0,0.0,0.0,0.0,,0
x_aq_ifu_top/x_aq_ifu_btb/x_aq_ifu_btb_entry8/pad_yy_icg_scan_en,0,0.0,0.0,0.0,0.0,,0
x_aq_ifu_top/x_aq_ifu_btb/x_aq_ifu_btb_entry8/btb_entry_clk,0,0.0,0.0,0.0,0.0,,0
x_aq_ifu_top/x_aq_ifu_btb/x_aq_ifu_btb_entry8/btb_rd_hit,26,1.8077901850899027e-05,5.009500000000001,1.5818981121455649,0.0,0.0019430097686658242,1
x_aq_ifu_top/x_aq_ifu_btb/x_aq_ifu_btb_entry8/btb_wr_hit,682,0.00047419727162742833,7.624114369501467,2.4075400993904066,0.16715542521994134,-0.006769824305378356,1
x_aq_ifu_top/x_aq_ifu_btb/x_aq_ifu_btb_entry8/entry_clk_en,658,0.00045750997761121386,10.857082066869301,3.4284454785886838,0.17325227963525835,-0.017457717364688444,1
x_aq_ifu_top/x_aq_ifu_btb/x_aq_ifu_btb_entry8/x_btb_entry_icg_cell/clk_in,0,0.0,0.0,0.0,0.0,,0
x_aq_ifu_top/x_aq_ifu_btb/x_aq_ifu_btb_entry8/x_btb_entry_icg_cell/global_en,1,6.953039173422703e-07,21.131999999999998,6.673055375957693,1.0,-0.005140258898422977,1
x_aq_ifu_top/x_aq_ifu_btb/x_aq_ifu_btb_entry8/x_btb_entry_icg_cell/module_en,0,0.0,0.0,0.0,0.0,,0
x_aq_ifu_top/x_aq_ifu_btb/x_aq_ifu_btb_entry8/x_btb_entry_icg_cell/local_en,658,0.00045750997761121386,10.857082066869301,3.4284454785886838,0.17325227963525835,-0.017457717364688444,1
x_aq_ifu_top/x_aq_ifu_btb/x_aq_ifu_btb_entry8/x_btb_entry_icg_cell/external_en,0,0.0,0.0,0.0,0.0,,0
x_aq_ifu_top/x_aq_ifu_btb/x_aq_ifu_btb_entry8/x_btb_entry_icg_cell/pad_yy_icg_scan_en,0,0.0,0.0,0.0,0.0,,0
x_aq_ifu_top/x_aq_ifu_btb/x_aq_ifu_btb_entry8/x_btb_entry_icg_cell/clk_out,0,0.0,0.0,0.0,0.0,,0
x_aq_ifu_top/x_aq_ifu_btb/x_aq_ifu_btb_entry8/x_btb_entry_icg_cell/clk_en_bf_latch,658,0.00045750997761121386,10.857082066869301,3.4284454785886838,0.17325227963525835,-0.017457717364688444,1
x_aq_ifu_top/x_aq_ifu_btb/x_aq_ifu_btb_entry8/x_btb_entry_icg_cell/SE,0,0.0,0.0,0.0,0.0,,0
x_aq_ifu_top/x_aq_ifu_btb/x_aq_ifu_btb_entry9/btb_entry_clr_x,0,0.0,0.0,0.0,0.0,,0
x_aq_ifu_top/x_aq_ifu_btb/x_aq_ifu_btb_entry9/btb_entry_clrg_x,1192,0.0008288022694719862,10.858482382550337,3.4288876697718833,0.16526845637583892,-0.022861259211440832,1
x_aq_ifu_top/x_aq_ifu_btb/x_aq_ifu_btb_entry9/btb_entry_rd_hit_x,6,4.1718235040536216e-06,5.543499999999999,1.7505244404988394,0.0,0.0005474493703842589,1
x_aq_ifu_top/x_aq_ifu_btb/x_aq_ifu_btb_entry9/btb_entry_tgt_y[15:0],544,0.00037824533103419505,5.368608455882353,1.69529725146402,0.03308823529411765,0.26029395440272585,11
x_aq_ifu_top/x_aq_ifu_btb/x_aq_ifu_btb_entry9/btb_entry_upd_x,0,0.0,0.0,0.0,0.0,,0
x_aq_ifu_top/x_aq_ifu_btb/x_aq_ifu_btb_entry9/btb_entry_updg_x,0,0.0,0.0,0.0,0.0,,0
x_aq_ifu_top/x_aq_ifu_btb/x_aq_ifu_btb_entry9/btb_entry_wr_hit_x,1202,0.0008357553086454089,7.7408194675540765,2.444393193369284,0.1638935108153078,-0.008905484419012837,1
x_aq_ifu_top/x_aq_ifu_btb/x_aq_ifu_btb_entry9/btb_rd_acc_tag[15:0],682195,0.4743328558913101,4.46961327547109,1.411412876033231,0.04194108722579321,-0.3451830086228492,13
x_aq_ifu_top/x_aq_ifu_btb/x_aq_ifu_btb_entry9/btb_upd_tag[15:0],638465,0.4439272155859326,4.835120287502056,1.526832549115924,0.03098525369440768,-0.34587537216379177,14
x_aq_ifu_top/x_aq_ifu_btb/x_aq_ifu_btb_entry9/btb_upd_tgt[15:0],636766,0.4427458942303681,5.002354154210495,1.57964159952672,0.03225674737658732,-0.34596245616791854,14
x_aq_ifu_top/x_aq_ifu_btb/x_aq_ifu_btb_entry9/btb_wr_acc_tag[15:0],638465,0.4439272155859326,4.835120287502056,1.526832549115924,0.03098525369440768,-0.34587537216379177,14
x_aq_ifu_top/x_aq_ifu_btb/x_aq_ifu_btb_entry9/cp0_ifu_icg_en,0,0.0,0.0,0.0,0.0,,0
x_aq_ifu_top/x_aq_ifu_btb/x_aq_ifu_btb_entry9/cp0_yy_clk_en,1,6.953039173422703e-07,21.131999999999998,6.673055375957693,1.0,-0.005140258898422977,1
x_aq_ifu_top/x_aq_ifu_btb/x_aq_ifu_btb_entry9/cpurst_b,3,2.0859117520268108e-06,11.372333333333332,3.5911513385946847,0.3333333333333333,0.0012751758732577007,1
x_aq_ifu_top/x_aq_ifu_btb/x_aq_ifu_btb_entry9/forever_cpuclk,0,0.0,0.0,0.0,0.0,,0
x_aq_ifu_top/x_aq_ifu_btb/x_aq_ifu_btb_entry9/pad_yy_icg_scan_en,0,0.0,0.0,0.0,0.0,,0
x_aq_ifu_top/x_aq_ifu_btb/x_aq_ifu_btb_entry9/btb_entry_clk,0,0.0,0.0,0.0,0.0,,0
x_aq_ifu_top/x_aq_ifu_btb/x_aq_ifu_btb_entry9/btb_rd_hit,6,4.1718235040536216e-06,5.543499999999999,1.7505244404988394,0.0,0.0005474493703842589,1
x_aq_ifu_top/x_aq_ifu_btb/x_aq_ifu_btb_entry9/btb_wr_hit,1202,0.0008357553086454089,7.7408194675540765,2.444393193369284,0.1638935108153078,-0.008905484419012837,1
x_aq_ifu_top/x_aq_ifu_btb/x_aq_ifu_btb_entry9/entry_clk_en,1192,0.0008288022694719862,10.858482382550337,3.4288876697718833,0.16526845637583892,-0.022861259211440832,1
x_aq_ifu_top/x_aq_ifu_btb/x_aq_ifu_btb_entry9/x_btb_entry_icg_cell/clk_in,0,0.0,0.0,0.0,0.0,,0
x_aq_ifu_top/x_aq_ifu_btb/x_aq_ifu_btb_entry9/x_btb_entry_icg_cell/global_en,1,6.953039173422703e-07,21.131999999999998,6.673055375957693,1.0,-0.005140258898422977,1
x_aq_ifu_top/x_aq_ifu_btb/x_aq_ifu_btb_entry9/x_btb_entry_icg_cell/module_en,0,0.0,0.0,0.0,0.0,,0
x_aq_ifu_top/x_aq_ifu_btb/x_aq_ifu_btb_entry9/x_btb_entry_icg_cell/local_en,1192,0.0008288022694719862,10.858482382550337,3.4288876697718833,0.16526845637583892,-0.022861259211440832,1
x_aq_ifu_top/x_aq_ifu_btb/x_aq_ifu_btb_entry9/x_btb_entry_icg_cell/external_en,0,0.0,0.0,0.0,0.0,,0
x_aq_ifu_top/x_aq_ifu_btb/x_aq_ifu_btb_entry9/x_btb_entry_icg_cell/pad_yy_icg_scan_en,0,0.0,0.0,0.0,0.0,,0
x_aq_ifu_top/x_aq_ifu_btb/x_aq_ifu_btb_entry9/x_btb_entry_icg_cell/clk_out,0,0.0,0.0,0.0,0.0,,0
x_aq_ifu_top/x_aq_ifu_btb/x_aq_ifu_btb_entry9/x_btb_entry_icg_cell/clk_en_bf_latch,1192,0.0008288022694719862,10.858482382550337,3.4288876697718833,0.16526845637583892,-0.022861259211440832,1
x_aq_ifu_top/x_aq_ifu_btb/x_aq_ifu_btb_entry9/x_btb_entry_icg_cell/SE,0,0.0,0.0,0.0,0.0,,0
x_aq_ifu_top/x_aq_ifu_btb/x_aq_ifu_btb_entry10/btb_entry_clr_x,0,0.0,0.0,0.0,0.0,,0
x_aq_ifu_top/x_aq_ifu_btb/x_aq_ifu_btb_entry10/btb_entry_clrg_x,524,0.00036433925268734965,10.337610687022902,3.2644069926933508,0.15839694656488548,-0.019735482706194248,1
x_aq_ifu_top/x_aq_ifu_btb/x_aq_ifu_btb_entry10/btb_entry_rd_hit_x,18,1.2515470512160866e-05,5.362888888888889,1.6934911286515135,0.05555555555555555,0.0015423953866371713,1
x_aq_ifu_top/x_aq_ifu_btb/x_aq_ifu_btb_entry10/btb_entry_tgt_y[15:0],568,0.0003949326250504095,5.1450897887323945,1.6247146069697966,0.045774647887323945,0.2568322043664863,12
x_aq_ifu_top/x_aq_ifu_btb/x_aq_ifu_btb_entry10/btb_entry_upd_x,0,0.0,0.0,0.0,0.0,,0
x_aq_ifu_top/x_aq_ifu_btb/x_aq_ifu_btb_entry10/btb_entry_updg_x,0,0.0,0.0,0.0,0.0,,0
x_aq_ifu_top/x_aq_ifu_btb/x_aq_ifu_btb_entry10/btb_entry_wr_hit_x,550,0.00038241715453824865,7.508354545454546,2.370985503697797,0.1509090909090909,-0.011125835084919555,1
x_aq_ifu_top/x_aq_ifu_btb/x_aq_ifu_btb_entry10/btb_rd_acc_tag[15:0],682195,0.4743328558913101,4.46961327547109,1.411412876033231,0.04194108722579321,-0.3451830086228492,13
x_aq_ifu_top/x_aq_ifu_btb/x_aq_ifu_btb_entry10/btb_upd_tag[15:0],638465,0.4439272155859326,4.835120287502056,1.526832549115924,0.03098525369440768,-0.34587537216379177,14
x_aq_ifu_top/x_aq_ifu_btb/x_aq_ifu_btb_entry10/btb_upd_tgt[15:0],636766,0.4427458942303681,5.002354154210495,1.57964159952672,0.03225674737658732,-0.34596245616791854,14
x_aq_ifu_top/x_aq_ifu_btb/x_aq_ifu_btb_entry10/btb_wr_acc_tag[15:0],638465,0.4439272155859326,4.835120287502056,1.526832549115924,0.03098525369440768,-0.34587537216379177,14
x_aq_ifu_top/x_aq_ifu_btb/x_aq_ifu_btb_entry10/cp0_ifu_icg_en,0,0.0,0.0,0.0,0.0,,0
x_aq_ifu_top/x_aq_ifu_btb/x_aq_ifu_btb_entry10/cp0_yy_clk_en,1,6.953039173422703e-07,21.131999999999998,6.673055375957693,1.0,-0.005140258898422977,1
x_aq_ifu_top/x_aq_ifu_btb/x_aq_ifu_btb_entry10/cpurst_b,3,2.0859117520268108e-06,11.372333333333332,3.5911513385946847,0.3333333333333333,0.0012751758732577007,1
x_aq_ifu_top/x_aq_ifu_btb/x_aq_ifu_btb_entry10/forever_cpuclk,0,0.0,0.0,0.0,0.0,,0
x_aq_ifu_top/x_aq_ifu_btb/x_aq_ifu_btb_entry10/pad_yy_icg_scan_en,0,0.0,0.0,0.0,0.0,,0
x_aq_ifu_top/x_aq_ifu_btb/x_aq_ifu_btb_entry10/btb_entry_clk,0,0.0,0.0,0.0,0.0,,0
x_aq_ifu_top/x_aq_ifu_btb/x_aq_ifu_btb_entry10/btb_rd_hit,18,1.2515470512160866e-05,5.362888888888889,1.6934911286515135,0.05555555555555555,0.0015423953866371713,1
x_aq_ifu_top/x_aq_ifu_btb/x_aq_ifu_btb_entry10/btb_wr_hit,550,0.00038241715453824865,7.508354545454546,2.370985503697797,0.1509090909090909,-0.011125835084919555,1
x_aq_ifu_top/x_aq_ifu_btb/x_aq_ifu_btb_entry10/entry_clk_en,524,0.00036433925268734965,10.337610687022902,3.2644069926933508,0.15839694656488548,-0.019735482706194248,1
x_aq_ifu_top/x_aq_ifu_btb/x_aq_ifu_btb_entry10/x_btb_entry_icg_cell/clk_in,0,0.0,0.0,0.0,0.0,,0
x_aq_ifu_top/x_aq_ifu_btb/x_aq_ifu_btb_entry10/x_btb_entry_icg_cell/global_en,1,6.953039173422703e-07,21.131999999999998,6.673055375957693,1.0,-0.005140258898422977,1
x_aq_ifu_top/x_aq_ifu_btb/x_aq_ifu_btb_entry10/x_btb_entry_icg_cell/module_en,0,0.0,0.0,0.0,0.0,,0
x_aq_ifu_top/x_aq_ifu_btb/x_aq_ifu_btb_entry10/x_btb_entry_icg_cell/local_en,524,0.00036433925268734965,10.337610687022902,3.2644069926933508,0.15839694656488548,-0.019735482706194248,1
x_aq_ifu_top/x_aq_ifu_btb/x_aq_ifu_btb_entry10/x_btb_entry_icg_cell/external_en,0,0.0,0.0,0.0,0.0,,0
x_aq_ifu_top/x_aq_ifu_btb/x_aq_ifu_btb_entry10/x_btb_entry_icg_cell/pad_yy_icg_scan_en,0,0.0,0.0,0.0,0.0,,0
x_aq_ifu_top/x_aq_ifu_btb/x_aq_ifu_btb_entry10/x_btb_entry_icg_cell/clk_out,0,0.0,0.0,0.0,0.0,,0
x_aq_ifu_top/x_aq_ifu_btb/x_aq_ifu_btb_entry10/x_btb_entry_icg_cell/clk_en_bf_latch,524,0.00036433925268734965,10.337610687022902,3.2644069926933508,0.15839694656488548,-0.019735482706194248,1
x_aq_ifu_top/x_aq_ifu_btb/x_aq_ifu_btb_entry10/x_btb_entry_icg_cell/SE,0,0.0,0.0,0.0,0.0,,0
x_aq_ifu_top/x_aq_ifu_btb/x_aq_ifu_btb_entry11/btb_entry_clr_x,0,0.0,0.0,0.0,0.0,,0
x_aq_ifu_top/x_aq_ifu_btb/x_aq_ifu_btb_entry11/btb_entry_clrg_x,610,0.0004241353895787849,10.867160655737706,3.431628091764454,0.1721311475409836,-0.020343193426703945,1
x_aq_ifu_top/x_aq_ifu_btb/x_aq_ifu_btb_entry11/btb_entry_rd_hit_x,18,1.2515470512160866e-05,5.392166666666666,1.7027364548107078,0.0,0.0013570707096033927,1
x_aq_ifu_top/x_aq_ifu_btb/x_aq_ifu_btb_entry11/btb_entry_tgt_y[15:0],542,0.0003768547231995105,5.23190774907749,1.6521299513295602,0.02952029520295203,0.2398586273223369,10
x_aq_ifu_top/x_aq_ifu_btb/x_aq_ifu_btb_entry11/btb_entry_upd_x,0,0.0,0.0,0.0,0.0,,0
x_aq_ifu_top/x_aq_ifu_btb/x_aq_ifu_btb_entry11/btb_entry_updg_x,0,0.0,0.0,0.0,0.0,,0
x_aq_ifu_top/x_aq_ifu_btb/x_aq_ifu_btb_entry11/btb_entry_wr_hit_x,632,0.0004394320757603148,7.74640664556962,2.4461575104378555,0.16772151898734178,-0.010814396374141055,1
x_aq_ifu_top/x_aq_ifu_btb/x_aq_ifu_btb_entry11/btb_rd_acc_tag[15:0],682195,0.4743328558913101,4.46961327547109,1.411412876033231,0.04194108722579321,-0.3451830086228492,13
x_aq_ifu_top/x_aq_ifu_btb/x_aq_ifu_btb_entry11/btb_upd_tag[15:0],638465,0.4439272155859326,4.835120287502056,1.526832549115924,0.03098525369440768,-0.34587537216379177,14
x_aq_ifu_top/x_aq_ifu_btb/x_aq_ifu_btb_entry11/btb_upd_tgt[15:0],636766,0.4427458942303681,5.002354154210495,1.57964159952672,0.03225674737658732,-0.34596245616791854,14
x_aq_ifu_top/x_aq_ifu_btb/x_aq_ifu_btb_entry11/btb_wr_acc_tag[15:0],638465,0.4439272155859326,4.835120287502056,1.526832549115924,0.03098525369440768,-0.34587537216379177,14
x_aq_ifu_top/x_aq_ifu_btb/x_aq_ifu_btb_entry11/cp0_ifu_icg_en,0,0.0,0.0,0.0,0.0,,0
x_aq_ifu_top/x_aq_ifu_btb/x_aq_ifu_btb_entry11/cp0_yy_clk_en,1,6.953039173422703e-07,21.131999999999998,6.673055375957693,1.0,-0.005140258898422977,1
x_aq_ifu_top/x_aq_ifu_btb/x_aq_ifu_btb_entry11/cpurst_b,3,2.0859117520268108e-06,11.372333333333332,3.5911513385946847,0.3333333333333333,0.0012751758732577007,1
x_aq_ifu_top/x_aq_ifu_btb/x_aq_ifu_btb_entry11/forever_cpuclk,0,0.0,0.0,0.0,0.0,,0
x_aq_ifu_top/x_aq_ifu_btb/x_aq_ifu_btb_entry11/pad_yy_icg_scan_en,0,0.0,0.0,0.0,0.0,,0
x_aq_ifu_top/x_aq_ifu_btb/x_aq_ifu_btb_entry11/btb_entry_clk,0,0.0,0.0,0.0,0.0,,0
x_aq_ifu_top/x_aq_ifu_btb/x_aq_ifu_btb_entry11/btb_rd_hit,18,1.2515470512160866e-05,5.392166666666666,1.7027364548107078,0.0,0.0013570707096033927,1
x_aq_ifu_top/x_aq_ifu_btb/x_aq_ifu_btb_entry11/btb_wr_hit,632,0.0004394320757603148,7.74640664556962,2.4461575104378555,0.16772151898734178,-0.010814396374141055,1
x_aq_ifu_top/x_aq_ifu_btb/x_aq_ifu_btb_entry11/entry_clk_en,610,0.0004241353895787849,10.867160655737706,3.431628091764454,0.1721311475409836,-0.020343193426703945,1
x_aq_ifu_top/x_aq_ifu_btb/x_aq_ifu_btb_entry11/x_btb_entry_icg_cell/clk_in,0,0.0,0.0,0.0,0.0,,0
x_aq_ifu_top/x_aq_ifu_btb/x_aq_ifu_btb_entry11/x_btb_entry_icg_cell/global_en,1,6.953039173422703e-07,21.131999999999998,6.673055375957693,1.0,-0.005140258898422977,1
x_aq_ifu_top/x_aq_ifu_btb/x_aq_ifu_btb_entry11/x_btb_entry_icg_cell/module_en,0,0.0,0.0,0.0,0.0,,0
x_aq_ifu_top/x_aq_ifu_btb/x_aq_ifu_btb_entry11/x_btb_entry_icg_cell/local_en,610,0.0004241353895787849,10.867160655737706,3.431628091764454,0.1721311475409836,-0.020343193426703945,1
x_aq_ifu_top/x_aq_ifu_btb/x_aq_ifu_btb_entry11/x_btb_entry_icg_cell/external_en,0,0.0,0.0,0.0,0.0,,0
x_aq_ifu_top/x_aq_ifu_btb/x_aq_ifu_btb_entry11/x_btb_entry_icg_cell/pad_yy_icg_scan_en,0,0.0,0.0,0.0,0.0,,0
x_aq_ifu_top/x_aq_ifu_btb/x_aq_ifu_btb_entry11/x_btb_entry_icg_cell/clk_out,0,0.0,0.0,0.0,0.0,,0
x_aq_ifu_top/x_aq_ifu_btb/x_aq_ifu_btb_entry11/x_btb_entry_icg_cell/clk_en_bf_latch,610,0.0004241353895787849,10.867160655737706,3.431628091764454,0.1721311475409836,-0.020343193426703945,1
x_aq_ifu_top/x_aq_ifu_btb/x_aq_ifu_btb_entry11/x_btb_entry_icg_cell/SE,0,0.0,0.0,0.0,0.0,,0
x_aq_ifu_top/x_aq_ifu_btb/x_aq_ifu_btb_entry12/btb_entry_clr_x,0,0.0,0.0,0.0,0.0,,0
x_aq_ifu_top/x_aq_ifu_btb/x_aq_ifu_btb_entry12/btb_entry_clrg_x,706,0.0004908845656436428,10.863189801699717,3.4303741769014335,0.16997167138810199,-0.018075045233468357,1
x_aq_ifu_top/x_aq_ifu_btb/x_aq_ifu_btb_entry12/btb_entry_rd_hit_x,6,4.1718235040536216e-06,4.9191666666666665,1.5533726845652038,0.0,-0.0006261190267492177,1
x_aq_ifu_top/x_aq_ifu_btb/x_aq_ifu_btb_entry12/btb_entry_tgt_y[15:0],556,0.0003865889780423023,5.129273381294964,1.6197201075055394,0.046762589928057555,0.27491510858367674,11
x_aq_ifu_top/x_aq_ifu_btb/x_aq_ifu_btb_entry12/btb_entry_upd_x,0,0.0,0.0,0.0,0.0,,0
x_aq_ifu_top/x_aq_ifu_btb/x_aq_ifu_btb_entry12/btb_entry_updg_x,0,0.0,0.0,0.0,0.0,,0
x_aq_ifu_top/x_aq_ifu_btb/x_aq_ifu_btb_entry12/btb_entry_wr_hit_x,716,0.0004978376048170656,7.383159217877096,2.331451368086616,0.16899441340782123,-0.007003327123640983,1
x_aq_ifu_top/x_aq_ifu_btb/x_aq_ifu_btb_entry12/btb_rd_acc_tag[15:0],682195,0.4743328558913101,4.46961327547109,1.411412876033231,0.04194108722579321,-0.3451830086228492,13
x_aq_ifu_top/x_aq_ifu_btb/x_aq_ifu_btb_entry12/btb_upd_tag[15:0],638465,0.4439272155859326,4.835120287502056,1.526832549115924,0.03098525369440768,-0.34587537216379177,14
x_aq_ifu_top/x_aq_ifu_btb/x_aq_ifu_btb_entry12/btb_upd_tgt[15:0],636766,0.4427458942303681,5.002354154210495,1.57964159952672,0.03225674737658732,-0.34596245616791854,14
x_aq_ifu_top/x_aq_ifu_btb/x_aq_ifu_btb_entry12/btb_wr_acc_tag[15:0],638465,0.4439272155859326,4.835120287502056,1.526832549115924,0.03098525369440768,-0.34587537216379177,14
x_aq_ifu_top/x_aq_ifu_btb/x_aq_ifu_btb_entry12/cp0_ifu_icg_en,0,0.0,0.0,0.0,0.0,,0
x_aq_ifu_top/x_aq_ifu_btb/x_aq_ifu_btb_entry12/cp0_yy_clk_en,1,6.953039173422703e-07,21.131999999999998,6.673055375957693,1.0,-0.005140258898422977,1
x_aq_ifu_top/x_aq_ifu_btb/x_aq_ifu_btb_entry12/cpurst_b,3,2.0859117520268108e-06,11.372333333333332,3.5911513385946847,0.3333333333333333,0.0012751758732577007,1
x_aq_ifu_top/x_aq_ifu_btb/x_aq_ifu_btb_entry12/forever_cpuclk,0,0.0,0.0,0.0,0.0,,0
x_aq_ifu_top/x_aq_ifu_btb/x_aq_ifu_btb_entry12/pad_yy_icg_scan_en,0,0.0,0.0,0.0,0.0,,0
x_aq_ifu_top/x_aq_ifu_btb/x_aq_ifu_btb_entry12/btb_entry_clk,0,0.0,0.0,0.0,0.0,,0
x_aq_ifu_top/x_aq_ifu_btb/x_aq_ifu_btb_entry12/btb_rd_hit,6,4.1718235040536216e-06,4.9191666666666665,1.5533726845652038,0.0,-0.0006261190267492177,1
x_aq_ifu_top/x_aq_ifu_btb/x_aq_ifu_btb_entry12/btb_wr_hit,716,0.0004978376048170656,7.383159217877096,2.331451368086616,0.16899441340782123,-0.007003327123640983,1
x_aq_ifu_top/x_aq_ifu_btb/x_aq_ifu_btb_entry12/entry_clk_en,706,0.0004908845656436428,10.863189801699717,3.4303741769014335,0.16997167138810199,-0.018075045233468357,1
x_aq_ifu_top/x_aq_ifu_btb/x_aq_ifu_btb_entry12/x_btb_entry_icg_cell/clk_in,0,0.0,0.0,0.0,0.0,,0
x_aq_ifu_top/x_aq_ifu_btb/x_aq_ifu_btb_entry12/x_btb_entry_icg_cell/global_en,1,6.953039173422703e-07,21.131999999999998,6.673055375957693,1.0,-0.005140258898422977,1
x_aq_ifu_top/x_aq_ifu_btb/x_aq_ifu_btb_entry12/x_btb_entry_icg_cell/module_en,0,0.0,0.0,0.0,0.0,,0
x_aq_ifu_top/x_aq_ifu_btb/x_aq_ifu_btb_entry12/x_btb_entry_icg_cell/local_en,706,0.0004908845656436428,10.863189801699717,3.4303741769014335,0.16997167138810199,-0.018075045233468357,1
x_aq_ifu_top/x_aq_ifu_btb/x_aq_ifu_btb_entry12/x_btb_entry_icg_cell/external_en,0,0.0,0.0,0.0,0.0,,0
x_aq_ifu_top/x_aq_ifu_btb/x_aq_ifu_btb_entry12/x_btb_entry_icg_cell/pad_yy_icg_scan_en,0,0.0,0.0,0.0,0.0,,0
x_aq_ifu_top/x_aq_ifu_btb/x_aq_ifu_btb_entry12/x_btb_entry_icg_cell/clk_out,0,0.0,0.0,0.0,0.0,,0
x_aq_ifu_top/x_aq_ifu_btb/x_aq_ifu_btb_entry12/x_btb_entry_icg_cell/clk_en_bf_latch,706,0.0004908845656436428,10.863189801699717,3.4303741769014335,0.16997167138810199,-0.018075045233468357,1
x_aq_ifu_top/x_aq_ifu_btb/x_aq_ifu_btb_entry12/x_btb_entry_icg_cell/SE,0,0.0,0.0,0.0,0.0,,0
x_aq_ifu_top/x_aq_ifu_btb/x_aq_ifu_btb_entry13/btb_entry_clr_x,0,0.0,0.0,0.0,0.0,,0
x_aq_ifu_top/x_aq_ifu_btb/x_aq_ifu_btb_entry13/btb_entry_clrg_x,840,0.000584055290567507,10.864629761904762,3.430828887018197,0.175,-0.019151668386426113,1
x_aq_ifu_top/x_aq_ifu_btb/x_aq_ifu_btb_entry13/btb_entry_rd_hit_x,10,6.953039173422703e-06,6.9201999999999995,2.185258272416356,0.0,0.0012712962837484066,1
x_aq_ifu_top/x_aq_ifu_btb/x_aq_ifu_btb_entry13/btb_entry_tgt_y[15:0],536,0.0003726828996954569,5.109483208955224,1.6134707739865715,0.04477611940298507,0.260886512024697,12
x_aq_ifu_top/x_aq_ifu_btb/x_aq_ifu_btb_entry13/btb_entry_upd_x,0,0.0,0.0,0.0,0.0,,0
x_aq_ifu_top/x_aq_ifu_btb/x_aq_ifu_btb_entry13/btb_entry_updg_x,0,0.0,0.0,0.0,0.0,,0
x_aq_ifu_top/x_aq_ifu_btb/x_aq_ifu_btb_entry13/btb_entry_wr_hit_x,850,0.0005910083297409297,7.726315294117647,2.4398130706869163,0.17294117647058824,-0.007488736225249809,1
x_aq_ifu_top/x_aq_ifu_btb/x_aq_ifu_btb_entry13/btb_rd_acc_tag[15:0],682195,0.4743328558913101,4.46961327547109,1.411412876033231,0.04194108722579321,-0.3451830086228492,13
x_aq_ifu_top/x_aq_ifu_btb/x_aq_ifu_btb_entry13/btb_upd_tag[15:0],638465,0.4439272155859326,4.835120287502056,1.526832549115924,0.03098525369440768,-0.34587537216379177,14
x_aq_ifu_top/x_aq_ifu_btb/x_aq_ifu_btb_entry13/btb_upd_tgt[15:0],636766,0.4427458942303681,5.002354154210495,1.57964159952672,0.03225674737658732,-0.34596245616791854,14
x_aq_ifu_top/x_aq_ifu_btb/x_aq_ifu_btb_entry13/btb_wr_acc_tag[15:0],638465,0.4439272155859326,4.835120287502056,1.526832549115924,0.03098525369440768,-0.34587537216379177,14
x_aq_ifu_top/x_aq_ifu_btb/x_aq_ifu_btb_entry13/cp0_ifu_icg_en,0,0.0,0.0,0.0,0.0,,0
x_aq_ifu_top/x_aq_ifu_btb/x_aq_ifu_btb_entry13/cp0_yy_clk_en,1,6.953039173422703e-07,21.131999999999998,6.673055375957693,1.0,-0.005140258898422977,1
x_aq_ifu_top/x_aq_ifu_btb/x_aq_ifu_btb_entry13/cpurst_b,3,2.0859117520268108e-06,11.372333333333332,3.5911513385946847,0.3333333333333333,0.0012751758732577007,1
x_aq_ifu_top/x_aq_ifu_btb/x_aq_ifu_btb_entry13/forever_cpuclk,0,0.0,0.0,0.0,0.0,,0
x_aq_ifu_top/x_aq_ifu_btb/x_aq_ifu_btb_entry13/pad_yy_icg_scan_en,0,0.0,0.0,0.0,0.0,,0
x_aq_ifu_top/x_aq_ifu_btb/x_aq_ifu_btb_entry13/btb_entry_clk,0,0.0,0.0,0.0,0.0,,0
x_aq_ifu_top/x_aq_ifu_btb/x_aq_ifu_btb_entry13/btb_rd_hit,10,6.953039173422703e-06,6.9201999999999995,2.185258272416356,0.0,0.0012712962837484066,1
x_aq_ifu_top/x_aq_ifu_btb/x_aq_ifu_btb_entry13/btb_wr_hit,850,0.0005910083297409297,7.726315294117647,2.4398130706869163,0.17294117647058824,-0.007488736225249809,1
x_aq_ifu_top/x_aq_ifu_btb/x_aq_ifu_btb_entry13/entry_clk_en,840,0.000584055290567507,10.864629761904762,3.430828887018197,0.175,-0.019151668386426113,1
x_aq_ifu_top/x_aq_ifu_btb/x_aq_ifu_btb_entry13/x_btb_entry_icg_cell/clk_in,0,0.0,0.0,0.0,0.0,,0
x_aq_ifu_top/x_aq_ifu_btb/x_aq_ifu_btb_entry13/x_btb_entry_icg_cell/global_en,1,6.953039173422703e-07,21.131999999999998,6.673055375957693,1.0,-0.005140258898422977,1
x_aq_ifu_top/x_aq_ifu_btb/x_aq_ifu_btb_entry13/x_btb_entry_icg_cell/module_en,0,0.0,0.0,0.0,0.0,,0
x_aq_ifu_top/x_aq_ifu_btb/x_aq_ifu_btb_entry13/x_btb_entry_icg_cell/local_en,840,0.000584055290567507,10.864629761904762,3.430828887018197,0.175,-0.019151668386426113,1
x_aq_ifu_top/x_aq_ifu_btb/x_aq_ifu_btb_entry13/x_btb_entry_icg_cell/external_en,0,0.0,0.0,0.0,0.0,,0
x_aq_ifu_top/x_aq_ifu_btb/x_aq_ifu_btb_entry13/x_btb_entry_icg_cell/pad_yy_icg_scan_en,0,0.0,0.0,0.0,0.0,,0
x_aq_ifu_top/x_aq_ifu_btb/x_aq_ifu_btb_entry13/x_btb_entry_icg_cell/clk_out,0,0.0,0.0,0.0,0.0,,0
x_aq_ifu_top/x_aq_ifu_btb/x_aq_ifu_btb_entry13/x_btb_entry_icg_cell/clk_en_bf_latch,840,0.000584055290567507,10.864629761904762,3.430828887018197,0.175,-0.019151668386426113,1
x_aq_ifu_top/x_aq_ifu_btb/x_aq_ifu_btb_entry13/x_btb_entry_icg_cell/SE,0,0.0,0.0,0.0,0.0,,0
x_aq_ifu_top/x_aq_ifu_btb/x_aq_ifu_btb_entry14/btb_entry_clr_x,0,0.0,0.0,0.0,0.0,,0
x_aq_ifu_top/x_aq_ifu_btb/x_aq_ifu_btb_entry14/btb_entry_clrg_x,446,0.00031010554713465255,10.659576233183856,3.3660771573101647,0.16143497757847533,-0.014800642877997344,1
x_aq_ifu_top/x_aq_ifu_btb/x_aq_ifu_btb_entry14/btb_entry_rd_hit_x,28,1.9468509685583568e-05,5.029535714285714,1.58822498281211,0.0,0.0022480373755955833,1
x_aq_ifu_top/x_aq_ifu_btb/x_aq_ifu_btb_entry14/btb_entry_tgt_y[15:0],498,0.0003462613508364506,5.505987951807229,1.7386788993831876,0.04216867469879518,0.27694389910282996,10
x_aq_ifu_top/x_aq_ifu_btb/x_aq_ifu_btb_entry14/btb_entry_upd_x,0,0.0,0.0,0.0,0.0,,0
x_aq_ifu_top/x_aq_ifu_btb/x_aq_ifu_btb_entry14/btb_entry_updg_x,0,0.0,0.0,0.0,0.0,,0
x_aq_ifu_top/x_aq_ifu_btb/x_aq_ifu_btb_entry14/btb_entry_wr_hit_x,476,0.00033096466465492067,7.387840336134455,2.3329295699299224,0.15126050420168066,-0.005791087908187844,1
x_aq_ifu_top/x_aq_ifu_btb/x_aq_ifu_btb_entry14/btb_rd_acc_tag[15:0],682195,0.4743328558913101,4.46961327547109,1.411412876033231,0.04194108722579321,-0.3451830086228492,13
x_aq_ifu_top/x_aq_ifu_btb/x_aq_ifu_btb_entry14/btb_upd_tag[15:0],638465,0.4439272155859326,4.835120287502056,1.526832549115924,0.03098525369440768,-0.34587537216379177,14
x_aq_ifu_top/x_aq_ifu_btb/x_aq_ifu_btb_entry14/btb_upd_tgt[15:0],636766,0.4427458942303681,5.002354154210495,1.57964159952672,0.03225674737658732,-0.34596245616791854,14
x_aq_ifu_top/x_aq_ifu_btb/x_aq_ifu_btb_entry14/btb_wr_acc_tag[15:0],638465,0.4439272155859326,4.835120287502056,1.526832549115924,0.03098525369440768,-0.34587537216379177,14
x_aq_ifu_top/x_aq_ifu_btb/x_aq_ifu_btb_entry14/cp0_ifu_icg_en,0,0.0,0.0,0.0,0.0,,0
x_aq_ifu_top/x_aq_ifu_btb/x_aq_ifu_btb_entry14/cp0_yy_clk_en,1,6.953039173422703e-07,21.131999999999998,6.673055375957693,1.0,-0.005140258898422977,1
x_aq_ifu_top/x_aq_ifu_btb/x_aq_ifu_btb_entry14/cpurst_b,3,2.0859117520268108e-06,11.372333333333332,3.5911513385946847,0.3333333333333333,0.0012751758732577007,1
x_aq_ifu_top/x_aq_ifu_btb/x_aq_ifu_btb_entry14/forever_cpuclk,0,0.0,0.0,0.0,0.0,,0
x_aq_ifu_top/x_aq_ifu_btb/x_aq_ifu_btb_entry14/pad_yy_icg_scan_en,0,0.0,0.0,0.0,0.0,,0
x_aq_ifu_top/x_aq_ifu_btb/x_aq_ifu_btb_entry14/btb_entry_clk,0,0.0,0.0,0.0,0.0,,0
x_aq_ifu_top/x_aq_ifu_btb/x_aq_ifu_btb_entry14/btb_rd_hit,28,1.9468509685583568e-05,5.029535714285714,1.58822498281211,0.0,0.0022480373755955833,1
x_aq_ifu_top/x_aq_ifu_btb/x_aq_ifu_btb_entry14/btb_wr_hit,476,0.00033096466465492067,7.387840336134455,2.3329295699299224,0.15126050420168066,-0.005791087908187844,1
x_aq_ifu_top/x_aq_ifu_btb/x_aq_ifu_btb_entry14/entry_clk_en,446,0.00031010554713465255,10.659576233183856,3.3660771573101647,0.16143497757847533,-0.014800642877997344,1
x_aq_ifu_top/x_aq_ifu_btb/x_aq_ifu_btb_entry14/x_btb_entry_icg_cell/clk_in,0,0.0,0.0,0.0,0.0,,0
x_aq_ifu_top/x_aq_ifu_btb/x_aq_ifu_btb_entry14/x_btb_entry_icg_cell/global_en,1,6.953039173422703e-07,21.131999999999998,6.673055375957693,1.0,-0.005140258898422977,1
x_aq_ifu_top/x_aq_ifu_btb/x_aq_ifu_btb_entry14/x_btb_entry_icg_cell/module_en,0,0.0,0.0,0.0,0.0,,0
x_aq_ifu_top/x_aq_ifu_btb/x_aq_ifu_btb_entry14/x_btb_entry_icg_cell/local_en,446,0.00031010554713465255,10.659576233183856,3.3660771573101647,0.16143497757847533,-0.014800642877997344,1
x_aq_ifu_top/x_aq_ifu_btb/x_aq_ifu_btb_entry14/x_btb_entry_icg_cell/external_en,0,0.0,0.0,0.0,0.0,,0
x_aq_ifu_top/x_aq_ifu_btb/x_aq_ifu_btb_entry14/x_btb_entry_icg_cell/pad_yy_icg_scan_en,0,0.0,0.0,0.0,0.0,,0
x_aq_ifu_top/x_aq_ifu_btb/x_aq_ifu_btb_entry14/x_btb_entry_icg_cell/clk_out,0,0.0,0.0,0.0,0.0,,0
x_aq_ifu_top/x_aq_ifu_btb/x_aq_ifu_btb_entry14/x_btb_entry_icg_cell/clk_en_bf_latch,446,0.00031010554713465255,10.659576233183856,3.3660771573101647,0.16143497757847533,-0.014800642877997344,1
x_aq_ifu_top/x_aq_ifu_btb/x_aq_ifu_btb_entry14/x_btb_entry_icg_cell/SE,0,0.0,0.0,0.0,0.0,,0
x_aq_ifu_top/x_aq_ifu_btb/x_aq_ifu_btb_entry15/btb_entry_clr_x,0,0.0,0.0,0.0,0.0,,0
x_aq_ifu_top/x_aq_ifu_btb/x_aq_ifu_btb_entry15/btb_entry_clrg_x,916,0.0006368983882855196,10.745489082969433,3.3932066861822774,0.1615720524017467,-0.023223387019455893,1
x_aq_ifu_top/x_aq_ifu_btb/x_aq_ifu_btb_entry15/btb_entry_rd_hit_x,16,1.1124862677476325e-05,5.396937499999999,1.704242986848508,0.0,0.0011768958658920983,1
x_aq_ifu_top/x_aq_ifu_btb/x_aq_ifu_btb_entry15/btb_entry_tgt_y[15:0],500,0.00034765195867113513,5.155778000000001,1.6280897264879999,0.03,0.2029369954327619,12
x_aq_ifu_top/x_aq_ifu_btb/x_aq_ifu_btb_entry15/btb_entry_upd_x,0,0.0,0.0,0.0,0.0,,0
x_aq_ifu_top/x_aq_ifu_btb/x_aq_ifu_btb_entry15/btb_entry_updg_x,0,0.0,0.0,0.0,0.0,,0
x_aq_ifu_top/x_aq_ifu_btb/x_aq_ifu_btb_entry15/btb_entry_wr_hit_x,940,0.0006535856823017341,7.685991489361703,2.427079634092854,0.15851063829787235,-0.013596112372367887,1
x_aq_ifu_top/x_aq_ifu_btb/x_aq_ifu_btb_entry15/btb_rd_acc_tag[15:0],682195,0.4743328558913101,4.46961327547109,1.411412876033231,0.04194108722579321,-0.3451830086228492,13
x_aq_ifu_top/x_aq_ifu_btb/x_aq_ifu_btb_entry15/btb_upd_tag[15:0],638465,0.4439272155859326,4.835120287502056,1.526832549115924,0.03098525369440768,-0.34587537216379177,14
x_aq_ifu_top/x_aq_ifu_btb/x_aq_ifu_btb_entry15/btb_upd_tgt[15:0],636766,0.4427458942303681,5.002354154210495,1.57964159952672,0.03225674737658732,-0.34596245616791854,14
x_aq_ifu_top/x_aq_ifu_btb/x_aq_ifu_btb_entry15/btb_wr_acc_tag[15:0],638465,0.4439272155859326,4.835120287502056,1.526832549115924,0.03098525369440768,-0.34587537216379177,14
x_aq_ifu_top/x_aq_ifu_btb/x_aq_ifu_btb_entry15/cp0_ifu_icg_en,0,0.0,0.0,0.0,0.0,,0
x_aq_ifu_top/x_aq_ifu_btb/x_aq_ifu_btb_entry15/cp0_yy_clk_en,1,6.953039173422703e-07,21.131999999999998,6.673055375957693,1.0,-0.005140258898422977,1
x_aq_ifu_top/x_aq_ifu_btb/x_aq_ifu_btb_entry15/cpurst_b,3,2.0859117520268108e-06,11.372333333333332,3.5911513385946847,0.3333333333333333,0.0012751758732577007,1
x_aq_ifu_top/x_aq_ifu_btb/x_aq_ifu_btb_entry15/forever_cpuclk,0,0.0,0.0,0.0,0.0,,0
x_aq_ifu_top/x_aq_ifu_btb/x_aq_ifu_btb_entry15/pad_yy_icg_scan_en,0,0.0,0.0,0.0,0.0,,0
x_aq_ifu_top/x_aq_ifu_btb/x_aq_ifu_btb_entry15/btb_entry_clk,0,0.0,0.0,0.0,0.0,,0
x_aq_ifu_top/x_aq_ifu_btb/x_aq_ifu_btb_entry15/btb_rd_hit,16,1.1124862677476325e-05,5.396937499999999,1.704242986848508,0.0,0.0011768958658920983,1
x_aq_ifu_top/x_aq_ifu_btb/x_aq_ifu_btb_entry15/btb_wr_hit,940,0.0006535856823017341,7.685991489361703,2.427079634092854,0.15851063829787235,-0.013596112372367887,1
x_aq_ifu_top/x_aq_ifu_btb/x_aq_ifu_btb_entry15/entry_clk_en,916,0.0006368983882855196,10.745489082969433,3.3932066861822774,0.1615720524017467,-0.023223387019455893,1
x_aq_ifu_top/x_aq_ifu_btb/x_aq_ifu_btb_entry15/x_btb_entry_icg_cell/clk_in,0,0.0,0.0,0.0,0.0,,0
x_aq_ifu_top/x_aq_ifu_btb/x_aq_ifu_btb_entry15/x_btb_entry_icg_cell/global_en,1,6.953039173422703e-07,21.131999999999998,6.673055375957693,1.0,-0.005140258898422977,1
x_aq_ifu_top/x_aq_ifu_btb/x_aq_ifu_btb_entry15/x_btb_entry_icg_cell/module_en,0,0.0,0.0,0.0,0.0,,0
x_aq_ifu_top/x_aq_ifu_btb/x_aq_ifu_btb_entry15/x_btb_entry_icg_cell/local_en,916,0.0006368983882855196,10.745489082969433,3.3932066861822774,0.1615720524017467,-0.023223387019455893,1
x_aq_ifu_top/x_aq_ifu_btb/x_aq_ifu_btb_entry15/x_btb_entry_icg_cell/external_en,0,0.0,0.0,0.0,0.0,,0
x_aq_ifu_top/x_aq_ifu_btb/x_aq_ifu_btb_entry15/x_btb_entry_icg_cell/pad_yy_icg_scan_en,0,0.0,0.0,0.0,0.0,,0
x_aq_ifu_top/x_aq_ifu_btb/x_aq_ifu_btb_entry15/x_btb_entry_icg_cell/clk_out,0,0.0,0.0,0.0,0.0,,0
x_aq_ifu_top/x_aq_ifu_btb/x_aq_ifu_btb_entry15/x_btb_entry_icg_cell/clk_en_bf_latch,916,0.0006368983882855196,10.745489082969433,3.3932066861822774,0.1615720524017467,-0.023223387019455893,1
x_aq_ifu_top/x_aq_ifu_btb/x_aq_ifu_btb_entry15/x_btb_entry_icg_cell/SE,0,0.0,0.0,0.0,0.0,,0
x_aq_ifu_top/x_aq_ifu_ctrl/cp0_ifu_in_lpmd,0,0.0,0.0,0.0,0.0,,0
x_aq_ifu_top/x_aq_ifu_ctrl/cp0_ifu_lpmd_req,0,0.0,0.0,0.0,0.0,,0
x_aq_ifu_top/x_aq_ifu_ctrl/ctrl_btb_chgflw_vld,51134,0.03555367050937965,6.311202746704737,1.992949338333192,0.08127664567606681,0.025600686900472108,1
x_aq_ifu_top/x_aq_ifu_ctrl/ctrl_btb_inst_fetch,157943,0.10981838661679019,6.924217527842323,2.1865269259165583,0.09157734119270876,0.7778583981208687,1
x_aq_ifu_top/x_aq_ifu_ctrl/ctrl_btb_stall,158404,0.11013892172268498,10.2123258377945,3.22484458796736,0.08918966692760284,-0.9374513308866205,1
x_aq_ifu_top/x_aq_ifu_ctrl/ctrl_ibuf_pop_en,133203,0.09261656770174242,4.703700464629175,1.4853328446142542,0.047701628341704015,0.46474942597973257,1
x_aq_ifu_top/x_aq_ifu_ctrl/ctrl_icache_abort,51134,0.03555367050937965,6.311202746704737,1.992949338333192,0.08127664567606681,0.025600686900472108,1
x_aq_ifu_top/x_aq_ifu_ctrl/ctrl_icache_req_vld,157943,0.10981838661679019,6.924217527842323,2.1865269259165583,0.09157734119270876,0.7778583981208687,1
x_aq_ifu_top/x_aq_ifu_ctrl/ctrl_ipack_cancel,51134,0.03555367050937965,6.311202746704737,1.992949338333192,0.08127664567606681,0.025600686900472108,1
x_aq_ifu_top/x_aq_ifu_ctrl/ibuf_ctrl_inst_fetch,157943,0.10981838661679019,6.924275846349632,2.1865453417138663,0.09158367259074476,0.7769981617057481,1
x_aq_ifu_top/x_aq_ifu_ctrl/icache_ctrl_stall,109686,0.07626510547760426,6.37476590877596,2.0130212908399234,0.13231406013529529,-0.8766318629494075,1
x_aq_ifu_top/x_aq_ifu_ctrl/idu_ifu_id_stall,155424,0.10806691604900502,3.9957789816887987,1.2617856527965738,0.03352120650607371,-0.5487990447524097,1
x_aq_ifu_top/x_aq_ifu_ctrl/pcgen_ctrl_chgflw_vld,51134,0.03555367050937965,6.311202746704737,1.992949338333192,0.08127664567606681,0.025600686900472108,1
x_aq_ifu_top/x_aq_ifu_ctrl/pred_ctrl_stall,109260,0.07596890600881645,6.198589320336812,1.9573883109704484,0.12884861797547134,-0.8099607588181934,1
x_aq_ifu_top/x_aq_ifu_ctrl/rtu_ifu_dbg_mask,0,0.0,0.0,0.0,0.0,,0
x_aq_ifu_top/x_aq_ifu_ctrl/rtu_ifu_flush_fe,0,0.0,0.0,0.0,0.0,,0
x_aq_ifu_top/x_aq_ifu_ctrl/vec_ctrl_reset_mask,2,1.3906078346845406e-06,11.2365,3.5482579373437737,0.5,-0.012848472544874565,1
x_aq_ifu_top/x_aq_ifu_ctrl/ctrl_if_cancel,51134,0.03555367050937965,6.311202746704737,1.992949338333192,0.08127664567606681,0.025600686900472108,1
x_aq_ifu_top/x_aq_ifu_ctrl/ctrl_if_stall,158404,0.11013892172268498,10.2123258377945,3.22484458796736,0.08918966692760284,-0.9374513308866205,1
x_aq_ifu_top/x_aq_ifu_ctrl/ctrl_inst_fetch,157943,0.10981838661679019,6.924217527842323,2.1865269259165583,0.09157734119270876,0.7778583981208687,1
x_aq_ifu_top/x_aq_ifu_ibuf/cp0_ifu_icg_en,0,0.0,0.0,0.0,0.0,,0
x_aq_ifu_top/x_aq_ifu_ibuf/cp0_yy_clk_en,1,6.953039173422703e-07,21.131999999999998,6.673055375957693,1.0,-0.005140258898422977,1
x_aq_ifu_top/x_aq_ifu_ibuf/cpurst_b,3,2.0859117520268108e-06,11.372333333333332,3.5911513385946847,0.3333333333333333,0.0012751758732577007,1
x_aq_ifu_top/x_aq_ifu_ibuf/ctrl_ibuf_pop_en,133203,0.09261656770174242,4.703700464629175,1.4853328446142542,0.047701628341704015,0.46474942597973257,1
x_aq_ifu_top/x_aq_ifu_ibuf/dtu_ifu_debug_inst[31:0],0,0.0,0.0,0.0,0.0,,0
x_aq_ifu_top/x_aq_ifu_ibuf/dtu_ifu_debug_inst_vld,0,0.0,0.0,0.0,0.0,,0
x_aq_ifu_top/x_aq_ifu_ibuf/dtu_ifu_halt_info_vld,3,2.0859117520268108e-06,10.728,3.3876839898388296,0.3333333333333333,-0.004281642957143692,1
x_aq_ifu_top/x_aq_ifu_ibuf/forever_cpuclk,0,0.0,0.0,0.0,0.0,,0
x_aq_ifu_top/x_aq_ifu_ibuf/ibuf_ctrl_inst_fetch,157943,0.10981838661679019,6.924275846349632,2.1865453417138663,0.09158367259074476,0.7769981617057481,1
x_aq_ifu_top/x_aq_ifu_ibuf/ibuf_ipack_stall,109236,0.07595221871480023,6.198711241165916,1.9574268110861066,0.12885861803800944,-0.8109528147524757,1
x_aq_ifu_top/x_aq_ifu_ibuf/ibuf_pred_hungry,88375,0.06144748369512314,4.3065000501272985,1.3599050402737105,0.015332390381895333,0.45504695283990654,1
x_aq_ifu_top/x_aq_ifu_ibuf/ibuf_pred_stall,109236,0.07595221871480023,6.198711241165916,1.9574268110861066,0.12885861803800944,-0.8109528147524757,1
x_aq_ifu_top/x_aq_ifu_ibuf/ibuf_top_id_stall,155424,0.10806691604900502,3.9957789816887987,1.2617856527965738,0.03352120650607371,-0.5487990447524097,1
x_aq_ifu_top/x_aq_ifu_ibuf/ibuf_top_pop_entry_vld,27823,0.019345440892213985,5.21788589440391,1.6477021350930263,0.04733493871976422,-0.18817891942908754,1
x_aq_ifu_top/x_aq_ifu_ibuf/ibuf_top_vld_num[2:0],425979,0.29618486740554295,5.430509796069759,1.7148444344526892,0.07094950690057492,-0.6390706331220148,3
x_aq_ifu_top/x_aq_ifu_ibuf/idu_ifu_id_stall,155424,0.10806691604900502,3.9957789816887987,1.2617856527965738,0.03352120650607371,-0.5487990447524097,1
x_aq_ifu_top/x_aq_ifu_ibuf/ifu_idu_id_bht_pred[1:0],76078,0.05289733142356524,4.552677185914456,1.4376427678623136,0.030889350403533217,0.10671546548052759,2
x_aq_ifu_top/x_aq_ifu_ibuf/ifu_idu_id_expt_acc_error,0,0.0,0.0,0.0,0.0,,0
x_aq_ifu_top/x_aq_ifu_ibuf/ifu_idu_id_expt_high,0,0.0,0.0,0.0,0.0,,0
x_aq_ifu_top/x_aq_ifu_ibuf/ifu_idu_id_expt_page_fault,0,0.0,0.0,0.0,0.0,,0
x_aq_ifu_top/x_aq_ifu_ibuf/ifu_idu_id_halt_info[21:0],1,6.953039173422703e-07,21.131999999999998,6.673055375957693,1.0,-0.005140258898422977,1
x_aq_ifu_top/x_aq_ifu_ibuf/ifu_idu_id_inst[31:0],645318,0.44869213333147917,4.8433138133912275,1.5294198977806404,0.044082142447599476,-0.12940538088214548,28
x_aq_ifu_top/x_aq_ifu_ibuf/ifu_idu_id_inst_vld,30829,0.02143552446774485,5.124054566803983,1.6180721121385526,0.0434980051250446,-0.05079039561309574,1
x_aq_ifu_top/x_aq_ifu_ibuf/ipack_ibuf_acc_err[2:0],0,0.0,0.0,0.0,0.0,,0
x_aq_ifu_top/x_aq_ifu_ibuf/ipack_ibuf_inst[47:0],727047,0.5055186271919456,5.387094414363858,1.7011347407989026,0.039400478923645926,0.18588260393159833,42
x_aq_ifu_top/x_aq_ifu_ibuf/ipack_ibuf_inst_all,34468,0.023965735422953372,10.296904026923524,3.2515526581763416,0.1179354763838923,-0.24728802812586093,1
x_aq_ifu_top/x_aq_ifu_ibuf/ipack_ibuf_inst_full,58658,0.04078513718346289,10.45406981144942,3.301182413208858,0.12376828395103823,-0.2656888203933747,1
x_aq_ifu_top/x_aq_ifu_ibuf/ipack_ibuf_inst_one,1520,0.0010568619543602509,4.975225657894737,1.5710749726962487,0.007236842105263158,-0.009294913583499318,1
x_aq_ifu_top/x_aq_ifu_ibuf/ipack_ibuf_inst_two,35250,0.024509463086315027,10.176043773049644,3.2133874505834634,0.11568794326241134,-0.2505506309282929,1
x_aq_ifu_top/x_aq_ifu_ibuf/ipack_ibuf_inst_vld,144471,0.10045125224235513,3.9357245121858373,1.242821673969817,0.032795509133320876,0.6047101674243036,1
x_aq_ifu_top/x_aq_ifu_ibuf/ipack_ibuf_inst_vld_raw,201853,0.1403491816272893,6.846093861374366,2.1618570625570315,0.04574120771056164,-0.3401840813722849,1
x_aq_ifu_top/x_aq_ifu_ibuf/ipack_ibuf_pgflt[2:0],0,0.0,0.0,0.0,0.0,,0
x_aq_ifu_top/x_aq_ifu_ibuf/pad_yy_icg_scan_en,0,0.0,0.0,0.0,0.0,,0
x_aq_ifu_top/x_aq_ifu_ibuf/pcgen_ibuf_chgflw_vld,0,0.0,0.0,0.0,0.0,,0
x_aq_ifu_top/x_aq_ifu_ibuf/pred_ibuf_br_taken0[1:0],69938,0.0486281653710837,6.526726514913209,2.061007356508954,0.09209585632989219,0.060019000101852474,2
x_aq_ifu_top/x_aq_ifu_ibuf/pred_ibuf_br_taken1[1:0],20238,0.014071560679172866,7.669510870639391,2.4218753902274353,0.10292519023618935,-0.05888367284210959,2
x_aq_ifu_top/x_aq_ifu_ibuf/pred_ibuf_chgflw_vld0,25634,0.017823420617151756,10.35812534134353,3.270885102872235,0.12475618319419521,-0.08337207859400673,1
x_aq_ifu_top/x_aq_ifu_ibuf/pred_ibuf_halt_info0[21:0],1,6.953039173422703e-07,21.131999999999998,6.673055375957693,1.0,-0.005140258898422977,1
x_aq_ifu_top/x_aq_ifu_ibuf/pred_ibuf_halt_info1[21:0],1,6.953039173422703e-07,21.131999999999998,6.673055375957693,1.0,-0.005140258898422977,1
x_aq_ifu_top/x_aq_ifu_ibuf/rtu_ifu_flush_fe,0,0.0,0.0,0.0,0.0,,0
x_aq_ifu_top/x_aq_ifu_ibuf/rtu_yy_xx_dbgon,0,0.0,0.0,0.0,0.0,,0
x_aq_ifu_top/x_aq_ifu_ibuf/vec_ibuf_warm_up,0,0.0,0.0,0.0,0.0,,0
x_aq_ifu_top/x_aq_ifu_ibuf/dtu_create0_en,0,0.0,0.0,0.0,0.0,,0
x_aq_ifu_top/x_aq_ifu_ibuf/dtu_create1_en,0,0.0,0.0,0.0,0.0,,0
x_aq_ifu_top/x_aq_ifu_ibuf/entry0_acc_err,0,0.0,0.0,0.0,0.0,,0
x_aq_ifu_top/x_aq_ifu_ibuf/entry0_create0_data_en,5284,0.003673985899236556,4.032442846328539,1.2733633548142536,0.0,0.07655620565287058,1
x_aq_ifu_top/x_aq_ifu_ibuf/entry0_create0_en,0,0.0,0.0,0.0,0.0,,0
x_aq_ifu_top/x_aq_ifu_ibuf/entry0_create1_data_en,4212,0.0029286200998456424,4.002999287749288,1.2640656784530668,0.0,0.048717072795811625,1
x_aq_ifu_top/x_aq_ifu_ibuf/entry0_create1_en,0,0.0,0.0,0.0,0.0,,0
x_aq_ifu_top/x_aq_ifu_ibuf/entry0_create2_data_en,0,0.0,0.0,0.0,0.0,,0
x_aq_ifu_top/x_aq_ifu_ibuf/entry0_create2_en,0,0.0,0.0,0.0,0.0,,0
x_aq_ifu_top/x_aq_ifu_ibuf/entry0_halt_info[21:0],2,1.3906078346845406e-06,1.7675000000000045,0.5581405156636975,0.0,0.013193001755075004,2
x_aq_ifu_top/x_aq_ifu_ibuf/entry0_inst[15:0],248449,0.1727475629597697,5.207089720626769,1.6442929232123087,0.0426445668930042,-0.024503791544666073,14
x_aq_ifu_top/x_aq_ifu_ibuf/entry0_pgflt,0,0.0,0.0,0.0,0.0,,0
x_aq_ifu_top/x_aq_ifu_ibuf/entry0_pred_taken[1:0],18274,0.012705983785512647,6.012580661048484,1.8986505632968416,0.06298566269016088,0.055938449214086854,2
x_aq_ifu_top/x_aq_ifu_ibuf/entry0_retire0_en,0,0.0,0.0,0.0,0.0,,0
x_aq_ifu_top/x_aq_ifu_ibuf/entry0_retire1_en,0,0.0,0.0,0.0,0.0,,0
x_aq_ifu_top/x_aq_ifu_ibuf/entry0_vld,180048,0.12518807970964108,5.40521351284102,1.7068563832132757,0.066326757309162,-0.6029997997903999,1
x_aq_ifu_top/x_aq_ifu_ibuf/entry1_acc_err,0,0.0,0.0,0.0,0.0,,0
x_aq_ifu_top/x_aq_ifu_ibuf/entry1_create0_data_en,5236,0.0036406113112041273,4.03584243697479,1.274436876328451,0.0,0.07632000808425934,1
x_aq_ifu_top/x_aq_ifu_ibuf/entry1_create0_en,0,0.0,0.0,0.0,0.0,,0
x_aq_ifu_top/x_aq_ifu_ibuf/entry1_create1_data_en,4154,0.002888292472639791,3.958059460760713,1.2498745960150242,0.0,0.048897561891659,1
x_aq_ifu_top/x_aq_ifu_ibuf/entry1_create1_en,0,0.0,0.0,0.0,0.0,,0
x_aq_ifu_top/x_aq_ifu_ibuf/entry1_create2_data_en,0,0.0,0.0,0.0,0.0,,0
x_aq_ifu_top/x_aq_ifu_ibuf/entry1_create2_en,0,0.0,0.0,0.0,0.0,,0
x_aq_ifu_top/x_aq_ifu_ibuf/entry1_halt_info[21:0],2,1.3906078346845406e-06,1.7675000000000045,0.5581405156636975,0.0,0.013193001755075004,2
x_aq_ifu_top/x_aq_ifu_ibuf/entry1_inst[15:0],248449,0.1727475629597697,5.235580614130064,1.653289767337711,0.042966564566571004,-0.020415526651243264,15
x_aq_ifu_top/x_aq_ifu_ibuf/entry1_pgflt,0,0.0,0.0,0.0,0.0,,0
x_aq_ifu_top/x_aq_ifu_ibuf/entry1_pred_taken[1:0],18660,0.012974371097606763,5.9909482851018225,1.8918194993840265,0.06398713826366559,0.052901200515501914,2
x_aq_ifu_top/x_aq_ifu_ibuf/entry1_retire0_en,0,0.0,0.0,0.0,0.0,,0
x_aq_ifu_top/x_aq_ifu_ibuf/entry1_retire1_en,0,0.0,0.0,0.0,0.0,,0
x_aq_ifu_top/x_aq_ifu_ibuf/entry1_vld,180146,0.12525621949354063,5.454795813895396,1.7225134644456843,0.06649051325036359,-0.6066556607849797,1
x_aq_ifu_top/x_aq_ifu_ibuf/entry2_acc_err,0,0.0,0.0,0.0,0.0,,0
x_aq_ifu_top/x_aq_ifu_ibuf/entry2_create0_data_en,5366,0.0037310008204586224,4.120261647409616,1.3010947443024343,0.0,0.07728952514952678,1
x_aq_ifu_top/x_aq_ifu_ibuf/entry2_create0_en,0,0.0,0.0,0.0,0.0,,0
x_aq_ifu_top/x_aq_ifu_ibuf/entry2_create1_data_en,4012,0.0027895593163771884,3.9664464107676967,1.2525230240782452,0.0,0.047958206162320084,1
x_aq_ifu_top/x_aq_ifu_ibuf/entry2_create1_en,0,0.0,0.0,0.0,0.0,,0
x_aq_ifu_top/x_aq_ifu_ibuf/entry2_create2_data_en,0,0.0,0.0,0.0,0.0,,0
x_aq_ifu_top/x_aq_ifu_ibuf/entry2_create2_en,0,0.0,0.0,0.0,0.0,,0
x_aq_ifu_top/x_aq_ifu_ibuf/entry2_halt_info[21:0],2,1.3906078346845406e-06,1.7675000000000045,0.5581405156636975,0.0,0.013193001755075004,2
x_aq_ifu_top/x_aq_ifu_ibuf/entry2_inst[15:0],248534,0.17280666379274381,5.211123970965742,1.6455668573365017,0.0430082000853002,-0.019569555515509936,15
x_aq_ifu_top/x_aq_ifu_ibuf/entry2_pgflt,0,0.0,0.0,0.0,0.0,,0
x_aq_ifu_top/x_aq_ifu_ibuf/entry2_pred_taken[1:0],18552,0.012899278274533799,6.046020159551531,1.9092100761330655,0.0634432945235015,0.05995387933477079,2
x_aq_ifu_top/x_aq_ifu_ibuf/entry2_retire0_en,0,0.0,0.0,0.0,0.0,,0
x_aq_ifu_top/x_aq_ifu_ibuf/entry2_retire1_en,0,0.0,0.0,0.0,0.0,,0
x_aq_ifu_top/x_aq_ifu_ibuf/entry2_vld,179956,0.1251241117492456,5.363034054880083,1.6935369691161142,0.06653848718575651,-0.6065427803211448,1
x_aq_ifu_top/x_aq_ifu_ibuf/entry3_acc_err,0,0.0,0.0,0.0,0.0,,0
x_aq_ifu_top/x_aq_ifu_ibuf/entry3_create0_data_en,5420,0.003768547231995105,4.1020699261992615,1.2953501691074372,0.0,0.07633800326037261,1
x_aq_ifu_top/x_aq_ifu_ibuf/entry3_create0_en,0,0.0,0.0,0.0,0.0,,0
x_aq_ifu_top/x_aq_ifu_ibuf/entry3_create1_data_en,4162,0.002893854903978529,4.018665064872658,1.2690126119308094,0.0,0.04833609106553291,1
x_aq_ifu_top/x_aq_ifu_ibuf/entry3_create1_en,0,0.0,0.0,0.0,0.0,,0
x_aq_ifu_top/x_aq_ifu_ibuf/entry3_create2_data_en,0,0.0,0.0,0.0,0.0,,0
x_aq_ifu_top/x_aq_ifu_ibuf/entry3_create2_en,0,0.0,0.0,0.0,0.0,,0
x_aq_ifu_top/x_aq_ifu_ibuf/entry3_halt_info[21:0],2,1.3906078346845406e-06,5.5584999999999996,1.7552611351155045,0.0,0.013188093127071594,2
x_aq_ifu_top/x_aq_ifu_ibuf/entry3_inst[15:0],248439,0.17274060992059628,5.2256328152987255,1.6501484549929066,0.04348351104295219,-0.010717538964087248,15
x_aq_ifu_top/x_aq_ifu_ibuf/entry3_pgflt,0,0.0,0.0,0.0,0.0,,0
x_aq_ifu_top/x_aq_ifu_ibuf/entry3_pred_taken[1:0],18776,0.013055026352018467,5.9938552407328505,1.892737456789918,0.06492330634853004,0.05392900629102756,2
x_aq_ifu_top/x_aq_ifu_ibuf/entry3_retire0_en,0,0.0,0.0,0.0,0.0,,0
x_aq_ifu_top/x_aq_ifu_ibuf/entry3_retire1_en,0,0.0,0.0,0.0,0.0,,0
x_aq_ifu_top/x_aq_ifu_ibuf/entry3_vld,179894,0.12508100290637036,5.431668035065094,1.7152101827469568,0.0666614784261843,-0.60170256774281,1
x_aq_ifu_top/x_aq_ifu_ibuf/entry4_acc_err,0,0.0,0.0,0.0,0.0,,0
x_aq_ifu_top/x_aq_ifu_ibuf/entry4_create0_data_en,5588,0.0038853582901086066,4.0307453471725125,1.2728273191399773,0.0,0.07872994650469502,1
x_aq_ifu_top/x_aq_ifu_ibuf/entry4_create0_en,0,0.0,0.0,0.0,0.0,,0
x_aq_ifu_top/x_aq_ifu_ibuf/entry4_create1_data_en,4190,0.0029133234136641127,4.013422434367541,1.2673570959514262,0.0,0.04774483972581957,1
x_aq_ifu_top/x_aq_ifu_ibuf/entry4_create1_en,0,0.0,0.0,0.0,0.0,,0
x_aq_ifu_top/x_aq_ifu_ibuf/entry4_create2_data_en,0,0.0,0.0,0.0,0.0,,0
x_aq_ifu_top/x_aq_ifu_ibuf/entry4_create2_en,0,0.0,0.0,0.0,0.0,,0
x_aq_ifu_top/x_aq_ifu_ibuf/entry4_halt_info[21:0],2,1.3906078346845406e-06,5.5584999999999996,1.7552611351155045,0.0,0.013188093127071594,2
x_aq_ifu_top/x_aq_ifu_ibuf/entry4_inst[15:0],248512,0.1727913671065623,5.196383044360031,1.6409119728233066,0.043583408447077004,-0.0034294761268654547,14
x_aq_ifu_top/x_aq_ifu_ibuf/entry4_pgflt,0,0.0,0.0,0.0,0.0,,0
x_aq_ifu_top/x_aq_ifu_ibuf/entry4_pred_taken[1:0],18054,0.012553016923697348,6.01247280381079,1.8986165041770313,0.06519330896200289,0.059491560791532005,2
x_aq_ifu_top/x_aq_ifu_ibuf/entry4_retire0_en,0,0.0,0.0,0.0,0.0,,0
x_aq_ifu_top/x_aq_ifu_ibuf/entry4_retire1_en,0,0.0,0.0,0.0,0.0,,0
x_aq_ifu_top/x_aq_ifu_ibuf/entry4_vld,179806,0.12501981616164426,5.386424434668476,1.7009231748511433,0.06782865977776048,-0.6046111019660916,1
x_aq_ifu_top/x_aq_ifu_ibuf/entry5_acc_err,0,0.0,0.0,0.0,0.0,,0
x_aq_ifu_top/x_aq_ifu_ibuf/entry5_create0_data_en,5444,0.0037852345260113197,4.078183872152829,1.287807439533097,0.0,0.0777167882030189,1
x_aq_ifu_top/x_aq_ifu_ibuf/entry5_create0_en,0,0.0,0.0,0.0,0.0,,0
x_aq_ifu_top/x_aq_ifu_ibuf/entry5_create1_data_en,4298,0.0029884162367370777,3.969272452303397,1.2534154304601535,0.0,0.04928070141623277,1
x_aq_ifu_top/x_aq_ifu_ibuf/entry5_create1_en,0,0.0,0.0,0.0,0.0,,0
x_aq_ifu_top/x_aq_ifu_ibuf/entry5_create2_data_en,0,0.0,0.0,0.0,0.0,,0
x_aq_ifu_top/x_aq_ifu_ibuf/entry5_create2_en,0,0.0,0.0,0.0,0.0,,0
x_aq_ifu_top/x_aq_ifu_ibuf/entry5_halt_info[21:0],2,1.3906078346845406e-06,5.226499999999999,1.6504222942666515,0.0,0.018263707147678755,2
x_aq_ifu_top/x_aq_ifu_ibuf/entry5_inst[15:0],248348,0.17267733726411816,5.215954914555382,1.6470923709694656,0.04297195870311015,-0.0195122858193001,13
x_aq_ifu_top/x_aq_ifu_ibuf/entry5_pgflt,0,0.0,0.0,0.0,0.0,,0
x_aq_ifu_top/x_aq_ifu_ibuf/entry5_pred_taken[1:0],18092,0.012579438472556355,5.999533606013708,1.8945305689404044,0.06328764094627459,0.05277322861084328,2
x_aq_ifu_top/x_aq_ifu_ibuf/entry5_retire0_en,0,0.0,0.0,0.0,0.0,,0
x_aq_ifu_top/x_aq_ifu_ibuf/entry5_retire1_en,0,0.0,0.0,0.0,0.0,,0
x_aq_ifu_top/x_aq_ifu_ibuf/entry5_vld,179792,0.12501008190680146,5.462530517264395,1.7249559262996468,0.06697183411942689,-0.6057282610999201,1
x_aq_ifu_top/x_aq_ifu_ibuf/ibuf_cpuclk,0,0.0,0.0,0.0,0.0,,0
x_aq_ifu_top/x_aq_ifu_ibuf/ibuf_create0_acc_err,0,0.0,0.0,0.0,0.0,,0
x_aq_ifu_top/x_aq_ifu_ibuf/ibuf_create0_data_en,132911,0.09241353895787849,3.9273092746273823,1.2401643132737443,0.03564791477003408,0.5502187881173319,1
x_aq_ifu_top/x_aq_ifu_ibuf/ibuf_create0_en,128601,0.0894167790741333,3.912496333621045,1.2354866880789648,0.03684263730453107,0.4988374091319256,1
x_aq_ifu_top/x_aq_ifu_ibuf/ibuf_create0_halt_info[21:0],1,6.953039173422703e-07,21.131999999999998,6.673055375957693,1.0,-0.005140258898422977,1
x_aq_ifu_top/x_aq_ifu_ibuf/ibuf_create0_inst[15:0],721484,0.5016506514997705,5.3837121649821755,1.700066695303007,0.039622500291066745,0.12900045563827742,14
x_aq_ifu_top/x_aq_ifu_ibuf/ibuf_create0_pgflt,0,0.0,0.0,0.0,0.0,,0
x_aq_ifu_top/x_aq_ifu_ibuf/ibuf_create0_pred_taken[1:0],71516,0.049725354952649806,6.480120168913251,2.046290021295592,0.09006376195536663,0.06441065533157327,2
x_aq_ifu_top/x_aq_ifu_ibuf/ibuf_create1_acc_err,0,0.0,0.0,0.0,0.0,,0
x_aq_ifu_top/x_aq_ifu_ibuf/ibuf_create1_data_en,136975,0.09523925407795747,4.025607432013141,1.271204870134892,0.025325789377623652,0.4356904188676092,1
x_aq_ifu_top/x_aq_ifu_ibuf/ibuf_create1_en,124725,0.08672178109051466,4.017093469633193,1.2685163341501193,0.027813189015834835,0.40474958618947976,1
x_aq_ifu_top/x_aq_ifu_ibuf/ibuf_create1_halt_info[21:0],1,6.953039173422703e-07,21.131999999999998,6.673055375957693,1.0,-0.005140258898422977,1
x_aq_ifu_top/x_aq_ifu_ibuf/ibuf_create1_inst[15:0],663521,0.46134875053886054,5.107139517211965,1.6127306838490103,0.03658211269876914,0.10862692085869402,14
x_aq_ifu_top/x_aq_ifu_ibuf/ibuf_create1_pgflt,0,0.0,0.0,0.0,0.0,,0
x_aq_ifu_top/x_aq_ifu_ibuf/ibuf_create1_pred_taken[1:0],20238,0.014071560679172866,7.669510870639391,2.4218753902274353,0.10292519023618935,-0.05888367284210959,2
x_aq_ifu_top/x_aq_ifu_ibuf/ibuf_create2_acc_err,0,0.0,0.0,0.0,0.0,,0
x_aq_ifu_top/x_aq_ifu_ibuf/ibuf_create2_data_en,0,0.0,0.0,0.0,0.0,,0
x_aq_ifu_top/x_aq_ifu_ibuf/ibuf_create2_en,0,0.0,0.0,0.0,0.0,,0
x_aq_ifu_top/x_aq_ifu_ibuf/ibuf_create2_halt_info[21:0],1,6.953039173422703e-07,21.131999999999998,6.673055375957693,1.0,-0.005140258898422977,1
x_aq_ifu_top/x_aq_ifu_ibuf/ibuf_create2_inst[15:0],621017,0.4317955528361447,4.837435655706687,1.5275636952566223,0.029603054344728083,0.18588187458121797,14
x_aq_ifu_top/x_aq_ifu_ibuf/ibuf_create2_pgflt,0,0.0,0.0,0.0,0.0,,0
x_aq_ifu_top/x_aq_ifu_ibuf/ibuf_create2_pred_taken[1:0],20238,0.014071560679172866,7.669510870639391,2.4218753902274353,0.10292519023618935,-0.05888367284210959,2
x_aq_ifu_top/x_aq_ifu_ibuf/ibuf_empty,37852,0.026318643879239614,4.694600779879531,1.4824593494297884,0.03458205643030751,0.2514378307407134,1
x_aq_ifu_top/x_aq_ifu_ibuf/ibuf_entry_stall,109236,0.07595221871480023,6.198711241165916,1.9574268110861066,0.12885861803800944,-0.8109528147524757,1
x_aq_ifu_top/x_aq_ifu_ibuf/ibuf_five_avalbe,16688,0.011603231772607806,3.9995148010546497,1.262965348495178,0.00023969319271332693,0.07675302557223762,1
x_aq_ifu_top/x_aq_ifu_ibuf/ibuf_flush_en,134,9.317072492386423e-05,4.726216716417911,1.4924430185232662,0.03731343283582089,0.00553815329567618,1
x_aq_ifu_top/x_aq_ifu_ibuf/ibuf_four_avalbe,43035,0.0299224040828246,4.052340988962472,1.2796467831539724,0.0013709771116533055,0.2326730595925771,1
x_aq_ifu_top/x_aq_ifu_ibuf/ibuf_full,71092,0.049430546091696684,4.737486293113149,1.4960017214075616,0.09712766556011929,-0.5251335591452488,1
x_aq_ifu_top/x_aq_ifu_ibuf/ibuf_icg_en,30829,0.02143552446774485,5.124054566803983,1.6180721121385526,0.0434980051250446,-0.05079039561309574,1
x_aq_ifu_top/x_aq_ifu_ibuf/ibuf_inst32,108083,0.0751505332981046,5.335218718762434,1.6847534522595013,0.059037961566573836,-0.18129899441524236,1
x_aq_ifu_top/x_aq_ifu_ibuf/ibuf_inst_32_vld,108083,0.0751505332981046,5.335218718762434,1.6847534522595013,0.059037961566573836,-0.18129899441524236,1
x_aq_ifu_top/x_aq_ifu_ibuf/ibuf_inst_fetch,0,0.0,0.0,0.0,0.0,,0
x_aq_ifu_top/x_aq_ifu_ibuf/ibuf_one_avalbe,48022,0.033389884718610506,6.295527142351423,1.9879993016163044,0.05391278997126317,-0.3647420980306693,1
x_aq_ifu_top/x_aq_ifu_ibuf/ibuf_retire0_en,142717,0.09923168917133679,4.905717714638061,1.5491257793202917,0.05348346728140305,0.33480801472372856,1
x_aq_ifu_top/x_aq_ifu_ibuf/ibuf_retire0_en_vld,142717,0.09923168917133679,4.905717714638061,1.5491257793202917,0.05348346728140305,0.33480801472372856,1
x_aq_ifu_top/x_aq_ifu_ibuf/ibuf_retire1_en,139755,0.09717219896816899,4.744969775965082,1.498364852936805,0.07210475474938285,0.25513255437206567,1
x_aq_ifu_top/x_aq_ifu_ibuf/ibuf_stall,109236,0.07595221871480023,6.198711241165916,1.9574268110861066,0.12885861803800944,-0.8109528147524757,1
x_aq_ifu_top/x_aq_ifu_ibuf/ibuf_two_avalbe,65328,0.04542281431213584,6.596385842211609,2.0830043538832763,0.07052106294391379,0.17849443778287657,1
x_aq_ifu_top/x_aq_ifu_ibuf/ibuf_vld_num[2:0],425979,0.29618486740554295,5.430509796069759,1.7148444344526892,0.07094950690057492,-0.6390706331220148,3
x_aq_ifu_top/x_aq_ifu_ibuf/ipack_bypass_vld,47572,0.033076997955806486,4.03392518708484,1.2738314478462824,0.0,0.2793537708759694,1
x_aq_ifu_top/x_aq_ifu_ibuf/ipack_create0_data_en,132911,0.09241353895787849,3.9273092746273823,1.2401643132737443,0.03564791477003408,0.5502187881173319,1
x_aq_ifu_top/x_aq_ifu_ibuf/ipack_create0_en,128601,0.0894167790741333,3.912496333621045,1.2354866880789648,0.03684263730453107,0.4988374091319256,1
x_aq_ifu_top/x_aq_ifu_ibuf/ipack_create1_data_en,136975,0.09523925407795747,4.025607432013141,1.271204870134892,0.025325789377623652,0.4356904188676092,1
x_aq_ifu_top/x_aq_ifu_ibuf/ipack_create1_en,124725,0.08672178109051466,4.017093469633193,1.2685163341501193,0.027813189015834835,0.40474958618947976,1
x_aq_ifu_top/x_aq_ifu_ibuf/ipack_expt_high,0,0.0,0.0,0.0,0.0,,0
x_aq_ifu_top/x_aq_ifu_ibuf/ipack_inst_32,182843,0.12713145415861274,5.865557593126344,1.8522236716733498,0.04804121568777585,-0.4349291466906958,1
x_aq_ifu_top/x_aq_ifu_ibuf/pop0_inst_32,92757,0.06449430546091697,5.187726470778485,1.638178403124475,0.05820584969328461,0.03730166747494535,1
x_aq_ifu_top/x_aq_ifu_ibuf/pop1[5:0],482848,0.33572610588088053,5.022994012836337,1.5861592466761703,0.05370012923321625,-0.0016686674385058126,3
x_aq_ifu_top/x_aq_ifu_ibuf/pop_entry0_acc_err,0,0.0,0.0,0.0,0.0,,0
x_aq_ifu_top/x_aq_ifu_ibuf/pop_entry0_create_acc_err,0,0.0,0.0,0.0,0.0,,0
x_aq_ifu_top/x_aq_ifu_ibuf/pop_entry0_create_data_en,40045,0.027843445369971215,4.820282295667374,1.52214701337956,0.03281308527906106,-0.0780128537506187,1
x_aq_ifu_top/x_aq_ifu_ibuf/pop_entry0_create_en,154707,0.10756838314027062,4.820851222504476,1.5223266688919987,0.04935135449591809,0.4047593082166442,1
x_aq_ifu_top/x_aq_ifu_ibuf/pop_entry0_create_halt_info[21:0],1,6.953039173422703e-07,21.131999999999998,6.673055375957693,1.0,-0.005140258898422977,1
x_aq_ifu_top/x_aq_ifu_ibuf/pop_entry0_create_inst[15:0],644825,0.44834934850022945,4.837842910107394,1.5276922979051184,0.04396541697359749,-0.05632182804867799,14
x_aq_ifu_top/x_aq_ifu_ibuf/pop_entry0_create_pgflt,0,0.0,0.0,0.0,0.0,,0
x_aq_ifu_top/x_aq_ifu_ibuf/pop_entry0_create_pred_taken[1:0],60114,0.041797499687113236,4.5001217779552185,1.4210468399985032,0.04807532355191802,-0.02407845200943959,2
x_aq_ifu_top/x_aq_ifu_ibuf/pop_entry0_halt_info[21:0],2,1.3906078346845406e-06,2.4720000000000026,0.7806072728263977,0.0,0.012880844189303312,2
x_aq_ifu_top/x_aq_ifu_ibuf/pop_entry0_inst[15:0],566991,0.39423106339781117,4.943946812400903,1.5611977500918397,0.04853516193378731,0.07898707324290306,14
x_aq_ifu_top/x_aq_ifu_ibuf/pop_entry0_pgflt,0,0.0,0.0,0.0,0.0,,0
x_aq_ifu_top/x_aq_ifu_ibuf/pop_entry0_pred_taken[1:0],75690,0.05262755350363644,4.538377261857577,1.4331271429757175,0.03104769454353283,0.10793419157791832,2
x_aq_ifu_top/x_aq_ifu_ibuf/pop_entry0_retire_en,133203,0.09261656770174242,4.703700464629175,1.4853328446142542,0.047701628341704015,0.46474942597973257,1
x_aq_ifu_top/x_aq_ifu_ibuf/pop_entry0_vld,27823,0.019345440892213985,5.21788589440391,1.6477021350930263,0.04733493871976422,-0.18817891942908754,1
x_aq_ifu_top/x_aq_ifu_ibuf/pop_entry1_acc_err,0,0.0,0.0,0.0,0.0,,0
x_aq_ifu_top/x_aq_ifu_ibuf/pop_entry1_create_acc_err,0,0.0,0.0,0.0,0.0,,0
x_aq_ifu_top/x_aq_ifu_ibuf/pop_entry1_create_data_en,139657,0.09710405918426944,5.039028582742003,1.5912226374063507,0.04566187158538419,-0.05825409279015761,1
x_aq_ifu_top/x_aq_ifu_ibuf/pop_entry1_create_en,154113,0.1071553726133693,4.666498160700265,1.4735851144310808,0.06538708609916101,0.28231226618256117,1
x_aq_ifu_top/x_aq_ifu_ibuf/pop_entry1_create_halt_info[21:0],0,0.0,0.0,0.0,0.0,,0
x_aq_ifu_top/x_aq_ifu_ibuf/pop_entry1_create_inst[15:0],650204,0.45208938827161355,4.824879274535377,1.523598645716693,0.0450458625292985,0.051459373400445395,14
x_aq_ifu_top/x_aq_ifu_ibuf/pop_entry1_create_pgflt,0,0.0,0.0,0.0,0.0,,0
x_aq_ifu_top/x_aq_ifu_ibuf/pop_entry1_create_pred_taken[1:0],0,0.0,0.0,0.0,0.0,,0
x_aq_ifu_top/x_aq_ifu_ibuf/pop_entry1_halt_info[21:0],0,0.0,0.0,0.0,0.0,,0
x_aq_ifu_top/x_aq_ifu_ibuf/pop_entry1_inst[15:0],454042,0.31569718123791907,4.884983934239564,1.5425784735871801,0.05295545346025258,-0.09152563774443587,14
x_aq_ifu_top/x_aq_ifu_ibuf/pop_entry1_pgflt,0,0.0,0.0,0.0,0.0,,0
x_aq_ifu_top/x_aq_ifu_ibuf/pop_entry1_pred_taken[1:0],0,0.0,0.0,0.0,0.0,,0
x_aq_ifu_top/x_aq_ifu_ibuf/pop_entry1_retire_en,133203,0.09261656770174242,4.703700464629175,1.4853328446142542,0.047701628341704015,0.46474942597973257,1
x_aq_ifu_top/x_aq_ifu_ibuf/pop_entry1_vld,93351,0.06490731598781828,4.7785454969952115,1.5089673820737426,0.04540926181829868,-0.15658158825257412,1
x_aq_ifu_top/x_aq_ifu_ibuf/pop_entry_acc_err,0,0.0,0.0,0.0,0.0,,0
x_aq_ifu_top/x_aq_ifu_ibuf/pop_entry_expt_high,0,0.0,0.0,0.0,0.0,,0
x_aq_ifu_top/x_aq_ifu_ibuf/pop_entry_halt_info[21:0],2,1.3906078346845406e-06,2.4720000000000026,0.7806072728263977,0.0,0.012880844189303312,2
x_aq_ifu_top/x_aq_ifu_ibuf/pop_entry_inst[31:0],567072,0.3942873830151159,4.94380527536186,1.5611530555764466,0.048529992664070876,-0.091524028620649,24
x_aq_ifu_top/x_aq_ifu_ibuf/pop_entry_pgflt,0,0.0,0.0,0.0,0.0,,0
x_aq_ifu_top/x_aq_ifu_ibuf/pop_entry_pred_taken[1:0],75690,0.05262755350363644,4.538377261857577,1.4331271429757175,0.03104769454353283,0.10793419157791832,2
x_aq_ifu_top/x_aq_ifu_ibuf/pop_entry_vld,27823,0.019345440892213985,5.21788589440391,1.6477021350930263,0.04733493871976422,-0.18817891942908754,1
x_aq_ifu_top/x_aq_ifu_ibuf/push0_bypass[5:0],549056,0.38176078764027754,5.5880131974152,1.7645808020033147,0.05016792458328476,-0.0026923135856152976,3
x_aq_ifu_top/x_aq_ifu_ibuf/push1[5:0],548183,0.38115378732043775,5.581010699200815,1.7623695556302956,0.050185795619346094,-0.002496553943517054,3
x_aq_ifu_top/x_aq_ifu_ibuf/push1_bypass[5:0],548183,0.38115378732043775,5.581010699200815,1.7623695556302956,0.050185795619346094,-0.002496553943517054,3
x_aq_ifu_top/x_aq_ifu_ibuf/push2[5:0],549016,0.38173297548358387,5.588507009121774,1.764736737686793,0.05017704402057499,-0.003700963159913368,3
x_aq_ifu_top/x_aq_ifu_ibuf/push2_bypass[5:0],549016,0.38173297548358387,5.588507009121774,1.764736737686793,0.05017704402057499,-0.003700963159913368,3
x_aq_ifu_top/x_aq_ifu_ibuf/x_ifu_ibuf_icg_cell/clk_in,0,0.0,0.0,0.0,0.0,,0
x_aq_ifu_top/x_aq_ifu_ibuf/x_ifu_ibuf_icg_cell/global_en,1,6.953039173422703e-07,21.131999999999998,6.673055375957693,1.0,-0.005140258898422977,1
x_aq_ifu_top/x_aq_ifu_ibuf/x_ifu_ibuf_icg_cell/module_en,0,0.0,0.0,0.0,0.0,,0
x_aq_ifu_top/x_aq_ifu_ibuf/x_ifu_ibuf_icg_cell/local_en,30829,0.02143552446774485,5.124054566803983,1.6180721121385526,0.0434980051250446,-0.05079039561309574,1
x_aq_ifu_top/x_aq_ifu_ibuf/x_ifu_ibuf_icg_cell/external_en,0,0.0,0.0,0.0,0.0,,0
x_aq_ifu_top/x_aq_ifu_ibuf/x_ifu_ibuf_icg_cell/pad_yy_icg_scan_en,0,0.0,0.0,0.0,0.0,,0
x_aq_ifu_top/x_aq_ifu_ibuf/x_ifu_ibuf_icg_cell/clk_out,0,0.0,0.0,0.0,0.0,,0
x_aq_ifu_top/x_aq_ifu_ibuf/x_ifu_ibuf_icg_cell/clk_en_bf_latch,30829,0.02143552446774485,5.124054566803983,1.6180721121385526,0.0434980051250446,-0.05079039561309574,1
x_aq_ifu_top/x_aq_ifu_ibuf/x_ifu_ibuf_icg_cell/SE,0,0.0,0.0,0.0,0.0,,0
x_aq_ifu_top/x_aq_ifu_ibuf/x_aq_ifu_ibuf_entry0/cp0_ifu_icg_en,0,0.0,0.0,0.0,0.0,,0
x_aq_ifu_top/x_aq_ifu_ibuf/x_aq_ifu_ibuf_entry0/cp0_yy_clk_en,1,6.953039173422703e-07,21.131999999999998,6.673055375957693,1.0,-0.005140258898422977,1
x_aq_ifu_top/x_aq_ifu_ibuf/x_aq_ifu_ibuf_entry0/cpurst_b,3,2.0859117520268108e-06,11.372333333333332,3.5911513385946847,0.3333333333333333,0.0012751758732577007,1
x_aq_ifu_top/x_aq_ifu_ibuf/x_aq_ifu_ibuf_entry0/forever_cpuclk,0,0.0,0.0,0.0,0.0,,0
x_aq_ifu_top/x_aq_ifu_ibuf/x_aq_ifu_ibuf_entry0/ibuf_cpuclk,0,0.0,0.0,0.0,0.0,,0
x_aq_ifu_top/x_aq_ifu_ibuf/x_aq_ifu_ibuf_entry0/ibuf_create0_acc_err,0,0.0,0.0,0.0,0.0,,0
x_aq_ifu_top/x_aq_ifu_ibuf/x_aq_ifu_ibuf_entry0/ibuf_create0_halt_info[21:0],1,6.953039173422703e-07,21.131999999999998,6.673055375957693,1.0,-0.005140258898422977,1
x_aq_ifu_top/x_aq_ifu_ibuf/x_aq_ifu_ibuf_entry0/ibuf_create0_inst[15:0],721484,0.5016506514997705,5.3837121649821755,1.700066695303007,0.039622500291066745,0.12900045563827742,14
x_aq_ifu_top/x_aq_ifu_ibuf/x_aq_ifu_ibuf_entry0/ibuf_create0_pgflt,0,0.0,0.0,0.0,0.0,,0
x_aq_ifu_top/x_aq_ifu_ibuf/x_aq_ifu_ibuf_entry0/ibuf_create0_pred_taken[1:0],71516,0.049725354952649806,6.480120168913251,2.046290021295592,0.09006376195536663,0.06441065533157327,2
x_aq_ifu_top/x_aq_ifu_ibuf/x_aq_ifu_ibuf_entry0/ibuf_create1_acc_err,0,0.0,0.0,0.0,0.0,,0
x_aq_ifu_top/x_aq_ifu_ibuf/x_aq_ifu_ibuf_entry0/ibuf_create1_halt_info[21:0],1,6.953039173422703e-07,21.131999999999998,6.673055375957693,1.0,-0.005140258898422977,1
x_aq_ifu_top/x_aq_ifu_ibuf/x_aq_ifu_ibuf_entry0/ibuf_create1_inst[15:0],663521,0.46134875053886054,5.107139517211965,1.6127306838490103,0.03658211269876914,0.10862692085869402,14
x_aq_ifu_top/x_aq_ifu_ibuf/x_aq_ifu_ibuf_entry0/ibuf_create1_pgflt,0,0.0,0.0,0.0,0.0,,0
x_aq_ifu_top/x_aq_ifu_ibuf/x_aq_ifu_ibuf_entry0/ibuf_create1_pred_taken[1:0],20238,0.014071560679172866,7.669510870639391,2.4218753902274353,0.10292519023618935,-0.05888367284210959,2
x_aq_ifu_top/x_aq_ifu_ibuf/x_aq_ifu_ibuf_entry0/ibuf_create2_acc_err,0,0.0,0.0,0.0,0.0,,0
x_aq_ifu_top/x_aq_ifu_ibuf/x_aq_ifu_ibuf_entry0/ibuf_create2_halt_info[21:0],1,6.953039173422703e-07,21.131999999999998,6.673055375957693,1.0,-0.005140258898422977,1
x_aq_ifu_top/x_aq_ifu_ibuf/x_aq_ifu_ibuf_entry0/ibuf_create2_inst[15:0],621017,0.4317955528361447,4.837435655706687,1.5275636952566223,0.029603054344728083,0.18588187458121797,14
x_aq_ifu_top/x_aq_ifu_ibuf/x_aq_ifu_ibuf_entry0/ibuf_create2_pgflt,0,0.0,0.0,0.0,0.0,,0
x_aq_ifu_top/x_aq_ifu_ibuf/x_aq_ifu_ibuf_entry0/ibuf_create2_pred_taken[1:0],20238,0.014071560679172866,7.669510870639391,2.4218753902274353,0.10292519023618935,-0.05888367284210959,2
x_aq_ifu_top/x_aq_ifu_ibuf/x_aq_ifu_ibuf_entry0/ibuf_entry_acc_err,0,0.0,0.0,0.0,0.0,,0
x_aq_ifu_top/x_aq_ifu_ibuf/x_aq_ifu_ibuf_entry0/ibuf_entry_create0_data_en,5284,0.003673985899236556,4.032442846328539,1.2733633548142536,0.0,0.07655620565287058,1
x_aq_ifu_top/x_aq_ifu_ibuf/x_aq_ifu_ibuf_entry0/ibuf_entry_create0_en,0,0.0,0.0,0.0,0.0,,0
x_aq_ifu_top/x_aq_ifu_ibuf/x_aq_ifu_ibuf_entry0/ibuf_entry_create1_data_en,4212,0.0029286200998456424,4.002999287749288,1.2640656784530668,0.0,0.048717072795811625,1
x_aq_ifu_top/x_aq_ifu_ibuf/x_aq_ifu_ibuf_entry0/ibuf_entry_create1_en,0,0.0,0.0,0.0,0.0,,0
x_aq_ifu_top/x_aq_ifu_ibuf/x_aq_ifu_ibuf_entry0/ibuf_entry_create2_data_en,0,0.0,0.0,0.0,0.0,,0
x_aq_ifu_top/x_aq_ifu_ibuf/x_aq_ifu_ibuf_entry0/ibuf_entry_create2_en,0,0.0,0.0,0.0,0.0,,0
x_aq_ifu_top/x_aq_ifu_ibuf/x_aq_ifu_ibuf_entry0/ibuf_entry_halt_info[21:0],2,1.3906078346845406e-06,1.7675000000000045,0.5581405156636975,0.0,0.013193001755075004,2
x_aq_ifu_top/x_aq_ifu_ibuf/x_aq_ifu_ibuf_entry0/ibuf_entry_inst[15:0],248449,0.1727475629597697,5.207089720626769,1.6442929232123087,0.0426445668930042,-0.024503791544666073,14
x_aq_ifu_top/x_aq_ifu_ibuf/x_aq_ifu_ibuf_entry0/ibuf_entry_pgflt,0,0.0,0.0,0.0,0.0,,0
x_aq_ifu_top/x_aq_ifu_ibuf/x_aq_ifu_ibuf_entry0/ibuf_entry_pred_taken[1:0],18274,0.012705983785512647,6.012580661048484,1.8986505632968416,0.06298566269016088,0.055938449214086854,2
x_aq_ifu_top/x_aq_ifu_ibuf/x_aq_ifu_ibuf_entry0/ibuf_entry_retire0_en,0,0.0,0.0,0.0,0.0,,0
x_aq_ifu_top/x_aq_ifu_ibuf/x_aq_ifu_ibuf_entry0/ibuf_entry_retire1_en,0,0.0,0.0,0.0,0.0,,0
x_aq_ifu_top/x_aq_ifu_ibuf/x_aq_ifu_ibuf_entry0/ibuf_entry_vld,180048,0.12518807970964108,5.40521351284102,1.7068563832132757,0.066326757309162,-0.6029997997903999,1
x_aq_ifu_top/x_aq_ifu_ibuf/x_aq_ifu_ibuf_entry0/ibuf_flush_en,134,9.317072492386423e-05,4.726216716417911,1.4924430185232662,0.03731343283582089,0.00553815329567618,1
x_aq_ifu_top/x_aq_ifu_ibuf/x_aq_ifu_ibuf_entry0/pad_yy_icg_scan_en,0,0.0,0.0,0.0,0.0,,0
x_aq_ifu_top/x_aq_ifu_ibuf/x_aq_ifu_ibuf_entry0/vec_ibuf_warm_up,0,0.0,0.0,0.0,0.0,,0
x_aq_ifu_top/x_aq_ifu_ibuf/x_aq_ifu_ibuf_entry0/entry_acc_err_upd,0,0.0,0.0,0.0,0.0,,0
x_aq_ifu_top/x_aq_ifu_ibuf/x_aq_ifu_ibuf_entry0/entry_cpuclk,0,0.0,0.0,0.0,0.0,,0
x_aq_ifu_top/x_aq_ifu_ibuf/x_aq_ifu_ibuf_entry0/entry_create,0,0.0,0.0,0.0,0.0,,0
x_aq_ifu_top/x_aq_ifu_ibuf/x_aq_ifu_ibuf_entry0/entry_data_create,0,0.0,0.0,0.0,0.0,,0
x_aq_ifu_top/x_aq_ifu_ibuf/x_aq_ifu_ibuf_entry0/entry_halt_info_upd[21:0],260181,0.18090486851802923,4.568340609306598,1.4425889580796538,0.04125589493468009,0.42124210524657657,2
x_aq_ifu_top/x_aq_ifu_ibuf/x_aq_ifu_ibuf_entry0/entry_icg_create,11398,0.007925074049867196,4.027426127390771,1.2717791771085303,0.0,0.10088878199316997,1
x_aq_ifu_top/x_aq_ifu_ibuf/x_aq_ifu_ibuf_entry0/entry_icg_en,11398,0.007925074049867196,4.027426127390771,1.2717791771085303,0.0,0.10088878199316997,1
x_aq_ifu_top/x_aq_ifu_ibuf/x_aq_ifu_ibuf_entry0/entry_inst_upd[15:0],268516,0.18670022666907704,4.549601622882808,1.4366715676719652,0.03963264758897049,0.32983340381480597,13
x_aq_ifu_top/x_aq_ifu_ibuf/x_aq_ifu_ibuf_entry0/entry_pgflt_upd,0,0.0,0.0,0.0,0.0,,0
x_aq_ifu_top/x_aq_ifu_ibuf/x_aq_ifu_ibuf_entry0/entry_pred_taken_upd[1:0],8386,0.0058308186508322785,4.907426057715241,1.5496652392840982,0.11483424755544956,0.04443412074910983,1
x_aq_ifu_top/x_aq_ifu_ibuf/x_aq_ifu_ibuf_entry0/entry_retire,0,0.0,0.0,0.0,0.0,,0
x_aq_ifu_top/x_aq_ifu_ibuf/x_aq_ifu_ibuf_entry0/x_ibuf_data_icg_cell/clk_in,0,0.0,0.0,0.0,0.0,,0
x_aq_ifu_top/x_aq_ifu_ibuf/x_aq_ifu_ibuf_entry0/x_ibuf_data_icg_cell/global_en,1,6.953039173422703e-07,21.131999999999998,6.673055375957693,1.0,-0.005140258898422977,1
x_aq_ifu_top/x_aq_ifu_ibuf/x_aq_ifu_ibuf_entry0/x_ibuf_data_icg_cell/module_en,0,0.0,0.0,0.0,0.0,,0
x_aq_ifu_top/x_aq_ifu_ibuf/x_aq_ifu_ibuf_entry0/x_ibuf_data_icg_cell/local_en,11398,0.007925074049867196,4.027426127390771,1.2717791771085303,0.0,0.10088878199316997,1
x_aq_ifu_top/x_aq_ifu_ibuf/x_aq_ifu_ibuf_entry0/x_ibuf_data_icg_cell/external_en,0,0.0,0.0,0.0,0.0,,0
x_aq_ifu_top/x_aq_ifu_ibuf/x_aq_ifu_ibuf_entry0/x_ibuf_data_icg_cell/pad_yy_icg_scan_en,0,0.0,0.0,0.0,0.0,,0
x_aq_ifu_top/x_aq_ifu_ibuf/x_aq_ifu_ibuf_entry0/x_ibuf_data_icg_cell/clk_out,0,0.0,0.0,0.0,0.0,,0
x_aq_ifu_top/x_aq_ifu_ibuf/x_aq_ifu_ibuf_entry0/x_ibuf_data_icg_cell/clk_en_bf_latch,11398,0.007925074049867196,4.027426127390771,1.2717791771085303,0.0,0.10088878199316997,1
x_aq_ifu_top/x_aq_ifu_ibuf/x_aq_ifu_ibuf_entry0/x_ibuf_data_icg_cell/SE,0,0.0,0.0,0.0,0.0,,0
x_aq_ifu_top/x_aq_ifu_ibuf/x_aq_ifu_ibuf_entry1/cp0_ifu_icg_en,0,0.0,0.0,0.0,0.0,,0
x_aq_ifu_top/x_aq_ifu_ibuf/x_aq_ifu_ibuf_entry1/cp0_yy_clk_en,1,6.953039173422703e-07,21.131999999999998,6.673055375957693,1.0,-0.005140258898422977,1
x_aq_ifu_top/x_aq_ifu_ibuf/x_aq_ifu_ibuf_entry1/cpurst_b,3,2.0859117520268108e-06,11.372333333333332,3.5911513385946847,0.3333333333333333,0.0012751758732577007,1
x_aq_ifu_top/x_aq_ifu_ibuf/x_aq_ifu_ibuf_entry1/forever_cpuclk,0,0.0,0.0,0.0,0.0,,0
x_aq_ifu_top/x_aq_ifu_ibuf/x_aq_ifu_ibuf_entry1/ibuf_cpuclk,0,0.0,0.0,0.0,0.0,,0
x_aq_ifu_top/x_aq_ifu_ibuf/x_aq_ifu_ibuf_entry1/ibuf_create0_acc_err,0,0.0,0.0,0.0,0.0,,0
x_aq_ifu_top/x_aq_ifu_ibuf/x_aq_ifu_ibuf_entry1/ibuf_create0_halt_info[21:0],1,6.953039173422703e-07,21.131999999999998,6.673055375957693,1.0,-0.005140258898422977,1
x_aq_ifu_top/x_aq_ifu_ibuf/x_aq_ifu_ibuf_entry1/ibuf_create0_inst[15:0],721484,0.5016506514997705,5.3837121649821755,1.700066695303007,0.039622500291066745,0.12900045563827742,14
x_aq_ifu_top/x_aq_ifu_ibuf/x_aq_ifu_ibuf_entry1/ibuf_create0_pgflt,0,0.0,0.0,0.0,0.0,,0
x_aq_ifu_top/x_aq_ifu_ibuf/x_aq_ifu_ibuf_entry1/ibuf_create0_pred_taken[1:0],71516,0.049725354952649806,6.480120168913251,2.046290021295592,0.09006376195536663,0.06441065533157327,2
x_aq_ifu_top/x_aq_ifu_ibuf/x_aq_ifu_ibuf_entry1/ibuf_create1_acc_err,0,0.0,0.0,0.0,0.0,,0
x_aq_ifu_top/x_aq_ifu_ibuf/x_aq_ifu_ibuf_entry1/ibuf_create1_halt_info[21:0],1,6.953039173422703e-07,21.131999999999998,6.673055375957693,1.0,-0.005140258898422977,1
x_aq_ifu_top/x_aq_ifu_ibuf/x_aq_ifu_ibuf_entry1/ibuf_create1_inst[15:0],663521,0.46134875053886054,5.107139517211965,1.6127306838490103,0.03658211269876914,0.10862692085869402,14
x_aq_ifu_top/x_aq_ifu_ibuf/x_aq_ifu_ibuf_entry1/ibuf_create1_pgflt,0,0.0,0.0,0.0,0.0,,0
x_aq_ifu_top/x_aq_ifu_ibuf/x_aq_ifu_ibuf_entry1/ibuf_create1_pred_taken[1:0],20238,0.014071560679172866,7.669510870639391,2.4218753902274353,0.10292519023618935,-0.05888367284210959,2
x_aq_ifu_top/x_aq_ifu_ibuf/x_aq_ifu_ibuf_entry1/ibuf_create2_acc_err,0,0.0,0.0,0.0,0.0,,0
x_aq_ifu_top/x_aq_ifu_ibuf/x_aq_ifu_ibuf_entry1/ibuf_create2_halt_info[21:0],1,6.953039173422703e-07,21.131999999999998,6.673055375957693,1.0,-0.005140258898422977,1
x_aq_ifu_top/x_aq_ifu_ibuf/x_aq_ifu_ibuf_entry1/ibuf_create2_inst[15:0],621017,0.4317955528361447,4.837435655706687,1.5275636952566223,0.029603054344728083,0.18588187458121797,14
x_aq_ifu_top/x_aq_ifu_ibuf/x_aq_ifu_ibuf_entry1/ibuf_create2_pgflt,0,0.0,0.0,0.0,0.0,,0
x_aq_ifu_top/x_aq_ifu_ibuf/x_aq_ifu_ibuf_entry1/ibuf_create2_pred_taken[1:0],20238,0.014071560679172866,7.669510870639391,2.4218753902274353,0.10292519023618935,-0.05888367284210959,2
x_aq_ifu_top/x_aq_ifu_ibuf/x_aq_ifu_ibuf_entry1/ibuf_entry_acc_err,0,0.0,0.0,0.0,0.0,,0
x_aq_ifu_top/x_aq_ifu_ibuf/x_aq_ifu_ibuf_entry1/ibuf_entry_create0_data_en,5236,0.0036406113112041273,4.03584243697479,1.274436876328451,0.0,0.07632000808425934,1
x_aq_ifu_top/x_aq_ifu_ibuf/x_aq_ifu_ibuf_entry1/ibuf_entry_create0_en,0,0.0,0.0,0.0,0.0,,0
x_aq_ifu_top/x_aq_ifu_ibuf/x_aq_ifu_ibuf_entry1/ibuf_entry_create1_data_en,4154,0.002888292472639791,3.958059460760713,1.2498745960150242,0.0,0.048897561891659,1
x_aq_ifu_top/x_aq_ifu_ibuf/x_aq_ifu_ibuf_entry1/ibuf_entry_create1_en,0,0.0,0.0,0.0,0.0,,0
x_aq_ifu_top/x_aq_ifu_ibuf/x_aq_ifu_ibuf_entry1/ibuf_entry_create2_data_en,0,0.0,0.0,0.0,0.0,,0
x_aq_ifu_top/x_aq_ifu_ibuf/x_aq_ifu_ibuf_entry1/ibuf_entry_create2_en,0,0.0,0.0,0.0,0.0,,0
x_aq_ifu_top/x_aq_ifu_ibuf/x_aq_ifu_ibuf_entry1/ibuf_entry_halt_info[21:0],2,1.3906078346845406e-06,1.7675000000000045,0.5581405156636975,0.0,0.013193001755075004,2
x_aq_ifu_top/x_aq_ifu_ibuf/x_aq_ifu_ibuf_entry1/ibuf_entry_inst[15:0],248449,0.1727475629597697,5.235580614130064,1.653289767337711,0.042966564566571004,-0.020415526651243264,15
x_aq_ifu_top/x_aq_ifu_ibuf/x_aq_ifu_ibuf_entry1/ibuf_entry_pgflt,0,0.0,0.0,0.0,0.0,,0
x_aq_ifu_top/x_aq_ifu_ibuf/x_aq_ifu_ibuf_entry1/ibuf_entry_pred_taken[1:0],18660,0.012974371097606763,5.9909482851018225,1.8918194993840265,0.06398713826366559,0.052901200515501914,2
x_aq_ifu_top/x_aq_ifu_ibuf/x_aq_ifu_ibuf_entry1/ibuf_entry_retire0_en,0,0.0,0.0,0.0,0.0,,0
x_aq_ifu_top/x_aq_ifu_ibuf/x_aq_ifu_ibuf_entry1/ibuf_entry_retire1_en,0,0.0,0.0,0.0,0.0,,0
x_aq_ifu_top/x_aq_ifu_ibuf/x_aq_ifu_ibuf_entry1/ibuf_entry_vld,180146,0.12525621949354063,5.454795813895396,1.7225134644456843,0.06649051325036359,-0.6066556607849797,1
x_aq_ifu_top/x_aq_ifu_ibuf/x_aq_ifu_ibuf_entry1/ibuf_flush_en,134,9.317072492386423e-05,4.726216716417911,1.4924430185232662,0.03731343283582089,0.00553815329567618,1
x_aq_ifu_top/x_aq_ifu_ibuf/x_aq_ifu_ibuf_entry1/pad_yy_icg_scan_en,0,0.0,0.0,0.0,0.0,,0
x_aq_ifu_top/x_aq_ifu_ibuf/x_aq_ifu_ibuf_entry1/vec_ibuf_warm_up,0,0.0,0.0,0.0,0.0,,0
x_aq_ifu_top/x_aq_ifu_ibuf/x_aq_ifu_ibuf_entry1/entry_acc_err_upd,0,0.0,0.0,0.0,0.0,,0
x_aq_ifu_top/x_aq_ifu_ibuf/x_aq_ifu_ibuf_entry1/entry_cpuclk,0,0.0,0.0,0.0,0.0,,0
x_aq_ifu_top/x_aq_ifu_ibuf/x_aq_ifu_ibuf_entry1/entry_create,0,0.0,0.0,0.0,0.0,,0
x_aq_ifu_top/x_aq_ifu_ibuf/x_aq_ifu_ibuf_entry1/entry_data_create,0,0.0,0.0,0.0,0.0,,0
x_aq_ifu_top/x_aq_ifu_ibuf/x_aq_ifu_ibuf_entry1/entry_halt_info_upd[21:0],259811,0.1806476060686126,4.578771257337064,1.4458827443712696,0.04146475707341106,0.4207323356976875,2
x_aq_ifu_top/x_aq_ifu_ibuf/x_aq_ifu_ibuf_entry1/entry_icg_create,11282,0.007844418795455494,4.0086042368374395,1.2658356072645687,0.0,0.10057796082495293,1
x_aq_ifu_top/x_aq_ifu_ibuf/x_aq_ifu_ibuf_entry1/entry_icg_en,11282,0.007844418795455494,4.0086042368374395,1.2658356072645687,0.0,0.10057796082495293,1
x_aq_ifu_top/x_aq_ifu_ibuf/x_aq_ifu_ibuf_entry1/entry_inst_upd[15:0],268383,0.18660775124807052,4.560595852568904,1.4401433215765327,0.03984231490072024,0.32744722820963323,14
x_aq_ifu_top/x_aq_ifu_ibuf/x_aq_ifu_ibuf_entry1/entry_pgflt_upd,0,0.0,0.0,0.0,0.0,,0
x_aq_ifu_top/x_aq_ifu_ibuf/x_aq_ifu_ibuf_entry1/entry_pred_taken_upd[1:0],8534,0.005933723630598935,4.272438796578392,1.3491491898522459,0.106515116006562,0.06123300256512379,1
x_aq_ifu_top/x_aq_ifu_ibuf/x_aq_ifu_ibuf_entry1/entry_retire,0,0.0,0.0,0.0,0.0,,0
x_aq_ifu_top/x_aq_ifu_ibuf/x_aq_ifu_ibuf_entry1/x_ibuf_data_icg_cell/clk_in,0,0.0,0.0,0.0,0.0,,0
x_aq_ifu_top/x_aq_ifu_ibuf/x_aq_ifu_ibuf_entry1/x_ibuf_data_icg_cell/global_en,1,6.953039173422703e-07,21.131999999999998,6.673055375957693,1.0,-0.005140258898422977,1
x_aq_ifu_top/x_aq_ifu_ibuf/x_aq_ifu_ibuf_entry1/x_ibuf_data_icg_cell/module_en,0,0.0,0.0,0.0,0.0,,0
x_aq_ifu_top/x_aq_ifu_ibuf/x_aq_ifu_ibuf_entry1/x_ibuf_data_icg_cell/local_en,11282,0.007844418795455494,4.0086042368374395,1.2658356072645687,0.0,0.10057796082495293,1
x_aq_ifu_top/x_aq_ifu_ibuf/x_aq_ifu_ibuf_entry1/x_ibuf_data_icg_cell/external_en,0,0.0,0.0,0.0,0.0,,0
x_aq_ifu_top/x_aq_ifu_ibuf/x_aq_ifu_ibuf_entry1/x_ibuf_data_icg_cell/pad_yy_icg_scan_en,0,0.0,0.0,0.0,0.0,,0
x_aq_ifu_top/x_aq_ifu_ibuf/x_aq_ifu_ibuf_entry1/x_ibuf_data_icg_cell/clk_out,0,0.0,0.0,0.0,0.0,,0
x_aq_ifu_top/x_aq_ifu_ibuf/x_aq_ifu_ibuf_entry1/x_ibuf_data_icg_cell/clk_en_bf_latch,11282,0.007844418795455494,4.0086042368374395,1.2658356072645687,0.0,0.10057796082495293,1
x_aq_ifu_top/x_aq_ifu_ibuf/x_aq_ifu_ibuf_entry1/x_ibuf_data_icg_cell/SE,0,0.0,0.0,0.0,0.0,,0
x_aq_ifu_top/x_aq_ifu_ibuf/x_aq_ifu_ibuf_entry2/cp0_ifu_icg_en,0,0.0,0.0,0.0,0.0,,0
x_aq_ifu_top/x_aq_ifu_ibuf/x_aq_ifu_ibuf_entry2/cp0_yy_clk_en,1,6.953039173422703e-07,21.131999999999998,6.673055375957693,1.0,-0.005140258898422977,1
x_aq_ifu_top/x_aq_ifu_ibuf/x_aq_ifu_ibuf_entry2/cpurst_b,3,2.0859117520268108e-06,11.372333333333332,3.5911513385946847,0.3333333333333333,0.0012751758732577007,1
x_aq_ifu_top/x_aq_ifu_ibuf/x_aq_ifu_ibuf_entry2/forever_cpuclk,0,0.0,0.0,0.0,0.0,,0
x_aq_ifu_top/x_aq_ifu_ibuf/x_aq_ifu_ibuf_entry2/ibuf_cpuclk,0,0.0,0.0,0.0,0.0,,0
x_aq_ifu_top/x_aq_ifu_ibuf/x_aq_ifu_ibuf_entry2/ibuf_create0_acc_err,0,0.0,0.0,0.0,0.0,,0
x_aq_ifu_top/x_aq_ifu_ibuf/x_aq_ifu_ibuf_entry2/ibuf_create0_halt_info[21:0],1,6.953039173422703e-07,21.131999999999998,6.673055375957693,1.0,-0.005140258898422977,1
x_aq_ifu_top/x_aq_ifu_ibuf/x_aq_ifu_ibuf_entry2/ibuf_create0_inst[15:0],721484,0.5016506514997705,5.3837121649821755,1.700066695303007,0.039622500291066745,0.12900045563827742,14
x_aq_ifu_top/x_aq_ifu_ibuf/x_aq_ifu_ibuf_entry2/ibuf_create0_pgflt,0,0.0,0.0,0.0,0.0,,0
x_aq_ifu_top/x_aq_ifu_ibuf/x_aq_ifu_ibuf_entry2/ibuf_create0_pred_taken[1:0],71516,0.049725354952649806,6.480120168913251,2.046290021295592,0.09006376195536663,0.06441065533157327,2
x_aq_ifu_top/x_aq_ifu_ibuf/x_aq_ifu_ibuf_entry2/ibuf_create1_acc_err,0,0.0,0.0,0.0,0.0,,0
x_aq_ifu_top/x_aq_ifu_ibuf/x_aq_ifu_ibuf_entry2/ibuf_create1_halt_info[21:0],1,6.953039173422703e-07,21.131999999999998,6.673055375957693,1.0,-0.005140258898422977,1
x_aq_ifu_top/x_aq_ifu_ibuf/x_aq_ifu_ibuf_entry2/ibuf_create1_inst[15:0],663521,0.46134875053886054,5.107139517211965,1.6127306838490103,0.03658211269876914,0.10862692085869402,14
x_aq_ifu_top/x_aq_ifu_ibuf/x_aq_ifu_ibuf_entry2/ibuf_create1_pgflt,0,0.0,0.0,0.0,0.0,,0
x_aq_ifu_top/x_aq_ifu_ibuf/x_aq_ifu_ibuf_entry2/ibuf_create1_pred_taken[1:0],20238,0.014071560679172866,7.669510870639391,2.4218753902274353,0.10292519023618935,-0.05888367284210959,2
x_aq_ifu_top/x_aq_ifu_ibuf/x_aq_ifu_ibuf_entry2/ibuf_create2_acc_err,0,0.0,0.0,0.0,0.0,,0
x_aq_ifu_top/x_aq_ifu_ibuf/x_aq_ifu_ibuf_entry2/ibuf_create2_halt_info[21:0],1,6.953039173422703e-07,21.131999999999998,6.673055375957693,1.0,-0.005140258898422977,1
x_aq_ifu_top/x_aq_ifu_ibuf/x_aq_ifu_ibuf_entry2/ibuf_create2_inst[15:0],621017,0.4317955528361447,4.837435655706687,1.5275636952566223,0.029603054344728083,0.18588187458121797,14
x_aq_ifu_top/x_aq_ifu_ibuf/x_aq_ifu_ibuf_entry2/ibuf_create2_pgflt,0,0.0,0.0,0.0,0.0,,0
x_aq_ifu_top/x_aq_ifu_ibuf/x_aq_ifu_ibuf_entry2/ibuf_create2_pred_taken[1:0],20238,0.014071560679172866,7.669510870639391,2.4218753902274353,0.10292519023618935,-0.05888367284210959,2
x_aq_ifu_top/x_aq_ifu_ibuf/x_aq_ifu_ibuf_entry2/ibuf_entry_acc_err,0,0.0,0.0,0.0,0.0,,0
x_aq_ifu_top/x_aq_ifu_ibuf/x_aq_ifu_ibuf_entry2/ibuf_entry_create0_data_en,5366,0.0037310008204586224,4.120261647409616,1.3010947443024343,0.0,0.07728952514952678,1
x_aq_ifu_top/x_aq_ifu_ibuf/x_aq_ifu_ibuf_entry2/ibuf_entry_create0_en,0,0.0,0.0,0.0,0.0,,0
x_aq_ifu_top/x_aq_ifu_ibuf/x_aq_ifu_ibuf_entry2/ibuf_entry_create1_data_en,4012,0.0027895593163771884,3.9664464107676967,1.2525230240782452,0.0,0.047958206162320084,1
x_aq_ifu_top/x_aq_ifu_ibuf/x_aq_ifu_ibuf_entry2/ibuf_entry_create1_en,0,0.0,0.0,0.0,0.0,,0
x_aq_ifu_top/x_aq_ifu_ibuf/x_aq_ifu_ibuf_entry2/ibuf_entry_create2_data_en,0,0.0,0.0,0.0,0.0,,0
x_aq_ifu_top/x_aq_ifu_ibuf/x_aq_ifu_ibuf_entry2/ibuf_entry_create2_en,0,0.0,0.0,0.0,0.0,,0
x_aq_ifu_top/x_aq_ifu_ibuf/x_aq_ifu_ibuf_entry2/ibuf_entry_halt_info[21:0],2,1.3906078346845406e-06,1.7675000000000045,0.5581405156636975,0.0,0.013193001755075004,2
x_aq_ifu_top/x_aq_ifu_ibuf/x_aq_ifu_ibuf_entry2/ibuf_entry_inst[15:0],248534,0.17280666379274381,5.211123970965742,1.6455668573365017,0.0430082000853002,-0.019569555515509936,15
x_aq_ifu_top/x_aq_ifu_ibuf/x_aq_ifu_ibuf_entry2/ibuf_entry_pgflt,0,0.0,0.0,0.0,0.0,,0
x_aq_ifu_top/x_aq_ifu_ibuf/x_aq_ifu_ibuf_entry2/ibuf_entry_pred_taken[1:0],18552,0.012899278274533799,6.046020159551531,1.9092100761330655,0.0634432945235015,0.05995387933477079,2
x_aq_ifu_top/x_aq_ifu_ibuf/x_aq_ifu_ibuf_entry2/ibuf_entry_retire0_en,0,0.0,0.0,0.0,0.0,,0
x_aq_ifu_top/x_aq_ifu_ibuf/x_aq_ifu_ibuf_entry2/ibuf_entry_retire1_en,0,0.0,0.0,0.0,0.0,,0
x_aq_ifu_top/x_aq_ifu_ibuf/x_aq_ifu_ibuf_entry2/ibuf_entry_vld,179956,0.1251241117492456,5.363034054880083,1.6935369691161142,0.06653848718575651,-0.6065427803211448,1
x_aq_ifu_top/x_aq_ifu_ibuf/x_aq_ifu_ibuf_entry2/ibuf_flush_en,134,9.317072492386423e-05,4.726216716417911,1.4924430185232662,0.03731343283582089,0.00553815329567618,1
x_aq_ifu_top/x_aq_ifu_ibuf/x_aq_ifu_ibuf_entry2/pad_yy_icg_scan_en,0,0.0,0.0,0.0,0.0,,0
x_aq_ifu_top/x_aq_ifu_ibuf/x_aq_ifu_ibuf_entry2/vec_ibuf_warm_up,0,0.0,0.0,0.0,0.0,,0
x_aq_ifu_top/x_aq_ifu_ibuf/x_aq_ifu_ibuf_entry2/entry_acc_err_upd,0,0.0,0.0,0.0,0.0,,0
x_aq_ifu_top/x_aq_ifu_ibuf/x_aq_ifu_ibuf_entry2/entry_cpuclk,0,0.0,0.0,0.0,0.0,,0
x_aq_ifu_top/x_aq_ifu_ibuf/x_aq_ifu_ibuf_entry2/entry_create,0,0.0,0.0,0.0,0.0,,0
x_aq_ifu_top/x_aq_ifu_ibuf/x_aq_ifu_ibuf_entry2/entry_data_create,0,0.0,0.0,0.0,0.0,,0
x_aq_ifu_top/x_aq_ifu_ibuf/x_aq_ifu_ibuf_entry2/entry_halt_info_upd[21:0],259887,0.1807004491663306,4.553866215893831,1.4380182393224707,0.04199902265215267,0.42018294992062655,2
x_aq_ifu_top/x_aq_ifu_ibuf/x_aq_ifu_ibuf_entry2/entry_icg_create,11214,0.007797138129076219,4.061778669520242,1.2826270105334252,0.0,0.10075368980950275,1
x_aq_ifu_top/x_aq_ifu_ibuf/x_aq_ifu_ibuf_entry2/entry_icg_en,11214,0.007797138129076219,4.061778669520242,1.2826270105334252,0.0,0.10075368980950275,1
x_aq_ifu_top/x_aq_ifu_ibuf/x_aq_ifu_ibuf_entry2/entry_inst_upd[15:0],268372,0.18660010290497978,4.534620682336459,1.4319408916427339,0.04028736231797654,0.3288433021429229,14
x_aq_ifu_top/x_aq_ifu_ibuf/x_aq_ifu_ibuf_entry2/entry_pgflt_upd,0,0.0,0.0,0.0,0.0,,0
x_aq_ifu_top/x_aq_ifu_ibuf/x_aq_ifu_ibuf_entry2/entry_pred_taken_upd[1:0],8584,0.0059684888264660485,4.8738261882572225,1.5390550845652686,0.11812674743709227,0.04450824095230213,1
x_aq_ifu_top/x_aq_ifu_ibuf/x_aq_ifu_ibuf_entry2/entry_retire,0,0.0,0.0,0.0,0.0,,0
x_aq_ifu_top/x_aq_ifu_ibuf/x_aq_ifu_ibuf_entry2/x_ibuf_data_icg_cell/clk_in,0,0.0,0.0,0.0,0.0,,0
x_aq_ifu_top/x_aq_ifu_ibuf/x_aq_ifu_ibuf_entry2/x_ibuf_data_icg_cell/global_en,1,6.953039173422703e-07,21.131999999999998,6.673055375957693,1.0,-0.005140258898422977,1
x_aq_ifu_top/x_aq_ifu_ibuf/x_aq_ifu_ibuf_entry2/x_ibuf_data_icg_cell/module_en,0,0.0,0.0,0.0,0.0,,0
x_aq_ifu_top/x_aq_ifu_ibuf/x_aq_ifu_ibuf_entry2/x_ibuf_data_icg_cell/local_en,11214,0.007797138129076219,4.061778669520242,1.2826270105334252,0.0,0.10075368980950275,1
x_aq_ifu_top/x_aq_ifu_ibuf/x_aq_ifu_ibuf_entry2/x_ibuf_data_icg_cell/external_en,0,0.0,0.0,0.0,0.0,,0
x_aq_ifu_top/x_aq_ifu_ibuf/x_aq_ifu_ibuf_entry2/x_ibuf_data_icg_cell/pad_yy_icg_scan_en,0,0.0,0.0,0.0,0.0,,0
x_aq_ifu_top/x_aq_ifu_ibuf/x_aq_ifu_ibuf_entry2/x_ibuf_data_icg_cell/clk_out,0,0.0,0.0,0.0,0.0,,0
x_aq_ifu_top/x_aq_ifu_ibuf/x_aq_ifu_ibuf_entry2/x_ibuf_data_icg_cell/clk_en_bf_latch,11214,0.007797138129076219,4.061778669520242,1.2826270105334252,0.0,0.10075368980950275,1
x_aq_ifu_top/x_aq_ifu_ibuf/x_aq_ifu_ibuf_entry2/x_ibuf_data_icg_cell/SE,0,0.0,0.0,0.0,0.0,,0
x_aq_ifu_top/x_aq_ifu_ibuf/x_aq_ifu_ibuf_entry3/cp0_ifu_icg_en,0,0.0,0.0,0.0,0.0,,0
x_aq_ifu_top/x_aq_ifu_ibuf/x_aq_ifu_ibuf_entry3/cp0_yy_clk_en,1,6.953039173422703e-07,21.131999999999998,6.673055375957693,1.0,-0.005140258898422977,1
x_aq_ifu_top/x_aq_ifu_ibuf/x_aq_ifu_ibuf_entry3/cpurst_b,3,2.0859117520268108e-06,11.372333333333332,3.5911513385946847,0.3333333333333333,0.0012751758732577007,1
x_aq_ifu_top/x_aq_ifu_ibuf/x_aq_ifu_ibuf_entry3/forever_cpuclk,0,0.0,0.0,0.0,0.0,,0
x_aq_ifu_top/x_aq_ifu_ibuf/x_aq_ifu_ibuf_entry3/ibuf_cpuclk,0,0.0,0.0,0.0,0.0,,0
x_aq_ifu_top/x_aq_ifu_ibuf/x_aq_ifu_ibuf_entry3/ibuf_create0_acc_err,0,0.0,0.0,0.0,0.0,,0
x_aq_ifu_top/x_aq_ifu_ibuf/x_aq_ifu_ibuf_entry3/ibuf_create0_halt_info[21:0],1,6.953039173422703e-07,21.131999999999998,6.673055375957693,1.0,-0.005140258898422977,1
x_aq_ifu_top/x_aq_ifu_ibuf/x_aq_ifu_ibuf_entry3/ibuf_create0_inst[15:0],721484,0.5016506514997705,5.3837121649821755,1.700066695303007,0.039622500291066745,0.12900045563827742,14
x_aq_ifu_top/x_aq_ifu_ibuf/x_aq_ifu_ibuf_entry3/ibuf_create0_pgflt,0,0.0,0.0,0.0,0.0,,0
x_aq_ifu_top/x_aq_ifu_ibuf/x_aq_ifu_ibuf_entry3/ibuf_create0_pred_taken[1:0],71516,0.049725354952649806,6.480120168913251,2.046290021295592,0.09006376195536663,0.06441065533157327,2
x_aq_ifu_top/x_aq_ifu_ibuf/x_aq_ifu_ibuf_entry3/ibuf_create1_acc_err,0,0.0,0.0,0.0,0.0,,0
x_aq_ifu_top/x_aq_ifu_ibuf/x_aq_ifu_ibuf_entry3/ibuf_create1_halt_info[21:0],1,6.953039173422703e-07,21.131999999999998,6.673055375957693,1.0,-0.005140258898422977,1
x_aq_ifu_top/x_aq_ifu_ibuf/x_aq_ifu_ibuf_entry3/ibuf_create1_inst[15:0],663521,0.46134875053886054,5.107139517211965,1.6127306838490103,0.03658211269876914,0.10862692085869402,14
x_aq_ifu_top/x_aq_ifu_ibuf/x_aq_ifu_ibuf_entry3/ibuf_create1_pgflt,0,0.0,0.0,0.0,0.0,,0
x_aq_ifu_top/x_aq_ifu_ibuf/x_aq_ifu_ibuf_entry3/ibuf_create1_pred_taken[1:0],20238,0.014071560679172866,7.669510870639391,2.4218753902274353,0.10292519023618935,-0.05888367284210959,2
x_aq_ifu_top/x_aq_ifu_ibuf/x_aq_ifu_ibuf_entry3/ibuf_create2_acc_err,0,0.0,0.0,0.0,0.0,,0
x_aq_ifu_top/x_aq_ifu_ibuf/x_aq_ifu_ibuf_entry3/ibuf_create2_halt_info[21:0],1,6.953039173422703e-07,21.131999999999998,6.673055375957693,1.0,-0.005140258898422977,1
x_aq_ifu_top/x_aq_ifu_ibuf/x_aq_ifu_ibuf_entry3/ibuf_create2_inst[15:0],621017,0.4317955528361447,4.837435655706687,1.5275636952566223,0.029603054344728083,0.18588187458121797,14
x_aq_ifu_top/x_aq_ifu_ibuf/x_aq_ifu_ibuf_entry3/ibuf_create2_pgflt,0,0.0,0.0,0.0,0.0,,0
x_aq_ifu_top/x_aq_ifu_ibuf/x_aq_ifu_ibuf_entry3/ibuf_create2_pred_taken[1:0],20238,0.014071560679172866,7.669510870639391,2.4218753902274353,0.10292519023618935,-0.05888367284210959,2
x_aq_ifu_top/x_aq_ifu_ibuf/x_aq_ifu_ibuf_entry3/ibuf_entry_acc_err,0,0.0,0.0,0.0,0.0,,0
x_aq_ifu_top/x_aq_ifu_ibuf/x_aq_ifu_ibuf_entry3/ibuf_entry_create0_data_en,5420,0.003768547231995105,4.1020699261992615,1.2953501691074372,0.0,0.07633800326037261,1
x_aq_ifu_top/x_aq_ifu_ibuf/x_aq_ifu_ibuf_entry3/ibuf_entry_create0_en,0,0.0,0.0,0.0,0.0,,0
x_aq_ifu_top/x_aq_ifu_ibuf/x_aq_ifu_ibuf_entry3/ibuf_entry_create1_data_en,4162,0.002893854903978529,4.018665064872658,1.2690126119308094,0.0,0.04833609106553291,1
x_aq_ifu_top/x_aq_ifu_ibuf/x_aq_ifu_ibuf_entry3/ibuf_entry_create1_en,0,0.0,0.0,0.0,0.0,,0
x_aq_ifu_top/x_aq_ifu_ibuf/x_aq_ifu_ibuf_entry3/ibuf_entry_create2_data_en,0,0.0,0.0,0.0,0.0,,0
x_aq_ifu_top/x_aq_ifu_ibuf/x_aq_ifu_ibuf_entry3/ibuf_entry_create2_en,0,0.0,0.0,0.0,0.0,,0
x_aq_ifu_top/x_aq_ifu_ibuf/x_aq_ifu_ibuf_entry3/ibuf_entry_halt_info[21:0],2,1.3906078346845406e-06,5.5584999999999996,1.7552611351155045,0.0,0.013188093127071594,2
x_aq_ifu_top/x_aq_ifu_ibuf/x_aq_ifu_ibuf_entry3/ibuf_entry_inst[15:0],248439,0.17274060992059628,5.2256328152987255,1.6501484549929066,0.04348351104295219,-0.010717538964087248,15
x_aq_ifu_top/x_aq_ifu_ibuf/x_aq_ifu_ibuf_entry3/ibuf_entry_pgflt,0,0.0,0.0,0.0,0.0,,0
x_aq_ifu_top/x_aq_ifu_ibuf/x_aq_ifu_ibuf_entry3/ibuf_entry_pred_taken[1:0],18776,0.013055026352018467,5.9938552407328505,1.892737456789918,0.06492330634853004,0.05392900629102756,2
x_aq_ifu_top/x_aq_ifu_ibuf/x_aq_ifu_ibuf_entry3/ibuf_entry_retire0_en,0,0.0,0.0,0.0,0.0,,0
x_aq_ifu_top/x_aq_ifu_ibuf/x_aq_ifu_ibuf_entry3/ibuf_entry_retire1_en,0,0.0,0.0,0.0,0.0,,0
x_aq_ifu_top/x_aq_ifu_ibuf/x_aq_ifu_ibuf_entry3/ibuf_entry_vld,179894,0.12508100290637036,5.431668035065094,1.7152101827469568,0.0666614784261843,-0.60170256774281,1
x_aq_ifu_top/x_aq_ifu_ibuf/x_aq_ifu_ibuf_entry3/ibuf_flush_en,134,9.317072492386423e-05,4.726216716417911,1.4924430185232662,0.03731343283582089,0.00553815329567618,1
x_aq_ifu_top/x_aq_ifu_ibuf/x_aq_ifu_ibuf_entry3/pad_yy_icg_scan_en,0,0.0,0.0,0.0,0.0,,0
x_aq_ifu_top/x_aq_ifu_ibuf/x_aq_ifu_ibuf_entry3/vec_ibuf_warm_up,0,0.0,0.0,0.0,0.0,,0
x_aq_ifu_top/x_aq_ifu_ibuf/x_aq_ifu_ibuf_entry3/entry_acc_err_upd,0,0.0,0.0,0.0,0.0,,0
x_aq_ifu_top/x_aq_ifu_ibuf/x_aq_ifu_ibuf_entry3/entry_cpuclk,0,0.0,0.0,0.0,0.0,,0
x_aq_ifu_top/x_aq_ifu_ibuf/x_aq_ifu_ibuf_entry3/entry_create,0,0.0,0.0,0.0,0.0,,0
x_aq_ifu_top/x_aq_ifu_ibuf/x_aq_ifu_ibuf_entry3/entry_data_create,0,0.0,0.0,0.0,0.0,,0
x_aq_ifu_top/x_aq_ifu_ibuf/x_aq_ifu_ibuf_entry3/entry_halt_info_upd[21:0],259816,0.1806510825881993,4.582734238114666,1.4471341730189504,0.042345352095329004,0.42019683554048165,2
x_aq_ifu_top/x_aq_ifu_ibuf/x_aq_ifu_ibuf_entry3/entry_icg_create,11356,0.00789587128533882,4.087788217682282,1.2908402963174934,0.0,0.10010106202150947,1
x_aq_ifu_top/x_aq_ifu_ibuf/x_aq_ifu_ibuf_entry3/entry_icg_en,11356,0.00789587128533882,4.087788217682282,1.2908402963174934,0.0,0.10010106202150947,1
x_aq_ifu_top/x_aq_ifu_ibuf/x_aq_ifu_ibuf_entry3/entry_inst_upd[15:0],268485,0.18667867224763945,4.561695498742947,1.440490567450721,0.040657764865821185,0.32638488719495784,13
x_aq_ifu_top/x_aq_ifu_ibuf/x_aq_ifu_ibuf_entry3/entry_pgflt_upd,0,0.0,0.0,0.0,0.0,,0
x_aq_ifu_top/x_aq_ifu_ibuf/x_aq_ifu_ibuf_entry3/entry_pred_taken_upd[1:0],8634,0.006003254022333162,4.304315445911513,1.35921518673848,0.11130414639796155,0.061194869389162417,1
x_aq_ifu_top/x_aq_ifu_ibuf/x_aq_ifu_ibuf_entry3/entry_retire,0,0.0,0.0,0.0,0.0,,0
x_aq_ifu_top/x_aq_ifu_ibuf/x_aq_ifu_ibuf_entry3/x_ibuf_data_icg_cell/clk_in,0,0.0,0.0,0.0,0.0,,0
x_aq_ifu_top/x_aq_ifu_ibuf/x_aq_ifu_ibuf_entry3/x_ibuf_data_icg_cell/global_en,1,6.953039173422703e-07,21.131999999999998,6.673055375957693,1.0,-0.005140258898422977,1
x_aq_ifu_top/x_aq_ifu_ibuf/x_aq_ifu_ibuf_entry3/x_ibuf_data_icg_cell/module_en,0,0.0,0.0,0.0,0.0,,0
x_aq_ifu_top/x_aq_ifu_ibuf/x_aq_ifu_ibuf_entry3/x_ibuf_data_icg_cell/local_en,11356,0.00789587128533882,4.087788217682282,1.2908402963174934,0.0,0.10010106202150947,1
x_aq_ifu_top/x_aq_ifu_ibuf/x_aq_ifu_ibuf_entry3/x_ibuf_data_icg_cell/external_en,0,0.0,0.0,0.0,0.0,,0
x_aq_ifu_top/x_aq_ifu_ibuf/x_aq_ifu_ibuf_entry3/x_ibuf_data_icg_cell/pad_yy_icg_scan_en,0,0.0,0.0,0.0,0.0,,0
x_aq_ifu_top/x_aq_ifu_ibuf/x_aq_ifu_ibuf_entry3/x_ibuf_data_icg_cell/clk_out,0,0.0,0.0,0.0,0.0,,0
x_aq_ifu_top/x_aq_ifu_ibuf/x_aq_ifu_ibuf_entry3/x_ibuf_data_icg_cell/clk_en_bf_latch,11356,0.00789587128533882,4.087788217682282,1.2908402963174934,0.0,0.10010106202150947,1
x_aq_ifu_top/x_aq_ifu_ibuf/x_aq_ifu_ibuf_entry3/x_ibuf_data_icg_cell/SE,0,0.0,0.0,0.0,0.0,,0
x_aq_ifu_top/x_aq_ifu_ibuf/x_aq_ifu_ibuf_entry4/cp0_ifu_icg_en,0,0.0,0.0,0.0,0.0,,0
x_aq_ifu_top/x_aq_ifu_ibuf/x_aq_ifu_ibuf_entry4/cp0_yy_clk_en,1,6.953039173422703e-07,21.131999999999998,6.673055375957693,1.0,-0.005140258898422977,1
x_aq_ifu_top/x_aq_ifu_ibuf/x_aq_ifu_ibuf_entry4/cpurst_b,3,2.0859117520268108e-06,11.372333333333332,3.5911513385946847,0.3333333333333333,0.0012751758732577007,1
x_aq_ifu_top/x_aq_ifu_ibuf/x_aq_ifu_ibuf_entry4/forever_cpuclk,0,0.0,0.0,0.0,0.0,,0
x_aq_ifu_top/x_aq_ifu_ibuf/x_aq_ifu_ibuf_entry4/ibuf_cpuclk,0,0.0,0.0,0.0,0.0,,0
x_aq_ifu_top/x_aq_ifu_ibuf/x_aq_ifu_ibuf_entry4/ibuf_create0_acc_err,0,0.0,0.0,0.0,0.0,,0
x_aq_ifu_top/x_aq_ifu_ibuf/x_aq_ifu_ibuf_entry4/ibuf_create0_halt_info[21:0],1,6.953039173422703e-07,21.131999999999998,6.673055375957693,1.0,-0.005140258898422977,1
x_aq_ifu_top/x_aq_ifu_ibuf/x_aq_ifu_ibuf_entry4/ibuf_create0_inst[15:0],721484,0.5016506514997705,5.3837121649821755,1.700066695303007,0.039622500291066745,0.12900045563827742,14
x_aq_ifu_top/x_aq_ifu_ibuf/x_aq_ifu_ibuf_entry4/ibuf_create0_pgflt,0,0.0,0.0,0.0,0.0,,0
x_aq_ifu_top/x_aq_ifu_ibuf/x_aq_ifu_ibuf_entry4/ibuf_create0_pred_taken[1:0],71516,0.049725354952649806,6.480120168913251,2.046290021295592,0.09006376195536663,0.06441065533157327,2
x_aq_ifu_top/x_aq_ifu_ibuf/x_aq_ifu_ibuf_entry4/ibuf_create1_acc_err,0,0.0,0.0,0.0,0.0,,0
x_aq_ifu_top/x_aq_ifu_ibuf/x_aq_ifu_ibuf_entry4/ibuf_create1_halt_info[21:0],1,6.953039173422703e-07,21.131999999999998,6.673055375957693,1.0,-0.005140258898422977,1
x_aq_ifu_top/x_aq_ifu_ibuf/x_aq_ifu_ibuf_entry4/ibuf_create1_inst[15:0],663521,0.46134875053886054,5.107139517211965,1.6127306838490103,0.03658211269876914,0.10862692085869402,14
x_aq_ifu_top/x_aq_ifu_ibuf/x_aq_ifu_ibuf_entry4/ibuf_create1_pgflt,0,0.0,0.0,0.0,0.0,,0
x_aq_ifu_top/x_aq_ifu_ibuf/x_aq_ifu_ibuf_entry4/ibuf_create1_pred_taken[1:0],20238,0.014071560679172866,7.669510870639391,2.4218753902274353,0.10292519023618935,-0.05888367284210959,2
x_aq_ifu_top/x_aq_ifu_ibuf/x_aq_ifu_ibuf_entry4/ibuf_create2_acc_err,0,0.0,0.0,0.0,0.0,,0
x_aq_ifu_top/x_aq_ifu_ibuf/x_aq_ifu_ibuf_entry4/ibuf_create2_halt_info[21:0],1,6.953039173422703e-07,21.131999999999998,6.673055375957693,1.0,-0.005140258898422977,1
x_aq_ifu_top/x_aq_ifu_ibuf/x_aq_ifu_ibuf_entry4/ibuf_create2_inst[15:0],621017,0.4317955528361447,4.837435655706687,1.5275636952566223,0.029603054344728083,0.18588187458121797,14
x_aq_ifu_top/x_aq_ifu_ibuf/x_aq_ifu_ibuf_entry4/ibuf_create2_pgflt,0,0.0,0.0,0.0,0.0,,0
x_aq_ifu_top/x_aq_ifu_ibuf/x_aq_ifu_ibuf_entry4/ibuf_create2_pred_taken[1:0],20238,0.014071560679172866,7.669510870639391,2.4218753902274353,0.10292519023618935,-0.05888367284210959,2
x_aq_ifu_top/x_aq_ifu_ibuf/x_aq_ifu_ibuf_entry4/ibuf_entry_acc_err,0,0.0,0.0,0.0,0.0,,0
x_aq_ifu_top/x_aq_ifu_ibuf/x_aq_ifu_ibuf_entry4/ibuf_entry_create0_data_en,5588,0.0038853582901086066,4.0307453471725125,1.2728273191399773,0.0,0.07872994650469502,1
x_aq_ifu_top/x_aq_ifu_ibuf/x_aq_ifu_ibuf_entry4/ibuf_entry_create0_en,0,0.0,0.0,0.0,0.0,,0
x_aq_ifu_top/x_aq_ifu_ibuf/x_aq_ifu_ibuf_entry4/ibuf_entry_create1_data_en,4190,0.0029133234136641127,4.013422434367541,1.2673570959514262,0.0,0.04774483972581957,1
x_aq_ifu_top/x_aq_ifu_ibuf/x_aq_ifu_ibuf_entry4/ibuf_entry_create1_en,0,0.0,0.0,0.0,0.0,,0
x_aq_ifu_top/x_aq_ifu_ibuf/x_aq_ifu_ibuf_entry4/ibuf_entry_create2_data_en,0,0.0,0.0,0.0,0.0,,0
x_aq_ifu_top/x_aq_ifu_ibuf/x_aq_ifu_ibuf_entry4/ibuf_entry_create2_en,0,0.0,0.0,0.0,0.0,,0
x_aq_ifu_top/x_aq_ifu_ibuf/x_aq_ifu_ibuf_entry4/ibuf_entry_halt_info[21:0],2,1.3906078346845406e-06,5.5584999999999996,1.7552611351155045,0.0,0.013188093127071594,2
x_aq_ifu_top/x_aq_ifu_ibuf/x_aq_ifu_ibuf_entry4/ibuf_entry_inst[15:0],248512,0.1727913671065623,5.196383044360031,1.6409119728233066,0.043583408447077004,-0.0034294761268654547,14
x_aq_ifu_top/x_aq_ifu_ibuf/x_aq_ifu_ibuf_entry4/ibuf_entry_pgflt,0,0.0,0.0,0.0,0.0,,0
x_aq_ifu_top/x_aq_ifu_ibuf/x_aq_ifu_ibuf_entry4/ibuf_entry_pred_taken[1:0],18054,0.012553016923697348,6.01247280381079,1.8986165041770313,0.06519330896200289,0.059491560791532005,2
x_aq_ifu_top/x_aq_ifu_ibuf/x_aq_ifu_ibuf_entry4/ibuf_entry_retire0_en,0,0.0,0.0,0.0,0.0,,0
x_aq_ifu_top/x_aq_ifu_ibuf/x_aq_ifu_ibuf_entry4/ibuf_entry_retire1_en,0,0.0,0.0,0.0,0.0,,0
x_aq_ifu_top/x_aq_ifu_ibuf/x_aq_ifu_ibuf_entry4/ibuf_entry_vld,179806,0.12501981616164426,5.386424434668476,1.7009231748511433,0.06782865977776048,-0.6046111019660916,1
x_aq_ifu_top/x_aq_ifu_ibuf/x_aq_ifu_ibuf_entry4/ibuf_flush_en,134,9.317072492386423e-05,4.726216716417911,1.4924430185232662,0.03731343283582089,0.00553815329567618,1
x_aq_ifu_top/x_aq_ifu_ibuf/x_aq_ifu_ibuf_entry4/pad_yy_icg_scan_en,0,0.0,0.0,0.0,0.0,,0
x_aq_ifu_top/x_aq_ifu_ibuf/x_aq_ifu_ibuf_entry4/vec_ibuf_warm_up,0,0.0,0.0,0.0,0.0,,0
x_aq_ifu_top/x_aq_ifu_ibuf/x_aq_ifu_ibuf_entry4/entry_acc_err_upd,0,0.0,0.0,0.0,0.0,,0
x_aq_ifu_top/x_aq_ifu_ibuf/x_aq_ifu_ibuf_entry4/entry_cpuclk,0,0.0,0.0,0.0,0.0,,0
x_aq_ifu_top/x_aq_ifu_ibuf/x_aq_ifu_ibuf_entry4/entry_create,0,0.0,0.0,0.0,0.0,,0
x_aq_ifu_top/x_aq_ifu_ibuf/x_aq_ifu_ibuf_entry4/entry_data_create,0,0.0,0.0,0.0,0.0,,0
x_aq_ifu_top/x_aq_ifu_ibuf/x_aq_ifu_ibuf_entry4/entry_halt_info_upd[21:0],260320,0.1810015157625398,4.559049709319299,1.4396550810160662,0.04225952673632452,0.42157388121203376,2
x_aq_ifu_top/x_aq_ifu_ibuf/x_aq_ifu_ibuf_entry4/entry_icg_create,11588,0.008057181794162229,4.054031411805316,1.2801805842726115,0.0,0.10187668605102652,1
x_aq_ifu_top/x_aq_ifu_ibuf/x_aq_ifu_ibuf_entry4/entry_icg_en,11588,0.008057181794162229,4.054031411805316,1.2801805842726115,0.0,0.10187668605102652,1
x_aq_ifu_top/x_aq_ifu_ibuf/x_aq_ifu_ibuf_entry4/entry_inst_upd[15:0],268825,0.18691507557953582,4.539969610192505,1.4336299741614447,0.04058030317120803,0.32992247595480806,13
x_aq_ifu_top/x_aq_ifu_ibuf/x_aq_ifu_ibuf_entry4/entry_pgflt_upd,0,0.0,0.0,0.0,0.0,,0
x_aq_ifu_top/x_aq_ifu_ibuf/x_aq_ifu_ibuf_entry4/entry_pred_taken_upd[1:0],8346,0.005803006494138588,4.900323903666426,1.5474225236274484,0.11802060867481429,0.04388383818725717,1
x_aq_ifu_top/x_aq_ifu_ibuf/x_aq_ifu_ibuf_entry4/entry_retire,0,0.0,0.0,0.0,0.0,,0
x_aq_ifu_top/x_aq_ifu_ibuf/x_aq_ifu_ibuf_entry4/x_ibuf_data_icg_cell/clk_in,0,0.0,0.0,0.0,0.0,,0
x_aq_ifu_top/x_aq_ifu_ibuf/x_aq_ifu_ibuf_entry4/x_ibuf_data_icg_cell/global_en,1,6.953039173422703e-07,21.131999999999998,6.673055375957693,1.0,-0.005140258898422977,1
x_aq_ifu_top/x_aq_ifu_ibuf/x_aq_ifu_ibuf_entry4/x_ibuf_data_icg_cell/module_en,0,0.0,0.0,0.0,0.0,,0
x_aq_ifu_top/x_aq_ifu_ibuf/x_aq_ifu_ibuf_entry4/x_ibuf_data_icg_cell/local_en,11588,0.008057181794162229,4.054031411805316,1.2801805842726115,0.0,0.10187668605102652,1
x_aq_ifu_top/x_aq_ifu_ibuf/x_aq_ifu_ibuf_entry4/x_ibuf_data_icg_cell/external_en,0,0.0,0.0,0.0,0.0,,0
x_aq_ifu_top/x_aq_ifu_ibuf/x_aq_ifu_ibuf_entry4/x_ibuf_data_icg_cell/pad_yy_icg_scan_en,0,0.0,0.0,0.0,0.0,,0
x_aq_ifu_top/x_aq_ifu_ibuf/x_aq_ifu_ibuf_entry4/x_ibuf_data_icg_cell/clk_out,0,0.0,0.0,0.0,0.0,,0
x_aq_ifu_top/x_aq_ifu_ibuf/x_aq_ifu_ibuf_entry4/x_ibuf_data_icg_cell/clk_en_bf_latch,11588,0.008057181794162229,4.054031411805316,1.2801805842726115,0.0,0.10187668605102652,1
x_aq_ifu_top/x_aq_ifu_ibuf/x_aq_ifu_ibuf_entry4/x_ibuf_data_icg_cell/SE,0,0.0,0.0,0.0,0.0,,0
x_aq_ifu_top/x_aq_ifu_ibuf/x_aq_ifu_ibuf_entry5/cp0_ifu_icg_en,0,0.0,0.0,0.0,0.0,,0
x_aq_ifu_top/x_aq_ifu_ibuf/x_aq_ifu_ibuf_entry5/cp0_yy_clk_en,1,6.953039173422703e-07,21.131999999999998,6.673055375957693,1.0,-0.005140258898422977,1
x_aq_ifu_top/x_aq_ifu_ibuf/x_aq_ifu_ibuf_entry5/cpurst_b,3,2.0859117520268108e-06,11.372333333333332,3.5911513385946847,0.3333333333333333,0.0012751758732577007,1
x_aq_ifu_top/x_aq_ifu_ibuf/x_aq_ifu_ibuf_entry5/forever_cpuclk,0,0.0,0.0,0.0,0.0,,0
x_aq_ifu_top/x_aq_ifu_ibuf/x_aq_ifu_ibuf_entry5/ibuf_cpuclk,0,0.0,0.0,0.0,0.0,,0
x_aq_ifu_top/x_aq_ifu_ibuf/x_aq_ifu_ibuf_entry5/ibuf_create0_acc_err,0,0.0,0.0,0.0,0.0,,0
x_aq_ifu_top/x_aq_ifu_ibuf/x_aq_ifu_ibuf_entry5/ibuf_create0_halt_info[21:0],1,6.953039173422703e-07,21.131999999999998,6.673055375957693,1.0,-0.005140258898422977,1
x_aq_ifu_top/x_aq_ifu_ibuf/x_aq_ifu_ibuf_entry5/ibuf_create0_inst[15:0],721484,0.5016506514997705,5.3837121649821755,1.700066695303007,0.039622500291066745,0.12900045563827742,14
x_aq_ifu_top/x_aq_ifu_ibuf/x_aq_ifu_ibuf_entry5/ibuf_create0_pgflt,0,0.0,0.0,0.0,0.0,,0
x_aq_ifu_top/x_aq_ifu_ibuf/x_aq_ifu_ibuf_entry5/ibuf_create0_pred_taken[1:0],71516,0.049725354952649806,6.480120168913251,2.046290021295592,0.09006376195536663,0.06441065533157327,2
x_aq_ifu_top/x_aq_ifu_ibuf/x_aq_ifu_ibuf_entry5/ibuf_create1_acc_err,0,0.0,0.0,0.0,0.0,,0
x_aq_ifu_top/x_aq_ifu_ibuf/x_aq_ifu_ibuf_entry5/ibuf_create1_halt_info[21:0],1,6.953039173422703e-07,21.131999999999998,6.673055375957693,1.0,-0.005140258898422977,1
x_aq_ifu_top/x_aq_ifu_ibuf/x_aq_ifu_ibuf_entry5/ibuf_create1_inst[15:0],663521,0.46134875053886054,5.107139517211965,1.6127306838490103,0.03658211269876914,0.10862692085869402,14
x_aq_ifu_top/x_aq_ifu_ibuf/x_aq_ifu_ibuf_entry5/ibuf_create1_pgflt,0,0.0,0.0,0.0,0.0,,0
x_aq_ifu_top/x_aq_ifu_ibuf/x_aq_ifu_ibuf_entry5/ibuf_create1_pred_taken[1:0],20238,0.014071560679172866,7.669510870639391,2.4218753902274353,0.10292519023618935,-0.05888367284210959,2
x_aq_ifu_top/x_aq_ifu_ibuf/x_aq_ifu_ibuf_entry5/ibuf_create2_acc_err,0,0.0,0.0,0.0,0.0,,0
x_aq_ifu_top/x_aq_ifu_ibuf/x_aq_ifu_ibuf_entry5/ibuf_create2_halt_info[21:0],1,6.953039173422703e-07,21.131999999999998,6.673055375957693,1.0,-0.005140258898422977,1
x_aq_ifu_top/x_aq_ifu_ibuf/x_aq_ifu_ibuf_entry5/ibuf_create2_inst[15:0],621017,0.4317955528361447,4.837435655706687,1.5275636952566223,0.029603054344728083,0.18588187458121797,14
x_aq_ifu_top/x_aq_ifu_ibuf/x_aq_ifu_ibuf_entry5/ibuf_create2_pgflt,0,0.0,0.0,0.0,0.0,,0
x_aq_ifu_top/x_aq_ifu_ibuf/x_aq_ifu_ibuf_entry5/ibuf_create2_pred_taken[1:0],20238,0.014071560679172866,7.669510870639391,2.4218753902274353,0.10292519023618935,-0.05888367284210959,2
x_aq_ifu_top/x_aq_ifu_ibuf/x_aq_ifu_ibuf_entry5/ibuf_entry_acc_err,0,0.0,0.0,0.0,0.0,,0
x_aq_ifu_top/x_aq_ifu_ibuf/x_aq_ifu_ibuf_entry5/ibuf_entry_create0_data_en,5444,0.0037852345260113197,4.078183872152829,1.287807439533097,0.0,0.0777167882030189,1
x_aq_ifu_top/x_aq_ifu_ibuf/x_aq_ifu_ibuf_entry5/ibuf_entry_create0_en,0,0.0,0.0,0.0,0.0,,0
x_aq_ifu_top/x_aq_ifu_ibuf/x_aq_ifu_ibuf_entry5/ibuf_entry_create1_data_en,4298,0.0029884162367370777,3.969272452303397,1.2534154304601535,0.0,0.04928070141623277,1
x_aq_ifu_top/x_aq_ifu_ibuf/x_aq_ifu_ibuf_entry5/ibuf_entry_create1_en,0,0.0,0.0,0.0,0.0,,0
x_aq_ifu_top/x_aq_ifu_ibuf/x_aq_ifu_ibuf_entry5/ibuf_entry_create2_data_en,0,0.0,0.0,0.0,0.0,,0
x_aq_ifu_top/x_aq_ifu_ibuf/x_aq_ifu_ibuf_entry5/ibuf_entry_create2_en,0,0.0,0.0,0.0,0.0,,0
x_aq_ifu_top/x_aq_ifu_ibuf/x_aq_ifu_ibuf_entry5/ibuf_entry_halt_info[21:0],2,1.3906078346845406e-06,5.226499999999999,1.6504222942666515,0.0,0.018263707147678755,2
x_aq_ifu_top/x_aq_ifu_ibuf/x_aq_ifu_ibuf_entry5/ibuf_entry_inst[15:0],248348,0.17267733726411816,5.215954914555382,1.6470923709694656,0.04297195870311015,-0.0195122858193001,13
x_aq_ifu_top/x_aq_ifu_ibuf/x_aq_ifu_ibuf_entry5/ibuf_entry_pgflt,0,0.0,0.0,0.0,0.0,,0
x_aq_ifu_top/x_aq_ifu_ibuf/x_aq_ifu_ibuf_entry5/ibuf_entry_pred_taken[1:0],18092,0.012579438472556355,5.999533606013708,1.8945305689404044,0.06328764094627459,0.05277322861084328,2
x_aq_ifu_top/x_aq_ifu_ibuf/x_aq_ifu_ibuf_entry5/ibuf_entry_retire0_en,0,0.0,0.0,0.0,0.0,,0
x_aq_ifu_top/x_aq_ifu_ibuf/x_aq_ifu_ibuf_entry5/ibuf_entry_retire1_en,0,0.0,0.0,0.0,0.0,,0
x_aq_ifu_top/x_aq_ifu_ibuf/x_aq_ifu_ibuf_entry5/ibuf_entry_vld,179792,0.12501008190680146,5.462530517264395,1.7249559262996468,0.06697183411942689,-0.6057282610999201,1
x_aq_ifu_top/x_aq_ifu_ibuf/x_aq_ifu_ibuf_entry5/ibuf_flush_en,134,9.317072492386423e-05,4.726216716417911,1.4924430185232662,0.03731343283582089,0.00553815329567618,1
x_aq_ifu_top/x_aq_ifu_ibuf/x_aq_ifu_ibuf_entry5/pad_yy_icg_scan_en,0,0.0,0.0,0.0,0.0,,0
x_aq_ifu_top/x_aq_ifu_ibuf/x_aq_ifu_ibuf_entry5/vec_ibuf_warm_up,0,0.0,0.0,0.0,0.0,,0
x_aq_ifu_top/x_aq_ifu_ibuf/x_aq_ifu_ibuf_entry5/entry_acc_err_upd,0,0.0,0.0,0.0,0.0,,0
x_aq_ifu_top/x_aq_ifu_ibuf/x_aq_ifu_ibuf_entry5/entry_cpuclk,0,0.0,0.0,0.0,0.0,,0
x_aq_ifu_top/x_aq_ifu_ibuf/x_aq_ifu_ibuf_entry5/entry_create,0,0.0,0.0,0.0,0.0,,0
x_aq_ifu_top/x_aq_ifu_ibuf/x_aq_ifu_ibuf_entry5/entry_data_create,0,0.0,0.0,0.0,0.0,,0
x_aq_ifu_top/x_aq_ifu_ibuf/x_aq_ifu_ibuf_entry5/entry_halt_info_upd[21:0],260363,0.18103141383098553,4.587572106750959,1.448661873440661,0.041661065512380795,0.42189539875339127,2
x_aq_ifu_top/x_aq_ifu_ibuf/x_aq_ifu_ibuf_entry5/entry_icg_create,11694,0.00813088400940051,4.067963485548145,1.2845800495190538,0.0,0.10216486422930605,1
x_aq_ifu_top/x_aq_ifu_ibuf/x_aq_ifu_ibuf_entry5/entry_icg_en,11694,0.00813088400940051,4.067963485548145,1.2845800495190538,0.0,0.10216486422930605,1
x_aq_ifu_top/x_aq_ifu_ibuf/x_aq_ifu_ibuf_entry5/entry_inst_upd[15:0],269066,0.1870826438236153,4.568029656181012,1.4424907654132537,0.039960455798948954,0.32820496885293743,14
x_aq_ifu_top/x_aq_ifu_ibuf/x_aq_ifu_ibuf_entry5/entry_pgflt_upd,0,0.0,0.0,0.0,0.0,,0
x_aq_ifu_top/x_aq_ifu_ibuf/x_aq_ifu_ibuf_entry5/entry_pred_taken_upd[1:0],8316,0.0057821473766183195,4.3165347522847535,1.3630737949196474,0.10894660894660894,0.06122169592150766,1
x_aq_ifu_top/x_aq_ifu_ibuf/x_aq_ifu_ibuf_entry5/entry_retire,0,0.0,0.0,0.0,0.0,,0
x_aq_ifu_top/x_aq_ifu_ibuf/x_aq_ifu_ibuf_entry5/x_ibuf_data_icg_cell/clk_in,0,0.0,0.0,0.0,0.0,,0
x_aq_ifu_top/x_aq_ifu_ibuf/x_aq_ifu_ibuf_entry5/x_ibuf_data_icg_cell/global_en,1,6.953039173422703e-07,21.131999999999998,6.673055375957693,1.0,-0.005140258898422977,1
x_aq_ifu_top/x_aq_ifu_ibuf/x_aq_ifu_ibuf_entry5/x_ibuf_data_icg_cell/module_en,0,0.0,0.0,0.0,0.0,,0
x_aq_ifu_top/x_aq_ifu_ibuf/x_aq_ifu_ibuf_entry5/x_ibuf_data_icg_cell/local_en,11694,0.00813088400940051,4.067963485548145,1.2845800495190538,0.0,0.10216486422930605,1
x_aq_ifu_top/x_aq_ifu_ibuf/x_aq_ifu_ibuf_entry5/x_ibuf_data_icg_cell/external_en,0,0.0,0.0,0.0,0.0,,0
x_aq_ifu_top/x_aq_ifu_ibuf/x_aq_ifu_ibuf_entry5/x_ibuf_data_icg_cell/pad_yy_icg_scan_en,0,0.0,0.0,0.0,0.0,,0
x_aq_ifu_top/x_aq_ifu_ibuf/x_aq_ifu_ibuf_entry5/x_ibuf_data_icg_cell/clk_out,0,0.0,0.0,0.0,0.0,,0
x_aq_ifu_top/x_aq_ifu_ibuf/x_aq_ifu_ibuf_entry5/x_ibuf_data_icg_cell/clk_en_bf_latch,11694,0.00813088400940051,4.067963485548145,1.2845800495190538,0.0,0.10216486422930605,1
x_aq_ifu_top/x_aq_ifu_ibuf/x_aq_ifu_ibuf_entry5/x_ibuf_data_icg_cell/SE,0,0.0,0.0,0.0,0.0,,0
x_aq_ifu_top/x_aq_ifu_ibuf/x_aq_ifu_ibuf_pop_entry0/cp0_ifu_icg_en,0,0.0,0.0,0.0,0.0,,0
x_aq_ifu_top/x_aq_ifu_ibuf/x_aq_ifu_ibuf_pop_entry0/cp0_yy_clk_en,1,6.953039173422703e-07,21.131999999999998,6.673055375957693,1.0,-0.005140258898422977,1
x_aq_ifu_top/x_aq_ifu_ibuf/x_aq_ifu_ibuf_pop_entry0/cpurst_b,3,2.0859117520268108e-06,11.372333333333332,3.5911513385946847,0.3333333333333333,0.0012751758732577007,1
x_aq_ifu_top/x_aq_ifu_ibuf/x_aq_ifu_ibuf_pop_entry0/forever_cpuclk,0,0.0,0.0,0.0,0.0,,0
x_aq_ifu_top/x_aq_ifu_ibuf/x_aq_ifu_ibuf_pop_entry0/ibuf_cpuclk,0,0.0,0.0,0.0,0.0,,0
x_aq_ifu_top/x_aq_ifu_ibuf/x_aq_ifu_ibuf_pop_entry0/ibuf_entry_acc_err,0,0.0,0.0,0.0,0.0,,0
x_aq_ifu_top/x_aq_ifu_ibuf/x_aq_ifu_ibuf_pop_entry0/ibuf_entry_create_acc_err,0,0.0,0.0,0.0,0.0,,0
x_aq_ifu_top/x_aq_ifu_ibuf/x_aq_ifu_ibuf_pop_entry0/ibuf_entry_create_data_en,40045,0.027843445369971215,4.820282295667374,1.52214701337956,0.03281308527906106,-0.0780128537506187,1
x_aq_ifu_top/x_aq_ifu_ibuf/x_aq_ifu_ibuf_pop_entry0/ibuf_entry_create_en,154707,0.10756838314027062,4.820851222504476,1.5223266688919987,0.04935135449591809,0.4047593082166442,1
x_aq_ifu_top/x_aq_ifu_ibuf/x_aq_ifu_ibuf_pop_entry0/ibuf_entry_create_halt_info[21:0],1,6.953039173422703e-07,21.131999999999998,6.673055375957693,1.0,-0.005140258898422977,1
x_aq_ifu_top/x_aq_ifu_ibuf/x_aq_ifu_ibuf_pop_entry0/ibuf_entry_create_inst[15:0],644825,0.44834934850022945,4.837842910107394,1.5276922979051184,0.04396541697359749,-0.05632182804867799,14
x_aq_ifu_top/x_aq_ifu_ibuf/x_aq_ifu_ibuf_pop_entry0/ibuf_entry_create_pgflt,0,0.0,0.0,0.0,0.0,,0
x_aq_ifu_top/x_aq_ifu_ibuf/x_aq_ifu_ibuf_pop_entry0/ibuf_entry_create_pred_taken[1:0],60114,0.041797499687113236,4.5001217779552185,1.4210468399985032,0.04807532355191802,-0.02407845200943959,2
x_aq_ifu_top/x_aq_ifu_ibuf/x_aq_ifu_ibuf_pop_entry0/ibuf_entry_halt_info[21:0],2,1.3906078346845406e-06,2.4720000000000026,0.7806072728263977,0.0,0.012880844189303312,2
x_aq_ifu_top/x_aq_ifu_ibuf/x_aq_ifu_ibuf_pop_entry0/ibuf_entry_inst[15:0],566991,0.39423106339781117,4.943946812400903,1.5611977500918397,0.04853516193378731,0.07898707324290306,14
x_aq_ifu_top/x_aq_ifu_ibuf/x_aq_ifu_ibuf_pop_entry0/ibuf_entry_pgflt,0,0.0,0.0,0.0,0.0,,0
x_aq_ifu_top/x_aq_ifu_ibuf/x_aq_ifu_ibuf_pop_entry0/ibuf_entry_pred_taken[1:0],75690,0.05262755350363644,4.538377261857577,1.4331271429757175,0.03104769454353283,0.10793419157791832,2
x_aq_ifu_top/x_aq_ifu_ibuf/x_aq_ifu_ibuf_pop_entry0/ibuf_entry_retire_en,133203,0.09261656770174242,4.703700464629175,1.4853328446142542,0.047701628341704015,0.46474942597973257,1
x_aq_ifu_top/x_aq_ifu_ibuf/x_aq_ifu_ibuf_pop_entry0/ibuf_entry_vld,27823,0.019345440892213985,5.21788589440391,1.6477021350930263,0.04733493871976422,-0.18817891942908754,1
x_aq_ifu_top/x_aq_ifu_ibuf/x_aq_ifu_ibuf_pop_entry0/ibuf_flush_en,134,9.317072492386423e-05,4.726216716417911,1.4924430185232662,0.03731343283582089,0.00553815329567618,1
x_aq_ifu_top/x_aq_ifu_ibuf/x_aq_ifu_ibuf_pop_entry0/pad_yy_icg_scan_en,0,0.0,0.0,0.0,0.0,,0
x_aq_ifu_top/x_aq_ifu_ibuf/x_aq_ifu_ibuf_pop_entry0/vec_ibuf_warm_up,0,0.0,0.0,0.0,0.0,,0
x_aq_ifu_top/x_aq_ifu_ibuf/x_aq_ifu_ibuf_pop_entry0/entry_acc_err_upd,0,0.0,0.0,0.0,0.0,,0
x_aq_ifu_top/x_aq_ifu_ibuf/x_aq_ifu_ibuf_pop_entry0/entry_cpuclk,0,0.0,0.0,0.0,0.0,,0
x_aq_ifu_top/x_aq_ifu_ibuf/x_aq_ifu_ibuf_pop_entry0/entry_create,154707,0.10756838314027062,4.820851222504476,1.5223266688919987,0.04935135449591809,0.4047593082166442,1
x_aq_ifu_top/x_aq_ifu_ibuf/x_aq_ifu_ibuf_pop_entry0/entry_data_create,154707,0.10756838314027062,4.820851222504476,1.5223266688919987,0.04935135449591809,0.4047593082166442,1
x_aq_ifu_top/x_aq_ifu_ibuf/x_aq_ifu_ibuf_pop_entry0/entry_halt_info_upd[21:0],1,6.953039173422703e-07,21.131999999999998,6.673055375957693,1.0,-0.005140258898422977,1
x_aq_ifu_top/x_aq_ifu_ibuf/x_aq_ifu_ibuf_pop_entry0/entry_icg_en,40045,0.027843445369971215,4.820282295667374,1.52214701337956,0.03281308527906106,-0.0780128537506187,1
x_aq_ifu_top/x_aq_ifu_ibuf/x_aq_ifu_ibuf_pop_entry0/entry_inst_upd[15:0],644825,0.44834934850022945,4.837842910107394,1.5276922979051184,0.04396541697359749,-0.05632182804867799,14
x_aq_ifu_top/x_aq_ifu_ibuf/x_aq_ifu_ibuf_pop_entry0/entry_pgflt_upd,0,0.0,0.0,0.0,0.0,,0
x_aq_ifu_top/x_aq_ifu_ibuf/x_aq_ifu_ibuf_pop_entry0/entry_pred_taken_upd[1:0],60114,0.041797499687113236,4.5001217779552185,1.4210468399985032,0.04807532355191802,-0.02407845200943959,2
x_aq_ifu_top/x_aq_ifu_ibuf/x_aq_ifu_ibuf_pop_entry0/entry_retire,133203,0.09261656770174242,4.703700464629175,1.4853328446142542,0.047701628341704015,0.46474942597973257,1
x_aq_ifu_top/x_aq_ifu_ibuf/x_aq_ifu_ibuf_pop_entry0/x_ibuf_data_icg_cell/clk_in,0,0.0,0.0,0.0,0.0,,0
x_aq_ifu_top/x_aq_ifu_ibuf/x_aq_ifu_ibuf_pop_entry0/x_ibuf_data_icg_cell/global_en,1,6.953039173422703e-07,21.131999999999998,6.673055375957693,1.0,-0.005140258898422977,1
x_aq_ifu_top/x_aq_ifu_ibuf/x_aq_ifu_ibuf_pop_entry0/x_ibuf_data_icg_cell/module_en,0,0.0,0.0,0.0,0.0,,0
x_aq_ifu_top/x_aq_ifu_ibuf/x_aq_ifu_ibuf_pop_entry0/x_ibuf_data_icg_cell/local_en,40045,0.027843445369971215,4.820282295667374,1.52214701337956,0.03281308527906106,-0.0780128537506187,1
x_aq_ifu_top/x_aq_ifu_ibuf/x_aq_ifu_ibuf_pop_entry0/x_ibuf_data_icg_cell/external_en,0,0.0,0.0,0.0,0.0,,0
x_aq_ifu_top/x_aq_ifu_ibuf/x_aq_ifu_ibuf_pop_entry0/x_ibuf_data_icg_cell/pad_yy_icg_scan_en,0,0.0,0.0,0.0,0.0,,0
x_aq_ifu_top/x_aq_ifu_ibuf/x_aq_ifu_ibuf_pop_entry0/x_ibuf_data_icg_cell/clk_out,0,0.0,0.0,0.0,0.0,,0
x_aq_ifu_top/x_aq_ifu_ibuf/x_aq_ifu_ibuf_pop_entry0/x_ibuf_data_icg_cell/clk_en_bf_latch,40045,0.027843445369971215,4.820282295667374,1.52214701337956,0.03281308527906106,-0.0780128537506187,1
x_aq_ifu_top/x_aq_ifu_ibuf/x_aq_ifu_ibuf_pop_entry0/x_ibuf_data_icg_cell/SE,0,0.0,0.0,0.0,0.0,,0
x_aq_ifu_top/x_aq_ifu_ibuf/x_aq_ifu_ibuf_pop_entry1/cp0_ifu_icg_en,0,0.0,0.0,0.0,0.0,,0
x_aq_ifu_top/x_aq_ifu_ibuf/x_aq_ifu_ibuf_pop_entry1/cp0_yy_clk_en,1,6.953039173422703e-07,21.131999999999998,6.673055375957693,1.0,-0.005140258898422977,1
x_aq_ifu_top/x_aq_ifu_ibuf/x_aq_ifu_ibuf_pop_entry1/cpurst_b,3,2.0859117520268108e-06,11.372333333333332,3.5911513385946847,0.3333333333333333,0.0012751758732577007,1
x_aq_ifu_top/x_aq_ifu_ibuf/x_aq_ifu_ibuf_pop_entry1/forever_cpuclk,0,0.0,0.0,0.0,0.0,,0
x_aq_ifu_top/x_aq_ifu_ibuf/x_aq_ifu_ibuf_pop_entry1/ibuf_cpuclk,0,0.0,0.0,0.0,0.0,,0
x_aq_ifu_top/x_aq_ifu_ibuf/x_aq_ifu_ibuf_pop_entry1/ibuf_entry_acc_err,0,0.0,0.0,0.0,0.0,,0
x_aq_ifu_top/x_aq_ifu_ibuf/x_aq_ifu_ibuf_pop_entry1/ibuf_entry_create_acc_err,0,0.0,0.0,0.0,0.0,,0
x_aq_ifu_top/x_aq_ifu_ibuf/x_aq_ifu_ibuf_pop_entry1/ibuf_entry_create_data_en,139657,0.09710405918426944,5.039028582742003,1.5912226374063507,0.04566187158538419,-0.05825409279015761,1
x_aq_ifu_top/x_aq_ifu_ibuf/x_aq_ifu_ibuf_pop_entry1/ibuf_entry_create_en,154113,0.1071553726133693,4.666498160700265,1.4735851144310808,0.06538708609916101,0.28231226618256117,1
x_aq_ifu_top/x_aq_ifu_ibuf/x_aq_ifu_ibuf_pop_entry1/ibuf_entry_create_halt_info[21:0],0,0.0,0.0,0.0,0.0,,0
x_aq_ifu_top/x_aq_ifu_ibuf/x_aq_ifu_ibuf_pop_entry1/ibuf_entry_create_inst[15:0],650204,0.45208938827161355,4.824879274535377,1.523598645716693,0.0450458625292985,0.051459373400445395,14
x_aq_ifu_top/x_aq_ifu_ibuf/x_aq_ifu_ibuf_pop_entry1/ibuf_entry_create_pgflt,0,0.0,0.0,0.0,0.0,,0
x_aq_ifu_top/x_aq_ifu_ibuf/x_aq_ifu_ibuf_pop_entry1/ibuf_entry_create_pred_taken[1:0],0,0.0,0.0,0.0,0.0,,0
x_aq_ifu_top/x_aq_ifu_ibuf/x_aq_ifu_ibuf_pop_entry1/ibuf_entry_halt_info[21:0],0,0.0,0.0,0.0,0.0,,0
x_aq_ifu_top/x_aq_ifu_ibuf/x_aq_ifu_ibuf_pop_entry1/ibuf_entry_inst[15:0],454042,0.31569718123791907,4.884983934239564,1.5425784735871801,0.05295545346025258,-0.09152563774443587,14
x_aq_ifu_top/x_aq_ifu_ibuf/x_aq_ifu_ibuf_pop_entry1/ibuf_entry_pgflt,0,0.0,0.0,0.0,0.0,,0
x_aq_ifu_top/x_aq_ifu_ibuf/x_aq_ifu_ibuf_pop_entry1/ibuf_entry_pred_taken[1:0],0,0.0,0.0,0.0,0.0,,0
x_aq_ifu_top/x_aq_ifu_ibuf/x_aq_ifu_ibuf_pop_entry1/ibuf_entry_retire_en,133203,0.09261656770174242,4.703700464629175,1.4853328446142542,0.047701628341704015,0.46474942597973257,1
x_aq_ifu_top/x_aq_ifu_ibuf/x_aq_ifu_ibuf_pop_entry1/ibuf_entry_vld,93351,0.06490731598781828,4.7785454969952115,1.5089673820737426,0.04540926181829868,-0.15658158825257412,1
x_aq_ifu_top/x_aq_ifu_ibuf/x_aq_ifu_ibuf_pop_entry1/ibuf_flush_en,134,9.317072492386423e-05,4.726216716417911,1.4924430185232662,0.03731343283582089,0.00553815329567618,1
x_aq_ifu_top/x_aq_ifu_ibuf/x_aq_ifu_ibuf_pop_entry1/pad_yy_icg_scan_en,0,0.0,0.0,0.0,0.0,,0
x_aq_ifu_top/x_aq_ifu_ibuf/x_aq_ifu_ibuf_pop_entry1/vec_ibuf_warm_up,0,0.0,0.0,0.0,0.0,,0
x_aq_ifu_top/x_aq_ifu_ibuf/x_aq_ifu_ibuf_pop_entry1/entry_acc_err_upd,0,0.0,0.0,0.0,0.0,,0
x_aq_ifu_top/x_aq_ifu_ibuf/x_aq_ifu_ibuf_pop_entry1/entry_cpuclk,0,0.0,0.0,0.0,0.0,,0
x_aq_ifu_top/x_aq_ifu_ibuf/x_aq_ifu_ibuf_pop_entry1/entry_create,154113,0.1071553726133693,4.666498160700265,1.4735851144310808,0.06538708609916101,0.28231226618256117,1
x_aq_ifu_top/x_aq_ifu_ibuf/x_aq_ifu_ibuf_pop_entry1/entry_data_create,154113,0.1071553726133693,4.666498160700265,1.4735851144310808,0.06538708609916101,0.28231226618256117,1
x_aq_ifu_top/x_aq_ifu_ibuf/x_aq_ifu_ibuf_pop_entry1/entry_halt_info_upd[21:0],0,0.0,0.0,0.0,0.0,,0
x_aq_ifu_top/x_aq_ifu_ibuf/x_aq_ifu_ibuf_pop_entry1/entry_icg_en,139657,0.09710405918426944,5.039028582742003,1.5912226374063507,0.04566187158538419,-0.05825409279015761,1
x_aq_ifu_top/x_aq_ifu_ibuf/x_aq_ifu_ibuf_pop_entry1/entry_inst_upd[15:0],650204,0.45208938827161355,4.824879274535377,1.523598645716693,0.0450458625292985,0.051459373400445395,14
x_aq_ifu_top/x_aq_ifu_ibuf/x_aq_ifu_ibuf_pop_entry1/entry_pgflt_upd,0,0.0,0.0,0.0,0.0,,0
x_aq_ifu_top/x_aq_ifu_ibuf/x_aq_ifu_ibuf_pop_entry1/entry_pred_taken_upd[1:0],0,0.0,0.0,0.0,0.0,,0
x_aq_ifu_top/x_aq_ifu_ibuf/x_aq_ifu_ibuf_pop_entry1/entry_retire,133203,0.09261656770174242,4.703700464629175,1.4853328446142542,0.047701628341704015,0.46474942597973257,1
x_aq_ifu_top/x_aq_ifu_ibuf/x_aq_ifu_ibuf_pop_entry1/x_ibuf_data_icg_cell/clk_in,0,0.0,0.0,0.0,0.0,,0
x_aq_ifu_top/x_aq_ifu_ibuf/x_aq_ifu_ibuf_pop_entry1/x_ibuf_data_icg_cell/global_en,1,6.953039173422703e-07,21.131999999999998,6.673055375957693,1.0,-0.005140258898422977,1
x_aq_ifu_top/x_aq_ifu_ibuf/x_aq_ifu_ibuf_pop_entry1/x_ibuf_data_icg_cell/module_en,0,0.0,0.0,0.0,0.0,,0
x_aq_ifu_top/x_aq_ifu_ibuf/x_aq_ifu_ibuf_pop_entry1/x_ibuf_data_icg_cell/local_en,139657,0.09710405918426944,5.039028582742003,1.5912226374063507,0.04566187158538419,-0.05825409279015761,1
x_aq_ifu_top/x_aq_ifu_ibuf/x_aq_ifu_ibuf_pop_entry1/x_ibuf_data_icg_cell/external_en,0,0.0,0.0,0.0,0.0,,0
x_aq_ifu_top/x_aq_ifu_ibuf/x_aq_ifu_ibuf_pop_entry1/x_ibuf_data_icg_cell/pad_yy_icg_scan_en,0,0.0,0.0,0.0,0.0,,0
x_aq_ifu_top/x_aq_ifu_ibuf/x_aq_ifu_ibuf_pop_entry1/x_ibuf_data_icg_cell/clk_out,0,0.0,0.0,0.0,0.0,,0
x_aq_ifu_top/x_aq_ifu_ibuf/x_aq_ifu_ibuf_pop_entry1/x_ibuf_data_icg_cell/clk_en_bf_latch,139657,0.09710405918426944,5.039028582742003,1.5912226374063507,0.04566187158538419,-0.05825409279015761,1
x_aq_ifu_top/x_aq_ifu_ibuf/x_aq_ifu_ibuf_pop_entry1/x_ibuf_data_icg_cell/SE,0,0.0,0.0,0.0,0.0,,0
x_aq_ifu_top/x_aq_ifu_icache/biu_ifu_arready,7211,0.005013836547955111,2.9972089779503537,0.9464575753918358,0.029538205519345443,0.033329624269654114,1
x_aq_ifu_top/x_aq_ifu_icache/biu_ifu_rdata[127:0],18280,0.0127101556090167,4.132585161378556,1.3049862591207726,0.11974835886214442,,87
x_aq_ifu_top/x_aq_ifu_icache/biu_ifu_rid,3743,0.002602522562612118,2.6627539834357465,0.840843497256231,0.06705850921720545,0.08939889882781667,1
x_aq_ifu_top/x_aq_ifu_icache/biu_ifu_rlast,7849,0.005457440447219479,2.6103651242196455,0.8243001620947558,0.07720728755255446,0.04578644525733199,1
x_aq_ifu_top/x_aq_ifu_icache/biu_ifu_rresp[1:0],0,0.0,0.0,0.0,0.0,,0
x_aq_ifu_top/x_aq_ifu_icache/biu_ifu_rvalid,0,0.0,0.0,0.0,0.0,,0
x_aq_ifu_top/x_aq_ifu_icache/cp0_ifu_icache_en,1,6.953039173422703e-07,10.639999999999999,3.359895381421061,0.0,0.018324133944845153,1
x_aq_ifu_top/x_aq_ifu_icache/cp0_ifu_icache_inv_addr[63:0],18,1.2515470512160866e-05,7.265277777777777,2.2942268092384044,0.2222222222222222,-0.007331154794043995,6
x_aq_ifu_top/x_aq_ifu_icache/cp0_ifu_icache_inv_req,4,2.781215669369081e-06,0.7617500000000004,0.24054514161630589,0.0,-0.001700089769808911,1
x_aq_ifu_top/x_aq_ifu_icache/cp0_ifu_icache_inv_type[1:0],0,0.0,0.0,0.0,0.0,,0
x_aq_ifu_top/x_aq_ifu_icache/cp0_ifu_icache_pref_en,1,6.953039173422703e-07,10.967999999999996,3.463471103705469,1.0,0.01816758828021682,1
x_aq_ifu_top/x_aq_ifu_icache/cp0_ifu_icache_read_index[13:0],0,0.0,0.0,0.0,0.0,,0
x_aq_ifu_top/x_aq_ifu_icache/cp0_ifu_icache_read_req,0,0.0,0.0,0.0,0.0,,0
x_aq_ifu_top/x_aq_ifu_icache/cp0_ifu_icache_read_tag,1,6.953039173422703e-07,21.131999999999998,6.673055375957693,1.0,-0.005140258898422977,1
x_aq_ifu_top/x_aq_ifu_icache/cp0_ifu_icache_read_way,0,0.0,0.0,0.0,0.0,,0
x_aq_ifu_top/x_aq_ifu_icache/cp0_ifu_icg_en,0,0.0,0.0,0.0,0.0,,0
x_aq_ifu_top/x_aq_ifu_icache/cp0_ifu_iwpe,0,0.0,0.0,0.0,0.0,,0
x_aq_ifu_top/x_aq_ifu_icache/cp0_ifu_lpmd_req,0,0.0,0.0,0.0,0.0,,0
x_aq_ifu_top/x_aq_ifu_icache/cp0_yy_clk_en,1,6.953039173422703e-07,21.131999999999998,6.673055375957693,1.0,-0.005140258898422977,1
x_aq_ifu_top/x_aq_ifu_icache/cpurst_b,3,2.0859117520268108e-06,11.372333333333332,3.5911513385946847,0.3333333333333333,0.0012751758732577007,1
x_aq_ifu_top/x_aq_ifu_icache/ctrl_icache_abort,51134,0.03555367050937965,6.311202746704737,1.992949338333192,0.08127664567606681,0.025600686900472108,1
x_aq_ifu_top/x_aq_ifu_icache/ctrl_icache_req_vld,157943,0.10981838661679019,6.924217527842323,2.1865269259165583,0.09157734119270876,0.7778583981208687,1
x_aq_ifu_top/x_aq_ifu_icache/forever_cpuclk,0,0.0,0.0,0.0,0.0,,0
x_aq_ifu_top/x_aq_ifu_icache/hpcp_ifu_cnt_en,1,6.953039173422703e-07,21.131999999999998,6.673055375957693,1.0,-0.005140258898422977,1
x_aq_ifu_top/x_aq_ifu_icache/icache_btb_grant,345,0.00023987985148308326,6.833715826086956,2.1579483310163137,0.2289855072463768,0.16197475326707508,1
x_aq_ifu_top/x_aq_ifu_icache/icache_ctrl_stall,109686,0.07626510547760426,6.37476590877596,2.0130212908399234,0.13231406013529529,-0.8766318629494075,1
x_aq_ifu_top/x_aq_ifu_icache/icache_ipack_acc_err,0,0.0,0.0,0.0,0.0,,0
x_aq_ifu_top/x_aq_ifu_icache/icache_ipack_inst[31:0],651338,0.45287786291387966,4.926319967436261,1.5556315513149856,0.03380733198431536,0.28850643870949777,25
x_aq_ifu_top/x_aq_ifu_icache/icache_ipack_inst_vld,158677,0.11032873969211943,7.27893967115587,2.2985409570262356,0.08697542807086094,0.8611242007441168,1
x_aq_ifu_top/x_aq_ifu_icache/icache_ipack_inst_vld_gate,158235,0.11002141536065414,7.288014120327362,2.3014064833288894,0.08726893544411793,0.8617848098916556,1
x_aq_ifu_top/x_aq_ifu_icache/icache_ipack_pgflt,0,0.0,0.0,0.0,0.0,,0
x_aq_ifu_top/x_aq_ifu_icache/icache_ipack_unalign,17190,0.011952274339113627,6.841110063990692,2.1602832808078447,0.15317044793484583,-0.027596630698857903,1
x_aq_ifu_top/x_aq_ifu_icache/icache_pcgen_addr[39:0],650198,0.45208521644810945,4.912078729802307,1.551134458405959,0.03257315463904841,-0.009676622216730733,14
x_aq_ifu_top/x_aq_ifu_icache/icache_pcgen_grant,158233,0.11002002475281945,6.924327788767197,2.1865617440718434,0.09185188930248431,0.8483661853709347,1
x_aq_ifu_top/x_aq_ifu_icache/icache_pcgen_grant_gate,345,0.00023987985148308326,6.833715826086956,2.1579483310163137,0.2289855072463768,0.16197475326707508,1
x_aq_ifu_top/x_aq_ifu_icache/icache_pcgen_inst_vld,158677,0.11032873969211943,7.27893967115587,2.2985409570262356,0.08697542807086094,0.8611242007441168,1
x_aq_ifu_top/x_aq_ifu_icache/icache_pcgen_inst_vld_gate,158235,0.11002141536065414,7.288014120327362,2.3014064833288894,0.08726893544411793,0.8617848098916556,1
x_aq_ifu_top/x_aq_ifu_icache/icache_pred_inst_vld,158677,0.11032873969211943,7.27893967115587,2.2985409570262356,0.08697542807086094,0.8611242007441168,1
x_aq_ifu_top/x_aq_ifu_icache/icache_pred_inst_vld_gate,158235,0.11002141536065414,7.288014120327362,2.3014064833288894,0.08726893544411793,0.8617848098916556,1
x_aq_ifu_top/x_aq_ifu_icache/icache_top_abort,38,2.6421548859006272e-05,11.087621052631576,3.501244996774789,0.4473684210526316,-0.00615439972702323,1
x_aq_ifu_top/x_aq_ifu_icache/icache_top_inv_st[1:0],8,5.562431338738162e-06,3.407625,1.0760585995408782,0.0,-0.0015793578073607082,2
x_aq_ifu_top/x_aq_ifu_icache/icache_top_rd_vld,158235,0.11002141536065414,7.288014120327362,2.3014064833288894,0.08726893544411793,0.8617848098916556,1
x_aq_ifu_top/x_aq_ifu_icache/icache_top_ref_st[1:0],832,0.0005784928592287689,11.844929963942308,3.7403877329986557,0.5276442307692307,-0.09120928610984853,2
x_aq_ifu_top/x_aq_ifu_icache/ifu_biu_araddr[39:0],680,0.0004728066637927438,6.0365396617647065,1.9062163279443884,0.08823529411764706,-0.029032613773583498,12
x_aq_ifu_top/x_aq_ifu_icache/ifu_biu_arburst[1:0],2,1.3906078346845406e-06,13.148,4.151870721327454,0.5,0.01793975631552707,2
x_aq_ifu_top/x_aq_ifu_icache/ifu_biu_arcache[3:0],2,1.3906078346845406e-06,1.0348299999999995,0.32677824601089805,0.0,0.01245514719665664,3
x_aq_ifu_top/x_aq_ifu_icache/ifu_biu_arid,433,0.00030106659620920305,5.06989545034642,1.6009697657806945,0.011547344110854504,5.072430607219337e-05,1
x_aq_ifu_top/x_aq_ifu_icache/ifu_biu_arlen[1:0],2,1.3906078346845406e-06,9.16366,2.8936972660632447,0.0,0.01837730746177195,1
x_aq_ifu_top/x_aq_ifu_icache/ifu_biu_arprot[2:0],0,0.0,0.0,0.0,0.0,,0
x_aq_ifu_top/x_aq_ifu_icache/ifu_biu_arsize[2:0],0,0.0,0.0,0.0,0.0,,0
x_aq_ifu_top/x_aq_ifu_icache/ifu_biu_arvalid,26,1.8077901850899027e-05,4.066631923076924,1.2841595691997751,0.038461538461538464,-0.0017858283719696607,1
x_aq_ifu_top/x_aq_ifu_icache/ifu_cp0_icache_inv_done,0,0.0,0.0,0.0,0.0,,0
x_aq_ifu_top/x_aq_ifu_icache/ifu_cp0_icache_read_data[127:0],62243,0.04327780172713493,4.447604233889756,1.40446286878148,0.012226274440499334,0.03611290575219428,6
x_aq_ifu_top/x_aq_ifu_icache/ifu_cp0_icache_read_data_vld,0,0.0,0.0,0.0,0.0,,0
x_aq_ifu_top/x_aq_ifu_icache/ifu_hpcp_icache_access,158229,0.11001724353715009,4.6306791138160515,1.4622741886610455,0.057056544628355105,0.6894839845717684,1
x_aq_ifu_top/x_aq_ifu_icache/ifu_hpcp_icache_miss,0,0.0,0.0,0.0,0.0,,0
x_aq_ifu_top/x_aq_ifu_icache/ifu_mmu_abort,51134,0.03555367050937965,6.311202746704737,1.992949338333192,0.08127664567606681,0.025600686900472108,1
x_aq_ifu_top/x_aq_ifu_icache/ifu_mmu_va[51:0],1171,0.0008142008872077985,4.3649331853117,1.3783570347312315,0.009393680614859094,-0.003351734290414072,5
x_aq_ifu_top/x_aq_ifu_icache/ifu_mmu_va_vld,158235,0.11002141536065414,7.288014120327362,2.3014064833288894,0.08726893544411793,0.8617848098916556,1
x_aq_ifu_top/x_aq_ifu_icache/ifu_yy_xx_no_op,435,0.0003024572040438876,7.165282114942529,2.262650214715633,0.17701149425287357,0.16299790801279138,1
x_aq_ifu_top/x_aq_ifu_icache/mmu_ifu_access_fault,0,0.0,0.0,0.0,0.0,,0
x_aq_ifu_top/x_aq_ifu_icache/mmu_ifu_pa[27:0],1201,0.0008350600047280667,4.263019733555371,1.3461748415112345,0.009991673605328892,-0.003213351143137062,5
x_aq_ifu_top/x_aq_ifu_icache/mmu_ifu_pa_vld,158257,0.11003671204683567,7.287814751954101,2.301343526855532,0.08725680380646669,0.8619374136903115,1
x_aq_ifu_top/x_aq_ifu_icache/mmu_ifu_prot[4:0],117,8.135055832904562e-05,4.115436068376069,1.2995709246870681,0.042735042735042736,0.013075436277907382,2
x_aq_ifu_top/x_aq_ifu_icache/pad_yy_icg_scan_en,0,0.0,0.0,0.0,0.0,,0
x_aq_ifu_top/x_aq_ifu_icache/pcgen_icache_chgflw_vld,50934,0.0354146097259112,6.026441988651981,1.9030276883527957,0.08084972709781285,0.04715950209458543,1
x_aq_ifu_top/x_aq_ifu_icache/pcgen_icache_seq_tag[33:0],76287,0.05304264994228978,4.232604686774942,1.3365703889545362,0.012125263806415248,-0.010446762383143444,9
x_aq_ifu_top/x_aq_ifu_icache/pcgen_icache_va[63:0],682223,0.4743523244009957,4.4696063141524105,1.4114106777905167,0.041939365867172465,-0.010477939585022534,14
x_aq_ifu_top/x_aq_ifu_icache/addr_equal,2,1.3906078346845406e-06,1.8204999999999993,0.5748768366425789,0.0,-0.013889689661532971,1
x_aq_ifu_top/x_aq_ifu_icache/als_cnt_max[8:0],0,0.0,0.0,0.0,0.0,,0
x_aq_ifu_top/x_aq_ifu_icache/biu_icache_grant,7211,0.005013836547955111,2.9972089779503537,0.9464575753918358,0.029538205519345443,0.033329624269654114,1
x_aq_ifu_top/x_aq_ifu_icache/biu_icache_pf_cmplt,0,0.0,0.0,0.0,0.0,,0
x_aq_ifu_top/x_aq_ifu_icache/biu_icache_pf_err,0,0.0,0.0,0.0,0.0,,0
x_aq_ifu_top/x_aq_ifu_icache/biu_icache_pf_vld,0,0.0,0.0,0.0,0.0,,0
x_aq_ifu_top/x_aq_ifu_icache/biu_icache_ref_cmplt,0,0.0,0.0,0.0,0.0,,0
x_aq_ifu_top/x_aq_ifu_icache/biu_icache_ref_err,0,0.0,0.0,0.0,0.0,,0
x_aq_ifu_top/x_aq_ifu_icache/biu_icache_ref_vld,0,0.0,0.0,0.0,0.0,,0
x_aq_ifu_top/x_aq_ifu_icache/buf_clr_en,0,0.0,0.0,0.0,0.0,,0
x_aq_ifu_top/x_aq_ifu_icache/buf_hit_upd,158677,0.11032873969211943,7.27893967115587,2.2985409570262356,0.08697542807086094,0.8611242007441168,1
x_aq_ifu_top/x_aq_ifu_icache/buf_rfl_upd,0,0.0,0.0,0.0,0.0,,0
x_aq_ifu_top/x_aq_ifu_icache/buf_upd_en,0,0.0,0.0,0.0,0.0,,0
x_aq_ifu_top/x_aq_ifu_icache/cen_mask_vld,0,0.0,0.0,0.0,0.0,,0
x_aq_ifu_top/x_aq_ifu_icache/data_cen_masked[1:0],158329,0.11008677392888432,6.9240230911582845,2.1864655267702537,0.0917709326781575,0.8486388418588326,1
x_aq_ifu_top/x_aq_ifu_icache/hit_clk,0,0.0,0.0,0.0,0.0,,0
x_aq_ifu_top/x_aq_ifu_icache/hit_tag[33:0],76135,0.05293696374685375,4.644578495567085,1.4666633304420518,0.00975898075786432,-0.009759409796921753,9
x_aq_ifu_top/x_aq_ifu_icache/hit_way,28561,0.019858575183212584,4.207092218059592,1.3285140707397474,0.009593501628094254,0.06927865731476993,1
x_aq_ifu_top/x_aq_ifu_icache/icache_bypass_inst[31:0],15044,0.010460152132497114,4.659148846716299,1.4712643506988117,0.1407870247274661,0.22956149404352372,31
x_aq_ifu_top/x_aq_ifu_icache/icache_bypass_vld,0,0.0,0.0,0.0,0.0,,0
x_aq_ifu_top/x_aq_ifu_icache/icache_cmp_pa[27:0],1201,0.0008350600047280667,4.263019733555371,1.3461748415112345,0.009991673605328892,-0.003213351143137062,5
x_aq_ifu_top/x_aq_ifu_icache/icache_data0_dout[31:0],534014,0.37130202611561514,4.432569160377819,1.399715098663803,0.02823146958693967,0.054607299577379934,27
x_aq_ifu_top/x_aq_ifu_icache/icache_data1_dout[31:0],560700,0.38985690645381094,4.736918319118958,1.4958223667835153,0.026932405921169966,0.2535187544864787,25
x_aq_ifu_top/x_aq_ifu_icache/icache_data2_dout[31:0],533946,0.37125474544923587,4.432730849505381,1.3997661567984763,0.028197607997812513,0.10284865964936521,25
x_aq_ifu_top/x_aq_ifu_icache/icache_data3_dout[31:0],560603,0.38978946197382874,4.736187354634206,1.4955915430808555,0.026912092871425947,0.18881048602490322,25
x_aq_ifu_top/x_aq_ifu_icache/icache_data_10[31:0],649886,0.4518682816258987,4.935639417636324,1.5585744439545133,0.0345029743678122,0.23222248524176134,27
x_aq_ifu_top/x_aq_ifu_icache/icache_data_32[31:0],647554,0.4502468328906565,4.93788376421117,1.5592831629104469,0.03491600700482122,0.25915273978799125,26
x_aq_ifu_top/x_aq_ifu_icache/icache_data_din[127:0],18280,0.0127101556090167,4.132585161378556,1.3049862591207726,0.11974835886214442,,87
x_aq_ifu_top/x_aq_ifu_icache/icache_data_idx[13:0],420177,0.2921507140771231,4.627100217265581,1.4611440459927645,0.047280074825609204,-0.34516197447408115,12
x_aq_ifu_top/x_aq_ifu_icache/icache_data_ren[1:0],268042,0.18637065261225683,6.632467154662329,2.094398097779779,0.1071212720394565,0.9028885400758022,1
x_aq_ifu_top/x_aq_ifu_icache/icache_data_wen[1:0],206,0.00014323260697250768,9.262857038834952,2.92502167138582,0.5776699029126213,0.022443520453294893,1
x_aq_ifu_top/x_aq_ifu_icache/icache_deny,0,0.0,0.0,0.0,0.0,,0
x_aq_ifu_top/x_aq_ifu_icache/icache_hit,1177,0.0008183727107118522,8.384629915038234,2.6476954254193448,0.2650807136788445,0.08045847901584081,1
x_aq_ifu_top/x_aq_ifu_icache/icache_hit0,32708,0.022742000528430978,4.609517105601077,1.4555916573017327,0.01180139415433533,-0.10177689783347336,1
x_aq_ifu_top/x_aq_ifu_icache/icache_hit1,28559,0.019857184575377898,4.212264852410799,1.3301474833587699,0.009068944991071116,0.06912051829653569,1
x_aq_ifu_top/x_aq_ifu_icache/icache_hit_inst[31:0],650934,0.4525969601312734,4.924078795407829,1.5549238348161794,0.03347958471980262,0.28835381164106955,25
x_aq_ifu_top/x_aq_ifu_icache/icache_hit_vld,158677,0.11032873969211943,7.27893967115587,2.2985409570262356,0.08697542807086094,0.8611242007441168,1
x_aq_ifu_top/x_aq_ifu_icache/icache_inv_clk,0,0.0,0.0,0.0,0.0,,0
x_aq_ifu_top/x_aq_ifu_icache/icache_inv_din[58:0],0,0.0,0.0,0.0,0.0,,0
x_aq_ifu_top/x_aq_ifu_icache/icache_inv_done,0,0.0,0.0,0.0,0.0,,0
x_aq_ifu_top/x_aq_ifu_icache/icache_inv_err,0,0.0,0.0,0.0,0.0,,0
x_aq_ifu_top/x_aq_ifu_icache/icache_inv_icg_en,4,2.781215669369081e-06,0.7617500000000004,0.24054514161630589,0.0,-0.001700089769808911,1
x_aq_ifu_top/x_aq_ifu_icache/icache_inv_idx[8:0],258,0.00017938841067430573,2.133313953488372,0.6736571146096509,0.0,-0.0013655953481369726,7
x_aq_ifu_top/x_aq_ifu_icache/icache_inv_idx_high[2:0],260,0.0001807790185089903,2.2706692307692307,0.7170311147741026,0.007692307692307693,-0.0012505826030199591,2
x_aq_ifu_top/x_aq_ifu_icache/icache_inv_pa_idx[8:0],522,0.0003629486448526651,2.2126264367816098,0.6987023821196119,0.007662835249042145,-0.0012867067409245998,3
x_aq_ifu_top/x_aq_ifu_icache/icache_inv_req,4,2.781215669369081e-06,2.3777500000000007,0.7508450416516852,0.0,-0.0015538135316350698,1
x_aq_ifu_top/x_aq_ifu_icache/icache_inv_wen[2:0],8,5.562431338738162e-06,3.407625,1.0760585995408782,0.0,-0.0015827501910569014,2
x_aq_ifu_top/x_aq_ifu_icache/icache_inv_wt,4,2.781215669369081e-06,2.3777500000000007,0.7508450416516852,0.0,-0.0015538135316350698,1
x_aq_ifu_top/x_aq_ifu_icache/icache_miss_addr[39:0],650226,0.45210468495779504,4.9118843062258355,1.5510730633987573,0.032571751975466995,-0.009543227156444367,14
x_aq_ifu_top/x_aq_ifu_icache/icache_miss_prot[4:0],117,8.135055832904562e-05,4.115436068376069,1.2995709246870681,0.042735042735042736,0.013075436277907382,2
x_aq_ifu_top/x_aq_ifu_icache/icache_miss_req,0,0.0,0.0,0.0,0.0,,0
x_aq_ifu_top/x_aq_ifu_icache/icache_pa[39:0],650226,0.45210468495779504,4.9118843062258355,1.5510730633987573,0.032571751975466995,-0.009543227156444367,14
x_aq_ifu_top/x_aq_ifu_icache/icache_pa_vld,158257,0.11003671204683567,7.287814751954101,2.301343526855532,0.08725680380646669,0.8619374136903115,1
x_aq_ifu_top/x_aq_ifu_icache/icache_prot[4:0],117,8.135055832904562e-05,4.115436068376069,1.2995709246870681,0.042735042735042736,0.013075436277907382,2
x_aq_ifu_top/x_aq_ifu_icache/icache_rd_cen,158329,0.11008677392888432,6.9240230911582845,2.1864655267702537,0.0917709326781575,0.8486388418588326,1
x_aq_ifu_top/x_aq_ifu_icache/icache_rd_clk,0,0.0,0.0,0.0,0.0,,0
x_aq_ifu_top/x_aq_ifu_icache/icache_rd_data_idx[13:0],418692,0.29111818775986986,4.604881776938656,1.4541279148802821,0.04520506720930899,-0.34517374331313877,12
x_aq_ifu_top/x_aq_ifu_icache/icache_rd_icg_en,158333,0.11008955514455368,6.924598041848509,2.1866470844928694,0.09178124585525443,0.8486519004285161,1
x_aq_ifu_top/x_aq_ifu_icache/icache_rd_req,158333,0.11008955514455368,6.924598041848509,2.1866470844928694,0.09178124585525443,0.8486519004285161,1
x_aq_ifu_top/x_aq_ifu_icache/icache_rd_tag_idx[8:0],76498,0.053189359068848995,4.252739330570734,1.3429284995462694,0.012026458208057728,-0.36730100874123683,9
x_aq_ifu_top/x_aq_ifu_icache/icache_refdp_clk,0,0.0,0.0,0.0,0.0,,0
x_aq_ifu_top/x_aq_ifu_icache/icache_refdp_icg_en,158235,0.11002141536065414,7.288014120327362,2.3014064833288894,0.08726893544411793,0.8617848098916556,1
x_aq_ifu_top/x_aq_ifu_icache/icache_reffsm_clk,0,0.0,0.0,0.0,0.0,,0
x_aq_ifu_top/x_aq_ifu_icache/icache_reffsm_icg_en,109621,0.07621991072297701,3.1915619275503784,1.0078302800653962,0.13314967022741994,0.7518935950856224,1
x_aq_ifu_top/x_aq_ifu_icache/icache_refill_ba,1,6.953039173422703e-07,0.39599999999999946,0.12504873787995663,0.0,0.012460777787784842,1
x_aq_ifu_top/x_aq_ifu_icache/icache_refill_ca,1,6.953039173422703e-07,13.16332,4.156708465429275,0.0,0.018362721099398575,1
x_aq_ifu_top/x_aq_ifu_icache/icache_refill_supv,0,0.0,0.0,0.0,0.0,,0
x_aq_ifu_top/x_aq_ifu_icache/icache_req,20,1.3906078346845406e-05,4.78495,1.510989793734089,0.05,-0.0013084410027323738,1
x_aq_ifu_top/x_aq_ifu_icache/icache_stall,32,2.224972535495265e-05,5.3171528125,1.6790486068636048,0.0625,-0.008144863760397573,1
x_aq_ifu_top/x_aq_ifu_icache/icache_tag_cen,158333,0.11008955514455368,6.928473880997645,2.1878709955883875,0.09201493055774854,0.8488808572553749,1
x_aq_ifu_top/x_aq_ifu_icache/icache_tag_din[58:0],935,0.0006501091627150227,10.434099080213903,3.2948760628665825,0.47058823529411764,-0.24049846835523134,11
x_aq_ifu_top/x_aq_ifu_icache/icache_tag_dout[58:0],63085,0.04386324762553712,4.553833875089166,1.4380080267547801,0.020559562495046365,0.09337905710396432,11
x_aq_ifu_top/x_aq_ifu_icache/icache_tag_fifo,32200,0.022388786138421105,4.570294565217391,1.4432059775759105,0.009503105590062112,-0.10464184346635275,1
x_aq_ifu_top/x_aq_ifu_icache/icache_tag_idx[8:0],77028,0.0535578701450404,4.269914366204497,1.3483520261347677,0.014293503661006388,-0.36741881418029065,9
x_aq_ifu_top/x_aq_ifu_icache/icache_tag_way0_dout[27:0],61733,0.042923196729290375,4.398005475839502,1.3888005907648195,0.009022726904572918,0.03612681997005516,4
x_aq_ifu_top/x_aq_ifu_icache/icache_tag_way0_vld,477,0.0003316599685722629,11.501369580712788,3.6318983584824798,0.4716981132075472,0.08275676415231749,1
x_aq_ifu_top/x_aq_ifu_icache/icache_tag_way1_dout[27:0],61223,0.042568591731445816,4.373621412214363,1.3811005999044452,0.007186841546477631,0.25484263371523463,5
x_aq_ifu_top/x_aq_ifu_icache/icache_tag_way1_vld,1129,0.0007849981226794232,5.712459627989371,1.8038784511875714,0.09300265721877768,0.36077996717970373,1
x_aq_ifu_top/x_aq_ifu_icache/icache_tag_wen[2:0],767,0.0005332981046015213,9.938213650586702,3.1382855398667298,0.6571056062581486,0.008406043860349505,2
x_aq_ifu_top/x_aq_ifu_icache/icache_va[63:0],682555,0.4745831653015533,4.471287967343291,1.411941709631606,0.041921896403952795,-0.010477922329258697,14
x_aq_ifu_top/x_aq_ifu_icache/icache_way0_hit,32708,0.022742000528430978,4.609517105601077,1.4555916573017327,0.01180139415433533,-0.10177689783347336,1
x_aq_ifu_top/x_aq_ifu_icache/icache_way0_inst[31:0],649387,0.4515213249711449,4.945798824198821,1.5617825777127194,0.03509771522990143,0.0879057244314467,25
x_aq_ifu_top/x_aq_ifu_icache/icache_way1_hit,28559,0.019857184575377898,4.212264852410799,1.3301474833587699,0.009068944991071116,0.06912051829653569,1
x_aq_ifu_top/x_aq_ifu_icache/icache_way1_inst[31:0],597770,0.4156318226696889,4.955339623216287,1.564795367802367,0.035413286046472724,0.4034069792144276,27
x_aq_ifu_top/x_aq_ifu_icache/icache_wr_data_cen,0,0.0,0.0,0.0,0.0,,0
x_aq_ifu_top/x_aq_ifu_icache/icache_wr_data_din[127:0],18280,0.0127101556090167,4.132585161378556,1.3049862591207726,0.11974835886214442,,87
x_aq_ifu_top/x_aq_ifu_icache/icache_wr_data_idx[13:0],135027,0.09388480204697473,4.516257036666741,1.4261420262036608,0.022662134239818704,-0.3452478322806562,12
x_aq_ifu_top/x_aq_ifu_icache/icache_wr_tag_cen,4,2.781215669369081e-06,2.3777500000000007,0.7508450416516852,0.0,-0.0015538135316350698,1
x_aq_ifu_top/x_aq_ifu_icache/icache_wr_tag_din[58:0],935,0.0006501091627150227,10.434099080213903,3.2948760628665825,0.47058823529411764,-0.24049846835523134,11
x_aq_ifu_top/x_aq_ifu_icache/icache_wr_tag_idx[8:0],82087,0.05707541266287494,4.288862974405204,1.3543356108319398,0.011183256788529243,-0.3665829059651417,9
x_aq_ifu_top/x_aq_ifu_icache/icache_wr_tag_wen[2:0],767,0.0005332981046015213,9.938213650586702,3.1382855398667298,0.6571056062581486,0.008406043860349505,2
x_aq_ifu_top/x_aq_ifu_icache/inv_cnt_en,4,2.781215669369081e-06,2.3777500000000007,0.7508450416516852,0.0,-0.0015538135316350698,1
x_aq_ifu_top/x_aq_ifu_icache/inv_cnt_max[8:0],0,0.0,0.0,0.0,0.0,,0
x_aq_ifu_top/x_aq_ifu_icache/inv_fsm_flop,0,0.0,0.0,0.0,0.0,,0
x_aq_ifu_top/x_aq_ifu_icache/inv_fsm_idle,5,3.4765195867113516e-06,9.7456,3.077462070411381,0.2,0.00103375824291232,1
x_aq_ifu_top/x_aq_ifu_icache/inv_fsm_read,0,0.0,0.0,0.0,0.0,,0
x_aq_ifu_top/x_aq_ifu_icache/inv_fsm_write,4,2.781215669369081e-06,2.3777500000000007,0.7508450416516852,0.0,-0.0015538135316350698,1
x_aq_ifu_top/x_aq_ifu_icache/inv_idx_alias,0,0.0,0.0,0.0,0.0,,0
x_aq_ifu_top/x_aq_ifu_icache/inv_type_addr,0,0.0,0.0,0.0,0.0,,0
x_aq_ifu_top/x_aq_ifu_icache/inv_type_pa,0,0.0,0.0,0.0,0.0,,0
x_aq_ifu_top/x_aq_ifu_icache/inv_type_va,0,0.0,0.0,0.0,0.0,,0
x_aq_ifu_top/x_aq_ifu_icache/inv_way_sel[1:0],1,6.953039173422703e-07,21.131999999999998,6.673055375957693,1.0,-0.005140258898407913,2
x_aq_ifu_top/x_aq_ifu_icache/iop_inv_rd_addr[63:0],18,1.2515470512160866e-05,7.265277777777777,2.2942268092384044,0.2222222222222222,-0.007331154794043995,6
x_aq_ifu_top/x_aq_ifu_icache/iop_inv_req,4,2.781215669369081e-06,0.7617500000000004,0.24054514161630589,0.0,-0.001700089769808911,1
x_aq_ifu_top/x_aq_ifu_icache/iop_inv_sel,0,0.0,0.0,0.0,0.0,,0
x_aq_ifu_top/x_aq_ifu_icache/iop_rd_data,0,0.0,0.0,0.0,0.0,,0
x_aq_ifu_top/x_aq_ifu_icache/iop_rd_data_out[127:0],637490,0.4432492942665239,4.962100063263738,1.5669301771343034,0.0346217195563852,,85
x_aq_ifu_top/x_aq_ifu_icache/iop_rd_idx[13:0],0,0.0,0.0,0.0,0.0,,0
x_aq_ifu_top/x_aq_ifu_icache/iop_rd_req,0,0.0,0.0,0.0,0.0,,0
x_aq_ifu_top/x_aq_ifu_icache/iop_rd_rslt[127:0],62243,0.04327780172713493,4.447604233889756,1.40446286878148,0.012226274440499334,0.03611290575219428,6
x_aq_ifu_top/x_aq_ifu_icache/iop_rd_tag,1,6.953039173422703e-07,21.131999999999998,6.673055375957693,1.0,-0.005140258898422977,1
x_aq_ifu_top/x_aq_ifu_icache/iop_rd_tag_out[127:0],62243,0.04327780172713493,4.447604233889756,1.40446286878148,0.012226274440499334,0.03611290575219428,6
x_aq_ifu_top/x_aq_ifu_icache/iop_rd_way,0,0.0,0.0,0.0,0.0,,0
x_aq_ifu_top/x_aq_ifu_icache/pf_biu_req,6,4.1718235040536216e-06,1.6722383333333337,0.5280588207520602,0.0,-0.0013286155844323745,1
x_aq_ifu_top/x_aq_ifu_icache/pf_chk_addr[63:0],125040,0.08694080182447748,4.485255476327575,1.416352364605878,0.008493282149712093,-0.009511050431732289,11
x_aq_ifu_top/x_aq_ifu_icache/pf_chk_pass,726,0.0005047906439904883,11.169129752066118,3.5269837846296532,0.5702479338842975,-0.09234702117133882,1
x_aq_ifu_top/x_aq_ifu_icache/pf_chk_req,0,0.0,0.0,0.0,0.0,,0
x_aq_ifu_top/x_aq_ifu_icache/pf_chk_vld,0,0.0,0.0,0.0,0.0,,0
x_aq_ifu_top/x_aq_ifu_icache/pf_fsm_chk,0,0.0,0.0,0.0,0.0,,0
x_aq_ifu_top/x_aq_ifu_icache/pf_fsm_idle,345,0.00023987985148308326,8.262632782608696,2.609171214724174,0.1855072463768116,0.1630869573901086,1
x_aq_ifu_top/x_aq_ifu_icache/pf_fsm_req,6,4.1718235040536216e-06,1.6722383333333337,0.5280588207520602,0.0,-0.0013286155844323745,1
x_aq_ifu_top/x_aq_ifu_icache/pf_fsm_wfc0,308,0.00021415360654141924,9.438701493506493,2.9805497701733588,0.512987012987013,-0.16890519410930505,1
x_aq_ifu_top/x_aq_ifu_icache/pf_fsm_wfc3,308,0.00021415360654141924,12.399795454545453,3.915602958486197,0.6103896103896104,0.0007100335583586868,1
x_aq_ifu_top/x_aq_ifu_icache/pf_icache_addr[39:0],2270,0.0015783398923669536,8.870727334801764,2.801195094177256,0.34185022026431716,-0.0291901738681274,12
x_aq_ifu_top/x_aq_ifu_icache/pf_icache_data[127:0],18280,0.0127101556090167,4.132585161378556,1.3049862591207726,0.11974835886214442,,87
x_aq_ifu_top/x_aq_ifu_icache/pf_icache_done,0,0.0,0.0,0.0,0.0,,0
x_aq_ifu_top/x_aq_ifu_icache/pf_icache_fifo,52,3.6155803701798054e-05,4.4925338461538455,1.4186507256174907,0.0,0.24076620319820877,1
x_aq_ifu_top/x_aq_ifu_icache/pf_icache_init,0,0.0,0.0,0.0,0.0,,0
x_aq_ifu_top/x_aq_ifu_icache/pf_icache_req,0,0.0,0.0,0.0,0.0,,0
x_aq_ifu_top/x_aq_ifu_icache/pf_req_addr[39:0],355,0.00024683289065650596,6.428398394366198,2.0299573378914997,0.01971830985915493,-0.02919076361643534,11
x_aq_ifu_top/x_aq_ifu_icache/pf_req_va[39:0],125040,0.08694080182447748,4.485255476327575,1.416352364605878,0.008493282149712093,-0.009511050431732289,11
x_aq_ifu_top/x_aq_ifu_icache/ref_fsm_idle,435,0.0003024572040438876,9.902250965517242,3.1269292560821076,0.30344827586206896,0.0944130970217043,1
x_aq_ifu_top/x_aq_ifu_icache/ref_fsm_init,432,0.00030037129229186076,9.486592592592592,2.995672804255179,0.28703703703703703,-0.10564406826841449,1
x_aq_ifu_top/x_aq_ifu_icache/ref_fsm_req,20,1.3906078346845406e-05,4.78495,1.510989793734089,0.05,-0.0013084410027323738,1
x_aq_ifu_top/x_aq_ifu_icache/ref_fsm_wfc,348,0.00024196576323511006,13.65744252873563,4.3127423002182725,0.8908045977011494,0.01727609061158504,1
x_aq_ifu_top/x_aq_ifu_icache/ref_fsm_wfpa,32,2.224972535495265e-05,1.2427128125,0.3924234059352939,0.03125,-0.008472620167144666,1
x_aq_ifu_top/x_aq_ifu_icache/ref_rdy,345,0.00023987985148308326,6.833715826086956,2.1579483310163137,0.2289855072463768,0.16197475326707508,1
x_aq_ifu_top/x_aq_ifu_icache/refill_bank0_sel,66,4.589005854458984e-05,6.1643139393939395,1.946564843477365,0.015151515151515152,-0.4292793330434778,1
x_aq_ifu_top/x_aq_ifu_icache/refill_bank1_sel,46,3.198398019774443e-05,6.239460869565216,1.9702947141174443,0.0,0.3765817417138276,1
x_aq_ifu_top/x_aq_ifu_icache/refill_bank2_sel,47,3.2679284115086706e-05,6.473921702127661,2.0443326716786,0.0,0.0029718994165527017,1
x_aq_ifu_top/x_aq_ifu_icache/refill_bank3_sel,42,2.9202764528375354e-05,6.077765476190477,1.9192346008282668,0.0,0.1026251322936972,1
x_aq_ifu_top/x_aq_ifu_icache/refill_icache_addr[39:0],1758,0.001222344286687711,11.532960546075087,3.6418741421869365,0.5631399317406144,-0.029032161308766614,12
x_aq_ifu_top/x_aq_ifu_icache/refill_icache_data[127:0],18280,0.0127101556090167,4.132585161378556,1.3049862591207726,0.11974835886214442,,87
x_aq_ifu_top/x_aq_ifu_icache/refill_icache_done,0,0.0,0.0,0.0,0.0,,0
x_aq_ifu_top/x_aq_ifu_icache/refill_icache_fifo,47,3.2679284115086706e-05,6.882659574468085,2.1734037703147338,0.02127659574468085,0.3711574901952549,1
x_aq_ifu_top/x_aq_ifu_icache/refill_icache_init,0,0.0,0.0,0.0,0.0,,0
x_aq_ifu_top/x_aq_ifu_icache/refill_icache_req,0,0.0,0.0,0.0,0.0,,0
x_aq_ifu_top/x_aq_ifu_icache/refill_tag_din[58:0],927,0.0006445467313762846,10.494737475728156,3.31402443363962,0.4746494066882416,-0.24037992105531802,11
x_aq_ifu_top/x_aq_ifu_icache/refill_tag_idx[8:0],81829,0.05689602425220064,4.295781861931589,1.3565204546519092,0.011218516662796808,-0.36646536994557555,9
x_aq_ifu_top/x_aq_ifu_icache/refill_tag_wen[2:0],759,0.0005277356732627832,10.007047259552044,3.1600217922021807,0.6640316205533597,0.025857653975198524,2
x_aq_ifu_top/x_aq_ifu_icache/refill_tag_wr,0,0.0,0.0,0.0,0.0,,0
x_aq_ifu_top/x_aq_ifu_icache/tag_hit_clk_en,0,0.0,0.0,0.0,0.0,,0
x_aq_ifu_top/x_aq_ifu_icache/x_ifu_icache_rd_icg_cell/clk_in,0,0.0,0.0,0.0,0.0,,0
x_aq_ifu_top/x_aq_ifu_icache/x_ifu_icache_rd_icg_cell/global_en,1,6.953039173422703e-07,21.131999999999998,6.673055375957693,1.0,-0.005140258898422977,1
x_aq_ifu_top/x_aq_ifu_icache/x_ifu_icache_rd_icg_cell/module_en,0,0.0,0.0,0.0,0.0,,0
x_aq_ifu_top/x_aq_ifu_icache/x_ifu_icache_rd_icg_cell/local_en,158333,0.11008955514455368,6.924598041848509,2.1866470844928694,0.09178124585525443,0.8486519004285161,1
x_aq_ifu_top/x_aq_ifu_icache/x_ifu_icache_rd_icg_cell/external_en,0,0.0,0.0,0.0,0.0,,0
x_aq_ifu_top/x_aq_ifu_icache/x_ifu_icache_rd_icg_cell/pad_yy_icg_scan_en,0,0.0,0.0,0.0,0.0,,0
x_aq_ifu_top/x_aq_ifu_icache/x_ifu_icache_rd_icg_cell/clk_out,0,0.0,0.0,0.0,0.0,,0
x_aq_ifu_top/x_aq_ifu_icache/x_ifu_icache_rd_icg_cell/clk_en_bf_latch,158333,0.11008955514455368,6.924598041848509,2.1866470844928694,0.09178124585525443,0.8486519004285161,1
x_aq_ifu_top/x_aq_ifu_icache/x_ifu_icache_rd_icg_cell/SE,0,0.0,0.0,0.0,0.0,,0
x_aq_ifu_top/x_aq_ifu_icache/x_ifu_icache_refdp_icg_cell/clk_in,0,0.0,0.0,0.0,0.0,,0
x_aq_ifu_top/x_aq_ifu_icache/x_ifu_icache_refdp_icg_cell/global_en,1,6.953039173422703e-07,21.131999999999998,6.673055375957693,1.0,-0.005140258898422977,1
x_aq_ifu_top/x_aq_ifu_icache/x_ifu_icache_refdp_icg_cell/module_en,0,0.0,0.0,0.0,0.0,,0
x_aq_ifu_top/x_aq_ifu_icache/x_ifu_icache_refdp_icg_cell/local_en,158235,0.11002141536065414,7.288014120327362,2.3014064833288894,0.08726893544411793,0.8617848098916556,1
x_aq_ifu_top/x_aq_ifu_icache/x_ifu_icache_refdp_icg_cell/external_en,0,0.0,0.0,0.0,0.0,,0
x_aq_ifu_top/x_aq_ifu_icache/x_ifu_icache_refdp_icg_cell/pad_yy_icg_scan_en,0,0.0,0.0,0.0,0.0,,0
x_aq_ifu_top/x_aq_ifu_icache/x_ifu_icache_refdp_icg_cell/clk_out,0,0.0,0.0,0.0,0.0,,0
x_aq_ifu_top/x_aq_ifu_icache/x_ifu_icache_refdp_icg_cell/clk_en_bf_latch,158235,0.11002141536065414,7.288014120327362,2.3014064833288894,0.08726893544411793,0.8617848098916556,1
x_aq_ifu_top/x_aq_ifu_icache/x_ifu_icache_refdp_icg_cell/SE,0,0.0,0.0,0.0,0.0,,0
x_aq_ifu_top/x_aq_ifu_icache/x_ifu_icache_reffsm_icg_cell/clk_in,0,0.0,0.0,0.0,0.0,,0
x_aq_ifu_top/x_aq_ifu_icache/x_ifu_icache_reffsm_icg_cell/global_en,1,6.953039173422703e-07,21.131999999999998,6.673055375957693,1.0,-0.005140258898422977,1
x_aq_ifu_top/x_aq_ifu_icache/x_ifu_icache_reffsm_icg_cell/module_en,0,0.0,0.0,0.0,0.0,,0
x_aq_ifu_top/x_aq_ifu_icache/x_ifu_icache_reffsm_icg_cell/local_en,109621,0.07621991072297701,3.1915619275503784,1.0078302800653962,0.13314967022741994,0.7518935950856224,1
x_aq_ifu_top/x_aq_ifu_icache/x_ifu_icache_reffsm_icg_cell/external_en,0,0.0,0.0,0.0,0.0,,0
x_aq_ifu_top/x_aq_ifu_icache/x_ifu_icache_reffsm_icg_cell/pad_yy_icg_scan_en,0,0.0,0.0,0.0,0.0,,0
x_aq_ifu_top/x_aq_ifu_icache/x_ifu_icache_reffsm_icg_cell/clk_out,0,0.0,0.0,0.0,0.0,,0
x_aq_ifu_top/x_aq_ifu_icache/x_ifu_icache_reffsm_icg_cell/clk_en_bf_latch,109621,0.07621991072297701,3.1915619275503784,1.0078302800653962,0.13314967022741994,0.7518935950856224,1
x_aq_ifu_top/x_aq_ifu_icache/x_ifu_icache_reffsm_icg_cell/SE,0,0.0,0.0,0.0,0.0,,0
x_aq_ifu_top/x_aq_ifu_icache/x_ifu_icache_inv_icg_cell/clk_in,0,0.0,0.0,0.0,0.0,,0
x_aq_ifu_top/x_aq_ifu_icache/x_ifu_icache_inv_icg_cell/global_en,1,6.953039173422703e-07,21.131999999999998,6.673055375957693,1.0,-0.005140258898422977,1
x_aq_ifu_top/x_aq_ifu_icache/x_ifu_icache_inv_icg_cell/module_en,0,0.0,0.0,0.0,0.0,,0
x_aq_ifu_top/x_aq_ifu_icache/x_ifu_icache_inv_icg_cell/local_en,4,2.781215669369081e-06,0.7617500000000004,0.24054514161630589,0.0,-0.001700089769808911,1
x_aq_ifu_top/x_aq_ifu_icache/x_ifu_icache_inv_icg_cell/external_en,0,0.0,0.0,0.0,0.0,,0
x_aq_ifu_top/x_aq_ifu_icache/x_ifu_icache_inv_icg_cell/pad_yy_icg_scan_en,0,0.0,0.0,0.0,0.0,,0
x_aq_ifu_top/x_aq_ifu_icache/x_ifu_icache_inv_icg_cell/clk_out,0,0.0,0.0,0.0,0.0,,0
x_aq_ifu_top/x_aq_ifu_icache/x_ifu_icache_inv_icg_cell/clk_en_bf_latch,4,2.781215669369081e-06,0.7617500000000004,0.24054514161630589,0.0,-0.001700089769808911,1
x_aq_ifu_top/x_aq_ifu_icache/x_ifu_icache_inv_icg_cell/SE,0,0.0,0.0,0.0,0.0,,0
x_aq_ifu_top/x_aq_ifu_icache/x_gated_hit_clk_cell/clk_in,0,0.0,0.0,0.0,0.0,,0
x_aq_ifu_top/x_aq_ifu_icache/x_gated_hit_clk_cell/global_en,1,6.953039173422703e-07,21.131999999999998,6.673055375957693,1.0,-0.005140258898422977,1
x_aq_ifu_top/x_aq_ifu_icache/x_gated_hit_clk_cell/module_en,0,0.0,0.0,0.0,0.0,,0
x_aq_ifu_top/x_aq_ifu_icache/x_gated_hit_clk_cell/local_en,0,0.0,0.0,0.0,0.0,,0
x_aq_ifu_top/x_aq_ifu_icache/x_gated_hit_clk_cell/external_en,0,0.0,0.0,0.0,0.0,,0
x_aq_ifu_top/x_aq_ifu_icache/x_gated_hit_clk_cell/pad_yy_icg_scan_en,0,0.0,0.0,0.0,0.0,,0
x_aq_ifu_top/x_aq_ifu_icache/x_gated_hit_clk_cell/clk_out,0,0.0,0.0,0.0,0.0,,0
x_aq_ifu_top/x_aq_ifu_icache/x_gated_hit_clk_cell/clk_en_bf_latch,0,0.0,0.0,0.0,0.0,,0
x_aq_ifu_top/x_aq_ifu_icache/x_gated_hit_clk_cell/SE,0,0.0,0.0,0.0,0.0,,0
x_aq_ifu_top/x_aq_ifu_icache/x_aq_ifu_icache_tag_array/cp0_yy_clk_en,1,6.953039173422703e-07,21.131999999999998,6.673055375957693,1.0,-0.005140258898422977,1
x_aq_ifu_top/x_aq_ifu_icache/x_aq_ifu_icache_tag_array/forever_cpuclk,0,0.0,0.0,0.0,0.0,,0
x_aq_ifu_top/x_aq_ifu_icache/x_aq_ifu_icache_tag_array/icache_tag_cen,158333,0.11008955514455368,6.928473880997645,2.1878709955883875,0.09201493055774854,0.8488808572553749,1
x_aq_ifu_top/x_aq_ifu_icache/x_aq_ifu_icache_tag_array/icache_tag_din[58:0],935,0.0006501091627150227,10.434099080213903,3.2948760628665825,0.47058823529411764,-0.24049846835523134,11
x_aq_ifu_top/x_aq_ifu_icache/x_aq_ifu_icache_tag_array/icache_tag_dout[58:0],63085,0.04386324762553712,4.553833875089166,1.4380080267547801,0.020559562495046365,0.09337905710396432,11
x_aq_ifu_top/x_aq_ifu_icache/x_aq_ifu_icache_tag_array/icache_tag_idx[8:0],77028,0.0535578701450404,4.269914366204497,1.3483520261347677,0.014293503661006388,-0.36741881418029065,9
x_aq_ifu_top/x_aq_ifu_icache/x_aq_ifu_icache_tag_array/icache_tag_wen[2:0],767,0.0005332981046015213,9.938213650586702,3.1382855398667298,0.6571056062581486,0.008406043860349505,2
x_aq_ifu_top/x_aq_ifu_icache/x_aq_ifu_icache_tag_array/pad_yy_icg_scan_en,0,0.0,0.0,0.0,0.0,,0
x_aq_ifu_top/x_aq_ifu_icache/x_aq_ifu_icache_tag_array/icache_tag_bwen_b[58:0],993,0.0006904367899208744,10.657726243705943,3.36549296829677,0.6394763343403826,-0.010772516484853275,59
x_aq_ifu_top/x_aq_ifu_icache/x_aq_ifu_icache_tag_array/icache_tag_cen_b,110688,0.07696180000278122,6.250657245862243,1.9738303018062633,0.1342150910667823,-0.8698729466258469,1
x_aq_ifu_top/x_aq_ifu_icache/x_aq_ifu_icache_tag_array/icache_tag_clk,0,0.0,0.0,0.0,0.0,,0
x_aq_ifu_top/x_aq_ifu_icache/x_aq_ifu_icache_tag_array/icache_tag_gwen_b,661,0.0004595958893632407,9.158151527987897,2.891957802748193,0.5658093797276853,-0.035547466619234955,1
x_aq_ifu_top/x_aq_ifu_icache/x_aq_ifu_icache_tag_array/icache_tag_icg_en,158333,0.11008955514455368,6.928473880997645,2.1878709955883875,0.09201493055774854,0.8488808572553749,1
x_aq_ifu_top/x_aq_ifu_icache/x_aq_ifu_icache_tag_array/icache_tag_index[7:0],77038,0.05356482318421382,4.26985876840001,1.3483344694800203,0.014291648277473454,-0.09767017045845022,7
x_aq_ifu_top/x_aq_ifu_icache/x_aq_ifu_icache_tag_array/x_icache_tag_icg_cell/clk_in,0,0.0,0.0,0.0,0.0,,0
x_aq_ifu_top/x_aq_ifu_icache/x_aq_ifu_icache_tag_array/x_icache_tag_icg_cell/global_en,1,6.953039173422703e-07,21.131999999999998,6.673055375957693,1.0,-0.005140258898422977,1
x_aq_ifu_top/x_aq_ifu_icache/x_aq_ifu_icache_tag_array/x_icache_tag_icg_cell/module_en,0,0.0,0.0,0.0,0.0,,0
x_aq_ifu_top/x_aq_ifu_icache/x_aq_ifu_icache_tag_array/x_icache_tag_icg_cell/local_en,158333,0.11008955514455368,6.928473880997645,2.1878709955883875,0.09201493055774854,0.8488808572553749,1
x_aq_ifu_top/x_aq_ifu_icache/x_aq_ifu_icache_tag_array/x_icache_tag_icg_cell/external_en,0,0.0,0.0,0.0,0.0,,0
x_aq_ifu_top/x_aq_ifu_icache/x_aq_ifu_icache_tag_array/x_icache_tag_icg_cell/pad_yy_icg_scan_en,0,0.0,0.0,0.0,0.0,,0
x_aq_ifu_top/x_aq_ifu_icache/x_aq_ifu_icache_tag_array/x_icache_tag_icg_cell/clk_out,0,0.0,0.0,0.0,0.0,,0
x_aq_ifu_top/x_aq_ifu_icache/x_aq_ifu_icache_tag_array/x_icache_tag_icg_cell/clk_en_bf_latch,158333,0.11008955514455368,6.928473880997645,2.1878709955883875,0.09201493055774854,0.8488808572553749,1
x_aq_ifu_top/x_aq_ifu_icache/x_aq_ifu_icache_tag_array/x_icache_tag_icg_cell/SE,0,0.0,0.0,0.0,0.0,,0
x_aq_ifu_top/x_aq_ifu_icache/x_aq_ifu_icache_tag_array/x_aq_spsram_256x59/A[7:0],77038,0.05356482318421382,4.26985876840001,1.3483344694800203,0.014291648277473454,-0.09767017045845022,7
x_aq_ifu_top/x_aq_ifu_icache/x_aq_ifu_icache_tag_array/x_aq_spsram_256x59/CEN,110688,0.07696180000278122,6.250657245862243,1.9738303018062633,0.1342150910667823,-0.8698729466258469,1
x_aq_ifu_top/x_aq_ifu_icache/x_aq_ifu_icache_tag_array/x_aq_spsram_256x59/CLK,0,0.0,0.0,0.0,0.0,,0
x_aq_ifu_top/x_aq_ifu_icache/x_aq_ifu_icache_tag_array/x_aq_spsram_256x59/D[58:0],935,0.0006501091627150227,10.434099080213903,3.2948760628665825,0.47058823529411764,-0.24049846835523134,11
x_aq_ifu_top/x_aq_ifu_icache/x_aq_ifu_icache_tag_array/x_aq_spsram_256x59/GWEN,661,0.0004595958893632407,9.158151527987897,2.891957802748193,0.5658093797276853,-0.035547466619234955,1
x_aq_ifu_top/x_aq_ifu_icache/x_aq_ifu_icache_tag_array/x_aq_spsram_256x59/Q[58:0],63085,0.04386324762553712,4.553833875089166,1.4380080267547801,0.020559562495046365,0.09337905710396432,11
x_aq_ifu_top/x_aq_ifu_icache/x_aq_ifu_icache_tag_array/x_aq_spsram_256x59/WEN[58:0],993,0.0006904367899208744,10.657726243705943,3.36549296829677,0.6394763343403826,-0.010772516484853275,59
x_aq_ifu_top/x_aq_ifu_icache/x_aq_ifu_icache_tag_array/x_aq_spsram_256x59/x_aq_f_spsram_256x59/A[7:0],77038,0.05356482318421382,4.26985876840001,1.3483344694800203,0.014291648277473454,-0.09767017045845022,7
x_aq_ifu_top/x_aq_ifu_icache/x_aq_ifu_icache_tag_array/x_aq_spsram_256x59/x_aq_f_spsram_256x59/CEN,110688,0.07696180000278122,6.250657245862243,1.9738303018062633,0.1342150910667823,-0.8698729466258469,1
x_aq_ifu_top/x_aq_ifu_icache/x_aq_ifu_icache_tag_array/x_aq_spsram_256x59/x_aq_f_spsram_256x59/CLK,0,0.0,0.0,0.0,0.0,,0
x_aq_ifu_top/x_aq_ifu_icache/x_aq_ifu_icache_tag_array/x_aq_spsram_256x59/x_aq_f_spsram_256x59/D[58:0],935,0.0006501091627150227,10.434099080213903,3.2948760628665825,0.47058823529411764,-0.24049846835523134,11
x_aq_ifu_top/x_aq_ifu_icache/x_aq_ifu_icache_tag_array/x_aq_spsram_256x59/x_aq_f_spsram_256x59/GWEN,661,0.0004595958893632407,9.158151527987897,2.891957802748193,0.5658093797276853,-0.035547466619234955,1
x_aq_ifu_top/x_aq_ifu_icache/x_aq_ifu_icache_tag_array/x_aq_spsram_256x59/x_aq_f_spsram_256x59/Q[58:0],63085,0.04386324762553712,4.553833875089166,1.4380080267547801,0.020559562495046365,0.09337905710396432,11
x_aq_ifu_top/x_aq_ifu_icache/x_aq_ifu_icache_tag_array/x_aq_spsram_256x59/x_aq_f_spsram_256x59/WEN[58:0],993,0.0006904367899208744,10.657726243705943,3.36549296829677,0.6394763343403826,-0.010772516484853275,59
x_aq_ifu_top/x_aq_ifu_icache/x_aq_ifu_icache_tag_array/x_aq_spsram_256x59/x_aq_f_spsram_256x59/addr[7:0],77013,0.05354744058628026,4.2911771537272925,1.3550663815477355,0.015205225091867607,-0.09927552560677244,7
x_aq_ifu_top/x_aq_ifu_icache/x_aq_ifu_icache_tag_array/x_aq_spsram_256x59/x_aq_f_spsram_256x59/ram0_din[0:0],91,6.32726564781466e-05,7.0772189010989015,2.2348416446530113,0.2857142857142857,-0.24095428276489822,1
x_aq_ifu_top/x_aq_ifu_icache/x_aq_ifu_icache_tag_array/x_aq_spsram_256x59/x_aq_f_spsram_256x59/ram0_dout[0:0],32200,0.022388786138421105,4.570294565217391,1.4432059775759105,0.009503105590062112,-0.10464184346635275,1
x_aq_ifu_top/x_aq_ifu_icache/x_aq_ifu_icache_tag_array/x_aq_spsram_256x59/x_aq_f_spsram_256x59/ram0_wen,4,2.781215669369081e-06,2.3777500000000007,0.7508450416516852,0.0,-0.0015538135316350698,1
x_aq_ifu_top/x_aq_ifu_icache/x_aq_ifu_icache_tag_array/x_aq_spsram_256x59/x_aq_f_spsram_256x59/ram1_din[28:0],755,0.0005249544575934141,11.315736860927153,3.573279324850113,0.5271523178807948,0.02145200536696458,5
x_aq_ifu_top/x_aq_ifu_icache/x_aq_ifu_icache_tag_array/x_aq_spsram_256x59/x_aq_f_spsram_256x59/ram1_dout[28:0],61629,0.04285088512188678,4.418723208878936,1.3953428290686456,0.0104496259877655,0.36228210032031516,7
x_aq_ifu_top/x_aq_ifu_icache/x_aq_ifu_icache_tag_array/x_aq_spsram_256x59/x_aq_f_spsram_256x59/ram1_wen,4,2.781215669369081e-06,2.3777500000000007,0.7508450416516852,0.0,-0.0015538135316350698,1
x_aq_ifu_top/x_aq_ifu_icache/x_aq_ifu_icache_tag_array/x_aq_spsram_256x59/x_aq_f_spsram_256x59/ram2_din[28:0],755,0.0005249544575934141,11.315736860927153,3.573279324850113,0.5271523178807948,0.02145200536696458,5
x_aq_ifu_top/x_aq_ifu_icache/x_aq_ifu_icache_tag_array/x_aq_spsram_256x59/x_aq_f_spsram_256x59/ram2_dout[28:0],62434,0.043410604775347306,4.496732615081526,1.4199766113625818,0.016433353621424222,0.08584708584643085,6
x_aq_ifu_top/x_aq_ifu_icache/x_aq_ifu_icache_tag_array/x_aq_spsram_256x59/x_aq_f_spsram_256x59/ram2_wen,4,2.781215669369081e-06,2.3777500000000007,0.7508450416516852,0.0,-0.0015538135316350698,1
x_aq_ifu_top/x_aq_ifu_icache/x_aq_ifu_icache_tag_array/x_aq_spsram_256x59/x_aq_f_spsram_256x59/ram0/PortAClk,0,0.0,0.0,0.0,0.0,,0
x_aq_ifu_top/x_aq_ifu_icache/x_aq_ifu_icache_tag_array/x_aq_spsram_256x59/x_aq_f_spsram_256x59/ram0/PortAAddr[7:0],77013,0.05354744058628026,4.2911771537272925,1.3550663815477355,0.015205225091867607,-0.09927552560677244,7
x_aq_ifu_top/x_aq_ifu_icache/x_aq_ifu_icache_tag_array/x_aq_spsram_256x59/x_aq_f_spsram_256x59/ram0/PortADataIn[0:0],91,6.32726564781466e-05,7.0772189010989015,2.2348416446530113,0.2857142857142857,-0.24095428276489822,1
x_aq_ifu_top/x_aq_ifu_icache/x_aq_ifu_icache_tag_array/x_aq_spsram_256x59/x_aq_f_spsram_256x59/ram0/PortAWriteEnable,4,2.781215669369081e-06,2.3777500000000007,0.7508450416516852,0.0,-0.0015538135316350698,1
x_aq_ifu_top/x_aq_ifu_icache/x_aq_ifu_icache_tag_array/x_aq_spsram_256x59/x_aq_f_spsram_256x59/ram1/PortAClk,0,0.0,0.0,0.0,0.0,,0
x_aq_ifu_top/x_aq_ifu_icache/x_aq_ifu_icache_tag_array/x_aq_spsram_256x59/x_aq_f_spsram_256x59/ram1/PortAAddr[7:0],77013,0.05354744058628026,4.2911771537272925,1.3550663815477355,0.015205225091867607,-0.09927552560677244,7
x_aq_ifu_top/x_aq_ifu_icache/x_aq_ifu_icache_tag_array/x_aq_spsram_256x59/x_aq_f_spsram_256x59/ram1/PortADataIn[28:0],755,0.0005249544575934141,11.315736860927153,3.573279324850113,0.5271523178807948,0.02145200536696458,5
x_aq_ifu_top/x_aq_ifu_icache/x_aq_ifu_icache_tag_array/x_aq_spsram_256x59/x_aq_f_spsram_256x59/ram1/PortAWriteEnable,4,2.781215669369081e-06,2.3777500000000007,0.7508450416516852,0.0,-0.0015538135316350698,1
x_aq_ifu_top/x_aq_ifu_icache/x_aq_ifu_icache_tag_array/x_aq_spsram_256x59/x_aq_f_spsram_256x59/ram2/PortAClk,0,0.0,0.0,0.0,0.0,,0
x_aq_ifu_top/x_aq_ifu_icache/x_aq_ifu_icache_tag_array/x_aq_spsram_256x59/x_aq_f_spsram_256x59/ram2/PortAAddr[7:0],77013,0.05354744058628026,4.2911771537272925,1.3550663815477355,0.015205225091867607,-0.09927552560677244,7
x_aq_ifu_top/x_aq_ifu_icache/x_aq_ifu_icache_tag_array/x_aq_spsram_256x59/x_aq_f_spsram_256x59/ram2/PortADataIn[28:0],755,0.0005249544575934141,11.315736860927153,3.573279324850113,0.5271523178807948,0.02145200536696458,5
x_aq_ifu_top/x_aq_ifu_icache/x_aq_ifu_icache_tag_array/x_aq_spsram_256x59/x_aq_f_spsram_256x59/ram2/PortAWriteEnable,4,2.781215669369081e-06,2.3777500000000007,0.7508450416516852,0.0,-0.0015538135316350698,1
x_aq_ifu_top/x_aq_ifu_icache/x_aq_ifu_icache_data_array/cp0_ifu_icg_en,0,0.0,0.0,0.0,0.0,,0
x_aq_ifu_top/x_aq_ifu_icache/x_aq_ifu_icache_data_array/cp0_yy_clk_en,1,6.953039173422703e-07,21.131999999999998,6.673055375957693,1.0,-0.005140258898422977,1
x_aq_ifu_top/x_aq_ifu_icache/x_aq_ifu_icache_data_array/forever_cpuclk,0,0.0,0.0,0.0,0.0,,0
x_aq_ifu_top/x_aq_ifu_icache/x_aq_ifu_icache_data_array/icache_data0_dout[31:0],534014,0.37130202611561514,4.432569160377819,1.399715098663803,0.02823146958693967,0.054607299577379934,27
x_aq_ifu_top/x_aq_ifu_icache/x_aq_ifu_icache_data_array/icache_data1_dout[31:0],560700,0.38985690645381094,4.736918319118958,1.4958223667835153,0.026932405921169966,0.2535187544864787,25
x_aq_ifu_top/x_aq_ifu_icache/x_aq_ifu_icache_data_array/icache_data2_dout[31:0],533946,0.37125474544923587,4.432730849505381,1.3997661567984763,0.028197607997812513,0.10284865964936521,25
x_aq_ifu_top/x_aq_ifu_icache/x_aq_ifu_icache_data_array/icache_data3_dout[31:0],560603,0.38978946197382874,4.736187354634206,1.4955915430808555,0.026912092871425947,0.18881048602490322,25
x_aq_ifu_top/x_aq_ifu_icache/x_aq_ifu_icache_data_array/icache_data_din[127:0],18280,0.0127101556090167,4.132585161378556,1.3049862591207726,0.11974835886214442,,87
x_aq_ifu_top/x_aq_ifu_icache/x_aq_ifu_icache_data_array/icache_data_idx[13:0],420177,0.2921507140771231,4.627100217265581,1.4611440459927645,0.047280074825609204,-0.34516197447408115,12
x_aq_ifu_top/x_aq_ifu_icache/x_aq_ifu_icache_data_array/icache_data_ren[1:0],268042,0.18637065261225683,6.632467154662329,2.094398097779779,0.1071212720394565,0.9028885400758022,1
x_aq_ifu_top/x_aq_ifu_icache/x_aq_ifu_icache_data_array/icache_data_wen[1:0],206,0.00014323260697250768,9.262857038834952,2.92502167138582,0.5776699029126213,0.022443520453294893,1
x_aq_ifu_top/x_aq_ifu_icache/x_aq_ifu_icache_data_array/iop_rd_data,0,0.0,0.0,0.0,0.0,,0
x_aq_ifu_top/x_aq_ifu_icache/x_aq_ifu_icache_data_array/iop_rd_way,0,0.0,0.0,0.0,0.0,,0
x_aq_ifu_top/x_aq_ifu_icache/x_aq_ifu_icache_data_array/pad_yy_icg_scan_en,0,0.0,0.0,0.0,0.0,,0
x_aq_ifu_top/x_aq_ifu_icache/x_aq_ifu_icache_data_array/icache_data0_cen_b,145048,0.10085244260266163,6.515285455159671,2.0573945027660523,0.09658871545970989,-0.8323486957424618,1
x_aq_ifu_top/x_aq_ifu_icache/x_aq_ifu_icache_data_array/icache_data0_clk,0,0.0,0.0,0.0,0.0,,0
x_aq_ifu_top/x_aq_ifu_icache/x_aq_ifu_icache_data_array/icache_data0_din[31:0],15180,0.010554713465255662,4.758061153491436,1.5024988434337259,0.14795783926218709,0.23294115255636516,31
x_aq_ifu_top/x_aq_ifu_icache/x_aq_ifu_icache_data_array/icache_data0_icg_en,8690,0.006042191041704329,4.883422439585732,1.5420853853657963,0.03245109321058688,0.06502406190630752,1
x_aq_ifu_top/x_aq_ifu_icache/x_aq_ifu_icache_data_array/icache_data0_idx[10:0],408928,0.2843292403109399,4.333868499760349,1.3685474394765997,0.033233234212379684,-0.09680199039488414,10
x_aq_ifu_top/x_aq_ifu_icache/x_aq_ifu_icache_data_array/icache_data1_cen_b,145722,0.10132107744295031,6.34704485726246,2.0042675471417706,0.10491209288919999,-0.8540568826677061,1
x_aq_ifu_top/x_aq_ifu_icache/x_aq_ifu_icache_data_array/icache_data1_clk,0,0.0,0.0,0.0,0.0,,0
x_aq_ifu_top/x_aq_ifu_icache/x_aq_ifu_icache_data_array/icache_data1_din[31:0],9507,0.006610254342172964,6.227702824234774,1.9665817627828304,0.21889134322078468,0.22443788017406918,30
x_aq_ifu_top/x_aq_ifu_icache/x_aq_ifu_icache_data_array/icache_data1_icg_en,26880,0.018689769298160224,5.053925186011906,1.5959266814406936,0.055989583333333336,0.11179557643866422,1
x_aq_ifu_top/x_aq_ifu_icache/x_aq_ifu_icache_data_array/icache_data1_idx[10:0],408928,0.2843292403109399,4.333868499760349,1.3685474394765997,0.033233234212379684,-0.09680199039488414,10
x_aq_ifu_top/x_aq_ifu_icache/x_aq_ifu_icache_data_array/icache_data2_cen_b,145048,0.10085244260266163,6.515285455159671,2.0573945027660523,0.09658871545970989,-0.8323486957424618,1
x_aq_ifu_top/x_aq_ifu_icache/x_aq_ifu_icache_data_array/icache_data2_clk,0,0.0,0.0,0.0,0.0,,0
x_aq_ifu_top/x_aq_ifu_icache/x_aq_ifu_icache_data_array/icache_data2_din[31:0],15060,0.01047127699517459,4.691158142098273,1.4813722345067477,0.1442895086321381,0.23293024010290406,31
x_aq_ifu_top/x_aq_ifu_icache/x_aq_ifu_icache_data_array/icache_data2_icg_en,8690,0.006042191041704329,4.883422439585732,1.5420853853657963,0.03245109321058688,0.06502406190630752,1
x_aq_ifu_top/x_aq_ifu_icache/x_aq_ifu_icache_data_array/icache_data2_idx[10:0],409034,0.2844029425261782,4.334948681087636,1.368888538748465,0.03334441635658649,-0.09680304882967265,10
x_aq_ifu_top/x_aq_ifu_icache/x_aq_ifu_icache_data_array/icache_data3_cen_b,145722,0.10132107744295031,6.34704485726246,2.0042675471417706,0.10491209288919999,-0.8540568826677061,1
x_aq_ifu_top/x_aq_ifu_icache/x_aq_ifu_icache_data_array/icache_data3_clk,0,0.0,0.0,0.0,0.0,,0
x_aq_ifu_top/x_aq_ifu_icache/x_aq_ifu_icache_data_array/icache_data3_din[31:0],9388,0.006527513176009234,6.134562000426076,1.9371697868677367,0.2137835534725181,0.22444738560893604,30
x_aq_ifu_top/x_aq_ifu_icache/x_aq_ifu_icache_data_array/icache_data3_icg_en,26880,0.018689769298160224,5.053925186011906,1.5959266814406936,0.055989583333333336,0.11179557643866422,1
x_aq_ifu_top/x_aq_ifu_icache/x_aq_ifu_icache_data_array/icache_data3_idx[10:0],409034,0.2844029425261782,4.334948681087636,1.368888538748465,0.03334441635658649,-0.09680304882967265,10
x_aq_ifu_top/x_aq_ifu_icache/x_aq_ifu_icache_data_array/icache_data_bwen_b[31:0],657,0.00045681467369387157,9.186892176560121,2.9010335144396273,0.5692541856925418,-0.03965418710518603,32
x_aq_ifu_top/x_aq_ifu_icache/x_aq_ifu_icache_data_array/icache_data_gwen_b,657,0.00045681467369387157,9.186892176560121,2.9010335144396273,0.5692541856925418,-0.03956249515929979,1
x_aq_ifu_top/x_aq_ifu_icache/x_aq_ifu_icache_data_array/icache_data_idx_high[10:0],409034,0.2844029425261782,4.334948681087636,1.368888538748465,0.03334441635658649,-0.09680304882967265,10
x_aq_ifu_top/x_aq_ifu_icache/x_aq_ifu_icache_data_array/icache_data_idx_low[10:0],408928,0.2843292403109399,4.333868499760349,1.3685474394765997,0.033233234212379684,-0.09680199039488414,10
x_aq_ifu_top/x_aq_ifu_icache/x_aq_ifu_icache_data_array/icache_data_wr,0,0.0,0.0,0.0,0.0,,0
x_aq_ifu_top/x_aq_ifu_icache/x_aq_ifu_icache_data_array/x_icache_data3_icg_cell/clk_in,0,0.0,0.0,0.0,0.0,,0
x_aq_ifu_top/x_aq_ifu_icache/x_aq_ifu_icache_data_array/x_icache_data3_icg_cell/global_en,1,6.953039173422703e-07,21.131999999999998,6.673055375957693,1.0,-0.005140258898422977,1
x_aq_ifu_top/x_aq_ifu_icache/x_aq_ifu_icache_data_array/x_icache_data3_icg_cell/module_en,0,0.0,0.0,0.0,0.0,,0
x_aq_ifu_top/x_aq_ifu_icache/x_aq_ifu_icache_data_array/x_icache_data3_icg_cell/local_en,26880,0.018689769298160224,5.053925186011906,1.5959266814406936,0.055989583333333336,0.11179557643866422,1
x_aq_ifu_top/x_aq_ifu_icache/x_aq_ifu_icache_data_array/x_icache_data3_icg_cell/external_en,0,0.0,0.0,0.0,0.0,,0
x_aq_ifu_top/x_aq_ifu_icache/x_aq_ifu_icache_data_array/x_icache_data3_icg_cell/pad_yy_icg_scan_en,0,0.0,0.0,0.0,0.0,,0
x_aq_ifu_top/x_aq_ifu_icache/x_aq_ifu_icache_data_array/x_icache_data3_icg_cell/clk_out,0,0.0,0.0,0.0,0.0,,0
x_aq_ifu_top/x_aq_ifu_icache/x_aq_ifu_icache_data_array/x_icache_data3_icg_cell/clk_en_bf_latch,26880,0.018689769298160224,5.053925186011906,1.5959266814406936,0.055989583333333336,0.11179557643866422,1
x_aq_ifu_top/x_aq_ifu_icache/x_aq_ifu_icache_data_array/x_icache_data3_icg_cell/SE,0,0.0,0.0,0.0,0.0,,0
x_aq_ifu_top/x_aq_ifu_icache/x_aq_ifu_icache_data_array/x_icache_data2_icg_cell/clk_in,0,0.0,0.0,0.0,0.0,,0
x_aq_ifu_top/x_aq_ifu_icache/x_aq_ifu_icache_data_array/x_icache_data2_icg_cell/global_en,1,6.953039173422703e-07,21.131999999999998,6.673055375957693,1.0,-0.005140258898422977,1
x_aq_ifu_top/x_aq_ifu_icache/x_aq_ifu_icache_data_array/x_icache_data2_icg_cell/module_en,0,0.0,0.0,0.0,0.0,,0
x_aq_ifu_top/x_aq_ifu_icache/x_aq_ifu_icache_data_array/x_icache_data2_icg_cell/local_en,8690,0.006042191041704329,4.883422439585732,1.5420853853657963,0.03245109321058688,0.06502406190630752,1
x_aq_ifu_top/x_aq_ifu_icache/x_aq_ifu_icache_data_array/x_icache_data2_icg_cell/external_en,0,0.0,0.0,0.0,0.0,,0
x_aq_ifu_top/x_aq_ifu_icache/x_aq_ifu_icache_data_array/x_icache_data2_icg_cell/pad_yy_icg_scan_en,0,0.0,0.0,0.0,0.0,,0
x_aq_ifu_top/x_aq_ifu_icache/x_aq_ifu_icache_data_array/x_icache_data2_icg_cell/clk_out,0,0.0,0.0,0.0,0.0,,0
x_aq_ifu_top/x_aq_ifu_icache/x_aq_ifu_icache_data_array/x_icache_data2_icg_cell/clk_en_bf_latch,8690,0.006042191041704329,4.883422439585732,1.5420853853657963,0.03245109321058688,0.06502406190630752,1
x_aq_ifu_top/x_aq_ifu_icache/x_aq_ifu_icache_data_array/x_icache_data2_icg_cell/SE,0,0.0,0.0,0.0,0.0,,0
x_aq_ifu_top/x_aq_ifu_icache/x_aq_ifu_icache_data_array/x_icache_data1_icg_cell/clk_in,0,0.0,0.0,0.0,0.0,,0
x_aq_ifu_top/x_aq_ifu_icache/x_aq_ifu_icache_data_array/x_icache_data1_icg_cell/global_en,1,6.953039173422703e-07,21.131999999999998,6.673055375957693,1.0,-0.005140258898422977,1
x_aq_ifu_top/x_aq_ifu_icache/x_aq_ifu_icache_data_array/x_icache_data1_icg_cell/module_en,0,0.0,0.0,0.0,0.0,,0
x_aq_ifu_top/x_aq_ifu_icache/x_aq_ifu_icache_data_array/x_icache_data1_icg_cell/local_en,26880,0.018689769298160224,5.053925186011906,1.5959266814406936,0.055989583333333336,0.11179557643866422,1
x_aq_ifu_top/x_aq_ifu_icache/x_aq_ifu_icache_data_array/x_icache_data1_icg_cell/external_en,0,0.0,0.0,0.0,0.0,,0
x_aq_ifu_top/x_aq_ifu_icache/x_aq_ifu_icache_data_array/x_icache_data1_icg_cell/pad_yy_icg_scan_en,0,0.0,0.0,0.0,0.0,,0
x_aq_ifu_top/x_aq_ifu_icache/x_aq_ifu_icache_data_array/x_icache_data1_icg_cell/clk_out,0,0.0,0.0,0.0,0.0,,0
x_aq_ifu_top/x_aq_ifu_icache/x_aq_ifu_icache_data_array/x_icache_data1_icg_cell/clk_en_bf_latch,26880,0.018689769298160224,5.053925186011906,1.5959266814406936,0.055989583333333336,0.11179557643866422,1
x_aq_ifu_top/x_aq_ifu_icache/x_aq_ifu_icache_data_array/x_icache_data1_icg_cell/SE,0,0.0,0.0,0.0,0.0,,0
x_aq_ifu_top/x_aq_ifu_icache/x_aq_ifu_icache_data_array/x_icache_data0_icg_cell/clk_in,0,0.0,0.0,0.0,0.0,,0
x_aq_ifu_top/x_aq_ifu_icache/x_aq_ifu_icache_data_array/x_icache_data0_icg_cell/global_en,1,6.953039173422703e-07,21.131999999999998,6.673055375957693,1.0,-0.005140258898422977,1
x_aq_ifu_top/x_aq_ifu_icache/x_aq_ifu_icache_data_array/x_icache_data0_icg_cell/module_en,0,0.0,0.0,0.0,0.0,,0
x_aq_ifu_top/x_aq_ifu_icache/x_aq_ifu_icache_data_array/x_icache_data0_icg_cell/local_en,8690,0.006042191041704329,4.883422439585732,1.5420853853657963,0.03245109321058688,0.06502406190630752,1
x_aq_ifu_top/x_aq_ifu_icache/x_aq_ifu_icache_data_array/x_icache_data0_icg_cell/external_en,0,0.0,0.0,0.0,0.0,,0
x_aq_ifu_top/x_aq_ifu_icache/x_aq_ifu_icache_data_array/x_icache_data0_icg_cell/pad_yy_icg_scan_en,0,0.0,0.0,0.0,0.0,,0
x_aq_ifu_top/x_aq_ifu_icache/x_aq_ifu_icache_data_array/x_icache_data0_icg_cell/clk_out,0,0.0,0.0,0.0,0.0,,0
x_aq_ifu_top/x_aq_ifu_icache/x_aq_ifu_icache_data_array/x_icache_data0_icg_cell/clk_en_bf_latch,8690,0.006042191041704329,4.883422439585732,1.5420853853657963,0.03245109321058688,0.06502406190630752,1
x_aq_ifu_top/x_aq_ifu_icache/x_aq_ifu_icache_data_array/x_icache_data0_icg_cell/SE,0,0.0,0.0,0.0,0.0,,0
x_aq_ifu_top/x_aq_ifu_icache/x_aq_ifu_icache_data_array/x_aq_spsram_2048x32_3/A[10:0],409034,0.2844029425261782,4.334948681087636,1.368888538748465,0.03334441635658649,-0.09680304882967265,10
x_aq_ifu_top/x_aq_ifu_icache/x_aq_ifu_icache_data_array/x_aq_spsram_2048x32_3/CEN,145722,0.10132107744295031,6.34704485726246,2.0042675471417706,0.10491209288919999,-0.8540568826677061,1
x_aq_ifu_top/x_aq_ifu_icache/x_aq_ifu_icache_data_array/x_aq_spsram_2048x32_3/CLK,0,0.0,0.0,0.0,0.0,,0
x_aq_ifu_top/x_aq_ifu_icache/x_aq_ifu_icache_data_array/x_aq_spsram_2048x32_3/D[31:0],9388,0.006527513176009234,6.134562000426076,1.9371697868677367,0.2137835534725181,0.22444738560893604,30
x_aq_ifu_top/x_aq_ifu_icache/x_aq_ifu_icache_data_array/x_aq_spsram_2048x32_3/GWEN,657,0.00045681467369387157,9.186892176560121,2.9010335144396273,0.5692541856925418,-0.03956249515929979,1
x_aq_ifu_top/x_aq_ifu_icache/x_aq_ifu_icache_data_array/x_aq_spsram_2048x32_3/Q[31:0],560603,0.38978946197382874,4.736187354634206,1.4955915430808555,0.026912092871425947,0.18881048602490322,25
x_aq_ifu_top/x_aq_ifu_icache/x_aq_ifu_icache_data_array/x_aq_spsram_2048x32_3/WEN[31:0],657,0.00045681467369387157,9.186892176560121,2.9010335144396273,0.5692541856925418,-0.03965418710518603,32
x_aq_ifu_top/x_aq_ifu_icache/x_aq_ifu_icache_data_array/x_aq_spsram_2048x32_3/x_aq_f_spsram_2048x32/A[10:0],409034,0.2844029425261782,4.334948681087636,1.368888538748465,0.03334441635658649,-0.09680304882967265,10
x_aq_ifu_top/x_aq_ifu_icache/x_aq_ifu_icache_data_array/x_aq_spsram_2048x32_3/x_aq_f_spsram_2048x32/CEN,145722,0.10132107744295031,6.34704485726246,2.0042675471417706,0.10491209288919999,-0.8540568826677061,1
x_aq_ifu_top/x_aq_ifu_icache/x_aq_ifu_icache_data_array/x_aq_spsram_2048x32_3/x_aq_f_spsram_2048x32/CLK,0,0.0,0.0,0.0,0.0,,0
x_aq_ifu_top/x_aq_ifu_icache/x_aq_ifu_icache_data_array/x_aq_spsram_2048x32_3/x_aq_f_spsram_2048x32/D[31:0],9388,0.006527513176009234,6.134562000426076,1.9371697868677367,0.2137835534725181,0.22444738560893604,30
x_aq_ifu_top/x_aq_ifu_icache/x_aq_ifu_icache_data_array/x_aq_spsram_2048x32_3/x_aq_f_spsram_2048x32/GWEN,657,0.00045681467369387157,9.186892176560121,2.9010335144396273,0.5692541856925418,-0.03956249515929979,1
x_aq_ifu_top/x_aq_ifu_icache/x_aq_ifu_icache_data_array/x_aq_spsram_2048x32_3/x_aq_f_spsram_2048x32/Q[31:0],560603,0.38978946197382874,4.736187354634206,1.4955915430808555,0.026912092871425947,0.18881048602490322,25
x_aq_ifu_top/x_aq_ifu_icache/x_aq_ifu_icache_data_array/x_aq_spsram_2048x32_3/x_aq_f_spsram_2048x32/WEN[31:0],657,0.00045681467369387157,9.186892176560121,2.9010335144396273,0.5692541856925418,-0.03965418710518603,32
x_aq_ifu_top/x_aq_ifu_icache/x_aq_ifu_icache_data_array/x_aq_spsram_2048x32_3/x_aq_f_spsram_2048x32/addr[10:0],332555,0.2312267942317587,4.316582051389996,1.3630887310141255,0.0329629685315211,-0.09584609039948304,10
x_aq_ifu_top/x_aq_ifu_icache/x_aq_ifu_icache_data_array/x_aq_spsram_2048x32_3/x_aq_f_spsram_2048x32/ram0_din[7:0],7291,0.005069460861342493,6.6212739583047595,2.0908635142511005,0.25524619393773146,0.24286334555216255,8
x_aq_ifu_top/x_aq_ifu_icache/x_aq_ifu_icache_data_array/x_aq_spsram_2048x32_3/x_aq_f_spsram_2048x32/ram0_dout[7:0],534310,0.3715078360751484,4.654685065542476,1.4698547794817438,0.027040482117123017,0.16490789055624258,8
x_aq_ifu_top/x_aq_ifu_icache/x_aq_ifu_icache_data_array/x_aq_spsram_2048x32_3/x_aq_f_spsram_2048x32/ram0_wen,0,0.0,0.0,0.0,0.0,,0
x_aq_ifu_top/x_aq_ifu_icache/x_aq_ifu_icache_data_array/x_aq_spsram_2048x32_3/x_aq_f_spsram_2048x32/ram1_din[7:0],9131,0.00634882006925227,6.0865577614719095,1.9220110255189833,0.20862994195597415,0.22521750299145604,8
x_aq_ifu_top/x_aq_ifu_icache/x_aq_ifu_icache_data_array/x_aq_spsram_2048x32_3/x_aq_f_spsram_2048x32/ram1_dout[7:0],557092,0.38734824992004,4.73452098039462,1.4950653360215225,0.026679614857151063,0.21509266642314967,8
x_aq_ifu_top/x_aq_ifu_icache/x_aq_ifu_icache_data_array/x_aq_spsram_2048x32_3/x_aq_f_spsram_2048x32/ram1_wen,0,0.0,0.0,0.0,0.0,,0
x_aq_ifu_top/x_aq_ifu_icache/x_aq_ifu_icache_data_array/x_aq_spsram_2048x32_3/x_aq_f_spsram_2048x32/ram2_din[7:0],9162,0.006370374490689881,6.107571273739358,1.92864666488128,0.21141672123990396,0.2293155234343973,8
x_aq_ifu_top/x_aq_ifu_icache/x_aq_ifu_icache_data_array/x_aq_spsram_2048x32_3/x_aq_f_spsram_2048x32/ram2_dout[7:0],558448,0.38829108203195617,4.735136088892789,1.4952595747623185,0.02674376128126522,0.007677147184635848,8
x_aq_ifu_top/x_aq_ifu_icache/x_aq_ifu_icache_data_array/x_aq_spsram_2048x32_3/x_aq_f_spsram_2048x32/ram2_wen,0,0.0,0.0,0.0,0.0,,0
x_aq_ifu_top/x_aq_ifu_icache/x_aq_ifu_icache_data_array/x_aq_spsram_2048x32_3/x_aq_f_spsram_2048x32/ram3_din[7:0],9137,0.006352991892756323,6.087638646163949,1.922352346899118,0.20958739192295064,0.2239313718035226,8
x_aq_ifu_top/x_aq_ifu_icache/x_aq_ifu_icache_data_array/x_aq_spsram_2048x32_3/x_aq_f_spsram_2048x32/ram3_dout[7:0],556546,0.38696861398117116,4.735891151369339,1.4954980081201799,0.026752505632957564,0.18854976030059123,8
x_aq_ifu_top/x_aq_ifu_icache/x_aq_ifu_icache_data_array/x_aq_spsram_2048x32_3/x_aq_f_spsram_2048x32/ram3_wen,0,0.0,0.0,0.0,0.0,,0
x_aq_ifu_top/x_aq_ifu_icache/x_aq_ifu_icache_data_array/x_aq_spsram_2048x32_3/x_aq_f_spsram_2048x32/ram0/PortAClk,0,0.0,0.0,0.0,0.0,,0
x_aq_ifu_top/x_aq_ifu_icache/x_aq_ifu_icache_data_array/x_aq_spsram_2048x32_3/x_aq_f_spsram_2048x32/ram0/PortAAddr[10:0],332555,0.2312267942317587,4.316582051389996,1.3630887310141255,0.0329629685315211,-0.09584609039948304,10
x_aq_ifu_top/x_aq_ifu_icache/x_aq_ifu_icache_data_array/x_aq_spsram_2048x32_3/x_aq_f_spsram_2048x32/ram0/PortADataIn[7:0],7291,0.005069460861342493,6.6212739583047595,2.0908635142511005,0.25524619393773146,0.24286334555216255,8
x_aq_ifu_top/x_aq_ifu_icache/x_aq_ifu_icache_data_array/x_aq_spsram_2048x32_3/x_aq_f_spsram_2048x32/ram0/PortAWriteEnable,0,0.0,0.0,0.0,0.0,,0
x_aq_ifu_top/x_aq_ifu_icache/x_aq_ifu_icache_data_array/x_aq_spsram_2048x32_3/x_aq_f_spsram_2048x32/ram1/PortAClk,0,0.0,0.0,0.0,0.0,,0
x_aq_ifu_top/x_aq_ifu_icache/x_aq_ifu_icache_data_array/x_aq_spsram_2048x32_3/x_aq_f_spsram_2048x32/ram1/PortAAddr[10:0],332555,0.2312267942317587,4.316582051389996,1.3630887310141255,0.0329629685315211,-0.09584609039948304,10
x_aq_ifu_top/x_aq_ifu_icache/x_aq_ifu_icache_data_array/x_aq_spsram_2048x32_3/x_aq_f_spsram_2048x32/ram1/PortADataIn[7:0],9131,0.00634882006925227,6.0865577614719095,1.9220110255189833,0.20862994195597415,0.22521750299145604,8
x_aq_ifu_top/x_aq_ifu_icache/x_aq_ifu_icache_data_array/x_aq_spsram_2048x32_3/x_aq_f_spsram_2048x32/ram1/PortAWriteEnable,0,0.0,0.0,0.0,0.0,,0
x_aq_ifu_top/x_aq_ifu_icache/x_aq_ifu_icache_data_array/x_aq_spsram_2048x32_3/x_aq_f_spsram_2048x32/ram2/PortAClk,0,0.0,0.0,0.0,0.0,,0
x_aq_ifu_top/x_aq_ifu_icache/x_aq_ifu_icache_data_array/x_aq_spsram_2048x32_3/x_aq_f_spsram_2048x32/ram2/PortAAddr[10:0],332555,0.2312267942317587,4.316582051389996,1.3630887310141255,0.0329629685315211,-0.09584609039948304,10
x_aq_ifu_top/x_aq_ifu_icache/x_aq_ifu_icache_data_array/x_aq_spsram_2048x32_3/x_aq_f_spsram_2048x32/ram2/PortADataIn[7:0],9162,0.006370374490689881,6.107571273739358,1.92864666488128,0.21141672123990396,0.2293155234343973,8
x_aq_ifu_top/x_aq_ifu_icache/x_aq_ifu_icache_data_array/x_aq_spsram_2048x32_3/x_aq_f_spsram_2048x32/ram2/PortAWriteEnable,0,0.0,0.0,0.0,0.0,,0
x_aq_ifu_top/x_aq_ifu_icache/x_aq_ifu_icache_data_array/x_aq_spsram_2048x32_3/x_aq_f_spsram_2048x32/ram3/PortAClk,0,0.0,0.0,0.0,0.0,,0
x_aq_ifu_top/x_aq_ifu_icache/x_aq_ifu_icache_data_array/x_aq_spsram_2048x32_3/x_aq_f_spsram_2048x32/ram3/PortAAddr[10:0],332555,0.2312267942317587,4.316582051389996,1.3630887310141255,0.0329629685315211,-0.09584609039948304,10
x_aq_ifu_top/x_aq_ifu_icache/x_aq_ifu_icache_data_array/x_aq_spsram_2048x32_3/x_aq_f_spsram_2048x32/ram3/PortADataIn[7:0],9137,0.006352991892756323,6.087638646163949,1.922352346899118,0.20958739192295064,0.2239313718035226,8
x_aq_ifu_top/x_aq_ifu_icache/x_aq_ifu_icache_data_array/x_aq_spsram_2048x32_3/x_aq_f_spsram_2048x32/ram3/PortAWriteEnable,0,0.0,0.0,0.0,0.0,,0
x_aq_ifu_top/x_aq_ifu_icache/x_aq_ifu_icache_data_array/x_aq_spsram_2048x32_2/A[10:0],409034,0.2844029425261782,4.334948681087636,1.368888538748465,0.03334441635658649,-0.09680304882967265,10
x_aq_ifu_top/x_aq_ifu_icache/x_aq_ifu_icache_data_array/x_aq_spsram_2048x32_2/CEN,145048,0.10085244260266163,6.515285455159671,2.0573945027660523,0.09658871545970989,-0.8323486957424618,1
x_aq_ifu_top/x_aq_ifu_icache/x_aq_ifu_icache_data_array/x_aq_spsram_2048x32_2/CLK,0,0.0,0.0,0.0,0.0,,0
x_aq_ifu_top/x_aq_ifu_icache/x_aq_ifu_icache_data_array/x_aq_spsram_2048x32_2/D[31:0],15060,0.01047127699517459,4.691158142098273,1.4813722345067477,0.1442895086321381,0.23293024010290406,31
x_aq_ifu_top/x_aq_ifu_icache/x_aq_ifu_icache_data_array/x_aq_spsram_2048x32_2/GWEN,657,0.00045681467369387157,9.186892176560121,2.9010335144396273,0.5692541856925418,-0.03956249515929979,1
x_aq_ifu_top/x_aq_ifu_icache/x_aq_ifu_icache_data_array/x_aq_spsram_2048x32_2/Q[31:0],533946,0.37125474544923587,4.432730849505381,1.3997661567984763,0.028197607997812513,0.10284865964936521,25
x_aq_ifu_top/x_aq_ifu_icache/x_aq_ifu_icache_data_array/x_aq_spsram_2048x32_2/WEN[31:0],657,0.00045681467369387157,9.186892176560121,2.9010335144396273,0.5692541856925418,-0.03965418710518603,32
x_aq_ifu_top/x_aq_ifu_icache/x_aq_ifu_icache_data_array/x_aq_spsram_2048x32_2/x_aq_f_spsram_2048x32/A[10:0],409034,0.2844029425261782,4.334948681087636,1.368888538748465,0.03334441635658649,-0.09680304882967265,10
x_aq_ifu_top/x_aq_ifu_icache/x_aq_ifu_icache_data_array/x_aq_spsram_2048x32_2/x_aq_f_spsram_2048x32/CEN,145048,0.10085244260266163,6.515285455159671,2.0573945027660523,0.09658871545970989,-0.8323486957424618,1
x_aq_ifu_top/x_aq_ifu_icache/x_aq_ifu_icache_data_array/x_aq_spsram_2048x32_2/x_aq_f_spsram_2048x32/CLK,0,0.0,0.0,0.0,0.0,,0
x_aq_ifu_top/x_aq_ifu_icache/x_aq_ifu_icache_data_array/x_aq_spsram_2048x32_2/x_aq_f_spsram_2048x32/D[31:0],15060,0.01047127699517459,4.691158142098273,1.4813722345067477,0.1442895086321381,0.23293024010290406,31
x_aq_ifu_top/x_aq_ifu_icache/x_aq_ifu_icache_data_array/x_aq_spsram_2048x32_2/x_aq_f_spsram_2048x32/GWEN,657,0.00045681467369387157,9.186892176560121,2.9010335144396273,0.5692541856925418,-0.03956249515929979,1
x_aq_ifu_top/x_aq_ifu_icache/x_aq_ifu_icache_data_array/x_aq_spsram_2048x32_2/x_aq_f_spsram_2048x32/Q[31:0],533946,0.37125474544923587,4.432730849505381,1.3997661567984763,0.028197607997812513,0.10284865964936521,25
x_aq_ifu_top/x_aq_ifu_icache/x_aq_ifu_icache_data_array/x_aq_spsram_2048x32_2/x_aq_f_spsram_2048x32/WEN[31:0],657,0.00045681467369387157,9.186892176560121,2.9010335144396273,0.5692541856925418,-0.03965418710518603,32
x_aq_ifu_top/x_aq_ifu_icache/x_aq_ifu_icache_data_array/x_aq_spsram_2048x32_2/x_aq_f_spsram_2048x32/addr[10:0],327298,0.22757158153829038,4.78845239747875,1.5120957795529568,0.03686548649854261,-0.09583798266222565,10
x_aq_ifu_top/x_aq_ifu_icache/x_aq_ifu_icache_data_array/x_aq_spsram_2048x32_2/x_aq_f_spsram_2048x32/ram0_din[7:0],12908,0.008974982965054026,4.763624250852184,1.5042555563217685,0.15602726991013324,0.18500942482276667,8
x_aq_ifu_top/x_aq_ifu_icache/x_aq_ifu_icache_data_array/x_aq_spsram_2048x32_2/x_aq_f_spsram_2048x32/ram0_dout[7:0],528201,0.3672602244441045,4.434193439334647,1.4002280128898545,0.028212744769510092,0.003927004578068242,8
x_aq_ifu_top/x_aq_ifu_icache/x_aq_ifu_icache_data_array/x_aq_spsram_2048x32_2/x_aq_f_spsram_2048x32/ram0_wen,0,0.0,0.0,0.0,0.0,,0
x_aq_ifu_top/x_aq_ifu_icache/x_aq_ifu_icache_data_array/x_aq_spsram_2048x32_2/x_aq_f_spsram_2048x32/ram1_din[7:0],14694,0.01021679576142732,4.629119008438819,1.4617815391449276,0.13978494623655913,0.16460678973183523,8
x_aq_ifu_top/x_aq_ifu_icache/x_aq_ifu_icache_data_array/x_aq_spsram_2048x32_2/x_aq_f_spsram_2048x32/ram1_dout[7:0],495914,0.3448109468648746,4.311681375903887,1.3615411974679206,0.02387712385615248,0.3080375980135571,8
x_aq_ifu_top/x_aq_ifu_icache/x_aq_ifu_icache_data_array/x_aq_spsram_2048x32_2/x_aq_f_spsram_2048x32/ram1_wen,0,0.0,0.0,0.0,0.0,,0
x_aq_ifu_top/x_aq_ifu_icache/x_aq_ifu_icache_data_array/x_aq_spsram_2048x32_2/x_aq_f_spsram_2048x32/ram2_din[7:0],11132,0.007740123207854153,5.395411501976284,1.7037611077402433,0.17642831476823573,0.21834264369803288,8
x_aq_ifu_top/x_aq_ifu_icache/x_aq_ifu_icache_data_array/x_aq_spsram_2048x32_2/x_aq_f_spsram_2048x32/ram2_dout[7:0],513914,0.3573264173770355,4.443870697918328,1.4032838941323476,0.028944531575321942,-0.10613610904012873,8
x_aq_ifu_top/x_aq_ifu_icache/x_aq_ifu_icache_data_array/x_aq_spsram_2048x32_2/x_aq_f_spsram_2048x32/ram2_wen,0,0.0,0.0,0.0,0.0,,0
x_aq_ifu_top/x_aq_ifu_icache/x_aq_ifu_icache_data_array/x_aq_spsram_2048x32_2/x_aq_f_spsram_2048x32/ram3_din[7:0],9073,0.006308492442046418,6.062609410338366,1.9144486237928326,0.20797972004849555,0.23251173578717346,8
x_aq_ifu_top/x_aq_ifu_icache/x_aq_ifu_icache_data_array/x_aq_spsram_2048x32_2/x_aq_f_spsram_2048x32/ram3_dout[7:0],495981,0.34485753222733656,4.383694934301919,1.3842816130939775,0.029761220691921667,0.10355920411875899,8
x_aq_ifu_top/x_aq_ifu_icache/x_aq_ifu_icache_data_array/x_aq_spsram_2048x32_2/x_aq_f_spsram_2048x32/ram3_wen,0,0.0,0.0,0.0,0.0,,0
x_aq_ifu_top/x_aq_ifu_icache/x_aq_ifu_icache_data_array/x_aq_spsram_2048x32_2/x_aq_f_spsram_2048x32/ram0/PortAClk,0,0.0,0.0,0.0,0.0,,0
x_aq_ifu_top/x_aq_ifu_icache/x_aq_ifu_icache_data_array/x_aq_spsram_2048x32_2/x_aq_f_spsram_2048x32/ram0/PortAAddr[10:0],327298,0.22757158153829038,4.78845239747875,1.5120957795529568,0.03686548649854261,-0.09583798266222565,10
x_aq_ifu_top/x_aq_ifu_icache/x_aq_ifu_icache_data_array/x_aq_spsram_2048x32_2/x_aq_f_spsram_2048x32/ram0/PortADataIn[7:0],12908,0.008974982965054026,4.763624250852184,1.5042555563217685,0.15602726991013324,0.18500942482276667,8
x_aq_ifu_top/x_aq_ifu_icache/x_aq_ifu_icache_data_array/x_aq_spsram_2048x32_2/x_aq_f_spsram_2048x32/ram0/PortAWriteEnable,0,0.0,0.0,0.0,0.0,,0
x_aq_ifu_top/x_aq_ifu_icache/x_aq_ifu_icache_data_array/x_aq_spsram_2048x32_2/x_aq_f_spsram_2048x32/ram1/PortAClk,0,0.0,0.0,0.0,0.0,,0
x_aq_ifu_top/x_aq_ifu_icache/x_aq_ifu_icache_data_array/x_aq_spsram_2048x32_2/x_aq_f_spsram_2048x32/ram1/PortAAddr[10:0],327298,0.22757158153829038,4.78845239747875,1.5120957795529568,0.03686548649854261,-0.09583798266222565,10
x_aq_ifu_top/x_aq_ifu_icache/x_aq_ifu_icache_data_array/x_aq_spsram_2048x32_2/x_aq_f_spsram_2048x32/ram1/PortADataIn[7:0],14694,0.01021679576142732,4.629119008438819,1.4617815391449276,0.13978494623655913,0.16460678973183523,8
x_aq_ifu_top/x_aq_ifu_icache/x_aq_ifu_icache_data_array/x_aq_spsram_2048x32_2/x_aq_f_spsram_2048x32/ram1/PortAWriteEnable,0,0.0,0.0,0.0,0.0,,0
x_aq_ifu_top/x_aq_ifu_icache/x_aq_ifu_icache_data_array/x_aq_spsram_2048x32_2/x_aq_f_spsram_2048x32/ram2/PortAClk,0,0.0,0.0,0.0,0.0,,0
x_aq_ifu_top/x_aq_ifu_icache/x_aq_ifu_icache_data_array/x_aq_spsram_2048x32_2/x_aq_f_spsram_2048x32/ram2/PortAAddr[10:0],327298,0.22757158153829038,4.78845239747875,1.5120957795529568,0.03686548649854261,-0.09583798266222565,10
x_aq_ifu_top/x_aq_ifu_icache/x_aq_ifu_icache_data_array/x_aq_spsram_2048x32_2/x_aq_f_spsram_2048x32/ram2/PortADataIn[7:0],11132,0.007740123207854153,5.395411501976284,1.7037611077402433,0.17642831476823573,0.21834264369803288,8
x_aq_ifu_top/x_aq_ifu_icache/x_aq_ifu_icache_data_array/x_aq_spsram_2048x32_2/x_aq_f_spsram_2048x32/ram2/PortAWriteEnable,0,0.0,0.0,0.0,0.0,,0
x_aq_ifu_top/x_aq_ifu_icache/x_aq_ifu_icache_data_array/x_aq_spsram_2048x32_2/x_aq_f_spsram_2048x32/ram3/PortAClk,0,0.0,0.0,0.0,0.0,,0
x_aq_ifu_top/x_aq_ifu_icache/x_aq_ifu_icache_data_array/x_aq_spsram_2048x32_2/x_aq_f_spsram_2048x32/ram3/PortAAddr[10:0],327298,0.22757158153829038,4.78845239747875,1.5120957795529568,0.03686548649854261,-0.09583798266222565,10
x_aq_ifu_top/x_aq_ifu_icache/x_aq_ifu_icache_data_array/x_aq_spsram_2048x32_2/x_aq_f_spsram_2048x32/ram3/PortADataIn[7:0],9073,0.006308492442046418,6.062609410338366,1.9144486237928326,0.20797972004849555,0.23251173578717346,8
x_aq_ifu_top/x_aq_ifu_icache/x_aq_ifu_icache_data_array/x_aq_spsram_2048x32_2/x_aq_f_spsram_2048x32/ram3/PortAWriteEnable,0,0.0,0.0,0.0,0.0,,0
x_aq_ifu_top/x_aq_ifu_icache/x_aq_ifu_icache_data_array/x_aq_spsram_2048x32_1/A[10:0],408928,0.2843292403109399,4.333868499760349,1.3685474394765997,0.033233234212379684,-0.09680199039488414,10
x_aq_ifu_top/x_aq_ifu_icache/x_aq_ifu_icache_data_array/x_aq_spsram_2048x32_1/CEN,145722,0.10132107744295031,6.34704485726246,2.0042675471417706,0.10491209288919999,-0.8540568826677061,1
x_aq_ifu_top/x_aq_ifu_icache/x_aq_ifu_icache_data_array/x_aq_spsram_2048x32_1/CLK,0,0.0,0.0,0.0,0.0,,0
x_aq_ifu_top/x_aq_ifu_icache/x_aq_ifu_icache_data_array/x_aq_spsram_2048x32_1/D[31:0],9507,0.006610254342172964,6.227702824234774,1.9665817627828304,0.21889134322078468,0.22443788017406918,30
x_aq_ifu_top/x_aq_ifu_icache/x_aq_ifu_icache_data_array/x_aq_spsram_2048x32_1/GWEN,657,0.00045681467369387157,9.186892176560121,2.9010335144396273,0.5692541856925418,-0.03956249515929979,1
x_aq_ifu_top/x_aq_ifu_icache/x_aq_ifu_icache_data_array/x_aq_spsram_2048x32_1/Q[31:0],560700,0.38985690645381094,4.736918319118958,1.4958223667835153,0.026932405921169966,0.2535187544864787,25
x_aq_ifu_top/x_aq_ifu_icache/x_aq_ifu_icache_data_array/x_aq_spsram_2048x32_1/WEN[31:0],657,0.00045681467369387157,9.186892176560121,2.9010335144396273,0.5692541856925418,-0.03965418710518603,32
x_aq_ifu_top/x_aq_ifu_icache/x_aq_ifu_icache_data_array/x_aq_spsram_2048x32_1/x_aq_f_spsram_2048x32/A[10:0],408928,0.2843292403109399,4.333868499760349,1.3685474394765997,0.033233234212379684,-0.09680199039488414,10
x_aq_ifu_top/x_aq_ifu_icache/x_aq_ifu_icache_data_array/x_aq_spsram_2048x32_1/x_aq_f_spsram_2048x32/CEN,145722,0.10132107744295031,6.34704485726246,2.0042675471417706,0.10491209288919999,-0.8540568826677061,1
x_aq_ifu_top/x_aq_ifu_icache/x_aq_ifu_icache_data_array/x_aq_spsram_2048x32_1/x_aq_f_spsram_2048x32/CLK,0,0.0,0.0,0.0,0.0,,0
x_aq_ifu_top/x_aq_ifu_icache/x_aq_ifu_icache_data_array/x_aq_spsram_2048x32_1/x_aq_f_spsram_2048x32/D[31:0],9507,0.006610254342172964,6.227702824234774,1.9665817627828304,0.21889134322078468,0.22443788017406918,30
x_aq_ifu_top/x_aq_ifu_icache/x_aq_ifu_icache_data_array/x_aq_spsram_2048x32_1/x_aq_f_spsram_2048x32/GWEN,657,0.00045681467369387157,9.186892176560121,2.9010335144396273,0.5692541856925418,-0.03956249515929979,1
x_aq_ifu_top/x_aq_ifu_icache/x_aq_ifu_icache_data_array/x_aq_spsram_2048x32_1/x_aq_f_spsram_2048x32/Q[31:0],560700,0.38985690645381094,4.736918319118958,1.4958223667835153,0.026932405921169966,0.2535187544864787,25
x_aq_ifu_top/x_aq_ifu_icache/x_aq_ifu_icache_data_array/x_aq_spsram_2048x32_1/x_aq_f_spsram_2048x32/WEN[31:0],657,0.00045681467369387157,9.186892176560121,2.9010335144396273,0.5692541856925418,-0.03965418710518603,32
x_aq_ifu_top/x_aq_ifu_icache/x_aq_ifu_icache_data_array/x_aq_spsram_2048x32_1/x_aq_f_spsram_2048x32/addr[10:0],332598,0.23125669230020443,4.318185446545079,1.3635950505607568,0.03304589925375378,-0.09586462784736363,10
x_aq_ifu_top/x_aq_ifu_icache/x_aq_ifu_icache_data_array/x_aq_spsram_2048x32_1/x_aq_f_spsram_2048x32/ram0_din[7:0],7366,0.005121608655143163,6.719870157480315,2.1219981866416666,0.25848493076296497,0.24287587049391862,8
x_aq_ifu_top/x_aq_ifu_icache/x_aq_ifu_icache_data_array/x_aq_spsram_2048x32_1/x_aq_f_spsram_2048x32/ram0_dout[7:0],558380,0.3882438013655769,4.735228455191805,1.4952887421590728,0.02670761846771016,0.08443266826459886,8
x_aq_ifu_top/x_aq_ifu_icache/x_aq_ifu_icache_data_array/x_aq_spsram_2048x32_1/x_aq_f_spsram_2048x32/ram0_wen,0,0.0,0.0,0.0,0.0,,0
x_aq_ifu_top/x_aq_ifu_icache/x_aq_ifu_icache_data_array/x_aq_spsram_2048x32_1/x_aq_f_spsram_2048x32/ram1_din[7:0],9230,0.006417655157069155,6.1765592795232935,1.9504316725886948,0.2132177681473456,0.22525864299095946,8
x_aq_ifu_top/x_aq_ifu_icache/x_aq_ifu_icache_data_array/x_aq_spsram_2048x32_1/x_aq_f_spsram_2048x32/ram1_dout[7:0],518364,0.3604205198092086,4.775277595531326,1.5079354453222906,0.026639581452415677,-0.17719100738104707,8
x_aq_ifu_top/x_aq_ifu_icache/x_aq_ifu_icache_data_array/x_aq_spsram_2048x32_1/x_aq_f_spsram_2048x32/ram1_wen,0,0.0,0.0,0.0,0.0,,0
x_aq_ifu_top/x_aq_ifu_icache/x_aq_ifu_icache_data_array/x_aq_spsram_2048x32_1/x_aq_f_spsram_2048x32/ram2_din[7:0],9251,0.006432256539333343,6.210962270024862,1.9612954365824253,0.2153280726407956,0.22935914169997976,8
x_aq_ifu_top/x_aq_ifu_icache/x_aq_ifu_icache_data_array/x_aq_spsram_2048x32_1/x_aq_f_spsram_2048x32/ram2_dout[7:0],558497,0.38832515192390593,4.735529941127704,1.4953839452797109,0.026732462305079526,0.17122944594575581,8
x_aq_ifu_top/x_aq_ifu_icache/x_aq_ifu_icache_data_array/x_aq_spsram_2048x32_1/x_aq_f_spsram_2048x32/ram2_wen,0,0.0,0.0,0.0,0.0,,0
x_aq_ifu_top/x_aq_ifu_icache/x_aq_ifu_icache_data_array/x_aq_spsram_2048x32_1/x_aq_f_spsram_2048x32/ram3_din[7:0],9229,0.006416959853151813,6.188601378264167,1.9542343222073109,0.21302416296456822,0.22392192479935505,8
x_aq_ifu_top/x_aq_ifu_icache/x_aq_ifu_icache_data_array/x_aq_spsram_2048x32_1/x_aq_f_spsram_2048x32/ram3_dout[7:0],504916,0.35107007272878976,4.689561272706747,1.4808679756633905,0.024808086889700466,0.2532498056903153,8
x_aq_ifu_top/x_aq_ifu_icache/x_aq_ifu_icache_data_array/x_aq_spsram_2048x32_1/x_aq_f_spsram_2048x32/ram3_wen,0,0.0,0.0,0.0,0.0,,0
x_aq_ifu_top/x_aq_ifu_icache/x_aq_ifu_icache_data_array/x_aq_spsram_2048x32_1/x_aq_f_spsram_2048x32/ram0/PortAClk,0,0.0,0.0,0.0,0.0,,0
x_aq_ifu_top/x_aq_ifu_icache/x_aq_ifu_icache_data_array/x_aq_spsram_2048x32_1/x_aq_f_spsram_2048x32/ram0/PortAAddr[10:0],332598,0.23125669230020443,4.318185446545079,1.3635950505607568,0.03304589925375378,-0.09586462784736363,10
x_aq_ifu_top/x_aq_ifu_icache/x_aq_ifu_icache_data_array/x_aq_spsram_2048x32_1/x_aq_f_spsram_2048x32/ram0/PortADataIn[7:0],7366,0.005121608655143163,6.719870157480315,2.1219981866416666,0.25848493076296497,0.24287587049391862,8
x_aq_ifu_top/x_aq_ifu_icache/x_aq_ifu_icache_data_array/x_aq_spsram_2048x32_1/x_aq_f_spsram_2048x32/ram0/PortAWriteEnable,0,0.0,0.0,0.0,0.0,,0
x_aq_ifu_top/x_aq_ifu_icache/x_aq_ifu_icache_data_array/x_aq_spsram_2048x32_1/x_aq_f_spsram_2048x32/ram1/PortAClk,0,0.0,0.0,0.0,0.0,,0
x_aq_ifu_top/x_aq_ifu_icache/x_aq_ifu_icache_data_array/x_aq_spsram_2048x32_1/x_aq_f_spsram_2048x32/ram1/PortAAddr[10:0],332598,0.23125669230020443,4.318185446545079,1.3635950505607568,0.03304589925375378,-0.09586462784736363,10
x_aq_ifu_top/x_aq_ifu_icache/x_aq_ifu_icache_data_array/x_aq_spsram_2048x32_1/x_aq_f_spsram_2048x32/ram1/PortADataIn[7:0],9230,0.006417655157069155,6.1765592795232935,1.9504316725886948,0.2132177681473456,0.22525864299095946,8
x_aq_ifu_top/x_aq_ifu_icache/x_aq_ifu_icache_data_array/x_aq_spsram_2048x32_1/x_aq_f_spsram_2048x32/ram1/PortAWriteEnable,0,0.0,0.0,0.0,0.0,,0
x_aq_ifu_top/x_aq_ifu_icache/x_aq_ifu_icache_data_array/x_aq_spsram_2048x32_1/x_aq_f_spsram_2048x32/ram2/PortAClk,0,0.0,0.0,0.0,0.0,,0
x_aq_ifu_top/x_aq_ifu_icache/x_aq_ifu_icache_data_array/x_aq_spsram_2048x32_1/x_aq_f_spsram_2048x32/ram2/PortAAddr[10:0],332598,0.23125669230020443,4.318185446545079,1.3635950505607568,0.03304589925375378,-0.09586462784736363,10
x_aq_ifu_top/x_aq_ifu_icache/x_aq_ifu_icache_data_array/x_aq_spsram_2048x32_1/x_aq_f_spsram_2048x32/ram2/PortADataIn[7:0],9251,0.006432256539333343,6.210962270024862,1.9612954365824253,0.2153280726407956,0.22935914169997976,8
x_aq_ifu_top/x_aq_ifu_icache/x_aq_ifu_icache_data_array/x_aq_spsram_2048x32_1/x_aq_f_spsram_2048x32/ram2/PortAWriteEnable,0,0.0,0.0,0.0,0.0,,0
x_aq_ifu_top/x_aq_ifu_icache/x_aq_ifu_icache_data_array/x_aq_spsram_2048x32_1/x_aq_f_spsram_2048x32/ram3/PortAClk,0,0.0,0.0,0.0,0.0,,0
x_aq_ifu_top/x_aq_ifu_icache/x_aq_ifu_icache_data_array/x_aq_spsram_2048x32_1/x_aq_f_spsram_2048x32/ram3/PortAAddr[10:0],332598,0.23125669230020443,4.318185446545079,1.3635950505607568,0.03304589925375378,-0.09586462784736363,10
x_aq_ifu_top/x_aq_ifu_icache/x_aq_ifu_icache_data_array/x_aq_spsram_2048x32_1/x_aq_f_spsram_2048x32/ram3/PortADataIn[7:0],9229,0.006416959853151813,6.188601378264167,1.9542343222073109,0.21302416296456822,0.22392192479935505,8
x_aq_ifu_top/x_aq_ifu_icache/x_aq_ifu_icache_data_array/x_aq_spsram_2048x32_1/x_aq_f_spsram_2048x32/ram3/PortAWriteEnable,0,0.0,0.0,0.0,0.0,,0
x_aq_ifu_top/x_aq_ifu_icache/x_aq_ifu_icache_data_array/x_aq_spsram_2048x32_0/A[10:0],408928,0.2843292403109399,4.333868499760349,1.3685474394765997,0.033233234212379684,-0.09680199039488414,10
x_aq_ifu_top/x_aq_ifu_icache/x_aq_ifu_icache_data_array/x_aq_spsram_2048x32_0/CEN,145048,0.10085244260266163,6.515285455159671,2.0573945027660523,0.09658871545970989,-0.8323486957424618,1
x_aq_ifu_top/x_aq_ifu_icache/x_aq_ifu_icache_data_array/x_aq_spsram_2048x32_0/CLK,0,0.0,0.0,0.0,0.0,,0
x_aq_ifu_top/x_aq_ifu_icache/x_aq_ifu_icache_data_array/x_aq_spsram_2048x32_0/D[31:0],15180,0.010554713465255662,4.758061153491436,1.5024988434337259,0.14795783926218709,0.23294115255636516,31
x_aq_ifu_top/x_aq_ifu_icache/x_aq_ifu_icache_data_array/x_aq_spsram_2048x32_0/GWEN,657,0.00045681467369387157,9.186892176560121,2.9010335144396273,0.5692541856925418,-0.03956249515929979,1
x_aq_ifu_top/x_aq_ifu_icache/x_aq_ifu_icache_data_array/x_aq_spsram_2048x32_0/Q[31:0],534014,0.37130202611561514,4.432569160377819,1.399715098663803,0.02823146958693967,0.054607299577379934,27
x_aq_ifu_top/x_aq_ifu_icache/x_aq_ifu_icache_data_array/x_aq_spsram_2048x32_0/WEN[31:0],657,0.00045681467369387157,9.186892176560121,2.9010335144396273,0.5692541856925418,-0.03965418710518603,32
x_aq_ifu_top/x_aq_ifu_icache/x_aq_ifu_icache_data_array/x_aq_spsram_2048x32_0/x_aq_f_spsram_2048x32/A[10:0],408928,0.2843292403109399,4.333868499760349,1.3685474394765997,0.033233234212379684,-0.09680199039488414,10
x_aq_ifu_top/x_aq_ifu_icache/x_aq_ifu_icache_data_array/x_aq_spsram_2048x32_0/x_aq_f_spsram_2048x32/CEN,145048,0.10085244260266163,6.515285455159671,2.0573945027660523,0.09658871545970989,-0.8323486957424618,1
x_aq_ifu_top/x_aq_ifu_icache/x_aq_ifu_icache_data_array/x_aq_spsram_2048x32_0/x_aq_f_spsram_2048x32/CLK,0,0.0,0.0,0.0,0.0,,0
x_aq_ifu_top/x_aq_ifu_icache/x_aq_ifu_icache_data_array/x_aq_spsram_2048x32_0/x_aq_f_spsram_2048x32/D[31:0],15180,0.010554713465255662,4.758061153491436,1.5024988434337259,0.14795783926218709,0.23294115255636516,31
x_aq_ifu_top/x_aq_ifu_icache/x_aq_ifu_icache_data_array/x_aq_spsram_2048x32_0/x_aq_f_spsram_2048x32/GWEN,657,0.00045681467369387157,9.186892176560121,2.9010335144396273,0.5692541856925418,-0.03956249515929979,1
x_aq_ifu_top/x_aq_ifu_icache/x_aq_ifu_icache_data_array/x_aq_spsram_2048x32_0/x_aq_f_spsram_2048x32/Q[31:0],534014,0.37130202611561514,4.432569160377819,1.399715098663803,0.02823146958693967,0.054607299577379934,27
x_aq_ifu_top/x_aq_ifu_icache/x_aq_ifu_icache_data_array/x_aq_spsram_2048x32_0/x_aq_f_spsram_2048x32/WEN[31:0],657,0.00045681467369387157,9.186892176560121,2.9010335144396273,0.5692541856925418,-0.03965418710518603,32
x_aq_ifu_top/x_aq_ifu_icache/x_aq_ifu_icache_data_array/x_aq_spsram_2048x32_0/x_aq_f_spsram_2048x32/addr[10:0],327295,0.22756949562653836,4.788528419040927,1.5121197856145776,0.0368597137139278,-0.09585652095970032,10
x_aq_ifu_top/x_aq_ifu_icache/x_aq_ifu_icache_data_array/x_aq_spsram_2048x32_0/x_aq_f_spsram_2048x32/ram0_din[7:0],13010,0.009045903964622936,4.833205848578017,1.526228008279562,0.15941583397386624,0.18506096811089948,8
x_aq_ifu_top/x_aq_ifu_icache/x_aq_ifu_icache_data_array/x_aq_spsram_2048x32_0/x_aq_f_spsram_2048x32/ram0_dout[7:0],528878,0.36773094519614524,4.414822140474741,1.3941109510880194,0.02759426559622446,0.025186890365234704,8
x_aq_ifu_top/x_aq_ifu_icache/x_aq_ifu_icache_data_array/x_aq_spsram_2048x32_0/x_aq_f_spsram_2048x32/ram0_wen,0,0.0,0.0,0.0,0.0,,0
x_aq_ifu_top/x_aq_ifu_icache/x_aq_ifu_icache_data_array/x_aq_spsram_2048x32_0/x_aq_f_spsram_2048x32/ram1_din[7:0],14815,0.010300927535425735,4.701289581505232,1.4845715368066148,0.14404319946000674,0.16460613386221376,8
x_aq_ifu_top/x_aq_ifu_icache/x_aq_ifu_icache_data_array/x_aq_spsram_2048x32_0/x_aq_f_spsram_2048x32/ram1_dout[7:0],528411,0.3674062382667464,4.4243929216651425,1.3971332089374764,0.028171253058698626,-0.1366281109775837,8
x_aq_ifu_top/x_aq_ifu_icache/x_aq_ifu_icache_data_array/x_aq_spsram_2048x32_0/x_aq_f_spsram_2048x32/ram1_wen,0,0.0,0.0,0.0,0.0,,0
x_aq_ifu_top/x_aq_ifu_icache/x_aq_ifu_icache_data_array/x_aq_spsram_2048x32_0/x_aq_f_spsram_2048x32/ram2_din[7:0],11224,0.007804091168249642,5.468685011582324,1.7268993903065821,0.17908054169636492,0.21833653336585632,8
x_aq_ifu_top/x_aq_ifu_icache/x_aq_ifu_icache_data_array/x_aq_spsram_2048x32_0/x_aq_f_spsram_2048x32/ram2_dout[7:0],513301,0.35690019607570467,4.434006478011926,1.400168974310464,0.02847841714705407,-0.05150457726535523,8
x_aq_ifu_top/x_aq_ifu_icache/x_aq_ifu_icache_data_array/x_aq_spsram_2048x32_0/x_aq_f_spsram_2048x32/ram2_wen,0,0.0,0.0,0.0,0.0,,0
x_aq_ifu_top/x_aq_ifu_icache/x_aq_ifu_icache_data_array/x_aq_spsram_2048x32_0/x_aq_f_spsram_2048x32/ram3_din[7:0],9186,0.006387061784706095,6.157612633355106,1.9444487074614472,0.21249727846723274,0.2325228979505369,8
x_aq_ifu_top/x_aq_ifu_icache/x_aq_ifu_icache_data_array/x_aq_spsram_2048x32_0/x_aq_f_spsram_2048x32/ram3_dout[7:0],530658,0.36896858616901446,4.42892316167852,1.3985637665030473,0.027980356463108067,0.05528132983357954,8
x_aq_ifu_top/x_aq_ifu_icache/x_aq_ifu_icache_data_array/x_aq_spsram_2048x32_0/x_aq_f_spsram_2048x32/ram3_wen,0,0.0,0.0,0.0,0.0,,0
x_aq_ifu_top/x_aq_ifu_icache/x_aq_ifu_icache_data_array/x_aq_spsram_2048x32_0/x_aq_f_spsram_2048x32/ram0/PortAClk,0,0.0,0.0,0.0,0.0,,0
x_aq_ifu_top/x_aq_ifu_icache/x_aq_ifu_icache_data_array/x_aq_spsram_2048x32_0/x_aq_f_spsram_2048x32/ram0/PortAAddr[10:0],327295,0.22756949562653836,4.788528419040927,1.5121197856145776,0.0368597137139278,-0.09585652095970032,10
x_aq_ifu_top/x_aq_ifu_icache/x_aq_ifu_icache_data_array/x_aq_spsram_2048x32_0/x_aq_f_spsram_2048x32/ram0/PortADataIn[7:0],13010,0.009045903964622936,4.833205848578017,1.526228008279562,0.15941583397386624,0.18506096811089948,8
x_aq_ifu_top/x_aq_ifu_icache/x_aq_ifu_icache_data_array/x_aq_spsram_2048x32_0/x_aq_f_spsram_2048x32/ram0/PortAWriteEnable,0,0.0,0.0,0.0,0.0,,0
x_aq_ifu_top/x_aq_ifu_icache/x_aq_ifu_icache_data_array/x_aq_spsram_2048x32_0/x_aq_f_spsram_2048x32/ram1/PortAClk,0,0.0,0.0,0.0,0.0,,0
x_aq_ifu_top/x_aq_ifu_icache/x_aq_ifu_icache_data_array/x_aq_spsram_2048x32_0/x_aq_f_spsram_2048x32/ram1/PortAAddr[10:0],327295,0.22756949562653836,4.788528419040927,1.5121197856145776,0.0368597137139278,-0.09585652095970032,10
x_aq_ifu_top/x_aq_ifu_icache/x_aq_ifu_icache_data_array/x_aq_spsram_2048x32_0/x_aq_f_spsram_2048x32/ram1/PortADataIn[7:0],14815,0.010300927535425735,4.701289581505232,1.4845715368066148,0.14404319946000674,0.16460613386221376,8
x_aq_ifu_top/x_aq_ifu_icache/x_aq_ifu_icache_data_array/x_aq_spsram_2048x32_0/x_aq_f_spsram_2048x32/ram1/PortAWriteEnable,0,0.0,0.0,0.0,0.0,,0
x_aq_ifu_top/x_aq_ifu_icache/x_aq_ifu_icache_data_array/x_aq_spsram_2048x32_0/x_aq_f_spsram_2048x32/ram2/PortAClk,0,0.0,0.0,0.0,0.0,,0
x_aq_ifu_top/x_aq_ifu_icache/x_aq_ifu_icache_data_array/x_aq_spsram_2048x32_0/x_aq_f_spsram_2048x32/ram2/PortAAddr[10:0],327295,0.22756949562653836,4.788528419040927,1.5121197856145776,0.0368597137139278,-0.09585652095970032,10
x_aq_ifu_top/x_aq_ifu_icache/x_aq_ifu_icache_data_array/x_aq_spsram_2048x32_0/x_aq_f_spsram_2048x32/ram2/PortADataIn[7:0],11224,0.007804091168249642,5.468685011582324,1.7268993903065821,0.17908054169636492,0.21833653336585632,8
x_aq_ifu_top/x_aq_ifu_icache/x_aq_ifu_icache_data_array/x_aq_spsram_2048x32_0/x_aq_f_spsram_2048x32/ram2/PortAWriteEnable,0,0.0,0.0,0.0,0.0,,0
x_aq_ifu_top/x_aq_ifu_icache/x_aq_ifu_icache_data_array/x_aq_spsram_2048x32_0/x_aq_f_spsram_2048x32/ram3/PortAClk,0,0.0,0.0,0.0,0.0,,0
x_aq_ifu_top/x_aq_ifu_icache/x_aq_ifu_icache_data_array/x_aq_spsram_2048x32_0/x_aq_f_spsram_2048x32/ram3/PortAAddr[10:0],327295,0.22756949562653836,4.788528419040927,1.5121197856145776,0.0368597137139278,-0.09585652095970032,10
x_aq_ifu_top/x_aq_ifu_icache/x_aq_ifu_icache_data_array/x_aq_spsram_2048x32_0/x_aq_f_spsram_2048x32/ram3/PortADataIn[7:0],9186,0.006387061784706095,6.157612633355106,1.9444487074614472,0.21249727846723274,0.2325228979505369,8
x_aq_ifu_top/x_aq_ifu_icache/x_aq_ifu_icache_data_array/x_aq_spsram_2048x32_0/x_aq_f_spsram_2048x32/ram3/PortAWriteEnable,0,0.0,0.0,0.0,0.0,,0
x_aq_ifu_top/x_aq_ifu_ipack/cp0_ifu_icg_en,0,0.0,0.0,0.0,0.0,,0
x_aq_ifu_top/x_aq_ifu_ipack/cp0_yy_clk_en,1,6.953039173422703e-07,21.131999999999998,6.673055375957693,1.0,-0.005140258898422977,1
x_aq_ifu_top/x_aq_ifu_ipack/cpurst_b,3,2.0859117520268108e-06,11.372333333333332,3.5911513385946847,0.3333333333333333,0.0012751758732577007,1
x_aq_ifu_top/x_aq_ifu_ipack/ctrl_ipack_cancel,51134,0.03555367050937965,6.311202746704737,1.992949338333192,0.08127664567606681,0.025600686900472108,1
x_aq_ifu_top/x_aq_ifu_ipack/forever_cpuclk,0,0.0,0.0,0.0,0.0,,0
x_aq_ifu_top/x_aq_ifu_ipack/ibuf_ipack_stall,109236,0.07595221871480023,6.198711241165916,1.9574268110861066,0.12885861803800944,-0.8109528147524757,1
x_aq_ifu_top/x_aq_ifu_ipack/icache_ipack_acc_err,0,0.0,0.0,0.0,0.0,,0
x_aq_ifu_top/x_aq_ifu_ipack/icache_ipack_inst[31:0],651338,0.45287786291387966,4.926319967436261,1.5556315513149856,0.03380733198431536,0.28850643870949777,25
x_aq_ifu_top/x_aq_ifu_ipack/icache_ipack_inst_vld,158677,0.11032873969211943,7.27893967115587,2.2985409570262356,0.08697542807086094,0.8611242007441168,1
x_aq_ifu_top/x_aq_ifu_ipack/icache_ipack_inst_vld_gate,158235,0.11002141536065414,7.288014120327362,2.3014064833288894,0.08726893544411793,0.8617848098916556,1
x_aq_ifu_top/x_aq_ifu_ipack/icache_ipack_pgflt,0,0.0,0.0,0.0,0.0,,0
x_aq_ifu_top/x_aq_ifu_ipack/icache_ipack_unalign,17190,0.011952274339113627,6.841110063990692,2.1602832808078447,0.15317044793484583,-0.027596630698857903,1
x_aq_ifu_top/x_aq_ifu_ipack/ipack_ibuf_acc_err[2:0],0,0.0,0.0,0.0,0.0,,0
x_aq_ifu_top/x_aq_ifu_ipack/ipack_ibuf_inst[47:0],727047,0.5055186271919456,5.387094414363858,1.7011347407989026,0.039400478923645926,0.18588260393159833,42
x_aq_ifu_top/x_aq_ifu_ipack/ipack_ibuf_inst_all,34468,0.023965735422953372,10.296904026923524,3.2515526581763416,0.1179354763838923,-0.24728802812586093,1
x_aq_ifu_top/x_aq_ifu_ipack/ipack_ibuf_inst_full,58658,0.04078513718346289,10.45406981144942,3.301182413208858,0.12376828395103823,-0.2656888203933747,1
x_aq_ifu_top/x_aq_ifu_ipack/ipack_ibuf_inst_one,1520,0.0010568619543602509,4.975225657894737,1.5710749726962487,0.007236842105263158,-0.009294913583499318,1
x_aq_ifu_top/x_aq_ifu_ipack/ipack_ibuf_inst_two,35250,0.024509463086315027,10.176043773049644,3.2133874505834634,0.11568794326241134,-0.2505506309282929,1
x_aq_ifu_top/x_aq_ifu_ipack/ipack_ibuf_inst_vld,144471,0.10045125224235513,3.9357245121858373,1.242821673969817,0.032795509133320876,0.6047101674243036,1
x_aq_ifu_top/x_aq_ifu_ipack/ipack_ibuf_inst_vld_raw,201853,0.1403491816272893,6.846093861374366,2.1618570625570315,0.04574120771056164,-0.3401840813722849,1
x_aq_ifu_top/x_aq_ifu_ipack/ipack_ibuf_pgflt[2:0],0,0.0,0.0,0.0,0.0,,0
x_aq_ifu_top/x_aq_ifu_ipack/ipack_pcgen_reissue,0,0.0,0.0,0.0,0.0,,0
x_aq_ifu_top/x_aq_ifu_ipack/ipack_pred_h0_create,117390,0.08162172685680912,3.955500195928103,1.2490664322846745,0.02469545957918051,0.37737430675139616,1
x_aq_ifu_top/x_aq_ifu_ipack/ipack_pred_h0_vld,110982,0.07716621935447984,5.940488115189851,1.8758852050388237,0.05332396244436035,-0.10125010311810576,1
x_aq_ifu_top/x_aq_ifu_ipack/ipack_pred_inst0[31:0],727021,0.5055005492900947,5.387148233242231,1.7011517357050001,0.03940188797847655,0.1086284932060288,28
x_aq_ifu_top/x_aq_ifu_ipack/ipack_pred_inst0_expt,0,0.0,0.0,0.0,0.0,,0
x_aq_ifu_top/x_aq_ifu_ipack/ipack_pred_inst0_vld,201853,0.1403491816272893,6.846093861374366,2.1618570625570315,0.04574120771056164,-0.3401840813722849,1
x_aq_ifu_top/x_aq_ifu_ipack/ipack_pred_inst1[15:0],621017,0.4317955528361447,4.837435655706687,1.5275636952566223,0.029603054344728083,0.18588187458121797,14
x_aq_ifu_top/x_aq_ifu_ipack/ipack_pred_inst1_expt,0,0.0,0.0,0.0,0.0,,0
x_aq_ifu_top/x_aq_ifu_ipack/ipack_pred_inst1_vld,67756,0.04711101222344287,9.647985521577425,3.046637405447863,0.1073410472873251,-0.25171808448366184,1
x_aq_ifu_top/x_aq_ifu_ipack/ipack_pred_unalign,4,2.781215669369081e-06,7.402249999999999,2.3374798484139143,0.0,-0.0004672695551629876,1
x_aq_ifu_top/x_aq_ifu_ipack/ipack_top_entry0_vld,110982,0.07716621935447984,5.940488115189851,1.8758852050388237,0.05332396244436035,-0.10125010311810576,1
x_aq_ifu_top/x_aq_ifu_ipack/ipack_top_entry1_vld,201805,0.14031580703925686,6.846545914125022,2.1619998116123966,0.04578181908277793,-0.34062012675258896,1
x_aq_ifu_top/x_aq_ifu_ipack/ipack_top_entry2_vld,195581,0.13598823545771857,6.928595299134375,2.1879093369640286,0.04720294916172839,-0.31274687139737645,1
x_aq_ifu_top/x_aq_ifu_ipack/iu_ifu_tar_pc_vld,0,0.0,0.0,0.0,0.0,,0
x_aq_ifu_top/x_aq_ifu_ipack/pad_yy_icg_scan_en,0,0.0,0.0,0.0,0.0,,0
x_aq_ifu_top/x_aq_ifu_ipack/pred_ipack_chgflw_vld0,25634,0.017823420617151756,10.35812534134353,3.270885102872235,0.12475618319419521,-0.08337207859400673,1
x_aq_ifu_top/x_aq_ifu_ipack/pred_ipack_delay_stall,4,2.781215669369081e-06,10.009250000000002,3.1607173727902973,0.5,-0.00023300308883368525,1
x_aq_ifu_top/x_aq_ifu_ipack/pred_ipack_mask,4,2.781215669369081e-06,10.009250000000002,3.1607173727902973,0.5,-0.00023300308883368525,1
x_aq_ifu_top/x_aq_ifu_ipack/pred_ipack_ret_stall,22,1.5296686181529945e-05,4.636727272727273,1.4641840741114134,0.0,0.01728200173348791,1
x_aq_ifu_top/x_aq_ifu_ipack/rtu_ifu_chgflw_vld,0,0.0,0.0,0.0,0.0,,0
x_aq_ifu_top/x_aq_ifu_ipack/rtu_ifu_flush_fe,0,0.0,0.0,0.0,0.0,,0
x_aq_ifu_top/x_aq_ifu_ipack/entry0_acc_err,0,0.0,0.0,0.0,0.0,,0
x_aq_ifu_top/x_aq_ifu_ipack/entry0_create_en,117390,0.08162172685680912,3.955500195928103,1.2490664322846745,0.02469545957918051,0.37737430675139616,1
x_aq_ifu_top/x_aq_ifu_ipack/entry0_create_icg_en,117954,0.08201387826619015,4.261815538260678,1.3457945811532488,0.02499279380097326,0.08207916708222193,1
x_aq_ifu_top/x_aq_ifu_ipack/entry0_inst[15:0],293261,0.20390552210371155,4.891073347632314,1.5445013863629191,0.02332734321986217,0.13328186160573322,13
x_aq_ifu_top/x_aq_ifu_ipack/entry0_pgflt,0,0.0,0.0,0.0,0.0,,0
x_aq_ifu_top/x_aq_ifu_ipack/entry0_retire_en,144383,0.10039006549762901,3.934753405871883,1.242515018366516,0.03276008948421905,0.6043623068803199,1
x_aq_ifu_top/x_aq_ifu_ipack/entry0_upd_acc_err,0,0.0,0.0,0.0,0.0,,0
x_aq_ifu_top/x_aq_ifu_ipack/entry0_upd_inst[15:0],621017,0.4317955528361447,4.837435655706687,1.5275636952566223,0.029603054344728083,0.18588187458121797,14
x_aq_ifu_top/x_aq_ifu_ipack/entry0_upd_pgflt,0,0.0,0.0,0.0,0.0,,0
x_aq_ifu_top/x_aq_ifu_ipack/entry0_vld,110982,0.07716621935447984,5.940488115189851,1.8758852050388237,0.05332396244436035,-0.10125010311810576,1
x_aq_ifu_top/x_aq_ifu_ipack/entry1_acc_err,0,0.0,0.0,0.0,0.0,,0
x_aq_ifu_top/x_aq_ifu_ipack/entry1_create_en,159823,0.11112555798139366,4.041479067468387,1.2762168094827944,0.06065459915031003,0.6651266842506727,1
x_aq_ifu_top/x_aq_ifu_ipack/entry1_create_icg_en,171931,0.11954429781257388,6.754053459411044,2.132792577457341,0.06947554542229151,0.8209371846338844,1
x_aq_ifu_top/x_aq_ifu_ipack/entry1_inst[15:0],609510,0.42379469065928715,4.848940141425079,1.5311965776279426,0.02770094009942413,0.015089804503187523,14
x_aq_ifu_top/x_aq_ifu_ipack/entry1_pgflt,0,0.0,0.0,0.0,0.0,,0
x_aq_ifu_top/x_aq_ifu_ipack/entry1_retire_en,158001,0.10985871424399606,6.92277872924855,2.1860725826129856,0.09155005348067417,0.7761651484416557,1
x_aq_ifu_top/x_aq_ifu_ipack/entry1_upd_acc_err,0,0.0,0.0,0.0,0.0,,0
x_aq_ifu_top/x_aq_ifu_ipack/entry1_upd_inst[15:0],650979,0.45262824880755376,4.926278722769859,1.5556185270890315,0.0337645300386034,0.19041569740118244,15
x_aq_ifu_top/x_aq_ifu_ipack/entry1_upd_pgflt,0,0.0,0.0,0.0,0.0,,0
x_aq_ifu_top/x_aq_ifu_ipack/entry1_vld,201805,0.14031580703925686,6.846545914125022,2.1619998116123966,0.04578181908277793,-0.34062012675258896,1
x_aq_ifu_top/x_aq_ifu_ipack/entry2_acc_err,0,0.0,0.0,0.0,0.0,,0
x_aq_ifu_top/x_aq_ifu_ipack/entry2_create_en,153627,0.10681745490954096,4.042278369036692,1.276469212645173,0.07267602700046216,0.6875231307114408,1
x_aq_ifu_top/x_aq_ifu_ipack/entry2_create_icg_en,158235,0.11002141536065414,7.288014120327362,2.3014064833288894,0.08726893544411793,0.8617848098916556,1
x_aq_ifu_top/x_aq_ifu_ipack/entry2_inst[15:0],621017,0.4317955528361447,4.837435655706687,1.5275636952566223,0.029603054344728083,0.18588187458121797,14
x_aq_ifu_top/x_aq_ifu_ipack/entry2_pgflt,0,0.0,0.0,0.0,0.0,,0
x_aq_ifu_top/x_aq_ifu_ipack/entry2_retire_en,158175,0.1099796971256136,6.920132018334122,2.185236805190303,0.09144934408092303,0.7759042391340757,1
x_aq_ifu_top/x_aq_ifu_ipack/entry2_upd_acc_err,0,0.0,0.0,0.0,0.0,,0
x_aq_ifu_top/x_aq_ifu_ipack/entry2_upd_inst[15:0],651025,0.4526602327877515,4.925670849736954,1.5554265731608596,0.03371606313121616,0.2885037554921219,15
x_aq_ifu_top/x_aq_ifu_ipack/entry2_upd_pgflt,0,0.0,0.0,0.0,0.0,,0
x_aq_ifu_top/x_aq_ifu_ipack/entry2_vld,195581,0.13598823545771857,6.928595299134375,2.1879093369640286,0.04720294916172839,-0.31274687139737645,1
x_aq_ifu_top/x_aq_ifu_ipack/h0_vld,110982,0.07716621935447984,5.940488115189851,1.8758852050388237,0.05332396244436035,-0.10125010311810576,1
x_aq_ifu_top/x_aq_ifu_ipack/h1_16bit_vld,157558,0.10955069460861343,4.505022620241435,1.4225944262167862,0.01514997651658437,0.0208680634812115,1
x_aq_ifu_top/x_aq_ifu_ipack/h1_32bit_vld,185341,0.12886832334413373,7.92652050113035,2.5030337991059417,0.062328356920487105,-0.570953911411211,1
x_aq_ifu_top/x_aq_ifu_ipack/h2_16bit_vld,137546,0.09563627261475992,8.03319105026682,2.53671818682937,0.06930772250737935,-0.36522005961865295,1
x_aq_ifu_top/x_aq_ifu_ipack/h2_32bit_vld,184302,0.1281459025740151,5.478013282547124,1.729845068364033,0.036456468188082604,-0.17252940231635927,1
x_aq_ifu_top/x_aq_ifu_ipack/icache_inst_vld,195297,0.13579076914519336,6.381959601017936,2.0152929123943575,0.060635852061219575,0.7577533070096837,1
x_aq_ifu_top/x_aq_ifu_ipack/ipack_acc_err0,0,0.0,0.0,0.0,0.0,,0
x_aq_ifu_top/x_aq_ifu_ipack/ipack_acc_err1,0,0.0,0.0,0.0,0.0,,0
x_aq_ifu_top/x_aq_ifu_ipack/ipack_acc_err2,0,0.0,0.0,0.0,0.0,,0
x_aq_ifu_top/x_aq_ifu_ipack/ipack_align_create,201517,0.14011555951106228,6.074151749976429,1.9180934596613215,0.051484490142270876,0.7274130012372295,1
x_aq_ifu_top/x_aq_ifu_ipack/ipack_all_vld,34468,0.023965735422953372,10.296904026923524,3.2515526581763416,0.1179354763838923,-0.24728802812586093,1
x_aq_ifu_top/x_aq_ifu_ipack/ipack_buf_flush,134,9.317072492386423e-05,4.726216716417911,1.4924430185232662,0.03731343283582089,0.00553815329567618,1
x_aq_ifu_top/x_aq_ifu_ipack/ipack_buf_stall,109256,0.07596612479314709,6.198449807241708,1.9573442555753462,0.12883502965512192,-0.8099603918901789,1
x_aq_ifu_top/x_aq_ifu_ipack/ipack_cpuclk,0,0.0,0.0,0.0,0.0,,0
x_aq_ifu_top/x_aq_ifu_ipack/ipack_empty,43334,0.030130299954109943,4.885799820925832,1.542836113992157,0.06412978261872894,-0.0015370298666933216,1
x_aq_ifu_top/x_aq_ifu_ipack/ipack_first_inst[31:0],727021,0.5055005492900947,5.387148233242231,1.7011517357050001,0.03940188797847655,0.1086284932060288,28
x_aq_ifu_top/x_aq_ifu_ipack/ipack_first_vld,201853,0.1403491816272893,6.846093861374366,2.1618570625570315,0.04574120771056164,-0.3401840813722849,1
x_aq_ifu_top/x_aq_ifu_ipack/ipack_full,127764,0.08883480969531782,6.001296163238471,1.8950871486282777,0.05010018471556933,-0.10203276596678118,1
x_aq_ifu_top/x_aq_ifu_ipack/ipack_icg_en,7607,0.00528917689922265,4.184364334165901,1.321337067720585,0.18351518338372552,0.09634115268782932,1
x_aq_ifu_top/x_aq_ifu_ipack/ipack_one_16bit_vld,1520,0.0010568619543602509,4.975225657894737,1.5710749726962487,0.007236842105263158,-0.009294913583499318,1
x_aq_ifu_top/x_aq_ifu_ipack/ipack_pgflt0,0,0.0,0.0,0.0,0.0,,0
x_aq_ifu_top/x_aq_ifu_ipack/ipack_pgflt1,0,0.0,0.0,0.0,0.0,,0
x_aq_ifu_top/x_aq_ifu_ipack/ipack_pgflt2,0,0.0,0.0,0.0,0.0,,0
x_aq_ifu_top/x_aq_ifu_ipack/ipack_retire_inst[47:0],727047,0.5055186271919456,5.387094414363858,1.7011347407989026,0.039400478923645926,0.18588260393159833,42
x_aq_ifu_top/x_aq_ifu_ipack/ipack_retire_one,1520,0.0010568619543602509,4.975225657894737,1.5710749726962487,0.007236842105263158,-0.009294913583499318,1
x_aq_ifu_top/x_aq_ifu_ipack/ipack_retire_vld,201853,0.1403491816272893,6.846093861374366,2.1618570625570315,0.04574120771056164,-0.3401840813722849,1
x_aq_ifu_top/x_aq_ifu_ipack/ipack_secnd_inst[15:0],621017,0.4317955528361447,4.837435655706687,1.5275636952566223,0.029603054344728083,0.18588187458121797,14
x_aq_ifu_top/x_aq_ifu_ipack/ipack_secnd_vld,67756,0.04711101222344287,9.647985521577425,3.046637405447863,0.1073410472873251,-0.25171808448366184,1
x_aq_ifu_top/x_aq_ifu_ipack/x_aq_ifu_ipack_icg_cell/clk_in,0,0.0,0.0,0.0,0.0,,0
x_aq_ifu_top/x_aq_ifu_ipack/x_aq_ifu_ipack_icg_cell/global_en,1,6.953039173422703e-07,21.131999999999998,6.673055375957693,1.0,-0.005140258898422977,1
x_aq_ifu_top/x_aq_ifu_ipack/x_aq_ifu_ipack_icg_cell/module_en,0,0.0,0.0,0.0,0.0,,0
x_aq_ifu_top/x_aq_ifu_ipack/x_aq_ifu_ipack_icg_cell/local_en,7607,0.00528917689922265,4.184364334165901,1.321337067720585,0.18351518338372552,0.09634115268782932,1
x_aq_ifu_top/x_aq_ifu_ipack/x_aq_ifu_ipack_icg_cell/external_en,0,0.0,0.0,0.0,0.0,,0
x_aq_ifu_top/x_aq_ifu_ipack/x_aq_ifu_ipack_icg_cell/pad_yy_icg_scan_en,0,0.0,0.0,0.0,0.0,,0
x_aq_ifu_top/x_aq_ifu_ipack/x_aq_ifu_ipack_icg_cell/clk_out,0,0.0,0.0,0.0,0.0,,0
x_aq_ifu_top/x_aq_ifu_ipack/x_aq_ifu_ipack_icg_cell/clk_en_bf_latch,7607,0.00528917689922265,4.184364334165901,1.321337067720585,0.18351518338372552,0.09634115268782932,1
x_aq_ifu_top/x_aq_ifu_ipack/x_aq_ifu_ipack_icg_cell/SE,0,0.0,0.0,0.0,0.0,,0
x_aq_ifu_top/x_aq_ifu_ipack/x_aq_ifu_ipack_entry0/cp0_ifu_icg_en,0,0.0,0.0,0.0,0.0,,0
x_aq_ifu_top/x_aq_ifu_ipack/x_aq_ifu_ipack_entry0/cp0_yy_clk_en,1,6.953039173422703e-07,21.131999999999998,6.673055375957693,1.0,-0.005140258898422977,1
x_aq_ifu_top/x_aq_ifu_ipack/x_aq_ifu_ipack_entry0/cpurst_b,3,2.0859117520268108e-06,11.372333333333332,3.5911513385946847,0.3333333333333333,0.0012751758732577007,1
x_aq_ifu_top/x_aq_ifu_ipack/x_aq_ifu_ipack_entry0/forever_cpuclk,0,0.0,0.0,0.0,0.0,,0
x_aq_ifu_top/x_aq_ifu_ipack/x_aq_ifu_ipack_entry0/ipack_buf_flush,134,9.317072492386423e-05,4.726216716417911,1.4924430185232662,0.03731343283582089,0.00553815329567618,1
x_aq_ifu_top/x_aq_ifu_ipack/x_aq_ifu_ipack_entry0/ipack_cpuclk,0,0.0,0.0,0.0,0.0,,0
x_aq_ifu_top/x_aq_ifu_ipack/x_aq_ifu_ipack_entry0/ipack_entry_acc_err,0,0.0,0.0,0.0,0.0,,0
x_aq_ifu_top/x_aq_ifu_ipack/x_aq_ifu_ipack_entry0/ipack_entry_create_en,117390,0.08162172685680912,3.955500195928103,1.2490664322846745,0.02469545957918051,0.37737430675139616,1
x_aq_ifu_top/x_aq_ifu_ipack/x_aq_ifu_ipack_entry0/ipack_entry_create_icg_en,117954,0.08201387826619015,4.261815538260678,1.3457945811532488,0.02499279380097326,0.08207916708222193,1
x_aq_ifu_top/x_aq_ifu_ipack/x_aq_ifu_ipack_entry0/ipack_entry_inst[15:0],293261,0.20390552210371155,4.891073347632314,1.5445013863629191,0.02332734321986217,0.13328186160573322,13
x_aq_ifu_top/x_aq_ifu_ipack/x_aq_ifu_ipack_entry0/ipack_entry_pgflt,0,0.0,0.0,0.0,0.0,,0
x_aq_ifu_top/x_aq_ifu_ipack/x_aq_ifu_ipack_entry0/ipack_entry_retire_en,144383,0.10039006549762901,3.934753405871883,1.242515018366516,0.03276008948421905,0.6043623068803199,1
x_aq_ifu_top/x_aq_ifu_ipack/x_aq_ifu_ipack_entry0/ipack_entry_upd_acc_err,0,0.0,0.0,0.0,0.0,,0
x_aq_ifu_top/x_aq_ifu_ipack/x_aq_ifu_ipack_entry0/ipack_entry_upd_inst[15:0],621017,0.4317955528361447,4.837435655706687,1.5275636952566223,0.029603054344728083,0.18588187458121797,14
x_aq_ifu_top/x_aq_ifu_ipack/x_aq_ifu_ipack_entry0/ipack_entry_upd_pgflt,0,0.0,0.0,0.0,0.0,,0
x_aq_ifu_top/x_aq_ifu_ipack/x_aq_ifu_ipack_entry0/ipack_entry_vld,110982,0.07716621935447984,5.940488115189851,1.8758852050388237,0.05332396244436035,-0.10125010311810576,1
x_aq_ifu_top/x_aq_ifu_ipack/x_aq_ifu_ipack_entry0/pad_yy_icg_scan_en,0,0.0,0.0,0.0,0.0,,0
x_aq_ifu_top/x_aq_ifu_ipack/x_aq_ifu_ipack_entry0/entry_cpuclk,0,0.0,0.0,0.0,0.0,,0
x_aq_ifu_top/x_aq_ifu_ipack/x_aq_ifu_ipack_entry0/entry_icg_en,117954,0.08201387826619015,4.261815538260678,1.3457945811532488,0.02499279380097326,0.08207916708222193,1
x_aq_ifu_top/x_aq_ifu_ipack/x_aq_ifu_ipack_entry0/x_ipack_data_icg_cell/clk_in,0,0.0,0.0,0.0,0.0,,0
x_aq_ifu_top/x_aq_ifu_ipack/x_aq_ifu_ipack_entry0/x_ipack_data_icg_cell/global_en,1,6.953039173422703e-07,21.131999999999998,6.673055375957693,1.0,-0.005140258898422977,1
x_aq_ifu_top/x_aq_ifu_ipack/x_aq_ifu_ipack_entry0/x_ipack_data_icg_cell/module_en,0,0.0,0.0,0.0,0.0,,0
x_aq_ifu_top/x_aq_ifu_ipack/x_aq_ifu_ipack_entry0/x_ipack_data_icg_cell/local_en,117954,0.08201387826619015,4.261815538260678,1.3457945811532488,0.02499279380097326,0.08207916708222193,1
x_aq_ifu_top/x_aq_ifu_ipack/x_aq_ifu_ipack_entry0/x_ipack_data_icg_cell/external_en,0,0.0,0.0,0.0,0.0,,0
x_aq_ifu_top/x_aq_ifu_ipack/x_aq_ifu_ipack_entry0/x_ipack_data_icg_cell/pad_yy_icg_scan_en,0,0.0,0.0,0.0,0.0,,0
x_aq_ifu_top/x_aq_ifu_ipack/x_aq_ifu_ipack_entry0/x_ipack_data_icg_cell/clk_out,0,0.0,0.0,0.0,0.0,,0
x_aq_ifu_top/x_aq_ifu_ipack/x_aq_ifu_ipack_entry0/x_ipack_data_icg_cell/clk_en_bf_latch,117954,0.08201387826619015,4.261815538260678,1.3457945811532488,0.02499279380097326,0.08207916708222193,1
x_aq_ifu_top/x_aq_ifu_ipack/x_aq_ifu_ipack_entry0/x_ipack_data_icg_cell/SE,0,0.0,0.0,0.0,0.0,,0
x_aq_ifu_top/x_aq_ifu_ipack/x_aq_ifu_ipack_entry1/cp0_ifu_icg_en,0,0.0,0.0,0.0,0.0,,0
x_aq_ifu_top/x_aq_ifu_ipack/x_aq_ifu_ipack_entry1/cp0_yy_clk_en,1,6.953039173422703e-07,21.131999999999998,6.673055375957693,1.0,-0.005140258898422977,1
x_aq_ifu_top/x_aq_ifu_ipack/x_aq_ifu_ipack_entry1/cpurst_b,3,2.0859117520268108e-06,11.372333333333332,3.5911513385946847,0.3333333333333333,0.0012751758732577007,1
x_aq_ifu_top/x_aq_ifu_ipack/x_aq_ifu_ipack_entry1/forever_cpuclk,0,0.0,0.0,0.0,0.0,,0
x_aq_ifu_top/x_aq_ifu_ipack/x_aq_ifu_ipack_entry1/ipack_buf_flush,134,9.317072492386423e-05,4.726216716417911,1.4924430185232662,0.03731343283582089,0.00553815329567618,1
x_aq_ifu_top/x_aq_ifu_ipack/x_aq_ifu_ipack_entry1/ipack_cpuclk,0,0.0,0.0,0.0,0.0,,0
x_aq_ifu_top/x_aq_ifu_ipack/x_aq_ifu_ipack_entry1/ipack_entry_acc_err,0,0.0,0.0,0.0,0.0,,0
x_aq_ifu_top/x_aq_ifu_ipack/x_aq_ifu_ipack_entry1/ipack_entry_create_en,159823,0.11112555798139366,4.041479067468387,1.2762168094827944,0.06065459915031003,0.6651266842506727,1
x_aq_ifu_top/x_aq_ifu_ipack/x_aq_ifu_ipack_entry1/ipack_entry_create_icg_en,171931,0.11954429781257388,6.754053459411044,2.132792577457341,0.06947554542229151,0.8209371846338844,1
x_aq_ifu_top/x_aq_ifu_ipack/x_aq_ifu_ipack_entry1/ipack_entry_inst[15:0],609510,0.42379469065928715,4.848940141425079,1.5311965776279426,0.02770094009942413,0.015089804503187523,14
x_aq_ifu_top/x_aq_ifu_ipack/x_aq_ifu_ipack_entry1/ipack_entry_pgflt,0,0.0,0.0,0.0,0.0,,0
x_aq_ifu_top/x_aq_ifu_ipack/x_aq_ifu_ipack_entry1/ipack_entry_retire_en,158001,0.10985871424399606,6.92277872924855,2.1860725826129856,0.09155005348067417,0.7761651484416557,1
x_aq_ifu_top/x_aq_ifu_ipack/x_aq_ifu_ipack_entry1/ipack_entry_upd_acc_err,0,0.0,0.0,0.0,0.0,,0
x_aq_ifu_top/x_aq_ifu_ipack/x_aq_ifu_ipack_entry1/ipack_entry_upd_inst[15:0],650979,0.45262824880755376,4.926278722769859,1.5556185270890315,0.0337645300386034,0.19041569740118244,15
x_aq_ifu_top/x_aq_ifu_ipack/x_aq_ifu_ipack_entry1/ipack_entry_upd_pgflt,0,0.0,0.0,0.0,0.0,,0
x_aq_ifu_top/x_aq_ifu_ipack/x_aq_ifu_ipack_entry1/ipack_entry_vld,201805,0.14031580703925686,6.846545914125022,2.1619998116123966,0.04578181908277793,-0.34062012675258896,1
x_aq_ifu_top/x_aq_ifu_ipack/x_aq_ifu_ipack_entry1/pad_yy_icg_scan_en,0,0.0,0.0,0.0,0.0,,0
x_aq_ifu_top/x_aq_ifu_ipack/x_aq_ifu_ipack_entry1/entry_cpuclk,0,0.0,0.0,0.0,0.0,,0
x_aq_ifu_top/x_aq_ifu_ipack/x_aq_ifu_ipack_entry1/entry_icg_en,171931,0.11954429781257388,6.754053459411044,2.132792577457341,0.06947554542229151,0.8209371846338844,1
x_aq_ifu_top/x_aq_ifu_ipack/x_aq_ifu_ipack_entry1/x_ipack_data_icg_cell/clk_in,0,0.0,0.0,0.0,0.0,,0
x_aq_ifu_top/x_aq_ifu_ipack/x_aq_ifu_ipack_entry1/x_ipack_data_icg_cell/global_en,1,6.953039173422703e-07,21.131999999999998,6.673055375957693,1.0,-0.005140258898422977,1
x_aq_ifu_top/x_aq_ifu_ipack/x_aq_ifu_ipack_entry1/x_ipack_data_icg_cell/module_en,0,0.0,0.0,0.0,0.0,,0
x_aq_ifu_top/x_aq_ifu_ipack/x_aq_ifu_ipack_entry1/x_ipack_data_icg_cell/local_en,171931,0.11954429781257388,6.754053459411044,2.132792577457341,0.06947554542229151,0.8209371846338844,1
x_aq_ifu_top/x_aq_ifu_ipack/x_aq_ifu_ipack_entry1/x_ipack_data_icg_cell/external_en,0,0.0,0.0,0.0,0.0,,0
x_aq_ifu_top/x_aq_ifu_ipack/x_aq_ifu_ipack_entry1/x_ipack_data_icg_cell/pad_yy_icg_scan_en,0,0.0,0.0,0.0,0.0,,0
x_aq_ifu_top/x_aq_ifu_ipack/x_aq_ifu_ipack_entry1/x_ipack_data_icg_cell/clk_out,0,0.0,0.0,0.0,0.0,,0
x_aq_ifu_top/x_aq_ifu_ipack/x_aq_ifu_ipack_entry1/x_ipack_data_icg_cell/clk_en_bf_latch,171931,0.11954429781257388,6.754053459411044,2.132792577457341,0.06947554542229151,0.8209371846338844,1
x_aq_ifu_top/x_aq_ifu_ipack/x_aq_ifu_ipack_entry1/x_ipack_data_icg_cell/SE,0,0.0,0.0,0.0,0.0,,0
x_aq_ifu_top/x_aq_ifu_ipack/x_aq_ifu_ipack_entry2/cp0_ifu_icg_en,0,0.0,0.0,0.0,0.0,,0
x_aq_ifu_top/x_aq_ifu_ipack/x_aq_ifu_ipack_entry2/cp0_yy_clk_en,1,6.953039173422703e-07,21.131999999999998,6.673055375957693,1.0,-0.005140258898422977,1
x_aq_ifu_top/x_aq_ifu_ipack/x_aq_ifu_ipack_entry2/cpurst_b,3,2.0859117520268108e-06,11.372333333333332,3.5911513385946847,0.3333333333333333,0.0012751758732577007,1
x_aq_ifu_top/x_aq_ifu_ipack/x_aq_ifu_ipack_entry2/forever_cpuclk,0,0.0,0.0,0.0,0.0,,0
x_aq_ifu_top/x_aq_ifu_ipack/x_aq_ifu_ipack_entry2/ipack_buf_flush,134,9.317072492386423e-05,4.726216716417911,1.4924430185232662,0.03731343283582089,0.00553815329567618,1
x_aq_ifu_top/x_aq_ifu_ipack/x_aq_ifu_ipack_entry2/ipack_cpuclk,0,0.0,0.0,0.0,0.0,,0
x_aq_ifu_top/x_aq_ifu_ipack/x_aq_ifu_ipack_entry2/ipack_entry_acc_err,0,0.0,0.0,0.0,0.0,,0
x_aq_ifu_top/x_aq_ifu_ipack/x_aq_ifu_ipack_entry2/ipack_entry_create_en,153627,0.10681745490954096,4.042278369036692,1.276469212645173,0.07267602700046216,0.6875231307114408,1
x_aq_ifu_top/x_aq_ifu_ipack/x_aq_ifu_ipack_entry2/ipack_entry_create_icg_en,158235,0.11002141536065414,7.288014120327362,2.3014064833288894,0.08726893544411793,0.8617848098916556,1
x_aq_ifu_top/x_aq_ifu_ipack/x_aq_ifu_ipack_entry2/ipack_entry_inst[15:0],621017,0.4317955528361447,4.837435655706687,1.5275636952566223,0.029603054344728083,0.18588187458121797,14
x_aq_ifu_top/x_aq_ifu_ipack/x_aq_ifu_ipack_entry2/ipack_entry_pgflt,0,0.0,0.0,0.0,0.0,,0
x_aq_ifu_top/x_aq_ifu_ipack/x_aq_ifu_ipack_entry2/ipack_entry_retire_en,158175,0.1099796971256136,6.920132018334122,2.185236805190303,0.09144934408092303,0.7759042391340757,1
x_aq_ifu_top/x_aq_ifu_ipack/x_aq_ifu_ipack_entry2/ipack_entry_upd_acc_err,0,0.0,0.0,0.0,0.0,,0
x_aq_ifu_top/x_aq_ifu_ipack/x_aq_ifu_ipack_entry2/ipack_entry_upd_inst[15:0],651025,0.4526602327877515,4.925670849736954,1.5554265731608596,0.03371606313121616,0.2885037554921219,15
x_aq_ifu_top/x_aq_ifu_ipack/x_aq_ifu_ipack_entry2/ipack_entry_upd_pgflt,0,0.0,0.0,0.0,0.0,,0
x_aq_ifu_top/x_aq_ifu_ipack/x_aq_ifu_ipack_entry2/ipack_entry_vld,195581,0.13598823545771857,6.928595299134375,2.1879093369640286,0.04720294916172839,-0.31274687139737645,1
x_aq_ifu_top/x_aq_ifu_ipack/x_aq_ifu_ipack_entry2/pad_yy_icg_scan_en,0,0.0,0.0,0.0,0.0,,0
x_aq_ifu_top/x_aq_ifu_ipack/x_aq_ifu_ipack_entry2/entry_cpuclk,0,0.0,0.0,0.0,0.0,,0
x_aq_ifu_top/x_aq_ifu_ipack/x_aq_ifu_ipack_entry2/entry_icg_en,158235,0.11002141536065414,7.288014120327362,2.3014064833288894,0.08726893544411793,0.8617848098916556,1
x_aq_ifu_top/x_aq_ifu_ipack/x_aq_ifu_ipack_entry2/x_ipack_data_icg_cell/clk_in,0,0.0,0.0,0.0,0.0,,0
x_aq_ifu_top/x_aq_ifu_ipack/x_aq_ifu_ipack_entry2/x_ipack_data_icg_cell/global_en,1,6.953039173422703e-07,21.131999999999998,6.673055375957693,1.0,-0.005140258898422977,1
x_aq_ifu_top/x_aq_ifu_ipack/x_aq_ifu_ipack_entry2/x_ipack_data_icg_cell/module_en,0,0.0,0.0,0.0,0.0,,0
x_aq_ifu_top/x_aq_ifu_ipack/x_aq_ifu_ipack_entry2/x_ipack_data_icg_cell/local_en,158235,0.11002141536065414,7.288014120327362,2.3014064833288894,0.08726893544411793,0.8617848098916556,1
x_aq_ifu_top/x_aq_ifu_ipack/x_aq_ifu_ipack_entry2/x_ipack_data_icg_cell/external_en,0,0.0,0.0,0.0,0.0,,0
x_aq_ifu_top/x_aq_ifu_ipack/x_aq_ifu_ipack_entry2/x_ipack_data_icg_cell/pad_yy_icg_scan_en,0,0.0,0.0,0.0,0.0,,0
x_aq_ifu_top/x_aq_ifu_ipack/x_aq_ifu_ipack_entry2/x_ipack_data_icg_cell/clk_out,0,0.0,0.0,0.0,0.0,,0
x_aq_ifu_top/x_aq_ifu_ipack/x_aq_ifu_ipack_entry2/x_ipack_data_icg_cell/clk_en_bf_latch,158235,0.11002141536065414,7.288014120327362,2.3014064833288894,0.08726893544411793,0.8617848098916556,1
x_aq_ifu_top/x_aq_ifu_ipack/x_aq_ifu_ipack_entry2/x_ipack_data_icg_cell/SE,0,0.0,0.0,0.0,0.0,,0
x_aq_ifu_top/x_aq_ifu_pcgen/btb_pcgen_tar_pc[39:0],54445,0.03785582177969991,3.989448691339884,1.259786675982065,0.01788961337129213,0.011391697859622527,13
x_aq_ifu_top/x_aq_ifu_pcgen/btb_xx_chgflw_vld,0,0.0,0.0,0.0,0.0,,0
x_aq_ifu_top/x_aq_ifu_pcgen/cp0_ifu_icg_en,0,0.0,0.0,0.0,0.0,,0
x_aq_ifu_top/x_aq_ifu_pcgen/cp0_xx_mrvbr[39:0],0,0.0,0.0,0.0,0.0,,0
x_aq_ifu_top/x_aq_ifu_pcgen/cp0_yy_clk_en,1,6.953039173422703e-07,21.131999999999998,6.673055375957693,1.0,-0.005140258898422977,1
x_aq_ifu_top/x_aq_ifu_pcgen/cpurst_b,3,2.0859117520268108e-06,11.372333333333332,3.5911513385946847,0.3333333333333333,0.0012751758732577007,1
x_aq_ifu_top/x_aq_ifu_pcgen/forever_cpuclk,0,0.0,0.0,0.0,0.0,,0
x_aq_ifu_top/x_aq_ifu_pcgen/icache_pcgen_addr[39:0],650198,0.45208521644810945,4.912078729802307,1.551134458405959,0.03257315463904841,-0.009676622216730733,14
x_aq_ifu_top/x_aq_ifu_pcgen/icache_pcgen_grant,158233,0.11002002475281945,6.924327788767197,2.1865617440718434,0.09185188930248431,0.8483661853709347,1
x_aq_ifu_top/x_aq_ifu_pcgen/icache_pcgen_grant_gate,345,0.00023987985148308326,6.833715826086956,2.1579483310163137,0.2289855072463768,0.16197475326707508,1
x_aq_ifu_top/x_aq_ifu_pcgen/icache_pcgen_inst_vld,158677,0.11032873969211943,7.27893967115587,2.2985409570262356,0.08697542807086094,0.8611242007441168,1
x_aq_ifu_top/x_aq_ifu_pcgen/icache_pcgen_inst_vld_gate,158235,0.11002141536065414,7.288014120327362,2.3014064833288894,0.08726893544411793,0.8617848098916556,1
x_aq_ifu_top/x_aq_ifu_pcgen/ifu_iu_chgflw_pc[39:0],61435,0.04271599616192238,5.285234147310165,1.6689693422252165,0.08249369252055018,0.01807869385530526,13
x_aq_ifu_top/x_aq_ifu_pcgen/ifu_iu_chgflw_vld,0,0.0,0.0,0.0,0.0,,0
x_aq_ifu_top/x_aq_ifu_pcgen/ipack_pcgen_reissue,0,0.0,0.0,0.0,0.0,,0
x_aq_ifu_top/x_aq_ifu_pcgen/iu_ifu_tar_pc[63:0],695991,0.48392526873496405,4.703789417794196,1.4853609342127803,0.03990856203600334,-0.010803932777302187,15
x_aq_ifu_top/x_aq_ifu_pcgen/iu_ifu_tar_pc_vld,0,0.0,0.0,0.0,0.0,,0
x_aq_ifu_top/x_aq_ifu_pcgen/iu_ifu_tar_pc_vld_gate,0,0.0,0.0,0.0,0.0,,0
x_aq_ifu_top/x_aq_ifu_pcgen/pad_yy_icg_scan_en,0,0.0,0.0,0.0,0.0,,0
x_aq_ifu_top/x_aq_ifu_pcgen/pcgen_btb_ifpc[39:0],682224,0.474353019704913,4.469599869632262,1.411408642742257,0.04193930439269214,-0.01041073223813629,14
x_aq_ifu_top/x_aq_ifu_pcgen/pcgen_ctrl_chgflw_vld,51134,0.03555367050937965,6.311202746704737,1.992949338333192,0.08127664567606681,0.025600686900472108,1
x_aq_ifu_top/x_aq_ifu_pcgen/pcgen_ibuf_chgflw_vld,0,0.0,0.0,0.0,0.0,,0
x_aq_ifu_top/x_aq_ifu_pcgen/pcgen_icache_chgflw_vld,50934,0.0354146097259112,6.026441988651981,1.9030276883527957,0.08084972709781285,0.04715950209458543,1
x_aq_ifu_top/x_aq_ifu_pcgen/pcgen_icache_seq_tag[33:0],76287,0.05304264994228978,4.232604686774942,1.3365703889545362,0.012125263806415248,-0.010446762383143444,9
x_aq_ifu_top/x_aq_ifu_pcgen/pcgen_icache_va[63:0],682223,0.4743523244009957,4.4696063141524105,1.4114106777905167,0.041939365867172465,-0.010477939585022534,14
x_aq_ifu_top/x_aq_ifu_pcgen/pcgen_pred_flush_vld,0,0.0,0.0,0.0,0.0,,0
x_aq_ifu_top/x_aq_ifu_pcgen/pcgen_pred_ifpc[39:0],650455,0.45226390955486645,4.910976165853134,1.5507862911577872,0.03256028472377028,-0.009676746819638234,14
x_aq_ifu_top/x_aq_ifu_pcgen/pcgen_top_buf_chgflw,10058,0.006993366800628555,4.585981706104594,1.4481596572953293,0.174090276396898,-0.0458317131645408,1
x_aq_ifu_top/x_aq_ifu_pcgen/pred_pcgen_chgflw_pc[39:0],654801,0.45528570037963595,4.974806088200842,1.5709424811288897,0.034517357181800275,-0.009496412107508671,14
x_aq_ifu_top/x_aq_ifu_pcgen/pred_pcgen_chgflw_vld,8668,0.006026894355522799,10.418452007383479,3.289935035823753,0.1652053530226119,-0.08576467867356126,1
x_aq_ifu_top/x_aq_ifu_pcgen/pred_pcgen_chgflw_vld_gate,58468,0.04065302943916786,10.415808425121433,3.289100246365797,0.12358897174522816,-0.23889567430983968,1
x_aq_ifu_top/x_aq_ifu_pcgen/pred_pcgen_curflw_pc[39:0],32216,0.02239991100109858,4.077464924261237,1.2875804104259125,0.01493046933200894,-0.10629081551738326,15
x_aq_ifu_top/x_aq_ifu_pcgen/pred_pcgen_curflw_vld,80,5.5624313387381626e-05,5.353325000000001,1.690471047250555,0.0375,-0.0018875143295182875,1
x_aq_ifu_top/x_aq_ifu_pcgen/pred_pcgen_curflw_vld_gate,80,5.5624313387381626e-05,5.353325000000001,1.690471047250555,0.0375,-0.0018875143295182875,1
x_aq_ifu_top/x_aq_ifu_pcgen/rtu_ifu_chgflw_pc[39:0],641828,0.44626552265995467,4.803895203341082,1.516972303245911,0.03928622621636949,-0.010759465888388482,15
x_aq_ifu_top/x_aq_ifu_pcgen/rtu_ifu_chgflw_vld,0,0.0,0.0,0.0,0.0,,0
x_aq_ifu_top/x_aq_ifu_pcgen/vec_pcgen_idle,1,6.953039173422703e-07,11.921,3.7644091016842545,0.0,0.012308593211025337,1
x_aq_ifu_top/x_aq_ifu_pcgen/vec_pcgen_rst_vld,2,1.3906078346845406e-06,10.800999999999998,3.410735903639932,0.5,-0.002497608032843854,1
x_aq_ifu_top/x_aq_ifu_pcgen/pcgen_br_chgflw_pc[39:0],663913,0.4616213096744587,4.945506421986014,1.561690243046899,0.03546699642874895,-0.009585180145654676,15
x_aq_ifu_top/x_aq_ifu_pcgen/pcgen_br_chgflw_vld,10058,0.006993366800628555,9.575682839530721,3.0238056904597914,0.14237422946907935,-0.07871311342290131,1
x_aq_ifu_top/x_aq_ifu_pcgen/pcgen_chgflw_btb,0,0.0,0.0,0.0,0.0,,0
x_aq_ifu_top/x_aq_ifu_pcgen/pcgen_chgflw_cur,80,5.5624313387381626e-05,5.353325000000001,1.690471047250555,0.0375,-0.0018875143295182875,1
x_aq_ifu_top/x_aq_ifu_pcgen/pcgen_cpuclk,0,0.0,0.0,0.0,0.0,,0
x_aq_ifu_top/x_aq_ifu_pcgen/pcgen_delay_chgflw_pc[39:0],61435,0.04271599616192238,5.285234147310165,1.6689693422252165,0.08249369252055018,0.01807869385530526,13
x_aq_ifu_top/x_aq_ifu_pcgen/pcgen_delay_chgflw_vld,10058,0.006993366800628555,9.574650328097036,3.0234796443698198,0.14237422946907935,-0.07870041470421239,1
x_aq_ifu_top/x_aq_ifu_pcgen/pcgen_delay_chgflw_vld_gate,61278,0.04260683344689964,10.135007898430105,3.200429156823429,0.1179705603968798,-0.23302397582395482,1
x_aq_ifu_top/x_aq_ifu_pcgen/pcgen_fetch_pc[63:0],682223,0.4743523244009957,4.4696063141524105,1.4114106777905167,0.041939365867172465,-0.010477939585022534,14
x_aq_ifu_top/x_aq_ifu_pcgen/pcgen_icg_en,467,0.00032470692939884024,6.763709914346895,2.1358418893313886,0.19914346895074947,0.16291742982390314,1
x_aq_ifu_top/x_aq_ifu_pcgen/pcgen_ifpc_inc[63:0],682224,0.474353019704913,4.469597832178287,1.4114079993557722,0.04194077018691808,-0.010478298478793377,13
x_aq_ifu_top/x_aq_ifu_pcgen/x_ifu_pcgen_icg_cell/clk_in,0,0.0,0.0,0.0,0.0,,0
x_aq_ifu_top/x_aq_ifu_pcgen/x_ifu_pcgen_icg_cell/global_en,1,6.953039173422703e-07,21.131999999999998,6.673055375957693,1.0,-0.005140258898422977,1
x_aq_ifu_top/x_aq_ifu_pcgen/x_ifu_pcgen_icg_cell/module_en,0,0.0,0.0,0.0,0.0,,0
x_aq_ifu_top/x_aq_ifu_pcgen/x_ifu_pcgen_icg_cell/local_en,467,0.00032470692939884024,6.763709914346895,2.1358418893313886,0.19914346895074947,0.16291742982390314,1
x_aq_ifu_top/x_aq_ifu_pcgen/x_ifu_pcgen_icg_cell/external_en,0,0.0,0.0,0.0,0.0,,0
x_aq_ifu_top/x_aq_ifu_pcgen/x_ifu_pcgen_icg_cell/pad_yy_icg_scan_en,0,0.0,0.0,0.0,0.0,,0
x_aq_ifu_top/x_aq_ifu_pcgen/x_ifu_pcgen_icg_cell/clk_out,0,0.0,0.0,0.0,0.0,,0
x_aq_ifu_top/x_aq_ifu_pcgen/x_ifu_pcgen_icg_cell/clk_en_bf_latch,467,0.00032470692939884024,6.763709914346895,2.1358418893313886,0.19914346895074947,0.16291742982390314,1
x_aq_ifu_top/x_aq_ifu_pcgen/x_ifu_pcgen_icg_cell/SE,0,0.0,0.0,0.0,0.0,,0
x_aq_ifu_top/x_aq_ifu_pred/bht_top_cur_st[1:0],52988,0.036842763972132216,5.405542742319015,1.7069603471796801,0.06569411942326564,0.20024370281696147,2
x_aq_ifu_top/x_aq_ifu_pred/btb_pred_tar_pc[39:0],50940,0.03541878154941525,5.075244385551629,1.6026588506201214,0.03498233215547703,-0.09159676083916037,14
x_aq_ifu_top/x_aq_ifu_pred/btb_pred_tar_vld,20890,0.014524898833280026,10.563480134035425,3.3357319656089057,0.12292963140258496,-0.08349261473910793,1
x_aq_ifu_top/x_aq_ifu_pred/cp0_ifu_bht_en,1,6.953039173422703e-07,10.639999999999999,3.359895381421061,0.0,0.018324133944845153,1
x_aq_ifu_top/x_aq_ifu_pred/cp0_ifu_bht_inv,4,2.781215669369081e-06,0.9595000000000002,0.3029905656460065,0.0,-0.016992229768195057,1
x_aq_ifu_top/x_aq_ifu_pred/cp0_ifu_icg_en,0,0.0,0.0,0.0,0.0,,0
x_aq_ifu_top/x_aq_ifu_pred/cp0_ifu_ras_en,1,6.953039173422703e-07,10.639999999999999,3.359895381421061,0.0,0.018324133944845153,1
x_aq_ifu_top/x_aq_ifu_pred/cp0_yy_clk_en,1,6.953039173422703e-07,21.131999999999998,6.673055375957693,1.0,-0.005140258898422977,1
x_aq_ifu_top/x_aq_ifu_pred/cpurst_b,3,2.0859117520268108e-06,11.372333333333332,3.5911513385946847,0.3333333333333333,0.0012751758732577007,1
x_aq_ifu_top/x_aq_ifu_pred/dtu_ifu_halt_info0[21:0],1,6.953039173422703e-07,21.131999999999998,6.673055375957693,1.0,-0.005140258898422977,1
x_aq_ifu_top/x_aq_ifu_pred/dtu_ifu_halt_info1[21:0],1,6.953039173422703e-07,21.131999999999998,6.673055375957693,1.0,-0.005140258898422977,1
x_aq_ifu_top/x_aq_ifu_pred/forever_cpuclk,0,0.0,0.0,0.0,0.0,,0
x_aq_ifu_top/x_aq_ifu_pred/ibuf_ipack_stall,109236,0.07595221871480023,6.198711241165916,1.9574268110861066,0.12885861803800944,-0.8109528147524757,1
x_aq_ifu_top/x_aq_ifu_pred/ibuf_pred_hungry,88375,0.06144748369512314,4.3065000501272985,1.3599050402737105,0.015332390381895333,0.45504695283990654,1
x_aq_ifu_top/x_aq_ifu_pred/ibuf_pred_stall,109236,0.07595221871480023,6.198711241165916,1.9574268110861066,0.12885861803800944,-0.8109528147524757,1
x_aq_ifu_top/x_aq_ifu_pred/icache_pred_inst_vld,158677,0.11032873969211943,7.27893967115587,2.2985409570262356,0.08697542807086094,0.8611242007441168,1
x_aq_ifu_top/x_aq_ifu_pred/icache_pred_inst_vld_gate,158235,0.11002141536065414,7.288014120327362,2.3014064833288894,0.08726893544411793,0.8617848098916556,1
x_aq_ifu_top/x_aq_ifu_pred/ifu_cp0_bht_inv_done,0,0.0,0.0,0.0,0.0,,0
x_aq_ifu_top/x_aq_ifu_pred/ifu_dtu_addr_vld0,201853,0.1403491816272893,6.846093861374366,2.1618570625570315,0.04574120771056164,-0.3401840813722849,1
x_aq_ifu_top/x_aq_ifu_pred/ifu_dtu_addr_vld1,67756,0.04711101222344287,9.647985521577425,3.046637405447863,0.1073410472873251,-0.25171808448366184,1
x_aq_ifu_top/x_aq_ifu_pred/ifu_dtu_data_vld0,201853,0.1403491816272893,6.846093861374366,2.1618570625570315,0.04574120771056164,-0.3401840813722849,1
x_aq_ifu_top/x_aq_ifu_pred/ifu_dtu_data_vld1,67756,0.04711101222344287,9.647985521577425,3.046637405447863,0.1073410472873251,-0.25171808448366184,1
x_aq_ifu_top/x_aq_ifu_pred/ifu_dtu_exe_addr0[39:0],675264,0.4695137044402108,5.14029004259075,1.6231989448557642,0.03767859681546773,-0.00958746708789368,14
x_aq_ifu_top/x_aq_ifu_pred/ifu_dtu_exe_addr1[39:0],638485,0.44394112166427946,4.835170793926247,1.526848498016429,0.030984283107668934,-0.009584557183395776,14
x_aq_ifu_top/x_aq_ifu_pred/ifu_dtu_exe_data0[31:0],727021,0.5055005492900947,5.387148233242231,1.7011517357050001,0.03940188797847655,0.1086284932060288,28
x_aq_ifu_top/x_aq_ifu_pred/ifu_dtu_exe_data1[31:0],621017,0.4317955528361447,4.837435655706687,1.5275636952566223,0.029603054344728083,0.18588187458121797,14
x_aq_ifu_top/x_aq_ifu_pred/ifu_iu_ex1_pc_pred[39:0],588,0.00040883870339725496,4.301741496598639,1.358402385948223,0.008503401360544218,-0.13662089083500067,15
x_aq_ifu_top/x_aq_ifu_pred/ipack_pred_h0_create,117390,0.08162172685680912,3.955500195928103,1.2490664322846745,0.02469545957918051,0.37737430675139616,1
x_aq_ifu_top/x_aq_ifu_pred/ipack_pred_h0_vld,110982,0.07716621935447984,5.940488115189851,1.8758852050388237,0.05332396244436035,-0.10125010311810576,1
x_aq_ifu_top/x_aq_ifu_pred/ipack_pred_inst0[31:0],727021,0.5055005492900947,5.387148233242231,1.7011517357050001,0.03940188797847655,0.1086284932060288,28
x_aq_ifu_top/x_aq_ifu_pred/ipack_pred_inst0_expt,0,0.0,0.0,0.0,0.0,,0
x_aq_ifu_top/x_aq_ifu_pred/ipack_pred_inst0_vld,201853,0.1403491816272893,6.846093861374366,2.1618570625570315,0.04574120771056164,-0.3401840813722849,1
x_aq_ifu_top/x_aq_ifu_pred/ipack_pred_inst1[15:0],621017,0.4317955528361447,4.837435655706687,1.5275636952566223,0.029603054344728083,0.18588187458121797,14
x_aq_ifu_top/x_aq_ifu_pred/ipack_pred_inst1_expt,0,0.0,0.0,0.0,0.0,,0
x_aq_ifu_top/x_aq_ifu_pred/ipack_pred_inst1_vld,67756,0.04711101222344287,9.647985521577425,3.046637405447863,0.1073410472873251,-0.25171808448366184,1
x_aq_ifu_top/x_aq_ifu_pred/ipack_pred_unalign,4,2.781215669369081e-06,7.402249999999999,2.3374798484139143,0.0,-0.0004672695551629876,1
x_aq_ifu_top/x_aq_ifu_pred/iu_ifu_bht_cur_pc[39:0],641698,0.4461751331507002,4.788996401936737,1.5122675650854627,0.039144582030799534,-0.01073153735854748,15
x_aq_ifu_top/x_aq_ifu_pred/iu_ifu_bht_mispred,0,0.0,0.0,0.0,0.0,,0
x_aq_ifu_top/x_aq_ifu_pred/iu_ifu_bht_mispred_gate,0,0.0,0.0,0.0,0.0,,0
x_aq_ifu_top/x_aq_ifu_pred/iu_ifu_bht_pred[1:0],76078,0.05289733142356524,5.00851112029759,1.5815858440680355,0.04064249848839349,0.0723040454983767,2
x_aq_ifu_top/x_aq_ifu_pred/iu_ifu_bht_taken,12372,0.008602300065358568,3.6134074151309408,1.141040496737882,0.05544778532169415,-0.03752948083401144,1
x_aq_ifu_top/x_aq_ifu_pred/iu_ifu_br_vld,102,7.092099956891157e-05,4.410382352941176,1.3927089565740611,0.0,0.007061598524208715,1
x_aq_ifu_top/x_aq_ifu_pred/iu_ifu_br_vld_gate,102,7.092099956891157e-05,4.410382352941176,1.3927089565740611,0.0,0.007061598524208715,1
x_aq_ifu_top/x_aq_ifu_pred/iu_ifu_link_vld,0,0.0,0.0,0.0,0.0,,0
x_aq_ifu_top/x_aq_ifu_pred/iu_ifu_link_vld_gate,0,0.0,0.0,0.0,0.0,,0
x_aq_ifu_top/x_aq_ifu_pred/iu_ifu_pc_mispred,0,0.0,0.0,0.0,0.0,,0
x_aq_ifu_top/x_aq_ifu_pred/iu_ifu_pc_mispred_gate,0,0.0,0.0,0.0,0.0,,0
x_aq_ifu_top/x_aq_ifu_pred/iu_ifu_ret_vld,0,0.0,0.0,0.0,0.0,,0
x_aq_ifu_top/x_aq_ifu_pred/iu_ifu_ret_vld_gate,0,0.0,0.0,0.0,0.0,,0
x_aq_ifu_top/x_aq_ifu_pred/pad_yy_icg_scan_en,0,0.0,0.0,0.0,0.0,,0
x_aq_ifu_top/x_aq_ifu_pred/pcgen_pred_flush_vld,0,0.0,0.0,0.0,0.0,,0
x_aq_ifu_top/x_aq_ifu_pred/pcgen_pred_ifpc[39:0],650455,0.45226390955486645,4.910976165853134,1.5507862911577872,0.03256028472377028,-0.009676746819638234,14
x_aq_ifu_top/x_aq_ifu_pred/pred_btb_chgflw_vld,8668,0.006026894355522799,10.418452007383479,3.289935035823753,0.1652053530226119,-0.08576467867356126,1
x_aq_ifu_top/x_aq_ifu_pred/pred_btb_cur_pc[39:0],638465,0.4439272155859326,4.835120287502056,1.526832549115924,0.03098525369440768,-0.009584513132881674,14
x_aq_ifu_top/x_aq_ifu_pred/pred_btb_inst_vld,201853,0.1403491816272893,6.846093861374366,2.1618570625570315,0.04574120771056164,-0.3401840813722849,1
x_aq_ifu_top/x_aq_ifu_pred/pred_btb_mis_pred,14,9.734254842791784e-06,4.903785714285715,1.5485156929424018,0.14285714285714285,0.0023217465924297584,1
x_aq_ifu_top/x_aq_ifu_pred/pred_btb_mis_predg,20890,0.014524898833280026,10.563480134035425,3.3357319656089057,0.12292963140258496,-0.08349261473910793,1
x_aq_ifu_top/x_aq_ifu_pred/pred_btb_stall,109260,0.07596890600881645,6.198589320336812,1.9573883109704484,0.12884861797547134,-0.8099607588181934,1
x_aq_ifu_top/x_aq_ifu_pred/pred_btb_tar_pc[39:0],636766,0.4427458942303681,5.002354154210495,1.57964159952672,0.03225674737658732,-0.009473497808254974,14
x_aq_ifu_top/x_aq_ifu_pred/pred_btb_upd_vld,0,0.0,0.0,0.0,0.0,,0
x_aq_ifu_top/x_aq_ifu_pred/pred_btb_upd_vldg,0,0.0,0.0,0.0,0.0,,0
x_aq_ifu_top/x_aq_ifu_pred/pred_ctrl_stall,109260,0.07596890600881645,6.198589320336812,1.9573883109704484,0.12884861797547134,-0.8099607588181934,1
x_aq_ifu_top/x_aq_ifu_pred/pred_ibuf_br_taken0[1:0],69938,0.0486281653710837,6.526726514913209,2.061007356508954,0.09209585632989219,0.060019000101852474,2
x_aq_ifu_top/x_aq_ifu_pred/pred_ibuf_br_taken1[1:0],20238,0.014071560679172866,7.669510870639391,2.4218753902274353,0.10292519023618935,-0.05888367284210959,2
x_aq_ifu_top/x_aq_ifu_pred/pred_ibuf_chgflw_vld0,25634,0.017823420617151756,10.35812534134353,3.270885102872235,0.12475618319419521,-0.08337207859400673,1
x_aq_ifu_top/x_aq_ifu_pred/pred_ibuf_halt_info0[21:0],1,6.953039173422703e-07,21.131999999999998,6.673055375957693,1.0,-0.005140258898422977,1
x_aq_ifu_top/x_aq_ifu_pred/pred_ibuf_halt_info1[21:0],1,6.953039173422703e-07,21.131999999999998,6.673055375957693,1.0,-0.005140258898422977,1
x_aq_ifu_top/x_aq_ifu_pred/pred_ipack_chgflw_vld0,25634,0.017823420617151756,10.35812534134353,3.270885102872235,0.12475618319419521,-0.08337207859400673,1
x_aq_ifu_top/x_aq_ifu_pred/pred_ipack_delay_stall,4,2.781215669369081e-06,10.009250000000002,3.1607173727902973,0.5,-0.00023300308883368525,1
x_aq_ifu_top/x_aq_ifu_pred/pred_ipack_mask,4,2.781215669369081e-06,10.009250000000002,3.1607173727902973,0.5,-0.00023300308883368525,1
x_aq_ifu_top/x_aq_ifu_pred/pred_ipack_ret_stall,22,1.5296686181529945e-05,4.636727272727273,1.4641840741114134,0.0,0.01728200173348791,1
x_aq_ifu_top/x_aq_ifu_pred/pred_pcgen_chgflw_pc[39:0],654801,0.45528570037963595,4.974806088200842,1.5709424811288897,0.034517357181800275,-0.009496412107508671,14
x_aq_ifu_top/x_aq_ifu_pred/pred_pcgen_chgflw_vld,8668,0.006026894355522799,10.418452007383479,3.289935035823753,0.1652053530226119,-0.08576467867356126,1
x_aq_ifu_top/x_aq_ifu_pred/pred_pcgen_chgflw_vld_gate,58468,0.04065302943916786,10.415808425121433,3.289100246365797,0.12358897174522816,-0.23889567430983968,1
x_aq_ifu_top/x_aq_ifu_pred/pred_pcgen_curflw_pc[39:0],32216,0.02239991100109858,4.077464924261237,1.2875804104259125,0.01493046933200894,-0.10629081551738326,15
x_aq_ifu_top/x_aq_ifu_pred/pred_pcgen_curflw_vld,80,5.5624313387381626e-05,5.353325000000001,1.690471047250555,0.0375,-0.0018875143295182875,1
x_aq_ifu_top/x_aq_ifu_pred/pred_pcgen_curflw_vld_gate,80,5.5624313387381626e-05,5.353325000000001,1.690471047250555,0.0375,-0.0018875143295182875,1
x_aq_ifu_top/x_aq_ifu_pred/pred_top_delay_chgflw,0,0.0,0.0,0.0,0.0,,0
x_aq_ifu_top/x_aq_ifu_pred/pred_top_ras_st,24438,0.016991837132010402,6.616037056223913,2.0892098071914775,0.08171699811768557,0.07590450590087086,1
x_aq_ifu_top/x_aq_ifu_pred/rtu_ifu_flush_fe,0,0.0,0.0,0.0,0.0,,0
x_aq_ifu_top/x_aq_ifu_pred/bht_pred_mem_taken,26933,0.018726620405779368,6.770118701964134,2.137865653985117,0.08651097167044147,0.06763385970458564,1
x_aq_ifu_top/x_aq_ifu_pred/bht_pred_rslt[1:0],60427,0.04201512981324137,6.734077879093783,2.1264846958737724,0.1228920846641402,0.3117380878761623,2
x_aq_ifu_top/x_aq_ifu_pred/btb_mis_pred,14,9.734254842791784e-06,4.903785714285715,1.5485156929424018,0.14285714285714285,0.0023217465924297584,1
x_aq_ifu_top/x_aq_ifu_pred/delay_tar[39:0],655363,0.45567646118118227,4.974546529724748,1.5708605178464612,0.034483179550874855,-0.009584315468018304,14
x_aq_ifu_top/x_aq_ifu_pred/id_ras_clk,0,0.0,0.0,0.0,0.0,,0
x_aq_ifu_top/x_aq_ifu_pred/id_ras_icg_en,31860,0.02215238280652473,6.215354820464533,1.9626825145838265,0.06268047708725674,0.11669086277718983,1
x_aq_ifu_top/x_aq_ifu_pred/idpc_icg_en,158231,0.11001863414498478,7.288025091985767,2.301409947955243,0.08725850181064393,0.8617872097109873,1
x_aq_ifu_top/x_aq_ifu_pred/pred_bht_br_vld,244,0.00016965415583151396,4.346499999999999,1.3725362100889698,0.00819672131147541,0.01159738166167252,1
x_aq_ifu_top/x_aq_ifu_pred/pred_bht_pc[2:0],594968,0.4136835810932959,4.895861850318,1.5460134980224642,0.034778341020021246,0.0884793342104474,3
x_aq_ifu_top/x_aq_ifu_pred/pred_br_imm[39:0],205370,0.14279456550458205,5.419002532015387,1.71121067473943,0.06187856064663778,0.07216327698412109,38
x_aq_ifu_top/x_aq_ifu_pred/pred_br_rslt0[1:0],69938,0.0486281653710837,6.526726514913209,2.061007356508954,0.09209585632989219,0.060019000101852474,2
x_aq_ifu_top/x_aq_ifu_pred/pred_br_rslt1[1:0],20238,0.014071560679172866,7.669510870639391,2.4218753902274353,0.10292519023618935,-0.05888367284210959,2
x_aq_ifu_top/x_aq_ifu_pred/pred_br_taken,29544,0.020542058933960033,10.523611867045764,3.323142378567193,0.13532358516111562,-0.12029759319457282,1
x_aq_ifu_top/x_aq_ifu_pred/pred_br_taken0,24226,0.01684443270153384,10.677773301411706,3.3718234209844278,0.13200693469825808,-0.09132682713603427,1
x_aq_ifu_top/x_aq_ifu_pred/pred_br_taken1,5318,0.0036976262324261936,9.821333772094773,3.101377253783451,0.15043249341857842,-0.07781166286842224,1
x_aq_ifu_top/x_aq_ifu_pred/pred_br_tar[39:0],636766,0.4427458942303681,5.002354154210495,1.57964159952672,0.03225674737658732,-0.009473497808254974,14
x_aq_ifu_top/x_aq_ifu_pred/pred_br_vld0,25266,0.0175675487755698,10.611870774954484,3.3510127448314577,0.13175809388110504,-0.0913546493739669,1
x_aq_ifu_top/x_aq_ifu_pred/pred_br_vld1,40634,0.02825297937728581,10.246273293301178,3.2355645032838902,0.1036816459122902,-0.21969312705788224,1
x_aq_ifu_top/x_aq_ifu_pred/pred_br_vld1_raw,63138,0.04390009873315626,5.853048940416231,1.8482736938097681,0.05975799043365327,-0.09886619228405832,1
x_aq_ifu_top/x_aq_ifu_pred/pred_chgflw,8668,0.006026894355522799,10.418452007383479,3.289935035823753,0.1652053530226119,-0.08576467867356126,1
x_aq_ifu_top/x_aq_ifu_pred/pred_chgflw_fin,8668,0.006026894355522799,10.418452007383479,3.289935035823753,0.1652053530226119,-0.08576467867356126,1
x_aq_ifu_top/x_aq_ifu_pred/pred_chgflw_fin_tar[39:0],654801,0.45528570037963595,4.974806088200842,1.5709424811288897,0.034517357181800275,-0.009496412107508671,14
x_aq_ifu_top/x_aq_ifu_pred/pred_chgflw_vld0,25634,0.017823420617151756,10.35812534134353,3.270885102872235,0.12475618319419521,-0.08337207859400673,1
x_aq_ifu_top/x_aq_ifu_pred/pred_clk,0,0.0,0.0,0.0,0.0,,0
x_aq_ifu_top/x_aq_ifu_pred/pred_curflw,80,5.5624313387381626e-05,5.353325000000001,1.690471047250555,0.0375,-0.0018875143295182875,1
x_aq_ifu_top/x_aq_ifu_pred/pred_delay_br,0,0.0,0.0,0.0,0.0,,0
x_aq_ifu_top/x_aq_ifu_pred/pred_delay_br1_taken,0,0.0,0.0,0.0,0.0,,0
x_aq_ifu_top/x_aq_ifu_pred/pred_delay_br_raw,4,2.781215669369081e-06,10.009250000000002,3.1607173727902973,0.5,-0.00023300308883368525,1
x_aq_ifu_top/x_aq_ifu_pred/pred_delay_reissue,0,0.0,0.0,0.0,0.0,,0
x_aq_ifu_top/x_aq_ifu_pred/pred_delay_taken,0,0.0,0.0,0.0,0.0,,0
x_aq_ifu_top/x_aq_ifu_pred/pred_icg_en,127038,0.08833001905132734,4.638287622601112,1.4646768008345818,0.03244698436688235,0.3510426357177689,1
x_aq_ifu_top/x_aq_ifu_pred/pred_id_stall,109260,0.07596890600881645,6.198589320336812,1.9573883109704484,0.12884861797547134,-0.8099607588181934,1
x_aq_ifu_top/x_aq_ifu_pred/pred_idpc_clk,0,0.0,0.0,0.0,0.0,,0
x_aq_ifu_top/x_aq_ifu_pred/pred_imm0[39:0],179266,0.12464435204627942,5.748256763691944,1.815182457852532,0.05831557573661486,0.08304604070245156,39
x_aq_ifu_top/x_aq_ifu_pred/pred_imm1[39:0],128257,0.08917759452656757,5.0966683689779115,1.6094241084176408,0.05296397077742345,-0.03017931917468813,38
x_aq_ifu_top/x_aq_ifu_pred/pred_inst0_32,182843,0.12713145415861274,5.865557593126344,1.8522236716733498,0.04804121568777585,-0.4349291466906958,1
x_aq_ifu_top/x_aq_ifu_pred/pred_inst0_bjtype,25498,0.01772885928439321,10.569489528590479,3.3376296100647953,0.1308730096478155,-0.09242600714443298,1
x_aq_ifu_top/x_aq_ifu_pred/pred_inst0_bkpt_pc[39:0],675264,0.4695137044402108,5.14029004259075,1.6231989448557642,0.03767859681546773,-0.00958746708789368,14
x_aq_ifu_top/x_aq_ifu_pred/pred_inst0_taken,24226,0.01684443270153384,10.677773301411706,3.3718234209844278,0.13200693469825808,-0.09132682713603427,1
x_aq_ifu_top/x_aq_ifu_pred/pred_inst1_bjtype,40644,0.028259932416459233,10.245090837515992,3.2351911078204147,0.10365613620706624,-0.21967334143416106,1
x_aq_ifu_top/x_aq_ifu_pred/pred_inst1_bkpt_pc[39:0],638485,0.44394112166427946,4.835170793926247,1.526848498016429,0.030984283107668934,-0.009584557183395776,14
x_aq_ifu_top/x_aq_ifu_pred/pred_inst1_taken,5318,0.0036976262324261936,9.821333772094773,3.101377253783451,0.15043249341857842,-0.07781166286842224,1
x_aq_ifu_top/x_aq_ifu_pred/pred_jmp_vld0,72,5.006188204864346e-05,10.168486111111111,3.211000894808875,0.1111111111111111,-0.019361627995921244,1
x_aq_ifu_top/x_aq_ifu_pred/pred_jmp_vld1,4,2.781215669369081e-06,6.478250000000002,2.0456994600273495,0.0,-5.144242081988796e-05,1
x_aq_ifu_top/x_aq_ifu_pred/pred_link_vld0,52,3.6155803701798054e-05,10.604961538461538,3.348830948611364,0.1346153846153846,-0.018910453045657492,1
x_aq_ifu_top/x_aq_ifu_pred/pred_link_vld1,0,0.0,0.0,0.0,0.0,,0
x_aq_ifu_top/x_aq_ifu_pred/pred_nxt_offset[39:0],799,0.000555547829956474,4.649095118898623,1.4680895881367184,0.03629536921151439,-0.023824722981246042,3
x_aq_ifu_top/x_aq_ifu_pred/pred_nxt_pc[39:0],655363,0.45567646118118227,4.974546529724748,1.5708605178464612,0.034483179550874855,-0.009584315895027078,14
x_aq_ifu_top/x_aq_ifu_pred/pred_ras_link_pc[23:0],655326,0.45565073493624064,4.97427291052087,1.5707741144724598,0.03446528903171856,-0.009583527076159086,15
x_aq_ifu_top/x_aq_ifu_pred/pred_ras_link_vld,0,0.0,0.0,0.0,0.0,,0
x_aq_ifu_top/x_aq_ifu_pred/pred_ras_link_vld0,52,3.6155803701798054e-05,10.604961538461538,3.348830948611364,0.1346153846153846,-0.018910453045657492,1
x_aq_ifu_top/x_aq_ifu_pred/pred_ras_link_vld1,0,0.0,0.0,0.0,0.0,,0
x_aq_ifu_top/x_aq_ifu_pred/pred_ras_ret_chgflw,80,5.5624313387381626e-05,5.353325000000001,1.690471047250555,0.0375,-0.0018875143295182875,1
x_aq_ifu_top/x_aq_ifu_pred/pred_ras_ret_vld,60,4.171823504053622e-05,3.6118166666666673,1.1405381707587356,0.0,0.01766429837346154,1
x_aq_ifu_top/x_aq_ifu_pred/pred_ras_ret_vld0,66,4.589005854458984e-05,4.425909090909091,1.397611984317194,0.0,-0.001698939966742463,1
x_aq_ifu_top/x_aq_ifu_pred/pred_ras_ret_vld1,14,9.734254842791784e-06,9.725428571428575,3.0710923439364,0.21428571428571427,-0.0020686324615169383,1
x_aq_ifu_top/x_aq_ifu_pred/pred_ras_tar[39:0],63984,0.044488325847227825,4.2846317891973,1.3529994886855137,0.00720492623155789,0.07825556758030897,13
x_aq_ifu_top/x_aq_ifu_pred/pred_ret_stall,22,1.5296686181529945e-05,4.636727272727273,1.4641840741114134,0.0,0.01728200173348791,1
x_aq_ifu_top/x_aq_ifu_pred/pred_ret_vld0,66,4.589005854458984e-05,4.425909090909091,1.397611984317194,0.0,-0.001698939966742463,1
x_aq_ifu_top/x_aq_ifu_pred/pred_ret_vld1,14,9.734254842791784e-06,9.725428571428575,3.0710923439364,0.21428571428571427,-0.0020686324615169383,1
x_aq_ifu_top/x_aq_ifu_pred/pred_tar[39:0],654801,0.45528570037963595,4.974806088200842,1.5709424811288897,0.034517357181800275,-0.009496412107508671,14
x_aq_ifu_top/x_aq_ifu_pred/ras_cur_idle,31861,0.022153078110442075,4.380524967829007,1.3832806022188273,0.06264712344245316,-0.14806190121289517,1
x_aq_ifu_top/x_aq_ifu_pred/ras_link_offset[23:0],25759,0.01791033360681954,4.078999107108195,1.2880648741347234,0.0006599635079001514,0.14408445873182713,3
x_aq_ifu_top/x_aq_ifu_pred/ras_pred_tar_pc[23:0],63910,0.044436873357344496,4.283729197308716,1.3527144685428671,0.0072132686590517915,0.07827736724889468,13
x_aq_ifu_top/x_aq_ifu_pred/x_aq_ifu_pred_icg_cell/clk_in,0,0.0,0.0,0.0,0.0,,0
x_aq_ifu_top/x_aq_ifu_pred/x_aq_ifu_pred_icg_cell/global_en,1,6.953039173422703e-07,21.131999999999998,6.673055375957693,1.0,-0.005140258898422977,1
x_aq_ifu_top/x_aq_ifu_pred/x_aq_ifu_pred_icg_cell/module_en,0,0.0,0.0,0.0,0.0,,0
x_aq_ifu_top/x_aq_ifu_pred/x_aq_ifu_pred_icg_cell/local_en,127038,0.08833001905132734,4.638287622601112,1.4646768008345818,0.03244698436688235,0.3510426357177689,1
x_aq_ifu_top/x_aq_ifu_pred/x_aq_ifu_pred_icg_cell/external_en,0,0.0,0.0,0.0,0.0,,0
x_aq_ifu_top/x_aq_ifu_pred/x_aq_ifu_pred_icg_cell/pad_yy_icg_scan_en,0,0.0,0.0,0.0,0.0,,0
x_aq_ifu_top/x_aq_ifu_pred/x_aq_ifu_pred_icg_cell/clk_out,0,0.0,0.0,0.0,0.0,,0
x_aq_ifu_top/x_aq_ifu_pred/x_aq_ifu_pred_icg_cell/clk_en_bf_latch,127038,0.08833001905132734,4.638287622601112,1.4646768008345818,0.03244698436688235,0.3510426357177689,1
x_aq_ifu_top/x_aq_ifu_pred/x_aq_ifu_pred_icg_cell/SE,0,0.0,0.0,0.0,0.0,,0
x_aq_ifu_top/x_aq_ifu_pred/x_aq_ifu_id_ras_icg_cell/clk_in,0,0.0,0.0,0.0,0.0,,0
x_aq_ifu_top/x_aq_ifu_pred/x_aq_ifu_id_ras_icg_cell/global_en,1,6.953039173422703e-07,21.131999999999998,6.673055375957693,1.0,-0.005140258898422977,1
x_aq_ifu_top/x_aq_ifu_pred/x_aq_ifu_id_ras_icg_cell/module_en,0,0.0,0.0,0.0,0.0,,0
x_aq_ifu_top/x_aq_ifu_pred/x_aq_ifu_id_ras_icg_cell/local_en,31860,0.02215238280652473,6.215354820464533,1.9626825145838265,0.06268047708725674,0.11669086277718983,1
x_aq_ifu_top/x_aq_ifu_pred/x_aq_ifu_id_ras_icg_cell/external_en,0,0.0,0.0,0.0,0.0,,0
x_aq_ifu_top/x_aq_ifu_pred/x_aq_ifu_id_ras_icg_cell/pad_yy_icg_scan_en,0,0.0,0.0,0.0,0.0,,0
x_aq_ifu_top/x_aq_ifu_pred/x_aq_ifu_id_ras_icg_cell/clk_out,0,0.0,0.0,0.0,0.0,,0
x_aq_ifu_top/x_aq_ifu_pred/x_aq_ifu_id_ras_icg_cell/clk_en_bf_latch,31860,0.02215238280652473,6.215354820464533,1.9626825145838265,0.06268047708725674,0.11669086277718983,1
x_aq_ifu_top/x_aq_ifu_pred/x_aq_ifu_id_ras_icg_cell/SE,0,0.0,0.0,0.0,0.0,,0
x_aq_ifu_top/x_aq_ifu_pred/x_ifu_pred_idpc_icg_cell/clk_in,0,0.0,0.0,0.0,0.0,,0
x_aq_ifu_top/x_aq_ifu_pred/x_ifu_pred_idpc_icg_cell/global_en,1,6.953039173422703e-07,21.131999999999998,6.673055375957693,1.0,-0.005140258898422977,1
x_aq_ifu_top/x_aq_ifu_pred/x_ifu_pred_idpc_icg_cell/module_en,0,0.0,0.0,0.0,0.0,,0
x_aq_ifu_top/x_aq_ifu_pred/x_ifu_pred_idpc_icg_cell/local_en,158231,0.11001863414498478,7.288025091985767,2.301409947955243,0.08725850181064393,0.8617872097109873,1
x_aq_ifu_top/x_aq_ifu_pred/x_ifu_pred_idpc_icg_cell/external_en,0,0.0,0.0,0.0,0.0,,0
x_aq_ifu_top/x_aq_ifu_pred/x_ifu_pred_idpc_icg_cell/pad_yy_icg_scan_en,0,0.0,0.0,0.0,0.0,,0
x_aq_ifu_top/x_aq_ifu_pred/x_ifu_pred_idpc_icg_cell/clk_out,0,0.0,0.0,0.0,0.0,,0
x_aq_ifu_top/x_aq_ifu_pred/x_ifu_pred_idpc_icg_cell/clk_en_bf_latch,158231,0.11001863414498478,7.288025091985767,2.301409947955243,0.08725850181064393,0.8617872097109873,1
x_aq_ifu_top/x_aq_ifu_pred/x_ifu_pred_idpc_icg_cell/SE,0,0.0,0.0,0.0,0.0,,0
x_aq_ifu_top/x_aq_ifu_pred/x_aq_ifu_pre_decd/ipack_pred_inst0[31:0],727021,0.5055005492900947,5.387148233242231,1.7011517357050001,0.03940188797847655,0.1086284932060288,28
x_aq_ifu_top/x_aq_ifu_pred/x_aq_ifu_pre_decd/ipack_pred_inst0_vld,201853,0.1403491816272893,6.846093861374366,2.1618570625570315,0.04574120771056164,-0.3401840813722849,1
x_aq_ifu_top/x_aq_ifu_pred/x_aq_ifu_pre_decd/ipack_pred_inst1[15:0],621017,0.4317955528361447,4.837435655706687,1.5275636952566223,0.029603054344728083,0.18588187458121797,14
x_aq_ifu_top/x_aq_ifu_pred/x_aq_ifu_pre_decd/ipack_pred_inst1_vld,67756,0.04711101222344287,9.647985521577425,3.046637405447863,0.1073410472873251,-0.25171808448366184,1
x_aq_ifu_top/x_aq_ifu_pred/x_aq_ifu_pre_decd/pred_br_vld0,25266,0.0175675487755698,10.611870774954484,3.3510127448314577,0.13175809388110504,-0.0913546493739669,1
x_aq_ifu_top/x_aq_ifu_pred/x_aq_ifu_pre_decd/pred_br_vld1,40634,0.02825297937728581,10.246273293301178,3.2355645032838902,0.1036816459122902,-0.21969312705788224,1
x_aq_ifu_top/x_aq_ifu_pred/x_aq_ifu_pre_decd/pred_br_vld1_raw,63138,0.04390009873315626,5.853048940416231,1.8482736938097681,0.05975799043365327,-0.09886619228405832,1
x_aq_ifu_top/x_aq_ifu_pred/x_aq_ifu_pre_decd/pred_imm0[39:0],179266,0.12464435204627942,5.748256763691944,1.815182457852532,0.05831557573661486,0.08304604070245156,39
x_aq_ifu_top/x_aq_ifu_pred/x_aq_ifu_pre_decd/pred_imm1[39:0],128257,0.08917759452656757,5.0966683689779115,1.6094241084176408,0.05296397077742345,-0.03017931917468813,38
x_aq_ifu_top/x_aq_ifu_pred/x_aq_ifu_pre_decd/pred_inst0_32,182843,0.12713145415861274,5.865557593126344,1.8522236716733498,0.04804121568777585,-0.4349291466906958,1
x_aq_ifu_top/x_aq_ifu_pred/x_aq_ifu_pre_decd/pred_jmp_vld0,72,5.006188204864346e-05,10.168486111111111,3.211000894808875,0.1111111111111111,-0.019361627995921244,1
x_aq_ifu_top/x_aq_ifu_pred/x_aq_ifu_pre_decd/pred_jmp_vld1,4,2.781215669369081e-06,6.478250000000002,2.0456994600273495,0.0,-5.144242081988796e-05,1
x_aq_ifu_top/x_aq_ifu_pred/x_aq_ifu_pre_decd/pred_link_vld0,52,3.6155803701798054e-05,10.604961538461538,3.348830948611364,0.1346153846153846,-0.018910453045657492,1
x_aq_ifu_top/x_aq_ifu_pred/x_aq_ifu_pre_decd/pred_link_vld1,0,0.0,0.0,0.0,0.0,,0
x_aq_ifu_top/x_aq_ifu_pred/x_aq_ifu_pre_decd/pred_ret_vld0,66,4.589005854458984e-05,4.425909090909091,1.397611984317194,0.0,-0.001698939966742463,1
x_aq_ifu_top/x_aq_ifu_pred/x_aq_ifu_pre_decd/pred_ret_vld1,14,9.734254842791784e-06,9.725428571428575,3.0710923439364,0.21428571428571427,-0.0020686324615169383,1
x_aq_ifu_top/x_aq_ifu_pred/x_aq_ifu_pre_decd/btype_imm[39:0],708029,0.4922953372919303,5.3879373578765835,1.7014009251988278,0.04000259876360997,0.13143719471994159,39
x_aq_ifu_top/x_aq_ifu_pred/x_aq_ifu_pre_decd/btype_vld,25778,0.017923544381249042,10.48671910155947,3.3114923943223387,0.12933509193886258,-0.090436752999278,1
x_aq_ifu_top/x_aq_ifu_pred/x_aq_ifu_pre_decd/btype_vld1,964,0.0006702729763179485,5.131042531120332,1.6202787690024656,0.03734439834024896,-0.071781234348906,1
x_aq_ifu_top/x_aq_ifu_pred/x_aq_ifu_pre_decd/cbtype_imm0[39:0],680619,0.47323705691757867,5.461905669162924,1.7247586119904152,0.03944056807112349,-0.15922378968046777,40
x_aq_ifu_top/x_aq_ifu_pred/x_aq_ifu_pre_decd/cbtype_imm1[39:0],602805,0.4191326778935073,4.8563386684582905,1.5335328818392404,0.028317615149177595,0.030137565801787808,39
x_aq_ifu_top/x_aq_ifu_pred/x_aq_ifu_pre_decd/cbtype_vld0,12978,0.009023654239267985,5.459589150870705,1.7240271026754712,0.09115426105717368,0.054665172565220715,1
x_aq_ifu_top/x_aq_ifu_pred/x_aq_ifu_pre_decd/cbtype_vld1,54466,0.037870423161964095,6.5406247750890465,2.0653961441193474,0.068629970991077,-0.10302564837445785,1
x_aq_ifu_top/x_aq_ifu_pred/x_aq_ifu_pre_decd/cjlrtype_vld0,0,0.0,0.0,0.0,0.0,,0
x_aq_ifu_top/x_aq_ifu_pred/x_aq_ifu_pre_decd/cjlrtype_vld1,0,0.0,0.0,0.0,0.0,,0
x_aq_ifu_top/x_aq_ifu_pred/x_aq_ifu_pre_decd/cjltype_vld0,0,0.0,0.0,0.0,0.0,,0
x_aq_ifu_top/x_aq_ifu_pred/x_aq_ifu_pre_decd/cjltype_vld1,0,0.0,0.0,0.0,0.0,,0
x_aq_ifu_top/x_aq_ifu_pred/x_aq_ifu_pre_decd/cjrtype_vld0,76,5.2843097718012544e-05,4.283802631578948,1.352737657590366,0.0,-0.0014874502655973336,1
x_aq_ifu_top/x_aq_ifu_pred/x_aq_ifu_pre_decd/cjrtype_vld1,236,0.0001640917244927758,4.281745762711864,1.352088140277706,0.00847457627118644,0.008741765780090633,1
x_aq_ifu_top/x_aq_ifu_pred/x_aq_ifu_pre_decd/cjtype_imm0[39:0],701407,0.4876910347512898,5.42197047882328,1.712147891917263,0.04033749306750574,-0.1592237895051642,38
x_aq_ifu_top/x_aq_ifu_pred/x_aq_ifu_pre_decd/cjtype_imm1[39:0],620957,0.43175383460110417,4.837372849649816,1.5275438623825237,0.02960269390634134,0.03013756614725156,38
x_aq_ifu_top/x_aq_ifu_pred/x_aq_ifu_pre_decd/cjtype_vld0,84,5.840552905675071e-05,4.326726190476192,1.3662920436141448,0.011904761904761904,-0.006995194277345338,1
x_aq_ifu_top/x_aq_ifu_pred/x_aq_ifu_pre_decd/cjtype_vld1,84,5.840552905675071e-05,4.390440476190477,1.3864117178906457,0.023809523809523808,-0.010649360932606404,1
x_aq_ifu_top/x_aq_ifu_pred/x_aq_ifu_pre_decd/inst0[31:0],727021,0.5055005492900947,5.387148233242231,1.7011517357050001,0.03940188797847655,0.1086284932060288,28
x_aq_ifu_top/x_aq_ifu_pred/x_aq_ifu_pre_decd/inst0_imm[39:0],179266,0.12464435204627942,5.748256763691944,1.815182457852532,0.05831557573661486,0.08304604070245156,39
x_aq_ifu_top/x_aq_ifu_pred/x_aq_ifu_pre_decd/inst1[15:0],621017,0.4317955528361447,4.837435655706687,1.5275636952566223,0.029603054344728083,0.18588187458121797,14
x_aq_ifu_top/x_aq_ifu_pred/x_aq_ifu_pre_decd/inst1_imm[39:0],128257,0.08917759452656757,5.0966683689779115,1.6094241084176408,0.05296397077742345,-0.03017931917468813,38
x_aq_ifu_top/x_aq_ifu_pred/x_aq_ifu_pre_decd/jlrtype_vld,2,1.3906078346845406e-06,9.904500000000002,3.12763945538392,0.5,-0.009612687008372433,1
x_aq_ifu_top/x_aq_ifu_pred/x_aq_ifu_pre_decd/jltype_vld,70,4.867127421395892e-05,9.422185714285714,2.975334423338353,0.14285714285714285,-0.023240732296271195,1
x_aq_ifu_top/x_aq_ifu_pred/x_aq_ifu_pre_decd/jrtype_vld,0,0.0,0.0,0.0,0.0,,0
x_aq_ifu_top/x_aq_ifu_pred/x_aq_ifu_pre_decd/jtype_imm[39:0],706449,0.4911967571025295,5.324989725627752,1.6815233444785045,0.03790365617334018,0.13143718802326673,36
x_aq_ifu_top/x_aq_ifu_pred/x_aq_ifu_pre_decd/jtype_vld,94,6.535856823017341e-05,9.06976595744681,2.864047439003337,0.1276595744680851,-0.027484083696006884,1
x_aq_ifu_top/x_aq_ifu_pred/x_aq_ifu_bht/bht_pred_mem_taken,26933,0.018726620405779368,6.770118701964134,2.137865653985117,0.08651097167044147,0.06763385970458564,1
x_aq_ifu_top/x_aq_ifu_pred/x_aq_ifu_bht/bht_pred_rslt[1:0],60427,0.04201512981324137,6.734077879093783,2.1264846958737724,0.1228920846641402,0.3117380878761623,2
x_aq_ifu_top/x_aq_ifu_pred/x_aq_ifu_bht/bht_top_cur_st[1:0],52988,0.036842763972132216,5.405542742319015,1.7069603471796801,0.06569411942326564,0.20024370281696147,2
x_aq_ifu_top/x_aq_ifu_pred/x_aq_ifu_bht/cp0_ifu_bht_en,1,6.953039173422703e-07,10.639999999999999,3.359895381421061,0.0,0.018324133944845153,1
x_aq_ifu_top/x_aq_ifu_pred/x_aq_ifu_bht/cp0_ifu_bht_inv,4,2.781215669369081e-06,0.9595000000000002,0.3029905656460065,0.0,-0.016992229768195057,1
x_aq_ifu_top/x_aq_ifu_pred/x_aq_ifu_bht/cp0_ifu_icg_en,0,0.0,0.0,0.0,0.0,,0
x_aq_ifu_top/x_aq_ifu_pred/x_aq_ifu_bht/cp0_yy_clk_en,1,6.953039173422703e-07,21.131999999999998,6.673055375957693,1.0,-0.005140258898422977,1
x_aq_ifu_top/x_aq_ifu_pred/x_aq_ifu_bht/cpurst_b,3,2.0859117520268108e-06,11.372333333333332,3.5911513385946847,0.3333333333333333,0.0012751758732577007,1
x_aq_ifu_top/x_aq_ifu_pred/x_aq_ifu_bht/forever_cpuclk,0,0.0,0.0,0.0,0.0,,0
x_aq_ifu_top/x_aq_ifu_pred/x_aq_ifu_bht/ifu_cp0_bht_inv_done,0,0.0,0.0,0.0,0.0,,0
x_aq_ifu_top/x_aq_ifu_pred/x_aq_ifu_bht/iu_ifu_bht_cur_pc[39:0],641698,0.4461751331507002,4.788996401936737,1.5122675650854627,0.039144582030799534,-0.01073153735854748,15
x_aq_ifu_top/x_aq_ifu_pred/x_aq_ifu_bht/iu_ifu_bht_mispred,0,0.0,0.0,0.0,0.0,,0
x_aq_ifu_top/x_aq_ifu_pred/x_aq_ifu_bht/iu_ifu_bht_mispred_gate,0,0.0,0.0,0.0,0.0,,0
x_aq_ifu_top/x_aq_ifu_pred/x_aq_ifu_bht/iu_ifu_bht_pred[1:0],76078,0.05289733142356524,5.00851112029759,1.5815858440680355,0.04064249848839349,0.0723040454983767,2
x_aq_ifu_top/x_aq_ifu_pred/x_aq_ifu_bht/iu_ifu_bht_taken,12372,0.008602300065358568,3.6134074151309408,1.141040496737882,0.05544778532169415,-0.03752948083401144,1
x_aq_ifu_top/x_aq_ifu_pred/x_aq_ifu_bht/iu_ifu_br_vld,102,7.092099956891157e-05,4.410382352941176,1.3927089565740611,0.0,0.007061598524208715,1
x_aq_ifu_top/x_aq_ifu_pred/x_aq_ifu_bht/iu_ifu_br_vld_gate,102,7.092099956891157e-05,4.410382352941176,1.3927089565740611,0.0,0.007061598524208715,1
x_aq_ifu_top/x_aq_ifu_pred/x_aq_ifu_bht/pad_yy_icg_scan_en,0,0.0,0.0,0.0,0.0,,0
x_aq_ifu_top/x_aq_ifu_pred/x_aq_ifu_bht/pred_bht_br_vld,244,0.00016965415583151396,4.346499999999999,1.3725362100889698,0.00819672131147541,0.01159738166167252,1
x_aq_ifu_top/x_aq_ifu_pred/x_aq_ifu_bht/pred_bht_pc[2:0],594968,0.4136835810932959,4.895861850318,1.5460134980224642,0.034778341020021246,0.0884793342104474,3
x_aq_ifu_top/x_aq_ifu_pred/x_aq_ifu_bht/bht_cen,28386,0.019736896997677684,5.6837522017896145,1.794813230444992,0.07898259705488621,0.14973005530837802,1
x_aq_ifu_top/x_aq_ifu_pred/x_aq_ifu_bht/bht_cen_gate,72552,0.050445689811016395,5.744595834711656,1.8140264110130035,0.08881905391994707,0.162879402733218,1
x_aq_ifu_top/x_aq_ifu_pred/x_aq_ifu_bht/bht_clk,0,0.0,0.0,0.0,0.0,,0
x_aq_ifu_top/x_aq_ifu_pred/x_aq_ifu_bht/bht_cur_idle,36689,0.025510005423370556,5.631005501103873,1.778156896232659,0.06939409632314862,-0.21046653515498856,1
x_aq_ifu_top/x_aq_ifu_pred/x_aq_ifu_bht/bht_din[15:0],24197,0.016824268887930916,6.7702256064801425,2.137899412254815,0.1291482415175435,-0.07358637558390546,15
x_aq_ifu_top/x_aq_ifu_pred/x_aq_ifu_bht/bht_dout[15:0],140528,0.09770966889627457,5.67002538874815,1.7904785823491605,0.06842052829329387,0.05428976272341847,15
x_aq_ifu_top/x_aq_ifu_pred/x_aq_ifu_bht/bht_dout_rslt[15:0],116354,0.08090139199844253,5.889888039947059,1.8599067314384654,0.07608676968561459,0.09283450534116541,14
x_aq_ifu_top/x_aq_ifu_pred/x_aq_ifu_bht/bht_icg_en,72552,0.050445689811016395,5.74448788455177,1.813992322550257,0.08881905391994707,0.16287684426949184,1
x_aq_ifu_top/x_aq_ifu_pred/x_aq_ifu_bht/bht_idx[9:0],164760,0.11455827342131246,5.756495877822287,1.8177842023556843,0.07079995144452537,-0.1460368052457818,10
x_aq_ifu_top/x_aq_ifu_pred/x_aq_ifu_bht/bht_inv_clk,0,0.0,0.0,0.0,0.0,,0
x_aq_ifu_top/x_aq_ifu_pred/x_aq_ifu_bht/bht_inv_done,0,0.0,0.0,0.0,0.0,,0
x_aq_ifu_top/x_aq_ifu_pred/x_aq_ifu_bht/bht_inv_icg_en,4,2.781215669369081e-06,1.2574999999999998,0.397092898697085,0.0,-0.017002607135162964,1
x_aq_ifu_top/x_aq_ifu_pred/x_aq_ifu_bht/bht_inv_ide,5,3.4765195867113516e-06,6.5448,2.066714595143286,0.2,0.016613691867181535,1
x_aq_ifu_top/x_aq_ifu_pred/x_aq_ifu_bht/bht_inv_rd,0,0.0,0.0,0.0,0.0,,0
x_aq_ifu_top/x_aq_ifu_pred/x_aq_ifu_bht/bht_inv_req,4,2.781215669369081e-06,2.9174999999999995,0.9212871029413482,0.0,-0.01697803784062724,1
x_aq_ifu_top/x_aq_ifu_pred/x_aq_ifu_bht/bht_inv_wr,4,2.781215669369081e-06,2.6195000000000004,0.8271847698902699,0.0,-0.01696764748906223,1
x_aq_ifu_top/x_aq_ifu_pred/x_aq_ifu_bht/bht_mem_idx[2:0],95117,0.06613522270584472,5.9464662047793775,1.877772964023934,0.07449772385588276,0.1262250536602297,3
x_aq_ifu_top/x_aq_ifu_pred/x_aq_ifu_bht/bht_mem_way[7:0],104600,0.07272878975400147,6.308997782026769,1.992253055378521,0.08182600382409178,0.12450560423072697,3
x_aq_ifu_top/x_aq_ifu_pred/x_aq_ifu_bht/bht_mis_wen[7:0],30443,0.021167137155650734,6.65513342968827,2.1015556459727938,0.1209473442170614,-0.24166165936360914,3
x_aq_ifu_top/x_aq_ifu_pred/x_aq_ifu_bht/bht_miss_read1,0,0.0,0.0,0.0,0.0,,0
x_aq_ifu_top/x_aq_ifu_pred/x_aq_ifu_bht/bht_miss_read2,0,0.0,0.0,0.0,0.0,,0
x_aq_ifu_top/x_aq_ifu_pred/x_aq_ifu_bht/bht_miss_write,0,0.0,0.0,0.0,0.0,,0
x_aq_ifu_top/x_aq_ifu_pred/x_aq_ifu_bht/bht_pred_taken,24514,0.017044680229728413,6.8011478746838545,2.1476640350105214,0.1387778412335808,0.24842403100403618,1
x_aq_ifu_top/x_aq_ifu_pred/x_aq_ifu_bht/bht_sel_result[1:0],60427,0.04201512981324137,6.734077879093783,2.1264846958737724,0.1228920846641402,0.3117380878761623,2
x_aq_ifu_top/x_aq_ifu_pred/x_aq_ifu_bht/bht_sel_way[7:0],103408,0.07189998748452948,6.308788904146681,1.9921870959965104,0.07942325545412347,-0.049456227349906796,3
x_aq_ifu_top/x_aq_ifu_pred/x_aq_ifu_bht/bht_upd_idx[2:0],26758,0.018604942220244468,6.383686635772479,2.015838274809333,0.1221690709320577,-0.21142362463118605,3
x_aq_ifu_top/x_aq_ifu_pred/x_aq_ifu_bht/bht_upd_vld,0,0.0,0.0,0.0,0.0,,0
x_aq_ifu_top/x_aq_ifu_pred/x_aq_ifu_bht/bht_upd_write,0,0.0,0.0,0.0,0.0,,0
x_aq_ifu_top/x_aq_ifu_pred/x_aq_ifu_bht/bht_wen[15:0],36701,0.025518349070378664,5.484552160159123,1.7319099127896187,0.050298356992997464,0.037640660559411586,15
x_aq_ifu_top/x_aq_ifu_pred/x_aq_ifu_bht/bht_wr_val[15:0],24197,0.016824268887930916,6.7702256064801425,2.137899412254815,0.1291482415175435,-0.07358637558390546,15
x_aq_ifu_top/x_aq_ifu_pred/x_aq_ifu_bht/bht_wr_val_single[1:0],16047,0.011157541961591412,6.565248519972581,2.0731718214414787,0.1311771670717268,-0.04346241825750689,2
x_aq_ifu_top/x_aq_ifu_pred/x_aq_ifu_bht/x_aq_ifu_bht_icg_cell/clk_in,0,0.0,0.0,0.0,0.0,,0
x_aq_ifu_top/x_aq_ifu_pred/x_aq_ifu_bht/x_aq_ifu_bht_icg_cell/global_en,1,6.953039173422703e-07,21.131999999999998,6.673055375957693,1.0,-0.005140258898422977,1
x_aq_ifu_top/x_aq_ifu_pred/x_aq_ifu_bht/x_aq_ifu_bht_icg_cell/module_en,0,0.0,0.0,0.0,0.0,,0
x_aq_ifu_top/x_aq_ifu_pred/x_aq_ifu_bht/x_aq_ifu_bht_icg_cell/local_en,72552,0.050445689811016395,5.74448788455177,1.813992322550257,0.08881905391994707,0.16287684426949184,1
x_aq_ifu_top/x_aq_ifu_pred/x_aq_ifu_bht/x_aq_ifu_bht_icg_cell/external_en,0,0.0,0.0,0.0,0.0,,0
x_aq_ifu_top/x_aq_ifu_pred/x_aq_ifu_bht/x_aq_ifu_bht_icg_cell/pad_yy_icg_scan_en,0,0.0,0.0,0.0,0.0,,0
x_aq_ifu_top/x_aq_ifu_pred/x_aq_ifu_bht/x_aq_ifu_bht_icg_cell/clk_out,0,0.0,0.0,0.0,0.0,,0
x_aq_ifu_top/x_aq_ifu_pred/x_aq_ifu_bht/x_aq_ifu_bht_icg_cell/clk_en_bf_latch,72552,0.050445689811016395,5.74448788455177,1.813992322550257,0.08881905391994707,0.16287684426949184,1
x_aq_ifu_top/x_aq_ifu_pred/x_aq_ifu_bht/x_aq_ifu_bht_icg_cell/SE,0,0.0,0.0,0.0,0.0,,0
x_aq_ifu_top/x_aq_ifu_pred/x_aq_ifu_bht/x_aq_ifu_bht_inv_icg_cell/clk_in,0,0.0,0.0,0.0,0.0,,0
x_aq_ifu_top/x_aq_ifu_pred/x_aq_ifu_bht/x_aq_ifu_bht_inv_icg_cell/global_en,1,6.953039173422703e-07,21.131999999999998,6.673055375957693,1.0,-0.005140258898422977,1
x_aq_ifu_top/x_aq_ifu_pred/x_aq_ifu_bht/x_aq_ifu_bht_inv_icg_cell/module_en,0,0.0,0.0,0.0,0.0,,0
x_aq_ifu_top/x_aq_ifu_pred/x_aq_ifu_bht/x_aq_ifu_bht_inv_icg_cell/local_en,4,2.781215669369081e-06,1.2574999999999998,0.397092898697085,0.0,-0.017002607135162964,1
x_aq_ifu_top/x_aq_ifu_pred/x_aq_ifu_bht/x_aq_ifu_bht_inv_icg_cell/external_en,0,0.0,0.0,0.0,0.0,,0
x_aq_ifu_top/x_aq_ifu_pred/x_aq_ifu_bht/x_aq_ifu_bht_inv_icg_cell/pad_yy_icg_scan_en,0,0.0,0.0,0.0,0.0,,0
x_aq_ifu_top/x_aq_ifu_pred/x_aq_ifu_bht/x_aq_ifu_bht_inv_icg_cell/clk_out,0,0.0,0.0,0.0,0.0,,0
x_aq_ifu_top/x_aq_ifu_pred/x_aq_ifu_bht/x_aq_ifu_bht_inv_icg_cell/clk_en_bf_latch,4,2.781215669369081e-06,1.2574999999999998,0.397092898697085,0.0,-0.017002607135162964,1
x_aq_ifu_top/x_aq_ifu_pred/x_aq_ifu_bht/x_aq_ifu_bht_inv_icg_cell/SE,0,0.0,0.0,0.0,0.0,,0
x_aq_ifu_top/x_aq_ifu_pred/x_aq_ifu_bht/x_aq_ifu_bht_array/bht_cen,28386,0.019736896997677684,5.6837522017896145,1.794813230444992,0.07898259705488621,0.14973005530837802,1
x_aq_ifu_top/x_aq_ifu_pred/x_aq_ifu_bht/x_aq_ifu_bht_array/bht_cen_gate,72552,0.050445689811016395,5.744595834711656,1.8140264110130035,0.08881905391994707,0.162879402733218,1
x_aq_ifu_top/x_aq_ifu_pred/x_aq_ifu_bht/x_aq_ifu_bht_array/bht_din[15:0],24197,0.016824268887930916,6.7702256064801425,2.137899412254815,0.1291482415175435,-0.07358637558390546,15
x_aq_ifu_top/x_aq_ifu_pred/x_aq_ifu_bht/x_aq_ifu_bht_array/bht_dout[15:0],140528,0.09770966889627457,5.67002538874815,1.7904785823491605,0.06842052829329387,0.05428976272341847,15
x_aq_ifu_top/x_aq_ifu_pred/x_aq_ifu_bht/x_aq_ifu_bht_array/bht_idx[9:0],164760,0.11455827342131246,5.756495877822287,1.8177842023556843,0.07079995144452537,-0.1460368052457818,10
x_aq_ifu_top/x_aq_ifu_pred/x_aq_ifu_bht/x_aq_ifu_bht_array/bht_wen[15:0],36701,0.025518349070378664,5.484552160159123,1.7319099127896187,0.050298356992997464,0.037640660559411586,15
x_aq_ifu_top/x_aq_ifu_pred/x_aq_ifu_bht/x_aq_ifu_bht_array/cp0_ifu_icg_en,0,0.0,0.0,0.0,0.0,,0
x_aq_ifu_top/x_aq_ifu_pred/x_aq_ifu_bht/x_aq_ifu_bht_array/cp0_yy_clk_en,1,6.953039173422703e-07,21.131999999999998,6.673055375957693,1.0,-0.005140258898422977,1
x_aq_ifu_top/x_aq_ifu_pred/x_aq_ifu_bht/x_aq_ifu_bht_array/forever_cpuclk,0,0.0,0.0,0.0,0.0,,0
x_aq_ifu_top/x_aq_ifu_pred/x_aq_ifu_bht/x_aq_ifu_bht_array/pad_yy_icg_scan_en,0,0.0,0.0,0.0,0.0,,0
x_aq_ifu_top/x_aq_ifu_pred/x_aq_ifu_bht/x_aq_ifu_bht_array/bht_bwen_b[15:0],36702,0.025519044374296005,5.484978497902022,1.7320445415690633,0.05032423301182497,-0.037890260643068184,16
x_aq_ifu_top/x_aq_ifu_pred/x_aq_ifu_bht/x_aq_ifu_bht_array/bht_cen_b,139773,0.09718471443868115,4.838638523176865,1.5279435363146592,0.07362652300515836,-0.32258131023748593,1
x_aq_ifu_top/x_aq_ifu_pred/x_aq_ifu_bht/x_aq_ifu_bht_array/bht_clk,0,0.0,0.0,0.0,0.0,,0
x_aq_ifu_top/x_aq_ifu_pred/x_aq_ifu_bht/x_aq_ifu_bht_array/bht_gwen_b,36697,0.025515567854709292,5.485207260266507,1.7321167800664201,0.05033108973485571,-0.18635409228458005,1
x_aq_ifu_top/x_aq_ifu_pred/x_aq_ifu_bht/x_aq_ifu_bht_array/bht_icg_en,72552,0.050445689811016395,5.744595834711656,1.8140264110130035,0.08881905391994707,0.162879402733218,1
x_aq_ifu_top/x_aq_ifu_pred/x_aq_ifu_bht/x_aq_ifu_bht_array/x_bht_icg_cell/clk_in,0,0.0,0.0,0.0,0.0,,0
x_aq_ifu_top/x_aq_ifu_pred/x_aq_ifu_bht/x_aq_ifu_bht_array/x_bht_icg_cell/global_en,1,6.953039173422703e-07,21.131999999999998,6.673055375957693,1.0,-0.005140258898422977,1
x_aq_ifu_top/x_aq_ifu_pred/x_aq_ifu_bht/x_aq_ifu_bht_array/x_bht_icg_cell/module_en,0,0.0,0.0,0.0,0.0,,0
x_aq_ifu_top/x_aq_ifu_pred/x_aq_ifu_bht/x_aq_ifu_bht_array/x_bht_icg_cell/local_en,72552,0.050445689811016395,5.744595834711656,1.8140264110130035,0.08881905391994707,0.162879402733218,1
x_aq_ifu_top/x_aq_ifu_pred/x_aq_ifu_bht/x_aq_ifu_bht_array/x_bht_icg_cell/external_en,0,0.0,0.0,0.0,0.0,,0
x_aq_ifu_top/x_aq_ifu_pred/x_aq_ifu_bht/x_aq_ifu_bht_array/x_bht_icg_cell/pad_yy_icg_scan_en,0,0.0,0.0,0.0,0.0,,0
x_aq_ifu_top/x_aq_ifu_pred/x_aq_ifu_bht/x_aq_ifu_bht_array/x_bht_icg_cell/clk_out,0,0.0,0.0,0.0,0.0,,0
x_aq_ifu_top/x_aq_ifu_pred/x_aq_ifu_bht/x_aq_ifu_bht_array/x_bht_icg_cell/clk_en_bf_latch,72552,0.050445689811016395,5.744595834711656,1.8140264110130035,0.08881905391994707,0.162879402733218,1
x_aq_ifu_top/x_aq_ifu_pred/x_aq_ifu_bht/x_aq_ifu_bht_array/x_bht_icg_cell/SE,0,0.0,0.0,0.0,0.0,,0
x_aq_ifu_top/x_aq_ifu_pred/x_aq_ifu_bht/x_aq_ifu_bht_array/x_aq_spsram_1024x16/A[9:0],164760,0.11455827342131246,5.756495877822287,1.8177842023556843,0.07079995144452537,-0.1460368052457818,10
x_aq_ifu_top/x_aq_ifu_pred/x_aq_ifu_bht/x_aq_ifu_bht_array/x_aq_spsram_1024x16/CEN,139773,0.09718471443868115,4.838638523176865,1.5279435363146592,0.07362652300515836,-0.32258131023748593,1
x_aq_ifu_top/x_aq_ifu_pred/x_aq_ifu_bht/x_aq_ifu_bht_array/x_aq_spsram_1024x16/CLK,0,0.0,0.0,0.0,0.0,,0
x_aq_ifu_top/x_aq_ifu_pred/x_aq_ifu_bht/x_aq_ifu_bht_array/x_aq_spsram_1024x16/D[15:0],24197,0.016824268887930916,6.7702256064801425,2.137899412254815,0.1291482415175435,-0.07358637558390546,15
x_aq_ifu_top/x_aq_ifu_pred/x_aq_ifu_bht/x_aq_ifu_bht_array/x_aq_spsram_1024x16/GWEN,36697,0.025515567854709292,5.485207260266507,1.7321167800664201,0.05033108973485571,-0.18635409228458005,1
x_aq_ifu_top/x_aq_ifu_pred/x_aq_ifu_bht/x_aq_ifu_bht_array/x_aq_spsram_1024x16/Q[15:0],140528,0.09770966889627457,5.67002538874815,1.7904785823491605,0.06842052829329387,0.05428976272341847,15
x_aq_ifu_top/x_aq_ifu_pred/x_aq_ifu_bht/x_aq_ifu_bht_array/x_aq_spsram_1024x16/WEN[15:0],36702,0.025519044374296005,5.484978497902022,1.7320445415690633,0.05032423301182497,-0.037890260643068184,16
x_aq_ifu_top/x_aq_ifu_pred/x_aq_ifu_bht/x_aq_ifu_bht_array/x_aq_spsram_1024x16/x_aq_f_spsram_1024x16/A[9:0],164760,0.11455827342131246,5.756495877822287,1.8177842023556843,0.07079995144452537,-0.1460368052457818,10
x_aq_ifu_top/x_aq_ifu_pred/x_aq_ifu_bht/x_aq_ifu_bht_array/x_aq_spsram_1024x16/x_aq_f_spsram_1024x16/CEN,139773,0.09718471443868115,4.838638523176865,1.5279435363146592,0.07362652300515836,-0.32258131023748593,1
x_aq_ifu_top/x_aq_ifu_pred/x_aq_ifu_bht/x_aq_ifu_bht_array/x_aq_spsram_1024x16/x_aq_f_spsram_1024x16/CLK,0,0.0,0.0,0.0,0.0,,0
x_aq_ifu_top/x_aq_ifu_pred/x_aq_ifu_bht/x_aq_ifu_bht_array/x_aq_spsram_1024x16/x_aq_f_spsram_1024x16/D[15:0],24197,0.016824268887930916,6.7702256064801425,2.137899412254815,0.1291482415175435,-0.07358637558390546,15
x_aq_ifu_top/x_aq_ifu_pred/x_aq_ifu_bht/x_aq_ifu_bht_array/x_aq_spsram_1024x16/x_aq_f_spsram_1024x16/GWEN,36697,0.025515567854709292,5.485207260266507,1.7321167800664201,0.05033108973485571,-0.18635409228458005,1
x_aq_ifu_top/x_aq_ifu_pred/x_aq_ifu_bht/x_aq_ifu_bht_array/x_aq_spsram_1024x16/x_aq_f_spsram_1024x16/Q[15:0],140528,0.09770966889627457,5.67002538874815,1.7904785823491605,0.06842052829329387,0.05428976272341847,15
x_aq_ifu_top/x_aq_ifu_pred/x_aq_ifu_bht/x_aq_ifu_bht_array/x_aq_spsram_1024x16/x_aq_f_spsram_1024x16/WEN[15:0],36702,0.025519044374296005,5.484978497902022,1.7320445415690633,0.05032423301182497,-0.037890260643068184,16
x_aq_ifu_top/x_aq_ifu_pred/x_aq_ifu_bht/x_aq_ifu_bht_array/x_aq_spsram_1024x16/x_aq_f_spsram_1024x16/addr[9:0],143118,0.09951050604219104,5.667941002249893,1.789820375528804,0.08129655249514386,-0.11365255335559599,10
x_aq_ifu_top/x_aq_ifu_pred/x_aq_ifu_bht/x_aq_ifu_bht_array/x_aq_spsram_1024x16/x_aq_f_spsram_1024x16/ram_wen_vec[15:0],36701,0.025518349070378664,5.484552160159123,1.7319099127896187,0.050298356992997464,0.037640660559411586,15
x_aq_ifu_top/x_aq_ifu_pred/x_aq_ifu_bht/x_aq_ifu_bht_array/x_aq_spsram_1024x16/x_aq_f_spsram_1024x16/RAM_DIN_VEC[0]/ram_instance/PortAClk,0,0.0,0.0,0.0,0.0,,0
x_aq_ifu_top/x_aq_ifu_pred/x_aq_ifu_bht/x_aq_ifu_bht_array/x_aq_spsram_1024x16/x_aq_f_spsram_1024x16/RAM_DIN_VEC[0]/ram_instance/PortAAddr[9:0],143118,0.09951050604219104,5.667941002249893,1.789820375528804,0.08129655249514386,-0.11365255335559599,10
x_aq_ifu_top/x_aq_ifu_pred/x_aq_ifu_bht/x_aq_ifu_bht_array/x_aq_spsram_1024x16/x_aq_f_spsram_1024x16/RAM_DIN_VEC[0]/ram_instance/PortADataIn[0:0],8881,0.006174994089916702,6.3386601734038965,2.001619834682084,0.12543632473820515,0.05886077608685457,1
x_aq_ifu_top/x_aq_ifu_pred/x_aq_ifu_bht/x_aq_ifu_bht_array/x_aq_spsram_1024x16/x_aq_f_spsram_1024x16/RAM_DIN_VEC[0]/ram_instance/PortAWriteEnable,4,2.781215669369081e-06,2.6195000000000004,0.8271847698902699,0.0,-0.01696764748906223,1
x_aq_ifu_top/x_aq_ifu_pred/x_aq_ifu_bht/x_aq_ifu_bht_array/x_aq_spsram_1024x16/x_aq_f_spsram_1024x16/RAM_DIN_VEC[1]/ram_instance/PortAClk,0,0.0,0.0,0.0,0.0,,0
x_aq_ifu_top/x_aq_ifu_pred/x_aq_ifu_bht/x_aq_ifu_bht_array/x_aq_spsram_1024x16/x_aq_f_spsram_1024x16/RAM_DIN_VEC[1]/ram_instance/PortAAddr[9:0],143118,0.09951050604219104,5.667941002249893,1.789820375528804,0.08129655249514386,-0.11365255335559599,10
x_aq_ifu_top/x_aq_ifu_pred/x_aq_ifu_bht/x_aq_ifu_bht_array/x_aq_spsram_1024x16/x_aq_f_spsram_1024x16/RAM_DIN_VEC[1]/ram_instance/PortADataIn[0:0],8881,0.006174994089916702,6.3386601734038965,2.001619834682084,0.12543632473820515,0.05886077608685457,1
x_aq_ifu_top/x_aq_ifu_pred/x_aq_ifu_bht/x_aq_ifu_bht_array/x_aq_spsram_1024x16/x_aq_f_spsram_1024x16/RAM_DIN_VEC[1]/ram_instance/PortAWriteEnable,4,2.781215669369081e-06,2.6195000000000004,0.8271847698902699,0.0,-0.01696764748906223,1
x_aq_ifu_top/x_aq_ifu_pred/x_aq_ifu_bht/x_aq_ifu_bht_array/x_aq_spsram_1024x16/x_aq_f_spsram_1024x16/RAM_DIN_VEC[2]/ram_instance/PortAClk,0,0.0,0.0,0.0,0.0,,0
x_aq_ifu_top/x_aq_ifu_pred/x_aq_ifu_bht/x_aq_ifu_bht_array/x_aq_spsram_1024x16/x_aq_f_spsram_1024x16/RAM_DIN_VEC[2]/ram_instance/PortAAddr[9:0],143118,0.09951050604219104,5.667941002249893,1.789820375528804,0.08129655249514386,-0.11365255335559599,10
x_aq_ifu_top/x_aq_ifu_pred/x_aq_ifu_bht/x_aq_ifu_bht_array/x_aq_spsram_1024x16/x_aq_f_spsram_1024x16/RAM_DIN_VEC[2]/ram_instance/PortADataIn[0:0],8881,0.006174994089916702,6.3386601734038965,2.001619834682084,0.12543632473820515,0.05886077608685457,1
x_aq_ifu_top/x_aq_ifu_pred/x_aq_ifu_bht/x_aq_ifu_bht_array/x_aq_spsram_1024x16/x_aq_f_spsram_1024x16/RAM_DIN_VEC[2]/ram_instance/PortAWriteEnable,4,2.781215669369081e-06,2.6195000000000004,0.8271847698902699,0.0,-0.01696764748906223,1
x_aq_ifu_top/x_aq_ifu_pred/x_aq_ifu_bht/x_aq_ifu_bht_array/x_aq_spsram_1024x16/x_aq_f_spsram_1024x16/RAM_DIN_VEC[3]/ram_instance/PortAClk,0,0.0,0.0,0.0,0.0,,0
x_aq_ifu_top/x_aq_ifu_pred/x_aq_ifu_bht/x_aq_ifu_bht_array/x_aq_spsram_1024x16/x_aq_f_spsram_1024x16/RAM_DIN_VEC[3]/ram_instance/PortAAddr[9:0],143118,0.09951050604219104,5.667941002249893,1.789820375528804,0.08129655249514386,-0.11365255335559599,10
x_aq_ifu_top/x_aq_ifu_pred/x_aq_ifu_bht/x_aq_ifu_bht_array/x_aq_spsram_1024x16/x_aq_f_spsram_1024x16/RAM_DIN_VEC[3]/ram_instance/PortADataIn[0:0],8881,0.006174994089916702,6.3386601734038965,2.001619834682084,0.12543632473820515,0.05886077608685457,1
x_aq_ifu_top/x_aq_ifu_pred/x_aq_ifu_bht/x_aq_ifu_bht_array/x_aq_spsram_1024x16/x_aq_f_spsram_1024x16/RAM_DIN_VEC[3]/ram_instance/PortAWriteEnable,4,2.781215669369081e-06,2.6195000000000004,0.8271847698902699,0.0,-0.01696764748906223,1
x_aq_ifu_top/x_aq_ifu_pred/x_aq_ifu_bht/x_aq_ifu_bht_array/x_aq_spsram_1024x16/x_aq_f_spsram_1024x16/RAM_DIN_VEC[4]/ram_instance/PortAClk,0,0.0,0.0,0.0,0.0,,0
x_aq_ifu_top/x_aq_ifu_pred/x_aq_ifu_bht/x_aq_ifu_bht_array/x_aq_spsram_1024x16/x_aq_f_spsram_1024x16/RAM_DIN_VEC[4]/ram_instance/PortAAddr[9:0],143118,0.09951050604219104,5.667941002249893,1.789820375528804,0.08129655249514386,-0.11365255335559599,10
x_aq_ifu_top/x_aq_ifu_pred/x_aq_ifu_bht/x_aq_ifu_bht_array/x_aq_spsram_1024x16/x_aq_f_spsram_1024x16/RAM_DIN_VEC[4]/ram_instance/PortADataIn[0:0],8881,0.006174994089916702,6.3386601734038965,2.001619834682084,0.12543632473820515,0.05886077608685457,1
x_aq_ifu_top/x_aq_ifu_pred/x_aq_ifu_bht/x_aq_ifu_bht_array/x_aq_spsram_1024x16/x_aq_f_spsram_1024x16/RAM_DIN_VEC[4]/ram_instance/PortAWriteEnable,4,2.781215669369081e-06,2.6195000000000004,0.8271847698902699,0.0,-0.01696764748906223,1
x_aq_ifu_top/x_aq_ifu_pred/x_aq_ifu_bht/x_aq_ifu_bht_array/x_aq_spsram_1024x16/x_aq_f_spsram_1024x16/RAM_DIN_VEC[5]/ram_instance/PortAClk,0,0.0,0.0,0.0,0.0,,0
x_aq_ifu_top/x_aq_ifu_pred/x_aq_ifu_bht/x_aq_ifu_bht_array/x_aq_spsram_1024x16/x_aq_f_spsram_1024x16/RAM_DIN_VEC[5]/ram_instance/PortAAddr[9:0],143118,0.09951050604219104,5.667941002249893,1.789820375528804,0.08129655249514386,-0.11365255335559599,10
x_aq_ifu_top/x_aq_ifu_pred/x_aq_ifu_bht/x_aq_ifu_bht_array/x_aq_spsram_1024x16/x_aq_f_spsram_1024x16/RAM_DIN_VEC[5]/ram_instance/PortADataIn[0:0],8881,0.006174994089916702,6.3386601734038965,2.001619834682084,0.12543632473820515,0.05886077608685457,1
x_aq_ifu_top/x_aq_ifu_pred/x_aq_ifu_bht/x_aq_ifu_bht_array/x_aq_spsram_1024x16/x_aq_f_spsram_1024x16/RAM_DIN_VEC[5]/ram_instance/PortAWriteEnable,4,2.781215669369081e-06,2.6195000000000004,0.8271847698902699,0.0,-0.01696764748906223,1
x_aq_ifu_top/x_aq_ifu_pred/x_aq_ifu_bht/x_aq_ifu_bht_array/x_aq_spsram_1024x16/x_aq_f_spsram_1024x16/RAM_DIN_VEC[6]/ram_instance/PortAClk,0,0.0,0.0,0.0,0.0,,0
x_aq_ifu_top/x_aq_ifu_pred/x_aq_ifu_bht/x_aq_ifu_bht_array/x_aq_spsram_1024x16/x_aq_f_spsram_1024x16/RAM_DIN_VEC[6]/ram_instance/PortAAddr[9:0],143118,0.09951050604219104,5.667941002249893,1.789820375528804,0.08129655249514386,-0.11365255335559599,10
x_aq_ifu_top/x_aq_ifu_pred/x_aq_ifu_bht/x_aq_ifu_bht_array/x_aq_spsram_1024x16/x_aq_f_spsram_1024x16/RAM_DIN_VEC[6]/ram_instance/PortADataIn[0:0],8881,0.006174994089916702,6.3386601734038965,2.001619834682084,0.12543632473820515,0.05886077608685457,1
x_aq_ifu_top/x_aq_ifu_pred/x_aq_ifu_bht/x_aq_ifu_bht_array/x_aq_spsram_1024x16/x_aq_f_spsram_1024x16/RAM_DIN_VEC[6]/ram_instance/PortAWriteEnable,4,2.781215669369081e-06,2.6195000000000004,0.8271847698902699,0.0,-0.01696764748906223,1
x_aq_ifu_top/x_aq_ifu_pred/x_aq_ifu_bht/x_aq_ifu_bht_array/x_aq_spsram_1024x16/x_aq_f_spsram_1024x16/RAM_DIN_VEC[7]/ram_instance/PortAClk,0,0.0,0.0,0.0,0.0,,0
x_aq_ifu_top/x_aq_ifu_pred/x_aq_ifu_bht/x_aq_ifu_bht_array/x_aq_spsram_1024x16/x_aq_f_spsram_1024x16/RAM_DIN_VEC[7]/ram_instance/PortAAddr[9:0],143118,0.09951050604219104,5.667941002249893,1.789820375528804,0.08129655249514386,-0.11365255335559599,10
x_aq_ifu_top/x_aq_ifu_pred/x_aq_ifu_bht/x_aq_ifu_bht_array/x_aq_spsram_1024x16/x_aq_f_spsram_1024x16/RAM_DIN_VEC[7]/ram_instance/PortADataIn[0:0],8881,0.006174994089916702,6.3386601734038965,2.001619834682084,0.12543632473820515,0.05886077608685457,1
x_aq_ifu_top/x_aq_ifu_pred/x_aq_ifu_bht/x_aq_ifu_bht_array/x_aq_spsram_1024x16/x_aq_f_spsram_1024x16/RAM_DIN_VEC[7]/ram_instance/PortAWriteEnable,4,2.781215669369081e-06,2.6195000000000004,0.8271847698902699,0.0,-0.01696764748906223,1
x_aq_ifu_top/x_aq_ifu_pred/x_aq_ifu_bht/x_aq_ifu_bht_array/x_aq_spsram_1024x16/x_aq_f_spsram_1024x16/RAM_DIN_VEC[8]/ram_instance/PortAClk,0,0.0,0.0,0.0,0.0,,0
x_aq_ifu_top/x_aq_ifu_pred/x_aq_ifu_bht/x_aq_ifu_bht_array/x_aq_spsram_1024x16/x_aq_f_spsram_1024x16/RAM_DIN_VEC[8]/ram_instance/PortAAddr[9:0],143118,0.09951050604219104,5.667941002249893,1.789820375528804,0.08129655249514386,-0.11365255335559599,10
x_aq_ifu_top/x_aq_ifu_pred/x_aq_ifu_bht/x_aq_ifu_bht_array/x_aq_spsram_1024x16/x_aq_f_spsram_1024x16/RAM_DIN_VEC[8]/ram_instance/PortADataIn[0:0],7302,0.0050771092044332574,6.792932210353327,2.145069695476739,0.12736236647493837,-0.07593155361420421,1
x_aq_ifu_top/x_aq_ifu_pred/x_aq_ifu_bht/x_aq_ifu_bht_array/x_aq_spsram_1024x16/x_aq_f_spsram_1024x16/RAM_DIN_VEC[8]/ram_instance/PortAWriteEnable,4,2.781215669369081e-06,2.6195000000000004,0.8271847698902699,0.0,-0.01696764748906223,1
x_aq_ifu_top/x_aq_ifu_pred/x_aq_ifu_bht/x_aq_ifu_bht_array/x_aq_spsram_1024x16/x_aq_f_spsram_1024x16/RAM_DIN_VEC[9]/ram_instance/PortAClk,0,0.0,0.0,0.0,0.0,,0
x_aq_ifu_top/x_aq_ifu_pred/x_aq_ifu_bht/x_aq_ifu_bht_array/x_aq_spsram_1024x16/x_aq_f_spsram_1024x16/RAM_DIN_VEC[9]/ram_instance/PortAAddr[9:0],143118,0.09951050604219104,5.667941002249893,1.789820375528804,0.08129655249514386,-0.11365255335559599,10
x_aq_ifu_top/x_aq_ifu_pred/x_aq_ifu_bht/x_aq_ifu_bht_array/x_aq_spsram_1024x16/x_aq_f_spsram_1024x16/RAM_DIN_VEC[9]/ram_instance/PortADataIn[0:0],7302,0.0050771092044332574,6.792932210353327,2.145069695476739,0.12736236647493837,-0.07593155361420421,1
x_aq_ifu_top/x_aq_ifu_pred/x_aq_ifu_bht/x_aq_ifu_bht_array/x_aq_spsram_1024x16/x_aq_f_spsram_1024x16/RAM_DIN_VEC[9]/ram_instance/PortAWriteEnable,4,2.781215669369081e-06,2.6195000000000004,0.8271847698902699,0.0,-0.01696764748906223,1
x_aq_ifu_top/x_aq_ifu_pred/x_aq_ifu_bht/x_aq_ifu_bht_array/x_aq_spsram_1024x16/x_aq_f_spsram_1024x16/RAM_DIN_VEC[10]/ram_instance/PortAClk,0,0.0,0.0,0.0,0.0,,0
x_aq_ifu_top/x_aq_ifu_pred/x_aq_ifu_bht/x_aq_ifu_bht_array/x_aq_spsram_1024x16/x_aq_f_spsram_1024x16/RAM_DIN_VEC[10]/ram_instance/PortAAddr[9:0],143118,0.09951050604219104,5.667941002249893,1.789820375528804,0.08129655249514386,-0.11365255335559599,10
x_aq_ifu_top/x_aq_ifu_pred/x_aq_ifu_bht/x_aq_ifu_bht_array/x_aq_spsram_1024x16/x_aq_f_spsram_1024x16/RAM_DIN_VEC[10]/ram_instance/PortADataIn[0:0],7302,0.0050771092044332574,6.792932210353327,2.145069695476739,0.12736236647493837,-0.07593155361420421,1
x_aq_ifu_top/x_aq_ifu_pred/x_aq_ifu_bht/x_aq_ifu_bht_array/x_aq_spsram_1024x16/x_aq_f_spsram_1024x16/RAM_DIN_VEC[10]/ram_instance/PortAWriteEnable,4,2.781215669369081e-06,2.6195000000000004,0.8271847698902699,0.0,-0.01696764748906223,1
x_aq_ifu_top/x_aq_ifu_pred/x_aq_ifu_bht/x_aq_ifu_bht_array/x_aq_spsram_1024x16/x_aq_f_spsram_1024x16/RAM_DIN_VEC[11]/ram_instance/PortAClk,0,0.0,0.0,0.0,0.0,,0
x_aq_ifu_top/x_aq_ifu_pred/x_aq_ifu_bht/x_aq_ifu_bht_array/x_aq_spsram_1024x16/x_aq_f_spsram_1024x16/RAM_DIN_VEC[11]/ram_instance/PortAAddr[9:0],143118,0.09951050604219104,5.667941002249893,1.789820375528804,0.08129655249514386,-0.11365255335559599,10
x_aq_ifu_top/x_aq_ifu_pred/x_aq_ifu_bht/x_aq_ifu_bht_array/x_aq_spsram_1024x16/x_aq_f_spsram_1024x16/RAM_DIN_VEC[11]/ram_instance/PortADataIn[0:0],7302,0.0050771092044332574,6.792932210353327,2.145069695476739,0.12736236647493837,-0.07593155361420421,1
x_aq_ifu_top/x_aq_ifu_pred/x_aq_ifu_bht/x_aq_ifu_bht_array/x_aq_spsram_1024x16/x_aq_f_spsram_1024x16/RAM_DIN_VEC[11]/ram_instance/PortAWriteEnable,4,2.781215669369081e-06,2.6195000000000004,0.8271847698902699,0.0,-0.01696764748906223,1
x_aq_ifu_top/x_aq_ifu_pred/x_aq_ifu_bht/x_aq_ifu_bht_array/x_aq_spsram_1024x16/x_aq_f_spsram_1024x16/RAM_DIN_VEC[12]/ram_instance/PortAClk,0,0.0,0.0,0.0,0.0,,0
x_aq_ifu_top/x_aq_ifu_pred/x_aq_ifu_bht/x_aq_ifu_bht_array/x_aq_spsram_1024x16/x_aq_f_spsram_1024x16/RAM_DIN_VEC[12]/ram_instance/PortAAddr[9:0],143118,0.09951050604219104,5.667941002249893,1.789820375528804,0.08129655249514386,-0.11365255335559599,10
x_aq_ifu_top/x_aq_ifu_pred/x_aq_ifu_bht/x_aq_ifu_bht_array/x_aq_spsram_1024x16/x_aq_f_spsram_1024x16/RAM_DIN_VEC[12]/ram_instance/PortADataIn[0:0],7302,0.0050771092044332574,6.792932210353327,2.145069695476739,0.12736236647493837,-0.07593155361420421,1
x_aq_ifu_top/x_aq_ifu_pred/x_aq_ifu_bht/x_aq_ifu_bht_array/x_aq_spsram_1024x16/x_aq_f_spsram_1024x16/RAM_DIN_VEC[12]/ram_instance/PortAWriteEnable,4,2.781215669369081e-06,2.6195000000000004,0.8271847698902699,0.0,-0.01696764748906223,1
x_aq_ifu_top/x_aq_ifu_pred/x_aq_ifu_bht/x_aq_ifu_bht_array/x_aq_spsram_1024x16/x_aq_f_spsram_1024x16/RAM_DIN_VEC[13]/ram_instance/PortAClk,0,0.0,0.0,0.0,0.0,,0
x_aq_ifu_top/x_aq_ifu_pred/x_aq_ifu_bht/x_aq_ifu_bht_array/x_aq_spsram_1024x16/x_aq_f_spsram_1024x16/RAM_DIN_VEC[13]/ram_instance/PortAAddr[9:0],143118,0.09951050604219104,5.667941002249893,1.789820375528804,0.08129655249514386,-0.11365255335559599,10
x_aq_ifu_top/x_aq_ifu_pred/x_aq_ifu_bht/x_aq_ifu_bht_array/x_aq_spsram_1024x16/x_aq_f_spsram_1024x16/RAM_DIN_VEC[13]/ram_instance/PortADataIn[0:0],7302,0.0050771092044332574,6.792932210353327,2.145069695476739,0.12736236647493837,-0.07593155361420421,1
x_aq_ifu_top/x_aq_ifu_pred/x_aq_ifu_bht/x_aq_ifu_bht_array/x_aq_spsram_1024x16/x_aq_f_spsram_1024x16/RAM_DIN_VEC[13]/ram_instance/PortAWriteEnable,4,2.781215669369081e-06,2.6195000000000004,0.8271847698902699,0.0,-0.01696764748906223,1
x_aq_ifu_top/x_aq_ifu_pred/x_aq_ifu_bht/x_aq_ifu_bht_array/x_aq_spsram_1024x16/x_aq_f_spsram_1024x16/RAM_DIN_VEC[14]/ram_instance/PortAClk,0,0.0,0.0,0.0,0.0,,0
x_aq_ifu_top/x_aq_ifu_pred/x_aq_ifu_bht/x_aq_ifu_bht_array/x_aq_spsram_1024x16/x_aq_f_spsram_1024x16/RAM_DIN_VEC[14]/ram_instance/PortAAddr[9:0],143118,0.09951050604219104,5.667941002249893,1.789820375528804,0.08129655249514386,-0.11365255335559599,10
x_aq_ifu_top/x_aq_ifu_pred/x_aq_ifu_bht/x_aq_ifu_bht_array/x_aq_spsram_1024x16/x_aq_f_spsram_1024x16/RAM_DIN_VEC[14]/ram_instance/PortADataIn[0:0],7302,0.0050771092044332574,6.792932210353327,2.145069695476739,0.12736236647493837,-0.07593155361420421,1
x_aq_ifu_top/x_aq_ifu_pred/x_aq_ifu_bht/x_aq_ifu_bht_array/x_aq_spsram_1024x16/x_aq_f_spsram_1024x16/RAM_DIN_VEC[14]/ram_instance/PortAWriteEnable,4,2.781215669369081e-06,2.6195000000000004,0.8271847698902699,0.0,-0.01696764748906223,1
x_aq_ifu_top/x_aq_ifu_pred/x_aq_ifu_bht/x_aq_ifu_bht_array/x_aq_spsram_1024x16/x_aq_f_spsram_1024x16/RAM_DIN_VEC[15]/ram_instance/PortAClk,0,0.0,0.0,0.0,0.0,,0
x_aq_ifu_top/x_aq_ifu_pred/x_aq_ifu_bht/x_aq_ifu_bht_array/x_aq_spsram_1024x16/x_aq_f_spsram_1024x16/RAM_DIN_VEC[15]/ram_instance/PortAAddr[9:0],143118,0.09951050604219104,5.667941002249893,1.789820375528804,0.08129655249514386,-0.11365255335559599,10
x_aq_ifu_top/x_aq_ifu_pred/x_aq_ifu_bht/x_aq_ifu_bht_array/x_aq_spsram_1024x16/x_aq_f_spsram_1024x16/RAM_DIN_VEC[15]/ram_instance/PortADataIn[0:0],7302,0.0050771092044332574,6.792932210353327,2.145069695476739,0.12736236647493837,-0.07593155361420421,1
x_aq_ifu_top/x_aq_ifu_pred/x_aq_ifu_bht/x_aq_ifu_bht_array/x_aq_spsram_1024x16/x_aq_f_spsram_1024x16/RAM_DIN_VEC[15]/ram_instance/PortAWriteEnable,4,2.781215669369081e-06,2.6195000000000004,0.8271847698902699,0.0,-0.01696764748906223,1
x_aq_ifu_top/x_aq_ifu_pred/x_aq_ifu_ras/cp0_ifu_icg_en,0,0.0,0.0,0.0,0.0,,0
x_aq_ifu_top/x_aq_ifu_pred/x_aq_ifu_ras/cp0_yy_clk_en,1,6.953039173422703e-07,21.131999999999998,6.673055375957693,1.0,-0.005140258898422977,1
x_aq_ifu_top/x_aq_ifu_pred/x_aq_ifu_ras/cpurst_b,3,2.0859117520268108e-06,11.372333333333332,3.5911513385946847,0.3333333333333333,0.0012751758732577007,1
x_aq_ifu_top/x_aq_ifu_pred/x_aq_ifu_ras/forever_cpuclk,0,0.0,0.0,0.0,0.0,,0
x_aq_ifu_top/x_aq_ifu_pred/x_aq_ifu_ras/iu_ifu_bht_mispred,0,0.0,0.0,0.0,0.0,,0
x_aq_ifu_top/x_aq_ifu_pred/x_aq_ifu_ras/iu_ifu_bht_mispred_gate,0,0.0,0.0,0.0,0.0,,0
x_aq_ifu_top/x_aq_ifu_pred/x_aq_ifu_ras/iu_ifu_link_vld,0,0.0,0.0,0.0,0.0,,0
x_aq_ifu_top/x_aq_ifu_pred/x_aq_ifu_ras/iu_ifu_link_vld_gate,0,0.0,0.0,0.0,0.0,,0
x_aq_ifu_top/x_aq_ifu_pred/x_aq_ifu_ras/iu_ifu_pc_mispred,0,0.0,0.0,0.0,0.0,,0
x_aq_ifu_top/x_aq_ifu_pred/x_aq_ifu_ras/iu_ifu_pc_mispred_gate,0,0.0,0.0,0.0,0.0,,0
x_aq_ifu_top/x_aq_ifu_pred/x_aq_ifu_ras/iu_ifu_ret_vld,0,0.0,0.0,0.0,0.0,,0
x_aq_ifu_top/x_aq_ifu_pred/x_aq_ifu_ras/iu_ifu_ret_vld_gate,0,0.0,0.0,0.0,0.0,,0
x_aq_ifu_top/x_aq_ifu_pred/x_aq_ifu_ras/pad_yy_icg_scan_en,0,0.0,0.0,0.0,0.0,,0
x_aq_ifu_top/x_aq_ifu_pred/x_aq_ifu_ras/pred_ras_link_pc[23:0],655326,0.45565073493624064,4.97427291052087,1.5707741144724598,0.03446528903171856,-0.009583527076159086,15
x_aq_ifu_top/x_aq_ifu_pred/x_aq_ifu_ras/pred_ras_link_vld,0,0.0,0.0,0.0,0.0,,0
x_aq_ifu_top/x_aq_ifu_pred/x_aq_ifu_ras/pred_ras_ret_vld,60,4.171823504053622e-05,3.6118166666666673,1.1405381707587356,0.0,0.01766429837346154,1
x_aq_ifu_top/x_aq_ifu_pred/x_aq_ifu_ras/ras_cur_st,24438,0.016991837132010402,6.616037056223913,2.0892098071914775,0.08171699811768557,0.07590450590087086,1
x_aq_ifu_top/x_aq_ifu_pred/x_aq_ifu_ras/ras_pred_tar_pc[23:0],63910,0.044436873357344496,4.283729197308716,1.3527144685428671,0.0072132686590517915,0.07827736724889468,13
x_aq_ifu_top/x_aq_ifu_pred/x_aq_ifu_ras/rtu_ifu_flush_fe,0,0.0,0.0,0.0,0.0,,0
x_aq_ifu_top/x_aq_ifu_pred/x_aq_ifu_ras/entry0_pc[23:0],168,0.00011681105811350141,4.5292023809523805,1.4302299023762384,0.023809523809523808,0.142989078707242,13
x_aq_ifu_top/x_aq_ifu_pred/x_aq_ifu_ras/entry0_upd,0,0.0,0.0,0.0,0.0,,0
x_aq_ifu_top/x_aq_ifu_pred/x_aq_ifu_ras/entry1_pc[23:0],218,0.00015157625398061491,4.546802752293578,1.4357877413217823,0.022935779816513763,0.2781102237761947,13
x_aq_ifu_top/x_aq_ifu_pred/x_aq_ifu_ras/entry1_upd,0,0.0,0.0,0.0,0.0,,0
x_aq_ifu_top/x_aq_ifu_pred/x_aq_ifu_ras/entry2_pc[23:0],114,7.926464657701882e-05,4.384543859649122,1.3845496864354474,0.017543859649122806,0.3776180759601663,13
x_aq_ifu_top/x_aq_ifu_pred/x_aq_ifu_ras/entry2_upd,0,0.0,0.0,0.0,0.0,,0
x_aq_ifu_top/x_aq_ifu_pred/x_aq_ifu_ras/entry3_pc[23:0],54,3.7546411536482595e-05,4.0982777777777795,1.294152685839862,0.0,0.018861513049736146,14
x_aq_ifu_top/x_aq_ifu_pred/x_aq_ifu_ras/entry3_upd,0,0.0,0.0,0.0,0.0,,0
x_aq_ifu_top/x_aq_ifu_pred/x_aq_ifu_ras/ras_cpuclk,0,0.0,0.0,0.0,0.0,,0
x_aq_ifu_top/x_aq_ifu_pred/x_aq_ifu_ras/ras_icg_en,7820,0.005437276633616554,4.45897800511509,1.4080544741770946,0.0010230179028132991,0.06673464742930162,1
x_aq_ifu_top/x_aq_ifu_pred/x_aq_ifu_ras/ras_upd_pc[23:0],655326,0.45565073493624064,4.97427291052087,1.5707741144724598,0.03446528903171856,-0.009583527076159086,15
x_aq_ifu_top/x_aq_ifu_pred/x_aq_ifu_ras/x_aq_ifu_ras_icg_cell/clk_in,0,0.0,0.0,0.0,0.0,,0
x_aq_ifu_top/x_aq_ifu_pred/x_aq_ifu_ras/x_aq_ifu_ras_icg_cell/global_en,1,6.953039173422703e-07,21.131999999999998,6.673055375957693,1.0,-0.005140258898422977,1
x_aq_ifu_top/x_aq_ifu_pred/x_aq_ifu_ras/x_aq_ifu_ras_icg_cell/module_en,0,0.0,0.0,0.0,0.0,,0
x_aq_ifu_top/x_aq_ifu_pred/x_aq_ifu_ras/x_aq_ifu_ras_icg_cell/local_en,7820,0.005437276633616554,4.45897800511509,1.4080544741770946,0.0010230179028132991,0.06673464742930162,1
x_aq_ifu_top/x_aq_ifu_pred/x_aq_ifu_ras/x_aq_ifu_ras_icg_cell/external_en,0,0.0,0.0,0.0,0.0,,0
x_aq_ifu_top/x_aq_ifu_pred/x_aq_ifu_ras/x_aq_ifu_ras_icg_cell/pad_yy_icg_scan_en,0,0.0,0.0,0.0,0.0,,0
x_aq_ifu_top/x_aq_ifu_pred/x_aq_ifu_ras/x_aq_ifu_ras_icg_cell/clk_out,0,0.0,0.0,0.0,0.0,,0
x_aq_ifu_top/x_aq_ifu_pred/x_aq_ifu_ras/x_aq_ifu_ras_icg_cell/clk_en_bf_latch,7820,0.005437276633616554,4.45897800511509,1.4080544741770946,0.0010230179028132991,0.06673464742930162,1
x_aq_ifu_top/x_aq_ifu_pred/x_aq_ifu_ras/x_aq_ifu_ras_icg_cell/SE,0,0.0,0.0,0.0,0.0,,0
x_aq_ifu_top/x_aq_ifu_pred/x_aq_ifu_ras/x_aq_ifu_ras_entry0/cp0_ifu_icg_en,0,0.0,0.0,0.0,0.0,,0
x_aq_ifu_top/x_aq_ifu_pred/x_aq_ifu_ras/x_aq_ifu_ras_entry0/cp0_yy_clk_en,1,6.953039173422703e-07,21.131999999999998,6.673055375957693,1.0,-0.005140258898422977,1
x_aq_ifu_top/x_aq_ifu_pred/x_aq_ifu_ras/x_aq_ifu_ras_entry0/cpurst_b,3,2.0859117520268108e-06,11.372333333333332,3.5911513385946847,0.3333333333333333,0.0012751758732577007,1
x_aq_ifu_top/x_aq_ifu_pred/x_aq_ifu_ras/x_aq_ifu_ras_entry0/forever_cpuclk,0,0.0,0.0,0.0,0.0,,0
x_aq_ifu_top/x_aq_ifu_pred/x_aq_ifu_ras/x_aq_ifu_ras_entry0/pad_yy_icg_scan_en,0,0.0,0.0,0.0,0.0,,0
x_aq_ifu_top/x_aq_ifu_pred/x_aq_ifu_ras/x_aq_ifu_ras_entry0/ras_entry_pc[23:0],168,0.00011681105811350141,4.5292023809523805,1.4302299023762384,0.023809523809523808,0.142989078707242,13
x_aq_ifu_top/x_aq_ifu_pred/x_aq_ifu_ras/x_aq_ifu_ras_entry0/ras_entry_upd,0,0.0,0.0,0.0,0.0,,0
x_aq_ifu_top/x_aq_ifu_pred/x_aq_ifu_ras/x_aq_ifu_ras_entry0/ras_upd_pc[23:0],655326,0.45565073493624064,4.97427291052087,1.5707741144724598,0.03446528903171856,-0.009583527076159086,15
x_aq_ifu_top/x_aq_ifu_pred/x_aq_ifu_ras/x_aq_ifu_ras_entry0/entry_clk,0,0.0,0.0,0.0,0.0,,0
x_aq_ifu_top/x_aq_ifu_pred/x_aq_ifu_ras/x_aq_ifu_ras_entry0/entry_clk_en,0,0.0,0.0,0.0,0.0,,0
x_aq_ifu_top/x_aq_ifu_pred/x_aq_ifu_ras/x_aq_ifu_ras_entry0/x_ras_entry_icg_cell/clk_in,0,0.0,0.0,0.0,0.0,,0
x_aq_ifu_top/x_aq_ifu_pred/x_aq_ifu_ras/x_aq_ifu_ras_entry0/x_ras_entry_icg_cell/global_en,1,6.953039173422703e-07,21.131999999999998,6.673055375957693,1.0,-0.005140258898422977,1
x_aq_ifu_top/x_aq_ifu_pred/x_aq_ifu_ras/x_aq_ifu_ras_entry0/x_ras_entry_icg_cell/module_en,0,0.0,0.0,0.0,0.0,,0
x_aq_ifu_top/x_aq_ifu_pred/x_aq_ifu_ras/x_aq_ifu_ras_entry0/x_ras_entry_icg_cell/local_en,0,0.0,0.0,0.0,0.0,,0
x_aq_ifu_top/x_aq_ifu_pred/x_aq_ifu_ras/x_aq_ifu_ras_entry0/x_ras_entry_icg_cell/external_en,0,0.0,0.0,0.0,0.0,,0
x_aq_ifu_top/x_aq_ifu_pred/x_aq_ifu_ras/x_aq_ifu_ras_entry0/x_ras_entry_icg_cell/pad_yy_icg_scan_en,0,0.0,0.0,0.0,0.0,,0
x_aq_ifu_top/x_aq_ifu_pred/x_aq_ifu_ras/x_aq_ifu_ras_entry0/x_ras_entry_icg_cell/clk_out,0,0.0,0.0,0.0,0.0,,0
x_aq_ifu_top/x_aq_ifu_pred/x_aq_ifu_ras/x_aq_ifu_ras_entry0/x_ras_entry_icg_cell/clk_en_bf_latch,0,0.0,0.0,0.0,0.0,,0
x_aq_ifu_top/x_aq_ifu_pred/x_aq_ifu_ras/x_aq_ifu_ras_entry0/x_ras_entry_icg_cell/SE,0,0.0,0.0,0.0,0.0,,0
x_aq_ifu_top/x_aq_ifu_pred/x_aq_ifu_ras/x_aq_ifu_ras_entry1/cp0_ifu_icg_en,0,0.0,0.0,0.0,0.0,,0
x_aq_ifu_top/x_aq_ifu_pred/x_aq_ifu_ras/x_aq_ifu_ras_entry1/cp0_yy_clk_en,1,6.953039173422703e-07,21.131999999999998,6.673055375957693,1.0,-0.005140258898422977,1
x_aq_ifu_top/x_aq_ifu_pred/x_aq_ifu_ras/x_aq_ifu_ras_entry1/cpurst_b,3,2.0859117520268108e-06,11.372333333333332,3.5911513385946847,0.3333333333333333,0.0012751758732577007,1
x_aq_ifu_top/x_aq_ifu_pred/x_aq_ifu_ras/x_aq_ifu_ras_entry1/forever_cpuclk,0,0.0,0.0,0.0,0.0,,0
x_aq_ifu_top/x_aq_ifu_pred/x_aq_ifu_ras/x_aq_ifu_ras_entry1/pad_yy_icg_scan_en,0,0.0,0.0,0.0,0.0,,0
x_aq_ifu_top/x_aq_ifu_pred/x_aq_ifu_ras/x_aq_ifu_ras_entry1/ras_entry_pc[23:0],218,0.00015157625398061491,4.546802752293578,1.4357877413217823,0.022935779816513763,0.2781102237761947,13
x_aq_ifu_top/x_aq_ifu_pred/x_aq_ifu_ras/x_aq_ifu_ras_entry1/ras_entry_upd,0,0.0,0.0,0.0,0.0,,0
x_aq_ifu_top/x_aq_ifu_pred/x_aq_ifu_ras/x_aq_ifu_ras_entry1/ras_upd_pc[23:0],655326,0.45565073493624064,4.97427291052087,1.5707741144724598,0.03446528903171856,-0.009583527076159086,15
x_aq_ifu_top/x_aq_ifu_pred/x_aq_ifu_ras/x_aq_ifu_ras_entry1/entry_clk,0,0.0,0.0,0.0,0.0,,0
x_aq_ifu_top/x_aq_ifu_pred/x_aq_ifu_ras/x_aq_ifu_ras_entry1/entry_clk_en,0,0.0,0.0,0.0,0.0,,0
x_aq_ifu_top/x_aq_ifu_pred/x_aq_ifu_ras/x_aq_ifu_ras_entry1/x_ras_entry_icg_cell/clk_in,0,0.0,0.0,0.0,0.0,,0
x_aq_ifu_top/x_aq_ifu_pred/x_aq_ifu_ras/x_aq_ifu_ras_entry1/x_ras_entry_icg_cell/global_en,1,6.953039173422703e-07,21.131999999999998,6.673055375957693,1.0,-0.005140258898422977,1
x_aq_ifu_top/x_aq_ifu_pred/x_aq_ifu_ras/x_aq_ifu_ras_entry1/x_ras_entry_icg_cell/module_en,0,0.0,0.0,0.0,0.0,,0
x_aq_ifu_top/x_aq_ifu_pred/x_aq_ifu_ras/x_aq_ifu_ras_entry1/x_ras_entry_icg_cell/local_en,0,0.0,0.0,0.0,0.0,,0
x_aq_ifu_top/x_aq_ifu_pred/x_aq_ifu_ras/x_aq_ifu_ras_entry1/x_ras_entry_icg_cell/external_en,0,0.0,0.0,0.0,0.0,,0
x_aq_ifu_top/x_aq_ifu_pred/x_aq_ifu_ras/x_aq_ifu_ras_entry1/x_ras_entry_icg_cell/pad_yy_icg_scan_en,0,0.0,0.0,0.0,0.0,,0
x_aq_ifu_top/x_aq_ifu_pred/x_aq_ifu_ras/x_aq_ifu_ras_entry1/x_ras_entry_icg_cell/clk_out,0,0.0,0.0,0.0,0.0,,0
x_aq_ifu_top/x_aq_ifu_pred/x_aq_ifu_ras/x_aq_ifu_ras_entry1/x_ras_entry_icg_cell/clk_en_bf_latch,0,0.0,0.0,0.0,0.0,,0
x_aq_ifu_top/x_aq_ifu_pred/x_aq_ifu_ras/x_aq_ifu_ras_entry1/x_ras_entry_icg_cell/SE,0,0.0,0.0,0.0,0.0,,0
x_aq_ifu_top/x_aq_ifu_pred/x_aq_ifu_ras/x_aq_ifu_ras_entry2/cp0_ifu_icg_en,0,0.0,0.0,0.0,0.0,,0
x_aq_ifu_top/x_aq_ifu_pred/x_aq_ifu_ras/x_aq_ifu_ras_entry2/cp0_yy_clk_en,1,6.953039173422703e-07,21.131999999999998,6.673055375957693,1.0,-0.005140258898422977,1
x_aq_ifu_top/x_aq_ifu_pred/x_aq_ifu_ras/x_aq_ifu_ras_entry2/cpurst_b,3,2.0859117520268108e-06,11.372333333333332,3.5911513385946847,0.3333333333333333,0.0012751758732577007,1
x_aq_ifu_top/x_aq_ifu_pred/x_aq_ifu_ras/x_aq_ifu_ras_entry2/forever_cpuclk,0,0.0,0.0,0.0,0.0,,0
x_aq_ifu_top/x_aq_ifu_pred/x_aq_ifu_ras/x_aq_ifu_ras_entry2/pad_yy_icg_scan_en,0,0.0,0.0,0.0,0.0,,0
x_aq_ifu_top/x_aq_ifu_pred/x_aq_ifu_ras/x_aq_ifu_ras_entry2/ras_entry_pc[23:0],114,7.926464657701882e-05,4.384543859649122,1.3845496864354474,0.017543859649122806,0.3776180759601663,13
x_aq_ifu_top/x_aq_ifu_pred/x_aq_ifu_ras/x_aq_ifu_ras_entry2/ras_entry_upd,0,0.0,0.0,0.0,0.0,,0
x_aq_ifu_top/x_aq_ifu_pred/x_aq_ifu_ras/x_aq_ifu_ras_entry2/ras_upd_pc[23:0],655326,0.45565073493624064,4.97427291052087,1.5707741144724598,0.03446528903171856,-0.009583527076159086,15
x_aq_ifu_top/x_aq_ifu_pred/x_aq_ifu_ras/x_aq_ifu_ras_entry2/entry_clk,0,0.0,0.0,0.0,0.0,,0
x_aq_ifu_top/x_aq_ifu_pred/x_aq_ifu_ras/x_aq_ifu_ras_entry2/entry_clk_en,0,0.0,0.0,0.0,0.0,,0
x_aq_ifu_top/x_aq_ifu_pred/x_aq_ifu_ras/x_aq_ifu_ras_entry2/x_ras_entry_icg_cell/clk_in,0,0.0,0.0,0.0,0.0,,0
x_aq_ifu_top/x_aq_ifu_pred/x_aq_ifu_ras/x_aq_ifu_ras_entry2/x_ras_entry_icg_cell/global_en,1,6.953039173422703e-07,21.131999999999998,6.673055375957693,1.0,-0.005140258898422977,1
x_aq_ifu_top/x_aq_ifu_pred/x_aq_ifu_ras/x_aq_ifu_ras_entry2/x_ras_entry_icg_cell/module_en,0,0.0,0.0,0.0,0.0,,0
x_aq_ifu_top/x_aq_ifu_pred/x_aq_ifu_ras/x_aq_ifu_ras_entry2/x_ras_entry_icg_cell/local_en,0,0.0,0.0,0.0,0.0,,0
x_aq_ifu_top/x_aq_ifu_pred/x_aq_ifu_ras/x_aq_ifu_ras_entry2/x_ras_entry_icg_cell/external_en,0,0.0,0.0,0.0,0.0,,0
x_aq_ifu_top/x_aq_ifu_pred/x_aq_ifu_ras/x_aq_ifu_ras_entry2/x_ras_entry_icg_cell/pad_yy_icg_scan_en,0,0.0,0.0,0.0,0.0,,0
x_aq_ifu_top/x_aq_ifu_pred/x_aq_ifu_ras/x_aq_ifu_ras_entry2/x_ras_entry_icg_cell/clk_out,0,0.0,0.0,0.0,0.0,,0
x_aq_ifu_top/x_aq_ifu_pred/x_aq_ifu_ras/x_aq_ifu_ras_entry2/x_ras_entry_icg_cell/clk_en_bf_latch,0,0.0,0.0,0.0,0.0,,0
x_aq_ifu_top/x_aq_ifu_pred/x_aq_ifu_ras/x_aq_ifu_ras_entry2/x_ras_entry_icg_cell/SE,0,0.0,0.0,0.0,0.0,,0
x_aq_ifu_top/x_aq_ifu_pred/x_aq_ifu_ras/x_aq_ifu_ras_entry3/cp0_ifu_icg_en,0,0.0,0.0,0.0,0.0,,0
x_aq_ifu_top/x_aq_ifu_pred/x_aq_ifu_ras/x_aq_ifu_ras_entry3/cp0_yy_clk_en,1,6.953039173422703e-07,21.131999999999998,6.673055375957693,1.0,-0.005140258898422977,1
x_aq_ifu_top/x_aq_ifu_pred/x_aq_ifu_ras/x_aq_ifu_ras_entry3/cpurst_b,3,2.0859117520268108e-06,11.372333333333332,3.5911513385946847,0.3333333333333333,0.0012751758732577007,1
x_aq_ifu_top/x_aq_ifu_pred/x_aq_ifu_ras/x_aq_ifu_ras_entry3/forever_cpuclk,0,0.0,0.0,0.0,0.0,,0
x_aq_ifu_top/x_aq_ifu_pred/x_aq_ifu_ras/x_aq_ifu_ras_entry3/pad_yy_icg_scan_en,0,0.0,0.0,0.0,0.0,,0
x_aq_ifu_top/x_aq_ifu_pred/x_aq_ifu_ras/x_aq_ifu_ras_entry3/ras_entry_pc[23:0],54,3.7546411536482595e-05,4.0982777777777795,1.294152685839862,0.0,0.018861513049736146,14
x_aq_ifu_top/x_aq_ifu_pred/x_aq_ifu_ras/x_aq_ifu_ras_entry3/ras_entry_upd,0,0.0,0.0,0.0,0.0,,0
x_aq_ifu_top/x_aq_ifu_pred/x_aq_ifu_ras/x_aq_ifu_ras_entry3/ras_upd_pc[23:0],655326,0.45565073493624064,4.97427291052087,1.5707741144724598,0.03446528903171856,-0.009583527076159086,15
x_aq_ifu_top/x_aq_ifu_pred/x_aq_ifu_ras/x_aq_ifu_ras_entry3/entry_clk,0,0.0,0.0,0.0,0.0,,0
x_aq_ifu_top/x_aq_ifu_pred/x_aq_ifu_ras/x_aq_ifu_ras_entry3/entry_clk_en,0,0.0,0.0,0.0,0.0,,0
x_aq_ifu_top/x_aq_ifu_pred/x_aq_ifu_ras/x_aq_ifu_ras_entry3/x_ras_entry_icg_cell/clk_in,0,0.0,0.0,0.0,0.0,,0
x_aq_ifu_top/x_aq_ifu_pred/x_aq_ifu_ras/x_aq_ifu_ras_entry3/x_ras_entry_icg_cell/global_en,1,6.953039173422703e-07,21.131999999999998,6.673055375957693,1.0,-0.005140258898422977,1
x_aq_ifu_top/x_aq_ifu_pred/x_aq_ifu_ras/x_aq_ifu_ras_entry3/x_ras_entry_icg_cell/module_en,0,0.0,0.0,0.0,0.0,,0
x_aq_ifu_top/x_aq_ifu_pred/x_aq_ifu_ras/x_aq_ifu_ras_entry3/x_ras_entry_icg_cell/local_en,0,0.0,0.0,0.0,0.0,,0
x_aq_ifu_top/x_aq_ifu_pred/x_aq_ifu_ras/x_aq_ifu_ras_entry3/x_ras_entry_icg_cell/external_en,0,0.0,0.0,0.0,0.0,,0
x_aq_ifu_top/x_aq_ifu_pred/x_aq_ifu_ras/x_aq_ifu_ras_entry3/x_ras_entry_icg_cell/pad_yy_icg_scan_en,0,0.0,0.0,0.0,0.0,,0
x_aq_ifu_top/x_aq_ifu_pred/x_aq_ifu_ras/x_aq_ifu_ras_entry3/x_ras_entry_icg_cell/clk_out,0,0.0,0.0,0.0,0.0,,0
x_aq_ifu_top/x_aq_ifu_pred/x_aq_ifu_ras/x_aq_ifu_ras_entry3/x_ras_entry_icg_cell/clk_en_bf_latch,0,0.0,0.0,0.0,0.0,,0
x_aq_ifu_top/x_aq_ifu_pred/x_aq_ifu_ras/x_aq_ifu_ras_entry3/x_ras_entry_icg_cell/SE,0,0.0,0.0,0.0,0.0,,0
x_aq_ifu_top/x_aq_ifu_vec/cp0_ifu_icg_en,0,0.0,0.0,0.0,0.0,,0
x_aq_ifu_top/x_aq_ifu_vec/cp0_ifu_rst_inv_done,3,2.0859117520268108e-06,1.533999999999999,0.4844059694642767,0.0,0.01675089904147971,1
x_aq_ifu_top/x_aq_ifu_vec/cp0_yy_clk_en,1,6.953039173422703e-07,21.131999999999998,6.673055375957693,1.0,-0.005140258898422977,1
x_aq_ifu_top/x_aq_ifu_vec/cpurst_b,3,2.0859117520268108e-06,11.372333333333332,3.5911513385946847,0.3333333333333333,0.0012751758732577007,1
x_aq_ifu_top/x_aq_ifu_vec/dtu_ifu_halt_on_reset,0,0.0,0.0,0.0,0.0,,0
x_aq_ifu_top/x_aq_ifu_vec/forever_cpuclk,0,0.0,0.0,0.0,0.0,,0
x_aq_ifu_top/x_aq_ifu_vec/ifu_cp0_rst_inv_req,2,1.3906078346845406e-06,10.800999999999998,3.410735903639932,0.5,-0.002497608032843854,1
x_aq_ifu_top/x_aq_ifu_vec/ifu_cp0_warm_up,2,1.3906078346845406e-06,1.3300000000000005,0.4199869226776328,0.0,-0.0019802171711942366,1
x_aq_ifu_top/x_aq_ifu_vec/ifu_idu_warm_up,2,1.3906078346845406e-06,1.3300000000000005,0.4199869226776328,0.0,-0.0019802171711942366,1
x_aq_ifu_top/x_aq_ifu_vec/ifu_iu_reset_vld,2,1.3906078346845406e-06,11.461999999999998,3.619466246414304,0.5,-0.012718095041243346,1
x_aq_ifu_top/x_aq_ifu_vec/ifu_iu_warm_up,2,1.3906078346845406e-06,1.3300000000000005,0.4199869226776328,0.0,-0.0019802171711942366,1
x_aq_ifu_top/x_aq_ifu_vec/ifu_lsu_warm_up,2,1.3906078346845406e-06,1.3300000000000005,0.4199869226776328,0.0,-0.0019802171711942366,1
x_aq_ifu_top/x_aq_ifu_vec/ifu_rtu_reset_halt_req,0,0.0,0.0,0.0,0.0,,0
x_aq_ifu_top/x_aq_ifu_vec/ifu_rtu_warm_up,2,1.3906078346845406e-06,1.3300000000000005,0.4199869226776328,0.0,-0.0019802171711942366,1
x_aq_ifu_top/x_aq_ifu_vec/ifu_vidu_warm_up,2,1.3906078346845406e-06,1.3300000000000005,0.4199869226776328,0.0,-0.0019802171711942366,1
x_aq_ifu_top/x_aq_ifu_vec/ifu_vpu_warm_up,2,1.3906078346845406e-06,1.3300000000000005,0.4199869226776328,0.0,-0.0019802171711942366,1
x_aq_ifu_top/x_aq_ifu_vec/pad_yy_icg_scan_en,0,0.0,0.0,0.0,0.0,,0
x_aq_ifu_top/x_aq_ifu_vec/rtu_yy_xx_dbgon,0,0.0,0.0,0.0,0.0,,0
x_aq_ifu_top/x_aq_ifu_vec/vec_ctrl_reset_mask,2,1.3906078346845406e-06,11.2365,3.5482579373437737,0.5,-0.012848472544874565,1
x_aq_ifu_top/x_aq_ifu_vec/vec_ibuf_warm_up,0,0.0,0.0,0.0,0.0,,0
x_aq_ifu_top/x_aq_ifu_vec/vec_pcgen_idle,1,6.953039173422703e-07,11.921,3.7644091016842545,0.0,0.012308593211025337,1
x_aq_ifu_top/x_aq_ifu_vec/vec_pcgen_rst_vld,2,1.3906078346845406e-06,10.800999999999998,3.410735903639932,0.5,-0.002497608032843854,1
x_aq_ifu_top/x_aq_ifu_vec/vec_top_cur_st[1:0],5,3.4765195867113516e-06,7.5009999999999994,2.368663087973626,0.2,-0.012862225865160296,2
x_aq_ifu_top/x_aq_ifu_vec/vec_rst_inv_req,2,1.3906078346845406e-06,10.800999999999998,3.410735903639932,0.5,-0.002497608032843854,1
x_aq_ifu_top/x_aq_ifu_vec/vec_sm_clk,0,0.0,0.0,0.0,0.0,,0
x_aq_ifu_top/x_aq_ifu_vec/vec_sm_clk_en,2,1.3906078346845406e-06,16.5265,5.218732238820974,0.5,-0.012869432598894885,1
x_aq_ifu_top/x_aq_ifu_vec/vec_sm_halt,0,0.0,0.0,0.0,0.0,,0
x_aq_ifu_top/x_aq_ifu_vec/vec_sm_idle,1,6.953039173422703e-07,11.921,3.7644091016842545,0.0,0.012308593211025337,1
x_aq_ifu_top/x_aq_ifu_vec/vec_sm_reset,2,1.3906078346845406e-06,11.461999999999998,3.619466246414304,0.5,-0.012718095041243346,1
x_aq_ifu_top/x_aq_ifu_vec/vec_sm_warm_up,2,1.3906078346845406e-06,1.3300000000000005,0.4199869226776328,0.0,-0.0019802171711942366,1
x_aq_ifu_top/x_aq_ifu_vec/vec_warmup_req,0,0.0,0.0,0.0,0.0,,0
x_aq_ifu_top/x_aq_ifu_vec/warm_up_cnt_done,0,0.0,0.0,0.0,0.0,,0
x_aq_ifu_top/x_aq_ifu_vec/x_ifu_vec_sm_clk/clk_in,0,0.0,0.0,0.0,0.0,,0
x_aq_ifu_top/x_aq_ifu_vec/x_ifu_vec_sm_clk/global_en,1,6.953039173422703e-07,21.131999999999998,6.673055375957693,1.0,-0.005140258898422977,1
x_aq_ifu_top/x_aq_ifu_vec/x_ifu_vec_sm_clk/module_en,0,0.0,0.0,0.0,0.0,,0
x_aq_ifu_top/x_aq_ifu_vec/x_ifu_vec_sm_clk/local_en,2,1.3906078346845406e-06,16.5265,5.218732238820974,0.5,-0.012869432598894885,1
x_aq_ifu_top/x_aq_ifu_vec/x_ifu_vec_sm_clk/external_en,0,0.0,0.0,0.0,0.0,,0
x_aq_ifu_top/x_aq_ifu_vec/x_ifu_vec_sm_clk/pad_yy_icg_scan_en,0,0.0,0.0,0.0,0.0,,0
x_aq_ifu_top/x_aq_ifu_vec/x_ifu_vec_sm_clk/clk_out,0,0.0,0.0,0.0,0.0,,0
x_aq_ifu_top/x_aq_ifu_vec/x_ifu_vec_sm_clk/clk_en_bf_latch,2,1.3906078346845406e-06,16.5265,5.218732238820974,0.5,-0.012869432598894885,1
x_aq_ifu_top/x_aq_ifu_vec/x_ifu_vec_sm_clk/SE,0,0.0,0.0,0.0,0.0,,0
