signal,n_edges,edge_rate,impact_mW,lift,spec,lvl_corr,max_hamming
x_aq_ifu_top/biu_ifu_arready,1,0.00012030798845043312,1.1680000000000001,0.8019162154686675,0.0,-0.10536683769041456,1
x_aq_ifu_top/biu_ifu_rdata[127:0],148,0.0178055822906641,9.593525945945945,6.586647277032055,0.6486486486486487,,77
x_aq_ifu_top/biu_ifu_rid,13,0.0015640038498556303,9.605409230769231,6.594806008875228,0.7692307692307693,-0.11962484147796851,1
x_aq_ifu_top/biu_ifu_rlast,33,0.003970163618864293,9.225669090909092,6.334087022729521,0.7878787878787878,-0.23784816032763478,1
x_aq_ifu_top/biu_ifu_rresp[1:0],0,0.0,0.0,0.0,0.0,,0
x_aq_ifu_top/biu_ifu_rvalid,0,0.0,0.0,0.0,0.0,,0
x_aq_ifu_top/cp0_ifu_bht_en,1,0.00012030798845043312,10.639999999999999,7.305127168310463,0.0,-0.23435967716134284,1
x_aq_ifu_top/cp0_ifu_bht_inv,4,0.00048123195380173246,0.9595000000000002,0.6587659321422831,0.0,0.20892743913596878,1
x_aq_ifu_top/cp0_ifu_btb_clr,0,0.0,0.0,0.0,0.0,,0
x_aq_ifu_top/cp0_ifu_btb_en,1,0.00012030798845043312,10.639999999999999,7.305127168310463,0.0,-0.23435967716134284,1
x_aq_ifu_top/cp0_ifu_icache_en,3,0.0003609239653512993,10.990666666666668,7.545885118845008,0.3333333333333333,-0.24495583250477604,1
x_aq_ifu_top/cp0_ifu_icache_inv_addr[63:0],50,0.006015399422521655,5.0969212,3.4994039034640574,0.12,0.053290822781211916,10
x_aq_ifu_top/cp0_ifu_icache_inv_req,16,0.0019249278152069298,1.583685,1.087313939806932,0.0,0.2970629498159666,1
x_aq_ifu_top/cp0_ifu_icache_inv_type[1:0],8,0.0009624639076034649,3.2948674999999996,2.2621641062249225,0.0,0.02654761733026388,2
x_aq_ifu_top/cp0_ifu_icache_pref_en,1,0.00012030798845043312,10.967999999999996,7.530322817859882,1.0,-0.24525578205400692,1
x_aq_ifu_top/cp0_ifu_icache_read_index[13:0],2,0.00024061597690086623,7.861499999999999,5.397486582112096,0.5,-0.16023791933144982,8
x_aq_ifu_top/cp0_ifu_icache_read_req,4,0.00048123195380173246,11.006,7.556412557746707,0.5,0.052870128462602875,1
x_aq_ifu_top/cp0_ifu_icache_read_tag,2,0.00024061597690086623,12.850999999999999,8.823138086462196,0.5,0.16171648649579398,1
x_aq_ifu_top/cp0_ifu_icache_read_way,0,0.0,0.0,0.0,0.0,,0
x_aq_ifu_top/cp0_ifu_icg_en,0,0.0,0.0,0.0,0.0,,0
x_aq_ifu_top/cp0_ifu_in_lpmd,0,0.0,0.0,0.0,0.0,,0
x_aq_ifu_top/cp0_ifu_iwpe,0,0.0,0.0,0.0,0.0,,0
x_aq_ifu_top/cp0_ifu_lpmd_req,0,0.0,0.0,0.0,0.0,,0
x_aq_ifu_top/cp0_ifu_ras_en,1,0.00012030798845043312,10.639999999999999,7.305127168310463,0.0,-0.23435967716134284,1
x_aq_ifu_top/cp0_ifu_rst_inv_done,31,0.0037295476419634266,3.3836070967741936,2.323090237738088,0.06451612903225806,0.14645272967189196,1
x_aq_ifu_top/cp0_xx_mrvbr[39:0],0,0.0,0.0,0.0,0.0,,0
x_aq_ifu_top/cp0_yy_clk_en,1,0.00012030798845043312,21.131999999999998,14.508641665482774,1.0,-0.18268400597289075,1
x_aq_ifu_top/cpurst_b,3,0.0003609239653512993,11.372333333333332,7.807926804550378,0.3333333333333333,-0.0221134756398446,1
x_aq_ifu_top/dtu_ifu_debug_inst[31:0],0,0.0,0.0,0.0,0.0,,0
x_aq_ifu_top/dtu_ifu_debug_inst_vld,0,0.0,0.0,0.0,0.0,,0
x_aq_ifu_top/dtu_ifu_halt_info0[21:0],1,0.00012030798845043312,21.131999999999998,14.508641665482774,1.0,-0.18268400597289075,1
x_aq_ifu_top/dtu_ifu_halt_info1[21:0],1,0.00012030798845043312,21.131999999999998,14.508641665482774,1.0,-0.18268400597289075,1
x_aq_ifu_top/dtu_ifu_halt_info_vld,3,0.0003609239653512993,10.728,7.3655455133115275,0.3333333333333333,-0.1638858973998409,1
x_aq_ifu_top/dtu_ifu_halt_on_reset,0,0.0,0.0,0.0,0.0,,0
x_aq_ifu_top/forever_cpuclk,0,0.0,0.0,0.0,0.0,,0
x_aq_ifu_top/hpcp_ifu_cnt_en,1,0.00012030798845043312,21.131999999999998,14.508641665482774,1.0,-0.18268400597289075,1
x_aq_ifu_top/idu_ifu_id_stall,82,0.009865255052935515,3.685545365853659,2.5303926299002155,0.07317073170731707,-0.20155700737902493,1
x_aq_ifu_top/ifu_biu_araddr[39:0],46,0.005534167468719923,6.6376539130434775,4.557228001317309,0.32608695652173914,-0.2532094247332515,7
x_aq_ifu_top/ifu_biu_arburst[1:0],4,0.00048123195380173246,10.36308,7.115001621745752,0.5,-0.27755730528137335,2
x_aq_ifu_top/ifu_biu_arcache[3:0],2,0.00024061597690086623,1.04283,0.7159779854256767,0.0,-0.13507031832200692,3
x_aq_ifu_top/ifu_biu_arid,119,0.01431665062560154,2.624948739495798,1.8022165744655134,0.19327731092436976,-0.18387017616485776,1
x_aq_ifu_top/ifu_biu_arlen[1:0],6,0.0007218479307025986,6.853106666666666,4.705151851315435,0.5,-0.26655663739587954,1
x_aq_ifu_top/ifu_biu_arprot[2:0],0,0.0,0.0,0.0,0.0,,0
x_aq_ifu_top/ifu_biu_arsize[2:0],0,0.0,0.0,0.0,0.0,,0
x_aq_ifu_top/ifu_biu_arvalid,0,0.0,0.0,0.0,0.0,,0
x_aq_ifu_top/ifu_cp0_bht_inv_done,0,0.0,0.0,0.0,0.0,,0
x_aq_ifu_top/ifu_cp0_icache_inv_done,0,0.0,0.0,0.0,0.0,,0
x_aq_ifu_top/ifu_cp0_icache_read_data[127:0],266,0.03200192492781521,7.113206616541353,4.883729220705074,0.30451127819548873,,78
x_aq_ifu_top/ifu_cp0_icache_read_data_vld,0,0.0,0.0,0.0,0.0,,0
x_aq_ifu_top/ifu_cp0_rst_inv_req,2,0.00024061597690086623,10.800999999999998,7.415665276778318,0.5,-0.01630321596436471,1
x_aq_ifu_top/ifu_cp0_warm_up,2,0.00024061597690086623,1.3300000000000005,0.9131408960388083,0.0,-0.01592101581298485,1
x_aq_ifu_top/ifu_dtu_addr_vld0,63,0.007579403272377286,4.3759796825396835,3.004425570196921,0.047619047619047616,-0.21070337202414371,1
x_aq_ifu_top/ifu_dtu_addr_vld1,12,0.0014436958614051972,7.703283333333334,5.288859432662268,0.25,-0.22028122628722943,1
x_aq_ifu_top/ifu_dtu_data_vld0,63,0.007579403272377286,4.3759796825396835,3.004425570196921,0.047619047619047616,-0.21070337202414371,1
x_aq_ifu_top/ifu_dtu_data_vld1,12,0.0014436958614051972,7.703283333333334,5.288859432662268,0.25,-0.22028122628722943,1
x_aq_ifu_top/ifu_dtu_debug_info[20:0],699,0.08409528392685274,5.201467238912732,3.5711822971859224,0.1917024320457797,-0.16321976408831265,9
x_aq_ifu_top/ifu_dtu_exe_addr0[39:0],357,0.04294995187680462,5.230012661064426,3.5907807876832183,0.1568627450980392,-0.25496816174415887,10
x_aq_ifu_top/ifu_dtu_exe_addr1[39:0],328,0.03946102021174206,5.166694268292684,3.5473081456446276,0.1524390243902439,-0.25474671925424697,8
x_aq_ifu_top/ifu_dtu_exe_data0[31:0],416,0.05004812319538017,5.054702884615385,3.470417985915519,0.17307692307692307,0.03215910887401232,23
x_aq_ifu_top/ifu_dtu_exe_data1[31:0],276,0.03320500481231954,5.042544927536232,3.4620706717641965,0.15579710144927536,0.02280634819465097,12
x_aq_ifu_top/ifu_hpcp_icache_access,55,0.006616939364773821,4.910225454545456,3.3712238130197,0.23636363636363636,0.47362605934690394,1
x_aq_ifu_top/ifu_hpcp_icache_miss,0,0.0,0.0,0.0,0.0,,0
x_aq_ifu_top/ifu_idu_id_bht_pred[1:0],0,0.0,0.0,0.0,0.0,,0
x_aq_ifu_top/ifu_idu_id_expt_acc_error,0,0.0,0.0,0.0,0.0,,0
x_aq_ifu_top/ifu_idu_id_expt_high,0,0.0,0.0,0.0,0.0,,0
x_aq_ifu_top/ifu_idu_id_expt_page_fault,0,0.0,0.0,0.0,0.0,,0
x_aq_ifu_top/ifu_idu_id_halt_info[21:0],1,0.00012030798845043312,21.131999999999998,14.508641665482774,1.0,-0.18268400597289075,1
x_aq_ifu_top/ifu_idu_id_inst[31:0],370,0.044513955726660254,5.098216756756757,3.5002933965901732,0.15945945945945947,-0.023546310975905697,23
x_aq_ifu_top/ifu_idu_id_inst_vld,95,0.011429258902791145,4.6348812631578955,3.182180172686829,0.10526315789473684,-0.08207058171316127,1
x_aq_ifu_top/ifu_idu_warm_up,2,0.00024061597690086623,1.3300000000000005,0.9131408960388083,0.0,-0.01592101581298485,1
x_aq_ifu_top/ifu_iu_chgflw_pc[39:0],82,0.009865255052935515,4.584635853658535,3.147683076256692,0.12195121951219512,0.11758465770863326,9
x_aq_ifu_top/ifu_iu_chgflw_vld,0,0.0,0.0,0.0,0.0,,0
x_aq_ifu_top/ifu_iu_ex1_pc_pred[39:0],2,0.00024061597690086623,4.174000000000002,2.8657519549368318,0.5,-0.014875638740332198,4
x_aq_ifu_top/ifu_iu_reset_vld,2,0.00024061597690086623,11.461999999999998,7.869489436388583,0.5,0.12033575496447221,1
x_aq_ifu_top/ifu_iu_warm_up,2,0.00024061597690086623,1.3300000000000005,0.9131408960388083,0.0,-0.01592101581298485,1
x_aq_ifu_top/ifu_lsu_warm_up,2,0.00024061597690086623,1.3300000000000005,0.9131408960388083,0.0,-0.01592101581298485,1
x_aq_ifu_top/ifu_mmu_abort,82,0.009865255052935515,5.300953658536585,3.6394868974558605,0.0975609756097561,0.0946201892715048,1
x_aq_ifu_top/ifu_mmu_va[51:0],12,0.0014436958614051972,6.788186666666667,4.660579590435105,0.0,-0.003321952426793721,2
x_aq_ifu_top/ifu_mmu_va_vld,63,0.007579403272377286,6.3147882539682545,4.335557447010459,0.23809523809523808,0.50246758514822,1
x_aq_ifu_top/ifu_rtu_reset_halt_req,0,0.0,0.0,0.0,0.0,,0
x_aq_ifu_top/ifu_rtu_warm_up,2,0.00024061597690086623,1.3300000000000005,0.9131408960388083,0.0,-0.01592101581298485,1
x_aq_ifu_top/ifu_vidu_warm_up,2,0.00024061597690086623,1.3300000000000005,0.9131408960388083,0.0,-0.01592101581298485,1
x_aq_ifu_top/ifu_vpu_warm_up,2,0.00024061597690086623,1.3300000000000005,0.9131408960388083,0.0,-0.01592101581298485,1
x_aq_ifu_top/ifu_yy_xx_no_op,119,0.01431665062560154,5.900050420168069,4.050810020561214,0.24369747899159663,0.09157257483647922,1
x_aq_ifu_top/iu_ifu_bht_cur_pc[39:0],217,0.026106833493743986,4.490519907834101,3.083065693473486,0.15668202764976957,-0.24242664630038713,8
x_aq_ifu_top/iu_ifu_bht_mispred,0,0.0,0.0,0.0,0.0,,0
x_aq_ifu_top/iu_ifu_bht_mispred_gate,0,0.0,0.0,0.0,0.0,,0
x_aq_ifu_top/iu_ifu_bht_pred[1:0],0,0.0,0.0,0.0,0.0,,0
x_aq_ifu_top/iu_ifu_bht_taken,0,0.0,0.0,0.0,0.0,,0
x_aq_ifu_top/iu_ifu_br_vld,0,0.0,0.0,0.0,0.0,,0
x_aq_ifu_top/iu_ifu_br_vld_gate,0,0.0,0.0,0.0,0.0,,0
x_aq_ifu_top/iu_ifu_link_vld,0,0.0,0.0,0.0,0.0,,0
x_aq_ifu_top/iu_ifu_link_vld_gate,0,0.0,0.0,0.0,0.0,,0
x_aq_ifu_top/iu_ifu_pc_mispred,0,0.0,0.0,0.0,0.0,,0
x_aq_ifu_top/iu_ifu_pc_mispred_gate,0,0.0,0.0,0.0,0.0,,0
x_aq_ifu_top/iu_ifu_ret_vld,0,0.0,0.0,0.0,0.0,,0
x_aq_ifu_top/iu_ifu_ret_vld_gate,0,0.0,0.0,0.0,0.0,,0
x_aq_ifu_top/iu_ifu_tar_pc[63:0],303,0.03645332050048123,5.408633861386139,3.713417120700735,0.16501650165016502,-0.24265584246815086,8
x_aq_ifu_top/iu_ifu_tar_pc_vld,0,0.0,0.0,0.0,0.0,,0
x_aq_ifu_top/iu_ifu_tar_pc_vld_gate,0,0.0,0.0,0.0,0.0,,0
x_aq_ifu_top/mmu_ifu_access_fault,0,0.0,0.0,0.0,0.0,,0
x_aq_ifu_top/mmu_ifu_pa[27:0],8,0.0009624639076034649,5.6187499999999995,3.857676999712821,0.0,0.00437476292300215,1
x_aq_ifu_top/mmu_ifu_pa_vld,59,0.007098171318575553,6.491067796610169,4.456586063191925,0.2542372881355932,0.5295049780370887,1
x_aq_ifu_top/mmu_ifu_prot[4:0],11,0.0013233878729547641,6.047232727272728,4.151861286569191,0.09090909090909091,-0.14085045363185916,2
x_aq_ifu_top/pad_yy_icg_scan_en,0,0.0,0.0,0.0,0.0,,0
x_aq_ifu_top/rtu_ifu_chgflw_pc[39:0],218,0.02622714148219442,5.116204036697248,3.5126429611933014,0.17889908256880735,-0.2426413003693224,8
x_aq_ifu_top/rtu_ifu_chgflw_vld,0,0.0,0.0,0.0,0.0,,0
x_aq_ifu_top/rtu_ifu_dbg_mask,0,0.0,0.0,0.0,0.0,,0
x_aq_ifu_top/rtu_ifu_flush_fe,0,0.0,0.0,0.0,0.0,,0
x_aq_ifu_top/rtu_yy_xx_dbgon,0,0.0,0.0,0.0,0.0,,0
x_aq_ifu_top/bht_top_cur_st[1:0],0,0.0,0.0,0.0,0.0,,0
x_aq_ifu_top/btb_pcgen_tar_pc[39:0],0,0.0,0.0,0.0,0.0,,0
x_aq_ifu_top/btb_pred_tar_pc[39:0],0,0.0,0.0,0.0,0.0,,0
x_aq_ifu_top/btb_pred_tar_vld,0,0.0,0.0,0.0,0.0,,0
x_aq_ifu_top/btb_xx_chgflw_vld,0,0.0,0.0,0.0,0.0,,0
x_aq_ifu_top/ctrl_btb_chgflw_vld,82,0.009865255052935515,5.300953658536585,3.6394868974558605,0.0975609756097561,0.0946201892715048,1
x_aq_ifu_top/ctrl_btb_inst_fetch,49,0.005895091434071222,6.62230612244898,4.546690636463418,0.24489795918367346,0.23437006441083783,1
x_aq_ifu_top/ctrl_btb_stall,164,0.01973051010587103,9.262914268292683,6.359658522465744,0.2073170731707317,-0.6491025422332436,1
x_aq_ifu_top/ctrl_ibuf_pop_en,81,0.009744947064485083,5.318046419753087,3.651222310458127,0.13580246913580246,0.08540521474474524,1
x_aq_ifu_top/ctrl_icache_abort,82,0.009865255052935515,5.300953658536585,3.6394868974558605,0.0975609756097561,0.0946201892715048,1
x_aq_ifu_top/ctrl_icache_req_vld,49,0.005895091434071222,6.62230612244898,4.546690636463418,0.24489795918367346,0.23437006441083783,1
x_aq_ifu_top/ctrl_ipack_cancel,82,0.009865255052935515,5.300953658536585,3.6394868974558605,0.0975609756097561,0.0946201892715048,1
x_aq_ifu_top/ibuf_ctrl_inst_fetch,49,0.005895091434071222,6.8102857142857145,4.6757521800174064,0.2653061224489796,0.29929036380146024,1
x_aq_ifu_top/ibuf_ipack_stall,38,0.004571703561116458,6.68022947368421,4.586459193492371,0.2894736842105263,-0.33014306398121307,1
x_aq_ifu_top/ibuf_pred_hungry,47,0.005654475457170356,5.876553191489362,4.0346774788694075,0.0851063829787234,0.27268637796593975,1
x_aq_ifu_top/ibuf_pred_stall,38,0.004571703561116458,6.68022947368421,4.586459193492371,0.2894736842105263,-0.33014306398121307,1
x_aq_ifu_top/ibuf_top_id_stall,82,0.009865255052935515,3.685545365853659,2.5303926299002155,0.07317073170731707,-0.20155700737902493,1
x_aq_ifu_top/ibuf_top_pop_entry_vld,59,0.007098171318575553,3.686605423728814,2.531120436064104,0.05084745762711865,-0.14017066368266745,1
x_aq_ifu_top/ibuf_top_vld_num[2:0],146,0.017564966313763235,5.438943287671233,3.734226727224338,0.1506849315068493,-0.2912622055325433,3
x_aq_ifu_top/icache_btb_grant,25,0.0030076997112608275,6.594919999999999,4.527888088800192,0.28,0.047768691177007695,1
x_aq_ifu_top/icache_ctrl_stall,158,0.01900866217516843,8.214774556962027,5.640035037369254,0.20253164556962025,-0.6327007604809333,1
x_aq_ifu_top/icache_ipack_acc_err,0,0.0,0.0,0.0,0.0,,0
x_aq_ifu_top/icache_ipack_inst[31:0],409,0.04920596727622714,5.914596772616137,4.060797140342061,0.22493887530562348,-0.3255697028942122,25
x_aq_ifu_top/icache_ipack_inst_vld,51,0.006135707410972089,6.809333333333335,4.675098301824756,0.23529411764705882,0.5188241422996814,1
x_aq_ifu_top/icache_ipack_inst_vld_gate,61,0.00733878729547642,6.477486229508197,4.447261338114402,0.2459016393442623,0.5151169380940933,1
x_aq_ifu_top/icache_ipack_pgflt,0,0.0,0.0,0.0,0.0,,0
x_aq_ifu_top/icache_ipack_unalign,6,0.0007218479307025986,8.134333333333332,5.584806337352138,0.5,0.051598155290993646,1
x_aq_ifu_top/icache_pcgen_addr[39:0],368,0.04427333974975938,5.2623675,3.612994717470302,0.14673913043478262,-0.1835220507569479,9
x_aq_ifu_top/icache_pcgen_grant,61,0.00733878729547642,6.283606557377048,4.3141489640290285,0.29508196721311475,0.4812445256427283,1
x_aq_ifu_top/icache_pcgen_grant_gate,25,0.0030076997112608275,6.594919999999999,4.527888088800192,0.28,0.047768691177007695,1
x_aq_ifu_top/icache_pcgen_inst_vld,51,0.006135707410972089,6.809333333333335,4.675098301824756,0.23529411764705882,0.5188241422996814,1
x_aq_ifu_top/icache_pcgen_inst_vld_gate,61,0.00733878729547642,6.477486229508197,4.447261338114402,0.2459016393442623,0.5151169380940933,1
x_aq_ifu_top/icache_pred_inst_vld,51,0.006135707410972089,6.809333333333335,4.675098301824756,0.23529411764705882,0.5188241422996814,1
x_aq_ifu_top/icache_pred_inst_vld_gate,61,0.00733878729547642,6.477486229508197,4.447261338114402,0.2459016393442623,0.5151169380940933,1
x_aq_ifu_top/icache_top_abort,24,0.0028873917228103944,8.38181,5.754716912651911,0.2916666666666667,0.06114300288613444,1
x_aq_ifu_top/icache_top_inv_st[1:0],36,0.004331087584215592,2.7168038888888892,1.8652817574900138,0.08333333333333333,0.29976155440156793,2
x_aq_ifu_top/icache_top_rd_vld,61,0.00733878729547642,6.477486229508197,4.447261338114402,0.2459016393442623,0.5151169380940933,1
x_aq_ifu_top/icache_top_ref_st[1:0],186,0.02237728585178056,7.62735870967742,5.236731704183644,0.25268817204301075,0.09784282792283798,2
x_aq_ifu_top/ipack_ibuf_acc_err[2:0],0,0.0,0.0,0.0,0.0,,0
x_aq_ifu_top/ipack_ibuf_inst[47:0],416,0.05004812319538017,5.054702884615385,3.470417985915519,0.17307692307692307,0.022806939721569323,33
x_aq_ifu_top/ipack_ibuf_inst_all,8,0.0009624639076034649,7.6083549999999995,5.223684287279206,0.25,-0.21720957221306025,1
x_aq_ifu_top/ipack_ibuf_inst_full,8,0.0009624639076034649,7.6083549999999995,5.223684287279206,0.25,-0.21720957221306025,1
x_aq_ifu_top/ipack_ibuf_inst_one,2,0.00024061597690086623,8.59266,5.899480640418664,0.0,-0.07237321137848463,1
x_aq_ifu_top/ipack_ibuf_inst_two,12,0.0014436958614051972,7.703283333333334,5.288859432662268,0.25,-0.22028122628722943,1
x_aq_ifu_top/ipack_ibuf_inst_vld,57,0.006857555341674687,4.277017543859649,2.9364809265967677,0.15789473684210525,0.41713008343317426,1
x_aq_ifu_top/ipack_ibuf_inst_vld_raw,63,0.007579403272377286,4.3759796825396835,3.004425570196921,0.047619047619047616,-0.21070337202414371,1
x_aq_ifu_top/ipack_ibuf_pgflt[2:0],0,0.0,0.0,0.0,0.0,,0
x_aq_ifu_top/ipack_pcgen_reissue,0,0.0,0.0,0.0,0.0,,0
x_aq_ifu_top/ipack_pred_h0_create,32,0.0038498556304138597,4.169687499999999,2.8627911127457266,0.1875,0.25170116976082896,1
x_aq_ifu_top/ipack_pred_h0_vld,40,0.004812319538017324,3.994621000000001,2.7425953378010828,0.075,-0.1420883486000293,1
x_aq_ifu_top/ipack_pred_inst0[31:0],416,0.05004812319538017,5.054702884615385,3.470417985915519,0.17307692307692307,0.03215910887401232,23
x_aq_ifu_top/ipack_pred_inst0_expt,0,0.0,0.0,0.0,0.0,,0
x_aq_ifu_top/ipack_pred_inst0_vld,63,0.007579403272377286,4.3759796825396835,3.004425570196921,0.047619047619047616,-0.21070337202414371,1
x_aq_ifu_top/ipack_pred_inst1[15:0],276,0.03320500481231954,5.042544927536232,3.4620706717641965,0.15579710144927536,0.02280634819465097,12
x_aq_ifu_top/ipack_pred_inst1_expt,0,0.0,0.0,0.0,0.0,,0
x_aq_ifu_top/ipack_pred_inst1_vld,12,0.0014436958614051972,7.703283333333334,5.288859432662268,0.25,-0.22028122628722943,1
x_aq_ifu_top/ipack_pred_unalign,0,0.0,0.0,0.0,0.0,,0
x_aq_ifu_top/ipack_top_entry0_vld,40,0.004812319538017324,3.994621000000001,2.7425953378010828,0.075,-0.1420883486000293,1
x_aq_ifu_top/ipack_top_entry1_vld,63,0.007579403272377286,4.300090793650792,2.952322376212416,0.047619047619047616,-0.2131096216910108,1
x_aq_ifu_top/ipack_top_entry2_vld,63,0.007579403272377286,4.354582857142858,2.989735106802001,0.047619047619047616,-0.20451800414408555,1
x_aq_ifu_top/pcgen_btb_ifpc[39:0],917,0.11032242540904716,3.093852388222465,2.1241527383408028,0.05888767720828789,-0.21771823701603793,10
x_aq_ifu_top/pcgen_ctrl_chgflw_vld,82,0.009865255052935515,5.300953658536585,3.6394868974558605,0.0975609756097561,0.0946201892715048,1
x_aq_ifu_top/pcgen_ibuf_chgflw_vld,0,0.0,0.0,0.0,0.0,,0
x_aq_ifu_top/pcgen_icache_chgflw_vld,82,0.009865255052935515,5.300953658536585,3.6394868974558605,0.0975609756097561,0.0946201892715048,1
x_aq_ifu_top/pcgen_icache_seq_tag[33:0],69,0.008301251203079885,3.2070579710144926,2.2018765333087034,0.057971014492753624,-0.2186676255304659,6
x_aq_ifu_top/pcgen_icache_va[63:0],917,0.11032242540904716,3.093852388222465,2.1241527383408028,0.05888767720828789,-0.21771823701603793,10
x_aq_ifu_top/pcgen_pred_flush_vld,0,0.0,0.0,0.0,0.0,,0
x_aq_ifu_top/pcgen_pred_ifpc[39:0],871,0.10478825794032724,3.21137543053961,2.2048407805713928,0.060849598163030996,-0.2173978014218534,10
x_aq_ifu_top/pcgen_top_buf_chgflw,0,0.0,0.0,0.0,0.0,,0
x_aq_ifu_top/pred_btb_chgflw_vld,0,0.0,0.0,0.0,0.0,,0
x_aq_ifu_top/pred_btb_cur_pc[39:0],328,0.03946102021174206,5.166694268292684,3.5473081456446276,0.1524390243902439,-0.2547411331955872,9
x_aq_ifu_top/pred_btb_inst_vld,63,0.007579403272377286,4.3759796825396835,3.004425570196921,0.047619047619047616,-0.21070337202414371,1
x_aq_ifu_top/pred_btb_mis_pred,0,0.0,0.0,0.0,0.0,,0
x_aq_ifu_top/pred_btb_mis_predg,0,0.0,0.0,0.0,0.0,,0
x_aq_ifu_top/pred_btb_stall,38,0.004571703561116458,6.68022947368421,4.586459193492371,0.2894736842105263,-0.33014306398121307,1
x_aq_ifu_top/pred_btb_tar_pc[39:0],332,0.03994225216554379,5.222200963855421,3.5854174943080195,0.1566265060240964,-0.25530496838934424,10
x_aq_ifu_top/pred_btb_upd_vld,0,0.0,0.0,0.0,0.0,,0
x_aq_ifu_top/pred_btb_upd_vldg,0,0.0,0.0,0.0,0.0,,0
x_aq_ifu_top/pred_ctrl_stall,38,0.004571703561116458,6.68022947368421,4.586459193492371,0.2894736842105263,-0.33014306398121307,1
x_aq_ifu_top/pred_ibuf_br_taken0[1:0],0,0.0,0.0,0.0,0.0,,0
x_aq_ifu_top/pred_ibuf_br_taken1[1:0],0,0.0,0.0,0.0,0.0,,0
x_aq_ifu_top/pred_ibuf_chgflw_vld0,0,0.0,0.0,0.0,0.0,,0
x_aq_ifu_top/pred_ibuf_halt_info0[21:0],1,0.00012030798845043312,21.131999999999998,14.508641665482774,1.0,-0.18268400597289075,1
x_aq_ifu_top/pred_ibuf_halt_info1[21:0],1,0.00012030798845043312,21.131999999999998,14.508641665482774,1.0,-0.18268400597289075,1
x_aq_ifu_top/pred_ipack_chgflw_vld0,0,0.0,0.0,0.0,0.0,,0
x_aq_ifu_top/pred_ipack_delay_stall,0,0.0,0.0,0.0,0.0,,0
x_aq_ifu_top/pred_ipack_mask,0,0.0,0.0,0.0,0.0,,0
x_aq_ifu_top/pred_ipack_ret_stall,0,0.0,0.0,0.0,0.0,,0
x_aq_ifu_top/pred_pcgen_chgflw_pc[39:0],333,0.040062560153994224,5.237095255255255,3.5956434992664463,0.15615615615615616,-0.25400730944648064,9
x_aq_ifu_top/pred_pcgen_chgflw_vld,0,0.0,0.0,0.0,0.0,,0
x_aq_ifu_top/pred_pcgen_chgflw_vld_gate,0,0.0,0.0,0.0,0.0,,0
x_aq_ifu_top/pred_pcgen_curflw_pc[39:0],2,0.00024061597690086623,6.2285,4.276314339080989,0.5,0.032296446227579566,2
x_aq_ifu_top/pred_pcgen_curflw_vld,0,0.0,0.0,0.0,0.0,,0
x_aq_ifu_top/pred_pcgen_curflw_vld_gate,0,0.0,0.0,0.0,0.0,,0
x_aq_ifu_top/pred_top_delay_chgflw,0,0.0,0.0,0.0,0.0,,0
x_aq_ifu_top/pred_top_ras_st,2,0.00024061597690086623,9.861500000000001,6.770630786681734,1.0,0.038475543135534314,1
x_aq_ifu_top/vec_ctrl_reset_mask,2,0.00024061597690086623,11.2365,7.7146674273233575,0.5,0.1185252577644605,1
x_aq_ifu_top/vec_ibuf_warm_up,0,0.0,0.0,0.0,0.0,,0
x_aq_ifu_top/vec_pcgen_idle,1,0.00012030798845043312,11.921,8.184626031337315,0.0,-0.13668580272732608,1
x_aq_ifu_top/vec_pcgen_rst_vld,2,0.00024061597690086623,10.800999999999998,7.415665276778318,0.5,-0.01630321596436471,1
x_aq_ifu_top/vec_top_cur_st[1:0],5,0.0006015399422521655,7.5009999999999994,5.149977339238419,0.2,0.11157075150462756,2
x_aq_ifu_top/x_aq_ifu_btb/btb_pcgen_tar_pc[39:0],0,0.0,0.0,0.0,0.0,,0
x_aq_ifu_top/x_aq_ifu_btb/btb_pred_tar_pc[39:0],0,0.0,0.0,0.0,0.0,,0
x_aq_ifu_top/x_aq_ifu_btb/btb_pred_tar_vld,0,0.0,0.0,0.0,0.0,,0
x_aq_ifu_top/x_aq_ifu_btb/btb_xx_chgflw_vld,0,0.0,0.0,0.0,0.0,,0
x_aq_ifu_top/x_aq_ifu_btb/cp0_ifu_btb_clr,0,0.0,0.0,0.0,0.0,,0
x_aq_ifu_top/x_aq_ifu_btb/cp0_ifu_btb_en,1,0.00012030798845043312,10.639999999999999,7.305127168310463,0.0,-0.23435967716134284,1
x_aq_ifu_top/x_aq_ifu_btb/cp0_ifu_icg_en,0,0.0,0.0,0.0,0.0,,0
x_aq_ifu_top/x_aq_ifu_btb/cp0_yy_clk_en,1,0.00012030798845043312,21.131999999999998,14.508641665482774,1.0,-0.18268400597289075,1
x_aq_ifu_top/x_aq_ifu_btb/cpurst_b,3,0.0003609239653512993,11.372333333333332,7.807926804550378,0.3333333333333333,-0.0221134756398446,1
x_aq_ifu_top/x_aq_ifu_btb/ctrl_btb_chgflw_vld,82,0.009865255052935515,5.300953658536585,3.6394868974558605,0.0975609756097561,0.0946201892715048,1
x_aq_ifu_top/x_aq_ifu_btb/ctrl_btb_inst_fetch,49,0.005895091434071222,6.62230612244898,4.546690636463418,0.24489795918367346,0.23437006441083783,1
x_aq_ifu_top/x_aq_ifu_btb/ctrl_btb_stall,164,0.01973051010587103,9.262914268292683,6.359658522465744,0.2073170731707317,-0.6491025422332436,1
x_aq_ifu_top/x_aq_ifu_btb/forever_cpuclk,0,0.0,0.0,0.0,0.0,,0
x_aq_ifu_top/x_aq_ifu_btb/icache_btb_grant,25,0.0030076997112608275,6.594919999999999,4.527888088800192,0.28,0.047768691177007695,1
x_aq_ifu_top/x_aq_ifu_btb/iu_ifu_tar_pc_vld,0,0.0,0.0,0.0,0.0,,0
x_aq_ifu_top/x_aq_ifu_btb/iu_ifu_tar_pc_vld_gate,0,0.0,0.0,0.0,0.0,,0
x_aq_ifu_top/x_aq_ifu_btb/pad_yy_icg_scan_en,0,0.0,0.0,0.0,0.0,,0
x_aq_ifu_top/x_aq_ifu_btb/pcgen_btb_ifpc[39:0],917,0.11032242540904716,3.093852388222465,2.1241527383408028,0.05888767720828789,-0.21771823701603793,10
x_aq_ifu_top/x_aq_ifu_btb/pred_btb_chgflw_vld,0,0.0,0.0,0.0,0.0,,0
x_aq_ifu_top/x_aq_ifu_btb/pred_btb_cur_pc[39:0],328,0.03946102021174206,5.166694268292684,3.5473081456446276,0.1524390243902439,-0.2547411331955872,9
x_aq_ifu_top/x_aq_ifu_btb/pred_btb_inst_vld,63,0.007579403272377286,4.3759796825396835,3.004425570196921,0.047619047619047616,-0.21070337202414371,1
x_aq_ifu_top/x_aq_ifu_btb/pred_btb_mis_pred,0,0.0,0.0,0.0,0.0,,0
x_aq_ifu_top/x_aq_ifu_btb/pred_btb_mis_predg,0,0.0,0.0,0.0,0.0,,0
x_aq_ifu_top/x_aq_ifu_btb/pred_btb_stall,38,0.004571703561116458,6.68022947368421,4.586459193492371,0.2894736842105263,-0.33014306398121307,1
x_aq_ifu_top/x_aq_ifu_btb/pred_btb_tar_pc[39:0],332,0.03994225216554379,5.222200963855421,3.5854174943080195,0.1566265060240964,-0.25530496838934424,10
x_aq_ifu_top/x_aq_ifu_btb/pred_btb_upd_vld,0,0.0,0.0,0.0,0.0,,0
x_aq_ifu_top/x_aq_ifu_btb/pred_btb_upd_vldg,0,0.0,0.0,0.0,0.0,,0
x_aq_ifu_top/x_aq_ifu_btb/btb_chgflw_vld,0,0.0,0.0,0.0,0.0,,0
x_aq_ifu_top/x_aq_ifu_btb/btb_clk,0,0.0,0.0,0.0,0.0,,0
x_aq_ifu_top/x_aq_ifu_btb/btb_clr_one,0,0.0,0.0,0.0,0.0,,0
x_aq_ifu_top/x_aq_ifu_btb/btb_clr_oneg,0,0.0,0.0,0.0,0.0,,0
x_aq_ifu_top/x_aq_ifu_btb/btb_entry_clr[15:0],2,0.00024061597690086623,0.7169999999999987,0.49227219733821365,0.0,0.019866947321620504,1
x_aq_ifu_top/x_aq_ifu_btb/btb_entry_clrg[15:0],2,0.00024061597690086623,0.7169999999999987,0.49227219733821365,0.0,0.019866947321620504,1
x_aq_ifu_top/x_aq_ifu_btb/btb_entry_rd_hit[15:0],0,0.0,0.0,0.0,0.0,,0
x_aq_ifu_top/x_aq_ifu_btb/btb_entry_replace,0,0.0,0.0,0.0,0.0,,0
x_aq_ifu_top/x_aq_ifu_btb/btb_entry_replaceg,0,0.0,0.0,0.0,0.0,,0
x_aq_ifu_top/x_aq_ifu_btb/btb_entry_tgt_0[15:0],2,0.00024061597690086623,5.342999999999998,3.6683547425077814,0.0,-0.2504612964298085,4
x_aq_ifu_top/x_aq_ifu_btb/btb_entry_tgt_1[15:0],0,0.0,0.0,0.0,0.0,,0
x_aq_ifu_top/x_aq_ifu_btb/btb_entry_tgt_10[15:0],0,0.0,0.0,0.0,0.0,,0
x_aq_ifu_top/x_aq_ifu_btb/btb_entry_tgt_11[15:0],0,0.0,0.0,0.0,0.0,,0
x_aq_ifu_top/x_aq_ifu_btb/btb_entry_tgt_12[15:0],0,0.0,0.0,0.0,0.0,,0
x_aq_ifu_top/x_aq_ifu_btb/btb_entry_tgt_13[15:0],0,0.0,0.0,0.0,0.0,,0
x_aq_ifu_top/x_aq_ifu_btb/btb_entry_tgt_14[15:0],0,0.0,0.0,0.0,0.0,,0
x_aq_ifu_top/x_aq_ifu_btb/btb_entry_tgt_15[15:0],0,0.0,0.0,0.0,0.0,,0
x_aq_ifu_top/x_aq_ifu_btb/btb_entry_tgt_2[15:0],0,0.0,0.0,0.0,0.0,,0
x_aq_ifu_top/x_aq_ifu_btb/btb_entry_tgt_3[15:0],0,0.0,0.0,0.0,0.0,,0
x_aq_ifu_top/x_aq_ifu_btb/btb_entry_tgt_4[15:0],0,0.0,0.0,0.0,0.0,,0
x_aq_ifu_top/x_aq_ifu_btb/btb_entry_tgt_5[15:0],0,0.0,0.0,0.0,0.0,,0
x_aq_ifu_top/x_aq_ifu_btb/btb_entry_tgt_6[15:0],0,0.0,0.0,0.0,0.0,,0
x_aq_ifu_top/x_aq_ifu_btb/btb_entry_tgt_7[15:0],0,0.0,0.0,0.0,0.0,,0
x_aq_ifu_top/x_aq_ifu_btb/btb_entry_tgt_8[15:0],0,0.0,0.0,0.0,0.0,,0
x_aq_ifu_top/x_aq_ifu_btb/btb_entry_tgt_9[15:0],0,0.0,0.0,0.0,0.0,,0
x_aq_ifu_top/x_aq_ifu_btb/btb_entry_upd[15:0],0,0.0,0.0,0.0,0.0,,0
x_aq_ifu_top/x_aq_ifu_btb/btb_entry_upd_vld,0,0.0,0.0,0.0,0.0,,0
x_aq_ifu_top/x_aq_ifu_btb/btb_entry_upd_vldg,0,0.0,0.0,0.0,0.0,,0
x_aq_ifu_top/x_aq_ifu_btb/btb_entry_updg[15:0],0,0.0,0.0,0.0,0.0,,0
x_aq_ifu_top/x_aq_ifu_btb/btb_entry_wr_hit[15:0],0,0.0,0.0,0.0,0.0,,0
x_aq_ifu_top/x_aq_ifu_btb/btb_flop_vld,0,0.0,0.0,0.0,0.0,,0
x_aq_ifu_top/x_aq_ifu_btb/btb_icg_en,49,0.005895091434071222,6.62230612244898,4.546690636463418,0.24489795918367346,0.23437006441083783,1
x_aq_ifu_top/x_aq_ifu_btb/btb_rd_acc_tag[15:0],917,0.11032242540904716,3.093852388222465,2.1241527383408028,0.05888767720828789,-0.21771823701603793,10
x_aq_ifu_top/x_aq_ifu_btb/btb_rd_hit_vld,0,0.0,0.0,0.0,0.0,,0
x_aq_ifu_top/x_aq_ifu_btb/btb_tar_clk,0,0.0,0.0,0.0,0.0,,0
x_aq_ifu_top/x_aq_ifu_btb/btb_tar_icg_en,0,0.0,0.0,0.0,0.0,,0
x_aq_ifu_top/x_aq_ifu_btb/btb_upd_tag[15:0],328,0.03946102021174206,5.166694268292684,3.5473081456446276,0.1524390243902439,-0.2547411331955872,9
x_aq_ifu_top/x_aq_ifu_btb/btb_upd_tgt[15:0],332,0.03994225216554379,5.222200963855421,3.5854174943080195,0.1566265060240964,-0.25530496838934424,10
x_aq_ifu_top/x_aq_ifu_btb/btb_wr_acc_tag[15:0],328,0.03946102021174206,5.166694268292684,3.5473081456446276,0.1524390243902439,-0.2547411331955872,9
x_aq_ifu_top/x_aq_ifu_btb/btb_wr_hit_vld,0,0.0,0.0,0.0,0.0,,0
x_aq_ifu_top/x_aq_ifu_btb/x_btb_icg_cell/clk_in,0,0.0,0.0,0.0,0.0,,0
x_aq_ifu_top/x_aq_ifu_btb/x_btb_icg_cell/global_en,1,0.00012030798845043312,21.131999999999998,14.508641665482774,1.0,-0.18268400597289075,1
x_aq_ifu_top/x_aq_ifu_btb/x_btb_icg_cell/module_en,0,0.0,0.0,0.0,0.0,,0
x_aq_ifu_top/x_aq_ifu_btb/x_btb_icg_cell/local_en,49,0.005895091434071222,6.62230612244898,4.546690636463418,0.24489795918367346,0.23437006441083783,1
x_aq_ifu_top/x_aq_ifu_btb/x_btb_icg_cell/external_en,0,0.0,0.0,0.0,0.0,,0
x_aq_ifu_top/x_aq_ifu_btb/x_btb_icg_cell/pad_yy_icg_scan_en,0,0.0,0.0,0.0,0.0,,0
x_aq_ifu_top/x_aq_ifu_btb/x_btb_icg_cell/clk_out,0,0.0,0.0,0.0,0.0,,0
x_aq_ifu_top/x_aq_ifu_btb/x_btb_icg_cell/clk_en_bf_latch,49,0.005895091434071222,6.62230612244898,4.546690636463418,0.24489795918367346,0.23437006441083783,1
x_aq_ifu_top/x_aq_ifu_btb/x_btb_icg_cell/SE,0,0.0,0.0,0.0,0.0,,0
x_aq_ifu_top/x_aq_ifu_btb/x_ifu_btb_tar_icg_cell/clk_in,0,0.0,0.0,0.0,0.0,,0
x_aq_ifu_top/x_aq_ifu_btb/x_ifu_btb_tar_icg_cell/global_en,1,0.00012030798845043312,21.131999999999998,14.508641665482774,1.0,-0.18268400597289075,1
x_aq_ifu_top/x_aq_ifu_btb/x_ifu_btb_tar_icg_cell/module_en,0,0.0,0.0,0.0,0.0,,0
x_aq_ifu_top/x_aq_ifu_btb/x_ifu_btb_tar_icg_cell/local_en,0,0.0,0.0,0.0,0.0,,0
x_aq_ifu_top/x_aq_ifu_btb/x_ifu_btb_tar_icg_cell/external_en,0,0.0,0.0,0.0,0.0,,0
x_aq_ifu_top/x_aq_ifu_btb/x_ifu_btb_tar_icg_cell/pad_yy_icg_scan_en,0,0.0,0.0,0.0,0.0,,0
x_aq_ifu_top/x_aq_ifu_btb/x_ifu_btb_tar_icg_cell/clk_out,0,0.0,0.0,0.0,0.0,,0
x_aq_ifu_top/x_aq_ifu_btb/x_ifu_btb_tar_icg_cell/clk_en_bf_latch,0,0.0,0.0,0.0,0.0,,0
x_aq_ifu_top/x_aq_ifu_btb/x_ifu_btb_tar_icg_cell/SE,0,0.0,0.0,0.0,0.0,,0
x_aq_ifu_top/x_aq_ifu_btb/x_aq_ifu_btb_entry0/btb_entry_clr_x,0,0.0,0.0,0.0,0.0,,0
x_aq_ifu_top/x_aq_ifu_btb/x_aq_ifu_btb_entry0/btb_entry_clrg_x,0,0.0,0.0,0.0,0.0,,0
x_aq_ifu_top/x_aq_ifu_btb/x_aq_ifu_btb_entry0/btb_entry_rd_hit_x,0,0.0,0.0,0.0,0.0,,0
x_aq_ifu_top/x_aq_ifu_btb/x_aq_ifu_btb_entry0/btb_entry_tgt_y[15:0],2,0.00024061597690086623,5.342999999999998,3.6683547425077814,0.0,-0.2504612964298085,4
x_aq_ifu_top/x_aq_ifu_btb/x_aq_ifu_btb_entry0/btb_entry_upd_x,0,0.0,0.0,0.0,0.0,,0
x_aq_ifu_top/x_aq_ifu_btb/x_aq_ifu_btb_entry0/btb_entry_updg_x,0,0.0,0.0,0.0,0.0,,0
x_aq_ifu_top/x_aq_ifu_btb/x_aq_ifu_btb_entry0/btb_entry_wr_hit_x,0,0.0,0.0,0.0,0.0,,0
x_aq_ifu_top/x_aq_ifu_btb/x_aq_ifu_btb_entry0/btb_rd_acc_tag[15:0],917,0.11032242540904716,3.093852388222465,2.1241527383408028,0.05888767720828789,-0.21771823701603793,10
x_aq_ifu_top/x_aq_ifu_btb/x_aq_ifu_btb_entry0/btb_upd_tag[15:0],328,0.03946102021174206,5.166694268292684,3.5473081456446276,0.1524390243902439,-0.2547411331955872,9
x_aq_ifu_top/x_aq_ifu_btb/x_aq_ifu_btb_entry0/btb_upd_tgt[15:0],332,0.03994225216554379,5.222200963855421,3.5854174943080195,0.1566265060240964,-0.25530496838934424,10
x_aq_ifu_top/x_aq_ifu_btb/x_aq_ifu_btb_entry0/btb_wr_acc_tag[15:0],328,0.03946102021174206,5.166694268292684,3.5473081456446276,0.1524390243902439,-0.2547411331955872,9
x_aq_ifu_top/x_aq_ifu_btb/x_aq_ifu_btb_entry0/cp0_ifu_icg_en,0,0.0,0.0,0.0,0.0,,0
x_aq_ifu_top/x_aq_ifu_btb/x_aq_ifu_btb_entry0/cp0_yy_clk_en,1,0.00012030798845043312,21.131999999999998,14.508641665482774,1.0,-0.18268400597289075,1
x_aq_ifu_top/x_aq_ifu_btb/x_aq_ifu_btb_entry0/cpurst_b,3,0.0003609239653512993,11.372333333333332,7.807926804550378,0.3333333333333333,-0.0221134756398446,1
x_aq_ifu_top/x_aq_ifu_btb/x_aq_ifu_btb_entry0/forever_cpuclk,0,0.0,0.0,0.0,0.0,,0
x_aq_ifu_top/x_aq_ifu_btb/x_aq_ifu_btb_entry0/pad_yy_icg_scan_en,0,0.0,0.0,0.0,0.0,,0
x_aq_ifu_top/x_aq_ifu_btb/x_aq_ifu_btb_entry0/btb_entry_clk,0,0.0,0.0,0.0,0.0,,0
x_aq_ifu_top/x_aq_ifu_btb/x_aq_ifu_btb_entry0/btb_rd_hit,0,0.0,0.0,0.0,0.0,,0
x_aq_ifu_top/x_aq_ifu_btb/x_aq_ifu_btb_entry0/btb_wr_hit,0,0.0,0.0,0.0,0.0,,0
x_aq_ifu_top/x_aq_ifu_btb/x_aq_ifu_btb_entry0/entry_clk_en,0,0.0,0.0,0.0,0.0,,0
x_aq_ifu_top/x_aq_ifu_btb/x_aq_ifu_btb_entry0/x_btb_entry_icg_cell/clk_in,0,0.0,0.0,0.0,0.0,,0
x_aq_ifu_top/x_aq_ifu_btb/x_aq_ifu_btb_entry0/x_btb_entry_icg_cell/global_en,1,0.00012030798845043312,21.131999999999998,14.508641665482774,1.0,-0.18268400597289075,1
x_aq_ifu_top/x_aq_ifu_btb/x_aq_ifu_btb_entry0/x_btb_entry_icg_cell/module_en,0,0.0,0.0,0.0,0.0,,0
x_aq_ifu_top/x_aq_ifu_btb/x_aq_ifu_btb_entry0/x_btb_entry_icg_cell/local_en,0,0.0,0.0,0.0,0.0,,0
x_aq_ifu_top/x_aq_ifu_btb/x_aq_ifu_btb_entry0/x_btb_entry_icg_cell/external_en,0,0.0,0.0,0.0,0.0,,0
x_aq_ifu_top/x_aq_ifu_btb/x_aq_ifu_btb_entry0/x_btb_entry_icg_cell/pad_yy_icg_scan_en,0,0.0,0.0,0.0,0.0,,0
x_aq_ifu_top/x_aq_ifu_btb/x_aq_ifu_btb_entry0/x_btb_entry_icg_cell/clk_out,0,0.0,0.0,0.0,0.0,,0
x_aq_ifu_top/x_aq_ifu_btb/x_aq_ifu_btb_entry0/x_btb_entry_icg_cell/clk_en_bf_latch,0,0.0,0.0,0.0,0.0,,0
x_aq_ifu_top/x_aq_ifu_btb/x_aq_ifu_btb_entry0/x_btb_entry_icg_cell/SE,0,0.0,0.0,0.0,0.0,,0
x_aq_ifu_top/x_aq_ifu_btb/x_aq_ifu_btb_entry1/btb_entry_clr_x,0,0.0,0.0,0.0,0.0,,0
x_aq_ifu_top/x_aq_ifu_btb/x_aq_ifu_btb_entry1/btb_entry_clrg_x,0,0.0,0.0,0.0,0.0,,0
x_aq_ifu_top/x_aq_ifu_btb/x_aq_ifu_btb_entry1/btb_entry_rd_hit_x,0,0.0,0.0,0.0,0.0,,0
x_aq_ifu_top/x_aq_ifu_btb/x_aq_ifu_btb_entry1/btb_entry_tgt_y[15:0],0,0.0,0.0,0.0,0.0,,0
x_aq_ifu_top/x_aq_ifu_btb/x_aq_ifu_btb_entry1/btb_entry_upd_x,0,0.0,0.0,0.0,0.0,,0
x_aq_ifu_top/x_aq_ifu_btb/x_aq_ifu_btb_entry1/btb_entry_updg_x,0,0.0,0.0,0.0,0.0,,0
x_aq_ifu_top/x_aq_ifu_btb/x_aq_ifu_btb_entry1/btb_entry_wr_hit_x,0,0.0,0.0,0.0,0.0,,0
x_aq_ifu_top/x_aq_ifu_btb/x_aq_ifu_btb_entry1/btb_rd_acc_tag[15:0],917,0.11032242540904716,3.093852388222465,2.1241527383408028,0.05888767720828789,-0.21771823701603793,10
x_aq_ifu_top/x_aq_ifu_btb/x_aq_ifu_btb_entry1/btb_upd_tag[15:0],328,0.03946102021174206,5.166694268292684,3.5473081456446276,0.1524390243902439,-0.2547411331955872,9
x_aq_ifu_top/x_aq_ifu_btb/x_aq_ifu_btb_entry1/btb_upd_tgt[15:0],332,0.03994225216554379,5.222200963855421,3.5854174943080195,0.1566265060240964,-0.25530496838934424,10
x_aq_ifu_top/x_aq_ifu_btb/x_aq_ifu_btb_entry1/btb_wr_acc_tag[15:0],328,0.03946102021174206,5.166694268292684,3.5473081456446276,0.1524390243902439,-0.2547411331955872,9
x_aq_ifu_top/x_aq_ifu_btb/x_aq_ifu_btb_entry1/cp0_ifu_icg_en,0,0.0,0.0,0.0,0.0,,0
x_aq_ifu_top/x_aq_ifu_btb/x_aq_ifu_btb_entry1/cp0_yy_clk_en,1,0.00012030798845043312,21.131999999999998,14.508641665482774,1.0,-0.18268400597289075,1
x_aq_ifu_top/x_aq_ifu_btb/x_aq_ifu_btb_entry1/cpurst_b,3,0.0003609239653512993,11.372333333333332,7.807926804550378,0.3333333333333333,-0.0221134756398446,1
x_aq_ifu_top/x_aq_ifu_btb/x_aq_ifu_btb_entry1/forever_cpuclk,0,0.0,0.0,0.0,0.0,,0
x_aq_ifu_top/x_aq_ifu_btb/x_aq_ifu_btb_entry1/pad_yy_icg_scan_en,0,0.0,0.0,0.0,0.0,,0
x_aq_ifu_top/x_aq_ifu_btb/x_aq_ifu_btb_entry1/btb_entry_clk,0,0.0,0.0,0.0,0.0,,0
x_aq_ifu_top/x_aq_ifu_btb/x_aq_ifu_btb_entry1/btb_rd_hit,0,0.0,0.0,0.0,0.0,,0
x_aq_ifu_top/x_aq_ifu_btb/x_aq_ifu_btb_entry1/btb_wr_hit,0,0.0,0.0,0.0,0.0,,0
x_aq_ifu_top/x_aq_ifu_btb/x_aq_ifu_btb_entry1/entry_clk_en,0,0.0,0.0,0.0,0.0,,0
x_aq_ifu_top/x_aq_ifu_btb/x_aq_ifu_btb_entry1/x_btb_entry_icg_cell/clk_in,0,0.0,0.0,0.0,0.0,,0
x_aq_ifu_top/x_aq_ifu_btb/x_aq_ifu_btb_entry1/x_btb_entry_icg_cell/global_en,1,0.00012030798845043312,21.131999999999998,14.508641665482774,1.0,-0.18268400597289075,1
x_aq_ifu_top/x_aq_ifu_btb/x_aq_ifu_btb_entry1/x_btb_entry_icg_cell/module_en,0,0.0,0.0,0.0,0.0,,0
x_aq_ifu_top/x_aq_ifu_btb/x_aq_ifu_btb_entry1/x_btb_entry_icg_cell/local_en,0,0.0,0.0,0.0,0.0,,0
x_aq_ifu_top/x_aq_ifu_btb/x_aq_ifu_btb_entry1/x_btb_entry_icg_cell/external_en,0,0.0,0.0,0.0,0.0,,0
x_aq_ifu_top/x_aq_ifu_btb/x_aq_ifu_btb_entry1/x_btb_entry_icg_cell/pad_yy_icg_scan_en,0,0.0,0.0,0.0,0.0,,0
x_aq_ifu_top/x_aq_ifu_btb/x_aq_ifu_btb_entry1/x_btb_entry_icg_cell/clk_out,0,0.0,0.0,0.0,0.0,,0
x_aq_ifu_top/x_aq_ifu_btb/x_aq_ifu_btb_entry1/x_btb_entry_icg_cell/clk_en_bf_latch,0,0.0,0.0,0.0,0.0,,0
x_aq_ifu_top/x_aq_ifu_btb/x_aq_ifu_btb_entry1/x_btb_entry_icg_cell/SE,0,0.0,0.0,0.0,0.0,,0
x_aq_ifu_top/x_aq_ifu_btb/x_aq_ifu_btb_entry2/btb_entry_clr_x,0,0.0,0.0,0.0,0.0,,0
x_aq_ifu_top/x_aq_ifu_btb/x_aq_ifu_btb_entry2/btb_entry_clrg_x,0,0.0,0.0,0.0,0.0,,0
x_aq_ifu_top/x_aq_ifu_btb/x_aq_ifu_btb_entry2/btb_entry_rd_hit_x,0,0.0,0.0,0.0,0.0,,0
x_aq_ifu_top/x_aq_ifu_btb/x_aq_ifu_btb_entry2/btb_entry_tgt_y[15:0],0,0.0,0.0,0.0,0.0,,0
x_aq_ifu_top/x_aq_ifu_btb/x_aq_ifu_btb_entry2/btb_entry_upd_x,0,0.0,0.0,0.0,0.0,,0
x_aq_ifu_top/x_aq_ifu_btb/x_aq_ifu_btb_entry2/btb_entry_updg_x,0,0.0,0.0,0.0,0.0,,0
x_aq_ifu_top/x_aq_ifu_btb/x_aq_ifu_btb_entry2/btb_entry_wr_hit_x,0,0.0,0.0,0.0,0.0,,0
x_aq_ifu_top/x_aq_ifu_btb/x_aq_ifu_btb_entry2/btb_rd_acc_tag[15:0],917,0.11032242540904716,3.093852388222465,2.1241527383408028,0.05888767720828789,-0.21771823701603793,10
x_aq_ifu_top/x_aq_ifu_btb/x_aq_ifu_btb_entry2/btb_upd_tag[15:0],328,0.03946102021174206,5.166694268292684,3.5473081456446276,0.1524390243902439,-0.2547411331955872,9
x_aq_ifu_top/x_aq_ifu_btb/x_aq_ifu_btb_entry2/btb_upd_tgt[15:0],332,0.03994225216554379,5.222200963855421,3.5854174943080195,0.1566265060240964,-0.25530496838934424,10
x_aq_ifu_top/x_aq_ifu_btb/x_aq_ifu_btb_entry2/btb_wr_acc_tag[15:0],328,0.03946102021174206,5.166694268292684,3.5473081456446276,0.1524390243902439,-0.2547411331955872,9
x_aq_ifu_top/x_aq_ifu_btb/x_aq_ifu_btb_entry2/cp0_ifu_icg_en,0,0.0,0.0,0.0,0.0,,0
x_aq_ifu_top/x_aq_ifu_btb/x_aq_ifu_btb_entry2/cp0_yy_clk_en,1,0.00012030798845043312,21.131999999999998,14.508641665482774,1.0,-0.18268400597289075,1
x_aq_ifu_top/x_aq_ifu_btb/x_aq_ifu_btb_entry2/cpurst_b,3,0.0003609239653512993,11.372333333333332,7.807926804550378,0.3333333333333333,-0.0221134756398446,1
x_aq_ifu_top/x_aq_ifu_btb/x_aq_ifu_btb_entry2/forever_cpuclk,0,0.0,0.0,0.0,0.0,,0
x_aq_ifu_top/x_aq_ifu_btb/x_aq_ifu_btb_entry2/pad_yy_icg_scan_en,0,0.0,0.0,0.0,0.0,,0
x_aq_ifu_top/x_aq_ifu_btb/x_aq_ifu_btb_entry2/btb_entry_clk,0,0.0,0.0,0.0,0.0,,0
x_aq_ifu_top/x_aq_ifu_btb/x_aq_ifu_btb_entry2/btb_rd_hit,0,0.0,0.0,0.0,0.0,,0
x_aq_ifu_top/x_aq_ifu_btb/x_aq_ifu_btb_entry2/btb_wr_hit,0,0.0,0.0,0.0,0.0,,0
x_aq_ifu_top/x_aq_ifu_btb/x_aq_ifu_btb_entry2/entry_clk_en,0,0.0,0.0,0.0,0.0,,0
x_aq_ifu_top/x_aq_ifu_btb/x_aq_ifu_btb_entry2/x_btb_entry_icg_cell/clk_in,0,0.0,0.0,0.0,0.0,,0
x_aq_ifu_top/x_aq_ifu_btb/x_aq_ifu_btb_entry2/x_btb_entry_icg_cell/global_en,1,0.00012030798845043312,21.131999999999998,14.508641665482774,1.0,-0.18268400597289075,1
x_aq_ifu_top/x_aq_ifu_btb/x_aq_ifu_btb_entry2/x_btb_entry_icg_cell/module_en,0,0.0,0.0,0.0,0.0,,0
x_aq_ifu_top/x_aq_ifu_btb/x_aq_ifu_btb_entry2/x_btb_entry_icg_cell/local_en,0,0.0,0.0,0.0,0.0,,0
x_aq_ifu_top/x_aq_ifu_btb/x_aq_ifu_btb_entry2/x_btb_entry_icg_cell/external_en,0,0.0,0.0,0.0,0.0,,0
x_aq_ifu_top/x_aq_ifu_btb/x_aq_ifu_btb_entry2/x_btb_entry_icg_cell/pad_yy_icg_scan_en,0,0.0,0.0,0.0,0.0,,0
x_aq_ifu_top/x_aq_ifu_btb/x_aq_ifu_btb_entry2/x_btb_entry_icg_cell/clk_out,0,0.0,0.0,0.0,0.0,,0
x_aq_ifu_top/x_aq_ifu_btb/x_aq_ifu_btb_entry2/x_btb_entry_icg_cell/clk_en_bf_latch,0,0.0,0.0,0.0,0.0,,0
x_aq_ifu_top/x_aq_ifu_btb/x_aq_ifu_btb_entry2/x_btb_entry_icg_cell/SE,0,0.0,0.0,0.0,0.0,,0
x_aq_ifu_top/x_aq_ifu_btb/x_aq_ifu_btb_entry3/btb_entry_clr_x,0,0.0,0.0,0.0,0.0,,0
x_aq_ifu_top/x_aq_ifu_btb/x_aq_ifu_btb_entry3/btb_entry_clrg_x,0,0.0,0.0,0.0,0.0,,0
x_aq_ifu_top/x_aq_ifu_btb/x_aq_ifu_btb_entry3/btb_entry_rd_hit_x,0,0.0,0.0,0.0,0.0,,0
x_aq_ifu_top/x_aq_ifu_btb/x_aq_ifu_btb_entry3/btb_entry_tgt_y[15:0],0,0.0,0.0,0.0,0.0,,0
x_aq_ifu_top/x_aq_ifu_btb/x_aq_ifu_btb_entry3/btb_entry_upd_x,0,0.0,0.0,0.0,0.0,,0
x_aq_ifu_top/x_aq_ifu_btb/x_aq_ifu_btb_entry3/btb_entry_updg_x,0,0.0,0.0,0.0,0.0,,0
x_aq_ifu_top/x_aq_ifu_btb/x_aq_ifu_btb_entry3/btb_entry_wr_hit_x,0,0.0,0.0,0.0,0.0,,0
x_aq_ifu_top/x_aq_ifu_btb/x_aq_ifu_btb_entry3/btb_rd_acc_tag[15:0],917,0.11032242540904716,3.093852388222465,2.1241527383408028,0.05888767720828789,-0.21771823701603793,10
x_aq_ifu_top/x_aq_ifu_btb/x_aq_ifu_btb_entry3/btb_upd_tag[15:0],328,0.03946102021174206,5.166694268292684,3.5473081456446276,0.1524390243902439,-0.2547411331955872,9
x_aq_ifu_top/x_aq_ifu_btb/x_aq_ifu_btb_entry3/btb_upd_tgt[15:0],332,0.03994225216554379,5.222200963855421,3.5854174943080195,0.1566265060240964,-0.25530496838934424,10
x_aq_ifu_top/x_aq_ifu_btb/x_aq_ifu_btb_entry3/btb_wr_acc_tag[15:0],328,0.03946102021174206,5.166694268292684,3.5473081456446276,0.1524390243902439,-0.2547411331955872,9
x_aq_ifu_top/x_aq_ifu_btb/x_aq_ifu_btb_entry3/cp0_ifu_icg_en,0,0.0,0.0,0.0,0.0,,0
x_aq_ifu_top/x_aq_ifu_btb/x_aq_ifu_btb_entry3/cp0_yy_clk_en,1,0.00012030798845043312,21.131999999999998,14.508641665482774,1.0,-0.18268400597289075,1
x_aq_ifu_top/x_aq_ifu_btb/x_aq_ifu_btb_entry3/cpurst_b,3,0.0003609239653512993,11.372333333333332,7.807926804550378,0.3333333333333333,-0.0221134756398446,1
x_aq_ifu_top/x_aq_ifu_btb/x_aq_ifu_btb_entry3/forever_cpuclk,0,0.0,0.0,0.0,0.0,,0
x_aq_ifu_top/x_aq_ifu_btb/x_aq_ifu_btb_entry3/pad_yy_icg_scan_en,0,0.0,0.0,0.0,0.0,,0
x_aq_ifu_top/x_aq_ifu_btb/x_aq_ifu_btb_entry3/btb_entry_clk,0,0.0,0.0,0.0,0.0,,0
x_aq_ifu_top/x_aq_ifu_btb/x_aq_ifu_btb_entry3/btb_rd_hit,0,0.0,0.0,0.0,0.0,,0
x_aq_ifu_top/x_aq_ifu_btb/x_aq_ifu_btb_entry3/btb_wr_hit,0,0.0,0.0,0.0,0.0,,0
x_aq_ifu_top/x_aq_ifu_btb/x_aq_ifu_btb_entry3/entry_clk_en,0,0.0,0.0,0.0,0.0,,0
x_aq_ifu_top/x_aq_ifu_btb/x_aq_ifu_btb_entry3/x_btb_entry_icg_cell/clk_in,0,0.0,0.0,0.0,0.0,,0
x_aq_ifu_top/x_aq_ifu_btb/x_aq_ifu_btb_entry3/x_btb_entry_icg_cell/global_en,1,0.00012030798845043312,21.131999999999998,14.508641665482774,1.0,-0.18268400597289075,1
x_aq_ifu_top/x_aq_ifu_btb/x_aq_ifu_btb_entry3/x_btb_entry_icg_cell/module_en,0,0.0,0.0,0.0,0.0,,0
x_aq_ifu_top/x_aq_ifu_btb/x_aq_ifu_btb_entry3/x_btb_entry_icg_cell/local_en,0,0.0,0.0,0.0,0.0,,0
x_aq_ifu_top/x_aq_ifu_btb/x_aq_ifu_btb_entry3/x_btb_entry_icg_cell/external_en,0,0.0,0.0,0.0,0.0,,0
x_aq_ifu_top/x_aq_ifu_btb/x_aq_ifu_btb_entry3/x_btb_entry_icg_cell/pad_yy_icg_scan_en,0,0.0,0.0,0.0,0.0,,0
x_aq_ifu_top/x_aq_ifu_btb/x_aq_ifu_btb_entry3/x_btb_entry_icg_cell/clk_out,0,0.0,0.0,0.0,0.0,,0
x_aq_ifu_top/x_aq_ifu_btb/x_aq_ifu_btb_entry3/x_btb_entry_icg_cell/clk_en_bf_latch,0,0.0,0.0,0.0,0.0,,0
x_aq_ifu_top/x_aq_ifu_btb/x_aq_ifu_btb_entry3/x_btb_entry_icg_cell/SE,0,0.0,0.0,0.0,0.0,,0
x_aq_ifu_top/x_aq_ifu_btb/x_aq_ifu_btb_entry4/btb_entry_clr_x,0,0.0,0.0,0.0,0.0,,0
x_aq_ifu_top/x_aq_ifu_btb/x_aq_ifu_btb_entry4/btb_entry_clrg_x,0,0.0,0.0,0.0,0.0,,0
x_aq_ifu_top/x_aq_ifu_btb/x_aq_ifu_btb_entry4/btb_entry_rd_hit_x,0,0.0,0.0,0.0,0.0,,0
x_aq_ifu_top/x_aq_ifu_btb/x_aq_ifu_btb_entry4/btb_entry_tgt_y[15:0],0,0.0,0.0,0.0,0.0,,0
x_aq_ifu_top/x_aq_ifu_btb/x_aq_ifu_btb_entry4/btb_entry_upd_x,0,0.0,0.0,0.0,0.0,,0
x_aq_ifu_top/x_aq_ifu_btb/x_aq_ifu_btb_entry4/btb_entry_updg_x,0,0.0,0.0,0.0,0.0,,0
x_aq_ifu_top/x_aq_ifu_btb/x_aq_ifu_btb_entry4/btb_entry_wr_hit_x,0,0.0,0.0,0.0,0.0,,0
x_aq_ifu_top/x_aq_ifu_btb/x_aq_ifu_btb_entry4/btb_rd_acc_tag[15:0],917,0.11032242540904716,3.093852388222465,2.1241527383408028,0.05888767720828789,-0.21771823701603793,10
x_aq_ifu_top/x_aq_ifu_btb/x_aq_ifu_btb_entry4/btb_upd_tag[15:0],328,0.03946102021174206,5.166694268292684,3.5473081456446276,0.1524390243902439,-0.2547411331955872,9
x_aq_ifu_top/x_aq_ifu_btb/x_aq_ifu_btb_entry4/btb_upd_tgt[15:0],332,0.03994225216554379,5.222200963855421,3.5854174943080195,0.1566265060240964,-0.25530496838934424,10
x_aq_ifu_top/x_aq_ifu_btb/x_aq_ifu_btb_entry4/btb_wr_acc_tag[15:0],328,0.03946102021174206,5.166694268292684,3.5473081456446276,0.1524390243902439,-0.2547411331955872,9
x_aq_ifu_top/x_aq_ifu_btb/x_aq_ifu_btb_entry4/cp0_ifu_icg_en,0,0.0,0.0,0.0,0.0,,0
x_aq_ifu_top/x_aq_ifu_btb/x_aq_ifu_btb_entry4/cp0_yy_clk_en,1,0.00012030798845043312,21.131999999999998,14.508641665482774,1.0,-0.18268400597289075,1
x_aq_ifu_top/x_aq_ifu_btb/x_aq_ifu_btb_entry4/cpurst_b,3,0.0003609239653512993,11.372333333333332,7.807926804550378,0.3333333333333333,-0.0221134756398446,1
x_aq_ifu_top/x_aq_ifu_btb/x_aq_ifu_btb_entry4/forever_cpuclk,0,0.0,0.0,0.0,0.0,,0
x_aq_ifu_top/x_aq_ifu_btb/x_aq_ifu_btb_entry4/pad_yy_icg_scan_en,0,0.0,0.0,0.0,0.0,,0
x_aq_ifu_top/x_aq_ifu_btb/x_aq_ifu_btb_entry4/btb_entry_clk,0,0.0,0.0,0.0,0.0,,0
x_aq_ifu_top/x_aq_ifu_btb/x_aq_ifu_btb_entry4/btb_rd_hit,0,0.0,0.0,0.0,0.0,,0
x_aq_ifu_top/x_aq_ifu_btb/x_aq_ifu_btb_entry4/btb_wr_hit,0,0.0,0.0,0.0,0.0,,0
x_aq_ifu_top/x_aq_ifu_btb/x_aq_ifu_btb_entry4/entry_clk_en,0,0.0,0.0,0.0,0.0,,0
x_aq_ifu_top/x_aq_ifu_btb/x_aq_ifu_btb_entry4/x_btb_entry_icg_cell/clk_in,0,0.0,0.0,0.0,0.0,,0
x_aq_ifu_top/x_aq_ifu_btb/x_aq_ifu_btb_entry4/x_btb_entry_icg_cell/global_en,1,0.00012030798845043312,21.131999999999998,14.508641665482774,1.0,-0.18268400597289075,1
x_aq_ifu_top/x_aq_ifu_btb/x_aq_ifu_btb_entry4/x_btb_entry_icg_cell/module_en,0,0.0,0.0,0.0,0.0,,0
x_aq_ifu_top/x_aq_ifu_btb/x_aq_ifu_btb_entry4/x_btb_entry_icg_cell/local_en,0,0.0,0.0,0.0,0.0,,0
x_aq_ifu_top/x_aq_ifu_btb/x_aq_ifu_btb_entry4/x_btb_entry_icg_cell/external_en,0,0.0,0.0,0.0,0.0,,0
x_aq_ifu_top/x_aq_ifu_btb/x_aq_ifu_btb_entry4/x_btb_entry_icg_cell/pad_yy_icg_scan_en,0,0.0,0.0,0.0,0.0,,0
x_aq_ifu_top/x_aq_ifu_btb/x_aq_ifu_btb_entry4/x_btb_entry_icg_cell/clk_out,0,0.0,0.0,0.0,0.0,,0
x_aq_ifu_top/x_aq_ifu_btb/x_aq_ifu_btb_entry4/x_btb_entry_icg_cell/clk_en_bf_latch,0,0.0,0.0,0.0,0.0,,0
x_aq_ifu_top/x_aq_ifu_btb/x_aq_ifu_btb_entry4/x_btb_entry_icg_cell/SE,0,0.0,0.0,0.0,0.0,,0
x_aq_ifu_top/x_aq_ifu_btb/x_aq_ifu_btb_entry5/btb_entry_clr_x,0,0.0,0.0,0.0,0.0,,0
x_aq_ifu_top/x_aq_ifu_btb/x_aq_ifu_btb_entry5/btb_entry_clrg_x,0,0.0,0.0,0.0,0.0,,0
x_aq_ifu_top/x_aq_ifu_btb/x_aq_ifu_btb_entry5/btb_entry_rd_hit_x,0,0.0,0.0,0.0,0.0,,0
x_aq_ifu_top/x_aq_ifu_btb/x_aq_ifu_btb_entry5/btb_entry_tgt_y[15:0],0,0.0,0.0,0.0,0.0,,0
x_aq_ifu_top/x_aq_ifu_btb/x_aq_ifu_btb_entry5/btb_entry_upd_x,0,0.0,0.0,0.0,0.0,,0
x_aq_ifu_top/x_aq_ifu_btb/x_aq_ifu_btb_entry5/btb_entry_updg_x,0,0.0,0.0,0.0,0.0,,0
x_aq_ifu_top/x_aq_ifu_btb/x_aq_ifu_btb_entry5/btb_entry_wr_hit_x,0,0.0,0.0,0.0,0.0,,0
x_aq_ifu_top/x_aq_ifu_btb/x_aq_ifu_btb_entry5/btb_rd_acc_tag[15:0],917,0.11032242540904716,3.093852388222465,2.1241527383408028,0.05888767720828789,-0.21771823701603793,10
x_aq_ifu_top/x_aq_ifu_btb/x_aq_ifu_btb_entry5/btb_upd_tag[15:0],328,0.03946102021174206,5.166694268292684,3.5473081456446276,0.1524390243902439,-0.2547411331955872,9
x_aq_ifu_top/x_aq_ifu_btb/x_aq_ifu_btb_entry5/btb_upd_tgt[15:0],332,0.03994225216554379,5.222200963855421,3.5854174943080195,0.1566265060240964,-0.25530496838934424,10
x_aq_ifu_top/x_aq_ifu_btb/x_aq_ifu_btb_entry5/btb_wr_acc_tag[15:0],328,0.03946102021174206,5.166694268292684,3.5473081456446276,0.1524390243902439,-0.2547411331955872,9
x_aq_ifu_top/x_aq_ifu_btb/x_aq_ifu_btb_entry5/cp0_ifu_icg_en,0,0.0,0.0,0.0,0.0,,0
x_aq_ifu_top/x_aq_ifu_btb/x_aq_ifu_btb_entry5/cp0_yy_clk_en,1,0.00012030798845043312,21.131999999999998,14.508641665482774,1.0,-0.18268400597289075,1
x_aq_ifu_top/x_aq_ifu_btb/x_aq_ifu_btb_entry5/cpurst_b,3,0.0003609239653512993,11.372333333333332,7.807926804550378,0.3333333333333333,-0.0221134756398446,1
x_aq_ifu_top/x_aq_ifu_btb/x_aq_ifu_btb_entry5/forever_cpuclk,0,0.0,0.0,0.0,0.0,,0
x_aq_ifu_top/x_aq_ifu_btb/x_aq_ifu_btb_entry5/pad_yy_icg_scan_en,0,0.0,0.0,0.0,0.0,,0
x_aq_ifu_top/x_aq_ifu_btb/x_aq_ifu_btb_entry5/btb_entry_clk,0,0.0,0.0,0.0,0.0,,0
x_aq_ifu_top/x_aq_ifu_btb/x_aq_ifu_btb_entry5/btb_rd_hit,0,0.0,0.0,0.0,0.0,,0
x_aq_ifu_top/x_aq_ifu_btb/x_aq_ifu_btb_entry5/btb_wr_hit,0,0.0,0.0,0.0,0.0,,0
x_aq_ifu_top/x_aq_ifu_btb/x_aq_ifu_btb_entry5/entry_clk_en,0,0.0,0.0,0.0,0.0,,0
x_aq_ifu_top/x_aq_ifu_btb/x_aq_ifu_btb_entry5/x_btb_entry_icg_cell/clk_in,0,0.0,0.0,0.0,0.0,,0
x_aq_ifu_top/x_aq_ifu_btb/x_aq_ifu_btb_entry5/x_btb_entry_icg_cell/global_en,1,0.00012030798845043312,21.131999999999998,14.508641665482774,1.0,-0.18268400597289075,1
x_aq_ifu_top/x_aq_ifu_btb/x_aq_ifu_btb_entry5/x_btb_entry_icg_cell/module_en,0,0.0,0.0,0.0,0.0,,0
x_aq_ifu_top/x_aq_ifu_btb/x_aq_ifu_btb_entry5/x_btb_entry_icg_cell/local_en,0,0.0,0.0,0.0,0.0,,0
x_aq_ifu_top/x_aq_ifu_btb/x_aq_ifu_btb_entry5/x_btb_entry_icg_cell/external_en,0,0.0,0.0,0.0,0.0,,0
x_aq_ifu_top/x_aq_ifu_btb/x_aq_ifu_btb_entry5/x_btb_entry_icg_cell/pad_yy_icg_scan_en,0,0.0,0.0,0.0,0.0,,0
x_aq_ifu_top/x_aq_ifu_btb/x_aq_ifu_btb_entry5/x_btb_entry_icg_cell/clk_out,0,0.0,0.0,0.0,0.0,,0
x_aq_ifu_top/x_aq_ifu_btb/x_aq_ifu_btb_entry5/x_btb_entry_icg_cell/clk_en_bf_latch,0,0.0,0.0,0.0,0.0,,0
x_aq_ifu_top/x_aq_ifu_btb/x_aq_ifu_btb_entry5/x_btb_entry_icg_cell/SE,0,0.0,0.0,0.0,0.0,,0
x_aq_ifu_top/x_aq_ifu_btb/x_aq_ifu_btb_entry6/btb_entry_clr_x,0,0.0,0.0,0.0,0.0,,0
x_aq_ifu_top/x_aq_ifu_btb/x_aq_ifu_btb_entry6/btb_entry_clrg_x,0,0.0,0.0,0.0,0.0,,0
x_aq_ifu_top/x_aq_ifu_btb/x_aq_ifu_btb_entry6/btb_entry_rd_hit_x,0,0.0,0.0,0.0,0.0,,0
x_aq_ifu_top/x_aq_ifu_btb/x_aq_ifu_btb_entry6/btb_entry_tgt_y[15:0],0,0.0,0.0,0.0,0.0,,0
x_aq_ifu_top/x_aq_ifu_btb/x_aq_ifu_btb_entry6/btb_entry_upd_x,0,0.0,0.0,0.0,0.0,,0
x_aq_ifu_top/x_aq_ifu_btb/x_aq_ifu_btb_entry6/btb_entry_updg_x,0,0.0,0.0,0.0,0.0,,0
x_aq_ifu_top/x_aq_ifu_btb/x_aq_ifu_btb_entry6/btb_entry_wr_hit_x,0,0.0,0.0,0.0,0.0,,0
x_aq_ifu_top/x_aq_ifu_btb/x_aq_ifu_btb_entry6/btb_rd_acc_tag[15:0],917,0.11032242540904716,3.093852388222465,2.1241527383408028,0.05888767720828789,-0.21771823701603793,10
x_aq_ifu_top/x_aq_ifu_btb/x_aq_ifu_btb_entry6/btb_upd_tag[15:0],328,0.03946102021174206,5.166694268292684,3.5473081456446276,0.1524390243902439,-0.2547411331955872,9
x_aq_ifu_top/x_aq_ifu_btb/x_aq_ifu_btb_entry6/btb_upd_tgt[15:0],332,0.03994225216554379,5.222200963855421,3.5854174943080195,0.1566265060240964,-0.25530496838934424,10
x_aq_ifu_top/x_aq_ifu_btb/x_aq_ifu_btb_entry6/btb_wr_acc_tag[15:0],328,0.03946102021174206,5.166694268292684,3.5473081456446276,0.1524390243902439,-0.2547411331955872,9
x_aq_ifu_top/x_aq_ifu_btb/x_aq_ifu_btb_entry6/cp0_ifu_icg_en,0,0.0,0.0,0.0,0.0,,0
x_aq_ifu_top/x_aq_ifu_btb/x_aq_ifu_btb_entry6/cp0_yy_clk_en,1,0.00012030798845043312,21.131999999999998,14.508641665482774,1.0,-0.18268400597289075,1
x_aq_ifu_top/x_aq_ifu_btb/x_aq_ifu_btb_entry6/cpurst_b,3,0.0003609239653512993,11.372333333333332,7.807926804550378,0.3333333333333333,-0.0221134756398446,1
x_aq_ifu_top/x_aq_ifu_btb/x_aq_ifu_btb_entry6/forever_cpuclk,0,0.0,0.0,0.0,0.0,,0
x_aq_ifu_top/x_aq_ifu_btb/x_aq_ifu_btb_entry6/pad_yy_icg_scan_en,0,0.0,0.0,0.0,0.0,,0
x_aq_ifu_top/x_aq_ifu_btb/x_aq_ifu_btb_entry6/btb_entry_clk,0,0.0,0.0,0.0,0.0,,0
x_aq_ifu_top/x_aq_ifu_btb/x_aq_ifu_btb_entry6/btb_rd_hit,0,0.0,0.0,0.0,0.0,,0
x_aq_ifu_top/x_aq_ifu_btb/x_aq_ifu_btb_entry6/btb_wr_hit,0,0.0,0.0,0.0,0.0,,0
x_aq_ifu_top/x_aq_ifu_btb/x_aq_ifu_btb_entry6/entry_clk_en,0,0.0,0.0,0.0,0.0,,0
x_aq_ifu_top/x_aq_ifu_btb/x_aq_ifu_btb_entry6/x_btb_entry_icg_cell/clk_in,0,0.0,0.0,0.0,0.0,,0
x_aq_ifu_top/x_aq_ifu_btb/x_aq_ifu_btb_entry6/x_btb_entry_icg_cell/global_en,1,0.00012030798845043312,21.131999999999998,14.508641665482774,1.0,-0.18268400597289075,1
x_aq_ifu_top/x_aq_ifu_btb/x_aq_ifu_btb_entry6/x_btb_entry_icg_cell/module_en,0,0.0,0.0,0.0,0.0,,0
x_aq_ifu_top/x_aq_ifu_btb/x_aq_ifu_btb_entry6/x_btb_entry_icg_cell/local_en,0,0.0,0.0,0.0,0.0,,0
x_aq_ifu_top/x_aq_ifu_btb/x_aq_ifu_btb_entry6/x_btb_entry_icg_cell/external_en,0,0.0,0.0,0.0,0.0,,0
x_aq_ifu_top/x_aq_ifu_btb/x_aq_ifu_btb_entry6/x_btb_entry_icg_cell/pad_yy_icg_scan_en,0,0.0,0.0,0.0,0.0,,0
x_aq_ifu_top/x_aq_ifu_btb/x_aq_ifu_btb_entry6/x_btb_entry_icg_cell/clk_out,0,0.0,0.0,0.0,0.0,,0
x_aq_ifu_top/x_aq_ifu_btb/x_aq_ifu_btb_entry6/x_btb_entry_icg_cell/clk_en_bf_latch,0,0.0,0.0,0.0,0.0,,0
x_aq_ifu_top/x_aq_ifu_btb/x_aq_ifu_btb_entry6/x_btb_entry_icg_cell/SE,0,0.0,0.0,0.0,0.0,,0
x_aq_ifu_top/x_aq_ifu_btb/x_aq_ifu_btb_entry7/btb_entry_clr_x,0,0.0,0.0,0.0,0.0,,0
x_aq_ifu_top/x_aq_ifu_btb/x_aq_ifu_btb_entry7/btb_entry_clrg_x,0,0.0,0.0,0.0,0.0,,0
x_aq_ifu_top/x_aq_ifu_btb/x_aq_ifu_btb_entry7/btb_entry_rd_hit_x,0,0.0,0.0,0.0,0.0,,0
x_aq_ifu_top/x_aq_ifu_btb/x_aq_ifu_btb_entry7/btb_entry_tgt_y[15:0],0,0.0,0.0,0.0,0.0,,0
x_aq_ifu_top/x_aq_ifu_btb/x_aq_ifu_btb_entry7/btb_entry_upd_x,0,0.0,0.0,0.0,0.0,,0
x_aq_ifu_top/x_aq_ifu_btb/x_aq_ifu_btb_entry7/btb_entry_updg_x,0,0.0,0.0,0.0,0.0,,0
x_aq_ifu_top/x_aq_ifu_btb/x_aq_ifu_btb_entry7/btb_entry_wr_hit_x,0,0.0,0.0,0.0,0.0,,0
x_aq_ifu_top/x_aq_ifu_btb/x_aq_ifu_btb_entry7/btb_rd_acc_tag[15:0],917,0.11032242540904716,3.093852388222465,2.1241527383408028,0.05888767720828789,-0.21771823701603793,10
x_aq_ifu_top/x_aq_ifu_btb/x_aq_ifu_btb_entry7/btb_upd_tag[15:0],328,0.03946102021174206,5.166694268292684,3.5473081456446276,0.1524390243902439,-0.2547411331955872,9
x_aq_ifu_top/x_aq_ifu_btb/x_aq_ifu_btb_entry7/btb_upd_tgt[15:0],332,0.03994225216554379,5.222200963855421,3.5854174943080195,0.1566265060240964,-0.25530496838934424,10
x_aq_ifu_top/x_aq_ifu_btb/x_aq_ifu_btb_entry7/btb_wr_acc_tag[15:0],328,0.03946102021174206,5.166694268292684,3.5473081456446276,0.1524390243902439,-0.2547411331955872,9
x_aq_ifu_top/x_aq_ifu_btb/x_aq_ifu_btb_entry7/cp0_ifu_icg_en,0,0.0,0.0,0.0,0.0,,0
x_aq_ifu_top/x_aq_ifu_btb/x_aq_ifu_btb_entry7/cp0_yy_clk_en,1,0.00012030798845043312,21.131999999999998,14.508641665482774,1.0,-0.18268400597289075,1
x_aq_ifu_top/x_aq_ifu_btb/x_aq_ifu_btb_entry7/cpurst_b,3,0.0003609239653512993,11.372333333333332,7.807926804550378,0.3333333333333333,-0.0221134756398446,1
x_aq_ifu_top/x_aq_ifu_btb/x_aq_ifu_btb_entry7/forever_cpuclk,0,0.0,0.0,0.0,0.0,,0
x_aq_ifu_top/x_aq_ifu_btb/x_aq_ifu_btb_entry7/pad_yy_icg_scan_en,0,0.0,0.0,0.0,0.0,,0
x_aq_ifu_top/x_aq_ifu_btb/x_aq_ifu_btb_entry7/btb_entry_clk,0,0.0,0.0,0.0,0.0,,0
x_aq_ifu_top/x_aq_ifu_btb/x_aq_ifu_btb_entry7/btb_rd_hit,0,0.0,0.0,0.0,0.0,,0
x_aq_ifu_top/x_aq_ifu_btb/x_aq_ifu_btb_entry7/btb_wr_hit,0,0.0,0.0,0.0,0.0,,0
x_aq_ifu_top/x_aq_ifu_btb/x_aq_ifu_btb_entry7/entry_clk_en,0,0.0,0.0,0.0,0.0,,0
x_aq_ifu_top/x_aq_ifu_btb/x_aq_ifu_btb_entry7/x_btb_entry_icg_cell/clk_in,0,0.0,0.0,0.0,0.0,,0
x_aq_ifu_top/x_aq_ifu_btb/x_aq_ifu_btb_entry7/x_btb_entry_icg_cell/global_en,1,0.00012030798845043312,21.131999999999998,14.508641665482774,1.0,-0.18268400597289075,1
x_aq_ifu_top/x_aq_ifu_btb/x_aq_ifu_btb_entry7/x_btb_entry_icg_cell/module_en,0,0.0,0.0,0.0,0.0,,0
x_aq_ifu_top/x_aq_ifu_btb/x_aq_ifu_btb_entry7/x_btb_entry_icg_cell/local_en,0,0.0,0.0,0.0,0.0,,0
x_aq_ifu_top/x_aq_ifu_btb/x_aq_ifu_btb_entry7/x_btb_entry_icg_cell/external_en,0,0.0,0.0,0.0,0.0,,0
x_aq_ifu_top/x_aq_ifu_btb/x_aq_ifu_btb_entry7/x_btb_entry_icg_cell/pad_yy_icg_scan_en,0,0.0,0.0,0.0,0.0,,0
x_aq_ifu_top/x_aq_ifu_btb/x_aq_ifu_btb_entry7/x_btb_entry_icg_cell/clk_out,0,0.0,0.0,0.0,0.0,,0
x_aq_ifu_top/x_aq_ifu_btb/x_aq_ifu_btb_entry7/x_btb_entry_icg_cell/clk_en_bf_latch,0,0.0,0.0,0.0,0.0,,0
x_aq_ifu_top/x_aq_ifu_btb/x_aq_ifu_btb_entry7/x_btb_entry_icg_cell/SE,0,0.0,0.0,0.0,0.0,,0
x_aq_ifu_top/x_aq_ifu_btb/x_aq_ifu_btb_entry8/btb_entry_clr_x,0,0.0,0.0,0.0,0.0,,0
x_aq_ifu_top/x_aq_ifu_btb/x_aq_ifu_btb_entry8/btb_entry_clrg_x,0,0.0,0.0,0.0,0.0,,0
x_aq_ifu_top/x_aq_ifu_btb/x_aq_ifu_btb_entry8/btb_entry_rd_hit_x,0,0.0,0.0,0.0,0.0,,0
x_aq_ifu_top/x_aq_ifu_btb/x_aq_ifu_btb_entry8/btb_entry_tgt_y[15:0],0,0.0,0.0,0.0,0.0,,0
x_aq_ifu_top/x_aq_ifu_btb/x_aq_ifu_btb_entry8/btb_entry_upd_x,0,0.0,0.0,0.0,0.0,,0
x_aq_ifu_top/x_aq_ifu_btb/x_aq_ifu_btb_entry8/btb_entry_updg_x,0,0.0,0.0,0.0,0.0,,0
x_aq_ifu_top/x_aq_ifu_btb/x_aq_ifu_btb_entry8/btb_entry_wr_hit_x,0,0.0,0.0,0.0,0.0,,0
x_aq_ifu_top/x_aq_ifu_btb/x_aq_ifu_btb_entry8/btb_rd_acc_tag[15:0],917,0.11032242540904716,3.093852388222465,2.1241527383408028,0.05888767720828789,-0.21771823701603793,10
x_aq_ifu_top/x_aq_ifu_btb/x_aq_ifu_btb_entry8/btb_upd_tag[15:0],328,0.03946102021174206,5.166694268292684,3.5473081456446276,0.1524390243902439,-0.2547411331955872,9
x_aq_ifu_top/x_aq_ifu_btb/x_aq_ifu_btb_entry8/btb_upd_tgt[15:0],332,0.03994225216554379,5.222200963855421,3.5854174943080195,0.1566265060240964,-0.25530496838934424,10
x_aq_ifu_top/x_aq_ifu_btb/x_aq_ifu_btb_entry8/btb_wr_acc_tag[15:0],328,0.03946102021174206,5.166694268292684,3.5473081456446276,0.1524390243902439,-0.2547411331955872,9
x_aq_ifu_top/x_aq_ifu_btb/x_aq_ifu_btb_entry8/cp0_ifu_icg_en,0,0.0,0.0,0.0,0.0,,0
x_aq_ifu_top/x_aq_ifu_btb/x_aq_ifu_btb_entry8/cp0_yy_clk_en,1,0.00012030798845043312,21.131999999999998,14.508641665482774,1.0,-0.18268400597289075,1
x_aq_ifu_top/x_aq_ifu_btb/x_aq_ifu_btb_entry8/cpurst_b,3,0.0003609239653512993,11.372333333333332,7.807926804550378,0.3333333333333333,-0.0221134756398446,1
x_aq_ifu_top/x_aq_ifu_btb/x_aq_ifu_btb_entry8/forever_cpuclk,0,0.0,0.0,0.0,0.0,,0
x_aq_ifu_top/x_aq_ifu_btb/x_aq_ifu_btb_entry8/pad_yy_icg_scan_en,0,0.0,0.0,0.0,0.0,,0
x_aq_ifu_top/x_aq_ifu_btb/x_aq_ifu_btb_entry8/btb_entry_clk,0,0.0,0.0,0.0,0.0,,0
x_aq_ifu_top/x_aq_ifu_btb/x_aq_ifu_btb_entry8/btb_rd_hit,0,0.0,0.0,0.0,0.0,,0
x_aq_ifu_top/x_aq_ifu_btb/x_aq_ifu_btb_entry8/btb_wr_hit,0,0.0,0.0,0.0,0.0,,0
x_aq_ifu_top/x_aq_ifu_btb/x_aq_ifu_btb_entry8/entry_clk_en,0,0.0,0.0,0.0,0.0,,0
x_aq_ifu_top/x_aq_ifu_btb/x_aq_ifu_btb_entry8/x_btb_entry_icg_cell/clk_in,0,0.0,0.0,0.0,0.0,,0
x_aq_ifu_top/x_aq_ifu_btb/x_aq_ifu_btb_entry8/x_btb_entry_icg_cell/global_en,1,0.00012030798845043312,21.131999999999998,14.508641665482774,1.0,-0.18268400597289075,1
x_aq_ifu_top/x_aq_ifu_btb/x_aq_ifu_btb_entry8/x_btb_entry_icg_cell/module_en,0,0.0,0.0,0.0,0.0,,0
x_aq_ifu_top/x_aq_ifu_btb/x_aq_ifu_btb_entry8/x_btb_entry_icg_cell/local_en,0,0.0,0.0,0.0,0.0,,0
x_aq_ifu_top/x_aq_ifu_btb/x_aq_ifu_btb_entry8/x_btb_entry_icg_cell/external_en,0,0.0,0.0,0.0,0.0,,0
x_aq_ifu_top/x_aq_ifu_btb/x_aq_ifu_btb_entry8/x_btb_entry_icg_cell/pad_yy_icg_scan_en,0,0.0,0.0,0.0,0.0,,0
x_aq_ifu_top/x_aq_ifu_btb/x_aq_ifu_btb_entry8/x_btb_entry_icg_cell/clk_out,0,0.0,0.0,0.0,0.0,,0
x_aq_ifu_top/x_aq_ifu_btb/x_aq_ifu_btb_entry8/x_btb_entry_icg_cell/clk_en_bf_latch,0,0.0,0.0,0.0,0.0,,0
x_aq_ifu_top/x_aq_ifu_btb/x_aq_ifu_btb_entry8/x_btb_entry_icg_cell/SE,0,0.0,0.0,0.0,0.0,,0
x_aq_ifu_top/x_aq_ifu_btb/x_aq_ifu_btb_entry9/btb_entry_clr_x,0,0.0,0.0,0.0,0.0,,0
x_aq_ifu_top/x_aq_ifu_btb/x_aq_ifu_btb_entry9/btb_entry_clrg_x,0,0.0,0.0,0.0,0.0,,0
x_aq_ifu_top/x_aq_ifu_btb/x_aq_ifu_btb_entry9/btb_entry_rd_hit_x,0,0.0,0.0,0.0,0.0,,0
x_aq_ifu_top/x_aq_ifu_btb/x_aq_ifu_btb_entry9/btb_entry_tgt_y[15:0],0,0.0,0.0,0.0,0.0,,0
x_aq_ifu_top/x_aq_ifu_btb/x_aq_ifu_btb_entry9/btb_entry_upd_x,0,0.0,0.0,0.0,0.0,,0
x_aq_ifu_top/x_aq_ifu_btb/x_aq_ifu_btb_entry9/btb_entry_updg_x,0,0.0,0.0,0.0,0.0,,0
x_aq_ifu_top/x_aq_ifu_btb/x_aq_ifu_btb_entry9/btb_entry_wr_hit_x,0,0.0,0.0,0.0,0.0,,0
x_aq_ifu_top/x_aq_ifu_btb/x_aq_ifu_btb_entry9/btb_rd_acc_tag[15:0],917,0.11032242540904716,3.093852388222465,2.1241527383408028,0.05888767720828789,-0.21771823701603793,10
x_aq_ifu_top/x_aq_ifu_btb/x_aq_ifu_btb_entry9/btb_upd_tag[15:0],328,0.03946102021174206,5.166694268292684,3.5473081456446276,0.1524390243902439,-0.2547411331955872,9
x_aq_ifu_top/x_aq_ifu_btb/x_aq_ifu_btb_entry9/btb_upd_tgt[15:0],332,0.03994225216554379,5.222200963855421,3.5854174943080195,0.1566265060240964,-0.25530496838934424,10
x_aq_ifu_top/x_aq_ifu_btb/x_aq_ifu_btb_entry9/btb_wr_acc_tag[15:0],328,0.03946102021174206,5.166694268292684,3.5473081456446276,0.1524390243902439,-0.2547411331955872,9
x_aq_ifu_top/x_aq_ifu_btb/x_aq_ifu_btb_entry9/cp0_ifu_icg_en,0,0.0,0.0,0.0,0.0,,0
x_aq_ifu_top/x_aq_ifu_btb/x_aq_ifu_btb_entry9/cp0_yy_clk_en,1,0.00012030798845043312,21.131999999999998,14.508641665482774,1.0,-0.18268400597289075,1
x_aq_ifu_top/x_aq_ifu_btb/x_aq_ifu_btb_entry9/cpurst_b,3,0.0003609239653512993,11.372333333333332,7.807926804550378,0.3333333333333333,-0.0221134756398446,1
x_aq_ifu_top/x_aq_ifu_btb/x_aq_ifu_btb_entry9/forever_cpuclk,0,0.0,0.0,0.0,0.0,,0
x_aq_ifu_top/x_aq_ifu_btb/x_aq_ifu_btb_entry9/pad_yy_icg_scan_en,0,0.0,0.0,0.0,0.0,,0
x_aq_ifu_top/x_aq_ifu_btb/x_aq_ifu_btb_entry9/btb_entry_clk,0,0.0,0.0,0.0,0.0,,0
x_aq_ifu_top/x_aq_ifu_btb/x_aq_ifu_btb_entry9/btb_rd_hit,0,0.0,0.0,0.0,0.0,,0
x_aq_ifu_top/x_aq_ifu_btb/x_aq_ifu_btb_entry9/btb_wr_hit,0,0.0,0.0,0.0,0.0,,0
x_aq_ifu_top/x_aq_ifu_btb/x_aq_ifu_btb_entry9/entry_clk_en,0,0.0,0.0,0.0,0.0,,0
x_aq_ifu_top/x_aq_ifu_btb/x_aq_ifu_btb_entry9/x_btb_entry_icg_cell/clk_in,0,0.0,0.0,0.0,0.0,,0
x_aq_ifu_top/x_aq_ifu_btb/x_aq_ifu_btb_entry9/x_btb_entry_icg_cell/global_en,1,0.00012030798845043312,21.131999999999998,14.508641665482774,1.0,-0.18268400597289075,1
x_aq_ifu_top/x_aq_ifu_btb/x_aq_ifu_btb_entry9/x_btb_entry_icg_cell/module_en,0,0.0,0.0,0.0,0.0,,0
x_aq_ifu_top/x_aq_ifu_btb/x_aq_ifu_btb_entry9/x_btb_entry_icg_cell/local_en,0,0.0,0.0,0.0,0.0,,0
x_aq_ifu_top/x_aq_ifu_btb/x_aq_ifu_btb_entry9/x_btb_entry_icg_cell/external_en,0,0.0,0.0,0.0,0.0,,0
x_aq_ifu_top/x_aq_ifu_btb/x_aq_ifu_btb_entry9/x_btb_entry_icg_cell/pad_yy_icg_scan_en,0,0.0,0.0,0.0,0.0,,0
x_aq_ifu_top/x_aq_ifu_btb/x_aq_ifu_btb_entry9/x_btb_entry_icg_cell/clk_out,0,0.0,0.0,0.0,0.0,,0
x_aq_ifu_top/x_aq_ifu_btb/x_aq_ifu_btb_entry9/x_btb_entry_icg_cell/clk_en_bf_latch,0,0.0,0.0,0.0,0.0,,0
x_aq_ifu_top/x_aq_ifu_btb/x_aq_ifu_btb_entry9/x_btb_entry_icg_cell/SE,0,0.0,0.0,0.0,0.0,,0
x_aq_ifu_top/x_aq_ifu_btb/x_aq_ifu_btb_entry10/btb_entry_clr_x,0,0.0,0.0,0.0,0.0,,0
x_aq_ifu_top/x_aq_ifu_btb/x_aq_ifu_btb_entry10/btb_entry_clrg_x,0,0.0,0.0,0.0,0.0,,0
x_aq_ifu_top/x_aq_ifu_btb/x_aq_ifu_btb_entry10/btb_entry_rd_hit_x,0,0.0,0.0,0.0,0.0,,0
x_aq_ifu_top/x_aq_ifu_btb/x_aq_ifu_btb_entry10/btb_entry_tgt_y[15:0],0,0.0,0.0,0.0,0.0,,0
x_aq_ifu_top/x_aq_ifu_btb/x_aq_ifu_btb_entry10/btb_entry_upd_x,0,0.0,0.0,0.0,0.0,,0
x_aq_ifu_top/x_aq_ifu_btb/x_aq_ifu_btb_entry10/btb_entry_updg_x,0,0.0,0.0,0.0,0.0,,0
x_aq_ifu_top/x_aq_ifu_btb/x_aq_ifu_btb_entry10/btb_entry_wr_hit_x,0,0.0,0.0,0.0,0.0,,0
x_aq_ifu_top/x_aq_ifu_btb/x_aq_ifu_btb_entry10/btb_rd_acc_tag[15:0],917,0.11032242540904716,3.093852388222465,2.1241527383408028,0.05888767720828789,-0.21771823701603793,10
x_aq_ifu_top/x_aq_ifu_btb/x_aq_ifu_btb_entry10/btb_upd_tag[15:0],328,0.03946102021174206,5.166694268292684,3.5473081456446276,0.1524390243902439,-0.2547411331955872,9
x_aq_ifu_top/x_aq_ifu_btb/x_aq_ifu_btb_entry10/btb_upd_tgt[15:0],332,0.03994225216554379,5.222200963855421,3.5854174943080195,0.1566265060240964,-0.25530496838934424,10
x_aq_ifu_top/x_aq_ifu_btb/x_aq_ifu_btb_entry10/btb_wr_acc_tag[15:0],328,0.03946102021174206,5.166694268292684,3.5473081456446276,0.1524390243902439,-0.2547411331955872,9
x_aq_ifu_top/x_aq_ifu_btb/x_aq_ifu_btb_entry10/cp0_ifu_icg_en,0,0.0,0.0,0.0,0.0,,0
x_aq_ifu_top/x_aq_ifu_btb/x_aq_ifu_btb_entry10/cp0_yy_clk_en,1,0.00012030798845043312,21.131999999999998,14.508641665482774,1.0,-0.18268400597289075,1
x_aq_ifu_top/x_aq_ifu_btb/x_aq_ifu_btb_entry10/cpurst_b,3,0.0003609239653512993,11.372333333333332,7.807926804550378,0.3333333333333333,-0.0221134756398446,1
x_aq_ifu_top/x_aq_ifu_btb/x_aq_ifu_btb_entry10/forever_cpuclk,0,0.0,0.0,0.0,0.0,,0
x_aq_ifu_top/x_aq_ifu_btb/x_aq_ifu_btb_entry10/pad_yy_icg_scan_en,0,0.0,0.0,0.0,0.0,,0
x_aq_ifu_top/x_aq_ifu_btb/x_aq_ifu_btb_entry10/btb_entry_clk,0,0.0,0.0,0.0,0.0,,0
x_aq_ifu_top/x_aq_ifu_btb/x_aq_ifu_btb_entry10/btb_rd_hit,0,0.0,0.0,0.0,0.0,,0
x_aq_ifu_top/x_aq_ifu_btb/x_aq_ifu_btb_entry10/btb_wr_hit,0,0.0,0.0,0.0,0.0,,0
x_aq_ifu_top/x_aq_ifu_btb/x_aq_ifu_btb_entry10/entry_clk_en,0,0.0,0.0,0.0,0.0,,0
x_aq_ifu_top/x_aq_ifu_btb/x_aq_ifu_btb_entry10/x_btb_entry_icg_cell/clk_in,0,0.0,0.0,0.0,0.0,,0
x_aq_ifu_top/x_aq_ifu_btb/x_aq_ifu_btb_entry10/x_btb_entry_icg_cell/global_en,1,0.00012030798845043312,21.131999999999998,14.508641665482774,1.0,-0.18268400597289075,1
x_aq_ifu_top/x_aq_ifu_btb/x_aq_ifu_btb_entry10/x_btb_entry_icg_cell/module_en,0,0.0,0.0,0.0,0.0,,0
x_aq_ifu_top/x_aq_ifu_btb/x_aq_ifu_btb_entry10/x_btb_entry_icg_cell/local_en,0,0.0,0.0,0.0,0.0,,0
x_aq_ifu_top/x_aq_ifu_btb/x_aq_ifu_btb_entry10/x_btb_entry_icg_cell/external_en,0,0.0,0.0,0.0,0.0,,0
x_aq_ifu_top/x_aq_ifu_btb/x_aq_ifu_btb_entry10/x_btb_entry_icg_cell/pad_yy_icg_scan_en,0,0.0,0.0,0.0,0.0,,0
x_aq_ifu_top/x_aq_ifu_btb/x_aq_ifu_btb_entry10/x_btb_entry_icg_cell/clk_out,0,0.0,0.0,0.0,0.0,,0
x_aq_ifu_top/x_aq_ifu_btb/x_aq_ifu_btb_entry10/x_btb_entry_icg_cell/clk_en_bf_latch,0,0.0,0.0,0.0,0.0,,0
x_aq_ifu_top/x_aq_ifu_btb/x_aq_ifu_btb_entry10/x_btb_entry_icg_cell/SE,0,0.0,0.0,0.0,0.0,,0
x_aq_ifu_top/x_aq_ifu_btb/x_aq_ifu_btb_entry11/btb_entry_clr_x,0,0.0,0.0,0.0,0.0,,0
x_aq_ifu_top/x_aq_ifu_btb/x_aq_ifu_btb_entry11/btb_entry_clrg_x,0,0.0,0.0,0.0,0.0,,0
x_aq_ifu_top/x_aq_ifu_btb/x_aq_ifu_btb_entry11/btb_entry_rd_hit_x,0,0.0,0.0,0.0,0.0,,0
x_aq_ifu_top/x_aq_ifu_btb/x_aq_ifu_btb_entry11/btb_entry_tgt_y[15:0],0,0.0,0.0,0.0,0.0,,0
x_aq_ifu_top/x_aq_ifu_btb/x_aq_ifu_btb_entry11/btb_entry_upd_x,0,0.0,0.0,0.0,0.0,,0
x_aq_ifu_top/x_aq_ifu_btb/x_aq_ifu_btb_entry11/btb_entry_updg_x,0,0.0,0.0,0.0,0.0,,0
x_aq_ifu_top/x_aq_ifu_btb/x_aq_ifu_btb_entry11/btb_entry_wr_hit_x,0,0.0,0.0,0.0,0.0,,0
x_aq_ifu_top/x_aq_ifu_btb/x_aq_ifu_btb_entry11/btb_rd_acc_tag[15:0],917,0.11032242540904716,3.093852388222465,2.1241527383408028,0.05888767720828789,-0.21771823701603793,10
x_aq_ifu_top/x_aq_ifu_btb/x_aq_ifu_btb_entry11/btb_upd_tag[15:0],328,0.03946102021174206,5.166694268292684,3.5473081456446276,0.1524390243902439,-0.2547411331955872,9
x_aq_ifu_top/x_aq_ifu_btb/x_aq_ifu_btb_entry11/btb_upd_tgt[15:0],332,0.03994225216554379,5.222200963855421,3.5854174943080195,0.1566265060240964,-0.25530496838934424,10
x_aq_ifu_top/x_aq_ifu_btb/x_aq_ifu_btb_entry11/btb_wr_acc_tag[15:0],328,0.03946102021174206,5.166694268292684,3.5473081456446276,0.1524390243902439,-0.2547411331955872,9
x_aq_ifu_top/x_aq_ifu_btb/x_aq_ifu_btb_entry11/cp0_ifu_icg_en,0,0.0,0.0,0.0,0.0,,0
x_aq_ifu_top/x_aq_ifu_btb/x_aq_ifu_btb_entry11/cp0_yy_clk_en,1,0.00012030798845043312,21.131999999999998,14.508641665482774,1.0,-0.18268400597289075,1
x_aq_ifu_top/x_aq_ifu_btb/x_aq_ifu_btb_entry11/cpurst_b,3,0.0003609239653512993,11.372333333333332,7.807926804550378,0.3333333333333333,-0.0221134756398446,1
x_aq_ifu_top/x_aq_ifu_btb/x_aq_ifu_btb_entry11/forever_cpuclk,0,0.0,0.0,0.0,0.0,,0
x_aq_ifu_top/x_aq_ifu_btb/x_aq_ifu_btb_entry11/pad_yy_icg_scan_en,0,0.0,0.0,0.0,0.0,,0
x_aq_ifu_top/x_aq_ifu_btb/x_aq_ifu_btb_entry11/btb_entry_clk,0,0.0,0.0,0.0,0.0,,0
x_aq_ifu_top/x_aq_ifu_btb/x_aq_ifu_btb_entry11/btb_rd_hit,0,0.0,0.0,0.0,0.0,,0
x_aq_ifu_top/x_aq_ifu_btb/x_aq_ifu_btb_entry11/btb_wr_hit,0,0.0,0.0,0.0,0.0,,0
x_aq_ifu_top/x_aq_ifu_btb/x_aq_ifu_btb_entry11/entry_clk_en,0,0.0,0.0,0.0,0.0,,0
x_aq_ifu_top/x_aq_ifu_btb/x_aq_ifu_btb_entry11/x_btb_entry_icg_cell/clk_in,0,0.0,0.0,0.0,0.0,,0
x_aq_ifu_top/x_aq_ifu_btb/x_aq_ifu_btb_entry11/x_btb_entry_icg_cell/global_en,1,0.00012030798845043312,21.131999999999998,14.508641665482774,1.0,-0.18268400597289075,1
x_aq_ifu_top/x_aq_ifu_btb/x_aq_ifu_btb_entry11/x_btb_entry_icg_cell/module_en,0,0.0,0.0,0.0,0.0,,0
x_aq_ifu_top/x_aq_ifu_btb/x_aq_ifu_btb_entry11/x_btb_entry_icg_cell/local_en,0,0.0,0.0,0.0,0.0,,0
x_aq_ifu_top/x_aq_ifu_btb/x_aq_ifu_btb_entry11/x_btb_entry_icg_cell/external_en,0,0.0,0.0,0.0,0.0,,0
x_aq_ifu_top/x_aq_ifu_btb/x_aq_ifu_btb_entry11/x_btb_entry_icg_cell/pad_yy_icg_scan_en,0,0.0,0.0,0.0,0.0,,0
x_aq_ifu_top/x_aq_ifu_btb/x_aq_ifu_btb_entry11/x_btb_entry_icg_cell/clk_out,0,0.0,0.0,0.0,0.0,,0
x_aq_ifu_top/x_aq_ifu_btb/x_aq_ifu_btb_entry11/x_btb_entry_icg_cell/clk_en_bf_latch,0,0.0,0.0,0.0,0.0,,0
x_aq_ifu_top/x_aq_ifu_btb/x_aq_ifu_btb_entry11/x_btb_entry_icg_cell/SE,0,0.0,0.0,0.0,0.0,,0
x_aq_ifu_top/x_aq_ifu_btb/x_aq_ifu_btb_entry12/btb_entry_clr_x,0,0.0,0.0,0.0,0.0,,0
x_aq_ifu_top/x_aq_ifu_btb/x_aq_ifu_btb_entry12/btb_entry_clrg_x,0,0.0,0.0,0.0,0.0,,0
x_aq_ifu_top/x_aq_ifu_btb/x_aq_ifu_btb_entry12/btb_entry_rd_hit_x,0,0.0,0.0,0.0,0.0,,0
x_aq_ifu_top/x_aq_ifu_btb/x_aq_ifu_btb_entry12/btb_entry_tgt_y[15:0],0,0.0,0.0,0.0,0.0,,0
x_aq_ifu_top/x_aq_ifu_btb/x_aq_ifu_btb_entry12/btb_entry_upd_x,0,0.0,0.0,0.0,0.0,,0
x_aq_ifu_top/x_aq_ifu_btb/x_aq_ifu_btb_entry12/btb_entry_updg_x,0,0.0,0.0,0.0,0.0,,0
x_aq_ifu_top/x_aq_ifu_btb/x_aq_ifu_btb_entry12/btb_entry_wr_hit_x,0,0.0,0.0,0.0,0.0,,0
x_aq_ifu_top/x_aq_ifu_btb/x_aq_ifu_btb_entry12/btb_rd_acc_tag[15:0],917,0.11032242540904716,3.093852388222465,2.1241527383408028,0.05888767720828789,-0.21771823701603793,10
x_aq_ifu_top/x_aq_ifu_btb/x_aq_ifu_btb_entry12/btb_upd_tag[15:0],328,0.03946102021174206,5.166694268292684,3.5473081456446276,0.1524390243902439,-0.2547411331955872,9
x_aq_ifu_top/x_aq_ifu_btb/x_aq_ifu_btb_entry12/btb_upd_tgt[15:0],332,0.03994225216554379,5.222200963855421,3.5854174943080195,0.1566265060240964,-0.25530496838934424,10
x_aq_ifu_top/x_aq_ifu_btb/x_aq_ifu_btb_entry12/btb_wr_acc_tag[15:0],328,0.03946102021174206,5.166694268292684,3.5473081456446276,0.1524390243902439,-0.2547411331955872,9
x_aq_ifu_top/x_aq_ifu_btb/x_aq_ifu_btb_entry12/cp0_ifu_icg_en,0,0.0,0.0,0.0,0.0,,0
x_aq_ifu_top/x_aq_ifu_btb/x_aq_ifu_btb_entry12/cp0_yy_clk_en,1,0.00012030798845043312,21.131999999999998,14.508641665482774,1.0,-0.18268400597289075,1
x_aq_ifu_top/x_aq_ifu_btb/x_aq_ifu_btb_entry12/cpurst_b,3,0.0003609239653512993,11.372333333333332,7.807926804550378,0.3333333333333333,-0.0221134756398446,1
x_aq_ifu_top/x_aq_ifu_btb/x_aq_ifu_btb_entry12/forever_cpuclk,0,0.0,0.0,0.0,0.0,,0
x_aq_ifu_top/x_aq_ifu_btb/x_aq_ifu_btb_entry12/pad_yy_icg_scan_en,0,0.0,0.0,0.0,0.0,,0
x_aq_ifu_top/x_aq_ifu_btb/x_aq_ifu_btb_entry12/btb_entry_clk,0,0.0,0.0,0.0,0.0,,0
x_aq_ifu_top/x_aq_ifu_btb/x_aq_ifu_btb_entry12/btb_rd_hit,0,0.0,0.0,0.0,0.0,,0
x_aq_ifu_top/x_aq_ifu_btb/x_aq_ifu_btb_entry12/btb_wr_hit,0,0.0,0.0,0.0,0.0,,0
x_aq_ifu_top/x_aq_ifu_btb/x_aq_ifu_btb_entry12/entry_clk_en,0,0.0,0.0,0.0,0.0,,0
x_aq_ifu_top/x_aq_ifu_btb/x_aq_ifu_btb_entry12/x_btb_entry_icg_cell/clk_in,0,0.0,0.0,0.0,0.0,,0
x_aq_ifu_top/x_aq_ifu_btb/x_aq_ifu_btb_entry12/x_btb_entry_icg_cell/global_en,1,0.00012030798845043312,21.131999999999998,14.508641665482774,1.0,-0.18268400597289075,1
x_aq_ifu_top/x_aq_ifu_btb/x_aq_ifu_btb_entry12/x_btb_entry_icg_cell/module_en,0,0.0,0.0,0.0,0.0,,0
x_aq_ifu_top/x_aq_ifu_btb/x_aq_ifu_btb_entry12/x_btb_entry_icg_cell/local_en,0,0.0,0.0,0.0,0.0,,0
x_aq_ifu_top/x_aq_ifu_btb/x_aq_ifu_btb_entry12/x_btb_entry_icg_cell/external_en,0,0.0,0.0,0.0,0.0,,0
x_aq_ifu_top/x_aq_ifu_btb/x_aq_ifu_btb_entry12/x_btb_entry_icg_cell/pad_yy_icg_scan_en,0,0.0,0.0,0.0,0.0,,0
x_aq_ifu_top/x_aq_ifu_btb/x_aq_ifu_btb_entry12/x_btb_entry_icg_cell/clk_out,0,0.0,0.0,0.0,0.0,,0
x_aq_ifu_top/x_aq_ifu_btb/x_aq_ifu_btb_entry12/x_btb_entry_icg_cell/clk_en_bf_latch,0,0.0,0.0,0.0,0.0,,0
x_aq_ifu_top/x_aq_ifu_btb/x_aq_ifu_btb_entry12/x_btb_entry_icg_cell/SE,0,0.0,0.0,0.0,0.0,,0
x_aq_ifu_top/x_aq_ifu_btb/x_aq_ifu_btb_entry13/btb_entry_clr_x,0,0.0,0.0,0.0,0.0,,0
x_aq_ifu_top/x_aq_ifu_btb/x_aq_ifu_btb_entry13/btb_entry_clrg_x,0,0.0,0.0,0.0,0.0,,0
x_aq_ifu_top/x_aq_ifu_btb/x_aq_ifu_btb_entry13/btb_entry_rd_hit_x,0,0.0,0.0,0.0,0.0,,0
x_aq_ifu_top/x_aq_ifu_btb/x_aq_ifu_btb_entry13/btb_entry_tgt_y[15:0],0,0.0,0.0,0.0,0.0,,0
x_aq_ifu_top/x_aq_ifu_btb/x_aq_ifu_btb_entry13/btb_entry_upd_x,0,0.0,0.0,0.0,0.0,,0
x_aq_ifu_top/x_aq_ifu_btb/x_aq_ifu_btb_entry13/btb_entry_updg_x,0,0.0,0.0,0.0,0.0,,0
x_aq_ifu_top/x_aq_ifu_btb/x_aq_ifu_btb_entry13/btb_entry_wr_hit_x,0,0.0,0.0,0.0,0.0,,0
x_aq_ifu_top/x_aq_ifu_btb/x_aq_ifu_btb_entry13/btb_rd_acc_tag[15:0],917,0.11032242540904716,3.093852388222465,2.1241527383408028,0.05888767720828789,-0.21771823701603793,10
x_aq_ifu_top/x_aq_ifu_btb/x_aq_ifu_btb_entry13/btb_upd_tag[15:0],328,0.03946102021174206,5.166694268292684,3.5473081456446276,0.1524390243902439,-0.2547411331955872,9
x_aq_ifu_top/x_aq_ifu_btb/x_aq_ifu_btb_entry13/btb_upd_tgt[15:0],332,0.03994225216554379,5.222200963855421,3.5854174943080195,0.1566265060240964,-0.25530496838934424,10
x_aq_ifu_top/x_aq_ifu_btb/x_aq_ifu_btb_entry13/btb_wr_acc_tag[15:0],328,0.03946102021174206,5.166694268292684,3.5473081456446276,0.1524390243902439,-0.2547411331955872,9
x_aq_ifu_top/x_aq_ifu_btb/x_aq_ifu_btb_entry13/cp0_ifu_icg_en,0,0.0,0.0,0.0,0.0,,0
x_aq_ifu_top/x_aq_ifu_btb/x_aq_ifu_btb_entry13/cp0_yy_clk_en,1,0.00012030798845043312,21.131999999999998,14.508641665482774,1.0,-0.18268400597289075,1
x_aq_ifu_top/x_aq_ifu_btb/x_aq_ifu_btb_entry13/cpurst_b,3,0.0003609239653512993,11.372333333333332,7.807926804550378,0.3333333333333333,-0.0221134756398446,1
x_aq_ifu_top/x_aq_ifu_btb/x_aq_ifu_btb_entry13/forever_cpuclk,0,0.0,0.0,0.0,0.0,,0
x_aq_ifu_top/x_aq_ifu_btb/x_aq_ifu_btb_entry13/pad_yy_icg_scan_en,0,0.0,0.0,0.0,0.0,,0
x_aq_ifu_top/x_aq_ifu_btb/x_aq_ifu_btb_entry13/btb_entry_clk,0,0.0,0.0,0.0,0.0,,0
x_aq_ifu_top/x_aq_ifu_btb/x_aq_ifu_btb_entry13/btb_rd_hit,0,0.0,0.0,0.0,0.0,,0
x_aq_ifu_top/x_aq_ifu_btb/x_aq_ifu_btb_entry13/btb_wr_hit,0,0.0,0.0,0.0,0.0,,0
x_aq_ifu_top/x_aq_ifu_btb/x_aq_ifu_btb_entry13/entry_clk_en,0,0.0,0.0,0.0,0.0,,0
x_aq_ifu_top/x_aq_ifu_btb/x_aq_ifu_btb_entry13/x_btb_entry_icg_cell/clk_in,0,0.0,0.0,0.0,0.0,,0
x_aq_ifu_top/x_aq_ifu_btb/x_aq_ifu_btb_entry13/x_btb_entry_icg_cell/global_en,1,0.00012030798845043312,21.131999999999998,14.508641665482774,1.0,-0.18268400597289075,1
x_aq_ifu_top/x_aq_ifu_btb/x_aq_ifu_btb_entry13/x_btb_entry_icg_cell/module_en,0,0.0,0.0,0.0,0.0,,0
x_aq_ifu_top/x_aq_ifu_btb/x_aq_ifu_btb_entry13/x_btb_entry_icg_cell/local_en,0,0.0,0.0,0.0,0.0,,0
x_aq_ifu_top/x_aq_ifu_btb/x_aq_ifu_btb_entry13/x_btb_entry_icg_cell/external_en,0,0.0,0.0,0.0,0.0,,0
x_aq_ifu_top/x_aq_ifu_btb/x_aq_ifu_btb_entry13/x_btb_entry_icg_cell/pad_yy_icg_scan_en,0,0.0,0.0,0.0,0.0,,0
x_aq_ifu_top/x_aq_ifu_btb/x_aq_ifu_btb_entry13/x_btb_entry_icg_cell/clk_out,0,0.0,0.0,0.0,0.0,,0
x_aq_ifu_top/x_aq_ifu_btb/x_aq_ifu_btb_entry13/x_btb_entry_icg_cell/clk_en_bf_latch,0,0.0,0.0,0.0,0.0,,0
x_aq_ifu_top/x_aq_ifu_btb/x_aq_ifu_btb_entry13/x_btb_entry_icg_cell/SE,0,0.0,0.0,0.0,0.0,,0
x_aq_ifu_top/x_aq_ifu_btb/x_aq_ifu_btb_entry14/btb_entry_clr_x,0,0.0,0.0,0.0,0.0,,0
x_aq_ifu_top/x_aq_ifu_btb/x_aq_ifu_btb_entry14/btb_entry_clrg_x,0,0.0,0.0,0.0,0.0,,0
x_aq_ifu_top/x_aq_ifu_btb/x_aq_ifu_btb_entry14/btb_entry_rd_hit_x,0,0.0,0.0,0.0,0.0,,0
x_aq_ifu_top/x_aq_ifu_btb/x_aq_ifu_btb_entry14/btb_entry_tgt_y[15:0],0,0.0,0.0,0.0,0.0,,0
x_aq_ifu_top/x_aq_ifu_btb/x_aq_ifu_btb_entry14/btb_entry_upd_x,0,0.0,0.0,0.0,0.0,,0
x_aq_ifu_top/x_aq_ifu_btb/x_aq_ifu_btb_entry14/btb_entry_updg_x,0,0.0,0.0,0.0,0.0,,0
x_aq_ifu_top/x_aq_ifu_btb/x_aq_ifu_btb_entry14/btb_entry_wr_hit_x,0,0.0,0.0,0.0,0.0,,0
x_aq_ifu_top/x_aq_ifu_btb/x_aq_ifu_btb_entry14/btb_rd_acc_tag[15:0],917,0.11032242540904716,3.093852388222465,2.1241527383408028,0.05888767720828789,-0.21771823701603793,10
x_aq_ifu_top/x_aq_ifu_btb/x_aq_ifu_btb_entry14/btb_upd_tag[15:0],328,0.03946102021174206,5.166694268292684,3.5473081456446276,0.1524390243902439,-0.2547411331955872,9
x_aq_ifu_top/x_aq_ifu_btb/x_aq_ifu_btb_entry14/btb_upd_tgt[15:0],332,0.03994225216554379,5.222200963855421,3.5854174943080195,0.1566265060240964,-0.25530496838934424,10
x_aq_ifu_top/x_aq_ifu_btb/x_aq_ifu_btb_entry14/btb_wr_acc_tag[15:0],328,0.03946102021174206,5.166694268292684,3.5473081456446276,0.1524390243902439,-0.2547411331955872,9
x_aq_ifu_top/x_aq_ifu_btb/x_aq_ifu_btb_entry14/cp0_ifu_icg_en,0,0.0,0.0,0.0,0.0,,0
x_aq_ifu_top/x_aq_ifu_btb/x_aq_ifu_btb_entry14/cp0_yy_clk_en,1,0.00012030798845043312,21.131999999999998,14.508641665482774,1.0,-0.18268400597289075,1
x_aq_ifu_top/x_aq_ifu_btb/x_aq_ifu_btb_entry14/cpurst_b,3,0.0003609239653512993,11.372333333333332,7.807926804550378,0.3333333333333333,-0.0221134756398446,1
x_aq_ifu_top/x_aq_ifu_btb/x_aq_ifu_btb_entry14/forever_cpuclk,0,0.0,0.0,0.0,0.0,,0
x_aq_ifu_top/x_aq_ifu_btb/x_aq_ifu_btb_entry14/pad_yy_icg_scan_en,0,0.0,0.0,0.0,0.0,,0
x_aq_ifu_top/x_aq_ifu_btb/x_aq_ifu_btb_entry14/btb_entry_clk,0,0.0,0.0,0.0,0.0,,0
x_aq_ifu_top/x_aq_ifu_btb/x_aq_ifu_btb_entry14/btb_rd_hit,0,0.0,0.0,0.0,0.0,,0
x_aq_ifu_top/x_aq_ifu_btb/x_aq_ifu_btb_entry14/btb_wr_hit,0,0.0,0.0,0.0,0.0,,0
x_aq_ifu_top/x_aq_ifu_btb/x_aq_ifu_btb_entry14/entry_clk_en,0,0.0,0.0,0.0,0.0,,0
x_aq_ifu_top/x_aq_ifu_btb/x_aq_ifu_btb_entry14/x_btb_entry_icg_cell/clk_in,0,0.0,0.0,0.0,0.0,,0
x_aq_ifu_top/x_aq_ifu_btb/x_aq_ifu_btb_entry14/x_btb_entry_icg_cell/global_en,1,0.00012030798845043312,21.131999999999998,14.508641665482774,1.0,-0.18268400597289075,1
x_aq_ifu_top/x_aq_ifu_btb/x_aq_ifu_btb_entry14/x_btb_entry_icg_cell/module_en,0,0.0,0.0,0.0,0.0,,0
x_aq_ifu_top/x_aq_ifu_btb/x_aq_ifu_btb_entry14/x_btb_entry_icg_cell/local_en,0,0.0,0.0,0.0,0.0,,0
x_aq_ifu_top/x_aq_ifu_btb/x_aq_ifu_btb_entry14/x_btb_entry_icg_cell/external_en,0,0.0,0.0,0.0,0.0,,0
x_aq_ifu_top/x_aq_ifu_btb/x_aq_ifu_btb_entry14/x_btb_entry_icg_cell/pad_yy_icg_scan_en,0,0.0,0.0,0.0,0.0,,0
x_aq_ifu_top/x_aq_ifu_btb/x_aq_ifu_btb_entry14/x_btb_entry_icg_cell/clk_out,0,0.0,0.0,0.0,0.0,,0
x_aq_ifu_top/x_aq_ifu_btb/x_aq_ifu_btb_entry14/x_btb_entry_icg_cell/clk_en_bf_latch,0,0.0,0.0,0.0,0.0,,0
x_aq_ifu_top/x_aq_ifu_btb/x_aq_ifu_btb_entry14/x_btb_entry_icg_cell/SE,0,0.0,0.0,0.0,0.0,,0
x_aq_ifu_top/x_aq_ifu_btb/x_aq_ifu_btb_entry15/btb_entry_clr_x,0,0.0,0.0,0.0,0.0,,0
x_aq_ifu_top/x_aq_ifu_btb/x_aq_ifu_btb_entry15/btb_entry_clrg_x,0,0.0,0.0,0.0,0.0,,0
x_aq_ifu_top/x_aq_ifu_btb/x_aq_ifu_btb_entry15/btb_entry_rd_hit_x,0,0.0,0.0,0.0,0.0,,0
x_aq_ifu_top/x_aq_ifu_btb/x_aq_ifu_btb_entry15/btb_entry_tgt_y[15:0],0,0.0,0.0,0.0,0.0,,0
x_aq_ifu_top/x_aq_ifu_btb/x_aq_ifu_btb_entry15/btb_entry_upd_x,0,0.0,0.0,0.0,0.0,,0
x_aq_ifu_top/x_aq_ifu_btb/x_aq_ifu_btb_entry15/btb_entry_updg_x,0,0.0,0.0,0.0,0.0,,0
x_aq_ifu_top/x_aq_ifu_btb/x_aq_ifu_btb_entry15/btb_entry_wr_hit_x,0,0.0,0.0,0.0,0.0,,0
x_aq_ifu_top/x_aq_ifu_btb/x_aq_ifu_btb_entry15/btb_rd_acc_tag[15:0],917,0.11032242540904716,3.093852388222465,2.1241527383408028,0.05888767720828789,-0.21771823701603793,10
x_aq_ifu_top/x_aq_ifu_btb/x_aq_ifu_btb_entry15/btb_upd_tag[15:0],328,0.03946102021174206,5.166694268292684,3.5473081456446276,0.1524390243902439,-0.2547411331955872,9
x_aq_ifu_top/x_aq_ifu_btb/x_aq_ifu_btb_entry15/btb_upd_tgt[15:0],332,0.03994225216554379,5.222200963855421,3.5854174943080195,0.1566265060240964,-0.25530496838934424,10
x_aq_ifu_top/x_aq_ifu_btb/x_aq_ifu_btb_entry15/btb_wr_acc_tag[15:0],328,0.03946102021174206,5.166694268292684,3.5473081456446276,0.1524390243902439,-0.2547411331955872,9
x_aq_ifu_top/x_aq_ifu_btb/x_aq_ifu_btb_entry15/cp0_ifu_icg_en,0,0.0,0.0,0.0,0.0,,0
x_aq_ifu_top/x_aq_ifu_btb/x_aq_ifu_btb_entry15/cp0_yy_clk_en,1,0.00012030798845043312,21.131999999999998,14.508641665482774,1.0,-0.18268400597289075,1
x_aq_ifu_top/x_aq_ifu_btb/x_aq_ifu_btb_entry15/cpurst_b,3,0.0003609239653512993,11.372333333333332,7.807926804550378,0.3333333333333333,-0.0221134756398446,1
x_aq_ifu_top/x_aq_ifu_btb/x_aq_ifu_btb_entry15/forever_cpuclk,0,0.0,0.0,0.0,0.0,,0
x_aq_ifu_top/x_aq_ifu_btb/x_aq_ifu_btb_entry15/pad_yy_icg_scan_en,0,0.0,0.0,0.0,0.0,,0
x_aq_ifu_top/x_aq_ifu_btb/x_aq_ifu_btb_entry15/btb_entry_clk,0,0.0,0.0,0.0,0.0,,0
x_aq_ifu_top/x_aq_ifu_btb/x_aq_ifu_btb_entry15/btb_rd_hit,0,0.0,0.0,0.0,0.0,,0
x_aq_ifu_top/x_aq_ifu_btb/x_aq_ifu_btb_entry15/btb_wr_hit,0,0.0,0.0,0.0,0.0,,0
x_aq_ifu_top/x_aq_ifu_btb/x_aq_ifu_btb_entry15/entry_clk_en,0,0.0,0.0,0.0,0.0,,0
x_aq_ifu_top/x_aq_ifu_btb/x_aq_ifu_btb_entry15/x_btb_entry_icg_cell/clk_in,0,0.0,0.0,0.0,0.0,,0
x_aq_ifu_top/x_aq_ifu_btb/x_aq_ifu_btb_entry15/x_btb_entry_icg_cell/global_en,1,0.00012030798845043312,21.131999999999998,14.508641665482774,1.0,-0.18268400597289075,1
x_aq_ifu_top/x_aq_ifu_btb/x_aq_ifu_btb_entry15/x_btb_entry_icg_cell/module_en,0,0.0,0.0,0.0,0.0,,0
x_aq_ifu_top/x_aq_ifu_btb/x_aq_ifu_btb_entry15/x_btb_entry_icg_cell/local_en,0,0.0,0.0,0.0,0.0,,0
x_aq_ifu_top/x_aq_ifu_btb/x_aq_ifu_btb_entry15/x_btb_entry_icg_cell/external_en,0,0.0,0.0,0.0,0.0,,0
x_aq_ifu_top/x_aq_ifu_btb/x_aq_ifu_btb_entry15/x_btb_entry_icg_cell/pad_yy_icg_scan_en,0,0.0,0.0,0.0,0.0,,0
x_aq_ifu_top/x_aq_ifu_btb/x_aq_ifu_btb_entry15/x_btb_entry_icg_cell/clk_out,0,0.0,0.0,0.0,0.0,,0
x_aq_ifu_top/x_aq_ifu_btb/x_aq_ifu_btb_entry15/x_btb_entry_icg_cell/clk_en_bf_latch,0,0.0,0.0,0.0,0.0,,0
x_aq_ifu_top/x_aq_ifu_btb/x_aq_ifu_btb_entry15/x_btb_entry_icg_cell/SE,0,0.0,0.0,0.0,0.0,,0
x_aq_ifu_top/x_aq_ifu_ctrl/cp0_ifu_in_lpmd,0,0.0,0.0,0.0,0.0,,0
x_aq_ifu_top/x_aq_ifu_ctrl/cp0_ifu_lpmd_req,0,0.0,0.0,0.0,0.0,,0
x_aq_ifu_top/x_aq_ifu_ctrl/ctrl_btb_chgflw_vld,82,0.009865255052935515,5.300953658536585,3.6394868974558605,0.0975609756097561,0.0946201892715048,1
x_aq_ifu_top/x_aq_ifu_ctrl/ctrl_btb_inst_fetch,49,0.005895091434071222,6.62230612244898,4.546690636463418,0.24489795918367346,0.23437006441083783,1
x_aq_ifu_top/x_aq_ifu_ctrl/ctrl_btb_stall,164,0.01973051010587103,9.262914268292683,6.359658522465744,0.2073170731707317,-0.6491025422332436,1
x_aq_ifu_top/x_aq_ifu_ctrl/ctrl_ibuf_pop_en,81,0.009744947064485083,5.318046419753087,3.651222310458127,0.13580246913580246,0.08540521474474524,1
x_aq_ifu_top/x_aq_ifu_ctrl/ctrl_icache_abort,82,0.009865255052935515,5.300953658536585,3.6394868974558605,0.0975609756097561,0.0946201892715048,1
x_aq_ifu_top/x_aq_ifu_ctrl/ctrl_icache_req_vld,49,0.005895091434071222,6.62230612244898,4.546690636463418,0.24489795918367346,0.23437006441083783,1
x_aq_ifu_top/x_aq_ifu_ctrl/ctrl_ipack_cancel,82,0.009865255052935515,5.300953658536585,3.6394868974558605,0.0975609756097561,0.0946201892715048,1
x_aq_ifu_top/x_aq_ifu_ctrl/ibuf_ctrl_inst_fetch,49,0.005895091434071222,6.8102857142857145,4.6757521800174064,0.2653061224489796,0.29929036380146024,1
x_aq_ifu_top/x_aq_ifu_ctrl/icache_ctrl_stall,158,0.01900866217516843,8.214774556962027,5.640035037369254,0.20253164556962025,-0.6327007604809333,1
x_aq_ifu_top/x_aq_ifu_ctrl/idu_ifu_id_stall,82,0.009865255052935515,3.685545365853659,2.5303926299002155,0.07317073170731707,-0.20155700737902493,1
x_aq_ifu_top/x_aq_ifu_ctrl/pcgen_ctrl_chgflw_vld,82,0.009865255052935515,5.300953658536585,3.6394868974558605,0.0975609756097561,0.0946201892715048,1
x_aq_ifu_top/x_aq_ifu_ctrl/pred_ctrl_stall,38,0.004571703561116458,6.68022947368421,4.586459193492371,0.2894736842105263,-0.33014306398121307,1
x_aq_ifu_top/x_aq_ifu_ctrl/rtu_ifu_dbg_mask,0,0.0,0.0,0.0,0.0,,0
x_aq_ifu_top/x_aq_ifu_ctrl/rtu_ifu_flush_fe,0,0.0,0.0,0.0,0.0,,0
x_aq_ifu_top/x_aq_ifu_ctrl/vec_ctrl_reset_mask,2,0.00024061597690086623,11.2365,7.7146674273233575,0.5,0.1185252577644605,1
x_aq_ifu_top/x_aq_ifu_ctrl/ctrl_if_cancel,82,0.009865255052935515,5.300953658536585,3.6394868974558605,0.0975609756097561,0.0946201892715048,1
x_aq_ifu_top/x_aq_ifu_ctrl/ctrl_if_stall,164,0.01973051010587103,9.262914268292683,6.359658522465744,0.2073170731707317,-0.6491025422332436,1
x_aq_ifu_top/x_aq_ifu_ctrl/ctrl_inst_fetch,49,0.005895091434071222,6.62230612244898,4.546690636463418,0.24489795918367346,0.23437006441083783,1
x_aq_ifu_top/x_aq_ifu_ibuf/cp0_ifu_icg_en,0,0.0,0.0,0.0,0.0,,0
x_aq_ifu_top/x_aq_ifu_ibuf/cp0_yy_clk_en,1,0.00012030798845043312,21.131999999999998,14.508641665482774,1.0,-0.18268400597289075,1
x_aq_ifu_top/x_aq_ifu_ibuf/cpurst_b,3,0.0003609239653512993,11.372333333333332,7.807926804550378,0.3333333333333333,-0.0221134756398446,1
x_aq_ifu_top/x_aq_ifu_ibuf/ctrl_ibuf_pop_en,81,0.009744947064485083,5.318046419753087,3.651222310458127,0.13580246913580246,0.08540521474474524,1
x_aq_ifu_top/x_aq_ifu_ibuf/dtu_ifu_debug_inst[31:0],0,0.0,0.0,0.0,0.0,,0
x_aq_ifu_top/x_aq_ifu_ibuf/dtu_ifu_debug_inst_vld,0,0.0,0.0,0.0,0.0,,0
x_aq_ifu_top/x_aq_ifu_ibuf/dtu_ifu_halt_info_vld,3,0.0003609239653512993,10.728,7.3655455133115275,0.3333333333333333,-0.1638858973998409,1
x_aq_ifu_top/x_aq_ifu_ibuf/forever_cpuclk,0,0.0,0.0,0.0,0.0,,0
x_aq_ifu_top/x_aq_ifu_ibuf/ibuf_ctrl_inst_fetch,49,0.005895091434071222,6.8102857142857145,4.6757521800174064,0.2653061224489796,0.29929036380146024,1
x_aq_ifu_top/x_aq_ifu_ibuf/ibuf_ipack_stall,38,0.004571703561116458,6.68022947368421,4.586459193492371,0.2894736842105263,-0.33014306398121307,1
x_aq_ifu_top/x_aq_ifu_ibuf/ibuf_pred_hungry,47,0.005654475457170356,5.876553191489362,4.0346774788694075,0.0851063829787234,0.27268637796593975,1
x_aq_ifu_top/x_aq_ifu_ibuf/ibuf_pred_stall,38,0.004571703561116458,6.68022947368421,4.586459193492371,0.2894736842105263,-0.33014306398121307,1
x_aq_ifu_top/x_aq_ifu_ibuf/ibuf_top_id_stall,82,0.009865255052935515,3.685545365853659,2.5303926299002155,0.07317073170731707,-0.20155700737902493,1
x_aq_ifu_top/x_aq_ifu_ibuf/ibuf_top_pop_entry_vld,59,0.007098171318575553,3.686605423728814,2.531120436064104,0.05084745762711865,-0.14017066368266745,1
x_aq_ifu_top/x_aq_ifu_ibuf/ibuf_top_vld_num[2:0],146,0.017564966313763235,5.438943287671233,3.734226727224338,0.1506849315068493,-0.2912622055325433,3
x_aq_ifu_top/x_aq_ifu_ibuf/idu_ifu_id_stall,82,0.009865255052935515,3.685545365853659,2.5303926299002155,0.07317073170731707,-0.20155700737902493,1
x_aq_ifu_top/x_aq_ifu_ibuf/ifu_idu_id_bht_pred[1:0],0,0.0,0.0,0.0,0.0,,0
x_aq_ifu_top/x_aq_ifu_ibuf/ifu_idu_id_expt_acc_error,0,0.0,0.0,0.0,0.0,,0
x_aq_ifu_top/x_aq_ifu_ibuf/ifu_idu_id_expt_high,0,0.0,0.0,0.0,0.0,,0
x_aq_ifu_top/x_aq_ifu_ibuf/ifu_idu_id_expt_page_fault,0,0.0,0.0,0.0,0.0,,0
x_aq_ifu_top/x_aq_ifu_ibuf/ifu_idu_id_halt_info[21:0],1,0.00012030798845043312,21.131999999999998,14.508641665482774,1.0,-0.18268400597289075,1
x_aq_ifu_top/x_aq_ifu_ibuf/ifu_idu_id_inst[31:0],370,0.044513955726660254,5.098216756756757,3.5002933965901732,0.15945945945945947,-0.023546310975905697,23
x_aq_ifu_top/x_aq_ifu_ibuf/ifu_idu_id_inst_vld,95,0.011429258902791145,4.6348812631578955,3.182180172686829,0.10526315789473684,-0.08207058171316127,1
x_aq_ifu_top/x_aq_ifu_ibuf/ipack_ibuf_acc_err[2:0],0,0.0,0.0,0.0,0.0,,0
x_aq_ifu_top/x_aq_ifu_ibuf/ipack_ibuf_inst[47:0],416,0.05004812319538017,5.054702884615385,3.470417985915519,0.17307692307692307,0.022806939721569323,33
x_aq_ifu_top/x_aq_ifu_ibuf/ipack_ibuf_inst_all,8,0.0009624639076034649,7.6083549999999995,5.223684287279206,0.25,-0.21720957221306025,1
x_aq_ifu_top/x_aq_ifu_ibuf/ipack_ibuf_inst_full,8,0.0009624639076034649,7.6083549999999995,5.223684287279206,0.25,-0.21720957221306025,1
x_aq_ifu_top/x_aq_ifu_ibuf/ipack_ibuf_inst_one,2,0.00024061597690086623,8.59266,5.899480640418664,0.0,-0.07237321137848463,1
x_aq_ifu_top/x_aq_ifu_ibuf/ipack_ibuf_inst_two,12,0.0014436958614051972,7.703283333333334,5.288859432662268,0.25,-0.22028122628722943,1
x_aq_ifu_top/x_aq_ifu_ibuf/ipack_ibuf_inst_vld,57,0.006857555341674687,4.277017543859649,2.9364809265967677,0.15789473684210525,0.41713008343317426,1
x_aq_ifu_top/x_aq_ifu_ibuf/ipack_ibuf_inst_vld_raw,63,0.007579403272377286,4.3759796825396835,3.004425570196921,0.047619047619047616,-0.21070337202414371,1
x_aq_ifu_top/x_aq_ifu_ibuf/ipack_ibuf_pgflt[2:0],0,0.0,0.0,0.0,0.0,,0
x_aq_ifu_top/x_aq_ifu_ibuf/pad_yy_icg_scan_en,0,0.0,0.0,0.0,0.0,,0
x_aq_ifu_top/x_aq_ifu_ibuf/pcgen_ibuf_chgflw_vld,0,0.0,0.0,0.0,0.0,,0
x_aq_ifu_top/x_aq_ifu_ibuf/pred_ibuf_br_taken0[1:0],0,0.0,0.0,0.0,0.0,,0
x_aq_ifu_top/x_aq_ifu_ibuf/pred_ibuf_br_taken1[1:0],0,0.0,0.0,0.0,0.0,,0
x_aq_ifu_top/x_aq_ifu_ibuf/pred_ibuf_chgflw_vld0,0,0.0,0.0,0.0,0.0,,0
x_aq_ifu_top/x_aq_ifu_ibuf/pred_ibuf_halt_info0[21:0],1,0.00012030798845043312,21.131999999999998,14.508641665482774,1.0,-0.18268400597289075,1
x_aq_ifu_top/x_aq_ifu_ibuf/pred_ibuf_halt_info1[21:0],1,0.00012030798845043312,21.131999999999998,14.508641665482774,1.0,-0.18268400597289075,1
x_aq_ifu_top/x_aq_ifu_ibuf/rtu_ifu_flush_fe,0,0.0,0.0,0.0,0.0,,0
x_aq_ifu_top/x_aq_ifu_ibuf/rtu_yy_xx_dbgon,0,0.0,0.0,0.0,0.0,,0
x_aq_ifu_top/x_aq_ifu_ibuf/vec_ibuf_warm_up,0,0.0,0.0,0.0,0.0,,0
x_aq_ifu_top/x_aq_ifu_ibuf/dtu_create0_en,0,0.0,0.0,0.0,0.0,,0
x_aq_ifu_top/x_aq_ifu_ibuf/dtu_create1_en,0,0.0,0.0,0.0,0.0,,0
x_aq_ifu_top/x_aq_ifu_ibuf/entry0_acc_err,0,0.0,0.0,0.0,0.0,,0
x_aq_ifu_top/x_aq_ifu_ibuf/entry0_create0_data_en,2,0.00024061597690086623,2.4000000000000004,1.6477730454835635,0.0,0.03935959817104764,1
x_aq_ifu_top/x_aq_ifu_ibuf/entry0_create0_en,0,0.0,0.0,0.0,0.0,,0
x_aq_ifu_top/x_aq_ifu_ibuf/entry0_create1_data_en,4,0.00048123195380173246,5.41525,3.717959576897861,0.0,0.11050174737266563,1
x_aq_ifu_top/x_aq_ifu_ibuf/entry0_create1_en,0,0.0,0.0,0.0,0.0,,0
x_aq_ifu_top/x_aq_ifu_ibuf/entry0_create2_data_en,0,0.0,0.0,0.0,0.0,,0
x_aq_ifu_top/x_aq_ifu_ibuf/entry0_create2_en,0,0.0,0.0,0.0,0.0,,0
x_aq_ifu_top/x_aq_ifu_ibuf/entry0_halt_info[21:0],2,0.00024061597690086623,1.778000000000004,1.2207251978624092,0.0,-0.23580225032451757,2
x_aq_ifu_top/x_aq_ifu_ibuf/entry0_inst[15:0],52,0.006256015399422521,4.990211538461539,3.4261400268074946,0.15384615384615385,-0.04825281700384013,11
x_aq_ifu_top/x_aq_ifu_ibuf/entry0_pgflt,0,0.0,0.0,0.0,0.0,,0
x_aq_ifu_top/x_aq_ifu_ibuf/entry0_pred_taken[1:0],0,0.0,0.0,0.0,0.0,,0
x_aq_ifu_top/x_aq_ifu_ibuf/entry0_retire0_en,0,0.0,0.0,0.0,0.0,,0
x_aq_ifu_top/x_aq_ifu_ibuf/entry0_retire1_en,0,0.0,0.0,0.0,0.0,,0
x_aq_ifu_top/x_aq_ifu_ibuf/entry0_vld,42,0.00505293551491819,4.450540952380953,3.055617257980867,0.19047619047619047,-0.3087876241235074,1
x_aq_ifu_top/x_aq_ifu_ibuf/entry1_acc_err,0,0.0,0.0,0.0,0.0,,0
x_aq_ifu_top/x_aq_ifu_ibuf/entry1_create0_data_en,0,0.0,0.0,0.0,0.0,,0
x_aq_ifu_top/x_aq_ifu_ibuf/entry1_create0_en,0,0.0,0.0,0.0,0.0,,0
x_aq_ifu_top/x_aq_ifu_ibuf/entry1_create1_data_en,2,0.00024061597690086623,2.4000000000000004,1.6477730454835635,0.0,0.03935959817104764,1
x_aq_ifu_top/x_aq_ifu_ibuf/entry1_create1_en,0,0.0,0.0,0.0,0.0,,0
x_aq_ifu_top/x_aq_ifu_ibuf/entry1_create2_data_en,0,0.0,0.0,0.0,0.0,,0
x_aq_ifu_top/x_aq_ifu_ibuf/entry1_create2_en,0,0.0,0.0,0.0,0.0,,0
x_aq_ifu_top/x_aq_ifu_ibuf/entry1_halt_info[21:0],2,0.00024061597690086623,1.778000000000004,1.2207251978624092,0.0,-0.23580225032451757,2
x_aq_ifu_top/x_aq_ifu_ibuf/entry1_inst[15:0],46,0.005534167468719923,4.83541304347826,3.319859698676299,0.17391304347826086,-0.10386826691449419,11
x_aq_ifu_top/x_aq_ifu_ibuf/entry1_pgflt,0,0.0,0.0,0.0,0.0,,0
x_aq_ifu_top/x_aq_ifu_ibuf/entry1_pred_taken[1:0],0,0.0,0.0,0.0,0.0,,0
x_aq_ifu_top/x_aq_ifu_ibuf/entry1_retire0_en,0,0.0,0.0,0.0,0.0,,0
x_aq_ifu_top/x_aq_ifu_ibuf/entry1_retire1_en,0,0.0,0.0,0.0,0.0,,0
x_aq_ifu_top/x_aq_ifu_ibuf/entry1_vld,44,0.0052935514918190565,4.78313,3.2839636196015816,0.20454545454545456,-0.3132549554042179,1
x_aq_ifu_top/x_aq_ifu_ibuf/entry2_acc_err,0,0.0,0.0,0.0,0.0,,0
x_aq_ifu_top/x_aq_ifu_ibuf/entry2_create0_data_en,4,0.00048123195380173246,2.6625000000000014,1.8279982223333289,0.0,0.05358980549938384,1
x_aq_ifu_top/x_aq_ifu_ibuf/entry2_create0_en,0,0.0,0.0,0.0,0.0,,0
x_aq_ifu_top/x_aq_ifu_ibuf/entry2_create1_data_en,0,0.0,0.0,0.0,0.0,,0
x_aq_ifu_top/x_aq_ifu_ibuf/entry2_create1_en,0,0.0,0.0,0.0,0.0,,0
x_aq_ifu_top/x_aq_ifu_ibuf/entry2_create2_data_en,0,0.0,0.0,0.0,0.0,,0
x_aq_ifu_top/x_aq_ifu_ibuf/entry2_create2_en,0,0.0,0.0,0.0,0.0,,0
x_aq_ifu_top/x_aq_ifu_ibuf/entry2_halt_info[21:0],2,0.00024061597690086623,1.778000000000004,1.2207251978624092,0.0,-0.23580225032451757,2
x_aq_ifu_top/x_aq_ifu_ibuf/entry2_inst[15:0],48,0.005774783445620789,5.339104166666668,3.6656799720259654,0.125,-0.030555758774213043,12
x_aq_ifu_top/x_aq_ifu_ibuf/entry2_pgflt,0,0.0,0.0,0.0,0.0,,0
x_aq_ifu_top/x_aq_ifu_ibuf/entry2_pred_taken[1:0],0,0.0,0.0,0.0,0.0,,0
x_aq_ifu_top/x_aq_ifu_ibuf/entry2_retire0_en,0,0.0,0.0,0.0,0.0,,0
x_aq_ifu_top/x_aq_ifu_ibuf/entry2_retire1_en,0,0.0,0.0,0.0,0.0,,0
x_aq_ifu_top/x_aq_ifu_ibuf/entry2_vld,40,0.004812319538017324,5.389393,3.7002068820490823,0.15,-0.3132453896619216,1
x_aq_ifu_top/x_aq_ifu_ibuf/entry3_acc_err,0,0.0,0.0,0.0,0.0,,0
x_aq_ifu_top/x_aq_ifu_ibuf/entry3_create0_data_en,2,0.00024061597690086623,5.367499999999997,3.6851757590137586,0.0,0.04731609349066296,1
x_aq_ifu_top/x_aq_ifu_ibuf/entry3_create0_en,0,0.0,0.0,0.0,0.0,,0
x_aq_ifu_top/x_aq_ifu_ibuf/entry3_create1_data_en,4,0.00048123195380173246,2.6625000000000014,1.8279982223333289,0.0,0.05358980549938384,1
x_aq_ifu_top/x_aq_ifu_ibuf/entry3_create1_en,0,0.0,0.0,0.0,0.0,,0
x_aq_ifu_top/x_aq_ifu_ibuf/entry3_create2_data_en,0,0.0,0.0,0.0,0.0,,0
x_aq_ifu_top/x_aq_ifu_ibuf/entry3_create2_en,0,0.0,0.0,0.0,0.0,,0
x_aq_ifu_top/x_aq_ifu_ibuf/entry3_halt_info[21:0],2,0.00024061597690086623,5.5584999999999996,3.816311030550161,0.0,-0.23765230549853217,2
x_aq_ifu_top/x_aq_ifu_ibuf/entry3_inst[15:0],50,0.006015399422521655,6.224,4.273224764620707,0.18,-0.031205749501217732,11
x_aq_ifu_top/x_aq_ifu_ibuf/entry3_pgflt,0,0.0,0.0,0.0,0.0,,0
x_aq_ifu_top/x_aq_ifu_ibuf/entry3_pred_taken[1:0],0,0.0,0.0,0.0,0.0,,0
x_aq_ifu_top/x_aq_ifu_ibuf/entry3_retire0_en,0,0.0,0.0,0.0,0.0,,0
x_aq_ifu_top/x_aq_ifu_ibuf/entry3_retire1_en,0,0.0,0.0,0.0,0.0,,0
x_aq_ifu_top/x_aq_ifu_ibuf/entry3_vld,46,0.005534167468719923,6.115233043478261,4.198548406622455,0.21739130434782608,-0.24213112393703595,1
x_aq_ifu_top/x_aq_ifu_ibuf/entry4_acc_err,0,0.0,0.0,0.0,0.0,,0
x_aq_ifu_top/x_aq_ifu_ibuf/entry4_create0_data_en,2,0.00024061597690086623,1.4949999999999974,1.026425292915801,0.0,0.04141186878920255,1
x_aq_ifu_top/x_aq_ifu_ibuf/entry4_create0_en,0,0.0,0.0,0.0,0.0,,0
x_aq_ifu_top/x_aq_ifu_ibuf/entry4_create1_data_en,0,0.0,0.0,0.0,0.0,,0
x_aq_ifu_top/x_aq_ifu_ibuf/entry4_create1_en,0,0.0,0.0,0.0,0.0,,0
x_aq_ifu_top/x_aq_ifu_ibuf/entry4_create2_data_en,0,0.0,0.0,0.0,0.0,,0
x_aq_ifu_top/x_aq_ifu_ibuf/entry4_create2_en,0,0.0,0.0,0.0,0.0,,0
x_aq_ifu_top/x_aq_ifu_ibuf/entry4_halt_info[21:0],2,0.00024061597690086623,5.5584999999999996,3.816311030550161,0.0,-0.23765230549853217,2
x_aq_ifu_top/x_aq_ifu_ibuf/entry4_inst[15:0],49,0.005895091434071222,5.764877551020408,3.958004099618635,0.22448979591836735,-0.07861784316302019,11
x_aq_ifu_top/x_aq_ifu_ibuf/entry4_pgflt,0,0.0,0.0,0.0,0.0,,0
x_aq_ifu_top/x_aq_ifu_ibuf/entry4_pred_taken[1:0],0,0.0,0.0,0.0,0.0,,0
x_aq_ifu_top/x_aq_ifu_ibuf/entry4_retire0_en,0,0.0,0.0,0.0,0.0,,0
x_aq_ifu_top/x_aq_ifu_ibuf/entry4_retire1_en,0,0.0,0.0,0.0,0.0,,0
x_aq_ifu_top/x_aq_ifu_ibuf/entry4_vld,40,0.004812319538017324,5.764993,3.9580833636672597,0.25,-0.19489326342065894,1
x_aq_ifu_top/x_aq_ifu_ibuf/entry5_acc_err,0,0.0,0.0,0.0,0.0,,0
x_aq_ifu_top/x_aq_ifu_ibuf/entry5_create0_data_en,4,0.00048123195380173246,5.8065000000000015,3.9865809119167968,0.0,0.11592562836575954,1
x_aq_ifu_top/x_aq_ifu_ibuf/entry5_create0_en,0,0.0,0.0,0.0,0.0,,0
x_aq_ifu_top/x_aq_ifu_ibuf/entry5_create1_data_en,0,0.0,0.0,0.0,0.0,,0
x_aq_ifu_top/x_aq_ifu_ibuf/entry5_create1_en,0,0.0,0.0,0.0,0.0,,0
x_aq_ifu_top/x_aq_ifu_ibuf/entry5_create2_data_en,0,0.0,0.0,0.0,0.0,,0
x_aq_ifu_top/x_aq_ifu_ibuf/entry5_create2_en,0,0.0,0.0,0.0,0.0,,0
x_aq_ifu_top/x_aq_ifu_ibuf/entry5_halt_info[21:0],2,0.00024061597690086623,5.226499999999999,3.5883690925916008,0.0,-0.23127518871149663,2
x_aq_ifu_top/x_aq_ifu_ibuf/entry5_inst[15:0],53,0.006376323387872955,4.4555094339622645,3.0590284788253115,0.09433962264150944,-0.06380950564217058,11
x_aq_ifu_top/x_aq_ifu_ibuf/entry5_pgflt,0,0.0,0.0,0.0,0.0,,0
x_aq_ifu_top/x_aq_ifu_ibuf/entry5_pred_taken[1:0],0,0.0,0.0,0.0,0.0,,0
x_aq_ifu_top/x_aq_ifu_ibuf/entry5_retire0_en,0,0.0,0.0,0.0,0.0,,0
x_aq_ifu_top/x_aq_ifu_ibuf/entry5_retire1_en,0,0.0,0.0,0.0,0.0,,0
x_aq_ifu_top/x_aq_ifu_ibuf/entry5_vld,38,0.004571703561116458,4.3264926315789465,2.970449141582932,0.21052631578947367,-0.3260745007364036,1
x_aq_ifu_top/x_aq_ifu_ibuf/ibuf_cpuclk,0,0.0,0.0,0.0,0.0,,0
x_aq_ifu_top/x_aq_ifu_ibuf/ibuf_create0_acc_err,0,0.0,0.0,0.0,0.0,,0
x_aq_ifu_top/x_aq_ifu_ibuf/ibuf_create0_data_en,57,0.006857555341674687,4.310035087719298,2.959149851096768,0.15789473684210525,0.3169851385303503,1
x_aq_ifu_top/x_aq_ifu_ibuf/ibuf_create0_en,51,0.006135707410972089,4.345862745098039,2.983748121143231,0.17647058823529413,0.2802189904006011,1
x_aq_ifu_top/x_aq_ifu_ibuf/ibuf_create0_halt_info[21:0],1,0.00012030798845043312,21.131999999999998,14.508641665482774,1.0,-0.18268400597289075,1
x_aq_ifu_top/x_aq_ifu_ibuf/ibuf_create0_inst[15:0],332,0.03994225216554379,5.136440843373494,3.5265369880965434,0.1716867469879518,0.1539610004527717,13
x_aq_ifu_top/x_aq_ifu_ibuf/ibuf_create0_pgflt,0,0.0,0.0,0.0,0.0,,0
x_aq_ifu_top/x_aq_ifu_ibuf/ibuf_create0_pred_taken[1:0],0,0.0,0.0,0.0,0.0,,0
x_aq_ifu_top/x_aq_ifu_ibuf/ibuf_create1_acc_err,0,0.0,0.0,0.0,0.0,,0
x_aq_ifu_top/x_aq_ifu_ibuf/ibuf_create1_data_en,57,0.006857555341674687,4.153771929824561,2.8518639262713146,0.15789473684210525,0.28738422058282487,1
x_aq_ifu_top/x_aq_ifu_ibuf/ibuf_create1_en,53,0.006376323387872955,4.273999999999999,2.9344091651653117,0.16981132075471697,0.2438577628997897,1
x_aq_ifu_top/x_aq_ifu_ibuf/ibuf_create1_halt_info[21:0],1,0.00012030798845043312,21.131999999999998,14.508641665482774,1.0,-0.18268400597289075,1
x_aq_ifu_top/x_aq_ifu_ibuf/ibuf_create1_inst[15:0],333,0.040062560153994224,5.00415987987988,3.435716568898471,0.15015015015015015,0.032155927485873564,13
x_aq_ifu_top/x_aq_ifu_ibuf/ibuf_create1_pgflt,0,0.0,0.0,0.0,0.0,,0
x_aq_ifu_top/x_aq_ifu_ibuf/ibuf_create1_pred_taken[1:0],0,0.0,0.0,0.0,0.0,,0
x_aq_ifu_top/x_aq_ifu_ibuf/ibuf_create2_acc_err,0,0.0,0.0,0.0,0.0,,0
x_aq_ifu_top/x_aq_ifu_ibuf/ibuf_create2_data_en,0,0.0,0.0,0.0,0.0,,0
x_aq_ifu_top/x_aq_ifu_ibuf/ibuf_create2_en,0,0.0,0.0,0.0,0.0,,0
x_aq_ifu_top/x_aq_ifu_ibuf/ibuf_create2_halt_info[21:0],1,0.00012030798845043312,21.131999999999998,14.508641665482774,1.0,-0.18268400597289075,1
x_aq_ifu_top/x_aq_ifu_ibuf/ibuf_create2_inst[15:0],276,0.03320500481231954,5.042544927536232,3.4620706717641965,0.15579710144927536,0.02280634819465097,12
x_aq_ifu_top/x_aq_ifu_ibuf/ibuf_create2_pgflt,0,0.0,0.0,0.0,0.0,,0
x_aq_ifu_top/x_aq_ifu_ibuf/ibuf_create2_pred_taken[1:0],0,0.0,0.0,0.0,0.0,,0
x_aq_ifu_top/x_aq_ifu_ibuf/ibuf_empty,54,0.0064966313763233875,5.410925925925926,3.7149907882703883,0.05555555555555555,0.23517650308178645,1
x_aq_ifu_top/x_aq_ifu_ibuf/ibuf_entry_stall,38,0.004571703561116458,6.68022947368421,4.586459193492371,0.2894736842105263,-0.33014306398121307,1
x_aq_ifu_top/x_aq_ifu_ibuf/ibuf_five_avalbe,0,0.0,0.0,0.0,0.0,,0
x_aq_ifu_top/x_aq_ifu_ibuf/ibuf_flush_en,80,0.009624639076034648,5.2999025,3.6387652013295626,0.1,0.08835595735112509,1
x_aq_ifu_top/x_aq_ifu_ibuf/ibuf_four_avalbe,17,0.0020452358036573627,4.247705882352942,2.916356357534647,0.058823529411764705,0.13295466500179523,1
x_aq_ifu_top/x_aq_ifu_ibuf/ibuf_full,24,0.0028873917228103944,7.5348216666666685,5.173198352024531,0.2916666666666667,-0.2439146541332738,1
x_aq_ifu_top/x_aq_ifu_ibuf/ibuf_icg_en,95,0.011429258902791145,4.6348812631578955,3.182180172686829,0.10526315789473684,-0.08207058171316127,1
x_aq_ifu_top/x_aq_ifu_ibuf/ibuf_inst32,43,0.005173243503368624,4.038986046511628,2.773055141052534,0.046511627906976744,-0.22267704675608682,1
x_aq_ifu_top/x_aq_ifu_ibuf/ibuf_inst_32_vld,43,0.005173243503368624,4.038986046511628,2.773055141052534,0.046511627906976744,-0.22267704675608682,1
x_aq_ifu_top/x_aq_ifu_ibuf/ibuf_inst_fetch,0,0.0,0.0,0.0,0.0,,0
x_aq_ifu_top/x_aq_ifu_ibuf/ibuf_one_avalbe,8,0.0009624639076034649,4.229500000000001,2.9038567066136385,0.375,-0.04192644116883476,1
x_aq_ifu_top/x_aq_ifu_ibuf/ibuf_retire0_en,19,0.002285851780558229,5.663263157894737,3.8882384921079467,0.10526315789473684,0.1019287938640013,1
x_aq_ifu_top/x_aq_ifu_ibuf/ibuf_retire0_en_vld,19,0.002285851780558229,5.663263157894737,3.8882384921079467,0.10526315789473684,0.1019287938640013,1
x_aq_ifu_top/x_aq_ifu_ibuf/ibuf_retire1_en,11,0.0013233878729547641,4.119,2.827990489311165,0.0,0.08788611571161954,1
x_aq_ifu_top/x_aq_ifu_ibuf/ibuf_stall,38,0.004571703561116458,6.68022947368421,4.586459193492371,0.2894736842105263,-0.33014306398121307,1
x_aq_ifu_top/x_aq_ifu_ibuf/ibuf_two_avalbe,14,0.0016843118383060634,5.689,3.9059086898983297,0.14285714285714285,-0.14023600761568178,1
x_aq_ifu_top/x_aq_ifu_ibuf/ibuf_vld_num[2:0],146,0.017564966313763235,5.438943287671233,3.734226727224338,0.1506849315068493,-0.2912622055325433,3
x_aq_ifu_top/x_aq_ifu_ibuf/ipack_bypass_vld,56,0.006737247353224254,3.8184107142857147,2.6216142714940167,0.0,0.30700941893568306,1
x_aq_ifu_top/x_aq_ifu_ibuf/ipack_create0_data_en,57,0.006857555341674687,4.310035087719298,2.959149851096768,0.15789473684210525,0.3169851385303503,1
x_aq_ifu_top/x_aq_ifu_ibuf/ipack_create0_en,51,0.006135707410972089,4.345862745098039,2.983748121143231,0.17647058823529413,0.2802189904006011,1
x_aq_ifu_top/x_aq_ifu_ibuf/ipack_create1_data_en,57,0.006857555341674687,4.153771929824561,2.8518639262713146,0.15789473684210525,0.28738422058282487,1
x_aq_ifu_top/x_aq_ifu_ibuf/ipack_create1_en,53,0.006376323387872955,4.273999999999999,2.9344091651653117,0.16981132075471697,0.2438577628997897,1
x_aq_ifu_top/x_aq_ifu_ibuf/ipack_expt_high,0,0.0,0.0,0.0,0.0,,0
x_aq_ifu_top/x_aq_ifu_ibuf/ipack_inst_32,73,0.008782483156881618,5.037490958904109,3.458600757895558,0.1506849315068493,-0.09861237211588215,1
x_aq_ifu_top/x_aq_ifu_ibuf/pop0_inst_32,19,0.002285851780558229,3.6596315789473692,2.5126009467458035,0.05263157894736842,-0.13638843853311947,1
x_aq_ifu_top/x_aq_ifu_ibuf/pop1[5:0],53,0.006376323387872955,5.239056603773584,3.5969901064419885,0.07547169811320754,-0.08653571752929257,3
x_aq_ifu_top/x_aq_ifu_ibuf/pop_entry0_acc_err,0,0.0,0.0,0.0,0.0,,0
x_aq_ifu_top/x_aq_ifu_ibuf/pop_entry0_create_acc_err,0,0.0,0.0,0.0,0.0,,0
x_aq_ifu_top/x_aq_ifu_ibuf/pop_entry0_create_data_en,59,0.007098171318575553,3.9559274576271184,2.716029431069286,0.03389830508474576,-0.2017587587081603,1
x_aq_ifu_top/x_aq_ifu_ibuf/pop_entry0_create_en,29,0.00348893166506256,5.3950689655172415,3.704103841626751,0.06896551724137931,0.19607382270170368,1
x_aq_ifu_top/x_aq_ifu_ibuf/pop_entry0_create_halt_info[21:0],1,0.00012030798845043312,21.131999999999998,14.508641665482774,1.0,-0.18268400597289075,1
x_aq_ifu_top/x_aq_ifu_ibuf/pop_entry0_create_inst[15:0],281,0.033806544754571705,4.850601850533808,3.330287909867625,0.12811387900355872,0.017718084656244627,12
x_aq_ifu_top/x_aq_ifu_ibuf/pop_entry0_create_pgflt,0,0.0,0.0,0.0,0.0,,0
x_aq_ifu_top/x_aq_ifu_ibuf/pop_entry0_create_pred_taken[1:0],0,0.0,0.0,0.0,0.0,,0
x_aq_ifu_top/x_aq_ifu_ibuf/pop_entry0_halt_info[21:0],2,0.00024061597690086623,2.4720000000000026,1.697206236848072,0.0,-0.1361115999059323,2
x_aq_ifu_top/x_aq_ifu_ibuf/pop_entry0_inst[15:0],126,0.015158806544754572,4.761174603174603,3.2688896566466714,0.07936507936507936,-0.02022497799924655,11
x_aq_ifu_top/x_aq_ifu_ibuf/pop_entry0_pgflt,0,0.0,0.0,0.0,0.0,,0
x_aq_ifu_top/x_aq_ifu_ibuf/pop_entry0_pred_taken[1:0],0,0.0,0.0,0.0,0.0,,0
x_aq_ifu_top/x_aq_ifu_ibuf/pop_entry0_retire_en,81,0.009744947064485083,5.318046419753087,3.651222310458127,0.13580246913580246,0.08540521474474524,1
x_aq_ifu_top/x_aq_ifu_ibuf/pop_entry0_vld,59,0.007098171318575553,3.686605423728814,2.531120436064104,0.05084745762711865,-0.14017066368266745,1
x_aq_ifu_top/x_aq_ifu_ibuf/pop_entry1_acc_err,0,0.0,0.0,0.0,0.0,,0
x_aq_ifu_top/x_aq_ifu_ibuf/pop_entry1_create_acc_err,0,0.0,0.0,0.0,0.0,,0
x_aq_ifu_top/x_aq_ifu_ibuf/pop_entry1_create_data_en,65,0.007820019249278153,3.876836923076923,2.661728076492328,0.03076923076923077,-0.16176399938691297,1
x_aq_ifu_top/x_aq_ifu_ibuf/pop_entry1_create_en,19,0.002285851780558229,4.797421052631578,3.2937754576507072,0.0,0.1685297725120319,1
x_aq_ifu_top/x_aq_ifu_ibuf/pop_entry1_create_halt_info[21:0],0,0.0,0.0,0.0,0.0,,0
x_aq_ifu_top/x_aq_ifu_ibuf/pop_entry1_create_inst[15:0],326,0.039220404234841195,4.768380736196319,3.2738371865447347,0.12269938650306748,-0.042494085853085006,13
x_aq_ifu_top/x_aq_ifu_ibuf/pop_entry1_create_pgflt,0,0.0,0.0,0.0,0.0,,0
x_aq_ifu_top/x_aq_ifu_ibuf/pop_entry1_create_pred_taken[1:0],0,0.0,0.0,0.0,0.0,,0
x_aq_ifu_top/x_aq_ifu_ibuf/pop_entry1_halt_info[21:0],0,0.0,0.0,0.0,0.0,,0
x_aq_ifu_top/x_aq_ifu_ibuf/pop_entry1_inst[15:0],94,0.011308950914340712,4.356223404255319,2.990861460681901,0.02127659574468085,-0.04355840160576228,12
x_aq_ifu_top/x_aq_ifu_ibuf/pop_entry1_pgflt,0,0.0,0.0,0.0,0.0,,0
x_aq_ifu_top/x_aq_ifu_ibuf/pop_entry1_pred_taken[1:0],0,0.0,0.0,0.0,0.0,,0
x_aq_ifu_top/x_aq_ifu_ibuf/pop_entry1_retire_en,81,0.009744947064485083,5.318046419753087,3.651222310458127,0.13580246913580246,0.08540521474474524,1
x_aq_ifu_top/x_aq_ifu_ibuf/pop_entry1_vld,55,0.006616939364773821,3.763267636363637,2.5837545725586004,0.05454545454545454,-0.12973298773596623,1
x_aq_ifu_top/x_aq_ifu_ibuf/pop_entry_acc_err,0,0.0,0.0,0.0,0.0,,0
x_aq_ifu_top/x_aq_ifu_ibuf/pop_entry_expt_high,0,0.0,0.0,0.0,0.0,,0
x_aq_ifu_top/x_aq_ifu_ibuf/pop_entry_halt_info[21:0],2,0.00024061597690086623,2.4720000000000026,1.697206236848072,0.0,-0.1361115999059323,2
x_aq_ifu_top/x_aq_ifu_ibuf/pop_entry_inst[31:0],150,0.018046198267564966,4.74652,3.2588282149369348,0.07333333333333333,-0.04355784780852324,21
x_aq_ifu_top/x_aq_ifu_ibuf/pop_entry_pgflt,0,0.0,0.0,0.0,0.0,,0
x_aq_ifu_top/x_aq_ifu_ibuf/pop_entry_pred_taken[1:0],0,0.0,0.0,0.0,0.0,,0
x_aq_ifu_top/x_aq_ifu_ibuf/pop_entry_vld,59,0.007098171318575553,3.686605423728814,2.531120436064104,0.05084745762711865,-0.14017066368266745,1
x_aq_ifu_top/x_aq_ifu_ibuf/push0_bypass[5:0],145,0.0174446583253128,5.729289655172415,3.933570443150385,0.1724137931034483,-0.16737549683906752,3
x_aq_ifu_top/x_aq_ifu_ibuf/push1[5:0],145,0.0174446583253128,5.729289655172415,3.933570443150385,0.1724137931034483,-0.18060083250553144,3
x_aq_ifu_top/x_aq_ifu_ibuf/push1_bypass[5:0],145,0.0174446583253128,5.729289655172415,3.933570443150385,0.1724137931034483,-0.18060083250553144,3
x_aq_ifu_top/x_aq_ifu_ibuf/push2[5:0],143,0.017204042348411934,5.693622377622378,3.90908228542008,0.17482517482517482,-0.028295313386163482,3
x_aq_ifu_top/x_aq_ifu_ibuf/push2_bypass[5:0],143,0.017204042348411934,5.693622377622378,3.90908228542008,0.17482517482517482,-0.028295313386163482,3
x_aq_ifu_top/x_aq_ifu_ibuf/x_ifu_ibuf_icg_cell/clk_in,0,0.0,0.0,0.0,0.0,,0
x_aq_ifu_top/x_aq_ifu_ibuf/x_ifu_ibuf_icg_cell/global_en,1,0.00012030798845043312,21.131999999999998,14.508641665482774,1.0,-0.18268400597289075,1
x_aq_ifu_top/x_aq_ifu_ibuf/x_ifu_ibuf_icg_cell/module_en,0,0.0,0.0,0.0,0.0,,0
x_aq_ifu_top/x_aq_ifu_ibuf/x_ifu_ibuf_icg_cell/local_en,95,0.011429258902791145,4.6348812631578955,3.182180172686829,0.10526315789473684,-0.08207058171316127,1
x_aq_ifu_top/x_aq_ifu_ibuf/x_ifu_ibuf_icg_cell/external_en,0,0.0,0.0,0.0,0.0,,0
x_aq_ifu_top/x_aq_ifu_ibuf/x_ifu_ibuf_icg_cell/pad_yy_icg_scan_en,0,0.0,0.0,0.0,0.0,,0
x_aq_ifu_top/x_aq_ifu_ibuf/x_ifu_ibuf_icg_cell/clk_out,0,0.0,0.0,0.0,0.0,,0
x_aq_ifu_top/x_aq_ifu_ibuf/x_ifu_ibuf_icg_cell/clk_en_bf_latch,95,0.011429258902791145,4.6348812631578955,3.182180172686829,0.10526315789473684,-0.08207058171316127,1
x_aq_ifu_top/x_aq_ifu_ibuf/x_ifu_ibuf_icg_cell/SE,0,0.0,0.0,0.0,0.0,,0
x_aq_ifu_top/x_aq_ifu_ibuf/x_aq_ifu_ibuf_entry0/cp0_ifu_icg_en,0,0.0,0.0,0.0,0.0,,0
x_aq_ifu_top/x_aq_ifu_ibuf/x_aq_ifu_ibuf_entry0/cp0_yy_clk_en,1,0.00012030798845043312,21.131999999999998,14.508641665482774,1.0,-0.18268400597289075,1
x_aq_ifu_top/x_aq_ifu_ibuf/x_aq_ifu_ibuf_entry0/cpurst_b,3,0.0003609239653512993,11.372333333333332,7.807926804550378,0.3333333333333333,-0.0221134756398446,1
x_aq_ifu_top/x_aq_ifu_ibuf/x_aq_ifu_ibuf_entry0/forever_cpuclk,0,0.0,0.0,0.0,0.0,,0
x_aq_ifu_top/x_aq_ifu_ibuf/x_aq_ifu_ibuf_entry0/ibuf_cpuclk,0,0.0,0.0,0.0,0.0,,0
x_aq_ifu_top/x_aq_ifu_ibuf/x_aq_ifu_ibuf_entry0/ibuf_create0_acc_err,0,0.0,0.0,0.0,0.0,,0
x_aq_ifu_top/x_aq_ifu_ibuf/x_aq_ifu_ibuf_entry0/ibuf_create0_halt_info[21:0],1,0.00012030798845043312,21.131999999999998,14.508641665482774,1.0,-0.18268400597289075,1
x_aq_ifu_top/x_aq_ifu_ibuf/x_aq_ifu_ibuf_entry0/ibuf_create0_inst[15:0],332,0.03994225216554379,5.136440843373494,3.5265369880965434,0.1716867469879518,0.1539610004527717,13
x_aq_ifu_top/x_aq_ifu_ibuf/x_aq_ifu_ibuf_entry0/ibuf_create0_pgflt,0,0.0,0.0,0.0,0.0,,0
x_aq_ifu_top/x_aq_ifu_ibuf/x_aq_ifu_ibuf_entry0/ibuf_create0_pred_taken[1:0],0,0.0,0.0,0.0,0.0,,0
x_aq_ifu_top/x_aq_ifu_ibuf/x_aq_ifu_ibuf_entry0/ibuf_create1_acc_err,0,0.0,0.0,0.0,0.0,,0
x_aq_ifu_top/x_aq_ifu_ibuf/x_aq_ifu_ibuf_entry0/ibuf_create1_halt_info[21:0],1,0.00012030798845043312,21.131999999999998,14.508641665482774,1.0,-0.18268400597289075,1
x_aq_ifu_top/x_aq_ifu_ibuf/x_aq_ifu_ibuf_entry0/ibuf_create1_inst[15:0],333,0.040062560153994224,5.00415987987988,3.435716568898471,0.15015015015015015,0.032155927485873564,13
x_aq_ifu_top/x_aq_ifu_ibuf/x_aq_ifu_ibuf_entry0/ibuf_create1_pgflt,0,0.0,0.0,0.0,0.0,,0
x_aq_ifu_top/x_aq_ifu_ibuf/x_aq_ifu_ibuf_entry0/ibuf_create1_pred_taken[1:0],0,0.0,0.0,0.0,0.0,,0
x_aq_ifu_top/x_aq_ifu_ibuf/x_aq_ifu_ibuf_entry0/ibuf_create2_acc_err,0,0.0,0.0,0.0,0.0,,0
x_aq_ifu_top/x_aq_ifu_ibuf/x_aq_ifu_ibuf_entry0/ibuf_create2_halt_info[21:0],1,0.00012030798845043312,21.131999999999998,14.508641665482774,1.0,-0.18268400597289075,1
x_aq_ifu_top/x_aq_ifu_ibuf/x_aq_ifu_ibuf_entry0/ibuf_create2_inst[15:0],276,0.03320500481231954,5.042544927536232,3.4620706717641965,0.15579710144927536,0.02280634819465097,12
x_aq_ifu_top/x_aq_ifu_ibuf/x_aq_ifu_ibuf_entry0/ibuf_create2_pgflt,0,0.0,0.0,0.0,0.0,,0
x_aq_ifu_top/x_aq_ifu_ibuf/x_aq_ifu_ibuf_entry0/ibuf_create2_pred_taken[1:0],0,0.0,0.0,0.0,0.0,,0
x_aq_ifu_top/x_aq_ifu_ibuf/x_aq_ifu_ibuf_entry0/ibuf_entry_acc_err,0,0.0,0.0,0.0,0.0,,0
x_aq_ifu_top/x_aq_ifu_ibuf/x_aq_ifu_ibuf_entry0/ibuf_entry_create0_data_en,2,0.00024061597690086623,2.4000000000000004,1.6477730454835635,0.0,0.03935959817104764,1
x_aq_ifu_top/x_aq_ifu_ibuf/x_aq_ifu_ibuf_entry0/ibuf_entry_create0_en,0,0.0,0.0,0.0,0.0,,0
x_aq_ifu_top/x_aq_ifu_ibuf/x_aq_ifu_ibuf_entry0/ibuf_entry_create1_data_en,4,0.00048123195380173246,5.41525,3.717959576897861,0.0,0.11050174737266563,1
x_aq_ifu_top/x_aq_ifu_ibuf/x_aq_ifu_ibuf_entry0/ibuf_entry_create1_en,0,0.0,0.0,0.0,0.0,,0
x_aq_ifu_top/x_aq_ifu_ibuf/x_aq_ifu_ibuf_entry0/ibuf_entry_create2_data_en,0,0.0,0.0,0.0,0.0,,0
x_aq_ifu_top/x_aq_ifu_ibuf/x_aq_ifu_ibuf_entry0/ibuf_entry_create2_en,0,0.0,0.0,0.0,0.0,,0
x_aq_ifu_top/x_aq_ifu_ibuf/x_aq_ifu_ibuf_entry0/ibuf_entry_halt_info[21:0],2,0.00024061597690086623,1.778000000000004,1.2207251978624092,0.0,-0.23580225032451757,2
x_aq_ifu_top/x_aq_ifu_ibuf/x_aq_ifu_ibuf_entry0/ibuf_entry_inst[15:0],52,0.006256015399422521,4.990211538461539,3.4261400268074946,0.15384615384615385,-0.04825281700384013,11
x_aq_ifu_top/x_aq_ifu_ibuf/x_aq_ifu_ibuf_entry0/ibuf_entry_pgflt,0,0.0,0.0,0.0,0.0,,0
x_aq_ifu_top/x_aq_ifu_ibuf/x_aq_ifu_ibuf_entry0/ibuf_entry_pred_taken[1:0],0,0.0,0.0,0.0,0.0,,0
x_aq_ifu_top/x_aq_ifu_ibuf/x_aq_ifu_ibuf_entry0/ibuf_entry_retire0_en,0,0.0,0.0,0.0,0.0,,0
x_aq_ifu_top/x_aq_ifu_ibuf/x_aq_ifu_ibuf_entry0/ibuf_entry_retire1_en,0,0.0,0.0,0.0,0.0,,0
x_aq_ifu_top/x_aq_ifu_ibuf/x_aq_ifu_ibuf_entry0/ibuf_entry_vld,42,0.00505293551491819,4.450540952380953,3.055617257980867,0.19047619047619047,-0.3087876241235074,1
x_aq_ifu_top/x_aq_ifu_ibuf/x_aq_ifu_ibuf_entry0/ibuf_flush_en,80,0.009624639076034648,5.2999025,3.6387652013295626,0.1,0.08835595735112509,1
x_aq_ifu_top/x_aq_ifu_ibuf/x_aq_ifu_ibuf_entry0/pad_yy_icg_scan_en,0,0.0,0.0,0.0,0.0,,0
x_aq_ifu_top/x_aq_ifu_ibuf/x_aq_ifu_ibuf_entry0/vec_ibuf_warm_up,0,0.0,0.0,0.0,0.0,,0
x_aq_ifu_top/x_aq_ifu_ibuf/x_aq_ifu_ibuf_entry0/entry_acc_err_upd,0,0.0,0.0,0.0,0.0,,0
x_aq_ifu_top/x_aq_ifu_ibuf/x_aq_ifu_ibuf_entry0/entry_cpuclk,0,0.0,0.0,0.0,0.0,,0
x_aq_ifu_top/x_aq_ifu_ibuf/x_aq_ifu_ibuf_entry0/entry_create,0,0.0,0.0,0.0,0.0,,0
x_aq_ifu_top/x_aq_ifu_ibuf/x_aq_ifu_ibuf_entry0/entry_data_create,0,0.0,0.0,0.0,0.0,,0
x_aq_ifu_top/x_aq_ifu_ibuf/x_aq_ifu_ibuf_entry0/entry_halt_info_upd[21:0],105,0.012632338787295477,3.6356697142857146,2.496149398950387,0.12380952380952381,0.291026723208508,2
x_aq_ifu_top/x_aq_ifu_ibuf/x_aq_ifu_ibuf_entry0/entry_icg_create,6,0.0007218479307025986,3.6794999999999995,2.526242050356988,0.0,0.1260092889913441,1
x_aq_ifu_top/x_aq_ifu_ibuf/x_aq_ifu_ibuf_entry0/entry_icg_en,6,0.0007218479307025986,3.6794999999999995,2.526242050356988,0.0,0.1260092889913441,1
x_aq_ifu_top/x_aq_ifu_ibuf/x_aq_ifu_ibuf_entry0/entry_inst_upd[15:0],108,0.012993262752646775,3.6340677777777777,2.4950495540344058,0.12037037037037036,0.2207162729811477,10
x_aq_ifu_top/x_aq_ifu_ibuf/x_aq_ifu_ibuf_entry0/entry_pgflt_upd,0,0.0,0.0,0.0,0.0,,0
x_aq_ifu_top/x_aq_ifu_ibuf/x_aq_ifu_ibuf_entry0/entry_pred_taken_upd[1:0],0,0.0,0.0,0.0,0.0,,0
x_aq_ifu_top/x_aq_ifu_ibuf/x_aq_ifu_ibuf_entry0/entry_retire,0,0.0,0.0,0.0,0.0,,0
x_aq_ifu_top/x_aq_ifu_ibuf/x_aq_ifu_ibuf_entry0/x_ibuf_data_icg_cell/clk_in,0,0.0,0.0,0.0,0.0,,0
x_aq_ifu_top/x_aq_ifu_ibuf/x_aq_ifu_ibuf_entry0/x_ibuf_data_icg_cell/global_en,1,0.00012030798845043312,21.131999999999998,14.508641665482774,1.0,-0.18268400597289075,1
x_aq_ifu_top/x_aq_ifu_ibuf/x_aq_ifu_ibuf_entry0/x_ibuf_data_icg_cell/module_en,0,0.0,0.0,0.0,0.0,,0
x_aq_ifu_top/x_aq_ifu_ibuf/x_aq_ifu_ibuf_entry0/x_ibuf_data_icg_cell/local_en,6,0.0007218479307025986,3.6794999999999995,2.526242050356988,0.0,0.1260092889913441,1
x_aq_ifu_top/x_aq_ifu_ibuf/x_aq_ifu_ibuf_entry0/x_ibuf_data_icg_cell/external_en,0,0.0,0.0,0.0,0.0,,0
x_aq_ifu_top/x_aq_ifu_ibuf/x_aq_ifu_ibuf_entry0/x_ibuf_data_icg_cell/pad_yy_icg_scan_en,0,0.0,0.0,0.0,0.0,,0
x_aq_ifu_top/x_aq_ifu_ibuf/x_aq_ifu_ibuf_entry0/x_ibuf_data_icg_cell/clk_out,0,0.0,0.0,0.0,0.0,,0
x_aq_ifu_top/x_aq_ifu_ibuf/x_aq_ifu_ibuf_entry0/x_ibuf_data_icg_cell/clk_en_bf_latch,6,0.0007218479307025986,3.6794999999999995,2.526242050356988,0.0,0.1260092889913441,1
x_aq_ifu_top/x_aq_ifu_ibuf/x_aq_ifu_ibuf_entry0/x_ibuf_data_icg_cell/SE,0,0.0,0.0,0.0,0.0,,0
x_aq_ifu_top/x_aq_ifu_ibuf/x_aq_ifu_ibuf_entry1/cp0_ifu_icg_en,0,0.0,0.0,0.0,0.0,,0
x_aq_ifu_top/x_aq_ifu_ibuf/x_aq_ifu_ibuf_entry1/cp0_yy_clk_en,1,0.00012030798845043312,21.131999999999998,14.508641665482774,1.0,-0.18268400597289075,1
x_aq_ifu_top/x_aq_ifu_ibuf/x_aq_ifu_ibuf_entry1/cpurst_b,3,0.0003609239653512993,11.372333333333332,7.807926804550378,0.3333333333333333,-0.0221134756398446,1
x_aq_ifu_top/x_aq_ifu_ibuf/x_aq_ifu_ibuf_entry1/forever_cpuclk,0,0.0,0.0,0.0,0.0,,0
x_aq_ifu_top/x_aq_ifu_ibuf/x_aq_ifu_ibuf_entry1/ibuf_cpuclk,0,0.0,0.0,0.0,0.0,,0
x_aq_ifu_top/x_aq_ifu_ibuf/x_aq_ifu_ibuf_entry1/ibuf_create0_acc_err,0,0.0,0.0,0.0,0.0,,0
x_aq_ifu_top/x_aq_ifu_ibuf/x_aq_ifu_ibuf_entry1/ibuf_create0_halt_info[21:0],1,0.00012030798845043312,21.131999999999998,14.508641665482774,1.0,-0.18268400597289075,1
x_aq_ifu_top/x_aq_ifu_ibuf/x_aq_ifu_ibuf_entry1/ibuf_create0_inst[15:0],332,0.03994225216554379,5.136440843373494,3.5265369880965434,0.1716867469879518,0.1539610004527717,13
x_aq_ifu_top/x_aq_ifu_ibuf/x_aq_ifu_ibuf_entry1/ibuf_create0_pgflt,0,0.0,0.0,0.0,0.0,,0
x_aq_ifu_top/x_aq_ifu_ibuf/x_aq_ifu_ibuf_entry1/ibuf_create0_pred_taken[1:0],0,0.0,0.0,0.0,0.0,,0
x_aq_ifu_top/x_aq_ifu_ibuf/x_aq_ifu_ibuf_entry1/ibuf_create1_acc_err,0,0.0,0.0,0.0,0.0,,0
x_aq_ifu_top/x_aq_ifu_ibuf/x_aq_ifu_ibuf_entry1/ibuf_create1_halt_info[21:0],1,0.00012030798845043312,21.131999999999998,14.508641665482774,1.0,-0.18268400597289075,1
x_aq_ifu_top/x_aq_ifu_ibuf/x_aq_ifu_ibuf_entry1/ibuf_create1_inst[15:0],333,0.040062560153994224,5.00415987987988,3.435716568898471,0.15015015015015015,0.032155927485873564,13
x_aq_ifu_top/x_aq_ifu_ibuf/x_aq_ifu_ibuf_entry1/ibuf_create1_pgflt,0,0.0,0.0,0.0,0.0,,0
x_aq_ifu_top/x_aq_ifu_ibuf/x_aq_ifu_ibuf_entry1/ibuf_create1_pred_taken[1:0],0,0.0,0.0,0.0,0.0,,0
x_aq_ifu_top/x_aq_ifu_ibuf/x_aq_ifu_ibuf_entry1/ibuf_create2_acc_err,0,0.0,0.0,0.0,0.0,,0
x_aq_ifu_top/x_aq_ifu_ibuf/x_aq_ifu_ibuf_entry1/ibuf_create2_halt_info[21:0],1,0.00012030798845043312,21.131999999999998,14.508641665482774,1.0,-0.18268400597289075,1
x_aq_ifu_top/x_aq_ifu_ibuf/x_aq_ifu_ibuf_entry1/ibuf_create2_inst[15:0],276,0.03320500481231954,5.042544927536232,3.4620706717641965,0.15579710144927536,0.02280634819465097,12
x_aq_ifu_top/x_aq_ifu_ibuf/x_aq_ifu_ibuf_entry1/ibuf_create2_pgflt,0,0.0,0.0,0.0,0.0,,0
x_aq_ifu_top/x_aq_ifu_ibuf/x_aq_ifu_ibuf_entry1/ibuf_create2_pred_taken[1:0],0,0.0,0.0,0.0,0.0,,0
x_aq_ifu_top/x_aq_ifu_ibuf/x_aq_ifu_ibuf_entry1/ibuf_entry_acc_err,0,0.0,0.0,0.0,0.0,,0
x_aq_ifu_top/x_aq_ifu_ibuf/x_aq_ifu_ibuf_entry1/ibuf_entry_create0_data_en,0,0.0,0.0,0.0,0.0,,0
x_aq_ifu_top/x_aq_ifu_ibuf/x_aq_ifu_ibuf_entry1/ibuf_entry_create0_en,0,0.0,0.0,0.0,0.0,,0
x_aq_ifu_top/x_aq_ifu_ibuf/x_aq_ifu_ibuf_entry1/ibuf_entry_create1_data_en,2,0.00024061597690086623,2.4000000000000004,1.6477730454835635,0.0,0.03935959817104764,1
x_aq_ifu_top/x_aq_ifu_ibuf/x_aq_ifu_ibuf_entry1/ibuf_entry_create1_en,0,0.0,0.0,0.0,0.0,,0
x_aq_ifu_top/x_aq_ifu_ibuf/x_aq_ifu_ibuf_entry1/ibuf_entry_create2_data_en,0,0.0,0.0,0.0,0.0,,0
x_aq_ifu_top/x_aq_ifu_ibuf/x_aq_ifu_ibuf_entry1/ibuf_entry_create2_en,0,0.0,0.0,0.0,0.0,,0
x_aq_ifu_top/x_aq_ifu_ibuf/x_aq_ifu_ibuf_entry1/ibuf_entry_halt_info[21:0],2,0.00024061597690086623,1.778000000000004,1.2207251978624092,0.0,-0.23580225032451757,2
x_aq_ifu_top/x_aq_ifu_ibuf/x_aq_ifu_ibuf_entry1/ibuf_entry_inst[15:0],46,0.005534167468719923,4.83541304347826,3.319859698676299,0.17391304347826086,-0.10386826691449419,11
x_aq_ifu_top/x_aq_ifu_ibuf/x_aq_ifu_ibuf_entry1/ibuf_entry_pgflt,0,0.0,0.0,0.0,0.0,,0
x_aq_ifu_top/x_aq_ifu_ibuf/x_aq_ifu_ibuf_entry1/ibuf_entry_pred_taken[1:0],0,0.0,0.0,0.0,0.0,,0
x_aq_ifu_top/x_aq_ifu_ibuf/x_aq_ifu_ibuf_entry1/ibuf_entry_retire0_en,0,0.0,0.0,0.0,0.0,,0
x_aq_ifu_top/x_aq_ifu_ibuf/x_aq_ifu_ibuf_entry1/ibuf_entry_retire1_en,0,0.0,0.0,0.0,0.0,,0
x_aq_ifu_top/x_aq_ifu_ibuf/x_aq_ifu_ibuf_entry1/ibuf_entry_vld,44,0.0052935514918190565,4.78313,3.2839636196015816,0.20454545454545456,-0.3132549554042179,1
x_aq_ifu_top/x_aq_ifu_ibuf/x_aq_ifu_ibuf_entry1/ibuf_flush_en,80,0.009624639076034648,5.2999025,3.6387652013295626,0.1,0.08835595735112509,1
x_aq_ifu_top/x_aq_ifu_ibuf/x_aq_ifu_ibuf_entry1/pad_yy_icg_scan_en,0,0.0,0.0,0.0,0.0,,0
x_aq_ifu_top/x_aq_ifu_ibuf/x_aq_ifu_ibuf_entry1/vec_ibuf_warm_up,0,0.0,0.0,0.0,0.0,,0
x_aq_ifu_top/x_aq_ifu_ibuf/x_aq_ifu_ibuf_entry1/entry_acc_err_upd,0,0.0,0.0,0.0,0.0,,0
x_aq_ifu_top/x_aq_ifu_ibuf/x_aq_ifu_ibuf_entry1/entry_cpuclk,0,0.0,0.0,0.0,0.0,,0
x_aq_ifu_top/x_aq_ifu_ibuf/x_aq_ifu_ibuf_entry1/entry_create,0,0.0,0.0,0.0,0.0,,0
x_aq_ifu_top/x_aq_ifu_ibuf/x_aq_ifu_ibuf_entry1/entry_data_create,0,0.0,0.0,0.0,0.0,,0
x_aq_ifu_top/x_aq_ifu_ibuf/x_aq_ifu_ibuf_entry1/entry_halt_info_upd[21:0],63,0.007579403272377286,4.539015873015874,3.116361670240667,0.1111111111111111,0.2685290184593174,2
x_aq_ifu_top/x_aq_ifu_ibuf/x_aq_ifu_ibuf_entry1/entry_icg_create,2,0.00024061597690086623,4.549,3.1232164932936373,0.0,0.06127032934283621,1
x_aq_ifu_top/x_aq_ifu_ibuf/x_aq_ifu_ibuf_entry1/entry_icg_en,2,0.00024061597690086623,4.549,3.1232164932936373,0.0,0.06127032934283621,1
x_aq_ifu_top/x_aq_ifu_ibuf/x_aq_ifu_ibuf_entry1/entry_inst_upd[15:0],65,0.007820019249278153,4.497153846153847,3.087620370452102,0.1076923076923077,0.18451907051567942,9
x_aq_ifu_top/x_aq_ifu_ibuf/x_aq_ifu_ibuf_entry1/entry_pgflt_upd,0,0.0,0.0,0.0,0.0,,0
x_aq_ifu_top/x_aq_ifu_ibuf/x_aq_ifu_ibuf_entry1/entry_pred_taken_upd[1:0],0,0.0,0.0,0.0,0.0,,0
x_aq_ifu_top/x_aq_ifu_ibuf/x_aq_ifu_ibuf_entry1/entry_retire,0,0.0,0.0,0.0,0.0,,0
x_aq_ifu_top/x_aq_ifu_ibuf/x_aq_ifu_ibuf_entry1/x_ibuf_data_icg_cell/clk_in,0,0.0,0.0,0.0,0.0,,0
x_aq_ifu_top/x_aq_ifu_ibuf/x_aq_ifu_ibuf_entry1/x_ibuf_data_icg_cell/global_en,1,0.00012030798845043312,21.131999999999998,14.508641665482774,1.0,-0.18268400597289075,1
x_aq_ifu_top/x_aq_ifu_ibuf/x_aq_ifu_ibuf_entry1/x_ibuf_data_icg_cell/module_en,0,0.0,0.0,0.0,0.0,,0
x_aq_ifu_top/x_aq_ifu_ibuf/x_aq_ifu_ibuf_entry1/x_ibuf_data_icg_cell/local_en,2,0.00024061597690086623,4.549,3.1232164932936373,0.0,0.06127032934283621,1
x_aq_ifu_top/x_aq_ifu_ibuf/x_aq_ifu_ibuf_entry1/x_ibuf_data_icg_cell/external_en,0,0.0,0.0,0.0,0.0,,0
x_aq_ifu_top/x_aq_ifu_ibuf/x_aq_ifu_ibuf_entry1/x_ibuf_data_icg_cell/pad_yy_icg_scan_en,0,0.0,0.0,0.0,0.0,,0
x_aq_ifu_top/x_aq_ifu_ibuf/x_aq_ifu_ibuf_entry1/x_ibuf_data_icg_cell/clk_out,0,0.0,0.0,0.0,0.0,,0
x_aq_ifu_top/x_aq_ifu_ibuf/x_aq_ifu_ibuf_entry1/x_ibuf_data_icg_cell/clk_en_bf_latch,2,0.00024061597690086623,4.549,3.1232164932936373,0.0,0.06127032934283621,1
x_aq_ifu_top/x_aq_ifu_ibuf/x_aq_ifu_ibuf_entry1/x_ibuf_data_icg_cell/SE,0,0.0,0.0,0.0,0.0,,0
x_aq_ifu_top/x_aq_ifu_ibuf/x_aq_ifu_ibuf_entry2/cp0_ifu_icg_en,0,0.0,0.0,0.0,0.0,,0
x_aq_ifu_top/x_aq_ifu_ibuf/x_aq_ifu_ibuf_entry2/cp0_yy_clk_en,1,0.00012030798845043312,21.131999999999998,14.508641665482774,1.0,-0.18268400597289075,1
x_aq_ifu_top/x_aq_ifu_ibuf/x_aq_ifu_ibuf_entry2/cpurst_b,3,0.0003609239653512993,11.372333333333332,7.807926804550378,0.3333333333333333,-0.0221134756398446,1
x_aq_ifu_top/x_aq_ifu_ibuf/x_aq_ifu_ibuf_entry2/forever_cpuclk,0,0.0,0.0,0.0,0.0,,0
x_aq_ifu_top/x_aq_ifu_ibuf/x_aq_ifu_ibuf_entry2/ibuf_cpuclk,0,0.0,0.0,0.0,0.0,,0
x_aq_ifu_top/x_aq_ifu_ibuf/x_aq_ifu_ibuf_entry2/ibuf_create0_acc_err,0,0.0,0.0,0.0,0.0,,0
x_aq_ifu_top/x_aq_ifu_ibuf/x_aq_ifu_ibuf_entry2/ibuf_create0_halt_info[21:0],1,0.00012030798845043312,21.131999999999998,14.508641665482774,1.0,-0.18268400597289075,1
x_aq_ifu_top/x_aq_ifu_ibuf/x_aq_ifu_ibuf_entry2/ibuf_create0_inst[15:0],332,0.03994225216554379,5.136440843373494,3.5265369880965434,0.1716867469879518,0.1539610004527717,13
x_aq_ifu_top/x_aq_ifu_ibuf/x_aq_ifu_ibuf_entry2/ibuf_create0_pgflt,0,0.0,0.0,0.0,0.0,,0
x_aq_ifu_top/x_aq_ifu_ibuf/x_aq_ifu_ibuf_entry2/ibuf_create0_pred_taken[1:0],0,0.0,0.0,0.0,0.0,,0
x_aq_ifu_top/x_aq_ifu_ibuf/x_aq_ifu_ibuf_entry2/ibuf_create1_acc_err,0,0.0,0.0,0.0,0.0,,0
x_aq_ifu_top/x_aq_ifu_ibuf/x_aq_ifu_ibuf_entry2/ibuf_create1_halt_info[21:0],1,0.00012030798845043312,21.131999999999998,14.508641665482774,1.0,-0.18268400597289075,1
x_aq_ifu_top/x_aq_ifu_ibuf/x_aq_ifu_ibuf_entry2/ibuf_create1_inst[15:0],333,0.040062560153994224,5.00415987987988,3.435716568898471,0.15015015015015015,0.032155927485873564,13
x_aq_ifu_top/x_aq_ifu_ibuf/x_aq_ifu_ibuf_entry2/ibuf_create1_pgflt,0,0.0,0.0,0.0,0.0,,0
x_aq_ifu_top/x_aq_ifu_ibuf/x_aq_ifu_ibuf_entry2/ibuf_create1_pred_taken[1:0],0,0.0,0.0,0.0,0.0,,0
x_aq_ifu_top/x_aq_ifu_ibuf/x_aq_ifu_ibuf_entry2/ibuf_create2_acc_err,0,0.0,0.0,0.0,0.0,,0
x_aq_ifu_top/x_aq_ifu_ibuf/x_aq_ifu_ibuf_entry2/ibuf_create2_halt_info[21:0],1,0.00012030798845043312,21.131999999999998,14.508641665482774,1.0,-0.18268400597289075,1
x_aq_ifu_top/x_aq_ifu_ibuf/x_aq_ifu_ibuf_entry2/ibuf_create2_inst[15:0],276,0.03320500481231954,5.042544927536232,3.4620706717641965,0.15579710144927536,0.02280634819465097,12
x_aq_ifu_top/x_aq_ifu_ibuf/x_aq_ifu_ibuf_entry2/ibuf_create2_pgflt,0,0.0,0.0,0.0,0.0,,0
x_aq_ifu_top/x_aq_ifu_ibuf/x_aq_ifu_ibuf_entry2/ibuf_create2_pred_taken[1:0],0,0.0,0.0,0.0,0.0,,0
x_aq_ifu_top/x_aq_ifu_ibuf/x_aq_ifu_ibuf_entry2/ibuf_entry_acc_err,0,0.0,0.0,0.0,0.0,,0
x_aq_ifu_top/x_aq_ifu_ibuf/x_aq_ifu_ibuf_entry2/ibuf_entry_create0_data_en,4,0.00048123195380173246,2.6625000000000014,1.8279982223333289,0.0,0.05358980549938384,1
x_aq_ifu_top/x_aq_ifu_ibuf/x_aq_ifu_ibuf_entry2/ibuf_entry_create0_en,0,0.0,0.0,0.0,0.0,,0
x_aq_ifu_top/x_aq_ifu_ibuf/x_aq_ifu_ibuf_entry2/ibuf_entry_create1_data_en,0,0.0,0.0,0.0,0.0,,0
x_aq_ifu_top/x_aq_ifu_ibuf/x_aq_ifu_ibuf_entry2/ibuf_entry_create1_en,0,0.0,0.0,0.0,0.0,,0
x_aq_ifu_top/x_aq_ifu_ibuf/x_aq_ifu_ibuf_entry2/ibuf_entry_create2_data_en,0,0.0,0.0,0.0,0.0,,0
x_aq_ifu_top/x_aq_ifu_ibuf/x_aq_ifu_ibuf_entry2/ibuf_entry_create2_en,0,0.0,0.0,0.0,0.0,,0
x_aq_ifu_top/x_aq_ifu_ibuf/x_aq_ifu_ibuf_entry2/ibuf_entry_halt_info[21:0],2,0.00024061597690086623,1.778000000000004,1.2207251978624092,0.0,-0.23580225032451757,2
x_aq_ifu_top/x_aq_ifu_ibuf/x_aq_ifu_ibuf_entry2/ibuf_entry_inst[15:0],48,0.005774783445620789,5.339104166666668,3.6656799720259654,0.125,-0.030555758774213043,12
x_aq_ifu_top/x_aq_ifu_ibuf/x_aq_ifu_ibuf_entry2/ibuf_entry_pgflt,0,0.0,0.0,0.0,0.0,,0
x_aq_ifu_top/x_aq_ifu_ibuf/x_aq_ifu_ibuf_entry2/ibuf_entry_pred_taken[1:0],0,0.0,0.0,0.0,0.0,,0
x_aq_ifu_top/x_aq_ifu_ibuf/x_aq_ifu_ibuf_entry2/ibuf_entry_retire0_en,0,0.0,0.0,0.0,0.0,,0
x_aq_ifu_top/x_aq_ifu_ibuf/x_aq_ifu_ibuf_entry2/ibuf_entry_retire1_en,0,0.0,0.0,0.0,0.0,,0
x_aq_ifu_top/x_aq_ifu_ibuf/x_aq_ifu_ibuf_entry2/ibuf_entry_vld,40,0.004812319538017324,5.389393,3.7002068820490823,0.15,-0.3132453896619216,1
x_aq_ifu_top/x_aq_ifu_ibuf/x_aq_ifu_ibuf_entry2/ibuf_flush_en,80,0.009624639076034648,5.2999025,3.6387652013295626,0.1,0.08835595735112509,1
x_aq_ifu_top/x_aq_ifu_ibuf/x_aq_ifu_ibuf_entry2/pad_yy_icg_scan_en,0,0.0,0.0,0.0,0.0,,0
x_aq_ifu_top/x_aq_ifu_ibuf/x_aq_ifu_ibuf_entry2/vec_ibuf_warm_up,0,0.0,0.0,0.0,0.0,,0
x_aq_ifu_top/x_aq_ifu_ibuf/x_aq_ifu_ibuf_entry2/entry_acc_err_upd,0,0.0,0.0,0.0,0.0,,0
x_aq_ifu_top/x_aq_ifu_ibuf/x_aq_ifu_ibuf_entry2/entry_cpuclk,0,0.0,0.0,0.0,0.0,,0
x_aq_ifu_top/x_aq_ifu_ibuf/x_aq_ifu_ibuf_entry2/entry_create,0,0.0,0.0,0.0,0.0,,0
x_aq_ifu_top/x_aq_ifu_ibuf/x_aq_ifu_ibuf_entry2/entry_data_create,0,0.0,0.0,0.0,0.0,,0
x_aq_ifu_top/x_aq_ifu_ibuf/x_aq_ifu_ibuf_entry2/entry_halt_info_upd[21:0],70,0.008421559191530318,4.799328571428572,3.295085106841307,0.1,0.27412667368677884,2
x_aq_ifu_top/x_aq_ifu_ibuf/x_aq_ifu_ibuf_entry2/entry_icg_create,6,0.0007218479307025986,3.3280000000000016,2.2849119564038753,0.0,0.0710615409835507,1
x_aq_ifu_top/x_aq_ifu_ibuf/x_aq_ifu_ibuf_entry2/entry_icg_en,6,0.0007218479307025986,3.3280000000000016,2.2849119564038753,0.0,0.0710615409835507,1
x_aq_ifu_top/x_aq_ifu_ibuf/x_aq_ifu_ibuf_entry2/entry_inst_upd[15:0],68,0.008180943214629451,4.850823529411765,3.3304401084008965,0.10294117647058823,0.21540751237379088,10
x_aq_ifu_top/x_aq_ifu_ibuf/x_aq_ifu_ibuf_entry2/entry_pgflt_upd,0,0.0,0.0,0.0,0.0,,0
x_aq_ifu_top/x_aq_ifu_ibuf/x_aq_ifu_ibuf_entry2/entry_pred_taken_upd[1:0],0,0.0,0.0,0.0,0.0,,0
x_aq_ifu_top/x_aq_ifu_ibuf/x_aq_ifu_ibuf_entry2/entry_retire,0,0.0,0.0,0.0,0.0,,0
x_aq_ifu_top/x_aq_ifu_ibuf/x_aq_ifu_ibuf_entry2/x_ibuf_data_icg_cell/clk_in,0,0.0,0.0,0.0,0.0,,0
x_aq_ifu_top/x_aq_ifu_ibuf/x_aq_ifu_ibuf_entry2/x_ibuf_data_icg_cell/global_en,1,0.00012030798845043312,21.131999999999998,14.508641665482774,1.0,-0.18268400597289075,1
x_aq_ifu_top/x_aq_ifu_ibuf/x_aq_ifu_ibuf_entry2/x_ibuf_data_icg_cell/module_en,0,0.0,0.0,0.0,0.0,,0
x_aq_ifu_top/x_aq_ifu_ibuf/x_aq_ifu_ibuf_entry2/x_ibuf_data_icg_cell/local_en,6,0.0007218479307025986,3.3280000000000016,2.2849119564038753,0.0,0.0710615409835507,1
x_aq_ifu_top/x_aq_ifu_ibuf/x_aq_ifu_ibuf_entry2/x_ibuf_data_icg_cell/external_en,0,0.0,0.0,0.0,0.0,,0
x_aq_ifu_top/x_aq_ifu_ibuf/x_aq_ifu_ibuf_entry2/x_ibuf_data_icg_cell/pad_yy_icg_scan_en,0,0.0,0.0,0.0,0.0,,0
x_aq_ifu_top/x_aq_ifu_ibuf/x_aq_ifu_ibuf_entry2/x_ibuf_data_icg_cell/clk_out,0,0.0,0.0,0.0,0.0,,0
x_aq_ifu_top/x_aq_ifu_ibuf/x_aq_ifu_ibuf_entry2/x_ibuf_data_icg_cell/clk_en_bf_latch,6,0.0007218479307025986,3.3280000000000016,2.2849119564038753,0.0,0.0710615409835507,1
x_aq_ifu_top/x_aq_ifu_ibuf/x_aq_ifu_ibuf_entry2/x_ibuf_data_icg_cell/SE,0,0.0,0.0,0.0,0.0,,0
x_aq_ifu_top/x_aq_ifu_ibuf/x_aq_ifu_ibuf_entry3/cp0_ifu_icg_en,0,0.0,0.0,0.0,0.0,,0
x_aq_ifu_top/x_aq_ifu_ibuf/x_aq_ifu_ibuf_entry3/cp0_yy_clk_en,1,0.00012030798845043312,21.131999999999998,14.508641665482774,1.0,-0.18268400597289075,1
x_aq_ifu_top/x_aq_ifu_ibuf/x_aq_ifu_ibuf_entry3/cpurst_b,3,0.0003609239653512993,11.372333333333332,7.807926804550378,0.3333333333333333,-0.0221134756398446,1
x_aq_ifu_top/x_aq_ifu_ibuf/x_aq_ifu_ibuf_entry3/forever_cpuclk,0,0.0,0.0,0.0,0.0,,0
x_aq_ifu_top/x_aq_ifu_ibuf/x_aq_ifu_ibuf_entry3/ibuf_cpuclk,0,0.0,0.0,0.0,0.0,,0
x_aq_ifu_top/x_aq_ifu_ibuf/x_aq_ifu_ibuf_entry3/ibuf_create0_acc_err,0,0.0,0.0,0.0,0.0,,0
x_aq_ifu_top/x_aq_ifu_ibuf/x_aq_ifu_ibuf_entry3/ibuf_create0_halt_info[21:0],1,0.00012030798845043312,21.131999999999998,14.508641665482774,1.0,-0.18268400597289075,1
x_aq_ifu_top/x_aq_ifu_ibuf/x_aq_ifu_ibuf_entry3/ibuf_create0_inst[15:0],332,0.03994225216554379,5.136440843373494,3.5265369880965434,0.1716867469879518,0.1539610004527717,13
x_aq_ifu_top/x_aq_ifu_ibuf/x_aq_ifu_ibuf_entry3/ibuf_create0_pgflt,0,0.0,0.0,0.0,0.0,,0
x_aq_ifu_top/x_aq_ifu_ibuf/x_aq_ifu_ibuf_entry3/ibuf_create0_pred_taken[1:0],0,0.0,0.0,0.0,0.0,,0
x_aq_ifu_top/x_aq_ifu_ibuf/x_aq_ifu_ibuf_entry3/ibuf_create1_acc_err,0,0.0,0.0,0.0,0.0,,0
x_aq_ifu_top/x_aq_ifu_ibuf/x_aq_ifu_ibuf_entry3/ibuf_create1_halt_info[21:0],1,0.00012030798845043312,21.131999999999998,14.508641665482774,1.0,-0.18268400597289075,1
x_aq_ifu_top/x_aq_ifu_ibuf/x_aq_ifu_ibuf_entry3/ibuf_create1_inst[15:0],333,0.040062560153994224,5.00415987987988,3.435716568898471,0.15015015015015015,0.032155927485873564,13
x_aq_ifu_top/x_aq_ifu_ibuf/x_aq_ifu_ibuf_entry3/ibuf_create1_pgflt,0,0.0,0.0,0.0,0.0,,0
x_aq_ifu_top/x_aq_ifu_ibuf/x_aq_ifu_ibuf_entry3/ibuf_create1_pred_taken[1:0],0,0.0,0.0,0.0,0.0,,0
x_aq_ifu_top/x_aq_ifu_ibuf/x_aq_ifu_ibuf_entry3/ibuf_create2_acc_err,0,0.0,0.0,0.0,0.0,,0
x_aq_ifu_top/x_aq_ifu_ibuf/x_aq_ifu_ibuf_entry3/ibuf_create2_halt_info[21:0],1,0.00012030798845043312,21.131999999999998,14.508641665482774,1.0,-0.18268400597289075,1
x_aq_ifu_top/x_aq_ifu_ibuf/x_aq_ifu_ibuf_entry3/ibuf_create2_inst[15:0],276,0.03320500481231954,5.042544927536232,3.4620706717641965,0.15579710144927536,0.02280634819465097,12
x_aq_ifu_top/x_aq_ifu_ibuf/x_aq_ifu_ibuf_entry3/ibuf_create2_pgflt,0,0.0,0.0,0.0,0.0,,0
x_aq_ifu_top/x_aq_ifu_ibuf/x_aq_ifu_ibuf_entry3/ibuf_create2_pred_taken[1:0],0,0.0,0.0,0.0,0.0,,0
x_aq_ifu_top/x_aq_ifu_ibuf/x_aq_ifu_ibuf_entry3/ibuf_entry_acc_err,0,0.0,0.0,0.0,0.0,,0
x_aq_ifu_top/x_aq_ifu_ibuf/x_aq_ifu_ibuf_entry3/ibuf_entry_create0_data_en,2,0.00024061597690086623,5.367499999999997,3.6851757590137586,0.0,0.04731609349066296,1
x_aq_ifu_top/x_aq_ifu_ibuf/x_aq_ifu_ibuf_entry3/ibuf_entry_create0_en,0,0.0,0.0,0.0,0.0,,0
x_aq_ifu_top/x_aq_ifu_ibuf/x_aq_ifu_ibuf_entry3/ibuf_entry_create1_data_en,4,0.00048123195380173246,2.6625000000000014,1.8279982223333289,0.0,0.05358980549938384,1
x_aq_ifu_top/x_aq_ifu_ibuf/x_aq_ifu_ibuf_entry3/ibuf_entry_create1_en,0,0.0,0.0,0.0,0.0,,0
x_aq_ifu_top/x_aq_ifu_ibuf/x_aq_ifu_ibuf_entry3/ibuf_entry_create2_data_en,0,0.0,0.0,0.0,0.0,,0
x_aq_ifu_top/x_aq_ifu_ibuf/x_aq_ifu_ibuf_entry3/ibuf_entry_create2_en,0,0.0,0.0,0.0,0.0,,0
x_aq_ifu_top/x_aq_ifu_ibuf/x_aq_ifu_ibuf_entry3/ibuf_entry_halt_info[21:0],2,0.00024061597690086623,5.5584999999999996,3.816311030550161,0.0,-0.23765230549853217,2
x_aq_ifu_top/x_aq_ifu_ibuf/x_aq_ifu_ibuf_entry3/ibuf_entry_inst[15:0],50,0.006015399422521655,6.224,4.273224764620707,0.18,-0.031205749501217732,11
x_aq_ifu_top/x_aq_ifu_ibuf/x_aq_ifu_ibuf_entry3/ibuf_entry_pgflt,0,0.0,0.0,0.0,0.0,,0
x_aq_ifu_top/x_aq_ifu_ibuf/x_aq_ifu_ibuf_entry3/ibuf_entry_pred_taken[1:0],0,0.0,0.0,0.0,0.0,,0
x_aq_ifu_top/x_aq_ifu_ibuf/x_aq_ifu_ibuf_entry3/ibuf_entry_retire0_en,0,0.0,0.0,0.0,0.0,,0
x_aq_ifu_top/x_aq_ifu_ibuf/x_aq_ifu_ibuf_entry3/ibuf_entry_retire1_en,0,0.0,0.0,0.0,0.0,,0
x_aq_ifu_top/x_aq_ifu_ibuf/x_aq_ifu_ibuf_entry3/ibuf_entry_vld,46,0.005534167468719923,6.115233043478261,4.198548406622455,0.21739130434782608,-0.24213112393703595,1
x_aq_ifu_top/x_aq_ifu_ibuf/x_aq_ifu_ibuf_entry3/ibuf_flush_en,80,0.009624639076034648,5.2999025,3.6387652013295626,0.1,0.08835595735112509,1
x_aq_ifu_top/x_aq_ifu_ibuf/x_aq_ifu_ibuf_entry3/pad_yy_icg_scan_en,0,0.0,0.0,0.0,0.0,,0
x_aq_ifu_top/x_aq_ifu_ibuf/x_aq_ifu_ibuf_entry3/vec_ibuf_warm_up,0,0.0,0.0,0.0,0.0,,0
x_aq_ifu_top/x_aq_ifu_ibuf/x_aq_ifu_ibuf_entry3/entry_acc_err_upd,0,0.0,0.0,0.0,0.0,,0
x_aq_ifu_top/x_aq_ifu_ibuf/x_aq_ifu_ibuf_entry3/entry_cpuclk,0,0.0,0.0,0.0,0.0,,0
x_aq_ifu_top/x_aq_ifu_ibuf/x_aq_ifu_ibuf_entry3/entry_create,0,0.0,0.0,0.0,0.0,,0
x_aq_ifu_top/x_aq_ifu_ibuf/x_aq_ifu_ibuf_entry3/entry_data_create,0,0.0,0.0,0.0,0.0,,0
x_aq_ifu_top/x_aq_ifu_ibuf/x_aq_ifu_ibuf_entry3/entry_halt_info_upd[21:0],72,0.008662175168431183,5.419361111111112,3.7207821510961434,0.1111111111111111,0.29207374559131394,2
x_aq_ifu_top/x_aq_ifu_ibuf/x_aq_ifu_ibuf_entry3/entry_icg_create,6,0.0007218479307025986,4.018499999999999,2.7589899930315402,0.0,0.08558606929294435,1
x_aq_ifu_top/x_aq_ifu_ibuf/x_aq_ifu_ibuf_entry3/entry_icg_en,6,0.0007218479307025986,4.018499999999999,2.7589899930315402,0.0,0.08558606929294435,1
x_aq_ifu_top/x_aq_ifu_ibuf/x_aq_ifu_ibuf_entry3/entry_inst_upd[15:0],73,0.008782483156881618,5.3829315068493155,3.695770601112718,0.1095890410958904,0.19880435379630435,9
x_aq_ifu_top/x_aq_ifu_ibuf/x_aq_ifu_ibuf_entry3/entry_pgflt_upd,0,0.0,0.0,0.0,0.0,,0
x_aq_ifu_top/x_aq_ifu_ibuf/x_aq_ifu_ibuf_entry3/entry_pred_taken_upd[1:0],0,0.0,0.0,0.0,0.0,,0
x_aq_ifu_top/x_aq_ifu_ibuf/x_aq_ifu_ibuf_entry3/entry_retire,0,0.0,0.0,0.0,0.0,,0
x_aq_ifu_top/x_aq_ifu_ibuf/x_aq_ifu_ibuf_entry3/x_ibuf_data_icg_cell/clk_in,0,0.0,0.0,0.0,0.0,,0
x_aq_ifu_top/x_aq_ifu_ibuf/x_aq_ifu_ibuf_entry3/x_ibuf_data_icg_cell/global_en,1,0.00012030798845043312,21.131999999999998,14.508641665482774,1.0,-0.18268400597289075,1
x_aq_ifu_top/x_aq_ifu_ibuf/x_aq_ifu_ibuf_entry3/x_ibuf_data_icg_cell/module_en,0,0.0,0.0,0.0,0.0,,0
x_aq_ifu_top/x_aq_ifu_ibuf/x_aq_ifu_ibuf_entry3/x_ibuf_data_icg_cell/local_en,6,0.0007218479307025986,4.018499999999999,2.7589899930315402,0.0,0.08558606929294435,1
x_aq_ifu_top/x_aq_ifu_ibuf/x_aq_ifu_ibuf_entry3/x_ibuf_data_icg_cell/external_en,0,0.0,0.0,0.0,0.0,,0
x_aq_ifu_top/x_aq_ifu_ibuf/x_aq_ifu_ibuf_entry3/x_ibuf_data_icg_cell/pad_yy_icg_scan_en,0,0.0,0.0,0.0,0.0,,0
x_aq_ifu_top/x_aq_ifu_ibuf/x_aq_ifu_ibuf_entry3/x_ibuf_data_icg_cell/clk_out,0,0.0,0.0,0.0,0.0,,0
x_aq_ifu_top/x_aq_ifu_ibuf/x_aq_ifu_ibuf_entry3/x_ibuf_data_icg_cell/clk_en_bf_latch,6,0.0007218479307025986,4.018499999999999,2.7589899930315402,0.0,0.08558606929294435,1
x_aq_ifu_top/x_aq_ifu_ibuf/x_aq_ifu_ibuf_entry3/x_ibuf_data_icg_cell/SE,0,0.0,0.0,0.0,0.0,,0
x_aq_ifu_top/x_aq_ifu_ibuf/x_aq_ifu_ibuf_entry4/cp0_ifu_icg_en,0,0.0,0.0,0.0,0.0,,0
x_aq_ifu_top/x_aq_ifu_ibuf/x_aq_ifu_ibuf_entry4/cp0_yy_clk_en,1,0.00012030798845043312,21.131999999999998,14.508641665482774,1.0,-0.18268400597289075,1
x_aq_ifu_top/x_aq_ifu_ibuf/x_aq_ifu_ibuf_entry4/cpurst_b,3,0.0003609239653512993,11.372333333333332,7.807926804550378,0.3333333333333333,-0.0221134756398446,1
x_aq_ifu_top/x_aq_ifu_ibuf/x_aq_ifu_ibuf_entry4/forever_cpuclk,0,0.0,0.0,0.0,0.0,,0
x_aq_ifu_top/x_aq_ifu_ibuf/x_aq_ifu_ibuf_entry4/ibuf_cpuclk,0,0.0,0.0,0.0,0.0,,0
x_aq_ifu_top/x_aq_ifu_ibuf/x_aq_ifu_ibuf_entry4/ibuf_create0_acc_err,0,0.0,0.0,0.0,0.0,,0
x_aq_ifu_top/x_aq_ifu_ibuf/x_aq_ifu_ibuf_entry4/ibuf_create0_halt_info[21:0],1,0.00012030798845043312,21.131999999999998,14.508641665482774,1.0,-0.18268400597289075,1
x_aq_ifu_top/x_aq_ifu_ibuf/x_aq_ifu_ibuf_entry4/ibuf_create0_inst[15:0],332,0.03994225216554379,5.136440843373494,3.5265369880965434,0.1716867469879518,0.1539610004527717,13
x_aq_ifu_top/x_aq_ifu_ibuf/x_aq_ifu_ibuf_entry4/ibuf_create0_pgflt,0,0.0,0.0,0.0,0.0,,0
x_aq_ifu_top/x_aq_ifu_ibuf/x_aq_ifu_ibuf_entry4/ibuf_create0_pred_taken[1:0],0,0.0,0.0,0.0,0.0,,0
x_aq_ifu_top/x_aq_ifu_ibuf/x_aq_ifu_ibuf_entry4/ibuf_create1_acc_err,0,0.0,0.0,0.0,0.0,,0
x_aq_ifu_top/x_aq_ifu_ibuf/x_aq_ifu_ibuf_entry4/ibuf_create1_halt_info[21:0],1,0.00012030798845043312,21.131999999999998,14.508641665482774,1.0,-0.18268400597289075,1
x_aq_ifu_top/x_aq_ifu_ibuf/x_aq_ifu_ibuf_entry4/ibuf_create1_inst[15:0],333,0.040062560153994224,5.00415987987988,3.435716568898471,0.15015015015015015,0.032155927485873564,13
x_aq_ifu_top/x_aq_ifu_ibuf/x_aq_ifu_ibuf_entry4/ibuf_create1_pgflt,0,0.0,0.0,0.0,0.0,,0
x_aq_ifu_top/x_aq_ifu_ibuf/x_aq_ifu_ibuf_entry4/ibuf_create1_pred_taken[1:0],0,0.0,0.0,0.0,0.0,,0
x_aq_ifu_top/x_aq_ifu_ibuf/x_aq_ifu_ibuf_entry4/ibuf_create2_acc_err,0,0.0,0.0,0.0,0.0,,0
x_aq_ifu_top/x_aq_ifu_ibuf/x_aq_ifu_ibuf_entry4/ibuf_create2_halt_info[21:0],1,0.00012030798845043312,21.131999999999998,14.508641665482774,1.0,-0.18268400597289075,1
x_aq_ifu_top/x_aq_ifu_ibuf/x_aq_ifu_ibuf_entry4/ibuf_create2_inst[15:0],276,0.03320500481231954,5.042544927536232,3.4620706717641965,0.15579710144927536,0.02280634819465097,12
x_aq_ifu_top/x_aq_ifu_ibuf/x_aq_ifu_ibuf_entry4/ibuf_create2_pgflt,0,0.0,0.0,0.0,0.0,,0
x_aq_ifu_top/x_aq_ifu_ibuf/x_aq_ifu_ibuf_entry4/ibuf_create2_pred_taken[1:0],0,0.0,0.0,0.0,0.0,,0
x_aq_ifu_top/x_aq_ifu_ibuf/x_aq_ifu_ibuf_entry4/ibuf_entry_acc_err,0,0.0,0.0,0.0,0.0,,0
x_aq_ifu_top/x_aq_ifu_ibuf/x_aq_ifu_ibuf_entry4/ibuf_entry_create0_data_en,2,0.00024061597690086623,1.4949999999999974,1.026425292915801,0.0,0.04141186878920255,1
x_aq_ifu_top/x_aq_ifu_ibuf/x_aq_ifu_ibuf_entry4/ibuf_entry_create0_en,0,0.0,0.0,0.0,0.0,,0
x_aq_ifu_top/x_aq_ifu_ibuf/x_aq_ifu_ibuf_entry4/ibuf_entry_create1_data_en,0,0.0,0.0,0.0,0.0,,0
x_aq_ifu_top/x_aq_ifu_ibuf/x_aq_ifu_ibuf_entry4/ibuf_entry_create1_en,0,0.0,0.0,0.0,0.0,,0
x_aq_ifu_top/x_aq_ifu_ibuf/x_aq_ifu_ibuf_entry4/ibuf_entry_create2_data_en,0,0.0,0.0,0.0,0.0,,0
x_aq_ifu_top/x_aq_ifu_ibuf/x_aq_ifu_ibuf_entry4/ibuf_entry_create2_en,0,0.0,0.0,0.0,0.0,,0
x_aq_ifu_top/x_aq_ifu_ibuf/x_aq_ifu_ibuf_entry4/ibuf_entry_halt_info[21:0],2,0.00024061597690086623,5.5584999999999996,3.816311030550161,0.0,-0.23765230549853217,2
x_aq_ifu_top/x_aq_ifu_ibuf/x_aq_ifu_ibuf_entry4/ibuf_entry_inst[15:0],49,0.005895091434071222,5.764877551020408,3.958004099618635,0.22448979591836735,-0.07861784316302019,11
x_aq_ifu_top/x_aq_ifu_ibuf/x_aq_ifu_ibuf_entry4/ibuf_entry_pgflt,0,0.0,0.0,0.0,0.0,,0
x_aq_ifu_top/x_aq_ifu_ibuf/x_aq_ifu_ibuf_entry4/ibuf_entry_pred_taken[1:0],0,0.0,0.0,0.0,0.0,,0
x_aq_ifu_top/x_aq_ifu_ibuf/x_aq_ifu_ibuf_entry4/ibuf_entry_retire0_en,0,0.0,0.0,0.0,0.0,,0
x_aq_ifu_top/x_aq_ifu_ibuf/x_aq_ifu_ibuf_entry4/ibuf_entry_retire1_en,0,0.0,0.0,0.0,0.0,,0
x_aq_ifu_top/x_aq_ifu_ibuf/x_aq_ifu_ibuf_entry4/ibuf_entry_vld,40,0.004812319538017324,5.764993,3.9580833636672597,0.25,-0.19489326342065894,1
x_aq_ifu_top/x_aq_ifu_ibuf/x_aq_ifu_ibuf_entry4/ibuf_flush_en,80,0.009624639076034648,5.2999025,3.6387652013295626,0.1,0.08835595735112509,1
x_aq_ifu_top/x_aq_ifu_ibuf/x_aq_ifu_ibuf_entry4/pad_yy_icg_scan_en,0,0.0,0.0,0.0,0.0,,0
x_aq_ifu_top/x_aq_ifu_ibuf/x_aq_ifu_ibuf_entry4/vec_ibuf_warm_up,0,0.0,0.0,0.0,0.0,,0
x_aq_ifu_top/x_aq_ifu_ibuf/x_aq_ifu_ibuf_entry4/entry_acc_err_upd,0,0.0,0.0,0.0,0.0,,0
x_aq_ifu_top/x_aq_ifu_ibuf/x_aq_ifu_ibuf_entry4/entry_cpuclk,0,0.0,0.0,0.0,0.0,,0
x_aq_ifu_top/x_aq_ifu_ibuf/x_aq_ifu_ibuf_entry4/entry_create,0,0.0,0.0,0.0,0.0,,0
x_aq_ifu_top/x_aq_ifu_ibuf/x_aq_ifu_ibuf_entry4/entry_data_create,0,0.0,0.0,0.0,0.0,,0
x_aq_ifu_top/x_aq_ifu_ibuf/x_aq_ifu_ibuf_entry4/entry_halt_info_upd[21:0],65,0.007820019249278153,4.893661538461538,3.359851490331895,0.1076923076923077,0.2784364605696182,2
x_aq_ifu_top/x_aq_ifu_ibuf/x_aq_ifu_ibuf_entry4/entry_icg_create,4,0.00048123195380173246,2.809000000000002,1.9285810353180552,0.0,0.06325744161628759,1
x_aq_ifu_top/x_aq_ifu_ibuf/x_aq_ifu_ibuf_entry4/entry_icg_en,4,0.00048123195380173246,2.809000000000002,1.9285810353180552,0.0,0.06325744161628759,1
x_aq_ifu_top/x_aq_ifu_ibuf/x_aq_ifu_ibuf_entry4/entry_inst_upd[15:0],61,0.00733878729547642,4.9297377049180335,3.3846203797783083,0.11475409836065574,0.20221223952407816,10
x_aq_ifu_top/x_aq_ifu_ibuf/x_aq_ifu_ibuf_entry4/entry_pgflt_upd,0,0.0,0.0,0.0,0.0,,0
x_aq_ifu_top/x_aq_ifu_ibuf/x_aq_ifu_ibuf_entry4/entry_pred_taken_upd[1:0],0,0.0,0.0,0.0,0.0,,0
x_aq_ifu_top/x_aq_ifu_ibuf/x_aq_ifu_ibuf_entry4/entry_retire,0,0.0,0.0,0.0,0.0,,0
x_aq_ifu_top/x_aq_ifu_ibuf/x_aq_ifu_ibuf_entry4/x_ibuf_data_icg_cell/clk_in,0,0.0,0.0,0.0,0.0,,0
x_aq_ifu_top/x_aq_ifu_ibuf/x_aq_ifu_ibuf_entry4/x_ibuf_data_icg_cell/global_en,1,0.00012030798845043312,21.131999999999998,14.508641665482774,1.0,-0.18268400597289075,1
x_aq_ifu_top/x_aq_ifu_ibuf/x_aq_ifu_ibuf_entry4/x_ibuf_data_icg_cell/module_en,0,0.0,0.0,0.0,0.0,,0
x_aq_ifu_top/x_aq_ifu_ibuf/x_aq_ifu_ibuf_entry4/x_ibuf_data_icg_cell/local_en,4,0.00048123195380173246,2.809000000000002,1.9285810353180552,0.0,0.06325744161628759,1
x_aq_ifu_top/x_aq_ifu_ibuf/x_aq_ifu_ibuf_entry4/x_ibuf_data_icg_cell/external_en,0,0.0,0.0,0.0,0.0,,0
x_aq_ifu_top/x_aq_ifu_ibuf/x_aq_ifu_ibuf_entry4/x_ibuf_data_icg_cell/pad_yy_icg_scan_en,0,0.0,0.0,0.0,0.0,,0
x_aq_ifu_top/x_aq_ifu_ibuf/x_aq_ifu_ibuf_entry4/x_ibuf_data_icg_cell/clk_out,0,0.0,0.0,0.0,0.0,,0
x_aq_ifu_top/x_aq_ifu_ibuf/x_aq_ifu_ibuf_entry4/x_ibuf_data_icg_cell/clk_en_bf_latch,4,0.00048123195380173246,2.809000000000002,1.9285810353180552,0.0,0.06325744161628759,1
x_aq_ifu_top/x_aq_ifu_ibuf/x_aq_ifu_ibuf_entry4/x_ibuf_data_icg_cell/SE,0,0.0,0.0,0.0,0.0,,0
x_aq_ifu_top/x_aq_ifu_ibuf/x_aq_ifu_ibuf_entry5/cp0_ifu_icg_en,0,0.0,0.0,0.0,0.0,,0
x_aq_ifu_top/x_aq_ifu_ibuf/x_aq_ifu_ibuf_entry5/cp0_yy_clk_en,1,0.00012030798845043312,21.131999999999998,14.508641665482774,1.0,-0.18268400597289075,1
x_aq_ifu_top/x_aq_ifu_ibuf/x_aq_ifu_ibuf_entry5/cpurst_b,3,0.0003609239653512993,11.372333333333332,7.807926804550378,0.3333333333333333,-0.0221134756398446,1
x_aq_ifu_top/x_aq_ifu_ibuf/x_aq_ifu_ibuf_entry5/forever_cpuclk,0,0.0,0.0,0.0,0.0,,0
x_aq_ifu_top/x_aq_ifu_ibuf/x_aq_ifu_ibuf_entry5/ibuf_cpuclk,0,0.0,0.0,0.0,0.0,,0
x_aq_ifu_top/x_aq_ifu_ibuf/x_aq_ifu_ibuf_entry5/ibuf_create0_acc_err,0,0.0,0.0,0.0,0.0,,0
x_aq_ifu_top/x_aq_ifu_ibuf/x_aq_ifu_ibuf_entry5/ibuf_create0_halt_info[21:0],1,0.00012030798845043312,21.131999999999998,14.508641665482774,1.0,-0.18268400597289075,1
x_aq_ifu_top/x_aq_ifu_ibuf/x_aq_ifu_ibuf_entry5/ibuf_create0_inst[15:0],332,0.03994225216554379,5.136440843373494,3.5265369880965434,0.1716867469879518,0.1539610004527717,13
x_aq_ifu_top/x_aq_ifu_ibuf/x_aq_ifu_ibuf_entry5/ibuf_create0_pgflt,0,0.0,0.0,0.0,0.0,,0
x_aq_ifu_top/x_aq_ifu_ibuf/x_aq_ifu_ibuf_entry5/ibuf_create0_pred_taken[1:0],0,0.0,0.0,0.0,0.0,,0
x_aq_ifu_top/x_aq_ifu_ibuf/x_aq_ifu_ibuf_entry5/ibuf_create1_acc_err,0,0.0,0.0,0.0,0.0,,0
x_aq_ifu_top/x_aq_ifu_ibuf/x_aq_ifu_ibuf_entry5/ibuf_create1_halt_info[21:0],1,0.00012030798845043312,21.131999999999998,14.508641665482774,1.0,-0.18268400597289075,1
x_aq_ifu_top/x_aq_ifu_ibuf/x_aq_ifu_ibuf_entry5/ibuf_create1_inst[15:0],333,0.040062560153994224,5.00415987987988,3.435716568898471,0.15015015015015015,0.032155927485873564,13
x_aq_ifu_top/x_aq_ifu_ibuf/x_aq_ifu_ibuf_entry5/ibuf_create1_pgflt,0,0.0,0.0,0.0,0.0,,0
x_aq_ifu_top/x_aq_ifu_ibuf/x_aq_ifu_ibuf_entry5/ibuf_create1_pred_taken[1:0],0,0.0,0.0,0.0,0.0,,0
x_aq_ifu_top/x_aq_ifu_ibuf/x_aq_ifu_ibuf_entry5/ibuf_create2_acc_err,0,0.0,0.0,0.0,0.0,,0
x_aq_ifu_top/x_aq_ifu_ibuf/x_aq_ifu_ibuf_entry5/ibuf_create2_halt_info[21:0],1,0.00012030798845043312,21.131999999999998,14.508641665482774,1.0,-0.18268400597289075,1
x_aq_ifu_top/x_aq_ifu_ibuf/x_aq_ifu_ibuf_entry5/ibuf_create2_inst[15:0],276,0.03320500481231954,5.042544927536232,3.4620706717641965,0.15579710144927536,0.02280634819465097,12
x_aq_ifu_top/x_aq_ifu_ibuf/x_aq_ifu_ibuf_entry5/ibuf_create2_pgflt,0,0.0,0.0,0.0,0.0,,0
x_aq_ifu_top/x_aq_ifu_ibuf/x_aq_ifu_ibuf_entry5/ibuf_create2_pred_taken[1:0],0,0.0,0.0,0.0,0.0,,0
x_aq_ifu_top/x_aq_ifu_ibuf/x_aq_ifu_ibuf_entry5/ibuf_entry_acc_err,0,0.0,0.0,0.0,0.0,,0
x_aq_ifu_top/x_aq_ifu_ibuf/x_aq_ifu_ibuf_entry5/ibuf_entry_create0_data_en,4,0.00048123195380173246,5.8065000000000015,3.9865809119167968,0.0,0.11592562836575954,1
x_aq_ifu_top/x_aq_ifu_ibuf/x_aq_ifu_ibuf_entry5/ibuf_entry_create0_en,0,0.0,0.0,0.0,0.0,,0
x_aq_ifu_top/x_aq_ifu_ibuf/x_aq_ifu_ibuf_entry5/ibuf_entry_create1_data_en,0,0.0,0.0,0.0,0.0,,0
x_aq_ifu_top/x_aq_ifu_ibuf/x_aq_ifu_ibuf_entry5/ibuf_entry_create1_en,0,0.0,0.0,0.0,0.0,,0
x_aq_ifu_top/x_aq_ifu_ibuf/x_aq_ifu_ibuf_entry5/ibuf_entry_create2_data_en,0,0.0,0.0,0.0,0.0,,0
x_aq_ifu_top/x_aq_ifu_ibuf/x_aq_ifu_ibuf_entry5/ibuf_entry_create2_en,0,0.0,0.0,0.0,0.0,,0
x_aq_ifu_top/x_aq_ifu_ibuf/x_aq_ifu_ibuf_entry5/ibuf_entry_halt_info[21:0],2,0.00024061597690086623,5.226499999999999,3.5883690925916008,0.0,-0.23127518871149663,2
x_aq_ifu_top/x_aq_ifu_ibuf/x_aq_ifu_ibuf_entry5/ibuf_entry_inst[15:0],53,0.006376323387872955,4.4555094339622645,3.0590284788253115,0.09433962264150944,-0.06380950564217058,11
x_aq_ifu_top/x_aq_ifu_ibuf/x_aq_ifu_ibuf_entry5/ibuf_entry_pgflt,0,0.0,0.0,0.0,0.0,,0
x_aq_ifu_top/x_aq_ifu_ibuf/x_aq_ifu_ibuf_entry5/ibuf_entry_pred_taken[1:0],0,0.0,0.0,0.0,0.0,,0
x_aq_ifu_top/x_aq_ifu_ibuf/x_aq_ifu_ibuf_entry5/ibuf_entry_retire0_en,0,0.0,0.0,0.0,0.0,,0
x_aq_ifu_top/x_aq_ifu_ibuf/x_aq_ifu_ibuf_entry5/ibuf_entry_retire1_en,0,0.0,0.0,0.0,0.0,,0
x_aq_ifu_top/x_aq_ifu_ibuf/x_aq_ifu_ibuf_entry5/ibuf_entry_vld,38,0.004571703561116458,4.3264926315789465,2.970449141582932,0.21052631578947367,-0.3260745007364036,1
x_aq_ifu_top/x_aq_ifu_ibuf/x_aq_ifu_ibuf_entry5/ibuf_flush_en,80,0.009624639076034648,5.2999025,3.6387652013295626,0.1,0.08835595735112509,1
x_aq_ifu_top/x_aq_ifu_ibuf/x_aq_ifu_ibuf_entry5/pad_yy_icg_scan_en,0,0.0,0.0,0.0,0.0,,0
x_aq_ifu_top/x_aq_ifu_ibuf/x_aq_ifu_ibuf_entry5/vec_ibuf_warm_up,0,0.0,0.0,0.0,0.0,,0
x_aq_ifu_top/x_aq_ifu_ibuf/x_aq_ifu_ibuf_entry5/entry_acc_err_upd,0,0.0,0.0,0.0,0.0,,0
x_aq_ifu_top/x_aq_ifu_ibuf/x_aq_ifu_ibuf_entry5/entry_cpuclk,0,0.0,0.0,0.0,0.0,,0
x_aq_ifu_top/x_aq_ifu_ibuf/x_aq_ifu_ibuf_entry5/entry_create,0,0.0,0.0,0.0,0.0,,0
x_aq_ifu_top/x_aq_ifu_ibuf/x_aq_ifu_ibuf_entry5/entry_data_create,0,0.0,0.0,0.0,0.0,,0
x_aq_ifu_top/x_aq_ifu_ibuf/x_aq_ifu_ibuf_entry5/entry_halt_info_upd[21:0],73,0.008782483156881618,4.121945205479452,2.830012585228854,0.0821917808219178,0.2919859896129582,2
x_aq_ifu_top/x_aq_ifu_ibuf/x_aq_ifu_ibuf_entry5/entry_icg_create,4,0.00048123195380173246,5.8065000000000015,3.9865809119167968,0.0,0.11592562836575954,1
x_aq_ifu_top/x_aq_ifu_ibuf/x_aq_ifu_ibuf_entry5/entry_icg_en,4,0.00048123195380173246,5.8065000000000015,3.9865809119167968,0.0,0.11592562836575954,1
x_aq_ifu_top/x_aq_ifu_ibuf/x_aq_ifu_ibuf_entry5/entry_inst_upd[15:0],78,0.009384023099133783,4.044666666666665,2.7769552963746595,0.07692307692307693,0.2187915108896149,8
x_aq_ifu_top/x_aq_ifu_ibuf/x_aq_ifu_ibuf_entry5/entry_pgflt_upd,0,0.0,0.0,0.0,0.0,,0
x_aq_ifu_top/x_aq_ifu_ibuf/x_aq_ifu_ibuf_entry5/entry_pred_taken_upd[1:0],0,0.0,0.0,0.0,0.0,,0
x_aq_ifu_top/x_aq_ifu_ibuf/x_aq_ifu_ibuf_entry5/entry_retire,0,0.0,0.0,0.0,0.0,,0
x_aq_ifu_top/x_aq_ifu_ibuf/x_aq_ifu_ibuf_entry5/x_ibuf_data_icg_cell/clk_in,0,0.0,0.0,0.0,0.0,,0
x_aq_ifu_top/x_aq_ifu_ibuf/x_aq_ifu_ibuf_entry5/x_ibuf_data_icg_cell/global_en,1,0.00012030798845043312,21.131999999999998,14.508641665482774,1.0,-0.18268400597289075,1
x_aq_ifu_top/x_aq_ifu_ibuf/x_aq_ifu_ibuf_entry5/x_ibuf_data_icg_cell/module_en,0,0.0,0.0,0.0,0.0,,0
x_aq_ifu_top/x_aq_ifu_ibuf/x_aq_ifu_ibuf_entry5/x_ibuf_data_icg_cell/local_en,4,0.00048123195380173246,5.8065000000000015,3.9865809119167968,0.0,0.11592562836575954,1
x_aq_ifu_top/x_aq_ifu_ibuf/x_aq_ifu_ibuf_entry5/x_ibuf_data_icg_cell/external_en,0,0.0,0.0,0.0,0.0,,0
x_aq_ifu_top/x_aq_ifu_ibuf/x_aq_ifu_ibuf_entry5/x_ibuf_data_icg_cell/pad_yy_icg_scan_en,0,0.0,0.0,0.0,0.0,,0
x_aq_ifu_top/x_aq_ifu_ibuf/x_aq_ifu_ibuf_entry5/x_ibuf_data_icg_cell/clk_out,0,0.0,0.0,0.0,0.0,,0
x_aq_ifu_top/x_aq_ifu_ibuf/x_aq_ifu_ibuf_entry5/x_ibuf_data_icg_cell/clk_en_bf_latch,4,0.00048123195380173246,5.8065000000000015,3.9865809119167968,0.0,0.11592562836575954,1
x_aq_ifu_top/x_aq_ifu_ibuf/x_aq_ifu_ibuf_entry5/x_ibuf_data_icg_cell/SE,0,0.0,0.0,0.0,0.0,,0
x_aq_ifu_top/x_aq_ifu_ibuf/x_aq_ifu_ibuf_pop_entry0/cp0_ifu_icg_en,0,0.0,0.0,0.0,0.0,,0
x_aq_ifu_top/x_aq_ifu_ibuf/x_aq_ifu_ibuf_pop_entry0/cp0_yy_clk_en,1,0.00012030798845043312,21.131999999999998,14.508641665482774,1.0,-0.18268400597289075,1
x_aq_ifu_top/x_aq_ifu_ibuf/x_aq_ifu_ibuf_pop_entry0/cpurst_b,3,0.0003609239653512993,11.372333333333332,7.807926804550378,0.3333333333333333,-0.0221134756398446,1
x_aq_ifu_top/x_aq_ifu_ibuf/x_aq_ifu_ibuf_pop_entry0/forever_cpuclk,0,0.0,0.0,0.0,0.0,,0
x_aq_ifu_top/x_aq_ifu_ibuf/x_aq_ifu_ibuf_pop_entry0/ibuf_cpuclk,0,0.0,0.0,0.0,0.0,,0
x_aq_ifu_top/x_aq_ifu_ibuf/x_aq_ifu_ibuf_pop_entry0/ibuf_entry_acc_err,0,0.0,0.0,0.0,0.0,,0
x_aq_ifu_top/x_aq_ifu_ibuf/x_aq_ifu_ibuf_pop_entry0/ibuf_entry_create_acc_err,0,0.0,0.0,0.0,0.0,,0
x_aq_ifu_top/x_aq_ifu_ibuf/x_aq_ifu_ibuf_pop_entry0/ibuf_entry_create_data_en,59,0.007098171318575553,3.9559274576271184,2.716029431069286,0.03389830508474576,-0.2017587587081603,1
x_aq_ifu_top/x_aq_ifu_ibuf/x_aq_ifu_ibuf_pop_entry0/ibuf_entry_create_en,29,0.00348893166506256,5.3950689655172415,3.704103841626751,0.06896551724137931,0.19607382270170368,1
x_aq_ifu_top/x_aq_ifu_ibuf/x_aq_ifu_ibuf_pop_entry0/ibuf_entry_create_halt_info[21:0],1,0.00012030798845043312,21.131999999999998,14.508641665482774,1.0,-0.18268400597289075,1
x_aq_ifu_top/x_aq_ifu_ibuf/x_aq_ifu_ibuf_pop_entry0/ibuf_entry_create_inst[15:0],281,0.033806544754571705,4.850601850533808,3.330287909867625,0.12811387900355872,0.017718084656244627,12
x_aq_ifu_top/x_aq_ifu_ibuf/x_aq_ifu_ibuf_pop_entry0/ibuf_entry_create_pgflt,0,0.0,0.0,0.0,0.0,,0
x_aq_ifu_top/x_aq_ifu_ibuf/x_aq_ifu_ibuf_pop_entry0/ibuf_entry_create_pred_taken[1:0],0,0.0,0.0,0.0,0.0,,0
x_aq_ifu_top/x_aq_ifu_ibuf/x_aq_ifu_ibuf_pop_entry0/ibuf_entry_halt_info[21:0],2,0.00024061597690086623,2.4720000000000026,1.697206236848072,0.0,-0.1361115999059323,2
x_aq_ifu_top/x_aq_ifu_ibuf/x_aq_ifu_ibuf_pop_entry0/ibuf_entry_inst[15:0],126,0.015158806544754572,4.761174603174603,3.2688896566466714,0.07936507936507936,-0.02022497799924655,11
x_aq_ifu_top/x_aq_ifu_ibuf/x_aq_ifu_ibuf_pop_entry0/ibuf_entry_pgflt,0,0.0,0.0,0.0,0.0,,0
x_aq_ifu_top/x_aq_ifu_ibuf/x_aq_ifu_ibuf_pop_entry0/ibuf_entry_pred_taken[1:0],0,0.0,0.0,0.0,0.0,,0
x_aq_ifu_top/x_aq_ifu_ibuf/x_aq_ifu_ibuf_pop_entry0/ibuf_entry_retire_en,81,0.009744947064485083,5.318046419753087,3.651222310458127,0.13580246913580246,0.08540521474474524,1
x_aq_ifu_top/x_aq_ifu_ibuf/x_aq_ifu_ibuf_pop_entry0/ibuf_entry_vld,59,0.007098171318575553,3.686605423728814,2.531120436064104,0.05084745762711865,-0.14017066368266745,1
x_aq_ifu_top/x_aq_ifu_ibuf/x_aq_ifu_ibuf_pop_entry0/ibuf_flush_en,80,0.009624639076034648,5.2999025,3.6387652013295626,0.1,0.08835595735112509,1
x_aq_ifu_top/x_aq_ifu_ibuf/x_aq_ifu_ibuf_pop_entry0/pad_yy_icg_scan_en,0,0.0,0.0,0.0,0.0,,0
x_aq_ifu_top/x_aq_ifu_ibuf/x_aq_ifu_ibuf_pop_entry0/vec_ibuf_warm_up,0,0.0,0.0,0.0,0.0,,0
x_aq_ifu_top/x_aq_ifu_ibuf/x_aq_ifu_ibuf_pop_entry0/entry_acc_err_upd,0,0.0,0.0,0.0,0.0,,0
x_aq_ifu_top/x_aq_ifu_ibuf/x_aq_ifu_ibuf_pop_entry0/entry_cpuclk,0,0.0,0.0,0.0,0.0,,0
x_aq_ifu_top/x_aq_ifu_ibuf/x_aq_ifu_ibuf_pop_entry0/entry_create,29,0.00348893166506256,5.3950689655172415,3.704103841626751,0.06896551724137931,0.19607382270170368,1
x_aq_ifu_top/x_aq_ifu_ibuf/x_aq_ifu_ibuf_pop_entry0/entry_data_create,29,0.00348893166506256,5.3950689655172415,3.704103841626751,0.06896551724137931,0.19607382270170368,1
x_aq_ifu_top/x_aq_ifu_ibuf/x_aq_ifu_ibuf_pop_entry0/entry_halt_info_upd[21:0],1,0.00012030798845043312,21.131999999999998,14.508641665482774,1.0,-0.18268400597289075,1
x_aq_ifu_top/x_aq_ifu_ibuf/x_aq_ifu_ibuf_pop_entry0/entry_icg_en,59,0.007098171318575553,3.9559274576271184,2.716029431069286,0.03389830508474576,-0.2017587587081603,1
x_aq_ifu_top/x_aq_ifu_ibuf/x_aq_ifu_ibuf_pop_entry0/entry_inst_upd[15:0],281,0.033806544754571705,4.850601850533808,3.330287909867625,0.12811387900355872,0.017718084656244627,12
x_aq_ifu_top/x_aq_ifu_ibuf/x_aq_ifu_ibuf_pop_entry0/entry_pgflt_upd,0,0.0,0.0,0.0,0.0,,0
x_aq_ifu_top/x_aq_ifu_ibuf/x_aq_ifu_ibuf_pop_entry0/entry_pred_taken_upd[1:0],0,0.0,0.0,0.0,0.0,,0
x_aq_ifu_top/x_aq_ifu_ibuf/x_aq_ifu_ibuf_pop_entry0/entry_retire,81,0.009744947064485083,5.318046419753087,3.651222310458127,0.13580246913580246,0.08540521474474524,1
x_aq_ifu_top/x_aq_ifu_ibuf/x_aq_ifu_ibuf_pop_entry0/x_ibuf_data_icg_cell/clk_in,0,0.0,0.0,0.0,0.0,,0
x_aq_ifu_top/x_aq_ifu_ibuf/x_aq_ifu_ibuf_pop_entry0/x_ibuf_data_icg_cell/global_en,1,0.00012030798845043312,21.131999999999998,14.508641665482774,1.0,-0.18268400597289075,1
x_aq_ifu_top/x_aq_ifu_ibuf/x_aq_ifu_ibuf_pop_entry0/x_ibuf_data_icg_cell/module_en,0,0.0,0.0,0.0,0.0,,0
x_aq_ifu_top/x_aq_ifu_ibuf/x_aq_ifu_ibuf_pop_entry0/x_ibuf_data_icg_cell/local_en,59,0.007098171318575553,3.9559274576271184,2.716029431069286,0.03389830508474576,-0.2017587587081603,1
x_aq_ifu_top/x_aq_ifu_ibuf/x_aq_ifu_ibuf_pop_entry0/x_ibuf_data_icg_cell/external_en,0,0.0,0.0,0.0,0.0,,0
x_aq_ifu_top/x_aq_ifu_ibuf/x_aq_ifu_ibuf_pop_entry0/x_ibuf_data_icg_cell/pad_yy_icg_scan_en,0,0.0,0.0,0.0,0.0,,0
x_aq_ifu_top/x_aq_ifu_ibuf/x_aq_ifu_ibuf_pop_entry0/x_ibuf_data_icg_cell/clk_out,0,0.0,0.0,0.0,0.0,,0
x_aq_ifu_top/x_aq_ifu_ibuf/x_aq_ifu_ibuf_pop_entry0/x_ibuf_data_icg_cell/clk_en_bf_latch,59,0.007098171318575553,3.9559274576271184,2.716029431069286,0.03389830508474576,-0.2017587587081603,1
x_aq_ifu_top/x_aq_ifu_ibuf/x_aq_ifu_ibuf_pop_entry0/x_ibuf_data_icg_cell/SE,0,0.0,0.0,0.0,0.0,,0
x_aq_ifu_top/x_aq_ifu_ibuf/x_aq_ifu_ibuf_pop_entry1/cp0_ifu_icg_en,0,0.0,0.0,0.0,0.0,,0
x_aq_ifu_top/x_aq_ifu_ibuf/x_aq_ifu_ibuf_pop_entry1/cp0_yy_clk_en,1,0.00012030798845043312,21.131999999999998,14.508641665482774,1.0,-0.18268400597289075,1
x_aq_ifu_top/x_aq_ifu_ibuf/x_aq_ifu_ibuf_pop_entry1/cpurst_b,3,0.0003609239653512993,11.372333333333332,7.807926804550378,0.3333333333333333,-0.0221134756398446,1
x_aq_ifu_top/x_aq_ifu_ibuf/x_aq_ifu_ibuf_pop_entry1/forever_cpuclk,0,0.0,0.0,0.0,0.0,,0
x_aq_ifu_top/x_aq_ifu_ibuf/x_aq_ifu_ibuf_pop_entry1/ibuf_cpuclk,0,0.0,0.0,0.0,0.0,,0
x_aq_ifu_top/x_aq_ifu_ibuf/x_aq_ifu_ibuf_pop_entry1/ibuf_entry_acc_err,0,0.0,0.0,0.0,0.0,,0
x_aq_ifu_top/x_aq_ifu_ibuf/x_aq_ifu_ibuf_pop_entry1/ibuf_entry_create_acc_err,0,0.0,0.0,0.0,0.0,,0
x_aq_ifu_top/x_aq_ifu_ibuf/x_aq_ifu_ibuf_pop_entry1/ibuf_entry_create_data_en,65,0.007820019249278153,3.876836923076923,2.661728076492328,0.03076923076923077,-0.16176399938691297,1
x_aq_ifu_top/x_aq_ifu_ibuf/x_aq_ifu_ibuf_pop_entry1/ibuf_entry_create_en,19,0.002285851780558229,4.797421052631578,3.2937754576507072,0.0,0.1685297725120319,1
x_aq_ifu_top/x_aq_ifu_ibuf/x_aq_ifu_ibuf_pop_entry1/ibuf_entry_create_halt_info[21:0],0,0.0,0.0,0.0,0.0,,0
x_aq_ifu_top/x_aq_ifu_ibuf/x_aq_ifu_ibuf_pop_entry1/ibuf_entry_create_inst[15:0],326,0.039220404234841195,4.768380736196319,3.2738371865447347,0.12269938650306748,-0.042494085853085006,13
x_aq_ifu_top/x_aq_ifu_ibuf/x_aq_ifu_ibuf_pop_entry1/ibuf_entry_create_pgflt,0,0.0,0.0,0.0,0.0,,0
x_aq_ifu_top/x_aq_ifu_ibuf/x_aq_ifu_ibuf_pop_entry1/ibuf_entry_create_pred_taken[1:0],0,0.0,0.0,0.0,0.0,,0
x_aq_ifu_top/x_aq_ifu_ibuf/x_aq_ifu_ibuf_pop_entry1/ibuf_entry_halt_info[21:0],0,0.0,0.0,0.0,0.0,,0
x_aq_ifu_top/x_aq_ifu_ibuf/x_aq_ifu_ibuf_pop_entry1/ibuf_entry_inst[15:0],94,0.011308950914340712,4.356223404255319,2.990861460681901,0.02127659574468085,-0.04355840160576228,12
x_aq_ifu_top/x_aq_ifu_ibuf/x_aq_ifu_ibuf_pop_entry1/ibuf_entry_pgflt,0,0.0,0.0,0.0,0.0,,0
x_aq_ifu_top/x_aq_ifu_ibuf/x_aq_ifu_ibuf_pop_entry1/ibuf_entry_pred_taken[1:0],0,0.0,0.0,0.0,0.0,,0
x_aq_ifu_top/x_aq_ifu_ibuf/x_aq_ifu_ibuf_pop_entry1/ibuf_entry_retire_en,81,0.009744947064485083,5.318046419753087,3.651222310458127,0.13580246913580246,0.08540521474474524,1
x_aq_ifu_top/x_aq_ifu_ibuf/x_aq_ifu_ibuf_pop_entry1/ibuf_entry_vld,55,0.006616939364773821,3.763267636363637,2.5837545725586004,0.05454545454545454,-0.12973298773596623,1
x_aq_ifu_top/x_aq_ifu_ibuf/x_aq_ifu_ibuf_pop_entry1/ibuf_flush_en,80,0.009624639076034648,5.2999025,3.6387652013295626,0.1,0.08835595735112509,1
x_aq_ifu_top/x_aq_ifu_ibuf/x_aq_ifu_ibuf_pop_entry1/pad_yy_icg_scan_en,0,0.0,0.0,0.0,0.0,,0
x_aq_ifu_top/x_aq_ifu_ibuf/x_aq_ifu_ibuf_pop_entry1/vec_ibuf_warm_up,0,0.0,0.0,0.0,0.0,,0
x_aq_ifu_top/x_aq_ifu_ibuf/x_aq_ifu_ibuf_pop_entry1/entry_acc_err_upd,0,0.0,0.0,0.0,0.0,,0
x_aq_ifu_top/x_aq_ifu_ibuf/x_aq_ifu_ibuf_pop_entry1/entry_cpuclk,0,0.0,0.0,0.0,0.0,,0
x_aq_ifu_top/x_aq_ifu_ibuf/x_aq_ifu_ibuf_pop_entry1/entry_create,19,0.002285851780558229,4.797421052631578,3.2937754576507072,0.0,0.1685297725120319,1
x_aq_ifu_top/x_aq_ifu_ibuf/x_aq_ifu_ibuf_pop_entry1/entry_data_create,19,0.002285851780558229,4.797421052631578,3.2937754576507072,0.0,0.1685297725120319,1
x_aq_ifu_top/x_aq_ifu_ibuf/x_aq_ifu_ibuf_pop_entry1/entry_halt_info_upd[21:0],0,0.0,0.0,0.0,0.0,,0
x_aq_ifu_top/x_aq_ifu_ibuf/x_aq_ifu_ibuf_pop_entry1/entry_icg_en,65,0.007820019249278153,3.876836923076923,2.661728076492328,0.03076923076923077,-0.16176399938691297,1
x_aq_ifu_top/x_aq_ifu_ibuf/x_aq_ifu_ibuf_pop_entry1/entry_inst_upd[15:0],326,0.039220404234841195,4.768380736196319,3.2738371865447347,0.12269938650306748,-0.042494085853085006,13
x_aq_ifu_top/x_aq_ifu_ibuf/x_aq_ifu_ibuf_pop_entry1/entry_pgflt_upd,0,0.0,0.0,0.0,0.0,,0
x_aq_ifu_top/x_aq_ifu_ibuf/x_aq_ifu_ibuf_pop_entry1/entry_pred_taken_upd[1:0],0,0.0,0.0,0.0,0.0,,0
x_aq_ifu_top/x_aq_ifu_ibuf/x_aq_ifu_ibuf_pop_entry1/entry_retire,81,0.009744947064485083,5.318046419753087,3.651222310458127,0.13580246913580246,0.08540521474474524,1
x_aq_ifu_top/x_aq_ifu_ibuf/x_aq_ifu_ibuf_pop_entry1/x_ibuf_data_icg_cell/clk_in,0,0.0,0.0,0.0,0.0,,0
x_aq_ifu_top/x_aq_ifu_ibuf/x_aq_ifu_ibuf_pop_entry1/x_ibuf_data_icg_cell/global_en,1,0.00012030798845043312,21.131999999999998,14.508641665482774,1.0,-0.18268400597289075,1
x_aq_ifu_top/x_aq_ifu_ibuf/x_aq_ifu_ibuf_pop_entry1/x_ibuf_data_icg_cell/module_en,0,0.0,0.0,0.0,0.0,,0
x_aq_ifu_top/x_aq_ifu_ibuf/x_aq_ifu_ibuf_pop_entry1/x_ibuf_data_icg_cell/local_en,65,0.007820019249278153,3.876836923076923,2.661728076492328,0.03076923076923077,-0.16176399938691297,1
x_aq_ifu_top/x_aq_ifu_ibuf/x_aq_ifu_ibuf_pop_entry1/x_ibuf_data_icg_cell/external_en,0,0.0,0.0,0.0,0.0,,0
x_aq_ifu_top/x_aq_ifu_ibuf/x_aq_ifu_ibuf_pop_entry1/x_ibuf_data_icg_cell/pad_yy_icg_scan_en,0,0.0,0.0,0.0,0.0,,0
x_aq_ifu_top/x_aq_ifu_ibuf/x_aq_ifu_ibuf_pop_entry1/x_ibuf_data_icg_cell/clk_out,0,0.0,0.0,0.0,0.0,,0
x_aq_ifu_top/x_aq_ifu_ibuf/x_aq_ifu_ibuf_pop_entry1/x_ibuf_data_icg_cell/clk_en_bf_latch,65,0.007820019249278153,3.876836923076923,2.661728076492328,0.03076923076923077,-0.16176399938691297,1
x_aq_ifu_top/x_aq_ifu_ibuf/x_aq_ifu_ibuf_pop_entry1/x_ibuf_data_icg_cell/SE,0,0.0,0.0,0.0,0.0,,0
x_aq_ifu_top/x_aq_ifu_icache/biu_ifu_arready,1,0.00012030798845043312,1.1680000000000001,0.8019162154686675,0.0,-0.10536683769041456,1
x_aq_ifu_top/x_aq_ifu_icache/biu_ifu_rdata[127:0],148,0.0178055822906641,9.593525945945945,6.586647277032055,0.6486486486486487,,77
x_aq_ifu_top/x_aq_ifu_icache/biu_ifu_rid,13,0.0015640038498556303,9.605409230769231,6.594806008875228,0.7692307692307693,-0.11962484147796851,1
x_aq_ifu_top/x_aq_ifu_icache/biu_ifu_rlast,33,0.003970163618864293,9.225669090909092,6.334087022729521,0.7878787878787878,-0.23784816032763478,1
x_aq_ifu_top/x_aq_ifu_icache/biu_ifu_rresp[1:0],0,0.0,0.0,0.0,0.0,,0
x_aq_ifu_top/x_aq_ifu_icache/biu_ifu_rvalid,0,0.0,0.0,0.0,0.0,,0
x_aq_ifu_top/x_aq_ifu_icache/cp0_ifu_icache_en,3,0.0003609239653512993,10.990666666666668,7.545885118845008,0.3333333333333333,-0.24495583250477604,1
x_aq_ifu_top/x_aq_ifu_icache/cp0_ifu_icache_inv_addr[63:0],50,0.006015399422521655,5.0969212,3.4994039034640574,0.12,0.053290822781211916,10
x_aq_ifu_top/x_aq_ifu_icache/cp0_ifu_icache_inv_req,16,0.0019249278152069298,1.583685,1.087313939806932,0.0,0.2970629498159666,1
x_aq_ifu_top/x_aq_ifu_icache/cp0_ifu_icache_inv_type[1:0],8,0.0009624639076034649,3.2948674999999996,2.2621641062249225,0.0,0.02654761733026388,2
x_aq_ifu_top/x_aq_ifu_icache/cp0_ifu_icache_pref_en,1,0.00012030798845043312,10.967999999999996,7.530322817859882,1.0,-0.24525578205400692,1
x_aq_ifu_top/x_aq_ifu_icache/cp0_ifu_icache_read_index[13:0],2,0.00024061597690086623,7.861499999999999,5.397486582112096,0.5,-0.16023791933144982,8
x_aq_ifu_top/x_aq_ifu_icache/cp0_ifu_icache_read_req,4,0.00048123195380173246,11.006,7.556412557746707,0.5,0.052870128462602875,1
x_aq_ifu_top/x_aq_ifu_icache/cp0_ifu_icache_read_tag,2,0.00024061597690086623,12.850999999999999,8.823138086462196,0.5,0.16171648649579398,1
x_aq_ifu_top/x_aq_ifu_icache/cp0_ifu_icache_read_way,0,0.0,0.0,0.0,0.0,,0
x_aq_ifu_top/x_aq_ifu_icache/cp0_ifu_icg_en,0,0.0,0.0,0.0,0.0,,0
x_aq_ifu_top/x_aq_ifu_icache/cp0_ifu_iwpe,0,0.0,0.0,0.0,0.0,,0
x_aq_ifu_top/x_aq_ifu_icache/cp0_ifu_lpmd_req,0,0.0,0.0,0.0,0.0,,0
x_aq_ifu_top/x_aq_ifu_icache/cp0_yy_clk_en,1,0.00012030798845043312,21.131999999999998,14.508641665482774,1.0,-0.18268400597289075,1
x_aq_ifu_top/x_aq_ifu_icache/cpurst_b,3,0.0003609239653512993,11.372333333333332,7.807926804550378,0.3333333333333333,-0.0221134756398446,1
x_aq_ifu_top/x_aq_ifu_icache/ctrl_icache_abort,82,0.009865255052935515,5.300953658536585,3.6394868974558605,0.0975609756097561,0.0946201892715048,1
x_aq_ifu_top/x_aq_ifu_icache/ctrl_icache_req_vld,49,0.005895091434071222,6.62230612244898,4.546690636463418,0.24489795918367346,0.23437006441083783,1
x_aq_ifu_top/x_aq_ifu_icache/forever_cpuclk,0,0.0,0.0,0.0,0.0,,0
x_aq_ifu_top/x_aq_ifu_icache/hpcp_ifu_cnt_en,1,0.00012030798845043312,21.131999999999998,14.508641665482774,1.0,-0.18268400597289075,1
x_aq_ifu_top/x_aq_ifu_icache/icache_btb_grant,25,0.0030076997112608275,6.594919999999999,4.527888088800192,0.28,0.047768691177007695,1
x_aq_ifu_top/x_aq_ifu_icache/icache_ctrl_stall,158,0.01900866217516843,8.214774556962027,5.640035037369254,0.20253164556962025,-0.6327007604809333,1
x_aq_ifu_top/x_aq_ifu_icache/icache_ipack_acc_err,0,0.0,0.0,0.0,0.0,,0
x_aq_ifu_top/x_aq_ifu_icache/icache_ipack_inst[31:0],409,0.04920596727622714,5.914596772616137,4.060797140342061,0.22493887530562348,-0.3255697028942122,25
x_aq_ifu_top/x_aq_ifu_icache/icache_ipack_inst_vld,51,0.006135707410972089,6.809333333333335,4.675098301824756,0.23529411764705882,0.5188241422996814,1
x_aq_ifu_top/x_aq_ifu_icache/icache_ipack_inst_vld_gate,61,0.00733878729547642,6.477486229508197,4.447261338114402,0.2459016393442623,0.5151169380940933,1
x_aq_ifu_top/x_aq_ifu_icache/icache_ipack_pgflt,0,0.0,0.0,0.0,0.0,,0
x_aq_ifu_top/x_aq_ifu_icache/icache_ipack_unalign,6,0.0007218479307025986,8.134333333333332,5.584806337352138,0.5,0.051598155290993646,1
x_aq_ifu_top/x_aq_ifu_icache/icache_pcgen_addr[39:0],368,0.04427333974975938,5.2623675,3.612994717470302,0.14673913043478262,-0.1835220507569479,9
x_aq_ifu_top/x_aq_ifu_icache/icache_pcgen_grant,61,0.00733878729547642,6.283606557377048,4.3141489640290285,0.29508196721311475,0.4812445256427283,1
x_aq_ifu_top/x_aq_ifu_icache/icache_pcgen_grant_gate,25,0.0030076997112608275,6.594919999999999,4.527888088800192,0.28,0.047768691177007695,1
x_aq_ifu_top/x_aq_ifu_icache/icache_pcgen_inst_vld,51,0.006135707410972089,6.809333333333335,4.675098301824756,0.23529411764705882,0.5188241422996814,1
x_aq_ifu_top/x_aq_ifu_icache/icache_pcgen_inst_vld_gate,61,0.00733878729547642,6.477486229508197,4.447261338114402,0.2459016393442623,0.5151169380940933,1
x_aq_ifu_top/x_aq_ifu_icache/icache_pred_inst_vld,51,0.006135707410972089,6.809333333333335,4.675098301824756,0.23529411764705882,0.5188241422996814,1
x_aq_ifu_top/x_aq_ifu_icache/icache_pred_inst_vld_gate,61,0.00733878729547642,6.477486229508197,4.447261338114402,0.2459016393442623,0.5151169380940933,1
x_aq_ifu_top/x_aq_ifu_icache/icache_top_abort,24,0.0028873917228103944,8.38181,5.754716912651911,0.2916666666666667,0.06114300288613444,1
x_aq_ifu_top/x_aq_ifu_icache/icache_top_inv_st[1:0],36,0.004331087584215592,2.7168038888888892,1.8652817574900138,0.08333333333333333,0.29976155440156793,2
x_aq_ifu_top/x_aq_ifu_icache/icache_top_rd_vld,61,0.00733878729547642,6.477486229508197,4.447261338114402,0.2459016393442623,0.5151169380940933,1
x_aq_ifu_top/x_aq_ifu_icache/icache_top_ref_st[1:0],186,0.02237728585178056,7.62735870967742,5.236731704183644,0.25268817204301075,0.09784282792283798,2
x_aq_ifu_top/x_aq_ifu_icache/ifu_biu_araddr[39:0],46,0.005534167468719923,6.6376539130434775,4.557228001317309,0.32608695652173914,-0.2532094247332515,7
x_aq_ifu_top/x_aq_ifu_icache/ifu_biu_arburst[1:0],4,0.00048123195380173246,10.36308,7.115001621745752,0.5,-0.27755730528137335,2
x_aq_ifu_top/x_aq_ifu_icache/ifu_biu_arcache[3:0],2,0.00024061597690086623,1.04283,0.7159779854256767,0.0,-0.13507031832200692,3
x_aq_ifu_top/x_aq_ifu_icache/ifu_biu_arid,119,0.01431665062560154,2.624948739495798,1.8022165744655134,0.19327731092436976,-0.18387017616485776,1
x_aq_ifu_top/x_aq_ifu_icache/ifu_biu_arlen[1:0],6,0.0007218479307025986,6.853106666666666,4.705151851315435,0.5,-0.26655663739587954,1
x_aq_ifu_top/x_aq_ifu_icache/ifu_biu_arprot[2:0],0,0.0,0.0,0.0,0.0,,0
x_aq_ifu_top/x_aq_ifu_icache/ifu_biu_arsize[2:0],0,0.0,0.0,0.0,0.0,,0
x_aq_ifu_top/x_aq_ifu_icache/ifu_biu_arvalid,0,0.0,0.0,0.0,0.0,,0
x_aq_ifu_top/x_aq_ifu_icache/ifu_cp0_icache_inv_done,0,0.0,0.0,0.0,0.0,,0
x_aq_ifu_top/x_aq_ifu_icache/ifu_cp0_icache_read_data[127:0],266,0.03200192492781521,7.113206616541353,4.883729220705074,0.30451127819548873,,78
x_aq_ifu_top/x_aq_ifu_icache/ifu_cp0_icache_read_data_vld,0,0.0,0.0,0.0,0.0,,0
x_aq_ifu_top/x_aq_ifu_icache/ifu_hpcp_icache_access,55,0.006616939364773821,4.910225454545456,3.3712238130197,0.23636363636363636,0.47362605934690394,1
x_aq_ifu_top/x_aq_ifu_icache/ifu_hpcp_icache_miss,0,0.0,0.0,0.0,0.0,,0
x_aq_ifu_top/x_aq_ifu_icache/ifu_mmu_abort,82,0.009865255052935515,5.300953658536585,3.6394868974558605,0.0975609756097561,0.0946201892715048,1
x_aq_ifu_top/x_aq_ifu_icache/ifu_mmu_va[51:0],12,0.0014436958614051972,6.788186666666667,4.660579590435105,0.0,-0.003321952426793721,2
x_aq_ifu_top/x_aq_ifu_icache/ifu_mmu_va_vld,63,0.007579403272377286,6.3147882539682545,4.335557447010459,0.23809523809523808,0.50246758514822,1
x_aq_ifu_top/x_aq_ifu_icache/ifu_yy_xx_no_op,119,0.01431665062560154,5.900050420168069,4.050810020561214,0.24369747899159663,0.09157257483647922,1
x_aq_ifu_top/x_aq_ifu_icache/mmu_ifu_access_fault,0,0.0,0.0,0.0,0.0,,0
x_aq_ifu_top/x_aq_ifu_icache/mmu_ifu_pa[27:0],8,0.0009624639076034649,5.6187499999999995,3.857676999712821,0.0,0.00437476292300215,1
x_aq_ifu_top/x_aq_ifu_icache/mmu_ifu_pa_vld,59,0.007098171318575553,6.491067796610169,4.456586063191925,0.2542372881355932,0.5295049780370887,1
x_aq_ifu_top/x_aq_ifu_icache/mmu_ifu_prot[4:0],11,0.0013233878729547641,6.047232727272728,4.151861286569191,0.09090909090909091,-0.14085045363185916,2
x_aq_ifu_top/x_aq_ifu_icache/pad_yy_icg_scan_en,0,0.0,0.0,0.0,0.0,,0
x_aq_ifu_top/x_aq_ifu_icache/pcgen_icache_chgflw_vld,82,0.009865255052935515,5.300953658536585,3.6394868974558605,0.0975609756097561,0.0946201892715048,1
x_aq_ifu_top/x_aq_ifu_icache/pcgen_icache_seq_tag[33:0],69,0.008301251203079885,3.2070579710144926,2.2018765333087034,0.057971014492753624,-0.2186676255304659,6
x_aq_ifu_top/x_aq_ifu_icache/pcgen_icache_va[63:0],917,0.11032242540904716,3.093852388222465,2.1241527383408028,0.05888767720828789,-0.21771823701603793,10
x_aq_ifu_top/x_aq_ifu_icache/addr_equal,2,0.00024061597690086623,1.8204999999999993,1.2499045122095107,0.0,0.12253682364488457,1
x_aq_ifu_top/x_aq_ifu_icache/als_cnt_max[8:0],0,0.0,0.0,0.0,0.0,,0
x_aq_ifu_top/x_aq_ifu_icache/biu_icache_grant,1,0.00012030798845043312,1.1680000000000001,0.8019162154686675,0.0,-0.10536683769041456,1
x_aq_ifu_top/x_aq_ifu_icache/biu_icache_pf_cmplt,0,0.0,0.0,0.0,0.0,,0
x_aq_ifu_top/x_aq_ifu_icache/biu_icache_pf_err,0,0.0,0.0,0.0,0.0,,0
x_aq_ifu_top/x_aq_ifu_icache/biu_icache_pf_vld,0,0.0,0.0,0.0,0.0,,0
x_aq_ifu_top/x_aq_ifu_icache/biu_icache_ref_cmplt,0,0.0,0.0,0.0,0.0,,0
x_aq_ifu_top/x_aq_ifu_icache/biu_icache_ref_err,0,0.0,0.0,0.0,0.0,,0
x_aq_ifu_top/x_aq_ifu_icache/biu_icache_ref_vld,0,0.0,0.0,0.0,0.0,,0
x_aq_ifu_top/x_aq_ifu_icache/buf_clr_en,0,0.0,0.0,0.0,0.0,,0
x_aq_ifu_top/x_aq_ifu_icache/buf_hit_upd,51,0.006135707410972089,6.809333333333335,4.675098301824756,0.23529411764705882,0.5188241422996814,1
x_aq_ifu_top/x_aq_ifu_icache/buf_rfl_upd,0,0.0,0.0,0.0,0.0,,0
x_aq_ifu_top/x_aq_ifu_icache/buf_upd_en,0,0.0,0.0,0.0,0.0,,0
x_aq_ifu_top/x_aq_ifu_icache/cen_mask_vld,0,0.0,0.0,0.0,0.0,,0
x_aq_ifu_top/x_aq_ifu_icache/data_cen_masked[1:0],161,0.01936958614051973,6.181006211180125,4.243706428645456,0.2484472049689441,0.5628221418765218,1
x_aq_ifu_top/x_aq_ifu_icache/hit_clk,0,0.0,0.0,0.0,0.0,,0
x_aq_ifu_top/x_aq_ifu_icache/hit_tag[33:0],48,0.005774783445620789,5.185963333333333,3.560537748138649,0.10416666666666667,-0.184870149830819,5
x_aq_ifu_top/x_aq_ifu_icache/hit_way,0,0.0,0.0,0.0,0.0,,0
x_aq_ifu_top/x_aq_ifu_icache/icache_bypass_inst[31:0],240,0.028873917228103944,8.266092166666665,5.675268276548398,0.48333333333333334,0.0006119053755646534,22
x_aq_ifu_top/x_aq_ifu_icache/icache_bypass_vld,0,0.0,0.0,0.0,0.0,,0
x_aq_ifu_top/x_aq_ifu_icache/icache_cmp_pa[27:0],12,0.0014436958614051972,4.28227,2.9400871164512075,0.0,0.012091915830858746,1
x_aq_ifu_top/x_aq_ifu_icache/icache_data0_dout[31:0],359,0.04319056785370549,7.277484679665739,4.996517955863662,0.34540389972144847,-0.22053732320948302,20
x_aq_ifu_top/x_aq_ifu_icache/icache_data1_dout[31:0],338,0.04066410009624639,6.953589467455621,4.774140539096574,0.3165680473372781,-0.14102798194676705,20
x_aq_ifu_top/x_aq_ifu_icache/icache_data2_dout[31:0],343,0.04126564003849856,7.418110787172012,5.093067918130375,0.358600583090379,-0.11796402216344494,22
x_aq_ifu_top/x_aq_ifu_icache/icache_data3_dout[31:0],340,0.04090471607314726,7.093530235294118,4.870219966266802,0.3235294117647059,-0.18117365628597423,22
x_aq_ifu_top/x_aq_ifu_icache/icache_data_10[31:0],374,0.044995187680461984,7.178692406417113,4.928689937129857,0.3342245989304813,-0.23747117286840227,23
x_aq_ifu_top/x_aq_ifu_icache/icache_data_32[31:0],366,0.044032723772858516,7.22548349726776,4.960815394743385,0.3333333333333333,-0.10861788945796214,22
x_aq_ifu_top/x_aq_ifu_icache/icache_data_din[127:0],148,0.0178055822906641,9.593525945945945,6.586647277032055,0.6486486486486487,,77
x_aq_ifu_top/x_aq_ifu_icache/icache_data_idx[13:0],585,0.07038017324350337,4.4209464615384615,3.0352985061870887,0.14017094017094017,-0.18848568969569213,9
x_aq_ifu_top/x_aq_ifu_icache/icache_data_ren[1:0],324,0.03897978825794033,6.264351728395062,4.300929135615731,0.2191358024691358,0.6170080962625752,1
x_aq_ifu_top/x_aq_ifu_icache/icache_data_wen[1:0],0,0.0,0.0,0.0,0.0,,0
x_aq_ifu_top/x_aq_ifu_icache/icache_deny,0,0.0,0.0,0.0,0.0,,0
x_aq_ifu_top/x_aq_ifu_icache/icache_hit,37,0.004451395572666025,9.595025945945945,6.587677135185483,0.5675675675675675,-0.4262912735728238,1
x_aq_ifu_top/x_aq_ifu_icache/icache_hit0,39,0.004692011549566891,9.46512717948718,6.498492266013683,0.5641025641025641,-0.42336727500412147,1
x_aq_ifu_top/x_aq_ifu_icache/icache_hit1,0,0.0,0.0,0.0,0.0,,0
x_aq_ifu_top/x_aq_ifu_icache/icache_hit_inst[31:0],317,0.038137632338787295,6.024624479495269,4.136339094363644,0.22397476340694006,-0.32614392208357257,25
x_aq_ifu_top/x_aq_ifu_icache/icache_hit_vld,51,0.006135707410972089,6.809333333333335,4.675098301824756,0.23529411764705882,0.5188241422996814,1
x_aq_ifu_top/x_aq_ifu_icache/icache_inv_clk,0,0.0,0.0,0.0,0.0,,0
x_aq_ifu_top/x_aq_ifu_icache/icache_inv_din[58:0],0,0.0,0.0,0.0,0.0,,0
x_aq_ifu_top/x_aq_ifu_icache/icache_inv_done,4,0.00048123195380173246,3.9781399999999993,2.7312799429833254,0.0,0.0064097418998293465,1
x_aq_ifu_top/x_aq_ifu_icache/icache_inv_err,0,0.0,0.0,0.0,0.0,,0
x_aq_ifu_top/x_aq_ifu_icache/icache_inv_icg_en,20,0.002406159769008662,3.4681480000000002,2.381133663394887,0.1,0.29973275923066334,1
x_aq_ifu_top/x_aq_ifu_icache/icache_inv_idx[8:0],790,0.09504331087584215,1.7367158987341773,1.1923806856653913,0.0,0.2527227338068672,7
x_aq_ifu_top/x_aq_ifu_icache/icache_inv_idx_high[2:0],793,0.09540423484119345,1.8301974274905422,1.2565624953884473,0.005044136191677175,0.25829347324753604,2
x_aq_ifu_top/x_aq_ifu_icache/icache_inv_pa_idx[8:0],1572,0.18912415784408085,1.758388396946565,1.2072604183248343,0.002544529262086514,0.2674208420015819,7
x_aq_ifu_top/x_aq_ifu_icache/icache_inv_req,12,0.0014436958614051972,1.9638333333333335,1.3483131802036685,0.0,0.3001888541983283,1
x_aq_ifu_top/x_aq_ifu_icache/icache_inv_wen[2:0],24,0.0028873917228103944,2.51425,1.7262139081696037,0.0,0.30041890265163884,2
x_aq_ifu_top/x_aq_ifu_icache/icache_inv_wt,12,0.0014436958614051972,1.9638333333333335,1.3483131802036685,0.0,0.3001888541983283,1
x_aq_ifu_top/x_aq_ifu_icache/icache_miss_addr[39:0],366,0.044032723772858516,5.205040983606557,3.573635930593391,0.14754098360655737,-0.2123442980353039,9
x_aq_ifu_top/x_aq_ifu_icache/icache_miss_prot[4:0],11,0.0013233878729547641,6.047232727272728,4.151861286569191,0.09090909090909091,-0.14085045363185916,2
x_aq_ifu_top/x_aq_ifu_icache/icache_miss_req,0,0.0,0.0,0.0,0.0,,0
x_aq_ifu_top/x_aq_ifu_icache/icache_pa[39:0],366,0.044032723772858516,5.205040983606557,3.573635930593391,0.14754098360655737,-0.2123442980353039,9
x_aq_ifu_top/x_aq_ifu_icache/icache_pa_vld,59,0.007098171318575553,6.491067796610169,4.456586063191925,0.2542372881355932,0.5295049780370887,1
x_aq_ifu_top/x_aq_ifu_icache/icache_prot[4:0],11,0.0013233878729547641,6.047232727272728,4.151861286569191,0.09090909090909091,-0.14085045363185916,2
x_aq_ifu_top/x_aq_ifu_icache/icache_rd_cen,161,0.01936958614051973,6.181006211180125,4.243706428645456,0.2484472049689441,0.5628221418765218,1
x_aq_ifu_top/x_aq_ifu_icache/icache_rd_clk,0,0.0,0.0,0.0,0.0,,0
x_aq_ifu_top/x_aq_ifu_icache/icache_rd_data_idx[13:0],512,0.061597690086621755,3.483971953125,2.391997948158375,0.052734375,-0.18943286471034748,9
x_aq_ifu_top/x_aq_ifu_icache/icache_rd_icg_en,163,0.019610202117420598,6.242546012269939,4.285957939253879,0.24539877300613497,0.5635610411310533,1
x_aq_ifu_top/x_aq_ifu_icache/icache_rd_req,163,0.019610202117420598,6.242546012269939,4.285957939253879,0.24539877300613497,0.5635610411310533,1
x_aq_ifu_top/x_aq_ifu_icache/icache_rd_tag_idx[8:0],94,0.011308950914340712,4.277271063829787,2.9366549863356366,0.05319148936170213,-0.19041662365631237,6
x_aq_ifu_top/x_aq_ifu_icache/icache_refdp_clk,0,0.0,0.0,0.0,0.0,,0
x_aq_ifu_top/x_aq_ifu_icache/icache_refdp_icg_en,61,0.00733878729547642,6.477486229508197,4.447261338114402,0.2459016393442623,0.5151169380940933,1
x_aq_ifu_top/x_aq_ifu_icache/icache_reffsm_clk,0,0.0,0.0,0.0,0.0,,0
x_aq_ifu_top/x_aq_ifu_icache/icache_reffsm_icg_en,137,0.016482194417709334,3.3956727007299268,2.3313741448113117,0.26277372262773724,0.08989540750007535,1
x_aq_ifu_top/x_aq_ifu_icache/icache_refill_ba,1,0.00012030798845043312,0.4039999999999999,0.2773751293230664,0.0,-0.13495993230114386,1
x_aq_ifu_top/x_aq_ifu_icache/icache_refill_ca,3,0.0003609239653512993,6.932773333333334,4.759848762130793,0.6666666666666666,-0.26784987037431546,1
x_aq_ifu_top/x_aq_ifu_icache/icache_refill_supv,0,0.0,0.0,0.0,0.0,,0
x_aq_ifu_top/x_aq_ifu_icache/icache_req,0,0.0,0.0,0.0,0.0,,0
x_aq_ifu_top/x_aq_ifu_icache/icache_stall,2,0.00024061597690086623,5.9818299999999995,4.106957598610393,0.0,-0.017067005853723578,1
x_aq_ifu_top/x_aq_ifu_icache/icache_tag_cen,169,0.020332050048123194,6.129402366863904,4.20827666876729,0.2485207100591716,0.5387120148182255,1
x_aq_ifu_top/x_aq_ifu_icache/icache_tag_din[58:0],67,0.008060635226179018,7.605488955223882,5.221716540892024,0.3880597014925373,-0.30662568375937604,2
x_aq_ifu_top/x_aq_ifu_icache/icache_tag_dout[58:0],96,0.011549566891241578,10.621864166666667,7.29267561109211,0.6354166666666666,-0.3353978421727862,4
x_aq_ifu_top/x_aq_ifu_icache/icache_tag_fifo,25,0.0030076997112608275,7.881600000000001,5.411286681368022,0.44,-0.34461031109045487,1
x_aq_ifu_top/x_aq_ifu_icache/icache_tag_idx[8:0],868,0.10442733397497594,2.1986339170506914,1.5095207105841975,0.021889400921658985,0.2029294118896575,7
x_aq_ifu_top/x_aq_ifu_icache/icache_tag_way0_dout[27:0],0,0.0,0.0,0.0,0.0,,0
x_aq_ifu_top/x_aq_ifu_icache/icache_tag_way0_vld,39,0.004692011549566891,9.46512717948718,6.498492266013683,0.5641025641025641,-0.42336727500412147,1
x_aq_ifu_top/x_aq_ifu_icache/icache_tag_way1_dout[27:0],0,0.0,0.0,0.0,0.0,,0
x_aq_ifu_top/x_aq_ifu_icache/icache_tag_way1_vld,0,0.0,0.0,0.0,0.0,,0
x_aq_ifu_top/x_aq_ifu_icache/icache_tag_wen[2:0],56,0.006737247353224254,6.897805,4.735840480000729,0.44642857142857145,0.30993244489780986,2
x_aq_ifu_top/x_aq_ifu_icache/icache_va[63:0],940,0.11308950914340712,3.194846936170213,2.193492777444593,0.05851063829787234,-0.2046321477251521,10
x_aq_ifu_top/x_aq_ifu_icache/icache_way0_hit,39,0.004692011549566891,9.46512717948718,6.498492266013683,0.5641025641025641,-0.42336727500412147,1
x_aq_ifu_top/x_aq_ifu_icache/icache_way0_inst[31:0],404,0.04860442733397498,7.016457821782178,4.817304197293745,0.31435643564356436,-0.26451370352158393,25
x_aq_ifu_top/x_aq_ifu_icache/icache_way1_hit,0,0.0,0.0,0.0,0.0,,0
x_aq_ifu_top/x_aq_ifu_icache/icache_way1_inst[31:0],137,0.016482194417709334,11.464912116788321,7.8714888145340405,0.7445255474452555,-0.07954139172178391,22
x_aq_ifu_top/x_aq_ifu_icache/icache_wr_data_cen,0,0.0,0.0,0.0,0.0,,0
x_aq_ifu_top/x_aq_ifu_icache/icache_wr_data_din[127:0],148,0.0178055822906641,9.593525945945945,6.586647277032055,0.6486486486486487,,77
x_aq_ifu_top/x_aq_ifu_icache/icache_wr_data_idx[13:0],250,0.030076997112608278,8.90960944,6.11708928375746,0.496,-0.21192036830551633,7
x_aq_ifu_top/x_aq_ifu_icache/icache_wr_tag_cen,12,0.0014436958614051972,1.9638333333333335,1.3483131802036685,0.0,0.3001888541983283,1
x_aq_ifu_top/x_aq_ifu_icache/icache_wr_tag_din[58:0],67,0.008060635226179018,7.605488955223882,5.221716540892024,0.3880597014925373,-0.30662568375937604,2
x_aq_ifu_top/x_aq_ifu_icache/icache_wr_tag_idx[8:0],843,0.10141963426371511,2.0020688018979835,1.3745645862379454,0.014234875444839857,0.19485099478741347,7
x_aq_ifu_top/x_aq_ifu_icache/icache_wr_tag_wen[2:0],56,0.006737247353224254,6.897805,4.735840480000729,0.44642857142857145,0.30993244489780986,2
x_aq_ifu_top/x_aq_ifu_icache/inv_cnt_en,12,0.0014436958614051972,1.9638333333333335,1.3483131802036685,0.0,0.3001888541983283,1
x_aq_ifu_top/x_aq_ifu_icache/inv_cnt_max[8:0],0,0.0,0.0,0.0,0.0,,0
x_aq_ifu_top/x_aq_ifu_icache/inv_fsm_flop,2,0.00024061597690086623,1.3525000000000007,0.9285887683402169,0.0,-0.014474754842019173,1
x_aq_ifu_top/x_aq_ifu_icache/inv_fsm_idle,21,0.002526467757459095,5.05080857142857,3.467744259123892,0.14285714285714285,-0.31645404535988453,1
x_aq_ifu_top/x_aq_ifu_icache/inv_fsm_read,0,0.0,0.0,0.0,0.0,,0
x_aq_ifu_top/x_aq_ifu_icache/inv_fsm_write,12,0.0014436958614051972,1.9638333333333335,1.3483131802036685,0.0,0.3001888541983283,1
x_aq_ifu_top/x_aq_ifu_icache/inv_idx_alias,0,0.0,0.0,0.0,0.0,,0
x_aq_ifu_top/x_aq_ifu_icache/inv_type_addr,4,0.00048123195380173246,3.9459849999999994,2.709203217034357,0.0,0.018997005198810393,1
x_aq_ifu_top/x_aq_ifu_icache/inv_type_pa,2,0.00024061597690086623,2.3646899999999995,1.623530184551886,0.0,0.023456857531579063,1
x_aq_ifu_top/x_aq_ifu_icache/inv_type_va,2,0.00024061597690086623,5.527279999999999,3.7948762495168284,0.0,0.003383048233047927,1
x_aq_ifu_top/x_aq_ifu_icache/inv_way_sel[1:0],9,0.001082771896053898,5.276771111111111,3.62288383503135,0.1111111111111111,-0.10732144975296087,2
x_aq_ifu_top/x_aq_ifu_icache/iop_inv_rd_addr[63:0],58,0.00697786333012512,5.015563448275862,3.4435459408256497,0.10344827586206896,0.053290720350521015,10
x_aq_ifu_top/x_aq_ifu_icache/iop_inv_req,16,0.0019249278152069298,1.583685,1.087313939806932,0.0,0.2970629498159666,1
x_aq_ifu_top/x_aq_ifu_icache/iop_inv_sel,0,0.0,0.0,0.0,0.0,,0
x_aq_ifu_top/x_aq_ifu_icache/iop_rd_data,0,0.0,0.0,0.0,0.0,,0
x_aq_ifu_top/x_aq_ifu_icache/iop_rd_data_out[127:0],423,0.050890279114533206,7.229475839243499,4.963556425366708,0.31678486997635935,,78
x_aq_ifu_top/x_aq_ifu_icache/iop_rd_idx[13:0],2,0.00024061597690086623,7.861499999999999,5.397486582112096,0.5,-0.16023791933144982,8
x_aq_ifu_top/x_aq_ifu_icache/iop_rd_req,4,0.00048123195380173246,11.006,7.556412557746707,0.5,0.052870128462602875,1
x_aq_ifu_top/x_aq_ifu_icache/iop_rd_rslt[127:0],266,0.03200192492781521,7.113206616541353,4.883729220705074,0.30451127819548873,,78
x_aq_ifu_top/x_aq_ifu_icache/iop_rd_tag,2,0.00024061597690086623,12.850999999999999,8.823138086462196,0.5,0.16171648649579398,1
x_aq_ifu_top/x_aq_ifu_icache/iop_rd_tag_out[127:0],39,0.004692011549566891,9.46512717948718,6.498492266013683,0.5641025641025641,-0.42336727500412147,1
x_aq_ifu_top/x_aq_ifu_icache/iop_rd_way,0,0.0,0.0,0.0,0.0,,0
x_aq_ifu_top/x_aq_ifu_icache/pf_biu_req,0,0.0,0.0,0.0,0.0,,0
x_aq_ifu_top/x_aq_ifu_icache/pf_chk_addr[63:0],72,0.008662175168431183,5.376572777777778,3.6914048751262127,0.125,-0.21457086175517828,7
x_aq_ifu_top/x_aq_ifu_icache/pf_chk_pass,74,0.00890279114533205,7.120115945945947,4.8884729735197645,0.4189189189189189,0.36261353611280267,1
x_aq_ifu_top/x_aq_ifu_icache/pf_chk_req,0,0.0,0.0,0.0,0.0,,0
x_aq_ifu_top/x_aq_ifu_icache/pf_chk_vld,0,0.0,0.0,0.0,0.0,,0
x_aq_ifu_top/x_aq_ifu_icache/pf_fsm_chk,0,0.0,0.0,0.0,0.0,,0
x_aq_ifu_top/x_aq_ifu_icache/pf_fsm_idle,15,0.0018046198267564965,8.793333333333333,6.037257352757833,0.4,0.12290358568523146,1
x_aq_ifu_top/x_aq_ifu_icache/pf_fsm_req,0,0.0,0.0,0.0,0.0,,0
x_aq_ifu_top/x_aq_ifu_icache/pf_fsm_wfc0,14,0.0016843118383060634,9.916451428571431,6.808358904519574,0.8571428571428571,-0.19747026886504093,1
x_aq_ifu_top/x_aq_ifu_icache/pf_fsm_wfc3,14,0.0016843118383060634,12.18692857142857,8.367205169680627,0.7857142857142857,0.03538695700278262,1
x_aq_ifu_top/x_aq_ifu_icache/pf_icache_addr[39:0],105,0.012632338787295477,8.980786666666667,6.165957581904797,0.5238095238095238,-0.25398076276334447,5
x_aq_ifu_top/x_aq_ifu_icache/pf_icache_data[127:0],148,0.0178055822906641,9.593525945945945,6.586647277032055,0.6486486486486487,,77
x_aq_ifu_top/x_aq_ifu_icache/pf_icache_done,0,0.0,0.0,0.0,0.0,,0
x_aq_ifu_top/x_aq_ifu_icache/pf_icache_fifo,0,0.0,0.0,0.0,0.0,,0
x_aq_ifu_top/x_aq_ifu_icache/pf_icache_init,0,0.0,0.0,0.0,0.0,,0
x_aq_ifu_top/x_aq_ifu_icache/pf_icache_req,0,0.0,0.0,0.0,0.0,,0
x_aq_ifu_top/x_aq_ifu_icache/pf_req_addr[39:0],17,0.0020452358036573627,7.736350588235295,5.3115624873770955,0.29411764705882354,-0.2547094008592139,4
x_aq_ifu_top/x_aq_ifu_icache/pf_req_va[39:0],72,0.008662175168431183,5.376572777777778,3.6914048751262127,0.125,-0.21457086175517828,7
x_aq_ifu_top/x_aq_ifu_icache/ref_fsm_idle,119,0.01431665062560154,6.436310588235294,4.418991291522739,0.2689075630252101,-0.15952539643837502,1
x_aq_ifu_top/x_aq_ifu_icache/ref_fsm_init,118,0.014196342637151107,2.792972203389831,1.9175767973044167,0.1864406779661017,-0.061206626626556716,1
x_aq_ifu_top/x_aq_ifu_icache/ref_fsm_req,0,0.0,0.0,0.0,0.0,,0
x_aq_ifu_top/x_aq_ifu_icache/ref_fsm_wfc,18,0.002165543792107796,13.227444444444444,9.081594340077858,0.9444444444444444,0.19654860210400232,1
x_aq_ifu_top/x_aq_ifu_icache/ref_fsm_wfpa,2,0.00024061597690086623,1.04733,0.7190675598859585,0.0,-0.018797601669594825,1
x_aq_ifu_top/x_aq_ifu_icache/ref_rdy,25,0.0030076997112608275,6.594919999999999,4.527888088800192,0.28,0.047768691177007695,1
x_aq_ifu_top/x_aq_ifu_icache/refill_bank0_sel,28,0.003368623676612127,6.208098571428573,4.262307287377091,0.17857142857142858,0.025585306972786572,1
x_aq_ifu_top/x_aq_ifu_icache/refill_bank1_sel,26,0.0031280076997112606,6.486701538461537,4.4535883121557,0.15384615384615385,0.14723153436608347,1
x_aq_ifu_top/x_aq_ifu_icache/refill_bank2_sel,25,0.0030076997112608275,6.3536256,4.362222085322638,0.24,-0.07329406839304117,1
x_aq_ifu_top/x_aq_ifu_icache/refill_bank3_sel,22,0.0026467757459095282,6.569529090909091,4.510455398966724,0.36363636363636365,-0.1515039990188922,1
x_aq_ifu_top/x_aq_ifu_icache/refill_icache_addr[39:0],104,0.012512030798845043,10.647295384615386,7.310135975862826,0.6538461538461539,-0.2528633141259963,7
x_aq_ifu_top/x_aq_ifu_icache/refill_icache_data[127:0],148,0.0178055822906641,9.593525945945945,6.586647277032055,0.6486486486486487,,77
x_aq_ifu_top/x_aq_ifu_icache/refill_icache_done,0,0.0,0.0,0.0,0.0,,0
x_aq_ifu_top/x_aq_ifu_icache/refill_icache_fifo,2,0.00024061597690086623,7.65866,5.258222296884645,0.0,0.097608459087405,1
x_aq_ifu_top/x_aq_ifu_icache/refill_icache_init,0,0.0,0.0,0.0,0.0,,0
x_aq_ifu_top/x_aq_ifu_icache/refill_icache_req,0,0.0,0.0,0.0,0.0,,0
x_aq_ifu_top/x_aq_ifu_icache/refill_tag_din[58:0],45,0.00541385948026949,10.112128000000002,6.942704979533174,0.5777777777777777,-0.0699003223178798,2
x_aq_ifu_top/x_aq_ifu_icache/refill_tag_idx[8:0],62,0.007459095283926853,6.121870967741935,4.2031058202389735,0.1935483870967742,-0.21406590169171444,6
x_aq_ifu_top/x_aq_ifu_icache/refill_tag_wen[2:0],32,0.0038498556304138597,10.18547125,6.993060408874074,0.78125,0.20637779279306184,1
x_aq_ifu_top/x_aq_ifu_icache/refill_tag_wr,0,0.0,0.0,0.0,0.0,,0
x_aq_ifu_top/x_aq_ifu_icache/tag_hit_clk_en,0,0.0,0.0,0.0,0.0,,0
x_aq_ifu_top/x_aq_ifu_icache/x_ifu_icache_rd_icg_cell/clk_in,0,0.0,0.0,0.0,0.0,,0
x_aq_ifu_top/x_aq_ifu_icache/x_ifu_icache_rd_icg_cell/global_en,1,0.00012030798845043312,21.131999999999998,14.508641665482774,1.0,-0.18268400597289075,1
x_aq_ifu_top/x_aq_ifu_icache/x_ifu_icache_rd_icg_cell/module_en,0,0.0,0.0,0.0,0.0,,0
x_aq_ifu_top/x_aq_ifu_icache/x_ifu_icache_rd_icg_cell/local_en,163,0.019610202117420598,6.242546012269939,4.285957939253879,0.24539877300613497,0.5635610411310533,1
x_aq_ifu_top/x_aq_ifu_icache/x_ifu_icache_rd_icg_cell/external_en,0,0.0,0.0,0.0,0.0,,0
x_aq_ifu_top/x_aq_ifu_icache/x_ifu_icache_rd_icg_cell/pad_yy_icg_scan_en,0,0.0,0.0,0.0,0.0,,0
x_aq_ifu_top/x_aq_ifu_icache/x_ifu_icache_rd_icg_cell/clk_out,0,0.0,0.0,0.0,0.0,,0
x_aq_ifu_top/x_aq_ifu_icache/x_ifu_icache_rd_icg_cell/clk_en_bf_latch,163,0.019610202117420598,6.242546012269939,4.285957939253879,0.24539877300613497,0.5635610411310533,1
x_aq_ifu_top/x_aq_ifu_icache/x_ifu_icache_rd_icg_cell/SE,0,0.0,0.0,0.0,0.0,,0
x_aq_ifu_top/x_aq_ifu_icache/x_ifu_icache_refdp_icg_cell/clk_in,0,0.0,0.0,0.0,0.0,,0
x_aq_ifu_top/x_aq_ifu_icache/x_ifu_icache_refdp_icg_cell/global_en,1,0.00012030798845043312,21.131999999999998,14.508641665482774,1.0,-0.18268400597289075,1
x_aq_ifu_top/x_aq_ifu_icache/x_ifu_icache_refdp_icg_cell/module_en,0,0.0,0.0,0.0,0.0,,0
x_aq_ifu_top/x_aq_ifu_icache/x_ifu_icache_refdp_icg_cell/local_en,61,0.00733878729547642,6.477486229508197,4.447261338114402,0.2459016393442623,0.5151169380940933,1
x_aq_ifu_top/x_aq_ifu_icache/x_ifu_icache_refdp_icg_cell/external_en,0,0.0,0.0,0.0,0.0,,0
x_aq_ifu_top/x_aq_ifu_icache/x_ifu_icache_refdp_icg_cell/pad_yy_icg_scan_en,0,0.0,0.0,0.0,0.0,,0
x_aq_ifu_top/x_aq_ifu_icache/x_ifu_icache_refdp_icg_cell/clk_out,0,0.0,0.0,0.0,0.0,,0
x_aq_ifu_top/x_aq_ifu_icache/x_ifu_icache_refdp_icg_cell/clk_en_bf_latch,61,0.00733878729547642,6.477486229508197,4.447261338114402,0.2459016393442623,0.5151169380940933,1
x_aq_ifu_top/x_aq_ifu_icache/x_ifu_icache_refdp_icg_cell/SE,0,0.0,0.0,0.0,0.0,,0
x_aq_ifu_top/x_aq_ifu_icache/x_ifu_icache_reffsm_icg_cell/clk_in,0,0.0,0.0,0.0,0.0,,0
x_aq_ifu_top/x_aq_ifu_icache/x_ifu_icache_reffsm_icg_cell/global_en,1,0.00012030798845043312,21.131999999999998,14.508641665482774,1.0,-0.18268400597289075,1
x_aq_ifu_top/x_aq_ifu_icache/x_ifu_icache_reffsm_icg_cell/module_en,0,0.0,0.0,0.0,0.0,,0
x_aq_ifu_top/x_aq_ifu_icache/x_ifu_icache_reffsm_icg_cell/local_en,137,0.016482194417709334,3.3956727007299268,2.3313741448113117,0.26277372262773724,0.08989540750007535,1
x_aq_ifu_top/x_aq_ifu_icache/x_ifu_icache_reffsm_icg_cell/external_en,0,0.0,0.0,0.0,0.0,,0
x_aq_ifu_top/x_aq_ifu_icache/x_ifu_icache_reffsm_icg_cell/pad_yy_icg_scan_en,0,0.0,0.0,0.0,0.0,,0
x_aq_ifu_top/x_aq_ifu_icache/x_ifu_icache_reffsm_icg_cell/clk_out,0,0.0,0.0,0.0,0.0,,0
x_aq_ifu_top/x_aq_ifu_icache/x_ifu_icache_reffsm_icg_cell/clk_en_bf_latch,137,0.016482194417709334,3.3956727007299268,2.3313741448113117,0.26277372262773724,0.08989540750007535,1
x_aq_ifu_top/x_aq_ifu_icache/x_ifu_icache_reffsm_icg_cell/SE,0,0.0,0.0,0.0,0.0,,0
x_aq_ifu_top/x_aq_ifu_icache/x_ifu_icache_inv_icg_cell/clk_in,0,0.0,0.0,0.0,0.0,,0
x_aq_ifu_top/x_aq_ifu_icache/x_ifu_icache_inv_icg_cell/global_en,1,0.00012030798845043312,21.131999999999998,14.508641665482774,1.0,-0.18268400597289075,1
x_aq_ifu_top/x_aq_ifu_icache/x_ifu_icache_inv_icg_cell/module_en,0,0.0,0.0,0.0,0.0,,0
x_aq_ifu_top/x_aq_ifu_icache/x_ifu_icache_inv_icg_cell/local_en,20,0.002406159769008662,3.4681480000000002,2.381133663394887,0.1,0.29973275923066334,1
x_aq_ifu_top/x_aq_ifu_icache/x_ifu_icache_inv_icg_cell/external_en,0,0.0,0.0,0.0,0.0,,0
x_aq_ifu_top/x_aq_ifu_icache/x_ifu_icache_inv_icg_cell/pad_yy_icg_scan_en,0,0.0,0.0,0.0,0.0,,0
x_aq_ifu_top/x_aq_ifu_icache/x_ifu_icache_inv_icg_cell/clk_out,0,0.0,0.0,0.0,0.0,,0
x_aq_ifu_top/x_aq_ifu_icache/x_ifu_icache_inv_icg_cell/clk_en_bf_latch,20,0.002406159769008662,3.4681480000000002,2.381133663394887,0.1,0.29973275923066334,1
x_aq_ifu_top/x_aq_ifu_icache/x_ifu_icache_inv_icg_cell/SE,0,0.0,0.0,0.0,0.0,,0
x_aq_ifu_top/x_aq_ifu_icache/x_gated_hit_clk_cell/clk_in,0,0.0,0.0,0.0,0.0,,0
x_aq_ifu_top/x_aq_ifu_icache/x_gated_hit_clk_cell/global_en,1,0.00012030798845043312,21.131999999999998,14.508641665482774,1.0,-0.18268400597289075,1
x_aq_ifu_top/x_aq_ifu_icache/x_gated_hit_clk_cell/module_en,0,0.0,0.0,0.0,0.0,,0
x_aq_ifu_top/x_aq_ifu_icache/x_gated_hit_clk_cell/local_en,0,0.0,0.0,0.0,0.0,,0
x_aq_ifu_top/x_aq_ifu_icache/x_gated_hit_clk_cell/external_en,0,0.0,0.0,0.0,0.0,,0
x_aq_ifu_top/x_aq_ifu_icache/x_gated_hit_clk_cell/pad_yy_icg_scan_en,0,0.0,0.0,0.0,0.0,,0
x_aq_ifu_top/x_aq_ifu_icache/x_gated_hit_clk_cell/clk_out,0,0.0,0.0,0.0,0.0,,0
x_aq_ifu_top/x_aq_ifu_icache/x_gated_hit_clk_cell/clk_en_bf_latch,0,0.0,0.0,0.0,0.0,,0
x_aq_ifu_top/x_aq_ifu_icache/x_gated_hit_clk_cell/SE,0,0.0,0.0,0.0,0.0,,0
x_aq_ifu_top/x_aq_ifu_icache/x_aq_ifu_icache_tag_array/cp0_yy_clk_en,1,0.00012030798845043312,21.131999999999998,14.508641665482774,1.0,-0.18268400597289075,1
x_aq_ifu_top/x_aq_ifu_icache/x_aq_ifu_icache_tag_array/forever_cpuclk,0,0.0,0.0,0.0,0.0,,0
x_aq_ifu_top/x_aq_ifu_icache/x_aq_ifu_icache_tag_array/icache_tag_cen,169,0.020332050048123194,6.129402366863904,4.20827666876729,0.2485207100591716,0.5387120148182255,1
x_aq_ifu_top/x_aq_ifu_icache/x_aq_ifu_icache_tag_array/icache_tag_din[58:0],67,0.008060635226179018,7.605488955223882,5.221716540892024,0.3880597014925373,-0.30662568375937604,2
x_aq_ifu_top/x_aq_ifu_icache/x_aq_ifu_icache_tag_array/icache_tag_dout[58:0],96,0.011549566891241578,10.621864166666667,7.29267561109211,0.6354166666666666,-0.3353978421727862,4
x_aq_ifu_top/x_aq_ifu_icache/x_aq_ifu_icache_tag_array/icache_tag_idx[8:0],868,0.10442733397497594,2.1986339170506914,1.5095207105841975,0.021889400921658985,0.2029294118896575,7
x_aq_ifu_top/x_aq_ifu_icache/x_aq_ifu_icache_tag_array/icache_tag_wen[2:0],56,0.006737247353224254,6.897805,4.735840480000729,0.44642857142857145,0.30993244489780986,2
x_aq_ifu_top/x_aq_ifu_icache/x_aq_ifu_icache_tag_array/pad_yy_icg_scan_en,0,0.0,0.0,0.0,0.0,,0
x_aq_ifu_top/x_aq_ifu_icache/x_aq_ifu_icache_tag_array/icache_tag_bwen_b[58:0],73,0.008782483156881618,8.311041643835617,5.706129333584889,0.5342465753424658,-0.32433018354960463,59
x_aq_ifu_top/x_aq_ifu_icache/x_aq_ifu_icache_tag_array/icache_tag_cen_b,218,0.02622714148219442,7.241380733944955,4.971729993949366,0.3073394495412844,-0.6454945267756266,1
x_aq_ifu_top/x_aq_ifu_icache/x_aq_ifu_icache_tag_array/icache_tag_clk,0,0.0,0.0,0.0,0.0,,0
x_aq_ifu_top/x_aq_ifu_icache/x_aq_ifu_icache_tag_array/icache_tag_gwen_b,45,0.00541385948026949,7.931534222222224,5.445570125295092,0.5555555555555556,-0.4257381586716582,1
x_aq_ifu_top/x_aq_ifu_icache/x_aq_ifu_icache_tag_array/icache_tag_icg_en,169,0.020332050048123194,6.129402366863904,4.20827666876729,0.2485207100591716,0.5387120148182255,1
x_aq_ifu_top/x_aq_ifu_icache/x_aq_ifu_icache_tag_array/icache_tag_index[7:0],868,0.10442733397497594,2.1986339170506914,1.5095207105841975,0.021889400921658985,0.2029294118896575,7
x_aq_ifu_top/x_aq_ifu_icache/x_aq_ifu_icache_tag_array/x_icache_tag_icg_cell/clk_in,0,0.0,0.0,0.0,0.0,,0
x_aq_ifu_top/x_aq_ifu_icache/x_aq_ifu_icache_tag_array/x_icache_tag_icg_cell/global_en,1,0.00012030798845043312,21.131999999999998,14.508641665482774,1.0,-0.18268400597289075,1
x_aq_ifu_top/x_aq_ifu_icache/x_aq_ifu_icache_tag_array/x_icache_tag_icg_cell/module_en,0,0.0,0.0,0.0,0.0,,0
x_aq_ifu_top/x_aq_ifu_icache/x_aq_ifu_icache_tag_array/x_icache_tag_icg_cell/local_en,169,0.020332050048123194,6.129402366863904,4.20827666876729,0.2485207100591716,0.5387120148182255,1
x_aq_ifu_top/x_aq_ifu_icache/x_aq_ifu_icache_tag_array/x_icache_tag_icg_cell/external_en,0,0.0,0.0,0.0,0.0,,0
x_aq_ifu_top/x_aq_ifu_icache/x_aq_ifu_icache_tag_array/x_icache_tag_icg_cell/pad_yy_icg_scan_en,0,0.0,0.0,0.0,0.0,,0
x_aq_ifu_top/x_aq_ifu_icache/x_aq_ifu_icache_tag_array/x_icache_tag_icg_cell/clk_out,0,0.0,0.0,0.0,0.0,,0
x_aq_ifu_top/x_aq_ifu_icache/x_aq_ifu_icache_tag_array/x_icache_tag_icg_cell/clk_en_bf_latch,169,0.020332050048123194,6.129402366863904,4.20827666876729,0.2485207100591716,0.5387120148182255,1
x_aq_ifu_top/x_aq_ifu_icache/x_aq_ifu_icache_tag_array/x_icache_tag_icg_cell/SE,0,0.0,0.0,0.0,0.0,,0
x_aq_ifu_top/x_aq_ifu_icache/x_aq_ifu_icache_tag_array/x_aq_spsram_256x59/A[7:0],868,0.10442733397497594,2.1986339170506914,1.5095207105841975,0.021889400921658985,0.2029294118896575,7
x_aq_ifu_top/x_aq_ifu_icache/x_aq_ifu_icache_tag_array/x_aq_spsram_256x59/CEN,218,0.02622714148219442,7.241380733944955,4.971729993949366,0.3073394495412844,-0.6454945267756266,1
x_aq_ifu_top/x_aq_ifu_icache/x_aq_ifu_icache_tag_array/x_aq_spsram_256x59/CLK,0,0.0,0.0,0.0,0.0,,0
x_aq_ifu_top/x_aq_ifu_icache/x_aq_ifu_icache_tag_array/x_aq_spsram_256x59/D[58:0],67,0.008060635226179018,7.605488955223882,5.221716540892024,0.3880597014925373,-0.30662568375937604,2
x_aq_ifu_top/x_aq_ifu_icache/x_aq_ifu_icache_tag_array/x_aq_spsram_256x59/GWEN,45,0.00541385948026949,7.931534222222224,5.445570125295092,0.5555555555555556,-0.4257381586716582,1
x_aq_ifu_top/x_aq_ifu_icache/x_aq_ifu_icache_tag_array/x_aq_spsram_256x59/Q[58:0],96,0.011549566891241578,10.621864166666667,7.29267561109211,0.6354166666666666,-0.3353978421727862,4
x_aq_ifu_top/x_aq_ifu_icache/x_aq_ifu_icache_tag_array/x_aq_spsram_256x59/WEN[58:0],73,0.008782483156881618,8.311041643835617,5.706129333584889,0.5342465753424658,-0.32433018354960463,59
x_aq_ifu_top/x_aq_ifu_icache/x_aq_ifu_icache_tag_array/x_aq_spsram_256x59/x_aq_f_spsram_256x59/A[7:0],868,0.10442733397497594,2.1986339170506914,1.5095207105841975,0.021889400921658985,0.2029294118896575,7
x_aq_ifu_top/x_aq_ifu_icache/x_aq_ifu_icache_tag_array/x_aq_spsram_256x59/x_aq_f_spsram_256x59/CEN,218,0.02622714148219442,7.241380733944955,4.971729993949366,0.3073394495412844,-0.6454945267756266,1
x_aq_ifu_top/x_aq_ifu_icache/x_aq_ifu_icache_tag_array/x_aq_spsram_256x59/x_aq_f_spsram_256x59/CLK,0,0.0,0.0,0.0,0.0,,0
x_aq_ifu_top/x_aq_ifu_icache/x_aq_ifu_icache_tag_array/x_aq_spsram_256x59/x_aq_f_spsram_256x59/D[58:0],67,0.008060635226179018,7.605488955223882,5.221716540892024,0.3880597014925373,-0.30662568375937604,2
x_aq_ifu_top/x_aq_ifu_icache/x_aq_ifu_icache_tag_array/x_aq_spsram_256x59/x_aq_f_spsram_256x59/GWEN,45,0.00541385948026949,7.931534222222224,5.445570125295092,0.5555555555555556,-0.4257381586716582,1
x_aq_ifu_top/x_aq_ifu_icache/x_aq_ifu_icache_tag_array/x_aq_spsram_256x59/x_aq_f_spsram_256x59/Q[58:0],96,0.011549566891241578,10.621864166666667,7.29267561109211,0.6354166666666666,-0.3353978421727862,4
x_aq_ifu_top/x_aq_ifu_icache/x_aq_ifu_icache_tag_array/x_aq_spsram_256x59/x_aq_f_spsram_256x59/WEN[58:0],73,0.008782483156881618,8.311041643835617,5.706129333584889,0.5342465753424658,-0.32433018354960463,59
x_aq_ifu_top/x_aq_ifu_icache/x_aq_ifu_icache_tag_array/x_aq_spsram_256x59/x_aq_f_spsram_256x59/addr[7:0],868,0.10442733397497594,2.1615230414746547,1.4840414187223276,0.021889400921658985,0.15897987801283114,7
x_aq_ifu_top/x_aq_ifu_icache/x_aq_ifu_icache_tag_array/x_aq_spsram_256x59/x_aq_f_spsram_256x59/ram0_din[0:0],23,0.0027670837343599613,4.579426086956521,3.1441061957796763,0.08695652173913043,-0.3131504435139984,1
x_aq_ifu_top/x_aq_ifu_icache/x_aq_ifu_icache_tag_array/x_aq_spsram_256x59/x_aq_f_spsram_256x59/ram0_dout[0:0],25,0.0030076997112608275,7.881600000000001,5.411286681368022,0.44,-0.34461031109045487,1
x_aq_ifu_top/x_aq_ifu_icache/x_aq_ifu_icache_tag_array/x_aq_spsram_256x59/x_aq_f_spsram_256x59/ram0_wen,12,0.0014436958614051972,1.9638333333333335,1.3483131802036685,0.0,0.3001888541983283,1
x_aq_ifu_top/x_aq_ifu_icache/x_aq_ifu_icache_tag_array/x_aq_spsram_256x59/x_aq_f_spsram_256x59/ram1_din[28:0],32,0.0038498556304138597,11.896092500000002,8.167525236699658,0.75,0.19966530292145188,1
x_aq_ifu_top/x_aq_ifu_icache/x_aq_ifu_icache_tag_array/x_aq_spsram_256x59/x_aq_f_spsram_256x59/ram1_dout[28:0],0,0.0,0.0,0.0,0.0,,0
x_aq_ifu_top/x_aq_ifu_icache/x_aq_ifu_icache_tag_array/x_aq_spsram_256x59/x_aq_f_spsram_256x59/ram1_wen,12,0.0014436958614051972,1.9638333333333335,1.3483131802036685,0.0,0.3001888541983283,1
x_aq_ifu_top/x_aq_ifu_icache/x_aq_ifu_icache_tag_array/x_aq_spsram_256x59/x_aq_f_spsram_256x59/ram2_din[28:0],32,0.0038498556304138597,11.896092500000002,8.167525236699658,0.75,0.19966530292145188,1
x_aq_ifu_top/x_aq_ifu_icache/x_aq_ifu_icache_tag_array/x_aq_spsram_256x59/x_aq_f_spsram_256x59/ram2_dout[28:0],78,0.009384023099133783,9.800063589743592,6.7284502613351584,0.5769230769230769,-0.406462937572612,2
x_aq_ifu_top/x_aq_ifu_icache/x_aq_ifu_icache_tag_array/x_aq_spsram_256x59/x_aq_f_spsram_256x59/ram2_wen,12,0.0014436958614051972,1.9638333333333335,1.3483131802036685,0.0,0.3001888541983283,1
x_aq_ifu_top/x_aq_ifu_icache/x_aq_ifu_icache_tag_array/x_aq_spsram_256x59/x_aq_f_spsram_256x59/ram0/PortAClk,0,0.0,0.0,0.0,0.0,,0
x_aq_ifu_top/x_aq_ifu_icache/x_aq_ifu_icache_tag_array/x_aq_spsram_256x59/x_aq_f_spsram_256x59/ram0/PortAAddr[7:0],868,0.10442733397497594,2.1615230414746547,1.4840414187223276,0.021889400921658985,0.15897987801283114,7
x_aq_ifu_top/x_aq_ifu_icache/x_aq_ifu_icache_tag_array/x_aq_spsram_256x59/x_aq_f_spsram_256x59/ram0/PortADataIn[0:0],23,0.0027670837343599613,4.579426086956521,3.1441061957796763,0.08695652173913043,-0.3131504435139984,1
x_aq_ifu_top/x_aq_ifu_icache/x_aq_ifu_icache_tag_array/x_aq_spsram_256x59/x_aq_f_spsram_256x59/ram0/PortAWriteEnable,12,0.0014436958614051972,1.9638333333333335,1.3483131802036685,0.0,0.3001888541983283,1
x_aq_ifu_top/x_aq_ifu_icache/x_aq_ifu_icache_tag_array/x_aq_spsram_256x59/x_aq_f_spsram_256x59/ram1/PortAClk,0,0.0,0.0,0.0,0.0,,0
x_aq_ifu_top/x_aq_ifu_icache/x_aq_ifu_icache_tag_array/x_aq_spsram_256x59/x_aq_f_spsram_256x59/ram1/PortAAddr[7:0],868,0.10442733397497594,2.1615230414746547,1.4840414187223276,0.021889400921658985,0.15897987801283114,7
x_aq_ifu_top/x_aq_ifu_icache/x_aq_ifu_icache_tag_array/x_aq_spsram_256x59/x_aq_f_spsram_256x59/ram1/PortADataIn[28:0],32,0.0038498556304138597,11.896092500000002,8.167525236699658,0.75,0.19966530292145188,1
x_aq_ifu_top/x_aq_ifu_icache/x_aq_ifu_icache_tag_array/x_aq_spsram_256x59/x_aq_f_spsram_256x59/ram1/PortAWriteEnable,12,0.0014436958614051972,1.9638333333333335,1.3483131802036685,0.0,0.3001888541983283,1
x_aq_ifu_top/x_aq_ifu_icache/x_aq_ifu_icache_tag_array/x_aq_spsram_256x59/x_aq_f_spsram_256x59/ram2/PortAClk,0,0.0,0.0,0.0,0.0,,0
x_aq_ifu_top/x_aq_ifu_icache/x_aq_ifu_icache_tag_array/x_aq_spsram_256x59/x_aq_f_spsram_256x59/ram2/PortAAddr[7:0],868,0.10442733397497594,2.1615230414746547,1.4840414187223276,0.021889400921658985,0.15897987801283114,7
x_aq_ifu_top/x_aq_ifu_icache/x_aq_ifu_icache_tag_array/x_aq_spsram_256x59/x_aq_f_spsram_256x59/ram2/PortADataIn[28:0],32,0.0038498556304138597,11.896092500000002,8.167525236699658,0.75,0.19966530292145188,1
x_aq_ifu_top/x_aq_ifu_icache/x_aq_ifu_icache_tag_array/x_aq_spsram_256x59/x_aq_f_spsram_256x59/ram2/PortAWriteEnable,12,0.0014436958614051972,1.9638333333333335,1.3483131802036685,0.0,0.3001888541983283,1
x_aq_ifu_top/x_aq_ifu_icache/x_aq_ifu_icache_data_array/cp0_ifu_icg_en,0,0.0,0.0,0.0,0.0,,0
x_aq_ifu_top/x_aq_ifu_icache/x_aq_ifu_icache_data_array/cp0_yy_clk_en,1,0.00012030798845043312,21.131999999999998,14.508641665482774,1.0,-0.18268400597289075,1
x_aq_ifu_top/x_aq_ifu_icache/x_aq_ifu_icache_data_array/forever_cpuclk,0,0.0,0.0,0.0,0.0,,0
x_aq_ifu_top/x_aq_ifu_icache/x_aq_ifu_icache_data_array/icache_data0_dout[31:0],359,0.04319056785370549,7.277484679665739,4.996517955863662,0.34540389972144847,-0.22053732320948302,20
x_aq_ifu_top/x_aq_ifu_icache/x_aq_ifu_icache_data_array/icache_data1_dout[31:0],338,0.04066410009624639,6.953589467455621,4.774140539096574,0.3165680473372781,-0.14102798194676705,20
x_aq_ifu_top/x_aq_ifu_icache/x_aq_ifu_icache_data_array/icache_data2_dout[31:0],343,0.04126564003849856,7.418110787172012,5.093067918130375,0.358600583090379,-0.11796402216344494,22
x_aq_ifu_top/x_aq_ifu_icache/x_aq_ifu_icache_data_array/icache_data3_dout[31:0],340,0.04090471607314726,7.093530235294118,4.870219966266802,0.3235294117647059,-0.18117365628597423,22
x_aq_ifu_top/x_aq_ifu_icache/x_aq_ifu_icache_data_array/icache_data_din[127:0],148,0.0178055822906641,9.593525945945945,6.586647277032055,0.6486486486486487,,77
x_aq_ifu_top/x_aq_ifu_icache/x_aq_ifu_icache_data_array/icache_data_idx[13:0],585,0.07038017324350337,4.4209464615384615,3.0352985061870887,0.14017094017094017,-0.18848568969569213,9
x_aq_ifu_top/x_aq_ifu_icache/x_aq_ifu_icache_data_array/icache_data_ren[1:0],324,0.03897978825794033,6.264351728395062,4.300929135615731,0.2191358024691358,0.6170080962625752,1
x_aq_ifu_top/x_aq_ifu_icache/x_aq_ifu_icache_data_array/icache_data_wen[1:0],0,0.0,0.0,0.0,0.0,,0
x_aq_ifu_top/x_aq_ifu_icache/x_aq_ifu_icache_data_array/iop_rd_data,0,0.0,0.0,0.0,0.0,,0
x_aq_ifu_top/x_aq_ifu_icache/x_aq_ifu_icache_data_array/iop_rd_way,0,0.0,0.0,0.0,0.0,,0
x_aq_ifu_top/x_aq_ifu_icache/x_aq_ifu_icache_data_array/pad_yy_icg_scan_en,0,0.0,0.0,0.0,0.0,,0
x_aq_ifu_top/x_aq_ifu_icache/x_aq_ifu_icache_data_array/icache_data0_cen_b,202,0.02430221366698749,6.54656811881188,4.494691036083439,0.24752475247524752,-0.713911554710622,1
x_aq_ifu_top/x_aq_ifu_icache/x_aq_ifu_icache_data_array/icache_data0_clk,0,0.0,0.0,0.0,0.0,,0
x_aq_ifu_top/x_aq_ifu_icache/x_aq_ifu_icache_data_array/icache_data0_din[31:0],163,0.019610202117420598,9.786256441717793,6.718970658688527,0.6625766871165644,-0.03291657631996891,21
x_aq_ifu_top/x_aq_ifu_icache/x_aq_ifu_icache_data_array/icache_data0_icg_en,14,0.0016843118383060634,6.401285714285713,4.3949441901829145,0.2857142857142857,0.10775349932452431,1
x_aq_ifu_top/x_aq_ifu_icache/x_aq_ifu_icache_data_array/icache_data0_idx[10:0],523,0.06292107795957652,4.1602110133843215,2.8562848214077268,0.12045889101338432,-0.18830849042424205,9
x_aq_ifu_top/x_aq_ifu_icache/x_aq_ifu_icache_data_array/icache_data1_cen_b,176,0.021174205967276226,6.467177727272728,4.440183808063188,0.2727272727272727,-0.7107118854505362,1
x_aq_ifu_top/x_aq_ifu_icache/x_aq_ifu_icache_data_array/icache_data1_clk,0,0.0,0.0,0.0,0.0,,0
x_aq_ifu_top/x_aq_ifu_icache/x_aq_ifu_icache_data_array/icache_data1_din[31:0],161,0.01936958614051973,9.78853291925466,6.720533624656818,0.6645962732919255,0.021110899313837726,22
x_aq_ifu_top/x_aq_ifu_icache/x_aq_ifu_icache_data_array/icache_data1_icg_en,16,0.0019249278152069298,9.867249999999999,6.77457857626987,0.625,0.15005158858069095,1
x_aq_ifu_top/x_aq_ifu_icache/x_aq_ifu_icache_data_array/icache_data1_idx[10:0],523,0.06292107795957652,4.1602110133843215,2.8562848214077268,0.12045889101338432,-0.18830849042424205,9
x_aq_ifu_top/x_aq_ifu_icache/x_aq_ifu_icache_data_array/icache_data2_cen_b,202,0.02430221366698749,6.54656811881188,4.494691036083439,0.24752475247524752,-0.713911554710622,1
x_aq_ifu_top/x_aq_ifu_icache/x_aq_ifu_icache_data_array/icache_data2_clk,0,0.0,0.0,0.0,0.0,,0
x_aq_ifu_top/x_aq_ifu_icache/x_aq_ifu_icache_data_array/icache_data2_din[31:0],142,0.0170837343599615,9.494428450704223,6.518609701392786,0.6408450704225352,-0.03651350778605976,22
x_aq_ifu_top/x_aq_ifu_icache/x_aq_ifu_icache_data_array/icache_data2_icg_en,14,0.0016843118383060634,6.401285714285713,4.3949441901829145,0.2857142857142857,0.10775349932452431,1
x_aq_ifu_top/x_aq_ifu_icache/x_aq_ifu_icache_data_array/icache_data2_idx[10:0],523,0.06292107795957652,4.156028068833652,2.8534129283738325,0.124282982791587,-0.18855382030453793,9
x_aq_ifu_top/x_aq_ifu_icache/x_aq_ifu_icache_data_array/icache_data3_cen_b,176,0.021174205967276226,6.467177727272728,4.440183808063188,0.2727272727272727,-0.7107118854505362,1
x_aq_ifu_top/x_aq_ifu_icache/x_aq_ifu_icache_data_array/icache_data3_clk,0,0.0,0.0,0.0,0.0,,0
x_aq_ifu_top/x_aq_ifu_icache/x_aq_ifu_icache_data_array/icache_data3_din[31:0],144,0.017324350336862367,9.492484999999999,6.5172753823570995,0.6388888888888888,0.028495365311515527,22
x_aq_ifu_top/x_aq_ifu_icache/x_aq_ifu_icache_data_array/icache_data3_icg_en,16,0.0019249278152069298,9.867249999999999,6.77457857626987,0.625,0.15005158858069095,1
x_aq_ifu_top/x_aq_ifu_icache/x_aq_ifu_icache_data_array/icache_data3_idx[10:0],523,0.06292107795957652,4.156028068833652,2.8534129283738325,0.124282982791587,-0.18855382030453793,9
x_aq_ifu_top/x_aq_ifu_icache/x_aq_ifu_icache_data_array/icache_data_bwen_b[31:0],33,0.003970163618864293,9.701304242424243,6.660644848625837,0.7575757575757576,-0.43032058286234165,32
x_aq_ifu_top/x_aq_ifu_icache/x_aq_ifu_icache_data_array/icache_data_gwen_b,33,0.003970163618864293,9.701304242424243,6.660644848625837,0.7575757575757576,-0.42545700379331086,1
x_aq_ifu_top/x_aq_ifu_icache/x_aq_ifu_icache_data_array/icache_data_idx_high[10:0],523,0.06292107795957652,4.156028068833652,2.8534129283738325,0.124282982791587,-0.18855382030453793,9
x_aq_ifu_top/x_aq_ifu_icache/x_aq_ifu_icache_data_array/icache_data_idx_low[10:0],523,0.06292107795957652,4.1602110133843215,2.8562848214077268,0.12045889101338432,-0.18830849042424205,9
x_aq_ifu_top/x_aq_ifu_icache/x_aq_ifu_icache_data_array/icache_data_wr,0,0.0,0.0,0.0,0.0,,0
x_aq_ifu_top/x_aq_ifu_icache/x_aq_ifu_icache_data_array/x_icache_data3_icg_cell/clk_in,0,0.0,0.0,0.0,0.0,,0
x_aq_ifu_top/x_aq_ifu_icache/x_aq_ifu_icache_data_array/x_icache_data3_icg_cell/global_en,1,0.00012030798845043312,21.131999999999998,14.508641665482774,1.0,-0.18268400597289075,1
x_aq_ifu_top/x_aq_ifu_icache/x_aq_ifu_icache_data_array/x_icache_data3_icg_cell/module_en,0,0.0,0.0,0.0,0.0,,0
x_aq_ifu_top/x_aq_ifu_icache/x_aq_ifu_icache_data_array/x_icache_data3_icg_cell/local_en,16,0.0019249278152069298,9.867249999999999,6.77457857626987,0.625,0.15005158858069095,1
x_aq_ifu_top/x_aq_ifu_icache/x_aq_ifu_icache_data_array/x_icache_data3_icg_cell/external_en,0,0.0,0.0,0.0,0.0,,0
x_aq_ifu_top/x_aq_ifu_icache/x_aq_ifu_icache_data_array/x_icache_data3_icg_cell/pad_yy_icg_scan_en,0,0.0,0.0,0.0,0.0,,0
x_aq_ifu_top/x_aq_ifu_icache/x_aq_ifu_icache_data_array/x_icache_data3_icg_cell/clk_out,0,0.0,0.0,0.0,0.0,,0
x_aq_ifu_top/x_aq_ifu_icache/x_aq_ifu_icache_data_array/x_icache_data3_icg_cell/clk_en_bf_latch,16,0.0019249278152069298,9.867249999999999,6.77457857626987,0.625,0.15005158858069095,1
x_aq_ifu_top/x_aq_ifu_icache/x_aq_ifu_icache_data_array/x_icache_data3_icg_cell/SE,0,0.0,0.0,0.0,0.0,,0
x_aq_ifu_top/x_aq_ifu_icache/x_aq_ifu_icache_data_array/x_icache_data2_icg_cell/clk_in,0,0.0,0.0,0.0,0.0,,0
x_aq_ifu_top/x_aq_ifu_icache/x_aq_ifu_icache_data_array/x_icache_data2_icg_cell/global_en,1,0.00012030798845043312,21.131999999999998,14.508641665482774,1.0,-0.18268400597289075,1
x_aq_ifu_top/x_aq_ifu_icache/x_aq_ifu_icache_data_array/x_icache_data2_icg_cell/module_en,0,0.0,0.0,0.0,0.0,,0
x_aq_ifu_top/x_aq_ifu_icache/x_aq_ifu_icache_data_array/x_icache_data2_icg_cell/local_en,14,0.0016843118383060634,6.401285714285713,4.3949441901829145,0.2857142857142857,0.10775349932452431,1
x_aq_ifu_top/x_aq_ifu_icache/x_aq_ifu_icache_data_array/x_icache_data2_icg_cell/external_en,0,0.0,0.0,0.0,0.0,,0
x_aq_ifu_top/x_aq_ifu_icache/x_aq_ifu_icache_data_array/x_icache_data2_icg_cell/pad_yy_icg_scan_en,0,0.0,0.0,0.0,0.0,,0
x_aq_ifu_top/x_aq_ifu_icache/x_aq_ifu_icache_data_array/x_icache_data2_icg_cell/clk_out,0,0.0,0.0,0.0,0.0,,0
x_aq_ifu_top/x_aq_ifu_icache/x_aq_ifu_icache_data_array/x_icache_data2_icg_cell/clk_en_bf_latch,14,0.0016843118383060634,6.401285714285713,4.3949441901829145,0.2857142857142857,0.10775349932452431,1
x_aq_ifu_top/x_aq_ifu_icache/x_aq_ifu_icache_data_array/x_icache_data2_icg_cell/SE,0,0.0,0.0,0.0,0.0,,0
x_aq_ifu_top/x_aq_ifu_icache/x_aq_ifu_icache_data_array/x_icache_data1_icg_cell/clk_in,0,0.0,0.0,0.0,0.0,,0
x_aq_ifu_top/x_aq_ifu_icache/x_aq_ifu_icache_data_array/x_icache_data1_icg_cell/global_en,1,0.00012030798845043312,21.131999999999998,14.508641665482774,1.0,-0.18268400597289075,1
x_aq_ifu_top/x_aq_ifu_icache/x_aq_ifu_icache_data_array/x_icache_data1_icg_cell/module_en,0,0.0,0.0,0.0,0.0,,0
x_aq_ifu_top/x_aq_ifu_icache/x_aq_ifu_icache_data_array/x_icache_data1_icg_cell/local_en,16,0.0019249278152069298,9.867249999999999,6.77457857626987,0.625,0.15005158858069095,1
x_aq_ifu_top/x_aq_ifu_icache/x_aq_ifu_icache_data_array/x_icache_data1_icg_cell/external_en,0,0.0,0.0,0.0,0.0,,0
x_aq_ifu_top/x_aq_ifu_icache/x_aq_ifu_icache_data_array/x_icache_data1_icg_cell/pad_yy_icg_scan_en,0,0.0,0.0,0.0,0.0,,0
x_aq_ifu_top/x_aq_ifu_icache/x_aq_ifu_icache_data_array/x_icache_data1_icg_cell/clk_out,0,0.0,0.0,0.0,0.0,,0
x_aq_ifu_top/x_aq_ifu_icache/x_aq_ifu_icache_data_array/x_icache_data1_icg_cell/clk_en_bf_latch,16,0.0019249278152069298,9.867249999999999,6.77457857626987,0.625,0.15005158858069095,1
x_aq_ifu_top/x_aq_ifu_icache/x_aq_ifu_icache_data_array/x_icache_data1_icg_cell/SE,0,0.0,0.0,0.0,0.0,,0
x_aq_ifu_top/x_aq_ifu_icache/x_aq_ifu_icache_data_array/x_icache_data0_icg_cell/clk_in,0,0.0,0.0,0.0,0.0,,0
x_aq_ifu_top/x_aq_ifu_icache/x_aq_ifu_icache_data_array/x_icache_data0_icg_cell/global_en,1,0.00012030798845043312,21.131999999999998,14.508641665482774,1.0,-0.18268400597289075,1
x_aq_ifu_top/x_aq_ifu_icache/x_aq_ifu_icache_data_array/x_icache_data0_icg_cell/module_en,0,0.0,0.0,0.0,0.0,,0
x_aq_ifu_top/x_aq_ifu_icache/x_aq_ifu_icache_data_array/x_icache_data0_icg_cell/local_en,14,0.0016843118383060634,6.401285714285713,4.3949441901829145,0.2857142857142857,0.10775349932452431,1
x_aq_ifu_top/x_aq_ifu_icache/x_aq_ifu_icache_data_array/x_icache_data0_icg_cell/external_en,0,0.0,0.0,0.0,0.0,,0
x_aq_ifu_top/x_aq_ifu_icache/x_aq_ifu_icache_data_array/x_icache_data0_icg_cell/pad_yy_icg_scan_en,0,0.0,0.0,0.0,0.0,,0
x_aq_ifu_top/x_aq_ifu_icache/x_aq_ifu_icache_data_array/x_icache_data0_icg_cell/clk_out,0,0.0,0.0,0.0,0.0,,0
x_aq_ifu_top/x_aq_ifu_icache/x_aq_ifu_icache_data_array/x_icache_data0_icg_cell/clk_en_bf_latch,14,0.0016843118383060634,6.401285714285713,4.3949441901829145,0.2857142857142857,0.10775349932452431,1
x_aq_ifu_top/x_aq_ifu_icache/x_aq_ifu_icache_data_array/x_icache_data0_icg_cell/SE,0,0.0,0.0,0.0,0.0,,0
x_aq_ifu_top/x_aq_ifu_icache/x_aq_ifu_icache_data_array/x_aq_spsram_2048x32_3/A[10:0],523,0.06292107795957652,4.156028068833652,2.8534129283738325,0.124282982791587,-0.18855382030453793,9
x_aq_ifu_top/x_aq_ifu_icache/x_aq_ifu_icache_data_array/x_aq_spsram_2048x32_3/CEN,176,0.021174205967276226,6.467177727272728,4.440183808063188,0.2727272727272727,-0.7107118854505362,1
x_aq_ifu_top/x_aq_ifu_icache/x_aq_ifu_icache_data_array/x_aq_spsram_2048x32_3/CLK,0,0.0,0.0,0.0,0.0,,0
x_aq_ifu_top/x_aq_ifu_icache/x_aq_ifu_icache_data_array/x_aq_spsram_2048x32_3/D[31:0],144,0.017324350336862367,9.492484999999999,6.5172753823570995,0.6388888888888888,0.028495365311515527,22
x_aq_ifu_top/x_aq_ifu_icache/x_aq_ifu_icache_data_array/x_aq_spsram_2048x32_3/GWEN,33,0.003970163618864293,9.701304242424243,6.660644848625837,0.7575757575757576,-0.42545700379331086,1
x_aq_ifu_top/x_aq_ifu_icache/x_aq_ifu_icache_data_array/x_aq_spsram_2048x32_3/Q[31:0],340,0.04090471607314726,7.093530235294118,4.870219966266802,0.3235294117647059,-0.18117365628597423,22
x_aq_ifu_top/x_aq_ifu_icache/x_aq_ifu_icache_data_array/x_aq_spsram_2048x32_3/WEN[31:0],33,0.003970163618864293,9.701304242424243,6.660644848625837,0.7575757575757576,-0.43032058286234165,32
x_aq_ifu_top/x_aq_ifu_icache/x_aq_ifu_icache_data_array/x_aq_spsram_2048x32_3/x_aq_f_spsram_2048x32/A[10:0],523,0.06292107795957652,4.156028068833652,2.8534129283738325,0.124282982791587,-0.18855382030453793,9
x_aq_ifu_top/x_aq_ifu_icache/x_aq_ifu_icache_data_array/x_aq_spsram_2048x32_3/x_aq_f_spsram_2048x32/CEN,176,0.021174205967276226,6.467177727272728,4.440183808063188,0.2727272727272727,-0.7107118854505362,1
x_aq_ifu_top/x_aq_ifu_icache/x_aq_ifu_icache_data_array/x_aq_spsram_2048x32_3/x_aq_f_spsram_2048x32/CLK,0,0.0,0.0,0.0,0.0,,0
x_aq_ifu_top/x_aq_ifu_icache/x_aq_ifu_icache_data_array/x_aq_spsram_2048x32_3/x_aq_f_spsram_2048x32/D[31:0],144,0.017324350336862367,9.492484999999999,6.5172753823570995,0.6388888888888888,0.028495365311515527,22
x_aq_ifu_top/x_aq_ifu_icache/x_aq_ifu_icache_data_array/x_aq_spsram_2048x32_3/x_aq_f_spsram_2048x32/GWEN,33,0.003970163618864293,9.701304242424243,6.660644848625837,0.7575757575757576,-0.42545700379331086,1
x_aq_ifu_top/x_aq_ifu_icache/x_aq_ifu_icache_data_array/x_aq_spsram_2048x32_3/x_aq_f_spsram_2048x32/Q[31:0],340,0.04090471607314726,7.093530235294118,4.870219966266802,0.3235294117647059,-0.18117365628597423,22
x_aq_ifu_top/x_aq_ifu_icache/x_aq_ifu_icache_data_array/x_aq_spsram_2048x32_3/x_aq_f_spsram_2048x32/WEN[31:0],33,0.003970163618864293,9.701304242424243,6.660644848625837,0.7575757575757576,-0.43032058286234165,32
x_aq_ifu_top/x_aq_ifu_icache/x_aq_ifu_icache_data_array/x_aq_spsram_2048x32_3/x_aq_f_spsram_2048x32/addr[10:0],294,0.035370548604427336,7.213947755102041,4.952895275993251,0.36394557823129253,-0.2246432503389509,7
x_aq_ifu_top/x_aq_ifu_icache/x_aq_ifu_icache_data_array/x_aq_spsram_2048x32_3/x_aq_f_spsram_2048x32/ram0_din[7:0],120,0.014436958614051972,10.045773666666665,6.897147945400797,0.675,-0.085806370467676,7
x_aq_ifu_top/x_aq_ifu_icache/x_aq_ifu_icache_data_array/x_aq_spsram_2048x32_3/x_aq_f_spsram_2048x32/ram0_dout[7:0],301,0.036212704523580365,7.100030830564784,4.874683093627887,0.32558139534883723,-0.14151233027279236,6
x_aq_ifu_top/x_aq_ifu_icache/x_aq_ifu_icache_data_array/x_aq_spsram_2048x32_3/x_aq_f_spsram_2048x32/ram0_wen,0,0.0,0.0,0.0,0.0,,0
x_aq_ifu_top/x_aq_ifu_icache/x_aq_ifu_icache_data_array/x_aq_spsram_2048x32_3/x_aq_f_spsram_2048x32/ram1_din[7:0],130,0.015640038498556306,9.222827076923076,6.33213577521242,0.6153846153846154,-0.023391118289616226,6
x_aq_ifu_top/x_aq_ifu_icache/x_aq_ifu_icache_data_array/x_aq_spsram_2048x32_3/x_aq_f_spsram_2048x32/ram1_dout[7:0],278,0.03344562078922041,7.149885899280576,4.908912192965642,0.3381294964028777,-0.030831819986108792,6
x_aq_ifu_top/x_aq_ifu_icache/x_aq_ifu_icache_data_array/x_aq_spsram_2048x32_3/x_aq_f_spsram_2048x32/ram1_wen,0,0.0,0.0,0.0,0.0,,0
x_aq_ifu_top/x_aq_ifu_icache/x_aq_ifu_icache_data_array/x_aq_spsram_2048x32_3/x_aq_f_spsram_2048x32/ram2_din[7:0],125,0.015038498556304139,10.0222816,6.881018947802449,0.672,0.06641486620753233,7
x_aq_ifu_top/x_aq_ifu_icache/x_aq_ifu_icache_data_array/x_aq_spsram_2048x32_3/x_aq_f_spsram_2048x32/ram2_dout[7:0],300,0.03609239653512993,7.223350933333334,4.959351235839669,0.3333333333333333,-0.04869796342170013,7
x_aq_ifu_top/x_aq_ifu_icache/x_aq_ifu_icache_data_array/x_aq_spsram_2048x32_3/x_aq_f_spsram_2048x32/ram2_wen,0,0.0,0.0,0.0,0.0,,0
x_aq_ifu_top/x_aq_ifu_icache/x_aq_ifu_icache_data_array/x_aq_spsram_2048x32_3/x_aq_f_spsram_2048x32/ram3_din[7:0],118,0.014196342637151107,9.185217966101694,6.306314408930721,0.6101694915254238,0.028381112513351552,7
x_aq_ifu_top/x_aq_ifu_icache/x_aq_ifu_icache_data_array/x_aq_spsram_2048x32_3/x_aq_f_spsram_2048x32/ram3_dout[7:0],285,0.034287776708373435,6.958653754385965,4.777617537220914,0.312280701754386,-0.1815031367835792,7
x_aq_ifu_top/x_aq_ifu_icache/x_aq_ifu_icache_data_array/x_aq_spsram_2048x32_3/x_aq_f_spsram_2048x32/ram3_wen,0,0.0,0.0,0.0,0.0,,0
x_aq_ifu_top/x_aq_ifu_icache/x_aq_ifu_icache_data_array/x_aq_spsram_2048x32_3/x_aq_f_spsram_2048x32/ram0/PortAClk,0,0.0,0.0,0.0,0.0,,0
x_aq_ifu_top/x_aq_ifu_icache/x_aq_ifu_icache_data_array/x_aq_spsram_2048x32_3/x_aq_f_spsram_2048x32/ram0/PortAAddr[10:0],294,0.035370548604427336,7.213947755102041,4.952895275993251,0.36394557823129253,-0.2246432503389509,7
x_aq_ifu_top/x_aq_ifu_icache/x_aq_ifu_icache_data_array/x_aq_spsram_2048x32_3/x_aq_f_spsram_2048x32/ram0/PortADataIn[7:0],120,0.014436958614051972,10.045773666666665,6.897147945400797,0.675,-0.085806370467676,7
x_aq_ifu_top/x_aq_ifu_icache/x_aq_ifu_icache_data_array/x_aq_spsram_2048x32_3/x_aq_f_spsram_2048x32/ram0/PortAWriteEnable,0,0.0,0.0,0.0,0.0,,0
x_aq_ifu_top/x_aq_ifu_icache/x_aq_ifu_icache_data_array/x_aq_spsram_2048x32_3/x_aq_f_spsram_2048x32/ram1/PortAClk,0,0.0,0.0,0.0,0.0,,0
x_aq_ifu_top/x_aq_ifu_icache/x_aq_ifu_icache_data_array/x_aq_spsram_2048x32_3/x_aq_f_spsram_2048x32/ram1/PortAAddr[10:0],294,0.035370548604427336,7.213947755102041,4.952895275993251,0.36394557823129253,-0.2246432503389509,7
x_aq_ifu_top/x_aq_ifu_icache/x_aq_ifu_icache_data_array/x_aq_spsram_2048x32_3/x_aq_f_spsram_2048x32/ram1/PortADataIn[7:0],130,0.015640038498556306,9.222827076923076,6.33213577521242,0.6153846153846154,-0.023391118289616226,6
x_aq_ifu_top/x_aq_ifu_icache/x_aq_ifu_icache_data_array/x_aq_spsram_2048x32_3/x_aq_f_spsram_2048x32/ram1/PortAWriteEnable,0,0.0,0.0,0.0,0.0,,0
x_aq_ifu_top/x_aq_ifu_icache/x_aq_ifu_icache_data_array/x_aq_spsram_2048x32_3/x_aq_f_spsram_2048x32/ram2/PortAClk,0,0.0,0.0,0.0,0.0,,0
x_aq_ifu_top/x_aq_ifu_icache/x_aq_ifu_icache_data_array/x_aq_spsram_2048x32_3/x_aq_f_spsram_2048x32/ram2/PortAAddr[10:0],294,0.035370548604427336,7.213947755102041,4.952895275993251,0.36394557823129253,-0.2246432503389509,7
x_aq_ifu_top/x_aq_ifu_icache/x_aq_ifu_icache_data_array/x_aq_spsram_2048x32_3/x_aq_f_spsram_2048x32/ram2/PortADataIn[7:0],125,0.015038498556304139,10.0222816,6.881018947802449,0.672,0.06641486620753233,7
x_aq_ifu_top/x_aq_ifu_icache/x_aq_ifu_icache_data_array/x_aq_spsram_2048x32_3/x_aq_f_spsram_2048x32/ram2/PortAWriteEnable,0,0.0,0.0,0.0,0.0,,0
x_aq_ifu_top/x_aq_ifu_icache/x_aq_ifu_icache_data_array/x_aq_spsram_2048x32_3/x_aq_f_spsram_2048x32/ram3/PortAClk,0,0.0,0.0,0.0,0.0,,0
x_aq_ifu_top/x_aq_ifu_icache/x_aq_ifu_icache_data_array/x_aq_spsram_2048x32_3/x_aq_f_spsram_2048x32/ram3/PortAAddr[10:0],294,0.035370548604427336,7.213947755102041,4.952895275993251,0.36394557823129253,-0.2246432503389509,7
x_aq_ifu_top/x_aq_ifu_icache/x_aq_ifu_icache_data_array/x_aq_spsram_2048x32_3/x_aq_f_spsram_2048x32/ram3/PortADataIn[7:0],118,0.014196342637151107,9.185217966101694,6.306314408930721,0.6101694915254238,0.028381112513351552,7
x_aq_ifu_top/x_aq_ifu_icache/x_aq_ifu_icache_data_array/x_aq_spsram_2048x32_3/x_aq_f_spsram_2048x32/ram3/PortAWriteEnable,0,0.0,0.0,0.0,0.0,,0
x_aq_ifu_top/x_aq_ifu_icache/x_aq_ifu_icache_data_array/x_aq_spsram_2048x32_2/A[10:0],523,0.06292107795957652,4.156028068833652,2.8534129283738325,0.124282982791587,-0.18855382030453793,9
x_aq_ifu_top/x_aq_ifu_icache/x_aq_ifu_icache_data_array/x_aq_spsram_2048x32_2/CEN,202,0.02430221366698749,6.54656811881188,4.494691036083439,0.24752475247524752,-0.713911554710622,1
x_aq_ifu_top/x_aq_ifu_icache/x_aq_ifu_icache_data_array/x_aq_spsram_2048x32_2/CLK,0,0.0,0.0,0.0,0.0,,0
x_aq_ifu_top/x_aq_ifu_icache/x_aq_ifu_icache_data_array/x_aq_spsram_2048x32_2/D[31:0],142,0.0170837343599615,9.494428450704223,6.518609701392786,0.6408450704225352,-0.03651350778605976,22
x_aq_ifu_top/x_aq_ifu_icache/x_aq_ifu_icache_data_array/x_aq_spsram_2048x32_2/GWEN,33,0.003970163618864293,9.701304242424243,6.660644848625837,0.7575757575757576,-0.42545700379331086,1
x_aq_ifu_top/x_aq_ifu_icache/x_aq_ifu_icache_data_array/x_aq_spsram_2048x32_2/Q[31:0],343,0.04126564003849856,7.418110787172012,5.093067918130375,0.358600583090379,-0.11796402216344494,22
x_aq_ifu_top/x_aq_ifu_icache/x_aq_ifu_icache_data_array/x_aq_spsram_2048x32_2/WEN[31:0],33,0.003970163618864293,9.701304242424243,6.660644848625837,0.7575757575757576,-0.43032058286234165,32
x_aq_ifu_top/x_aq_ifu_icache/x_aq_ifu_icache_data_array/x_aq_spsram_2048x32_2/x_aq_f_spsram_2048x32/A[10:0],523,0.06292107795957652,4.156028068833652,2.8534129283738325,0.124282982791587,-0.18855382030453793,9
x_aq_ifu_top/x_aq_ifu_icache/x_aq_ifu_icache_data_array/x_aq_spsram_2048x32_2/x_aq_f_spsram_2048x32/CEN,202,0.02430221366698749,6.54656811881188,4.494691036083439,0.24752475247524752,-0.713911554710622,1
x_aq_ifu_top/x_aq_ifu_icache/x_aq_ifu_icache_data_array/x_aq_spsram_2048x32_2/x_aq_f_spsram_2048x32/CLK,0,0.0,0.0,0.0,0.0,,0
x_aq_ifu_top/x_aq_ifu_icache/x_aq_ifu_icache_data_array/x_aq_spsram_2048x32_2/x_aq_f_spsram_2048x32/D[31:0],142,0.0170837343599615,9.494428450704223,6.518609701392786,0.6408450704225352,-0.03651350778605976,22
x_aq_ifu_top/x_aq_ifu_icache/x_aq_ifu_icache_data_array/x_aq_spsram_2048x32_2/x_aq_f_spsram_2048x32/GWEN,33,0.003970163618864293,9.701304242424243,6.660644848625837,0.7575757575757576,-0.42545700379331086,1
x_aq_ifu_top/x_aq_ifu_icache/x_aq_ifu_icache_data_array/x_aq_spsram_2048x32_2/x_aq_f_spsram_2048x32/Q[31:0],343,0.04126564003849856,7.418110787172012,5.093067918130375,0.358600583090379,-0.11796402216344494,22
x_aq_ifu_top/x_aq_ifu_icache/x_aq_ifu_icache_data_array/x_aq_spsram_2048x32_2/x_aq_f_spsram_2048x32/WEN[31:0],33,0.003970163618864293,9.701304242424243,6.660644848625837,0.7575757575757576,-0.43032058286234165,32
x_aq_ifu_top/x_aq_ifu_icache/x_aq_ifu_icache_data_array/x_aq_spsram_2048x32_2/x_aq_f_spsram_2048x32/addr[10:0],335,0.04030317613089509,7.31918352238806,5.02514721797437,0.3611940298507463,-0.15083898224763076,7
x_aq_ifu_top/x_aq_ifu_icache/x_aq_ifu_icache_data_array/x_aq_spsram_2048x32_2/x_aq_f_spsram_2048x32/ram0_din[7:0],120,0.014436958614051972,9.712038666666668,6.668014804844775,0.6666666666666666,-0.018230986601757496,6
x_aq_ifu_top/x_aq_ifu_icache/x_aq_ifu_icache_data_array/x_aq_spsram_2048x32_2/x_aq_f_spsram_2048x32/ram0_dout[7:0],327,0.03934071222329163,7.268211009174312,4.990150912418466,0.345565749235474,-0.1342972637058363,6
x_aq_ifu_top/x_aq_ifu_icache/x_aq_ifu_icache_data_array/x_aq_spsram_2048x32_2/x_aq_f_spsram_2048x32/ram0_wen,0,0.0,0.0,0.0,0.0,,0
x_aq_ifu_top/x_aq_ifu_icache/x_aq_ifu_icache_data_array/x_aq_spsram_2048x32_2/x_aq_f_spsram_2048x32/ram1_din[7:0],135,0.01624157844080847,9.412057185185185,6.462055888457519,0.6444444444444445,-0.054142295448453004,7
x_aq_ifu_top/x_aq_ifu_icache/x_aq_ifu_icache_data_array/x_aq_spsram_2048x32_2/x_aq_f_spsram_2048x32/ram1_dout[7:0],297,0.035731472569778634,7.759912457912459,5.3277394097751065,0.39057239057239057,-0.12712292452570598,7
x_aq_ifu_top/x_aq_ifu_icache/x_aq_ifu_icache_data_array/x_aq_spsram_2048x32_2/x_aq_f_spsram_2048x32/ram1_wen,0,0.0,0.0,0.0,0.0,,0
x_aq_ifu_top/x_aq_ifu_icache/x_aq_ifu_icache_data_array/x_aq_spsram_2048x32_2/x_aq_f_spsram_2048x32/ram2_din[7:0],121,0.014557266602502407,9.576506115702479,6.574961936401268,0.6446280991735537,-0.04726402618847207,7
x_aq_ifu_top/x_aq_ifu_icache/x_aq_ifu_icache_data_array/x_aq_spsram_2048x32_2/x_aq_f_spsram_2048x32/ram2_dout[7:0],302,0.0363330125120308,7.395149006622517,5.077303000186305,0.3509933774834437,0.07818181580835955,7
x_aq_ifu_top/x_aq_ifu_icache/x_aq_ifu_icache_data_array/x_aq_spsram_2048x32_2/x_aq_f_spsram_2048x32/ram2_wen,0,0.0,0.0,0.0,0.0,,0
x_aq_ifu_top/x_aq_ifu_icache/x_aq_ifu_icache_data_array/x_aq_spsram_2048x32_2/x_aq_f_spsram_2048x32/ram3_din[7:0],109,0.01311357074109721,9.106379082568807,6.252185830921759,0.6146788990825688,-0.03631163677284834,7
x_aq_ifu_top/x_aq_ifu_icache/x_aq_ifu_icache_data_array/x_aq_spsram_2048x32_2/x_aq_f_spsram_2048x32/ram3_dout[7:0],246,0.029595765158806544,7.653097560975609,5.254403281429837,0.37398373983739835,-0.11817803941468996,7
x_aq_ifu_top/x_aq_ifu_icache/x_aq_ifu_icache_data_array/x_aq_spsram_2048x32_2/x_aq_f_spsram_2048x32/ram3_wen,0,0.0,0.0,0.0,0.0,,0
x_aq_ifu_top/x_aq_ifu_icache/x_aq_ifu_icache_data_array/x_aq_spsram_2048x32_2/x_aq_f_spsram_2048x32/ram0/PortAClk,0,0.0,0.0,0.0,0.0,,0
x_aq_ifu_top/x_aq_ifu_icache/x_aq_ifu_icache_data_array/x_aq_spsram_2048x32_2/x_aq_f_spsram_2048x32/ram0/PortAAddr[10:0],335,0.04030317613089509,7.31918352238806,5.02514721797437,0.3611940298507463,-0.15083898224763076,7
x_aq_ifu_top/x_aq_ifu_icache/x_aq_ifu_icache_data_array/x_aq_spsram_2048x32_2/x_aq_f_spsram_2048x32/ram0/PortADataIn[7:0],120,0.014436958614051972,9.712038666666668,6.668014804844775,0.6666666666666666,-0.018230986601757496,6
x_aq_ifu_top/x_aq_ifu_icache/x_aq_ifu_icache_data_array/x_aq_spsram_2048x32_2/x_aq_f_spsram_2048x32/ram0/PortAWriteEnable,0,0.0,0.0,0.0,0.0,,0
x_aq_ifu_top/x_aq_ifu_icache/x_aq_ifu_icache_data_array/x_aq_spsram_2048x32_2/x_aq_f_spsram_2048x32/ram1/PortAClk,0,0.0,0.0,0.0,0.0,,0
x_aq_ifu_top/x_aq_ifu_icache/x_aq_ifu_icache_data_array/x_aq_spsram_2048x32_2/x_aq_f_spsram_2048x32/ram1/PortAAddr[10:0],335,0.04030317613089509,7.31918352238806,5.02514721797437,0.3611940298507463,-0.15083898224763076,7
x_aq_ifu_top/x_aq_ifu_icache/x_aq_ifu_icache_data_array/x_aq_spsram_2048x32_2/x_aq_f_spsram_2048x32/ram1/PortADataIn[7:0],135,0.01624157844080847,9.412057185185185,6.462055888457519,0.6444444444444445,-0.054142295448453004,7
x_aq_ifu_top/x_aq_ifu_icache/x_aq_ifu_icache_data_array/x_aq_spsram_2048x32_2/x_aq_f_spsram_2048x32/ram1/PortAWriteEnable,0,0.0,0.0,0.0,0.0,,0
x_aq_ifu_top/x_aq_ifu_icache/x_aq_ifu_icache_data_array/x_aq_spsram_2048x32_2/x_aq_f_spsram_2048x32/ram2/PortAClk,0,0.0,0.0,0.0,0.0,,0
x_aq_ifu_top/x_aq_ifu_icache/x_aq_ifu_icache_data_array/x_aq_spsram_2048x32_2/x_aq_f_spsram_2048x32/ram2/PortAAddr[10:0],335,0.04030317613089509,7.31918352238806,5.02514721797437,0.3611940298507463,-0.15083898224763076,7
x_aq_ifu_top/x_aq_ifu_icache/x_aq_ifu_icache_data_array/x_aq_spsram_2048x32_2/x_aq_f_spsram_2048x32/ram2/PortADataIn[7:0],121,0.014557266602502407,9.576506115702479,6.574961936401268,0.6446280991735537,-0.04726402618847207,7
x_aq_ifu_top/x_aq_ifu_icache/x_aq_ifu_icache_data_array/x_aq_spsram_2048x32_2/x_aq_f_spsram_2048x32/ram2/PortAWriteEnable,0,0.0,0.0,0.0,0.0,,0
x_aq_ifu_top/x_aq_ifu_icache/x_aq_ifu_icache_data_array/x_aq_spsram_2048x32_2/x_aq_f_spsram_2048x32/ram3/PortAClk,0,0.0,0.0,0.0,0.0,,0
x_aq_ifu_top/x_aq_ifu_icache/x_aq_ifu_icache_data_array/x_aq_spsram_2048x32_2/x_aq_f_spsram_2048x32/ram3/PortAAddr[10:0],335,0.04030317613089509,7.31918352238806,5.02514721797437,0.3611940298507463,-0.15083898224763076,7
x_aq_ifu_top/x_aq_ifu_icache/x_aq_ifu_icache_data_array/x_aq_spsram_2048x32_2/x_aq_f_spsram_2048x32/ram3/PortADataIn[7:0],109,0.01311357074109721,9.106379082568807,6.252185830921759,0.6146788990825688,-0.03631163677284834,7
x_aq_ifu_top/x_aq_ifu_icache/x_aq_ifu_icache_data_array/x_aq_spsram_2048x32_2/x_aq_f_spsram_2048x32/ram3/PortAWriteEnable,0,0.0,0.0,0.0,0.0,,0
x_aq_ifu_top/x_aq_ifu_icache/x_aq_ifu_icache_data_array/x_aq_spsram_2048x32_1/A[10:0],523,0.06292107795957652,4.1602110133843215,2.8562848214077268,0.12045889101338432,-0.18830849042424205,9
x_aq_ifu_top/x_aq_ifu_icache/x_aq_ifu_icache_data_array/x_aq_spsram_2048x32_1/CEN,176,0.021174205967276226,6.467177727272728,4.440183808063188,0.2727272727272727,-0.7107118854505362,1
x_aq_ifu_top/x_aq_ifu_icache/x_aq_ifu_icache_data_array/x_aq_spsram_2048x32_1/CLK,0,0.0,0.0,0.0,0.0,,0
x_aq_ifu_top/x_aq_ifu_icache/x_aq_ifu_icache_data_array/x_aq_spsram_2048x32_1/D[31:0],161,0.01936958614051973,9.78853291925466,6.720533624656818,0.6645962732919255,0.021110899313837726,22
x_aq_ifu_top/x_aq_ifu_icache/x_aq_ifu_icache_data_array/x_aq_spsram_2048x32_1/GWEN,33,0.003970163618864293,9.701304242424243,6.660644848625837,0.7575757575757576,-0.42545700379331086,1
x_aq_ifu_top/x_aq_ifu_icache/x_aq_ifu_icache_data_array/x_aq_spsram_2048x32_1/Q[31:0],338,0.04066410009624639,6.953589467455621,4.774140539096574,0.3165680473372781,-0.14102798194676705,20
x_aq_ifu_top/x_aq_ifu_icache/x_aq_ifu_icache_data_array/x_aq_spsram_2048x32_1/WEN[31:0],33,0.003970163618864293,9.701304242424243,6.660644848625837,0.7575757575757576,-0.43032058286234165,32
x_aq_ifu_top/x_aq_ifu_icache/x_aq_ifu_icache_data_array/x_aq_spsram_2048x32_1/x_aq_f_spsram_2048x32/A[10:0],523,0.06292107795957652,4.1602110133843215,2.8562848214077268,0.12045889101338432,-0.18830849042424205,9
x_aq_ifu_top/x_aq_ifu_icache/x_aq_ifu_icache_data_array/x_aq_spsram_2048x32_1/x_aq_f_spsram_2048x32/CEN,176,0.021174205967276226,6.467177727272728,4.440183808063188,0.2727272727272727,-0.7107118854505362,1
x_aq_ifu_top/x_aq_ifu_icache/x_aq_ifu_icache_data_array/x_aq_spsram_2048x32_1/x_aq_f_spsram_2048x32/CLK,0,0.0,0.0,0.0,0.0,,0
x_aq_ifu_top/x_aq_ifu_icache/x_aq_ifu_icache_data_array/x_aq_spsram_2048x32_1/x_aq_f_spsram_2048x32/D[31:0],161,0.01936958614051973,9.78853291925466,6.720533624656818,0.6645962732919255,0.021110899313837726,22
x_aq_ifu_top/x_aq_ifu_icache/x_aq_ifu_icache_data_array/x_aq_spsram_2048x32_1/x_aq_f_spsram_2048x32/GWEN,33,0.003970163618864293,9.701304242424243,6.660644848625837,0.7575757575757576,-0.42545700379331086,1
x_aq_ifu_top/x_aq_ifu_icache/x_aq_ifu_icache_data_array/x_aq_spsram_2048x32_1/x_aq_f_spsram_2048x32/Q[31:0],338,0.04066410009624639,6.953589467455621,4.774140539096574,0.3165680473372781,-0.14102798194676705,20
x_aq_ifu_top/x_aq_ifu_icache/x_aq_ifu_icache_data_array/x_aq_spsram_2048x32_1/x_aq_f_spsram_2048x32/WEN[31:0],33,0.003970163618864293,9.701304242424243,6.660644848625837,0.7575757575757576,-0.43032058286234165,32
x_aq_ifu_top/x_aq_ifu_icache/x_aq_ifu_icache_data_array/x_aq_spsram_2048x32_1/x_aq_f_spsram_2048x32/addr[10:0],293,0.035250240615976904,7.324922593856656,5.029087504337727,0.3583617747440273,-0.22502423350830322,7
x_aq_ifu_top/x_aq_ifu_icache/x_aq_ifu_icache_data_array/x_aq_spsram_2048x32_1/x_aq_f_spsram_2048x32/ram0_din[7:0],135,0.01624157844080847,10.17204148148148,6.983839904469115,0.6814814814814815,-0.09501357427037739,8
x_aq_ifu_top/x_aq_ifu_icache/x_aq_ifu_icache_data_array/x_aq_spsram_2048x32_1/x_aq_f_spsram_2048x32/ram0_dout[7:0],315,0.03789701636188643,6.914743619047619,4.747470063290055,0.30793650793650795,0.0414786289697576,6
x_aq_ifu_top/x_aq_ifu_icache/x_aq_ifu_icache_data_array/x_aq_spsram_2048x32_1/x_aq_f_spsram_2048x32/ram0_wen,0,0.0,0.0,0.0,0.0,,0
x_aq_ifu_top/x_aq_ifu_icache/x_aq_ifu_icache_data_array/x_aq_spsram_2048x32_1/x_aq_f_spsram_2048x32/ram1_din[7:0],147,0.017685274302213668,9.536114285714287,6.547230032771144,0.6530612244897959,-0.0209342235931045,7
x_aq_ifu_top/x_aq_ifu_icache/x_aq_ifu_icache_data_array/x_aq_spsram_2048x32_1/x_aq_f_spsram_2048x32/ram1_dout[7:0],262,0.03152069297401348,7.390756641221376,5.074287324638841,0.36259541984732824,0.052517671004143555,7
x_aq_ifu_top/x_aq_ifu_icache/x_aq_ifu_icache_data_array/x_aq_spsram_2048x32_1/x_aq_f_spsram_2048x32/ram1_wen,0,0.0,0.0,0.0,0.0,,0
x_aq_ifu_top/x_aq_ifu_icache/x_aq_ifu_icache_data_array/x_aq_spsram_2048x32_1/x_aq_f_spsram_2048x32/ram2_din[7:0],136,0.016361886429258902,10.099875882352942,6.934293017362791,0.6911764705882353,0.08548321594960102,7
x_aq_ifu_top/x_aq_ifu_icache/x_aq_ifu_icache_data_array/x_aq_spsram_2048x32_1/x_aq_f_spsram_2048x32/ram2_dout[7:0],316,0.03801732435033686,6.958158987341771,4.77727784397124,0.31329113924050633,-0.1101415653616963,7
x_aq_ifu_top/x_aq_ifu_icache/x_aq_ifu_icache_data_array/x_aq_spsram_2048x32_1/x_aq_f_spsram_2048x32/ram2_wen,0,0.0,0.0,0.0,0.0,,0
x_aq_ifu_top/x_aq_ifu_icache/x_aq_ifu_icache_data_array/x_aq_spsram_2048x32_1/x_aq_f_spsram_2048x32/ram3_din[7:0],132,0.01588065447545717,9.516874545454545,6.534020563853599,0.6363636363636364,0.020883135763910987,7
x_aq_ifu_top/x_aq_ifu_icache/x_aq_ifu_icache_data_array/x_aq_spsram_2048x32_1/x_aq_f_spsram_2048x32/ram3_dout[7:0],248,0.029836381135707413,7.027230806451613,4.824700628026122,0.31451612903225806,-0.14131708766635817,7
x_aq_ifu_top/x_aq_ifu_icache/x_aq_ifu_icache_data_array/x_aq_spsram_2048x32_1/x_aq_f_spsram_2048x32/ram3_wen,0,0.0,0.0,0.0,0.0,,0
x_aq_ifu_top/x_aq_ifu_icache/x_aq_ifu_icache_data_array/x_aq_spsram_2048x32_1/x_aq_f_spsram_2048x32/ram0/PortAClk,0,0.0,0.0,0.0,0.0,,0
x_aq_ifu_top/x_aq_ifu_icache/x_aq_ifu_icache_data_array/x_aq_spsram_2048x32_1/x_aq_f_spsram_2048x32/ram0/PortAAddr[10:0],293,0.035250240615976904,7.324922593856656,5.029087504337727,0.3583617747440273,-0.22502423350830322,7
x_aq_ifu_top/x_aq_ifu_icache/x_aq_ifu_icache_data_array/x_aq_spsram_2048x32_1/x_aq_f_spsram_2048x32/ram0/PortADataIn[7:0],135,0.01624157844080847,10.17204148148148,6.983839904469115,0.6814814814814815,-0.09501357427037739,8
x_aq_ifu_top/x_aq_ifu_icache/x_aq_ifu_icache_data_array/x_aq_spsram_2048x32_1/x_aq_f_spsram_2048x32/ram0/PortAWriteEnable,0,0.0,0.0,0.0,0.0,,0
x_aq_ifu_top/x_aq_ifu_icache/x_aq_ifu_icache_data_array/x_aq_spsram_2048x32_1/x_aq_f_spsram_2048x32/ram1/PortAClk,0,0.0,0.0,0.0,0.0,,0
x_aq_ifu_top/x_aq_ifu_icache/x_aq_ifu_icache_data_array/x_aq_spsram_2048x32_1/x_aq_f_spsram_2048x32/ram1/PortAAddr[10:0],293,0.035250240615976904,7.324922593856656,5.029087504337727,0.3583617747440273,-0.22502423350830322,7
x_aq_ifu_top/x_aq_ifu_icache/x_aq_ifu_icache_data_array/x_aq_spsram_2048x32_1/x_aq_f_spsram_2048x32/ram1/PortADataIn[7:0],147,0.017685274302213668,9.536114285714287,6.547230032771144,0.6530612244897959,-0.0209342235931045,7
x_aq_ifu_top/x_aq_ifu_icache/x_aq_ifu_icache_data_array/x_aq_spsram_2048x32_1/x_aq_f_spsram_2048x32/ram1/PortAWriteEnable,0,0.0,0.0,0.0,0.0,,0
x_aq_ifu_top/x_aq_ifu_icache/x_aq_ifu_icache_data_array/x_aq_spsram_2048x32_1/x_aq_f_spsram_2048x32/ram2/PortAClk,0,0.0,0.0,0.0,0.0,,0
x_aq_ifu_top/x_aq_ifu_icache/x_aq_ifu_icache_data_array/x_aq_spsram_2048x32_1/x_aq_f_spsram_2048x32/ram2/PortAAddr[10:0],293,0.035250240615976904,7.324922593856656,5.029087504337727,0.3583617747440273,-0.22502423350830322,7
x_aq_ifu_top/x_aq_ifu_icache/x_aq_ifu_icache_data_array/x_aq_spsram_2048x32_1/x_aq_f_spsram_2048x32/ram2/PortADataIn[7:0],136,0.016361886429258902,10.099875882352942,6.934293017362791,0.6911764705882353,0.08548321594960102,7
x_aq_ifu_top/x_aq_ifu_icache/x_aq_ifu_icache_data_array/x_aq_spsram_2048x32_1/x_aq_f_spsram_2048x32/ram2/PortAWriteEnable,0,0.0,0.0,0.0,0.0,,0
x_aq_ifu_top/x_aq_ifu_icache/x_aq_ifu_icache_data_array/x_aq_spsram_2048x32_1/x_aq_f_spsram_2048x32/ram3/PortAClk,0,0.0,0.0,0.0,0.0,,0
x_aq_ifu_top/x_aq_ifu_icache/x_aq_ifu_icache_data_array/x_aq_spsram_2048x32_1/x_aq_f_spsram_2048x32/ram3/PortAAddr[10:0],293,0.035250240615976904,7.324922593856656,5.029087504337727,0.3583617747440273,-0.22502423350830322,7
x_aq_ifu_top/x_aq_ifu_icache/x_aq_ifu_icache_data_array/x_aq_spsram_2048x32_1/x_aq_f_spsram_2048x32/ram3/PortADataIn[7:0],132,0.01588065447545717,9.516874545454545,6.534020563853599,0.6363636363636364,0.020883135763910987,7
x_aq_ifu_top/x_aq_ifu_icache/x_aq_ifu_icache_data_array/x_aq_spsram_2048x32_1/x_aq_f_spsram_2048x32/ram3/PortAWriteEnable,0,0.0,0.0,0.0,0.0,,0
x_aq_ifu_top/x_aq_ifu_icache/x_aq_ifu_icache_data_array/x_aq_spsram_2048x32_0/A[10:0],523,0.06292107795957652,4.1602110133843215,2.8562848214077268,0.12045889101338432,-0.18830849042424205,9
x_aq_ifu_top/x_aq_ifu_icache/x_aq_ifu_icache_data_array/x_aq_spsram_2048x32_0/CEN,202,0.02430221366698749,6.54656811881188,4.494691036083439,0.24752475247524752,-0.713911554710622,1
x_aq_ifu_top/x_aq_ifu_icache/x_aq_ifu_icache_data_array/x_aq_spsram_2048x32_0/CLK,0,0.0,0.0,0.0,0.0,,0
x_aq_ifu_top/x_aq_ifu_icache/x_aq_ifu_icache_data_array/x_aq_spsram_2048x32_0/D[31:0],163,0.019610202117420598,9.786256441717793,6.718970658688527,0.6625766871165644,-0.03291657631996891,21
x_aq_ifu_top/x_aq_ifu_icache/x_aq_ifu_icache_data_array/x_aq_spsram_2048x32_0/GWEN,33,0.003970163618864293,9.701304242424243,6.660644848625837,0.7575757575757576,-0.42545700379331086,1
x_aq_ifu_top/x_aq_ifu_icache/x_aq_ifu_icache_data_array/x_aq_spsram_2048x32_0/Q[31:0],359,0.04319056785370549,7.277484679665739,4.996517955863662,0.34540389972144847,-0.22053732320948302,20
x_aq_ifu_top/x_aq_ifu_icache/x_aq_ifu_icache_data_array/x_aq_spsram_2048x32_0/WEN[31:0],33,0.003970163618864293,9.701304242424243,6.660644848625837,0.7575757575757576,-0.43032058286234165,32
x_aq_ifu_top/x_aq_ifu_icache/x_aq_ifu_icache_data_array/x_aq_spsram_2048x32_0/x_aq_f_spsram_2048x32/A[10:0],523,0.06292107795957652,4.1602110133843215,2.8562848214077268,0.12045889101338432,-0.18830849042424205,9
x_aq_ifu_top/x_aq_ifu_icache/x_aq_ifu_icache_data_array/x_aq_spsram_2048x32_0/x_aq_f_spsram_2048x32/CEN,202,0.02430221366698749,6.54656811881188,4.494691036083439,0.24752475247524752,-0.713911554710622,1
x_aq_ifu_top/x_aq_ifu_icache/x_aq_ifu_icache_data_array/x_aq_spsram_2048x32_0/x_aq_f_spsram_2048x32/CLK,0,0.0,0.0,0.0,0.0,,0
x_aq_ifu_top/x_aq_ifu_icache/x_aq_ifu_icache_data_array/x_aq_spsram_2048x32_0/x_aq_f_spsram_2048x32/D[31:0],163,0.019610202117420598,9.786256441717793,6.718970658688527,0.6625766871165644,-0.03291657631996891,21
x_aq_ifu_top/x_aq_ifu_icache/x_aq_ifu_icache_data_array/x_aq_spsram_2048x32_0/x_aq_f_spsram_2048x32/GWEN,33,0.003970163618864293,9.701304242424243,6.660644848625837,0.7575757575757576,-0.42545700379331086,1
x_aq_ifu_top/x_aq_ifu_icache/x_aq_ifu_icache_data_array/x_aq_spsram_2048x32_0/x_aq_f_spsram_2048x32/Q[31:0],359,0.04319056785370549,7.277484679665739,4.996517955863662,0.34540389972144847,-0.22053732320948302,20
x_aq_ifu_top/x_aq_ifu_icache/x_aq_ifu_icache_data_array/x_aq_spsram_2048x32_0/x_aq_f_spsram_2048x32/WEN[31:0],33,0.003970163618864293,9.701304242424243,6.660644848625837,0.7575757575757576,-0.43032058286234165,32
x_aq_ifu_top/x_aq_ifu_icache/x_aq_ifu_icache_data_array/x_aq_spsram_2048x32_0/x_aq_f_spsram_2048x32/addr[10:0],335,0.04030317613089509,7.368228298507463,5.058819993020757,0.3611940298507463,-0.15114766015438683,7
x_aq_ifu_top/x_aq_ifu_icache/x_aq_ifu_icache_data_array/x_aq_spsram_2048x32_0/x_aq_f_spsram_2048x32/ram0_din[7:0],132,0.01588065447545717,9.920774848484848,6.81132724401859,0.6666666666666666,-0.018963604530742938,6
x_aq_ifu_top/x_aq_ifu_icache/x_aq_ifu_icache_data_array/x_aq_spsram_2048x32_0/x_aq_f_spsram_2048x32/ram0_dout[7:0],322,0.03873917228103946,6.986316770186336,4.796610192134512,0.3198757763975155,-0.17632824813238995,8
x_aq_ifu_top/x_aq_ifu_icache/x_aq_ifu_icache_data_array/x_aq_spsram_2048x32_0/x_aq_f_spsram_2048x32/ram0_wen,0,0.0,0.0,0.0,0.0,,0
x_aq_ifu_top/x_aq_ifu_icache/x_aq_ifu_icache_data_array/x_aq_spsram_2048x32_0/x_aq_f_spsram_2048x32/ram1_din[7:0],151,0.0181665062560154,9.705009006622516,6.663188436369914,0.6490066225165563,-0.06023668139753842,7
x_aq_ifu_top/x_aq_ifu_icache/x_aq_ifu_icache_data_array/x_aq_spsram_2048x32_0/x_aq_f_spsram_2048x32/ram1_dout[7:0],321,0.038618864292589025,7.197710280373832,4.941747078833309,0.3426791277258567,-0.003478854232530305,7
x_aq_ifu_top/x_aq_ifu_icache/x_aq_ifu_icache_data_array/x_aq_spsram_2048x32_0/x_aq_f_spsram_2048x32/ram1_wen,0,0.0,0.0,0.0,0.0,,0
x_aq_ifu_top/x_aq_ifu_icache/x_aq_ifu_icache_data_array/x_aq_spsram_2048x32_0/x_aq_f_spsram_2048x32/ram2_din[7:0],142,0.0170837343599615,9.918628450704226,6.809853587182008,0.676056338028169,-0.041896963082770855,7
x_aq_ifu_top/x_aq_ifu_icache/x_aq_ifu_icache_data_array/x_aq_spsram_2048x32_0/x_aq_f_spsram_2048x32/ram2_dout[7:0],345,0.04150625601539942,7.2336202898550725,4.966401889535912,0.336231884057971,0.0035922320190251594,7
x_aq_ifu_top/x_aq_ifu_icache/x_aq_ifu_icache_data_array/x_aq_spsram_2048x32_0/x_aq_f_spsram_2048x32/ram2_wen,0,0.0,0.0,0.0,0.0,,0
x_aq_ifu_top/x_aq_ifu_icache/x_aq_ifu_icache_data_array/x_aq_spsram_2048x32_0/x_aq_f_spsram_2048x32/ram3_din[7:0],119,0.01431665062560154,9.32864705882353,6.404788822649555,0.6302521008403361,-0.0327515540214849,7
x_aq_ifu_top/x_aq_ifu_icache/x_aq_ifu_icache_data_array/x_aq_spsram_2048x32_0/x_aq_f_spsram_2048x32/ram3_dout[7:0],260,0.03128007699711261,7.195134769230769,4.939978804733358,0.3230769230769231,-0.22072886442014578,7
x_aq_ifu_top/x_aq_ifu_icache/x_aq_ifu_icache_data_array/x_aq_spsram_2048x32_0/x_aq_f_spsram_2048x32/ram3_wen,0,0.0,0.0,0.0,0.0,,0
x_aq_ifu_top/x_aq_ifu_icache/x_aq_ifu_icache_data_array/x_aq_spsram_2048x32_0/x_aq_f_spsram_2048x32/ram0/PortAClk,0,0.0,0.0,0.0,0.0,,0
x_aq_ifu_top/x_aq_ifu_icache/x_aq_ifu_icache_data_array/x_aq_spsram_2048x32_0/x_aq_f_spsram_2048x32/ram0/PortAAddr[10:0],335,0.04030317613089509,7.368228298507463,5.058819993020757,0.3611940298507463,-0.15114766015438683,7
x_aq_ifu_top/x_aq_ifu_icache/x_aq_ifu_icache_data_array/x_aq_spsram_2048x32_0/x_aq_f_spsram_2048x32/ram0/PortADataIn[7:0],132,0.01588065447545717,9.920774848484848,6.81132724401859,0.6666666666666666,-0.018963604530742938,6
x_aq_ifu_top/x_aq_ifu_icache/x_aq_ifu_icache_data_array/x_aq_spsram_2048x32_0/x_aq_f_spsram_2048x32/ram0/PortAWriteEnable,0,0.0,0.0,0.0,0.0,,0
x_aq_ifu_top/x_aq_ifu_icache/x_aq_ifu_icache_data_array/x_aq_spsram_2048x32_0/x_aq_f_spsram_2048x32/ram1/PortAClk,0,0.0,0.0,0.0,0.0,,0
x_aq_ifu_top/x_aq_ifu_icache/x_aq_ifu_icache_data_array/x_aq_spsram_2048x32_0/x_aq_f_spsram_2048x32/ram1/PortAAddr[10:0],335,0.04030317613089509,7.368228298507463,5.058819993020757,0.3611940298507463,-0.15114766015438683,7
x_aq_ifu_top/x_aq_ifu_icache/x_aq_ifu_icache_data_array/x_aq_spsram_2048x32_0/x_aq_f_spsram_2048x32/ram1/PortADataIn[7:0],151,0.0181665062560154,9.705009006622516,6.663188436369914,0.6490066225165563,-0.06023668139753842,7
x_aq_ifu_top/x_aq_ifu_icache/x_aq_ifu_icache_data_array/x_aq_spsram_2048x32_0/x_aq_f_spsram_2048x32/ram1/PortAWriteEnable,0,0.0,0.0,0.0,0.0,,0
x_aq_ifu_top/x_aq_ifu_icache/x_aq_ifu_icache_data_array/x_aq_spsram_2048x32_0/x_aq_f_spsram_2048x32/ram2/PortAClk,0,0.0,0.0,0.0,0.0,,0
x_aq_ifu_top/x_aq_ifu_icache/x_aq_ifu_icache_data_array/x_aq_spsram_2048x32_0/x_aq_f_spsram_2048x32/ram2/PortAAddr[10:0],335,0.04030317613089509,7.368228298507463,5.058819993020757,0.3611940298507463,-0.15114766015438683,7
x_aq_ifu_top/x_aq_ifu_icache/x_aq_ifu_icache_data_array/x_aq_spsram_2048x32_0/x_aq_f_spsram_2048x32/ram2/PortADataIn[7:0],142,0.0170837343599615,9.918628450704226,6.809853587182008,0.676056338028169,-0.041896963082770855,7
x_aq_ifu_top/x_aq_ifu_icache/x_aq_ifu_icache_data_array/x_aq_spsram_2048x32_0/x_aq_f_spsram_2048x32/ram2/PortAWriteEnable,0,0.0,0.0,0.0,0.0,,0
x_aq_ifu_top/x_aq_ifu_icache/x_aq_ifu_icache_data_array/x_aq_spsram_2048x32_0/x_aq_f_spsram_2048x32/ram3/PortAClk,0,0.0,0.0,0.0,0.0,,0
x_aq_ifu_top/x_aq_ifu_icache/x_aq_ifu_icache_data_array/x_aq_spsram_2048x32_0/x_aq_f_spsram_2048x32/ram3/PortAAddr[10:0],335,0.04030317613089509,7.368228298507463,5.058819993020757,0.3611940298507463,-0.15114766015438683,7
x_aq_ifu_top/x_aq_ifu_icache/x_aq_ifu_icache_data_array/x_aq_spsram_2048x32_0/x_aq_f_spsram_2048x32/ram3/PortADataIn[7:0],119,0.01431665062560154,9.32864705882353,6.404788822649555,0.6302521008403361,-0.0327515540214849,7
x_aq_ifu_top/x_aq_ifu_icache/x_aq_ifu_icache_data_array/x_aq_spsram_2048x32_0/x_aq_f_spsram_2048x32/ram3/PortAWriteEnable,0,0.0,0.0,0.0,0.0,,0
x_aq_ifu_top/x_aq_ifu_ipack/cp0_ifu_icg_en,0,0.0,0.0,0.0,0.0,,0
x_aq_ifu_top/x_aq_ifu_ipack/cp0_yy_clk_en,1,0.00012030798845043312,21.131999999999998,14.508641665482774,1.0,-0.18268400597289075,1
x_aq_ifu_top/x_aq_ifu_ipack/cpurst_b,3,0.0003609239653512993,11.372333333333332,7.807926804550378,0.3333333333333333,-0.0221134756398446,1
x_aq_ifu_top/x_aq_ifu_ipack/ctrl_ipack_cancel,82,0.009865255052935515,5.300953658536585,3.6394868974558605,0.0975609756097561,0.0946201892715048,1
x_aq_ifu_top/x_aq_ifu_ipack/forever_cpuclk,0,0.0,0.0,0.0,0.0,,0
x_aq_ifu_top/x_aq_ifu_ipack/ibuf_ipack_stall,38,0.004571703561116458,6.68022947368421,4.586459193492371,0.2894736842105263,-0.33014306398121307,1
x_aq_ifu_top/x_aq_ifu_ipack/icache_ipack_acc_err,0,0.0,0.0,0.0,0.0,,0
x_aq_ifu_top/x_aq_ifu_ipack/icache_ipack_inst[31:0],409,0.04920596727622714,5.914596772616137,4.060797140342061,0.22493887530562348,-0.3255697028942122,25
x_aq_ifu_top/x_aq_ifu_ipack/icache_ipack_inst_vld,51,0.006135707410972089,6.809333333333335,4.675098301824756,0.23529411764705882,0.5188241422996814,1
x_aq_ifu_top/x_aq_ifu_ipack/icache_ipack_inst_vld_gate,61,0.00733878729547642,6.477486229508197,4.447261338114402,0.2459016393442623,0.5151169380940933,1
x_aq_ifu_top/x_aq_ifu_ipack/icache_ipack_pgflt,0,0.0,0.0,0.0,0.0,,0
x_aq_ifu_top/x_aq_ifu_ipack/icache_ipack_unalign,6,0.0007218479307025986,8.134333333333332,5.584806337352138,0.5,0.051598155290993646,1
x_aq_ifu_top/x_aq_ifu_ipack/ipack_ibuf_acc_err[2:0],0,0.0,0.0,0.0,0.0,,0
x_aq_ifu_top/x_aq_ifu_ipack/ipack_ibuf_inst[47:0],416,0.05004812319538017,5.054702884615385,3.470417985915519,0.17307692307692307,0.022806939721569323,33
x_aq_ifu_top/x_aq_ifu_ipack/ipack_ibuf_inst_all,8,0.0009624639076034649,7.6083549999999995,5.223684287279206,0.25,-0.21720957221306025,1
x_aq_ifu_top/x_aq_ifu_ipack/ipack_ibuf_inst_full,8,0.0009624639076034649,7.6083549999999995,5.223684287279206,0.25,-0.21720957221306025,1
x_aq_ifu_top/x_aq_ifu_ipack/ipack_ibuf_inst_one,2,0.00024061597690086623,8.59266,5.899480640418664,0.0,-0.07237321137848463,1
x_aq_ifu_top/x_aq_ifu_ipack/ipack_ibuf_inst_two,12,0.0014436958614051972,7.703283333333334,5.288859432662268,0.25,-0.22028122628722943,1
x_aq_ifu_top/x_aq_ifu_ipack/ipack_ibuf_inst_vld,57,0.006857555341674687,4.277017543859649,2.9364809265967677,0.15789473684210525,0.41713008343317426,1
x_aq_ifu_top/x_aq_ifu_ipack/ipack_ibuf_inst_vld_raw,63,0.007579403272377286,4.3759796825396835,3.004425570196921,0.047619047619047616,-0.21070337202414371,1
x_aq_ifu_top/x_aq_ifu_ipack/ipack_ibuf_pgflt[2:0],0,0.0,0.0,0.0,0.0,,0
x_aq_ifu_top/x_aq_ifu_ipack/ipack_pcgen_reissue,0,0.0,0.0,0.0,0.0,,0
x_aq_ifu_top/x_aq_ifu_ipack/ipack_pred_h0_create,32,0.0038498556304138597,4.169687499999999,2.8627911127457266,0.1875,0.25170116976082896,1
x_aq_ifu_top/x_aq_ifu_ipack/ipack_pred_h0_vld,40,0.004812319538017324,3.994621000000001,2.7425953378010828,0.075,-0.1420883486000293,1
x_aq_ifu_top/x_aq_ifu_ipack/ipack_pred_inst0[31:0],416,0.05004812319538017,5.054702884615385,3.470417985915519,0.17307692307692307,0.03215910887401232,23
x_aq_ifu_top/x_aq_ifu_ipack/ipack_pred_inst0_expt,0,0.0,0.0,0.0,0.0,,0
x_aq_ifu_top/x_aq_ifu_ipack/ipack_pred_inst0_vld,63,0.007579403272377286,4.3759796825396835,3.004425570196921,0.047619047619047616,-0.21070337202414371,1
x_aq_ifu_top/x_aq_ifu_ipack/ipack_pred_inst1[15:0],276,0.03320500481231954,5.042544927536232,3.4620706717641965,0.15579710144927536,0.02280634819465097,12
x_aq_ifu_top/x_aq_ifu_ipack/ipack_pred_inst1_expt,0,0.0,0.0,0.0,0.0,,0
x_aq_ifu_top/x_aq_ifu_ipack/ipack_pred_inst1_vld,12,0.0014436958614051972,7.703283333333334,5.288859432662268,0.25,-0.22028122628722943,1
x_aq_ifu_top/x_aq_ifu_ipack/ipack_pred_unalign,0,0.0,0.0,0.0,0.0,,0
x_aq_ifu_top/x_aq_ifu_ipack/ipack_top_entry0_vld,40,0.004812319538017324,3.994621000000001,2.7425953378010828,0.075,-0.1420883486000293,1
x_aq_ifu_top/x_aq_ifu_ipack/ipack_top_entry1_vld,63,0.007579403272377286,4.300090793650792,2.952322376212416,0.047619047619047616,-0.2131096216910108,1
x_aq_ifu_top/x_aq_ifu_ipack/ipack_top_entry2_vld,63,0.007579403272377286,4.354582857142858,2.989735106802001,0.047619047619047616,-0.20451800414408555,1
x_aq_ifu_top/x_aq_ifu_ipack/iu_ifu_tar_pc_vld,0,0.0,0.0,0.0,0.0,,0
x_aq_ifu_top/x_aq_ifu_ipack/pad_yy_icg_scan_en,0,0.0,0.0,0.0,0.0,,0
x_aq_ifu_top/x_aq_ifu_ipack/pred_ipack_chgflw_vld0,0,0.0,0.0,0.0,0.0,,0
x_aq_ifu_top/x_aq_ifu_ipack/pred_ipack_delay_stall,0,0.0,0.0,0.0,0.0,,0
x_aq_ifu_top/x_aq_ifu_ipack/pred_ipack_mask,0,0.0,0.0,0.0,0.0,,0
x_aq_ifu_top/x_aq_ifu_ipack/pred_ipack_ret_stall,0,0.0,0.0,0.0,0.0,,0
x_aq_ifu_top/x_aq_ifu_ipack/rtu_ifu_chgflw_vld,0,0.0,0.0,0.0,0.0,,0
x_aq_ifu_top/x_aq_ifu_ipack/rtu_ifu_flush_fe,0,0.0,0.0,0.0,0.0,,0
x_aq_ifu_top/x_aq_ifu_ipack/entry0_acc_err,0,0.0,0.0,0.0,0.0,,0
x_aq_ifu_top/x_aq_ifu_ipack/entry0_create_en,32,0.0038498556304138597,4.169687499999999,2.8627911127457266,0.1875,0.25170116976082896,1
x_aq_ifu_top/x_aq_ifu_ipack/entry0_create_icg_en,38,0.004571703561116458,4.5137715789473685,3.0990296421913572,0.07894736842105263,-0.07763058916877744,1
x_aq_ifu_top/x_aq_ifu_ipack/entry0_inst[15:0],82,0.009865255052935515,5.13651219512195,3.526585976216483,0.17073170731707318,0.10070025606510556,10
x_aq_ifu_top/x_aq_ifu_ipack/entry0_pgflt,0,0.0,0.0,0.0,0.0,,0
x_aq_ifu_top/x_aq_ifu_ipack/entry0_retire_en,57,0.006857555341674687,4.193140350877193,2.878893185877054,0.15789473684210525,0.4121409637989189,1
x_aq_ifu_top/x_aq_ifu_ipack/entry0_upd_acc_err,0,0.0,0.0,0.0,0.0,,0
x_aq_ifu_top/x_aq_ifu_ipack/entry0_upd_inst[15:0],276,0.03320500481231954,5.042544927536232,3.4620706717641965,0.15579710144927536,0.02280634819465097,12
x_aq_ifu_top/x_aq_ifu_ipack/entry0_upd_pgflt,0,0.0,0.0,0.0,0.0,,0
x_aq_ifu_top/x_aq_ifu_ipack/entry0_vld,40,0.004812319538017324,3.994621000000001,2.7425953378010828,0.075,-0.1420883486000293,1
x_aq_ifu_top/x_aq_ifu_ipack/entry1_acc_err,0,0.0,0.0,0.0,0.0,,0
x_aq_ifu_top/x_aq_ifu_ipack/entry1_create_en,57,0.006857555341674687,4.294842105263157,2.94871877319188,0.15789473684210525,0.4366621779648318,1
x_aq_ifu_top/x_aq_ifu_ipack/entry1_create_icg_en,63,0.007579403272377286,6.459597777777778,4.434979626203227,0.20634920634920634,0.49688772126999625,1
x_aq_ifu_top/x_aq_ifu_ipack/entry1_inst[15:0],282,0.03392685274302214,5.226747234042553,3.5885388365879534,0.1702127659574468,0.051046354225142636,12
x_aq_ifu_top/x_aq_ifu_ipack/entry1_pgflt,0,0.0,0.0,0.0,0.0,,0
x_aq_ifu_top/x_aq_ifu_ipack/entry1_retire_en,49,0.005895091434071222,6.8102857142857145,4.6757521800174064,0.2653061224489796,0.29929036380146024,1
x_aq_ifu_top/x_aq_ifu_ipack/entry1_upd_acc_err,0,0.0,0.0,0.0,0.0,,0
x_aq_ifu_top/x_aq_ifu_ipack/entry1_upd_inst[15:0],393,0.04728103946102021,5.938761221374046,4.077387776726332,0.23155216284987276,-0.18229620360383506,13
x_aq_ifu_top/x_aq_ifu_ipack/entry1_upd_pgflt,0,0.0,0.0,0.0,0.0,,0
x_aq_ifu_top/x_aq_ifu_ipack/entry1_vld,63,0.007579403272377286,4.300090793650792,2.952322376212416,0.047619047619047616,-0.2131096216910108,1
x_aq_ifu_top/x_aq_ifu_ipack/entry2_acc_err,0,0.0,0.0,0.0,0.0,,0
x_aq_ifu_top/x_aq_ifu_ipack/entry2_create_en,57,0.006857555341674687,4.211421052631579,2.8914442057118044,0.19298245614035087,0.449684028682785,1
x_aq_ifu_top/x_aq_ifu_ipack/entry2_create_icg_en,61,0.00733878729547642,6.477486229508197,4.447261338114402,0.2459016393442623,0.5151169380940933,1
x_aq_ifu_top/x_aq_ifu_ipack/entry2_inst[15:0],276,0.03320500481231954,5.042544927536232,3.4620706717641965,0.15579710144927536,0.02280634819465097,12
x_aq_ifu_top/x_aq_ifu_ipack/entry2_pgflt,0,0.0,0.0,0.0,0.0,,0
x_aq_ifu_top/x_aq_ifu_ipack/entry2_retire_en,49,0.005895091434071222,6.8102857142857145,4.6757521800174064,0.2653061224489796,0.29929036380146024,1
x_aq_ifu_top/x_aq_ifu_ipack/entry2_upd_acc_err,0,0.0,0.0,0.0,0.0,,0
x_aq_ifu_top/x_aq_ifu_ipack/entry2_upd_inst[15:0],370,0.044513955726660254,5.926267783783785,4.068810131015223,0.22702702702702704,-0.32556886516737643,12
x_aq_ifu_top/x_aq_ifu_ipack/entry2_upd_pgflt,0,0.0,0.0,0.0,0.0,,0
x_aq_ifu_top/x_aq_ifu_ipack/entry2_vld,63,0.007579403272377286,4.354582857142858,2.989735106802001,0.047619047619047616,-0.20451800414408555,1
x_aq_ifu_top/x_aq_ifu_ipack/h0_vld,40,0.004812319538017324,3.994621000000001,2.7425953378010828,0.075,-0.1420883486000293,1
x_aq_ifu_top/x_aq_ifu_ipack/h1_16bit_vld,42,0.00505293551491819,4.607088571428571,3.163098485898073,0.047619047619047616,-0.2574389550341659,1
x_aq_ifu_top/x_aq_ifu_ipack/h1_32bit_vld,43,0.005173243503368624,4.093604651162791,2.810554751271747,0.06976744186046512,0.05218254488429901,1
x_aq_ifu_top/x_aq_ifu_ipack/h2_16bit_vld,54,0.0064966313763233875,4.695285185185185,3.223651820419353,0.07407407407407407,-0.16214534378642245,1
x_aq_ifu_top/x_aq_ifu_ipack/h2_32bit_vld,38,0.004571703561116458,4.5137715789473685,3.0990296421913572,0.07894736842105263,-0.07763058916877744,1
x_aq_ifu_top/x_aq_ifu_ipack/icache_inst_vld,59,0.007098171318575553,6.391898305084745,4.388499056912798,0.1864406779661017,0.48277182802844926,1
x_aq_ifu_top/x_aq_ifu_ipack/ipack_acc_err0,0,0.0,0.0,0.0,0.0,,0
x_aq_ifu_top/x_aq_ifu_ipack/ipack_acc_err1,0,0.0,0.0,0.0,0.0,,0
x_aq_ifu_top/x_aq_ifu_ipack/ipack_acc_err2,0,0.0,0.0,0.0,0.0,,0
x_aq_ifu_top/x_aq_ifu_ipack/ipack_align_create,59,0.007098171318575553,6.472491525423729,4.4438321136308385,0.15254237288135594,0.4706184813648109,1
x_aq_ifu_top/x_aq_ifu_ipack/ipack_all_vld,8,0.0009624639076034649,7.6083549999999995,5.223684287279206,0.25,-0.21720957221306025,1
x_aq_ifu_top/x_aq_ifu_ipack/ipack_buf_flush,80,0.009624639076034648,5.2999025,3.6387652013295626,0.1,0.08835595735112509,1
x_aq_ifu_top/x_aq_ifu_ipack/ipack_buf_stall,38,0.004571703561116458,6.68022947368421,4.586459193492371,0.2894736842105263,-0.33014306398121307,1
x_aq_ifu_top/x_aq_ifu_ipack/ipack_cpuclk,0,0.0,0.0,0.0,0.0,,0
x_aq_ifu_top/x_aq_ifu_ipack/ipack_empty,138,0.01660250240615977,4.740301739130434,3.254558930499161,0.2463768115942029,0.07709680352330657,1
x_aq_ifu_top/x_aq_ifu_ipack/ipack_first_inst[31:0],416,0.05004812319538017,5.054702884615385,3.470417985915519,0.17307692307692307,0.03215910887401232,23
x_aq_ifu_top/x_aq_ifu_ipack/ipack_first_vld,63,0.007579403272377286,4.3759796825396835,3.004425570196921,0.047619047619047616,-0.21070337202414371,1
x_aq_ifu_top/x_aq_ifu_ipack/ipack_full,34,0.0040904716073147255,4.360701176470588,2.993935774165291,0.029411764705882353,-0.20704448901005415,1
x_aq_ifu_top/x_aq_ifu_ipack/ipack_icg_en,119,0.01431665062560154,4.179168571428571,2.8693005518883536,0.29411764705882354,-0.08068673311631282,1
x_aq_ifu_top/x_aq_ifu_ipack/ipack_one_16bit_vld,2,0.00024061597690086623,8.59266,5.899480640418664,0.0,-0.07237321137848463,1
x_aq_ifu_top/x_aq_ifu_ipack/ipack_pgflt0,0,0.0,0.0,0.0,0.0,,0
x_aq_ifu_top/x_aq_ifu_ipack/ipack_pgflt1,0,0.0,0.0,0.0,0.0,,0
x_aq_ifu_top/x_aq_ifu_ipack/ipack_pgflt2,0,0.0,0.0,0.0,0.0,,0
x_aq_ifu_top/x_aq_ifu_ipack/ipack_retire_inst[47:0],416,0.05004812319538017,5.054702884615385,3.470417985915519,0.17307692307692307,0.022806939721569323,33
x_aq_ifu_top/x_aq_ifu_ipack/ipack_retire_one,2,0.00024061597690086623,8.59266,5.899480640418664,0.0,-0.07237321137848463,1
x_aq_ifu_top/x_aq_ifu_ipack/ipack_retire_vld,63,0.007579403272377286,4.3759796825396835,3.004425570196921,0.047619047619047616,-0.21070337202414371,1
x_aq_ifu_top/x_aq_ifu_ipack/ipack_secnd_inst[15:0],276,0.03320500481231954,5.042544927536232,3.4620706717641965,0.15579710144927536,0.02280634819465097,12
x_aq_ifu_top/x_aq_ifu_ipack/ipack_secnd_vld,12,0.0014436958614051972,7.703283333333334,5.288859432662268,0.25,-0.22028122628722943,1
x_aq_ifu_top/x_aq_ifu_ipack/x_aq_ifu_ipack_icg_cell/clk_in,0,0.0,0.0,0.0,0.0,,0
x_aq_ifu_top/x_aq_ifu_ipack/x_aq_ifu_ipack_icg_cell/global_en,1,0.00012030798845043312,21.131999999999998,14.508641665482774,1.0,-0.18268400597289075,1
x_aq_ifu_top/x_aq_ifu_ipack/x_aq_ifu_ipack_icg_cell/module_en,0,0.0,0.0,0.0,0.0,,0
x_aq_ifu_top/x_aq_ifu_ipack/x_aq_ifu_ipack_icg_cell/local_en,119,0.01431665062560154,4.179168571428571,2.8693005518883536,0.29411764705882354,-0.08068673311631282,1
x_aq_ifu_top/x_aq_ifu_ipack/x_aq_ifu_ipack_icg_cell/external_en,0,0.0,0.0,0.0,0.0,,0
x_aq_ifu_top/x_aq_ifu_ipack/x_aq_ifu_ipack_icg_cell/pad_yy_icg_scan_en,0,0.0,0.0,0.0,0.0,,0
x_aq_ifu_top/x_aq_ifu_ipack/x_aq_ifu_ipack_icg_cell/clk_out,0,0.0,0.0,0.0,0.0,,0
x_aq_ifu_top/x_aq_ifu_ipack/x_aq_ifu_ipack_icg_cell/clk_en_bf_latch,119,0.01431665062560154,4.179168571428571,2.8693005518883536,0.29411764705882354,-0.08068673311631282,1
x_aq_ifu_top/x_aq_ifu_ipack/x_aq_ifu_ipack_icg_cell/SE,0,0.0,0.0,0.0,0.0,,0
x_aq_ifu_top/x_aq_ifu_ipack/x_aq_ifu_ipack_entry0/cp0_ifu_icg_en,0,0.0,0.0,0.0,0.0,,0
x_aq_ifu_top/x_aq_ifu_ipack/x_aq_ifu_ipack_entry0/cp0_yy_clk_en,1,0.00012030798845043312,21.131999999999998,14.508641665482774,1.0,-0.18268400597289075,1
x_aq_ifu_top/x_aq_ifu_ipack/x_aq_ifu_ipack_entry0/cpurst_b,3,0.0003609239653512993,11.372333333333332,7.807926804550378,0.3333333333333333,-0.0221134756398446,1
x_aq_ifu_top/x_aq_ifu_ipack/x_aq_ifu_ipack_entry0/forever_cpuclk,0,0.0,0.0,0.0,0.0,,0
x_aq_ifu_top/x_aq_ifu_ipack/x_aq_ifu_ipack_entry0/ipack_buf_flush,80,0.009624639076034648,5.2999025,3.6387652013295626,0.1,0.08835595735112509,1
x_aq_ifu_top/x_aq_ifu_ipack/x_aq_ifu_ipack_entry0/ipack_cpuclk,0,0.0,0.0,0.0,0.0,,0
x_aq_ifu_top/x_aq_ifu_ipack/x_aq_ifu_ipack_entry0/ipack_entry_acc_err,0,0.0,0.0,0.0,0.0,,0
x_aq_ifu_top/x_aq_ifu_ipack/x_aq_ifu_ipack_entry0/ipack_entry_create_en,32,0.0038498556304138597,4.169687499999999,2.8627911127457266,0.1875,0.25170116976082896,1
x_aq_ifu_top/x_aq_ifu_ipack/x_aq_ifu_ipack_entry0/ipack_entry_create_icg_en,38,0.004571703561116458,4.5137715789473685,3.0990296421913572,0.07894736842105263,-0.07763058916877744,1
x_aq_ifu_top/x_aq_ifu_ipack/x_aq_ifu_ipack_entry0/ipack_entry_inst[15:0],82,0.009865255052935515,5.13651219512195,3.526585976216483,0.17073170731707318,0.10070025606510556,10
x_aq_ifu_top/x_aq_ifu_ipack/x_aq_ifu_ipack_entry0/ipack_entry_pgflt,0,0.0,0.0,0.0,0.0,,0
x_aq_ifu_top/x_aq_ifu_ipack/x_aq_ifu_ipack_entry0/ipack_entry_retire_en,57,0.006857555341674687,4.193140350877193,2.878893185877054,0.15789473684210525,0.4121409637989189,1
x_aq_ifu_top/x_aq_ifu_ipack/x_aq_ifu_ipack_entry0/ipack_entry_upd_acc_err,0,0.0,0.0,0.0,0.0,,0
x_aq_ifu_top/x_aq_ifu_ipack/x_aq_ifu_ipack_entry0/ipack_entry_upd_inst[15:0],276,0.03320500481231954,5.042544927536232,3.4620706717641965,0.15579710144927536,0.02280634819465097,12
x_aq_ifu_top/x_aq_ifu_ipack/x_aq_ifu_ipack_entry0/ipack_entry_upd_pgflt,0,0.0,0.0,0.0,0.0,,0
x_aq_ifu_top/x_aq_ifu_ipack/x_aq_ifu_ipack_entry0/ipack_entry_vld,40,0.004812319538017324,3.994621000000001,2.7425953378010828,0.075,-0.1420883486000293,1
x_aq_ifu_top/x_aq_ifu_ipack/x_aq_ifu_ipack_entry0/pad_yy_icg_scan_en,0,0.0,0.0,0.0,0.0,,0
x_aq_ifu_top/x_aq_ifu_ipack/x_aq_ifu_ipack_entry0/entry_cpuclk,0,0.0,0.0,0.0,0.0,,0
x_aq_ifu_top/x_aq_ifu_ipack/x_aq_ifu_ipack_entry0/entry_icg_en,38,0.004571703561116458,4.5137715789473685,3.0990296421913572,0.07894736842105263,-0.07763058916877744,1
x_aq_ifu_top/x_aq_ifu_ipack/x_aq_ifu_ipack_entry0/x_ipack_data_icg_cell/clk_in,0,0.0,0.0,0.0,0.0,,0
x_aq_ifu_top/x_aq_ifu_ipack/x_aq_ifu_ipack_entry0/x_ipack_data_icg_cell/global_en,1,0.00012030798845043312,21.131999999999998,14.508641665482774,1.0,-0.18268400597289075,1
x_aq_ifu_top/x_aq_ifu_ipack/x_aq_ifu_ipack_entry0/x_ipack_data_icg_cell/module_en,0,0.0,0.0,0.0,0.0,,0
x_aq_ifu_top/x_aq_ifu_ipack/x_aq_ifu_ipack_entry0/x_ipack_data_icg_cell/local_en,38,0.004571703561116458,4.5137715789473685,3.0990296421913572,0.07894736842105263,-0.07763058916877744,1
x_aq_ifu_top/x_aq_ifu_ipack/x_aq_ifu_ipack_entry0/x_ipack_data_icg_cell/external_en,0,0.0,0.0,0.0,0.0,,0
x_aq_ifu_top/x_aq_ifu_ipack/x_aq_ifu_ipack_entry0/x_ipack_data_icg_cell/pad_yy_icg_scan_en,0,0.0,0.0,0.0,0.0,,0
x_aq_ifu_top/x_aq_ifu_ipack/x_aq_ifu_ipack_entry0/x_ipack_data_icg_cell/clk_out,0,0.0,0.0,0.0,0.0,,0
x_aq_ifu_top/x_aq_ifu_ipack/x_aq_ifu_ipack_entry0/x_ipack_data_icg_cell/clk_en_bf_latch,38,0.004571703561116458,4.5137715789473685,3.0990296421913572,0.07894736842105263,-0.07763058916877744,1
x_aq_ifu_top/x_aq_ifu_ipack/x_aq_ifu_ipack_entry0/x_ipack_data_icg_cell/SE,0,0.0,0.0,0.0,0.0,,0
x_aq_ifu_top/x_aq_ifu_ipack/x_aq_ifu_ipack_entry1/cp0_ifu_icg_en,0,0.0,0.0,0.0,0.0,,0
x_aq_ifu_top/x_aq_ifu_ipack/x_aq_ifu_ipack_entry1/cp0_yy_clk_en,1,0.00012030798845043312,21.131999999999998,14.508641665482774,1.0,-0.18268400597289075,1
x_aq_ifu_top/x_aq_ifu_ipack/x_aq_ifu_ipack_entry1/cpurst_b,3,0.0003609239653512993,11.372333333333332,7.807926804550378,0.3333333333333333,-0.0221134756398446,1
x_aq_ifu_top/x_aq_ifu_ipack/x_aq_ifu_ipack_entry1/forever_cpuclk,0,0.0,0.0,0.0,0.0,,0
x_aq_ifu_top/x_aq_ifu_ipack/x_aq_ifu_ipack_entry1/ipack_buf_flush,80,0.009624639076034648,5.2999025,3.6387652013295626,0.1,0.08835595735112509,1
x_aq_ifu_top/x_aq_ifu_ipack/x_aq_ifu_ipack_entry1/ipack_cpuclk,0,0.0,0.0,0.0,0.0,,0
x_aq_ifu_top/x_aq_ifu_ipack/x_aq_ifu_ipack_entry1/ipack_entry_acc_err,0,0.0,0.0,0.0,0.0,,0
x_aq_ifu_top/x_aq_ifu_ipack/x_aq_ifu_ipack_entry1/ipack_entry_create_en,57,0.006857555341674687,4.294842105263157,2.94871877319188,0.15789473684210525,0.4366621779648318,1
x_aq_ifu_top/x_aq_ifu_ipack/x_aq_ifu_ipack_entry1/ipack_entry_create_icg_en,63,0.007579403272377286,6.459597777777778,4.434979626203227,0.20634920634920634,0.49688772126999625,1
x_aq_ifu_top/x_aq_ifu_ipack/x_aq_ifu_ipack_entry1/ipack_entry_inst[15:0],282,0.03392685274302214,5.226747234042553,3.5885388365879534,0.1702127659574468,0.051046354225142636,12
x_aq_ifu_top/x_aq_ifu_ipack/x_aq_ifu_ipack_entry1/ipack_entry_pgflt,0,0.0,0.0,0.0,0.0,,0
x_aq_ifu_top/x_aq_ifu_ipack/x_aq_ifu_ipack_entry1/ipack_entry_retire_en,49,0.005895091434071222,6.8102857142857145,4.6757521800174064,0.2653061224489796,0.29929036380146024,1
x_aq_ifu_top/x_aq_ifu_ipack/x_aq_ifu_ipack_entry1/ipack_entry_upd_acc_err,0,0.0,0.0,0.0,0.0,,0
x_aq_ifu_top/x_aq_ifu_ipack/x_aq_ifu_ipack_entry1/ipack_entry_upd_inst[15:0],393,0.04728103946102021,5.938761221374046,4.077387776726332,0.23155216284987276,-0.18229620360383506,13
x_aq_ifu_top/x_aq_ifu_ipack/x_aq_ifu_ipack_entry1/ipack_entry_upd_pgflt,0,0.0,0.0,0.0,0.0,,0
x_aq_ifu_top/x_aq_ifu_ipack/x_aq_ifu_ipack_entry1/ipack_entry_vld,63,0.007579403272377286,4.300090793650792,2.952322376212416,0.047619047619047616,-0.2131096216910108,1
x_aq_ifu_top/x_aq_ifu_ipack/x_aq_ifu_ipack_entry1/pad_yy_icg_scan_en,0,0.0,0.0,0.0,0.0,,0
x_aq_ifu_top/x_aq_ifu_ipack/x_aq_ifu_ipack_entry1/entry_cpuclk,0,0.0,0.0,0.0,0.0,,0
x_aq_ifu_top/x_aq_ifu_ipack/x_aq_ifu_ipack_entry1/entry_icg_en,63,0.007579403272377286,6.459597777777778,4.434979626203227,0.20634920634920634,0.49688772126999625,1
x_aq_ifu_top/x_aq_ifu_ipack/x_aq_ifu_ipack_entry1/x_ipack_data_icg_cell/clk_in,0,0.0,0.0,0.0,0.0,,0
x_aq_ifu_top/x_aq_ifu_ipack/x_aq_ifu_ipack_entry1/x_ipack_data_icg_cell/global_en,1,0.00012030798845043312,21.131999999999998,14.508641665482774,1.0,-0.18268400597289075,1
x_aq_ifu_top/x_aq_ifu_ipack/x_aq_ifu_ipack_entry1/x_ipack_data_icg_cell/module_en,0,0.0,0.0,0.0,0.0,,0
x_aq_ifu_top/x_aq_ifu_ipack/x_aq_ifu_ipack_entry1/x_ipack_data_icg_cell/local_en,63,0.007579403272377286,6.459597777777778,4.434979626203227,0.20634920634920634,0.49688772126999625,1
x_aq_ifu_top/x_aq_ifu_ipack/x_aq_ifu_ipack_entry1/x_ipack_data_icg_cell/external_en,0,0.0,0.0,0.0,0.0,,0
x_aq_ifu_top/x_aq_ifu_ipack/x_aq_ifu_ipack_entry1/x_ipack_data_icg_cell/pad_yy_icg_scan_en,0,0.0,0.0,0.0,0.0,,0
x_aq_ifu_top/x_aq_ifu_ipack/x_aq_ifu_ipack_entry1/x_ipack_data_icg_cell/clk_out,0,0.0,0.0,0.0,0.0,,0
x_aq_ifu_top/x_aq_ifu_ipack/x_aq_ifu_ipack_entry1/x_ipack_data_icg_cell/clk_en_bf_latch,63,0.007579403272377286,6.459597777777778,4.434979626203227,0.20634920634920634,0.49688772126999625,1
x_aq_ifu_top/x_aq_ifu_ipack/x_aq_ifu_ipack_entry1/x_ipack_data_icg_cell/SE,0,0.0,0.0,0.0,0.0,,0
x_aq_ifu_top/x_aq_ifu_ipack/x_aq_ifu_ipack_entry2/cp0_ifu_icg_en,0,0.0,0.0,0.0,0.0,,0
x_aq_ifu_top/x_aq_ifu_ipack/x_aq_ifu_ipack_entry2/cp0_yy_clk_en,1,0.00012030798845043312,21.131999999999998,14.508641665482774,1.0,-0.18268400597289075,1
x_aq_ifu_top/x_aq_ifu_ipack/x_aq_ifu_ipack_entry2/cpurst_b,3,0.0003609239653512993,11.372333333333332,7.807926804550378,0.3333333333333333,-0.0221134756398446,1
x_aq_ifu_top/x_aq_ifu_ipack/x_aq_ifu_ipack_entry2/forever_cpuclk,0,0.0,0.0,0.0,0.0,,0
x_aq_ifu_top/x_aq_ifu_ipack/x_aq_ifu_ipack_entry2/ipack_buf_flush,80,0.009624639076034648,5.2999025,3.6387652013295626,0.1,0.08835595735112509,1
x_aq_ifu_top/x_aq_ifu_ipack/x_aq_ifu_ipack_entry2/ipack_cpuclk,0,0.0,0.0,0.0,0.0,,0
x_aq_ifu_top/x_aq_ifu_ipack/x_aq_ifu_ipack_entry2/ipack_entry_acc_err,0,0.0,0.0,0.0,0.0,,0
x_aq_ifu_top/x_aq_ifu_ipack/x_aq_ifu_ipack_entry2/ipack_entry_create_en,57,0.006857555341674687,4.211421052631579,2.8914442057118044,0.19298245614035087,0.449684028682785,1
x_aq_ifu_top/x_aq_ifu_ipack/x_aq_ifu_ipack_entry2/ipack_entry_create_icg_en,61,0.00733878729547642,6.477486229508197,4.447261338114402,0.2459016393442623,0.5151169380940933,1
x_aq_ifu_top/x_aq_ifu_ipack/x_aq_ifu_ipack_entry2/ipack_entry_inst[15:0],276,0.03320500481231954,5.042544927536232,3.4620706717641965,0.15579710144927536,0.02280634819465097,12
x_aq_ifu_top/x_aq_ifu_ipack/x_aq_ifu_ipack_entry2/ipack_entry_pgflt,0,0.0,0.0,0.0,0.0,,0
x_aq_ifu_top/x_aq_ifu_ipack/x_aq_ifu_ipack_entry2/ipack_entry_retire_en,49,0.005895091434071222,6.8102857142857145,4.6757521800174064,0.2653061224489796,0.29929036380146024,1
x_aq_ifu_top/x_aq_ifu_ipack/x_aq_ifu_ipack_entry2/ipack_entry_upd_acc_err,0,0.0,0.0,0.0,0.0,,0
x_aq_ifu_top/x_aq_ifu_ipack/x_aq_ifu_ipack_entry2/ipack_entry_upd_inst[15:0],370,0.044513955726660254,5.926267783783785,4.068810131015223,0.22702702702702704,-0.32556886516737643,12
x_aq_ifu_top/x_aq_ifu_ipack/x_aq_ifu_ipack_entry2/ipack_entry_upd_pgflt,0,0.0,0.0,0.0,0.0,,0
x_aq_ifu_top/x_aq_ifu_ipack/x_aq_ifu_ipack_entry2/ipack_entry_vld,63,0.007579403272377286,4.354582857142858,2.989735106802001,0.047619047619047616,-0.20451800414408555,1
x_aq_ifu_top/x_aq_ifu_ipack/x_aq_ifu_ipack_entry2/pad_yy_icg_scan_en,0,0.0,0.0,0.0,0.0,,0
x_aq_ifu_top/x_aq_ifu_ipack/x_aq_ifu_ipack_entry2/entry_cpuclk,0,0.0,0.0,0.0,0.0,,0
x_aq_ifu_top/x_aq_ifu_ipack/x_aq_ifu_ipack_entry2/entry_icg_en,61,0.00733878729547642,6.477486229508197,4.447261338114402,0.2459016393442623,0.5151169380940933,1
x_aq_ifu_top/x_aq_ifu_ipack/x_aq_ifu_ipack_entry2/x_ipack_data_icg_cell/clk_in,0,0.0,0.0,0.0,0.0,,0
x_aq_ifu_top/x_aq_ifu_ipack/x_aq_ifu_ipack_entry2/x_ipack_data_icg_cell/global_en,1,0.00012030798845043312,21.131999999999998,14.508641665482774,1.0,-0.18268400597289075,1
x_aq_ifu_top/x_aq_ifu_ipack/x_aq_ifu_ipack_entry2/x_ipack_data_icg_cell/module_en,0,0.0,0.0,0.0,0.0,,0
x_aq_ifu_top/x_aq_ifu_ipack/x_aq_ifu_ipack_entry2/x_ipack_data_icg_cell/local_en,61,0.00733878729547642,6.477486229508197,4.447261338114402,0.2459016393442623,0.5151169380940933,1
x_aq_ifu_top/x_aq_ifu_ipack/x_aq_ifu_ipack_entry2/x_ipack_data_icg_cell/external_en,0,0.0,0.0,0.0,0.0,,0
x_aq_ifu_top/x_aq_ifu_ipack/x_aq_ifu_ipack_entry2/x_ipack_data_icg_cell/pad_yy_icg_scan_en,0,0.0,0.0,0.0,0.0,,0
x_aq_ifu_top/x_aq_ifu_ipack/x_aq_ifu_ipack_entry2/x_ipack_data_icg_cell/clk_out,0,0.0,0.0,0.0,0.0,,0
x_aq_ifu_top/x_aq_ifu_ipack/x_aq_ifu_ipack_entry2/x_ipack_data_icg_cell/clk_en_bf_latch,61,0.00733878729547642,6.477486229508197,4.447261338114402,0.2459016393442623,0.5151169380940933,1
x_aq_ifu_top/x_aq_ifu_ipack/x_aq_ifu_ipack_entry2/x_ipack_data_icg_cell/SE,0,0.0,0.0,0.0,0.0,,0
x_aq_ifu_top/x_aq_ifu_pcgen/btb_pcgen_tar_pc[39:0],0,0.0,0.0,0.0,0.0,,0
x_aq_ifu_top/x_aq_ifu_pcgen/btb_xx_chgflw_vld,0,0.0,0.0,0.0,0.0,,0
x_aq_ifu_top/x_aq_ifu_pcgen/cp0_ifu_icg_en,0,0.0,0.0,0.0,0.0,,0
x_aq_ifu_top/x_aq_ifu_pcgen/cp0_xx_mrvbr[39:0],0,0.0,0.0,0.0,0.0,,0
x_aq_ifu_top/x_aq_ifu_pcgen/cp0_yy_clk_en,1,0.00012030798845043312,21.131999999999998,14.508641665482774,1.0,-0.18268400597289075,1
x_aq_ifu_top/x_aq_ifu_pcgen/cpurst_b,3,0.0003609239653512993,11.372333333333332,7.807926804550378,0.3333333333333333,-0.0221134756398446,1
x_aq_ifu_top/x_aq_ifu_pcgen/forever_cpuclk,0,0.0,0.0,0.0,0.0,,0
x_aq_ifu_top/x_aq_ifu_pcgen/icache_pcgen_addr[39:0],368,0.04427333974975938,5.2623675,3.612994717470302,0.14673913043478262,-0.1835220507569479,9
x_aq_ifu_top/x_aq_ifu_pcgen/icache_pcgen_grant,61,0.00733878729547642,6.283606557377048,4.3141489640290285,0.29508196721311475,0.4812445256427283,1
x_aq_ifu_top/x_aq_ifu_pcgen/icache_pcgen_grant_gate,25,0.0030076997112608275,6.594919999999999,4.527888088800192,0.28,0.047768691177007695,1
x_aq_ifu_top/x_aq_ifu_pcgen/icache_pcgen_inst_vld,51,0.006135707410972089,6.809333333333335,4.675098301824756,0.23529411764705882,0.5188241422996814,1
x_aq_ifu_top/x_aq_ifu_pcgen/icache_pcgen_inst_vld_gate,61,0.00733878729547642,6.477486229508197,4.447261338114402,0.2459016393442623,0.5151169380940933,1
x_aq_ifu_top/x_aq_ifu_pcgen/ifu_iu_chgflw_pc[39:0],82,0.009865255052935515,4.584635853658535,3.147683076256692,0.12195121951219512,0.11758465770863326,9
x_aq_ifu_top/x_aq_ifu_pcgen/ifu_iu_chgflw_vld,0,0.0,0.0,0.0,0.0,,0
x_aq_ifu_top/x_aq_ifu_pcgen/ipack_pcgen_reissue,0,0.0,0.0,0.0,0.0,,0
x_aq_ifu_top/x_aq_ifu_pcgen/iu_ifu_tar_pc[63:0],303,0.03645332050048123,5.408633861386139,3.713417120700735,0.16501650165016502,-0.24265584246815086,8
x_aq_ifu_top/x_aq_ifu_pcgen/iu_ifu_tar_pc_vld,0,0.0,0.0,0.0,0.0,,0
x_aq_ifu_top/x_aq_ifu_pcgen/iu_ifu_tar_pc_vld_gate,0,0.0,0.0,0.0,0.0,,0
x_aq_ifu_top/x_aq_ifu_pcgen/pad_yy_icg_scan_en,0,0.0,0.0,0.0,0.0,,0
x_aq_ifu_top/x_aq_ifu_pcgen/pcgen_btb_ifpc[39:0],917,0.11032242540904716,3.093852388222465,2.1241527383408028,0.05888767720828789,-0.21771823701603793,10
x_aq_ifu_top/x_aq_ifu_pcgen/pcgen_ctrl_chgflw_vld,82,0.009865255052935515,5.300953658536585,3.6394868974558605,0.0975609756097561,0.0946201892715048,1
x_aq_ifu_top/x_aq_ifu_pcgen/pcgen_ibuf_chgflw_vld,0,0.0,0.0,0.0,0.0,,0
x_aq_ifu_top/x_aq_ifu_pcgen/pcgen_icache_chgflw_vld,82,0.009865255052935515,5.300953658536585,3.6394868974558605,0.0975609756097561,0.0946201892715048,1
x_aq_ifu_top/x_aq_ifu_pcgen/pcgen_icache_seq_tag[33:0],69,0.008301251203079885,3.2070579710144926,2.2018765333087034,0.057971014492753624,-0.2186676255304659,6
x_aq_ifu_top/x_aq_ifu_pcgen/pcgen_icache_va[63:0],917,0.11032242540904716,3.093852388222465,2.1241527383408028,0.05888767720828789,-0.21771823701603793,10
x_aq_ifu_top/x_aq_ifu_pcgen/pcgen_pred_flush_vld,0,0.0,0.0,0.0,0.0,,0
x_aq_ifu_top/x_aq_ifu_pcgen/pcgen_pred_ifpc[39:0],871,0.10478825794032724,3.21137543053961,2.2048407805713928,0.060849598163030996,-0.2173978014218534,10
x_aq_ifu_top/x_aq_ifu_pcgen/pcgen_top_buf_chgflw,0,0.0,0.0,0.0,0.0,,0
x_aq_ifu_top/x_aq_ifu_pcgen/pred_pcgen_chgflw_pc[39:0],333,0.040062560153994224,5.237095255255255,3.5956434992664463,0.15615615615615616,-0.25400730944648064,9
x_aq_ifu_top/x_aq_ifu_pcgen/pred_pcgen_chgflw_vld,0,0.0,0.0,0.0,0.0,,0
x_aq_ifu_top/x_aq_ifu_pcgen/pred_pcgen_chgflw_vld_gate,0,0.0,0.0,0.0,0.0,,0
x_aq_ifu_top/x_aq_ifu_pcgen/pred_pcgen_curflw_pc[39:0],2,0.00024061597690086623,6.2285,4.276314339080989,0.5,0.032296446227579566,2
x_aq_ifu_top/x_aq_ifu_pcgen/pred_pcgen_curflw_vld,0,0.0,0.0,0.0,0.0,,0
x_aq_ifu_top/x_aq_ifu_pcgen/pred_pcgen_curflw_vld_gate,0,0.0,0.0,0.0,0.0,,0
x_aq_ifu_top/x_aq_ifu_pcgen/rtu_ifu_chgflw_pc[39:0],218,0.02622714148219442,5.116204036697248,3.5126429611933014,0.17889908256880735,-0.2426413003693224,8
x_aq_ifu_top/x_aq_ifu_pcgen/rtu_ifu_chgflw_vld,0,0.0,0.0,0.0,0.0,,0
x_aq_ifu_top/x_aq_ifu_pcgen/vec_pcgen_idle,1,0.00012030798845043312,11.921,8.184626031337315,0.0,-0.13668580272732608,1
x_aq_ifu_top/x_aq_ifu_pcgen/vec_pcgen_rst_vld,2,0.00024061597690086623,10.800999999999998,7.415665276778318,0.5,-0.01630321596436471,1
x_aq_ifu_top/x_aq_ifu_pcgen/pcgen_br_chgflw_pc[39:0],333,0.040062560153994224,5.237095255255255,3.5956434992664463,0.15615615615615616,-0.25400730944648064,9
x_aq_ifu_top/x_aq_ifu_pcgen/pcgen_br_chgflw_vld,0,0.0,0.0,0.0,0.0,,0
x_aq_ifu_top/x_aq_ifu_pcgen/pcgen_chgflw_btb,0,0.0,0.0,0.0,0.0,,0
x_aq_ifu_top/x_aq_ifu_pcgen/pcgen_chgflw_cur,0,0.0,0.0,0.0,0.0,,0
x_aq_ifu_top/x_aq_ifu_pcgen/pcgen_cpuclk,0,0.0,0.0,0.0,0.0,,0
x_aq_ifu_top/x_aq_ifu_pcgen/pcgen_delay_chgflw_pc[39:0],82,0.009865255052935515,4.584635853658535,3.147683076256692,0.12195121951219512,0.11758465770863326,9
x_aq_ifu_top/x_aq_ifu_pcgen/pcgen_delay_chgflw_vld,0,0.0,0.0,0.0,0.0,,0
x_aq_ifu_top/x_aq_ifu_pcgen/pcgen_delay_chgflw_vld_gate,0,0.0,0.0,0.0,0.0,,0
x_aq_ifu_top/x_aq_ifu_pcgen/pcgen_fetch_pc[63:0],917,0.11032242540904716,3.093852388222465,2.1241527383408028,0.05888767720828789,-0.21771823701603793,10
x_aq_ifu_top/x_aq_ifu_pcgen/pcgen_icg_en,131,0.01576034648700674,3.880747022900763,2.664412641948526,0.24427480916030533,0.09638385357982927,1
x_aq_ifu_top/x_aq_ifu_pcgen/pcgen_ifpc_inc[63:0],919,0.11056304138594802,3.089129096844396,2.120909858249658,0.05984766050054407,-0.21775525587232725,10
x_aq_ifu_top/x_aq_ifu_pcgen/x_ifu_pcgen_icg_cell/clk_in,0,0.0,0.0,0.0,0.0,,0
x_aq_ifu_top/x_aq_ifu_pcgen/x_ifu_pcgen_icg_cell/global_en,1,0.00012030798845043312,21.131999999999998,14.508641665482774,1.0,-0.18268400597289075,1
x_aq_ifu_top/x_aq_ifu_pcgen/x_ifu_pcgen_icg_cell/module_en,0,0.0,0.0,0.0,0.0,,0
x_aq_ifu_top/x_aq_ifu_pcgen/x_ifu_pcgen_icg_cell/local_en,131,0.01576034648700674,3.880747022900763,2.664412641948526,0.24427480916030533,0.09638385357982927,1
x_aq_ifu_top/x_aq_ifu_pcgen/x_ifu_pcgen_icg_cell/external_en,0,0.0,0.0,0.0,0.0,,0
x_aq_ifu_top/x_aq_ifu_pcgen/x_ifu_pcgen_icg_cell/pad_yy_icg_scan_en,0,0.0,0.0,0.0,0.0,,0
x_aq_ifu_top/x_aq_ifu_pcgen/x_ifu_pcgen_icg_cell/clk_out,0,0.0,0.0,0.0,0.0,,0
x_aq_ifu_top/x_aq_ifu_pcgen/x_ifu_pcgen_icg_cell/clk_en_bf_latch,131,0.01576034648700674,3.880747022900763,2.664412641948526,0.24427480916030533,0.09638385357982927,1
x_aq_ifu_top/x_aq_ifu_pcgen/x_ifu_pcgen_icg_cell/SE,0,0.0,0.0,0.0,0.0,,0
x_aq_ifu_top/x_aq_ifu_pred/bht_top_cur_st[1:0],0,0.0,0.0,0.0,0.0,,0
x_aq_ifu_top/x_aq_ifu_pred/btb_pred_tar_pc[39:0],0,0.0,0.0,0.0,0.0,,0
x_aq_ifu_top/x_aq_ifu_pred/btb_pred_tar_vld,0,0.0,0.0,0.0,0.0,,0
x_aq_ifu_top/x_aq_ifu_pred/cp0_ifu_bht_en,1,0.00012030798845043312,10.639999999999999,7.305127168310463,0.0,-0.23435967716134284,1
x_aq_ifu_top/x_aq_ifu_pred/cp0_ifu_bht_inv,4,0.00048123195380173246,0.9595000000000002,0.6587659321422831,0.0,0.20892743913596878,1
x_aq_ifu_top/x_aq_ifu_pred/cp0_ifu_icg_en,0,0.0,0.0,0.0,0.0,,0
x_aq_ifu_top/x_aq_ifu_pred/cp0_ifu_ras_en,1,0.00012030798845043312,10.639999999999999,7.305127168310463,0.0,-0.23435967716134284,1
x_aq_ifu_top/x_aq_ifu_pred/cp0_yy_clk_en,1,0.00012030798845043312,21.131999999999998,14.508641665482774,1.0,-0.18268400597289075,1
x_aq_ifu_top/x_aq_ifu_pred/cpurst_b,3,0.0003609239653512993,11.372333333333332,7.807926804550378,0.3333333333333333,-0.0221134756398446,1
x_aq_ifu_top/x_aq_ifu_pred/dtu_ifu_halt_info0[21:0],1,0.00012030798845043312,21.131999999999998,14.508641665482774,1.0,-0.18268400597289075,1
x_aq_ifu_top/x_aq_ifu_pred/dtu_ifu_halt_info1[21:0],1,0.00012030798845043312,21.131999999999998,14.508641665482774,1.0,-0.18268400597289075,1
x_aq_ifu_top/x_aq_ifu_pred/forever_cpuclk,0,0.0,0.0,0.0,0.0,,0
x_aq_ifu_top/x_aq_ifu_pred/ibuf_ipack_stall,38,0.004571703561116458,6.68022947368421,4.586459193492371,0.2894736842105263,-0.33014306398121307,1
x_aq_ifu_top/x_aq_ifu_pred/ibuf_pred_hungry,47,0.005654475457170356,5.876553191489362,4.0346774788694075,0.0851063829787234,0.27268637796593975,1
x_aq_ifu_top/x_aq_ifu_pred/ibuf_pred_stall,38,0.004571703561116458,6.68022947368421,4.586459193492371,0.2894736842105263,-0.33014306398121307,1
x_aq_ifu_top/x_aq_ifu_pred/icache_pred_inst_vld,51,0.006135707410972089,6.809333333333335,4.675098301824756,0.23529411764705882,0.5188241422996814,1
x_aq_ifu_top/x_aq_ifu_pred/icache_pred_inst_vld_gate,61,0.00733878729547642,6.477486229508197,4.447261338114402,0.2459016393442623,0.5151169380940933,1
x_aq_ifu_top/x_aq_ifu_pred/ifu_cp0_bht_inv_done,0,0.0,0.0,0.0,0.0,,0
x_aq_ifu_top/x_aq_ifu_pred/ifu_dtu_addr_vld0,63,0.007579403272377286,4.3759796825396835,3.004425570196921,0.047619047619047616,-0.21070337202414371,1
x_aq_ifu_top/x_aq_ifu_pred/ifu_dtu_addr_vld1,12,0.0014436958614051972,7.703283333333334,5.288859432662268,0.25,-0.22028122628722943,1
x_aq_ifu_top/x_aq_ifu_pred/ifu_dtu_data_vld0,63,0.007579403272377286,4.3759796825396835,3.004425570196921,0.047619047619047616,-0.21070337202414371,1
x_aq_ifu_top/x_aq_ifu_pred/ifu_dtu_data_vld1,12,0.0014436958614051972,7.703283333333334,5.288859432662268,0.25,-0.22028122628722943,1
x_aq_ifu_top/x_aq_ifu_pred/ifu_dtu_exe_addr0[39:0],357,0.04294995187680462,5.230012661064426,3.5907807876832183,0.1568627450980392,-0.25496816174415887,10
x_aq_ifu_top/x_aq_ifu_pred/ifu_dtu_exe_addr1[39:0],328,0.03946102021174206,5.166694268292684,3.5473081456446276,0.1524390243902439,-0.25474671925424697,8
x_aq_ifu_top/x_aq_ifu_pred/ifu_dtu_exe_data0[31:0],416,0.05004812319538017,5.054702884615385,3.470417985915519,0.17307692307692307,0.03215910887401232,23
x_aq_ifu_top/x_aq_ifu_pred/ifu_dtu_exe_data1[31:0],276,0.03320500481231954,5.042544927536232,3.4620706717641965,0.15579710144927536,0.02280634819465097,12
x_aq_ifu_top/x_aq_ifu_pred/ifu_iu_ex1_pc_pred[39:0],2,0.00024061597690086623,4.174000000000002,2.8657519549368318,0.5,-0.014875638740332198,4
x_aq_ifu_top/x_aq_ifu_pred/ipack_pred_h0_create,32,0.0038498556304138597,4.169687499999999,2.8627911127457266,0.1875,0.25170116976082896,1
x_aq_ifu_top/x_aq_ifu_pred/ipack_pred_h0_vld,40,0.004812319538017324,3.994621000000001,2.7425953378010828,0.075,-0.1420883486000293,1
x_aq_ifu_top/x_aq_ifu_pred/ipack_pred_inst0[31:0],416,0.05004812319538017,5.054702884615385,3.470417985915519,0.17307692307692307,0.03215910887401232,23
x_aq_ifu_top/x_aq_ifu_pred/ipack_pred_inst0_expt,0,0.0,0.0,0.0,0.0,,0
x_aq_ifu_top/x_aq_ifu_pred/ipack_pred_inst0_vld,63,0.007579403272377286,4.3759796825396835,3.004425570196921,0.047619047619047616,-0.21070337202414371,1
x_aq_ifu_top/x_aq_ifu_pred/ipack_pred_inst1[15:0],276,0.03320500481231954,5.042544927536232,3.4620706717641965,0.15579710144927536,0.02280634819465097,12
x_aq_ifu_top/x_aq_ifu_pred/ipack_pred_inst1_expt,0,0.0,0.0,0.0,0.0,,0
x_aq_ifu_top/x_aq_ifu_pred/ipack_pred_inst1_vld,12,0.0014436958614051972,7.703283333333334,5.288859432662268,0.25,-0.22028122628722943,1
x_aq_ifu_top/x_aq_ifu_pred/ipack_pred_unalign,0,0.0,0.0,0.0,0.0,,0
x_aq_ifu_top/x_aq_ifu_pred/iu_ifu_bht_cur_pc[39:0],217,0.026106833493743986,4.490519907834101,3.083065693473486,0.15668202764976957,-0.24242664630038713,8
x_aq_ifu_top/x_aq_ifu_pred/iu_ifu_bht_mispred,0,0.0,0.0,0.0,0.0,,0
x_aq_ifu_top/x_aq_ifu_pred/iu_ifu_bht_mispred_gate,0,0.0,0.0,0.0,0.0,,0
x_aq_ifu_top/x_aq_ifu_pred/iu_ifu_bht_pred[1:0],0,0.0,0.0,0.0,0.0,,0
x_aq_ifu_top/x_aq_ifu_pred/iu_ifu_bht_taken,0,0.0,0.0,0.0,0.0,,0
x_aq_ifu_top/x_aq_ifu_pred/iu_ifu_br_vld,0,0.0,0.0,0.0,0.0,,0
x_aq_ifu_top/x_aq_ifu_pred/iu_ifu_br_vld_gate,0,0.0,0.0,0.0,0.0,,0
x_aq_ifu_top/x_aq_ifu_pred/iu_ifu_link_vld,0,0.0,0.0,0.0,0.0,,0
x_aq_ifu_top/x_aq_ifu_pred/iu_ifu_link_vld_gate,0,0.0,0.0,0.0,0.0,,0
x_aq_ifu_top/x_aq_ifu_pred/iu_ifu_pc_mispred,0,0.0,0.0,0.0,0.0,,0
x_aq_ifu_top/x_aq_ifu_pred/iu_ifu_pc_mispred_gate,0,0.0,0.0,0.0,0.0,,0
x_aq_ifu_top/x_aq_ifu_pred/iu_ifu_ret_vld,0,0.0,0.0,0.0,0.0,,0
x_aq_ifu_top/x_aq_ifu_pred/iu_ifu_ret_vld_gate,0,0.0,0.0,0.0,0.0,,0
x_aq_ifu_top/x_aq_ifu_pred/pad_yy_icg_scan_en,0,0.0,0.0,0.0,0.0,,0
x_aq_ifu_top/x_aq_ifu_pred/pcgen_pred_flush_vld,0,0.0,0.0,0.0,0.0,,0
x_aq_ifu_top/x_aq_ifu_pred/pcgen_pred_ifpc[39:0],871,0.10478825794032724,3.21137543053961,2.2048407805713928,0.060849598163030996,-0.2173978014218534,10
x_aq_ifu_top/x_aq_ifu_pred/pred_btb_chgflw_vld,0,0.0,0.0,0.0,0.0,,0
x_aq_ifu_top/x_aq_ifu_pred/pred_btb_cur_pc[39:0],328,0.03946102021174206,5.166694268292684,3.5473081456446276,0.1524390243902439,-0.2547411331955872,9
x_aq_ifu_top/x_aq_ifu_pred/pred_btb_inst_vld,63,0.007579403272377286,4.3759796825396835,3.004425570196921,0.047619047619047616,-0.21070337202414371,1
x_aq_ifu_top/x_aq_ifu_pred/pred_btb_mis_pred,0,0.0,0.0,0.0,0.0,,0
x_aq_ifu_top/x_aq_ifu_pred/pred_btb_mis_predg,0,0.0,0.0,0.0,0.0,,0
x_aq_ifu_top/x_aq_ifu_pred/pred_btb_stall,38,0.004571703561116458,6.68022947368421,4.586459193492371,0.2894736842105263,-0.33014306398121307,1
x_aq_ifu_top/x_aq_ifu_pred/pred_btb_tar_pc[39:0],332,0.03994225216554379,5.222200963855421,3.5854174943080195,0.1566265060240964,-0.25530496838934424,10
x_aq_ifu_top/x_aq_ifu_pred/pred_btb_upd_vld,0,0.0,0.0,0.0,0.0,,0
x_aq_ifu_top/x_aq_ifu_pred/pred_btb_upd_vldg,0,0.0,0.0,0.0,0.0,,0
x_aq_ifu_top/x_aq_ifu_pred/pred_ctrl_stall,38,0.004571703561116458,6.68022947368421,4.586459193492371,0.2894736842105263,-0.33014306398121307,1
x_aq_ifu_top/x_aq_ifu_pred/pred_ibuf_br_taken0[1:0],0,0.0,0.0,0.0,0.0,,0
x_aq_ifu_top/x_aq_ifu_pred/pred_ibuf_br_taken1[1:0],0,0.0,0.0,0.0,0.0,,0
x_aq_ifu_top/x_aq_ifu_pred/pred_ibuf_chgflw_vld0,0,0.0,0.0,0.0,0.0,,0
x_aq_ifu_top/x_aq_ifu_pred/pred_ibuf_halt_info0[21:0],1,0.00012030798845043312,21.131999999999998,14.508641665482774,1.0,-0.18268400597289075,1
x_aq_ifu_top/x_aq_ifu_pred/pred_ibuf_halt_info1[21:0],1,0.00012030798845043312,21.131999999999998,14.508641665482774,1.0,-0.18268400597289075,1
x_aq_ifu_top/x_aq_ifu_pred/pred_ipack_chgflw_vld0,0,0.0,0.0,0.0,0.0,,0
x_aq_ifu_top/x_aq_ifu_pred/pred_ipack_delay_stall,0,0.0,0.0,0.0,0.0,,0
x_aq_ifu_top/x_aq_ifu_pred/pred_ipack_mask,0,0.0,0.0,0.0,0.0,,0
x_aq_ifu_top/x_aq_ifu_pred/pred_ipack_ret_stall,0,0.0,0.0,0.0,0.0,,0
x_aq_ifu_top/x_aq_ifu_pred/pred_pcgen_chgflw_pc[39:0],333,0.040062560153994224,5.237095255255255,3.5956434992664463,0.15615615615615616,-0.25400730944648064,9
x_aq_ifu_top/x_aq_ifu_pred/pred_pcgen_chgflw_vld,0,0.0,0.0,0.0,0.0,,0
x_aq_ifu_top/x_aq_ifu_pred/pred_pcgen_chgflw_vld_gate,0,0.0,0.0,0.0,0.0,,0
x_aq_ifu_top/x_aq_ifu_pred/pred_pcgen_curflw_pc[39:0],2,0.00024061597690086623,6.2285,4.276314339080989,0.5,0.032296446227579566,2
x_aq_ifu_top/x_aq_ifu_pred/pred_pcgen_curflw_vld,0,0.0,0.0,0.0,0.0,,0
x_aq_ifu_top/x_aq_ifu_pred/pred_pcgen_curflw_vld_gate,0,0.0,0.0,0.0,0.0,,0
x_aq_ifu_top/x_aq_ifu_pred/pred_top_delay_chgflw,0,0.0,0.0,0.0,0.0,,0
x_aq_ifu_top/x_aq_ifu_pred/pred_top_ras_st,2,0.00024061597690086623,9.861500000000001,6.770630786681734,1.0,0.038475543135534314,1
x_aq_ifu_top/x_aq_ifu_pred/rtu_ifu_flush_fe,0,0.0,0.0,0.0,0.0,,0
x_aq_ifu_top/x_aq_ifu_pred/bht_pred_mem_taken,0,0.0,0.0,0.0,0.0,,0
x_aq_ifu_top/x_aq_ifu_pred/bht_pred_rslt[1:0],0,0.0,0.0,0.0,0.0,,0
x_aq_ifu_top/x_aq_ifu_pred/btb_mis_pred,0,0.0,0.0,0.0,0.0,,0
x_aq_ifu_top/x_aq_ifu_pred/delay_tar[39:0],333,0.040062560153994224,5.237095255255255,3.5956434992664463,0.15615615615615616,-0.2547634369927966,9
x_aq_ifu_top/x_aq_ifu_pred/id_ras_clk,0,0.0,0.0,0.0,0.0,,0
x_aq_ifu_top/x_aq_ifu_pred/id_ras_icg_en,2,0.00024061597690086623,7.950500000000001,5.458591499215446,0.5,0.040829865451322375,1
x_aq_ifu_top/x_aq_ifu_pred/idpc_icg_en,61,0.00733878729547642,6.477486229508197,4.447261338114402,0.2459016393442623,0.5151169380940933,1
x_aq_ifu_top/x_aq_ifu_pred/pred_bht_br_vld,0,0.0,0.0,0.0,0.0,,0
x_aq_ifu_top/x_aq_ifu_pred/pred_bht_pc[2:0],299,0.0359720885466795,5.119290033444816,3.514761720467924,0.14381270903010032,-0.1453086232875071,3
x_aq_ifu_top/x_aq_ifu_pred/pred_br_imm[39:0],20,0.002406159769008662,3.2175,2.209045739101402,0.1,0.15725563234814366,35
x_aq_ifu_top/x_aq_ifu_pred/pred_br_rslt0[1:0],0,0.0,0.0,0.0,0.0,,0
x_aq_ifu_top/x_aq_ifu_pred/pred_br_rslt1[1:0],0,0.0,0.0,0.0,0.0,,0
x_aq_ifu_top/x_aq_ifu_pred/pred_br_taken,0,0.0,0.0,0.0,0.0,,0
x_aq_ifu_top/x_aq_ifu_pred/pred_br_taken0,0,0.0,0.0,0.0,0.0,,0
x_aq_ifu_top/x_aq_ifu_pred/pred_br_taken1,0,0.0,0.0,0.0,0.0,,0
x_aq_ifu_top/x_aq_ifu_pred/pred_br_tar[39:0],332,0.03994225216554379,5.222200963855421,3.5854174943080195,0.1566265060240964,-0.25530496838934424,10
x_aq_ifu_top/x_aq_ifu_pred/pred_br_vld0,0,0.0,0.0,0.0,0.0,,0
x_aq_ifu_top/x_aq_ifu_pred/pred_br_vld1,0,0.0,0.0,0.0,0.0,,0
x_aq_ifu_top/x_aq_ifu_pred/pred_br_vld1_raw,2,0.00024061597690086623,2.521,1.7308482698600263,0.0,0.05552556543318419,1
x_aq_ifu_top/x_aq_ifu_pred/pred_chgflw,0,0.0,0.0,0.0,0.0,,0
x_aq_ifu_top/x_aq_ifu_pred/pred_chgflw_fin,0,0.0,0.0,0.0,0.0,,0
x_aq_ifu_top/x_aq_ifu_pred/pred_chgflw_fin_tar[39:0],333,0.040062560153994224,5.237095255255255,3.5956434992664463,0.15615615615615616,-0.25400730944648064,9
x_aq_ifu_top/x_aq_ifu_pred/pred_chgflw_vld0,0,0.0,0.0,0.0,0.0,,0
x_aq_ifu_top/x_aq_ifu_pred/pred_clk,0,0.0,0.0,0.0,0.0,,0
x_aq_ifu_top/x_aq_ifu_pred/pred_curflw,0,0.0,0.0,0.0,0.0,,0
x_aq_ifu_top/x_aq_ifu_pred/pred_delay_br,0,0.0,0.0,0.0,0.0,,0
x_aq_ifu_top/x_aq_ifu_pred/pred_delay_br1_taken,0,0.0,0.0,0.0,0.0,,0
x_aq_ifu_top/x_aq_ifu_pred/pred_delay_br_raw,0,0.0,0.0,0.0,0.0,,0
x_aq_ifu_top/x_aq_ifu_pred/pred_delay_reissue,0,0.0,0.0,0.0,0.0,,0
x_aq_ifu_top/x_aq_ifu_pred/pred_delay_taken,0,0.0,0.0,0.0,0.0,,0
x_aq_ifu_top/x_aq_ifu_pred/pred_icg_en,32,0.0038498556304138597,4.169687499999999,2.8627911127457266,0.1875,0.25170116976082896,1
x_aq_ifu_top/x_aq_ifu_pred/pred_id_stall,38,0.004571703561116458,6.68022947368421,4.586459193492371,0.2894736842105263,-0.33014306398121307,1
x_aq_ifu_top/x_aq_ifu_pred/pred_idpc_clk,0,0.0,0.0,0.0,0.0,,0
x_aq_ifu_top/x_aq_ifu_pred/pred_imm0[39:0],6,0.0007218479307025986,3.973333333333333,2.72797981974501,0.16666666666666666,0.05346349714738977,34
x_aq_ifu_top/x_aq_ifu_pred/pred_imm1[39:0],18,0.002165543792107796,3.3055555555555554,2.2695022269970373,0.05555555555555555,0.1572556323276945,35
x_aq_ifu_top/x_aq_ifu_pred/pred_inst0_32,73,0.008782483156881618,5.037490958904109,3.458600757895558,0.1506849315068493,-0.09861237211588215,1
x_aq_ifu_top/x_aq_ifu_pred/pred_inst0_bjtype,0,0.0,0.0,0.0,0.0,,0
x_aq_ifu_top/x_aq_ifu_pred/pred_inst0_bkpt_pc[39:0],357,0.04294995187680462,5.230012661064426,3.5907807876832183,0.1568627450980392,-0.25496816174415887,10
x_aq_ifu_top/x_aq_ifu_pred/pred_inst0_taken,0,0.0,0.0,0.0,0.0,,0
x_aq_ifu_top/x_aq_ifu_pred/pred_inst1_bjtype,0,0.0,0.0,0.0,0.0,,0
x_aq_ifu_top/x_aq_ifu_pred/pred_inst1_bkpt_pc[39:0],328,0.03946102021174206,5.166694268292684,3.5473081456446276,0.1524390243902439,-0.25474671925424697,8
x_aq_ifu_top/x_aq_ifu_pred/pred_inst1_taken,0,0.0,0.0,0.0,0.0,,0
x_aq_ifu_top/x_aq_ifu_pred/pred_jmp_vld0,0,0.0,0.0,0.0,0.0,,0
x_aq_ifu_top/x_aq_ifu_pred/pred_jmp_vld1,0,0.0,0.0,0.0,0.0,,0
x_aq_ifu_top/x_aq_ifu_pred/pred_link_vld0,0,0.0,0.0,0.0,0.0,,0
x_aq_ifu_top/x_aq_ifu_pred/pred_link_vld1,0,0.0,0.0,0.0,0.0,,0
x_aq_ifu_top/x_aq_ifu_pred/pred_nxt_offset[39:0],11,0.0013233878729547641,6.093090909090908,4.183346234867058,0.18181818181818182,-0.19910342170467787,3
x_aq_ifu_top/x_aq_ifu_pred/pred_nxt_pc[39:0],333,0.040062560153994224,5.237095255255255,3.5956434992664463,0.15615615615615616,-0.2547634369927966,9
x_aq_ifu_top/x_aq_ifu_pred/pred_ras_link_pc[23:0],333,0.040062560153994224,5.269978138138138,3.6182199692965327,0.15915915915915915,-0.2547432050020935,9
x_aq_ifu_top/x_aq_ifu_pred/pred_ras_link_vld,0,0.0,0.0,0.0,0.0,,0
x_aq_ifu_top/x_aq_ifu_pred/pred_ras_link_vld0,0,0.0,0.0,0.0,0.0,,0
x_aq_ifu_top/x_aq_ifu_pred/pred_ras_link_vld1,0,0.0,0.0,0.0,0.0,,0
x_aq_ifu_top/x_aq_ifu_pred/pred_ras_ret_chgflw,0,0.0,0.0,0.0,0.0,,0
x_aq_ifu_top/x_aq_ifu_pred/pred_ras_ret_vld,0,0.0,0.0,0.0,0.0,,0
x_aq_ifu_top/x_aq_ifu_pred/pred_ras_ret_vld0,0,0.0,0.0,0.0,0.0,,0
x_aq_ifu_top/x_aq_ifu_pred/pred_ras_ret_vld1,0,0.0,0.0,0.0,0.0,,0
x_aq_ifu_top/x_aq_ifu_pred/pred_ras_tar[39:0],78,0.009384023099133783,5.048517948717947,3.466171581473918,0.14102564102564102,0.012324403167008061,10
x_aq_ifu_top/x_aq_ifu_pred/pred_ret_stall,0,0.0,0.0,0.0,0.0,,0
x_aq_ifu_top/x_aq_ifu_pred/pred_ret_vld0,0,0.0,0.0,0.0,0.0,,0
x_aq_ifu_top/x_aq_ifu_pred/pred_ret_vld1,0,0.0,0.0,0.0,0.0,,0
x_aq_ifu_top/x_aq_ifu_pred/pred_tar[39:0],333,0.040062560153994224,5.237095255255255,3.5956434992664463,0.15615615615615616,-0.25400730944648064,9
x_aq_ifu_top/x_aq_ifu_pred/ras_cur_idle,3,0.0003609239653512993,11.218333333333334,7.702194700798517,0.6666666666666666,-0.17500646410746604,1
x_aq_ifu_top/x_aq_ifu_pred/ras_link_offset[23:0],3,0.0003609239653512993,8.660666666666666,5.94617212052138,0.6666666666666666,-0.167204796313176,1
x_aq_ifu_top/x_aq_ifu_pred/ras_pred_tar_pc[23:0],4,0.00048123195380173246,4.7585,3.2670533487223063,0.25,-0.23903470665493087,4
x_aq_ifu_top/x_aq_ifu_pred/x_aq_ifu_pred_icg_cell/clk_in,0,0.0,0.0,0.0,0.0,,0
x_aq_ifu_top/x_aq_ifu_pred/x_aq_ifu_pred_icg_cell/global_en,1,0.00012030798845043312,21.131999999999998,14.508641665482774,1.0,-0.18268400597289075,1
x_aq_ifu_top/x_aq_ifu_pred/x_aq_ifu_pred_icg_cell/module_en,0,0.0,0.0,0.0,0.0,,0
x_aq_ifu_top/x_aq_ifu_pred/x_aq_ifu_pred_icg_cell/local_en,32,0.0038498556304138597,4.169687499999999,2.8627911127457266,0.1875,0.25170116976082896,1
x_aq_ifu_top/x_aq_ifu_pred/x_aq_ifu_pred_icg_cell/external_en,0,0.0,0.0,0.0,0.0,,0
x_aq_ifu_top/x_aq_ifu_pred/x_aq_ifu_pred_icg_cell/pad_yy_icg_scan_en,0,0.0,0.0,0.0,0.0,,0
x_aq_ifu_top/x_aq_ifu_pred/x_aq_ifu_pred_icg_cell/clk_out,0,0.0,0.0,0.0,0.0,,0
x_aq_ifu_top/x_aq_ifu_pred/x_aq_ifu_pred_icg_cell/clk_en_bf_latch,32,0.0038498556304138597,4.169687499999999,2.8627911127457266,0.1875,0.25170116976082896,1
x_aq_ifu_top/x_aq_ifu_pred/x_aq_ifu_pred_icg_cell/SE,0,0.0,0.0,0.0,0.0,,0
x_aq_ifu_top/x_aq_ifu_pred/x_aq_ifu_id_ras_icg_cell/clk_in,0,0.0,0.0,0.0,0.0,,0
x_aq_ifu_top/x_aq_ifu_pred/x_aq_ifu_id_ras_icg_cell/global_en,1,0.00012030798845043312,21.131999999999998,14.508641665482774,1.0,-0.18268400597289075,1
x_aq_ifu_top/x_aq_ifu_pred/x_aq_ifu_id_ras_icg_cell/module_en,0,0.0,0.0,0.0,0.0,,0
x_aq_ifu_top/x_aq_ifu_pred/x_aq_ifu_id_ras_icg_cell/local_en,2,0.00024061597690086623,7.950500000000001,5.458591499215446,0.5,0.040829865451322375,1
x_aq_ifu_top/x_aq_ifu_pred/x_aq_ifu_id_ras_icg_cell/external_en,0,0.0,0.0,0.0,0.0,,0
x_aq_ifu_top/x_aq_ifu_pred/x_aq_ifu_id_ras_icg_cell/pad_yy_icg_scan_en,0,0.0,0.0,0.0,0.0,,0
x_aq_ifu_top/x_aq_ifu_pred/x_aq_ifu_id_ras_icg_cell/clk_out,0,0.0,0.0,0.0,0.0,,0
x_aq_ifu_top/x_aq_ifu_pred/x_aq_ifu_id_ras_icg_cell/clk_en_bf_latch,2,0.00024061597690086623,7.950500000000001,5.458591499215446,0.5,0.040829865451322375,1
x_aq_ifu_top/x_aq_ifu_pred/x_aq_ifu_id_ras_icg_cell/SE,0,0.0,0.0,0.0,0.0,,0
x_aq_ifu_top/x_aq_ifu_pred/x_ifu_pred_idpc_icg_cell/clk_in,0,0.0,0.0,0.0,0.0,,0
x_aq_ifu_top/x_aq_ifu_pred/x_ifu_pred_idpc_icg_cell/global_en,1,0.00012030798845043312,21.131999999999998,14.508641665482774,1.0,-0.18268400597289075,1
x_aq_ifu_top/x_aq_ifu_pred/x_ifu_pred_idpc_icg_cell/module_en,0,0.0,0.0,0.0,0.0,,0
x_aq_ifu_top/x_aq_ifu_pred/x_ifu_pred_idpc_icg_cell/local_en,61,0.00733878729547642,6.477486229508197,4.447261338114402,0.2459016393442623,0.5151169380940933,1
x_aq_ifu_top/x_aq_ifu_pred/x_ifu_pred_idpc_icg_cell/external_en,0,0.0,0.0,0.0,0.0,,0
x_aq_ifu_top/x_aq_ifu_pred/x_ifu_pred_idpc_icg_cell/pad_yy_icg_scan_en,0,0.0,0.0,0.0,0.0,,0
x_aq_ifu_top/x_aq_ifu_pred/x_ifu_pred_idpc_icg_cell/clk_out,0,0.0,0.0,0.0,0.0,,0
x_aq_ifu_top/x_aq_ifu_pred/x_ifu_pred_idpc_icg_cell/clk_en_bf_latch,61,0.00733878729547642,6.477486229508197,4.447261338114402,0.2459016393442623,0.5151169380940933,1
x_aq_ifu_top/x_aq_ifu_pred/x_ifu_pred_idpc_icg_cell/SE,0,0.0,0.0,0.0,0.0,,0
x_aq_ifu_top/x_aq_ifu_pred/x_aq_ifu_pre_decd/ipack_pred_inst0[31:0],416,0.05004812319538017,5.054702884615385,3.470417985915519,0.17307692307692307,0.03215910887401232,23
x_aq_ifu_top/x_aq_ifu_pred/x_aq_ifu_pre_decd/ipack_pred_inst0_vld,63,0.007579403272377286,4.3759796825396835,3.004425570196921,0.047619047619047616,-0.21070337202414371,1
x_aq_ifu_top/x_aq_ifu_pred/x_aq_ifu_pre_decd/ipack_pred_inst1[15:0],276,0.03320500481231954,5.042544927536232,3.4620706717641965,0.15579710144927536,0.02280634819465097,12
x_aq_ifu_top/x_aq_ifu_pred/x_aq_ifu_pre_decd/ipack_pred_inst1_vld,12,0.0014436958614051972,7.703283333333334,5.288859432662268,0.25,-0.22028122628722943,1
x_aq_ifu_top/x_aq_ifu_pred/x_aq_ifu_pre_decd/pred_br_vld0,0,0.0,0.0,0.0,0.0,,0
x_aq_ifu_top/x_aq_ifu_pred/x_aq_ifu_pre_decd/pred_br_vld1,0,0.0,0.0,0.0,0.0,,0
x_aq_ifu_top/x_aq_ifu_pred/x_aq_ifu_pre_decd/pred_br_vld1_raw,2,0.00024061597690086623,2.521,1.7308482698600263,0.0,0.05552556543318419,1
x_aq_ifu_top/x_aq_ifu_pred/x_aq_ifu_pre_decd/pred_imm0[39:0],6,0.0007218479307025986,3.973333333333333,2.72797981974501,0.16666666666666666,0.05346349714738977,34
x_aq_ifu_top/x_aq_ifu_pred/x_aq_ifu_pre_decd/pred_imm1[39:0],18,0.002165543792107796,3.3055555555555554,2.2695022269970373,0.05555555555555555,0.1572556323276945,35
x_aq_ifu_top/x_aq_ifu_pred/x_aq_ifu_pre_decd/pred_inst0_32,73,0.008782483156881618,5.037490958904109,3.458600757895558,0.1506849315068493,-0.09861237211588215,1
x_aq_ifu_top/x_aq_ifu_pred/x_aq_ifu_pre_decd/pred_jmp_vld0,0,0.0,0.0,0.0,0.0,,0
x_aq_ifu_top/x_aq_ifu_pred/x_aq_ifu_pre_decd/pred_jmp_vld1,0,0.0,0.0,0.0,0.0,,0
x_aq_ifu_top/x_aq_ifu_pred/x_aq_ifu_pre_decd/pred_link_vld0,0,0.0,0.0,0.0,0.0,,0
x_aq_ifu_top/x_aq_ifu_pred/x_aq_ifu_pre_decd/pred_link_vld1,0,0.0,0.0,0.0,0.0,,0
x_aq_ifu_top/x_aq_ifu_pred/x_aq_ifu_pre_decd/pred_ret_vld0,0,0.0,0.0,0.0,0.0,,0
x_aq_ifu_top/x_aq_ifu_pred/x_aq_ifu_pre_decd/pred_ret_vld1,0,0.0,0.0,0.0,0.0,,0
x_aq_ifu_top/x_aq_ifu_pred/x_aq_ifu_pre_decd/btype_imm[39:0],356,0.04282964388835419,4.923234269662921,3.3801553025631326,0.1601123595505618,0.02453064962038342,35
x_aq_ifu_top/x_aq_ifu_pred/x_aq_ifu_pre_decd/btype_vld,0,0.0,0.0,0.0,0.0,,0
x_aq_ifu_top/x_aq_ifu_pred/x_aq_ifu_pre_decd/btype_vld1,0,0.0,0.0,0.0,0.0,,0
x_aq_ifu_top/x_aq_ifu_pred/x_aq_ifu_pre_decd/cbtype_imm0[39:0],295,0.03549085659287777,5.194580881355932,3.5664543162010656,0.18305084745762712,0.08148586372543933,40
x_aq_ifu_top/x_aq_ifu_pred/x_aq_ifu_pre_decd/cbtype_imm1[39:0],250,0.030076997112608278,4.99789536,3.4314155243147377,0.16,0.0626328776976203,37
x_aq_ifu_top/x_aq_ifu_pred/x_aq_ifu_pre_decd/cbtype_vld0,2,0.00024061597690086623,4.132500000000001,2.837259212692011,0.0,0.03123576386256686,1
x_aq_ifu_top/x_aq_ifu_pred/x_aq_ifu_pre_decd/cbtype_vld1,2,0.00024061597690086623,2.521,1.7308482698600263,0.0,0.05552556543318419,1
x_aq_ifu_top/x_aq_ifu_pred/x_aq_ifu_pre_decd/cjlrtype_vld0,0,0.0,0.0,0.0,0.0,,0
x_aq_ifu_top/x_aq_ifu_pred/x_aq_ifu_pre_decd/cjlrtype_vld1,0,0.0,0.0,0.0,0.0,,0
x_aq_ifu_top/x_aq_ifu_pred/x_aq_ifu_pre_decd/cjltype_vld0,0,0.0,0.0,0.0,0.0,,0
x_aq_ifu_top/x_aq_ifu_pred/x_aq_ifu_pre_decd/cjltype_vld1,0,0.0,0.0,0.0,0.0,,0
x_aq_ifu_top/x_aq_ifu_pred/x_aq_ifu_pre_decd/cjrtype_vld0,0,0.0,0.0,0.0,0.0,,0
x_aq_ifu_top/x_aq_ifu_pred/x_aq_ifu_pre_decd/cjrtype_vld1,0,0.0,0.0,0.0,0.0,,0
x_aq_ifu_top/x_aq_ifu_pred/x_aq_ifu_pre_decd/cjtype_imm0[39:0],340,0.04090471607314726,5.050589294117647,3.467593709439548,0.17647058823529413,0.08148586376991349,37
x_aq_ifu_top/x_aq_ifu_pred/x_aq_ifu_pre_decd/cjtype_imm1[39:0],274,0.03296438883541867,5.0191109489051104,3.4459815557905293,0.15328467153284672,0.06263287744969613,37
x_aq_ifu_top/x_aq_ifu_pred/x_aq_ifu_pre_decd/cjtype_vld0,0,0.0,0.0,0.0,0.0,,0
x_aq_ifu_top/x_aq_ifu_pred/x_aq_ifu_pre_decd/cjtype_vld1,0,0.0,0.0,0.0,0.0,,0
x_aq_ifu_top/x_aq_ifu_pred/x_aq_ifu_pre_decd/inst0[31:0],416,0.05004812319538017,5.054702884615385,3.470417985915519,0.17307692307692307,0.03215910887401232,23
x_aq_ifu_top/x_aq_ifu_pred/x_aq_ifu_pre_decd/inst0_imm[39:0],6,0.0007218479307025986,3.973333333333333,2.72797981974501,0.16666666666666666,0.05346349714738977,34
x_aq_ifu_top/x_aq_ifu_pred/x_aq_ifu_pre_decd/inst1[15:0],276,0.03320500481231954,5.042544927536232,3.4620706717641965,0.15579710144927536,0.02280634819465097,12
x_aq_ifu_top/x_aq_ifu_pred/x_aq_ifu_pre_decd/inst1_imm[39:0],18,0.002165543792107796,3.3055555555555554,2.2695022269970373,0.05555555555555555,0.1572556323276945,35
x_aq_ifu_top/x_aq_ifu_pred/x_aq_ifu_pre_decd/jlrtype_vld,0,0.0,0.0,0.0,0.0,,0
x_aq_ifu_top/x_aq_ifu_pred/x_aq_ifu_pre_decd/jltype_vld,0,0.0,0.0,0.0,0.0,,0
x_aq_ifu_top/x_aq_ifu_pred/x_aq_ifu_pre_decd/jrtype_vld,0,0.0,0.0,0.0,0.0,,0
x_aq_ifu_top/x_aq_ifu_pred/x_aq_ifu_pre_decd/jtype_imm[39:0],377,0.04535611164581328,5.0809267904509285,3.488422588075147,0.16180371352785147,0.024530535711023066,34
x_aq_ifu_top/x_aq_ifu_pred/x_aq_ifu_pre_decd/jtype_vld,0,0.0,0.0,0.0,0.0,,0
x_aq_ifu_top/x_aq_ifu_pred/x_aq_ifu_bht/bht_pred_mem_taken,0,0.0,0.0,0.0,0.0,,0
x_aq_ifu_top/x_aq_ifu_pred/x_aq_ifu_bht/bht_pred_rslt[1:0],0,0.0,0.0,0.0,0.0,,0
x_aq_ifu_top/x_aq_ifu_pred/x_aq_ifu_bht/bht_top_cur_st[1:0],0,0.0,0.0,0.0,0.0,,0
x_aq_ifu_top/x_aq_ifu_pred/x_aq_ifu_bht/cp0_ifu_bht_en,1,0.00012030798845043312,10.639999999999999,7.305127168310463,0.0,-0.23435967716134284,1
x_aq_ifu_top/x_aq_ifu_pred/x_aq_ifu_bht/cp0_ifu_bht_inv,4,0.00048123195380173246,0.9595000000000002,0.6587659321422831,0.0,0.20892743913596878,1
x_aq_ifu_top/x_aq_ifu_pred/x_aq_ifu_bht/cp0_ifu_icg_en,0,0.0,0.0,0.0,0.0,,0
x_aq_ifu_top/x_aq_ifu_pred/x_aq_ifu_bht/cp0_yy_clk_en,1,0.00012030798845043312,21.131999999999998,14.508641665482774,1.0,-0.18268400597289075,1
x_aq_ifu_top/x_aq_ifu_pred/x_aq_ifu_bht/cpurst_b,3,0.0003609239653512993,11.372333333333332,7.807926804550378,0.3333333333333333,-0.0221134756398446,1
x_aq_ifu_top/x_aq_ifu_pred/x_aq_ifu_bht/forever_cpuclk,0,0.0,0.0,0.0,0.0,,0
x_aq_ifu_top/x_aq_ifu_pred/x_aq_ifu_bht/ifu_cp0_bht_inv_done,0,0.0,0.0,0.0,0.0,,0
x_aq_ifu_top/x_aq_ifu_pred/x_aq_ifu_bht/iu_ifu_bht_cur_pc[39:0],217,0.026106833493743986,4.490519907834101,3.083065693473486,0.15668202764976957,-0.24242664630038713,8
x_aq_ifu_top/x_aq_ifu_pred/x_aq_ifu_bht/iu_ifu_bht_mispred,0,0.0,0.0,0.0,0.0,,0
x_aq_ifu_top/x_aq_ifu_pred/x_aq_ifu_bht/iu_ifu_bht_mispred_gate,0,0.0,0.0,0.0,0.0,,0
x_aq_ifu_top/x_aq_ifu_pred/x_aq_ifu_bht/iu_ifu_bht_pred[1:0],0,0.0,0.0,0.0,0.0,,0
x_aq_ifu_top/x_aq_ifu_pred/x_aq_ifu_bht/iu_ifu_bht_taken,0,0.0,0.0,0.0,0.0,,0
x_aq_ifu_top/x_aq_ifu_pred/x_aq_ifu_bht/iu_ifu_br_vld,0,0.0,0.0,0.0,0.0,,0
x_aq_ifu_top/x_aq_ifu_pred/x_aq_ifu_bht/iu_ifu_br_vld_gate,0,0.0,0.0,0.0,0.0,,0
x_aq_ifu_top/x_aq_ifu_pred/x_aq_ifu_bht/pad_yy_icg_scan_en,0,0.0,0.0,0.0,0.0,,0
x_aq_ifu_top/x_aq_ifu_pred/x_aq_ifu_bht/pred_bht_br_vld,0,0.0,0.0,0.0,0.0,,0
x_aq_ifu_top/x_aq_ifu_pred/x_aq_ifu_bht/pred_bht_pc[2:0],299,0.0359720885466795,5.119290033444816,3.514761720467924,0.14381270903010032,-0.1453086232875071,3
x_aq_ifu_top/x_aq_ifu_pred/x_aq_ifu_bht/bht_cen,4,0.00048123195380173246,2.9174999999999995,2.0030741084159565,0.0,0.20936613305920526,1
x_aq_ifu_top/x_aq_ifu_pred/x_aq_ifu_bht/bht_cen_gate,4,0.00048123195380173246,2.9174999999999995,2.0030741084159565,0.0,0.20936613305920526,1
x_aq_ifu_top/x_aq_ifu_pred/x_aq_ifu_bht/bht_clk,0,0.0,0.0,0.0,0.0,,0
x_aq_ifu_top/x_aq_ifu_pred/x_aq_ifu_bht/bht_cur_idle,1,0.00012030798845043312,21.131999999999998,14.508641665482774,1.0,-0.18268400597289075,1
x_aq_ifu_top/x_aq_ifu_pred/x_aq_ifu_bht/bht_din[15:0],0,0.0,0.0,0.0,0.0,,0
x_aq_ifu_top/x_aq_ifu_pred/x_aq_ifu_bht/bht_dout[15:0],0,0.0,0.0,0.0,0.0,,0
x_aq_ifu_top/x_aq_ifu_pred/x_aq_ifu_bht/bht_dout_rslt[15:0],0,0.0,0.0,0.0,0.0,,0
x_aq_ifu_top/x_aq_ifu_pred/x_aq_ifu_bht/bht_icg_en,4,0.00048123195380173246,0.9595000000000002,0.6587659321422831,0.0,0.20892743913596878,1
x_aq_ifu_top/x_aq_ifu_pred/x_aq_ifu_bht/bht_idx[9:0],1026,0.12343599615014438,1.469275828460039,1.0087637943820766,0.0,0.08140873373072513,9
x_aq_ifu_top/x_aq_ifu_pred/x_aq_ifu_bht/bht_inv_clk,0,0.0,0.0,0.0,0.0,,0
x_aq_ifu_top/x_aq_ifu_pred/x_aq_ifu_bht/bht_inv_done,0,0.0,0.0,0.0,0.0,,0
x_aq_ifu_top/x_aq_ifu_pred/x_aq_ifu_bht/bht_inv_icg_en,4,0.00048123195380173246,1.2574999999999998,0.8633644186231586,0.0,0.20899879286821327,1
x_aq_ifu_top/x_aq_ifu_pred/x_aq_ifu_bht/bht_inv_ide,5,0.0006015399422521655,6.5448,4.493477095033677,0.2,-0.22338603010613717,1
x_aq_ifu_top/x_aq_ifu_pred/x_aq_ifu_bht/bht_inv_rd,0,0.0,0.0,0.0,0.0,,0
x_aq_ifu_top/x_aq_ifu_pred/x_aq_ifu_bht/bht_inv_req,4,0.00048123195380173246,2.9174999999999995,2.0030741084159565,0.0,0.20936613305920526,1
x_aq_ifu_top/x_aq_ifu_pred/x_aq_ifu_bht/bht_inv_wr,4,0.00048123195380173246,2.6195000000000004,1.798475621935081,0.0,0.20929496446204812,1
x_aq_ifu_top/x_aq_ifu_pred/x_aq_ifu_bht/bht_mem_idx[2:0],0,0.0,0.0,0.0,0.0,,0
x_aq_ifu_top/x_aq_ifu_pred/x_aq_ifu_bht/bht_mem_way[7:0],1,0.00012030798845043312,21.131999999999998,14.508641665482774,1.0,-0.18268400597289075,1
x_aq_ifu_top/x_aq_ifu_pred/x_aq_ifu_bht/bht_mis_wen[7:0],1,0.00012030798845043312,21.131999999999998,14.508641665482774,1.0,-0.18268400597289075,1
x_aq_ifu_top/x_aq_ifu_pred/x_aq_ifu_bht/bht_miss_read1,0,0.0,0.0,0.0,0.0,,0
x_aq_ifu_top/x_aq_ifu_pred/x_aq_ifu_bht/bht_miss_read2,0,0.0,0.0,0.0,0.0,,0
x_aq_ifu_top/x_aq_ifu_pred/x_aq_ifu_bht/bht_miss_write,0,0.0,0.0,0.0,0.0,,0
x_aq_ifu_top/x_aq_ifu_pred/x_aq_ifu_bht/bht_pred_taken,0,0.0,0.0,0.0,0.0,,0
x_aq_ifu_top/x_aq_ifu_pred/x_aq_ifu_bht/bht_sel_result[1:0],0,0.0,0.0,0.0,0.0,,0
x_aq_ifu_top/x_aq_ifu_pred/x_aq_ifu_bht/bht_sel_way[7:0],1,0.00012030798845043312,21.131999999999998,14.508641665482774,1.0,-0.18268400597289075,1
x_aq_ifu_top/x_aq_ifu_pred/x_aq_ifu_bht/bht_upd_idx[2:0],0,0.0,0.0,0.0,0.0,,0
x_aq_ifu_top/x_aq_ifu_pred/x_aq_ifu_bht/bht_upd_vld,0,0.0,0.0,0.0,0.0,,0
x_aq_ifu_top/x_aq_ifu_pred/x_aq_ifu_bht/bht_upd_write,0,0.0,0.0,0.0,0.0,,0
x_aq_ifu_top/x_aq_ifu_pred/x_aq_ifu_bht/bht_wen[15:0],8,0.0009624639076034649,1.9385000000000001,1.3309200202791198,0.0,0.20921456968696067,15
x_aq_ifu_top/x_aq_ifu_pred/x_aq_ifu_bht/bht_wr_val[15:0],0,0.0,0.0,0.0,0.0,,0
x_aq_ifu_top/x_aq_ifu_pred/x_aq_ifu_bht/bht_wr_val_single[1:0],0,0.0,0.0,0.0,0.0,,0
x_aq_ifu_top/x_aq_ifu_pred/x_aq_ifu_bht/x_aq_ifu_bht_icg_cell/clk_in,0,0.0,0.0,0.0,0.0,,0
x_aq_ifu_top/x_aq_ifu_pred/x_aq_ifu_bht/x_aq_ifu_bht_icg_cell/global_en,1,0.00012030798845043312,21.131999999999998,14.508641665482774,1.0,-0.18268400597289075,1
x_aq_ifu_top/x_aq_ifu_pred/x_aq_ifu_bht/x_aq_ifu_bht_icg_cell/module_en,0,0.0,0.0,0.0,0.0,,0
x_aq_ifu_top/x_aq_ifu_pred/x_aq_ifu_bht/x_aq_ifu_bht_icg_cell/local_en,4,0.00048123195380173246,0.9595000000000002,0.6587659321422831,0.0,0.20892743913596878,1
x_aq_ifu_top/x_aq_ifu_pred/x_aq_ifu_bht/x_aq_ifu_bht_icg_cell/external_en,0,0.0,0.0,0.0,0.0,,0
x_aq_ifu_top/x_aq_ifu_pred/x_aq_ifu_bht/x_aq_ifu_bht_icg_cell/pad_yy_icg_scan_en,0,0.0,0.0,0.0,0.0,,0
x_aq_ifu_top/x_aq_ifu_pred/x_aq_ifu_bht/x_aq_ifu_bht_icg_cell/clk_out,0,0.0,0.0,0.0,0.0,,0
x_aq_ifu_top/x_aq_ifu_pred/x_aq_ifu_bht/x_aq_ifu_bht_icg_cell/clk_en_bf_latch,4,0.00048123195380173246,0.9595000000000002,0.6587659321422831,0.0,0.20892743913596878,1
x_aq_ifu_top/x_aq_ifu_pred/x_aq_ifu_bht/x_aq_ifu_bht_icg_cell/SE,0,0.0,0.0,0.0,0.0,,0
x_aq_ifu_top/x_aq_ifu_pred/x_aq_ifu_bht/x_aq_ifu_bht_inv_icg_cell/clk_in,0,0.0,0.0,0.0,0.0,,0
x_aq_ifu_top/x_aq_ifu_pred/x_aq_ifu_bht/x_aq_ifu_bht_inv_icg_cell/global_en,1,0.00012030798845043312,21.131999999999998,14.508641665482774,1.0,-0.18268400597289075,1
x_aq_ifu_top/x_aq_ifu_pred/x_aq_ifu_bht/x_aq_ifu_bht_inv_icg_cell/module_en,0,0.0,0.0,0.0,0.0,,0
x_aq_ifu_top/x_aq_ifu_pred/x_aq_ifu_bht/x_aq_ifu_bht_inv_icg_cell/local_en,4,0.00048123195380173246,1.2574999999999998,0.8633644186231586,0.0,0.20899879286821327,1
x_aq_ifu_top/x_aq_ifu_pred/x_aq_ifu_bht/x_aq_ifu_bht_inv_icg_cell/external_en,0,0.0,0.0,0.0,0.0,,0
x_aq_ifu_top/x_aq_ifu_pred/x_aq_ifu_bht/x_aq_ifu_bht_inv_icg_cell/pad_yy_icg_scan_en,0,0.0,0.0,0.0,0.0,,0
x_aq_ifu_top/x_aq_ifu_pred/x_aq_ifu_bht/x_aq_ifu_bht_inv_icg_cell/clk_out,0,0.0,0.0,0.0,0.0,,0
x_aq_ifu_top/x_aq_ifu_pred/x_aq_ifu_bht/x_aq_ifu_bht_inv_icg_cell/clk_en_bf_latch,4,0.00048123195380173246,1.2574999999999998,0.8633644186231586,0.0,0.20899879286821327,1
x_aq_ifu_top/x_aq_ifu_pred/x_aq_ifu_bht/x_aq_ifu_bht_inv_icg_cell/SE,0,0.0,0.0,0.0,0.0,,0
x_aq_ifu_top/x_aq_ifu_pred/x_aq_ifu_bht/x_aq_ifu_bht_array/bht_cen,4,0.00048123195380173246,2.9174999999999995,2.0030741084159565,0.0,0.20936613305920526,1
x_aq_ifu_top/x_aq_ifu_pred/x_aq_ifu_bht/x_aq_ifu_bht_array/bht_cen_gate,4,0.00048123195380173246,2.9174999999999995,2.0030741084159565,0.0,0.20936613305920526,1
x_aq_ifu_top/x_aq_ifu_pred/x_aq_ifu_bht/x_aq_ifu_bht_array/bht_din[15:0],0,0.0,0.0,0.0,0.0,,0
x_aq_ifu_top/x_aq_ifu_pred/x_aq_ifu_bht/x_aq_ifu_bht_array/bht_dout[15:0],0,0.0,0.0,0.0,0.0,,0
x_aq_ifu_top/x_aq_ifu_pred/x_aq_ifu_bht/x_aq_ifu_bht_array/bht_idx[9:0],1026,0.12343599615014438,1.469275828460039,1.0087637943820766,0.0,0.08140873373072513,9
x_aq_ifu_top/x_aq_ifu_pred/x_aq_ifu_bht/x_aq_ifu_bht_array/bht_wen[15:0],8,0.0009624639076034649,1.9385000000000001,1.3309200202791198,0.0,0.20921456968696067,15
x_aq_ifu_top/x_aq_ifu_pred/x_aq_ifu_bht/x_aq_ifu_bht_array/cp0_ifu_icg_en,0,0.0,0.0,0.0,0.0,,0
x_aq_ifu_top/x_aq_ifu_pred/x_aq_ifu_bht/x_aq_ifu_bht_array/cp0_yy_clk_en,1,0.00012030798845043312,21.131999999999998,14.508641665482774,1.0,-0.18268400597289075,1
x_aq_ifu_top/x_aq_ifu_pred/x_aq_ifu_bht/x_aq_ifu_bht_array/forever_cpuclk,0,0.0,0.0,0.0,0.0,,0
x_aq_ifu_top/x_aq_ifu_pred/x_aq_ifu_bht/x_aq_ifu_bht_array/pad_yy_icg_scan_en,0,0.0,0.0,0.0,0.0,,0
x_aq_ifu_top/x_aq_ifu_pred/x_aq_ifu_bht/x_aq_ifu_bht_array/bht_bwen_b[15:0],9,0.001082771896053898,4.071111111111112,2.7951113141906374,0.1111111111111111,-0.22354868500422223,16
x_aq_ifu_top/x_aq_ifu_pred/x_aq_ifu_bht/x_aq_ifu_bht_array/bht_cen_b,5,0.0006015399422521655,6.5448,4.493477095033677,0.2,-0.22338603010613717,1
x_aq_ifu_top/x_aq_ifu_pred/x_aq_ifu_bht/x_aq_ifu_bht_array/bht_clk,0,0.0,0.0,0.0,0.0,,0
x_aq_ifu_top/x_aq_ifu_pred/x_aq_ifu_bht/x_aq_ifu_bht_array/bht_gwen_b,5,0.0006015399422521655,5.232399999999998,3.5924198679950807,0.2,-0.22332450703871995,1
x_aq_ifu_top/x_aq_ifu_pred/x_aq_ifu_bht/x_aq_ifu_bht_array/bht_icg_en,4,0.00048123195380173246,2.9174999999999995,2.0030741084159565,0.0,0.20936613305920526,1
x_aq_ifu_top/x_aq_ifu_pred/x_aq_ifu_bht/x_aq_ifu_bht_array/x_bht_icg_cell/clk_in,0,0.0,0.0,0.0,0.0,,0
x_aq_ifu_top/x_aq_ifu_pred/x_aq_ifu_bht/x_aq_ifu_bht_array/x_bht_icg_cell/global_en,1,0.00012030798845043312,21.131999999999998,14.508641665482774,1.0,-0.18268400597289075,1
x_aq_ifu_top/x_aq_ifu_pred/x_aq_ifu_bht/x_aq_ifu_bht_array/x_bht_icg_cell/module_en,0,0.0,0.0,0.0,0.0,,0
x_aq_ifu_top/x_aq_ifu_pred/x_aq_ifu_bht/x_aq_ifu_bht_array/x_bht_icg_cell/local_en,4,0.00048123195380173246,2.9174999999999995,2.0030741084159565,0.0,0.20936613305920526,1
x_aq_ifu_top/x_aq_ifu_pred/x_aq_ifu_bht/x_aq_ifu_bht_array/x_bht_icg_cell/external_en,0,0.0,0.0,0.0,0.0,,0
x_aq_ifu_top/x_aq_ifu_pred/x_aq_ifu_bht/x_aq_ifu_bht_array/x_bht_icg_cell/pad_yy_icg_scan_en,0,0.0,0.0,0.0,0.0,,0
x_aq_ifu_top/x_aq_ifu_pred/x_aq_ifu_bht/x_aq_ifu_bht_array/x_bht_icg_cell/clk_out,0,0.0,0.0,0.0,0.0,,0
x_aq_ifu_top/x_aq_ifu_pred/x_aq_ifu_bht/x_aq_ifu_bht_array/x_bht_icg_cell/clk_en_bf_latch,4,0.00048123195380173246,2.9174999999999995,2.0030741084159565,0.0,0.20936613305920526,1
x_aq_ifu_top/x_aq_ifu_pred/x_aq_ifu_bht/x_aq_ifu_bht_array/x_bht_icg_cell/SE,0,0.0,0.0,0.0,0.0,,0
x_aq_ifu_top/x_aq_ifu_pred/x_aq_ifu_bht/x_aq_ifu_bht_array/x_aq_spsram_1024x16/A[9:0],1026,0.12343599615014438,1.469275828460039,1.0087637943820766,0.0,0.08140873373072513,9
x_aq_ifu_top/x_aq_ifu_pred/x_aq_ifu_bht/x_aq_ifu_bht_array/x_aq_spsram_1024x16/CEN,5,0.0006015399422521655,6.5448,4.493477095033677,0.2,-0.22338603010613717,1
x_aq_ifu_top/x_aq_ifu_pred/x_aq_ifu_bht/x_aq_ifu_bht_array/x_aq_spsram_1024x16/CLK,0,0.0,0.0,0.0,0.0,,0
x_aq_ifu_top/x_aq_ifu_pred/x_aq_ifu_bht/x_aq_ifu_bht_array/x_aq_spsram_1024x16/D[15:0],0,0.0,0.0,0.0,0.0,,0
x_aq_ifu_top/x_aq_ifu_pred/x_aq_ifu_bht/x_aq_ifu_bht_array/x_aq_spsram_1024x16/GWEN,5,0.0006015399422521655,5.232399999999998,3.5924198679950807,0.2,-0.22332450703871995,1
x_aq_ifu_top/x_aq_ifu_pred/x_aq_ifu_bht/x_aq_ifu_bht_array/x_aq_spsram_1024x16/Q[15:0],0,0.0,0.0,0.0,0.0,,0
x_aq_ifu_top/x_aq_ifu_pred/x_aq_ifu_bht/x_aq_ifu_bht_array/x_aq_spsram_1024x16/WEN[15:0],9,0.001082771896053898,4.071111111111112,2.7951113141906374,0.1111111111111111,-0.22354868500422223,16
x_aq_ifu_top/x_aq_ifu_pred/x_aq_ifu_bht/x_aq_ifu_bht_array/x_aq_spsram_1024x16/x_aq_f_spsram_1024x16/A[9:0],1026,0.12343599615014438,1.469275828460039,1.0087637943820766,0.0,0.08140873373072513,9
x_aq_ifu_top/x_aq_ifu_pred/x_aq_ifu_bht/x_aq_ifu_bht_array/x_aq_spsram_1024x16/x_aq_f_spsram_1024x16/CEN,5,0.0006015399422521655,6.5448,4.493477095033677,0.2,-0.22338603010613717,1
x_aq_ifu_top/x_aq_ifu_pred/x_aq_ifu_bht/x_aq_ifu_bht_array/x_aq_spsram_1024x16/x_aq_f_spsram_1024x16/CLK,0,0.0,0.0,0.0,0.0,,0
x_aq_ifu_top/x_aq_ifu_pred/x_aq_ifu_bht/x_aq_ifu_bht_array/x_aq_spsram_1024x16/x_aq_f_spsram_1024x16/D[15:0],0,0.0,0.0,0.0,0.0,,0
x_aq_ifu_top/x_aq_ifu_pred/x_aq_ifu_bht/x_aq_ifu_bht_array/x_aq_spsram_1024x16/x_aq_f_spsram_1024x16/GWEN,5,0.0006015399422521655,5.232399999999998,3.5924198679950807,0.2,-0.22332450703871995,1
x_aq_ifu_top/x_aq_ifu_pred/x_aq_ifu_bht/x_aq_ifu_bht_array/x_aq_spsram_1024x16/x_aq_f_spsram_1024x16/Q[15:0],0,0.0,0.0,0.0,0.0,,0
x_aq_ifu_top/x_aq_ifu_pred/x_aq_ifu_bht/x_aq_ifu_bht_array/x_aq_spsram_1024x16/x_aq_f_spsram_1024x16/WEN[15:0],9,0.001082771896053898,4.071111111111112,2.7951113141906374,0.1111111111111111,-0.22354868500422223,16
x_aq_ifu_top/x_aq_ifu_pred/x_aq_ifu_bht/x_aq_ifu_bht_array/x_aq_spsram_1024x16/x_aq_f_spsram_1024x16/addr[9:0],1026,0.12343599615014438,1.469275828460039,1.0087637943820766,0.0,0.08140873373072513,9
x_aq_ifu_top/x_aq_ifu_pred/x_aq_ifu_bht/x_aq_ifu_bht_array/x_aq_spsram_1024x16/x_aq_f_spsram_1024x16/ram_wen_vec[15:0],8,0.0009624639076034649,1.9385000000000001,1.3309200202791198,0.0,0.20921456968696067,15
x_aq_ifu_top/x_aq_ifu_pred/x_aq_ifu_bht/x_aq_ifu_bht_array/x_aq_spsram_1024x16/x_aq_f_spsram_1024x16/RAM_DIN_VEC[0]/ram_instance/PortAClk,0,0.0,0.0,0.0,0.0,,0
x_aq_ifu_top/x_aq_ifu_pred/x_aq_ifu_bht/x_aq_ifu_bht_array/x_aq_spsram_1024x16/x_aq_f_spsram_1024x16/RAM_DIN_VEC[0]/ram_instance/PortAAddr[9:0],1026,0.12343599615014438,1.469275828460039,1.0087637943820766,0.0,0.08140873373072513,9
x_aq_ifu_top/x_aq_ifu_pred/x_aq_ifu_bht/x_aq_ifu_bht_array/x_aq_spsram_1024x16/x_aq_f_spsram_1024x16/RAM_DIN_VEC[0]/ram_instance/PortADataIn[0:0],0,0.0,0.0,0.0,0.0,,0
x_aq_ifu_top/x_aq_ifu_pred/x_aq_ifu_bht/x_aq_ifu_bht_array/x_aq_spsram_1024x16/x_aq_f_spsram_1024x16/RAM_DIN_VEC[0]/ram_instance/PortAWriteEnable,4,0.00048123195380173246,2.6195000000000004,1.798475621935081,0.0,0.20929496446204812,1
x_aq_ifu_top/x_aq_ifu_pred/x_aq_ifu_bht/x_aq_ifu_bht_array/x_aq_spsram_1024x16/x_aq_f_spsram_1024x16/RAM_DIN_VEC[1]/ram_instance/PortAClk,0,0.0,0.0,0.0,0.0,,0
x_aq_ifu_top/x_aq_ifu_pred/x_aq_ifu_bht/x_aq_ifu_bht_array/x_aq_spsram_1024x16/x_aq_f_spsram_1024x16/RAM_DIN_VEC[1]/ram_instance/PortAAddr[9:0],1026,0.12343599615014438,1.469275828460039,1.0087637943820766,0.0,0.08140873373072513,9
x_aq_ifu_top/x_aq_ifu_pred/x_aq_ifu_bht/x_aq_ifu_bht_array/x_aq_spsram_1024x16/x_aq_f_spsram_1024x16/RAM_DIN_VEC[1]/ram_instance/PortADataIn[0:0],0,0.0,0.0,0.0,0.0,,0
x_aq_ifu_top/x_aq_ifu_pred/x_aq_ifu_bht/x_aq_ifu_bht_array/x_aq_spsram_1024x16/x_aq_f_spsram_1024x16/RAM_DIN_VEC[1]/ram_instance/PortAWriteEnable,4,0.00048123195380173246,2.6195000000000004,1.798475621935081,0.0,0.20929496446204812,1
x_aq_ifu_top/x_aq_ifu_pred/x_aq_ifu_bht/x_aq_ifu_bht_array/x_aq_spsram_1024x16/x_aq_f_spsram_1024x16/RAM_DIN_VEC[2]/ram_instance/PortAClk,0,0.0,0.0,0.0,0.0,,0
x_aq_ifu_top/x_aq_ifu_pred/x_aq_ifu_bht/x_aq_ifu_bht_array/x_aq_spsram_1024x16/x_aq_f_spsram_1024x16/RAM_DIN_VEC[2]/ram_instance/PortAAddr[9:0],1026,0.12343599615014438,1.469275828460039,1.0087637943820766,0.0,0.08140873373072513,9
x_aq_ifu_top/x_aq_ifu_pred/x_aq_ifu_bht/x_aq_ifu_bht_array/x_aq_spsram_1024x16/x_aq_f_spsram_1024x16/RAM_DIN_VEC[2]/ram_instance/PortADataIn[0:0],0,0.0,0.0,0.0,0.0,,0
x_aq_ifu_top/x_aq_ifu_pred/x_aq_ifu_bht/x_aq_ifu_bht_array/x_aq_spsram_1024x16/x_aq_f_spsram_1024x16/RAM_DIN_VEC[2]/ram_instance/PortAWriteEnable,4,0.00048123195380173246,2.6195000000000004,1.798475621935081,0.0,0.20929496446204812,1
x_aq_ifu_top/x_aq_ifu_pred/x_aq_ifu_bht/x_aq_ifu_bht_array/x_aq_spsram_1024x16/x_aq_f_spsram_1024x16/RAM_DIN_VEC[3]/ram_instance/PortAClk,0,0.0,0.0,0.0,0.0,,0
x_aq_ifu_top/x_aq_ifu_pred/x_aq_ifu_bht/x_aq_ifu_bht_array/x_aq_spsram_1024x16/x_aq_f_spsram_1024x16/RAM_DIN_VEC[3]/ram_instance/PortAAddr[9:0],1026,0.12343599615014438,1.469275828460039,1.0087637943820766,0.0,0.08140873373072513,9
x_aq_ifu_top/x_aq_ifu_pred/x_aq_ifu_bht/x_aq_ifu_bht_array/x_aq_spsram_1024x16/x_aq_f_spsram_1024x16/RAM_DIN_VEC[3]/ram_instance/PortADataIn[0:0],0,0.0,0.0,0.0,0.0,,0
x_aq_ifu_top/x_aq_ifu_pred/x_aq_ifu_bht/x_aq_ifu_bht_array/x_aq_spsram_1024x16/x_aq_f_spsram_1024x16/RAM_DIN_VEC[3]/ram_instance/PortAWriteEnable,4,0.00048123195380173246,2.6195000000000004,1.798475621935081,0.0,0.20929496446204812,1
x_aq_ifu_top/x_aq_ifu_pred/x_aq_ifu_bht/x_aq_ifu_bht_array/x_aq_spsram_1024x16/x_aq_f_spsram_1024x16/RAM_DIN_VEC[4]/ram_instance/PortAClk,0,0.0,0.0,0.0,0.0,,0
x_aq_ifu_top/x_aq_ifu_pred/x_aq_ifu_bht/x_aq_ifu_bht_array/x_aq_spsram_1024x16/x_aq_f_spsram_1024x16/RAM_DIN_VEC[4]/ram_instance/PortAAddr[9:0],1026,0.12343599615014438,1.469275828460039,1.0087637943820766,0.0,0.08140873373072513,9
x_aq_ifu_top/x_aq_ifu_pred/x_aq_ifu_bht/x_aq_ifu_bht_array/x_aq_spsram_1024x16/x_aq_f_spsram_1024x16/RAM_DIN_VEC[4]/ram_instance/PortADataIn[0:0],0,0.0,0.0,0.0,0.0,,0
x_aq_ifu_top/x_aq_ifu_pred/x_aq_ifu_bht/x_aq_ifu_bht_array/x_aq_spsram_1024x16/x_aq_f_spsram_1024x16/RAM_DIN_VEC[4]/ram_instance/PortAWriteEnable,4,0.00048123195380173246,2.6195000000000004,1.798475621935081,0.0,0.20929496446204812,1
x_aq_ifu_top/x_aq_ifu_pred/x_aq_ifu_bht/x_aq_ifu_bht_array/x_aq_spsram_1024x16/x_aq_f_spsram_1024x16/RAM_DIN_VEC[5]/ram_instance/PortAClk,0,0.0,0.0,0.0,0.0,,0
x_aq_ifu_top/x_aq_ifu_pred/x_aq_ifu_bht/x_aq_ifu_bht_array/x_aq_spsram_1024x16/x_aq_f_spsram_1024x16/RAM_DIN_VEC[5]/ram_instance/PortAAddr[9:0],1026,0.12343599615014438,1.469275828460039,1.0087637943820766,0.0,0.08140873373072513,9
x_aq_ifu_top/x_aq_ifu_pred/x_aq_ifu_bht/x_aq_ifu_bht_array/x_aq_spsram_1024x16/x_aq_f_spsram_1024x16/RAM_DIN_VEC[5]/ram_instance/PortADataIn[0:0],0,0.0,0.0,0.0,0.0,,0
x_aq_ifu_top/x_aq_ifu_pred/x_aq_ifu_bht/x_aq_ifu_bht_array/x_aq_spsram_1024x16/x_aq_f_spsram_1024x16/RAM_DIN_VEC[5]/ram_instance/PortAWriteEnable,4,0.00048123195380173246,2.6195000000000004,1.798475621935081,0.0,0.20929496446204812,1
x_aq_ifu_top/x_aq_ifu_pred/x_aq_ifu_bht/x_aq_ifu_bht_array/x_aq_spsram_1024x16/x_aq_f_spsram_1024x16/RAM_DIN_VEC[6]/ram_instance/PortAClk,0,0.0,0.0,0.0,0.0,,0
x_aq_ifu_top/x_aq_ifu_pred/x_aq_ifu_bht/x_aq_ifu_bht_array/x_aq_spsram_1024x16/x_aq_f_spsram_1024x16/RAM_DIN_VEC[6]/ram_instance/PortAAddr[9:0],1026,0.12343599615014438,1.469275828460039,1.0087637943820766,0.0,0.08140873373072513,9
x_aq_ifu_top/x_aq_ifu_pred/x_aq_ifu_bht/x_aq_ifu_bht_array/x_aq_spsram_1024x16/x_aq_f_spsram_1024x16/RAM_DIN_VEC[6]/ram_instance/PortADataIn[0:0],0,0.0,0.0,0.0,0.0,,0
x_aq_ifu_top/x_aq_ifu_pred/x_aq_ifu_bht/x_aq_ifu_bht_array/x_aq_spsram_1024x16/x_aq_f_spsram_1024x16/RAM_DIN_VEC[6]/ram_instance/PortAWriteEnable,4,0.00048123195380173246,2.6195000000000004,1.798475621935081,0.0,0.20929496446204812,1
x_aq_ifu_top/x_aq_ifu_pred/x_aq_ifu_bht/x_aq_ifu_bht_array/x_aq_spsram_1024x16/x_aq_f_spsram_1024x16/RAM_DIN_VEC[7]/ram_instance/PortAClk,0,0.0,0.0,0.0,0.0,,0
x_aq_ifu_top/x_aq_ifu_pred/x_aq_ifu_bht/x_aq_ifu_bht_array/x_aq_spsram_1024x16/x_aq_f_spsram_1024x16/RAM_DIN_VEC[7]/ram_instance/PortAAddr[9:0],1026,0.12343599615014438,1.469275828460039,1.0087637943820766,0.0,0.08140873373072513,9
x_aq_ifu_top/x_aq_ifu_pred/x_aq_ifu_bht/x_aq_ifu_bht_array/x_aq_spsram_1024x16/x_aq_f_spsram_1024x16/RAM_DIN_VEC[7]/ram_instance/PortADataIn[0:0],0,0.0,0.0,0.0,0.0,,0
x_aq_ifu_top/x_aq_ifu_pred/x_aq_ifu_bht/x_aq_ifu_bht_array/x_aq_spsram_1024x16/x_aq_f_spsram_1024x16/RAM_DIN_VEC[7]/ram_instance/PortAWriteEnable,4,0.00048123195380173246,2.6195000000000004,1.798475621935081,0.0,0.20929496446204812,1
x_aq_ifu_top/x_aq_ifu_pred/x_aq_ifu_bht/x_aq_ifu_bht_array/x_aq_spsram_1024x16/x_aq_f_spsram_1024x16/RAM_DIN_VEC[8]/ram_instance/PortAClk,0,0.0,0.0,0.0,0.0,,0
x_aq_ifu_top/x_aq_ifu_pred/x_aq_ifu_bht/x_aq_ifu_bht_array/x_aq_spsram_1024x16/x_aq_f_spsram_1024x16/RAM_DIN_VEC[8]/ram_instance/PortAAddr[9:0],1026,0.12343599615014438,1.469275828460039,1.0087637943820766,0.0,0.08140873373072513,9
x_aq_ifu_top/x_aq_ifu_pred/x_aq_ifu_bht/x_aq_ifu_bht_array/x_aq_spsram_1024x16/x_aq_f_spsram_1024x16/RAM_DIN_VEC[8]/ram_instance/PortADataIn[0:0],0,0.0,0.0,0.0,0.0,,0
x_aq_ifu_top/x_aq_ifu_pred/x_aq_ifu_bht/x_aq_ifu_bht_array/x_aq_spsram_1024x16/x_aq_f_spsram_1024x16/RAM_DIN_VEC[8]/ram_instance/PortAWriteEnable,4,0.00048123195380173246,2.6195000000000004,1.798475621935081,0.0,0.20929496446204812,1
x_aq_ifu_top/x_aq_ifu_pred/x_aq_ifu_bht/x_aq_ifu_bht_array/x_aq_spsram_1024x16/x_aq_f_spsram_1024x16/RAM_DIN_VEC[9]/ram_instance/PortAClk,0,0.0,0.0,0.0,0.0,,0
x_aq_ifu_top/x_aq_ifu_pred/x_aq_ifu_bht/x_aq_ifu_bht_array/x_aq_spsram_1024x16/x_aq_f_spsram_1024x16/RAM_DIN_VEC[9]/ram_instance/PortAAddr[9:0],1026,0.12343599615014438,1.469275828460039,1.0087637943820766,0.0,0.08140873373072513,9
x_aq_ifu_top/x_aq_ifu_pred/x_aq_ifu_bht/x_aq_ifu_bht_array/x_aq_spsram_1024x16/x_aq_f_spsram_1024x16/RAM_DIN_VEC[9]/ram_instance/PortADataIn[0:0],0,0.0,0.0,0.0,0.0,,0
x_aq_ifu_top/x_aq_ifu_pred/x_aq_ifu_bht/x_aq_ifu_bht_array/x_aq_spsram_1024x16/x_aq_f_spsram_1024x16/RAM_DIN_VEC[9]/ram_instance/PortAWriteEnable,4,0.00048123195380173246,2.6195000000000004,1.798475621935081,0.0,0.20929496446204812,1
x_aq_ifu_top/x_aq_ifu_pred/x_aq_ifu_bht/x_aq_ifu_bht_array/x_aq_spsram_1024x16/x_aq_f_spsram_1024x16/RAM_DIN_VEC[10]/ram_instance/PortAClk,0,0.0,0.0,0.0,0.0,,0
x_aq_ifu_top/x_aq_ifu_pred/x_aq_ifu_bht/x_aq_ifu_bht_array/x_aq_spsram_1024x16/x_aq_f_spsram_1024x16/RAM_DIN_VEC[10]/ram_instance/PortAAddr[9:0],1026,0.12343599615014438,1.469275828460039,1.0087637943820766,0.0,0.08140873373072513,9
x_aq_ifu_top/x_aq_ifu_pred/x_aq_ifu_bht/x_aq_ifu_bht_array/x_aq_spsram_1024x16/x_aq_f_spsram_1024x16/RAM_DIN_VEC[10]/ram_instance/PortADataIn[0:0],0,0.0,0.0,0.0,0.0,,0
x_aq_ifu_top/x_aq_ifu_pred/x_aq_ifu_bht/x_aq_ifu_bht_array/x_aq_spsram_1024x16/x_aq_f_spsram_1024x16/RAM_DIN_VEC[10]/ram_instance/PortAWriteEnable,4,0.00048123195380173246,2.6195000000000004,1.798475621935081,0.0,0.20929496446204812,1
x_aq_ifu_top/x_aq_ifu_pred/x_aq_ifu_bht/x_aq_ifu_bht_array/x_aq_spsram_1024x16/x_aq_f_spsram_1024x16/RAM_DIN_VEC[11]/ram_instance/PortAClk,0,0.0,0.0,0.0,0.0,,0
x_aq_ifu_top/x_aq_ifu_pred/x_aq_ifu_bht/x_aq_ifu_bht_array/x_aq_spsram_1024x16/x_aq_f_spsram_1024x16/RAM_DIN_VEC[11]/ram_instance/PortAAddr[9:0],1026,0.12343599615014438,1.469275828460039,1.0087637943820766,0.0,0.08140873373072513,9
x_aq_ifu_top/x_aq_ifu_pred/x_aq_ifu_bht/x_aq_ifu_bht_array/x_aq_spsram_1024x16/x_aq_f_spsram_1024x16/RAM_DIN_VEC[11]/ram_instance/PortADataIn[0:0],0,0.0,0.0,0.0,0.0,,0
x_aq_ifu_top/x_aq_ifu_pred/x_aq_ifu_bht/x_aq_ifu_bht_array/x_aq_spsram_1024x16/x_aq_f_spsram_1024x16/RAM_DIN_VEC[11]/ram_instance/PortAWriteEnable,4,0.00048123195380173246,2.6195000000000004,1.798475621935081,0.0,0.20929496446204812,1
x_aq_ifu_top/x_aq_ifu_pred/x_aq_ifu_bht/x_aq_ifu_bht_array/x_aq_spsram_1024x16/x_aq_f_spsram_1024x16/RAM_DIN_VEC[12]/ram_instance/PortAClk,0,0.0,0.0,0.0,0.0,,0
x_aq_ifu_top/x_aq_ifu_pred/x_aq_ifu_bht/x_aq_ifu_bht_array/x_aq_spsram_1024x16/x_aq_f_spsram_1024x16/RAM_DIN_VEC[12]/ram_instance/PortAAddr[9:0],1026,0.12343599615014438,1.469275828460039,1.0087637943820766,0.0,0.08140873373072513,9
x_aq_ifu_top/x_aq_ifu_pred/x_aq_ifu_bht/x_aq_ifu_bht_array/x_aq_spsram_1024x16/x_aq_f_spsram_1024x16/RAM_DIN_VEC[12]/ram_instance/PortADataIn[0:0],0,0.0,0.0,0.0,0.0,,0
x_aq_ifu_top/x_aq_ifu_pred/x_aq_ifu_bht/x_aq_ifu_bht_array/x_aq_spsram_1024x16/x_aq_f_spsram_1024x16/RAM_DIN_VEC[12]/ram_instance/PortAWriteEnable,4,0.00048123195380173246,2.6195000000000004,1.798475621935081,0.0,0.20929496446204812,1
x_aq_ifu_top/x_aq_ifu_pred/x_aq_ifu_bht/x_aq_ifu_bht_array/x_aq_spsram_1024x16/x_aq_f_spsram_1024x16/RAM_DIN_VEC[13]/ram_instance/PortAClk,0,0.0,0.0,0.0,0.0,,0
x_aq_ifu_top/x_aq_ifu_pred/x_aq_ifu_bht/x_aq_ifu_bht_array/x_aq_spsram_1024x16/x_aq_f_spsram_1024x16/RAM_DIN_VEC[13]/ram_instance/PortAAddr[9:0],1026,0.12343599615014438,1.469275828460039,1.0087637943820766,0.0,0.08140873373072513,9
x_aq_ifu_top/x_aq_ifu_pred/x_aq_ifu_bht/x_aq_ifu_bht_array/x_aq_spsram_1024x16/x_aq_f_spsram_1024x16/RAM_DIN_VEC[13]/ram_instance/PortADataIn[0:0],0,0.0,0.0,0.0,0.0,,0
x_aq_ifu_top/x_aq_ifu_pred/x_aq_ifu_bht/x_aq_ifu_bht_array/x_aq_spsram_1024x16/x_aq_f_spsram_1024x16/RAM_DIN_VEC[13]/ram_instance/PortAWriteEnable,4,0.00048123195380173246,2.6195000000000004,1.798475621935081,0.0,0.20929496446204812,1
x_aq_ifu_top/x_aq_ifu_pred/x_aq_ifu_bht/x_aq_ifu_bht_array/x_aq_spsram_1024x16/x_aq_f_spsram_1024x16/RAM_DIN_VEC[14]/ram_instance/PortAClk,0,0.0,0.0,0.0,0.0,,0
x_aq_ifu_top/x_aq_ifu_pred/x_aq_ifu_bht/x_aq_ifu_bht_array/x_aq_spsram_1024x16/x_aq_f_spsram_1024x16/RAM_DIN_VEC[14]/ram_instance/PortAAddr[9:0],1026,0.12343599615014438,1.469275828460039,1.0087637943820766,0.0,0.08140873373072513,9
x_aq_ifu_top/x_aq_ifu_pred/x_aq_ifu_bht/x_aq_ifu_bht_array/x_aq_spsram_1024x16/x_aq_f_spsram_1024x16/RAM_DIN_VEC[14]/ram_instance/PortADataIn[0:0],0,0.0,0.0,0.0,0.0,,0
x_aq_ifu_top/x_aq_ifu_pred/x_aq_ifu_bht/x_aq_ifu_bht_array/x_aq_spsram_1024x16/x_aq_f_spsram_1024x16/RAM_DIN_VEC[14]/ram_instance/PortAWriteEnable,4,0.00048123195380173246,2.6195000000000004,1.798475621935081,0.0,0.20929496446204812,1
x_aq_ifu_top/x_aq_ifu_pred/x_aq_ifu_bht/x_aq_ifu_bht_array/x_aq_spsram_1024x16/x_aq_f_spsram_1024x16/RAM_DIN_VEC[15]/ram_instance/PortAClk,0,0.0,0.0,0.0,0.0,,0
x_aq_ifu_top/x_aq_ifu_pred/x_aq_ifu_bht/x_aq_ifu_bht_array/x_aq_spsram_1024x16/x_aq_f_spsram_1024x16/RAM_DIN_VEC[15]/ram_instance/PortAAddr[9:0],1026,0.12343599615014438,1.469275828460039,1.0087637943820766,0.0,0.08140873373072513,9
x_aq_ifu_top/x_aq_ifu_pred/x_aq_ifu_bht/x_aq_ifu_bht_array/x_aq_spsram_1024x16/x_aq_f_spsram_1024x16/RAM_DIN_VEC[15]/ram_instance/PortADataIn[0:0],0,0.0,0.0,0.0,0.0,,0
x_aq_ifu_top/x_aq_ifu_pred/x_aq_ifu_bht/x_aq_ifu_bht_array/x_aq_spsram_1024x16/x_aq_f_spsram_1024x16/RAM_DIN_VEC[15]/ram_instance/PortAWriteEnable,4,0.00048123195380173246,2.6195000000000004,1.798475621935081,0.0,0.20929496446204812,1
x_aq_ifu_top/x_aq_ifu_pred/x_aq_ifu_ras/cp0_ifu_icg_en,0,0.0,0.0,0.0,0.0,,0
x_aq_ifu_top/x_aq_ifu_pred/x_aq_ifu_ras/cp0_yy_clk_en,1,0.00012030798845043312,21.131999999999998,14.508641665482774,1.0,-0.18268400597289075,1
x_aq_ifu_top/x_aq_ifu_pred/x_aq_ifu_ras/cpurst_b,3,0.0003609239653512993,11.372333333333332,7.807926804550378,0.3333333333333333,-0.0221134756398446,1
x_aq_ifu_top/x_aq_ifu_pred/x_aq_ifu_ras/forever_cpuclk,0,0.0,0.0,0.0,0.0,,0
x_aq_ifu_top/x_aq_ifu_pred/x_aq_ifu_ras/iu_ifu_bht_mispred,0,0.0,0.0,0.0,0.0,,0
x_aq_ifu_top/x_aq_ifu_pred/x_aq_ifu_ras/iu_ifu_bht_mispred_gate,0,0.0,0.0,0.0,0.0,,0
x_aq_ifu_top/x_aq_ifu_pred/x_aq_ifu_ras/iu_ifu_link_vld,0,0.0,0.0,0.0,0.0,,0
x_aq_ifu_top/x_aq_ifu_pred/x_aq_ifu_ras/iu_ifu_link_vld_gate,0,0.0,0.0,0.0,0.0,,0
x_aq_ifu_top/x_aq_ifu_pred/x_aq_ifu_ras/iu_ifu_pc_mispred,0,0.0,0.0,0.0,0.0,,0
x_aq_ifu_top/x_aq_ifu_pred/x_aq_ifu_ras/iu_ifu_pc_mispred_gate,0,0.0,0.0,0.0,0.0,,0
x_aq_ifu_top/x_aq_ifu_pred/x_aq_ifu_ras/iu_ifu_ret_vld,0,0.0,0.0,0.0,0.0,,0
x_aq_ifu_top/x_aq_ifu_pred/x_aq_ifu_ras/iu_ifu_ret_vld_gate,0,0.0,0.0,0.0,0.0,,0
x_aq_ifu_top/x_aq_ifu_pred/x_aq_ifu_ras/pad_yy_icg_scan_en,0,0.0,0.0,0.0,0.0,,0
x_aq_ifu_top/x_aq_ifu_pred/x_aq_ifu_ras/pred_ras_link_pc[23:0],333,0.040062560153994224,5.269978138138138,3.6182199692965327,0.15915915915915915,-0.2547432050020935,9
x_aq_ifu_top/x_aq_ifu_pred/x_aq_ifu_ras/pred_ras_link_vld,0,0.0,0.0,0.0,0.0,,0
x_aq_ifu_top/x_aq_ifu_pred/x_aq_ifu_ras/pred_ras_ret_vld,0,0.0,0.0,0.0,0.0,,0
x_aq_ifu_top/x_aq_ifu_pred/x_aq_ifu_ras/ras_cur_st,2,0.00024061597690086623,9.861500000000001,6.770630786681734,1.0,0.038475543135534314,1
x_aq_ifu_top/x_aq_ifu_pred/x_aq_ifu_ras/ras_pred_tar_pc[23:0],4,0.00048123195380173246,4.7585,3.2670533487223063,0.25,-0.23903470665493087,4
x_aq_ifu_top/x_aq_ifu_pred/x_aq_ifu_ras/rtu_ifu_flush_fe,0,0.0,0.0,0.0,0.0,,0
x_aq_ifu_top/x_aq_ifu_pred/x_aq_ifu_ras/entry0_pc[23:0],0,0.0,0.0,0.0,0.0,,0
x_aq_ifu_top/x_aq_ifu_pred/x_aq_ifu_ras/entry0_upd,0,0.0,0.0,0.0,0.0,,0
x_aq_ifu_top/x_aq_ifu_pred/x_aq_ifu_ras/entry1_pc[23:0],0,0.0,0.0,0.0,0.0,,0
x_aq_ifu_top/x_aq_ifu_pred/x_aq_ifu_ras/entry1_upd,0,0.0,0.0,0.0,0.0,,0
x_aq_ifu_top/x_aq_ifu_pred/x_aq_ifu_ras/entry2_pc[23:0],0,0.0,0.0,0.0,0.0,,0
x_aq_ifu_top/x_aq_ifu_pred/x_aq_ifu_ras/entry2_upd,0,0.0,0.0,0.0,0.0,,0
x_aq_ifu_top/x_aq_ifu_pred/x_aq_ifu_ras/entry3_pc[23:0],2,0.00024061597690086623,5.342999999999998,3.6683547425077814,0.0,-0.2504612964298123,4
x_aq_ifu_top/x_aq_ifu_pred/x_aq_ifu_ras/entry3_upd,0,0.0,0.0,0.0,0.0,,0
x_aq_ifu_top/x_aq_ifu_pred/x_aq_ifu_ras/ras_cpuclk,0,0.0,0.0,0.0,0.0,,0
x_aq_ifu_top/x_aq_ifu_pred/x_aq_ifu_ras/ras_icg_en,2,0.00024061597690086623,5.342999999999998,3.6683547425077814,0.0,0.0469056393670327,1
x_aq_ifu_top/x_aq_ifu_pred/x_aq_ifu_ras/ras_upd_pc[23:0],333,0.040062560153994224,5.269978138138138,3.6182199692965327,0.15915915915915915,-0.2547432050020935,9
x_aq_ifu_top/x_aq_ifu_pred/x_aq_ifu_ras/x_aq_ifu_ras_icg_cell/clk_in,0,0.0,0.0,0.0,0.0,,0
x_aq_ifu_top/x_aq_ifu_pred/x_aq_ifu_ras/x_aq_ifu_ras_icg_cell/global_en,1,0.00012030798845043312,21.131999999999998,14.508641665482774,1.0,-0.18268400597289075,1
x_aq_ifu_top/x_aq_ifu_pred/x_aq_ifu_ras/x_aq_ifu_ras_icg_cell/module_en,0,0.0,0.0,0.0,0.0,,0
x_aq_ifu_top/x_aq_ifu_pred/x_aq_ifu_ras/x_aq_ifu_ras_icg_cell/local_en,2,0.00024061597690086623,5.342999999999998,3.6683547425077814,0.0,0.0469056393670327,1
x_aq_ifu_top/x_aq_ifu_pred/x_aq_ifu_ras/x_aq_ifu_ras_icg_cell/external_en,0,0.0,0.0,0.0,0.0,,0
x_aq_ifu_top/x_aq_ifu_pred/x_aq_ifu_ras/x_aq_ifu_ras_icg_cell/pad_yy_icg_scan_en,0,0.0,0.0,0.0,0.0,,0
x_aq_ifu_top/x_aq_ifu_pred/x_aq_ifu_ras/x_aq_ifu_ras_icg_cell/clk_out,0,0.0,0.0,0.0,0.0,,0
x_aq_ifu_top/x_aq_ifu_pred/x_aq_ifu_ras/x_aq_ifu_ras_icg_cell/clk_en_bf_latch,2,0.00024061597690086623,5.342999999999998,3.6683547425077814,0.0,0.0469056393670327,1
x_aq_ifu_top/x_aq_ifu_pred/x_aq_ifu_ras/x_aq_ifu_ras_icg_cell/SE,0,0.0,0.0,0.0,0.0,,0
x_aq_ifu_top/x_aq_ifu_pred/x_aq_ifu_ras/x_aq_ifu_ras_entry0/cp0_ifu_icg_en,0,0.0,0.0,0.0,0.0,,0
x_aq_ifu_top/x_aq_ifu_pred/x_aq_ifu_ras/x_aq_ifu_ras_entry0/cp0_yy_clk_en,1,0.00012030798845043312,21.131999999999998,14.508641665482774,1.0,-0.18268400597289075,1
x_aq_ifu_top/x_aq_ifu_pred/x_aq_ifu_ras/x_aq_ifu_ras_entry0/cpurst_b,3,0.0003609239653512993,11.372333333333332,7.807926804550378,0.3333333333333333,-0.0221134756398446,1
x_aq_ifu_top/x_aq_ifu_pred/x_aq_ifu_ras/x_aq_ifu_ras_entry0/forever_cpuclk,0,0.0,0.0,0.0,0.0,,0
x_aq_ifu_top/x_aq_ifu_pred/x_aq_ifu_ras/x_aq_ifu_ras_entry0/pad_yy_icg_scan_en,0,0.0,0.0,0.0,0.0,,0
x_aq_ifu_top/x_aq_ifu_pred/x_aq_ifu_ras/x_aq_ifu_ras_entry0/ras_entry_pc[23:0],0,0.0,0.0,0.0,0.0,,0
x_aq_ifu_top/x_aq_ifu_pred/x_aq_ifu_ras/x_aq_ifu_ras_entry0/ras_entry_upd,0,0.0,0.0,0.0,0.0,,0
x_aq_ifu_top/x_aq_ifu_pred/x_aq_ifu_ras/x_aq_ifu_ras_entry0/ras_upd_pc[23:0],333,0.040062560153994224,5.269978138138138,3.6182199692965327,0.15915915915915915,-0.2547432050020935,9
x_aq_ifu_top/x_aq_ifu_pred/x_aq_ifu_ras/x_aq_ifu_ras_entry0/entry_clk,0,0.0,0.0,0.0,0.0,,0
x_aq_ifu_top/x_aq_ifu_pred/x_aq_ifu_ras/x_aq_ifu_ras_entry0/entry_clk_en,0,0.0,0.0,0.0,0.0,,0
x_aq_ifu_top/x_aq_ifu_pred/x_aq_ifu_ras/x_aq_ifu_ras_entry0/x_ras_entry_icg_cell/clk_in,0,0.0,0.0,0.0,0.0,,0
x_aq_ifu_top/x_aq_ifu_pred/x_aq_ifu_ras/x_aq_ifu_ras_entry0/x_ras_entry_icg_cell/global_en,1,0.00012030798845043312,21.131999999999998,14.508641665482774,1.0,-0.18268400597289075,1
x_aq_ifu_top/x_aq_ifu_pred/x_aq_ifu_ras/x_aq_ifu_ras_entry0/x_ras_entry_icg_cell/module_en,0,0.0,0.0,0.0,0.0,,0
x_aq_ifu_top/x_aq_ifu_pred/x_aq_ifu_ras/x_aq_ifu_ras_entry0/x_ras_entry_icg_cell/local_en,0,0.0,0.0,0.0,0.0,,0
x_aq_ifu_top/x_aq_ifu_pred/x_aq_ifu_ras/x_aq_ifu_ras_entry0/x_ras_entry_icg_cell/external_en,0,0.0,0.0,0.0,0.0,,0
x_aq_ifu_top/x_aq_ifu_pred/x_aq_ifu_ras/x_aq_ifu_ras_entry0/x_ras_entry_icg_cell/pad_yy_icg_scan_en,0,0.0,0.0,0.0,0.0,,0
x_aq_ifu_top/x_aq_ifu_pred/x_aq_ifu_ras/x_aq_ifu_ras_entry0/x_ras_entry_icg_cell/clk_out,0,0.0,0.0,0.0,0.0,,0
x_aq_ifu_top/x_aq_ifu_pred/x_aq_ifu_ras/x_aq_ifu_ras_entry0/x_ras_entry_icg_cell/clk_en_bf_latch,0,0.0,0.0,0.0,0.0,,0
x_aq_ifu_top/x_aq_ifu_pred/x_aq_ifu_ras/x_aq_ifu_ras_entry0/x_ras_entry_icg_cell/SE,0,0.0,0.0,0.0,0.0,,0
x_aq_ifu_top/x_aq_ifu_pred/x_aq_ifu_ras/x_aq_ifu_ras_entry1/cp0_ifu_icg_en,0,0.0,0.0,0.0,0.0,,0
x_aq_ifu_top/x_aq_ifu_pred/x_aq_ifu_ras/x_aq_ifu_ras_entry1/cp0_yy_clk_en,1,0.00012030798845043312,21.131999999999998,14.508641665482774,1.0,-0.18268400597289075,1
x_aq_ifu_top/x_aq_ifu_pred/x_aq_ifu_ras/x_aq_ifu_ras_entry1/cpurst_b,3,0.0003609239653512993,11.372333333333332,7.807926804550378,0.3333333333333333,-0.0221134756398446,1
x_aq_ifu_top/x_aq_ifu_pred/x_aq_ifu_ras/x_aq_ifu_ras_entry1/forever_cpuclk,0,0.0,0.0,0.0,0.0,,0
x_aq_ifu_top/x_aq_ifu_pred/x_aq_ifu_ras/x_aq_ifu_ras_entry1/pad_yy_icg_scan_en,0,0.0,0.0,0.0,0.0,,0
x_aq_ifu_top/x_aq_ifu_pred/x_aq_ifu_ras/x_aq_ifu_ras_entry1/ras_entry_pc[23:0],0,0.0,0.0,0.0,0.0,,0
x_aq_ifu_top/x_aq_ifu_pred/x_aq_ifu_ras/x_aq_ifu_ras_entry1/ras_entry_upd,0,0.0,0.0,0.0,0.0,,0
x_aq_ifu_top/x_aq_ifu_pred/x_aq_ifu_ras/x_aq_ifu_ras_entry1/ras_upd_pc[23:0],333,0.040062560153994224,5.269978138138138,3.6182199692965327,0.15915915915915915,-0.2547432050020935,9
x_aq_ifu_top/x_aq_ifu_pred/x_aq_ifu_ras/x_aq_ifu_ras_entry1/entry_clk,0,0.0,0.0,0.0,0.0,,0
x_aq_ifu_top/x_aq_ifu_pred/x_aq_ifu_ras/x_aq_ifu_ras_entry1/entry_clk_en,0,0.0,0.0,0.0,0.0,,0
x_aq_ifu_top/x_aq_ifu_pred/x_aq_ifu_ras/x_aq_ifu_ras_entry1/x_ras_entry_icg_cell/clk_in,0,0.0,0.0,0.0,0.0,,0
x_aq_ifu_top/x_aq_ifu_pred/x_aq_ifu_ras/x_aq_ifu_ras_entry1/x_ras_entry_icg_cell/global_en,1,0.00012030798845043312,21.131999999999998,14.508641665482774,1.0,-0.18268400597289075,1
x_aq_ifu_top/x_aq_ifu_pred/x_aq_ifu_ras/x_aq_ifu_ras_entry1/x_ras_entry_icg_cell/module_en,0,0.0,0.0,0.0,0.0,,0
x_aq_ifu_top/x_aq_ifu_pred/x_aq_ifu_ras/x_aq_ifu_ras_entry1/x_ras_entry_icg_cell/local_en,0,0.0,0.0,0.0,0.0,,0
x_aq_ifu_top/x_aq_ifu_pred/x_aq_ifu_ras/x_aq_ifu_ras_entry1/x_ras_entry_icg_cell/external_en,0,0.0,0.0,0.0,0.0,,0
x_aq_ifu_top/x_aq_ifu_pred/x_aq_ifu_ras/x_aq_ifu_ras_entry1/x_ras_entry_icg_cell/pad_yy_icg_scan_en,0,0.0,0.0,0.0,0.0,,0
x_aq_ifu_top/x_aq_ifu_pred/x_aq_ifu_ras/x_aq_ifu_ras_entry1/x_ras_entry_icg_cell/clk_out,0,0.0,0.0,0.0,0.0,,0
x_aq_ifu_top/x_aq_ifu_pred/x_aq_ifu_ras/x_aq_ifu_ras_entry1/x_ras_entry_icg_cell/clk_en_bf_latch,0,0.0,0.0,0.0,0.0,,0
x_aq_ifu_top/x_aq_ifu_pred/x_aq_ifu_ras/x_aq_ifu_ras_entry1/x_ras_entry_icg_cell/SE,0,0.0,0.0,0.0,0.0,,0
x_aq_ifu_top/x_aq_ifu_pred/x_aq_ifu_ras/x_aq_ifu_ras_entry2/cp0_ifu_icg_en,0,0.0,0.0,0.0,0.0,,0
x_aq_ifu_top/x_aq_ifu_pred/x_aq_ifu_ras/x_aq_ifu_ras_entry2/cp0_yy_clk_en,1,0.00012030798845043312,21.131999999999998,14.508641665482774,1.0,-0.18268400597289075,1
x_aq_ifu_top/x_aq_ifu_pred/x_aq_ifu_ras/x_aq_ifu_ras_entry2/cpurst_b,3,0.0003609239653512993,11.372333333333332,7.807926804550378,0.3333333333333333,-0.0221134756398446,1
x_aq_ifu_top/x_aq_ifu_pred/x_aq_ifu_ras/x_aq_ifu_ras_entry2/forever_cpuclk,0,0.0,0.0,0.0,0.0,,0
x_aq_ifu_top/x_aq_ifu_pred/x_aq_ifu_ras/x_aq_ifu_ras_entry2/pad_yy_icg_scan_en,0,0.0,0.0,0.0,0.0,,0
x_aq_ifu_top/x_aq_ifu_pred/x_aq_ifu_ras/x_aq_ifu_ras_entry2/ras_entry_pc[23:0],0,0.0,0.0,0.0,0.0,,0
x_aq_ifu_top/x_aq_ifu_pred/x_aq_ifu_ras/x_aq_ifu_ras_entry2/ras_entry_upd,0,0.0,0.0,0.0,0.0,,0
x_aq_ifu_top/x_aq_ifu_pred/x_aq_ifu_ras/x_aq_ifu_ras_entry2/ras_upd_pc[23:0],333,0.040062560153994224,5.269978138138138,3.6182199692965327,0.15915915915915915,-0.2547432050020935,9
x_aq_ifu_top/x_aq_ifu_pred/x_aq_ifu_ras/x_aq_ifu_ras_entry2/entry_clk,0,0.0,0.0,0.0,0.0,,0
x_aq_ifu_top/x_aq_ifu_pred/x_aq_ifu_ras/x_aq_ifu_ras_entry2/entry_clk_en,0,0.0,0.0,0.0,0.0,,0
x_aq_ifu_top/x_aq_ifu_pred/x_aq_ifu_ras/x_aq_ifu_ras_entry2/x_ras_entry_icg_cell/clk_in,0,0.0,0.0,0.0,0.0,,0
x_aq_ifu_top/x_aq_ifu_pred/x_aq_ifu_ras/x_aq_ifu_ras_entry2/x_ras_entry_icg_cell/global_en,1,0.00012030798845043312,21.131999999999998,14.508641665482774,1.0,-0.18268400597289075,1
x_aq_ifu_top/x_aq_ifu_pred/x_aq_ifu_ras/x_aq_ifu_ras_entry2/x_ras_entry_icg_cell/module_en,0,0.0,0.0,0.0,0.0,,0
x_aq_ifu_top/x_aq_ifu_pred/x_aq_ifu_ras/x_aq_ifu_ras_entry2/x_ras_entry_icg_cell/local_en,0,0.0,0.0,0.0,0.0,,0
x_aq_ifu_top/x_aq_ifu_pred/x_aq_ifu_ras/x_aq_ifu_ras_entry2/x_ras_entry_icg_cell/external_en,0,0.0,0.0,0.0,0.0,,0
x_aq_ifu_top/x_aq_ifu_pred/x_aq_ifu_ras/x_aq_ifu_ras_entry2/x_ras_entry_icg_cell/pad_yy_icg_scan_en,0,0.0,0.0,0.0,0.0,,0
x_aq_ifu_top/x_aq_ifu_pred/x_aq_ifu_ras/x_aq_ifu_ras_entry2/x_ras_entry_icg_cell/clk_out,0,0.0,0.0,0.0,0.0,,0
x_aq_ifu_top/x_aq_ifu_pred/x_aq_ifu_ras/x_aq_ifu_ras_entry2/x_ras_entry_icg_cell/clk_en_bf_latch,0,0.0,0.0,0.0,0.0,,0
x_aq_ifu_top/x_aq_ifu_pred/x_aq_ifu_ras/x_aq_ifu_ras_entry2/x_ras_entry_icg_cell/SE,0,0.0,0.0,0.0,0.0,,0
x_aq_ifu_top/x_aq_ifu_pred/x_aq_ifu_ras/x_aq_ifu_ras_entry3/cp0_ifu_icg_en,0,0.0,0.0,0.0,0.0,,0
x_aq_ifu_top/x_aq_ifu_pred/x_aq_ifu_ras/x_aq_ifu_ras_entry3/cp0_yy_clk_en,1,0.00012030798845043312,21.131999999999998,14.508641665482774,1.0,-0.18268400597289075,1
x_aq_ifu_top/x_aq_ifu_pred/x_aq_ifu_ras/x_aq_ifu_ras_entry3/cpurst_b,3,0.0003609239653512993,11.372333333333332,7.807926804550378,0.3333333333333333,-0.0221134756398446,1
x_aq_ifu_top/x_aq_ifu_pred/x_aq_ifu_ras/x_aq_ifu_ras_entry3/forever_cpuclk,0,0.0,0.0,0.0,0.0,,0
x_aq_ifu_top/x_aq_ifu_pred/x_aq_ifu_ras/x_aq_ifu_ras_entry3/pad_yy_icg_scan_en,0,0.0,0.0,0.0,0.0,,0
x_aq_ifu_top/x_aq_ifu_pred/x_aq_ifu_ras/x_aq_ifu_ras_entry3/ras_entry_pc[23:0],2,0.00024061597690086623,5.342999999999998,3.6683547425077814,0.0,-0.2504612964298123,4
x_aq_ifu_top/x_aq_ifu_pred/x_aq_ifu_ras/x_aq_ifu_ras_entry3/ras_entry_upd,0,0.0,0.0,0.0,0.0,,0
x_aq_ifu_top/x_aq_ifu_pred/x_aq_ifu_ras/x_aq_ifu_ras_entry3/ras_upd_pc[23:0],333,0.040062560153994224,5.269978138138138,3.6182199692965327,0.15915915915915915,-0.2547432050020935,9
x_aq_ifu_top/x_aq_ifu_pred/x_aq_ifu_ras/x_aq_ifu_ras_entry3/entry_clk,0,0.0,0.0,0.0,0.0,,0
x_aq_ifu_top/x_aq_ifu_pred/x_aq_ifu_ras/x_aq_ifu_ras_entry3/entry_clk_en,0,0.0,0.0,0.0,0.0,,0
x_aq_ifu_top/x_aq_ifu_pred/x_aq_ifu_ras/x_aq_ifu_ras_entry3/x_ras_entry_icg_cell/clk_in,0,0.0,0.0,0.0,0.0,,0
x_aq_ifu_top/x_aq_ifu_pred/x_aq_ifu_ras/x_aq_ifu_ras_entry3/x_ras_entry_icg_cell/global_en,1,0.00012030798845043312,21.131999999999998,14.508641665482774,1.0,-0.18268400597289075,1
x_aq_ifu_top/x_aq_ifu_pred/x_aq_ifu_ras/x_aq_ifu_ras_entry3/x_ras_entry_icg_cell/module_en,0,0.0,0.0,0.0,0.0,,0
x_aq_ifu_top/x_aq_ifu_pred/x_aq_ifu_ras/x_aq_ifu_ras_entry3/x_ras_entry_icg_cell/local_en,0,0.0,0.0,0.0,0.0,,0
x_aq_ifu_top/x_aq_ifu_pred/x_aq_ifu_ras/x_aq_ifu_ras_entry3/x_ras_entry_icg_cell/external_en,0,0.0,0.0,0.0,0.0,,0
x_aq_ifu_top/x_aq_ifu_pred/x_aq_ifu_ras/x_aq_ifu_ras_entry3/x_ras_entry_icg_cell/pad_yy_icg_scan_en,0,0.0,0.0,0.0,0.0,,0
x_aq_ifu_top/x_aq_ifu_pred/x_aq_ifu_ras/x_aq_ifu_ras_entry3/x_ras_entry_icg_cell/clk_out,0,0.0,0.0,0.0,0.0,,0
x_aq_ifu_top/x_aq_ifu_pred/x_aq_ifu_ras/x_aq_ifu_ras_entry3/x_ras_entry_icg_cell/clk_en_bf_latch,0,0.0,0.0,0.0,0.0,,0
x_aq_ifu_top/x_aq_ifu_pred/x_aq_ifu_ras/x_aq_ifu_ras_entry3/x_ras_entry_icg_cell/SE,0,0.0,0.0,0.0,0.0,,0
x_aq_ifu_top/x_aq_ifu_vec/cp0_ifu_icg_en,0,0.0,0.0,0.0,0.0,,0
x_aq_ifu_top/x_aq_ifu_vec/cp0_ifu_rst_inv_done,31,0.0037295476419634266,3.3836070967741936,2.323090237738088,0.06451612903225806,0.14645272967189196,1
x_aq_ifu_top/x_aq_ifu_vec/cp0_yy_clk_en,1,0.00012030798845043312,21.131999999999998,14.508641665482774,1.0,-0.18268400597289075,1
x_aq_ifu_top/x_aq_ifu_vec/cpurst_b,3,0.0003609239653512993,11.372333333333332,7.807926804550378,0.3333333333333333,-0.0221134756398446,1
x_aq_ifu_top/x_aq_ifu_vec/dtu_ifu_halt_on_reset,0,0.0,0.0,0.0,0.0,,0
x_aq_ifu_top/x_aq_ifu_vec/forever_cpuclk,0,0.0,0.0,0.0,0.0,,0
x_aq_ifu_top/x_aq_ifu_vec/ifu_cp0_rst_inv_req,2,0.00024061597690086623,10.800999999999998,7.415665276778318,0.5,-0.01630321596436471,1
x_aq_ifu_top/x_aq_ifu_vec/ifu_cp0_warm_up,2,0.00024061597690086623,1.3300000000000005,0.9131408960388083,0.0,-0.01592101581298485,1
x_aq_ifu_top/x_aq_ifu_vec/ifu_idu_warm_up,2,0.00024061597690086623,1.3300000000000005,0.9131408960388083,0.0,-0.01592101581298485,1
x_aq_ifu_top/x_aq_ifu_vec/ifu_iu_reset_vld,2,0.00024061597690086623,11.461999999999998,7.869489436388583,0.5,0.12033575496447221,1
x_aq_ifu_top/x_aq_ifu_vec/ifu_iu_warm_up,2,0.00024061597690086623,1.3300000000000005,0.9131408960388083,0.0,-0.01592101581298485,1
x_aq_ifu_top/x_aq_ifu_vec/ifu_lsu_warm_up,2,0.00024061597690086623,1.3300000000000005,0.9131408960388083,0.0,-0.01592101581298485,1
x_aq_ifu_top/x_aq_ifu_vec/ifu_rtu_reset_halt_req,0,0.0,0.0,0.0,0.0,,0
x_aq_ifu_top/x_aq_ifu_vec/ifu_rtu_warm_up,2,0.00024061597690086623,1.3300000000000005,0.9131408960388083,0.0,-0.01592101581298485,1
x_aq_ifu_top/x_aq_ifu_vec/ifu_vidu_warm_up,2,0.00024061597690086623,1.3300000000000005,0.9131408960388083,0.0,-0.01592101581298485,1
x_aq_ifu_top/x_aq_ifu_vec/ifu_vpu_warm_up,2,0.00024061597690086623,1.3300000000000005,0.9131408960388083,0.0,-0.01592101581298485,1
x_aq_ifu_top/x_aq_ifu_vec/pad_yy_icg_scan_en,0,0.0,0.0,0.0,0.0,,0
x_aq_ifu_top/x_aq_ifu_vec/rtu_yy_xx_dbgon,0,0.0,0.0,0.0,0.0,,0
x_aq_ifu_top/x_aq_ifu_vec/vec_ctrl_reset_mask,2,0.00024061597690086623,11.2365,7.7146674273233575,0.5,0.1185252577644605,1
x_aq_ifu_top/x_aq_ifu_vec/vec_ibuf_warm_up,0,0.0,0.0,0.0,0.0,,0
x_aq_ifu_top/x_aq_ifu_vec/vec_pcgen_idle,1,0.00012030798845043312,11.921,8.184626031337315,0.0,-0.13668580272732608,1
x_aq_ifu_top/x_aq_ifu_vec/vec_pcgen_rst_vld,2,0.00024061597690086623,10.800999999999998,7.415665276778318,0.5,-0.01630321596436471,1
x_aq_ifu_top/x_aq_ifu_vec/vec_top_cur_st[1:0],5,0.0006015399422521655,7.5009999999999994,5.149977339238419,0.2,0.11157075150462756,2
x_aq_ifu_top/x_aq_ifu_vec/vec_rst_inv_req,2,0.00024061597690086623,10.800999999999998,7.415665276778318,0.5,-0.01630321596436471,1
x_aq_ifu_top/x_aq_ifu_vec/vec_sm_clk,0,0.0,0.0,0.0,0.0,,0
x_aq_ifu_top/x_aq_ifu_vec/vec_sm_clk_en,2,0.00024061597690086623,16.5265,11.346633848410043,0.5,0.11816441167699124,1
x_aq_ifu_top/x_aq_ifu_vec/vec_sm_halt,0,0.0,0.0,0.0,0.0,,0
x_aq_ifu_top/x_aq_ifu_vec/vec_sm_idle,1,0.00012030798845043312,11.921,8.184626031337315,0.0,-0.13668580272732608,1
x_aq_ifu_top/x_aq_ifu_vec/vec_sm_reset,2,0.00024061597690086623,11.461999999999998,7.869489436388583,0.5,0.12033575496447221,1
x_aq_ifu_top/x_aq_ifu_vec/vec_sm_warm_up,2,0.00024061597690086623,1.3300000000000005,0.9131408960388083,0.0,-0.01592101581298485,1
x_aq_ifu_top/x_aq_ifu_vec/vec_warmup_req,0,0.0,0.0,0.0,0.0,,0
x_aq_ifu_top/x_aq_ifu_vec/warm_up_cnt_done,0,0.0,0.0,0.0,0.0,,0
x_aq_ifu_top/x_aq_ifu_vec/x_ifu_vec_sm_clk/clk_in,0,0.0,0.0,0.0,0.0,,0
x_aq_ifu_top/x_aq_ifu_vec/x_ifu_vec_sm_clk/global_en,1,0.00012030798845043312,21.131999999999998,14.508641665482774,1.0,-0.18268400597289075,1
x_aq_ifu_top/x_aq_ifu_vec/x_ifu_vec_sm_clk/module_en,0,0.0,0.0,0.0,0.0,,0
x_aq_ifu_top/x_aq_ifu_vec/x_ifu_vec_sm_clk/local_en,2,0.00024061597690086623,16.5265,11.346633848410043,0.5,0.11816441167699124,1
x_aq_ifu_top/x_aq_ifu_vec/x_ifu_vec_sm_clk/external_en,0,0.0,0.0,0.0,0.0,,0
x_aq_ifu_top/x_aq_ifu_vec/x_ifu_vec_sm_clk/pad_yy_icg_scan_en,0,0.0,0.0,0.0,0.0,,0
x_aq_ifu_top/x_aq_ifu_vec/x_ifu_vec_sm_clk/clk_out,0,0.0,0.0,0.0,0.0,,0
x_aq_ifu_top/x_aq_ifu_vec/x_ifu_vec_sm_clk/clk_en_bf_latch,2,0.00024061597690086623,16.5265,11.346633848410043,0.5,0.11816441167699124,1
x_aq_ifu_top/x_aq_ifu_vec/x_ifu_vec_sm_clk/SE,0,0.0,0.0,0.0,0.0,,0
